OWNER,TABLE_NAME,TABLESPACE_NAME,NUM_ROWS,BLOCKS,PARTITIONED,TEMPORARY,IOT_TYPE,LAST_ANALYZED
APPQOSSYS,WLM_CLASSIFIER_PLAN,SYSAUX,0,0,NO,N,,2021-09-28 06:17:29
APPQOSSYS,WLM_FEATURE_USAGE,SYSAUX,0,0,NO,N,,2021-09-28 06:17:30
APPQOSSYS,WLM_METRICS_STREAM,SYSAUX,0,0,NO,N,,2021-09-28 06:17:30
APPQOSSYS,WLM_MPA_STREAM,SYSAUX,0,0,NO,N,,2021-09-28 06:17:30
APPQOSSYS,WLM_VIOLATION_STREAM,SYSAUX,0,0,NO,N,,2021-09-28 06:17:30
AUDSYS,AUD$UNIFIED,,0,0,YES,N,,2021-09-28 06:17:31
CTXSYS,DR$ACTIVELOGS,SYSAUX,0,0,NO,N,,2021-09-28 07:01:39
CTXSYS,DR$AUTOOPT,SYSAUX,0,0,NO,N,,2021-09-28 07:01:39
CTXSYS,DR$CLASS,SYSAUX,13,5,NO,N,,2021-09-28 07:01:39
CTXSYS,DR$DBO,,402,,NO,N,IOT,2021-09-28 07:01:39
CTXSYS,DR$DELETE,,0,,NO,N,IOT,2021-09-28 07:01:39
CTXSYS,DR$DICTIONARY,SYSAUX,0,0,NO,N,,2021-09-28 07:01:39
CTXSYS,DR$FEATURE_USED,SYSAUX,0,0,NO,N,,2021-09-28 07:01:40
CTXSYS,DR$FREQTOKS,SYSAUX,0,0,NO,N,,2021-09-28 07:01:40
CTXSYS,DR$IDX_DICTIONARIES,SYSAUX,0,0,NO,N,,2021-09-28 07:01:40
CTXSYS,DR$INDEX,SYSAUX,3,5,NO,N,,2021-09-28 07:01:40
CTXSYS,DR$INDEX_CDI_COLUMN,,0,,NO,N,IOT,2021-09-28 07:01:40
CTXSYS,DR$INDEX_ERROR,SYSAUX,0,0,NO,N,,2021-09-28 07:01:40
CTXSYS,DR$INDEX_OBJECT,,27,,NO,N,IOT,2021-09-28 07:01:40
CTXSYS,DR$INDEX_PARTITION,SYSAUX,0,0,NO,N,,2021-09-28 07:01:40
CTXSYS,DR$INDEX_SET,SYSAUX,1,5,NO,N,,2021-09-28 07:01:40
CTXSYS,DR$INDEX_SET_INDEX,SYSAUX,0,0,NO,N,,2021-09-28 07:01:40
CTXSYS,DR$INDEX_VALUE,SYSAUX,6,5,NO,N,,2021-09-28 07:01:40
CTXSYS,DR$NUMBER_SEQUENCE,SYSAUX,2048,5,NO,N,,2021-09-28 07:01:41
CTXSYS,DR$NVTAB,SYSAUX,0,0,NO,N,,2021-09-28 07:01:41
CTXSYS,DR$OBJECT,SYSAUX,56,5,NO,N,,2021-09-28 07:01:41
CTXSYS,DR$OBJECT_ATTRIBUTE,SYSAUX,502,13,NO,N,,2021-09-28 07:01:41
CTXSYS,DR$OBJECT_ATTRIBUTE_LOV,SYSAUX,172,5,NO,N,,2021-09-28 07:01:41
CTXSYS,DR$ONLINE_PENDING,,0,,NO,N,IOT,2021-09-28 07:01:41
CTXSYS,DR$PARALLEL,,0,,NO,N,IOT,2021-09-28 07:01:41
CTXSYS,DR$PARAMETER,,33,,NO,N,IOT,2021-09-28 07:01:41
CTXSYS,DR$PENDING,,0,,NO,N,IOT,2021-09-28 07:01:41
CTXSYS,DR$POLICY_TAB,SYSAUX,0,0,NO,N,,2021-09-28 07:01:41
CTXSYS,DR$PREFERENCE,SYSAUX,47,5,NO,N,,2021-09-28 07:01:41
CTXSYS,DR$PREFERENCE_VALUE,SYSAUX,52,5,NO,N,,2021-09-28 07:01:42
CTXSYS,DR$SDATA_UPDATE,,0,,NO,N,IOT,2021-09-28 07:01:42
CTXSYS,DR$SECTION,SYSAUX,6,5,NO,N,,2021-09-28 07:01:42
CTXSYS,DR$SECTION_ATTRIBUTE,,36,,NO,N,IOT,2021-09-28 07:01:42
CTXSYS,DR$SECTION_GROUP,SYSAUX,10,5,NO,N,,2021-09-28 07:01:42
CTXSYS,DR$SECTION_GROUP_ATTRIBUTE,SYSAUX,7,5,NO,N,,2021-09-28 07:01:42
CTXSYS,DR$SLOWQRYS,SYSAUX,0,0,NO,N,,2021-09-28 07:01:42
CTXSYS,DR$SQE,,0,,NO,N,IOT,2021-09-28 07:01:42
CTXSYS,DR$STATS,SYSAUX,0,0,NO,N,,2021-09-28 07:01:42
CTXSYS,DR$STOPLIST,SYSAUX,1,5,NO,N,,2021-09-28 07:01:42
CTXSYS,DR$STOPWORD,,0,,NO,N,IOT,2021-09-28 07:01:42
CTXSYS,DR$SUB_LEXER,SYSAUX,0,0,NO,N,,2021-09-28 07:01:43
CTXSYS,DR$THS,SYSAUX,0,0,NO,N,,2021-09-28 07:01:43
CTXSYS,DR$THS_BT,SYSAUX,0,0,NO,N,,2021-09-28 07:01:43
CTXSYS,DR$THS_FPHRASE,,0,,NO,N,IOT,2021-09-28 07:01:43
CTXSYS,DR$THS_PHRASE,SYSAUX,0,0,NO,N,,2021-09-28 07:01:43
CTXSYS,DR$TREE,,0,,NO,N,IOT,2021-09-28 07:01:43
CTXSYS,DR$UNINDEXED,,0,,NO,N,IOT,2021-09-28 07:01:43
CTXSYS,DR$USER_EXTRACT_ENTDICT,SYSAUX,0,0,NO,N,,2021-09-28 07:01:43
CTXSYS,DR$USER_EXTRACT_RULE,SYSAUX,0,0,NO,N,,2021-09-28 07:01:43
CTXSYS,DR$USER_EXTRACT_STOP_ENTITY,SYSAUX,0,0,NO,N,,2021-09-28 07:01:43
CTXSYS,DR$USER_EXTRACT_TKDICT,SYSAUX,0,0,NO,N,,2021-09-28 07:01:43
CTXSYS,DR$USER_EXTRACT_TYPE,SYSAUX,0,0,NO,N,,2021-09-28 07:01:43
CTXSYS,DR$WAITING,,0,,NO,N,IOT,2021-09-28 07:01:43
CTXSYS,SYS_IOT_OVER_64647,SYSAUX,0,0,NO,N,IOT_OVERFLOW,2021-09-28 07:01:42
CTXSYS,SYS_IOT_OVER_64699,SYSAUX,0,0,NO,N,IOT_OVERFLOW,2021-09-28 07:01:41
DBSFWUSER,ACL$_OBJ,SYSAUX,0,0,NO,N,,2021-09-28 06:17:34
DBSFWUSER,EXADIRECT_ACL,SYSAUX,0,0,NO,N,,2021-09-28 06:17:35
DBSFWUSER,IP_ACL,SYSAUX,0,0,NO,N,,2021-09-28 06:17:35
DBSNMP,BSLN_BASELINES,SYSAUX,0,0,NO,N,,2021-09-28 06:17:36
DBSNMP,BSLN_METRIC_DEFAULTS,SYSAUX,49,5,NO,N,,2021-09-28 06:17:36
DBSNMP,BSLN_STATISTICS,SYSAUX,0,0,NO,N,,2021-09-28 06:17:38
DBSNMP,BSLN_THRESHOLD_PARAMS,SYSAUX,0,0,NO,N,,2021-09-28 06:17:38
DBSNMP,BSLN_TIMEGROUPS,,168,,NO,N,IOT,2021-09-28 06:17:38
DBSNMP,MGMT_BASELINE,SYSAUX,0,0,NO,N,,2021-09-28 06:17:38
DBSNMP,MGMT_BASELINE_SQL,SYSAUX,0,0,NO,N,,2021-09-28 06:17:38
DBSNMP,MGMT_CAPTURE,SYSAUX,0,0,NO,N,,2021-09-28 06:17:38
DBSNMP,MGMT_CAPTURE_SQL,SYSAUX,0,0,NO,N,,2021-09-28 06:17:38
DBSNMP,MGMT_DB_FEATURE_LOG,SYSAUX,0,0,NO,N,,2021-09-28 06:17:38
DBSNMP,MGMT_DB_FILE_GTT,,,,NO,Y,,
DBSNMP,MGMT_DB_SIZE_GTT,,,,NO,Y,,
DBSNMP,MGMT_HISTORY,SYSAUX,0,0,NO,N,,2021-09-28 06:17:38
DBSNMP,MGMT_HISTORY_SQL,SYSAUX,0,0,NO,N,,2021-09-28 06:17:39
DBSNMP,MGMT_LATEST,SYSAUX,0,0,NO,N,,2021-09-28 06:17:39
DBSNMP,MGMT_LATEST_SQL,SYSAUX,0,0,NO,N,,2021-09-28 06:17:39
DBSNMP,MGMT_RESPONSE_CONFIG,SYSAUX,0,0,NO,N,,2021-09-28 06:17:39
DBSNMP,MGMT_SNAPSHOT,SYSAUX,0,0,NO,N,,2021-09-28 06:17:39
DBSNMP,MGMT_SNAPSHOT_SQL,SYSAUX,0,0,NO,N,,2021-09-28 06:17:39
DBSNMP,MGMT_TEMPT_SQL,,,,NO,Y,,
DVSYS,AUDIT_TRAIL$,SYSAUX,0,0,NO,N,,2021-09-28 07:44:36
DVSYS,CODE$,SYSAUX,357,5,NO,N,,2021-09-28 07:44:37
DVSYS,CODE_T$,SYSAUX,357,5,NO,N,,2021-09-28 07:44:38
DVSYS,CODE_T$_TEMP,SYSAUX,0,0,NO,N,,2021-09-28 07:44:38
DVSYS,COMMAND_RULE$,SYSAUX,22,5,NO,N,,2021-09-28 07:44:38
DVSYS,COMMAND_RULE_ID_TAB,SYSAUX,0,0,NO,N,,2021-09-28 07:44:38
DVSYS,CONFIG$,SYSAUX,1,5,NO,N,,2021-09-28 07:44:38
DVSYS,DV_AUTH$,SYSAUX,2,5,NO,N,,2021-09-28 07:44:38
DVSYS,DV$CMDCONTEXT,,,,NO,Y,,
DVSYS,ENFORCE$,SYSAUX,1,5,NO,N,,2021-09-28 07:44:38
DVSYS,FACTOR$,SYSAUX,20,5,NO,N,,2021-09-28 07:44:38
DVSYS,FACTOR_LINK$,SYSAUX,3,5,NO,N,,2021-09-28 07:44:38
DVSYS,FACTOR_T$,SYSAUX,20,5,NO,N,,2021-09-28 07:44:39
DVSYS,FACTOR_T$_TEMP,SYSAUX,0,0,NO,N,,2021-09-28 07:44:39
DVSYS,FACTOR_TYPE$,SYSAUX,11,5,NO,N,,2021-09-28 07:44:39
DVSYS,FACTOR_TYPE_T$,SYSAUX,11,5,NO,N,,2021-09-28 07:44:39
DVSYS,FACTOR_TYPE_T$_TEMP,SYSAUX,0,0,NO,N,,2021-09-28 07:44:39
DVSYS,IDENTITY$,SYSAUX,19,5,NO,N,,2021-09-28 07:44:39
DVSYS,IDENTITY_MAP$,SYSAUX,0,0,NO,N,,2021-09-28 07:44:39
DVSYS,MAC_POLICY$,SYSAUX,0,0,NO,N,,2021-09-28 07:44:39
DVSYS,MAC_POLICY_FACTOR$,SYSAUX,0,0,NO,N,,2021-09-28 07:44:40
DVSYS,POLICY$,SYSAUX,2,5,NO,N,,2021-09-28 07:44:40
DVSYS,POLICY_LABEL$,SYSAUX,0,0,NO,N,,2021-09-28 07:44:40
DVSYS,POLICY_OBJECT$,SYSAUX,24,5,NO,N,,2021-09-28 07:44:40
DVSYS,POLICY_OWNER$,SYSAUX,0,0,NO,N,,2021-09-28 07:44:40
DVSYS,POLICY_T$,SYSAUX,2,5,NO,N,,2021-09-28 07:44:40
DVSYS,POLICY_T$_TEMP,SYSAUX,0,0,NO,N,,2021-09-28 07:44:40
DVSYS,REALM$,SYSAUX,6,5,NO,N,,2021-09-28 07:44:40
DVSYS,REALM_AUTH$,SYSAUX,14,5,NO,N,,2021-09-28 07:44:40
DVSYS,REALM_ID_TAB,SYSAUX,0,0,NO,N,,2021-09-28 07:44:41
DVSYS,REALM_OBJECT$,SYSAUX,194,5,NO,N,,2021-09-28 07:44:41
DVSYS,REALM_T$,SYSAUX,6,5,NO,N,,2021-09-28 07:44:41
DVSYS,REALM_T$_TEMP,SYSAUX,0,0,NO,N,,2021-09-28 07:44:41
DVSYS,ROLE$,SYSAUX,0,0,NO,N,,2021-09-28 07:44:41
DVSYS,RULE$,SYSAUX,28,5,NO,N,,2021-09-28 07:44:42
DVSYS,RULE_SET$,SYSAUX,15,5,NO,N,,2021-09-28 07:44:42
DVSYS,RULE_SET_ID_TAB,SYSAUX,0,0,NO,N,,2021-09-28 07:44:42
DVSYS,RULE_SET_RULE$,SYSAUX,18,5,NO,N,,2021-09-28 07:44:42
DVSYS,RULE_SET_T$,SYSAUX,17,5,NO,N,,2021-09-28 07:44:42
DVSYS,RULE_SET_T$_TEMP,SYSAUX,0,0,NO,N,,2021-09-28 07:44:42
DVSYS,RULE_T$,SYSAUX,38,5,NO,N,,2021-09-28 07:44:42
DVSYS,RULE_T$_TEMP,SYSAUX,0,0,NO,N,,2021-09-28 07:44:42
DVSYS,SIMULATION_LOG$,SYSAUX,0,0,NO,N,,2021-09-28 07:44:42
DVSYS,STATUS$,SYSAUX,0,0,NO,N,,2021-09-28 07:44:43
GSMADMIN_INTERNAL,ALL_CHUNKS,SYSAUX,0,0,NO,N,,2021-09-28 06:17:40
GSMADMIN_INTERNAL,AQ$_CHANGE_LOG_QUEUE_TABLE_G,,0,,NO,N,IOT,2021-09-28 06:17:40
GSMADMIN_INTERNAL,AQ$_CHANGE_LOG_QUEUE_TABLE_H,,0,,NO,N,IOT,2021-09-28 06:17:40
GSMADMIN_INTERNAL,AQ$_CHANGE_LOG_QUEUE_TABLE_I,,0,,NO,N,IOT,2021-09-28 06:17:40
GSMADMIN_INTERNAL,AQ$_CHANGE_LOG_QUEUE_TABLE_L,SYSAUX,0,0,NO,N,,2021-09-28 06:17:40
GSMADMIN_INTERNAL,AQ$_CHANGE_LOG_QUEUE_TABLE_S,SYSAUX,1,5,NO,N,,2021-09-28 06:17:40
GSMADMIN_INTERNAL,AQ$_CHANGE_LOG_QUEUE_TABLE_T,,0,,NO,N,IOT,2021-09-28 06:17:40
GSMADMIN_INTERNAL,BACKUP_CONFIG_INFO,SYSAUX,0,0,NO,N,,2021-09-28 06:17:41
GSMADMIN_INTERNAL,BROKER_CONFIGS,SYSAUX,0,0,NO,N,,2021-09-28 06:17:41
GSMADMIN_INTERNAL,CATALOG_REQUESTS,SYSAUX,0,0,NO,N,,2021-09-28 06:17:41
GSMADMIN_INTERNAL,CHANGE_LOG_QUEUE_TABLE,SYSAUX,,,NO,N,,
GSMADMIN_INTERNAL,CHUNKDATA_TMP,,,,NO,Y,,
GSMADMIN_INTERNAL,CHUNK_LOC,SYSAUX,0,0,NO,N,,2021-09-28 06:17:41
GSMADMIN_INTERNAL,CHUNKS,SYSAUX,0,0,NO,N,,2021-09-28 06:17:41
GSMADMIN_INTERNAL,CLOUD,SYSAUX,0,0,NO,N,,2021-09-28 06:17:41
GSMADMIN_INTERNAL,CONTAINER_DATABASE,SYSAUX,0,0,NO,N,,2021-09-28 06:17:41
GSMADMIN_INTERNAL,CREDENTIAL,SYSAUX,0,0,NO,N,,2021-09-28 06:17:41
GSMADMIN_INTERNAL,DATABASE,SYSAUX,0,0,NO,N,,2021-09-28 06:17:41
GSMADMIN_INTERNAL,DATABASE_POOL,SYSAUX,0,0,NO,N,,2021-09-28 06:17:41
GSMADMIN_INTERNAL,DATABASE_POOL_ADMIN,SYSAUX,0,0,NO,N,,2021-09-28 06:17:41
GSMADMIN_INTERNAL,DDLID$,SYSAUX,1,5,NO,N,,2021-09-28 06:17:41
GSMADMIN_INTERNAL,FILES,SYSAUX,0,0,NO,N,,2021-09-28 06:17:41
GSMADMIN_INTERNAL,GDSCTL_MESSAGES,SYSAUX,0,0,NO,N,,2021-09-28 06:17:42
GSMADMIN_INTERNAL,GLOBAL_TABLE,SYSAUX,0,0,NO,N,,2021-09-28 06:17:42
GSMADMIN_INTERNAL,GSM,SYSAUX,0,0,NO,N,,2021-09-28 06:17:42
GSMADMIN_INTERNAL,GSM_REQUESTS,SYSAUX,0,0,NO,N,,2021-09-28 06:17:42
GSMADMIN_INTERNAL,HETEROGENEOUS_COLUMNS,SYSAUX,0,0,NO,N,,2021-09-28 06:17:42
GSMADMIN_INTERNAL,MOVE_DATA,SYSAUX,0,0,NO,N,,2021-09-28 06:17:42
GSMADMIN_INTERNAL,PARTITION_SET,SYSAUX,0,0,NO,N,,2021-09-28 06:17:42
GSMADMIN_INTERNAL,REGION,SYSAUX,0,0,NO,N,,2021-09-28 06:17:42
GSMADMIN_INTERNAL,SERVICE,SYSAUX,0,0,NO,N,,2021-09-28 06:17:42
GSMADMIN_INTERNAL,SERVICE_PREFERRED_AVAILABLE,SYSAUX,0,0,NO,N,,2021-09-28 06:17:42
GSMADMIN_INTERNAL,SHARD_GROUP,SYSAUX,0,0,NO,N,,2021-09-28 06:17:42
GSMADMIN_INTERNAL,SHARDKEY_COLUMNS,SYSAUX,0,0,NO,N,,2021-09-28 06:17:42
GSMADMIN_INTERNAL,SHARD_SPACE,SYSAUX,0,0,NO,N,,2021-09-28 06:17:42
GSMADMIN_INTERNAL,SHARD_TS,SYSTEM,0,0,NO,N,,2021-09-28 06:17:42
GSMADMIN_INTERNAL,SHSPACE_NT,SYSAUX,0,0,NO,N,,2021-09-28 06:17:43
GSMADMIN_INTERNAL,SYS_IOT_OVER_22113,SYSAUX,0,0,NO,N,IOT_OVERFLOW,2021-09-28 06:17:40
GSMADMIN_INTERNAL,TABLE_FAMILY,SYSAUX,0,0,NO,N,,2021-09-28 06:17:43
GSMADMIN_INTERNAL,TABLESPACE_SET,SYSAUX,0,0,NO,N,,2021-09-28 06:17:43
GSMADMIN_INTERNAL,TS_SET_TABLE,SYSAUX,0,0,NO,N,,2021-09-28 06:17:43
GSMADMIN_INTERNAL,VERIFY_HISTORY,SYSAUX,0,0,NO,N,,2021-09-28 06:17:43
GSMADMIN_INTERNAL,VNCR,SYSAUX,0,0,NO,N,,2021-09-28 06:17:43
LBACSYS,OLS$AUDIT,SYSTEM,0,0,NO,N,,2021-09-28 07:39:51
LBACSYS,OLS$AUDIT_ACTIONS,SYSTEM,8,1,NO,N,,2021-09-28 07:39:51
LBACSYS,OLS$COMPARTMENTS,SYSTEM,0,0,NO,N,,2021-09-28 07:39:51
LBACSYS,OLS$DIP_DEBUG,SYSTEM,0,0,NO,N,,2021-09-28 07:39:51
LBACSYS,OLS$DIP_EVENTS,SYSTEM,2,1,NO,N,,2021-09-28 07:39:51
LBACSYS,OLS$GROUPS,SYSTEM,0,0,NO,N,,2021-09-28 07:39:51
LBACSYS,OLS$INSTALLATIONS,SYSTEM,2,1,NO,N,,2021-09-28 07:39:52
LBACSYS,OLS$LAB,SYSTEM,0,0,NO,N,,2021-09-28 07:39:52
LBACSYS,OLS$LEVELS,SYSTEM,0,0,NO,N,,2021-09-28 07:39:52
LBACSYS,OLS$POL,SYSTEM,0,0,NO,N,,2021-09-28 07:39:52
LBACSYS,OLS$POLICY_ADMIN,SYSTEM,0,0,NO,N,,2021-09-28 07:39:52
LBACSYS,OLS$POLS,SYSTEM,0,0,NO,N,,2021-09-28 07:39:52
LBACSYS,OLS$POLT,SYSTEM,0,0,NO,N,,2021-09-28 07:39:52
LBACSYS,OLS$PROFILE,SYSTEM,0,0,NO,N,,2021-09-28 07:39:52
LBACSYS,OLS$PROFILES,SYSTEM,0,0,NO,N,,2021-09-28 07:39:52
LBACSYS,OLS$PROG,SYSTEM,0,0,NO,N,,2021-09-28 07:39:52
LBACSYS,OLS$PROPS,SYSTEM,5,1,NO,N,,2021-09-28 07:39:52
LBACSYS,OLS$SESSINFO,SYSTEM,0,0,NO,N,,2021-09-28 07:39:52
LBACSYS,OLS$USER,SYSTEM,0,0,NO,N,,2021-09-28 07:39:52
LBACSYS,OLS$USER_COMPARTMENTS,SYSTEM,0,0,NO,N,,2021-09-28 07:39:53
LBACSYS,OLS$USER_GROUPS,SYSTEM,0,0,NO,N,,2021-09-28 07:39:53
LBACSYS,OLS$USER_LEVELS,SYSTEM,0,0,NO,N,,2021-09-28 07:39:53
MDSYS,CSW_SERVICE_INFO,SYSAUX,0,0,NO,N,,2021-09-28 07:37:01
MDSYS,CURRENTSESSIONTOKENMAP_T$,SYSAUX,0,0,NO,N,,2021-09-28 07:37:01
MDSYS,EXT_TAB_AXES,SYSAUX,0,0,NO,N,,2021-09-28 07:37:01
MDSYS,EXT_TAB_AXIS_NAMES,SYSAUX,0,0,NO,N,,2021-09-28 07:37:01
MDSYS,EXT_TAB_COORD_OPS,SYSAUX,0,0,NO,N,,2021-09-28 07:37:01
MDSYS,EXT_TAB_COORD_SYS,SYSAUX,0,0,NO,N,,2021-09-28 07:37:01
MDSYS,EXT_TAB_CS_SRS,SYSAUX,0,0,NO,N,,2021-09-28 07:37:01
MDSYS,EXT_TAB_DATUMS,SYSAUX,0,0,NO,N,,2021-09-28 07:37:02
MDSYS,EXT_TAB_ELLIPSOIDS,SYSAUX,0,0,NO,N,,2021-09-28 07:37:02
MDSYS,EXT_TAB_MEASURE,SYSAUX,0,0,NO,N,,2021-09-28 07:37:02
MDSYS,EXT_TAB_OP_METHODS,SYSAUX,0,0,NO,N,,2021-09-28 07:37:02
MDSYS,EXT_TAB_OP_PARAMS,SYSAUX,0,0,NO,N,,2021-09-28 07:37:02
MDSYS,EXT_TAB_OP_PARAM_USE,SYSAUX,0,0,NO,N,,2021-09-28 07:37:02
MDSYS,EXT_TAB_OP_PATHS,SYSAUX,0,0,NO,N,,2021-09-28 07:37:02
MDSYS,EXT_TAB_PARAM_VALS,SYSAUX,0,0,NO,N,,2021-09-28 07:37:02
MDSYS,EXT_TAB_PARAM_VALS_1,SYSAUX,15105,63,NO,N,,2021-09-28 07:27:38
MDSYS,EXT_TAB_PREFERRED_OPS_SYSTEM,SYSAUX,0,0,NO,N,,2021-09-28 07:37:02
MDSYS,EXT_TAB_PRIME_MERIDIANS,SYSAUX,0,0,NO,N,,2021-09-28 07:37:02
MDSYS,EXT_TAB_REF_SYS,SYSAUX,0,0,NO,N,,2021-09-28 07:37:02
MDSYS,EXT_TAB_REF_SYS_1,SYSAUX,6025,174,NO,N,,2021-09-28 07:27:31
MDSYS,FINAL_PARTITION,SYSAUX,0,0,NO,N,,2021-09-28 07:37:02
MDSYS,MD$RELATE,SYSAUX,107,5,NO,N,,2021-09-28 07:37:02
MDSYS,NDM_FINAL_PARTITION,SYSAUX,0,0,NO,N,,2021-09-28 07:37:05
MDSYS,NDM_PARTITION_TMP_2,SYSAUX,0,0,NO,N,,2021-09-28 07:37:05
MDSYS,NDM_PARTITION_TMP_3,SYSAUX,0,0,NO,N,,2021-09-28 07:37:05
MDSYS,NTV2_XML_DATA,SYSAUX,0,0,NO,N,,2021-09-28 07:37:05
MDSYS,OGIS_GEOMETRY_COLUMNS,SYSAUX,0,0,NO,N,,2021-09-28 07:37:05
MDSYS,OGIS_SPATIAL_REFERENCE_SYSTEMS,SYSAUX,0,0,NO,N,,2021-09-28 07:37:05
MDSYS,OLS_DIR_BUSINESS_CHAINS,SYSAUX,0,0,NO,N,,2021-09-28 07:37:05
MDSYS,OLS_DIR_BUSINESSES,SYSAUX,0,0,NO,N,,2021-09-28 07:37:05
MDSYS,OLS_DIR_CATEGORIES,SYSAUX,0,0,NO,N,,2021-09-28 07:37:06
MDSYS,OLS_DIR_CATEGORIZATIONS,SYSAUX,0,0,NO,N,,2021-09-28 07:37:06
MDSYS,OLS_DIR_CATEGORY_TYPES,SYSAUX,2,5,NO,N,,2021-09-28 07:37:06
MDSYS,OLS_DIR_SYNONYMS,SYSAUX,0,0,NO,N,,2021-09-28 07:37:06
MDSYS,OPENLS_CLASSIFICATIONS,SYSAUX,22,5,NO,N,,2021-09-28 07:37:06
MDSYS,OPENLS_NAMESPACES,SYSAUX,4,5,NO,N,,2021-09-28 07:37:06
MDSYS,OPENLS_NODES,SYSAUX,17,5,NO,N,,2021-09-28 07:37:06
MDSYS,OPENLSSERVICES,SYSAUX,4,5,NO,N,,2021-09-28 07:37:06
MDSYS,OPENLS_XPATHS,SYSAUX,0,0,NO,N,,2021-09-28 07:37:07
MDSYS,PARTITION_TMP_2,SYSAUX,0,0,NO,N,,2021-09-28 07:37:07
MDSYS,PARTITION_TMP_3,SYSAUX,0,0,NO,N,,2021-09-28 07:37:07
MDSYS,RDF_PARAMETER,,3,,NO,N,IOT,2021-09-28 07:37:07
MDSYS,RDF_PARAM$_TBL,SYSAUX,0,0,NO,N,,2021-09-28 07:37:07
MDSYS,ROWTOKENMAP_T$,SYSAUX,0,0,NO,N,,2021-09-28 07:37:07
MDSYS,R_TABLE,SYSAUX,0,0,NO,N,,2021-09-28 07:37:07
MDSYS,SDO_ANIMATIONS_TABLE,SYSAUX,0,0,NO,N,,2021-09-28 07:37:07
MDSYS,SDO_ANNOTATION_TEXT_METADATA,SYSAUX,0,0,NO,N,,2021-09-28 07:37:08
MDSYS,SDO_CACHED_MAPS_TABLE,SYSAUX,0,0,NO,N,,2021-09-28 07:37:08
MDSYS,SDO_COORD_AXES,SYSAUX,297,5,NO,N,,2021-09-28 07:37:08
MDSYS,SDO_COORD_AXIS_NAMES,SYSAUX,31,5,NO,N,,2021-09-28 07:37:08
MDSYS,SDO_COORD_OP_METHODS,SYSAUX,129,5,NO,N,,2021-09-28 07:37:09
MDSYS,SDO_COORD_OP_PARAMS,SYSAUX,179,5,NO,N,,2021-09-28 07:37:09
MDSYS,SDO_COORD_OP_PARAM_USE,SYSAUX,876,5,NO,N,,2021-09-28 07:37:09
MDSYS,SDO_COORD_OP_PARAM_VALS,SYSAUX,15105,65,NO,N,,2021-09-28 07:37:09
MDSYS,SDO_COORD_OP_PARAM_VALS_EXT,SYSAUX,0,0,NO,N,,2021-09-28 07:37:10
MDSYS,SDO_COORD_OP_PATHS,SYSAUX,393,5,NO,N,,2021-09-28 07:37:10
MDSYS,SDO_COORD_OPS,SYSAUX,3661,80,NO,N,,2021-09-28 07:37:08
MDSYS,SDO_COORD_REF_SYS,SYSAUX,6025,244,NO,N,,2021-09-28 07:37:10
MDSYS,SDO_COORD_SYS,SYSAUX,141,5,NO,N,,2021-09-28 07:37:10
MDSYS,SDO_CRS_GEOGRAPHIC_PLUS_HEIGHT,SYSAUX,134,4,NO,N,,2021-09-28 07:27:50
MDSYS,SDO_CS_CONTEXT_INFORMATION,,,,NO,Y,,
MDSYS,SDO_CS_SRS,SYSAUX,6025,1126,NO,N,,2021-09-28 07:37:11
MDSYS,SDO_DATUMS,SYSAUX,728,13,NO,N,,2021-09-28 07:37:11
MDSYS,SDO_DATUMS_OLD_SNAPSHOT,SYSAUX,118,5,NO,N,,2021-09-28 07:37:11
MDSYS,SDO_DIAG_MESSAGES_TABLE,SYSAUX,0,0,NO,N,,2021-09-28 07:37:11
MDSYS,SDO_DIST_METADATA_TABLE,SYSAUX,0,0,NO,N,,2021-09-28 07:37:12
MDSYS,SDO_ELLIPSOIDS,SYSAUX,106,5,NO,N,,2021-09-28 07:37:12
MDSYS,SDO_ELLIPSOIDS_OLD_SNAPSHOT,SYSAUX,47,5,NO,N,,2021-09-28 07:37:12
MDSYS,SDO_FEATURE_USAGE,SYSAUX,20,5,NO,N,,2021-09-28 07:37:12
MDSYS,SDO_GEOM_METADATA_TABLE,SYSAUX,0,0,NO,N,,2021-09-28 07:37:12
MDSYS,SDO_GEOR_DDL__TABLE$$,,,,NO,Y,,
MDSYS,SDO_GEOR_PLUGIN_REGISTRY,SYSAUX,0,0,NO,N,,2021-09-28 07:37:12
MDSYS,SDO_GEOR_SYSDATA_TABLE,SYSAUX,0,0,NO,N,,2021-09-28 07:37:12
MDSYS,SDO_GEOR_XMLSCHEMA_TABLE,SYSAUX,1,5,NO,N,,2021-09-28 07:37:13
MDSYS,SDO_GR_MOSAIC_CB,,,,NO,Y,,
MDSYS,SDO_GR_MOSAIC_0,,,,NO,Y,,
MDSYS,SDO_GR_MOSAIC_1,,,,NO,Y,,
MDSYS,SDO_GR_MOSAIC_2,,,,NO,Y,,
MDSYS,SDO_GR_MOSAIC_3,,,,NO,Y,,
MDSYS,SDO_GR_PARALLEL,,,,NO,Y,,
MDSYS,SDO_GR_RDT_1,,,,NO,Y,,
MDSYS,SDO_INDEX_AGGREGATES_TABLE,SYSAUX,0,0,NO,N,,2021-09-28 07:37:13
MDSYS,SDO_INDEX_HISTOGRAM_TABLE,SYSAUX,0,0,NO,N,,2021-09-28 07:37:13
MDSYS,SDO_INDEX_METADATA_TABLE,SYSAUX,0,0,NO,N,,2021-09-28 07:37:13
MDSYS,SDO_LIGHTSOURCES_TABLE,SYSAUX,0,0,NO,N,,2021-09-28 07:37:13
MDSYS,SDO_LRS_METADATA_TABLE,SYSAUX,0,0,NO,N,,2021-09-28 07:37:13
MDSYS,SDO_MAPS_TABLE,SYSAUX,0,0,NO,N,,2021-09-28 07:37:13
MDSYS,SDO_NETWORK_CONSTRAINTS,SYSAUX,0,0,NO,N,,2021-09-28 07:37:13
MDSYS,SDO_NETWORK_FEATURE,SYSAUX,0,0,NO,N,,2021-09-28 07:37:14
MDSYS,SDO_NETWORK_HISTORIES,SYSAUX,0,0,NO,N,,2021-09-28 07:37:14
MDSYS,SDO_NETWORK_LOCKS_WM,SYSAUX,0,0,NO,N,,2021-09-28 07:37:14
MDSYS,SDO_NETWORK_METADATA_TABLE,SYSAUX,0,0,NO,N,,2021-09-28 07:37:14
MDSYS,SDO_NETWORK_TIMESTAMPS,SYSAUX,0,0,NO,N,,2021-09-28 07:37:14
MDSYS,SDO_NETWORK_USER_DATA,SYSAUX,0,0,NO,N,,2021-09-28 07:37:14
MDSYS,SDO_NFE_MODEL_FTLAYER_REL,SYSAUX,0,0,NO,N,,2021-09-28 07:37:14
MDSYS,SDO_NFE_MODEL_METADATA_TABLE,SYSAUX,0,0,NO,N,,2021-09-28 07:37:14
MDSYS,SDO_NFE_MODEL_WORKSPACE,SYSAUX,0,0,NO,N,,2021-09-28 07:37:14
MDSYS,SDO_PREFERRED_OPS_SYSTEM,SYSAUX,2,5,NO,N,,2021-09-28 07:37:15
MDSYS,SDO_PREFERRED_OPS_USER,SYSAUX,0,0,NO,N,,2021-09-28 07:37:15
MDSYS,SDO_PRIME_MERIDIANS,SYSAUX,18,5,NO,N,,2021-09-28 07:37:15
MDSYS,SDO_PROJECTIONS_OLD_SNAPSHOT,SYSAUX,42,5,NO,N,,2021-09-28 07:37:15
MDSYS,SDO_SCENES_TABLE,SYSAUX,0,0,NO,N,,2021-09-28 07:37:15
MDSYS,SDO_SOURCE_TARGET_PATCHES,SYSAUX,0,0,NO,N,,2021-09-28 07:37:15
MDSYS,SDO_SRIDS_BY_URN,SYSAUX,0,0,NO,N,,2021-09-28 07:37:15
MDSYS,SDO_SRIDS_BY_URN_PATTERN,SYSAUX,0,0,NO,N,,2021-09-28 07:37:16
MDSYS,SDO_ST_TOLERANCE,,,,NO,Y,,
MDSYS,SDO_STYLES_TABLE,SYSAUX,78,5,NO,N,,2021-09-28 07:37:16
MDSYS,SDO_THEMES_TABLE,SYSAUX,0,0,NO,N,,2021-09-28 07:37:16
MDSYS,SDO_TIN_PC_SEQ,SYSAUX,0,0,NO,N,,2021-09-28 07:37:16
MDSYS,SDO_TIN_PC_SYSDATA_TABLE,SYSAUX,0,0,NO,N,,2021-09-28 07:37:16
MDSYS,SDO_TOPO_DATA$,,,,NO,Y,,
MDSYS,SDO_TOPO_MAPS,,,,NO,Y,,
MDSYS,SDO_TOPO_METADATA_TABLE,SYSAUX,0,0,NO,N,,2021-09-28 07:37:16
MDSYS,SDO_TOPO_RELATION_DATA,,,,NO,Y,,
MDSYS,SDO_TOPO_TRANSACT_DATA,,,,NO,Y,,
MDSYS,SDO_TTS_METADATA_TABLE,,,,NO,Y,,
MDSYS,SDO_TXN_IDX_EXP_UPD_RGN,,,,NO,Y,,
MDSYS,SDO_TXN_JOURNAL_GTT,,,,NO,Y,,
MDSYS,SDO_TXN_JOURNAL_REG,,0,0,YES,N,,2021-09-28 07:37:16
MDSYS,SDO_UNITS_OF_MEASURE,SYSAUX,143,5,NO,N,,2021-09-28 07:37:17
MDSYS,SDO_VIEWFRAMES_TABLE,SYSAUX,0,0,NO,N,,2021-09-28 07:37:18
MDSYS,SDO_WFS_LOCAL_TXNS,,,,NO,Y,,
MDSYS,SDO_WS_CONFERENCE,SYSAUX,0,0,NO,N,,2021-09-28 07:37:18
MDSYS,SDO_WS_CONFERENCE_PARTICIPANTS,SYSAUX,0,0,NO,N,,2021-09-28 07:37:18
MDSYS,SDO_WS_CONFERENCE_RESULTS,SYSAUX,0,0,NO,N,,2021-09-28 07:37:18
MDSYS,SDO_XDB_RESOURCES,SYSAUX,0,0,NO,N,,2021-09-28 07:37:18
MDSYS,SDO_XML_SCHEMAS,SYSAUX,6,5,NO,N,,2021-09-28 07:37:18
MDSYS,SDO_XSD_TABLE,SYSAUX,164,20,NO,N,,2021-09-28 07:37:18
MDSYS,SDO_3DTHEMES_TABLE,SYSAUX,0,0,NO,N,,2021-09-28 07:37:07
MDSYS,SDO_3DTXFMS_TABLE,SYSAUX,0,0,NO,N,,2021-09-28 07:37:07
MDSYS,SRSNAMESPACE_TABLE,SYSAUX,0,0,NO,N,,2021-09-28 07:37:18
MDSYS,TOKENSESSIONMAP_T$,SYSAUX,0,0,NO,N,,2021-09-28 07:37:19
MDSYS,WFS_CAPABILITIESINFO$,SYSAUX,0,0,NO,N,,2021-09-28 07:37:19
MDSYS,WFS_FEATUREINSTANCEMETADATA$,SYSAUX,0,0,NO,N,,2021-09-28 07:37:19
MDSYS,WFS_FEATURETABLEMDUPDATED$,SYSAUX,0,0,NO,N,,2021-09-28 07:37:19
MDSYS,WFS_FEATURETABLEUPDATED$,SYSAUX,0,0,NO,N,,2021-09-28 07:37:19
MDSYS,WFS_FEATURETYPE$,SYSAUX,0,0,NO,N,,2021-09-28 07:37:20
MDSYS,WFS_FEATURETYPEATTRS$,SYSAUX,0,0,NO,N,,2021-09-28 07:37:20
MDSYS,WFS_FEATURETYPECOMPLEXTAGS$,SYSAUX,0,0,NO,N,,2021-09-28 07:37:20
MDSYS,WFS_FEATURETYPENESTEDSDOS$,SYSAUX,0,0,NO,N,,2021-09-28 07:37:20
MDSYS,WFS_FEATURETYPESIMPLETAGATTRS$,SYSAUX,0,0,NO,N,,2021-09-28 07:37:20
MDSYS,WFS_FEATURETYPETAGS$,SYSAUX,0,0,NO,N,,2021-09-28 07:37:20
MDSYS,WFS_FEATURETYPEXMLCOLINFO$,SYSAUX,0,0,NO,N,,2021-09-28 07:37:20
MDSYS,WFS_FTTYPECOMPLEXTAGATTRS$,SYSAUX,0,0,NO,N,,2021-09-28 07:37:20
MDSYS,WFS_FTXSDINFO$,SYSAUX,0,0,NO,N,,2021-09-28 07:37:20
MDSYS,WFS_PROC_MAP$,SYSAUX,0,0,NO,N,,2021-09-28 07:37:20
MDSYS,WFS_SRS$,SYSAUX,0,0,NO,N,,2021-09-28 07:37:20
MDSYS,WFS_TRG_TABLE_TEMP$,SYSAUX,0,0,NO,N,,2021-09-28 07:37:20
OJVMSYS,OJDS$ATTRIBUTES$,SYSTEM,0,0,NO,N,,2021-09-28 06:51:41
OJVMSYS,OJDS$BINDINGS$,SYSTEM,8,1,NO,N,,2021-09-28 06:51:42
OJVMSYS,OJDS$INODE$,SYSTEM,3,1,NO,N,,2021-09-28 06:51:43
OJVMSYS,OJDS$PERMISSIONS$,SYSTEM,9,1,NO,N,,2021-09-28 06:51:43
OJVMSYS,OJDS$REFADDR$,SYSTEM,0,0,NO,N,,2021-09-28 06:51:43
OJVMSYS,OJDS$SHARED$OBJ$,SYSTEM,0,0,NO,N,,2021-09-28 06:51:43
OLAPSYS,XML_LOAD_LOG,SYSAUX,0,0,NO,N,,2021-09-28 07:13:06
OLAPSYS,XML_LOAD_RECORDS,SYSAUX,0,0,NO,N,,2021-09-28 07:13:06
ORDDATA,ORDDCM_ANON_ACTION_TYPES,SYSTEM,4,1,NO,N,,2021-09-28 07:07:51
ORDDATA,ORDDCM_ANON_ATTRS,SYSTEM,0,0,NO,N,,2021-09-28 07:07:52
ORDDATA,ORDDCM_ANON_ATTRS_TMP,,,,NO,Y,,
ORDDATA,ORDDCM_ANON_ATTRS_WRK,SYSTEM,0,0,NO,N,,2021-09-28 07:07:52
ORDDATA,ORDDCM_ANON_RULES,SYSTEM,0,0,NO,N,,2021-09-28 07:07:52
ORDDATA,ORDDCM_ANON_RULES_TMP,,,,NO,Y,,
ORDDATA,ORDDCM_ANON_RULES_WRK,SYSTEM,0,0,NO,N,,2021-09-28 07:07:52
ORDDATA,ORDDCM_ANON_RULE_TYPES,SYSTEM,3,1,NO,N,,2021-09-28 07:07:52
ORDDATA,ORDDCM_CT_ACTION,SYSTEM,0,0,NO,N,,2021-09-28 07:07:52
ORDDATA,ORDDCM_CT_ACTION_TMP,,,,NO,Y,,
ORDDATA,ORDDCM_CT_ACTION_WRK,SYSTEM,0,0,NO,N,,2021-09-28 07:07:52
ORDDATA,ORDDCM_CT_DAREFS,SYSTEM,0,0,NO,N,,2021-09-28 07:07:52
ORDDATA,ORDDCM_CT_DAREFS_TMP,,,,NO,Y,,
ORDDATA,ORDDCM_CT_DAREFS_WRK,SYSTEM,0,0,NO,N,,2021-09-28 07:07:52
ORDDATA,ORDDCM_CT_LOCATORPATHS,SYSTEM,0,0,NO,N,,2021-09-28 07:07:52
ORDDATA,ORDDCM_CT_LOCATORPATHS_TMP,,,,NO,Y,,
ORDDATA,ORDDCM_CT_LOCATORPATHS_WRK,SYSTEM,0,0,NO,N,,2021-09-28 07:07:52
ORDDATA,ORDDCM_CT_MACRO_DEP,SYSTEM,0,0,NO,N,,2021-09-28 07:07:53
ORDDATA,ORDDCM_CT_MACRO_DEP_WRK,SYSTEM,0,0,NO,N,,2021-09-28 07:07:53
ORDDATA,ORDDCM_CT_MACRO_PAR,SYSTEM,0,0,NO,N,,2021-09-28 07:07:53
ORDDATA,ORDDCM_CT_MACRO_PAR_WRK,SYSTEM,0,0,NO,N,,2021-09-28 07:07:53
ORDDATA,ORDDCM_CT_PRED,SYSTEM,0,0,NO,N,,2021-09-28 07:07:53
ORDDATA,ORDDCM_CT_PRED_OPRD,SYSTEM,0,0,NO,N,,2021-09-28 07:07:53
ORDDATA,ORDDCM_CT_PRED_OPRD_TMP,,,,NO,Y,,
ORDDATA,ORDDCM_CT_PRED_OPRD_WRK,SYSTEM,0,0,NO,N,,2021-09-28 07:07:53
ORDDATA,ORDDCM_CT_PRED_PAR,SYSTEM,0,0,NO,N,,2021-09-28 07:07:53
ORDDATA,ORDDCM_CT_PRED_PAR_TMP,,,,NO,Y,,
ORDDATA,ORDDCM_CT_PRED_PAR_WRK,SYSTEM,0,0,NO,N,,2021-09-28 07:07:53
ORDDATA,ORDDCM_CT_PRED_SET,SYSTEM,0,0,NO,N,,2021-09-28 07:07:53
ORDDATA,ORDDCM_CT_PRED_SET_TMP,,,,NO,Y,,
ORDDATA,ORDDCM_CT_PRED_SET_WRK,SYSTEM,0,0,NO,N,,2021-09-28 07:07:54
ORDDATA,ORDDCM_CT_PRED_TMP,,,,NO,Y,,
ORDDATA,ORDDCM_CT_PRED_WRK,SYSTEM,0,0,NO,N,,2021-09-28 07:07:54
ORDDATA,ORDDCM_CT_VLD_MSG,SYSTEM,0,0,NO,N,,2021-09-28 07:07:54
ORDDATA,ORDDCM_DATA_MODEL,SYSTEM,0,0,NO,N,,2021-09-28 07:07:54
ORDDATA,ORDDCM_DATA_MODEL_WRK,SYSTEM,0,0,NO,N,,2021-09-28 07:07:54
ORDDATA,ORDDCM_DICT_ATTRS,SYSTEM,0,0,NO,N,,2021-09-28 07:07:54
ORDDATA,ORDDCM_DICT_ATTRS_TMP,,,,NO,Y,,
ORDDATA,ORDDCM_DICT_ATTRS_WRK,SYSTEM,0,0,NO,N,,2021-09-28 07:07:54
ORDDATA,ORDDCM_DOC_REFS,SYSTEM,0,0,NO,N,,2021-09-28 07:07:54
ORDDATA,ORDDCM_DOC_REFS_TMP,,,,NO,Y,,
ORDDATA,ORDDCM_DOC_REFS_WRK,SYSTEM,0,0,NO,N,,2021-09-28 07:07:55
ORDDATA,ORDDCM_DOCS,SYSTEM,0,0,NO,N,,2021-09-28 07:07:54
ORDDATA,ORDDCM_DOCS_TMP,,,,NO,Y,,
ORDDATA,ORDDCM_DOCS_WRK,SYSTEM,0,0,NO,N,,2021-09-28 07:07:54
ORDDATA,ORDDCM_DOC_TYPES,SYSTEM,9,1,NO,N,,2021-09-28 07:07:55
ORDDATA,ORDDCM_INSTALL_DOCS,SYSTEM,9,1,NO,N,,2021-09-28 07:07:55
ORDDATA,ORDDCM_INTERNAL_TAGS,SYSTEM,42,1,NO,N,,2021-09-28 07:07:55
ORDDATA,ORDDCM_MAPPED_PATHS,SYSTEM,0,0,NO,N,,2021-09-28 07:07:55
ORDDATA,ORDDCM_MAPPED_PATHS_TMP,,,,NO,Y,,
ORDDATA,ORDDCM_MAPPED_PATHS_WRK,SYSTEM,0,0,NO,N,,2021-09-28 07:07:55
ORDDATA,ORDDCM_MAPPING_DOCS,SYSTEM,0,0,NO,N,,2021-09-28 07:07:55
ORDDATA,ORDDCM_MAPPING_DOCS_TMP,,,,NO,Y,,
ORDDATA,ORDDCM_MAPPING_DOCS_WRK,SYSTEM,0,0,NO,N,,2021-09-28 07:07:55
ORDDATA,ORDDCM_PR_ADMIN_DOCS_WRK,SYSTEM,0,0,NO,N,,2021-09-28 07:07:56
ORDDATA,ORDDCM_PR_ATTR_CONFIG_WRK,SYSTEM,0,0,NO,N,,2021-09-28 07:07:56
ORDDATA,ORDDCM_PR_DICOM_CONFIG_WRK,SYSTEM,0,0,NO,N,,2021-09-28 07:07:56
ORDDATA,ORDDCM_PREFS_DEF_VALUES_TAB,SYSTEM,7,1,NO,N,,2021-09-28 07:07:55
ORDDATA,ORDDCM_PREFS_LOOKUP,SYSTEM,13,1,NO,N,,2021-09-28 07:07:55
ORDDATA,ORDDCM_PREFS_VALID_VALUES_TAB,SYSTEM,33,1,NO,N,,2021-09-28 07:07:55
ORDDATA,ORDDCM_PROTOCOL_ADMIN_DOCS,SYSTEM,0,0,NO,N,,2021-09-28 07:07:56
ORDDATA,ORDDCM_PROTOCOL_ATTR_CONFIG,SYSTEM,0,0,NO,N,,2021-09-28 07:07:56
ORDDATA,ORDDCM_PROTOCOL_DICOM_CONFIG,SYSTEM,0,0,NO,N,,2021-09-28 07:07:56
ORDDATA,ORDDCM_PROTOCOL_METADATA,SYSTEM,0,0,NO,N,,2021-09-28 07:07:56
ORDDATA,ORDDCM_PROTOCOL_PRVW_CONFIG,SYSTEM,0,0,NO,N,,2021-09-28 07:07:56
ORDDATA,ORDDCM_PROTOCOL_SPECIAL_TAG,SYSTEM,0,0,NO,N,,2021-09-28 07:07:56
ORDDATA,ORDDCM_PROTOCOL_VERSION_CONFIG,SYSTEM,0,0,NO,N,,2021-09-28 07:07:56
ORDDATA,ORDDCM_PROTOCOL_WADO_CONFIG,SYSTEM,0,0,NO,N,,2021-09-28 07:07:56
ORDDATA,ORDDCM_PROTOCOL_XML_CONFIG,SYSTEM,0,0,NO,N,,2021-09-28 07:07:56
ORDDATA,ORDDCM_PR_PRVW_CONFIG_WRK,SYSTEM,0,0,NO,N,,2021-09-28 07:07:56
ORDDATA,ORDDCM_PR_SPECIAL_TAG_WRK,SYSTEM,0,0,NO,N,,2021-09-28 07:07:56
ORDDATA,ORDDCM_PRV_ATTRS,SYSTEM,0,0,NO,N,,2021-09-28 07:07:56
ORDDATA,ORDDCM_PRV_ATTRS_TMP,,,,NO,Y,,
ORDDATA,ORDDCM_PRV_ATTRS_WRK,SYSTEM,0,0,NO,N,,2021-09-28 07:07:56
ORDDATA,ORDDCM_PR_VERSION_CONFIG_WRK,SYSTEM,0,0,NO,N,,2021-09-28 07:07:56
ORDDATA,ORDDCM_PR_WADO_CONFIG_WRK,SYSTEM,0,0,NO,N,,2021-09-28 07:07:56
ORDDATA,ORDDCM_PR_XML_CONFIG_WRK,SYSTEM,0,0,NO,N,,2021-09-28 07:07:56
ORDDATA,ORDDCM_RT_PREF_PARAMS,SYSTEM,0,0,NO,N,,2021-09-28 07:07:57
ORDDATA,ORDDCM_RT_PREF_PARAMS_TMP,,,,NO,Y,,
ORDDATA,ORDDCM_RT_PREF_PARAMS_WRK,SYSTEM,0,0,NO,N,,2021-09-28 07:07:57
ORDDATA,ORDDCM_STD_ATTRS,SYSTEM,0,0,NO,N,,2021-09-28 07:07:57
ORDDATA,ORDDCM_STD_ATTRS_TMP,,,,NO,Y,,
ORDDATA,ORDDCM_STD_ATTRS_WRK,SYSTEM,0,0,NO,N,,2021-09-28 07:07:57
ORDDATA,ORDDCM_STORED_TAGS,SYSTEM,0,0,NO,N,,2021-09-28 07:07:57
ORDDATA,ORDDCM_STORED_TAGS_TMP,,,,NO,Y,,
ORDDATA,ORDDCM_STORED_TAGS_WRK,SYSTEM,0,0,NO,N,,2021-09-28 07:07:57
ORDDATA,ORDDCM_UID_DEFS,SYSTEM,0,0,NO,N,,2021-09-28 07:07:57
ORDDATA,ORDDCM_UID_DEFS_TMP,,,,NO,Y,,
ORDDATA,ORDDCM_UID_DEFS_WRK,SYSTEM,0,0,NO,N,,2021-09-28 07:07:57
ORDDATA,ORDDCM_VR_DT_MAP,SYSTEM,32,1,NO,N,,2021-09-28 07:07:57
ORDSYS,ORD_USAGE_RECS,SYSTEM,0,0,NO,N,,2021-09-28 07:07:59
ORDSYS,SI_FEATURES_TAB,SYSTEM,4,1,NO,N,,2021-09-28 07:07:59
ORDSYS,SI_IMAGE_FORMATS_TAB,SYSTEM,17,1,NO,N,,2021-09-28 07:08:00
ORDSYS,SI_VALUES_TAB,SYSTEM,8,1,NO,N,,2021-09-28 07:08:00
OUTLN,OL$,SYSTEM,0,0,NO,N,,2021-09-28 06:17:44
OUTLN,OL$HINTS,SYSTEM,0,0,NO,N,,2021-09-28 06:17:44
OUTLN,OL$NODES,SYSTEM,0,0,NO,N,,2021-09-28 06:17:45
SYS,ACCESS$,SYSTEM,22670,212,NO,N,,2021-09-28 06:18:01
SYS,ACLMV$,SYSTEM,0,0,NO,N,,2021-09-28 06:18:02
SYS,ACLMV$_REFLOG,SYSTEM,0,0,NO,N,,2021-09-28 06:18:02
SYS,ACLMVREFSTAT$,SYSTEM,0,0,NO,N,,2021-09-28 06:18:02
SYS,ACLMVSUBTBL$,SYSTEM,0,0,NO,N,,2021-09-28 06:18:02
SYS,ACTIVITY_CONFIG$,SYSAUX,4,5,NO,N,,2021-09-28 06:18:02
SYS,ACTIVITY_MVIEW$,,0,0,YES,N,,2021-09-28 06:18:03
SYS,ACTIVITY_SNAP_META$,SYSAUX,0,0,NO,N,,2021-09-28 06:18:03
SYS,ACTIVITY_TABLE$,,0,0,YES,N,,2021-09-28 06:18:03
SYS,ADMINAUTH$,SYSTEM,0,0,NO,N,,2021-09-28 06:18:03
SYS,ADO_IMPARAM$,SYSAUX,1,5,NO,N,,2021-09-28 06:18:03
SYS,ADO_IMSEGSTAT$,SYSAUX,0,0,NO,N,,2021-09-28 06:18:03
SYS,ADO_IMSEGTASKDETAILS$,SYSAUX,0,0,NO,N,,2021-09-28 06:18:04
SYS,ADO_IMSTAT$,SYSAUX,0,0,NO,N,,2021-09-28 06:18:04
SYS,ADO_IMTASKS$,SYSAUX,0,0,NO,N,,2021-09-28 06:18:04
SYS,ALERT_QT,SYSAUX,,,NO,N,,
SYS,ALL_UNIFIED_AUDIT_ACTIONS,SYSTEM,482,3,NO,N,,2021-09-28 06:18:04
SYS,APPLY$_AUTO_CDR_COLUMN_GROUPS,SYSTEM,0,0,NO,N,,2021-09-28 06:18:04
SYS,APPLY$_BATCH_SQL_STATS,SYSTEM,0,0,NO,N,,2021-09-28 06:18:04
SYS,APPLY$_CDR_INFO,SYSAUX,0,0,NO,N,,2021-09-28 06:18:05
SYS,APPLY$_CHANGE_HANDLERS,SYSTEM,0,0,NO,N,,2021-09-28 06:18:05
SYS,APPLY$_CONF_HDLR_COLUMNS,SYSTEM,0,0,NO,N,,2021-09-28 06:18:05
SYS,APPLY$_CONSTRAINT_COLUMNS,SYSTEM,0,0,NO,N,,2021-09-28 06:18:05
SYS,APPLY$_COORDINATOR_STATS,SYSTEM,0,0,NO,N,,2021-09-28 06:18:05
SYS,APPLY$_DEST_OBJ,SYSTEM,0,0,NO,N,,2021-09-28 06:18:05
SYS,APPLY$_DEST_OBJ_CMAP,SYSTEM,0,0,NO,N,,2021-09-28 06:18:06
SYS,APPLY$_DEST_OBJ_OPS,SYSTEM,0,0,NO,N,,2021-09-28 06:18:06
SYS,APPLY$_ERROR,SYSAUX,0,0,NO,N,,2021-09-28 06:18:06
SYS,APPLY$_ERROR_HANDLER,SYSTEM,0,0,NO,N,,2021-09-28 06:18:06
SYS,APPLY$_ERROR_TXN,SYSAUX,0,0,NO,N,,2021-09-28 06:18:06
SYS,APPLY$_PROCEDURE_STATS,SYSTEM,0,0,NO,N,,2021-09-28 06:18:06
SYS,APPLY$_READER_STATS,SYSTEM,0,0,NO,N,,2021-09-28 06:18:06
SYS,APPLY$_SERVER_STATS,SYSTEM,0,0,NO,N,,2021-09-28 06:18:06
SYS,APPLY$_SOURCE_OBJ,SYSTEM,0,0,NO,N,,2021-09-28 06:18:07
SYS,APPLY$_SOURCE_SCHEMA,SYSTEM,0,0,NO,N,,2021-09-28 06:18:07
SYS,APPLY$_TABLE_STATS,SYSTEM,0,0,NO,N,,2021-09-28 06:18:07
SYS,APPLY$_VIRTUAL_OBJ_CONS,SYSTEM,0,0,NO,N,,2021-09-28 06:18:08
SYS,APPROLE$,SYSTEM,0,0,NO,N,,2021-09-28 06:18:08
SYS,AQ$_ALERT_QT_G,,0,,NO,N,IOT,2021-09-28 06:18:08
SYS,AQ$_ALERT_QT_H,,0,,NO,N,IOT,2021-09-28 06:18:08
SYS,AQ$_ALERT_QT_I,,0,,NO,N,IOT,2021-09-28 06:18:08
SYS,AQ$_ALERT_QT_L,SYSAUX,0,0,NO,N,,2021-09-28 06:18:08
SYS,AQ$_ALERT_QT_S,SYSAUX,3,5,NO,N,,2021-09-28 06:18:08
SYS,AQ$_ALERT_QT_T,,0,,NO,N,IOT,2021-09-28 06:18:08
SYS,AQ$_AQ$_MEM_MC_G,,0,,NO,N,IOT,2021-09-28 06:18:09
SYS,AQ$_AQ$_MEM_MC_H,,0,,NO,N,IOT,2021-09-28 06:18:09
SYS,AQ$_AQ$_MEM_MC_I,,0,,NO,N,IOT,2021-09-28 06:18:09
SYS,AQ$_AQ$_MEM_MC_L,SYSTEM,0,0,NO,N,,2021-09-28 06:18:09
SYS,AQ$_AQ$_MEM_MC_S,SYSTEM,3,1,NO,N,,2021-09-28 06:18:09
SYS,AQ$_AQ$_MEM_MC_T,,0,,NO,N,IOT,2021-09-28 06:18:09
SYS,AQ$_AQ_PROP_TABLE_G,,0,,NO,N,IOT,2021-09-28 06:18:09
SYS,AQ$_AQ_PROP_TABLE_H,,0,,NO,N,IOT,2021-09-28 06:18:10
SYS,AQ$_AQ_PROP_TABLE_I,,0,,NO,N,IOT,2021-09-28 06:18:10
SYS,AQ$_AQ_PROP_TABLE_L,SYSTEM,0,0,NO,N,,2021-09-28 06:18:10
SYS,AQ$_AQ_PROP_TABLE_S,SYSTEM,1,1,NO,N,,2021-09-28 06:18:10
SYS,AQ$_AQ_PROP_TABLE_T,,0,,NO,N,IOT,2021-09-28 06:18:10
SYS,AQ$_DEQUEUE_LOG_PARTITION_MAP,SYSTEM,0,0,NO,N,,2021-09-28 06:18:10
SYS,AQ$_DURABLE_SUBS,SYSTEM,0,0,NO,N,,2021-09-28 06:18:12
SYS,AQ$_E_QUEUE_PARTITION_MAP,SYSTEM,0,0,NO,N,,2021-09-28 06:18:12
SYS,AQ_EVENT_TABLE,SYSTEM,,,NO,N,,
SYS,AQ$_INDEX_MONITOR,SYSTEM,0,0,NO,N,,2021-09-28 06:18:12
SYS,AQ$_MEM_MC,SYSTEM,,,NO,N,,
SYS,AQ$_MESSAGE_TYPES,SYSTEM,0,0,NO,N,,2021-09-28 06:18:12
SYS,AQ$_ORA$PREPLUGIN_BACKUP_QTB_G,,0,,NO,N,IOT,2021-09-28 06:18:12
SYS,AQ$_ORA$PREPLUGIN_BACKUP_QTB_H,,0,,NO,N,IOT,2021-09-28 06:18:12
SYS,AQ$_ORA$PREPLUGIN_BACKUP_QTB_I,,0,,NO,N,IOT,2021-09-28 06:18:13
SYS,AQ$_ORA$PREPLUGIN_BACKUP_QTB_L,SYSTEM,0,0,NO,N,,2021-09-28 06:18:13
SYS,AQ$_ORA$PREPLUGIN_BACKUP_QTB_S,SYSTEM,1,1,NO,N,,2021-09-28 06:18:13
SYS,AQ$_ORA$PREPLUGIN_BACKUP_QTB_T,,0,,NO,N,IOT,2021-09-28 06:18:13
SYS,AQ$_PDB_MON_EVENT_QTABLE$_G,,0,,NO,N,IOT,2021-09-28 06:18:13
SYS,AQ$_PDB_MON_EVENT_QTABLE$_H,,0,,NO,N,IOT,2021-09-28 06:18:13
SYS,AQ$_PDB_MON_EVENT_QTABLE$_I,,0,,NO,N,IOT,2021-09-28 06:18:13
SYS,AQ$_PDB_MON_EVENT_QTABLE$_L,SYSAUX,0,0,NO,N,,2021-09-28 06:18:14
SYS,AQ$_PDB_MON_EVENT_QTABLE$_S,SYSAUX,1,5,NO,N,,2021-09-28 06:18:14
SYS,AQ$_PDB_MON_EVENT_QTABLE$_T,,0,,NO,N,IOT,2021-09-28 06:18:14
SYS,AQ$_PENDING_MESSAGES,SYSTEM,0,0,NO,N,,2021-09-28 06:18:14
SYS,AQ$_PROPAGATION_STATUS,SYSTEM,0,0,NO,N,,2021-09-28 06:18:14
SYS,AQ_PROP_TABLE,SYSTEM,,,NO,N,,
SYS,AQ$_PUBLISHER,SYSTEM,0,0,NO,N,,2021-09-28 06:18:14
SYS,AQ$_QUEUE_PARAMS,SYSTEM,0,0,NO,N,,2021-09-28 06:18:14
SYS,AQ$_QUEUE_PARTITION_ASSIGNMENT_TABLE,SYSTEM,0,0,NO,N,,2021-09-28 06:18:14
SYS,AQ$_QUEUE_PARTITION_MAP,SYSTEM,0,0,NO,N,,2021-09-28 06:18:14
SYS,AQ$_QUEUE_SHARDS,SYSTEM,0,0,NO,N,,2021-09-28 06:18:14
SYS,AQ$_QUEUE_STATISTICS,SYSTEM,0,0,NO,N,,2021-09-28 06:18:14
SYS,AQ$_QUEUE_TABLE_AFFINITIES,SYSTEM,12,1,NO,N,,2021-09-28 06:18:14
SYS,AQ$_REPLAY_INFO,SYSTEM,0,0,NO,N,,2021-09-28 06:18:14
SYS,AQ$_SCHEDULER$_EVENT_QTAB_G,,0,,NO,N,IOT,2021-09-28 06:18:15
SYS,AQ$_SCHEDULER$_EVENT_QTAB_H,,0,,NO,N,IOT,2021-09-28 06:18:15
SYS,AQ$_SCHEDULER$_EVENT_QTAB_I,,0,,NO,N,IOT,2021-09-28 06:18:15
SYS,AQ$_SCHEDULER$_EVENT_QTAB_L,SYSTEM,0,0,NO,N,,2021-09-28 06:18:15
SYS,AQ$_SCHEDULER$_EVENT_QTAB_S,SYSTEM,3,1,NO,N,,2021-09-28 06:18:15
SYS,AQ$_SCHEDULER$_EVENT_QTAB_T,,0,,NO,N,IOT,2021-09-28 06:18:15
SYS,AQ$_SCHEDULER_FILEWATCHER_QT_G,,0,,NO,N,IOT,2021-09-28 06:18:16
SYS,AQ$_SCHEDULER_FILEWATCHER_QT_H,,0,,NO,N,IOT,2021-09-28 06:18:16
SYS,AQ$_SCHEDULER_FILEWATCHER_QT_I,,0,,NO,N,IOT,2021-09-28 06:18:16
SYS,AQ$_SCHEDULER_FILEWATCHER_QT_L,SYSTEM,0,0,NO,N,,2021-09-28 06:18:16
SYS,AQ$_SCHEDULER_FILEWATCHER_QT_S,SYSTEM,1,1,NO,N,,2021-09-28 06:18:17
SYS,AQ$_SCHEDULER_FILEWATCHER_QT_T,,0,,NO,N,IOT,2021-09-28 06:18:17
SYS,AQ$_SCHEDULER$_REMDB_JOBQTAB_G,,0,,NO,N,IOT,2021-09-28 06:18:15
SYS,AQ$_SCHEDULER$_REMDB_JOBQTAB_H,,0,,NO,N,IOT,2021-09-28 06:18:16
SYS,AQ$_SCHEDULER$_REMDB_JOBQTAB_I,,0,,NO,N,IOT,2021-09-28 06:18:16
SYS,AQ$_SCHEDULER$_REMDB_JOBQTAB_L,SYSTEM,0,0,NO,N,,2021-09-28 06:18:16
SYS,AQ$_SCHEDULER$_REMDB_JOBQTAB_S,SYSTEM,1,1,NO,N,,2021-09-28 06:18:16
SYS,AQ$_SCHEDULER$_REMDB_JOBQTAB_T,,0,,NO,N,IOT,2021-09-28 06:18:16
SYS,AQ$_SCHEDULES,SYSTEM,0,0,NO,N,,2021-09-28 06:18:17
SYS,AQ$_SHARD_MAP,SYSTEM,0,0,NO,N,,2021-09-28 06:18:17
SYS,AQ$_SUBSCRIBER_LWM,,0,0,YES,N,,2021-09-28 06:18:17
SYS,AQ$_SUBSCRIBER_TABLE,SYSTEM,1,1,NO,N,,2021-09-28 06:18:26
SYS,AQ$_SYS$SERVICE_METRICS_TAB_G,,0,,NO,N,IOT,2021-09-28 06:18:26
SYS,AQ$_SYS$SERVICE_METRICS_TAB_H,,0,,NO,N,IOT,2021-09-28 06:18:26
SYS,AQ$_SYS$SERVICE_METRICS_TAB_I,,0,,NO,N,IOT,2021-09-28 06:18:26
SYS,AQ$_SYS$SERVICE_METRICS_TAB_L,SYSAUX,0,0,NO,N,,2021-09-28 06:18:26
SYS,AQ$_SYS$SERVICE_METRICS_TAB_S,SYSAUX,4,5,NO,N,,2021-09-28 06:18:26
SYS,AQ$_SYS$SERVICE_METRICS_TAB_T,,0,,NO,N,IOT,2021-09-28 06:18:27
SYS,ARGUMENT$,SYSTEM,15,3,NO,N,,2021-09-28 06:18:27
SYS,ASSEMBLY$,SYSTEM,0,1555,NO,N,,2021-09-28 06:18:27
SYS,ASSOCIATION$,SYSTEM,0,0,NO,N,,2021-09-28 06:18:27
SYS,ATEMPTAB$,,,,NO,Y,,
SYS,ATSK$_SCHEDULE_CONTROL,SYSAUX,2,5,NO,N,,2021-09-28 06:18:27
SYS,ATSK$_SETTINGS,SYSAUX,16,5,NO,N,,2021-09-28 06:18:28
SYS,ATSK$_TRACK_DBID,SYSAUX,1,5,NO,N,,2021-09-28 06:18:28
SYS,ATTRCOL$,SYSTEM,296,1555,NO,N,,2021-09-28 06:18:28
SYS,ATTRIBUTE$,SYSTEM,10631,3332,NO,N,,2021-09-28 06:18:28
SYS,ATTRIBUTE_TRANSFORMATIONS$,SYSTEM,3,1,NO,N,,2021-09-28 06:18:33
SYS,AUD$,SYSTEM,0,0,NO,N,,2021-09-28 06:18:33
SYS,AUD_CONTEXT$,SYSTEM,0,0,NO,N,,2021-09-28 06:18:33
SYS,AUDIT$,SYSTEM,0,0,NO,N,,2021-09-28 06:18:33
SYS,AUDIT_ACTIONS,SYSTEM,241,1,NO,N,,2021-09-28 06:18:33
SYS,AUDIT_NG$,SYSTEM,2,1,NO,N,,2021-09-28 06:18:33
SYS,AUD_OBJECT_OPT$,SYSTEM,8,1,NO,N,,2021-09-28 06:18:33
SYS,AUD_POLICY$,SYSTEM,10,12,NO,N,,2021-09-28 06:18:33
SYS,AUDTAB$TBS$FOR_EXPORT_TBL,SYSTEM,0,0,NO,N,,2021-09-28 06:18:33
SYS,AUX_STATS$,SYSTEM,0,0,NO,N,,2021-09-28 06:18:34
SYS,AV_DUAL,SYSTEM,1,1,NO,N,,2021-09-28 06:18:34
SYS,AVTUNE_AV_CACHES$,SYSTEM,0,0,NO,N,,2021-09-28 06:18:34
SYS,AVTUNE_AV_TUNING$,SYSTEM,0,0,NO,N,,2021-09-28 06:18:34
SYS,AVTUNE_DIM_CACHES$,SYSTEM,0,0,NO,N,,2021-09-28 06:18:34
SYS,AVTUNE_QUERY_LOG_ARCHIVE$,SYSTEM,0,0,NO,N,,2021-09-28 06:18:34
SYS,AW$,SYSAUX,6,5,NO,N,,2021-09-28 07:11:54
SYS,AW$AWCREATE,SYSAUX,57,5,NO,N,,2021-09-28 07:12:22
SYS,AW$AWCREATE10G,SYSAUX,27,5,NO,N,,2021-09-28 07:12:22
SYS,AW$AWMD,SYSAUX,750,13,NO,N,,2021-09-28 07:12:22
SYS,AW$AWREPORT,SYSAUX,27,5,NO,N,,2021-09-28 07:12:22
SYS,AW$AWXML,SYSAUX,153,5,NO,N,,2021-09-28 07:12:23
SYS,AW$EXPRESS,SYSAUX,111,5,NO,N,,2021-09-28 07:12:23
SYS,AW_OBJ$,SYSAUX,1300,65,NO,N,,2021-09-28 07:11:55
SYS,AW_PRG$,SYSAUX,0,0,NO,N,,2021-09-28 06:18:34
SYS,AW_PROP$,SYSAUX,0,0,NO,N,,2021-09-28 07:11:55
SYS,AW_TRACK$,SYSAUX,0,0,NO,N,,2021-09-28 06:18:35
SYS,BC$,SYSTEM,0,0,NO,N,,2021-09-28 06:18:35
SYS,BC_ATTRIBUTE$,SYSTEM,0,0,NO,N,,2021-09-28 06:18:35
SYS,BC_CHAIN$,SYSTEM,0,0,NO,N,,2021-09-28 06:18:35
SYS,BC_PEER$,SYSTEM,0,0,NO,N,,2021-09-28 06:18:35
SYS,BC_TOMBSTONE$,SYSTEM,0,0,NO,N,,2021-09-28 06:18:35
SYS,BDSQL_USER_MAP,SYSTEM,0,0,NO,N,,2021-09-28 06:18:35
SYS,BLOCKCHAIN_TABLE$,SYSTEM,0,0,NO,N,,2021-09-28 06:18:35
SYS,BLOCKCHAIN_TABLE_CHAIN$,,0,0,YES,N,,2021-09-28 06:18:35
SYS,BLOCKCHAIN_TABLE_DROPPED$,SYSTEM,0,0,NO,N,,2021-09-28 06:18:38
SYS,BLOCKCHAIN_TABLE_EPOCH$,SYSTEM,0,0,NO,N,,2021-09-28 06:18:38
SYS,BOOTSTRAP$,SYSTEM,60,3,NO,N,,2021-09-28 06:18:38
SYS,CACHE_STATS_0$,SYSTEM,0,0,NO,N,,2021-09-28 06:18:38
SYS,CACHE_STATS_1$,SYSTEM,0,0,NO,N,,2021-09-28 06:18:38
SYS,CAPTURED_PRIV$,SYSAUX,0,0,NO,N,,2021-09-28 06:18:38
SYS,CAPTURE_RUN_LOG$,SYSAUX,0,0,NO,N,,2021-09-28 06:18:38
SYS,CATALOG_DDLS,SYSTEM,0,0,NO,N,,2021-09-28 06:18:39
SYS,CCOL$,SYSTEM,8332,92,NO,N,,2021-09-28 06:18:39
SYS,CDB_FILE$,SYSTEM,0,0,NO,N,,2021-09-28 06:18:39
SYS,CDB_LOCAL_ADMINAUTH$,SYSTEM,0,0,NO,N,,2021-09-28 06:18:39
SYS,CDB_PROPS$,SYSTEM,0,0,NO,N,,2021-09-28 06:18:39
SYS,CDB_RESOURCE_PLAN$,SYSTEM,4,1,NO,N,,2021-09-28 06:18:40
SYS,CDB_RESOURCE_PLAN_DIRECTIVE$,SYSTEM,8,1,NO,N,,2021-09-28 06:18:40
SYS,CDB_SERVICE$,SYSTEM,0,0,NO,N,,2021-09-28 06:18:40
SYS,CDB_TS$,SYSTEM,0,0,NO,N,,2021-09-28 06:18:40
SYS,CDBVW_STATS$,SYSTEM,0,0,NO,N,,2021-09-28 06:18:39
SYS,CDEF$,SYSTEM,6535,92,NO,N,,2021-09-28 06:18:40
SYS,CHNF$_CLAUSE_DEPENDENTS,SYSTEM,0,0,NO,N,,2021-09-28 06:18:42
SYS,CHNF$_CLAUSES,,0,,NO,N,IOT,2021-09-28 06:18:42
SYS,CHNFDIRECTLOAD$,SYSTEM,0,0,NO,N,,2021-09-28 06:18:43
SYS,CHNF$_GROUP_FILTER_IOT,,0,,NO,N,IOT,2021-09-28 06:18:42
SYS,CHNF$_QUERIES,SYSTEM,0,0,NO,N,,2021-09-28 06:18:42
SYS,CHNF$_QUERY_BINDS,SYSTEM,0,0,NO,N,,2021-09-28 06:18:42
SYS,CHNF$_QUERY_DELTAS,,,,NO,Y,,
SYS,CHNF$_QUERY_DEPENDENCIES,SYSTEM,0,0,NO,N,,2021-09-28 06:18:42
SYS,CHNF$_QUERY_OBJECT,SYSTEM,0,0,NO,N,,2021-09-28 06:18:42
SYS,CHNF$_REG_QUERIES,SYSTEM,0,0,NO,N,,2021-09-28 06:18:42
SYS,CLI_INST$,SYSTEM,0,0,NO,N,,2021-09-28 06:18:43
SYS,CLI_LOG$,SYSTEM,0,0,NO,N,,2021-09-28 06:18:43
SYS,CLI_PART$,SYSTEM,0,0,NO,N,,2021-09-28 06:18:43
SYS,CLI_TAB$,SYSTEM,0,0,NO,N,,2021-09-28 06:18:43
SYS,CLI_TS$,SYSTEM,0,0,NO,N,,2021-09-28 06:18:43
SYS,CLST$,SYSTEM,0,0,NO,N,,2021-09-28 06:18:43
SYS,CLSTDIMENSION$,SYSTEM,0,0,NO,N,,2021-09-28 06:18:43
SYS,CLSTJOIN$,SYSTEM,0,0,NO,N,,2021-09-28 06:18:43
SYS,CLSTKEY$,SYSTEM,0,0,NO,N,,2021-09-28 06:18:43
SYS,CLU$,SYSTEM,10,1555,NO,N,,2021-09-28 06:18:43
SYS,CLUSTER_DATABASES,,,,NO,Y,,
SYS,CLUSTER_INSTANCES,,,,NO,Y,,
SYS,CLUSTER_NODES,,,,NO,Y,,
SYS,CODEAUTH$,SYSTEM,3,1,NO,N,,2021-09-28 06:18:44
SYS,COL$,SYSTEM,120629,1555,NO,N,,2021-09-28 06:18:44
SYS,COL_GROUP_USAGE$,SYSTEM,0,0,NO,N,,2021-09-28 06:18:53
SYS,COLLECTION$,SYSTEM,943,3332,NO,N,,2021-09-28 06:18:52
SYS,COLTYPE$,SYSTEM,2602,1555,NO,N,,2021-09-28 06:18:53
SYS,COLUMN_STAT$,SYSAUX,0,0,NO,N,,2021-09-28 06:18:53
SYS,COL_USAGE$,SYSTEM,3,1,NO,N,,2021-09-28 06:18:53
SYS,COM$,SYSTEM,15,1,NO,N,,2021-09-28 06:18:53
SYS,COMPARISON$,SYSAUX,0,0,NO,N,,2021-09-28 06:18:53
SYS,COMPARISON_COL$,SYSAUX,0,0,NO,N,,2021-09-28 06:18:53
SYS,COMPARISON_ROW_DIF$,SYSAUX,0,0,NO,N,,2021-09-28 06:18:53
SYS,COMPARISON_SCAN$,SYSAUX,0,0,NO,N,,2021-09-28 06:18:54
SYS,COMPARISON_SCAN_VAL$,SYSAUX,0,0,NO,N,,2021-09-28 06:18:54
SYS,COMPRESSION$,SYSTEM,0,0,NO,N,,2021-09-28 06:18:54
SYS,COMPRESSION_STAT$,SYSAUX,0,0,NO,N,,2021-09-28 06:18:54
SYS,CON$,SYSTEM,6569,28,NO,N,,2021-09-28 06:18:54
SYS,CONDATA$,SYSTEM,0,0,NO,N,,2021-09-28 06:18:55
SYS,CONNECTION_TESTS$,SYSTEM,7,1,NO,N,,2021-09-28 06:18:55
SYS,CONS_ATTR$,SYSTEM,0,0,NO,N,,2021-09-28 06:18:55
SYS,CONS_LOG$,SYSTEM,0,0,NO,N,,2021-09-28 06:18:55
SYS,CONS_PEER$,SYSTEM,0,0,NO,N,,2021-09-28 06:18:55
SYS,CONTAINER$,SYSTEM,0,0,NO,N,,2021-09-28 06:18:55
SYS,CONTEXT$,SYSTEM,6,1,NO,N,,2021-09-28 06:18:55
SYS,CPOOL$,SYSTEM,1,1,NO,N,,2021-09-28 06:18:56
SYS,CQN_EVENT_TABLE,SYSTEM,,,NO,N,,
SYS,CRC$_RESULT_CACHE_STATS,SYSAUX,0,0,NO,N,,2021-09-28 06:18:56
SYS,DAM_CLEANUP_EVENTS$,SYSTEM,0,0,NO,N,,2021-09-28 06:18:56
SYS,DAM_CLEANUP_JOBS$,SYSTEM,0,0,NO,N,,2021-09-28 06:18:56
SYS,DAM_CONFIG_PARAM$,SYSTEM,14,1,NO,N,,2021-09-28 06:18:56
SYS,DAM_LAST_ARCH_TS$,SYSTEM,0,0,NO,N,,2021-09-28 06:18:56
SYS,DAM_PARAM_TAB$,SYSTEM,8,1,NO,N,,2021-09-28 06:18:56
SYS,DATA_GUARD_SITE$,SYSTEM,0,0,NO,N,,2021-09-28 06:18:56
SYS,DATA_PUMP_XPL_TABLE$,,,,NO,Y,,
SYS,DBA_SENSITIVE_DATA_TBL,SYSTEM,0,0,NO,N,,2021-09-28 06:18:56
SYS,DBA_TSDP_POLICY_PROTECTION_TBL,SYSTEM,0,0,NO,N,,2021-09-28 06:18:56
SYS,DBFS$_CLIENTS,SYSTEM,0,0,NO,N,,2021-09-28 06:18:56
SYS,DBFS_HS$_BACKUPFILETABLE,SYSAUX,0,0,NO,N,,2021-09-28 06:18:57
SYS,DBFS_HS$_CONTENTFNMAPTBL,SYSAUX,0,0,NO,N,,2021-09-28 06:18:57
SYS,DBFS_HS$_FS,SYSAUX,0,0,NO,N,,2021-09-28 06:18:57
SYS,DBFS_HS$_PROPERTY,SYSAUX,0,0,NO,N,,2021-09-28 06:18:57
SYS,DBFS_HS$_SFLOCATORTABLE,SYSAUX,0,0,NO,N,,2021-09-28 06:18:57
SYS,DBFS_HS$_STORECOMMANDS,SYSAUX,0,0,NO,N,,2021-09-28 06:18:57
SYS,DBFS_HS$_STOREIDTABLE,SYSAUX,0,0,NO,N,,2021-09-28 06:18:57
SYS,DBFS_HS$_STOREID2POLICYCTX,SYSAUX,0,0,NO,N,,2021-09-28 06:18:57
SYS,DBFS_HS$_STOREPROPERTIES,SYSAUX,0,0,NO,N,,2021-09-28 06:18:57
SYS,DBFS$_MOUNTS,SYSTEM,0,0,NO,N,,2021-09-28 06:18:56
SYS,DBFS_SFS$_FS,SYSTEM,0,0,NO,N,,2021-09-28 06:18:57
SYS,DBFS_SFS$_FST,SYSTEM,0,0,NO,N,,2021-09-28 06:18:57
SYS,DBFS_SFS$_FSTO,SYSTEM,0,0,NO,N,,2021-09-28 06:18:58
SYS,DBFS_SFS$_FSTP,SYSTEM,0,0,NO,N,,2021-09-28 06:18:58
SYS,DBFS_SFS$_SNAP,SYSTEM,0,0,NO,N,,2021-09-28 06:18:58
SYS,DBFS_SFS$_TAB,SYSTEM,0,0,NO,N,,2021-09-28 06:18:58
SYS,DBFS_SFS$_VOL,SYSTEM,0,0,NO,N,,2021-09-28 06:18:58
SYS,DBFS$_STATS,SYSAUX,0,0,NO,N,,2021-09-28 06:18:57
SYS,DBFS$_STORES,SYSTEM,0,0,NO,N,,2021-09-28 06:18:57
SYS,DBMS_ALERT_INFO,SYSTEM,0,0,NO,N,,2021-09-28 06:18:58
SYS,DBMS_LOCK_ALLOCATED,SYSTEM,2,1,NO,N,,2021-09-28 06:18:58
SYS,DBMS_PARALLEL_EXECUTE_CHUNKS$,SYSTEM,0,0,NO,N,,2021-09-28 06:18:58
SYS,DBMS_PARALLEL_EXECUTE_TASK$,SYSTEM,0,0,NO,N,,2021-09-28 06:18:59
SYS,DBMS_SQLPATCH_FILES,SYSTEM,,,NO,N,,
SYS,DBMS_SQLPATCH_STATE,SYSTEM,,,NO,N,,
SYS,DBMS_STATS_ID_MAP_TAB,,,,NO,Y,,
SYS,DBMS_STATS_OBJ_LIST_TAB,,,,NO,Y,,
SYS,DDL_REQUESTS,SYSTEM,0,0,NO,N,,2021-09-28 06:18:59
SYS,DDL_REQUESTS_PWD,SYSTEM,0,0,NO,N,,2021-09-28 06:18:59
SYS,_default_auditing_options_,SYSTEM,0,0,NO,N,,2021-09-28 06:22:26
SYS,DEFAULT_PWD$,SYSTEM,1842,23,NO,N,,2021-09-28 06:18:59
SYS,DEFERRED_STG$,SYSTEM,3283,23,NO,N,,2021-09-28 06:18:59
SYS,DEFROLE$,SYSTEM,0,0,NO,N,,2021-09-28 06:18:59
SYS,DEFSUBPART$,SYSTEM,0,0,NO,N,,2021-09-28 06:18:59
SYS,DEFSUBPARTLOB$,SYSTEM,0,0,NO,N,,2021-09-28 06:18:59
SYS,DEPENDENCY$,SYSTEM,38040,217,NO,N,,2021-09-28 06:18:59
SYS,DGPDB_SITE$,SYSTEM,0,0,NO,N,,2021-09-28 06:19:00
SYS,DIANA_VERSION$,SYSTEM,0,0,NO,N,,2021-09-28 06:19:00
SYS,DIM$,SYSTEM,0,0,NO,N,,2021-09-28 06:19:00
SYS,DIMATTR$,SYSTEM,0,0,NO,N,,2021-09-28 06:19:00
SYS,DIMJOINKEY$,SYSTEM,0,0,NO,N,,2021-09-28 06:19:01
SYS,DIMLEVEL$,SYSTEM,0,0,NO,N,,2021-09-28 06:19:01
SYS,DIMLEVELKEY$,SYSTEM,0,0,NO,N,,2021-09-28 06:19:01
SYS,DIR$,SYSTEM,0,0,NO,N,,2021-09-28 06:19:01
SYS,DIR$ALERT_HISTORY,SYSAUX,0,0,NO,N,,2021-09-28 06:19:01
SYS,DIR$DATABASE_ATTRIBUTES,SYSAUX,0,0,NO,N,,2021-09-28 06:19:01
SYS,DIR$ESCALATE_OPERATIONS,SYSAUX,0,0,NO,N,,2021-09-28 06:19:01
SYS,DIR$INSTANCE_ACTIONS,SYSAUX,0,0,NO,N,,2021-09-28 06:19:01
SYS,DIR$MIGRATE_OPERATIONS,SYSAUX,0,0,NO,N,,2021-09-28 06:19:01
SYS,DIR$NODE_ATTRIBUTES,SYSAUX,0,0,NO,N,,2021-09-28 06:19:02
SYS,DIR$QUIESCE_OPERATIONS,SYSAUX,0,0,NO,N,,2021-09-28 06:19:02
SYS,DIR$REASON_STRINGS,SYSAUX,0,0,NO,N,,2021-09-28 06:19:02
SYS,DIR$RESONATE_OPERATIONS,SYSAUX,0,0,NO,N,,2021-09-28 06:19:02
SYS,DIR$SERVICE_ATTRIBUTES,SYSAUX,0,0,NO,N,,2021-09-28 06:19:02
SYS,DIR$SERVICE_OPERATIONS,SYSAUX,0,0,NO,N,,2021-09-28 06:19:02
SYS,DIR$VICTIM_POLICY,SYSAUX,0,0,NO,N,,2021-09-28 06:19:02
SYS,DST$AFFECTED_TABLES,SYSTEM,0,0,NO,N,,2021-09-28 06:19:03
SYS,DST$ERROR_TABLE,SYSTEM,0,0,NO,N,,2021-09-28 06:19:03
SYS,DST$TRIGGER_TABLE,SYSTEM,0,0,NO,N,,2021-09-28 06:19:03
SYS,DUAL,SYSTEM,1,1,NO,N,,2021-09-28 06:19:03
SYS,DUC$,SYSTEM,6,1,NO,N,,2021-09-28 06:19:04
SYS,ECOL$,SYSTEM,0,0,NO,N,,2021-09-28 06:19:05
SYS,EDITION$,SYSTEM,1,1,NO,N,,2021-09-28 06:19:05
SYS,EDITIONING_TYPES$,,,,NO,Y,,
SYS,ENC$,SYSTEM,0,0,NO,N,,2021-09-28 06:19:05
SYS,EPG$_AUTH,SYSTEM,0,0,NO,N,,2021-09-28 06:34:17
SYS,ERROR$,SYSTEM,0,1,NO,N,,2021-09-28 06:19:05
SYS,EV$,SYSTEM,0,0,NO,N,,2021-09-28 06:19:06
SYS,EVCOL$,SYSTEM,0,0,NO,N,,2021-09-28 06:19:06
SYS,EXPACT$,SYSTEM,4,1,NO,N,,2021-09-28 06:19:07
SYS,EXPDEPACT$,SYSTEM,9,1,NO,N,,2021-09-28 06:19:08
SYS,EXPDEPOBJ$,SYSTEM,87,1,NO,N,,2021-09-28 06:19:09
SYS,EXP_HEAD$,SYSAUX,0,0,NO,N,,2021-09-28 06:19:13
SYS,EXPIMP_TTS_CT$,SYSTEM,0,0,NO,N,,2021-09-28 06:19:10
SYS,EXP_OBJ$,SYSAUX,0,0,NO,N,,2021-09-28 06:19:13
SYS,EXPPKGACT$,SYSTEM,33,1,NO,N,,2021-09-28 06:19:11
SYS,EXPPKGOBJ$,SYSTEM,24,1,NO,N,,2021-09-28 06:19:12
SYS,EXP_SERVICE$,SYSTEM,0,0,NO,N,,2021-09-28 06:19:13
SYS,EXP_STAT$,SYSAUX,0,0,NO,N,,2021-09-28 06:19:13
SYS,EXTERNAL_LOCATION$,SYSTEM,1,1,NO,N,,2021-09-28 06:19:14
SYS,EXTERNAL_SCN_ACTIVITY$,SYSAUX,0,0,NO,N,,2021-09-28 06:19:16
SYS,EXTERNAL_TAB$,SYSTEM,1,1,NO,N,,2021-09-28 06:19:16
SYS,FED$APPS,SYSTEM,0,0,NO,N,,2021-09-28 06:19:17
SYS,FED$APP$STATUS,SYSTEM,0,0,NO,N,,2021-09-28 06:19:17
SYS,FED$BINDS,SYSTEM,0,0,NO,N,,2021-09-28 06:19:17
SYS,FED$DEPENDENCY,SYSTEM,0,0,NO,N,,2021-09-28 06:19:17
SYS,FED$EDITIONS,SYSTEM,0,0,NO,N,,2021-09-28 06:19:17
SYS,FED$ERRORS$HISTORY,SYSTEM,0,0,NO,N,,2021-09-28 06:19:17
SYS,FED$PATCHES,SYSTEM,0,0,NO,N,,2021-09-28 06:19:17
SYS,FED$STATEMENT$ERRORS,SYSTEM,0,0,NO,N,,2021-09-28 06:19:18
SYS,FED$VERSIONS,SYSTEM,0,0,NO,N,,2021-09-28 06:19:18
SYS,FET$,SYSTEM,0,4,NO,N,,2021-09-28 06:19:18
SYS,FGA$,SYSTEM,0,0,NO,N,,2021-09-28 06:19:18
SYS,FGACOL$,SYSTEM,0,0,NO,N,,2021-09-28 06:19:18
SYS,FGA_LOG$,SYSTEM,0,0,NO,N,,2021-09-28 06:19:19
SYS,FGA_LOG$FOR_EXPORT_TBL,SYSTEM,0,0,NO,N,,2021-09-28 06:19:19
SYS,FGR$_FILE_GROUP_EXPORT_INFO,SYSTEM,0,0,NO,N,,2021-09-28 06:19:20
SYS,FGR$_FILE_GROUP_FILES,SYSTEM,0,0,NO,N,,2021-09-28 06:19:20
SYS,FGR$_FILE_GROUPS,SYSTEM,0,0,NO,N,,2021-09-28 06:19:19
SYS,FGR$_FILE_GROUP_VERSIONS,SYSTEM,0,0,NO,N,,2021-09-28 06:19:20
SYS,FGR$_TABLE_INFO,SYSTEM,0,0,NO,N,,2021-09-28 06:19:20
SYS,FGR$_TABLESPACE_INFO,SYSTEM,0,0,NO,N,,2021-09-28 06:19:20
SYS,FILE$,SYSTEM,3,1,NO,N,,2021-09-28 06:19:20
SYS,FINALHIST$,,,,NO,Y,,
SYS,FIXED_OBJ$,SYSTEM,1377,5,NO,N,,2021-09-28 06:19:22
SYS,FOREIGN_REDO_SOURCE,SYSTEM,0,0,NO,N,,2021-09-28 06:19:23
SYS,FOREIGN_REDO_SOURCE_PARAMETER,SYSTEM,0,0,NO,N,,2021-09-28 06:19:23
SYS,GG$_PACKAGE_MAPPING,SYSTEM,10,1,NO,N,,2021-09-28 06:19:23
SYS,GG$_PROCEDURE_ANNOTATION,SYSTEM,59,1,NO,N,,2021-09-28 06:19:23
SYS,GG$_PROC_OBJECT_EXCLUSION,SYSTEM,5,1,NO,N,,2021-09-28 06:19:23
SYS,GG$_SUPPORTED_PACKAGES,SYSTEM,36,1,NO,N,,2021-09-28 06:19:23
SYS,GOLDENGATE$_CONTAINER_RULES,SYSTEM,0,0,NO,N,,2021-09-28 06:19:23
SYS,GOLDENGATE$_PRIVILEGES,SYSTEM,0,0,NO,N,,2021-09-28 06:19:23
SYS,GV_$UNIFIED_AUDIT_TRAIL_TBL,SYSTEM,0,0,NO,N,,2021-09-28 06:19:23
SYS,HANG_MANAGER_PARAMETERS,SYSTEM,0,0,NO,N,,2021-09-28 06:19:24
SYS,HCS_AGGR_FN$,SYSTEM,0,0,NO,N,,2021-09-28 06:19:24
SYS,HCS_AGGR_FN_DIM$,SYSTEM,0,0,NO,N,,2021-09-28 06:19:24
SYS,HCS_ANALYTIC_VIEW$,SYSTEM,0,0,NO,N,,2021-09-28 06:19:24
SYS,HCS_AV_CLSFCTN$,SYSTEM,0,0,NO,N,,2021-09-28 06:19:24
SYS,HCS_AV_COL$,SYSTEM,0,0,NO,N,,2021-09-28 06:19:24
SYS,HCS_AV_DIM$,SYSTEM,0,0,NO,N,,2021-09-28 06:19:26
SYS,HCS_AV_DIM_ATTR$,SYSTEM,0,0,NO,N,,2021-09-28 06:19:26
SYS,HCS_AV_FACT_COLUMN$,SYSTEM,0,0,NO,N,,2021-09-28 06:19:26
SYS,HCS_AV_HIER$,SYSTEM,0,0,NO,N,,2021-09-28 06:19:26
SYS,HCS_AV_KEY$,SYSTEM,0,0,NO,N,,2021-09-28 06:19:26
SYS,HCS_AV_LVL$,SYSTEM,0,0,NO,N,,2021-09-28 06:19:26
SYS,HCS_AV_LVLGRP$,SYSTEM,0,0,NO,N,,2021-09-28 06:19:27
SYS,HCS_AV_MEAS$,SYSTEM,0,0,NO,N,,2021-09-28 06:19:27
SYS,HCS_CLSFCTN$,SYSTEM,0,0,NO,N,,2021-09-28 06:19:27
SYS,HCS_DIM$,SYSTEM,0,0,NO,N,,2021-09-28 06:19:27
SYS,HCS_DIM_ATTR$,SYSTEM,0,0,NO,N,,2021-09-28 06:19:27
SYS,HCS_DIM_DTM_ATTR$,SYSTEM,0,0,NO,N,,2021-09-28 06:19:27
SYS,HCS_DIM_JOIN_PATH$,SYSTEM,0,0,NO,N,,2021-09-28 06:19:27
SYS,HCS_DIM_LVL$,SYSTEM,0,0,NO,N,,2021-09-28 06:19:27
SYS,HCS_DIM_LVL_KEY$,SYSTEM,0,0,NO,N,,2021-09-28 06:19:27
SYS,HCS_DIM_LVL_KEY_ATTR$,SYSTEM,0,0,NO,N,,2021-09-28 06:19:28
SYS,HCS_HIERARCHY$,SYSTEM,0,0,NO,N,,2021-09-28 06:19:28
SYS,HCS_HIER_ATTR$,SYSTEM,0,0,NO,N,,2021-09-28 06:19:28
SYS,HCS_HIER_COL$,SYSTEM,0,0,NO,N,,2021-09-28 06:19:28
SYS,HCS_HIER_JOIN_PATH$,SYSTEM,0,0,NO,N,,2021-09-28 06:19:28
SYS,HCS_HR_LVL$,SYSTEM,0,0,NO,N,,2021-09-28 06:19:28
SYS,HCS_HR_LVL_ID$,SYSTEM,0,0,NO,N,,2021-09-28 06:19:28
SYS,HCS_JOIN_COND_ELEM$,SYSTEM,0,0,NO,N,,2021-09-28 06:19:28
SYS,HCS_LVLGRP_LVLS$,SYSTEM,0,0,NO,N,,2021-09-28 06:19:28
SYS,HCS_LVL_ORD$,SYSTEM,0,0,NO,N,,2021-09-28 06:19:28
SYS,HCS_MEASLST_MEASURES$,SYSTEM,0,0,NO,N,,2021-09-28 06:19:29
SYS,HCS_SRC$,SYSTEM,0,0,NO,N,,2021-09-28 06:19:29
SYS,HCS_SRC_COL$,SYSTEM,0,0,NO,N,,2021-09-28 06:19:29
SYS,HCS_TBL$,SYSTEM,0,0,NO,N,,2021-09-28 06:19:29
SYS,HEAT_MAP_EXTENT_STAT$,SYSAUX,0,0,NO,N,,2021-09-28 06:19:29
SYS,HEAT_MAP_STAT$,SYSAUX,1,5,NO,N,,2021-09-28 06:19:29
SYS,HIER$,SYSTEM,0,0,NO,N,,2021-09-28 06:19:30
SYS,HIERLEVEL$,SYSTEM,0,0,NO,N,,2021-09-28 06:19:30
SYS,HISTGRM$,SYSTEM,0,0,NO,N,,2021-09-28 06:22:38
SYS,HIST_HEAD$,SYSTEM,26909,187,NO,N,,2021-09-28 06:22:38
SYS,HS$_BASE_CAPS,SYSTEM,850,3,NO,N,,2021-09-28 06:19:30
SYS,HS$_BASE_DD,SYSTEM,102,1,NO,N,,2021-09-28 06:19:31
SYS,HS$_CLASS_CAPS,SYSTEM,0,0,NO,N,,2021-09-28 06:19:32
SYS,HS$_CLASS_DD,SYSTEM,0,0,NO,N,,2021-09-28 06:19:32
SYS,HS$_CLASS_INIT,SYSTEM,0,0,NO,N,,2021-09-28 06:19:32
SYS,HS$_FDS_CLASS,SYSTEM,1,1,NO,N,,2021-09-28 06:19:32
SYS,HS$_FDS_CLASS_DATE,SYSTEM,1,1,NO,N,,2021-09-28 06:19:32
SYS,HS$_FDS_INST,SYSTEM,0,0,NO,N,,2021-09-28 06:19:32
SYS,HS$_INST_CAPS,SYSTEM,0,0,NO,N,,2021-09-28 06:19:33
SYS,HS$_INST_DD,SYSTEM,0,0,NO,N,,2021-09-28 06:19:33
SYS,HS$_INST_INIT,SYSTEM,0,0,NO,N,,2021-09-28 06:19:33
SYS,ICOL$,SYSTEM,4687,1555,NO,N,,2021-09-28 06:19:33
SYS,ICOLDEP$,SYSTEM,32,1555,NO,N,,2021-09-28 06:19:33
SYS,ID_GENS$,SYSTEM,1,1,NO,N,,2021-09-28 06:19:37
SYS,IDL_CHAR$,SYSTEM,1937,247,NO,N,,2021-09-28 06:19:33
SYS,IDL_SB4$,SYSTEM,5104,162,NO,N,,2021-09-28 06:19:34
SYS,IDL_UB1$,SYSTEM,4504,132,NO,N,,2021-09-28 06:19:34
SYS,IDL_UB2$,SYSTEM,4129,1161,NO,N,,2021-09-28 06:19:35
SYS,IDNSEQ$,SYSTEM,4,1,NO,N,,2021-09-28 06:19:36
SYS,ILM$,SYSAUX,0,0,NO,N,,2021-09-28 06:19:37
SYS,ILM_CONCURRENCY$,SYSAUX,2,5,NO,N,,2021-09-28 06:19:37
SYS,ILM_DEPENDANT_OBJ$,SYSAUX,0,0,NO,N,,2021-09-28 06:19:37
SYS,ILM_DEP_EXECUTIONDETAILS$,SYSAUX,0,0,NO,N,,2021-09-28 06:19:37
SYS,ILM_EXECUTION$,SYSAUX,0,0,NO,N,,2021-09-28 06:19:37
SYS,ILM_EXECUTIONDETAILS$,SYSAUX,0,0,NO,N,,2021-09-28 06:19:37
SYS,ILMOBJ$,SYSAUX,0,0,NO,N,,2021-09-28 06:19:37
SYS,ILM_PARAM$,SYSAUX,8,5,NO,N,,2021-09-28 06:19:37
SYS,ILMPOLICY$,SYSAUX,0,0,NO,N,,2021-09-28 06:19:37
SYS,ILM_RESULTS$,SYSAUX,0,0,NO,N,,2021-09-28 06:19:38
SYS,ILM_RESULT_STAT$,SYSAUX,0,0,NO,N,,2021-09-28 06:19:38
SYS,IM_DOMAIN$,SYSTEM,0,0,NO,N,,2021-09-28 06:19:38
SYS,IM_IME$,SYSTEM,1,1,NO,N,,2021-09-28 06:19:38
SYS,IM_JOINGROUP$,SYSTEM,0,0,NO,N,,2021-09-28 06:19:38
SYS,IMORDERBY$,SYSTEM,0,0,NO,N,,2021-09-28 06:19:38
SYS,IMPCALLOUTREG$,SYSTEM,38,1,NO,N,,2021-09-28 06:19:38
SYS,IMPDP_STATS,,,,NO,Y,,
SYS,IMSVC$,SYSTEM,0,0,NO,N,,2021-09-28 06:19:38
SYS,IMSVCTS$,SYSTEM,0,0,NO,N,,2021-09-28 06:19:38
SYS,INCEXP,SYSTEM,0,0,NO,N,,2021-09-28 06:19:38
SYS,INCFIL,SYSTEM,0,0,NO,N,,2021-09-28 06:19:38
SYS,INCVID,SYSTEM,1,1,NO,N,,2021-09-28 06:19:38
SYS,IND$,SYSTEM,2078,1555,NO,N,,2021-09-28 06:22:39
SYS,INDARRAYTYPE$,SYSTEM,0,0,NO,N,,2021-09-28 06:19:38
SYS,INDCOMPART$,SYSTEM,0,0,NO,N,,2021-09-28 06:19:39
SYS,INDEX_ORPHANED_ENTRY$,SYSTEM,0,0,NO,N,,2021-09-28 06:19:39
SYS,IND_ONLINE$,SYSTEM,0,0,NO,N,,2021-09-28 06:19:39
SYS,INDOP$,SYSTEM,0,0,NO,N,,2021-09-28 06:19:39
SYS,INDPART$,SYSTEM,228,4,NO,N,,2021-09-28 06:19:39
SYS,INDPART_PARAM$,SYSTEM,0,0,NO,N,,2021-09-28 06:19:39
SYS,INDREBUILD$,SYSTEM,0,0,NO,N,,2021-09-28 06:19:39
SYS,IND_STATS$,SYSTEM,0,0,NO,N,,2021-09-28 06:22:39
SYS,INDSUBPART$,SYSTEM,0,0,NO,N,,2021-09-28 06:19:39
SYS,INDTYPES$,SYSTEM,0,0,NO,N,,2021-09-28 06:19:39
SYS,INSERT_TSN_LIST$,SYSTEM,0,0,NO,N,,2021-09-28 06:19:39
SYS,INVALIDATION_REGISTRY$,SYSTEM,0,0,NO,N,,2021-09-28 06:19:39
SYS,JAVA$CBOBJ$,SYSTEM,34676,55,NO,N,,2021-09-28 06:51:44
SYS,JAVA$COMPILER$OPTIONS,SYSTEM,0,0,NO,N,,2021-09-28 06:51:44
SYS,JAVAJAR$,SYSTEM,3,1,NO,N,,2021-09-28 06:51:45
SYS,JAVAJAROBJECTS$,SYSTEM,290,4,NO,N,,2021-09-28 06:51:45
SYS,JAVA$JVM$RJBC,SYSTEM,0,0,NO,N,,2021-09-28 06:51:44
SYS,JAVA$JVM$RUNTIME$PARAMETERS,SYSTEM,0,0,NO,N,,2021-09-28 06:51:45
SYS,JAVA$JVM$STATUS,SYSTEM,1,1,NO,N,,2021-09-28 06:51:45
SYS,JAVA$JVM$STEPS$DONE,SYSTEM,0,1,NO,N,,2021-09-28 06:51:45
SYS,JAVA$MC$,SYSTEM,0,0,NO,N,,2021-09-28 06:51:45
SYS,JAVA$MC$DEPS,SYSTEM,0,0,NO,N,,2021-09-28 06:51:45
SYS,JAVA$METHOD$METADATA,SYSTEM,0,0,NO,N,,2021-09-28 06:51:45
SYS,JAVANAMESTATUS$,SYSTEM,2,1,NO,N,,2021-09-28 06:51:46
SYS,JAVANEGDEPS$,SYSTEM,49,1,NO,N,,2021-09-28 06:51:46
SYS,JAVAOBJ$,SYSTEM,0,0,NO,N,,2021-09-28 06:19:39
SYS,JAVA$POLICY$,SYSTEM,109,2,NO,N,,2021-09-28 06:51:45
SYS,JAVA$POLICY$SHARED$TABLE,SYSTEM,2,1,NO,N,,2021-09-28 06:51:45
SYS,JAVA$PREFS$,SYSTEM,1,1,NO,N,,2021-09-28 06:51:45
SYS,JAVA$RMJVM$AUX,SYSTEM,0,0,NO,N,,2021-09-28 06:51:45
SYS,JAVA$RMJVM$AUX2,SYSTEM,0,0,NO,N,,2021-09-28 06:51:45
SYS,JAVA$RMJVM$AUX3,SYSTEM,0,52,NO,N,,2021-09-28 06:51:45
SYS,JAVA$RMJVM$AUX4,SYSTEM,0,0,NO,N,,2021-09-28 06:51:45
SYS,JAVA$RUNTIME$EXEC$USER$,SYSTEM,0,0,NO,N,,2021-09-28 06:51:45
SYS,JAVASNM$,SYSTEM,0,0,NO,N,,2021-09-28 06:19:39
SYS,JAVASNM_TMP$,SYSTEM,0,0,NO,N,,2021-09-28 06:51:46
SYS,JIJOIN$,SYSTEM,0,0,NO,N,,2021-09-28 06:19:39
SYS,JIREFRESHSQL$,SYSTEM,0,0,NO,N,,2021-09-28 06:19:40
SYS,JOB$,SYSTEM,0,0,NO,N,,2021-09-28 06:19:40
SYS,KET$_AUTOTASK_STATUS,SYSAUX,1,5,NO,N,,2021-09-28 06:19:40
SYS,KET$_CLIENT_CONFIG,SYSAUX,7,5,NO,N,,2021-09-28 06:19:40
SYS,KET$_CLIENT_TASKS,SYSAUX,0,0,NO,N,,2021-09-28 06:19:40
SYS,KOPM$,SYSTEM,1,1,NO,N,,2021-09-28 06:19:40
SYS,KU$_DATAPUMP_MASTER_10_1,,,,NO,Y,,
SYS,KU$_DATAPUMP_MASTER_11_1,,,,NO,Y,,
SYS,KU$_DATAPUMP_MASTER_11_1_0_7,,,,NO,Y,,
SYS,KU$_DATAPUMP_MASTER_11_2,,,,NO,Y,,
SYS,KU$_DATAPUMP_MASTER_12_0,,,,NO,Y,,
SYS,KU$_DATAPUMP_MASTER_12_2,,,,NO,Y,,
SYS,KU$_LIST_FILTER_TEMP,,,,NO,Y,,
SYS,KU$_LIST_FILTER_TEMP_2,,,,NO,Y,,
SYS,KU$NOEXP_TAB,,,,NO,Y,,
SYS,KU_NOEXP_TAB,SYSTEM,95,1,NO,N,,2021-09-28 06:19:43
SYS,KU$_SHARD_DOMIDX_NAMEMAP,,,,NO,Y,,
SYS,KU$_USER_MAPPING_VIEW_TBL,SYSTEM,0,0,NO,N,,2021-09-28 06:19:43
SYS,KU_UTLUSE,SYSTEM,7,1,NO,N,,2021-09-28 06:19:43
SYS,KU$XKTFBUE,,,,NO,Y,,
SYS,LIBRARY$,SYSTEM,0,1555,NO,N,,2021-09-28 06:19:43
SYS,LINK$,SYSTEM,0,0,NO,N,,2021-09-28 06:19:44
SYS,LINK_LOGONS$,SYSAUX,0,0,NO,N,,2021-09-28 06:19:44
SYS,LINK_SOURCES$,SYSAUX,0,0,NO,N,,2021-09-28 06:19:44
SYS,LOB$,SYSTEM,291,1555,NO,N,,2021-09-28 06:19:44
SYS,LOBCOMPPART$,SYSTEM,0,0,NO,N,,2021-09-28 06:19:44
SYS,LOBFRAG$,SYSTEM,11,1,NO,N,,2021-09-28 06:19:44
SYS,LOC$,SYSTEM,0,0,NO,N,,2021-09-28 06:19:44
SYS,LOCKDOWN_PROF$,SYSTEM,0,0,NO,N,,2021-09-28 06:19:44
SYS,LOG$,SYSTEM,0,0,NO,N,,2021-09-28 06:19:45
SYS,LOGMNR_BUILDLOG,SYSTEM,0,0,NO,N,,2021-09-28 06:19:49
SYS,LOGMNRG_ATTRCOL$,SYSTEM,0,0,NO,N,,2021-09-28 06:19:45
SYS,LOGMNRG_ATTRIBUTE$,SYSTEM,0,0,NO,N,,2021-09-28 06:19:45
SYS,LOGMNRG_CCOL$,SYSTEM,0,0,NO,N,,2021-09-28 06:19:45
SYS,LOGMNRG_CDEF$,SYSTEM,0,0,NO,N,,2021-09-28 06:19:45
SYS,LOGMNRG_COL$,SYSTEM,0,0,NO,N,,2021-09-28 06:19:45
SYS,LOGMNRG_COLTYPE$,SYSTEM,0,0,NO,N,,2021-09-28 06:19:45
SYS,LOGMNRG_CON$,SYSTEM,0,0,NO,N,,2021-09-28 06:19:45
SYS,LOGMNRG_CONTAINER$,SYSTEM,0,0,NO,N,,2021-09-28 06:19:45
SYS,LOGMNRG_DICTIONARY$,SYSTEM,0,0,NO,N,,2021-09-28 06:19:45
SYS,LOGMNRG_ENC$,SYSTEM,0,0,NO,N,,2021-09-28 06:19:46
SYS,LOGMNRG_ICOL$,SYSTEM,0,0,NO,N,,2021-09-28 06:19:46
SYS,LOGMNRG_IDNSEQ$,SYSTEM,0,0,NO,N,,2021-09-28 06:19:46
SYS,LOGMNRG_IND$,SYSTEM,0,0,NO,N,,2021-09-28 06:19:46
SYS,LOGMNRG_INDCOMPART$,SYSTEM,0,0,NO,N,,2021-09-28 06:19:46
SYS,LOGMNRG_INDPART$,SYSTEM,0,0,NO,N,,2021-09-28 06:19:46
SYS,LOGMNRG_INDSUBPART$,SYSTEM,0,0,NO,N,,2021-09-28 06:19:46
SYS,LOGMNRG_KOPM$,SYSTEM,0,0,NO,N,,2021-09-28 06:19:47
SYS,LOGMNRG_LOB$,SYSTEM,0,0,NO,N,,2021-09-28 06:19:47
SYS,LOGMNRG_LOBFRAG$,SYSTEM,0,0,NO,N,,2021-09-28 06:19:47
SYS,LOGMNRG_LOGMNR_BUILDLOG,SYSTEM,0,0,NO,N,,2021-09-28 06:19:47
SYS,LOGMNRG_NTAB$,SYSTEM,0,0,NO,N,,2021-09-28 06:19:47
SYS,LOGMNRG_OBJ$,SYSTEM,0,0,NO,N,,2021-09-28 06:19:47
SYS,LOGMNRG_OPQTYPE$,SYSTEM,0,0,NO,N,,2021-09-28 06:19:47
SYS,LOGMNRG_PARTOBJ$,SYSTEM,0,0,NO,N,,2021-09-28 06:19:48
SYS,LOGMNRG_PROPS$,SYSTEM,0,0,NO,N,,2021-09-28 06:19:48
SYS,LOGMNRG_REFCON$,SYSTEM,0,0,NO,N,,2021-09-28 06:19:48
SYS,LOGMNRG_SEED$,SYSTEM,0,0,NO,N,,2021-09-28 06:19:48
SYS,LOGMNRG_SEED2$,SYSTEM,0,0,NO,N,,2021-09-28 06:19:48
SYS,LOGMNRG_SHARD_TS,SYSTEM,0,0,NO,N,,2021-09-28 06:19:48
SYS,LOGMNRG_SUBCOLTYPE$,SYSTEM,0,0,NO,N,,2021-09-28 06:19:48
SYS,LOGMNRG_TAB$,SYSTEM,0,0,NO,N,,2021-09-28 06:19:48
SYS,LOGMNRG_TABCOMPART$,SYSTEM,0,0,NO,N,,2021-09-28 06:19:48
SYS,LOGMNRG_TABPART$,SYSTEM,0,0,NO,N,,2021-09-28 06:19:48
SYS,LOGMNRG_TABSUBPART$,SYSTEM,0,0,NO,N,,2021-09-28 06:19:48
SYS,LOGMNRG_TS$,SYSTEM,0,0,NO,N,,2021-09-28 06:19:49
SYS,LOGMNRG_TYPE$,SYSTEM,0,0,NO,N,,2021-09-28 06:19:49
SYS,LOGMNRG_USER$,SYSTEM,0,0,NO,N,,2021-09-28 06:19:49
SYS,LTXID_TRANS,,0,0,YES,N,,2021-09-28 06:19:49
SYS,MAP_COMPLIST$,SYSTEM,0,0,NO,N,,2021-09-28 06:19:49
SYS,MAP_ELEMENT$,SYSTEM,0,0,NO,N,,2021-09-28 06:19:49
SYS,MAP_EXTELEMENT$,SYSTEM,0,0,NO,N,,2021-09-28 06:19:49
SYS,MAP_FILE$,SYSTEM,0,0,NO,N,,2021-09-28 06:19:49
SYS,MAP_FILE_EXTENT$,SYSTEM,0,0,NO,N,,2021-09-28 06:19:49
SYS,MAP_OBJECT,,,,NO,Y,,
SYS,MAP_SUBELEMENT$,SYSTEM,0,0,NO,N,,2021-09-28 06:19:49
SYS,METAAUDIT$,SYSTEM,344,2,NO,N,,2021-09-28 06:19:49
SYS,METAFILTER$,SYSTEM,1739,23,NO,N,,2021-09-28 06:19:49
SYS,METANAMETRANS$,SYSTEM,0,0,NO,N,,2021-09-28 06:19:50
SYS,METAPATHMAP$,SYSTEM,0,0,NO,N,,2021-09-28 06:19:50
SYS,METASCRIPT$,SYSTEM,0,0,NO,N,,2021-09-28 06:19:50
SYS,METASCRIPTFILTER$,SYSTEM,0,0,NO,N,,2021-09-28 06:19:50
SYS,METASTYLESHEET,SYSTEM,0,0,NO,N,,2021-09-28 06:19:50
SYS,METAVIEW$,SYSTEM,273,4,NO,N,,2021-09-28 06:19:50
SYS,METAXSL$,SYSTEM,518,3,NO,N,,2021-09-28 06:19:50
SYS,METAXSLPARAM$,SYSTEM,1509,15,NO,N,,2021-09-28 06:19:50
SYS,METAXSLPARAMDESC$,SYSTEM,262,4,NO,N,,2021-09-28 06:19:51
SYS,METHOD$,SYSTEM,2559,3332,NO,N,,2021-09-28 06:19:51
SYS,MIGRATE$,SYSTEM,1,1,NO,N,,2021-09-28 06:19:51
SYS,MLOG$,SYSTEM,0,0,NO,N,,2021-09-28 06:19:52
SYS,MLOG_REFCOL$,SYSTEM,0,0,NO,N,,2021-09-28 06:19:52
SYS,MODEL$,SYSTEM,0,0,NO,N,,2021-09-28 06:19:52
SYS,MODELALG$,SYSTEM,1,1,NO,N,,2021-09-28 06:19:52
SYS,MODELATT$,SYSTEM,0,0,NO,N,,2021-09-28 06:19:52
SYS,MODELGTTRAW$,,,,NO,Y,,
SYS,MODELPART$,SYSTEM,0,0,NO,N,,2021-09-28 06:19:52
SYS,MODELPARTCOL$,SYSTEM,0,0,NO,N,,2021-09-28 06:19:52
SYS,MODELSET$,SYSTEM,0,0,NO,N,,2021-09-28 06:19:52
SYS,MODELTAB$,SYSTEM,0,0,NO,N,,2021-09-28 06:19:52
SYS,MODELXFM$,SYSTEM,0,0,NO,N,,2021-09-28 06:19:52
SYS,MON_MODS$,SYSTEM,0,0,NO,N,,2021-09-28 06:19:52
SYS,MON_MODS_ALL$,SYSTEM,0,0,NO,N,,2021-09-28 06:19:52
SYS,MVREF$_CHANGE_STATS,SYSTEM,0,0,NO,N,,2021-09-28 06:19:52
SYS,MV_REFRESH_USAGE_STATS$,SYSTEM,100,1,NO,N,,2021-09-28 06:19:53
SYS,MVREF$_RUN_STATS,SYSTEM,0,0,NO,N,,2021-09-28 06:19:52
SYS,MVREF$_STATS,SYSTEM,0,0,NO,N,,2021-09-28 06:19:52
SYS,MVREF$_STATS_PARAMS,SYSTEM,0,0,NO,N,,2021-09-28 06:19:52
SYS,MVREF$_STATS_SYS_DEFAULTS,SYSTEM,1,1,NO,N,,2021-09-28 06:19:53
SYS,MVREF$_STMT_STATS,SYSTEM,0,0,NO,N,,2021-09-28 06:19:53
SYS,NACL$_ACE_EXP_TBL,SYSTEM,0,0,NO,N,,2021-09-28 06:19:53
SYS,NACL$_HOST,SYSTEM,1,1,NO,N,,2021-09-28 06:19:53
SYS,NACL$_HOST_EXP_TBL,SYSTEM,0,0,NO,N,,2021-09-28 06:19:53
SYS,NACL$_NAME_MAP,SYSTEM,0,0,NO,N,,2021-09-28 06:19:53
SYS,NACL$_WALLET,SYSTEM,0,0,NO,N,,2021-09-28 06:19:53
SYS,NACL$_WALLET_EXP_TBL,SYSTEM,0,0,NO,N,,2021-09-28 06:19:53
SYS,NCOMP_DLL$,SYSTEM,0,0,NO,N,,2021-09-28 06:19:53
SYS,NEW_LOST_WRITE_DATAFILES$,SYSAUX,0,0,NO,N,,2021-09-28 06:19:53
SYS,NEW_LOST_WRITE_EXTENTS$,SYSAUX,0,0,NO,N,,2021-09-28 06:19:53
SYS,NEW_LOST_WRITE_SHADOWS$,SYSAUX,0,0,NO,N,,2021-09-28 06:19:53
SYS,NOEXP$,SYSTEM,135,1,NO,N,,2021-09-28 06:19:53
SYS,NOTIFICATION$,SYSAUX,0,0,NO,N,,2021-09-28 06:19:53
SYS,NTAB$,SYSTEM,520,1555,NO,N,,2021-09-28 06:19:53
SYS,OBJ$,SYSTEM,22196,360,NO,N,,2021-09-28 06:19:54
SYS,OBJAUTH$,SYSTEM,10273,36,NO,N,,2021-09-28 06:19:56
SYS,OBJECT_USAGE,SYSTEM,0,0,NO,N,,2021-09-28 06:19:56
SYS,OBJERROR$,SYSTEM,0,1,NO,N,,2021-09-28 06:19:56
SYS,OBJPRIV$,SYSTEM,0,0,NO,N,,2021-09-28 06:19:56
SYS,ODCI_PMO_ROWIDS$,,,,NO,Y,,
SYS,ODCI_SECOBJ$,,,,NO,Y,,
SYS,ODCI_WARNINGS$,,,,NO,Y,,
SYS,OFSDTAB$,SYSTEM,0,0,NO,N,,2021-09-28 06:19:56
SYS,OFSFTAB$,SYSTEM,0,0,NO,N,,2021-09-28 06:19:57
SYS,OFSMTAB$,SYSTEM,0,0,NO,N,,2021-09-28 06:19:57
SYS,OFSOTAB$,SYSTEM,0,0,NO,N,,2021-09-28 06:19:57
SYS,OID$,SYSTEM,3726,20,NO,N,,2021-09-28 06:19:57
SYS,OLAP_ATTRIBUTES$,SYSTEM,0,0,NO,N,,2021-09-28 06:19:57
SYS,OLAP_ATTRIBUTE_VISIBILITY$,SYSTEM,0,0,NO,N,,2021-09-28 06:19:57
SYS,OLAP_AW_DEPLOYMENT_CONTROLS$,SYSTEM,0,0,NO,N,,2021-09-28 06:19:57
SYS,OLAP_AW_VIEW_COLUMNS$,SYSTEM,0,0,NO,N,,2021-09-28 06:19:57
SYS,OLAP_AW_VIEWS$,SYSTEM,0,0,NO,N,,2021-09-28 06:19:57
SYS,OLAP_CALCULATED_MEMBERS$,SYSTEM,0,0,NO,N,,2021-09-28 06:19:58
SYS,OLAP_CUBE_BUILD_PROCESSES$,SYSTEM,0,0,NO,N,,2021-09-28 06:19:58
SYS,OLAP_CUBE_DIMENSIONS$,SYSTEM,0,0,NO,N,,2021-09-28 06:19:58
SYS,OLAP_CUBES$,SYSTEM,0,0,NO,N,,2021-09-28 06:19:58
SYS,OLAP_DESCRIPTIONS$,SYSTEM,0,0,NO,N,,2021-09-28 06:19:58
SYS,OLAP_DIMENSIONALITY$,SYSTEM,0,0,NO,N,,2021-09-28 06:19:58
SYS,OLAP_DIM_LEVELS$,SYSTEM,0,0,NO,N,,2021-09-28 06:19:58
SYS,OLAP_HIERARCHIES$,SYSTEM,0,0,NO,N,,2021-09-28 06:19:58
SYS,OLAP_HIER_LEVELS$,SYSTEM,0,0,NO,N,,2021-09-28 06:19:58
SYS,OLAP_IMPL_OPTIONS$,SYSTEM,0,0,NO,N,,2021-09-28 06:19:58
SYS,OLAP_MAPPINGS$,SYSTEM,0,0,NO,N,,2021-09-28 06:19:58
SYS,OLAP_MEAS_FOLDER_CONTENTS$,SYSTEM,0,0,NO,N,,2021-09-28 06:19:58
SYS,OLAP_MEASURE_FOLDERS$,SYSTEM,0,0,NO,N,,2021-09-28 06:19:58
SYS,OLAP_MEASURES$,SYSTEM,0,0,NO,N,,2021-09-28 06:19:58
SYS,OLAP_METADATA_DEPENDENCIES$,SYSTEM,0,0,NO,N,,2021-09-28 06:19:59
SYS,OLAP_METADATA_PROPERTIES$,SYSTEM,0,0,NO,N,,2021-09-28 06:19:59
SYS,OLAP_MODEL_ASSIGNMENTS$,SYSTEM,0,0,NO,N,,2021-09-28 06:19:59
SYS,OLAP_MODEL_PARENTS$,SYSTEM,0,0,NO,N,,2021-09-28 06:19:59
SYS,OLAP_MODELS$,SYSTEM,0,0,NO,N,,2021-09-28 06:19:59
SYS,OLAP_MULTI_OPTIONS$,SYSTEM,0,0,NO,N,,2021-09-28 06:19:59
SYS,OLAP_SYNTAX$,SYSTEM,0,0,NO,N,,2021-09-28 06:19:59
SYS,OLAP_TAB$,SYSTEM,0,0,NO,N,,2021-09-28 06:19:59
SYS,OLAP_TAB_COL$,SYSTEM,0,0,NO,N,,2021-09-28 06:19:59
SYS,OLAP_TAB_HIER$,SYSTEM,0,0,NO,N,,2021-09-28 06:19:59
SYS,ONLINE_HIDDEN_FRAGS$,SYSTEM,0,0,NO,N,,2021-09-28 06:19:59
SYS,OPANCILLARY$,SYSTEM,0,0,NO,N,,2021-09-28 06:19:59
SYS,OPARG$,SYSTEM,25,1,NO,N,,2021-09-28 06:19:59
SYS,OPATCH_INST_JOB,SYSAUX,0,0,NO,N,,2021-09-28 06:20:00
SYS,OPATCH_INST_PATCH,SYSAUX,0,0,NO,N,,2021-09-28 06:20:00
SYS,OPATCH_SQL_PATCHES,SYSAUX,0,0,NO,N,,2021-09-28 06:20:00
SYS,OPATCH_XINV_TAB,SYSAUX,0,0,NO,N,,2021-09-28 06:20:00
SYS,OPATCH_XML_INV,,,,NO,N,,
SYS,OPBINDING$,SYSTEM,9,1,NO,N,,2021-09-28 06:20:18
SYS,OPERATOR$,SYSTEM,7,1,NO,N,,2021-09-28 06:20:18
SYS,OPQTYPE$,SYSTEM,97,1555,NO,N,,2021-09-28 06:20:18
SYS,OPT_CALIBRATION_STATS$,SYSTEM,0,0,NO,N,,2021-09-28 06:20:19
SYS,OPT_DIRECTIVE$,SYSAUX,0,0,NO,N,,2021-09-28 06:20:19
SYS,OPT_DIRECTIVE_OWN$,SYSAUX,0,0,NO,N,,2021-09-28 06:20:19
SYS,OPT_FINDING$,SYSAUX,0,0,NO,N,,2021-09-28 06:20:19
SYS,OPT_FINDING_OBJ$,SYSAUX,0,0,NO,N,,2021-09-28 06:20:19
SYS,OPT_SQLSTAT$,,0,,NO,N,IOT,2021-09-28 06:20:19
SYS,OPTSTAT_HIST_CONTROL$,SYSTEM,49,1,NO,N,,2021-09-28 06:20:18
SYS,OPTSTAT_SNAPSHOT$,SYSTEM,0,0,NO,N,,2021-09-28 06:20:18
SYS,OPTSTAT_USER_PREFS$,SYSTEM,72,1,NO,N,,2021-09-28 06:20:19
SYS,ORA$PREPLUGIN_BACKUP_QTB,SYSTEM,,,NO,N,,
SYS,PARAMETER$,SYSTEM,6570,3332,NO,N,,2021-09-28 06:20:19
SYS,PARTCOL$,SYSTEM,707,3,NO,N,,2021-09-28 06:20:21
SYS,PARTLOB$,SYSTEM,10,1,NO,N,,2021-09-28 06:20:21
SYS,PARTOBJ$,SYSTEM,452,4,NO,N,,2021-09-28 06:20:21
SYS,PDB_ALERT$,SYSTEM,0,0,NO,N,,2021-09-28 06:20:21
SYS,PDB_ARC_SKIP$,SYSTEM,0,0,NO,N,,2021-09-28 06:20:21
SYS,PDB_CREATE$,SYSTEM,0,0,NO,N,,2021-09-28 06:20:22
SYS,PDB_HISTORY$,SYSTEM,0,0,NO,N,,2021-09-28 06:20:22
SYS,PDB_INV_TYPE$,SYSTEM,0,0,NO,N,,2021-09-28 06:20:22
SYS,PDB_MON_EVENT_QTABLE$,SYSAUX,,,NO,N,,
SYS,PDB_REF_CATALOG$,SYSTEM,0,0,NO,N,,2021-09-28 06:20:22
SYS,PDB_SNAPSHOT$,SYSTEM,0,0,NO,N,,2021-09-28 06:20:22
SYS,PDB_SNAPSHOTFILE$,SYSTEM,0,0,NO,N,,2021-09-28 06:20:22
SYS,PDB_SPFILE$,SYSTEM,0,0,NO,N,,2021-09-28 06:20:22
SYS,PDB_STAT$,SYSTEM,13,1,NO,N,,2021-09-28 06:20:22
SYS,PDBSTATE$,SYSTEM,0,0,NO,N,,2021-09-28 06:20:21
SYS,PDB_SVC_STATE$,SYSTEM,0,0,NO,N,,2021-09-28 06:20:23
SYS,PDB_SYNC$,SYSTEM,1,1,NO,N,,2021-09-28 06:20:23
SYS,PDB_SYNC_STMT$,SYSTEM,0,0,NO,N,,2021-09-28 06:20:23
SYS,PENDING_SESSIONS$,SYSTEM,0,0,NO,N,,2021-09-28 06:20:23
SYS,PENDING_SUB_SESSIONS$,SYSTEM,0,0,NO,N,,2021-09-28 06:20:23
SYS,PENDING_TRANS$,SYSTEM,0,0,NO,N,,2021-09-28 06:20:24
SYS,PLAN_TABLE$,,,,NO,Y,,
SYS,PLSCOPE_ACTION$,SYSAUX,0,0,NO,N,,2021-09-28 06:20:24
SYS,PLSCOPE_IDENTIFIER$,SYSAUX,2099,20,NO,N,,2021-09-28 06:20:24
SYS,PLSCOPE_SQL$,SYSAUX,0,0,NO,N,,2021-09-28 06:20:25
SYS,PLSCOPE_STATEMENT$,SYSAUX,0,0,NO,N,,2021-09-28 06:20:25
SYS,PRIV_CAPTURE$,SYSAUX,1,5,NO,N,,2021-09-28 06:20:25
SYS,PRIV_UNUSED$,SYSAUX,0,0,NO,N,,2021-09-28 06:20:25
SYS,PRIV_UNUSED_PATH$,SYSAUX,0,0,NO,N,,2021-09-28 06:20:25
SYS,PRIV_USED_PATH$,SYSAUX,0,0,NO,N,,2021-09-28 06:20:25
SYS,PROCEDURE$,SYSTEM,9,1,NO,N,,2021-09-28 06:20:25
SYS,PROCEDUREBLOCKCHAININFO$,SYSTEM,0,0,NO,N,,2021-09-28 06:20:25
SYS,PROCEDUREC$,SYSTEM,1,1,NO,N,,2021-09-28 06:20:25
SYS,PROCEDUREINFO$,SYSTEM,4,1,NO,N,,2021-09-28 06:20:25
SYS,PROCEDUREJAVA$,SYSTEM,0,0,NO,N,,2021-09-28 06:20:25
SYS,PROCEDUREPLSQL$,SYSTEM,147,1,NO,N,,2021-09-28 06:20:26
SYS,PROFILE$,SYSTEM,57,1,NO,N,,2021-09-28 06:20:26
SYS,PROFNAME$,SYSTEM,3,1,NO,N,,2021-09-28 06:20:26
SYS,PROPS$,SYSTEM,39,1,NO,N,,2021-09-28 06:20:26
SYS,PROXY_DATA$,SYSTEM,0,0,NO,N,,2021-09-28 06:20:26
SYS,PROXY_INFO$,SYSTEM,0,0,NO,N,,2021-09-28 06:20:26
SYS,PROXY_REMOTE$,SYSTEM,0,0,NO,N,,2021-09-28 06:20:26
SYS,PROXY_ROLE_DATA$,SYSTEM,0,0,NO,N,,2021-09-28 06:20:26
SYS,PROXY_ROLE_INFO$,SYSTEM,0,0,NO,N,,2021-09-28 06:20:26
SYS,PS$,SYSAUX,592,5,NO,N,,2021-09-28 07:11:54
SYS,PSTUBTBL,,,,NO,Y,,
SYS,PTSHD_SCHEMA_OBJECTS,SYSTEM,0,0,NO,N,,2021-09-28 06:20:27
SYS,PTT_FEATURE$,SYSTEM,1,1,NO,N,,2021-09-28 06:20:27
SYS,RADM$,SYSTEM,0,0,NO,N,,2021-09-28 06:20:27
SYS,RADM_CD$,SYSTEM,0,0,NO,N,,2021-09-28 06:20:27
SYS,RADM_FPTM$,SYSTEM,1,1,NO,N,,2021-09-28 06:20:27
SYS,RADM_FPTM_LOB$,SYSAUX,1,5,NO,N,,2021-09-28 06:20:27
SYS,RADM_MC$,SYSTEM,0,0,NO,N,,2021-09-28 06:20:27
SYS,RADM_PE$,SYSTEM,0,0,NO,N,,2021-09-28 06:20:27
SYS,RADM_TD$,SYSTEM,0,0,NO,N,,2021-09-28 06:20:28
SYS,RECENT_RESOURCE_INCARNATIONS$,,0,,NO,N,IOT,2021-09-28 06:20:28
SYS,RECO_SCRIPT$,SYSAUX,0,0,NO,N,,2021-09-28 06:20:28
SYS,RECO_SCRIPT_BLOCK$,SYSAUX,0,0,NO,N,,2021-09-28 06:20:28
SYS,RECO_SCRIPT_ERROR$,SYSAUX,0,0,NO,N,,2021-09-28 06:20:28
SYS,RECO_SCRIPT_PARAMS$,SYSAUX,0,0,NO,N,,2021-09-28 06:20:28
SYS,REC_TAB$,SYSTEM,10,1,NO,N,,2021-09-28 06:20:28
SYS,REC_VAR$,SYSTEM,4,1,NO,N,,2021-09-28 06:20:28
SYS,RECYCLEBIN$,SYSTEM,0,0,NO,N,,2021-09-28 06:20:28
SYS,REDEF$,SYSTEM,0,0,NO,N,,2021-09-28 06:20:29
SYS,REDEF_DEP_ERROR$,SYSTEM,0,0,NO,N,,2021-09-28 06:20:29
SYS,REDEF_OBJECT$,SYSTEM,0,0,NO,N,,2021-09-28 06:20:29
SYS,REDEF_OBJECT_BACKUP$,SYSTEM,0,0,NO,N,,2021-09-28 06:20:29
SYS,REDEF_STATUS$,SYSTEM,0,0,NO,N,,2021-09-28 06:20:29
SYS,REDEF_TRACK$,SYSTEM,1,1,NO,N,,2021-09-28 06:20:29
SYS,REFCON$,SYSTEM,0,1555,NO,N,,2021-09-28 06:20:29
SYS,REG$,SYSTEM,2,1,NO,N,,2021-09-28 06:20:29
SYS,REGISTRY$,SYSTEM,2,1,NO,N,,2021-09-28 06:20:30
SYS,REGISTRY$BACKPORTS,SYSTEM,0,0,NO,N,,2021-09-28 06:20:30
SYS,REGISTRY$DATABASE,SYSTEM,1,1,NO,N,,2021-09-28 06:20:30
SYS,REGISTRY$DEPENDENCIES,SYSTEM,0,0,NO,N,,2021-09-28 06:20:30
SYS,REGISTRY$ERROR,SYSTEM,0,0,NO,N,,2021-09-28 06:20:30
SYS,REGISTRY$HISTORY,SYSTEM,0,0,NO,N,,2021-09-28 06:20:30
SYS,REGISTRY$LOG,SYSTEM,0,0,NO,N,,2021-09-28 06:20:30
SYS,REGISTRY$PROGRESS,SYSTEM,0,0,NO,N,,2021-09-28 06:20:30
SYS,REGISTRY$SCHEMAS,SYSTEM,19,1,NO,N,,2021-09-28 06:20:30
SYS,REGISTRY$SQLPATCH,SYSTEM,0,0,NO,N,,2021-09-28 06:34:32
SYS,REGISTRY$SQLPATCH_RU_INFO,SYSTEM,0,0,NO,N,,2021-09-28 06:34:32
SYS,REGISTRY$UPG_RESUME,SYSTEM,25,1,NO,N,,2021-09-28 06:20:30
SYS,REGISTRY$UPG_SUMMARY,SYSTEM,0,0,NO,N,,2021-09-28 06:20:30
SYS,REG_SNAP$,SYSTEM,0,0,NO,N,,2021-09-28 06:20:30
SYS,REPL$_DBNAME_MAPPING,SYSTEM,0,0,NO,N,,2021-09-28 06:20:30
SYS,REPL$_PROCESS_EVENTS,SYSTEM,0,0,NO,N,,2021-09-28 06:20:30
SYS,RESOURCE_CAPABILITY$,SYSTEM,1,1,NO,N,,2021-09-28 06:20:31
SYS,RESOURCE_CATEGORY$,SYSTEM,5,1,NO,N,,2021-09-28 06:20:31
SYS,RESOURCE_CONSUMER_GROUP$,SYSTEM,18,1,NO,N,,2021-09-28 06:20:31
SYS,RESOURCE_COST$,SYSTEM,10,1,NO,N,,2021-09-28 06:20:31
SYS,RESOURCE_GROUP_MAPPING$,SYSTEM,6,1,NO,N,,2021-09-28 06:20:31
SYS,RESOURCE_INSTANCE_CAPABILITY$,SYSTEM,0,0,NO,N,,2021-09-28 06:20:31
SYS,RESOURCE_IO_CALIBRATE$,SYSTEM,0,0,NO,N,,2021-09-28 06:20:31
SYS,RESOURCE_MAP,SYSTEM,18,1,NO,N,,2021-09-28 06:20:31
SYS,RESOURCE_MAPPING_PRIORITY$,SYSTEM,11,1,NO,N,,2021-09-28 06:20:31
SYS,RESOURCE_PLAN$,SYSTEM,21,1,NO,N,,2021-09-28 06:20:31
SYS,RESOURCE_PLAN_DIRECTIVE$,SYSTEM,93,4,NO,N,,2021-09-28 06:20:31
SYS,RESOURCE_STORAGE_POOL_MAPPING$,SYSTEM,3,1,NO,N,,2021-09-28 06:20:32
SYS,RESULT$,SYSTEM,1614,3332,NO,N,,2021-09-28 06:20:32
SYS,RGCHILD$,SYSTEM,0,0,NO,N,,2021-09-28 06:20:32
SYS,RGROUP$,SYSTEM,0,0,NO,N,,2021-09-28 06:20:32
SYS,RLS$,SYSTEM,0,0,NO,N,,2021-09-28 06:20:32
SYS,RLS_CSA$,SYSTEM,0,0,NO,N,,2021-09-28 06:20:33
SYS,RLS_CTX$,SYSTEM,0,0,NO,N,,2021-09-28 06:20:33
SYS,RLS_GRP$,SYSTEM,0,0,NO,N,,2021-09-28 06:20:33
SYS,RLS_SC$,SYSTEM,0,0,NO,N,,2021-09-28 06:20:33
SYS,RMTAB$,SYSTEM,0,0,NO,N,,2021-09-28 06:20:33
SYS,ROPP$X$KCCAL,,0,0,YES,N,,2021-09-28 06:20:33
SYS,ROPP$X$KCCBF,,0,0,YES,N,,2021-09-28 06:20:33
SYS,ROPP$X$KCCBI,,0,0,YES,N,,2021-09-28 06:20:33
SYS,ROPP$X$KCCBL,,0,0,YES,N,,2021-09-28 06:20:34
SYS,ROPP$X$KCCBLKCOR,,0,0,YES,N,,2021-09-28 06:20:34
SYS,ROPP$X$KCCBP,,0,0,YES,N,,2021-09-28 06:20:34
SYS,ROPP$X$KCCBS,,0,0,YES,N,,2021-09-28 06:20:34
SYS,ROPP$X$KCCCC,,0,0,YES,N,,2021-09-28 06:20:34
SYS,ROPP$X$KCCDC,,0,0,YES,N,,2021-09-28 06:20:35
SYS,ROPP$X$KCCDI,,0,0,YES,N,,2021-09-28 06:20:35
SYS,ROPP$X$KCCDI2,,0,0,YES,N,,2021-09-28 06:20:36
SYS,ROPP$X$KCCFC,,0,0,YES,N,,2021-09-28 06:20:36
SYS,ROPP$X$KCCFE,,0,0,YES,N,,2021-09-28 06:20:36
SYS,ROPP$X$KCCFHXCP,SYSAUX,0,0,NO,N,,2021-09-28 06:20:36
SYS,ROPP$X$KCCFN,,0,0,YES,N,,2021-09-28 06:20:37
SYS,ROPP$X$KCCIC,,0,0,YES,N,,2021-09-28 06:20:37
SYS,ROPP$X$KCCLE,,0,0,YES,N,,2021-09-28 06:20:37
SYS,ROPP$X$KCCLH,,0,0,YES,N,,2021-09-28 06:20:37
SYS,ROPP$X$KCCOR,,0,0,YES,N,,2021-09-28 06:20:37
SYS,ROPP$X$KCCPA,,0,0,YES,N,,2021-09-28 06:20:37
SYS,ROPP$X$KCCPD,,0,0,YES,N,,2021-09-28 06:20:38
SYS,ROPP$X$KCCPDB,,0,0,YES,N,,2021-09-28 06:20:38
SYS,ROPP$X$KCCPIC,,0,0,YES,N,,2021-09-28 06:20:38
SYS,ROPP$X$KCCRSR,,0,0,YES,N,,2021-09-28 06:20:38
SYS,ROPP$X$KCCRT,,0,0,YES,N,,2021-09-28 06:20:38
SYS,ROPP$X$KCCSDM,SYSAUX,0,0,NO,N,,2021-09-28 06:20:39
SYS,ROPP$X$KCCSL,,0,0,YES,N,,2021-09-28 06:20:39
SYS,ROPP$X$KCCTF,,0,0,YES,N,,2021-09-28 06:20:39
SYS,ROPP$X$KCCTIR,,0,0,YES,N,,2021-09-28 06:20:39
SYS,ROPP$X$KCCTKH,,0,0,YES,N,,2021-09-28 06:20:39
SYS,ROPP$X$KCCTS,,0,0,YES,N,,2021-09-28 06:20:39
SYS,ROPP$X$KCPDBINC,,0,0,YES,N,,2021-09-28 06:20:39
SYS,ROPP$X$KCVDF,,0,0,YES,N,,2021-09-28 06:20:40
SYS,ROPP$X$KCVFH,,0,0,YES,N,,2021-09-28 06:20:41
SYS,ROPP$X$KCVFHALL,,0,0,YES,N,,2021-09-28 06:20:41
SYS,ROPP$X$KCVFHTMP,,0,0,YES,N,,2021-09-28 06:20:42
SYS,ROPP$X$PDBHISTORY,SYSAUX,0,0,NO,N,,2021-09-28 06:20:42
SYS,ROPP$X$RECIDHISTORY,SYSAUX,0,0,NO,N,,2021-09-28 06:20:42
SYS,RPP$X$KCCAL,SYSAUX,0,0,NO,N,,2021-09-28 06:20:42
SYS,RPP$X$KCCBF,SYSAUX,0,0,NO,N,,2021-09-28 06:20:42
SYS,RPP$X$KCCBI,SYSAUX,0,0,NO,N,,2021-09-28 06:20:42
SYS,RPP$X$KCCBL,SYSAUX,0,0,NO,N,,2021-09-28 06:20:42
SYS,RPP$X$KCCBLKCOR,SYSAUX,0,0,NO,N,,2021-09-28 06:20:43
SYS,RPP$X$KCCBP,SYSAUX,0,0,NO,N,,2021-09-28 06:20:43
SYS,RPP$X$KCCBS,SYSAUX,0,0,NO,N,,2021-09-28 06:20:43
SYS,RPP$X$KCCCC,SYSAUX,0,0,NO,N,,2021-09-28 06:20:43
SYS,RPP$X$KCCDC,SYSAUX,0,0,NO,N,,2021-09-28 06:20:43
SYS,RPP$X$KCCDI,SYSAUX,0,0,NO,N,,2021-09-28 06:20:43
SYS,RPP$X$KCCDI2,SYSAUX,0,0,NO,N,,2021-09-28 06:20:43
SYS,RPP$X$KCCFC,SYSAUX,0,0,NO,N,,2021-09-28 06:20:44
SYS,RPP$X$KCCFE,SYSAUX,0,0,NO,N,,2021-09-28 06:20:44
SYS,RPP$X$KCCFN,SYSAUX,0,0,NO,N,,2021-09-28 06:20:44
SYS,RPP$X$KCCIC,SYSAUX,0,0,NO,N,,2021-09-28 06:20:44
SYS,RPP$X$KCCLE,SYSAUX,0,0,NO,N,,2021-09-28 06:20:44
SYS,RPP$X$KCCLH,SYSAUX,0,0,NO,N,,2021-09-28 06:20:44
SYS,RPP$X$KCCOR,SYSAUX,0,0,NO,N,,2021-09-28 06:20:44
SYS,RPP$X$KCCPA,SYSAUX,0,0,NO,N,,2021-09-28 06:20:44
SYS,RPP$X$KCCPD,SYSAUX,0,0,NO,N,,2021-09-28 06:20:44
SYS,RPP$X$KCCPDB,SYSAUX,0,0,NO,N,,2021-09-28 06:20:45
SYS,RPP$X$KCCPIC,SYSAUX,0,0,NO,N,,2021-09-28 06:20:45
SYS,RPP$X$KCCRSR,SYSAUX,0,0,NO,N,,2021-09-28 06:20:45
SYS,RPP$X$KCCRT,SYSAUX,0,0,NO,N,,2021-09-28 06:20:45
SYS,RPP$X$KCCSL,SYSAUX,0,0,NO,N,,2021-09-28 06:20:45
SYS,RPP$X$KCCTF,SYSAUX,0,0,NO,N,,2021-09-28 06:20:45
SYS,RPP$X$KCCTIR,SYSAUX,0,0,NO,N,,2021-09-28 06:20:45
SYS,RPP$X$KCCTKH,SYSAUX,0,0,NO,N,,2021-09-28 06:20:45
SYS,RPP$X$KCCTS,SYSAUX,0,0,NO,N,,2021-09-28 06:20:45
SYS,RPP$X$KCPDBINC,SYSAUX,0,0,NO,N,,2021-09-28 06:20:45
SYS,RPP$X$KCVDF,SYSAUX,0,0,NO,N,,2021-09-28 06:20:45
SYS,RPP$X$KCVFH,SYSAUX,0,0,NO,N,,2021-09-28 06:20:45
SYS,RPP$X$KCVFHALL,SYSAUX,0,0,NO,N,,2021-09-28 06:20:46
SYS,RPP$X$KCVFHTMP,SYSAUX,0,0,NO,N,,2021-09-28 06:20:46
SYS,RSRC_CNT_HISTORY$,SYSTEM,0,0,NO,N,,2021-09-28 06:20:46
SYS,RULE$,SYSTEM,1,1,NO,N,,2021-09-28 06:20:46
SYS,RULE_EC$,SYSTEM,11,1,NO,N,,2021-09-28 06:20:46
SYS,RULE_MAP$,SYSTEM,2,1,NO,N,,2021-09-28 06:20:46
SYS,RULE_SET$,SYSTEM,19,1,NO,N,,2021-09-28 06:20:46
SYS,RULESET$,SYSTEM,0,0,NO,N,,2021-09-28 06:20:46
SYS,RULE_SET_EE$,SYSTEM,2,1,NO,N,,2021-09-28 06:20:46
SYS,RULE_SET_FOB$,SYSTEM,8,1,NO,N,,2021-09-28 06:20:47
SYS,RULE_SET_IEUAC$,SYSTEM,1,1,NO,N,,2021-09-28 06:20:47
SYS,RULE_SET_IOT$,,6,,NO,N,IOT,2021-09-28 06:20:47
SYS,RULE_SET_NL$,SYSTEM,8,1,NO,N,,2021-09-28 06:20:47
SYS,RULE_SET_PR$,,0,,NO,N,IOT,2021-09-28 06:20:47
SYS,RULE_SET_PTPDTY$,,0,,NO,N,IOT,2021-09-28 06:20:47
SYS,RULE_SET_RDEP$,SYSTEM,2,1,NO,N,,2021-09-28 06:20:47
SYS,RULE_SET_RE$,SYSTEM,2,1,NO,N,,2021-09-28 06:20:47
SYS,RULE_SET_ROP$,,4,,NO,N,IOT,2021-09-28 06:20:48
SYS,RULE_SET_ROR$,SYSTEM,2,1,NO,N,,2021-09-28 06:20:48
SYS,RULE_SET_TE$,SYSTEM,2,1,NO,N,,2021-09-28 06:20:48
SYS,RULE_SET_VE$,SYSTEM,0,0,NO,N,,2021-09-28 06:20:48
SYS,RXS$SESSION_APPNS,SYSTEM,0,0,NO,N,,2021-09-28 06:20:48
SYS,RXS$SESSION_ROLES,SYSTEM,0,0,NO,N,,2021-09-28 06:20:48
SYS,RXS$SESSIONS,SYSTEM,0,0,NO,N,,2021-09-28 06:20:48
SYS,SAM_SPARSITY_ADVICE,,,,NO,Y,,
SYS,SCHEDULER$_CHAIN,SYSTEM,0,0,NO,N,,2021-09-28 06:20:48
SYS,SCHEDULER$_CLASS,SYSTEM,15,1,NO,N,,2021-09-28 06:20:48
SYS,SCHEDULER$_CONSTRAINTS,SYSTEM,0,0,NO,N,,2021-09-28 06:20:48
SYS,SCHEDULER$_CONSTRAINTS_STATS,SYSAUX,0,0,NO,N,,2021-09-28 06:20:49
SYS,SCHEDULER$_CREDENTIAL,SYSTEM,0,0,NO,N,,2021-09-28 06:20:49
SYS,SCHEDULER$_DBMSJOB_MAP,SYSTEM,0,0,NO,N,,2021-09-28 06:20:49
SYS,SCHEDULER$_DESTINATIONS,SYSTEM,2,1,NO,N,,2021-09-28 06:20:49
SYS,SCHEDULER$_EVENT_LOG,SYSAUX,29,5,NO,N,,2021-09-28 06:20:49
SYS,SCHEDULER$_EVENT_QTAB,SYSTEM,,,NO,N,,
SYS,SCHEDULER$_EVTQ_SUB,SYSTEM,0,0,NO,N,,2021-09-28 06:20:49
SYS,SCHEDULER$_FILE_WATCHER,SYSTEM,0,0,NO,N,,2021-09-28 06:20:49
SYS,SCHEDULER$_FILEWATCHER_HISTORY,SYSTEM,0,0,NO,N,,2021-09-28 06:20:49
SYS,SCHEDULER_FILEWATCHER_QT,SYSTEM,,,NO,N,,
SYS,SCHEDULER$_FILEWATCHER_RESEND,SYSTEM,0,0,NO,N,,2021-09-28 06:20:49
SYS,SCHEDULER$_GLOBAL_ATTRIBUTE,SYSTEM,11,1,NO,N,,2021-09-28 06:20:50
SYS,SCHEDULER$_JOB,SYSTEM,18,3,NO,N,,2021-09-28 06:20:50
SYS,SCHEDULER$_JOB_ARGUMENT,SYSTEM,5,1,NO,N,,2021-09-28 06:20:50
SYS,SCHEDULER$_JOB_DESTINATIONS,SYSTEM,0,0,NO,N,,2021-09-28 06:20:50
SYS,SCHEDULER$_JOB_OUT_ARGS,SYSAUX,0,0,NO,N,,2021-09-28 06:20:51
SYS,SCHEDULER$_JOB_OUTPUT,SYSAUX,0,0,NO,N,,2021-09-28 06:20:50
SYS,SCHEDULER$_JOB_RUN_DETAILS,SYSAUX,0,0,NO,N,,2021-09-28 06:20:51
SYS,SCHEDULER$_LIGHTWEIGHT_JOB,SYSTEM,0,0,NO,N,,2021-09-28 06:20:51
SYS,SCHEDULER$_LISTENERADDRESSES,SYSTEM,0,0,NO,N,,2021-09-28 06:20:51
SYS,SCHEDULER$_LWJOB_OBJ,SYSTEM,0,0,NO,N,,2021-09-28 06:20:51
SYS,SCHEDULER$_NOTIFICATION,SYSTEM,0,0,NO,N,,2021-09-28 06:20:51
SYS,SCHEDULER$_PROGRAM,SYSTEM,10,2,NO,N,,2021-09-28 06:20:51
SYS,SCHEDULER$_PROGRAM_ARGUMENT,SYSTEM,13,1,NO,N,,2021-09-28 06:20:52
SYS,SCHEDULER$_REMDB_JOBQTAB,SYSTEM,,,NO,N,,
SYS,SCHEDULER$_REMOTE_DBS,SYSTEM,0,0,NO,N,,2021-09-28 06:20:52
SYS,SCHEDULER$_REMOTE_JOB_STATE,SYSTEM,0,0,NO,N,,2021-09-28 06:20:52
SYS,SCHEDULER$_RESOURCES,SYSTEM,0,0,NO,N,,2021-09-28 06:20:52
SYS,SCHEDULER$_RJOB_SRC_DB_INFO,SYSTEM,0,0,NO,N,,2021-09-28 06:20:52
SYS,SCHEDULER$_SAVED_OIDS,SYSTEM,1,1,NO,N,,2021-09-28 06:20:52
SYS,SCHEDULER$_SCHEDULE,SYSTEM,4,1,NO,N,,2021-09-28 06:20:53
SYS,SCHEDULER$_SRCQ_INFO,SYSTEM,0,0,NO,N,,2021-09-28 06:20:53
SYS,SCHEDULER$_SRCQ_MAP,SYSTEM,0,0,NO,N,,2021-09-28 06:20:53
SYS,SCHEDULER$_STEP,SYSTEM,0,0,NO,N,,2021-09-28 06:20:53
SYS,SCHEDULER$_STEP_STATE,SYSAUX,0,0,NO,N,,2021-09-28 06:20:53
SYS,SCHEDULER$_WINDOW,SYSTEM,9,1,NO,N,,2021-09-28 06:20:53
SYS,SCHEDULER$_WINDOW_DETAILS,SYSAUX,0,0,NO,N,,2021-09-28 06:20:53
SYS,SCHEDULER$_WINDOW_GROUP,SYSTEM,4,1,NO,N,,2021-09-28 06:20:53
SYS,SCHEDULER$_WINGRP_MEMBER,SYSTEM,28,1,NO,N,,2021-09-28 06:20:53
SYS,SECOBJ$,SYSTEM,0,0,NO,N,,2021-09-28 06:20:54
SYS,SEG$,SYSTEM,946,28,NO,N,,2021-09-28 06:20:54
SYS,SENSITIVE_FIXED$,SYSTEM,0,0,NO,N,,2021-09-28 06:20:54
SYS,SEQ$,SYSTEM,189,2,NO,N,,2021-09-28 06:20:54
SYS,SERVICE$,SYSTEM,0,0,NO,N,,2021-09-28 06:20:54
SYS,SESS_CNT_HISTORY$,SYSTEM,0,0,NO,N,,2021-09-28 06:20:54
SYS,SESSION_TEMPLATE$,,0,,NO,N,IOT,2021-09-28 06:20:54
SYS,SESSION_TEMPLATE_ID$,SYSTEM,2,1,NO,N,,2021-09-28 06:20:54
SYS,SESSION_TEMPLATE_SPARES$,SYSTEM,0,0,NO,N,,2021-09-28 06:20:54
SYS,SETTINGS$,SYSTEM,3928,20,NO,N,,2021-09-28 06:20:54
SYS,SHARD_KEYS,SYSTEM,0,0,NO,N,,2021-09-28 06:20:55
SYS,SHARD_OBJECTS,SYSTEM,0,0,NO,N,,2021-09-28 06:20:55
SYS,SLOG$,SYSTEM,0,0,NO,N,,2021-09-28 06:20:55
SYS,SMB$CONFIG,SYSAUX,42,5,NO,N,,2021-09-28 06:20:55
SYS,SMON_SCN_TIME,SYSAUX,0,0,NO,N,,2021-09-28 06:20:55
SYS,SNAP$,SYSTEM,0,0,NO,N,,2021-09-28 06:20:55
SYS,SNAP_COLMAP$,SYSTEM,0,0,NO,N,,2021-09-28 06:20:56
SYS,SNAP_LOADERTIME$,SYSTEM,0,0,NO,N,,2021-09-28 06:20:56
SYS,SNAP_LOGDEP$,SYSTEM,0,0,NO,N,,2021-09-28 06:20:56
SYS,SNAP_OBJCOL$,SYSTEM,0,0,NO,N,,2021-09-28 06:20:56
SYS,SNAP_REFOP$,SYSTEM,0,0,NO,N,,2021-09-28 06:20:56
SYS,SNAP_REFTIME$,SYSTEM,0,0,NO,N,,2021-09-28 06:20:56
SYS,SNAP_SITE$,SYSTEM,0,0,NO,N,,2021-09-28 06:20:56
SYS,SNAP_XCMT$,SYSTEM,,,NO,N,,
SYS,SOURCE$,SYSTEM,643,39,NO,N,,2021-09-28 06:20:56
SYS,SPD_SCRATCH_TAB,,,,NO,Y,,
SYS,SQL$,SYSAUX,0,0,NO,N,,2021-09-28 06:20:56
SYS,SQL$_DATAPUMP_TBL,SYSTEM,0,0,NO,N,,2021-09-28 06:20:56
SYS,SQLERROR$,SYSTEM,0,0,NO,N,,2021-09-28 06:20:56
SYS,SQLLOG$,,0,,NO,N,IOT,2021-09-28 06:20:57
SYS,SQLOBJ$,,0,,NO,N,IOT,2021-09-28 06:20:57
SYS,SQLOBJ$AUXDATA,SYSAUX,0,0,NO,N,,2021-09-28 06:20:57
SYS,SQLOBJ$AUXDATA_DATAPUMP_TBL,SYSTEM,0,0,NO,N,,2021-09-28 06:20:57
SYS,SQLOBJ$DATA,,0,,NO,N,IOT,2021-09-28 06:20:57
SYS,SQLOBJ$DATA_DATAPUMP_TBL,SYSTEM,0,0,NO,N,,2021-09-28 06:20:58
SYS,SQLOBJ$_DATAPUMP_TBL,SYSTEM,0,0,NO,N,,2021-09-28 06:20:58
SYS,SQLOBJ$PLAN,SYSAUX,0,0,NO,N,,2021-09-28 06:20:58
SYS,SQLOBJ$PLAN_DATAPUMP_TBL,SYSTEM,0,0,NO,N,,2021-09-28 06:20:58
SYS,SQL$TEXT,SYSAUX,0,0,NO,N,,2021-09-28 06:20:56
SYS,SQL$TEXT_DATAPUMP_TBL,SYSTEM,0,0,NO,N,,2021-09-28 06:20:56
SYS,SQL_TK_COLL_CHK$,SYSAUX,38,5,NO,N,,2021-09-28 06:20:58
SYS,SQL_TK_REF_CHK$,SYSAUX,74,5,NO,N,,2021-09-28 06:20:58
SYS,SQL_TK_ROW_CHK$,SYSAUX,36,5,NO,N,,2021-09-28 06:20:58
SYS,SQL_TK_TAB_DESC$,SYSAUX,34,5,NO,N,,2021-09-28 06:20:58
SYS,SQLTXL$,SYSTEM,0,0,NO,N,,2021-09-28 06:20:58
SYS,SQLTXL_ERR$,SYSTEM,0,0,NO,N,,2021-09-28 06:20:58
SYS,SQLTXL_SQL$,SYSTEM,0,0,NO,N,,2021-09-28 06:20:58
SYS,SQL_VERSION$,SYSTEM,4,1,NO,N,,2021-09-28 06:20:58
SYS,SSCR_CAP$,SYSAUX,0,0,NO,N,,2021-09-28 06:20:59
SYS,SSCR_RES$,SYSAUX,0,0,NO,N,,2021-09-28 06:20:59
SYS,STATS_ADVISOR_FILTER_OBJ$,,,,NO,Y,,
SYS,STATS_ADVISOR_FILTER_OPR$,,,,NO,Y,,
SYS,STATS_ADVISOR_FILTER_RULE$,,,,NO,Y,,
SYS,STATS_TARGET$,SYSAUX,0,0,NO,N,,2021-09-28 06:20:59
SYS,STMT_AUDIT_OPTION_MAP,SYSTEM,341,2,NO,N,,2021-09-28 06:20:59
SYS,STREAMS$_APPLY_MILESTONE,SYSTEM,0,0,NO,N,,2021-09-28 06:20:59
SYS,STREAMS$_APPLY_PROCESS,SYSTEM,0,0,NO,N,,2021-09-28 06:20:59
SYS,STREAMS$_APPLY_PROGRESS,SYSAUX,0,0,NO,N,,2021-09-28 06:20:59
SYS,STREAMS$_APPLY_SPILL_MESSAGES,SYSAUX,0,0,NO,N,,2021-09-28 06:21:00
SYS,STREAMS$_APPLY_SPILL_MSGS_PART,,0,0,YES,N,,2021-09-28 06:21:00
SYS,STREAMS$_APPLY_SPILL_TXN,SYSAUX,0,0,NO,N,,2021-09-28 06:21:00
SYS,STREAMS$_APPLY_SPILL_TXN_LIST,SYSAUX,0,0,NO,N,,2021-09-28 06:21:00
SYS,STREAMS$_CAPTURE_PROCESS,SYSTEM,0,0,NO,N,,2021-09-28 06:21:00
SYS,STREAMS$_CAPTURE_SERVER,SYSTEM,0,0,NO,N,,2021-09-28 06:21:00
SYS,STREAMS$_COMPONENT,SYSAUX,0,0,NO,N,,2021-09-28 06:21:00
SYS,STREAMS$_COMPONENT_EVENT_IN,,,,NO,Y,,
SYS,STREAMS$_COMPONENT_IN,,,,NO,Y,,
SYS,STREAMS$_COMPONENT_LINK,SYSAUX,0,0,NO,N,,2021-09-28 06:21:00
SYS,STREAMS$_COMPONENT_LINK_IN,,,,NO,Y,,
SYS,STREAMS$_COMPONENT_PROP,SYSAUX,0,0,NO,N,,2021-09-28 06:21:00
SYS,STREAMS$_COMPONENT_PROP_IN,,,,NO,Y,,
SYS,STREAMS$_COMPONENT_STAT_IN,,,,NO,Y,,
SYS,STREAMS$_COMPONENT_STAT_OUT,,,,NO,Y,,
SYS,STREAMS$_DATABASE,SYSAUX,0,0,NO,N,,2021-09-28 06:21:01
SYS,STREAMS$_DEF_PROC,SYSTEM,0,0,NO,N,,2021-09-28 06:21:01
SYS,STREAMS$_DEST_OBJ_COLS,SYSTEM,0,0,NO,N,,2021-09-28 06:21:01
SYS,STREAMS$_DEST_OBJS,SYSTEM,0,0,NO,N,,2021-09-28 06:21:01
SYS,STREAMS$_EXTRA_ATTRS,SYSTEM,0,0,NO,N,,2021-09-28 06:21:01
SYS,STREAMS$_INTERNAL_TRANSFORM,SYSTEM,0,0,NO,N,,2021-09-28 06:21:01
SYS,STREAMS$_KEY_COLUMNS,SYSTEM,0,0,NO,N,,2021-09-28 06:21:01
SYS,STREAMS$_LOCAL_ACTIONS_IN,,,,NO,Y,,
SYS,STREAMS$_LOCAL_FINDINGS_IN,,,,NO,Y,,
SYS,STREAMS$_LOCAL_RECS_IN,,,,NO,Y,,
SYS,STREAMS$_MESSAGE_CONSUMERS,SYSTEM,0,0,NO,N,,2021-09-28 06:21:01
SYS,STREAMS$_MESSAGE_RULES,SYSTEM,0,0,NO,N,,2021-09-28 06:21:01
SYS,STREAMS$_PATH_BOTTLENECK_OUT,,,,NO,Y,,
SYS,STREAMS$_PATH_STAT_OUT,,,,NO,Y,,
SYS,STREAMS$_PREPARE_DDL,SYSTEM,0,0,NO,N,,2021-09-28 06:21:01
SYS,STREAMS$_PREPARE_OBJECT,SYSTEM,0,0,NO,N,,2021-09-28 06:21:01
SYS,STREAMS$_PRIVILEGED_USER,SYSTEM,0,0,NO,N,,2021-09-28 06:21:01
SYS,STREAMS$_PROCESS_PARAMS,SYSTEM,0,0,NO,N,,2021-09-28 06:21:01
SYS,STREAMS$_PROPAGATION_PROCESS,SYSTEM,0,0,NO,N,,2021-09-28 06:21:01
SYS,STREAMS$_RULES,SYSTEM,0,0,NO,N,,2021-09-28 06:21:01
SYS,STREAMS$_SPLIT_MERGE,SYSTEM,0,0,NO,N,,2021-09-28 06:21:02
SYS,STREAMS$_STMT_HANDLERS,SYSTEM,0,0,NO,N,,2021-09-28 06:21:02
SYS,STREAMS$_STMT_HANDLER_STMTS,SYSTEM,0,0,NO,N,,2021-09-28 06:21:02
SYS,SUBCOLTYPE$,SYSTEM,45,1555,NO,N,,2021-09-28 06:21:02
SYS,SUBPARTCOL$,SYSTEM,1,1,NO,N,,2021-09-28 06:21:02
SYS,SUM$,SYSTEM,0,0,NO,N,,2021-09-28 06:21:02
SYS,SUMAGG$,SYSTEM,0,0,NO,N,,2021-09-28 06:21:02
SYS,SUMDELTA$,SYSTEM,,,NO,N,,
SYS,SUMDEP$,SYSTEM,0,0,NO,N,,2021-09-28 06:21:02
SYS,SUMDETAIL$,SYSTEM,0,0,NO,N,,2021-09-28 06:21:02
SYS,SUMINLINE$,SYSTEM,0,0,NO,N,,2021-09-28 06:21:03
SYS,SUMJOIN$,SYSTEM,0,0,NO,N,,2021-09-28 06:21:03
SYS,SUMKEY$,SYSTEM,0,0,NO,N,,2021-09-28 06:21:03
SYS,SUMPARTLOG$,SYSTEM,0,0,NO,N,,2021-09-28 06:21:03
SYS,SUMPRED$,SYSTEM,0,0,NO,N,,2021-09-28 06:21:03
SYS,SUMQB$,SYSTEM,0,0,NO,N,,2021-09-28 06:21:03
SYS,SUPEROBJ$,SYSTEM,0,0,NO,N,,2021-09-28 06:21:03
SYS,SVCOBJ$,,0,,NO,N,IOT,2021-09-28 06:21:03
SYS,SVCOBJ_ACCESS$,,0,,NO,N,IOT,2021-09-28 06:21:04
SYS,SVCOBJ_ACCESS_ATTR$,SYSAUX,1,5,NO,N,,2021-09-28 06:21:04
SYS,SVCOBJ_CONFLICT$,,0,,NO,N,IOT,2021-09-28 06:21:04
SYS,SWAT_ARM_FEEDBACK$,SYSAUX,0,0,NO,N,,2021-09-28 06:21:04
SYS,SWAT_ARM_STATUS$,SYSAUX,0,0,NO,N,,2021-09-28 06:21:04
SYS,SWAT$CONFIG_PARAMS,SYSAUX,84,5,NO,N,,2021-09-28 06:21:04
SYS,SWAT_MM_JOURNAL$,SYSAUX,0,0,NO,N,,2021-09-28 06:21:04
SYS,SWAT_MM_REFRESH_HISTORY$,SYSAUX,0,0,NO,N,,2021-09-28 06:21:04
SYS,SWAT_MM_SID_MAPPING$,SYSAUX,0,0,NO,N,,2021-09-28 06:21:05
SYS,SWAT_VER$,SYSAUX,0,0,NO,N,,2021-09-28 06:21:05
SYS,SWAT_VER_GTT_COST_INFO$,,,,NO,Y,,
SYS,SWAT_VER_GTT_STRATUM_INFO$,,,,NO,Y,,
SYS,SWAT_VER_JOURNAL$,SYSAUX,0,0,NO,N,,2021-09-28 06:21:05
SYS,SWAT_VER_MV_BENEFIT$,SYSAUX,0,0,NO,N,,2021-09-28 06:21:05
SYS,SWAT_VER_STATE$,SYSAUX,0,0,NO,N,,2021-09-28 06:21:05
SYS,SWR$_ATTRNAME,SYSAUX,0,0,NO,N,,2021-09-28 06:21:05
SYS,SWR$_OPTIMIZER_ENV,SYSAUX,0,0,NO,N,,2021-09-28 06:21:05
SYS,SWR$_SNAPSHOT,SYSAUX,0,0,NO,N,,2021-09-28 06:21:05
SYS,SWR$_SNAPSHOT_ERROR,SYSAUX,0,0,NO,N,,2021-09-28 06:21:05
SYS,SWR$_SQLPLAN,SYSAUX,0,0,NO,N,,2021-09-28 06:21:05
SYS,SWR$_SQLSTAT_DELTA,,0,0,YES,N,,2021-09-28 06:21:05
SYS,SWR$_SQLTEXT,SYSAUX,0,0,NO,N,,2021-09-28 06:21:06
SYS,SWR$_SQLTEXT_REFCOUNT,SYSAUX,0,0,NO,N,,2021-09-28 06:21:06
SYS,SYN$,SYSTEM,0,0,NO,N,,2021-09-28 06:21:06
SYS,SYNCREF$_ER_REFGRPS,SYSTEM,0,0,NO,N,,2021-09-28 06:21:06
SYS,SYNCREF$_GROUPS,SYSTEM,0,0,NO,N,,2021-09-28 06:21:06
SYS,SYNCREF$_GROUP_STATUS,SYSTEM,0,0,NO,N,,2021-09-28 06:21:06
SYS,SYNCREF$_LOG_EXCEPTIONS,SYSTEM,0,0,NO,N,,2021-09-28 06:21:06
SYS,SYNCREF$_OBJECTS,SYSTEM,0,0,NO,N,,2021-09-28 06:21:06
SYS,SYNCREF$_OBJECT_STATUS,SYSTEM,0,0,NO,N,,2021-09-28 06:21:06
SYS,SYNCREF$_PARAMETERS,SYSTEM,1,1,NO,N,,2021-09-28 06:21:06
SYS,SYNCREF$_PARTN_OPS,SYSTEM,0,0,NO,N,,2021-09-28 06:21:06
SYS,SYNCREF$_SOFT_ERRORS,SYSTEM,1,1,NO,N,,2021-09-28 06:21:06
SYS,SYNCREF$_STEP_STATUS,SYSTEM,0,0,NO,N,,2021-09-28 06:21:07
SYS,SYNCREF$_STLOG_STATS,SYSTEM,0,0,NO,N,,2021-09-28 06:21:07
SYS,SYNCREF$_TABLE_INFO,SYSTEM,0,0,NO,N,,2021-09-28 06:21:07
SYS,SYSAUTH$,SYSTEM,871,3,NO,N,,2021-09-28 06:21:07
SYS,SYSDBIMFS$,SYSAUX,0,0,NO,N,,2021-09-28 06:21:07
SYS,SYSDBIMFSDBA$,SYSAUX,0,0,NO,N,,2021-09-28 06:21:07
SYS,SYSDBIMFS_METADATA$,SYSAUX,3,5,NO,N,,2021-09-28 06:21:07
SYS,SYSDBIMFSSEG$,SYSAUX,0,0,NO,N,,2021-09-28 06:21:07
SYS,SYS_FBA_APP,SYSTEM,0,0,NO,N,,2021-09-28 06:21:08
SYS,SYS_FBA_APP_TABLES,SYSTEM,0,0,NO,N,,2021-09-28 06:21:08
SYS,SYS_FBA_BARRIERSCN,SYSTEM,1,1,NO,N,,2021-09-28 06:21:08
SYS,SYS_FBA_COLS,SYSTEM,0,0,NO,N,,2021-09-28 06:21:08
SYS,SYS_FBA_CONTEXT,SYSTEM,0,0,NO,N,,2021-09-28 06:21:08
SYS,SYS_FBA_CONTEXT_AUD,SYSTEM,0,0,NO,N,,2021-09-28 06:21:08
SYS,SYS_FBA_CONTEXT_LIST,SYSTEM,24,1,NO,N,,2021-09-28 06:21:08
SYS,SYS_FBA_DL,SYSTEM,0,0,NO,N,,2021-09-28 06:21:08
SYS,SYS_FBA_FA,SYSTEM,0,0,NO,N,,2021-09-28 06:21:08
SYS,SYS_FBA_PARTITIONS,SYSTEM,0,0,NO,N,,2021-09-28 06:21:08
SYS,SYS_FBA_PERIOD,SYSTEM,0,0,NO,N,,2021-09-28 06:21:08
SYS,SYS_FBA_TRACKEDTABLES,SYSTEM,1,1,NO,N,,2021-09-28 06:21:08
SYS,SYS_FBA_TSFA,SYSTEM,0,0,NO,N,,2021-09-28 06:21:08
SYS,SYS_FBA_USERS,SYSTEM,0,0,NO,N,,2021-09-28 06:21:08
SYS,SYS_IOT_OVER_10934,SYSAUX,0,0,NO,N,IOT_OVERFLOW,2021-09-28 06:20:54
SYS,SYS_IOT_OVER_21045,SYSTEM,0,0,NO,N,IOT_OVERFLOW,2021-09-28 06:18:15
SYS,SYS_IOT_OVER_21079,SYSTEM,0,0,NO,N,IOT_OVERFLOW,2021-09-28 06:18:15
SYS,SYS_IOT_OVER_21109,SYSTEM,0,0,NO,N,IOT_OVERFLOW,2021-09-28 06:18:16
SYS,SYS_IOT_OVER_21164,SYSAUX,0,0,NO,N,IOT_OVERFLOW,2021-09-28 06:18:08
SYS,SYS_IOT_OVER_21436,SYSTEM,0,0,NO,N,IOT_OVERFLOW,2021-09-28 06:18:12
SYS,SYS_IOT_OVER_21623,SYSTEM,0,0,NO,N,IOT_OVERFLOW,2021-09-28 06:18:09
SYS,SYS_IOT_OVER_21659,SYSTEM,0,0,NO,N,IOT_OVERFLOW,2021-09-28 06:18:09
SYS,SYS_IOT_OVER_21825,SYSAUX,0,0,NO,N,IOT_OVERFLOW,2021-09-28 06:18:26
SYS,SYS_IOT_OVER_22182,SYSAUX,0,0,NO,N,IOT_OVERFLOW,2021-09-28 06:18:13
SYS,SYS_IOT_OVER_8295,SYSAUX,0,0,NO,N,IOT_OVERFLOW,2021-09-28 06:20:47
SYS,SYS_IOT_OVER_8303,SYSAUX,0,0,NO,N,IOT_OVERFLOW,2021-09-28 06:20:47
SYS,SYS_IOT_OVER_8307,SYSAUX,0,0,NO,N,IOT_OVERFLOW,2021-09-28 06:20:48
SYS,SYS_IOT_OVER_8310,SYSAUX,0,0,NO,N,IOT_OVERFLOW,2021-09-28 06:20:47
SYS,SYS_IOT_OVER_8513,SYSAUX,0,0,NO,N,IOT_OVERFLOW,2021-09-28 06:18:42
SYS,SYS_IOT_OVER_8553,SYSAUX,0,0,NO,N,IOT_OVERFLOW,2021-09-28 06:18:42
SYS,SYS_IOT_OVER_8776,SYSAUX,0,0,NO,N,IOT_OVERFLOW,2021-09-28 06:20:28
SYS,SYS_MFBA_NCHANGE,,,,NO,Y,,
SYS,SYS_MFBA_NROW,,,,NO,Y,,
SYS,SYS_MFBA_NTCRV,,,,NO,Y,,
SYS,SYS_MFBA_STAGE_RID,,,,NO,Y,,
SYS,SYS_MFBA_TRACKED_TXN,,,,NO,Y,,
SYS,SYS$SERVICE_METRICS_TAB,SYSAUX,,,NO,N,,
SYS,SYSTEM_PRIVILEGE_MAP,SYSTEM,261,2,NO,N,,2021-09-28 06:21:07
SYS,TAB$,SYSTEM,1882,1555,NO,N,,2021-09-28 06:22:39
SYS,TABCOMPART$,SYSTEM,1,1,NO,N,,2021-09-28 06:21:09
SYS,TABLE_PRIVILEGE_MAP,SYSTEM,26,1,NO,N,,2021-09-28 06:21:09
SYS,TABLOGICPART$,SYSTEM,0,0,NO,N,,2021-09-28 06:21:09
SYS,TABPART$,SYSTEM,361,7,NO,N,,2021-09-28 06:21:09
SYS,TAB_STATS$,SYSTEM,0,0,NO,N,,2021-09-28 06:22:39
SYS,TABSUBPART$,SYSTEM,32,1,NO,N,,2021-09-28 06:21:09
SYS,TRANSACTION_BACKOUT_REPORT$,SYSAUX,0,0,NO,N,,2021-09-28 06:21:10
SYS,TRANSACTION_BACKOUT_STATE$,SYSTEM,0,0,NO,N,,2021-09-28 06:21:10
SYS,TRANSFORMATIONS$,SYSTEM,3,1,NO,N,,2021-09-28 06:21:10
SYS,TRANSIENT_IOT$,SYSTEM,0,0,NO,N,,2021-09-28 06:21:10
SYS,TRIGGER$,SYSTEM,3,1,NO,N,,2021-09-28 06:21:10
SYS,TRIGGERCOL$,SYSTEM,1,1,NO,N,,2021-09-28 06:21:10
SYS,TRIGGERDEP$,SYSTEM,0,0,NO,N,,2021-09-28 06:21:10
SYS,TRIGGERJAVAC$,SYSTEM,0,0,NO,N,,2021-09-28 06:21:10
SYS,TRIGGERJAVAF$,SYSTEM,0,0,NO,N,,2021-09-28 06:21:10
SYS,TRIGGERJAVAM$,SYSTEM,0,0,NO,N,,2021-09-28 06:21:10
SYS,TRIGGERJAVAS$,SYSTEM,0,0,NO,N,,2021-09-28 06:21:11
SYS,TRUSTED_LIST$,SYSTEM,1,1,NO,N,,2021-09-28 06:21:11
SYS,TS$,SYSTEM,4,4,NO,N,,2021-09-28 06:21:11
SYS,TSDP_ASSOCIATION$,SYSTEM,0,0,NO,N,,2021-09-28 06:21:11
SYS,TSDP_CONDITION$,SYSTEM,0,0,NO,N,,2021-09-28 06:21:11
SYS,TSDP_ERROR$,SYSTEM,0,0,NO,N,,2021-09-28 06:21:11
SYS,TSDP_FEATURE_POLICY$,SYSTEM,0,0,NO,N,,2021-09-28 06:21:11
SYS,TSDP_PARAMETER$,SYSTEM,1,1,NO,N,,2021-09-28 06:21:11
SYS,TSDP_POLICY$,SYSTEM,1,1,NO,N,,2021-09-28 06:21:11
SYS,TSDP_PROTECTION$,SYSTEM,0,0,NO,N,,2021-09-28 06:21:11
SYS,TSDP_SENSITIVE_DATA$,SYSTEM,0,0,NO,N,,2021-09-28 06:21:11
SYS,TSDP_SENSITIVE_TYPE$,SYSTEM,0,0,NO,N,,2021-09-28 06:21:11
SYS,TSDP_SOURCE$,SYSTEM,0,0,NO,N,,2021-09-28 06:21:12
SYS,TSDP_SUBPOL$,SYSTEM,1,1,NO,N,,2021-09-28 06:21:12
SYS,TSM_DST$,SYSAUX,0,0,NO,N,,2021-09-28 06:21:12
SYS,TSM_SRC$,SYSAUX,0,0,NO,N,,2021-09-28 06:21:12
SYS,TSQ$,SYSTEM,6,4,NO,N,,2021-09-28 06:21:12
SYS,TTS_ERROR$,,,,NO,Y,,
SYS,TYPE$,SYSTEM,3207,3332,NO,N,,2021-09-28 06:21:12
SYS,TYPED_VIEW$,SYSTEM,3,1,NO,N,,2021-09-28 06:21:13
SYS,TYPEHIERARCHY$,SYSTEM,7,1,NO,N,,2021-09-28 06:21:13
SYS,TYPE_MISC$,SYSTEM,1834,1555,NO,N,,2021-09-28 06:21:13
SYS,UET$,SYSTEM,0,28,NO,N,,2021-09-28 06:21:13
SYS,UGROUP$,SYSTEM,0,0,NO,N,,2021-09-28 06:21:13
SYS,UMF$_CAPTURE_RAW,,0,0,YES,N,,2021-09-28 06:21:13
SYS,UMF$_EVENTLOG,SYSAUX,0,0,NO,N,,2021-09-28 06:21:13
SYS,UMF$_LINK,SYSAUX,0,0,NO,N,,2021-09-28 06:21:13
SYS,UMF$_REGISTRATION,SYSAUX,0,0,NO,N,,2021-09-28 06:21:14
SYS,UMF$_SERVICE,SYSAUX,0,0,NO,N,,2021-09-28 06:21:14
SYS,UMF$_TOPOLOGY,SYSAUX,0,0,NO,N,,2021-09-28 06:21:14
SYS,UNDO$,SYSTEM,11,1,NO,N,,2021-09-28 06:21:14
SYS,UNDOHIST$,SYSTEM,10,1,NO,N,,2021-09-28 06:21:14
SYS,UNIFIED_MISC_AUDITED_ACTIONS,SYSTEM,27,1,NO,N,,2021-09-28 06:21:14
SYS,UNUSED_GRANT$,SYSAUX,0,0,NO,N,,2021-09-28 06:21:14
SYS,USER$,SYSTEM,76,4,NO,N,,2021-09-28 06:21:14
SYS,USER_ASTATUS_MAP,SYSTEM,15,1,NO,N,,2021-09-28 06:21:15
SYS,USERAUTH$,SYSTEM,5,1,NO,N,,2021-09-28 06:21:15
SYS,USER_CERTS$,SYSTEM,0,0,NO,N,,2021-09-28 06:21:15
SYS,USER_EDITIONING$,SYSTEM,2,1,NO,N,,2021-09-28 06:21:15
SYS,USER_HISTORY$,SYSTEM,0,0,NO,N,,2021-09-28 06:21:15
SYS,USER_PRIVILEGE_MAP,SYSTEM,4,1,NO,N,,2021-09-28 06:21:15
SYS,USTATS$,SYSTEM,0,0,NO,N,,2021-09-28 06:21:15
SYS,UTL_RECOMP_COMPILED,SYSTEM,88,1,NO,N,,2026-03-31 19:01:31
SYS,UTL_RECOMP_ERRORS,SYSTEM,0,0,NO,N,,2021-09-28 06:21:16
SYS,UTL_RECOMP_SKIP_LIST,SYSTEM,0,0,NO,N,,2021-09-28 06:21:16
SYS,UTL_RECOMP_SORTED,SYSTEM,0,0,NO,N,,2026-03-31 19:01:31
SYS,UTL_RECOMP2_COMPILED,SYSTEM,0,0,NO,N,,2021-09-28 06:21:15
SYS,UTL_RECOMP2_ERRORS,SYSTEM,0,0,NO,N,,2021-09-28 06:21:16
SYS,UTL_RECOMP2_SKIP_LIST,SYSTEM,0,0,NO,N,,2021-09-28 06:21:16
SYS,UTL_RECOMP2_SORTED,SYSTEM,0,0,NO,N,,2021-09-28 06:21:16
SYS,VIEW$,SYSTEM,45,20,NO,N,,2021-09-28 06:21:16
SYS,VIEWCON$,SYSTEM,0,0,NO,N,,2021-09-28 06:21:16
SYS,VIEW_PDB$,SYSTEM,0,0,NO,N,,2021-09-28 06:21:16
SYS,VIEWTRCOL$,SYSTEM,0,1555,NO,N,,2021-09-28 06:21:16
SYS,VTABLE$,SYSTEM,0,1,NO,N,,2021-09-28 06:21:16
SYS,WARNING_SETTINGS$,SYSTEM,499,2,NO,N,,2021-09-28 06:21:16
SYS,WI$_CAPTURE_FILE,SYSAUX,0,0,NO,N,,2021-09-28 06:21:16
SYS,WI$_EXECUTION_ORDER,SYSAUX,0,0,NO,N,,2021-09-28 06:21:17
SYS,WI$_FREQUENT_PATTERN,SYSAUX,0,0,NO,N,,2021-09-28 06:21:17
SYS,WI$_FREQUENT_PATTERN_ITEM,SYSAUX,0,0,NO,N,,2021-09-28 06:21:17
SYS,WI$_FREQUENT_PATTERN_METADATA,SYSAUX,0,0,NO,N,,2021-09-28 06:21:17
SYS,WI$_JOB,SYSAUX,0,0,NO,N,,2021-09-28 06:21:17
SYS,WI$_OBJECT,SYSAUX,0,0,NO,N,,2021-09-28 06:21:17
SYS,WI$_STATEMENT,SYSAUX,0,0,NO,N,,2021-09-28 06:21:17
SYS,WI$_TEMPLATE,SYSAUX,0,0,NO,N,,2021-09-28 06:21:17
SYS,WRH$_ACTIVE_SESSION_HISTORY,,0,0,YES,N,,2021-09-28 06:21:17
SYS,WRH$_ACTIVE_SESSION_HISTORY_BL,SYSAUX,0,0,NO,N,,2021-09-28 06:21:18
SYS,WRH$_ASM_BAD_DISK,,0,0,YES,N,,2021-09-28 06:21:18
SYS,WRH$_ASM_BAD_DISK_BL,SYSAUX,0,0,NO,N,,2021-09-28 06:21:18
SYS,WRH$_ASM_DISKGROUP,,0,0,YES,N,,2021-09-28 06:21:18
SYS,WRH$_ASM_DISKGROUP_BL,SYSAUX,0,0,NO,N,,2021-09-28 06:21:18
SYS,WRH$_ASM_DISKGROUP_STAT,,0,0,YES,N,,2021-09-28 06:21:18
SYS,WRH$_ASM_DISKGROUP_STAT_BL,SYSAUX,0,0,NO,N,,2021-09-28 06:21:19
SYS,WRH$_ASM_DISK_STAT_SUMMARY,,0,0,YES,N,,2021-09-28 06:21:19
SYS,WRH$_ASM_DISK_STAT_SUMMARY_BL,SYSAUX,0,0,NO,N,,2021-09-28 06:21:19
SYS,WRH$_AWR_TEST_1,,0,0,YES,N,,2021-09-28 06:21:19
SYS,WRH$_AWR_TEST_1_BL,SYSAUX,0,0,NO,N,,2021-09-28 06:21:19
SYS,WRH$_BG_EVENT_SUMMARY,,0,0,YES,N,,2021-09-28 06:21:19
SYS,WRH$_BG_EVENT_SUMMARY_BL,SYSAUX,0,0,NO,N,,2021-09-28 06:21:19
SYS,WRH$_BUFFERED_QUEUES,,0,0,YES,N,,2021-09-28 06:21:19
SYS,WRH$_BUFFERED_QUEUES_BL,SYSAUX,0,0,NO,N,,2021-09-28 06:21:19
SYS,WRH$_BUFFERED_SUBSCRIBERS,,0,0,YES,N,,2021-09-28 06:21:20
SYS,WRH$_BUFFERED_SUBSCRIBERS_BL,SYSAUX,0,0,NO,N,,2021-09-28 06:21:20
SYS,WRH$_BUFFER_POOL_STATISTICS,,0,0,YES,N,,2021-09-28 06:21:20
SYS,WRH$_BUFFER_POOL_STATISTICS_BL,SYSAUX,0,0,NO,N,,2021-09-28 06:21:20
SYS,WRH$_CELL_CONFIG,,0,0,YES,N,,2021-09-28 06:21:20
SYS,WRH$_CELL_CONFIG_BL,SYSAUX,0,0,NO,N,,2021-09-28 06:21:20
SYS,WRH$_CELL_CONFIG_DETAIL,,0,0,YES,N,,2021-09-28 06:21:20
SYS,WRH$_CELL_CONFIG_DETAIL_BL,SYSAUX,0,0,NO,N,,2021-09-28 06:21:21
SYS,WRH$_CELL_DB,,0,0,YES,N,,2021-09-28 06:21:21
SYS,WRH$_CELL_DB_BL,SYSAUX,0,0,NO,N,,2021-09-28 06:21:21
SYS,WRH$_CELL_DISK_SUMMARY,,0,0,YES,N,,2021-09-28 06:21:21
SYS,WRH$_CELL_DISK_SUMMARY_BL,SYSAUX,0,0,NO,N,,2021-09-28 06:21:21
SYS,WRH$_CELL_GLOBAL,,0,0,YES,N,,2021-09-28 06:21:21
SYS,WRH$_CELL_GLOBAL_BL,SYSAUX,0,0,NO,N,,2021-09-28 06:21:21
SYS,WRH$_CELL_GLOBAL_SUMMARY,,0,0,YES,N,,2021-09-28 06:21:22
SYS,WRH$_CELL_GLOBAL_SUMMARY_BL,SYSAUX,0,0,NO,N,,2021-09-28 06:21:22
SYS,WRH$_CELL_IOREASON,,0,0,YES,N,,2021-09-28 06:21:22
SYS,WRH$_CELL_IOREASON_BL,SYSAUX,0,0,NO,N,,2021-09-28 06:21:22
SYS,WRH$_CELL_IOREASON_NAME,SYSAUX,0,0,NO,N,,2021-09-28 06:21:22
SYS,WRH$_CELL_METRIC_DESC,SYSAUX,0,0,NO,N,,2021-09-28 06:21:22
SYS,WRH$_CELL_OPEN_ALERTS,,0,0,YES,N,,2021-09-28 06:21:22
SYS,WRH$_CELL_OPEN_ALERTS_BL,SYSAUX,0,0,NO,N,,2021-09-28 06:21:22
SYS,WRH$_CHANNEL_WAITS,,0,0,YES,N,,2021-09-28 06:21:22
SYS,WRH$_CHANNEL_WAITS_BL,SYSAUX,0,0,NO,N,,2021-09-28 06:21:22
SYS,WRH$_CLUSTER_INTERCON,,0,0,YES,N,,2021-09-28 06:21:22
SYS,WRH$_CLUSTER_INTERCON_BL,SYSAUX,0,0,NO,N,,2021-09-28 06:21:22
SYS,WRH$_COMP_IOSTAT,,0,0,YES,N,,2021-09-28 06:21:23
SYS,WRH$_COMP_IOSTAT_BL,SYSAUX,0,0,NO,N,,2021-09-28 06:21:23
SYS,WRH$_CON_SYSMETRIC_HISTORY,,0,0,YES,N,,2021-09-28 06:21:23
SYS,WRH$_CON_SYSMETRIC_HISTORY_BL,SYSAUX,0,0,NO,N,,2021-09-28 06:21:23
SYS,WRH$_CON_SYSMETRIC_SUMMARY,,0,0,YES,N,,2021-09-28 06:21:23
SYS,WRH$_CON_SYSMETRIC_SUMMARY_BL,SYSAUX,0,0,NO,N,,2021-09-28 06:21:23
SYS,WRH$_CON_SYSSTAT,,0,0,YES,N,,2021-09-28 06:21:23
SYS,WRH$_CON_SYSSTAT_BL,SYSAUX,0,0,NO,N,,2021-09-28 06:21:23
SYS,WRH$_CON_SYSTEM_EVENT,,0,0,YES,N,,2021-09-28 06:21:23
SYS,WRH$_CON_SYSTEM_EVENT_BL,SYSAUX,0,0,NO,N,,2021-09-28 06:21:24
SYS,WRH$_CON_SYS_TIME_MODEL,,0,0,YES,N,,2021-09-28 06:21:24
SYS,WRH$_CON_SYS_TIME_MODEL_BL,SYSAUX,0,0,NO,N,,2021-09-28 06:21:24
SYS,WRH$_CR_BLOCK_SERVER,,0,0,YES,N,,2021-09-28 06:21:24
SYS,WRH$_CR_BLOCK_SERVER_BL,SYSAUX,0,0,NO,N,,2021-09-28 06:21:24
SYS,WRH$_CURRENT_BLOCK_SERVER,,0,0,YES,N,,2021-09-28 06:21:24
SYS,WRH$_CURRENT_BLOCK_SERVER_BL,SYSAUX,0,0,NO,N,,2021-09-28 06:21:24
SYS,WRH$_DATAFILE,,0,0,YES,N,,2021-09-28 06:21:25
SYS,WRH$_DATAFILE_BL,SYSAUX,0,0,NO,N,,2021-09-28 06:21:25
SYS,WRH$_DB_CACHE_ADVICE,,0,0,YES,N,,2021-09-28 06:21:25
SYS,WRH$_DB_CACHE_ADVICE_BL,SYSAUX,0,0,NO,N,,2021-09-28 06:21:25
SYS,WRH$_DISPATCHER,,0,0,YES,N,,2021-09-28 06:21:25
SYS,WRH$_DISPATCHER_BL,SYSAUX,0,0,NO,N,,2021-09-28 06:21:25
SYS,WRH$_DLM_MISC,,0,0,YES,N,,2021-09-28 06:21:25
SYS,WRH$_DLM_MISC_BL,SYSAUX,0,0,NO,N,,2021-09-28 06:21:25
SYS,WRH$_DYN_REMASTER_STATS,,0,0,YES,N,,2021-09-28 06:21:25
SYS,WRH$_DYN_REMASTER_STATS_BL,SYSAUX,0,0,NO,N,,2021-09-28 06:21:26
SYS,WRH$_ENQUEUE_STAT,,0,0,YES,N,,2021-09-28 06:21:26
SYS,WRH$_ENQUEUE_STAT_BL,SYSAUX,0,0,NO,N,,2021-09-28 06:21:26
SYS,WRH$_EVENT_HISTOGRAM,,0,0,YES,N,,2021-09-28 06:21:26
SYS,WRH$_EVENT_HISTOGRAM_BL,SYSAUX,0,0,NO,N,,2021-09-28 06:21:26
SYS,WRH$_EVENT_NAME,SYSAUX,0,0,NO,N,,2021-09-28 06:21:26
SYS,WRH$_FILEMETRIC_HISTORY,,0,0,YES,N,,2021-09-28 06:21:26
SYS,WRH$_FILEMETRIC_HISTORY_BL,SYSAUX,0,0,NO,N,,2021-09-28 06:21:26
SYS,WRH$_FILESTATXS,,0,0,YES,N,,2021-09-28 06:21:27
SYS,WRH$_FILESTATXS_BL,SYSAUX,0,0,NO,N,,2021-09-28 06:21:27
SYS,WRH$_IC_CLIENT_STATS,,0,0,YES,N,,2021-09-28 06:21:27
SYS,WRH$_IC_CLIENT_STATS_BL,SYSAUX,0,0,NO,N,,2021-09-28 06:21:27
SYS,WRH$_IC_DEVICE_STATS,,0,0,YES,N,,2021-09-28 06:21:28
SYS,WRH$_IC_DEVICE_STATS_BL,SYSAUX,0,0,NO,N,,2021-09-28 06:21:28
SYS,WRH$_IM_SEG_STAT,,0,0,YES,N,,2021-09-28 06:21:28
SYS,WRH$_IM_SEG_STAT_BL,SYSAUX,0,0,NO,N,,2021-09-28 06:21:29
SYS,WRH$_IM_SEG_STAT_OBJ,,0,0,YES,N,,2021-09-28 06:21:29
SYS,WRH$_IM_SEG_STAT_OBJ_BL,SYSAUX,0,0,NO,N,,2021-09-28 06:21:29
SYS,WRH$_INSTANCE_RECOVERY,,0,0,YES,N,,2021-09-28 06:21:30
SYS,WRH$_INSTANCE_RECOVERY_BL,SYSAUX,0,0,NO,N,,2021-09-28 06:21:30
SYS,WRH$_INST_CACHE_TRANSFER,,0,0,YES,N,,2021-09-28 06:21:31
SYS,WRH$_INST_CACHE_TRANSFER_BL,SYSAUX,0,0,NO,N,,2021-09-28 06:21:31
SYS,WRH$_INTERCONNECT_PINGS,,0,0,YES,N,,2021-09-28 06:21:31
SYS,WRH$_INTERCONNECT_PINGS_BL,SYSAUX,0,0,NO,N,,2021-09-28 06:21:31
SYS,WRH$_IOSTAT_DETAIL,,0,0,YES,N,,2021-09-28 06:21:32
SYS,WRH$_IOSTAT_DETAIL_BL,SYSAUX,0,0,NO,N,,2021-09-28 06:21:32
SYS,WRH$_IOSTAT_FILETYPE,,0,0,YES,N,,2021-09-28 06:21:33
SYS,WRH$_IOSTAT_FILETYPE_BL,SYSAUX,0,0,NO,N,,2021-09-28 06:21:33
SYS,WRH$_IOSTAT_FILETYPE_NAME,SYSAUX,0,0,NO,N,,2021-09-28 06:21:34
SYS,WRH$_IOSTAT_FUNCTION,,0,0,YES,N,,2021-09-28 06:21:34
SYS,WRH$_IOSTAT_FUNCTION_BL,SYSAUX,0,0,NO,N,,2021-09-28 06:21:34
SYS,WRH$_IOSTAT_FUNCTION_NAME,SYSAUX,0,0,NO,N,,2021-09-28 06:21:34
SYS,WRH$_JAVA_POOL_ADVICE,,0,0,YES,N,,2021-09-28 06:21:34
SYS,WRH$_JAVA_POOL_ADVICE_BL,SYSAUX,0,0,NO,N,,2021-09-28 06:21:35
SYS,WRH$_LATCH,,0,0,YES,N,,2021-09-28 06:21:35
SYS,WRH$_LATCH_BL,SYSAUX,0,0,NO,N,,2021-09-28 06:21:36
SYS,WRH$_LATCH_CHILDREN,,0,0,YES,N,,2021-09-28 06:21:36
SYS,WRH$_LATCH_CHILDREN_BL,SYSAUX,0,0,NO,N,,2021-09-28 06:21:36
SYS,WRH$_LATCH_MISSES_SUMMARY,,0,0,YES,N,,2021-09-28 06:21:37
SYS,WRH$_LATCH_MISSES_SUMMARY_BL,SYSAUX,0,0,NO,N,,2021-09-28 06:21:37
SYS,WRH$_LATCH_NAME,SYSAUX,0,0,NO,N,,2021-09-28 06:21:37
SYS,WRH$_LATCH_PARENT,,0,0,YES,N,,2021-09-28 06:21:37
SYS,WRH$_LATCH_PARENT_BL,SYSAUX,0,0,NO,N,,2021-09-28 06:21:38
SYS,WRH$_LIBRARYCACHE,,0,0,YES,N,,2021-09-28 06:21:38
SYS,WRH$_LIBRARYCACHE_BL,SYSAUX,0,0,NO,N,,2021-09-28 06:21:38
SYS,WRH$_LMS_STATS,,0,0,YES,N,,2021-09-28 06:21:38
SYS,WRH$_LMS_STATS_BL,SYSAUX,0,0,NO,N,,2021-09-28 06:21:38
SYS,WRH$_LOG,,0,0,YES,N,,2021-09-28 06:21:39
SYS,WRH$_LOG_BL,SYSAUX,0,0,NO,N,,2021-09-28 06:21:39
SYS,WRH$_MEM_DYNAMIC_COMP,,0,0,YES,N,,2021-09-28 06:21:40
SYS,WRH$_MEM_DYNAMIC_COMP_BL,SYSAUX,0,0,NO,N,,2021-09-28 06:21:41
SYS,WRH$_MEMORY_RESIZE_OPS,,0,0,YES,N,,2021-09-28 06:21:39
SYS,WRH$_MEMORY_RESIZE_OPS_BL,SYSAUX,0,0,NO,N,,2021-09-28 06:21:40
SYS,WRH$_MEMORY_TARGET_ADVICE,,0,0,YES,N,,2021-09-28 06:21:40
SYS,WRH$_MEMORY_TARGET_ADVICE_BL,SYSAUX,0,0,NO,N,,2021-09-28 06:21:40
SYS,WRH$_METRIC_NAME,SYSAUX,0,0,NO,N,,2021-09-28 06:21:41
SYS,WRH$_MTTR_TARGET_ADVICE,,0,0,YES,N,,2021-09-28 06:21:41
SYS,WRH$_MTTR_TARGET_ADVICE_BL,SYSAUX,0,0,NO,N,,2021-09-28 06:21:41
SYS,WRH$_MUTEX_SLEEP,,0,0,YES,N,,2021-09-28 06:21:41
SYS,WRH$_MUTEX_SLEEP_BL,SYSAUX,0,0,NO,N,,2021-09-28 06:21:42
SYS,WRH$_MVPARAMETER,,0,0,YES,N,,2021-09-28 06:21:42
SYS,WRH$_MVPARAMETER_BL,SYSAUX,0,0,NO,N,,2021-09-28 06:21:42
SYS,WRH$_OPTIMIZER_ENV,,0,0,YES,N,,2021-09-28 06:21:42
SYS,WRH$_OPTIMIZER_ENV_BL,SYSAUX,0,0,NO,N,,2021-09-28 06:21:43
SYS,WRH$_OSSTAT,,0,0,YES,N,,2021-09-28 06:21:43
SYS,WRH$_OSSTAT_BL,SYSAUX,0,0,NO,N,,2021-09-28 06:21:43
SYS,WRH$_OSSTAT_NAME,SYSAUX,0,0,NO,N,,2021-09-28 06:21:43
SYS,WRH$_PARAMETER,,0,0,YES,N,,2021-09-28 06:21:43
SYS,WRH$_PARAMETER_BL,SYSAUX,0,0,NO,N,,2021-09-28 06:21:44
SYS,WRH$_PARAMETER_NAME,SYSAUX,0,0,NO,N,,2021-09-28 06:21:44
SYS,WRH$_PERSISTENT_QMN_CACHE,,0,0,YES,N,,2021-09-28 06:21:44
SYS,WRH$_PERSISTENT_QMN_CACHE_BL,SYSAUX,0,0,NO,N,,2021-09-28 06:21:44
SYS,WRH$_PERSISTENT_QUEUES,,0,0,YES,N,,2021-09-28 06:21:45
SYS,WRH$_PERSISTENT_QUEUES_BL,SYSAUX,0,0,NO,N,,2021-09-28 06:21:45
SYS,WRH$_PERSISTENT_SUBSCRIBERS,,0,0,YES,N,,2021-09-28 06:21:46
SYS,WRH$_PERSISTENT_SUBSCRIBERS_BL,SYSAUX,0,0,NO,N,,2021-09-28 06:21:46
SYS,WRH$_PGASTAT,,0,0,YES,N,,2021-09-28 06:21:46
SYS,WRH$_PGASTAT_BL,SYSAUX,0,0,NO,N,,2021-09-28 06:21:46
SYS,WRH$_PGA_TARGET_ADVICE,,0,0,YES,N,,2021-09-28 06:21:47
SYS,WRH$_PGA_TARGET_ADVICE_BL,SYSAUX,0,0,NO,N,,2021-09-28 06:21:47
SYS,WRH$_PLAN_OPERATION_NAME,SYSAUX,0,0,NO,N,,2021-09-28 06:21:47
SYS,WRH$_PLAN_OPTION_NAME,SYSAUX,0,0,NO,N,,2021-09-28 06:21:47
SYS,WRH$_PROCESS_MEMORY_SUMMARY,,0,0,YES,N,,2021-09-28 06:21:47
SYS,WRH$_PROCESS_MEMORY_SUMMARY_BL,SYSAUX,0,0,NO,N,,2021-09-28 06:21:47
SYS,WRH$_PROCESS_WAITTIME,,0,0,YES,N,,2021-09-28 06:21:48
SYS,WRH$_PROCESS_WAITTIME_BL,SYSAUX,0,0,NO,N,,2021-09-28 06:21:48
SYS,WRH$_RECOVERY_PROGRESS,,0,0,YES,N,,2021-09-28 06:21:48
SYS,WRH$_RECOVERY_PROGRESS_BL,SYSAUX,0,0,NO,N,,2021-09-28 06:21:48
SYS,WRH$_REPLICATION_TBL_STATS,,0,0,YES,N,,2021-09-28 06:21:48
SYS,WRH$_REPLICATION_TBL_STATS_BL,SYSAUX,0,0,NO,N,,2021-09-28 06:21:48
SYS,WRH$_REPLICATION_TXN_STATS,,0,0,YES,N,,2021-09-28 06:21:48
SYS,WRH$_REPLICATION_TXN_STATS_BL,SYSAUX,0,0,NO,N,,2021-09-28 06:21:48
SYS,WRH$_RESOURCE_LIMIT,,0,0,YES,N,,2021-09-28 06:21:48
SYS,WRH$_RESOURCE_LIMIT_BL,SYSAUX,0,0,NO,N,,2021-09-28 06:21:49
SYS,WRH$_ROWCACHE_SUMMARY,,0,0,YES,N,,2021-09-28 06:21:49
SYS,WRH$_ROWCACHE_SUMMARY_BL,SYSAUX,0,0,NO,N,,2021-09-28 06:21:49
SYS,WRH$_RSRC_CONSUMER_GROUP,,0,0,YES,N,,2021-09-28 06:21:49
SYS,WRH$_RSRC_CONSUMER_GROUP_BL,SYSAUX,0,0,NO,N,,2021-09-28 06:21:49
SYS,WRH$_RSRC_METRIC,,0,0,YES,N,,2021-09-28 06:21:49
SYS,WRH$_RSRC_METRIC_BL,SYSAUX,0,0,NO,N,,2021-09-28 06:21:50
SYS,WRH$_RSRC_PDB_METRIC,,0,0,YES,N,,2021-09-28 06:21:50
SYS,WRH$_RSRC_PDB_METRIC_BL,SYSAUX,0,0,NO,N,,2021-09-28 06:21:50
SYS,WRH$_RSRC_PLAN,,0,0,YES,N,,2021-09-28 06:21:50
SYS,WRH$_RSRC_PLAN_BL,SYSAUX,0,0,NO,N,,2021-09-28 06:21:50
SYS,WRH$_RULE_SET,,0,0,YES,N,,2021-09-28 06:21:50
SYS,WRH$_RULE_SET_BL,SYSAUX,0,0,NO,N,,2021-09-28 06:21:51
SYS,WRHS$_CELL_IOREASON_NAME,SYSTEM,0,0,NO,N,,2021-09-28 06:22:00
SYS,WRHS$_CELL_METRIC_DESC,SYSTEM,0,0,NO,N,,2021-09-28 06:22:00
SYS,WRHS$_DATAFILE,SYSTEM,0,0,NO,N,,2021-09-28 06:22:01
SYS,WRH$_SEG_STAT,,0,0,YES,N,,2021-09-28 06:21:51
SYS,WRH$_SEG_STAT_BL,SYSAUX,0,0,NO,N,,2021-09-28 06:21:51
SYS,WRH$_SEG_STAT_OBJ,,0,0,YES,N,,2021-09-28 06:21:51
SYS,WRH$_SEG_STAT_OBJ_BL,SYSAUX,0,0,NO,N,,2021-09-28 06:21:51
SYS,WRH$_SERVICE_NAME,,0,0,YES,N,,2021-09-28 06:21:52
SYS,WRH$_SERVICE_NAME_BL,SYSAUX,0,0,NO,N,,2021-09-28 06:21:52
SYS,WRH$_SERVICE_STAT,,0,0,YES,N,,2021-09-28 06:21:52
SYS,WRH$_SERVICE_STAT_BL,SYSAUX,0,0,NO,N,,2021-09-28 06:21:52
SYS,WRH$_SERVICE_WAIT_CLASS,,0,0,YES,N,,2021-09-28 06:21:52
SYS,WRH$_SERVICE_WAIT_CLASS_BL,SYSAUX,0,0,NO,N,,2021-09-28 06:21:52
SYS,WRH$_SESSMETRIC_HISTORY,,0,0,YES,N,,2021-09-28 06:21:52
SYS,WRH$_SESSMETRIC_HISTORY_BL,SYSAUX,0,0,NO,N,,2021-09-28 06:21:52
SYS,WRH$_SESS_NETWORK,,0,0,YES,N,,2021-09-28 06:21:52
SYS,WRH$_SESS_NETWORK_BL,SYSAUX,0,0,NO,N,,2021-09-28 06:21:53
SYS,WRH$_SESS_SGA_STATS,,0,0,YES,N,,2021-09-28 06:21:53
SYS,WRH$_SESS_SGA_STATS_BL,SYSAUX,0,0,NO,N,,2021-09-28 06:21:53
SYS,WRH$_SESS_TIME_STATS,,0,0,YES,N,,2021-09-28 06:21:53
SYS,WRH$_SESS_TIME_STATS_BL,SYSAUX,0,0,NO,N,,2021-09-28 06:21:53
SYS,WRHS$_EVENT_NAME,SYSTEM,0,0,NO,N,,2021-09-28 06:22:01
SYS,WRH$_SGA,,0,0,YES,N,,2021-09-28 06:21:53
SYS,WRH$_SGA_BL,SYSAUX,0,0,NO,N,,2021-09-28 06:21:53
SYS,WRH$_SGASTAT,,0,0,YES,N,,2021-09-28 06:21:53
SYS,WRH$_SGASTAT_BL,SYSAUX,0,0,NO,N,,2021-09-28 06:21:53
SYS,WRH$_SGA_TARGET_ADVICE,,0,0,YES,N,,2021-09-28 06:21:53
SYS,WRH$_SGA_TARGET_ADVICE_BL,SYSAUX,0,0,NO,N,,2021-09-28 06:21:54
SYS,WRH$_SHARED_POOL_ADVICE,,0,0,YES,N,,2021-09-28 06:21:54
SYS,WRH$_SHARED_POOL_ADVICE_BL,SYSAUX,0,0,NO,N,,2021-09-28 06:21:54
SYS,WRH$_SHARED_SERVER_SUMMARY,,0,0,YES,N,,2021-09-28 06:21:54
SYS,WRH$_SHARED_SERVER_SUMMARY_BL,SYSAUX,0,0,NO,N,,2021-09-28 06:21:54
SYS,WRHS$_IM_SEG_STAT_OBJ,SYSTEM,0,0,NO,N,,2021-09-28 06:22:01
SYS,WRHS$_IOSTAT_FILETYPE_NAME,SYSTEM,0,0,NO,N,,2021-09-28 06:22:01
SYS,WRHS$_IOSTAT_FUNCTION_NAME,SYSTEM,0,0,NO,N,,2021-09-28 06:22:01
SYS,WRHS$_LATCH_NAME,SYSTEM,0,0,NO,N,,2021-09-28 06:22:01
SYS,WRHS$_METRIC_NAME,SYSTEM,0,0,NO,N,,2021-09-28 06:22:01
SYS,WRHS$_OPTIMIZER_ENV,SYSTEM,0,0,NO,N,,2021-09-28 06:22:01
SYS,WRHS$_OSSTAT_NAME,SYSTEM,0,0,NO,N,,2021-09-28 06:22:01
SYS,WRHS$_PARAMETER_NAME,SYSTEM,0,0,NO,N,,2021-09-28 06:22:01
SYS,WRHS$_PLAN_OPERATION_NAME,SYSTEM,0,0,NO,N,,2021-09-28 06:22:01
SYS,WRHS$_PLAN_OPTION_NAME,SYSTEM,0,0,NO,N,,2021-09-28 06:22:01
SYS,WRH$_SQL_BIND_METADATA,,0,0,YES,N,,2021-09-28 06:21:55
SYS,WRH$_SQL_BIND_METADATA_BL,SYSAUX,0,0,NO,N,,2021-09-28 06:21:55
SYS,WRH$_SQLCOMMAND_NAME,SYSAUX,0,0,NO,N,,2021-09-28 06:21:54
SYS,WRH$_SQL_PLAN,,0,0,YES,N,,2021-09-28 06:21:55
SYS,WRH$_SQL_PLAN_BL,SYSAUX,0,0,NO,N,,2021-09-28 06:21:56
SYS,WRH$_SQLSTAT,,0,0,YES,N,,2021-09-28 06:21:54
SYS,WRH$_SQLSTAT_BL,SYSAUX,0,0,NO,N,,2021-09-28 06:21:55
SYS,WRH$_SQL_SUMMARY,,0,0,YES,N,,2021-09-28 06:21:56
SYS,WRH$_SQL_SUMMARY_BL,SYSAUX,0,0,NO,N,,2021-09-28 06:21:56
SYS,WRH$_SQLTEXT,,218,20,YES,N,,2026-03-31 21:06:19
SYS,WRH$_SQLTEXT_BL,SYSAUX,0,0,NO,N,,2021-09-28 06:21:55
SYS,WRH$_SQL_WORKAREA_HISTOGRAM,,0,0,YES,N,,2021-09-28 06:21:56
SYS,WRH$_SQL_WORKAREA_HISTOGRAM_BL,SYSAUX,0,0,NO,N,,2021-09-28 06:21:56
SYS,WRHS$_SEG_STAT_OBJ,SYSTEM,0,0,NO,N,,2021-09-28 06:22:01
SYS,WRHS$_SERVICE_NAME,SYSTEM,0,0,NO,N,,2021-09-28 06:22:01
SYS,WRHS$_SQL_BIND_METADATA,SYSTEM,0,0,NO,N,,2021-09-28 06:22:01
SYS,WRHS$_SQLCOMMAND_NAME,SYSTEM,0,0,NO,N,,2021-09-28 06:22:01
SYS,WRHS$_SQL_PLAN,SYSTEM,0,0,NO,N,,2021-09-28 06:22:02
SYS,WRHS$_SQLTEXT,SYSTEM,0,0,NO,N,,2021-09-28 06:22:01
SYS,WRHS$_STAT_NAME,SYSTEM,0,0,NO,N,,2021-09-28 06:22:02
SYS,WRHS$_TABLESPACE,SYSTEM,0,0,NO,N,,2021-09-28 06:22:02
SYS,WRH$_STAT_NAME,SYSAUX,0,0,NO,N,,2021-09-28 06:21:56
SYS,WRHS$_TEMPFILE,SYSTEM,0,0,NO,N,,2021-09-28 06:22:02
SYS,WRHS$_TOPLEVELCALL_NAME,SYSTEM,0,0,NO,N,,2021-09-28 06:22:02
SYS,WRH$_STREAMS_APPLY_SUM,,0,0,YES,N,,2021-09-28 06:21:56
SYS,WRH$_STREAMS_APPLY_SUM_BL,SYSAUX,0,0,NO,N,,2021-09-28 06:21:56
SYS,WRH$_STREAMS_CAPTURE,,0,0,YES,N,,2021-09-28 06:21:56
SYS,WRH$_STREAMS_CAPTURE_BL,SYSAUX,0,0,NO,N,,2021-09-28 06:21:57
SYS,WRH$_STREAMS_POOL_ADVICE,,0,0,YES,N,,2021-09-28 06:21:57
SYS,WRH$_STREAMS_POOL_ADVICE_BL,SYSAUX,0,0,NO,N,,2021-09-28 06:21:57
SYS,WRH$_SYSMETRIC_HISTORY,,0,0,YES,N,,2021-09-28 06:21:57
SYS,WRH$_SYSMETRIC_HISTORY_BL,SYSAUX,0,0,NO,N,,2021-09-28 06:21:57
SYS,WRH$_SYSMETRIC_SUMMARY,,0,0,YES,N,,2021-09-28 06:21:57
SYS,WRH$_SYSMETRIC_SUMMARY_BL,SYSAUX,0,0,NO,N,,2021-09-28 06:21:57
SYS,WRH$_SYSSTAT,,0,0,YES,N,,2021-09-28 06:21:57
SYS,WRH$_SYSSTAT_BL,SYSAUX,0,0,NO,N,,2021-09-28 06:21:57
SYS,WRH$_SYSTEM_EVENT,,0,0,YES,N,,2021-09-28 06:21:58
SYS,WRH$_SYSTEM_EVENT_BL,SYSAUX,0,0,NO,N,,2021-09-28 06:21:58
SYS,WRH$_SYS_TIME_MODEL,,0,0,YES,N,,2021-09-28 06:21:58
SYS,WRH$_SYS_TIME_MODEL_BL,SYSAUX,0,0,NO,N,,2021-09-28 06:21:58
SYS,WRH$_TABLESPACE,,0,0,YES,N,,2021-09-28 06:21:58
SYS,WRH$_TABLESPACE_BL,SYSAUX,0,0,NO,N,,2021-09-28 06:21:58
SYS,WRH$_TABLESPACE_SPACE_USAGE,,0,0,YES,N,,2021-09-28 06:21:58
SYS,WRH$_TABLESPACE_SPACE_USAGE_BL,SYSAUX,0,0,NO,N,,2021-09-28 06:21:58
SYS,WRH$_TABLESPACE_STAT,,0,0,YES,N,,2021-09-28 06:21:59
SYS,WRH$_TABLESPACE_STAT_BL,SYSAUX,0,0,NO,N,,2021-09-28 06:21:59
SYS,WRH$_TEMPFILE,,0,0,YES,N,,2021-09-28 06:21:59
SYS,WRH$_TEMPFILE_BL,SYSAUX,0,0,NO,N,,2021-09-28 06:21:59
SYS,WRH$_TEMPSTATXS,,0,0,YES,N,,2021-09-28 06:21:59
SYS,WRH$_TEMPSTATXS_BL,SYSAUX,0,0,NO,N,,2021-09-28 06:21:59
SYS,WRH$_THREAD,,0,0,YES,N,,2021-09-28 06:21:59
SYS,WRH$_THREAD_BL,SYSAUX,0,0,NO,N,,2021-09-28 06:21:59
SYS,WRH$_TOPLEVELCALL_NAME,SYSAUX,0,0,NO,N,,2021-09-28 06:22:00
SYS,WRH$_UNDOSTAT,,0,0,YES,N,,2021-09-28 06:22:00
SYS,WRH$_UNDOSTAT_BL,SYSAUX,0,0,NO,N,,2021-09-28 06:22:00
SYS,WRH$_WAITCLASSMETRIC_HISTORY,,0,0,YES,N,,2021-09-28 06:22:00
SYS,WRH$_WAITCLASSMETRIC_HISTORY_BL,SYSAUX,0,0,NO,N,,2021-09-28 06:22:00
SYS,WRH$_WAITSTAT,,0,0,YES,N,,2021-09-28 06:22:00
SYS,WRH$_WAITSTAT_BL,SYSAUX,0,0,NO,N,,2021-09-28 06:22:00
SYS,WRI$_ADV_ACTIONS,SYSAUX,0,0,NO,N,,2021-09-28 06:22:02
SYS,WRI$_ADV_ADDM_FDG,SYSAUX,0,0,NO,N,,2021-09-28 06:22:02
SYS,WRI$_ADV_ADDM_INST,SYSAUX,0,0,NO,N,,2021-09-28 06:22:02
SYS,WRI$_ADV_ADDM_PDBS,,,,NO,Y,,
SYS,WRI$_ADV_ADDM_TASKS,SYSAUX,0,0,NO,N,,2021-09-28 06:22:02
SYS,WRI$_ADV_ADDM_TODO,SYSAUX,0,0,NO,N,,2021-09-28 06:22:02
SYS,WRI$_ADV_AI_COL_USAGE,SYSAUX,0,0,NO,N,,2021-09-28 06:22:02
SYS,WRI$_ADV_AI_EXP_USAGE,,,,NO,Y,,
SYS,WRI$_ADV_ASA_RECO_DATA,,,,NO,Y,,
SYS,WRI$_ADV_AUTOMV_DT,SYSAUX,0,0,NO,N,,2021-09-28 06:22:03
SYS,WRI$_ADV_AUTOMV_MV_CAND,SYSAUX,0,0,NO,N,,2021-09-28 06:22:03
SYS,WRI$_ADV_AUTOMV_MV_QRY_MAP,SYSAUX,0,0,NO,N,,2021-09-28 06:22:03
SYS,WRI$_ADV_AUTOMV_MV_SAMP,SYSAUX,0,0,NO,N,,2021-09-28 06:22:03
SYS,WRI$_ADV_AUTOMV_RSET,SYSAUX,0,0,NO,N,,2021-09-28 06:22:03
SYS,WRI$_ADV_AUTOMV_STATE,SYSAUX,0,0,NO,N,,2021-09-28 06:22:03
SYS,WRI$_ADV_DEF_EXEC_TYPES,SYSAUX,12,5,NO,N,,2021-09-28 06:22:03
SYS,WRI$_ADV_DEFINITIONS,SYSAUX,14,5,NO,N,,2021-09-28 06:22:03
SYS,WRI$_ADV_DEF_PARAMETERS,SYSAUX,551,5,NO,N,,2021-09-28 06:22:03
SYS,WRI$_ADV_DIRECTIVE_DEFS,SYSAUX,7,5,NO,N,,2021-09-28 06:22:03
SYS,WRI$_ADV_DIRECTIVE_INSTANCES,SYSAUX,0,0,NO,N,,2021-09-28 06:22:04
SYS,WRI$_ADV_DIRECTIVE_META,SYSAUX,5,5,NO,N,,2021-09-28 06:22:04
SYS,WRI$_ADV_EXEC_PARAMETERS,SYSAUX,0,0,NO,N,,2021-09-28 06:22:04
SYS,WRI$_ADV_EXECUTIONS,SYSAUX,0,0,NO,N,,2021-09-28 06:22:04
SYS,WRI$_ADV_FINDINGS,SYSAUX,0,0,NO,N,,2021-09-28 06:22:04
SYS,WRI$_ADV_INST_FDG,SYSAUX,0,0,NO,N,,2021-09-28 06:22:04
SYS,WRI$_ADV_JOURNAL,SYSAUX,0,0,NO,N,,2021-09-28 06:22:04
SYS,WRI$_ADV_MESSAGE_GROUPS,SYSAUX,0,0,NO,N,,2021-09-28 06:22:04
SYS,WRI$_ADV_OBJECTS,SYSAUX,5,5,NO,N,,2021-09-28 06:22:04
SYS,WRI$_ADV_PARAMETERS,SYSAUX,594,5,NO,N,,2021-09-28 06:22:05
SYS,WRI$_ADV_RATIONALE,SYSAUX,0,0,NO,N,,2021-09-28 06:22:05
SYS,WRI$_ADV_REC_ACTIONS,SYSAUX,0,0,NO,N,,2021-09-28 06:22:05
SYS,WRI$_ADV_RECOMMENDATIONS,SYSAUX,0,0,NO,N,,2021-09-28 06:22:05
SYS,WRI$_ADV_SQLA_COLVOL,SYSAUX,0,0,NO,N,,2021-09-28 06:22:05
SYS,WRI$_ADV_SQLA_FAKE_REG,SYSAUX,0,0,NO,N,,2021-09-28 06:22:05
SYS,WRI$_ADV_SQLA_MAP,SYSAUX,1,5,NO,N,,2021-09-28 06:22:05
SYS,WRI$_ADV_SQLA_STMTS,SYSAUX,0,0,NO,N,,2021-09-28 06:22:06
SYS,WRI$_ADV_SQLA_SUM,SYSAUX,1,5,NO,N,,2021-09-28 06:22:06
SYS,WRI$_ADV_SQLA_TABLES,SYSAUX,0,0,NO,N,,2021-09-28 06:22:06
SYS,WRI$_ADV_SQLA_TABVOL,SYSAUX,0,0,NO,N,,2021-09-28 06:22:06
SYS,WRI$_ADV_SQLA_TMP,SYSAUX,0,0,NO,N,,2021-09-28 06:22:06
SYS,WRI$_ADV_SQLT_BINDS,SYSAUX,0,0,NO,N,,2021-09-28 06:22:06
SYS,WRI$_ADV_SQLT_PLAN_HASH,SYSAUX,0,0,NO,N,,2021-09-28 06:22:06
SYS,WRI$_ADV_SQLT_PLANS,SYSAUX,0,0,NO,N,,2021-09-28 06:22:06
SYS,WRI$_ADV_SQLT_PLAN_STATS,SYSAUX,0,0,NO,N,,2021-09-28 06:22:06
SYS,WRI$_ADV_SQLT_RTN_PLAN,SYSAUX,0,0,NO,N,,2021-09-28 06:22:07
SYS,WRI$_ADV_SQLT_STATISTICS,SYSAUX,0,0,NO,N,,2021-09-28 06:22:07
SYS,WRI$_ADV_SQLW_COLVOL,SYSAUX,0,0,NO,N,,2021-09-28 06:22:07
SYS,WRI$_ADV_SQLW_STMTS,SYSAUX,0,0,NO,N,,2021-09-28 06:22:07
SYS,WRI$_ADV_SQLW_SUM,SYSAUX,0,0,NO,N,,2021-09-28 06:22:07
SYS,WRI$_ADV_SQLW_TABLES,SYSAUX,0,0,NO,N,,2021-09-28 06:22:07
SYS,WRI$_ADV_SQLW_TABVOL,SYSAUX,0,0,NO,N,,2021-09-28 06:22:07
SYS,WRI$_ADV_TASKS,SYSAUX,8,5,NO,N,,2021-09-28 06:22:07
SYS,WRI$_ADV_USAGE,SYSAUX,14,5,NO,N,,2021-09-28 06:22:08
SYS,WRI$_AGGREGATION_ENABLED,SYSAUX,0,0,NO,N,,2021-09-28 06:22:08
SYS,WRI$_ALERT_HISTORY,SYSAUX,0,0,NO,N,,2021-09-28 06:22:08
SYS,WRI$_ALERT_OUTSTANDING,SYSAUX,0,0,NO,N,,2021-09-28 06:22:08
SYS,WRI$_ALERT_THRESHOLD,SYSAUX,2,5,NO,N,,2021-09-28 06:22:08
SYS,WRI$_ALERT_THRESHOLD_LOG,SYSTEM,0,0,NO,N,,2021-09-28 06:22:08
SYS,WRI$_DBU_CPU_USAGE,SYSAUX,0,0,NO,N,,2021-09-28 06:22:08
SYS,WRI$_DBU_CPU_USAGE_SAMPLE,SYSAUX,1,5,NO,N,,2021-09-28 06:22:08
SYS,WRI$_DBU_FEATURE_METADATA,SYSAUX,266,13,NO,N,,2021-09-28 06:22:09
SYS,WRI$_DBU_FEATURE_USAGE,SYSAUX,266,5,NO,N,,2021-09-28 06:22:09
SYS,WRI$_DBU_HIGH_WATER_MARK,SYSAUX,25,5,NO,N,,2021-09-28 06:22:09
SYS,WRI$_DBU_HWM_METADATA,SYSAUX,25,5,NO,N,,2021-09-28 06:22:09
SYS,WRI$_DBU_USAGE_SAMPLE,SYSAUX,1,5,NO,N,,2021-09-28 06:22:09
SYS,WRI$_EMX_FILES,SYSAUX,198,20,NO,N,,2021-09-28 06:22:10
SYS,WRI$_HEATMAP_TOPN_DEP1,,,,NO,Y,,
SYS,WRI$_HEATMAP_TOPN_DEP2,,,,NO,Y,,
SYS,WRI$_HEATMAP_TOP_OBJECTS,SYSAUX,0,0,NO,N,,2021-09-28 06:22:10
SYS,WRI$_HEATMAP_TOP_TABLESPACES,SYSAUX,0,0,NO,N,,2021-09-28 06:22:10
SYS,WRI$_INDEX_USAGE,SYSAUX,0,0,NO,N,,2021-09-28 06:22:10
SYS,WRI$_MASKING_SCRIPT_PROGRESS,SYSTEM,0,0,NO,N,,2021-09-28 06:22:10
SYS,WRI$_OPTSTAT_AUX_HISTORY,SYSAUX,0,0,NO,N,,2021-09-28 06:22:39
SYS,WRI$_OPTSTAT_HISTGRM_HISTORY,,0,0,YES,N,,2021-09-28 06:22:39
SYS,WRI$_OPTSTAT_HISTHEAD_HISTORY,,27107,103,YES,N,,2021-09-28 06:22:39
SYS,WRI$_OPTSTAT_IND_HISTORY,SYSAUX,1959,13,NO,N,,2021-09-28 06:22:40
SYS,WRI$_OPTSTAT_OPR,SYSAUX,74,5,NO,N,,2021-09-28 06:22:40
SYS,WRI$_OPTSTAT_OPR_TASKS,SYSAUX,5835,88,NO,N,,2021-09-28 06:22:40
SYS,WRI$_OPTSTAT_SYNOPSIS$,,0,0,YES,N,,2021-09-28 06:22:41
SYS,WRI$_OPTSTAT_SYNOPSIS_HEAD$,SYSAUX,387,5,NO,N,,2021-09-28 06:22:41
SYS,WRI$_OPTSTAT_SYNOPSIS_PARTGRP,SYSAUX,0,0,NO,N,,2021-09-28 06:22:41
SYS,WRI$_OPTSTAT_TAB_HISTORY,SYSAUX,2176,13,NO,N,,2021-09-28 06:22:41
SYS,WRI$_OPTSTAT_TAB_MODEL,SYSAUX,0,0,NO,N,,2021-09-28 06:22:41
SYS,WRI$_REPT_COMPONENTS,SYSAUX,31,5,NO,N,,2021-09-28 06:22:10
SYS,WRI$_REPT_FORMATS,SYSAUX,30,5,NO,N,,2021-09-28 06:22:10
SYS,WRI$_REPT_REPORTS,SYSAUX,171,5,NO,N,,2021-09-28 06:22:10
SYS,WRI$_SCH_CONTROL,SYSAUX,0,0,NO,N,,2021-09-28 06:22:10
SYS,WRI$_SCH_VOTES,SYSAUX,0,0,NO,N,,2021-09-28 06:22:10
SYS,WRI$_SEGADV_ATTRIB,SYSAUX,0,0,NO,N,,2021-09-28 06:22:11
SYS,WRI$_SEGADV_CNTRLTAB,SYSAUX,0,0,NO,N,,2021-09-28 06:22:11
SYS,WRI$_SEGADV_OBJLIST,SYSAUX,0,0,NO,N,,2021-09-28 06:22:11
SYS,WRI$_SQLMON_USAGE,SYSTEM,1,1,NO,N,,2021-09-28 06:22:11
SYS,WRI$_SQLSET_BINDS,SYSAUX,0,0,NO,N,,2021-09-28 06:22:11
SYS,WRI$_SQLSET_DEFINITIONS,SYSAUX,4,5,NO,N,,2026-03-31 21:06:20
SYS,WRI$_SQLSET_MASK,SYSAUX,218,5,NO,N,,2026-03-31 21:06:20
SYS,WRI$_SQLSET_PLAN_LINES,SYSAUX,1618,80,NO,N,,2026-03-31 21:06:20
SYS,WRI$_SQLSET_PLANS,SYSAUX,218,20,NO,N,,2026-03-31 21:06:20
SYS,WRI$_SQLSET_PLANS_TOCAP,,,,NO,Y,,
SYS,WRI$_SQLSET_REFERENCES,SYSAUX,1,5,NO,N,,2026-03-31 19:33:24
SYS,WRI$_SQLSET_STATEMENTS,SYSAUX,218,5,NO,N,,2026-03-31 21:06:20
SYS,WRI$_SQLSET_STATISTICS,SYSAUX,218,5,NO,N,,2026-03-31 21:06:21
SYS,WRI$_SQLSET_STS_TOPACK,,,,NO,Y,,
SYS,WRI$_SQLSET_WORKSPACE,SYSTEM,0,0,NO,N,,2021-09-28 06:22:12
SYS,WRI$_SQLSET_WORKSPACE_PLANS,SYSAUX,0,0,NO,N,,2021-09-28 06:22:12
SYS,WRI$_SQLTEXT_REFCOUNT,SYSAUX,0,0,NO,N,,2021-09-28 06:22:12
SYS,WRI$_STS_GRANULES,SYSTEM,0,0,NO,N,,2021-09-28 06:22:12
SYS,WRI$_STS_MASKING_ERRORS,SYSTEM,0,0,NO,N,,2021-09-28 06:22:12
SYS,WRI$_STS_MASKING_EXCEPTIONS,SYSTEM,0,0,NO,N,,2021-09-28 06:22:13
SYS,WRI$_STS_MASKING_STEP_PROGRESS,SYSTEM,0,0,NO,N,,2021-09-28 06:22:13
SYS,WRI$_STS_SENSITIVE_SQL,SYSTEM,0,0,NO,N,,2021-09-28 06:22:13
SYS,WRI$_TOPN_METADATA,SYSAUX,0,0,NO,N,,2021-09-28 06:22:13
SYS,WRI$_TRACING_ENABLED,SYSAUX,0,0,NO,N,,2021-09-28 06:22:13
SYS,WRM$_ACTIVE_PDBS,,0,0,YES,N,,2021-09-28 06:22:13
SYS,WRM$_ACTIVE_PDBS_BL,SYSAUX,0,0,NO,N,,2021-09-28 06:22:13
SYS,WRM$_BASELINE,SYSAUX,0,0,NO,N,,2021-09-28 06:22:13
SYS,WRM$_BASELINE_DETAILS,SYSAUX,0,0,NO,N,,2021-09-28 06:22:13
SYS,WRM$_BASELINE_TEMPLATE,SYSAUX,0,0,NO,N,,2021-09-28 06:22:13
SYS,WRM$_COLORED_SQL,SYSAUX,0,0,NO,N,,2021-09-28 06:22:13
SYS,WRM$_DATABASE_INSTANCE,SYSAUX,0,0,NO,N,,2021-09-28 06:22:13
SYS,WRM$_PDB_IN_SNAP,,0,0,YES,N,,2021-09-28 06:22:13
SYS,WRM$_PDB_IN_SNAP_BL,SYSAUX,0,0,NO,N,,2021-09-28 06:22:13
SYS,WRM$_PDB_INSTANCE,SYSAUX,0,0,NO,N,,2021-09-28 06:22:13
SYS,WRM$_SNAP_ERROR,,0,0,YES,N,,2021-09-28 06:22:14
SYS,WRM$_SNAP_ERROR_BL,SYSAUX,0,0,NO,N,,2021-09-28 06:22:14
SYS,WRM$_SNAPSHOT,,0,0,YES,N,,2021-09-28 06:22:14
SYS,WRM$_SNAPSHOT_BL,SYSAUX,0,0,NO,N,,2021-09-28 06:22:14
SYS,WRM$_SNAPSHOT_DETAILS,,0,0,YES,N,,2021-09-28 06:22:14
SYS,WRM$_SNAPSHOT_DETAILS_BL,SYSAUX,0,0,NO,N,,2021-09-28 06:22:14
SYS,WRMS$_SNAPSHOT,SYSTEM,0,0,NO,N,,2021-09-28 06:22:15
SYS,WRM$_TABLE_DEFAULT_SETTINGS,SYSAUX,161,5,NO,N,,2021-09-28 06:22:14
SYS,WRM$_TABLE_SETTINGS,SYSAUX,0,0,NO,N,,2021-09-28 06:22:14
SYS,WRM$_WR_CATALOG,SYSAUX,0,0,NO,N,,2021-09-28 06:22:15
SYS,WRM$_WR_CONTROL,SYSAUX,0,0,NO,N,,2021-09-28 06:22:15
SYS,WRM$_WR_SETTINGS,SYSAUX,0,0,NO,N,,2021-09-28 06:22:15
SYS,WRM$_WR_USAGE,SYSAUX,0,0,NO,N,,2021-09-28 06:22:15
SYS,WRP$_REPORTS,,0,0,YES,N,,2021-09-28 06:22:15
SYS,WRP$_REPORTS_CONTROL,SYSAUX,1,5,NO,N,,2021-09-28 06:22:15
SYS,WRP$_REPORTS_DETAILS,,0,0,YES,N,,2021-09-28 06:22:15
SYS,WRP$_REPORTS_TIME_BANDS,,0,0,YES,N,,2021-09-28 06:22:16
SYS,WRR$_ASREPLAY_DATA,SYSAUX,0,0,NO,N,,2021-09-28 06:22:16
SYS,WRR$_CAPTURE_BUCKETS,SYSAUX,0,0,NO,N,,2021-09-28 06:22:16
SYS,WRR$_CAPTURE_FILE_DETAILS,SYSAUX,0,0,NO,N,,2021-09-28 06:22:16
SYS,WRR$_CAPTURE_FILES,SYSAUX,0,0,NO,N,,2021-09-28 06:22:16
SYS,WRR$_CAPTURE_LONG_SQLTEXT,SYSAUX,0,0,NO,N,,2021-09-28 06:22:16
SYS,WRR$_CAPTURES,SYSAUX,0,0,NO,N,,2021-09-28 06:22:16
SYS,WRR$_CAPTURE_SCHEMA_INFO,SYSAUX,0,0,NO,N,,2021-09-28 06:22:16
SYS,WRR$_CAPTURE_SCHEMA_INFO_TMP,SYSAUX,0,0,NO,N,,2021-09-28 06:22:16
SYS,WRR$_CAPTURE_SQLTEXT,SYSAUX,0,0,NO,N,,2021-09-28 06:22:16
SYS,WRR$_CAPTURE_SQL_TMP,SYSAUX,0,0,NO,N,,2021-09-28 06:22:16
SYS,WRR$_CAPTURE_STATS,SYSAUX,0,0,NO,N,,2021-09-28 06:22:16
SYS,WRR$_CAPTURE_UC_GRAPH,SYSAUX,0,0,NO,N,,2021-09-28 06:22:17
SYS,WRR$_COMMIT_FIRST_CALL_SCN,SYSAUX,0,0,NO,N,,2021-09-28 06:22:17
SYS,WRR$_COMPONENT_TIMING,SYSAUX,0,0,NO,N,,2021-09-28 06:22:17
SYS,WRR$_CONNECTION_MAP,SYSAUX,0,0,NO,N,,2021-09-28 06:22:17
SYS,WRR$_FILE_ID_MAP,SYSAUX,0,0,NO,N,,2021-09-28 06:22:17
SYS,WRR$_FILTERS,SYSAUX,0,0,NO,N,,2021-09-28 06:22:17
SYS,WRR$_MASKING_BIND_CACHE,SYSTEM,0,0,NO,N,,2021-09-28 06:22:17
SYS,WRR$_MASKING_DEFINITION,SYSTEM,0,0,NO,N,,2021-09-28 06:22:17
SYS,WRR$_MASKING_FILE_PROGRESS,SYSTEM,0,0,NO,N,,2021-09-28 06:22:17
SYS,WRR$_MASKING_PARAMETERS,SYSTEM,0,0,NO,N,,2021-09-28 06:22:17
SYS,WRR$_REPLAY_CALL_FILTER,SYSAUX,0,0,NO,N,,2021-09-28 06:22:17
SYS,WRR$_REPLAY_CALL_INFO,SYSAUX,0,0,NO,N,,2021-09-28 06:22:17
SYS,WRR$_REPLAY_CLIENTS,SYSAUX,0,0,NO,N,,2021-09-28 06:22:17
SYS,WRR$_REPLAY_COMMIT_REMAPPING,,0,,NO,N,IOT,2021-09-28 06:22:17
SYS,WRR$_REPLAY_COMMITS,SYSAUX,0,0,NO,N,,2021-09-28 06:22:17
SYS,WRR$_REPLAY_CONN_DATA,SYSAUX,0,0,NO,N,,2021-09-28 06:22:17
SYS,WRR$_REPLAY_DATA,SYSAUX,0,0,NO,N,,2021-09-28 06:22:17
SYS,WRR$_REPLAY_DEP_GRAPH,SYSAUX,0,0,NO,N,,2021-09-28 06:22:17
SYS,WRR$_REPLAY_DIRECTORY,SYSAUX,0,0,NO,N,,2021-09-28 06:22:17
SYS,WRR$_REPLAY_DIVERGENCE,,0,0,YES,N,,2021-09-28 06:22:17
SYS,WRR$_REPLAY_DIV_SUMMARY,,0,0,YES,N,,2021-09-28 06:22:18
SYS,WRR$_REPLAY_FILES,SYSAUX,0,0,NO,N,,2021-09-28 06:22:18
SYS,WRR$_REPLAY_FILTER_SET,SYSAUX,0,0,NO,N,,2021-09-28 06:22:18
SYS,WRR$_REPLAY_GROUP_ASSIGNMENTS,SYSAUX,0,0,NO,N,,2021-09-28 06:22:18
SYS,WRR$_REPLAY_IFSLA,SYSAUX,0,0,NO,N,,2021-09-28 06:22:19
SYS,WRR$_REPLAY_INSTANCES,SYSAUX,0,0,NO,N,,2021-09-28 06:22:19
SYS,WRR$_REPLAY_LOGIN_QUEUE,SYSAUX,0,0,NO,N,,2021-09-28 06:22:19
SYS,WRR$_REPLAY_REFERENCES,SYSAUX,0,0,NO,N,,2021-09-28 06:22:19
SYS,WRR$_REPLAYS,SYSAUX,0,0,NO,N,,2021-09-28 06:22:17
SYS,WRR$_REPLAY_SCHEDULES,SYSAUX,0,0,NO,N,,2021-09-28 06:22:19
SYS,WRR$_REPLAY_SCN_ORDER,,0,,NO,N,IOT,2021-09-28 06:22:19
SYS,WRR$_REPLAY_SEQ_DATA,SYSAUX,0,0,NO,N,,2021-09-28 06:22:19
SYS,WRR$_REPLAY_SQL_BINDS,SYSAUX,0,0,NO,N,,2021-09-28 06:22:19
SYS,WRR$_REPLAY_SQL_MAP,SYSAUX,0,0,NO,N,,2021-09-28 06:22:19
SYS,WRR$_REPLAY_SQL_TEXT,SYSAUX,0,0,NO,N,,2021-09-28 06:22:19
SYS,WRR$_REPLAY_STATS,SYSAUX,0,0,NO,N,,2021-09-28 06:22:19
SYS,WRR$_REPLAY_TRACKED_COMMITS,SYSAUX,0,0,NO,N,,2021-09-28 06:22:19
SYS,WRR$_REPLAY_UC_GRAPH,SYSAUX,0,0,NO,N,,2021-09-28 06:22:19
SYS,WRR$_SCHEDULE_CAPTURES,SYSAUX,0,0,NO,N,,2021-09-28 06:22:19
SYS,WRR$_SCHEDULE_ORDERING,SYSAUX,0,0,NO,N,,2021-09-28 06:22:19
SYS,WRR$_SEQUENCE_EXCEPTIONS,SYSAUX,36,5,NO,N,,2021-09-28 06:22:20
SYS,WRR$_USER_MAP,SYSAUX,0,0,NO,N,,2021-09-28 06:22:20
SYS,WRR$_WORKLOAD_ATTRIBUTES,,0,,NO,N,IOT,2021-09-28 06:22:20
SYS,WRR$_WORKLOAD_EX_OBJECTS,SYSAUX,0,0,NO,N,,2021-09-28 06:22:20
SYS,WRR$_WORKLOAD_GROUPS,SYSAUX,0,0,NO,N,,2021-09-28 06:22:20
SYS,WRR$_WORKLOAD_REPLAY_THREAD,,0,0,YES,N,,2021-09-28 06:22:20
SYS,WRR$_WORKLOAD_SESSIONS,SYSAUX,0,0,NO,N,,2021-09-28 06:22:20
SYS,WRWC$_EXP_CONTROL,SYSAUX,0,0,NO,N,,2021-09-28 06:22:20
SYS,WRW$_CLIENT_DELIVERY_SVC,SYSAUX,0,0,NO,N,,2021-09-28 06:22:20
SYS,WRW$_CLIENT_MAILPKG,SYSAUX,0,0,NO,N,,2021-09-28 06:22:20
SYS,WRW$_DOWNLOAD_STATS,SYSAUX,0,0,NO,N,,2021-09-28 06:22:20
SYS,WRW$_SERVER_MAILPKG,SYSAUX,0,0,NO,N,,2021-09-28 06:22:20
SYS,WRWS$_WAREHOUSE_REGISTRATION,SYSAUX,0,0,NO,N,,2021-09-28 06:22:21
SYS,WRW$_UPLOAD_STATS,SYSAUX,0,0,NO,N,,2021-09-28 06:22:20
SYS,WRW$_WAREHOUSE_CONFIG,SYSAUX,0,0,NO,N,,2021-09-28 06:22:20
SYS,XS$ACE,SYSTEM,15,1,NO,N,,2021-09-28 06:22:21
SYS,XS$ACE_PRIV,SYSTEM,18,1,NO,N,,2021-09-28 06:22:21
SYS,XS$ACL,SYSTEM,5,1,NO,N,,2021-09-28 06:22:21
SYS,XS$ACL_PARAM,SYSTEM,0,0,NO,N,,2021-09-28 06:22:21
SYS,XS$AGGR_PRIV,SYSTEM,12,1,NO,N,,2021-09-28 06:22:21
SYS,XS$ATTR_SEC,SYSTEM,0,0,NO,N,,2021-09-28 06:22:21
SYS,XS$CACHE_ACTIONS,SYSTEM,7,1,NO,N,,2021-09-28 06:22:21
SYS,XS$CACHE_DELETE,SYSTEM,0,0,NO,N,,2021-09-28 06:22:22
SYS,XSDB$SCHEMA_ACL,SYSTEM,0,0,NO,N,,2021-09-28 06:22:25
SYS,XS$DSEC,SYSTEM,0,0,NO,N,,2021-09-28 06:22:22
SYS,XS$INSTSET_ACL,SYSTEM,0,0,NO,N,,2021-09-28 06:22:22
SYS,XS$INSTSET_INH,SYSTEM,0,0,NO,N,,2021-09-28 06:22:22
SYS,XS$INSTSET_INH_KEY,SYSTEM,0,0,NO,N,,2021-09-28 06:22:22
SYS,XS$INSTSET_LIST,SYSTEM,0,0,NO,N,,2021-09-28 06:22:22
SYS,XS$INSTSET_RULE,SYSTEM,0,0,NO,N,,2021-09-28 06:22:22
SYS,XS$NSTMPL,SYSTEM,1,1,NO,N,,2021-09-28 06:22:22
SYS,XS$NSTMPL_ATTR,SYSTEM,17,1,NO,N,,2021-09-28 06:22:22
SYS,XS$OBJ,SYSTEM,58,1,NO,N,,2021-09-28 06:22:23
SYS,XS$OLAP_POLICY,SYSTEM,0,0,NO,N,,2021-09-28 06:22:23
SYS,XS$PARAMETERS,SYSTEM,0,0,NO,N,,2021-09-28 06:22:23
SYS,XS$POLICY_PARAM,SYSTEM,0,0,NO,N,,2021-09-28 06:22:23
SYS,XS$PRIN,SYSTEM,15,1,NO,N,,2021-09-28 06:22:23
SYS,XS$PRIV,SYSTEM,30,1,NO,N,,2021-09-28 06:22:23
SYS,XS$PROXY_ROLE,SYSTEM,0,0,NO,N,,2021-09-28 06:22:24
SYS,XS$ROLE_GRANT,SYSTEM,0,0,NO,N,,2021-09-28 06:22:24
SYS,XS$ROLESET,SYSTEM,0,0,NO,N,,2021-09-28 06:22:24
SYS,XS$ROLESET_ROLES,SYSTEM,0,0,NO,N,,2021-09-28 06:22:24
SYS,XS$SECCLS,SYSTEM,7,1,NO,N,,2021-09-28 06:22:24
SYS,XS$SECCLS_H,SYSTEM,1,1,NO,N,,2021-09-28 06:22:24
SYS,XS$TENANT,SYSTEM,1,1,NO,N,,2021-09-28 06:22:24
SYS,XSTREAM$_DDL_CONFLICT_HANDLER,SYSTEM,0,0,NO,N,,2021-09-28 06:22:25
SYS,XSTREAM$_DML_CONFLICT_COLUMNS,SYSTEM,0,0,NO,N,,2021-09-28 06:22:25
SYS,XSTREAM$_DML_CONFLICT_HANDLER,SYSTEM,0,0,NO,N,,2021-09-28 06:22:25
SYS,XSTREAM$_HANDLE_COLLISIONS,SYSTEM,0,0,NO,N,,2021-09-28 06:22:25
SYS,XSTREAM$_MAP,SYSTEM,0,0,NO,N,,2021-09-28 06:22:25
SYS,XSTREAM$_PARAMETERS,SYSTEM,0,0,NO,N,,2021-09-28 06:22:26
SYS,XSTREAM$_PRIVILEGES,SYSTEM,0,0,NO,N,,2021-09-28 06:22:26
SYS,XSTREAM$_REPERROR_HANDLER,SYSTEM,0,0,NO,N,,2021-09-28 06:22:26
SYS,XSTREAM$_SERVER,SYSTEM,0,0,NO,N,,2021-09-28 06:22:26
SYS,XSTREAM$_SERVER_CONNECTION,SYSTEM,0,0,NO,N,,2021-09-28 06:22:26
SYS,XSTREAM$_SUBSET_RULES,SYSTEM,0,0,NO,N,,2021-09-28 06:22:26
SYS,XSTREAM$_SYSGEN_OBJS,SYSTEM,0,0,NO,N,,2021-09-28 06:22:26
SYS,XS$VALIDATION_TABLE,,,,NO,Y,,
SYS,XS$VERIFIERS,SYSTEM,0,0,NO,N,,2021-09-28 06:22:25
SYS,XS$WORKSPACE,SYSTEM,1,1,NO,N,,2021-09-28 06:22:25
SYSTEM,AQ$_INTERNET_AGENT_PRIVS,SYSTEM,4,1,NO,N,,2021-09-28 06:17:46
SYSTEM,AQ$_INTERNET_AGENTS,SYSTEM,6,1,NO,N,,2021-09-28 06:17:46
SYSTEM,AQ$_KEY_SHARD_MAP,SYSTEM,0,0,NO,N,,2021-09-28 06:17:46
SYSTEM,AQ$_QUEUES,SYSTEM,24,1,NO,N,,2021-09-28 06:17:47
SYSTEM,AQ$_QUEUE_TABLES,SYSTEM,12,1,NO,N,,2021-09-28 06:17:47
SYSTEM,AQ$_SCHEDULES,SYSTEM,0,0,NO,N,,2021-09-28 06:17:47
SYSTEM,HELP,SYSTEM,978,7,NO,N,,2021-09-28 06:51:44
SYSTEM,LOGMNR_AGE_SPILL$,SYSAUX,0,0,NO,N,,2021-09-28 06:17:51
SYSTEM,LOGMNR_ATTRCOL$,,0,0,YES,N,,2021-09-28 06:17:06
SYSTEM,LOGMNR_ATTRIBUTE$,,0,0,YES,N,,2021-09-28 06:17:08
SYSTEM,LOGMNR_CCOL$,,0,0,YES,N,,2021-09-28 06:17:08
SYSTEM,LOGMNRC_CONCOL_GG,,0,0,YES,N,,2021-09-28 06:17:47
SYSTEM,LOGMNRC_CON_GG,,0,0,YES,N,,2021-09-28 06:17:48
SYSTEM,LOGMNRC_DBNAME_UID_MAP,SYSAUX,0,0,NO,N,,2021-09-28 06:17:48
SYSTEM,LOGMNR_CDEF$,,0,0,YES,N,,2021-09-28 06:17:08
SYSTEM,LOGMNRC_GSBA,,0,0,YES,N,,2021-09-28 06:17:48
SYSTEM,LOGMNRC_GSII,,0,0,YES,N,,2021-09-28 06:17:48
SYSTEM,LOGMNRC_GTCS,,0,0,YES,N,,2021-09-28 06:17:49
SYSTEM,LOGMNRC_GTLO,,0,0,YES,N,,2021-09-28 06:17:49
SYSTEM,LOGMNRC_INDCOL_GG,,0,0,YES,N,,2021-09-28 06:17:49
SYSTEM,LOGMNRC_IND_GG,,0,0,YES,N,,2021-09-28 06:17:50
SYSTEM,LOGMNR_COL$,,0,0,YES,N,,2021-09-28 06:17:08
SYSTEM,LOGMNR_COLTYPE$,,0,0,YES,N,,2021-09-28 06:17:09
SYSTEM,LOGMNR_CON$,,0,0,YES,N,,2021-09-28 06:17:09
SYSTEM,LOGMNR_CONTAINER$,,0,0,YES,N,,2021-09-28 06:17:09
SYSTEM,LOGMNRC_SEQ_GG,,0,0,YES,N,,2021-09-28 06:17:50
SYSTEM,LOGMNRC_SHARD_TS,,0,0,YES,N,,2021-09-28 06:17:50
SYSTEM,LOGMNRC_TS,,0,0,YES,N,,2021-09-28 06:17:50
SYSTEM,LOGMNRC_TSPART,,0,0,YES,N,,2021-09-28 06:17:50
SYSTEM,LOGMNRC_USER,,0,0,YES,N,,2021-09-28 06:17:50
SYSTEM,LOGMNR_DICTIONARY$,,0,0,YES,N,,2021-09-28 06:17:09
SYSTEM,LOGMNR_DICTSTATE$,,0,0,YES,N,,2021-09-28 06:17:51
SYSTEM,LOGMNR_DID$,SYSAUX,0,0,NO,N,,2021-09-28 06:17:52
SYSTEM,LOGMNR_ENC$,,0,0,YES,N,,2021-09-28 06:17:09
SYSTEM,LOGMNR_ERROR$,SYSAUX,0,0,NO,N,,2021-09-28 06:17:52
SYSTEM,LOGMNR_FILTER$,SYSAUX,0,0,NO,N,,2021-09-28 06:17:52
SYSTEM,LOGMNRGGC_GTCS,SYSTEM,0,0,NO,N,,2021-09-28 06:17:51
SYSTEM,LOGMNRGGC_GTLO,SYSTEM,0,0,NO,N,,2021-09-28 06:17:51
SYSTEM,LOGMNR_GLOBAL$,SYSAUX,0,0,NO,N,,2021-09-28 06:17:52
SYSTEM,LOGMNR_GT_TAB_INCLUDE$,,,,NO,Y,,
SYSTEM,LOGMNR_GT_USER_INCLUDE$,,,,NO,Y,,
SYSTEM,LOGMNR_GT_XID_INCLUDE$,,,,NO,Y,,
SYSTEM,LOGMNR_ICOL$,,0,0,YES,N,,2021-09-28 06:17:09
SYSTEM,LOGMNR_IDNSEQ$,,0,0,YES,N,,2021-09-28 06:17:10
SYSTEM,LOGMNR_IND$,,0,0,YES,N,,2021-09-28 06:17:10
SYSTEM,LOGMNR_INDCOMPART$,,0,0,YES,N,,2021-09-28 06:17:10
SYSTEM,LOGMNR_INDPART$,,0,0,YES,N,,2021-09-28 06:17:10
SYSTEM,LOGMNR_INDSUBPART$,,0,0,YES,N,,2021-09-28 06:17:10
SYSTEM,LOGMNR_KOPM$,,0,0,YES,N,,2021-09-28 06:17:10
SYSTEM,LOGMNR_LOB$,,0,0,YES,N,,2021-09-28 06:17:10
SYSTEM,LOGMNR_LOBFRAG$,,0,0,YES,N,,2021-09-28 06:17:10
SYSTEM,LOGMNR_LOG$,SYSAUX,0,0,NO,N,,2021-09-28 06:17:52
SYSTEM,LOGMNR_LOGMNR_BUILDLOG,,0,0,YES,N,,2021-09-28 06:17:11
SYSTEM,LOGMNR_NTAB$,,0,0,YES,N,,2021-09-28 06:17:11
SYSTEM,LOGMNR_OBJ$,,0,0,YES,N,,2021-09-28 06:17:11
SYSTEM,LOGMNR_OPQTYPE$,,0,0,YES,N,,2021-09-28 06:17:11
SYSTEM,LOGMNR_PARAMETER$,SYSTEM,0,0,NO,N,,2021-09-28 06:17:52
SYSTEM,LOGMNR_PARTOBJ$,,0,0,YES,N,,2021-09-28 06:17:11
SYSTEM,LOGMNRP_CTAS_PART_MAP,,0,0,YES,N,,2021-09-28 06:17:51
SYSTEM,LOGMNR_PDB_INFO$,SYSAUX,0,0,NO,N,,2021-09-28 06:17:52
SYSTEM,LOGMNR_PROCESSED_LOG$,SYSAUX,0,0,NO,N,,2021-09-28 06:17:52
SYSTEM,LOGMNR_PROFILE_PLSQL_STATS$,SYSAUX,0,0,NO,N,,2021-09-28 06:17:52
SYSTEM,LOGMNR_PROFILE_TABLE_STATS$,SYSAUX,0,0,NO,N,,2021-09-28 06:17:53
SYSTEM,LOGMNR_PROPS$,,0,0,YES,N,,2021-09-28 06:17:11
SYSTEM,LOGMNR_REFCON$,,0,0,YES,N,,2021-09-28 06:17:11
SYSTEM,LOGMNR_RESTART_CKPT$,SYSAUX,0,0,NO,N,,2021-09-28 06:17:53
SYSTEM,LOGMNR_RESTART_CKPT_TXINFO$,SYSAUX,0,0,NO,N,,2021-09-28 06:17:53
SYSTEM,LOGMNR_SEED$,,0,0,YES,N,,2021-09-28 06:17:11
SYSTEM,LOGMNR_SESSION$,SYSTEM,0,0,NO,N,,2021-09-28 06:17:53
SYSTEM,LOGMNR_SESSION_ACTIONS$,SYSAUX,0,0,NO,N,,2021-09-28 06:17:53
SYSTEM,LOGMNR_SESSION_EVOLVE$,SYSAUX,0,0,NO,N,,2021-09-28 06:17:53
SYSTEM,LOGMNR_SHARD_TS,,0,0,YES,N,,2021-09-28 06:17:11
SYSTEM,LOGMNR_SPILL$,SYSAUX,0,0,NO,N,,2021-09-28 06:17:53
SYSTEM,LOGMNR_SUBCOLTYPE$,,0,0,YES,N,,2021-09-28 06:17:12
SYSTEM,LOGMNR_TAB$,,0,0,YES,N,,2021-09-28 06:17:12
SYSTEM,LOGMNR_TABCOMPART$,,0,0,YES,N,,2021-09-28 06:17:12
SYSTEM,LOGMNR_TABPART$,,0,0,YES,N,,2021-09-28 06:17:12
SYSTEM,LOGMNR_TABSUBPART$,,0,0,YES,N,,2021-09-28 06:17:12
SYSTEM,LOGMNRT_MDDL$,,,,NO,Y,,
SYSTEM,LOGMNR_TS$,,0,0,YES,N,,2021-09-28 06:17:12
SYSTEM,LOGMNR_TYPE$,,0,0,YES,N,,2021-09-28 06:17:12
SYSTEM,LOGMNR_UID$,SYSAUX,0,0,NO,N,,2021-09-28 06:17:53
SYSTEM,LOGMNR_USER$,,0,0,YES,N,,2021-09-28 06:17:12
SYSTEM,LOGSTDBY$APPLY_MILESTONE,SYSAUX,0,0,NO,N,,2021-09-28 06:17:53
SYSTEM,LOGSTDBY$APPLY_PROGRESS,,0,0,YES,N,,2021-09-28 06:17:53
SYSTEM,LOGSTDBY$EDS_TABLES,SYSAUX,0,0,NO,N,,2021-09-28 06:17:54
SYSTEM,LOGSTDBY$EVENTS,SYSAUX,0,0,NO,N,,2021-09-28 06:17:54
SYSTEM,LOGSTDBY$FLASHBACK_SCN,SYSAUX,0,0,NO,N,,2021-09-28 06:17:54
SYSTEM,LOGSTDBY$HISTORY,SYSAUX,0,0,NO,N,,2021-09-28 06:17:54
SYSTEM,LOGSTDBY$PARAMETERS,SYSTEM,0,0,NO,N,,2021-09-28 06:17:54
SYSTEM,LOGSTDBY$PLSQL,SYSAUX,0,0,NO,N,,2021-09-28 06:17:54
SYSTEM,LOGSTDBY$SCN,SYSAUX,0,0,NO,N,,2021-09-28 06:17:54
SYSTEM,LOGSTDBY$SKIP,SYSAUX,0,0,NO,N,,2021-09-28 06:17:54
SYSTEM,LOGSTDBY$SKIP_SUPPORT,SYSAUX,676,5,NO,N,,2021-09-28 06:17:54
SYSTEM,LOGSTDBY$SKIP_TRANSACTION,SYSAUX,0,0,NO,N,,2021-09-28 06:17:55
SYSTEM,MVIEW$_ADV_AJG,SYSTEM,0,0,NO,N,,2021-09-28 06:17:55
SYSTEM,MVIEW$_ADV_BASETABLE,SYSTEM,0,0,NO,N,,2021-09-28 06:17:55
SYSTEM,MVIEW$_ADV_CLIQUE,SYSTEM,0,0,NO,N,,2021-09-28 06:17:55
SYSTEM,MVIEW$_ADV_ELIGIBLE,SYSTEM,0,0,NO,N,,2021-09-28 06:17:55
SYSTEM,MVIEW$_ADV_EXCEPTIONS,SYSTEM,0,0,NO,N,,2021-09-28 06:17:55
SYSTEM,MVIEW$_ADV_FILTER,SYSTEM,0,0,NO,N,,2021-09-28 06:17:55
SYSTEM,MVIEW$_ADV_FILTERINSTANCE,SYSTEM,0,0,NO,N,,2021-09-28 06:17:55
SYSTEM,MVIEW$_ADV_FJG,SYSTEM,0,0,NO,N,,2021-09-28 06:17:55
SYSTEM,MVIEW$_ADV_GC,SYSTEM,0,0,NO,N,,2021-09-28 06:17:55
SYSTEM,MVIEW$_ADV_INFO,SYSTEM,0,0,NO,N,,2021-09-28 06:17:56
SYSTEM,MVIEW$_ADV_JOURNAL,SYSTEM,0,0,NO,N,,2021-09-28 06:17:56
SYSTEM,MVIEW$_ADV_LEVEL,SYSTEM,0,0,NO,N,,2021-09-28 06:17:56
SYSTEM,MVIEW$_ADV_LOG,SYSTEM,0,0,NO,N,,2021-09-28 06:17:56
SYSTEM,MVIEW$_ADV_OUTPUT,SYSTEM,0,0,NO,N,,2021-09-28 06:17:56
SYSTEM,MVIEW$_ADV_PARAMETERS,SYSTEM,40,1,NO,N,,2021-09-28 06:17:56
SYSTEM,MVIEW$_ADV_PLAN,SYSTEM,0,0,NO,N,,2021-09-28 06:17:57
SYSTEM,MVIEW$_ADV_PRETTY,SYSTEM,0,0,NO,N,,2021-09-28 06:17:57
SYSTEM,MVIEW$_ADV_ROLLUP,SYSTEM,0,0,NO,N,,2021-09-28 06:17:57
SYSTEM,MVIEW$_ADV_SQLDEPEND,SYSTEM,0,0,NO,N,,2021-09-28 06:17:57
SYSTEM,MVIEW$_ADV_TEMP,SYSTEM,0,0,NO,N,,2021-09-28 06:17:57
SYSTEM,MVIEW$_ADV_WORKLOAD,SYSTEM,0,0,NO,N,,2021-09-28 06:17:58
SYSTEM,OL$,,,,NO,Y,,
SYSTEM,OL$HINTS,,,,NO,Y,,
SYSTEM,OL$NODES,,,,NO,Y,,
SYSTEM,REDO_DB,SYSAUX,1,5,NO,N,,2021-09-28 06:17:58
SYSTEM,REDO_LOG,SYSAUX,0,0,NO,N,,2021-09-28 06:17:58
SYSTEM,REPL_SUPPORT_MATRIX,SYSTEM,82,1,NO,N,,2021-09-28 06:17:58
SYSTEM,REPL_VALID_COMPAT,SYSTEM,1,1,NO,N,,2021-09-28 06:17:58
SYSTEM,ROLLING$CONNECTIONS,SYSTEM,0,0,NO,N,,2021-09-28 06:17:58
SYSTEM,ROLLING$DATABASES,SYSTEM,0,0,NO,N,,2021-09-28 06:17:59
SYSTEM,ROLLING$DIRECTIVES,SYSTEM,0,0,NO,N,,2021-09-28 06:17:59
SYSTEM,ROLLING$EVENTS,SYSTEM,0,0,NO,N,,2021-09-28 06:17:59
SYSTEM,ROLLING$PARAMETERS,SYSTEM,0,0,NO,N,,2021-09-28 06:17:59
SYSTEM,ROLLING$PLAN,SYSTEM,0,0,NO,N,,2021-09-28 06:17:59
SYSTEM,ROLLING$STATISTICS,SYSTEM,0,0,NO,N,,2021-09-28 06:17:59
SYSTEM,ROLLING$STATUS,SYSTEM,0,0,NO,N,,2021-09-28 06:17:59
SYSTEM,SCHEDULER_JOB_ARGS_TBL,SYSTEM,0,0,NO,N,,2021-09-28 06:17:59
SYSTEM,SCHEDULER_PROGRAM_ARGS_TBL,SYSTEM,0,0,NO,N,,2021-09-28 06:17:59
SYSTEM,SQLPLUS_PRODUCT_PROFILE,SYSTEM,0,0,NO,N,,2021-09-28 06:51:44
WMSYS,AQ$_WM$EVENT_QUEUE_TABLE_G,,0,,NO,N,IOT,2021-09-28 06:39:31
WMSYS,AQ$_WM$EVENT_QUEUE_TABLE_H,,0,,NO,N,IOT,2021-09-28 06:39:32
WMSYS,AQ$_WM$EVENT_QUEUE_TABLE_I,,0,,NO,N,IOT,2021-09-28 06:39:32
WMSYS,AQ$_WM$EVENT_QUEUE_TABLE_L,SYSAUX,0,0,NO,N,,2021-09-28 06:39:32
WMSYS,AQ$_WM$EVENT_QUEUE_TABLE_S,SYSAUX,1,5,NO,N,,2021-09-28 06:39:32
WMSYS,AQ$_WM$EVENT_QUEUE_TABLE_T,,0,,NO,N,IOT,2021-09-28 06:39:32
WMSYS,SYS_IOT_OVER_23901,SYSAUX,0,0,NO,N,IOT_OVERFLOW,2021-09-28 06:39:31
WMSYS,WM$BATCH_COMPRESSIBLE_TABLES$,SYSAUX,0,0,NO,N,,2021-09-28 06:39:32
WMSYS,WM$CONS_COLUMNS$,SYSAUX,0,0,NO,N,,2021-09-28 06:39:32
WMSYS,WM$CONSTRAINTS_TABLE$,SYSAUX,0,0,NO,N,,2021-09-28 06:39:32
WMSYS,WM$ENV_VARS$,SYSAUX,3,5,NO,N,,2021-09-28 06:39:32
WMSYS,WM$EVENT_QUEUE_TABLE,SYSAUX,,,NO,N,,
WMSYS,WM$EVENTS_INFO$,SYSAUX,12,5,NO,N,,2021-09-28 06:39:32
WMSYS,WM$EXP_MAP_TBL,SYSAUX,0,0,NO,N,,2021-09-28 06:39:32
WMSYS,WM$HASH_TABLE$,SYSAUX,0,0,NO,N,,2021-09-28 06:39:32
WMSYS,WM$HINT_TABLE$,SYSAUX,97,5,NO,N,,2021-09-28 06:39:32
WMSYS,WM$LOCKROWS_INFO$,SYSAUX,0,0,NO,N,,2021-09-28 06:39:32
WMSYS,WM$METADATA_MAP_TBL,SYSAUX,0,0,NO,N,,2021-09-28 06:39:32
WMSYS,WM$MODIFIED_TABLES$,SYSAUX,0,0,NO,N,,2021-09-28 06:39:32
WMSYS,WM$MP_GRAPH_WORKSPACES_TABLE$,SYSAUX,0,0,NO,N,,2021-09-28 06:39:32
WMSYS,WM$MP_PARENT_WORKSPACES_TABLE$,SYSAUX,0,0,NO,N,,2021-09-28 06:39:32
WMSYS,WM$MW_TABLE$,,,,NO,Y,,
WMSYS,WM$NESTED_COLUMNS_TABLE$,SYSAUX,0,0,NO,N,,2021-09-28 06:39:32
WMSYS,WM$NEXTVER_TABLE$,SYSAUX,1,5,NO,N,,2021-09-28 06:39:32
WMSYS,WM$RESOLVE_WORKSPACES_TABLE$,SYSAUX,0,0,NO,N,,2021-09-28 06:39:33
WMSYS,WM$RIC_LOCKING_TABLE$,SYSAUX,0,0,NO,N,,2021-09-28 06:39:33
WMSYS,WM$RIC_TABLE$,SYSAUX,0,0,NO,N,,2021-09-28 06:39:33
WMSYS,WM$RIC_TRIGGERS_TABLE$,SYSAUX,0,0,NO,N,,2021-09-28 06:39:33
WMSYS,WM$SYSPARAM_ALL_VALUES$,SYSAUX,42,5,NO,N,,2021-09-28 06:39:33
WMSYS,WM$UDTRIG_DISPATCH_PROCS$,SYSAUX,0,0,NO,N,,2021-09-28 06:39:33
WMSYS,WM$UDTRIG_INFO$,SYSAUX,0,0,NO,N,,2021-09-28 06:39:33
WMSYS,WM$VERSIONED_TABLES$,SYSAUX,3,5,NO,N,,2021-09-28 06:39:33
WMSYS,WM$VERSION_HIERARCHY_TABLE$,SYSAUX,1,5,NO,N,,2021-09-28 06:39:33
WMSYS,WM$VERSION_TABLE$,SYSAUX,0,0,NO,N,,2021-09-28 06:39:33
WMSYS,WM$VT_ERRORS_TABLE$,SYSAUX,0,0,NO,N,,2021-09-28 06:39:33
WMSYS,WM$WORKSPACE_PRIV_TABLE$,SYSAUX,11,5,NO,N,,2021-09-28 06:39:33
WMSYS,WM$WORKSPACE_SAVEPOINTS_TABLE$,SYSAUX,0,0,NO,N,,2021-09-28 06:39:34
WMSYS,WM$WORKSPACES_TABLE$,SYSAUX,1,5,NO,N,,2021-09-28 06:39:33
XDB,APP_ROLE_MEMBERSHIP,SYSAUX,0,0,NO,N,,2021-09-28 06:34:06
XDB,APP_USERS_AND_ROLES,SYSAUX,0,0,NO,N,,2021-09-28 06:34:07
XDB,JSON$COLLECTION_METADATA,SYSAUX,0,0,NO,N,,2021-09-28 06:34:07
XDB,JSON$USER_CREDENTIALS,SYSAUX,0,0,NO,N,,2021-09-28 06:34:07
XDB,JSON$USER_ROLES,SYSAUX,0,0,NO,N,,2021-09-28 06:34:07
XDB,JSON$USERS,SYSAUX,0,0,NO,N,,2021-09-28 06:34:07
XDB,XDB$CDBPORTS,SYSAUX,0,0,NO,N,,2021-09-28 06:34:09
XDB,XDB$CHECKOUTS,SYSAUX,0,0,NO,N,,2021-09-28 06:34:09
XDB,XDB$COLUMN_INFO,SYSAUX,0,0,NO,N,,2021-09-28 06:34:09
XDB,XDB$DBFS_VIRTUAL_FOLDER,SYSAUX,1,5,NO,N,,2021-09-28 06:34:11
XDB,XDB$D_LINK,SYSAUX,0,0,NO,N,,2021-09-28 06:34:11
XDB,XDB$DXPTAB,SYSAUX,0,0,NO,N,,2021-09-28 06:34:11
XDB,XDB$H_INDEX,SYSAUX,32,35,NO,N,,2021-09-28 06:34:11
XDB,XDB$IMPORT_NM_INFO,SYSAUX,0,0,NO,N,,2021-09-28 06:34:11
XDB,XDB$IMPORT_PT_INFO,SYSAUX,0,0,NO,N,,2021-09-28 06:34:12
XDB,XDB$IMPORT_QN_INFO,SYSAUX,0,0,NO,N,,2021-09-28 06:34:12
XDB,XDB$IMPORT_TT_INFO,SYSAUX,0,0,NO,N,,2021-09-28 06:34:12
XDB,XDB_INDEX_DDL_CACHE,SYSAUX,0,0,NO,N,,2021-09-28 06:34:16
XDB,XDB$MOUNTS,SYSAUX,0,0,NO,N,,2021-09-28 06:34:12
XDB,XDB$NONCEKEY,SYSAUX,1,5,NO,N,,2021-09-28 06:34:12
XDB,XDB$PATH_INDEX_PARAMS,SYSAUX,0,0,NO,N,,2021-09-28 06:34:12
XDB,XDB$REPOS,SYSAUX,0,0,NO,N,,2021-09-28 06:34:12
XDB,XDB$ROOT_INFO,SYSAUX,1,5,NO,N,,2021-09-28 06:34:13
XDB,XDB$TSETMAP,SYSAUX,0,0,NO,N,,2021-09-28 06:34:15
XDB,XDB$TTSET,SYSAUX,1,5,NO,N,,2021-09-28 06:34:15
XDB,XDB$XDB_READY,SYSAUX,1,5,NO,N,,2021-09-28 06:34:15
XDB,XDB$XIDX_IMP_T,,,,NO,Y,,
XDB,XDB$XIDX_PARAM_T,SYSAUX,0,0,NO,N,,2021-09-28 06:34:15
XDB,XDB$XIDX_PART_TAB,SYSAUX,0,0,NO,N,,2021-09-28 06:34:15
XDB,XDB$XTAB,SYSAUX,0,0,NO,N,,2021-09-28 06:34:15
XDB,XDB$XTABCOLS,SYSAUX,0,0,NO,N,,2021-09-28 06:34:15
XDB,XDB$XTABNMSP,SYSAUX,0,0,NO,N,,2021-09-28 06:34:15
XDB,X$NM23LVJDK4EL9LDAHTO4RRGH5N9U,SYSAUX,27,5,NO,N,,2021-09-28 06:34:07
XDB,X$PT23LVJDK4EL9LDAHTO4RRGH5N9U,SYSAUX,0,0,NO,N,,2021-09-28 06:34:08
XDB,X$QN23LVJDK4EL9LDAHTO4RRGH5N9U,SYSAUX,696,5,NO,N,,2021-09-28 06:34:08
