OWNER,INDEX_NAME,TABLE_OWNER,TABLE_NAME,UNIQUENESS,INDEX_TYPE,STATUS,PARTITIONED,TEMPORARY,VISIBILITY
AUDSYS,SYS_IL0000019825C00030$$,AUDSYS,AUD$UNIFIED,UNIQUE,LOB,N/A,YES,N,VISIBLE
AUDSYS,SYS_IL0000019825C00031$$,AUDSYS,AUD$UNIFIED,UNIQUE,LOB,N/A,YES,N,VISIBLE
AUDSYS,SYS_IL0000019825C00097$$,AUDSYS,AUD$UNIFIED,UNIQUE,LOB,N/A,YES,N,VISIBLE
CTXSYS,DRC$AUTOOPT_UN,CTXSYS,DR$AUTOOPT,UNIQUE,NORMAL,VALID,NO,N,VISIBLE
CTXSYS,DRC$CLA_KEY,CTXSYS,DR$CLASS,UNIQUE,NORMAL,VALID,NO,N,VISIBLE
CTXSYS,SYS_IOT_TOP_64705,CTXSYS,DR$DBO,UNIQUE,IOT - TOP,VALID,NO,N,VISIBLE
CTXSYS,DRC$DEL_KEY,CTXSYS,DR$DELETE,UNIQUE,IOT - TOP,VALID,NO,N,VISIBLE
CTXSYS,SYS_C007001,CTXSYS,DR$DICTIONARY,UNIQUE,NORMAL,VALID,NO,N,VISIBLE
CTXSYS,SYS_IL0000064743C00004$$,CTXSYS,DR$DICTIONARY,UNIQUE,LOB,VALID,NO,N,VISIBLE
CTXSYS,DR$FEAT_KEY,CTXSYS,DR$FEATURE_USED,UNIQUE,NORMAL,VALID,NO,N,VISIBLE
CTXSYS,IDX1_DR$FREQTOKS,CTXSYS,DR$FREQTOKS,NONUNIQUE,NORMAL,VALID,NO,N,VISIBLE
CTXSYS,IDX2_DR$FREQTOKS,CTXSYS,DR$FREQTOKS,NONUNIQUE,NORMAL,VALID,NO,N,VISIBLE
CTXSYS,SYS_C007002,CTXSYS,DR$IDX_DICTIONARIES,UNIQUE,NORMAL,VALID,NO,N,VISIBLE
CTXSYS,SYS_IL0000064747C00003$$,CTXSYS,DR$IDX_DICTIONARIES,UNIQUE,LOB,VALID,NO,N,VISIBLE
CTXSYS,DRC$IDX_COLSPEC,CTXSYS,DR$INDEX,UNIQUE,NORMAL,VALID,NO,N,VISIBLE
CTXSYS,DRC$IDX_COLUMN,CTXSYS,DR$INDEX,NONUNIQUE,NORMAL,VALID,NO,N,VISIBLE
CTXSYS,DRC$IDX_KEY,CTXSYS,DR$INDEX,UNIQUE,NORMAL,VALID,NO,N,VISIBLE
CTXSYS,SYS_IOT_TOP_64717,CTXSYS,DR$INDEX_CDI_COLUMN,UNIQUE,IOT - TOP,VALID,NO,N,VISIBLE
CTXSYS,DRC$IXO_KEY,CTXSYS,DR$INDEX_OBJECT,UNIQUE,IOT - TOP,VALID,NO,N,VISIBLE
CTXSYS,DRC$IXP_KEY,CTXSYS,DR$INDEX_PARTITION,UNIQUE,NORMAL,VALID,NO,N,VISIBLE
CTXSYS,DRX$IXP_NAME,CTXSYS,DR$INDEX_PARTITION,UNIQUE,NORMAL,VALID,NO,N,VISIBLE
CTXSYS,DRC$IXS_KEY,CTXSYS,DR$INDEX_SET,UNIQUE,NORMAL,VALID,NO,N,VISIBLE
CTXSYS,DRC$IXS_NAME,CTXSYS,DR$INDEX_SET,UNIQUE,NORMAL,VALID,NO,N,VISIBLE
CTXSYS,DRC$IXX_KEY,CTXSYS,DR$INDEX_SET_INDEX,UNIQUE,NORMAL,VALID,NO,N,VISIBLE
CTXSYS,DRX$IXV_KEY,CTXSYS,DR$INDEX_VALUE,NONUNIQUE,NORMAL,VALID,NO,N,VISIBLE
CTXSYS,SYS_C006990,CTXSYS,DR$NVTAB,UNIQUE,NORMAL,VALID,NO,N,VISIBLE
CTXSYS,SYS_IL0000064713C00002$$,CTXSYS,DR$NVTAB,UNIQUE,LOB,VALID,NO,N,VISIBLE
CTXSYS,DRC$OBJ_KEY,CTXSYS,DR$OBJECT,UNIQUE,NORMAL,VALID,NO,N,VISIBLE
CTXSYS,DRC$OBJ_NAME,CTXSYS,DR$OBJECT,UNIQUE,NORMAL,VALID,NO,N,VISIBLE
CTXSYS,DRC$OAT_KEY,CTXSYS,DR$OBJECT_ATTRIBUTE,UNIQUE,NORMAL,VALID,NO,N,VISIBLE
CTXSYS,DRC$OAT_NAME,CTXSYS,DR$OBJECT_ATTRIBUTE,UNIQUE,NORMAL,VALID,NO,N,VISIBLE
CTXSYS,DRX$OAL_ID,CTXSYS,DR$OBJECT_ATTRIBUTE_LOV,NONUNIQUE,NORMAL,VALID,NO,N,VISIBLE
CTXSYS,SYS_IOT_TOP_64692,CTXSYS,DR$ONLINE_PENDING,UNIQUE,IOT - TOP,VALID,NO,N,VISIBLE
CTXSYS,SYS_IOT_TOP_64699,CTXSYS,DR$PARALLEL,UNIQUE,IOT - TOP,VALID,NO,N,VISIBLE
CTXSYS,SYS_IOT_TOP_64618,CTXSYS,DR$PARAMETER,UNIQUE,IOT - TOP,VALID,NO,N,VISIBLE
CTXSYS,SYS_IOT_TOP_64688,CTXSYS,DR$PENDING,UNIQUE,IOT - TOP,VALID,NO,N,VISIBLE
CTXSYS,DRC$PRE_KEY,CTXSYS,DR$PREFERENCE,UNIQUE,NORMAL,VALID,NO,N,VISIBLE
CTXSYS,DRC$PRE_NAME,CTXSYS,DR$PREFERENCE,UNIQUE,NORMAL,VALID,NO,N,VISIBLE
CTXSYS,DRC$PRV_KEY,CTXSYS,DR$PREFERENCE_VALUE,UNIQUE,NORMAL,VALID,NO,N,VISIBLE
CTXSYS,DRC$SDU_KEY,CTXSYS,DR$SDATA_UPDATE,UNIQUE,IOT - TOP,VALID,NO,N,VISIBLE
CTXSYS,DRC$SEC_KEY,CTXSYS,DR$SECTION,UNIQUE,NORMAL,VALID,NO,N,VISIBLE
CTXSYS,DRX$SEC_NAME,CTXSYS,DR$SECTION,NONUNIQUE,NORMAL,VALID,NO,N,VISIBLE
CTXSYS,DRX$SEC_TAG,CTXSYS,DR$SECTION,NONUNIQUE,NORMAL,VALID,NO,N,VISIBLE
CTXSYS,SYS_IOT_TOP_64673,CTXSYS,DR$SECTION_ATTRIBUTE,UNIQUE,IOT - TOP,VALID,NO,N,VISIBLE
CTXSYS,DRC$SGP_KEY,CTXSYS,DR$SECTION_GROUP,UNIQUE,NORMAL,VALID,NO,N,VISIBLE
CTXSYS,DRC$SGP_UNIQE,CTXSYS,DR$SECTION_GROUP,UNIQUE,NORMAL,VALID,NO,N,VISIBLE
CTXSYS,DRC$SGA_UNIQE,CTXSYS,DR$SECTION_GROUP_ATTRIBUTE,UNIQUE,NORMAL,VALID,NO,N,VISIBLE
CTXSYS,IDX1_DR$SLOWQRYS,CTXSYS,DR$SLOWQRYS,NONUNIQUE,NORMAL,VALID,NO,N,VISIBLE
CTXSYS,SYS_IL0000064647C00003$$,CTXSYS,DR$SQE,UNIQUE,LOB,VALID,NO,N,VISIBLE
CTXSYS,SYS_IOT_TOP_64647,CTXSYS,DR$SQE,UNIQUE,IOT - TOP,VALID,NO,N,VISIBLE
CTXSYS,SYS_C006988,CTXSYS,DR$STATS,UNIQUE,NORMAL,VALID,NO,N,VISIBLE
CTXSYS,DR_STOPLIST_PK,CTXSYS,DR$STOPLIST,UNIQUE,NORMAL,VALID,NO,N,VISIBLE
CTXSYS,DR_STOPLIST_UNIQ,CTXSYS,DR$STOPLIST,UNIQUE,NORMAL,VALID,NO,N,VISIBLE
CTXSYS,SYS_IOT_TOP_64678,CTXSYS,DR$STOPWORD,UNIQUE,IOT - TOP,VALID,NO,N,VISIBLE
CTXSYS,DRC$SLX_KEY,CTXSYS,DR$SUB_LEXER,UNIQUE,NORMAL,VALID,NO,N,VISIBLE
CTXSYS,DRX$SLX_SUB_PRE_ID,CTXSYS,DR$SUB_LEXER,NONUNIQUE,NORMAL,VALID,NO,N,VISIBLE
CTXSYS,SYS_C006935,CTXSYS,DR$THS,UNIQUE,NORMAL,VALID,NO,N,VISIBLE
CTXSYS,SYS_C006936,CTXSYS,DR$THS,UNIQUE,NORMAL,VALID,NO,N,VISIBLE
CTXSYS,DR_THS_BT,CTXSYS,DR$THS_BT,NONUNIQUE,NORMAL,VALID,NO,N,VISIBLE
CTXSYS,DR_UNIQ_THS_BT,CTXSYS,DR$THS_BT,UNIQUE,NORMAL,VALID,NO,N,VISIBLE
CTXSYS,SYS_IOT_TOP_64659,CTXSYS,DR$THS_FPHRASE,UNIQUE,IOT - TOP,VALID,NO,N,VISIBLE
CTXSYS,DR_THS_RINGID,CTXSYS,DR$THS_PHRASE,NONUNIQUE,NORMAL,VALID,NO,N,VISIBLE
CTXSYS,DR_UNIQ_THS_PHRASE,CTXSYS,DR$THS_PHRASE,UNIQUE,NORMAL,VALID,NO,N,VISIBLE
CTXSYS,SYS_C006938,CTXSYS,DR$THS_PHRASE,UNIQUE,NORMAL,VALID,NO,N,VISIBLE
CTXSYS,SYS_IOT_TOP_64739,CTXSYS,DR$TREE,UNIQUE,IOT - TOP,VALID,NO,N,VISIBLE
CTXSYS,DRC$UNX_KEY,CTXSYS,DR$UNINDEXED,UNIQUE,IOT - TOP,VALID,NO,N,VISIBLE
CTXSYS,SYS_C006998,CTXSYS,DR$USER_EXTRACT_ENTDICT,UNIQUE,NORMAL,VALID,NO,N,VISIBLE
CTXSYS,SYS_C006994,CTXSYS,DR$USER_EXTRACT_RULE,UNIQUE,NORMAL,VALID,NO,N,VISIBLE
CTXSYS,SYS_C006996,CTXSYS,DR$USER_EXTRACT_STOP_ENTITY,UNIQUE,NORMAL,VALID,NO,N,VISIBLE
CTXSYS,SYS_C006997,CTXSYS,DR$USER_EXTRACT_TKDICT,UNIQUE,NORMAL,VALID,NO,N,VISIBLE
CTXSYS,SYS_C006995,CTXSYS,DR$USER_EXTRACT_TYPE,UNIQUE,NORMAL,VALID,NO,N,VISIBLE
CTXSYS,SYS_IOT_TOP_64690,CTXSYS,DR$WAITING,UNIQUE,IOT - TOP,VALID,NO,N,VISIBLE
DBSFWUSER,SYS_C003643,DBSFWUSER,ACL$_OBJ,UNIQUE,NORMAL,VALID,NO,N,VISIBLE
DBSFWUSER,SYS_C003638,DBSFWUSER,EXADIRECT_ACL,UNIQUE,NORMAL,VALID,NO,N,VISIBLE
DBSFWUSER,SYS_C003640,DBSFWUSER,IP_ACL,UNIQUE,NORMAL,VALID,NO,N,VISIBLE
DBSNMP,BSLN_BASELINES_PK2,DBSNMP,BSLN_BASELINES,UNIQUE,NORMAL,VALID,NO,N,VISIBLE
DBSNMP,BSLN_BASELINES_UK2,DBSNMP,BSLN_BASELINES,UNIQUE,NORMAL,VALID,NO,N,VISIBLE
DBSNMP,BSLN_METRIC_DEFAULTS_PK,DBSNMP,BSLN_METRIC_DEFAULTS,UNIQUE,NORMAL,VALID,NO,N,VISIBLE
DBSNMP,BSLN_STATISTICS_PK1,DBSNMP,BSLN_STATISTICS,UNIQUE,NORMAL,VALID,NO,N,VISIBLE
DBSNMP,BSLN_THRESHOLDS_PK1,DBSNMP,BSLN_THRESHOLD_PARAMS,UNIQUE,NORMAL,VALID,NO,N,VISIBLE
DBSNMP,BSLN_TIMEGROUPS_PK,DBSNMP,BSLN_TIMEGROUPS,UNIQUE,IOT - TOP,VALID,NO,N,VISIBLE
DBSNMP,MGMT_DB_FEATURE_LOG_PK,DBSNMP,MGMT_DB_FEATURE_LOG,UNIQUE,NORMAL,VALID,NO,N,VISIBLE
DBSNMP,MGMT_DB_FILE_GTT_PK,DBSNMP,MGMT_DB_FILE_GTT,UNIQUE,NORMAL,VALID,NO,Y,VISIBLE
DBSNMP,MGMT_DB_SIZE_GTT_PK,DBSNMP,MGMT_DB_SIZE_GTT,UNIQUE,NORMAL,VALID,NO,Y,VISIBLE
DBSNMP,INST_NUM_KEY,DBSNMP,MGMT_SNAPSHOT,UNIQUE,NORMAL,VALID,NO,N,VISIBLE
DVSYS,AUDIT_TRAIL$_PK1,DVSYS,AUDIT_TRAIL$,UNIQUE,NORMAL,VALID,NO,N,VISIBLE
DVSYS,CODE$_PK1,DVSYS,CODE$,UNIQUE,NORMAL,VALID,NO,N,VISIBLE
DVSYS,CODE$_UK1,DVSYS,CODE$,UNIQUE,NORMAL,VALID,NO,N,VISIBLE
DVSYS,CODE_T$_UK1,DVSYS,CODE_T$,UNIQUE,NORMAL,VALID,NO,N,VISIBLE
DVSYS,COMMAND_RULE$_FK_IDX,DVSYS,COMMAND_RULE$,NONUNIQUE,NORMAL,VALID,NO,N,VISIBLE
DVSYS,COMMAND_RULE$_FK1_IDX,DVSYS,COMMAND_RULE$,NONUNIQUE,NORMAL,VALID,NO,N,VISIBLE
DVSYS,COMMAND_RULE$_PK1,DVSYS,COMMAND_RULE$,UNIQUE,NORMAL,VALID,NO,N,VISIBLE
DVSYS,COMMAND_RULE$_UK1,DVSYS,COMMAND_RULE$,UNIQUE,NORMAL,VALID,NO,N,VISIBLE
DVSYS,SYS_FK0000074895N00037$,DVSYS,COMMAND_RULE_ID_TAB,NONUNIQUE,NORMAL,VALID,NO,N,VISIBLE
DVSYS,SYS_C008012,DVSYS,CONFIG$,UNIQUE,NORMAL,VALID,NO,N,VISIBLE
DVSYS,SYS_C008013,DVSYS,ENFORCE$,UNIQUE,NORMAL,VALID,NO,N,VISIBLE
DVSYS,FACTOR$_FK_IDX,DVSYS,FACTOR$,NONUNIQUE,NORMAL,VALID,NO,N,VISIBLE
DVSYS,FACTOR$_FK1_IDX,DVSYS,FACTOR$,NONUNIQUE,NORMAL,VALID,NO,N,VISIBLE
DVSYS,FACTOR$_PK1,DVSYS,FACTOR$,UNIQUE,NORMAL,VALID,NO,N,VISIBLE
DVSYS,FACTOR$_UK1,DVSYS,FACTOR$,UNIQUE,NORMAL,VALID,NO,N,VISIBLE
DVSYS,FACTOR_LINK$_FK_IDX,DVSYS,FACTOR_LINK$,NONUNIQUE,NORMAL,VALID,NO,N,VISIBLE
DVSYS,FACTOR_LINK$_FK1_IDX,DVSYS,FACTOR_LINK$,NONUNIQUE,NORMAL,VALID,NO,N,VISIBLE
DVSYS,FACTOR_LINK$_PK1,DVSYS,FACTOR_LINK$,UNIQUE,NORMAL,VALID,NO,N,VISIBLE
DVSYS,FACTOR_LINK$_UK1,DVSYS,FACTOR_LINK$,UNIQUE,NORMAL,VALID,NO,N,VISIBLE
DVSYS,FACTOR_T$_UK1,DVSYS,FACTOR_T$,UNIQUE,NORMAL,VALID,NO,N,VISIBLE
DVSYS,FACTOR_TYPE$_PK1,DVSYS,FACTOR_TYPE$,UNIQUE,NORMAL,VALID,NO,N,VISIBLE
DVSYS,FACTOR_TYPE_T$_UK1,DVSYS,FACTOR_TYPE_T$,UNIQUE,NORMAL,VALID,NO,N,VISIBLE
DVSYS,FACTOR_TYPE_T$_UK2,DVSYS,FACTOR_TYPE_T$,UNIQUE,NORMAL,VALID,NO,N,VISIBLE
DVSYS,IDENTITY$_FK_IDX,DVSYS,IDENTITY$,NONUNIQUE,NORMAL,VALID,NO,N,VISIBLE
DVSYS,IDENTITY$_PK1,DVSYS,IDENTITY$,UNIQUE,NORMAL,VALID,NO,N,VISIBLE
DVSYS,IDENTITY$_UK1,DVSYS,IDENTITY$,UNIQUE,NORMAL,VALID,NO,N,VISIBLE
DVSYS,IDENTITY_MAP$_FK_IDX,DVSYS,IDENTITY_MAP$,NONUNIQUE,NORMAL,VALID,NO,N,VISIBLE
DVSYS,IDENTITY_MAP$_FK1_IDX,DVSYS,IDENTITY_MAP$,NONUNIQUE,NORMAL,VALID,NO,N,VISIBLE
DVSYS,IDENTITY_MAP$_FK2_IDX,DVSYS,IDENTITY_MAP$,NONUNIQUE,NORMAL,VALID,NO,N,VISIBLE
DVSYS,IDENTITY_MAP$_PK1,DVSYS,IDENTITY_MAP$,UNIQUE,NORMAL,VALID,NO,N,VISIBLE
DVSYS,IDENTITY_MAP$_UK_IDX,DVSYS,IDENTITY_MAP$,NONUNIQUE,NORMAL,VALID,NO,N,VISIBLE
DVSYS,MAC_POLICY$_FK_IDX,DVSYS,MAC_POLICY$,NONUNIQUE,NORMAL,VALID,NO,N,VISIBLE
DVSYS,MAC_POLICY$_PK1,DVSYS,MAC_POLICY$,UNIQUE,NORMAL,VALID,NO,N,VISIBLE
DVSYS,MAC_POLICY$_UK1,DVSYS,MAC_POLICY$,UNIQUE,NORMAL,VALID,NO,N,VISIBLE
DVSYS,MAC_POLICY_FACTOR$_FK_IDX,DVSYS,MAC_POLICY_FACTOR$,NONUNIQUE,NORMAL,VALID,NO,N,VISIBLE
DVSYS,MAC_POLICY_FACTOR$_FK1_IDX,DVSYS,MAC_POLICY_FACTOR$,NONUNIQUE,NORMAL,VALID,NO,N,VISIBLE
DVSYS,MAC_POLICY_FACTOR$_PK1,DVSYS,MAC_POLICY_FACTOR$,UNIQUE,NORMAL,VALID,NO,N,VISIBLE
DVSYS,MAC_POLICY_FACTOR$_UK1,DVSYS,MAC_POLICY_FACTOR$,UNIQUE,NORMAL,VALID,NO,N,VISIBLE
DVSYS,POLICY$_PK1,DVSYS,POLICY$,UNIQUE,NORMAL,VALID,NO,N,VISIBLE
DVSYS,IDENTITY_LABEL$_FK_IDX,DVSYS,POLICY_LABEL$,NONUNIQUE,NORMAL,VALID,NO,N,VISIBLE
DVSYS,IDENTITY_LABEL$_PK1,DVSYS,POLICY_LABEL$,UNIQUE,NORMAL,VALID,NO,N,VISIBLE
DVSYS,POLICY_LABEL$_UK1,DVSYS,POLICY_LABEL$,UNIQUE,NORMAL,VALID,NO,N,VISIBLE
DVSYS,POLICY_OBJECT$_PK1,DVSYS,POLICY_OBJECT$,UNIQUE,NORMAL,VALID,NO,N,VISIBLE
DVSYS,POLICY_OBJECT$_UK1,DVSYS,POLICY_OBJECT$,UNIQUE,NORMAL,VALID,NO,N,VISIBLE
DVSYS,POLICY_OWNER$_PK1,DVSYS,POLICY_OWNER$,UNIQUE,NORMAL,VALID,NO,N,VISIBLE
DVSYS,POLICY_OWNER$_UK1,DVSYS,POLICY_OWNER$,UNIQUE,NORMAL,VALID,NO,N,VISIBLE
DVSYS,POLICY$_UK1,DVSYS,POLICY_T$,UNIQUE,NORMAL,VALID,NO,N,VISIBLE
DVSYS,POLICY$_UK2,DVSYS,POLICY_T$,UNIQUE,NORMAL,VALID,NO,N,VISIBLE
DVSYS,REALM$_PK1,DVSYS,REALM$,UNIQUE,NORMAL,VALID,NO,N,VISIBLE
DVSYS,REALM_AUTH$_FK_IDX,DVSYS,REALM_AUTH$,NONUNIQUE,NORMAL,VALID,NO,N,VISIBLE
DVSYS,REALM_AUTH$_FK1_IDX,DVSYS,REALM_AUTH$,NONUNIQUE,NORMAL,VALID,NO,N,VISIBLE
DVSYS,REALM_AUTH$_PK1,DVSYS,REALM_AUTH$,UNIQUE,NORMAL,VALID,NO,N,VISIBLE
DVSYS,REALM_AUTH$_UK1,DVSYS,REALM_AUTH$,UNIQUE,NORMAL,VALID,NO,N,VISIBLE
DVSYS,SYS_FK0000074895N00035$,DVSYS,REALM_ID_TAB,NONUNIQUE,NORMAL,VALID,NO,N,VISIBLE
DVSYS,REALM_OBJECT$_FK_IDX,DVSYS,REALM_OBJECT$,NONUNIQUE,NORMAL,VALID,NO,N,VISIBLE
DVSYS,REALM_OBJECT$_PK1,DVSYS,REALM_OBJECT$,UNIQUE,NORMAL,VALID,NO,N,VISIBLE
DVSYS,REALM_OBJECT$_UK1,DVSYS,REALM_OBJECT$,UNIQUE,NORMAL,VALID,NO,N,VISIBLE
DVSYS,REALM_T$_UK1,DVSYS,REALM_T$,UNIQUE,NORMAL,VALID,NO,N,VISIBLE
DVSYS,REALM_T$_UK2,DVSYS,REALM_T$,UNIQUE,NORMAL,VALID,NO,N,VISIBLE
DVSYS,ROLE$_FK_IDX,DVSYS,ROLE$,NONUNIQUE,NORMAL,VALID,NO,N,VISIBLE
DVSYS,ROLE$_PK1,DVSYS,ROLE$,UNIQUE,NORMAL,VALID,NO,N,VISIBLE
DVSYS,ROLE$_UK1,DVSYS,ROLE$,UNIQUE,NORMAL,VALID,NO,N,VISIBLE
DVSYS,RULE$_PK1,DVSYS,RULE$,UNIQUE,NORMAL,VALID,NO,N,VISIBLE
DVSYS,RULE_SET$_PK1,DVSYS,RULE_SET$,UNIQUE,NORMAL,VALID,NO,N,VISIBLE
DVSYS,SYS_FK0000074895N00039$,DVSYS,RULE_SET_ID_TAB,NONUNIQUE,NORMAL,VALID,NO,N,VISIBLE
DVSYS,RULE_SET_RULE$_FK_IDX,DVSYS,RULE_SET_RULE$,NONUNIQUE,NORMAL,VALID,NO,N,VISIBLE
DVSYS,RULE_SET_RULE$_FK1_IDX,DVSYS,RULE_SET_RULE$,NONUNIQUE,NORMAL,VALID,NO,N,VISIBLE
DVSYS,RULE_SET_RULE$_PK1,DVSYS,RULE_SET_RULE$,UNIQUE,NORMAL,VALID,NO,N,VISIBLE
DVSYS,RULE_SET_RULE$_UK1,DVSYS,RULE_SET_RULE$,UNIQUE,NORMAL,VALID,NO,N,VISIBLE
DVSYS,RULE_SET_T$_UK1,DVSYS,RULE_SET_T$,UNIQUE,NORMAL,VALID,NO,N,VISIBLE
DVSYS,RULE_SET_T$_UK2,DVSYS,RULE_SET_T$,UNIQUE,NORMAL,VALID,NO,N,VISIBLE
DVSYS,RULE_T$_UK1,DVSYS,RULE_T$,UNIQUE,NORMAL,VALID,NO,N,VISIBLE
DVSYS,RULE_T$_UK2,DVSYS,RULE_T$,UNIQUE,NORMAL,VALID,NO,N,VISIBLE
DVSYS,SYS_C008215,DVSYS,SIMULATION_LOG$,UNIQUE,NORMAL,VALID,NO,N,VISIBLE
DVSYS,SYS_C008216,DVSYS,SIMULATION_LOG$,UNIQUE,NORMAL,VALID,NO,N,VISIBLE
DVSYS,SYS_C008217,DVSYS,SIMULATION_LOG$,UNIQUE,NORMAL,VALID,NO,N,VISIBLE
DVSYS,SYS_IL0000074895C00041$$,DVSYS,SIMULATION_LOG$,UNIQUE,LOB,VALID,NO,N,VISIBLE
DVSYS,SYS_C008015,DVSYS,STATUS$,UNIQUE,NORMAL,VALID,NO,N,VISIBLE
GSMADMIN_INTERNAL,SYS_C006499,GSMADMIN_INTERNAL,ALL_CHUNKS,UNIQUE,NORMAL,VALID,NO,N,VISIBLE
GSMADMIN_INTERNAL,SYS_IOT_TOP_22113,GSMADMIN_INTERNAL,AQ$_CHANGE_LOG_QUEUE_TABLE_G,UNIQUE,IOT - TOP,VALID,NO,N,VISIBLE
GSMADMIN_INTERNAL,SYS_IOT_TOP_22110,GSMADMIN_INTERNAL,AQ$_CHANGE_LOG_QUEUE_TABLE_H,UNIQUE,IOT - TOP,VALID,NO,N,VISIBLE
GSMADMIN_INTERNAL,SYS_IOT_TOP_22116,GSMADMIN_INTERNAL,AQ$_CHANGE_LOG_QUEUE_TABLE_I,UNIQUE,IOT - TOP,VALID,NO,N,VISIBLE
GSMADMIN_INTERNAL,SYS_C006537,GSMADMIN_INTERNAL,AQ$_CHANGE_LOG_QUEUE_TABLE_S,UNIQUE,NORMAL,VALID,NO,N,VISIBLE
GSMADMIN_INTERNAL,SYS_IOT_TOP_22108,GSMADMIN_INTERNAL,AQ$_CHANGE_LOG_QUEUE_TABLE_T,UNIQUE,IOT - TOP,VALID,NO,N,VISIBLE
GSMADMIN_INTERNAL,SYS_IL0000022126C00012$$,GSMADMIN_INTERNAL,BACKUP_CONFIG_INFO,UNIQUE,LOB,VALID,NO,N,VISIBLE
GSMADMIN_INTERNAL,SYS_C006408,GSMADMIN_INTERNAL,BROKER_CONFIGS,UNIQUE,NORMAL,VALID,NO,N,VISIBLE
GSMADMIN_INTERNAL,SYS_C006491,GSMADMIN_INTERNAL,CATALOG_REQUESTS,UNIQUE,NORMAL,VALID,NO,N,VISIBLE
GSMADMIN_INTERNAL,SYS_C006534,GSMADMIN_INTERNAL,CHANGE_LOG_QUEUE_TABLE,UNIQUE,NORMAL,VALID,NO,N,VISIBLE
GSMADMIN_INTERNAL,SYS_IL0000022099C00036$$,GSMADMIN_INTERNAL,CHANGE_LOG_QUEUE_TABLE,UNIQUE,LOB,VALID,NO,N,VISIBLE
GSMADMIN_INTERNAL,SYS_C006503,GSMADMIN_INTERNAL,CHUNK_LOC,UNIQUE,NORMAL,VALID,NO,N,VISIBLE
GSMADMIN_INTERNAL,SYS_C006496,GSMADMIN_INTERNAL,CHUNKS,UNIQUE,NORMAL,VALID,NO,N,VISIBLE
GSMADMIN_INTERNAL,SYS_IL0000022064C00005$$,GSMADMIN_INTERNAL,CHUNKS,UNIQUE,LOB,VALID,NO,N,VISIBLE
GSMADMIN_INTERNAL,SYS_IL0000022064C00006$$,GSMADMIN_INTERNAL,CHUNKS,UNIQUE,LOB,VALID,NO,N,VISIBLE
GSMADMIN_INTERNAL,SYS_C006391,GSMADMIN_INTERNAL,CLOUD,UNIQUE,NORMAL,VALID,NO,N,VISIBLE
GSMADMIN_INTERNAL,SYS_IL0000021962C00008$$,GSMADMIN_INTERNAL,CLOUD,UNIQUE,LOB,VALID,NO,N,VISIBLE
GSMADMIN_INTERNAL,SYS_IL0000021962C00009$$,GSMADMIN_INTERNAL,CLOUD,UNIQUE,LOB,VALID,NO,N,VISIBLE
GSMADMIN_INTERNAL,SYS_C006446,GSMADMIN_INTERNAL,CONTAINER_DATABASE,UNIQUE,NORMAL,VALID,NO,N,VISIBLE
GSMADMIN_INTERNAL,SYS_C006466,GSMADMIN_INTERNAL,CREDENTIAL,UNIQUE,NORMAL,VALID,NO,N,VISIBLE
GSMADMIN_INTERNAL,NAME_UNIQUE,GSMADMIN_INTERNAL,DATABASE,UNIQUE,NORMAL,VALID,NO,N,VISIBLE
GSMADMIN_INTERNAL,SYS_C006453,GSMADMIN_INTERNAL,DATABASE,UNIQUE,NORMAL,VALID,NO,N,VISIBLE
GSMADMIN_INTERNAL,SYS_C006398,GSMADMIN_INTERNAL,DATABASE_POOL,UNIQUE,NORMAL,VALID,NO,N,VISIBLE
GSMADMIN_INTERNAL,SYS_C006400,GSMADMIN_INTERNAL,DATABASE_POOL_ADMIN,UNIQUE,NORMAL,VALID,NO,N,VISIBLE
GSMADMIN_INTERNAL,SYS_C006463,GSMADMIN_INTERNAL,FILES,UNIQUE,NORMAL,VALID,NO,N,VISIBLE
GSMADMIN_INTERNAL,SYS_IL0000022034C00002$$,GSMADMIN_INTERNAL,FILES,UNIQUE,LOB,VALID,NO,N,VISIBLE
GSMADMIN_INTERNAL,SYS_C006524,GSMADMIN_INTERNAL,GLOBAL_TABLE,UNIQUE,NORMAL,VALID,NO,N,VISIBLE
GSMADMIN_INTERNAL,SYS_C006388,GSMADMIN_INTERNAL,GSM,UNIQUE,NORMAL,VALID,NO,N,VISIBLE
GSMADMIN_INTERNAL,SYS_C006489,GSMADMIN_INTERNAL,GSM_REQUESTS,UNIQUE,NORMAL,VALID,NO,N,VISIBLE
GSMADMIN_INTERNAL,SYS_C006490,GSMADMIN_INTERNAL,GSM_REQUESTS,UNIQUE,NORMAL,VALID,NO,N,VISIBLE
GSMADMIN_INTERNAL,SYS_C006440,GSMADMIN_INTERNAL,HETEROGENEOUS_COLUMNS,UNIQUE,NORMAL,VALID,NO,N,VISIBLE
GSMADMIN_INTERNAL,SYS_FK0000022048N00008$,GSMADMIN_INTERNAL,INSTANCES_NT,NONUNIQUE,NORMAL,VALID,NO,N,VISIBLE
GSMADMIN_INTERNAL,MDATAPK,GSMADMIN_INTERNAL,MOVE_DATA,UNIQUE,NORMAL,VALID,NO,N,VISIBLE
GSMADMIN_INTERNAL,SYS_IL0000022095C00006$$,GSMADMIN_INTERNAL,MOVE_DATA,UNIQUE,LOB,VALID,NO,N,VISIBLE
GSMADMIN_INTERNAL,SYS_FK0000022053N00014$,GSMADMIN_INTERNAL,OLD_INSTANCES_NT,NONUNIQUE,NORMAL,VALID,NO,N,VISIBLE
GSMADMIN_INTERNAL,SYS_C006510,GSMADMIN_INTERNAL,PARTITION_SET,UNIQUE,NORMAL,VALID,NO,N,VISIBLE
GSMADMIN_INTERNAL,SYS_IL0000022074C00003$$,GSMADMIN_INTERNAL,PARTITION_SET,UNIQUE,LOB,VALID,NO,N,VISIBLE
GSMADMIN_INTERNAL,SYS_IL0000022074C00004$$,GSMADMIN_INTERNAL,PARTITION_SET,UNIQUE,LOB,VALID,NO,N,VISIBLE
GSMADMIN_INTERNAL,SYS_IL0000022074C00006$$,GSMADMIN_INTERNAL,PARTITION_SET,UNIQUE,LOB,VALID,NO,N,VISIBLE
GSMADMIN_INTERNAL,SYS_IL0000022074C00007$$,GSMADMIN_INTERNAL,PARTITION_SET,UNIQUE,LOB,VALID,NO,N,VISIBLE
GSMADMIN_INTERNAL,NUM_UNIQUE,GSMADMIN_INTERNAL,REGION,UNIQUE,NORMAL,VALID,NO,N,VISIBLE
GSMADMIN_INTERNAL,SYS_C006378,GSMADMIN_INTERNAL,REGION,UNIQUE,NORMAL,VALID,NO,N,VISIBLE
GSMADMIN_INTERNAL,SYS_C006479,GSMADMIN_INTERNAL,SERVICE,UNIQUE,NORMAL,VALID,NO,N,VISIBLE
GSMADMIN_INTERNAL,PK_SPA,GSMADMIN_INTERNAL,SERVICE_PREFERRED_AVAILABLE,UNIQUE,NORMAL,VALID,NO,N,VISIBLE
GSMADMIN_INTERNAL,SYS_C006482,GSMADMIN_INTERNAL,SERVICE_PREFERRED_AVAILABLE,UNIQUE,NORMAL,VALID,NO,N,VISIBLE
GSMADMIN_INTERNAL,SG_NAME_UNIQUE,GSMADMIN_INTERNAL,SHARD_GROUP,UNIQUE,NORMAL,VALID,NO,N,VISIBLE
GSMADMIN_INTERNAL,SYS_C006413,GSMADMIN_INTERNAL,SHARD_GROUP,UNIQUE,NORMAL,VALID,NO,N,VISIBLE
GSMADMIN_INTERNAL,SYS_C006475,GSMADMIN_INTERNAL,SHARDKEY_COLUMNS,UNIQUE,NORMAL,VALID,NO,N,VISIBLE
GSMADMIN_INTERNAL,SS_NAME_UNIQUE,GSMADMIN_INTERNAL,SHARD_SPACE,UNIQUE,NORMAL,VALID,NO,N,VISIBLE
GSMADMIN_INTERNAL,SYS_C006404,GSMADMIN_INTERNAL,SHARD_SPACE,UNIQUE,NORMAL,VALID,NO,N,VISIBLE
GSMADMIN_INTERNAL,SYS_C006518,GSMADMIN_INTERNAL,SHARD_TS,UNIQUE,NORMAL,VALID,NO,N,VISIBLE
GSMADMIN_INTERNAL,SYS_FK0000022059N00004$,GSMADMIN_INTERNAL,SHSPACE_NT,NONUNIQUE,NORMAL,VALID,NO,N,VISIBLE
GSMADMIN_INTERNAL,SYS_C006470,GSMADMIN_INTERNAL,TABLE_FAMILY,UNIQUE,NORMAL,VALID,NO,N,VISIBLE
GSMADMIN_INTERNAL,SYS_C006514,GSMADMIN_INTERNAL,TABLESPACE_SET,UNIQUE,NORMAL,VALID,NO,N,VISIBLE
GSMADMIN_INTERNAL,PK_VNCR,GSMADMIN_INTERNAL,VNCR,UNIQUE,NORMAL,VALID,NO,N,VISIBLE
GSMADMIN_INTERNAL,VNCR_NAME,GSMADMIN_INTERNAL,VNCR,UNIQUE,NORMAL,VALID,NO,N,VISIBLE
LBACSYS,SYS_C008008,LBACSYS,OLS$AUDIT,UNIQUE,NORMAL,VALID,NO,N,VISIBLE
LBACSYS,OLS_COMP_LONG_UNIQUE,LBACSYS,OLS$COMPARTMENTS,UNIQUE,NORMAL,VALID,NO,N,VISIBLE
LBACSYS,OLS_COMP_PK,LBACSYS,OLS$COMPARTMENTS,UNIQUE,NORMAL,VALID,NO,N,VISIBLE
LBACSYS,OLS_COMP_SHORT_UNIQUE,LBACSYS,OLS$COMPARTMENTS,UNIQUE,NORMAL,VALID,NO,N,VISIBLE
LBACSYS,OLS_GROUP_LONG_UNIQUE,LBACSYS,OLS$GROUPS,UNIQUE,NORMAL,VALID,NO,N,VISIBLE
LBACSYS,OLS_GROUP_PK,LBACSYS,OLS$GROUPS,UNIQUE,NORMAL,VALID,NO,N,VISIBLE
LBACSYS,OLS_GROUP_SHORT_UNIQUE,LBACSYS,OLS$GROUPS,UNIQUE,NORMAL,VALID,NO,N,VISIBLE
LBACSYS,I_OLS$LAB_1,LBACSYS,OLS$LAB,NONUNIQUE,NORMAL,VALID,NO,N,VISIBLE
LBACSYS,I_OLS$LAB_2,LBACSYS,OLS$LAB,NONUNIQUE,NORMAL,VALID,NO,N,VISIBLE
LBACSYS,OLS_LABEL_PK,LBACSYS,OLS$LAB,UNIQUE,NORMAL,VALID,NO,N,VISIBLE
LBACSYS,OLS_LEVEL_LONG_UNIQUE,LBACSYS,OLS$LEVELS,UNIQUE,NORMAL,VALID,NO,N,VISIBLE
LBACSYS,OLS_LEVEL_PK,LBACSYS,OLS$LEVELS,UNIQUE,NORMAL,VALID,NO,N,VISIBLE
LBACSYS,OLS_LEVEL_SHORT_UNIQUE,LBACSYS,OLS$LEVELS,UNIQUE,NORMAL,VALID,NO,N,VISIBLE
LBACSYS,OLS$POL_PFCPIDX,LBACSYS,OLS$POL,NONUNIQUE,NORMAL,VALID,NO,N,VISIBLE
LBACSYS,SYS_C007900,LBACSYS,OLS$POL,UNIQUE,NORMAL,VALID,NO,N,VISIBLE
LBACSYS,SYS_C007901,LBACSYS,OLS$POL,UNIQUE,NORMAL,VALID,NO,N,VISIBLE
LBACSYS,SYS_C007902,LBACSYS,OLS$POL,UNIQUE,NORMAL,VALID,NO,N,VISIBLE
LBACSYS,OLS$POLS_OWNPOLIDX,LBACSYS,OLS$POLS,NONUNIQUE,NORMAL,VALID,NO,N,VISIBLE
LBACSYS,SYS_C007905,LBACSYS,OLS$POLS,UNIQUE,NORMAL,VALID,NO,N,VISIBLE
LBACSYS,OLS$POLT_OTFPIDX,LBACSYS,OLS$POLT,NONUNIQUE,NORMAL,VALID,NO,N,VISIBLE
LBACSYS,SYS_C007910,LBACSYS,OLS$POLT,UNIQUE,NORMAL,VALID,NO,N,VISIBLE
LBACSYS,SYS_C007913,LBACSYS,OLS$PROFILE,UNIQUE,NORMAL,VALID,NO,N,VISIBLE
LBACSYS,OLS_PROFILE_PK,LBACSYS,OLS$PROFILES,UNIQUE,NORMAL,VALID,NO,N,VISIBLE
LBACSYS,SYS_C007924,LBACSYS,OLS$PROG,UNIQUE,NORMAL,VALID,NO,N,VISIBLE
LBACSYS,OLS_PK_LP,LBACSYS,OLS$PROPS,UNIQUE,NORMAL,VALID,NO,N,VISIBLE
LBACSYS,OLS$SESSINFO_IDX,LBACSYS,OLS$SESSINFO,NONUNIQUE,NORMAL,VALID,NO,N,VISIBLE
LBACSYS,SYS_C007918,LBACSYS,OLS$USER,UNIQUE,NORMAL,VALID,NO,N,VISIBLE
LBACSYS,OLS_USER_COMP_PK,LBACSYS,OLS$USER_COMPARTMENTS,UNIQUE,NORMAL,VALID,NO,N,VISIBLE
LBACSYS,OLS_USER_GRP_PK,LBACSYS,OLS$USER_GROUPS,UNIQUE,NORMAL,VALID,NO,N,VISIBLE
LBACSYS,OLS_USER_LEVEL_PK,LBACSYS,OLS$USER_LEVELS,UNIQUE,NORMAL,VALID,NO,N,VISIBLE
MDSYS,UNIQUE_TABLE,MDSYS,CSW_SERVICE_INFO,UNIQUE,NORMAL,VALID,NO,N,VISIBLE
MDSYS,UNIQUE_XSD,MDSYS,CSW_SERVICE_INFO,UNIQUE,NORMAL,VALID,NO,N,VISIBLE
MDSYS,SYS_C007765,MDSYS,CURRENTSESSIONTOKENMAP_T$,UNIQUE,NORMAL,VALID,NO,N,VISIBLE
MDSYS,PK_SDO_MASK,MDSYS,MD$RELATE,UNIQUE,NORMAL,VALID,NO,N,VISIBLE
MDSYS,NTV2_XML_DATA_PK,MDSYS,NTV2_XML_DATA,UNIQUE,NORMAL,VALID,NO,N,VISIBLE
MDSYS,SYS_IL0000066958C00004$$,MDSYS,NTV2_XML_DATA,UNIQUE,LOB,VALID,NO,N,VISIBLE
MDSYS,PK_SRID,MDSYS,OGIS_SPATIAL_REFERENCE_SYSTEMS,UNIQUE,NORMAL,VALID,NO,N,VISIBLE
MDSYS,SYS_C007788,MDSYS,OLS_DIR_BUSINESS_CHAINS,UNIQUE,NORMAL,VALID,NO,N,VISIBLE
MDSYS,SYS_C007801,MDSYS,OLS_DIR_BUSINESSES,UNIQUE,NORMAL,VALID,NO,N,VISIBLE
MDSYS,SYS_IL0000069555C00017$$,MDSYS,OLS_DIR_BUSINESSES,UNIQUE,LOB,VALID,NO,N,VISIBLE
MDSYS,SYS_IL0000069555C00024$$,MDSYS,OLS_DIR_BUSINESSES,UNIQUE,LOB,VALID,NO,N,VISIBLE
MDSYS,SYS_IL0000069555C00025$$,MDSYS,OLS_DIR_BUSINESSES,UNIQUE,LOB,VALID,NO,N,VISIBLE
MDSYS,SYS_C007794,MDSYS,OLS_DIR_CATEGORIES,UNIQUE,NORMAL,VALID,NO,N,VISIBLE
MDSYS,SYS_IL0000069551C00006$$,MDSYS,OLS_DIR_CATEGORIES,UNIQUE,LOB,VALID,NO,N,VISIBLE
MDSYS,OLSPK1,MDSYS,OLS_DIR_CATEGORIZATIONS,UNIQUE,NORMAL,VALID,NO,N,VISIBLE
MDSYS,SYS_IL0000069563C00007$$,MDSYS,OLS_DIR_CATEGORIZATIONS,UNIQUE,LOB,VALID,NO,N,VISIBLE
MDSYS,SYS_C007790,MDSYS,OLS_DIR_CATEGORY_TYPES,UNIQUE,NORMAL,VALID,NO,N,VISIBLE
MDSYS,SYS_IL0000069547C00004$$,MDSYS,OLS_DIR_CATEGORY_TYPES,UNIQUE,LOB,VALID,NO,N,VISIBLE
MDSYS,OPENLS_CL_PRIM,MDSYS,OPENLS_CLASSIFICATIONS,UNIQUE,NORMAL,VALID,NO,N,VISIBLE
MDSYS,OPENLS_NA_PRIM,MDSYS,OPENLS_NAMESPACES,UNIQUE,NORMAL,VALID,NO,N,VISIBLE
MDSYS,OPENLS_NODES_PRIM,MDSYS,OPENLS_NODES,UNIQUE,NORMAL,VALID,NO,N,VISIBLE
MDSYS,SYS_IL0000069530C00004$$,MDSYS,OPENLS_NODES,UNIQUE,LOB,VALID,NO,N,VISIBLE
MDSYS,SYS_C007773,MDSYS,OPENLSSERVICES,UNIQUE,NORMAL,VALID,NO,N,VISIBLE
MDSYS,OPENLS_PATHS_PRIM,MDSYS,OPENLS_XPATHS,UNIQUE,NORMAL,VALID,NO,N,VISIBLE
MDSYS,RDF_PARAMETER_KEY,MDSYS,RDF_PARAMETER,UNIQUE,IOT - TOP,VALID,NO,N,VISIBLE
MDSYS,UNIQUE_ROWTOKENMAP_COND,MDSYS,ROWTOKENMAP_T$,UNIQUE,NORMAL,VALID,NO,N,VISIBLE
MDSYS,SYS_FK0000069453N00003$,MDSYS,R_TABLE,NONUNIQUE,NORMAL,VALID,NO,N,VISIBLE
MDSYS,SYS_IL0000067506C00004$$,MDSYS,SDO_ANIMATIONS_TABLE,UNIQUE,LOB,VALID,NO,N,VISIBLE
MDSYS,UNIQUE_ANIMATIONS,MDSYS,SDO_ANIMATIONS_TABLE,UNIQUE,NORMAL,VALID,NO,N,VISIBLE
MDSYS,UNIQUE_TEXT_LAYERS,MDSYS,SDO_ANNOTATION_TEXT_METADATA,UNIQUE,NORMAL,VALID,NO,N,VISIBLE
MDSYS,SYS_IL0000067588C00007$$,MDSYS,SDO_CACHED_MAPS_TABLE,UNIQUE,LOB,VALID,NO,N,VISIBLE
MDSYS,SYS_IL0000067588C00009$$,MDSYS,SDO_CACHED_MAPS_TABLE,UNIQUE,LOB,VALID,NO,N,VISIBLE
MDSYS,UNIQUE_CACHED_MAPS,MDSYS,SDO_CACHED_MAPS_TABLE,UNIQUE,NORMAL,VALID,NO,N,VISIBLE
MDSYS,COORD_AXIS_PRIM,MDSYS,SDO_COORD_AXES,UNIQUE,NORMAL,VALID,NO,N,VISIBLE
MDSYS,COORD_AXIS_NAME_PRIM,MDSYS,SDO_COORD_AXIS_NAMES,UNIQUE,NORMAL,VALID,NO,N,VISIBLE
MDSYS,SYS_C007531,MDSYS,SDO_COORD_AXIS_NAMES,UNIQUE,NORMAL,VALID,NO,N,VISIBLE
MDSYS,COORD_OP_METHOD_PRIM,MDSYS,SDO_COORD_OP_METHODS,UNIQUE,NORMAL,VALID,NO,N,VISIBLE
MDSYS,COORD_OP_PARA_PRIM,MDSYS,SDO_COORD_OP_PARAMS,UNIQUE,NORMAL,VALID,NO,N,VISIBLE
MDSYS,COORD_OP_PARA_USE_PRIM,MDSYS,SDO_COORD_OP_PARAM_USE,UNIQUE,NORMAL,VALID,NO,N,VISIBLE
MDSYS,COORD_OP_PARA_VAL_PRIM,MDSYS,SDO_COORD_OP_PARAM_VALS,UNIQUE,NORMAL,VALID,NO,N,VISIBLE
MDSYS,SYS_IL0000066946C00006$$,MDSYS,SDO_COORD_OP_PARAM_VALS,UNIQUE,LOB,VALID,NO,N,VISIBLE
MDSYS,SYS_IL0000066946C00008$$,MDSYS,SDO_COORD_OP_PARAM_VALS,UNIQUE,LOB,VALID,NO,N,VISIBLE
MDSYS,SYS_IL0000067029C00006$$,MDSYS,SDO_COORD_OP_PARAM_VALS_EXT,UNIQUE,LOB,VALID,NO,N,VISIBLE
MDSYS,SYS_IL0000067029C00008$$,MDSYS,SDO_COORD_OP_PARAM_VALS_EXT,UNIQUE,LOB,VALID,NO,N,VISIBLE
MDSYS,COORD_OP_NAME_UNIQUE,MDSYS,SDO_COORD_OPS,UNIQUE,NORMAL,VALID,NO,N,VISIBLE
MDSYS,COORD_OP_PRIM,MDSYS,SDO_COORD_OPS,UNIQUE,NORMAL,VALID,NO,N,VISIBLE
MDSYS,SDO_COORD_OPS_COORD_OP_TYPE,MDSYS,SDO_COORD_OPS,NONUNIQUE,NORMAL,VALID,NO,N,VISIBLE
MDSYS,COORD_REF_SYSTEM_PRIM,MDSYS,SDO_COORD_REF_SYS,UNIQUE,NORMAL,VALID,NO,N,VISIBLE
MDSYS,SDO_COORD_REF_SYS_KIND,MDSYS,SDO_COORD_REF_SYS,NONUNIQUE,NORMAL,VALID,NO,N,VISIBLE
MDSYS,SYS_IL0000066927C00022$$,MDSYS,SDO_COORD_REF_SYS,UNIQUE,LOB,VALID,NO,N,VISIBLE
MDSYS,SYS_IL0000066927C00023$$,MDSYS,SDO_COORD_REF_SYS,UNIQUE,LOB,VALID,NO,N,VISIBLE
MDSYS,COORDINATE_SYSTEM_PRIM,MDSYS,SDO_COORD_SYS,UNIQUE,NORMAL,VALID,NO,N,VISIBLE
MDSYS,SDO_COORD_SYS_COORD_SYS_TYPE,MDSYS,SDO_COORD_SYS,NONUNIQUE,NORMAL,VALID,NO,N,VISIBLE
MDSYS,SYS_C007529,MDSYS,SDO_COORD_SYS,UNIQUE,NORMAL,VALID,NO,N,VISIBLE
MDSYS,SYS_C007563,MDSYS,SDO_CS_SRS,UNIQUE,NORMAL,VALID,NO,N,VISIBLE
MDSYS,SYS_IL0000066951C00012$$,MDSYS,SDO_CS_SRS,UNIQUE,LOB,VALID,NO,N,VISIBLE
MDSYS,SYS_IL0000066951C00013$$,MDSYS,SDO_CS_SRS,UNIQUE,LOB,VALID,NO,N,VISIBLE
MDSYS,DATUM_PRIM,MDSYS,SDO_DATUMS,UNIQUE,NORMAL,VALID,NO,N,VISIBLE
MDSYS,SDO_DATUMS_DATUM_TYPE,MDSYS,SDO_DATUMS,NONUNIQUE,NORMAL,VALID,NO,N,VISIBLE
MDSYS,ELLIPSOID_PRIM,MDSYS,SDO_ELLIPSOIDS,UNIQUE,NORMAL,VALID,NO,N,VISIBLE
MDSYS,SYS_C007753,MDSYS,SDO_FEATURE_USAGE,UNIQUE,NORMAL,VALID,NO,N,VISIBLE
MDSYS,SDO_GEOM_IDX,MDSYS,SDO_GEOM_METADATA_TABLE,NONUNIQUE,NORMAL,VALID,NO,N,VISIBLE
MDSYS,UNIQUE_LAYERS,MDSYS,SDO_GEOM_METADATA_TABLE,UNIQUE,NORMAL,VALID,NO,N,VISIBLE
MDSYS,SYS_C007828,MDSYS,SDO_GEOR_PLUGIN_REGISTRY,UNIQUE,NORMAL,VALID,NO,N,VISIBLE
MDSYS,SDO_GEOR_IDX,MDSYS,SDO_GEOR_SYSDATA_TABLE,NONUNIQUE,NORMAL,VALID,NO,N,VISIBLE
MDSYS,SDO_GEOR_IDX1,MDSYS,SDO_GEOR_SYSDATA_TABLE,NONUNIQUE,NORMAL,VALID,NO,N,VISIBLE
MDSYS,SYS_IL0000072883C00007$$,MDSYS,SDO_GEOR_SYSDATA_TABLE,UNIQUE,LOB,VALID,NO,N,VISIBLE
MDSYS,UNIQUE_GEORASTERS,MDSYS,SDO_GEOR_SYSDATA_TABLE,UNIQUE,NORMAL,VALID,NO,N,VISIBLE
MDSYS,SYS_C007819,MDSYS,SDO_GEOR_XMLSCHEMA_TABLE,UNIQUE,NORMAL,VALID,NO,N,VISIBLE
MDSYS,SYS_C007820,MDSYS,SDO_GEOR_XMLSCHEMA_TABLE,UNIQUE,NORMAL,VALID,NO,N,VISIBLE
MDSYS,SYS_IL0000072859C00003$$,MDSYS,SDO_GEOR_XMLSCHEMA_TABLE,UNIQUE,LOB,VALID,NO,N,VISIBLE
MDSYS,SDO_GEOR_CB_IDX,MDSYS,SDO_GR_MOSAIC_CB,NONUNIQUE,NORMAL,VALID,NO,Y,VISIBLE
MDSYS,SYS_C007824,MDSYS,SDO_GR_MOSAIC_0,UNIQUE,NORMAL,VALID,NO,Y,VISIBLE
MDSYS,SYS_IL0000072901C00037$$,MDSYS,SDO_GR_MOSAIC_0,UNIQUE,LOB,VALID,NO,Y,VISIBLE
MDSYS,SYS_IL0000072901C00038$$,MDSYS,SDO_GR_MOSAIC_0,UNIQUE,LOB,VALID,NO,Y,VISIBLE
MDSYS,SYS_IL0000072901C00040$$,MDSYS,SDO_GR_MOSAIC_0,UNIQUE,LOB,VALID,NO,Y,VISIBLE
MDSYS,SDO_GR_RDT_1_PK,MDSYS,SDO_GR_RDT_1,UNIQUE,NORMAL,VALID,NO,Y,VISIBLE
MDSYS,SYS_IL0000072915C00013$$,MDSYS,SDO_GR_RDT_1,UNIQUE,LOB,VALID,NO,Y,VISIBLE
MDSYS,SYS_IL0000072915C00014$$,MDSYS,SDO_GR_RDT_1,UNIQUE,LOB,VALID,NO,Y,VISIBLE
MDSYS,SYS_IL0000072915C00015$$,MDSYS,SDO_GR_RDT_1,UNIQUE,LOB,VALID,NO,Y,VISIBLE
MDSYS,SDO_GR_RDT_2_PK,MDSYS,SDO_GR_RDT_2,UNIQUE,NORMAL,VALID,NO,Y,VISIBLE
MDSYS,SYS_C007827,MDSYS,SDO_GR_RDT_2,UNIQUE,NORMAL,VALID,NO,Y,VISIBLE
MDSYS,SYS_IL0000072923C00014$$,MDSYS,SDO_GR_RDT_2,UNIQUE,LOB,VALID,NO,Y,VISIBLE
MDSYS,SYS_IL0000072923C00015$$,MDSYS,SDO_GR_RDT_2,UNIQUE,LOB,VALID,NO,Y,VISIBLE
MDSYS,SYS_IL0000072923C00016$$,MDSYS,SDO_GR_RDT_2,UNIQUE,LOB,VALID,NO,Y,VISIBLE
MDSYS,UNIQUE_AGGREGATE,MDSYS,SDO_INDEX_AGGREGATES_TABLE,UNIQUE,NORMAL,VALID,NO,N,VISIBLE
MDSYS,SDO_INDEX_HISTOGRAM_TABLE_IDX,MDSYS,SDO_INDEX_HISTOGRAM_TABLE,NONUNIQUE,NORMAL,VALID,NO,N,VISIBLE
MDSYS,SDO_IDX_MDATA_IDX,MDSYS,SDO_INDEX_METADATA_TABLE,NONUNIQUE,NORMAL,VALID,NO,N,VISIBLE
MDSYS,SYS_IL0000067152C00043$$,MDSYS,SDO_INDEX_METADATA_TABLE,UNIQUE,LOB,VALID,NO,N,VISIBLE
MDSYS,SYS_IL0000067152C00044$$,MDSYS,SDO_INDEX_METADATA_TABLE,UNIQUE,LOB,VALID,NO,N,VISIBLE
MDSYS,SYS_IL0000067500C00005$$,MDSYS,SDO_LIGHTSOURCES_TABLE,UNIQUE,LOB,VALID,NO,N,VISIBLE
MDSYS,UNIQUE_LIGHTSOURCES,MDSYS,SDO_LIGHTSOURCES_TABLE,UNIQUE,NORMAL,VALID,NO,N,VISIBLE
MDSYS,SDO_LRS_META_IDX,MDSYS,SDO_LRS_METADATA_TABLE,NONUNIQUE,NORMAL,VALID,NO,N,VISIBLE
MDSYS,UNIQUE_TABLES,MDSYS,SDO_LRS_METADATA_TABLE,UNIQUE,NORMAL,VALID,NO,N,VISIBLE
MDSYS,SYS_IL0000067551C00004$$,MDSYS,SDO_MAPS_TABLE,UNIQUE,LOB,VALID,NO,N,VISIBLE
MDSYS,UNIQUE_MAPS,MDSYS,SDO_MAPS_TABLE,UNIQUE,NORMAL,VALID,NO,N,VISIBLE
MDSYS,SDO_NET_CONS_CLASS,MDSYS,SDO_NETWORK_CONSTRAINTS,NONUNIQUE,NORMAL,VALID,NO,N,VISIBLE
MDSYS,SDO_NET_CONS_CONS,MDSYS,SDO_NETWORK_CONSTRAINTS,NONUNIQUE,NORMAL,VALID,NO,N,VISIBLE
MDSYS,SDO_NET_CONS_OWNER,MDSYS,SDO_NETWORK_CONSTRAINTS,NONUNIQUE,NORMAL,VALID,NO,N,VISIBLE
MDSYS,SYS_IL0000073013C00005$$,MDSYS,SDO_NETWORK_CONSTRAINTS,UNIQUE,LOB,VALID,NO,N,VISIBLE
MDSYS,UNIQUE_CLASS_CONSTRAINT,MDSYS,SDO_NETWORK_CONSTRAINTS,UNIQUE,NORMAL,VALID,NO,N,VISIBLE
MDSYS,UNIQUE_USER_CONSTRAINT,MDSYS,SDO_NETWORK_CONSTRAINTS,UNIQUE,NORMAL,VALID,NO,N,VISIBLE
MDSYS,NETWORK_HISTROY_CONSTRAINT,MDSYS,SDO_NETWORK_HISTORIES,UNIQUE,NORMAL,VALID,NO,N,VISIBLE
MDSYS,SDO_NET_HIS_NET,MDSYS,SDO_NETWORK_HISTORIES,NONUNIQUE,NORMAL,VALID,NO,N,VISIBLE
MDSYS,SDO_NET_HIS_OWNER,MDSYS,SDO_NETWORK_HISTORIES,NONUNIQUE,NORMAL,VALID,NO,N,VISIBLE
MDSYS,UNIQUE_NDM_LOCKS,MDSYS,SDO_NETWORK_LOCKS_WM,UNIQUE,NORMAL,VALID,NO,N,VISIBLE
MDSYS,UNIQUE_LRS_GEOM_LAYER,MDSYS,SDO_NETWORK_METADATA_TABLE,UNIQUE,NORMAL,VALID,NO,N,VISIBLE
MDSYS,UNIQUE_NETWORK_LAYER,MDSYS,SDO_NETWORK_METADATA_TABLE,UNIQUE,NORMAL,VALID,NO,N,VISIBLE
MDSYS,UNIQUE_NETWORK_LINK_LAYER,MDSYS,SDO_NETWORK_METADATA_TABLE,UNIQUE,NORMAL,VALID,NO,N,VISIBLE
MDSYS,UNIQUE_NETWORK_NODE_LAYER,MDSYS,SDO_NETWORK_METADATA_TABLE,UNIQUE,NORMAL,VALID,NO,N,VISIBLE
MDSYS,UNIQUE_NETWORK_PATH_LAYER,MDSYS,SDO_NETWORK_METADATA_TABLE,UNIQUE,NORMAL,VALID,NO,N,VISIBLE
MDSYS,UNIQUE_NETWORK_PATH_LINK_LAYER,MDSYS,SDO_NETWORK_METADATA_TABLE,UNIQUE,NORMAL,VALID,NO,N,VISIBLE
MDSYS,NETWORK_TIMESTAMP_CONSTRAINT,MDSYS,SDO_NETWORK_TIMESTAMPS,UNIQUE,NORMAL,VALID,NO,N,VISIBLE
MDSYS,SDO_NET_TIME_NET,MDSYS,SDO_NETWORK_TIMESTAMPS,NONUNIQUE,NORMAL,VALID,NO,N,VISIBLE
MDSYS,SDO_NET_TIME_OWNER,MDSYS,SDO_NETWORK_TIMESTAMPS,NONUNIQUE,NORMAL,VALID,NO,N,VISIBLE
MDSYS,SDO_NET_TIME_TAB,MDSYS,SDO_NETWORK_TIMESTAMPS,NONUNIQUE,NORMAL,VALID,NO,N,VISIBLE
MDSYS,UNIQUE_NDM_USER_DATA,MDSYS,SDO_NETWORK_USER_DATA,UNIQUE,NORMAL,VALID,NO,N,VISIBLE
MDSYS,NFE_FTLAYER_REL_KEY,MDSYS,SDO_NFE_MODEL_FTLAYER_REL,UNIQUE,NORMAL,VALID,NO,N,VISIBLE
MDSYS,SYS_C007883,MDSYS,SDO_NFE_MODEL_METADATA_TABLE,UNIQUE,NORMAL,VALID,NO,N,VISIBLE
MDSYS,UNIQUE_MODEL_NAME,MDSYS,SDO_NFE_MODEL_METADATA_TABLE,UNIQUE,NORMAL,VALID,NO,N,VISIBLE
MDSYS,SYS_C007893,MDSYS,SDO_NFE_MODEL_WORKSPACE,UNIQUE,NORMAL,VALID,NO,N,VISIBLE
MDSYS,SYS_C007495,MDSYS,SDO_PC_BLK_TABLE,UNIQUE,NORMAL,VALID,NO,N,VISIBLE
MDSYS,SYS_IL0000066774C00011$$,MDSYS,SDO_PC_BLK_TABLE,UNIQUE,LOB,VALID,NO,N,VISIBLE
MDSYS,SYS_IL0000066774C00012$$,MDSYS,SDO_PC_BLK_TABLE,UNIQUE,LOB,VALID,NO,N,VISIBLE
MDSYS,SYS_IL0000066774C00023$$,MDSYS,SDO_PC_BLK_TABLE,UNIQUE,LOB,VALID,NO,N,VISIBLE
MDSYS,PREFERRED_OPS_SYS_PRIM,MDSYS,SDO_PREFERRED_OPS_SYSTEM,UNIQUE,NORMAL,VALID,NO,N,VISIBLE
MDSYS,PREFERRED_OPS_USE_PRIM,MDSYS,SDO_PREFERRED_OPS_USER,UNIQUE,NORMAL,VALID,NO,N,VISIBLE
MDSYS,PRIME_MERIDIAN_PRIM,MDSYS,SDO_PRIME_MERIDIANS,UNIQUE,NORMAL,VALID,NO,N,VISIBLE
MDSYS,SYS_C007516,MDSYS,SDO_PRIME_MERIDIANS,UNIQUE,NORMAL,VALID,NO,N,VISIBLE
MDSYS,SYS_IL0000067518C00004$$,MDSYS,SDO_SCENES_TABLE,UNIQUE,LOB,VALID,NO,N,VISIBLE
MDSYS,UNIQUE_SCENES,MDSYS,SDO_SCENES_TABLE,UNIQUE,NORMAL,VALID,NO,N,VISIBLE
MDSYS,SYS_IL0000066976C00009$$,MDSYS,SDO_SOURCE_TARGET_PATCHES,UNIQUE,LOB,VALID,NO,N,VISIBLE
MDSYS,SYS_IL0000066976C00010$$,MDSYS,SDO_SOURCE_TARGET_PATCHES,UNIQUE,LOB,VALID,NO,N,VISIBLE
MDSYS,SYS_IL0000066976C00017$$,MDSYS,SDO_SOURCE_TARGET_PATCHES,UNIQUE,LOB,VALID,NO,N,VISIBLE
MDSYS,SYS_IL0000066976C00018$$,MDSYS,SDO_SOURCE_TARGET_PATCHES,UNIQUE,LOB,VALID,NO,N,VISIBLE
MDSYS,SYS_C007569,MDSYS,SDO_SRIDS_BY_URN,UNIQUE,NORMAL,VALID,NO,N,VISIBLE
MDSYS,SYS_C007570,MDSYS,SDO_SRIDS_BY_URN,UNIQUE,NORMAL,VALID,NO,N,VISIBLE
MDSYS,SYS_IL0000067558C00005$$,MDSYS,SDO_STYLES_TABLE,UNIQUE,LOB,VALID,NO,N,VISIBLE
MDSYS,SYS_IL0000067558C00006$$,MDSYS,SDO_STYLES_TABLE,UNIQUE,LOB,VALID,NO,N,VISIBLE
MDSYS,SYS_IL0000067558C00013$$,MDSYS,SDO_STYLES_TABLE,UNIQUE,LOB,VALID,NO,N,VISIBLE
MDSYS,SYS_IL0000067558C00014$$,MDSYS,SDO_STYLES_TABLE,UNIQUE,LOB,VALID,NO,N,VISIBLE
MDSYS,UNIQUE_STYLES,MDSYS,SDO_STYLES_TABLE,UNIQUE,NORMAL,VALID,NO,N,VISIBLE
MDSYS,SDO_THEMES_IDX,MDSYS,SDO_THEMES_TABLE,NONUNIQUE,NORMAL,VALID,NO,N,VISIBLE
MDSYS,SYS_IL0000067571C00006$$,MDSYS,SDO_THEMES_TABLE,UNIQUE,LOB,VALID,NO,N,VISIBLE
MDSYS,UNIQUE_THEMES,MDSYS,SDO_THEMES_TABLE,UNIQUE,NORMAL,VALID,NO,N,VISIBLE
MDSYS,SYS_C007496,MDSYS,SDO_TIN_BLK_TABLE,UNIQUE,NORMAL,VALID,NO,N,VISIBLE
MDSYS,SYS_IL0000066788C00011$$,MDSYS,SDO_TIN_BLK_TABLE,UNIQUE,LOB,VALID,NO,N,VISIBLE
MDSYS,SYS_IL0000066788C00012$$,MDSYS,SDO_TIN_BLK_TABLE,UNIQUE,LOB,VALID,NO,N,VISIBLE
MDSYS,SYS_IL0000066788C00023$$,MDSYS,SDO_TIN_BLK_TABLE,UNIQUE,LOB,VALID,NO,N,VISIBLE
MDSYS,SYS_IL0000066788C00028$$,MDSYS,SDO_TIN_BLK_TABLE,UNIQUE,LOB,VALID,NO,N,VISIBLE
MDSYS,SDO_PK_SEQ_TIN_PC,MDSYS,SDO_TIN_PC_SEQ,UNIQUE,NORMAL,VALID,NO,N,VISIBLE
MDSYS,SDO_PK_TIN_PC,MDSYS,SDO_TIN_PC_SYSDATA_TABLE,UNIQUE,NORMAL,VALID,NO,N,VISIBLE
MDSYS,SDO_TIN_PC_IDX,MDSYS,SDO_TIN_PC_SYSDATA_TABLE,NONUNIQUE,NORMAL,VALID,NO,N,VISIBLE
MDSYS,SDO_UNQ_PCATTR_TIN_PC,MDSYS,SDO_TIN_PC_SYSDATA_TABLE,UNIQUE,NORMAL,VALID,NO,N,VISIBLE
MDSYS,SYS_FK0000067222N00004$,MDSYS,SDO_TOPO_LAYER_TABLE,NONUNIQUE,NORMAL,VALID,NO,N,VISIBLE
MDSYS,SDO_TOPO_METADATA_IDX,MDSYS,SDO_TOPO_METADATA_TABLE,NONUNIQUE,NORMAL,VALID,NO,N,VISIBLE
MDSYS,SYS_C007709,MDSYS,SDO_TOPO_METADATA_TABLE,UNIQUE,NORMAL,VALID,NO,N,VISIBLE
MDSYS,SYS_IL0000067160C00043$$,MDSYS,SDO_TTS_METADATA_TABLE,UNIQUE,LOB,VALID,NO,Y,VISIBLE
MDSYS,SYS_IL0000067160C00044$$,MDSYS,SDO_TTS_METADATA_TABLE,UNIQUE,LOB,VALID,NO,Y,VISIBLE
MDSYS,SYS_C007703,MDSYS,SDO_TXN_IDX_EXP_UPD_RGN,UNIQUE,NORMAL,VALID,NO,Y,VISIBLE
MDSYS,SYS_C007685,MDSYS,SDO_TXN_JOURNAL_GTT,UNIQUE,NORMAL,VALID,NO,Y,VISIBLE
MDSYS,SYS_C007692,MDSYS,SDO_TXN_JOURNAL_REG,UNIQUE,NORMAL,VALID,NO,N,VISIBLE
MDSYS,UNIT_OF_MEASURE_PRIM,MDSYS,SDO_UNITS_OF_MEASURE,UNIQUE,NORMAL,VALID,NO,N,VISIBLE
MDSYS,UOM_UNIQUE_LONG_NAME,MDSYS,SDO_UNITS_OF_MEASURE,UNIQUE,FUNCTION-BASED NORMAL,VALID,NO,N,VISIBLE
MDSYS,UOM_UNIQUE_SHORT_NAME,MDSYS,SDO_UNITS_OF_MEASURE,UNIQUE,FUNCTION-BASED NORMAL,VALID,NO,N,VISIBLE
MDSYS,UOM_UNIQUE1,MDSYS,SDO_UNITS_OF_MEASURE,UNIQUE,NORMAL,VALID,NO,N,VISIBLE
MDSYS,SYS_IL0000067512C00005$$,MDSYS,SDO_VIEWFRAMES_TABLE,UNIQUE,LOB,VALID,NO,N,VISIBLE
MDSYS,UNIQUE_VIEWFRAMES,MDSYS,SDO_VIEWFRAMES_TABLE,UNIQUE,NORMAL,VALID,NO,N,VISIBLE
MDSYS,SDO_WS_CONF_PK,MDSYS,SDO_WS_CONFERENCE,UNIQUE,NORMAL,VALID,NO,N,VISIBLE
MDSYS,SYS_IL0000069573C00003$$,MDSYS,SDO_WS_CONFERENCE,UNIQUE,LOB,VALID,NO,N,VISIBLE
MDSYS,SDO_WS_CONF_PART_PK,MDSYS,SDO_WS_CONFERENCE_PARTICIPANTS,UNIQUE,NORMAL,VALID,NO,N,VISIBLE
MDSYS,SDO_WS_CONF_RES__PK,MDSYS,SDO_WS_CONFERENCE_RESULTS,UNIQUE,NORMAL,VALID,NO,N,VISIBLE
MDSYS,SYS_IL0000069577C00003$$,MDSYS,SDO_WS_CONFERENCE_RESULTS,UNIQUE,LOB,VALID,NO,N,VISIBLE
MDSYS,SYS_IL0000067034C00002$$,MDSYS,SDO_XDB_RESOURCES,UNIQUE,LOB,VALID,NO,N,VISIBLE
MDSYS,SYS_C007750,MDSYS,SDO_XML_SCHEMAS,UNIQUE,NORMAL,VALID,NO,N,VISIBLE
MDSYS,SYS_IL0000067749C00003$$,MDSYS,SDO_XML_SCHEMAS,UNIQUE,LOB,VALID,NO,N,VISIBLE
MDSYS,SYS_IL0000069596C00002$$,MDSYS,SDO_XSD_TABLE,UNIQUE,LOB,VALID,NO,N,VISIBLE
MDSYS,SDO_3DTHEMES_IDX,MDSYS,SDO_3DTHEMES_TABLE,NONUNIQUE,NORMAL,VALID,NO,N,VISIBLE
MDSYS,SYS_IL0000067524C00008$$,MDSYS,SDO_3DTHEMES_TABLE,UNIQUE,LOB,VALID,NO,N,VISIBLE
MDSYS,UNIQUE_3DTHEMES,MDSYS,SDO_3DTHEMES_TABLE,UNIQUE,NORMAL,VALID,NO,N,VISIBLE
MDSYS,SYS_IL0000067531C00005$$,MDSYS,SDO_3DTXFMS_TABLE,UNIQUE,LOB,VALID,NO,N,VISIBLE
MDSYS,SYS_IL0000067531C00008$$,MDSYS,SDO_3DTXFMS_TABLE,UNIQUE,LOB,VALID,NO,N,VISIBLE
MDSYS,UNIQUE_3DTXFMS,MDSYS,SDO_3DTXFMS_TABLE,UNIQUE,NORMAL,VALID,NO,N,VISIBLE
MDSYS,SYS_C007508,MDSYS,SRSNAMESPACE_TABLE,UNIQUE,NORMAL,VALID,NO,N,VISIBLE
MDSYS,SYS_C007766,MDSYS,TOKENSESSIONMAP_T$,UNIQUE,NORMAL,VALID,NO,N,VISIBLE
MDSYS,SYS_C007767,MDSYS,TOKENSESSIONMAP_T$,UNIQUE,NORMAL,VALID,NO,N,VISIBLE
MDSYS,SYS_IL0000069435C00003$$,MDSYS,WFS_CAPABILITIESINFO$,UNIQUE,LOB,VALID,NO,N,VISIBLE
MDSYS,SYS_C007763,MDSYS,WFS_FEATURETABLEUPDATED$,UNIQUE,NORMAL,VALID,NO,N,VISIBLE
MDSYS,SYS_C007754,MDSYS,WFS_FEATURETYPE$,UNIQUE,NORMAL,VALID,NO,N,VISIBLE
MDSYS,SYS_IL0000069394C00004$$,MDSYS,WFS_FEATURETYPE$,UNIQUE,LOB,VALID,NO,N,VISIBLE
MDSYS,SYS_IL0000069394C00006$$,MDSYS,WFS_FEATURETYPE$,UNIQUE,LOB,VALID,NO,N,VISIBLE
MDSYS,SYS_IL0000069394C00015$$,MDSYS,WFS_FEATURETYPE$,UNIQUE,LOB,VALID,NO,N,VISIBLE
MDSYS,SYS_IL0000069394C00016$$,MDSYS,WFS_FEATURETYPE$,UNIQUE,LOB,VALID,NO,N,VISIBLE
MDSYS,SYS_IL0000069394C00017$$,MDSYS,WFS_FEATURETYPE$,UNIQUE,LOB,VALID,NO,N,VISIBLE
MDSYS,SYS_IL0000069394C00018$$,MDSYS,WFS_FEATURETYPE$,UNIQUE,LOB,VALID,NO,N,VISIBLE
MDSYS,SYS_IL0000069394C00019$$,MDSYS,WFS_FEATURETYPE$,UNIQUE,LOB,VALID,NO,N,VISIBLE
MDSYS,SYS_IL0000069394C00026$$,MDSYS,WFS_FEATURETYPE$,UNIQUE,LOB,VALID,NO,N,VISIBLE
MDSYS,SYS_IL0000069394C00027$$,MDSYS,WFS_FEATURETYPE$,UNIQUE,LOB,VALID,NO,N,VISIBLE
MDSYS,SYS_IL0000069394C00028$$,MDSYS,WFS_FEATURETYPE$,UNIQUE,LOB,VALID,NO,N,VISIBLE
MDSYS,SYS_IL0000069394C00029$$,MDSYS,WFS_FEATURETYPE$,UNIQUE,LOB,VALID,NO,N,VISIBLE
MDSYS,SYS_IL0000069394C00030$$,MDSYS,WFS_FEATURETYPE$,UNIQUE,LOB,VALID,NO,N,VISIBLE
MDSYS,SYS_IL0000069394C00031$$,MDSYS,WFS_FEATURETYPE$,UNIQUE,LOB,VALID,NO,N,VISIBLE
MDSYS,SYS_IL0000069394C00034$$,MDSYS,WFS_FEATURETYPE$,UNIQUE,LOB,VALID,NO,N,VISIBLE
MDSYS,SYS_IL0000069394C00035$$,MDSYS,WFS_FEATURETYPE$,UNIQUE,LOB,VALID,NO,N,VISIBLE
MDSYS,SYS_IL0000069394C00037$$,MDSYS,WFS_FEATURETYPE$,UNIQUE,LOB,VALID,NO,N,VISIBLE
MDSYS,SYS_IL0000069394C00038$$,MDSYS,WFS_FEATURETYPE$,UNIQUE,LOB,VALID,NO,N,VISIBLE
MDSYS,SYS_IL0000069394C00039$$,MDSYS,WFS_FEATURETYPE$,UNIQUE,LOB,VALID,NO,N,VISIBLE
MDSYS,UNIQUE_WFS_FT_COND,MDSYS,WFS_FEATURETYPE$,UNIQUE,NORMAL,VALID,NO,N,VISIBLE
MDSYS,SYS_C007760,MDSYS,WFS_FEATURETYPEXMLCOLINFO$,UNIQUE,NORMAL,VALID,NO,N,VISIBLE
MDSYS,SYS_IL0000069443C00005$$,MDSYS,WFS_FEATURETYPEXMLCOLINFO$,UNIQUE,LOB,VALID,NO,N,VISIBLE
MDSYS,SYS_IL0000069443C00007$$,MDSYS,WFS_FEATURETYPEXMLCOLINFO$,UNIQUE,LOB,VALID,NO,N,VISIBLE
MDSYS,SYS_IL0000069443C00009$$,MDSYS,WFS_FEATURETYPEXMLCOLINFO$,UNIQUE,LOB,VALID,NO,N,VISIBLE
MDSYS,SYS_C007764,MDSYS,WFS_FTXSDINFO$,UNIQUE,NORMAL,VALID,NO,N,VISIBLE
MDSYS,SYS_IL0000069457C00003$$,MDSYS,WFS_FTXSDINFO$,UNIQUE,LOB,VALID,NO,N,VISIBLE
MDSYS,SYS_IL0000069461C00004$$,MDSYS,WFS_SRS$,UNIQUE,LOB,VALID,NO,N,VISIBLE
OJVMSYS,SYS_C006898,OJVMSYS,OJDS$ATTRIBUTES$,UNIQUE,NORMAL,VALID,NO,N,VISIBLE
OJVMSYS,SYS_IL0000061650C00003$$,OJVMSYS,OJDS$ATTRIBUTES$,UNIQUE,LOB,VALID,NO,N,VISIBLE
OJVMSYS,SYS_C006897,OJVMSYS,OJDS$BINDINGS$,UNIQUE,NORMAL,VALID,NO,N,VISIBLE
OJVMSYS,OJDS$NODE_INDEX,OJVMSYS,OJDS$INODE$,NONUNIQUE,NORMAL,VALID,NO,N,VISIBLE
OJVMSYS,OJDS$PERM_INDEX,OJVMSYS,OJDS$PERMISSIONS$,NONUNIQUE,NORMAL,VALID,NO,N,VISIBLE
OJVMSYS,OJDS$REFADDR_INDEX,OJVMSYS,OJDS$REFADDR$,NONUNIQUE,NORMAL,VALID,NO,N,VISIBLE
OJVMSYS,OJDS$SHARED$OBJ_INDEX,OJVMSYS,OJDS$SHARED$OBJ$,NONUNIQUE,NORMAL,VALID,NO,N,VISIBLE
OLAPSYS,SYS_C007494,OLAPSYS,XML_LOAD_LOG,UNIQUE,NORMAL,VALID,NO,N,VISIBLE
OLAPSYS,SYS_C007490,OLAPSYS,XML_LOAD_RECORDS,UNIQUE,NORMAL,VALID,NO,N,VISIBLE
ORDDATA,ORDDCM_ANON_A_TYPES_PK1,ORDDATA,ORDDCM_ANON_ACTION_TYPES,UNIQUE,NORMAL,VALID,NO,N,VISIBLE
ORDDATA,ORDDCM_ANON_ATTRS_PK1,ORDDATA,ORDDCM_ANON_ATTRS,UNIQUE,NORMAL,VALID,NO,N,VISIBLE
ORDDATA,ORDDCM_ANON_ATTRS_UK1,ORDDATA,ORDDCM_ANON_ATTRS,UNIQUE,NORMAL,VALID,NO,N,VISIBLE
ORDDATA,ORDDCM_ANON_ATTRS_W_PK1,ORDDATA,ORDDCM_ANON_ATTRS_WRK,UNIQUE,NORMAL,VALID,NO,N,VISIBLE
ORDDATA,ORDDCM_ANON_ATTRS_W_UK1,ORDDATA,ORDDCM_ANON_ATTRS_WRK,UNIQUE,NORMAL,VALID,NO,N,VISIBLE
ORDDATA,ORDDCM_ANON_RULES_PK1,ORDDATA,ORDDCM_ANON_RULES,UNIQUE,NORMAL,VALID,NO,N,VISIBLE
ORDDATA,ORDDCM_ANON_RULES_W_PK1,ORDDATA,ORDDCM_ANON_RULES_WRK,UNIQUE,NORMAL,VALID,NO,N,VISIBLE
ORDDATA,ORDDCM_ANON_R_TYPES_PK1,ORDDATA,ORDDCM_ANON_RULE_TYPES,UNIQUE,NORMAL,VALID,NO,N,VISIBLE
ORDDATA,ORDDCM_CT_A_PK,ORDDATA,ORDDCM_CT_ACTION,UNIQUE,NORMAL,VALID,NO,N,VISIBLE
ORDDATA,ORDDCM_CT_AGT_PID_IDX,ORDDATA,ORDDCM_CT_ACTION_TMP,NONUNIQUE,NORMAL,VALID,NO,Y,VISIBLE
ORDDATA,ORDDCM_CT_AW_PID_IDX,ORDDATA,ORDDCM_CT_ACTION_WRK,NONUNIQUE,NORMAL,VALID,NO,N,VISIBLE
ORDDATA,ORDDCM_CT_A_W_W_PK,ORDDATA,ORDDCM_CT_ACTION_WRK,UNIQUE,NORMAL,VALID,NO,N,VISIBLE
ORDDATA,ORDDCM_CT_DAREFS_UK,ORDDATA,ORDDCM_CT_DAREFS,UNIQUE,NORMAL,VALID,NO,N,VISIBLE
ORDDATA,ORDDCM_CT_DAREFS_GT_IDX1,ORDDATA,ORDDCM_CT_DAREFS_TMP,NONUNIQUE,NORMAL,VALID,NO,Y,VISIBLE
ORDDATA,ORDDCM_CT_DAREFS_GT_IDX2,ORDDATA,ORDDCM_CT_DAREFS_TMP,NONUNIQUE,NORMAL,VALID,NO,Y,VISIBLE
ORDDATA,ORDDCM_CT_DAREFS_W_UK,ORDDATA,ORDDCM_CT_DAREFS_WRK,UNIQUE,NORMAL,VALID,NO,N,VISIBLE
ORDDATA,ORDDCM_CT_LPT_DID_IDX,ORDDATA,ORDDCM_CT_LOCATORPATHS_TMP,NONUNIQUE,NORMAL,VALID,NO,Y,VISIBLE
ORDDATA,ORDDCM_CT_LPT_PSID_IDX,ORDDATA,ORDDCM_CT_LOCATORPATHS_TMP,NONUNIQUE,NORMAL,VALID,NO,Y,VISIBLE
ORDDATA,ORDDCM_CT_LPW_DID_IDX,ORDDATA,ORDDCM_CT_LOCATORPATHS_WRK,NONUNIQUE,NORMAL,VALID,NO,N,VISIBLE
ORDDATA,ORDDCM_CT_LPW_PSID_IDX,ORDDATA,ORDDCM_CT_LOCATORPATHS_WRK,NONUNIQUE,NORMAL,VALID,NO,N,VISIBLE
ORDDATA,ORDDCM_CT_MD_UQ,ORDDATA,ORDDCM_CT_MACRO_DEP,UNIQUE,NORMAL,VALID,NO,N,VISIBLE
ORDDATA,ORDDCM_CT_MDW_DPSID_IDX,ORDDATA,ORDDCM_CT_MACRO_DEP_WRK,NONUNIQUE,NORMAL,VALID,NO,N,VISIBLE
ORDDATA,ORDDCM_CT_MDW_PSID_IDX,ORDDATA,ORDDCM_CT_MACRO_DEP_WRK,NONUNIQUE,NORMAL,VALID,NO,N,VISIBLE
ORDDATA,ORDDCM_CT_MD_W_UQ,ORDDATA,ORDDCM_CT_MACRO_DEP_WRK,UNIQUE,NORMAL,VALID,NO,N,VISIBLE
ORDDATA,ORDDCM_CT_MP_PK,ORDDATA,ORDDCM_CT_MACRO_PAR,UNIQUE,NORMAL,VALID,NO,N,VISIBLE
ORDDATA,ORDDCM_CT_MP_W_PK,ORDDATA,ORDDCM_CT_MACRO_PAR_WRK,UNIQUE,NORMAL,VALID,NO,N,VISIBLE
ORDDATA,ORDDCM_CT_MPW_PSID_IDX,ORDDATA,ORDDCM_CT_MACRO_PAR_WRK,NONUNIQUE,NORMAL,VALID,NO,N,VISIBLE
ORDDATA,ORDDCM_CT_PRED_PK,ORDDATA,ORDDCM_CT_PRED,UNIQUE,NORMAL,VALID,NO,N,VISIBLE
ORDDATA,ORDDCM_CT_PO_PK,ORDDATA,ORDDCM_CT_PRED_OPRD,UNIQUE,NORMAL,VALID,NO,N,VISIBLE
ORDDATA,SYS_IL0000065652C00004$$,ORDDATA,ORDDCM_CT_PRED_OPRD,UNIQUE,LOB,VALID,NO,N,VISIBLE
ORDDATA,ORDDCM_CT_POGT_PID_IDX,ORDDATA,ORDDCM_CT_PRED_OPRD_TMP,NONUNIQUE,NORMAL,VALID,NO,Y,VISIBLE
ORDDATA,SYS_IL0000065728C00004$$,ORDDATA,ORDDCM_CT_PRED_OPRD_TMP,UNIQUE,LOB,VALID,NO,Y,VISIBLE
ORDDATA,ORDDCM_CT_POW_PID_IDX,ORDDATA,ORDDCM_CT_PRED_OPRD_WRK,NONUNIQUE,NORMAL,VALID,NO,N,VISIBLE
ORDDATA,ORDDCM_CT_PO_W_PK,ORDDATA,ORDDCM_CT_PRED_OPRD_WRK,UNIQUE,NORMAL,VALID,NO,N,VISIBLE
ORDDATA,SYS_IL0000065794C00004$$,ORDDATA,ORDDCM_CT_PRED_OPRD_WRK,UNIQUE,LOB,VALID,NO,N,VISIBLE
ORDDATA,ORDDCM_CT_PP_PK,ORDDATA,ORDDCM_CT_PRED_PAR,UNIQUE,NORMAL,VALID,NO,N,VISIBLE
ORDDATA,ORDDCM_CT_PPGT_PID_IDX,ORDDATA,ORDDCM_CT_PRED_PAR_TMP,NONUNIQUE,NORMAL,VALID,NO,Y,VISIBLE
ORDDATA,ORDDCM_CT_PPW_PID_IDX,ORDDATA,ORDDCM_CT_PRED_PAR_WRK,NONUNIQUE,NORMAL,VALID,NO,N,VISIBLE
ORDDATA,ORDDCM_CT_PP_W_PK,ORDDATA,ORDDCM_CT_PRED_PAR_WRK,UNIQUE,NORMAL,VALID,NO,N,VISIBLE
ORDDATA,ORDDCM_CT_PS_PK,ORDDATA,ORDDCM_CT_PRED_SET,UNIQUE,NORMAL,VALID,NO,N,VISIBLE
ORDDATA,ORDDCM_CT_PS_UQ,ORDDATA,ORDDCM_CT_PRED_SET,UNIQUE,NORMAL,VALID,NO,N,VISIBLE
ORDDATA,ORDDCM_CT_PSGT_DOCID_IDX,ORDDATA,ORDDCM_CT_PRED_SET_TMP,NONUNIQUE,NORMAL,VALID,NO,Y,VISIBLE
ORDDATA,ORDDCM_CT_PSGT_NAME_IDX,ORDDATA,ORDDCM_CT_PRED_SET_TMP,NONUNIQUE,NORMAL,VALID,NO,Y,VISIBLE
ORDDATA,ORDDCM_CT_PSGT_PID_IDX,ORDDATA,ORDDCM_CT_PRED_SET_TMP,NONUNIQUE,NORMAL,VALID,NO,Y,VISIBLE
ORDDATA,ORDDCM_CT_PSGT_SPR_IDX,ORDDATA,ORDDCM_CT_PRED_SET_TMP,NONUNIQUE,NORMAL,VALID,NO,Y,VISIBLE
ORDDATA,ORDDCM_CT_PSGT_STATUS_IDX,ORDDATA,ORDDCM_CT_PRED_SET_TMP,NONUNIQUE,NORMAL,VALID,NO,Y,VISIBLE
ORDDATA,ORDDCM_CT_PSGT_TYPE_IDX,ORDDATA,ORDDCM_CT_PRED_SET_TMP,NONUNIQUE,NORMAL,VALID,NO,Y,VISIBLE
ORDDATA,SYS_C007317,ORDDATA,ORDDCM_CT_PRED_SET_TMP,UNIQUE,NORMAL,VALID,NO,Y,VISIBLE
ORDDATA,ORDDCM_CT_PSW_DOCID_IDX,ORDDATA,ORDDCM_CT_PRED_SET_WRK,NONUNIQUE,NORMAL,VALID,NO,N,VISIBLE
ORDDATA,ORDDCM_CT_PSW_NAME_IDX,ORDDATA,ORDDCM_CT_PRED_SET_WRK,NONUNIQUE,NORMAL,VALID,NO,N,VISIBLE
ORDDATA,ORDDCM_CT_PSW_PID_IDX,ORDDATA,ORDDCM_CT_PRED_SET_WRK,NONUNIQUE,NORMAL,VALID,NO,N,VISIBLE
ORDDATA,ORDDCM_CT_PS_W_PK,ORDDATA,ORDDCM_CT_PRED_SET_WRK,UNIQUE,NORMAL,VALID,NO,N,VISIBLE
ORDDATA,ORDDCM_CT_PSW_SPR_IDX,ORDDATA,ORDDCM_CT_PRED_SET_WRK,NONUNIQUE,NORMAL,VALID,NO,N,VISIBLE
ORDDATA,ORDDCM_CT_PSW_STATUS_IDX,ORDDATA,ORDDCM_CT_PRED_SET_WRK,NONUNIQUE,NORMAL,VALID,NO,N,VISIBLE
ORDDATA,ORDDCM_CT_PSW_TYPE_IDX,ORDDATA,ORDDCM_CT_PRED_SET_WRK,NONUNIQUE,NORMAL,VALID,NO,N,VISIBLE
ORDDATA,ORDDCM_CT_PS_W_UQ,ORDDATA,ORDDCM_CT_PRED_SET_WRK,UNIQUE,NORMAL,VALID,NO,N,VISIBLE
ORDDATA,ORDDCM_CT_PGT_FPID_IDX,ORDDATA,ORDDCM_CT_PRED_TMP,NONUNIQUE,NORMAL,VALID,NO,Y,VISIBLE
ORDDATA,ORDDCM_CT_PGT_OP_IDX,ORDDATA,ORDDCM_CT_PRED_TMP,NONUNIQUE,NORMAL,VALID,NO,Y,VISIBLE
ORDDATA,ORDDCM_CT_PGT_REF_IDX,ORDDATA,ORDDCM_CT_PRED_TMP,NONUNIQUE,NORMAL,VALID,NO,Y,VISIBLE
ORDDATA,SYS_C007315,ORDDATA,ORDDCM_CT_PRED_TMP,UNIQUE,NORMAL,VALID,NO,Y,VISIBLE
ORDDATA,ORDDCM_CT_PRED_W_PK,ORDDATA,ORDDCM_CT_PRED_WRK,UNIQUE,NORMAL,VALID,NO,N,VISIBLE
ORDDATA,ORDDCM_CT_PW_FPID_IDX,ORDDATA,ORDDCM_CT_PRED_WRK,NONUNIQUE,NORMAL,VALID,NO,N,VISIBLE
ORDDATA,ORDDCM_CT_PW_OP_IDX,ORDDATA,ORDDCM_CT_PRED_WRK,NONUNIQUE,NORMAL,VALID,NO,N,VISIBLE
ORDDATA,ORDDCM_CT_PW_REF_IDX,ORDDATA,ORDDCM_CT_PRED_WRK,NONUNIQUE,NORMAL,VALID,NO,N,VISIBLE
ORDDATA,ORDDCM_CT_VM_ID_IDX,ORDDATA,ORDDCM_CT_VLD_MSG,NONUNIQUE,NORMAL,VALID,NO,N,VISIBLE
ORDDATA,ORDDCM_CT_VM_MT_IDX,ORDDATA,ORDDCM_CT_VLD_MSG,NONUNIQUE,NORMAL,VALID,NO,N,VISIBLE
ORDDATA,ORDDCM_CT_VM_RN_IDX,ORDDATA,ORDDCM_CT_VLD_MSG,NONUNIQUE,NORMAL,VALID,NO,N,VISIBLE
ORDDATA,ORDDCM_CT_VM_UN_IDX,ORDDATA,ORDDCM_CT_VLD_MSG,NONUNIQUE,NORMAL,VALID,NO,N,VISIBLE
ORDDATA,ORDDCM_DATA_MODEL_PK,ORDDATA,ORDDCM_DATA_MODEL,UNIQUE,NORMAL,VALID,NO,N,VISIBLE
ORDDATA,ORDDCM_DATA_MODEL_W_PK,ORDDATA,ORDDCM_DATA_MODEL_WRK,UNIQUE,NORMAL,VALID,NO,N,VISIBLE
ORDDATA,ORDDCM_DICT_ATTRS_PK,ORDDATA,ORDDCM_DICT_ATTRS,UNIQUE,NORMAL,VALID,NO,N,VISIBLE
ORDDATA,ORDDCM_DICT_ATTRS_UK1,ORDDATA,ORDDCM_DICT_ATTRS,UNIQUE,NORMAL,VALID,NO,N,VISIBLE
ORDDATA,ORDDCM_DICT_ATTRS_UK2,ORDDATA,ORDDCM_DICT_ATTRS,UNIQUE,NORMAL,VALID,NO,N,VISIBLE
ORDDATA,ORDDCM_DICT_ATTRS_GT_IDX2,ORDDATA,ORDDCM_DICT_ATTRS_TMP,NONUNIQUE,NORMAL,VALID,NO,Y,VISIBLE
ORDDATA,ORDDCM_DICT_ATTRS_GT_IDX3,ORDDATA,ORDDCM_DICT_ATTRS_TMP,NONUNIQUE,NORMAL,VALID,NO,Y,VISIBLE
ORDDATA,SYS_C007271,ORDDATA,ORDDCM_DICT_ATTRS_TMP,UNIQUE,NORMAL,VALID,NO,Y,VISIBLE
ORDDATA,ORDDCM_DICT_ATTRS_W_PK,ORDDATA,ORDDCM_DICT_ATTRS_WRK,UNIQUE,NORMAL,VALID,NO,N,VISIBLE
ORDDATA,ORDDCM_DICT_ATTRS_W_UK1,ORDDATA,ORDDCM_DICT_ATTRS_WRK,UNIQUE,NORMAL,VALID,NO,N,VISIBLE
ORDDATA,ORDDCM_DICT_ATTRS_W_UK2,ORDDATA,ORDDCM_DICT_ATTRS_WRK,UNIQUE,NORMAL,VALID,NO,N,VISIBLE
ORDDATA,ORDDCM_DOC_REFS_PK,ORDDATA,ORDDCM_DOC_REFS,UNIQUE,NORMAL,VALID,NO,N,VISIBLE
ORDDATA,ORDDCM_DOC_REFS_UK,ORDDATA,ORDDCM_DOC_REFS,UNIQUE,NORMAL,VALID,NO,N,VISIBLE
ORDDATA,ORDDCM_DOC_REFS_W_PK,ORDDATA,ORDDCM_DOC_REFS_WRK,UNIQUE,NORMAL,VALID,NO,N,VISIBLE
ORDDATA,ORDDCM_DOC_REFS_W_UK,ORDDATA,ORDDCM_DOC_REFS_WRK,UNIQUE,NORMAL,VALID,NO,N,VISIBLE
ORDDATA,ORDDCM_DOCS_PK,ORDDATA,ORDDCM_DOCS,UNIQUE,NORMAL,VALID,NO,N,VISIBLE
ORDDATA,ORDDCM_DOCS_UK1,ORDDATA,ORDDCM_DOCS,UNIQUE,NORMAL,VALID,NO,N,VISIBLE
ORDDATA,SYS_IL0000065581C00005$$,ORDDATA,ORDDCM_DOCS,UNIQUE,LOB,VALID,NO,N,VISIBLE
ORDDATA,ORDDCM_DOCS_GT_IDX1,ORDDATA,ORDDCM_DOCS_TMP,NONUNIQUE,NORMAL,VALID,NO,Y,VISIBLE
ORDDATA,ORDDCM_DOCS_GT_IDX2,ORDDATA,ORDDCM_DOCS_TMP,NONUNIQUE,NORMAL,VALID,NO,Y,VISIBLE
ORDDATA,ORDDCM_DOCS_GT_IDX3,ORDDATA,ORDDCM_DOCS_TMP,NONUNIQUE,NORMAL,VALID,NO,Y,VISIBLE
ORDDATA,SYS_IL0000065692C00005$$,ORDDATA,ORDDCM_DOCS_TMP,UNIQUE,LOB,VALID,NO,Y,VISIBLE
ORDDATA,ORDDCM_DOCS_W_PK,ORDDATA,ORDDCM_DOCS_WRK,UNIQUE,NORMAL,VALID,NO,N,VISIBLE
ORDDATA,ORDDCM_DOCS_W_UK1,ORDDATA,ORDDCM_DOCS_WRK,UNIQUE,NORMAL,VALID,NO,N,VISIBLE
ORDDATA,SYS_IL0000065747C00005$$,ORDDATA,ORDDCM_DOCS_WRK,UNIQUE,LOB,VALID,NO,N,VISIBLE
ORDDATA,DOC_TYPES_PK,ORDDATA,ORDDCM_DOC_TYPES,UNIQUE,NORMAL,VALID,NO,N,VISIBLE
ORDDATA,DOC_TYPES_UK,ORDDATA,ORDDCM_DOC_TYPES,UNIQUE,NORMAL,VALID,NO,N,VISIBLE
ORDDATA,ORDDCM_I_DOCS_PK,ORDDATA,ORDDCM_INSTALL_DOCS,UNIQUE,NORMAL,VALID,NO,N,VISIBLE
ORDDATA,ORDDCM_INTERNAL_TAGS_PK,ORDDATA,ORDDCM_INTERNAL_TAGS,UNIQUE,NORMAL,VALID,NO,N,VISIBLE
ORDDATA,ORDDCM_MAPPED_PATHS_PK1,ORDDATA,ORDDCM_MAPPED_PATHS,UNIQUE,NORMAL,VALID,NO,N,VISIBLE
ORDDATA,ORDDCM_MAPPED_PATHS_UK1,ORDDATA,ORDDCM_MAPPED_PATHS,UNIQUE,NORMAL,VALID,NO,N,VISIBLE
ORDDATA,ORDDCM_MAPPED_PATHS_W_PK1,ORDDATA,ORDDCM_MAPPED_PATHS_WRK,UNIQUE,NORMAL,VALID,NO,N,VISIBLE
ORDDATA,ORDDCM_MAPPED_PATHS_W_UK1,ORDDATA,ORDDCM_MAPPED_PATHS_WRK,UNIQUE,NORMAL,VALID,NO,N,VISIBLE
ORDDATA,ORDDCM_MAPPING_DOCS_PK,ORDDATA,ORDDCM_MAPPING_DOCS,UNIQUE,NORMAL,VALID,NO,N,VISIBLE
ORDDATA,SYS_IL0000065608C00007$$,ORDDATA,ORDDCM_MAPPING_DOCS,UNIQUE,LOB,VALID,NO,N,VISIBLE
ORDDATA,SYS_IL0000065714C00007$$,ORDDATA,ORDDCM_MAPPING_DOCS_TMP,UNIQUE,LOB,VALID,NO,Y,VISIBLE
ORDDATA,ORDDCM_MAPPING_DOCS_W_PK,ORDDATA,ORDDCM_MAPPING_DOCS_WRK,UNIQUE,NORMAL,VALID,NO,N,VISIBLE
ORDDATA,SYS_IL0000065766C00007$$,ORDDATA,ORDDCM_MAPPING_DOCS_WRK,UNIQUE,LOB,VALID,NO,N,VISIBLE
ORDDATA,SYS_FK0000065626N00007$,ORDDATA,ORDDCM_PREFS_DEF_VALUES_TAB,NONUNIQUE,NORMAL,VALID,NO,N,VISIBLE
ORDDATA,SYS_C007138,ORDDATA,ORDDCM_PREFS_LOOKUP,UNIQUE,NORMAL,VALID,NO,N,VISIBLE
ORDDATA,SYS_C007139,ORDDATA,ORDDCM_PREFS_LOOKUP,UNIQUE,NORMAL,VALID,NO,N,VISIBLE
ORDDATA,SYS_C007140,ORDDATA,ORDDCM_PREFS_LOOKUP,UNIQUE,NORMAL,VALID,NO,N,VISIBLE
ORDDATA,SYS_FK0000065626N00009$,ORDDATA,ORDDCM_PREFS_VALID_VALUES_TAB,NONUNIQUE,NORMAL,VALID,NO,N,VISIBLE
ORDDATA,ORDDCM_PRV_A_IDX1,ORDDATA,ORDDCM_PRV_ATTRS,NONUNIQUE,NORMAL,VALID,NO,N,VISIBLE
ORDDATA,ORDDCM_PRV_A_IDX2,ORDDATA,ORDDCM_PRV_ATTRS,NONUNIQUE,NORMAL,VALID,NO,N,VISIBLE
ORDDATA,ORDDCM_PRV_ATTRS_PK,ORDDATA,ORDDCM_PRV_ATTRS,UNIQUE,NORMAL,VALID,NO,N,VISIBLE
ORDDATA,ORDDCM_PRV_AGT_IDX1,ORDDATA,ORDDCM_PRV_ATTRS_TMP,NONUNIQUE,NORMAL,VALID,NO,Y,VISIBLE
ORDDATA,ORDDCM_PRV_AGT_IDX2,ORDDATA,ORDDCM_PRV_ATTRS_TMP,NONUNIQUE,NORMAL,VALID,NO,Y,VISIBLE
ORDDATA,ORDDCM_PRV_AGT_IDX3,ORDDATA,ORDDCM_PRV_ATTRS_TMP,UNIQUE,NORMAL,VALID,NO,Y,VISIBLE
ORDDATA,ORDDCM_PRV_ATTRS_W_PK,ORDDATA,ORDDCM_PRV_ATTRS_WRK,UNIQUE,NORMAL,VALID,NO,N,VISIBLE
ORDDATA,ORDDCM_PREF_PARAMS_PK1,ORDDATA,ORDDCM_RT_PREF_PARAMS,UNIQUE,NORMAL,VALID,NO,N,VISIBLE
ORDDATA,ORDDCM_PREF_PARAMS_UK1,ORDDATA,ORDDCM_RT_PREF_PARAMS,UNIQUE,NORMAL,VALID,NO,N,VISIBLE
ORDDATA,ORDDCM_PREF_PARAMS_W_PK1,ORDDATA,ORDDCM_RT_PREF_PARAMS_WRK,UNIQUE,NORMAL,VALID,NO,N,VISIBLE
ORDDATA,ORDDCM_PREF_PARAMS_W_UK1,ORDDATA,ORDDCM_RT_PREF_PARAMS_WRK,UNIQUE,NORMAL,VALID,NO,N,VISIBLE
ORDDATA,ORDDCM_SD_ATTRS_PK,ORDDATA,ORDDCM_STD_ATTRS,UNIQUE,NORMAL,VALID,NO,N,VISIBLE
ORDDATA,ORDDCM_STD_A_IDX2,ORDDATA,ORDDCM_STD_ATTRS,UNIQUE,NORMAL,VALID,NO,N,VISIBLE
ORDDATA,ORDDCM_STD_AGT_IDX1,ORDDATA,ORDDCM_STD_ATTRS_TMP,UNIQUE,NORMAL,VALID,NO,Y,VISIBLE
ORDDATA,ORDDCM_STD_AGT_IDX2,ORDDATA,ORDDCM_STD_ATTRS_TMP,NONUNIQUE,NORMAL,VALID,NO,Y,VISIBLE
ORDDATA,ORDDCM_STD_AGT_IDX3,ORDDATA,ORDDCM_STD_ATTRS_TMP,NONUNIQUE,NORMAL,VALID,NO,Y,VISIBLE
ORDDATA,ORDDCM_SD_ATTRS_W_PK,ORDDATA,ORDDCM_STD_ATTRS_WRK,UNIQUE,NORMAL,VALID,NO,N,VISIBLE
ORDDATA,ORDDCM_STD_A_W_IDX2,ORDDATA,ORDDCM_STD_ATTRS_WRK,UNIQUE,NORMAL,VALID,NO,N,VISIBLE
ORDDATA,ORDDCM_STORED_TAGS_PK1,ORDDATA,ORDDCM_STORED_TAGS,UNIQUE,NORMAL,VALID,NO,N,VISIBLE
ORDDATA,ORDDCM_STORED_TAGS_UK1,ORDDATA,ORDDCM_STORED_TAGS,UNIQUE,NORMAL,VALID,NO,N,VISIBLE
ORDDATA,ORDDCM_STORED_TAGS_W_PK1,ORDDATA,ORDDCM_STORED_TAGS_WRK,UNIQUE,NORMAL,VALID,NO,N,VISIBLE
ORDDATA,ORDDCM_STORED_TAGS_W_UK1,ORDDATA,ORDDCM_STORED_TAGS_WRK,UNIQUE,NORMAL,VALID,NO,N,VISIBLE
ORDDATA,ORDDCM_UID_DEFS_PK,ORDDATA,ORDDCM_UID_DEFS,UNIQUE,NORMAL,VALID,NO,N,VISIBLE
ORDDATA,ORDDCM_UID_DEFS_UK1,ORDDATA,ORDDCM_UID_DEFS,UNIQUE,NORMAL,VALID,NO,N,VISIBLE
ORDDATA,ORDDCM_UID_DEFS_W_PK,ORDDATA,ORDDCM_UID_DEFS_WRK,UNIQUE,NORMAL,VALID,NO,N,VISIBLE
ORDDATA,ORDDCM_UID_DEFS_W_UK1,ORDDATA,ORDDCM_UID_DEFS_WRK,UNIQUE,NORMAL,VALID,NO,N,VISIBLE
ORDDATA,ORDDCM_VR_DT_MAP_PK1,ORDDATA,ORDDCM_VR_DT_MAP,UNIQUE,NORMAL,VALID,NO,N,VISIBLE
ORDSYS,SYS_C007021,ORDSYS,SI_FEATURES_TAB,UNIQUE,NORMAL,VALID,NO,N,VISIBLE
ORDSYS,SYS_C007020,ORDSYS,SI_IMAGE_FORMATS_TAB,UNIQUE,NORMAL,VALID,NO,N,VISIBLE
ORDSYS,SYS_C007023,ORDSYS,SI_VALUES_TAB,UNIQUE,NORMAL,VALID,NO,N,VISIBLE
OUTLN,OL$NAME,OUTLN,OL$,UNIQUE,NORMAL,VALID,NO,N,VISIBLE
OUTLN,OL$SIGNATURE,OUTLN,OL$,UNIQUE,NORMAL,VALID,NO,N,VISIBLE
OUTLN,OL$HNT_NUM,OUTLN,OL$HINTS,UNIQUE,NORMAL,VALID,NO,N,VISIBLE
OUTLN,SYS_IL0000000682C00021$$,OUTLN,OL$HINTS,UNIQUE,LOB,VALID,NO,N,VISIBLE
OUTLN,OL$NODE_OL_NAME,OUTLN,OL$NODES,NONUNIQUE,NORMAL,VALID,NO,N,VISIBLE
SYS,I_ACCESS1,SYS,ACCESS$,NONUNIQUE,NORMAL,VALID,NO,N,VISIBLE
SYS,I_ACLMV$_1,SYS,ACLMV$,UNIQUE,NORMAL,VALID,NO,N,VISIBLE
SYS,I_ACLMVREFSTAT$_1,SYS,ACLMVREFSTAT$,NONUNIQUE,NORMAL,VALID,NO,N,VISIBLE
SYS,I_ACLMVSUBTBL$_1,SYS,ACLMVSUBTBL$,NONUNIQUE,NORMAL,VALID,NO,N,VISIBLE
SYS,I_ACTIVITY_MVIEW$_OBJ,SYS,ACTIVITY_MVIEW$,UNIQUE,NORMAL,VALID,NO,N,VISIBLE
SYS,I_ACTIVITY_SNAP_META$_SNAP_ID,SYS,ACTIVITY_SNAP_META$,UNIQUE,NORMAL,VALID,NO,N,VISIBLE
SYS,I_ACTIVITY_TABLE$_OBJ,SYS,ACTIVITY_TABLE$,UNIQUE,NORMAL,VALID,NO,N,VISIBLE
SYS,I_ADMINAUTH1,SYS,ADMINAUTH$,UNIQUE,NORMAL,VALID,NO,N,VISIBLE
SYS,C_ADO_IMPARAM,SYS,ADO_IMPARAM$,UNIQUE,NORMAL,VALID,NO,N,VISIBLE
SYS,I_ADOIMSEGTD_ID,SYS,ADO_IMSEGTASKDETAILS$,NONUNIQUE,NORMAL,VALID,NO,N,VISIBLE
SYS,I_ADOIMSEGTD_OBJ,SYS,ADO_IMSEGTASKDETAILS$,NONUNIQUE,NORMAL,VALID,NO,N,VISIBLE
SYS,I_ADOIMTASKS_ID,SYS,ADO_IMTASKS$,NONUNIQUE,NORMAL,VALID,NO,N,VISIBLE
SYS,SYS_C005920,SYS,ALERT_QT,UNIQUE,NORMAL,VALID,NO,N,VISIBLE
SYS,SYS_IL0000021150C00071$$,SYS,ALERT_QT,UNIQUE,LOB,VALID,NO,N,VISIBLE
SYS,I_UNIFIED_AUDIT_ACTIONS,SYS,ALL_UNIFIED_AUDIT_ACTIONS,UNIQUE,NORMAL,VALID,NO,N,VISIBLE
SYS,APPLY$_AUTO_CDR_CG_UNQ1,SYS,APPLY$_AUTO_CDR_COLUMN_GROUPS,UNIQUE,NORMAL,VALID,NO,N,VISIBLE
SYS,APPLY$_AUTO_CDR_CG_UNQ2,SYS,APPLY$_AUTO_CDR_COLUMN_GROUPS,UNIQUE,NORMAL,VALID,NO,N,VISIBLE
SYS,APPLY$_BATCH_SQL_STATS_I,SYS,APPLY$_BATCH_SQL_STATS,NONUNIQUE,NORMAL,VALID,NO,N,VISIBLE
SYS,APPLY$_CDR_INFO_UNQ1,SYS,APPLY$_CDR_INFO,UNIQUE,NORMAL,VALID,NO,N,VISIBLE
SYS,I_APPLY_CHANGE_HANDLERS,SYS,APPLY$_CHANGE_HANDLERS,UNIQUE,NORMAL,VALID,NO,N,VISIBLE
SYS,APPLY$_CONF_HDLR_COLUMNS_UNQ1,SYS,APPLY$_CONF_HDLR_COLUMNS,UNIQUE,NORMAL,VALID,NO,N,VISIBLE
SYS,APPLY$_CONF_HDLR_COLUMNS_UNQ2,SYS,APPLY$_CONF_HDLR_COLUMNS,UNIQUE,NORMAL,VALID,NO,N,VISIBLE
SYS,APPLY$_CONSTRAINT_COLUMNS_IDX1,SYS,APPLY$_CONSTRAINT_COLUMNS,NONUNIQUE,NORMAL,VALID,NO,N,VISIBLE
SYS,APPLY$_CONSTRAINT_COLUMNS_UIX1,SYS,APPLY$_CONSTRAINT_COLUMNS,UNIQUE,NORMAL,VALID,NO,N,VISIBLE
SYS,APPLY$_COORDINATOR_STATS_I,SYS,APPLY$_COORDINATOR_STATS,NONUNIQUE,NORMAL,VALID,NO,N,VISIBLE
SYS,I_APPLY_DEST_OBJ1,SYS,APPLY$_DEST_OBJ,UNIQUE,NORMAL,VALID,NO,N,VISIBLE
SYS,I_APPLY_DEST_OBJ2,SYS,APPLY$_DEST_OBJ,UNIQUE,NORMAL,VALID,NO,N,VISIBLE
SYS,I_APPLY_DEST_OBJ3,SYS,APPLY$_DEST_OBJ,UNIQUE,NORMAL,VALID,NO,N,VISIBLE
SYS,I_APPLY_DEST_OBJ_CMAP1,SYS,APPLY$_DEST_OBJ_CMAP,NONUNIQUE,NORMAL,VALID,NO,N,VISIBLE
SYS,I_APPLY_DEST_OBJ_OPS1,SYS,APPLY$_DEST_OBJ_OPS,UNIQUE,NORMAL,VALID,NO,N,VISIBLE
SYS,STREAMS$_APPLY_ERROR_IDX_2,SYS,APPLY$_ERROR,NONUNIQUE,NORMAL,VALID,NO,N,VISIBLE
SYS,STREAMS$_APPLY_ERROR_UNQ,SYS,APPLY$_ERROR,UNIQUE,NORMAL,VALID,NO,N,VISIBLE
SYS,APPLY$_ERROR_HANDLER_UNQ,SYS,APPLY$_ERROR_HANDLER,UNIQUE,NORMAL,VALID,NO,N,VISIBLE
SYS,STREAMS$_APPLY_ERROR_TXN_UNQ,SYS,APPLY$_ERROR_TXN,UNIQUE,NORMAL,VALID,NO,N,VISIBLE
SYS,SYS_IL0000018071C00030$$,SYS,APPLY$_ERROR_TXN,UNIQUE,LOB,VALID,NO,N,VISIBLE
SYS,APPLY$_PROCEDURE_STATS_I,SYS,APPLY$_PROCEDURE_STATS,NONUNIQUE,NORMAL,VALID,NO,N,VISIBLE
SYS,APPLY$_READER_STATS_I,SYS,APPLY$_READER_STATS,NONUNIQUE,NORMAL,VALID,NO,N,VISIBLE
SYS,APPLY$_SERVER_STATS_I,SYS,APPLY$_SERVER_STATS,NONUNIQUE,NORMAL,VALID,NO,N,VISIBLE
SYS,I_APPLY_SOURCE_OBJ1,SYS,APPLY$_SOURCE_OBJ,UNIQUE,NORMAL,VALID,NO,N,VISIBLE
SYS,I_APPLY_SOURCE_OBJ2,SYS,APPLY$_SOURCE_OBJ,UNIQUE,NORMAL,VALID,NO,N,VISIBLE
SYS,I_APPLY_SOURCE_SCHEMA1,SYS,APPLY$_SOURCE_SCHEMA,UNIQUE,NORMAL,VALID,NO,N,VISIBLE
SYS,APPLY$_TABLE_STATS_I,SYS,APPLY$_TABLE_STATS,NONUNIQUE,NORMAL,VALID,NO,N,VISIBLE
SYS,I_APPLY_VIRTUAL_OBJ_CONS,SYS,APPLY$_VIRTUAL_OBJ_CONS,UNIQUE,NORMAL,VALID,NO,N,VISIBLE
SYS,I_APPROLE,SYS,APPROLE$,UNIQUE,NORMAL,VALID,NO,N,VISIBLE
SYS,SYS_IOT_TOP_21164,SYS,AQ$_ALERT_QT_G,UNIQUE,IOT - TOP,VALID,NO,N,VISIBLE
SYS,SYS_IOT_TOP_21161,SYS,AQ$_ALERT_QT_H,UNIQUE,IOT - TOP,VALID,NO,N,VISIBLE
SYS,SYS_IOT_TOP_21167,SYS,AQ$_ALERT_QT_I,UNIQUE,IOT - TOP,VALID,NO,N,VISIBLE
SYS,SYS_C005923,SYS,AQ$_ALERT_QT_S,UNIQUE,NORMAL,VALID,NO,N,VISIBLE
SYS,SYS_IOT_TOP_21159,SYS,AQ$_ALERT_QT_T,UNIQUE,IOT - TOP,VALID,NO,N,VISIBLE
SYS,SYS_IOT_TOP_21623,SYS,AQ$_AQ$_MEM_MC_G,UNIQUE,IOT - TOP,VALID,NO,N,VISIBLE
SYS,SYS_IOT_TOP_21620,SYS,AQ$_AQ$_MEM_MC_H,UNIQUE,IOT - TOP,VALID,NO,N,VISIBLE
SYS,SYS_IOT_TOP_21626,SYS,AQ$_AQ$_MEM_MC_I,UNIQUE,IOT - TOP,VALID,NO,N,VISIBLE
SYS,SYS_C006105,SYS,AQ$_AQ$_MEM_MC_S,UNIQUE,NORMAL,VALID,NO,N,VISIBLE
SYS,SYS_IOT_TOP_21618,SYS,AQ$_AQ$_MEM_MC_T,UNIQUE,IOT - TOP,VALID,NO,N,VISIBLE
SYS,SYS_IOT_TOP_21659,SYS,AQ$_AQ_PROP_TABLE_G,UNIQUE,IOT - TOP,VALID,NO,N,VISIBLE
SYS,SYS_IOT_TOP_21656,SYS,AQ$_AQ_PROP_TABLE_H,UNIQUE,IOT - TOP,VALID,NO,N,VISIBLE
SYS,SYS_IOT_TOP_21662,SYS,AQ$_AQ_PROP_TABLE_I,UNIQUE,IOT - TOP,VALID,NO,N,VISIBLE
SYS,SYS_C006119,SYS,AQ$_AQ_PROP_TABLE_S,UNIQUE,NORMAL,VALID,NO,N,VISIBLE
SYS,SYS_IOT_TOP_21654,SYS,AQ$_AQ_PROP_TABLE_T,UNIQUE,IOT - TOP,VALID,NO,N,VISIBLE
SYS,AQ$_DEQ_LOG_PARTITION_MAP_IDX,SYS,AQ$_DEQUEUE_LOG_PARTITION_MAP,NONUNIQUE,NORMAL,VALID,NO,N,VISIBLE
SYS,AQ$_DURABLE_SUBS_PRIMARY,SYS,AQ$_DURABLE_SUBS,UNIQUE,NORMAL,VALID,NO,N,VISIBLE
SYS,AQ$_E_QUEUE_PARTITION_MAP_IDX,SYS,AQ$_E_QUEUE_PARTITION_MAP,UNIQUE,NORMAL,VALID,NO,N,VISIBLE
SYS,AQ$_AQ_EVENT_TABLE_I,SYS,AQ_EVENT_TABLE,NONUNIQUE,NORMAL,VALID,NO,N,VISIBLE
SYS,AQ$_AQ_EVENT_TABLE_T,SYS,AQ_EVENT_TABLE,NONUNIQUE,NORMAL,VALID,NO,N,VISIBLE
SYS,SYS_C006113,SYS,AQ_EVENT_TABLE,UNIQUE,NORMAL,VALID,NO,N,VISIBLE
SYS,SYS_IL0000021633C00045$$,SYS,AQ_EVENT_TABLE,UNIQUE,LOB,VALID,NO,N,VISIBLE
SYS,SYS_IL0000021633C00047$$,SYS,AQ_EVENT_TABLE,UNIQUE,LOB,VALID,NO,N,VISIBLE
SYS,SYS_C006102,SYS,AQ$_MEM_MC,UNIQUE,NORMAL,VALID,NO,N,VISIBLE
SYS,SYS_IL0000021607C00028$$,SYS,AQ$_MEM_MC,UNIQUE,LOB,VALID,NO,N,VISIBLE
SYS,SYS_IL0000021607C00029$$,SYS,AQ$_MEM_MC,UNIQUE,LOB,VALID,NO,N,VISIBLE
SYS,AQ$_MSGTYPES_UNIQUE,SYS,AQ$_MESSAGE_TYPES,UNIQUE,NORMAL,VALID,NO,N,VISIBLE
SYS,SYS_IOT_TOP_21436,SYS,AQ$_ORA$PREPLUGIN_BACKUP_QTB_G,UNIQUE,IOT - TOP,VALID,NO,N,VISIBLE
SYS,SYS_IOT_TOP_21433,SYS,AQ$_ORA$PREPLUGIN_BACKUP_QTB_H,UNIQUE,IOT - TOP,VALID,NO,N,VISIBLE
SYS,SYS_IOT_TOP_21439,SYS,AQ$_ORA$PREPLUGIN_BACKUP_QTB_I,UNIQUE,IOT - TOP,VALID,NO,N,VISIBLE
SYS,SYS_C006015,SYS,AQ$_ORA$PREPLUGIN_BACKUP_QTB_S,UNIQUE,NORMAL,VALID,NO,N,VISIBLE
SYS,SYS_IOT_TOP_21431,SYS,AQ$_ORA$PREPLUGIN_BACKUP_QTB_T,UNIQUE,IOT - TOP,VALID,NO,N,VISIBLE
SYS,SYS_IOT_TOP_22182,SYS,AQ$_PDB_MON_EVENT_QTABLE$_G,UNIQUE,IOT - TOP,VALID,NO,N,VISIBLE
SYS,SYS_IOT_TOP_22179,SYS,AQ$_PDB_MON_EVENT_QTABLE$_H,UNIQUE,IOT - TOP,VALID,NO,N,VISIBLE
SYS,SYS_IOT_TOP_22185,SYS,AQ$_PDB_MON_EVENT_QTABLE$_I,UNIQUE,IOT - TOP,VALID,NO,N,VISIBLE
SYS,SYS_C006560,SYS,AQ$_PDB_MON_EVENT_QTABLE$_S,UNIQUE,NORMAL,VALID,NO,N,VISIBLE
SYS,SYS_IOT_TOP_22177,SYS,AQ$_PDB_MON_EVENT_QTABLE$_T,UNIQUE,IOT - TOP,VALID,NO,N,VISIBLE
SYS,AQ$_PENDING_MESSAGES_I,SYS,AQ$_PENDING_MESSAGES,NONUNIQUE,NORMAL,VALID,NO,N,VISIBLE
SYS,AQ$_PROPAGATION_STATUS_PRIMARY,SYS,AQ$_PROPAGATION_STATUS,UNIQUE,NORMAL,VALID,NO,N,VISIBLE
SYS,SYS_C006116,SYS,AQ_PROP_TABLE,UNIQUE,NORMAL,VALID,NO,N,VISIBLE
SYS,SYS_IL0000021645C00032$$,SYS,AQ_PROP_TABLE,UNIQUE,LOB,VALID,NO,N,VISIBLE
SYS,AQ$_QUEUE_PARTITION_MAP_IDX,SYS,AQ$_QUEUE_PARTITION_MAP,NONUNIQUE,NORMAL,VALID,NO,N,VISIBLE
SYS,AQ$_QUEUE_SHARD_PK,SYS,AQ$_QUEUE_SHARDS,UNIQUE,NORMAL,VALID,NO,N,VISIBLE
SYS,AQ$_QUEUE_STATITICS_PK,SYS,AQ$_QUEUE_STATISTICS,UNIQUE,NORMAL,VALID,NO,N,VISIBLE
SYS,AQ$_QTABLE_AFFINITIES_PK,SYS,AQ$_QUEUE_TABLE_AFFINITIES,UNIQUE,NORMAL,VALID,NO,N,VISIBLE
SYS,I1_QUEUE_TABLE_AFFINITIES,SYS,AQ$_QUEUE_TABLE_AFFINITIES,NONUNIQUE,NORMAL,VALID,NO,N,VISIBLE
SYS,SYS_IOT_TOP_21045,SYS,AQ$_SCHEDULER$_EVENT_QTAB_G,UNIQUE,IOT - TOP,VALID,NO,N,VISIBLE
SYS,SYS_IOT_TOP_21042,SYS,AQ$_SCHEDULER$_EVENT_QTAB_H,UNIQUE,IOT - TOP,VALID,NO,N,VISIBLE
SYS,SYS_IOT_TOP_21048,SYS,AQ$_SCHEDULER$_EVENT_QTAB_I,UNIQUE,IOT - TOP,VALID,NO,N,VISIBLE
SYS,SYS_C005885,SYS,AQ$_SCHEDULER$_EVENT_QTAB_S,UNIQUE,NORMAL,VALID,NO,N,VISIBLE
SYS,SYS_IOT_TOP_21040,SYS,AQ$_SCHEDULER$_EVENT_QTAB_T,UNIQUE,IOT - TOP,VALID,NO,N,VISIBLE
SYS,SYS_IOT_TOP_21109,SYS,AQ$_SCHEDULER_FILEWATCHER_QT_G,UNIQUE,IOT - TOP,VALID,NO,N,VISIBLE
SYS,SYS_IOT_TOP_21106,SYS,AQ$_SCHEDULER_FILEWATCHER_QT_H,UNIQUE,IOT - TOP,VALID,NO,N,VISIBLE
SYS,SYS_IOT_TOP_21112,SYS,AQ$_SCHEDULER_FILEWATCHER_QT_I,UNIQUE,IOT - TOP,VALID,NO,N,VISIBLE
SYS,SYS_C005911,SYS,AQ$_SCHEDULER_FILEWATCHER_QT_S,UNIQUE,NORMAL,VALID,NO,N,VISIBLE
SYS,SYS_IOT_TOP_21104,SYS,AQ$_SCHEDULER_FILEWATCHER_QT_T,UNIQUE,IOT - TOP,VALID,NO,N,VISIBLE
SYS,SYS_IOT_TOP_21079,SYS,AQ$_SCHEDULER$_REMDB_JOBQTAB_G,UNIQUE,IOT - TOP,VALID,NO,N,VISIBLE
SYS,SYS_IOT_TOP_21076,SYS,AQ$_SCHEDULER$_REMDB_JOBQTAB_H,UNIQUE,IOT - TOP,VALID,NO,N,VISIBLE
SYS,SYS_IOT_TOP_21082,SYS,AQ$_SCHEDULER$_REMDB_JOBQTAB_I,UNIQUE,IOT - TOP,VALID,NO,N,VISIBLE
SYS,SYS_C005898,SYS,AQ$_SCHEDULER$_REMDB_JOBQTAB_S,UNIQUE,NORMAL,VALID,NO,N,VISIBLE
SYS,SYS_IOT_TOP_21074,SYS,AQ$_SCHEDULER$_REMDB_JOBQTAB_T,UNIQUE,IOT - TOP,VALID,NO,N,VISIBLE
SYS,AQ$_SCHEDULES_PRIMARY,SYS,AQ$_SCHEDULES,UNIQUE,NORMAL,VALID,NO,N,VISIBLE
SYS,AQ$_SUBSCRIBER_LWM_UNIQUE,SYS,AQ$_SUBSCRIBER_LWM,UNIQUE,NORMAL,VALID,NO,N,VISIBLE
SYS,AQ$_SUBSCRIBER_TABLE_I,SYS,AQ$_SUBSCRIBER_TABLE,NONUNIQUE,NORMAL,VALID,NO,N,VISIBLE
SYS,AQ$_SUBSCRIBER_TABLE_PRIMARY,SYS,AQ$_SUBSCRIBER_TABLE,UNIQUE,NORMAL,VALID,NO,N,VISIBLE
SYS,SYS_IOT_TOP_21825,SYS,AQ$_SYS$SERVICE_METRICS_TAB_G,UNIQUE,IOT - TOP,VALID,NO,N,VISIBLE
SYS,SYS_IOT_TOP_21822,SYS,AQ$_SYS$SERVICE_METRICS_TAB_H,UNIQUE,IOT - TOP,VALID,NO,N,VISIBLE
SYS,SYS_IOT_TOP_21828,SYS,AQ$_SYS$SERVICE_METRICS_TAB_I,UNIQUE,IOT - TOP,VALID,NO,N,VISIBLE
SYS,SYS_C006287,SYS,AQ$_SYS$SERVICE_METRICS_TAB_S,UNIQUE,NORMAL,VALID,NO,N,VISIBLE
SYS,SYS_IOT_TOP_21820,SYS,AQ$_SYS$SERVICE_METRICS_TAB_T,UNIQUE,IOT - TOP,VALID,NO,N,VISIBLE
SYS,I_ARGUMENT1,SYS,ARGUMENT$,UNIQUE,NORMAL,VALID,NO,N,VISIBLE
SYS,I_ARGUMENT2,SYS,ARGUMENT$,NONUNIQUE,NORMAL,VALID,NO,N,VISIBLE
SYS,ASSOC1,SYS,ASSOCIATION$,UNIQUE,NORMAL,VALID,NO,N,VISIBLE
SYS,ASSOC2,SYS,ASSOCIATION$,NONUNIQUE,NORMAL,VALID,NO,N,VISIBLE
SYS,ATEMPIND$,SYS,ATEMPTAB$,NONUNIQUE,NORMAL,VALID,NO,Y,VISIBLE
SYS,ATSK$_SCHEDULE_CONTROL_PK,SYS,ATSK$_SCHEDULE_CONTROL,UNIQUE,NORMAL,VALID,NO,N,VISIBLE
SYS,ATSK$_SETTINGS_PK,SYS,ATSK$_SETTINGS,UNIQUE,NORMAL,VALID,NO,N,VISIBLE
SYS,ATSK$_TRACK_DBID_UNIQUE,SYS,ATSK$_TRACK_DBID,UNIQUE,FUNCTION-BASED NORMAL,VALID,NO,N,VISIBLE
SYS,I_ATTRCOL1,SYS,ATTRCOL$,UNIQUE,NORMAL,VALID,NO,N,VISIBLE
SYS,I_ATTRIBUTE1,SYS,ATTRIBUTE$,UNIQUE,NORMAL,VALID,NO,N,VISIBLE
SYS,I_ATTRIBUTE2,SYS,ATTRIBUTE$,UNIQUE,NORMAL,VALID,NO,N,VISIBLE
SYS,ATTRIBUTE_TRANSFORMATIONS_PK,SYS,ATTRIBUTE_TRANSFORMATIONS$,UNIQUE,NORMAL,VALID,NO,N,VISIBLE
SYS,SYS_IL0000001612C00004$$,SYS,ATTRIBUTE_TRANSFORMATIONS$,UNIQUE,LOB,VALID,NO,N,VISIBLE
SYS,SYS_IL0000000607C00040$$,SYS,AUD$,UNIQUE,LOB,VALID,NO,N,VISIBLE
SYS,SYS_IL0000000607C00041$$,SYS,AUD$,UNIQUE,LOB,VALID,NO,N,VISIBLE
SYS,SYS_IL0000000607C00043$$,SYS,AUD$,UNIQUE,LOB,VALID,NO,N,VISIBLE
SYS,I_AUD_CONTEXT,SYS,AUD_CONTEXT$,UNIQUE,NORMAL,VALID,NO,N,VISIBLE
SYS,I_AUDIT,SYS,AUDIT$,UNIQUE,NORMAL,VALID,NO,N,VISIBLE
SYS,I_AUDIT_ACTIONS,SYS,AUDIT_ACTIONS,UNIQUE,NORMAL,VALID,NO,N,VISIBLE
SYS,I_AUX_STATS$,SYS,AUX_STATS$,UNIQUE,NORMAL,VALID,NO,N,VISIBLE
SYS,SYS_IL0000001739C00004$$,SYS,AVTUNE_AV_CACHES$,UNIQUE,LOB,VALID,NO,N,VISIBLE
SYS,I_AVTUNE_AV_TUNING_1,SYS,AVTUNE_AV_TUNING$,UNIQUE,NORMAL,VALID,NO,N,VISIBLE
SYS,I_AVTUNE_DIM_CACHES_1,SYS,AVTUNE_DIM_CACHES$,UNIQUE,NORMAL,VALID,NO,N,VISIBLE
SYS,SYS_IL0000001744C00007$$,SYS,AVTUNE_QUERY_LOG_ARCHIVE$,UNIQUE,LOB,VALID,NO,N,VISIBLE
SYS,AW_IND$,SYS,AW$,UNIQUE,NORMAL,VALID,NO,N,VISIBLE
SYS,AWCREATE_I$,SYS,AW$AWCREATE,UNIQUE,NORMAL,VALID,NO,N,VISIBLE
SYS,SYS_IL0000066065C00004$$,SYS,AW$AWCREATE,UNIQUE,LOB,VALID,NO,N,VISIBLE
SYS,AWCREATE10G_I$,SYS,AW$AWCREATE10G,UNIQUE,NORMAL,VALID,NO,N,VISIBLE
SYS,SYS_IL0000066070C00004$$,SYS,AW$AWCREATE10G,UNIQUE,LOB,VALID,NO,N,VISIBLE
SYS,AWMD_I$,SYS,AW$AWMD,UNIQUE,NORMAL,VALID,NO,N,VISIBLE
SYS,SYS_IL0000066060C00004$$,SYS,AW$AWMD,UNIQUE,LOB,VALID,NO,N,VISIBLE
SYS,AWREPORT_I$,SYS,AW$AWREPORT,UNIQUE,NORMAL,VALID,NO,N,VISIBLE
SYS,SYS_IL0000066080C00004$$,SYS,AW$AWREPORT,UNIQUE,LOB,VALID,NO,N,VISIBLE
SYS,AWXML_I$,SYS,AW$AWXML,UNIQUE,NORMAL,VALID,NO,N,VISIBLE
SYS,SYS_IL0000066075C00004$$,SYS,AW$AWXML,UNIQUE,LOB,VALID,NO,N,VISIBLE
SYS,EXPRESS_I$,SYS,AW$EXPRESS,UNIQUE,NORMAL,VALID,NO,N,VISIBLE
SYS,SYS_IL0000066055C00004$$,SYS,AW$EXPRESS,UNIQUE,LOB,VALID,NO,N,VISIBLE
SYS,I_AW_OBJ$,SYS,AW_OBJ$,UNIQUE,NORMAL,VALID,NO,N,VISIBLE
SYS,SYS_IL0000001184C00007$$,SYS,AW_OBJ$,UNIQUE,LOB,VALID,NO,N,VISIBLE
SYS,SYS_IL0000001184C00008$$,SYS,AW_OBJ$,UNIQUE,LOB,VALID,NO,N,VISIBLE
SYS,SYS_IL0000001184C00009$$,SYS,AW_OBJ$,UNIQUE,LOB,VALID,NO,N,VISIBLE
SYS,I_AW_PRG$,SYS,AW_PRG$,UNIQUE,NORMAL,VALID,NO,N,VISIBLE
SYS,SYS_IL0000001198C00005$$,SYS,AW_PRG$,UNIQUE,LOB,VALID,NO,N,VISIBLE
SYS,SYS_IL0000001198C00006$$,SYS,AW_PRG$,UNIQUE,LOB,VALID,NO,N,VISIBLE
SYS,SYS_IL0000001198C00008$$,SYS,AW_PRG$,UNIQUE,LOB,VALID,NO,N,VISIBLE
SYS,I_AW_PROP$,SYS,AW_PROP$,NONUNIQUE,NORMAL,VALID,NO,N,VISIBLE
SYS,SYS_IL0000001192C00007$$,SYS,AW_PROP$,UNIQUE,LOB,VALID,NO,N,VISIBLE
SYS,I_AW_TRACK$,SYS,AW_TRACK$,UNIQUE,NORMAL,VALID,NO,N,VISIBLE
SYS,BC$_PK,SYS,BC$,UNIQUE,NORMAL,VALID,NO,N,VISIBLE
SYS,BC_ATTRIBUTE$_PK,SYS,BC_ATTRIBUTE$,UNIQUE,NORMAL,VALID,NO,N,VISIBLE
SYS,BC_CHAIN$_PK,SYS,BC_CHAIN$,UNIQUE,NORMAL,VALID,NO,N,VISIBLE
SYS,BC_CHAIN$_UK,SYS,BC_CHAIN$,UNIQUE,NORMAL,VALID,NO,N,VISIBLE
SYS,BC_PEER$_PK,SYS,BC_PEER$,UNIQUE,NORMAL,VALID,NO,N,VISIBLE
SYS,BC_TOMBSTONE$_PK,SYS,BC_TOMBSTONE$,UNIQUE,NORMAL,VALID,NO,N,VISIBLE
SYS,BDSQL_USER_MAP_UX,SYS,BDSQL_USER_MAP,UNIQUE,NORMAL,VALID,NO,N,VISIBLE
SYS,BLOCKCHAIN_TABLE_IDX$,SYS,BLOCKCHAIN_TABLE$,NONUNIQUE,NORMAL,VALID,NO,N,VISIBLE
SYS,BLOCKCHAIN_TABLE_CHAIN$_IDX,SYS,BLOCKCHAIN_TABLE_CHAIN$,NONUNIQUE,NORMAL,VALID,NO,N,VISIBLE
SYS,BLOCKCHAIN_TABLE_EPOCH$_IDX,SYS,BLOCKCHAIN_TABLE_EPOCH$,NONUNIQUE,NORMAL,VALID,NO,N,VISIBLE
SYS,I_CACHE_STATS_0,SYS,CACHE_STATS_0$,NONUNIQUE,NORMAL,VALID,NO,N,VISIBLE
SYS,I_CACHE_STATS_1,SYS,CACHE_STATS_1$,NONUNIQUE,NORMAL,VALID,NO,N,VISIBLE
SYS,SYS_IL0000010649C00018$$,SYS,CAPTURED_PRIV$,UNIQUE,LOB,VALID,NO,N,VISIBLE
SYS,SYS_C006435,SYS,CATALOG_DDLS,UNIQUE,NORMAL,VALID,NO,N,VISIBLE
SYS,SYS_IL0000022016C00002$$,SYS,CATALOG_DDLS,UNIQUE,LOB,VALID,NO,N,VISIBLE
SYS,SYS_IL0000022016C00010$$,SYS,CATALOG_DDLS,UNIQUE,LOB,VALID,NO,N,VISIBLE
SYS,I_COBJ#,SYS,C_COBJ#,UNIQUE,CLUSTER,VALID,NO,N,VISIBLE
SYS,I_CCOL1,SYS,CCOL$,NONUNIQUE,NORMAL,VALID,NO,N,VISIBLE
SYS,I_CCOL2,SYS,CCOL$,UNIQUE,NORMAL,VALID,NO,N,VISIBLE
SYS,I_CDBFILE1,SYS,CDB_FILE$,UNIQUE,NORMAL,VALID,NO,N,VISIBLE
SYS,I_CDBFILE2,SYS,CDB_FILE$,NONUNIQUE,NORMAL,VALID,NO,N,VISIBLE
SYS,I_CDB_LOCAL_ADMINAUTH_1,SYS,CDB_LOCAL_ADMINAUTH$,UNIQUE,NORMAL,VALID,NO,N,VISIBLE
SYS,I_CDBTS1,SYS,CDB_TS$,UNIQUE,NORMAL,VALID,NO,N,VISIBLE
SYS,I_CDBVW_STATS$_OBJNAME,SYS,CDBVW_STATS$,UNIQUE,NORMAL,VALID,NO,N,VISIBLE
SYS,I_CDEF1,SYS,CDEF$,UNIQUE,NORMAL,VALID,NO,N,VISIBLE
SYS,I_CDEF2,SYS,CDEF$,NONUNIQUE,NORMAL,VALID,NO,N,VISIBLE
SYS,I_CDEF3,SYS,CDEF$,NONUNIQUE,NORMAL,VALID,NO,N,VISIBLE
SYS,I_CDEF4,SYS,CDEF$,NONUNIQUE,NORMAL,VALID,NO,N,VISIBLE
SYS,I_FILE#_BLOCK#,SYS,C_FILE#_BLOCK#,UNIQUE,CLUSTER,VALID,NO,N,VISIBLE
SYS,I1_CHNF$_CLAUSE_DEPENDENTS,SYS,CHNF$_CLAUSE_DEPENDENTS,NONUNIQUE,NORMAL,VALID,NO,N,VISIBLE
SYS,I2_CHNF$_CLAUSE_DEPENDENTS,SYS,CHNF$_CLAUSE_DEPENDENTS,NONUNIQUE,NORMAL,VALID,NO,N,VISIBLE
SYS,I1_CHNF$_CLAUSES,SYS,CHNF$_CLAUSES,NONUNIQUE,NORMAL,VALID,NO,N,VISIBLE
SYS,I2_CHNF$_CLAUSES,SYS,CHNF$_CLAUSES,NONUNIQUE,NORMAL,VALID,NO,N,VISIBLE
SYS,SYS_IL0000008513C00003$$,SYS,CHNF$_CLAUSES,UNIQUE,LOB,VALID,NO,N,VISIBLE
SYS,SYS_IL0000008513C00005$$,SYS,CHNF$_CLAUSES,UNIQUE,LOB,VALID,NO,N,VISIBLE
SYS,SYS_IL0000008513C00007$$,SYS,CHNF$_CLAUSES,UNIQUE,LOB,VALID,NO,N,VISIBLE
SYS,SYS_IOT_TOP_8513,SYS,CHNF$_CLAUSES,UNIQUE,IOT - TOP,VALID,NO,N,VISIBLE
SYS,I_CHNFDIRECTLOAD$,SYS,CHNFDIRECTLOAD$,UNIQUE,NORMAL,VALID,NO,N,VISIBLE
SYS,SYS_IL0000008553C00003$$,SYS,CHNF$_GROUP_FILTER_IOT,UNIQUE,LOB,VALID,NO,N,VISIBLE
SYS,SYS_IOT_TOP_8553,SYS,CHNF$_GROUP_FILTER_IOT,UNIQUE,IOT - TOP,VALID,NO,N,VISIBLE
SYS,I1_CHNF$_QUERIES,SYS,CHNF$_QUERIES,NONUNIQUE,NORMAL,VALID,NO,N,VISIBLE
SYS,I2_CHNF$_QUERIES,SYS,CHNF$_QUERIES,NONUNIQUE,NORMAL,VALID,NO,N,VISIBLE
SYS,SYS_IL0000008542C00003$$,SYS,CHNF$_QUERIES,UNIQUE,LOB,VALID,NO,N,VISIBLE
SYS,SYS_IL0000008542C00005$$,SYS,CHNF$_QUERIES,UNIQUE,LOB,VALID,NO,N,VISIBLE
SYS,I1_CHNF$_QUERY_BINDS,SYS,CHNF$_QUERY_BINDS,NONUNIQUE,NORMAL,VALID,NO,N,VISIBLE
SYS,I1_CHNF$_QUERY_DEPS,SYS,CHNF$_QUERY_DEPENDENCIES,NONUNIQUE,NORMAL,VALID,NO,N,VISIBLE
SYS,I2_CHNF$_QUERY_DEPS,SYS,CHNF$_QUERY_DEPENDENCIES,NONUNIQUE,NORMAL,VALID,NO,N,VISIBLE
SYS,I1_CHNF$_QUERY_OBJECT,SYS,CHNF$_QUERY_OBJECT,NONUNIQUE,NORMAL,VALID,NO,N,VISIBLE
SYS,I2_CHNF$_QUERY_OBJECT,SYS,CHNF$_QUERY_OBJECT,NONUNIQUE,NORMAL,VALID,NO,N,VISIBLE
SYS,SYS_IL0000008530C00004$$,SYS,CHNF$_QUERY_OBJECT,UNIQUE,LOB,VALID,NO,N,VISIBLE
SYS,SYS_IL0000008530C00005$$,SYS,CHNF$_QUERY_OBJECT,UNIQUE,LOB,VALID,NO,N,VISIBLE
SYS,SYS_IL0000008530C00007$$,SYS,CHNF$_QUERY_OBJECT,UNIQUE,LOB,VALID,NO,N,VISIBLE
SYS,I1_CHNF$_REG_QUERIES,SYS,CHNF$_REG_QUERIES,NONUNIQUE,NORMAL,VALID,NO,N,VISIBLE
SYS,I2_CHNF$_REG_QUERIES,SYS,CHNF$_REG_QUERIES,NONUNIQUE,NORMAL,VALID,NO,N,VISIBLE
SYS,CLI_INST$PK,SYS,CLI_INST$,UNIQUE,NORMAL,VALID,NO,N,VISIBLE
SYS,CLI_LOG$PK,SYS,CLI_LOG$,UNIQUE,NORMAL,VALID,NO,N,VISIBLE
SYS,CLI_PART$PK,SYS,CLI_PART$,UNIQUE,NORMAL,VALID,NO,N,VISIBLE
SYS,CLI_TAB$PK,SYS,CLI_TAB$,UNIQUE,NORMAL,VALID,NO,N,VISIBLE
SYS,CLI_TS$PK,SYS,CLI_TS$,UNIQUE,NORMAL,VALID,NO,N,VISIBLE
SYS,I_CLST$,SYS,CLST$,UNIQUE,NORMAL,VALID,NO,N,VISIBLE
SYS,I_CLSTDIMENSION$,SYS,CLSTDIMENSION$,NONUNIQUE,NORMAL,VALID,NO,N,VISIBLE
SYS,I_CLSTJOIN$,SYS,CLSTJOIN$,NONUNIQUE,NORMAL,VALID,NO,N,VISIBLE
SYS,I_CLSTKEY$,SYS,CLSTKEY$,NONUNIQUE,NORMAL,VALID,NO,N,VISIBLE
SYS,I_MLOG#,SYS,C_MLOG#,UNIQUE,CLUSTER,VALID,NO,N,VISIBLE
SYS,I_OBJ#,SYS,C_OBJ#,UNIQUE,CLUSTER,VALID,NO,N,VISIBLE
SYS,I_OBJ#_INTCOL#,SYS,C_OBJ#_INTCOL#,UNIQUE,CLUSTER,VALID,NO,N,VISIBLE
SYS,I_CODEAUTH1,SYS,CODEAUTH$,UNIQUE,NORMAL,VALID,NO,N,VISIBLE
SYS,I_COL1,SYS,COL$,UNIQUE,NORMAL,VALID,NO,N,VISIBLE
SYS,I_COL2,SYS,COL$,NONUNIQUE,NORMAL,VALID,NO,N,VISIBLE
SYS,I_COL3,SYS,COL$,UNIQUE,NORMAL,VALID,NO,N,VISIBLE
SYS,PK_COL_GROUP_USAGE$,SYS,COL_GROUP_USAGE$,UNIQUE,NORMAL,VALID,NO,N,VISIBLE
SYS,COLLELEMIND,SYS,COLLECTION$,NONUNIQUE,NORMAL,VALID,NO,N,VISIBLE
SYS,COLLIND,SYS,COLLECTION$,NONUNIQUE,NORMAL,VALID,NO,N,VISIBLE
SYS,I_COLLECTION1,SYS,COLLECTION$,UNIQUE,NORMAL,VALID,NO,N,VISIBLE
SYS,I_COLLECTION2,SYS,COLLECTION$,NONUNIQUE,NORMAL,VALID,NO,N,VISIBLE
SYS,I_COLTYPE1,SYS,COLTYPE$,NONUNIQUE,NORMAL,VALID,NO,N,VISIBLE
SYS,I_COLTYPE2,SYS,COLTYPE$,UNIQUE,NORMAL,VALID,NO,N,VISIBLE
SYS,I_COLUMNSTAT$,SYS,COLUMN_STAT$,NONUNIQUE,NORMAL,VALID,NO,N,VISIBLE
SYS,I_COL_USAGE$,SYS,COL_USAGE$,UNIQUE,NORMAL,VALID,NO,N,VISIBLE
SYS,I_COM1,SYS,COM$,UNIQUE,NORMAL,VALID,NO,N,VISIBLE
SYS,CMP_UNIQ_IDX1,SYS,COMPARISON$,UNIQUE,NORMAL,VALID,NO,N,VISIBLE
SYS,CMP_UNIQ_IDX2,SYS,COMPARISON$,UNIQUE,NORMAL,VALID,NO,N,VISIBLE
SYS,CMPCOL_UNIQ_IDX1,SYS,COMPARISON_COL$,NONUNIQUE,NORMAL,VALID,NO,N,VISIBLE
SYS,CMP_ROW_DIF_UNIQ_IDX_1,SYS,COMPARISON_ROW_DIF$,UNIQUE,NORMAL,VALID,NO,N,VISIBLE
SYS,CMP_ROW_DIF_UNIQ_IDX_2,SYS,COMPARISON_ROW_DIF$,UNIQUE,NORMAL,VALID,NO,N,VISIBLE
SYS,CMP_SCAN_UNIQ_IDX,SYS,COMPARISON_SCAN$,UNIQUE,NORMAL,VALID,NO,N,VISIBLE
SYS,CMP_SCAN_VAL_UNIQ_IDX,SYS,COMPARISON_SCAN_VAL$,UNIQUE,NORMAL,VALID,NO,N,VISIBLE
SYS,I_COMPRESSION1,SYS,COMPRESSION$,UNIQUE,NORMAL,VALID,NO,N,VISIBLE
SYS,SYS_IL0000000338C00017$$,SYS,COMPRESSION$,UNIQUE,LOB,VALID,NO,N,VISIBLE
SYS,I_CON1,SYS,CON$,UNIQUE,NORMAL,VALID,NO,N,VISIBLE
SYS,I_CON2,SYS,CON$,UNIQUE,NORMAL,VALID,NO,N,VISIBLE
SYS,I_CONDATA1,SYS,CONDATA$,UNIQUE,NORMAL,VALID,NO,N,VISIBLE
SYS,I_CONDATA2,SYS,CONDATA$,NONUNIQUE,NORMAL,VALID,NO,N,VISIBLE
SYS,I_CONDATA3,SYS,CONDATA$,NONUNIQUE,NORMAL,VALID,NO,N,VISIBLE
SYS,I_SQLSVC$,SYS,CONNECTION_TESTS$,UNIQUE,NORMAL,VALID,NO,N,VISIBLE
SYS,CONS_ATTR$_PK,SYS,CONS_ATTR$,UNIQUE,NORMAL,VALID,NO,N,VISIBLE
SYS,CONS_LOG$_PK,SYS,CONS_LOG$,UNIQUE,NORMAL,VALID,NO,N,VISIBLE
SYS,CONS_PEER$_PK,SYS,CONS_PEER$,UNIQUE,NORMAL,VALID,NO,N,VISIBLE
SYS,I_CONTAINER1,SYS,CONTAINER$,UNIQUE,NORMAL,VALID,NO,N,VISIBLE
SYS,I_CONTAINER2,SYS,CONTAINER$,UNIQUE,NORMAL,VALID,NO,N,VISIBLE
SYS,I_CONTAINER3,SYS,CONTAINER$,UNIQUE,NORMAL,VALID,NO,N,VISIBLE
SYS,SYS_IL0000000162C00038$$,SYS,CONTAINER$,UNIQUE,LOB,VALID,NO,N,VISIBLE
SYS,I_CONTEXT,SYS,CONTEXT$,UNIQUE,NORMAL,VALID,NO,N,VISIBLE
SYS,CPOOL$_UI,SYS,CPOOL$,UNIQUE,NORMAL,VALID,NO,N,VISIBLE
SYS,AQ$_CQN_EVENT_TABLE_I,SYS,CQN_EVENT_TABLE,NONUNIQUE,NORMAL,VALID,NO,N,VISIBLE
SYS,AQ$_CQN_EVENT_TABLE_T,SYS,CQN_EVENT_TABLE,NONUNIQUE,NORMAL,VALID,NO,N,VISIBLE
SYS,SYS_C006128,SYS,CQN_EVENT_TABLE,UNIQUE,NORMAL,VALID,NO,N,VISIBLE
SYS,SYS_IL0000021678C00045$$,SYS,CQN_EVENT_TABLE,UNIQUE,LOB,VALID,NO,N,VISIBLE
SYS,SYS_IL0000021678C00047$$,SYS,CQN_EVENT_TABLE,UNIQUE,LOB,VALID,NO,N,VISIBLE
SYS,CRC$_RCSTATSPK,SYS,CRC$_RESULT_CACHE_STATS,UNIQUE,NORMAL,VALID,NO,N,VISIBLE
SYS,I_RG#,SYS,C_RG#,UNIQUE,CLUSTER,VALID,NO,N,VISIBLE
SYS,I_TOID_VERSION#,SYS,C_TOID_VERSION#,UNIQUE,CLUSTER,VALID,NO,N,VISIBLE
SYS,I_TS#,SYS,C_TS#,UNIQUE,CLUSTER,VALID,NO,N,VISIBLE
SYS,I_USER#,SYS,C_USER#,UNIQUE,CLUSTER,VALID,NO,N,VISIBLE
SYS,SYS_C00811,SYS,DAM_CLEANUP_EVENTS$,UNIQUE,NORMAL,VALID,NO,N,VISIBLE
SYS,SYS_C00807,SYS,DAM_CLEANUP_JOBS$,UNIQUE,NORMAL,VALID,NO,N,VISIBLE
SYS,I_DAM_CONFIG_PARAM$,SYS,DAM_CONFIG_PARAM$,UNIQUE,NORMAL,VALID,NO,N,VISIBLE
SYS,I_DAM_LAST_ARCH_TS$,SYS,DAM_LAST_ARCH_TS$,UNIQUE,NORMAL,VALID,NO,N,VISIBLE
SYS,SYS_C00796,SYS,DAM_PARAM_TAB$,UNIQUE,NORMAL,VALID,NO,N,VISIBLE
SYS,DATA_GUARD_SITE$UK,SYS,DATA_GUARD_SITE$,UNIQUE,NORMAL,VALID,NO,N,VISIBLE
SYS,SYS_C006025,SYS,DATA_GUARD_SITE$,UNIQUE,NORMAL,VALID,NO,N,VISIBLE
SYS,SYS_IL0000009364C00036$$,SYS,DATA_PUMP_XPL_TABLE$,UNIQUE,LOB,VALID,NO,Y,VISIBLE
SYS,SYS_C003361,SYS,DBFS$_CLIENTS,UNIQUE,NORMAL,VALID,NO,N,VISIBLE
SYS,I1_DBFS_HS$_BACKUPFILETABLE,SYS,DBFS_HS$_BACKUPFILETABLE,NONUNIQUE,NORMAL,VALID,NO,N,VISIBLE
SYS,I2_DBFS_HS$_BACKUPFILETABLE,SYS,DBFS_HS$_BACKUPFILETABLE,NONUNIQUE,NORMAL,VALID,NO,N,VISIBLE
SYS,SYS_C003458,SYS,DBFS_HS$_CONTENTFNMAPTBL,UNIQUE,NORMAL,VALID,NO,N,VISIBLE
SYS,SYS_C003452,SYS,DBFS_HS$_FS,UNIQUE,NORMAL,VALID,NO,N,VISIBLE
SYS,I1_DBFS_HS$_SFLOCATORTABLE,SYS,DBFS_HS$_SFLOCATORTABLE,NONUNIQUE,NORMAL,VALID,NO,N,VISIBLE
SYS,I2_DBFS_HS$_SFLOCATORTABLE,SYS,DBFS_HS$_SFLOCATORTABLE,NONUNIQUE,NORMAL,VALID,NO,N,VISIBLE
SYS,I1_DBFS_HS$_STORECOMMANDS,SYS,DBFS_HS$_STORECOMMANDS,NONUNIQUE,NORMAL,VALID,NO,N,VISIBLE
SYS,SYS_C003460,SYS,DBFS_HS$_STOREIDTABLE,UNIQUE,NORMAL,VALID,NO,N,VISIBLE
SYS,I1_DBFS_HS$_STOREID2POLICYCTX,SYS,DBFS_HS$_STOREID2POLICYCTX,NONUNIQUE,NORMAL,VALID,NO,N,VISIBLE
SYS,I2_DBFS_HS$_STOREID2POLICYCTX,SYS,DBFS_HS$_STOREID2POLICYCTX,NONUNIQUE,NORMAL,VALID,NO,N,VISIBLE
SYS,I1_DBFS_HS$_STOREPROPERTIES,SYS,DBFS_HS$_STOREPROPERTIES,NONUNIQUE,NORMAL,VALID,NO,N,VISIBLE
SYS,IS_DBFS$_MOUNTS,SYS,DBFS$_MOUNTS,UNIQUE,FUNCTION-BASED NORMAL,VALID,NO,N,VISIBLE
SYS,SYS_C003356,SYS,DBFS$_MOUNTS,UNIQUE,NORMAL,VALID,NO,N,VISIBLE
SYS,SYS_C003357,SYS,DBFS$_MOUNTS,UNIQUE,NORMAL,VALID,NO,N,VISIBLE
SYS,SYS_C003401,SYS,DBFS_SFS$_FS,UNIQUE,NORMAL,VALID,NO,N,VISIBLE
SYS,SYS_C003402,SYS,DBFS_SFS$_FS,UNIQUE,NORMAL,VALID,NO,N,VISIBLE
SYS,SYS_C003419,SYS,DBFS_SFS$_FST,UNIQUE,NORMAL,VALID,NO,N,VISIBLE
SYS,SYS_C003420,SYS,DBFS_SFS$_FST,UNIQUE,NORMAL,VALID,NO,N,VISIBLE
SYS,SYS_C003421,SYS,DBFS_SFS$_FST,UNIQUE,NORMAL,VALID,NO,N,VISIBLE
SYS,SYS_IL0000010475C00007$$,SYS,DBFS_SFS$_FST,UNIQUE,LOB,VALID,NO,N,VISIBLE
SYS,SYS_C003445,SYS,DBFS_SFS$_FSTO,UNIQUE,NORMAL,VALID,NO,N,VISIBLE
SYS,SYS_C003446,SYS,DBFS_SFS$_FSTO,UNIQUE,NORMAL,VALID,NO,N,VISIBLE
SYS,SYS_C003447,SYS,DBFS_SFS$_FSTO,UNIQUE,NORMAL,VALID,NO,N,VISIBLE
SYS,SYS_C003448,SYS,DBFS_SFS$_FSTO,UNIQUE,NORMAL,VALID,NO,N,VISIBLE
SYS,SYS_IL0000010486C00007$$,SYS,DBFS_SFS$_FSTO,UNIQUE,LOB,VALID,NO,N,VISIBLE
SYS,SYS_C003428,SYS,DBFS_SFS$_FSTP,UNIQUE,NORMAL,VALID,NO,N,VISIBLE
SYS,SYS_C003394,SYS,DBFS_SFS$_SNAP,UNIQUE,NORMAL,VALID,NO,N,VISIBLE
SYS,SYS_C003375,SYS,DBFS_SFS$_TAB,UNIQUE,NORMAL,VALID,NO,N,VISIBLE
SYS,SYS_C003376,SYS,DBFS_SFS$_TAB,UNIQUE,NORMAL,VALID,NO,N,VISIBLE
SYS,SYS_C003377,SYS,DBFS_SFS$_TAB,UNIQUE,NORMAL,VALID,NO,N,VISIBLE
SYS,SYS_C003385,SYS,DBFS_SFS$_VOL,UNIQUE,NORMAL,VALID,NO,N,VISIBLE
SYS,SYS_C003368,SYS,DBFS$_STATS,UNIQUE,NORMAL,VALID,NO,N,VISIBLE
SYS,SYS_C003352,SYS,DBFS$_STORES,UNIQUE,NORMAL,VALID,NO,N,VISIBLE
SYS,SYS_C005881,SYS,DBMS_ALERT_INFO,UNIQUE,NORMAL,VALID,NO,N,VISIBLE
SYS,DBMS_LOCK_EXPIRATION_IND,SYS,DBMS_LOCK_ALLOCATED,NONUNIQUE,NORMAL,VALID,NO,N,VISIBLE
SYS,SYS_C005879,SYS,DBMS_LOCK_ALLOCATED,UNIQUE,NORMAL,VALID,NO,N,VISIBLE
SYS,SYS_C005880,SYS,DBMS_LOCK_ALLOCATED,UNIQUE,NORMAL,VALID,NO,N,VISIBLE
SYS,I_DBMS_PARALLEL_EXECUTE_CHUNKS,SYS,DBMS_PARALLEL_EXECUTE_CHUNKS$,NONUNIQUE,NORMAL,VALID,NO,N,VISIBLE
SYS,I_DBMS_PARALLEL_EXECUTE_CHUNK1,SYS,DBMS_PARALLEL_EXECUTE_CHUNKS$,UNIQUE,NORMAL,VALID,NO,N,VISIBLE
SYS,PK_DBMS_PARALLEL_EXECUTE_1,SYS,DBMS_PARALLEL_EXECUTE_TASK$,UNIQUE,NORMAL,VALID,NO,N,VISIBLE
SYS,SYS_IL0000010358C00011$$,SYS,DBMS_PARALLEL_EXECUTE_TASK$,UNIQUE,LOB,VALID,NO,N,VISIBLE
SYS,DBMS_SQLPATCH_STATE_PK,SYS,DBMS_SQLPATCH_STATE,UNIQUE,NORMAL,VALID,NO,N,VISIBLE
SYS,SYS_IL0000075079C00009$$,SYS,DBMS_SQLPATCH_STATE,UNIQUE,LOB,VALID,NO,N,VISIBLE
SYS,SYS_IL0000075079C00010$$,SYS,DBMS_SQLPATCH_STATE,UNIQUE,LOB,VALID,NO,N,VISIBLE
SYS,SYS_IL0000075079C00024$$,SYS,DBMS_SQLPATCH_STATE,UNIQUE,LOB,VALID,NO,N,VISIBLE
SYS,SYS_IL0000075079C00029$$,SYS,DBMS_SQLPATCH_STATE,UNIQUE,LOB,VALID,NO,N,VISIBLE
SYS,SYS_C006422,SYS,DDL_REQUESTS,UNIQUE,NORMAL,VALID,NO,N,VISIBLE
SYS,SYS_IL0000021993C00002$$,SYS,DDL_REQUESTS,UNIQUE,LOB,VALID,NO,N,VISIBLE
SYS,SYS_IL0000021993C00010$$,SYS,DDL_REQUESTS,UNIQUE,LOB,VALID,NO,N,VISIBLE
SYS,SYS_IL0000021993C00014$$,SYS,DDL_REQUESTS,UNIQUE,LOB,VALID,NO,N,VISIBLE
SYS,SYS_IL0000021993C00018$$,SYS,DDL_REQUESTS,UNIQUE,LOB,VALID,NO,N,VISIBLE
SYS,I_DEFAULT_PWD,SYS,DEFAULT_PWD$,UNIQUE,NORMAL,VALID,NO,N,VISIBLE
SYS,I_DEFERRED_STG1,SYS,DEFERRED_STG$,UNIQUE,NORMAL,VALID,NO,N,VISIBLE
SYS,I_DEFROLE1,SYS,DEFROLE$,UNIQUE,NORMAL,VALID,NO,N,VISIBLE
SYS,I_DEFSUBPART$,SYS,DEFSUBPART$,UNIQUE,NORMAL,VALID,NO,N,VISIBLE
SYS,SYS_IL0000000872C00008$$,SYS,DEFSUBPART$,UNIQUE,LOB,VALID,NO,N,VISIBLE
SYS,I_DEFSUBPARTLOB$,SYS,DEFSUBPARTLOB$,UNIQUE,NORMAL,VALID,NO,N,VISIBLE
SYS,I_DEPENDENCY1,SYS,DEPENDENCY$,UNIQUE,NORMAL,VALID,NO,N,VISIBLE
SYS,I_DEPENDENCY2,SYS,DEPENDENCY$,NONUNIQUE,NORMAL,VALID,NO,N,VISIBLE
SYS,DGPDB_SITE$PK,SYS,DGPDB_SITE$,UNIQUE,NORMAL,VALID,NO,N,VISIBLE
SYS,DGPDB_SITE$UK1,SYS,DGPDB_SITE$,UNIQUE,NORMAL,VALID,NO,N,VISIBLE
SYS,I_DIANA_VERSION,SYS,DIANA_VERSION$,UNIQUE,NORMAL,VALID,NO,N,VISIBLE
SYS,I_DIM$_1,SYS,DIM$,UNIQUE,NORMAL,VALID,NO,N,VISIBLE
SYS,I_DIMATTR$_1,SYS,DIMATTR$,NONUNIQUE,NORMAL,VALID,NO,N,VISIBLE
SYS,I_DIMATTR$_2,SYS,DIMATTR$,NONUNIQUE,NORMAL,VALID,NO,N,VISIBLE
SYS,I_DIMJOINKEY$_1,SYS,DIMJOINKEY$,NONUNIQUE,NORMAL,VALID,NO,N,VISIBLE
SYS,I_DIMJOINKEY$_2,SYS,DIMJOINKEY$,NONUNIQUE,NORMAL,VALID,NO,N,VISIBLE
SYS,I_DIMLEVEL$_1,SYS,DIMLEVEL$,UNIQUE,NORMAL,VALID,NO,N,VISIBLE
SYS,I_DIMLEVELKEY$_1,SYS,DIMLEVELKEY$,NONUNIQUE,NORMAL,VALID,NO,N,VISIBLE
SYS,I_DIMLEVELKEY$_2,SYS,DIMLEVELKEY$,NONUNIQUE,NORMAL,VALID,NO,N,VISIBLE
SYS,I_DIR1,SYS,DIR$,UNIQUE,NORMAL,VALID,NO,N,VISIBLE
SYS,I_DIR$ALERT_HISTORY_ACTION_ID,SYS,DIR$ALERT_HISTORY,NONUNIQUE,NORMAL,VALID,NO,N,VISIBLE
SYS,I_DIR$ALERT_HISTORY_AT,SYS,DIR$ALERT_HISTORY,NONUNIQUE,NORMAL,VALID,NO,N,VISIBLE
SYS,I_DIR$ALERT_HISTORY_NAME,SYS,DIR$ALERT_HISTORY,NONUNIQUE,NORMAL,VALID,NO,N,VISIBLE
SYS,I_DIR$ALERT_HISTORY_REASON_ID,SYS,DIR$ALERT_HISTORY,NONUNIQUE,NORMAL,VALID,NO,N,VISIBLE
SYS,I_DIR$DB_ATTRIBUTES_UI,SYS,DIR$DATABASE_ATTRIBUTES,UNIQUE,NORMAL,VALID,NO,N,VISIBLE
SYS,I_DIR$ESCALATE_ALERT_SEQ_ID,SYS,DIR$ESCALATE_OPERATIONS,NONUNIQUE,NORMAL,VALID,NO,N,VISIBLE
SYS,I_DIR$ESCALATE_END_TIME,SYS,DIR$ESCALATE_OPERATIONS,NONUNIQUE,NORMAL,VALID,NO,N,VISIBLE
SYS,I_DIR$ESCALATE_STATUS,SYS,DIR$ESCALATE_OPERATIONS,NONUNIQUE,NORMAL,VALID,NO,N,VISIBLE
SYS,I_DIR$ESCALATE_UI,SYS,DIR$ESCALATE_OPERATIONS,UNIQUE,NORMAL,VALID,NO,N,VISIBLE
SYS,I_DIR$INSTANCE_ACTTYP,SYS,DIR$INSTANCE_ACTIONS,NONUNIQUE,NORMAL,VALID,NO,N,VISIBLE
SYS,I_DIR$INSTANCE_END_TIME,SYS,DIR$INSTANCE_ACTIONS,NONUNIQUE,NORMAL,VALID,NO,N,VISIBLE
SYS,I_DIR$INSTANCE_JOB_NAME,SYS,DIR$INSTANCE_ACTIONS,NONUNIQUE,NORMAL,VALID,NO,N,VISIBLE
SYS,I_DIR$MIGRATE_ALERT_SEQ_ID,SYS,DIR$MIGRATE_OPERATIONS,NONUNIQUE,NORMAL,VALID,NO,N,VISIBLE
SYS,I_DIR$MIGRATE_END_TIME,SYS,DIR$MIGRATE_OPERATIONS,NONUNIQUE,NORMAL,VALID,NO,N,VISIBLE
SYS,I_DIR$MIGRATE_STATUS,SYS,DIR$MIGRATE_OPERATIONS,NONUNIQUE,NORMAL,VALID,NO,N,VISIBLE
SYS,I_DIR$MIGRATE_UI,SYS,DIR$MIGRATE_OPERATIONS,UNIQUE,NORMAL,VALID,NO,N,VISIBLE
SYS,I_DIR$NODE_ATTRIBUTES_ATTR,SYS,DIR$NODE_ATTRIBUTES,NONUNIQUE,NORMAL,VALID,NO,N,VISIBLE
SYS,I_DIR$QUIESCE_ALERT_SEQ_ID,SYS,DIR$QUIESCE_OPERATIONS,NONUNIQUE,NORMAL,VALID,NO,N,VISIBLE
SYS,I_DIR$QUIESCE_END_TIME,SYS,DIR$QUIESCE_OPERATIONS,NONUNIQUE,NORMAL,VALID,NO,N,VISIBLE
SYS,I_DIR$QUIESCE_STATUS,SYS,DIR$QUIESCE_OPERATIONS,NONUNIQUE,NORMAL,VALID,NO,N,VISIBLE
SYS,I_DIR$QUIESCE_UI,SYS,DIR$QUIESCE_OPERATIONS,UNIQUE,NORMAL,VALID,NO,N,VISIBLE
SYS,I_DIR$REASON_STRINGS_UI,SYS,DIR$REASON_STRINGS,UNIQUE,NORMAL,VALID,NO,N,VISIBLE
SYS,I_DIR$RESONATE_ALERT_NAME,SYS,DIR$RESONATE_OPERATIONS,NONUNIQUE,NORMAL,VALID,NO,N,VISIBLE
SYS,I_DIR$RESONATE_END_TIME,SYS,DIR$RESONATE_OPERATIONS,NONUNIQUE,NORMAL,VALID,NO,N,VISIBLE
SYS,I_DIR$RESONATE_STATUS,SYS,DIR$RESONATE_OPERATIONS,NONUNIQUE,NORMAL,VALID,NO,N,VISIBLE
SYS,I_DIR$RESONATE_UI,SYS,DIR$RESONATE_OPERATIONS,UNIQUE,NORMAL,VALID,NO,N,VISIBLE
SYS,I_DIR$SERVICE_ATTRIBUTES_ATTR,SYS,DIR$SERVICE_ATTRIBUTES,NONUNIQUE,NORMAL,VALID,NO,N,VISIBLE
SYS,I_DIR$SERVICE_ATTRIBUTES_UI,SYS,DIR$SERVICE_ATTRIBUTES,UNIQUE,NORMAL,VALID,NO,N,VISIBLE
SYS,I_DIR$SERVICE_ALERT_SEQ_ID,SYS,DIR$SERVICE_OPERATIONS,NONUNIQUE,NORMAL,VALID,NO,N,VISIBLE
SYS,I_DIR$SERVICE_END_TIME,SYS,DIR$SERVICE_OPERATIONS,NONUNIQUE,NORMAL,VALID,NO,N,VISIBLE
SYS,I_DIR$SERVICE_STATUS,SYS,DIR$SERVICE_OPERATIONS,NONUNIQUE,NORMAL,VALID,NO,N,VISIBLE
SYS,I_DIR$SERVICE_UI,SYS,DIR$SERVICE_OPERATIONS,UNIQUE,NORMAL,VALID,NO,N,VISIBLE
SYS,I_DUC,SYS,DUC$,UNIQUE,NORMAL,VALID,NO,N,VISIBLE
SYS,ECOL_IX1,SYS,ECOL$,NONUNIQUE,NORMAL,VALID,NO,N,VISIBLE
SYS,SYS_IL0000000152C00003$$,SYS,ECOL$,UNIQUE,LOB,VALID,NO,N,VISIBLE
SYS,SYS_IL0000000128C00004$$,SYS,EDITION$,UNIQUE,LOB,VALID,NO,N,VISIBLE
SYS,ENC_IDX,SYS,ENC$,UNIQUE,NORMAL,VALID,NO,N,VISIBLE
SYS,EPG$_AUTH_PK,SYS,EPG$_AUTH,UNIQUE,NORMAL,VALID,NO,N,VISIBLE
SYS,I_ERROR1,SYS,ERROR$,NONUNIQUE,NORMAL,VALID,NO,N,VISIBLE
SYS,I_EV1,SYS,EV$,UNIQUE,NORMAL,VALID,NO,N,VISIBLE
SYS,I_EV2,SYS,EV$,UNIQUE,NORMAL,VALID,NO,N,VISIBLE
SYS,I_EVCOL1,SYS,EVCOL$,UNIQUE,NORMAL,VALID,NO,N,VISIBLE
SYS,I_ACTOBJ,SYS,EXPDEPACT$,UNIQUE,NORMAL,VALID,NO,N,VISIBLE
SYS,I_DEPENDOBJ,SYS,EXPDEPOBJ$,NONUNIQUE,NORMAL,VALID,NO,N,VISIBLE
SYS,I_PARENTOBJ,SYS,EXPDEPOBJ$,NONUNIQUE,NORMAL,VALID,NO,N,VISIBLE
SYS,I_EXP_HEAD$,SYS,EXP_HEAD$,UNIQUE,NORMAL,VALID,NO,N,VISIBLE
SYS,SYS_IL0000001373C00003$$,SYS,EXPIMP_TTS_CT$,UNIQUE,LOB,VALID,NO,N,VISIBLE
SYS,I_EXP_OBJ$,SYS,EXP_OBJ$,UNIQUE,NORMAL,VALID,NO,N,VISIBLE
SYS,I_ACTPACKAGE,SYS,EXPPKGACT$,UNIQUE,NORMAL,VALID,NO,N,VISIBLE
SYS,I_OBJTYPE,SYS,EXPPKGOBJ$,UNIQUE,NORMAL,VALID,NO,N,VISIBLE
SYS,I_EXP_STAT$,SYS,EXP_STAT$,NONUNIQUE,NORMAL,VALID,NO,N,VISIBLE
SYS,I_EXTERNAL_LOCATION1$,SYS,EXTERNAL_LOCATION$,UNIQUE,NORMAL,VALID,NO,N,VISIBLE
SYS,I_EXTERNAL_TAB1$,SYS,EXTERNAL_TAB$,UNIQUE,NORMAL,VALID,NO,N,VISIBLE
SYS,SYS_IL0000001402C00007$$,SYS,EXTERNAL_TAB$,UNIQUE,LOB,VALID,NO,N,VISIBLE
SYS,SYS_IL0000001402C00008$$,SYS,EXTERNAL_TAB$,UNIQUE,LOB,VALID,NO,N,VISIBLE
SYS,I_FED_APPS$,SYS,FED$APPS,NONUNIQUE,NORMAL,VALID,NO,N,VISIBLE
SYS,I_FED_BINDS$,SYS,FED$BINDS,UNIQUE,NORMAL,VALID,NO,N,VISIBLE
SYS,SYS_IL0000000236C00007$$,SYS,FED$BINDS,UNIQUE,LOB,VALID,NO,N,VISIBLE
SYS,SYS_IL0000000236C00014$$,SYS,FED$BINDS,UNIQUE,LOB,VALID,NO,N,VISIBLE
SYS,SYS_IL0000000236C00015$$,SYS,FED$BINDS,UNIQUE,LOB,VALID,NO,N,VISIBLE
SYS,I_FED_PATCHES$,SYS,FED$PATCHES,UNIQUE,NORMAL,VALID,NO,N,VISIBLE
SYS,I_FGA,SYS,FGA$,NONUNIQUE,NORMAL,VALID,NO,N,VISIBLE
SYS,I_FGAP,SYS,FGA$,UNIQUE,NORMAL,VALID,NO,N,VISIBLE
SYS,I_FGACOL,SYS,FGACOL$,UNIQUE,NORMAL,VALID,NO,N,VISIBLE
SYS,SYS_IL0000000619C00013$$,SYS,FGA_LOG$,UNIQUE,LOB,VALID,NO,N,VISIBLE
SYS,SYS_IL0000000619C00028$$,SYS,FGA_LOG$,UNIQUE,LOB,VALID,NO,N,VISIBLE
SYS,SYS_IL0000000619C00030$$,SYS,FGA_LOG$,UNIQUE,LOB,VALID,NO,N,VISIBLE
SYS,SYS_IL0000008476C00013$$,SYS,FGA_LOG$FOR_EXPORT_TBL,UNIQUE,LOB,VALID,NO,N,VISIBLE
SYS,SYS_IL0000008476C00027$$,SYS,FGA_LOG$FOR_EXPORT_TBL,UNIQUE,LOB,VALID,NO,N,VISIBLE
SYS,SYS_IL0000008476C00029$$,SYS,FGA_LOG$FOR_EXPORT_TBL,UNIQUE,LOB,VALID,NO,N,VISIBLE
SYS,I_FGR$_FILE_GROUP_EXPORT_INFO1,SYS,FGR$_FILE_GROUP_EXPORT_INFO,UNIQUE,NORMAL,VALID,NO,N,VISIBLE
SYS,I_FGR$_FILE_GROUP_FILES1,SYS,FGR$_FILE_GROUP_FILES,UNIQUE,NORMAL,VALID,NO,N,VISIBLE
SYS,I_FGR$_FILE_GROUP_FILES2,SYS,FGR$_FILE_GROUP_FILES,NONUNIQUE,NORMAL,VALID,NO,N,VISIBLE
SYS,I_FGR$_FILE_GROUPS1,SYS,FGR$_FILE_GROUPS,UNIQUE,NORMAL,VALID,NO,N,VISIBLE
SYS,I_FGR$_FILE_GROUP_VERSIONS1,SYS,FGR$_FILE_GROUP_VERSIONS,UNIQUE,NORMAL,VALID,NO,N,VISIBLE
SYS,I_FGR$_FILE_GROUP_VERSIONS2,SYS,FGR$_FILE_GROUP_VERSIONS,UNIQUE,NORMAL,VALID,NO,N,VISIBLE
SYS,I_FGR$_FILE_GROUP_VERSIONS3,SYS,FGR$_FILE_GROUP_VERSIONS,UNIQUE,NORMAL,VALID,NO,N,VISIBLE
SYS,I_FGR$_TABLE_INFO1,SYS,FGR$_TABLE_INFO,UNIQUE,NORMAL,VALID,NO,N,VISIBLE
SYS,I_FGR$_TABLE_INFO2,SYS,FGR$_TABLE_INFO,NONUNIQUE,NORMAL,VALID,NO,N,VISIBLE
SYS,I_FGR$_TABLE_INFO3,SYS,FGR$_TABLE_INFO,NONUNIQUE,NORMAL,VALID,NO,N,VISIBLE
SYS,I_FGR$_TABLESPACE_INFO1,SYS,FGR$_TABLESPACE_INFO,UNIQUE,NORMAL,VALID,NO,N,VISIBLE
SYS,I_FGR$_TABLESPACE_INFO2,SYS,FGR$_TABLESPACE_INFO,NONUNIQUE,NORMAL,VALID,NO,N,VISIBLE
SYS,I_FILE1,SYS,FILE$,UNIQUE,NORMAL,VALID,NO,N,VISIBLE
SYS,I_FILE2,SYS,FILE$,UNIQUE,NORMAL,VALID,NO,N,VISIBLE
SYS,I_FIXED_OBJ$_OBJ#,SYS,FIXED_OBJ$,UNIQUE,NORMAL,VALID,NO,N,VISIBLE
SYS,FOREIGN_REDO_SOURCE_PK1,SYS,FOREIGN_REDO_SOURCE,UNIQUE,NORMAL,VALID,NO,N,VISIBLE
SYS,FOREIGN_REDO_SOURCE_UK1,SYS,FOREIGN_REDO_SOURCE,UNIQUE,NORMAL,VALID,NO,N,VISIBLE
SYS,FOREIGN_SOURCE_PARAMETER_PK,SYS,FOREIGN_REDO_SOURCE_PARAMETER,UNIQUE,NORMAL,VALID,NO,N,VISIBLE
SYS,I_GG_PROCEDURE_ANNOTATION,SYS,GG$_PROCEDURE_ANNOTATION,NONUNIQUE,NORMAL,VALID,NO,N,VISIBLE
SYS,I_GG_PROC_OBJECT_EXCLUSION,SYS,GG$_PROC_OBJECT_EXCLUSION,NONUNIQUE,NORMAL,VALID,NO,N,VISIBLE
SYS,I_GOLDENGATE$_CONTAINER_RULES,SYS,GOLDENGATE$_CONTAINER_RULES,UNIQUE,NORMAL,VALID,NO,N,VISIBLE
SYS,GOLDENGATE$_PRIVILEGES_I,SYS,GOLDENGATE$_PRIVILEGES,UNIQUE,NORMAL,VALID,NO,N,VISIBLE
SYS,SYS_IL0000008489C00031$$,SYS,GV_$UNIFIED_AUDIT_TRAIL_TBL,UNIQUE,LOB,VALID,NO,N,VISIBLE
SYS,SYS_IL0000008489C00032$$,SYS,GV_$UNIFIED_AUDIT_TRAIL_TBL,UNIQUE,LOB,VALID,NO,N,VISIBLE
SYS,SYS_IL0000008489C00099$$,SYS,GV_$UNIFIED_AUDIT_TRAIL_TBL,UNIQUE,LOB,VALID,NO,N,VISIBLE
SYS,NAME_PK,SYS,HANG_MANAGER_PARAMETERS,UNIQUE,NORMAL,VALID,NO,N,VISIBLE
SYS,I_HCS_AGGR_FN$_1,SYS,HCS_AGGR_FN$,UNIQUE,NORMAL,VALID,NO,N,VISIBLE
SYS,I_HCS_AGGR_FN_DIM$_1,SYS,HCS_AGGR_FN_DIM$,UNIQUE,NORMAL,VALID,NO,N,VISIBLE
SYS,I_HCS_AGGR_FN_DIM$_2,SYS,HCS_AGGR_FN_DIM$,UNIQUE,NORMAL,VALID,NO,N,VISIBLE
SYS,I_HCS_ANALYTIC_VIEW$_1,SYS,HCS_ANALYTIC_VIEW$,UNIQUE,NORMAL,VALID,NO,N,VISIBLE
SYS,I_HCS_AV_CLSFCTN$_1,SYS,HCS_AV_CLSFCTN$,UNIQUE,NORMAL,VALID,NO,N,VISIBLE
SYS,SYS_IL0000001714C00008$$,SYS,HCS_AV_CLSFCTN$,UNIQUE,LOB,VALID,NO,N,VISIBLE
SYS,I_HCS_AV_COL$_1,SYS,HCS_AV_COL$,UNIQUE,NORMAL,VALID,NO,N,VISIBLE
SYS,I_HCS_AV_COL$_2,SYS,HCS_AV_COL$,UNIQUE,NORMAL,VALID,NO,N,VISIBLE
SYS,I_HCS_AV_COL$_3,SYS,HCS_AV_COL$,UNIQUE,NORMAL,VALID,NO,N,VISIBLE
SYS,I_HCS_AV_DIM$_1,SYS,HCS_AV_DIM$,UNIQUE,NORMAL,VALID,NO,N,VISIBLE
SYS,SYS_IL0000001669C00008$$,SYS,HCS_AV_DIM$,UNIQUE,LOB,VALID,NO,N,VISIBLE
SYS,SYS_IL0000001669C00009$$,SYS,HCS_AV_DIM$,UNIQUE,LOB,VALID,NO,N,VISIBLE
SYS,SYS_IL0000001669C00010$$,SYS,HCS_AV_DIM$,UNIQUE,LOB,VALID,NO,N,VISIBLE
SYS,I_HCS_AV_DIM_ATTR$_1,SYS,HCS_AV_DIM_ATTR$,UNIQUE,NORMAL,VALID,NO,N,VISIBLE
SYS,I_HCS_AV_DIM_ATTR$_2,SYS,HCS_AV_DIM_ATTR$,UNIQUE,NORMAL,VALID,NO,N,VISIBLE
SYS,I_HCS_AV_FACT_COLUMN$_1,SYS,HCS_AV_FACT_COLUMN$,UNIQUE,NORMAL,VALID,NO,N,VISIBLE
SYS,I_HCS_AV_FACT_COLUMN$_2,SYS,HCS_AV_FACT_COLUMN$,UNIQUE,NORMAL,VALID,NO,N,VISIBLE
SYS,I_HCS_AV_HIER$_1,SYS,HCS_AV_HIER$,UNIQUE,NORMAL,VALID,NO,N,VISIBLE
SYS,I_HCS_AV_KEY$_1,SYS,HCS_AV_KEY$,UNIQUE,NORMAL,VALID,NO,N,VISIBLE
SYS,I_HCS_AV_LVL$_1,SYS,HCS_AV_LVL$,UNIQUE,NORMAL,VALID,NO,N,VISIBLE
SYS,I_HCS_AV_LVL$_2,SYS,HCS_AV_LVL$,UNIQUE,NORMAL,VALID,NO,N,VISIBLE
SYS,I_HCS_AV_LVLGRP_1,SYS,HCS_AV_LVLGRP$,UNIQUE,NORMAL,VALID,NO,N,VISIBLE
SYS,I_HCS_AV_LVLGRP_2,SYS,HCS_AV_LVLGRP$,UNIQUE,NORMAL,VALID,NO,N,VISIBLE
SYS,I_HCS_AV_MEAS$_1,SYS,HCS_AV_MEAS$,UNIQUE,NORMAL,VALID,NO,N,VISIBLE
SYS,SYS_IL0000001680C00007$$,SYS,HCS_AV_MEAS$,UNIQUE,LOB,VALID,NO,N,VISIBLE
SYS,I_HCS_CLSFCTN$_1,SYS,HCS_CLSFCTN$,UNIQUE,NORMAL,VALID,NO,N,VISIBLE
SYS,SYS_IL0000001710C00006$$,SYS,HCS_CLSFCTN$,UNIQUE,LOB,VALID,NO,N,VISIBLE
SYS,I_HCS_DIM$_1,SYS,HCS_DIM$,UNIQUE,NORMAL,VALID,NO,N,VISIBLE
SYS,SYS_IL0000001622C00003$$,SYS,HCS_DIM$,UNIQUE,LOB,VALID,NO,N,VISIBLE
SYS,SYS_IL0000001622C00004$$,SYS,HCS_DIM$,UNIQUE,LOB,VALID,NO,N,VISIBLE
SYS,SYS_IL0000001622C00005$$,SYS,HCS_DIM$,UNIQUE,LOB,VALID,NO,N,VISIBLE
SYS,I_HCS_DIM_ATTR$_1,SYS,HCS_DIM_ATTR$,UNIQUE,NORMAL,VALID,NO,N,VISIBLE
SYS,I_HCS_DIM_DTM_ATTR$_1,SYS,HCS_DIM_DTM_ATTR$,UNIQUE,NORMAL,VALID,NO,N,VISIBLE
SYS,I_HCS_DIM_DTM_ATTR$_2,SYS,HCS_DIM_DTM_ATTR$,UNIQUE,NORMAL,VALID,NO,N,VISIBLE
SYS,I_HCS_DIM_JOIN_PATH_1,SYS,HCS_DIM_JOIN_PATH$,UNIQUE,NORMAL,VALID,NO,N,VISIBLE
SYS,I_HCS_DIM_JOIN_PATH_2,SYS,HCS_DIM_JOIN_PATH$,UNIQUE,NORMAL,VALID,NO,N,VISIBLE
SYS,I_HCS_DIM_JOIN_PATH_3,SYS,HCS_DIM_JOIN_PATH$,UNIQUE,NORMAL,VALID,NO,N,VISIBLE
SYS,I_HCS_DIM_LVL$_1,SYS,HCS_DIM_LVL$,UNIQUE,NORMAL,VALID,NO,N,VISIBLE
SYS,SYS_IL0000001639C00004$$,SYS,HCS_DIM_LVL$,UNIQUE,LOB,VALID,NO,N,VISIBLE
SYS,SYS_IL0000001639C00005$$,SYS,HCS_DIM_LVL$,UNIQUE,LOB,VALID,NO,N,VISIBLE
SYS,SYS_IL0000001639C00006$$,SYS,HCS_DIM_LVL$,UNIQUE,LOB,VALID,NO,N,VISIBLE
SYS,I_HCS_DIM_LVL_KEY$_1,SYS,HCS_DIM_LVL_KEY$,UNIQUE,NORMAL,VALID,NO,N,VISIBLE
SYS,I_HCS_DIM_LVL_KEY_ATTR$_1,SYS,HCS_DIM_LVL_KEY_ATTR$,UNIQUE,NORMAL,VALID,NO,N,VISIBLE
SYS,I_HCS_HIERARCHY$_1,SYS,HCS_HIERARCHY$,UNIQUE,NORMAL,VALID,NO,N,VISIBLE
SYS,I_HCS_HIER_ATTR$_1,SYS,HCS_HIER_ATTR$,UNIQUE,NORMAL,VALID,NO,N,VISIBLE
SYS,SYS_IL0000001658C00004$$,SYS,HCS_HIER_ATTR$,UNIQUE,LOB,VALID,NO,N,VISIBLE
SYS,I_HCS_HIER_COL$_1,SYS,HCS_HIER_COL$,UNIQUE,NORMAL,VALID,NO,N,VISIBLE
SYS,I_HCS_HIER_COL$_2,SYS,HCS_HIER_COL$,UNIQUE,NORMAL,VALID,NO,N,VISIBLE
SYS,I_HCS_HIER_JOIN_PATH_1,SYS,HCS_HIER_JOIN_PATH$,UNIQUE,NORMAL,VALID,NO,N,VISIBLE
SYS,I_HCS_HIER_JOIN_PATH_2,SYS,HCS_HIER_JOIN_PATH$,UNIQUE,NORMAL,VALID,NO,N,VISIBLE
SYS,I_HCS_HR_LVL$_1,SYS,HCS_HR_LVL$,UNIQUE,NORMAL,VALID,NO,N,VISIBLE
SYS,I_HCS_HR_LVL_ID$_1,SYS,HCS_HR_LVL_ID$,UNIQUE,NORMAL,VALID,NO,N,VISIBLE
SYS,I_HCS_HR_LVL_ID$_2,SYS,HCS_HR_LVL_ID$,UNIQUE,NORMAL,VALID,NO,N,VISIBLE
SYS,I_HCS_JOIN_COND_ELEM$_1,SYS,HCS_JOIN_COND_ELEM$,UNIQUE,NORMAL,VALID,NO,N,VISIBLE
SYS,I_HCS_LVLGRP_LVLS_1,SYS,HCS_LVLGRP_LVLS$,UNIQUE,NORMAL,VALID,NO,N,VISIBLE
SYS,I_HCS_LVLGRP_LVLS_2,SYS,HCS_LVLGRP_LVLS$,UNIQUE,NORMAL,VALID,NO,N,VISIBLE
SYS,I_HCS_LVL_ORD$_1,SYS,HCS_LVL_ORD$,UNIQUE,NORMAL,VALID,NO,N,VISIBLE
SYS,I_HCS_LVL_ORD$_2,SYS,HCS_LVL_ORD$,UNIQUE,NORMAL,VALID,NO,N,VISIBLE
SYS,I_HCS_LVL_ORD$_3,SYS,HCS_LVL_ORD$,UNIQUE,NORMAL,VALID,NO,N,VISIBLE
SYS,I_HCS_MEASLST_MEASURES_1,SYS,HCS_MEASLST_MEASURES$,UNIQUE,NORMAL,VALID,NO,N,VISIBLE
SYS,I_HCS_MEASLST_MEASURES_2,SYS,HCS_MEASLST_MEASURES$,UNIQUE,NORMAL,VALID,NO,N,VISIBLE
SYS,I_HCS_SRC$_1,SYS,HCS_SRC$,UNIQUE,NORMAL,VALID,NO,N,VISIBLE
SYS,I_HCS_SRC$_2,SYS,HCS_SRC$,UNIQUE,NORMAL,VALID,NO,N,VISIBLE
SYS,I_HCS_SRC$_3,SYS,HCS_SRC$,UNIQUE,NORMAL,VALID,NO,N,VISIBLE
SYS,I_HCS_SRC$_4,SYS,HCS_SRC$,UNIQUE,NORMAL,VALID,NO,N,VISIBLE
SYS,I_HCS_SRC_COL$_1,SYS,HCS_SRC_COL$,UNIQUE,NORMAL,VALID,NO,N,VISIBLE
SYS,I_HCS_TBL$_1,SYS,HCS_TBL$,UNIQUE,NORMAL,VALID,NO,N,VISIBLE
SYS,I_HEATMAPEXTSTAT$,SYS,HEAT_MAP_EXTENT_STAT$,NONUNIQUE,NORMAL,VALID,NO,N,VISIBLE
SYS,SYS_IL0000007337C00010$$,SYS,HEAT_MAP_EXTENT_STAT$,UNIQUE,LOB,VALID,NO,N,VISIBLE
SYS,I_HEATMAPSTAT$,SYS,HEAT_MAP_STAT$,NONUNIQUE,NORMAL,VALID,NO,N,VISIBLE
SYS,I2_HEATMAPSTAT$,SYS,HEAT_MAP_STAT$,NONUNIQUE,NORMAL,VALID,NO,N,VISIBLE
SYS,I_HIER$_1,SYS,HIER$,UNIQUE,NORMAL,VALID,NO,N,VISIBLE
SYS,I_HIERLEVEL$_1,SYS,HIERLEVEL$,NONUNIQUE,NORMAL,VALID,NO,N,VISIBLE
SYS,I_H_OBJ#_COL#,SYS,HISTGRM$,NONUNIQUE,NORMAL,VALID,NO,N,VISIBLE
SYS,I_HH_OBJ#_COL#,SYS,HIST_HEAD$,NONUNIQUE,NORMAL,VALID,NO,N,VISIBLE
SYS,I_HH_OBJ#_INTCOL#,SYS,HIST_HEAD$,NONUNIQUE,NORMAL,VALID,NO,N,VISIBLE
SYS,HS$_BASE_CAPS_PK,SYS,HS$_BASE_CAPS,UNIQUE,NORMAL,VALID,NO,N,VISIBLE
SYS,HS$_BASE_DD_PK,SYS,HS$_BASE_DD,UNIQUE,NORMAL,VALID,NO,N,VISIBLE
SYS,HS$_BASE_DD_UK1,SYS,HS$_BASE_DD,UNIQUE,NORMAL,VALID,NO,N,VISIBLE
SYS,HS$_CLASS_CAPS_PK,SYS,HS$_CLASS_CAPS,UNIQUE,NORMAL,VALID,NO,N,VISIBLE
SYS,HS$_CLASS_CAPS_UK1,SYS,HS$_CLASS_CAPS,UNIQUE,NORMAL,VALID,NO,N,VISIBLE
SYS,HS$_CLASS_DD_PK,SYS,HS$_CLASS_DD,UNIQUE,NORMAL,VALID,NO,N,VISIBLE
SYS,HS$_CLASS_DD_UK1,SYS,HS$_CLASS_DD,UNIQUE,NORMAL,VALID,NO,N,VISIBLE
SYS,HS$_CLASS_INIT_PK,SYS,HS$_CLASS_INIT,UNIQUE,NORMAL,VALID,NO,N,VISIBLE
SYS,HS$_CLASS_INIT_UK1,SYS,HS$_CLASS_INIT,UNIQUE,NORMAL,VALID,NO,N,VISIBLE
SYS,HS$_FDS_CLASS_PK,SYS,HS$_FDS_CLASS,UNIQUE,NORMAL,VALID,NO,N,VISIBLE
SYS,HS$_FDS_CLASS_UK1,SYS,HS$_FDS_CLASS,UNIQUE,NORMAL,VALID,NO,N,VISIBLE
SYS,HS$_FDS_CLASS_DATE_UK1,SYS,HS$_FDS_CLASS_DATE,UNIQUE,NORMAL,VALID,NO,N,VISIBLE
SYS,HS$_FDS_INST_PK,SYS,HS$_FDS_INST,UNIQUE,NORMAL,VALID,NO,N,VISIBLE
SYS,HS$_FDS_INST_UK1,SYS,HS$_FDS_INST,UNIQUE,NORMAL,VALID,NO,N,VISIBLE
SYS,HS$_INST_CAPS_PK,SYS,HS$_INST_CAPS,UNIQUE,NORMAL,VALID,NO,N,VISIBLE
SYS,HS$_INST_CAPS_UK1,SYS,HS$_INST_CAPS,UNIQUE,NORMAL,VALID,NO,N,VISIBLE
SYS,HS$_INST_DD_PK,SYS,HS$_INST_DD,UNIQUE,NORMAL,VALID,NO,N,VISIBLE
SYS,HS$_INST_DD_UK1,SYS,HS$_INST_DD,UNIQUE,NORMAL,VALID,NO,N,VISIBLE
SYS,HS$_INST_INIT_PK,SYS,HS$_INST_INIT,UNIQUE,NORMAL,VALID,NO,N,VISIBLE
SYS,HS$_INST_INIT_UK1,SYS,HS$_INST_INIT,UNIQUE,NORMAL,VALID,NO,N,VISIBLE
SYS,I_ICOL1,SYS,ICOL$,NONUNIQUE,NORMAL,VALID,NO,N,VISIBLE
SYS,I_ICOLDEP$_OBJ,SYS,ICOLDEP$,NONUNIQUE,NORMAL,VALID,NO,N,VISIBLE
SYS,I_IDL_CHAR1,SYS,IDL_CHAR$,UNIQUE,NORMAL,VALID,NO,N,VISIBLE
SYS,I_IDL_SB41,SYS,IDL_SB4$,UNIQUE,NORMAL,VALID,NO,N,VISIBLE
SYS,I_IDL_UB11,SYS,IDL_UB1$,UNIQUE,NORMAL,VALID,NO,N,VISIBLE
SYS,I_IDL_UB21,SYS,IDL_UB2$,UNIQUE,NORMAL,VALID,NO,N,VISIBLE
SYS,I_IDNSEQ1,SYS,IDNSEQ$,UNIQUE,NORMAL,VALID,NO,N,VISIBLE
SYS,I_IDNSEQ2,SYS,IDNSEQ$,NONUNIQUE,NORMAL,VALID,NO,N,VISIBLE
SYS,I_ILM$,SYS,ILM$,UNIQUE,NORMAL,VALID,NO,N,VISIBLE
SYS,C_ILM_ATTRIBUTE,SYS,ILM_CONCURRENCY$,UNIQUE,NORMAL,VALID,NO,N,VISIBLE
SYS,PK_TASKID,SYS,ILM_EXECUTION$,UNIQUE,NORMAL,VALID,NO,N,VISIBLE
SYS,I_ILMEXECDET_EXECID,SYS,ILM_EXECUTIONDETAILS$,NONUNIQUE,NORMAL,VALID,NO,N,VISIBLE
SYS,I_ILMEXECDET_JOBNAME,SYS,ILM_EXECUTIONDETAILS$,NONUNIQUE,NORMAL,VALID,NO,N,VISIBLE
SYS,I_ILMEXECDET_OBJ,SYS,ILM_EXECUTIONDETAILS$,NONUNIQUE,NORMAL,VALID,NO,N,VISIBLE
SYS,I_ILMEXECDET_POL,SYS,ILM_EXECUTIONDETAILS$,NONUNIQUE,NORMAL,VALID,NO,N,VISIBLE
SYS,I_ILMOBJ$,SYS,ILMOBJ$,UNIQUE,NORMAL,VALID,NO,N,VISIBLE
SYS,I_ILMOBJ_OBJ$,SYS,ILMOBJ$,NONUNIQUE,NORMAL,VALID,NO,N,VISIBLE
SYS,I_ILMOBJ_POL$,SYS,ILMOBJ$,NONUNIQUE,NORMAL,VALID,NO,N,VISIBLE
SYS,C_ILM_PARAM,SYS,ILM_PARAM$,UNIQUE,NORMAL,VALID,NO,N,VISIBLE
SYS,I_ILMPOLICY$,SYS,ILMPOLICY$,UNIQUE,NORMAL,VALID,NO,N,VISIBLE
SYS,SYS_IL0000007300C00024$$,SYS,ILMPOLICY$,UNIQUE,LOB,VALID,NO,N,VISIBLE
SYS,I_ILM_RESULTS_EXECUTION_ID,SYS,ILM_RESULTS$,NONUNIQUE,NORMAL,VALID,NO,N,VISIBLE
SYS,I_ILMRESULTS_STATUS,SYS,ILM_RESULTS$,NONUNIQUE,NORMAL,VALID,NO,N,VISIBLE
SYS,PK_RES,SYS,ILM_RESULTS$,UNIQUE,NORMAL,VALID,NO,N,VISIBLE
SYS,SYS_IL0000007307C00010$$,SYS,ILM_RESULTS$,UNIQUE,LOB,VALID,NO,N,VISIBLE
SYS,IM_DOMAIN_UK,SYS,IM_DOMAIN$,UNIQUE,NORMAL,VALID,NO,N,VISIBLE
SYS,IM_JOINGROUP_PK,SYS,IM_JOINGROUP$,UNIQUE,NORMAL,VALID,NO,N,VISIBLE
SYS,IM_JOINGROUP_UK,SYS,IM_JOINGROUP$,UNIQUE,NORMAL,VALID,NO,N,VISIBLE
SYS,IMPDP_STATS,SYS,IMPDP_STATS,NONUNIQUE,NORMAL,VALID,NO,Y,VISIBLE
SYS,SYS_IL0000021460C00030$$,SYS,IMPDP_STATS,UNIQUE,LOB,VALID,NO,Y,VISIBLE
SYS,SYS_IL0000021460C00031$$,SYS,IMPDP_STATS,UNIQUE,LOB,VALID,NO,Y,VISIBLE
SYS,I_IMSVC1,SYS,IMSVC$,NONUNIQUE,NORMAL,VALID,NO,N,VISIBLE
SYS,I_IMSVCTS1,SYS,IMSVCTS$,NONUNIQUE,NORMAL,VALID,NO,N,VISIBLE
SYS,I_INCEXP,SYS,INCEXP,UNIQUE,NORMAL,VALID,NO,N,VISIBLE
SYS,I_IND1,SYS,IND$,UNIQUE,NORMAL,VALID,NO,N,VISIBLE
SYS,I_INDCOMPART$,SYS,INDCOMPART$,UNIQUE,NORMAL,VALID,NO,N,VISIBLE
SYS,I_INDCOMPART_BOPART$,SYS,INDCOMPART$,UNIQUE,NORMAL,VALID,NO,N,VISIBLE
SYS,SYS_IL0000000860C00034$$,SYS,INDCOMPART$,UNIQUE,LOB,VALID,NO,N,VISIBLE
SYS,I_INDEX_ORPHANED_ENTRY$_1,SYS,INDEX_ORPHANED_ENTRY$,UNIQUE,NORMAL,VALID,NO,N,VISIBLE
SYS,I_INDPART_BOPART$,SYS,INDPART$,UNIQUE,NORMAL,VALID,NO,N,VISIBLE
SYS,I_INDPART_OBJ$,SYS,INDPART$,UNIQUE,NORMAL,VALID,NO,N,VISIBLE
SYS,SYS_IL0000000838C00028$$,SYS,INDPART$,UNIQUE,LOB,VALID,NO,N,VISIBLE
SYS,I_INDPART_PARAM,SYS,INDPART_PARAM$,UNIQUE,NORMAL,VALID,NO,N,VISIBLE
SYS,I_INDREBUILD1,SYS,INDREBUILD$,UNIQUE,NORMAL,VALID,NO,N,VISIBLE
SYS,I_IND_STATS$_OBJ#,SYS,IND_STATS$,UNIQUE,NORMAL,VALID,NO,N,VISIBLE
SYS,I_INDSUBPART_OBJ$,SYS,INDSUBPART$,UNIQUE,NORMAL,VALID,NO,N,VISIBLE
SYS,I_INDSUBPART_POBJSUBPART$,SYS,INDSUBPART$,UNIQUE,NORMAL,VALID,NO,N,VISIBLE
SYS,SYS_IL0000000850C00026$$,SYS,INDSUBPART$,UNIQUE,LOB,VALID,NO,N,VISIBLE
SYS,I_INVALIDATION_REGISTRY$,SYS,INVALIDATION_REGISTRY$,NONUNIQUE,NORMAL,VALID,NO,N,VISIBLE
SYS,JAVAJAR$I,SYS,JAVAJAR$,UNIQUE,NORMAL,VALID,NO,N,VISIBLE
SYS,SYS_IL0000024361C00004$$,SYS,JAVAJAR$,UNIQUE,LOB,VALID,NO,N,VISIBLE
SYS,JAVA$JVM$RJBC$I,SYS,JAVA$JVM$RJBC,UNIQUE,NORMAL,VALID,NO,N,VISIBLE
SYS,SYS_IL0000024368C00003$$,SYS,JAVA$JVM$RJBC,UNIQUE,LOB,VALID,NO,N,VISIBLE
SYS,JAVA$JVM$RUNTIME$PARAMETERS$I,SYS,JAVA$JVM$RUNTIME$PARAMETERS,UNIQUE,NORMAL,VALID,NO,N,VISIBLE
SYS,JAVA$MC$OBJN_IDX,SYS,JAVA$MC$,NONUNIQUE,NORMAL,VALID,NO,N,VISIBLE
SYS,JAVA$MC$UNIQUE,SYS,JAVA$MC$,UNIQUE,NORMAL,VALID,NO,N,VISIBLE
SYS,JAVA$MC$DEPS$OBJN_IDX,SYS,JAVA$MC$DEPS,NONUNIQUE,NORMAL,VALID,NO,N,VISIBLE
SYS,JAVA$METHOD$METADATA$$OBJN_IDX,SYS,JAVA$METHOD$METADATA,NONUNIQUE,NORMAL,VALID,NO,N,VISIBLE
SYS,I_JAVANEGDEPS_1,SYS,JAVANEGDEPS$,NONUNIQUE,NORMAL,VALID,NO,N,VISIBLE
SYS,I_JAVANEGDEPS_2,SYS,JAVANEGDEPS$,NONUNIQUE,NORMAL,VALID,NO,N,VISIBLE
SYS,I_JAVAOBJ1,SYS,JAVAOBJ$,UNIQUE,NORMAL,VALID,NO,N,VISIBLE
SYS,SYS_IL0000061642C00005$$,SYS,JAVA$PREFS$,UNIQUE,LOB,VALID,NO,N,VISIBLE
SYS,JAVA$RMJVM$AUXI,SYS,JAVA$RMJVM$AUX,UNIQUE,NORMAL,VALID,NO,N,VISIBLE
SYS,JAVA$RMJVM$AUXI2,SYS,JAVA$RMJVM$AUX2,UNIQUE,NORMAL,VALID,NO,N,VISIBLE
SYS,JAVA$RMJVM$AUXI3,SYS,JAVA$RMJVM$AUX3,UNIQUE,NORMAL,VALID,NO,N,VISIBLE
SYS,I_JAVASNM1,SYS,JAVASNM$,UNIQUE,NORMAL,VALID,NO,N,VISIBLE
SYS,I_JIJOIN$,SYS,JIJOIN$,NONUNIQUE,NORMAL,VALID,NO,N,VISIBLE
SYS,I2_JIJOIN$,SYS,JIJOIN$,NONUNIQUE,NORMAL,VALID,NO,N,VISIBLE
SYS,I3_JIJOIN$,SYS,JIJOIN$,NONUNIQUE,NORMAL,VALID,NO,N,VISIBLE
SYS,I1_JIREFRESHSQL$,SYS,JIREFRESHSQL$,UNIQUE,NORMAL,VALID,NO,N,VISIBLE
SYS,I2_JIREFRESHSQL$,SYS,JIREFRESHSQL$,NONUNIQUE,NORMAL,VALID,NO,N,VISIBLE
SYS,SYS_IL0000000289C00003$$,SYS,JIREFRESHSQL$,UNIQUE,LOB,VALID,NO,N,VISIBLE
SYS,I_JOB_JOB,SYS,JOB$,UNIQUE,NORMAL,VALID,NO,N,VISIBLE
SYS,I_JOB_NEXT,SYS,JOB$,NONUNIQUE,NORMAL,VALID,NO,N,VISIBLE
SYS,KETSTATUS_UQ,SYS,KET$_AUTOTASK_STATUS,UNIQUE,NORMAL,VALID,NO,N,VISIBLE
SYS,KET$_CL_PK,SYS,KET$_CLIENT_CONFIG,UNIQUE,NORMAL,VALID,NO,N,VISIBLE
SYS,KET$_TSK_PK,SYS,KET$_CLIENT_TASKS,UNIQUE,NORMAL,VALID,NO,N,VISIBLE
SYS,SYS_IL0000009442C00071$$,SYS,KET$_CLIENT_TASKS,UNIQUE,LOB,VALID,NO,N,VISIBLE
SYS,I_KOPM1,SYS,KOPM$,UNIQUE,NORMAL,VALID,NO,N,VISIBLE
SYS,SYS_C00939,SYS,KOTAD$,UNIQUE,NORMAL,VALID,NO,N,VISIBLE
SYS,SYS_IL0000000795C00002$$,SYS,KOTAD$,UNIQUE,LOB,VALID,NO,N,VISIBLE
SYS,SYS_C00942,SYS,KOTADX$,UNIQUE,NORMAL,VALID,NO,N,VISIBLE
SYS,SYS_IL0000000807C00002$$,SYS,KOTADX$,UNIQUE,LOB,VALID,NO,N,VISIBLE
SYS,SYS_C00940,SYS,KOTMD$,UNIQUE,NORMAL,VALID,NO,N,VISIBLE
SYS,SYS_IL0000000799C00002$$,SYS,KOTMD$,UNIQUE,LOB,VALID,NO,N,VISIBLE
SYS,SYS_C00938,SYS,KOTTB$,UNIQUE,NORMAL,VALID,NO,N,VISIBLE
SYS,SYS_IL0000000791C00002$$,SYS,KOTTB$,UNIQUE,LOB,VALID,NO,N,VISIBLE
SYS,SYS_C00941,SYS,KOTTBX$,UNIQUE,NORMAL,VALID,NO,N,VISIBLE
SYS,SYS_IL0000000803C00002$$,SYS,KOTTBX$,UNIQUE,LOB,VALID,NO,N,VISIBLE
SYS,SYS_C00937,SYS,KOTTD$,UNIQUE,NORMAL,VALID,NO,N,VISIBLE
SYS,SYS_IL0000000787C00002$$,SYS,KOTTD$,UNIQUE,LOB,VALID,NO,N,VISIBLE
SYS,SYS_IL0000021486C00082$$,SYS,KU$_DATAPUMP_MASTER_10_1,UNIQUE,LOB,VALID,NO,Y,VISIBLE
SYS,SYS_IL0000021483C00090$$,SYS,KU$_DATAPUMP_MASTER_11_1,UNIQUE,LOB,VALID,NO,Y,VISIBLE
SYS,SYS_IL0000021480C00091$$,SYS,KU$_DATAPUMP_MASTER_11_1_0_7,UNIQUE,LOB,VALID,NO,Y,VISIBLE
SYS,SYS_IL0000021477C00095$$,SYS,KU$_DATAPUMP_MASTER_11_2,UNIQUE,LOB,VALID,NO,Y,VISIBLE
SYS,SYS_IL0000021472C00086$$,SYS,KU$_DATAPUMP_MASTER_12_0,UNIQUE,LOB,VALID,NO,Y,VISIBLE
SYS,SYS_IL0000021472C00100$$,SYS,KU$_DATAPUMP_MASTER_12_0,UNIQUE,LOB,VALID,NO,Y,VISIBLE
SYS,SYS_IL0000021467C00097$$,SYS,KU$_DATAPUMP_MASTER_12_2,UNIQUE,LOB,VALID,NO,Y,VISIBLE
SYS,SYS_IL0000021467C00111$$,SYS,KU$_DATAPUMP_MASTER_12_2,UNIQUE,LOB,VALID,NO,Y,VISIBLE
SYS,KU$XKTFBUE_I,SYS,KU$XKTFBUE,NONUNIQUE,NORMAL,VALID,NO,Y,VISIBLE
SYS,I_LINK1,SYS,LINK$,NONUNIQUE,NORMAL,VALID,NO,N,VISIBLE
SYS,LINK_LOGONS$_SRCID_IDX,SYS,LINK_LOGONS$,NONUNIQUE,NORMAL,VALID,NO,N,VISIBLE
SYS,LINK_SOURCES$_UI,SYS,LINK_SOURCES$,UNIQUE,NORMAL,VALID,NO,N,VISIBLE
SYS,LINK_SOURCES$_USRNM_IDX,SYS,LINK_SOURCES$,NONUNIQUE,NORMAL,VALID,NO,N,VISIBLE
SYS,SYS_C003651,SYS,LINK_SOURCES$,UNIQUE,NORMAL,VALID,NO,N,VISIBLE
SYS,I_LOB1,SYS,LOB$,NONUNIQUE,NORMAL,VALID,NO,N,VISIBLE
SYS,I_LOB2,SYS,LOB$,UNIQUE,NORMAL,VALID,NO,N,VISIBLE
SYS,I_LOBCOMPPART_LOBJPART$,SYS,LOBCOMPPART$,NONUNIQUE,NORMAL,VALID,NO,N,VISIBLE
SYS,I_LOBCOMPPART$_PARTOBJ$,SYS,LOBCOMPPART$,UNIQUE,NORMAL,VALID,NO,N,VISIBLE
SYS,I_LOBFRAG$_FRAGOBJ$,SYS,LOBFRAG$,UNIQUE,NORMAL,VALID,NO,N,VISIBLE
SYS,I_LOBFRAG_PARENTOBJFRAG$,SYS,LOBFRAG$,UNIQUE,NORMAL,VALID,NO,N,VISIBLE
SYS,I_LOCKDOWNPROF1,SYS,LOCKDOWN_PROF$,NONUNIQUE,NORMAL,VALID,NO,N,VISIBLE
SYS,I_LOCKDOWNPROF2,SYS,LOCKDOWN_PROF$,NONUNIQUE,NORMAL,VALID,NO,N,VISIBLE
SYS,I_LOCKDOWNPROF3,SYS,LOCKDOWN_PROF$,NONUNIQUE,NORMAL,VALID,NO,N,VISIBLE
SYS,SYS_IL0000000202C00026$$,SYS,LOCKDOWN_PROF$,UNIQUE,LOB,VALID,NO,N,VISIBLE
SYS,LOGMNR_BUILDLOG_PK,SYS,LOGMNR_BUILDLOG,UNIQUE,NORMAL,VALID,NO,N,VISIBLE
SYS,I_LTXID_TRANS$PK,SYS,LTXID_TRANS,UNIQUE,NORMAL,N/A,YES,N,VISIBLE
SYS,I_METAAUDIT_VERSION$,SYS,METAAUDIT$,NONUNIQUE,NORMAL,VALID,NO,N,VISIBLE
SYS,I_METAFILTER$,SYS,METAFILTER$,UNIQUE,NORMAL,VALID,NO,N,VISIBLE
SYS,I_METANAMETRANS1$,SYS,METANAMETRANS$,NONUNIQUE,NORMAL,VALID,NO,N,VISIBLE
SYS,I_METANAMETRANS2$,SYS,METANAMETRANS$,NONUNIQUE,NORMAL,VALID,NO,N,VISIBLE
SYS,I_METAPATHMAP$,SYS,METAPATHMAP$,NONUNIQUE,NORMAL,VALID,NO,N,VISIBLE
SYS,I_METASCRIPT1$,SYS,METASCRIPT$,UNIQUE,NORMAL,VALID,NO,N,VISIBLE
SYS,I_METASCRIPT2$,SYS,METASCRIPT$,UNIQUE,NORMAL,VALID,NO,N,VISIBLE
SYS,I_METASCRIPTFILTER1$,SYS,METASCRIPTFILTER$,NONUNIQUE,NORMAL,VALID,NO,N,VISIBLE
SYS,I_METASCRIPTFILTER2$,SYS,METASCRIPTFILTER$,NONUNIQUE,NORMAL,VALID,NO,N,VISIBLE
SYS,SYS_IL0000001385C00003$$,SYS,METASTYLESHEET,UNIQUE,LOB,VALID,NO,N,VISIBLE
SYS,I_METAVIEW$,SYS,METAVIEW$,UNIQUE,NORMAL,VALID,NO,N,VISIBLE
SYS,I_METAXSLPARAM$,SYS,METAXSLPARAM$,UNIQUE,NORMAL,VALID,NO,N,VISIBLE
SYS,I_METAXSLPARAMDESC$,SYS,METAXSLPARAMDESC$,UNIQUE,NORMAL,VALID,NO,N,VISIBLE
SYS,I_METHOD1,SYS,METHOD$,UNIQUE,NORMAL,VALID,NO,N,VISIBLE
SYS,I_MLOG_REFCOL1,SYS,MLOG_REFCOL$,UNIQUE,NORMAL,VALID,NO,N,VISIBLE
SYS,MODEL$IDX,SYS,MODEL$,UNIQUE,NORMAL,VALID,NO,N,VISIBLE
SYS,MODELALG$IDX,SYS,MODELALG$,UNIQUE,NORMAL,VALID,NO,N,VISIBLE
SYS,SYS_IL0000001430C00006$$,SYS,MODELALG$,UNIQUE,LOB,VALID,NO,N,VISIBLE
SYS,MODELATT$IDX,SYS,MODELATT$,NONUNIQUE,NORMAL,VALID,NO,N,VISIBLE
SYS,MODELPART$IDX,SYS,MODELPART$,UNIQUE,NORMAL,VALID,NO,N,VISIBLE
SYS,MODELPART$IDX2,SYS,MODELPART$,NONUNIQUE,NORMAL,VALID,NO,N,VISIBLE
SYS,SYS_IL0000001419C00005$$,SYS,MODELPART$,UNIQUE,LOB,VALID,NO,N,VISIBLE
SYS,MODELPARTCOL$IDX,SYS,MODELPARTCOL$,UNIQUE,NORMAL,VALID,NO,N,VISIBLE
SYS,MODELSET$IDX,SYS,MODELSET$,NONUNIQUE,NORMAL,VALID,NO,N,VISIBLE
SYS,MODELTAB$IDX,SYS,MODELTAB$,UNIQUE,NORMAL,VALID,NO,N,VISIBLE
SYS,MODELXFM$IDX,SYS,MODELXFM$,NONUNIQUE,NORMAL,VALID,NO,N,VISIBLE
SYS,SYS_IL0000001426C00010$$,SYS,MODELXFM$,UNIQUE,LOB,VALID,NO,N,VISIBLE
SYS,I_MON_MODS$_OBJ,SYS,MON_MODS$,UNIQUE,NORMAL,VALID,NO,N,VISIBLE
SYS,I_MON_MODS_ALL$_OBJ,SYS,MON_MODS_ALL$,UNIQUE,NORMAL,VALID,NO,N,VISIBLE
SYS,I_MVREF$_CHANGE_STATS,SYS,MVREF$_CHANGE_STATS,NONUNIQUE,NORMAL,VALID,NO,N,VISIBLE
SYS,I_MVREF$_RUN_STATS,SYS,MVREF$_RUN_STATS,NONUNIQUE,NORMAL,VALID,NO,N,VISIBLE
SYS,I_MVREF$_STATS,SYS,MVREF$_STATS,NONUNIQUE,NORMAL,VALID,NO,N,VISIBLE
SYS,I_MVREF$_STMT_STATS,SYS,MVREF$_STMT_STATS,NONUNIQUE,NORMAL,VALID,NO,N,VISIBLE
SYS,SYS_IL0000011015C00005$$,SYS,MVREF$_STMT_STATS,UNIQUE,LOB,VALID,NO,N,VISIBLE
SYS,SYS_IL0000011015C00008$$,SYS,MVREF$_STMT_STATS,UNIQUE,LOB,VALID,NO,N,VISIBLE
SYS,NACL$_HOST_UK,SYS,NACL$_HOST,UNIQUE,NORMAL,VALID,NO,N,VISIBLE
SYS,NACL$_NAME_MAP_PK,SYS,NACL$_NAME_MAP,UNIQUE,NORMAL,VALID,NO,N,VISIBLE
SYS,NACL$_WALLET_PK,SYS,NACL$_WALLET,UNIQUE,NORMAL,VALID,NO,N,VISIBLE
SYS,I_NCOMP_DLL1,SYS,NCOMP_DLL$,UNIQUE,NORMAL,VALID,NO,N,VISIBLE
SYS,SYS_IL0000000401C00003$$,SYS,NCOMP_DLL$,UNIQUE,LOB,VALID,NO,N,VISIBLE
SYS,I_DATAFILE_NEW_LOST_WRT$_PKEY,SYS,NEW_LOST_WRITE_DATAFILES$,UNIQUE,NORMAL,VALID,NO,N,VISIBLE
SYS,I_NEW_LOST_WRITE_EXTENTS$,SYS,NEW_LOST_WRITE_EXTENTS$,NONUNIQUE,NORMAL,VALID,NO,N,VISIBLE
SYS,SYS_IL0000011200C00005$$,SYS,NOTIFICATION$,UNIQUE,LOB,VALID,NO,N,VISIBLE
SYS,I_NTAB1,SYS,NTAB$,NONUNIQUE,NORMAL,VALID,NO,N,VISIBLE
SYS,I_NTAB2,SYS,NTAB$,UNIQUE,NORMAL,VALID,NO,N,VISIBLE
SYS,I_NTAB3,SYS,NTAB$,NONUNIQUE,NORMAL,VALID,NO,N,VISIBLE
SYS,I_OBJ1,SYS,OBJ$,UNIQUE,NORMAL,VALID,NO,N,VISIBLE
SYS,I_OBJ2,SYS,OBJ$,UNIQUE,NORMAL,VALID,NO,N,VISIBLE
SYS,I_OBJ3,SYS,OBJ$,NONUNIQUE,NORMAL,VALID,NO,N,VISIBLE
SYS,I_OBJ4,SYS,OBJ$,NONUNIQUE,NORMAL,VALID,NO,N,VISIBLE
SYS,I_OBJ5,SYS,OBJ$,UNIQUE,NORMAL,VALID,NO,N,VISIBLE
SYS,I_OBJAUTH1,SYS,OBJAUTH$,UNIQUE,NORMAL,VALID,NO,N,VISIBLE
SYS,I_OBJAUTH2,SYS,OBJAUTH$,NONUNIQUE,NORMAL,VALID,NO,N,VISIBLE
SYS,I_STATS_OBJ#,SYS,OBJECT_USAGE,NONUNIQUE,NORMAL,VALID,NO,N,VISIBLE
SYS,PK_OFSFTAB$,SYS,OFSFTAB$,UNIQUE,NORMAL,VALID,NO,N,VISIBLE
SYS,I_OID1,SYS,OID$,UNIQUE,NORMAL,VALID,NO,N,VISIBLE
SYS,I_OID2,SYS,OID$,NONUNIQUE,NORMAL,VALID,NO,N,VISIBLE
SYS,I_OLAP_ATTRIBUTES$,SYS,OLAP_ATTRIBUTES$,UNIQUE,NORMAL,VALID,NO,N,VISIBLE
SYS,I_OLAP_ATTRIBUTE_VISIBILITY$,SYS,OLAP_ATTRIBUTE_VISIBILITY$,UNIQUE,NORMAL,VALID,NO,N,VISIBLE
SYS,I_OLAP_AW_VIEW_COLUMNS$,SYS,OLAP_AW_VIEW_COLUMNS$,UNIQUE,NORMAL,VALID,NO,N,VISIBLE
SYS,I_OLAP_AW_VIEWS$,SYS,OLAP_AW_VIEWS$,UNIQUE,NORMAL,VALID,NO,N,VISIBLE
SYS,I_OLAP_CALCULATED_MEMBERS$,SYS,OLAP_CALCULATED_MEMBERS$,UNIQUE,NORMAL,VALID,NO,N,VISIBLE
SYS,I_OLAP_CUBE_BUILD_PROCESSES$,SYS,OLAP_CUBE_BUILD_PROCESSES$,UNIQUE,NORMAL,VALID,NO,N,VISIBLE
SYS,I_OLAP_CUBE_DIMENSIONS$,SYS,OLAP_CUBE_DIMENSIONS$,UNIQUE,NORMAL,VALID,NO,N,VISIBLE
SYS,I_OLAP_CUBES$,SYS,OLAP_CUBES$,UNIQUE,NORMAL,VALID,NO,N,VISIBLE
SYS,I_OLAP_DESCRIPTION$,SYS,OLAP_DESCRIPTIONS$,UNIQUE,NORMAL,VALID,NO,N,VISIBLE
SYS,I_OLAP_DIMENSIONALITY$,SYS,OLAP_DIMENSIONALITY$,UNIQUE,NORMAL,VALID,NO,N,VISIBLE
SYS,I_OLAP_DIM_LEVELS$,SYS,OLAP_DIM_LEVELS$,UNIQUE,NORMAL,VALID,NO,N,VISIBLE
SYS,I_OLAP_HIERARCHIES$,SYS,OLAP_HIERARCHIES$,UNIQUE,NORMAL,VALID,NO,N,VISIBLE
SYS,I_OLAP_HIER_LEVELS$,SYS,OLAP_HIER_LEVELS$,UNIQUE,NORMAL,VALID,NO,N,VISIBLE
SYS,I_OLAP_IMPL_OPTIONS$,SYS,OLAP_IMPL_OPTIONS$,UNIQUE,NORMAL,VALID,NO,N,VISIBLE
SYS,I_OLAP_MAPPINGS$,SYS,OLAP_MAPPINGS$,UNIQUE,NORMAL,VALID,NO,N,VISIBLE
SYS,I_OLAP_MEAS_FOLDER_CONTENTS$,SYS,OLAP_MEAS_FOLDER_CONTENTS$,UNIQUE,NORMAL,VALID,NO,N,VISIBLE
SYS,I_OLAP_MEASURE_FOLDERS$,SYS,OLAP_MEASURE_FOLDERS$,UNIQUE,NORMAL,VALID,NO,N,VISIBLE
SYS,I_OLAP_MEASURES_INDEX$,SYS,OLAP_MEASURES$,UNIQUE,NORMAL,VALID,NO,N,VISIBLE
SYS,I_OLAP_METADATA_PROPERTIES,SYS,OLAP_METADATA_PROPERTIES$,UNIQUE,NORMAL,VALID,NO,N,VISIBLE
SYS,I2_OLAP_METADATA_PROPERTIES,SYS,OLAP_METADATA_PROPERTIES$,UNIQUE,NORMAL,VALID,NO,N,VISIBLE
SYS,I3_OLAP_METADATA_PROPERTIES,SYS,OLAP_METADATA_PROPERTIES$,UNIQUE,NORMAL,VALID,NO,N,VISIBLE
SYS,SYS_IL0000001262C00006$$,SYS,OLAP_METADATA_PROPERTIES$,UNIQUE,LOB,VALID,NO,N,VISIBLE
SYS,I_OLAP_MODEL_ASSIGNMENT$,SYS,OLAP_MODEL_ASSIGNMENTS$,UNIQUE,NORMAL,VALID,NO,N,VISIBLE
SYS,I_OLAP_MODEL_PARENTS$,SYS,OLAP_MODEL_PARENTS$,UNIQUE,NORMAL,VALID,NO,N,VISIBLE
SYS,I_OLAP_MODELS$,SYS,OLAP_MODELS$,UNIQUE,NORMAL,VALID,NO,N,VISIBLE
SYS,I_OLAP_MULTI_OPTIONS,SYS,OLAP_MULTI_OPTIONS$,UNIQUE,NORMAL,VALID,NO,N,VISIBLE
SYS,I_OLAP_SYNTAX$,SYS,OLAP_SYNTAX$,UNIQUE,NORMAL,VALID,NO,N,VISIBLE
SYS,SYS_IL0000001216C00005$$,SYS,OLAP_SYNTAX$,UNIQUE,LOB,VALID,NO,N,VISIBLE
SYS,I_OLAP_TAB$,SYS,OLAP_TAB$,UNIQUE,NORMAL,VALID,NO,N,VISIBLE
SYS,I_OLAP_TAB_COL$,SYS,OLAP_TAB_COL$,NONUNIQUE,NORMAL,VALID,NO,N,VISIBLE
SYS,I_OLAP_TAB_HIER$,SYS,OLAP_TAB_HIER$,NONUNIQUE,NORMAL,VALID,NO,N,VISIBLE
SYS,OPANC1,SYS,OPANCILLARY$,NONUNIQUE,NORMAL,VALID,NO,N,VISIBLE
SYS,OPARG1,SYS,OPARG$,NONUNIQUE,NORMAL,VALID,NO,N,VISIBLE
SYS,SYS_C003585,SYS,OPATCH_INST_JOB,UNIQUE,NORMAL,VALID,NO,N,VISIBLE
SYS,SYS_IL0000010914C00003$$,SYS,OPATCH_SQL_PATCHES,UNIQUE,LOB,VALID,NO,N,VISIBLE
SYS,SYS_IL0000010905C00001$$,SYS,OPATCH_XINV_TAB,UNIQUE,LOB,VALID,NO,N,VISIBLE
SYS,OPBIND1,SYS,OPBINDING$,UNIQUE,NORMAL,VALID,NO,N,VISIBLE
SYS,OPER1,SYS,OPERATOR$,UNIQUE,NORMAL,VALID,NO,N,VISIBLE
SYS,I_OPQTYPE1,SYS,OPQTYPE$,UNIQUE,NORMAL,VALID,NO,N,VISIBLE
SYS,I_OPT_CALIBRATION_STATS$,SYS,OPT_CALIBRATION_STATS$,UNIQUE,NORMAL,VALID,NO,N,VISIBLE
SYS,I_OPT_DIRECTIVE_DIRID,SYS,OPT_DIRECTIVE$,UNIQUE,NORMAL,VALID,NO,N,VISIBLE
SYS,I_OPT_DIRECTIVE_DIROWN#,SYS,OPT_DIRECTIVE$,NONUNIQUE,NORMAL,VALID,NO,N,VISIBLE
SYS,SYS_IL0000000723C00016$$,SYS,OPT_DIRECTIVE$,UNIQUE,LOB,VALID,NO,N,VISIBLE
SYS,I_OPT_DIRECTIVE_OWN#,SYS,OPT_DIRECTIVE_OWN$,UNIQUE,NORMAL,VALID,NO,N,VISIBLE
SYS,I_OPT_FINDING_F_ID,SYS,OPT_FINDING$,UNIQUE,NORMAL,VALID,NO,N,VISIBLE
SYS,I_OPT_FINDING_OBJ_ID_OBJ_TYPE,SYS,OPT_FINDING_OBJ$,NONUNIQUE,NORMAL,VALID,NO,N,VISIBLE
SYS,I_OPT_SQLSTAT_LGT,SYS,OPT_SQLSTAT$,NONUNIQUE,NORMAL,VALID,NO,N,VISIBLE
SYS,PK_OPT_SQLSTAT,SYS,OPT_SQLSTAT$,UNIQUE,IOT - TOP,VALID,NO,N,VISIBLE
SYS,I_OPTSTAT_SNAPSHOT$,SYS,OPTSTAT_SNAPSHOT$,NONUNIQUE,NORMAL,VALID,NO,N,VISIBLE
SYS,I_USER_PREFS$,SYS,OPTSTAT_USER_PREFS$,UNIQUE,NORMAL,VALID,NO,N,VISIBLE
SYS,SYS_C006012,SYS,ORA$PREPLUGIN_BACKUP_QTB,UNIQUE,NORMAL,VALID,NO,N,VISIBLE
SYS,SYS_IL0000021422C00030$$,SYS,ORA$PREPLUGIN_BACKUP_QTB,UNIQUE,LOB,VALID,NO,N,VISIBLE
SYS,I_PARAMETER1,SYS,PARAMETER$,UNIQUE,NORMAL,VALID,NO,N,VISIBLE
SYS,I_PARAMETER2,SYS,PARAMETER$,UNIQUE,NORMAL,VALID,NO,N,VISIBLE
SYS,PARAMIND,SYS,PARAMETER$,NONUNIQUE,NORMAL,VALID,NO,N,VISIBLE
SYS,I_PARTCOL$,SYS,PARTCOL$,NONUNIQUE,NORMAL,VALID,NO,N,VISIBLE
SYS,I_PARTOBJ$,SYS,PARTOBJ$,UNIQUE,NORMAL,VALID,NO,N,VISIBLE
SYS,I_PDB_ALERT1,SYS,PDB_ALERT$,UNIQUE,NORMAL,VALID,NO,N,VISIBLE
SYS,I_PDB_ALERT2,SYS,PDB_ALERT$,NONUNIQUE,NORMAL,VALID,NO,N,VISIBLE
SYS,I_PDBARCSKIP1,SYS,PDB_ARC_SKIP$,UNIQUE,NORMAL,VALID,NO,N,VISIBLE
SYS,I_PDBARCSKIP3,SYS,PDB_ARC_SKIP$,NONUNIQUE,NORMAL,VALID,NO,N,VISIBLE
SYS,I_PDBARCSKIP4,SYS,PDB_ARC_SKIP$,NONUNIQUE,NORMAL,VALID,NO,N,VISIBLE
SYS,SYS_IL0000000222C00003$$,SYS,PDB_CREATE$,UNIQUE,LOB,VALID,NO,N,VISIBLE
SYS,SYS_IL0000000222C00004$$,SYS,PDB_CREATE$,UNIQUE,LOB,VALID,NO,N,VISIBLE
SYS,SYS_C006557,SYS,PDB_MON_EVENT_QTABLE$,UNIQUE,NORMAL,VALID,NO,N,VISIBLE
SYS,SYS_IL0000022166C00029$$,SYS,PDB_MON_EVENT_QTABLE$,UNIQUE,LOB,VALID,NO,N,VISIBLE
SYS,SYS_IL0000022166C00030$$,SYS,PDB_MON_EVENT_QTABLE$,UNIQUE,LOB,VALID,NO,N,VISIBLE
SYS,I_PDBREFCATALOG1,SYS,PDB_REF_CATALOG$,UNIQUE,NORMAL,VALID,NO,N,VISIBLE
SYS,I_PDBSNAP1,SYS,PDB_SNAPSHOT$,NONUNIQUE,NORMAL,VALID,NO,N,VISIBLE
SYS,I_PDBSNAP2,SYS,PDB_SNAPSHOT$,NONUNIQUE,NORMAL,VALID,NO,N,VISIBLE
SYS,SYS_IL0000000251C00017$$,SYS,PDB_SNAPSHOT$,UNIQUE,LOB,VALID,NO,N,VISIBLE
SYS,I_PDB_SPFILE_1,SYS,PDB_SPFILE$,UNIQUE,NORMAL,VALID,NO,N,VISIBLE
SYS,I_PDBSTAT1,SYS,PDB_STAT$,UNIQUE,NORMAL,VALID,NO,N,VISIBLE
SYS,I_PDBSTATE1,SYS,PDBSTATE$,UNIQUE,NORMAL,VALID,NO,N,VISIBLE
SYS,I_PDBSVCSTATE1,SYS,PDB_SVC_STATE$,UNIQUE,NORMAL,VALID,NO,N,VISIBLE
SYS,I_PDBSYNC1,SYS,PDB_SYNC$,NONUNIQUE,NORMAL,VALID,NO,N,VISIBLE
SYS,I_PDBSYNC2,SYS,PDB_SYNC$,NONUNIQUE,NORMAL,VALID,NO,N,VISIBLE
SYS,I_PDBSYNC3,SYS,PDB_SYNC$,NONUNIQUE,FUNCTION-BASED NORMAL,VALID,NO,N,VISIBLE
SYS,I_PDBSYNC4,SYS,PDB_SYNC$,NONUNIQUE,NORMAL,VALID,NO,N,VISIBLE
SYS,SYS_IL0000000191C00010$$,SYS,PDB_SYNC$,UNIQUE,LOB,VALID,NO,N,VISIBLE
SYS,I_PDB_SYNC_STMT$,SYS,PDB_SYNC_STMT$,UNIQUE,NORMAL,VALID,NO,N,VISIBLE
SYS,SYS_IL0000000198C00003$$,SYS,PDB_SYNC_STMT$,UNIQUE,LOB,VALID,NO,N,VISIBLE
SYS,I_PENDING_TRANS1,SYS,PENDING_TRANS$,UNIQUE,NORMAL,VALID,NO,N,VISIBLE
SYS,SYS_IL0000007848C00027$$,SYS,PLAN_TABLE$,UNIQUE,LOB,VALID,NO,Y,VISIBLE
SYS,I_PLSCOPE_ACTION$,SYS,PLSCOPE_ACTION$,NONUNIQUE,NORMAL,VALID,NO,N,VISIBLE
SYS,I_PLSCOPE_DECL_ACTION$,SYS,PLSCOPE_ACTION$,NONUNIQUE,NORMAL,VALID,NO,N,VISIBLE
SYS,I_PLSCOPE_FLAGS_ACTION$,SYS,PLSCOPE_ACTION$,NONUNIQUE,NORMAL,VALID,NO,N,VISIBLE
SYS,I_PLSCOPE_IDENTIFIER$,SYS,PLSCOPE_IDENTIFIER$,NONUNIQUE,NORMAL,VALID,NO,N,VISIBLE
SYS,I_PLSCOPE_OBJ_IDENTIFIER$,SYS,PLSCOPE_IDENTIFIER$,NONUNIQUE,NORMAL,VALID,NO,N,VISIBLE
SYS,I_PLSCOPE_SIG_IDENTIFIER$,SYS,PLSCOPE_IDENTIFIER$,UNIQUE,NORMAL,VALID,NO,N,VISIBLE
SYS,I_PLSCOPE_OBJ_SQL_ID$,SYS,PLSCOPE_SQL$,UNIQUE,NORMAL,VALID,NO,N,VISIBLE
SYS,SYS_IL0000000425C00003$$,SYS,PLSCOPE_SQL$,UNIQUE,LOB,VALID,NO,N,VISIBLE
SYS,I_PLSCOPE_SIG_STATEMENT$,SYS,PLSCOPE_STATEMENT$,UNIQUE,NORMAL,VALID,NO,N,VISIBLE
SYS,I_PLSCOPE_STATEMENT$,SYS,PLSCOPE_STATEMENT$,NONUNIQUE,NORMAL,VALID,NO,N,VISIBLE
SYS,CAPTURE_PK,SYS,PRIV_CAPTURE$,UNIQUE,NORMAL,VALID,NO,N,VISIBLE
SYS,SYS_IL0000010656C00003$$,SYS,PRIV_UNUSED_PATH$,UNIQUE,LOB,VALID,NO,N,VISIBLE
SYS,SYS_IL0000010652C00003$$,SYS,PRIV_USED_PATH$,UNIQUE,LOB,VALID,NO,N,VISIBLE
SYS,I_PROCEDURE1,SYS,PROCEDURE$,UNIQUE,NORMAL,VALID,NO,N,VISIBLE
SYS,I_PROCEDUREBLOCKCHAININFO$,SYS,PROCEDUREBLOCKCHAININFO$,NONUNIQUE,NORMAL,VALID,NO,N,VISIBLE
SYS,I_PROCEDUREC$,SYS,PROCEDUREC$,UNIQUE,NORMAL,VALID,NO,N,VISIBLE
SYS,I_PROCEDUREINFO1,SYS,PROCEDUREINFO$,UNIQUE,NORMAL,VALID,NO,N,VISIBLE
SYS,I_PROCEDUREJAVA$,SYS,PROCEDUREJAVA$,UNIQUE,NORMAL,VALID,NO,N,VISIBLE
SYS,I_PROCEDUREPLSQL$,SYS,PROCEDUREPLSQL$,UNIQUE,NORMAL,VALID,NO,N,VISIBLE
SYS,I_PROFILE,SYS,PROFILE$,NONUNIQUE,NORMAL,VALID,NO,N,VISIBLE
SYS,I_PROFNAME,SYS,PROFNAME$,UNIQUE,NORMAL,VALID,NO,N,VISIBLE
SYS,SYS_FK0000010449N00008$,SYS,PROPERTIES_TAB,NONUNIQUE,NORMAL,VALID,NO,N,VISIBLE
SYS,I_PROXY_DATA$,SYS,PROXY_DATA$,UNIQUE,NORMAL,VALID,NO,N,VISIBLE
SYS,I_PROXY_INFO$,SYS,PROXY_INFO$,UNIQUE,NORMAL,VALID,NO,N,VISIBLE
SYS,I_PROXY_ROLE_DATA$_1,SYS,PROXY_ROLE_DATA$,NONUNIQUE,NORMAL,VALID,NO,N,VISIBLE
SYS,I_PROXY_ROLE_DATA$_2,SYS,PROXY_ROLE_DATA$,UNIQUE,NORMAL,VALID,NO,N,VISIBLE
SYS,I_PROXY_ROLE_INFO$_1,SYS,PROXY_ROLE_INFO$,NONUNIQUE,NORMAL,VALID,NO,N,VISIBLE
SYS,I_PROXY_ROLE_INFO$_2,SYS,PROXY_ROLE_INFO$,UNIQUE,NORMAL,VALID,NO,N,VISIBLE
SYS,I_PS$,SYS,PS$,UNIQUE,NORMAL,VALID,NO,N,VISIBLE
SYS,SYS_IL0000001177C00008$$,SYS,PS$,UNIQUE,LOB,VALID,NO,N,VISIBLE
SYS,SYS_C006432,SYS,PTSHD_SCHEMA_OBJECTS,UNIQUE,NORMAL,VALID,NO,N,VISIBLE
SYS,SYS_IL0000022011C00009$$,SYS,PTSHD_SCHEMA_OBJECTS,UNIQUE,LOB,VALID,NO,N,VISIBLE
SYS,I_RADM1,SYS,RADM$,NONUNIQUE,NORMAL,VALID,NO,N,VISIBLE
SYS,I_RADM2,SYS,RADM$,NONUNIQUE,NORMAL,VALID,NO,N,VISIBLE
SYS,I_RADM_CD1,SYS,RADM_CD$,NONUNIQUE,NORMAL,VALID,NO,N,VISIBLE
SYS,I_RADM_CD2,SYS,RADM_CD$,NONUNIQUE,NORMAL,VALID,NO,N,VISIBLE
SYS,I_RADM_CD3,SYS,RADM_CD$,NONUNIQUE,NORMAL,VALID,NO,N,VISIBLE
SYS,I_RADM_FPTM,SYS,RADM_FPTM$,UNIQUE,NORMAL,VALID,NO,N,VISIBLE
SYS,I_RADM_FPTM_LOB,SYS,RADM_FPTM_LOB$,UNIQUE,NORMAL,VALID,NO,N,VISIBLE
SYS,SYS_IL0000000592C00001$$,SYS,RADM_FPTM_LOB$,UNIQUE,LOB,VALID,NO,N,VISIBLE
SYS,SYS_IL0000000592C00002$$,SYS,RADM_FPTM_LOB$,UNIQUE,LOB,VALID,NO,N,VISIBLE
SYS,SYS_IL0000000592C00003$$,SYS,RADM_FPTM_LOB$,UNIQUE,LOB,VALID,NO,N,VISIBLE
SYS,I_RADM_MC1,SYS,RADM_MC$,NONUNIQUE,NORMAL,VALID,NO,N,VISIBLE
SYS,I_RADM_MC2,SYS,RADM_MC$,NONUNIQUE,NORMAL,VALID,NO,N,VISIBLE
SYS,I_RADM_MC3,SYS,RADM_MC$,NONUNIQUE,NORMAL,VALID,NO,N,VISIBLE
SYS,I_RADM_PE1,SYS,RADM_PE$,UNIQUE,NORMAL,VALID,NO,N,VISIBLE
SYS,I_RADM_PE2,SYS,RADM_PE$,NONUNIQUE,NORMAL,VALID,NO,N,VISIBLE
SYS,SYS_C00746,SYS,RADM_PE$,UNIQUE,NORMAL,VALID,NO,N,VISIBLE
SYS,I_RADM_TD1,SYS,RADM_TD$,NONUNIQUE,NORMAL,VALID,NO,N,VISIBLE
SYS,I_RADM_TD2,SYS,RADM_TD$,NONUNIQUE,NORMAL,VALID,NO,N,VISIBLE
SYS,RECENT_RESOURCE_INCARNATIONS$P,SYS,RECENT_RESOURCE_INCARNATIONS$,UNIQUE,IOT - TOP,VALID,NO,N,VISIBLE
SYS,RECO_SCRIPT$_UNQ,SYS,RECO_SCRIPT$,UNIQUE,NORMAL,VALID,NO,N,VISIBLE
SYS,SYS_IL0000001062C00007$$,SYS,RECO_SCRIPT$,UNIQUE,LOB,VALID,NO,N,VISIBLE
SYS,RECO_SCRIPT_BLOCK$_UNQ,SYS,RECO_SCRIPT_BLOCK$,UNIQUE,NORMAL,VALID,NO,N,VISIBLE
SYS,SYS_IL0000001070C00003$$,SYS,RECO_SCRIPT_BLOCK$,UNIQUE,LOB,VALID,NO,N,VISIBLE
SYS,SYS_IL0000001070C00005$$,SYS,RECO_SCRIPT_BLOCK$,UNIQUE,LOB,VALID,NO,N,VISIBLE
SYS,SYS_IL0000001070C00007$$,SYS,RECO_SCRIPT_BLOCK$,UNIQUE,LOB,VALID,NO,N,VISIBLE
SYS,SYS_IL0000001070C00009$$,SYS,RECO_SCRIPT_BLOCK$,UNIQUE,LOB,VALID,NO,N,VISIBLE
SYS,RECO_SCRIPT_PARAMS$_UNQ,SYS,RECO_SCRIPT_PARAMS$,UNIQUE,NORMAL,VALID,NO,N,VISIBLE
SYS,SYS_IL0000001066C00007$$,SYS,RECO_SCRIPT_PARAMS$,UNIQUE,LOB,VALID,NO,N,VISIBLE
SYS,I_REC_TAB,SYS,REC_TAB$,NONUNIQUE,NORMAL,VALID,NO,N,VISIBLE
SYS,I_REC_VAR,SYS,REC_VAR$,NONUNIQUE,NORMAL,VALID,NO,N,VISIBLE
SYS,RECYCLEBIN$_BO,SYS,RECYCLEBIN$,NONUNIQUE,NORMAL,VALID,NO,N,VISIBLE
SYS,RECYCLEBIN$_OBJ,SYS,RECYCLEBIN$,NONUNIQUE,NORMAL,VALID,NO,N,VISIBLE
SYS,RECYCLEBIN$_OWNER,SYS,RECYCLEBIN$,NONUNIQUE,NORMAL,VALID,NO,N,VISIBLE
SYS,RECYCLEBIN$_PURGEOBJ,SYS,RECYCLEBIN$,NONUNIQUE,NORMAL,VALID,NO,N,VISIBLE
SYS,RECYCLEBIN$_TS,SYS,RECYCLEBIN$,NONUNIQUE,NORMAL,VALID,NO,N,VISIBLE
SYS,UI_REDEF_ID$,SYS,REDEF$,UNIQUE,NORMAL,VALID,NO,N,VISIBLE
SYS,UI_REDEF_NAME$,SYS,REDEF$,UNIQUE,NORMAL,VALID,NO,N,VISIBLE
SYS,I_REDEF_DEP_ERROR$,SYS,REDEF_DEP_ERROR$,NONUNIQUE,NORMAL,VALID,NO,N,VISIBLE
SYS,SYS_IL0000001344C00007$$,SYS,REDEF_DEP_ERROR$,UNIQUE,LOB,VALID,NO,N,VISIBLE
SYS,I_REDEF_OBJECT$,SYS,REDEF_OBJECT$,NONUNIQUE,NORMAL,VALID,NO,N,VISIBLE
SYS,I_REDEF_OBJECT_BACKUP$,SYS,REDEF_OBJECT_BACKUP$,NONUNIQUE,NORMAL,VALID,NO,N,VISIBLE
SYS,I_REDEF_STATUS$,SYS,REDEF_STATUS$,NONUNIQUE,NORMAL,VALID,NO,N,VISIBLE
SYS,SYS_C001591,SYS,REDEF_TRACK$,UNIQUE,NORMAL,VALID,NO,N,VISIBLE
SYS,I_REFCON1,SYS,REFCON$,NONUNIQUE,NORMAL,VALID,NO,N,VISIBLE
SYS,I_REFCON2,SYS,REFCON$,UNIQUE,NORMAL,VALID,NO,N,VISIBLE
SYS,REG$_IDX,SYS,REG$,NONUNIQUE,NORMAL,VALID,NO,N,VISIBLE
SYS,REG$_T,SYS,REG$,NONUNIQUE,NORMAL,VALID,NO,N,VISIBLE
SYS,SYS_IL0000008722C00011$$,SYS,REG$,UNIQUE,LOB,VALID,NO,N,VISIBLE
SYS,REGISTRY_PK,SYS,REGISTRY$,UNIQUE,NORMAL,VALID,NO,N,VISIBLE
SYS,REGISTRY_BACKPORTS_PK,SYS,REGISTRY$BACKPORTS,UNIQUE,NORMAL,VALID,NO,N,VISIBLE
SYS,DEPENDENCIES_PK,SYS,REGISTRY$DEPENDENCIES,UNIQUE,NORMAL,VALID,NO,N,VISIBLE
SYS,SYS_IL0000001596C00005$$,SYS,REGISTRY$ERROR,UNIQUE,LOB,VALID,NO,N,VISIBLE
SYS,SYS_IL0000001596C00006$$,SYS,REGISTRY$ERROR,UNIQUE,LOB,VALID,NO,N,VISIBLE
SYS,REGISTRY_PROGRESS_PK,SYS,REGISTRY$PROGRESS,UNIQUE,NORMAL,VALID,NO,N,VISIBLE
SYS,REGISTRY_SCHEMA_PK,SYS,REGISTRY$SCHEMAS,UNIQUE,NORMAL,VALID,NO,N,VISIBLE
SYS,REGISTRY$SQLPATCH_PK,SYS,REGISTRY$SQLPATCH,UNIQUE,NORMAL,VALID,NO,N,VISIBLE
SYS,SYS_IL0000023647C00013$$,SYS,REGISTRY$SQLPATCH,UNIQUE,LOB,VALID,NO,N,VISIBLE
SYS,SYS_IL0000023647C00014$$,SYS,REGISTRY$SQLPATCH,UNIQUE,LOB,VALID,NO,N,VISIBLE
SYS,REGISTRY$SQLPATCH_RU_INFO_PK,SYS,REGISTRY$SQLPATCH_RU_INFO,UNIQUE,NORMAL,VALID,NO,N,VISIBLE
SYS,SYS_IL0000023657C00004$$,SYS,REGISTRY$SQLPATCH_RU_INFO,UNIQUE,LOB,VALID,NO,N,VISIBLE
SYS,SYS_IL0000023657C00008$$,SYS,REGISTRY$SQLPATCH_RU_INFO,UNIQUE,LOB,VALID,NO,N,VISIBLE
SYS,I_REG_SNAP1,SYS,REG_SNAP$,UNIQUE,NORMAL,VALID,NO,N,VISIBLE
SYS,I_REG_SNAP2,SYS,REG_SNAP$,NONUNIQUE,NORMAL,VALID,NO,N,VISIBLE
SYS,I_REPL_DBNAME_MAPPING_1,SYS,REPL$_DBNAME_MAPPING,UNIQUE,NORMAL,VALID,NO,N,VISIBLE
SYS,I_REPL_DBNAME_MAPPING_2,SYS,REPL$_DBNAME_MAPPING,UNIQUE,NORMAL,VALID,NO,N,VISIBLE
SYS,I_REPL$_PROCESS_EVENT,SYS,REPL$_PROCESS_EVENTS,NONUNIQUE,NORMAL,VALID,NO,N,VISIBLE
SYS,I_RESULT1,SYS,RESULT$,UNIQUE,NORMAL,VALID,NO,N,VISIBLE
SYS,RESULTIND,SYS,RESULT$,NONUNIQUE,NORMAL,VALID,NO,N,VISIBLE
SYS,I_RGCHILD,SYS,RGCHILD$,UNIQUE,NORMAL,VALID,NO,N,VISIBLE
SYS,I_RGJOB,SYS,RGROUP$,NONUNIQUE,NORMAL,VALID,NO,N,VISIBLE
SYS,I_RGJOBNAME,SYS,RGROUP$,NONUNIQUE,NORMAL,VALID,NO,N,VISIBLE
SYS,I_RGREF,SYS,RGROUP$,UNIQUE,NORMAL,VALID,NO,N,VISIBLE
SYS,I_RGROUP,SYS,RGROUP$,UNIQUE,NORMAL,VALID,NO,N,VISIBLE
SYS,I_RLS,SYS,RLS$,NONUNIQUE,NORMAL,VALID,NO,N,VISIBLE
SYS,I_RLS2,SYS,RLS$,NONUNIQUE,NORMAL,VALID,NO,N,VISIBLE
SYS,I_RLS_CSA,SYS,RLS_CSA$,NONUNIQUE,NORMAL,VALID,NO,N,VISIBLE
SYS,I_RLS_CTX,SYS,RLS_CTX$,NONUNIQUE,NORMAL,VALID,NO,N,VISIBLE
SYS,I_RLS_GRP,SYS,RLS_GRP$,NONUNIQUE,NORMAL,VALID,NO,N,VISIBLE
SYS,I_RLS_SC,SYS,RLS_SC$,NONUNIQUE,NORMAL,VALID,NO,N,VISIBLE
SYS,STAB_RMTAB$,SYS,RMTAB$,NONUNIQUE,NORMAL,VALID,NO,N,VISIBLE
SYS,ROPP$X$PDBHISTORY_PK,SYS,ROPP$X$PDBHISTORY,UNIQUE,NORMAL,VALID,NO,N,VISIBLE
SYS,ROPP$X$PDBHISTORY_UK,SYS,ROPP$X$PDBHISTORY,UNIQUE,NORMAL,VALID,NO,N,VISIBLE
SYS,RECIDHISTORY_PK,SYS,ROPP$X$RECIDHISTORY,UNIQUE,NORMAL,VALID,NO,N,VISIBLE
SYS,I_RULE,SYS,RULE$,UNIQUE,NORMAL,VALID,NO,N,VISIBLE
SYS,SYS_IL0000008262C00002$$,SYS,RULE$,UNIQUE,LOB,VALID,NO,N,VISIBLE
SYS,SYS_IL0000008262C00005$$,SYS,RULE$,UNIQUE,LOB,VALID,NO,N,VISIBLE
SYS,I_RULE_EC,SYS,RULE_EC$,UNIQUE,NORMAL,VALID,NO,N,VISIBLE
SYS,I_RULE_MAP1,SYS,RULE_MAP$,NONUNIQUE,NORMAL,VALID,NO,N,VISIBLE
SYS,I_RULE_MAP2,SYS,RULE_MAP$,NONUNIQUE,NORMAL,VALID,NO,N,VISIBLE
SYS,I_RULE_SET,SYS,RULE_SET$,UNIQUE,NORMAL,VALID,NO,N,VISIBLE
SYS,I_RULE_SET_EE,SYS,RULE_SET_EE$,UNIQUE,NORMAL,VALID,NO,N,VISIBLE
SYS,I_RULE_SET_FOB,SYS,RULE_SET_FOB$,UNIQUE,NORMAL,VALID,NO,N,VISIBLE
SYS,SYS_C002329,SYS,RULE_SET_IEUAC$,UNIQUE,NORMAL,VALID,NO,N,VISIBLE
SYS,I_RULE_SET_IOT,SYS,RULE_SET_IOT$,NONUNIQUE,NORMAL,VALID,NO,N,VISIBLE
SYS,SYS_IOT_TOP_8303,SYS,RULE_SET_IOT$,UNIQUE,IOT - TOP,VALID,NO,N,VISIBLE
SYS,I_RULE_SET_NL,SYS,RULE_SET_NL$,UNIQUE,NORMAL,VALID,NO,N,VISIBLE
SYS,SYS_IOT_TOP_8295,SYS,RULE_SET_PR$,UNIQUE,IOT - TOP,VALID,NO,N,VISIBLE
SYS,SYS_IOT_TOP_8310,SYS,RULE_SET_PTPDTY$,UNIQUE,IOT - TOP,VALID,NO,N,VISIBLE
SYS,I_RULE_SET_RDEP1,SYS,RULE_SET_RDEP$,NONUNIQUE,NORMAL,VALID,NO,N,VISIBLE
SYS,I_RULE_SET_RDEP2,SYS,RULE_SET_RDEP$,NONUNIQUE,NORMAL,VALID,NO,N,VISIBLE
SYS,I1_RULE_SET_RE,SYS,RULE_SET_RE$,UNIQUE,NORMAL,VALID,NO,N,VISIBLE
SYS,I2_RULE_SET_RE,SYS,RULE_SET_RE$,NONUNIQUE,NORMAL,VALID,NO,N,VISIBLE
SYS,I3_RULE_SET_RE,SYS,RULE_SET_RE$,NONUNIQUE,NORMAL,VALID,NO,N,VISIBLE
SYS,SYS_IOT_TOP_8307,SYS,RULE_SET_ROP$,UNIQUE,IOT - TOP,VALID,NO,N,VISIBLE
SYS,I_RULE_SET_ROR,SYS,RULE_SET_ROR$,UNIQUE,NORMAL,VALID,NO,N,VISIBLE
SYS,I_RULE_SET_TE,SYS,RULE_SET_TE$,UNIQUE,NORMAL,VALID,NO,N,VISIBLE
SYS,I_RULE_SET_VE,SYS,RULE_SET_VE$,UNIQUE,NORMAL,VALID,NO,N,VISIBLE
SYS,RXS$SESSION_APPNS_I1,SYS,RXS$SESSION_APPNS,NONUNIQUE,NORMAL,VALID,NO,N,VISIBLE
SYS,RXS$SESSION_ROLES_I1,SYS,RXS$SESSION_ROLES,NONUNIQUE,NORMAL,VALID,NO,N,VISIBLE
SYS,I_RXS$SESSIONS1,SYS,RXS$SESSIONS,UNIQUE,NORMAL,VALID,NO,N,VISIBLE
SYS,RXS$SESSIONS_I1,SYS,RXS$SESSIONS,UNIQUE,NORMAL,VALID,NO,N,VISIBLE
SYS,SYS_IL0000066139C00012$$,SYS,SAM_SPARSITY_ADVICE,UNIQUE,LOB,VALID,NO,Y,VISIBLE
SYS,SYS_IL0000066139C00013$$,SYS,SAM_SPARSITY_ADVICE,UNIQUE,LOB,VALID,NO,Y,VISIBLE
SYS,SCHEDULER$_CHAIN_PK,SYS,SCHEDULER$_CHAIN,UNIQUE,NORMAL,VALID,NO,N,VISIBLE
SYS,SCHEDULER$_CLASS_PK,SYS,SCHEDULER$_CLASS,UNIQUE,NORMAL,VALID,NO,N,VISIBLE
SYS,SCHEDULER$_CONST_PK,SYS,SCHEDULER$_CONSTRAINTS,UNIQUE,NORMAL,VALID,NO,N,VISIBLE
SYS,I_SCHEDULER_CONST_STAT1,SYS,SCHEDULER$_CONSTRAINTS_STATS,NONUNIQUE,NORMAL,VALID,NO,N,VISIBLE
SYS,I_SCHEDULER_CONST_STAT2,SYS,SCHEDULER$_CONSTRAINTS_STATS,NONUNIQUE,NORMAL,VALID,NO,N,VISIBLE
SYS,SCHEDULER$_CONST_STATS_PK,SYS,SCHEDULER$_CONSTRAINTS_STATS,UNIQUE,NORMAL,VALID,NO,N,VISIBLE
SYS,SCHEDULER$_CREDENTIAL_PK,SYS,SCHEDULER$_CREDENTIAL,UNIQUE,NORMAL,VALID,NO,N,VISIBLE
SYS,SYS_IL0000009237C00007$$,SYS,SCHEDULER$_CREDENTIAL,UNIQUE,LOB,VALID,NO,N,VISIBLE
SYS,SCHEDULER$_DBMSJOB_MAP_PK,SYS,SCHEDULER$_DBMSJOB_MAP,UNIQUE,NORMAL,VALID,NO,N,VISIBLE
SYS,SCHEDULER$_DEST_PK,SYS,SCHEDULER$_DESTINATIONS,UNIQUE,NORMAL,VALID,NO,N,VISIBLE
SYS,SCHEDULER$_INSTANCE_PK,SYS,SCHEDULER$_EVENT_LOG,UNIQUE,NORMAL,VALID,NO,N,VISIBLE
SYS,SYS_IL0000009067C00016$$,SYS,SCHEDULER$_EVENT_LOG,UNIQUE,LOB,VALID,NO,N,VISIBLE
SYS,SYS_C005882,SYS,SCHEDULER$_EVENT_QTAB,UNIQUE,NORMAL,VALID,NO,N,VISIBLE
SYS,SYS_IL0000021031C00050$$,SYS,SCHEDULER$_EVENT_QTAB,UNIQUE,LOB,VALID,NO,N,VISIBLE
SYS,SCHEDULER$_EVTQ_SUB_PK,SYS,SCHEDULER$_EVTQ_SUB,UNIQUE,NORMAL,VALID,NO,N,VISIBLE
SYS,SCHEDULER$_FW_PK,SYS,SCHEDULER$_FILE_WATCHER,UNIQUE,NORMAL,VALID,NO,N,VISIBLE
SYS,SYS_C005907,SYS,SCHEDULER_FILEWATCHER_QT,UNIQUE,NORMAL,VALID,NO,N,VISIBLE
SYS,SYS_C005908,SYS,SCHEDULER_FILEWATCHER_QT,UNIQUE,NORMAL,VALID,NO,N,VISIBLE
SYS,SYS_IL0000021092C00037$$,SYS,SCHEDULER_FILEWATCHER_QT,UNIQUE,LOB,VALID,NO,N,VISIBLE
SYS,SCHEDULER$_FW_RS_PK,SYS,SCHEDULER$_FILEWATCHER_RESEND,UNIQUE,NORMAL,VALID,NO,N,VISIBLE
SYS,SYS_FK0000021092N00035$,SYS,SCHEDULER$_FWQ_ANT,NONUNIQUE,NORMAL,VALID,NO,N,VISIBLE
SYS,SCHEDULER$_ATTRIB_PK,SYS,SCHEDULER$_GLOBAL_ATTRIBUTE,UNIQUE,NORMAL,VALID,NO,N,VISIBLE
SYS,I_SCHEDULER_JOB1,SYS,SCHEDULER$_JOB,NONUNIQUE,FUNCTION-BASED NORMAL,VALID,NO,N,VISIBLE
SYS,I_SCHEDULER_JOB2,SYS,SCHEDULER$_JOB,NONUNIQUE,NORMAL,VALID,NO,N,VISIBLE
SYS,I_SCHEDULER_JOB3,SYS,SCHEDULER$_JOB,NONUNIQUE,NORMAL,VALID,NO,N,VISIBLE
SYS,I_SCHEDULER_JOB4,SYS,SCHEDULER$_JOB,NONUNIQUE,FUNCTION-BASED NORMAL,VALID,NO,N,VISIBLE
SYS,SCHEDULER$_JOB_PK,SYS,SCHEDULER$_JOB,UNIQUE,NORMAL,VALID,NO,N,VISIBLE
SYS,I_SCHEDULER_JOB_ARGUMENT1,SYS,SCHEDULER$_JOB_ARGUMENT,NONUNIQUE,NORMAL,VALID,NO,N,VISIBLE
SYS,SCHEDULER$_JOB_ARG_PK,SYS,SCHEDULER$_JOB_ARGUMENT,UNIQUE,NORMAL,VALID,NO,N,VISIBLE
SYS,SYS_IL0000009042C00006$$,SYS,SCHEDULER$_JOB_ARGUMENT,UNIQUE,LOB,VALID,NO,N,VISIBLE
SYS,SCHEDULER$_JOBDEST_PK,SYS,SCHEDULER$_JOB_DESTINATIONS,UNIQUE,NORMAL,VALID,NO,N,VISIBLE
SYS,I_SCHEDULER_JOB_OUT_ARGS,SYS,SCHEDULER$_JOB_OUT_ARGS,NONUNIQUE,NORMAL,VALID,NO,N,VISIBLE
SYS,SCHEDULER$_JOB_OUT_ARGS_PK,SYS,SCHEDULER$_JOB_OUT_ARGS,UNIQUE,NORMAL,VALID,NO,N,VISIBLE
SYS,SYS_IL0000009083C00005$$,SYS,SCHEDULER$_JOB_OUT_ARGS,UNIQUE,LOB,VALID,NO,N,VISIBLE
SYS,SCHEDULER$_JOB_OUTPUT_PK,SYS,SCHEDULER$_JOB_OUTPUT,UNIQUE,NORMAL,VALID,NO,N,VISIBLE
SYS,SYS_IL0000009076C00002$$,SYS,SCHEDULER$_JOB_OUTPUT,UNIQUE,LOB,VALID,NO,N,VISIBLE
SYS,SYS_IL0000009076C00003$$,SYS,SCHEDULER$_JOB_OUTPUT,UNIQUE,LOB,VALID,NO,N,VISIBLE
SYS,I_SCHEDULER_JOB_RUN_DETAILS,SYS,SCHEDULER$_JOB_RUN_DETAILS,NONUNIQUE,NORMAL,VALID,NO,N,VISIBLE
SYS,SCHEDULER$_LWJOB_PK,SYS,SCHEDULER$_LIGHTWEIGHT_JOB,UNIQUE,NORMAL,VALID,NO,N,VISIBLE
SYS,I_SCHEDULER$_LISTENERADDRESSES,SYS,SCHEDULER$_LISTENERADDRESSES,NONUNIQUE,NORMAL,VALID,NO,N,VISIBLE
SYS,I_SCHEDULER$_LISTENERADDRESSE2,SYS,SCHEDULER$_LISTENERADDRESSES,NONUNIQUE,NORMAL,VALID,NO,N,VISIBLE
SYS,SCHEDULER$_LOBJ_PK,SYS,SCHEDULER$_LWJOB_OBJ,UNIQUE,NORMAL,VALID,NO,N,VISIBLE
SYS,SCHEDULER$_LOBJ_UK,SYS,SCHEDULER$_LWJOB_OBJ,UNIQUE,NORMAL,VALID,NO,N,VISIBLE
SYS,I_SCHEDULER_NOTIFICATION1,SYS,SCHEDULER$_NOTIFICATION,NONUNIQUE,NORMAL,VALID,NO,N,VISIBLE
SYS,I_SCHEDULER_NOTIFICATION2,SYS,SCHEDULER$_NOTIFICATION,NONUNIQUE,NORMAL,VALID,NO,N,VISIBLE
SYS,I_SCHEDULER_NOTIFICATION3,SYS,SCHEDULER$_NOTIFICATION,NONUNIQUE,NORMAL,VALID,NO,N,VISIBLE
SYS,I_SCHEDULER_NOTIFICATION4,SYS,SCHEDULER$_NOTIFICATION,NONUNIQUE,NORMAL,VALID,NO,N,VISIBLE
SYS,I_SCHEDULER_NOTIFICATION5,SYS,SCHEDULER$_NOTIFICATION,NONUNIQUE,NORMAL,VALID,NO,N,VISIBLE
SYS,SCHEDULER$_PROGRAM_PK,SYS,SCHEDULER$_PROGRAM,UNIQUE,NORMAL,VALID,NO,N,VISIBLE
SYS,I_SCHEDULER_PROGRAM_ARGUMENT1,SYS,SCHEDULER$_PROGRAM_ARGUMENT,NONUNIQUE,NORMAL,VALID,NO,N,VISIBLE
SYS,SCHEDULER$_PROGRAM_ARG_PK,SYS,SCHEDULER$_PROGRAM_ARGUMENT,UNIQUE,NORMAL,VALID,NO,N,VISIBLE
SYS,SYS_IL0000009052C00006$$,SYS,SCHEDULER$_PROGRAM_ARGUMENT,UNIQUE,LOB,VALID,NO,N,VISIBLE
SYS,SYS_C005894,SYS,SCHEDULER$_REMDB_JOBQTAB,UNIQUE,NORMAL,VALID,NO,N,VISIBLE
SYS,SYS_C005895,SYS,SCHEDULER$_REMDB_JOBQTAB,UNIQUE,NORMAL,VALID,NO,N,VISIBLE
SYS,SYS_IL0000021058C00031$$,SYS,SCHEDULER$_REMDB_JOBQTAB,UNIQUE,LOB,VALID,NO,N,VISIBLE
SYS,SYS_IL0000021058C00061$$,SYS,SCHEDULER$_REMDB_JOBQTAB,UNIQUE,LOB,VALID,NO,N,VISIBLE
SYS,SCHEDULER$_RDB_PK,SYS,SCHEDULER$_REMOTE_DBS,UNIQUE,NORMAL,VALID,NO,N,VISIBLE
SYS,SCHEDULER$_RJS_PK,SYS,SCHEDULER$_REMOTE_JOB_STATE,UNIQUE,NORMAL,VALID,NO,N,VISIBLE
SYS,SCHEDULER$_RSRC_PK,SYS,SCHEDULER$_RESOURCES,UNIQUE,NORMAL,VALID,NO,N,VISIBLE
SYS,SCHEDULER$_RDBI_PK,SYS,SCHEDULER$_RJOB_SRC_DB_INFO,UNIQUE,NORMAL,VALID,NO,N,VISIBLE
SYS,SYS_FK0000021058N00046$,SYS,SCHEDULER$_RJQ_ANT,NONUNIQUE,NORMAL,VALID,NO,N,VISIBLE
SYS,SYS_IL0000021059C00004$$,SYS,SCHEDULER$_RJQ_ANT,UNIQUE,LOB,VALID,NO,N,VISIBLE
SYS,SCHEDULER$_SOID_PK,SYS,SCHEDULER$_SAVED_OIDS,UNIQUE,NORMAL,VALID,NO,N,VISIBLE
SYS,SCHEDULER$_SCHEDULE_PK,SYS,SCHEDULER$_SCHEDULE,UNIQUE,NORMAL,VALID,NO,N,VISIBLE
SYS,SCHEDULER$_QINFO_PK,SYS,SCHEDULER$_SRCQ_INFO,UNIQUE,NORMAL,VALID,NO,N,VISIBLE
SYS,SCHEDULER$_SRCQ_MAP_PK,SYS,SCHEDULER$_SRCQ_MAP,UNIQUE,NORMAL,VALID,NO,N,VISIBLE
SYS,I_SCHEDULER_STEP1,SYS,SCHEDULER$_STEP,NONUNIQUE,NORMAL,VALID,NO,N,VISIBLE
SYS,I_SCHEDULER_STEP2,SYS,SCHEDULER$_STEP,UNIQUE,NORMAL,VALID,NO,N,VISIBLE
SYS,SCHEDULER$_STEP_STATE_PK,SYS,SCHEDULER$_STEP_STATE,UNIQUE,NORMAL,VALID,NO,N,VISIBLE
SYS,I_SCHEDULER_WINDOW1,SYS,SCHEDULER$_WINDOW,NONUNIQUE,FUNCTION-BASED NORMAL,VALID,NO,N,VISIBLE
SYS,SCHEDULER$_WINDOW_PK,SYS,SCHEDULER$_WINDOW,UNIQUE,NORMAL,VALID,NO,N,VISIBLE
SYS,I_SCHEDULER_WINDOW_DETAILS,SYS,SCHEDULER$_WINDOW_DETAILS,NONUNIQUE,NORMAL,VALID,NO,N,VISIBLE
SYS,SCHEDULER$_WINDOW_GROUP_PK,SYS,SCHEDULER$_WINDOW_GROUP,UNIQUE,NORMAL,VALID,NO,N,VISIBLE
SYS,I_SCHEDULER_WINGRP_MEMBER1,SYS,SCHEDULER$_WINGRP_MEMBER,NONUNIQUE,NORMAL,VALID,NO,N,VISIBLE
SYS,I_SCHEDULER_WINGRP_MEMBER2,SYS,SCHEDULER$_WINGRP_MEMBER,NONUNIQUE,NORMAL,VALID,NO,N,VISIBLE
SYS,I_SCHEDULER_WINGRP_MEMBER3,SYS,SCHEDULER$_WINGRP_MEMBER,NONUNIQUE,NORMAL,VALID,NO,N,VISIBLE
SYS,SCHEDULER$_WINGRP_MEMBER_UQ,SYS,SCHEDULER$_WINGRP_MEMBER,UNIQUE,NORMAL,VALID,NO,N,VISIBLE
SYS,I_SENSITIVE_FIXED$,SYS,SENSITIVE_FIXED$,NONUNIQUE,NORMAL,VALID,NO,N,VISIBLE
SYS,I_SEQ1,SYS,SEQ$,UNIQUE,NORMAL,VALID,NO,N,VISIBLE
SYS,SESSION_TEMPLATE_INDEX,SYS,SESSION_TEMPLATE$,NONUNIQUE,NORMAL,VALID,NO,N,VISIBLE
SYS,SESSION_TEMPLATE_PK,SYS,SESSION_TEMPLATE$,UNIQUE,IOT - TOP,VALID,NO,N,VISIBLE
SYS,SYS_IL0000010934C00005$$,SYS,SESSION_TEMPLATE$,UNIQUE,LOB,VALID,NO,N,VISIBLE
SYS,SESSION_TEMPLATE_ID_INDEX,SYS,SESSION_TEMPLATE_ID$,NONUNIQUE,NORMAL,VALID,NO,N,VISIBLE
SYS,SESSION_TEMPLATE_ID_PK,SYS,SESSION_TEMPLATE_ID$,UNIQUE,NORMAL,VALID,NO,N,VISIBLE
SYS,DESCRIPTION_UNIQUE,SYS,SESSION_TEMPLATE_SPARES$,UNIQUE,NORMAL,VALID,NO,N,VISIBLE
SYS,SPARE_ID_PK,SYS,SESSION_TEMPLATE_SPARES$,UNIQUE,NORMAL,VALID,NO,N,VISIBLE
SYS,I_SETTINGS1,SYS,SETTINGS$,NONUNIQUE,NORMAL,VALID,NO,N,VISIBLE
SYS,SYS_C006419,SYS,SHARD_KEYS,UNIQUE,NORMAL,VALID,NO,N,VISIBLE
SYS,SYS_C006428,SYS,SHARD_OBJECTS,UNIQUE,NORMAL,VALID,NO,N,VISIBLE
SYS,SYS_IL0000022006C00003$$,SYS,SHARD_OBJECTS,UNIQUE,LOB,VALID,NO,N,VISIBLE
SYS,I_SLOG1,SYS,SLOG$,NONUNIQUE,NORMAL,VALID,NO,N,VISIBLE
SYS,I_SMB$CONFIG_PKEY,SYS,SMB$CONFIG,UNIQUE,NORMAL,VALID,NO,N,VISIBLE
SYS,SYS_IL0000000345C00005$$,SYS,SMB$CONFIG,UNIQUE,LOB,VALID,NO,N,VISIBLE
SYS,SMON_SCN_TIME_SCN_IDX,SYS,SMON_SCN_TIME,UNIQUE,NORMAL,VALID,NO,N,VISIBLE
SYS,SMON_SCN_TIME_TIM_IDX,SYS,SMON_SCN_TIME,UNIQUE,NORMAL,VALID,NO,N,VISIBLE
SYS,SMON_SCN_TO_TIME_AUX_IDX,SYS,SMON_SCN_TO_TIME_AUX,UNIQUE,CLUSTER,VALID,NO,N,VISIBLE
SYS,I_SNAP1,SYS,SNAP$,UNIQUE,NORMAL,VALID,NO,N,VISIBLE
SYS,I_SNAP2,SYS,SNAP$,NONUNIQUE,NORMAL,VALID,NO,N,VISIBLE
SYS,SYS_IL0000000896C00048$$,SYS,SNAP$,UNIQUE,LOB,VALID,NO,N,VISIBLE
SYS,SYS_IL0000000896C00049$$,SYS,SNAP$,UNIQUE,LOB,VALID,NO,N,VISIBLE
SYS,I_SNAP_COLMAP1,SYS,SNAP_COLMAP$,UNIQUE,NORMAL,VALID,NO,N,VISIBLE
SYS,I_SNAP_LOADERTIME1,SYS,SNAP_LOADERTIME$,UNIQUE,NORMAL,VALID,NO,N,VISIBLE
SYS,I_SNAP_LOGDEP1,SYS,SNAP_LOGDEP$,UNIQUE,NORMAL,VALID,NO,N,VISIBLE
SYS,I_SNAP_OBJCOL1,SYS,SNAP_OBJCOL$,UNIQUE,NORMAL,VALID,NO,N,VISIBLE
SYS,I_SNAP_REFOP1,SYS,SNAP_REFOP$,UNIQUE,NORMAL,VALID,NO,N,VISIBLE
SYS,I_SNAP_REFTIME1,SYS,SNAP_REFTIME$,UNIQUE,NORMAL,VALID,NO,N,VISIBLE
SYS,I_SNAP_SITE1,SYS,SNAP_SITE$,UNIQUE,NORMAL,VALID,NO,N,VISIBLE
SYS,I_SOURCE1,SYS,SOURCE$,UNIQUE,NORMAL,VALID,NO,N,VISIBLE
SYS,SYS_FK0000010429N00005$,SYS,S_PROPS_TAB,NONUNIQUE,NORMAL,VALID,NO,N,VISIBLE
SYS,I_SQL$_PKEY,SYS,SQL$,UNIQUE,NORMAL,VALID,NO,N,VISIBLE
SYS,SYS_IL0000000349C00005$$,SYS,SQL$,UNIQUE,LOB,VALID,NO,N,VISIBLE
SYS,SYS_IL0000009720C00005$$,SYS,SQL$_DATAPUMP_TBL,UNIQUE,LOB,VALID,NO,N,VISIBLE
SYS,SQLLOG$_PKEY,SYS,SQLLOG$,UNIQUE,IOT - TOP,VALID,NO,N,VISIBLE
SYS,I_SQLOBJ$NAME_TYPE,SYS,SQLOBJ$,UNIQUE,NORMAL,VALID,NO,N,VISIBLE
SYS,SQLOBJ$_PKEY,SYS,SQLOBJ$,UNIQUE,IOT - TOP,VALID,NO,N,VISIBLE
SYS,SYS_IL0000000360C00009$$,SYS,SQLOBJ$,UNIQUE,LOB,VALID,NO,N,VISIBLE
SYS,I_SQLOBJ$AUXDATA_PKEY,SYS,SQLOBJ$AUXDATA,UNIQUE,NORMAL,VALID,NO,N,VISIBLE
SYS,I_SQLOBJ$AUXDATA_TASK,SYS,SQLOBJ$AUXDATA,NONUNIQUE,NORMAL,VALID,NO,N,VISIBLE
SYS,SYS_IL0000000375C00036$$,SYS,SQLOBJ$AUXDATA,UNIQUE,LOB,VALID,NO,N,VISIBLE
SYS,SYS_IL0000009775C00036$$,SYS,SQLOBJ$AUXDATA_DATAPUMP_TBL,UNIQUE,LOB,VALID,NO,N,VISIBLE
SYS,SQLOBJ$DATA_PKEY,SYS,SQLOBJ$DATA,UNIQUE,IOT - TOP,VALID,NO,N,VISIBLE
SYS,SYS_IL0000000365C00005$$,SYS,SQLOBJ$DATA,UNIQUE,LOB,VALID,NO,N,VISIBLE
SYS,SYS_IL0000000365C00007$$,SYS,SQLOBJ$DATA,UNIQUE,LOB,VALID,NO,N,VISIBLE
SYS,SYS_IL0000009762C00005$$,SYS,SQLOBJ$DATA_DATAPUMP_TBL,UNIQUE,LOB,VALID,NO,N,VISIBLE
SYS,SYS_IL0000009762C00007$$,SYS,SQLOBJ$DATA_DATAPUMP_TBL,UNIQUE,LOB,VALID,NO,N,VISIBLE
SYS,SYS_IL0000009737C00009$$,SYS,SQLOBJ$_DATAPUMP_TBL,UNIQUE,LOB,VALID,NO,N,VISIBLE
SYS,SQLOBJ$PLAN_PKEY,SYS,SQLOBJ$PLAN,UNIQUE,NORMAL,VALID,NO,N,VISIBLE
SYS,SYS_IL0000000371C00040$$,SYS,SQLOBJ$PLAN,UNIQUE,LOB,VALID,NO,N,VISIBLE
SYS,SYS_IL0000009750C00039$$,SYS,SQLOBJ$PLAN_DATAPUMP_TBL,UNIQUE,LOB,VALID,NO,N,VISIBLE
SYS,I_SQL$TEXT_HANDLE,SYS,SQL$TEXT,UNIQUE,NORMAL,VALID,NO,N,VISIBLE
SYS,I_SQL$TEXT_PKEY,SYS,SQL$TEXT,UNIQUE,NORMAL,VALID,NO,N,VISIBLE
SYS,SYS_IL0000000353C00003$$,SYS,SQL$TEXT,UNIQUE,LOB,VALID,NO,N,VISIBLE
SYS,SYS_IL0000000353C00005$$,SYS,SQL$TEXT,UNIQUE,LOB,VALID,NO,N,VISIBLE
SYS,SYS_IL0000009727C00003$$,SYS,SQL$TEXT_DATAPUMP_TBL,UNIQUE,LOB,VALID,NO,N,VISIBLE
SYS,SYS_IL0000009727C00005$$,SYS,SQL$TEXT_DATAPUMP_TBL,UNIQUE,LOB,VALID,NO,N,VISIBLE
SYS,I_SQLTXL$_1,SYS,SQLTXL$,UNIQUE,NORMAL,VALID,NO,N,VISIBLE
SYS,I_SQLTXL_ERR$_1,SYS,SQLTXL_ERR$,UNIQUE,NORMAL,VALID,NO,N,VISIBLE
SYS,I_SQLTXL_SQL$_1,SYS,SQLTXL_SQL$,NONUNIQUE,NORMAL,VALID,NO,N,VISIBLE
SYS,SYS_IL0000000319C00002$$,SYS,SQLTXL_SQL$,UNIQUE,LOB,VALID,NO,N,VISIBLE
SYS,SYS_IL0000000319C00003$$,SYS,SQLTXL_SQL$,UNIQUE,LOB,VALID,NO,N,VISIBLE
SYS,I_SQL_VERSION$_VERSION#,SYS,SQL_VERSION$,UNIQUE,NORMAL,VALID,NO,N,VISIBLE
SYS,I_SSCR_CAP$,SYS,SSCR_CAP$,NONUNIQUE,NORMAL,VALID,NO,N,VISIBLE
SYS,I_SSCR_RES$,SYS,SSCR_RES$,NONUNIQUE,NORMAL,VALID,NO,N,VISIBLE
SYS,I_STATS_ADVISOR_FILTER_OBJ$,SYS,STATS_ADVISOR_FILTER_OBJ$,NONUNIQUE,NORMAL,VALID,NO,Y,VISIBLE
SYS,I_STATS_ADVISOR_FILTER_OPR$,SYS,STATS_ADVISOR_FILTER_OPR$,NONUNIQUE,NORMAL,VALID,NO,Y,VISIBLE
SYS,SYS_C00859,SYS,STATS_ADVISOR_FILTER_RULE$,UNIQUE,NORMAL,VALID,NO,Y,VISIBLE
SYS,I_STATS_TARGET1,SYS,STATS_TARGET$,NONUNIQUE,NORMAL,VALID,NO,N,VISIBLE
SYS,I_STATS_TARGET2,SYS,STATS_TARGET$,UNIQUE,NORMAL,VALID,NO,N,VISIBLE
SYS,I_STMT_AUDIT_OPTION_MAP,SYS,STMT_AUDIT_OPTION_MAP,UNIQUE,NORMAL,VALID,NO,N,VISIBLE
SYS,I_STREAMS_APPLY_MILESTONE1,SYS,STREAMS$_APPLY_MILESTONE,UNIQUE,NORMAL,VALID,NO,N,VISIBLE
SYS,I_STREAMS_APPLY_PROCESS1,SYS,STREAMS$_APPLY_PROCESS,UNIQUE,NORMAL,VALID,NO,N,VISIBLE
SYS,I_STREAMS_APPLY_PROCESS2,SYS,STREAMS$_APPLY_PROCESS,UNIQUE,NORMAL,VALID,NO,N,VISIBLE
SYS,I_STREAMS_APPLY_PROCESS3,SYS,STREAMS$_APPLY_PROCESS,NONUNIQUE,NORMAL,VALID,NO,N,VISIBLE
SYS,I_STREAMS_APPLY_SPILL_MESGS1,SYS,STREAMS$_APPLY_SPILL_MESSAGES,UNIQUE,NORMAL,VALID,NO,N,VISIBLE
SYS,SYS_IL0000018058C00008$$,SYS,STREAMS$_APPLY_SPILL_MESSAGES,UNIQUE,LOB,VALID,NO,N,VISIBLE
SYS,I_STREAMS_APPLY_SPILL_MSGS_PT1,SYS,STREAMS$_APPLY_SPILL_MSGS_PART,UNIQUE,NORMAL,N/A,YES,N,VISIBLE
SYS,SYS_IL0000018062C00008$$,SYS,STREAMS$_APPLY_SPILL_MSGS_PART,UNIQUE,LOB,N/A,YES,N,VISIBLE
SYS,I_STREAMS_APPLY_SPILL_TXN,SYS,STREAMS$_APPLY_SPILL_TXN,UNIQUE,NORMAL,VALID,NO,N,VISIBLE
SYS,I_STREAMS_CAPTURE_PROCESS1,SYS,STREAMS$_CAPTURE_PROCESS,UNIQUE,NORMAL,VALID,NO,N,VISIBLE
SYS,I_STREAMS_CAPTURE_PROCESS2,SYS,STREAMS$_CAPTURE_PROCESS,UNIQUE,NORMAL,VALID,NO,N,VISIBLE
SYS,I_STREAMS_CAPTURE_SERVER,SYS,STREAMS$_CAPTURE_SERVER,UNIQUE,NORMAL,VALID,NO,N,VISIBLE
SYS,STREAMS$_COMPONENT_IND,SYS,STREAMS$_COMPONENT,UNIQUE,NORMAL,VALID,NO,N,VISIBLE
SYS,STREAMS$_COMPONENT_LINK_IND,SYS,STREAMS$_COMPONENT_LINK,UNIQUE,NORMAL,VALID,NO,N,VISIBLE
SYS,STREAMS$_COMPONENT_PROP_IND,SYS,STREAMS$_COMPONENT_PROP,UNIQUE,NORMAL,VALID,NO,N,VISIBLE
SYS,STREAMS$_DATABASE_IND,SYS,STREAMS$_DATABASE,UNIQUE,NORMAL,VALID,NO,N,VISIBLE
SYS,SYS_IL0000000962C00013$$,SYS,STREAMS$_DEF_PROC,UNIQUE,LOB,VALID,NO,N,VISIBLE
SYS,SYS_IL0000000962C00014$$,SYS,STREAMS$_DEF_PROC,UNIQUE,LOB,VALID,NO,N,VISIBLE
SYS,SYS_IL0000000962C00015$$,SYS,STREAMS$_DEF_PROC,UNIQUE,LOB,VALID,NO,N,VISIBLE
SYS,STREAMS$_DEST_OBJ_COLS_I,SYS,STREAMS$_DEST_OBJ_COLS,UNIQUE,NORMAL,VALID,NO,N,VISIBLE
SYS,STREAMS$_DEST_OBJS_I,SYS,STREAMS$_DEST_OBJS,UNIQUE,NORMAL,VALID,NO,N,VISIBLE
SYS,I_STREAMS_EXTRA_ATTRS1,SYS,STREAMS$_EXTRA_ATTRS,UNIQUE,NORMAL,VALID,NO,N,VISIBLE
SYS,I_STREAMS_INTERNAL_TRANSFORM1,SYS,STREAMS$_INTERNAL_TRANSFORM,NONUNIQUE,NORMAL,VALID,NO,N,VISIBLE
SYS,SYS_IL0000018587C00013$$,SYS,STREAMS$_INTERNAL_TRANSFORM,UNIQUE,LOB,VALID,NO,N,VISIBLE
SYS,I_STREAMS_KEY_COLUMNS,SYS,STREAMS$_KEY_COLUMNS,UNIQUE,NORMAL,VALID,NO,N,VISIBLE
SYS,I2_STREAMS_KEY_COLUMNS,SYS,STREAMS$_KEY_COLUMNS,NONUNIQUE,NORMAL,VALID,NO,N,VISIBLE
SYS,SYS_IL0000018458C00014$$,SYS,STREAMS$_LOCAL_ACTIONS_IN,UNIQUE,LOB,VALID,NO,Y,VISIBLE
SYS,SYS_IL0000018458C00015$$,SYS,STREAMS$_LOCAL_ACTIONS_IN,UNIQUE,LOB,VALID,NO,Y,VISIBLE
SYS,I_STREAMS_MESSAGE_CONSUMERS,SYS,STREAMS$_MESSAGE_CONSUMERS,UNIQUE,NORMAL,VALID,NO,N,VISIBLE
SYS,I_STREAMS_MESSAGE_RULES,SYS,STREAMS$_MESSAGE_RULES,UNIQUE,NORMAL,VALID,NO,N,VISIBLE
SYS,I_STREAMS_PREPARE_DDL,SYS,STREAMS$_PREPARE_DDL,UNIQUE,NORMAL,VALID,NO,N,VISIBLE
SYS,I_STREAMS_PREPARE1,SYS,STREAMS$_PREPARE_OBJECT,UNIQUE,NORMAL,VALID,NO,N,VISIBLE
SYS,I_STREAMS_PRIVILEGED_USER1,SYS,STREAMS$_PRIVILEGED_USER,UNIQUE,NORMAL,VALID,NO,N,VISIBLE
SYS,I_STREAMS_PROCESS_PARAMS1,SYS,STREAMS$_PROCESS_PARAMS,UNIQUE,NORMAL,VALID,NO,N,VISIBLE
SYS,STREAMS$_PROP_P_I1,SYS,STREAMS$_PROPAGATION_PROCESS,UNIQUE,NORMAL,VALID,NO,N,VISIBLE
SYS,STREAMS$_PROP_P_I2,SYS,STREAMS$_PROPAGATION_PROCESS,UNIQUE,NORMAL,VALID,NO,N,VISIBLE
SYS,I_STREAMS_RULES1,SYS,STREAMS$_RULES,UNIQUE,NORMAL,VALID,NO,N,VISIBLE
SYS,I_STREAMS_RULES2,SYS,STREAMS$_RULES,NONUNIQUE,NORMAL,VALID,NO,N,VISIBLE
SYS,I_STREAMS_SPLIT_MERGE,SYS,STREAMS$_SPLIT_MERGE,UNIQUE,NORMAL,VALID,NO,N,VISIBLE
SYS,I_STREAMS_STMT_HANDLER_IDS,SYS,STREAMS$_STMT_HANDLERS,UNIQUE,NORMAL,VALID,NO,N,VISIBLE
SYS,I_STREAMS_STMT_HANDLERS,SYS,STREAMS$_STMT_HANDLERS,UNIQUE,NORMAL,VALID,NO,N,VISIBLE
SYS,I_STREAMS_STMT_HANDLER_STMTS,SYS,STREAMS$_STMT_HANDLER_STMTS,UNIQUE,NORMAL,VALID,NO,N,VISIBLE
SYS,SYS_IL0000000996C00002$$,SYS,STREAMS$_STMT_HANDLER_STMTS,UNIQUE,LOB,VALID,NO,N,VISIBLE
SYS,I_SUBCOLTYPE1,SYS,SUBCOLTYPE$,NONUNIQUE,NORMAL,VALID,NO,N,VISIBLE
SYS,I_SUBPARTCOL$,SYS,SUBPARTCOL$,NONUNIQUE,NORMAL,VALID,NO,N,VISIBLE
SYS,I_SUM$_1,SYS,SUM$,UNIQUE,NORMAL,VALID,NO,N,VISIBLE
SYS,SYS_IL0000001268C00030$$,SYS,SUM$,UNIQUE,LOB,VALID,NO,N,VISIBLE
SYS,SYS_IL0000001268C00031$$,SYS,SUM$,UNIQUE,LOB,VALID,NO,N,VISIBLE
SYS,I_SUMAGG$_1,SYS,SUMAGG$,UNIQUE,NORMAL,VALID,NO,N,VISIBLE
SYS,I_SUMDELTA$,SYS,SUMDELTA$,UNIQUE,NORMAL,VALID,NO,N,VISIBLE
SYS,I_SUMDEP$_1,SYS,SUMDEP$,NONUNIQUE,NORMAL,VALID,NO,N,VISIBLE
SYS,I_SUMDEP$_2,SYS,SUMDEP$,NONUNIQUE,NORMAL,VALID,NO,N,VISIBLE
SYS,I_SUMDETAIL$_1,SYS,SUMDETAIL$,NONUNIQUE,NORMAL,VALID,NO,N,VISIBLE
SYS,I_SUMDETAIL$_2,SYS,SUMDETAIL$,NONUNIQUE,NORMAL,VALID,NO,N,VISIBLE
SYS,I_SUMINLINE$_1,SYS,SUMINLINE$,NONUNIQUE,NORMAL,VALID,NO,N,VISIBLE
SYS,I_SUMINLINE$_2,SYS,SUMINLINE$,NONUNIQUE,NORMAL,VALID,NO,N,VISIBLE
SYS,I_SUMINLINE$_3,SYS,SUMINLINE$,NONUNIQUE,NORMAL,VALID,NO,N,VISIBLE
SYS,I_SUMJOIN$_1,SYS,SUMJOIN$,NONUNIQUE,NORMAL,VALID,NO,N,VISIBLE
SYS,I_SUMKEY$_1,SYS,SUMKEY$,UNIQUE,NORMAL,VALID,NO,N,VISIBLE
SYS,I_SUMPARTLOG$,SYS,SUMPARTLOG$,NONUNIQUE,NORMAL,VALID,NO,N,VISIBLE
SYS,I_SUMPARTLOG$_BOPART$,SYS,SUMPARTLOG$,NONUNIQUE,NORMAL,VALID,NO,N,VISIBLE
SYS,I_SUMPRED$_1,SYS,SUMPRED$,NONUNIQUE,NORMAL,VALID,NO,N,VISIBLE
SYS,I_SUMQB$_1,SYS,SUMQB$,NONUNIQUE,NORMAL,VALID,NO,N,VISIBLE
SYS,I_SUMQB$_2,SYS,SUMQB$,NONUNIQUE,NORMAL,VALID,NO,N,VISIBLE
SYS,I_SUMQB$_3,SYS,SUMQB$,NONUNIQUE,NORMAL,VALID,NO,N,VISIBLE
SYS,I_SUPEROBJ1,SYS,SUPEROBJ$,UNIQUE,NORMAL,VALID,NO,N,VISIBLE
SYS,I_SUPEROBJ2,SYS,SUPEROBJ$,NONUNIQUE,NORMAL,VALID,NO,N,VISIBLE
SYS,IDX1_SVCOBJ$,SYS,SVCOBJ$,UNIQUE,IOT - TOP,VALID,NO,N,VISIBLE
SYS,IDX1_SVCOBJ_ACCESS$,SYS,SVCOBJ_ACCESS$,UNIQUE,IOT - TOP,VALID,NO,N,VISIBLE
SYS,IDX1_SVCOBJ_CONFLICT$,SYS,SVCOBJ_CONFLICT$,UNIQUE,IOT - TOP,VALID,NO,N,VISIBLE
SYS,SWAT_ARM_FEEDBACK_IDX$,SYS,SWAT_ARM_FEEDBACK$,NONUNIQUE,NORMAL,VALID,NO,N,VISIBLE
SYS,SWAT_ARM_FEEDBACK$_PK,SYS,SWAT_ARM_FEEDBACK$,UNIQUE,NORMAL,VALID,NO,N,VISIBLE
SYS,SYS_IL0000009882C00007$$,SYS,SWAT_ARM_FEEDBACK$,UNIQUE,LOB,VALID,NO,N,VISIBLE
SYS,SWAT_ARM_STATUS$_PK,SYS,SWAT_ARM_STATUS$,UNIQUE,NORMAL,VALID,NO,N,VISIBLE
SYS,I_SWAT$CONFIG_PARAMS_PK,SYS,SWAT$CONFIG_PARAMS,NONUNIQUE,NORMAL,VALID,NO,N,VISIBLE
SYS,SWAT_MM_JOURNAL_IND$,SYS,SWAT_MM_JOURNAL$,NONUNIQUE,NORMAL,VALID,NO,N,VISIBLE
SYS,SYS_C003142,SYS,SWAT_MM_REFRESH_HISTORY$,UNIQUE,NORMAL,VALID,NO,N,VISIBLE
SYS,SWAT_MM_MT_IDX,SYS,SWAT_MM_SID_MAPPING$,UNIQUE,NORMAL,VALID,NO,N,VISIBLE
SYS,SWAT_VER$_PK,SYS,SWAT_VER$,UNIQUE,NORMAL,VALID,NO,N,VISIBLE
SYS,SWAT_VER_JOURNAL_IND$,SYS,SWAT_VER_JOURNAL$,NONUNIQUE,NORMAL,VALID,NO,N,VISIBLE
SYS,SWAT_VER_MV_BENEFIT$_PK,SYS,SWAT_VER_MV_BENEFIT$,UNIQUE,NORMAL,VALID,NO,N,VISIBLE
SYS,SWAT_VER_STATE$_PK,SYS,SWAT_VER_STATE$,UNIQUE,NORMAL,VALID,NO,N,VISIBLE
SYS,SWR$_ATTRNAME_PK,SYS,SWR$_ATTRNAME,UNIQUE,NORMAL,VALID,NO,N,VISIBLE
SYS,SWR$_OPTIMIZER_ENV_PK,SYS,SWR$_OPTIMIZER_ENV,UNIQUE,NORMAL,VALID,NO,N,VISIBLE
SYS,SWR$_SNAPSHOT_PK,SYS,SWR$_SNAPSHOT,UNIQUE,NORMAL,VALID,NO,N,VISIBLE
SYS,SWR$_SNAPSHOT_ERROR_PK,SYS,SWR$_SNAPSHOT_ERROR,UNIQUE,NORMAL,VALID,NO,N,VISIBLE
SYS,SWR$_SQLPLAN_PK,SYS,SWR$_SQLPLAN,UNIQUE,NORMAL,VALID,NO,N,VISIBLE
SYS,SYS_IL0000009628C00004$$,SYS,SWR$_SQLPLAN,UNIQUE,LOB,VALID,NO,N,VISIBLE
SYS,SWR$_SQLSTAT_DELTA_PK,SYS,SWR$_SQLSTAT_DELTA,UNIQUE,NORMAL,N/A,YES,N,VISIBLE
SYS,SWR$_SQLTEXT_PK,SYS,SWR$_SQLTEXT,UNIQUE,NORMAL,VALID,NO,N,VISIBLE
SYS,SYS_IL0000009622C00002$$,SYS,SWR$_SQLTEXT,UNIQUE,LOB,VALID,NO,N,VISIBLE
SYS,SWR$_SQLTEXT_REFCOUNT_PK,SYS,SWR$_SQLTEXT_REFCOUNT,UNIQUE,NORMAL,VALID,NO,N,VISIBLE
SYS,I_SYN1,SYS,SYN$,UNIQUE,NORMAL,VALID,NO,N,VISIBLE
SYS,I_SYN2,SYS,SYN$,NONUNIQUE,NORMAL,VALID,NO,N,VISIBLE
SYS,SYS_C001516,SYS,SYNCREF$_GROUPS,UNIQUE,NORMAL,VALID,NO,N,VISIBLE
SYS,SYS_C001555,SYS,SYNCREF$_PARAMETERS,UNIQUE,NORMAL,VALID,NO,N,VISIBLE
SYS,SYS_C001562,SYS,SYNCREF$_SOFT_ERRORS,UNIQUE,NORMAL,VALID,NO,N,VISIBLE
SYS,SYS_IL0000001321C00009$$,SYS,SYNCREF$_STEP_STATUS,UNIQUE,LOB,VALID,NO,N,VISIBLE
SYS,SYS_IL0000001321C00010$$,SYS,SYNCREF$_STEP_STATUS,UNIQUE,LOB,VALID,NO,N,VISIBLE
SYS,SYS_C001568,SYS,SYNCREF$_STLOG_STATS,UNIQUE,NORMAL,VALID,NO,N,VISIBLE
SYS,SYS_C001519,SYS,SYNCREF$_TABLE_INFO,UNIQUE,NORMAL,VALID,NO,N,VISIBLE
SYS,I_SYSAUTH1,SYS,SYSAUTH$,UNIQUE,NORMAL,VALID,NO,N,VISIBLE
SYS,SYSDBIMFS_IDX$,SYS,SYSDBIMFS$,UNIQUE,NORMAL,VALID,NO,N,VISIBLE
SYS,SYSDBIMFS_PK$,SYS,SYSDBIMFS$,UNIQUE,NORMAL,VALID,NO,N,VISIBLE
SYS,SYSDBIMFS_SEGID_FK$,SYS,SYSDBIMFS$,NONUNIQUE,NORMAL,VALID,NO,N,VISIBLE
SYS,SYSDBIMFSDBA_CUID_FK$,SYS,SYSDBIMFSDBA$,NONUNIQUE,NORMAL,VALID,NO,N,VISIBLE
SYS,SYSDBIMFSDBA_PK$,SYS,SYSDBIMFSDBA$,UNIQUE,NORMAL,VALID,NO,N,VISIBLE
SYS,SYSDBIMFSDBA_SEGID_FK$,SYS,SYSDBIMFSDBA$,NONUNIQUE,NORMAL,VALID,NO,N,VISIBLE
SYS,SYSDBIMFS_METADATA_PK$,SYS,SYSDBIMFS_METADATA$,UNIQUE,NORMAL,VALID,NO,N,VISIBLE
SYS,SYS_IL0000011056C00002$$,SYS,SYSDBIMFS_METADATA$,UNIQUE,LOB,VALID,NO,N,VISIBLE
SYS,SYSDBIMFSSEG_IDX$,SYS,SYSDBIMFSSEG$,UNIQUE,NORMAL,VALID,NO,N,VISIBLE
SYS,SYSDBIMFSSEG_PK$,SYS,SYSDBIMFSSEG$,UNIQUE,NORMAL,VALID,NO,N,VISIBLE
SYS,SYS_C001834,SYS,SYS_FBA_FA,UNIQUE,NORMAL,VALID,NO,N,VISIBLE
SYS,SYS_C001840,SYS,SYS_FBA_TSFA,UNIQUE,NORMAL,VALID,NO,N,VISIBLE
SYS,SYS_C006284,SYS,SYS$SERVICE_METRICS_TAB,UNIQUE,NORMAL,VALID,NO,N,VISIBLE
SYS,SYS_IL0000021809C00031$$,SYS,SYS$SERVICE_METRICS_TAB,UNIQUE,LOB,VALID,NO,N,VISIBLE
SYS,I_SYSTEM_PRIVILEGE_MAP,SYS,SYSTEM_PRIVILEGE_MAP,UNIQUE,NORMAL,VALID,NO,N,VISIBLE
SYS,I_TAB1,SYS,TAB$,NONUNIQUE,NORMAL,VALID,NO,N,VISIBLE
SYS,I_TABCOMPART$,SYS,TABCOMPART$,UNIQUE,NORMAL,VALID,NO,N,VISIBLE
SYS,I_TABCOMPART_BOPART$,SYS,TABCOMPART$,UNIQUE,NORMAL,VALID,NO,N,VISIBLE
SYS,SYS_IL0000000855C00034$$,SYS,TABCOMPART$,UNIQUE,LOB,VALID,NO,N,VISIBLE
SYS,I_TABLE_PRIVILEGE_MAP,SYS,TABLE_PRIVILEGE_MAP,UNIQUE,NORMAL,VALID,NO,N,VISIBLE
SYS,I_TABLOGICPART_BOPART$,SYS,TABLOGICPART$,UNIQUE,NORMAL,VALID,NO,N,VISIBLE
SYS,SYS_IL0000001354C00015$$,SYS,TABLOGICPART$,UNIQUE,LOB,VALID,NO,N,VISIBLE
SYS,I_TABPART_BOPART$,SYS,TABPART$,UNIQUE,NORMAL,VALID,NO,N,VISIBLE
SYS,I_TABPART_OBJ$,SYS,TABPART$,UNIQUE,NORMAL,VALID,NO,N,VISIBLE
SYS,SYS_IL0000000833C00026$$,SYS,TABPART$,UNIQUE,LOB,VALID,NO,N,VISIBLE
SYS,I_TAB_STATS$_OBJ#,SYS,TAB_STATS$,UNIQUE,NORMAL,VALID,NO,N,VISIBLE
SYS,I_TABSUBPART$_OBJ$,SYS,TABSUBPART$,UNIQUE,NORMAL,VALID,NO,N,VISIBLE
SYS,I_TABSUBPART_POBJSUBPART$,SYS,TABSUBPART$,UNIQUE,NORMAL,VALID,NO,N,VISIBLE
SYS,SYS_IL0000000845C00026$$,SYS,TABSUBPART$,UNIQUE,LOB,VALID,NO,N,VISIBLE
SYS,SYS_C002323,SYS,TRANSACTION_BACKOUT_REPORT$,UNIQUE,NORMAL,VALID,NO,N,VISIBLE
SYS,SYS_IL0000008164C00004$$,SYS,TRANSACTION_BACKOUT_REPORT$,UNIQUE,LOB,VALID,NO,N,VISIBLE
SYS,TXN_BACKOUT_STATE_IDX1$,SYS,TRANSACTION_BACKOUT_STATE$,NONUNIQUE,NORMAL,VALID,NO,N,VISIBLE
SYS,TXN_BACKOUT_STATE_IDX2$,SYS,TRANSACTION_BACKOUT_STATE$,NONUNIQUE,NORMAL,VALID,NO,N,VISIBLE
SYS,TXN_BACKOUT_STATE_IDX3$,SYS,TRANSACTION_BACKOUT_STATE$,NONUNIQUE,NORMAL,VALID,NO,N,VISIBLE
SYS,SYS_C001914,SYS,TRANSFORMATIONS$,UNIQUE,NORMAL,VALID,NO,N,VISIBLE
SYS,I_TRIGGER1,SYS,TRIGGER$,NONUNIQUE,NORMAL,VALID,NO,N,VISIBLE
SYS,I_TRIGGER2,SYS,TRIGGER$,UNIQUE,NORMAL,VALID,NO,N,VISIBLE
SYS,I_TRIGGERCOL1,SYS,TRIGGERCOL$,NONUNIQUE,NORMAL,VALID,NO,N,VISIBLE
SYS,I_TRIGGERCOL2,SYS,TRIGGERCOL$,NONUNIQUE,NORMAL,VALID,NO,N,VISIBLE
SYS,TRIGGERDEPIND$,SYS,TRIGGERDEP$,NONUNIQUE,NORMAL,VALID,NO,N,VISIBLE
SYS,I_TRIGGERJAVAC,SYS,TRIGGERJAVAC$,UNIQUE,NORMAL,VALID,NO,N,VISIBLE
SYS,I_TRIGGERJAVAF,SYS,TRIGGERJAVAF$,UNIQUE,NORMAL,VALID,NO,N,VISIBLE
SYS,I_TRIGGERJAVAM,SYS,TRIGGERJAVAM$,UNIQUE,NORMAL,VALID,NO,N,VISIBLE
SYS,I_TRIGGERJAVAS,SYS,TRIGGERJAVAS$,UNIQUE,NORMAL,VALID,NO,N,VISIBLE
SYS,I_TS1,SYS,TS$,UNIQUE,NORMAL,VALID,NO,N,VISIBLE
SYS,TSDP_ASSOCIATION$PK,SYS,TSDP_ASSOCIATION$,UNIQUE,NORMAL,VALID,NO,N,VISIBLE
SYS,TSDP_FEATURE_POLICY$PK,SYS,TSDP_FEATURE_POLICY$,UNIQUE,NORMAL,VALID,NO,N,VISIBLE
SYS,TSDP_POLICY$PK,SYS,TSDP_POLICY$,UNIQUE,NORMAL,VALID,NO,N,VISIBLE
SYS,TSDP_POLICY$UK,SYS,TSDP_POLICY$,UNIQUE,NORMAL,VALID,NO,N,VISIBLE
SYS,TSDP_PROTECTION$PK,SYS,TSDP_PROTECTION$,UNIQUE,NORMAL,VALID,NO,N,VISIBLE
SYS,TSDP_SENSITIVE_DATA$PK,SYS,TSDP_SENSITIVE_DATA$,UNIQUE,NORMAL,VALID,NO,N,VISIBLE
SYS,TSDP_SENSITIVE_TYPE$PK,SYS,TSDP_SENSITIVE_TYPE$,UNIQUE,NORMAL,VALID,NO,N,VISIBLE
SYS,TSDP_SENSITIVE_TYPE$UK,SYS,TSDP_SENSITIVE_TYPE$,UNIQUE,NORMAL,VALID,NO,N,VISIBLE
SYS,TSDP_SOURCE$PK,SYS,TSDP_SOURCE$,UNIQUE,NORMAL,VALID,NO,N,VISIBLE
SYS,TSDP_SOURCE$UK,SYS,TSDP_SOURCE$,UNIQUE,NORMAL,VALID,NO,N,VISIBLE
SYS,TSDP_SUBPOL$PK,SYS,TSDP_SUBPOL$,UNIQUE,NORMAL,VALID,NO,N,VISIBLE
SYS,I_TSM_DST1$,SYS,TSM_DST$,NONUNIQUE,NORMAL,VALID,NO,N,VISIBLE
SYS,I_TSM_DST2$,SYS,TSM_DST$,NONUNIQUE,NORMAL,VALID,NO,N,VISIBLE
SYS,I_TSM_SRC1$,SYS,TSM_SRC$,NONUNIQUE,NORMAL,VALID,NO,N,VISIBLE
SYS,I_TSM_SRC2$,SYS,TSM_SRC$,NONUNIQUE,NORMAL,VALID,NO,N,VISIBLE
SYS,I_TYPE1,SYS,TYPE$,UNIQUE,NORMAL,VALID,NO,N,VISIBLE
SYS,I_TYPE2,SYS,TYPE$,UNIQUE,NORMAL,VALID,NO,N,VISIBLE
SYS,I_TYPE3,SYS,TYPE$,NONUNIQUE,NORMAL,VALID,NO,N,VISIBLE
SYS,I_TYPE4,SYS,TYPE$,NONUNIQUE,NORMAL,VALID,NO,N,VISIBLE
SYS,I_TYPE5,SYS,TYPE$,NONUNIQUE,NORMAL,VALID,NO,N,VISIBLE
SYS,I_TYPE6,SYS,TYPE$,NONUNIQUE,NORMAL,VALID,NO,N,VISIBLE
SYS,I_TYPED_VIEW1,SYS,TYPED_VIEW$,UNIQUE,NORMAL,VALID,NO,N,VISIBLE
SYS,I_TYPEHIERARCHY1,SYS,TYPEHIERARCHY$,UNIQUE,NORMAL,VALID,NO,N,VISIBLE
SYS,I_UGROUP1,SYS,UGROUP$,NONUNIQUE,NORMAL,VALID,NO,N,VISIBLE
SYS,I_UGROUP2,SYS,UGROUP$,NONUNIQUE,NORMAL,VALID,NO,N,VISIBLE
SYS,SYS_IL0000009553C00005$$,SYS,UMF$_CAPTURE_RAW,UNIQUE,LOB,N/A,YES,N,VISIBLE
SYS,UMF$_CAPTURE_RAW_PK,SYS,UMF$_CAPTURE_RAW,UNIQUE,NORMAL,N/A,YES,N,VISIBLE
SYS,UMF$_LINK_PK,SYS,UMF$_LINK,UNIQUE,NORMAL,VALID,NO,N,VISIBLE
SYS,UMF$_REGISTRATION_PK,SYS,UMF$_REGISTRATION,UNIQUE,NORMAL,VALID,NO,N,VISIBLE
SYS,UMF$_REGISTRATION_UNIQUE,SYS,UMF$_REGISTRATION,UNIQUE,NORMAL,VALID,NO,N,VISIBLE
SYS,UMF$_TOPOLOGY_PK,SYS,UMF$_TOPOLOGY,UNIQUE,NORMAL,VALID,NO,N,VISIBLE
SYS,I_UNDO1,SYS,UNDO$,UNIQUE,NORMAL,VALID,NO,N,VISIBLE
SYS,I_UNDO2,SYS,UNDO$,NONUNIQUE,NORMAL,VALID,NO,N,VISIBLE
SYS,I_UNDOHIST1,SYS,UNDOHIST$,UNIQUE,NORMAL,VALID,NO,N,VISIBLE
SYS,I_USER1,SYS,USER$,UNIQUE,NORMAL,VALID,NO,N,VISIBLE
SYS,I_USER2,SYS,USER$,UNIQUE,NORMAL,VALID,NO,N,VISIBLE
SYS,I_USERAUTH1,SYS,USERAUTH$,UNIQUE,NORMAL,VALID,NO,N,VISIBLE
SYS,SYS_IL0000011158C00003$$,SYS,USER_CERTS$,UNIQUE,LOB,VALID,NO,N,VISIBLE
SYS,USER_CERTS$_INDEX,SYS,USER_CERTS$,NONUNIQUE,NORMAL,VALID,NO,N,VISIBLE
SYS,USER_CERTS$_PK,SYS,USER_CERTS$,UNIQUE,NORMAL,VALID,NO,N,VISIBLE
SYS,I_USER_EDITIONING,SYS,USER_EDITIONING$,NONUNIQUE,NORMAL,VALID,NO,N,VISIBLE
SYS,I_USER_PRIVILEGE_MAP,SYS,USER_PRIVILEGE_MAP,UNIQUE,NORMAL,VALID,NO,N,VISIBLE
SYS,SYS_FK0000010486N00028$,SYS,USR_PROPERTIES_TAB,NONUNIQUE,NORMAL,VALID,NO,N,VISIBLE
SYS,USTATS1,SYS,USTATS$,UNIQUE,NORMAL,VALID,NO,N,VISIBLE
SYS,UTL_RECOMP_SORT_IDX1,SYS,UTL_RECOMP_SORTED,UNIQUE,NORMAL,VALID,NO,N,VISIBLE
SYS,I_VIEW1,SYS,VIEW$,UNIQUE,NORMAL,VALID,NO,N,VISIBLE
SYS,I_VIEWCON1,SYS,VIEWCON$,NONUNIQUE,NORMAL,VALID,NO,N,VISIBLE
SYS,I_VIEWCON2,SYS,VIEWCON$,NONUNIQUE,NORMAL,VALID,NO,N,VISIBLE
SYS,SYS_IL0000000136C00005$$,SYS,VIEWCON$,UNIQUE,LOB,VALID,NO,N,VISIBLE
SYS,I_VIEWTRCOL1,SYS,VIEWTRCOL$,UNIQUE,NORMAL,VALID,NO,N,VISIBLE
SYS,I_WARNING_SETTINGS,SYS,WARNING_SETTINGS$,NONUNIQUE,NORMAL,VALID,NO,N,VISIBLE
SYS,WI$_CAPTURE_FILE_PK,SYS,WI$_CAPTURE_FILE,UNIQUE,NORMAL,VALID,NO,N,VISIBLE
SYS,WI$_EXECUTION_ORDER_PK,SYS,WI$_EXECUTION_ORDER,UNIQUE,NORMAL,VALID,NO,N,VISIBLE
SYS,WI$_FREQUENT_PATTERN_PK,SYS,WI$_FREQUENT_PATTERN,UNIQUE,NORMAL,VALID,NO,N,VISIBLE
SYS,WI$_FREQUENT_PATTERN_ITEM_PK,SYS,WI$_FREQUENT_PATTERN_ITEM,UNIQUE,NORMAL,VALID,NO,N,VISIBLE
SYS,WI$_FREQ_PATTERN_METADATA_PK,SYS,WI$_FREQUENT_PATTERN_METADATA,UNIQUE,NORMAL,VALID,NO,N,VISIBLE
SYS,WI$_JOB_PK,SYS,WI$_JOB,UNIQUE,NORMAL,VALID,NO,N,VISIBLE
SYS,WI$_JOB_UK_1,SYS,WI$_JOB,UNIQUE,NORMAL,VALID,NO,N,VISIBLE
SYS,WI$_OBJECT_PK,SYS,WI$_OBJECT,UNIQUE,NORMAL,VALID,NO,N,VISIBLE
SYS,SYS_IL0000009805C00003$$,SYS,WI$_STATEMENT,UNIQUE,LOB,VALID,NO,N,VISIBLE
SYS,WI$_STATEMENT_PK,SYS,WI$_STATEMENT,UNIQUE,NORMAL,VALID,NO,N,VISIBLE
SYS,WI$_TEMPLATE_PK,SYS,WI$_TEMPLATE,UNIQUE,NORMAL,VALID,NO,N,VISIBLE
SYS,WRH$_ACTIVE_SESSION_HISTORY_PK,SYS,WRH$_ACTIVE_SESSION_HISTORY,UNIQUE,NORMAL,N/A,YES,N,VISIBLE
SYS,WRH$_ASH_BL_PK,SYS,WRH$_ACTIVE_SESSION_HISTORY_BL,UNIQUE,NORMAL,VALID,NO,N,VISIBLE
SYS,WRH$_ASM_BAD_DISK_PK,SYS,WRH$_ASM_BAD_DISK,UNIQUE,NORMAL,N/A,YES,N,VISIBLE
SYS,WRH$_ASM_BAD_DISK_BL_PK,SYS,WRH$_ASM_BAD_DISK_BL,UNIQUE,NORMAL,VALID,NO,N,VISIBLE
SYS,WRH$_ASM_DISKGROUP_PK,SYS,WRH$_ASM_DISKGROUP,UNIQUE,NORMAL,N/A,YES,N,VISIBLE
SYS,WRH$_ASM_DISKGROUP_BL_PK,SYS,WRH$_ASM_DISKGROUP_BL,UNIQUE,NORMAL,VALID,NO,N,VISIBLE
SYS,WRH$_ASM_DISKGROUP_STAT_PK,SYS,WRH$_ASM_DISKGROUP_STAT,UNIQUE,NORMAL,N/A,YES,N,VISIBLE
SYS,WRH$_ASM_DISKGROUP_STAT_BL_PK,SYS,WRH$_ASM_DISKGROUP_STAT_BL,UNIQUE,NORMAL,VALID,NO,N,VISIBLE
SYS,WRH$_ASM_DISK_STAT_SUMMARY_PK,SYS,WRH$_ASM_DISK_STAT_SUMMARY,UNIQUE,NORMAL,N/A,YES,N,VISIBLE
SYS,WRH$_ASM_DISK_STAT_SUMM_BL_PK,SYS,WRH$_ASM_DISK_STAT_SUMMARY_BL,UNIQUE,NORMAL,VALID,NO,N,VISIBLE
SYS,WRH$_AWR_TEST_1_PK,SYS,WRH$_AWR_TEST_1,UNIQUE,NORMAL,N/A,YES,N,VISIBLE
SYS,WRH$_AWR_TEST_1_BL_PK,SYS,WRH$_AWR_TEST_1_BL,UNIQUE,NORMAL,VALID,NO,N,VISIBLE
SYS,WRH$_BG_EVENT_SUMMARY_PK,SYS,WRH$_BG_EVENT_SUMMARY,UNIQUE,NORMAL,N/A,YES,N,VISIBLE
SYS,WRH$_BG_EVENT_SUMMARY_BL_PK,SYS,WRH$_BG_EVENT_SUMMARY_BL,UNIQUE,NORMAL,VALID,NO,N,VISIBLE
SYS,WRH$_BUFFERED_QUEUES_PK,SYS,WRH$_BUFFERED_QUEUES,UNIQUE,NORMAL,N/A,YES,N,VISIBLE
SYS,WRH$_BUFFERED_QUEUES_BL_PK,SYS,WRH$_BUFFERED_QUEUES_BL,UNIQUE,NORMAL,VALID,NO,N,VISIBLE
SYS,WRH$_BUFFERED_SUBSCRIBERS_PK,SYS,WRH$_BUFFERED_SUBSCRIBERS,UNIQUE,NORMAL,N/A,YES,N,VISIBLE
SYS,WRH$_BUFFERED_SUBSCRIBERS_BL_PK,SYS,WRH$_BUFFERED_SUBSCRIBERS_BL,UNIQUE,NORMAL,VALID,NO,N,VISIBLE
SYS,WRH$_BUFFER_POOL_STATS_PK,SYS,WRH$_BUFFER_POOL_STATISTICS,UNIQUE,NORMAL,N/A,YES,N,VISIBLE
SYS,WRH$_BUFFER_POOL_STATS_BL_PK,SYS,WRH$_BUFFER_POOL_STATISTICS_BL,UNIQUE,NORMAL,VALID,NO,N,VISIBLE
SYS,SYS_IL0000012332C00009$$,SYS,WRH$_CELL_CONFIG,UNIQUE,LOB,N/A,YES,N,VISIBLE
SYS,WRH$_CELL_CONFIG_PK,SYS,WRH$_CELL_CONFIG,UNIQUE,NORMAL,N/A,YES,N,VISIBLE
SYS,SYS_IL0000012340C00009$$,SYS,WRH$_CELL_CONFIG_BL,UNIQUE,LOB,VALID,NO,N,VISIBLE
SYS,WRH$_CELL_CONFIG_BL_PK,SYS,WRH$_CELL_CONFIG_BL,UNIQUE,NORMAL,VALID,NO,N,VISIBLE
SYS,WRH$_CELL_CONFIG_DETAIL_PK,SYS,WRH$_CELL_CONFIG_DETAIL,UNIQUE,NORMAL,N/A,YES,N,VISIBLE
SYS,WRH$_CELL_CONFIG_DETAIL_BL_PK,SYS,WRH$_CELL_CONFIG_DETAIL_BL,UNIQUE,NORMAL,VALID,NO,N,VISIBLE
SYS,WRH$_CELL_DB_PK,SYS,WRH$_CELL_DB,UNIQUE,NORMAL,N/A,YES,N,VISIBLE
SYS,WRH$_CELL_DB_BL_PK,SYS,WRH$_CELL_DB_BL,UNIQUE,NORMAL,VALID,NO,N,VISIBLE
SYS,WRH$_CELL_DISK_SUMM_PK,SYS,WRH$_CELL_DISK_SUMMARY,UNIQUE,NORMAL,N/A,YES,N,VISIBLE
SYS,WRH$_CELL_DISK_SUMMARY_BL_PK,SYS,WRH$_CELL_DISK_SUMMARY_BL,UNIQUE,NORMAL,VALID,NO,N,VISIBLE
SYS,WRH$_CELL_GLOBAL_PK,SYS,WRH$_CELL_GLOBAL,UNIQUE,NORMAL,N/A,YES,N,VISIBLE
SYS,WRH$_CELL_GLOBAL_BL_PK,SYS,WRH$_CELL_GLOBAL_BL,UNIQUE,NORMAL,VALID,NO,N,VISIBLE
SYS,WRH$_CELL_GLOB_SUMM_PK,SYS,WRH$_CELL_GLOBAL_SUMMARY,UNIQUE,NORMAL,N/A,YES,N,VISIBLE
SYS,WRH$_CELL_GLOBAL_SUMMARY_BL_PK,SYS,WRH$_CELL_GLOBAL_SUMMARY_BL,UNIQUE,NORMAL,VALID,NO,N,VISIBLE
SYS,WRH$_CELL_IOREASON_PK,SYS,WRH$_CELL_IOREASON,UNIQUE,NORMAL,N/A,YES,N,VISIBLE
SYS,WRH$_CELL_IOREASON_BL_PK,SYS,WRH$_CELL_IOREASON_BL,UNIQUE,NORMAL,VALID,NO,N,VISIBLE
SYS,WRH$_CELL_IOREASON_NAME_PK,SYS,WRH$_CELL_IOREASON_NAME,UNIQUE,NORMAL,VALID,NO,N,VISIBLE
SYS,WRH$_CELL_METRIC_DESC_PK,SYS,WRH$_CELL_METRIC_DESC,UNIQUE,NORMAL,VALID,NO,N,VISIBLE
SYS,WRH$_CELL_OPEN_ALERTS_PK,SYS,WRH$_CELL_OPEN_ALERTS,UNIQUE,NORMAL,N/A,YES,N,VISIBLE
SYS,WRH$_CELL_OPEN_ALERTS_BL_PK,SYS,WRH$_CELL_OPEN_ALERTS_BL,UNIQUE,NORMAL,VALID,NO,N,VISIBLE
SYS,WRH$_CHANNEL_WAITS,SYS,WRH$_CHANNEL_WAITS,UNIQUE,NORMAL,N/A,YES,N,VISIBLE
SYS,WRH$_CHANNEL_WAITS_BL_PK,SYS,WRH$_CHANNEL_WAITS_BL,UNIQUE,NORMAL,VALID,NO,N,VISIBLE
SYS,WRH$_CLUSTER_INTERCON_PK,SYS,WRH$_CLUSTER_INTERCON,UNIQUE,NORMAL,N/A,YES,N,VISIBLE
SYS,WRH$_CLUSTER_INTERCON_BL_PK,SYS,WRH$_CLUSTER_INTERCON_BL,UNIQUE,NORMAL,VALID,NO,N,VISIBLE
SYS,WRH$_COMP_IOSTAT_PK,SYS,WRH$_COMP_IOSTAT,UNIQUE,NORMAL,N/A,YES,N,VISIBLE
SYS,WRH$_COMP_IOSTAT_BL_PK,SYS,WRH$_COMP_IOSTAT_BL,UNIQUE,NORMAL,VALID,NO,N,VISIBLE
SYS,WRH$_CON_SYSMET_HISTORY_INDEX,SYS,WRH$_CON_SYSMETRIC_HISTORY,NONUNIQUE,NORMAL,N/A,YES,N,VISIBLE
SYS,WRH$_CON_SYSMET_HISTORY_BL_IDX,SYS,WRH$_CON_SYSMETRIC_HISTORY_BL,NONUNIQUE,NORMAL,VALID,NO,N,VISIBLE
SYS,WRH$_CON_SYSMET_SUMMARY_INDEX,SYS,WRH$_CON_SYSMETRIC_SUMMARY,NONUNIQUE,NORMAL,N/A,YES,N,VISIBLE
SYS,WRH$_CON_SYSMET_SUMMARY_BL_INDEX,SYS,WRH$_CON_SYSMETRIC_SUMMARY_BL,NONUNIQUE,NORMAL,VALID,NO,N,VISIBLE
SYS,WRH$_CON_SYSSTAT_PK,SYS,WRH$_CON_SYSSTAT,UNIQUE,NORMAL,N/A,YES,N,VISIBLE
SYS,WRH$_CON_SYSSTAT_BL_PK,SYS,WRH$_CON_SYSSTAT_BL,UNIQUE,NORMAL,VALID,NO,N,VISIBLE
SYS,WRH$_CON_SYSTEM_EVENT_PK,SYS,WRH$_CON_SYSTEM_EVENT,UNIQUE,NORMAL,N/A,YES,N,VISIBLE
SYS,WRH$_CON_SYSTEM_EVENT_BL_PK,SYS,WRH$_CON_SYSTEM_EVENT_BL,UNIQUE,NORMAL,VALID,NO,N,VISIBLE
SYS,WRH$_CON_SYS_TIME_MODEL_PK,SYS,WRH$_CON_SYS_TIME_MODEL,UNIQUE,NORMAL,N/A,YES,N,VISIBLE
SYS,WRH$_CON_SYS_TIME_MODEL_BL_PK,SYS,WRH$_CON_SYS_TIME_MODEL_BL,UNIQUE,NORMAL,VALID,NO,N,VISIBLE
SYS,WRH$_CR_BLOCK_SERVER_PK,SYS,WRH$_CR_BLOCK_SERVER,UNIQUE,NORMAL,N/A,YES,N,VISIBLE
SYS,WRH$_CR_BLOCK_SERVER_BL_PK,SYS,WRH$_CR_BLOCK_SERVER_BL,UNIQUE,NORMAL,VALID,NO,N,VISIBLE
SYS,WRH$_CURRENT_BLOCK_SERVER_PK,SYS,WRH$_CURRENT_BLOCK_SERVER,UNIQUE,NORMAL,N/A,YES,N,VISIBLE
SYS,WRH$_CURRENT_BLOCK_SERVER_BL_PK,SYS,WRH$_CURRENT_BLOCK_SERVER_BL,UNIQUE,NORMAL,VALID,NO,N,VISIBLE
SYS,WRH$_DATAFILE_PK,SYS,WRH$_DATAFILE,UNIQUE,NORMAL,N/A,YES,N,VISIBLE
SYS,WRH$_DATAFILE_BL_PK,SYS,WRH$_DATAFILE_BL,UNIQUE,NORMAL,VALID,NO,N,VISIBLE
SYS,WRH$_DB_CACHE_ADVICE_PK,SYS,WRH$_DB_CACHE_ADVICE,UNIQUE,NORMAL,N/A,YES,N,VISIBLE
SYS,WRH$_DB_CACHE_ADVICE_BL_PK,SYS,WRH$_DB_CACHE_ADVICE_BL,UNIQUE,NORMAL,VALID,NO,N,VISIBLE
SYS,WRH$_DISPATCHER_PK,SYS,WRH$_DISPATCHER,UNIQUE,NORMAL,N/A,YES,N,VISIBLE
SYS,WRH$_DISPATCHER_BL_PK,SYS,WRH$_DISPATCHER_BL,UNIQUE,NORMAL,VALID,NO,N,VISIBLE
SYS,WRH$_DLM_MISC_PK,SYS,WRH$_DLM_MISC,UNIQUE,NORMAL,N/A,YES,N,VISIBLE
SYS,WRH$_DLM_MISC_BL_PK,SYS,WRH$_DLM_MISC_BL,UNIQUE,NORMAL,VALID,NO,N,VISIBLE
SYS,WRH$_DYN_REMASTER_STATS_PK,SYS,WRH$_DYN_REMASTER_STATS,UNIQUE,NORMAL,N/A,YES,N,VISIBLE
SYS,WRH$_DYN_REMASTER_STATS_BL_PK,SYS,WRH$_DYN_REMASTER_STATS_BL,UNIQUE,NORMAL,VALID,NO,N,VISIBLE
SYS,WRH$_ENQUEUE_STAT_PK,SYS,WRH$_ENQUEUE_STAT,UNIQUE,NORMAL,N/A,YES,N,VISIBLE
SYS,WRH$_ENQUEUE_STAT_BL_PK,SYS,WRH$_ENQUEUE_STAT_BL,UNIQUE,NORMAL,VALID,NO,N,VISIBLE
SYS,WRH$_EVENT_HISTOGRAM_PK,SYS,WRH$_EVENT_HISTOGRAM,UNIQUE,NORMAL,N/A,YES,N,VISIBLE
SYS,WRH$_EVENT_HISTOGRAM_BL_PK,SYS,WRH$_EVENT_HISTOGRAM_BL,UNIQUE,NORMAL,VALID,NO,N,VISIBLE
SYS,WRH$_EVENT_NAME_PK,SYS,WRH$_EVENT_NAME,UNIQUE,NORMAL,VALID,NO,N,VISIBLE
SYS,WRH$_FILEMETRIC_HISTORY_INDEX,SYS,WRH$_FILEMETRIC_HISTORY,NONUNIQUE,NORMAL,N/A,YES,N,VISIBLE
SYS,WRH$_FILEMETRIC_HISTORY_BL_INDEX,SYS,WRH$_FILEMETRIC_HISTORY_BL,NONUNIQUE,NORMAL,VALID,NO,N,VISIBLE
SYS,WRH$_FILESTATXS_PK,SYS,WRH$_FILESTATXS,UNIQUE,NORMAL,N/A,YES,N,VISIBLE
SYS,WRH$_FILESTATXS_BL_PK,SYS,WRH$_FILESTATXS_BL,UNIQUE,NORMAL,VALID,NO,N,VISIBLE
SYS,WRH$_IC_CLIENT_STATS_PK,SYS,WRH$_IC_CLIENT_STATS,UNIQUE,NORMAL,N/A,YES,N,VISIBLE
SYS,WRH$_IC_CLIENT_STATS_BL_PK,SYS,WRH$_IC_CLIENT_STATS_BL,UNIQUE,NORMAL,VALID,NO,N,VISIBLE
SYS,WRH$_IC_DEVICE_STATS_PK,SYS,WRH$_IC_DEVICE_STATS,UNIQUE,NORMAL,N/A,YES,N,VISIBLE
SYS,WRH$_IC_DEVICE_STATS_BL_PK,SYS,WRH$_IC_DEVICE_STATS_BL,UNIQUE,NORMAL,VALID,NO,N,VISIBLE
SYS,WRH$_IM_SEG_STAT_PK,SYS,WRH$_IM_SEG_STAT,UNIQUE,NORMAL,N/A,YES,N,VISIBLE
SYS,WRH$_IM_SEG_STAT_BL_PK,SYS,WRH$_IM_SEG_STAT_BL,UNIQUE,NORMAL,VALID,NO,N,VISIBLE
SYS,WRH$_IM_SEG_STAT_OBJ_PK,SYS,WRH$_IM_SEG_STAT_OBJ,UNIQUE,NORMAL,N/A,YES,N,VISIBLE
SYS,WRH$_IM_SEG_STAT_OBJ_BL_PK,SYS,WRH$_IM_SEG_STAT_OBJ_BL,UNIQUE,NORMAL,VALID,NO,N,VISIBLE
SYS,WRH$_INSTANCE_RECOVERY_PK,SYS,WRH$_INSTANCE_RECOVERY,UNIQUE,NORMAL,N/A,YES,N,VISIBLE
SYS,WRH$_INSTANCE_RECOVERY_BL_PK,SYS,WRH$_INSTANCE_RECOVERY_BL,UNIQUE,NORMAL,VALID,NO,N,VISIBLE
SYS,WRH$_INST_CACHE_TRANSFER_PK,SYS,WRH$_INST_CACHE_TRANSFER,UNIQUE,NORMAL,N/A,YES,N,VISIBLE
SYS,WRH$_INST_CACHE_TRANSFER_BL_PK,SYS,WRH$_INST_CACHE_TRANSFER_BL,UNIQUE,NORMAL,VALID,NO,N,VISIBLE
SYS,WRH$_INTERCONNECT_PINGS_PK,SYS,WRH$_INTERCONNECT_PINGS,UNIQUE,NORMAL,N/A,YES,N,VISIBLE
SYS,WRH$_INTERCONNECT_PINGS_BL_PK,SYS,WRH$_INTERCONNECT_PINGS_BL,UNIQUE,NORMAL,VALID,NO,N,VISIBLE
SYS,WRH$_IOSTAT_DETAIL_PK,SYS,WRH$_IOSTAT_DETAIL,UNIQUE,NORMAL,N/A,YES,N,VISIBLE
SYS,WRH$_IOSTAT_DETAIL_BL_PK,SYS,WRH$_IOSTAT_DETAIL_BL,UNIQUE,NORMAL,VALID,NO,N,VISIBLE
SYS,WRH$_IOSTAT_FILETYPE_PK,SYS,WRH$_IOSTAT_FILETYPE,UNIQUE,NORMAL,N/A,YES,N,VISIBLE
SYS,WRH$_IOSTAT_FILETYPE_BL_PK,SYS,WRH$_IOSTAT_FILETYPE_BL,UNIQUE,NORMAL,VALID,NO,N,VISIBLE
SYS,WRH$_IOSTAT_FILETYPE_NAME_PK,SYS,WRH$_IOSTAT_FILETYPE_NAME,UNIQUE,NORMAL,VALID,NO,N,VISIBLE
SYS,WRH$_IOSTAT_FUNCTION_PK,SYS,WRH$_IOSTAT_FUNCTION,UNIQUE,NORMAL,N/A,YES,N,VISIBLE
SYS,WRH$_IOSTAT_FUNCTION_BL_PK,SYS,WRH$_IOSTAT_FUNCTION_BL,UNIQUE,NORMAL,VALID,NO,N,VISIBLE
SYS,WRH$_IOSTAT_FUNCTION_NAME_PK,SYS,WRH$_IOSTAT_FUNCTION_NAME,UNIQUE,NORMAL,VALID,NO,N,VISIBLE
SYS,WRH$_JAVA_POOL_ADVICE_PK,SYS,WRH$_JAVA_POOL_ADVICE,UNIQUE,NORMAL,N/A,YES,N,VISIBLE
SYS,WRH$_JAVA_POOL_ADVICE_BL_PK,SYS,WRH$_JAVA_POOL_ADVICE_BL,UNIQUE,NORMAL,VALID,NO,N,VISIBLE
SYS,WRH$_LATCH_PK,SYS,WRH$_LATCH,UNIQUE,NORMAL,N/A,YES,N,VISIBLE
SYS,WRH$_LATCH_BL_PK,SYS,WRH$_LATCH_BL,UNIQUE,NORMAL,VALID,NO,N,VISIBLE
SYS,WRH$_LATCH_CHILDREN_PK,SYS,WRH$_LATCH_CHILDREN,UNIQUE,NORMAL,N/A,YES,N,VISIBLE
SYS,WRH$_LATCH_CHILDREN_BL_PK,SYS,WRH$_LATCH_CHILDREN_BL,UNIQUE,NORMAL,VALID,NO,N,VISIBLE
SYS,WRH$_LATCH_MISSES_SUMMARY_PK,SYS,WRH$_LATCH_MISSES_SUMMARY,UNIQUE,NORMAL,N/A,YES,N,VISIBLE
SYS,WRH$_LATCH_MISSES_SUMRY_BL_PK,SYS,WRH$_LATCH_MISSES_SUMMARY_BL,UNIQUE,NORMAL,VALID,NO,N,VISIBLE
SYS,WRH$_LATCH_NAME_PK,SYS,WRH$_LATCH_NAME,UNIQUE,NORMAL,VALID,NO,N,VISIBLE
SYS,WRH$_LATCH_PARENT_PK,SYS,WRH$_LATCH_PARENT,UNIQUE,NORMAL,N/A,YES,N,VISIBLE
SYS,WRH$_LATCH_PARENT_BL_PK,SYS,WRH$_LATCH_PARENT_BL,UNIQUE,NORMAL,VALID,NO,N,VISIBLE
SYS,WRH$_LIBRARYCACHE_PK,SYS,WRH$_LIBRARYCACHE,UNIQUE,NORMAL,N/A,YES,N,VISIBLE
SYS,WRH$_LIBRARYCACHE_BL_PK,SYS,WRH$_LIBRARYCACHE_BL,UNIQUE,NORMAL,VALID,NO,N,VISIBLE
SYS,WRH$_LMS_STATS_PK,SYS,WRH$_LMS_STATS,UNIQUE,NORMAL,N/A,YES,N,VISIBLE
SYS,WRH$_LMS_STATS_BL_PK,SYS,WRH$_LMS_STATS_BL,UNIQUE,NORMAL,VALID,NO,N,VISIBLE
SYS,WRH$_LOG_PK,SYS,WRH$_LOG,UNIQUE,NORMAL,N/A,YES,N,VISIBLE
SYS,WRH$_LOG_BL_PK,SYS,WRH$_LOG_BL,UNIQUE,NORMAL,VALID,NO,N,VISIBLE
SYS,WRH$_MEM_DYNAMIC_COMP_PK,SYS,WRH$_MEM_DYNAMIC_COMP,UNIQUE,NORMAL,N/A,YES,N,VISIBLE
SYS,WRH$_MEM_DYNAMIC_COMP_BL_PK,SYS,WRH$_MEM_DYNAMIC_COMP_BL,UNIQUE,NORMAL,VALID,NO,N,VISIBLE
SYS,WRH$_MEMORY_RESIZE_OPS_PK,SYS,WRH$_MEMORY_RESIZE_OPS,UNIQUE,NORMAL,N/A,YES,N,VISIBLE
SYS,WRH$_MEMORY_RESIZE_OPS_BL_PK,SYS,WRH$_MEMORY_RESIZE_OPS_BL,UNIQUE,NORMAL,VALID,NO,N,VISIBLE
SYS,WRH$_MEMORY_TARGET_ADVICE_PK,SYS,WRH$_MEMORY_TARGET_ADVICE,UNIQUE,NORMAL,N/A,YES,N,VISIBLE
SYS,WRH$_MEMORY_TARGET_ADVICE_BL_PK,SYS,WRH$_MEMORY_TARGET_ADVICE_BL,UNIQUE,NORMAL,VALID,NO,N,VISIBLE
SYS,WRH$_METRIC_NAME_PK,SYS,WRH$_METRIC_NAME,UNIQUE,NORMAL,VALID,NO,N,VISIBLE
SYS,WRH$_MTTR_TARGET_ADVICE_IDX,SYS,WRH$_MTTR_TARGET_ADVICE,NONUNIQUE,NORMAL,N/A,YES,N,VISIBLE
SYS,WRH$_MTTR_TARGET_ADVICE_BL_IDX,SYS,WRH$_MTTR_TARGET_ADVICE_BL,NONUNIQUE,NORMAL,VALID,NO,N,VISIBLE
SYS,WRH$_MUTEX_SLEEP_PK,SYS,WRH$_MUTEX_SLEEP,UNIQUE,NORMAL,N/A,YES,N,VISIBLE
SYS,WRH$_MUTEX_SLEEP_BL_PK,SYS,WRH$_MUTEX_SLEEP_BL,UNIQUE,NORMAL,VALID,NO,N,VISIBLE
SYS,WRH$_MVPARAMETER_PK,SYS,WRH$_MVPARAMETER,UNIQUE,NORMAL,N/A,YES,N,VISIBLE
SYS,WRH$_MVPARAMETER_BL_PK,SYS,WRH$_MVPARAMETER_BL,UNIQUE,NORMAL,VALID,NO,N,VISIBLE
SYS,WRH$_OPTIMIZER_ENV_PK,SYS,WRH$_OPTIMIZER_ENV,UNIQUE,NORMAL,N/A,YES,N,VISIBLE
SYS,WRH$_OPTIMIZER_ENV_BL_PK,SYS,WRH$_OPTIMIZER_ENV_BL,UNIQUE,NORMAL,VALID,NO,N,VISIBLE
SYS,WRH$_OSSTAT_PK,SYS,WRH$_OSSTAT,UNIQUE,NORMAL,N/A,YES,N,VISIBLE
SYS,WRH$_OSSTAT_BL_PK,SYS,WRH$_OSSTAT_BL,UNIQUE,NORMAL,VALID,NO,N,VISIBLE
SYS,WRH$_OSSTAT_NAME_PK,SYS,WRH$_OSSTAT_NAME,UNIQUE,NORMAL,VALID,NO,N,VISIBLE
SYS,WRH$_PARAMETER_PK,SYS,WRH$_PARAMETER,UNIQUE,NORMAL,N/A,YES,N,VISIBLE
SYS,WRH$_PARAMETER_BL_PK,SYS,WRH$_PARAMETER_BL,UNIQUE,NORMAL,VALID,NO,N,VISIBLE
SYS,WRH$_PARAMETER_NAME_PK,SYS,WRH$_PARAMETER_NAME,UNIQUE,NORMAL,VALID,NO,N,VISIBLE
SYS,WRH$_PERSISTENT_QMN_CACHE_PK,SYS,WRH$_PERSISTENT_QMN_CACHE,UNIQUE,NORMAL,N/A,YES,N,VISIBLE
SYS,WRH$_PERSISTENT_QMN_CACHE_BL_PK,SYS,WRH$_PERSISTENT_QMN_CACHE_BL,UNIQUE,NORMAL,VALID,NO,N,VISIBLE
SYS,WRH$_PERSISTENT_QUEUES_PK,SYS,WRH$_PERSISTENT_QUEUES,UNIQUE,NORMAL,N/A,YES,N,VISIBLE
SYS,WRH$_PERSISTENT_QUEUES_BL_PK,SYS,WRH$_PERSISTENT_QUEUES_BL,UNIQUE,NORMAL,VALID,NO,N,VISIBLE
SYS,WRH$_PERSISTENT_SUBSCRIBERS_PK,SYS,WRH$_PERSISTENT_SUBSCRIBERS,UNIQUE,NORMAL,N/A,YES,N,VISIBLE
SYS,WRH$_PERSISTENT_SUBSCRIBERS_BL_PK,SYS,WRH$_PERSISTENT_SUBSCRIBERS_BL,UNIQUE,NORMAL,VALID,NO,N,VISIBLE
SYS,WRH$_PGASTAT_PK,SYS,WRH$_PGASTAT,UNIQUE,NORMAL,N/A,YES,N,VISIBLE
SYS,WRH$_PGASTAT_BL_PK,SYS,WRH$_PGASTAT_BL,UNIQUE,NORMAL,VALID,NO,N,VISIBLE
SYS,WRH$_PGA_TARGET_ADVICE_PK,SYS,WRH$_PGA_TARGET_ADVICE,UNIQUE,NORMAL,N/A,YES,N,VISIBLE
SYS,WRH$_PGA_TARGET_ADVICE_BL_PK,SYS,WRH$_PGA_TARGET_ADVICE_BL,UNIQUE,NORMAL,VALID,NO,N,VISIBLE
SYS,WRH$_PLAN_OPERATION_NAME_PK,SYS,WRH$_PLAN_OPERATION_NAME,UNIQUE,NORMAL,VALID,NO,N,VISIBLE
SYS,WRH$_PLAN_OPTION_NAME_PK,SYS,WRH$_PLAN_OPTION_NAME,UNIQUE,NORMAL,VALID,NO,N,VISIBLE
SYS,WRH$_PROCESS_MEM_SUMMARY_PK,SYS,WRH$_PROCESS_MEMORY_SUMMARY,UNIQUE,NORMAL,N/A,YES,N,VISIBLE
SYS,WRH$_PROCESS_MEM_SUMMARY_BL_PK,SYS,WRH$_PROCESS_MEMORY_SUMMARY_BL,UNIQUE,NORMAL,VALID,NO,N,VISIBLE
SYS,WRH$_PROCESS_WAITTIME_PK,SYS,WRH$_PROCESS_WAITTIME,UNIQUE,NORMAL,N/A,YES,N,VISIBLE
SYS,WRH$_PROCESS_WAITTIME_BL_PK,SYS,WRH$_PROCESS_WAITTIME_BL,UNIQUE,NORMAL,VALID,NO,N,VISIBLE
SYS,WRH$_RECOVERY_PROGRESS_PK,SYS,WRH$_RECOVERY_PROGRESS,UNIQUE,NORMAL,N/A,YES,N,VISIBLE
SYS,WRH$_RECOVERY_PROGRESS_BL_PK,SYS,WRH$_RECOVERY_PROGRESS_BL,UNIQUE,NORMAL,VALID,NO,N,VISIBLE
SYS,WRH$_REPLICATION_TBL_STATS_PK,SYS,WRH$_REPLICATION_TBL_STATS,UNIQUE,NORMAL,N/A,YES,N,VISIBLE
SYS,WRH$_REPLICATION_TBL_STATS_BL_PK,SYS,WRH$_REPLICATION_TBL_STATS_BL,UNIQUE,NORMAL,VALID,NO,N,VISIBLE
SYS,WRH$_REPLICATION_TXN_STATS_PK,SYS,WRH$_REPLICATION_TXN_STATS,UNIQUE,NORMAL,N/A,YES,N,VISIBLE
SYS,WRH$_REPLICATION_TXN_STATS_BL_PK,SYS,WRH$_REPLICATION_TXN_STATS_BL,UNIQUE,NORMAL,VALID,NO,N,VISIBLE
SYS,WRH$_RESOURCE_LIMIT_PK,SYS,WRH$_RESOURCE_LIMIT,UNIQUE,NORMAL,N/A,YES,N,VISIBLE
SYS,WRH$_RESOURCE_LIMIT_BL_PK,SYS,WRH$_RESOURCE_LIMIT_BL,UNIQUE,NORMAL,VALID,NO,N,VISIBLE
SYS,WRH$_ROWCACHE_SUMMARY_PK,SYS,WRH$_ROWCACHE_SUMMARY,UNIQUE,NORMAL,N/A,YES,N,VISIBLE
SYS,WRH$_ROWCACHE_SUMMARY_BL_PK,SYS,WRH$_ROWCACHE_SUMMARY_BL,UNIQUE,NORMAL,VALID,NO,N,VISIBLE
SYS,WRH$_RSRC_CONSUMER_GROUP_PK,SYS,WRH$_RSRC_CONSUMER_GROUP,UNIQUE,NORMAL,N/A,YES,N,VISIBLE
SYS,WRH$_RSRC_CONSUMER_GROUP_BL_PK,SYS,WRH$_RSRC_CONSUMER_GROUP_BL,UNIQUE,NORMAL,VALID,NO,N,VISIBLE
SYS,WRH$_RSRC_METRIC_PK,SYS,WRH$_RSRC_METRIC,UNIQUE,NORMAL,N/A,YES,N,VISIBLE
SYS,WRH$_RSRC_METRIC_BL_PK,SYS,WRH$_RSRC_METRIC_BL,UNIQUE,NORMAL,VALID,NO,N,VISIBLE
SYS,WRH$_RSRC_PDB_METRIC_PK,SYS,WRH$_RSRC_PDB_METRIC,UNIQUE,NORMAL,N/A,YES,N,VISIBLE
SYS,WRH$_RSRC_PDB_METRIC_BL_PK,SYS,WRH$_RSRC_PDB_METRIC_BL,UNIQUE,NORMAL,VALID,NO,N,VISIBLE
SYS,WRH$_RSRC_PLAN_PK,SYS,WRH$_RSRC_PLAN,UNIQUE,NORMAL,N/A,YES,N,VISIBLE
SYS,WRH$_RSRC_PLAN_BL_PK,SYS,WRH$_RSRC_PLAN_BL,UNIQUE,NORMAL,VALID,NO,N,VISIBLE
SYS,WRH$_RULE_SET_PK,SYS,WRH$_RULE_SET,UNIQUE,NORMAL,N/A,YES,N,VISIBLE
SYS,WRH$_RULE_SET_BL_PK,SYS,WRH$_RULE_SET_BL,UNIQUE,NORMAL,VALID,NO,N,VISIBLE
SYS,WRH$_SEG_STAT_PK,SYS,WRH$_SEG_STAT,UNIQUE,NORMAL,N/A,YES,N,VISIBLE
SYS,WRH$_SEG_STAT_BL_PK,SYS,WRH$_SEG_STAT_BL,UNIQUE,NORMAL,VALID,NO,N,VISIBLE
SYS,WRH$_SEG_STAT_OBJ_INDEX,SYS,WRH$_SEG_STAT_OBJ,NONUNIQUE,NORMAL,N/A,YES,N,VISIBLE
SYS,WRH$_SEG_STAT_OBJ_PK,SYS,WRH$_SEG_STAT_OBJ,UNIQUE,NORMAL,N/A,YES,N,VISIBLE
SYS,WRH$_SEG_STAT_OBJ_BL_INDEX,SYS,WRH$_SEG_STAT_OBJ_BL,NONUNIQUE,NORMAL,VALID,NO,N,VISIBLE
SYS,WRH$_SEG_STAT_OBJ_BL_PK,SYS,WRH$_SEG_STAT_OBJ_BL,UNIQUE,NORMAL,VALID,NO,N,VISIBLE
SYS,WRH$_SERVICE_NAME_PK,SYS,WRH$_SERVICE_NAME,UNIQUE,NORMAL,N/A,YES,N,VISIBLE
SYS,WRH$_SERVICE_NAME_BL_PK,SYS,WRH$_SERVICE_NAME_BL,UNIQUE,NORMAL,VALID,NO,N,VISIBLE
SYS,WRH$_SERVICE_STAT_PK,SYS,WRH$_SERVICE_STAT,UNIQUE,NORMAL,N/A,YES,N,VISIBLE
SYS,WRH$_SERVICE_STAT_BL_PK,SYS,WRH$_SERVICE_STAT_BL,UNIQUE,NORMAL,VALID,NO,N,VISIBLE
SYS,WRH$_SERVICE_WAIT_CLASS_PK,SYS,WRH$_SERVICE_WAIT_CLASS,UNIQUE,NORMAL,N/A,YES,N,VISIBLE
SYS,WRH$_SERVICE_WAIT_CLASS_BL_PK,SYS,WRH$_SERVICE_WAIT_CLASS_BL,UNIQUE,NORMAL,VALID,NO,N,VISIBLE
SYS,WRH$_SESSMETRIC_HISTORY_INDEX,SYS,WRH$_SESSMETRIC_HISTORY,NONUNIQUE,NORMAL,N/A,YES,N,VISIBLE
SYS,WRH$_SESSMETRIC_HISTORY_BL_INDEX,SYS,WRH$_SESSMETRIC_HISTORY_BL,NONUNIQUE,NORMAL,VALID,NO,N,VISIBLE
SYS,WRH$_SESS_NETWORK_PK,SYS,WRH$_SESS_NETWORK,UNIQUE,NORMAL,N/A,YES,N,VISIBLE
SYS,WRH$_SESS_NETWORK_BL_PK,SYS,WRH$_SESS_NETWORK_BL,UNIQUE,NORMAL,VALID,NO,N,VISIBLE
SYS,WRH$_SESS_SGA_STATS_PK,SYS,WRH$_SESS_SGA_STATS,UNIQUE,NORMAL,N/A,YES,N,VISIBLE
SYS,WRH$_SESS_SGA_STATS_BL_PK,SYS,WRH$_SESS_SGA_STATS_BL,UNIQUE,NORMAL,VALID,NO,N,VISIBLE
SYS,WRH$_SESS_TIME_STATS_PK,SYS,WRH$_SESS_TIME_STATS,UNIQUE,NORMAL,N/A,YES,N,VISIBLE
SYS,WRH$_SESS_TIME_STATS_BL_PK,SYS,WRH$_SESS_TIME_STATS_BL,UNIQUE,NORMAL,VALID,NO,N,VISIBLE
SYS,WRH$_SGA_PK,SYS,WRH$_SGA,UNIQUE,NORMAL,N/A,YES,N,VISIBLE
SYS,WRH$_SGA_BL_PK,SYS,WRH$_SGA_BL,UNIQUE,NORMAL,VALID,NO,N,VISIBLE
SYS,WRH$_SGASTAT_U,SYS,WRH$_SGASTAT,UNIQUE,NORMAL,N/A,YES,N,VISIBLE
SYS,WRH$_SGASTAT_BL_U,SYS,WRH$_SGASTAT_BL,UNIQUE,NORMAL,VALID,NO,N,VISIBLE
SYS,WRH$_SGA_TARGET_ADVICE_PK,SYS,WRH$_SGA_TARGET_ADVICE,UNIQUE,NORMAL,N/A,YES,N,VISIBLE
SYS,WRH$_SGA_TARGET_ADVICE_BL_PK,SYS,WRH$_SGA_TARGET_ADVICE_BL,UNIQUE,NORMAL,VALID,NO,N,VISIBLE
SYS,WRH$_SHARED_POOL_ADVICE_PK,SYS,WRH$_SHARED_POOL_ADVICE,UNIQUE,NORMAL,N/A,YES,N,VISIBLE
SYS,WRH$_SHARED_POOL_ADVICE_BL_PK,SYS,WRH$_SHARED_POOL_ADVICE_BL,UNIQUE,NORMAL,VALID,NO,N,VISIBLE
SYS,WRH$_SHARED_SERVER_SUMMARY_PK,SYS,WRH$_SHARED_SERVER_SUMMARY,UNIQUE,NORMAL,N/A,YES,N,VISIBLE
SYS,WRH$_SHARED_SERVER_SUMMARY_BL_PK,SYS,WRH$_SHARED_SERVER_SUMMARY_BL,UNIQUE,NORMAL,VALID,NO,N,VISIBLE
SYS,WRH$_SQL_BIND_METADATA_PK,SYS,WRH$_SQL_BIND_METADATA,UNIQUE,NORMAL,N/A,YES,N,VISIBLE
SYS,WRH$_SQL_BIND_METADATA_BL_PK,SYS,WRH$_SQL_BIND_METADATA_BL,UNIQUE,NORMAL,VALID,NO,N,VISIBLE
SYS,WRH$_SQLCOMMAND_NAME_PK,SYS,WRH$_SQLCOMMAND_NAME,UNIQUE,NORMAL,VALID,NO,N,VISIBLE
SYS,SYS_IL0000011835C00038$$,SYS,WRH$_SQL_PLAN,UNIQUE,LOB,N/A,YES,N,VISIBLE
SYS,WRH$_SQL_PLAN_PK,SYS,WRH$_SQL_PLAN,UNIQUE,NORMAL,N/A,YES,N,VISIBLE
SYS,SYS_IL0000011843C00038$$,SYS,WRH$_SQL_PLAN_BL,UNIQUE,LOB,VALID,NO,N,VISIBLE
SYS,WRH$_SQL_PLAN_BL_PK,SYS,WRH$_SQL_PLAN_BL,UNIQUE,NORMAL,VALID,NO,N,VISIBLE
SYS,WRH$_SQLSTAT_INDEX,SYS,WRH$_SQLSTAT,NONUNIQUE,NORMAL,N/A,YES,N,VISIBLE
SYS,WRH$_SQLSTAT_PK,SYS,WRH$_SQLSTAT,UNIQUE,NORMAL,N/A,YES,N,VISIBLE
SYS,WRH$_SQLSTAT_BL_INDEX,SYS,WRH$_SQLSTAT_BL,NONUNIQUE,NORMAL,VALID,NO,N,VISIBLE
SYS,WRH$_SQLSTAT_BL_PK,SYS,WRH$_SQLSTAT_BL,UNIQUE,NORMAL,VALID,NO,N,VISIBLE
SYS,WRH$_SQL_SUMMARY_PK,SYS,WRH$_SQL_SUMMARY,UNIQUE,NORMAL,N/A,YES,N,VISIBLE
SYS,WRH$_SQL_SUMMARY_BL_PK,SYS,WRH$_SQL_SUMMARY_BL,UNIQUE,NORMAL,VALID,NO,N,VISIBLE
SYS,SYS_IL0000011815C00004$$,SYS,WRH$_SQLTEXT,UNIQUE,LOB,N/A,YES,N,VISIBLE
SYS,WRH$_SQLTEXT_PK,SYS,WRH$_SQLTEXT,UNIQUE,NORMAL,N/A,YES,N,VISIBLE
SYS,SYS_IL0000011823C00004$$,SYS,WRH$_SQLTEXT_BL,UNIQUE,LOB,VALID,NO,N,VISIBLE
SYS,WRH$_SQLTEXT_BL_PK,SYS,WRH$_SQLTEXT_BL,UNIQUE,NORMAL,VALID,NO,N,VISIBLE
SYS,WRH$_SQL_WORKAREA_HIST_PK,SYS,WRH$_SQL_WORKAREA_HISTOGRAM,UNIQUE,NORMAL,N/A,YES,N,VISIBLE
SYS,WRH$_SQL_WORKAREA_HIST_BL_PK,SYS,WRH$_SQL_WORKAREA_HISTOGRAM_BL,UNIQUE,NORMAL,VALID,NO,N,VISIBLE
SYS,SYS_IL0000021702C00038$$,SYS,WRHS$_SQL_PLAN,UNIQUE,LOB,VALID,NO,N,VISIBLE
SYS,SYS_IL0000021699C00004$$,SYS,WRHS$_SQLTEXT,UNIQUE,LOB,VALID,NO,N,VISIBLE
SYS,WRH$_STAT_NAME_PK,SYS,WRH$_STAT_NAME,UNIQUE,NORMAL,VALID,NO,N,VISIBLE
SYS,WRH$_STREAMS_APPLY_SUM_PK,SYS,WRH$_STREAMS_APPLY_SUM,UNIQUE,NORMAL,N/A,YES,N,VISIBLE
SYS,WRH$_STREAMS_APPLY_SUM_BL_PK,SYS,WRH$_STREAMS_APPLY_SUM_BL,UNIQUE,NORMAL,VALID,NO,N,VISIBLE
SYS,WRH$_STREAMS_CAPTURE_PK,SYS,WRH$_STREAMS_CAPTURE,UNIQUE,NORMAL,N/A,YES,N,VISIBLE
SYS,WRH$_STREAMS_CAPTURE_BL_PK,SYS,WRH$_STREAMS_CAPTURE_BL,UNIQUE,NORMAL,VALID,NO,N,VISIBLE
SYS,WRH$_STREAMS_POOL_ADVICE_PK,SYS,WRH$_STREAMS_POOL_ADVICE,UNIQUE,NORMAL,N/A,YES,N,VISIBLE
SYS,WRH$_STREAMS_POOL_ADVICE_BL_PK,SYS,WRH$_STREAMS_POOL_ADVICE_BL,UNIQUE,NORMAL,VALID,NO,N,VISIBLE
SYS,WRH$_SYSMETRIC_HISTORY_INDEX,SYS,WRH$_SYSMETRIC_HISTORY,NONUNIQUE,NORMAL,N/A,YES,N,VISIBLE
SYS,WRH$_SYSMETRIC_HISTORY_BL_IDX,SYS,WRH$_SYSMETRIC_HISTORY_BL,NONUNIQUE,NORMAL,VALID,NO,N,VISIBLE
SYS,WRH$_SYSMETRIC_SUMMARY_INDEX,SYS,WRH$_SYSMETRIC_SUMMARY,NONUNIQUE,NORMAL,N/A,YES,N,VISIBLE
SYS,WRH$_SYSMETRIC_SUMMARY_BL_INDEX,SYS,WRH$_SYSMETRIC_SUMMARY_BL,NONUNIQUE,NORMAL,VALID,NO,N,VISIBLE
SYS,WRH$_SYSSTAT_PK,SYS,WRH$_SYSSTAT,UNIQUE,NORMAL,N/A,YES,N,VISIBLE
SYS,WRH$_SYSSTAT_BL_PK,SYS,WRH$_SYSSTAT_BL,UNIQUE,NORMAL,VALID,NO,N,VISIBLE
SYS,WRH$_SYSTEM_EVENT_PK,SYS,WRH$_SYSTEM_EVENT,UNIQUE,NORMAL,N/A,YES,N,VISIBLE
SYS,WRH$_SYSTEM_EVENT_BL_PK,SYS,WRH$_SYSTEM_EVENT_BL,UNIQUE,NORMAL,VALID,NO,N,VISIBLE
SYS,WRH$_SYS_TIME_MODEL_PK,SYS,WRH$_SYS_TIME_MODEL,UNIQUE,NORMAL,N/A,YES,N,VISIBLE
SYS,WRH$_SYS_TIME_MODEL_BL_PK,SYS,WRH$_SYS_TIME_MODEL_BL,UNIQUE,NORMAL,VALID,NO,N,VISIBLE
SYS,WRH$_TABLESPACE_PK,SYS,WRH$_TABLESPACE,UNIQUE,NORMAL,N/A,YES,N,VISIBLE
SYS,WRH$_TABLESPACE_BL_PK,SYS,WRH$_TABLESPACE_BL,UNIQUE,NORMAL,VALID,NO,N,VISIBLE
SYS,WRH$_TS_SPACE_USAGE_IND,SYS,WRH$_TABLESPACE_SPACE_USAGE,NONUNIQUE,NORMAL,N/A,YES,N,VISIBLE
SYS,WRH$_TS_SPACE_USAGE_BL_IND,SYS,WRH$_TABLESPACE_SPACE_USAGE_BL,NONUNIQUE,NORMAL,VALID,NO,N,VISIBLE
SYS,WRH$_TABLESPACE_STAT_PK,SYS,WRH$_TABLESPACE_STAT,UNIQUE,NORMAL,N/A,YES,N,VISIBLE
SYS,WRH$_TABLESPACE_STAT_BL_PK,SYS,WRH$_TABLESPACE_STAT_BL,UNIQUE,NORMAL,VALID,NO,N,VISIBLE
SYS,WRH$_TEMPFILE_PK,SYS,WRH$_TEMPFILE,UNIQUE,NORMAL,N/A,YES,N,VISIBLE
SYS,WRH$_TEMPFILE_BL_PK,SYS,WRH$_TEMPFILE_BL,UNIQUE,NORMAL,VALID,NO,N,VISIBLE
SYS,WRH$_TEMPSTATXS_PK,SYS,WRH$_TEMPSTATXS,UNIQUE,NORMAL,N/A,YES,N,VISIBLE
SYS,WRH$_TEMPSTATXS_BL_PK,SYS,WRH$_TEMPSTATXS_BL,UNIQUE,NORMAL,VALID,NO,N,VISIBLE
SYS,WRH$_THREAD_PK,SYS,WRH$_THREAD,UNIQUE,NORMAL,N/A,YES,N,VISIBLE
SYS,WRH$_THREAD_BL_PK,SYS,WRH$_THREAD_BL,UNIQUE,NORMAL,VALID,NO,N,VISIBLE
SYS,WRH$_TOPLEVELCALL_NAME_PK,SYS,WRH$_TOPLEVELCALL_NAME,UNIQUE,NORMAL,VALID,NO,N,VISIBLE
SYS,WRH$_UNDOSTAT_PK,SYS,WRH$_UNDOSTAT,UNIQUE,NORMAL,N/A,YES,N,VISIBLE
SYS,WRH$_UNDOSTAT_BL_PK,SYS,WRH$_UNDOSTAT_BL,UNIQUE,NORMAL,VALID,NO,N,VISIBLE
SYS,WRH$_WAITCLASSMETRIC_HIST_IND,SYS,WRH$_WAITCLASSMETRIC_HISTORY,NONUNIQUE,NORMAL,N/A,YES,N,VISIBLE
SYS,WRH$_WAITCLASSMETRIC_HIST_BL_IND,SYS,WRH$_WAITCLASSMETRIC_HISTORY_BL,NONUNIQUE,NORMAL,VALID,NO,N,VISIBLE
SYS,WRH$_WAITSTAT_PK,SYS,WRH$_WAITSTAT,UNIQUE,NORMAL,N/A,YES,N,VISIBLE
SYS,WRH$_WAITSTAT_BL_PK,SYS,WRH$_WAITSTAT_BL,UNIQUE,NORMAL,VALID,NO,N,VISIBLE
SYS,SYS_IL0000008871C00011$$,SYS,WRI$_ADV_ACTIONS,UNIQUE,LOB,VALID,NO,N,VISIBLE
SYS,SYS_IL0000008871C00012$$,SYS,WRI$_ADV_ACTIONS,UNIQUE,LOB,VALID,NO,N,VISIBLE
SYS,WRI$_ADV_ACTIONS_PK,SYS,WRI$_ADV_ACTIONS,UNIQUE,NORMAL,VALID,NO,N,VISIBLE
SYS,SYS_C002548,SYS,WRI$_ADV_ADDM_FDG,UNIQUE,NORMAL,VALID,NO,N,VISIBLE
SYS,SYS_C002545,SYS,WRI$_ADV_ADDM_INST,UNIQUE,NORMAL,VALID,NO,N,VISIBLE
SYS,SYS_C002542,SYS,WRI$_ADV_ADDM_TASKS,UNIQUE,NORMAL,VALID,NO,N,VISIBLE
SYS,WRI$_ADV_ADDM_TASKS_IDX_01,SYS,WRI$_ADV_ADDM_TASKS,NONUNIQUE,NORMAL,VALID,NO,N,VISIBLE
SYS,SYS_C002556,SYS,WRI$_ADV_ADDM_TODO,UNIQUE,NORMAL,VALID,NO,N,VISIBLE
SYS,SYS_IL0000008977C00012$$,SYS,WRI$_ADV_AI_COL_USAGE,UNIQUE,LOB,VALID,NO,N,VISIBLE
SYS,WRI$_ADV_AI_COL_USAGE_PK,SYS,WRI$_ADV_AI_COL_USAGE,UNIQUE,NORMAL,VALID,NO,N,VISIBLE
SYS,WRI$_ADV_AI_COL_USAGE_01,SYS,WRI$_ADV_AI_COL_USAGE,NONUNIQUE,NORMAL,VALID,NO,N,VISIBLE
SYS,WRI$_ADV_AI_COL_USAGE_02,SYS,WRI$_ADV_AI_COL_USAGE,NONUNIQUE,NORMAL,VALID,NO,N,VISIBLE
SYS,SYS_IL0000008984C00002$$,SYS,WRI$_ADV_AI_EXP_USAGE,UNIQUE,LOB,VALID,NO,Y,VISIBLE
SYS,WRI$_ADV_AUTOMV_DT_PK,SYS,WRI$_ADV_AUTOMV_DT,UNIQUE,NORMAL,VALID,NO,N,VISIBLE
SYS,SYS_IL0000009910C00007$$,SYS,WRI$_ADV_AUTOMV_MV_CAND,UNIQUE,LOB,VALID,NO,N,VISIBLE
SYS,SYS_IL0000009910C00008$$,SYS,WRI$_ADV_AUTOMV_MV_CAND,UNIQUE,LOB,VALID,NO,N,VISIBLE
SYS,WRI$_ADV_AUTOMV_MV_CAND_PK,SYS,WRI$_ADV_AUTOMV_MV_CAND,UNIQUE,NORMAL,VALID,NO,N,VISIBLE
SYS,WRI$_ADV_AUTOMV_QRY_MV_MAP_PK,SYS,WRI$_ADV_AUTOMV_MV_QRY_MAP,UNIQUE,NORMAL,VALID,NO,N,VISIBLE
SYS,SYS_IL0000009922C00006$$,SYS,WRI$_ADV_AUTOMV_MV_SAMP,UNIQUE,LOB,VALID,NO,N,VISIBLE
SYS,SYS_IL0000009922C00007$$,SYS,WRI$_ADV_AUTOMV_MV_SAMP,UNIQUE,LOB,VALID,NO,N,VISIBLE
SYS,WRI$_ADV_AUTOMV_MV_SAMP_PK,SYS,WRI$_ADV_AUTOMV_MV_SAMP,UNIQUE,NORMAL,VALID,NO,N,VISIBLE
SYS,WRI$_ADV_AUTOMV_MV_RSET_PK,SYS,WRI$_ADV_AUTOMV_RSET,UNIQUE,NORMAL,VALID,NO,N,VISIBLE
SYS,WRI$_ADV_AUTOMV_STATE_PK,SYS,WRI$_ADV_AUTOMV_STATE,UNIQUE,NORMAL,VALID,NO,N,VISIBLE
SYS,WRI$_ADV_DEF_ACTION_PK,SYS,WRI$_ADV_DEF_EXEC_TYPES,UNIQUE,NORMAL,VALID,NO,N,VISIBLE
SYS,WRI$_ADV_DEFINITIONS_PK,SYS,WRI$_ADV_DEFINITIONS,UNIQUE,NORMAL,VALID,NO,N,VISIBLE
SYS,WRI$_ADV_DEF_PARAMETERS_PK,SYS,WRI$_ADV_DEF_PARAMETERS,UNIQUE,NORMAL,VALID,NO,N,VISIBLE
SYS,WRI$_ADV_DIR_IDX_01,SYS,WRI$_ADV_DIRECTIVE_DEFS,NONUNIQUE,NORMAL,VALID,NO,N,VISIBLE
SYS,WRI$_ADV_DIR_IDX_02,SYS,WRI$_ADV_DIRECTIVE_DEFS,NONUNIQUE,NORMAL,VALID,NO,N,VISIBLE
SYS,SYS_IL0000008899C00005$$,SYS,WRI$_ADV_DIRECTIVE_INSTANCES,UNIQUE,LOB,VALID,NO,N,VISIBLE
SYS,WRI$_ADV_DIRINST_IDX_01,SYS,WRI$_ADV_DIRECTIVE_INSTANCES,NONUNIQUE,NORMAL,VALID,NO,N,VISIBLE
SYS,WRI$_ADV_DIRINST_IDX_02,SYS,WRI$_ADV_DIRECTIVE_INSTANCES,NONUNIQUE,NORMAL,VALID,NO,N,VISIBLE
SYS,SYS_IL0000008894C00002$$,SYS,WRI$_ADV_DIRECTIVE_META,UNIQUE,LOB,VALID,NO,N,VISIBLE
SYS,WRI$_ADV_DIRM_IDX_01,SYS,WRI$_ADV_DIRECTIVE_META,NONUNIQUE,NORMAL,VALID,NO,N,VISIBLE
SYS,WRI$_ADV_EXEC_PARAMETERS_PK,SYS,WRI$_ADV_EXEC_PARAMETERS,UNIQUE,NORMAL,VALID,NO,N,VISIBLE
SYS,WRI$_ADV_EXECS_IDX_01,SYS,WRI$_ADV_EXECUTIONS,UNIQUE,NORMAL,VALID,NO,N,VISIBLE
SYS,WRI$_ADV_EXECS_IDX_02,SYS,WRI$_ADV_EXECUTIONS,NONUNIQUE,NORMAL,VALID,NO,N,VISIBLE
SYS,WRI$_ADV_EXECS_IDX_03,SYS,WRI$_ADV_EXECUTIONS,NONUNIQUE,NORMAL,VALID,NO,N,VISIBLE
SYS,WRI$_ADV_EXECS_PK,SYS,WRI$_ADV_EXECUTIONS,UNIQUE,NORMAL,VALID,NO,N,VISIBLE
SYS,WRI$_ADV_FINDINGS_IDX_01,SYS,WRI$_ADV_FINDINGS,UNIQUE,NORMAL,VALID,NO,N,VISIBLE
SYS,WRI$_ADV_FINDINGS_IDX_02,SYS,WRI$_ADV_FINDINGS,UNIQUE,NORMAL,VALID,NO,N,VISIBLE
SYS,WRI$_ADV_FINDINGS_PK,SYS,WRI$_ADV_FINDINGS,UNIQUE,NORMAL,VALID,NO,N,VISIBLE
SYS,SYS_C002473,SYS,WRI$_ADV_INST_FDG,UNIQUE,NORMAL,VALID,NO,N,VISIBLE
SYS,WRI$_ADV_JOURNAL,SYS,WRI$_ADV_JOURNAL,UNIQUE,NORMAL,VALID,NO,N,VISIBLE
SYS,WRI$_ADV_MESSAGE_GROUPS_PK,SYS,WRI$_ADV_MESSAGE_GROUPS,UNIQUE,NORMAL,VALID,NO,N,VISIBLE
SYS,WRI$_ADV_MSG_GRPS_IDX_01,SYS,WRI$_ADV_MESSAGE_GROUPS,NONUNIQUE,NORMAL,VALID,NO,N,VISIBLE
SYS,SYS_IL0000008837C00008$$,SYS,WRI$_ADV_OBJECTS,UNIQUE,LOB,VALID,NO,N,VISIBLE
SYS,SYS_IL0000008837C00025$$,SYS,WRI$_ADV_OBJECTS,UNIQUE,LOB,VALID,NO,N,VISIBLE
SYS,WRI$_ADV_OBJECTS_IDX_01,SYS,WRI$_ADV_OBJECTS,UNIQUE,NORMAL,VALID,NO,N,VISIBLE
SYS,WRI$_ADV_OBJECTS_IDX_02,SYS,WRI$_ADV_OBJECTS,NONUNIQUE,FUNCTION-BASED NORMAL,VALID,NO,N,VISIBLE
SYS,WRI$_ADV_OBJECTS_PK,SYS,WRI$_ADV_OBJECTS,UNIQUE,NORMAL,VALID,NO,N,VISIBLE
SYS,WRI$_ADV_PARAMETERS_PK,SYS,WRI$_ADV_PARAMETERS,UNIQUE,NORMAL,VALID,NO,N,VISIBLE
SYS,SYS_IL0000008878C00014$$,SYS,WRI$_ADV_RATIONALE,UNIQUE,LOB,VALID,NO,N,VISIBLE
SYS,WRI$_ADV_RATIONALE_PK,SYS,WRI$_ADV_RATIONALE,UNIQUE,NORMAL,VALID,NO,N,VISIBLE
SYS,WRI$_ADV_REC_ACTIONS_PK,SYS,WRI$_ADV_REC_ACTIONS,UNIQUE,NORMAL,VALID,NO,N,VISIBLE
SYS,WRI$_ADV_REC_PK,SYS,WRI$_ADV_RECOMMENDATIONS,UNIQUE,NORMAL,VALID,NO,N,VISIBLE
SYS,WRI$_ADV_RECS_IDX_01,SYS,WRI$_ADV_RECOMMENDATIONS,UNIQUE,NORMAL,VALID,NO,N,VISIBLE
SYS,WRI$_ADV_RECS_IDX_02,SYS,WRI$_ADV_RECOMMENDATIONS,UNIQUE,NORMAL,VALID,NO,N,VISIBLE
SYS,WRI$_ADV_SQLA_CV_PK,SYS,WRI$_ADV_SQLA_COLVOL,UNIQUE,NORMAL,VALID,NO,N,VISIBLE
SYS,WRI$_ADV_SQLA_FREG_IDX_01,SYS,WRI$_ADV_SQLA_FAKE_REG,NONUNIQUE,NORMAL,VALID,NO,N,VISIBLE
SYS,WRI$_ADV_SQLA_MAP_01,SYS,WRI$_ADV_SQLA_MAP,NONUNIQUE,NORMAL,VALID,NO,N,VISIBLE
SYS,WRI$_ADV_SQLA_STMTS_IDX_01,SYS,WRI$_ADV_SQLA_STMTS,NONUNIQUE,NORMAL,VALID,NO,N,VISIBLE
SYS,WRI$_ADV_SQLA_STMTS_IDX_02,SYS,WRI$_ADV_SQLA_STMTS,NONUNIQUE,NORMAL,VALID,NO,N,VISIBLE
SYS,WRI$_ADV_SQLA_SUM_PK,SYS,WRI$_ADV_SQLA_SUM,UNIQUE,NORMAL,VALID,NO,N,VISIBLE
SYS,WRI$_ADV_SQLA_TABLES_IDX_01,SYS,WRI$_ADV_SQLA_TABLES,NONUNIQUE,NORMAL,VALID,NO,N,VISIBLE
SYS,WRI$_ADV_SQLA_TV_PK,SYS,WRI$_ADV_SQLA_TABVOL,UNIQUE,NORMAL,VALID,NO,N,VISIBLE
SYS,WRI$_ADV_SQLA_TMP_PK,SYS,WRI$_ADV_SQLA_TMP,UNIQUE,NORMAL,VALID,NO,N,VISIBLE
SYS,SYS_IL0000009501C00004$$,SYS,WRI$_ADV_SQLT_BINDS,UNIQUE,LOB,VALID,NO,N,VISIBLE
SYS,WRI$_ADV_SQLT_BINDS_PK,SYS,WRI$_ADV_SQLT_BINDS,UNIQUE,NORMAL,VALID,NO,N,VISIBLE
SYS,WRI$_ADV_SQLT_PLAN_HASH_PK,SYS,WRI$_ADV_SQLT_PLAN_HASH,UNIQUE,NORMAL,VALID,NO,N,VISIBLE
SYS,WRI$_ADV_SQLT_PLAN_HASH_01,SYS,WRI$_ADV_SQLT_PLAN_HASH,UNIQUE,NORMAL,VALID,NO,N,VISIBLE
SYS,SYS_IL0000008924C00040$$,SYS,WRI$_ADV_SQLT_PLANS,UNIQUE,LOB,VALID,NO,N,VISIBLE
SYS,WRI$_ADV_SQLT_PLANS_PK,SYS,WRI$_ADV_SQLT_PLANS,UNIQUE,NORMAL,VALID,NO,N,VISIBLE
SYS,SYS_IL0000008918C00014$$,SYS,WRI$_ADV_SQLT_PLAN_STATS,UNIQUE,LOB,VALID,NO,N,VISIBLE
SYS,SYS_IL0000008918C00023$$,SYS,WRI$_ADV_SQLT_PLAN_STATS,UNIQUE,LOB,VALID,NO,N,VISIBLE
SYS,WRI$_ADV_SQLT_PLAN_STATS_PK,SYS,WRI$_ADV_SQLT_PLAN_STATS,UNIQUE,NORMAL,VALID,NO,N,VISIBLE
SYS,WRI$_ADV_SQLT_RTN_PLAN_PK,SYS,WRI$_ADV_SQLT_RTN_PLAN,UNIQUE,NORMAL,VALID,NO,N,VISIBLE
SYS,WRI$_ADV_SQLT_STATISTICS_PK,SYS,WRI$_ADV_SQLT_STATISTICS,UNIQUE,NORMAL,VALID,NO,N,VISIBLE
SYS,WRI$_ADV_SQLW_CV_PK,SYS,WRI$_ADV_SQLW_COLVOL,UNIQUE,NORMAL,VALID,NO,N,VISIBLE
SYS,SYS_IL0000009836C00018$$,SYS,WRI$_ADV_SQLW_STMTS,UNIQUE,LOB,VALID,NO,N,VISIBLE
SYS,WRI$_ADV_SQLW_STMTS_PK,SYS,WRI$_ADV_SQLW_STMTS,UNIQUE,NORMAL,VALID,NO,N,VISIBLE
SYS,WRI$_ADV_SQLW_SUM_PK,SYS,WRI$_ADV_SQLW_SUM,UNIQUE,NORMAL,VALID,NO,N,VISIBLE
SYS,WRI$_ADV_SQLW_TABLES_IDX_01,SYS,WRI$_ADV_SQLW_TABLES,NONUNIQUE,NORMAL,VALID,NO,N,VISIBLE
SYS,WRI$_ADV_SQLW_TV_PK,SYS,WRI$_ADV_SQLW_TABVOL,UNIQUE,NORMAL,VALID,NO,N,VISIBLE
SYS,WRI$_ADV_TASKS_IDX_01,SYS,WRI$_ADV_TASKS,UNIQUE,NORMAL,VALID,NO,N,VISIBLE
SYS,WRI$_ADV_TASKS_IDX_02,SYS,WRI$_ADV_TASKS,UNIQUE,NORMAL,VALID,NO,N,VISIBLE
SYS,WRI$_ADV_TASKS_IDX_03,SYS,WRI$_ADV_TASKS,NONUNIQUE,NORMAL,VALID,NO,N,VISIBLE
SYS,WRI$_ADV_TASKS_IDX_04,SYS,WRI$_ADV_TASKS,NONUNIQUE,NORMAL,VALID,NO,N,VISIBLE
SYS,WRI$_ADV_TASKS_PK,SYS,WRI$_ADV_TASKS,UNIQUE,NORMAL,VALID,NO,N,VISIBLE
SYS,WRI$_ADV_USAGE_PK,SYS,WRI$_ADV_USAGE,UNIQUE,NORMAL,VALID,NO,N,VISIBLE
SYS,WRI$_AGGREGATION_IND1,SYS,WRI$_AGGREGATION_ENABLED,UNIQUE,NORMAL,VALID,NO,N,VISIBLE
SYS,WRI$_ALERT_HISTORY_PK,SYS,WRI$_ALERT_HISTORY,UNIQUE,NORMAL,VALID,NO,N,VISIBLE
SYS,WRI$_ALERTS_OUTSTANDING_PK,SYS,WRI$_ALERT_OUTSTANDING,UNIQUE,NORMAL,VALID,NO,N,VISIBLE
SYS,WRI$_ALERT_THRESHOLD_PK,SYS,WRI$_ALERT_THRESHOLD,UNIQUE,NORMAL,VALID,NO,N,VISIBLE
SYS,WRI$_ALERT_THRESHOLD_LOG_PK,SYS,WRI$_ALERT_THRESHOLD_LOG,UNIQUE,NORMAL,VALID,NO,N,VISIBLE
SYS,WRI$_DBU_CPU_USAGE_PK,SYS,WRI$_DBU_CPU_USAGE,UNIQUE,NORMAL,VALID,NO,N,VISIBLE
SYS,WRI$_DBU_CPU_USAGE_SAMPLE_PK,SYS,WRI$_DBU_CPU_USAGE_SAMPLE,UNIQUE,NORMAL,VALID,NO,N,VISIBLE
SYS,SYS_IL0000009399C00003$$,SYS,WRI$_DBU_FEATURE_METADATA,UNIQUE,LOB,VALID,NO,N,VISIBLE
SYS,SYS_IL0000009399C00005$$,SYS,WRI$_DBU_FEATURE_METADATA,UNIQUE,LOB,VALID,NO,N,VISIBLE
SYS,WRI$_DBU_FEATURE_METADATA_PK,SYS,WRI$_DBU_FEATURE_METADATA,UNIQUE,NORMAL,VALID,NO,N,VISIBLE
SYS,SYS_IL0000009395C00008$$,SYS,WRI$_DBU_FEATURE_USAGE,UNIQUE,LOB,VALID,NO,N,VISIBLE
SYS,WRI$_DBU_FEATURE_USAGE_PK,SYS,WRI$_DBU_FEATURE_USAGE,UNIQUE,NORMAL,VALID,NO,N,VISIBLE
SYS,WRI$_DBU_HIGH_WATER_MARK_PK,SYS,WRI$_DBU_HIGH_WATER_MARK,UNIQUE,NORMAL,VALID,NO,N,VISIBLE
SYS,SYS_IL0000009407C00003$$,SYS,WRI$_DBU_HWM_METADATA,UNIQUE,LOB,VALID,NO,N,VISIBLE
SYS,WRI$_DBU_HWM_METADATA_PK,SYS,WRI$_DBU_HWM_METADATA,UNIQUE,NORMAL,VALID,NO,N,VISIBLE
SYS,WRI$_DBU_USAGE_SAMPLE_PK,SYS,WRI$_DBU_USAGE_SAMPLE,UNIQUE,NORMAL,VALID,NO,N,VISIBLE
SYS,SYS_IL0000007736C00004$$,SYS,WRI$_EMX_FILES,UNIQUE,LOB,VALID,NO,N,VISIBLE
SYS,SYS_IL0000007736C00005$$,SYS,WRI$_EMX_FILES,UNIQUE,LOB,VALID,NO,N,VISIBLE
SYS,WRI$_EMX_FILES_IDX_01,SYS,WRI$_EMX_FILES,UNIQUE,NORMAL,VALID,NO,N,VISIBLE
SYS,WRI$_EMX_FILES_PK,SYS,WRI$_EMX_FILES,UNIQUE,NORMAL,VALID,NO,N,VISIBLE
SYS,WRI$_INDEX_USAGE_PK,SYS,WRI$_INDEX_USAGE,UNIQUE,NORMAL,VALID,NO,N,VISIBLE
SYS,I_WRI$_OPTSTAT_AUX_ST,SYS,WRI$_OPTSTAT_AUX_HISTORY,NONUNIQUE,FUNCTION-BASED NORMAL,VALID,NO,N,VISIBLE
SYS,I_WRI$_OPTSTAT_H_OBJ#_ICOL#_ST,SYS,WRI$_OPTSTAT_HISTGRM_HISTORY,NONUNIQUE,FUNCTION-BASED NORMAL,VALID,NO,N,VISIBLE
SYS,I_WRI$_OPTSTAT_H_ST,SYS,WRI$_OPTSTAT_HISTGRM_HISTORY,NONUNIQUE,FUNCTION-BASED NORMAL,VALID,NO,N,VISIBLE
SYS,I_WRI$_OPTSTAT_HH_OBJ_ICOL_ST,SYS,WRI$_OPTSTAT_HISTHEAD_HISTORY,UNIQUE,FUNCTION-BASED NORMAL,VALID,NO,N,VISIBLE
SYS,I_WRI$_OPTSTAT_HH_ST,SYS,WRI$_OPTSTAT_HISTHEAD_HISTORY,NONUNIQUE,FUNCTION-BASED NORMAL,VALID,NO,N,VISIBLE
SYS,SYS_IL0000016015C00016$$,SYS,WRI$_OPTSTAT_HISTHEAD_HISTORY,UNIQUE,LOB,N/A,YES,N,VISIBLE
SYS,I_WRI$_OPTSTAT_IND_OBJ#_ST,SYS,WRI$_OPTSTAT_IND_HISTORY,UNIQUE,FUNCTION-BASED NORMAL,VALID,NO,N,VISIBLE
SYS,I_WRI$_OPTSTAT_IND_ST,SYS,WRI$_OPTSTAT_IND_HISTORY,NONUNIQUE,FUNCTION-BASED NORMAL,VALID,NO,N,VISIBLE
SYS,I_WRI$_OPTSTAT_OPR_ID,SYS,WRI$_OPTSTAT_OPR,NONUNIQUE,NORMAL,VALID,NO,N,VISIBLE
SYS,I_WRI$_OPTSTAT_OPR_STIME,SYS,WRI$_OPTSTAT_OPR,NONUNIQUE,FUNCTION-BASED NORMAL,VALID,NO,N,VISIBLE
SYS,I_WRI$_OPTSTAT_OPR_TASKS_OPID,SYS,WRI$_OPTSTAT_OPR_TASKS,NONUNIQUE,NORMAL,VALID,NO,N,VISIBLE
SYS,I_WRI$_OPTSTAT_OPR_TASKS_OPOBJ,SYS,WRI$_OPTSTAT_OPR_TASKS,NONUNIQUE,NORMAL,VALID,NO,N,VISIBLE
SYS,I_WRI$_OPTSTAT_OPR_TASKS_STIME,SYS,WRI$_OPTSTAT_OPR_TASKS,NONUNIQUE,FUNCTION-BASED NORMAL,VALID,NO,N,VISIBLE
SYS,I_WRI$_OPTSTAT_OPR_TASKS_TGST,SYS,WRI$_OPTSTAT_OPR_TASKS,NONUNIQUE,NORMAL,VALID,NO,N,VISIBLE
SYS,I_WRI$_OPTSTAT_SYNOPHEAD,SYS,WRI$_OPTSTAT_SYNOPSIS_HEAD$,UNIQUE,NORMAL,VALID,NO,N,VISIBLE
SYS,SYS_IL0000015974C00008$$,SYS,WRI$_OPTSTAT_SYNOPSIS_HEAD$,UNIQUE,LOB,VALID,NO,N,VISIBLE
SYS,I_WRI$_OPTSTAT_SYNOPPARTGRP,SYS,WRI$_OPTSTAT_SYNOPSIS_PARTGRP,UNIQUE,NORMAL,VALID,NO,N,VISIBLE
SYS,I_WRI$_OPTSTAT_TAB_OBJ#_ST,SYS,WRI$_OPTSTAT_TAB_HISTORY,UNIQUE,FUNCTION-BASED NORMAL,VALID,NO,N,VISIBLE
SYS,I_WRI$_OPTSTAT_TAB_ST,SYS,WRI$_OPTSTAT_TAB_HISTORY,NONUNIQUE,FUNCTION-BASED NORMAL,VALID,NO,N,VISIBLE
SYS,WRI$_OPTSTAT_TAB_MODEL_I1,SYS,WRI$_OPTSTAT_TAB_MODEL,UNIQUE,NORMAL,VALID,NO,N,VISIBLE
SYS,WRI$_REPT_COMPONENTS_IDX_01,SYS,WRI$_REPT_COMPONENTS,UNIQUE,NORMAL,VALID,NO,N,VISIBLE
SYS,WRI$_REPT_COMPONENTS_PK,SYS,WRI$_REPT_COMPONENTS,UNIQUE,NORMAL,VALID,NO,N,VISIBLE
SYS,WRI$_REPT_FORMATS_IDX_01,SYS,WRI$_REPT_FORMATS,UNIQUE,NORMAL,VALID,NO,N,VISIBLE
SYS,WRI$_REPT_FORMATS_PK,SYS,WRI$_REPT_FORMATS,UNIQUE,NORMAL,VALID,NO,N,VISIBLE
SYS,WRI$_REPT_REPORTS_IDX_01,SYS,WRI$_REPT_REPORTS,UNIQUE,NORMAL,VALID,NO,N,VISIBLE
SYS,WRI$_REPT_REPORTS_PK,SYS,WRI$_REPT_REPORTS,UNIQUE,NORMAL,VALID,NO,N,VISIBLE
SYS,WRM$_SCH_CONTROL_PK,SYS,WRI$_SCH_CONTROL,UNIQUE,NORMAL,VALID,NO,N,VISIBLE
SYS,WRM$_SCH_VOTES_PK,SYS,WRI$_SCH_VOTES,UNIQUE,NORMAL,VALID,NO,N,VISIBLE
SYS,WRI$_SEGADV_CNTRLTAB_PK,SYS,WRI$_SEGADV_CNTRLTAB,UNIQUE,NORMAL,VALID,NO,N,VISIBLE
SYS,WRI$_SEGADV_OBJLIST_IDX_AID,SYS,WRI$_SEGADV_OBJLIST,NONUNIQUE,NORMAL,VALID,NO,N,VISIBLE
SYS,WRI$_SEGADV_OBJLIST_IDX_OBJ,SYS,WRI$_SEGADV_OBJLIST,NONUNIQUE,NORMAL,VALID,NO,N,VISIBLE
SYS,WRI$_SEGADV_OBJLIST_IDX_OBJD,SYS,WRI$_SEGADV_OBJLIST,NONUNIQUE,NORMAL,VALID,NO,N,VISIBLE
SYS,WRI$_SEGADV_OBJLIST_IDX_TS,SYS,WRI$_SEGADV_OBJLIST,NONUNIQUE,NORMAL,VALID,NO,N,VISIBLE
SYS,SYS_IL0000009599C00005$$,SYS,WRI$_SQLSET_BINDS,UNIQUE,LOB,VALID,NO,N,VISIBLE
SYS,WRI$_SQLSET_BINDS_PK,SYS,WRI$_SQLSET_BINDS,UNIQUE,NORMAL,VALID,NO,N,VISIBLE
SYS,WRI$_SQLSET_DEFINITIONS_IDX_01,SYS,WRI$_SQLSET_DEFINITIONS,UNIQUE,NORMAL,VALID,NO,N,VISIBLE
SYS,WRI$_SQLSET_DEFINITIONS_PK,SYS,WRI$_SQLSET_DEFINITIONS,UNIQUE,NORMAL,VALID,NO,N,VISIBLE
SYS,SYS_IL0000009588C00005$$,SYS,WRI$_SQLSET_MASK,UNIQUE,LOB,VALID,NO,N,VISIBLE
SYS,WRI$_SQLSET_MASK_PK,SYS,WRI$_SQLSET_MASK,UNIQUE,NORMAL,VALID,NO,N,VISIBLE
SYS,SYS_IL0000009594C00039$$,SYS,WRI$_SQLSET_PLAN_LINES,UNIQUE,LOB,VALID,NO,N,VISIBLE
SYS,WRI$_SQLSET_PLAN_LINES_PK,SYS,WRI$_SQLSET_PLAN_LINES,UNIQUE,NORMAL,VALID,NO,N,VISIBLE
SYS,WRI$_SQLSET_PLANS_PK,SYS,WRI$_SQLSET_PLANS,UNIQUE,NORMAL,VALID,NO,N,VISIBLE
SYS,WRI$_SQLSET_PLANS_TOCAP_PK,SYS,WRI$_SQLSET_PLANS_TOCAP,UNIQUE,NORMAL,VALID,NO,Y,VISIBLE
SYS,WRI$_SQLSET_REFERENCES_PK,SYS,WRI$_SQLSET_REFERENCES,UNIQUE,NORMAL,VALID,NO,N,VISIBLE
SYS,WRI$_SQLSET_STATEMENTS_IDX_01,SYS,WRI$_SQLSET_STATEMENTS,UNIQUE,NORMAL,VALID,NO,N,VISIBLE
SYS,WRI$_SQLSET_STATEMENTS_IDX_02,SYS,WRI$_SQLSET_STATEMENTS,NONUNIQUE,NORMAL,VALID,NO,N,VISIBLE
SYS,WRI$_SQLSET_STATEMENTS_PK,SYS,WRI$_SQLSET_STATEMENTS,UNIQUE,NORMAL,VALID,NO,N,VISIBLE
SYS,WRI$_SQLSET_STATISTICS_PK,SYS,WRI$_SQLSET_STATISTICS,UNIQUE,NORMAL,VALID,NO,N,VISIBLE
SYS,SYS_IL0000009604C00005$$,SYS,WRI$_SQLSET_WORKSPACE,UNIQUE,LOB,VALID,NO,N,VISIBLE
SYS,SYS_IL0000009604C00008$$,SYS,WRI$_SQLSET_WORKSPACE,UNIQUE,LOB,VALID,NO,N,VISIBLE
SYS,SYS_IL0000009604C00010$$,SYS,WRI$_SQLSET_WORKSPACE,UNIQUE,LOB,VALID,NO,N,VISIBLE
SYS,WRI$_SQLSET_WORKSPACE_PK,SYS,WRI$_SQLSET_WORKSPACE,UNIQUE,NORMAL,VALID,NO,N,VISIBLE
SYS,SYS_IL0000009612C00036$$,SYS,WRI$_SQLSET_WORKSPACE_PLANS,UNIQUE,LOB,VALID,NO,N,VISIBLE
SYS,WRI$_SQLSET_WORKSPACE_PLANS_PK,SYS,WRI$_SQLSET_WORKSPACE_PLANS,UNIQUE,NORMAL,VALID,NO,N,VISIBLE
SYS,WRI$_SQLTEXT_REFCOUNT_PK,SYS,WRI$_SQLTEXT_REFCOUNT,UNIQUE,NORMAL,VALID,NO,N,VISIBLE
SYS,WRI$_STS_SENSITIVE_SQL_PK,SYS,WRI$_STS_SENSITIVE_SQL,UNIQUE,NORMAL,VALID,NO,N,VISIBLE
SYS,WRI$_TRACING_IND1,SYS,WRI$_TRACING_ENABLED,UNIQUE,NORMAL,VALID,NO,N,VISIBLE
SYS,WRM$_ACTIVE_PDBS_PK,SYS,WRM$_ACTIVE_PDBS,UNIQUE,NORMAL,N/A,YES,N,VISIBLE
SYS,WRM$_ACTIVE_PDBS_BL,SYS,WRM$_ACTIVE_PDBS_BL,UNIQUE,NORMAL,VALID,NO,N,VISIBLE
SYS,WRM$_BASELINE_PK,SYS,WRM$_BASELINE,UNIQUE,NORMAL,VALID,NO,N,VISIBLE
SYS,WRM$_BASELINE_DETAILS_PK,SYS,WRM$_BASELINE_DETAILS,UNIQUE,NORMAL,VALID,NO,N,VISIBLE
SYS,WRM$_BASELINE_TEMPLATE_PK,SYS,WRM$_BASELINE_TEMPLATE,UNIQUE,NORMAL,VALID,NO,N,VISIBLE
SYS,WRM$_COLORED_SQL_PK,SYS,WRM$_COLORED_SQL,UNIQUE,NORMAL,VALID,NO,N,VISIBLE
SYS,WRM$_DATABASE_INSTANCE_PK,SYS,WRM$_DATABASE_INSTANCE,UNIQUE,NORMAL,VALID,NO,N,VISIBLE
SYS,WRM$_PDB_IN_SNAP_PK,SYS,WRM$_PDB_IN_SNAP,UNIQUE,NORMAL,N/A,YES,N,VISIBLE
SYS,WRM$_PDB_IN_SNAP_BL_PK,SYS,WRM$_PDB_IN_SNAP_BL,UNIQUE,NORMAL,VALID,NO,N,VISIBLE
SYS,WRM$_PDB_INSTANCE_PK,SYS,WRM$_PDB_INSTANCE,UNIQUE,NORMAL,VALID,NO,N,VISIBLE
SYS,WRM$_SNAP_ERROR_PK,SYS,WRM$_SNAP_ERROR,UNIQUE,NORMAL,N/A,YES,N,VISIBLE
SYS,WRM$_SNAP_ERROR_BL_PK,SYS,WRM$_SNAP_ERROR_BL,UNIQUE,NORMAL,VALID,NO,N,VISIBLE
SYS,WRM$_SNAPSHOT_PK,SYS,WRM$_SNAPSHOT,UNIQUE,NORMAL,N/A,YES,N,VISIBLE
SYS,WRM$_SNAPSHOT_BL_PK,SYS,WRM$_SNAPSHOT_BL,UNIQUE,NORMAL,VALID,NO,N,VISIBLE
SYS,WRM$_SNAPSHOT_DETAILS_INDEX,SYS,WRM$_SNAPSHOT_DETAILS,NONUNIQUE,NORMAL,N/A,YES,N,VISIBLE
SYS,WRM$_SNAPSHOT_DETAILS_BL_INDEX,SYS,WRM$_SNAPSHOT_DETAILS_BL,NONUNIQUE,NORMAL,VALID,NO,N,VISIBLE
SYS,WRM$_TABLE_DEFAULT_SETTINGS_PK,SYS,WRM$_TABLE_DEFAULT_SETTINGS,UNIQUE,NORMAL,VALID,NO,N,VISIBLE
SYS,WRM$_TABLE_SETTINGS_PK,SYS,WRM$_TABLE_SETTINGS,UNIQUE,NORMAL,VALID,NO,N,VISIBLE
SYS,WRM$_WR_CATALOG_PK,SYS,WRM$_WR_CATALOG,UNIQUE,NORMAL,VALID,NO,N,VISIBLE
SYS,WRM$_WR_CATALOG_UQ,SYS,WRM$_WR_CATALOG,UNIQUE,NORMAL,VALID,NO,N,VISIBLE
SYS,WRM$_WR_CONTROL_PK,SYS,WRM$_WR_CONTROL,UNIQUE,NORMAL,VALID,NO,N,VISIBLE
SYS,WRM$_WR_SETTINGS_UNIQUE,SYS,WRM$_WR_SETTINGS,UNIQUE,FUNCTION-BASED NORMAL,VALID,NO,N,VISIBLE
SYS,WRM$_WR_USAGE_INDEX,SYS,WRM$_WR_USAGE,NONUNIQUE,NORMAL,VALID,NO,N,VISIBLE
SYS,WRP$_REPORTS_IDX01,SYS,WRP$_REPORTS,NONUNIQUE,NORMAL,N/A,YES,N,VISIBLE
SYS,WRP$_REPORTS_IDX02,SYS,WRP$_REPORTS,NONUNIQUE,NORMAL,N/A,YES,N,VISIBLE
SYS,WRP$_REPORTS_CONTROL_IDX01,SYS,WRP$_REPORTS_CONTROL,UNIQUE,NORMAL,VALID,NO,N,VISIBLE
SYS,SYS_IL0000007765C00009$$,SYS,WRP$_REPORTS_DETAILS,UNIQUE,LOB,N/A,YES,N,VISIBLE
SYS,WRP$_REPORTS_DETAILS_IDX01,SYS,WRP$_REPORTS_DETAILS,NONUNIQUE,NORMAL,N/A,YES,N,VISIBLE
SYS,WRP$_REPORTS_DETAILS_IDX02,SYS,WRP$_REPORTS_DETAILS,UNIQUE,NORMAL,N/A,YES,N,VISIBLE
SYS,WRR$_CAPTURE_BUCKETS_PK,SYS,WRR$_CAPTURE_BUCKETS,UNIQUE,NORMAL,VALID,NO,N,VISIBLE
SYS,WRR$_CAPTURE_FILE_DETAILS_PK,SYS,WRR$_CAPTURE_FILE_DETAILS,UNIQUE,NORMAL,VALID,NO,N,VISIBLE
SYS,WRR$_CAPTURE_FILES_PK,SYS,WRR$_CAPTURE_FILES,UNIQUE,NORMAL,VALID,NO,N,VISIBLE
SYS,SYS_IL0000009659C00003$$,SYS,WRR$_CAPTURE_LONG_SQLTEXT,UNIQUE,LOB,VALID,NO,N,VISIBLE
SYS,WRR$_CAPTURE_LONG_SQLTEXT_PK,SYS,WRR$_CAPTURE_LONG_SQLTEXT,UNIQUE,NORMAL,VALID,NO,N,VISIBLE
SYS,WRR$_CAPTURES_PK,SYS,WRR$_CAPTURES,UNIQUE,NORMAL,VALID,NO,N,VISIBLE
SYS,WRR$_CAPTURE_SCHEMA_INFO_IDX,SYS,WRR$_CAPTURE_SCHEMA_INFO,NONUNIQUE,NORMAL,VALID,NO,N,VISIBLE
SYS,WRR$_CAPTURE_SQLTEXT_PK,SYS,WRR$_CAPTURE_SQLTEXT,UNIQUE,NORMAL,VALID,NO,N,VISIBLE
SYS,WRR$_CAPTURE_STATS_PK,SYS,WRR$_CAPTURE_STATS,UNIQUE,NORMAL,VALID,NO,N,VISIBLE
SYS,WRR$_CONNECTION_MAP_PK,SYS,WRR$_CONNECTION_MAP,UNIQUE,NORMAL,VALID,NO,N,VISIBLE
SYS,WRR$_FILE_ID_MAP_PK,SYS,WRR$_FILE_ID_MAP,UNIQUE,NORMAL,VALID,NO,N,VISIBLE
SYS,WRR$_FILTERS_PK,SYS,WRR$_FILTERS,UNIQUE,NORMAL,VALID,NO,N,VISIBLE
SYS,WRR$_MASKING_PARAMETERS_PK,SYS,WRR$_MASKING_PARAMETERS,UNIQUE,NORMAL,VALID,NO,N,VISIBLE
SYS,WRR$_REPLAY_CALL_FILTER_PK,SYS,WRR$_REPLAY_CALL_FILTER,UNIQUE,NORMAL,VALID,NO,N,VISIBLE
SYS,SYS_IL0000009695C00005$$,SYS,WRR$_REPLAY_CALL_INFO,UNIQUE,LOB,VALID,NO,N,VISIBLE
SYS,WRR$_REPLAY_REMAPPING_PK,SYS,WRR$_REPLAY_COMMIT_REMAPPING,UNIQUE,IOT - TOP,VALID,NO,N,VISIBLE
SYS,WRR$_CONN_DATA_PK,SYS,WRR$_REPLAY_CONN_DATA,UNIQUE,NORMAL,VALID,NO,N,VISIBLE
SYS,WRR$_REPLAY_DATA_PK,SYS,WRR$_REPLAY_DATA,UNIQUE,NORMAL,VALID,NO,N,VISIBLE
SYS,WRR$_REPLAY_DIRS_PK,SYS,WRR$_REPLAY_DIRECTORY,UNIQUE,NORMAL,VALID,NO,N,VISIBLE
SYS,WRR$_REPLAY_DIVERGENCE_IDX,SYS,WRR$_REPLAY_DIVERGENCE,NONUNIQUE,NORMAL,N/A,YES,N,VISIBLE
SYS,WRR$_REPLAY_DIV_SUMMARY_INDEX,SYS,WRR$_REPLAY_DIV_SUMMARY,NONUNIQUE,NORMAL,N/A,YES,N,VISIBLE
SYS,WRR$_REPLAY_FILES_PK,SYS,WRR$_REPLAY_FILES,UNIQUE,NORMAL,VALID,NO,N,VISIBLE
SYS,WRR$_REPLAY_FILTER_SET_PK,SYS,WRR$_REPLAY_FILTER_SET,UNIQUE,NORMAL,VALID,NO,N,VISIBLE
SYS,WRR$_REPLAY_GROUP_ASSIGNS_PK,SYS,WRR$_REPLAY_GROUP_ASSIGNMENTS,UNIQUE,NORMAL,VALID,NO,N,VISIBLE
SYS,WRR$_REPLAY_IFSLA_PK,SYS,WRR$_REPLAY_IFSLA,UNIQUE,NORMAL,VALID,NO,N,VISIBLE
SYS,WRR$_REPLAY_INSTANCES_PK,SYS,WRR$_REPLAY_INSTANCES,UNIQUE,NORMAL,VALID,NO,N,VISIBLE
SYS,WRR$_REPLAY_LOGIN_QUEUE_PK,SYS,WRR$_REPLAY_LOGIN_QUEUE,UNIQUE,NORMAL,VALID,NO,N,VISIBLE
SYS,WRR$_REPLAYS_PK,SYS,WRR$_REPLAYS,UNIQUE,NORMAL,VALID,NO,N,VISIBLE
SYS,WRR$_REPLAY_SCHEDULES_PK,SYS,WRR$_REPLAY_SCHEDULES,UNIQUE,NORMAL,VALID,NO,N,VISIBLE
SYS,WRR$_REPLAY_SCN_ORDER_PK,SYS,WRR$_REPLAY_SCN_ORDER,UNIQUE,IOT - TOP,VALID,NO,N,VISIBLE
SYS,WRR$_REPLAY_SEQ_DATA_PK,SYS,WRR$_REPLAY_SEQ_DATA,UNIQUE,NORMAL,VALID,NO,N,VISIBLE
SYS,WRR$_REPLAY_SQL_BINDS_PK,SYS,WRR$_REPLAY_SQL_BINDS,UNIQUE,NORMAL,VALID,NO,N,VISIBLE
SYS,WRR$_REPLAY_SQL_MAP_PK,SYS,WRR$_REPLAY_SQL_MAP,UNIQUE,NORMAL,VALID,NO,N,VISIBLE
SYS,SYS_IL0000009710C00003$$,SYS,WRR$_REPLAY_SQL_TEXT,UNIQUE,LOB,VALID,NO,N,VISIBLE
SYS,WRR$_REPLAY_SQL_TEXT_PK,SYS,WRR$_REPLAY_SQL_TEXT,UNIQUE,NORMAL,VALID,NO,N,VISIBLE
SYS,WRR$_REPLAY_STATS_PK,SYS,WRR$_REPLAY_STATS,UNIQUE,NORMAL,VALID,NO,N,VISIBLE
SYS,WRR$_REPLAY_TRACKED_COMMITS_PK,SYS,WRR$_REPLAY_TRACKED_COMMITS,UNIQUE,NORMAL,VALID,NO,N,VISIBLE
SYS,WRR$_SCHEDULE_CAPTURES_PK,SYS,WRR$_SCHEDULE_CAPTURES,UNIQUE,NORMAL,VALID,NO,N,VISIBLE
SYS,WRR$_WORKLOAD_ATTRIBUTES_PK,SYS,WRR$_WORKLOAD_ATTRIBUTES,UNIQUE,IOT - TOP,VALID,NO,N,VISIBLE
SYS,WRR$_WORKLOAD_EX_OBJECTS_PK,SYS,WRR$_WORKLOAD_EX_OBJECTS,UNIQUE,NORMAL,VALID,NO,N,VISIBLE
SYS,WRR$_WORKLOAD_GROUPS_PK,SYS,WRR$_WORKLOAD_GROUPS,UNIQUE,NORMAL,VALID,NO,N,VISIBLE
SYS,WRR$_WKLD_REPLAY_THREAD_IDX,SYS,WRR$_WORKLOAD_REPLAY_THREAD,NONUNIQUE,NORMAL,N/A,YES,N,VISIBLE
SYS,WRWC$_EXP_CONTROL_PK,SYS,WRWC$_EXP_CONTROL,UNIQUE,NORMAL,VALID,NO,N,VISIBLE
SYS,WRW$_CLIENT_DELIVERY_SVC_PK,SYS,WRW$_CLIENT_DELIVERY_SVC,UNIQUE,NORMAL,VALID,NO,N,VISIBLE
SYS,WRW$_CLIENT_MAILPKG_PK,SYS,WRW$_CLIENT_MAILPKG,UNIQUE,NORMAL,VALID,NO,N,VISIBLE
SYS,WRW$_DOWNLOAD_STATS_PK,SYS,WRW$_DOWNLOAD_STATS,UNIQUE,NORMAL,VALID,NO,N,VISIBLE
SYS,WRW$_SERVER_MAILPKG_PK,SYS,WRW$_SERVER_MAILPKG,UNIQUE,NORMAL,VALID,NO,N,VISIBLE
SYS,WRWS$_WAREHOUSE_REG_PK,SYS,WRWS$_WAREHOUSE_REGISTRATION,UNIQUE,NORMAL,VALID,NO,N,VISIBLE
SYS,WRWS$_WAREHOUSE_REG_U,SYS,WRWS$_WAREHOUSE_REGISTRATION,UNIQUE,NORMAL,VALID,NO,N,VISIBLE
SYS,WRWS$_WAREHOUSE_REG_U2,SYS,WRWS$_WAREHOUSE_REGISTRATION,UNIQUE,NORMAL,VALID,NO,N,VISIBLE
SYS,WRW$_UPLOAD_STATS_PK,SYS,WRW$_UPLOAD_STATS,UNIQUE,NORMAL,VALID,NO,N,VISIBLE
SYS,WRW$_WAREHOUSE_CONFIG_PK,SYS,WRW$_WAREHOUSE_CONFIG,UNIQUE,NORMAL,VALID,NO,N,VISIBLE
SYS,WRW$_WAREHOUSE_CONFIG_U,SYS,WRW$_WAREHOUSE_CONFIG,UNIQUE,NORMAL,VALID,NO,N,VISIBLE
SYS,XS$ACE_PK,SYS,XS$ACE,UNIQUE,NORMAL,VALID,NO,N,VISIBLE
SYS,XS$ACE_PRIV_UK,SYS,XS$ACE_PRIV,UNIQUE,NORMAL,VALID,NO,N,VISIBLE
SYS,XS$ACL_PK,SYS,XS$ACL,UNIQUE,NORMAL,VALID,NO,N,VISIBLE
SYS,XS$ACL_PARAM_I1,SYS,XS$ACL_PARAM,UNIQUE,NORMAL,VALID,NO,N,VISIBLE
SYS,XS$ACL_PARAM_I2,SYS,XS$ACL_PARAM,NONUNIQUE,NORMAL,VALID,NO,N,VISIBLE
SYS,XS$ACL_PARAM_I3,SYS,XS$ACL_PARAM,NONUNIQUE,FUNCTION-BASED NORMAL,VALID,NO,N,VISIBLE
SYS,XS$AGGR_PRIV_UK,SYS,XS$AGGR_PRIV,UNIQUE,NORMAL,VALID,NO,N,VISIBLE
SYS,XS$ATTR_SEC_UK,SYS,XS$ATTR_SEC,UNIQUE,NORMAL,VALID,NO,N,VISIBLE
SYS,SYS_C003566,SYS,XS$CACHE_ACTIONS,UNIQUE,NORMAL,VALID,NO,N,VISIBLE
SYS,SYS_C00794,SYS,XSDB$SCHEMA_ACL,UNIQUE,NORMAL,VALID,NO,N,VISIBLE
SYS,XS$DSEC_PK,SYS,XS$DSEC,UNIQUE,NORMAL,VALID,NO,N,VISIBLE
SYS,XS$INSTSET_INH_PK,SYS,XS$INSTSET_INH,UNIQUE,NORMAL,VALID,NO,N,VISIBLE
SYS,XS$INSTSET_INH_KEY_UK,SYS,XS$INSTSET_INH_KEY,UNIQUE,NORMAL,VALID,NO,N,VISIBLE
SYS,XS$DSEC_INSTSET_UK,SYS,XS$INSTSET_LIST,UNIQUE,NORMAL,VALID,NO,N,VISIBLE
SYS,XS$INSTSET_RULE_PK,SYS,XS$INSTSET_RULE,UNIQUE,NORMAL,VALID,NO,N,VISIBLE
SYS,XS$NSTMPL_PK,SYS,XS$NSTMPL,UNIQUE,NORMAL,VALID,NO,N,VISIBLE
SYS,XS$NSTMPL_ATTR_I1,SYS,XS$NSTMPL_ATTR,UNIQUE,FUNCTION-BASED NORMAL,VALID,NO,N,VISIBLE
SYS,XS$OBJ_PK,SYS,XS$OBJ,UNIQUE,NORMAL,VALID,NO,N,VISIBLE
SYS,XS$OBJ_UK,SYS,XS$OBJ,UNIQUE,NORMAL,VALID,NO,N,VISIBLE
SYS,XS$POLICY_PARAM,SYS,XS$POLICY_PARAM,UNIQUE,NORMAL,VALID,NO,N,VISIBLE
SYS,XS$PRIN_PK,SYS,XS$PRIN,UNIQUE,NORMAL,VALID,NO,N,VISIBLE
SYS,XS$PRIV_I1,SYS,XS$PRIV,NONUNIQUE,NORMAL,VALID,NO,N,VISIBLE
SYS,XS$SC_PRIV_UK,SYS,XS$PRIV,UNIQUE,NORMAL,VALID,NO,N,VISIBLE
SYS,XS$PROXY_ROLE_UK,SYS,XS$PROXY_ROLE,UNIQUE,NORMAL,VALID,NO,N,VISIBLE
SYS,XS$ROLE_GRANT_UK,SYS,XS$ROLE_GRANT,UNIQUE,NORMAL,VALID,NO,N,VISIBLE
SYS,XS$ROLESET_PK,SYS,XS$ROLESET,UNIQUE,NORMAL,VALID,NO,N,VISIBLE
SYS,XS$ROLESET_ROLES_UK,SYS,XS$ROLESET_ROLES,UNIQUE,NORMAL,VALID,NO,N,VISIBLE
SYS,XS$SECCLS_PK,SYS,XS$SECCLS,UNIQUE,NORMAL,VALID,NO,N,VISIBLE
SYS,XS$SECCLS_H_UK,SYS,XS$SECCLS_H,UNIQUE,NORMAL,VALID,NO,N,VISIBLE
SYS,XS$TENANT_PK,SYS,XS$TENANT,UNIQUE,NORMAL,VALID,NO,N,VISIBLE
SYS,I_XSTREAM_DDL_CONFLICT_HDLR1,SYS,XSTREAM$_DDL_CONFLICT_HANDLER,NONUNIQUE,NORMAL,VALID,NO,N,VISIBLE
SYS,SYS_IL0000001139C00003$$,SYS,XSTREAM$_DDL_CONFLICT_HANDLER,UNIQUE,LOB,VALID,NO,N,VISIBLE
SYS,SYS_IL0000001139C00004$$,SYS,XSTREAM$_DDL_CONFLICT_HANDLER,UNIQUE,LOB,VALID,NO,N,VISIBLE
SYS,SYS_IL0000001139C00005$$,SYS,XSTREAM$_DDL_CONFLICT_HANDLER,UNIQUE,LOB,VALID,NO,N,VISIBLE
SYS,SYS_IL0000001139C00012$$,SYS,XSTREAM$_DDL_CONFLICT_HANDLER,UNIQUE,LOB,VALID,NO,N,VISIBLE
SYS,SYS_IL0000001139C00013$$,SYS,XSTREAM$_DDL_CONFLICT_HANDLER,UNIQUE,LOB,VALID,NO,N,VISIBLE
SYS,I_XSTREAM_DML_CONFLICT_COLS1,SYS,XSTREAM$_DML_CONFLICT_COLUMNS,NONUNIQUE,NORMAL,VALID,NO,N,VISIBLE
SYS,SYS_IL0000001125C00011$$,SYS,XSTREAM$_DML_CONFLICT_COLUMNS,UNIQUE,LOB,VALID,NO,N,VISIBLE
SYS,I_XSTREAM_DML_CONF_HANDLER1,SYS,XSTREAM$_DML_CONFLICT_HANDLER,NONUNIQUE,NORMAL,VALID,NO,N,VISIBLE
SYS,I_XSTREAM_DML_CONF_HANDLER2,SYS,XSTREAM$_DML_CONFLICT_HANDLER,UNIQUE,NORMAL,VALID,NO,N,VISIBLE
SYS,SYS_IL0000001118C00007$$,SYS,XSTREAM$_DML_CONFLICT_HANDLER,UNIQUE,LOB,VALID,NO,N,VISIBLE
SYS,SYS_IL0000001118C00024$$,SYS,XSTREAM$_DML_CONFLICT_HANDLER,UNIQUE,LOB,VALID,NO,N,VISIBLE
SYS,I_XSTREAM_HANDLE_COLLISIONS1,SYS,XSTREAM$_HANDLE_COLLISIONS,UNIQUE,NORMAL,VALID,NO,N,VISIBLE
SYS,SYS_IL0000001133C00016$$,SYS,XSTREAM$_HANDLE_COLLISIONS,UNIQUE,LOB,VALID,NO,N,VISIBLE
SYS,I_XSTREAM_MAP1,SYS,XSTREAM$_MAP,NONUNIQUE,NORMAL,VALID,NO,N,VISIBLE
SYS,SYS_IL0000001151C00006$$,SYS,XSTREAM$_MAP,UNIQUE,LOB,VALID,NO,N,VISIBLE
SYS,SYS_IL0000001151C00007$$,SYS,XSTREAM$_MAP,UNIQUE,LOB,VALID,NO,N,VISIBLE
SYS,SYS_IL0000001151C00015$$,SYS,XSTREAM$_MAP,UNIQUE,LOB,VALID,NO,N,VISIBLE
SYS,SYS_IL0000001151C00016$$,SYS,XSTREAM$_MAP,UNIQUE,LOB,VALID,NO,N,VISIBLE
SYS,I_XSTREAM_PARAMETERS,SYS,XSTREAM$_PARAMETERS,UNIQUE,NORMAL,VALID,NO,N,VISIBLE
SYS,SYS_IL0000001111C00011$$,SYS,XSTREAM$_PARAMETERS,UNIQUE,LOB,VALID,NO,N,VISIBLE
SYS,SYS_IL0000001111C00020$$,SYS,XSTREAM$_PARAMETERS,UNIQUE,LOB,VALID,NO,N,VISIBLE
SYS,I_XSTREAM_PRIVILEGES,SYS,XSTREAM$_PRIVILEGES,UNIQUE,NORMAL,VALID,NO,N,VISIBLE
SYS,I_XSTREAM_REPERROR_HANDLER1,SYS,XSTREAM$_REPERROR_HANDLER,UNIQUE,NORMAL,VALID,NO,N,VISIBLE
SYS,SYS_IL0000001129C00019$$,SYS,XSTREAM$_REPERROR_HANDLER,UNIQUE,LOB,VALID,NO,N,VISIBLE
SYS,I_XSTREAM_SERVER1,SYS,XSTREAM$_SERVER,UNIQUE,NORMAL,VALID,NO,N,VISIBLE
SYS,I_XSTREAM_SERVER2,SYS,XSTREAM$_SERVER,NONUNIQUE,NORMAL,VALID,NO,N,VISIBLE
SYS,I_XSTREAM_SERVER_CONNECTION1,SYS,XSTREAM$_SERVER_CONNECTION,NONUNIQUE,NORMAL,VALID,NO,N,VISIBLE
SYS,I_XSTREAM_SUBSET_RULES,SYS,XSTREAM$_SUBSET_RULES,UNIQUE,NORMAL,VALID,NO,N,VISIBLE
SYS,I_XSTREAM_SYSGEN_OBJS1,SYS,XSTREAM$_SYSGEN_OBJS,NONUNIQUE,NORMAL,VALID,NO,N,VISIBLE
SYS,I_XSTREAM_SYSGEN_OBJS2,SYS,XSTREAM$_SYSGEN_OBJS,NONUNIQUE,NORMAL,VALID,NO,N,VISIBLE
SYS,I_XS$VERIFIERS1,SYS,XS$VERIFIERS,UNIQUE,NORMAL,VALID,NO,N,VISIBLE
SYS,XS$WORKSPACE_PK,SYS,XS$WORKSPACE,UNIQUE,NORMAL,VALID,NO,N,VISIBLE
SYSTEM,UNQ_PAIRS,SYSTEM,AQ$_INTERNET_AGENT_PRIVS,UNIQUE,NORMAL,VALID,NO,N,VISIBLE
SYSTEM,SYS_C002560,SYSTEM,AQ$_INTERNET_AGENTS,UNIQUE,NORMAL,VALID,NO,N,VISIBLE
SYSTEM,AQ$_KEY_SHARD_MAP_PK,SYSTEM,AQ$_KEY_SHARD_MAP,UNIQUE,NORMAL,VALID,NO,N,VISIBLE
SYSTEM,AQ$_QUEUES_CHECK,SYSTEM,AQ$_QUEUES,UNIQUE,NORMAL,VALID,NO,N,VISIBLE
SYSTEM,AQ$_QUEUES_PRIMARY,SYSTEM,AQ$_QUEUES,UNIQUE,NORMAL,VALID,NO,N,VISIBLE
SYSTEM,I1_QUEUES,SYSTEM,AQ$_QUEUES,NONUNIQUE,NORMAL,VALID,NO,N,VISIBLE
SYSTEM,SYS_IL0000008826C00012$$,SYSTEM,AQ$_QUEUES,UNIQUE,LOB,VALID,NO,N,VISIBLE
SYSTEM,AQ$_QUEUE_TABLES_PRIMARY,SYSTEM,AQ$_QUEUE_TABLES,UNIQUE,NORMAL,VALID,NO,N,VISIBLE
SYSTEM,I1_QUEUE_TABLES,SYSTEM,AQ$_QUEUE_TABLES,NONUNIQUE,NORMAL,VALID,NO,N,VISIBLE
SYSTEM,AQ$_SCHEDULES_CHECK,SYSTEM,AQ$_SCHEDULES,UNIQUE,NORMAL,VALID,NO,N,VISIBLE
SYSTEM,AQ$_SCHEDULES_PRIMARY,SYSTEM,AQ$_SCHEDULES,UNIQUE,NORMAL,VALID,NO,N,VISIBLE
SYSTEM,HELP_TOPIC_SEQ,SYSTEM,HELP,UNIQUE,NORMAL,VALID,NO,N,VISIBLE
SYSTEM,LOGMNR_AGE_SPILL$_PK,SYSTEM,LOGMNR_AGE_SPILL$,UNIQUE,NORMAL,VALID,NO,N,VISIBLE
SYSTEM,SYS_IL0000001476C00008$$,SYSTEM,LOGMNR_AGE_SPILL$,UNIQUE,LOB,VALID,NO,N,VISIBLE
SYSTEM,LOGMNR_I1ATTRCOL$,SYSTEM,LOGMNR_ATTRCOL$,NONUNIQUE,NORMAL,N/A,YES,N,VISIBLE
SYSTEM,LOGMNR_I1ATTRIBUTE$,SYSTEM,LOGMNR_ATTRIBUTE$,NONUNIQUE,NORMAL,N/A,YES,N,VISIBLE
SYSTEM,LOGMNR_I1CCOL$,SYSTEM,LOGMNR_CCOL$,NONUNIQUE,NORMAL,N/A,YES,N,VISIBLE
SYSTEM,LOGMNRC_CONCOL_GG_PK,SYSTEM,LOGMNRC_CONCOL_GG,UNIQUE,NORMAL,N/A,YES,N,VISIBLE
SYSTEM,LOGMNRC_CON_GG_PK,SYSTEM,LOGMNRC_CON_GG,UNIQUE,NORMAL,N/A,YES,N,VISIBLE
SYSTEM,LOGMNRC_I1CONGG,SYSTEM,LOGMNRC_CON_GG,NONUNIQUE,NORMAL,N/A,YES,N,VISIBLE
SYSTEM,LOGMNRC_I2CONGG,SYSTEM,LOGMNRC_CON_GG,NONUNIQUE,NORMAL,N/A,YES,N,VISIBLE
SYSTEM,LOGMNRC_DBNAME_UID_MAP_PK,SYSTEM,LOGMNRC_DBNAME_UID_MAP,UNIQUE,NORMAL,VALID,NO,N,VISIBLE
SYSTEM,LOGMNR_I1CDEF$,SYSTEM,LOGMNR_CDEF$,NONUNIQUE,NORMAL,N/A,YES,N,VISIBLE
SYSTEM,LOGMNR_I2CDEF$,SYSTEM,LOGMNR_CDEF$,NONUNIQUE,NORMAL,N/A,YES,N,VISIBLE
SYSTEM,LOGMNR_I3CDEF$,SYSTEM,LOGMNR_CDEF$,NONUNIQUE,NORMAL,N/A,YES,N,VISIBLE
SYSTEM,LOGMNRC_GSBA_PK,SYSTEM,LOGMNRC_GSBA,UNIQUE,NORMAL,N/A,YES,N,VISIBLE
SYSTEM,LOGMNRC_GSII_PK,SYSTEM,LOGMNRC_GSII,UNIQUE,NORMAL,N/A,YES,N,VISIBLE
SYSTEM,LOGMNRC_GTCS_PK,SYSTEM,LOGMNRC_GTCS,UNIQUE,NORMAL,N/A,YES,N,VISIBLE
SYSTEM,LOGMNRC_I2GTCS,SYSTEM,LOGMNRC_GTCS,NONUNIQUE,NORMAL,N/A,YES,N,VISIBLE
SYSTEM,LOGMNRC_GTLO_PK,SYSTEM,LOGMNRC_GTLO,UNIQUE,NORMAL,N/A,YES,N,VISIBLE
SYSTEM,LOGMNRC_I2GTLO,SYSTEM,LOGMNRC_GTLO,NONUNIQUE,NORMAL,N/A,YES,N,VISIBLE
SYSTEM,LOGMNRC_I3GTLO,SYSTEM,LOGMNRC_GTLO,NONUNIQUE,NORMAL,N/A,YES,N,VISIBLE
SYSTEM,LOGMNRC_INDCOL_GG_PK,SYSTEM,LOGMNRC_INDCOL_GG,UNIQUE,NORMAL,N/A,YES,N,VISIBLE
SYSTEM,LOGMNRC_IND_GG_PK,SYSTEM,LOGMNRC_IND_GG,UNIQUE,NORMAL,N/A,YES,N,VISIBLE
SYSTEM,LOGMNRC_I1INDGG,SYSTEM,LOGMNRC_IND_GG,NONUNIQUE,NORMAL,N/A,YES,N,VISIBLE
SYSTEM,LOGMNRC_I2INDGG,SYSTEM,LOGMNRC_IND_GG,NONUNIQUE,NORMAL,N/A,YES,N,VISIBLE
SYSTEM,LOGMNR_I1COL$,SYSTEM,LOGMNR_COL$,NONUNIQUE,NORMAL,N/A,YES,N,VISIBLE
SYSTEM,LOGMNR_I2COL$,SYSTEM,LOGMNR_COL$,NONUNIQUE,NORMAL,N/A,YES,N,VISIBLE
SYSTEM,LOGMNR_I3COL$,SYSTEM,LOGMNR_COL$,NONUNIQUE,NORMAL,N/A,YES,N,VISIBLE
SYSTEM,LOGMNR_I1COLTYPE$,SYSTEM,LOGMNR_COLTYPE$,NONUNIQUE,NORMAL,N/A,YES,N,VISIBLE
SYSTEM,LOGMNR_I1CON$,SYSTEM,LOGMNR_CON$,NONUNIQUE,NORMAL,N/A,YES,N,VISIBLE
SYSTEM,LOGMNR_I1CONTAINER$,SYSTEM,LOGMNR_CONTAINER$,NONUNIQUE,NORMAL,N/A,YES,N,VISIBLE
SYSTEM,LOGMNRC_I2SEQGG,SYSTEM,LOGMNRC_SEQ_GG,NONUNIQUE,NORMAL,N/A,YES,N,VISIBLE
SYSTEM,LOGMNRC_SEQ_GG_PK,SYSTEM,LOGMNRC_SEQ_GG,UNIQUE,NORMAL,N/A,YES,N,VISIBLE
SYSTEM,LOGMNRC_I1SHARD_TS,SYSTEM,LOGMNRC_SHARD_TS,NONUNIQUE,NORMAL,N/A,YES,N,VISIBLE
SYSTEM,LOGMNRC_SHARD_TS_PK,SYSTEM,LOGMNRC_SHARD_TS,UNIQUE,NORMAL,N/A,YES,N,VISIBLE
SYSTEM,LOGMNRC_I1TS,SYSTEM,LOGMNRC_TS,NONUNIQUE,NORMAL,N/A,YES,N,VISIBLE
SYSTEM,LOGMNRC_TS_PK,SYSTEM,LOGMNRC_TS,UNIQUE,NORMAL,N/A,YES,N,VISIBLE
SYSTEM,LOGMNRC_I1TSPART,SYSTEM,LOGMNRC_TSPART,NONUNIQUE,NORMAL,N/A,YES,N,VISIBLE
SYSTEM,LOGMNRC_TSPART_PK,SYSTEM,LOGMNRC_TSPART,UNIQUE,NORMAL,N/A,YES,N,VISIBLE
SYSTEM,LOGMNRC_I1USER,SYSTEM,LOGMNRC_USER,NONUNIQUE,NORMAL,N/A,YES,N,VISIBLE
SYSTEM,LOGMNRC_USER_PK,SYSTEM,LOGMNRC_USER,UNIQUE,NORMAL,N/A,YES,N,VISIBLE
SYSTEM,LOGMNR_I1DICTIONARY$,SYSTEM,LOGMNR_DICTIONARY$,NONUNIQUE,NORMAL,N/A,YES,N,VISIBLE
SYSTEM,LOGMNR_DID$_PK,SYSTEM,LOGMNR_DID$,UNIQUE,NORMAL,VALID,NO,N,VISIBLE
SYSTEM,LOGMNR_I1ENC$,SYSTEM,LOGMNR_ENC$,NONUNIQUE,NORMAL,N/A,YES,N,VISIBLE
SYSTEM,LOGMNRGGC_GTCS_PK,SYSTEM,LOGMNRGGC_GTCS,UNIQUE,NORMAL,VALID,NO,N,VISIBLE
SYSTEM,LOGMNRGGC_I2GTCS,SYSTEM,LOGMNRGGC_GTCS,NONUNIQUE,NORMAL,VALID,NO,N,VISIBLE
SYSTEM,LOGMNRGGC_GTLO_PK,SYSTEM,LOGMNRGGC_GTLO,UNIQUE,NORMAL,VALID,NO,N,VISIBLE
SYSTEM,LOGMNRGGC_I2GTLO,SYSTEM,LOGMNRGGC_GTLO,NONUNIQUE,NORMAL,VALID,NO,N,VISIBLE
SYSTEM,LOGMNRGGC_I3GTLO,SYSTEM,LOGMNRGGC_GTLO,NONUNIQUE,NORMAL,VALID,NO,N,VISIBLE
SYSTEM,LOGMNR_I1ICOL$,SYSTEM,LOGMNR_ICOL$,NONUNIQUE,NORMAL,N/A,YES,N,VISIBLE
SYSTEM,LOGMNR_I1IDNSEQ$,SYSTEM,LOGMNR_IDNSEQ$,NONUNIQUE,NORMAL,N/A,YES,N,VISIBLE
SYSTEM,LOGMNR_I2IDNSEQ$,SYSTEM,LOGMNR_IDNSEQ$,NONUNIQUE,NORMAL,N/A,YES,N,VISIBLE
SYSTEM,LOGMNR_I1IND$,SYSTEM,LOGMNR_IND$,NONUNIQUE,NORMAL,N/A,YES,N,VISIBLE
SYSTEM,LOGMNR_I2IND$,SYSTEM,LOGMNR_IND$,NONUNIQUE,NORMAL,N/A,YES,N,VISIBLE
SYSTEM,LOGMNR_I1INDCOMPART$,SYSTEM,LOGMNR_INDCOMPART$,NONUNIQUE,NORMAL,N/A,YES,N,VISIBLE
SYSTEM,LOGMNR_I1INDPART$,SYSTEM,LOGMNR_INDPART$,NONUNIQUE,NORMAL,N/A,YES,N,VISIBLE
SYSTEM,LOGMNR_I2INDPART$,SYSTEM,LOGMNR_INDPART$,NONUNIQUE,NORMAL,N/A,YES,N,VISIBLE
SYSTEM,LOGMNR_I1INDSUBPART$,SYSTEM,LOGMNR_INDSUBPART$,NONUNIQUE,NORMAL,N/A,YES,N,VISIBLE
SYSTEM,LOGMNR_I1KOPM$,SYSTEM,LOGMNR_KOPM$,NONUNIQUE,NORMAL,N/A,YES,N,VISIBLE
SYSTEM,LOGMNR_I1LOB$,SYSTEM,LOGMNR_LOB$,NONUNIQUE,NORMAL,N/A,YES,N,VISIBLE
SYSTEM,LOGMNR_I1LOBFRAG$,SYSTEM,LOGMNR_LOBFRAG$,NONUNIQUE,NORMAL,N/A,YES,N,VISIBLE
SYSTEM,LOGMNR_LOG$_FIRST_CHANGE#,SYSTEM,LOGMNR_LOG$,NONUNIQUE,NORMAL,VALID,NO,N,VISIBLE
SYSTEM,LOGMNR_LOG$_FLAGS,SYSTEM,LOGMNR_LOG$,NONUNIQUE,NORMAL,VALID,NO,N,VISIBLE
SYSTEM,LOGMNR_LOG$_PK,SYSTEM,LOGMNR_LOG$,UNIQUE,NORMAL,VALID,NO,N,VISIBLE
SYSTEM,LOGMNR_LOG$_PURGE_IDX1,SYSTEM,LOGMNR_LOG$,NONUNIQUE,NORMAL,VALID,NO,N,VISIBLE
SYSTEM,LOGMNR_LOG$_PURGE_IDX2,SYSTEM,LOGMNR_LOG$,NONUNIQUE,NORMAL,VALID,NO,N,VISIBLE
SYSTEM,LOGMNR_LOG$_RECID,SYSTEM,LOGMNR_LOG$,NONUNIQUE,NORMAL,VALID,NO,N,VISIBLE
SYSTEM,LOGMNR_I1LOGMNR_BUILDLOG,SYSTEM,LOGMNR_LOGMNR_BUILDLOG,NONUNIQUE,NORMAL,N/A,YES,N,VISIBLE
SYSTEM,LOGMNR_I1NTAB$,SYSTEM,LOGMNR_NTAB$,NONUNIQUE,NORMAL,N/A,YES,N,VISIBLE
SYSTEM,LOGMNR_I2NTAB$,SYSTEM,LOGMNR_NTAB$,NONUNIQUE,NORMAL,N/A,YES,N,VISIBLE
SYSTEM,LOGMNR_I1OBJ$,SYSTEM,LOGMNR_OBJ$,NONUNIQUE,NORMAL,N/A,YES,N,VISIBLE
SYSTEM,LOGMNR_I2OBJ$,SYSTEM,LOGMNR_OBJ$,NONUNIQUE,NORMAL,N/A,YES,N,VISIBLE
SYSTEM,LOGMNR_I3OBJ$,SYSTEM,LOGMNR_OBJ$,NONUNIQUE,NORMAL,N/A,YES,N,VISIBLE
SYSTEM,LOGMNR_I1OPQTYPE$,SYSTEM,LOGMNR_OPQTYPE$,NONUNIQUE,NORMAL,N/A,YES,N,VISIBLE
SYSTEM,LOGMNR_PARAMETER_INDX,SYSTEM,LOGMNR_PARAMETER$,NONUNIQUE,NORMAL,VALID,NO,N,VISIBLE
SYSTEM,LOGMNR_I1PARTOBJ$,SYSTEM,LOGMNR_PARTOBJ$,NONUNIQUE,NORMAL,N/A,YES,N,VISIBLE
SYSTEM,LOGMNRP_CTAS_PART_MAP_I,SYSTEM,LOGMNRP_CTAS_PART_MAP,NONUNIQUE,NORMAL,N/A,YES,N,VISIBLE
SYSTEM,LOGMNRP_CTAS_PART_MAP_PK,SYSTEM,LOGMNRP_CTAS_PART_MAP,UNIQUE,NORMAL,N/A,YES,N,VISIBLE
SYSTEM,LOGMNR_PDB_INFO$_PK,SYSTEM,LOGMNR_PDB_INFO$,UNIQUE,NORMAL,VALID,NO,N,VISIBLE
SYSTEM,LOGMNR_PROCESSED_LOG$_PK,SYSTEM,LOGMNR_PROCESSED_LOG$,UNIQUE,NORMAL,VALID,NO,N,VISIBLE
SYSTEM,LOGMNR_PROFILE_PLSQL$_PK,SYSTEM,LOGMNR_PROFILE_PLSQL_STATS$,UNIQUE,NORMAL,VALID,NO,N,VISIBLE
SYSTEM,LOGMNR_PROFILE_TABLE$_PK,SYSTEM,LOGMNR_PROFILE_TABLE_STATS$,UNIQUE,NORMAL,VALID,NO,N,VISIBLE
SYSTEM,LOGMNR_I1PROPS$,SYSTEM,LOGMNR_PROPS$,NONUNIQUE,NORMAL,N/A,YES,N,VISIBLE
SYSTEM,LOGMNR_I1REFCON$,SYSTEM,LOGMNR_REFCON$,NONUNIQUE,NORMAL,N/A,YES,N,VISIBLE
SYSTEM,LOGMNR_RESTART_CKPT$_PK,SYSTEM,LOGMNR_RESTART_CKPT$,UNIQUE,NORMAL,VALID,NO,N,VISIBLE
SYSTEM,SYS_IL0000001485C00009$$,SYSTEM,LOGMNR_RESTART_CKPT$,UNIQUE,LOB,VALID,NO,N,VISIBLE
SYSTEM,SYS_IL0000001485C00012$$,SYSTEM,LOGMNR_RESTART_CKPT$,UNIQUE,LOB,VALID,NO,N,VISIBLE
SYSTEM,LOGMNR_RESTART_CKPT_TXINFO$_PK,SYSTEM,LOGMNR_RESTART_CKPT_TXINFO$,UNIQUE,NORMAL,VALID,NO,N,VISIBLE
SYSTEM,SYS_IL0000001480C00011$$,SYSTEM,LOGMNR_RESTART_CKPT_TXINFO$,UNIQUE,LOB,VALID,NO,N,VISIBLE
SYSTEM,LOGMNR_I1SEED$,SYSTEM,LOGMNR_SEED$,NONUNIQUE,NORMAL,N/A,YES,N,VISIBLE
SYSTEM,LOGMNR_I2SEED$,SYSTEM,LOGMNR_SEED$,NONUNIQUE,NORMAL,N/A,YES,N,VISIBLE
SYSTEM,LOGMNR_SESSION_PK,SYSTEM,LOGMNR_SESSION$,UNIQUE,NORMAL,VALID,NO,N,VISIBLE
SYSTEM,LOGMNR_SESSION_UK1,SYSTEM,LOGMNR_SESSION$,UNIQUE,NORMAL,VALID,NO,N,VISIBLE
SYSTEM,LOGMNR_SESSION_ACTION$_PK,SYSTEM,LOGMNR_SESSION_ACTIONS$,UNIQUE,NORMAL,VALID,NO,N,VISIBLE
SYSTEM,LOGMNR_SESSION_EVOLVE$_PK,SYSTEM,LOGMNR_SESSION_EVOLVE$,UNIQUE,NORMAL,VALID,NO,N,VISIBLE
SYSTEM,LOGMNR_I1SHARD_TS,SYSTEM,LOGMNR_SHARD_TS,NONUNIQUE,NORMAL,N/A,YES,N,VISIBLE
SYSTEM,LOGMNR_SPILL$_PK,SYSTEM,LOGMNR_SPILL$,UNIQUE,NORMAL,VALID,NO,N,VISIBLE
SYSTEM,SYS_IL0000001472C00010$$,SYSTEM,LOGMNR_SPILL$,UNIQUE,LOB,VALID,NO,N,VISIBLE
SYSTEM,LOGMNR_I1SUBCOLTYPE$,SYSTEM,LOGMNR_SUBCOLTYPE$,NONUNIQUE,NORMAL,N/A,YES,N,VISIBLE
SYSTEM,LOGMNR_I1TAB$,SYSTEM,LOGMNR_TAB$,NONUNIQUE,NORMAL,N/A,YES,N,VISIBLE
SYSTEM,LOGMNR_I2TAB$,SYSTEM,LOGMNR_TAB$,NONUNIQUE,NORMAL,N/A,YES,N,VISIBLE
SYSTEM,LOGMNR_I1TABCOMPART$,SYSTEM,LOGMNR_TABCOMPART$,NONUNIQUE,NORMAL,N/A,YES,N,VISIBLE
SYSTEM,LOGMNR_I2TABCOMPART$,SYSTEM,LOGMNR_TABCOMPART$,NONUNIQUE,NORMAL,N/A,YES,N,VISIBLE
SYSTEM,LOGMNR_I1TABPART$,SYSTEM,LOGMNR_TABPART$,NONUNIQUE,NORMAL,N/A,YES,N,VISIBLE
SYSTEM,LOGMNR_I2TABPART$,SYSTEM,LOGMNR_TABPART$,NONUNIQUE,NORMAL,N/A,YES,N,VISIBLE
SYSTEM,LOGMNR_I1TABSUBPART$,SYSTEM,LOGMNR_TABSUBPART$,NONUNIQUE,NORMAL,N/A,YES,N,VISIBLE
SYSTEM,LOGMNR_I2TABSUBPART$,SYSTEM,LOGMNR_TABSUBPART$,NONUNIQUE,NORMAL,N/A,YES,N,VISIBLE
SYSTEM,LOGMNRT_MDDL$_PK,SYSTEM,LOGMNRT_MDDL$,UNIQUE,NORMAL,VALID,NO,Y,VISIBLE
SYSTEM,LOGMNR_I1TS$,SYSTEM,LOGMNR_TS$,NONUNIQUE,NORMAL,N/A,YES,N,VISIBLE
SYSTEM,LOGMNR_I1TYPE$,SYSTEM,LOGMNR_TYPE$,NONUNIQUE,NORMAL,N/A,YES,N,VISIBLE
SYSTEM,LOGMNR_UID$_PK,SYSTEM,LOGMNR_UID$,UNIQUE,NORMAL,VALID,NO,N,VISIBLE
SYSTEM,LOGMNR_I1USER$,SYSTEM,LOGMNR_USER$,NONUNIQUE,NORMAL,N/A,YES,N,VISIBLE
SYSTEM,LOGMNR_I2USER$,SYSTEM,LOGMNR_USER$,NONUNIQUE,NORMAL,N/A,YES,N,VISIBLE
SYSTEM,LOGSTDBY$EDS_TABLES_PKEY,SYSTEM,LOGSTDBY$EDS_TABLES,UNIQUE,NORMAL,VALID,NO,N,VISIBLE
SYSTEM,LOGSTDBY$EVENTS_IND,SYSTEM,LOGSTDBY$EVENTS,NONUNIQUE,NORMAL,VALID,NO,N,VISIBLE
SYSTEM,LOGSTDBY$EVENTS_IND_SCN,SYSTEM,LOGSTDBY$EVENTS,NONUNIQUE,NORMAL,VALID,NO,N,VISIBLE
SYSTEM,LOGSTDBY$EVENTS_IND_XID,SYSTEM,LOGSTDBY$EVENTS,NONUNIQUE,NORMAL,VALID,NO,N,VISIBLE
SYSTEM,SYS_IL0000016971C00009$$,SYSTEM,LOGSTDBY$EVENTS,UNIQUE,LOB,VALID,NO,N,VISIBLE
SYSTEM,SYS_C005845,SYSTEM,LOGSTDBY$FLASHBACK_SCN,UNIQUE,NORMAL,VALID,NO,N,VISIBLE
SYSTEM,SYS_IL0000016983C00003$$,SYSTEM,LOGSTDBY$PLSQL,UNIQUE,LOB,VALID,NO,N,VISIBLE
SYSTEM,LOGSTDBY$SKIP_IDX1,SYSTEM,LOGSTDBY$SKIP,NONUNIQUE,NORMAL,VALID,NO,N,VISIBLE
SYSTEM,LOGSTDBY$SKIP_IDX2,SYSTEM,LOGSTDBY$SKIP,NONUNIQUE,NORMAL,VALID,NO,N,VISIBLE
SYSTEM,LOGSTDBY$SKIP_IND,SYSTEM,LOGSTDBY$SKIP_SUPPORT,NONUNIQUE,NORMAL,VALID,NO,N,VISIBLE
SYSTEM,MVIEW$_ADV_AJG_PK,SYSTEM,MVIEW$_ADV_AJG,UNIQUE,NORMAL,VALID,NO,N,VISIBLE
SYSTEM,MVIEW$_ADV_BASETABLE_IDX_01,SYSTEM,MVIEW$_ADV_BASETABLE,NONUNIQUE,NORMAL,VALID,NO,N,VISIBLE
SYSTEM,MVIEW$_ADV_CLIQUE_PK,SYSTEM,MVIEW$_ADV_CLIQUE,UNIQUE,NORMAL,VALID,NO,N,VISIBLE
SYSTEM,MVIEW$_ADV_ELIGIBLE_PK,SYSTEM,MVIEW$_ADV_ELIGIBLE,UNIQUE,NORMAL,VALID,NO,N,VISIBLE
SYSTEM,MVIEW$_ADV_FILTER_PK,SYSTEM,MVIEW$_ADV_FILTER,UNIQUE,NORMAL,VALID,NO,N,VISIBLE
SYSTEM,MVIEW$_ADV_FJG_PK,SYSTEM,MVIEW$_ADV_FJG,UNIQUE,NORMAL,VALID,NO,N,VISIBLE
SYSTEM,MVIEW$_ADV_GC_PK,SYSTEM,MVIEW$_ADV_GC,UNIQUE,NORMAL,VALID,NO,N,VISIBLE
SYSTEM,MVIEW$_ADV_INFO_PK,SYSTEM,MVIEW$_ADV_INFO,UNIQUE,NORMAL,VALID,NO,N,VISIBLE
SYSTEM,MVIEW$_ADV_JOURNAL_PK,SYSTEM,MVIEW$_ADV_JOURNAL,UNIQUE,NORMAL,VALID,NO,N,VISIBLE
SYSTEM,MVIEW$_ADV_LEVEL_PK,SYSTEM,MVIEW$_ADV_LEVEL,UNIQUE,NORMAL,VALID,NO,N,VISIBLE
SYSTEM,MVIEW$_ADV_LOG_PK,SYSTEM,MVIEW$_ADV_LOG,UNIQUE,NORMAL,VALID,NO,N,VISIBLE
SYSTEM,MVIEW$_ADV_OUTPUT_PK,SYSTEM,MVIEW$_ADV_OUTPUT,UNIQUE,NORMAL,VALID,NO,N,VISIBLE
SYSTEM,MVIEW$_ADV_PARAMETERS_PK,SYSTEM,MVIEW$_ADV_PARAMETERS,UNIQUE,NORMAL,VALID,NO,N,VISIBLE
SYSTEM,MVIEW$_ADV_PRETTY_IDX_01,SYSTEM,MVIEW$_ADV_PRETTY,NONUNIQUE,NORMAL,VALID,NO,N,VISIBLE
SYSTEM,MVIEW$_ADV_ROLLUP_PK,SYSTEM,MVIEW$_ADV_ROLLUP,UNIQUE,NORMAL,VALID,NO,N,VISIBLE
SYSTEM,MVIEW$_ADV_SQLDEPEND_IDX_01,SYSTEM,MVIEW$_ADV_SQLDEPEND,NONUNIQUE,NORMAL,VALID,NO,N,VISIBLE
SYSTEM,MVIEW$_ADV_TEMP_IDX_01,SYSTEM,MVIEW$_ADV_TEMP,NONUNIQUE,NORMAL,VALID,NO,N,VISIBLE
SYSTEM,MVIEW$_ADV_WORKLOAD_IDX_01,SYSTEM,MVIEW$_ADV_WORKLOAD,NONUNIQUE,NORMAL,VALID,NO,N,VISIBLE
SYSTEM,MVIEW$_ADV_WORKLOAD_PK,SYSTEM,MVIEW$_ADV_WORKLOAD,UNIQUE,NORMAL,VALID,NO,N,VISIBLE
SYSTEM,OL$NAME,SYSTEM,OL$,UNIQUE,NORMAL,VALID,NO,Y,VISIBLE
SYSTEM,OL$SIGNATURE,SYSTEM,OL$,UNIQUE,NORMAL,VALID,NO,Y,VISIBLE
SYSTEM,OL$HNT_NUM,SYSTEM,OL$HINTS,UNIQUE,NORMAL,VALID,NO,Y,VISIBLE
SYSTEM,SYS_IL0000009367C00021$$,SYSTEM,OL$HINTS,UNIQUE,LOB,VALID,NO,Y,VISIBLE
SYSTEM,REDO_DB_IDX,SYSTEM,REDO_DB,NONUNIQUE,NORMAL,VALID,NO,N,VISIBLE
SYSTEM,REDO_LOG_IDX,SYSTEM,REDO_LOG,NONUNIQUE,NORMAL,VALID,NO,N,VISIBLE
SYSTEM,REPL_SUPPORT_MATRIX_PK,SYSTEM,REPL_SUPPORT_MATRIX,UNIQUE,NORMAL,VALID,NO,N,VISIBLE
SYSTEM,SYS_IL0000014508C00007$$,SYSTEM,SCHEDULER_JOB_ARGS_TBL,UNIQUE,LOB,VALID,NO,N,VISIBLE
SYSTEM,SYS_IL0000014505C00008$$,SYSTEM,SCHEDULER_PROGRAM_ARGS_TBL,UNIQUE,LOB,VALID,NO,N,VISIBLE
WMSYS,SYS_IOT_TOP_23901,WMSYS,AQ$_WM$EVENT_QUEUE_TABLE_G,UNIQUE,IOT - TOP,VALID,NO,N,VISIBLE
WMSYS,SYS_IOT_TOP_23898,WMSYS,AQ$_WM$EVENT_QUEUE_TABLE_H,UNIQUE,IOT - TOP,VALID,NO,N,VISIBLE
WMSYS,SYS_IOT_TOP_23904,WMSYS,AQ$_WM$EVENT_QUEUE_TABLE_I,UNIQUE,IOT - TOP,VALID,NO,N,VISIBLE
WMSYS,SYS_C006690,WMSYS,AQ$_WM$EVENT_QUEUE_TABLE_S,UNIQUE,NORMAL,VALID,NO,N,VISIBLE
WMSYS,SYS_IOT_TOP_23896,WMSYS,AQ$_WM$EVENT_QUEUE_TABLE_T,UNIQUE,IOT - TOP,VALID,NO,N,VISIBLE
WMSYS,WM$BCT_IDX,WMSYS,WM$BATCH_COMPRESSIBLE_TABLES$,NONUNIQUE,NORMAL,VALID,NO,N,VISIBLE
WMSYS,WM$CONS_COLUMNS_IDX,WMSYS,WM$CONS_COLUMNS$,NONUNIQUE,NORMAL,VALID,NO,N,VISIBLE
WMSYS,SYS_IL0000023951C00003$$,WMSYS,WM$CONSTRAINTS_TABLE$,UNIQUE,LOB,VALID,NO,N,VISIBLE
WMSYS,SYS_IL0000023951C00006$$,WMSYS,WM$CONSTRAINTS_TABLE$,UNIQUE,LOB,VALID,NO,N,VISIBLE
WMSYS,WM$CONSTRAINTS_TABLE_TAB_PK,WMSYS,WM$CONSTRAINTS_TABLE$,UNIQUE,FUNCTION-BASED NORMAL,VALID,NO,N,VISIBLE
WMSYS,WM$ENV_VARS_PK,WMSYS,WM$ENV_VARS$,UNIQUE,NORMAL,VALID,NO,N,VISIBLE
WMSYS,SYS_FK0000023882N00034$,WMSYS,WM$EVENT_AUX_PARAMS_NT,NONUNIQUE,NORMAL,VALID,NO,N,VISIBLE
WMSYS,SYS_IL0000023883C00004$$,WMSYS,WM$EVENT_AUX_PARAMS_NT,UNIQUE,LOB,VALID,NO,N,VISIBLE
WMSYS,SYS_C006686,WMSYS,WM$EVENT_QUEUE_TABLE,UNIQUE,NORMAL,VALID,NO,N,VISIBLE
WMSYS,SYS_C006687,WMSYS,WM$EVENT_QUEUE_TABLE,UNIQUE,NORMAL,VALID,NO,N,VISIBLE
WMSYS,SYS_IL0000023882C00036$$,WMSYS,WM$EVENT_QUEUE_TABLE,UNIQUE,LOB,VALID,NO,N,VISIBLE
WMSYS,WM$EVENTS_INFO_PK,WMSYS,WM$EVENTS_INFO$,UNIQUE,NORMAL,VALID,NO,N,VISIBLE
WMSYS,SYS_IL0000024026C00007$$,WMSYS,WM$EXP_MAP_TBL,UNIQUE,LOB,VALID,NO,N,VISIBLE
WMSYS,WM$HASH_TABLE_INDEX,WMSYS,WM$HASH_TABLE$,UNIQUE,NORMAL,VALID,NO,N,VISIBLE
WMSYS,WM$HINT_TABLE_UNQ,WMSYS,WM$HINT_TABLE$,UNIQUE,FUNCTION-BASED NORMAL,VALID,NO,N,VISIBLE
WMSYS,SYS_IL0000023967C00003$$,WMSYS,WM$LOCKROWS_INFO$,UNIQUE,LOB,VALID,NO,N,VISIBLE
WMSYS,WM$LOCKROWS_INFO_IDX,WMSYS,WM$LOCKROWS_INFO$,NONUNIQUE,NORMAL,VALID,NO,N,VISIBLE
WMSYS,SYS_IL0000024032C00007$$,WMSYS,WM$METADATA_MAP_TBL,UNIQUE,LOB,VALID,NO,N,VISIBLE
WMSYS,WM$MODIFIED_TABLES_PK,WMSYS,WM$MODIFIED_TABLES$,UNIQUE,NORMAL,VALID,NO,N,VISIBLE
WMSYS,WM$MODIFIED_TAB_VERSION,WMSYS,WM$MODIFIED_TABLES$,NONUNIQUE,NORMAL,VALID,NO,N,VISIBLE
WMSYS,WM$MP_GRAPH_WORKSPACE_IDX,WMSYS,WM$MP_GRAPH_WORKSPACES_TABLE$,NONUNIQUE,NORMAL,VALID,NO,N,VISIBLE
WMSYS,WM$MP_GRAPH_WORKSPACES_PK,WMSYS,WM$MP_GRAPH_WORKSPACES_TABLE$,UNIQUE,NORMAL,VALID,NO,N,VISIBLE
WMSYS,WM$MP_PARENT_PK,WMSYS,WM$MP_PARENT_WORKSPACES_TABLE$,UNIQUE,NORMAL,VALID,NO,N,VISIBLE
WMSYS,WM$MP_PWS_TAB_PVER_IND,WMSYS,WM$MP_PARENT_WORKSPACES_TABLE$,NONUNIQUE,NORMAL,VALID,NO,N,VISIBLE
WMSYS,WM$MP_PWS_TAB_PWS_IND,WMSYS,WM$MP_PARENT_WORKSPACES_TABLE$,NONUNIQUE,NORMAL,VALID,NO,N,VISIBLE
WMSYS,WM$MW_TAB_WS_IDX,WMSYS,WM$MW_TABLE$,UNIQUE,NORMAL,VALID,NO,Y,VISIBLE
WMSYS,WM$NESTED_COLUMNS_PK,WMSYS,WM$NESTED_COLUMNS_TABLE$,UNIQUE,NORMAL,VALID,NO,N,VISIBLE
WMSYS,WM$NEXTVER_TABLE_INDX,WMSYS,WM$NEXTVER_TABLE$,UNIQUE,NORMAL,VALID,NO,N,VISIBLE
WMSYS,WM$NEXTVER_TABLE_NV_INDX,WMSYS,WM$NEXTVER_TABLE$,UNIQUE,NORMAL,VALID,NO,N,VISIBLE
WMSYS,WM$RESOLVE_WORKSPACES_PK,WMSYS,WM$RESOLVE_WORKSPACES_TABLE$,UNIQUE,NORMAL,VALID,NO,N,VISIBLE
WMSYS,WM$RIC_LOCKING_IND,WMSYS,WM$RIC_LOCKING_TABLE$,UNIQUE,NORMAL,VALID,NO,N,VISIBLE
WMSYS,WM$RIC_PK,WMSYS,WM$RIC_TABLE$,UNIQUE,NORMAL,VALID,NO,N,VISIBLE
WMSYS,WM$RIC_TAB_PT,WMSYS,WM$RIC_TABLE$,NONUNIQUE,NORMAL,VALID,NO,N,VISIBLE
WMSYS,WM$RIC_TRIGGERS_PK,WMSYS,WM$RIC_TRIGGERS_TABLE$,UNIQUE,NORMAL,VALID,NO,N,VISIBLE
WMSYS,WM$ENV_SYS_PK,WMSYS,WM$SYSPARAM_ALL_VALUES$,UNIQUE,NORMAL,VALID,NO,N,VISIBLE
WMSYS,WM$UDTRIG_DISPATCH_PROCS_PK,WMSYS,WM$UDTRIG_DISPATCH_PROCS$,UNIQUE,NORMAL,VALID,NO,N,VISIBLE
WMSYS,SYS_IL0000024006C00007$$,WMSYS,WM$UDTRIG_INFO$,UNIQUE,LOB,VALID,NO,N,VISIBLE
WMSYS,WM$UDTRIG_INFO_PK,WMSYS,WM$UDTRIG_INFO$,UNIQUE,NORMAL,VALID,NO,N,VISIBLE
WMSYS,WM$UDTRIG_INFO_VTID,WMSYS,WM$UDTRIG_INFO$,NONUNIQUE,NORMAL,VALID,NO,N,VISIBLE
WMSYS,SYS_C006713,WMSYS,WM$VERSIONED_TABLES$,UNIQUE,NORMAL,VALID,NO,N,VISIBLE
WMSYS,WM$VERSIONED_TABLES__PK,WMSYS,WM$VERSIONED_TABLES$,UNIQUE,NORMAL,VALID,NO,N,VISIBLE
WMSYS,WM$VER_TAB_BL_VERSION,WMSYS,WM$VERSIONED_TABLES$,NONUNIQUE,NORMAL,VALID,NO,N,VISIBLE
WMSYS,WM$VER_TAB_FNAME,WMSYS,WM$VERSIONED_TABLES$,NONUNIQUE,FUNCTION-BASED NORMAL,VALID,NO,N,VISIBLE
WMSYS,WM$VER_TAB_OWNER,WMSYS,WM$VERSIONED_TABLES$,NONUNIQUE,NORMAL,VALID,NO,N,VISIBLE
WMSYS,WM$VER_TAB_VTID_UNQ,WMSYS,WM$VERSIONED_TABLES$,UNIQUE,NORMAL,VALID,NO,N,VISIBLE
WMSYS,SYS_FK0000023938N00006$,WMSYS,WM$VERSIONED_TABLES_UNDO_CODE,NONUNIQUE,NORMAL,VALID,NO,N,VISIBLE
WMSYS,SYS_IL0000023939C00005$$,WMSYS,WM$VERSIONED_TABLES_UNDO_CODE,UNIQUE,LOB,VALID,NO,N,VISIBLE
WMSYS,WM$VERSION_HIERARCHY_PK,WMSYS,WM$VERSION_HIERARCHY_TABLE$,UNIQUE,NORMAL,VALID,NO,N,VISIBLE
WMSYS,WM$VHT_IDX,WMSYS,WM$VERSION_HIERARCHY_TABLE$,UNIQUE,NORMAL,VALID,NO,N,VISIBLE
WMSYS,WM$VERSION_PK,WMSYS,WM$VERSION_TABLE$,UNIQUE,NORMAL,VALID,NO,N,VISIBLE
WMSYS,WM$VT_ANC_IDX,WMSYS,WM$VERSION_TABLE$,NONUNIQUE,NORMAL,VALID,NO,N,VISIBLE
WMSYS,WM$VT_ERRORS_PK,WMSYS,WM$VT_ERRORS_TABLE$,UNIQUE,NORMAL,VALID,NO,N,VISIBLE
WMSYS,WM$PRIV_TAB_PK,WMSYS,WM$WORKSPACE_PRIV_TABLE$,UNIQUE,FUNCTION-BASED NORMAL,VALID,NO,N,VISIBLE
WMSYS,WM$WS_PRIV_TAB_GRTE_IND,WMSYS,WM$WORKSPACE_PRIV_TABLE$,NONUNIQUE,NORMAL,VALID,NO,N,VISIBLE
WMSYS,WM$WS_PRIV_TAB_GRTOR_IND,WMSYS,WM$WORKSPACE_PRIV_TABLE$,NONUNIQUE,NORMAL,VALID,NO,N,VISIBLE
WMSYS,WM$WS_PRIV_TAB_WS_GRTE_IND,WMSYS,WM$WORKSPACE_PRIV_TABLE$,NONUNIQUE,NORMAL,VALID,NO,N,VISIBLE
WMSYS,WM$WORKSPACE_SAVEPOINTS_PK,WMSYS,WM$WORKSPACE_SAVEPOINTS_TABLE$,UNIQUE,NORMAL,VALID,NO,N,VISIBLE
WMSYS,WM$WS_SP_TAB_VER_IND,WMSYS,WM$WORKSPACE_SAVEPOINTS_TABLE$,NONUNIQUE,NORMAL,VALID,NO,N,VISIBLE
WMSYS,WM$WORKSPACES_MP_IDX,WMSYS,WM$WORKSPACES_TABLE$,NONUNIQUE,NORMAL,VALID,NO,N,VISIBLE
WMSYS,WM$WORKSPACES_PK,WMSYS,WM$WORKSPACES_TABLE$,UNIQUE,NORMAL,VALID,NO,N,VISIBLE
WMSYS,WM$WS_TAB_PVER_IND,WMSYS,WM$WORKSPACES_TABLE$,NONUNIQUE,NORMAL,VALID,NO,N,VISIBLE
WMSYS,WM$WS_TAB_PWS_IND,WMSYS,WM$WORKSPACES_TABLE$,NONUNIQUE,NORMAL,VALID,NO,N,VISIBLE
WMSYS,WM$WS_TAB_WS_IND,WMSYS,WM$WORKSPACES_TABLE$,UNIQUE,NORMAL,VALID,NO,N,VISIBLE
XDB,SYS_C006592,XDB,APP_USERS_AND_ROLES,UNIQUE,NORMAL,VALID,NO,N,VISIBLE
XDB,JSON$COLLECTION_METADATA_PK,XDB,JSON$COLLECTION_METADATA,UNIQUE,NORMAL,VALID,NO,N,VISIBLE
XDB,JSON$USER_CREDENTIALS_PK,XDB,JSON$USER_CREDENTIALS,UNIQUE,NORMAL,VALID,NO,N,VISIBLE
XDB,JSON$USER_ROLES_N1,XDB,JSON$USER_ROLES,NONUNIQUE,NORMAL,VALID,NO,N,VISIBLE
XDB,JSON$USER_ROLES_PK,XDB,JSON$USER_ROLES,UNIQUE,NORMAL,VALID,NO,N,VISIBLE
XDB,JSON$USERS_PK,XDB,JSON$USERS,UNIQUE,NORMAL,VALID,NO,N,VISIBLE
XDB,JSON$USERS_U1,XDB,JSON$USERS,UNIQUE,NORMAL,VALID,NO,N,VISIBLE
XDB,SYS_C006593,XDB,XDB$ACL,UNIQUE,NORMAL,VALID,NO,N,VISIBLE
XDB,SYS_IL0000023179C00003$$,XDB,XDB$ACL,UNIQUE,LOB,VALID,NO,N,VISIBLE
XDB,SYS_C006577,XDB,XDB$ALL_MODEL,UNIQUE,NORMAL,VALID,NO,N,VISIBLE
XDB,SYS_IL0000022661C00004$$,XDB,XDB$ALL_MODEL,UNIQUE,LOB,VALID,NO,N,VISIBLE
XDB,SYS_IL0000022661C00005$$,XDB,XDB$ALL_MODEL,UNIQUE,LOB,VALID,NO,N,VISIBLE
XDB,SYS_IL0000022661C00007$$,XDB,XDB$ALL_MODEL,UNIQUE,LOB,VALID,NO,N,VISIBLE
XDB,SYS_IL0000022661C00011$$,XDB,XDB$ALL_MODEL,UNIQUE,LOB,VALID,NO,N,VISIBLE
XDB,SYS_IL0000022661C00012$$,XDB,XDB$ALL_MODEL,UNIQUE,LOB,VALID,NO,N,VISIBLE
XDB,SYS_IL0000022661C00013$$,XDB,XDB$ALL_MODEL,UNIQUE,LOB,VALID,NO,N,VISIBLE
XDB,SYS_IL0000022661C00014$$,XDB,XDB$ALL_MODEL,UNIQUE,LOB,VALID,NO,N,VISIBLE
XDB,SYS_IL0000022661C00015$$,XDB,XDB$ALL_MODEL,UNIQUE,LOB,VALID,NO,N,VISIBLE
XDB,SYS_IL0000022661C00016$$,XDB,XDB$ALL_MODEL,UNIQUE,LOB,VALID,NO,N,VISIBLE
XDB,SYS_IL0000022661C00017$$,XDB,XDB$ALL_MODEL,UNIQUE,LOB,VALID,NO,N,VISIBLE
XDB,SYS_IL0000022661C00018$$,XDB,XDB$ALL_MODEL,UNIQUE,LOB,VALID,NO,N,VISIBLE
XDB,SYS_C006583,XDB,XDB$ANY,UNIQUE,NORMAL,VALID,NO,N,VISIBLE
XDB,SYS_IL0000022783C00004$$,XDB,XDB$ANY,UNIQUE,LOB,VALID,NO,N,VISIBLE
XDB,SYS_IL0000022783C00005$$,XDB,XDB$ANY,UNIQUE,LOB,VALID,NO,N,VISIBLE
XDB,SYS_IL0000022783C00007$$,XDB,XDB$ANY,UNIQUE,LOB,VALID,NO,N,VISIBLE
XDB,SYS_IL0000022783C00031$$,XDB,XDB$ANY,UNIQUE,LOB,VALID,NO,N,VISIBLE
XDB,SYS_IL0000022783C00032$$,XDB,XDB$ANY,UNIQUE,LOB,VALID,NO,N,VISIBLE
XDB,SYS_IL0000022783C00033$$,XDB,XDB$ANY,UNIQUE,LOB,VALID,NO,N,VISIBLE
XDB,SYS_C006582,XDB,XDB$ANYATTR,UNIQUE,NORMAL,VALID,NO,N,VISIBLE
XDB,SYS_IL0000022769C00004$$,XDB,XDB$ANYATTR,UNIQUE,LOB,VALID,NO,N,VISIBLE
XDB,SYS_IL0000022769C00005$$,XDB,XDB$ANYATTR,UNIQUE,LOB,VALID,NO,N,VISIBLE
XDB,SYS_IL0000022769C00007$$,XDB,XDB$ANYATTR,UNIQUE,LOB,VALID,NO,N,VISIBLE
XDB,SYS_IL0000022769C00031$$,XDB,XDB$ANYATTR,UNIQUE,LOB,VALID,NO,N,VISIBLE
XDB,SYS_IL0000022769C00032$$,XDB,XDB$ANYATTR,UNIQUE,LOB,VALID,NO,N,VISIBLE
XDB,SYS_IL0000022769C00033$$,XDB,XDB$ANYATTR,UNIQUE,LOB,VALID,NO,N,VISIBLE
XDB,SYS_C006586,XDB,XDB$ATTRGROUP_DEF,UNIQUE,NORMAL,VALID,NO,N,VISIBLE
XDB,SYS_IL0000022825C00004$$,XDB,XDB$ATTRGROUP_DEF,UNIQUE,LOB,VALID,NO,N,VISIBLE
XDB,SYS_IL0000022825C00005$$,XDB,XDB$ATTRGROUP_DEF,UNIQUE,LOB,VALID,NO,N,VISIBLE
XDB,SYS_IL0000022825C00007$$,XDB,XDB$ATTRGROUP_DEF,UNIQUE,LOB,VALID,NO,N,VISIBLE
XDB,SYS_IL0000022825C00010$$,XDB,XDB$ATTRGROUP_DEF,UNIQUE,LOB,VALID,NO,N,VISIBLE
XDB,SYS_IL0000022825C00011$$,XDB,XDB$ATTRGROUP_DEF,UNIQUE,LOB,VALID,NO,N,VISIBLE
XDB,SYS_IL0000022825C00012$$,XDB,XDB$ATTRGROUP_DEF,UNIQUE,LOB,VALID,NO,N,VISIBLE
XDB,SYS_IL0000022825C00013$$,XDB,XDB$ATTRGROUP_DEF,UNIQUE,LOB,VALID,NO,N,VISIBLE
XDB,SYS_IL0000022825C00014$$,XDB,XDB$ATTRGROUP_DEF,UNIQUE,LOB,VALID,NO,N,VISIBLE
XDB,SYS_IL0000022825C00015$$,XDB,XDB$ATTRGROUP_DEF,UNIQUE,LOB,VALID,NO,N,VISIBLE
XDB,SYS_C006587,XDB,XDB$ATTRGROUP_REF,UNIQUE,NORMAL,VALID,NO,N,VISIBLE
XDB,SYS_IL0000022845C00004$$,XDB,XDB$ATTRGROUP_REF,UNIQUE,LOB,VALID,NO,N,VISIBLE
XDB,SYS_IL0000022845C00005$$,XDB,XDB$ATTRGROUP_REF,UNIQUE,LOB,VALID,NO,N,VISIBLE
XDB,SYS_IL0000022845C00007$$,XDB,XDB$ATTRGROUP_REF,UNIQUE,LOB,VALID,NO,N,VISIBLE
XDB,SYS_IL0000022845C00012$$,XDB,XDB$ATTRGROUP_REF,UNIQUE,LOB,VALID,NO,N,VISIBLE
XDB,SYS_IL0000022845C00013$$,XDB,XDB$ATTRGROUP_REF,UNIQUE,LOB,VALID,NO,N,VISIBLE
XDB,SYS_IL0000022845C00014$$,XDB,XDB$ATTRGROUP_REF,UNIQUE,LOB,VALID,NO,N,VISIBLE
XDB,SYS_C006581,XDB,XDB$ATTRIBUTE,UNIQUE,NORMAL,VALID,NO,N,VISIBLE
XDB,SYS_IL0000022755C00004$$,XDB,XDB$ATTRIBUTE,UNIQUE,LOB,VALID,NO,N,VISIBLE
XDB,SYS_IL0000022755C00005$$,XDB,XDB$ATTRIBUTE,UNIQUE,LOB,VALID,NO,N,VISIBLE
XDB,SYS_IL0000022755C00007$$,XDB,XDB$ATTRIBUTE,UNIQUE,LOB,VALID,NO,N,VISIBLE
XDB,SYS_IL0000022755C00031$$,XDB,XDB$ATTRIBUTE,UNIQUE,LOB,VALID,NO,N,VISIBLE
XDB,SYS_IL0000022755C00032$$,XDB,XDB$ATTRIBUTE,UNIQUE,LOB,VALID,NO,N,VISIBLE
XDB,SYS_IL0000022755C00033$$,XDB,XDB$ATTRIBUTE,UNIQUE,LOB,VALID,NO,N,VISIBLE
XDB,COKEY,XDB,XDB$CHECKOUTS,UNIQUE,NORMAL,VALID,NO,N,VISIBLE
XDB,XDB$CHECKOUTS_VCRUID_IDX,XDB,XDB$CHECKOUTS,NONUNIQUE,NORMAL,VALID,NO,N,VISIBLE
XDB,XDB$CHECKOUTS_WORKSPACEID_IDX,XDB,XDB$CHECKOUTS,NONUNIQUE,NORMAL,VALID,NO,N,VISIBLE
XDB,SYS_C006578,XDB,XDB$CHOICE_MODEL,UNIQUE,NORMAL,VALID,NO,N,VISIBLE
XDB,SYS_IL0000022685C00004$$,XDB,XDB$CHOICE_MODEL,UNIQUE,LOB,VALID,NO,N,VISIBLE
XDB,SYS_IL0000022685C00005$$,XDB,XDB$CHOICE_MODEL,UNIQUE,LOB,VALID,NO,N,VISIBLE
XDB,SYS_IL0000022685C00007$$,XDB,XDB$CHOICE_MODEL,UNIQUE,LOB,VALID,NO,N,VISIBLE
XDB,SYS_IL0000022685C00011$$,XDB,XDB$CHOICE_MODEL,UNIQUE,LOB,VALID,NO,N,VISIBLE
XDB,SYS_IL0000022685C00012$$,XDB,XDB$CHOICE_MODEL,UNIQUE,LOB,VALID,NO,N,VISIBLE
XDB,SYS_IL0000022685C00013$$,XDB,XDB$CHOICE_MODEL,UNIQUE,LOB,VALID,NO,N,VISIBLE
XDB,SYS_IL0000022685C00014$$,XDB,XDB$CHOICE_MODEL,UNIQUE,LOB,VALID,NO,N,VISIBLE
XDB,SYS_IL0000022685C00015$$,XDB,XDB$CHOICE_MODEL,UNIQUE,LOB,VALID,NO,N,VISIBLE
XDB,SYS_IL0000022685C00016$$,XDB,XDB$CHOICE_MODEL,UNIQUE,LOB,VALID,NO,N,VISIBLE
XDB,SYS_IL0000022685C00017$$,XDB,XDB$CHOICE_MODEL,UNIQUE,LOB,VALID,NO,N,VISIBLE
XDB,SYS_IL0000022685C00018$$,XDB,XDB$CHOICE_MODEL,UNIQUE,LOB,VALID,NO,N,VISIBLE
XDB,SYS_C006576,XDB,XDB$COMPLEX_TYPE,UNIQUE,NORMAL,VALID,NO,N,VISIBLE
XDB,SYS_IL0000022467C00004$$,XDB,XDB$COMPLEX_TYPE,UNIQUE,LOB,VALID,NO,N,VISIBLE
XDB,SYS_IL0000022467C00005$$,XDB,XDB$COMPLEX_TYPE,UNIQUE,LOB,VALID,NO,N,VISIBLE
XDB,SYS_IL0000022467C00007$$,XDB,XDB$COMPLEX_TYPE,UNIQUE,LOB,VALID,NO,N,VISIBLE
XDB,SYS_IL0000022467C00015$$,XDB,XDB$COMPLEX_TYPE,UNIQUE,LOB,VALID,NO,N,VISIBLE
XDB,SYS_IL0000022467C00016$$,XDB,XDB$COMPLEX_TYPE,UNIQUE,LOB,VALID,NO,N,VISIBLE
XDB,SYS_IL0000022467C00017$$,XDB,XDB$COMPLEX_TYPE,UNIQUE,LOB,VALID,NO,N,VISIBLE
XDB,SYS_IL0000022467C00022$$,XDB,XDB$COMPLEX_TYPE,UNIQUE,LOB,VALID,NO,N,VISIBLE
XDB,SYS_IL0000022467C00024$$,XDB,XDB$COMPLEX_TYPE,UNIQUE,LOB,VALID,NO,N,VISIBLE
XDB,SYS_IL0000022467C00027$$,XDB,XDB$COMPLEX_TYPE,UNIQUE,LOB,VALID,NO,N,VISIBLE
XDB,SYS_IL0000022467C00028$$,XDB,XDB$COMPLEX_TYPE,UNIQUE,LOB,VALID,NO,N,VISIBLE
XDB,SYS_IL0000022467C00029$$,XDB,XDB$COMPLEX_TYPE,UNIQUE,LOB,VALID,NO,N,VISIBLE
XDB,SYS_IL0000022467C00034$$,XDB,XDB$COMPLEX_TYPE,UNIQUE,LOB,VALID,NO,N,VISIBLE
XDB,SYS_IL0000022467C00035$$,XDB,XDB$COMPLEX_TYPE,UNIQUE,LOB,VALID,NO,N,VISIBLE
XDB,SYS_IL0000022467C00036$$,XDB,XDB$COMPLEX_TYPE,UNIQUE,LOB,VALID,NO,N,VISIBLE
XDB,SYS_IL0000022467C00039$$,XDB,XDB$COMPLEX_TYPE,UNIQUE,LOB,VALID,NO,N,VISIBLE
XDB,SYS_IL0000022467C00042$$,XDB,XDB$COMPLEX_TYPE,UNIQUE,LOB,VALID,NO,N,VISIBLE
XDB,SYS_IL0000022467C00043$$,XDB,XDB$COMPLEX_TYPE,UNIQUE,LOB,VALID,NO,N,VISIBLE
XDB,SYS_IL0000022467C00044$$,XDB,XDB$COMPLEX_TYPE,UNIQUE,LOB,VALID,NO,N,VISIBLE
XDB,SYS_IL0000022467C00049$$,XDB,XDB$COMPLEX_TYPE,UNIQUE,LOB,VALID,NO,N,VISIBLE
XDB,SYS_IL0000022467C00050$$,XDB,XDB$COMPLEX_TYPE,UNIQUE,LOB,VALID,NO,N,VISIBLE
XDB,SYS_IL0000022467C00051$$,XDB,XDB$COMPLEX_TYPE,UNIQUE,LOB,VALID,NO,N,VISIBLE
XDB,SYS_IL0000022467C00054$$,XDB,XDB$COMPLEX_TYPE,UNIQUE,LOB,VALID,NO,N,VISIBLE
XDB,SYS_IL0000022467C00055$$,XDB,XDB$COMPLEX_TYPE,UNIQUE,LOB,VALID,NO,N,VISIBLE
XDB,SYS_IL0000022467C00056$$,XDB,XDB$COMPLEX_TYPE,UNIQUE,LOB,VALID,NO,N,VISIBLE
XDB,SYS_IL0000022467C00059$$,XDB,XDB$COMPLEX_TYPE,UNIQUE,LOB,VALID,NO,N,VISIBLE
XDB,SYS_IL0000022467C00060$$,XDB,XDB$COMPLEX_TYPE,UNIQUE,LOB,VALID,NO,N,VISIBLE
XDB,SYS_IL0000022467C00061$$,XDB,XDB$COMPLEX_TYPE,UNIQUE,LOB,VALID,NO,N,VISIBLE
XDB,SYS_IL0000022467C00066$$,XDB,XDB$COMPLEX_TYPE,UNIQUE,LOB,VALID,NO,N,VISIBLE
XDB,SYS_IL0000022467C00068$$,XDB,XDB$COMPLEX_TYPE,UNIQUE,LOB,VALID,NO,N,VISIBLE
XDB,SYS_IL0000022467C00069$$,XDB,XDB$COMPLEX_TYPE,UNIQUE,LOB,VALID,NO,N,VISIBLE
XDB,SYS_IL0000022467C00074$$,XDB,XDB$COMPLEX_TYPE,UNIQUE,LOB,VALID,NO,N,VISIBLE
XDB,SYS_IL0000022467C00075$$,XDB,XDB$COMPLEX_TYPE,UNIQUE,LOB,VALID,NO,N,VISIBLE
XDB,SYS_IL0000022467C00076$$,XDB,XDB$COMPLEX_TYPE,UNIQUE,LOB,VALID,NO,N,VISIBLE
XDB,SYS_IL0000022467C00077$$,XDB,XDB$COMPLEX_TYPE,UNIQUE,LOB,VALID,NO,N,VISIBLE
XDB,SYS_IL0000022467C00078$$,XDB,XDB$COMPLEX_TYPE,UNIQUE,LOB,VALID,NO,N,VISIBLE
XDB,SYS_IL0000022467C00079$$,XDB,XDB$COMPLEX_TYPE,UNIQUE,LOB,VALID,NO,N,VISIBLE
XDB,SYS_IL0000022467C00081$$,XDB,XDB$COMPLEX_TYPE,UNIQUE,LOB,VALID,NO,N,VISIBLE
XDB,SYS_IL0000022467C00082$$,XDB,XDB$COMPLEX_TYPE,UNIQUE,LOB,VALID,NO,N,VISIBLE
XDB,SYS_IL0000022467C00083$$,XDB,XDB$COMPLEX_TYPE,UNIQUE,LOB,VALID,NO,N,VISIBLE
XDB,SYS_IL0000022467C00084$$,XDB,XDB$COMPLEX_TYPE,UNIQUE,LOB,VALID,NO,N,VISIBLE
XDB,SYS_IL0000022467C00089$$,XDB,XDB$COMPLEX_TYPE,UNIQUE,LOB,VALID,NO,N,VISIBLE
XDB,SYS_IL0000022467C00090$$,XDB,XDB$COMPLEX_TYPE,UNIQUE,LOB,VALID,NO,N,VISIBLE
XDB,SYS_IL0000022467C00091$$,XDB,XDB$COMPLEX_TYPE,UNIQUE,LOB,VALID,NO,N,VISIBLE
XDB,SYS_IL0000022467C00092$$,XDB,XDB$COMPLEX_TYPE,UNIQUE,LOB,VALID,NO,N,VISIBLE
XDB,SYS_IL0000022467C00097$$,XDB,XDB$COMPLEX_TYPE,UNIQUE,LOB,VALID,NO,N,VISIBLE
XDB,SYS_IL0000022467C00098$$,XDB,XDB$COMPLEX_TYPE,UNIQUE,LOB,VALID,NO,N,VISIBLE
XDB,SYS_IL0000022467C00099$$,XDB,XDB$COMPLEX_TYPE,UNIQUE,LOB,VALID,NO,N,VISIBLE
XDB,SYS_IL0000022467C00100$$,XDB,XDB$COMPLEX_TYPE,UNIQUE,LOB,VALID,NO,N,VISIBLE
XDB,SYS_IL0000022467C00105$$,XDB,XDB$COMPLEX_TYPE,UNIQUE,LOB,VALID,NO,N,VISIBLE
XDB,SYS_IL0000022467C00106$$,XDB,XDB$COMPLEX_TYPE,UNIQUE,LOB,VALID,NO,N,VISIBLE
XDB,SYS_IL0000022467C00107$$,XDB,XDB$COMPLEX_TYPE,UNIQUE,LOB,VALID,NO,N,VISIBLE
XDB,SYS_IL0000022467C00108$$,XDB,XDB$COMPLEX_TYPE,UNIQUE,LOB,VALID,NO,N,VISIBLE
XDB,SYS_IL0000022467C00113$$,XDB,XDB$COMPLEX_TYPE,UNIQUE,LOB,VALID,NO,N,VISIBLE
XDB,SYS_IL0000022467C00114$$,XDB,XDB$COMPLEX_TYPE,UNIQUE,LOB,VALID,NO,N,VISIBLE
XDB,SYS_IL0000022467C00115$$,XDB,XDB$COMPLEX_TYPE,UNIQUE,LOB,VALID,NO,N,VISIBLE
XDB,SYS_IL0000022467C00116$$,XDB,XDB$COMPLEX_TYPE,UNIQUE,LOB,VALID,NO,N,VISIBLE
XDB,SYS_IL0000022467C00121$$,XDB,XDB$COMPLEX_TYPE,UNIQUE,LOB,VALID,NO,N,VISIBLE
XDB,SYS_IL0000022467C00122$$,XDB,XDB$COMPLEX_TYPE,UNIQUE,LOB,VALID,NO,N,VISIBLE
XDB,SYS_IL0000022467C00123$$,XDB,XDB$COMPLEX_TYPE,UNIQUE,LOB,VALID,NO,N,VISIBLE
XDB,SYS_IL0000022467C00124$$,XDB,XDB$COMPLEX_TYPE,UNIQUE,LOB,VALID,NO,N,VISIBLE
XDB,SYS_IL0000022467C00129$$,XDB,XDB$COMPLEX_TYPE,UNIQUE,LOB,VALID,NO,N,VISIBLE
XDB,SYS_IL0000022467C00130$$,XDB,XDB$COMPLEX_TYPE,UNIQUE,LOB,VALID,NO,N,VISIBLE
XDB,SYS_IL0000022467C00131$$,XDB,XDB$COMPLEX_TYPE,UNIQUE,LOB,VALID,NO,N,VISIBLE
XDB,SYS_IL0000022467C00132$$,XDB,XDB$COMPLEX_TYPE,UNIQUE,LOB,VALID,NO,N,VISIBLE
XDB,SYS_IL0000022467C00137$$,XDB,XDB$COMPLEX_TYPE,UNIQUE,LOB,VALID,NO,N,VISIBLE
XDB,SYS_IL0000022467C00138$$,XDB,XDB$COMPLEX_TYPE,UNIQUE,LOB,VALID,NO,N,VISIBLE
XDB,SYS_IL0000022467C00139$$,XDB,XDB$COMPLEX_TYPE,UNIQUE,LOB,VALID,NO,N,VISIBLE
XDB,SYS_IL0000022467C00140$$,XDB,XDB$COMPLEX_TYPE,UNIQUE,LOB,VALID,NO,N,VISIBLE
XDB,SYS_IL0000022467C00145$$,XDB,XDB$COMPLEX_TYPE,UNIQUE,LOB,VALID,NO,N,VISIBLE
XDB,SYS_IL0000022467C00146$$,XDB,XDB$COMPLEX_TYPE,UNIQUE,LOB,VALID,NO,N,VISIBLE
XDB,SYS_IL0000022467C00147$$,XDB,XDB$COMPLEX_TYPE,UNIQUE,LOB,VALID,NO,N,VISIBLE
XDB,SYS_IL0000022467C00148$$,XDB,XDB$COMPLEX_TYPE,UNIQUE,LOB,VALID,NO,N,VISIBLE
XDB,SYS_IL0000022467C00153$$,XDB,XDB$COMPLEX_TYPE,UNIQUE,LOB,VALID,NO,N,VISIBLE
XDB,SYS_IL0000022467C00154$$,XDB,XDB$COMPLEX_TYPE,UNIQUE,LOB,VALID,NO,N,VISIBLE
XDB,SYS_IL0000022467C00155$$,XDB,XDB$COMPLEX_TYPE,UNIQUE,LOB,VALID,NO,N,VISIBLE
XDB,SYS_IL0000022467C00156$$,XDB,XDB$COMPLEX_TYPE,UNIQUE,LOB,VALID,NO,N,VISIBLE
XDB,SYS_IL0000022467C00157$$,XDB,XDB$COMPLEX_TYPE,UNIQUE,LOB,VALID,NO,N,VISIBLE
XDB,SYS_IL0000022467C00158$$,XDB,XDB$COMPLEX_TYPE,UNIQUE,LOB,VALID,NO,N,VISIBLE
XDB,SYS_IL0000022467C00163$$,XDB,XDB$COMPLEX_TYPE,UNIQUE,LOB,VALID,NO,N,VISIBLE
XDB,SYS_IL0000022467C00164$$,XDB,XDB$COMPLEX_TYPE,UNIQUE,LOB,VALID,NO,N,VISIBLE
XDB,SYS_IL0000022467C00165$$,XDB,XDB$COMPLEX_TYPE,UNIQUE,LOB,VALID,NO,N,VISIBLE
XDB,SYS_IL0000022467C00166$$,XDB,XDB$COMPLEX_TYPE,UNIQUE,LOB,VALID,NO,N,VISIBLE
XDB,SYS_IL0000022467C00171$$,XDB,XDB$COMPLEX_TYPE,UNIQUE,LOB,VALID,NO,N,VISIBLE
XDB,SYS_IL0000022467C00172$$,XDB,XDB$COMPLEX_TYPE,UNIQUE,LOB,VALID,NO,N,VISIBLE
XDB,SYS_IL0000022467C00173$$,XDB,XDB$COMPLEX_TYPE,UNIQUE,LOB,VALID,NO,N,VISIBLE
XDB,SYS_IL0000022467C00174$$,XDB,XDB$COMPLEX_TYPE,UNIQUE,LOB,VALID,NO,N,VISIBLE
XDB,SYS_IL0000022467C00179$$,XDB,XDB$COMPLEX_TYPE,UNIQUE,LOB,VALID,NO,N,VISIBLE
XDB,SYS_IL0000022467C00183$$,XDB,XDB$COMPLEX_TYPE,UNIQUE,LOB,VALID,NO,N,VISIBLE
XDB,SYS_IL0000022467C00184$$,XDB,XDB$COMPLEX_TYPE,UNIQUE,LOB,VALID,NO,N,VISIBLE
XDB,SYS_IL0000022467C00185$$,XDB,XDB$COMPLEX_TYPE,UNIQUE,LOB,VALID,NO,N,VISIBLE
XDB,SYS_IL0000022467C00186$$,XDB,XDB$COMPLEX_TYPE,UNIQUE,LOB,VALID,NO,N,VISIBLE
XDB,SYS_IL0000022467C00187$$,XDB,XDB$COMPLEX_TYPE,UNIQUE,LOB,VALID,NO,N,VISIBLE
XDB,SYS_IL0000022467C00188$$,XDB,XDB$COMPLEX_TYPE,UNIQUE,LOB,VALID,NO,N,VISIBLE
XDB,SYS_IL0000022467C00190$$,XDB,XDB$COMPLEX_TYPE,UNIQUE,LOB,VALID,NO,N,VISIBLE
XDB,SYS_IL0000022467C00191$$,XDB,XDB$COMPLEX_TYPE,UNIQUE,LOB,VALID,NO,N,VISIBLE
XDB,SYS_IL0000022467C00192$$,XDB,XDB$COMPLEX_TYPE,UNIQUE,LOB,VALID,NO,N,VISIBLE
XDB,XDB$COMPLEX_TYPE_AK,XDB,XDB$COMPLEX_TYPE,NONUNIQUE,FUNCTION-BASED NORMAL,VALID,NO,N,VISIBLE
XDB,XDB$COMPLEX_TYPE_CK,XDB,XDB$COMPLEX_TYPE,NONUNIQUE,FUNCTION-BASED NORMAL,VALID,NO,N,VISIBLE
XDB,XDB$COMPLEX_TYPE_SK,XDB,XDB$COMPLEX_TYPE,NONUNIQUE,FUNCTION-BASED NORMAL,VALID,NO,N,VISIBLE
XDB,SYS_C006621,XDB,XDB$CONFIG,UNIQUE,NORMAL,VALID,NO,N,VISIBLE
XDB,SYS_IL0000023291C00003$$,XDB,XDB$CONFIG,UNIQUE,LOB,VALID,NO,N,VISIBLE
XDB,SNGLEROW,XDB,XDB$DBFS_VIRTUAL_FOLDER,UNIQUE,NORMAL,VALID,NO,N,VISIBLE
XDB,XDB$D_LINK_SOURCE_ID,XDB,XDB$D_LINK,NONUNIQUE,NORMAL,VALID,NO,N,VISIBLE
XDB,XDB$D_LINK_TARGET_ID,XDB,XDB$D_LINK,NONUNIQUE,NORMAL,VALID,NO,N,VISIBLE
XDB,SYS_IL0000023231C00006$$,XDB,XDB$DXPTAB,UNIQUE,LOB,VALID,NO,N,VISIBLE
XDB,XDB$DXPTABPK,XDB,XDB$DXPTAB,UNIQUE,NORMAL,VALID,NO,N,VISIBLE
XDB,XDB$IDXPTAB,XDB,XDB$DXPTAB,UNIQUE,NORMAL,VALID,NO,N,VISIBLE
XDB,SYS_C006580,XDB,XDB$ELEMENT,UNIQUE,NORMAL,VALID,NO,N,VISIBLE
XDB,SYS_IL0000022733C00004$$,XDB,XDB$ELEMENT,UNIQUE,LOB,VALID,NO,N,VISIBLE
XDB,SYS_IL0000022733C00005$$,XDB,XDB$ELEMENT,UNIQUE,LOB,VALID,NO,N,VISIBLE
XDB,SYS_IL0000022733C00007$$,XDB,XDB$ELEMENT,UNIQUE,LOB,VALID,NO,N,VISIBLE
XDB,SYS_IL0000022733C00031$$,XDB,XDB$ELEMENT,UNIQUE,LOB,VALID,NO,N,VISIBLE
XDB,SYS_IL0000022733C00032$$,XDB,XDB$ELEMENT,UNIQUE,LOB,VALID,NO,N,VISIBLE
XDB,SYS_IL0000022733C00033$$,XDB,XDB$ELEMENT,UNIQUE,LOB,VALID,NO,N,VISIBLE
XDB,SYS_IL0000022733C00059$$,XDB,XDB$ELEMENT,UNIQUE,LOB,VALID,NO,N,VISIBLE
XDB,SYS_IL0000022733C00068$$,XDB,XDB$ELEMENT,UNIQUE,LOB,VALID,NO,N,VISIBLE
XDB,SYS_IL0000022733C00069$$,XDB,XDB$ELEMENT,UNIQUE,LOB,VALID,NO,N,VISIBLE
XDB,SYS_IL0000022733C00070$$,XDB,XDB$ELEMENT,UNIQUE,LOB,VALID,NO,N,VISIBLE
XDB,XDB$ELEMENT_HER,XDB,XDB$ELEMENT,NONUNIQUE,FUNCTION-BASED NORMAL,VALID,NO,N,VISIBLE
XDB,XDB$ELEMENT_PR,XDB,XDB$ELEMENT,NONUNIQUE,FUNCTION-BASED NORMAL,VALID,NO,N,VISIBLE
XDB,XDB$ELEMENT_PROPNAME,XDB,XDB$ELEMENT,NONUNIQUE,NORMAL,VALID,NO,N,VISIBLE
XDB,XDB$ELEMENT_PROPNUMBER,XDB,XDB$ELEMENT,NONUNIQUE,NORMAL,VALID,NO,N,VISIBLE
XDB,XDB$ELEMENT_PS,XDB,XDB$ELEMENT,NONUNIQUE,FUNCTION-BASED NORMAL,VALID,NO,N,VISIBLE
XDB,XDB$ELEMENT_TR,XDB,XDB$ELEMENT,NONUNIQUE,FUNCTION-BASED NORMAL,VALID,NO,N,VISIBLE
XDB,SYS_C006584,XDB,XDB$GROUP_DEF,UNIQUE,NORMAL,VALID,NO,N,VISIBLE
XDB,SYS_IL0000022797C00004$$,XDB,XDB$GROUP_DEF,UNIQUE,LOB,VALID,NO,N,VISIBLE
XDB,SYS_IL0000022797C00005$$,XDB,XDB$GROUP_DEF,UNIQUE,LOB,VALID,NO,N,VISIBLE
XDB,SYS_IL0000022797C00007$$,XDB,XDB$GROUP_DEF,UNIQUE,LOB,VALID,NO,N,VISIBLE
XDB,SYS_IL0000022797C00013$$,XDB,XDB$GROUP_DEF,UNIQUE,LOB,VALID,NO,N,VISIBLE
XDB,SYS_IL0000022797C00014$$,XDB,XDB$GROUP_DEF,UNIQUE,LOB,VALID,NO,N,VISIBLE
XDB,SYS_IL0000022797C00015$$,XDB,XDB$GROUP_DEF,UNIQUE,LOB,VALID,NO,N,VISIBLE
XDB,SYS_C006585,XDB,XDB$GROUP_REF,UNIQUE,NORMAL,VALID,NO,N,VISIBLE
XDB,SYS_IL0000022811C00004$$,XDB,XDB$GROUP_REF,UNIQUE,LOB,VALID,NO,N,VISIBLE
XDB,SYS_IL0000022811C00005$$,XDB,XDB$GROUP_REF,UNIQUE,LOB,VALID,NO,N,VISIBLE
XDB,SYS_IL0000022811C00007$$,XDB,XDB$GROUP_REF,UNIQUE,LOB,VALID,NO,N,VISIBLE
XDB,SYS_IL0000022811C00014$$,XDB,XDB$GROUP_REF,UNIQUE,LOB,VALID,NO,N,VISIBLE
XDB,SYS_IL0000022811C00015$$,XDB,XDB$GROUP_REF,UNIQUE,LOB,VALID,NO,N,VISIBLE
XDB,SYS_IL0000022811C00016$$,XDB,XDB$GROUP_REF,UNIQUE,LOB,VALID,NO,N,VISIBLE
XDB,SYS_IL0000022213C00005$$,XDB,XDB$H_INDEX,UNIQUE,LOB,VALID,NO,N,VISIBLE
XDB,XDB$H_INDEX_OID_I,XDB,XDB$H_INDEX,NONUNIQUE,NORMAL,VALID,NO,N,VISIBLE
XDB,SYS_C006574,XDB,XDB$H_LINK,UNIQUE,NORMAL,VALID,NO,N,VISIBLE
XDB,XDB_H_LINK_CHILD_OID,XDB,XDB$H_LINK,NONUNIQUE,NORMAL,VALID,NO,N,VISIBLE
XDB,XDB_PK_H_LINK,XDB,XDB$H_LINK,UNIQUE,NORMAL,VALID,NO,N,VISIBLE
XDB,SYS_C006590,XDB,XDB$NLOCKS,UNIQUE,NORMAL,VALID,NO,N,VISIBLE
XDB,XDB$NLOCKS_CHILD_NAME_IDX,XDB,XDB$NLOCKS,NONUNIQUE,NORMAL,VALID,NO,N,VISIBLE
XDB,XDB$NLOCKS_PARENT_OID_IDX,XDB,XDB$NLOCKS,NONUNIQUE,NORMAL,VALID,NO,N,VISIBLE
XDB,XDB$NLOCKS_RAWTOKEN_IDX,XDB,XDB$NLOCKS,NONUNIQUE,NORMAL,VALID,NO,N,VISIBLE
XDB,SYS_IL0000023463C00017$$,XDB,XDB$REPOS,UNIQUE,LOB,VALID,NO,N,VISIBLE
XDB,SYS_C006594,XDB,XDB$RESCONFIG,UNIQUE,NORMAL,VALID,NO,N,VISIBLE
XDB,SYS_IL0000023191C00003$$,XDB,XDB$RESCONFIG,UNIQUE,LOB,VALID,NO,N,VISIBLE
XDB,SYS_C006589,XDB,XDB$RESOURCE,UNIQUE,NORMAL,VALID,NO,N,VISIBLE
XDB,SYS_IL0000022913C00004$$,XDB,XDB$RESOURCE,UNIQUE,LOB,VALID,NO,N,VISIBLE
XDB,SYS_IL0000022913C00005$$,XDB,XDB$RESOURCE,UNIQUE,LOB,VALID,NO,N,VISIBLE
XDB,SYS_IL0000022913C00025$$,XDB,XDB$RESOURCE,UNIQUE,LOB,VALID,NO,N,VISIBLE
XDB,SYS_IL0000022913C00027$$,XDB,XDB$RESOURCE,UNIQUE,LOB,VALID,NO,N,VISIBLE
XDB,SYS_IL0000022913C00030$$,XDB,XDB$RESOURCE,UNIQUE,LOB,VALID,NO,N,VISIBLE
XDB,SYS_IL0000022913C00031$$,XDB,XDB$RESOURCE,UNIQUE,LOB,VALID,NO,N,VISIBLE
XDB,SYS_IL0000022913C00033$$,XDB,XDB$RESOURCE,UNIQUE,LOB,VALID,NO,N,VISIBLE
XDB,SYS_IL0000022913C00034$$,XDB,XDB$RESOURCE,UNIQUE,LOB,VALID,NO,N,VISIBLE
XDB,SYS_IL0000022913C00037$$,XDB,XDB$RESOURCE,UNIQUE,LOB,VALID,NO,N,VISIBLE
XDB,XDBHI_IDX,XDB,XDB$RESOURCE,NONUNIQUE,FUNCTION-BASED DOMAIN,VALID,NO,N,VISIBLE
XDB,XDB$RESOURCE_ACLOID_IDX,XDB,XDB$RESOURCE,NONUNIQUE,NORMAL,VALID,NO,N,VISIBLE
XDB,XDB$RESOURCE_OID_INDEX,XDB,XDB$RESOURCE,UNIQUE,FUNCTION-BASED NORMAL,VALID,NO,N,VISIBLE
XDB,SYS_C006588,XDB,XDB$SCHEMA,UNIQUE,NORMAL,VALID,NO,N,VISIBLE
XDB,SYS_IL0000022859C00004$$,XDB,XDB$SCHEMA,UNIQUE,LOB,VALID,NO,N,VISIBLE
XDB,SYS_IL0000022859C00005$$,XDB,XDB$SCHEMA,UNIQUE,LOB,VALID,NO,N,VISIBLE
XDB,SYS_IL0000022859C00015$$,XDB,XDB$SCHEMA,UNIQUE,LOB,VALID,NO,N,VISIBLE
XDB,SYS_IL0000022859C00016$$,XDB,XDB$SCHEMA,UNIQUE,LOB,VALID,NO,N,VISIBLE
XDB,SYS_IL0000022859C00017$$,XDB,XDB$SCHEMA,UNIQUE,LOB,VALID,NO,N,VISIBLE
XDB,SYS_IL0000022859C00018$$,XDB,XDB$SCHEMA,UNIQUE,LOB,VALID,NO,N,VISIBLE
XDB,SYS_IL0000022859C00019$$,XDB,XDB$SCHEMA,UNIQUE,LOB,VALID,NO,N,VISIBLE
XDB,SYS_IL0000022859C00020$$,XDB,XDB$SCHEMA,UNIQUE,LOB,VALID,NO,N,VISIBLE
XDB,SYS_IL0000022859C00022$$,XDB,XDB$SCHEMA,UNIQUE,LOB,VALID,NO,N,VISIBLE
XDB,SYS_IL0000022859C00023$$,XDB,XDB$SCHEMA,UNIQUE,LOB,VALID,NO,N,VISIBLE
XDB,SYS_IL0000022859C00026$$,XDB,XDB$SCHEMA,UNIQUE,LOB,VALID,NO,N,VISIBLE
XDB,SYS_IL0000022859C00027$$,XDB,XDB$SCHEMA,UNIQUE,LOB,VALID,NO,N,VISIBLE
XDB,SYS_IL0000022859C00031$$,XDB,XDB$SCHEMA,UNIQUE,LOB,VALID,NO,N,VISIBLE
XDB,XDB$SCHEMA_URL,XDB,XDB$SCHEMA,NONUNIQUE,NORMAL,VALID,NO,N,VISIBLE
XDB,SYS_C006579,XDB,XDB$SEQUENCE_MODEL,UNIQUE,NORMAL,VALID,NO,N,VISIBLE
XDB,SYS_IL0000022709C00004$$,XDB,XDB$SEQUENCE_MODEL,UNIQUE,LOB,VALID,NO,N,VISIBLE
XDB,SYS_IL0000022709C00005$$,XDB,XDB$SEQUENCE_MODEL,UNIQUE,LOB,VALID,NO,N,VISIBLE
XDB,SYS_IL0000022709C00007$$,XDB,XDB$SEQUENCE_MODEL,UNIQUE,LOB,VALID,NO,N,VISIBLE
XDB,SYS_IL0000022709C00011$$,XDB,XDB$SEQUENCE_MODEL,UNIQUE,LOB,VALID,NO,N,VISIBLE
XDB,SYS_IL0000022709C00012$$,XDB,XDB$SEQUENCE_MODEL,UNIQUE,LOB,VALID,NO,N,VISIBLE
XDB,SYS_IL0000022709C00013$$,XDB,XDB$SEQUENCE_MODEL,UNIQUE,LOB,VALID,NO,N,VISIBLE
XDB,SYS_IL0000022709C00014$$,XDB,XDB$SEQUENCE_MODEL,UNIQUE,LOB,VALID,NO,N,VISIBLE
XDB,SYS_IL0000022709C00015$$,XDB,XDB$SEQUENCE_MODEL,UNIQUE,LOB,VALID,NO,N,VISIBLE
XDB,SYS_IL0000022709C00016$$,XDB,XDB$SEQUENCE_MODEL,UNIQUE,LOB,VALID,NO,N,VISIBLE
XDB,SYS_IL0000022709C00017$$,XDB,XDB$SEQUENCE_MODEL,UNIQUE,LOB,VALID,NO,N,VISIBLE
XDB,SYS_IL0000022709C00018$$,XDB,XDB$SEQUENCE_MODEL,UNIQUE,LOB,VALID,NO,N,VISIBLE
XDB,SYS_C006575,XDB,XDB$SIMPLE_TYPE,UNIQUE,NORMAL,VALID,NO,N,VISIBLE
XDB,SYS_IL0000022325C00004$$,XDB,XDB$SIMPLE_TYPE,UNIQUE,LOB,VALID,NO,N,VISIBLE
XDB,SYS_IL0000022325C00005$$,XDB,XDB$SIMPLE_TYPE,UNIQUE,LOB,VALID,NO,N,VISIBLE
XDB,SYS_IL0000022325C00007$$,XDB,XDB$SIMPLE_TYPE,UNIQUE,LOB,VALID,NO,N,VISIBLE
XDB,SYS_IL0000022325C00011$$,XDB,XDB$SIMPLE_TYPE,UNIQUE,LOB,VALID,NO,N,VISIBLE
XDB,SYS_IL0000022325C00016$$,XDB,XDB$SIMPLE_TYPE,UNIQUE,LOB,VALID,NO,N,VISIBLE
XDB,SYS_IL0000022325C00017$$,XDB,XDB$SIMPLE_TYPE,UNIQUE,LOB,VALID,NO,N,VISIBLE
XDB,SYS_IL0000022325C00018$$,XDB,XDB$SIMPLE_TYPE,UNIQUE,LOB,VALID,NO,N,VISIBLE
XDB,SYS_IL0000022325C00019$$,XDB,XDB$SIMPLE_TYPE,UNIQUE,LOB,VALID,NO,N,VISIBLE
XDB,SYS_IL0000022325C00024$$,XDB,XDB$SIMPLE_TYPE,UNIQUE,LOB,VALID,NO,N,VISIBLE
XDB,SYS_IL0000022325C00025$$,XDB,XDB$SIMPLE_TYPE,UNIQUE,LOB,VALID,NO,N,VISIBLE
XDB,SYS_IL0000022325C00026$$,XDB,XDB$SIMPLE_TYPE,UNIQUE,LOB,VALID,NO,N,VISIBLE
XDB,SYS_IL0000022325C00027$$,XDB,XDB$SIMPLE_TYPE,UNIQUE,LOB,VALID,NO,N,VISIBLE
XDB,SYS_IL0000022325C00032$$,XDB,XDB$SIMPLE_TYPE,UNIQUE,LOB,VALID,NO,N,VISIBLE
XDB,SYS_IL0000022325C00033$$,XDB,XDB$SIMPLE_TYPE,UNIQUE,LOB,VALID,NO,N,VISIBLE
XDB,SYS_IL0000022325C00034$$,XDB,XDB$SIMPLE_TYPE,UNIQUE,LOB,VALID,NO,N,VISIBLE
XDB,SYS_IL0000022325C00035$$,XDB,XDB$SIMPLE_TYPE,UNIQUE,LOB,VALID,NO,N,VISIBLE
XDB,SYS_IL0000022325C00040$$,XDB,XDB$SIMPLE_TYPE,UNIQUE,LOB,VALID,NO,N,VISIBLE
XDB,SYS_IL0000022325C00041$$,XDB,XDB$SIMPLE_TYPE,UNIQUE,LOB,VALID,NO,N,VISIBLE
XDB,SYS_IL0000022325C00042$$,XDB,XDB$SIMPLE_TYPE,UNIQUE,LOB,VALID,NO,N,VISIBLE
XDB,SYS_IL0000022325C00043$$,XDB,XDB$SIMPLE_TYPE,UNIQUE,LOB,VALID,NO,N,VISIBLE
XDB,SYS_IL0000022325C00048$$,XDB,XDB$SIMPLE_TYPE,UNIQUE,LOB,VALID,NO,N,VISIBLE
XDB,SYS_IL0000022325C00049$$,XDB,XDB$SIMPLE_TYPE,UNIQUE,LOB,VALID,NO,N,VISIBLE
XDB,SYS_IL0000022325C00050$$,XDB,XDB$SIMPLE_TYPE,UNIQUE,LOB,VALID,NO,N,VISIBLE
XDB,SYS_IL0000022325C00051$$,XDB,XDB$SIMPLE_TYPE,UNIQUE,LOB,VALID,NO,N,VISIBLE
XDB,SYS_IL0000022325C00056$$,XDB,XDB$SIMPLE_TYPE,UNIQUE,LOB,VALID,NO,N,VISIBLE
XDB,SYS_IL0000022325C00057$$,XDB,XDB$SIMPLE_TYPE,UNIQUE,LOB,VALID,NO,N,VISIBLE
XDB,SYS_IL0000022325C00058$$,XDB,XDB$SIMPLE_TYPE,UNIQUE,LOB,VALID,NO,N,VISIBLE
XDB,SYS_IL0000022325C00059$$,XDB,XDB$SIMPLE_TYPE,UNIQUE,LOB,VALID,NO,N,VISIBLE
XDB,SYS_IL0000022325C00064$$,XDB,XDB$SIMPLE_TYPE,UNIQUE,LOB,VALID,NO,N,VISIBLE
XDB,SYS_IL0000022325C00065$$,XDB,XDB$SIMPLE_TYPE,UNIQUE,LOB,VALID,NO,N,VISIBLE
XDB,SYS_IL0000022325C00066$$,XDB,XDB$SIMPLE_TYPE,UNIQUE,LOB,VALID,NO,N,VISIBLE
XDB,SYS_IL0000022325C00067$$,XDB,XDB$SIMPLE_TYPE,UNIQUE,LOB,VALID,NO,N,VISIBLE
XDB,SYS_IL0000022325C00072$$,XDB,XDB$SIMPLE_TYPE,UNIQUE,LOB,VALID,NO,N,VISIBLE
XDB,SYS_IL0000022325C00073$$,XDB,XDB$SIMPLE_TYPE,UNIQUE,LOB,VALID,NO,N,VISIBLE
XDB,SYS_IL0000022325C00074$$,XDB,XDB$SIMPLE_TYPE,UNIQUE,LOB,VALID,NO,N,VISIBLE
XDB,SYS_IL0000022325C00075$$,XDB,XDB$SIMPLE_TYPE,UNIQUE,LOB,VALID,NO,N,VISIBLE
XDB,SYS_IL0000022325C00080$$,XDB,XDB$SIMPLE_TYPE,UNIQUE,LOB,VALID,NO,N,VISIBLE
XDB,SYS_IL0000022325C00081$$,XDB,XDB$SIMPLE_TYPE,UNIQUE,LOB,VALID,NO,N,VISIBLE
XDB,SYS_IL0000022325C00082$$,XDB,XDB$SIMPLE_TYPE,UNIQUE,LOB,VALID,NO,N,VISIBLE
XDB,SYS_IL0000022325C00083$$,XDB,XDB$SIMPLE_TYPE,UNIQUE,LOB,VALID,NO,N,VISIBLE
XDB,SYS_IL0000022325C00088$$,XDB,XDB$SIMPLE_TYPE,UNIQUE,LOB,VALID,NO,N,VISIBLE
XDB,SYS_IL0000022325C00089$$,XDB,XDB$SIMPLE_TYPE,UNIQUE,LOB,VALID,NO,N,VISIBLE
XDB,SYS_IL0000022325C00090$$,XDB,XDB$SIMPLE_TYPE,UNIQUE,LOB,VALID,NO,N,VISIBLE
XDB,SYS_IL0000022325C00091$$,XDB,XDB$SIMPLE_TYPE,UNIQUE,LOB,VALID,NO,N,VISIBLE
XDB,SYS_IL0000022325C00096$$,XDB,XDB$SIMPLE_TYPE,UNIQUE,LOB,VALID,NO,N,VISIBLE
XDB,SYS_IL0000022325C00097$$,XDB,XDB$SIMPLE_TYPE,UNIQUE,LOB,VALID,NO,N,VISIBLE
XDB,SYS_IL0000022325C00098$$,XDB,XDB$SIMPLE_TYPE,UNIQUE,LOB,VALID,NO,N,VISIBLE
XDB,SYS_IL0000022325C00099$$,XDB,XDB$SIMPLE_TYPE,UNIQUE,LOB,VALID,NO,N,VISIBLE
XDB,SYS_IL0000022325C00104$$,XDB,XDB$SIMPLE_TYPE,UNIQUE,LOB,VALID,NO,N,VISIBLE
XDB,SYS_IL0000022325C00105$$,XDB,XDB$SIMPLE_TYPE,UNIQUE,LOB,VALID,NO,N,VISIBLE
XDB,SYS_IL0000022325C00106$$,XDB,XDB$SIMPLE_TYPE,UNIQUE,LOB,VALID,NO,N,VISIBLE
XDB,SYS_IL0000022325C00107$$,XDB,XDB$SIMPLE_TYPE,UNIQUE,LOB,VALID,NO,N,VISIBLE
XDB,SYS_IL0000022325C00112$$,XDB,XDB$SIMPLE_TYPE,UNIQUE,LOB,VALID,NO,N,VISIBLE
XDB,SYS_IL0000022325C00113$$,XDB,XDB$SIMPLE_TYPE,UNIQUE,LOB,VALID,NO,N,VISIBLE
XDB,SYS_IL0000022325C00114$$,XDB,XDB$SIMPLE_TYPE,UNIQUE,LOB,VALID,NO,N,VISIBLE
XDB,SYS_IL0000022325C00115$$,XDB,XDB$SIMPLE_TYPE,UNIQUE,LOB,VALID,NO,N,VISIBLE
XDB,SYS_IL0000022325C00116$$,XDB,XDB$SIMPLE_TYPE,UNIQUE,LOB,VALID,NO,N,VISIBLE
XDB,SYS_IL0000022325C00119$$,XDB,XDB$SIMPLE_TYPE,UNIQUE,LOB,VALID,NO,N,VISIBLE
XDB,SYS_IL0000022325C00120$$,XDB,XDB$SIMPLE_TYPE,UNIQUE,LOB,VALID,NO,N,VISIBLE
XDB,SYS_IL0000022325C00121$$,XDB,XDB$SIMPLE_TYPE,UNIQUE,LOB,VALID,NO,N,VISIBLE
XDB,SYS_IL0000022325C00122$$,XDB,XDB$SIMPLE_TYPE,UNIQUE,LOB,VALID,NO,N,VISIBLE
XDB,SYS_IL0000022325C00128$$,XDB,XDB$SIMPLE_TYPE,UNIQUE,LOB,VALID,NO,N,VISIBLE
XDB,SYS_IL0000022325C00129$$,XDB,XDB$SIMPLE_TYPE,UNIQUE,LOB,VALID,NO,N,VISIBLE
XDB,SYS_IL0000022325C00130$$,XDB,XDB$SIMPLE_TYPE,UNIQUE,LOB,VALID,NO,N,VISIBLE
XDB,SYS_IL0000022325C00131$$,XDB,XDB$SIMPLE_TYPE,UNIQUE,LOB,VALID,NO,N,VISIBLE
XDB,SYS_IL0000022325C00134$$,XDB,XDB$SIMPLE_TYPE,UNIQUE,LOB,VALID,NO,N,VISIBLE
XDB,SYS_IL0000022325C00135$$,XDB,XDB$SIMPLE_TYPE,UNIQUE,LOB,VALID,NO,N,VISIBLE
XDB,SYS_IL0000022325C00136$$,XDB,XDB$SIMPLE_TYPE,UNIQUE,LOB,VALID,NO,N,VISIBLE
XDB,SYS_IL0000022325C00137$$,XDB,XDB$SIMPLE_TYPE,UNIQUE,LOB,VALID,NO,N,VISIBLE
XDB,SYS_IL0000022325C00138$$,XDB,XDB$SIMPLE_TYPE,UNIQUE,LOB,VALID,NO,N,VISIBLE
XDB,STATS_PK,XDB,XDB$STATS,UNIQUE,NORMAL,VALID,NO,N,VISIBLE
XDB,SYS_C006620,XDB,XDB$STATS,UNIQUE,NORMAL,VALID,NO,N,VISIBLE
XDB,SYS_IL0000023277C00004$$,XDB,XDB$STATS,UNIQUE,LOB,VALID,NO,N,VISIBLE
XDB,SYS_IL0000023277C00005$$,XDB,XDB$STATS,UNIQUE,LOB,VALID,NO,N,VISIBLE
XDB,SYS_IL0000023277C00007$$,XDB,XDB$STATS,UNIQUE,LOB,VALID,NO,N,VISIBLE
XDB,XDB$TSETMAP_UNIQ1,XDB,XDB$TSETMAP,UNIQUE,NORMAL,VALID,NO,N,VISIBLE
XDB,SYS_C006572,XDB,XDB$TTSET,UNIQUE,NORMAL,VALID,NO,N,VISIBLE
XDB,SYS_IL0000022204C00001$$,XDB,XDB$XDB_READY,UNIQUE,LOB,VALID,NO,N,VISIBLE
XDB,SYS_IL0000023238C00004$$,XDB,XDB$XIDX_IMP_T,UNIQUE,LOB,VALID,NO,Y,VISIBLE
XDB,SYS_IL0000023241C00003$$,XDB,XDB$XIDX_PARAM_T,UNIQUE,LOB,VALID,NO,N,VISIBLE
XDB,XDB$IDXPARAM,XDB,XDB$XIDX_PARAM_T,UNIQUE,NORMAL,VALID,NO,N,VISIBLE
XDB,XDB$XIDX_PART_TAB_PK,XDB,XDB$XIDX_PART_TAB,UNIQUE,NORMAL,VALID,NO,N,VISIBLE
XDB,SYS_IL0000023262C00006$$,XDB,XDB$XTAB,UNIQUE,LOB,VALID,NO,N,VISIBLE
XDB,SYS_IL0000023262C00009$$,XDB,XDB$XTAB,UNIQUE,LOB,VALID,NO,N,VISIBLE
XDB,XDB$IDXXTAB_1,XDB,XDB$XTAB,NONUNIQUE,NORMAL,VALID,NO,N,VISIBLE
XDB,XDB$IDXXTAB_2,XDB,XDB$XTAB,NONUNIQUE,NORMAL,VALID,NO,N,VISIBLE
XDB,XDB$XTABPK,XDB,XDB$XTAB,UNIQUE,NORMAL,VALID,NO,N,VISIBLE
XDB,XDB$IDXTABCOLS_1,XDB,XDB$XTABCOLS,NONUNIQUE,NORMAL,VALID,NO,N,VISIBLE
XDB,XDB$IDXTABNMSP_1,XDB,XDB$XTABNMSP,NONUNIQUE,NORMAL,VALID,NO,N,VISIBLE
XDB,X$NI23LVJDK4EL9LDAHTO4RRGH5N9U,XDB,X$NM23LVJDK4EL9LDAHTO4RRGH5N9U,UNIQUE,NORMAL,VALID,NO,N,VISIBLE
XDB,X$NN23LVJDK4EL9LDAHTO4RRGH5N9U,XDB,X$NM23LVJDK4EL9LDAHTO4RRGH5N9U,UNIQUE,NORMAL,VALID,NO,N,VISIBLE
XDB,X$PI23LVJDK4EL9LDAHTO4RRGH5N9U,XDB,X$PT23LVJDK4EL9LDAHTO4RRGH5N9U,UNIQUE,NORMAL,VALID,NO,N,VISIBLE
XDB,X$PP23LVJDK4EL9LDAHTO4RRGH5N9U,XDB,X$PT23LVJDK4EL9LDAHTO4RRGH5N9U,UNIQUE,NORMAL,VALID,NO,N,VISIBLE
XDB,X$PR23LVJDK4EL9LDAHTO4RRGH5N9U,XDB,X$PT23LVJDK4EL9LDAHTO4RRGH5N9U,UNIQUE,FUNCTION-BASED NORMAL,VALID,NO,N,VISIBLE
XDB,X$QI23LVJDK4EL9LDAHTO4RRGH5N9U,XDB,X$QN23LVJDK4EL9LDAHTO4RRGH5N9U,UNIQUE,NORMAL,VALID,NO,N,VISIBLE
XDB,X$QQ23LVJDK4EL9LDAHTO4RRGH5N9U,XDB,X$QN23LVJDK4EL9LDAHTO4RRGH5N9U,UNIQUE,NORMAL,VALID,NO,N,VISIBLE
XDB,X$QS23LVJDK4EL9LDAHTO4RRGH5N9U,XDB,X$QN23LVJDK4EL9LDAHTO4RRGH5N9U,NONUNIQUE,NORMAL,VALID,NO,N,VISIBLE
