INDEX_OWNER,INDEX_NAME,TABLE_OWNER,TABLE_NAME,COLUMN_POSITION,COLUMN_NAME,DESCEND
CTXSYS,DRC$AUTOOPT_UN,CTXSYS,DR$AUTOOPT,1,AOI_IDXID,ASC
CTXSYS,DRC$AUTOOPT_UN,CTXSYS,DR$AUTOOPT,2,AOI_PARTID,ASC
CTXSYS,DRC$AUTOOPT_UN,CTXSYS,DR$AUTOOPT,3,AOI_OWNID,ASC
CTXSYS,DRC$CLA_KEY,CTXSYS,DR$CLASS,1,CLA_ID,ASC
CTXSYS,DRC$DEL_KEY,CTXSYS,DR$DELETE,1,DEL_IDX_ID,ASC
CTXSYS,DRC$DEL_KEY,CTXSYS,DR$DELETE,2,DEL_IXP_ID,ASC
CTXSYS,DRC$DEL_KEY,CTXSYS,DR$DELETE,3,DEL_DOCID,ASC
CTXSYS,DRC$IDX_COLSPEC,CTXSYS,DR$INDEX,1,IDX_OWNER#,ASC
CTXSYS,DRC$IDX_COLSPEC,CTXSYS,DR$INDEX,2,IDX_NAME,ASC
CTXSYS,DRC$IDX_COLUMN,CTXSYS,DR$INDEX,1,IDX_TABLE#,ASC
CTXSYS,DRC$IDX_COLUMN,CTXSYS,DR$INDEX,2,IDX_TEXT_NAME,ASC
CTXSYS,DRC$IDX_KEY,CTXSYS,DR$INDEX,1,IDX_ID,ASC
CTXSYS,DRC$IXO_KEY,CTXSYS,DR$INDEX_OBJECT,1,IXO_IDX_ID,ASC
CTXSYS,DRC$IXO_KEY,CTXSYS,DR$INDEX_OBJECT,2,IXO_CLA_ID,ASC
CTXSYS,DRC$IXP_KEY,CTXSYS,DR$INDEX_PARTITION,1,IXP_IDX_ID,ASC
CTXSYS,DRC$IXP_KEY,CTXSYS,DR$INDEX_PARTITION,2,IXP_ID,ASC
CTXSYS,DRC$IXS_KEY,CTXSYS,DR$INDEX_SET,1,IXS_ID,ASC
CTXSYS,DRC$IXS_NAME,CTXSYS,DR$INDEX_SET,1,IXS_NAME,ASC
CTXSYS,DRC$IXS_NAME,CTXSYS,DR$INDEX_SET,2,IXS_OWNER#,ASC
CTXSYS,DRC$IXX_KEY,CTXSYS,DR$INDEX_SET_INDEX,1,IXX_IXS_ID,ASC
CTXSYS,DRC$IXX_KEY,CTXSYS,DR$INDEX_SET_INDEX,2,IXX_COLLIST,ASC
CTXSYS,DRC$OAT_KEY,CTXSYS,DR$OBJECT_ATTRIBUTE,1,OAT_ID,ASC
CTXSYS,DRC$OAT_NAME,CTXSYS,DR$OBJECT_ATTRIBUTE,1,OAT_CLA_ID,ASC
CTXSYS,DRC$OAT_NAME,CTXSYS,DR$OBJECT_ATTRIBUTE,2,OAT_OBJ_ID,ASC
CTXSYS,DRC$OAT_NAME,CTXSYS,DR$OBJECT_ATTRIBUTE,3,OAT_NAME,ASC
CTXSYS,DRC$OBJ_KEY,CTXSYS,DR$OBJECT,1,OBJ_CLA_ID,ASC
CTXSYS,DRC$OBJ_KEY,CTXSYS,DR$OBJECT,2,OBJ_ID,ASC
CTXSYS,DRC$OBJ_NAME,CTXSYS,DR$OBJECT,1,OBJ_NAME,ASC
CTXSYS,DRC$PRE_KEY,CTXSYS,DR$PREFERENCE,1,PRE_ID,ASC
CTXSYS,DRC$PRE_NAME,CTXSYS,DR$PREFERENCE,1,PRE_OWNER#,ASC
CTXSYS,DRC$PRE_NAME,CTXSYS,DR$PREFERENCE,2,PRE_NAME,ASC
CTXSYS,DRC$PRV_KEY,CTXSYS,DR$PREFERENCE_VALUE,1,PRV_PRE_ID,ASC
CTXSYS,DRC$PRV_KEY,CTXSYS,DR$PREFERENCE_VALUE,2,PRV_OAT_ID,ASC
CTXSYS,DRC$SDU_KEY,CTXSYS,DR$SDATA_UPDATE,1,SDU_IDX_ID,ASC
CTXSYS,DRC$SDU_KEY,CTXSYS,DR$SDATA_UPDATE,2,SDU_IXP_ID,ASC
CTXSYS,DRC$SDU_KEY,CTXSYS,DR$SDATA_UPDATE,3,SDU_SDATA_ID,ASC
CTXSYS,DRC$SDU_KEY,CTXSYS,DR$SDATA_UPDATE,4,SDU_DOCID,ASC
CTXSYS,DRC$SEC_KEY,CTXSYS,DR$SECTION,1,SEC_ID,ASC
CTXSYS,DRC$SGA_UNIQE,CTXSYS,DR$SECTION_GROUP_ATTRIBUTE,1,SGA_ID,ASC
CTXSYS,DRC$SGA_UNIQE,CTXSYS,DR$SECTION_GROUP_ATTRIBUTE,2,SGA_SGAT_ID,ASC
CTXSYS,DRC$SGP_KEY,CTXSYS,DR$SECTION_GROUP,1,SGP_ID,ASC
CTXSYS,DRC$SGP_UNIQE,CTXSYS,DR$SECTION_GROUP,1,SGP_NAME,ASC
CTXSYS,DRC$SGP_UNIQE,CTXSYS,DR$SECTION_GROUP,2,SGP_OWNER#,ASC
CTXSYS,DRC$SLX_KEY,CTXSYS,DR$SUB_LEXER,1,SLX_PRE_ID,ASC
CTXSYS,DRC$SLX_KEY,CTXSYS,DR$SUB_LEXER,2,SLX_LANGUAGE,ASC
CTXSYS,DRC$UNX_KEY,CTXSYS,DR$UNINDEXED,1,UNX_IDX_ID,ASC
CTXSYS,DRC$UNX_KEY,CTXSYS,DR$UNINDEXED,2,UNX_IXP_ID,ASC
CTXSYS,DRC$UNX_KEY,CTXSYS,DR$UNINDEXED,3,UNX_ROWID,ASC
CTXSYS,DR$FEAT_KEY,CTXSYS,DR$FEATURE_USED,1,FEATURE_NAME,ASC
CTXSYS,DR$FEAT_KEY,CTXSYS,DR$FEATURE_USED,2,FEATURE_TYPE,ASC
CTXSYS,DR_STOPLIST_PK,CTXSYS,DR$STOPLIST,1,SPL_ID,ASC
CTXSYS,DR_STOPLIST_UNIQ,CTXSYS,DR$STOPLIST,1,SPL_NAME,ASC
CTXSYS,DR_STOPLIST_UNIQ,CTXSYS,DR$STOPLIST,2,SPL_OWNER#,ASC
CTXSYS,DR_THS_BT,CTXSYS,DR$THS_BT,1,THB_BT,ASC
CTXSYS,DR_THS_BT,CTXSYS,DR$THS_BT,2,THB_TYPE,ASC
CTXSYS,DR_THS_RINGID,CTXSYS,DR$THS_PHRASE,1,THP_RINGID,ASC
CTXSYS,DR_UNIQ_THS_BT,CTXSYS,DR$THS_BT,1,THB_THP_ID,ASC
CTXSYS,DR_UNIQ_THS_BT,CTXSYS,DR$THS_BT,2,THB_TYPE,ASC
CTXSYS,DR_UNIQ_THS_BT,CTXSYS,DR$THS_BT,3,THB_BT,ASC
CTXSYS,DR_UNIQ_THS_PHRASE,CTXSYS,DR$THS_PHRASE,1,THP_THSID,ASC
CTXSYS,DR_UNIQ_THS_PHRASE,CTXSYS,DR$THS_PHRASE,2,THP_PHRASE,ASC
CTXSYS,DR_UNIQ_THS_PHRASE,CTXSYS,DR$THS_PHRASE,3,THP_QUALIFY,ASC
CTXSYS,DRX$IXP_NAME,CTXSYS,DR$INDEX_PARTITION,1,IXP_IDX_ID,ASC
CTXSYS,DRX$IXP_NAME,CTXSYS,DR$INDEX_PARTITION,2,IXP_NAME,ASC
CTXSYS,DRX$IXV_KEY,CTXSYS,DR$INDEX_VALUE,1,IXV_IDX_ID,ASC
CTXSYS,DRX$IXV_KEY,CTXSYS,DR$INDEX_VALUE,2,IXV_OAT_ID,ASC
CTXSYS,DRX$IXV_KEY,CTXSYS,DR$INDEX_VALUE,3,IXV_SUB_GROUP,ASC
CTXSYS,DRX$IXV_KEY,CTXSYS,DR$INDEX_VALUE,4,IXV_SUB_OAT_ID,ASC
CTXSYS,DRX$OAL_ID,CTXSYS,DR$OBJECT_ATTRIBUTE_LOV,1,OAL_OAT_ID,ASC
CTXSYS,DRX$SEC_NAME,CTXSYS,DR$SECTION,1,SEC_NAME,ASC
CTXSYS,DRX$SEC_NAME,CTXSYS,DR$SECTION,2,SEC_SGP_ID,ASC
CTXSYS,DRX$SEC_TAG,CTXSYS,DR$SECTION,1,SEC_TAG,ASC
CTXSYS,DRX$SEC_TAG,CTXSYS,DR$SECTION,2,SEC_SGP_ID,ASC
CTXSYS,DRX$SLX_SUB_PRE_ID,CTXSYS,DR$SUB_LEXER,1,SLX_SUB_PRE_ID,ASC
CTXSYS,IDX1_DR$FREQTOKS,CTXSYS,DR$FREQTOKS,1,FQT_IDX_ID,ASC
CTXSYS,IDX1_DR$FREQTOKS,CTXSYS,DR$FREQTOKS,2,FQT_IXP_ID,ASC
CTXSYS,IDX1_DR$SLOWQRYS,CTXSYS,DR$SLOWQRYS,1,SQ_IDX_ID,ASC
CTXSYS,IDX1_DR$SLOWQRYS,CTXSYS,DR$SLOWQRYS,2,SQ_IXP_ID,ASC
CTXSYS,IDX2_DR$FREQTOKS,CTXSYS,DR$FREQTOKS,1,FQT_FLUSH_ID,ASC
CTXSYS,SYS_C006935,CTXSYS,DR$THS,1,THS_ID,ASC
CTXSYS,SYS_C006936,CTXSYS,DR$THS,1,THS_NAME,ASC
CTXSYS,SYS_C006938,CTXSYS,DR$THS_PHRASE,1,THP_ID,ASC
CTXSYS,SYS_C006988,CTXSYS,DR$STATS,1,IDX_ID,ASC
CTXSYS,SYS_C006990,CTXSYS,DR$NVTAB,1,NAME,ASC
CTXSYS,SYS_C006994,CTXSYS,DR$USER_EXTRACT_RULE,1,ERL_POL_ID,ASC
CTXSYS,SYS_C006994,CTXSYS,DR$USER_EXTRACT_RULE,2,ERL_RULE_ID,ASC
CTXSYS,SYS_C006994,CTXSYS,DR$USER_EXTRACT_RULE,3,ERL_RULE_SUBID,ASC
CTXSYS,SYS_C006995,CTXSYS,DR$USER_EXTRACT_TYPE,1,ERT_POL_ID,ASC
CTXSYS,SYS_C006995,CTXSYS,DR$USER_EXTRACT_TYPE,2,ERT_RULE_ID,ASC
CTXSYS,SYS_C006995,CTXSYS,DR$USER_EXTRACT_TYPE,3,ERT_TYPE_ID,ASC
CTXSYS,SYS_C006996,CTXSYS,DR$USER_EXTRACT_STOP_ENTITY,1,ESE_POL_ID,ASC
CTXSYS,SYS_C006996,CTXSYS,DR$USER_EXTRACT_STOP_ENTITY,2,ESE_NAME,ASC
CTXSYS,SYS_C006996,CTXSYS,DR$USER_EXTRACT_STOP_ENTITY,3,ESE_TYPE,ASC
CTXSYS,SYS_C006997,CTXSYS,DR$USER_EXTRACT_TKDICT,1,ETD_POLID,ASC
CTXSYS,SYS_C006997,CTXSYS,DR$USER_EXTRACT_TKDICT,2,ETD_TXT,ASC
CTXSYS,SYS_C006998,CTXSYS,DR$USER_EXTRACT_ENTDICT,1,EED_POLID,ASC
CTXSYS,SYS_C006998,CTXSYS,DR$USER_EXTRACT_ENTDICT,2,EED_ENTID,ASC
CTXSYS,SYS_C006998,CTXSYS,DR$USER_EXTRACT_ENTDICT,3,EED_NORMID,ASC
CTXSYS,SYS_C007001,CTXSYS,DR$DICTIONARY,1,DICT_OWNER#,ASC
CTXSYS,SYS_C007001,CTXSYS,DR$DICTIONARY,2,DICT_NAME,ASC
CTXSYS,SYS_C007001,CTXSYS,DR$DICTIONARY,3,DICT_LANG,ASC
CTXSYS,SYS_C007002,CTXSYS,DR$IDX_DICTIONARIES,1,IDX_ID,ASC
CTXSYS,SYS_C007002,CTXSYS,DR$IDX_DICTIONARIES,2,DICT_LANG,ASC
CTXSYS,SYS_IOT_TOP_64618,CTXSYS,DR$PARAMETER,1,PAR_NAME,ASC
CTXSYS,SYS_IOT_TOP_64647,CTXSYS,DR$SQE,1,SQE_OWNER#,ASC
CTXSYS,SYS_IOT_TOP_64647,CTXSYS,DR$SQE,2,SQE_NAME,ASC
CTXSYS,SYS_IOT_TOP_64659,CTXSYS,DR$THS_FPHRASE,1,THF_THP_ID,ASC
CTXSYS,SYS_IOT_TOP_64659,CTXSYS,DR$THS_FPHRASE,2,THF_PHRASE,ASC
CTXSYS,SYS_IOT_TOP_64659,CTXSYS,DR$THS_FPHRASE,3,THF_TYPE,ASC
CTXSYS,SYS_IOT_TOP_64673,CTXSYS,DR$SECTION_ATTRIBUTE,1,SCA_SGP_ID,ASC
CTXSYS,SYS_IOT_TOP_64673,CTXSYS,DR$SECTION_ATTRIBUTE,2,SCA_SEC_ID,ASC
CTXSYS,SYS_IOT_TOP_64673,CTXSYS,DR$SECTION_ATTRIBUTE,3,SCA_SAT_ID,ASC
CTXSYS,SYS_IOT_TOP_64678,CTXSYS,DR$STOPWORD,1,SPW_SPL_ID,ASC
CTXSYS,SYS_IOT_TOP_64678,CTXSYS,DR$STOPWORD,2,SPW_TYPE,ASC
CTXSYS,SYS_IOT_TOP_64678,CTXSYS,DR$STOPWORD,3,SPW_LANGUAGE,ASC
CTXSYS,SYS_IOT_TOP_64678,CTXSYS,DR$STOPWORD,4,SPW_WORD,ASC
CTXSYS,SYS_IOT_TOP_64688,CTXSYS,DR$PENDING,1,PND_CID,ASC
CTXSYS,SYS_IOT_TOP_64688,CTXSYS,DR$PENDING,2,PND_PID,ASC
CTXSYS,SYS_IOT_TOP_64688,CTXSYS,DR$PENDING,3,PND_ROWID,ASC
CTXSYS,SYS_IOT_TOP_64690,CTXSYS,DR$WAITING,1,WTG_CID,ASC
CTXSYS,SYS_IOT_TOP_64690,CTXSYS,DR$WAITING,2,WTG_PID,ASC
CTXSYS,SYS_IOT_TOP_64690,CTXSYS,DR$WAITING,3,WTG_ROWID,ASC
CTXSYS,SYS_IOT_TOP_64692,CTXSYS,DR$ONLINE_PENDING,1,ONL_CID,ASC
CTXSYS,SYS_IOT_TOP_64692,CTXSYS,DR$ONLINE_PENDING,2,ONL_ROWID,ASC
CTXSYS,SYS_IOT_TOP_64699,CTXSYS,DR$PARALLEL,1,P_IDX_ID,ASC
CTXSYS,SYS_IOT_TOP_64699,CTXSYS,DR$PARALLEL,2,P_SLAVE_ID,ASC
CTXSYS,SYS_IOT_TOP_64705,CTXSYS,DR$DBO,1,DBO_NAME,ASC
CTXSYS,SYS_IOT_TOP_64705,CTXSYS,DR$DBO,2,DBO_TYPE,ASC
CTXSYS,SYS_IOT_TOP_64717,CTXSYS,DR$INDEX_CDI_COLUMN,1,CDI_IDX_ID,ASC
CTXSYS,SYS_IOT_TOP_64717,CTXSYS,DR$INDEX_CDI_COLUMN,2,CDI_COLUMN_POSITION,ASC
CTXSYS,SYS_IOT_TOP_64717,CTXSYS,DR$INDEX_CDI_COLUMN,3,CDI_COLUMN_NAME,ASC
CTXSYS,SYS_IOT_TOP_64739,CTXSYS,DR$TREE,1,IDXID,ASC
CTXSYS,SYS_IOT_TOP_64739,CTXSYS,DR$TREE,2,SECID,ASC
DBSFWUSER,SYS_C003638,DBSFWUSER,EXADIRECT_ACL,1,SERVICE_NAME,ASC
DBSFWUSER,SYS_C003638,DBSFWUSER,EXADIRECT_ACL,2,VM_UUID,ASC
DBSFWUSER,SYS_C003640,DBSFWUSER,IP_ACL,1,SERVICE_NAME,ASC
DBSFWUSER,SYS_C003640,DBSFWUSER,IP_ACL,2,HOST,ASC
DBSFWUSER,SYS_C003643,DBSFWUSER,ACL$_OBJ,1,NAME,ASC
DBSNMP,BSLN_BASELINES_PK2,DBSNMP,BSLN_BASELINES,1,BSLN_GUID,ASC
DBSNMP,BSLN_BASELINES_UK2,DBSNMP,BSLN_BASELINES,1,DBID,ASC
DBSNMP,BSLN_BASELINES_UK2,DBSNMP,BSLN_BASELINES,2,INSTANCE_NAME,ASC
DBSNMP,BSLN_BASELINES_UK2,DBSNMP,BSLN_BASELINES,3,BASELINE_ID,ASC
DBSNMP,BSLN_METRIC_DEFAULTS_PK,DBSNMP,BSLN_METRIC_DEFAULTS,1,METRIC_ID,ASC
DBSNMP,BSLN_STATISTICS_PK1,DBSNMP,BSLN_STATISTICS,1,METRIC_ID,ASC
DBSNMP,BSLN_STATISTICS_PK1,DBSNMP,BSLN_STATISTICS,2,COMPUTE_DATE,ASC
DBSNMP,BSLN_STATISTICS_PK1,DBSNMP,BSLN_STATISTICS,3,TIMEGROUP,ASC
DBSNMP,BSLN_STATISTICS_PK1,DBSNMP,BSLN_STATISTICS,4,BSLN_GUID,ASC
DBSNMP,BSLN_THRESHOLDS_PK1,DBSNMP,BSLN_THRESHOLD_PARAMS,1,BSLN_GUID,ASC
DBSNMP,BSLN_THRESHOLDS_PK1,DBSNMP,BSLN_THRESHOLD_PARAMS,2,METRIC_ID,ASC
DBSNMP,BSLN_TIMEGROUPS_PK,DBSNMP,BSLN_TIMEGROUPS,1,HOUR,ASC
DBSNMP,INST_NUM_KEY,DBSNMP,MGMT_SNAPSHOT,1,INSTANCE_NUMBER,ASC
DBSNMP,MGMT_DB_FEATURE_LOG_PK,DBSNMP,MGMT_DB_FEATURE_LOG,1,SOURCE,ASC
DBSNMP,MGMT_DB_FILE_GTT_PK,DBSNMP,MGMT_DB_FILE_GTT,1,TABLESPACE_NAME,ASC
DBSNMP,MGMT_DB_FILE_GTT_PK,DBSNMP,MGMT_DB_FILE_GTT,2,FILE_ID,ASC
DBSNMP,MGMT_DB_SIZE_GTT_PK,DBSNMP,MGMT_DB_SIZE_GTT,1,TABLESPACE_NAME,ASC
DVSYS,AUDIT_TRAIL$_PK1,DVSYS,AUDIT_TRAIL$,1,ID#,ASC
DVSYS,CODE$_PK1,DVSYS,CODE$,1,ID#,ASC
DVSYS,CODE_T$_UK1,DVSYS,CODE_T$,1,ID#,ASC
DVSYS,CODE_T$_UK1,DVSYS,CODE_T$,2,LANGUAGE,ASC
DVSYS,CODE$_UK1,DVSYS,CODE$,1,CODE_GROUP,ASC
DVSYS,CODE$_UK1,DVSYS,CODE$,2,CODE,ASC
DVSYS,COMMAND_RULE$_FK_IDX,DVSYS,COMMAND_RULE$,1,RULE_SET_ID#,ASC
DVSYS,COMMAND_RULE$_FK1_IDX,DVSYS,COMMAND_RULE$,1,CODE_ID#,ASC
DVSYS,COMMAND_RULE$_PK1,DVSYS,COMMAND_RULE$,1,ID#,ASC
DVSYS,COMMAND_RULE$_UK1,DVSYS,COMMAND_RULE$,1,CODE_ID#,ASC
DVSYS,COMMAND_RULE$_UK1,DVSYS,COMMAND_RULE$,2,CLAUSE_ID#,ASC
DVSYS,COMMAND_RULE$_UK1,DVSYS,COMMAND_RULE$,3,PARAMETER_NAME,ASC
DVSYS,COMMAND_RULE$_UK1,DVSYS,COMMAND_RULE$,4,EVENT_NAME,ASC
DVSYS,COMMAND_RULE$_UK1,DVSYS,COMMAND_RULE$,5,COMPONENT_NAME,ASC
DVSYS,COMMAND_RULE$_UK1,DVSYS,COMMAND_RULE$,6,ACTION_NAME,ASC
DVSYS,COMMAND_RULE$_UK1,DVSYS,COMMAND_RULE$,7,OBJECT_OWNER_UID#,ASC
DVSYS,COMMAND_RULE$_UK1,DVSYS,COMMAND_RULE$,8,OBJECT_NAME,ASC
DVSYS,COMMAND_RULE$_UK1,DVSYS,COMMAND_RULE$,9,SCOPE,ASC
DVSYS,FACTOR$_FK_IDX,DVSYS,FACTOR$,1,FACTOR_TYPE_ID#,ASC
DVSYS,FACTOR$_FK1_IDX,DVSYS,FACTOR$,1,ASSIGN_RULE_SET_ID#,ASC
DVSYS,FACTOR_LINK$_FK_IDX,DVSYS,FACTOR_LINK$,1,PARENT_FACTOR_ID#,ASC
DVSYS,FACTOR_LINK$_FK1_IDX,DVSYS,FACTOR_LINK$,1,CHILD_FACTOR_ID#,ASC
DVSYS,FACTOR_LINK$_PK1,DVSYS,FACTOR_LINK$,1,ID#,ASC
DVSYS,FACTOR_LINK$_UK1,DVSYS,FACTOR_LINK$,1,PARENT_FACTOR_ID#,ASC
DVSYS,FACTOR_LINK$_UK1,DVSYS,FACTOR_LINK$,2,CHILD_FACTOR_ID#,ASC
DVSYS,FACTOR$_PK1,DVSYS,FACTOR$,1,ID#,ASC
DVSYS,FACTOR_T$_UK1,DVSYS,FACTOR_T$,1,ID#,ASC
DVSYS,FACTOR_T$_UK1,DVSYS,FACTOR_T$,2,LANGUAGE,ASC
DVSYS,FACTOR_TYPE$_PK1,DVSYS,FACTOR_TYPE$,1,ID#,ASC
DVSYS,FACTOR_TYPE_T$_UK1,DVSYS,FACTOR_TYPE_T$,1,ID#,ASC
DVSYS,FACTOR_TYPE_T$_UK1,DVSYS,FACTOR_TYPE_T$,2,LANGUAGE,ASC
DVSYS,FACTOR_TYPE_T$_UK2,DVSYS,FACTOR_TYPE_T$,1,NAME,ASC
DVSYS,FACTOR_TYPE_T$_UK2,DVSYS,FACTOR_TYPE_T$,2,LANGUAGE,ASC
DVSYS,FACTOR$_UK1,DVSYS,FACTOR$,1,NAME,ASC
DVSYS,IDENTITY$_FK_IDX,DVSYS,IDENTITY$,1,FACTOR_ID#,ASC
DVSYS,IDENTITY_LABEL$_FK_IDX,DVSYS,POLICY_LABEL$,1,IDENTITY_ID#,ASC
DVSYS,IDENTITY_LABEL$_PK1,DVSYS,POLICY_LABEL$,1,ID#,ASC
DVSYS,IDENTITY_MAP$_FK_IDX,DVSYS,IDENTITY_MAP$,1,IDENTITY_ID#,ASC
DVSYS,IDENTITY_MAP$_FK1_IDX,DVSYS,IDENTITY_MAP$,1,FACTOR_LINK_ID#,ASC
DVSYS,IDENTITY_MAP$_FK2_IDX,DVSYS,IDENTITY_MAP$,1,OPERATION_CODE_ID#,ASC
DVSYS,IDENTITY_MAP$_PK1,DVSYS,IDENTITY_MAP$,1,ID#,ASC
DVSYS,IDENTITY_MAP$_UK_IDX,DVSYS,IDENTITY_MAP$,1,IDENTITY_ID#,ASC
DVSYS,IDENTITY_MAP$_UK_IDX,DVSYS,IDENTITY_MAP$,2,FACTOR_LINK_ID#,ASC
DVSYS,IDENTITY_MAP$_UK_IDX,DVSYS,IDENTITY_MAP$,3,OPERATION_CODE_ID#,ASC
DVSYS,IDENTITY$_PK1,DVSYS,IDENTITY$,1,ID#,ASC
DVSYS,IDENTITY$_UK1,DVSYS,IDENTITY$,1,FACTOR_ID#,ASC
DVSYS,IDENTITY$_UK1,DVSYS,IDENTITY$,2,VALUE,ASC
DVSYS,MAC_POLICY_FACTOR$_FK_IDX,DVSYS,MAC_POLICY_FACTOR$,1,FACTOR_ID#,ASC
DVSYS,MAC_POLICY_FACTOR$_FK1_IDX,DVSYS,MAC_POLICY_FACTOR$,1,MAC_POLICY_ID#,ASC
DVSYS,MAC_POLICY_FACTOR$_PK1,DVSYS,MAC_POLICY_FACTOR$,1,ID#,ASC
DVSYS,MAC_POLICY_FACTOR$_UK1,DVSYS,MAC_POLICY_FACTOR$,1,FACTOR_ID#,ASC
DVSYS,MAC_POLICY_FACTOR$_UK1,DVSYS,MAC_POLICY_FACTOR$,2,MAC_POLICY_ID#,ASC
DVSYS,MAC_POLICY$_FK_IDX,DVSYS,MAC_POLICY$,1,ALGORITHM_CODE_ID#,ASC
DVSYS,MAC_POLICY$_PK1,DVSYS,MAC_POLICY$,1,ID#,ASC
DVSYS,MAC_POLICY$_UK1,DVSYS,MAC_POLICY$,1,POLICY_ID#,ASC
DVSYS,POLICY_LABEL$_UK1,DVSYS,POLICY_LABEL$,1,IDENTITY_ID#,ASC
DVSYS,POLICY_LABEL$_UK1,DVSYS,POLICY_LABEL$,2,POLICY_ID#,ASC
DVSYS,POLICY_OBJECT$_PK1,DVSYS,POLICY_OBJECT$,1,ID#,ASC
DVSYS,POLICY_OBJECT$_UK1,DVSYS,POLICY_OBJECT$,1,POLICY_ID#,ASC
DVSYS,POLICY_OBJECT$_UK1,DVSYS,POLICY_OBJECT$,2,OBJECT_TYPE,ASC
DVSYS,POLICY_OBJECT$_UK1,DVSYS,POLICY_OBJECT$,3,OBJECT_ID#,ASC
DVSYS,POLICY_OWNER$_PK1,DVSYS,POLICY_OWNER$,1,ID#,ASC
DVSYS,POLICY_OWNER$_UK1,DVSYS,POLICY_OWNER$,1,POLICY_ID#,ASC
DVSYS,POLICY_OWNER$_UK1,DVSYS,POLICY_OWNER$,2,OWNER_ID#,ASC
DVSYS,POLICY$_PK1,DVSYS,POLICY$,1,ID#,ASC
DVSYS,POLICY$_UK1,DVSYS,POLICY_T$,1,ID#,ASC
DVSYS,POLICY$_UK1,DVSYS,POLICY_T$,2,LANGUAGE,ASC
DVSYS,POLICY$_UK2,DVSYS,POLICY_T$,1,NAME,ASC
DVSYS,POLICY$_UK2,DVSYS,POLICY_T$,2,LANGUAGE,ASC
DVSYS,REALM_AUTH$_FK_IDX,DVSYS,REALM_AUTH$,1,REALM_ID#,ASC
DVSYS,REALM_AUTH$_FK1_IDX,DVSYS,REALM_AUTH$,1,AUTH_RULE_SET_ID#,ASC
DVSYS,REALM_AUTH$_PK1,DVSYS,REALM_AUTH$,1,ID#,ASC
DVSYS,REALM_AUTH$_UK1,DVSYS,REALM_AUTH$,1,REALM_ID#,ASC
DVSYS,REALM_AUTH$_UK1,DVSYS,REALM_AUTH$,2,GRANTEE_UID#,ASC
DVSYS,REALM_AUTH$_UK1,DVSYS,REALM_AUTH$,3,AUTH_OPTIONS,ASC
DVSYS,REALM_AUTH$_UK1,DVSYS,REALM_AUTH$,4,SCOPE,ASC
DVSYS,REALM_OBJECT$_FK_IDX,DVSYS,REALM_OBJECT$,1,REALM_ID#,ASC
DVSYS,REALM_OBJECT$_PK1,DVSYS,REALM_OBJECT$,1,ID#,ASC
DVSYS,REALM_OBJECT$_UK1,DVSYS,REALM_OBJECT$,1,REALM_ID#,ASC
DVSYS,REALM_OBJECT$_UK1,DVSYS,REALM_OBJECT$,2,OWNER_UID#,ASC
DVSYS,REALM_OBJECT$_UK1,DVSYS,REALM_OBJECT$,3,OBJECT_NAME,ASC
DVSYS,REALM_OBJECT$_UK1,DVSYS,REALM_OBJECT$,4,OBJECT_TYPE,ASC
DVSYS,REALM$_PK1,DVSYS,REALM$,1,ID#,ASC
DVSYS,REALM_T$_UK1,DVSYS,REALM_T$,1,ID#,ASC
DVSYS,REALM_T$_UK1,DVSYS,REALM_T$,2,LANGUAGE,ASC
DVSYS,REALM_T$_UK2,DVSYS,REALM_T$,1,NAME,ASC
DVSYS,REALM_T$_UK2,DVSYS,REALM_T$,2,LANGUAGE,ASC
DVSYS,ROLE$_FK_IDX,DVSYS,ROLE$,1,RULE_SET_ID#,ASC
DVSYS,ROLE$_PK1,DVSYS,ROLE$,1,ID#,ASC
DVSYS,ROLE$_UK1,DVSYS,ROLE$,1,ROLE,ASC
DVSYS,RULE$_PK1,DVSYS,RULE$,1,ID#,ASC
DVSYS,RULE_SET$_PK1,DVSYS,RULE_SET$,1,ID#,ASC
DVSYS,RULE_SET_RULE$_FK_IDX,DVSYS,RULE_SET_RULE$,1,RULE_SET_ID#,ASC
DVSYS,RULE_SET_RULE$_FK1_IDX,DVSYS,RULE_SET_RULE$,1,RULE_ID#,ASC
DVSYS,RULE_SET_RULE$_PK1,DVSYS,RULE_SET_RULE$,1,ID#,ASC
DVSYS,RULE_SET_RULE$_UK1,DVSYS,RULE_SET_RULE$,1,RULE_SET_ID#,ASC
DVSYS,RULE_SET_RULE$_UK1,DVSYS,RULE_SET_RULE$,2,RULE_ID#,ASC
DVSYS,RULE_SET_T$_UK1,DVSYS,RULE_SET_T$,1,ID#,ASC
DVSYS,RULE_SET_T$_UK1,DVSYS,RULE_SET_T$,2,LANGUAGE,ASC
DVSYS,RULE_SET_T$_UK2,DVSYS,RULE_SET_T$,1,NAME,ASC
DVSYS,RULE_SET_T$_UK2,DVSYS,RULE_SET_T$,2,LANGUAGE,ASC
DVSYS,RULE_T$_UK1,DVSYS,RULE_T$,1,ID#,ASC
DVSYS,RULE_T$_UK1,DVSYS,RULE_T$,2,LANGUAGE,ASC
DVSYS,RULE_T$_UK2,DVSYS,RULE_T$,1,NAME,ASC
DVSYS,RULE_T$_UK2,DVSYS,RULE_T$,2,LANGUAGE,ASC
DVSYS,SYS_C008012,DVSYS,CONFIG$,1,STATUS,ASC
DVSYS,SYS_C008013,DVSYS,ENFORCE$,1,STATUS,ASC
DVSYS,SYS_C008015,DVSYS,STATUS$,1,TYPE,ASC
DVSYS,SYS_C008215,DVSYS,SIMULATION_LOG$,1,RULE_SET_ID_LIST,ASC
DVSYS,SYS_C008216,DVSYS,SIMULATION_LOG$,1,COMMAND_RULE_ID_LIST,ASC
DVSYS,SYS_C008217,DVSYS,SIMULATION_LOG$,1,REALM_ID_LIST,ASC
DVSYS,SYS_FK0000074895N00035$,DVSYS,REALM_ID_TAB,1,NESTED_TABLE_ID,ASC
DVSYS,SYS_FK0000074895N00037$,DVSYS,COMMAND_RULE_ID_TAB,1,NESTED_TABLE_ID,ASC
DVSYS,SYS_FK0000074895N00039$,DVSYS,RULE_SET_ID_TAB,1,NESTED_TABLE_ID,ASC
GSMADMIN_INTERNAL,MDATAPK,GSMADMIN_INTERNAL,MOVE_DATA,1,CHUNK,ASC
GSMADMIN_INTERNAL,MDATAPK,GSMADMIN_INTERNAL,MOVE_DATA,2,BASENO,ASC
GSMADMIN_INTERNAL,MDATAPK,GSMADMIN_INTERNAL,MOVE_DATA,3,DATANUM,ASC
GSMADMIN_INTERNAL,NAME_UNIQUE,GSMADMIN_INTERNAL,DATABASE,1,NAME,ASC
GSMADMIN_INTERNAL,NUM_UNIQUE,GSMADMIN_INTERNAL,REGION,1,NUM,ASC
GSMADMIN_INTERNAL,PK_SPA,GSMADMIN_INTERNAL,SERVICE_PREFERRED_AVAILABLE,1,SERVICE_NAME,ASC
GSMADMIN_INTERNAL,PK_SPA,GSMADMIN_INTERNAL,SERVICE_PREFERRED_AVAILABLE,2,POOL_NAME,ASC
GSMADMIN_INTERNAL,PK_SPA,GSMADMIN_INTERNAL,SERVICE_PREFERRED_AVAILABLE,3,DATABASE,ASC
GSMADMIN_INTERNAL,PK_VNCR,GSMADMIN_INTERNAL,VNCR,1,HOSTID,ASC
GSMADMIN_INTERNAL,SG_NAME_UNIQUE,GSMADMIN_INTERNAL,SHARD_GROUP,1,NAME,ASC
GSMADMIN_INTERNAL,SS_NAME_UNIQUE,GSMADMIN_INTERNAL,SHARD_SPACE,1,NAME,ASC
GSMADMIN_INTERNAL,SYS_C006378,GSMADMIN_INTERNAL,REGION,1,NAME,ASC
GSMADMIN_INTERNAL,SYS_C006388,GSMADMIN_INTERNAL,GSM,1,NAME,ASC
GSMADMIN_INTERNAL,SYS_C006391,GSMADMIN_INTERNAL,CLOUD,1,NAME,ASC
GSMADMIN_INTERNAL,SYS_C006398,GSMADMIN_INTERNAL,DATABASE_POOL,1,NAME,ASC
GSMADMIN_INTERNAL,SYS_C006400,GSMADMIN_INTERNAL,DATABASE_POOL_ADMIN,1,POOL_NAME,ASC
GSMADMIN_INTERNAL,SYS_C006400,GSMADMIN_INTERNAL,DATABASE_POOL_ADMIN,2,USER_NAME,ASC
GSMADMIN_INTERNAL,SYS_C006404,GSMADMIN_INTERNAL,SHARD_SPACE,1,SHARDSPACE_ID,ASC
GSMADMIN_INTERNAL,SYS_C006408,GSMADMIN_INTERNAL,BROKER_CONFIGS,1,DRSET_NUMBER,ASC
GSMADMIN_INTERNAL,SYS_C006413,GSMADMIN_INTERNAL,SHARD_GROUP,1,SHARDGROUP_ID,ASC
GSMADMIN_INTERNAL,SYS_C006440,GSMADMIN_INTERNAL,HETEROGENEOUS_COLUMNS,1,SHARDSPACE_ID,ASC
GSMADMIN_INTERNAL,SYS_C006440,GSMADMIN_INTERNAL,HETEROGENEOUS_COLUMNS,2,SCHEMA_NAME,ASC
GSMADMIN_INTERNAL,SYS_C006440,GSMADMIN_INTERNAL,HETEROGENEOUS_COLUMNS,3,TABLE_NAME,ASC
GSMADMIN_INTERNAL,SYS_C006440,GSMADMIN_INTERNAL,HETEROGENEOUS_COLUMNS,4,COLUMN_NAME,ASC
GSMADMIN_INTERNAL,SYS_C006446,GSMADMIN_INTERNAL,CONTAINER_DATABASE,1,NAME,ASC
GSMADMIN_INTERNAL,SYS_C006453,GSMADMIN_INTERNAL,DATABASE,1,DATABASE_NUM,ASC
GSMADMIN_INTERNAL,SYS_C006463,GSMADMIN_INTERNAL,FILES,1,FILE_NAME,ASC
GSMADMIN_INTERNAL,SYS_C006466,GSMADMIN_INTERNAL,CREDENTIAL,1,CREDENTIAL_NAME,ASC
GSMADMIN_INTERNAL,SYS_C006470,GSMADMIN_INTERNAL,TABLE_FAMILY,1,FAMILY_ID,ASC
GSMADMIN_INTERNAL,SYS_C006475,GSMADMIN_INTERNAL,SHARDKEY_COLUMNS,1,FAMILY_ID,ASC
GSMADMIN_INTERNAL,SYS_C006475,GSMADMIN_INTERNAL,SHARDKEY_COLUMNS,2,KEY_LEVEL,ASC
GSMADMIN_INTERNAL,SYS_C006475,GSMADMIN_INTERNAL,SHARDKEY_COLUMNS,3,COL_NAME,ASC
GSMADMIN_INTERNAL,SYS_C006479,GSMADMIN_INTERNAL,SERVICE,1,NAME,ASC
GSMADMIN_INTERNAL,SYS_C006479,GSMADMIN_INTERNAL,SERVICE,2,POOL_NAME,ASC
GSMADMIN_INTERNAL,SYS_C006482,GSMADMIN_INTERNAL,SERVICE_PREFERRED_AVAILABLE,1,INSTANCES,ASC
GSMADMIN_INTERNAL,SYS_C006489,GSMADMIN_INTERNAL,GSM_REQUESTS,1,CHANGE_SEQ#,ASC
GSMADMIN_INTERNAL,SYS_C006490,GSMADMIN_INTERNAL,GSM_REQUESTS,1,OLD_INSTANCES,ASC
GSMADMIN_INTERNAL,SYS_C006491,GSMADMIN_INTERNAL,CATALOG_REQUESTS,1,SHSPACE_LIST,ASC
GSMADMIN_INTERNAL,SYS_C006496,GSMADMIN_INTERNAL,CHUNKS,1,CHUNK_NUMBER,ASC
GSMADMIN_INTERNAL,SYS_C006496,GSMADMIN_INTERNAL,CHUNKS,2,SHARDSPACE_ID,ASC
GSMADMIN_INTERNAL,SYS_C006499,GSMADMIN_INTERNAL,ALL_CHUNKS,1,CHUNK_NUMBER,ASC
GSMADMIN_INTERNAL,SYS_C006499,GSMADMIN_INTERNAL,ALL_CHUNKS,2,SHARDSPACE_ID,ASC
GSMADMIN_INTERNAL,SYS_C006503,GSMADMIN_INTERNAL,CHUNK_LOC,1,CHUNK_NUMBER,ASC
GSMADMIN_INTERNAL,SYS_C006503,GSMADMIN_INTERNAL,CHUNK_LOC,2,DATABASE_NUM,ASC
GSMADMIN_INTERNAL,SYS_C006510,GSMADMIN_INTERNAL,PARTITION_SET,1,SET_NAME,ASC
GSMADMIN_INTERNAL,SYS_C006514,GSMADMIN_INTERNAL,TABLESPACE_SET,1,SET_NAME,ASC
GSMADMIN_INTERNAL,SYS_C006518,GSMADMIN_INTERNAL,SHARD_TS,1,TABLESPACE_NAME,ASC
GSMADMIN_INTERNAL,SYS_C006524,GSMADMIN_INTERNAL,GLOBAL_TABLE,1,TABLE_OBJ#,ASC
GSMADMIN_INTERNAL,SYS_C006534,GSMADMIN_INTERNAL,CHANGE_LOG_QUEUE_TABLE,1,MSGID,ASC
GSMADMIN_INTERNAL,SYS_C006537,GSMADMIN_INTERNAL,AQ$_CHANGE_LOG_QUEUE_TABLE_S,1,SUBSCRIBER_ID,ASC
GSMADMIN_INTERNAL,SYS_FK0000022048N00008$,GSMADMIN_INTERNAL,INSTANCES_NT,1,NESTED_TABLE_ID,ASC
GSMADMIN_INTERNAL,SYS_FK0000022053N00014$,GSMADMIN_INTERNAL,OLD_INSTANCES_NT,1,NESTED_TABLE_ID,ASC
GSMADMIN_INTERNAL,SYS_FK0000022059N00004$,GSMADMIN_INTERNAL,SHSPACE_NT,1,NESTED_TABLE_ID,ASC
GSMADMIN_INTERNAL,SYS_IOT_TOP_22108,GSMADMIN_INTERNAL,AQ$_CHANGE_LOG_QUEUE_TABLE_T,1,NEXT_DATE,ASC
GSMADMIN_INTERNAL,SYS_IOT_TOP_22108,GSMADMIN_INTERNAL,AQ$_CHANGE_LOG_QUEUE_TABLE_T,2,TXN_ID,ASC
GSMADMIN_INTERNAL,SYS_IOT_TOP_22108,GSMADMIN_INTERNAL,AQ$_CHANGE_LOG_QUEUE_TABLE_T,3,MSGID,ASC
GSMADMIN_INTERNAL,SYS_IOT_TOP_22110,GSMADMIN_INTERNAL,AQ$_CHANGE_LOG_QUEUE_TABLE_H,1,MSGID,ASC
GSMADMIN_INTERNAL,SYS_IOT_TOP_22110,GSMADMIN_INTERNAL,AQ$_CHANGE_LOG_QUEUE_TABLE_H,2,SUBSCRIBER#,ASC
GSMADMIN_INTERNAL,SYS_IOT_TOP_22110,GSMADMIN_INTERNAL,AQ$_CHANGE_LOG_QUEUE_TABLE_H,3,NAME,ASC
GSMADMIN_INTERNAL,SYS_IOT_TOP_22110,GSMADMIN_INTERNAL,AQ$_CHANGE_LOG_QUEUE_TABLE_H,4,ADDRESS#,ASC
GSMADMIN_INTERNAL,SYS_IOT_TOP_22113,GSMADMIN_INTERNAL,AQ$_CHANGE_LOG_QUEUE_TABLE_G,1,MSGID,ASC
GSMADMIN_INTERNAL,SYS_IOT_TOP_22113,GSMADMIN_INTERNAL,AQ$_CHANGE_LOG_QUEUE_TABLE_G,2,SUBSCRIBER#,ASC
GSMADMIN_INTERNAL,SYS_IOT_TOP_22113,GSMADMIN_INTERNAL,AQ$_CHANGE_LOG_QUEUE_TABLE_G,3,NAME,ASC
GSMADMIN_INTERNAL,SYS_IOT_TOP_22113,GSMADMIN_INTERNAL,AQ$_CHANGE_LOG_QUEUE_TABLE_G,4,ADDRESS#,ASC
GSMADMIN_INTERNAL,SYS_IOT_TOP_22116,GSMADMIN_INTERNAL,AQ$_CHANGE_LOG_QUEUE_TABLE_I,1,SUBSCRIBER#,ASC
GSMADMIN_INTERNAL,SYS_IOT_TOP_22116,GSMADMIN_INTERNAL,AQ$_CHANGE_LOG_QUEUE_TABLE_I,2,NAME,ASC
GSMADMIN_INTERNAL,SYS_IOT_TOP_22116,GSMADMIN_INTERNAL,AQ$_CHANGE_LOG_QUEUE_TABLE_I,3,QUEUE#,ASC
GSMADMIN_INTERNAL,SYS_IOT_TOP_22116,GSMADMIN_INTERNAL,AQ$_CHANGE_LOG_QUEUE_TABLE_I,4,MSG_ENQ_TIME,ASC
GSMADMIN_INTERNAL,SYS_IOT_TOP_22116,GSMADMIN_INTERNAL,AQ$_CHANGE_LOG_QUEUE_TABLE_I,5,MSG_STEP_NO,ASC
GSMADMIN_INTERNAL,SYS_IOT_TOP_22116,GSMADMIN_INTERNAL,AQ$_CHANGE_LOG_QUEUE_TABLE_I,6,MSG_CHAIN_NO,ASC
GSMADMIN_INTERNAL,SYS_IOT_TOP_22116,GSMADMIN_INTERNAL,AQ$_CHANGE_LOG_QUEUE_TABLE_I,7,MSG_LOCAL_ORDER_NO,ASC
GSMADMIN_INTERNAL,SYS_IOT_TOP_22116,GSMADMIN_INTERNAL,AQ$_CHANGE_LOG_QUEUE_TABLE_I,8,MSGID,ASC
GSMADMIN_INTERNAL,VNCR_NAME,GSMADMIN_INTERNAL,VNCR,1,NAME,ASC
LBACSYS,I_OLS$LAB_1,LBACSYS,OLS$LAB,1,TAG#,ASC
LBACSYS,I_OLS$LAB_2,LBACSYS,OLS$LAB,1,ILABEL,ASC
LBACSYS,I_OLS$LAB_2,LBACSYS,OLS$LAB,2,POL#,ASC
LBACSYS,OLS_COMP_LONG_UNIQUE,LBACSYS,OLS$COMPARTMENTS,1,POL#,ASC
LBACSYS,OLS_COMP_LONG_UNIQUE,LBACSYS,OLS$COMPARTMENTS,2,NAME,ASC
LBACSYS,OLS_COMP_PK,LBACSYS,OLS$COMPARTMENTS,1,POL#,ASC
LBACSYS,OLS_COMP_PK,LBACSYS,OLS$COMPARTMENTS,2,COMP#,ASC
LBACSYS,OLS_COMP_SHORT_UNIQUE,LBACSYS,OLS$COMPARTMENTS,1,POL#,ASC
LBACSYS,OLS_COMP_SHORT_UNIQUE,LBACSYS,OLS$COMPARTMENTS,2,CODE,ASC
LBACSYS,OLS_GROUP_LONG_UNIQUE,LBACSYS,OLS$GROUPS,1,POL#,ASC
LBACSYS,OLS_GROUP_LONG_UNIQUE,LBACSYS,OLS$GROUPS,2,NAME,ASC
LBACSYS,OLS_GROUP_PK,LBACSYS,OLS$GROUPS,1,POL#,ASC
LBACSYS,OLS_GROUP_PK,LBACSYS,OLS$GROUPS,2,GROUP#,ASC
LBACSYS,OLS_GROUP_SHORT_UNIQUE,LBACSYS,OLS$GROUPS,1,POL#,ASC
LBACSYS,OLS_GROUP_SHORT_UNIQUE,LBACSYS,OLS$GROUPS,2,CODE,ASC
LBACSYS,OLS_LABEL_PK,LBACSYS,OLS$LAB,1,NLABEL,ASC
LBACSYS,OLS_LEVEL_LONG_UNIQUE,LBACSYS,OLS$LEVELS,1,POL#,ASC
LBACSYS,OLS_LEVEL_LONG_UNIQUE,LBACSYS,OLS$LEVELS,2,NAME,ASC
LBACSYS,OLS_LEVEL_PK,LBACSYS,OLS$LEVELS,1,POL#,ASC
LBACSYS,OLS_LEVEL_PK,LBACSYS,OLS$LEVELS,2,LEVEL#,ASC
LBACSYS,OLS_LEVEL_SHORT_UNIQUE,LBACSYS,OLS$LEVELS,1,POL#,ASC
LBACSYS,OLS_LEVEL_SHORT_UNIQUE,LBACSYS,OLS$LEVELS,2,CODE,ASC
LBACSYS,OLS_PK_LP,LBACSYS,OLS$PROPS,1,NAME,ASC
LBACSYS,OLS$POL_PFCPIDX,LBACSYS,OLS$POL,1,POL#,ASC
LBACSYS,OLS$POL_PFCPIDX,LBACSYS,OLS$POL,2,FLAGS,ASC
LBACSYS,OLS$POL_PFCPIDX,LBACSYS,OLS$POL,3,COLUMN_NAME,ASC
LBACSYS,OLS$POLS_OWNPOLIDX,LBACSYS,OLS$POLS,1,OWNER,ASC
LBACSYS,OLS$POLS_OWNPOLIDX,LBACSYS,OLS$POLS,2,POL#,ASC
LBACSYS,OLS$POLT_OTFPIDX,LBACSYS,OLS$POLT,1,OWNER,ASC
LBACSYS,OLS$POLT_OTFPIDX,LBACSYS,OLS$POLT,2,TBL_NAME,ASC
LBACSYS,OLS$POLT_OTFPIDX,LBACSYS,OLS$POLT,3,FLAGS,ASC
LBACSYS,OLS$POLT_OTFPIDX,LBACSYS,OLS$POLT,4,POL#,ASC
LBACSYS,OLS$POLT_OTFPIDX,LBACSYS,OLS$POLT,5,PREDICATE,ASC
LBACSYS,OLS_PROFILE_PK,LBACSYS,OLS$PROFILES,1,POLICY_NAME,ASC
LBACSYS,OLS_PROFILE_PK,LBACSYS,OLS$PROFILES,2,PROFILE_NAME,ASC
LBACSYS,OLS$SESSINFO_IDX,LBACSYS,OLS$SESSINFO,1,KEY,ASC
LBACSYS,OLS$SESSINFO_IDX,LBACSYS,OLS$SESSINFO,2,USERID,ASC
LBACSYS,OLS$SESSINFO_IDX,LBACSYS,OLS$SESSINFO,3,NAME,ASC
LBACSYS,OLS_USER_COMP_PK,LBACSYS,OLS$USER_COMPARTMENTS,1,POL#,ASC
LBACSYS,OLS_USER_COMP_PK,LBACSYS,OLS$USER_COMPARTMENTS,2,USR_NAME,ASC
LBACSYS,OLS_USER_COMP_PK,LBACSYS,OLS$USER_COMPARTMENTS,3,COMP#,ASC
LBACSYS,OLS_USER_GRP_PK,LBACSYS,OLS$USER_GROUPS,1,POL#,ASC
LBACSYS,OLS_USER_GRP_PK,LBACSYS,OLS$USER_GROUPS,2,USR_NAME,ASC
LBACSYS,OLS_USER_GRP_PK,LBACSYS,OLS$USER_GROUPS,3,GROUP#,ASC
LBACSYS,OLS_USER_LEVEL_PK,LBACSYS,OLS$USER_LEVELS,1,POL#,ASC
LBACSYS,OLS_USER_LEVEL_PK,LBACSYS,OLS$USER_LEVELS,2,USR_NAME,ASC
LBACSYS,SYS_C007900,LBACSYS,OLS$POL,1,POL#,ASC
LBACSYS,SYS_C007901,LBACSYS,OLS$POL,1,POL_NAME,ASC
LBACSYS,SYS_C007902,LBACSYS,OLS$POL,1,COLUMN_NAME,ASC
LBACSYS,SYS_C007905,LBACSYS,OLS$POLS,1,POL#,ASC
LBACSYS,SYS_C007905,LBACSYS,OLS$POLS,2,OWNER,ASC
LBACSYS,SYS_C007910,LBACSYS,OLS$POLT,1,POL#,ASC
LBACSYS,SYS_C007910,LBACSYS,OLS$POLT,2,OWNER,ASC
LBACSYS,SYS_C007910,LBACSYS,OLS$POLT,3,TBL_NAME,ASC
LBACSYS,SYS_C007913,LBACSYS,OLS$PROFILE,1,PROFID,ASC
LBACSYS,SYS_C007918,LBACSYS,OLS$USER,1,POL#,ASC
LBACSYS,SYS_C007918,LBACSYS,OLS$USER,2,USR_NAME,ASC
LBACSYS,SYS_C007924,LBACSYS,OLS$PROG,1,POL#,ASC
LBACSYS,SYS_C007924,LBACSYS,OLS$PROG,2,PGM_NAME,ASC
LBACSYS,SYS_C007924,LBACSYS,OLS$PROG,3,OWNER,ASC
LBACSYS,SYS_C008008,LBACSYS,OLS$AUDIT,1,POL#,ASC
LBACSYS,SYS_C008008,LBACSYS,OLS$AUDIT,2,USR_NAME,ASC
MDSYS,COORD_AXIS_NAME_PRIM,MDSYS,SDO_COORD_AXIS_NAMES,1,COORD_AXIS_NAME_ID,ASC
MDSYS,COORD_AXIS_PRIM,MDSYS,SDO_COORD_AXES,1,COORD_SYS_ID,ASC
MDSYS,COORD_AXIS_PRIM,MDSYS,SDO_COORD_AXES,2,ORDER,ASC
MDSYS,COORDINATE_SYSTEM_PRIM,MDSYS,SDO_COORD_SYS,1,COORD_SYS_ID,ASC
MDSYS,COORD_OP_METHOD_PRIM,MDSYS,SDO_COORD_OP_METHODS,1,COORD_OP_METHOD_ID,ASC
MDSYS,COORD_OP_NAME_UNIQUE,MDSYS,SDO_COORD_OPS,1,COORD_OP_NAME,ASC
MDSYS,COORD_OP_PARA_PRIM,MDSYS,SDO_COORD_OP_PARAMS,1,PARAMETER_ID,ASC
MDSYS,COORD_OP_PARA_USE_PRIM,MDSYS,SDO_COORD_OP_PARAM_USE,1,COORD_OP_METHOD_ID,ASC
MDSYS,COORD_OP_PARA_USE_PRIM,MDSYS,SDO_COORD_OP_PARAM_USE,2,SORT_ORDER,ASC
MDSYS,COORD_OP_PARA_VAL_PRIM,MDSYS,SDO_COORD_OP_PARAM_VALS,1,COORD_OP_ID,ASC
MDSYS,COORD_OP_PARA_VAL_PRIM,MDSYS,SDO_COORD_OP_PARAM_VALS,2,PARAMETER_ID,ASC
MDSYS,COORD_OP_PRIM,MDSYS,SDO_COORD_OPS,1,COORD_OP_ID,ASC
MDSYS,COORD_REF_SYSTEM_PRIM,MDSYS,SDO_COORD_REF_SYS,1,SRID,ASC
MDSYS,DATUM_PRIM,MDSYS,SDO_DATUMS,1,DATUM_ID,ASC
MDSYS,ELLIPSOID_PRIM,MDSYS,SDO_ELLIPSOIDS,1,ELLIPSOID_ID,ASC
MDSYS,NETWORK_HISTROY_CONSTRAINT,MDSYS,SDO_NETWORK_HISTORIES,1,OWNER,ASC
MDSYS,NETWORK_HISTROY_CONSTRAINT,MDSYS,SDO_NETWORK_HISTORIES,2,NETWORK,ASC
MDSYS,NETWORK_TIMESTAMP_CONSTRAINT,MDSYS,SDO_NETWORK_TIMESTAMPS,1,OWNER,ASC
MDSYS,NETWORK_TIMESTAMP_CONSTRAINT,MDSYS,SDO_NETWORK_TIMESTAMPS,2,NETWORK,ASC
MDSYS,NETWORK_TIMESTAMP_CONSTRAINT,MDSYS,SDO_NETWORK_TIMESTAMPS,3,TABLE_NAME,ASC
MDSYS,NFE_FTLAYER_REL_KEY,MDSYS,SDO_NFE_MODEL_FTLAYER_REL,1,MODEL_ID,ASC
MDSYS,NFE_FTLAYER_REL_KEY,MDSYS,SDO_NFE_MODEL_FTLAYER_REL,2,FEATURE_LAYER_ID,ASC
MDSYS,NTV2_XML_DATA_PK,MDSYS,NTV2_XML_DATA,1,NTV2_FILE_ID,ASC
MDSYS,NTV2_XML_DATA_PK,MDSYS,NTV2_XML_DATA,2,SEQUENCE_NUMBER,ASC
MDSYS,OLSPK1,MDSYS,OLS_DIR_CATEGORIZATIONS,1,BUSINESS_ID,ASC
MDSYS,OLSPK1,MDSYS,OLS_DIR_CATEGORIZATIONS,2,CATEGORY_ID,ASC
MDSYS,OLSPK1,MDSYS,OLS_DIR_CATEGORIZATIONS,3,CATEGORY_TYPE_ID,ASC
MDSYS,OPENLS_CL_PRIM,MDSYS,OPENLS_CLASSIFICATIONS,1,CRITERION,ASC
MDSYS,OPENLS_CL_PRIM,MDSYS,OPENLS_CLASSIFICATIONS,2,CLASSIFICATION,ASC
MDSYS,OPENLS_CL_PRIM,MDSYS,OPENLS_CLASSIFICATIONS,3,VERSION,ASC
MDSYS,OPENLS_NA_PRIM,MDSYS,OPENLS_NAMESPACES,1,SHORTCUT,ASC
MDSYS,OPENLS_NA_PRIM,MDSYS,OPENLS_NAMESPACES,2,VERSION,ASC
MDSYS,OPENLS_NODES_PRIM,MDSYS,OPENLS_NODES,1,NAME,ASC
MDSYS,OPENLS_NODES_PRIM,MDSYS,OPENLS_NODES,2,VERSION,ASC
MDSYS,OPENLS_PATHS_PRIM,MDSYS,OPENLS_XPATHS,1,NAME,ASC
MDSYS,OPENLS_PATHS_PRIM,MDSYS,OPENLS_XPATHS,2,VERSION,ASC
MDSYS,PK_SDO_MASK,MDSYS,MD$RELATE,1,SDO_MASK,ASC
MDSYS,PK_SRID,MDSYS,OGIS_SPATIAL_REFERENCE_SYSTEMS,1,SRID,ASC
MDSYS,PREFERRED_OPS_SYS_PRIM,MDSYS,SDO_PREFERRED_OPS_SYSTEM,1,SOURCE_SRID,ASC
MDSYS,PREFERRED_OPS_SYS_PRIM,MDSYS,SDO_PREFERRED_OPS_SYSTEM,2,TARGET_SRID,ASC
MDSYS,PREFERRED_OPS_USE_PRIM,MDSYS,SDO_PREFERRED_OPS_USER,1,USE_CASE,ASC
MDSYS,PREFERRED_OPS_USE_PRIM,MDSYS,SDO_PREFERRED_OPS_USER,2,SOURCE_SRID,ASC
MDSYS,PREFERRED_OPS_USE_PRIM,MDSYS,SDO_PREFERRED_OPS_USER,3,TARGET_SRID,ASC
MDSYS,PRIME_MERIDIAN_PRIM,MDSYS,SDO_PRIME_MERIDIANS,1,PRIME_MERIDIAN_ID,ASC
MDSYS,RDF_PARAMETER_KEY,MDSYS,RDF_PARAMETER,1,NAMESPACE,ASC
MDSYS,RDF_PARAMETER_KEY,MDSYS,RDF_PARAMETER,2,ATTRIBUTE,ASC
MDSYS,SDO_COORD_OPS_COORD_OP_TYPE,MDSYS,SDO_COORD_OPS,1,COORD_OP_TYPE,ASC
MDSYS,SDO_COORD_REF_SYS_KIND,MDSYS,SDO_COORD_REF_SYS,1,COORD_REF_SYS_KIND,ASC
MDSYS,SDO_COORD_SYS_COORD_SYS_TYPE,MDSYS,SDO_COORD_SYS,1,COORD_SYS_TYPE,ASC
MDSYS,SDO_DATUMS_DATUM_TYPE,MDSYS,SDO_DATUMS,1,DATUM_TYPE,ASC
MDSYS,SDO_GEOM_IDX,MDSYS,SDO_GEOM_METADATA_TABLE,1,SDO_OWNER,ASC
MDSYS,SDO_GEOM_IDX,MDSYS,SDO_GEOM_METADATA_TABLE,2,SDO_TABLE_NAME,ASC
MDSYS,SDO_GEOR_CB_IDX,MDSYS,SDO_GR_MOSAIC_CB,1,ID,ASC
MDSYS,SDO_GEOR_CB_IDX,MDSYS,SDO_GR_MOSAIC_CB,2,BAND,ASC
MDSYS,SDO_GEOR_CB_IDX,MDSYS,SDO_GR_MOSAIC_CB,3,ROWNO,ASC
MDSYS,SDO_GEOR_CB_IDX,MDSYS,SDO_GR_MOSAIC_CB,4,COLNO,ASC
MDSYS,SDO_GEOR_IDX,MDSYS,SDO_GEOR_SYSDATA_TABLE,1,SDO_OWNER,ASC
MDSYS,SDO_GEOR_IDX,MDSYS,SDO_GEOR_SYSDATA_TABLE,2,GEORASTER_TABLE_NAME,ASC
MDSYS,SDO_GEOR_IDX1,MDSYS,SDO_GEOR_SYSDATA_TABLE,1,RDT_TABLE_NAME,ASC
MDSYS,SDO_GEOR_IDX1,MDSYS,SDO_GEOR_SYSDATA_TABLE,2,RASTER_ID,ASC
MDSYS,SDO_GR_RDT_1_PK,MDSYS,SDO_GR_RDT_1,1,RASTERDATATABLE,ASC
MDSYS,SDO_GR_RDT_1_PK,MDSYS,SDO_GR_RDT_1,2,RASTERID,ASC
MDSYS,SDO_GR_RDT_1_PK,MDSYS,SDO_GR_RDT_1,3,PYRAMIDLEVEL,ASC
MDSYS,SDO_GR_RDT_1_PK,MDSYS,SDO_GR_RDT_1,4,BANDBLOCKNUMBER,ASC
MDSYS,SDO_GR_RDT_1_PK,MDSYS,SDO_GR_RDT_1,5,ROWBLOCKNUMBER,ASC
MDSYS,SDO_GR_RDT_1_PK,MDSYS,SDO_GR_RDT_1,6,COLUMNBLOCKNUMBER,ASC
MDSYS,SDO_GR_RDT_2_PK,MDSYS,SDO_GR_RDT_2,1,RASTERID,ASC
MDSYS,SDO_GR_RDT_2_PK,MDSYS,SDO_GR_RDT_2,2,PYRAMIDLEVEL,ASC
MDSYS,SDO_GR_RDT_2_PK,MDSYS,SDO_GR_RDT_2,3,BANDBLOCKNUMBER,ASC
MDSYS,SDO_GR_RDT_2_PK,MDSYS,SDO_GR_RDT_2,4,ROWBLOCKNUMBER,ASC
MDSYS,SDO_GR_RDT_2_PK,MDSYS,SDO_GR_RDT_2,5,COLUMNBLOCKNUMBER,ASC
MDSYS,SDO_IDX_MDATA_IDX,MDSYS,SDO_INDEX_METADATA_TABLE,1,SDO_INDEX_OWNER,ASC
MDSYS,SDO_IDX_MDATA_IDX,MDSYS,SDO_INDEX_METADATA_TABLE,2,SDO_INDEX_NAME,ASC
MDSYS,SDO_IDX_MDATA_IDX,MDSYS,SDO_INDEX_METADATA_TABLE,3,SDO_INDEX_PARTITION,ASC
MDSYS,SDO_INDEX_HISTOGRAM_TABLE_IDX,MDSYS,SDO_INDEX_HISTOGRAM_TABLE,1,SDO_INDEX_OBJNO,ASC
MDSYS,SDO_INDEX_HISTOGRAM_TABLE_IDX,MDSYS,SDO_INDEX_HISTOGRAM_TABLE,2,BKT_ID,ASC
MDSYS,SDO_LRS_META_IDX,MDSYS,SDO_LRS_METADATA_TABLE,1,SDO_OWNER,ASC
MDSYS,SDO_LRS_META_IDX,MDSYS,SDO_LRS_METADATA_TABLE,2,SDO_TABLE_NAME,ASC
MDSYS,SDO_NET_CONS_CLASS,MDSYS,SDO_NETWORK_CONSTRAINTS,1,CLASS_NAME,ASC
MDSYS,SDO_NET_CONS_CONS,MDSYS,SDO_NETWORK_CONSTRAINTS,1,CONSTRAINT,ASC
MDSYS,SDO_NET_CONS_OWNER,MDSYS,SDO_NETWORK_CONSTRAINTS,1,SDO_OWNER,ASC
MDSYS,SDO_NET_HIS_NET,MDSYS,SDO_NETWORK_HISTORIES,1,NETWORK,ASC
MDSYS,SDO_NET_HIS_OWNER,MDSYS,SDO_NETWORK_HISTORIES,1,OWNER,ASC
MDSYS,SDO_NET_TIME_NET,MDSYS,SDO_NETWORK_TIMESTAMPS,1,NETWORK,ASC
MDSYS,SDO_NET_TIME_OWNER,MDSYS,SDO_NETWORK_TIMESTAMPS,1,OWNER,ASC
MDSYS,SDO_NET_TIME_TAB,MDSYS,SDO_NETWORK_TIMESTAMPS,1,TABLE_NAME,ASC
MDSYS,SDO_PK_SEQ_TIN_PC,MDSYS,SDO_TIN_PC_SEQ,1,SDO_OWNER,ASC
MDSYS,SDO_PK_SEQ_TIN_PC,MDSYS,SDO_TIN_PC_SEQ,2,TABLE_NAME,ASC
MDSYS,SDO_PK_TIN_PC,MDSYS,SDO_TIN_PC_SYSDATA_TABLE,1,DEP_TABLE_SCHEMA,ASC
MDSYS,SDO_PK_TIN_PC,MDSYS,SDO_TIN_PC_SYSDATA_TABLE,2,DEP_TABLE_NAME,ASC
MDSYS,SDO_THEMES_IDX,MDSYS,SDO_THEMES_TABLE,1,SDO_OWNER,ASC
MDSYS,SDO_THEMES_IDX,MDSYS,SDO_THEMES_TABLE,2,BASE_TABLE,ASC
MDSYS,SDO_TIN_PC_IDX,MDSYS,SDO_TIN_PC_SYSDATA_TABLE,1,SDO_OWNER,ASC
MDSYS,SDO_TIN_PC_IDX,MDSYS,SDO_TIN_PC_SYSDATA_TABLE,2,TABLE_NAME,ASC
MDSYS,SDO_TIN_PC_IDX,MDSYS,SDO_TIN_PC_SYSDATA_TABLE,3,COLUMN_NAME,ASC
MDSYS,SDO_TOPO_METADATA_IDX,MDSYS,SDO_TOPO_METADATA_TABLE,1,SDO_OWNER,ASC
MDSYS,SDO_TOPO_METADATA_IDX,MDSYS,SDO_TOPO_METADATA_TABLE,2,TOPOLOGY,ASC
MDSYS,SDO_TOPO_METADATA_IDX,MDSYS,SDO_TOPO_METADATA_TABLE,3,TOPOLOGY_ID,ASC
MDSYS,SDO_UNQ_PCATTR_TIN_PC,MDSYS,SDO_TIN_PC_SYSDATA_TABLE,1,SDO_OWNER,ASC
MDSYS,SDO_UNQ_PCATTR_TIN_PC,MDSYS,SDO_TIN_PC_SYSDATA_TABLE,2,TABLE_NAME,ASC
MDSYS,SDO_UNQ_PCATTR_TIN_PC,MDSYS,SDO_TIN_PC_SYSDATA_TABLE,3,COLUMN_NAME,ASC
MDSYS,SDO_UNQ_PCATTR_TIN_PC,MDSYS,SDO_TIN_PC_SYSDATA_TABLE,4,DEP_TABLE_SCHEMA,ASC
MDSYS,SDO_UNQ_PCATTR_TIN_PC,MDSYS,SDO_TIN_PC_SYSDATA_TABLE,5,DEP_TABLE_NAME,ASC
MDSYS,SDO_WS_CONF_PART_PK,MDSYS,SDO_WS_CONFERENCE_PARTICIPANTS,1,CONFERENCE_ID,ASC
MDSYS,SDO_WS_CONF_PART_PK,MDSYS,SDO_WS_CONFERENCE_PARTICIPANTS,2,PARTICIPANT,ASC
MDSYS,SDO_WS_CONF_PK,MDSYS,SDO_WS_CONFERENCE,1,CONFERENCE_ID,ASC
MDSYS,SDO_WS_CONF_RES__PK,MDSYS,SDO_WS_CONFERENCE_RESULTS,1,CONFERENCE_ID,ASC
MDSYS,SDO_3DTHEMES_IDX,MDSYS,SDO_3DTHEMES_TABLE,1,SDO_OWNER,ASC
MDSYS,SDO_3DTHEMES_IDX,MDSYS,SDO_3DTHEMES_TABLE,2,BASE_TABLE,ASC
MDSYS,SYS_C007495,MDSYS,SDO_PC_BLK_TABLE,1,SYS_NC_OID$,ASC
MDSYS,SYS_C007496,MDSYS,SDO_TIN_BLK_TABLE,1,SYS_NC_OID$,ASC
MDSYS,SYS_C007508,MDSYS,SRSNAMESPACE_TABLE,1,SRSNAMESPACE,ASC
MDSYS,SYS_C007508,MDSYS,SRSNAMESPACE_TABLE,2,SRSNAME,ASC
MDSYS,SYS_C007516,MDSYS,SDO_PRIME_MERIDIANS,1,PRIME_MERIDIAN_NAME,ASC
MDSYS,SYS_C007529,MDSYS,SDO_COORD_SYS,1,COORD_SYS_NAME,ASC
MDSYS,SYS_C007531,MDSYS,SDO_COORD_AXIS_NAMES,1,COORD_AXIS_NAME,ASC
MDSYS,SYS_C007563,MDSYS,SDO_CS_SRS,1,SRID,ASC
MDSYS,SYS_C007569,MDSYS,SDO_SRIDS_BY_URN,1,SRID,ASC
MDSYS,SYS_C007570,MDSYS,SDO_SRIDS_BY_URN,1,URN,ASC
MDSYS,SYS_C007685,MDSYS,SDO_TXN_JOURNAL_GTT,1,SID,ASC
MDSYS,SYS_C007685,MDSYS,SDO_TXN_JOURNAL_GTT,2,SDO_TXN_IDX_ID,ASC
MDSYS,SYS_C007685,MDSYS,SDO_TXN_JOURNAL_GTT,3,INDEXPTNIDEN,ASC
MDSYS,SYS_C007685,MDSYS,SDO_TXN_JOURNAL_GTT,4,OPERATION,ASC
MDSYS,SYS_C007685,MDSYS,SDO_TXN_JOURNAL_GTT,5,RID,ASC
MDSYS,SYS_C007692,MDSYS,SDO_TXN_JOURNAL_REG,1,SID,ASC
MDSYS,SYS_C007692,MDSYS,SDO_TXN_JOURNAL_REG,2,SDO_TXN_IDX_ID,ASC
MDSYS,SYS_C007692,MDSYS,SDO_TXN_JOURNAL_REG,3,INDEXPTNIDEN,ASC
MDSYS,SYS_C007692,MDSYS,SDO_TXN_JOURNAL_REG,4,OPERATION,ASC
MDSYS,SYS_C007692,MDSYS,SDO_TXN_JOURNAL_REG,5,RID,ASC
MDSYS,SYS_C007703,MDSYS,SDO_TXN_IDX_EXP_UPD_RGN,1,SDO_TXN_IDX_ID,ASC
MDSYS,SYS_C007703,MDSYS,SDO_TXN_IDX_EXP_UPD_RGN,2,RID,ASC
MDSYS,SYS_C007709,MDSYS,SDO_TOPO_METADATA_TABLE,1,TOPO_GEOMETRY_LAYERS,ASC
MDSYS,SYS_C007750,MDSYS,SDO_XML_SCHEMAS,1,ID,ASC
MDSYS,SYS_C007753,MDSYS,SDO_FEATURE_USAGE,1,FEATURE_NAME,ASC
MDSYS,SYS_C007754,MDSYS,WFS_FEATURETYPE$,1,FEATURETYPEID,ASC
MDSYS,SYS_C007760,MDSYS,WFS_FEATURETYPEXMLCOLINFO$,1,ID,ASC
MDSYS,SYS_C007763,MDSYS,WFS_FEATURETABLEUPDATED$,1,ROWLIST,ASC
MDSYS,SYS_C007764,MDSYS,WFS_FTXSDINFO$,1,FTXSDREFID,ASC
MDSYS,SYS_C007765,MDSYS,CURRENTSESSIONTOKENMAP_T$,1,SESSIONID,ASC
MDSYS,SYS_C007765,MDSYS,CURRENTSESSIONTOKENMAP_T$,2,TOKENID,ASC
MDSYS,SYS_C007766,MDSYS,TOKENSESSIONMAP_T$,1,SESSIONID,ASC
MDSYS,SYS_C007766,MDSYS,TOKENSESSIONMAP_T$,2,TOKENID,ASC
MDSYS,SYS_C007767,MDSYS,TOKENSESSIONMAP_T$,1,TOKENID,ASC
MDSYS,SYS_C007773,MDSYS,OPENLSSERVICES,1,SERVICE,ASC
MDSYS,SYS_C007788,MDSYS,OLS_DIR_BUSINESS_CHAINS,1,CHAIN_ID,ASC
MDSYS,SYS_C007790,MDSYS,OLS_DIR_CATEGORY_TYPES,1,CATEGORY_TYPE_ID,ASC
MDSYS,SYS_C007794,MDSYS,OLS_DIR_CATEGORIES,1,CATEGORY_ID,ASC
MDSYS,SYS_C007794,MDSYS,OLS_DIR_CATEGORIES,2,CATEGORY_TYPE_ID,ASC
MDSYS,SYS_C007801,MDSYS,OLS_DIR_BUSINESSES,1,BUSINESS_ID,ASC
MDSYS,SYS_C007819,MDSYS,SDO_GEOR_XMLSCHEMA_TABLE,1,ID,ASC
MDSYS,SYS_C007820,MDSYS,SDO_GEOR_XMLSCHEMA_TABLE,1,GEORASTERFORMAT,ASC
MDSYS,SYS_C007824,MDSYS,SDO_GR_MOSAIC_0,1,ID,ASC
MDSYS,SYS_C007827,MDSYS,SDO_GR_RDT_2,1,SYS_NC_OID$,ASC
MDSYS,SYS_C007828,MDSYS,SDO_GEOR_PLUGIN_REGISTRY,1,PLUGIN_NAME,ASC
MDSYS,SYS_C007883,MDSYS,SDO_NFE_MODEL_METADATA_TABLE,1,ID,ASC
MDSYS,SYS_C007893,MDSYS,SDO_NFE_MODEL_WORKSPACE,1,ID,ASC
MDSYS,SYS_FK0000067222N00004$,MDSYS,SDO_TOPO_LAYER_TABLE,1,NESTED_TABLE_ID,ASC
MDSYS,SYS_FK0000069453N00003$,MDSYS,R_TABLE,1,NESTED_TABLE_ID,ASC
MDSYS,UNIQUE_AGGREGATE,MDSYS,SDO_INDEX_AGGREGATES_TABLE,1,SDO_INDEX_OWNER,ASC
MDSYS,UNIQUE_AGGREGATE,MDSYS,SDO_INDEX_AGGREGATES_TABLE,2,SDO_INDEX_NAME,ASC
MDSYS,UNIQUE_ANIMATIONS,MDSYS,SDO_ANIMATIONS_TABLE,1,SDO_OWNER,ASC
MDSYS,UNIQUE_ANIMATIONS,MDSYS,SDO_ANIMATIONS_TABLE,2,NAME,ASC
MDSYS,UNIQUE_CACHED_MAPS,MDSYS,SDO_CACHED_MAPS_TABLE,1,SDO_OWNER,ASC
MDSYS,UNIQUE_CACHED_MAPS,MDSYS,SDO_CACHED_MAPS_TABLE,2,NAME,ASC
MDSYS,UNIQUE_CLASS_CONSTRAINT,MDSYS,SDO_NETWORK_CONSTRAINTS,1,SDO_OWNER,ASC
MDSYS,UNIQUE_CLASS_CONSTRAINT,MDSYS,SDO_NETWORK_CONSTRAINTS,2,CLASS_NAME,ASC
MDSYS,UNIQUE_GEORASTERS,MDSYS,SDO_GEOR_SYSDATA_TABLE,1,SDO_OWNER,ASC
MDSYS,UNIQUE_GEORASTERS,MDSYS,SDO_GEOR_SYSDATA_TABLE,2,RDT_TABLE_NAME,ASC
MDSYS,UNIQUE_GEORASTERS,MDSYS,SDO_GEOR_SYSDATA_TABLE,3,RASTER_ID,ASC
MDSYS,UNIQUE_LAYERS,MDSYS,SDO_GEOM_METADATA_TABLE,1,SDO_OWNER,ASC
MDSYS,UNIQUE_LAYERS,MDSYS,SDO_GEOM_METADATA_TABLE,2,SDO_TABLE_NAME,ASC
MDSYS,UNIQUE_LAYERS,MDSYS,SDO_GEOM_METADATA_TABLE,3,SDO_COLUMN_NAME,ASC
MDSYS,UNIQUE_LIGHTSOURCES,MDSYS,SDO_LIGHTSOURCES_TABLE,1,SDO_OWNER,ASC
MDSYS,UNIQUE_LIGHTSOURCES,MDSYS,SDO_LIGHTSOURCES_TABLE,2,NAME,ASC
MDSYS,UNIQUE_LRS_GEOM_LAYER,MDSYS,SDO_NETWORK_METADATA_TABLE,1,SDO_OWNER,ASC
MDSYS,UNIQUE_LRS_GEOM_LAYER,MDSYS,SDO_NETWORK_METADATA_TABLE,2,NETWORK,ASC
MDSYS,UNIQUE_LRS_GEOM_LAYER,MDSYS,SDO_NETWORK_METADATA_TABLE,3,LRS_TABLE_NAME,ASC
MDSYS,UNIQUE_MAPS,MDSYS,SDO_MAPS_TABLE,1,SDO_OWNER,ASC
MDSYS,UNIQUE_MAPS,MDSYS,SDO_MAPS_TABLE,2,NAME,ASC
MDSYS,UNIQUE_MODEL_NAME,MDSYS,SDO_NFE_MODEL_METADATA_TABLE,1,SDO_OWNER,ASC
MDSYS,UNIQUE_MODEL_NAME,MDSYS,SDO_NFE_MODEL_METADATA_TABLE,2,NAME,ASC
MDSYS,UNIQUE_NDM_LOCKS,MDSYS,SDO_NETWORK_LOCKS_WM,1,SDO_OWNER,ASC
MDSYS,UNIQUE_NDM_LOCKS,MDSYS,SDO_NETWORK_LOCKS_WM,2,LOCK_ID,ASC
MDSYS,UNIQUE_NDM_USER_DATA,MDSYS,SDO_NETWORK_USER_DATA,1,SDO_OWNER,ASC
MDSYS,UNIQUE_NDM_USER_DATA,MDSYS,SDO_NETWORK_USER_DATA,2,NETWORK,ASC
MDSYS,UNIQUE_NDM_USER_DATA,MDSYS,SDO_NETWORK_USER_DATA,3,TABLE_TYPE,ASC
MDSYS,UNIQUE_NDM_USER_DATA,MDSYS,SDO_NETWORK_USER_DATA,4,DATA_NAME,ASC
MDSYS,UNIQUE_NETWORK_LAYER,MDSYS,SDO_NETWORK_METADATA_TABLE,1,SDO_OWNER,ASC
MDSYS,UNIQUE_NETWORK_LAYER,MDSYS,SDO_NETWORK_METADATA_TABLE,2,NETWORK,ASC
MDSYS,UNIQUE_NETWORK_LINK_LAYER,MDSYS,SDO_NETWORK_METADATA_TABLE,1,SDO_OWNER,ASC
MDSYS,UNIQUE_NETWORK_LINK_LAYER,MDSYS,SDO_NETWORK_METADATA_TABLE,2,NETWORK,ASC
MDSYS,UNIQUE_NETWORK_LINK_LAYER,MDSYS,SDO_NETWORK_METADATA_TABLE,3,LINK_TABLE_NAME,ASC
MDSYS,UNIQUE_NETWORK_NODE_LAYER,MDSYS,SDO_NETWORK_METADATA_TABLE,1,SDO_OWNER,ASC
MDSYS,UNIQUE_NETWORK_NODE_LAYER,MDSYS,SDO_NETWORK_METADATA_TABLE,2,NETWORK,ASC
MDSYS,UNIQUE_NETWORK_NODE_LAYER,MDSYS,SDO_NETWORK_METADATA_TABLE,3,NODE_TABLE_NAME,ASC
MDSYS,UNIQUE_NETWORK_PATH_LAYER,MDSYS,SDO_NETWORK_METADATA_TABLE,1,SDO_OWNER,ASC
MDSYS,UNIQUE_NETWORK_PATH_LAYER,MDSYS,SDO_NETWORK_METADATA_TABLE,2,NETWORK,ASC
MDSYS,UNIQUE_NETWORK_PATH_LAYER,MDSYS,SDO_NETWORK_METADATA_TABLE,3,PATH_TABLE_NAME,ASC
MDSYS,UNIQUE_NETWORK_PATH_LINK_LAYER,MDSYS,SDO_NETWORK_METADATA_TABLE,1,SDO_OWNER,ASC
MDSYS,UNIQUE_NETWORK_PATH_LINK_LAYER,MDSYS,SDO_NETWORK_METADATA_TABLE,2,NETWORK,ASC
MDSYS,UNIQUE_NETWORK_PATH_LINK_LAYER,MDSYS,SDO_NETWORK_METADATA_TABLE,3,PATH_LINK_TABLE_NAME,ASC
MDSYS,UNIQUE_ROWTOKENMAP_COND,MDSYS,ROWTOKENMAP_T$,1,TABLENAME,ASC
MDSYS,UNIQUE_ROWTOKENMAP_COND,MDSYS,ROWTOKENMAP_T$,2,RPOINTER,ASC
MDSYS,UNIQUE_SCENES,MDSYS,SDO_SCENES_TABLE,1,SDO_OWNER,ASC
MDSYS,UNIQUE_SCENES,MDSYS,SDO_SCENES_TABLE,2,NAME,ASC
MDSYS,UNIQUE_STYLES,MDSYS,SDO_STYLES_TABLE,1,SDO_OWNER,ASC
MDSYS,UNIQUE_STYLES,MDSYS,SDO_STYLES_TABLE,2,NAME,ASC
MDSYS,UNIQUE_TABLE,MDSYS,CSW_SERVICE_INFO,1,SDO_OWNER,ASC
MDSYS,UNIQUE_TABLE,MDSYS,CSW_SERVICE_INFO,2,CSW_TABLE_NAME,ASC
MDSYS,UNIQUE_TABLES,MDSYS,SDO_LRS_METADATA_TABLE,1,SDO_OWNER,ASC
MDSYS,UNIQUE_TABLES,MDSYS,SDO_LRS_METADATA_TABLE,2,SDO_TABLE_NAME,ASC
MDSYS,UNIQUE_TABLES,MDSYS,SDO_LRS_METADATA_TABLE,3,SDO_COLUMN_NAME,ASC
MDSYS,UNIQUE_TEXT_LAYERS,MDSYS,SDO_ANNOTATION_TEXT_METADATA,1,F_TABLE_SCHEMA,ASC
MDSYS,UNIQUE_TEXT_LAYERS,MDSYS,SDO_ANNOTATION_TEXT_METADATA,2,F_TABLE_NAME,ASC
MDSYS,UNIQUE_TEXT_LAYERS,MDSYS,SDO_ANNOTATION_TEXT_METADATA,3,F_TEXT_COLUMN,ASC
MDSYS,UNIQUE_THEMES,MDSYS,SDO_THEMES_TABLE,1,SDO_OWNER,ASC
MDSYS,UNIQUE_THEMES,MDSYS,SDO_THEMES_TABLE,2,NAME,ASC
MDSYS,UNIQUE_USER_CONSTRAINT,MDSYS,SDO_NETWORK_CONSTRAINTS,1,SDO_OWNER,ASC
MDSYS,UNIQUE_USER_CONSTRAINT,MDSYS,SDO_NETWORK_CONSTRAINTS,2,CONSTRAINT,ASC
MDSYS,UNIQUE_VIEWFRAMES,MDSYS,SDO_VIEWFRAMES_TABLE,1,SDO_OWNER,ASC
MDSYS,UNIQUE_VIEWFRAMES,MDSYS,SDO_VIEWFRAMES_TABLE,2,NAME,ASC
MDSYS,UNIQUE_WFS_FT_COND,MDSYS,WFS_FEATURETYPE$,1,NAMESPACEURL,ASC
MDSYS,UNIQUE_WFS_FT_COND,MDSYS,WFS_FEATURETYPE$,2,FEATURETYPENAME,ASC
MDSYS,UNIQUE_XSD,MDSYS,CSW_SERVICE_INFO,1,SDO_OWNER,ASC
MDSYS,UNIQUE_XSD,MDSYS,CSW_SERVICE_INFO,2,CSW_XSD_ID,ASC
MDSYS,UNIQUE_3DTHEMES,MDSYS,SDO_3DTHEMES_TABLE,1,SDO_OWNER,ASC
MDSYS,UNIQUE_3DTHEMES,MDSYS,SDO_3DTHEMES_TABLE,2,NAME,ASC
MDSYS,UNIQUE_3DTXFMS,MDSYS,SDO_3DTXFMS_TABLE,1,SDO_OWNER,ASC
MDSYS,UNIQUE_3DTXFMS,MDSYS,SDO_3DTXFMS_TABLE,2,NAME,ASC
MDSYS,UNIT_OF_MEASURE_PRIM,MDSYS,SDO_UNITS_OF_MEASURE,1,UOM_ID,ASC
MDSYS,UOM_UNIQUE_LONG_NAME,MDSYS,SDO_UNITS_OF_MEASURE,1,SYS_NC00014$,ASC
MDSYS,UOM_UNIQUE_SHORT_NAME,MDSYS,SDO_UNITS_OF_MEASURE,1,SYS_NC00013$,ASC
MDSYS,UOM_UNIQUE1,MDSYS,SDO_UNITS_OF_MEASURE,1,UOM_ID,ASC
MDSYS,UOM_UNIQUE1,MDSYS,SDO_UNITS_OF_MEASURE,2,UNIT_OF_MEAS_TYPE,ASC
OJVMSYS,OJDS$NODE_INDEX,OJVMSYS,OJDS$INODE$,1,NODE,ASC
OJVMSYS,OJDS$PERM_INDEX,OJVMSYS,OJDS$PERMISSIONS$,1,NODE,ASC
OJVMSYS,OJDS$PERM_INDEX,OJVMSYS,OJDS$PERMISSIONS$,2,TYPE,ASC
OJVMSYS,OJDS$REFADDR_INDEX,OJVMSYS,OJDS$REFADDR$,1,NODE,ASC
OJVMSYS,OJDS$REFADDR_INDEX,OJVMSYS,OJDS$REFADDR$,2,REF_SEQ,ASC
OJVMSYS,OJDS$REFADDR_INDEX,OJVMSYS,OJDS$REFADDR$,3,REF_MINOR_SEQ,ASC
OJVMSYS,OJDS$SHARED$OBJ_INDEX,OJVMSYS,OJDS$SHARED$OBJ$,1,NODE,ASC
OJVMSYS,OJDS$SHARED$OBJ_INDEX,OJVMSYS,OJDS$SHARED$OBJ$,2,TIMESTAMP,ASC
OJVMSYS,SYS_C006897,OJVMSYS,OJDS$BINDINGS$,1,PARENT,ASC
OJVMSYS,SYS_C006897,OJVMSYS,OJDS$BINDINGS$,2,ID,ASC
OJVMSYS,SYS_C006898,OJVMSYS,OJDS$ATTRIBUTES$,1,NODE,ASC
OJVMSYS,SYS_C006898,OJVMSYS,OJDS$ATTRIBUTES$,2,ID,ASC
OLAPSYS,SYS_C007490,OLAPSYS,XML_LOAD_RECORDS,1,XML_LOADID,ASC
OLAPSYS,SYS_C007490,OLAPSYS,XML_LOAD_RECORDS,2,XML_RECORDID,ASC
OLAPSYS,SYS_C007494,OLAPSYS,XML_LOAD_LOG,1,XML_LOADID,ASC
OLAPSYS,SYS_C007494,OLAPSYS,XML_LOAD_LOG,2,XML_RECORDID,ASC
ORDDATA,DOC_TYPES_PK,ORDDATA,ORDDCM_DOC_TYPES,1,DOC_TYPE_ID,ASC
ORDDATA,DOC_TYPES_UK,ORDDATA,ORDDCM_DOC_TYPES,1,DOC_TYPE,ASC
ORDDATA,ORDDCM_ANON_ATTRS_PK1,ORDDATA,ORDDCM_ANON_ATTRS,1,AAID,ASC
ORDDATA,ORDDCM_ANON_ATTRS_UK1,ORDDATA,ORDDCM_ANON_ATTRS,1,DOC_ID,ASC
ORDDATA,ORDDCM_ANON_ATTRS_UK1,ORDDATA,ORDDCM_ANON_ATTRS,2,TAG,ASC
ORDDATA,ORDDCM_ANON_ATTRS_W_PK1,ORDDATA,ORDDCM_ANON_ATTRS_WRK,1,AAID,ASC
ORDDATA,ORDDCM_ANON_ATTRS_W_UK1,ORDDATA,ORDDCM_ANON_ATTRS_WRK,1,DOC_ID,ASC
ORDDATA,ORDDCM_ANON_ATTRS_W_UK1,ORDDATA,ORDDCM_ANON_ATTRS_WRK,2,TAG,ASC
ORDDATA,ORDDCM_ANON_A_TYPES_PK1,ORDDATA,ORDDCM_ANON_ACTION_TYPES,1,ACTION_TYPE_ID,ASC
ORDDATA,ORDDCM_ANON_R_TYPES_PK1,ORDDATA,ORDDCM_ANON_RULE_TYPES,1,RULE_TYPE_ID,ASC
ORDDATA,ORDDCM_ANON_RULES_PK1,ORDDATA,ORDDCM_ANON_RULES,1,DOC_ID,ASC
ORDDATA,ORDDCM_ANON_RULES_PK1,ORDDATA,ORDDCM_ANON_RULES,2,RULE_TYPE_ID,ASC
ORDDATA,ORDDCM_ANON_RULES_W_PK1,ORDDATA,ORDDCM_ANON_RULES_WRK,1,DOC_ID,ASC
ORDDATA,ORDDCM_ANON_RULES_W_PK1,ORDDATA,ORDDCM_ANON_RULES_WRK,2,RULE_TYPE_ID,ASC
ORDDATA,ORDDCM_CT_AGT_PID_IDX,ORDDATA,ORDDCM_CT_ACTION_TMP,1,PID,ASC
ORDDATA,ORDDCM_CT_A_PK,ORDDATA,ORDDCM_CT_ACTION,1,PID,ASC
ORDDATA,ORDDCM_CT_A_PK,ORDDATA,ORDDCM_CT_ACTION,2,EVENT,ASC
ORDDATA,ORDDCM_CT_A_PK,ORDDATA,ORDDCM_CT_ACTION,3,ACTION,ASC
ORDDATA,ORDDCM_CT_AW_PID_IDX,ORDDATA,ORDDCM_CT_ACTION_WRK,1,PID,ASC
ORDDATA,ORDDCM_CT_A_W_W_PK,ORDDATA,ORDDCM_CT_ACTION_WRK,1,PID,ASC
ORDDATA,ORDDCM_CT_A_W_W_PK,ORDDATA,ORDDCM_CT_ACTION_WRK,2,EVENT,ASC
ORDDATA,ORDDCM_CT_A_W_W_PK,ORDDATA,ORDDCM_CT_ACTION_WRK,3,ACTION,ASC
ORDDATA,ORDDCM_CT_DAREFS_GT_IDX1,ORDDATA,ORDDCM_CT_DAREFS_TMP,1,DA_ID,ASC
ORDDATA,ORDDCM_CT_DAREFS_GT_IDX2,ORDDATA,ORDDCM_CT_DAREFS_TMP,1,DOC_ID,ASC
ORDDATA,ORDDCM_CT_DAREFS_UK,ORDDATA,ORDDCM_CT_DAREFS,1,DA_ID,ASC
ORDDATA,ORDDCM_CT_DAREFS_UK,ORDDATA,ORDDCM_CT_DAREFS,2,DOC_ID,ASC
ORDDATA,ORDDCM_CT_DAREFS_W_UK,ORDDATA,ORDDCM_CT_DAREFS_WRK,1,DA_ID,ASC
ORDDATA,ORDDCM_CT_DAREFS_W_UK,ORDDATA,ORDDCM_CT_DAREFS_WRK,2,DOC_ID,ASC
ORDDATA,ORDDCM_CT_LPT_DID_IDX,ORDDATA,ORDDCM_CT_LOCATORPATHS_TMP,1,DOC_ID,ASC
ORDDATA,ORDDCM_CT_LPT_PSID_IDX,ORDDATA,ORDDCM_CT_LOCATORPATHS_TMP,1,PSID,ASC
ORDDATA,ORDDCM_CT_LPW_DID_IDX,ORDDATA,ORDDCM_CT_LOCATORPATHS_WRK,1,DOC_ID,ASC
ORDDATA,ORDDCM_CT_LPW_PSID_IDX,ORDDATA,ORDDCM_CT_LOCATORPATHS_WRK,1,PSID,ASC
ORDDATA,ORDDCM_CT_MD_UQ,ORDDATA,ORDDCM_CT_MACRO_DEP,1,PSID,ASC
ORDDATA,ORDDCM_CT_MD_UQ,ORDDATA,ORDDCM_CT_MACRO_DEP,2,DEP_PSID,ASC
ORDDATA,ORDDCM_CT_MDW_DPSID_IDX,ORDDATA,ORDDCM_CT_MACRO_DEP_WRK,1,DEP_PSID,ASC
ORDDATA,ORDDCM_CT_MDW_PSID_IDX,ORDDATA,ORDDCM_CT_MACRO_DEP_WRK,1,PSID,ASC
ORDDATA,ORDDCM_CT_MD_W_UQ,ORDDATA,ORDDCM_CT_MACRO_DEP_WRK,1,PSID,ASC
ORDDATA,ORDDCM_CT_MD_W_UQ,ORDDATA,ORDDCM_CT_MACRO_DEP_WRK,2,DEP_PSID,ASC
ORDDATA,ORDDCM_CT_MP_PK,ORDDATA,ORDDCM_CT_MACRO_PAR,1,PSID,ASC
ORDDATA,ORDDCM_CT_MP_PK,ORDDATA,ORDDCM_CT_MACRO_PAR,2,PARNAME,ASC
ORDDATA,ORDDCM_CT_MP_W_PK,ORDDATA,ORDDCM_CT_MACRO_PAR_WRK,1,PSID,ASC
ORDDATA,ORDDCM_CT_MP_W_PK,ORDDATA,ORDDCM_CT_MACRO_PAR_WRK,2,PARNAME,ASC
ORDDATA,ORDDCM_CT_MPW_PSID_IDX,ORDDATA,ORDDCM_CT_MACRO_PAR_WRK,1,PSID,ASC
ORDDATA,ORDDCM_CT_PGT_FPID_IDX,ORDDATA,ORDDCM_CT_PRED_TMP,1,FPID,ASC
ORDDATA,ORDDCM_CT_PGT_OP_IDX,ORDDATA,ORDDCM_CT_PRED_TMP,1,OP,ASC
ORDDATA,ORDDCM_CT_PGT_REF_IDX,ORDDATA,ORDDCM_CT_PRED_TMP,1,REF_PID,ASC
ORDDATA,ORDDCM_CT_POGT_PID_IDX,ORDDATA,ORDDCM_CT_PRED_OPRD_TMP,1,PID,ASC
ORDDATA,ORDDCM_CT_PO_PK,ORDDATA,ORDDCM_CT_PRED_OPRD,1,PID,ASC
ORDDATA,ORDDCM_CT_PO_PK,ORDDATA,ORDDCM_CT_PRED_OPRD,2,POS,ASC
ORDDATA,ORDDCM_CT_POW_PID_IDX,ORDDATA,ORDDCM_CT_PRED_OPRD_WRK,1,PID,ASC
ORDDATA,ORDDCM_CT_PO_W_PK,ORDDATA,ORDDCM_CT_PRED_OPRD_WRK,1,PID,ASC
ORDDATA,ORDDCM_CT_PO_W_PK,ORDDATA,ORDDCM_CT_PRED_OPRD_WRK,2,POS,ASC
ORDDATA,ORDDCM_CT_PPGT_PID_IDX,ORDDATA,ORDDCM_CT_PRED_PAR_TMP,1,PID,ASC
ORDDATA,ORDDCM_CT_PP_PK,ORDDATA,ORDDCM_CT_PRED_PAR,1,PID,ASC
ORDDATA,ORDDCM_CT_PP_PK,ORDDATA,ORDDCM_CT_PRED_PAR,2,PARNAME,ASC
ORDDATA,ORDDCM_CT_PPW_PID_IDX,ORDDATA,ORDDCM_CT_PRED_PAR_WRK,1,PID,ASC
ORDDATA,ORDDCM_CT_PP_W_PK,ORDDATA,ORDDCM_CT_PRED_PAR_WRK,1,PID,ASC
ORDDATA,ORDDCM_CT_PP_W_PK,ORDDATA,ORDDCM_CT_PRED_PAR_WRK,2,PARNAME,ASC
ORDDATA,ORDDCM_CT_PRED_PK,ORDDATA,ORDDCM_CT_PRED,1,PID,ASC
ORDDATA,ORDDCM_CT_PRED_W_PK,ORDDATA,ORDDCM_CT_PRED_WRK,1,PID,ASC
ORDDATA,ORDDCM_CT_PSGT_DOCID_IDX,ORDDATA,ORDDCM_CT_PRED_SET_TMP,1,DOC_ID,ASC
ORDDATA,ORDDCM_CT_PSGT_NAME_IDX,ORDDATA,ORDDCM_CT_PRED_SET_TMP,1,NAME,ASC
ORDDATA,ORDDCM_CT_PSGT_PID_IDX,ORDDATA,ORDDCM_CT_PRED_SET_TMP,1,PID,ASC
ORDDATA,ORDDCM_CT_PSGT_SPR_IDX,ORDDATA,ORDDCM_CT_PRED_SET_TMP,1,SUPER,ASC
ORDDATA,ORDDCM_CT_PSGT_STATUS_IDX,ORDDATA,ORDDCM_CT_PRED_SET_TMP,1,STATUS,ASC
ORDDATA,ORDDCM_CT_PSGT_TYPE_IDX,ORDDATA,ORDDCM_CT_PRED_SET_TMP,1,PSTYPE,ASC
ORDDATA,ORDDCM_CT_PS_PK,ORDDATA,ORDDCM_CT_PRED_SET,1,PSID,ASC
ORDDATA,ORDDCM_CT_PS_UQ,ORDDATA,ORDDCM_CT_PRED_SET,1,NAME,ASC
ORDDATA,ORDDCM_CT_PS_UQ,ORDDATA,ORDDCM_CT_PRED_SET,2,PSTYPE,ASC
ORDDATA,ORDDCM_CT_PS_UQ,ORDDATA,ORDDCM_CT_PRED_SET,3,SUPER,ASC
ORDDATA,ORDDCM_CT_PSW_DOCID_IDX,ORDDATA,ORDDCM_CT_PRED_SET_WRK,1,DOC_ID,ASC
ORDDATA,ORDDCM_CT_PSW_NAME_IDX,ORDDATA,ORDDCM_CT_PRED_SET_WRK,1,NAME,ASC
ORDDATA,ORDDCM_CT_PSW_PID_IDX,ORDDATA,ORDDCM_CT_PRED_SET_WRK,1,PID,ASC
ORDDATA,ORDDCM_CT_PS_W_PK,ORDDATA,ORDDCM_CT_PRED_SET_WRK,1,PSID,ASC
ORDDATA,ORDDCM_CT_PSW_SPR_IDX,ORDDATA,ORDDCM_CT_PRED_SET_WRK,1,SUPER,ASC
ORDDATA,ORDDCM_CT_PSW_STATUS_IDX,ORDDATA,ORDDCM_CT_PRED_SET_WRK,1,STATUS,ASC
ORDDATA,ORDDCM_CT_PSW_TYPE_IDX,ORDDATA,ORDDCM_CT_PRED_SET_WRK,1,PSTYPE,ASC
ORDDATA,ORDDCM_CT_PS_W_UQ,ORDDATA,ORDDCM_CT_PRED_SET_WRK,1,NAME,ASC
ORDDATA,ORDDCM_CT_PS_W_UQ,ORDDATA,ORDDCM_CT_PRED_SET_WRK,2,PSTYPE,ASC
ORDDATA,ORDDCM_CT_PS_W_UQ,ORDDATA,ORDDCM_CT_PRED_SET_WRK,3,SUPER,ASC
ORDDATA,ORDDCM_CT_PW_FPID_IDX,ORDDATA,ORDDCM_CT_PRED_WRK,1,FPID,ASC
ORDDATA,ORDDCM_CT_PW_OP_IDX,ORDDATA,ORDDCM_CT_PRED_WRK,1,OP,ASC
ORDDATA,ORDDCM_CT_PW_REF_IDX,ORDDATA,ORDDCM_CT_PRED_WRK,1,REF_PID,ASC
ORDDATA,ORDDCM_CT_VM_ID_IDX,ORDDATA,ORDDCM_CT_VLD_MSG,1,SOP_INSTANCE_UID,ASC
ORDDATA,ORDDCM_CT_VM_MT_IDX,ORDDATA,ORDDCM_CT_VLD_MSG,1,MSG_TYPE,ASC
ORDDATA,ORDDCM_CT_VM_RN_IDX,ORDDATA,ORDDCM_CT_VLD_MSG,1,RULE_NAME,ASC
ORDDATA,ORDDCM_CT_VM_UN_IDX,ORDDATA,ORDDCM_CT_VLD_MSG,1,USER_NAME,ASC
ORDDATA,ORDDCM_DATA_MODEL_PK,ORDDATA,ORDDCM_DATA_MODEL,1,MODEL_ID,ASC
ORDDATA,ORDDCM_DATA_MODEL_W_PK,ORDDATA,ORDDCM_DATA_MODEL_WRK,1,MODEL_ID,ASC
ORDDATA,ORDDCM_DICT_ATTRS_GT_IDX2,ORDDATA,ORDDCM_DICT_ATTRS_TMP,1,SA_ID,ASC
ORDDATA,ORDDCM_DICT_ATTRS_GT_IDX3,ORDDATA,ORDDCM_DICT_ATTRS_TMP,1,PA_ID,ASC
ORDDATA,ORDDCM_DICT_ATTRS_PK,ORDDATA,ORDDCM_DICT_ATTRS,1,DA_ID,ASC
ORDDATA,ORDDCM_DICT_ATTRS_UK1,ORDDATA,ORDDCM_DICT_ATTRS,1,SA_ID,ASC
ORDDATA,ORDDCM_DICT_ATTRS_UK2,ORDDATA,ORDDCM_DICT_ATTRS,1,PA_ID,ASC
ORDDATA,ORDDCM_DICT_ATTRS_W_PK,ORDDATA,ORDDCM_DICT_ATTRS_WRK,1,DA_ID,ASC
ORDDATA,ORDDCM_DICT_ATTRS_W_UK1,ORDDATA,ORDDCM_DICT_ATTRS_WRK,1,SA_ID,ASC
ORDDATA,ORDDCM_DICT_ATTRS_W_UK2,ORDDATA,ORDDCM_DICT_ATTRS_WRK,1,PA_ID,ASC
ORDDATA,ORDDCM_DOC_REFS_PK,ORDDATA,ORDDCM_DOC_REFS,1,DOC_ID,ASC
ORDDATA,ORDDCM_DOC_REFS_PK,ORDDATA,ORDDCM_DOC_REFS,2,REF_BY_DOC_ID,ASC
ORDDATA,ORDDCM_DOC_REFS_UK,ORDDATA,ORDDCM_DOC_REFS,1,DOC_NAME,ASC
ORDDATA,ORDDCM_DOC_REFS_UK,ORDDATA,ORDDCM_DOC_REFS,2,REF_BY_DOC_NAME,ASC
ORDDATA,ORDDCM_DOC_REFS_W_PK,ORDDATA,ORDDCM_DOC_REFS_WRK,1,DOC_ID,ASC
ORDDATA,ORDDCM_DOC_REFS_W_PK,ORDDATA,ORDDCM_DOC_REFS_WRK,2,REF_BY_DOC_ID,ASC
ORDDATA,ORDDCM_DOC_REFS_W_UK,ORDDATA,ORDDCM_DOC_REFS_WRK,1,DOC_NAME,ASC
ORDDATA,ORDDCM_DOC_REFS_W_UK,ORDDATA,ORDDCM_DOC_REFS_WRK,2,REF_BY_DOC_NAME,ASC
ORDDATA,ORDDCM_DOCS_GT_IDX1,ORDDATA,ORDDCM_DOCS_TMP,1,DOC_ID,ASC
ORDDATA,ORDDCM_DOCS_GT_IDX2,ORDDATA,ORDDCM_DOCS_TMP,1,DOC_TYPE_ID,ASC
ORDDATA,ORDDCM_DOCS_GT_IDX3,ORDDATA,ORDDCM_DOCS_TMP,1,ORACLE_INSTALL,ASC
ORDDATA,ORDDCM_DOCS_PK,ORDDATA,ORDDCM_DOCS,1,DOC_ID,ASC
ORDDATA,ORDDCM_DOCS_UK1,ORDDATA,ORDDCM_DOCS,1,DOC_NAME,ASC
ORDDATA,ORDDCM_DOCS_W_PK,ORDDATA,ORDDCM_DOCS_WRK,1,DOC_ID,ASC
ORDDATA,ORDDCM_DOCS_W_UK1,ORDDATA,ORDDCM_DOCS_WRK,1,DOC_NAME,ASC
ORDDATA,ORDDCM_I_DOCS_PK,ORDDATA,ORDDCM_INSTALL_DOCS,1,DOC_NAME,ASC
ORDDATA,ORDDCM_INTERNAL_TAGS_PK,ORDDATA,ORDDCM_INTERNAL_TAGS,1,TAG,ASC
ORDDATA,ORDDCM_INTERNAL_TAGS_PK,ORDDATA,ORDDCM_INTERNAL_TAGS,2,DEFINER_NAME,ASC
ORDDATA,ORDDCM_MAPPED_PATHS_PK1,ORDDATA,ORDDCM_MAPPED_PATHS,1,MPID,ASC
ORDDATA,ORDDCM_MAPPED_PATHS_UK1,ORDDATA,ORDDCM_MAPPED_PATHS,1,DOC_ID,ASC
ORDDATA,ORDDCM_MAPPED_PATHS_UK1,ORDDATA,ORDDCM_MAPPED_PATHS,2,ATTR_TAG,ASC
ORDDATA,ORDDCM_MAPPED_PATHS_W_PK1,ORDDATA,ORDDCM_MAPPED_PATHS_WRK,1,MPID,ASC
ORDDATA,ORDDCM_MAPPED_PATHS_W_UK1,ORDDATA,ORDDCM_MAPPED_PATHS_WRK,1,DOC_ID,ASC
ORDDATA,ORDDCM_MAPPED_PATHS_W_UK1,ORDDATA,ORDDCM_MAPPED_PATHS_WRK,2,ATTR_TAG,ASC
ORDDATA,ORDDCM_MAPPING_DOCS_PK,ORDDATA,ORDDCM_MAPPING_DOCS,1,DOC_ID,ASC
ORDDATA,ORDDCM_MAPPING_DOCS_W_PK,ORDDATA,ORDDCM_MAPPING_DOCS_WRK,1,DOC_ID,ASC
ORDDATA,ORDDCM_PREF_PARAMS_PK1,ORDDATA,ORDDCM_RT_PREF_PARAMS,1,PPID,ASC
ORDDATA,ORDDCM_PREF_PARAMS_UK1,ORDDATA,ORDDCM_RT_PREF_PARAMS,1,NAME,ASC
ORDDATA,ORDDCM_PREF_PARAMS_W_PK1,ORDDATA,ORDDCM_RT_PREF_PARAMS_WRK,1,PPID,ASC
ORDDATA,ORDDCM_PREF_PARAMS_W_UK1,ORDDATA,ORDDCM_RT_PREF_PARAMS_WRK,1,NAME,ASC
ORDDATA,ORDDCM_PRV_AGT_IDX1,ORDDATA,ORDDCM_PRV_ATTRS_TMP,1,TAG,ASC
ORDDATA,ORDDCM_PRV_AGT_IDX2,ORDDATA,ORDDCM_PRV_ATTRS_TMP,1,DEFINER_NAME,ASC
ORDDATA,ORDDCM_PRV_AGT_IDX3,ORDDATA,ORDDCM_PRV_ATTRS_TMP,1,PA_ID,ASC
ORDDATA,ORDDCM_PRV_A_IDX1,ORDDATA,ORDDCM_PRV_ATTRS,1,TAG,ASC
ORDDATA,ORDDCM_PRV_A_IDX2,ORDDATA,ORDDCM_PRV_ATTRS,1,DEFINER_NAME,ASC
ORDDATA,ORDDCM_PRV_ATTRS_PK,ORDDATA,ORDDCM_PRV_ATTRS,1,PA_ID,ASC
ORDDATA,ORDDCM_PRV_ATTRS_W_PK,ORDDATA,ORDDCM_PRV_ATTRS_WRK,1,PA_ID,ASC
ORDDATA,ORDDCM_SD_ATTRS_PK,ORDDATA,ORDDCM_STD_ATTRS,1,SA_ID,ASC
ORDDATA,ORDDCM_SD_ATTRS_W_PK,ORDDATA,ORDDCM_STD_ATTRS_WRK,1,SA_ID,ASC
ORDDATA,ORDDCM_STD_AGT_IDX1,ORDDATA,ORDDCM_STD_ATTRS_TMP,1,SA_ID,ASC
ORDDATA,ORDDCM_STD_AGT_IDX2,ORDDATA,ORDDCM_STD_ATTRS_TMP,1,TAG,ASC
ORDDATA,ORDDCM_STD_AGT_IDX3,ORDDATA,ORDDCM_STD_ATTRS_TMP,1,NAME,ASC
ORDDATA,ORDDCM_STD_A_IDX2,ORDDATA,ORDDCM_STD_ATTRS,1,TAG,ASC
ORDDATA,ORDDCM_STD_A_IDX2,ORDDATA,ORDDCM_STD_ATTRS,2,NAME,ASC
ORDDATA,ORDDCM_STD_A_W_IDX2,ORDDATA,ORDDCM_STD_ATTRS_WRK,1,TAG,ASC
ORDDATA,ORDDCM_STD_A_W_IDX2,ORDDATA,ORDDCM_STD_ATTRS_WRK,2,NAME,ASC
ORDDATA,ORDDCM_STORED_TAGS_PK1,ORDDATA,ORDDCM_STORED_TAGS,1,STID,ASC
ORDDATA,ORDDCM_STORED_TAGS_UK1,ORDDATA,ORDDCM_STORED_TAGS,1,ATTR_TAG,ASC
ORDDATA,ORDDCM_STORED_TAGS_UK1,ORDDATA,ORDDCM_STORED_TAGS,2,DOC_ID,ASC
ORDDATA,ORDDCM_STORED_TAGS_W_PK1,ORDDATA,ORDDCM_STORED_TAGS_WRK,1,STID,ASC
ORDDATA,ORDDCM_STORED_TAGS_W_UK1,ORDDATA,ORDDCM_STORED_TAGS_WRK,1,ATTR_TAG,ASC
ORDDATA,ORDDCM_STORED_TAGS_W_UK1,ORDDATA,ORDDCM_STORED_TAGS_WRK,2,DOC_ID,ASC
ORDDATA,ORDDCM_UID_DEFS_PK,ORDDATA,ORDDCM_UID_DEFS,1,UDID,ASC
ORDDATA,ORDDCM_UID_DEFS_UK1,ORDDATA,ORDDCM_UID_DEFS,1,DICOM_UID,ASC
ORDDATA,ORDDCM_UID_DEFS_W_PK,ORDDATA,ORDDCM_UID_DEFS_WRK,1,UDID,ASC
ORDDATA,ORDDCM_UID_DEFS_W_UK1,ORDDATA,ORDDCM_UID_DEFS_WRK,1,DICOM_UID,ASC
ORDDATA,ORDDCM_VR_DT_MAP_PK1,ORDDATA,ORDDCM_VR_DT_MAP,1,VR,ASC
ORDDATA,SYS_C007138,ORDDATA,ORDDCM_PREFS_LOOKUP,1,PARAM_NAME,ASC
ORDDATA,SYS_C007139,ORDDATA,ORDDCM_PREFS_LOOKUP,1,VALID_STR_VALUES,ASC
ORDDATA,SYS_C007140,ORDDATA,ORDDCM_PREFS_LOOKUP,1,DEFAULT_STR_VALUES,ASC
ORDDATA,SYS_C007271,ORDDATA,ORDDCM_DICT_ATTRS_TMP,1,DA_ID,ASC
ORDDATA,SYS_C007315,ORDDATA,ORDDCM_CT_PRED_TMP,1,PID,ASC
ORDDATA,SYS_C007317,ORDDATA,ORDDCM_CT_PRED_SET_TMP,1,PSID,ASC
ORDDATA,SYS_FK0000065626N00007$,ORDDATA,ORDDCM_PREFS_DEF_VALUES_TAB,1,NESTED_TABLE_ID,ASC
ORDDATA,SYS_FK0000065626N00009$,ORDDATA,ORDDCM_PREFS_VALID_VALUES_TAB,1,NESTED_TABLE_ID,ASC
ORDSYS,SYS_C007020,ORDSYS,SI_IMAGE_FORMATS_TAB,1,SI_FORMAT,ASC
ORDSYS,SYS_C007021,ORDSYS,SI_FEATURES_TAB,1,SI_FEATURE_NAME,ASC
ORDSYS,SYS_C007023,ORDSYS,SI_VALUES_TAB,1,SI_VALUE,ASC
OUTLN,OL$HNT_NUM,OUTLN,OL$HINTS,1,OL_NAME,ASC
OUTLN,OL$HNT_NUM,OUTLN,OL$HINTS,2,HINT#,ASC
OUTLN,OL$NAME,OUTLN,OL$,1,OL_NAME,ASC
OUTLN,OL$NODE_OL_NAME,OUTLN,OL$NODES,1,OL_NAME,ASC
OUTLN,OL$SIGNATURE,OUTLN,OL$,1,SIGNATURE,ASC
OUTLN,OL$SIGNATURE,OUTLN,OL$,2,CATEGORY,ASC
SYS,APPLY$_AUTO_CDR_CG_UNQ1,SYS,APPLY$_AUTO_CDR_COLUMN_GROUPS,1,OBJ#,ASC
SYS,APPLY$_AUTO_CDR_CG_UNQ1,SYS,APPLY$_AUTO_CDR_COLUMN_GROUPS,2,COLUMN_GROUP_NAME,ASC
SYS,APPLY$_AUTO_CDR_CG_UNQ2,SYS,APPLY$_AUTO_CDR_COLUMN_GROUPS,1,OBJ#,ASC
SYS,APPLY$_AUTO_CDR_CG_UNQ2,SYS,APPLY$_AUTO_CDR_COLUMN_GROUPS,2,COLUMN_GROUP_ID,ASC
SYS,APPLY$_BATCH_SQL_STATS_I,SYS,APPLY$_BATCH_SQL_STATS,1,APPLY#,ASC
SYS,APPLY$_BATCH_SQL_STATS_I,SYS,APPLY$_BATCH_SQL_STATS,2,SERVER_ID,ASC
SYS,APPLY$_BATCH_SQL_STATS_I,SYS,APPLY$_BATCH_SQL_STATS,3,SAVE_TIME,ASC
SYS,APPLY$_CDR_INFO_UNQ1,SYS,APPLY$_CDR_INFO,1,LOCAL_TRANSACTION_ID,ASC
SYS,APPLY$_CDR_INFO_UNQ1,SYS,APPLY$_CDR_INFO,2,SEQ#,ASC
SYS,APPLY$_CDR_INFO_UNQ1,SYS,APPLY$_CDR_INFO,3,RBA,ASC
SYS,APPLY$_CDR_INFO_UNQ1,SYS,APPLY$_CDR_INFO,4,INDEX#,ASC
SYS,APPLY$_CONF_HDLR_COLUMNS_UNQ1,SYS,APPLY$_CONF_HDLR_COLUMNS,1,OBJECT_NUMBER,ASC
SYS,APPLY$_CONF_HDLR_COLUMNS_UNQ1,SYS,APPLY$_CONF_HDLR_COLUMNS,2,COLUMN_NAME,ASC
SYS,APPLY$_CONF_HDLR_COLUMNS_UNQ2,SYS,APPLY$_CONF_HDLR_COLUMNS,1,RESOLUTION_ID,ASC
SYS,APPLY$_CONF_HDLR_COLUMNS_UNQ2,SYS,APPLY$_CONF_HDLR_COLUMNS,2,COLUMN_NAME,ASC
SYS,APPLY$_CONSTRAINT_COLUMNS_IDX1,SYS,APPLY$_CONSTRAINT_COLUMNS,1,CONSTRAINT_NAME,ASC
SYS,APPLY$_CONSTRAINT_COLUMNS_UIX1,SYS,APPLY$_CONSTRAINT_COLUMNS,1,OWNER,ASC
SYS,APPLY$_CONSTRAINT_COLUMNS_UIX1,SYS,APPLY$_CONSTRAINT_COLUMNS,2,NAME,ASC
SYS,APPLY$_CONSTRAINT_COLUMNS_UIX1,SYS,APPLY$_CONSTRAINT_COLUMNS,3,CONSTRAINT_NAME,ASC
SYS,APPLY$_CONSTRAINT_COLUMNS_UIX1,SYS,APPLY$_CONSTRAINT_COLUMNS,4,CNAME,ASC
SYS,APPLY$_COORDINATOR_STATS_I,SYS,APPLY$_COORDINATOR_STATS,1,APPLY#,ASC
SYS,APPLY$_COORDINATOR_STATS_I,SYS,APPLY$_COORDINATOR_STATS,2,SAVE_TIME,ASC
SYS,APPLY$_ERROR_HANDLER_UNQ,SYS,APPLY$_ERROR_HANDLER,1,RESOLUTION_ID,ASC
SYS,APPLY$_PROCEDURE_STATS_I,SYS,APPLY$_PROCEDURE_STATS,1,APPLY#,ASC
SYS,APPLY$_PROCEDURE_STATS_I,SYS,APPLY$_PROCEDURE_STATS,2,SAVE_TIME,ASC
SYS,APPLY$_READER_STATS_I,SYS,APPLY$_READER_STATS,1,APPLY#,ASC
SYS,APPLY$_READER_STATS_I,SYS,APPLY$_READER_STATS,2,SAVE_TIME,ASC
SYS,APPLY$_SERVER_STATS_I,SYS,APPLY$_SERVER_STATS,1,APPLY#,ASC
SYS,APPLY$_SERVER_STATS_I,SYS,APPLY$_SERVER_STATS,2,SERVER_ID,ASC
SYS,APPLY$_SERVER_STATS_I,SYS,APPLY$_SERVER_STATS,3,SAVE_TIME,ASC
SYS,APPLY$_TABLE_STATS_I,SYS,APPLY$_TABLE_STATS,1,APPLY#,ASC
SYS,APPLY$_TABLE_STATS_I,SYS,APPLY$_TABLE_STATS,2,SAVE_TIME,ASC
SYS,AQ$_AQ_EVENT_TABLE_I,SYS,AQ_EVENT_TABLE,1,Q_NAME,ASC
SYS,AQ$_AQ_EVENT_TABLE_I,SYS,AQ_EVENT_TABLE,2,STATE,ASC
SYS,AQ$_AQ_EVENT_TABLE_I,SYS,AQ_EVENT_TABLE,3,ENQ_TIME,ASC
SYS,AQ$_AQ_EVENT_TABLE_I,SYS,AQ_EVENT_TABLE,4,STEP_NO,ASC
SYS,AQ$_AQ_EVENT_TABLE_I,SYS,AQ_EVENT_TABLE,5,CHAIN_NO,ASC
SYS,AQ$_AQ_EVENT_TABLE_I,SYS,AQ_EVENT_TABLE,6,LOCAL_ORDER_NO,ASC
SYS,AQ$_AQ_EVENT_TABLE_T,SYS,AQ_EVENT_TABLE,1,TIME_MANAGER_INFO,ASC
SYS,AQ$_CQN_EVENT_TABLE_I,SYS,CQN_EVENT_TABLE,1,Q_NAME,ASC
SYS,AQ$_CQN_EVENT_TABLE_I,SYS,CQN_EVENT_TABLE,2,STATE,ASC
SYS,AQ$_CQN_EVENT_TABLE_I,SYS,CQN_EVENT_TABLE,3,ENQ_TIME,ASC
SYS,AQ$_CQN_EVENT_TABLE_I,SYS,CQN_EVENT_TABLE,4,STEP_NO,ASC
SYS,AQ$_CQN_EVENT_TABLE_I,SYS,CQN_EVENT_TABLE,5,CHAIN_NO,ASC
SYS,AQ$_CQN_EVENT_TABLE_I,SYS,CQN_EVENT_TABLE,6,LOCAL_ORDER_NO,ASC
SYS,AQ$_CQN_EVENT_TABLE_T,SYS,CQN_EVENT_TABLE,1,TIME_MANAGER_INFO,ASC
SYS,AQ$_DEQ_LOG_PARTITION_MAP_IDX,SYS,AQ$_DEQUEUE_LOG_PARTITION_MAP,1,QUEUE,ASC
SYS,AQ$_DEQ_LOG_PARTITION_MAP_IDX,SYS,AQ$_DEQUEUE_LOG_PARTITION_MAP,2,PARTITION#,ASC
SYS,AQ$_DEQ_LOG_PARTITION_MAP_IDX,SYS,AQ$_DEQUEUE_LOG_PARTITION_MAP,3,INSTANCE,ASC
SYS,AQ$_DEQ_LOG_PARTITION_MAP_IDX,SYS,AQ$_DEQUEUE_LOG_PARTITION_MAP,4,QUEUE_PART#,ASC
SYS,AQ$_DEQ_LOG_PARTITION_MAP_IDX,SYS,AQ$_DEQUEUE_LOG_PARTITION_MAP,5,SUBSCRIBER_ID,ASC
SYS,AQ$_DURABLE_SUBS_PRIMARY,SYS,AQ$_DURABLE_SUBS,1,QUEUE_ID,ASC
SYS,AQ$_DURABLE_SUBS_PRIMARY,SYS,AQ$_DURABLE_SUBS,2,SUBSCRIBER_ID,ASC
SYS,AQ$_E_QUEUE_PARTITION_MAP_IDX,SYS,AQ$_E_QUEUE_PARTITION_MAP,1,QUEUE,ASC
SYS,AQ$_E_QUEUE_PARTITION_MAP_IDX,SYS,AQ$_E_QUEUE_PARTITION_MAP,2,SHARD,ASC
SYS,AQ$_E_QUEUE_PARTITION_MAP_IDX,SYS,AQ$_E_QUEUE_PARTITION_MAP,3,SUBSHARD,ASC
SYS,AQ$_E_QUEUE_PARTITION_MAP_IDX,SYS,AQ$_E_QUEUE_PARTITION_MAP,4,EXSHARD,ASC
SYS,AQ$_E_QUEUE_PARTITION_MAP_IDX,SYS,AQ$_E_QUEUE_PARTITION_MAP,5,EXSUBSHARD,ASC
SYS,AQ$_E_QUEUE_PARTITION_MAP_IDX,SYS,AQ$_E_QUEUE_PARTITION_MAP,6,PARTNAME,ASC
SYS,AQ$_MSGTYPES_UNIQUE,SYS,AQ$_MESSAGE_TYPES,1,QUEUE_OID,ASC
SYS,AQ$_MSGTYPES_UNIQUE,SYS,AQ$_MESSAGE_TYPES,2,SCHEMA_NAME,ASC
SYS,AQ$_MSGTYPES_UNIQUE,SYS,AQ$_MESSAGE_TYPES,3,QUEUE_NAME,ASC
SYS,AQ$_MSGTYPES_UNIQUE,SYS,AQ$_MESSAGE_TYPES,4,DESTINATION,ASC
SYS,AQ$_MSGTYPES_UNIQUE,SYS,AQ$_MESSAGE_TYPES,5,TRANS_NAME,ASC
SYS,AQ$_PENDING_MESSAGES_I,SYS,AQ$_PENDING_MESSAGES,1,SEQUENCE,ASC
SYS,AQ$_PROPAGATION_STATUS_PRIMARY,SYS,AQ$_PROPAGATION_STATUS,1,QUEUE_ID,ASC
SYS,AQ$_PROPAGATION_STATUS_PRIMARY,SYS,AQ$_PROPAGATION_STATUS,2,DESTINATION,ASC
SYS,AQ$_PROPAGATION_STATUS_PRIMARY,SYS,AQ$_PROPAGATION_STATUS,3,DESTQUEUE_ID,ASC
SYS,AQ$_QTABLE_AFFINITIES_PK,SYS,AQ$_QUEUE_TABLE_AFFINITIES,1,TABLE_OBJNO,ASC
SYS,AQ$_QUEUE_PARTITION_MAP_IDX,SYS,AQ$_QUEUE_PARTITION_MAP,1,QUEUE,ASC
SYS,AQ$_QUEUE_PARTITION_MAP_IDX,SYS,AQ$_QUEUE_PARTITION_MAP,2,PARTITION#,ASC
SYS,AQ$_QUEUE_PARTITION_MAP_IDX,SYS,AQ$_QUEUE_PARTITION_MAP,3,INSTANCE,ASC
SYS,AQ$_QUEUE_PARTITION_MAP_IDX,SYS,AQ$_QUEUE_PARTITION_MAP,4,PRIORITY,ASC
SYS,AQ$_QUEUE_PARTITION_MAP_IDX,SYS,AQ$_QUEUE_PARTITION_MAP,5,SHARD,ASC
SYS,AQ$_QUEUE_PARTITION_MAP_IDX,SYS,AQ$_QUEUE_PARTITION_MAP,6,SUBSHARD,ASC
SYS,AQ$_QUEUE_SHARD_PK,SYS,AQ$_QUEUE_SHARDS,1,QUEUE,ASC
SYS,AQ$_QUEUE_SHARD_PK,SYS,AQ$_QUEUE_SHARDS,2,SHARD,ASC
SYS,AQ$_QUEUE_STATITICS_PK,SYS,AQ$_QUEUE_STATISTICS,1,EVENTID,ASC
SYS,AQ$_SCHEDULES_PRIMARY,SYS,AQ$_SCHEDULES,1,OID,ASC
SYS,AQ$_SCHEDULES_PRIMARY,SYS,AQ$_SCHEDULES,2,DESTINATION,ASC
SYS,AQ$_SCHEDULES_PRIMARY,SYS,AQ$_SCHEDULES,3,JOB_NAME,ASC
SYS,AQ$_SUBSCRIBER_LWM_UNIQUE,SYS,AQ$_SUBSCRIBER_LWM,1,QUEUE_ID,ASC
SYS,AQ$_SUBSCRIBER_LWM_UNIQUE,SYS,AQ$_SUBSCRIBER_LWM,2,SHARD_ID,ASC
SYS,AQ$_SUBSCRIBER_LWM_UNIQUE,SYS,AQ$_SUBSCRIBER_LWM,3,PRIORITY,ASC
SYS,AQ$_SUBSCRIBER_LWM_UNIQUE,SYS,AQ$_SUBSCRIBER_LWM,4,SUBSCRIBER_ID,ASC
SYS,AQ$_SUBSCRIBER_TABLE_I,SYS,AQ$_SUBSCRIBER_TABLE,1,SUBSCRIBER_TYPE,ASC
SYS,AQ$_SUBSCRIBER_TABLE_PRIMARY,SYS,AQ$_SUBSCRIBER_TABLE,1,TABLE_OBJNO,ASC
SYS,AQ$_SUBSCRIBER_TABLE_PRIMARY,SYS,AQ$_SUBSCRIBER_TABLE,2,SUBSCRIBER_ID,ASC
SYS,ASSOC1,SYS,ASSOCIATION$,1,OBJ#,ASC
SYS,ASSOC1,SYS,ASSOCIATION$,2,INTCOL#,ASC
SYS,ASSOC2,SYS,ASSOCIATION$,1,STATSTYPE#,ASC
SYS,ATEMPIND$,SYS,ATEMPTAB$,1,ID,ASC
SYS,ATSK$_SCHEDULE_CONTROL_PK,SYS,ATSK$_SCHEDULE_CONTROL,1,DBID,ASC
SYS,ATSK$_SCHEDULE_CONTROL_PK,SYS,ATSK$_SCHEDULE_CONTROL,2,ATSKID,ASC
SYS,ATSK$_SCHEDULE_CONTROL_PK,SYS,ATSK$_SCHEDULE_CONTROL,3,INSTANCE_NUMBER,ASC
SYS,ATSK$_SETTINGS_PK,SYS,ATSK$_SETTINGS,1,DBID,ASC
SYS,ATSK$_SETTINGS_PK,SYS,ATSK$_SETTINGS,2,ATSKID,ASC
SYS,ATSK$_TRACK_DBID_UNIQUE,SYS,ATSK$_TRACK_DBID,1,SYS_NC00002$,ASC
SYS,ATTRIBUTE_TRANSFORMATIONS_PK,SYS,ATTRIBUTE_TRANSFORMATIONS$,1,TRANSFORMATION_ID,ASC
SYS,ATTRIBUTE_TRANSFORMATIONS_PK,SYS,ATTRIBUTE_TRANSFORMATIONS$,2,ATTRIBUTE_NUMBER,ASC
SYS,AWCREATE_I$,SYS,AW$AWCREATE,1,PS#,ASC
SYS,AWCREATE_I$,SYS,AW$AWCREATE,2,GEN#,ASC
SYS,AWCREATE_I$,SYS,AW$AWCREATE,3,EXTNUM,ASC
SYS,AWCREATE10G_I$,SYS,AW$AWCREATE10G,1,PS#,ASC
SYS,AWCREATE10G_I$,SYS,AW$AWCREATE10G,2,GEN#,ASC
SYS,AWCREATE10G_I$,SYS,AW$AWCREATE10G,3,EXTNUM,ASC
SYS,AW_IND$,SYS,AW$,1,AWNAME,ASC
SYS,AW_IND$,SYS,AW$,2,OWNER#,ASC
SYS,AWMD_I$,SYS,AW$AWMD,1,PS#,ASC
SYS,AWMD_I$,SYS,AW$AWMD,2,GEN#,ASC
SYS,AWMD_I$,SYS,AW$AWMD,3,EXTNUM,ASC
SYS,AWREPORT_I$,SYS,AW$AWREPORT,1,PS#,ASC
SYS,AWREPORT_I$,SYS,AW$AWREPORT,2,GEN#,ASC
SYS,AWREPORT_I$,SYS,AW$AWREPORT,3,EXTNUM,ASC
SYS,AWXML_I$,SYS,AW$AWXML,1,PS#,ASC
SYS,AWXML_I$,SYS,AW$AWXML,2,GEN#,ASC
SYS,AWXML_I$,SYS,AW$AWXML,3,EXTNUM,ASC
SYS,BC_ATTRIBUTE$_PK,SYS,BC_ATTRIBUTE$,1,BC_GUID,ASC
SYS,BC_ATTRIBUTE$_PK,SYS,BC_ATTRIBUTE$,2,EPOCH#,ASC
SYS,BC_CHAIN$_PK,SYS,BC_CHAIN$,1,BC_GUID,ASC
SYS,BC_CHAIN$_PK,SYS,BC_CHAIN$,2,CHAIN_GUID,ASC
SYS,BC_CHAIN$_UK,SYS,BC_CHAIN$,1,BC_GUID,ASC
SYS,BC_CHAIN$_UK,SYS,BC_CHAIN$,2,CHAIN#,ASC
SYS,BC_PEER$_PK,SYS,BC_PEER$,1,USER#,ASC
SYS,BC_PEER$_PK,SYS,BC_PEER$,2,GLOBAL_NAME,ASC
SYS,BC$_PK,SYS,BC$,1,BC_GUID,ASC
SYS,BC_TOMBSTONE$_PK,SYS,BC_TOMBSTONE$,1,USERID,ASC
SYS,BC_TOMBSTONE$_PK,SYS,BC_TOMBSTONE$,2,CONSTRAINT_NAME,ASC
SYS,BDSQL_USER_MAP_UX,SYS,BDSQL_USER_MAP,1,CLUSTER_NAME,ASC
SYS,BDSQL_USER_MAP_UX,SYS,BDSQL_USER_MAP,2,CURRENT_DATABASE_USER,ASC
SYS,BLOCKCHAIN_TABLE_CHAIN$_IDX,SYS,BLOCKCHAIN_TABLE_CHAIN$,1,OBJ#,ASC
SYS,BLOCKCHAIN_TABLE_CHAIN$_IDX,SYS,BLOCKCHAIN_TABLE_CHAIN$,2,INST_ID,ASC
SYS,BLOCKCHAIN_TABLE_CHAIN$_IDX,SYS,BLOCKCHAIN_TABLE_CHAIN$,3,CHAIN_ID,ASC
SYS,BLOCKCHAIN_TABLE_EPOCH$_IDX,SYS,BLOCKCHAIN_TABLE_EPOCH$,1,OBJ#,ASC
SYS,BLOCKCHAIN_TABLE_EPOCH$_IDX,SYS,BLOCKCHAIN_TABLE_EPOCH$,2,EPOCH#,ASC
SYS,BLOCKCHAIN_TABLE_IDX$,SYS,BLOCKCHAIN_TABLE$,1,OBJ#,ASC
SYS,C_ADO_IMPARAM,SYS,ADO_IMPARAM$,1,PARAM#,ASC
SYS,CAPTURE_PK,SYS,PRIV_CAPTURE$,1,NAME,ASC
SYS,C_ILM_ATTRIBUTE,SYS,ILM_CONCURRENCY$,1,ATTRIBUTE,ASC
SYS,C_ILM_PARAM,SYS,ILM_PARAM$,1,PARAM#,ASC
SYS,CLI_INST$PK,SYS,CLI_INST$,1,GUID,ASC
SYS,CLI_INST$PK,SYS,CLI_INST$,2,USER#,ASC
SYS,CLI_INST$PK,SYS,CLI_INST$,3,LOG#,ASC
SYS,CLI_INST$PK,SYS,CLI_INST$,4,INST#,ASC
SYS,CLI_LOG$PK,SYS,CLI_LOG$,1,GUID,ASC
SYS,CLI_LOG$PK,SYS,CLI_LOG$,2,USER#,ASC
SYS,CLI_LOG$PK,SYS,CLI_LOG$,3,NAME,ASC
SYS,CLI_PART$PK,SYS,CLI_PART$,1,GUID,ASC
SYS,CLI_PART$PK,SYS,CLI_PART$,2,USER#,ASC
SYS,CLI_PART$PK,SYS,CLI_PART$,3,LOG#,ASC
SYS,CLI_PART$PK,SYS,CLI_PART$,4,TAB#,ASC
SYS,CLI_PART$PK,SYS,CLI_PART$,5,PART#,ASC
SYS,CLI_TAB$PK,SYS,CLI_TAB$,1,GUID,ASC
SYS,CLI_TAB$PK,SYS,CLI_TAB$,2,USER#,ASC
SYS,CLI_TAB$PK,SYS,CLI_TAB$,3,LOG#,ASC
SYS,CLI_TAB$PK,SYS,CLI_TAB$,4,TAB#,ASC
SYS,CLI_TS$PK,SYS,CLI_TS$,1,GUID,ASC
SYS,CLI_TS$PK,SYS,CLI_TS$,2,USER#,ASC
SYS,CLI_TS$PK,SYS,CLI_TS$,3,LOG#,ASC
SYS,CLI_TS$PK,SYS,CLI_TS$,4,TS#,ASC
SYS,CMPCOL_UNIQ_IDX1,SYS,COMPARISON_COL$,1,COMPARISON_ID,ASC
SYS,CMPCOL_UNIQ_IDX1,SYS,COMPARISON_COL$,2,COL_POSITION,ASC
SYS,CMPCOL_UNIQ_IDX1,SYS,COMPARISON_COL$,3,COL_NAME,ASC
SYS,CMP_ROW_DIF_UNIQ_IDX_1,SYS,COMPARISON_ROW_DIF$,1,COMPARISON_ID,ASC
SYS,CMP_ROW_DIF_UNIQ_IDX_1,SYS,COMPARISON_ROW_DIF$,2,SCAN_ID,ASC
SYS,CMP_ROW_DIF_UNIQ_IDX_1,SYS,COMPARISON_ROW_DIF$,3,LOC_ROWID,ASC
SYS,CMP_ROW_DIF_UNIQ_IDX_1,SYS,COMPARISON_ROW_DIF$,4,RMT_ROWID,ASC
SYS,CMP_ROW_DIF_UNIQ_IDX_2,SYS,COMPARISON_ROW_DIF$,1,COMPARISON_ID,ASC
SYS,CMP_ROW_DIF_UNIQ_IDX_2,SYS,COMPARISON_ROW_DIF$,2,SCAN_ID,ASC
SYS,CMP_ROW_DIF_UNIQ_IDX_2,SYS,COMPARISON_ROW_DIF$,3,RMT_ROWID,ASC
SYS,CMP_ROW_DIF_UNIQ_IDX_2,SYS,COMPARISON_ROW_DIF$,4,LOC_ROWID,ASC
SYS,CMP_SCAN_UNIQ_IDX,SYS,COMPARISON_SCAN$,1,COMPARISON_ID,ASC
SYS,CMP_SCAN_UNIQ_IDX,SYS,COMPARISON_SCAN$,2,SCAN_ID,ASC
SYS,CMP_SCAN_VAL_UNIQ_IDX,SYS,COMPARISON_SCAN_VAL$,1,COMPARISON_ID,ASC
SYS,CMP_SCAN_VAL_UNIQ_IDX,SYS,COMPARISON_SCAN_VAL$,2,SCAN_ID,ASC
SYS,CMP_SCAN_VAL_UNIQ_IDX,SYS,COMPARISON_SCAN_VAL$,3,COLUMN_POSITION,ASC
SYS,CMP_UNIQ_IDX1,SYS,COMPARISON$,1,COMPARISON_ID,ASC
SYS,CMP_UNIQ_IDX2,SYS,COMPARISON$,1,COMPARISON_NAME,ASC
SYS,COLLELEMIND,SYS,COLLECTION$,1,ELEM_TOID,ASC
SYS,COLLIND,SYS,COLLECTION$,1,COLL_TOID,ASC
SYS,CONS_ATTR$_PK,SYS,CONS_ATTR$,1,LOG_GUID,ASC
SYS,CONS_ATTR$_PK,SYS,CONS_ATTR$,2,ATTR_ID,ASC
SYS,CONS_ATTR$_PK,SYS,CONS_ATTR$,3,EPOCH_NUM,ASC
SYS,CONS_LOG$_PK,SYS,CONS_LOG$,1,LOG_GUID,ASC
SYS,CONS_PEER$_PK,SYS,CONS_PEER$,1,LOG_GUID,ASC
SYS,CONS_PEER$_PK,SYS,CONS_PEER$,2,PEER_ID,ASC
SYS,CONS_PEER$_PK,SYS,CONS_PEER$,3,EPOCH_NUM,ASC
SYS,CPOOL$_UI,SYS,CPOOL$,1,CONNECTION_POOL_NAME,ASC
SYS,CRC$_RCSTATSPK,SYS,CRC$_RESULT_CACHE_STATS,1,CACHE_ID,ASC
SYS,CRC$_RCSTATSPK,SYS,CRC$_RESULT_CACHE_STATS,2,STAT_ID,ASC
SYS,DATA_GUARD_SITE$UK,SYS,DATA_GUARD_SITE$,1,DB_UNIQUE_NAME,ASC
SYS,DBMS_LOCK_EXPIRATION_IND,SYS,DBMS_LOCK_ALLOCATED,1,EXPIRATION,ASC
SYS,DBMS_SQLPATCH_STATE_PK,SYS,DBMS_SQLPATCH_STATE,1,S_CURRENT_PATCH_ID,ASC
SYS,DBMS_SQLPATCH_STATE_PK,SYS,DBMS_SQLPATCH_STATE,2,S_CURRENT_PATCH_UID,ASC
SYS,DEPENDENCIES_PK,SYS,REGISTRY$DEPENDENCIES,1,NAMESPACE,ASC
SYS,DEPENDENCIES_PK,SYS,REGISTRY$DEPENDENCIES,2,CID,ASC
SYS,DEPENDENCIES_PK,SYS,REGISTRY$DEPENDENCIES,3,REQ_NAMESPACE,ASC
SYS,DEPENDENCIES_PK,SYS,REGISTRY$DEPENDENCIES,4,REQ_CID,ASC
SYS,DESCRIPTION_UNIQUE,SYS,SESSION_TEMPLATE_SPARES$,1,DESCRIPTION,ASC
SYS,DGPDB_SITE$PK,SYS,DGPDB_SITE$,1,CDBDBID,ASC
SYS,DGPDB_SITE$PK,SYS,DGPDB_SITE$,2,TYPE,ASC
SYS,DGPDB_SITE$PK,SYS,DGPDB_SITE$,3,PDBGUID,ASC
SYS,DGPDB_SITE$UK1,SYS,DGPDB_SITE$,1,CON_ID,ASC
SYS,DGPDB_SITE$UK1,SYS,DGPDB_SITE$,2,TYPE,ASC
SYS,DGPDB_SITE$UK1,SYS,DGPDB_SITE$,3,CDBDBID,ASC
SYS,ECOL_IX1,SYS,ECOL$,1,TABOBJ#,ASC
SYS,ECOL_IX1,SYS,ECOL$,2,COLNUM,ASC
SYS,ENC_IDX,SYS,ENC$,1,OBJ#,ASC
SYS,ENC_IDX,SYS,ENC$,2,OWNER#,ASC
SYS,EPG$_AUTH_PK,SYS,EPG$_AUTH,1,DADNAME,ASC
SYS,EPG$_AUTH_PK,SYS,EPG$_AUTH,2,USER#,ASC
SYS,EXPRESS_I$,SYS,AW$EXPRESS,1,PS#,ASC
SYS,EXPRESS_I$,SYS,AW$EXPRESS,2,GEN#,ASC
SYS,EXPRESS_I$,SYS,AW$EXPRESS,3,EXTNUM,ASC
SYS,FOREIGN_REDO_SOURCE_PK1,SYS,FOREIGN_REDO_SOURCE,1,CFG_NAME,ASC
SYS,FOREIGN_REDO_SOURCE_UK1,SYS,FOREIGN_REDO_SOURCE,1,TENANT_KEY,ASC
SYS,FOREIGN_REDO_SOURCE_UK1,SYS,FOREIGN_REDO_SOURCE,2,CDB_DBID,ASC
SYS,FOREIGN_SOURCE_PARAMETER_PK,SYS,FOREIGN_REDO_SOURCE_PARAMETER,1,TENANT_KEY,ASC
SYS,FOREIGN_SOURCE_PARAMETER_PK,SYS,FOREIGN_REDO_SOURCE_PARAMETER,2,CDB_DBID,ASC
SYS,FOREIGN_SOURCE_PARAMETER_PK,SYS,FOREIGN_REDO_SOURCE_PARAMETER,3,INSTANCE,ASC
SYS,FOREIGN_SOURCE_PARAMETER_PK,SYS,FOREIGN_REDO_SOURCE_PARAMETER,4,NAME,ASC
SYS,GOLDENGATE$_PRIVILEGES_I,SYS,GOLDENGATE$_PRIVILEGES,1,USERNAME,ASC
SYS,GOLDENGATE$_PRIVILEGES_I,SYS,GOLDENGATE$_PRIVILEGES,2,PRIVILEGE_TYPE,ASC
SYS,GOLDENGATE$_PRIVILEGES_I,SYS,GOLDENGATE$_PRIVILEGES,3,PRIVILEGE_LEVEL,ASC
SYS,HS$_BASE_CAPS_PK,SYS,HS$_BASE_CAPS,1,CAP_NUMBER,ASC
SYS,HS$_BASE_DD_PK,SYS,HS$_BASE_DD,1,DD_TABLE_ID,ASC
SYS,HS$_BASE_DD_UK1,SYS,HS$_BASE_DD,1,DD_TABLE_NAME,ASC
SYS,HS$_CLASS_CAPS_PK,SYS,HS$_CLASS_CAPS,1,FDS_CLASS_CAP_ID,ASC
SYS,HS$_CLASS_CAPS_UK1,SYS,HS$_CLASS_CAPS,1,FDS_CLASS_ID,ASC
SYS,HS$_CLASS_CAPS_UK1,SYS,HS$_CLASS_CAPS,2,CAP_NUMBER,ASC
SYS,HS$_CLASS_DD_PK,SYS,HS$_CLASS_DD,1,FDS_CLASS_DD_ID,ASC
SYS,HS$_CLASS_DD_UK1,SYS,HS$_CLASS_DD,1,FDS_CLASS_ID,ASC
SYS,HS$_CLASS_DD_UK1,SYS,HS$_CLASS_DD,2,DD_TABLE_ID,ASC
SYS,HS$_CLASS_INIT_PK,SYS,HS$_CLASS_INIT,1,FDS_CLASS_INIT_ID,ASC
SYS,HS$_CLASS_INIT_UK1,SYS,HS$_CLASS_INIT,1,FDS_CLASS_ID,ASC
SYS,HS$_CLASS_INIT_UK1,SYS,HS$_CLASS_INIT,2,INIT_VALUE_NAME,ASC
SYS,HS$_FDS_CLASS_DATE_UK1,SYS,HS$_FDS_CLASS_DATE,1,FDS_CLASS_ID,ASC
SYS,HS$_FDS_CLASS_PK,SYS,HS$_FDS_CLASS,1,FDS_CLASS_ID,ASC
SYS,HS$_FDS_CLASS_UK1,SYS,HS$_FDS_CLASS,1,FDS_CLASS_NAME,ASC
SYS,HS$_FDS_INST_PK,SYS,HS$_FDS_INST,1,FDS_INST_ID,ASC
SYS,HS$_FDS_INST_UK1,SYS,HS$_FDS_INST,1,FDS_INST_NAME,ASC
SYS,HS$_FDS_INST_UK1,SYS,HS$_FDS_INST,2,FDS_CLASS_ID,ASC
SYS,HS$_INST_CAPS_PK,SYS,HS$_INST_CAPS,1,FDS_INST_CAP_ID,ASC
SYS,HS$_INST_CAPS_UK1,SYS,HS$_INST_CAPS,1,FDS_INST_ID,ASC
SYS,HS$_INST_CAPS_UK1,SYS,HS$_INST_CAPS,2,CAP_NUMBER,ASC
SYS,HS$_INST_DD_PK,SYS,HS$_INST_DD,1,FDS_INST_DD_ID,ASC
SYS,HS$_INST_DD_UK1,SYS,HS$_INST_DD,1,FDS_INST_ID,ASC
SYS,HS$_INST_DD_UK1,SYS,HS$_INST_DD,2,DD_TABLE_ID,ASC
SYS,HS$_INST_INIT_PK,SYS,HS$_INST_INIT,1,FDS_INST_INIT_ID,ASC
SYS,HS$_INST_INIT_UK1,SYS,HS$_INST_INIT,1,FDS_INST_ID,ASC
SYS,HS$_INST_INIT_UK1,SYS,HS$_INST_INIT,2,INIT_VALUE_NAME,ASC
SYS,I_ACCESS1,SYS,ACCESS$,1,D_OBJ#,ASC
SYS,I_ACCESS1,SYS,ACCESS$,2,ORDER#,ASC
SYS,I_ACLMVREFSTAT$_1,SYS,ACLMVREFSTAT$,1,ACL_MVIEW_OBJ#,ASC
SYS,I_ACLMVSUBTBL$_1,SYS,ACLMVSUBTBL$,1,ACL_MVIEW_OBJ#,ASC
SYS,I_ACLMV$_1,SYS,ACLMV$,1,TABLE_OBJ#,ASC
SYS,I_ACLMV$_1,SYS,ACLMV$,2,ACL_MVIEW_OBJ#,ASC
SYS,I_ACTIVITY_MVIEW$_OBJ,SYS,ACTIVITY_MVIEW$,1,OBJ#,ASC
SYS,I_ACTIVITY_MVIEW$_OBJ,SYS,ACTIVITY_MVIEW$,2,SNAP_ID,ASC
SYS,I_ACTIVITY_MVIEW$_OBJ,SYS,ACTIVITY_MVIEW$,3,UCLASS,ASC
SYS,I_ACTIVITY_SNAP_META$_SNAP_ID,SYS,ACTIVITY_SNAP_META$,1,SNAP_ID,ASC
SYS,I_ACTIVITY_TABLE$_OBJ,SYS,ACTIVITY_TABLE$,1,OBJ#,ASC
SYS,I_ACTIVITY_TABLE$_OBJ,SYS,ACTIVITY_TABLE$,2,SNAP_ID,ASC
SYS,I_ACTIVITY_TABLE$_OBJ,SYS,ACTIVITY_TABLE$,3,UCLASS,ASC
SYS,I_ACTOBJ,SYS,EXPDEPACT$,1,OBJ#,ASC
SYS,I_ACTOBJ,SYS,EXPDEPACT$,2,PACKAGE,ASC
SYS,I_ACTOBJ,SYS,EXPDEPACT$,3,SCHEMA,ASC
SYS,I_ACTPACKAGE,SYS,EXPPKGACT$,1,PACKAGE,ASC
SYS,I_ACTPACKAGE,SYS,EXPPKGACT$,2,SCHEMA,ASC
SYS,I_ACTPACKAGE,SYS,EXPPKGACT$,3,CLASS,ASC
SYS,I_ADMINAUTH1,SYS,ADMINAUTH$,1,USER#,ASC
SYS,I_ADOIMSEGTD_ID,SYS,ADO_IMSEGTASKDETAILS$,1,TASK_ID,ASC
SYS,I_ADOIMSEGTD_OBJ,SYS,ADO_IMSEGTASKDETAILS$,1,OBJ#,ASC
SYS,I_ADOIMTASKS_ID,SYS,ADO_IMTASKS$,1,TASK_ID,ASC
SYS,I_APPLY_CHANGE_HANDLERS,SYS,APPLY$_CHANGE_HANDLERS,1,CHANGE_TABLE_OWNER,ASC
SYS,I_APPLY_CHANGE_HANDLERS,SYS,APPLY$_CHANGE_HANDLERS,2,CHANGE_TABLE_NAME,ASC
SYS,I_APPLY_CHANGE_HANDLERS,SYS,APPLY$_CHANGE_HANDLERS,3,SOURCE_TABLE_OWNER,ASC
SYS,I_APPLY_CHANGE_HANDLERS,SYS,APPLY$_CHANGE_HANDLERS,4,SOURCE_TABLE_NAME,ASC
SYS,I_APPLY_CHANGE_HANDLERS,SYS,APPLY$_CHANGE_HANDLERS,5,HANDLER_NAME,ASC
SYS,I_APPLY_CHANGE_HANDLERS,SYS,APPLY$_CHANGE_HANDLERS,6,APPLY_NAME,ASC
SYS,I_APPLY_CHANGE_HANDLERS,SYS,APPLY$_CHANGE_HANDLERS,7,OPERATION,ASC
SYS,I_APPLY_DEST_OBJ_CMAP1,SYS,APPLY$_DEST_OBJ_CMAP,1,DEST_ID,ASC
SYS,I_APPLY_DEST_OBJ_OPS1,SYS,APPLY$_DEST_OBJ_OPS,1,SNAME,ASC
SYS,I_APPLY_DEST_OBJ_OPS1,SYS,APPLY$_DEST_OBJ_OPS,2,ONAME,ASC
SYS,I_APPLY_DEST_OBJ_OPS1,SYS,APPLY$_DEST_OBJ_OPS,3,APPLY_OPERATION,ASC
SYS,I_APPLY_DEST_OBJ_OPS1,SYS,APPLY$_DEST_OBJ_OPS,4,APPLY_NAME,ASC
SYS,I_APPLY_DEST_OBJ_OPS1,SYS,APPLY$_DEST_OBJ_OPS,5,HANDLER_NAME,ASC
SYS,I_APPLY_DEST_OBJ1,SYS,APPLY$_DEST_OBJ,1,ID,ASC
SYS,I_APPLY_DEST_OBJ2,SYS,APPLY$_DEST_OBJ,1,SOURCE_OWNER,ASC
SYS,I_APPLY_DEST_OBJ2,SYS,APPLY$_DEST_OBJ,2,SOURCE_NAME,ASC
SYS,I_APPLY_DEST_OBJ2,SYS,APPLY$_DEST_OBJ,3,TYPE,ASC
SYS,I_APPLY_DEST_OBJ2,SYS,APPLY$_DEST_OBJ,4,APPLY#,ASC
SYS,I_APPLY_DEST_OBJ3,SYS,APPLY$_DEST_OBJ,1,OWNER,ASC
SYS,I_APPLY_DEST_OBJ3,SYS,APPLY$_DEST_OBJ,2,NAME,ASC
SYS,I_APPLY_DEST_OBJ3,SYS,APPLY$_DEST_OBJ,3,TYPE,ASC
SYS,I_APPLY_DEST_OBJ3,SYS,APPLY$_DEST_OBJ,4,APPLY#,ASC
SYS,I_APPLY_SOURCE_OBJ1,SYS,APPLY$_SOURCE_OBJ,1,ID,ASC
SYS,I_APPLY_SOURCE_OBJ2,SYS,APPLY$_SOURCE_OBJ,1,OWNER,ASC
SYS,I_APPLY_SOURCE_OBJ2,SYS,APPLY$_SOURCE_OBJ,2,NAME,ASC
SYS,I_APPLY_SOURCE_OBJ2,SYS,APPLY$_SOURCE_OBJ,3,TYPE,ASC
SYS,I_APPLY_SOURCE_OBJ2,SYS,APPLY$_SOURCE_OBJ,4,SOURCE_DB_NAME,ASC
SYS,I_APPLY_SOURCE_OBJ2,SYS,APPLY$_SOURCE_OBJ,5,DBLINK,ASC
SYS,I_APPLY_SOURCE_OBJ2,SYS,APPLY$_SOURCE_OBJ,6,SOURCE_ROOT_NAME,ASC
SYS,I_APPLY_SOURCE_SCHEMA1,SYS,APPLY$_SOURCE_SCHEMA,1,SOURCE_DB_NAME,ASC
SYS,I_APPLY_SOURCE_SCHEMA1,SYS,APPLY$_SOURCE_SCHEMA,2,GLOBAL_FLAG,ASC
SYS,I_APPLY_SOURCE_SCHEMA1,SYS,APPLY$_SOURCE_SCHEMA,3,NAME,ASC
SYS,I_APPLY_SOURCE_SCHEMA1,SYS,APPLY$_SOURCE_SCHEMA,4,DBLINK,ASC
SYS,I_APPLY_SOURCE_SCHEMA1,SYS,APPLY$_SOURCE_SCHEMA,5,SOURCE_ROOT_NAME,ASC
SYS,I_APPLY_VIRTUAL_OBJ_CONS,SYS,APPLY$_VIRTUAL_OBJ_CONS,1,OWNER,ASC
SYS,I_APPLY_VIRTUAL_OBJ_CONS,SYS,APPLY$_VIRTUAL_OBJ_CONS,2,NAME,ASC
SYS,I_APPLY_VIRTUAL_OBJ_CONS,SYS,APPLY$_VIRTUAL_OBJ_CONS,3,POWNER,ASC
SYS,I_APPLY_VIRTUAL_OBJ_CONS,SYS,APPLY$_VIRTUAL_OBJ_CONS,4,PNAME,ASC
SYS,I_APPROLE,SYS,APPROLE$,1,ROLE#,ASC
SYS,I_ARGUMENT1,SYS,ARGUMENT$,1,OBJ#,ASC
SYS,I_ARGUMENT1,SYS,ARGUMENT$,2,PROCEDURE$,ASC
SYS,I_ARGUMENT1,SYS,ARGUMENT$,3,OVERLOAD#,ASC
SYS,I_ARGUMENT1,SYS,ARGUMENT$,4,SEQUENCE#,ASC
SYS,I_ARGUMENT2,SYS,ARGUMENT$,1,OBJ#,ASC
SYS,I_ARGUMENT2,SYS,ARGUMENT$,2,PROCEDURE#,ASC
SYS,I_ARGUMENT2,SYS,ARGUMENT$,3,SEQUENCE#,ASC
SYS,I_ATTRCOL1,SYS,ATTRCOL$,1,OBJ#,ASC
SYS,I_ATTRCOL1,SYS,ATTRCOL$,2,INTCOL#,ASC
SYS,I_ATTRIBUTE1,SYS,ATTRIBUTE$,1,TOID,ASC
SYS,I_ATTRIBUTE1,SYS,ATTRIBUTE$,2,VERSION#,ASC
SYS,I_ATTRIBUTE1,SYS,ATTRIBUTE$,3,NAME,ASC
SYS,I_ATTRIBUTE2,SYS,ATTRIBUTE$,1,TOID,ASC
SYS,I_ATTRIBUTE2,SYS,ATTRIBUTE$,2,VERSION#,ASC
SYS,I_ATTRIBUTE2,SYS,ATTRIBUTE$,3,ATTRIBUTE#,ASC
SYS,I_AUD_CONTEXT,SYS,AUD_CONTEXT$,1,NAMESPACE,ASC
SYS,I_AUD_CONTEXT,SYS,AUD_CONTEXT$,2,ATTRIBUTE,ASC
SYS,I_AUD_CONTEXT,SYS,AUD_CONTEXT$,3,USER#,ASC
SYS,I_AUDIT,SYS,AUDIT$,1,USER#,ASC
SYS,I_AUDIT,SYS,AUDIT$,2,PROXY#,ASC
SYS,I_AUDIT,SYS,AUDIT$,3,OPTION#,ASC
SYS,I_AUDIT_ACTIONS,SYS,AUDIT_ACTIONS,1,ACTION,ASC
SYS,I_AUDIT_ACTIONS,SYS,AUDIT_ACTIONS,2,NAME,ASC
SYS,I_AUX_STATS$,SYS,AUX_STATS$,1,SNAME,ASC
SYS,I_AUX_STATS$,SYS,AUX_STATS$,2,PNAME,ASC
SYS,I_AVTUNE_AV_TUNING_1,SYS,AVTUNE_AV_TUNING$,1,OWNER,ASC
SYS,I_AVTUNE_AV_TUNING_1,SYS,AVTUNE_AV_TUNING$,2,AV_NAME,ASC
SYS,I_AVTUNE_DIM_CACHES_1,SYS,AVTUNE_DIM_CACHES$,1,OWNER,ASC
SYS,I_AVTUNE_DIM_CACHES_1,SYS,AVTUNE_DIM_CACHES$,2,DIM_NAME,ASC
SYS,I_AW_OBJ$,SYS,AW_OBJ$,1,AWSEQ#,ASC
SYS,I_AW_OBJ$,SYS,AW_OBJ$,2,OID,ASC
SYS,I_AW_OBJ$,SYS,AW_OBJ$,3,GEN#,ASC
SYS,I_AW_PRG$,SYS,AW_PRG$,1,AWSEQ#,ASC
SYS,I_AW_PRG$,SYS,AW_PRG$,2,OID,ASC
SYS,I_AW_PRG$,SYS,AW_PRG$,3,GEN#,ASC
SYS,I_AW_PRG$,SYS,AW_PRG$,4,STM#,ASC
SYS,I_AW_PROP$,SYS,AW_PROP$,1,AWSEQ#,ASC
SYS,I_AW_PROP$,SYS,AW_PROP$,2,OID,ASC
SYS,I_AW_PROP$,SYS,AW_PROP$,3,PROPNAME,ASC
SYS,I_AW_PROP$,SYS,AW_PROP$,4,GEN#,ASC
SYS,I_AW_TRACK$,SYS,AW_TRACK$,1,AWSEQ#,ASC
SYS,I_AW_TRACK$,SYS,AW_TRACK$,2,OID,ASC
SYS,I_AW_TRACK$,SYS,AW_TRACK$,3,KEY0,ASC
SYS,I_AW_TRACK$,SYS,AW_TRACK$,4,KEY1,ASC
SYS,I_AW_TRACK$,SYS,AW_TRACK$,5,KEY2,ASC
SYS,I_AW_TRACK$,SYS,AW_TRACK$,6,KEY3,ASC
SYS,I_AW_TRACK$,SYS,AW_TRACK$,7,KEY4,ASC
SYS,I_AW_TRACK$,SYS,AW_TRACK$,8,KEY5,ASC
SYS,I_AW_TRACK$,SYS,AW_TRACK$,9,KEY6,ASC
SYS,I_AW_TRACK$,SYS,AW_TRACK$,10,KEY7,ASC
SYS,I_AW_TRACK$,SYS,AW_TRACK$,11,KEY8,ASC
SYS,I_AW_TRACK$,SYS,AW_TRACK$,12,KEY9,ASC
SYS,I_AW_TRACK$,SYS,AW_TRACK$,13,KEY10,ASC
SYS,I_AW_TRACK$,SYS,AW_TRACK$,14,KEY11,ASC
SYS,I_AW_TRACK$,SYS,AW_TRACK$,15,KEY12,ASC
SYS,I_AW_TRACK$,SYS,AW_TRACK$,16,KEY13,ASC
SYS,I_AW_TRACK$,SYS,AW_TRACK$,17,KEY14,ASC
SYS,I_AW_TRACK$,SYS,AW_TRACK$,18,KEY15,ASC
SYS,I_AW_TRACK$,SYS,AW_TRACK$,19,KEY16,ASC
SYS,I_AW_TRACK$,SYS,AW_TRACK$,20,KEY17,ASC
SYS,I_AW_TRACK$,SYS,AW_TRACK$,21,KEY18,ASC
SYS,I_AW_TRACK$,SYS,AW_TRACK$,22,KEY19,ASC
SYS,I_AW_TRACK$,SYS,AW_TRACK$,23,KEY20,ASC
SYS,I_AW_TRACK$,SYS,AW_TRACK$,24,KEY21,ASC
SYS,I_AW_TRACK$,SYS,AW_TRACK$,25,KEY22,ASC
SYS,I_AW_TRACK$,SYS,AW_TRACK$,26,KEY23,ASC
SYS,I_AW_TRACK$,SYS,AW_TRACK$,27,KEY24,ASC
SYS,I_AW_TRACK$,SYS,AW_TRACK$,28,KEY25,ASC
SYS,I_AW_TRACK$,SYS,AW_TRACK$,29,KEY26,ASC
SYS,I_AW_TRACK$,SYS,AW_TRACK$,30,KEY27,ASC
SYS,I_AW_TRACK$,SYS,AW_TRACK$,31,KEY28,ASC
SYS,I_AW_TRACK$,SYS,AW_TRACK$,32,KEY29,ASC
SYS,I_CACHE_STATS_0,SYS,CACHE_STATS_0$,1,DATAOBJ#,ASC
SYS,I_CACHE_STATS_0,SYS,CACHE_STATS_0$,2,INST_ID,ASC
SYS,I_CACHE_STATS_1,SYS,CACHE_STATS_1$,1,DATAOBJ#,ASC
SYS,I_CACHE_STATS_1,SYS,CACHE_STATS_1$,2,INST_ID,ASC
SYS,I_CCOL1,SYS,CCOL$,1,CON#,ASC
SYS,I_CCOL1,SYS,CCOL$,2,COL#,ASC
SYS,I_CCOL2,SYS,CCOL$,1,CON#,ASC
SYS,I_CCOL2,SYS,CCOL$,2,INTCOL#,ASC
SYS,I_CDBFILE1,SYS,CDB_FILE$,1,FILE#,ASC
SYS,I_CDBFILE1,SYS,CDB_FILE$,2,CON_ID#,ASC
SYS,I_CDBFILE2,SYS,CDB_FILE$,1,CON_ID#,ASC
SYS,I_CDB_LOCAL_ADMINAUTH_1,SYS,CDB_LOCAL_ADMINAUTH$,1,CON_UID,ASC
SYS,I_CDB_LOCAL_ADMINAUTH_1,SYS,CDB_LOCAL_ADMINAUTH$,2,GRANTEE$,ASC
SYS,I_CDBTS1,SYS,CDB_TS$,1,TS#,ASC
SYS,I_CDBTS1,SYS,CDB_TS$,2,CON_ID#,ASC
SYS,I_CDBVW_STATS$_OBJNAME,SYS,CDBVW_STATS$,1,OBJNAME,ASC
SYS,I_CDEF1,SYS,CDEF$,1,CON#,ASC
SYS,I_CDEF2,SYS,CDEF$,1,OBJ#,ASC
SYS,I_CDEF3,SYS,CDEF$,1,ROBJ#,ASC
SYS,I_CDEF4,SYS,CDEF$,1,ENABLED,ASC
SYS,I_CHNFDIRECTLOAD$,SYS,CHNFDIRECTLOAD$,1,TABLEOBJ#,ASC
SYS,I_CHNFDIRECTLOAD$,SYS,CHNFDIRECTLOAD$,2,XID,ASC
SYS,I_CHNFDIRECTLOAD$,SYS,CHNFDIRECTLOAD$,3,LOWROWID,ASC
SYS,I_CHNFDIRECTLOAD$,SYS,CHNFDIRECTLOAD$,4,HIGHROWID,ASC
SYS,I_CLST$,SYS,CLST$,1,CLSTOBJ#,ASC
SYS,I_CLSTDIMENSION$,SYS,CLSTDIMENSION$,1,CLSTOBJ#,ASC
SYS,I_CLSTJOIN$,SYS,CLSTJOIN$,1,CLSTOBJ#,ASC
SYS,I_CLSTKEY$,SYS,CLSTKEY$,1,CLSTOBJ#,ASC
SYS,I_COBJ#,SYS,C_COBJ#,1,OBJ#,ASC
SYS,I_CODEAUTH1,SYS,CODEAUTH$,1,OBJ#,ASC
SYS,I_CODEAUTH1,SYS,CODEAUTH$,2,PRIVILEGE#,ASC
SYS,I_COLLECTION1,SYS,COLLECTION$,1,TOID,ASC
SYS,I_COLLECTION1,SYS,COLLECTION$,2,VERSION#,ASC
SYS,I_COLLECTION1,SYS,COLLECTION$,3,PACKAGE_OBJ#,ASC
SYS,I_COLLECTION2,SYS,COLLECTION$,1,PACKAGE_OBJ#,ASC
SYS,I_COLLECTION2,SYS,COLLECTION$,2,ELEM_TOID,ASC
SYS,I_COLTYPE1,SYS,COLTYPE$,1,OBJ#,ASC
SYS,I_COLTYPE1,SYS,COLTYPE$,2,COL#,ASC
SYS,I_COLTYPE2,SYS,COLTYPE$,1,OBJ#,ASC
SYS,I_COLTYPE2,SYS,COLTYPE$,2,INTCOL#,ASC
SYS,I_COLUMNSTAT$,SYS,COLUMN_STAT$,1,OBJ#,ASC
SYS,I_COLUMNSTAT$,SYS,COLUMN_STAT$,2,COLID,ASC
SYS,I_COLUMNSTAT$,SYS,COLUMN_STAT$,3,STAT_TYPE,ASC
SYS,I_COL_USAGE$,SYS,COL_USAGE$,1,OBJ#,ASC
SYS,I_COL_USAGE$,SYS,COL_USAGE$,2,INTCOL#,ASC
SYS,I_COL1,SYS,COL$,1,OBJ#,ASC
SYS,I_COL1,SYS,COL$,2,NAME,ASC
SYS,I_COL2,SYS,COL$,1,OBJ#,ASC
SYS,I_COL2,SYS,COL$,2,COL#,ASC
SYS,I_COL3,SYS,COL$,1,OBJ#,ASC
SYS,I_COL3,SYS,COL$,2,INTCOL#,ASC
SYS,I_COMPRESSION1,SYS,COMPRESSION$,1,OBJ#,ASC
SYS,I_COMPRESSION1,SYS,COMPRESSION$,2,ULEVEL,ASC
SYS,I_COMPRESSION1,SYS,COMPRESSION$,3,MTIME,ASC
SYS,I_COM1,SYS,COM$,1,OBJ#,ASC
SYS,I_COM1,SYS,COM$,2,COL#,ASC
SYS,I_CONDATA1,SYS,CONDATA$,1,USER#,ASC
SYS,I_CONDATA1,SYS,CONDATA$,2,OBJ#,ASC
SYS,I_CONDATA1,SYS,CONDATA$,3,CON#,ASC
SYS,I_CONDATA2,SYS,CONDATA$,1,OBJ#,ASC
SYS,I_CONDATA3,SYS,CONDATA$,1,CON#,ASC
SYS,I_CONTAINER1,SYS,CONTAINER$,1,OBJ#,ASC
SYS,I_CONTAINER2,SYS,CONTAINER$,1,CON_ID#,ASC
SYS,I_CONTAINER3,SYS,CONTAINER$,1,CON_UID,ASC
SYS,I_CONTEXT,SYS,CONTEXT$,1,OBJ#,ASC
SYS,I_CON1,SYS,CON$,1,OWNER#,ASC
SYS,I_CON1,SYS,CON$,2,NAME,ASC
SYS,I_CON2,SYS,CON$,1,CON#,ASC
SYS,I_DAM_CONFIG_PARAM$,SYS,DAM_CONFIG_PARAM$,1,PARAM_ID,ASC
SYS,I_DAM_CONFIG_PARAM$,SYS,DAM_CONFIG_PARAM$,2,AUDIT_TRAIL_TYPE#,ASC
SYS,I_DAM_LAST_ARCH_TS$,SYS,DAM_LAST_ARCH_TS$,1,AUDIT_TRAIL_TYPE#,ASC
SYS,I_DAM_LAST_ARCH_TS$,SYS,DAM_LAST_ARCH_TS$,2,RAC_INSTANCE#,ASC
SYS,I_DAM_LAST_ARCH_TS$,SYS,DAM_LAST_ARCH_TS$,3,DATABASE_ID,ASC
SYS,I_DAM_LAST_ARCH_TS$,SYS,DAM_LAST_ARCH_TS$,4,CONTAINER_GUID,ASC
SYS,I_DATAFILE_NEW_LOST_WRT$_PKEY,SYS,NEW_LOST_WRITE_DATAFILES$,1,DATAFILE_TSID_TRACKED,ASC
SYS,I_DATAFILE_NEW_LOST_WRT$_PKEY,SYS,NEW_LOST_WRITE_DATAFILES$,2,DATAFILE_RFN_TRACKED,ASC
SYS,I_DBMS_PARALLEL_EXECUTE_CHUNKS,SYS,DBMS_PARALLEL_EXECUTE_CHUNKS$,1,TASK_OWNER#,ASC
SYS,I_DBMS_PARALLEL_EXECUTE_CHUNKS,SYS,DBMS_PARALLEL_EXECUTE_CHUNKS$,2,TASK_NAME,ASC
SYS,I_DBMS_PARALLEL_EXECUTE_CHUNKS,SYS,DBMS_PARALLEL_EXECUTE_CHUNKS$,3,STATUS,ASC
SYS,I_DBMS_PARALLEL_EXECUTE_CHUNK1,SYS,DBMS_PARALLEL_EXECUTE_CHUNKS$,1,CHUNK_ID,ASC
SYS,I_DEFAULT_PWD,SYS,DEFAULT_PWD$,1,USER_NAME,ASC
SYS,I_DEFAULT_PWD,SYS,DEFAULT_PWD$,2,PWD_VERIFIER,ASC
SYS,I_DEFERRED_STG1,SYS,DEFERRED_STG$,1,OBJ#,ASC
SYS,I_DEFROLE1,SYS,DEFROLE$,1,USER#,ASC
SYS,I_DEFROLE1,SYS,DEFROLE$,2,ROLE#,ASC
SYS,I_DEFSUBPART$,SYS,DEFSUBPART$,1,BO#,ASC
SYS,I_DEFSUBPART$,SYS,DEFSUBPART$,2,SPART_POSITION,ASC
SYS,I_DEFSUBPARTLOB$,SYS,DEFSUBPARTLOB$,1,BO#,ASC
SYS,I_DEFSUBPARTLOB$,SYS,DEFSUBPARTLOB$,2,INTCOL#,ASC
SYS,I_DEFSUBPARTLOB$,SYS,DEFSUBPARTLOB$,3,SPART_POSITION,ASC
SYS,I_DEPENDENCY1,SYS,DEPENDENCY$,1,D_OBJ#,ASC
SYS,I_DEPENDENCY1,SYS,DEPENDENCY$,2,D_TIMESTAMP,ASC
SYS,I_DEPENDENCY1,SYS,DEPENDENCY$,3,ORDER#,ASC
SYS,I_DEPENDENCY2,SYS,DEPENDENCY$,1,P_OBJ#,ASC
SYS,I_DEPENDENCY2,SYS,DEPENDENCY$,2,P_TIMESTAMP,ASC
SYS,I_DEPENDOBJ,SYS,EXPDEPOBJ$,1,D_OBJ#,ASC
SYS,I_DIANA_VERSION,SYS,DIANA_VERSION$,1,OBJ#,ASC
SYS,I_DIMATTR$_1,SYS,DIMATTR$,1,DIMOBJ#,ASC
SYS,I_DIMATTR$_1,SYS,DIMATTR$,2,LEVELID#,ASC
SYS,I_DIMATTR$_2,SYS,DIMATTR$,1,DETAILOBJ#,ASC
SYS,I_DIMATTR$_2,SYS,DIMATTR$,2,COL#,ASC
SYS,I_DIMJOINKEY$_1,SYS,DIMJOINKEY$,1,DIMOBJ#,ASC
SYS,I_DIMJOINKEY$_1,SYS,DIMJOINKEY$,2,JOINKEYID#,ASC
SYS,I_DIMJOINKEY$_2,SYS,DIMJOINKEY$,1,DETAILOBJ#,ASC
SYS,I_DIMJOINKEY$_2,SYS,DIMJOINKEY$,2,COL#,ASC
SYS,I_DIMLEVELKEY$_1,SYS,DIMLEVELKEY$,1,DIMOBJ#,ASC
SYS,I_DIMLEVELKEY$_1,SYS,DIMLEVELKEY$,2,LEVELID#,ASC
SYS,I_DIMLEVELKEY$_2,SYS,DIMLEVELKEY$,1,DETAILOBJ#,ASC
SYS,I_DIMLEVELKEY$_2,SYS,DIMLEVELKEY$,2,COL#,ASC
SYS,I_DIMLEVEL$_1,SYS,DIMLEVEL$,1,DIMOBJ#,ASC
SYS,I_DIMLEVEL$_1,SYS,DIMLEVEL$,2,LEVELID#,ASC
SYS,I_DIM$_1,SYS,DIM$,1,OBJ#,ASC
SYS,I_DIR$ALERT_HISTORY_ACTION_ID,SYS,DIR$ALERT_HISTORY,1,ACTION_ID,ASC
SYS,I_DIR$ALERT_HISTORY_AT,SYS,DIR$ALERT_HISTORY,1,ACTION_TIME,ASC
SYS,I_DIR$ALERT_HISTORY_NAME,SYS,DIR$ALERT_HISTORY,1,ALERT_NAME,ASC
SYS,I_DIR$ALERT_HISTORY_REASON_ID,SYS,DIR$ALERT_HISTORY,1,REASON_ID,ASC
SYS,I_DIR$DB_ATTRIBUTES_UI,SYS,DIR$DATABASE_ATTRIBUTES,1,DATABASE_NAME,ASC
SYS,I_DIR$DB_ATTRIBUTES_UI,SYS,DIR$DATABASE_ATTRIBUTES,2,ATTRIBUTE_NAME,ASC
SYS,I_DIR$ESCALATE_ALERT_SEQ_ID,SYS,DIR$ESCALATE_OPERATIONS,1,ALERT_SEQ_ID,ASC
SYS,I_DIR$ESCALATE_END_TIME,SYS,DIR$ESCALATE_OPERATIONS,1,END_TIME,ASC
SYS,I_DIR$ESCALATE_STATUS,SYS,DIR$ESCALATE_OPERATIONS,1,STATUS,ASC
SYS,I_DIR$ESCALATE_UI,SYS,DIR$ESCALATE_OPERATIONS,1,ESCALATION_ID,ASC
SYS,I_DIR$ESCALATE_UI,SYS,DIR$ESCALATE_OPERATIONS,2,STATUS,ASC
SYS,I_DIR$INSTANCE_ACTTYP,SYS,DIR$INSTANCE_ACTIONS,1,ACTION_TYPE,ASC
SYS,I_DIR$INSTANCE_END_TIME,SYS,DIR$INSTANCE_ACTIONS,1,END_TIME,ASC
SYS,I_DIR$INSTANCE_JOB_NAME,SYS,DIR$INSTANCE_ACTIONS,1,JOB_NAME,ASC
SYS,I_DIR$MIGRATE_ALERT_SEQ_ID,SYS,DIR$MIGRATE_OPERATIONS,1,ALERT_SEQ_ID,ASC
SYS,I_DIR$MIGRATE_END_TIME,SYS,DIR$MIGRATE_OPERATIONS,1,END_TIME,ASC
SYS,I_DIR$MIGRATE_STATUS,SYS,DIR$MIGRATE_OPERATIONS,1,STATUS,ASC
SYS,I_DIR$MIGRATE_UI,SYS,DIR$MIGRATE_OPERATIONS,1,JOB_NAME,ASC
SYS,I_DIR$MIGRATE_UI,SYS,DIR$MIGRATE_OPERATIONS,2,STATUS,ASC
SYS,I_DIR$NODE_ATTRIBUTES_ATTR,SYS,DIR$NODE_ATTRIBUTES,1,ATTRIBUTE_NAME,ASC
SYS,I_DIR$QUIESCE_ALERT_SEQ_ID,SYS,DIR$QUIESCE_OPERATIONS,1,ALERT_SEQ_ID,ASC
SYS,I_DIR$QUIESCE_END_TIME,SYS,DIR$QUIESCE_OPERATIONS,1,END_TIME,ASC
SYS,I_DIR$QUIESCE_STATUS,SYS,DIR$QUIESCE_OPERATIONS,1,STATUS,ASC
SYS,I_DIR$QUIESCE_UI,SYS,DIR$QUIESCE_OPERATIONS,1,JOB_NAME,ASC
SYS,I_DIR$QUIESCE_UI,SYS,DIR$QUIESCE_OPERATIONS,2,STATUS,ASC
SYS,I_DIR$REASON_STRINGS_UI,SYS,DIR$REASON_STRINGS,1,REASON_ID,ASC
SYS,I_DIR$RESONATE_ALERT_NAME,SYS,DIR$RESONATE_OPERATIONS,1,ALERT_NAME,ASC
SYS,I_DIR$RESONATE_END_TIME,SYS,DIR$RESONATE_OPERATIONS,1,END_TIME,ASC
SYS,I_DIR$RESONATE_STATUS,SYS,DIR$RESONATE_OPERATIONS,1,STATUS,ASC
SYS,I_DIR$RESONATE_UI,SYS,DIR$RESONATE_OPERATIONS,1,JOB_NAME,ASC
SYS,I_DIR$RESONATE_UI,SYS,DIR$RESONATE_OPERATIONS,2,STATUS,ASC
SYS,I_DIR$SERVICE_ALERT_SEQ_ID,SYS,DIR$SERVICE_OPERATIONS,1,ALERT_SEQ_ID,ASC
SYS,I_DIR$SERVICE_ATTRIBUTES_ATTR,SYS,DIR$SERVICE_ATTRIBUTES,1,ATTRIBUTE_NAME,ASC
SYS,I_DIR$SERVICE_ATTRIBUTES_UI,SYS,DIR$SERVICE_ATTRIBUTES,1,SERVICE_ID,ASC
SYS,I_DIR$SERVICE_ATTRIBUTES_UI,SYS,DIR$SERVICE_ATTRIBUTES,2,ATTRIBUTE_NAME,ASC
SYS,I_DIR$SERVICE_END_TIME,SYS,DIR$SERVICE_OPERATIONS,1,END_TIME,ASC
SYS,I_DIR$SERVICE_STATUS,SYS,DIR$SERVICE_OPERATIONS,1,STATUS,ASC
SYS,I_DIR$SERVICE_UI,SYS,DIR$SERVICE_OPERATIONS,1,JOB_NAME,ASC
SYS,I_DIR$SERVICE_UI,SYS,DIR$SERVICE_OPERATIONS,2,STATUS,ASC
SYS,I_DIR1,SYS,DIR$,1,OBJ#,ASC
SYS,I_DUC,SYS,DUC$,1,OWNER,ASC
SYS,I_DUC,SYS,DUC$,2,PACK,ASC
SYS,I_DUC,SYS,DUC$,3,PROC,ASC
SYS,I_DUC,SYS,DUC$,4,OPERATION#,ASC
SYS,IDX1_SVCOBJ$,SYS,SVCOBJ$,1,SERVICE_ID,ASC
SYS,IDX1_SVCOBJ_ACCESS$,SYS,SVCOBJ_ACCESS$,1,SERVICE_ID,ASC
SYS,IDX1_SVCOBJ_ACCESS$,SYS,SVCOBJ_ACCESS$,2,TSN,ASC
SYS,IDX1_SVCOBJ_ACCESS$,SYS,SVCOBJ_ACCESS$,3,OBJID,ASC
SYS,IDX1_SVCOBJ_CONFLICT$,SYS,SVCOBJ_CONFLICT$,1,SVC_ID1,ASC
SYS,IDX1_SVCOBJ_CONFLICT$,SYS,SVCOBJ_CONFLICT$,2,SVC_ID2,ASC
SYS,IDX1_SVCOBJ_CONFLICT$,SYS,SVCOBJ_CONFLICT$,3,TSN,ASC
SYS,IDX1_SVCOBJ_CONFLICT$,SYS,SVCOBJ_CONFLICT$,4,OBJID,ASC
SYS,I_ERROR1,SYS,ERROR$,1,OBJ#,ASC
SYS,I_ERROR1,SYS,ERROR$,2,SEQUENCE#,ASC
SYS,I_EVCOL1,SYS,EVCOL$,1,EV_OBJ#,ASC
SYS,I_EVCOL1,SYS,EVCOL$,2,EV_COL_ID,ASC
SYS,I_EV1,SYS,EV$,1,EV_OBJ#,ASC
SYS,I_EV2,SYS,EV$,1,BASE_TBL_OWNER#,ASC
SYS,I_EV2,SYS,EV$,2,BASE_TBL_NAME,ASC
SYS,I_EV2,SYS,EV$,3,EDITION_OBJ#,ASC
SYS,I_EXP_HEAD$,SYS,EXP_HEAD$,1,EXP_ID,ASC
SYS,I_EXP_OBJ$,SYS,EXP_OBJ$,1,OBJN,ASC
SYS,I_EXP_OBJ$,SYS,EXP_OBJ$,2,SNAPSHOT_ID,ASC
SYS,I_EXP_STAT$,SYS,EXP_STAT$,1,OBJN,ASC
SYS,I_EXP_STAT$,SYS,EXP_STAT$,2,SNAPSHOT_ID,ASC
SYS,I_EXTERNAL_LOCATION1$,SYS,EXTERNAL_LOCATION$,1,OBJ#,ASC
SYS,I_EXTERNAL_LOCATION1$,SYS,EXTERNAL_LOCATION$,2,POSITION,ASC
SYS,I_EXTERNAL_TAB1$,SYS,EXTERNAL_TAB$,1,OBJ#,ASC
SYS,I_FED_APPS$,SYS,FED$APPS,1,APP_STATUS,ASC
SYS,I_FED_BINDS$,SYS,FED$BINDS,1,APPID#,ASC
SYS,I_FED_BINDS$,SYS,FED$BINDS,2,SEQ#,ASC
SYS,I_FED_BINDS$,SYS,FED$BINDS,3,INC#,ASC
SYS,I_FED_BINDS$,SYS,FED$BINDS,4,BIND#,ASC
SYS,I_FED_PATCHES$,SYS,FED$PATCHES,1,APPID#,ASC
SYS,I_FED_PATCHES$,SYS,FED$PATCHES,2,PATCH#,ASC
SYS,I_FGA,SYS,FGA$,1,OBJ#,ASC
SYS,I_FGACOL,SYS,FGACOL$,1,OBJ#,ASC
SYS,I_FGACOL,SYS,FGACOL$,2,PNAME,ASC
SYS,I_FGACOL,SYS,FGACOL$,3,INTCOL#,ASC
SYS,I_FGAP,SYS,FGA$,1,OBJ#,ASC
SYS,I_FGAP,SYS,FGA$,2,PNAME,ASC
SYS,I_FGR$_FILE_GROUP_EXPORT_INFO1,SYS,FGR$_FILE_GROUP_EXPORT_INFO,1,VERSION_GUID,ASC
SYS,I_FGR$_FILE_GROUP_FILES1,SYS,FGR$_FILE_GROUP_FILES,1,FILE_NAME,ASC
SYS,I_FGR$_FILE_GROUP_FILES1,SYS,FGR$_FILE_GROUP_FILES,2,VERSION_GUID,ASC
SYS,I_FGR$_FILE_GROUP_FILES2,SYS,FGR$_FILE_GROUP_FILES,1,VERSION_GUID,ASC
SYS,I_FGR$_FILE_GROUPS1,SYS,FGR$_FILE_GROUPS,1,FILE_GROUP_ID,ASC
SYS,I_FGR$_FILE_GROUP_VERSIONS1,SYS,FGR$_FILE_GROUP_VERSIONS,1,VERSION_NAME,ASC
SYS,I_FGR$_FILE_GROUP_VERSIONS1,SYS,FGR$_FILE_GROUP_VERSIONS,2,FILE_GROUP_ID,ASC
SYS,I_FGR$_FILE_GROUP_VERSIONS2,SYS,FGR$_FILE_GROUP_VERSIONS,1,FILE_GROUP_ID,ASC
SYS,I_FGR$_FILE_GROUP_VERSIONS2,SYS,FGR$_FILE_GROUP_VERSIONS,2,VERSION_ID,ASC
SYS,I_FGR$_FILE_GROUP_VERSIONS3,SYS,FGR$_FILE_GROUP_VERSIONS,1,VERSION_GUID,ASC
SYS,I_FGR$_TABLE_INFO1,SYS,FGR$_TABLE_INFO,1,VERSION_GUID,ASC
SYS,I_FGR$_TABLE_INFO1,SYS,FGR$_TABLE_INFO,2,SCHEMA_NAME,ASC
SYS,I_FGR$_TABLE_INFO1,SYS,FGR$_TABLE_INFO,3,TABLE_NAME,ASC
SYS,I_FGR$_TABLE_INFO2,SYS,FGR$_TABLE_INFO,1,SCHEMA_NAME,ASC
SYS,I_FGR$_TABLE_INFO2,SYS,FGR$_TABLE_INFO,2,TABLE_NAME,ASC
SYS,I_FGR$_TABLE_INFO2,SYS,FGR$_TABLE_INFO,3,TABLESPACE_NAME,ASC
SYS,I_FGR$_TABLE_INFO3,SYS,FGR$_TABLE_INFO,1,TABLE_NAME,ASC
SYS,I_FGR$_TABLESPACE_INFO1,SYS,FGR$_TABLESPACE_INFO,1,VERSION_GUID,ASC
SYS,I_FGR$_TABLESPACE_INFO1,SYS,FGR$_TABLESPACE_INFO,2,TABLESPACE_NAME,ASC
SYS,I_FGR$_TABLESPACE_INFO2,SYS,FGR$_TABLESPACE_INFO,1,TABLESPACE_NAME,ASC
SYS,I_FILE#_BLOCK#,SYS,C_FILE#_BLOCK#,1,TS#,ASC
SYS,I_FILE#_BLOCK#,SYS,C_FILE#_BLOCK#,2,SEGFILE#,ASC
SYS,I_FILE#_BLOCK#,SYS,C_FILE#_BLOCK#,3,SEGBLOCK#,ASC
SYS,I_FILE1,SYS,FILE$,1,FILE#,ASC
SYS,I_FILE2,SYS,FILE$,1,TS#,ASC
SYS,I_FILE2,SYS,FILE$,2,RELFILE#,ASC
SYS,I_FIXED_OBJ$_OBJ#,SYS,FIXED_OBJ$,1,OBJ#,ASC
SYS,I_GG_PROCEDURE_ANNOTATION,SYS,GG$_PROCEDURE_ANNOTATION,1,PACKAGE_OWNER,ASC
SYS,I_GG_PROCEDURE_ANNOTATION,SYS,GG$_PROCEDURE_ANNOTATION,2,PACKAGE_NAME,ASC
SYS,I_GG_PROCEDURE_ANNOTATION,SYS,GG$_PROCEDURE_ANNOTATION,3,PROCEDURE_NAME,ASC
SYS,I_GG_PROC_OBJECT_EXCLUSION,SYS,GG$_PROC_OBJECT_EXCLUSION,1,PACKAGE_OWNER,ASC
SYS,I_GG_PROC_OBJECT_EXCLUSION,SYS,GG$_PROC_OBJECT_EXCLUSION,2,PACKAGE_NAME,ASC
SYS,I_GOLDENGATE$_CONTAINER_RULES,SYS,GOLDENGATE$_CONTAINER_RULES,1,RULE#,ASC
SYS,I_HCS_AGGR_FN_DIM$_1,SYS,HCS_AGGR_FN_DIM$,1,AV#,ASC
SYS,I_HCS_AGGR_FN_DIM$_1,SYS,HCS_AGGR_FN_DIM$,2,AGGR_GRP_NAME,ASC
SYS,I_HCS_AGGR_FN_DIM$_1,SYS,HCS_AGGR_FN_DIM$,3,DIM#,ASC
SYS,I_HCS_AGGR_FN_DIM$_2,SYS,HCS_AGGR_FN_DIM$,1,AV#,ASC
SYS,I_HCS_AGGR_FN_DIM$_2,SYS,HCS_AGGR_FN_DIM$,2,AGGR_GRP_NAME,ASC
SYS,I_HCS_AGGR_FN_DIM$_2,SYS,HCS_AGGR_FN_DIM$,3,ORDER_NUM,ASC
SYS,I_HCS_AGGR_FN$_1,SYS,HCS_AGGR_FN$,1,AV#,ASC
SYS,I_HCS_AGGR_FN$_1,SYS,HCS_AGGR_FN$,2,AGGR_GRP_NAME,ASC
SYS,I_HCS_ANALYTIC_VIEW$_1,SYS,HCS_ANALYTIC_VIEW$,1,OBJ#,ASC
SYS,I_HCS_AV_CLSFCTN$_1,SYS,HCS_AV_CLSFCTN$,1,AV#,ASC
SYS,I_HCS_AV_CLSFCTN$_1,SYS,HCS_AV_CLSFCTN$,2,AV_DIM#,ASC
SYS,I_HCS_AV_CLSFCTN$_1,SYS,HCS_AV_CLSFCTN$,3,AV_HIER#,ASC
SYS,I_HCS_AV_CLSFCTN$_1,SYS,HCS_AV_CLSFCTN$,4,SUB_OBJ#,ASC
SYS,I_HCS_AV_CLSFCTN$_1,SYS,HCS_AV_CLSFCTN$,5,OBJ_TYPE,ASC
SYS,I_HCS_AV_CLSFCTN$_1,SYS,HCS_AV_CLSFCTN$,6,CLSFCTION_NAME,ASC
SYS,I_HCS_AV_CLSFCTN$_1,SYS,HCS_AV_CLSFCTN$,7,CLSFCTION_LANG,ASC
SYS,I_HCS_AV_COL$_1,SYS,HCS_AV_COL$,1,AV#,ASC
SYS,I_HCS_AV_COL$_1,SYS,HCS_AV_COL$,2,AV_DIM#,ASC
SYS,I_HCS_AV_COL$_1,SYS,HCS_AV_COL$,3,AV_HIER#,ASC
SYS,I_HCS_AV_COL$_1,SYS,HCS_AV_COL$,4,COL_NAME,ASC
SYS,I_HCS_AV_COL$_2,SYS,HCS_AV_COL$,1,AV#,ASC
SYS,I_HCS_AV_COL$_2,SYS,HCS_AV_COL$,2,ORDER_NUM,ASC
SYS,I_HCS_AV_COL$_3,SYS,HCS_AV_COL$,1,AV#,ASC
SYS,I_HCS_AV_COL$_3,SYS,HCS_AV_COL$,2,AV_DIM#,ASC
SYS,I_HCS_AV_COL$_3,SYS,HCS_AV_COL$,3,AV_HIER#,ASC
SYS,I_HCS_AV_COL$_3,SYS,HCS_AV_COL$,4,SUB_OBJ#,ASC
SYS,I_HCS_AV_COL$_3,SYS,HCS_AV_COL$,5,SUB_OBJ_TYPE,ASC
SYS,I_HCS_AV_DIM_ATTR$_1,SYS,HCS_AV_DIM_ATTR$,1,AV#,ASC
SYS,I_HCS_AV_DIM_ATTR$_1,SYS,HCS_AV_DIM_ATTR$,2,AV_DIM#,ASC
SYS,I_HCS_AV_DIM_ATTR$_1,SYS,HCS_AV_DIM_ATTR$,3,ATTR_NAME,ASC
SYS,I_HCS_AV_DIM_ATTR$_2,SYS,HCS_AV_DIM_ATTR$,1,AV#,ASC
SYS,I_HCS_AV_DIM_ATTR$_2,SYS,HCS_AV_DIM_ATTR$,2,AV_DIM#,ASC
SYS,I_HCS_AV_DIM_ATTR$_2,SYS,HCS_AV_DIM_ATTR$,3,ORDER_NUM,ASC
SYS,I_HCS_AV_DIM$_1,SYS,HCS_AV_DIM$,1,AV#,ASC
SYS,I_HCS_AV_DIM$_1,SYS,HCS_AV_DIM$,2,AV_DIM#,ASC
SYS,I_HCS_AV_FACT_COLUMN$_1,SYS,HCS_AV_FACT_COLUMN$,1,AV#,ASC
SYS,I_HCS_AV_FACT_COLUMN$_1,SYS,HCS_AV_FACT_COLUMN$,2,COL_ALIAS,ASC
SYS,I_HCS_AV_FACT_COLUMN$_2,SYS,HCS_AV_FACT_COLUMN$,1,AV#,ASC
SYS,I_HCS_AV_FACT_COLUMN$_2,SYS,HCS_AV_FACT_COLUMN$,2,ORDER_NUM,ASC
SYS,I_HCS_AV_HIER$_1,SYS,HCS_AV_HIER$,1,AV#,ASC
SYS,I_HCS_AV_HIER$_1,SYS,HCS_AV_HIER$,2,AV_DIM#,ASC
SYS,I_HCS_AV_HIER$_1,SYS,HCS_AV_HIER$,3,HIER#,ASC
SYS,I_HCS_AV_KEY$_1,SYS,HCS_AV_KEY$,1,AV#,ASC
SYS,I_HCS_AV_KEY$_1,SYS,HCS_AV_KEY$,2,AV_DIM#,ASC
SYS,I_HCS_AV_KEY$_1,SYS,HCS_AV_KEY$,3,KEY#,ASC
SYS,I_HCS_AV_LVLGRP_1,SYS,HCS_AV_LVLGRP$,1,AV#,ASC
SYS,I_HCS_AV_LVLGRP_1,SYS,HCS_AV_LVLGRP$,2,LVLGRP#,ASC
SYS,I_HCS_AV_LVLGRP_2,SYS,HCS_AV_LVLGRP$,1,AV#,ASC
SYS,I_HCS_AV_LVLGRP_2,SYS,HCS_AV_LVLGRP$,2,ORDER_NUM,ASC
SYS,I_HCS_AV_LVL$_1,SYS,HCS_AV_LVL$,1,AV#,ASC
SYS,I_HCS_AV_LVL$_1,SYS,HCS_AV_LVL$,2,AV_DIM#,ASC
SYS,I_HCS_AV_LVL$_1,SYS,HCS_AV_LVL$,3,AV_HIER#,ASC
SYS,I_HCS_AV_LVL$_1,SYS,HCS_AV_LVL$,4,LVL#,ASC
SYS,I_HCS_AV_LVL$_2,SYS,HCS_AV_LVL$,1,AV#,ASC
SYS,I_HCS_AV_LVL$_2,SYS,HCS_AV_LVL$,2,AV_DIM#,ASC
SYS,I_HCS_AV_LVL$_2,SYS,HCS_AV_LVL$,3,AV_HIER#,ASC
SYS,I_HCS_AV_LVL$_2,SYS,HCS_AV_LVL$,4,ORDER_NUM,ASC
SYS,I_HCS_AV_MEAS$_1,SYS,HCS_AV_MEAS$,1,AV#,ASC
SYS,I_HCS_AV_MEAS$_1,SYS,HCS_AV_MEAS$,2,MEAS#,ASC
SYS,I_HCS_CLSFCTN$_1,SYS,HCS_CLSFCTN$,1,OBJ#,ASC
SYS,I_HCS_CLSFCTN$_1,SYS,HCS_CLSFCTN$,2,SUB_OBJ#,ASC
SYS,I_HCS_CLSFCTN$_1,SYS,HCS_CLSFCTN$,3,OBJ_TYPE,ASC
SYS,I_HCS_CLSFCTN$_1,SYS,HCS_CLSFCTN$,4,CLSFCTION_NAME,ASC
SYS,I_HCS_CLSFCTN$_1,SYS,HCS_CLSFCTN$,5,CLSFCTION_LANG,ASC
SYS,I_HCS_DIM_ATTR$_1,SYS,HCS_DIM_ATTR$,1,DIM#,ASC
SYS,I_HCS_DIM_ATTR$_1,SYS,HCS_DIM_ATTR$,2,ATTR#,ASC
SYS,I_HCS_DIM_DTM_ATTR$_1,SYS,HCS_DIM_DTM_ATTR$,1,DIM#,ASC
SYS,I_HCS_DIM_DTM_ATTR$_1,SYS,HCS_DIM_DTM_ATTR$,2,LVL#,ASC
SYS,I_HCS_DIM_DTM_ATTR$_1,SYS,HCS_DIM_DTM_ATTR$,3,ATTR#,ASC
SYS,I_HCS_DIM_DTM_ATTR$_2,SYS,HCS_DIM_DTM_ATTR$,1,DIM#,ASC
SYS,I_HCS_DIM_DTM_ATTR$_2,SYS,HCS_DIM_DTM_ATTR$,2,LVL#,ASC
SYS,I_HCS_DIM_DTM_ATTR$_2,SYS,HCS_DIM_DTM_ATTR$,3,ORDER_NUM,ASC
SYS,I_HCS_DIM_JOIN_PATH_1,SYS,HCS_DIM_JOIN_PATH$,1,DIM#,ASC
SYS,I_HCS_DIM_JOIN_PATH_1,SYS,HCS_DIM_JOIN_PATH$,2,JOINPATH#,ASC
SYS,I_HCS_DIM_JOIN_PATH_2,SYS,HCS_DIM_JOIN_PATH$,1,DIM#,ASC
SYS,I_HCS_DIM_JOIN_PATH_2,SYS,HCS_DIM_JOIN_PATH$,2,JOIN_PATH_NAME,ASC
SYS,I_HCS_DIM_JOIN_PATH_3,SYS,HCS_DIM_JOIN_PATH$,1,DIM#,ASC
SYS,I_HCS_DIM_JOIN_PATH_3,SYS,HCS_DIM_JOIN_PATH$,2,ORDER_NUM,ASC
SYS,I_HCS_DIM_LVL_KEY_ATTR$_1,SYS,HCS_DIM_LVL_KEY_ATTR$,1,DIM#,ASC
SYS,I_HCS_DIM_LVL_KEY_ATTR$_1,SYS,HCS_DIM_LVL_KEY_ATTR$,2,LVL#,ASC
SYS,I_HCS_DIM_LVL_KEY_ATTR$_1,SYS,HCS_DIM_LVL_KEY_ATTR$,3,IS_PC,ASC
SYS,I_HCS_DIM_LVL_KEY_ATTR$_1,SYS,HCS_DIM_LVL_KEY_ATTR$,4,LVL_KEY#,ASC
SYS,I_HCS_DIM_LVL_KEY_ATTR$_1,SYS,HCS_DIM_LVL_KEY_ATTR$,5,ATTR#,ASC
SYS,I_HCS_DIM_LVL_KEY$_1,SYS,HCS_DIM_LVL_KEY$,1,DIM#,ASC
SYS,I_HCS_DIM_LVL_KEY$_1,SYS,HCS_DIM_LVL_KEY$,2,LVL#,ASC
SYS,I_HCS_DIM_LVL_KEY$_1,SYS,HCS_DIM_LVL_KEY$,3,IS_PC,ASC
SYS,I_HCS_DIM_LVL_KEY$_1,SYS,HCS_DIM_LVL_KEY$,4,LVL_KEY#,ASC
SYS,I_HCS_DIM_LVL$_1,SYS,HCS_DIM_LVL$,1,DIM#,ASC
SYS,I_HCS_DIM_LVL$_1,SYS,HCS_DIM_LVL$,2,LVL#,ASC
SYS,I_HCS_DIM_LVL$_1,SYS,HCS_DIM_LVL$,3,IS_PC,ASC
SYS,I_HCS_DIM$_1,SYS,HCS_DIM$,1,OBJ#,ASC
SYS,I_HCS_HIERARCHY$_1,SYS,HCS_HIERARCHY$,1,OBJ#,ASC
SYS,I_HCS_HIER_ATTR$_1,SYS,HCS_HIER_ATTR$,1,HIER#,ASC
SYS,I_HCS_HIER_ATTR$_1,SYS,HCS_HIER_ATTR$,2,ATTR#,ASC
SYS,I_HCS_HIER_COL$_1,SYS,HCS_HIER_COL$,1,HIER#,ASC
SYS,I_HCS_HIER_COL$_1,SYS,HCS_HIER_COL$,2,COL_NAME,ASC
SYS,I_HCS_HIER_COL$_2,SYS,HCS_HIER_COL$,1,HIER#,ASC
SYS,I_HCS_HIER_COL$_2,SYS,HCS_HIER_COL$,2,ORDER_NUM,ASC
SYS,I_HCS_HIER_JOIN_PATH_1,SYS,HCS_HIER_JOIN_PATH$,1,HIER#,ASC
SYS,I_HCS_HIER_JOIN_PATH_1,SYS,HCS_HIER_JOIN_PATH$,2,JOIN_PATH_NAME,ASC
SYS,I_HCS_HIER_JOIN_PATH_2,SYS,HCS_HIER_JOIN_PATH$,1,HIER#,ASC
SYS,I_HCS_HIER_JOIN_PATH_2,SYS,HCS_HIER_JOIN_PATH$,2,ORDER_NUM,ASC
SYS,I_HCS_HR_LVL_ID$_1,SYS,HCS_HR_LVL_ID$,1,HIER#,ASC
SYS,I_HCS_HR_LVL_ID$_1,SYS,HCS_HR_LVL_ID$,2,LVL_NAME,ASC
SYS,I_HCS_HR_LVL_ID$_1,SYS,HCS_HR_LVL_ID$,3,ATTR_NAME,ASC
SYS,I_HCS_HR_LVL_ID$_2,SYS,HCS_HR_LVL_ID$,1,HIER#,ASC
SYS,I_HCS_HR_LVL_ID$_2,SYS,HCS_HR_LVL_ID$,2,LVL_NAME,ASC
SYS,I_HCS_HR_LVL_ID$_2,SYS,HCS_HR_LVL_ID$,3,ORDER_NUM,ASC
SYS,I_HCS_HR_LVL$_1,SYS,HCS_HR_LVL$,1,HIER#,ASC
SYS,I_HCS_HR_LVL$_1,SYS,HCS_HR_LVL$,2,LVL_NAME,ASC
SYS,I_HCS_JOIN_COND_ELEM$_1,SYS,HCS_JOIN_COND_ELEM$,1,DIM#,ASC
SYS,I_HCS_JOIN_COND_ELEM$_1,SYS,HCS_JOIN_COND_ELEM$,2,JOINPATH#,ASC
SYS,I_HCS_JOIN_COND_ELEM$_1,SYS,HCS_JOIN_COND_ELEM$,3,ORDER_NUM,ASC
SYS,I_HCS_LVLGRP_LVLS_1,SYS,HCS_LVLGRP_LVLS$,1,AV#,ASC
SYS,I_HCS_LVLGRP_LVLS_1,SYS,HCS_LVLGRP_LVLS$,2,LVLGRP#,ASC
SYS,I_HCS_LVLGRP_LVLS_1,SYS,HCS_LVLGRP_LVLS$,3,DIM_ALIAS,ASC
SYS,I_HCS_LVLGRP_LVLS_1,SYS,HCS_LVLGRP_LVLS$,4,HIER_ALIAS,ASC
SYS,I_HCS_LVLGRP_LVLS_1,SYS,HCS_LVLGRP_LVLS$,5,LEVEL_NAME,ASC
SYS,I_HCS_LVLGRP_LVLS_2,SYS,HCS_LVLGRP_LVLS$,1,AV#,ASC
SYS,I_HCS_LVLGRP_LVLS_2,SYS,HCS_LVLGRP_LVLS$,2,LVLGRP#,ASC
SYS,I_HCS_LVLGRP_LVLS_2,SYS,HCS_LVLGRP_LVLS$,3,ORDER_NUM,ASC
SYS,I_HCS_LVL_ORD$_1,SYS,HCS_LVL_ORD$,1,DIM#,ASC
SYS,I_HCS_LVL_ORD$_1,SYS,HCS_LVL_ORD$,2,DIM_LVL#,ASC
SYS,I_HCS_LVL_ORD$_1,SYS,HCS_LVL_ORD$,3,IS_PC,ASC
SYS,I_HCS_LVL_ORD$_1,SYS,HCS_LVL_ORD$,4,ORD#,ASC
SYS,I_HCS_LVL_ORD$_2,SYS,HCS_LVL_ORD$,1,DIM#,ASC
SYS,I_HCS_LVL_ORD$_2,SYS,HCS_LVL_ORD$,2,DIM_LVL#,ASC
SYS,I_HCS_LVL_ORD$_2,SYS,HCS_LVL_ORD$,3,IS_PC,ASC
SYS,I_HCS_LVL_ORD$_2,SYS,HCS_LVL_ORD$,4,ATTR#,ASC
SYS,I_HCS_LVL_ORD$_3,SYS,HCS_LVL_ORD$,1,DIM#,ASC
SYS,I_HCS_LVL_ORD$_3,SYS,HCS_LVL_ORD$,2,DIM_LVL#,ASC
SYS,I_HCS_LVL_ORD$_3,SYS,HCS_LVL_ORD$,3,IS_PC,ASC
SYS,I_HCS_LVL_ORD$_3,SYS,HCS_LVL_ORD$,4,ORDER_NUM,ASC
SYS,I_HCS_MEASLST_MEASURES_1,SYS,HCS_MEASLST_MEASURES$,1,AV#,ASC
SYS,I_HCS_MEASLST_MEASURES_1,SYS,HCS_MEASLST_MEASURES$,2,MEASLST#,ASC
SYS,I_HCS_MEASLST_MEASURES_1,SYS,HCS_MEASLST_MEASURES$,3,MEAS_NAME,ASC
SYS,I_HCS_MEASLST_MEASURES_2,SYS,HCS_MEASLST_MEASURES$,1,AV#,ASC
SYS,I_HCS_MEASLST_MEASURES_2,SYS,HCS_MEASLST_MEASURES$,2,MEASLST#,ASC
SYS,I_HCS_MEASLST_MEASURES_2,SYS,HCS_MEASLST_MEASURES$,3,ORDER_NUM,ASC
SYS,I_HCS_SRC_COL$_1,SYS,HCS_SRC_COL$,1,OBJ#,ASC
SYS,I_HCS_SRC_COL$_1,SYS,HCS_SRC_COL$,2,SRC_COL#,ASC
SYS,I_HCS_SRC_COL$_1,SYS,HCS_SRC_COL$,3,OBJ_TYPE,ASC
SYS,I_HCS_SRC_COL$_1,SYS,HCS_SRC_COL$,4,SRC_COL_NAME,ASC
SYS,I_HCS_SRC$_1,SYS,HCS_SRC$,1,HCS_OBJ#,ASC
SYS,I_HCS_SRC$_1,SYS,HCS_SRC$,2,SRC#,ASC
SYS,I_HCS_SRC$_2,SYS,HCS_SRC$,1,HCS_OBJ#,ASC
SYS,I_HCS_SRC$_2,SYS,HCS_SRC$,2,TBL#,ASC
SYS,I_HCS_SRC$_3,SYS,HCS_SRC$,1,HCS_OBJ#,ASC
SYS,I_HCS_SRC$_3,SYS,HCS_SRC$,2,ALIAS,ASC
SYS,I_HCS_SRC$_4,SYS,HCS_SRC$,1,HCS_OBJ#,ASC
SYS,I_HCS_SRC$_4,SYS,HCS_SRC$,2,ORDER_NUM,ASC
SYS,I_HCS_TBL$_1,SYS,HCS_TBL$,1,HCS_OBJ#,ASC
SYS,I_HCS_TBL$_1,SYS,HCS_TBL$,2,TBL#,ASC
SYS,I_HEATMAPEXTSTAT$,SYS,HEAT_MAP_EXTENT_STAT$,1,OBJ#,ASC
SYS,I_HEATMAPEXTSTAT$,SYS,HEAT_MAP_EXTENT_STAT$,2,DATAOBJ#,ASC
SYS,I_HEATMAPSTAT$,SYS,HEAT_MAP_STAT$,1,OBJ#,ASC
SYS,I_HEATMAPSTAT$,SYS,HEAT_MAP_STAT$,2,DATAOBJ#,ASC
SYS,I_HH_OBJ#_COL#,SYS,HIST_HEAD$,1,OBJ#,ASC
SYS,I_HH_OBJ#_COL#,SYS,HIST_HEAD$,2,COL#,ASC
SYS,I_HH_OBJ#_INTCOL#,SYS,HIST_HEAD$,1,OBJ#,ASC
SYS,I_HH_OBJ#_INTCOL#,SYS,HIST_HEAD$,2,INTCOL#,ASC
SYS,I_HIERLEVEL$_1,SYS,HIERLEVEL$,1,DIMOBJ#,ASC
SYS,I_HIERLEVEL$_1,SYS,HIERLEVEL$,2,HIERID#,ASC
SYS,I_HIER$_1,SYS,HIER$,1,DIMOBJ#,ASC
SYS,I_HIER$_1,SYS,HIER$,2,HIERID#,ASC
SYS,I_H_OBJ#_COL#,SYS,HISTGRM$,1,OBJ#,ASC
SYS,I_H_OBJ#_COL#,SYS,HISTGRM$,2,COL#,ASC
SYS,I_ICOLDEP$_OBJ,SYS,ICOLDEP$,1,OBJ#,ASC
SYS,I_ICOL1,SYS,ICOL$,1,OBJ#,ASC
SYS,I_IDL_CHAR1,SYS,IDL_CHAR$,1,OBJ#,ASC
SYS,I_IDL_CHAR1,SYS,IDL_CHAR$,2,PART,ASC
SYS,I_IDL_CHAR1,SYS,IDL_CHAR$,3,VERSION,ASC
SYS,I_IDL_CHAR1,SYS,IDL_CHAR$,4,PIECE#,ASC
SYS,I_IDL_SB41,SYS,IDL_SB4$,1,OBJ#,ASC
SYS,I_IDL_SB41,SYS,IDL_SB4$,2,PART,ASC
SYS,I_IDL_SB41,SYS,IDL_SB4$,3,VERSION,ASC
SYS,I_IDL_SB41,SYS,IDL_SB4$,4,PIECE#,ASC
SYS,I_IDL_UB11,SYS,IDL_UB1$,1,OBJ#,ASC
SYS,I_IDL_UB11,SYS,IDL_UB1$,2,PART,ASC
SYS,I_IDL_UB11,SYS,IDL_UB1$,3,VERSION,ASC
SYS,I_IDL_UB11,SYS,IDL_UB1$,4,PIECE#,ASC
SYS,I_IDL_UB21,SYS,IDL_UB2$,1,OBJ#,ASC
SYS,I_IDL_UB21,SYS,IDL_UB2$,2,PART,ASC
SYS,I_IDL_UB21,SYS,IDL_UB2$,3,VERSION,ASC
SYS,I_IDL_UB21,SYS,IDL_UB2$,4,PIECE#,ASC
SYS,I_IDNSEQ1,SYS,IDNSEQ$,1,OBJ#,ASC
SYS,I_IDNSEQ1,SYS,IDNSEQ$,2,INTCOL#,ASC
SYS,I_IDNSEQ2,SYS,IDNSEQ$,1,SEQOBJ#,ASC
SYS,I_ILM$,SYS,ILM$,1,NAME,ASC
SYS,I_ILM$,SYS,ILM$,2,OWNER#,ASC
SYS,I_ILMEXECDET_EXECID,SYS,ILM_EXECUTIONDETAILS$,1,EXECUTION_ID,ASC
SYS,I_ILMEXECDET_JOBNAME,SYS,ILM_EXECUTIONDETAILS$,1,JOBNAME,ASC
SYS,I_ILMEXECDET_OBJ,SYS,ILM_EXECUTIONDETAILS$,1,OBJ#,ASC
SYS,I_ILMEXECDET_POL,SYS,ILM_EXECUTIONDETAILS$,1,POLICY#,ASC
SYS,I_ILMOBJ$,SYS,ILMOBJ$,1,OBJ#,ASC
SYS,I_ILMOBJ$,SYS,ILMOBJ$,2,POLICY#,ASC
SYS,I_ILMOBJ_OBJ$,SYS,ILMOBJ$,1,OBJ#,ASC
SYS,I_ILMOBJ_POL$,SYS,ILMOBJ$,1,POLICY#,ASC
SYS,I_ILMPOLICY$,SYS,ILMPOLICY$,1,POLICY#,ASC
SYS,I_ILM_RESULTS_EXECUTION_ID,SYS,ILM_RESULTS$,1,EXECUTION_ID,ASC
SYS,I_ILMRESULTS_STATUS,SYS,ILM_RESULTS$,1,JOB_STATUS,ASC
SYS,I_IMSVCTS1,SYS,IMSVCTS$,1,TS#,ASC
SYS,I_IMSVC1,SYS,IMSVC$,1,OBJ#,ASC
SYS,I_IMSVC1,SYS,IMSVC$,2,SUBPART#,ASC
SYS,I_INCEXP,SYS,INCEXP,1,OWNER#,ASC
SYS,I_INCEXP,SYS,INCEXP,2,NAME,ASC
SYS,I_INCEXP,SYS,INCEXP,3,TYPE#,ASC
SYS,I_INDCOMPART$,SYS,INDCOMPART$,1,OBJ#,ASC
SYS,I_INDCOMPART_BOPART$,SYS,INDCOMPART$,1,BO#,ASC
SYS,I_INDCOMPART_BOPART$,SYS,INDCOMPART$,2,PART#,ASC
SYS,I_INDEX_ORPHANED_ENTRY$_1,SYS,INDEX_ORPHANED_ENTRY$,1,INDEXOBJ#,ASC
SYS,I_INDEX_ORPHANED_ENTRY$_1,SYS,INDEX_ORPHANED_ENTRY$,2,TABPARTDOBJ#,ASC
SYS,I_INDPART_BOPART$,SYS,INDPART$,1,BO#,ASC
SYS,I_INDPART_BOPART$,SYS,INDPART$,2,PART#,ASC
SYS,I_INDPART_OBJ$,SYS,INDPART$,1,OBJ#,ASC
SYS,I_INDPART_PARAM,SYS,INDPART_PARAM$,1,OBJ#,ASC
SYS,I_INDREBUILD1,SYS,INDREBUILD$,1,OBJ#,ASC
SYS,I_IND_STATS$_OBJ#,SYS,IND_STATS$,1,OBJ#,ASC
SYS,I_INDSUBPART_OBJ$,SYS,INDSUBPART$,1,OBJ#,ASC
SYS,I_INDSUBPART_POBJSUBPART$,SYS,INDSUBPART$,1,POBJ#,ASC
SYS,I_INDSUBPART_POBJSUBPART$,SYS,INDSUBPART$,2,SUBPART#,ASC
SYS,I_IND1,SYS,IND$,1,OBJ#,ASC
SYS,I_INVALIDATION_REGISTRY$,SYS,INVALIDATION_REGISTRY$,1,REGID,ASC
SYS,I_JAVANEGDEPS_1,SYS,JAVANEGDEPS$,1,OBJ#,ASC
SYS,I_JAVANEGDEPS_2,SYS,JAVANEGDEPS$,1,NAME,ASC
SYS,I_JAVANEGDEPS_2,SYS,JAVANEGDEPS$,2,UNAME,ASC
SYS,I_JAVAOBJ1,SYS,JAVAOBJ$,1,OBJ#,ASC
SYS,I_JAVASNM1,SYS,JAVASNM$,1,SHORT,ASC
SYS,I_JIJOIN$,SYS,JIJOIN$,1,OBJ#,ASC
SYS,I_JOB_JOB,SYS,JOB$,1,JOB,ASC
SYS,I_JOB_NEXT,SYS,JOB$,1,NEXT_DATE,ASC
SYS,I_KOPM1,SYS,KOPM$,1,NAME,ASC
SYS,I_LINK1,SYS,LINK$,1,OWNER#,ASC
SYS,I_LINK1,SYS,LINK$,2,NAME,ASC
SYS,I_LOBCOMPPART_LOBJPART$,SYS,LOBCOMPPART$,1,LOBJ#,ASC
SYS,I_LOBCOMPPART_LOBJPART$,SYS,LOBCOMPPART$,2,PART#,ASC
SYS,I_LOBCOMPPART$_PARTOBJ$,SYS,LOBCOMPPART$,1,PARTOBJ#,ASC
SYS,I_LOBFRAG$_FRAGOBJ$,SYS,LOBFRAG$,1,FRAGOBJ#,ASC
SYS,I_LOBFRAG_PARENTOBJFRAG$,SYS,LOBFRAG$,1,PARENTOBJ#,ASC
SYS,I_LOBFRAG_PARENTOBJFRAG$,SYS,LOBFRAG$,2,FRAG#,ASC
SYS,I_LOB1,SYS,LOB$,1,OBJ#,ASC
SYS,I_LOB1,SYS,LOB$,2,INTCOL#,ASC
SYS,I_LOB2,SYS,LOB$,1,LOBJ#,ASC
SYS,I_LOCKDOWNPROF1,SYS,LOCKDOWN_PROF$,1,PROF#,ASC
SYS,I_LOCKDOWNPROF1,SYS,LOCKDOWN_PROF$,2,RULETYP#,ASC
SYS,I_LOCKDOWNPROF1,SYS,LOCKDOWN_PROF$,3,RULEVAL,ASC
SYS,I_LOCKDOWNPROF1,SYS,LOCKDOWN_PROF$,4,CLAUSE,ASC
SYS,I_LOCKDOWNPROF1,SYS,LOCKDOWN_PROF$,5,OPTION$,ASC
SYS,I_LOCKDOWNPROF2,SYS,LOCKDOWN_PROF$,1,PROF#,ASC
SYS,I_LOCKDOWNPROF2,SYS,LOCKDOWN_PROF$,2,RULETYP#,ASC
SYS,I_LOCKDOWNPROF2,SYS,LOCKDOWN_PROF$,3,RULEVAL,ASC
SYS,I_LOCKDOWNPROF3,SYS,LOCKDOWN_PROF$,1,PROF#,ASC
SYS,I_LOCKDOWNPROF3,SYS,LOCKDOWN_PROF$,2,RULETYP#,ASC
SYS,I_LTXID_TRANS$PK,SYS,LTXID_TRANS,1,INST_ID,ASC
SYS,I_LTXID_TRANS$PK,SYS,LTXID_TRANS,2,DB_ID,ASC
SYS,I_LTXID_TRANS$PK,SYS,LTXID_TRANS,3,SESSION_GUID,ASC
SYS,I_LTXID_TRANS$PK,SYS,LTXID_TRANS,4,TXN_UID,ASC
SYS,IM_DOMAIN_UK,SYS,IM_DOMAIN$,1,OBJN,ASC
SYS,IM_DOMAIN_UK,SYS,IM_DOMAIN$,2,COL#,ASC
SYS,I_METAAUDIT_VERSION$,SYS,METAAUDIT$,1,VERSION,ASC
SYS,I_METAFILTER$,SYS,METAFILTER$,1,FILTER,ASC
SYS,I_METAFILTER$,SYS,METAFILTER$,2,TYPE,ASC
SYS,I_METAFILTER$,SYS,METAFILTER$,3,MODEL,ASC
SYS,I_METANAMETRANS1$,SYS,METANAMETRANS$,1,MODEL,ASC
SYS,I_METANAMETRANS1$,SYS,METANAMETRANS$,2,HTYPE,ASC
SYS,I_METANAMETRANS1$,SYS,METANAMETRANS$,3,NAME,ASC
SYS,I_METANAMETRANS2$,SYS,METANAMETRANS$,1,MODEL,ASC
SYS,I_METANAMETRANS2$,SYS,METANAMETRANS$,2,PTYPE,ASC
SYS,I_METANAMETRANS2$,SYS,METANAMETRANS$,3,SEQ#,ASC
SYS,I_METAPATHMAP$,SYS,METAPATHMAP$,1,NAME,ASC
SYS,I_METAPATHMAP$,SYS,METAPATHMAP$,2,HTYPE,ASC
SYS,I_METAPATHMAP$,SYS,METAPATHMAP$,3,MODEL,ASC
SYS,I_METASCRIPTFILTER1$,SYS,METASCRIPTFILTER$,1,MODEL,ASC
SYS,I_METASCRIPTFILTER1$,SYS,METASCRIPTFILTER$,2,HTYPE,ASC
SYS,I_METASCRIPTFILTER1$,SYS,METASCRIPTFILTER$,3,SEQ#,ASC
SYS,I_METASCRIPTFILTER2$,SYS,METASCRIPTFILTER$,1,MODEL,ASC
SYS,I_METASCRIPTFILTER2$,SYS,METASCRIPTFILTER$,2,PTYPE,ASC
SYS,I_METASCRIPTFILTER2$,SYS,METASCRIPTFILTER$,3,SEQ#,ASC
SYS,I_METASCRIPT1$,SYS,METASCRIPT$,1,PTYPE,ASC
SYS,I_METASCRIPT1$,SYS,METASCRIPT$,2,SEQ#,ASC
SYS,I_METASCRIPT1$,SYS,METASCRIPT$,3,MODEL,ASC
SYS,I_METASCRIPT1$,SYS,METASCRIPT$,4,VERSION,ASC
SYS,I_METASCRIPT2$,SYS,METASCRIPT$,1,MODEL,ASC
SYS,I_METASCRIPT2$,SYS,METASCRIPT$,2,HTYPE,ASC
SYS,I_METASCRIPT2$,SYS,METASCRIPT$,3,SEQ#,ASC
SYS,I_METASCRIPT2$,SYS,METASCRIPT$,4,VERSION,ASC
SYS,I_METAVIEW$,SYS,METAVIEW$,1,TYPE,ASC
SYS,I_METAVIEW$,SYS,METAVIEW$,2,MODEL,ASC
SYS,I_METAVIEW$,SYS,METAVIEW$,3,VERSION,ASC
SYS,I_METAVIEW$,SYS,METAVIEW$,4,FLAGS,ASC
SYS,I_METAXSLPARAM$,SYS,METAXSLPARAM$,1,MODEL,ASC
SYS,I_METAXSLPARAM$,SYS,METAXSLPARAM$,2,TRANSFORM,ASC
SYS,I_METAXSLPARAM$,SYS,METAXSLPARAM$,3,TYPE,ASC
SYS,I_METAXSLPARAM$,SYS,METAXSLPARAM$,4,PARAM,ASC
SYS,I_METAXSLPARAMDESC$,SYS,METAXSLPARAMDESC$,1,MODEL,ASC
SYS,I_METAXSLPARAMDESC$,SYS,METAXSLPARAMDESC$,2,PARAM,ASC
SYS,I_METHOD1,SYS,METHOD$,1,TOID,ASC
SYS,I_METHOD1,SYS,METHOD$,2,VERSION#,ASC
SYS,I_METHOD1,SYS,METHOD$,3,METHOD#,ASC
SYS,IM_JOINGROUP_PK,SYS,IM_JOINGROUP$,1,DOMAIN#,ASC
SYS,IM_JOINGROUP_UK,SYS,IM_JOINGROUP$,1,NAME,ASC
SYS,IM_JOINGROUP_UK,SYS,IM_JOINGROUP$,2,OWNER#,ASC
SYS,I_MLOG#,SYS,C_MLOG#,1,MASTER,ASC
SYS,I_MLOG#,SYS,C_MLOG#,2,MOWNER,ASC
SYS,I_MLOG_REFCOL1,SYS,MLOG_REFCOL$,1,MOWNER,ASC
SYS,I_MLOG_REFCOL1,SYS,MLOG_REFCOL$,2,MASTER,ASC
SYS,I_MLOG_REFCOL1,SYS,MLOG_REFCOL$,3,COLNAME,ASC
SYS,I_MON_MODS_ALL$_OBJ,SYS,MON_MODS_ALL$,1,OBJ#,ASC
SYS,I_MON_MODS$_OBJ,SYS,MON_MODS$,1,OBJ#,ASC
SYS,IMPDP_STATS,SYS,IMPDP_STATS,1,STATID,ASC
SYS,IMPDP_STATS,SYS,IMPDP_STATS,2,TYPE,ASC
SYS,IMPDP_STATS,SYS,IMPDP_STATS,3,C5,ASC
SYS,IMPDP_STATS,SYS,IMPDP_STATS,4,C1,ASC
SYS,IMPDP_STATS,SYS,IMPDP_STATS,5,C2,ASC
SYS,IMPDP_STATS,SYS,IMPDP_STATS,6,C3,ASC
SYS,IMPDP_STATS,SYS,IMPDP_STATS,7,C4,ASC
SYS,IMPDP_STATS,SYS,IMPDP_STATS,8,VERSION,ASC
SYS,I_MVREF$_CHANGE_STATS,SYS,MVREF$_CHANGE_STATS,1,TBL_OBJ#,ASC
SYS,I_MVREF$_CHANGE_STATS,SYS,MVREF$_CHANGE_STATS,2,MV_OBJ#,ASC
SYS,I_MVREF$_CHANGE_STATS,SYS,MVREF$_CHANGE_STATS,3,REFRESH_ID,ASC
SYS,I_MVREF$_RUN_STATS,SYS,MVREF$_RUN_STATS,1,RUN_OWNER_USER#,ASC
SYS,I_MVREF$_RUN_STATS,SYS,MVREF$_RUN_STATS,2,REFRESH_ID,ASC
SYS,I_MVREF$_STATS,SYS,MVREF$_STATS,1,MV_OBJ#,ASC
SYS,I_MVREF$_STATS,SYS,MVREF$_STATS,2,REFRESH_ID,ASC
SYS,I_MVREF$_STMT_STATS,SYS,MVREF$_STMT_STATS,1,MV_OBJ#,ASC
SYS,I_MVREF$_STMT_STATS,SYS,MVREF$_STMT_STATS,2,REFRESH_ID,ASC
SYS,I_NCOMP_DLL1,SYS,NCOMP_DLL$,1,OBJ#,ASC
SYS,I_NCOMP_DLL1,SYS,NCOMP_DLL$,2,VERSION,ASC
SYS,I_NEW_LOST_WRITE_EXTENTS$,SYS,NEW_LOST_WRITE_EXTENTS$,1,EXTENT_LENGTH_BLOCKS_2K,ASC
SYS,I_NTAB1,SYS,NTAB$,1,OBJ#,ASC
SYS,I_NTAB1,SYS,NTAB$,2,COL#,ASC
SYS,I_NTAB2,SYS,NTAB$,1,OBJ#,ASC
SYS,I_NTAB2,SYS,NTAB$,2,INTCOL#,ASC
SYS,I_NTAB3,SYS,NTAB$,1,NTAB#,ASC
SYS,I_OBJ#,SYS,C_OBJ#,1,OBJ#,ASC
SYS,I_OBJAUTH1,SYS,OBJAUTH$,1,OBJ#,ASC
SYS,I_OBJAUTH1,SYS,OBJAUTH$,2,GRANTOR#,ASC
SYS,I_OBJAUTH1,SYS,OBJAUTH$,3,GRANTEE#,ASC
SYS,I_OBJAUTH1,SYS,OBJAUTH$,4,PRIVILEGE#,ASC
SYS,I_OBJAUTH1,SYS,OBJAUTH$,5,COL#,ASC
SYS,I_OBJAUTH2,SYS,OBJAUTH$,1,GRANTEE#,ASC
SYS,I_OBJAUTH2,SYS,OBJAUTH$,2,OBJ#,ASC
SYS,I_OBJAUTH2,SYS,OBJAUTH$,3,COL#,ASC
SYS,I_OBJ#_INTCOL#,SYS,C_OBJ#_INTCOL#,1,OBJ#,ASC
SYS,I_OBJ#_INTCOL#,SYS,C_OBJ#_INTCOL#,2,INTCOL#,ASC
SYS,I_OBJTYPE,SYS,EXPPKGOBJ$,1,TYPE#,ASC
SYS,I_OBJTYPE,SYS,EXPPKGOBJ$,2,CLASS,ASC
SYS,I_OBJ1,SYS,OBJ$,1,OBJ#,ASC
SYS,I_OBJ1,SYS,OBJ$,2,OWNER#,ASC
SYS,I_OBJ1,SYS,OBJ$,3,TYPE#,ASC
SYS,I_OBJ2,SYS,OBJ$,1,OWNER#,ASC
SYS,I_OBJ2,SYS,OBJ$,2,NAME,ASC
SYS,I_OBJ2,SYS,OBJ$,3,NAMESPACE,ASC
SYS,I_OBJ2,SYS,OBJ$,4,REMOTEOWNER,ASC
SYS,I_OBJ2,SYS,OBJ$,5,LINKNAME,ASC
SYS,I_OBJ2,SYS,OBJ$,6,SUBNAME,ASC
SYS,I_OBJ2,SYS,OBJ$,7,TYPE#,ASC
SYS,I_OBJ2,SYS,OBJ$,8,SPARE3,ASC
SYS,I_OBJ2,SYS,OBJ$,9,OBJ#,ASC
SYS,I_OBJ3,SYS,OBJ$,1,OID$,ASC
SYS,I_OBJ4,SYS,OBJ$,1,DATAOBJ#,ASC
SYS,I_OBJ4,SYS,OBJ$,2,TYPE#,ASC
SYS,I_OBJ4,SYS,OBJ$,3,OWNER#,ASC
SYS,I_OBJ5,SYS,OBJ$,1,SPARE3,ASC
SYS,I_OBJ5,SYS,OBJ$,2,NAME,ASC
SYS,I_OBJ5,SYS,OBJ$,3,NAMESPACE,ASC
SYS,I_OBJ5,SYS,OBJ$,4,TYPE#,ASC
SYS,I_OBJ5,SYS,OBJ$,5,OWNER#,ASC
SYS,I_OBJ5,SYS,OBJ$,6,REMOTEOWNER,ASC
SYS,I_OBJ5,SYS,OBJ$,7,LINKNAME,ASC
SYS,I_OBJ5,SYS,OBJ$,8,SUBNAME,ASC
SYS,I_OBJ5,SYS,OBJ$,9,OBJ#,ASC
SYS,I_OID1,SYS,OID$,1,USER#,ASC
SYS,I_OID1,SYS,OID$,2,OID$,ASC
SYS,I_OID2,SYS,OID$,1,OBJ#,ASC
SYS,I_OID2,SYS,OID$,2,OID$,ASC
SYS,I_OLAP_ATTRIBUTES$,SYS,OLAP_ATTRIBUTES$,1,DIM_OBJ#,ASC
SYS,I_OLAP_ATTRIBUTES$,SYS,OLAP_ATTRIBUTES$,2,ATTRIBUTE_ID,ASC
SYS,I_OLAP_ATTRIBUTE_VISIBILITY$,SYS,OLAP_ATTRIBUTE_VISIBILITY$,1,ATTRIBUTE_ID,ASC
SYS,I_OLAP_ATTRIBUTE_VISIBILITY$,SYS,OLAP_ATTRIBUTE_VISIBILITY$,2,OWNING_DIM_ID,ASC
SYS,I_OLAP_ATTRIBUTE_VISIBILITY$,SYS,OLAP_ATTRIBUTE_VISIBILITY$,3,OWNING_DIM_TYPE,ASC
SYS,I_OLAP_AW_VIEW_COLUMNS$,SYS,OLAP_AW_VIEW_COLUMNS$,1,VIEW_OBJ#,ASC
SYS,I_OLAP_AW_VIEW_COLUMNS$,SYS,OLAP_AW_VIEW_COLUMNS$,2,COLUMN_OBJ#,ASC
SYS,I_OLAP_AW_VIEWS$,SYS,OLAP_AW_VIEWS$,1,VIEW_OBJ#,ASC
SYS,I_OLAP_CALCULATED_MEMBERS$,SYS,OLAP_CALCULATED_MEMBERS$,1,DIM_OBJ#,ASC
SYS,I_OLAP_CALCULATED_MEMBERS$,SYS,OLAP_CALCULATED_MEMBERS$,2,MEMBER_ID,ASC
SYS,I_OLAP_CUBE_BUILD_PROCESSES$,SYS,OLAP_CUBE_BUILD_PROCESSES$,1,OBJ#,ASC
SYS,I_OLAP_CUBE_DIMENSIONS$,SYS,OLAP_CUBE_DIMENSIONS$,1,OBJ#,ASC
SYS,I_OLAP_CUBES$,SYS,OLAP_CUBES$,1,OBJ#,ASC
SYS,I_OLAP_DESCRIPTION$,SYS,OLAP_DESCRIPTIONS$,1,OWNING_OBJECT_TYPE,ASC
SYS,I_OLAP_DESCRIPTION$,SYS,OLAP_DESCRIPTIONS$,2,OWNING_OBJECT_ID,ASC
SYS,I_OLAP_DESCRIPTION$,SYS,OLAP_DESCRIPTIONS$,3,LANGUAGE,ASC
SYS,I_OLAP_DESCRIPTION$,SYS,OLAP_DESCRIPTIONS$,4,DESCRIPTION_TYPE,ASC
SYS,I_OLAP_DIMENSIONALITY$,SYS,OLAP_DIMENSIONALITY$,1,DIMENSIONED_OBJECT_ID,ASC
SYS,I_OLAP_DIMENSIONALITY$,SYS,OLAP_DIMENSIONALITY$,2,DIMENSIONED_OBJECT_TYPE,ASC
SYS,I_OLAP_DIMENSIONALITY$,SYS,OLAP_DIMENSIONALITY$,3,ORDER_NUM,ASC
SYS,I_OLAP_DIM_LEVELS$,SYS,OLAP_DIM_LEVELS$,1,LEVEL_ID,ASC
SYS,I_OLAP_HIERARCHIES$,SYS,OLAP_HIERARCHIES$,1,DIM_OBJ#,ASC
SYS,I_OLAP_HIERARCHIES$,SYS,OLAP_HIERARCHIES$,2,HIERARCHY_ID,ASC
SYS,I_OLAP_HIER_LEVELS$,SYS,OLAP_HIER_LEVELS$,1,HIERARCHY_ID,ASC
SYS,I_OLAP_HIER_LEVELS$,SYS,OLAP_HIER_LEVELS$,2,ORDER_NUM,ASC
SYS,I_OLAP_IMPL_OPTIONS$,SYS,OLAP_IMPL_OPTIONS$,1,OWNING_OBJECTID,ASC
SYS,I_OLAP_IMPL_OPTIONS$,SYS,OLAP_IMPL_OPTIONS$,2,OBJECT_TYPE,ASC
SYS,I_OLAP_IMPL_OPTIONS$,SYS,OLAP_IMPL_OPTIONS$,3,OPTION_TYPE,ASC
SYS,I_OLAP_MAPPINGS$,SYS,OLAP_MAPPINGS$,1,MAP_ID,ASC
SYS,I_OLAP_MEAS_FOLDER_CONTENTS$,SYS,OLAP_MEAS_FOLDER_CONTENTS$,1,MEASURE_FOLDER_OBJ#,ASC
SYS,I_OLAP_MEAS_FOLDER_CONTENTS$,SYS,OLAP_MEAS_FOLDER_CONTENTS$,2,ORDER_NUM,ASC
SYS,I_OLAP_MEASURE_FOLDERS$,SYS,OLAP_MEASURE_FOLDERS$,1,OBJ#,ASC
SYS,I_OLAP_MEASURES_INDEX$,SYS,OLAP_MEASURES$,1,CUBE_OBJ#,ASC
SYS,I_OLAP_MEASURES_INDEX$,SYS,OLAP_MEASURES$,2,MEASURE_ID,ASC
SYS,I_OLAP_METADATA_PROPERTIES,SYS,OLAP_METADATA_PROPERTIES$,1,OWNING_OBJECT_ID,ASC
SYS,I_OLAP_METADATA_PROPERTIES,SYS,OLAP_METADATA_PROPERTIES$,2,OWNING_TYPE,ASC
SYS,I_OLAP_METADATA_PROPERTIES,SYS,OLAP_METADATA_PROPERTIES$,3,OWNING_TYPE2,ASC
SYS,I_OLAP_METADATA_PROPERTIES,SYS,OLAP_METADATA_PROPERTIES$,4,OWNING_OBJECT_ID2,ASC
SYS,I_OLAP_METADATA_PROPERTIES,SYS,OLAP_METADATA_PROPERTIES$,5,PROPERTY_ORDER,ASC
SYS,I_OLAP_MODEL_ASSIGNMENT$,SYS,OLAP_MODEL_ASSIGNMENTS$,1,MODEL_ID,ASC
SYS,I_OLAP_MODEL_ASSIGNMENT$,SYS,OLAP_MODEL_ASSIGNMENTS$,2,ORDER_NUM,ASC
SYS,I_OLAP_MODEL_PARENTS$,SYS,OLAP_MODEL_PARENTS$,1,MODEL_ID,ASC
SYS,I_OLAP_MODEL_PARENTS$,SYS,OLAP_MODEL_PARENTS$,2,PARENT_MODEL_ID,ASC
SYS,I_OLAP_MODELS$,SYS,OLAP_MODELS$,1,OWNING_OBJ_ID,ASC
SYS,I_OLAP_MODELS$,SYS,OLAP_MODELS$,2,OWNING_OBJ_TYPE,ASC
SYS,I_OLAP_MODELS$,SYS,OLAP_MODELS$,3,MODEL_ID,ASC
SYS,I_OLAP_MULTI_OPTIONS,SYS,OLAP_MULTI_OPTIONS$,1,OWNING_OBJECTID,ASC
SYS,I_OLAP_MULTI_OPTIONS,SYS,OLAP_MULTI_OPTIONS$,2,OBJECT_TYPE,ASC
SYS,I_OLAP_MULTI_OPTIONS,SYS,OLAP_MULTI_OPTIONS$,3,OPTION_TYPE,ASC
SYS,I_OLAP_MULTI_OPTIONS,SYS,OLAP_MULTI_OPTIONS$,4,OPTION_ORDER,ASC
SYS,I_OLAP_SYNTAX$,SYS,OLAP_SYNTAX$,1,REF_ROLE,ASC
SYS,I_OLAP_SYNTAX$,SYS,OLAP_SYNTAX$,2,OWNER_ID,ASC
SYS,I_OLAP_SYNTAX$,SYS,OLAP_SYNTAX$,3,OWNER_TYPE,ASC
SYS,I_OLAP_SYNTAX$,SYS,OLAP_SYNTAX$,4,ORDER_NUM,ASC
SYS,I_OLAP_TAB$,SYS,OLAP_TAB$,1,OBJ#,ASC
SYS,I_OLAP_TAB_COL$,SYS,OLAP_TAB_COL$,1,OBJ#,ASC
SYS,I_OLAP_TAB_HIER$,SYS,OLAP_TAB_HIER$,1,OBJ#,ASC
SYS,I_OPQTYPE1,SYS,OPQTYPE$,1,OBJ#,ASC
SYS,I_OPQTYPE1,SYS,OPQTYPE$,2,INTCOL#,ASC
SYS,I_OPT_CALIBRATION_STATS$,SYS,OPT_CALIBRATION_STATS$,1,STATID#,ASC
SYS,I_OPT_CALIBRATION_STATS$,SYS,OPT_CALIBRATION_STATS$,2,ORIGIN,ASC
SYS,I_OPT_CALIBRATION_STATS$,SYS,OPT_CALIBRATION_STATS$,3,PROPERTIES,ASC
SYS,I_OPT_DIRECTIVE_DIRID,SYS,OPT_DIRECTIVE$,1,DIR_ID,ASC
SYS,I_OPT_DIRECTIVE_DIROWN#,SYS,OPT_DIRECTIVE$,1,DIR_OWN#,ASC
SYS,I_OPT_DIRECTIVE_OWN#,SYS,OPT_DIRECTIVE_OWN$,1,DIR_OWN#,ASC
SYS,I_OPT_FINDING_F_ID,SYS,OPT_FINDING$,1,F_ID,ASC
SYS,I_OPT_FINDING_OBJ_ID_OBJ_TYPE,SYS,OPT_FINDING_OBJ$,1,F_ID,ASC
SYS,I_OPT_FINDING_OBJ_ID_OBJ_TYPE,SYS,OPT_FINDING_OBJ$,2,F_OBJ#,ASC
SYS,I_OPT_FINDING_OBJ_ID_OBJ_TYPE,SYS,OPT_FINDING_OBJ$,3,OBJ_TYPE,ASC
SYS,I_OPT_SQLSTAT_LGT,SYS,OPT_SQLSTAT$,1,LAST_GATHER_TIME,ASC
SYS,I_OPTSTAT_SNAPSHOT$,SYS,OPTSTAT_SNAPSHOT$,1,OBJ#,ASC
SYS,I_PARAMETER1,SYS,PARAMETER$,1,TOID,ASC
SYS,I_PARAMETER1,SYS,PARAMETER$,2,VERSION#,ASC
SYS,I_PARAMETER1,SYS,PARAMETER$,3,METHOD#,ASC
SYS,I_PARAMETER1,SYS,PARAMETER$,4,NAME,ASC
SYS,I_PARAMETER2,SYS,PARAMETER$,1,TOID,ASC
SYS,I_PARAMETER2,SYS,PARAMETER$,2,VERSION#,ASC
SYS,I_PARAMETER2,SYS,PARAMETER$,3,METHOD#,ASC
SYS,I_PARAMETER2,SYS,PARAMETER$,4,PARAMETER#,ASC
SYS,I_PARENTOBJ,SYS,EXPDEPOBJ$,1,P_OBJ#,ASC
SYS,I_PARTCOL$,SYS,PARTCOL$,1,OBJ#,ASC
SYS,I_PARTOBJ$,SYS,PARTOBJ$,1,OBJ#,ASC
SYS,I_PDB_ALERT1,SYS,PDB_ALERT$,1,NAME,ASC
SYS,I_PDB_ALERT1,SYS,PDB_ALERT$,2,CAUSE#,ASC
SYS,I_PDB_ALERT1,SYS,PDB_ALERT$,3,TYPE#,ASC
SYS,I_PDB_ALERT1,SYS,PDB_ALERT$,4,LINE#,ASC
SYS,I_PDB_ALERT2,SYS,PDB_ALERT$,1,NAME,ASC
SYS,I_PDB_ALERT2,SYS,PDB_ALERT$,2,CAUSE#,ASC
SYS,I_PDBARCSKIP1,SYS,PDB_ARC_SKIP$,1,THREAD#,ASC
SYS,I_PDBARCSKIP1,SYS,PDB_ARC_SKIP$,2,SEQUENCE#,ASC
SYS,I_PDBARCSKIP1,SYS,PDB_ARC_SKIP$,3,RESETLOGS_CHANGE#,ASC
SYS,I_PDBARCSKIP1,SYS,PDB_ARC_SKIP$,4,DBID,ASC
SYS,I_PDBARCSKIP1,SYS,PDB_ARC_SKIP$,5,FILEPATH,ASC
SYS,I_PDBARCSKIP1,SYS,PDB_ARC_SKIP$,6,FLAGS,ASC
SYS,I_PDBARCSKIP3,SYS,PDB_ARC_SKIP$,1,CTIME,ASC
SYS,I_PDBARCSKIP4,SYS,PDB_ARC_SKIP$,1,FIRST_CHANGE#,ASC
SYS,I_PDBARCSKIP4,SYS,PDB_ARC_SKIP$,2,NEXT_CHANGE#,ASC
SYS,I_PDBARCSKIP4,SYS,PDB_ARC_SKIP$,3,DBID,ASC
SYS,I_PDBREFCATALOG1,SYS,PDB_REF_CATALOG$,1,DBID,ASC
SYS,I_PDBREFCATALOG1,SYS,PDB_REF_CATALOG$,2,DBNAME,ASC
SYS,I_PDBREFCATALOG1,SYS,PDB_REF_CATALOG$,3,LOG_DEST,ASC
SYS,I_PDBSNAP1,SYS,PDB_SNAPSHOT$,1,CON_UID,ASC
SYS,I_PDBSNAP1,SYS,PDB_SNAPSHOT$,2,SNAPSCN,ASC
SYS,I_PDBSNAP2,SYS,PDB_SNAPSHOT$,1,CON_UID,ASC
SYS,I_PDBSNAP2,SYS,PDB_SNAPSHOT$,2,SNAPNAME,ASC
SYS,I_PDB_SPFILE_1,SYS,PDB_SPFILE$,1,DB_UNIQ_NAME,ASC
SYS,I_PDB_SPFILE_1,SYS,PDB_SPFILE$,2,PDB_UID,ASC
SYS,I_PDB_SPFILE_1,SYS,PDB_SPFILE$,3,SID,ASC
SYS,I_PDB_SPFILE_1,SYS,PDB_SPFILE$,4,NAME,ASC
SYS,I_PDBSTATE1,SYS,PDBSTATE$,1,INST_NAME,ASC
SYS,I_PDBSTATE1,SYS,PDBSTATE$,2,PDB_GUID,ASC
SYS,I_PDBSTAT1,SYS,PDB_STAT$,1,CON_UID#,ASC
SYS,I_PDBSTAT1,SYS,PDB_STAT$,2,INST_NAME,ASC
SYS,I_PDBSTAT1,SYS,PDB_STAT$,3,STAT_NAME,ASC
SYS,I_PDBSVCSTATE1,SYS,PDB_SVC_STATE$,1,INST_NAME,ASC
SYS,I_PDBSVCSTATE1,SYS,PDB_SVC_STATE$,2,PDB_GUID,ASC
SYS,I_PDBSVCSTATE1,SYS,PDB_SVC_STATE$,3,SVC_HASH,ASC
SYS,I_PDB_SYNC_STMT$,SYS,PDB_SYNC_STMT$,1,APPID#,ASC
SYS,I_PDB_SYNC_STMT$,SYS,PDB_SYNC_STMT$,2,SQLID,ASC
SYS,I_PDBSYNC1,SYS,PDB_SYNC$,1,REPLAY#,ASC
SYS,I_PDBSYNC2,SYS,PDB_SYNC$,1,NAME,ASC
SYS,I_PDBSYNC3,SYS,PDB_SYNC$,1,SYS_NC00030$,ASC
SYS,I_PDBSYNC4,SYS,PDB_SYNC$,1,SESSSERIAL#,ASC
SYS,I_PENDING_TRANS1,SYS,PENDING_TRANS$,1,LOCAL_TRAN_ID,ASC
SYS,I_PLSCOPE_ACTION$,SYS,PLSCOPE_ACTION$,1,OBJ#,ASC
SYS,I_PLSCOPE_ACTION$,SYS,PLSCOPE_ACTION$,2,SIGNATURE,ASC
SYS,I_PLSCOPE_ACTION$,SYS,PLSCOPE_ACTION$,3,ACTION,ASC
SYS,I_PLSCOPE_DECL_ACTION$,SYS,PLSCOPE_ACTION$,1,OBJ#,ASC
SYS,I_PLSCOPE_DECL_ACTION$,SYS,PLSCOPE_ACTION$,2,DECL_OBJ#,ASC
SYS,I_PLSCOPE_FLAGS_ACTION$,SYS,PLSCOPE_ACTION$,1,OBJ#,ASC
SYS,I_PLSCOPE_FLAGS_ACTION$,SYS,PLSCOPE_ACTION$,2,DECL_OBJ#,ASC
SYS,I_PLSCOPE_FLAGS_ACTION$,SYS,PLSCOPE_ACTION$,3,FLAGS,ASC
SYS,I_PLSCOPE_IDENTIFIER$,SYS,PLSCOPE_IDENTIFIER$,1,OBJ#,ASC
SYS,I_PLSCOPE_IDENTIFIER$,SYS,PLSCOPE_IDENTIFIER$,2,SIGNATURE,ASC
SYS,I_PLSCOPE_IDENTIFIER$,SYS,PLSCOPE_IDENTIFIER$,3,TYPE#,ASC
SYS,I_PLSCOPE_OBJ_IDENTIFIER$,SYS,PLSCOPE_IDENTIFIER$,1,OBJ#,ASC
SYS,I_PLSCOPE_OBJ_SQL_ID$,SYS,PLSCOPE_SQL$,1,OBJ#,ASC
SYS,I_PLSCOPE_OBJ_SQL_ID$,SYS,PLSCOPE_SQL$,2,SQL_ID,ASC
SYS,I_PLSCOPE_SIG_IDENTIFIER$,SYS,PLSCOPE_IDENTIFIER$,1,SIGNATURE,ASC
SYS,I_PLSCOPE_SIG_STATEMENT$,SYS,PLSCOPE_STATEMENT$,1,SIGNATURE,ASC
SYS,I_PLSCOPE_STATEMENT$,SYS,PLSCOPE_STATEMENT$,1,OBJ#,ASC
SYS,I_PLSCOPE_STATEMENT$,SYS,PLSCOPE_STATEMENT$,2,SQL_ID,ASC
SYS,I_PROCEDUREBLOCKCHAININFO$,SYS,PROCEDUREBLOCKCHAININFO$,1,OBJ#,ASC
SYS,I_PROCEDUREBLOCKCHAININFO$,SYS,PROCEDUREBLOCKCHAININFO$,2,PROCEDURE#,ASC
SYS,I_PROCEDUREC$,SYS,PROCEDUREC$,1,OBJ#,ASC
SYS,I_PROCEDUREC$,SYS,PROCEDUREC$,2,PROCEDURE#,ASC
SYS,I_PROCEDUREINFO1,SYS,PROCEDUREINFO$,1,OBJ#,ASC
SYS,I_PROCEDUREINFO1,SYS,PROCEDUREINFO$,2,PROCEDURENAME,ASC
SYS,I_PROCEDUREINFO1,SYS,PROCEDUREINFO$,3,OVERLOAD#,ASC
SYS,I_PROCEDUREJAVA$,SYS,PROCEDUREJAVA$,1,OBJ#,ASC
SYS,I_PROCEDUREJAVA$,SYS,PROCEDUREJAVA$,2,PROCEDURE#,ASC
SYS,I_PROCEDUREPLSQL$,SYS,PROCEDUREPLSQL$,1,OBJ#,ASC
SYS,I_PROCEDUREPLSQL$,SYS,PROCEDUREPLSQL$,2,PROCEDURE#,ASC
SYS,I_PROCEDURE1,SYS,PROCEDURE$,1,OBJ#,ASC
SYS,I_PROFILE,SYS,PROFILE$,1,PROFILE#,ASC
SYS,I_PROFNAME,SYS,PROFNAME$,1,NAME,ASC
SYS,I_PROXY_DATA$,SYS,PROXY_DATA$,1,CLIENT#,ASC
SYS,I_PROXY_DATA$,SYS,PROXY_DATA$,2,PROXY#,ASC
SYS,I_PROXY_INFO$,SYS,PROXY_INFO$,1,CLIENT#,ASC
SYS,I_PROXY_INFO$,SYS,PROXY_INFO$,2,PROXY#,ASC
SYS,I_PROXY_ROLE_DATA$_1,SYS,PROXY_ROLE_DATA$,1,CLIENT#,ASC
SYS,I_PROXY_ROLE_DATA$_1,SYS,PROXY_ROLE_DATA$,2,PROXY#,ASC
SYS,I_PROXY_ROLE_DATA$_2,SYS,PROXY_ROLE_DATA$,1,CLIENT#,ASC
SYS,I_PROXY_ROLE_DATA$_2,SYS,PROXY_ROLE_DATA$,2,PROXY#,ASC
SYS,I_PROXY_ROLE_DATA$_2,SYS,PROXY_ROLE_DATA$,3,ROLE#,ASC
SYS,I_PROXY_ROLE_INFO$_1,SYS,PROXY_ROLE_INFO$,1,CLIENT#,ASC
SYS,I_PROXY_ROLE_INFO$_1,SYS,PROXY_ROLE_INFO$,2,PROXY#,ASC
SYS,I_PROXY_ROLE_INFO$_2,SYS,PROXY_ROLE_INFO$,1,CLIENT#,ASC
SYS,I_PROXY_ROLE_INFO$_2,SYS,PROXY_ROLE_INFO$,2,PROXY#,ASC
SYS,I_PROXY_ROLE_INFO$_2,SYS,PROXY_ROLE_INFO$,3,ROLE#,ASC
SYS,I_PS$,SYS,PS$,1,AWSEQ#,ASC
SYS,I_PS$,SYS,PS$,2,PSNUMBER,ASC
SYS,I_PS$,SYS,PS$,3,PSGEN,ASC
SYS,I_RADM_CD1,SYS,RADM_CD$,1,OBJ#,ASC
SYS,I_RADM_CD2,SYS,RADM_CD$,1,OBJ#,ASC
SYS,I_RADM_CD2,SYS,RADM_CD$,2,INTCOL#,ASC
SYS,I_RADM_CD3,SYS,RADM_CD$,1,OBJ#,ASC
SYS,I_RADM_CD3,SYS,RADM_CD$,2,INTCOL#,ASC
SYS,I_RADM_CD3,SYS,RADM_CD$,3,PNAME,ASC
SYS,I_RADM_FPTM,SYS,RADM_FPTM$,1,FPVER,ASC
SYS,I_RADM_FPTM_LOB,SYS,RADM_FPTM_LOB$,1,FPVER,ASC
SYS,I_RADM_MC1,SYS,RADM_MC$,1,OBJ#,ASC
SYS,I_RADM_MC2,SYS,RADM_MC$,1,OBJ#,ASC
SYS,I_RADM_MC2,SYS,RADM_MC$,2,INTCOL#,ASC
SYS,I_RADM_MC3,SYS,RADM_MC$,1,PE#,ASC
SYS,I_RADM_PE1,SYS,RADM_PE$,1,PE_NAME,ASC
SYS,I_RADM_PE2,SYS,RADM_PE$,1,PE_OBJ#,ASC
SYS,I_RADM_PE2,SYS,RADM_PE$,2,PE_NAME,ASC
SYS,I_RADM_TD1,SYS,RADM_TD$,1,OBJ#,ASC
SYS,I_RADM_TD2,SYS,RADM_TD$,1,OBJ#,ASC
SYS,I_RADM_TD2,SYS,RADM_TD$,2,PNAME,ASC
SYS,I_RADM1,SYS,RADM$,1,OBJ#,ASC
SYS,I_RADM2,SYS,RADM$,1,OBJ#,ASC
SYS,I_RADM2,SYS,RADM$,2,PNAME,ASC
SYS,I_REC_TAB,SYS,REC_TAB$,1,EC_OBJ#,ASC
SYS,I_REC_TAB,SYS,REC_TAB$,2,TAB_ID,ASC
SYS,I_REC_VAR,SYS,REC_VAR$,1,EC_OBJ#,ASC
SYS,I_REC_VAR,SYS,REC_VAR$,2,VAR_ID,ASC
SYS,I_REDEF_DEP_ERROR$,SYS,REDEF_DEP_ERROR$,1,REDEF_ID,ASC
SYS,I_REDEF_DEP_ERROR$,SYS,REDEF_DEP_ERROR$,2,OBJ_TYPE,ASC
SYS,I_REDEF_DEP_ERROR$,SYS,REDEF_DEP_ERROR$,3,OBJ_OWNER,ASC
SYS,I_REDEF_DEP_ERROR$,SYS,REDEF_DEP_ERROR$,4,OBJ_NAME,ASC
SYS,I_REDEF_OBJECT$,SYS,REDEF_OBJECT$,1,REDEF_ID,ASC
SYS,I_REDEF_OBJECT$,SYS,REDEF_OBJECT$,2,OBJ_TYPE,ASC
SYS,I_REDEF_OBJECT$,SYS,REDEF_OBJECT$,3,OBJ_OWNER,ASC
SYS,I_REDEF_OBJECT$,SYS,REDEF_OBJECT$,4,OBJ_NAME,ASC
SYS,I_REDEF_OBJECT_BACKUP$,SYS,REDEF_OBJECT_BACKUP$,1,REDEF_ID,ASC
SYS,I_REDEF_OBJECT_BACKUP$,SYS,REDEF_OBJECT_BACKUP$,2,OBJ_TYPE,ASC
SYS,I_REDEF_OBJECT_BACKUP$,SYS,REDEF_OBJECT_BACKUP$,3,OBJ_OWNER,ASC
SYS,I_REDEF_OBJECT_BACKUP$,SYS,REDEF_OBJECT_BACKUP$,4,OBJ_NAME,ASC
SYS,I_REDEF_STATUS$,SYS,REDEF_STATUS$,1,REDEF_ID,ASC
SYS,I_REFCON1,SYS,REFCON$,1,OBJ#,ASC
SYS,I_REFCON1,SYS,REFCON$,2,COL#,ASC
SYS,I_REFCON2,SYS,REFCON$,1,OBJ#,ASC
SYS,I_REFCON2,SYS,REFCON$,2,INTCOL#,ASC
SYS,I_REG_SNAP1,SYS,REG_SNAP$,1,SOWNER,ASC
SYS,I_REG_SNAP1,SYS,REG_SNAP$,2,SNAPNAME,ASC
SYS,I_REG_SNAP1,SYS,REG_SNAP$,3,SNAPSITE,ASC
SYS,I_REG_SNAP2,SYS,REG_SNAP$,1,SNAPSHOT_ID,ASC
SYS,I_REPL_DBNAME_MAPPING_1,SYS,REPL$_DBNAME_MAPPING,1,SOURCE_ROOT_NAME,ASC
SYS,I_REPL_DBNAME_MAPPING_1,SYS,REPL$_DBNAME_MAPPING,2,SOURCE_DATABASE_NAME,ASC
SYS,I_REPL_DBNAME_MAPPING_2,SYS,REPL$_DBNAME_MAPPING,1,SOURCE_ROOT_NAME,ASC
SYS,I_REPL_DBNAME_MAPPING_2,SYS,REPL$_DBNAME_MAPPING,2,SOURCE_CONTAINER_NAME,ASC
SYS,I_REPL$_PROCESS_EVENT,SYS,REPL$_PROCESS_EVENTS,1,STREAMS_NAME,ASC
SYS,I_RESULT1,SYS,RESULT$,1,TOID,ASC
SYS,I_RESULT1,SYS,RESULT$,2,VERSION#,ASC
SYS,I_RESULT1,SYS,RESULT$,3,METHOD#,ASC
SYS,I_RESULT1,SYS,RESULT$,4,RESULT#,ASC
SYS,I_RG#,SYS,C_RG#,1,REFGROUP,ASC
SYS,I_RGCHILD,SYS,RGCHILD$,1,OWNER,ASC
SYS,I_RGCHILD,SYS,RGCHILD$,2,NAME,ASC
SYS,I_RGCHILD,SYS,RGCHILD$,3,INSTSITE,ASC
SYS,I_RGCHILD,SYS,RGCHILD$,4,TYPE#,ASC
SYS,I_RGJOB,SYS,RGROUP$,1,JOB,ASC
SYS,I_RGJOBNAME,SYS,RGROUP$,1,JOB_NAME,ASC
SYS,I_RGREF,SYS,RGROUP$,1,REFGROUP,ASC
SYS,I_RGROUP,SYS,RGROUP$,1,OWNER,ASC
SYS,I_RGROUP,SYS,RGROUP$,2,NAME,ASC
SYS,I_RGROUP,SYS,RGROUP$,3,INSTSITE,ASC
SYS,I_RLS,SYS,RLS$,1,OBJ#,ASC
SYS,I_RLS,SYS,RLS$,2,GNAME,ASC
SYS,I_RLS,SYS,RLS$,3,PNAME,ASC
SYS,I_RLS_CSA,SYS,RLS_CSA$,1,OBJ#,ASC
SYS,I_RLS_CSA,SYS,RLS_CSA$,2,GNAME,ASC
SYS,I_RLS_CSA,SYS,RLS_CSA$,3,PNAME,ASC
SYS,I_RLS_CTX,SYS,RLS_CTX$,1,OBJ#,ASC
SYS,I_RLS_GRP,SYS,RLS_GRP$,1,OBJ#,ASC
SYS,I_RLS_SC,SYS,RLS_SC$,1,OBJ#,ASC
SYS,I_RLS_SC,SYS,RLS_SC$,2,GNAME,ASC
SYS,I_RLS_SC,SYS,RLS_SC$,3,PNAME,ASC
SYS,I_RLS2,SYS,RLS$,1,OBJ#,ASC
SYS,I_RULE,SYS,RULE$,1,OBJ#,ASC
SYS,I_RULE_EC,SYS,RULE_EC$,1,OBJ#,ASC
SYS,I_RULE_MAP1,SYS,RULE_MAP$,1,RS_OBJ#,ASC
SYS,I_RULE_MAP2,SYS,RULE_MAP$,1,R_OBJ#,ASC
SYS,I_RULE_SET,SYS,RULE_SET$,1,OBJ#,ASC
SYS,I_RULE_SET_EE,SYS,RULE_SET_EE$,1,RS_OBJ#,ASC
SYS,I_RULE_SET_EE,SYS,RULE_SET_EE$,2,ECTX#,ASC
SYS,I_RULE_SET_FOB,SYS,RULE_SET_FOB$,1,RS_OBJ#,ASC
SYS,I_RULE_SET_FOB,SYS,RULE_SET_FOB$,2,EC_OBJ#,ASC
SYS,I_RULE_SET_FOB,SYS,RULE_SET_FOB$,3,BOX_ID,ASC
SYS,I_RULE_SET_IOT,SYS,RULE_SET_IOT$,1,RS_OBJ#,ASC
SYS,I_RULE_SET_IOT,SYS,RULE_SET_IOT$,2,EC_OBJ#,ASC
SYS,I_RULE_SET_IOT,SYS,RULE_SET_IOT$,3,RULE_ID,ASC
SYS,I_RULE_SET_IOT,SYS,RULE_SET_IOT$,4,RULE_OR_PIECE,ASC
SYS,I_RULE_SET_IOT,SYS,RULE_SET_IOT$,5,ROP_ID,ASC
SYS,I_RULE_SET_NL,SYS,RULE_SET_NL$,1,RS_OBJ#,ASC
SYS,I_RULE_SET_NL,SYS,RULE_SET_NL$,2,EC_OBJ#,ASC
SYS,I_RULE_SET_NL,SYS,RULE_SET_NL$,3,BOX_ID,ASC
SYS,I_RULE_SET_NL,SYS,RULE_SET_NL$,4,NE_ID,ASC
SYS,I_RULE_SET_RDEP1,SYS,RULE_SET_RDEP$,1,RS_OBJ#,ASC
SYS,I_RULE_SET_RDEP1,SYS,RULE_SET_RDEP$,2,DP_OBJ#,ASC
SYS,I_RULE_SET_RDEP1,SYS,RULE_SET_RDEP$,3,ISIN_DP,ASC
SYS,I_RULE_SET_RDEP2,SYS,RULE_SET_RDEP$,1,DP_OBJ#,ASC
SYS,I_RULE_SET_RDEP2,SYS,RULE_SET_RDEP$,2,DP_TMSP,ASC
SYS,I_RULE_SET_RDEP2,SYS,RULE_SET_RDEP$,3,ISIN_DP,ASC
SYS,I_RULE_SET_ROR,SYS,RULE_SET_ROR$,1,RS_OBJ#,ASC
SYS,I_RULE_SET_ROR,SYS,RULE_SET_ROR$,2,EC_OBJ#,ASC
SYS,I_RULE_SET_ROR,SYS,RULE_SET_ROR$,3,RULE_ID,ASC
SYS,I_RULE_SET_ROR,SYS,RULE_SET_ROR$,4,RULE_OR_PIECE,ASC
SYS,I_RULE_SET_TE,SYS,RULE_SET_TE$,1,RS_OBJ#,ASC
SYS,I_RULE_SET_TE,SYS,RULE_SET_TE$,2,EC_OBJ#,ASC
SYS,I_RULE_SET_TE,SYS,RULE_SET_TE$,3,TAB_ID,ASC
SYS,I_RULE_SET_VE,SYS,RULE_SET_VE$,1,RS_OBJ#,ASC
SYS,I_RULE_SET_VE,SYS,RULE_SET_VE$,2,EC_OBJ#,ASC
SYS,I_RULE_SET_VE,SYS,RULE_SET_VE$,3,VAR_ID,ASC
SYS,I_RXS$SESSIONS1,SYS,RXS$SESSIONS,1,COOKIE,ASC
SYS,I_SCHEDULER_CONST_STAT1,SYS,SCHEDULER$_CONSTRAINTS_STATS,1,RESOID,ASC
SYS,I_SCHEDULER_CONST_STAT2,SYS,SCHEDULER$_CONSTRAINTS_STATS,1,JOBOID,ASC
SYS,I_SCHEDULER_JOB_ARGUMENT1,SYS,SCHEDULER$_JOB_ARGUMENT,1,OID,ASC
SYS,I_SCHEDULER_JOB_OUT_ARGS,SYS,SCHEDULER$_JOB_OUT_ARGS,1,LOG_ID,ASC
SYS,I_SCHEDULER_JOB_RUN_DETAILS,SYS,SCHEDULER$_JOB_RUN_DETAILS,1,LOG_ID,ASC
SYS,I_SCHEDULER_JOB1,SYS,SCHEDULER$_JOB,1,SYS_NC00059$,ASC
SYS,I_SCHEDULER_JOB2,SYS,SCHEDULER$_JOB,1,CLASS_OID,ASC
SYS,I_SCHEDULER_JOB3,SYS,SCHEDULER$_JOB,1,SCHEDULE_ID,ASC
SYS,I_SCHEDULER_JOB4,SYS,SCHEDULER$_JOB,1,SYS_NC00060$,ASC
SYS,I_SCHEDULER$_LISTENERADDRESSES,SYS,SCHEDULER$_LISTENERADDRESSES,1,SERVICE,ASC
SYS,I_SCHEDULER$_LISTENERADDRESSE2,SYS,SCHEDULER$_LISTENERADDRESSES,1,SERVICE,ASC
SYS,I_SCHEDULER$_LISTENERADDRESSE2,SYS,SCHEDULER$_LISTENERADDRESSES,2,INSTANCE,ASC
SYS,I_SCHEDULER_NOTIFICATION1,SYS,SCHEDULER$_NOTIFICATION,1,NOTIFICATION_OWNER,ASC
SYS,I_SCHEDULER_NOTIFICATION1,SYS,SCHEDULER$_NOTIFICATION,2,OWNER,ASC
SYS,I_SCHEDULER_NOTIFICATION1,SYS,SCHEDULER$_NOTIFICATION,3,JOB_NAME,ASC
SYS,I_SCHEDULER_NOTIFICATION1,SYS,SCHEDULER$_NOTIFICATION,4,JOB_SUBNAME,ASC
SYS,I_SCHEDULER_NOTIFICATION2,SYS,SCHEDULER$_NOTIFICATION,1,NOTIFICATION_OWNER,ASC
SYS,I_SCHEDULER_NOTIFICATION2,SYS,SCHEDULER$_NOTIFICATION,2,OWNER,ASC
SYS,I_SCHEDULER_NOTIFICATION2,SYS,SCHEDULER$_NOTIFICATION,3,JOB_NAME,ASC
SYS,I_SCHEDULER_NOTIFICATION2,SYS,SCHEDULER$_NOTIFICATION,4,JOB_SUBNAME,ASC
SYS,I_SCHEDULER_NOTIFICATION2,SYS,SCHEDULER$_NOTIFICATION,5,EVENT_FLAG,ASC
SYS,I_SCHEDULER_NOTIFICATION3,SYS,SCHEDULER$_NOTIFICATION,1,OWNER,ASC
SYS,I_SCHEDULER_NOTIFICATION4,SYS,SCHEDULER$_NOTIFICATION,1,OWNER,ASC
SYS,I_SCHEDULER_NOTIFICATION4,SYS,SCHEDULER$_NOTIFICATION,2,JOB_NAME,ASC
SYS,I_SCHEDULER_NOTIFICATION5,SYS,SCHEDULER$_NOTIFICATION,1,OWNER,ASC
SYS,I_SCHEDULER_NOTIFICATION5,SYS,SCHEDULER$_NOTIFICATION,2,NOTIFICATION_OWNER,ASC
SYS,I_SCHEDULER_PROGRAM_ARGUMENT1,SYS,SCHEDULER$_PROGRAM_ARGUMENT,1,OID,ASC
SYS,I_SCHEDULER_PROGRAM_ARGUMENT1,SYS,SCHEDULER$_PROGRAM_ARGUMENT,2,NAME,ASC
SYS,I_SCHEDULER_STEP1,SYS,SCHEDULER$_STEP,1,OID,ASC
SYS,I_SCHEDULER_STEP2,SYS,SCHEDULER$_STEP,1,OID,ASC
SYS,I_SCHEDULER_STEP2,SYS,SCHEDULER$_STEP,2,VAR_NAME,ASC
SYS,I_SCHEDULER_WINDOW_DETAILS,SYS,SCHEDULER$_WINDOW_DETAILS,1,LOG_ID,ASC
SYS,I_SCHEDULER_WINDOW1,SYS,SCHEDULER$_WINDOW,1,SYS_NC00022$,ASC
SYS,I_SCHEDULER_WINGRP_MEMBER1,SYS,SCHEDULER$_WINGRP_MEMBER,1,OID,ASC
SYS,I_SCHEDULER_WINGRP_MEMBER2,SYS,SCHEDULER$_WINGRP_MEMBER,1,MEMBER_OID,ASC
SYS,I_SCHEDULER_WINGRP_MEMBER3,SYS,SCHEDULER$_WINGRP_MEMBER,1,MEMBER_OID2,ASC
SYS,IS_DBFS$_MOUNTS,SYS,DBFS$_MOUNTS,1,SYS_NC00007$,ASC
SYS,I_SENSITIVE_FIXED$,SYS,SENSITIVE_FIXED$,1,NAME,ASC
SYS,I_SENSITIVE_FIXED$,SYS,SENSITIVE_FIXED$,2,FLAG,ASC
SYS,I_SEQ1,SYS,SEQ$,1,OBJ#,ASC
SYS,I_SETTINGS1,SYS,SETTINGS$,1,OBJ#,ASC
SYS,I_SLOG1,SYS,SLOG$,1,SNAPTIME,ASC
SYS,I_SMB$CONFIG_PKEY,SYS,SMB$CONFIG,1,PARAMETER_NAME,ASC
SYS,I_SNAP_COLMAP1,SYS,SNAP_COLMAP$,1,SOWNER,ASC
SYS,I_SNAP_COLMAP1,SYS,SNAP_COLMAP$,2,VNAME,ASC
SYS,I_SNAP_COLMAP1,SYS,SNAP_COLMAP$,3,INSTSITE,ASC
SYS,I_SNAP_COLMAP1,SYS,SNAP_COLMAP$,4,TABNUM,ASC
SYS,I_SNAP_COLMAP1,SYS,SNAP_COLMAP$,5,SNACOL,ASC
SYS,I_SNAP_LOADERTIME1,SYS,SNAP_LOADERTIME$,1,TABLEOBJ#,ASC
SYS,I_SNAP_LOGDEP1,SYS,SNAP_LOGDEP$,1,TABLEOBJ#,ASC
SYS,I_SNAP_LOGDEP1,SYS,SNAP_LOGDEP$,2,SNAPID,ASC
SYS,I_SNAP_OBJCOL1,SYS,SNAP_OBJCOL$,1,SOWNER,ASC
SYS,I_SNAP_OBJCOL1,SYS,SNAP_OBJCOL$,2,VNAME,ASC
SYS,I_SNAP_OBJCOL1,SYS,SNAP_OBJCOL$,3,INSTSITE,ASC
SYS,I_SNAP_OBJCOL1,SYS,SNAP_OBJCOL$,4,TABNUM,ASC
SYS,I_SNAP_OBJCOL1,SYS,SNAP_OBJCOL$,5,SNACOL,ASC
SYS,I_SNAP_REFOP1,SYS,SNAP_REFOP$,1,SOWNER,ASC
SYS,I_SNAP_REFOP1,SYS,SNAP_REFOP$,2,VNAME,ASC
SYS,I_SNAP_REFOP1,SYS,SNAP_REFOP$,3,INSTSITE,ASC
SYS,I_SNAP_REFOP1,SYS,SNAP_REFOP$,4,OPERATION#,ASC
SYS,I_SNAP_REFOP1,SYS,SNAP_REFOP$,5,TABNUM,ASC
SYS,I_SNAP_REFOP1,SYS,SNAP_REFOP$,6,SETNUM,ASC
SYS,I_SNAP_REFTIME1,SYS,SNAP_REFTIME$,1,VNAME,ASC
SYS,I_SNAP_REFTIME1,SYS,SNAP_REFTIME$,2,SOWNER,ASC
SYS,I_SNAP_REFTIME1,SYS,SNAP_REFTIME$,3,INSTSITE,ASC
SYS,I_SNAP_REFTIME1,SYS,SNAP_REFTIME$,4,TABLENUM,ASC
SYS,I_SNAP_SITE1,SYS,SNAP_SITE$,1,SITE_NAME,ASC
SYS,I_SNAP1,SYS,SNAP$,1,VNAME,ASC
SYS,I_SNAP1,SYS,SNAP$,2,SOWNER,ASC
SYS,I_SNAP1,SYS,SNAP$,3,INSTSITE,ASC
SYS,I_SNAP2,SYS,SNAP$,1,PARENT_VNAME,ASC
SYS,I_SNAP2,SYS,SNAP$,2,PARENT_SOWNER,ASC
SYS,I_SNAP2,SYS,SNAP$,3,INSTSITE,ASC
SYS,I_SOURCE1,SYS,SOURCE$,1,OBJ#,ASC
SYS,I_SOURCE1,SYS,SOURCE$,2,LINE,ASC
SYS,I_SQLOBJ$AUXDATA_PKEY,SYS,SQLOBJ$AUXDATA,1,SIGNATURE,ASC
SYS,I_SQLOBJ$AUXDATA_PKEY,SYS,SQLOBJ$AUXDATA,2,CATEGORY,ASC
SYS,I_SQLOBJ$AUXDATA_PKEY,SYS,SQLOBJ$AUXDATA,3,OBJ_TYPE,ASC
SYS,I_SQLOBJ$AUXDATA_PKEY,SYS,SQLOBJ$AUXDATA,4,PLAN_ID,ASC
SYS,I_SQLOBJ$AUXDATA_TASK,SYS,SQLOBJ$AUXDATA,1,TASK_ID,ASC
SYS,I_SQLOBJ$AUXDATA_TASK,SYS,SQLOBJ$AUXDATA,2,TASK_EXEC_NAME,ASC
SYS,I_SQLOBJ$AUXDATA_TASK,SYS,SQLOBJ$AUXDATA,3,TASK_OBJ_ID,ASC
SYS,I_SQLOBJ$AUXDATA_TASK,SYS,SQLOBJ$AUXDATA,4,TASK_FND_ID,ASC
SYS,I_SQLOBJ$AUXDATA_TASK,SYS,SQLOBJ$AUXDATA,5,TASK_REC_ID,ASC
SYS,I_SQLOBJ$NAME_TYPE,SYS,SQLOBJ$,1,NAME,ASC
SYS,I_SQLOBJ$NAME_TYPE,SYS,SQLOBJ$,2,OBJ_TYPE,ASC
SYS,I_SQL$_PKEY,SYS,SQL$,1,SIGNATURE,ASC
SYS,I_SQLSVC$,SYS,CONNECTION_TESTS$,1,CONNECTION_TEST_TYPE,ASC
SYS,I_SQLSVC$,SYS,CONNECTION_TESTS$,2,SQL_CONNECTION_TEST,ASC
SYS,I_SQLSVC$,SYS,CONNECTION_TESTS$,3,SERVICE_NAME,ASC
SYS,I_SQL$TEXT_HANDLE,SYS,SQL$TEXT,1,SQL_HANDLE,ASC
SYS,I_SQL$TEXT_PKEY,SYS,SQL$TEXT,1,SIGNATURE,ASC
SYS,I_SQLTXL_ERR$_1,SYS,SQLTXL_ERR$,1,OBJ#,ASC
SYS,I_SQLTXL_ERR$_1,SYS,SQLTXL_ERR$,2,ERRCODE#,ASC
SYS,I_SQLTXL_SQL$_1,SYS,SQLTXL_SQL$,1,OBJ#,ASC
SYS,I_SQLTXL_SQL$_1,SYS,SQLTXL_SQL$,2,SQLHASH,ASC
SYS,I_SQLTXL$_1,SYS,SQLTXL$,1,OBJ#,ASC
SYS,I_SQL_VERSION$_VERSION#,SYS,SQL_VERSION$,1,VERSION#,ASC
SYS,I_SSCR_CAP$,SYS,SSCR_CAP$,1,SEQ#,ASC
SYS,I_SSCR_RES$,SYS,SSCR_RES$,1,SEQ#,ASC
SYS,I_STATS_ADVISOR_FILTER_OBJ$,SYS,STATS_ADVISOR_FILTER_OBJ$,1,RULE_ID,ASC
SYS,I_STATS_ADVISOR_FILTER_OBJ$,SYS,STATS_ADVISOR_FILTER_OBJ$,2,OBJ#,ASC
SYS,I_STATS_ADVISOR_FILTER_OPR$,SYS,STATS_ADVISOR_FILTER_OPR$,1,RULE_ID,ASC
SYS,I_STATS_ADVISOR_FILTER_OPR$,SYS,STATS_ADVISOR_FILTER_OPR$,2,NAME,ASC
SYS,I_STATS_OBJ#,SYS,OBJECT_USAGE,1,OBJ#,ASC
SYS,I_STATS_TARGET1,SYS,STATS_TARGET$,1,STALENESS,ASC
SYS,I_STATS_TARGET1,SYS,STATS_TARGET$,2,OSIZE,ASC
SYS,I_STATS_TARGET1,SYS,STATS_TARGET$,3,OBJ#,ASC
SYS,I_STATS_TARGET1,SYS,STATS_TARGET$,4,STATUS,ASC
SYS,I_STATS_TARGET2,SYS,STATS_TARGET$,1,OBJ#,ASC
SYS,I_STMT_AUDIT_OPTION_MAP,SYS,STMT_AUDIT_OPTION_MAP,1,OPTION#,ASC
SYS,I_STMT_AUDIT_OPTION_MAP,SYS,STMT_AUDIT_OPTION_MAP,2,NAME,ASC
SYS,I_STREAMS_APPLY_MILESTONE1,SYS,STREAMS$_APPLY_MILESTONE,1,APPLY#,ASC
SYS,I_STREAMS_APPLY_MILESTONE1,SYS,STREAMS$_APPLY_MILESTONE,2,SOURCE_DB_NAME,ASC
SYS,I_STREAMS_APPLY_MILESTONE1,SYS,STREAMS$_APPLY_MILESTONE,3,SOURCE_ROOT_NAME,ASC
SYS,I_STREAMS_APPLY_PROCESS1,SYS,STREAMS$_APPLY_PROCESS,1,APPLY#,ASC
SYS,I_STREAMS_APPLY_PROCESS2,SYS,STREAMS$_APPLY_PROCESS,1,APPLY_NAME,ASC
SYS,I_STREAMS_APPLY_PROCESS3,SYS,STREAMS$_APPLY_PROCESS,1,QUEUE_OID,ASC
SYS,I_STREAMS_APPLY_SPILL_MESGS1,SYS,STREAMS$_APPLY_SPILL_MESSAGES,1,TXNKEY,ASC
SYS,I_STREAMS_APPLY_SPILL_MESGS1,SYS,STREAMS$_APPLY_SPILL_MESSAGES,2,SEQUENCE,ASC
SYS,I_STREAMS_APPLY_SPILL_MSGS_PT1,SYS,STREAMS$_APPLY_SPILL_MSGS_PART,1,SEQUENCE,ASC
SYS,I_STREAMS_APPLY_SPILL_MSGS_PT1,SYS,STREAMS$_APPLY_SPILL_MSGS_PART,2,TXNKEY,ASC
SYS,I_STREAMS_APPLY_SPILL_TXN,SYS,STREAMS$_APPLY_SPILL_TXN,1,APPLYNAME,ASC
SYS,I_STREAMS_APPLY_SPILL_TXN,SYS,STREAMS$_APPLY_SPILL_TXN,2,XIDUSN,ASC
SYS,I_STREAMS_APPLY_SPILL_TXN,SYS,STREAMS$_APPLY_SPILL_TXN,3,XIDSLT,ASC
SYS,I_STREAMS_APPLY_SPILL_TXN,SYS,STREAMS$_APPLY_SPILL_TXN,4,XIDSQN,ASC
SYS,I_STREAMS_APPLY_SPILL_TXN,SYS,STREAMS$_APPLY_SPILL_TXN,5,PDB_ID,ASC
SYS,I_STREAMS_CAPTURE_PROCESS1,SYS,STREAMS$_CAPTURE_PROCESS,1,CAPTURE#,ASC
SYS,I_STREAMS_CAPTURE_PROCESS2,SYS,STREAMS$_CAPTURE_PROCESS,1,CAPTURE_NAME,ASC
SYS,I_STREAMS_CAPTURE_SERVER,SYS,STREAMS$_CAPTURE_SERVER,1,CAPTURE_NAME,ASC
SYS,I_STREAMS_CAPTURE_SERVER,SYS,STREAMS$_CAPTURE_SERVER,2,PROPAGATION_NAME,ASC
SYS,I_STREAMS_CAPTURE_SERVER,SYS,STREAMS$_CAPTURE_SERVER,3,APPLY_NAME,ASC
SYS,I_STREAMS_EXTRA_ATTRS1,SYS,STREAMS$_EXTRA_ATTRS,1,PROCESS#,ASC
SYS,I_STREAMS_EXTRA_ATTRS1,SYS,STREAMS$_EXTRA_ATTRS,2,NAME,ASC
SYS,I_STREAMS_INTERNAL_TRANSFORM1,SYS,STREAMS$_INTERNAL_TRANSFORM,1,RULE_OWNER,ASC
SYS,I_STREAMS_INTERNAL_TRANSFORM1,SYS,STREAMS$_INTERNAL_TRANSFORM,2,RULE_NAME,ASC
SYS,I_STREAMS_KEY_COLUMNS,SYS,STREAMS$_KEY_COLUMNS,1,SNAME,ASC
SYS,I_STREAMS_KEY_COLUMNS,SYS,STREAMS$_KEY_COLUMNS,2,ONAME,ASC
SYS,I_STREAMS_KEY_COLUMNS,SYS,STREAMS$_KEY_COLUMNS,3,TYPE,ASC
SYS,I_STREAMS_KEY_COLUMNS,SYS,STREAMS$_KEY_COLUMNS,4,APPLY_NAME,ASC
SYS,I_STREAMS_KEY_COLUMNS,SYS,STREAMS$_KEY_COLUMNS,5,CNAME,ASC
SYS,I_STREAMS_KEY_COLUMNS,SYS,STREAMS$_KEY_COLUMNS,6,DBLINK,ASC
SYS,I_STREAMS_MESSAGE_CONSUMERS,SYS,STREAMS$_MESSAGE_CONSUMERS,1,STREAMS_NAME,ASC
SYS,I_STREAMS_MESSAGE_RULES,SYS,STREAMS$_MESSAGE_RULES,1,STREAMS_NAME,ASC
SYS,I_STREAMS_MESSAGE_RULES,SYS,STREAMS$_MESSAGE_RULES,2,STREAMS_TYPE,ASC
SYS,I_STREAMS_MESSAGE_RULES,SYS,STREAMS$_MESSAGE_RULES,3,RULE_OWNER,ASC
SYS,I_STREAMS_MESSAGE_RULES,SYS,STREAMS$_MESSAGE_RULES,4,RULE_NAME,ASC
SYS,I_STREAMS_PREPARE_DDL,SYS,STREAMS$_PREPARE_DDL,1,GLOBAL_FLAG,ASC
SYS,I_STREAMS_PREPARE_DDL,SYS,STREAMS$_PREPARE_DDL,2,USRID,ASC
SYS,I_STREAMS_PREPARE1,SYS,STREAMS$_PREPARE_OBJECT,1,OBJ#,ASC
SYS,I_STREAMS_PREPARE1,SYS,STREAMS$_PREPARE_OBJECT,2,CAP_TYPE,ASC
SYS,I_STREAMS_PRIVILEGED_USER1,SYS,STREAMS$_PRIVILEGED_USER,1,USER#,ASC
SYS,I_STREAMS_PROCESS_PARAMS1,SYS,STREAMS$_PROCESS_PARAMS,1,PROCESS_TYPE,ASC
SYS,I_STREAMS_PROCESS_PARAMS1,SYS,STREAMS$_PROCESS_PARAMS,2,PROCESS#,ASC
SYS,I_STREAMS_PROCESS_PARAMS1,SYS,STREAMS$_PROCESS_PARAMS,3,NAME,ASC
SYS,I_STREAMS_PROCESS_PARAMS1,SYS,STREAMS$_PROCESS_PARAMS,4,SOURCE_DATABASE,ASC
SYS,I_STREAMS_RULES1,SYS,STREAMS$_RULES,1,RULE_OWNER,ASC
SYS,I_STREAMS_RULES1,SYS,STREAMS$_RULES,2,RULE_NAME,ASC
SYS,I_STREAMS_RULES2,SYS,STREAMS$_RULES,1,SCHEMA_NAME,ASC
SYS,I_STREAMS_RULES2,SYS,STREAMS$_RULES,2,OBJECT_NAME,ASC
SYS,I_STREAMS_SPLIT_MERGE,SYS,STREAMS$_SPLIT_MERGE,1,ORIGINAL_CAPTURE_NAME,ASC
SYS,I_STREAMS_SPLIT_MERGE,SYS,STREAMS$_SPLIT_MERGE,2,CLONED_CAPTURE_NAME,ASC
SYS,I_STREAMS_SPLIT_MERGE,SYS,STREAMS$_SPLIT_MERGE,3,JOB_NAME,ASC
SYS,I_STREAMS_SPLIT_MERGE,SYS,STREAMS$_SPLIT_MERGE,4,JOB_OWNER,ASC
SYS,I_STREAMS_STMT_HANDLER_IDS,SYS,STREAMS$_STMT_HANDLERS,1,HANDLER_ID,ASC
SYS,I_STREAMS_STMT_HANDLERS,SYS,STREAMS$_STMT_HANDLERS,1,HANDLER_NAME,ASC
SYS,I_STREAMS_STMT_HANDLER_STMTS,SYS,STREAMS$_STMT_HANDLER_STMTS,1,HANDLER_ID,ASC
SYS,I_STREAMS_STMT_HANDLER_STMTS,SYS,STREAMS$_STMT_HANDLER_STMTS,2,EXECUTION_SEQUENCE,ASC
SYS,I_SUBCOLTYPE1,SYS,SUBCOLTYPE$,1,OBJ#,ASC
SYS,I_SUBCOLTYPE1,SYS,SUBCOLTYPE$,2,INTCOL#,ASC
SYS,I_SUBPARTCOL$,SYS,SUBPARTCOL$,1,OBJ#,ASC
SYS,I_SUMAGG$_1,SYS,SUMAGG$,1,SUMOBJ#,ASC
SYS,I_SUMAGG$_1,SYS,SUMAGG$,2,SUMCOLPOS#,ASC
SYS,I_SUMAGG$_1,SYS,SUMAGG$,3,QBCID,ASC
SYS,I_SUMDELTA$,SYS,SUMDELTA$,1,TABLEOBJ#,ASC
SYS,I_SUMDELTA$,SYS,SUMDELTA$,2,PARTITIONOBJ#,ASC
SYS,I_SUMDELTA$,SYS,SUMDELTA$,3,TIMESTAMP,ASC
SYS,I_SUMDELTA$,SYS,SUMDELTA$,4,LOWROWID,ASC
SYS,I_SUMDELTA$,SYS,SUMDELTA$,5,HIGHROWID,ASC
SYS,I_SUMDEP$_1,SYS,SUMDEP$,1,SUMOBJ#,ASC
SYS,I_SUMDEP$_1,SYS,SUMDEP$,2,ORDER#,ASC
SYS,I_SUMDEP$_2,SYS,SUMDEP$,1,P_OBJ#,ASC
SYS,I_SUMDEP$_2,SYS,SUMDEP$,2,P_TYPE,ASC
SYS,I_SUMDETAIL$_1,SYS,SUMDETAIL$,1,SUMOBJ#,ASC
SYS,I_SUMDETAIL$_2,SYS,SUMDETAIL$,1,DETAILOBJ#,ASC
SYS,I_SUMINLINE$_1,SYS,SUMINLINE$,1,SUMOBJ#,ASC
SYS,I_SUMINLINE$_2,SYS,SUMINLINE$,1,INLINE#,ASC
SYS,I_SUMINLINE$_3,SYS,SUMINLINE$,1,HASHVAL,ASC
SYS,I_SUMJOIN$_1,SYS,SUMJOIN$,1,SUMOBJ#,ASC
SYS,I_SUMJOIN$_1,SYS,SUMJOIN$,2,TAB1OBJ#,ASC
SYS,I_SUMKEY$_1,SYS,SUMKEY$,1,SUMOBJ#,ASC
SYS,I_SUMKEY$_1,SYS,SUMKEY$,2,SUMCOLPOS#,ASC
SYS,I_SUMKEY$_1,SYS,SUMKEY$,3,GROUPINGPOS#,ASC
SYS,I_SUMKEY$_1,SYS,SUMKEY$,4,ORDINALPOS,ASC
SYS,I_SUMKEY$_1,SYS,SUMKEY$,5,QBCID,ASC
SYS,I_SUMPARTLOG$,SYS,SUMPARTLOG$,1,BO#,ASC
SYS,I_SUMPARTLOG$,SYS,SUMPARTLOG$,2,OBJ#,ASC
SYS,I_SUMPARTLOG$_BOPART$,SYS,SUMPARTLOG$,1,BO#,ASC
SYS,I_SUMPARTLOG$_BOPART$,SYS,SUMPARTLOG$,2,DATAOBJ#,ASC
SYS,I_SUMPRED$_1,SYS,SUMPRED$,1,SUMOBJ#,ASC
SYS,I_SUMPRED$_1,SYS,SUMPRED$,2,CLAUSEID,ASC
SYS,I_SUMQB$_1,SYS,SUMQB$,1,NODEID,ASC
SYS,I_SUMQB$_2,SYS,SUMQB$,1,HASHVAL,ASC
SYS,I_SUMQB$_3,SYS,SUMQB$,1,HASHVAL2,ASC
SYS,I_SUM$_1,SYS,SUM$,1,OBJ#,ASC
SYS,I_SUPEROBJ1,SYS,SUPEROBJ$,1,SUBOBJ#,ASC
SYS,I_SUPEROBJ2,SYS,SUPEROBJ$,1,SUPEROBJ#,ASC
SYS,I_SWAT$CONFIG_PARAMS_PK,SYS,SWAT$CONFIG_PARAMS,1,PARAMETER_NAME,ASC
SYS,I_SYN1,SYS,SYN$,1,OBJ#,ASC
SYS,I_SYN2,SYS,SYN$,1,OWNER,ASC
SYS,I_SYN2,SYS,SYN$,2,NAME,ASC
SYS,I_SYSAUTH1,SYS,SYSAUTH$,1,GRANTEE#,ASC
SYS,I_SYSAUTH1,SYS,SYSAUTH$,2,PRIVILEGE#,ASC
SYS,I_SYSTEM_PRIVILEGE_MAP,SYS,SYSTEM_PRIVILEGE_MAP,1,PRIVILEGE,ASC
SYS,I_SYSTEM_PRIVILEGE_MAP,SYS,SYSTEM_PRIVILEGE_MAP,2,NAME,ASC
SYS,I_TABCOMPART$,SYS,TABCOMPART$,1,OBJ#,ASC
SYS,I_TABCOMPART_BOPART$,SYS,TABCOMPART$,1,BO#,ASC
SYS,I_TABCOMPART_BOPART$,SYS,TABCOMPART$,2,PART#,ASC
SYS,I_TABLE_PRIVILEGE_MAP,SYS,TABLE_PRIVILEGE_MAP,1,PRIVILEGE,ASC
SYS,I_TABLE_PRIVILEGE_MAP,SYS,TABLE_PRIVILEGE_MAP,2,NAME,ASC
SYS,I_TABLOGICPART_BOPART$,SYS,TABLOGICPART$,1,BO#,ASC
SYS,I_TABLOGICPART_BOPART$,SYS,TABLOGICPART$,2,LPART#,ASC
SYS,I_TABPART_BOPART$,SYS,TABPART$,1,BO#,ASC
SYS,I_TABPART_BOPART$,SYS,TABPART$,2,PART#,ASC
SYS,I_TABPART_OBJ$,SYS,TABPART$,1,OBJ#,ASC
SYS,I_TAB_STATS$_OBJ#,SYS,TAB_STATS$,1,OBJ#,ASC
SYS,I_TABSUBPART$_OBJ$,SYS,TABSUBPART$,1,OBJ#,ASC
SYS,I_TABSUBPART_POBJSUBPART$,SYS,TABSUBPART$,1,POBJ#,ASC
SYS,I_TABSUBPART_POBJSUBPART$,SYS,TABSUBPART$,2,SUBPART#,ASC
SYS,I_TAB1,SYS,TAB$,1,BOBJ#,ASC
SYS,I_TOID_VERSION#,SYS,C_TOID_VERSION#,1,TOID,ASC
SYS,I_TOID_VERSION#,SYS,C_TOID_VERSION#,2,VERSION#,ASC
SYS,I_TRIGGERCOL1,SYS,TRIGGERCOL$,1,OBJ#,ASC
SYS,I_TRIGGERCOL1,SYS,TRIGGERCOL$,2,COL#,ASC
SYS,I_TRIGGERCOL1,SYS,TRIGGERCOL$,3,TYPE#,ASC
SYS,I_TRIGGERCOL1,SYS,TRIGGERCOL$,4,POSITION#,ASC
SYS,I_TRIGGERCOL2,SYS,TRIGGERCOL$,1,OBJ#,ASC
SYS,I_TRIGGERCOL2,SYS,TRIGGERCOL$,2,INTCOL#,ASC
SYS,I_TRIGGERCOL2,SYS,TRIGGERCOL$,3,TYPE#,ASC
SYS,I_TRIGGERCOL2,SYS,TRIGGERCOL$,4,POSITION#,ASC
SYS,I_TRIGGERJAVAC,SYS,TRIGGERJAVAC$,1,OBJ#,ASC
SYS,I_TRIGGERJAVAF,SYS,TRIGGERJAVAF$,1,OBJ#,ASC
SYS,I_TRIGGERJAVAM,SYS,TRIGGERJAVAM$,1,OBJ#,ASC
SYS,I_TRIGGERJAVAS,SYS,TRIGGERJAVAS$,1,OBJ#,ASC
SYS,I_TRIGGER1,SYS,TRIGGER$,1,BASEOBJECT,ASC
SYS,I_TRIGGER2,SYS,TRIGGER$,1,OBJ#,ASC
SYS,I_TS#,SYS,C_TS#,1,TS#,ASC
SYS,I_TSM_DST1$,SYS,TSM_DST$,1,SEQUENCE#,ASC
SYS,I_TSM_DST2$,SYS,TSM_DST$,1,DST_SID,ASC
SYS,I_TSM_DST2$,SYS,TSM_DST$,2,DST_SERIAL#,ASC
SYS,I_TSM_DST2$,SYS,TSM_DST$,3,SEQUENCE#,ASC
SYS,I_TSM_SRC1$,SYS,TSM_SRC$,1,SEQUENCE#,ASC
SYS,I_TSM_SRC2$,SYS,TSM_SRC$,1,SRC_SID,ASC
SYS,I_TSM_SRC2$,SYS,TSM_SRC$,2,SRC_SERIAL#,ASC
SYS,I_TSM_SRC2$,SYS,TSM_SRC$,3,SEQUENCE#,ASC
SYS,I_TS1,SYS,TS$,1,NAME,ASC
SYS,I_TYPED_VIEW1,SYS,TYPED_VIEW$,1,OBJ#,ASC
SYS,I_TYPEHIERARCHY1,SYS,TYPEHIERARCHY$,1,TOID,ASC
SYS,I_TYPE1,SYS,TYPE$,1,TOID,ASC
SYS,I_TYPE1,SYS,TYPE$,2,VERSION,ASC
SYS,I_TYPE2,SYS,TYPE$,1,TVOID,ASC
SYS,I_TYPE3,SYS,TYPE$,1,ROOTTOID,ASC
SYS,I_TYPE4,SYS,TYPE$,1,SUPERTOID,ASC
SYS,I_TYPE5,SYS,TYPE$,1,HASHCODE,ASC
SYS,I_TYPE6,SYS,TYPE$,1,PACKAGE_OBJ#,ASC
SYS,I_TYPE6,SYS,TYPE$,2,TYP_NAME,ASC
SYS,I_TYPE6,SYS,TYPE$,3,TOID,ASC
SYS,I_UGROUP1,SYS,UGROUP$,1,NAME,ASC
SYS,I_UGROUP2,SYS,UGROUP$,1,UGRP#,ASC
SYS,I_UNDOHIST1,SYS,UNDOHIST$,1,US#,ASC
SYS,I_UNDOHIST1,SYS,UNDOHIST$,2,INC#,ASC
SYS,I_UNDO1,SYS,UNDO$,1,US#,ASC
SYS,I_UNDO2,SYS,UNDO$,1,NAME,ASC
SYS,I_UNIFIED_AUDIT_ACTIONS,SYS,ALL_UNIFIED_AUDIT_ACTIONS,1,TYPE,ASC
SYS,I_UNIFIED_AUDIT_ACTIONS,SYS,ALL_UNIFIED_AUDIT_ACTIONS,2,ACTION,ASC
SYS,I_USER#,SYS,C_USER#,1,USER#,ASC
SYS,I_USERAUTH1,SYS,USERAUTH$,1,USER#,ASC
SYS,I_USERAUTH1,SYS,USERAUTH$,2,GRANTOR#,ASC
SYS,I_USERAUTH1,SYS,USERAUTH$,3,GRANTEE#,ASC
SYS,I_USERAUTH1,SYS,USERAUTH$,4,PRIVILEGE#,ASC
SYS,I_USER_EDITIONING,SYS,USER_EDITIONING$,1,USER#,ASC
SYS,I_USER_PREFS$,SYS,OPTSTAT_USER_PREFS$,1,OBJ#,ASC
SYS,I_USER_PREFS$,SYS,OPTSTAT_USER_PREFS$,2,PNAME,ASC
SYS,I_USER_PRIVILEGE_MAP,SYS,USER_PRIVILEGE_MAP,1,PRIVILEGE,ASC
SYS,I_USER1,SYS,USER$,1,NAME,ASC
SYS,I_USER2,SYS,USER$,1,USER#,ASC
SYS,I_USER2,SYS,USER$,2,TYPE#,ASC
SYS,I_USER2,SYS,USER$,3,SPARE1,ASC
SYS,I_USER2,SYS,USER$,4,SPARE2,ASC
SYS,I_VIEWCON1,SYS,VIEWCON$,1,OBJ#,ASC
SYS,I_VIEWCON2,SYS,VIEWCON$,1,ROBJ#,ASC
SYS,I_VIEWTRCOL1,SYS,VIEWTRCOL$,1,OBJ#,ASC
SYS,I_VIEWTRCOL1,SYS,VIEWTRCOL$,2,INTCOL#,ASC
SYS,I_VIEWTRCOL1,SYS,VIEWTRCOL$,3,ATTRIBUTE#,ASC
SYS,I_VIEW1,SYS,VIEW$,1,OBJ#,ASC
SYS,I_WARNING_SETTINGS,SYS,WARNING_SETTINGS$,1,OBJ#,ASC
SYS,I_WRI$_OPTSTAT_AUX_ST,SYS,WRI$_OPTSTAT_AUX_HISTORY,1,SYS_NC00012$,ASC
SYS,I_WRI$_OPTSTAT_HH_OBJ_ICOL_ST,SYS,WRI$_OPTSTAT_HISTHEAD_HISTORY,1,OBJ#,ASC
SYS,I_WRI$_OPTSTAT_HH_OBJ_ICOL_ST,SYS,WRI$_OPTSTAT_HISTHEAD_HISTORY,2,INTCOL#,ASC
SYS,I_WRI$_OPTSTAT_HH_OBJ_ICOL_ST,SYS,WRI$_OPTSTAT_HISTHEAD_HISTORY,3,SYS_NC00027$,ASC
SYS,I_WRI$_OPTSTAT_HH_OBJ_ICOL_ST,SYS,WRI$_OPTSTAT_HISTHEAD_HISTORY,4,COLNAME,ASC
SYS,I_WRI$_OPTSTAT_HH_ST,SYS,WRI$_OPTSTAT_HISTHEAD_HISTORY,1,SYS_NC00027$,ASC
SYS,I_WRI$_OPTSTAT_H_OBJ#_ICOL#_ST,SYS,WRI$_OPTSTAT_HISTGRM_HISTORY,1,OBJ#,ASC
SYS,I_WRI$_OPTSTAT_H_OBJ#_ICOL#_ST,SYS,WRI$_OPTSTAT_HISTGRM_HISTORY,2,INTCOL#,ASC
SYS,I_WRI$_OPTSTAT_H_OBJ#_ICOL#_ST,SYS,WRI$_OPTSTAT_HISTGRM_HISTORY,3,SYS_NC00018$,ASC
SYS,I_WRI$_OPTSTAT_H_OBJ#_ICOL#_ST,SYS,WRI$_OPTSTAT_HISTGRM_HISTORY,4,COLNAME,ASC
SYS,I_WRI$_OPTSTAT_H_ST,SYS,WRI$_OPTSTAT_HISTGRM_HISTORY,1,SYS_NC00018$,ASC
SYS,I_WRI$_OPTSTAT_IND_OBJ#_ST,SYS,WRI$_OPTSTAT_IND_HISTORY,1,OBJ#,ASC
SYS,I_WRI$_OPTSTAT_IND_OBJ#_ST,SYS,WRI$_OPTSTAT_IND_HISTORY,2,SYS_NC00023$,ASC
SYS,I_WRI$_OPTSTAT_IND_ST,SYS,WRI$_OPTSTAT_IND_HISTORY,1,SYS_NC00023$,ASC
SYS,I_WRI$_OPTSTAT_OPR_ID,SYS,WRI$_OPTSTAT_OPR,1,ID,ASC
SYS,I_WRI$_OPTSTAT_OPR_STIME,SYS,WRI$_OPTSTAT_OPR,1,SYS_NC00017$,ASC
SYS,I_WRI$_OPTSTAT_OPR_TASKS_OPID,SYS,WRI$_OPTSTAT_OPR_TASKS,1,OP_ID,ASC
SYS,I_WRI$_OPTSTAT_OPR_TASKS_OPOBJ,SYS,WRI$_OPTSTAT_OPR_TASKS,1,OP_ID,ASC
SYS,I_WRI$_OPTSTAT_OPR_TASKS_OPOBJ,SYS,WRI$_OPTSTAT_OPR_TASKS,2,TARGET_OBJN,ASC
SYS,I_WRI$_OPTSTAT_OPR_TASKS_STIME,SYS,WRI$_OPTSTAT_OPR_TASKS,1,SYS_NC00022$,ASC
SYS,I_WRI$_OPTSTAT_OPR_TASKS_TGST,SYS,WRI$_OPTSTAT_OPR_TASKS,1,TARGET,ASC
SYS,I_WRI$_OPTSTAT_OPR_TASKS_TGST,SYS,WRI$_OPTSTAT_OPR_TASKS,2,STATUS,ASC
SYS,I_WRI$_OPTSTAT_SYNOPHEAD,SYS,WRI$_OPTSTAT_SYNOPSIS_HEAD$,1,BO#,ASC
SYS,I_WRI$_OPTSTAT_SYNOPHEAD,SYS,WRI$_OPTSTAT_SYNOPSIS_HEAD$,2,GROUP#,ASC
SYS,I_WRI$_OPTSTAT_SYNOPHEAD,SYS,WRI$_OPTSTAT_SYNOPSIS_HEAD$,3,INTCOL#,ASC
SYS,I_WRI$_OPTSTAT_SYNOPPARTGRP,SYS,WRI$_OPTSTAT_SYNOPSIS_PARTGRP,1,OBJ#,ASC
SYS,I_WRI$_OPTSTAT_TAB_OBJ#_ST,SYS,WRI$_OPTSTAT_TAB_HISTORY,1,OBJ#,ASC
SYS,I_WRI$_OPTSTAT_TAB_OBJ#_ST,SYS,WRI$_OPTSTAT_TAB_HISTORY,2,SYS_NC00021$,ASC
SYS,I_WRI$_OPTSTAT_TAB_ST,SYS,WRI$_OPTSTAT_TAB_HISTORY,1,SYS_NC00021$,ASC
SYS,I_XSTREAM_DDL_CONFLICT_HDLR1,SYS,XSTREAM$_DDL_CONFLICT_HANDLER,1,APPLY_NAME,ASC
SYS,I_XSTREAM_DML_CONF_HANDLER1,SYS,XSTREAM$_DML_CONFLICT_HANDLER,1,APPLY_NAME,ASC
SYS,I_XSTREAM_DML_CONF_HANDLER1,SYS,XSTREAM$_DML_CONFLICT_HANDLER,2,SCHEMA_NAME,ASC
SYS,I_XSTREAM_DML_CONF_HANDLER1,SYS,XSTREAM$_DML_CONFLICT_HANDLER,3,OBJECT_NAME,ASC
SYS,I_XSTREAM_DML_CONF_HANDLER1,SYS,XSTREAM$_DML_CONFLICT_HANDLER,4,OLD_SCHEMA,ASC
SYS,I_XSTREAM_DML_CONF_HANDLER1,SYS,XSTREAM$_DML_CONFLICT_HANDLER,5,OLD_OBJECT,ASC
SYS,I_XSTREAM_DML_CONF_HANDLER1,SYS,XSTREAM$_DML_CONFLICT_HANDLER,6,OPNUM,ASC
SYS,I_XSTREAM_DML_CONF_HANDLER1,SYS,XSTREAM$_DML_CONFLICT_HANDLER,7,CONFLICT_TYPE,ASC
SYS,I_XSTREAM_DML_CONF_HANDLER1,SYS,XSTREAM$_DML_CONFLICT_HANDLER,8,METHOD_NUM,ASC
SYS,I_XSTREAM_DML_CONF_HANDLER2,SYS,XSTREAM$_DML_CONFLICT_HANDLER,1,APPLY_NAME,ASC
SYS,I_XSTREAM_DML_CONF_HANDLER2,SYS,XSTREAM$_DML_CONFLICT_HANDLER,2,CONFLICT_HANDLER_NAME,ASC
SYS,I_XSTREAM_DML_CONFLICT_COLS1,SYS,XSTREAM$_DML_CONFLICT_COLUMNS,1,CONFLICT_HANDLER_ID,ASC
SYS,I_XSTREAM_HANDLE_COLLISIONS1,SYS,XSTREAM$_HANDLE_COLLISIONS,1,APPLY_NAME,ASC
SYS,I_XSTREAM_HANDLE_COLLISIONS1,SYS,XSTREAM$_HANDLE_COLLISIONS,2,SCHEMA_NAME,ASC
SYS,I_XSTREAM_HANDLE_COLLISIONS1,SYS,XSTREAM$_HANDLE_COLLISIONS,3,TABLE_NAME,ASC
SYS,I_XSTREAM_HANDLE_COLLISIONS1,SYS,XSTREAM$_HANDLE_COLLISIONS,4,SOURCE_SCHEMA_NAME,ASC
SYS,I_XSTREAM_HANDLE_COLLISIONS1,SYS,XSTREAM$_HANDLE_COLLISIONS,5,SOURCE_TABLE_NAME,ASC
SYS,I_XSTREAM_MAP1,SYS,XSTREAM$_MAP,1,APPLY_NAME,ASC
SYS,I_XSTREAM_PARAMETERS,SYS,XSTREAM$_PARAMETERS,1,SERVER_NAME,ASC
SYS,I_XSTREAM_PARAMETERS,SYS,XSTREAM$_PARAMETERS,2,SERVER_TYPE,ASC
SYS,I_XSTREAM_PARAMETERS,SYS,XSTREAM$_PARAMETERS,3,POSITION,ASC
SYS,I_XSTREAM_PRIVILEGES,SYS,XSTREAM$_PRIVILEGES,1,USERNAME,ASC
SYS,I_XSTREAM_PRIVILEGES,SYS,XSTREAM$_PRIVILEGES,2,PRIVILEGE_TYPE,ASC
SYS,I_XSTREAM_PRIVILEGES,SYS,XSTREAM$_PRIVILEGES,3,PRIVILEGE_LEVEL,ASC
SYS,I_XSTREAM_REPERROR_HANDLER1,SYS,XSTREAM$_REPERROR_HANDLER,1,APPLY_NAME,ASC
SYS,I_XSTREAM_REPERROR_HANDLER1,SYS,XSTREAM$_REPERROR_HANDLER,2,SCHEMA_NAME,ASC
SYS,I_XSTREAM_REPERROR_HANDLER1,SYS,XSTREAM$_REPERROR_HANDLER,3,TABLE_NAME,ASC
SYS,I_XSTREAM_REPERROR_HANDLER1,SYS,XSTREAM$_REPERROR_HANDLER,4,SOURCE_SCHEMA_NAME,ASC
SYS,I_XSTREAM_REPERROR_HANDLER1,SYS,XSTREAM$_REPERROR_HANDLER,5,SOURCE_TABLE_NAME,ASC
SYS,I_XSTREAM_REPERROR_HANDLER1,SYS,XSTREAM$_REPERROR_HANDLER,6,ERROR_NUMBER,ASC
SYS,I_XSTREAM_SERVER_CONNECTION1,SYS,XSTREAM$_SERVER_CONNECTION,1,OUTBOUND_SERVER,ASC
SYS,I_XSTREAM_SERVER_CONNECTION1,SYS,XSTREAM$_SERVER_CONNECTION,2,INBOUND_SERVER,ASC
SYS,I_XSTREAM_SERVER_CONNECTION1,SYS,XSTREAM$_SERVER_CONNECTION,3,INBOUND_SERVER_DBLINK,ASC
SYS,I_XSTREAM_SERVER1,SYS,XSTREAM$_SERVER,1,SERVER_NAME,ASC
SYS,I_XSTREAM_SERVER2,SYS,XSTREAM$_SERVER,1,CAPTURE_NAME,ASC
SYS,I_XSTREAM_SUBSET_RULES,SYS,XSTREAM$_SUBSET_RULES,1,SERVER_NAME,ASC
SYS,I_XSTREAM_SUBSET_RULES,SYS,XSTREAM$_SUBSET_RULES,2,RULES_OWNER,ASC
SYS,I_XSTREAM_SUBSET_RULES,SYS,XSTREAM$_SUBSET_RULES,3,INSERT_RULE,ASC
SYS,I_XSTREAM_SUBSET_RULES,SYS,XSTREAM$_SUBSET_RULES,4,DELETE_RULE,ASC
SYS,I_XSTREAM_SUBSET_RULES,SYS,XSTREAM$_SUBSET_RULES,5,UPDATE_RULE,ASC
SYS,I_XSTREAM_SYSGEN_OBJS1,SYS,XSTREAM$_SYSGEN_OBJS,1,SERVER_NAME,ASC
SYS,I_XSTREAM_SYSGEN_OBJS2,SYS,XSTREAM$_SYSGEN_OBJS,1,OBJECT_OWNER,ASC
SYS,I_XSTREAM_SYSGEN_OBJS2,SYS,XSTREAM$_SYSGEN_OBJS,2,OBJECT_NAME,ASC
SYS,I_XSTREAM_SYSGEN_OBJS2,SYS,XSTREAM$_SYSGEN_OBJS,3,OBJECT_TYPE,ASC
SYS,I_XS$VERIFIERS1,SYS,XS$VERIFIERS,1,USER#,ASC
SYS,I1_CHNF$_CLAUSE_DEPENDENTS,SYS,CHNF$_CLAUSE_DEPENDENTS,1,CLAUSEID,ASC
SYS,I1_CHNF$_CLAUSES,SYS,CHNF$_CLAUSES,1,HASHVAL,ASC
SYS,I1_CHNF$_QUERIES,SYS,CHNF$_QUERIES,1,HASHVAL,ASC
SYS,I1_CHNF$_QUERY_BINDS,SYS,CHNF$_QUERY_BINDS,1,QUERYID,ASC
SYS,I1_CHNF$_QUERY_DEPS,SYS,CHNF$_QUERY_DEPENDENCIES,1,DEPENDENCYTYPE,ASC
SYS,I1_CHNF$_QUERY_DEPS,SYS,CHNF$_QUERY_DEPENDENCIES,2,DEPENDENTNAME,ASC
SYS,I1_CHNF$_QUERY_OBJECT,SYS,CHNF$_QUERY_OBJECT,1,QUERYID,ASC
SYS,I1_CHNF$_REG_QUERIES,SYS,CHNF$_REG_QUERIES,1,QUERYID,ASC
SYS,I1_DBFS_HS$_BACKUPFILETABLE,SYS,DBFS_HS$_BACKUPFILETABLE,1,STOREID,ASC
SYS,I1_DBFS_HS$_BACKUPFILETABLE,SYS,DBFS_HS$_BACKUPFILETABLE,2,TARBALLID,ASC
SYS,I1_DBFS_HS$_SFLOCATORTABLE,SYS,DBFS_HS$_SFLOCATORTABLE,1,ARCHIVEREFID,ASC
SYS,I1_DBFS_HS$_SFLOCATORTABLE,SYS,DBFS_HS$_SFLOCATORTABLE,2,SEQUENCENUMBER,ASC
SYS,I1_DBFS_HS$_STORECOMMANDS,SYS,DBFS_HS$_STORECOMMANDS,1,STOREID,ASC
SYS,I1_DBFS_HS$_STOREID2POLICYCTX,SYS,DBFS_HS$_STOREID2POLICYCTX,1,POLICYCTX,ASC
SYS,I1_DBFS_HS$_STOREPROPERTIES,SYS,DBFS_HS$_STOREPROPERTIES,1,STOREID,ASC
SYS,I1_JIREFRESHSQL$,SYS,JIREFRESHSQL$,1,IOBJ#,ASC
SYS,I1_JIREFRESHSQL$,SYS,JIREFRESHSQL$,2,TOBJ#,ASC
SYS,I1_QUEUE_TABLE_AFFINITIES,SYS,AQ$_QUEUE_TABLE_AFFINITIES,1,OWNER_INSTANCE,ASC
SYS,I1_QUEUE_TABLE_AFFINITIES,SYS,AQ$_QUEUE_TABLE_AFFINITIES,2,TABLE_OBJNO,ASC
SYS,I1_RULE_SET_RE,SYS,RULE_SET_RE$,1,RS_OBJ#,ASC
SYS,I1_RULE_SET_RE,SYS,RULE_SET_RE$,2,EC_OBJ#,ASC
SYS,I1_RULE_SET_RE,SYS,RULE_SET_RE$,3,RULE_ID,ASC
SYS,I2_CHNF$_CLAUSE_DEPENDENTS,SYS,CHNF$_CLAUSE_DEPENDENTS,1,CLAUSEID,ASC
SYS,I2_CHNF$_CLAUSE_DEPENDENTS,SYS,CHNF$_CLAUSE_DEPENDENTS,2,DEPENDENTID,ASC
SYS,I2_CHNF$_CLAUSE_DEPENDENTS,SYS,CHNF$_CLAUSE_DEPENDENTS,3,DEPENDENTTYPE,ASC
SYS,I2_CHNF$_CLAUSES,SYS,CHNF$_CLAUSES,1,OBJECTNUM,ASC
SYS,I2_CHNF$_QUERIES,SYS,CHNF$_QUERIES,1,QUERYID,ASC
SYS,I2_CHNF$_QUERY_DEPS,SYS,CHNF$_QUERY_DEPENDENCIES,1,PRIMARYTYPE,ASC
SYS,I2_CHNF$_QUERY_DEPS,SYS,CHNF$_QUERY_DEPENDENCIES,2,PRIMARYID,ASC
SYS,I2_CHNF$_QUERY_OBJECT,SYS,CHNF$_QUERY_OBJECT,1,OBJN,ASC
SYS,I2_CHNF$_REG_QUERIES,SYS,CHNF$_REG_QUERIES,1,REGID,ASC
SYS,I2_DBFS_HS$_BACKUPFILETABLE,SYS,DBFS_HS$_BACKUPFILETABLE,1,BACKUPFILENAME,ASC
SYS,I2_DBFS_HS$_SFLOCATORTABLE,SYS,DBFS_HS$_SFLOCATORTABLE,1,TARBALLID,ASC
SYS,I2_DBFS_HS$_STOREID2POLICYCTX,SYS,DBFS_HS$_STOREID2POLICYCTX,1,STOREID,ASC
SYS,I2_HEATMAPSTAT$,SYS,HEAT_MAP_STAT$,1,TS#,ASC
SYS,I2_HEATMAPSTAT$,SYS,HEAT_MAP_STAT$,2,DATAOBJ#,ASC
SYS,I2_JIJOIN$,SYS,JIJOIN$,1,TAB1OBJ#,ASC
SYS,I2_JIJOIN$,SYS,JIJOIN$,2,TAB1COL#,ASC
SYS,I2_JIREFRESHSQL$,SYS,JIREFRESHSQL$,1,TOBJ#,ASC
SYS,I2_OLAP_METADATA_PROPERTIES,SYS,OLAP_METADATA_PROPERTIES$,1,OWNING_OBJECT_ID,ASC
SYS,I2_OLAP_METADATA_PROPERTIES,SYS,OLAP_METADATA_PROPERTIES$,2,OWNING_TYPE,ASC
SYS,I2_OLAP_METADATA_PROPERTIES,SYS,OLAP_METADATA_PROPERTIES$,3,OWNING_TYPE2,ASC
SYS,I2_OLAP_METADATA_PROPERTIES,SYS,OLAP_METADATA_PROPERTIES$,4,OWNING_OBJECT_ID2,ASC
SYS,I2_OLAP_METADATA_PROPERTIES,SYS,OLAP_METADATA_PROPERTIES$,5,PROPERTY_KEY,ASC
SYS,I2_RULE_SET_RE,SYS,RULE_SET_RE$,1,RS_OBJ#,ASC
SYS,I2_RULE_SET_RE,SYS,RULE_SET_RE$,2,EC_OBJ#,ASC
SYS,I2_RULE_SET_RE,SYS,RULE_SET_RE$,3,ENT_USED,ASC
SYS,I2_STREAMS_KEY_COLUMNS,SYS,STREAMS$_KEY_COLUMNS,1,APPLY_NAME,ASC
SYS,I3_JIJOIN$,SYS,JIJOIN$,1,TAB2OBJ#,ASC
SYS,I3_JIJOIN$,SYS,JIJOIN$,2,TAB2COL#,ASC
SYS,I3_OLAP_METADATA_PROPERTIES,SYS,OLAP_METADATA_PROPERTIES$,1,PROPERTY_ID,ASC
SYS,I3_RULE_SET_RE,SYS,RULE_SET_RE$,1,RS_OBJ#,ASC
SYS,I3_RULE_SET_RE,SYS,RULE_SET_RE$,2,R_OBJ#,ASC
SYS,I3_RULE_SET_RE,SYS,RULE_SET_RE$,3,EC_OBJ#,ASC
SYS,JAVAJAR$I,SYS,JAVAJAR$,1,NAME,ASC
SYS,JAVAJAR$I,SYS,JAVAJAR$,2,OWNER#,ASC
SYS,JAVAJAR$I,SYS,JAVAJAR$,3,PSU_VER,ASC
SYS,JAVA$JVM$RJBC$I,SYS,JAVA$JVM$RJBC,1,ID,ASC
SYS,JAVA$JVM$RUNTIME$PARAMETERS$I,SYS,JAVA$JVM$RUNTIME$PARAMETERS,1,OWNER#,ASC
SYS,JAVA$MC$DEPS$OBJN_IDX,SYS,JAVA$MC$DEPS,1,OBJ#,ASC
SYS,JAVA$MC$OBJN_IDX,SYS,JAVA$MC$,1,OBJ#,ASC
SYS,JAVA$MC$UNIQUE,SYS,JAVA$MC$,1,OBJ#,ASC
SYS,JAVA$MC$UNIQUE,SYS,JAVA$MC$,2,METHOD#,ASC
SYS,JAVA$MC$UNIQUE,SYS,JAVA$MC$,3,PIECE#,ASC
SYS,JAVA$METHOD$METADATA$$OBJN_IDX,SYS,JAVA$METHOD$METADATA,1,OBJ#,ASC
SYS,JAVA$RMJVM$AUXI,SYS,JAVA$RMJVM$AUX,1,OBJ#,ASC
SYS,JAVA$RMJVM$AUXI2,SYS,JAVA$RMJVM$AUX2,1,NAME,ASC
SYS,JAVA$RMJVM$AUXI3,SYS,JAVA$RMJVM$AUX3,1,OBJ#,ASC
SYS,KET$_CL_PK,SYS,KET$_CLIENT_CONFIG,1,OPERATION_ID,ASC
SYS,KET$_CL_PK,SYS,KET$_CLIENT_CONFIG,2,CLIENT_ID,ASC
SYS,KETSTATUS_UQ,SYS,KET$_AUTOTASK_STATUS,1,DUMMY_KEY,ASC
SYS,KET$_TSK_PK,SYS,KET$_CLIENT_TASKS,1,CLIENT_ID,ASC
SYS,KET$_TSK_PK,SYS,KET$_CLIENT_TASKS,2,OPERATION_ID,ASC
SYS,KET$_TSK_PK,SYS,KET$_CLIENT_TASKS,3,TARGET_TYPE,ASC
SYS,KET$_TSK_PK,SYS,KET$_CLIENT_TASKS,4,TARGET_NAME,ASC
SYS,KU$XKTFBUE_I,SYS,KU$XKTFBUE,1,KTFBUESEGTSN,ASC
SYS,KU$XKTFBUE_I,SYS,KU$XKTFBUE,2,KTFBUESEGFNO,ASC
SYS,KU$XKTFBUE_I,SYS,KU$XKTFBUE,3,KTFBUESEGBNO,ASC
SYS,LINK_LOGONS$_SRCID_IDX,SYS,LINK_LOGONS$,1,SOURCE_ID,ASC
SYS,LINK_SOURCES$_UI,SYS,LINK_SOURCES$,1,DB_NAME,ASC
SYS,LINK_SOURCES$_UI,SYS,LINK_SOURCES$,2,DBID,ASC
SYS,LINK_SOURCES$_UI,SYS,LINK_SOURCES$,3,USERNAME,ASC
SYS,LINK_SOURCES$_UI,SYS,LINK_SOURCES$,4,USER#,ASC
SYS,LINK_SOURCES$_UI,SYS,LINK_SOURCES$,5,HOST_NAME,ASC
SYS,LINK_SOURCES$_UI,SYS,LINK_SOURCES$,6,IP_ADDRESS,ASC
SYS,LINK_SOURCES$_UI,SYS,LINK_SOURCES$,7,PROTOCOL,ASC
SYS,LINK_SOURCES$_UI,SYS,LINK_SOURCES$,8,DB_UNIQUE_NAME,ASC
SYS,LINK_SOURCES$_USRNM_IDX,SYS,LINK_SOURCES$,1,USERNAME,ASC
SYS,LOGMNR_BUILDLOG_PK,SYS,LOGMNR_BUILDLOG,1,INITIAL_XID,ASC
SYS,MODELALG$IDX,SYS,MODELALG$,1,NUM,ASC
SYS,MODELATT$IDX,SYS,MODELATT$,1,MOD#,ASC
SYS,MODEL$IDX,SYS,MODEL$,1,OBJ#,ASC
SYS,MODELPARTCOL$IDX,SYS,MODELPARTCOL$,1,OBJ#,ASC
SYS,MODELPARTCOL$IDX,SYS,MODELPARTCOL$,2,POS#,ASC
SYS,MODELPART$IDX,SYS,MODELPART$,1,MOD#,ASC
SYS,MODELPART$IDX,SYS,MODELPART$,2,PART#,ASC
SYS,MODELPART$IDX,SYS,MODELPART$,3,POS#,ASC
SYS,MODELPART$IDX2,SYS,MODELPART$,1,MOD#,ASC
SYS,MODELPART$IDX2,SYS,MODELPART$,2,OBJ#,ASC
SYS,MODELSET$IDX,SYS,MODELSET$,1,MOD#,ASC
SYS,MODELTAB$IDX,SYS,MODELTAB$,1,MOD#,ASC
SYS,MODELTAB$IDX,SYS,MODELTAB$,2,TYP#,ASC
SYS,MODELXFM$IDX,SYS,MODELXFM$,1,MOD#,ASC
SYS,NACL$_HOST_UK,SYS,NACL$_HOST,1,HOST,ASC
SYS,NACL$_HOST_UK,SYS,NACL$_HOST,2,LOWER_PORT,ASC
SYS,NACL$_HOST_UK,SYS,NACL$_HOST,3,UPPER_PORT,ASC
SYS,NACL$_NAME_MAP_PK,SYS,NACL$_NAME_MAP,1,ACL#,ASC
SYS,NACL$_WALLET_PK,SYS,NACL$_WALLET,1,WALLET_PATH,ASC
SYS,NAME_PK,SYS,HANG_MANAGER_PARAMETERS,1,NAME,ASC
SYS,OPANC1,SYS,OPANCILLARY$,1,OBJ#,ASC
SYS,OPANC1,SYS,OPANCILLARY$,2,BIND#,ASC
SYS,OPARG1,SYS,OPARG$,1,OBJ#,ASC
SYS,OPBIND1,SYS,OPBINDING$,1,OBJ#,ASC
SYS,OPBIND1,SYS,OPBINDING$,2,BIND#,ASC
SYS,OPER1,SYS,OPERATOR$,1,OBJ#,ASC
SYS,PARAMIND,SYS,PARAMETER$,1,PARAM_TOID,ASC
SYS,PK_COL_GROUP_USAGE$,SYS,COL_GROUP_USAGE$,1,OBJ#,ASC
SYS,PK_COL_GROUP_USAGE$,SYS,COL_GROUP_USAGE$,2,COLS,ASC
SYS,PK_DBMS_PARALLEL_EXECUTE_1,SYS,DBMS_PARALLEL_EXECUTE_TASK$,1,TASK_OWNER#,ASC
SYS,PK_DBMS_PARALLEL_EXECUTE_1,SYS,DBMS_PARALLEL_EXECUTE_TASK$,2,TASK_NAME,ASC
SYS,PK_OFSFTAB$,SYS,OFSFTAB$,1,FSTYPE,ASC
SYS,PK_OFSFTAB$,SYS,OFSFTAB$,2,FSNAME,ASC
SYS,PK_OFSFTAB$,SYS,OFSFTAB$,3,FS_METADATA_TABLE_OWNER,ASC
SYS,PK_OPT_SQLSTAT,SYS,OPT_SQLSTAT$,1,SQL_ID,ASC
SYS,PK_OPT_SQLSTAT,SYS,OPT_SQLSTAT$,2,PARSING_SCHEMA_NAME,ASC
SYS,PK_RES,SYS,ILM_RESULTS$,1,JOBNAME,ASC
SYS,PK_TASKID,SYS,ILM_EXECUTION$,1,EXECUTION_ID,ASC
SYS,RECENT_RESOURCE_INCARNATIONS$P,SYS,RECENT_RESOURCE_INCARNATIONS$,1,RESOURCE_TYPE,ASC
SYS,RECENT_RESOURCE_INCARNATIONS$P,SYS,RECENT_RESOURCE_INCARNATIONS$,2,DB_DOMAIN,ASC
SYS,RECENT_RESOURCE_INCARNATIONS$P,SYS,RECENT_RESOURCE_INCARNATIONS$,3,DB_UNIQUE_NAME,ASC
SYS,RECENT_RESOURCE_INCARNATIONS$P,SYS,RECENT_RESOURCE_INCARNATIONS$,4,INSTANCE_NAME,ASC
SYS,RECENT_RESOURCE_INCARNATIONS$P,SYS,RECENT_RESOURCE_INCARNATIONS$,5,INCARNATION,ASC
SYS,RECENT_RESOURCE_INCARNATIONS$P,SYS,RECENT_RESOURCE_INCARNATIONS$,6,STARTUP_TIME,ASC
SYS,RECIDHISTORY_PK,SYS,ROPP$X$RECIDHISTORY,1,CON_ID,ASC
SYS,RECIDHISTORY_PK,SYS,ROPP$X$RECIDHISTORY,2,CDBDBID,ASC
SYS,RECIDHISTORY_PK,SYS,ROPP$X$RECIDHISTORY,3,TIMESTAMP,ASC
SYS,RECIDHISTORY_PK,SYS,ROPP$X$RECIDHISTORY,4,RECTYPE,ASC
SYS,RECO_SCRIPT_BLOCK$_UNQ,SYS,RECO_SCRIPT_BLOCK$,1,OID,ASC
SYS,RECO_SCRIPT_BLOCK$_UNQ,SYS,RECO_SCRIPT_BLOCK$,2,BLOCK_NUM,ASC
SYS,RECO_SCRIPT_PARAMS$_UNQ,SYS,RECO_SCRIPT_PARAMS$,1,OID,ASC
SYS,RECO_SCRIPT_PARAMS$_UNQ,SYS,RECO_SCRIPT_PARAMS$,2,NAME,ASC
SYS,RECO_SCRIPT_PARAMS$_UNQ,SYS,RECO_SCRIPT_PARAMS$,3,PARAM_INDEX,ASC
SYS,RECO_SCRIPT$_UNQ,SYS,RECO_SCRIPT$,1,OID,ASC
SYS,RECYCLEBIN$_BO,SYS,RECYCLEBIN$,1,BO,ASC
SYS,RECYCLEBIN$_OBJ,SYS,RECYCLEBIN$,1,OBJ#,ASC
SYS,RECYCLEBIN$_OWNER,SYS,RECYCLEBIN$,1,OWNER#,ASC
SYS,RECYCLEBIN$_PURGEOBJ,SYS,RECYCLEBIN$,1,PURGEOBJ,ASC
SYS,RECYCLEBIN$_TS,SYS,RECYCLEBIN$,1,TS#,ASC
SYS,REG$_IDX,SYS,REG$,1,SUBSCRIPTION_NAME,ASC
SYS,REG$_IDX,SYS,REG$,2,NAMESPACE,ASC
SYS,REG$_IDX,SYS,REG$,3,LOCATION_NAME,ASC
SYS,REG$_IDX,SYS,REG$,4,REG_ID,ASC
SYS,REGISTRY_BACKPORTS_PK,SYS,REGISTRY$BACKPORTS,1,BUGNO,ASC
SYS,REGISTRY_BACKPORTS_PK,SYS,REGISTRY$BACKPORTS,2,VERSION_FULL,ASC
SYS,REGISTRY_PK,SYS,REGISTRY$,1,NAMESPACE,ASC
SYS,REGISTRY_PK,SYS,REGISTRY$,2,CID,ASC
SYS,REGISTRY_PROGRESS_PK,SYS,REGISTRY$PROGRESS,1,CID,ASC
SYS,REGISTRY_PROGRESS_PK,SYS,REGISTRY$PROGRESS,2,NAMESPACE,ASC
SYS,REGISTRY_PROGRESS_PK,SYS,REGISTRY$PROGRESS,3,ACTION,ASC
SYS,REGISTRY_SCHEMA_PK,SYS,REGISTRY$SCHEMAS,1,NAMESPACE,ASC
SYS,REGISTRY_SCHEMA_PK,SYS,REGISTRY$SCHEMAS,2,CID,ASC
SYS,REGISTRY_SCHEMA_PK,SYS,REGISTRY$SCHEMAS,3,SCHEMA#,ASC
SYS,REGISTRY$SQLPATCH_PK,SYS,REGISTRY$SQLPATCH,1,INSTALL_ID,ASC
SYS,REGISTRY$SQLPATCH_PK,SYS,REGISTRY$SQLPATCH,2,PATCH_ID,ASC
SYS,REGISTRY$SQLPATCH_PK,SYS,REGISTRY$SQLPATCH,3,PATCH_UID,ASC
SYS,REGISTRY$SQLPATCH_PK,SYS,REGISTRY$SQLPATCH,4,ACTION,ASC
SYS,REGISTRY$SQLPATCH_PK,SYS,REGISTRY$SQLPATCH,5,ACTION_TIME,ASC
SYS,REGISTRY$SQLPATCH_RU_INFO_PK,SYS,REGISTRY$SQLPATCH_RU_INFO,1,PATCH_ID,ASC
SYS,REGISTRY$SQLPATCH_RU_INFO_PK,SYS,REGISTRY$SQLPATCH_RU_INFO,2,PATCH_UID,ASC
SYS,REG$_T,SYS,REG$,1,TIMEOUT,ASC
SYS,RESULTIND,SYS,RESULT$,1,RESULT_TOID,ASC
SYS,ROPP$X$PDBHISTORY_PK,SYS,ROPP$X$PDBHISTORY,1,LOCAL_PDBID,ASC
SYS,ROPP$X$PDBHISTORY_PK,SYS,ROPP$X$PDBHISTORY,2,CDBDBID,ASC
SYS,ROPP$X$PDBHISTORY_PK,SYS,ROPP$X$PDBHISTORY,3,TIMESTAMP,ASC
SYS,ROPP$X$PDBHISTORY_UK,SYS,ROPP$X$PDBHISTORY,1,PDBGUID,ASC
SYS,ROPP$X$PDBHISTORY_UK,SYS,ROPP$X$PDBHISTORY,2,TIMESTAMP,ASC
SYS,RXS$SESSION_APPNS_I1,SYS,RXS$SESSION_APPNS,1,SID,ASC
SYS,RXS$SESSION_ROLES_I1,SYS,RXS$SESSION_ROLES,1,SID,ASC
SYS,RXS$SESSIONS_I1,SYS,RXS$SESSIONS,1,SID,ASC
SYS,SCHEDULER$_ATTRIB_PK,SYS,SCHEDULER$_GLOBAL_ATTRIBUTE,1,OBJ#,ASC
SYS,SCHEDULER$_CHAIN_PK,SYS,SCHEDULER$_CHAIN,1,OBJ#,ASC
SYS,SCHEDULER$_CLASS_PK,SYS,SCHEDULER$_CLASS,1,OBJ#,ASC
SYS,SCHEDULER$_CONST_PK,SYS,SCHEDULER$_CONSTRAINTS,1,OID,ASC
SYS,SCHEDULER$_CONST_PK,SYS,SCHEDULER$_CONSTRAINTS,2,RESOID,ASC
SYS,SCHEDULER$_CONST_STATS_PK,SYS,SCHEDULER$_CONSTRAINTS_STATS,1,OID,ASC
SYS,SCHEDULER$_CONST_STATS_PK,SYS,SCHEDULER$_CONSTRAINTS_STATS,2,RESOID,ASC
SYS,SCHEDULER$_CONST_STATS_PK,SYS,SCHEDULER$_CONSTRAINTS_STATS,3,JOBOID,ASC
SYS,SCHEDULER$_CREDENTIAL_PK,SYS,SCHEDULER$_CREDENTIAL,1,OBJ#,ASC
SYS,SCHEDULER$_DBMSJOB_MAP_PK,SYS,SCHEDULER$_DBMSJOB_MAP,1,DBMS_JOB_NUMBER,ASC
SYS,SCHEDULER$_DEST_PK,SYS,SCHEDULER$_DESTINATIONS,1,OBJ#,ASC
SYS,SCHEDULER$_EVTQ_SUB_PK,SYS,SCHEDULER$_EVTQ_SUB,1,AGT_NAME,ASC
SYS,SCHEDULER$_FW_PK,SYS,SCHEDULER$_FILE_WATCHER,1,OBJ#,ASC
SYS,SCHEDULER$_FW_RS_PK,SYS,SCHEDULER$_FILEWATCHER_RESEND,1,DESTINATION,ASC
SYS,SCHEDULER$_INSTANCE_PK,SYS,SCHEDULER$_EVENT_LOG,1,LOG_ID,ASC
SYS,SCHEDULER$_INSTANCE_PK,SYS,SCHEDULER$_EVENT_LOG,2,DBID,ASC
SYS,SCHEDULER$_JOB_ARG_PK,SYS,SCHEDULER$_JOB_ARGUMENT,1,OID,ASC
SYS,SCHEDULER$_JOB_ARG_PK,SYS,SCHEDULER$_JOB_ARGUMENT,2,POSITION,ASC
SYS,SCHEDULER$_JOBDEST_PK,SYS,SCHEDULER$_JOB_DESTINATIONS,1,OID,ASC
SYS,SCHEDULER$_JOBDEST_PK,SYS,SCHEDULER$_JOB_DESTINATIONS,2,JOB_DEST_ID,ASC
SYS,SCHEDULER$_JOB_OUT_ARGS_PK,SYS,SCHEDULER$_JOB_OUT_ARGS,1,LOG_ID,ASC
SYS,SCHEDULER$_JOB_OUT_ARGS_PK,SYS,SCHEDULER$_JOB_OUT_ARGS,2,ARGUMENT_POSITION,ASC
SYS,SCHEDULER$_JOB_OUTPUT_PK,SYS,SCHEDULER$_JOB_OUTPUT,1,LOG_ID,ASC
SYS,SCHEDULER$_JOB_PK,SYS,SCHEDULER$_JOB,1,OBJ#,ASC
SYS,SCHEDULER$_LOBJ_PK,SYS,SCHEDULER$_LWJOB_OBJ,1,OBJ#,ASC
SYS,SCHEDULER$_LOBJ_UK,SYS,SCHEDULER$_LWJOB_OBJ,1,USERID,ASC
SYS,SCHEDULER$_LOBJ_UK,SYS,SCHEDULER$_LWJOB_OBJ,2,NAME,ASC
SYS,SCHEDULER$_LOBJ_UK,SYS,SCHEDULER$_LWJOB_OBJ,3,SUBNAME,ASC
SYS,SCHEDULER$_LWJOB_PK,SYS,SCHEDULER$_LIGHTWEIGHT_JOB,1,OBJ#,ASC
SYS,SCHEDULER$_PROGRAM_ARG_PK,SYS,SCHEDULER$_PROGRAM_ARGUMENT,1,OID,ASC
SYS,SCHEDULER$_PROGRAM_ARG_PK,SYS,SCHEDULER$_PROGRAM_ARGUMENT,2,POSITION,ASC
SYS,SCHEDULER$_PROGRAM_PK,SYS,SCHEDULER$_PROGRAM,1,OBJ#,ASC
SYS,SCHEDULER$_QINFO_PK,SYS,SCHEDULER$_SRCQ_INFO,1,OBJ#,ASC
SYS,SCHEDULER$_RDBI_PK,SYS,SCHEDULER$_RJOB_SRC_DB_INFO,1,JOBOID,ASC
SYS,SCHEDULER$_RDB_PK,SYS,SCHEDULER$_REMOTE_DBS,1,DATABASE_NAME,ASC
SYS,SCHEDULER$_RDB_PK,SYS,SCHEDULER$_REMOTE_DBS,2,REG_STATUS,ASC
SYS,SCHEDULER$_RJS_PK,SYS,SCHEDULER$_REMOTE_JOB_STATE,1,JOBOID,ASC
SYS,SCHEDULER$_RJS_PK,SYS,SCHEDULER$_REMOTE_JOB_STATE,2,DESTINATION,ASC
SYS,SCHEDULER$_RSRC_PK,SYS,SCHEDULER$_RESOURCES,1,OBJ#,ASC
SYS,SCHEDULER$_SCHEDULE_PK,SYS,SCHEDULER$_SCHEDULE,1,OBJ#,ASC
SYS,SCHEDULER$_SOID_PK,SYS,SCHEDULER$_SAVED_OIDS,1,OIDIDX,ASC
SYS,SCHEDULER$_SRCQ_MAP_PK,SYS,SCHEDULER$_SRCQ_MAP,1,OID,ASC
SYS,SCHEDULER$_SRCQ_MAP_PK,SYS,SCHEDULER$_SRCQ_MAP,2,RULE_NAME,ASC
SYS,SCHEDULER$_STEP_STATE_PK,SYS,SCHEDULER$_STEP_STATE,1,JOB_OID,ASC
SYS,SCHEDULER$_STEP_STATE_PK,SYS,SCHEDULER$_STEP_STATE,2,STEP_NAME,ASC
SYS,SCHEDULER$_WINDOW_GROUP_PK,SYS,SCHEDULER$_WINDOW_GROUP,1,OBJ#,ASC
SYS,SCHEDULER$_WINDOW_PK,SYS,SCHEDULER$_WINDOW,1,OBJ#,ASC
SYS,SCHEDULER$_WINGRP_MEMBER_UQ,SYS,SCHEDULER$_WINGRP_MEMBER,1,OID,ASC
SYS,SCHEDULER$_WINGRP_MEMBER_UQ,SYS,SCHEDULER$_WINGRP_MEMBER,2,MEMBER_OID,ASC
SYS,SCHEDULER$_WINGRP_MEMBER_UQ,SYS,SCHEDULER$_WINGRP_MEMBER,3,MEMBER_OID2,ASC
SYS,SESSION_TEMPLATE_ID_INDEX,SYS,SESSION_TEMPLATE_ID$,1,TEMPLATE_SIGN,ASC
SYS,SESSION_TEMPLATE_ID_PK,SYS,SESSION_TEMPLATE_ID$,1,TEMPLATE_ID,ASC
SYS,SESSION_TEMPLATE_INDEX,SYS,SESSION_TEMPLATE$,1,TEMPLATE_ID,ASC
SYS,SESSION_TEMPLATE_PK,SYS,SESSION_TEMPLATE$,1,TEMPLATE_ID,ASC
SYS,SESSION_TEMPLATE_PK,SYS,SESSION_TEMPLATE$,2,ATTR,ASC
SYS,SMON_SCN_TIME_SCN_IDX,SYS,SMON_SCN_TIME,1,SCN,ASC
SYS,SMON_SCN_TIME_TIM_IDX,SYS,SMON_SCN_TIME,1,TIME_MP,ASC
SYS,SMON_SCN_TO_TIME_AUX_IDX,SYS,SMON_SCN_TO_TIME_AUX,1,THREAD,ASC
SYS,SPARE_ID_PK,SYS,SESSION_TEMPLATE_SPARES$,1,SPARE_ID,ASC
SYS,SQLLOG$_PKEY,SYS,SQLLOG$,1,SIGNATURE,ASC
SYS,SQLOBJ$DATA_PKEY,SYS,SQLOBJ$DATA,1,SIGNATURE,ASC
SYS,SQLOBJ$DATA_PKEY,SYS,SQLOBJ$DATA,2,CATEGORY,ASC
SYS,SQLOBJ$DATA_PKEY,SYS,SQLOBJ$DATA,3,OBJ_TYPE,ASC
SYS,SQLOBJ$DATA_PKEY,SYS,SQLOBJ$DATA,4,PLAN_ID,ASC
SYS,SQLOBJ$_PKEY,SYS,SQLOBJ$,1,SIGNATURE,ASC
SYS,SQLOBJ$_PKEY,SYS,SQLOBJ$,2,CATEGORY,ASC
SYS,SQLOBJ$_PKEY,SYS,SQLOBJ$,3,OBJ_TYPE,ASC
SYS,SQLOBJ$_PKEY,SYS,SQLOBJ$,4,PLAN_ID,ASC
SYS,SQLOBJ$PLAN_PKEY,SYS,SQLOBJ$PLAN,1,SIGNATURE,ASC
SYS,SQLOBJ$PLAN_PKEY,SYS,SQLOBJ$PLAN,2,CATEGORY,ASC
SYS,SQLOBJ$PLAN_PKEY,SYS,SQLOBJ$PLAN,3,OBJ_TYPE,ASC
SYS,SQLOBJ$PLAN_PKEY,SYS,SQLOBJ$PLAN,4,PLAN_ID,ASC
SYS,SQLOBJ$PLAN_PKEY,SYS,SQLOBJ$PLAN,5,ID,ASC
SYS,STAB_RMTAB$,SYS,RMTAB$,1,STAB#,ASC
SYS,STREAMS$_APPLY_ERROR_IDX_2,SYS,APPLY$_ERROR,1,APPLY#,ASC
SYS,STREAMS$_APPLY_ERROR_TXN_UNQ,SYS,APPLY$_ERROR_TXN,1,LOCAL_TRANSACTION_ID,ASC
SYS,STREAMS$_APPLY_ERROR_TXN_UNQ,SYS,APPLY$_ERROR_TXN,2,TXN_MESSAGE_NUMBER,ASC
SYS,STREAMS$_APPLY_ERROR_UNQ,SYS,APPLY$_ERROR,1,LOCAL_TRANSACTION_ID,ASC
SYS,STREAMS$_COMPONENT_IND,SYS,STREAMS$_COMPONENT,1,COMPONENT_ID,ASC
SYS,STREAMS$_COMPONENT_LINK_IND,SYS,STREAMS$_COMPONENT_LINK,1,SOURCE_COMPONENT_ID,ASC
SYS,STREAMS$_COMPONENT_LINK_IND,SYS,STREAMS$_COMPONENT_LINK,2,DEST_COMPONENT_ID,ASC
SYS,STREAMS$_COMPONENT_LINK_IND,SYS,STREAMS$_COMPONENT_LINK,3,PATH_ID,ASC
SYS,STREAMS$_COMPONENT_PROP_IND,SYS,STREAMS$_COMPONENT_PROP,1,COMPONENT_ID,ASC
SYS,STREAMS$_COMPONENT_PROP_IND,SYS,STREAMS$_COMPONENT_PROP,2,PROP_NAME,ASC
SYS,STREAMS$_DATABASE_IND,SYS,STREAMS$_DATABASE,1,GLOBAL_NAME,ASC
SYS,STREAMS$_DEST_OBJ_COLS_I,SYS,STREAMS$_DEST_OBJ_COLS,1,OBJECT_NUMBER,ASC
SYS,STREAMS$_DEST_OBJ_COLS_I,SYS,STREAMS$_DEST_OBJ_COLS,2,COLUMN_NAME,ASC
SYS,STREAMS$_DEST_OBJ_COLS_I,SYS,STREAMS$_DEST_OBJ_COLS,3,DBLINK,ASC
SYS,STREAMS$_DEST_OBJS_I,SYS,STREAMS$_DEST_OBJS,1,OBJECT_NUMBER,ASC
SYS,STREAMS$_DEST_OBJS_I,SYS,STREAMS$_DEST_OBJS,2,DBLINK,ASC
SYS,STREAMS$_PROP_P_I1,SYS,STREAMS$_PROPAGATION_PROCESS,1,PROPAGATION_NAME,ASC
SYS,STREAMS$_PROP_P_I2,SYS,STREAMS$_PROPAGATION_PROCESS,1,SOURCE_QUEUE_SCHEMA,ASC
SYS,STREAMS$_PROP_P_I2,SYS,STREAMS$_PROPAGATION_PROCESS,2,SOURCE_QUEUE,ASC
SYS,STREAMS$_PROP_P_I2,SYS,STREAMS$_PROPAGATION_PROCESS,3,DESTINATION_QUEUE_SCHEMA,ASC
SYS,STREAMS$_PROP_P_I2,SYS,STREAMS$_PROPAGATION_PROCESS,4,DESTINATION_QUEUE,ASC
SYS,STREAMS$_PROP_P_I2,SYS,STREAMS$_PROPAGATION_PROCESS,5,DESTINATION_DBLINK,ASC
SYS,SWAT_ARM_FEEDBACK_IDX$,SYS,SWAT_ARM_FEEDBACK$,1,SQL_SIGNATURE,ASC
SYS,SWAT_ARM_FEEDBACK$_PK,SYS,SWAT_ARM_FEEDBACK$,1,SWAT_ARM_TASK_ID,ASC
SYS,SWAT_ARM_FEEDBACK$_PK,SYS,SWAT_ARM_FEEDBACK$,2,SWAT_ARM_EXEC_NAME,ASC
SYS,SWAT_ARM_FEEDBACK$_PK,SYS,SWAT_ARM_FEEDBACK$,3,MV_OWNER,ASC
SYS,SWAT_ARM_FEEDBACK$_PK,SYS,SWAT_ARM_FEEDBACK$,4,MV_NAME,ASC
SYS,SWAT_ARM_STATUS$_PK,SYS,SWAT_ARM_STATUS$,1,SWAT_ARM_TASK_ID,ASC
SYS,SWAT_ARM_STATUS$_PK,SYS,SWAT_ARM_STATUS$,2,SWAT_ARM_EXEC_NAME,ASC
SYS,SWAT_MM_JOURNAL_IND$,SYS,SWAT_MM_JOURNAL$,1,SWAT_MM_START_TIME,ASC
SYS,SWAT_MM_MT_IDX,SYS,SWAT_MM_SID_MAPPING$,1,REAL_SID,ASC
SYS,SWAT_MM_MT_IDX,SYS,SWAT_MM_SID_MAPPING$,2,CANON_SID,ASC
SYS,SWAT_VER_JOURNAL_IND$,SYS,SWAT_VER_JOURNAL$,1,SWAT_ARM_TASK_ID,ASC
SYS,SWAT_VER_JOURNAL_IND$,SYS,SWAT_VER_JOURNAL$,2,SWAT_ARM_EXEC_NAME,ASC
SYS,SWAT_VER_MV_BENEFIT$_PK,SYS,SWAT_VER_MV_BENEFIT$,1,MV_OWNER,ASC
SYS,SWAT_VER_MV_BENEFIT$_PK,SYS,SWAT_VER_MV_BENEFIT$,2,MV_NAME,ASC
SYS,SWAT_VER$_PK,SYS,SWAT_VER$,1,SWAT_ARM_TASK_ID,ASC
SYS,SWAT_VER$_PK,SYS,SWAT_VER$,2,SWAT_ARM_EXEC_NAME,ASC
SYS,SWAT_VER_STATE$_PK,SYS,SWAT_VER_STATE$,1,SWAT_ARM_TASK_ID,ASC
SYS,SWAT_VER_STATE$_PK,SYS,SWAT_VER_STATE$,2,SWAT_ARM_EXEC_NAME,ASC
SYS,SWAT_VER_STATE$_PK,SYS,SWAT_VER_STATE$,3,STEP,ASC
SYS,SWAT_VER_STATE$_PK,SYS,SWAT_VER_STATE$,4,PARAMETER_NAME,ASC
SYS,SWR$_ATTRNAME_PK,SYS,SWR$_ATTRNAME,1,HASH,ASC
SYS,SWR$_OPTIMIZER_ENV_PK,SYS,SWR$_OPTIMIZER_ENV,1,OPTENV_HASH,ASC
SYS,SWR$_SNAPSHOT_ERROR_PK,SYS,SWR$_SNAPSHOT_ERROR,1,ERROR_TIME_UTC,ASC
SYS,SWR$_SNAPSHOT_ERROR_PK,SYS,SWR$_SNAPSHOT_ERROR,2,INSTANCE_NUMBER,ASC
SYS,SWR$_SNAPSHOT_ERROR_PK,SYS,SWR$_SNAPSHOT_ERROR,3,TASK_TYPE,ASC
SYS,SWR$_SNAPSHOT_ERROR_PK,SYS,SWR$_SNAPSHOT_ERROR,4,TABLE_NAME,ASC
SYS,SWR$_SNAPSHOT_PK,SYS,SWR$_SNAPSHOT,1,SNAP_TIME_UTC,ASC
SYS,SWR$_SNAPSHOT_PK,SYS,SWR$_SNAPSHOT,2,INSTANCE_NUMBER,ASC
SYS,SWR$_SQLPLAN_PK,SYS,SWR$_SQLPLAN,1,SQL_ID,ASC
SYS,SWR$_SQLPLAN_PK,SYS,SWR$_SQLPLAN,2,PLAN_HASH_VALUE,ASC
SYS,SWR$_SQLSTAT_DELTA_PK,SYS,SWR$_SQLSTAT_DELTA,1,SNAP_TIME_UTC,ASC
SYS,SWR$_SQLSTAT_DELTA_PK,SYS,SWR$_SQLSTAT_DELTA,2,INSTANCE_NUMBER,ASC
SYS,SWR$_SQLSTAT_DELTA_PK,SYS,SWR$_SQLSTAT_DELTA,3,SQL_ID,ASC
SYS,SWR$_SQLSTAT_DELTA_PK,SYS,SWR$_SQLSTAT_DELTA,4,PLAN_HASH_VALUE,ASC
SYS,SWR$_SQLTEXT_PK,SYS,SWR$_SQLTEXT,1,SQL_ID,ASC
SYS,SWR$_SQLTEXT_REFCOUNT_PK,SYS,SWR$_SQLTEXT_REFCOUNT,1,SQL_ID,ASC
SYS,SYS_C001516,SYS,SYNCREF$_GROUPS,1,GROUP_ID,ASC
SYS,SYS_C001519,SYS,SYNCREF$_TABLE_INFO,1,TABLE_OBJ#,ASC
SYS,SYS_C001555,SYS,SYNCREF$_PARAMETERS,1,PARAMETER_NAME,ASC
SYS,SYS_C001562,SYS,SYNCREF$_SOFT_ERRORS,1,ERROR,ASC
SYS,SYS_C001568,SYS,SYNCREF$_STLOG_STATS,1,TABLE_OBJ#,ASC
SYS,SYS_C001591,SYS,REDEF_TRACK$,1,REDEF#,ASC
SYS,SYS_C001834,SYS,SYS_FBA_FA,1,FA#,ASC
SYS,SYS_C001840,SYS,SYS_FBA_TSFA,1,FA#,ASC
SYS,SYS_C001840,SYS,SYS_FBA_TSFA,2,TS#,ASC
SYS,SYS_C001914,SYS,TRANSFORMATIONS$,1,TRANSFORMATION_ID,ASC
SYS,SYS_C002323,SYS,TRANSACTION_BACKOUT_REPORT$,1,COMPENSATING_XID,ASC
SYS,SYS_C002329,SYS,RULE_SET_IEUAC$,1,CLIENT_NAME,ASC
SYS,SYS_C002473,SYS,WRI$_ADV_INST_FDG,1,TASK_ID,ASC
SYS,SYS_C002473,SYS,WRI$_ADV_INST_FDG,2,FINDING_ID,ASC
SYS,SYS_C002473,SYS,WRI$_ADV_INST_FDG,3,INSTANCE_NUMBER,ASC
SYS,SYS_C002542,SYS,WRI$_ADV_ADDM_TASKS,1,TASK_ID,ASC
SYS,SYS_C002545,SYS,WRI$_ADV_ADDM_INST,1,TASK_ID,ASC
SYS,SYS_C002545,SYS,WRI$_ADV_ADDM_INST,2,INSTANCE_NUMBER,ASC
SYS,SYS_C002548,SYS,WRI$_ADV_ADDM_FDG,1,TASK_ID,ASC
SYS,SYS_C002548,SYS,WRI$_ADV_ADDM_FDG,2,FINDING_ID,ASC
SYS,SYS_C002556,SYS,WRI$_ADV_ADDM_TODO,1,INSTANCE_NUMBER,ASC
SYS,SYS_C002556,SYS,WRI$_ADV_ADDM_TODO,2,DBID,ASC
SYS,SYS_C002556,SYS,WRI$_ADV_ADDM_TODO,3,END_SNAP_ID,ASC
SYS,SYS_C003142,SYS,SWAT_MM_REFRESH_HISTORY$,1,MV_OBJ#,ASC
SYS,SYS_C003142,SYS,SWAT_MM_REFRESH_HISTORY$,2,REFRESH_ID,ASC
SYS,SYS_C003352,SYS,DBFS$_STORES,1,S_OWNER,ASC
SYS,SYS_C003352,SYS,DBFS$_STORES,2,S_NAME,ASC
SYS,SYS_C003356,SYS,DBFS$_MOUNTS,1,S_PROPS,ASC
SYS,SYS_C003357,SYS,DBFS$_MOUNTS,1,S_OWNER,ASC
SYS,SYS_C003357,SYS,DBFS$_MOUNTS,2,S_MOUNT,ASC
SYS,SYS_C003361,SYS,DBFS$_CLIENTS,1,C_INFO,ASC
SYS,SYS_C003368,SYS,DBFS$_STATS,1,S_OWNER,ASC
SYS,SYS_C003368,SYS,DBFS$_STATS,2,S_NAME,ASC
SYS,SYS_C003368,SYS,DBFS$_STATS,3,S_MOUNT,ASC
SYS,SYS_C003368,SYS,DBFS$_STATS,4,OPCODE,ASC
SYS,SYS_C003375,SYS,DBFS_SFS$_TAB,1,TABID,ASC
SYS,SYS_C003376,SYS,DBFS_SFS$_TAB,1,PROPERTIES,ASC
SYS,SYS_C003377,SYS,DBFS_SFS$_TAB,1,SCHEMA_NAME,ASC
SYS,SYS_C003377,SYS,DBFS_SFS$_TAB,2,TABLE_NAME,ASC
SYS,SYS_C003385,SYS,DBFS_SFS$_VOL,1,TABID,ASC
SYS,SYS_C003385,SYS,DBFS_SFS$_VOL,2,VOLID,ASC
SYS,SYS_C003394,SYS,DBFS_SFS$_SNAP,1,TABID,ASC
SYS,SYS_C003394,SYS,DBFS_SFS$_SNAP,2,VOLID,ASC
SYS,SYS_C003394,SYS,DBFS_SFS$_SNAP,3,SNAP#,ASC
SYS,SYS_C003401,SYS,DBFS_SFS$_FS,1,STORE_OWNER,ASC
SYS,SYS_C003401,SYS,DBFS_SFS$_FS,2,STORE_NAME,ASC
SYS,SYS_C003402,SYS,DBFS_SFS$_FS,1,STORE_OWNER,ASC
SYS,SYS_C003402,SYS,DBFS_SFS$_FS,2,TABID,ASC
SYS,SYS_C003402,SYS,DBFS_SFS$_FS,3,VOLID,ASC
SYS,SYS_C003402,SYS,DBFS_SFS$_FS,4,SNAP#,ASC
SYS,SYS_C003419,SYS,DBFS_SFS$_FST,1,VOLID,ASC
SYS,SYS_C003419,SYS,DBFS_SFS$_FST,2,STD_GUID,ASC
SYS,SYS_C003419,SYS,DBFS_SFS$_FST,3,CSNAP#,ASC
SYS,SYS_C003420,SYS,DBFS_SFS$_FST,1,VOLID,ASC
SYS,SYS_C003420,SYS,DBFS_SFS$_FST,2,PATHNAME,ASC
SYS,SYS_C003420,SYS,DBFS_SFS$_FST,3,CSNAP#,ASC
SYS,SYS_C003421,SYS,DBFS_SFS$_FST,1,VOLID,ASC
SYS,SYS_C003421,SYS,DBFS_SFS$_FST,2,STD_PARENT_GUID,ASC
SYS,SYS_C003421,SYS,DBFS_SFS$_FST,3,STD_GUID,ASC
SYS,SYS_C003421,SYS,DBFS_SFS$_FST,4,CSNAP#,ASC
SYS,SYS_C003428,SYS,DBFS_SFS$_FSTP,1,VOLID,ASC
SYS,SYS_C003428,SYS,DBFS_SFS$_FSTP,2,STD_GUID,ASC
SYS,SYS_C003428,SYS,DBFS_SFS$_FSTP,3,CSNAP#,ASC
SYS,SYS_C003428,SYS,DBFS_SFS$_FSTP,4,PROPNAME,ASC
SYS,SYS_C003445,SYS,DBFS_SFS$_FSTO,1,VOLID,ASC
SYS,SYS_C003445,SYS,DBFS_SFS$_FSTO,2,STD_GUID,ASC
SYS,SYS_C003445,SYS,DBFS_SFS$_FSTO,3,CSNAP#,ASC
SYS,SYS_C003446,SYS,DBFS_SFS$_FSTO,1,USR_PROPERTIES,ASC
SYS,SYS_C003447,SYS,DBFS_SFS$_FSTO,1,VOLID,ASC
SYS,SYS_C003447,SYS,DBFS_SFS$_FSTO,2,PATHNAME,ASC
SYS,SYS_C003447,SYS,DBFS_SFS$_FSTO,3,CSNAP#,ASC
SYS,SYS_C003448,SYS,DBFS_SFS$_FSTO,1,VOLID,ASC
SYS,SYS_C003448,SYS,DBFS_SFS$_FSTO,2,STD_PARENT_GUID,ASC
SYS,SYS_C003448,SYS,DBFS_SFS$_FSTO,3,STD_GUID,ASC
SYS,SYS_C003448,SYS,DBFS_SFS$_FSTO,4,CSNAP#,ASC
SYS,SYS_C003452,SYS,DBFS_HS$_FS,1,STORE_OWNER,ASC
SYS,SYS_C003452,SYS,DBFS_HS$_FS,2,STORE_NAME,ASC
SYS,SYS_C003458,SYS,DBFS_HS$_CONTENTFNMAPTBL,1,CONTENTFILENAME,ASC
SYS,SYS_C003460,SYS,DBFS_HS$_STOREIDTABLE,1,STORENAME,ASC
SYS,SYS_C003460,SYS,DBFS_HS$_STOREIDTABLE,2,STOREOWNER,ASC
SYS,SYS_C003566,SYS,XS$CACHE_ACTIONS,1,ROW_KEY,ASC
SYS,SYS_C003585,SYS,OPATCH_INST_JOB,1,INST_ID,ASC
SYS,SYS_C003651,SYS,LINK_SOURCES$,1,SOURCE_ID,ASC
SYS,SYS_C005879,SYS,DBMS_LOCK_ALLOCATED,1,NAME,ASC
SYS,SYS_C005880,SYS,DBMS_LOCK_ALLOCATED,1,LOCKID,ASC
SYS,SYS_C005881,SYS,DBMS_ALERT_INFO,1,NAME,ASC
SYS,SYS_C005881,SYS,DBMS_ALERT_INFO,2,SID,ASC
SYS,SYS_C005882,SYS,SCHEDULER$_EVENT_QTAB,1,MSGID,ASC
SYS,SYS_C005885,SYS,AQ$_SCHEDULER$_EVENT_QTAB_S,1,SUBSCRIBER_ID,ASC
SYS,SYS_C005894,SYS,SCHEDULER$_REMDB_JOBQTAB,1,"""USER_DATA"".""ARGUMENTS""",ASC
SYS,SYS_C005895,SYS,SCHEDULER$_REMDB_JOBQTAB,1,MSGID,ASC
SYS,SYS_C005898,SYS,AQ$_SCHEDULER$_REMDB_JOBQTAB_S,1,SUBSCRIBER_ID,ASC
SYS,SYS_C005907,SYS,SCHEDULER_FILEWATCHER_QT,1,"""USER_DATA"".""MATCHING_REQUESTS""",ASC
SYS,SYS_C005908,SYS,SCHEDULER_FILEWATCHER_QT,1,MSGID,ASC
SYS,SYS_C005911,SYS,AQ$_SCHEDULER_FILEWATCHER_QT_S,1,SUBSCRIBER_ID,ASC
SYS,SYS_C005920,SYS,ALERT_QT,1,MSGID,ASC
SYS,SYS_C005923,SYS,AQ$_ALERT_QT_S,1,SUBSCRIBER_ID,ASC
SYS,SYS_C006012,SYS,ORA$PREPLUGIN_BACKUP_QTB,1,MSGID,ASC
SYS,SYS_C006015,SYS,AQ$_ORA$PREPLUGIN_BACKUP_QTB_S,1,SUBSCRIBER_ID,ASC
SYS,SYS_C006025,SYS,DATA_GUARD_SITE$,1,CDBDBID,ASC
SYS,SYS_C006102,SYS,AQ$_MEM_MC,1,MSGID,ASC
SYS,SYS_C006105,SYS,AQ$_AQ$_MEM_MC_S,1,SUBSCRIBER_ID,ASC
SYS,SYS_C006113,SYS,AQ_EVENT_TABLE,1,MSGID,ASC
SYS,SYS_C006116,SYS,AQ_PROP_TABLE,1,MSGID,ASC
SYS,SYS_C006119,SYS,AQ$_AQ_PROP_TABLE_S,1,SUBSCRIBER_ID,ASC
SYS,SYS_C006128,SYS,CQN_EVENT_TABLE,1,MSGID,ASC
SYS,SYS_C006284,SYS,SYS$SERVICE_METRICS_TAB,1,MSGID,ASC
SYS,SYS_C006287,SYS,AQ$_SYS$SERVICE_METRICS_TAB_S,1,SUBSCRIBER_ID,ASC
SYS,SYS_C006419,SYS,SHARD_KEYS,1,KEY_ID,ASC
SYS,SYS_C006422,SYS,DDL_REQUESTS,1,DDL_NUM,ASC
SYS,SYS_C006428,SYS,SHARD_OBJECTS,1,SHARDSPACE_ID,ASC
SYS,SYS_C006428,SYS,SHARD_OBJECTS,2,DDL_NUM,ASC
SYS,SYS_C006432,SYS,PTSHD_SCHEMA_OBJECTS,1,SEQ_NUM,ASC
SYS,SYS_C006435,SYS,CATALOG_DDLS,1,DDL_NUM,ASC
SYS,SYS_C006557,SYS,PDB_MON_EVENT_QTABLE$,1,MSGID,ASC
SYS,SYS_C006560,SYS,AQ$_PDB_MON_EVENT_QTABLE$_S,1,SUBSCRIBER_ID,ASC
SYS,SYS_C00746,SYS,RADM_PE$,1,PE#,ASC
SYS,SYS_C00794,SYS,XSDB$SCHEMA_ACL,1,SCHEMA_NAME,ASC
SYS,SYS_C00796,SYS,DAM_PARAM_TAB$,1,PARAMETER#,ASC
SYS,SYS_C00807,SYS,DAM_CLEANUP_JOBS$,1,JOB_NAME,ASC
SYS,SYS_C00811,SYS,DAM_CLEANUP_EVENTS$,1,SERIAL#,ASC
SYS,SYS_C00859,SYS,STATS_ADVISOR_FILTER_RULE$,1,RULE_ID,ASC
SYS,SYS_C00937,SYS,KOTTD$,1,SYS_NC_OID$,ASC
SYS,SYS_C00938,SYS,KOTTB$,1,SYS_NC_OID$,ASC
SYS,SYS_C00939,SYS,KOTAD$,1,SYS_NC_OID$,ASC
SYS,SYS_C00940,SYS,KOTMD$,1,SYS_NC_OID$,ASC
SYS,SYS_C00941,SYS,KOTTBX$,1,SYS_NC_OID$,ASC
SYS,SYS_C00942,SYS,KOTADX$,1,SYS_NC_OID$,ASC
SYS,SYSDBIMFSDBA_CUID_FK$,SYS,SYSDBIMFSDBA$,1,CUID,ASC
SYS,SYSDBIMFSDBA_PK$,SYS,SYSDBIMFSDBA$,1,SEGID,ASC
SYS,SYSDBIMFSDBA_PK$,SYS,SYSDBIMFSDBA$,2,BASEDBA,ASC
SYS,SYSDBIMFSDBA_SEGID_FK$,SYS,SYSDBIMFSDBA$,1,SEGID,ASC
SYS,SYSDBIMFS_IDX$,SYS,SYSDBIMFS$,1,SEGID,ASC
SYS,SYSDBIMFS_IDX$,SYS,SYSDBIMFS$,2,STARTDBA,ASC
SYS,SYSDBIMFS_IDX$,SYS,SYSDBIMFS$,3,VERSION,ASC
SYS,SYSDBIMFS_METADATA_PK$,SYS,SYSDBIMFS_METADATA$,1,KEY,ASC
SYS,SYSDBIMFS_PK$,SYS,SYSDBIMFS$,1,CUID,ASC
SYS,SYSDBIMFS_SEGID_FK$,SYS,SYSDBIMFS$,1,SEGID,ASC
SYS,SYSDBIMFSSEG_IDX$,SYS,SYSDBIMFSSEG$,1,PDB,ASC
SYS,SYSDBIMFSSEG_IDX$,SYS,SYSDBIMFSSEG$,2,TSN,ASC
SYS,SYSDBIMFSSEG_IDX$,SYS,SYSDBIMFSSEG$,3,OBJD,ASC
SYS,SYSDBIMFSSEG_IDX$,SYS,SYSDBIMFSSEG$,4,VERSION,ASC
SYS,SYSDBIMFSSEG_PK$,SYS,SYSDBIMFSSEG$,1,SEGID,ASC
SYS,SYS_FK0000010429N00005$,SYS,S_PROPS_TAB,1,NESTED_TABLE_ID,ASC
SYS,SYS_FK0000010449N00008$,SYS,PROPERTIES_TAB,1,NESTED_TABLE_ID,ASC
SYS,SYS_FK0000010486N00028$,SYS,USR_PROPERTIES_TAB,1,NESTED_TABLE_ID,ASC
SYS,SYS_FK0000021058N00046$,SYS,SCHEDULER$_RJQ_ANT,1,NESTED_TABLE_ID,ASC
SYS,SYS_FK0000021092N00035$,SYS,SCHEDULER$_FWQ_ANT,1,NESTED_TABLE_ID,ASC
SYS,SYS_IOT_TOP_21040,SYS,AQ$_SCHEDULER$_EVENT_QTAB_T,1,NEXT_DATE,ASC
SYS,SYS_IOT_TOP_21040,SYS,AQ$_SCHEDULER$_EVENT_QTAB_T,2,TXN_ID,ASC
SYS,SYS_IOT_TOP_21040,SYS,AQ$_SCHEDULER$_EVENT_QTAB_T,3,MSGID,ASC
SYS,SYS_IOT_TOP_21042,SYS,AQ$_SCHEDULER$_EVENT_QTAB_H,1,MSGID,ASC
SYS,SYS_IOT_TOP_21042,SYS,AQ$_SCHEDULER$_EVENT_QTAB_H,2,SUBSCRIBER#,ASC
SYS,SYS_IOT_TOP_21042,SYS,AQ$_SCHEDULER$_EVENT_QTAB_H,3,NAME,ASC
SYS,SYS_IOT_TOP_21042,SYS,AQ$_SCHEDULER$_EVENT_QTAB_H,4,ADDRESS#,ASC
SYS,SYS_IOT_TOP_21045,SYS,AQ$_SCHEDULER$_EVENT_QTAB_G,1,MSGID,ASC
SYS,SYS_IOT_TOP_21045,SYS,AQ$_SCHEDULER$_EVENT_QTAB_G,2,SUBSCRIBER#,ASC
SYS,SYS_IOT_TOP_21045,SYS,AQ$_SCHEDULER$_EVENT_QTAB_G,3,NAME,ASC
SYS,SYS_IOT_TOP_21045,SYS,AQ$_SCHEDULER$_EVENT_QTAB_G,4,ADDRESS#,ASC
SYS,SYS_IOT_TOP_21048,SYS,AQ$_SCHEDULER$_EVENT_QTAB_I,1,SUBSCRIBER#,ASC
SYS,SYS_IOT_TOP_21048,SYS,AQ$_SCHEDULER$_EVENT_QTAB_I,2,NAME,ASC
SYS,SYS_IOT_TOP_21048,SYS,AQ$_SCHEDULER$_EVENT_QTAB_I,3,QUEUE#,ASC
SYS,SYS_IOT_TOP_21048,SYS,AQ$_SCHEDULER$_EVENT_QTAB_I,4,MSG_ENQ_TIME,ASC
SYS,SYS_IOT_TOP_21048,SYS,AQ$_SCHEDULER$_EVENT_QTAB_I,5,MSG_STEP_NO,ASC
SYS,SYS_IOT_TOP_21048,SYS,AQ$_SCHEDULER$_EVENT_QTAB_I,6,MSG_CHAIN_NO,ASC
SYS,SYS_IOT_TOP_21048,SYS,AQ$_SCHEDULER$_EVENT_QTAB_I,7,MSG_LOCAL_ORDER_NO,ASC
SYS,SYS_IOT_TOP_21048,SYS,AQ$_SCHEDULER$_EVENT_QTAB_I,8,MSGID,ASC
SYS,SYS_IOT_TOP_21074,SYS,AQ$_SCHEDULER$_REMDB_JOBQTAB_T,1,NEXT_DATE,ASC
SYS,SYS_IOT_TOP_21074,SYS,AQ$_SCHEDULER$_REMDB_JOBQTAB_T,2,TXN_ID,ASC
SYS,SYS_IOT_TOP_21074,SYS,AQ$_SCHEDULER$_REMDB_JOBQTAB_T,3,MSGID,ASC
SYS,SYS_IOT_TOP_21076,SYS,AQ$_SCHEDULER$_REMDB_JOBQTAB_H,1,MSGID,ASC
SYS,SYS_IOT_TOP_21076,SYS,AQ$_SCHEDULER$_REMDB_JOBQTAB_H,2,SUBSCRIBER#,ASC
SYS,SYS_IOT_TOP_21076,SYS,AQ$_SCHEDULER$_REMDB_JOBQTAB_H,3,NAME,ASC
SYS,SYS_IOT_TOP_21076,SYS,AQ$_SCHEDULER$_REMDB_JOBQTAB_H,4,ADDRESS#,ASC
SYS,SYS_IOT_TOP_21079,SYS,AQ$_SCHEDULER$_REMDB_JOBQTAB_G,1,MSGID,ASC
SYS,SYS_IOT_TOP_21079,SYS,AQ$_SCHEDULER$_REMDB_JOBQTAB_G,2,SUBSCRIBER#,ASC
SYS,SYS_IOT_TOP_21079,SYS,AQ$_SCHEDULER$_REMDB_JOBQTAB_G,3,NAME,ASC
SYS,SYS_IOT_TOP_21079,SYS,AQ$_SCHEDULER$_REMDB_JOBQTAB_G,4,ADDRESS#,ASC
SYS,SYS_IOT_TOP_21082,SYS,AQ$_SCHEDULER$_REMDB_JOBQTAB_I,1,SUBSCRIBER#,ASC
SYS,SYS_IOT_TOP_21082,SYS,AQ$_SCHEDULER$_REMDB_JOBQTAB_I,2,NAME,ASC
SYS,SYS_IOT_TOP_21082,SYS,AQ$_SCHEDULER$_REMDB_JOBQTAB_I,3,QUEUE#,ASC
SYS,SYS_IOT_TOP_21082,SYS,AQ$_SCHEDULER$_REMDB_JOBQTAB_I,4,MSG_ENQ_TIME,ASC
SYS,SYS_IOT_TOP_21082,SYS,AQ$_SCHEDULER$_REMDB_JOBQTAB_I,5,MSG_STEP_NO,ASC
SYS,SYS_IOT_TOP_21082,SYS,AQ$_SCHEDULER$_REMDB_JOBQTAB_I,6,MSG_CHAIN_NO,ASC
SYS,SYS_IOT_TOP_21082,SYS,AQ$_SCHEDULER$_REMDB_JOBQTAB_I,7,MSG_LOCAL_ORDER_NO,ASC
SYS,SYS_IOT_TOP_21082,SYS,AQ$_SCHEDULER$_REMDB_JOBQTAB_I,8,MSGID,ASC
SYS,SYS_IOT_TOP_21104,SYS,AQ$_SCHEDULER_FILEWATCHER_QT_T,1,NEXT_DATE,ASC
SYS,SYS_IOT_TOP_21104,SYS,AQ$_SCHEDULER_FILEWATCHER_QT_T,2,TXN_ID,ASC
SYS,SYS_IOT_TOP_21104,SYS,AQ$_SCHEDULER_FILEWATCHER_QT_T,3,MSGID,ASC
SYS,SYS_IOT_TOP_21106,SYS,AQ$_SCHEDULER_FILEWATCHER_QT_H,1,MSGID,ASC
SYS,SYS_IOT_TOP_21106,SYS,AQ$_SCHEDULER_FILEWATCHER_QT_H,2,SUBSCRIBER#,ASC
SYS,SYS_IOT_TOP_21106,SYS,AQ$_SCHEDULER_FILEWATCHER_QT_H,3,NAME,ASC
SYS,SYS_IOT_TOP_21106,SYS,AQ$_SCHEDULER_FILEWATCHER_QT_H,4,ADDRESS#,ASC
SYS,SYS_IOT_TOP_21109,SYS,AQ$_SCHEDULER_FILEWATCHER_QT_G,1,MSGID,ASC
SYS,SYS_IOT_TOP_21109,SYS,AQ$_SCHEDULER_FILEWATCHER_QT_G,2,SUBSCRIBER#,ASC
SYS,SYS_IOT_TOP_21109,SYS,AQ$_SCHEDULER_FILEWATCHER_QT_G,3,NAME,ASC
SYS,SYS_IOT_TOP_21109,SYS,AQ$_SCHEDULER_FILEWATCHER_QT_G,4,ADDRESS#,ASC
SYS,SYS_IOT_TOP_21112,SYS,AQ$_SCHEDULER_FILEWATCHER_QT_I,1,SUBSCRIBER#,ASC
SYS,SYS_IOT_TOP_21112,SYS,AQ$_SCHEDULER_FILEWATCHER_QT_I,2,NAME,ASC
SYS,SYS_IOT_TOP_21112,SYS,AQ$_SCHEDULER_FILEWATCHER_QT_I,3,QUEUE#,ASC
SYS,SYS_IOT_TOP_21112,SYS,AQ$_SCHEDULER_FILEWATCHER_QT_I,4,MSG_ENQ_TIME,ASC
SYS,SYS_IOT_TOP_21112,SYS,AQ$_SCHEDULER_FILEWATCHER_QT_I,5,MSG_STEP_NO,ASC
SYS,SYS_IOT_TOP_21112,SYS,AQ$_SCHEDULER_FILEWATCHER_QT_I,6,MSG_CHAIN_NO,ASC
SYS,SYS_IOT_TOP_21112,SYS,AQ$_SCHEDULER_FILEWATCHER_QT_I,7,MSG_LOCAL_ORDER_NO,ASC
SYS,SYS_IOT_TOP_21112,SYS,AQ$_SCHEDULER_FILEWATCHER_QT_I,8,MSGID,ASC
SYS,SYS_IOT_TOP_21159,SYS,AQ$_ALERT_QT_T,1,NEXT_DATE,ASC
SYS,SYS_IOT_TOP_21159,SYS,AQ$_ALERT_QT_T,2,TXN_ID,ASC
SYS,SYS_IOT_TOP_21159,SYS,AQ$_ALERT_QT_T,3,MSGID,ASC
SYS,SYS_IOT_TOP_21161,SYS,AQ$_ALERT_QT_H,1,MSGID,ASC
SYS,SYS_IOT_TOP_21161,SYS,AQ$_ALERT_QT_H,2,SUBSCRIBER#,ASC
SYS,SYS_IOT_TOP_21161,SYS,AQ$_ALERT_QT_H,3,NAME,ASC
SYS,SYS_IOT_TOP_21161,SYS,AQ$_ALERT_QT_H,4,ADDRESS#,ASC
SYS,SYS_IOT_TOP_21164,SYS,AQ$_ALERT_QT_G,1,MSGID,ASC
SYS,SYS_IOT_TOP_21164,SYS,AQ$_ALERT_QT_G,2,SUBSCRIBER#,ASC
SYS,SYS_IOT_TOP_21164,SYS,AQ$_ALERT_QT_G,3,NAME,ASC
SYS,SYS_IOT_TOP_21164,SYS,AQ$_ALERT_QT_G,4,ADDRESS#,ASC
SYS,SYS_IOT_TOP_21167,SYS,AQ$_ALERT_QT_I,1,SUBSCRIBER#,ASC
SYS,SYS_IOT_TOP_21167,SYS,AQ$_ALERT_QT_I,2,NAME,ASC
SYS,SYS_IOT_TOP_21167,SYS,AQ$_ALERT_QT_I,3,QUEUE#,ASC
SYS,SYS_IOT_TOP_21167,SYS,AQ$_ALERT_QT_I,4,MSG_ENQ_TIME,ASC
SYS,SYS_IOT_TOP_21167,SYS,AQ$_ALERT_QT_I,5,MSG_STEP_NO,ASC
SYS,SYS_IOT_TOP_21167,SYS,AQ$_ALERT_QT_I,6,MSG_CHAIN_NO,ASC
SYS,SYS_IOT_TOP_21167,SYS,AQ$_ALERT_QT_I,7,MSG_LOCAL_ORDER_NO,ASC
SYS,SYS_IOT_TOP_21167,SYS,AQ$_ALERT_QT_I,8,MSGID,ASC
SYS,SYS_IOT_TOP_21431,SYS,AQ$_ORA$PREPLUGIN_BACKUP_QTB_T,1,NEXT_DATE,ASC
SYS,SYS_IOT_TOP_21431,SYS,AQ$_ORA$PREPLUGIN_BACKUP_QTB_T,2,TXN_ID,ASC
SYS,SYS_IOT_TOP_21431,SYS,AQ$_ORA$PREPLUGIN_BACKUP_QTB_T,3,MSGID,ASC
SYS,SYS_IOT_TOP_21433,SYS,AQ$_ORA$PREPLUGIN_BACKUP_QTB_H,1,MSGID,ASC
SYS,SYS_IOT_TOP_21433,SYS,AQ$_ORA$PREPLUGIN_BACKUP_QTB_H,2,SUBSCRIBER#,ASC
SYS,SYS_IOT_TOP_21433,SYS,AQ$_ORA$PREPLUGIN_BACKUP_QTB_H,3,NAME,ASC
SYS,SYS_IOT_TOP_21433,SYS,AQ$_ORA$PREPLUGIN_BACKUP_QTB_H,4,ADDRESS#,ASC
SYS,SYS_IOT_TOP_21436,SYS,AQ$_ORA$PREPLUGIN_BACKUP_QTB_G,1,MSGID,ASC
SYS,SYS_IOT_TOP_21436,SYS,AQ$_ORA$PREPLUGIN_BACKUP_QTB_G,2,SUBSCRIBER#,ASC
SYS,SYS_IOT_TOP_21436,SYS,AQ$_ORA$PREPLUGIN_BACKUP_QTB_G,3,NAME,ASC
SYS,SYS_IOT_TOP_21436,SYS,AQ$_ORA$PREPLUGIN_BACKUP_QTB_G,4,ADDRESS#,ASC
SYS,SYS_IOT_TOP_21439,SYS,AQ$_ORA$PREPLUGIN_BACKUP_QTB_I,1,SUBSCRIBER#,ASC
SYS,SYS_IOT_TOP_21439,SYS,AQ$_ORA$PREPLUGIN_BACKUP_QTB_I,2,NAME,ASC
SYS,SYS_IOT_TOP_21439,SYS,AQ$_ORA$PREPLUGIN_BACKUP_QTB_I,3,QUEUE#,ASC
SYS,SYS_IOT_TOP_21439,SYS,AQ$_ORA$PREPLUGIN_BACKUP_QTB_I,4,MSG_ENQ_TIME,ASC
SYS,SYS_IOT_TOP_21439,SYS,AQ$_ORA$PREPLUGIN_BACKUP_QTB_I,5,MSG_STEP_NO,ASC
SYS,SYS_IOT_TOP_21439,SYS,AQ$_ORA$PREPLUGIN_BACKUP_QTB_I,6,MSG_CHAIN_NO,ASC
SYS,SYS_IOT_TOP_21439,SYS,AQ$_ORA$PREPLUGIN_BACKUP_QTB_I,7,MSG_LOCAL_ORDER_NO,ASC
SYS,SYS_IOT_TOP_21439,SYS,AQ$_ORA$PREPLUGIN_BACKUP_QTB_I,8,MSGID,ASC
SYS,SYS_IOT_TOP_21618,SYS,AQ$_AQ$_MEM_MC_T,1,NEXT_DATE,ASC
SYS,SYS_IOT_TOP_21618,SYS,AQ$_AQ$_MEM_MC_T,2,TXN_ID,ASC
SYS,SYS_IOT_TOP_21618,SYS,AQ$_AQ$_MEM_MC_T,3,MSGID,ASC
SYS,SYS_IOT_TOP_21620,SYS,AQ$_AQ$_MEM_MC_H,1,MSGID,ASC
SYS,SYS_IOT_TOP_21620,SYS,AQ$_AQ$_MEM_MC_H,2,SUBSCRIBER#,ASC
SYS,SYS_IOT_TOP_21620,SYS,AQ$_AQ$_MEM_MC_H,3,NAME,ASC
SYS,SYS_IOT_TOP_21620,SYS,AQ$_AQ$_MEM_MC_H,4,ADDRESS#,ASC
SYS,SYS_IOT_TOP_21623,SYS,AQ$_AQ$_MEM_MC_G,1,MSGID,ASC
SYS,SYS_IOT_TOP_21623,SYS,AQ$_AQ$_MEM_MC_G,2,SUBSCRIBER#,ASC
SYS,SYS_IOT_TOP_21623,SYS,AQ$_AQ$_MEM_MC_G,3,NAME,ASC
SYS,SYS_IOT_TOP_21623,SYS,AQ$_AQ$_MEM_MC_G,4,ADDRESS#,ASC
SYS,SYS_IOT_TOP_21626,SYS,AQ$_AQ$_MEM_MC_I,1,SUBSCRIBER#,ASC
SYS,SYS_IOT_TOP_21626,SYS,AQ$_AQ$_MEM_MC_I,2,NAME,ASC
SYS,SYS_IOT_TOP_21626,SYS,AQ$_AQ$_MEM_MC_I,3,QUEUE#,ASC
SYS,SYS_IOT_TOP_21626,SYS,AQ$_AQ$_MEM_MC_I,4,MSG_ENQ_TIME,ASC
SYS,SYS_IOT_TOP_21626,SYS,AQ$_AQ$_MEM_MC_I,5,MSG_STEP_NO,ASC
SYS,SYS_IOT_TOP_21626,SYS,AQ$_AQ$_MEM_MC_I,6,MSG_CHAIN_NO,ASC
SYS,SYS_IOT_TOP_21626,SYS,AQ$_AQ$_MEM_MC_I,7,MSG_LOCAL_ORDER_NO,ASC
SYS,SYS_IOT_TOP_21626,SYS,AQ$_AQ$_MEM_MC_I,8,MSGID,ASC
SYS,SYS_IOT_TOP_21654,SYS,AQ$_AQ_PROP_TABLE_T,1,NEXT_DATE,ASC
SYS,SYS_IOT_TOP_21654,SYS,AQ$_AQ_PROP_TABLE_T,2,TXN_ID,ASC
SYS,SYS_IOT_TOP_21654,SYS,AQ$_AQ_PROP_TABLE_T,3,MSGID,ASC
SYS,SYS_IOT_TOP_21656,SYS,AQ$_AQ_PROP_TABLE_H,1,MSGID,ASC
SYS,SYS_IOT_TOP_21656,SYS,AQ$_AQ_PROP_TABLE_H,2,SUBSCRIBER#,ASC
SYS,SYS_IOT_TOP_21656,SYS,AQ$_AQ_PROP_TABLE_H,3,NAME,ASC
SYS,SYS_IOT_TOP_21656,SYS,AQ$_AQ_PROP_TABLE_H,4,ADDRESS#,ASC
SYS,SYS_IOT_TOP_21659,SYS,AQ$_AQ_PROP_TABLE_G,1,MSGID,ASC
SYS,SYS_IOT_TOP_21659,SYS,AQ$_AQ_PROP_TABLE_G,2,SUBSCRIBER#,ASC
SYS,SYS_IOT_TOP_21659,SYS,AQ$_AQ_PROP_TABLE_G,3,NAME,ASC
SYS,SYS_IOT_TOP_21659,SYS,AQ$_AQ_PROP_TABLE_G,4,ADDRESS#,ASC
SYS,SYS_IOT_TOP_21662,SYS,AQ$_AQ_PROP_TABLE_I,1,SUBSCRIBER#,ASC
SYS,SYS_IOT_TOP_21662,SYS,AQ$_AQ_PROP_TABLE_I,2,NAME,ASC
SYS,SYS_IOT_TOP_21662,SYS,AQ$_AQ_PROP_TABLE_I,3,QUEUE#,ASC
SYS,SYS_IOT_TOP_21662,SYS,AQ$_AQ_PROP_TABLE_I,4,MSG_ENQ_TIME,ASC
SYS,SYS_IOT_TOP_21662,SYS,AQ$_AQ_PROP_TABLE_I,5,MSG_STEP_NO,ASC
SYS,SYS_IOT_TOP_21662,SYS,AQ$_AQ_PROP_TABLE_I,6,MSG_CHAIN_NO,ASC
SYS,SYS_IOT_TOP_21662,SYS,AQ$_AQ_PROP_TABLE_I,7,MSG_LOCAL_ORDER_NO,ASC
SYS,SYS_IOT_TOP_21662,SYS,AQ$_AQ_PROP_TABLE_I,8,MSGID,ASC
SYS,SYS_IOT_TOP_21820,SYS,AQ$_SYS$SERVICE_METRICS_TAB_T,1,NEXT_DATE,ASC
SYS,SYS_IOT_TOP_21820,SYS,AQ$_SYS$SERVICE_METRICS_TAB_T,2,TXN_ID,ASC
SYS,SYS_IOT_TOP_21820,SYS,AQ$_SYS$SERVICE_METRICS_TAB_T,3,MSGID,ASC
SYS,SYS_IOT_TOP_21822,SYS,AQ$_SYS$SERVICE_METRICS_TAB_H,1,MSGID,ASC
SYS,SYS_IOT_TOP_21822,SYS,AQ$_SYS$SERVICE_METRICS_TAB_H,2,SUBSCRIBER#,ASC
SYS,SYS_IOT_TOP_21822,SYS,AQ$_SYS$SERVICE_METRICS_TAB_H,3,NAME,ASC
SYS,SYS_IOT_TOP_21822,SYS,AQ$_SYS$SERVICE_METRICS_TAB_H,4,ADDRESS#,ASC
SYS,SYS_IOT_TOP_21825,SYS,AQ$_SYS$SERVICE_METRICS_TAB_G,1,MSGID,ASC
SYS,SYS_IOT_TOP_21825,SYS,AQ$_SYS$SERVICE_METRICS_TAB_G,2,SUBSCRIBER#,ASC
SYS,SYS_IOT_TOP_21825,SYS,AQ$_SYS$SERVICE_METRICS_TAB_G,3,NAME,ASC
SYS,SYS_IOT_TOP_21825,SYS,AQ$_SYS$SERVICE_METRICS_TAB_G,4,ADDRESS#,ASC
SYS,SYS_IOT_TOP_21828,SYS,AQ$_SYS$SERVICE_METRICS_TAB_I,1,SUBSCRIBER#,ASC
SYS,SYS_IOT_TOP_21828,SYS,AQ$_SYS$SERVICE_METRICS_TAB_I,2,NAME,ASC
SYS,SYS_IOT_TOP_21828,SYS,AQ$_SYS$SERVICE_METRICS_TAB_I,3,QUEUE#,ASC
SYS,SYS_IOT_TOP_21828,SYS,AQ$_SYS$SERVICE_METRICS_TAB_I,4,MSG_ENQ_TIME,ASC
SYS,SYS_IOT_TOP_21828,SYS,AQ$_SYS$SERVICE_METRICS_TAB_I,5,MSG_STEP_NO,ASC
SYS,SYS_IOT_TOP_21828,SYS,AQ$_SYS$SERVICE_METRICS_TAB_I,6,MSG_CHAIN_NO,ASC
SYS,SYS_IOT_TOP_21828,SYS,AQ$_SYS$SERVICE_METRICS_TAB_I,7,MSG_LOCAL_ORDER_NO,ASC
SYS,SYS_IOT_TOP_21828,SYS,AQ$_SYS$SERVICE_METRICS_TAB_I,8,MSGID,ASC
SYS,SYS_IOT_TOP_22177,SYS,AQ$_PDB_MON_EVENT_QTABLE$_T,1,NEXT_DATE,ASC
SYS,SYS_IOT_TOP_22177,SYS,AQ$_PDB_MON_EVENT_QTABLE$_T,2,TXN_ID,ASC
SYS,SYS_IOT_TOP_22177,SYS,AQ$_PDB_MON_EVENT_QTABLE$_T,3,MSGID,ASC
SYS,SYS_IOT_TOP_22179,SYS,AQ$_PDB_MON_EVENT_QTABLE$_H,1,MSGID,ASC
SYS,SYS_IOT_TOP_22179,SYS,AQ$_PDB_MON_EVENT_QTABLE$_H,2,SUBSCRIBER#,ASC
SYS,SYS_IOT_TOP_22179,SYS,AQ$_PDB_MON_EVENT_QTABLE$_H,3,NAME,ASC
SYS,SYS_IOT_TOP_22179,SYS,AQ$_PDB_MON_EVENT_QTABLE$_H,4,ADDRESS#,ASC
SYS,SYS_IOT_TOP_22182,SYS,AQ$_PDB_MON_EVENT_QTABLE$_G,1,MSGID,ASC
SYS,SYS_IOT_TOP_22182,SYS,AQ$_PDB_MON_EVENT_QTABLE$_G,2,SUBSCRIBER#,ASC
SYS,SYS_IOT_TOP_22182,SYS,AQ$_PDB_MON_EVENT_QTABLE$_G,3,NAME,ASC
SYS,SYS_IOT_TOP_22182,SYS,AQ$_PDB_MON_EVENT_QTABLE$_G,4,ADDRESS#,ASC
SYS,SYS_IOT_TOP_22185,SYS,AQ$_PDB_MON_EVENT_QTABLE$_I,1,SUBSCRIBER#,ASC
SYS,SYS_IOT_TOP_22185,SYS,AQ$_PDB_MON_EVENT_QTABLE$_I,2,NAME,ASC
SYS,SYS_IOT_TOP_22185,SYS,AQ$_PDB_MON_EVENT_QTABLE$_I,3,QUEUE#,ASC
SYS,SYS_IOT_TOP_22185,SYS,AQ$_PDB_MON_EVENT_QTABLE$_I,4,MSG_ENQ_TIME,ASC
SYS,SYS_IOT_TOP_22185,SYS,AQ$_PDB_MON_EVENT_QTABLE$_I,5,MSG_STEP_NO,ASC
SYS,SYS_IOT_TOP_22185,SYS,AQ$_PDB_MON_EVENT_QTABLE$_I,6,MSG_CHAIN_NO,ASC
SYS,SYS_IOT_TOP_22185,SYS,AQ$_PDB_MON_EVENT_QTABLE$_I,7,MSG_LOCAL_ORDER_NO,ASC
SYS,SYS_IOT_TOP_22185,SYS,AQ$_PDB_MON_EVENT_QTABLE$_I,8,MSGID,ASC
SYS,SYS_IOT_TOP_8295,SYS,RULE_SET_PR$,1,RS_OBJ#,ASC
SYS,SYS_IOT_TOP_8295,SYS,RULE_SET_PR$,2,EC_OBJ#,ASC
SYS,SYS_IOT_TOP_8295,SYS,RULE_SET_PR$,3,RULE_ID,ASC
SYS,SYS_IOT_TOP_8295,SYS,RULE_SET_PR$,4,RULE_OR_PIECE,ASC
SYS,SYS_IOT_TOP_8295,SYS,RULE_SET_PR$,5,ROP_ID,ASC
SYS,SYS_IOT_TOP_8295,SYS,RULE_SET_PR$,6,AROP_ID,ASC
SYS,SYS_IOT_TOP_8295,SYS,RULE_SET_PR$,7,EVAL_ID,ASC
SYS,SYS_IOT_TOP_8295,SYS,RULE_SET_PR$,8,PR_ID,ASC
SYS,SYS_IOT_TOP_8303,SYS,RULE_SET_IOT$,1,RS_OBJ#,ASC
SYS,SYS_IOT_TOP_8303,SYS,RULE_SET_IOT$,2,EC_OBJ#,ASC
SYS,SYS_IOT_TOP_8303,SYS,RULE_SET_IOT$,3,BOX_ID,ASC
SYS,SYS_IOT_TOP_8303,SYS,RULE_SET_IOT$,4,VALUE,ASC
SYS,SYS_IOT_TOP_8303,SYS,RULE_SET_IOT$,5,RULE_ID,ASC
SYS,SYS_IOT_TOP_8303,SYS,RULE_SET_IOT$,6,RULE_OR_PIECE,ASC
SYS,SYS_IOT_TOP_8303,SYS,RULE_SET_IOT$,7,ROP_ID,ASC
SYS,SYS_IOT_TOP_8307,SYS,RULE_SET_ROP$,1,RS_OBJ#,ASC
SYS,SYS_IOT_TOP_8307,SYS,RULE_SET_ROP$,2,EC_OBJ#,ASC
SYS,SYS_IOT_TOP_8307,SYS,RULE_SET_ROP$,3,RULE_ID,ASC
SYS,SYS_IOT_TOP_8307,SYS,RULE_SET_ROP$,4,RULE_OR_PIECE,ASC
SYS,SYS_IOT_TOP_8307,SYS,RULE_SET_ROP$,5,ROP_ID,ASC
SYS,SYS_IOT_TOP_8307,SYS,RULE_SET_ROP$,6,PAROP_ID,ASC
SYS,SYS_IOT_TOP_8307,SYS,RULE_SET_ROP$,7,AROP_ID,ASC
SYS,SYS_IOT_TOP_8307,SYS,RULE_SET_ROP$,8,EVAL_ID,ASC
SYS,SYS_IOT_TOP_8310,SYS,RULE_SET_PTPDTY$,1,RS_OBJ#,ASC
SYS,SYS_IOT_TOP_8310,SYS,RULE_SET_PTPDTY$,2,EC_OBJ#,ASC
SYS,SYS_IOT_TOP_8310,SYS,RULE_SET_PTPDTY$,3,RULE_ID,ASC
SYS,SYS_IOT_TOP_8310,SYS,RULE_SET_PTPDTY$,4,RULE_OR_PIECE,ASC
SYS,SYS_IOT_TOP_8310,SYS,RULE_SET_PTPDTY$,5,ROP_ID,ASC
SYS,SYS_IOT_TOP_8310,SYS,RULE_SET_PTPDTY$,6,AROP_ID,ASC
SYS,SYS_IOT_TOP_8310,SYS,RULE_SET_PTPDTY$,7,PTPDTY_ID,ASC
SYS,SYS_IOT_TOP_8513,SYS,CHNF$_CLAUSES,1,CLAUSEID,ASC
SYS,SYS_IOT_TOP_8553,SYS,CHNF$_GROUP_FILTER_IOT,1,OBJECTNUM,ASC
SYS,SYS_IOT_TOP_8553,SYS,CHNF$_GROUP_FILTER_IOT,2,COLID,ASC
SYS,SYS_IOT_TOP_8553,SYS,CHNF$_GROUP_FILTER_IOT,3,OPERATOR,ASC
SYS,SYS_IOT_TOP_8553,SYS,CHNF$_GROUP_FILTER_IOT,4,RHSVAL,ASC
SYS,TRIGGERDEPIND$,SYS,TRIGGERDEP$,1,OBJ#,ASC
SYS,TSDP_ASSOCIATION$PK,SYS,TSDP_ASSOCIATION$,1,ASSOCIATION#,ASC
SYS,TSDP_FEATURE_POLICY$PK,SYS,TSDP_FEATURE_POLICY$,1,OBJ#,ASC
SYS,TSDP_FEATURE_POLICY$PK,SYS,TSDP_FEATURE_POLICY$,2,FEATURE_POLNAME,ASC
SYS,TSDP_POLICY$PK,SYS,TSDP_POLICY$,1,POLICY#,ASC
SYS,TSDP_POLICY$UK,SYS,TSDP_POLICY$,1,NAME,ASC
SYS,TSDP_PROTECTION$PK,SYS,TSDP_PROTECTION$,1,PROTECTION#,ASC
SYS,TSDP_SENSITIVE_DATA$PK,SYS,TSDP_SENSITIVE_DATA$,1,SENSITIVE#,ASC
SYS,TSDP_SENSITIVE_TYPE$PK,SYS,TSDP_SENSITIVE_TYPE$,1,TYPE#,ASC
SYS,TSDP_SENSITIVE_TYPE$UK,SYS,TSDP_SENSITIVE_TYPE$,1,NAME,ASC
SYS,TSDP_SOURCE$PK,SYS,TSDP_SOURCE$,1,SOURCE#,ASC
SYS,TSDP_SOURCE$UK,SYS,TSDP_SOURCE$,1,NAME,ASC
SYS,TSDP_SOURCE$UK,SYS,TSDP_SOURCE$,2,TYPE,ASC
SYS,TSDP_SUBPOL$PK,SYS,TSDP_SUBPOL$,1,SUBPOL#,ASC
SYS,TXN_BACKOUT_STATE_IDX1$,SYS,TRANSACTION_BACKOUT_STATE$,1,COMPENSATING_XID,ASC
SYS,TXN_BACKOUT_STATE_IDX2$,SYS,TRANSACTION_BACKOUT_STATE$,1,XID,ASC
SYS,TXN_BACKOUT_STATE_IDX3$,SYS,TRANSACTION_BACKOUT_STATE$,1,USER#,ASC
SYS,UI_REDEF_ID$,SYS,REDEF$,1,ID,ASC
SYS,UI_REDEF_NAME$,SYS,REDEF$,1,NAME,ASC
SYS,UMF$_CAPTURE_RAW_PK,SYS,UMF$_CAPTURE_RAW,1,DBID,ASC
SYS,UMF$_CAPTURE_RAW_PK,SYS,UMF$_CAPTURE_RAW,2,CAPTURE_ID,ASC
SYS,UMF$_CAPTURE_RAW_PK,SYS,UMF$_CAPTURE_RAW,3,FILE_ID,ASC
SYS,UMF$_CAPTURE_RAW_PK,SYS,UMF$_CAPTURE_RAW,4,FILE_SEQ,ASC
SYS,UMF$_LINK_PK,SYS,UMF$_LINK,1,TOPOLOGY_NAME,ASC
SYS,UMF$_LINK_PK,SYS,UMF$_LINK,2,FROM_NODE_ID,ASC
SYS,UMF$_LINK_PK,SYS,UMF$_LINK,3,TO_NODE_ID,ASC
SYS,UMF$_REGISTRATION_PK,SYS,UMF$_REGISTRATION,1,TOPOLOGY_NAME,ASC
SYS,UMF$_REGISTRATION_PK,SYS,UMF$_REGISTRATION,2,NODE_NAME,ASC
SYS,UMF$_REGISTRATION_UNIQUE,SYS,UMF$_REGISTRATION,1,NODE_ID,ASC
SYS,UMF$_TOPOLOGY_PK,SYS,UMF$_TOPOLOGY,1,TOPOLOGY_NAME,ASC
SYS,USER_CERTS$_INDEX,SYS,USER_CERTS$,1,USER_OBJ#,ASC
SYS,USER_CERTS$_PK,SYS,USER_CERTS$,1,USER_CERT_GUID,ASC
SYS,USTATS1,SYS,USTATS$,1,OBJ#,ASC
SYS,USTATS1,SYS,USTATS$,2,INTCOL#,ASC
SYS,UTL_RECOMP_SORT_IDX1,SYS,UTL_RECOMP_SORTED,1,OBJ#,ASC
SYS,WI$_CAPTURE_FILE_PK,SYS,WI$_CAPTURE_FILE,1,JOBID,ASC
SYS,WI$_CAPTURE_FILE_PK,SYS,WI$_CAPTURE_FILE,2,FILEID,ASC
SYS,WI$_EXECUTION_ORDER_PK,SYS,WI$_EXECUTION_ORDER,1,JOBID,ASC
SYS,WI$_EXECUTION_ORDER_PK,SYS,WI$_EXECUTION_ORDER,2,FILEID,ASC
SYS,WI$_EXECUTION_ORDER_PK,SYS,WI$_EXECUTION_ORDER,3,RANK,ASC
SYS,WI$_FREQ_PATTERN_METADATA_PK,SYS,WI$_FREQUENT_PATTERN_METADATA,1,JOBID,ASC
SYS,WI$_FREQUENT_PATTERN_ITEM_PK,SYS,WI$_FREQUENT_PATTERN_ITEM,1,JOBID,ASC
SYS,WI$_FREQUENT_PATTERN_ITEM_PK,SYS,WI$_FREQUENT_PATTERN_ITEM,2,PATTERNID,ASC
SYS,WI$_FREQUENT_PATTERN_ITEM_PK,SYS,WI$_FREQUENT_PATTERN_ITEM,3,RANK,ASC
SYS,WI$_FREQUENT_PATTERN_PK,SYS,WI$_FREQUENT_PATTERN,1,JOBID,ASC
SYS,WI$_FREQUENT_PATTERN_PK,SYS,WI$_FREQUENT_PATTERN,2,PATTERNID,ASC
SYS,WI$_JOB_PK,SYS,WI$_JOB,1,JOBID,ASC
SYS,WI$_JOB_UK_1,SYS,WI$_JOB,1,JOBNAME,ASC
SYS,WI$_OBJECT_PK,SYS,WI$_OBJECT,1,JOBID,ASC
SYS,WI$_OBJECT_PK,SYS,WI$_OBJECT,2,TEMPLATEID,ASC
SYS,WI$_OBJECT_PK,SYS,WI$_OBJECT,3,OBJECTID,ASC
SYS,WI$_STATEMENT_PK,SYS,WI$_STATEMENT,1,JOBID,ASC
SYS,WI$_STATEMENT_PK,SYS,WI$_STATEMENT,2,TEMPLATEID,ASC
SYS,WI$_STATEMENT_PK,SYS,WI$_STATEMENT,3,RANK,ASC
SYS,WI$_TEMPLATE_PK,SYS,WI$_TEMPLATE,1,JOBID,ASC
SYS,WI$_TEMPLATE_PK,SYS,WI$_TEMPLATE,2,TEMPLATEID,ASC
SYS,WRH$_ACTIVE_SESSION_HISTORY_PK,SYS,WRH$_ACTIVE_SESSION_HISTORY,1,DBID,ASC
SYS,WRH$_ACTIVE_SESSION_HISTORY_PK,SYS,WRH$_ACTIVE_SESSION_HISTORY,2,SNAP_ID,ASC
SYS,WRH$_ACTIVE_SESSION_HISTORY_PK,SYS,WRH$_ACTIVE_SESSION_HISTORY,3,INSTANCE_NUMBER,ASC
SYS,WRH$_ACTIVE_SESSION_HISTORY_PK,SYS,WRH$_ACTIVE_SESSION_HISTORY,4,SAMPLE_ID,ASC
SYS,WRH$_ACTIVE_SESSION_HISTORY_PK,SYS,WRH$_ACTIVE_SESSION_HISTORY,5,SESSION_ID,ASC
SYS,WRH$_ACTIVE_SESSION_HISTORY_PK,SYS,WRH$_ACTIVE_SESSION_HISTORY,6,CON_DBID,ASC
SYS,WRH$_ASH_BL_PK,SYS,WRH$_ACTIVE_SESSION_HISTORY_BL,1,DBID,ASC
SYS,WRH$_ASH_BL_PK,SYS,WRH$_ACTIVE_SESSION_HISTORY_BL,2,SNAP_ID,ASC
SYS,WRH$_ASH_BL_PK,SYS,WRH$_ACTIVE_SESSION_HISTORY_BL,3,INSTANCE_NUMBER,ASC
SYS,WRH$_ASH_BL_PK,SYS,WRH$_ACTIVE_SESSION_HISTORY_BL,4,SAMPLE_ID,ASC
SYS,WRH$_ASH_BL_PK,SYS,WRH$_ACTIVE_SESSION_HISTORY_BL,5,SESSION_ID,ASC
SYS,WRH$_ASH_BL_PK,SYS,WRH$_ACTIVE_SESSION_HISTORY_BL,6,CON_DBID,ASC
SYS,WRH$_ASM_BAD_DISK_BL_PK,SYS,WRH$_ASM_BAD_DISK_BL,1,DBID,ASC
SYS,WRH$_ASM_BAD_DISK_BL_PK,SYS,WRH$_ASM_BAD_DISK_BL,2,SNAP_ID,ASC
SYS,WRH$_ASM_BAD_DISK_BL_PK,SYS,WRH$_ASM_BAD_DISK_BL,3,GROUP_NUMBER,ASC
SYS,WRH$_ASM_BAD_DISK_BL_PK,SYS,WRH$_ASM_BAD_DISK_BL,4,NAME,ASC
SYS,WRH$_ASM_BAD_DISK_BL_PK,SYS,WRH$_ASM_BAD_DISK_BL,5,CON_DBID,ASC
SYS,WRH$_ASM_BAD_DISK_PK,SYS,WRH$_ASM_BAD_DISK,1,DBID,ASC
SYS,WRH$_ASM_BAD_DISK_PK,SYS,WRH$_ASM_BAD_DISK,2,SNAP_ID,ASC
SYS,WRH$_ASM_BAD_DISK_PK,SYS,WRH$_ASM_BAD_DISK,3,GROUP_NUMBER,ASC
SYS,WRH$_ASM_BAD_DISK_PK,SYS,WRH$_ASM_BAD_DISK,4,NAME,ASC
SYS,WRH$_ASM_BAD_DISK_PK,SYS,WRH$_ASM_BAD_DISK,5,CON_DBID,ASC
SYS,WRH$_ASM_DISKGROUP_BL_PK,SYS,WRH$_ASM_DISKGROUP_BL,1,DBID,ASC
SYS,WRH$_ASM_DISKGROUP_BL_PK,SYS,WRH$_ASM_DISKGROUP_BL,2,GROUP_NUMBER,ASC
SYS,WRH$_ASM_DISKGROUP_BL_PK,SYS,WRH$_ASM_DISKGROUP_BL,3,NAME,ASC
SYS,WRH$_ASM_DISKGROUP_BL_PK,SYS,WRH$_ASM_DISKGROUP_BL,4,CON_DBID,ASC
SYS,WRH$_ASM_DISKGROUP_BL_PK,SYS,WRH$_ASM_DISKGROUP_BL,5,SNAP_ID,ASC
SYS,WRH$_ASM_DISKGROUP_PK,SYS,WRH$_ASM_DISKGROUP,1,DBID,ASC
SYS,WRH$_ASM_DISKGROUP_PK,SYS,WRH$_ASM_DISKGROUP,2,GROUP_NUMBER,ASC
SYS,WRH$_ASM_DISKGROUP_PK,SYS,WRH$_ASM_DISKGROUP,3,NAME,ASC
SYS,WRH$_ASM_DISKGROUP_PK,SYS,WRH$_ASM_DISKGROUP,4,CON_DBID,ASC
SYS,WRH$_ASM_DISKGROUP_PK,SYS,WRH$_ASM_DISKGROUP,5,SNAP_ID,ASC
SYS,WRH$_ASM_DISKGROUP_STAT_BL_PK,SYS,WRH$_ASM_DISKGROUP_STAT_BL,1,DBID,ASC
SYS,WRH$_ASM_DISKGROUP_STAT_BL_PK,SYS,WRH$_ASM_DISKGROUP_STAT_BL,2,SNAP_ID,ASC
SYS,WRH$_ASM_DISKGROUP_STAT_BL_PK,SYS,WRH$_ASM_DISKGROUP_STAT_BL,3,GROUP_NUMBER,ASC
SYS,WRH$_ASM_DISKGROUP_STAT_BL_PK,SYS,WRH$_ASM_DISKGROUP_STAT_BL,4,CON_DBID,ASC
SYS,WRH$_ASM_DISKGROUP_STAT_PK,SYS,WRH$_ASM_DISKGROUP_STAT,1,DBID,ASC
SYS,WRH$_ASM_DISKGROUP_STAT_PK,SYS,WRH$_ASM_DISKGROUP_STAT,2,SNAP_ID,ASC
SYS,WRH$_ASM_DISKGROUP_STAT_PK,SYS,WRH$_ASM_DISKGROUP_STAT,3,GROUP_NUMBER,ASC
SYS,WRH$_ASM_DISKGROUP_STAT_PK,SYS,WRH$_ASM_DISKGROUP_STAT,4,CON_DBID,ASC
SYS,WRH$_ASM_DISK_STAT_SUMMARY_PK,SYS,WRH$_ASM_DISK_STAT_SUMMARY,1,SNAP_ID,ASC
SYS,WRH$_ASM_DISK_STAT_SUMMARY_PK,SYS,WRH$_ASM_DISK_STAT_SUMMARY,2,DBID,ASC
SYS,WRH$_ASM_DISK_STAT_SUMMARY_PK,SYS,WRH$_ASM_DISK_STAT_SUMMARY,3,INSTANCE_NUMBER,ASC
SYS,WRH$_ASM_DISK_STAT_SUMMARY_PK,SYS,WRH$_ASM_DISK_STAT_SUMMARY,4,GROUP_NUMBER,ASC
SYS,WRH$_ASM_DISK_STAT_SUMMARY_PK,SYS,WRH$_ASM_DISK_STAT_SUMMARY,5,CON_DBID,ASC
SYS,WRH$_ASM_DISK_STAT_SUMM_BL_PK,SYS,WRH$_ASM_DISK_STAT_SUMMARY_BL,1,DBID,ASC
SYS,WRH$_ASM_DISK_STAT_SUMM_BL_PK,SYS,WRH$_ASM_DISK_STAT_SUMMARY_BL,2,SNAP_ID,ASC
SYS,WRH$_ASM_DISK_STAT_SUMM_BL_PK,SYS,WRH$_ASM_DISK_STAT_SUMMARY_BL,3,INSTANCE_NUMBER,ASC
SYS,WRH$_ASM_DISK_STAT_SUMM_BL_PK,SYS,WRH$_ASM_DISK_STAT_SUMMARY_BL,4,GROUP_NUMBER,ASC
SYS,WRH$_ASM_DISK_STAT_SUMM_BL_PK,SYS,WRH$_ASM_DISK_STAT_SUMMARY_BL,5,CON_DBID,ASC
SYS,WRH$_AWR_TEST_1_BL_PK,SYS,WRH$_AWR_TEST_1_BL,1,DBID,ASC
SYS,WRH$_AWR_TEST_1_BL_PK,SYS,WRH$_AWR_TEST_1_BL,2,SNAP_ID,ASC
SYS,WRH$_AWR_TEST_1_BL_PK,SYS,WRH$_AWR_TEST_1_BL,3,INSTANCE_NUMBER,ASC
SYS,WRH$_AWR_TEST_1_BL_PK,SYS,WRH$_AWR_TEST_1_BL,4,STEP_ID,ASC
SYS,WRH$_AWR_TEST_1_BL_PK,SYS,WRH$_AWR_TEST_1_BL,5,CON_DBID,ASC
SYS,WRH$_AWR_TEST_1_PK,SYS,WRH$_AWR_TEST_1,1,DBID,ASC
SYS,WRH$_AWR_TEST_1_PK,SYS,WRH$_AWR_TEST_1,2,SNAP_ID,ASC
SYS,WRH$_AWR_TEST_1_PK,SYS,WRH$_AWR_TEST_1,3,INSTANCE_NUMBER,ASC
SYS,WRH$_AWR_TEST_1_PK,SYS,WRH$_AWR_TEST_1,4,STEP_ID,ASC
SYS,WRH$_AWR_TEST_1_PK,SYS,WRH$_AWR_TEST_1,5,CON_DBID,ASC
SYS,WRH$_BG_EVENT_SUMMARY_BL_PK,SYS,WRH$_BG_EVENT_SUMMARY_BL,1,DBID,ASC
SYS,WRH$_BG_EVENT_SUMMARY_BL_PK,SYS,WRH$_BG_EVENT_SUMMARY_BL,2,SNAP_ID,ASC
SYS,WRH$_BG_EVENT_SUMMARY_BL_PK,SYS,WRH$_BG_EVENT_SUMMARY_BL,3,INSTANCE_NUMBER,ASC
SYS,WRH$_BG_EVENT_SUMMARY_BL_PK,SYS,WRH$_BG_EVENT_SUMMARY_BL,4,EVENT_ID,ASC
SYS,WRH$_BG_EVENT_SUMMARY_BL_PK,SYS,WRH$_BG_EVENT_SUMMARY_BL,5,CON_DBID,ASC
SYS,WRH$_BG_EVENT_SUMMARY_PK,SYS,WRH$_BG_EVENT_SUMMARY,1,DBID,ASC
SYS,WRH$_BG_EVENT_SUMMARY_PK,SYS,WRH$_BG_EVENT_SUMMARY,2,SNAP_ID,ASC
SYS,WRH$_BG_EVENT_SUMMARY_PK,SYS,WRH$_BG_EVENT_SUMMARY,3,INSTANCE_NUMBER,ASC
SYS,WRH$_BG_EVENT_SUMMARY_PK,SYS,WRH$_BG_EVENT_SUMMARY,4,EVENT_ID,ASC
SYS,WRH$_BG_EVENT_SUMMARY_PK,SYS,WRH$_BG_EVENT_SUMMARY,5,CON_DBID,ASC
SYS,WRH$_BUFFERED_QUEUES_BL_PK,SYS,WRH$_BUFFERED_QUEUES_BL,1,DBID,ASC
SYS,WRH$_BUFFERED_QUEUES_BL_PK,SYS,WRH$_BUFFERED_QUEUES_BL,2,SNAP_ID,ASC
SYS,WRH$_BUFFERED_QUEUES_BL_PK,SYS,WRH$_BUFFERED_QUEUES_BL,3,INSTANCE_NUMBER,ASC
SYS,WRH$_BUFFERED_QUEUES_BL_PK,SYS,WRH$_BUFFERED_QUEUES_BL,4,QUEUE_SCHEMA,ASC
SYS,WRH$_BUFFERED_QUEUES_BL_PK,SYS,WRH$_BUFFERED_QUEUES_BL,5,QUEUE_NAME,ASC
SYS,WRH$_BUFFERED_QUEUES_BL_PK,SYS,WRH$_BUFFERED_QUEUES_BL,6,CON_DBID,ASC
SYS,WRH$_BUFFERED_QUEUES_PK,SYS,WRH$_BUFFERED_QUEUES,1,DBID,ASC
SYS,WRH$_BUFFERED_QUEUES_PK,SYS,WRH$_BUFFERED_QUEUES,2,SNAP_ID,ASC
SYS,WRH$_BUFFERED_QUEUES_PK,SYS,WRH$_BUFFERED_QUEUES,3,INSTANCE_NUMBER,ASC
SYS,WRH$_BUFFERED_QUEUES_PK,SYS,WRH$_BUFFERED_QUEUES,4,QUEUE_SCHEMA,ASC
SYS,WRH$_BUFFERED_QUEUES_PK,SYS,WRH$_BUFFERED_QUEUES,5,QUEUE_NAME,ASC
SYS,WRH$_BUFFERED_QUEUES_PK,SYS,WRH$_BUFFERED_QUEUES,6,CON_DBID,ASC
SYS,WRH$_BUFFERED_SUBSCRIBERS_BL_PK,SYS,WRH$_BUFFERED_SUBSCRIBERS_BL,1,DBID,ASC
SYS,WRH$_BUFFERED_SUBSCRIBERS_BL_PK,SYS,WRH$_BUFFERED_SUBSCRIBERS_BL,2,SNAP_ID,ASC
SYS,WRH$_BUFFERED_SUBSCRIBERS_BL_PK,SYS,WRH$_BUFFERED_SUBSCRIBERS_BL,3,INSTANCE_NUMBER,ASC
SYS,WRH$_BUFFERED_SUBSCRIBERS_BL_PK,SYS,WRH$_BUFFERED_SUBSCRIBERS_BL,4,QUEUE_SCHEMA,ASC
SYS,WRH$_BUFFERED_SUBSCRIBERS_BL_PK,SYS,WRH$_BUFFERED_SUBSCRIBERS_BL,5,QUEUE_NAME,ASC
SYS,WRH$_BUFFERED_SUBSCRIBERS_BL_PK,SYS,WRH$_BUFFERED_SUBSCRIBERS_BL,6,SUBSCRIBER_ID,ASC
SYS,WRH$_BUFFERED_SUBSCRIBERS_BL_PK,SYS,WRH$_BUFFERED_SUBSCRIBERS_BL,7,CON_DBID,ASC
SYS,WRH$_BUFFERED_SUBSCRIBERS_PK,SYS,WRH$_BUFFERED_SUBSCRIBERS,1,DBID,ASC
SYS,WRH$_BUFFERED_SUBSCRIBERS_PK,SYS,WRH$_BUFFERED_SUBSCRIBERS,2,SNAP_ID,ASC
SYS,WRH$_BUFFERED_SUBSCRIBERS_PK,SYS,WRH$_BUFFERED_SUBSCRIBERS,3,INSTANCE_NUMBER,ASC
SYS,WRH$_BUFFERED_SUBSCRIBERS_PK,SYS,WRH$_BUFFERED_SUBSCRIBERS,4,QUEUE_SCHEMA,ASC
SYS,WRH$_BUFFERED_SUBSCRIBERS_PK,SYS,WRH$_BUFFERED_SUBSCRIBERS,5,QUEUE_NAME,ASC
SYS,WRH$_BUFFERED_SUBSCRIBERS_PK,SYS,WRH$_BUFFERED_SUBSCRIBERS,6,SUBSCRIBER_ID,ASC
SYS,WRH$_BUFFERED_SUBSCRIBERS_PK,SYS,WRH$_BUFFERED_SUBSCRIBERS,7,CON_DBID,ASC
SYS,WRH$_BUFFER_POOL_STATS_BL_PK,SYS,WRH$_BUFFER_POOL_STATISTICS_BL,1,DBID,ASC
SYS,WRH$_BUFFER_POOL_STATS_BL_PK,SYS,WRH$_BUFFER_POOL_STATISTICS_BL,2,SNAP_ID,ASC
SYS,WRH$_BUFFER_POOL_STATS_BL_PK,SYS,WRH$_BUFFER_POOL_STATISTICS_BL,3,INSTANCE_NUMBER,ASC
SYS,WRH$_BUFFER_POOL_STATS_BL_PK,SYS,WRH$_BUFFER_POOL_STATISTICS_BL,4,ID,ASC
SYS,WRH$_BUFFER_POOL_STATS_BL_PK,SYS,WRH$_BUFFER_POOL_STATISTICS_BL,5,CON_DBID,ASC
SYS,WRH$_BUFFER_POOL_STATS_PK,SYS,WRH$_BUFFER_POOL_STATISTICS,1,DBID,ASC
SYS,WRH$_BUFFER_POOL_STATS_PK,SYS,WRH$_BUFFER_POOL_STATISTICS,2,SNAP_ID,ASC
SYS,WRH$_BUFFER_POOL_STATS_PK,SYS,WRH$_BUFFER_POOL_STATISTICS,3,INSTANCE_NUMBER,ASC
SYS,WRH$_BUFFER_POOL_STATS_PK,SYS,WRH$_BUFFER_POOL_STATISTICS,4,ID,ASC
SYS,WRH$_BUFFER_POOL_STATS_PK,SYS,WRH$_BUFFER_POOL_STATISTICS,5,CON_DBID,ASC
SYS,WRH$_CELL_CONFIG_BL_PK,SYS,WRH$_CELL_CONFIG_BL,1,DBID,ASC
SYS,WRH$_CELL_CONFIG_BL_PK,SYS,WRH$_CELL_CONFIG_BL,2,CELLHASH,ASC
SYS,WRH$_CELL_CONFIG_BL_PK,SYS,WRH$_CELL_CONFIG_BL,3,CONFTYPE,ASC
SYS,WRH$_CELL_CONFIG_BL_PK,SYS,WRH$_CELL_CONFIG_BL,4,CONFVAL_HASH,ASC
SYS,WRH$_CELL_CONFIG_BL_PK,SYS,WRH$_CELL_CONFIG_BL,5,CON_DBID,ASC
SYS,WRH$_CELL_CONFIG_BL_PK,SYS,WRH$_CELL_CONFIG_BL,6,SNAP_ID,ASC
SYS,WRH$_CELL_CONFIG_DETAIL_BL_PK,SYS,WRH$_CELL_CONFIG_DETAIL_BL,1,DBID,ASC
SYS,WRH$_CELL_CONFIG_DETAIL_BL_PK,SYS,WRH$_CELL_CONFIG_DETAIL_BL,2,SNAP_ID,ASC
SYS,WRH$_CELL_CONFIG_DETAIL_BL_PK,SYS,WRH$_CELL_CONFIG_DETAIL_BL,3,CELLHASH,ASC
SYS,WRH$_CELL_CONFIG_DETAIL_BL_PK,SYS,WRH$_CELL_CONFIG_DETAIL_BL,4,CONFTYPE,ASC
SYS,WRH$_CELL_CONFIG_DETAIL_BL_PK,SYS,WRH$_CELL_CONFIG_DETAIL_BL,5,CON_DBID,ASC
SYS,WRH$_CELL_CONFIG_DETAIL_PK,SYS,WRH$_CELL_CONFIG_DETAIL,1,DBID,ASC
SYS,WRH$_CELL_CONFIG_DETAIL_PK,SYS,WRH$_CELL_CONFIG_DETAIL,2,SNAP_ID,ASC
SYS,WRH$_CELL_CONFIG_DETAIL_PK,SYS,WRH$_CELL_CONFIG_DETAIL,3,CELLHASH,ASC
SYS,WRH$_CELL_CONFIG_DETAIL_PK,SYS,WRH$_CELL_CONFIG_DETAIL,4,CONFTYPE,ASC
SYS,WRH$_CELL_CONFIG_DETAIL_PK,SYS,WRH$_CELL_CONFIG_DETAIL,5,CON_DBID,ASC
SYS,WRH$_CELL_CONFIG_PK,SYS,WRH$_CELL_CONFIG,1,DBID,ASC
SYS,WRH$_CELL_CONFIG_PK,SYS,WRH$_CELL_CONFIG,2,CELLHASH,ASC
SYS,WRH$_CELL_CONFIG_PK,SYS,WRH$_CELL_CONFIG,3,CONFTYPE,ASC
SYS,WRH$_CELL_CONFIG_PK,SYS,WRH$_CELL_CONFIG,4,CONFVAL_HASH,ASC
SYS,WRH$_CELL_CONFIG_PK,SYS,WRH$_CELL_CONFIG,5,CON_DBID,ASC
SYS,WRH$_CELL_CONFIG_PK,SYS,WRH$_CELL_CONFIG,6,SNAP_ID,ASC
SYS,WRH$_CELL_DB_BL_PK,SYS,WRH$_CELL_DB_BL,1,DBID,ASC
SYS,WRH$_CELL_DB_BL_PK,SYS,WRH$_CELL_DB_BL,2,SNAP_ID,ASC
SYS,WRH$_CELL_DB_BL_PK,SYS,WRH$_CELL_DB_BL,3,SRC_DBID,ASC
SYS,WRH$_CELL_DB_BL_PK,SYS,WRH$_CELL_DB_BL,4,CELL_HASH,ASC
SYS,WRH$_CELL_DB_BL_PK,SYS,WRH$_CELL_DB_BL,5,INCARNATION_NUM,ASC
SYS,WRH$_CELL_DB_BL_PK,SYS,WRH$_CELL_DB_BL,6,CON_DBID,ASC
SYS,WRH$_CELL_DB_PK,SYS,WRH$_CELL_DB,1,DBID,ASC
SYS,WRH$_CELL_DB_PK,SYS,WRH$_CELL_DB,2,SNAP_ID,ASC
SYS,WRH$_CELL_DB_PK,SYS,WRH$_CELL_DB,3,SRC_DBID,ASC
SYS,WRH$_CELL_DB_PK,SYS,WRH$_CELL_DB,4,CELL_HASH,ASC
SYS,WRH$_CELL_DB_PK,SYS,WRH$_CELL_DB,5,INCARNATION_NUM,ASC
SYS,WRH$_CELL_DB_PK,SYS,WRH$_CELL_DB,6,CON_DBID,ASC
SYS,WRH$_CELL_DISK_SUMMARY_BL_PK,SYS,WRH$_CELL_DISK_SUMMARY_BL,1,DBID,ASC
SYS,WRH$_CELL_DISK_SUMMARY_BL_PK,SYS,WRH$_CELL_DISK_SUMMARY_BL,2,SNAP_ID,ASC
SYS,WRH$_CELL_DISK_SUMMARY_BL_PK,SYS,WRH$_CELL_DISK_SUMMARY_BL,3,CELL_HASH,ASC
SYS,WRH$_CELL_DISK_SUMMARY_BL_PK,SYS,WRH$_CELL_DISK_SUMMARY_BL,4,INCARNATION_NUM,ASC
SYS,WRH$_CELL_DISK_SUMMARY_BL_PK,SYS,WRH$_CELL_DISK_SUMMARY_BL,5,DISK_ID,ASC
SYS,WRH$_CELL_DISK_SUMMARY_BL_PK,SYS,WRH$_CELL_DISK_SUMMARY_BL,6,CON_DBID,ASC
SYS,WRH$_CELL_DISK_SUMM_PK,SYS,WRH$_CELL_DISK_SUMMARY,1,DBID,ASC
SYS,WRH$_CELL_DISK_SUMM_PK,SYS,WRH$_CELL_DISK_SUMMARY,2,SNAP_ID,ASC
SYS,WRH$_CELL_DISK_SUMM_PK,SYS,WRH$_CELL_DISK_SUMMARY,3,CELL_HASH,ASC
SYS,WRH$_CELL_DISK_SUMM_PK,SYS,WRH$_CELL_DISK_SUMMARY,4,INCARNATION_NUM,ASC
SYS,WRH$_CELL_DISK_SUMM_PK,SYS,WRH$_CELL_DISK_SUMMARY,5,DISK_ID,ASC
SYS,WRH$_CELL_DISK_SUMM_PK,SYS,WRH$_CELL_DISK_SUMMARY,6,CON_DBID,ASC
SYS,WRH$_CELL_GLOBAL_BL_PK,SYS,WRH$_CELL_GLOBAL_BL,1,DBID,ASC
SYS,WRH$_CELL_GLOBAL_BL_PK,SYS,WRH$_CELL_GLOBAL_BL,2,SNAP_ID,ASC
SYS,WRH$_CELL_GLOBAL_BL_PK,SYS,WRH$_CELL_GLOBAL_BL,3,METRIC_ID,ASC
SYS,WRH$_CELL_GLOBAL_BL_PK,SYS,WRH$_CELL_GLOBAL_BL,4,CELL_HASH,ASC
SYS,WRH$_CELL_GLOBAL_BL_PK,SYS,WRH$_CELL_GLOBAL_BL,5,INCARNATION_NUM,ASC
SYS,WRH$_CELL_GLOBAL_BL_PK,SYS,WRH$_CELL_GLOBAL_BL,6,CON_DBID,ASC
SYS,WRH$_CELL_GLOBAL_PK,SYS,WRH$_CELL_GLOBAL,1,DBID,ASC
SYS,WRH$_CELL_GLOBAL_PK,SYS,WRH$_CELL_GLOBAL,2,SNAP_ID,ASC
SYS,WRH$_CELL_GLOBAL_PK,SYS,WRH$_CELL_GLOBAL,3,METRIC_ID,ASC
SYS,WRH$_CELL_GLOBAL_PK,SYS,WRH$_CELL_GLOBAL,4,CELL_HASH,ASC
SYS,WRH$_CELL_GLOBAL_PK,SYS,WRH$_CELL_GLOBAL,5,INCARNATION_NUM,ASC
SYS,WRH$_CELL_GLOBAL_PK,SYS,WRH$_CELL_GLOBAL,6,CON_DBID,ASC
SYS,WRH$_CELL_GLOBAL_SUMMARY_BL_PK,SYS,WRH$_CELL_GLOBAL_SUMMARY_BL,1,DBID,ASC
SYS,WRH$_CELL_GLOBAL_SUMMARY_BL_PK,SYS,WRH$_CELL_GLOBAL_SUMMARY_BL,2,SNAP_ID,ASC
SYS,WRH$_CELL_GLOBAL_SUMMARY_BL_PK,SYS,WRH$_CELL_GLOBAL_SUMMARY_BL,3,CELL_HASH,ASC
SYS,WRH$_CELL_GLOBAL_SUMMARY_BL_PK,SYS,WRH$_CELL_GLOBAL_SUMMARY_BL,4,INCARNATION_NUM,ASC
SYS,WRH$_CELL_GLOBAL_SUMMARY_BL_PK,SYS,WRH$_CELL_GLOBAL_SUMMARY_BL,5,CON_DBID,ASC
SYS,WRH$_CELL_GLOB_SUMM_PK,SYS,WRH$_CELL_GLOBAL_SUMMARY,1,DBID,ASC
SYS,WRH$_CELL_GLOB_SUMM_PK,SYS,WRH$_CELL_GLOBAL_SUMMARY,2,SNAP_ID,ASC
SYS,WRH$_CELL_GLOB_SUMM_PK,SYS,WRH$_CELL_GLOBAL_SUMMARY,3,CELL_HASH,ASC
SYS,WRH$_CELL_GLOB_SUMM_PK,SYS,WRH$_CELL_GLOBAL_SUMMARY,4,INCARNATION_NUM,ASC
SYS,WRH$_CELL_GLOB_SUMM_PK,SYS,WRH$_CELL_GLOBAL_SUMMARY,5,CON_DBID,ASC
SYS,WRH$_CELL_IOREASON_BL_PK,SYS,WRH$_CELL_IOREASON_BL,1,DBID,ASC
SYS,WRH$_CELL_IOREASON_BL_PK,SYS,WRH$_CELL_IOREASON_BL,2,SNAP_ID,ASC
SYS,WRH$_CELL_IOREASON_BL_PK,SYS,WRH$_CELL_IOREASON_BL,3,REASON_ID,ASC
SYS,WRH$_CELL_IOREASON_BL_PK,SYS,WRH$_CELL_IOREASON_BL,4,CELL_HASH,ASC
SYS,WRH$_CELL_IOREASON_BL_PK,SYS,WRH$_CELL_IOREASON_BL,5,INCARNATION_NUM,ASC
SYS,WRH$_CELL_IOREASON_BL_PK,SYS,WRH$_CELL_IOREASON_BL,6,CON_DBID,ASC
SYS,WRH$_CELL_IOREASON_NAME_PK,SYS,WRH$_CELL_IOREASON_NAME,1,DBID,ASC
SYS,WRH$_CELL_IOREASON_NAME_PK,SYS,WRH$_CELL_IOREASON_NAME,2,REASON_ID,ASC
SYS,WRH$_CELL_IOREASON_NAME_PK,SYS,WRH$_CELL_IOREASON_NAME,3,CON_DBID,ASC
SYS,WRH$_CELL_IOREASON_PK,SYS,WRH$_CELL_IOREASON,1,DBID,ASC
SYS,WRH$_CELL_IOREASON_PK,SYS,WRH$_CELL_IOREASON,2,SNAP_ID,ASC
SYS,WRH$_CELL_IOREASON_PK,SYS,WRH$_CELL_IOREASON,3,REASON_ID,ASC
SYS,WRH$_CELL_IOREASON_PK,SYS,WRH$_CELL_IOREASON,4,CELL_HASH,ASC
SYS,WRH$_CELL_IOREASON_PK,SYS,WRH$_CELL_IOREASON,5,INCARNATION_NUM,ASC
SYS,WRH$_CELL_IOREASON_PK,SYS,WRH$_CELL_IOREASON,6,CON_DBID,ASC
SYS,WRH$_CELL_METRIC_DESC_PK,SYS,WRH$_CELL_METRIC_DESC,1,DBID,ASC
SYS,WRH$_CELL_METRIC_DESC_PK,SYS,WRH$_CELL_METRIC_DESC,2,METRIC_ID,ASC
SYS,WRH$_CELL_METRIC_DESC_PK,SYS,WRH$_CELL_METRIC_DESC,3,CON_DBID,ASC
SYS,WRH$_CELL_OPEN_ALERTS_BL_PK,SYS,WRH$_CELL_OPEN_ALERTS_BL,1,DBID,ASC
SYS,WRH$_CELL_OPEN_ALERTS_BL_PK,SYS,WRH$_CELL_OPEN_ALERTS_BL,2,SNAP_ID,ASC
SYS,WRH$_CELL_OPEN_ALERTS_BL_PK,SYS,WRH$_CELL_OPEN_ALERTS_BL,3,BEGIN_TIME,ASC
SYS,WRH$_CELL_OPEN_ALERTS_BL_PK,SYS,WRH$_CELL_OPEN_ALERTS_BL,4,SEQ_NO,ASC
SYS,WRH$_CELL_OPEN_ALERTS_BL_PK,SYS,WRH$_CELL_OPEN_ALERTS_BL,5,CELL_HASH,ASC
SYS,WRH$_CELL_OPEN_ALERTS_BL_PK,SYS,WRH$_CELL_OPEN_ALERTS_BL,6,CON_DBID,ASC
SYS,WRH$_CELL_OPEN_ALERTS_PK,SYS,WRH$_CELL_OPEN_ALERTS,1,DBID,ASC
SYS,WRH$_CELL_OPEN_ALERTS_PK,SYS,WRH$_CELL_OPEN_ALERTS,2,SNAP_ID,ASC
SYS,WRH$_CELL_OPEN_ALERTS_PK,SYS,WRH$_CELL_OPEN_ALERTS,3,BEGIN_TIME,ASC
SYS,WRH$_CELL_OPEN_ALERTS_PK,SYS,WRH$_CELL_OPEN_ALERTS,4,SEQ_NO,ASC
SYS,WRH$_CELL_OPEN_ALERTS_PK,SYS,WRH$_CELL_OPEN_ALERTS,5,CELL_HASH,ASC
SYS,WRH$_CELL_OPEN_ALERTS_PK,SYS,WRH$_CELL_OPEN_ALERTS,6,CON_DBID,ASC
SYS,WRH$_CHANNEL_WAITS,SYS,WRH$_CHANNEL_WAITS,1,DBID,ASC
SYS,WRH$_CHANNEL_WAITS,SYS,WRH$_CHANNEL_WAITS,2,SNAP_ID,ASC
SYS,WRH$_CHANNEL_WAITS,SYS,WRH$_CHANNEL_WAITS,3,INSTANCE_NUMBER,ASC
SYS,WRH$_CHANNEL_WAITS,SYS,WRH$_CHANNEL_WAITS,4,CHANNEL,ASC
SYS,WRH$_CHANNEL_WAITS,SYS,WRH$_CHANNEL_WAITS,5,CON_DBID,ASC
SYS,WRH$_CHANNEL_WAITS_BL_PK,SYS,WRH$_CHANNEL_WAITS_BL,1,DBID,ASC
SYS,WRH$_CHANNEL_WAITS_BL_PK,SYS,WRH$_CHANNEL_WAITS_BL,2,SNAP_ID,ASC
SYS,WRH$_CHANNEL_WAITS_BL_PK,SYS,WRH$_CHANNEL_WAITS_BL,3,INSTANCE_NUMBER,ASC
SYS,WRH$_CHANNEL_WAITS_BL_PK,SYS,WRH$_CHANNEL_WAITS_BL,4,CHANNEL,ASC
SYS,WRH$_CHANNEL_WAITS_BL_PK,SYS,WRH$_CHANNEL_WAITS_BL,5,CON_DBID,ASC
SYS,WRH$_CLUSTER_INTERCON_BL_PK,SYS,WRH$_CLUSTER_INTERCON_BL,1,DBID,ASC
SYS,WRH$_CLUSTER_INTERCON_BL_PK,SYS,WRH$_CLUSTER_INTERCON_BL,2,SNAP_ID,ASC
SYS,WRH$_CLUSTER_INTERCON_BL_PK,SYS,WRH$_CLUSTER_INTERCON_BL,3,INSTANCE_NUMBER,ASC
SYS,WRH$_CLUSTER_INTERCON_BL_PK,SYS,WRH$_CLUSTER_INTERCON_BL,4,NAME,ASC
SYS,WRH$_CLUSTER_INTERCON_BL_PK,SYS,WRH$_CLUSTER_INTERCON_BL,5,IP_ADDRESS,ASC
SYS,WRH$_CLUSTER_INTERCON_BL_PK,SYS,WRH$_CLUSTER_INTERCON_BL,6,CON_DBID,ASC
SYS,WRH$_CLUSTER_INTERCON_PK,SYS,WRH$_CLUSTER_INTERCON,1,DBID,ASC
SYS,WRH$_CLUSTER_INTERCON_PK,SYS,WRH$_CLUSTER_INTERCON,2,SNAP_ID,ASC
SYS,WRH$_CLUSTER_INTERCON_PK,SYS,WRH$_CLUSTER_INTERCON,3,INSTANCE_NUMBER,ASC
SYS,WRH$_CLUSTER_INTERCON_PK,SYS,WRH$_CLUSTER_INTERCON,4,NAME,ASC
SYS,WRH$_CLUSTER_INTERCON_PK,SYS,WRH$_CLUSTER_INTERCON,5,IP_ADDRESS,ASC
SYS,WRH$_CLUSTER_INTERCON_PK,SYS,WRH$_CLUSTER_INTERCON,6,CON_DBID,ASC
SYS,WRH$_COMP_IOSTAT_BL_PK,SYS,WRH$_COMP_IOSTAT_BL,1,DBID,ASC
SYS,WRH$_COMP_IOSTAT_BL_PK,SYS,WRH$_COMP_IOSTAT_BL,2,SNAP_ID,ASC
SYS,WRH$_COMP_IOSTAT_BL_PK,SYS,WRH$_COMP_IOSTAT_BL,3,INSTANCE_NUMBER,ASC
SYS,WRH$_COMP_IOSTAT_BL_PK,SYS,WRH$_COMP_IOSTAT_BL,4,COMPONENT,ASC
SYS,WRH$_COMP_IOSTAT_BL_PK,SYS,WRH$_COMP_IOSTAT_BL,5,FILE_TYPE,ASC
SYS,WRH$_COMP_IOSTAT_BL_PK,SYS,WRH$_COMP_IOSTAT_BL,6,IO_TYPE,ASC
SYS,WRH$_COMP_IOSTAT_BL_PK,SYS,WRH$_COMP_IOSTAT_BL,7,OPERATION,ASC
SYS,WRH$_COMP_IOSTAT_BL_PK,SYS,WRH$_COMP_IOSTAT_BL,8,CON_DBID,ASC
SYS,WRH$_COMP_IOSTAT_PK,SYS,WRH$_COMP_IOSTAT,1,DBID,ASC
SYS,WRH$_COMP_IOSTAT_PK,SYS,WRH$_COMP_IOSTAT,2,SNAP_ID,ASC
SYS,WRH$_COMP_IOSTAT_PK,SYS,WRH$_COMP_IOSTAT,3,INSTANCE_NUMBER,ASC
SYS,WRH$_COMP_IOSTAT_PK,SYS,WRH$_COMP_IOSTAT,4,COMPONENT,ASC
SYS,WRH$_COMP_IOSTAT_PK,SYS,WRH$_COMP_IOSTAT,5,FILE_TYPE,ASC
SYS,WRH$_COMP_IOSTAT_PK,SYS,WRH$_COMP_IOSTAT,6,IO_TYPE,ASC
SYS,WRH$_COMP_IOSTAT_PK,SYS,WRH$_COMP_IOSTAT,7,OPERATION,ASC
SYS,WRH$_COMP_IOSTAT_PK,SYS,WRH$_COMP_IOSTAT,8,CON_DBID,ASC
SYS,WRH$_CON_SYSMET_HISTORY_BL_IDX,SYS,WRH$_CON_SYSMETRIC_HISTORY_BL,1,DBID,ASC
SYS,WRH$_CON_SYSMET_HISTORY_BL_IDX,SYS,WRH$_CON_SYSMETRIC_HISTORY_BL,2,SNAP_ID,ASC
SYS,WRH$_CON_SYSMET_HISTORY_BL_IDX,SYS,WRH$_CON_SYSMETRIC_HISTORY_BL,3,INSTANCE_NUMBER,ASC
SYS,WRH$_CON_SYSMET_HISTORY_BL_IDX,SYS,WRH$_CON_SYSMETRIC_HISTORY_BL,4,GROUP_ID,ASC
SYS,WRH$_CON_SYSMET_HISTORY_BL_IDX,SYS,WRH$_CON_SYSMETRIC_HISTORY_BL,5,METRIC_ID,ASC
SYS,WRH$_CON_SYSMET_HISTORY_BL_IDX,SYS,WRH$_CON_SYSMETRIC_HISTORY_BL,6,BEGIN_TIME,ASC
SYS,WRH$_CON_SYSMET_HISTORY_BL_IDX,SYS,WRH$_CON_SYSMETRIC_HISTORY_BL,7,CON_DBID,ASC
SYS,WRH$_CON_SYSMET_HISTORY_INDEX,SYS,WRH$_CON_SYSMETRIC_HISTORY,1,DBID,ASC
SYS,WRH$_CON_SYSMET_HISTORY_INDEX,SYS,WRH$_CON_SYSMETRIC_HISTORY,2,SNAP_ID,ASC
SYS,WRH$_CON_SYSMET_HISTORY_INDEX,SYS,WRH$_CON_SYSMETRIC_HISTORY,3,INSTANCE_NUMBER,ASC
SYS,WRH$_CON_SYSMET_HISTORY_INDEX,SYS,WRH$_CON_SYSMETRIC_HISTORY,4,GROUP_ID,ASC
SYS,WRH$_CON_SYSMET_HISTORY_INDEX,SYS,WRH$_CON_SYSMETRIC_HISTORY,5,METRIC_ID,ASC
SYS,WRH$_CON_SYSMET_HISTORY_INDEX,SYS,WRH$_CON_SYSMETRIC_HISTORY,6,BEGIN_TIME,ASC
SYS,WRH$_CON_SYSMET_HISTORY_INDEX,SYS,WRH$_CON_SYSMETRIC_HISTORY,7,CON_DBID,ASC
SYS,WRH$_CON_SYSMET_SUMMARY_BL_INDEX,SYS,WRH$_CON_SYSMETRIC_SUMMARY_BL,1,DBID,ASC
SYS,WRH$_CON_SYSMET_SUMMARY_BL_INDEX,SYS,WRH$_CON_SYSMETRIC_SUMMARY_BL,2,SNAP_ID,ASC
SYS,WRH$_CON_SYSMET_SUMMARY_BL_INDEX,SYS,WRH$_CON_SYSMETRIC_SUMMARY_BL,3,INSTANCE_NUMBER,ASC
SYS,WRH$_CON_SYSMET_SUMMARY_BL_INDEX,SYS,WRH$_CON_SYSMETRIC_SUMMARY_BL,4,GROUP_ID,ASC
SYS,WRH$_CON_SYSMET_SUMMARY_BL_INDEX,SYS,WRH$_CON_SYSMETRIC_SUMMARY_BL,5,METRIC_ID,ASC
SYS,WRH$_CON_SYSMET_SUMMARY_BL_INDEX,SYS,WRH$_CON_SYSMETRIC_SUMMARY_BL,6,CON_DBID,ASC
SYS,WRH$_CON_SYSMET_SUMMARY_INDEX,SYS,WRH$_CON_SYSMETRIC_SUMMARY,1,DBID,ASC
SYS,WRH$_CON_SYSMET_SUMMARY_INDEX,SYS,WRH$_CON_SYSMETRIC_SUMMARY,2,SNAP_ID,ASC
SYS,WRH$_CON_SYSMET_SUMMARY_INDEX,SYS,WRH$_CON_SYSMETRIC_SUMMARY,3,INSTANCE_NUMBER,ASC
SYS,WRH$_CON_SYSMET_SUMMARY_INDEX,SYS,WRH$_CON_SYSMETRIC_SUMMARY,4,GROUP_ID,ASC
SYS,WRH$_CON_SYSMET_SUMMARY_INDEX,SYS,WRH$_CON_SYSMETRIC_SUMMARY,5,METRIC_ID,ASC
SYS,WRH$_CON_SYSMET_SUMMARY_INDEX,SYS,WRH$_CON_SYSMETRIC_SUMMARY,6,CON_DBID,ASC
SYS,WRH$_CON_SYSSTAT_BL_PK,SYS,WRH$_CON_SYSSTAT_BL,1,DBID,ASC
SYS,WRH$_CON_SYSSTAT_BL_PK,SYS,WRH$_CON_SYSSTAT_BL,2,SNAP_ID,ASC
SYS,WRH$_CON_SYSSTAT_BL_PK,SYS,WRH$_CON_SYSSTAT_BL,3,INSTANCE_NUMBER,ASC
SYS,WRH$_CON_SYSSTAT_BL_PK,SYS,WRH$_CON_SYSSTAT_BL,4,STAT_ID,ASC
SYS,WRH$_CON_SYSSTAT_BL_PK,SYS,WRH$_CON_SYSSTAT_BL,5,CON_DBID,ASC
SYS,WRH$_CON_SYSSTAT_PK,SYS,WRH$_CON_SYSSTAT,1,DBID,ASC
SYS,WRH$_CON_SYSSTAT_PK,SYS,WRH$_CON_SYSSTAT,2,SNAP_ID,ASC
SYS,WRH$_CON_SYSSTAT_PK,SYS,WRH$_CON_SYSSTAT,3,INSTANCE_NUMBER,ASC
SYS,WRH$_CON_SYSSTAT_PK,SYS,WRH$_CON_SYSSTAT,4,STAT_ID,ASC
SYS,WRH$_CON_SYSSTAT_PK,SYS,WRH$_CON_SYSSTAT,5,CON_DBID,ASC
SYS,WRH$_CON_SYSTEM_EVENT_BL_PK,SYS,WRH$_CON_SYSTEM_EVENT_BL,1,DBID,ASC
SYS,WRH$_CON_SYSTEM_EVENT_BL_PK,SYS,WRH$_CON_SYSTEM_EVENT_BL,2,SNAP_ID,ASC
SYS,WRH$_CON_SYSTEM_EVENT_BL_PK,SYS,WRH$_CON_SYSTEM_EVENT_BL,3,INSTANCE_NUMBER,ASC
SYS,WRH$_CON_SYSTEM_EVENT_BL_PK,SYS,WRH$_CON_SYSTEM_EVENT_BL,4,EVENT_ID,ASC
SYS,WRH$_CON_SYSTEM_EVENT_BL_PK,SYS,WRH$_CON_SYSTEM_EVENT_BL,5,CON_DBID,ASC
SYS,WRH$_CON_SYSTEM_EVENT_PK,SYS,WRH$_CON_SYSTEM_EVENT,1,DBID,ASC
SYS,WRH$_CON_SYSTEM_EVENT_PK,SYS,WRH$_CON_SYSTEM_EVENT,2,SNAP_ID,ASC
SYS,WRH$_CON_SYSTEM_EVENT_PK,SYS,WRH$_CON_SYSTEM_EVENT,3,INSTANCE_NUMBER,ASC
SYS,WRH$_CON_SYSTEM_EVENT_PK,SYS,WRH$_CON_SYSTEM_EVENT,4,EVENT_ID,ASC
SYS,WRH$_CON_SYSTEM_EVENT_PK,SYS,WRH$_CON_SYSTEM_EVENT,5,CON_DBID,ASC
SYS,WRH$_CON_SYS_TIME_MODEL_BL_PK,SYS,WRH$_CON_SYS_TIME_MODEL_BL,1,DBID,ASC
SYS,WRH$_CON_SYS_TIME_MODEL_BL_PK,SYS,WRH$_CON_SYS_TIME_MODEL_BL,2,SNAP_ID,ASC
SYS,WRH$_CON_SYS_TIME_MODEL_BL_PK,SYS,WRH$_CON_SYS_TIME_MODEL_BL,3,INSTANCE_NUMBER,ASC
SYS,WRH$_CON_SYS_TIME_MODEL_BL_PK,SYS,WRH$_CON_SYS_TIME_MODEL_BL,4,STAT_ID,ASC
SYS,WRH$_CON_SYS_TIME_MODEL_BL_PK,SYS,WRH$_CON_SYS_TIME_MODEL_BL,5,CON_DBID,ASC
SYS,WRH$_CON_SYS_TIME_MODEL_PK,SYS,WRH$_CON_SYS_TIME_MODEL,1,DBID,ASC
SYS,WRH$_CON_SYS_TIME_MODEL_PK,SYS,WRH$_CON_SYS_TIME_MODEL,2,SNAP_ID,ASC
SYS,WRH$_CON_SYS_TIME_MODEL_PK,SYS,WRH$_CON_SYS_TIME_MODEL,3,INSTANCE_NUMBER,ASC
SYS,WRH$_CON_SYS_TIME_MODEL_PK,SYS,WRH$_CON_SYS_TIME_MODEL,4,STAT_ID,ASC
SYS,WRH$_CON_SYS_TIME_MODEL_PK,SYS,WRH$_CON_SYS_TIME_MODEL,5,CON_DBID,ASC
SYS,WRH$_CR_BLOCK_SERVER_BL_PK,SYS,WRH$_CR_BLOCK_SERVER_BL,1,DBID,ASC
SYS,WRH$_CR_BLOCK_SERVER_BL_PK,SYS,WRH$_CR_BLOCK_SERVER_BL,2,SNAP_ID,ASC
SYS,WRH$_CR_BLOCK_SERVER_BL_PK,SYS,WRH$_CR_BLOCK_SERVER_BL,3,INSTANCE_NUMBER,ASC
SYS,WRH$_CR_BLOCK_SERVER_BL_PK,SYS,WRH$_CR_BLOCK_SERVER_BL,4,CON_DBID,ASC
SYS,WRH$_CR_BLOCK_SERVER_PK,SYS,WRH$_CR_BLOCK_SERVER,1,DBID,ASC
SYS,WRH$_CR_BLOCK_SERVER_PK,SYS,WRH$_CR_BLOCK_SERVER,2,SNAP_ID,ASC
SYS,WRH$_CR_BLOCK_SERVER_PK,SYS,WRH$_CR_BLOCK_SERVER,3,INSTANCE_NUMBER,ASC
SYS,WRH$_CR_BLOCK_SERVER_PK,SYS,WRH$_CR_BLOCK_SERVER,4,CON_DBID,ASC
SYS,WRH$_CURRENT_BLOCK_SERVER_BL_PK,SYS,WRH$_CURRENT_BLOCK_SERVER_BL,1,DBID,ASC
SYS,WRH$_CURRENT_BLOCK_SERVER_BL_PK,SYS,WRH$_CURRENT_BLOCK_SERVER_BL,2,SNAP_ID,ASC
SYS,WRH$_CURRENT_BLOCK_SERVER_BL_PK,SYS,WRH$_CURRENT_BLOCK_SERVER_BL,3,INSTANCE_NUMBER,ASC
SYS,WRH$_CURRENT_BLOCK_SERVER_BL_PK,SYS,WRH$_CURRENT_BLOCK_SERVER_BL,4,CON_DBID,ASC
SYS,WRH$_CURRENT_BLOCK_SERVER_PK,SYS,WRH$_CURRENT_BLOCK_SERVER,1,DBID,ASC
SYS,WRH$_CURRENT_BLOCK_SERVER_PK,SYS,WRH$_CURRENT_BLOCK_SERVER,2,SNAP_ID,ASC
SYS,WRH$_CURRENT_BLOCK_SERVER_PK,SYS,WRH$_CURRENT_BLOCK_SERVER,3,INSTANCE_NUMBER,ASC
SYS,WRH$_CURRENT_BLOCK_SERVER_PK,SYS,WRH$_CURRENT_BLOCK_SERVER,4,CON_DBID,ASC
SYS,WRH$_DATAFILE_BL_PK,SYS,WRH$_DATAFILE_BL,1,DBID,ASC
SYS,WRH$_DATAFILE_BL_PK,SYS,WRH$_DATAFILE_BL,2,FILE#,ASC
SYS,WRH$_DATAFILE_BL_PK,SYS,WRH$_DATAFILE_BL,3,CREATION_CHANGE#,ASC
SYS,WRH$_DATAFILE_BL_PK,SYS,WRH$_DATAFILE_BL,4,CON_DBID,ASC
SYS,WRH$_DATAFILE_BL_PK,SYS,WRH$_DATAFILE_BL,5,SNAP_ID,ASC
SYS,WRH$_DATAFILE_PK,SYS,WRH$_DATAFILE,1,DBID,ASC
SYS,WRH$_DATAFILE_PK,SYS,WRH$_DATAFILE,2,FILE#,ASC
SYS,WRH$_DATAFILE_PK,SYS,WRH$_DATAFILE,3,CREATION_CHANGE#,ASC
SYS,WRH$_DATAFILE_PK,SYS,WRH$_DATAFILE,4,CON_DBID,ASC
SYS,WRH$_DATAFILE_PK,SYS,WRH$_DATAFILE,5,SNAP_ID,ASC
SYS,WRH$_DB_CACHE_ADVICE_BL_PK,SYS,WRH$_DB_CACHE_ADVICE_BL,1,DBID,ASC
SYS,WRH$_DB_CACHE_ADVICE_BL_PK,SYS,WRH$_DB_CACHE_ADVICE_BL,2,SNAP_ID,ASC
SYS,WRH$_DB_CACHE_ADVICE_BL_PK,SYS,WRH$_DB_CACHE_ADVICE_BL,3,INSTANCE_NUMBER,ASC
SYS,WRH$_DB_CACHE_ADVICE_BL_PK,SYS,WRH$_DB_CACHE_ADVICE_BL,4,BPID,ASC
SYS,WRH$_DB_CACHE_ADVICE_BL_PK,SYS,WRH$_DB_CACHE_ADVICE_BL,5,BUFFERS_FOR_ESTIMATE,ASC
SYS,WRH$_DB_CACHE_ADVICE_BL_PK,SYS,WRH$_DB_CACHE_ADVICE_BL,6,CON_DBID,ASC
SYS,WRH$_DB_CACHE_ADVICE_PK,SYS,WRH$_DB_CACHE_ADVICE,1,DBID,ASC
SYS,WRH$_DB_CACHE_ADVICE_PK,SYS,WRH$_DB_CACHE_ADVICE,2,SNAP_ID,ASC
SYS,WRH$_DB_CACHE_ADVICE_PK,SYS,WRH$_DB_CACHE_ADVICE,3,INSTANCE_NUMBER,ASC
SYS,WRH$_DB_CACHE_ADVICE_PK,SYS,WRH$_DB_CACHE_ADVICE,4,BPID,ASC
SYS,WRH$_DB_CACHE_ADVICE_PK,SYS,WRH$_DB_CACHE_ADVICE,5,BUFFERS_FOR_ESTIMATE,ASC
SYS,WRH$_DB_CACHE_ADVICE_PK,SYS,WRH$_DB_CACHE_ADVICE,6,CON_DBID,ASC
SYS,WRH$_DISPATCHER_BL_PK,SYS,WRH$_DISPATCHER_BL,1,DBID,ASC
SYS,WRH$_DISPATCHER_BL_PK,SYS,WRH$_DISPATCHER_BL,2,SNAP_ID,ASC
SYS,WRH$_DISPATCHER_BL_PK,SYS,WRH$_DISPATCHER_BL,3,INSTANCE_NUMBER,ASC
SYS,WRH$_DISPATCHER_BL_PK,SYS,WRH$_DISPATCHER_BL,4,NAME,ASC
SYS,WRH$_DISPATCHER_BL_PK,SYS,WRH$_DISPATCHER_BL,5,CON_DBID,ASC
SYS,WRH$_DISPATCHER_PK,SYS,WRH$_DISPATCHER,1,DBID,ASC
SYS,WRH$_DISPATCHER_PK,SYS,WRH$_DISPATCHER,2,SNAP_ID,ASC
SYS,WRH$_DISPATCHER_PK,SYS,WRH$_DISPATCHER,3,INSTANCE_NUMBER,ASC
SYS,WRH$_DISPATCHER_PK,SYS,WRH$_DISPATCHER,4,NAME,ASC
SYS,WRH$_DISPATCHER_PK,SYS,WRH$_DISPATCHER,5,CON_DBID,ASC
SYS,WRH$_DLM_MISC_BL_PK,SYS,WRH$_DLM_MISC_BL,1,DBID,ASC
SYS,WRH$_DLM_MISC_BL_PK,SYS,WRH$_DLM_MISC_BL,2,SNAP_ID,ASC
SYS,WRH$_DLM_MISC_BL_PK,SYS,WRH$_DLM_MISC_BL,3,INSTANCE_NUMBER,ASC
SYS,WRH$_DLM_MISC_BL_PK,SYS,WRH$_DLM_MISC_BL,4,STATISTIC#,ASC
SYS,WRH$_DLM_MISC_BL_PK,SYS,WRH$_DLM_MISC_BL,5,CON_DBID,ASC
SYS,WRH$_DLM_MISC_PK,SYS,WRH$_DLM_MISC,1,DBID,ASC
SYS,WRH$_DLM_MISC_PK,SYS,WRH$_DLM_MISC,2,SNAP_ID,ASC
SYS,WRH$_DLM_MISC_PK,SYS,WRH$_DLM_MISC,3,INSTANCE_NUMBER,ASC
SYS,WRH$_DLM_MISC_PK,SYS,WRH$_DLM_MISC,4,STATISTIC#,ASC
SYS,WRH$_DLM_MISC_PK,SYS,WRH$_DLM_MISC,5,CON_DBID,ASC
SYS,WRH$_DYN_REMASTER_STATS_BL_PK,SYS,WRH$_DYN_REMASTER_STATS_BL,1,DBID,ASC
SYS,WRH$_DYN_REMASTER_STATS_BL_PK,SYS,WRH$_DYN_REMASTER_STATS_BL,2,SNAP_ID,ASC
SYS,WRH$_DYN_REMASTER_STATS_BL_PK,SYS,WRH$_DYN_REMASTER_STATS_BL,3,INSTANCE_NUMBER,ASC
SYS,WRH$_DYN_REMASTER_STATS_BL_PK,SYS,WRH$_DYN_REMASTER_STATS_BL,4,CON_DBID,ASC
SYS,WRH$_DYN_REMASTER_STATS_BL_PK,SYS,WRH$_DYN_REMASTER_STATS_BL,5,REMASTER_TYPE,ASC
SYS,WRH$_DYN_REMASTER_STATS_PK,SYS,WRH$_DYN_REMASTER_STATS,1,DBID,ASC
SYS,WRH$_DYN_REMASTER_STATS_PK,SYS,WRH$_DYN_REMASTER_STATS,2,SNAP_ID,ASC
SYS,WRH$_DYN_REMASTER_STATS_PK,SYS,WRH$_DYN_REMASTER_STATS,3,INSTANCE_NUMBER,ASC
SYS,WRH$_DYN_REMASTER_STATS_PK,SYS,WRH$_DYN_REMASTER_STATS,4,CON_DBID,ASC
SYS,WRH$_DYN_REMASTER_STATS_PK,SYS,WRH$_DYN_REMASTER_STATS,5,REMASTER_TYPE,ASC
SYS,WRH$_ENQUEUE_STAT_BL_PK,SYS,WRH$_ENQUEUE_STAT_BL,1,DBID,ASC
SYS,WRH$_ENQUEUE_STAT_BL_PK,SYS,WRH$_ENQUEUE_STAT_BL,2,SNAP_ID,ASC
SYS,WRH$_ENQUEUE_STAT_BL_PK,SYS,WRH$_ENQUEUE_STAT_BL,3,INSTANCE_NUMBER,ASC
SYS,WRH$_ENQUEUE_STAT_BL_PK,SYS,WRH$_ENQUEUE_STAT_BL,4,EQ_TYPE,ASC
SYS,WRH$_ENQUEUE_STAT_BL_PK,SYS,WRH$_ENQUEUE_STAT_BL,5,REQ_REASON,ASC
SYS,WRH$_ENQUEUE_STAT_BL_PK,SYS,WRH$_ENQUEUE_STAT_BL,6,CON_DBID,ASC
SYS,WRH$_ENQUEUE_STAT_PK,SYS,WRH$_ENQUEUE_STAT,1,DBID,ASC
SYS,WRH$_ENQUEUE_STAT_PK,SYS,WRH$_ENQUEUE_STAT,2,SNAP_ID,ASC
SYS,WRH$_ENQUEUE_STAT_PK,SYS,WRH$_ENQUEUE_STAT,3,INSTANCE_NUMBER,ASC
SYS,WRH$_ENQUEUE_STAT_PK,SYS,WRH$_ENQUEUE_STAT,4,EQ_TYPE,ASC
SYS,WRH$_ENQUEUE_STAT_PK,SYS,WRH$_ENQUEUE_STAT,5,REQ_REASON,ASC
SYS,WRH$_ENQUEUE_STAT_PK,SYS,WRH$_ENQUEUE_STAT,6,CON_DBID,ASC
SYS,WRH$_EVENT_HISTOGRAM_BL_PK,SYS,WRH$_EVENT_HISTOGRAM_BL,1,DBID,ASC
SYS,WRH$_EVENT_HISTOGRAM_BL_PK,SYS,WRH$_EVENT_HISTOGRAM_BL,2,SNAP_ID,ASC
SYS,WRH$_EVENT_HISTOGRAM_BL_PK,SYS,WRH$_EVENT_HISTOGRAM_BL,3,INSTANCE_NUMBER,ASC
SYS,WRH$_EVENT_HISTOGRAM_BL_PK,SYS,WRH$_EVENT_HISTOGRAM_BL,4,EVENT_ID,ASC
SYS,WRH$_EVENT_HISTOGRAM_BL_PK,SYS,WRH$_EVENT_HISTOGRAM_BL,5,WAIT_TIME_MILLI,ASC
SYS,WRH$_EVENT_HISTOGRAM_BL_PK,SYS,WRH$_EVENT_HISTOGRAM_BL,6,CON_DBID,ASC
SYS,WRH$_EVENT_HISTOGRAM_PK,SYS,WRH$_EVENT_HISTOGRAM,1,DBID,ASC
SYS,WRH$_EVENT_HISTOGRAM_PK,SYS,WRH$_EVENT_HISTOGRAM,2,SNAP_ID,ASC
SYS,WRH$_EVENT_HISTOGRAM_PK,SYS,WRH$_EVENT_HISTOGRAM,3,INSTANCE_NUMBER,ASC
SYS,WRH$_EVENT_HISTOGRAM_PK,SYS,WRH$_EVENT_HISTOGRAM,4,EVENT_ID,ASC
SYS,WRH$_EVENT_HISTOGRAM_PK,SYS,WRH$_EVENT_HISTOGRAM,5,WAIT_TIME_MILLI,ASC
SYS,WRH$_EVENT_HISTOGRAM_PK,SYS,WRH$_EVENT_HISTOGRAM,6,CON_DBID,ASC
SYS,WRH$_EVENT_NAME_PK,SYS,WRH$_EVENT_NAME,1,DBID,ASC
SYS,WRH$_EVENT_NAME_PK,SYS,WRH$_EVENT_NAME,2,EVENT_ID,ASC
SYS,WRH$_EVENT_NAME_PK,SYS,WRH$_EVENT_NAME,3,CON_DBID,ASC
SYS,WRH$_FILEMETRIC_HISTORY_BL_INDEX,SYS,WRH$_FILEMETRIC_HISTORY_BL,1,DBID,ASC
SYS,WRH$_FILEMETRIC_HISTORY_BL_INDEX,SYS,WRH$_FILEMETRIC_HISTORY_BL,2,SNAP_ID,ASC
SYS,WRH$_FILEMETRIC_HISTORY_BL_INDEX,SYS,WRH$_FILEMETRIC_HISTORY_BL,3,INSTANCE_NUMBER,ASC
SYS,WRH$_FILEMETRIC_HISTORY_BL_INDEX,SYS,WRH$_FILEMETRIC_HISTORY_BL,4,GROUP_ID,ASC
SYS,WRH$_FILEMETRIC_HISTORY_BL_INDEX,SYS,WRH$_FILEMETRIC_HISTORY_BL,5,FILEID,ASC
SYS,WRH$_FILEMETRIC_HISTORY_BL_INDEX,SYS,WRH$_FILEMETRIC_HISTORY_BL,6,BEGIN_TIME,ASC
SYS,WRH$_FILEMETRIC_HISTORY_BL_INDEX,SYS,WRH$_FILEMETRIC_HISTORY_BL,7,CON_DBID,ASC
SYS,WRH$_FILEMETRIC_HISTORY_INDEX,SYS,WRH$_FILEMETRIC_HISTORY,1,DBID,ASC
SYS,WRH$_FILEMETRIC_HISTORY_INDEX,SYS,WRH$_FILEMETRIC_HISTORY,2,SNAP_ID,ASC
SYS,WRH$_FILEMETRIC_HISTORY_INDEX,SYS,WRH$_FILEMETRIC_HISTORY,3,INSTANCE_NUMBER,ASC
SYS,WRH$_FILEMETRIC_HISTORY_INDEX,SYS,WRH$_FILEMETRIC_HISTORY,4,GROUP_ID,ASC
SYS,WRH$_FILEMETRIC_HISTORY_INDEX,SYS,WRH$_FILEMETRIC_HISTORY,5,FILEID,ASC
SYS,WRH$_FILEMETRIC_HISTORY_INDEX,SYS,WRH$_FILEMETRIC_HISTORY,6,BEGIN_TIME,ASC
SYS,WRH$_FILEMETRIC_HISTORY_INDEX,SYS,WRH$_FILEMETRIC_HISTORY,7,CON_DBID,ASC
SYS,WRH$_FILESTATXS_BL_PK,SYS,WRH$_FILESTATXS_BL,1,DBID,ASC
SYS,WRH$_FILESTATXS_BL_PK,SYS,WRH$_FILESTATXS_BL,2,SNAP_ID,ASC
SYS,WRH$_FILESTATXS_BL_PK,SYS,WRH$_FILESTATXS_BL,3,INSTANCE_NUMBER,ASC
SYS,WRH$_FILESTATXS_BL_PK,SYS,WRH$_FILESTATXS_BL,4,FILE#,ASC
SYS,WRH$_FILESTATXS_BL_PK,SYS,WRH$_FILESTATXS_BL,5,CON_DBID,ASC
SYS,WRH$_FILESTATXS_PK,SYS,WRH$_FILESTATXS,1,DBID,ASC
SYS,WRH$_FILESTATXS_PK,SYS,WRH$_FILESTATXS,2,SNAP_ID,ASC
SYS,WRH$_FILESTATXS_PK,SYS,WRH$_FILESTATXS,3,INSTANCE_NUMBER,ASC
SYS,WRH$_FILESTATXS_PK,SYS,WRH$_FILESTATXS,4,FILE#,ASC
SYS,WRH$_FILESTATXS_PK,SYS,WRH$_FILESTATXS,5,CON_DBID,ASC
SYS,WRH$_IC_CLIENT_STATS_BL_PK,SYS,WRH$_IC_CLIENT_STATS_BL,1,DBID,ASC
SYS,WRH$_IC_CLIENT_STATS_BL_PK,SYS,WRH$_IC_CLIENT_STATS_BL,2,SNAP_ID,ASC
SYS,WRH$_IC_CLIENT_STATS_BL_PK,SYS,WRH$_IC_CLIENT_STATS_BL,3,INSTANCE_NUMBER,ASC
SYS,WRH$_IC_CLIENT_STATS_BL_PK,SYS,WRH$_IC_CLIENT_STATS_BL,4,NAME,ASC
SYS,WRH$_IC_CLIENT_STATS_BL_PK,SYS,WRH$_IC_CLIENT_STATS_BL,5,CON_DBID,ASC
SYS,WRH$_IC_CLIENT_STATS_PK,SYS,WRH$_IC_CLIENT_STATS,1,DBID,ASC
SYS,WRH$_IC_CLIENT_STATS_PK,SYS,WRH$_IC_CLIENT_STATS,2,SNAP_ID,ASC
SYS,WRH$_IC_CLIENT_STATS_PK,SYS,WRH$_IC_CLIENT_STATS,3,INSTANCE_NUMBER,ASC
SYS,WRH$_IC_CLIENT_STATS_PK,SYS,WRH$_IC_CLIENT_STATS,4,NAME,ASC
SYS,WRH$_IC_CLIENT_STATS_PK,SYS,WRH$_IC_CLIENT_STATS,5,CON_DBID,ASC
SYS,WRH$_IC_DEVICE_STATS_BL_PK,SYS,WRH$_IC_DEVICE_STATS_BL,1,DBID,ASC
SYS,WRH$_IC_DEVICE_STATS_BL_PK,SYS,WRH$_IC_DEVICE_STATS_BL,2,SNAP_ID,ASC
SYS,WRH$_IC_DEVICE_STATS_BL_PK,SYS,WRH$_IC_DEVICE_STATS_BL,3,INSTANCE_NUMBER,ASC
SYS,WRH$_IC_DEVICE_STATS_BL_PK,SYS,WRH$_IC_DEVICE_STATS_BL,4,IF_NAME,ASC
SYS,WRH$_IC_DEVICE_STATS_BL_PK,SYS,WRH$_IC_DEVICE_STATS_BL,5,IP_ADDR,ASC
SYS,WRH$_IC_DEVICE_STATS_BL_PK,SYS,WRH$_IC_DEVICE_STATS_BL,6,CON_DBID,ASC
SYS,WRH$_IC_DEVICE_STATS_PK,SYS,WRH$_IC_DEVICE_STATS,1,DBID,ASC
SYS,WRH$_IC_DEVICE_STATS_PK,SYS,WRH$_IC_DEVICE_STATS,2,SNAP_ID,ASC
SYS,WRH$_IC_DEVICE_STATS_PK,SYS,WRH$_IC_DEVICE_STATS,3,INSTANCE_NUMBER,ASC
SYS,WRH$_IC_DEVICE_STATS_PK,SYS,WRH$_IC_DEVICE_STATS,4,IF_NAME,ASC
SYS,WRH$_IC_DEVICE_STATS_PK,SYS,WRH$_IC_DEVICE_STATS,5,IP_ADDR,ASC
SYS,WRH$_IC_DEVICE_STATS_PK,SYS,WRH$_IC_DEVICE_STATS,6,CON_DBID,ASC
SYS,WRH$_IM_SEG_STAT_BL_PK,SYS,WRH$_IM_SEG_STAT_BL,1,DBID,ASC
SYS,WRH$_IM_SEG_STAT_BL_PK,SYS,WRH$_IM_SEG_STAT_BL,2,SNAP_ID,ASC
SYS,WRH$_IM_SEG_STAT_BL_PK,SYS,WRH$_IM_SEG_STAT_BL,3,INSTANCE_NUMBER,ASC
SYS,WRH$_IM_SEG_STAT_BL_PK,SYS,WRH$_IM_SEG_STAT_BL,4,TS#,ASC
SYS,WRH$_IM_SEG_STAT_BL_PK,SYS,WRH$_IM_SEG_STAT_BL,5,OBJ#,ASC
SYS,WRH$_IM_SEG_STAT_BL_PK,SYS,WRH$_IM_SEG_STAT_BL,6,DATAOBJ#,ASC
SYS,WRH$_IM_SEG_STAT_BL_PK,SYS,WRH$_IM_SEG_STAT_BL,7,CON_DBID,ASC
SYS,WRH$_IM_SEG_STAT_OBJ_BL_PK,SYS,WRH$_IM_SEG_STAT_OBJ_BL,1,DBID,ASC
SYS,WRH$_IM_SEG_STAT_OBJ_BL_PK,SYS,WRH$_IM_SEG_STAT_OBJ_BL,2,TS#,ASC
SYS,WRH$_IM_SEG_STAT_OBJ_BL_PK,SYS,WRH$_IM_SEG_STAT_OBJ_BL,3,OBJ#,ASC
SYS,WRH$_IM_SEG_STAT_OBJ_BL_PK,SYS,WRH$_IM_SEG_STAT_OBJ_BL,4,DATAOBJ#,ASC
SYS,WRH$_IM_SEG_STAT_OBJ_BL_PK,SYS,WRH$_IM_SEG_STAT_OBJ_BL,5,CON_DBID,ASC
SYS,WRH$_IM_SEG_STAT_OBJ_BL_PK,SYS,WRH$_IM_SEG_STAT_OBJ_BL,6,SNAP_ID,ASC
SYS,WRH$_IM_SEG_STAT_OBJ_PK,SYS,WRH$_IM_SEG_STAT_OBJ,1,DBID,ASC
SYS,WRH$_IM_SEG_STAT_OBJ_PK,SYS,WRH$_IM_SEG_STAT_OBJ,2,TS#,ASC
SYS,WRH$_IM_SEG_STAT_OBJ_PK,SYS,WRH$_IM_SEG_STAT_OBJ,3,OBJ#,ASC
SYS,WRH$_IM_SEG_STAT_OBJ_PK,SYS,WRH$_IM_SEG_STAT_OBJ,4,DATAOBJ#,ASC
SYS,WRH$_IM_SEG_STAT_OBJ_PK,SYS,WRH$_IM_SEG_STAT_OBJ,5,CON_DBID,ASC
SYS,WRH$_IM_SEG_STAT_OBJ_PK,SYS,WRH$_IM_SEG_STAT_OBJ,6,SNAP_ID,ASC
SYS,WRH$_IM_SEG_STAT_PK,SYS,WRH$_IM_SEG_STAT,1,DBID,ASC
SYS,WRH$_IM_SEG_STAT_PK,SYS,WRH$_IM_SEG_STAT,2,SNAP_ID,ASC
SYS,WRH$_IM_SEG_STAT_PK,SYS,WRH$_IM_SEG_STAT,3,INSTANCE_NUMBER,ASC
SYS,WRH$_IM_SEG_STAT_PK,SYS,WRH$_IM_SEG_STAT,4,TS#,ASC
SYS,WRH$_IM_SEG_STAT_PK,SYS,WRH$_IM_SEG_STAT,5,OBJ#,ASC
SYS,WRH$_IM_SEG_STAT_PK,SYS,WRH$_IM_SEG_STAT,6,DATAOBJ#,ASC
SYS,WRH$_IM_SEG_STAT_PK,SYS,WRH$_IM_SEG_STAT,7,CON_DBID,ASC
SYS,WRH$_INSTANCE_RECOVERY_BL_PK,SYS,WRH$_INSTANCE_RECOVERY_BL,1,DBID,ASC
SYS,WRH$_INSTANCE_RECOVERY_BL_PK,SYS,WRH$_INSTANCE_RECOVERY_BL,2,SNAP_ID,ASC
SYS,WRH$_INSTANCE_RECOVERY_BL_PK,SYS,WRH$_INSTANCE_RECOVERY_BL,3,INSTANCE_NUMBER,ASC
SYS,WRH$_INSTANCE_RECOVERY_BL_PK,SYS,WRH$_INSTANCE_RECOVERY_BL,4,CON_DBID,ASC
SYS,WRH$_INSTANCE_RECOVERY_PK,SYS,WRH$_INSTANCE_RECOVERY,1,DBID,ASC
SYS,WRH$_INSTANCE_RECOVERY_PK,SYS,WRH$_INSTANCE_RECOVERY,2,SNAP_ID,ASC
SYS,WRH$_INSTANCE_RECOVERY_PK,SYS,WRH$_INSTANCE_RECOVERY,3,INSTANCE_NUMBER,ASC
SYS,WRH$_INSTANCE_RECOVERY_PK,SYS,WRH$_INSTANCE_RECOVERY,4,CON_DBID,ASC
SYS,WRH$_INST_CACHE_TRANSFER_BL_PK,SYS,WRH$_INST_CACHE_TRANSFER_BL,1,DBID,ASC
SYS,WRH$_INST_CACHE_TRANSFER_BL_PK,SYS,WRH$_INST_CACHE_TRANSFER_BL,2,SNAP_ID,ASC
SYS,WRH$_INST_CACHE_TRANSFER_BL_PK,SYS,WRH$_INST_CACHE_TRANSFER_BL,3,INSTANCE_NUMBER,ASC
SYS,WRH$_INST_CACHE_TRANSFER_BL_PK,SYS,WRH$_INST_CACHE_TRANSFER_BL,4,INSTANCE,ASC
SYS,WRH$_INST_CACHE_TRANSFER_BL_PK,SYS,WRH$_INST_CACHE_TRANSFER_BL,5,CLASS,ASC
SYS,WRH$_INST_CACHE_TRANSFER_BL_PK,SYS,WRH$_INST_CACHE_TRANSFER_BL,6,CON_DBID,ASC
SYS,WRH$_INST_CACHE_TRANSFER_PK,SYS,WRH$_INST_CACHE_TRANSFER,1,DBID,ASC
SYS,WRH$_INST_CACHE_TRANSFER_PK,SYS,WRH$_INST_CACHE_TRANSFER,2,SNAP_ID,ASC
SYS,WRH$_INST_CACHE_TRANSFER_PK,SYS,WRH$_INST_CACHE_TRANSFER,3,INSTANCE_NUMBER,ASC
SYS,WRH$_INST_CACHE_TRANSFER_PK,SYS,WRH$_INST_CACHE_TRANSFER,4,INSTANCE,ASC
SYS,WRH$_INST_CACHE_TRANSFER_PK,SYS,WRH$_INST_CACHE_TRANSFER,5,CLASS,ASC
SYS,WRH$_INST_CACHE_TRANSFER_PK,SYS,WRH$_INST_CACHE_TRANSFER,6,CON_DBID,ASC
SYS,WRH$_INTERCONNECT_PINGS_BL_PK,SYS,WRH$_INTERCONNECT_PINGS_BL,1,DBID,ASC
SYS,WRH$_INTERCONNECT_PINGS_BL_PK,SYS,WRH$_INTERCONNECT_PINGS_BL,2,SNAP_ID,ASC
SYS,WRH$_INTERCONNECT_PINGS_BL_PK,SYS,WRH$_INTERCONNECT_PINGS_BL,3,INSTANCE_NUMBER,ASC
SYS,WRH$_INTERCONNECT_PINGS_BL_PK,SYS,WRH$_INTERCONNECT_PINGS_BL,4,TARGET_INSTANCE,ASC
SYS,WRH$_INTERCONNECT_PINGS_BL_PK,SYS,WRH$_INTERCONNECT_PINGS_BL,5,CON_DBID,ASC
SYS,WRH$_INTERCONNECT_PINGS_PK,SYS,WRH$_INTERCONNECT_PINGS,1,DBID,ASC
SYS,WRH$_INTERCONNECT_PINGS_PK,SYS,WRH$_INTERCONNECT_PINGS,2,SNAP_ID,ASC
SYS,WRH$_INTERCONNECT_PINGS_PK,SYS,WRH$_INTERCONNECT_PINGS,3,INSTANCE_NUMBER,ASC
SYS,WRH$_INTERCONNECT_PINGS_PK,SYS,WRH$_INTERCONNECT_PINGS,4,TARGET_INSTANCE,ASC
SYS,WRH$_INTERCONNECT_PINGS_PK,SYS,WRH$_INTERCONNECT_PINGS,5,CON_DBID,ASC
SYS,WRH$_IOSTAT_DETAIL_BL_PK,SYS,WRH$_IOSTAT_DETAIL_BL,1,DBID,ASC
SYS,WRH$_IOSTAT_DETAIL_BL_PK,SYS,WRH$_IOSTAT_DETAIL_BL,2,SNAP_ID,ASC
SYS,WRH$_IOSTAT_DETAIL_BL_PK,SYS,WRH$_IOSTAT_DETAIL_BL,3,INSTANCE_NUMBER,ASC
SYS,WRH$_IOSTAT_DETAIL_BL_PK,SYS,WRH$_IOSTAT_DETAIL_BL,4,FUNCTION_ID,ASC
SYS,WRH$_IOSTAT_DETAIL_BL_PK,SYS,WRH$_IOSTAT_DETAIL_BL,5,FILETYPE_ID,ASC
SYS,WRH$_IOSTAT_DETAIL_BL_PK,SYS,WRH$_IOSTAT_DETAIL_BL,6,CON_DBID,ASC
SYS,WRH$_IOSTAT_DETAIL_PK,SYS,WRH$_IOSTAT_DETAIL,1,DBID,ASC
SYS,WRH$_IOSTAT_DETAIL_PK,SYS,WRH$_IOSTAT_DETAIL,2,SNAP_ID,ASC
SYS,WRH$_IOSTAT_DETAIL_PK,SYS,WRH$_IOSTAT_DETAIL,3,INSTANCE_NUMBER,ASC
SYS,WRH$_IOSTAT_DETAIL_PK,SYS,WRH$_IOSTAT_DETAIL,4,FUNCTION_ID,ASC
SYS,WRH$_IOSTAT_DETAIL_PK,SYS,WRH$_IOSTAT_DETAIL,5,FILETYPE_ID,ASC
SYS,WRH$_IOSTAT_DETAIL_PK,SYS,WRH$_IOSTAT_DETAIL,6,CON_DBID,ASC
SYS,WRH$_IOSTAT_FILETYPE_BL_PK,SYS,WRH$_IOSTAT_FILETYPE_BL,1,DBID,ASC
SYS,WRH$_IOSTAT_FILETYPE_BL_PK,SYS,WRH$_IOSTAT_FILETYPE_BL,2,SNAP_ID,ASC
SYS,WRH$_IOSTAT_FILETYPE_BL_PK,SYS,WRH$_IOSTAT_FILETYPE_BL,3,INSTANCE_NUMBER,ASC
SYS,WRH$_IOSTAT_FILETYPE_BL_PK,SYS,WRH$_IOSTAT_FILETYPE_BL,4,FILETYPE_ID,ASC
SYS,WRH$_IOSTAT_FILETYPE_BL_PK,SYS,WRH$_IOSTAT_FILETYPE_BL,5,CON_DBID,ASC
SYS,WRH$_IOSTAT_FILETYPE_NAME_PK,SYS,WRH$_IOSTAT_FILETYPE_NAME,1,DBID,ASC
SYS,WRH$_IOSTAT_FILETYPE_NAME_PK,SYS,WRH$_IOSTAT_FILETYPE_NAME,2,FILETYPE_ID,ASC
SYS,WRH$_IOSTAT_FILETYPE_NAME_PK,SYS,WRH$_IOSTAT_FILETYPE_NAME,3,CON_DBID,ASC
SYS,WRH$_IOSTAT_FILETYPE_PK,SYS,WRH$_IOSTAT_FILETYPE,1,DBID,ASC
SYS,WRH$_IOSTAT_FILETYPE_PK,SYS,WRH$_IOSTAT_FILETYPE,2,SNAP_ID,ASC
SYS,WRH$_IOSTAT_FILETYPE_PK,SYS,WRH$_IOSTAT_FILETYPE,3,INSTANCE_NUMBER,ASC
SYS,WRH$_IOSTAT_FILETYPE_PK,SYS,WRH$_IOSTAT_FILETYPE,4,FILETYPE_ID,ASC
SYS,WRH$_IOSTAT_FILETYPE_PK,SYS,WRH$_IOSTAT_FILETYPE,5,CON_DBID,ASC
SYS,WRH$_IOSTAT_FUNCTION_BL_PK,SYS,WRH$_IOSTAT_FUNCTION_BL,1,DBID,ASC
SYS,WRH$_IOSTAT_FUNCTION_BL_PK,SYS,WRH$_IOSTAT_FUNCTION_BL,2,SNAP_ID,ASC
SYS,WRH$_IOSTAT_FUNCTION_BL_PK,SYS,WRH$_IOSTAT_FUNCTION_BL,3,INSTANCE_NUMBER,ASC
SYS,WRH$_IOSTAT_FUNCTION_BL_PK,SYS,WRH$_IOSTAT_FUNCTION_BL,4,FUNCTION_ID,ASC
SYS,WRH$_IOSTAT_FUNCTION_BL_PK,SYS,WRH$_IOSTAT_FUNCTION_BL,5,CON_DBID,ASC
SYS,WRH$_IOSTAT_FUNCTION_NAME_PK,SYS,WRH$_IOSTAT_FUNCTION_NAME,1,DBID,ASC
SYS,WRH$_IOSTAT_FUNCTION_NAME_PK,SYS,WRH$_IOSTAT_FUNCTION_NAME,2,FUNCTION_ID,ASC
SYS,WRH$_IOSTAT_FUNCTION_NAME_PK,SYS,WRH$_IOSTAT_FUNCTION_NAME,3,CON_DBID,ASC
SYS,WRH$_IOSTAT_FUNCTION_PK,SYS,WRH$_IOSTAT_FUNCTION,1,DBID,ASC
SYS,WRH$_IOSTAT_FUNCTION_PK,SYS,WRH$_IOSTAT_FUNCTION,2,SNAP_ID,ASC
SYS,WRH$_IOSTAT_FUNCTION_PK,SYS,WRH$_IOSTAT_FUNCTION,3,INSTANCE_NUMBER,ASC
SYS,WRH$_IOSTAT_FUNCTION_PK,SYS,WRH$_IOSTAT_FUNCTION,4,FUNCTION_ID,ASC
SYS,WRH$_IOSTAT_FUNCTION_PK,SYS,WRH$_IOSTAT_FUNCTION,5,CON_DBID,ASC
SYS,WRH$_JAVA_POOL_ADVICE_BL_PK,SYS,WRH$_JAVA_POOL_ADVICE_BL,1,DBID,ASC
SYS,WRH$_JAVA_POOL_ADVICE_BL_PK,SYS,WRH$_JAVA_POOL_ADVICE_BL,2,SNAP_ID,ASC
SYS,WRH$_JAVA_POOL_ADVICE_BL_PK,SYS,WRH$_JAVA_POOL_ADVICE_BL,3,INSTANCE_NUMBER,ASC
SYS,WRH$_JAVA_POOL_ADVICE_BL_PK,SYS,WRH$_JAVA_POOL_ADVICE_BL,4,JAVA_POOL_SIZE_FOR_ESTIMATE,ASC
SYS,WRH$_JAVA_POOL_ADVICE_BL_PK,SYS,WRH$_JAVA_POOL_ADVICE_BL,5,CON_DBID,ASC
SYS,WRH$_JAVA_POOL_ADVICE_PK,SYS,WRH$_JAVA_POOL_ADVICE,1,DBID,ASC
SYS,WRH$_JAVA_POOL_ADVICE_PK,SYS,WRH$_JAVA_POOL_ADVICE,2,SNAP_ID,ASC
SYS,WRH$_JAVA_POOL_ADVICE_PK,SYS,WRH$_JAVA_POOL_ADVICE,3,INSTANCE_NUMBER,ASC
SYS,WRH$_JAVA_POOL_ADVICE_PK,SYS,WRH$_JAVA_POOL_ADVICE,4,JAVA_POOL_SIZE_FOR_ESTIMATE,ASC
SYS,WRH$_JAVA_POOL_ADVICE_PK,SYS,WRH$_JAVA_POOL_ADVICE,5,CON_DBID,ASC
SYS,WRH$_LATCH_BL_PK,SYS,WRH$_LATCH_BL,1,DBID,ASC
SYS,WRH$_LATCH_BL_PK,SYS,WRH$_LATCH_BL,2,SNAP_ID,ASC
SYS,WRH$_LATCH_BL_PK,SYS,WRH$_LATCH_BL,3,INSTANCE_NUMBER,ASC
SYS,WRH$_LATCH_BL_PK,SYS,WRH$_LATCH_BL,4,LATCH_HASH,ASC
SYS,WRH$_LATCH_BL_PK,SYS,WRH$_LATCH_BL,5,CON_DBID,ASC
SYS,WRH$_LATCH_CHILDREN_BL_PK,SYS,WRH$_LATCH_CHILDREN_BL,1,DBID,ASC
SYS,WRH$_LATCH_CHILDREN_BL_PK,SYS,WRH$_LATCH_CHILDREN_BL,2,SNAP_ID,ASC
SYS,WRH$_LATCH_CHILDREN_BL_PK,SYS,WRH$_LATCH_CHILDREN_BL,3,INSTANCE_NUMBER,ASC
SYS,WRH$_LATCH_CHILDREN_BL_PK,SYS,WRH$_LATCH_CHILDREN_BL,4,LATCH_HASH,ASC
SYS,WRH$_LATCH_CHILDREN_BL_PK,SYS,WRH$_LATCH_CHILDREN_BL,5,CHILD#,ASC
SYS,WRH$_LATCH_CHILDREN_BL_PK,SYS,WRH$_LATCH_CHILDREN_BL,6,CON_DBID,ASC
SYS,WRH$_LATCH_CHILDREN_PK,SYS,WRH$_LATCH_CHILDREN,1,DBID,ASC
SYS,WRH$_LATCH_CHILDREN_PK,SYS,WRH$_LATCH_CHILDREN,2,SNAP_ID,ASC
SYS,WRH$_LATCH_CHILDREN_PK,SYS,WRH$_LATCH_CHILDREN,3,INSTANCE_NUMBER,ASC
SYS,WRH$_LATCH_CHILDREN_PK,SYS,WRH$_LATCH_CHILDREN,4,LATCH_HASH,ASC
SYS,WRH$_LATCH_CHILDREN_PK,SYS,WRH$_LATCH_CHILDREN,5,CHILD#,ASC
SYS,WRH$_LATCH_CHILDREN_PK,SYS,WRH$_LATCH_CHILDREN,6,CON_DBID,ASC
SYS,WRH$_LATCH_MISSES_SUMMARY_PK,SYS,WRH$_LATCH_MISSES_SUMMARY,1,DBID,ASC
SYS,WRH$_LATCH_MISSES_SUMMARY_PK,SYS,WRH$_LATCH_MISSES_SUMMARY,2,SNAP_ID,ASC
SYS,WRH$_LATCH_MISSES_SUMMARY_PK,SYS,WRH$_LATCH_MISSES_SUMMARY,3,INSTANCE_NUMBER,ASC
SYS,WRH$_LATCH_MISSES_SUMMARY_PK,SYS,WRH$_LATCH_MISSES_SUMMARY,4,PARENT_NAME,ASC
SYS,WRH$_LATCH_MISSES_SUMMARY_PK,SYS,WRH$_LATCH_MISSES_SUMMARY,5,WHERE_IN_CODE,ASC
SYS,WRH$_LATCH_MISSES_SUMMARY_PK,SYS,WRH$_LATCH_MISSES_SUMMARY,6,CON_DBID,ASC
SYS,WRH$_LATCH_MISSES_SUMRY_BL_PK,SYS,WRH$_LATCH_MISSES_SUMMARY_BL,1,DBID,ASC
SYS,WRH$_LATCH_MISSES_SUMRY_BL_PK,SYS,WRH$_LATCH_MISSES_SUMMARY_BL,2,SNAP_ID,ASC
SYS,WRH$_LATCH_MISSES_SUMRY_BL_PK,SYS,WRH$_LATCH_MISSES_SUMMARY_BL,3,INSTANCE_NUMBER,ASC
SYS,WRH$_LATCH_MISSES_SUMRY_BL_PK,SYS,WRH$_LATCH_MISSES_SUMMARY_BL,4,PARENT_NAME,ASC
SYS,WRH$_LATCH_MISSES_SUMRY_BL_PK,SYS,WRH$_LATCH_MISSES_SUMMARY_BL,5,WHERE_IN_CODE,ASC
SYS,WRH$_LATCH_MISSES_SUMRY_BL_PK,SYS,WRH$_LATCH_MISSES_SUMMARY_BL,6,CON_DBID,ASC
SYS,WRH$_LATCH_NAME_PK,SYS,WRH$_LATCH_NAME,1,DBID,ASC
SYS,WRH$_LATCH_NAME_PK,SYS,WRH$_LATCH_NAME,2,LATCH_HASH,ASC
SYS,WRH$_LATCH_NAME_PK,SYS,WRH$_LATCH_NAME,3,CON_DBID,ASC
SYS,WRH$_LATCH_PARENT_BL_PK,SYS,WRH$_LATCH_PARENT_BL,1,DBID,ASC
SYS,WRH$_LATCH_PARENT_BL_PK,SYS,WRH$_LATCH_PARENT_BL,2,SNAP_ID,ASC
SYS,WRH$_LATCH_PARENT_BL_PK,SYS,WRH$_LATCH_PARENT_BL,3,INSTANCE_NUMBER,ASC
SYS,WRH$_LATCH_PARENT_BL_PK,SYS,WRH$_LATCH_PARENT_BL,4,LATCH_HASH,ASC
SYS,WRH$_LATCH_PARENT_BL_PK,SYS,WRH$_LATCH_PARENT_BL,5,CON_DBID,ASC
SYS,WRH$_LATCH_PARENT_PK,SYS,WRH$_LATCH_PARENT,1,DBID,ASC
SYS,WRH$_LATCH_PARENT_PK,SYS,WRH$_LATCH_PARENT,2,SNAP_ID,ASC
SYS,WRH$_LATCH_PARENT_PK,SYS,WRH$_LATCH_PARENT,3,INSTANCE_NUMBER,ASC
SYS,WRH$_LATCH_PARENT_PK,SYS,WRH$_LATCH_PARENT,4,LATCH_HASH,ASC
SYS,WRH$_LATCH_PARENT_PK,SYS,WRH$_LATCH_PARENT,5,CON_DBID,ASC
SYS,WRH$_LATCH_PK,SYS,WRH$_LATCH,1,DBID,ASC
SYS,WRH$_LATCH_PK,SYS,WRH$_LATCH,2,SNAP_ID,ASC
SYS,WRH$_LATCH_PK,SYS,WRH$_LATCH,3,INSTANCE_NUMBER,ASC
SYS,WRH$_LATCH_PK,SYS,WRH$_LATCH,4,LATCH_HASH,ASC
SYS,WRH$_LATCH_PK,SYS,WRH$_LATCH,5,CON_DBID,ASC
SYS,WRH$_LIBRARYCACHE_BL_PK,SYS,WRH$_LIBRARYCACHE_BL,1,DBID,ASC
SYS,WRH$_LIBRARYCACHE_BL_PK,SYS,WRH$_LIBRARYCACHE_BL,2,SNAP_ID,ASC
SYS,WRH$_LIBRARYCACHE_BL_PK,SYS,WRH$_LIBRARYCACHE_BL,3,INSTANCE_NUMBER,ASC
SYS,WRH$_LIBRARYCACHE_BL_PK,SYS,WRH$_LIBRARYCACHE_BL,4,NAMESPACE,ASC
SYS,WRH$_LIBRARYCACHE_BL_PK,SYS,WRH$_LIBRARYCACHE_BL,5,CON_DBID,ASC
SYS,WRH$_LIBRARYCACHE_PK,SYS,WRH$_LIBRARYCACHE,1,DBID,ASC
SYS,WRH$_LIBRARYCACHE_PK,SYS,WRH$_LIBRARYCACHE,2,SNAP_ID,ASC
SYS,WRH$_LIBRARYCACHE_PK,SYS,WRH$_LIBRARYCACHE,3,INSTANCE_NUMBER,ASC
SYS,WRH$_LIBRARYCACHE_PK,SYS,WRH$_LIBRARYCACHE,4,NAMESPACE,ASC
SYS,WRH$_LIBRARYCACHE_PK,SYS,WRH$_LIBRARYCACHE,5,CON_DBID,ASC
SYS,WRH$_LMS_STATS_BL_PK,SYS,WRH$_LMS_STATS_BL,1,DBID,ASC
SYS,WRH$_LMS_STATS_BL_PK,SYS,WRH$_LMS_STATS_BL,2,SNAP_ID,ASC
SYS,WRH$_LMS_STATS_BL_PK,SYS,WRH$_LMS_STATS_BL,3,INSTANCE_NUMBER,ASC
SYS,WRH$_LMS_STATS_BL_PK,SYS,WRH$_LMS_STATS_BL,4,PID,ASC
SYS,WRH$_LMS_STATS_BL_PK,SYS,WRH$_LMS_STATS_BL,5,CON_DBID,ASC
SYS,WRH$_LMS_STATS_PK,SYS,WRH$_LMS_STATS,1,DBID,ASC
SYS,WRH$_LMS_STATS_PK,SYS,WRH$_LMS_STATS,2,SNAP_ID,ASC
SYS,WRH$_LMS_STATS_PK,SYS,WRH$_LMS_STATS,3,INSTANCE_NUMBER,ASC
SYS,WRH$_LMS_STATS_PK,SYS,WRH$_LMS_STATS,4,PID,ASC
SYS,WRH$_LMS_STATS_PK,SYS,WRH$_LMS_STATS,5,CON_DBID,ASC
SYS,WRH$_LOG_BL_PK,SYS,WRH$_LOG_BL,1,DBID,ASC
SYS,WRH$_LOG_BL_PK,SYS,WRH$_LOG_BL,2,SNAP_ID,ASC
SYS,WRH$_LOG_BL_PK,SYS,WRH$_LOG_BL,3,INSTANCE_NUMBER,ASC
SYS,WRH$_LOG_BL_PK,SYS,WRH$_LOG_BL,4,GROUP#,ASC
SYS,WRH$_LOG_BL_PK,SYS,WRH$_LOG_BL,5,THREAD#,ASC
SYS,WRH$_LOG_BL_PK,SYS,WRH$_LOG_BL,6,SEQUENCE#,ASC
SYS,WRH$_LOG_BL_PK,SYS,WRH$_LOG_BL,7,CON_DBID,ASC
SYS,WRH$_LOG_PK,SYS,WRH$_LOG,1,DBID,ASC
SYS,WRH$_LOG_PK,SYS,WRH$_LOG,2,SNAP_ID,ASC
SYS,WRH$_LOG_PK,SYS,WRH$_LOG,3,INSTANCE_NUMBER,ASC
SYS,WRH$_LOG_PK,SYS,WRH$_LOG,4,GROUP#,ASC
SYS,WRH$_LOG_PK,SYS,WRH$_LOG,5,THREAD#,ASC
SYS,WRH$_LOG_PK,SYS,WRH$_LOG,6,SEQUENCE#,ASC
SYS,WRH$_LOG_PK,SYS,WRH$_LOG,7,CON_DBID,ASC
SYS,WRH$_MEM_DYNAMIC_COMP_BL_PK,SYS,WRH$_MEM_DYNAMIC_COMP_BL,1,DBID,ASC
SYS,WRH$_MEM_DYNAMIC_COMP_BL_PK,SYS,WRH$_MEM_DYNAMIC_COMP_BL,2,SNAP_ID,ASC
SYS,WRH$_MEM_DYNAMIC_COMP_BL_PK,SYS,WRH$_MEM_DYNAMIC_COMP_BL,3,INSTANCE_NUMBER,ASC
SYS,WRH$_MEM_DYNAMIC_COMP_BL_PK,SYS,WRH$_MEM_DYNAMIC_COMP_BL,4,COMPONENT,ASC
SYS,WRH$_MEM_DYNAMIC_COMP_BL_PK,SYS,WRH$_MEM_DYNAMIC_COMP_BL,5,CON_DBID,ASC
SYS,WRH$_MEM_DYNAMIC_COMP_PK,SYS,WRH$_MEM_DYNAMIC_COMP,1,DBID,ASC
SYS,WRH$_MEM_DYNAMIC_COMP_PK,SYS,WRH$_MEM_DYNAMIC_COMP,2,SNAP_ID,ASC
SYS,WRH$_MEM_DYNAMIC_COMP_PK,SYS,WRH$_MEM_DYNAMIC_COMP,3,INSTANCE_NUMBER,ASC
SYS,WRH$_MEM_DYNAMIC_COMP_PK,SYS,WRH$_MEM_DYNAMIC_COMP,4,COMPONENT,ASC
SYS,WRH$_MEM_DYNAMIC_COMP_PK,SYS,WRH$_MEM_DYNAMIC_COMP,5,CON_DBID,ASC
SYS,WRH$_MEMORY_RESIZE_OPS_BL_PK,SYS,WRH$_MEMORY_RESIZE_OPS_BL,1,DBID,ASC
SYS,WRH$_MEMORY_RESIZE_OPS_BL_PK,SYS,WRH$_MEMORY_RESIZE_OPS_BL,2,SNAP_ID,ASC
SYS,WRH$_MEMORY_RESIZE_OPS_BL_PK,SYS,WRH$_MEMORY_RESIZE_OPS_BL,3,INSTANCE_NUMBER,ASC
SYS,WRH$_MEMORY_RESIZE_OPS_BL_PK,SYS,WRH$_MEMORY_RESIZE_OPS_BL,4,COMPONENT,ASC
SYS,WRH$_MEMORY_RESIZE_OPS_BL_PK,SYS,WRH$_MEMORY_RESIZE_OPS_BL,5,OPER_TYPE,ASC
SYS,WRH$_MEMORY_RESIZE_OPS_BL_PK,SYS,WRH$_MEMORY_RESIZE_OPS_BL,6,START_TIME,ASC
SYS,WRH$_MEMORY_RESIZE_OPS_BL_PK,SYS,WRH$_MEMORY_RESIZE_OPS_BL,7,TARGET_SIZE,ASC
SYS,WRH$_MEMORY_RESIZE_OPS_BL_PK,SYS,WRH$_MEMORY_RESIZE_OPS_BL,8,CON_DBID,ASC
SYS,WRH$_MEMORY_RESIZE_OPS_PK,SYS,WRH$_MEMORY_RESIZE_OPS,1,DBID,ASC
SYS,WRH$_MEMORY_RESIZE_OPS_PK,SYS,WRH$_MEMORY_RESIZE_OPS,2,SNAP_ID,ASC
SYS,WRH$_MEMORY_RESIZE_OPS_PK,SYS,WRH$_MEMORY_RESIZE_OPS,3,INSTANCE_NUMBER,ASC
SYS,WRH$_MEMORY_RESIZE_OPS_PK,SYS,WRH$_MEMORY_RESIZE_OPS,4,COMPONENT,ASC
SYS,WRH$_MEMORY_RESIZE_OPS_PK,SYS,WRH$_MEMORY_RESIZE_OPS,5,OPER_TYPE,ASC
SYS,WRH$_MEMORY_RESIZE_OPS_PK,SYS,WRH$_MEMORY_RESIZE_OPS,6,START_TIME,ASC
SYS,WRH$_MEMORY_RESIZE_OPS_PK,SYS,WRH$_MEMORY_RESIZE_OPS,7,TARGET_SIZE,ASC
SYS,WRH$_MEMORY_RESIZE_OPS_PK,SYS,WRH$_MEMORY_RESIZE_OPS,8,CON_DBID,ASC
SYS,WRH$_MEMORY_TARGET_ADVICE_BL_PK,SYS,WRH$_MEMORY_TARGET_ADVICE_BL,1,DBID,ASC
SYS,WRH$_MEMORY_TARGET_ADVICE_BL_PK,SYS,WRH$_MEMORY_TARGET_ADVICE_BL,2,SNAP_ID,ASC
SYS,WRH$_MEMORY_TARGET_ADVICE_BL_PK,SYS,WRH$_MEMORY_TARGET_ADVICE_BL,3,INSTANCE_NUMBER,ASC
SYS,WRH$_MEMORY_TARGET_ADVICE_BL_PK,SYS,WRH$_MEMORY_TARGET_ADVICE_BL,4,MEMORY_SIZE,ASC
SYS,WRH$_MEMORY_TARGET_ADVICE_BL_PK,SYS,WRH$_MEMORY_TARGET_ADVICE_BL,5,CON_DBID,ASC
SYS,WRH$_MEMORY_TARGET_ADVICE_PK,SYS,WRH$_MEMORY_TARGET_ADVICE,1,DBID,ASC
SYS,WRH$_MEMORY_TARGET_ADVICE_PK,SYS,WRH$_MEMORY_TARGET_ADVICE,2,SNAP_ID,ASC
SYS,WRH$_MEMORY_TARGET_ADVICE_PK,SYS,WRH$_MEMORY_TARGET_ADVICE,3,INSTANCE_NUMBER,ASC
SYS,WRH$_MEMORY_TARGET_ADVICE_PK,SYS,WRH$_MEMORY_TARGET_ADVICE,4,MEMORY_SIZE,ASC
SYS,WRH$_MEMORY_TARGET_ADVICE_PK,SYS,WRH$_MEMORY_TARGET_ADVICE,5,CON_DBID,ASC
SYS,WRH$_METRIC_NAME_PK,SYS,WRH$_METRIC_NAME,1,DBID,ASC
SYS,WRH$_METRIC_NAME_PK,SYS,WRH$_METRIC_NAME,2,GROUP_ID,ASC
SYS,WRH$_METRIC_NAME_PK,SYS,WRH$_METRIC_NAME,3,METRIC_ID,ASC
SYS,WRH$_METRIC_NAME_PK,SYS,WRH$_METRIC_NAME,4,CON_DBID,ASC
SYS,WRH$_MTTR_TARGET_ADVICE_BL_IDX,SYS,WRH$_MTTR_TARGET_ADVICE_BL,1,DBID,ASC
SYS,WRH$_MTTR_TARGET_ADVICE_BL_IDX,SYS,WRH$_MTTR_TARGET_ADVICE_BL,2,SNAP_ID,ASC
SYS,WRH$_MTTR_TARGET_ADVICE_BL_IDX,SYS,WRH$_MTTR_TARGET_ADVICE_BL,3,INSTANCE_NUMBER,ASC
SYS,WRH$_MTTR_TARGET_ADVICE_BL_IDX,SYS,WRH$_MTTR_TARGET_ADVICE_BL,4,CON_DBID,ASC
SYS,WRH$_MTTR_TARGET_ADVICE_IDX,SYS,WRH$_MTTR_TARGET_ADVICE,1,DBID,ASC
SYS,WRH$_MTTR_TARGET_ADVICE_IDX,SYS,WRH$_MTTR_TARGET_ADVICE,2,SNAP_ID,ASC
SYS,WRH$_MTTR_TARGET_ADVICE_IDX,SYS,WRH$_MTTR_TARGET_ADVICE,3,INSTANCE_NUMBER,ASC
SYS,WRH$_MTTR_TARGET_ADVICE_IDX,SYS,WRH$_MTTR_TARGET_ADVICE,4,CON_DBID,ASC
SYS,WRH$_MUTEX_SLEEP_BL_PK,SYS,WRH$_MUTEX_SLEEP_BL,1,DBID,ASC
SYS,WRH$_MUTEX_SLEEP_BL_PK,SYS,WRH$_MUTEX_SLEEP_BL,2,SNAP_ID,ASC
SYS,WRH$_MUTEX_SLEEP_BL_PK,SYS,WRH$_MUTEX_SLEEP_BL,3,INSTANCE_NUMBER,ASC
SYS,WRH$_MUTEX_SLEEP_BL_PK,SYS,WRH$_MUTEX_SLEEP_BL,4,MUTEX_TYPE,ASC
SYS,WRH$_MUTEX_SLEEP_BL_PK,SYS,WRH$_MUTEX_SLEEP_BL,5,LOCATION,ASC
SYS,WRH$_MUTEX_SLEEP_BL_PK,SYS,WRH$_MUTEX_SLEEP_BL,6,CON_DBID,ASC
SYS,WRH$_MUTEX_SLEEP_PK,SYS,WRH$_MUTEX_SLEEP,1,DBID,ASC
SYS,WRH$_MUTEX_SLEEP_PK,SYS,WRH$_MUTEX_SLEEP,2,SNAP_ID,ASC
SYS,WRH$_MUTEX_SLEEP_PK,SYS,WRH$_MUTEX_SLEEP,3,INSTANCE_NUMBER,ASC
SYS,WRH$_MUTEX_SLEEP_PK,SYS,WRH$_MUTEX_SLEEP,4,MUTEX_TYPE,ASC
SYS,WRH$_MUTEX_SLEEP_PK,SYS,WRH$_MUTEX_SLEEP,5,LOCATION,ASC
SYS,WRH$_MUTEX_SLEEP_PK,SYS,WRH$_MUTEX_SLEEP,6,CON_DBID,ASC
SYS,WRH$_MVPARAMETER_BL_PK,SYS,WRH$_MVPARAMETER_BL,1,DBID,ASC
SYS,WRH$_MVPARAMETER_BL_PK,SYS,WRH$_MVPARAMETER_BL,2,SNAP_ID,ASC
SYS,WRH$_MVPARAMETER_BL_PK,SYS,WRH$_MVPARAMETER_BL,3,INSTANCE_NUMBER,ASC
SYS,WRH$_MVPARAMETER_BL_PK,SYS,WRH$_MVPARAMETER_BL,4,PARAMETER_HASH,ASC
SYS,WRH$_MVPARAMETER_BL_PK,SYS,WRH$_MVPARAMETER_BL,5,ORDINAL,ASC
SYS,WRH$_MVPARAMETER_BL_PK,SYS,WRH$_MVPARAMETER_BL,6,CON_DBID,ASC
SYS,WRH$_MVPARAMETER_PK,SYS,WRH$_MVPARAMETER,1,DBID,ASC
SYS,WRH$_MVPARAMETER_PK,SYS,WRH$_MVPARAMETER,2,SNAP_ID,ASC
SYS,WRH$_MVPARAMETER_PK,SYS,WRH$_MVPARAMETER,3,INSTANCE_NUMBER,ASC
SYS,WRH$_MVPARAMETER_PK,SYS,WRH$_MVPARAMETER,4,PARAMETER_HASH,ASC
SYS,WRH$_MVPARAMETER_PK,SYS,WRH$_MVPARAMETER,5,ORDINAL,ASC
SYS,WRH$_MVPARAMETER_PK,SYS,WRH$_MVPARAMETER,6,CON_DBID,ASC
SYS,WRH$_OPTIMIZER_ENV_BL_PK,SYS,WRH$_OPTIMIZER_ENV_BL,1,DBID,ASC
SYS,WRH$_OPTIMIZER_ENV_BL_PK,SYS,WRH$_OPTIMIZER_ENV_BL,2,OPTIMIZER_ENV_HASH_VALUE,ASC
SYS,WRH$_OPTIMIZER_ENV_BL_PK,SYS,WRH$_OPTIMIZER_ENV_BL,3,CON_DBID,ASC
SYS,WRH$_OPTIMIZER_ENV_BL_PK,SYS,WRH$_OPTIMIZER_ENV_BL,4,SNAP_ID,ASC
SYS,WRH$_OPTIMIZER_ENV_PK,SYS,WRH$_OPTIMIZER_ENV,1,DBID,ASC
SYS,WRH$_OPTIMIZER_ENV_PK,SYS,WRH$_OPTIMIZER_ENV,2,OPTIMIZER_ENV_HASH_VALUE,ASC
SYS,WRH$_OPTIMIZER_ENV_PK,SYS,WRH$_OPTIMIZER_ENV,3,CON_DBID,ASC
SYS,WRH$_OPTIMIZER_ENV_PK,SYS,WRH$_OPTIMIZER_ENV,4,SNAP_ID,ASC
SYS,WRH$_OSSTAT_BL_PK,SYS,WRH$_OSSTAT_BL,1,DBID,ASC
SYS,WRH$_OSSTAT_BL_PK,SYS,WRH$_OSSTAT_BL,2,SNAP_ID,ASC
SYS,WRH$_OSSTAT_BL_PK,SYS,WRH$_OSSTAT_BL,3,INSTANCE_NUMBER,ASC
SYS,WRH$_OSSTAT_BL_PK,SYS,WRH$_OSSTAT_BL,4,STAT_ID,ASC
SYS,WRH$_OSSTAT_BL_PK,SYS,WRH$_OSSTAT_BL,5,CON_DBID,ASC
SYS,WRH$_OSSTAT_NAME_PK,SYS,WRH$_OSSTAT_NAME,1,DBID,ASC
SYS,WRH$_OSSTAT_NAME_PK,SYS,WRH$_OSSTAT_NAME,2,STAT_ID,ASC
SYS,WRH$_OSSTAT_NAME_PK,SYS,WRH$_OSSTAT_NAME,3,CON_DBID,ASC
SYS,WRH$_OSSTAT_PK,SYS,WRH$_OSSTAT,1,DBID,ASC
SYS,WRH$_OSSTAT_PK,SYS,WRH$_OSSTAT,2,SNAP_ID,ASC
SYS,WRH$_OSSTAT_PK,SYS,WRH$_OSSTAT,3,INSTANCE_NUMBER,ASC
SYS,WRH$_OSSTAT_PK,SYS,WRH$_OSSTAT,4,STAT_ID,ASC
SYS,WRH$_OSSTAT_PK,SYS,WRH$_OSSTAT,5,CON_DBID,ASC
SYS,WRH$_PARAMETER_BL_PK,SYS,WRH$_PARAMETER_BL,1,DBID,ASC
SYS,WRH$_PARAMETER_BL_PK,SYS,WRH$_PARAMETER_BL,2,SNAP_ID,ASC
SYS,WRH$_PARAMETER_BL_PK,SYS,WRH$_PARAMETER_BL,3,INSTANCE_NUMBER,ASC
SYS,WRH$_PARAMETER_BL_PK,SYS,WRH$_PARAMETER_BL,4,PARAMETER_HASH,ASC
SYS,WRH$_PARAMETER_BL_PK,SYS,WRH$_PARAMETER_BL,5,CON_DBID,ASC
SYS,WRH$_PARAMETER_NAME_PK,SYS,WRH$_PARAMETER_NAME,1,DBID,ASC
SYS,WRH$_PARAMETER_NAME_PK,SYS,WRH$_PARAMETER_NAME,2,PARAMETER_HASH,ASC
SYS,WRH$_PARAMETER_NAME_PK,SYS,WRH$_PARAMETER_NAME,3,CON_DBID,ASC
SYS,WRH$_PARAMETER_PK,SYS,WRH$_PARAMETER,1,DBID,ASC
SYS,WRH$_PARAMETER_PK,SYS,WRH$_PARAMETER,2,SNAP_ID,ASC
SYS,WRH$_PARAMETER_PK,SYS,WRH$_PARAMETER,3,INSTANCE_NUMBER,ASC
SYS,WRH$_PARAMETER_PK,SYS,WRH$_PARAMETER,4,PARAMETER_HASH,ASC
SYS,WRH$_PARAMETER_PK,SYS,WRH$_PARAMETER,5,CON_DBID,ASC
SYS,WRH$_PERSISTENT_QMN_CACHE_BL_PK,SYS,WRH$_PERSISTENT_QMN_CACHE_BL,1,DBID,ASC
SYS,WRH$_PERSISTENT_QMN_CACHE_BL_PK,SYS,WRH$_PERSISTENT_QMN_CACHE_BL,2,SNAP_ID,ASC
SYS,WRH$_PERSISTENT_QMN_CACHE_BL_PK,SYS,WRH$_PERSISTENT_QMN_CACHE_BL,3,INSTANCE_NUMBER,ASC
SYS,WRH$_PERSISTENT_QMN_CACHE_BL_PK,SYS,WRH$_PERSISTENT_QMN_CACHE_BL,4,QUEUE_TABLE_ID,ASC
SYS,WRH$_PERSISTENT_QMN_CACHE_BL_PK,SYS,WRH$_PERSISTENT_QMN_CACHE_BL,5,CON_DBID,ASC
SYS,WRH$_PERSISTENT_QMN_CACHE_PK,SYS,WRH$_PERSISTENT_QMN_CACHE,1,DBID,ASC
SYS,WRH$_PERSISTENT_QMN_CACHE_PK,SYS,WRH$_PERSISTENT_QMN_CACHE,2,SNAP_ID,ASC
SYS,WRH$_PERSISTENT_QMN_CACHE_PK,SYS,WRH$_PERSISTENT_QMN_CACHE,3,INSTANCE_NUMBER,ASC
SYS,WRH$_PERSISTENT_QMN_CACHE_PK,SYS,WRH$_PERSISTENT_QMN_CACHE,4,QUEUE_TABLE_ID,ASC
SYS,WRH$_PERSISTENT_QMN_CACHE_PK,SYS,WRH$_PERSISTENT_QMN_CACHE,5,CON_DBID,ASC
SYS,WRH$_PERSISTENT_QUEUES_BL_PK,SYS,WRH$_PERSISTENT_QUEUES_BL,1,DBID,ASC
SYS,WRH$_PERSISTENT_QUEUES_BL_PK,SYS,WRH$_PERSISTENT_QUEUES_BL,2,SNAP_ID,ASC
SYS,WRH$_PERSISTENT_QUEUES_BL_PK,SYS,WRH$_PERSISTENT_QUEUES_BL,3,INSTANCE_NUMBER,ASC
SYS,WRH$_PERSISTENT_QUEUES_BL_PK,SYS,WRH$_PERSISTENT_QUEUES_BL,4,QUEUE_SCHEMA,ASC
SYS,WRH$_PERSISTENT_QUEUES_BL_PK,SYS,WRH$_PERSISTENT_QUEUES_BL,5,QUEUE_ID,ASC
SYS,WRH$_PERSISTENT_QUEUES_BL_PK,SYS,WRH$_PERSISTENT_QUEUES_BL,6,CON_DBID,ASC
SYS,WRH$_PERSISTENT_QUEUES_PK,SYS,WRH$_PERSISTENT_QUEUES,1,DBID,ASC
SYS,WRH$_PERSISTENT_QUEUES_PK,SYS,WRH$_PERSISTENT_QUEUES,2,SNAP_ID,ASC
SYS,WRH$_PERSISTENT_QUEUES_PK,SYS,WRH$_PERSISTENT_QUEUES,3,INSTANCE_NUMBER,ASC
SYS,WRH$_PERSISTENT_QUEUES_PK,SYS,WRH$_PERSISTENT_QUEUES,4,QUEUE_SCHEMA,ASC
SYS,WRH$_PERSISTENT_QUEUES_PK,SYS,WRH$_PERSISTENT_QUEUES,5,QUEUE_ID,ASC
SYS,WRH$_PERSISTENT_QUEUES_PK,SYS,WRH$_PERSISTENT_QUEUES,6,CON_DBID,ASC
SYS,WRH$_PERSISTENT_SUBSCRIBERS_BL_PK,SYS,WRH$_PERSISTENT_SUBSCRIBERS_BL,1,DBID,ASC
SYS,WRH$_PERSISTENT_SUBSCRIBERS_BL_PK,SYS,WRH$_PERSISTENT_SUBSCRIBERS_BL,2,SNAP_ID,ASC
SYS,WRH$_PERSISTENT_SUBSCRIBERS_BL_PK,SYS,WRH$_PERSISTENT_SUBSCRIBERS_BL,3,INSTANCE_NUMBER,ASC
SYS,WRH$_PERSISTENT_SUBSCRIBERS_BL_PK,SYS,WRH$_PERSISTENT_SUBSCRIBERS_BL,4,QUEUE_SCHEMA,ASC
SYS,WRH$_PERSISTENT_SUBSCRIBERS_BL_PK,SYS,WRH$_PERSISTENT_SUBSCRIBERS_BL,5,QUEUE_NAME,ASC
SYS,WRH$_PERSISTENT_SUBSCRIBERS_BL_PK,SYS,WRH$_PERSISTENT_SUBSCRIBERS_BL,6,SUBSCRIBER_ID,ASC
SYS,WRH$_PERSISTENT_SUBSCRIBERS_BL_PK,SYS,WRH$_PERSISTENT_SUBSCRIBERS_BL,7,CON_DBID,ASC
SYS,WRH$_PERSISTENT_SUBSCRIBERS_PK,SYS,WRH$_PERSISTENT_SUBSCRIBERS,1,DBID,ASC
SYS,WRH$_PERSISTENT_SUBSCRIBERS_PK,SYS,WRH$_PERSISTENT_SUBSCRIBERS,2,SNAP_ID,ASC
SYS,WRH$_PERSISTENT_SUBSCRIBERS_PK,SYS,WRH$_PERSISTENT_SUBSCRIBERS,3,INSTANCE_NUMBER,ASC
SYS,WRH$_PERSISTENT_SUBSCRIBERS_PK,SYS,WRH$_PERSISTENT_SUBSCRIBERS,4,QUEUE_SCHEMA,ASC
SYS,WRH$_PERSISTENT_SUBSCRIBERS_PK,SYS,WRH$_PERSISTENT_SUBSCRIBERS,5,QUEUE_NAME,ASC
SYS,WRH$_PERSISTENT_SUBSCRIBERS_PK,SYS,WRH$_PERSISTENT_SUBSCRIBERS,6,SUBSCRIBER_ID,ASC
SYS,WRH$_PERSISTENT_SUBSCRIBERS_PK,SYS,WRH$_PERSISTENT_SUBSCRIBERS,7,CON_DBID,ASC
SYS,WRH$_PGASTAT_BL_PK,SYS,WRH$_PGASTAT_BL,1,DBID,ASC
SYS,WRH$_PGASTAT_BL_PK,SYS,WRH$_PGASTAT_BL,2,SNAP_ID,ASC
SYS,WRH$_PGASTAT_BL_PK,SYS,WRH$_PGASTAT_BL,3,INSTANCE_NUMBER,ASC
SYS,WRH$_PGASTAT_BL_PK,SYS,WRH$_PGASTAT_BL,4,NAME,ASC
SYS,WRH$_PGASTAT_BL_PK,SYS,WRH$_PGASTAT_BL,5,CON_DBID,ASC
SYS,WRH$_PGASTAT_PK,SYS,WRH$_PGASTAT,1,DBID,ASC
SYS,WRH$_PGASTAT_PK,SYS,WRH$_PGASTAT,2,SNAP_ID,ASC
SYS,WRH$_PGASTAT_PK,SYS,WRH$_PGASTAT,3,INSTANCE_NUMBER,ASC
SYS,WRH$_PGASTAT_PK,SYS,WRH$_PGASTAT,4,NAME,ASC
SYS,WRH$_PGASTAT_PK,SYS,WRH$_PGASTAT,5,CON_DBID,ASC
SYS,WRH$_PGA_TARGET_ADVICE_BL_PK,SYS,WRH$_PGA_TARGET_ADVICE_BL,1,DBID,ASC
SYS,WRH$_PGA_TARGET_ADVICE_BL_PK,SYS,WRH$_PGA_TARGET_ADVICE_BL,2,SNAP_ID,ASC
SYS,WRH$_PGA_TARGET_ADVICE_BL_PK,SYS,WRH$_PGA_TARGET_ADVICE_BL,3,INSTANCE_NUMBER,ASC
SYS,WRH$_PGA_TARGET_ADVICE_BL_PK,SYS,WRH$_PGA_TARGET_ADVICE_BL,4,PGA_TARGET_FOR_ESTIMATE,ASC
SYS,WRH$_PGA_TARGET_ADVICE_BL_PK,SYS,WRH$_PGA_TARGET_ADVICE_BL,5,CON_DBID,ASC
SYS,WRH$_PGA_TARGET_ADVICE_PK,SYS,WRH$_PGA_TARGET_ADVICE,1,DBID,ASC
SYS,WRH$_PGA_TARGET_ADVICE_PK,SYS,WRH$_PGA_TARGET_ADVICE,2,SNAP_ID,ASC
SYS,WRH$_PGA_TARGET_ADVICE_PK,SYS,WRH$_PGA_TARGET_ADVICE,3,INSTANCE_NUMBER,ASC
SYS,WRH$_PGA_TARGET_ADVICE_PK,SYS,WRH$_PGA_TARGET_ADVICE,4,PGA_TARGET_FOR_ESTIMATE,ASC
SYS,WRH$_PGA_TARGET_ADVICE_PK,SYS,WRH$_PGA_TARGET_ADVICE,5,CON_DBID,ASC
SYS,WRH$_PLAN_OPERATION_NAME_PK,SYS,WRH$_PLAN_OPERATION_NAME,1,DBID,ASC
SYS,WRH$_PLAN_OPERATION_NAME_PK,SYS,WRH$_PLAN_OPERATION_NAME,2,OPERATION_ID,ASC
SYS,WRH$_PLAN_OPERATION_NAME_PK,SYS,WRH$_PLAN_OPERATION_NAME,3,CON_DBID,ASC
SYS,WRH$_PLAN_OPTION_NAME_PK,SYS,WRH$_PLAN_OPTION_NAME,1,DBID,ASC
SYS,WRH$_PLAN_OPTION_NAME_PK,SYS,WRH$_PLAN_OPTION_NAME,2,OPTION_ID,ASC
SYS,WRH$_PLAN_OPTION_NAME_PK,SYS,WRH$_PLAN_OPTION_NAME,3,CON_DBID,ASC
SYS,WRH$_PROCESS_MEM_SUMMARY_BL_PK,SYS,WRH$_PROCESS_MEMORY_SUMMARY_BL,1,DBID,ASC
SYS,WRH$_PROCESS_MEM_SUMMARY_BL_PK,SYS,WRH$_PROCESS_MEMORY_SUMMARY_BL,2,SNAP_ID,ASC
SYS,WRH$_PROCESS_MEM_SUMMARY_BL_PK,SYS,WRH$_PROCESS_MEMORY_SUMMARY_BL,3,INSTANCE_NUMBER,ASC
SYS,WRH$_PROCESS_MEM_SUMMARY_BL_PK,SYS,WRH$_PROCESS_MEMORY_SUMMARY_BL,4,CATEGORY,ASC
SYS,WRH$_PROCESS_MEM_SUMMARY_BL_PK,SYS,WRH$_PROCESS_MEMORY_SUMMARY_BL,5,CON_DBID,ASC
SYS,WRH$_PROCESS_MEM_SUMMARY_BL_PK,SYS,WRH$_PROCESS_MEMORY_SUMMARY_BL,6,PER_PDB_NN,ASC
SYS,WRH$_PROCESS_MEM_SUMMARY_PK,SYS,WRH$_PROCESS_MEMORY_SUMMARY,1,DBID,ASC
SYS,WRH$_PROCESS_MEM_SUMMARY_PK,SYS,WRH$_PROCESS_MEMORY_SUMMARY,2,SNAP_ID,ASC
SYS,WRH$_PROCESS_MEM_SUMMARY_PK,SYS,WRH$_PROCESS_MEMORY_SUMMARY,3,INSTANCE_NUMBER,ASC
SYS,WRH$_PROCESS_MEM_SUMMARY_PK,SYS,WRH$_PROCESS_MEMORY_SUMMARY,4,CATEGORY,ASC
SYS,WRH$_PROCESS_MEM_SUMMARY_PK,SYS,WRH$_PROCESS_MEMORY_SUMMARY,5,CON_DBID,ASC
SYS,WRH$_PROCESS_MEM_SUMMARY_PK,SYS,WRH$_PROCESS_MEMORY_SUMMARY,6,PER_PDB_NN,ASC
SYS,WRH$_PROCESS_WAITTIME_BL_PK,SYS,WRH$_PROCESS_WAITTIME_BL,1,DBID,ASC
SYS,WRH$_PROCESS_WAITTIME_BL_PK,SYS,WRH$_PROCESS_WAITTIME_BL,2,SNAP_ID,ASC
SYS,WRH$_PROCESS_WAITTIME_BL_PK,SYS,WRH$_PROCESS_WAITTIME_BL,3,INSTANCE_NUMBER,ASC
SYS,WRH$_PROCESS_WAITTIME_BL_PK,SYS,WRH$_PROCESS_WAITTIME_BL,4,CON_DBID,ASC
SYS,WRH$_PROCESS_WAITTIME_BL_PK,SYS,WRH$_PROCESS_WAITTIME_BL,5,PROCESS_TYPE,ASC
SYS,WRH$_PROCESS_WAITTIME_BL_PK,SYS,WRH$_PROCESS_WAITTIME_BL,6,DESCRIPTION,ASC
SYS,WRH$_PROCESS_WAITTIME_BL_PK,SYS,WRH$_PROCESS_WAITTIME_BL,7,WAIT_CLASS_TYPE,ASC
SYS,WRH$_PROCESS_WAITTIME_PK,SYS,WRH$_PROCESS_WAITTIME,1,DBID,ASC
SYS,WRH$_PROCESS_WAITTIME_PK,SYS,WRH$_PROCESS_WAITTIME,2,SNAP_ID,ASC
SYS,WRH$_PROCESS_WAITTIME_PK,SYS,WRH$_PROCESS_WAITTIME,3,INSTANCE_NUMBER,ASC
SYS,WRH$_PROCESS_WAITTIME_PK,SYS,WRH$_PROCESS_WAITTIME,4,CON_DBID,ASC
SYS,WRH$_PROCESS_WAITTIME_PK,SYS,WRH$_PROCESS_WAITTIME,5,PROCESS_TYPE,ASC
SYS,WRH$_PROCESS_WAITTIME_PK,SYS,WRH$_PROCESS_WAITTIME,6,DESCRIPTION,ASC
SYS,WRH$_PROCESS_WAITTIME_PK,SYS,WRH$_PROCESS_WAITTIME,7,WAIT_CLASS_TYPE,ASC
SYS,WRH$_RECOVERY_PROGRESS_BL_PK,SYS,WRH$_RECOVERY_PROGRESS_BL,1,DBID,ASC
SYS,WRH$_RECOVERY_PROGRESS_BL_PK,SYS,WRH$_RECOVERY_PROGRESS_BL,2,SNAP_ID,ASC
SYS,WRH$_RECOVERY_PROGRESS_BL_PK,SYS,WRH$_RECOVERY_PROGRESS_BL,3,INSTANCE_NUMBER,ASC
SYS,WRH$_RECOVERY_PROGRESS_BL_PK,SYS,WRH$_RECOVERY_PROGRESS_BL,4,TYPE,ASC
SYS,WRH$_RECOVERY_PROGRESS_BL_PK,SYS,WRH$_RECOVERY_PROGRESS_BL,5,ITEM,ASC
SYS,WRH$_RECOVERY_PROGRESS_BL_PK,SYS,WRH$_RECOVERY_PROGRESS_BL,6,START_TIME,ASC
SYS,WRH$_RECOVERY_PROGRESS_BL_PK,SYS,WRH$_RECOVERY_PROGRESS_BL,7,CON_DBID,ASC
SYS,WRH$_RECOVERY_PROGRESS_PK,SYS,WRH$_RECOVERY_PROGRESS,1,DBID,ASC
SYS,WRH$_RECOVERY_PROGRESS_PK,SYS,WRH$_RECOVERY_PROGRESS,2,SNAP_ID,ASC
SYS,WRH$_RECOVERY_PROGRESS_PK,SYS,WRH$_RECOVERY_PROGRESS,3,INSTANCE_NUMBER,ASC
SYS,WRH$_RECOVERY_PROGRESS_PK,SYS,WRH$_RECOVERY_PROGRESS,4,TYPE,ASC
SYS,WRH$_RECOVERY_PROGRESS_PK,SYS,WRH$_RECOVERY_PROGRESS,5,ITEM,ASC
SYS,WRH$_RECOVERY_PROGRESS_PK,SYS,WRH$_RECOVERY_PROGRESS,6,START_TIME,ASC
SYS,WRH$_RECOVERY_PROGRESS_PK,SYS,WRH$_RECOVERY_PROGRESS,7,CON_DBID,ASC
SYS,WRH$_REPLICATION_TBL_STATS_BL_PK,SYS,WRH$_REPLICATION_TBL_STATS_BL,1,DBID,ASC
SYS,WRH$_REPLICATION_TBL_STATS_BL_PK,SYS,WRH$_REPLICATION_TBL_STATS_BL,2,SNAP_ID,ASC
SYS,WRH$_REPLICATION_TBL_STATS_BL_PK,SYS,WRH$_REPLICATION_TBL_STATS_BL,3,INSTANCE_NUMBER,ASC
SYS,WRH$_REPLICATION_TBL_STATS_BL_PK,SYS,WRH$_REPLICATION_TBL_STATS_BL,4,APPLY_NAME,ASC
SYS,WRH$_REPLICATION_TBL_STATS_BL_PK,SYS,WRH$_REPLICATION_TBL_STATS_BL,5,TABLE_NAME,ASC
SYS,WRH$_REPLICATION_TBL_STATS_BL_PK,SYS,WRH$_REPLICATION_TBL_STATS_BL,6,TABLE_OWNER,ASC
SYS,WRH$_REPLICATION_TBL_STATS_BL_PK,SYS,WRH$_REPLICATION_TBL_STATS_BL,7,SESSION_MODULE,ASC
SYS,WRH$_REPLICATION_TBL_STATS_BL_PK,SYS,WRH$_REPLICATION_TBL_STATS_BL,8,CON_DBID,ASC
SYS,WRH$_REPLICATION_TBL_STATS_PK,SYS,WRH$_REPLICATION_TBL_STATS,1,DBID,ASC
SYS,WRH$_REPLICATION_TBL_STATS_PK,SYS,WRH$_REPLICATION_TBL_STATS,2,SNAP_ID,ASC
SYS,WRH$_REPLICATION_TBL_STATS_PK,SYS,WRH$_REPLICATION_TBL_STATS,3,INSTANCE_NUMBER,ASC
SYS,WRH$_REPLICATION_TBL_STATS_PK,SYS,WRH$_REPLICATION_TBL_STATS,4,APPLY_NAME,ASC
SYS,WRH$_REPLICATION_TBL_STATS_PK,SYS,WRH$_REPLICATION_TBL_STATS,5,TABLE_NAME,ASC
SYS,WRH$_REPLICATION_TBL_STATS_PK,SYS,WRH$_REPLICATION_TBL_STATS,6,TABLE_OWNER,ASC
SYS,WRH$_REPLICATION_TBL_STATS_PK,SYS,WRH$_REPLICATION_TBL_STATS,7,SESSION_MODULE,ASC
SYS,WRH$_REPLICATION_TBL_STATS_PK,SYS,WRH$_REPLICATION_TBL_STATS,8,CON_DBID,ASC
SYS,WRH$_REPLICATION_TXN_STATS_BL_PK,SYS,WRH$_REPLICATION_TXN_STATS_BL,1,DBID,ASC
SYS,WRH$_REPLICATION_TXN_STATS_BL_PK,SYS,WRH$_REPLICATION_TXN_STATS_BL,2,SNAP_ID,ASC
SYS,WRH$_REPLICATION_TXN_STATS_BL_PK,SYS,WRH$_REPLICATION_TXN_STATS_BL,3,INSTANCE_NUMBER,ASC
SYS,WRH$_REPLICATION_TXN_STATS_BL_PK,SYS,WRH$_REPLICATION_TXN_STATS_BL,4,OBJECT_NAME,ASC
SYS,WRH$_REPLICATION_TXN_STATS_BL_PK,SYS,WRH$_REPLICATION_TXN_STATS_BL,5,SESSION_TYPE,ASC
SYS,WRH$_REPLICATION_TXN_STATS_BL_PK,SYS,WRH$_REPLICATION_TXN_STATS_BL,6,SESSION_MODULE,ASC
SYS,WRH$_REPLICATION_TXN_STATS_BL_PK,SYS,WRH$_REPLICATION_TXN_STATS_BL,7,SOURCE_TXN_ID,ASC
SYS,WRH$_REPLICATION_TXN_STATS_BL_PK,SYS,WRH$_REPLICATION_TXN_STATS_BL,8,CON_DBID,ASC
SYS,WRH$_REPLICATION_TXN_STATS_PK,SYS,WRH$_REPLICATION_TXN_STATS,1,DBID,ASC
SYS,WRH$_REPLICATION_TXN_STATS_PK,SYS,WRH$_REPLICATION_TXN_STATS,2,SNAP_ID,ASC
SYS,WRH$_REPLICATION_TXN_STATS_PK,SYS,WRH$_REPLICATION_TXN_STATS,3,INSTANCE_NUMBER,ASC
SYS,WRH$_REPLICATION_TXN_STATS_PK,SYS,WRH$_REPLICATION_TXN_STATS,4,OBJECT_NAME,ASC
SYS,WRH$_REPLICATION_TXN_STATS_PK,SYS,WRH$_REPLICATION_TXN_STATS,5,SESSION_TYPE,ASC
SYS,WRH$_REPLICATION_TXN_STATS_PK,SYS,WRH$_REPLICATION_TXN_STATS,6,SESSION_MODULE,ASC
SYS,WRH$_REPLICATION_TXN_STATS_PK,SYS,WRH$_REPLICATION_TXN_STATS,7,SOURCE_TXN_ID,ASC
SYS,WRH$_REPLICATION_TXN_STATS_PK,SYS,WRH$_REPLICATION_TXN_STATS,8,CON_DBID,ASC
SYS,WRH$_RESOURCE_LIMIT_BL_PK,SYS,WRH$_RESOURCE_LIMIT_BL,1,DBID,ASC
SYS,WRH$_RESOURCE_LIMIT_BL_PK,SYS,WRH$_RESOURCE_LIMIT_BL,2,SNAP_ID,ASC
SYS,WRH$_RESOURCE_LIMIT_BL_PK,SYS,WRH$_RESOURCE_LIMIT_BL,3,INSTANCE_NUMBER,ASC
SYS,WRH$_RESOURCE_LIMIT_BL_PK,SYS,WRH$_RESOURCE_LIMIT_BL,4,RESOURCE_NAME,ASC
SYS,WRH$_RESOURCE_LIMIT_BL_PK,SYS,WRH$_RESOURCE_LIMIT_BL,5,CON_DBID,ASC
SYS,WRH$_RESOURCE_LIMIT_PK,SYS,WRH$_RESOURCE_LIMIT,1,DBID,ASC
SYS,WRH$_RESOURCE_LIMIT_PK,SYS,WRH$_RESOURCE_LIMIT,2,SNAP_ID,ASC
SYS,WRH$_RESOURCE_LIMIT_PK,SYS,WRH$_RESOURCE_LIMIT,3,INSTANCE_NUMBER,ASC
SYS,WRH$_RESOURCE_LIMIT_PK,SYS,WRH$_RESOURCE_LIMIT,4,RESOURCE_NAME,ASC
SYS,WRH$_RESOURCE_LIMIT_PK,SYS,WRH$_RESOURCE_LIMIT,5,CON_DBID,ASC
SYS,WRH$_ROWCACHE_SUMMARY_BL_PK,SYS,WRH$_ROWCACHE_SUMMARY_BL,1,DBID,ASC
SYS,WRH$_ROWCACHE_SUMMARY_BL_PK,SYS,WRH$_ROWCACHE_SUMMARY_BL,2,SNAP_ID,ASC
SYS,WRH$_ROWCACHE_SUMMARY_BL_PK,SYS,WRH$_ROWCACHE_SUMMARY_BL,3,INSTANCE_NUMBER,ASC
SYS,WRH$_ROWCACHE_SUMMARY_BL_PK,SYS,WRH$_ROWCACHE_SUMMARY_BL,4,PARAMETER,ASC
SYS,WRH$_ROWCACHE_SUMMARY_BL_PK,SYS,WRH$_ROWCACHE_SUMMARY_BL,5,CON_DBID,ASC
SYS,WRH$_ROWCACHE_SUMMARY_PK,SYS,WRH$_ROWCACHE_SUMMARY,1,DBID,ASC
SYS,WRH$_ROWCACHE_SUMMARY_PK,SYS,WRH$_ROWCACHE_SUMMARY,2,SNAP_ID,ASC
SYS,WRH$_ROWCACHE_SUMMARY_PK,SYS,WRH$_ROWCACHE_SUMMARY,3,INSTANCE_NUMBER,ASC
SYS,WRH$_ROWCACHE_SUMMARY_PK,SYS,WRH$_ROWCACHE_SUMMARY,4,PARAMETER,ASC
SYS,WRH$_ROWCACHE_SUMMARY_PK,SYS,WRH$_ROWCACHE_SUMMARY,5,CON_DBID,ASC
SYS,WRH$_RSRC_CONSUMER_GROUP_BL_PK,SYS,WRH$_RSRC_CONSUMER_GROUP_BL,1,DBID,ASC
SYS,WRH$_RSRC_CONSUMER_GROUP_BL_PK,SYS,WRH$_RSRC_CONSUMER_GROUP_BL,2,SNAP_ID,ASC
SYS,WRH$_RSRC_CONSUMER_GROUP_BL_PK,SYS,WRH$_RSRC_CONSUMER_GROUP_BL,3,INSTANCE_NUMBER,ASC
SYS,WRH$_RSRC_CONSUMER_GROUP_BL_PK,SYS,WRH$_RSRC_CONSUMER_GROUP_BL,4,SEQUENCE#,ASC
SYS,WRH$_RSRC_CONSUMER_GROUP_BL_PK,SYS,WRH$_RSRC_CONSUMER_GROUP_BL,5,CONSUMER_GROUP_ID,ASC
SYS,WRH$_RSRC_CONSUMER_GROUP_BL_PK,SYS,WRH$_RSRC_CONSUMER_GROUP_BL,6,CON_DBID,ASC
SYS,WRH$_RSRC_CONSUMER_GROUP_PK,SYS,WRH$_RSRC_CONSUMER_GROUP,1,DBID,ASC
SYS,WRH$_RSRC_CONSUMER_GROUP_PK,SYS,WRH$_RSRC_CONSUMER_GROUP,2,SNAP_ID,ASC
SYS,WRH$_RSRC_CONSUMER_GROUP_PK,SYS,WRH$_RSRC_CONSUMER_GROUP,3,INSTANCE_NUMBER,ASC
SYS,WRH$_RSRC_CONSUMER_GROUP_PK,SYS,WRH$_RSRC_CONSUMER_GROUP,4,SEQUENCE#,ASC
SYS,WRH$_RSRC_CONSUMER_GROUP_PK,SYS,WRH$_RSRC_CONSUMER_GROUP,5,CONSUMER_GROUP_ID,ASC
SYS,WRH$_RSRC_CONSUMER_GROUP_PK,SYS,WRH$_RSRC_CONSUMER_GROUP,6,CON_DBID,ASC
SYS,WRH$_RSRC_METRIC_BL_PK,SYS,WRH$_RSRC_METRIC_BL,1,DBID,ASC
SYS,WRH$_RSRC_METRIC_BL_PK,SYS,WRH$_RSRC_METRIC_BL,2,SNAP_ID,ASC
SYS,WRH$_RSRC_METRIC_BL_PK,SYS,WRH$_RSRC_METRIC_BL,3,INSTANCE_NUMBER,ASC
SYS,WRH$_RSRC_METRIC_BL_PK,SYS,WRH$_RSRC_METRIC_BL,4,BEGIN_TIME,ASC
SYS,WRH$_RSRC_METRIC_BL_PK,SYS,WRH$_RSRC_METRIC_BL,5,CONSUMER_GROUP_ID,ASC
SYS,WRH$_RSRC_METRIC_BL_PK,SYS,WRH$_RSRC_METRIC_BL,6,SEQUENCE#,ASC
SYS,WRH$_RSRC_METRIC_BL_PK,SYS,WRH$_RSRC_METRIC_BL,7,CON_DBID,ASC
SYS,WRH$_RSRC_METRIC_PK,SYS,WRH$_RSRC_METRIC,1,DBID,ASC
SYS,WRH$_RSRC_METRIC_PK,SYS,WRH$_RSRC_METRIC,2,SNAP_ID,ASC
SYS,WRH$_RSRC_METRIC_PK,SYS,WRH$_RSRC_METRIC,3,INSTANCE_NUMBER,ASC
SYS,WRH$_RSRC_METRIC_PK,SYS,WRH$_RSRC_METRIC,4,BEGIN_TIME,ASC
SYS,WRH$_RSRC_METRIC_PK,SYS,WRH$_RSRC_METRIC,5,CONSUMER_GROUP_ID,ASC
SYS,WRH$_RSRC_METRIC_PK,SYS,WRH$_RSRC_METRIC,6,SEQUENCE#,ASC
SYS,WRH$_RSRC_METRIC_PK,SYS,WRH$_RSRC_METRIC,7,CON_DBID,ASC
SYS,WRH$_RSRC_PDB_METRIC_BL_PK,SYS,WRH$_RSRC_PDB_METRIC_BL,1,DBID,ASC
SYS,WRH$_RSRC_PDB_METRIC_BL_PK,SYS,WRH$_RSRC_PDB_METRIC_BL,2,SNAP_ID,ASC
SYS,WRH$_RSRC_PDB_METRIC_BL_PK,SYS,WRH$_RSRC_PDB_METRIC_BL,3,INSTANCE_NUMBER,ASC
SYS,WRH$_RSRC_PDB_METRIC_BL_PK,SYS,WRH$_RSRC_PDB_METRIC_BL,4,BEGIN_TIME,ASC
SYS,WRH$_RSRC_PDB_METRIC_BL_PK,SYS,WRH$_RSRC_PDB_METRIC_BL,5,SEQUENCE#,ASC
SYS,WRH$_RSRC_PDB_METRIC_BL_PK,SYS,WRH$_RSRC_PDB_METRIC_BL,6,CON_DBID,ASC
SYS,WRH$_RSRC_PDB_METRIC_PK,SYS,WRH$_RSRC_PDB_METRIC,1,DBID,ASC
SYS,WRH$_RSRC_PDB_METRIC_PK,SYS,WRH$_RSRC_PDB_METRIC,2,SNAP_ID,ASC
SYS,WRH$_RSRC_PDB_METRIC_PK,SYS,WRH$_RSRC_PDB_METRIC,3,INSTANCE_NUMBER,ASC
SYS,WRH$_RSRC_PDB_METRIC_PK,SYS,WRH$_RSRC_PDB_METRIC,4,BEGIN_TIME,ASC
SYS,WRH$_RSRC_PDB_METRIC_PK,SYS,WRH$_RSRC_PDB_METRIC,5,SEQUENCE#,ASC
SYS,WRH$_RSRC_PDB_METRIC_PK,SYS,WRH$_RSRC_PDB_METRIC,6,CON_DBID,ASC
SYS,WRH$_RSRC_PLAN_BL_PK,SYS,WRH$_RSRC_PLAN_BL,1,DBID,ASC
SYS,WRH$_RSRC_PLAN_BL_PK,SYS,WRH$_RSRC_PLAN_BL,2,SNAP_ID,ASC
SYS,WRH$_RSRC_PLAN_BL_PK,SYS,WRH$_RSRC_PLAN_BL,3,INSTANCE_NUMBER,ASC
SYS,WRH$_RSRC_PLAN_BL_PK,SYS,WRH$_RSRC_PLAN_BL,4,SEQUENCE#,ASC
SYS,WRH$_RSRC_PLAN_BL_PK,SYS,WRH$_RSRC_PLAN_BL,5,CON_DBID,ASC
SYS,WRH$_RSRC_PLAN_PK,SYS,WRH$_RSRC_PLAN,1,DBID,ASC
SYS,WRH$_RSRC_PLAN_PK,SYS,WRH$_RSRC_PLAN,2,SNAP_ID,ASC
SYS,WRH$_RSRC_PLAN_PK,SYS,WRH$_RSRC_PLAN,3,INSTANCE_NUMBER,ASC
SYS,WRH$_RSRC_PLAN_PK,SYS,WRH$_RSRC_PLAN,4,SEQUENCE#,ASC
SYS,WRH$_RSRC_PLAN_PK,SYS,WRH$_RSRC_PLAN,5,CON_DBID,ASC
SYS,WRH$_RULE_SET_BL_PK,SYS,WRH$_RULE_SET_BL,1,DBID,ASC
SYS,WRH$_RULE_SET_BL_PK,SYS,WRH$_RULE_SET_BL,2,SNAP_ID,ASC
SYS,WRH$_RULE_SET_BL_PK,SYS,WRH$_RULE_SET_BL,3,INSTANCE_NUMBER,ASC
SYS,WRH$_RULE_SET_BL_PK,SYS,WRH$_RULE_SET_BL,4,OWNER,ASC
SYS,WRH$_RULE_SET_BL_PK,SYS,WRH$_RULE_SET_BL,5,NAME,ASC
SYS,WRH$_RULE_SET_BL_PK,SYS,WRH$_RULE_SET_BL,6,CON_DBID,ASC
SYS,WRH$_RULE_SET_PK,SYS,WRH$_RULE_SET,1,DBID,ASC
SYS,WRH$_RULE_SET_PK,SYS,WRH$_RULE_SET,2,SNAP_ID,ASC
SYS,WRH$_RULE_SET_PK,SYS,WRH$_RULE_SET,3,INSTANCE_NUMBER,ASC
SYS,WRH$_RULE_SET_PK,SYS,WRH$_RULE_SET,4,OWNER,ASC
SYS,WRH$_RULE_SET_PK,SYS,WRH$_RULE_SET,5,NAME,ASC
SYS,WRH$_RULE_SET_PK,SYS,WRH$_RULE_SET,6,CON_DBID,ASC
SYS,WRH$_SEG_STAT_BL_PK,SYS,WRH$_SEG_STAT_BL,1,DBID,ASC
SYS,WRH$_SEG_STAT_BL_PK,SYS,WRH$_SEG_STAT_BL,2,SNAP_ID,ASC
SYS,WRH$_SEG_STAT_BL_PK,SYS,WRH$_SEG_STAT_BL,3,INSTANCE_NUMBER,ASC
SYS,WRH$_SEG_STAT_BL_PK,SYS,WRH$_SEG_STAT_BL,4,TS#,ASC
SYS,WRH$_SEG_STAT_BL_PK,SYS,WRH$_SEG_STAT_BL,5,OBJ#,ASC
SYS,WRH$_SEG_STAT_BL_PK,SYS,WRH$_SEG_STAT_BL,6,DATAOBJ#,ASC
SYS,WRH$_SEG_STAT_BL_PK,SYS,WRH$_SEG_STAT_BL,7,CON_DBID,ASC
SYS,WRH$_SEG_STAT_OBJ_BL_INDEX,SYS,WRH$_SEG_STAT_OBJ_BL,1,DBID,ASC
SYS,WRH$_SEG_STAT_OBJ_BL_INDEX,SYS,WRH$_SEG_STAT_OBJ_BL,2,SNAP_ID,ASC
SYS,WRH$_SEG_STAT_OBJ_BL_INDEX,SYS,WRH$_SEG_STAT_OBJ_BL,3,CON_DBID,ASC
SYS,WRH$_SEG_STAT_OBJ_BL_PK,SYS,WRH$_SEG_STAT_OBJ_BL,1,DBID,ASC
SYS,WRH$_SEG_STAT_OBJ_BL_PK,SYS,WRH$_SEG_STAT_OBJ_BL,2,TS#,ASC
SYS,WRH$_SEG_STAT_OBJ_BL_PK,SYS,WRH$_SEG_STAT_OBJ_BL,3,OBJ#,ASC
SYS,WRH$_SEG_STAT_OBJ_BL_PK,SYS,WRH$_SEG_STAT_OBJ_BL,4,DATAOBJ#,ASC
SYS,WRH$_SEG_STAT_OBJ_BL_PK,SYS,WRH$_SEG_STAT_OBJ_BL,5,CON_DBID,ASC
SYS,WRH$_SEG_STAT_OBJ_BL_PK,SYS,WRH$_SEG_STAT_OBJ_BL,6,SNAP_ID,ASC
SYS,WRH$_SEG_STAT_OBJ_INDEX,SYS,WRH$_SEG_STAT_OBJ,1,DBID,ASC
SYS,WRH$_SEG_STAT_OBJ_INDEX,SYS,WRH$_SEG_STAT_OBJ,2,SNAP_ID,ASC
SYS,WRH$_SEG_STAT_OBJ_INDEX,SYS,WRH$_SEG_STAT_OBJ,3,CON_DBID,ASC
SYS,WRH$_SEG_STAT_OBJ_PK,SYS,WRH$_SEG_STAT_OBJ,1,DBID,ASC
SYS,WRH$_SEG_STAT_OBJ_PK,SYS,WRH$_SEG_STAT_OBJ,2,TS#,ASC
SYS,WRH$_SEG_STAT_OBJ_PK,SYS,WRH$_SEG_STAT_OBJ,3,OBJ#,ASC
SYS,WRH$_SEG_STAT_OBJ_PK,SYS,WRH$_SEG_STAT_OBJ,4,DATAOBJ#,ASC
SYS,WRH$_SEG_STAT_OBJ_PK,SYS,WRH$_SEG_STAT_OBJ,5,CON_DBID,ASC
SYS,WRH$_SEG_STAT_OBJ_PK,SYS,WRH$_SEG_STAT_OBJ,6,SNAP_ID,ASC
SYS,WRH$_SEG_STAT_PK,SYS,WRH$_SEG_STAT,1,DBID,ASC
SYS,WRH$_SEG_STAT_PK,SYS,WRH$_SEG_STAT,2,SNAP_ID,ASC
SYS,WRH$_SEG_STAT_PK,SYS,WRH$_SEG_STAT,3,INSTANCE_NUMBER,ASC
SYS,WRH$_SEG_STAT_PK,SYS,WRH$_SEG_STAT,4,TS#,ASC
SYS,WRH$_SEG_STAT_PK,SYS,WRH$_SEG_STAT,5,OBJ#,ASC
SYS,WRH$_SEG_STAT_PK,SYS,WRH$_SEG_STAT,6,DATAOBJ#,ASC
SYS,WRH$_SEG_STAT_PK,SYS,WRH$_SEG_STAT,7,CON_DBID,ASC
SYS,WRH$_SERVICE_NAME_BL_PK,SYS,WRH$_SERVICE_NAME_BL,1,DBID,ASC
SYS,WRH$_SERVICE_NAME_BL_PK,SYS,WRH$_SERVICE_NAME_BL,2,SERVICE_NAME_HASH,ASC
SYS,WRH$_SERVICE_NAME_BL_PK,SYS,WRH$_SERVICE_NAME_BL,3,CON_DBID,ASC
SYS,WRH$_SERVICE_NAME_BL_PK,SYS,WRH$_SERVICE_NAME_BL,4,SNAP_ID,ASC
SYS,WRH$_SERVICE_NAME_PK,SYS,WRH$_SERVICE_NAME,1,DBID,ASC
SYS,WRH$_SERVICE_NAME_PK,SYS,WRH$_SERVICE_NAME,2,SERVICE_NAME_HASH,ASC
SYS,WRH$_SERVICE_NAME_PK,SYS,WRH$_SERVICE_NAME,3,CON_DBID,ASC
SYS,WRH$_SERVICE_NAME_PK,SYS,WRH$_SERVICE_NAME,4,SNAP_ID,ASC
SYS,WRH$_SERVICE_STAT_BL_PK,SYS,WRH$_SERVICE_STAT_BL,1,DBID,ASC
SYS,WRH$_SERVICE_STAT_BL_PK,SYS,WRH$_SERVICE_STAT_BL,2,SNAP_ID,ASC
SYS,WRH$_SERVICE_STAT_BL_PK,SYS,WRH$_SERVICE_STAT_BL,3,INSTANCE_NUMBER,ASC
SYS,WRH$_SERVICE_STAT_BL_PK,SYS,WRH$_SERVICE_STAT_BL,4,SERVICE_NAME_HASH,ASC
SYS,WRH$_SERVICE_STAT_BL_PK,SYS,WRH$_SERVICE_STAT_BL,5,STAT_ID,ASC
SYS,WRH$_SERVICE_STAT_BL_PK,SYS,WRH$_SERVICE_STAT_BL,6,CON_DBID,ASC
SYS,WRH$_SERVICE_STAT_PK,SYS,WRH$_SERVICE_STAT,1,DBID,ASC
SYS,WRH$_SERVICE_STAT_PK,SYS,WRH$_SERVICE_STAT,2,SNAP_ID,ASC
SYS,WRH$_SERVICE_STAT_PK,SYS,WRH$_SERVICE_STAT,3,INSTANCE_NUMBER,ASC
SYS,WRH$_SERVICE_STAT_PK,SYS,WRH$_SERVICE_STAT,4,SERVICE_NAME_HASH,ASC
SYS,WRH$_SERVICE_STAT_PK,SYS,WRH$_SERVICE_STAT,5,STAT_ID,ASC
SYS,WRH$_SERVICE_STAT_PK,SYS,WRH$_SERVICE_STAT,6,CON_DBID,ASC
SYS,WRH$_SERVICE_WAIT_CLASS_BL_PK,SYS,WRH$_SERVICE_WAIT_CLASS_BL,1,DBID,ASC
SYS,WRH$_SERVICE_WAIT_CLASS_BL_PK,SYS,WRH$_SERVICE_WAIT_CLASS_BL,2,SNAP_ID,ASC
SYS,WRH$_SERVICE_WAIT_CLASS_BL_PK,SYS,WRH$_SERVICE_WAIT_CLASS_BL,3,INSTANCE_NUMBER,ASC
SYS,WRH$_SERVICE_WAIT_CLASS_BL_PK,SYS,WRH$_SERVICE_WAIT_CLASS_BL,4,SERVICE_NAME_HASH,ASC
SYS,WRH$_SERVICE_WAIT_CLASS_BL_PK,SYS,WRH$_SERVICE_WAIT_CLASS_BL,5,WAIT_CLASS_ID,ASC
SYS,WRH$_SERVICE_WAIT_CLASS_BL_PK,SYS,WRH$_SERVICE_WAIT_CLASS_BL,6,CON_DBID,ASC
SYS,WRH$_SERVICE_WAIT_CLASS_PK,SYS,WRH$_SERVICE_WAIT_CLASS,1,DBID,ASC
SYS,WRH$_SERVICE_WAIT_CLASS_PK,SYS,WRH$_SERVICE_WAIT_CLASS,2,SNAP_ID,ASC
SYS,WRH$_SERVICE_WAIT_CLASS_PK,SYS,WRH$_SERVICE_WAIT_CLASS,3,INSTANCE_NUMBER,ASC
SYS,WRH$_SERVICE_WAIT_CLASS_PK,SYS,WRH$_SERVICE_WAIT_CLASS,4,SERVICE_NAME_HASH,ASC
SYS,WRH$_SERVICE_WAIT_CLASS_PK,SYS,WRH$_SERVICE_WAIT_CLASS,5,WAIT_CLASS_ID,ASC
SYS,WRH$_SERVICE_WAIT_CLASS_PK,SYS,WRH$_SERVICE_WAIT_CLASS,6,CON_DBID,ASC
SYS,WRH$_SESSMETRIC_HISTORY_BL_INDEX,SYS,WRH$_SESSMETRIC_HISTORY_BL,1,DBID,ASC
SYS,WRH$_SESSMETRIC_HISTORY_BL_INDEX,SYS,WRH$_SESSMETRIC_HISTORY_BL,2,SNAP_ID,ASC
SYS,WRH$_SESSMETRIC_HISTORY_BL_INDEX,SYS,WRH$_SESSMETRIC_HISTORY_BL,3,INSTANCE_NUMBER,ASC
SYS,WRH$_SESSMETRIC_HISTORY_BL_INDEX,SYS,WRH$_SESSMETRIC_HISTORY_BL,4,GROUP_ID,ASC
SYS,WRH$_SESSMETRIC_HISTORY_BL_INDEX,SYS,WRH$_SESSMETRIC_HISTORY_BL,5,SESSID,ASC
SYS,WRH$_SESSMETRIC_HISTORY_BL_INDEX,SYS,WRH$_SESSMETRIC_HISTORY_BL,6,METRIC_ID,ASC
SYS,WRH$_SESSMETRIC_HISTORY_BL_INDEX,SYS,WRH$_SESSMETRIC_HISTORY_BL,7,BEGIN_TIME,ASC
SYS,WRH$_SESSMETRIC_HISTORY_BL_INDEX,SYS,WRH$_SESSMETRIC_HISTORY_BL,8,CON_DBID,ASC
SYS,WRH$_SESSMETRIC_HISTORY_INDEX,SYS,WRH$_SESSMETRIC_HISTORY,1,DBID,ASC
SYS,WRH$_SESSMETRIC_HISTORY_INDEX,SYS,WRH$_SESSMETRIC_HISTORY,2,SNAP_ID,ASC
SYS,WRH$_SESSMETRIC_HISTORY_INDEX,SYS,WRH$_SESSMETRIC_HISTORY,3,INSTANCE_NUMBER,ASC
SYS,WRH$_SESSMETRIC_HISTORY_INDEX,SYS,WRH$_SESSMETRIC_HISTORY,4,GROUP_ID,ASC
SYS,WRH$_SESSMETRIC_HISTORY_INDEX,SYS,WRH$_SESSMETRIC_HISTORY,5,SESSID,ASC
SYS,WRH$_SESSMETRIC_HISTORY_INDEX,SYS,WRH$_SESSMETRIC_HISTORY,6,METRIC_ID,ASC
SYS,WRH$_SESSMETRIC_HISTORY_INDEX,SYS,WRH$_SESSMETRIC_HISTORY,7,BEGIN_TIME,ASC
SYS,WRH$_SESSMETRIC_HISTORY_INDEX,SYS,WRH$_SESSMETRIC_HISTORY,8,CON_DBID,ASC
SYS,WRH$_SESS_NETWORK_BL_PK,SYS,WRH$_SESS_NETWORK_BL,1,DBID,ASC
SYS,WRH$_SESS_NETWORK_BL_PK,SYS,WRH$_SESS_NETWORK_BL,2,SNAP_ID,ASC
SYS,WRH$_SESS_NETWORK_BL_PK,SYS,WRH$_SESS_NETWORK_BL,3,INSTANCE_NUMBER,ASC
SYS,WRH$_SESS_NETWORK_BL_PK,SYS,WRH$_SESS_NETWORK_BL,4,CON_DBID,ASC
SYS,WRH$_SESS_NETWORK_BL_PK,SYS,WRH$_SESS_NETWORK_BL,5,SESSION_ID,ASC
SYS,WRH$_SESS_NETWORK_BL_PK,SYS,WRH$_SESS_NETWORK_BL,6,SERIAL#,ASC
SYS,WRH$_SESS_NETWORK_BL_PK,SYS,WRH$_SESS_NETWORK_BL,7,CHANNEL_ID,ASC
SYS,WRH$_SESS_NETWORK_PK,SYS,WRH$_SESS_NETWORK,1,DBID,ASC
SYS,WRH$_SESS_NETWORK_PK,SYS,WRH$_SESS_NETWORK,2,SNAP_ID,ASC
SYS,WRH$_SESS_NETWORK_PK,SYS,WRH$_SESS_NETWORK,3,INSTANCE_NUMBER,ASC
SYS,WRH$_SESS_NETWORK_PK,SYS,WRH$_SESS_NETWORK,4,CON_DBID,ASC
SYS,WRH$_SESS_NETWORK_PK,SYS,WRH$_SESS_NETWORK,5,SESSION_ID,ASC
SYS,WRH$_SESS_NETWORK_PK,SYS,WRH$_SESS_NETWORK,6,SERIAL#,ASC
SYS,WRH$_SESS_NETWORK_PK,SYS,WRH$_SESS_NETWORK,7,CHANNEL_ID,ASC
SYS,WRH$_SESS_SGA_STATS_BL_PK,SYS,WRH$_SESS_SGA_STATS_BL,1,DBID,ASC
SYS,WRH$_SESS_SGA_STATS_BL_PK,SYS,WRH$_SESS_SGA_STATS_BL,2,SNAP_ID,ASC
SYS,WRH$_SESS_SGA_STATS_BL_PK,SYS,WRH$_SESS_SGA_STATS_BL,3,INSTANCE_NUMBER,ASC
SYS,WRH$_SESS_SGA_STATS_BL_PK,SYS,WRH$_SESS_SGA_STATS_BL,4,OBJECT_NAME,ASC
SYS,WRH$_SESS_SGA_STATS_BL_PK,SYS,WRH$_SESS_SGA_STATS_BL,5,SESSION_TYPE,ASC
SYS,WRH$_SESS_SGA_STATS_BL_PK,SYS,WRH$_SESS_SGA_STATS_BL,6,SESSION_MODULE,ASC
SYS,WRH$_SESS_SGA_STATS_BL_PK,SYS,WRH$_SESS_SGA_STATS_BL,7,CON_DBID,ASC
SYS,WRH$_SESS_SGA_STATS_PK,SYS,WRH$_SESS_SGA_STATS,1,DBID,ASC
SYS,WRH$_SESS_SGA_STATS_PK,SYS,WRH$_SESS_SGA_STATS,2,SNAP_ID,ASC
SYS,WRH$_SESS_SGA_STATS_PK,SYS,WRH$_SESS_SGA_STATS,3,INSTANCE_NUMBER,ASC
SYS,WRH$_SESS_SGA_STATS_PK,SYS,WRH$_SESS_SGA_STATS,4,OBJECT_NAME,ASC
SYS,WRH$_SESS_SGA_STATS_PK,SYS,WRH$_SESS_SGA_STATS,5,SESSION_TYPE,ASC
SYS,WRH$_SESS_SGA_STATS_PK,SYS,WRH$_SESS_SGA_STATS,6,SESSION_MODULE,ASC
SYS,WRH$_SESS_SGA_STATS_PK,SYS,WRH$_SESS_SGA_STATS,7,CON_DBID,ASC
SYS,WRH$_SESS_TIME_STATS_BL_PK,SYS,WRH$_SESS_TIME_STATS_BL,1,DBID,ASC
SYS,WRH$_SESS_TIME_STATS_BL_PK,SYS,WRH$_SESS_TIME_STATS_BL,2,SNAP_ID,ASC
SYS,WRH$_SESS_TIME_STATS_BL_PK,SYS,WRH$_SESS_TIME_STATS_BL,3,INSTANCE_NUMBER,ASC
SYS,WRH$_SESS_TIME_STATS_BL_PK,SYS,WRH$_SESS_TIME_STATS_BL,4,SESSION_TYPE,ASC
SYS,WRH$_SESS_TIME_STATS_BL_PK,SYS,WRH$_SESS_TIME_STATS_BL,5,SESSION_MODULE,ASC
SYS,WRH$_SESS_TIME_STATS_BL_PK,SYS,WRH$_SESS_TIME_STATS_BL,6,CON_DBID,ASC
SYS,WRH$_SESS_TIME_STATS_PK,SYS,WRH$_SESS_TIME_STATS,1,DBID,ASC
SYS,WRH$_SESS_TIME_STATS_PK,SYS,WRH$_SESS_TIME_STATS,2,SNAP_ID,ASC
SYS,WRH$_SESS_TIME_STATS_PK,SYS,WRH$_SESS_TIME_STATS,3,INSTANCE_NUMBER,ASC
SYS,WRH$_SESS_TIME_STATS_PK,SYS,WRH$_SESS_TIME_STATS,4,SESSION_TYPE,ASC
SYS,WRH$_SESS_TIME_STATS_PK,SYS,WRH$_SESS_TIME_STATS,5,SESSION_MODULE,ASC
SYS,WRH$_SESS_TIME_STATS_PK,SYS,WRH$_SESS_TIME_STATS,6,CON_DBID,ASC
SYS,WRH$_SGA_BL_PK,SYS,WRH$_SGA_BL,1,DBID,ASC
SYS,WRH$_SGA_BL_PK,SYS,WRH$_SGA_BL,2,SNAP_ID,ASC
SYS,WRH$_SGA_BL_PK,SYS,WRH$_SGA_BL,3,INSTANCE_NUMBER,ASC
SYS,WRH$_SGA_BL_PK,SYS,WRH$_SGA_BL,4,NAME,ASC
SYS,WRH$_SGA_BL_PK,SYS,WRH$_SGA_BL,5,CON_DBID,ASC
SYS,WRH$_SGA_PK,SYS,WRH$_SGA,1,DBID,ASC
SYS,WRH$_SGA_PK,SYS,WRH$_SGA,2,SNAP_ID,ASC
SYS,WRH$_SGA_PK,SYS,WRH$_SGA,3,INSTANCE_NUMBER,ASC
SYS,WRH$_SGA_PK,SYS,WRH$_SGA,4,NAME,ASC
SYS,WRH$_SGA_PK,SYS,WRH$_SGA,5,CON_DBID,ASC
SYS,WRH$_SGASTAT_BL_U,SYS,WRH$_SGASTAT_BL,1,DBID,ASC
SYS,WRH$_SGASTAT_BL_U,SYS,WRH$_SGASTAT_BL,2,SNAP_ID,ASC
SYS,WRH$_SGASTAT_BL_U,SYS,WRH$_SGASTAT_BL,3,INSTANCE_NUMBER,ASC
SYS,WRH$_SGASTAT_BL_U,SYS,WRH$_SGASTAT_BL,4,NAME,ASC
SYS,WRH$_SGASTAT_BL_U,SYS,WRH$_SGASTAT_BL,5,POOL,ASC
SYS,WRH$_SGASTAT_BL_U,SYS,WRH$_SGASTAT_BL,6,CON_DBID,ASC
SYS,WRH$_SGASTAT_U,SYS,WRH$_SGASTAT,1,DBID,ASC
SYS,WRH$_SGASTAT_U,SYS,WRH$_SGASTAT,2,SNAP_ID,ASC
SYS,WRH$_SGASTAT_U,SYS,WRH$_SGASTAT,3,INSTANCE_NUMBER,ASC
SYS,WRH$_SGASTAT_U,SYS,WRH$_SGASTAT,4,NAME,ASC
SYS,WRH$_SGASTAT_U,SYS,WRH$_SGASTAT,5,POOL,ASC
SYS,WRH$_SGASTAT_U,SYS,WRH$_SGASTAT,6,CON_DBID,ASC
SYS,WRH$_SGASTAT_U,SYS,WRH$_SGASTAT,7,STATTYPE,ASC
SYS,WRH$_SGA_TARGET_ADVICE_BL_PK,SYS,WRH$_SGA_TARGET_ADVICE_BL,1,DBID,ASC
SYS,WRH$_SGA_TARGET_ADVICE_BL_PK,SYS,WRH$_SGA_TARGET_ADVICE_BL,2,SNAP_ID,ASC
SYS,WRH$_SGA_TARGET_ADVICE_BL_PK,SYS,WRH$_SGA_TARGET_ADVICE_BL,3,INSTANCE_NUMBER,ASC
SYS,WRH$_SGA_TARGET_ADVICE_BL_PK,SYS,WRH$_SGA_TARGET_ADVICE_BL,4,SGA_SIZE,ASC
SYS,WRH$_SGA_TARGET_ADVICE_BL_PK,SYS,WRH$_SGA_TARGET_ADVICE_BL,5,CON_DBID,ASC
SYS,WRH$_SGA_TARGET_ADVICE_PK,SYS,WRH$_SGA_TARGET_ADVICE,1,DBID,ASC
SYS,WRH$_SGA_TARGET_ADVICE_PK,SYS,WRH$_SGA_TARGET_ADVICE,2,SNAP_ID,ASC
SYS,WRH$_SGA_TARGET_ADVICE_PK,SYS,WRH$_SGA_TARGET_ADVICE,3,INSTANCE_NUMBER,ASC
SYS,WRH$_SGA_TARGET_ADVICE_PK,SYS,WRH$_SGA_TARGET_ADVICE,4,SGA_SIZE,ASC
SYS,WRH$_SGA_TARGET_ADVICE_PK,SYS,WRH$_SGA_TARGET_ADVICE,5,CON_DBID,ASC
SYS,WRH$_SHARED_POOL_ADVICE_BL_PK,SYS,WRH$_SHARED_POOL_ADVICE_BL,1,DBID,ASC
SYS,WRH$_SHARED_POOL_ADVICE_BL_PK,SYS,WRH$_SHARED_POOL_ADVICE_BL,2,SNAP_ID,ASC
SYS,WRH$_SHARED_POOL_ADVICE_BL_PK,SYS,WRH$_SHARED_POOL_ADVICE_BL,3,INSTANCE_NUMBER,ASC
SYS,WRH$_SHARED_POOL_ADVICE_BL_PK,SYS,WRH$_SHARED_POOL_ADVICE_BL,4,SHARED_POOL_SIZE_FOR_ESTIMATE,ASC
SYS,WRH$_SHARED_POOL_ADVICE_BL_PK,SYS,WRH$_SHARED_POOL_ADVICE_BL,5,CON_DBID,ASC
SYS,WRH$_SHARED_POOL_ADVICE_PK,SYS,WRH$_SHARED_POOL_ADVICE,1,DBID,ASC
SYS,WRH$_SHARED_POOL_ADVICE_PK,SYS,WRH$_SHARED_POOL_ADVICE,2,SNAP_ID,ASC
SYS,WRH$_SHARED_POOL_ADVICE_PK,SYS,WRH$_SHARED_POOL_ADVICE,3,INSTANCE_NUMBER,ASC
SYS,WRH$_SHARED_POOL_ADVICE_PK,SYS,WRH$_SHARED_POOL_ADVICE,4,SHARED_POOL_SIZE_FOR_ESTIMATE,ASC
SYS,WRH$_SHARED_POOL_ADVICE_PK,SYS,WRH$_SHARED_POOL_ADVICE,5,CON_DBID,ASC
SYS,WRH$_SHARED_SERVER_SUMMARY_BL_PK,SYS,WRH$_SHARED_SERVER_SUMMARY_BL,1,DBID,ASC
SYS,WRH$_SHARED_SERVER_SUMMARY_BL_PK,SYS,WRH$_SHARED_SERVER_SUMMARY_BL,2,SNAP_ID,ASC
SYS,WRH$_SHARED_SERVER_SUMMARY_BL_PK,SYS,WRH$_SHARED_SERVER_SUMMARY_BL,3,INSTANCE_NUMBER,ASC
SYS,WRH$_SHARED_SERVER_SUMMARY_BL_PK,SYS,WRH$_SHARED_SERVER_SUMMARY_BL,4,CON_DBID,ASC
SYS,WRH$_SHARED_SERVER_SUMMARY_PK,SYS,WRH$_SHARED_SERVER_SUMMARY,1,DBID,ASC
SYS,WRH$_SHARED_SERVER_SUMMARY_PK,SYS,WRH$_SHARED_SERVER_SUMMARY,2,SNAP_ID,ASC
SYS,WRH$_SHARED_SERVER_SUMMARY_PK,SYS,WRH$_SHARED_SERVER_SUMMARY,3,INSTANCE_NUMBER,ASC
SYS,WRH$_SHARED_SERVER_SUMMARY_PK,SYS,WRH$_SHARED_SERVER_SUMMARY,4,CON_DBID,ASC
SYS,WRH$_SQL_BIND_METADATA_BL_PK,SYS,WRH$_SQL_BIND_METADATA_BL,1,DBID,ASC
SYS,WRH$_SQL_BIND_METADATA_BL_PK,SYS,WRH$_SQL_BIND_METADATA_BL,2,SQL_ID,ASC
SYS,WRH$_SQL_BIND_METADATA_BL_PK,SYS,WRH$_SQL_BIND_METADATA_BL,3,POSITION,ASC
SYS,WRH$_SQL_BIND_METADATA_BL_PK,SYS,WRH$_SQL_BIND_METADATA_BL,4,CON_DBID,ASC
SYS,WRH$_SQL_BIND_METADATA_BL_PK,SYS,WRH$_SQL_BIND_METADATA_BL,5,SNAP_ID,ASC
SYS,WRH$_SQL_BIND_METADATA_PK,SYS,WRH$_SQL_BIND_METADATA,1,DBID,ASC
SYS,WRH$_SQL_BIND_METADATA_PK,SYS,WRH$_SQL_BIND_METADATA,2,SQL_ID,ASC
SYS,WRH$_SQL_BIND_METADATA_PK,SYS,WRH$_SQL_BIND_METADATA,3,POSITION,ASC
SYS,WRH$_SQL_BIND_METADATA_PK,SYS,WRH$_SQL_BIND_METADATA,4,CON_DBID,ASC
SYS,WRH$_SQL_BIND_METADATA_PK,SYS,WRH$_SQL_BIND_METADATA,5,SNAP_ID,ASC
SYS,WRH$_SQLCOMMAND_NAME_PK,SYS,WRH$_SQLCOMMAND_NAME,1,DBID,ASC
SYS,WRH$_SQLCOMMAND_NAME_PK,SYS,WRH$_SQLCOMMAND_NAME,2,COMMAND_TYPE,ASC
SYS,WRH$_SQLCOMMAND_NAME_PK,SYS,WRH$_SQLCOMMAND_NAME,3,CON_DBID,ASC
SYS,WRH$_SQL_PLAN_BL_PK,SYS,WRH$_SQL_PLAN_BL,1,DBID,ASC
SYS,WRH$_SQL_PLAN_BL_PK,SYS,WRH$_SQL_PLAN_BL,2,SQL_ID,ASC
SYS,WRH$_SQL_PLAN_BL_PK,SYS,WRH$_SQL_PLAN_BL,3,PLAN_HASH_VALUE,ASC
SYS,WRH$_SQL_PLAN_BL_PK,SYS,WRH$_SQL_PLAN_BL,4,ID,ASC
SYS,WRH$_SQL_PLAN_BL_PK,SYS,WRH$_SQL_PLAN_BL,5,CON_DBID,ASC
SYS,WRH$_SQL_PLAN_BL_PK,SYS,WRH$_SQL_PLAN_BL,6,SNAP_ID,ASC
SYS,WRH$_SQL_PLAN_PK,SYS,WRH$_SQL_PLAN,1,DBID,ASC
SYS,WRH$_SQL_PLAN_PK,SYS,WRH$_SQL_PLAN,2,SQL_ID,ASC
SYS,WRH$_SQL_PLAN_PK,SYS,WRH$_SQL_PLAN,3,PLAN_HASH_VALUE,ASC
SYS,WRH$_SQL_PLAN_PK,SYS,WRH$_SQL_PLAN,4,ID,ASC
SYS,WRH$_SQL_PLAN_PK,SYS,WRH$_SQL_PLAN,5,CON_DBID,ASC
SYS,WRH$_SQL_PLAN_PK,SYS,WRH$_SQL_PLAN,6,SNAP_ID,ASC
SYS,WRH$_SQLSTAT_BL_INDEX,SYS,WRH$_SQLSTAT_BL,1,SQL_ID,ASC
SYS,WRH$_SQLSTAT_BL_INDEX,SYS,WRH$_SQLSTAT_BL,2,DBID,ASC
SYS,WRH$_SQLSTAT_BL_INDEX,SYS,WRH$_SQLSTAT_BL,3,CON_DBID,ASC
SYS,WRH$_SQLSTAT_BL_PK,SYS,WRH$_SQLSTAT_BL,1,DBID,ASC
SYS,WRH$_SQLSTAT_BL_PK,SYS,WRH$_SQLSTAT_BL,2,SNAP_ID,ASC
SYS,WRH$_SQLSTAT_BL_PK,SYS,WRH$_SQLSTAT_BL,3,INSTANCE_NUMBER,ASC
SYS,WRH$_SQLSTAT_BL_PK,SYS,WRH$_SQLSTAT_BL,4,SQL_ID,ASC
SYS,WRH$_SQLSTAT_BL_PK,SYS,WRH$_SQLSTAT_BL,5,PLAN_HASH_VALUE,ASC
SYS,WRH$_SQLSTAT_BL_PK,SYS,WRH$_SQLSTAT_BL,6,CON_DBID,ASC
SYS,WRH$_SQLSTAT_INDEX,SYS,WRH$_SQLSTAT,1,SQL_ID,ASC
SYS,WRH$_SQLSTAT_INDEX,SYS,WRH$_SQLSTAT,2,DBID,ASC
SYS,WRH$_SQLSTAT_INDEX,SYS,WRH$_SQLSTAT,3,CON_DBID,ASC
SYS,WRH$_SQLSTAT_PK,SYS,WRH$_SQLSTAT,1,DBID,ASC
SYS,WRH$_SQLSTAT_PK,SYS,WRH$_SQLSTAT,2,SNAP_ID,ASC
SYS,WRH$_SQLSTAT_PK,SYS,WRH$_SQLSTAT,3,INSTANCE_NUMBER,ASC
SYS,WRH$_SQLSTAT_PK,SYS,WRH$_SQLSTAT,4,SQL_ID,ASC
SYS,WRH$_SQLSTAT_PK,SYS,WRH$_SQLSTAT,5,PLAN_HASH_VALUE,ASC
SYS,WRH$_SQLSTAT_PK,SYS,WRH$_SQLSTAT,6,CON_DBID,ASC
SYS,WRH$_SQL_SUMMARY_BL_PK,SYS,WRH$_SQL_SUMMARY_BL,1,DBID,ASC
SYS,WRH$_SQL_SUMMARY_BL_PK,SYS,WRH$_SQL_SUMMARY_BL,2,SNAP_ID,ASC
SYS,WRH$_SQL_SUMMARY_BL_PK,SYS,WRH$_SQL_SUMMARY_BL,3,INSTANCE_NUMBER,ASC
SYS,WRH$_SQL_SUMMARY_BL_PK,SYS,WRH$_SQL_SUMMARY_BL,4,CON_DBID,ASC
SYS,WRH$_SQL_SUMMARY_PK,SYS,WRH$_SQL_SUMMARY,1,DBID,ASC
SYS,WRH$_SQL_SUMMARY_PK,SYS,WRH$_SQL_SUMMARY,2,SNAP_ID,ASC
SYS,WRH$_SQL_SUMMARY_PK,SYS,WRH$_SQL_SUMMARY,3,INSTANCE_NUMBER,ASC
SYS,WRH$_SQL_SUMMARY_PK,SYS,WRH$_SQL_SUMMARY,4,CON_DBID,ASC
SYS,WRH$_SQLTEXT_BL_PK,SYS,WRH$_SQLTEXT_BL,1,DBID,ASC
SYS,WRH$_SQLTEXT_BL_PK,SYS,WRH$_SQLTEXT_BL,2,SQL_ID,ASC
SYS,WRH$_SQLTEXT_BL_PK,SYS,WRH$_SQLTEXT_BL,3,CON_DBID,ASC
SYS,WRH$_SQLTEXT_BL_PK,SYS,WRH$_SQLTEXT_BL,4,SNAP_ID,ASC
SYS,WRH$_SQLTEXT_PK,SYS,WRH$_SQLTEXT,1,DBID,ASC
SYS,WRH$_SQLTEXT_PK,SYS,WRH$_SQLTEXT,2,SQL_ID,ASC
SYS,WRH$_SQLTEXT_PK,SYS,WRH$_SQLTEXT,3,CON_DBID,ASC
SYS,WRH$_SQLTEXT_PK,SYS,WRH$_SQLTEXT,4,SNAP_ID,ASC
SYS,WRH$_SQL_WORKAREA_HIST_BL_PK,SYS,WRH$_SQL_WORKAREA_HISTOGRAM_BL,1,DBID,ASC
SYS,WRH$_SQL_WORKAREA_HIST_BL_PK,SYS,WRH$_SQL_WORKAREA_HISTOGRAM_BL,2,SNAP_ID,ASC
SYS,WRH$_SQL_WORKAREA_HIST_BL_PK,SYS,WRH$_SQL_WORKAREA_HISTOGRAM_BL,3,INSTANCE_NUMBER,ASC
SYS,WRH$_SQL_WORKAREA_HIST_BL_PK,SYS,WRH$_SQL_WORKAREA_HISTOGRAM_BL,4,LOW_OPTIMAL_SIZE,ASC
SYS,WRH$_SQL_WORKAREA_HIST_BL_PK,SYS,WRH$_SQL_WORKAREA_HISTOGRAM_BL,5,HIGH_OPTIMAL_SIZE,ASC
SYS,WRH$_SQL_WORKAREA_HIST_BL_PK,SYS,WRH$_SQL_WORKAREA_HISTOGRAM_BL,6,CON_DBID,ASC
SYS,WRH$_SQL_WORKAREA_HIST_PK,SYS,WRH$_SQL_WORKAREA_HISTOGRAM,1,DBID,ASC
SYS,WRH$_SQL_WORKAREA_HIST_PK,SYS,WRH$_SQL_WORKAREA_HISTOGRAM,2,SNAP_ID,ASC
SYS,WRH$_SQL_WORKAREA_HIST_PK,SYS,WRH$_SQL_WORKAREA_HISTOGRAM,3,INSTANCE_NUMBER,ASC
SYS,WRH$_SQL_WORKAREA_HIST_PK,SYS,WRH$_SQL_WORKAREA_HISTOGRAM,4,LOW_OPTIMAL_SIZE,ASC
SYS,WRH$_SQL_WORKAREA_HIST_PK,SYS,WRH$_SQL_WORKAREA_HISTOGRAM,5,HIGH_OPTIMAL_SIZE,ASC
SYS,WRH$_SQL_WORKAREA_HIST_PK,SYS,WRH$_SQL_WORKAREA_HISTOGRAM,6,CON_DBID,ASC
SYS,WRH$_STAT_NAME_PK,SYS,WRH$_STAT_NAME,1,DBID,ASC
SYS,WRH$_STAT_NAME_PK,SYS,WRH$_STAT_NAME,2,STAT_ID,ASC
SYS,WRH$_STAT_NAME_PK,SYS,WRH$_STAT_NAME,3,CON_DBID,ASC
SYS,WRH$_STREAMS_APPLY_SUM_BL_PK,SYS,WRH$_STREAMS_APPLY_SUM_BL,1,DBID,ASC
SYS,WRH$_STREAMS_APPLY_SUM_BL_PK,SYS,WRH$_STREAMS_APPLY_SUM_BL,2,SNAP_ID,ASC
SYS,WRH$_STREAMS_APPLY_SUM_BL_PK,SYS,WRH$_STREAMS_APPLY_SUM_BL,3,INSTANCE_NUMBER,ASC
SYS,WRH$_STREAMS_APPLY_SUM_BL_PK,SYS,WRH$_STREAMS_APPLY_SUM_BL,4,APPLY_NAME,ASC
SYS,WRH$_STREAMS_APPLY_SUM_BL_PK,SYS,WRH$_STREAMS_APPLY_SUM_BL,5,SESSION_MODULE,ASC
SYS,WRH$_STREAMS_APPLY_SUM_BL_PK,SYS,WRH$_STREAMS_APPLY_SUM_BL,6,CON_DBID,ASC
SYS,WRH$_STREAMS_APPLY_SUM_PK,SYS,WRH$_STREAMS_APPLY_SUM,1,DBID,ASC
SYS,WRH$_STREAMS_APPLY_SUM_PK,SYS,WRH$_STREAMS_APPLY_SUM,2,SNAP_ID,ASC
SYS,WRH$_STREAMS_APPLY_SUM_PK,SYS,WRH$_STREAMS_APPLY_SUM,3,INSTANCE_NUMBER,ASC
SYS,WRH$_STREAMS_APPLY_SUM_PK,SYS,WRH$_STREAMS_APPLY_SUM,4,APPLY_NAME,ASC
SYS,WRH$_STREAMS_APPLY_SUM_PK,SYS,WRH$_STREAMS_APPLY_SUM,5,SESSION_MODULE,ASC
SYS,WRH$_STREAMS_APPLY_SUM_PK,SYS,WRH$_STREAMS_APPLY_SUM,6,CON_DBID,ASC
SYS,WRH$_STREAMS_CAPTURE_BL_PK,SYS,WRH$_STREAMS_CAPTURE_BL,1,DBID,ASC
SYS,WRH$_STREAMS_CAPTURE_BL_PK,SYS,WRH$_STREAMS_CAPTURE_BL,2,SNAP_ID,ASC
SYS,WRH$_STREAMS_CAPTURE_BL_PK,SYS,WRH$_STREAMS_CAPTURE_BL,3,INSTANCE_NUMBER,ASC
SYS,WRH$_STREAMS_CAPTURE_BL_PK,SYS,WRH$_STREAMS_CAPTURE_BL,4,CAPTURE_NAME,ASC
SYS,WRH$_STREAMS_CAPTURE_BL_PK,SYS,WRH$_STREAMS_CAPTURE_BL,5,SESSION_MODULE,ASC
SYS,WRH$_STREAMS_CAPTURE_BL_PK,SYS,WRH$_STREAMS_CAPTURE_BL,6,CON_DBID,ASC
SYS,WRH$_STREAMS_CAPTURE_PK,SYS,WRH$_STREAMS_CAPTURE,1,DBID,ASC
SYS,WRH$_STREAMS_CAPTURE_PK,SYS,WRH$_STREAMS_CAPTURE,2,SNAP_ID,ASC
SYS,WRH$_STREAMS_CAPTURE_PK,SYS,WRH$_STREAMS_CAPTURE,3,INSTANCE_NUMBER,ASC
SYS,WRH$_STREAMS_CAPTURE_PK,SYS,WRH$_STREAMS_CAPTURE,4,CAPTURE_NAME,ASC
SYS,WRH$_STREAMS_CAPTURE_PK,SYS,WRH$_STREAMS_CAPTURE,5,SESSION_MODULE,ASC
SYS,WRH$_STREAMS_CAPTURE_PK,SYS,WRH$_STREAMS_CAPTURE,6,CON_DBID,ASC
SYS,WRH$_STREAMS_POOL_ADVICE_BL_PK,SYS,WRH$_STREAMS_POOL_ADVICE_BL,1,DBID,ASC
SYS,WRH$_STREAMS_POOL_ADVICE_BL_PK,SYS,WRH$_STREAMS_POOL_ADVICE_BL,2,SNAP_ID,ASC
SYS,WRH$_STREAMS_POOL_ADVICE_BL_PK,SYS,WRH$_STREAMS_POOL_ADVICE_BL,3,INSTANCE_NUMBER,ASC
SYS,WRH$_STREAMS_POOL_ADVICE_BL_PK,SYS,WRH$_STREAMS_POOL_ADVICE_BL,4,SIZE_FOR_ESTIMATE,ASC
SYS,WRH$_STREAMS_POOL_ADVICE_BL_PK,SYS,WRH$_STREAMS_POOL_ADVICE_BL,5,CON_DBID,ASC
SYS,WRH$_STREAMS_POOL_ADVICE_PK,SYS,WRH$_STREAMS_POOL_ADVICE,1,DBID,ASC
SYS,WRH$_STREAMS_POOL_ADVICE_PK,SYS,WRH$_STREAMS_POOL_ADVICE,2,SNAP_ID,ASC
SYS,WRH$_STREAMS_POOL_ADVICE_PK,SYS,WRH$_STREAMS_POOL_ADVICE,3,INSTANCE_NUMBER,ASC
SYS,WRH$_STREAMS_POOL_ADVICE_PK,SYS,WRH$_STREAMS_POOL_ADVICE,4,SIZE_FOR_ESTIMATE,ASC
SYS,WRH$_STREAMS_POOL_ADVICE_PK,SYS,WRH$_STREAMS_POOL_ADVICE,5,CON_DBID,ASC
SYS,WRH$_SYSMETRIC_HISTORY_BL_IDX,SYS,WRH$_SYSMETRIC_HISTORY_BL,1,DBID,ASC
SYS,WRH$_SYSMETRIC_HISTORY_BL_IDX,SYS,WRH$_SYSMETRIC_HISTORY_BL,2,SNAP_ID,ASC
SYS,WRH$_SYSMETRIC_HISTORY_BL_IDX,SYS,WRH$_SYSMETRIC_HISTORY_BL,3,INSTANCE_NUMBER,ASC
SYS,WRH$_SYSMETRIC_HISTORY_BL_IDX,SYS,WRH$_SYSMETRIC_HISTORY_BL,4,GROUP_ID,ASC
SYS,WRH$_SYSMETRIC_HISTORY_BL_IDX,SYS,WRH$_SYSMETRIC_HISTORY_BL,5,METRIC_ID,ASC
SYS,WRH$_SYSMETRIC_HISTORY_BL_IDX,SYS,WRH$_SYSMETRIC_HISTORY_BL,6,BEGIN_TIME,ASC
SYS,WRH$_SYSMETRIC_HISTORY_BL_IDX,SYS,WRH$_SYSMETRIC_HISTORY_BL,7,CON_DBID,ASC
SYS,WRH$_SYSMETRIC_HISTORY_INDEX,SYS,WRH$_SYSMETRIC_HISTORY,1,DBID,ASC
SYS,WRH$_SYSMETRIC_HISTORY_INDEX,SYS,WRH$_SYSMETRIC_HISTORY,2,SNAP_ID,ASC
SYS,WRH$_SYSMETRIC_HISTORY_INDEX,SYS,WRH$_SYSMETRIC_HISTORY,3,INSTANCE_NUMBER,ASC
SYS,WRH$_SYSMETRIC_HISTORY_INDEX,SYS,WRH$_SYSMETRIC_HISTORY,4,GROUP_ID,ASC
SYS,WRH$_SYSMETRIC_HISTORY_INDEX,SYS,WRH$_SYSMETRIC_HISTORY,5,METRIC_ID,ASC
SYS,WRH$_SYSMETRIC_HISTORY_INDEX,SYS,WRH$_SYSMETRIC_HISTORY,6,BEGIN_TIME,ASC
SYS,WRH$_SYSMETRIC_HISTORY_INDEX,SYS,WRH$_SYSMETRIC_HISTORY,7,CON_DBID,ASC
SYS,WRH$_SYSMETRIC_SUMMARY_BL_INDEX,SYS,WRH$_SYSMETRIC_SUMMARY_BL,1,DBID,ASC
SYS,WRH$_SYSMETRIC_SUMMARY_BL_INDEX,SYS,WRH$_SYSMETRIC_SUMMARY_BL,2,SNAP_ID,ASC
SYS,WRH$_SYSMETRIC_SUMMARY_BL_INDEX,SYS,WRH$_SYSMETRIC_SUMMARY_BL,3,INSTANCE_NUMBER,ASC
SYS,WRH$_SYSMETRIC_SUMMARY_BL_INDEX,SYS,WRH$_SYSMETRIC_SUMMARY_BL,4,GROUP_ID,ASC
SYS,WRH$_SYSMETRIC_SUMMARY_BL_INDEX,SYS,WRH$_SYSMETRIC_SUMMARY_BL,5,METRIC_ID,ASC
SYS,WRH$_SYSMETRIC_SUMMARY_BL_INDEX,SYS,WRH$_SYSMETRIC_SUMMARY_BL,6,CON_DBID,ASC
SYS,WRH$_SYSMETRIC_SUMMARY_INDEX,SYS,WRH$_SYSMETRIC_SUMMARY,1,DBID,ASC
SYS,WRH$_SYSMETRIC_SUMMARY_INDEX,SYS,WRH$_SYSMETRIC_SUMMARY,2,SNAP_ID,ASC
SYS,WRH$_SYSMETRIC_SUMMARY_INDEX,SYS,WRH$_SYSMETRIC_SUMMARY,3,INSTANCE_NUMBER,ASC
SYS,WRH$_SYSMETRIC_SUMMARY_INDEX,SYS,WRH$_SYSMETRIC_SUMMARY,4,GROUP_ID,ASC
SYS,WRH$_SYSMETRIC_SUMMARY_INDEX,SYS,WRH$_SYSMETRIC_SUMMARY,5,METRIC_ID,ASC
SYS,WRH$_SYSMETRIC_SUMMARY_INDEX,SYS,WRH$_SYSMETRIC_SUMMARY,6,CON_DBID,ASC
SYS,WRH$_SYSSTAT_BL_PK,SYS,WRH$_SYSSTAT_BL,1,DBID,ASC
SYS,WRH$_SYSSTAT_BL_PK,SYS,WRH$_SYSSTAT_BL,2,SNAP_ID,ASC
SYS,WRH$_SYSSTAT_BL_PK,SYS,WRH$_SYSSTAT_BL,3,INSTANCE_NUMBER,ASC
SYS,WRH$_SYSSTAT_BL_PK,SYS,WRH$_SYSSTAT_BL,4,STAT_ID,ASC
SYS,WRH$_SYSSTAT_BL_PK,SYS,WRH$_SYSSTAT_BL,5,CON_DBID,ASC
SYS,WRH$_SYSSTAT_PK,SYS,WRH$_SYSSTAT,1,DBID,ASC
SYS,WRH$_SYSSTAT_PK,SYS,WRH$_SYSSTAT,2,SNAP_ID,ASC
SYS,WRH$_SYSSTAT_PK,SYS,WRH$_SYSSTAT,3,INSTANCE_NUMBER,ASC
SYS,WRH$_SYSSTAT_PK,SYS,WRH$_SYSSTAT,4,STAT_ID,ASC
SYS,WRH$_SYSSTAT_PK,SYS,WRH$_SYSSTAT,5,CON_DBID,ASC
SYS,WRH$_SYSTEM_EVENT_BL_PK,SYS,WRH$_SYSTEM_EVENT_BL,1,DBID,ASC
SYS,WRH$_SYSTEM_EVENT_BL_PK,SYS,WRH$_SYSTEM_EVENT_BL,2,SNAP_ID,ASC
SYS,WRH$_SYSTEM_EVENT_BL_PK,SYS,WRH$_SYSTEM_EVENT_BL,3,INSTANCE_NUMBER,ASC
SYS,WRH$_SYSTEM_EVENT_BL_PK,SYS,WRH$_SYSTEM_EVENT_BL,4,EVENT_ID,ASC
SYS,WRH$_SYSTEM_EVENT_BL_PK,SYS,WRH$_SYSTEM_EVENT_BL,5,CON_DBID,ASC
SYS,WRH$_SYSTEM_EVENT_PK,SYS,WRH$_SYSTEM_EVENT,1,DBID,ASC
SYS,WRH$_SYSTEM_EVENT_PK,SYS,WRH$_SYSTEM_EVENT,2,SNAP_ID,ASC
SYS,WRH$_SYSTEM_EVENT_PK,SYS,WRH$_SYSTEM_EVENT,3,INSTANCE_NUMBER,ASC
SYS,WRH$_SYSTEM_EVENT_PK,SYS,WRH$_SYSTEM_EVENT,4,EVENT_ID,ASC
SYS,WRH$_SYSTEM_EVENT_PK,SYS,WRH$_SYSTEM_EVENT,5,CON_DBID,ASC
SYS,WRH$_SYS_TIME_MODEL_BL_PK,SYS,WRH$_SYS_TIME_MODEL_BL,1,DBID,ASC
SYS,WRH$_SYS_TIME_MODEL_BL_PK,SYS,WRH$_SYS_TIME_MODEL_BL,2,SNAP_ID,ASC
SYS,WRH$_SYS_TIME_MODEL_BL_PK,SYS,WRH$_SYS_TIME_MODEL_BL,3,INSTANCE_NUMBER,ASC
SYS,WRH$_SYS_TIME_MODEL_BL_PK,SYS,WRH$_SYS_TIME_MODEL_BL,4,STAT_ID,ASC
SYS,WRH$_SYS_TIME_MODEL_BL_PK,SYS,WRH$_SYS_TIME_MODEL_BL,5,CON_DBID,ASC
SYS,WRH$_SYS_TIME_MODEL_PK,SYS,WRH$_SYS_TIME_MODEL,1,DBID,ASC
SYS,WRH$_SYS_TIME_MODEL_PK,SYS,WRH$_SYS_TIME_MODEL,2,SNAP_ID,ASC
SYS,WRH$_SYS_TIME_MODEL_PK,SYS,WRH$_SYS_TIME_MODEL,3,INSTANCE_NUMBER,ASC
SYS,WRH$_SYS_TIME_MODEL_PK,SYS,WRH$_SYS_TIME_MODEL,4,STAT_ID,ASC
SYS,WRH$_SYS_TIME_MODEL_PK,SYS,WRH$_SYS_TIME_MODEL,5,CON_DBID,ASC
SYS,WRH$_TABLESPACE_BL_PK,SYS,WRH$_TABLESPACE_BL,1,DBID,ASC
SYS,WRH$_TABLESPACE_BL_PK,SYS,WRH$_TABLESPACE_BL,2,TS#,ASC
SYS,WRH$_TABLESPACE_BL_PK,SYS,WRH$_TABLESPACE_BL,3,CON_DBID,ASC
SYS,WRH$_TABLESPACE_BL_PK,SYS,WRH$_TABLESPACE_BL,4,SNAP_ID,ASC
SYS,WRH$_TABLESPACE_PK,SYS,WRH$_TABLESPACE,1,DBID,ASC
SYS,WRH$_TABLESPACE_PK,SYS,WRH$_TABLESPACE,2,TS#,ASC
SYS,WRH$_TABLESPACE_PK,SYS,WRH$_TABLESPACE,3,CON_DBID,ASC
SYS,WRH$_TABLESPACE_PK,SYS,WRH$_TABLESPACE,4,SNAP_ID,ASC
SYS,WRH$_TABLESPACE_STAT_BL_PK,SYS,WRH$_TABLESPACE_STAT_BL,1,DBID,ASC
SYS,WRH$_TABLESPACE_STAT_BL_PK,SYS,WRH$_TABLESPACE_STAT_BL,2,SNAP_ID,ASC
SYS,WRH$_TABLESPACE_STAT_BL_PK,SYS,WRH$_TABLESPACE_STAT_BL,3,INSTANCE_NUMBER,ASC
SYS,WRH$_TABLESPACE_STAT_BL_PK,SYS,WRH$_TABLESPACE_STAT_BL,4,TS#,ASC
SYS,WRH$_TABLESPACE_STAT_BL_PK,SYS,WRH$_TABLESPACE_STAT_BL,5,CON_DBID,ASC
SYS,WRH$_TABLESPACE_STAT_PK,SYS,WRH$_TABLESPACE_STAT,1,DBID,ASC
SYS,WRH$_TABLESPACE_STAT_PK,SYS,WRH$_TABLESPACE_STAT,2,SNAP_ID,ASC
SYS,WRH$_TABLESPACE_STAT_PK,SYS,WRH$_TABLESPACE_STAT,3,INSTANCE_NUMBER,ASC
SYS,WRH$_TABLESPACE_STAT_PK,SYS,WRH$_TABLESPACE_STAT,4,TS#,ASC
SYS,WRH$_TABLESPACE_STAT_PK,SYS,WRH$_TABLESPACE_STAT,5,CON_DBID,ASC
SYS,WRH$_TEMPFILE_BL_PK,SYS,WRH$_TEMPFILE_BL,1,DBID,ASC
SYS,WRH$_TEMPFILE_BL_PK,SYS,WRH$_TEMPFILE_BL,2,FILE#,ASC
SYS,WRH$_TEMPFILE_BL_PK,SYS,WRH$_TEMPFILE_BL,3,CREATION_CHANGE#,ASC
SYS,WRH$_TEMPFILE_BL_PK,SYS,WRH$_TEMPFILE_BL,4,CON_DBID,ASC
SYS,WRH$_TEMPFILE_BL_PK,SYS,WRH$_TEMPFILE_BL,5,SNAP_ID,ASC
SYS,WRH$_TEMPFILE_PK,SYS,WRH$_TEMPFILE,1,DBID,ASC
SYS,WRH$_TEMPFILE_PK,SYS,WRH$_TEMPFILE,2,FILE#,ASC
SYS,WRH$_TEMPFILE_PK,SYS,WRH$_TEMPFILE,3,CREATION_CHANGE#,ASC
SYS,WRH$_TEMPFILE_PK,SYS,WRH$_TEMPFILE,4,CON_DBID,ASC
SYS,WRH$_TEMPFILE_PK,SYS,WRH$_TEMPFILE,5,SNAP_ID,ASC
SYS,WRH$_TEMPSTATXS_BL_PK,SYS,WRH$_TEMPSTATXS_BL,1,DBID,ASC
SYS,WRH$_TEMPSTATXS_BL_PK,SYS,WRH$_TEMPSTATXS_BL,2,SNAP_ID,ASC
SYS,WRH$_TEMPSTATXS_BL_PK,SYS,WRH$_TEMPSTATXS_BL,3,INSTANCE_NUMBER,ASC
SYS,WRH$_TEMPSTATXS_BL_PK,SYS,WRH$_TEMPSTATXS_BL,4,FILE#,ASC
SYS,WRH$_TEMPSTATXS_BL_PK,SYS,WRH$_TEMPSTATXS_BL,5,CON_DBID,ASC
SYS,WRH$_TEMPSTATXS_PK,SYS,WRH$_TEMPSTATXS,1,DBID,ASC
SYS,WRH$_TEMPSTATXS_PK,SYS,WRH$_TEMPSTATXS,2,SNAP_ID,ASC
SYS,WRH$_TEMPSTATXS_PK,SYS,WRH$_TEMPSTATXS,3,INSTANCE_NUMBER,ASC
SYS,WRH$_TEMPSTATXS_PK,SYS,WRH$_TEMPSTATXS,4,FILE#,ASC
SYS,WRH$_TEMPSTATXS_PK,SYS,WRH$_TEMPSTATXS,5,CON_DBID,ASC
SYS,WRH$_THREAD_BL_PK,SYS,WRH$_THREAD_BL,1,DBID,ASC
SYS,WRH$_THREAD_BL_PK,SYS,WRH$_THREAD_BL,2,SNAP_ID,ASC
SYS,WRH$_THREAD_BL_PK,SYS,WRH$_THREAD_BL,3,INSTANCE_NUMBER,ASC
SYS,WRH$_THREAD_BL_PK,SYS,WRH$_THREAD_BL,4,THREAD#,ASC
SYS,WRH$_THREAD_BL_PK,SYS,WRH$_THREAD_BL,5,CON_DBID,ASC
SYS,WRH$_THREAD_PK,SYS,WRH$_THREAD,1,DBID,ASC
SYS,WRH$_THREAD_PK,SYS,WRH$_THREAD,2,SNAP_ID,ASC
SYS,WRH$_THREAD_PK,SYS,WRH$_THREAD,3,INSTANCE_NUMBER,ASC
SYS,WRH$_THREAD_PK,SYS,WRH$_THREAD,4,THREAD#,ASC
SYS,WRH$_THREAD_PK,SYS,WRH$_THREAD,5,CON_DBID,ASC
SYS,WRH$_TOPLEVELCALL_NAME_PK,SYS,WRH$_TOPLEVELCALL_NAME,1,DBID,ASC
SYS,WRH$_TOPLEVELCALL_NAME_PK,SYS,WRH$_TOPLEVELCALL_NAME,2,TOP_LEVEL_CALL#,ASC
SYS,WRH$_TOPLEVELCALL_NAME_PK,SYS,WRH$_TOPLEVELCALL_NAME,3,CON_DBID,ASC
SYS,WRH$_TS_SPACE_USAGE_BL_IND,SYS,WRH$_TABLESPACE_SPACE_USAGE_BL,1,DBID,ASC
SYS,WRH$_TS_SPACE_USAGE_BL_IND,SYS,WRH$_TABLESPACE_SPACE_USAGE_BL,2,SNAP_ID,ASC
SYS,WRH$_TS_SPACE_USAGE_BL_IND,SYS,WRH$_TABLESPACE_SPACE_USAGE_BL,3,TABLESPACE_ID,ASC
SYS,WRH$_TS_SPACE_USAGE_BL_IND,SYS,WRH$_TABLESPACE_SPACE_USAGE_BL,4,CON_DBID,ASC
SYS,WRH$_TS_SPACE_USAGE_IND,SYS,WRH$_TABLESPACE_SPACE_USAGE,1,DBID,ASC
SYS,WRH$_TS_SPACE_USAGE_IND,SYS,WRH$_TABLESPACE_SPACE_USAGE,2,SNAP_ID,ASC
SYS,WRH$_TS_SPACE_USAGE_IND,SYS,WRH$_TABLESPACE_SPACE_USAGE,3,TABLESPACE_ID,ASC
SYS,WRH$_TS_SPACE_USAGE_IND,SYS,WRH$_TABLESPACE_SPACE_USAGE,4,CON_DBID,ASC
SYS,WRH$_UNDOSTAT_BL_PK,SYS,WRH$_UNDOSTAT_BL,1,DBID,ASC
SYS,WRH$_UNDOSTAT_BL_PK,SYS,WRH$_UNDOSTAT_BL,2,SNAP_ID,ASC
SYS,WRH$_UNDOSTAT_BL_PK,SYS,WRH$_UNDOSTAT_BL,3,INSTANCE_NUMBER,ASC
SYS,WRH$_UNDOSTAT_BL_PK,SYS,WRH$_UNDOSTAT_BL,4,BEGIN_TIME,ASC
SYS,WRH$_UNDOSTAT_BL_PK,SYS,WRH$_UNDOSTAT_BL,5,END_TIME,ASC
SYS,WRH$_UNDOSTAT_BL_PK,SYS,WRH$_UNDOSTAT_BL,6,CON_DBID,ASC
SYS,WRH$_UNDOSTAT_PK,SYS,WRH$_UNDOSTAT,1,DBID,ASC
SYS,WRH$_UNDOSTAT_PK,SYS,WRH$_UNDOSTAT,2,SNAP_ID,ASC
SYS,WRH$_UNDOSTAT_PK,SYS,WRH$_UNDOSTAT,3,INSTANCE_NUMBER,ASC
SYS,WRH$_UNDOSTAT_PK,SYS,WRH$_UNDOSTAT,4,BEGIN_TIME,ASC
SYS,WRH$_UNDOSTAT_PK,SYS,WRH$_UNDOSTAT,5,END_TIME,ASC
SYS,WRH$_UNDOSTAT_PK,SYS,WRH$_UNDOSTAT,6,CON_DBID,ASC
SYS,WRH$_WAITCLASSMETRIC_HIST_BL_IND,SYS,WRH$_WAITCLASSMETRIC_HISTORY_BL,1,DBID,ASC
SYS,WRH$_WAITCLASSMETRIC_HIST_BL_IND,SYS,WRH$_WAITCLASSMETRIC_HISTORY_BL,2,SNAP_ID,ASC
SYS,WRH$_WAITCLASSMETRIC_HIST_BL_IND,SYS,WRH$_WAITCLASSMETRIC_HISTORY_BL,3,INSTANCE_NUMBER,ASC
SYS,WRH$_WAITCLASSMETRIC_HIST_BL_IND,SYS,WRH$_WAITCLASSMETRIC_HISTORY_BL,4,GROUP_ID,ASC
SYS,WRH$_WAITCLASSMETRIC_HIST_BL_IND,SYS,WRH$_WAITCLASSMETRIC_HISTORY_BL,5,WAIT_CLASS_ID,ASC
SYS,WRH$_WAITCLASSMETRIC_HIST_BL_IND,SYS,WRH$_WAITCLASSMETRIC_HISTORY_BL,6,BEGIN_TIME,ASC
SYS,WRH$_WAITCLASSMETRIC_HIST_BL_IND,SYS,WRH$_WAITCLASSMETRIC_HISTORY_BL,7,CON_DBID,ASC
SYS,WRH$_WAITCLASSMETRIC_HIST_IND,SYS,WRH$_WAITCLASSMETRIC_HISTORY,1,DBID,ASC
SYS,WRH$_WAITCLASSMETRIC_HIST_IND,SYS,WRH$_WAITCLASSMETRIC_HISTORY,2,SNAP_ID,ASC
SYS,WRH$_WAITCLASSMETRIC_HIST_IND,SYS,WRH$_WAITCLASSMETRIC_HISTORY,3,INSTANCE_NUMBER,ASC
SYS,WRH$_WAITCLASSMETRIC_HIST_IND,SYS,WRH$_WAITCLASSMETRIC_HISTORY,4,GROUP_ID,ASC
SYS,WRH$_WAITCLASSMETRIC_HIST_IND,SYS,WRH$_WAITCLASSMETRIC_HISTORY,5,WAIT_CLASS_ID,ASC
SYS,WRH$_WAITCLASSMETRIC_HIST_IND,SYS,WRH$_WAITCLASSMETRIC_HISTORY,6,BEGIN_TIME,ASC
SYS,WRH$_WAITCLASSMETRIC_HIST_IND,SYS,WRH$_WAITCLASSMETRIC_HISTORY,7,CON_DBID,ASC
SYS,WRH$_WAITSTAT_BL_PK,SYS,WRH$_WAITSTAT_BL,1,DBID,ASC
SYS,WRH$_WAITSTAT_BL_PK,SYS,WRH$_WAITSTAT_BL,2,SNAP_ID,ASC
SYS,WRH$_WAITSTAT_BL_PK,SYS,WRH$_WAITSTAT_BL,3,INSTANCE_NUMBER,ASC
SYS,WRH$_WAITSTAT_BL_PK,SYS,WRH$_WAITSTAT_BL,4,CLASS,ASC
SYS,WRH$_WAITSTAT_BL_PK,SYS,WRH$_WAITSTAT_BL,5,CON_DBID,ASC
SYS,WRH$_WAITSTAT_PK,SYS,WRH$_WAITSTAT,1,DBID,ASC
SYS,WRH$_WAITSTAT_PK,SYS,WRH$_WAITSTAT,2,SNAP_ID,ASC
SYS,WRH$_WAITSTAT_PK,SYS,WRH$_WAITSTAT,3,INSTANCE_NUMBER,ASC
SYS,WRH$_WAITSTAT_PK,SYS,WRH$_WAITSTAT,4,CLASS,ASC
SYS,WRH$_WAITSTAT_PK,SYS,WRH$_WAITSTAT,5,CON_DBID,ASC
SYS,WRI$_ADV_ACTIONS_PK,SYS,WRI$_ADV_ACTIONS,1,TASK_ID,ASC
SYS,WRI$_ADV_ACTIONS_PK,SYS,WRI$_ADV_ACTIONS,2,ID,ASC
SYS,WRI$_ADV_ADDM_TASKS_IDX_01,SYS,WRI$_ADV_ADDM_TASKS,1,DBID,ASC
SYS,WRI$_ADV_ADDM_TASKS_IDX_01,SYS,WRI$_ADV_ADDM_TASKS,2,BEGIN_SNAP_ID,ASC
SYS,WRI$_ADV_ADDM_TASKS_IDX_01,SYS,WRI$_ADV_ADDM_TASKS,3,END_SNAP_ID,ASC
SYS,WRI$_ADV_AI_COL_USAGE_PK,SYS,WRI$_ADV_AI_COL_USAGE,1,OBJ#,ASC
SYS,WRI$_ADV_AI_COL_USAGE_PK,SYS,WRI$_ADV_AI_COL_USAGE,2,COLS,ASC
SYS,WRI$_ADV_AI_COL_USAGE_PK,SYS,WRI$_ADV_AI_COL_USAGE,3,FLAGS,ASC
SYS,WRI$_ADV_AI_COL_USAGE_01,SYS,WRI$_ADV_AI_COL_USAGE,1,STATUS,ASC
SYS,WRI$_ADV_AI_COL_USAGE_01,SYS,WRI$_ADV_AI_COL_USAGE,2,OBJ#,ASC
SYS,WRI$_ADV_AI_COL_USAGE_02,SYS,WRI$_ADV_AI_COL_USAGE,1,OBJ#,ASC
SYS,WRI$_ADV_AI_COL_USAGE_02,SYS,WRI$_ADV_AI_COL_USAGE,2,SEL_COLS,ASC
SYS,WRI$_ADV_AUTOMV_DT_PK,SYS,WRI$_ADV_AUTOMV_DT,1,TASK_ID,ASC
SYS,WRI$_ADV_AUTOMV_DT_PK,SYS,WRI$_ADV_AUTOMV_DT,2,EXEC_NAME,ASC
SYS,WRI$_ADV_AUTOMV_DT_PK,SYS,WRI$_ADV_AUTOMV_DT,3,TOBJN,ASC
SYS,WRI$_ADV_AUTOMV_MV_CAND_PK,SYS,WRI$_ADV_AUTOMV_MV_CAND,1,TASK_ID,ASC
SYS,WRI$_ADV_AUTOMV_MV_CAND_PK,SYS,WRI$_ADV_AUTOMV_MV_CAND,2,EXEC_NAME,ASC
SYS,WRI$_ADV_AUTOMV_MV_CAND_PK,SYS,WRI$_ADV_AUTOMV_MV_CAND,3,SQL_SIG,ASC
SYS,WRI$_ADV_AUTOMV_MV_RSET_PK,SYS,WRI$_ADV_AUTOMV_RSET,1,TASK_ID,ASC
SYS,WRI$_ADV_AUTOMV_MV_RSET_PK,SYS,WRI$_ADV_AUTOMV_RSET,2,EXEC_NAME,ASC
SYS,WRI$_ADV_AUTOMV_MV_RSET_PK,SYS,WRI$_ADV_AUTOMV_RSET,3,STMT_ID,ASC
SYS,WRI$_ADV_AUTOMV_MV_SAMP_PK,SYS,WRI$_ADV_AUTOMV_MV_SAMP,1,SQL_SIG,ASC
SYS,WRI$_ADV_AUTOMV_QRY_MV_MAP_PK,SYS,WRI$_ADV_AUTOMV_MV_QRY_MAP,1,TASK_ID,ASC
SYS,WRI$_ADV_AUTOMV_QRY_MV_MAP_PK,SYS,WRI$_ADV_AUTOMV_MV_QRY_MAP,2,EXEC_NAME,ASC
SYS,WRI$_ADV_AUTOMV_QRY_MV_MAP_PK,SYS,WRI$_ADV_AUTOMV_MV_QRY_MAP,3,SQL_SIG,ASC
SYS,WRI$_ADV_AUTOMV_QRY_MV_MAP_PK,SYS,WRI$_ADV_AUTOMV_MV_QRY_MAP,4,STMT_ID,ASC
SYS,WRI$_ADV_AUTOMV_STATE_PK,SYS,WRI$_ADV_AUTOMV_STATE,1,TASK_ID,ASC
SYS,WRI$_ADV_AUTOMV_STATE_PK,SYS,WRI$_ADV_AUTOMV_STATE,2,EXEC_NAME,ASC
SYS,WRI$_ADV_AUTOMV_STATE_PK,SYS,WRI$_ADV_AUTOMV_STATE,3,PARAMETER_NAME,ASC
SYS,WRI$_ADV_DEF_ACTION_PK,SYS,WRI$_ADV_DEF_EXEC_TYPES,1,ADVISOR_ID,ASC
SYS,WRI$_ADV_DEF_ACTION_PK,SYS,WRI$_ADV_DEF_EXEC_TYPES,2,NAME,ASC
SYS,WRI$_ADV_DEFINITIONS_PK,SYS,WRI$_ADV_DEFINITIONS,1,ID,ASC
SYS,WRI$_ADV_DEF_PARAMETERS_PK,SYS,WRI$_ADV_DEF_PARAMETERS,1,ADVISOR_ID,ASC
SYS,WRI$_ADV_DEF_PARAMETERS_PK,SYS,WRI$_ADV_DEF_PARAMETERS,2,NAME,ASC
SYS,WRI$_ADV_DIR_IDX_01,SYS,WRI$_ADV_DIRECTIVE_DEFS,1,ID,ASC
SYS,WRI$_ADV_DIR_IDX_02,SYS,WRI$_ADV_DIRECTIVE_DEFS,1,DOMAIN,ASC
SYS,WRI$_ADV_DIR_IDX_02,SYS,WRI$_ADV_DIRECTIVE_DEFS,2,NAME,ASC
SYS,WRI$_ADV_DIR_IDX_02,SYS,WRI$_ADV_DIRECTIVE_DEFS,3,ADVISOR_ID,ASC
SYS,WRI$_ADV_DIRINST_IDX_01,SYS,WRI$_ADV_DIRECTIVE_INSTANCES,1,INST_ID,ASC
SYS,WRI$_ADV_DIRINST_IDX_02,SYS,WRI$_ADV_DIRECTIVE_INSTANCES,1,TASK_ID,ASC
SYS,WRI$_ADV_DIRINST_IDX_02,SYS,WRI$_ADV_DIRECTIVE_INSTANCES,2,NAME,ASC
SYS,WRI$_ADV_DIRINST_IDX_02,SYS,WRI$_ADV_DIRECTIVE_INSTANCES,3,DIR_ID,ASC
SYS,WRI$_ADV_DIRM_IDX_01,SYS,WRI$_ADV_DIRECTIVE_META,1,ID,ASC
SYS,WRI$_ADV_EXEC_PARAMETERS_PK,SYS,WRI$_ADV_EXEC_PARAMETERS,1,TASK_ID,ASC
SYS,WRI$_ADV_EXEC_PARAMETERS_PK,SYS,WRI$_ADV_EXEC_PARAMETERS,2,EXEC_NAME,ASC
SYS,WRI$_ADV_EXEC_PARAMETERS_PK,SYS,WRI$_ADV_EXEC_PARAMETERS,3,NAME,ASC
SYS,WRI$_ADV_EXECS_IDX_01,SYS,WRI$_ADV_EXECUTIONS,1,ID,ASC
SYS,WRI$_ADV_EXECS_IDX_02,SYS,WRI$_ADV_EXECUTIONS,1,ADVISOR_ID,ASC
SYS,WRI$_ADV_EXECS_IDX_02,SYS,WRI$_ADV_EXECUTIONS,2,EXEC_START,ASC
SYS,WRI$_ADV_EXECS_IDX_03,SYS,WRI$_ADV_EXECUTIONS,1,TASK_ID,ASC
SYS,WRI$_ADV_EXECS_IDX_03,SYS,WRI$_ADV_EXECUTIONS,2,EXEC_START,ASC
SYS,WRI$_ADV_EXECS_PK,SYS,WRI$_ADV_EXECUTIONS,1,TASK_ID,ASC
SYS,WRI$_ADV_EXECS_PK,SYS,WRI$_ADV_EXECUTIONS,2,NAME,ASC
SYS,WRI$_ADV_FINDINGS_IDX_01,SYS,WRI$_ADV_FINDINGS,1,TASK_ID,ASC
SYS,WRI$_ADV_FINDINGS_IDX_01,SYS,WRI$_ADV_FINDINGS,2,EXEC_NAME,ASC
SYS,WRI$_ADV_FINDINGS_IDX_01,SYS,WRI$_ADV_FINDINGS,3,ID,ASC
SYS,WRI$_ADV_FINDINGS_IDX_02,SYS,WRI$_ADV_FINDINGS,1,TASK_ID,ASC
SYS,WRI$_ADV_FINDINGS_IDX_02,SYS,WRI$_ADV_FINDINGS,2,EXEC_NAME,ASC
SYS,WRI$_ADV_FINDINGS_IDX_02,SYS,WRI$_ADV_FINDINGS,3,OBJ_ID,ASC
SYS,WRI$_ADV_FINDINGS_IDX_02,SYS,WRI$_ADV_FINDINGS,4,ID,ASC
SYS,WRI$_ADV_FINDINGS_PK,SYS,WRI$_ADV_FINDINGS,1,TASK_ID,ASC
SYS,WRI$_ADV_FINDINGS_PK,SYS,WRI$_ADV_FINDINGS,2,ID,ASC
SYS,WRI$_ADV_JOURNAL,SYS,WRI$_ADV_JOURNAL,1,TASK_ID,ASC
SYS,WRI$_ADV_JOURNAL,SYS,WRI$_ADV_JOURNAL,2,SEQ_ID,ASC
SYS,WRI$_ADV_MESSAGE_GROUPS_PK,SYS,WRI$_ADV_MESSAGE_GROUPS,1,ID,ASC
SYS,WRI$_ADV_MESSAGE_GROUPS_PK,SYS,WRI$_ADV_MESSAGE_GROUPS,2,SEQ,ASC
SYS,WRI$_ADV_MSG_GRPS_IDX_01,SYS,WRI$_ADV_MESSAGE_GROUPS,1,TASK_ID,ASC
SYS,WRI$_ADV_MSG_GRPS_IDX_01,SYS,WRI$_ADV_MESSAGE_GROUPS,2,ID,ASC
SYS,WRI$_ADV_OBJECTS_IDX_01,SYS,WRI$_ADV_OBJECTS,1,TASK_ID,ASC
SYS,WRI$_ADV_OBJECTS_IDX_01,SYS,WRI$_ADV_OBJECTS,2,EXEC_NAME,ASC
SYS,WRI$_ADV_OBJECTS_IDX_01,SYS,WRI$_ADV_OBJECTS,3,ID,ASC
SYS,WRI$_ADV_OBJECTS_IDX_02,SYS,WRI$_ADV_OBJECTS,1,TASK_ID,ASC
SYS,WRI$_ADV_OBJECTS_IDX_02,SYS,WRI$_ADV_OBJECTS,2,EXEC_NAME,ASC
SYS,WRI$_ADV_OBJECTS_IDX_02,SYS,WRI$_ADV_OBJECTS,3,SQL_ID_VC,ASC
SYS,WRI$_ADV_OBJECTS_PK,SYS,WRI$_ADV_OBJECTS,1,TASK_ID,ASC
SYS,WRI$_ADV_OBJECTS_PK,SYS,WRI$_ADV_OBJECTS,2,ID,ASC
SYS,WRI$_ADV_PARAMETERS_PK,SYS,WRI$_ADV_PARAMETERS,1,TASK_ID,ASC
SYS,WRI$_ADV_PARAMETERS_PK,SYS,WRI$_ADV_PARAMETERS,2,NAME,ASC
SYS,WRI$_ADV_RATIONALE_PK,SYS,WRI$_ADV_RATIONALE,1,TASK_ID,ASC
SYS,WRI$_ADV_RATIONALE_PK,SYS,WRI$_ADV_RATIONALE,2,ID,ASC
SYS,WRI$_ADV_REC_ACTIONS_PK,SYS,WRI$_ADV_REC_ACTIONS,1,TASK_ID,ASC
SYS,WRI$_ADV_REC_ACTIONS_PK,SYS,WRI$_ADV_REC_ACTIONS,2,REC_ID,ASC
SYS,WRI$_ADV_REC_ACTIONS_PK,SYS,WRI$_ADV_REC_ACTIONS,3,ACT_ID,ASC
SYS,WRI$_ADV_REC_PK,SYS,WRI$_ADV_RECOMMENDATIONS,1,TASK_ID,ASC
SYS,WRI$_ADV_REC_PK,SYS,WRI$_ADV_RECOMMENDATIONS,2,ID,ASC
SYS,WRI$_ADV_RECS_IDX_01,SYS,WRI$_ADV_RECOMMENDATIONS,1,TASK_ID,ASC
SYS,WRI$_ADV_RECS_IDX_01,SYS,WRI$_ADV_RECOMMENDATIONS,2,EXEC_NAME,ASC
SYS,WRI$_ADV_RECS_IDX_01,SYS,WRI$_ADV_RECOMMENDATIONS,3,ID,ASC
SYS,WRI$_ADV_RECS_IDX_02,SYS,WRI$_ADV_RECOMMENDATIONS,1,TASK_ID,ASC
SYS,WRI$_ADV_RECS_IDX_02,SYS,WRI$_ADV_RECOMMENDATIONS,2,EXEC_NAME,ASC
SYS,WRI$_ADV_RECS_IDX_02,SYS,WRI$_ADV_RECOMMENDATIONS,3,FINDING_ID,ASC
SYS,WRI$_ADV_RECS_IDX_02,SYS,WRI$_ADV_RECOMMENDATIONS,4,ID,ASC
SYS,WRI$_ADV_SQLA_CV_PK,SYS,WRI$_ADV_SQLA_COLVOL,1,TASK_ID,ASC
SYS,WRI$_ADV_SQLA_CV_PK,SYS,WRI$_ADV_SQLA_COLVOL,2,EXEC_NAME,ASC
SYS,WRI$_ADV_SQLA_CV_PK,SYS,WRI$_ADV_SQLA_COLVOL,3,TABLE#,ASC
SYS,WRI$_ADV_SQLA_CV_PK,SYS,WRI$_ADV_SQLA_COLVOL,4,COL#,ASC
SYS,WRI$_ADV_SQLA_FREG_IDX_01,SYS,WRI$_ADV_SQLA_FAKE_REG,1,TASK_ID,ASC
SYS,WRI$_ADV_SQLA_FREG_IDX_01,SYS,WRI$_ADV_SQLA_FAKE_REG,2,EXEC_NAME,ASC
SYS,WRI$_ADV_SQLA_MAP_01,SYS,WRI$_ADV_SQLA_MAP,1,TASK_ID,ASC
SYS,WRI$_ADV_SQLA_MAP_01,SYS,WRI$_ADV_SQLA_MAP,2,EXEC_NAME,ASC
SYS,WRI$_ADV_SQLA_STMTS_IDX_01,SYS,WRI$_ADV_SQLA_STMTS,1,TASK_ID,ASC
SYS,WRI$_ADV_SQLA_STMTS_IDX_01,SYS,WRI$_ADV_SQLA_STMTS,2,EXEC_NAME,ASC
SYS,WRI$_ADV_SQLA_STMTS_IDX_01,SYS,WRI$_ADV_SQLA_STMTS,3,WORKLOAD_ID,ASC
SYS,WRI$_ADV_SQLA_STMTS_IDX_01,SYS,WRI$_ADV_SQLA_STMTS,4,SQL_ID,ASC
SYS,WRI$_ADV_SQLA_STMTS_IDX_02,SYS,WRI$_ADV_SQLA_STMTS,1,TASK_ID,ASC
SYS,WRI$_ADV_SQLA_STMTS_IDX_02,SYS,WRI$_ADV_SQLA_STMTS,2,EXEC_NAME,ASC
SYS,WRI$_ADV_SQLA_STMTS_IDX_02,SYS,WRI$_ADV_SQLA_STMTS,3,VALIDATED,ASC
SYS,WRI$_ADV_SQLA_SUM_PK,SYS,WRI$_ADV_SQLA_SUM,1,TASK_ID,ASC
SYS,WRI$_ADV_SQLA_TABLES_IDX_01,SYS,WRI$_ADV_SQLA_TABLES,1,TASK_ID,ASC
SYS,WRI$_ADV_SQLA_TABLES_IDX_01,SYS,WRI$_ADV_SQLA_TABLES,2,EXEC_NAME,ASC
SYS,WRI$_ADV_SQLA_TABLES_IDX_01,SYS,WRI$_ADV_SQLA_TABLES,3,SQL_ID,ASC
SYS,WRI$_ADV_SQLA_TMP_PK,SYS,WRI$_ADV_SQLA_TMP,1,OWNER#,ASC
SYS,WRI$_ADV_SQLA_TV_PK,SYS,WRI$_ADV_SQLA_TABVOL,1,TASK_ID,ASC
SYS,WRI$_ADV_SQLA_TV_PK,SYS,WRI$_ADV_SQLA_TABVOL,2,EXEC_NAME,ASC
SYS,WRI$_ADV_SQLA_TV_PK,SYS,WRI$_ADV_SQLA_TABVOL,3,TABLE#,ASC
SYS,WRI$_ADV_SQLT_BINDS_PK,SYS,WRI$_ADV_SQLT_BINDS,1,TASK_ID,ASC
SYS,WRI$_ADV_SQLT_BINDS_PK,SYS,WRI$_ADV_SQLT_BINDS,2,OBJECT_ID,ASC
SYS,WRI$_ADV_SQLT_BINDS_PK,SYS,WRI$_ADV_SQLT_BINDS,3,POSITION,ASC
SYS,WRI$_ADV_SQLT_PLAN_HASH_PK,SYS,WRI$_ADV_SQLT_PLAN_HASH,1,TASK_ID,ASC
SYS,WRI$_ADV_SQLT_PLAN_HASH_PK,SYS,WRI$_ADV_SQLT_PLAN_HASH,2,EXEC_NAME,ASC
SYS,WRI$_ADV_SQLT_PLAN_HASH_PK,SYS,WRI$_ADV_SQLT_PLAN_HASH,3,OBJECT_ID,ASC
SYS,WRI$_ADV_SQLT_PLAN_HASH_PK,SYS,WRI$_ADV_SQLT_PLAN_HASH,4,ATTRIBUTE,ASC
SYS,WRI$_ADV_SQLT_PLAN_HASH_01,SYS,WRI$_ADV_SQLT_PLAN_HASH,1,TASK_ID,ASC
SYS,WRI$_ADV_SQLT_PLAN_HASH_01,SYS,WRI$_ADV_SQLT_PLAN_HASH,2,EXEC_NAME,ASC
SYS,WRI$_ADV_SQLT_PLAN_HASH_01,SYS,WRI$_ADV_SQLT_PLAN_HASH,3,SQL_ID,ASC
SYS,WRI$_ADV_SQLT_PLAN_HASH_01,SYS,WRI$_ADV_SQLT_PLAN_HASH,4,PLAN_ID,ASC
SYS,WRI$_ADV_SQLT_PLANS_PK,SYS,WRI$_ADV_SQLT_PLANS,1,PLAN_ID,ASC
SYS,WRI$_ADV_SQLT_PLANS_PK,SYS,WRI$_ADV_SQLT_PLANS,2,ID,ASC
SYS,WRI$_ADV_SQLT_PLAN_STATS_PK,SYS,WRI$_ADV_SQLT_PLAN_STATS,1,PLAN_ID,ASC
SYS,WRI$_ADV_SQLT_RTN_PLAN_PK,SYS,WRI$_ADV_SQLT_RTN_PLAN,1,TASK_ID,ASC
SYS,WRI$_ADV_SQLT_RTN_PLAN_PK,SYS,WRI$_ADV_SQLT_RTN_PLAN,2,EXEC_NAME,ASC
SYS,WRI$_ADV_SQLT_RTN_PLAN_PK,SYS,WRI$_ADV_SQLT_RTN_PLAN,3,RTN_ID,ASC
SYS,WRI$_ADV_SQLT_RTN_PLAN_PK,SYS,WRI$_ADV_SQLT_RTN_PLAN,4,OBJECT_ID,ASC
SYS,WRI$_ADV_SQLT_RTN_PLAN_PK,SYS,WRI$_ADV_SQLT_RTN_PLAN,5,PLAN_ATTR,ASC
SYS,WRI$_ADV_SQLT_RTN_PLAN_PK,SYS,WRI$_ADV_SQLT_RTN_PLAN,6,OPERATION_ID,ASC
SYS,WRI$_ADV_SQLT_STATISTICS_PK,SYS,WRI$_ADV_SQLT_STATISTICS,1,TASK_ID,ASC
SYS,WRI$_ADV_SQLT_STATISTICS_PK,SYS,WRI$_ADV_SQLT_STATISTICS,2,OBJECT_ID,ASC
SYS,WRI$_ADV_SQLW_CV_PK,SYS,WRI$_ADV_SQLW_COLVOL,1,WORKLOAD_ID,ASC
SYS,WRI$_ADV_SQLW_CV_PK,SYS,WRI$_ADV_SQLW_COLVOL,2,TABLE#,ASC
SYS,WRI$_ADV_SQLW_CV_PK,SYS,WRI$_ADV_SQLW_COLVOL,3,COL#,ASC
SYS,WRI$_ADV_SQLW_STMTS_PK,SYS,WRI$_ADV_SQLW_STMTS,1,WORKLOAD_ID,ASC
SYS,WRI$_ADV_SQLW_STMTS_PK,SYS,WRI$_ADV_SQLW_STMTS,2,SQL_ID,ASC
SYS,WRI$_ADV_SQLW_SUM_PK,SYS,WRI$_ADV_SQLW_SUM,1,WORKLOAD_ID,ASC
SYS,WRI$_ADV_SQLW_TABLES_IDX_01,SYS,WRI$_ADV_SQLW_TABLES,1,WORKLOAD_ID,ASC
SYS,WRI$_ADV_SQLW_TABLES_IDX_01,SYS,WRI$_ADV_SQLW_TABLES,2,SQL_ID,ASC
SYS,WRI$_ADV_SQLW_TV_PK,SYS,WRI$_ADV_SQLW_TABVOL,1,WORKLOAD_ID,ASC
SYS,WRI$_ADV_SQLW_TV_PK,SYS,WRI$_ADV_SQLW_TABVOL,2,TABLE#,ASC
SYS,WRI$_ADV_TASKS_IDX_01,SYS,WRI$_ADV_TASKS,1,NAME,ASC
SYS,WRI$_ADV_TASKS_IDX_01,SYS,WRI$_ADV_TASKS,2,OWNER#,ASC
SYS,WRI$_ADV_TASKS_IDX_02,SYS,WRI$_ADV_TASKS,1,OWNER#,ASC
SYS,WRI$_ADV_TASKS_IDX_02,SYS,WRI$_ADV_TASKS,2,ID,ASC
SYS,WRI$_ADV_TASKS_IDX_03,SYS,WRI$_ADV_TASKS,1,ADVISOR_ID,ASC
SYS,WRI$_ADV_TASKS_IDX_03,SYS,WRI$_ADV_TASKS,2,EXEC_START,ASC
SYS,WRI$_ADV_TASKS_IDX_04,SYS,WRI$_ADV_TASKS,1,PARENT_ID,ASC
SYS,WRI$_ADV_TASKS_IDX_04,SYS,WRI$_ADV_TASKS,2,PARENT_REC_ID,ASC
SYS,WRI$_ADV_TASKS_PK,SYS,WRI$_ADV_TASKS,1,ID,ASC
SYS,WRI$_ADV_USAGE_PK,SYS,WRI$_ADV_USAGE,1,ADVISOR_ID,ASC
SYS,WRI$_AGGREGATION_IND1,SYS,WRI$_AGGREGATION_ENABLED,1,TRACE_TYPE,ASC
SYS,WRI$_AGGREGATION_IND1,SYS,WRI$_AGGREGATION_ENABLED,2,PRIMARY_ID,ASC
SYS,WRI$_AGGREGATION_IND1,SYS,WRI$_AGGREGATION_ENABLED,3,QUALIFIER_ID1,ASC
SYS,WRI$_AGGREGATION_IND1,SYS,WRI$_AGGREGATION_ENABLED,4,QUALIFIER_ID2,ASC
SYS,WRI$_AGGREGATION_IND1,SYS,WRI$_AGGREGATION_ENABLED,5,INSTANCE_NAME,ASC
SYS,WRI$_ALERT_HISTORY_PK,SYS,WRI$_ALERT_HISTORY,1,SEQUENCE_ID,ASC
SYS,WRI$_ALERT_HISTORY_PK,SYS,WRI$_ALERT_HISTORY,2,STATE_TRANSITION_NUMBER,ASC
SYS,WRI$_ALERTS_OUTSTANDING_PK,SYS,WRI$_ALERT_OUTSTANDING,1,CON_ID,ASC
SYS,WRI$_ALERTS_OUTSTANDING_PK,SYS,WRI$_ALERT_OUTSTANDING,2,REASON_ID,ASC
SYS,WRI$_ALERTS_OUTSTANDING_PK,SYS,WRI$_ALERT_OUTSTANDING,3,OBJECT_ID,ASC
SYS,WRI$_ALERTS_OUTSTANDING_PK,SYS,WRI$_ALERT_OUTSTANDING,4,SUBOBJECT_ID,ASC
SYS,WRI$_ALERTS_OUTSTANDING_PK,SYS,WRI$_ALERT_OUTSTANDING,5,INTERNAL_INSTANCE_NUMBER,ASC
SYS,WRI$_ALERT_THRESHOLD_LOG_PK,SYS,WRI$_ALERT_THRESHOLD_LOG,1,SEQUENCE_ID,ASC
SYS,WRI$_ALERT_THRESHOLD_PK,SYS,WRI$_ALERT_THRESHOLD,1,T_OBJECT_TYPE,ASC
SYS,WRI$_ALERT_THRESHOLD_PK,SYS,WRI$_ALERT_THRESHOLD,2,T_OBJECT_NAME,ASC
SYS,WRI$_ALERT_THRESHOLD_PK,SYS,WRI$_ALERT_THRESHOLD,3,T_METRICS_ID,ASC
SYS,WRI$_ALERT_THRESHOLD_PK,SYS,WRI$_ALERT_THRESHOLD,4,T_INSTANCE_NAME,ASC
SYS,WRI$_DBU_CPU_USAGE_PK,SYS,WRI$_DBU_CPU_USAGE,1,DBID,ASC
SYS,WRI$_DBU_CPU_USAGE_PK,SYS,WRI$_DBU_CPU_USAGE,2,VERSION,ASC
SYS,WRI$_DBU_CPU_USAGE_PK,SYS,WRI$_DBU_CPU_USAGE,3,TIMESTAMP,ASC
SYS,WRI$_DBU_CPU_USAGE_SAMPLE_PK,SYS,WRI$_DBU_CPU_USAGE_SAMPLE,1,DBID,ASC
SYS,WRI$_DBU_CPU_USAGE_SAMPLE_PK,SYS,WRI$_DBU_CPU_USAGE_SAMPLE,2,VERSION,ASC
SYS,WRI$_DBU_FEATURE_METADATA_PK,SYS,WRI$_DBU_FEATURE_METADATA,1,NAME,ASC
SYS,WRI$_DBU_FEATURE_USAGE_PK,SYS,WRI$_DBU_FEATURE_USAGE,1,NAME,ASC
SYS,WRI$_DBU_FEATURE_USAGE_PK,SYS,WRI$_DBU_FEATURE_USAGE,2,DBID,ASC
SYS,WRI$_DBU_FEATURE_USAGE_PK,SYS,WRI$_DBU_FEATURE_USAGE,3,VERSION,ASC
SYS,WRI$_DBU_HIGH_WATER_MARK_PK,SYS,WRI$_DBU_HIGH_WATER_MARK,1,NAME,ASC
SYS,WRI$_DBU_HIGH_WATER_MARK_PK,SYS,WRI$_DBU_HIGH_WATER_MARK,2,DBID,ASC
SYS,WRI$_DBU_HIGH_WATER_MARK_PK,SYS,WRI$_DBU_HIGH_WATER_MARK,3,VERSION,ASC
SYS,WRI$_DBU_HWM_METADATA_PK,SYS,WRI$_DBU_HWM_METADATA,1,NAME,ASC
SYS,WRI$_DBU_USAGE_SAMPLE_PK,SYS,WRI$_DBU_USAGE_SAMPLE,1,DBID,ASC
SYS,WRI$_DBU_USAGE_SAMPLE_PK,SYS,WRI$_DBU_USAGE_SAMPLE,2,VERSION,ASC
SYS,WRI$_EMX_FILES_IDX_01,SYS,WRI$_EMX_FILES,1,NAME,ASC
SYS,WRI$_EMX_FILES_PK,SYS,WRI$_EMX_FILES,1,ID,ASC
SYS,WRI$_INDEX_USAGE_PK,SYS,WRI$_INDEX_USAGE,1,OBJ#,ASC
SYS,WRI$_OPTSTAT_TAB_MODEL_I1,SYS,WRI$_OPTSTAT_TAB_MODEL,1,OBJ#,ASC
SYS,WRI$_OPTSTAT_TAB_MODEL_I1,SYS,WRI$_OPTSTAT_TAB_MODEL,2,INTCOL#,ASC
SYS,WRI$_OPTSTAT_TAB_MODEL_I1,SYS,WRI$_OPTSTAT_TAB_MODEL,3,STATS_TYP,ASC
SYS,WRI$_REPT_COMPONENTS_IDX_01,SYS,WRI$_REPT_COMPONENTS,1,NAME,ASC
SYS,WRI$_REPT_COMPONENTS_PK,SYS,WRI$_REPT_COMPONENTS,1,ID,ASC
SYS,WRI$_REPT_FORMATS_IDX_01,SYS,WRI$_REPT_FORMATS,1,REPORT_ID,ASC
SYS,WRI$_REPT_FORMATS_IDX_01,SYS,WRI$_REPT_FORMATS,2,NAME,ASC
SYS,WRI$_REPT_FORMATS_PK,SYS,WRI$_REPT_FORMATS,1,ID,ASC
SYS,WRI$_REPT_REPORTS_IDX_01,SYS,WRI$_REPT_REPORTS,1,COMPONENT_ID,ASC
SYS,WRI$_REPT_REPORTS_IDX_01,SYS,WRI$_REPT_REPORTS,2,NAME,ASC
SYS,WRI$_REPT_REPORTS_PK,SYS,WRI$_REPT_REPORTS,1,ID,ASC
SYS,WRI$_SEGADV_CNTRLTAB_PK,SYS,WRI$_SEGADV_CNTRLTAB,1,AUTO_TASKID,ASC
SYS,WRI$_SEGADV_OBJLIST_IDX_AID,SYS,WRI$_SEGADV_OBJLIST,1,AUTO_TASKID,ASC
SYS,WRI$_SEGADV_OBJLIST_IDX_OBJ,SYS,WRI$_SEGADV_OBJLIST,1,TS_ID,ASC
SYS,WRI$_SEGADV_OBJLIST_IDX_OBJ,SYS,WRI$_SEGADV_OBJLIST,2,OBJN,ASC
SYS,WRI$_SEGADV_OBJLIST_IDX_OBJ,SYS,WRI$_SEGADV_OBJLIST,3,OBJD,ASC
SYS,WRI$_SEGADV_OBJLIST_IDX_OBJD,SYS,WRI$_SEGADV_OBJLIST,1,OBJD,ASC
SYS,WRI$_SEGADV_OBJLIST_IDX_TS,SYS,WRI$_SEGADV_OBJLIST,1,TS_ID,ASC
SYS,WRI$_SQLSET_BINDS_PK,SYS,WRI$_SQLSET_BINDS,1,STMT_ID,ASC
SYS,WRI$_SQLSET_BINDS_PK,SYS,WRI$_SQLSET_BINDS,2,PLAN_HASH_VALUE,ASC
SYS,WRI$_SQLSET_BINDS_PK,SYS,WRI$_SQLSET_BINDS,3,POSITION,ASC
SYS,WRI$_SQLSET_BINDS_PK,SYS,WRI$_SQLSET_BINDS,4,CON_DBID,ASC
SYS,WRI$_SQLSET_DEFINITIONS_IDX_01,SYS,WRI$_SQLSET_DEFINITIONS,1,NAME,ASC
SYS,WRI$_SQLSET_DEFINITIONS_IDX_01,SYS,WRI$_SQLSET_DEFINITIONS,2,OWNER,ASC
SYS,WRI$_SQLSET_DEFINITIONS_PK,SYS,WRI$_SQLSET_DEFINITIONS,1,ID,ASC
SYS,WRI$_SQLSET_MASK_PK,SYS,WRI$_SQLSET_MASK,1,STMT_ID,ASC
SYS,WRI$_SQLSET_MASK_PK,SYS,WRI$_SQLSET_MASK,2,PLAN_HASH_VALUE,ASC
SYS,WRI$_SQLSET_MASK_PK,SYS,WRI$_SQLSET_MASK,3,CON_DBID,ASC
SYS,WRI$_SQLSET_PLAN_LINES_PK,SYS,WRI$_SQLSET_PLAN_LINES,1,STMT_ID,ASC
SYS,WRI$_SQLSET_PLAN_LINES_PK,SYS,WRI$_SQLSET_PLAN_LINES,2,PLAN_HASH_VALUE,ASC
SYS,WRI$_SQLSET_PLAN_LINES_PK,SYS,WRI$_SQLSET_PLAN_LINES,3,ID,ASC
SYS,WRI$_SQLSET_PLAN_LINES_PK,SYS,WRI$_SQLSET_PLAN_LINES,4,CON_DBID,ASC
SYS,WRI$_SQLSET_PLANS_PK,SYS,WRI$_SQLSET_PLANS,1,STMT_ID,ASC
SYS,WRI$_SQLSET_PLANS_PK,SYS,WRI$_SQLSET_PLANS,2,PLAN_HASH_VALUE,ASC
SYS,WRI$_SQLSET_PLANS_PK,SYS,WRI$_SQLSET_PLANS,3,CON_DBID,ASC
SYS,WRI$_SQLSET_PLANS_TOCAP_PK,SYS,WRI$_SQLSET_PLANS_TOCAP,1,STMT_ID,ASC
SYS,WRI$_SQLSET_PLANS_TOCAP_PK,SYS,WRI$_SQLSET_PLANS_TOCAP,2,PLAN_HASH_VALUE,ASC
SYS,WRI$_SQLSET_PLANS_TOCAP_PK,SYS,WRI$_SQLSET_PLANS_TOCAP,3,CON_DBID,ASC
SYS,WRI$_SQLSET_REFERENCES_PK,SYS,WRI$_SQLSET_REFERENCES,1,ID,ASC
SYS,WRI$_SQLSET_REFERENCES_PK,SYS,WRI$_SQLSET_REFERENCES,2,SQLSET_ID,ASC
SYS,WRI$_SQLSET_STATEMENTS_IDX_01,SYS,WRI$_SQLSET_STATEMENTS,1,SQLSET_ID,ASC
SYS,WRI$_SQLSET_STATEMENTS_IDX_01,SYS,WRI$_SQLSET_STATEMENTS,2,SQL_ID,ASC
SYS,WRI$_SQLSET_STATEMENTS_IDX_01,SYS,WRI$_SQLSET_STATEMENTS,3,CON_DBID,ASC
SYS,WRI$_SQLSET_STATEMENTS_IDX_02,SYS,WRI$_SQLSET_STATEMENTS,1,SQLSET_ID,ASC
SYS,WRI$_SQLSET_STATEMENTS_IDX_02,SYS,WRI$_SQLSET_STATEMENTS,2,FORCE_MATCHING_SIGNATURE,ASC
SYS,WRI$_SQLSET_STATEMENTS_IDX_02,SYS,WRI$_SQLSET_STATEMENTS,3,CON_DBID,ASC
SYS,WRI$_SQLSET_STATEMENTS_PK,SYS,WRI$_SQLSET_STATEMENTS,1,ID,ASC
SYS,WRI$_SQLSET_STATEMENTS_PK,SYS,WRI$_SQLSET_STATEMENTS,2,CON_DBID,ASC
SYS,WRI$_SQLSET_STATISTICS_PK,SYS,WRI$_SQLSET_STATISTICS,1,STMT_ID,ASC
SYS,WRI$_SQLSET_STATISTICS_PK,SYS,WRI$_SQLSET_STATISTICS,2,PLAN_HASH_VALUE,ASC
SYS,WRI$_SQLSET_STATISTICS_PK,SYS,WRI$_SQLSET_STATISTICS,3,CON_DBID,ASC
SYS,WRI$_SQLSET_WORKSPACE_PK,SYS,WRI$_SQLSET_WORKSPACE,1,WORKSPACE_NAME,ASC
SYS,WRI$_SQLSET_WORKSPACE_PK,SYS,WRI$_SQLSET_WORKSPACE,2,SQLSET_NAME,ASC
SYS,WRI$_SQLSET_WORKSPACE_PK,SYS,WRI$_SQLSET_WORKSPACE,3,SQL_ID,ASC
SYS,WRI$_SQLSET_WORKSPACE_PK,SYS,WRI$_SQLSET_WORKSPACE,4,PLAN_HASH_VALUE,ASC
SYS,WRI$_SQLSET_WORKSPACE_PLANS_PK,SYS,WRI$_SQLSET_WORKSPACE_PLANS,1,PLAN_ID,ASC
SYS,WRI$_SQLSET_WORKSPACE_PLANS_PK,SYS,WRI$_SQLSET_WORKSPACE_PLANS,2,ID,ASC
SYS,WRI$_SQLTEXT_REFCOUNT_PK,SYS,WRI$_SQLTEXT_REFCOUNT,1,DBID,ASC
SYS,WRI$_SQLTEXT_REFCOUNT_PK,SYS,WRI$_SQLTEXT_REFCOUNT,2,SQL_ID,ASC
SYS,WRI$_SQLTEXT_REFCOUNT_PK,SYS,WRI$_SQLTEXT_REFCOUNT,3,CON_DBID,ASC
SYS,WRI$_STS_SENSITIVE_SQL_PK,SYS,WRI$_STS_SENSITIVE_SQL,1,SCRIPT_ID,ASC
SYS,WRI$_STS_SENSITIVE_SQL_PK,SYS,WRI$_STS_SENSITIVE_SQL,2,STMT_ID,ASC
SYS,WRI$_TRACING_IND1,SYS,WRI$_TRACING_ENABLED,1,TRACE_TYPE,ASC
SYS,WRI$_TRACING_IND1,SYS,WRI$_TRACING_ENABLED,2,PRIMARY_ID,ASC
SYS,WRI$_TRACING_IND1,SYS,WRI$_TRACING_ENABLED,3,QUALIFIER_ID1,ASC
SYS,WRI$_TRACING_IND1,SYS,WRI$_TRACING_ENABLED,4,QUALIFIER_ID2,ASC
SYS,WRI$_TRACING_IND1,SYS,WRI$_TRACING_ENABLED,5,INSTANCE_NAME,ASC
SYS,WRM$_ACTIVE_PDBS_BL,SYS,WRM$_ACTIVE_PDBS_BL,1,DBID,ASC
SYS,WRM$_ACTIVE_PDBS_BL,SYS,WRM$_ACTIVE_PDBS_BL,2,SNAP_ID,ASC
SYS,WRM$_ACTIVE_PDBS_BL,SYS,WRM$_ACTIVE_PDBS_BL,3,INSTANCE_NUMBER,ASC
SYS,WRM$_ACTIVE_PDBS_BL,SYS,WRM$_ACTIVE_PDBS_BL,4,PDBID,ASC
SYS,WRM$_ACTIVE_PDBS_BL,SYS,WRM$_ACTIVE_PDBS_BL,5,CON_DBID,ASC
SYS,WRM$_ACTIVE_PDBS_BL,SYS,WRM$_ACTIVE_PDBS_BL,6,TYPE,ASC
SYS,WRM$_ACTIVE_PDBS_PK,SYS,WRM$_ACTIVE_PDBS,1,DBID,ASC
SYS,WRM$_ACTIVE_PDBS_PK,SYS,WRM$_ACTIVE_PDBS,2,SNAP_ID,ASC
SYS,WRM$_ACTIVE_PDBS_PK,SYS,WRM$_ACTIVE_PDBS,3,INSTANCE_NUMBER,ASC
SYS,WRM$_ACTIVE_PDBS_PK,SYS,WRM$_ACTIVE_PDBS,4,PDBID,ASC
SYS,WRM$_ACTIVE_PDBS_PK,SYS,WRM$_ACTIVE_PDBS,5,CON_DBID,ASC
SYS,WRM$_ACTIVE_PDBS_PK,SYS,WRM$_ACTIVE_PDBS,6,TYPE,ASC
SYS,WRM$_BASELINE_DETAILS_PK,SYS,WRM$_BASELINE_DETAILS,1,DBID,ASC
SYS,WRM$_BASELINE_DETAILS_PK,SYS,WRM$_BASELINE_DETAILS,2,BASELINE_ID,ASC
SYS,WRM$_BASELINE_DETAILS_PK,SYS,WRM$_BASELINE_DETAILS,3,INSTANCE_NUMBER,ASC
SYS,WRM$_BASELINE_PK,SYS,WRM$_BASELINE,1,DBID,ASC
SYS,WRM$_BASELINE_PK,SYS,WRM$_BASELINE,2,BASELINE_ID,ASC
SYS,WRM$_BASELINE_TEMPLATE_PK,SYS,WRM$_BASELINE_TEMPLATE,1,DBID,ASC
SYS,WRM$_BASELINE_TEMPLATE_PK,SYS,WRM$_BASELINE_TEMPLATE,2,TEMPLATE_ID,ASC
SYS,WRM$_COLORED_SQL_PK,SYS,WRM$_COLORED_SQL,1,DBID,ASC
SYS,WRM$_COLORED_SQL_PK,SYS,WRM$_COLORED_SQL,2,SQL_ID,ASC
SYS,WRM$_COLORED_SQL_PK,SYS,WRM$_COLORED_SQL,3,OWNER,ASC
SYS,WRM$_DATABASE_INSTANCE_PK,SYS,WRM$_DATABASE_INSTANCE,1,DBID,ASC
SYS,WRM$_DATABASE_INSTANCE_PK,SYS,WRM$_DATABASE_INSTANCE,2,INSTANCE_NUMBER,ASC
SYS,WRM$_DATABASE_INSTANCE_PK,SYS,WRM$_DATABASE_INSTANCE,3,STARTUP_TIME,ASC
SYS,WRM$_PDB_IN_SNAP_BL_PK,SYS,WRM$_PDB_IN_SNAP_BL,1,DBID,ASC
SYS,WRM$_PDB_IN_SNAP_BL_PK,SYS,WRM$_PDB_IN_SNAP_BL,2,SNAP_ID,ASC
SYS,WRM$_PDB_IN_SNAP_BL_PK,SYS,WRM$_PDB_IN_SNAP_BL,3,INSTANCE_NUMBER,ASC
SYS,WRM$_PDB_IN_SNAP_BL_PK,SYS,WRM$_PDB_IN_SNAP_BL,4,CON_DBID,ASC
SYS,WRM$_PDB_IN_SNAP_PK,SYS,WRM$_PDB_IN_SNAP,1,DBID,ASC
SYS,WRM$_PDB_IN_SNAP_PK,SYS,WRM$_PDB_IN_SNAP,2,SNAP_ID,ASC
SYS,WRM$_PDB_IN_SNAP_PK,SYS,WRM$_PDB_IN_SNAP,3,INSTANCE_NUMBER,ASC
SYS,WRM$_PDB_IN_SNAP_PK,SYS,WRM$_PDB_IN_SNAP,4,CON_DBID,ASC
SYS,WRM$_PDB_INSTANCE_PK,SYS,WRM$_PDB_INSTANCE,1,DBID,ASC
SYS,WRM$_PDB_INSTANCE_PK,SYS,WRM$_PDB_INSTANCE,2,INSTANCE_NUMBER,ASC
SYS,WRM$_PDB_INSTANCE_PK,SYS,WRM$_PDB_INSTANCE,3,STARTUP_TIME,ASC
SYS,WRM$_PDB_INSTANCE_PK,SYS,WRM$_PDB_INSTANCE,4,CON_DBID,ASC
SYS,WRM$_PDB_INSTANCE_PK,SYS,WRM$_PDB_INSTANCE,5,OPEN_TIME,ASC
SYS,WRM$_SCH_CONTROL_PK,SYS,WRI$_SCH_CONTROL,1,SCHEDULE_ID,ASC
SYS,WRM$_SCH_VOTES_PK,SYS,WRI$_SCH_VOTES,1,SCHEDULE_ID,ASC
SYS,WRM$_SCH_VOTES_PK,SYS,WRI$_SCH_VOTES,2,VECTOR_INDEX,ASC
SYS,WRM$_SNAP_ERROR_BL_PK,SYS,WRM$_SNAP_ERROR_BL,1,DBID,ASC
SYS,WRM$_SNAP_ERROR_BL_PK,SYS,WRM$_SNAP_ERROR_BL,2,SNAP_ID,ASC
SYS,WRM$_SNAP_ERROR_BL_PK,SYS,WRM$_SNAP_ERROR_BL,3,INSTANCE_NUMBER,ASC
SYS,WRM$_SNAP_ERROR_BL_PK,SYS,WRM$_SNAP_ERROR_BL,4,TABLE_NAME,ASC
SYS,WRM$_SNAP_ERROR_BL_PK,SYS,WRM$_SNAP_ERROR_BL,5,STEP_ID,ASC
SYS,WRM$_SNAP_ERROR_PK,SYS,WRM$_SNAP_ERROR,1,DBID,ASC
SYS,WRM$_SNAP_ERROR_PK,SYS,WRM$_SNAP_ERROR,2,SNAP_ID,ASC
SYS,WRM$_SNAP_ERROR_PK,SYS,WRM$_SNAP_ERROR,3,INSTANCE_NUMBER,ASC
SYS,WRM$_SNAP_ERROR_PK,SYS,WRM$_SNAP_ERROR,4,TABLE_NAME,ASC
SYS,WRM$_SNAP_ERROR_PK,SYS,WRM$_SNAP_ERROR,5,STEP_ID,ASC
SYS,WRM$_SNAPSHOT_BL_PK,SYS,WRM$_SNAPSHOT_BL,1,DBID,ASC
SYS,WRM$_SNAPSHOT_BL_PK,SYS,WRM$_SNAPSHOT_BL,2,SNAP_ID,ASC
SYS,WRM$_SNAPSHOT_BL_PK,SYS,WRM$_SNAPSHOT_BL,3,INSTANCE_NUMBER,ASC
SYS,WRM$_SNAPSHOT_DETAILS_BL_INDEX,SYS,WRM$_SNAPSHOT_DETAILS_BL,1,DBID,ASC
SYS,WRM$_SNAPSHOT_DETAILS_BL_INDEX,SYS,WRM$_SNAPSHOT_DETAILS_BL,2,SNAP_ID,ASC
SYS,WRM$_SNAPSHOT_DETAILS_BL_INDEX,SYS,WRM$_SNAPSHOT_DETAILS_BL,3,INSTANCE_NUMBER,ASC
SYS,WRM$_SNAPSHOT_DETAILS_BL_INDEX,SYS,WRM$_SNAPSHOT_DETAILS_BL,4,TABLE_ID,ASC
SYS,WRM$_SNAPSHOT_DETAILS_BL_INDEX,SYS,WRM$_SNAPSHOT_DETAILS_BL,5,STEP_ID,ASC
SYS,WRM$_SNAPSHOT_DETAILS_INDEX,SYS,WRM$_SNAPSHOT_DETAILS,1,DBID,ASC
SYS,WRM$_SNAPSHOT_DETAILS_INDEX,SYS,WRM$_SNAPSHOT_DETAILS,2,SNAP_ID,ASC
SYS,WRM$_SNAPSHOT_DETAILS_INDEX,SYS,WRM$_SNAPSHOT_DETAILS,3,INSTANCE_NUMBER,ASC
SYS,WRM$_SNAPSHOT_DETAILS_INDEX,SYS,WRM$_SNAPSHOT_DETAILS,4,TABLE_ID,ASC
SYS,WRM$_SNAPSHOT_DETAILS_INDEX,SYS,WRM$_SNAPSHOT_DETAILS,5,STEP_ID,ASC
SYS,WRM$_SNAPSHOT_PK,SYS,WRM$_SNAPSHOT,1,DBID,ASC
SYS,WRM$_SNAPSHOT_PK,SYS,WRM$_SNAPSHOT,2,SNAP_ID,ASC
SYS,WRM$_SNAPSHOT_PK,SYS,WRM$_SNAPSHOT,3,INSTANCE_NUMBER,ASC
SYS,WRM$_TABLE_DEFAULT_SETTINGS_PK,SYS,WRM$_TABLE_DEFAULT_SETTINGS,1,TABLE_NAME,ASC
SYS,WRM$_TABLE_SETTINGS_PK,SYS,WRM$_TABLE_SETTINGS,1,DBID,ASC
SYS,WRM$_TABLE_SETTINGS_PK,SYS,WRM$_TABLE_SETTINGS,2,TABLE_NAME,ASC
SYS,WRM$_WR_CATALOG_PK,SYS,WRM$_WR_CATALOG,1,TABLE_NAME,ASC
SYS,WRM$_WR_CATALOG_PK,SYS,WRM$_WR_CATALOG,2,SYSTEM_NAME,ASC
SYS,WRM$_WR_CATALOG_UQ,SYS,WRM$_WR_CATALOG,1,TABLE_ID,ASC
SYS,WRM$_WR_CONTROL_PK,SYS,WRM$_WR_CONTROL,1,DBID,ASC
SYS,WRM$_WR_SETTINGS_UNIQUE,SYS,WRM$_WR_SETTINGS,1,SYS_NC00003$,ASC
SYS,WRM$_WR_USAGE_INDEX,SYS,WRM$_WR_USAGE,1,USAGE_TIME,ASC
SYS,WRP$_REPORTS_CONTROL_IDX01,SYS,WRP$_REPORTS_CONTROL,1,DBID,ASC
SYS,WRP$_REPORTS_DETAILS_IDX01,SYS,WRP$_REPORTS_DETAILS,1,REPORT_ID,ASC
SYS,WRP$_REPORTS_DETAILS_IDX02,SYS,WRP$_REPORTS_DETAILS,1,GENERATION_TIME,ASC
SYS,WRP$_REPORTS_DETAILS_IDX02,SYS,WRP$_REPORTS_DETAILS,2,DBID,ASC
SYS,WRP$_REPORTS_DETAILS_IDX02,SYS,WRP$_REPORTS_DETAILS,3,REPORT_ID,ASC
SYS,WRP$_REPORTS_IDX01,SYS,WRP$_REPORTS,1,KEY1,ASC
SYS,WRP$_REPORTS_IDX01,SYS,WRP$_REPORTS,2,KEY2,ASC
SYS,WRP$_REPORTS_IDX01,SYS,WRP$_REPORTS,3,KEY3,ASC
SYS,WRP$_REPORTS_IDX02,SYS,WRP$_REPORTS,1,GENERATION_TIME,ASC
SYS,WRP$_REPORTS_IDX02,SYS,WRP$_REPORTS,2,DBID,ASC
SYS,WRP$_REPORTS_IDX02,SYS,WRP$_REPORTS,3,COMPONENT_NAME,ASC
SYS,WRP$_REPORTS_IDX02,SYS,WRP$_REPORTS,4,REPORT_ID,ASC
SYS,WRR$_CAPTURE_BUCKETS_PK,SYS,WRR$_CAPTURE_BUCKETS,1,CAPTURE_ID,ASC
SYS,WRR$_CAPTURE_BUCKETS_PK,SYS,WRR$_CAPTURE_BUCKETS,2,BUCKET_ID,ASC
SYS,WRR$_CAPTURE_FILE_DETAILS_PK,SYS,WRR$_CAPTURE_FILE_DETAILS,1,CAP_FILE_ID,ASC
SYS,WRR$_CAPTURE_FILE_DETAILS_PK,SYS,WRR$_CAPTURE_FILE_DETAILS,2,OBJECT_ID,ASC
SYS,WRR$_CAPTURE_FILE_DETAILS_PK,SYS,WRR$_CAPTURE_FILE_DETAILS,3,ACTION_CODE,ASC
SYS,WRR$_CAPTURE_FILES_PK,SYS,WRR$_CAPTURE_FILES,1,CAPTURE_ID,ASC
SYS,WRR$_CAPTURE_FILES_PK,SYS,WRR$_CAPTURE_FILES,2,CAP_FILE_ID,ASC
SYS,WRR$_CAPTURE_LONG_SQLTEXT_PK,SYS,WRR$_CAPTURE_LONG_SQLTEXT,1,CAPTURE_ID,ASC
SYS,WRR$_CAPTURE_LONG_SQLTEXT_PK,SYS,WRR$_CAPTURE_LONG_SQLTEXT,2,SQL_ID,ASC
SYS,WRR$_CAPTURE_SCHEMA_INFO_IDX,SYS,WRR$_CAPTURE_SCHEMA_INFO,1,CAPTURE_ID,ASC
SYS,WRR$_CAPTURE_SCHEMA_INFO_IDX,SYS,WRR$_CAPTURE_SCHEMA_INFO,2,SQL_ID,ASC
SYS,WRR$_CAPTURES_PK,SYS,WRR$_CAPTURES,1,ID,ASC
SYS,WRR$_CAPTURE_SQLTEXT_PK,SYS,WRR$_CAPTURE_SQLTEXT,1,CAPTURE_ID,ASC
SYS,WRR$_CAPTURE_SQLTEXT_PK,SYS,WRR$_CAPTURE_SQLTEXT,2,SQL_ID,ASC
SYS,WRR$_CAPTURE_STATS_PK,SYS,WRR$_CAPTURE_STATS,1,ID,ASC
SYS,WRR$_CAPTURE_STATS_PK,SYS,WRR$_CAPTURE_STATS,2,INSTANCE_NUMBER,ASC
SYS,WRR$_CAPTURE_STATS_PK,SYS,WRR$_CAPTURE_STATS,3,STARTUP_TIME,ASC
SYS,WRR$_CONN_DATA_PK,SYS,WRR$_REPLAY_CONN_DATA,1,CONN_ID,ASC
SYS,WRR$_CONN_DATA_PK,SYS,WRR$_REPLAY_CONN_DATA,2,SLAVE_ID,ASC
SYS,WRR$_CONNECTION_MAP_PK,SYS,WRR$_CONNECTION_MAP,1,REPLAY_ID,ASC
SYS,WRR$_CONNECTION_MAP_PK,SYS,WRR$_CONNECTION_MAP,2,CONN_ID,ASC
SYS,WRR$_FILE_ID_MAP_PK,SYS,WRR$_FILE_ID_MAP,1,CAP_FILE_ID,ASC
SYS,WRR$_FILE_ID_MAP_PK,SYS,WRR$_FILE_ID_MAP,2,SCHEDULE_CAP_ID,ASC
SYS,WRR$_FILTERS_PK,SYS,WRR$_FILTERS,1,WRR_ID,ASC
SYS,WRR$_FILTERS_PK,SYS,WRR$_FILTERS,2,FILTER_TYPE,ASC
SYS,WRR$_FILTERS_PK,SYS,WRR$_FILTERS,3,NAME,ASC
SYS,WRR$_MASKING_PARAMETERS_PK,SYS,WRR$_MASKING_PARAMETERS,1,SCRIPT_ID,ASC
SYS,WRR$_MASKING_PARAMETERS_PK,SYS,WRR$_MASKING_PARAMETERS,2,NAME,ASC
SYS,WRR$_REPLAY_CALL_FILTER_PK,SYS,WRR$_REPLAY_CALL_FILTER,1,FILE_ID,ASC
SYS,WRR$_REPLAY_CALL_FILTER_PK,SYS,WRR$_REPLAY_CALL_FILTER,2,CALL_COUNTER_BEGIN,ASC
SYS,WRR$_REPLAY_CALL_FILTER_PK,SYS,WRR$_REPLAY_CALL_FILTER,3,CALL_COUNTER_END,ASC
SYS,WRR$_REPLAY_DATA_PK,SYS,WRR$_REPLAY_DATA,1,FILE_ID,ASC
SYS,WRR$_REPLAY_DATA_PK,SYS,WRR$_REPLAY_DATA,2,CALL_CTR,ASC
SYS,WRR$_REPLAY_DATA_PK,SYS,WRR$_REPLAY_DATA,3,RANK,ASC
SYS,WRR$_REPLAY_DATA_PK,SYS,WRR$_REPLAY_DATA,4,DATA_TYPE,ASC
SYS,WRR$_REPLAY_DIRS_PK,SYS,WRR$_REPLAY_DIRECTORY,1,DIRECTORY,ASC
SYS,WRR$_REPLAY_DIVERGENCE_IDX,SYS,WRR$_REPLAY_DIVERGENCE,1,INSTANCE_NUMBER,ASC
SYS,WRR$_REPLAY_DIVERGENCE_IDX,SYS,WRR$_REPLAY_DIVERGENCE,2,FILE_ID,ASC
SYS,WRR$_REPLAY_DIVERGENCE_IDX,SYS,WRR$_REPLAY_DIVERGENCE,3,ID,ASC
SYS,WRR$_REPLAY_DIV_SUMMARY_INDEX,SYS,WRR$_REPLAY_DIV_SUMMARY,1,INSTANCE_NUMBER,ASC
SYS,WRR$_REPLAY_DIV_SUMMARY_INDEX,SYS,WRR$_REPLAY_DIV_SUMMARY,2,FILE_ID,ASC
SYS,WRR$_REPLAY_DIV_SUMMARY_INDEX,SYS,WRR$_REPLAY_DIV_SUMMARY,3,REPLAY_ID,ASC
SYS,WRR$_REPLAY_FILES_PK,SYS,WRR$_REPLAY_FILES,1,CAP_FILE_ID,ASC
SYS,WRR$_REPLAY_FILES_PK,SYS,WRR$_REPLAY_FILES,2,SCHEDULE_CAP_ID,ASC
SYS,WRR$_REPLAY_FILTER_SET_PK,SYS,WRR$_REPLAY_FILTER_SET,1,CAPTURE_ID,ASC
SYS,WRR$_REPLAY_FILTER_SET_PK,SYS,WRR$_REPLAY_FILTER_SET,2,SET_NAME,ASC
SYS,WRR$_REPLAY_FILTER_SET_PK,SYS,WRR$_REPLAY_FILTER_SET,3,FILTER_NAME,ASC
SYS,WRR$_REPLAY_GROUP_ASSIGNS_PK,SYS,WRR$_REPLAY_GROUP_ASSIGNMENTS,1,REPLAY_DIR_NUMBER,ASC
SYS,WRR$_REPLAY_GROUP_ASSIGNS_PK,SYS,WRR$_REPLAY_GROUP_ASSIGNMENTS,2,INST_ID,ASC
SYS,WRR$_REPLAY_GROUP_ASSIGNS_PK,SYS,WRR$_REPLAY_GROUP_ASSIGNMENTS,3,GID,ASC
SYS,WRR$_REPLAY_IFSLA_PK,SYS,WRR$_REPLAY_IFSLA,1,UNAME,ASC
SYS,WRR$_REPLAY_INSTANCES_PK,SYS,WRR$_REPLAY_INSTANCES,1,REPLAY_DIR_NUMBER,ASC
SYS,WRR$_REPLAY_INSTANCES_PK,SYS,WRR$_REPLAY_INSTANCES,2,INST_ID,ASC
SYS,WRR$_REPLAY_LOGIN_QUEUE_PK,SYS,WRR$_REPLAY_LOGIN_QUEUE,1,CAP_FILE_ID,ASC
SYS,WRR$_REPLAY_REMAPPING_PK,SYS,WRR$_REPLAY_COMMIT_REMAPPING,1,FILE_ID,ASC
SYS,WRR$_REPLAY_REMAPPING_PK,SYS,WRR$_REPLAY_COMMIT_REMAPPING,2,COMMIT_SCN,ASC
SYS,WRR$_REPLAY_SCHEDULES_PK,SYS,WRR$_REPLAY_SCHEDULES,1,SCHEDULE_NAME,ASC
SYS,WRR$_REPLAY_SCN_ORDER_PK,SYS,WRR$_REPLAY_SCN_ORDER,1,SCHEDULE_CAP_ID,ASC
SYS,WRR$_REPLAY_SCN_ORDER_PK,SYS,WRR$_REPLAY_SCN_ORDER,2,POST_COMMIT_SCN,ASC
SYS,WRR$_REPLAY_SCN_ORDER_PK,SYS,WRR$_REPLAY_SCN_ORDER,3,STREAM_ID,ASC
SYS,WRR$_REPLAY_SEQ_DATA_PK,SYS,WRR$_REPLAY_SEQ_DATA,1,SCHEDULE_CAP_ID,ASC
SYS,WRR$_REPLAY_SEQ_DATA_PK,SYS,WRR$_REPLAY_SEQ_DATA,2,FILE_ID,ASC
SYS,WRR$_REPLAY_SEQ_DATA_PK,SYS,WRR$_REPLAY_SEQ_DATA,3,CALL_CTR,ASC
SYS,WRR$_REPLAY_SEQ_DATA_PK,SYS,WRR$_REPLAY_SEQ_DATA,4,RANK,ASC
SYS,WRR$_REPLAY_SEQ_DATA_PK,SYS,WRR$_REPLAY_SEQ_DATA,5,SEQ_NAME,ASC
SYS,WRR$_REPLAY_SEQ_DATA_PK,SYS,WRR$_REPLAY_SEQ_DATA,6,SEQ_BNM,ASC
SYS,WRR$_REPLAY_SEQ_DATA_PK,SYS,WRR$_REPLAY_SEQ_DATA,7,SEQ_BOW,ASC
SYS,WRR$_REPLAYS_PK,SYS,WRR$_REPLAYS,1,ID,ASC
SYS,WRR$_REPLAY_SQL_BINDS_PK,SYS,WRR$_REPLAY_SQL_BINDS,1,CAPTURE_ID,ASC
SYS,WRR$_REPLAY_SQL_BINDS_PK,SYS,WRR$_REPLAY_SQL_BINDS,2,FILE_ID,ASC
SYS,WRR$_REPLAY_SQL_BINDS_PK,SYS,WRR$_REPLAY_SQL_BINDS,3,CALL_COUNTER,ASC
SYS,WRR$_REPLAY_SQL_BINDS_PK,SYS,WRR$_REPLAY_SQL_BINDS,4,ITERATION,ASC
SYS,WRR$_REPLAY_SQL_BINDS_PK,SYS,WRR$_REPLAY_SQL_BINDS,5,BIND_POS,ASC
SYS,WRR$_REPLAY_SQL_MAP_PK,SYS,WRR$_REPLAY_SQL_MAP,1,REPLAY_ID,ASC
SYS,WRR$_REPLAY_SQL_MAP_PK,SYS,WRR$_REPLAY_SQL_MAP,2,SCHEDULE_CAP_ID,ASC
SYS,WRR$_REPLAY_SQL_MAP_PK,SYS,WRR$_REPLAY_SQL_MAP,3,SQL_ID,ASC
SYS,WRR$_REPLAY_SQL_TEXT_PK,SYS,WRR$_REPLAY_SQL_TEXT,1,SQL_ID,ASC
SYS,WRR$_REPLAY_STATS_PK,SYS,WRR$_REPLAY_STATS,1,ID,ASC
SYS,WRR$_REPLAY_STATS_PK,SYS,WRR$_REPLAY_STATS,2,INSTANCE_NUMBER,ASC
SYS,WRR$_REPLAY_STATS_PK,SYS,WRR$_REPLAY_STATS,3,STARTUP_TIME,ASC
SYS,WRR$_REPLAY_TRACKED_COMMITS_PK,SYS,WRR$_REPLAY_TRACKED_COMMITS,1,REPLAY_DIR_NUMBER,ASC
SYS,WRR$_REPLAY_TRACKED_COMMITS_PK,SYS,WRR$_REPLAY_TRACKED_COMMITS,2,FILE_ID,ASC
SYS,WRR$_REPLAY_TRACKED_COMMITS_PK,SYS,WRR$_REPLAY_TRACKED_COMMITS,3,CALL_CTR,ASC
SYS,WRR$_SCHEDULE_CAPTURES_PK,SYS,WRR$_SCHEDULE_CAPTURES,1,SCHEDULE_NAME,ASC
SYS,WRR$_SCHEDULE_CAPTURES_PK,SYS,WRR$_SCHEDULE_CAPTURES,2,SCHEDULE_CAP_ID,ASC
SYS,WRR$_WKLD_REPLAY_THREAD_IDX,SYS,WRR$_WORKLOAD_REPLAY_THREAD,1,INST_ID,ASC
SYS,WRR$_WKLD_REPLAY_THREAD_IDX,SYS,WRR$_WORKLOAD_REPLAY_THREAD,2,FILE_ID,ASC
SYS,WRR$_WKLD_REPLAY_THREAD_IDX,SYS,WRR$_WORKLOAD_REPLAY_THREAD,3,REPLAY_DIR_NUMBER,ASC
SYS,WRR$_WORKLOAD_ATTRIBUTES_PK,SYS,WRR$_WORKLOAD_ATTRIBUTES,1,CAPTURE_ID,ASC
SYS,WRR$_WORKLOAD_ATTRIBUTES_PK,SYS,WRR$_WORKLOAD_ATTRIBUTES,2,REPLAY_ID,ASC
SYS,WRR$_WORKLOAD_ATTRIBUTES_PK,SYS,WRR$_WORKLOAD_ATTRIBUTES,3,NAME,ASC
SYS,WRR$_WORKLOAD_EX_OBJECTS_PK,SYS,WRR$_WORKLOAD_EX_OBJECTS,1,OBJECT_ID,ASC
SYS,WRR$_WORKLOAD_GROUPS_PK,SYS,WRR$_WORKLOAD_GROUPS,1,GID,ASC
SYS,WRWC$_EXP_CONTROL_PK,SYS,WRWC$_EXP_CONTROL,1,DBID,ASC
SYS,WRWC$_EXP_CONTROL_PK,SYS,WRWC$_EXP_CONTROL,2,SVC_ID,ASC
SYS,WRW$_CLIENT_DELIVERY_SVC_PK,SYS,WRW$_CLIENT_DELIVERY_SVC,1,SERVICE_NAME,ASC
SYS,WRW$_CLIENT_MAILPKG_PK,SYS,WRW$_CLIENT_MAILPKG,1,CLIENT_NAME,ASC
SYS,WRW$_CLIENT_MAILPKG_PK,SYS,WRW$_CLIENT_MAILPKG,2,SEQ_NUM,ASC
SYS,WRW$_DOWNLOAD_STATS_PK,SYS,WRW$_DOWNLOAD_STATS,1,HUB_ACCOUNT,ASC
SYS,WRW$_DOWNLOAD_STATS_PK,SYS,WRW$_DOWNLOAD_STATS,2,SVC_ID,ASC
SYS,WRW$_SERVER_MAILPKG_PK,SYS,WRW$_SERVER_MAILPKG,1,CLIENT_NAME,ASC
SYS,WRW$_SERVER_MAILPKG_PK,SYS,WRW$_SERVER_MAILPKG,2,SEQ_NUM,ASC
SYS,WRWS$_WAREHOUSE_REG_PK,SYS,WRWS$_WAREHOUSE_REGISTRATION,1,CLIENT_NAME,ASC
SYS,WRWS$_WAREHOUSE_REG_PK,SYS,WRWS$_WAREHOUSE_REGISTRATION,2,SRC_DBID,ASC
SYS,WRWS$_WAREHOUSE_REG_U,SYS,WRWS$_WAREHOUSE_REGISTRATION,1,WH_DBID,ASC
SYS,WRWS$_WAREHOUSE_REG_U2,SYS,WRWS$_WAREHOUSE_REGISTRATION,1,HUB_ACCOUNT,ASC
SYS,WRW$_UPLOAD_STATS_PK,SYS,WRW$_UPLOAD_STATS,1,HUB_ACCOUNT,ASC
SYS,WRW$_UPLOAD_STATS_PK,SYS,WRW$_UPLOAD_STATS,2,SVC_ID,ASC
SYS,WRW$_WAREHOUSE_CONFIG_PK,SYS,WRW$_WAREHOUSE_CONFIG,1,NODE_ID,ASC
SYS,WRW$_WAREHOUSE_CONFIG_U,SYS,WRW$_WAREHOUSE_CONFIG,1,NODE_NAME,ASC
SYS,XS$ACE_PK,SYS,XS$ACE,1,ACL#,ASC
SYS,XS$ACE_PK,SYS,XS$ACE,2,ORDER#,ASC
SYS,XS$ACE_PRIV_UK,SYS,XS$ACE_PRIV,1,ACL#,ASC
SYS,XS$ACE_PRIV_UK,SYS,XS$ACE_PRIV,2,ACE_ORDER#,ASC
SYS,XS$ACE_PRIV_UK,SYS,XS$ACE_PRIV,3,PRIV#,ASC
SYS,XS$ACL_PARAM_I1,SYS,XS$ACL_PARAM,1,PNAME,ASC
SYS,XS$ACL_PARAM_I1,SYS,XS$ACL_PARAM,2,XDSID#,ASC
SYS,XS$ACL_PARAM_I1,SYS,XS$ACL_PARAM,3,ACL#,ASC
SYS,XS$ACL_PARAM_I2,SYS,XS$ACL_PARAM,1,PVALUE1,ASC
SYS,XS$ACL_PARAM_I3,SYS,XS$ACL_PARAM,1,SYS_NC00006$,ASC
SYS,XS$ACL_PK,SYS,XS$ACL,1,ACL#,ASC
SYS,XS$AGGR_PRIV_UK,SYS,XS$AGGR_PRIV,1,SC#,ASC
SYS,XS$AGGR_PRIV_UK,SYS,XS$AGGR_PRIV,2,AGGR_PRIV#,ASC
SYS,XS$AGGR_PRIV_UK,SYS,XS$AGGR_PRIV,3,IMPLIED_PRIV#,ASC
SYS,XS$ATTR_SEC_UK,SYS,XS$ATTR_SEC,1,XDSID#,ASC
SYS,XS$ATTR_SEC_UK,SYS,XS$ATTR_SEC,2,ATTR_NAME,ASC
SYS,XS$ATTR_SEC_UK,SYS,XS$ATTR_SEC,3,PRIV#,ASC
SYS,XS$DSEC_INSTSET_UK,SYS,XS$INSTSET_LIST,1,XDSID#,ASC
SYS,XS$DSEC_INSTSET_UK,SYS,XS$INSTSET_LIST,2,ORDER#,ASC
SYS,XS$DSEC_PK,SYS,XS$DSEC,1,XDSID#,ASC
SYS,XS$INSTSET_INH_KEY_UK,SYS,XS$INSTSET_INH_KEY,1,XDSID#,ASC
SYS,XS$INSTSET_INH_KEY_UK,SYS,XS$INSTSET_INH_KEY,2,ORDER#,ASC
SYS,XS$INSTSET_INH_KEY_UK,SYS,XS$INSTSET_INH_KEY,3,PKEY,ASC
SYS,XS$INSTSET_INH_PK,SYS,XS$INSTSET_INH,1,XDSID#,ASC
SYS,XS$INSTSET_INH_PK,SYS,XS$INSTSET_INH,2,ORDER#,ASC
SYS,XS$INSTSET_RULE_PK,SYS,XS$INSTSET_RULE,1,XDSID#,ASC
SYS,XS$INSTSET_RULE_PK,SYS,XS$INSTSET_RULE,2,ORDER#,ASC
SYS,XS$NSTMPL_ATTR_I1,SYS,XS$NSTMPL_ATTR,1,NS#,ASC
SYS,XS$NSTMPL_ATTR_I1,SYS,XS$NSTMPL_ATTR,2,SYS_NC00005$,ASC
SYS,XS$NSTMPL_PK,SYS,XS$NSTMPL,1,NS#,ASC
SYS,XS$OBJ_PK,SYS,XS$OBJ,1,ID,ASC
SYS,XS$OBJ_UK,SYS,XS$OBJ,1,NAME,ASC
SYS,XS$OBJ_UK,SYS,XS$OBJ,2,OWNER,ASC
SYS,XS$OBJ_UK,SYS,XS$OBJ,3,TENANT,ASC
SYS,XS$OBJ_UK,SYS,XS$OBJ,4,TYPE,ASC
SYS,XS$POLICY_PARAM,SYS,XS$POLICY_PARAM,1,PNAME,ASC
SYS,XS$POLICY_PARAM,SYS,XS$POLICY_PARAM,2,XDSID#,ASC
SYS,XS$PRIN_PK,SYS,XS$PRIN,1,PRIN#,ASC
SYS,XS$PRIV_I1,SYS,XS$PRIV,1,PRIV#,ASC
SYS,XS$PROXY_ROLE_UK,SYS,XS$PROXY_ROLE,1,PROXY#,ASC
SYS,XS$PROXY_ROLE_UK,SYS,XS$PROXY_ROLE,2,CLIENT#,ASC
SYS,XS$PROXY_ROLE_UK,SYS,XS$PROXY_ROLE,3,ROLE#,ASC
SYS,XS$ROLE_GRANT_UK,SYS,XS$ROLE_GRANT,1,GRANTEE#,ASC
SYS,XS$ROLE_GRANT_UK,SYS,XS$ROLE_GRANT,2,ROLE#,ASC
SYS,XS$ROLESET_PK,SYS,XS$ROLESET,1,RSID#,ASC
SYS,XS$ROLESET_ROLES_UK,SYS,XS$ROLESET_ROLES,1,RSID#,ASC
SYS,XS$ROLESET_ROLES_UK,SYS,XS$ROLESET_ROLES,2,ROLE#,ASC
SYS,XS$SC_PRIV_UK,SYS,XS$PRIV,1,SC#,ASC
SYS,XS$SC_PRIV_UK,SYS,XS$PRIV,2,PRIV#,ASC
SYS,XS$SECCLS_H_UK,SYS,XS$SECCLS_H,1,SC#,ASC
SYS,XS$SECCLS_H_UK,SYS,XS$SECCLS_H,2,PARENT_SC#,ASC
SYS,XS$SECCLS_PK,SYS,XS$SECCLS,1,SC#,ASC
SYS,XS$TENANT_PK,SYS,XS$TENANT,1,NAME,ASC
SYS,XS$WORKSPACE_PK,SYS,XS$WORKSPACE,1,NAME,ASC
SYSTEM,AQ$_KEY_SHARD_MAP_PK,SYSTEM,AQ$_KEY_SHARD_MAP,1,QUEUE,ASC
SYSTEM,AQ$_KEY_SHARD_MAP_PK,SYSTEM,AQ$_KEY_SHARD_MAP,2,KEY,ASC
SYSTEM,AQ$_QUEUES_CHECK,SYSTEM,AQ$_QUEUES,1,NAME,ASC
SYSTEM,AQ$_QUEUES_CHECK,SYSTEM,AQ$_QUEUES,2,TABLE_OBJNO,ASC
SYSTEM,AQ$_QUEUES_PRIMARY,SYSTEM,AQ$_QUEUES,1,OID,ASC
SYSTEM,AQ$_QUEUE_TABLES_PRIMARY,SYSTEM,AQ$_QUEUE_TABLES,1,OBJNO,ASC
SYSTEM,AQ$_SCHEDULES_CHECK,SYSTEM,AQ$_SCHEDULES,1,JOBNO,ASC
SYSTEM,AQ$_SCHEDULES_PRIMARY,SYSTEM,AQ$_SCHEDULES,1,OID,ASC
SYSTEM,AQ$_SCHEDULES_PRIMARY,SYSTEM,AQ$_SCHEDULES,2,DESTINATION,ASC
SYSTEM,HELP_TOPIC_SEQ,SYSTEM,HELP,1,TOPIC,ASC
SYSTEM,HELP_TOPIC_SEQ,SYSTEM,HELP,2,SEQ,ASC
SYSTEM,I1_QUEUES,SYSTEM,AQ$_QUEUES,1,NAME,ASC
SYSTEM,I1_QUEUES,SYSTEM,AQ$_QUEUES,2,EVENTID,ASC
SYSTEM,I1_QUEUES,SYSTEM,AQ$_QUEUES,3,TABLE_OBJNO,ASC
SYSTEM,I1_QUEUE_TABLES,SYSTEM,AQ$_QUEUE_TABLES,1,OBJNO,ASC
SYSTEM,I1_QUEUE_TABLES,SYSTEM,AQ$_QUEUE_TABLES,2,SCHEMA,ASC
SYSTEM,I1_QUEUE_TABLES,SYSTEM,AQ$_QUEUE_TABLES,3,FLAGS,ASC
SYSTEM,LOGMNR_AGE_SPILL$_PK,SYSTEM,LOGMNR_AGE_SPILL$,1,SESSION#,ASC
SYSTEM,LOGMNR_AGE_SPILL$_PK,SYSTEM,LOGMNR_AGE_SPILL$,2,PDBID,ASC
SYSTEM,LOGMNR_AGE_SPILL$_PK,SYSTEM,LOGMNR_AGE_SPILL$,3,XIDUSN,ASC
SYSTEM,LOGMNR_AGE_SPILL$_PK,SYSTEM,LOGMNR_AGE_SPILL$,4,XIDSLT,ASC
SYSTEM,LOGMNR_AGE_SPILL$_PK,SYSTEM,LOGMNR_AGE_SPILL$,5,XIDSQN,ASC
SYSTEM,LOGMNR_AGE_SPILL$_PK,SYSTEM,LOGMNR_AGE_SPILL$,6,CHUNK,ASC
SYSTEM,LOGMNR_AGE_SPILL$_PK,SYSTEM,LOGMNR_AGE_SPILL$,7,SEQUENCE#,ASC
SYSTEM,LOGMNRC_CONCOL_GG_PK,SYSTEM,LOGMNRC_CONCOL_GG,1,LOGMNR_UID,ASC
SYSTEM,LOGMNRC_CONCOL_GG_PK,SYSTEM,LOGMNRC_CONCOL_GG,2,CON#,ASC
SYSTEM,LOGMNRC_CONCOL_GG_PK,SYSTEM,LOGMNRC_CONCOL_GG,3,COMMIT_SCN,ASC
SYSTEM,LOGMNRC_CONCOL_GG_PK,SYSTEM,LOGMNRC_CONCOL_GG,4,INTCOL#,ASC
SYSTEM,LOGMNRC_CON_GG_PK,SYSTEM,LOGMNRC_CON_GG,1,LOGMNR_UID,ASC
SYSTEM,LOGMNRC_CON_GG_PK,SYSTEM,LOGMNRC_CON_GG,2,CON#,ASC
SYSTEM,LOGMNRC_CON_GG_PK,SYSTEM,LOGMNRC_CON_GG,3,COMMIT_SCN,ASC
SYSTEM,LOGMNRC_DBNAME_UID_MAP_PK,SYSTEM,LOGMNRC_DBNAME_UID_MAP,1,GLOBAL_NAME,ASC
SYSTEM,LOGMNRC_DBNAME_UID_MAP_PK,SYSTEM,LOGMNRC_DBNAME_UID_MAP,2,LOGMNR_MDH,ASC
SYSTEM,LOGMNRC_GSBA_PK,SYSTEM,LOGMNRC_GSBA,1,LOGMNR_UID,ASC
SYSTEM,LOGMNRC_GSBA_PK,SYSTEM,LOGMNRC_GSBA,2,AS_OF_SCN,ASC
SYSTEM,LOGMNRC_GSII_PK,SYSTEM,LOGMNRC_GSII,1,LOGMNR_UID,ASC
SYSTEM,LOGMNRC_GSII_PK,SYSTEM,LOGMNRC_GSII,2,OBJ#,ASC
SYSTEM,LOGMNRC_GTCS_PK,SYSTEM,LOGMNRC_GTCS,1,LOGMNR_UID,ASC
SYSTEM,LOGMNRC_GTCS_PK,SYSTEM,LOGMNRC_GTCS,2,OBJ#,ASC
SYSTEM,LOGMNRC_GTCS_PK,SYSTEM,LOGMNRC_GTCS,3,OBJV#,ASC
SYSTEM,LOGMNRC_GTCS_PK,SYSTEM,LOGMNRC_GTCS,4,INTCOL#,ASC
SYSTEM,LOGMNRC_GTLO_PK,SYSTEM,LOGMNRC_GTLO,1,LOGMNR_UID,ASC
SYSTEM,LOGMNRC_GTLO_PK,SYSTEM,LOGMNRC_GTLO,2,KEYOBJ#,ASC
SYSTEM,LOGMNRC_GTLO_PK,SYSTEM,LOGMNRC_GTLO,3,BASEOBJV#,ASC
SYSTEM,LOGMNRC_INDCOL_GG_PK,SYSTEM,LOGMNRC_INDCOL_GG,1,LOGMNR_UID,ASC
SYSTEM,LOGMNRC_INDCOL_GG_PK,SYSTEM,LOGMNRC_INDCOL_GG,2,OBJ#,ASC
SYSTEM,LOGMNRC_INDCOL_GG_PK,SYSTEM,LOGMNRC_INDCOL_GG,3,COMMIT_SCN,ASC
SYSTEM,LOGMNRC_INDCOL_GG_PK,SYSTEM,LOGMNRC_INDCOL_GG,4,INTCOL#,ASC
SYSTEM,LOGMNRC_IND_GG_PK,SYSTEM,LOGMNRC_IND_GG,1,LOGMNR_UID,ASC
SYSTEM,LOGMNRC_IND_GG_PK,SYSTEM,LOGMNRC_IND_GG,2,OBJ#,ASC
SYSTEM,LOGMNRC_IND_GG_PK,SYSTEM,LOGMNRC_IND_GG,3,COMMIT_SCN,ASC
SYSTEM,LOGMNRC_I1CONGG,SYSTEM,LOGMNRC_CON_GG,1,LOGMNR_UID,ASC
SYSTEM,LOGMNRC_I1CONGG,SYSTEM,LOGMNRC_CON_GG,2,BASEOBJ#,ASC
SYSTEM,LOGMNRC_I1CONGG,SYSTEM,LOGMNRC_CON_GG,3,BASEOBJV#,ASC
SYSTEM,LOGMNRC_I1CONGG,SYSTEM,LOGMNRC_CON_GG,4,COMMIT_SCN,ASC
SYSTEM,LOGMNRC_I1INDGG,SYSTEM,LOGMNRC_IND_GG,1,LOGMNR_UID,ASC
SYSTEM,LOGMNRC_I1INDGG,SYSTEM,LOGMNRC_IND_GG,2,BASEOBJ#,ASC
SYSTEM,LOGMNRC_I1INDGG,SYSTEM,LOGMNRC_IND_GG,3,BASEOBJV#,ASC
SYSTEM,LOGMNRC_I1INDGG,SYSTEM,LOGMNRC_IND_GG,4,COMMIT_SCN,ASC
SYSTEM,LOGMNRC_I1SHARD_TS,SYSTEM,LOGMNRC_SHARD_TS,1,LOGMNR_UID,ASC
SYSTEM,LOGMNRC_I1SHARD_TS,SYSTEM,LOGMNRC_SHARD_TS,2,DROP_SCN,ASC
SYSTEM,LOGMNRC_I1TS,SYSTEM,LOGMNRC_TS,1,LOGMNR_UID,ASC
SYSTEM,LOGMNRC_I1TS,SYSTEM,LOGMNRC_TS,2,DROP_SCN,ASC
SYSTEM,LOGMNRC_I1TSPART,SYSTEM,LOGMNRC_TSPART,1,LOGMNR_UID,ASC
SYSTEM,LOGMNRC_I1TSPART,SYSTEM,LOGMNRC_TSPART,2,DROP_SCN,ASC
SYSTEM,LOGMNRC_I1USER,SYSTEM,LOGMNRC_USER,1,LOGMNR_UID,ASC
SYSTEM,LOGMNRC_I1USER,SYSTEM,LOGMNRC_USER,2,NAME,ASC
SYSTEM,LOGMNRC_I1USER,SYSTEM,LOGMNRC_USER,3,START_SCN,ASC
SYSTEM,LOGMNRC_I2CONGG,SYSTEM,LOGMNRC_CON_GG,1,LOGMNR_UID,ASC
SYSTEM,LOGMNRC_I2CONGG,SYSTEM,LOGMNRC_CON_GG,2,DROP_SCN,ASC
SYSTEM,LOGMNRC_I2GTCS,SYSTEM,LOGMNRC_GTCS,1,LOGMNR_UID,ASC
SYSTEM,LOGMNRC_I2GTCS,SYSTEM,LOGMNRC_GTCS,2,OBJ#,ASC
SYSTEM,LOGMNRC_I2GTCS,SYSTEM,LOGMNRC_GTCS,3,OBJV#,ASC
SYSTEM,LOGMNRC_I2GTCS,SYSTEM,LOGMNRC_GTCS,4,SEGCOL#,ASC
SYSTEM,LOGMNRC_I2GTCS,SYSTEM,LOGMNRC_GTCS,5,INTCOL#,ASC
SYSTEM,LOGMNRC_I2GTLO,SYSTEM,LOGMNRC_GTLO,1,LOGMNR_UID,ASC
SYSTEM,LOGMNRC_I2GTLO,SYSTEM,LOGMNRC_GTLO,2,BASEOBJ#,ASC
SYSTEM,LOGMNRC_I2GTLO,SYSTEM,LOGMNRC_GTLO,3,BASEOBJV#,ASC
SYSTEM,LOGMNRC_I2INDGG,SYSTEM,LOGMNRC_IND_GG,1,LOGMNR_UID,ASC
SYSTEM,LOGMNRC_I2INDGG,SYSTEM,LOGMNRC_IND_GG,2,DROP_SCN,ASC
SYSTEM,LOGMNRC_I2SEQGG,SYSTEM,LOGMNRC_SEQ_GG,1,LOGMNR_UID,ASC
SYSTEM,LOGMNRC_I2SEQGG,SYSTEM,LOGMNRC_SEQ_GG,2,DROP_SCN,ASC
SYSTEM,LOGMNRC_I3GTLO,SYSTEM,LOGMNRC_GTLO,1,LOGMNR_UID,ASC
SYSTEM,LOGMNRC_I3GTLO,SYSTEM,LOGMNRC_GTLO,2,DROP_SCN,ASC
SYSTEM,LOGMNRC_SEQ_GG_PK,SYSTEM,LOGMNRC_SEQ_GG,1,LOGMNR_UID,ASC
SYSTEM,LOGMNRC_SEQ_GG_PK,SYSTEM,LOGMNRC_SEQ_GG,2,OBJ#,ASC
SYSTEM,LOGMNRC_SEQ_GG_PK,SYSTEM,LOGMNRC_SEQ_GG,3,COMMIT_SCN,ASC
SYSTEM,LOGMNRC_SHARD_TS_PK,SYSTEM,LOGMNRC_SHARD_TS,1,LOGMNR_UID,ASC
SYSTEM,LOGMNRC_SHARD_TS_PK,SYSTEM,LOGMNRC_SHARD_TS,2,TABLESPACE_NAME,ASC
SYSTEM,LOGMNRC_SHARD_TS_PK,SYSTEM,LOGMNRC_SHARD_TS,3,START_SCN,ASC
SYSTEM,LOGMNRC_TSPART_PK,SYSTEM,LOGMNRC_TSPART,1,LOGMNR_UID,ASC
SYSTEM,LOGMNRC_TSPART_PK,SYSTEM,LOGMNRC_TSPART,2,OBJ#,ASC
SYSTEM,LOGMNRC_TSPART_PK,SYSTEM,LOGMNRC_TSPART,3,START_SCN,ASC
SYSTEM,LOGMNRC_TS_PK,SYSTEM,LOGMNRC_TS,1,LOGMNR_UID,ASC
SYSTEM,LOGMNRC_TS_PK,SYSTEM,LOGMNRC_TS,2,TS#,ASC
SYSTEM,LOGMNRC_TS_PK,SYSTEM,LOGMNRC_TS,3,START_SCN,ASC
SYSTEM,LOGMNRC_USER_PK,SYSTEM,LOGMNRC_USER,1,LOGMNR_UID,ASC
SYSTEM,LOGMNRC_USER_PK,SYSTEM,LOGMNRC_USER,2,USER#,ASC
SYSTEM,LOGMNRC_USER_PK,SYSTEM,LOGMNRC_USER,3,START_SCN,ASC
SYSTEM,LOGMNR_DID$_PK,SYSTEM,LOGMNR_DID$,1,SESSION#,ASC
SYSTEM,LOGMNRGGC_GTCS_PK,SYSTEM,LOGMNRGGC_GTCS,1,LOGMNR_UID,ASC
SYSTEM,LOGMNRGGC_GTCS_PK,SYSTEM,LOGMNRGGC_GTCS,2,OBJ#,ASC
SYSTEM,LOGMNRGGC_GTCS_PK,SYSTEM,LOGMNRGGC_GTCS,3,OBJV#,ASC
SYSTEM,LOGMNRGGC_GTCS_PK,SYSTEM,LOGMNRGGC_GTCS,4,INTCOL#,ASC
SYSTEM,LOGMNRGGC_GTLO_PK,SYSTEM,LOGMNRGGC_GTLO,1,LOGMNR_UID,ASC
SYSTEM,LOGMNRGGC_GTLO_PK,SYSTEM,LOGMNRGGC_GTLO,2,KEYOBJ#,ASC
SYSTEM,LOGMNRGGC_GTLO_PK,SYSTEM,LOGMNRGGC_GTLO,3,BASEOBJV#,ASC
SYSTEM,LOGMNRGGC_I2GTCS,SYSTEM,LOGMNRGGC_GTCS,1,LOGMNR_UID,ASC
SYSTEM,LOGMNRGGC_I2GTCS,SYSTEM,LOGMNRGGC_GTCS,2,OBJ#,ASC
SYSTEM,LOGMNRGGC_I2GTCS,SYSTEM,LOGMNRGGC_GTCS,3,OBJV#,ASC
SYSTEM,LOGMNRGGC_I2GTCS,SYSTEM,LOGMNRGGC_GTCS,4,SEGCOL#,ASC
SYSTEM,LOGMNRGGC_I2GTCS,SYSTEM,LOGMNRGGC_GTCS,5,INTCOL#,ASC
SYSTEM,LOGMNRGGC_I2GTLO,SYSTEM,LOGMNRGGC_GTLO,1,LOGMNR_UID,ASC
SYSTEM,LOGMNRGGC_I2GTLO,SYSTEM,LOGMNRGGC_GTLO,2,BASEOBJ#,ASC
SYSTEM,LOGMNRGGC_I2GTLO,SYSTEM,LOGMNRGGC_GTLO,3,BASEOBJV#,ASC
SYSTEM,LOGMNRGGC_I3GTLO,SYSTEM,LOGMNRGGC_GTLO,1,LOGMNR_UID,ASC
SYSTEM,LOGMNRGGC_I3GTLO,SYSTEM,LOGMNRGGC_GTLO,2,DROP_SCN,ASC
SYSTEM,LOGMNR_I1ATTRCOL$,SYSTEM,LOGMNR_ATTRCOL$,1,LOGMNR_UID,ASC
SYSTEM,LOGMNR_I1ATTRCOL$,SYSTEM,LOGMNR_ATTRCOL$,2,OBJ#,ASC
SYSTEM,LOGMNR_I1ATTRCOL$,SYSTEM,LOGMNR_ATTRCOL$,3,INTCOL#,ASC
SYSTEM,LOGMNR_I1ATTRIBUTE$,SYSTEM,LOGMNR_ATTRIBUTE$,1,LOGMNR_UID,ASC
SYSTEM,LOGMNR_I1ATTRIBUTE$,SYSTEM,LOGMNR_ATTRIBUTE$,2,TOID,ASC
SYSTEM,LOGMNR_I1ATTRIBUTE$,SYSTEM,LOGMNR_ATTRIBUTE$,3,VERSION#,ASC
SYSTEM,LOGMNR_I1ATTRIBUTE$,SYSTEM,LOGMNR_ATTRIBUTE$,4,ATTRIBUTE#,ASC
SYSTEM,LOGMNR_I1CCOL$,SYSTEM,LOGMNR_CCOL$,1,LOGMNR_UID,ASC
SYSTEM,LOGMNR_I1CCOL$,SYSTEM,LOGMNR_CCOL$,2,CON#,ASC
SYSTEM,LOGMNR_I1CCOL$,SYSTEM,LOGMNR_CCOL$,3,INTCOL#,ASC
SYSTEM,LOGMNR_I1CDEF$,SYSTEM,LOGMNR_CDEF$,1,LOGMNR_UID,ASC
SYSTEM,LOGMNR_I1CDEF$,SYSTEM,LOGMNR_CDEF$,2,CON#,ASC
SYSTEM,LOGMNR_I1COL$,SYSTEM,LOGMNR_COL$,1,LOGMNR_UID,ASC
SYSTEM,LOGMNR_I1COL$,SYSTEM,LOGMNR_COL$,2,OBJ#,ASC
SYSTEM,LOGMNR_I1COL$,SYSTEM,LOGMNR_COL$,3,INTCOL#,ASC
SYSTEM,LOGMNR_I1COLTYPE$,SYSTEM,LOGMNR_COLTYPE$,1,LOGMNR_UID,ASC
SYSTEM,LOGMNR_I1COLTYPE$,SYSTEM,LOGMNR_COLTYPE$,2,OBJ#,ASC
SYSTEM,LOGMNR_I1COLTYPE$,SYSTEM,LOGMNR_COLTYPE$,3,INTCOL#,ASC
SYSTEM,LOGMNR_I1CON$,SYSTEM,LOGMNR_CON$,1,LOGMNR_UID,ASC
SYSTEM,LOGMNR_I1CON$,SYSTEM,LOGMNR_CON$,2,CON#,ASC
SYSTEM,LOGMNR_I1CONTAINER$,SYSTEM,LOGMNR_CONTAINER$,1,LOGMNR_UID,ASC
SYSTEM,LOGMNR_I1CONTAINER$,SYSTEM,LOGMNR_CONTAINER$,2,CON_ID#,ASC
SYSTEM,LOGMNR_I1DICTIONARY$,SYSTEM,LOGMNR_DICTIONARY$,1,LOGMNR_UID,ASC
SYSTEM,LOGMNR_I1ENC$,SYSTEM,LOGMNR_ENC$,1,LOGMNR_UID,ASC
SYSTEM,LOGMNR_I1ENC$,SYSTEM,LOGMNR_ENC$,2,OBJ#,ASC
SYSTEM,LOGMNR_I1ENC$,SYSTEM,LOGMNR_ENC$,3,OWNER#,ASC
SYSTEM,LOGMNR_I1ICOL$,SYSTEM,LOGMNR_ICOL$,1,LOGMNR_UID,ASC
SYSTEM,LOGMNR_I1ICOL$,SYSTEM,LOGMNR_ICOL$,2,OBJ#,ASC
SYSTEM,LOGMNR_I1ICOL$,SYSTEM,LOGMNR_ICOL$,3,INTCOL#,ASC
SYSTEM,LOGMNR_I1IDNSEQ$,SYSTEM,LOGMNR_IDNSEQ$,1,LOGMNR_UID,ASC
SYSTEM,LOGMNR_I1IDNSEQ$,SYSTEM,LOGMNR_IDNSEQ$,2,OBJ#,ASC
SYSTEM,LOGMNR_I1IDNSEQ$,SYSTEM,LOGMNR_IDNSEQ$,3,INTCOL#,ASC
SYSTEM,LOGMNR_I1IND$,SYSTEM,LOGMNR_IND$,1,LOGMNR_UID,ASC
SYSTEM,LOGMNR_I1IND$,SYSTEM,LOGMNR_IND$,2,OBJ#,ASC
SYSTEM,LOGMNR_I1INDCOMPART$,SYSTEM,LOGMNR_INDCOMPART$,1,LOGMNR_UID,ASC
SYSTEM,LOGMNR_I1INDCOMPART$,SYSTEM,LOGMNR_INDCOMPART$,2,OBJ#,ASC
SYSTEM,LOGMNR_I1INDPART$,SYSTEM,LOGMNR_INDPART$,1,LOGMNR_UID,ASC
SYSTEM,LOGMNR_I1INDPART$,SYSTEM,LOGMNR_INDPART$,2,OBJ#,ASC
SYSTEM,LOGMNR_I1INDPART$,SYSTEM,LOGMNR_INDPART$,3,BO#,ASC
SYSTEM,LOGMNR_I1INDSUBPART$,SYSTEM,LOGMNR_INDSUBPART$,1,LOGMNR_UID,ASC
SYSTEM,LOGMNR_I1INDSUBPART$,SYSTEM,LOGMNR_INDSUBPART$,2,OBJ#,ASC
SYSTEM,LOGMNR_I1INDSUBPART$,SYSTEM,LOGMNR_INDSUBPART$,3,POBJ#,ASC
SYSTEM,LOGMNR_I1KOPM$,SYSTEM,LOGMNR_KOPM$,1,LOGMNR_UID,ASC
SYSTEM,LOGMNR_I1KOPM$,SYSTEM,LOGMNR_KOPM$,2,NAME,ASC
SYSTEM,LOGMNR_I1LOB$,SYSTEM,LOGMNR_LOB$,1,LOGMNR_UID,ASC
SYSTEM,LOGMNR_I1LOB$,SYSTEM,LOGMNR_LOB$,2,OBJ#,ASC
SYSTEM,LOGMNR_I1LOB$,SYSTEM,LOGMNR_LOB$,3,INTCOL#,ASC
SYSTEM,LOGMNR_I1LOBFRAG$,SYSTEM,LOGMNR_LOBFRAG$,1,LOGMNR_UID,ASC
SYSTEM,LOGMNR_I1LOBFRAG$,SYSTEM,LOGMNR_LOBFRAG$,2,FRAGOBJ#,ASC
SYSTEM,LOGMNR_I1LOGMNR_BUILDLOG,SYSTEM,LOGMNR_LOGMNR_BUILDLOG,1,LOGMNR_UID,ASC
SYSTEM,LOGMNR_I1LOGMNR_BUILDLOG,SYSTEM,LOGMNR_LOGMNR_BUILDLOG,2,INITIAL_XID,ASC
SYSTEM,LOGMNR_I1NTAB$,SYSTEM,LOGMNR_NTAB$,1,LOGMNR_UID,ASC
SYSTEM,LOGMNR_I1NTAB$,SYSTEM,LOGMNR_NTAB$,2,OBJ#,ASC
SYSTEM,LOGMNR_I1NTAB$,SYSTEM,LOGMNR_NTAB$,3,INTCOL#,ASC
SYSTEM,LOGMNR_I1OBJ$,SYSTEM,LOGMNR_OBJ$,1,LOGMNR_UID,ASC
SYSTEM,LOGMNR_I1OBJ$,SYSTEM,LOGMNR_OBJ$,2,OBJ#,ASC
SYSTEM,LOGMNR_I1OPQTYPE$,SYSTEM,LOGMNR_OPQTYPE$,1,LOGMNR_UID,ASC
SYSTEM,LOGMNR_I1OPQTYPE$,SYSTEM,LOGMNR_OPQTYPE$,2,OBJ#,ASC
SYSTEM,LOGMNR_I1OPQTYPE$,SYSTEM,LOGMNR_OPQTYPE$,3,INTCOL#,ASC
SYSTEM,LOGMNR_I1PARTOBJ$,SYSTEM,LOGMNR_PARTOBJ$,1,LOGMNR_UID,ASC
SYSTEM,LOGMNR_I1PARTOBJ$,SYSTEM,LOGMNR_PARTOBJ$,2,OBJ#,ASC
SYSTEM,LOGMNR_I1PROPS$,SYSTEM,LOGMNR_PROPS$,1,LOGMNR_UID,ASC
SYSTEM,LOGMNR_I1PROPS$,SYSTEM,LOGMNR_PROPS$,2,NAME,ASC
SYSTEM,LOGMNR_I1REFCON$,SYSTEM,LOGMNR_REFCON$,1,LOGMNR_UID,ASC
SYSTEM,LOGMNR_I1REFCON$,SYSTEM,LOGMNR_REFCON$,2,OBJ#,ASC
SYSTEM,LOGMNR_I1REFCON$,SYSTEM,LOGMNR_REFCON$,3,INTCOL#,ASC
SYSTEM,LOGMNR_I1SEED$,SYSTEM,LOGMNR_SEED$,1,LOGMNR_UID,ASC
SYSTEM,LOGMNR_I1SEED$,SYSTEM,LOGMNR_SEED$,2,OBJ#,ASC
SYSTEM,LOGMNR_I1SEED$,SYSTEM,LOGMNR_SEED$,3,INTCOL#,ASC
SYSTEM,LOGMNR_I1SHARD_TS,SYSTEM,LOGMNR_SHARD_TS,1,LOGMNR_UID,ASC
SYSTEM,LOGMNR_I1SHARD_TS,SYSTEM,LOGMNR_SHARD_TS,2,TABLESPACE_NAME,ASC
SYSTEM,LOGMNR_I1SUBCOLTYPE$,SYSTEM,LOGMNR_SUBCOLTYPE$,1,LOGMNR_UID,ASC
SYSTEM,LOGMNR_I1SUBCOLTYPE$,SYSTEM,LOGMNR_SUBCOLTYPE$,2,OBJ#,ASC
SYSTEM,LOGMNR_I1SUBCOLTYPE$,SYSTEM,LOGMNR_SUBCOLTYPE$,3,INTCOL#,ASC
SYSTEM,LOGMNR_I1SUBCOLTYPE$,SYSTEM,LOGMNR_SUBCOLTYPE$,4,TOID,ASC
SYSTEM,LOGMNR_I1TAB$,SYSTEM,LOGMNR_TAB$,1,LOGMNR_UID,ASC
SYSTEM,LOGMNR_I1TAB$,SYSTEM,LOGMNR_TAB$,2,OBJ#,ASC
SYSTEM,LOGMNR_I1TABCOMPART$,SYSTEM,LOGMNR_TABCOMPART$,1,LOGMNR_UID,ASC
SYSTEM,LOGMNR_I1TABCOMPART$,SYSTEM,LOGMNR_TABCOMPART$,2,OBJ#,ASC
SYSTEM,LOGMNR_I1TABPART$,SYSTEM,LOGMNR_TABPART$,1,LOGMNR_UID,ASC
SYSTEM,LOGMNR_I1TABPART$,SYSTEM,LOGMNR_TABPART$,2,OBJ#,ASC
SYSTEM,LOGMNR_I1TABPART$,SYSTEM,LOGMNR_TABPART$,3,BO#,ASC
SYSTEM,LOGMNR_I1TABSUBPART$,SYSTEM,LOGMNR_TABSUBPART$,1,LOGMNR_UID,ASC
SYSTEM,LOGMNR_I1TABSUBPART$,SYSTEM,LOGMNR_TABSUBPART$,2,OBJ#,ASC
SYSTEM,LOGMNR_I1TABSUBPART$,SYSTEM,LOGMNR_TABSUBPART$,3,POBJ#,ASC
SYSTEM,LOGMNR_I1TS$,SYSTEM,LOGMNR_TS$,1,LOGMNR_UID,ASC
SYSTEM,LOGMNR_I1TS$,SYSTEM,LOGMNR_TS$,2,TS#,ASC
SYSTEM,LOGMNR_I1TYPE$,SYSTEM,LOGMNR_TYPE$,1,LOGMNR_UID,ASC
SYSTEM,LOGMNR_I1TYPE$,SYSTEM,LOGMNR_TYPE$,2,TOID,ASC
SYSTEM,LOGMNR_I1TYPE$,SYSTEM,LOGMNR_TYPE$,3,VERSION#,ASC
SYSTEM,LOGMNR_I1USER$,SYSTEM,LOGMNR_USER$,1,LOGMNR_UID,ASC
SYSTEM,LOGMNR_I1USER$,SYSTEM,LOGMNR_USER$,2,USER#,ASC
SYSTEM,LOGMNR_I2CDEF$,SYSTEM,LOGMNR_CDEF$,1,LOGMNR_UID,ASC
SYSTEM,LOGMNR_I2CDEF$,SYSTEM,LOGMNR_CDEF$,2,ROBJ#,ASC
SYSTEM,LOGMNR_I2COL$,SYSTEM,LOGMNR_COL$,1,LOGMNR_UID,ASC
SYSTEM,LOGMNR_I2COL$,SYSTEM,LOGMNR_COL$,2,OBJ#,ASC
SYSTEM,LOGMNR_I2COL$,SYSTEM,LOGMNR_COL$,3,NAME,ASC
SYSTEM,LOGMNR_I2IDNSEQ$,SYSTEM,LOGMNR_IDNSEQ$,1,LOGMNR_UID,ASC
SYSTEM,LOGMNR_I2IDNSEQ$,SYSTEM,LOGMNR_IDNSEQ$,2,SEQOBJ#,ASC
SYSTEM,LOGMNR_I2IND$,SYSTEM,LOGMNR_IND$,1,LOGMNR_UID,ASC
SYSTEM,LOGMNR_I2IND$,SYSTEM,LOGMNR_IND$,2,BO#,ASC
SYSTEM,LOGMNR_I2INDPART$,SYSTEM,LOGMNR_INDPART$,1,LOGMNR_UID,ASC
SYSTEM,LOGMNR_I2INDPART$,SYSTEM,LOGMNR_INDPART$,2,BO#,ASC
SYSTEM,LOGMNR_I2NTAB$,SYSTEM,LOGMNR_NTAB$,1,LOGMNR_UID,ASC
SYSTEM,LOGMNR_I2NTAB$,SYSTEM,LOGMNR_NTAB$,2,NTAB#,ASC
SYSTEM,LOGMNR_I2OBJ$,SYSTEM,LOGMNR_OBJ$,1,LOGMNR_UID,ASC
SYSTEM,LOGMNR_I2OBJ$,SYSTEM,LOGMNR_OBJ$,2,OID$,ASC
SYSTEM,LOGMNR_I2SEED$,SYSTEM,LOGMNR_SEED$,1,LOGMNR_UID,ASC
SYSTEM,LOGMNR_I2SEED$,SYSTEM,LOGMNR_SEED$,2,SCHEMANAME,ASC
SYSTEM,LOGMNR_I2SEED$,SYSTEM,LOGMNR_SEED$,3,TABLE_NAME,ASC
SYSTEM,LOGMNR_I2SEED$,SYSTEM,LOGMNR_SEED$,4,COL_NAME,ASC
SYSTEM,LOGMNR_I2SEED$,SYSTEM,LOGMNR_SEED$,5,OBJ#,ASC
SYSTEM,LOGMNR_I2SEED$,SYSTEM,LOGMNR_SEED$,6,INTCOL#,ASC
SYSTEM,LOGMNR_I2TAB$,SYSTEM,LOGMNR_TAB$,1,LOGMNR_UID,ASC
SYSTEM,LOGMNR_I2TAB$,SYSTEM,LOGMNR_TAB$,2,BOBJ#,ASC
SYSTEM,LOGMNR_I2TABCOMPART$,SYSTEM,LOGMNR_TABCOMPART$,1,LOGMNR_UID,ASC
SYSTEM,LOGMNR_I2TABCOMPART$,SYSTEM,LOGMNR_TABCOMPART$,2,BO#,ASC
SYSTEM,LOGMNR_I2TABPART$,SYSTEM,LOGMNR_TABPART$,1,LOGMNR_UID,ASC
SYSTEM,LOGMNR_I2TABPART$,SYSTEM,LOGMNR_TABPART$,2,BO#,ASC
SYSTEM,LOGMNR_I2TABSUBPART$,SYSTEM,LOGMNR_TABSUBPART$,1,LOGMNR_UID,ASC
SYSTEM,LOGMNR_I2TABSUBPART$,SYSTEM,LOGMNR_TABSUBPART$,2,POBJ#,ASC
SYSTEM,LOGMNR_I2USER$,SYSTEM,LOGMNR_USER$,1,LOGMNR_UID,ASC
SYSTEM,LOGMNR_I2USER$,SYSTEM,LOGMNR_USER$,2,NAME,ASC
SYSTEM,LOGMNR_I3CDEF$,SYSTEM,LOGMNR_CDEF$,1,LOGMNR_UID,ASC
SYSTEM,LOGMNR_I3CDEF$,SYSTEM,LOGMNR_CDEF$,2,OBJ#,ASC
SYSTEM,LOGMNR_I3COL$,SYSTEM,LOGMNR_COL$,1,LOGMNR_UID,ASC
SYSTEM,LOGMNR_I3COL$,SYSTEM,LOGMNR_COL$,2,OBJ#,ASC
SYSTEM,LOGMNR_I3COL$,SYSTEM,LOGMNR_COL$,3,COL#,ASC
SYSTEM,LOGMNR_I3OBJ$,SYSTEM,LOGMNR_OBJ$,1,LOGMNR_UID,ASC
SYSTEM,LOGMNR_I3OBJ$,SYSTEM,LOGMNR_OBJ$,2,NAME,ASC
SYSTEM,LOGMNR_LOG$_FIRST_CHANGE#,SYSTEM,LOGMNR_LOG$,1,FIRST_CHANGE#,ASC
SYSTEM,LOGMNR_LOG$_FLAGS,SYSTEM,LOGMNR_LOG$,1,FLAGS,ASC
SYSTEM,LOGMNR_LOG$_PK,SYSTEM,LOGMNR_LOG$,1,SESSION#,ASC
SYSTEM,LOGMNR_LOG$_PK,SYSTEM,LOGMNR_LOG$,2,THREAD#,ASC
SYSTEM,LOGMNR_LOG$_PK,SYSTEM,LOGMNR_LOG$,3,SEQUENCE#,ASC
SYSTEM,LOGMNR_LOG$_PK,SYSTEM,LOGMNR_LOG$,4,FIRST_CHANGE#,ASC
SYSTEM,LOGMNR_LOG$_PK,SYSTEM,LOGMNR_LOG$,5,DB_ID,ASC
SYSTEM,LOGMNR_LOG$_PK,SYSTEM,LOGMNR_LOG$,6,RESETLOGS_CHANGE#,ASC
SYSTEM,LOGMNR_LOG$_PK,SYSTEM,LOGMNR_LOG$,7,RESET_TIMESTAMP,ASC
SYSTEM,LOGMNR_LOG$_PURGE_IDX1,SYSTEM,LOGMNR_LOG$,1,FILE_NAME,ASC
SYSTEM,LOGMNR_LOG$_PURGE_IDX1,SYSTEM,LOGMNR_LOG$,2,STATUS,ASC
SYSTEM,LOGMNR_LOG$_PURGE_IDX2,SYSTEM,LOGMNR_LOG$,1,SESSION#,ASC
SYSTEM,LOGMNR_LOG$_PURGE_IDX2,SYSTEM,LOGMNR_LOG$,2,RESET_TIMESTAMP,ASC
SYSTEM,LOGMNR_LOG$_PURGE_IDX2,SYSTEM,LOGMNR_LOG$,3,NEXT_CHANGE#,ASC
SYSTEM,LOGMNR_LOG$_PURGE_IDX2,SYSTEM,LOGMNR_LOG$,4,STATUS,ASC
SYSTEM,LOGMNR_LOG$_RECID,SYSTEM,LOGMNR_LOG$,1,RECID,ASC
SYSTEM,LOGMNR_PARAMETER_INDX,SYSTEM,LOGMNR_PARAMETER$,1,SESSION#,ASC
SYSTEM,LOGMNR_PARAMETER_INDX,SYSTEM,LOGMNR_PARAMETER$,2,NAME,ASC
SYSTEM,LOGMNRP_CTAS_PART_MAP_I,SYSTEM,LOGMNRP_CTAS_PART_MAP,1,LOGMNR_UID,ASC
SYSTEM,LOGMNRP_CTAS_PART_MAP_I,SYSTEM,LOGMNRP_CTAS_PART_MAP,2,BASEOBJ#,ASC
SYSTEM,LOGMNRP_CTAS_PART_MAP_I,SYSTEM,LOGMNRP_CTAS_PART_MAP,3,BASEOBJV#,ASC
SYSTEM,LOGMNRP_CTAS_PART_MAP_I,SYSTEM,LOGMNRP_CTAS_PART_MAP,4,PART#,ASC
SYSTEM,LOGMNRP_CTAS_PART_MAP_PK,SYSTEM,LOGMNRP_CTAS_PART_MAP,1,LOGMNR_UID,ASC
SYSTEM,LOGMNRP_CTAS_PART_MAP_PK,SYSTEM,LOGMNRP_CTAS_PART_MAP,2,BASEOBJV#,ASC
SYSTEM,LOGMNRP_CTAS_PART_MAP_PK,SYSTEM,LOGMNRP_CTAS_PART_MAP,3,KEYOBJ#,ASC
SYSTEM,LOGMNR_PDB_INFO$_PK,SYSTEM,LOGMNR_PDB_INFO$,1,LOGMNR_DID,ASC
SYSTEM,LOGMNR_PDB_INFO$_PK,SYSTEM,LOGMNR_PDB_INFO$,2,LOGMNR_MDH,ASC
SYSTEM,LOGMNR_PDB_INFO$_PK,SYSTEM,LOGMNR_PDB_INFO$,3,PLUGIN_SCN,ASC
SYSTEM,LOGMNR_PROCESSED_LOG$_PK,SYSTEM,LOGMNR_PROCESSED_LOG$,1,SESSION#,ASC
SYSTEM,LOGMNR_PROCESSED_LOG$_PK,SYSTEM,LOGMNR_PROCESSED_LOG$,2,THREAD#,ASC
SYSTEM,LOGMNR_PROFILE_PLSQL$_PK,SYSTEM,LOGMNR_PROFILE_PLSQL_STATS$,1,PKGOWNER,ASC
SYSTEM,LOGMNR_PROFILE_PLSQL$_PK,SYSTEM,LOGMNR_PROFILE_PLSQL_STATS$,2,PKGNAME,ASC
SYSTEM,LOGMNR_PROFILE_PLSQL$_PK,SYSTEM,LOGMNR_PROFILE_PLSQL_STATS$,3,NAME,ASC
SYSTEM,LOGMNR_PROFILE_TABLE$_PK,SYSTEM,LOGMNR_PROFILE_TABLE_STATS$,1,OBJID,ASC
SYSTEM,LOGMNR_RESTART_CKPT$_PK,SYSTEM,LOGMNR_RESTART_CKPT$,1,SESSION#,ASC
SYSTEM,LOGMNR_RESTART_CKPT$_PK,SYSTEM,LOGMNR_RESTART_CKPT$,2,CKPT_SCN,ASC
SYSTEM,LOGMNR_RESTART_CKPT$_PK,SYSTEM,LOGMNR_RESTART_CKPT$,3,XIDUSN,ASC
SYSTEM,LOGMNR_RESTART_CKPT$_PK,SYSTEM,LOGMNR_RESTART_CKPT$,4,XIDSLT,ASC
SYSTEM,LOGMNR_RESTART_CKPT$_PK,SYSTEM,LOGMNR_RESTART_CKPT$,5,XIDSQN,ASC
SYSTEM,LOGMNR_RESTART_CKPT$_PK,SYSTEM,LOGMNR_RESTART_CKPT$,6,PDBID,ASC
SYSTEM,LOGMNR_RESTART_CKPT$_PK,SYSTEM,LOGMNR_RESTART_CKPT$,7,SESSION_NUM,ASC
SYSTEM,LOGMNR_RESTART_CKPT$_PK,SYSTEM,LOGMNR_RESTART_CKPT$,8,SERIAL_NUM,ASC
SYSTEM,LOGMNR_RESTART_CKPT_TXINFO$_PK,SYSTEM,LOGMNR_RESTART_CKPT_TXINFO$,1,SESSION#,ASC
SYSTEM,LOGMNR_RESTART_CKPT_TXINFO$_PK,SYSTEM,LOGMNR_RESTART_CKPT_TXINFO$,2,XIDUSN,ASC
SYSTEM,LOGMNR_RESTART_CKPT_TXINFO$_PK,SYSTEM,LOGMNR_RESTART_CKPT_TXINFO$,3,XIDSLT,ASC
SYSTEM,LOGMNR_RESTART_CKPT_TXINFO$_PK,SYSTEM,LOGMNR_RESTART_CKPT_TXINFO$,4,XIDSQN,ASC
SYSTEM,LOGMNR_RESTART_CKPT_TXINFO$_PK,SYSTEM,LOGMNR_RESTART_CKPT_TXINFO$,5,SESSION_NUM,ASC
SYSTEM,LOGMNR_RESTART_CKPT_TXINFO$_PK,SYSTEM,LOGMNR_RESTART_CKPT_TXINFO$,6,SERIAL_NUM,ASC
SYSTEM,LOGMNR_RESTART_CKPT_TXINFO$_PK,SYSTEM,LOGMNR_RESTART_CKPT_TXINFO$,7,EFFECTIVE_SCN,ASC
SYSTEM,LOGMNR_SESSION_ACTION$_PK,SYSTEM,LOGMNR_SESSION_ACTIONS$,1,LOGMNRSESSION#,ASC
SYSTEM,LOGMNR_SESSION_ACTION$_PK,SYSTEM,LOGMNR_SESSION_ACTIONS$,2,ACTIONNAME,ASC
SYSTEM,LOGMNR_SESSION_EVOLVE$_PK,SYSTEM,LOGMNR_SESSION_EVOLVE$,1,SESSION#,ASC
SYSTEM,LOGMNR_SESSION_EVOLVE$_PK,SYSTEM,LOGMNR_SESSION_EVOLVE$,2,DB_ID,ASC
SYSTEM,LOGMNR_SESSION_EVOLVE$_PK,SYSTEM,LOGMNR_SESSION_EVOLVE$,3,RESET_SCN,ASC
SYSTEM,LOGMNR_SESSION_EVOLVE$_PK,SYSTEM,LOGMNR_SESSION_EVOLVE$,4,RESET_TIMESTAMP,ASC
SYSTEM,LOGMNR_SESSION_PK,SYSTEM,LOGMNR_SESSION$,1,SESSION#,ASC
SYSTEM,LOGMNR_SESSION_UK1,SYSTEM,LOGMNR_SESSION$,1,SESSION_NAME,ASC
SYSTEM,LOGMNR_SPILL$_PK,SYSTEM,LOGMNR_SPILL$,1,SESSION#,ASC
SYSTEM,LOGMNR_SPILL$_PK,SYSTEM,LOGMNR_SPILL$,2,PDBID,ASC
SYSTEM,LOGMNR_SPILL$_PK,SYSTEM,LOGMNR_SPILL$,3,XIDUSN,ASC
SYSTEM,LOGMNR_SPILL$_PK,SYSTEM,LOGMNR_SPILL$,4,XIDSLT,ASC
SYSTEM,LOGMNR_SPILL$_PK,SYSTEM,LOGMNR_SPILL$,5,XIDSQN,ASC
SYSTEM,LOGMNR_SPILL$_PK,SYSTEM,LOGMNR_SPILL$,6,CHUNK,ASC
SYSTEM,LOGMNR_SPILL$_PK,SYSTEM,LOGMNR_SPILL$,7,STARTIDX,ASC
SYSTEM,LOGMNR_SPILL$_PK,SYSTEM,LOGMNR_SPILL$,8,ENDIDX,ASC
SYSTEM,LOGMNR_SPILL$_PK,SYSTEM,LOGMNR_SPILL$,9,FLAG,ASC
SYSTEM,LOGMNR_SPILL$_PK,SYSTEM,LOGMNR_SPILL$,10,SEQUENCE#,ASC
SYSTEM,LOGMNRT_MDDL$_PK,SYSTEM,LOGMNRT_MDDL$,1,SOURCE_OBJ#,ASC
SYSTEM,LOGMNRT_MDDL$_PK,SYSTEM,LOGMNRT_MDDL$,2,SOURCE_ROWID,ASC
SYSTEM,LOGMNR_UID$_PK,SYSTEM,LOGMNR_UID$,1,LOGMNR_UID,ASC
SYSTEM,LOGSTDBY$EDS_TABLES_PKEY,SYSTEM,LOGSTDBY$EDS_TABLES,1,OWNER,ASC
SYSTEM,LOGSTDBY$EDS_TABLES_PKEY,SYSTEM,LOGSTDBY$EDS_TABLES,2,TABLE_NAME,ASC
SYSTEM,LOGSTDBY$EVENTS_IND,SYSTEM,LOGSTDBY$EVENTS,1,EVENT_TIME,ASC
SYSTEM,LOGSTDBY$EVENTS_IND_SCN,SYSTEM,LOGSTDBY$EVENTS,1,COMMIT_SCN,ASC
SYSTEM,LOGSTDBY$EVENTS_IND_XID,SYSTEM,LOGSTDBY$EVENTS,1,XIDUSN,ASC
SYSTEM,LOGSTDBY$EVENTS_IND_XID,SYSTEM,LOGSTDBY$EVENTS,2,XIDSLT,ASC
SYSTEM,LOGSTDBY$EVENTS_IND_XID,SYSTEM,LOGSTDBY$EVENTS,3,XIDSQN,ASC
SYSTEM,LOGSTDBY$SKIP_IDX1,SYSTEM,LOGSTDBY$SKIP,1,USE_LIKE,ASC
SYSTEM,LOGSTDBY$SKIP_IDX1,SYSTEM,LOGSTDBY$SKIP,2,SCHEMA,ASC
SYSTEM,LOGSTDBY$SKIP_IDX1,SYSTEM,LOGSTDBY$SKIP,3,NAME,ASC
SYSTEM,LOGSTDBY$SKIP_IDX2,SYSTEM,LOGSTDBY$SKIP,1,STATEMENT_OPT,ASC
SYSTEM,LOGSTDBY$SKIP_IND,SYSTEM,LOGSTDBY$SKIP_SUPPORT,1,NAME,ASC
SYSTEM,LOGSTDBY$SKIP_IND,SYSTEM,LOGSTDBY$SKIP_SUPPORT,2,ACTION,ASC
SYSTEM,MVIEW$_ADV_AJG_PK,SYSTEM,MVIEW$_ADV_AJG,1,AJGID#,ASC
SYSTEM,MVIEW$_ADV_BASETABLE_IDX_01,SYSTEM,MVIEW$_ADV_BASETABLE,1,QUERYID#,ASC
SYSTEM,MVIEW$_ADV_CLIQUE_PK,SYSTEM,MVIEW$_ADV_CLIQUE,1,CLIQUEID#,ASC
SYSTEM,MVIEW$_ADV_ELIGIBLE_PK,SYSTEM,MVIEW$_ADV_ELIGIBLE,1,SUMOBJN#,ASC
SYSTEM,MVIEW$_ADV_ELIGIBLE_PK,SYSTEM,MVIEW$_ADV_ELIGIBLE,2,RUNID#,ASC
SYSTEM,MVIEW$_ADV_FILTER_PK,SYSTEM,MVIEW$_ADV_FILTER,1,FILTERID#,ASC
SYSTEM,MVIEW$_ADV_FILTER_PK,SYSTEM,MVIEW$_ADV_FILTER,2,SUBFILTERNUM#,ASC
SYSTEM,MVIEW$_ADV_FJG_PK,SYSTEM,MVIEW$_ADV_FJG,1,FJGID#,ASC
SYSTEM,MVIEW$_ADV_GC_PK,SYSTEM,MVIEW$_ADV_GC,1,GCID#,ASC
SYSTEM,MVIEW$_ADV_INFO_PK,SYSTEM,MVIEW$_ADV_INFO,1,RUNID#,ASC
SYSTEM,MVIEW$_ADV_INFO_PK,SYSTEM,MVIEW$_ADV_INFO,2,SEQ#,ASC
SYSTEM,MVIEW$_ADV_JOURNAL_PK,SYSTEM,MVIEW$_ADV_JOURNAL,1,RUNID#,ASC
SYSTEM,MVIEW$_ADV_JOURNAL_PK,SYSTEM,MVIEW$_ADV_JOURNAL,2,SEQ#,ASC
SYSTEM,MVIEW$_ADV_LEVEL_PK,SYSTEM,MVIEW$_ADV_LEVEL,1,RUNID#,ASC
SYSTEM,MVIEW$_ADV_LEVEL_PK,SYSTEM,MVIEW$_ADV_LEVEL,2,LEVELID#,ASC
SYSTEM,MVIEW$_ADV_LOG_PK,SYSTEM,MVIEW$_ADV_LOG,1,RUNID#,ASC
SYSTEM,MVIEW$_ADV_OUTPUT_PK,SYSTEM,MVIEW$_ADV_OUTPUT,1,RUNID#,ASC
SYSTEM,MVIEW$_ADV_OUTPUT_PK,SYSTEM,MVIEW$_ADV_OUTPUT,2,RANK#,ASC
SYSTEM,MVIEW$_ADV_PARAMETERS_PK,SYSTEM,MVIEW$_ADV_PARAMETERS,1,PARAMETER_NAME,ASC
SYSTEM,MVIEW$_ADV_PRETTY_IDX_01,SYSTEM,MVIEW$_ADV_PRETTY,1,QUERYID#,ASC
SYSTEM,MVIEW$_ADV_ROLLUP_PK,SYSTEM,MVIEW$_ADV_ROLLUP,1,RUNID#,ASC
SYSTEM,MVIEW$_ADV_ROLLUP_PK,SYSTEM,MVIEW$_ADV_ROLLUP,2,CLEVELID#,ASC
SYSTEM,MVIEW$_ADV_ROLLUP_PK,SYSTEM,MVIEW$_ADV_ROLLUP,3,PLEVELID#,ASC
SYSTEM,MVIEW$_ADV_SQLDEPEND_IDX_01,SYSTEM,MVIEW$_ADV_SQLDEPEND,1,COLLECTIONID#,ASC
SYSTEM,MVIEW$_ADV_SQLDEPEND_IDX_01,SYSTEM,MVIEW$_ADV_SQLDEPEND,2,FROM_ADDRESS,ASC
SYSTEM,MVIEW$_ADV_SQLDEPEND_IDX_01,SYSTEM,MVIEW$_ADV_SQLDEPEND,3,FROM_HASH,ASC
SYSTEM,MVIEW$_ADV_SQLDEPEND_IDX_01,SYSTEM,MVIEW$_ADV_SQLDEPEND,4,INST_ID,ASC
SYSTEM,MVIEW$_ADV_TEMP_IDX_01,SYSTEM,MVIEW$_ADV_TEMP,1,ID#,ASC
SYSTEM,MVIEW$_ADV_TEMP_IDX_01,SYSTEM,MVIEW$_ADV_TEMP,2,SEQ#,ASC
SYSTEM,MVIEW$_ADV_WORKLOAD_IDX_01,SYSTEM,MVIEW$_ADV_WORKLOAD,1,COLLECTIONID#,ASC
SYSTEM,MVIEW$_ADV_WORKLOAD_IDX_01,SYSTEM,MVIEW$_ADV_WORKLOAD,2,QUERYID#,ASC
SYSTEM,MVIEW$_ADV_WORKLOAD_PK,SYSTEM,MVIEW$_ADV_WORKLOAD,1,QUERYID#,ASC
SYSTEM,OL$HNT_NUM,SYSTEM,OL$HINTS,1,OL_NAME,ASC
SYSTEM,OL$HNT_NUM,SYSTEM,OL$HINTS,2,HINT#,ASC
SYSTEM,OL$NAME,SYSTEM,OL$,1,OL_NAME,ASC
SYSTEM,OL$SIGNATURE,SYSTEM,OL$,1,SIGNATURE,ASC
SYSTEM,OL$SIGNATURE,SYSTEM,OL$,2,CATEGORY,ASC
SYSTEM,REDO_DB_IDX,SYSTEM,REDO_DB,1,TENANT_KEY,ASC
SYSTEM,REDO_DB_IDX,SYSTEM,REDO_DB,2,DBID,ASC
SYSTEM,REDO_DB_IDX,SYSTEM,REDO_DB,3,THREAD#,ASC
SYSTEM,REDO_DB_IDX,SYSTEM,REDO_DB,4,RESETLOGS_SCN,ASC
SYSTEM,REDO_DB_IDX,SYSTEM,REDO_DB,5,RESETLOGS_TIME,ASC
SYSTEM,REDO_LOG_IDX,SYSTEM,REDO_LOG,1,TENANT_KEY,ASC
SYSTEM,REDO_LOG_IDX,SYSTEM,REDO_LOG,2,DBID,ASC
SYSTEM,REDO_LOG_IDX,SYSTEM,REDO_LOG,3,THREAD#,ASC
SYSTEM,REDO_LOG_IDX,SYSTEM,REDO_LOG,4,RESETLOGS_SCN,ASC
SYSTEM,REDO_LOG_IDX,SYSTEM,REDO_LOG,5,RESETLOGS_TIME,ASC
SYSTEM,REPL_SUPPORT_MATRIX_PK,SYSTEM,REPL_SUPPORT_MATRIX,1,BMAP1,ASC
SYSTEM,REPL_SUPPORT_MATRIX_PK,SYSTEM,REPL_SUPPORT_MATRIX,2,BMAP2,ASC
SYSTEM,REPL_SUPPORT_MATRIX_PK,SYSTEM,REPL_SUPPORT_MATRIX,3,REPL_PRODUCT,ASC
SYSTEM,REPL_SUPPORT_MATRIX_PK,SYSTEM,REPL_SUPPORT_MATRIX,4,SUPPORT_MODE,ASC
SYSTEM,SYS_C002560,SYSTEM,AQ$_INTERNET_AGENTS,1,AGENT_NAME,ASC
SYSTEM,SYS_C005845,SYSTEM,LOGSTDBY$FLASHBACK_SCN,1,PRIMARY_SCN,ASC
SYSTEM,UNQ_PAIRS,SYSTEM,AQ$_INTERNET_AGENT_PRIVS,1,AGENT_NAME,ASC
SYSTEM,UNQ_PAIRS,SYSTEM,AQ$_INTERNET_AGENT_PRIVS,2,DB_USERNAME,ASC
WMSYS,SYS_C006686,WMSYS,WM$EVENT_QUEUE_TABLE,1,"""USER_DATA"".""AUX_PARAMS""",ASC
WMSYS,SYS_C006687,WMSYS,WM$EVENT_QUEUE_TABLE,1,MSGID,ASC
WMSYS,SYS_C006690,WMSYS,AQ$_WM$EVENT_QUEUE_TABLE_S,1,SUBSCRIBER_ID,ASC
WMSYS,SYS_C006713,WMSYS,WM$VERSIONED_TABLES$,1,UNDO_CODE,ASC
WMSYS,SYS_FK0000023882N00034$,WMSYS,WM$EVENT_AUX_PARAMS_NT,1,NESTED_TABLE_ID,ASC
WMSYS,SYS_FK0000023938N00006$,WMSYS,WM$VERSIONED_TABLES_UNDO_CODE,1,NESTED_TABLE_ID,ASC
WMSYS,SYS_IOT_TOP_23896,WMSYS,AQ$_WM$EVENT_QUEUE_TABLE_T,1,NEXT_DATE,ASC
WMSYS,SYS_IOT_TOP_23896,WMSYS,AQ$_WM$EVENT_QUEUE_TABLE_T,2,TXN_ID,ASC
WMSYS,SYS_IOT_TOP_23896,WMSYS,AQ$_WM$EVENT_QUEUE_TABLE_T,3,MSGID,ASC
WMSYS,SYS_IOT_TOP_23898,WMSYS,AQ$_WM$EVENT_QUEUE_TABLE_H,1,MSGID,ASC
WMSYS,SYS_IOT_TOP_23898,WMSYS,AQ$_WM$EVENT_QUEUE_TABLE_H,2,SUBSCRIBER#,ASC
WMSYS,SYS_IOT_TOP_23898,WMSYS,AQ$_WM$EVENT_QUEUE_TABLE_H,3,NAME,ASC
WMSYS,SYS_IOT_TOP_23898,WMSYS,AQ$_WM$EVENT_QUEUE_TABLE_H,4,ADDRESS#,ASC
WMSYS,SYS_IOT_TOP_23901,WMSYS,AQ$_WM$EVENT_QUEUE_TABLE_G,1,MSGID,ASC
WMSYS,SYS_IOT_TOP_23901,WMSYS,AQ$_WM$EVENT_QUEUE_TABLE_G,2,SUBSCRIBER#,ASC
WMSYS,SYS_IOT_TOP_23901,WMSYS,AQ$_WM$EVENT_QUEUE_TABLE_G,3,NAME,ASC
WMSYS,SYS_IOT_TOP_23901,WMSYS,AQ$_WM$EVENT_QUEUE_TABLE_G,4,ADDRESS#,ASC
WMSYS,SYS_IOT_TOP_23904,WMSYS,AQ$_WM$EVENT_QUEUE_TABLE_I,1,SUBSCRIBER#,ASC
WMSYS,SYS_IOT_TOP_23904,WMSYS,AQ$_WM$EVENT_QUEUE_TABLE_I,2,NAME,ASC
WMSYS,SYS_IOT_TOP_23904,WMSYS,AQ$_WM$EVENT_QUEUE_TABLE_I,3,QUEUE#,ASC
WMSYS,SYS_IOT_TOP_23904,WMSYS,AQ$_WM$EVENT_QUEUE_TABLE_I,4,MSG_ENQ_TIME,ASC
WMSYS,SYS_IOT_TOP_23904,WMSYS,AQ$_WM$EVENT_QUEUE_TABLE_I,5,MSG_STEP_NO,ASC
WMSYS,SYS_IOT_TOP_23904,WMSYS,AQ$_WM$EVENT_QUEUE_TABLE_I,6,MSG_CHAIN_NO,ASC
WMSYS,SYS_IOT_TOP_23904,WMSYS,AQ$_WM$EVENT_QUEUE_TABLE_I,7,MSG_LOCAL_ORDER_NO,ASC
WMSYS,SYS_IOT_TOP_23904,WMSYS,AQ$_WM$EVENT_QUEUE_TABLE_I,8,MSGID,ASC
WMSYS,WM$BCT_IDX,WMSYS,WM$BATCH_COMPRESSIBLE_TABLES$,1,WORKSPACE#,ASC
WMSYS,WM$BCT_IDX,WMSYS,WM$BATCH_COMPRESSIBLE_TABLES$,2,VTID#,ASC
WMSYS,WM$CONS_COLUMNS_IDX,WMSYS,WM$CONS_COLUMNS$,1,VTID#,ASC
WMSYS,WM$CONS_COLUMNS_IDX,WMSYS,WM$CONS_COLUMNS$,2,CONSTRAINT_NAME,ASC
WMSYS,WM$CONSTRAINTS_TABLE_TAB_PK,WMSYS,WM$CONSTRAINTS_TABLE$,1,OWNER,ASC
WMSYS,WM$CONSTRAINTS_TABLE_TAB_PK,WMSYS,WM$CONSTRAINTS_TABLE$,2,CONSTRAINT_NAME,ASC
WMSYS,WM$CONSTRAINTS_TABLE_TAB_PK,WMSYS,WM$CONSTRAINTS_TABLE$,3,SYS_NC00010$,ASC
WMSYS,WM$ENV_SYS_PK,WMSYS,WM$SYSPARAM_ALL_VALUES$,1,NAME,ASC
WMSYS,WM$ENV_SYS_PK,WMSYS,WM$SYSPARAM_ALL_VALUES$,2,VALUE,ASC
WMSYS,WM$ENV_VARS_PK,WMSYS,WM$ENV_VARS$,1,NAME,ASC
WMSYS,WM$EVENTS_INFO_PK,WMSYS,WM$EVENTS_INFO$,1,EVENT_NAME,ASC
WMSYS,WM$HASH_TABLE_INDEX,WMSYS,WM$HASH_TABLE$,1,HASH,ASC
WMSYS,WM$HINT_TABLE_UNQ,WMSYS,WM$HINT_TABLE$,1,HINT_ID,ASC
WMSYS,WM$HINT_TABLE_UNQ,WMSYS,WM$HINT_TABLE$,2,VTID#,ASC
WMSYS,WM$HINT_TABLE_UNQ,WMSYS,WM$HINT_TABLE$,3,SYS_NC00005$,ASC
WMSYS,WM$LOCKROWS_INFO_IDX,WMSYS,WM$LOCKROWS_INFO$,1,WORKSPACE#,ASC
WMSYS,WM$MODIFIED_TABLES_PK,WMSYS,WM$MODIFIED_TABLES$,1,WORKSPACE#,ASC
WMSYS,WM$MODIFIED_TABLES_PK,WMSYS,WM$MODIFIED_TABLES$,2,VTID#,ASC
WMSYS,WM$MODIFIED_TABLES_PK,WMSYS,WM$MODIFIED_TABLES$,3,VERSION,ASC
WMSYS,WM$MODIFIED_TAB_VERSION,WMSYS,WM$MODIFIED_TABLES$,1,VERSION,ASC
WMSYS,WM$MODIFIED_TAB_VERSION,WMSYS,WM$MODIFIED_TABLES$,2,WORKSPACE#,ASC
WMSYS,WM$MP_GRAPH_WORKSPACE_IDX,WMSYS,WM$MP_GRAPH_WORKSPACES_TABLE$,1,MP_GRAPH_WORKSPACE#,ASC
WMSYS,WM$MP_GRAPH_WORKSPACES_PK,WMSYS,WM$MP_GRAPH_WORKSPACES_TABLE$,1,MP_LEAF_WORKSPACE#,ASC
WMSYS,WM$MP_GRAPH_WORKSPACES_PK,WMSYS,WM$MP_GRAPH_WORKSPACES_TABLE$,2,MP_GRAPH_WORKSPACE#,ASC
WMSYS,WM$MP_PARENT_PK,WMSYS,WM$MP_PARENT_WORKSPACES_TABLE$,1,WORKSPACE#,ASC
WMSYS,WM$MP_PARENT_PK,WMSYS,WM$MP_PARENT_WORKSPACES_TABLE$,2,PARENT_WORKSPACE#,ASC
WMSYS,WM$MP_PWS_TAB_PVER_IND,WMSYS,WM$MP_PARENT_WORKSPACES_TABLE$,1,PARENT_VERSION,ASC
WMSYS,WM$MP_PWS_TAB_PWS_IND,WMSYS,WM$MP_PARENT_WORKSPACES_TABLE$,1,PARENT_WORKSPACE#,ASC
WMSYS,WM$MW_TAB_WS_IDX,WMSYS,WM$MW_TABLE$,1,WORKSPACE#,ASC
WMSYS,WM$NESTED_COLUMNS_PK,WMSYS,WM$NESTED_COLUMNS_TABLE$,1,VTID#,ASC
WMSYS,WM$NESTED_COLUMNS_PK,WMSYS,WM$NESTED_COLUMNS_TABLE$,2,COLUMN_NAME,ASC
WMSYS,WM$NEXTVER_TABLE_INDX,WMSYS,WM$NEXTVER_TABLE$,1,VERSION,ASC
WMSYS,WM$NEXTVER_TABLE_INDX,WMSYS,WM$NEXTVER_TABLE$,2,NEXT_VERS,ASC
WMSYS,WM$NEXTVER_TABLE_NV_INDX,WMSYS,WM$NEXTVER_TABLE$,1,NEXT_VERS,ASC
WMSYS,WM$NEXTVER_TABLE_NV_INDX,WMSYS,WM$NEXTVER_TABLE$,2,VERSION,ASC
WMSYS,WM$NEXTVER_TABLE_NV_INDX,WMSYS,WM$NEXTVER_TABLE$,3,WORKSPACE#,ASC
WMSYS,WM$PRIV_TAB_PK,WMSYS,WM$WORKSPACE_PRIV_TABLE$,1,GRANTEE,ASC
WMSYS,WM$PRIV_TAB_PK,WMSYS,WM$WORKSPACE_PRIV_TABLE$,2,WORKSPACE#,ASC
WMSYS,WM$PRIV_TAB_PK,WMSYS,WM$WORKSPACE_PRIV_TABLE$,3,SYS_NC00005$,ASC
WMSYS,WM$RESOLVE_WORKSPACES_PK,WMSYS,WM$RESOLVE_WORKSPACES_TABLE$,1,WORKSPACE#,ASC
WMSYS,WM$RIC_LOCKING_IND,WMSYS,WM$RIC_LOCKING_TABLE$,1,PT_VTID#,ASC
WMSYS,WM$RIC_PK,WMSYS,WM$RIC_TABLE$,1,CT_VTID#,ASC
WMSYS,WM$RIC_PK,WMSYS,WM$RIC_TABLE$,2,RIC_NAME,ASC
WMSYS,WM$RIC_TAB_PT,WMSYS,WM$RIC_TABLE$,1,PT_VTID#,ASC
WMSYS,WM$RIC_TRIGGERS_PK,WMSYS,WM$RIC_TRIGGERS_TABLE$,1,PT_VTID#,ASC
WMSYS,WM$RIC_TRIGGERS_PK,WMSYS,WM$RIC_TRIGGERS_TABLE$,2,CT_VTID#,ASC
WMSYS,WM$UDTRIG_DISPATCH_PROCS_PK,WMSYS,WM$UDTRIG_DISPATCH_PROCS$,1,VTID#,ASC
WMSYS,WM$UDTRIG_INFO_PK,WMSYS,WM$UDTRIG_INFO$,1,TRIG_OWNER_NAME,ASC
WMSYS,WM$UDTRIG_INFO_PK,WMSYS,WM$UDTRIG_INFO$,2,TRIG_NAME,ASC
WMSYS,WM$UDTRIG_INFO_VTID,WMSYS,WM$UDTRIG_INFO$,1,VTID#,ASC
WMSYS,WM$VERSIONED_TABLES__PK,WMSYS,WM$VERSIONED_TABLES$,1,TABLE_NAME,ASC
WMSYS,WM$VERSIONED_TABLES__PK,WMSYS,WM$VERSIONED_TABLES$,2,OWNER,ASC
WMSYS,WM$VERSION_HIERARCHY_PK,WMSYS,WM$VERSION_HIERARCHY_TABLE$,1,VERSION,ASC
WMSYS,WM$VERSION_PK,WMSYS,WM$VERSION_TABLE$,1,WORKSPACE#,ASC
WMSYS,WM$VERSION_PK,WMSYS,WM$VERSION_TABLE$,2,ANC_WORKSPACE#,ASC
WMSYS,WM$VER_TAB_BL_VERSION,WMSYS,WM$VERSIONED_TABLES$,1,BL_VERSION,ASC
WMSYS,WM$VER_TAB_FNAME,WMSYS,WM$VERSIONED_TABLES$,1,SYS_NC00010$,ASC
WMSYS,WM$VER_TAB_OWNER,WMSYS,WM$VERSIONED_TABLES$,1,OWNER,ASC
WMSYS,WM$VER_TAB_VTID_UNQ,WMSYS,WM$VERSIONED_TABLES$,1,VTID#,ASC
WMSYS,WM$VHT_IDX,WMSYS,WM$VERSION_HIERARCHY_TABLE$,1,WORKSPACE#,ASC
WMSYS,WM$VHT_IDX,WMSYS,WM$VERSION_HIERARCHY_TABLE$,2,VERSION,ASC
WMSYS,WM$VT_ANC_IDX,WMSYS,WM$VERSION_TABLE$,1,ANC_WORKSPACE#,ASC
WMSYS,WM$VT_ANC_IDX,WMSYS,WM$VERSION_TABLE$,2,ANC_VERSION,ASC
WMSYS,WM$VT_ERRORS_PK,WMSYS,WM$VT_ERRORS_TABLE$,1,VTID#,ASC
WMSYS,WM$WORKSPACE_SAVEPOINTS_PK,WMSYS,WM$WORKSPACE_SAVEPOINTS_TABLE$,1,WORKSPACE#,ASC
WMSYS,WM$WORKSPACE_SAVEPOINTS_PK,WMSYS,WM$WORKSPACE_SAVEPOINTS_TABLE$,2,SAVEPOINT,ASC
WMSYS,WM$WORKSPACES_MP_IDX,WMSYS,WM$WORKSPACES_TABLE$,1,MP_ROOT,ASC
WMSYS,WM$WORKSPACES_PK,WMSYS,WM$WORKSPACES_TABLE$,1,WORKSPACE_LOCK_ID,ASC
WMSYS,WM$WS_PRIV_TAB_GRTE_IND,WMSYS,WM$WORKSPACE_PRIV_TABLE$,1,GRANTEE,ASC
WMSYS,WM$WS_PRIV_TAB_GRTOR_IND,WMSYS,WM$WORKSPACE_PRIV_TABLE$,1,GRANTOR,ASC
WMSYS,WM$WS_PRIV_TAB_WS_GRTE_IND,WMSYS,WM$WORKSPACE_PRIV_TABLE$,1,WORKSPACE#,ASC
WMSYS,WM$WS_PRIV_TAB_WS_GRTE_IND,WMSYS,WM$WORKSPACE_PRIV_TABLE$,2,GRANTEE,ASC
WMSYS,WM$WS_SP_TAB_VER_IND,WMSYS,WM$WORKSPACE_SAVEPOINTS_TABLE$,1,VERSION,ASC
WMSYS,WM$WS_TAB_PVER_IND,WMSYS,WM$WORKSPACES_TABLE$,1,PARENT_VERSION,ASC
WMSYS,WM$WS_TAB_PWS_IND,WMSYS,WM$WORKSPACES_TABLE$,1,PARENT_WORKSPACE#,ASC
WMSYS,WM$WS_TAB_WS_IND,WMSYS,WM$WORKSPACES_TABLE$,1,WORKSPACE,ASC
XDB,COKEY,XDB,XDB$CHECKOUTS,1,VCRUID,ASC
XDB,COKEY,XDB,XDB$CHECKOUTS,2,WORKSPACEID,ASC
XDB,JSON$COLLECTION_METADATA_PK,XDB,JSON$COLLECTION_METADATA,1,OWNER,ASC
XDB,JSON$COLLECTION_METADATA_PK,XDB,JSON$COLLECTION_METADATA,2,URI_NAME,ASC
XDB,JSON$USER_CREDENTIALS_PK,XDB,JSON$USER_CREDENTIALS,1,ID,ASC
XDB,JSON$USER_CREDENTIALS_PK,XDB,JSON$USER_CREDENTIALS,2,CREDENTIAL_TYPE,ASC
XDB,JSON$USER_ROLES_N1,XDB,JSON$USER_ROLES,1,OWNER,ASC
XDB,JSON$USER_ROLES_PK,XDB,JSON$USER_ROLES,1,ID,ASC
XDB,JSON$USER_ROLES_PK,XDB,JSON$USER_ROLES,2,OWNER,ASC
XDB,JSON$USER_ROLES_PK,XDB,JSON$USER_ROLES,3,ROLE_NAME,ASC
XDB,JSON$USERS_PK,XDB,JSON$USERS,1,ID,ASC
XDB,JSON$USERS_U1,XDB,JSON$USERS,1,OWNER,ASC
XDB,JSON$USERS_U1,XDB,JSON$USERS,2,USER_NAME,ASC
XDB,SNGLEROW,XDB,XDB$DBFS_VIRTUAL_FOLDER,1,HIDDEN_DEF,ASC
XDB,STATS_PK,XDB,XDB$STATS,1,"""XMLDATA"".""RESOID""",ASC
XDB,SYS_C006572,XDB,XDB$TTSET,1,OBJ#,ASC
XDB,SYS_C006574,XDB,XDB$H_LINK,1,SYS_NC_OID$,ASC
XDB,SYS_C006575,XDB,XDB$SIMPLE_TYPE,1,SYS_NC_OID$,ASC
XDB,SYS_C006576,XDB,XDB$COMPLEX_TYPE,1,SYS_NC_OID$,ASC
XDB,SYS_C006577,XDB,XDB$ALL_MODEL,1,SYS_NC_OID$,ASC
XDB,SYS_C006578,XDB,XDB$CHOICE_MODEL,1,SYS_NC_OID$,ASC
XDB,SYS_C006579,XDB,XDB$SEQUENCE_MODEL,1,SYS_NC_OID$,ASC
XDB,SYS_C006580,XDB,XDB$ELEMENT,1,SYS_NC_OID$,ASC
XDB,SYS_C006581,XDB,XDB$ATTRIBUTE,1,SYS_NC_OID$,ASC
XDB,SYS_C006582,XDB,XDB$ANYATTR,1,SYS_NC_OID$,ASC
XDB,SYS_C006583,XDB,XDB$ANY,1,SYS_NC_OID$,ASC
XDB,SYS_C006584,XDB,XDB$GROUP_DEF,1,SYS_NC_OID$,ASC
XDB,SYS_C006585,XDB,XDB$GROUP_REF,1,SYS_NC_OID$,ASC
XDB,SYS_C006586,XDB,XDB$ATTRGROUP_DEF,1,SYS_NC_OID$,ASC
XDB,SYS_C006587,XDB,XDB$ATTRGROUP_REF,1,SYS_NC_OID$,ASC
XDB,SYS_C006588,XDB,XDB$SCHEMA,1,SYS_NC_OID$,ASC
XDB,SYS_C006589,XDB,XDB$RESOURCE,1,SYS_NC_OID$,ASC
XDB,SYS_C006590,XDB,XDB$NLOCKS,1,SYS_NC_OID$,ASC
XDB,SYS_C006592,XDB,APP_USERS_AND_ROLES,1,NAME,ASC
XDB,SYS_C006593,XDB,XDB$ACL,1,SYS_NC_OID$,ASC
XDB,SYS_C006594,XDB,XDB$RESCONFIG,1,SYS_NC_OID$,ASC
XDB,SYS_C006620,XDB,XDB$STATS,1,SYS_NC_OID$,ASC
XDB,SYS_C006621,XDB,XDB$CONFIG,1,SYS_NC_OID$,ASC
XDB,XDB$CHECKOUTS_VCRUID_IDX,XDB,XDB$CHECKOUTS,1,VCRUID,ASC
XDB,XDB$CHECKOUTS_WORKSPACEID_IDX,XDB,XDB$CHECKOUTS,1,WORKSPACEID,ASC
XDB,XDB$COMPLEX_TYPE_AK,XDB,XDB$COMPLEX_TYPE,1,SYS_NC00198$,ASC
XDB,XDB$COMPLEX_TYPE_CK,XDB,XDB$COMPLEX_TYPE,1,SYS_NC00197$,ASC
XDB,XDB$COMPLEX_TYPE_SK,XDB,XDB$COMPLEX_TYPE,1,SYS_NC00196$,ASC
XDB,XDB$D_LINK_SOURCE_ID,XDB,XDB$D_LINK,1,SOURCE_ID,ASC
XDB,XDB$D_LINK_TARGET_ID,XDB,XDB$D_LINK,1,TARGET_ID,ASC
XDB,XDB$DXPTABPK,XDB,XDB$DXPTAB,1,IDXOBJ#,ASC
XDB,XDB$ELEMENT_HER,XDB,XDB$ELEMENT,1,SYS_NC00076$,ASC
XDB,XDB$ELEMENT_PR,XDB,XDB$ELEMENT,1,SYS_NC00074$,ASC
XDB,XDB$ELEMENT_PROPNAME,XDB,XDB$ELEMENT,1,"""XMLDATA"".""PROPERTY"".""NAME""",ASC
XDB,XDB$ELEMENT_PROPNUMBER,XDB,XDB$ELEMENT,1,"""XMLDATA"".""PROPERTY"".""PROP_NUMBER""",ASC
XDB,XDB$ELEMENT_PS,XDB,XDB$ELEMENT,1,SYS_NC00073$,ASC
XDB,XDB$ELEMENT_TR,XDB,XDB$ELEMENT,1,SYS_NC00075$,ASC
XDB,XDBHI_IDX,XDB,XDB$RESOURCE,1,SYS_NC00041$,ASC
XDB,XDB$H_INDEX_OID_I,XDB,XDB$H_INDEX,1,OID,ASC
XDB,XDB_H_LINK_CHILD_OID,XDB,XDB$H_LINK,1,CHILD_OID,ASC
XDB,XDB$IDXPARAM,XDB,XDB$XIDX_PARAM_T,1,USERID,ASC
XDB,XDB$IDXPARAM,XDB,XDB$XIDX_PARAM_T,2,PARAM_NAME,ASC
XDB,XDB$IDXPTAB,XDB,XDB$DXPTAB,1,PATHTABOBJ#,ASC
XDB,XDB$IDXTABCOLS_1,XDB,XDB$XTABCOLS,1,IDXOBJ#,ASC
XDB,XDB$IDXTABCOLS_1,XDB,XDB$XTABCOLS,2,GROUPNAME,ASC
XDB,XDB$IDXTABCOLS_1,XDB,XDB$XTABCOLS,3,XMLTABOBJ#,ASC
XDB,XDB$IDXTABNMSP_1,XDB,XDB$XTABNMSP,1,IDXOBJ#,ASC
XDB,XDB$IDXTABNMSP_1,XDB,XDB$XTABNMSP,2,GROUPNAME,ASC
XDB,XDB$IDXTABNMSP_1,XDB,XDB$XTABNMSP,3,XMLTABOBJ#,ASC
XDB,XDB$IDXTABNMSP_1,XDB,XDB$XTABNMSP,4,FLAGS,ASC
XDB,XDB$IDXXTAB_1,XDB,XDB$XTAB,1,IDXOBJ#,ASC
XDB,XDB$IDXXTAB_1,XDB,XDB$XTAB,2,GROUPNAME,ASC
XDB,XDB$IDXXTAB_1,XDB,XDB$XTAB,3,PTABOBJ#,ASC
XDB,XDB$IDXXTAB_2,XDB,XDB$XTAB,1,IDXOBJ#,ASC
XDB,XDB$IDXXTAB_2,XDB,XDB$XTAB,2,DEPGRPPOS,ASC
XDB,XDB$IDXXTAB_2,XDB,XDB$XTAB,3,XMLTABOBJ#,ASC
XDB,XDB$NLOCKS_CHILD_NAME_IDX,XDB,XDB$NLOCKS,1,CHILD_NAME,ASC
XDB,XDB$NLOCKS_PARENT_OID_IDX,XDB,XDB$NLOCKS,1,PARENT_OID,ASC
XDB,XDB$NLOCKS_RAWTOKEN_IDX,XDB,XDB$NLOCKS,1,RAWTOKEN,ASC
XDB,XDB_PK_H_LINK,XDB,XDB$H_LINK,1,PARENT_OID,ASC
XDB,XDB_PK_H_LINK,XDB,XDB$H_LINK,2,NAME,ASC
XDB,XDB$RESOURCE_ACLOID_IDX,XDB,XDB$RESOURCE,1,"""XMLDATA"".""ACLOID""",ASC
XDB,XDB$RESOURCE_OID_INDEX,XDB,XDB$RESOURCE,1,SYS_NC00040$,ASC
XDB,XDB$SCHEMA_URL,XDB,XDB$SCHEMA,1,"""XMLDATA"".""SCHEMA_URL""",ASC
XDB,XDB$TSETMAP_UNIQ1,XDB,XDB$TSETMAP,1,GUID,ASC
XDB,XDB$TSETMAP_UNIQ1,XDB,XDB$TSETMAP,2,TYPE,ASC
XDB,XDB$XIDX_PART_TAB_PK,XDB,XDB$XIDX_PART_TAB,1,IDXOBJ#,ASC
XDB,XDB$XIDX_PART_TAB_PK,XDB,XDB$XIDX_PART_TAB,2,PART_NAME,ASC
XDB,XDB$XTABPK,XDB,XDB$XTAB,1,IDXOBJ#,ASC
XDB,XDB$XTABPK,XDB,XDB$XTAB,2,GROUPNAME,ASC
XDB,XDB$XTABPK,XDB,XDB$XTAB,3,XMLTABOBJ#,ASC
XDB,X$NI23LVJDK4EL9LDAHTO4RRGH5N9U,XDB,X$NM23LVJDK4EL9LDAHTO4RRGH5N9U,1,ID,ASC
XDB,X$NN23LVJDK4EL9LDAHTO4RRGH5N9U,XDB,X$NM23LVJDK4EL9LDAHTO4RRGH5N9U,1,NMSPCURI,ASC
XDB,X$PI23LVJDK4EL9LDAHTO4RRGH5N9U,XDB,X$PT23LVJDK4EL9LDAHTO4RRGH5N9U,1,ID,ASC
XDB,X$PP23LVJDK4EL9LDAHTO4RRGH5N9U,XDB,X$PT23LVJDK4EL9LDAHTO4RRGH5N9U,1,PATH,ASC
XDB,X$PR23LVJDK4EL9LDAHTO4RRGH5N9U,XDB,X$PT23LVJDK4EL9LDAHTO4RRGH5N9U,1,SYS_NC00003$,ASC
XDB,X$QI23LVJDK4EL9LDAHTO4RRGH5N9U,XDB,X$QN23LVJDK4EL9LDAHTO4RRGH5N9U,1,ID,ASC
XDB,X$QQ23LVJDK4EL9LDAHTO4RRGH5N9U,XDB,X$QN23LVJDK4EL9LDAHTO4RRGH5N9U,1,NMSPCID,ASC
XDB,X$QQ23LVJDK4EL9LDAHTO4RRGH5N9U,XDB,X$QN23LVJDK4EL9LDAHTO4RRGH5N9U,2,LOCALNAME,ASC
XDB,X$QQ23LVJDK4EL9LDAHTO4RRGH5N9U,XDB,X$QN23LVJDK4EL9LDAHTO4RRGH5N9U,3,FLAGS,ASC
XDB,X$QS23LVJDK4EL9LDAHTO4RRGH5N9U,XDB,X$QN23LVJDK4EL9LDAHTO4RRGH5N9U,1,NMSPCID,ASC
