OWNER,VIEW_NAME,READ_ONLY,TEXT_LENGTH
AUDSYS,CDB_UNIFIED_AUDIT_TRAIL,N,2291
AUDSYS,CDB_XS_AUDIT_TRAIL,N,590
AUDSYS,DBA_XS_AUDIT_TRAIL,N,1079
AUDSYS,DV$CONFIGURATION_AUDIT,N,540
AUDSYS,DV$ENFORCEMENT_AUDIT,N,540
AUDSYS,UNIFIED_AUDIT_TRAIL,N,8428
CTXSYS,CTX_ALEXER_DICTS,N,215
CTXSYS,CTX_AUTO_OPTIMIZE_INDEXES,N,127
CTXSYS,CTX_AUTO_OPTIMIZE_STATUS,N,291
CTXSYS,CTX_AUTOSYNC_JOBS,N,1383
CTXSYS,CTX_AUTOSYNC_STATUS,N,359
CTXSYS,CTX_CLASSES,N,101
CTXSYS,CTX_EXTRACT_POLICIES,N,158
CTXSYS,CTX_EXTRACT_POLICY_VALUES,N,792
CTXSYS,CTX_FILTER_BY_COLUMNS,N,570
CTXSYS,CTX_FILTER_CACHE_STATISTICS,N,768
CTXSYS,CTX_INDEX_ERRORS,N,241
CTXSYS,CTX_INDEXES,N,1213
CTXSYS,CTX_INDEX_OBJECTS,N,352
CTXSYS,CTX_INDEX_PARTITIONS,N,998
CTXSYS,CTX_INDEX_SECTIONS,N,1389
CTXSYS,CTX_INDEX_SET_INDEXES,N,231
CTXSYS,CTX_INDEX_SETS,N,109
CTXSYS,CTX_INDEX_SUB_LEXERS,N,532
CTXSYS,CTX_INDEX_SUB_LEXER_VALUES,N,893
CTXSYS,CTX_INDEX_VALUES,N,723
CTXSYS,CTX_OBJECT_ATTRIBUTE_LOV,N,479
CTXSYS,CTX_OBJECT_ATTRIBUTES,N,749
CTXSYS,CTX_OBJECTS,N,200
CTXSYS,CTX_ORDER_BY_COLUMNS,N,656
CTXSYS,CTX_PARAMETERS,N,49
CTXSYS,CTX_PENDING,N,697
CTXSYS,CTX_PREFERENCES,N,378
CTXSYS,CTX_PREFERENCE_VALUES,N,522
CTXSYS,CTX_SECTION_GROUPS,N,267
CTXSYS,CTX_SECTIONS,N,747
CTXSYS,CTX_SQES,N,128
CTXSYS,CTX_STOPLISTS,N,294
CTXSYS,CTX_STOPWORDS,N,434
CTXSYS,CTX_SUB_LEXERS,N,526
CTXSYS,CTX_THESAURI,N,102
CTXSYS,CTX_THES_PHRASES,N,254
CTXSYS,CTX_TRACE_VALUES,N,79
CTXSYS,CTX_USER_ALEXER_DICTS,N,108
CTXSYS,CTX_USER_AUTO_OPTIMIZE_INDEXES,N,134
CTXSYS,CTX_USER_AUTOSYNC_JOBS,N,1268
CTXSYS,CTX_USER_AUTOSYNC_STATUS,N,1183
CTXSYS,CTX_USER_EXTRACT_POLICIES,N,126
CTXSYS,CTX_USER_EXTRACT_POLICY_VALUES,N,752
CTXSYS,CTX_USER_EXTRACT_RULES,N,489
CTXSYS,CTX_USER_EXTRACT_STOP_ENTITIES,N,393
CTXSYS,CTX_USER_EXTRACT_TYPE,N,253
CTXSYS,CTX_USER_FILTER_BY_COLUMNS,N,533
CTXSYS,CTX_USER_INDEX_ERRORS,N,194
CTXSYS,CTX_USER_INDEXES,N,1166
CTXSYS,CTX_USER_INDEX_OBJECTS,N,310
CTXSYS,CTX_USER_INDEX_PARTITIONS,N,945
CTXSYS,CTX_USER_INDEX_SECTIONS,N,1335
CTXSYS,CTX_USER_INDEX_SET_INDEXES,N,181
CTXSYS,CTX_USER_INDEX_SETS,N,75
CTXSYS,CTX_USER_INDEX_SUB_LEXERS,N,485
CTXSYS,CTX_USER_INDEX_SUB_LEXER_VALS,N,846
CTXSYS,CTX_USER_INDEX_VALUES,N,676
CTXSYS,CTX_USER_ORDER_BY_COLUMNS,N,621
CTXSYS,CTX_USER_PENDING,N,600
CTXSYS,CTX_USER_PREFERENCES,N,328
CTXSYS,CTX_USER_PREFERENCE_VALUES,N,481
CTXSYS,CTX_USER_SECTION_GROUPS,N,233
CTXSYS,CTX_USER_SECTIONS,N,707
CTXSYS,CTX_USER_SESSION_SQES,N,214
CTXSYS,CTX_USER_SQES,N,165
CTXSYS,CTX_USER_STOPLISTS,N,268
CTXSYS,CTX_USER_STOPWORDS,N,398
CTXSYS,CTX_USER_SUB_LEXERS,N,468
CTXSYS,CTX_USER_THESAURI,N,69
CTXSYS,CTX_USER_THES_PHRASES,N,297
CTXSYS,CTX_VERSION,N,85
CTXSYS,DRV$AUTOOPT,N,102
CTXSYS,DRV$DELETE,N,73
CTXSYS,DRV$DELETE2,N,143
CTXSYS,DRV$ONLINE_PENDING,N,139
CTXSYS,DRV$PENDING,N,156
CTXSYS,DRV$SDATA_UPDATE,N,154
CTXSYS,DRV$SDATA_UPDATE2,N,224
CTXSYS,DRV$TREE,N,119
CTXSYS,DRV$UNINDEXED,N,62
CTXSYS,DRV$UNINDEXED2,N,132
CTXSYS,DRV$USER_EXTRACT_ENTDICT,N,204
CTXSYS,DRV$USER_EXTRACT_RULE,N,238
CTXSYS,DRV$USER_EXTRACT_STOP_ENTITY,N,173
CTXSYS,DRV$USER_EXTRACT_TKDICT,N,172
CTXSYS,DRV$USER_EXTRACT_TYPE,N,167
CTXSYS,DRV$WAITING,N,122
DBSNMP,MGMT_BSLN_BASELINES,N,492
DBSNMP,MGMT_BSLN_DATASOURCES,N,422
DBSNMP,MGMT_BSLN_INTERVALS,N,616
DBSNMP,MGMT_BSLN_METRICS,N,168
DBSNMP,MGMT_BSLN_STATISTICS,N,737
DBSNMP,MGMT_BSLN_THRESHOLD_PARMS,N,432
DBSNMP,MGMT_RESPONSE_BASELINE,N,235
DVSYS,DBA_DV_APP_EXCEPTION,N,250
DVSYS,DBA_DV_AUTH,N,1207
DVSYS,DBA_DV_CODE,N,191
DVSYS,DBA_DV_COMMAND_RULE,N,2599
DVSYS,DBA_DV_COMMAND_RULE_ID,N,2327
DVSYS,DBA_DV_COMMON_OPERATION_STATUS,N,139
DVSYS,DBA_DV_DATAPUMP_AUTH,N,697
DVSYS,DBA_DV_DBCAPTURE_AUTH,N,230
DVSYS,DBA_DV_DBREPLAY_AUTH,N,229
DVSYS,DBA_DV_DDL_AUTH,N,900
DVSYS,DBA_DV_DEBUG_CONNECT_AUTH,N,725
DVSYS,DBA_DV_DIAGNOSTIC_AUTH,N,338
DVSYS,DBA_DV_DICTIONARY_ACCTS,N,121
DVSYS,DBA_DV_FACTOR,N,1092
DVSYS,DBA_DV_FACTOR_LINK,N,204
DVSYS,DBA_DV_FACTOR_TYPE,N,157
DVSYS,DBA_DV_IDENTITY,N,129
DVSYS,DBA_DV_IDENTITY_MAP,N,545
DVSYS,DBA_DV_INDEX_FUNCTION,N,84
DVSYS,DBA_DV_JOB_AUTH,N,577
DVSYS,DBA_DV_MAC_POLICY,N,221
DVSYS,DBA_DV_MAC_POLICY_FACTOR,N,242
DVSYS,DBA_DV_MAINTENANCE_AUTH,N,1173
DVSYS,DBA_DV_ORADEBUG,N,121
DVSYS,DBA_DV_PATCH_ADMIN_AUDIT,N,125
DVSYS,DBA_DV_POLICY,N,422
DVSYS,DBA_DV_POLICY_LABEL,N,333
DVSYS,DBA_DV_POLICY_OBJECT,N,2343
DVSYS,DBA_DV_POLICY_OWNER,N,197
DVSYS,DBA_DV_PREPROCESSOR_AUTH,N,233
DVSYS,DBA_DV_PROXY_AUTH,N,1053
DVSYS,DBA_DV_PUB_PRIVS,N,659
DVSYS,DBA_DV_RAS_ATTACH_SESSION_AUTH,N,648
DVSYS,DBA_DV_REALM,N,829
DVSYS,DBA_DV_REALM_AUTH,N,850
DVSYS,DBA_DV_REALM_OBJECT,N,439
DVSYS,DBA_DV_ROLE,N,183
DVSYS,DBA_DV_RULE,N,562
DVSYS,DBA_DV_RULE_SET,N,1107
DVSYS,DBA_DV_RULE_SET_RULE,N,263
DVSYS,DBA_DV_SIMULATION_LOG,N,1004
DVSYS,DBA_DV_STATUS,N,593
DVSYS,DBA_DV_TTS_AUTH,N,243
DVSYS,DBA_DV_USER_PRIVS,N,724
DVSYS,DBA_DV_USER_PRIVS_ALL,N,1465
DVSYS,DV_ADMIN_GRANTEES,N,453
DVSYS,DV_AUDIT_CLEANUP_GRANTEES,N,469
DVSYS,DV$CODE,N,297
DVSYS,DV$COMMAND_RULE,N,2736
DVSYS,DV$CONFIGURATION_AUDIT,N,632
DVSYS,DV$ENFORCEMENT_AUDIT,N,599
DVSYS,DV$FACTOR,N,1184
DVSYS,DV$FACTOR_LINK,N,361
DVSYS,DV$FACTOR_TYPE,N,263
DVSYS,DV$IDENTITY,N,257
DVSYS,DV$IDENTITY_MAP,N,736
DVSYS,DV$MAC_POLICY,N,373
DVSYS,DV$MAC_POLICY_FACTOR,N,400
DVSYS,DV_MONITOR_GRANTEES,N,457
DVSYS,DV$OLS_POLICY,N,65
DVSYS,DV$OLS_POLICY_LABEL,N,177
DVSYS,DV$OUT,N,162
DVSYS,DV_OWNER_GRANTEES,N,453
DVSYS,DV$POLICY,N,242
DVSYS,DV$POLICY_LABEL,N,510
DVSYS,DV$REALM,N,633
DVSYS,DV$REALM_AUTH,N,1021
DVSYS,DV$REALM_OBJECT,N,689
DVSYS,DV$ROLE,N,244
DVSYS,DV$RULE,N,572
DVSYS,DV$RULE_SET,N,1210
DVSYS,DV$RULE_SET_RULE,N,407
DVSYS,DV_SECANALYST_GRANTEES,N,463
DVSYS,DV$SYS_GRANTEE,N,121
DVSYS,DV$SYS_OBJECT,N,178
DVSYS,DV$SYS_OBJECT_OWNER,N,44
DVSYS,EVENT_STATUS,N,73
DVSYS,KU$_DV_ACCTS_V,N,265
DVSYS,KU$_DV_AUTH_AP_V,N,295
DVSYS,KU$_DV_AUTH_DBCAPTURE_V,N,265
DVSYS,KU$_DV_AUTH_DBREPLAY_V,N,264
DVSYS,KU$_DV_AUTH_DDL_V,N,290
DVSYS,KU$_DV_AUTH_DIAG_V,N,266
DVSYS,KU$_DV_AUTH_DP_V,N,336
DVSYS,KU$_DV_AUTH_JOB_V,N,290
DVSYS,KU$_DV_AUTH_MAINT_V,N,363
DVSYS,KU$_DV_AUTH_PREP_V,N,268
DVSYS,KU$_DV_AUTH_PROXY_V,N,292
DVSYS,KU$_DV_AUTH_RAS_AS_V,N,307
DVSYS,KU$_DV_AUTH_TTS_V,N,279
DVSYS,KU$_DV_COMMAND_RULE_VIEW,N,644
DVSYS,KU$_DV_COMM_RULE_ALTS_V,N,754
DVSYS,KU$_DV_FACTOR_LINK_VIEW,N,440
DVSYS,KU$_DV_FACTOR_TYPE_VIEW,N,402
DVSYS,KU$_DV_FACTOR_VIEW,N,3131
DVSYS,KU$_DV_IDENTITY_MAP_VIEW,N,915
DVSYS,KU$_DV_IDENTITY_VIEW,N,397
DVSYS,KU$_DV_INDEX_FUNC_V,N,269
DVSYS,KU$_DV_ISRM_VIEW,N,418
DVSYS,KU$_DV_ISR_VIEW,N,360
DVSYS,KU$_DV_ORADEBUG_V,N,257
DVSYS,KU$_DV_POLICY_OBJ_C_ALTS_V,N,983
DVSYS,KU$_DV_POLICY_OBJ_C_V,N,878
DVSYS,KU$_DV_POLICY_OBJ_R_V,N,519
DVSYS,KU$_DV_POLICY_OWNER_V,N,299
DVSYS,KU$_DV_POLICY_V,N,657
DVSYS,KU$_DV_REALM_AUTH_VIEW,N,901
DVSYS,KU$_DV_REALM_MEMBER_VIEW,N,451
DVSYS,KU$_DV_REALM_VIEW,N,885
DVSYS,KU$_DV_ROLE_VIEW,N,440
DVSYS,KU$_DV_RULE_SET_MEMBER_VIEW,N,696
DVSYS,KU$_DV_RULE_SET_VIEW,N,1847
DVSYS,KU$_DV_RULE_VIEW,N,670
DVSYS,POLICY_OWNER_COMMAND_RULE,N,2276
DVSYS,POLICY_OWNER_POLICY,N,538
DVSYS,POLICY_OWNER_POLICY_OBJECT,N,2460
DVSYS,POLICY_OWNER_REALM,N,1031
DVSYS,POLICY_OWNER_REALM_AUTH,N,1150
DVSYS,POLICY_OWNER_REALM_OBJECT,N,1091
DVSYS,POLICY_OWNER_RULE,N,339
DVSYS,POLICY_OWNER_RULE_SET,N,1007
DVSYS,POLICY_OWNER_RULE_SET_RULE,N,339
GSMADMIN_INTERNAL,AQ$CHANGE_LOG_QUEUE_TABLE,Y,5652
GSMADMIN_INTERNAL,AQ$_CHANGE_LOG_QUEUE_TABLE_F,Y,1512
GSMADMIN_INTERNAL,AQ$CHANGE_LOG_QUEUE_TABLE_R,Y,328
GSMADMIN_INTERNAL,AQ$CHANGE_LOG_QUEUE_TABLE_S,Y,271
GSMADMIN_INTERNAL,DUPLICATED_TABLE,Y,667
GSMADMIN_INTERNAL,DUPLICATED_TABLE_DETAILS,Y,222
GSMADMIN_INTERNAL,DUPLICATED_TABLE_DETAILS$,Y,1405
GSMADMIN_INTERNAL,LOCAL_CHUNK_COLUMNS,Y,289
GSMADMIN_INTERNAL,LOCAL_CHUNKS,Y,2090
GSMADMIN_INTERNAL,LOCAL_CHUNK_TYPES,Y,578
GSMADMIN_INTERNAL,LOCAL_TABLE_FAMILY_SERVICES,Y,420
GSMADMIN_INTERNAL,SHA_DATABASES,N,1350
GSMADMIN_INTERNAL,SHARDED_TABLE_FAMILIES,Y,254
LBACSYS,ALL_SA_AUDIT_OPTIONS,N,280
LBACSYS,ALL_SA_COMPARTMENTS,N,605
LBACSYS,ALL_SA_DATA_LABELS,N,401
LBACSYS,ALL_SA_GROUP_HIERARCHY,N,865
LBACSYS,ALL_SA_GROUPS,N,749
LBACSYS,ALL_SA_LABELS,N,478
LBACSYS,ALL_SA_LEVELS,N,727
LBACSYS,ALL_SA_POLICIES,N,231
LBACSYS,ALL_SA_PROG_PRIVS,N,163
LBACSYS,ALL_SA_PROGRAMS,N,333
LBACSYS,ALL_SA_SCHEMA_POLICIES,N,284
LBACSYS,ALL_SA_TABLE_POLICIES,N,322
LBACSYS,ALL_SA_USER_COMPARTMENTS,N,625
LBACSYS,ALL_SA_USER_GROUPS,N,606
LBACSYS,ALL_SA_USER_LABELS,N,282
LBACSYS,ALL_SA_USER_LEVELS,N,946
LBACSYS,ALL_SA_USER_PRIVS,N,131
LBACSYS,ALL_SA_USERS,N,641
LBACSYS,CDB_LBAC_DATA_LABELS,N,161
LBACSYS,CDB_LBAC_LABELS,N,171
LBACSYS,CDB_LBAC_LABEL_TAGS,N,178
LBACSYS,CDB_LBAC_POLICIES,N,214
LBACSYS,CDB_LBAC_SCHEMA_POLICIES,N,187
LBACSYS,CDB_LBAC_TABLE_POLICIES,N,227
LBACSYS,CDB_OLS_AUDIT_OPTIONS,N,185
LBACSYS,CDB_OLS_STATUS,N,151
LBACSYS,CDB_OLS_USERS,N,230
LBACSYS,CDB_SA_AUDIT_OPTIONS,N,184
LBACSYS,CDB_SA_COMPARTMENTS,N,178
LBACSYS,CDB_SA_DATA_LABELS,N,159
LBACSYS,CDB_SA_GROUP_HIERARCHY,N,174
LBACSYS,CDB_SA_GROUPS,N,204
LBACSYS,CDB_SA_LABELS,N,169
LBACSYS,CDB_SA_LEVELS,N,173
LBACSYS,CDB_SA_POLICIES,N,200
LBACSYS,CDB_SA_PROG_PRIVS,N,190
LBACSYS,CDB_SA_PROGRAMS,N,201
LBACSYS,CDB_SA_SCHEMA_POLICIES,N,185
LBACSYS,CDB_SA_TABLE_POLICIES,N,225
LBACSYS,CDB_SA_USER_COMPARTMENTS,N,204
LBACSYS,CDB_SA_USER_GROUPS,N,199
LBACSYS,CDB_SA_USER_LABELS,N,277
LBACSYS,CDB_SA_USER_LEVELS,N,205
LBACSYS,CDB_SA_USER_PRIVS,N,168
LBACSYS,CDB_SA_USERS,N,291
LBACSYS,DBA_LBAC_DATA_LABELS,N,178
LBACSYS,DBA_LBAC_LABELS,N,262
LBACSYS,DBA_LBAC_LABEL_TAGS,N,273
LBACSYS,DBA_LBAC_POLICIES,N,251
LBACSYS,DBA_LBAC_SCHEMA_POLICIES,N,258
LBACSYS,DBA_LBAC_TABLE_POLICIES,N,352
LBACSYS,DBA_OLS_AUDIT_OPTIONS,N,923
LBACSYS,DBA_OLS_STATUS,N,408
LBACSYS,DBA_OLS_USERS,N,693
LBACSYS,DBA_SA_AUDIT_OPTIONS,N,194
LBACSYS,DBA_SA_COMPARTMENTS,N,185
LBACSYS,DBA_SA_DATA_LABELS,N,180
LBACSYS,DBA_SA_GROUP_HIERARCHY,N,372
LBACSYS,DBA_SA_GROUPS,N,335
LBACSYS,DBA_SA_LABELS,N,268
LBACSYS,DBA_SA_LEVELS,N,181
LBACSYS,DBA_SA_POLICIES,N,137
LBACSYS,DBA_SA_PROG_PRIVS,N,219
LBACSYS,DBA_SA_PROGRAMS,N,257
LBACSYS,DBA_SA_SCHEMA_POLICIES,N,194
LBACSYS,DBA_SA_TABLE_POLICIES,N,234
LBACSYS,DBA_SA_USER_COMPARTMENTS,N,332
LBACSYS,DBA_SA_USER_GROUPS,N,315
LBACSYS,DBA_SA_USER_LABELS,N,220
LBACSYS,DBA_SA_USER_LEVELS,N,691
LBACSYS,DBA_SA_USER_PRIVS,N,128
LBACSYS,DBA_SA_USERS,N,343
LBACSYS,OLS$POLICY_COLUMNS,N,492
LBACSYS,OLS$TRUSTED_PROGS,N,146
LBACSYS,SA$ADMIN,N,184
LBACSYS,SA$POL,N,272
LBACSYS,USER_SA_SESSION,N,724
MDSYS,ALL_ANNOTATION_TEXT_METADATA,N,424
MDSYS,ALL_GEOMETRY_COLUMNS,N,893
MDSYS,ALL_SDO_ANIMATIONS,N,84
MDSYS,ALL_SDO_CACHED_MAPS,N,147
MDSYS,ALL_SDO_CSW_SERVICE_INFO,N,324
MDSYS,ALL_SDO_DIAG_MESSAGES,N,265
MDSYS,ALL_SDO_GEOM_METADATA,N,354
MDSYS,ALL_SDO_GEOR_SYSDATA,N,846
MDSYS,ALL_SDO_INDEX_HISTOGRAM,N,325
MDSYS,ALL_SDO_INDEX_INFO,N,317
MDSYS,ALL_SDO_INDEX_METADATA,N,1239
MDSYS,ALL_SDO_LIGHTSOURCES,N,93
MDSYS,ALL_SDO_LRS_METADATA,N,203
MDSYS,ALL_SDO_MAPS,N,78
MDSYS,ALL_SDO_NETWORK_CONSTRAINTS,N,102
MDSYS,ALL_SDO_NETWORK_FEATURE,N,199
MDSYS,ALL_SDO_NETWORK_HISTORIES,N,129
MDSYS,ALL_SDO_NETWORK_JAVA_OBJECTS,N,122
MDSYS,ALL_SDO_NETWORK_LOCKS_WM,N,218
MDSYS,ALL_SDO_NETWORK_METADATA,N,1008
MDSYS,ALL_SDO_NETWORK_TIMESTAMPS,N,93
MDSYS,ALL_SDO_NETWORK_USER_DATA,N,128
MDSYS,ALL_SDO_NFE_MODEL_FTLAYER_REL,N,127
MDSYS,ALL_SDO_NFE_MODEL_METADATA,N,215
MDSYS,ALL_SDO_NFE_MODEL_WORKSPACE,N,220
MDSYS,ALL_SDO_SCENES,N,80
MDSYS,ALL_SDO_STYLES,N,102
MDSYS,ALL_SDO_THEMES,N,501
MDSYS,ALL_SDO_TIN_PC_SYSDATA,N,558
MDSYS,ALL_SDO_TOPO_INFO,N,688
MDSYS,ALL_SDO_TOPO_METADATA,N,851
MDSYS,ALL_SDO_VIEWFRAMES,N,97
MDSYS,ALL_SDO_3DTHEMES,N,523
MDSYS,ALL_SDO_3DTXFMS,N,154
MDSYS,CS_SRS,N,103
MDSYS,CURRENTSESSIONTOKENMAP$,N,136
MDSYS,DBA_GEOMETRY_COLUMNS,N,183
MDSYS,DBA_SDO_MAPS,N,78
MDSYS,DBA_SDO_STYLES,N,102
MDSYS,DBA_SDO_THEMES,N,413
MDSYS,GEODETIC_SRIDS,N,148
MDSYS,MY_SDO_INDEX_METADATA,N,965
MDSYS,RDF_PARAM$,N,77
MDSYS,ROWTOKENMAP$,N,144
MDSYS,SDO_ANGLE_UNITS,N,199
MDSYS,SDO_AREA_UNITS,N,198
MDSYS,SDO_AVAILABLE_ELEM_OPS,N,825
MDSYS,SDO_AVAILABLE_NON_ELEM_OPS,N,396
MDSYS,SDO_AVAILABLE_OPS,N,226
MDSYS,SDO_COORD_REF_SYSTEM,N,336
MDSYS,SDO_CRS_COMPOUND,N,260
MDSYS,SDO_CRS_ENGINEERING,N,254
MDSYS,SDO_CRS_GEOCENTRIC,N,253
MDSYS,SDO_CRS_GEOGRAPHIC2D,N,255
MDSYS,SDO_CRS_GEOGRAPHIC3D,N,255
MDSYS,SDO_CRS_PROJECTED,N,290
MDSYS,SDO_CRS_VERTICAL,N,251
MDSYS,SDO_DATUM_ENGINEERING,N,385
MDSYS,SDO_DATUM_GEODETIC,N,382
MDSYS,SDO_DATUMS_OLD_FORMAT,N,155
MDSYS,SDO_DATUM_VERTICAL,N,382
MDSYS,SDO_DIST_UNITS,N,200
MDSYS,SDO_ELLIPSOIDS_OLD_FORMAT,N,703
MDSYS,SDO_PROJECTIONS_OLD_FORMAT,N,237
MDSYS,SDO_RELATEMASK_TABLE,N,50
MDSYS,SDO_TOPO_TRANSACT_DATA$,N,98
MDSYS,TOKENSESSIONMAP$,N,251
MDSYS,USER_ANNOTATION_TEXT_METADATA,N,298
MDSYS,USER_GEOMETRY_COLUMNS,N,303
MDSYS,USER_SDO_ANIMATIONS,N,124
MDSYS,USER_SDO_CACHED_MAPS,N,186
MDSYS,USER_SDO_CSW_SERVICE_INFO,N,135
MDSYS,USER_SDO_DIAG_MESSAGES,N,235
MDSYS,USER_SDO_GEOM_METADATA,N,211
MDSYS,USER_SDO_GEOR_SYSDATA,N,194
MDSYS,USER_SDO_INDEX_HISTOGRAM,N,348
MDSYS,USER_SDO_INDEX_INFO,N,260
MDSYS,USER_SDO_INDEX_METADATA,N,1314
MDSYS,USER_SDO_LIGHTSOURCES,N,133
MDSYS,USER_SDO_LRS_METADATA,N,277
MDSYS,USER_SDO_MAPS,N,118
MDSYS,USER_SDO_NETWORK_CONSTRAINTS,N,151
MDSYS,USER_SDO_NETWORK_FEATURE,N,237
MDSYS,USER_SDO_NETWORK_HISTORIES,N,178
MDSYS,USER_SDO_NETWORK_JAVA_OBJECTS,N,171
MDSYS,USER_SDO_NETWORK_LOCKS_WM,N,259
MDSYS,USER_SDO_NETWORK_METADATA,N,1040
MDSYS,USER_SDO_NETWORK_TIMESTAMPS,N,138
MDSYS,USER_SDO_NETWORK_USER_DATA,N,173
MDSYS,USER_SDO_NFE_MODEL_FTLAYER_REL,N,169
MDSYS,USER_SDO_NFE_MODEL_METADATA,N,247
MDSYS,USER_SDO_NFE_MODEL_WORKSPACE,N,252
MDSYS,USER_SDO_SCENES,N,120
MDSYS,USER_SDO_STYLES,N,142
MDSYS,USER_SDO_THEMES,N,153
MDSYS,USER_SDO_TIN_PC_SYSDATA,N,165
MDSYS,USER_SDO_TOPO_INFO,N,494
MDSYS,USER_SDO_TOPO_METADATA,N,658
MDSYS,USER_SDO_VIEWFRAMES,N,137
MDSYS,USER_SDO_3DTHEMES,N,175
MDSYS,USER_SDO_3DTXFMS,N,194
OLAPSYS,ALL$AW_CUBE_ENABLED_HIERCOMBO,N,829
OLAPSYS,ALL$AW_CUBE_ENABLED_VIEWS,N,1027
OLAPSYS,ALL$AW_DIM_ENABLED_VIEWS,N,935
OLAPSYS,ALL$OLAP2_AW_ATTRIBUTES,N,1458
OLAPSYS,ALL$OLAP2_AW_CATALOG_MEASURES,N,987
OLAPSYS,ALL$OLAP2_AW_CATALOGS,N,887
OLAPSYS,ALL$OLAP2_AW_CUBE_AGG_LVL,N,899
OLAPSYS,ALL$OLAP2_AW_CUBE_AGG_MEAS,N,802
OLAPSYS,ALL$OLAP2_AW_CUBE_AGG_OP,N,927
OLAPSYS,ALL$OLAP2_AW_CUBE_AGG_SPECS,N,694
OLAPSYS,ALL$OLAP2_AW_CUBE_DIM_USES,N,1068
OLAPSYS,ALL$OLAP2_AW_CUBE_MEASURES,N,1227
OLAPSYS,ALL$OLAP2_AW_CUBES,N,923
OLAPSYS,ALL$OLAP2_AW_DIMENSIONS,N,926
OLAPSYS,ALL$OLAP2_AW_DIM_HIER_LVL_ORD,N,1037
OLAPSYS,ALL$OLAP2_AW_DIM_LEVELS,N,903
OLAPSYS,ALL$OLAP2_AW_PHYS_OBJ,N,781
OLAPSYS,ALL$OLAP2_AW_PHYS_OBJ_PROP,N,832
ORDDATA,ORDDCM_ANON_ATTRS_USR,Y,137
ORDDATA,ORDDCM_ANON_RULES_USR,Y,124
ORDDATA,ORDDCM_CONFORMANCE_VLD_MSGS,N,148
ORDDATA,ORDDCM_CONSTRAINT_NAMES,Y,109
ORDDATA,ORDDCM_CT_ACTION_USR,Y,91
ORDDATA,ORDDCM_CT_DAREFS_USR,Y,69
ORDDATA,ORDDCM_CT_LOCATORPATHS_USR,Y,121
ORDDATA,ORDDCM_CT_PRED_OPRD_USR,Y,80
ORDDATA,ORDDCM_CT_PRED_PAR_USR,Y,82
ORDDATA,ORDDCM_CT_PRED_SET_USR,Y,121
ORDDATA,ORDDCM_CT_PRED_USR,Y,98
ORDDATA,ORDDCM_DBRELEASE_DOCS,Y,129
ORDDATA,ORDDCM_DICT_ATTRS_USR,Y,76
ORDDATA,ORDDCM_DOC_REFS_USR,Y,106
ORDDATA,ORDDCM_DOCS_USR,Y,111
ORDDATA,ORDDCM_DOCUMENT_REFS,Y,92
ORDDATA,ORDDCM_DOCUMENTS,Y,282
ORDDATA,ORDDCM_DOCUMENT_TYPES,Y,100
ORDDATA,ORDDCM_MAPPED_PATHS_USR,Y,187
ORDDATA,ORDDCM_MAPPING_DOCS_USR,Y,123
ORDDATA,ORDDCM_PRV_ATTRS_USR,Y,170
ORDDATA,ORDDCM_RT_PREF_PARAMS_USR,Y,99
ORDDATA,ORDDCM_STD_ATTRS_USR,Y,153
ORDDATA,ORDDCM_STORED_TAGS_USR,Y,75
ORDDATA,ORDDCM_UID_DEFS_USR,Y,185
ORDSYS,SI_IMAGE_FORMAT_CONVERSIONS,N,216
ORDSYS,SI_IMAGE_FORMAT_FEATURES,N,125
ORDSYS,SI_IMAGE_FORMATS,N,74
ORDSYS,SI_THUMBNAIL_FORMATS,N,81
ORDSYS,SI_VALUES,N,63
SYS,ACLMV$_BASE_VIEW,N,472
SYS,ACLMV$_MVINFO,N,1057
SYS,_ACTUAL_EDITION_OBJ,N,917
SYS,ADBTASK_CLIENT,N,58
SYS,ADBTASK_SCHEDULE,N,507
SYS,ADBTASK_SETTINGS,N,193
SYS,ALL_ALL_TABLES,N,2141
SYS,ALL_ANALYTIC_VIEW_AGGR_DIMS,N,528
SYS,ALL_ANALYTIC_VIEW_AGGR_FNS,N,548
SYS,ALL_ANALYTIC_VIEW_ATTR_CLASS,N,608
SYS,ALL_ANALYTIC_VIEW_BASE_MEAS,N,618
SYS,ALL_ANALYTIC_VIEW_CALC_MEAS,N,532
SYS,ALL_ANALYTIC_VIEW_CLASS,N,538
SYS,ALL_ANALYTIC_VIEW_COLUMNS,N,822
SYS,ALL_ANALYTIC_VIEW_DIM_ATTRS,N,574
SYS,ALL_ANALYTIC_VIEW_DIM_CLASS,N,565
SYS,ALL_ANALYTIC_VIEW_DIMENSIONS,N,756
SYS,ALL_ANALYTIC_VIEW_FACT_COLS,N,548
SYS,ALL_ANALYTIC_VIEW_HIER_CLASS,N,585
SYS,ALL_ANALYTIC_VIEW_HIERS,N,582
SYS,ALL_ANALYTIC_VIEW_KEYS,N,583
SYS,ALL_ANALYTIC_VIEW_LEVEL_CLASS,N,605
SYS,ALL_ANALYTIC_VIEW_LEVELS,N,546
SYS,ALL_ANALYTIC_VIEW_LVLGRPS,N,665
SYS,ALL_ANALYTIC_VIEW_MEAS_CLASS,N,563
SYS,ALL_ANALYTIC_VIEWS,N,719
SYS,ALL_APPLY,N,974
SYS,ALL_APPLY_CHANGE_HANDLERS,N,290
SYS,ALL_APPLY_CONFLICT_COLUMNS,N,277
SYS,ALL_APPLY_DML_CONF_COLUMNS,N,222
SYS,ALL_APPLY_DML_CONF_HANDLERS,N,375
SYS,ALL_APPLY_DML_HANDLERS,N,281
SYS,ALL_APPLY_ENQUEUE,N,257
SYS,ALL_APPLY_ERROR,N,996
SYS,ALL_APPLY_ERROR_MESSAGES,N,465
SYS,ALL_APPLY_EXECUTE,N,155
SYS,ALL_APPLY_HANDLE_COLLISIONS,N,299
SYS,ALL_APPLY_INSTANTIATED_GLOBAL,N,213
SYS,ALL_APPLY_INSTANTIATED_OBJECTS,N,307
SYS,ALL_APPLY_INSTANTIATED_SCHEMAS,N,234
SYS,ALL_APPLY_KEY_COLUMNS,N,245
SYS,ALL_APPLY_PARAMETERS,N,142
SYS,ALL_APPLY_PROGRESS,N,304
SYS,ALL_APPLY_REPERROR_HANDLERS,N,350
SYS,ALL_APPLY_SPILL_TXN,N,295
SYS,ALL_APPLY_TABLE_COLUMNS,N,298
SYS,ALL_ARGUMENTS,N,825
SYS,ALL_ASSEMBLIES,N,1073
SYS,ALL_ASSOCIATIONS,N,3122
SYS,ALL_ATTRIBUTE_DIM_ATTR_CLASS,N,560
SYS,ALL_ATTRIBUTE_DIM_ATTRS,N,541
SYS,ALL_ATTRIBUTE_DIM_CLASS,N,532
SYS,ALL_ATTRIBUTE_DIMENSIONS,N,732
SYS,ALL_ATTRIBUTE_DIM_JOIN_PATHS,N,502
SYS,ALL_ATTRIBUTE_DIM_KEYS,N,567
SYS,ALL_ATTRIBUTE_DIM_LEVEL_ATTRS,N,562
SYS,ALL_ATTRIBUTE_DIM_LEVELS,N,626
SYS,ALL_ATTRIBUTE_DIM_LVL_CLASS,N,556
SYS,ALL_ATTRIBUTE_DIM_ORDER_ATTRS,N,507
SYS,ALL_ATTRIBUTE_DIM_TABLES,N,556
SYS,ALL_ATTRIBUTE_TRANSFORMATIONS,N,1301
SYS,ALL_AUDITED_SYSTEM_ACTIONS,N,2265
SYS,ALL_AUDIT_POLICIES,N,663
SYS,ALL_AUDIT_POLICY_COLUMNS,N,389
SYS,ALL_AW_AC,N,708
SYS,ALL_AW_AC_10G,N,754
SYS,ALL_AW_OBJ,N,831
SYS,ALL_AW_PROP,N,1012
SYS,ALL_AW_PROP_NAME,N,876
SYS,ALL_AW_PS,N,756
SYS,ALL_AWS,N,1267
SYS,ALL_BASE_TABLE_MVIEWS,N,169
SYS,ALL_BLOCKCHAIN_TABLE_EPOCHS,N,756
SYS,ALL_BLOCKCHAIN_TABLES,N,966
SYS,ALL_CAPTURE,N,1233
SYS,ALL_CAPTURE_EXTRA_ATTRIBUTES,N,182
SYS,ALL_CAPTURE_PARAMETERS,N,174
SYS,ALL_CAPTURE_PREPARED_DATABASE,N,162
SYS,ALL_CAPTURE_PREPARED_SCHEMAS,N,245
SYS,ALL_CAPTURE_PREPARED_TABLES,N,314
SYS,ALL_CATALOG,N,1205
SYS,ALL_CERTIFICATES,N,267
SYS,ALL_CLUSTER_HASH_EXPRESSIONS,N,298
SYS,ALL_CLUSTERING_DIMENSIONS,N,174
SYS,ALL_CLUSTERING_JOINS,N,230
SYS,ALL_CLUSTERING_KEYS,N,209
SYS,ALL_CLUSTERING_TABLES,N,254
SYS,ALL_CLUSTERS,N,697
SYS,ALL_CODE_ROLE_PRIVS,N,1011
SYS,ALL_COL_COMMENTS,N,518
SYS,ALL_COLL_TYPES,N,2040
SYS,ALL_COL_PENDING_STATS,N,6064
SYS,ALL_COL_PRIVS,N,2337
SYS,ALL_COL_PRIVS_MADE,N,2079
SYS,ALL_COL_PRIVS_RECD,N,2076
SYS,ALL_COMPARISON_SCAN_SUMMARY,N,348
SYS,ALL_CONS_COLUMNS,N,973
SYS,ALL_CONS_OBJ_COLUMNS,N,2097
SYS,ALL_CONSTRAINTS,N,780
SYS,ALL_CONTEXT,N,225
SYS,ALL_CREDENTIALS,N,691
SYS,ALL_CUBE_ATTRIBUTES,N,3557
SYS,ALL_CUBE_ATTR_MAPPINGS,N,2286
SYS,ALL_CUBE_ATTR_UNIQUE_KEYS,N,746
SYS,ALL_CUBE_ATTR_VISIBILITY,N,8253
SYS,ALL_CUBE_BUILD_PROCESSES,N,1089
SYS,ALL_CUBE_CALCULATED_MEMBERS,N,870
SYS,ALL_CUBE_CLASSIFICATIONS,N,7362
SYS,ALL_CUBE_DEPENDENCIES,N,29829
SYS,ALL_CUBE_DESCRIPTIONS,N,7422
SYS,ALL_CUBE_DIMENSIONALITY,N,2587
SYS,ALL_CUBE_DIMENSIONS,N,2067
SYS,ALL_CUBE_DIM_LEVELS,N,945
SYS,ALL_CUBE_DIM_MAPPINGS,N,6930
SYS,ALL_CUBE_DIM_MODELS,N,997
SYS,ALL_CUBE_DIMNL_MAPPINGS,N,3338
SYS,ALL_CUBE_DIM_VIEW_COLUMNS,N,2327
SYS,ALL_CUBE_DIM_VIEWS,N,728
SYS,ALL_CUBE_HIERARCHIES,N,1931
SYS,ALL_CUBE_HIER_LEVELS,N,1151
SYS,ALL_CUBE_HIER_VIEW_COLUMNS,N,3835
SYS,ALL_CUBE_HIER_VIEWS,N,827
SYS,ALL_CUBE_MAPPINGS,N,2224
SYS,ALL_CUBE_MEAS_MAPPINGS,N,1800
SYS,ALL_CUBE_MEASURES,N,4232
SYS,ALL_CUBE_NAMED_BUILD_SPECS,N,1675
SYS,ALL_CUBES,N,4200
SYS,ALL_CUBE_SUB_PARTITION_LEVELS,N,9910
SYS,ALL_CUBE_VIEW_COLUMNS,N,7545
SYS,ALL_CUBE_VIEWS,N,1581
SYS,ALL_DB_LINKS,N,383
SYS,ALL_DEF_AUDIT_OPTS,N,1026
SYS,ALL_DEPENDENCIES,N,6613
SYS,ALL_DEQUEUE_QUEUES,N,2102
SYS,ALL_DIM_ATTRIBUTES,N,673
SYS,ALL_DIM_CHILD_OF,N,705
SYS,ALL_DIMENSIONS,N,640
SYS,ALL_DIM_HIERARCHIES,N,494
SYS,ALL_DIM_JOIN_KEY,N,765
SYS,ALL_DIM_LEVEL_KEY,N,684
SYS,ALL_DIM_LEVELS,N,953
SYS,ALL_DIRECTORIES,N,479
SYS,ALL_EDITION_COMMENTS,N,98
SYS,ALL_EDITIONING_VIEW_COLS,N,2050
SYS,ALL_EDITIONING_VIEW_COLS_AE,N,2074
SYS,ALL_EDITIONING_VIEWS,N,880
SYS,ALL_EDITIONING_VIEWS_AE,N,904
SYS,ALL_EDITION_INHERITED_OBJECTS,N,15314
SYS,ALL_EDITIONS,N,157
SYS,ALL_ENCRYPTED_COLUMNS,N,1302
SYS,ALL_ERRORS,N,4215
SYS,ALL_ERRORS_AE,N,4234
SYS,ALL_ERROR_TRANSLATIONS,N,1041
SYS,ALL_EVALUATION_CONTEXTS,N,538
SYS,ALL_EVALUATION_CONTEXT_TABLES,N,539
SYS,ALL_EVALUATION_CONTEXT_VARS,N,582
SYS,ALL_EXPRESSION_STATISTICS,N,2973
SYS,ALL_EXTERNAL_LOCATIONS,N,746
SYS,ALL_EXTERNAL_TABLES,N,1436
SYS,_ALL_FILE_GROUP_EXPORT_INFO,N,362
SYS,ALL_FILE_GROUP_EXPORT_INFO,N,191
SYS,_ALL_FILE_GROUP_FILES,N,385
SYS,ALL_FILE_GROUP_FILES,N,180
SYS,_ALL_FILE_GROUPS,N,616
SYS,ALL_FILE_GROUPS,N,172
SYS,_ALL_FILE_GROUP_TABLES,N,328
SYS,ALL_FILE_GROUP_TABLES,N,144
SYS,_ALL_FILE_GROUP_TABLESPACES,N,286
SYS,ALL_FILE_GROUP_TABLESPACES,N,125
SYS,_ALL_FILE_GROUP_VERSIONS,N,265
SYS,ALL_FILE_GROUP_VERSIONS,N,170
SYS,ALL_GG_AUTO_CDR_COLUMN_GROUPS,N,205
SYS,ALL_GG_AUTO_CDR_COLUMNS,N,207
SYS,_ALL_GG_AUTO_CDR_TABLES,N,233
SYS,ALL_GG_AUTO_CDR_TABLES,N,403
SYS,ALL_GG_INBOUND_PROGRESS,N,361
SYS,ALL_GOLDENGATE_CONTAINER_RULES,N,178
SYS,ALL_GOLDENGATE_INBOUND,N,188
SYS,ALL_GOLDENGATE_PRIVILEGES,N,549
SYS,ALL_GOLDENGATE_RULES,N,540
SYS,ALL_HEAT_MAP_SEG_HISTOGRAM,N,559
SYS,ALL_HEAT_MAP_SEGMENT,N,804
SYS,ALL_HIERARCHIES,N,654
SYS,ALL_HIER_CLASS,N,518
SYS,ALL_HIER_COLUMNS,N,762
SYS,ALL_HIER_HIER_ATTR_CLASS,N,552
SYS,ALL_HIER_HIER_ATTRIBUTES,N,516
SYS,ALL_HIER_JOIN_PATHS,N,495
SYS,ALL_HIER_LEVEL_ID_ATTRS,N,515
SYS,ALL_HIER_LEVELS,N,484
SYS,ALL_IDENTIFIERS,N,5061
SYS,ALL_IMMUTABLE_TABLES,N,784
SYS,ALL_IND_COLUMNS,N,186
SYS,ALL_IND_COLUMNS_V$,N,2052
SYS,ALL_INDEXES,N,6749
SYS,ALL_IND_EXPRESSIONS,N,1253
SYS,ALL_INDEXTYPE_ARRAYTYPES,N,1591
SYS,ALL_INDEXTYPE_COMMENTS,N,486
SYS,ALL_INDEXTYPE_OPERATORS,N,584
SYS,ALL_INDEXTYPES,N,998
SYS,ALL_IND_PARTITIONS,N,11185
SYS,ALL_IND_PENDING_STATS,N,6328
SYS,ALL_IND_STATISTICS,N,24387
SYS,ALL_IND_SUBPARTITIONS,N,7484
SYS,ALL_INT_DEQUEUE_QUEUES,N,1002
SYS,ALL_INTERNAL_TRIGGERS,N,6827
SYS,ALL_JAVA_ARGUMENTS,N,1332
SYS,ALL_JAVA_CLASSES,N,2056
SYS,ALL_JAVA_COMPILER_OPTIONS,N,216
SYS,ALL_JAVA_DERIVATIONS,N,1065
SYS,ALL_JAVA_FIELDS,N,1929
SYS,ALL_JAVA_IMPLEMENTS,N,972
SYS,ALL_JAVA_INNERS,N,2636
SYS,ALL_JAVA_LAYOUTS,N,1042
SYS,ALL_JAVA_METHODS,N,2359
SYS,ALL_JAVA_NCOMPS,N,1089
SYS,ALL_JAVA_RESOLVERS,N,1023
SYS,ALL_JAVA_THROWS,N,994
SYS,ALL_JOIN_IND_COLUMNS,N,1419
SYS,ALL_JSON_COLUMNS,N,840
SYS,ALL_JSON_DATAGUIDE_FIELDS,N,828
SYS,ALL_JSON_DATAGUIDES,N,822
SYS,ALL_LIBRARIES,N,858
SYS,ALL_LOB_PARTITIONS,N,10733
SYS,ALL_LOBS,N,8624
SYS,ALL_LOB_SUBPARTITIONS,N,6442
SYS,ALL_LOB_TEMPLATES,N,1221
SYS,ALL_LOG_GROUP_COLUMNS,N,868
SYS,ALL_LOG_GROUPS,N,1158
SYS,ALL_MEASURE_FOLDER_CONTENTS,N,2215
SYS,ALL_MEASURE_FOLDERS,N,937
SYS,ALL_MEASURE_FOLDER_SUBFOLDERS,N,803
SYS,ALL_METADATA_PROPERTIES,N,8938
SYS,ALL_METHOD_PARAMS,N,1710
SYS,ALL_METHOD_RESULTS,N,1496
SYS,ALL_MINING_ALGORITHMS,N,514
SYS,ALL_MINING_MODEL_ATTRIBUTES,N,2975
SYS,ALL_MINING_MODEL_PARTITIONS,N,793
SYS,ALL_MINING_MODELS,N,2083
SYS,ALL_MINING_MODEL_SETTINGS,N,594
SYS,ALL_MINING_MODEL_VIEWS,N,3575
SYS,ALL_MINING_MODEL_XFORMS,N,620
SYS,ALL_MVIEW_AGGREGATES,N,975
SYS,ALL_MVIEW_ANALYSIS,N,1786
SYS,ALL_MVIEW_COMMENTS,N,887
SYS,ALL_MVIEW_DETAIL_PARTITION,N,763
SYS,ALL_MVIEW_DETAIL_RELATIONS,N,6649
SYS,ALL_MVIEW_DETAIL_SUBPARTITION,N,776
SYS,ALL_MVIEW_JOINS,N,1045
SYS,ALL_MVIEW_KEYS,N,1241
SYS,ALL_MVIEW_LOGS,N,934
SYS,ALL_MVIEW_REFRESH_TIMES,N,168
SYS,ALL_MVIEWS,N,1354
SYS,ALL_NESTED_TABLE_COLS,N,6236
SYS,ALL_NESTED_TABLES,N,3280
SYS,ALL_OBJ_COLATTRS,N,1857
SYS,ALL_OBJECTS,N,15186
SYS,ALL_OBJECTS_AE,N,15181
SYS,ALL_OBJECT_TABLES,N,16510
SYS,ALL$OLAP2_AWS,N,2583
SYS,ALL_OPANCILLARY,N,634
SYS,ALL_OPARGUMENTS,N,501
SYS,ALL_OPBINDINGS,N,840
SYS,ALL_OPERATOR_COMMENTS,N,528
SYS,ALL_OPERATORS,N,468
SYS,ALL_PART_COL_STATISTICS,N,3292
SYS,ALL_PART_HISTOGRAMS,N,4491
SYS,ALL_PARTIAL_DROP_TABS,N,540
SYS,ALL_PART_INDEXES,N,3099
SYS,ALL_PART_KEY_COLUMNS,N,112
SYS,ALL_PART_KEY_COLUMNS_V$,N,2450
SYS,ALL_PART_LOBS,N,3888
SYS,ALL_PART_TABLES,N,11480
SYS,ALL_PENDING_CONV_TABLES,N,497
SYS,ALL_PLSQL_COLL_TYPES,N,4281
SYS,ALL_PLSQL_OBJECT_SETTINGS,N,2438
SYS,ALL_PLSQL_TYPE_ATTRS,N,5971
SYS,ALL_PLSQL_TYPES,N,1288
SYS,ALL_POLICIES,N,895
SYS,ALL_POLICY_ATTRIBUTES,N,634
SYS,ALL_POLICY_CONTEXTS,N,542
SYS,ALL_POLICY_GROUPS,N,517
SYS,ALL_PROBE_OBJECTS,N,1242
SYS,ALL_PROCEDURES,N,681
SYS,ALL_PROPAGATION,N,1000
SYS,_ALL_QUEUE_CACHED_MESSAGES,N,863
SYS,ALL_QUEUE_EVENT_STREAMS,N,1421
SYS,ALL_QUEUE_PUBLISHERS,N,508
SYS,ALL_QUEUES,N,2037
SYS,_ALL_QUEUE_SCHEDULES,N,9073
SYS,ALL_QUEUE_SCHEDULES,N,547
SYS,ALL_QUEUE_SHARDS,N,1400
SYS,ALL_QUEUE_SUBSCRIBERS,N,2804
SYS,ALL_QUEUE_TABLES,N,5109
SYS,ALL_REFRESH,N,555
SYS,ALL_REFRESH_CHILDREN,N,585
SYS,ALL_REFRESH_DEPENDENCIES,N,1062
SYS,ALL_REFS,N,1165
SYS,ALL_REGISTERED_MVIEWS,N,346
SYS,ALL_REGISTERED_SNAPSHOTS,N,361
SYS,ALL_REGISTRY_BANNERS,N,58
SYS,ALL_REPL_DBNAME_MAPPING,N,96
SYS,ALL_REPLICATION_PROCESS_EVENTS,N,868
SYS,ALL_REWRITE_EQUIVALENCES,N,606
SYS,ALL_RULES,N,641
SYS,ALL_RULE_SET_RULES,N,780
SYS,ALL_RULE_SETS,N,628
SYS,ALL_RULESETS,N,220
SYS,ALL_SCHEDULER_CHAIN_RULES,N,1127
SYS,ALL_SCHEDULER_CHAINS,N,1080
SYS,ALL_SCHEDULER_CHAIN_STEPS,N,1745
SYS,ALL_SCHEDULER_CREDENTIALS,N,766
SYS,ALL_SCHEDULER_DB_DESTS,N,120
SYS,ALL_SCHEDULER_DESTS,N,98
SYS,ALL_SCHEDULER_EXTERNAL_DESTS,N,119
SYS,ALL_SCHEDULER_FILE_WATCHERS,N,1203
SYS,ALL_SCHEDULER_GLOBAL_ATTRIBUTE,N,124
SYS,ALL_SCHEDULER_GROUP_MEMBERS,N,1190
SYS,ALL_SCHEDULER_GROUPS,N,1024
SYS,ALL_SCHEDULER_INCOMPAT_MEMBER,N,1240
SYS,ALL_SCHEDULER_INCOMPATS,N,1100
SYS,ALL_SCHEDULER_JOB_ARGS,N,5165
SYS,ALL_SCHEDULER_JOB_CLASSES,N,748
SYS,ALL_SCHEDULER_JOB_DESTS,N,10203
SYS,ALL_SCHEDULER_JOB_LOG,N,1731
SYS,ALL_SCHEDULER_JOB_RUN_DETAILS,N,1977
SYS,ALL_SCHEDULER_JOBS,N,14373
SYS,ALL_SCHEDULER_NOTIFICATIONS,N,1121
SYS,ALL_SCHEDULER_PROGRAM_ARGS,N,2441
SYS,ALL_SCHEDULER_PROGRAMS,N,1234
SYS,ALL_SCHEDULER_REMOTE_DATABASES,N,119
SYS,ALL_SCHEDULER_REMOTE_JOBSTATE,N,992
SYS,ALL_SCHEDULER_RESOURCES,N,1087
SYS,ALL_SCHEDULER_RSC_CONSTRAINTS,N,1264
SYS,ALL_SCHEDULER_RUNNING_CHAINS,N,2314
SYS,ALL_SCHEDULER_RUNNING_JOBS,N,5868
SYS,ALL_SCHEDULER_SCHEDULES,N,246
SYS,ALL_SCHEDULER_WINDOW_DETAILS,N,187
SYS,ALL_SCHEDULER_WINDOW_GROUPS,N,118
SYS,ALL_SCHEDULER_WINDOW_LOG,N,154
SYS,ALL_SCHEDULER_WINDOWS,N,294
SYS,ALL_SCHEDULER_WINGROUP_MEMBERS,N,76
SYS,ALL_SECONDARY_OBJECTS,N,708
SYS,ALL_SEC_RELEVANT_COLS,N,448
SYS,ALL_SEQUENCES,N,909
SYS,ALL_SERVICES,N,626
SYS,ALL_SNAPSHOT_LOGS,N,790
SYS,ALL_SNAPSHOTS,N,968
SYS,ALL_SOURCE,N,5268
SYS,ALL_SOURCE_AE,N,5285
SYS,ALL_SQLJ_TYPE_ATTRS,N,1713
SYS,ALL_SQLJ_TYPE_METHODS,N,1150
SYS,ALL_SQLJ_TYPES,N,1544
SYS,ALL_SQLSET,N,325
SYS,ALL_SQLSET_BINDS,N,1437
SYS,ALL_SQLSET_PLANS,N,2000
SYS,ALL_SQLSET_REFERENCES,N,459
SYS,ALL_SQLSET_STATEMENTS,N,1505
SYS,_ALL_SQLSET_STATEMENTS_ONLY,N,637
SYS,_ALL_SQLSET_STATEMENTS_PHV,N,744
SYS,_ALL_SQLSET_STATISTICS_ONLY,N,946
SYS,_ALL_SQLSET_STS_TOPACK,N,59
SYS,ALL_SQL_TRANSLATION_PROFILES,N,1426
SYS,ALL_SQL_TRANSLATIONS,N,1265
SYS,ALL_STATEMENTS,N,4576
SYS,ALL_STAT_EXTENSIONS,N,1623
SYS,ALL_STORED_SETTINGS,N,2626
SYS,ALL_STREAMS_COLUMNS,N,274
SYS,ALL_STREAMS_GLOBAL_RULES,N,367
SYS,ALL_STREAMS_KEEP_COLUMNS,N,289
SYS,ALL_STREAMS_MESSAGE_CONSUMERS,N,781
SYS,ALL_STREAMS_MESSAGE_RULES,N,398
SYS,ALL_STREAMS_NEWLY_SUPPORTED,N,208
SYS,_ALL_STREAMS_PROCESSES,N,808
SYS,ALL_STREAMS_RULES,N,551
SYS,ALL_STREAMS_SCHEMA_RULES,N,400
SYS,ALL_STREAMS_TABLE_RULES,N,467
SYS,ALL_STREAMS_TRANSFORMATIONS,N,571
SYS,ALL_STREAMS_TRANSFORM_FUNCTION,N,223
SYS,ALL_STREAMS_UNSUPPORTED,N,204
SYS,ALL_SUBPART_COL_STATISTICS,N,2961
SYS,ALL_SUBPART_HISTOGRAMS,N,4451
SYS,ALL_SUBPARTITION_TEMPLATES,N,1154
SYS,ALL_SUBPART_KEY_COLUMNS,N,115
SYS,ALL_SUBPART_KEY_COLUMNS_V$,N,2486
SYS,ALL_SUMDELTA,N,832
SYS,ALL_SUMMAP,N,42
SYS,ALL_SUMMARIES,N,1913
SYS,ALL_SUMMARY_AGGREGATES,N,975
SYS,ALL_SUMMARY_DETAIL_TABLES,N,940
SYS,ALL_SUMMARY_JOINS,N,996
SYS,ALL_SUMMARY_KEYS,N,1189
SYS,ALL_SYNC_CAPTURE,N,411
SYS,ALL_SYNC_CAPTURE_PREPARED_TABS,N,186
SYS,ALL_SYNC_CAPTURE_TABLES,N,307
SYS,ALL_SYNONYMS,N,1033
SYS,_ALL_SYNONYMS_FOR_AUTH_OBJECTS,N,578
SYS,_ALL_SYNONYMS_FOR_SYNONYMS,N,138
SYS,_ALL_SYNONYMS_TREE,N,512
SYS,ALL_TAB_COLS,N,730
SYS,ALL_TAB_COL_STATISTICS,N,8415
SYS,ALL_TAB_COL_STAT_MODELS,N,1365
SYS,ALL_TAB_COLS_V$,N,9204
SYS,ALL_TAB_COLUMNS,N,631
SYS,ALL_TAB_COMMENTS,N,615
SYS,ALL_TAB_HISTGRM_PENDING_STATS,N,7256
SYS,ALL_TAB_HISTOGRAMS,N,8897
SYS,ALL_TAB_IDENTITY_COLS,N,1425
SYS,ALL_TABLES,N,20014
SYS,ALL_TAB_MODIFICATIONS,N,3341
SYS,ALL_TAB_PARTITIONS,N,22836
SYS,ALL_TAB_PENDING_STATS,N,3779
SYS,ALL_TAB_PRIVS,N,10051
SYS,ALL_TAB_PRIVS_MADE,N,8829
SYS,ALL_TAB_PRIVS_RECD,N,8987
SYS,ALL_TAB_STATISTICS,N,21787
SYS,ALL_TAB_STAT_PREFS,N,930
SYS,ALL_TAB_STATS_HISTORY,N,3936
SYS,ALL_TAB_SUBPARTITIONS,N,13510
SYS,ALL_TRANSFORMATIONS,N,1135
SYS,ALL_TRIGGER_COLS,N,10240
SYS,ALL_TRIGGER_ORDERING,N,467
SYS,ALL_TRIGGERS,N,14093
SYS,ALL_TRIGGERS_AE,N,14191
SYS,ALL_TSTZ_TAB_COLS,N,3336
SYS,ALL_TSTZ_TABLES,N,350
SYS,ALL_TYPE_ATTRS,N,2071
SYS,ALL_TYPE_METHODS,N,984
SYS,ALL_TYPES,N,2720
SYS,ALL_TYPE_VERSIONS,N,744
SYS,ALL_UNUSED_COL_TABS,N,740
SYS,ALL_UPDATABLE_COLUMNS,N,2714
SYS,ALL_USERS,N,726
SYS,ALL_USTATS,N,5091
SYS,ALL_VARRAYS,N,6081
SYS,ALL_VIEWS,N,1339
SYS,ALL_VIEWS_AE,N,1356
SYS,ALL_WARNING_SETTINGS,N,2843
SYS,ALL_XDS_ACL_REFRESH,N,883
SYS,ALL_XDS_ACL_REFSTAT,N,830
SYS,ALL_XDS_LATEST_ACL_REFSTAT,N,837
SYS,ALL_XML_INDEXES,N,2079
SYS,ALL_XML_NESTED_TABLES,N,953
SYS,ALL_XML_OUT_OF_LINE_TABLES,N,405
SYS,ALL_XML_SCHEMA_ATTRIBUTES,N,6482
SYS,ALL_XML_SCHEMA_COMPLEX_TYPES,N,3061
SYS,ALL_XML_SCHEMA_ELEMENTS,N,2929
SYS,ALL_XML_SCHEMA_NAMESPACES,N,253
SYS,ALL_XML_SCHEMAS,N,2662
SYS,ALL_XML_SCHEMA_SIMPLE_TYPES,N,421
SYS,ALL_XML_SCHEMA_SUBSTGRP_HEAD,N,686
SYS,ALL_XML_SCHEMA_SUBSTGRP_MBRS,N,865
SYS,ALL_XML_SCHEMAS2,N,1285
SYS,ALL_XML_TAB_COLS,N,7306
SYS,ALL_XML_TABLES,N,6685
SYS,ALL_XMLTYPE_COLS,N,1312
SYS,ALL_XML_VIEW_COLS,N,2167
SYS,ALL_XML_VIEWS,N,1944
SYS,ALL_XS_ACES,N,1215
SYS,ALL_XS_ACL_PARAMETERS,N,1126
SYS,ALL_XS_ACLS,N,666
SYS,ALL_XS_APPLICABLE_OBJECTS,N,849
SYS,ALL_XS_APPLIED_POLICIES,N,982
SYS,ALL_XS_COLUMN_CONSTRAINTS,N,527
SYS,ALL_XS_IMPLIED_PRIVILEGES,N,567
SYS,ALL_XS_INHERITED_REALMS,N,690
SYS,ALL_XS_POLICIES,N,460
SYS,ALL_XS_PRIVILEGES,N,482
SYS,ALL_XS_REALM_CONSTRAINTS,N,1208
SYS,ALL_XS_SECURITY_CLASS_DEP,N,489
SYS,ALL_XS_SECURITY_CLASSES,N,411
SYS,ALL_XSTREAM_ADMINISTRATOR,N,895
SYS,ALL_XSTREAM_INBOUND,N,224
SYS,ALL_XSTREAM_INBOUND_PROGRESS,N,414
SYS,ALL_XSTREAM_OUTBOUND,N,363
SYS,ALL_XSTREAM_OUTBOUND_PROGRESS,N,266
SYS,ALL_XSTREAM_OUT_SUPPORT_MODE,N,167
SYS,ALL_XSTREAM_RULES,N,527
SYS,ALL_XSTREAM_TRANSFORMATIONS,N,571
SYS,ALL_XTERNAL_LOC_PARTITIONS,N,1977
SYS,ALL_XTERNAL_LOC_SUBPARTITIONS,N,1226
SYS,ALL_XTERNAL_PART_TABLES,N,1120
SYS,ALL_XTERNAL_TAB_PARTITIONS,N,3191
SYS,ALL_XTERNAL_TAB_SUBPARTITIONS,N,1268
SYS,ALL_ZONEMAP_MEASURES,N,727
SYS,ALL_ZONEMAPS,N,933
SYS,AQ$ALERT_QT,Y,5582
SYS,AQ$_ALERT_QT_F,Y,1669
SYS,AQ$ALERT_QT_R,Y,300
SYS,AQ$ALERT_QT_S,Y,257
SYS,AQ$AQ_EVENT_TABLE,Y,2365
SYS,AQ$_AQ_EVENT_TABLE_F,Y,988
SYS,AQ$AQ$_MEM_MC,Y,5590
SYS,AQ$_AQ$_MEM_MC_F,Y,1474
SYS,AQ$AQ$_MEM_MC_S,Y,259
SYS,AQ$AQ_PROP_TABLE,Y,5602
SYS,AQ$_AQ_PROP_TABLE_F,Y,1480
SYS,AQ$AQ_PROP_TABLE_R,Y,305
SYS,AQ$AQ_PROP_TABLE_S,Y,262
SYS,AQ$CQN_EVENT_TABLE,Y,2366
SYS,AQ$_CQN_EVENT_TABLE_F,Y,989
SYS,AQ$INTERNET_USERS,N,690
SYS,AQ$ORA$PREPLUGIN_BACKUP_QTB,Y,5646
SYS,AQ$_ORA$PREPLUGIN_BACKUP_QTB_F,Y,1502
SYS,AQ$ORA$PREPLUGIN_BACKUP_QTB_R,Y,316
SYS,AQ$ORA$PREPLUGIN_BACKUP_QTB_S,Y,273
SYS,AQ$PDB_MON_EVENT_QTABLE$,Y,5634
SYS,AQ$_PDB_MON_EVENT_QTABLE$_F,Y,1496
SYS,AQ$PDB_MON_EVENT_QTABLE$_R,Y,313
SYS,AQ$PDB_MON_EVENT_QTABLE$_S,Y,270
SYS,AQ$SCHEDULER$_EVENT_QTAB,Y,5634
SYS,AQ$_SCHEDULER$_EVENT_QTAB_F,Y,1708
SYS,AQ$SCHEDULER$_EVENT_QTAB_R,Y,313
SYS,AQ$SCHEDULER$_EVENT_QTAB_S,Y,270
SYS,AQ$SCHEDULER_FILEWATCHER_QT,Y,5646
SYS,AQ$_SCHEDULER_FILEWATCHER_QT_F,Y,1717
SYS,AQ$SCHEDULER_FILEWATCHER_QT_R,Y,316
SYS,AQ$SCHEDULER_FILEWATCHER_QT_S,Y,273
SYS,AQ$SCHEDULER$_REMDB_JOBQTAB,Y,5646
SYS,AQ$_SCHEDULER$_REMDB_JOBQTAB_F,Y,1502
SYS,AQ$SCHEDULER$_REMDB_JOBQTAB_R,Y,316
SYS,AQ$SCHEDULER$_REMDB_JOBQTAB_S,Y,273
SYS,AQ$SYS$SERVICE_METRICS_TAB,Y,5642
SYS,AQ$_SYS$SERVICE_METRICS_TAB_F,Y,1500
SYS,AQ$SYS$SERVICE_METRICS_TAB_R,Y,315
SYS,AQ$SYS$SERVICE_METRICS_TAB_S,Y,272
SYS,AQ$_UNFLUSHED_DEQUEUES,N,129
SYS,AUDITABLE_OBJECT_ACTIONS,N,47
SYS,AUDITABLE_SYSTEM_ACTIONS,N,5479
SYS,AUDIT_UNIFIED_CONTEXTS,N,226
SYS,AUDIT_UNIFIED_ENABLED_POLICIES,N,120
SYS,AUDIT_UNIFIED_POLICIES,N,391
SYS,AUDIT_UNIFIED_POLICY_COMMENTS,N,93
SYS,AUDTAB$TBS$FOR_EXPORT,N,130
SYS,_auto_index_ind_objects,N,770
SYS,_auto_index_log,N,873
SYS,_auto_index_sql_objects,N,523
SYS,AWR_CDB_ACTIVE_SESS_HISTORY,N,8595
SYS,AWR_CDB_APPLY_SUMMARY,N,959
SYS,AWR_CDB_ASH_SNAPSHOT,N,535
SYS,AWR_CDB_ASM_BAD_DISK,N,380
SYS,AWR_CDB_ASM_DISKGROUP,N,230
SYS,AWR_CDB_ASM_DISKGROUP_STAT,N,266
SYS,AWR_CDB_ASM_DISK_STAT_SUMMARY,N,359
SYS,AWR_CDB_BASELINE,N,1319
SYS,AWR_CDB_BASELINE_DETAILS,N,1281
SYS,AWR_CDB_BASELINE_METADATA,N,285
SYS,AWR_CDB_BASELINE_TEMPLATE,N,302
SYS,AWR_CDB_BG_EVENT_SUMMARY,N,602
SYS,AWR_CDB_BUFFERED_QUEUES,N,836
SYS,AWR_CDB_BUFFERED_SUBSCRIBERS,N,903
SYS,AWR_CDB_BUFFER_POOL_STAT,N,731
SYS,AWR_CDB_CAPTURE,N,711
SYS,AWR_CDB_CELL_CONFIG,N,255
SYS,AWR_CDB_CELL_CONFIG_DETAIL,N,435
SYS,AWR_CDB_CELL_DB,N,879
SYS,AWR_CDB_CELL_DISK_NAME,N,939
SYS,AWR_CDB_CELL_DISK_SUMMARY,N,2887
SYS,AWR_CDB_CELL_DISKTYPE,N,2867
SYS,AWR_CDB_CELL_GLOBAL,N,557
SYS,AWR_CDB_CELL_GLOBAL_SUMMARY,N,944
SYS,AWR_CDB_CELL_IOREASON,N,617
SYS,AWR_CDB_CELL_IOREASON_NAME,N,182
SYS,AWR_CDB_CELL_METRIC_DESC,N,193
SYS,AWR_CDB_CELL_NAME,N,512
SYS,AWR_CDB_CELL_OPEN_ALERTS,N,503
SYS,AWR_CDB_CHANNEL_WAITS,N,461
SYS,AWR_CDB_CLUSTER_INTERCON,N,567
SYS,AWR_CDB_COLORED_SQL,N,147
SYS,AWR_CDB_COMP_IOSTAT,N,479
SYS,AWR_CDB_CON_SYSMETRIC_HIST,N,605
SYS,AWR_CDB_CON_SYSMETRIC_SUMM,N,691
SYS,AWR_CDB_CON_SYSSTAT,N,341
SYS,AWR_CDB_CON_SYSTEM_EVENT,N,604
SYS,AWR_CDB_CON_SYS_TIME_MODEL,N,493
SYS,AWR_CDB_CR_BLOCK_SERVER,N,672
SYS,AWR_CDB_CURRENT_BLOCK_SERVER,N,546
SYS,AWR_CDB_DATABASE_INSTANCE,N,478
SYS,AWR_CDB_DATAFILE,N,421
SYS,AWR_CDB_DB_CACHE_ADVICE,N,603
SYS,AWR_CDB_DISPATCHER,N,439
SYS,AWR_CDB_DLM_MISC,N,438
SYS,AWR_CDB_DYN_REMASTER_STATS,N,664
SYS,AWR_CDB_ENQUEUE_STAT,N,503
SYS,AWR_CDB_EVENT_HISTOGRAM,N,589
SYS,AWR_CDB_EVENT_NAME,N,242
SYS,AWR_CDB_FILEMETRIC_HISTORY,N,567
SYS,AWR_CDB_FILESTATXS,N,968
SYS,AWR_CDB_IC_CLIENT_STATS,N,413
SYS,AWR_CDB_IC_DEVICE_STATS,N,641
SYS,AWR_CDB_IM_SEG_STAT,N,1409
SYS,AWR_CDB_IM_SEG_STAT_OBJ,N,998
SYS,AWR_CDB_INSTANCE_RECOVERY,N,849
SYS,AWR_CDB_INST_CACHE_TRANSFER,N,861
SYS,AWR_CDB_INTERCONNECT_PINGS,N,471
SYS,AWR_CDB_IOSTAT_DETAIL,N,995
SYS,AWR_CDB_IOSTAT_FILETYPE,N,983
SYS,AWR_CDB_IOSTAT_FILETYPE_NAME,N,202
SYS,AWR_CDB_IOSTAT_FUNCTION,N,819
SYS,AWR_CDB_IOSTAT_FUNCTION_NAME,N,202
SYS,AWR_CDB_JAVA_POOL_ADVICE,N,645
SYS,AWR_CDB_LATCH,N,647
SYS,AWR_CDB_LATCH_CHILDREN,N,656
SYS,AWR_CDB_LATCH_MISSES_SUMMARY,N,465
SYS,AWR_CDB_LATCH_NAME,N,172
SYS,AWR_CDB_LATCH_PARENT,N,654
SYS,AWR_CDB_LIBRARYCACHE,N,583
SYS,AWR_CDB_LMS_STATS,N,436
SYS,AWR_CDB_LOG,N,508
SYS,AWR_CDB_MEM_DYNAMIC_COMP,N,1130
SYS,AWR_CDB_MEMORY_RESIZE_OPS,N,553
SYS,AWR_CDB_MEMORY_TARGET_ADVICE,N,509
SYS,AWR_CDB_METRIC_NAME,N,208
SYS,AWR_CDB_MTTR_TARGET_ADVICE,N,610
SYS,AWR_CDB_MUTEX_SLEEP,N,427
SYS,AWR_CDB_MVPARAMETER,N,762
SYS,AWR_CDB_OPTIMIZER_ENV,N,219
SYS,AWR_CDB_OSSTAT,N,661
SYS,AWR_CDB_OSSTAT_NAME,N,169
SYS,AWR_CDB_PARAMETER,N,716
SYS,AWR_CDB_PARAMETER_NAME,N,240
SYS,AWR_CDB_PDB_IN_SNAP,N,197
SYS,AWR_CDB_PDB_INSTANCE,N,208
SYS,AWR_CDB_PERSISTENT_QMN_CACHE,N,1089
SYS,AWR_CDB_PERSISTENT_QUEUES,N,1078
SYS,AWR_CDB_PERSISTENT_SUBS,N,873
SYS,AWR_CDB_PGASTAT,N,533
SYS,AWR_CDB_PGA_TARGET_ADVICE,N,604
SYS,AWR_CDB_PLAN_OPERATION_NAME,N,187
SYS,AWR_CDB_PLAN_OPTION_NAME,N,178
SYS,AWR_CDB_PROCESS_MEM_SUMMARY,N,681
SYS,AWR_CDB_PROCESS_WAITTIME,N,447
SYS,AWR_CDB_RECOVERY_PROGRESS,N,447
SYS,AWR_CDB_REPLICATION_TBL_STATS,N,626
SYS,AWR_CDB_REPLICATION_TXN_STATS,N,552
SYS,AWR_CDB_RESOURCE_LIMIT,N,498
SYS,AWR_CDB_ROWCACHE_SUMMARY,N,577
SYS,AWR_CDB_RSRC_CONSUMER_GROUP,N,1500
SYS,AWR_CDB_RSRC_METRIC,N,1762
SYS,AWR_CDB_RSRC_PDB_METRIC,N,2327
SYS,AWR_CDB_RSRC_PLAN,N,547
SYS,AWR_CDB_RULE_SET,N,547
SYS,AWR_CDB_SEG_STAT,N,1967
SYS,AWR_CDB_SEG_STAT_OBJ,N,520
SYS,AWR_CDB_SERVICE_NAME,N,215
SYS,AWR_CDB_SERVICE_STAT,N,763
SYS,AWR_CDB_SERVICE_WAIT_CLASS,N,683
SYS,AWR_CDB_SESSMETRIC_HISTORY,N,667
SYS,AWR_CDB_SESS_NETWORK,N,916
SYS,AWR_CDB_SESS_SGA_STATS,N,491
SYS,AWR_CDB_SESS_TIME_STATS,N,536
SYS,AWR_CDB_SGA,N,529
SYS,AWR_CDB_SGASTAT,N,539
SYS,AWR_CDB_SGA_TARGET_ADVICE,N,507
SYS,AWR_CDB_SHARED_POOL_ADVICE,N,651
SYS,AWR_CDB_SHARED_SERVER_SUMMARY,N,671
SYS,AWR_CDB_SNAP_ERROR,N,170
SYS,AWR_CDB_SNAPSHOT,N,332
SYS,AWR_CDB_SQLBIND,N,2167
SYS,AWR_CDB_SQL_BIND_METADATA,N,308
SYS,AWR_CDB_SQLCOMMAND_NAME,N,181
SYS,AWR_CDB_SQL_PLAN,N,638
SYS,AWR_CDB_SQLSTAT,N,2287
SYS,AWR_CDB_SQL_SUMMARY,N,463
SYS,AWR_CDB_SQLTEXT,N,204
SYS,AWR_CDB_SQL_WORKAREA_HSTGRM,N,553
SYS,AWR_CDB_STAT_NAME,N,167
SYS,AWR_CDB_STREAMS_APPLY_SUM,N,839
SYS,AWR_CDB_STREAMS_CAPTURE,N,667
SYS,AWR_CDB_STREAMS_POOL_ADVICE,N,530
SYS,AWR_CDB_SYSMETRIC_HISTORY,N,601
SYS,AWR_CDB_SYSMETRIC_SUMMARY,N,687
SYS,AWR_CDB_SYSSTAT,N,550
SYS,AWR_CDB_SYSSTAT_ID,N,213
SYS,AWR_CDB_SYSTEM_EVENT,N,631
SYS,AWR_CDB_SYS_TIME_MODEL,N,489
SYS,AWR_CDB_TABLE_SETTINGS,N,366
SYS,AWR_CDB_TABLESPACE,N,336
SYS,AWR_CDB_TABLESPACE_STAT,N,520
SYS,AWR_CDB_TBSPC_SPACE_USAGE,N,475
SYS,AWR_CDB_TEMPFILE,N,421
SYS,AWR_CDB_TEMPSTATXS,N,935
SYS,AWR_CDB_THREAD,N,486
SYS,AWR_CDB_TOPLEVELCALL_NAME,N,193
SYS,AWR_CDB_UNDOSTAT,N,703
SYS,AWR_CDB_WAITCLASSMET_HISTORY,N,756
SYS,AWR_CDB_WAITSTAT,N,424
SYS,AWR_CDB_WR_CONTROL,N,374
SYS,AWR_CDB_WR_SETTINGS,N,226
SYS,AWRHUB_CONFIG,N,352
SYS,AWRHUB_DOWNLOAD_MAILPKG,N,331
SYS,AWRHUB_REGISTRATION,N,207
SYS,AWRHUB_UPLOAD_MAILPKG,N,331
SYS,AWRI$_CDB_TS$,N,514
SYS,AWR_PDB_ACTIVE_SESS_HISTORY,N,8593
SYS,AWR_PDB_APPLY_SUMMARY,N,959
SYS,AWR_PDB_ASH_SNAPSHOT,N,535
SYS,AWR_PDB_ASM_BAD_DISK,N,380
SYS,AWR_PDB_ASM_DISKGROUP,N,230
SYS,AWR_PDB_ASM_DISKGROUP_STAT,N,266
SYS,AWR_PDB_ASM_DISK_STAT_SUMMARY,N,359
SYS,AWR_PDB_BASELINE,N,1319
SYS,AWR_PDB_BASELINE_DETAILS,N,1281
SYS,AWR_PDB_BASELINE_METADATA,N,285
SYS,AWR_PDB_BASELINE_TEMPLATE,N,302
SYS,AWR_PDB_BG_EVENT_SUMMARY,N,602
SYS,AWR_PDB_BUFFERED_QUEUES,N,836
SYS,AWR_PDB_BUFFERED_SUBSCRIBERS,N,903
SYS,AWR_PDB_BUFFER_POOL_STAT,N,731
SYS,AWR_PDB_CAPTURE,N,711
SYS,AWR_PDB_CELL_CONFIG,N,255
SYS,AWR_PDB_CELL_CONFIG_DETAIL,N,435
SYS,AWR_PDB_CELL_DB,N,879
SYS,AWR_PDB_CELL_DISK_NAME,N,939
SYS,AWR_PDB_CELL_DISK_SUMMARY,N,2887
SYS,AWR_PDB_CELL_DISKTYPE,N,2867
SYS,AWR_PDB_CELL_GLOBAL,N,557
SYS,AWR_PDB_CELL_GLOBAL_SUMMARY,N,944
SYS,AWR_PDB_CELL_IOREASON,N,617
SYS,AWR_PDB_CELL_IOREASON_NAME,N,182
SYS,AWR_PDB_CELL_METRIC_DESC,N,193
SYS,AWR_PDB_CELL_NAME,N,512
SYS,AWR_PDB_CELL_OPEN_ALERTS,N,503
SYS,AWR_PDB_CHANNEL_WAITS,N,461
SYS,AWR_PDB_CLUSTER_INTERCON,N,568
SYS,AWR_PDB_COLORED_SQL,N,147
SYS,AWR_PDB_COMP_IOSTAT,N,479
SYS,AWR_PDB_CON_SYSMETRIC_HIST,N,605
SYS,AWR_PDB_CON_SYSMETRIC_SUMM,N,691
SYS,AWR_PDB_CON_SYSSTAT,N,296
SYS,AWR_PDB_CON_SYSTEM_EVENT,N,604
SYS,AWR_PDB_CON_SYS_TIME_MODEL,N,493
SYS,AWR_PDB_CR_BLOCK_SERVER,N,672
SYS,AWR_PDB_CURRENT_BLOCK_SERVER,N,546
SYS,AWR_PDB_DATABASE_INSTANCE,N,478
SYS,AWR_PDB_DATAFILE,N,421
SYS,AWR_PDB_DB_CACHE_ADVICE,N,603
SYS,AWR_PDB_DISPATCHER,N,439
SYS,AWR_PDB_DLM_MISC,N,438
SYS,AWR_PDB_DYN_REMASTER_STATS,N,664
SYS,AWR_PDB_ENQUEUE_STAT,N,503
SYS,AWR_PDB_EVENT_HISTOGRAM,N,589
SYS,AWR_PDB_EVENT_NAME,N,242
SYS,AWR_PDB_FILEMETRIC_HISTORY,N,567
SYS,AWR_PDB_FILESTATXS,N,968
SYS,AWR_PDB_IC_CLIENT_STATS,N,413
SYS,AWR_PDB_IC_DEVICE_STATS,N,641
SYS,AWR_PDB_IM_SEG_STAT,N,1409
SYS,AWR_PDB_IM_SEG_STAT_OBJ,N,998
SYS,AWR_PDB_INSTANCE_RECOVERY,N,849
SYS,AWR_PDB_INST_CACHE_TRANSFER,N,861
SYS,AWR_PDB_INTERCONNECT_PINGS,N,471
SYS,AWR_PDB_IOSTAT_DETAIL,N,995
SYS,AWR_PDB_IOSTAT_FILETYPE,N,983
SYS,AWR_PDB_IOSTAT_FILETYPE_NAME,N,202
SYS,AWR_PDB_IOSTAT_FUNCTION,N,819
SYS,AWR_PDB_IOSTAT_FUNCTION_NAME,N,202
SYS,AWR_PDB_JAVA_POOL_ADVICE,N,645
SYS,AWR_PDB_LATCH,N,647
SYS,AWR_PDB_LATCH_CHILDREN,N,656
SYS,AWR_PDB_LATCH_MISSES_SUMMARY,N,465
SYS,AWR_PDB_LATCH_NAME,N,172
SYS,AWR_PDB_LATCH_PARENT,N,654
SYS,AWR_PDB_LIBRARYCACHE,N,583
SYS,AWR_PDB_LMS_STATS,N,436
SYS,AWR_PDB_LOG,N,508
SYS,AWR_PDB_MEM_DYNAMIC_COMP,N,1130
SYS,AWR_PDB_MEMORY_RESIZE_OPS,N,553
SYS,AWR_PDB_MEMORY_TARGET_ADVICE,N,509
SYS,AWR_PDB_METRIC_NAME,N,208
SYS,AWR_PDB_MTTR_TARGET_ADVICE,N,610
SYS,AWR_PDB_MUTEX_SLEEP,N,427
SYS,AWR_PDB_MVPARAMETER,N,762
SYS,AWR_PDB_OPTIMIZER_ENV,N,219
SYS,AWR_PDB_OSSTAT,N,661
SYS,AWR_PDB_OSSTAT_NAME,N,169
SYS,AWR_PDB_PARAMETER,N,716
SYS,AWR_PDB_PARAMETER_NAME,N,240
SYS,AWR_PDB_PDB_IN_SNAP,N,197
SYS,AWR_PDB_PDB_INSTANCE,N,208
SYS,AWR_PDB_PERSISTENT_QMN_CACHE,N,1089
SYS,AWR_PDB_PERSISTENT_QUEUES,N,1078
SYS,AWR_PDB_PERSISTENT_SUBS,N,873
SYS,AWR_PDB_PGASTAT,N,533
SYS,AWR_PDB_PGA_TARGET_ADVICE,N,604
SYS,AWR_PDB_PLAN_OPERATION_NAME,N,187
SYS,AWR_PDB_PLAN_OPTION_NAME,N,178
SYS,AWR_PDB_PROCESS_MEM_SUMMARY,N,681
SYS,AWR_PDB_PROCESS_WAITTIME,N,458
SYS,AWR_PDB_RECOVERY_PROGRESS,N,448
SYS,AWR_PDB_REPLICATION_TBL_STATS,N,626
SYS,AWR_PDB_REPLICATION_TXN_STATS,N,552
SYS,AWR_PDB_RESOURCE_LIMIT,N,498
SYS,AWR_PDB_ROWCACHE_SUMMARY,N,577
SYS,AWR_PDB_RSRC_CONSUMER_GROUP,N,1500
SYS,AWR_PDB_RSRC_METRIC,N,1762
SYS,AWR_PDB_RSRC_PDB_METRIC,N,2327
SYS,AWR_PDB_RSRC_PLAN,N,547
SYS,AWR_PDB_RULE_SET,N,547
SYS,AWR_PDB_SEG_STAT,N,1967
SYS,AWR_PDB_SEG_STAT_OBJ,N,520
SYS,AWR_PDB_SERVICE_NAME,N,215
SYS,AWR_PDB_SERVICE_STAT,N,763
SYS,AWR_PDB_SERVICE_WAIT_CLASS,N,683
SYS,AWR_PDB_SESSMETRIC_HISTORY,N,667
SYS,AWR_PDB_SESS_NETWORK,N,916
SYS,AWR_PDB_SESS_SGA_STATS,N,491
SYS,AWR_PDB_SESS_TIME_STATS,N,536
SYS,AWR_PDB_SGA,N,529
SYS,AWR_PDB_SGASTAT,N,539
SYS,AWR_PDB_SGA_TARGET_ADVICE,N,507
SYS,AWR_PDB_SHARED_POOL_ADVICE,N,651
SYS,AWR_PDB_SHARED_SERVER_SUMMARY,N,671
SYS,AWR_PDB_SNAP_ERROR,N,170
SYS,AWR_PDB_SNAPSHOT,N,332
SYS,AWR_PDB_SQLBIND,N,2167
SYS,AWR_PDB_SQL_BIND_METADATA,N,308
SYS,AWR_PDB_SQLCOMMAND_NAME,N,181
SYS,AWR_PDB_SQL_PLAN,N,638
SYS,AWR_PDB_SQLSTAT,N,2287
SYS,AWR_PDB_SQL_SUMMARY,N,463
SYS,AWR_PDB_SQLTEXT,N,204
SYS,AWR_PDB_SQL_WORKAREA_HSTGRM,N,553
SYS,AWR_PDB_STAT_NAME,N,167
SYS,AWR_PDB_STREAMS_APPLY_SUM,N,839
SYS,AWR_PDB_STREAMS_CAPTURE,N,667
SYS,AWR_PDB_STREAMS_POOL_ADVICE,N,530
SYS,AWR_PDB_SYSMETRIC_HISTORY,N,601
SYS,AWR_PDB_SYSMETRIC_SUMMARY,N,687
SYS,AWR_PDB_SYSSTAT,N,482
SYS,AWR_PDB_SYSTEM_EVENT,N,631
SYS,AWR_PDB_SYS_TIME_MODEL,N,489
SYS,AWR_PDB_TABLE_SETTINGS,N,366
SYS,AWR_PDB_TABLESPACE,N,336
SYS,AWR_PDB_TABLESPACE_STAT,N,520
SYS,AWR_PDB_TBSPC_SPACE_USAGE,N,475
SYS,AWR_PDB_TEMPFILE,N,421
SYS,AWR_PDB_TEMPSTATXS,N,935
SYS,AWR_PDB_THREAD,N,486
SYS,AWR_PDB_TOPLEVELCALL_NAME,N,193
SYS,AWR_PDB_UNDOSTAT,N,703
SYS,AWR_PDB_WAITCLASSMET_HISTORY,N,756
SYS,AWR_PDB_WAITSTAT,N,424
SYS,AWR_PDB_WR_CONTROL,N,374
SYS,AWR_PDB_WR_SETTINGS,N,226
SYS,AWR_ROOT_ACTIVE_SESS_HISTORY,N,8595
SYS,AWR_ROOT_APPLY_SUMMARY,N,960
SYS,AWR_ROOT_ASH_SNAPSHOT,N,535
SYS,AWR_ROOT_ASM_BAD_DISK,N,381
SYS,AWR_ROOT_ASM_DISKGROUP,N,230
SYS,AWR_ROOT_ASM_DISKGROUP_STAT,N,266
SYS,AWR_ROOT_ASM_DISK_STAT_SUMMARY,N,359
SYS,AWR_ROOT_BASELINE,N,1319
SYS,AWR_ROOT_BASELINE_DETAILS,N,1281
SYS,AWR_ROOT_BASELINE_METADATA,N,285
SYS,AWR_ROOT_BASELINE_TEMPLATE,N,302
SYS,AWR_ROOT_BG_EVENT_SUMMARY,N,603
SYS,AWR_ROOT_BUFFERED_QUEUES,N,837
SYS,AWR_ROOT_BUFFERED_SUBSCRIBERS,N,904
SYS,AWR_ROOT_BUFFER_POOL_STAT,N,732
SYS,AWR_ROOT_CAPTURE,N,712
SYS,AWR_ROOT_CELL_CONFIG,N,255
SYS,AWR_ROOT_CELL_CONFIG_DETAIL,N,435
SYS,AWR_ROOT_CELL_DB,N,880
SYS,AWR_ROOT_CELL_DISK_NAME,N,939
SYS,AWR_ROOT_CELL_DISK_SUMMARY,N,2888
SYS,AWR_ROOT_CELL_DISKTYPE,N,2867
SYS,AWR_ROOT_CELL_GLOBAL,N,558
SYS,AWR_ROOT_CELL_GLOBAL_SUMMARY,N,945
SYS,AWR_ROOT_CELL_IOREASON,N,618
SYS,AWR_ROOT_CELL_IOREASON_NAME,N,182
SYS,AWR_ROOT_CELL_METRIC_DESC,N,193
SYS,AWR_ROOT_CELL_NAME,N,512
SYS,AWR_ROOT_CELL_OPEN_ALERTS,N,504
SYS,AWR_ROOT_CHANNEL_WAITS,N,462
SYS,AWR_ROOT_CLUSTER_INTERCON,N,568
SYS,AWR_ROOT_COLORED_SQL,N,147
SYS,AWR_ROOT_COMP_IOSTAT,N,480
SYS,AWR_ROOT_CON_SYSMETRIC_HIST,N,606
SYS,AWR_ROOT_CON_SYSMETRIC_SUMM,N,692
SYS,AWR_ROOT_CON_SYSSTAT,N,341
SYS,AWR_ROOT_CON_SYSTEM_EVENT,N,605
SYS,AWR_ROOT_CON_SYS_TIME_MODEL,N,494
SYS,AWR_ROOT_CR_BLOCK_SERVER,N,673
SYS,AWR_ROOT_CURRENT_BLOCK_SERVER,N,547
SYS,AWR_ROOT_DATABASE_INSTANCE,N,478
SYS,AWR_ROOT_DATAFILE,N,421
SYS,AWR_ROOT_DB_CACHE_ADVICE,N,604
SYS,AWR_ROOT_DISPATCHER,N,440
SYS,AWR_ROOT_DLM_MISC,N,439
SYS,AWR_ROOT_DYN_REMASTER_STATS,N,665
SYS,AWR_ROOT_ENQUEUE_STAT,N,504
SYS,AWR_ROOT_EVENT_HISTOGRAM,N,590
SYS,AWR_ROOT_EVENT_NAME,N,242
SYS,AWR_ROOT_FILEMETRIC_HISTORY,N,568
SYS,AWR_ROOT_FILESTATXS,N,969
SYS,AWR_ROOT_IC_CLIENT_STATS,N,414
SYS,AWR_ROOT_IC_DEVICE_STATS,N,642
SYS,AWR_ROOT_IM_SEG_STAT,N,1411
SYS,AWR_ROOT_IM_SEG_STAT_OBJ,N,998
SYS,AWR_ROOT_INSTANCE_RECOVERY,N,850
SYS,AWR_ROOT_INST_CACHE_TRANSFER,N,862
SYS,AWR_ROOT_INTERCONNECT_PINGS,N,472
SYS,AWR_ROOT_IOSTAT_DETAIL,N,996
SYS,AWR_ROOT_IOSTAT_FILETYPE,N,984
SYS,AWR_ROOT_IOSTAT_FILETYPE_NAME,N,202
SYS,AWR_ROOT_IOSTAT_FUNCTION,N,820
SYS,AWR_ROOT_IOSTAT_FUNCTION_NAME,N,202
SYS,AWR_ROOT_JAVA_POOL_ADVICE,N,646
SYS,AWR_ROOT_LATCH,N,648
SYS,AWR_ROOT_LATCH_CHILDREN,N,657
SYS,AWR_ROOT_LATCH_MISSES_SUMMARY,N,466
SYS,AWR_ROOT_LATCH_NAME,N,172
SYS,AWR_ROOT_LATCH_PARENT,N,655
SYS,AWR_ROOT_LIBRARYCACHE,N,584
SYS,AWR_ROOT_LMS_STATS,N,437
SYS,AWR_ROOT_LOG,N,509
SYS,AWR_ROOT_MEM_DYNAMIC_COMP,N,1131
SYS,AWR_ROOT_MEMORY_RESIZE_OPS,N,554
SYS,AWR_ROOT_MEMORY_TARGET_ADVICE,N,510
SYS,AWR_ROOT_METRIC_NAME,N,208
SYS,AWR_ROOT_MTTR_TARGET_ADVICE,N,611
SYS,AWR_ROOT_MUTEX_SLEEP,N,428
SYS,AWR_ROOT_MVPARAMETER,N,763
SYS,AWR_ROOT_OPTIMIZER_ENV,N,219
SYS,AWR_ROOT_OSSTAT,N,662
SYS,AWR_ROOT_OSSTAT_NAME,N,169
SYS,AWR_ROOT_PARAMETER,N,717
SYS,AWR_ROOT_PARAMETER_NAME,N,240
SYS,AWR_ROOT_PDB_IN_SNAP,N,197
SYS,AWR_ROOT_PDB_INSTANCE,N,208
SYS,AWR_ROOT_PERSISTENT_QMN_CACHE,N,1090
SYS,AWR_ROOT_PERSISTENT_QUEUES,N,1079
SYS,AWR_ROOT_PERSISTENT_SUBS,N,874
SYS,AWR_ROOT_PGASTAT,N,534
SYS,AWR_ROOT_PGA_TARGET_ADVICE,N,605
SYS,AWR_ROOT_PLAN_OPERATION_NAME,N,187
SYS,AWR_ROOT_PLAN_OPTION_NAME,N,178
SYS,AWR_ROOT_PROCESS_MEM_SUMMARY,N,682
SYS,AWR_ROOT_PROCESS_WAITTIME,N,448
SYS,AWR_ROOT_RECOVERY_PROGRESS,N,448
SYS,AWR_ROOT_REPLICATION_TBL_STATS,N,627
SYS,AWR_ROOT_REPLICATION_TXN_STATS,N,553
SYS,AWR_ROOT_RESOURCE_LIMIT,N,499
SYS,AWR_ROOT_ROWCACHE_SUMMARY,N,578
SYS,AWR_ROOT_RSRC_CONSUMER_GROUP,N,1501
SYS,AWR_ROOT_RSRC_METRIC,N,1763
SYS,AWR_ROOT_RSRC_PDB_METRIC,N,2328
SYS,AWR_ROOT_RSRC_PLAN,N,548
SYS,AWR_ROOT_RULE_SET,N,548
SYS,AWR_ROOT_SEG_STAT,N,1968
SYS,AWR_ROOT_SEG_STAT_OBJ,N,520
SYS,AWR_ROOT_SERVICE_NAME,N,215
SYS,AWR_ROOT_SERVICE_STAT,N,764
SYS,AWR_ROOT_SERVICE_WAIT_CLASS,N,684
SYS,AWR_ROOT_SESSMETRIC_HISTORY,N,668
SYS,AWR_ROOT_SESS_NETWORK,N,917
SYS,AWR_ROOT_SESS_SGA_STATS,N,492
SYS,AWR_ROOT_SESS_TIME_STATS,N,537
SYS,AWR_ROOT_SGA,N,530
SYS,AWR_ROOT_SGASTAT,N,540
SYS,AWR_ROOT_SGA_TARGET_ADVICE,N,508
SYS,AWR_ROOT_SHARED_POOL_ADVICE,N,652
SYS,AWR_ROOT_SHARED_SERVER_SUMMARY,N,672
SYS,AWR_ROOT_SNAP_ERROR,N,170
SYS,AWR_ROOT_SNAPSHOT,N,332
SYS,AWR_ROOT_SQLBIND,N,2170
SYS,AWR_ROOT_SQL_BIND_METADATA,N,308
SYS,AWR_ROOT_SQLCOMMAND_NAME,N,181
SYS,AWR_ROOT_SQL_PLAN,N,638
SYS,AWR_ROOT_SQLSTAT,N,2288
SYS,AWR_ROOT_SQL_SUMMARY,N,464
SYS,AWR_ROOT_SQLTEXT,N,204
SYS,AWR_ROOT_SQL_WORKAREA_HSTGRM,N,554
SYS,AWR_ROOT_STAT_NAME,N,167
SYS,AWR_ROOT_STREAMS_APPLY_SUM,N,840
SYS,AWR_ROOT_STREAMS_CAPTURE,N,668
SYS,AWR_ROOT_STREAMS_POOL_ADVICE,N,531
SYS,AWR_ROOT_SYSMETRIC_HISTORY,N,602
SYS,AWR_ROOT_SYSMETRIC_SUMMARY,N,688
SYS,AWR_ROOT_SYSSTAT,N,550
SYS,AWR_ROOT_SYSSTAT_ID,N,213
SYS,AWR_ROOT_SYSTEM_EVENT,N,632
SYS,AWR_ROOT_SYS_TIME_MODEL,N,490
SYS,AWR_ROOT_TABLE_SETTINGS,N,366
SYS,AWR_ROOT_TABLESPACE,N,336
SYS,AWR_ROOT_TABLESPACE_STAT,N,521
SYS,AWR_ROOT_TBSPC_SPACE_USAGE,N,476
SYS,AWR_ROOT_TEMPFILE,N,421
SYS,AWR_ROOT_TEMPSTATXS,N,936
SYS,AWR_ROOT_THREAD,N,487
SYS,AWR_ROOT_TOPLEVELCALL_NAME,N,193
SYS,AWR_ROOT_UNDOSTAT,N,704
SYS,AWR_ROOT_WAITCLASSMET_HISTORY,N,757
SYS,AWR_ROOT_WAITSTAT,N,425
SYS,AWR_ROOT_WR_CONTROL,N,374
SYS,AWR_ROOT_WR_SETTINGS,N,226
SYS,_BASE_OPT_DIRECTIVE,N,731
SYS,_BASE_OPT_FINDING,N,693
SYS,_BASE_OPT_FINDING_OBJ,N,774
SYS,_BASE_OPT_FINDING_OBJ_COL,N,225
SYS,_BASE_USER,N,265
SYS,CATALOG,N,155
SYS,CDB_ACCHK_EVENTS,N,272
SYS,CDB_ACCHK_EVENTS_SUMMARY,N,308
SYS,CDB_ACCHK_STATISTICS,N,415
SYS,CDB_ACCHK_STATISTICS_SUMMARY,N,410
SYS,CDB_ACL_NAME_MAP,N,148
SYS,CDB_ACTIVITY_CONFIG,N,214
SYS,CDB_ACTIVITY_MVIEW,N,596
SYS,CDB_ACTIVITY_SNAPSHOT_META,N,241
SYS,CDB_ACTIVITY_TABLE,N,715
SYS,CDB_ADBTASK_CLIENT,N,137
SYS,CDB_ADBTASK_SCHEDULE,N,241
SYS,CDB_ADBTASK_SETTINGS,N,190
SYS,CDB_ADDM_FDG_BREAKDOWN,N,229
SYS,CDB_ADDM_FINDINGS,N,435
SYS,CDB_ADDM_INSTANCES,N,283
SYS,CDB_ADDM_SYSTEM_DIRECTIVES,N,192
SYS,CDB_ADDM_TASK_DIRECTIVES,N,224
SYS,CDB_ADDM_TASKS,N,923
SYS,CDB_ADVISOR_ACTIONS,N,464
SYS,CDB_ADVISOR_COMMANDS,N,149
SYS,CDB_ADVISOR_DEFINITIONS,N,165
SYS,CDB_ADVISOR_DEF_PARAMETERS,N,312
SYS,CDB_ADVISOR_DIR_DEFINITIONS,N,280
SYS,CDB_ADVISOR_DIR_INSTANCES,N,182
SYS,CDB_ADVISOR_DIR_TASK_INST,N,216
SYS,CDB_ADVISOR_EXEC_PARAMETERS,N,367
SYS,CDB_ADVISOR_EXECUTIONS,N,462
SYS,CDB_ADVISOR_EXECUTION_TYPES,N,186
SYS,CDB_ADVISOR_FDG_BREAKDOWN,N,215
SYS,CDB_ADVISOR_FINDING_NAMES,N,163
SYS,CDB_ADVISOR_FINDINGS,N,326
SYS,CDB_ADVISOR_JOURNAL,N,234
SYS,CDB_ADVISOR_LOG,N,341
SYS,CDB_ADVISOR_OBJECTS,N,398
SYS,CDB_ADVISOR_OBJECT_TYPES,N,156
SYS,CDB_ADVISOR_PARAMETERS,N,303
SYS,CDB_ADVISOR_PARAMETERS_PROJ,N,289
SYS,CDB_ADVISOR_RATIONALE,N,313
SYS,CDB_ADVISOR_RECOMMENDATIONS,N,332
SYS,CDB_ADVISOR_SQLA_COLVOL,N,236
SYS,CDB_ADVISOR_SQLA_REC_SUM,N,221
SYS,CDB_ADVISOR_SQLA_TABLES,N,210
SYS,CDB_ADVISOR_SQLA_TABVOL,N,329
SYS,CDB_ADVISOR_SQLA_WK_MAP,N,201
SYS,CDB_ADVISOR_SQLA_WK_STMTS,N,594
SYS,CDB_ADVISOR_SQLA_WK_SUM,N,255
SYS,CDB_ADVISOR_SQLPLANS,N,764
SYS,CDB_ADVISOR_SQLSTATS,N,750
SYS,CDB_ADVISOR_SQLW_COLVOL,N,244
SYS,CDB_ADVISOR_SQLW_JOURNAL,N,228
SYS,CDB_ADVISOR_SQLW_PARAMETERS,N,242
SYS,CDB_ADVISOR_SQLW_STMTS,N,431
SYS,CDB_ADVISOR_SQLW_SUM,N,365
SYS,CDB_ADVISOR_SQLW_TABLES,N,206
SYS,CDB_ADVISOR_SQLW_TABVOL,N,337
SYS,CDB_ADVISOR_SQLW_TEMPLATES,N,240
SYS,CDB_ADVISOR_TASKS,N,612
SYS,CDB_ADVISOR_TEMPLATES,N,242
SYS,CDB_ADVISOR_USAGE,N,241
SYS,CDB_ALERT_ARGUMENTS,N,448
SYS,CDB_ALERT_HISTORY,N,566
SYS,CDB_ALERT_HISTORY_DETAIL,N,601
SYS,CDB_ALL_TABLES,N,1273
SYS,CDB_ANALYTIC_VIEW_AGGR_DIMS,N,222
SYS,CDB_ANALYTIC_VIEW_AGGR_FNS,N,238
SYS,CDB_ANALYTIC_VIEW_ATTR_CLASS,N,286
SYS,CDB_ANALYTIC_VIEW_BASE_MEAS,N,296
SYS,CDB_ANALYTIC_VIEW_CALC_MEAS,N,226
SYS,CDB_ANALYTIC_VIEW_CLASS,N,227
SYS,CDB_ANALYTIC_VIEW_COLUMNS,N,384
SYS,CDB_ANALYTIC_VIEW_DIM_ATTRS,N,260
SYS,CDB_ANALYTIC_VIEW_DIM_CLASS,N,251
SYS,CDB_ANALYTIC_VIEW_DIMENSIONS,N,362
SYS,CDB_ANALYTIC_VIEW_FACT_COLS,N,238
SYS,CDB_ANALYTIC_VIEW_HIER_CLASS,N,267
SYS,CDB_ANALYTIC_VIEW_HIERS,N,264
SYS,CDB_ANALYTIC_VIEW_KEYS,N,268
SYS,CDB_ANALYTIC_VIEW_LEVEL_CLASS,N,283
SYS,CDB_ANALYTIC_VIEW_LEVELS,N,236
SYS,CDB_ANALYTIC_VIEW_LVLGRPS,N,335
SYS,CDB_ANALYTIC_VIEW_MEAS_CLASS,N,249
SYS,CDB_ANALYTIC_VIEWS,N,381
SYS,CDB_ANALYZE_OBJECTS,N,158
SYS,CDB_APP_ERRORS,N,222
SYS,CDB_APP_ERRORS_HISTORY,N,230
SYS,CDB_APPLICATION_ROLES,N,150
SYS,CDB_APPLICATIONS,N,254
SYS,CDB_APPLY,N,530
SYS,CDB_APPLY_CHANGE_HANDLERS,N,322
SYS,CDB_APPLY_CONFLICT_COLUMNS,N,234
SYS,CDB_APPLY_DML_CONF_COLUMNS,N,180
SYS,CDB_APPLY_DML_CONF_HANDLERS,N,329
SYS,CDB_APPLY_DML_HANDLERS,N,310
SYS,CDB_APPLY_ENQUEUE,N,170
SYS,CDB_APPLY_ERROR,N,465
SYS,CDB_APPLY_ERROR_MESSAGES,N,474
SYS,CDB_APPLY_EXECUTE,N,161
SYS,CDB_APPLY_HANDLE_COLLISIONS,N,242
SYS,CDB_APPLY_INSTANTIATED_GLOBAL,N,213
SYS,CDB_APPLY_INSTANTIATED_OBJECTS,N,299
SYS,CDB_APPLY_INSTANTIATED_SCHEMAS,N,232
SYS,CDB_APPLY_KEY_COLUMNS,N,206
SYS,CDB_APPLY_PARAMETERS,N,172
SYS,CDB_APPLY_PROGRESS,N,322
SYS,CDB_APPLY_REPERROR_HANDLERS,N,290
SYS,CDB_APPLY_SPILL_TXN,N,299
SYS,CDB_APPLY_TABLE_COLUMNS,N,245
SYS,CDB_APP_PATCHES,N,218
SYS,CDB_APP_PDB_STATUS,N,182
SYS,CDB_APP_STATEMENTS,N,275
SYS,CDB_APP_VERSIONS,N,215
SYS,CDB_AQ_AGENT_PRIVS,N,180
SYS,CDB_AQ_AGENTS,N,159
SYS,CDB_ARGUMENTS,N,540
SYS,CDB_ASSEMBLIES,N,196
SYS,CDB_ASSOCIATIONS,N,331
SYS,CDB_ATTRIBUTE_DIM_ATTR_CLASS,N,247
SYS,CDB_ATTRIBUTE_DIM_ATTRS,N,232
SYS,CDB_ATTRIBUTE_DIM_CLASS,N,223
SYS,CDB_ATTRIBUTE_DIMENSIONS,N,329
SYS,CDB_ATTRIBUTE_DIM_JOIN_PATHS,N,222
SYS,CDB_ATTRIBUTE_DIM_KEYS,N,254
SYS,CDB_ATTRIBUTE_DIM_LEVEL_ATTRS,N,249
SYS,CDB_ATTRIBUTE_DIM_LEVELS,N,304
SYS,CDB_ATTRIBUTE_DIM_LVL_CLASS,N,242
SYS,CDB_ATTRIBUTE_DIM_ORDER_ATTRS,N,266
SYS,CDB_ATTRIBUTE_DIM_TABLES,N,243
SYS,CDB_ATTRIBUTE_TRANSFORMATIONS,N,236
SYS,CDB_AUDIT_EXISTS,N,565
SYS,CDB_AUDIT_MGMT_CLEAN_EVENTS,N,206
SYS,CDB_AUDIT_MGMT_CLEANUP_JOBS,N,235
SYS,CDB_AUDIT_MGMT_CONFIG_PARAMS,N,180
SYS,CDB_AUDIT_MGMT_LAST_ARCH_TS,N,212
SYS,CDB_AUDIT_OBJECT,N,564
SYS,CDB_AUDIT_POLICIES,N,372
SYS,CDB_AUDIT_POLICY_COLUMNS,N,189
SYS,CDB_AUDIT_SESSION,N,436
SYS,CDB_AUDIT_STATEMENT,N,635
SYS,CDB_AUDIT_TRAIL,N,780
SYS,CDB_AUTO_INDEX_CONFIG,N,191
SYS,CDB_AUTO_INDEX_EXECUTIONS,N,208
SYS,CDB_AUTO_INDEX_IND_ACTIONS,N,283
SYS,CDB_AUTO_INDEX_SQL_ACTIONS,N,252
SYS,CDB_AUTO_INDEX_STATISTICS,N,165
SYS,CDB_AUTO_INDEX_VERIFICATIONS,N,324
SYS,CDB_AUTO_MV_ANALYSIS_ACTIONS,N,473
SYS,CDB_AUTO_MV_ANALYSIS_EXECUTIONS,N,471
SYS,CDB_AUTO_MV_ANALYSIS_RECOMMENDATIONS,N,186
SYS,CDB_AUTO_MV_ANALYSIS_REPORT,N,182
SYS,CDB_AUTO_MV_ANALYSIS_TASK,N,620
SYS,CDB_AUTO_MV_CONFIG,N,202
SYS,CDB_AUTO_MV_MAINT_REPORT,N,156
SYS,CDB_AUTO_MV_REFRESH_HISTORY,N,268
SYS,CDB_AUTO_MV_VERIFICATION_REPORT,N,173
SYS,CDB_AUTO_MV_VERIFICATION_STATUS,N,438
SYS,CDB_AUTO_SEGADV_CTL,N,314
SYS,CDB_AUTO_SEGADV_SUMMARY,N,295
SYS,CDB_AUTOSQLSET_ATTRNAME,N,138
SYS,CDB_AUTOSQLSET_OPTENV,N,150
SYS,CDB_AUTOSQLSET_SNAPSHOT,N,201
SYS,CDB_AUTOSQLSET_SNAPSHOT_ERROR,N,221
SYS,CDB_AUTOSQLSET_SQLPLAN,N,680
SYS,CDB_AUTOSQLSET_SQLSTAT,N,1120
SYS,CDB_AUTOSQLSET_SQLTEXT,N,192
SYS,CDB_AUTO_STAT_EXECUTIONS,N,235
SYS,CDB_AUTOTASK_CLIENT,N,616
SYS,CDB_AUTOTASK_CLIENT_HISTORY,N,271
SYS,CDB_AUTOTASK_CLIENT_JOB,N,267
SYS,CDB_AUTOTASK_JOB_HISTORY,N,286
SYS,CDB_AUTOTASK_OPERATION,N,263
SYS,CDB_AUTOTASK_SCHEDULE,N,162
SYS,CDB_AUTOTASK_SCHEDULE_CONTROL,N,254
SYS,CDB_AUTOTASK_SETTINGS,N,195
SYS,CDB_AUTOTASK_STATUS,N,143
SYS,CDB_AUTOTASK_TASK,N,1511
SYS,CDB_AUTOTASK_WINDOW_CLIENTS,N,260
SYS,CDB_AUTOTASK_WINDOW_HISTORY,N,182
SYS,CDB_AUTO_ZONEMAP_CONFIG,N,207
SYS,CDB_AW_OBJ,N,194
SYS,CDB_AW_PROP,N,273
SYS,CDB_AW_PS,N,184
SYS,CDB_AWS,N,197
SYS,CDB_BASE_TABLE_MVIEWS,N,180
SYS,CDB_BLOCKCHAIN_TABLE_EPOCHS,N,248
SYS,CDB_BLOCKCHAIN_TABLES,N,242
SYS,CDB_BLOCKERS,N,129
SYS,CDB_CAPTURE,N,789
SYS,CDB_CAPTURE_EXTRA_ATTRIBUTES,N,209
SYS,CDB_CAPTURE_PARAMETERS,N,196
SYS,CDB_CAPTURE_PREPARED_DATABASE,N,257
SYS,CDB_CAPTURE_PREPARED_SCHEMAS,N,272
SYS,CDB_CAPTURE_PREPARED_TABLES,N,294
SYS,CDB_CATALOG,N,148
SYS,CDB$CDATA_ROOT_TABLES,N,175
SYS,CDB$CDATA_ROOT_VIEWS,N,176
SYS,CDB_CDB_RSRC_PLAN_DIRECTIVES,N,317
SYS,CDB_CDB_RSRC_PLANS,N,174
SYS,CDB_CERTIFICATES,N,185
SYS,CDB_CHANGE_NOTIFICATION_REGS,N,237
SYS,CDB_CHECKED_ROLES,N,218
SYS,CDB_CHECKED_ROLES_PATH,N,223
SYS,CDB_CLU_COLUMNS,N,194
SYS,CDB_CLUSTER_HASH_EXPRESSIONS,N,152
SYS,CDB_CLUSTERING_DIMENSIONS,N,186
SYS,CDB_CLUSTERING_JOINS,N,232
SYS,CDB_CLUSTERING_KEYS,N,217
SYS,CDB_CLUSTERING_TABLES,N,264
SYS,CDB_CLUSTERS,N,529
SYS,CDB$CMN_ROOT_TYPES,N,465
SYS,CDB_CODE_ROLE_PRIVS,N,167
SYS,CDB_COL_COMMENTS,N,185
SYS,CDB_COLL_TYPES,N,314
SYS,CDB_COL_PENDING_STATS,N,322
SYS,CDB_COL_PRIVS,N,228
SYS,CDB_COL_USAGE_STATISTICS,N,330
SYS,CDB_COMMON_AUDIT_TRAIL,N,844
SYS,CDB$COMMONOBJPRIVS,N,222
SYS,CDB$COMMONROLEGRANTS,N,171
SYS,CDB$COMMON_ROOT_OBJECTS,N,395
SYS,CDB$COMMONSYSPRIVS,N,130
SYS,CDB$COMMON_USERS,N,65
SYS,CDB_COMPARISON,N,474
SYS,CDB_COMPARISON_COLUMNS,N,202
SYS,CDB_COMPARISON_ROW_DIF,N,242
SYS,CDB_COMPARISON_SCAN,N,300
SYS,CDB_COMPARISON_SCAN_SUMMARY,N,308
SYS,CDB_COMPARISON_SCAN_VALUES,N,234
SYS,CDB_CONNECTION_TESTS,N,210
SYS,CDB_CONNECT_ROLE_GRANTEES,N,179
SYS,CDB_CONS_COLUMNS,N,187
SYS,CDB_CONS_OBJ_COLUMNS,N,216
SYS,CDB_CONSTRAINTS,N,429
SYS,CDB_CONTAINER_DATA,N,209
SYS,CDB_CONTEXT,N,185
SYS,CDB_CPOOL_INFO,N,348
SYS,CDB_CPU_USAGE_STATISTICS,N,210
SYS,CDB_CQ_NOTIFICATION_QUERIES,N,173
SYS,CDB_CREDENTIALS,N,199
SYS,CDB_CUBE_ATTRIBUTES,N,369
SYS,CDB_CUBE_ATTR_MAPPINGS,N,331
SYS,CDB_CUBE_ATTR_UNIQUE_KEYS,N,196
SYS,CDB_CUBE_ATTR_VISIBILITY,N,229
SYS,CDB_CUBE_BUILD_PROCESSES,N,209
SYS,CDB_CUBE_CALCULATED_MEMBERS,N,225
SYS,CDB_CUBE_CLASSIFICATIONS,N,209
SYS,CDB_CUBE_DEPENDENCIES,N,392
SYS,CDB_CUBE_DESCRIPTIONS,N,216
SYS,CDB_CUBE_DIMENSIONALITY,N,256
SYS,CDB_CUBE_DIMENSIONS,N,310
SYS,CDB_CUBE_DIM_LEVELS,N,189
SYS,CDB_CUBE_DIM_MAPPINGS,N,436
SYS,CDB_CUBE_DIM_MODELS,N,189
SYS,CDB_CUBE_DIMNL_MAPPINGS,N,359
SYS,CDB_CUBE_DIM_VIEW_COLUMNS,N,213
SYS,CDB_CUBE_DIM_VIEWS,N,158
SYS,CDB_CUBE_HIERARCHIES,N,289
SYS,CDB_CUBE_HIER_LEVELS,N,233
SYS,CDB_CUBE_HIER_VIEW_COLUMNS,N,233
SYS,CDB_CUBE_HIER_VIEWS,N,178
SYS,CDB_CUBE_MAPPINGS,N,242
SYS,CDB_CUBE_MEAS_MAPPINGS,N,225
SYS,CDB_CUBE_MEASURES,N,366
SYS,CDB_CUBE_NAMED_BUILD_SPECS,N,168
SYS,CDB_CUBES,N,507
SYS,CDB_CUBE_SUB_PARTITION_LEVELS,N,315
SYS,CDB_CUBE_VIEW_COLUMNS,N,204
SYS,CDB_CUBE_VIEWS,N,149
SYS,CDB_DATA_FILES,N,341
SYS,CDB_DATAPUMP_JOBS,N,234
SYS,CDB_DATAPUMP_SESSIONS,N,185
SYS,CDB_DBFS_HS,N,137
SYS,CDB_DBFS_HS_COMMANDS,N,178
SYS,CDB_DBFS_HS_FIXED_PROPERTIES,N,185
SYS,CDB_DBFS_HS_PROPERTIES,N,183
SYS,CDB_DB_LINKS,N,260
SYS,CDB_DB_LINK_SOURCES,N,292
SYS,CDB_DDL_LOCKS,N,186
SYS,CDB_DEPENDENCIES,N,247
SYS,CDB_DIGEST_VERIFIERS,N,171
SYS,CDB_DIM_ATTRIBUTES,N,207
SYS,CDB_DIM_CHILD_OF,N,233
SYS,CDB_DIMENSIONS,N,183
SYS,CDB_DIM_HIERARCHIES,N,164
SYS,CDB_DIM_JOIN_KEY,N,293
SYS,CDB_DIM_LEVEL_KEY,N,191
SYS,CDB_DIM_LEVELS,N,229
SYS,CDB_DIRECTORIES,N,178
SYS,CDB_DISCOVERY_SOURCE,N,159
SYS,CDB_DML_LOCKS,N,214
SYS,CDB_DMT_FREE_SPACE,N,169
SYS,CDB_DMT_USED_EXTENTS,N,218
SYS,CDB_DV_STATUS,N,130
SYS,CDB_EDITION_COMMENTS,N,147
SYS,CDB_EDITIONED_TYPES,N,143
SYS,CDB_EDITIONING_VIEW_COLS,N,227
SYS,CDB_EDITIONING_VIEW_COLS_AE,N,247
SYS,CDB_EDITIONING_VIEWS,N,156
SYS,CDB_EDITIONING_VIEWS_AE,N,176
SYS,CDB_EDITION_INHERITED_OBJECTS,N,573
SYS,CDB_EDITIONS,N,161
SYS,CDB_ENABLED_AGGREGATIONS,N,193
SYS,CDB_ENABLED_TRACES,N,234
SYS,CDB_ENCRYPTED_COLUMNS,N,205
SYS,CDB_EPG_DAD_AUTHORIZATION,N,148
SYS,CDB_ERRORS,N,212
SYS,CDB_ERRORS_AE,N,232
SYS,CDB_ERROR_TRANSLATIONS,N,252
SYS,CDB_EVALUATION_CONTEXTS,N,232
SYS,CDB_EVALUATION_CONTEXT_TABLES,N,214
SYS,CDB_EVALUATION_CONTEXT_VARS,N,274
SYS,CDB_EXP_FILES,N,181
SYS,CDB_EXP_OBJECTS,N,204
SYS,CDB_EXPORT_OBJECTS,N,167
SYS,CDB_EXPORT_PATHS,N,142
SYS,CDB_EXPRESSION_STATISTICS,N,281
SYS,CDB_EXP_VERSION,N,128
SYS,CDB_EXTENTS,N,268
SYS,CDB_EXTERNAL_LOCATIONS,N,196
SYS,CDB_EXTERNAL_SCN_ACTIVITY,N,344
SYS,CDB_EXTERNAL_TABLES,N,331
SYS,CDB_FEATURE_USAGE_STATISTICS,N,390
SYS,CDB_FGA_AUDIT_TRAIL,N,544
SYS,CDB_FILE_GROUP_EXPORT_INFO,N,284
SYS,CDB_FILE_GROUP_FILES,N,281
SYS,CDB_FILE_GROUPS,N,268
SYS,CDB_FILE_GROUP_TABLES,N,241
SYS,CDB_FILE_GROUP_TABLESPACES,N,213
SYS,CDB_FILE_GROUP_VERSIONS,N,249
SYS,CDB_FLASHBACK_ARCHIVE,N,252
SYS,CDB_FLASHBACK_ARCHIVE_TABLES,N,216
SYS,CDB_FLASHBACK_ARCHIVE_TS,N,207
SYS,CDB_FLASHBACK_TXN_REPORT,N,212
SYS,CDB_FLASHBACK_TXN_STATE,N,197
SYS,CDB_FREE_SPACE,N,194
SYS,CDB_FREE_SPACE_COALESCED,N,314
SYS,CDB_FREE_SPACE_COALESCED_TMP1,N,177
SYS,CDB_FREE_SPACE_COALESCED_TMP2,N,169
SYS,CDB_FREE_SPACE_COALESCED_TMP3,N,169
SYS,CDB_FREE_SPACE_COALESCED_TMP4,N,169
SYS,CDB_FREE_SPACE_COALESCED_TMP5,N,169
SYS,CDB_FREE_SPACE_COALESCED_TMP6,N,177
SYS,CDB_GG_AUTO_CDR_COLUMN_GROUPS,N,201
SYS,CDB_GG_AUTO_CDR_COLUMNS,N,211
SYS,CDB_GG_AUTO_CDR_TABLES,N,407
SYS,CDB_GG_INBOUND_PROGRESS,N,374
SYS,CDB_GG_PROCEDURE_ANNOTATION,N,320
SYS,CDB_GG_PROC_OBJECT_EXCLUSION,N,193
SYS,CDB_GG_SUPPORTED_PACKAGES,N,263
SYS,CDB_GG_SUPPORTED_PROCEDURES,N,305
SYS,CDB_GLOBAL_CONTEXT,N,152
SYS,CDB_GOLDENGATE_CONTAINER_RULES,N,205
SYS,CDB_GOLDENGATE_INBOUND,N,212
SYS,CDB_GOLDENGATE_NOT_UNIQUE,N,162
SYS,CDB_GOLDENGATE_PRIVILEGES,N,216
SYS,CDB_GOLDENGATE_RULES,N,513
SYS,CDB_GOLDENGATE_SUPPORT_MODE,N,183
SYS,CDB_HANG_MANAGER_PARAMETERS,N,205
SYS,CDB_HEAT_MAP_SEG_HISTOGRAM,N,231
SYS,CDB_HEAT_MAP_SEGMENT,N,237
SYS,CDB_HEATMAP_TOP_OBJECTS,N,426
SYS,CDB_HEATMAP_TOP_TABLESPACES,N,392
SYS,CDB_HIERARCHIES,N,227
SYS,CDB_HIER_CLASS,N,209
SYS,CDB_HIER_COLUMNS,N,333
SYS,CDB_HIER_HIER_ATTR_CLASS,N,238
SYS,CDB_HIER_HIER_ATTRIBUTES,N,211
SYS,CDB_HIER_JOIN_PATHS,N,191
SYS,CDB_HIER_LEVEL_ID_ATTRS,N,210
SYS,CDB_HIER_LEVELS,N,183
SYS,CDB_HIGH_WATER_MARK_STATISTICS,N,202
SYS,CDB_HIST_ACTIVE_SESS_HISTORY,N,2217
SYS,CDB_HIST_APPLY_SUMMARY,N,631
SYS,CDB_HIST_ASH_SNAPSHOT,N,326
SYS,CDB_HIST_ASM_BAD_DISK,N,197
SYS,CDB_HIST_ASM_DISKGROUP,N,195
SYS,CDB_HIST_ASM_DISKGROUP_STAT,N,240
SYS,CDB_HIST_ASM_DISK_STAT_SUMMARY,N,344
SYS,CDB_HIST_BASELINE,N,343
SYS,CDB_HIST_BASELINE_DETAILS,N,419
SYS,CDB_HIST_BASELINE_METADATA,N,314
SYS,CDB_HIST_BASELINE_TEMPLATE,N,335
SYS,CDB_HIST_BG_EVENT_SUMMARY,N,293
SYS,CDB_HIST_BUFFERED_QUEUES,N,566
SYS,CDB_HIST_BUFFERED_SUBSCRIBERS,N,626
SYS,CDB_HIST_BUFFER_POOL_STAT,N,518
SYS,CDB_HIST_CAPTURE,N,433
SYS,CDB_HIST_CELL_CONFIG,N,226
SYS,CDB_HIST_CELL_CONFIG_DETAIL,N,225
SYS,CDB_HIST_CELL_DB,N,636
SYS,CDB_HIST_CELL_DISK_NAME,N,202
SYS,CDB_HIST_CELL_DISK_SUMMARY,N,1814
SYS,CDB_HIST_CELL_DISKTYPE,N,476
SYS,CDB_HIST_CELL_GLOBAL,N,231
SYS,CDB_HIST_CELL_GLOBAL_SUMMARY,N,545
SYS,CDB_HIST_CELL_IOREASON,N,287
SYS,CDB_HIST_CELL_IOREASON_NAME,N,175
SYS,CDB_HIST_CELL_METRIC_DESC,N,189
SYS,CDB_HIST_CELL_NAME,N,176
SYS,CDB_HIST_CELL_OPEN_ALERTS,N,256
SYS,CDB_HIST_CHANNEL_WAITS,N,241
SYS,CDB_HIST_CLUSTER_INTERCON,N,224
SYS,CDB_HIST_COLORED_SQL,N,152
SYS,CDB_HIST_COMP_IOSTAT,N,247
SYS,CDB_HIST_CON_SYSMETRIC_HIST,N,286
SYS,CDB_HIST_CON_SYSMETRIC_SUMM,N,366
SYS,CDB_HIST_CON_SYSSTAT,N,206
SYS,CDB_HIST_CON_SYSTEM_EVENT,N,359
SYS,CDB_HIST_CON_SYS_TIME_MODEL,N,213
SYS,CDB_HIST_CR_BLOCK_SERVER,N,436
SYS,CDB_HIST_CURRENT_BLOCK_SERVER,N,319
SYS,CDB_HIST_DATABASE_INSTANCE,N,373
SYS,CDB_HIST_DATAFILE,N,213
SYS,CDB_HIST_DB_CACHE_ADVICE,N,385
SYS,CDB_HIST_DISPATCHER,N,251
SYS,CDB_HIST_DLM_MISC,N,201
SYS,CDB_HIST_DYN_REMASTER_STATS,N,468
SYS,CDB_HIST_ENQUEUE_STAT,N,288
SYS,CDB_HIST_EVENT_HISTOGRAM,N,270
SYS,CDB_HIST_EVENT_NAME,N,243
SYS,CDB_HIST_FILEMETRIC_HISTORY,N,357
SYS,CDB_HIST_FILESTATXS,N,405
SYS,CDB_HIST_IC_CLIENT_STATS,N,217
SYS,CDB_HIST_IC_DEVICE_STATS,N,453
SYS,CDB_HIST_IM_SEG_STAT,N,371
SYS,CDB_HIST_IM_SEG_STAT_OBJ,N,253
SYS,CDB_HIST_INSTANCE_RECOVERY,N,636
SYS,CDB_HIST_INST_CACHE_TRANSFER,N,656
SYS,CDB_HIST_INTERCONNECT_PINGS,N,277
SYS,CDB_HIST_IOSTAT_DETAIL,N,458
SYS,CDB_HIST_IOSTAT_FILETYPE,N,576
SYS,CDB_HIST_IOSTAT_FILETYPE_NAME,N,181
SYS,CDB_HIST_IOSTAT_FUNCTION,N,426
SYS,CDB_HIST_IOSTAT_FUNCTION_NAME,N,181
SYS,CDB_HIST_JAVA_POOL_ADVICE,N,412
SYS,CDB_HIST_LATCH,N,348
SYS,CDB_HIST_LATCH_CHILDREN,N,357
SYS,CDB_HIST_LATCH_MISSES_SUMMARY,N,264
SYS,CDB_HIST_LATCH_NAME,N,167
SYS,CDB_HIST_LATCH_PARENT,N,355
SYS,CDB_HIST_LIBRARYCACHE,N,373
SYS,CDB_HIST_LMS_STATS,N,239
SYS,CDB_HIST_LOG,N,278
SYS,CDB_HIST_MEM_DYNAMIC_COMP,N,345
SYS,CDB_HIST_MEMORY_RESIZE_OPS,N,319
SYS,CDB_HIST_MEMORY_TARGET_ADVICE,N,271
SYS,CDB_HIST_METRIC_NAME,N,212
SYS,CDB_HIST_MTTR_TARGET_ADVICE,N,384
SYS,CDB_HIST_MUTEX_SLEEP,N,223
SYS,CDB_HIST_MVPARAMETER,N,259
SYS,CDB_HIST_OPTIMIZER_ENV,N,187
SYS,CDB_HIST_OSSTAT,N,201
SYS,CDB_HIST_OSSTAT_NAME,N,164
SYS,CDB_HIST_PARAMETER,N,245
SYS,CDB_HIST_PARAMETER_NAME,N,179
SYS,CDB_HIST_PDB_IN_SNAP,N,196
SYS,CDB_HIST_PDB_INSTANCE,N,266
SYS,CDB_HIST_PERSISTENT_QMN_CACHE,N,753
SYS,CDB_HIST_PERSISTENT_QUEUES,N,748
SYS,CDB_HIST_PERSISTENT_SUBS,N,557
SYS,CDB_HIST_PGASTAT,N,185
SYS,CDB_HIST_PGA_TARGET_ADVICE,N,361
SYS,CDB_HIST_PLAN_OPERATION_NAME,N,182
SYS,CDB_HIST_PLAN_OPTION_NAME,N,173
SYS,CDB_HIST_PROCESS_MEM_SUMMARY,N,364
SYS,CDB_HIST_PROCESS_WAITTIME,N,238
SYS,CDB_HIST_RECOVERY_PROGRESS,N,253
SYS,CDB_HIST_REPLICATION_TBL_STATS,N,370
SYS,CDB_HIST_REPLICATION_TXN_STATS,N,310
SYS,CDB_HIST_REPORTS,N,435
SYS,CDB_HIST_REPORTS_CONTROL,N,149
SYS,CDB_HIST_REPORTS_DETAILS,N,277
SYS,CDB_HIST_REPORTS_TIMEBANDS,N,403
SYS,CDB_HIST_RESOURCE_LIMIT,N,274
SYS,CDB_HIST_ROWCACHE_SUMMARY,N,363
SYS,CDB_HIST_RSRC_CONSUMER_GROUP,N,1150
SYS,CDB_HIST_RSRC_METRIC,N,568
SYS,CDB_HIST_RSRC_PDB_METRIC,N,677
SYS,CDB_HIST_RSRC_PLAN,N,303
SYS,CDB_HIST_RULE_SET,N,305
SYS,CDB_HIST_SEG_STAT,N,1635
SYS,CDB_HIST_SEG_STAT_OBJ,N,269
SYS,CDB_HIST_SERVICE_NAME,N,178
SYS,CDB_HIST_SERVICE_STAT,N,246
SYS,CDB_HIST_SERVICE_WAIT_CLASS,N,281
SYS,CDB_HIST_SESSMETRIC_HISTORY,N,309
SYS,CDB_HIST_SESS_NETWORK,N,735
SYS,CDB_HIST_SESS_SGA_STATS,N,256
SYS,CDB_HIST_SESS_TIME_STATS,N,287
SYS,CDB_HIST_SGA,N,181
SYS,CDB_HIST_SGASTAT,N,194
SYS,CDB_HIST_SGA_TARGET_ADVICE,N,250
SYS,CDB_HIST_SHARED_POOL_ADVICE,N,418
SYS,CDB_HIST_SHARED_SERVER_SUMMARY,N,479
SYS,CDB_HIST_SNAP_ERROR,N,200
SYS,CDB_HIST_SNAPSHOT,N,350
SYS,CDB_HIST_SQLBIND,N,358
SYS,CDB_HIST_SQL_BIND_METADATA,N,284
SYS,CDB_HIST_SQLCOMMAND_NAME,N,176
SYS,CDB_HIST_SQL_PLAN,N,659
SYS,CDB_HIST_SQLSTAT,N,1926
SYS,CDB_HIST_SQL_SUMMARY,N,244
SYS,CDB_HIST_SQLTEXT,N,175
SYS,CDB_HIST_SQL_WORKAREA_HSTGRM,N,315
SYS,CDB_HIST_STAT_NAME,N,162
SYS,CDB_HIST_STREAMS_APPLY_SUM,N,499
SYS,CDB_HIST_STREAMS_CAPTURE,N,369
SYS,CDB_HIST_STREAMS_POOL_ADVICE,N,302
SYS,CDB_HIST_SYSMETRIC_HISTORY,N,285
SYS,CDB_HIST_SYSMETRIC_SUMMARY,N,365
SYS,CDB_HIST_SYSSTAT,N,202
SYS,CDB_HIST_SYSTEM_EVENT,N,355
SYS,CDB_HIST_SYS_TIME_MODEL,N,209
SYS,CDB_HIST_TABLE_SETTINGS,N,163
SYS,CDB_HIST_TABLESPACE,N,235
SYS,CDB_HIST_TABLESPACE_STAT,N,282
SYS,CDB_HIST_TBSPC_SPACE_USAGE,N,251
SYS,CDB_HIST_TEMPFILE,N,213
SYS,CDB_HIST_TEMPSTATXS,N,382
SYS,CDB_HIST_THREAD,N,262
SYS,CDB_HIST_TOPLEVELCALL_NAME,N,188
SYS,CDB_HIST_UNDOSTAT,N,496
SYS,CDB_HIST_WAITCLASSMET_HISTORY,N,377
SYS,CDB_HIST_WAITSTAT,N,201
SYS,CDB_HIST_WR_CONTROL,N,216
SYS,CDB_HIST_WR_SETTINGS,N,152
SYS,CDB_HOST_ACES,N,276
SYS,CDB_HOST_ACLS,N,181
SYS,CDB_IDENTIFIERS,N,511
SYS,CDB_ILMDATAMOVEMENTPOLICIES,N,331
SYS,CDB_ILMEVALUATIONDETAILS,N,270
SYS,CDB_ILMOBJECTS,N,261
SYS,CDB_ILMPARAMETERS,N,133
SYS,CDB_ILMPOLICIES,N,183
SYS,CDB_ILMRESULTS,N,213
SYS,CDB_ILMTASKS,N,199
SYS,CDB_IMMUTABLE_TABLES,N,222
SYS,CDB_IND_COLUMNS,N,279
SYS,CDB_IND_COLUMNS_V$,N,282
SYS,CDB_INDEXES,N,1132
SYS,CDB_IND_EXPRESSIONS,N,198
SYS,CDB_INDEXTYPE_ARRAYTYPES,N,246
SYS,CDB_INDEXTYPE_COMMENTS,N,161
SYS,CDB_INDEXTYPE_OPERATORS,N,200
SYS,CDB_INDEXTYPES,N,315
SYS,CDB_INDEX_USAGE,N,537
SYS,CDB_IND_PARTITIONS,N,842
SYS,CDB_IND_PENDING_STATS,N,385
SYS,CDB_IND_STATISTICS,N,571
SYS,CDB_IND_SUBPARTITIONS,N,813
SYS,CDB_INMEMORY_AIMTASKDETAILS,N,209
SYS,CDB_INMEMORY_AIMTASKS,N,158
SYS,CDB_INTERNAL_TRIGGERS,N,174
SYS,CDB_INVALID_OBJECTS,N,547
SYS,CDB_JAVA_ARGUMENTS,N,238
SYS,CDB_JAVA_CLASSES,N,312
SYS,CDB_JAVA_COMPILER_OPTIONS,N,158
SYS,CDB_JAVA_DERIVATIONS,N,174
SYS,CDB_JAVA_FIELDS,N,315
SYS,CDB_JAVA_IMPLEMENTS,N,174
SYS,CDB_JAVA_INNERS,N,346
SYS,CDB_JAVA_LAYOUTS,N,244
SYS,CDB_JAVA_METHODS,N,397
SYS,CDB_JAVA_NCOMPS,N,186
SYS,CDB_JAVA_POLICY,N,203
SYS,CDB_JAVA_RESOLVERS,N,172
SYS,CDB_JAVA_THROWS,N,204
SYS,CDB_JOBS,N,336
SYS,CDB_JOBS_RUNNING,N,209
SYS,CDB_JOINGROUPS,N,222
SYS,CDB_JOIN_IND_COLUMNS,N,280
SYS,CDB_JSON_COLUMNS,N,195
SYS,CDB_JSON_DATAGUIDE_FIELDS,N,192
SYS,CDB_JSON_DATAGUIDES,N,171
SYS,CDB_KEEPSIZES,N,141
SYS,CDB_KGLLOCK,N,174
SYS,CDB_LIBRARIES,N,220
SYS,CDB_LMT_FREE_SPACE,N,169
SYS,CDB_LMT_USED_EXTENTS,N,218
SYS,CDB_LOB_PARTITIONS,N,664
SYS,CDB_LOBS,N,462
SYS,CDB_LOB_SUBPARTITIONS,N,688
SYS,CDB_LOB_TEMPLATES,N,223
SYS,CDB_LOCAL_ADMIN_PRIVS,N,547
SYS,CDB_LOCK,N,230
SYS,CDB_LOCKDOWN_PROFILES,N,279
SYS,CDB_LOCK_INTERNAL,N,202
SYS,CDB_LOG_GROUP_COLUMNS,N,212
SYS,CDB_LOG_GROUPS,N,199
SYS,CDB_LOGMNR_LOG,N,349
SYS,CDB_LOGMNR_PROFILE_PLSQL_STATS,N,250
SYS,CDB_LOGMNR_PROFILE_TABLE_STATS,N,394
SYS,CDB_LOGMNR_PURGED_LOG,N,132
SYS,CDB_LOGMNR_SESSION,N,341
SYS,CDB_LOGSTDBY_EDS_SUPPORTED,N,148
SYS,CDB_LOGSTDBY_EDS_TABLES,N,155
SYS,CDB_LOGSTDBY_EVENTS,N,298
SYS,CDB_LOGSTDBY_HISTORY,N,284
SYS,CDB_LOGSTDBY_LOG,N,336
SYS,CDB_LOGSTDBY_NOT_UNIQUE,N,160
SYS,CDB_LOGSTDBY_PARAMETERS,N,172
SYS,CDB_LOGSTDBY_PLSQL_MAP,N,201
SYS,CDB_LOGSTDBY_PLSQL_SUPPORT,N,164
SYS,CDB_LOGSTDBY_PROGRESS,N,327
SYS,CDB_LOGSTDBY_SKIP,N,191
SYS,CDB_LOGSTDBY_SKIP_TRANSACTION,N,172
SYS,CDB_LOGSTDBY_SUPPORT_MODE,N,180
SYS,CDB_LOGSTDBY_UNSUPPORTED,N,191
SYS,CDB_LOGSTDBY_UNSUPPORTED_TABLE,N,168
SYS,CDB_MEASURE_FOLDER_CONTENTS,N,218
SYS,CDB_MEASURE_FOLDERS,N,188
SYS,CDB_MEASURE_FOLDER_SUBFOLDERS,N,215
SYS,CDB_METADATA_PROPERTIES,N,238
SYS,CDB_METHOD_PARAMS,N,294
SYS,CDB_METHOD_RESULTS,N,255
SYS,CDB_MINING_MODEL_ATTRIBUTES,N,296
SYS,CDB_MINING_MODEL_PARTITIONS,N,235
SYS,CDB_MINING_MODELS,N,273
SYS,CDB_MINING_MODEL_SETTINGS,N,199
SYS,CDB_MINING_MODEL_TABLES,N,175
SYS,CDB_MINING_MODEL_VIEWS,N,172
SYS,CDB_MINING_MODEL_XFORMS,N,232
SYS,CDB_MVIEW_AGGREGATES,N,220
SYS,CDB_MVIEW_ANALYSIS,N,441
SYS,CDB_MVIEW_COMMENTS,N,153
SYS,CDB_MVIEW_DETAIL_PARTITION,N,279
SYS,CDB_MVIEW_DETAIL_RELATIONS,N,302
SYS,CDB_MVIEW_DETAIL_SUBPARTITION,N,292
SYS,CDB_MVIEW_JOINS,N,302
SYS,CDB_MVIEW_KEYS,N,279
SYS,CDB_MVIEW_LOG_FILTER_COLS,N,157
SYS,CDB_MVIEW_LOGS,N,447
SYS,CDB_MVIEW_REFRESH_TIMES,N,184
SYS,CDB_MVIEWS,N,860
SYS,CDB_MVREF_CHANGE_STATS,N,306
SYS,CDB_MVREF_RUN_STATS,N,488
SYS,CDB_MVREF_STATS,N,346
SYS,CDB_MVREF_STATS_PARAMS,N,186
SYS,CDB_MVREF_STATS_SYS_DEFAULTS,N,154
SYS,CDB_MVREF_STMT_STATS,N,223
SYS,CDB_NESTED_TABLE_COLS,N,710
SYS,CDB_NESTED_TABLES,N,285
SYS,CDB_NETWORK_ACL_PRIVILEGES,N,235
SYS,CDB_NETWORK_ACLS,N,184
SYS,CDB_OBJ_AUDIT_OPTS,N,285
SYS,CDB_OBJ_COLATTRS,N,172
SYS,CDB$OBJECTS,N,230
SYS,CDB_OBJECTS,N,539
SYS,CDB_OBJECTS_AE,N,542
SYS,CDB_OBJECT_SIZE,N,201
SYS,CDB_OBJECT_TABLES,N,1276
SYS,CDB_OBJECT_USAGE,N,217
SYS,CDB_OGG_AUTO_CAPTURED_TABLES,N,168
SYS,CDB_OLDIMAGE_COLUMNS,N,158
SYS,CDB_OPANCILLARY,N,203
SYS,CDB_OPARGUMENTS,N,184
SYS,CDB_OPBINDINGS,N,272
SYS,CDB_OPERATOR_COMMENTS,N,159
SYS,CDB_OPERATORS,N,158
SYS,CDB_OPTSTAT_OPERATIONS,N,228
SYS,CDB_OPTSTAT_OPERATION_TASKS,N,327
SYS,CDB_OUTLINE_HINTS,N,174
SYS,CDB_OUTLINES,N,241
SYS,CDB_OUTSTANDING_ALERTS,N,584
SYS,CDB_PARALLEL_EXECUTE_CHUNKS,N,301
SYS,CDB_PARALLEL_EXECUTE_TASKS,N,389
SYS,CDB_PART_COL_STATISTICS,N,374
SYS,CDB_PART_HISTOGRAMS,N,295
SYS,CDB_PARTIAL_DROP_TABS,N,143
SYS,CDB_PART_INDEXES,N,749
SYS,CDB_PART_KEY_COLUMNS,N,211
SYS,CDB_PART_KEY_COLUMNS_V$,N,214
SYS,CDB_PART_LOBS,N,643
SYS,CDB_PART_TABLES,N,1068
SYS,CDB_PDB_HISTORY,N,389
SYS,CDB_PDBS,N,694
SYS,CDB_PDB_SAVED_STATES,N,194
SYS,CDB_PDB_SNAPSHOTFILE,N,178
SYS,CDB_PDB_SNAPSHOTS,N,268
SYS,CDB_PENDING_CONV_TABLES,N,145
SYS,CDB_PENDING_TRANSACTIONS,N,160
SYS,CDB_PLSQL_COLL_TYPES,N,386
SYS,CDB_PLSQL_OBJECT_SETTINGS,N,312
SYS,CDB_PLSQL_TYPE_ATTRS,N,335
SYS,CDB_PLSQL_TYPES,N,213
SYS,CDB_POLICIES,N,357
SYS,CDB_POLICY_ATTRIBUTES,N,237
SYS,CDB_POLICY_CONTEXTS,N,202
SYS,CDB_POLICY_GROUPS,N,189
SYS,CDB_PRIVATE_TEMP_TABLES,N,298
SYS,CDB_PRIV_AUDIT_OPTS,N,183
SYS,CDB_PRIV_CAPTURES,N,185
SYS,CDB_PROCEDURES,N,447
SYS,CDB_PROFILES,N,241
SYS,CDB_PROPAGATION,N,543
SYS,CDB_PROPERTIES,N,169
SYS,CDB_PROXIES,N,206
SYS,CDB_PTC_APPLY_PROGRESS,N,212
SYS,CDB_QUEUE_PUBLISHERS,N,306
SYS,CDB_QUEUES,N,331
SYS,CDB_QUEUE_SCHEDULES,N,695
SYS,_CDB_QUEUE_STATS1,N,200
SYS,CDB_QUEUE_SUBSCRIBERS,N,329
SYS,CDB_QUEUE_TABLES,N,342
SYS,CDB_RCHILD,N,149
SYS,CDB_RECOVERABLE_SCRIPT,N,306
SYS,CDB_RECOVERABLE_SCRIPT_BLOCKS,N,263
SYS,CDB_RECOVERABLE_SCRIPT_ERRORS,N,213
SYS,CDB_RECOVERABLE_SCRIPT_HIST,N,311
SYS,CDB_RECOVERABLE_SCRIPT_PARAMS,N,180
SYS,CDB_RECYCLEBIN,N,333
SYS,CDB_REDEFINITION_ERRORS,N,262
SYS,CDB_REDEFINITION_OBJECTS,N,277
SYS,CDB_REDEFINITION_STATUS,N,359
SYS,CDB_REDO_DB,N,611
SYS,CDB_REDO_LOG,N,594
SYS,CDB_REFRESH,N,333
SYS,CDB_REFRESH_CHILDREN,N,370
SYS,CDB_REFS,N,237
SYS,CDB_REGISTERED_ARCHIVED_LOG,N,367
SYS,CDB_REGISTERED_MVIEWS,N,226
SYS,CDB_REGISTERED_SNAPSHOTS,N,235
SYS,CDB_REGISTRY,N,283
SYS,CDB_REGISTRY_BACKPORTS,N,208
SYS,CDB_REGISTRY_DATABASE,N,164
SYS,CDB_REGISTRY_DEPENDENCIES,N,182
SYS,CDB_REGISTRY_ERROR,N,194
SYS,CDB_REGISTRY_HIERARCHY,N,198
SYS,CDB_REGISTRY_HISTORY,N,208
SYS,CDB_REGISTRY_LOG,N,176
SYS,CDB_REGISTRY_PROGRESS,N,190
SYS,CDB_REGISTRY_SCHEMAS,N,154
SYS,CDB_REGISTRY_SQLPATCH,N,457
SYS,CDB_REGISTRY_SQLPATCH_RU_INFO,N,257
SYS,CDB_REPLAY_UPGRADE_ERRORS,N,265
SYS,CDB_REPL_DBNAME_MAPPING,N,192
SYS,CDB_REPLICATION_PROCESS_EVENTS,N,259
SYS,CDB_RESOURCE_INCARNATIONS,N,240
SYS,CDB_RESUMABLE,N,425
SYS,CDB_REWRITE_EQUIVALENCES,N,194
SYS,CDB_RGROUP,N,292
SYS,CDB_ROLE_PRIVS,N,219
SYS,CDB_ROLES,N,251
SYS,CDB_ROLLBACK_SEGS,N,330
SYS,CDB_ROLLING_DATABASES,N,355
SYS,CDB_ROLLING_EVENTS,N,198
SYS,CDB_ROLLING_PARAMETERS,N,218
SYS,CDB_ROLLING_PLAN,N,281
SYS,CDB_ROLLING_STATISTICS,N,154
SYS,CDB_ROLLING_STATUS,N,406
SYS,CDB_ROLLING_SUPPORT_MODE,N,179
SYS,CDB_ROLLING_UNSUPPORTED,N,190
SYS,CDB$ROOTDEPS,N,400
SYS,CDB_ROPP$X$KCCAL,N,343
SYS,CDB_ROPP$X$KCCBF,N,436
SYS,CDB_ROPP$X$KCCBI,N,256
SYS,CDB_ROPP$X$KCCBL,N,311
SYS,CDB_ROPP$X$KCCBLKCOR,N,304
SYS,CDB_ROPP$X$KCCBP,N,321
SYS,CDB_ROPP$X$KCCBS,N,297
SYS,CDB_ROPP$X$KCCCC,N,247
SYS,CDB_ROPP$X$KCCDC,N,455
SYS,CDB_ROPP$X$KCCDI,N,758
SYS,CDB_ROPP$X$KCCDI2,N,1186
SYS,CDB_ROPP$X$KCCFC,N,255
SYS,CDB_ROPP$X$KCCFE,N,727
SYS,CDB_ROPP$X$KCCFN,N,255
SYS,CDB_ROPP$X$KCCIC,N,292
SYS,CDB_ROPP$X$KCCLE,N,327
SYS,CDB_ROPP$X$KCCLH,N,270
SYS,CDB_ROPP$X$KCCOR,N,326
SYS,CDB_ROPP$X$KCCPA,N,367
SYS,CDB_ROPP$X$KCCPD,N,452
SYS,CDB_ROPP$X$KCCPDB,N,966
SYS,CDB_ROPP$X$KCCPIC,N,440
SYS,CDB_ROPP$X$KCCRSR,N,306
SYS,CDB_ROPP$X$KCCRT,N,409
SYS,CDB_ROPP$X$KCCSL,N,303
SYS,CDB_ROPP$X$KCCTF,N,311
SYS,CDB_ROPP$X$KCCTIR,N,186
SYS,CDB_ROPP$X$KCCTKH,N,296
SYS,CDB_ROPP$X$KCCTS,N,247
SYS,CDB_ROPP$X$KCPDBINC,N,374
SYS,CDB_ROPP$X$KCVDF,N,1951
SYS,CDB_ROPP$X$KCVFH,N,1094
SYS,CDB_ROPP$X$KCVFHALL,N,1097
SYS,CDB_ROPP$X$KCVFHTMP,N,346
SYS,CDB_RPP$X$KCCAL,N,441
SYS,CDB_RPP$X$KCCBF,N,556
SYS,CDB_RPP$X$KCCBI,N,332
SYS,CDB_RPP$X$KCCBL,N,401
SYS,CDB_RPP$X$KCCBLKCOR,N,386
SYS,CDB_RPP$X$KCCBP,N,413
SYS,CDB_RPP$X$KCCBS,N,383
SYS,CDB_RPP$X$KCCCC,N,321
SYS,CDB_RPP$X$KCCDC,N,579
SYS,CDB_RPP$X$KCCDI,N,950
SYS,CDB_RPP$X$KCCDI2,N,1382
SYS,CDB_RPP$X$KCCFC,N,331
SYS,CDB_RPP$X$KCCFE,N,895
SYS,CDB_RPP$X$KCCFN,N,331
SYS,CDB_RPP$X$KCCIC,N,376
SYS,CDB_RPP$X$KCCLE,N,421
SYS,CDB_RPP$X$KCCLH,N,350
SYS,CDB_RPP$X$KCCOR,N,412
SYS,CDB_RPP$X$KCCPA,N,471
SYS,CDB_RPP$X$KCCPD,N,576
SYS,CDB_RPP$X$KCCPDB,N,1146
SYS,CDB_RPP$X$KCCPIC,N,538
SYS,CDB_RPP$X$KCCRSR,N,394
SYS,CDB_RPP$X$KCCRT,N,513
SYS,CDB_RPP$X$KCCSL,N,389
SYS,CDB_RPP$X$KCCTF,N,399
SYS,CDB_RPP$X$KCCTIR,N,244
SYS,CDB_RPP$X$KCCTKH,N,372
SYS,CDB_RPP$X$KCCTS,N,321
SYS,CDB_RPP$X$KCPDBINC,N,468
SYS,CDB_RPP$X$KCVDF,N,2291
SYS,CDB_RPP$X$KCVFH,N,1344
SYS,CDB_RPP$X$KCVFHALL,N,1347
SYS,CDB_RPP$X$KCVFHTMP,N,436
SYS,CDB_RSRC_CAPABILITY,N,158
SYS,CDB_RSRC_CATEGORIES,N,163
SYS,CDB_RSRC_CONSUMER_GROUP_PRIVS,N,191
SYS,CDB_RSRC_CONSUMER_GROUPS,N,261
SYS,CDB_RSRC_GROUP_MAPPINGS,N,174
SYS,CDB_RSRC_INSTANCE_CAPABILITY,N,170
SYS,CDB_RSRC_IO_CALIBRATE,N,241
SYS,CDB_RSRC_MANAGER_SYSTEM_PRIVS,N,169
SYS,CDB_RSRC_MAPPING_PRIORITY,N,160
SYS,CDB_RSRC_PLAN_DIRECTIVES,N,920
SYS,CDB_RSRC_PLANS,N,310
SYS,CDB_RSRC_STORAGE_POOL_MAPPING,N,175
SYS,CDB_RULES,N,238
SYS,CDB_RULE_SET_RULES,N,298
SYS,CDB_RULE_SETS,N,231
SYS,CDB_RULESETS,N,197
SYS,_CDB_RULES1,N,160
SYS,CDB_SCHEDULER_CHAIN_RULES,N,214
SYS,CDB_SCHEDULER_CHAINS,N,286
SYS,CDB_SCHEDULER_CHAIN_STEPS,N,496
SYS,CDB_SCHEDULER_CREDENTIALS,N,215
SYS,CDB_SCHEDULER_DB_DESTS,N,219
SYS,CDB_SCHEDULER_DESTS,N,193
SYS,CDB_SCHEDULER_EXTERNAL_DESTS,N,218
SYS,CDB_SCHEDULER_FILE_WATCHERS,N,360
SYS,CDB_SCHEDULER_GLOBAL_ATTRIBUTE,N,156
SYS,CDB_SCHEDULER_GROUP_MEMBERS,N,165
SYS,CDB_SCHEDULER_GROUPS,N,204
SYS,CDB_SCHEDULER_INCOMPAT_MEMBER,N,210
SYS,CDB_SCHEDULER_INCOMPATS,N,224
SYS,CDB_SCHEDULER_JOB_ARGS,N,227
SYS,CDB_SCHEDULER_JOB_CLASSES,N,238
SYS,CDB_SCHEDULER_JOB_DESTS,N,399
SYS,CDB_SCHEDULER_JOB_LOG,N,362
SYS,CDB_SCHEDULER_JOB_ROLES,N,428
SYS,CDB_SCHEDULER_JOB_RUN_DETAILS,N,484
SYS,CDB_SCHEDULER_JOBS,N,1351
SYS,CDB_SCHEDULER_NOTIFICATIONS,N,278
SYS,CDB_SCHEDULER_PROGRAM_ARGS,N,266
SYS,CDB_SCHEDULER_PROGRAMS,N,370
SYS,CDB_SCHEDULER_REMOTE_DATABASES,N,181
SYS,CDB_SCHEDULER_REMOTE_JOBSTATE,N,281
SYS,CDB_SCHEDULER_RESOURCES,N,229
SYS,CDB_SCHEDULER_RSC_CONSTRAINTS,N,211
SYS,CDB_SCHEDULER_RUNNING_CHAINS,N,413
SYS,CDB_SCHEDULER_RUNNING_JOBS,N,418
SYS,CDB_SCHEDULER_SCHEDULES,N,357
SYS,CDB_SCHEDULER_WINDOW_DETAILS,N,292
SYS,CDB_SCHEDULER_WINDOW_GROUPS,N,213
SYS,CDB_SCHEDULER_WINDOW_LOG,N,259
SYS,CDB_SCHEDULER_WINDOWS,N,415
SYS,CDB_SCHEDULER_WINGROUP_MEMBERS,N,165
SYS,CDB_SECONDARY_OBJECTS,N,229
SYS,CDB_SEC_RELEVANT_COLS,N,246
SYS,CDB_SECUREFILE_LOG_INSTANCES,N,322
SYS,CDB_SECUREFILE_LOG_PARTITIONS,N,356
SYS,CDB_SECUREFILE_LOGS,N,299
SYS,CDB_SECUREFILE_LOG_TABLES,N,463
SYS,CDB_SEGMENTS,N,632
SYS,CDB_SEGMENTS_OLD,N,413
SYS,CDB_SENSITIVE_COLUMN_TYPES,N,181
SYS,CDB_SENSITIVE_DATA,N,236
SYS,CDB_SEQUENCES,N,333
SYS,CDB_SERVER_REGISTRY,N,276
SYS,CDB_SERVICES,N,787
SYS,CDB_SNAPSHOT_LOGS,N,303
SYS,CDB_SNAPSHOTS,N,474
SYS,CDB_SOURCE,N,171
SYS,CDB_SOURCE_AE,N,191
SYS,CDB_SQLJ_TYPE_ATTRS,N,318
SYS,CDB_SQLJ_TYPE_METHODS,N,293
SYS,CDB_SQLJ_TYPES,N,351
SYS,CDB_SQL_MANAGEMENT_CONFIG,N,195
SYS,CDB_SQL_MONITOR_USAGE,N,254
SYS,CDB_SQL_PATCHES,N,316
SYS,CDB_SQL_PLAN_BASELINES,N,582
SYS,CDB_SQL_PLAN_DIRECTIVES,N,237
SYS,CDB_SQL_PLAN_DIR_OBJECTS,N,212
SYS,CDB_SQL_PROFILES,N,344
SYS,CDB_SQL_QUARANTINE,N,344
SYS,CDB_SQLSET,N,212
SYS,CDB_SQLSET_BINDS,N,271
SYS,CDB_SQLSET_PLANS,N,1315
SYS,CDB_SQLSET_REFERENCES,N,210
SYS,CDB_SQLSET_STATEMENTS,N,692
SYS,CDB_SQL_TRANSLATION_PROFILES,N,303
SYS,CDB_SQL_TRANSLATIONS,N,407
SYS,CDB_SQLTUNE_BINDS,N,153
SYS,CDB_SQLTUNE_PLANS,N,713
SYS,CDB_SQLTUNE_RATIONALE_PLAN,N,221
SYS,CDB_SQLTUNE_STATISTICS,N,391
SYS,CDB_SR_GRP_STATUS,N,378
SYS,CDB_SR_GRP_STATUS_ALL,N,416
SYS,CDB_SR_OBJ,N,169
SYS,CDB_SR_OBJ_ALL,N,191
SYS,CDB_SR_OBJ_STATUS,N,224
SYS,CDB_SR_OBJ_STATUS_ALL,N,262
SYS,CDB_SR_PARTN_OPS,N,222
SYS,CDB_SR_STLOG_EXCEPTIONS,N,215
SYS,CDB_SR_STLOG_STATS,N,222
SYS,CDB_SSCR_CAPTURE,N,337
SYS,CDB_SSCR_RESTORE,N,337
SYS,CDB_STATEMENTS,N,408
SYS,CDB_STAT_EXTENSIONS,N,200
SYS,CDB_STMT_AUDIT_OPTS,N,186
SYS,CDB_STORED_SETTINGS,N,221
SYS,CDB_STREAMS_ADD_COLUMN,N,277
SYS,CDB_STREAMS_ADMINISTRATOR,N,179
SYS,CDB_STREAMS_COLUMNS,N,241
SYS,CDB_STREAMS_DELETE_COLUMN,N,244
SYS,CDB_STREAMS_GLOBAL_RULES,N,260
SYS,CDB_STREAMS_KEEP_COLUMNS,N,243
SYS,CDB_STREAMS_MESSAGE_CONSUMERS,N,312
SYS,CDB_STREAMS_MESSAGE_RULES,N,275
SYS,CDB_STREAMS_NEWLY_SUPPORTED,N,175
SYS,CDB_STREAMS_RENAME_COLUMN,N,268
SYS,CDB_STREAMS_RENAME_SCHEMA,N,222
SYS,CDB_STREAMS_RENAME_TABLE,N,259
SYS,CDB_STREAMS_RULES,N,528
SYS,CDB_STREAMS_SCHEMA_RULES,N,276
SYS,CDB_STREAMS_SPLIT_MERGE,N,530
SYS,CDB_STREAMS_SPLIT_MERGE_HIST,N,593
SYS,CDB_STREAMS_STMT_HANDLERS,N,199
SYS,CDB_STREAMS_STMTS,N,208
SYS,CDB_STREAMS_TABLE_RULES,N,333
SYS,CDB_STREAMS_TP_COMPONENT,N,220
SYS,CDB_STREAMS_TP_COMPONENT_LINK,N,371
SYS,CDB_STREAMS_TP_COMPONENT_STAT,N,373
SYS,CDB_STREAMS_TP_DATABASE,N,210
SYS,CDB_STREAMS_TP_PATH_BOTTLENECK,N,359
SYS,CDB_STREAMS_TP_PATH_STAT,N,250
SYS,CDB_STREAMS_TRANSFORMATIONS,N,506
SYS,CDB_STREAMS_TRANSFORM_FUNCTION,N,215
SYS,CDB_STREAMS_UNSUPPORTED,N,174
SYS,CDB_SUBPART_COL_STATISTICS,N,380
SYS,CDB_SUBPART_HISTOGRAMS,N,301
SYS,CDB_SUBPARTITION_TEMPLATES,N,263
SYS,CDB_SUBPART_KEY_COLUMNS,N,214
SYS,CDB_SUBPART_KEY_COLUMNS_V$,N,217
SYS,CDB_SUBSCR_DUR_REGISTRATIONS,N,481
SYS,CDB_SUBSCR_REGISTRATIONS,N,477
SYS,CDB_SUMMARIES,N,391
SYS,CDB_SUMMARY_AGGREGATES,N,224
SYS,CDB_SUMMARY_DETAIL_TABLES,N,219
SYS,CDB_SUMMARY_JOINS,N,288
SYS,CDB_SUMMARY_KEYS,N,283
SYS,CDB_SUPPLEMENTAL_LOGGING,N,227
SYS,CDB_SYNC_CAPTURE,N,215
SYS,CDB_SYNC_CAPTURE_PREPARED_TABS,N,180
SYS,CDB_SYNC_CAPTURE_TABLES,N,163
SYS,CDB_SYNONYMS,N,197
SYS,CDB_SYS_PRIVS,N,178
SYS,CDB_TAB_COLS,N,884
SYS,CDB_TAB_COL_STATISTICS,N,364
SYS,CDB_TAB_COLS_V$,N,941
SYS,CDB_TAB_COLUMNS,N,740
SYS,CDB_TAB_COMMENTS,N,184
SYS,CDB_TAB_HISTGRM_PENDING_STATS,N,329
SYS,CDB_TAB_HISTOGRAMS,N,287
SYS,CDB_TAB_IDENTITY_COLS,N,218
SYS,CDB$TABLES,N,139
SYS,CDB_TABLES,N,1591
SYS,CDB_TABLESPACE_GROUPS,N,153
SYS,CDB_TABLESPACES,N,810
SYS,CDB_TABLESPACE_THRESHOLDS,N,293
SYS,CDB_TABLESPACE_USAGE_METRICS,N,197
SYS,CDB_TAB_MODIFICATIONS,N,272
SYS,CDB_TAB_PARTITIONS,N,1012
SYS,CDB_TAB_PENDING_STATS,N,309
SYS,CDB_TAB_PRIVS,N,235
SYS,CDB_TAB_STATISTICS,N,628
SYS,CDB_TAB_STAT_PREFS,N,181
SYS,CDB_TAB_STATS_HISTORY,N,206
SYS,CDB_TAB_SUBPARTITIONS,N,985
SYS,CDB_TEMP_FILES,N,323
SYS,CDB_TEMP_FREE_SPACE,N,214
SYS,CDB_THRESHOLDS,N,320
SYS,CDB_TRANSFORMATIONS,N,183
SYS,CDB_TRIGGER_COLS,N,228
SYS,CDB_TRIGGER_ORDERING,N,227
SYS,CDB_TRIGGERS,N,465
SYS,CDB_TRIGGERS_AE,N,485
SYS,CDB_TSDP_IMPORT_ERRORS,N,200
SYS,CDB_TSDP_POLICY_CONDITION,N,176
SYS,CDB_TSDP_POLICY_FEATURE,N,157
SYS,CDB_TSDP_POLICY_PARAMETER,N,196
SYS,CDB_TSDP_POLICY_PROTECTION,N,250
SYS,CDB_TSDP_POLICY_TYPE,N,152
SYS,CDB_TSM_DESTINATION,N,447
SYS,CDB_TSM_HISTORY,N,483
SYS,CDB_TSM_SOURCE,N,458
SYS,CDB_TS_QUOTAS,N,205
SYS,CDB_TSTZ_TAB_COLS,N,162
SYS,CDB_TSTZ_TABLES,N,161
SYS,CDB_TUNE_MVIEW,N,179
SYS,CDB_TYPE_ATTRS,N,290
SYS,CDB_TYPE_METHODS,N,266
SYS,CDB$TYPES,N,298
SYS,CDB_TYPES,N,345
SYS,CDB_TYPE_VERSIONS,N,206
SYS,CDB_UNDO_EXTENTS,N,282
SYS,CDB_UNUSED_COL_TABS,N,151
SYS,CDB_UNUSED_GRANTS,N,281
SYS,CDB_UNUSED_OBJPRIVS,N,262
SYS,CDB_UNUSED_OBJPRIVS_PATH,N,267
SYS,CDB_UNUSED_PRIVS,N,281
SYS,CDB_UNUSED_SYSPRIVS,N,197
SYS,CDB_UNUSED_SYSPRIVS_PATH,N,202
SYS,CDB_UNUSED_USERPRIVS,N,210
SYS,CDB_UNUSED_USERPRIVS_PATH,N,215
SYS,CDB_UPDATABLE_COLUMNS,N,202
SYS,CDB_UPGRADE_ERRORS,N,154
SYS,CDB_USED_OBJPRIVS,N,310
SYS,CDB_USED_OBJPRIVS_PATH,N,315
SYS,CDB_USED_PRIVS,N,329
SYS,CDB_USED_PUBPRIVS,N,288
SYS,CDB_USED_SYSPRIVS,N,245
SYS,CDB_USED_SYSPRIVS_PATH,N,250
SYS,CDB_USED_USERPRIVS,N,258
SYS,CDB_USED_USERPRIVS_PATH,N,263
SYS,CDB_USERS,N,618
SYS,CDB_USERS_WITH_DEFPWD,N,143
SYS,CDB_USTATS,N,262
SYS,CDB_VARRAYS,N,265
SYS,CDB_VIEWS,N,535
SYS,CDB_VIEWS_AE,N,555
SYS,CDB_WAITERS,N,259
SYS,CDB_WALLET_ACES,N,255
SYS,CDB_WALLET_ACLS,N,160
SYS,CDB_WARNING_SETTINGS,N,197
SYS,CDB_WI_CAPTURE_FILES,N,154
SYS,CDB_WI_JOBS,N,184
SYS,CDB_WI_OBJECTS,N,168
SYS,CDB_WI_PATTERN_ITEMS,N,220
SYS,CDB_WI_PATTERNS,N,186
SYS,CDB_WI_STATEMENTS,N,174
SYS,CDB_WI_TEMPLATE_EXECUTIONS,N,202
SYS,CDB_WI_TEMPLATES,N,159
SYS,CDB_WORKLOAD_ACTIVE_USER_MAP,N,178
SYS,CDB_WORKLOAD_CAPTURES,N,859
SYS,CDB_WORKLOAD_CONNECTION_MAP,N,203
SYS,CDB_WORKLOAD_DIV_SUMMARY,N,487
SYS,CDB_WORKLOAD_FILTERS,N,190
SYS,CDB_WORKLOAD_GROUP_ASSIGNMENTS,N,182
SYS,CDB_WORKLOAD_REPLAY_CLIENTS,N,175
SYS,CDB_WORKLOAD_REPLAY_DIVERGENCE,N,622
SYS,CDB_WORKLOAD_REPLAY_FILTER_SET,N,195
SYS,CDB_WORKLOAD_REPLAY_IFSLA,N,144
SYS,CDB_WORKLOAD_REPLAYS,N,1019
SYS,CDB_WORKLOAD_REPLAY_SCHEDULES,N,169
SYS,CDB_WORKLOAD_REPLAY_THREAD,N,487
SYS,CDB_WORKLOAD_SCHEDULE_CAPTURES,N,499
SYS,CDB_WORKLOAD_SCHEDULE_ORDERING,N,184
SYS,CDB_WORKLOAD_SQL_MAP,N,219
SYS,CDB_WORKLOAD_TRACKED_COMMITS,N,402
SYS,CDB_WORKLOAD_USER_MAP,N,185
SYS,CDB_XDS_ACL_REFRESH,N,305
SYS,CDB_XDS_ACL_REFSTAT,N,270
SYS,CDB_XDS_LATEST_ACL_REFSTAT,N,277
SYS,CDB_XML_INDEXES,N,291
SYS,CDB_XML_NESTED_TABLES,N,188
SYS,CDB_XML_OUT_OF_LINE_TABLES,N,186
SYS,CDB_XML_SCHEMA_ATTRIBUTES,N,264
SYS,CDB_XML_SCHEMA_COMPLEX_TYPES,N,315
SYS,CDB_XML_SCHEMA_DEPENDENCY,N,228
SYS,CDB_XML_SCHEMA_ELEMENTS,N,383
SYS,CDB_XML_SCHEMA_IMPORTS,N,225
SYS,CDB_XML_SCHEMA_INCLUDES,N,226
SYS,CDB_XMLSCHEMA_LEVEL_VIEW,N,176
SYS,CDB_XMLSCHEMA_LEVEL_VIEW_DUP,N,193
SYS,CDB_XML_SCHEMA_NAMESPACES,N,168
SYS,CDB_XML_SCHEMAS,N,233
SYS,CDB_XML_SCHEMA_SIMPLE_TYPES,N,207
SYS,CDB_XML_SCHEMA_SUBSTGRP_HEAD,N,200
SYS,CDB_XML_SCHEMA_SUBSTGRP_MBRS,N,300
SYS,CDB_XML_TAB_COLS,N,261
SYS,CDB_XML_TABLES,N,243
SYS,CDB_XMLTYPE_COLS,N,209
SYS,CDB_XML_VIEW_COLS,N,202
SYS,CDB_XML_VIEWS,N,182
SYS,CDB_XS_ACES,N,297
SYS,CDB_XS_ACL_PARAMETERS,N,231
SYS,CDB_XS_ACLS,N,244
SYS,CDB_XS_ACTIVE_SESSIONS,N,263
SYS,CDB_XS_APPLIED_POLICIES,N,250
SYS,CDB_XS_AUDIT_POLICY_OPTIONS,N,211
SYS,CDB_XS_COLUMN_CONSTRAINTS,N,173
SYS,CDB_XS_DYNAMIC_ROLES,N,201
SYS,CDB_XS_ENABLED_AUDIT_POLICIES,N,217
SYS,CDB_XS_EXTERNAL_PRINCIPALS,N,132
SYS,CDB_XS_IMPLIED_PRIVILEGES,N,202
SYS,CDB_XS_INHERITED_REALMS,N,253
SYS,CDB_XS_MODIFIED_POLICIES,N,143
SYS,CDB_XS_NS_TEMPLATE_ATTRIBUTES,N,209
SYS,CDB_XS_NS_TEMPLATES,N,228
SYS,CDB_XS_OBJECTS,N,157
SYS,CDB_XS_POLICIES,N,179
SYS,CDB_XS_PRINCIPALS,N,177
SYS,CDB_XS_PRIVILEGE_GRANTS,N,174
SYS,CDB_XS_PRIVILEGES,N,183
SYS,CDB_XS_PROXY_ROLES,N,203
SYS,CDB_XS_REALM_CONSTRAINTS,N,281
SYS,CDB_XS_ROLE_GRANTS,N,194
SYS,CDB_XS_ROLES,N,211
SYS,CDB_XS_SECURITY_CLASS_DEP,N,179
SYS,CDB_XS_SECURITY_CLASSES,N,155
SYS,CDB_XS_SESSION_NS_ATTRIBUTES,N,232
SYS,CDB_XS_SESSION_ROLES,N,140
SYS,CDB_XS_SESSIONS,N,233
SYS,CDB_XSTREAM_ADMINISTRATOR,N,216
SYS,CDB_XSTREAM_INBOUND,N,246
SYS,CDB_XSTREAM_INBOUND_PROGRESS,N,426
SYS,CDB_XSTREAM_OUTBOUND,N,371
SYS,CDB_XSTREAM_OUTBOUND_PROGRESS,N,290
SYS,CDB_XSTREAM_OUT_SUPPORT_MODE,N,184
SYS,CDB_XSTREAM_RULES,N,504
SYS,CDB_XSTREAM_SPLIT_MERGE,N,530
SYS,CDB_XSTREAM_SPLIT_MERGE_HIST,N,593
SYS,CDB_XSTREAM_STMT_HANDLERS,N,199
SYS,CDB_XSTREAM_STMTS,N,208
SYS,CDB_XSTREAM_TRANSFORMATIONS,N,506
SYS,CDB_XS_USERS,N,380
SYS,CDB_XTERNAL_LOC_PARTITIONS,N,219
SYS,CDB_XTERNAL_LOC_SUBPARTITIONS,N,250
SYS,CDB_XTERNAL_PART_TABLES,N,297
SYS,CDB_XTERNAL_TAB_PARTITIONS,N,317
SYS,CDB_XTERNAL_TAB_SUBPARTITIONS,N,291
SYS,CDB_ZONEMAP_AUTO_ACTIONS,N,188
SYS,CDB_ZONEMAP_AUTO_FINDINGS,N,238
SYS,CDB_ZONEMAP_MEASURES,N,204
SYS,CDB_ZONEMAPS,N,420
SYS,CDB_2PC_NEIGHBORS,N,217
SYS,CDB_2PC_PENDING,N,302
SYS,COAD$CUBE_MVIEWS,N,2624
SYS,COAD$INLINE_NOTNULL_CONS,N,985
SYS,COAD$MVIEWS_WITH_VIEWS,N,763
SYS,CODE_PIECES,N,316
SYS,CODE_SIZE,N,70
SYS,COL,N,2592
SYS,COLUMN_PRIVILEGES,N,1136
SYS,CRCSTATS_$,N,91
SYS,_CURRENT_EDITION_OBJ,N,2040
SYS,_CURRENT_EDITION_STUB,N,1007
SYS,DATABASE_COMPATIBLE_LEVEL,N,67
SYS,DATABASE_EXPORT_OBJECTS,N,319
SYS,DATABASE_EXPORT_PATHS,N,247
SYS,DATABASE_PROPERTIES,N,86
SYS,DATAPUMP_DDL_TRANSFORM_PARAMS,N,157
SYS,DATAPUMP_OBJECT_CONNECT,N,277
SYS,DATAPUMP_PATHMAP,N,40
SYS,DATAPUMP_PATHS,N,119
SYS,DATAPUMP_PATHS_VERSION,N,1232
SYS,DATAPUMP_REMAP_OBJECTS,N,112
SYS,DATAPUMP_TABLE_DATA,N,197
SYS,DBA_ACCHK_EVENTS,N,933
SYS,DBA_ACCHK_EVENTS_SUMMARY,N,1236
SYS,DBA_ACCHK_STATISTICS,N,1780
SYS,DBA_ACCHK_STATISTICS_SUMMARY,N,2479
SYS,DBA_ACL_NAME_MAP,N,105
SYS,DBA_ACTIVITY_CONFIG,N,120
SYS,DBA_ACTIVITY_MVIEW,N,670
SYS,DBA_ACTIVITY_SNAPSHOT_META,N,165
SYS,DBA_ACTIVITY_TABLE,N,916
SYS,DBA_ADDM_FDG_BREAKDOWN,N,524
SYS,DBA_ADDM_FINDINGS,N,635
SYS,DBA_ADDM_INSTANCES,N,471
SYS,DBA_ADDM_SYSTEM_DIRECTIVES,N,383
SYS,DBA_ADDM_TASK_DIRECTIVES,N,482
SYS,DBA_ADDM_TASKS,N,2765
SYS,DBA_ADVISOR_ACTIONS,N,1790
SYS,DBA_ADVISOR_COMMANDS,N,95
SYS,DBA_ADVISOR_DEFINITIONS,N,144
SYS,DBA_ADVISOR_DEF_PARAMETERS,N,947
SYS,DBA_ADVISOR_DIR_DEFINITIONS,N,757
SYS,DBA_ADVISOR_DIR_INSTANCES,N,205
SYS,DBA_ADVISOR_DIR_TASK_INST,N,362
SYS,DBA_ADVISOR_EXEC_PARAMETERS,N,1979
SYS,DBA_ADVISOR_EXECUTIONS,N,1412
SYS,DBA_ADVISOR_EXECUTION_TYPES,N,212
SYS,DBA_ADVISOR_FDG_BREAKDOWN,N,369
SYS,DBA_ADVISOR_FINDING_NAMES,N,294
SYS,DBA_ADVISOR_FINDINGS,N,1018
SYS,DBA_ADVISOR_JOURNAL,N,800
SYS,DBA_ADVISOR_LOG,N,1105
SYS,DBA_ADVISOR_OBJECTS,N,1579
SYS,DBA_ADVISOR_OBJECT_TYPES,N,97
SYS,DBA_ADVISOR_PARAMETERS,N,1260
SYS,DBA_ADVISOR_PARAMETERS_PROJ,N,810
SYS,DBA_ADVISOR_RATIONALE,N,723
SYS,DBA_ADVISOR_RECOMMENDATIONS,N,861
SYS,DBA_ADVISOR_SQLA_COLVOL,N,537
SYS,DBA_ADVISOR_SQLA_REC_SUM,N,428
SYS,DBA_ADVISOR_SQLA_TABLES,N,360
SYS,DBA_ADVISOR_SQLA_TABVOL,N,619
SYS,DBA_ADVISOR_SQLA_WK_MAP,N,289
SYS,DBA_ADVISOR_SQLA_WK_STMTS,N,1722
SYS,DBA_ADVISOR_SQLA_WK_SUM,N,427
SYS,DBA_ADVISOR_SQLPLANS,N,2330
SYS,DBA_ADVISOR_SQLSTATS,N,1954
SYS,DBA_ADVISOR_SQLW_COLVOL,N,567
SYS,DBA_ADVISOR_SQLW_JOURNAL,N,756
SYS,DBA_ADVISOR_SQLW_PARAMETERS,N,571
SYS,DBA_ADVISOR_SQLW_STMTS,N,1120
SYS,DBA_ADVISOR_SQLW_SUM,N,785
SYS,DBA_ADVISOR_SQLW_TABLES,N,378
SYS,DBA_ADVISOR_SQLW_TABVOL,N,677
SYS,DBA_ADVISOR_SQLW_TEMPLATES,N,471
SYS,DBA_ADVISOR_TASKS,N,1958
SYS,DBA_ADVISOR_TEMPLATES,N,426
SYS,DBA_ADVISOR_USAGE,N,316
SYS,DBA_ALERT_ARGUMENTS,N,593
SYS,DBA_ALERT_HISTORY,N,2259
SYS,DBA_ALERT_HISTORY_DETAIL,N,2303
SYS,DBA_ALL_TABLES,N,2107
SYS,DBA_ANALYTIC_VIEW_AGGR_DIMS,N,121
SYS,DBA_ANALYTIC_VIEW_AGGR_FNS,N,127
SYS,DBA_ANALYTIC_VIEW_ATTR_CLASS,N,180
SYS,DBA_ANALYTIC_VIEW_BASE_MEAS,N,190
SYS,DBA_ANALYTIC_VIEW_CALC_MEAS,N,125
SYS,DBA_ANALYTIC_VIEW_CLASS,N,118
SYS,DBA_ANALYTIC_VIEW_COLUMNS,N,258
SYS,DBA_ANALYTIC_VIEW_DIM_ATTRS,N,153
SYS,DBA_ANALYTIC_VIEW_DIM_CLASS,N,141
SYS,DBA_ANALYTIC_VIEW_DIMENSIONS,N,244
SYS,DBA_ANALYTIC_VIEW_FACT_COLS,N,134
SYS,DBA_ANALYTIC_VIEW_HIER_CLASS,N,152
SYS,DBA_ANALYTIC_VIEW_HIERS,N,150
SYS,DBA_ANALYTIC_VIEW_KEYS,N,158
SYS,DBA_ANALYTIC_VIEW_LEVEL_CLASS,N,170
SYS,DBA_ANALYTIC_VIEW_LEVELS,N,127
SYS,DBA_ANALYTIC_VIEW_LVLGRPS,N,221
SYS,DBA_ANALYTIC_VIEW_MEAS_CLASS,N,143
SYS,DBA_ANALYTIC_VIEWS,N,270
SYS,DBA_ANALYZE_OBJECTS,N,306
SYS,DBA_APP_ERRORS,N,370
SYS,DBA_APP_ERRORS_HISTORY,N,368
SYS,DBA_APPLICATION_ROLES,N,81
SYS,DBA_APPLICATIONS,N,1304
SYS,_DBA_APPLY,N,454
SYS,DBA_APPLY,N,2490
SYS,_DBA_APPLY_BATCH_SQL_STATS,N,635
SYS,_DBA_APPLY_CDR_INFO,N,429
SYS,_DBA_APPLY_CHANGE_HANDLERS,N,220
SYS,DBA_APPLY_CHANGE_HANDLERS,N,645
SYS,_DBA_APPLY_CONF_HDLR_COLUMNS,N,92
SYS,DBA_APPLY_CONFLICT_COLUMNS,N,684
SYS,_DBA_APPLY_CONSTRAINT_COLUMNS,N,161
SYS,_DBA_APPLY_COORDINATOR_STATS,N,718
SYS,_DBA_APPLY_DML_CONF_COLUMNS,N,80
SYS,DBA_APPLY_DML_CONF_COLUMNS,N,192
SYS,_DBA_APPLY_DML_CONF_HANDLERS,N,216
SYS,DBA_APPLY_DML_CONF_HANDLERS,N,603
SYS,DBA_APPLY_DML_HANDLERS,N,939
SYS,DBA_APPLY_ENQUEUE,N,174
SYS,_DBA_APPLY_ERROR,N,506
SYS,DBA_APPLY_ERROR,N,1461
SYS,_DBA_APPLY_ERROR_HANDLER,N,183
SYS,DBA_APPLY_ERROR_MESSAGES,N,1721
SYS,_DBA_APPLY_ERROR_TXN,N,370
SYS,DBA_APPLY_EXECUTE,N,202
SYS,_DBA_APPLY_HANDLE_COLLISIONS,N,148
SYS,DBA_APPLY_HANDLE_COLLISIONS,N,211
SYS,DBA_APPLY_INSTANTIATED_GLOBAL,N,114
SYS,DBA_APPLY_INSTANTIATED_OBJECTS,N,126
SYS,DBA_APPLY_INSTANTIATED_SCHEMAS,N,120
SYS,_DBA_APPLY_INST_GLOBAL,N,97
SYS,_DBA_APPLY_INST_OBJECTS,N,97
SYS,_DBA_APPLY_INST_SCHEMAS,N,103
SYS,DBA_APPLY_KEY_COLUMNS,N,78
SYS,_DBA_APPLY_MILESTONE,N,542
SYS,_DBA_APPLY_OBJECT_CONSTRAINTS,N,139
SYS,_DBA_APPLY_OBJECTS,N,205
SYS,DBA_APPLY_PARAMETERS,N,394
SYS,_DBA_APPLY_PROGRESS,N,143
SYS,DBA_APPLY_PROGRESS,N,384
SYS,_DBA_APPLY_READER_STATS,N,910
SYS,_DBA_APPLY_REPERROR_HANDLERS,N,176
SYS,DBA_APPLY_REPERROR_HANDLERS,N,439
SYS,_DBA_APPLY_SERVER_STATS,N,780
SYS,_DBA_APPLY_SOURCE_OBJ,N,208
SYS,_DBA_APPLY_SOURCE_SCHEMA,N,153
SYS,_DBA_APPLY_SPILL_TXN,N,214
SYS,DBA_APPLY_SPILL_TXN,N,234
SYS,_DBA_APPLY_TABLE_COLUMNS,N,97
SYS,DBA_APPLY_TABLE_COLUMNS,N,1063
SYS,_DBA_APPLY_TABLE_COLUMNS_H,N,1973
SYS,_DBA_APPLY_TABLE_STATS,N,747
SYS,DBA_APP_PATCHES,N,277
SYS,DBA_APP_PDB_STATUS,N,738
SYS,DBA_APP_STATEMENTS,N,194
SYS,DBA_APP_VERSIONS,N,216
SYS,DBA_AQ_AGENT_PRIVS,N,285
SYS,DBA_AQ_AGENTS,N,185
SYS,DBA_ARGUMENTS,N,407
SYS,DBA_ASSEMBLIES,N,375
SYS,DBA_ASSOCIATIONS,N,693
SYS,DBA_ATTRIBUTE_DIM_ATTR_CLASS,N,142
SYS,DBA_ATTRIBUTE_DIM_ATTRS,N,128
SYS,DBA_ATTRIBUTE_DIM_CLASS,N,122
SYS,DBA_ATTRIBUTE_DIMENSIONS,N,223
SYS,DBA_ATTRIBUTE_DIM_JOIN_PATHS,N,124
SYS,DBA_ATTRIBUTE_DIM_KEYS,N,147
SYS,DBA_ATTRIBUTE_DIM_LEVEL_ATTRS,N,142
SYS,DBA_ATTRIBUTE_DIM_LEVELS,N,195
SYS,DBA_ATTRIBUTE_DIM_LVL_CLASS,N,138
SYS,DBA_ATTRIBUTE_DIM_ORDER_ATTRS,N,160
SYS,DBA_ATTRIBUTE_DIM_TABLES,N,136
SYS,DBA_ATTRIBUTE_TRANSFORMATIONS,N,304
SYS,DBA_AUDIT_EXISTS,N,759
SYS,DBA_AUDIT_MGMT_CLEAN_EVENTS,N,613
SYS,DBA_AUDIT_MGMT_CLEANUP_JOBS,N,674
SYS,DBA_AUDIT_MGMT_CONFIG_PARAMS,N,949
SYS,DBA_AUDIT_MGMT_LAST_ARCH_TS,N,753
SYS,DBA_AUDIT_OBJECT,N,734
SYS,DBA_AUDIT_POLICIES,N,900
SYS,DBA_AUDIT_POLICY_COLUMNS,N,237
SYS,DBA_AUDIT_SESSION,N,343
SYS,DBA_AUDIT_STATEMENT,N,1119
SYS,DBA_AUDIT_TRAIL,N,3752
SYS,DBA_AUTO_INDEX_CONFIG,N,2764
SYS,DBA_AUTO_INDEX_EXECUTIONS,N,684
SYS,DBA_AUTO_INDEX_IND_ACTIONS,N,887
SYS,DBA_AUTO_INDEX_SQL_ACTIONS,N,872
SYS,DBA_AUTO_INDEX_STATISTICS,N,3490
SYS,DBA_AUTO_INDEX_VERIFICATIONS,N,2156
SYS,DBA_AUTO_MV_ANALYSIS_ACTIONS,N,396
SYS,DBA_AUTO_MV_ANALYSIS_EXECUTIONS,N,406
SYS,DBA_AUTO_MV_ANALYSIS_RECOMMENDATIONS,N,277
SYS,DBA_AUTO_MV_ANALYSIS_REPORT,N,178
SYS,DBA_AUTO_MV_ANALYSIS_TASK,N,538
SYS,DBA_AUTO_MV_CONFIG,N,2247
SYS,DBA_AUTO_MV_MAINT_REPORT,N,93
SYS,DBA_AUTO_MV_REFRESH_HISTORY,N,341
SYS,DBA_AUTO_MV_VERIFICATION_REPORT,N,194
SYS,DBA_AUTO_MV_VERIFICATION_STATUS,N,571
SYS,DBA_AUTO_SEGADV_CTL,N,288
SYS,DBA_AUTO_SEGADV_SUMMARY,N,183
SYS,DBA_AUTOSQLSET_ATTRNAME,N,39
SYS,DBA_AUTOSQLSET_OPTENV,N,58
SYS,DBA_AUTOSQLSET_SNAPSHOT,N,96
SYS,DBA_AUTOSQLSET_SNAPSHOT_ERROR,N,114
SYS,DBA_AUTOSQLSET_SQLPLAN,N,768
SYS,DBA_AUTOSQLSET_SQLSTAT,N,931
SYS,DBA_AUTOSQLSET_SQLTEXT,N,87
SYS,DBA_AUTO_STAT_EXECUTIONS,N,1076
SYS,DBA_AUTOTASK_CLIENT,N,7839
SYS,DBA_AUTOTASK_CLIENT_HISTORY,N,1228
SYS,DBA_AUTOTASK_CLIENT_JOB,N,1067
SYS,DBA_AUTOTASK_JOB_HISTORY,N,868
SYS,DBA_AUTOTASK_OPERATION,N,1662
SYS,DBA_AUTOTASK_SCHEDULE,N,1108
SYS,DBA_AUTOTASK_SCHEDULE_CONTROL,N,507
SYS,DBA_AUTOTASK_SETTINGS,N,193
SYS,DBA_AUTOTASK_STATUS,N,169
SYS,DBA_AUTOTASK_TASK,N,2451
SYS,DBA_AUTOTASK_WINDOW_CLIENTS,N,2420
SYS,DBA_AUTOTASK_WINDOW_HISTORY,N,1199
SYS,DBA_AUTO_ZONEMAP_CONFIG,N,1441
SYS,DBA_AW_OBJ,N,311
SYS,DBA_AW_PROP,N,459
SYS,DBA_AW_PS,N,208
SYS,DBA_AWS,N,723
SYS,DBA_BASE_TABLE_MVIEWS,N,385
SYS,DBA_BLOCKCHAIN_TABLE_EPOCHS,N,460
SYS,DBA_BLOCKCHAIN_TABLES,N,560
SYS,DBA_BLOCKERS,N,445
SYS,_DBA_CAPTURE,N,500
SYS,DBA_CAPTURE,N,3280
SYS,DBA_CAPTURE_EXTRA_ATTRIBUTES,N,257
SYS,DBA_CAPTURE_PARAMETERS,N,407
SYS,DBA_CAPTURE_PREPARED_DATABASE,N,606
SYS,DBA_CAPTURE_PREPARED_SCHEMAS,N,573
SYS,DBA_CAPTURE_PREPARED_TABLES,N,830
SYS,DBA_CATALOG,N,644
SYS,DBA_CDB_RSRC_PLAN_DIRECTIVES,N,723
SYS,DBA_CDB_RSRC_PLANS,N,204
SYS,DBA_CERTIFICATES,N,153
SYS,DBA_CHANGE_NOTIFICATION_REGS,N,115
SYS,DBA_CHECKED_ROLES,N,179
SYS,DBA_CHECKED_ROLES_PATH,N,178
SYS,DBA_CLU_COLUMNS,N,452
SYS,DBA_CLUSTER_HASH_EXPRESSIONS,N,142
SYS,DBA_CLUSTERING_DIMENSIONS,N,279
SYS,DBA_CLUSTERING_JOINS,N,573
SYS,DBA_CLUSTERING_KEYS,N,388
SYS,DBA_CLUSTERING_TABLES,N,433
SYS,DBA_CLUSTERS,N,456
SYS,DBA_CODE_ROLE_PRIVS,N,411
SYS,DBA_COL_COMMENTS,N,88
SYS,DBA_COLL_TYPES,N,1648
SYS,DBA_COL_PENDING_STATS,N,2912
SYS,DBA_COL_PRIVS,N,1922
SYS,DBA_COL_USAGE_STATISTICS,N,4247
SYS,DBA_COMMON_AUDIT_TRAIL,N,3706
SYS,DBA_COMPARISON,N,755
SYS,DBA_COMPARISON_COLUMNS,N,242
SYS,DBA_COMPARISON_ROW_DIF,N,266
SYS,_DBA_COMPARISON_SCAN,N,668
SYS,DBA_COMPARISON_SCAN,N,343
SYS,DBA_COMPARISON_SCAN_SUMMARY,N,731
SYS,DBA_COMPARISON_SCAN_VALUES,N,351
SYS,DBA_CONNECTION_TESTS,N,343
SYS,DBA_CONNECT_ROLE_GRANTEES,N,433
SYS,DBA_CONS_COLUMNS,N,575
SYS,DBA_CONSENSUS_CONFIG_CHANGES,N,379
SYS,DBA_CONSENSUS_LOGS,N,828
SYS,DBA_CONSENSUS_PEERS,N,270
SYS,DBA_CONS_OBJ_COLUMNS,N,1348
SYS,DBA_CONSTRAINTS,N,339
SYS,DBA_CONTAINER_DATA,N,1862
SYS,DBA_CONTEXT,N,87
SYS,DBA_CPOOL_INFO,N,300
SYS,DBA_CPU_USAGE_STATISTICS,N,210
SYS,DBA_CQ_NOTIFICATION_QUERIES,N,167
SYS,DBA_CREDENTIALS,N,207
SYS,DBA_CUBE_ATTRIBUTES,N,3053
SYS,DBA_CUBE_ATTR_MAPPINGS,N,1915
SYS,DBA_CUBE_ATTR_UNIQUE_KEYS,N,375
SYS,DBA_CUBE_ATTR_VISIBILITY,N,4914
SYS,DBA_CUBE_BUILD_PROCESSES,N,718
SYS,DBA_CUBE_CALCULATED_MEMBERS,N,499
SYS,DBA_CUBE_CLASSIFICATIONS,N,3460
SYS,DBA_CUBE_DEPENDENCIES,N,17168
SYS,DBA_CUBE_DESCRIPTIONS,N,3475
SYS,DBA_CUBE_DIMENSIONALITY,N,1193
SYS,DBA_CUBE_DIMENSIONS,N,1695
SYS,DBA_CUBE_DIM_LEVELS,N,574
SYS,DBA_CUBE_DIM_MAPPINGS,N,5446
SYS,DBA_CUBE_DIM_MODELS,N,622
SYS,DBA_CUBE_DIMNL_MAPPINGS,N,2101
SYS,DBA_CUBE_DIM_VIEW_COLUMNS,N,1577
SYS,DBA_CUBE_DIM_VIEWS,N,353
SYS,DBA_CUBE_HIERARCHIES,N,1560
SYS,DBA_CUBE_HIER_LEVELS,N,780
SYS,DBA_CUBE_HIER_VIEW_COLUMNS,N,2751
SYS,DBA_CUBE_HIER_VIEWS,N,452
SYS,DBA_CUBE_MAPPINGS,N,988
SYS,DBA_CUBE_MEAS_MAPPINGS,N,564
SYS,DBA_CUBE_MEASURES,N,2998
SYS,DBA_CUBE_NAMED_BUILD_SPECS,N,283
SYS,DBA_CUBES,N,2962
SYS,DBA_CUBE_SUB_PARTITION_LEVELS,N,4346
SYS,DBA_CUBE_VIEW_COLUMNS,N,4456
SYS,DBA_CUBE_VIEWS,N,342
SYS,DBA_DATA_FILES,N,1969
SYS,DBA_DATAPUMP_JOBS,N,1564
SYS,DBA_DATAPUMP_SESSIONS,N,161
SYS,DBA_DBFS_HS,N,59
SYS,DBA_DBFS_HS_COMMANDS,N,155
SYS,DBA_DBFS_HS_FIXED_PROPERTIES,N,125
SYS,DBA_DBFS_HS_PROPERTIES,N,160
SYS,DBA_DB_LINKS,N,332
SYS,DBA_DB_LINK_SOURCES,N,539
SYS,DBA_DDL_LOCKS,N,678
SYS,DBA_DEPENDENCIES,N,2513
SYS,DBA_DIGEST_VERIFIERS,N,528
SYS,DBA_DIM_ATTRIBUTES,N,304
SYS,DBA_DIM_CHILD_OF,N,922
SYS,DBA_DIMENSIONS,N,271
SYS,DBA_DIM_HIERARCHIES,N,125
SYS,DBA_DIM_JOIN_KEY,N,631
SYS,DBA_DIM_LEVEL_KEY,N,315
SYS,DBA_DIM_LEVELS,N,580
SYS,DBA_DIRECTORIES,N,84
SYS,DBA_DISCOVERY_SOURCE,N,86
SYS,DBA_DML_LOCKS,N,1427
SYS,DBA_DMT_FREE_SPACE,N,47
SYS,DBA_DMT_USED_EXTENTS,N,295
SYS,DBA_DV_STATUS,Y,62
SYS,DBA_EDITION_COMMENTS,N,98
SYS,DBA_EDITIONED_TYPES,N,460
SYS,DBA_EDITIONING_VIEW_COLS,N,1582
SYS,DBA_EDITIONING_VIEW_COLS_AE,N,1606
SYS,DBA_EDITIONING_VIEWS,N,412
SYS,DBA_EDITIONING_VIEWS_AE,N,436
SYS,DBA_EDITION_INHERITED_OBJECTS,N,5714
SYS,DBA_EDITIONS,N,157
SYS,DBA_ENABLED_AGGREGATIONS,N,225
SYS,DBA_ENABLED_TRACES,N,536
SYS,DBA_ENCRYPTED_COLUMNS,N,993
SYS,DBA_EPG_DAD_AUTHORIZATION,N,77
SYS,DBA_ERRORS,N,725
SYS,DBA_ERRORS_AE,N,744
SYS,DBA_ERROR_TRANSLATIONS,N,260
SYS,DBA_EVALUATION_CONTEXTS,N,156
SYS,DBA_EVALUATION_CONTEXT_TABLES,N,161
SYS,DBA_EVALUATION_CONTEXT_VARS,N,204
SYS,DBA_EXP_FILES,N,194
SYS,DBA_EXP_OBJECTS,N,534
SYS,DBA_EXPORT_OBJECTS,N,298
SYS,DBA_EXPORT_PATHS,N,73
SYS,DBA_EXPRESSION_STATISTICS,N,2195
SYS,DBA_EXP_VERSION,N,32
SYS,DBA_EXTENTS,N,1015
SYS,DBA_EXTERNAL_LOCATIONS,N,239
SYS,DBA_EXTERNAL_SCN_ACTIVITY,N,244
SYS,DBA_EXTERNAL_TABLES,N,919
SYS,DBA_FEATURE_USAGE_STATISTICS,N,659
SYS,DBA_FGA_AUDIT_TRAIL,N,576
SYS,DBA_FILE_GROUP_EXPORT_INFO,N,401
SYS,DBA_FILE_GROUP_FILES,N,413
SYS,DBA_FILE_GROUPS,N,258
SYS,DBA_FILE_GROUP_TABLES,N,366
SYS,DBA_FILE_GROUP_TABLESPACES,N,332
SYS,DBA_FILE_GROUP_VERSIONS,N,309
SYS,DBA_FLASHBACK_ARCHIVE,N,289
SYS,DBA_FLASHBACK_ARCHIVE_TABLES,N,310
SYS,DBA_FLASHBACK_ARCHIVE_TS,N,156
SYS,DBA_FLASHBACK_TXN_REPORT,N,209
SYS,DBA_FLASHBACK_TXN_STATE,N,358
SYS,DBA_FREE_SPACE,N,1885
SYS,DBA_FREE_SPACE_COALESCED,N,562
SYS,DBA_FREE_SPACE_COALESCED_TMP1,N,709
SYS,DBA_FREE_SPACE_COALESCED_TMP2,N,318
SYS,DBA_FREE_SPACE_COALESCED_TMP3,N,492
SYS,DBA_FREE_SPACE_COALESCED_TMP4,N,103
SYS,DBA_FREE_SPACE_COALESCED_TMP5,N,103
SYS,DBA_FREE_SPACE_COALESCED_TMP6,N,111
SYS,DBA_GG_AUTO_CDR_COLUMN_GROUPS,N,326
SYS,_DBA_GG_AUTO_CDR_COLUMNS,N,774
SYS,DBA_GG_AUTO_CDR_COLUMNS,N,131
SYS,_DBA_GG_AUTO_CDR_TABLES,N,368
SYS,DBA_GG_AUTO_CDR_TABLES,N,582
SYS,DBA_GG_INBOUND_PROGRESS,N,1025
SYS,DBA_GG_PROCEDURE_ANNOTATION,N,233
SYS,DBA_GG_PROC_OBJECT_EXCLUSION,N,137
SYS,DBA_GG_SUPPORTED_PACKAGES,N,168
SYS,DBA_GG_SUPPORTED_PROCEDURES,N,1500
SYS,_DBA_GGXSTREAM_INBOUND,N,760
SYS,_DBA_GGXSTREAM_OUTBOUND,N,1071
SYS,DBA_GLOBAL_CONTEXT,N,136
SYS,DBA_GOLDENGATE_CONTAINER_RULES,N,188
SYS,DBA_GOLDENGATE_INBOUND,N,797
SYS,DBA_GOLDENGATE_NOT_UNIQUE,N,5605
SYS,DBA_GOLDENGATE_PRIVILEGES,N,296
SYS,DBA_GOLDENGATE_RULES,N,2041
SYS,DBA_GOLDENGATE_SUPPORT_MODE,N,332
SYS,DBA_HANG_MANAGER_PARAMETERS,N,100
SYS,DBA_HEAT_MAP_SEG_HISTOGRAM,N,222
SYS,DBA_HEAT_MAP_SEGMENT,N,490
SYS,DBA_HEATMAP_TOP_OBJECTS,N,322
SYS,DBA_HEATMAP_TOP_TABLESPACES,N,286
SYS,DBA_HIERARCHIES,N,132
SYS,DBA_HIER_CLASS,N,112
SYS,DBA_HIER_COLUMNS,N,217
SYS,DBA_HIER_HIER_ATTR_CLASS,N,136
SYS,DBA_HIER_HIER_ATTRIBUTES,N,111
SYS,DBA_HIER_JOIN_PATHS,N,94
SYS,DBA_HIER_LEVEL_ID_ATTRS,N,145
SYS,DBA_HIER_LEVELS,N,86
SYS,DBA_HIGH_WATER_MARK_STATISTICS,N,317
SYS,DBA_HIST_ACTIVE_SESS_HISTORY,N,1919
SYS,DBA_HIST_APPLY_SUMMARY,N,509
SYS,DBA_HIST_ASH_SNAPSHOT,N,224
SYS,DBA_HIST_ASM_BAD_DISK,N,107
SYS,DBA_HIST_ASM_DISKGROUP,N,107
SYS,DBA_HIST_ASM_DISKGROUP_STAT,N,146
SYS,DBA_HIST_ASM_DISK_STAT_SUMMARY,N,238
SYS,DBA_HIST_BASELINE,N,241
SYS,DBA_HIST_BASELINE_DETAILS,N,309
SYS,DBA_HIST_BASELINE_METADATA,N,216
SYS,DBA_HIST_BASELINE_TEMPLATE,N,233
SYS,DBA_HIST_BG_EVENT_SUMMARY,N,195
SYS,DBA_HIST_BUFFERED_QUEUES,N,442
SYS,DBA_HIST_BUFFERED_SUBSCRIBERS,N,496
SYS,DBA_HIST_BUFFER_POOL_STAT,N,394
SYS,DBA_HIST_CAPTURE,N,323
SYS,DBA_HIST_CELL_CONFIG,N,134
SYS,DBA_HIST_CELL_CONFIG_DETAIL,N,133
SYS,DBA_HIST_CELL_DB,N,512
SYS,DBA_HIST_CELL_DISK_NAME,N,112
SYS,DBA_HIST_CELL_DISK_SUMMARY,N,1582
SYS,DBA_HIST_CELL_DISKTYPE,N,360
SYS,DBA_HIST_CELL_GLOBAL,N,139
SYS,DBA_HIST_CELL_GLOBAL_SUMMARY,N,427
SYS,DBA_HIST_CELL_IOREASON,N,185
SYS,DBA_HIST_CELL_IOREASON_NAME,N,91
SYS,DBA_HIST_CELL_METRIC_DESC,N,103
SYS,DBA_HIST_CELL_NAME,N,90
SYS,DBA_HIST_CELL_OPEN_ALERTS,N,160
SYS,DBA_HIST_CHANNEL_WAITS,N,149
SYS,DBA_HIST_CLUSTER_INTERCON,N,132
SYS,DBA_HIST_COLORED_SQL,N,70
SYS,DBA_HIST_COMP_IOSTAT,N,151
SYS,DBA_HIST_CON_SYSMETRIC_HIST,N,186
SYS,DBA_HIST_CON_SYSMETRIC_SUMM,N,256
SYS,DBA_HIST_CON_SYSSTAT,N,116
SYS,DBA_HIST_CON_SYSTEM_EVENT,N,255
SYS,DBA_HIST_CON_SYS_TIME_MODEL,N,123
SYS,DBA_HIST_CR_BLOCK_SERVER,N,322
SYS,DBA_HIST_CURRENT_BLOCK_SERVER,N,211
SYS,DBA_HIST_DATABASE_INSTANCE,N,265
SYS,DBA_HIST_DATAFILE,N,121
SYS,DBA_HIST_DB_CACHE_ADVICE,N,279
SYS,DBA_HIST_DISPATCHER,N,153
SYS,DBA_HIST_DLM_MISC,N,111
SYS,DBA_HIST_DYN_REMASTER_STATS,N,354
SYS,DBA_HIST_ENQUEUE_STAT,N,188
SYS,DBA_HIST_EVENT_HISTOGRAM,N,174
SYS,DBA_HIST_EVENT_NAME,N,149
SYS,DBA_HIST_FILEMETRIC_HISTORY,N,249
SYS,DBA_HIST_FILESTATXS,N,287
SYS,DBA_HIST_IC_CLIENT_STATS,N,127
SYS,DBA_HIST_IC_DEVICE_STATS,N,335
SYS,DBA_HIST_IM_SEG_STAT,N,263
SYS,DBA_HIST_IM_SEG_STAT_OBJ,N,157
SYS,DBA_HIST_INSTANCE_RECOVERY,N,516
SYS,DBA_HIST_INST_CACHE_TRANSFER,N,516
SYS,DBA_HIST_INTERCONNECT_PINGS,N,179
SYS,DBA_HIST_IOSTAT_DETAIL,N,346
SYS,DBA_HIST_IOSTAT_FILETYPE,N,458
SYS,DBA_HIST_IOSTAT_FILETYPE_NAME,N,97
SYS,DBA_HIST_IOSTAT_FUNCTION,N,318
SYS,DBA_HIST_IOSTAT_FUNCTION_NAME,N,97
SYS,DBA_HIST_JAVA_POOL_ADVICE,N,310
SYS,DBA_HIST_LATCH,N,236
SYS,DBA_HIST_LATCH_CHILDREN,N,245
SYS,DBA_HIST_LATCH_MISSES_SUMMARY,N,170
SYS,DBA_HIST_LATCH_NAME,N,83
SYS,DBA_HIST_LATCH_PARENT,N,243
SYS,DBA_HIST_LIBRARYCACHE,N,265
SYS,DBA_HIST_LMS_STATS,N,145
SYS,DBA_HIST_LOG,N,176
SYS,DBA_HIST_MEM_DYNAMIC_COMP,N,241
SYS,DBA_HIST_MEMORY_RESIZE_OPS,N,215
SYS,DBA_HIST_MEMORY_TARGET_ADVICE,N,177
SYS,DBA_HIST_METRIC_NAME,N,122
SYS,DBA_HIST_MTTR_TARGET_ADVICE,N,282
SYS,DBA_HIST_MUTEX_SLEEP,N,131
SYS,DBA_HIST_MVPARAMETER,N,163
SYS,DBA_HIST_OPTIMIZER_ENV,N,103
SYS,DBA_HIST_OSSTAT,N,111
SYS,DBA_HIST_OSSTAT_NAME,N,80
SYS,DBA_HIST_PARAMETER,N,151
SYS,DBA_HIST_PARAMETER_NAME,N,95
SYS,DBA_HIST_PDB_IN_SNAP,N,108
SYS,DBA_HIST_PDB_INSTANCE,N,170
SYS,DBA_HIST_PERSISTENT_QMN_CACHE,N,622
SYS,DBA_HIST_PERSISTENT_QUEUES,N,612
SYS,DBA_HIST_PERSISTENT_SUBS,N,435
SYS,DBA_HIST_PGASTAT,N,97
SYS,DBA_HIST_PGA_TARGET_ADVICE,N,261
SYS,DBA_HIST_PLAN_OPERATION_NAME,N,98
SYS,DBA_HIST_PLAN_OPTION_NAME,N,89
SYS,DBA_HIST_PROCESS_MEM_SUMMARY,N,260
SYS,DBA_HIST_PROCESS_WAITTIME,N,146
SYS,DBA_HIST_RECOVERY_PROGRESS,N,155
SYS,DBA_HIST_REPLICATION_TBL_STATS,N,264
SYS,DBA_HIST_REPLICATION_TXN_STATS,N,212
SYS,DBA_HIST_REPORTS,N,343
SYS,DBA_HIST_REPORTS_CONTROL,N,125
SYS,DBA_HIST_REPORTS_DETAILS,N,278
SYS,DBA_HIST_REPORTS_TIMEBANDS,N,322
SYS,DBA_HIST_RESOURCE_LIMIT,N,180
SYS,DBA_HIST_ROWCACHE_SUMMARY,N,253
SYS,DBA_HIST_RSRC_CONSUMER_GROUP,N,980
SYS,DBA_HIST_RSRC_METRIC,N,446
SYS,DBA_HIST_RSRC_PDB_METRIC,N,545
SYS,DBA_HIST_RSRC_PLAN,N,203
SYS,DBA_HIST_RULE_SET,N,203
SYS,DBA_HIST_SEG_STAT,N,1439
SYS,DBA_HIST_SEG_STAT_OBJ,N,171
SYS,DBA_HIST_SERVICE_NAME,N,94
SYS,DBA_HIST_SERVICE_STAT,N,152
SYS,DBA_HIST_SERVICE_WAIT_CLASS,N,185
SYS,DBA_HIST_SESSMETRIC_HISTORY,N,205
SYS,DBA_HIST_SESS_NETWORK,N,597
SYS,DBA_HIST_SESS_SGA_STATS,N,162
SYS,DBA_HIST_SESS_TIME_STATS,N,191
SYS,DBA_HIST_SGA,N,93
SYS,DBA_HIST_SGASTAT,N,104
SYS,DBA_HIST_SGA_TARGET_ADVICE,N,158
SYS,DBA_HIST_SHARED_POOL_ADVICE,N,316
SYS,DBA_HIST_SHARED_SERVER_SUMMARY,N,361
SYS,DBA_HIST_SNAP_ERROR,N,112
SYS,DBA_HIST_SNAPSHOT,N,248
SYS,DBA_HIST_SQLBIND,N,264
SYS,DBA_HIST_SQL_BIND_METADATA,N,184
SYS,DBA_HIST_SQLCOMMAND_NAME,N,92
SYS,DBA_HIST_SQL_PLAN,N,507
SYS,DBA_HIST_SQLSTAT,N,1690
SYS,DBA_HIST_SQL_SUMMARY,N,152
SYS,DBA_HIST_SQLTEXT,N,89
SYS,DBA_HIST_SQL_WORKAREA_HSTGRM,N,219
SYS,DBA_HIST_STAT_NAME,N,78
SYS,DBA_HIST_STREAMS_APPLY_SUM,N,389
SYS,DBA_HIST_STREAMS_CAPTURE,N,267
SYS,DBA_HIST_STREAMS_POOL_ADVICE,N,206
SYS,DBA_HIST_SYSMETRIC_HISTORY,N,185
SYS,DBA_HIST_SYSMETRIC_SUMMARY,N,255
SYS,DBA_HIST_SYSSTAT,N,112
SYS,DBA_HIST_SYSTEM_EVENT,N,251
SYS,DBA_HIST_SYS_TIME_MODEL,N,119
SYS,DBA_HIST_TABLE_SETTINGS,N,81
SYS,DBA_HIST_TABLESPACE,N,143
SYS,DBA_HIST_TABLESPACE_STAT,N,184
SYS,DBA_HIST_TBSPC_SPACE_USAGE,N,159
SYS,DBA_HIST_TEMPFILE,N,121
SYS,DBA_HIST_TEMPSTATXS,N,266
SYS,DBA_HIST_THREAD,N,166
SYS,DBA_HIST_TOPLEVELCALL_NAME,N,104
SYS,DBA_HIST_UNDOSTAT,N,372
SYS,DBA_HIST_WAITCLASSMET_HISTORY,N,269
SYS,DBA_HIST_WAITSTAT,N,111
SYS,DBA_HIST_WR_CONTROL,N,126
SYS,DBA_HIST_WR_SETTINGS,N,72
SYS,DBA_HOST_ACES,N,461
SYS,DBA_HOST_ACLS,N,218
SYS,DBA_IDENTIFIERS,N,376
SYS,DBA_ILMDATAMOVEMENTPOLICIES,N,2952
SYS,DBA_ILMEVALUATIONDETAILS,N,1596
SYS,DBA_ILMOBJECTS,N,1209
SYS,DBA_ILMPARAMETERS,N,48
SYS,DBA_ILMPOLICIES,N,552
SYS,DBA_ILMRESULTS,N,872
SYS,DBA_ILMTASKS,N,354
SYS,DBA_IM_EXPRESSIONS,N,679
SYS,DBA_IMMUTABLE_TABLES,N,378
SYS,DBA_IND_COLUMNS,N,186
SYS,DBA_IND_COLUMNS_V$,N,1226
SYS,DBA_INDEXES,N,6417
SYS,DBA_IND_EXPRESSIONS,N,716
SYS,DBA_INDEXTYPE_ARRAYTYPES,N,1212
SYS,DBA_INDEXTYPE_COMMENTS,N,162
SYS,DBA_INDEXTYPE_OPERATORS,N,251
SYS,DBA_INDEXTYPES,N,660
SYS,DBA_INDEX_USAGE,N,587
SYS,DBA_IND_PARTITIONS,N,7917
SYS,DBA_IND_PENDING_STATS,N,3187
SYS,DBA_IND_STATISTICS,N,17321
SYS,DBA_IND_SUBPARTITIONS,N,5815
SYS,DBA_INMEMORY_AIMTASKDETAILS,N,286
SYS,DBA_INMEMORY_AIMTASKS,N,115
SYS,DBA_INTERNAL_TRIGGERS,N,1220
SYS,DBA_INVALID_OBJECTS,N,506
SYS,DBA_JAVA_ARGUMENTS,N,614
SYS,DBA_JAVA_CLASSES,N,1342
SYS,DBA_JAVA_COMPILER_OPTIONS,N,165
SYS,DBA_JAVA_DERIVATIONS,N,347
SYS,DBA_JAVA_FIELDS,N,1215
SYS,DBA_JAVA_IMPLEMENTS,N,254
SYS,DBA_JAVA_INNERS,N,1922
SYS,DBA_JAVA_LAYOUTS,N,324
SYS,DBA_JAVA_METHODS,N,1629
SYS,DBA_JAVA_NCOMPS,N,371
SYS,DBA_JAVA_POLICY,N,352
SYS,DBA_JAVA_RESOLVERS,N,305
SYS,DBA_JAVA_THROWS,N,275
SYS,DBA_JOBS,N,1246
SYS,DBA_JOBS_RUNNING,N,1018
SYS,DBA_JOINGROUPS,N,719
SYS,DBA_JOIN_IND_COLUMNS,N,505
SYS,DBA_JSON_COLSTORAGE_STATS,N,490
SYS,DBA_JSON_COLUMNS,N,95
SYS,DBA_JSON_DATAGUIDE_FIELDS,N,83
SYS,DBA_JSON_DATAGUIDES,N,77
SYS,DBA_JSON_TABLE_COLS_COUNT,N,146
SYS,DBA_JSON_VIEW_COLS_COUNT,N,672
SYS,DBA_KEEPSIZES,N,269
SYS,DBA_KGLLOCK,N,166
SYS,DBA_LIBRARIES,N,123
SYS,DBA_LMT_FREE_SPACE,N,68
SYS,DBA_LMT_USED_EXTENTS,N,349
SYS,DBA_LOB_PARTITIONS,N,9133
SYS,DBA_LOBS,N,7855
SYS,DBA_LOB_SUBPARTITIONS,N,5661
SYS,DBA_LOB_TEMPLATES,N,620
SYS,DBA_LOCK,N,1466
SYS,DBA_LOCKDOWN_PROFILES,N,535
SYS,DBA_LOCK_INTERNAL,N,2663
SYS,DBA_LOG_GROUP_COLUMNS,N,471
SYS,DBA_LOG_GROUPS,N,759
SYS,DBA_LOGMNR_DICTIONARY_BUILDLOG,N,1569
SYS,DBA_LOGMNR_LOG,N,1351
SYS,DBA_LOGMNR_PROFILE_PLSQL_STATS,N,152
SYS,DBA_LOGMNR_PROFILE_TABLE_STATS,N,284
SYS,DBA_LOGMNR_PURGED_LOG,N,297
SYS,DBA_LOGMNR_SESSION,N,1537
SYS,DBA_LOGSTDBY_EDS_SUPPORTED,N,3075
SYS,DBA_LOGSTDBY_EDS_TABLES,N,63
SYS,DBA_LOGSTDBY_EVENTS,N,291
SYS,DBA_LOGSTDBY_HISTORY,N,405
SYS,DBA_LOGSTDBY_LOG,N,774
SYS,DBA_LOGSTDBY_NOT_UNIQUE,N,6390
SYS,DBA_LOGSTDBY_PARAMETERS,N,76
SYS,DBA_LOGSTDBY_PLSQL_MAP,N,258
SYS,DBA_LOGSTDBY_PLSQL_SUPPORT,N,289
SYS,DBA_LOGSTDBY_PROGRESS,N,3248
SYS,DBA_LOGSTDBY_SKIP,N,416
SYS,DBA_LOGSTDBY_SKIP_TRANSACTION,N,79
SYS,DBA_LOGSTDBY_SUPPORT_MODE,N,3382
SYS,DBA_LOGSTDBY_UNSUPPORTED,N,5589
SYS,DBA_LOGSTDBY_UNSUPPORTED_TABLE,N,3256
SYS,DBA_MEASURE_FOLDER_CONTENTS,N,438
SYS,DBA_MEASURE_FOLDERS,N,566
SYS,DBA_MEASURE_FOLDER_SUBFOLDERS,N,432
SYS,DBA_METADATA_PROPERTIES,N,1459
SYS,DBA_METHOD_PARAMS,N,1378
SYS,DBA_METHOD_RESULTS,N,1164
SYS,DBA_MINING_MODEL_ATTRIBUTES,N,2591
SYS,DBA_MINING_MODEL_PARTITIONS,N,470
SYS,DBA_MINING_MODELS,N,1698
SYS,DBA_MINING_MODEL_SETTINGS,N,210
SYS,DBA_MINING_MODEL_TABLES,N,3100
SYS,DBA_MINING_MODEL_VIEWS,N,3194
SYS,DBA_MINING_MODEL_XFORMS,N,236
SYS,DBA_MVIEW_AGGREGATES,N,606
SYS,DBA_MVIEW_ANALYSIS,N,1416
SYS,DBA_MVIEW_COMMENTS,N,280
SYS,DBA_MVIEW_DETAIL_PARTITION,N,1300
SYS,DBA_MVIEW_DETAIL_RELATIONS,N,6285
SYS,DBA_MVIEW_DETAIL_SUBPARTITION,N,1404
SYS,DBA_MVIEW_JOINS,N,676
SYS,DBA_MVIEW_KEYS,N,868
SYS,DBA_MVIEW_LOG_FILTER_COLS,N,52
SYS,DBA_MVIEW_LOGS,N,1160
SYS,DBA_MVIEW_REFRESH_TIMES,N,92
SYS,DBA_MVIEWS,N,22150
SYS,DBA_MVREF_CHANGE_STATS,N,424
SYS,DBA_MVREF_RUN_STATS,N,693
SYS,DBA_MVREF_STATS,N,357
SYS,DBA_MVREF_STATS_PARAMS,N,658
SYS,DBA_MVREF_STATS_SYS_DEFAULTS,N,326
SYS,DBA_MVREF_STMT_STATS,N,239
SYS,DBA_NESTED_TABLE_COLS,N,5839
SYS,DBA_NESTED_TABLES,N,2534
SYS,DBA_NETWORK_ACL_PRIVILEGES,N,909
SYS,DBA_NETWORK_ACLS,N,218
SYS,DBA_OBJ_AUDIT_OPTS,N,23240
SYS,DBA_OBJ_COLATTRS,N,1117
SYS,DBA_OBJECTS,N,6010
SYS,DBA_OBJECTS_AE,N,5990
SYS,DBA_OBJECT_SIZE,N,1964
SYS,DBA_OBJECT_TABLES,N,16115
SYS,DBA_OBJECT_USAGE,N,360
SYS,_DBA_OGG_ALL_TABLES,N,2657
SYS,DBA_OGG_AUTO_CAPTURED_TABLES,N,1292
SYS,DBA_OLDIMAGE_COLUMNS,N,618
SYS,DBA_OPANCILLARY,N,292
SYS,DBA_OPARGUMENTS,N,144
SYS,DBA_OPBINDINGS,N,495
SYS,DBA_OPERATOR_COMMENTS,N,162
SYS,DBA_OPERATORS,N,127
SYS,DBA_OPTSTAT_OPERATIONS,N,434
SYS,DBA_OPTSTAT_OPERATION_TASKS,N,1043
SYS,DBA_OUTLINE_HINTS,N,162
SYS,DBA_OUTLINES,N,381
SYS,DBA_OUTSTANDING_ALERTS,N,2207
SYS,DBA_PARALLEL_EXECUTE_CHUNKS,N,1030
SYS,DBA_PARALLEL_EXECUTE_TASKS,N,1514
SYS,DBA_PART_COL_STATISTICS,N,2495
SYS,DBA_PART_HISTOGRAMS,N,1972
SYS,DBA_PARTIAL_DROP_TABS,N,183
SYS,DBA_PART_INDEXES,N,2268
SYS,DBA_PART_KEY_COLUMNS,N,112
SYS,DBA_PART_KEY_COLUMNS_V$,N,892
SYS,DBA_PART_LOBS,N,3140
SYS,DBA_PART_TABLES,N,9911
SYS,DBA_PDB_HISTORY,N,511
SYS,DBA_PDBS,N,1605
SYS,DBA_PDB_SAVED_STATES,N,300
SYS,DBA_PDB_SNAPSHOTFILE,N,176
SYS,DBA_PDB_SNAPSHOTS,N,259
SYS,DBA_PENDING_CONV_TABLES,N,167
SYS,DBA_PENDING_TRANSACTIONS,N,705
SYS,DBA_PLSQL_COLL_TYPES,N,3749
SYS,DBA_PLSQL_OBJECT_SETTINGS,N,211
SYS,DBA_PLSQL_TYPE_ATTRS,N,4479
SYS,DBA_PLSQL_TYPES,N,762
SYS,DBA_POLICIES,N,1617
SYS,DBA_POLICY_ATTRIBUTES,N,366
SYS,DBA_POLICY_CONTEXTS,N,334
SYS,DBA_POLICY_GROUPS,N,317
SYS,DBA_PRIVATE_TEMP_TABLES,N,224
SYS,DBA_PRIV_AUDIT_OPTS,N,682
SYS,DBA_PRIV_CAPTURES,N,294
SYS,DBA_PROCEDURES,N,337
SYS,DBA_PROFILES,N,2912
SYS,DBA_PROPAGATION,N,1513
SYS,DBA_PROXIES,N,861
SYS,DBA_QUEUE_EVENT_STREAMS,N,471
SYS,DBA_QUEUE_PUBLISHERS,N,474
SYS,DBA_QUEUES,N,1026
SYS,_DBA_QUEUE_SCHEDULES,N,7087
SYS,DBA_QUEUE_SCHEDULES,N,547
SYS,_DBA_QUEUE_SCHEDULES_COMPAT,N,3722
SYS,DBA_QUEUE_SHARDS,N,451
SYS,_DBA_QUEUE_STATS1,N,193
SYS,DBA_QUEUE_SUBSCRIBERS,N,1454
SYS,DBA_QUEUE_TABLES,N,2970
SYS,DBA_RAT_CAPTURE_SCHEMA_INFO,N,88
SYS,DBA_RCHILD,N,75
SYS,DBA_RECOVERABLE_SCRIPT,N,357
SYS,DBA_RECOVERABLE_SCRIPT_BLOCKS,N,315
SYS,DBA_RECOVERABLE_SCRIPT_ERRORS,N,99
SYS,DBA_RECOVERABLE_SCRIPT_HIST,N,251
SYS,DBA_RECOVERABLE_SCRIPT_PARAMS,N,65
SYS,DBA_RECYCLEBIN,N,1161
SYS,DBA_REDEFINITION_ERRORS,N,654
SYS,DBA_REDEFINITION_OBJECTS,N,729
SYS,DBA_REDEFINITION_STATUS,N,526
SYS,DBA_REDO_DB,N,1372
SYS,DBA_REDO_LOG,N,1355
SYS,DBA_REFRESH,N,1951
SYS,DBA_REFRESH_CHILDREN,N,2335
SYS,DBA_REFS,N,827
SYS,DBA_REGISTERED_ARCHIVED_LOG,N,399
SYS,DBA_REGISTERED_MVIEWS,N,500
SYS,DBA_REGISTERED_SNAPSHOTS,N,473
SYS,DBA_REGISTRY,N,394
SYS,DBA_REGISTRY_BACKPORTS,N,98
SYS,DBA_REGISTRY_DATABASE,N,66
SYS,DBA_REGISTRY_DEPENDENCIES,N,73
SYS,DBA_REGISTRY_ERROR,N,97
SYS,DBA_REGISTRY_HIERARCHY,N,288
SYS,DBA_REGISTRY_HISTORY,N,99
SYS,DBA_REGISTRY_LOG,N,660
SYS,DBA_REGISTRY_PROGRESS,N,79
SYS,DBA_REGISTRY_SCHEMAS,N,298
SYS,DBA_REGISTRY_SQLPATCH,N,340
SYS,DBA_REGISTRY_SQLPATCH_RU_INFO,N,157
SYS,DBA_REPLAY_UPGRADE_ERRORS,N,427
SYS,DBA_REPLAY_UPGRADE_STATEMENTS,N,1071
SYS,DBA_REPL_DBNAME_MAPPING,N,96
SYS,DBA_REPLICATION_PROCESS_EVENTS,N,868
SYS,DBA_RESOURCE_INCARNATIONS,N,206
SYS,DBA_RESUMABLE,N,744
SYS,DBA_REWRITE_EQUIVALENCES,N,439
SYS,DBA_RGROUP,N,441
SYS,DBA_ROLE_PRIVS,N,2963
SYS,DBA_ROLES,N,1371
SYS,DBA_ROLLBACK_SEGS,N,763
SYS,DBA_ROLLING_DATABASES,N,1896
SYS,DBA_ROLLING_EVENTS,N,244
SYS,DBA_ROLLING_PARAMETERS,N,490
SYS,DBA_ROLLING_PLAN,N,1047
SYS,DBA_ROLLING_STATISTICS,N,328
SYS,DBA_ROLLING_STATUS,N,2259
SYS,DBA_ROLLING_SUPPORT_MODE,N,2970
SYS,DBA_ROLLING_UNSUPPORTED,N,5170
SYS,DBA_RSRC_CAPABILITY,N,119
SYS,DBA_RSRC_CATEGORIES,N,140
SYS,DBA_RSRC_CONSUMER_GROUP_PRIVS,N,580
SYS,DBA_RSRC_CONSUMER_GROUPS,N,234
SYS,DBA_RSRC_GROUP_MAPPINGS,N,318
SYS,DBA_RSRC_INSTANCE_CAPABILITY,N,113
SYS,DBA_RSRC_IO_CALIBRATE,N,130
SYS,DBA_RSRC_MANAGER_SYSTEM_PRIVS,N,254
SYS,DBA_RSRC_MAPPING_PRIORITY,N,127
SYS,DBA_RSRC_PLAN_DIRECTIVES,N,2772
SYS,DBA_RSRC_PLANS,N,351
SYS,DBA_RSRC_STORAGE_POOL_MAPPING,N,144
SYS,DBA_RULES,N,257
SYS,DBA_RULE_SET_RULES,N,409
SYS,DBA_RULE_SETS,N,237
SYS,DBA_RULESETS,N,220
SYS,_DBA_RULES1,N,158
SYS,DBA_SCHEDULER_CHAIN_RULES,N,575
SYS,DBA_SCHEDULER_CHAINS,N,531
SYS,DBA_SCHEDULER_CHAIN_STEPS,N,1184
SYS,DBA_SCHEDULER_CREDENTIALS,N,289
SYS,DBA_SCHEDULER_DB_DESTS,N,389
SYS,DBA_SCHEDULER_DESTS,N,271
SYS,DBA_SCHEDULER_EXTERNAL_DESTS,N,239
SYS,DBA_SCHEDULER_FILE_WATCHERS,N,710
SYS,DBA_SCHEDULER_GLOBAL_ATTRIBUTE,N,124
SYS,DBA_SCHEDULER_GROUP_MEMBERS,N,689
SYS,DBA_SCHEDULER_GROUPS,N,402
SYS,DBA_SCHEDULER_INCOMPAT_MEMBER,N,337
SYS,DBA_SCHEDULER_INCOMPATS,N,477
SYS,DBA_SCHEDULER_JOB_ARGS,N,3816
SYS,DBA_SCHEDULER_JOB_CLASSES,N,286
SYS,DBA_SCHEDULER_JOB_DESTS,N,8424
SYS,DBA_SCHEDULER_JOB_LOG,N,916
SYS,DBA_SCHEDULER_JOB_ROLES,N,1880
SYS,DBA_SCHEDULER_JOB_RUN_DETAILS,N,1201
SYS,DBA_SCHEDULER_JOBS,N,12726
SYS,DBA_SCHEDULER_NOTIFICATIONS,N,477
SYS,DBA_SCHEDULER_PROGRAM_ARGS,N,1820
SYS,DBA_SCHEDULER_PROGRAMS,N,613
SYS,DBA_SCHEDULER_REMOTE_DATABASES,N,119
SYS,DBA_SCHEDULER_REMOTE_JOBSTATE,N,529
SYS,DBA_SCHEDULER_RESOURCES,N,463
SYS,DBA_SCHEDULER_RSC_CONSTRAINTS,N,361
SYS,DBA_SCHEDULER_RUNNING_CHAINS,N,1783
SYS,DBA_SCHEDULER_RUNNING_JOBS,N,4252
SYS,DBA_SCHEDULER_SCHEDULES,N,727
SYS,DBA_SCHEDULER_WINDOW_DETAILS,N,355
SYS,DBA_SCHEDULER_WINDOW_GROUPS,N,496
SYS,DBA_SCHEDULER_WINDOW_LOG,N,253
SYS,DBA_SCHEDULER_WINDOWS,N,876
SYS,DBA_SCHEDULER_WINGROUP_MEMBERS,N,231
SYS,DBA_SECONDARY_OBJECTS,N,330
SYS,DBA_SEC_RELEVANT_COLS,N,614
SYS,DBA_SECUREFILE_LOG_INSTANCES,N,570
SYS,DBA_SECUREFILE_LOG_PARTITIONS,N,856
SYS,DBA_SECUREFILE_LOGS,N,652
SYS,DBA_SECUREFILE_LOG_TABLES,N,1134
SYS,DBA_SEGMENTS,N,3974
SYS,DBA_SEGMENTS_OLD,N,851
SYS,DBA_SENSITIVE_COLUMN_TYPES,N,154
SYS,DBA_SENSITIVE_DATA,N,330
SYS,DBA_SEQUENCES,N,571
SYS,DBA_SERVER_REGISTRY,N,186
SYS,DBA_SERVICES,N,1622
SYS,DBA_SNAPSHOT_LOGS,N,459
SYS,DBA_SNAPSHOTS,N,2131
SYS,DBA_SOURCE,N,72
SYS,DBA_SOURCE_AE,N,89
SYS,DBA_SQLJ_TYPE_ATTRS,N,1383
SYS,DBA_SQLJ_TYPE_METHODS,N,820
SYS,DBA_SQLJ_TYPES,N,1218
SYS,DBA_SQL_MANAGEMENT_CONFIG,N,2941
SYS,DBA_SQL_MONITOR_USAGE,N,162
SYS,DBA_SQL_PATCHES,N,593
SYS,DBA_SQL_PLAN_BASELINES,N,1936
SYS,DBA_SQL_PLAN_DIRECTIVES,N,745
SYS,DBA_SQL_PLAN_DIR_OBJECTS,N,2000
SYS,DBA_SQL_PROFILES,N,669
SYS,DBA_SQL_QUARANTINE,N,3321
SYS,DBA_SQLSET,N,126
SYS,DBA_SQLSET_BINDS,N,1013
SYS,DBA_SQLSET_PLANS,N,1927
SYS,DBA_SQLSET_REFERENCES,N,205
SYS,DBA_SQLSET_STATEMENTS,N,1372
SYS,DBA_SQL_TRANSLATION_PROFILES,N,645
SYS,DBA_SQL_TRANSLATIONS,N,484
SYS,DBA_SQLTUNE_BINDS,N,71
SYS,DBA_SQLTUNE_PLANS,N,2024
SYS,DBA_SQLTUNE_RATIONALE_PLAN,N,1040
SYS,DBA_SQLTUNE_STATISTICS,N,430
SYS,DBA_SR_GRP_STATUS,N,299
SYS,DBA_SR_GRP_STATUS_ALL,N,1526
SYS,DBA_SR_OBJ,N,98
SYS,DBA_SR_OBJ_ALL,N,601
SYS,DBA_SR_OBJ_STATUS,N,166
SYS,DBA_SR_OBJ_STATUS_ALL,N,902
SYS,DBA_SR_PARTN_OPS,N,519
SYS,DBA_SR_STLOG_EXCEPTIONS,N,314
SYS,DBA_SR_STLOG_STATS,N,792
SYS,DBA_SSCR_CAPTURE,N,511
SYS,DBA_SSCR_RESTORE,N,511
SYS,DBA_STATEMENTS,N,266
SYS,DBA_STAT_EXTENSIONS,N,806
SYS,DBA_STMT_AUDIT_OPTS,N,707
SYS,DBA_STORED_SETTINGS,N,125
SYS,_DBA_STREAMS_ACTIONS,N,905
SYS,DBA_STREAMS_ADD_COLUMN,N,262
SYS,DBA_STREAMS_ADMINISTRATOR,N,279
SYS,DBA_STREAMS_COLUMNS,N,36331
SYS,_DBA_STREAMS_COMPONENT,N,6621
SYS,_DBA_STREAMS_COMPONENT_EVENT,N,7596
SYS,_DBA_STREAMS_COMPONENT_LINK,N,5166
SYS,_DBA_STREAMS_COMPONENT_PROP,N,4603
SYS,_DBA_STREAMS_COMPONENT_STAT,N,9606
SYS,DBA_STREAMS_DELETE_COLUMN,N,188
SYS,_DBA_STREAMS_FINDINGS,N,696
SYS,DBA_STREAMS_GLOBAL_RULES,N,670
SYS,DBA_STREAMS_KEEP_COLUMNS,N,187
SYS,_DBA_STREAMS_MESSAGE_CONSUMERS,N,199
SYS,DBA_STREAMS_MESSAGE_CONSUMERS,N,336
SYS,_DBA_STREAMS_MESSAGE_RULES,N,203
SYS,DBA_STREAMS_MESSAGE_RULES,N,423
SYS,_DBA_STREAMS_MSG_NOTIFICATIONS,N,635
SYS,DBA_STREAMS_NEWLY_SUPPORTED,N,801
SYS,_DBA_STREAMS_NEWLY_SUPTED_10_1,N,240
SYS,_DBA_STREAMS_NEWLY_SUPTED_10_2,N,241
SYS,_DBA_STREAMS_NEWLY_SUPTED_11_1,N,241
SYS,_DBA_STREAMS_NEWLY_SUPTED_11_2,N,241
SYS,_DBA_STREAMS_NEWLY_SUPTED_12_1,N,241
SYS,_DBA_STREAMS_NEWLY_SUPTED_12_2,N,241
SYS,_DBA_STREAMS_PRIVILEGED_USER,N,100
SYS,_DBA_STREAMS_PROCESSES,N,1275
SYS,_DBA_STREAMS_QUEUES,N,399
SYS,_DBA_STREAMS_RECOMMENDATIONS,N,461
SYS,DBA_STREAMS_RENAME_COLUMN,N,209
SYS,DBA_STREAMS_RENAME_SCHEMA,N,167
SYS,DBA_STREAMS_RENAME_TABLE,N,203
SYS,_DBA_STREAMS_RULES,N,270
SYS,DBA_STREAMS_RULES,N,2184
SYS,_DBA_STREAMS_RULES_H,N,490
SYS,_DBA_STREAMS_RULES_H2,N,1526
SYS,DBA_STREAMS_SCHEMA_RULES,N,655
SYS,DBA_STREAMS_SPLIT_MERGE,N,556
SYS,DBA_STREAMS_SPLIT_MERGE_HIST,N,601
SYS,_DBA_STREAMS_STMT_HANDLERS,N,104
SYS,DBA_STREAMS_STMT_HANDLERS,N,458
SYS,_DBA_STREAMS_STMTS,N,210
SYS,DBA_STREAMS_STMTS,N,446
SYS,DBA_STREAMS_TABLE_RULES,N,977
SYS,DBA_STREAMS_TP_COMPONENT,N,429
SYS,DBA_STREAMS_TP_COMPONENT_LINK,N,1142
SYS,_DBA_STREAMS_TP_COMPONENT_PROP,N,506
SYS,DBA_STREAMS_TP_COMPONENT_STAT,N,1399
SYS,DBA_STREAMS_TP_DATABASE,N,131
SYS,DBA_STREAMS_TP_PATH_BOTTLENECK,N,682
SYS,DBA_STREAMS_TP_PATH_STAT,N,183
SYS,_DBA_STREAMS_TRANSFM_FUNCTION,N,539
SYS,_DBA_STREAMS_TRANSFORMATIONS,N,348
SYS,DBA_STREAMS_TRANSFORMATIONS,N,648
SYS,DBA_STREAMS_TRANSFORM_FUNCTION,N,117
SYS,DBA_STREAMS_UNSUPPORTED,N,913
SYS,_DBA_STREAMS_UNSUPPORTED_10_1,N,13456
SYS,_DBA_STREAMS_UNSUPPORTED_10_2,N,13914
SYS,_DBA_STREAMS_UNSUPPORTED_11_1,N,19721
SYS,_DBA_STREAMS_UNSUPPORTED_11_2,N,21512
SYS,_DBA_STREAMS_UNSUPPORTED_12_1,N,21512
SYS,_DBA_STREAMS_UNSUPPORTED_12_2,N,21512
SYS,_DBA_STREAMS_UNSUPPORTED_9_2,N,14123
SYS,DBA_SUBPART_COL_STATISTICS,N,2179
SYS,DBA_SUBPART_HISTOGRAMS,N,1997
SYS,DBA_SUBPARTITION_TEMPLATES,N,546
SYS,DBA_SUBPART_KEY_COLUMNS,N,115
SYS,DBA_SUBPART_KEY_COLUMNS_V$,N,925
SYS,DBA_SUBSCR_DUR_REGISTRATIONS,N,1121
SYS,DBA_SUBSCR_REGISTRATIONS,N,1468
SYS,DBA_SUMMARIES,N,1255
SYS,DBA_SUMMARY_AGGREGATES,N,606
SYS,DBA_SUMMARY_DETAIL_TABLES,N,576
SYS,DBA_SUMMARY_JOINS,N,627
SYS,DBA_SUMMARY_KEYS,N,816
SYS,DBA_SUPPLEMENTAL_LOGGING,N,5131
SYS,_DBA_SXGG_SPLIT_MERGE,N,2431
SYS,_DBA_SXGG_SPLIT_MERGE_HIST,N,2274
SYS,_DBA_SXGG_TRANSFORMATIONS,N,1438
SYS,DBA_SYNC_CAPTURE,N,213
SYS,DBA_SYNC_CAPTURE_PREPARED_TABS,N,173
SYS,DBA_SYNC_CAPTURE_TABLES,N,307
SYS,DBA_SYNONYMS,N,106
SYS,DBA_SYS_PRIVS,N,1013
SYS,DBA_TAB_COLS,N,748
SYS,DBA_TAB_COL_STATISTICS,N,8166
SYS,DBA_TAB_COL_STAT_MODELS,N,560
SYS,DBA_TAB_COLS_V$,N,8635
SYS,DBA_TAB_COLUMNS,N,649
SYS,DBA_TAB_COMMENTS,N,101
SYS,DBA_TAB_HISTGRM_PENDING_STATS,N,4141
SYS,DBA_TAB_HISTOGRAMS,N,5393
SYS,DBA_TAB_IDENTITY_COLS,N,1076
SYS,DBA_TABLES,N,19508
SYS,DBA_TABLESPACE_GROUPS,N,132
SYS,DBA_TABLESPACES,N,8708
SYS,DBA_TABLESPACE_THRESHOLDS,N,7064
SYS,DBA_TABLESPACE_USAGE_METRICS,N,1189
SYS,DBA_TAB_MODIFICATIONS,N,923
SYS,DBA_TAB_PARTITIONS,N,20553
SYS,DBA_TAB_PENDING_STATS,N,1215
SYS,DBA_TAB_PRIVS,N,9712
SYS,DBA_TAB_STATISTICS,N,15541
SYS,DBA_TAB_STAT_PREFS,N,149
SYS,DBA_TAB_STATS_HISTORY,N,1132
SYS,DBA_TAB_SUBPARTITIONS,N,12761
SYS,DBA_TEMP_FILES,N,2588
SYS,DBA_TEMP_FREE_SPACE,N,2415
SYS,DBA_THRESHOLDS,N,3422
SYS,DBA_TRANSFORMATIONS,N,172
SYS,DBA_TRIGGER_COLS,N,8463
SYS,_DBA_TRIGGER_ORDERING,N,665
SYS,DBA_TRIGGER_ORDERING,N,135
SYS,DBA_TRIGGERS,N,12983
SYS,DBA_TRIGGERS_AE,N,13081
SYS,DBA_TSDP_IMPORT_ERRORS,N,97
SYS,DBA_TSDP_POLICY_CONDITION,N,239
SYS,DBA_TSDP_POLICY_FEATURE,N,141
SYS,DBA_TSDP_POLICY_PARAMETER,N,230
SYS,DBA_TSDP_POLICY_PROTECTION,N,669
SYS,DBA_TSDP_POLICY_TYPE,N,160
SYS,DBA_TSM_DESTINATION,N,671
SYS,DBA_TSM_HISTORY,N,557
SYS,DBA_TSM_SOURCE,N,1247
SYS,DBA_TS_QUOTAS,N,316
SYS,DBA_TSTZ_TAB_COLS,N,1310
SYS,DBA_TSTZ_TABLES,N,278
SYS,DBA_TUNE_MVIEW,N,1626
SYS,DBA_TYPE_ATTRS,N,1657
SYS,DBA_TYPE_METHODS,N,654
SYS,DBA_TYPES,N,2061
SYS,DBA_TYPE_VERSIONS,N,414
SYS,DBA_UMF_EVENTLOG,N,120
SYS,DBA_UMF_LINK,N,72
SYS,DBA_UMF_REGISTRATION,N,267
SYS,DBA_UMF_SERVICE,N,91
SYS,DBA_UMF_TOPOLOGY,N,120
SYS,DBA_UNDO_EXTENTS,N,648
SYS,DBA_UNUSED_COL_TABS,N,378
SYS,DBA_UNUSED_GRANTS,N,2462
SYS,DBA_UNUSED_OBJPRIVS,N,177
SYS,DBA_UNUSED_OBJPRIVS_PATH,N,175
SYS,DBA_UNUSED_PRIVS,N,1457
SYS,DBA_UNUSED_SYSPRIVS,N,123
SYS,DBA_UNUSED_SYSPRIVS_PATH,N,122
SYS,DBA_UNUSED_USERPRIVS,N,138
SYS,DBA_UNUSED_USERPRIVS_PATH,N,137
SYS,DBA_UPDATABLE_COLUMNS,N,2344
SYS,DBA_UPGRADE_ERRORS,N,178
SYS,DBA_USED_OBJPRIVS,N,211
SYS,DBA_USED_OBJPRIVS_PATH,N,211
SYS,DBA_USED_PRIVS,N,2781
SYS,DBA_USED_PUBPRIVS,N,228
SYS,DBA_USED_SYSPRIVS,N,159
SYS,DBA_USED_SYSPRIVS_PATH,N,158
SYS,DBA_USED_USERPRIVS,N,174
SYS,DBA_USED_USERPRIVS_PATH,N,173
SYS,DBA_USERS,N,4405
SYS,DBA_USERS_WITH_DEFPWD,N,638
SYS,DBA_USTATS,N,2071
SYS,DBA_VARRAYS,N,4581
SYS,DBA_VIEWS,N,430
SYS,DBA_VIEWS_AE,N,447
SYS,DBA_WAITERS,N,2192
SYS,DBA_WALLET_ACES,N,442
SYS,DBA_WALLET_ACLS,N,199
SYS,DBA_WARNING_SETTINGS,N,885
SYS,DBA_WI_CAPTURE_FILES,N,62
SYS,DBA_WI_JOBS,N,169
SYS,DBA_WI_OBJECTS,N,83
SYS,DBA_WI_PATTERN_ITEMS,N,136
SYS,DBA_WI_PATTERNS,N,113
SYS,DBA_WI_STATEMENTS,N,79
SYS,DBA_WI_TEMPLATE_EXECUTIONS,N,99
SYS,DBA_WI_TEMPLATES,N,71
SYS,DBA_WORKLOAD_ACTIVE_USER_MAP,N,224
SYS,DBA_WORKLOAD_CAPTURES,N,2123
SYS,DBA_WORKLOAD_CAPTURE_SQLTEXT,N,234
SYS,DBA_WORKLOAD_CONNECTION_MAP,N,95
SYS,DBA_WORKLOAD_DIV_SUMMARY,N,801
SYS,DBA_WORKLOAD_FILTERS,N,1082
SYS,DBA_WORKLOAD_GROUP_ASSIGNMENTS,N,107
SYS,DBA_WORKLOAD_LONG_SQLTEXT,N,88
SYS,DBA_WORKLOAD_REPLAY_CLIENTS,N,86
SYS,DBA_WORKLOAD_REPLAY_DIVERGENCE,N,770
SYS,DBA_WORKLOAD_REPLAY_FILTER_SET,N,87
SYS,DBA_WORKLOAD_REPLAY_IFSLA,N,44
SYS,DBA_WORKLOAD_REPLAYS,N,2279
SYS,DBA_WORKLOAD_REPLAY_SCHEDULES,N,69
SYS,DBA_WORKLOAD_REPLAY_THREAD,N,410
SYS,DBA_WORKLOAD_SCHEDULE_CAPTURES,N,392
SYS,DBA_WORKLOAD_SCHEDULE_ORDERING,N,84
SYS,DBA_WORKLOAD_SQL_MAP,N,188
SYS,DBA_WORKLOAD_TRACKED_COMMITS,N,426
SYS,DBA_WORKLOAD_USER_MAP,N,80
SYS,DBA_XDS_ACL_REFRESH,N,336
SYS,DBA_XDS_ACL_REFSTAT,N,259
SYS,DBA_XDS_LATEST_ACL_REFSTAT,N,447
SYS,DBA_XML_INDEXES,N,1707
SYS,DBA_XML_NESTED_TABLES,N,953
SYS,DBA_XML_OUT_OF_LINE_TABLES,N,405
SYS,DBA_XML_SCHEMA_ATTRIBUTES,N,6026
SYS,DBA_XML_SCHEMA_COMPLEX_TYPES,N,2952
SYS,DBA_XML_SCHEMA_DEPENDENCY,N,338
SYS,DBA_XML_SCHEMA_ELEMENTS,N,2693
SYS,DBA_XML_SCHEMA_IMPORTS,N,1021
SYS,DBA_XML_SCHEMA_INCLUDES,N,1023
SYS,DBA_XMLSCHEMA_LEVEL_VIEW,N,619
SYS,DBA_XMLSCHEMA_LEVEL_VIEW_DUP,N,504
SYS,DBA_XML_SCHEMA_NAMESPACES,N,151
SYS,DBA_XML_SCHEMAS,N,1491
SYS,DBA_XML_SCHEMA_SIMPLE_TYPES,N,311
SYS,DBA_XML_SCHEMA_SUBSTGRP_HEAD,N,487
SYS,DBA_XML_SCHEMA_SUBSTGRP_MBRS,N,763
SYS,DBA_XML_TAB_COLS,N,5831
SYS,DBA_XML_TABLES,N,5341
SYS,DBA_XMLTYPE_COLS,N,1301
SYS,DBA_XML_VIEW_COLS,N,1434
SYS,DBA_XML_VIEWS,N,1230
SYS,DBA_XS_ACES,N,867
SYS,DBA_XS_ACL_PARAMETERS,N,842
SYS,DBA_XS_ACLS,N,277
SYS,DBA_XS_ACTIVE_SESSIONS,Y,241
SYS,DBA_XS_APPLIED_POLICIES,N,621
SYS,DBA_XS_AUDIT_POLICY_OPTIONS,N,148
SYS,DBA_XS_COLUMN_CONSTRAINTS,N,176
SYS,DBA_XS_DYNAMIC_ROLES,N,351
SYS,DBA_XS_ENABLED_AUDIT_POLICIES,N,319
SYS,DBA_XS_EXTERNAL_PRINCIPALS,N,65
SYS,DBA_XS_IMPLIED_PRIVILEGES,N,202
SYS,DBA_XS_INHERITED_REALMS,N,333
SYS,DBA_XS_MODIFIED_POLICIES,N,198
SYS,DBA_XS_NS_TEMPLATE_ATTRIBUTES,N,217
SYS,DBA_XS_NS_TEMPLATES,N,1829
SYS,DBA_XS_OBJECTS,N,366
SYS,DBA_XS_POLICIES,N,113
SYS,DBA_XS_PRINCIPALS,N,168
SYS,DBA_XS_PRIVILEGE_GRANTS,N,192
SYS,DBA_XS_PRIVILEGES,N,140
SYS,DBA_XS_PROXY_ROLES,N,644
SYS,DBA_XS_REALM_CONSTRAINTS,N,849
SYS,DBA_XS_ROLE_GRANTS,N,334
SYS,DBA_XS_ROLES,N,189
SYS,DBA_XS_SECURITY_CLASS_DEP,N,144
SYS,DBA_XS_SECURITY_CLASSES,N,94
SYS,DBA_XS_SESSION_NS_ATTRIBUTES,Y,193
SYS,DBA_XS_SESSION_ROLES,Y,99
SYS,DBA_XS_SESSIONS,Y,192
SYS,DBA_XSTREAM_ADMINISTRATOR,N,313
SYS,_DBA_XSTREAM_CONNECTION,N,495
SYS,DBA_XSTREAM_INBOUND,N,208
SYS,DBA_XSTREAM_INBOUND_PROGRESS,N,835
SYS,_DBA_XSTREAM_OUT_ADT_PK_TABLES,N,674
SYS,_DBA_XSTREAM_OUT_ALL_TABLES,N,461
SYS,_DBA_XSTREAM_OUTBOUND,N,1216
SYS,DBA_XSTREAM_OUTBOUND,N,329
SYS,DBA_XSTREAM_OUTBOUND_PROGRESS,N,351
SYS,DBA_XSTREAM_OUT_SUPPORT_MODE,N,282
SYS,_DBA_XSTREAM_PARAMETERS,N,269
SYS,DBA_XSTREAM_RULES,N,927
SYS,DBA_XSTREAM_SPLIT_MERGE,N,572
SYS,DBA_XSTREAM_SPLIT_MERGE_HIST,N,641
SYS,DBA_XSTREAM_STMT_HANDLERS,N,376
SYS,DBA_XSTREAM_STMTS,N,389
SYS,DBA_XSTREAM_TRANSFORMATIONS,N,563
SYS,_DBA_XSTREAM_UNSUPPORTED_12_1,N,349
SYS,DBA_XS_USERS,N,2345
SYS,DBA_XTERNAL_LOC_PARTITIONS,N,834
SYS,DBA_XTERNAL_LOC_SUBPARTITIONS,N,654
SYS,DBA_XTERNAL_PART_TABLES,N,598
SYS,DBA_XTERNAL_TAB_PARTITIONS,N,2013
SYS,DBA_XTERNAL_TAB_SUBPARTITIONS,N,674
SYS,DBA_ZONEMAP_AUTO_ACTIONS,N,155
SYS,DBA_ZONEMAP_AUTO_FINDINGS,N,347
SYS,DBA_ZONEMAP_MEASURES,N,815
SYS,DBA_ZONEMAPS,N,5373
SYS,DBA_2PC_NEIGHBORS,N,268
SYS,DBA_2PC_PENDING,N,322
SYS,DBFS_CONTENT,N,441
SYS,DBFS_CONTENT_PROPERTIES,N,130
SYS,DBMSHSXP_SQL_PROFILE_ATTR,N,189
SYS,DBMS_METADATA_ALL_PARSE_ITEMS,N,312
SYS,DBMS_METADATA_ALL_TPARAMS,N,236
SYS,DBMS_METADATA_ALL_TRANSFORMS,N,2161
SYS,DBMS_METADATA_PARSE_ITEMS,N,205
SYS,DBMS_METADATA_TPARAMS_BASE,N,673
SYS,DBMS_METADATA_TRANSFORM_PARAMS,N,310
SYS,DBMS_METADATA_TRANSFORMS,N,195
SYS,DBMS_PARALLEL_EXECUTE_EXTENTS,N,10709
SYS,DB_NOTIFICATIONS,Y,858
SYS,DB_NOTIFICATIONS$,Y,1728
SYS,DICT_COLUMNS,N,1304
SYS,DICTIONARY,N,2043
SYS,DICTIONARY_CREDENTIALS_ENCRYPT,N,164
SYS,DISK_AND_FIXED_OBJECTS,N,408
SYS,DM_USER_MODELS,N,226
SYS,ERROR_SIZE,N,70
SYS,EXPCOMPRESSEDPART,N,272
SYS,EXPCOMPRESSEDSUB,N,275
SYS,EXPCOMPRESSEDTAB,N,268
SYS,EXPEXEMPT,N,1003
SYS,EXPGETENCCOLNAM,N,418
SYS,EXPGETMAPOBJ,N,318
SYS,EXPMAPIOT,N,825
SYS,EXPPIOTMAP,N,827
SYS,EXPTABSUBPART,N,470
SYS,EXPTABSUBPARTDATA_VIEW,N,1019
SYS,EXPTABSUBPARTLOBFRAG,N,458
SYS,EXPTABSUBPARTLOB_VIEW,N,1900
SYS,EXPXSLDELIM,N,140
SYS,EXT_TO_OBJ_VIEW,N,3470
SYS,EXU10ADEFPSWITCHES,N,347
SYS,EXU10AOBJSWITCH,N,898
SYS,EXU10ASC,N,752
SYS,EXU10ASCU,N,211
SYS,EXU10CCL,N,3350
SYS,EXU10CCLO,N,241
SYS,EXU10CCLU,N,156
SYS,EXU10COE,N,1668
SYS,EXU10COEU,N,395
SYS,EXU10DEFPSWITCHES,N,257
SYS,EXU10DOSO,N,1173
SYS,EXU10IND_BASE,N,529
SYS,EXU10LNK,N,527
SYS,EXU10LNKU,N,199
SYS,EXU10NTA,N,459
SYS,EXU10NTAROLE,N,282
SYS,EXU10OBJSWITCH,N,610
SYS,EXU10R2DEFPSWITCHES,N,426
SYS,EXU10R2OBJSWITCH,N,1055
SYS,EXU10SNAP,N,505
SYS,EXU10SNAPI,N,1044
SYS,EXU10SNAPL,N,713
SYS,EXU10SNAPLC,N,601
SYS,EXU10SNAPLI,N,623
SYS,EXU10SNAPLU,N,323
SYS,EXU10SNAPU,N,500
SYS,EXU10TAB,N,435
SYS,EXU10TABS,N,3029
SYS,EXU10TABSU,N,442
SYS,EXU10TABU,N,441
SYS,EXU10USCI,N,492
SYS,EXU10USCIU,N,231
SYS,EXU102XTYP,N,1375
SYS,EXU102XTYPU,N,228
SYS,EXU11IND,N,1281
SYS,EXU11IND_BASE,N,1601
SYS,EXU11SNAP,N,1454
SYS,EXU11SNAPI,N,1044
SYS,EXU11SNAPU,N,500
SYS,EXU11XML,N,498
SYS,EXU112DLOB,N,2068
SYS,EXU112DLOBU,N,373
SYS,EXU8ANAL,N,60
SYS,EXU8ASC,N,716
SYS,EXU8ASCU,N,199
SYS,EXU8AUD,N,263
SYS,EXU8BSZ,N,49
SYS,EXU8CCL,N,747
SYS,EXU8CCLO,N,231
SYS,EXU8CCLU,N,147
SYS,EXU8CCO,N,658
SYS,EXU8CCOU,N,148
SYS,EXU8CGR,N,518
SYS,EXU8CGRU,N,219
SYS,EXU8CLU,N,862
SYS,EXU8CLUC,N,657
SYS,EXU8CLUI,N,537
SYS,EXU8CLUU,N,333
SYS,EXU8CMT,N,231
SYS,EXU8CMTU,N,122
SYS,EXU8COE,N,1290
SYS,EXU8COEU,N,384
SYS,EXU8COL,N,803
SYS,EXU8COLNN,N,277
SYS,EXU8COL_TEMP,N,1701
SYS,EXU8COL_TEMP_TTS_UNUSED_COL,N,1621
SYS,EXU8COL_TTS_UNUSED_COL,N,915
SYS,EXU8COLU,N,373
SYS,EXU8CON,N,835
SYS,EXU8CONU,N,209
SYS,EXU8COO,N,1117
SYS,EXU8COOU,N,373
SYS,EXU8CPO,N,146
SYS,EXU8CSET,N,179
SYS,EXU8CSN,N,1005
SYS,EXU8CSNU,N,384
SYS,EXU8DEL,N,837
SYS,EXU8DELSNAP,N,333
SYS,EXU8DELSNAPL,N,294
SYS,EXU8DFR,N,184
SYS,EXU8DIM,N,394
SYS,EXU8DIMC,N,373
SYS,EXU8DIMI,N,291
SYS,EXU8DIMU,N,73
SYS,EXU8DIR,N,1759
SYS,EXU8ERC,N,201
SYS,EXU8FIL,N,98
SYS,EXU8FPT,N,1631
SYS,EXU8FPTU,N,3291
SYS,EXU8FUL,N,176
SYS,EXU8GLOB,N,81
SYS,EXU8GRN,N,1291
SYS,EXU8GRNU,N,232
SYS,EXU8GRS,N,291
SYS,EXU8HST,N,1163
SYS,EXU8HSTU,N,143
SYS,EXU8ICO,N,1238
SYS,EXU8ICOU,N,193
SYS,EXU8ICPLSQL,N,83
SYS,EXU8IND,N,563
SYS,EXU8INDC,N,564
SYS,EXU8INDI,N,564
SYS,EXU8INDIC,N,565
SYS,EXU8INDU,N,402
SYS,EXU8INK,N,251
SYS,EXU8INKU,N,117
SYS,EXU8IOV,N,890
SYS,EXU8IOVU,N,340
SYS,EXU8IXP,N,1712
SYS,EXU8IXPU,N,366
SYS,EXU8JBQ,N,583
SYS,EXU8JBQU,N,187
SYS,EXU8LIB,N,466
SYS,EXU8LIBU,N,169
SYS,EXU8LNK,N,86
SYS,EXU8LNKU,N,140
SYS,EXU8LOB,N,528
SYS,EXU8LOBU,N,322
SYS,EXU8NTB,N,1596
SYS,EXU8NTBU,N,449
SYS,EXU8NXP,N,127
SYS,EXU8NXPU,N,99
SYS,EXU8OID,N,566
SYS,EXU8OIDU,N,204
SYS,EXU8OPT,N,87
SYS,EXU8ORD,N,537
SYS,EXU8ORDOP,N,530
SYS,EXU8ORDU,N,109
SYS,EXU8ORFS,N,868
SYS,EXU8PDS,N,714
SYS,EXU8PDSU,N,287
SYS,EXU8PHS,N,184
SYS,EXU8PNT,N,125
SYS,EXU8PNTU,N,119
SYS,EXU8POK,N,441
SYS,EXU8POKI,N,481
SYS,EXU8POKIU,N,147
SYS,EXU8POKU,N,146
SYS,EXU8PRF,N,82
SYS,EXU8PRR,N,226
SYS,EXU8PST,N,348
SYS,EXU8PSTC,N,244
SYS,EXU8PSTI,N,244
SYS,EXU8PSTIC,N,351
SYS,EXU8PSTU,N,168
SYS,EXU8PVF,N,179
SYS,EXU8REF,N,2270
SYS,EXU8REFC,N,317
SYS,EXU8REFI,N,317
SYS,EXU8REFIC,N,424
SYS,EXU8REFU,N,241
SYS,EXU8RFS,N,1429
SYS,EXU8RFSU,N,167
SYS,EXU8RGC,N,154
SYS,EXU8RGCU,N,125
SYS,EXU8RGS,N,141
SYS,EXU8RGSU,N,110
SYS,EXU8RIF,N,574
SYS,EXU8RLG,N,976
SYS,EXU8ROL,N,261
SYS,EXU8RSG,N,477
SYS,EXU8SCM,N,127
SYS,EXU8SCMU,N,153
SYS,EXU8SEQ,N,272
SYS,EXU8SEQU,N,180
SYS,EXU8SLFC,N,119
SYS,EXU8SLFCU,N,138
SYS,EXU8SLOG,N,146
SYS,EXU8SLOGU,N,132
SYS,EXU8SNAP,N,518
SYS,EXU8SNAPC,N,614
SYS,EXU8SNAPI,N,827
SYS,EXU8SNAPL,N,319
SYS,EXU8SNAPLC,N,500
SYS,EXU8SNAPLI,N,539
SYS,EXU8SNAPLU,N,236
SYS,EXU8SNAPU,N,332
SYS,EXU8SPR,N,514
SYS,EXU8SPRC,N,415
SYS,EXU8SPRI,N,333
SYS,EXU8SPS,N,54
SYS,EXU8SPSU,N,157
SYS,EXU8SPU,N,150
SYS,EXU8SPV,N,1166
SYS,EXU8SRT,N,200
SYS,EXU8SRTU,N,158
SYS,EXU8STO,N,741
SYS,EXU8STOU,N,235
SYS,EXU8SYN,N,924
SYS,EXU8SYNC,N,423
SYS,EXU8SYNI,N,341
SYS,EXU8SYNU,N,169
SYS,EXU8TAB,N,904
SYS,EXU8TABC,N,587
SYS,EXU8TABI,N,587
SYS,EXU8TABU,N,440
SYS,EXU8TBP,N,629
SYS,EXU8TBPU,N,366
SYS,EXU8TBS,N,242
SYS,EXU8TGR,N,254
SYS,EXU8TGRC,N,648
SYS,EXU8TGRI,N,648
SYS,EXU8TGRIC,N,424
SYS,EXU8TGRU,N,232
SYS,EXU8TNE,N,358
SYS,EXU8TNEB,N,359
SYS,EXU8TNTC,N,188
SYS,EXU8TNTI,N,188
SYS,EXU8TNTIC,N,471
SYS,EXU8TSL,N,507
SYS,EXU8TSN,N,60
SYS,EXU8TSQ,N,248
SYS,EXU8TYP,N,190
SYS,EXU8TYPB,N,229
SYS,EXU8TYPBU,N,128
SYS,EXU8TYPT,N,901
SYS,EXU8TYPTU,N,1668
SYS,EXU8TYPU,N,202
SYS,EXU8USCU,N,1195
SYS,EXU8USR,N,1199
SYS,EXU8USRU,N,180
SYS,EXU8VDPT,N,319
SYS,EXU8VDPTU,N,71
SYS,EXU8VER,N,98
SYS,EXU8VEW,N,925
SYS,EXU8VEWC,N,575
SYS,EXU8VEWI,N,493
SYS,EXU8VEWU,N,976
SYS,EXU8VINF,N,692
SYS,EXU8VINFC,N,520
SYS,EXU8VINFI,N,439
SYS,EXU8VINFU,N,235
SYS,EXU8VNC,N,349
SYS,EXU8VNCC,N,519
SYS,EXU8VNCI,N,438
SYS,EXU8VNCU,N,351
SYS,EXU81ACTIONOBJ,N,190
SYS,EXU81ACTIONPKG,N,69
SYS,EXU81APPROLE,N,120
SYS,EXU81ASSOC,N,918
SYS,EXU81CSC,N,40
SYS,EXU81CTX,N,210
SYS,EXU81DOI,N,171
SYS,EXU81DOIU,N,189
SYS,EXU81FIL,N,1065
SYS,EXU81IND,N,976
SYS,EXU81IND_BASE,N,439
SYS,EXU81INDC,N,1062
SYS,EXU81INDI,N,1061
SYS,EXU81INDIC,N,404
SYS,EXU81ITY,N,172
SYS,EXU81ITYC,N,366
SYS,EXU81ITYI,N,284
SYS,EXU81ITYU,N,115
SYS,EXU81IXCP,N,794
SYS,EXU81IXCPU,N,404
SYS,EXU81IXSP,N,559
SYS,EXU81IXSPU,N,301
SYS,EXU81JAV,N,547
SYS,EXU81JAVC,N,401
SYS,EXU81JAVI,N,319
SYS,EXU81JAVT,N,168
SYS,EXU81LBCP,N,784
SYS,EXU81LBCPU,N,278
SYS,EXU81LBP,N,526
SYS,EXU81LBPU,N,321
SYS,EXU81LBSP,N,1697
SYS,EXU81LBSPU,N,345
SYS,EXU81NOS,N,1654
SYS,EXU81OBJ,N,1348
SYS,EXU81OBJECTPKG,N,76
SYS,EXU81OPR,N,337
SYS,EXU81OPRC,N,390
SYS,EXU81OPRI,N,308
SYS,EXU81OPRU,N,133
SYS,EXU81PLB,N,799
SYS,EXU81PLBU,N,275
SYS,EXU81PROCOBJ,N,476
SYS,EXU81PROCOBJINSTANCE,N,412
SYS,EXU81PSTC,N,245
SYS,EXU81PSTI,N,245
SYS,EXU81REFC,N,318
SYS,EXU81REFI,N,318
SYS,EXU81RGC,N,183
SYS,EXU81RGCU,N,137
SYS,EXU81RGS,N,140
SYS,EXU81RGSU,N,122
SYS,EXU81RLS,N,947
SYS,EXU81SCM,N,229
SYS,EXU81SCMU,N,174
SYS,EXU81SLFC,N,177
SYS,EXU81SLFCU,N,139
SYS,EXU81SNAP,N,665
SYS,EXU81SNAPC,N,654
SYS,EXU81SNAPI,N,884
SYS,EXU81SNAPL,N,346
SYS,EXU81SNAPLC,N,514
SYS,EXU81SNAPLI,N,553
SYS,EXU81SNAPLU,N,248
SYS,EXU81SNAPU,N,366
SYS,EXU81SPOK,N,433
SYS,EXU81SPOKI,N,312
SYS,EXU81SPOKIU,N,149
SYS,EXU81SPOKU,N,148
SYS,EXU81SRT,N,409
SYS,EXU81SRTU,N,287
SYS,EXU81TAB,N,938
SYS,EXU81TABC,N,443
SYS,EXU81TABI,N,443
SYS,EXU81TABS,N,448
SYS,EXU81TABSU,N,442
SYS,EXU81TABU,N,441
SYS,EXU81TBCP,N,794
SYS,EXU81TBCPU,N,404
SYS,EXU81TBS,N,871
SYS,EXU81TBSP,N,441
SYS,EXU81TBSPU,N,301
SYS,EXU81TGR,N,265
SYS,EXU81TGRC,N,675
SYS,EXU81TGRI,N,675
SYS,EXU81TGRIC,N,437
SYS,EXU81TGRU,N,245
SYS,EXU81TNTC,N,188
SYS,EXU81TNTI,N,188
SYS,EXU81TTS,N,3156
SYS,EXU81TYP,N,1532
SYS,EXU81TYPU,N,203
SYS,EXU81USCI,N,428
SYS,EXU81USCIU,N,222
SYS,EXU816CTX,N,165
SYS,EXU816MAXSQV,N,199
SYS,EXU816SQV,N,193
SYS,EXU816TCTX,N,188
SYS,EXU816TGR,N,1447
SYS,EXU816TGRC,N,716
SYS,EXU816TGRI,N,717
SYS,EXU816TGRIC,N,458
SYS,EXU816TGRU,N,266
SYS,EXU9ACTIONOBJ,N,705
SYS,EXU9BJF,N,540
SYS,EXU9BJW,N,583
SYS,EXU9CCL,N,3185
SYS,EXU9CCLO,N,231
SYS,EXU9CCLU,N,147
SYS,EXU9COE,N,2815
SYS,EXU9COEU,N,394
SYS,EXU9COO,N,2372
SYS,EXU9COO_TTS_UNUSED_COL,N,2718
SYS,EXU9COOU,N,383
SYS,EXU9DEFPSWITCHES,N,177
SYS,EXU9DOI,N,1803
SYS,EXU9DOIU,N,188
SYS,EXU9DOSO,N,866
SYS,EXU9EIP,N,546
SYS,EXU9FGA,N,510
SYS,EXU9FIL,N,1304
SYS,EXU9GSAS,N,85
SYS,EXU9IND,N,1280
SYS,EXU9IND_BASE,N,554
SYS,EXU9INDC,N,1060
SYS,EXU9INDI,N,1059
SYS,EXU9INDIC,N,1380
SYS,EXU9INHCOLCONS,N,951
SYS,EXU9IXCP,N,1514
SYS,EXU9IXCPU,N,447
SYS,EXU9LBCP,N,2090
SYS,EXU9LBCPU,N,321
SYS,EXU9LBP,N,3512
SYS,EXU9LBPU,N,341
SYS,EXU9LNK,N,153
SYS,EXU9LNKU,N,173
SYS,EXU9LOB,N,2205
SYS,EXU9LOBU,N,370
SYS,EXU9LTTS,N,2146
SYS,EXU9NLS,N,192
SYS,EXU9NOS,N,1574
SYS,EXU9NTA,N,1041
SYS,EXU9NTAROLE,N,282
SYS,EXU9OBJSWITCH,N,494
SYS,EXU9OTNNULL,N,168
SYS,EXU9PCT,N,388
SYS,EXU9PDS,N,857
SYS,EXU9PDSU,N,335
SYS,EXU9PGP,N,383
SYS,EXU9PLB,N,2803
SYS,EXU9PLBU,N,342
SYS,EXU9PSTC,N,244
SYS,EXU9PSTI,N,244
SYS,EXU9PTS,N,1231
SYS,EXU9REFC,N,317
SYS,EXU9REFI,N,317
SYS,EXU9RLS,N,1876
SYS,EXU9SNAP,N,494
SYS,EXU9SNAPC,N,799
SYS,EXU9SNAPI,N,1029
SYS,EXU9SNAPL,N,699
SYS,EXU9SNAPLC,N,585
SYS,EXU9SNAPLI,N,607
SYS,EXU9SNAPLU,N,309
SYS,EXU9SNAPU,N,487
SYS,EXU9STO,N,985
SYS,EXU9STOU,N,270
SYS,EXU9SYN,N,1204
SYS,EXU9SYNU,N,191
SYS,EXU9TAB,N,434
SYS,EXU9TABC,N,1731
SYS,EXU9TABI,N,1651
SYS,EXU9TABS,N,629
SYS,EXU9TABSU,N,441
SYS,EXU9TABU,N,440
SYS,EXU9TAB_UNUSED_COLS,N,1252
SYS,EXU9TBCP,N,891
SYS,EXU9TBCPU,N,447
SYS,EXU9TBS,N,605
SYS,EXU9TGRC,N,674
SYS,EXU9TGRI,N,674
SYS,EXU9TNE,N,90
SYS,EXU9TNEB,N,121
SYS,EXU9TNTC,N,188
SYS,EXU9TNTI,N,188
SYS,EXU9TSQ,N,278
SYS,EXU9TYP,N,1427
SYS,EXU9TYPT,N,987
SYS,EXU9TYPTU,N,1754
SYS,EXU9TYPTU2,N,1527
SYS,EXU9TYPT2,N,760
SYS,EXU9TYPU,N,222
SYS,EXU9UTS,N,1232
SYS,EXU9UTSU,N,191
SYS,EXU9XDBUID,N,76
SYS,EXU9XMLST,N,512
SYS,EXU9XTB,N,556
SYS,EXU92FPT,N,2246
SYS,EXU92FPTP,N,807
SYS,EXU92FPTPU,N,1574
SYS,EXU92FPTU,N,3929
SYS,EXU92ITGR,N,276
SYS,EXU92TGR,N,1455
SYS,EXU92TGRC,N,702
SYS,EXU92TGRI,N,702
SYS,EXU92TGRIC,N,470
SYS,EXU92TGRU,N,278
SYS,EXU92TSP,N,513
SYS,EXU92TSPL,N,626
SYS,FGA_LOG$FOR_EXPORT,N,371
SYS,FILE_LOCK,N,125
SYS,FILE_PING,N,912
SYS,FILEXT$,N,97
SYS,FLASHBACK_TRANSACTION_QUERY,N,276
SYS,GLOBAL_CONTEXT,N,175
SYS,GLOBAL_NAME,N,59
SYS,GV_$ACCESS,N,70
SYS,GV_$ACTIVE_INSTANCES,N,76
SYS,GV_$ACTIVE_SERVICES,N,453
SYS,GV_$ACTIVE_SESSION_HISTORY,N,1940
SYS,GV_$ACTIVE_SESS_POOL_MTH,N,61
SYS,GV_$ACTIVITY_MVIEW,N,414
SYS,GV_$ACTIVITY_TABLE,N,521
SYS,GV_$ADVISOR_CURRENT_SQLPLAN,N,482
SYS,GV_$ADVISOR_PROGRESS,N,329
SYS,GV_$ALERT_TYPES,N,149
SYS,GV_$ALL_ACTIVE_SESSION_HISTORY,N,1976
SYS,GV_$ALL_SQL_MONITOR,N,1480
SYS,GV_$ALL_SQL_PLAN,N,575
SYS,GV_$ALL_SQL_PLAN_MONITOR,N,2590
SYS,GV_$AQ,N,370
SYS,GV_$AQ_BACKGROUND_COORDINATOR,N,131
SYS,GV_$AQ_BMAP_NONDUR_SUBSCRIBERS,N,82
SYS,GV_$AQ_CACHED_SUBSHARDS,N,114
SYS,GV_$AQ_CROSS_INSTANCE_JOBS,N,570
SYS,GV_$AQ_DEQUEUE_SESSIONS,N,228
SYS,GV_$AQ_INACTIVE_SUBSHARDS,N,116
SYS,GV_$AQ_IPC_ACTIVE_MSGS,N,198
SYS,GV_$AQ_IPC_MSG_STATS,N,293
SYS,GV_$AQ_IPC_PENDING_MSGS,N,118
SYS,GV_$AQ_JOB_COORDINATOR,N,153
SYS,GV_$AQ_MESSAGE_CACHE,N,230
SYS,GV_$AQ_MESSAGE_CACHE_ADVICE,N,464
SYS,GV_$AQ_MESSAGE_CACHE_STAT,N,689
SYS,GV_$AQ_MSGBM,N,156
SYS,GV_$AQ_NONDUR_REGISTRATIONS,N,177
SYS,GV_$AQ_NONDUR_SUBSCRIBER,N,228
SYS,GV_$AQ_NONDUR_SUBSCRIBER_LWM,N,113
SYS,GV_$AQ_NOTIFICATION_CLIENTS,N,242
SYS,GV_$AQ_PARTITION_STATS,N,759
SYS,GV_$AQ_REMOTE_DEQUEUE_AFFINITY,N,147
SYS,GV_$AQ_SERVER_POOL,N,143
SYS,GV_$AQ_SHARDED_SUBSCRIBER_STAT,N,380
SYS,GV_$AQ_SUBSCRIBER_LOAD,N,280
SYS,GV_$AQ_UNCACHED_SUBSHARDS,N,116
SYS,GV_$AQ1,N,135
SYS,GV_$ARCHIVE,N,110
SYS,GV_$ARCHIVE_DEST,N,532
SYS,GV_$ARCHIVE_DEST_STATUS,N,356
SYS,GV_$ARCHIVED_LOG,N,502
SYS,GV_$ARCHIVE_GAP,N,88
SYS,GV_$ARCHIVE_PROCESSES,N,101
SYS,GV_$ASH_INFO,N,354
SYS,GV_$ASM_ACFSAUTORESIZE,N,98
SYS,GV_$ASM_ACFS_ENCRYPTION_INFO,N,154
SYS,GV_$ASM_ACFSREPL,N,248
SYS,GV_$ASM_ACFSREPLTAG,N,73
SYS,GV_$ASM_ACFS_SEC_ADMIN,N,65
SYS,GV_$ASM_ACFS_SEC_CMDRULE,N,93
SYS,GV_$ASM_ACFS_SEC_REALM,N,174
SYS,GV_$ASM_ACFS_SEC_REALM_FILTER,N,126
SYS,GV_$ASM_ACFS_SEC_REALM_GROUP,N,107
SYS,GV_$ASM_ACFS_SEC_REALM_USER,N,105
SYS,GV_$ASM_ACFS_SEC_RULE,N,139
SYS,GV_$ASM_ACFS_SEC_RULESET,N,109
SYS,GV_$ASM_ACFS_SEC_RULESET_RULE,N,109
SYS,GV_$ASM_ACFS_SECURITY_INFO,N,114
SYS,GV_$ASM_ACFSSNAPSHOTS,N,167
SYS,GV_$ASM_ACFSTAG,N,78
SYS,GV_$ASM_ACFSVOLUMES,N,119
SYS,GV_$ASM_ALIAS,N,200
SYS,GV_$ASM_ATTRIBUTE,N,148
SYS,GV_$ASM_AUDIT_CLEAN_EVENTS,N,113
SYS,GV_$ASM_AUDIT_CLEANUP_JOBS,N,126
SYS,GV_$ASM_AUDIT_CONFIG_PARAMS,N,123
SYS,GV_$ASM_AUDIT_LAST_ARCH_TS,N,88
SYS,GV_$ASM_AUDIT_LOAD_JOBS,N,93
SYS,GV_$ASM_CLIENT,N,149
SYS,GV_$ASM_DBCLONE_INFO,N,155
SYS,GV_$ASM_DISK,N,800
SYS,GV_$ASM_DISKGROUP,N,321
SYS,GV_$ASM_DISKGROUP_SPARSE,N,103
SYS,GV_$ASM_DISKGROUP_STAT,N,326
SYS,GV_$ASM_DISK_IOSTAT,N,391
SYS,GV_$ASM_DISK_IOSTAT_SPARSE,N,173
SYS,GV_$ASM_DISK_SPARSE,N,197
SYS,GV_$ASM_DISK_SPARSE_STAT,N,202
SYS,GV_$ASM_DISK_STAT,N,805
SYS,GV_$ASM_ESTIMATE,N,99
SYS,GV_$ASM_FILE,N,567
SYS,GV_$ASM_FILEGROUP,N,291
SYS,GV_$ASM_FILEGROUP_FILE,N,151
SYS,GV_$ASM_FILEGROUP_PROPERTY,N,165
SYS,GV_$ASM_FILESYSTEM,N,269
SYS,GV_$ASM_OPERATION,N,163
SYS,GV_$ASM_QUOTAGROUP,N,138
SYS,GV_$ASM_TEMPLATE,N,147
SYS,GV_$ASM_USER,N,133
SYS,GV_$ASM_USERGROUP,N,154
SYS,GV_$ASM_USERGROUP_MEMBER,N,149
SYS,GV_$ASM_VOLUME,N,303
SYS,GV_$ASM_VOLUME_STAT,N,207
SYS,GV_$AUTHPOOL_STATS,N,95
SYS,GV_$AUTO_BMR_STATISTICS,N,133
SYS,GV_$AV_BTT_CACHE,N,82
SYS,GV_$AW_AGGREGATE_OP,N,84
SYS,GV_$AW_ALLOCATE_OP,N,66
SYS,GV_$AW_CALC,N,341
SYS,GV_$AW_LONGOPS,N,251
SYS,GV_$AW_OLAP,N,187
SYS,GV_$AW_SESSION_INFO,N,292
SYS,GV_$BACKUP,N,74
SYS,GV_$BACKUP_ASYNC_IO,N,452
SYS,GV_$BACKUP_CORRUPTION,N,182
SYS,GV_$BACKUP_DATAFILE,N,683
SYS,GV_$BACKUP_DEVICE,N,75
SYS,GV_$BACKUP_NONLOGGED,N,218
SYS,GV_$BACKUP_PIECE,N,402
SYS,GV_$BACKUP_REDOLOG,N,251
SYS,GV_$BACKUP_SET,N,332
SYS,GV_$BACKUP_SPFILE,N,157
SYS,GV_$BACKUP_SYNC_IO,N,384
SYS,GV_$BCAPPLY_STATS,N,228
SYS,GV_$BGPROCESS,N,109
SYS,GV_$BH,N,280
SYS,GV_$BLOCKING_QUIESCE,N,56
SYS,GV_$BSP,N,352
SYS,GV_$BT_SCAN_CACHE,N,134
SYS,GV_$BT_SCAN_OBJ_TEMPS,N,122
SYS,GV_$BTS_STAT,N,163
SYS,GV_$BUFFERED_PUBLISHERS,N,315
SYS,GV_$BUFFERED_QUEUES,N,428
SYS,GV_$BUFFERED_SUBSCRIBERS,N,491
SYS,GV_$BUFFER_POOL,N,222
SYS,GV_$BUFFER_POOL_STATISTICS,N,359
SYS,GV_$BUILD_INFO,N,58
SYS,GV_$CACHE,N,191
SYS,GV_$CACHE_LOCK,N,185
SYS,GV_$CACHE_TRANSFER,N,200
SYS,GV_$CALLTAG,N,174
SYS,GV_$CELL,N,77
SYS,GV_$CELL_CONFIG,N,88
SYS,GV_$CELL_CONFIG_INFO,N,108
SYS,GV_$CELL_DB,N,181
SYS,GV_$CELL_DISK,N,181
SYS,GV_$CELL_DISK_HISTORY,N,194
SYS,GV_$CELL_GLOBAL,N,161
SYS,GV_$CELL_GLOBAL_HISTORY,N,174
SYS,GV_$CELL_IOREASON,N,189
SYS,GV_$CELL_IOREASON_NAME,N,78
SYS,GV_$CELL_METRIC_DESC,N,90
SYS,GV_$CELL_OFL_THREAD_HISTORY,N,251
SYS,GV_$CELL_OPEN_ALERTS,N,128
SYS,GV_$CELL_REQUEST_TOTALS,N,132
SYS,GV_$CELL_STATE,N,107
SYS,GV_$CELL_THREAD_HISTORY,N,221
SYS,GV_$CHANNEL_WAITS,N,115
SYS,GV_$CHUNK_METRIC,N,110
SYS,GV_$CIRCUIT,N,233
SYS,GV_$CLASS_CACHE_TRANSFER,N,248
SYS,GV_$CLASS_PING,N,293
SYS,GV_$CLEANUP_PROCESS,N,153
SYS,GV_$CLIENT_SECRETS,N,310
SYS,GV_$CLIENT_STATS,N,96
SYS,GV_$CLONEDFILE,N,147
SYS,GV_$CLUSTER_INTERCONNECTS,N,96
SYS,GV_$CODE_CLAUSE,N,100
SYS,GV_$COLUMN_STATISTICS,N,127
SYS,GV_$COMPATIBILITY_REQUIREMENT,N,100
SYS,GV_$CON_EVENT_HISTOGRAM_MICRO,N,145
SYS,GV_$CONFIGURED_INTERCONNECTS,N,99
SYS,GV_$CONNECTION_BROKER,N,149
SYS,GV_$CONSENSUS_CLIENTS,N,145
SYS,GV_$CONSENSUS_LOGS,N,116
SYS,GV_$CONSENSUS_STATS,N,121
SYS,GV_$CON_SYSMETRIC,N,145
SYS,GV_$CON_SYSMETRIC_HISTORY,N,153
SYS,GV_$CON_SYSMETRIC_SUMMARY,N,209
SYS,GV_$CON_SYSSTAT,N,91
SYS,GV_$CON_SYSTEM_EVENT,N,302
SYS,GV_$CON_SYSTEM_WAIT_CLASS,N,218
SYS,GV_$CON_SYS_TIME_MODEL,N,82
SYS,GV_$CONTAINERS,N,555
SYS,GV_$CONTAINER_TOPOLOGY,N,127
SYS,GV_$CONTEXT,N,156
SYS,GV_$CONTROLFILE,N,115
SYS,GV_$CONTROLFILE_RECORD_SECTION,N,152
SYS,GV_$CON_WAITCLASSMETRIC,N,222
SYS,GV_$CON_WAITCLASSMETRIC_HISTORY,N,230
SYS,GV_$COPY_CORRUPTION,N,173
SYS,GV_$COPY_NONLOGGED,N,209
SYS,GV_$CORRUPT_XID_LIST,N,64
SYS,GV_$CPOOL_CC_INFO,N,73
SYS,GV_$CPOOL_CC_STATS,N,169
SYS,GV_$CPOOL_CONN_INFO,N,413
SYS,GV_$CPOOL_STATS,N,249
SYS,GV_$CR_BLOCK_SERVER,N,387
SYS,GV_$CURRENT_BLOCK_SERVER,N,273
SYS,GV_$DATABASE,N,1246
SYS,GV_$DATABASE_BLOCK_CORRUPTION,N,127
SYS,GV_$DATABASE_INCARNATION,N,232
SYS,GV_$DATABASE_KEY_INFO,N,118
SYS,GV_$DATABASE_REPLAY_PROGRESS,N,100
SYS,GV_$DATAFILE,N,569
SYS,GV_$DATAFILE_COPY,N,777
SYS,GV_$DATAFILE_HEADER,N,377
SYS,GV_$DATAGUARD_CONFIG,N,97
SYS,GV_$DATAGUARD_PROCESS,N,312
SYS,GV_$DATAGUARD_STATS,N,138
SYS,GV_$DATAGUARD_STATUS,N,141
SYS,GV_$DATAPUMP_JOB,N,207
SYS,GV_$DATAPUMP_SESSION,N,94
SYS,GV_$DB_CACHE_ADVICE,N,301
SYS,GV_$DBFILE,N,55
SYS,GV_$DBLINK,N,170
SYS,GV_$DB_OBJECT_CACHE,N,346
SYS,GV_$DB_PIPES,N,89
SYS,GV_$DB_TRANSPORTABLE_PLATFORM,N,105
SYS,GV_$DEAD_CLEANUP,N,198
SYS,GV_$DELETED_OBJECT,N,139
SYS,GV_$DETACHED_SESSION,N,89
SYS,GV_$DG_BROKER_CONFIG,N,170
SYS,GV_$DG_BROKER_PROPERTY,N,126
SYS,GV_$DG_BROKER_PROPERTY_INT,N,130
SYS,GV_$DIAG_APP_TRACE_FILE,N,139
SYS,GV_$DIAG_INFO,N,58
SYS,GV_$DIAG_OPT_TRACE_RECORDS,N,333
SYS,GV_$DIAG_SQL_TRACE_RECORDS,N,333
SYS,GV_$DIAG_TRACE_FILE,N,105
SYS,GV_$DIAG_TRACE_FILE_CONTENTS,N,335
SYS,GV_$DIAG_USER_TRACE_RECORDS,N,334
SYS,GV_$DISPATCHER,N,176
SYS,GV_$DISPATCHER_CONFIG,N,145
SYS,GV_$DISPATCHER_RATE,N,1232
SYS,GV_$DLM_ALL_LOCKS,N,523
SYS,GV_$DLM_CONVERT_LOCAL,N,105
SYS,GV_$DLM_CONVERT_REMOTE,N,106
SYS,GV_$DLM_LATCH,N,299
SYS,GV_$DLM_LOCKS,N,519
SYS,GV_$DLM_MISC,N,70
SYS,GV_$DLM_RESS,N,196
SYS,GV_$DLM_TRAFFIC_CONTROLLER,N,272
SYS,GV_$DML_STATS,N,117
SYS,GV_$DNFS_CHANNELS,N,296
SYS,GV_$DNFS_FILES,N,82
SYS,GV_$DNFS_SERVERS,N,155
SYS,GV_$DNFS_STATS,N,385
SYS,GV_$DUAL,N,46
SYS,GV_$DYNAMIC_REMASTER_STATS,N,317
SYS,GV_$EDITIONABLE_TYPES,N,78
SYS,GV_$EMON,N,649
SYS,GV_$EMX_USAGE_STATS,N,186
SYS,GV_$ENABLEDPRIVS,N,68
SYS,GV_$ENCRYPTED_TABLESPACES,N,181
SYS,GV_$ENCRYPTION_KEYS,N,577
SYS,GV_$ENCRYPTION_WALLET,N,150
SYS,GV_$ENQUEUE_LOCK,N,120
SYS,GV_$ENQUEUE_STAT,N,125
SYS,GV_$ENQUEUE_STATISTICS,N,181
SYS,GV_$EQ_CACHED_PARTITIONS,N,142
SYS,GV_$EQ_CROSS_INSTANCE_JOBS,N,591
SYS,GV_$EQ_DEQUEUE_SESSIONS,N,249
SYS,GV_$EQ_INACTIVE_PARTITIONS,N,144
SYS,GV_$EQ_MESSAGE_CACHE,N,251
SYS,GV_$EQ_MESSAGE_CACHE_ADVICE,N,468
SYS,GV_$EQ_MESSAGE_CACHE_STAT,N,702
SYS,GV_$EQ_NONDUR_SUBSCRIBER,N,228
SYS,GV_$EQ_NONDUR_SUBSCRIBER_LWM,N,120
SYS,GV_$EQ_PARTITION_STATS,N,759
SYS,GV_$EQ_REMOTE_DEQUEUE_AFFINITY,N,154
SYS,GV_$EQ_SUBSCRIBER_LOAD,N,289
SYS,GV_$EQ_SUBSCRIBER_STAT,N,323
SYS,GV_$EQ_SUBSCR_REGISTRATION_STATS,N,417
SYS,GV_$EQ_UNCACHED_PARTITIONS,N,147
SYS,GV_$EVENT_HISTOGRAM,N,116
SYS,GV_$EVENT_HISTOGRAM_MICRO,N,141
SYS,GV_$EVENTMETRIC,N,183
SYS,GV_$EVENT_NAME,N,168
SYS,GV_$EVENT_OUTLIERS,N,192
SYS,GV_$EXADIRECT_ACL,N,69
SYS,GV_$EXECUTION,N,111
SYS,GV_$EXP_STATS,N,80
SYS,GV_$FALSE_PING,N,196
SYS,GV_$FAST_START_SERVERS,N,89
SYS,GV_$FAST_START_TRANSACTIONS,N,196
SYS,GV_$FILE_CACHE_TRANSFER,N,295
SYS,GV_$FILE_HISTOGRAM,N,94
SYS,GV_$FILEMETRIC,N,232
SYS,GV_$FILEMETRIC_HISTORY,N,240
SYS,GV_$FILE_OPTIMIZED_HISTOGRAM,N,104
SYS,GV_$FILE_PING,N,404
SYS,GV_$FILESPACE_USAGE,N,171
SYS,GV_$FILESTAT,N,221
SYS,GV_$FIXED_TABLE,N,83
SYS,GV_$FIXED_VIEW_DEFINITION,N,85
SYS,GV_$FLASHBACK_DATABASE_LOG,N,166
SYS,GV_$FLASHBACK_DATABASE_LOGFILE,N,140
SYS,GV_$FLASHBACK_DATABASE_STAT,N,147
SYS,GV_$FLASHFILESTAT,N,123
SYS,GV_$FOREIGN_ARCHIVED_LOG,N,464
SYS,GV_$FOREIGN_DATAFILE_COPY,N,785
SYS,GV_$FS_FAILOVER_HISTOGRAM,N,94
SYS,GV_$FS_FAILOVER_OBSERVERS,N,168
SYS,GV_$FS_FAILOVER_STATS,N,95
SYS,GV_$FS_OBSERVER_HISTOGRAM,N,131
SYS,GV_$GC_ELEMENT,N,184
SYS,GV_$GC_ELEMENTS_W_COLLISIONS,N,79
SYS,GV_$GCR_ACTIONS,N,160
SYS,GV_$GCR_LOG,N,90
SYS,GV_$GCR_METRICS,N,291
SYS,GV_$GCR_STATUS,N,93
SYS,GV_$GCSHVMASTER_INFO,N,109
SYS,GV_$GCS_LOCK_STATE_RESOLUTION_HISTORY,N,198
SYS,GV_$GCSPFMASTER_INFO,N,309
SYS,GV_$GES_BLOCKING_ENQUEUE,N,527
SYS,GV_$GES_DEADLOCKS,N,197
SYS,GV_$GES_DEADLOCK_SESSIONS,N,227
SYS,GV_$GES_ENQUEUE,N,518
SYS,GV_$GG_APPLY_COORDINATOR,N,533
SYS,GV_$GG_APPLY_READER,N,494
SYS,GV_$GG_APPLY_RECEIVER,N,369
SYS,GV_$GG_APPLY_SERVER,N,536
SYS,GV_$GLOBAL_BLOCKED_LOCKS,N,120
SYS,GV_$GLOBALCONTEXT,N,262
SYS,GV_$GLOBAL_TRANSACTION,N,149
SYS,GV_$GOLDENGATE_CAPABILITIES,N,84
SYS,GV_$GOLDENGATE_CAPTURE,N,928
SYS,GV_$GOLDENGATE_MESSAGETRACKING,N,303
SYS,GV_$GOLDENGATE_PROCEDURE_STATS,N,168
SYS,GV_$GOLDENGATE_TABLE_STATS,N,546
SYS,GV_$GOLDENGATE_TRANSACTION,N,363
SYS,GV_$GWM_RAC_AFFINITY,N,92
SYS,GV_$HANG_STATISTICS,N,77
SYS,GV_$HEAT_MAP_SEGMENT,N,223
SYS,GV_$HM_CHECK,N,141
SYS,GV_$HM_CHECK_PARAM,N,116
SYS,GV_$HM_FINDING,N,201
SYS,GV_$HM_INFO,N,68
SYS,GV_$HM_RECOMMENDATION,N,176
SYS,GV_$HM_RUN,N,216
SYS,GV_$HS_AGENT,N,146
SYS,GV_$HS_PARAMETER,N,97
SYS,GV_$HS_SESSION,N,115
SYS,GV_$HVMASTER_INFO,N,105
SYS,GV_$IM_ADOELEMENTS,N,197
SYS,GV_$IM_ADOTASKDETAILS,N,86
SYS,GV_$IM_ADOTASKS,N,90
SYS,GV_$IM_COL_CU,N,363
SYS,GV_$IM_COLUMN_LEVEL,N,137
SYS,GV_$IM_DELTA_HEADER,N,300
SYS,GV_$IMEU_HEADER,N,343
SYS,GV_$IM_GLOBALDICT,N,139
SYS,GV_$IM_GLOBALDICT_PIECEMAP,N,164
SYS,GV_$IM_GLOBALDICT_SORTORDER,N,143
SYS,GV_$IM_GLOBALDICT_VERSION,N,130
SYS,GV_$IM_HEADER,N,578
SYS,GV_$IMHMSEG,N,319
SYS,GV_$IM_IMECOL_CU,N,308
SYS,GV_$IM_SEG_EXT_MAP,N,155
SYS,GV_$IM_SEGMENTS,N,325
SYS,GV_$IM_SEGMENTS_DETAIL,N,363
SYS,GV_$IM_SMU_CHUNK,N,126
SYS,GV_$IM_SMU_DELTA,N,208
SYS,GV_$IM_SMU_HEAD,N,247
SYS,GV_$IM_TBS_EXT_MAP,N,109
SYS,GV_$IM_USER_SEGMENTS,N,308
SYS,GV_$INCMETER_CONFIG,N,150
SYS,GV_$INCMETER_INFO,N,165
SYS,GV_$INCMETER_SUMMARY,N,232
SYS,GV_$INDEXED_FIXED_COLUMN,N,114
SYS,GV_$INDEX_USAGE_INFO,N,226
SYS,GV_$INMEMORY_AREA,N,99
SYS,GV_$INMEMORY_FASTSTART_AREA,N,179
SYS,GV_$INMEMORY_XMEM_AREA,N,104
SYS,GV_$INSTANCE,N,342
SYS,GV_$INSTANCE_CACHE_TRANSFER,N,479
SYS,GV_$INSTANCE_LOG_GROUP,N,245
SYS,GV_$INSTANCE_PING,N,238
SYS,GV_$INSTANCE_RECOVERY,N,475
SYS,GV_$IO_CALIBRATION_STATUS,N,83
SYS,GV_$IOFUNCMETRIC,N,279
SYS,GV_$IOFUNCMETRIC_HISTORY,N,287
SYS,GV_$IO_OUTLIER,N,213
SYS,GV_$IOS_CLIENT,N,117
SYS,GV_$IOSTAT_CONSUMER_GROUP,N,273
SYS,GV_$IOSTAT_FILE,N,451
SYS,GV_$IOSTAT_FUNCTION,N,277
SYS,GV_$IOSTAT_FUNCTION_DETAIL,N,314
SYS,GV_$IOSTAT_NETWORK,N,138
SYS,GV_$IP_ACL,N,62
SYS,GV_$IR_FAILURE,N,167
SYS,GV_$IR_FAILURE_SET,N,95
SYS,GV_$IR_MANUAL_CHECKLIST,N,93
SYS,GV_$IR_REPAIR,N,226
SYS,GV_$JAVA_LIBRARY_CACHE_MEMORY,N,178
SYS,GV_$JAVA_PATCHING_STATUS,N,75
SYS,GV_$JAVAPOOL,N,63
SYS,GV_$JAVA_POOL_ADVICE,N,269
SYS,GV_$JAVA_SERVICES,N,54
SYS,GV_$KERNEL_IO_OUTLIER,N,212
SYS,GV_$KEY_VECTOR,N,496
SYS,GV_$LATCH,N,302
SYS,GV_$LATCH_CHILDREN,N,320
SYS,GV_$LATCHHOLDER,N,79
SYS,GV_$LATCH_MISSES,N,141
SYS,GV_$LATCHNAME,N,88
SYS,GV_$LATCH_PARENT,N,309
SYS,GV_$LCR_CACHE,N,192
SYS,GV_$LGWRIO_OUTLIER,N,217
SYS,GV_$LIBCACHE_LOCKS,N,190
SYS,GV_$LIBRARYCACHE,N,252
SYS,GV_$LIBRARY_CACHE_MEMORY,N,173
SYS,GV_$LICENSE,N,277
SYS,GV_$LISTENER_HEALTH,N,64
SYS,GV_$LISTENER_NETWORK,N,75
SYS,GV_$LOADISTAT,N,107
SYS,GV_$LOADPSTAT,N,81
SYS,GV_$LOBSTAT,N,143
SYS,GV_$_LOCK,N,105
SYS,GV_$LOCK,N,112
SYS,GV_$LOCK_ACTIVITY,N,90
SYS,GV_$LOCKDOWN_RULES,N,109
SYS,GV_$LOCKED_OBJECT,N,157
SYS,GV_$LOCK_ELEMENT,N,169
SYS,GV_$LOCKS_WITH_COLLISIONS,N,75
SYS,GV_$LOCK_TYPE,N,114
SYS,GV_$LOG,N,174
SYS,GV_$LOGFILE,N,99
SYS,GV_$LOGHIST,N,109
SYS,GV_$LOG_HISTORY,N,164
SYS,GV_$LOGMNR_CONTENTS,N,809
SYS,GV_$LOGMNR_DICTIONARY,N,263
SYS,GV_$LOGMNR_DICTIONARY_LOAD,N,187
SYS,GV_$LOGMNR_LATCH,N,87
SYS,GV_$LOGMNR_LOGFILE,N,248
SYS,GV_$LOGMNR_LOGS,N,276
SYS,GV_$LOGMNR_PARAMETERS,N,166
SYS,GV_$LOGMNR_PROCESS,N,168
SYS,GV_$LOGMNR_SESSION,N,545
SYS,GV_$LOGMNR_STATS,N,74
SYS,GV_$LOGMNR_TRANSACTION,N,375
SYS,GV_$LOGSTDBY,N,113
SYS,GV_$LOGSTDBY_PROCESS,N,128
SYS,GV_$LOGSTDBY_PROGRESS,N,178
SYS,GV_$LOGSTDBY_STATE,N,120
SYS,GV_$LOGSTDBY_STATS,N,63
SYS,GV_$LOGSTDBY_TRANSACTION,N,320
SYS,GV_$LREG_UPDSTAT,N,61
SYS,GV_$MANAGED_STANDBY,N,225
SYS,GV_$MAP_COMP_LIST,N,194
SYS,GV_$MAP_ELEMENT,N,158
SYS,GV_$MAP_EXT_ELEMENT,N,207
SYS,GV_$MAP_FILE,N,160
SYS,GV_$MAP_FILE_EXTENT,N,137
SYS,GV_$MAP_FILE_IO_STACK,N,199
SYS,GV_$MAP_LIBRARY,N,180
SYS,GV_$MAPPED_SQL,N,324
SYS,GV_$MAP_SUBELEMENT,N,120
SYS,GV_$MAX_ACTIVE_SESS_TARGET_MTH,N,67
SYS,GV_$MDX_CURSOR_DEPENDENCY,N,76
SYS,GV_$MDX_CURSORS,N,147
SYS,GV_$MEMOPTIMIZE_WRITE_AREA,N,122
SYS,GV_$MEMORY_CURRENT_RESIZE_OPS,N,183
SYS,GV_$MEMORY_DYNAMIC_COMPONENTS,N,209
SYS,GV_$MEMORY_RESIZE_OPS,N,174
SYS,GV_$MEMORY_TARGET_ADVICE,N,136
SYS,GV_$METRIC,N,168
SYS,GV_$METRICGROUP,N,94
SYS,GV_$METRIC_HISTORY,N,176
SYS,GV_$METRICNAME,N,108
SYS,GV_$MTTR_TARGET_ADVICE,N,244
SYS,GV_$MUTEX_SLEEP,N,90
SYS,GV_$MUTEX_SLEEP_HISTORY,N,217
SYS,GV_$MVREFRESH,N,86
SYS,GV_$MYSTAT,N,67
SYS,GV_$NFS_CLIENTS,N,143
SYS,GV_$NFS_LOCKS,N,146
SYS,GV_$NFS_OPEN_FILES,N,182
SYS,GV_$NLS_PARAMETERS,N,68
SYS,GV_$NLS_VALID_VALUES,N,85
SYS,GV_$NOLOGGING_STANDBY_TXN,N,367
SYS,GV_$NONLOGGED_BLOCK,N,225
SYS,GV_$OBJECT_DEPENDENCY,N,132
SYS,GV_$OBJECT_DML_FREQUENCIES,N,290
SYS,GV_$OBSOLETE_PARAMETER,N,73
SYS,GV_$OFFLINE_RANGE,N,157
SYS,GV_$OFSMOUNT,N,134
SYS,GV_$OFS_STATS,N,573
SYS,GV_$ONLINE_REDEF,N,258
SYS,GV_$OPEN_CURSOR,N,181
SYS,GV_$OPTIMIZER_PROCESSING_RATE,N,134
SYS,GV_$OPTION,N,60
SYS,GV_$OSSTAT,N,96
SYS,GV_$PARALLEL_DEGREE_LIMIT_MTH,N,66
SYS,GV_$PARAMETER,N,285
SYS,GV_$PARAMETER_VALID_VALUES,N,99
SYS,GV_$PARAMETER2,N,273
SYS,GV_$PASSWORDFILE_INFO,N,90
SYS,GV_$PATCHES,N,52
SYS,GV_$PDB_INCARNATION,N,296
SYS,GV_$PDBS,N,601
SYS,GV_$PERSISTENT_PUBLISHERS,N,243
SYS,GV_$PERSISTENT_QMN_CACHE,N,580
SYS,GV_$PERSISTENT_QUEUES,N,903
SYS,GV_$PERSISTENT_SUBSCRIBERS,N,547
SYS,GV_$PGASTAT,N,63
SYS,GV_$PGA_TARGET_ADVICE,N,220
SYS,GV_$PGATARGET_ADVICE_HISTOGRAM,N,294
SYS,GV_$PING,N,190
SYS,GV_$PKCS11_PATH,N,77
SYS,GV_$PLSQL_DEBUGGABLE_SESSIONS,N,998
SYS,GV_$PMEM_FILESTORE,N,186
SYS,GV_$POLICY_HISTORY,N,148
SYS,GV_$PQ_SESSTAT,N,85
SYS,GV_$PQ_SLAVE,N,243
SYS,GV_$PQ_SLAVEINFO,N,81
SYS,GV_$PQ_SYSSTAT,N,64
SYS,GV_$PQ_TQSTAT,N,163
SYS,GV_$PROCESS,N,304
SYS,GV_$PROCESS_GROUP,N,67
SYS,GV_$PROCESS_MEMORY,N,110
SYS,GV_$PROCESS_MEMORY_DETAIL,N,217
SYS,GV_$PROCESS_MEMORY_DETAIL_PROG,N,85
SYS,GV_$PROCESS_POOL,N,131
SYS,GV_$PROCESS_PRIORITY_DATA,N,167
SYS,GV_$PROPAGATION_RECEIVER,N,403
SYS,GV_$PROPAGATION_SENDER,N,573
SYS,GV_$PROXY_ARCHIVEDLOG,N,419
SYS,GV_$PROXY_DATAFILE,N,698
SYS,GV_$PROXY_PDB_TARGETS,N,110
SYS,GV_$PWFILE_USERS,N,255
SYS,GV_$PX_BUFFER_ADVICE,N,70
SYS,GV_$PX_INSTANCE_GROUP,N,95
SYS,GV_$PX_PROCESS,N,104
SYS,GV_$PX_PROCESS_SYSSTAT,N,72
SYS,GV_$PX_PROCESS_TRACE,N,182
SYS,GV_$PX_SESSION,N,160
SYS,GV_$PX_SESSTAT,N,181
SYS,GV_$QMON_COORDINATOR_STATS,N,337
SYS,GV_$QMON_SERVER_STATS,N,313
SYS,GV_$QMON_TASKS,N,224
SYS,GV_$QMON_TASK_STATS,N,266
SYS,GV_$QPX_INVENTORY,N,69
SYS,GV_$QUARANTINE,N,91
SYS,GV_$QUARANTINE_SUMMARY,N,142
SYS,GV_$QUERY_BLOCK_ORIGIN,N,84
SYS,GV_$QUEUE,N,79
SYS,GV_$QUEUEING_MTH,N,53
SYS,GV_$RECOVER_FILE,N,104
SYS,GV_$RECOVERY_FILE_STATUS,N,84
SYS,GV_$RECOVERY_LOG,N,90
SYS,GV_$RECOVERY_PROGRESS,N,125
SYS,GV_$RECOVERY_SLAVE,N,110
SYS,GV_$RECOVERY_STATUS,N,176
SYS,GV_$REDO_DEST_RESP_HISTOGRAM,N,98
SYS,GV_$REPLAY_CONTEXT,N,494
SYS,GV_$REPLAY_CONTEXT_LOB,N,122
SYS,GV_$REPLAY_CONTEXT_SEQUENCE,N,145
SYS,GV_$REPLAY_CONTEXT_SYSDATE,N,96
SYS,GV_$REPLAY_CONTEXT_SYSGUID,N,96
SYS,GV_$REPLAYCONTEXT_SYSTIMESTAMP,N,106
SYS,GV_$REQDIST,N,58
SYS,GV_$RESERVED_WORDS,N,123
SYS,GV_$RESOURCE,N,68
SYS,GV_$RESOURCE_LIMIT,N,139
SYS,GV_$RESTORE_POINT,N,248
SYS,GV_$RESULT_CACHE_DEPENDENCY,N,93
SYS,GV_$RESULT_CACHE_MEMORY,N,119
SYS,GV_$RESULT_CACHE_OBJECTS,N,446
SYS,GV_$RESULT_CACHE_STATISTICS,N,77
SYS,GV_$RESULT_SUBCACHE_STATISTICS,N,94
SYS,GV_$RESUMABLE,N,243
SYS,GV_$RFS_THREAD,N,189
SYS,GV_$RMAN_COMPRESSION_ALGORITHM,N,218
SYS,GV_$RMAN_CONFIGURATION,N,75
SYS,GV_$RMAN_OUTPUT,N,169
SYS,GV_$ROLLSTAT,N,206
SYS,GV_$RO_USER_ACCOUNT,N,195
SYS,GV_$ROWCACHE,N,248
SYS,GV_$ROWCACHE_PARENT,N,242
SYS,GV_$ROWCACHE_SUBORDINATE,N,141
SYS,GV_$RSRC_CONS_GROUP_HISTORY,N,975
SYS,GV_$RSRC_CONSUME_GROUP_CPU_MTH,N,68
SYS,GV_$RSRC_CONSUMER_GROUP,N,1124
SYS,GV_$RSRCMGRMETRIC,N,548
SYS,GV_$RSRCMGRMETRIC_HISTORY,N,556
SYS,GV_$RSRC_PDB,N,568
SYS,GV_$RSRC_PDB_HISTORY,N,453
SYS,GV_$RSRCPDBMETRIC,N,562
SYS,GV_$RSRCPDBMETRIC_HISTORY,N,570
SYS,GV_$RSRC_PLAN,N,329
SYS,GV_$RSRC_PLAN_CPU_MTH,N,58
SYS,GV_$RSRC_PLAN_HISTORY,N,266
SYS,GV_$RSRC_SESSION_INFO,N,1400
SYS,GV_$RT_ADDM_CONTROL,N,86
SYS,GV_$RULE,N,175
SYS,GV_$RULE_SET,N,494
SYS,GV_$RULE_SET_AGGREGATE_STATS,N,73
SYS,GV_$SCHEDULER_INMEM_MDINFO,N,153
SYS,GV_$SCHEDULER_INMEM_RTINFO,N,216
SYS,GV_$SCHEDULER_RUNNING_JOBS,N,142
SYS,GV_$SECUREFILE_SHRINK,N,205
SYS,GV_$SECUREFILE_TIMER,N,125
SYS,GV_$SEGMENT_STATISTICS,N,185
SYS,GV_$SEGSPACE_USAGE,N,274
SYS,GV_$SEGSTAT,N,103
SYS,GV_$SEGSTAT_NAME,N,76
SYS,GV_$SERVICE_EVENT,N,198
SYS,GV_$SERVICEMETRIC,N,244
SYS,GV_$SERVICEMETRIC_HISTORY,N,225
SYS,GV_$SERVICE_REGION_METRIC,N,173
SYS,GV_$SERVICES,N,431
SYS,GV_$SERVICE_STATS,N,115
SYS,GV_$SERVICE_WAIT_CLASS,N,184
SYS,GV_$SERV_MOD_ACT_STATS,N,137
SYS,GV_$SES_OPTIMIZER_ENV,N,103
SYS,GV_$SESS_IO,N,159
SYS,GV_$SESSION,N,1594
SYS,GV_$SESSION_BLOCKERS,N,171
SYS,GV_$SESSION_CONNECT_INFO,N,249
SYS,GV_$SESSION_CURSOR_CACHE,N,99
SYS,GV_$SESSION_EVENT,N,212
SYS,GV_$SESSION_FIX_CONTROL,N,158
SYS,GV_$SESSION_LONGOPS,N,395
SYS,GV_$SESSION_OBJECT_CACHE,N,272
SYS,GV_$SESSIONS_COUNT,N,95
SYS,GV_$SESSION_WAIT,N,335
SYS,GV_$SESSION_WAIT_CLASS,N,165
SYS,GV_$SESSION_WAIT_HISTORY,N,185
SYS,GV_$SESSMETRIC,N,228
SYS,GV_$SESSTAT,N,68
SYS,GV_$SESS_TIME_MODEL,N,85
SYS,GV_$SGA,N,52
SYS,GV_$SGA_CURRENT_RESIZE_OPS,N,180
SYS,GV_$SGA_DYNAMIC_COMPONENTS,N,206
SYS,GV_$SGA_DYNAMIC_FREE_MEMORY,N,72
SYS,GV_$SGAINFO,N,69
SYS,GV_$SGA_RESIZE_OPS,N,171
SYS,GV_$SGASTAT,N,63
SYS,GV_$SGA_TARGET_ADVICE,N,188
SYS,GV_$SHADOW_DATAFILE,N,200
SYS,GV_$SHARED_POOL_ADVICE,N,275
SYS,GV_$SHARED_POOL_RESERVED,N,337
SYS,GV_$SHARED_SERVER,N,181
SYS,GV_$SHARED_SERVER_MONITOR,N,173
SYS,GV_$SHARED_SERVER_STAT,N,115
SYS,GV_$SORT_SEGMENT,N,405
SYS,GV_$SORT_USAGE,N,228
SYS,GV_$SPPARAMETER,N,139
SYS,GV_$SQL,N,1838
SYS,GV_$SQLAREA,N,1565
SYS,GV_$SQLAREA_PLAN_HASH,N,1381
SYS,GV_$SQL_BIND_CAPTURE,N,286
SYS,GV_$SQL_BIND_DATA,N,250
SYS,GV_$SQL_BIND_METADATA,N,120
SYS,GV_$SQLCOMMAND,N,74
SYS,GV_$SQL_CS_HISTOGRAM,N,117
SYS,GV_$SQL_CS_SELECTIVITY,N,135
SYS,GV_$SQL_CS_STATISTICS,N,184
SYS,GV_$SQL_CURSOR,N,236
SYS,GV_$SQL_DIAG_REPOSITORY,N,154
SYS,GV_$SQL_DIAG_REPOSITORY_REASON,N,200
SYS,GV_$SQL_FEATURE,N,84
SYS,GV_$SQL_FEATURE_DEPENDENCY,N,82
SYS,GV_$SQL_FEATURE_HIERARCHY,N,81
SYS,GV_$SQLFN_ARG_METADATA,N,90
SYS,GV_$SQLFN_METADATA,N,171
SYS,GV_$SQL_HINT,N,135
SYS,GV_$SQL_JOIN_FILTER,N,165
SYS,GV_$SQL_MONITOR,N,1459
SYS,GV_$SQL_MONITOR_SESSTAT,N,80
SYS,GV_$SQL_MONITOR_STATNAME,N,106
SYS,GV_$SQL_OPTIMIZER_ENV,N,146
SYS,GV_$SQLPA_METRIC,N,60
SYS,GV_$SQL_PLAN,N,571
SYS,GV_$SQL_PLAN_MONITOR,N,2586
SYS,GV_$SQL_PLAN_STATISTICS,N,418
SYS,GV_$SQL_PLAN_STATISTICS_ALL,N,1091
SYS,GV_$SQL_REDIRECTION,N,231
SYS,GV_$SQL_REOPTIMIZATION_HINTS,N,149
SYS,GV_$SQL_SHARD,N,129
SYS,GV_$SQL_SHARED_CURSOR,N,1508
SYS,GV_$SQL_SHARED_MEMORY,N,213
SYS,GV_$SQLSTATS,N,1619
SYS,GV_$SQLSTATS_PLAN_HASH,N,1517
SYS,GV_$SQL_TESTCASES,N,153
SYS,GV_$SQLTEXT,N,107
SYS,GV_$SQLTEXT_WITH_NEWLINES,N,121
SYS,GV_$SQL_WORKAREA,N,392
SYS,GV_$SQL_WORKAREA_ACTIVE,N,341
SYS,GV_$SQL_WORKAREA_HISTOGRAM,N,181
SYS,GV_$SSCR_SESSIONS,N,135
SYS,GV_$STANDBY_LOG,N,213
SYS,GV_$STATISTICS_LEVEL,N,179
SYS,GV_$STATNAME,N,95
SYS,GV_$STREAMS_APPLY_COORDINATOR,N,561
SYS,GV_$STREAMS_APPLY_READER,N,690
SYS,GV_$STREAMS_APPLY_SERVER,N,619
SYS,GV_$STREAMS_CAPTURE,N,827
SYS,GV_$STREAMS_MESSAGE_TRACKING,N,310
SYS,GV_$STREAMS_POOL_ADVICE,N,191
SYS,GV_$STREAMS_POOL_STATISTICS,N,149
SYS,GV_$STREAMS_TRANSACTION,N,321
SYS,GV_$SUBCACHE,N,137
SYS,GV_$SUBSCR_REGISTRATION_STATS,N,407
SYS,_GV$SXGG_APPLY_COORDINATOR,N,1646
SYS,_GV$SXGG_APPLY_READER,N,2113
SYS,_GV$SXGG_APPLY_SERVER,N,1843
SYS,_GV$SXGG_CAPTURE,N,2318
SYS,_GV$SXGG_MESSAGE_TRACKING,N,930
SYS,_GV$SXGG_TRANSACTION,N,1012
SYS,GV_$SYSAUX_OCCUPANTS,N,156
SYS,GV_$SYSMETRIC,N,141
SYS,GV_$SYSMETRIC_HISTORY,N,149
SYS,GV_$SYSMETRIC_SUMMARY,N,205
SYS,GV_$SYS_OPTIMIZER_ENV,N,113
SYS,GV_$SYS_REPORT_REQUESTS,N,120
SYS,GV_$SYS_REPORT_STATS,N,344
SYS,GV_$SYSSTAT,N,87
SYS,GV_$SYSTEM_CURSOR_CACHE,N,80
SYS,GV_$SYSTEM_EVENT,N,298
SYS,GV_$SYSTEM_FIX_CONTROL,N,144
SYS,GV_$SYSTEM_PARAMETER,N,292
SYS,GV_$SYSTEM_PARAMETER2,N,287
SYS,GV_$SYSTEM_RESET_PARAMETER,N,191
SYS,GV_$SYSTEM_RESET_PARAMETER2,N,202
SYS,GV_$SYSTEM_WAIT_CLASS,N,214
SYS,GV_$SYS_TIME_MODEL,N,78
SYS,GV_$TABLESPACE,N,132
SYS,GV_$TEMP_CACHE_TRANSFER,N,245
SYS,GV_$TEMP_EXTENT_MAP,N,128
SYS,GV_$TEMP_EXTENT_POOL,N,183
SYS,GV_$TEMPFILE,N,171
SYS,GV_$TEMPFILE_INFO_INSTANCE,N,188
SYS,GV_$TEMPORARY_LOBS,N,98
SYS,GV_$TEMP_PING,N,404
SYS,GV_$TEMP_SPACE_HEADER,N,148
SYS,GV_$TEMPSTAT,N,200
SYS,GV_$TEMPUNDOSTAT,N,197
SYS,GV_$THREAD,N,310
SYS,GV_$THRESHOLD_TYPES,N,149
SYS,GV_$TIMER,N,47
SYS,GV_$TIMEZONE_FILE,N,58
SYS,GV_$TIMEZONE_NAMES,N,58
SYS,GV_$TOPLEVELCALL,N,86
SYS,GV_$TRANSACTION,N,547
SYS,GV_$TRANSACTION_ENQUEUE,N,127
SYS,GV_$TRANSPORTABLE_PLATFORM,N,102
SYS,GV_$TSDP_SUPPORTED_FEATURE,N,99
SYS,GV_$TSM_SESSIONS,N,358
SYS,GV_$TYPE_SIZE,N,88
SYS,GV_$UNDOSTAT,N,328
SYS,GV_$UNIFIED_AUDIT_TRAIL,N,1985
SYS,GV_$VERSION,N,80
SYS,GV_$VPD_POLICY,N,188
SYS,GV_$WAITCLASSMETRIC,N,218
SYS,GV_$WAITCLASSMETRIC_HISTORY,N,226
SYS,GV_$WAITSTAT,N,65
SYS,GV_$WALLET,N,96
SYS,GV_$WLM_DB_MODE,N,125
SYS,GV_$WLM_PCMETRIC,N,315
SYS,GV_$WLM_PCMETRIC_HISTORY,N,323
SYS,GV_$WLM_PCSERVICE,N,88
SYS,GV_$WLM_PC_STATS,N,101
SYS,GV_$WORKLOAD_REPLAY_THREAD,N,618
SYS,GV_$XML_AUDIT_TRAIL,N,553
SYS,GV_$XS_SESSION_NS_ATTRIBUTES,N,188
SYS,GV_$XS_SESSION_ROLES,N,83
SYS,GV_$XS_SESSIONS,N,70
SYS,GV_$XSTREAM_APPLY_COORDINATOR,N,538
SYS,GV_$XSTREAM_APPLY_READER,N,590
SYS,GV_$XSTREAM_APPLY_RECEIVER,N,278
SYS,GV_$XSTREAM_APPLY_SERVER,N,619
SYS,GV_$XSTREAM_CAPTURE,N,733
SYS,GV_$XSTREAM_MESSAGE_TRACKING,N,300
SYS,GV_$XSTREAM_OUTBOUND_SERVER,N,388
SYS,GV_$XSTREAM_TABLE_STATS,N,543
SYS,GV_$XSTREAM_TRANSACTION,N,315
SYS,GV_$ZONEMAP_USAGE_STATS,N,119
SYS,HS_ALL_CAPS,N,1188
SYS,HS_ALL_DD,N,1332
SYS,HS_ALL_INITS,N,634
SYS,HS_BASE_CAPS,N,53
SYS,HS_BASE_DD,N,65
SYS,HS_CLASS_CAPS,N,281
SYS,HS_CLASS_DD,N,280
SYS,HS_CLASS_INIT,N,211
SYS,HS_FDS_CLASS,N,72
SYS,HS_FDS_CLASS_DATE,N,151
SYS,HS_FDS_INST,N,169
SYS,HS_INST_CAPS,N,382
SYS,HS_INST_DD,N,377
SYS,HS_INST_INIT,N,288
SYS,IMP_LOB_INFO,N,2832
SYS,IMP_LOB_NOTNULL,N,199
SYS,IMPRBS,N,142
SYS,IMP_TAB_TRIG,N,364
SYS,IMP10TYPIDUSED,N,52
SYS,IMP10TYPUSED,N,248
SYS,IMP8CDT,N,223
SYS,IMP8CDTU,N,97
SYS,IMP8CON,N,398
SYS,IMP8REPCAT,N,171
SYS,IMP8TTD,N,285
SYS,IMP8TTDU,N,1057
SYS,IMP8UEC,N,56
SYS,IMP9COMPAT,N,77
SYS,IMP9CON,N,384
SYS,IMP9SYNU,N,191
SYS,IMP9SYN4,N,891
SYS,IMP9TVOID,N,1089
SYS,IMP9USR,N,97
SYS,INDCOMPARTV$,N,564
SYS,INDEX_HISTOGRAM,N,173
SYS,INDEX_ORPHANED_ENTRY_V$,N,769
SYS,INDEX_STATS,N,5805
SYS,INDPARTV$,N,438
SYS,INDSUBPARTV$,N,431
SYS,_INMEMORY_AIMTASKDETAILS,N,1642
SYS,_INMEMORY_AIMTASKS,N,510
SYS,_INT$_ALL_SYNONYMS_FOR_AO,N,496
SYS,_INT$_ALL_SYNONYMS_FOR_SYN,N,678
SYS,INT$AUDIT_UNIFIED_ENABLED_POL,N,1009
SYS,INT$AUDIT_UNIFIED_POLICIES,N,10282
SYS,INT$CONTAINER_OBJ$,N,102
SYS,INT$DATA_LINK_TAB_STATISTICS,N,2135
SYS,INT$DBA_APP_STATEMENTS,N,2771
SYS,INT$DBA_ARGUMENTS,N,2825
SYS,INT$DBA_ATTR_DIM,N,899
SYS,INT$DBA_ATTR_DIM_ATTR_CLASS,N,630
SYS,INT$DBA_ATTR_DIM_ATTRS,N,734
SYS,INT$DBA_ATTR_DIM_CLASS,N,580
SYS,INT$DBA_ATTR_DIM_JOIN_PATHS,N,1944
SYS,INT$DBA_ATTR_DIM_KEYS,N,848
SYS,INT$DBA_ATTR_DIM_LEVEL_ATTRS,N,2535
SYS,INT$DBA_ATTR_DIM_LEVELS,N,792
SYS,INT$DBA_ATTR_DIM_LVL_CLASS,N,633
SYS,INT$DBA_ATTR_DIM_ORDER_ATT,N,799
SYS,INT$DBA_ATTR_DIM_TABLES,N,656
SYS,INT$DBA_AVIEW_AGGR_DIMS,N,536
SYS,INT$DBA_AVIEW_AGGR_FNS,N,521
SYS,INT$DBA_AVIEW_ATTR_CLASS,N,1073
SYS,INT$DBA_AVIEW_BASE_MEAS,N,894
SYS,INT$DBA_AVIEW_CALC_MEAS,N,508
SYS,INT$DBA_AVIEW_CLASS,N,589
SYS,INT$DBA_AVIEW_COLUMNS,N,5539
SYS,INT$DBA_AVIEW_DIM_ATTRS,N,608
SYS,INT$DBA_AVIEW_DIM_CLASS,N,665
SYS,INT$DBA_AVIEW_DIMENSIONS,N,919
SYS,INT$DBA_AVIEW_FACT_COLS,N,711
SYS,INT$DBA_AVIEW_HIER_CLASS,N,811
SYS,INT$DBA_AVIEW_HIERS,N,664
SYS,INT$DBA_AVIEW_KEYS,N,858
SYS,INT$DBA_AVIEW_LEVEL_CLASS,N,989
SYS,INT$DBA_AVIEW_LEVELS,N,696
SYS,INT$DBA_AVIEW_LVLGRPS,N,1658
SYS,INT$DBA_AVIEW_MEAS_CLASS,N,650
SYS,INT$DBA_AVIEWS,N,1129
SYS,INT$DBA_CDB_SERVICES,N,208
SYS,INT$DBA_CLUSTERS,N,1785
SYS,INT$DBA_COL_COMMENTS,N,902
SYS,INT$DBA_CONSTRAINTS,N,665
SYS,INT$DBA_CONTEXT,N,462
SYS,INT$DBA_DIRECTORIES,N,252
SYS,INT$DBA_HIERARCHIES,N,774
SYS,INT$DBA_HIER_CLASS,N,560
SYS,INT$DBA_HIER_COLUMNS,N,2547
SYS,INT$DBA_HIER_HIER_ATTR_CLASS,N,655
SYS,INT$DBA_HIER_HIER_ATTRIBUTES,N,449
SYS,INT$DBA_HIER_JOIN_PATHS,N,440
SYS,INT$DBA_HIER_LEVEL_ID_ATTRS,N,493
SYS,INT$DBA_HIER_LEVELS,N,458
SYS,INT$DBA_IDENTIFIERS,N,3742
SYS,INT$DBA_JSON_COLUMNS,N,422
SYS,INT$DBA_JSON_DATAGUIDES,N,1695
SYS,INT$DBA_JSON_DG_COLS,N,394
SYS,INT$DBA_JSON_TABLE_COLS_CONSTRAINT_COUNT,N,688
SYS,INT$DBA_JSON_TABLE_COLS_JSON_TYPE_COUNT,N,521
SYS,INT$DBA_JSON_TABLE_COLUMNS,N,1245
SYS,INT$DBA_JSON_TYPE_COLUMNS,N,674
SYS,INT$DBA_JSON_VIEW_COLUMNS,N,1424
SYS,INT$DBA_LIBRARIES,N,463
SYS,INT$DBA_PLSQL_OBJECT_SETTINGS,N,1190
SYS,INT$DBA_PROCEDURES,N,3607
SYS,INT$DBA_SOURCE,N,878
SYS,INT$DBA_SOURCE_AE,N,918
SYS,INT$DBA_STATEMENTS,N,1742
SYS,INT$DBA_STORED_SETTINGS,N,584
SYS,INT$DBA_SYNONYMS,N,313
SYS,INT$DBA_TAB_COMMENTS,N,1635
SYS,INT$DBA_VIEWS,N,1707
SYS,INT$DBA_VIEWS_AE,N,1725
SYS,INT$INT$DBA_CONSTRAINTS,N,2326
SYS,JAVA$RMJVM$AUX4V,N,42
SYS,JAVASNM,N,35
SYS,JOB$_CDB,N,317
SYS,JOB$_REDUCED,N,173
SYS,KU$_ACPTABLE_VIEW,N,7431
SYS,KU$_ADD_SNAP_VIEW,N,336
SYS,KU$_ALL_INDEX_VIEW,N,4439
SYS,KU$_ALL_TSLTZ_TAB_COLS,N,2845
SYS,KU$_ALL_TSLTZ_TABLES,N,73
SYS,KU$_ALTER_FUNC_VIEW,N,445
SYS,KU$_ALTER_PKGBDY_VIEW,N,446
SYS,KU$_ALTER_PKGSPC_VIEW,N,445
SYS,KU$_ALTER_PROC_VIEW,N,445
SYS,KU$_ANALYTIC_VIEW,N,2171
SYS,KU$_ANALYTIC_VIEW_DIM_VIEW,N,1167
SYS,KU$_ANALYTIC_VIEW_HIERS_VIEW,N,226
SYS,KU$_ANALYTIC_VIEW_KEYS_VIEW,N,423
SYS,KU$_ANALYTIC_VIEW_MEAS_VIEW,N,1449
SYS,KU$_ARGUMENT_VIEW,N,578
SYS,KU$_ASSOC_VIEW,N,716
SYS,KU$_ATTR_DIM_ATTR_VIEW,N,772
SYS,KU$_ATTR_DIM_JOIN_PATH_VIEW,N,1689
SYS,KU$_ATTR_DIM_LVL_KEY_VIEW,N,599
SYS,KU$_ATTR_DIM_LVL_ORDBY_VIEW,N,471
SYS,KU$_ATTR_DIM_LVL_VIEW,N,1807
SYS,KU$_ATTRIBUTE_DIMENSION_VIEW,N,1913
SYS,KU$_AUDCONTEXT_NAMESPACE_VIEW,N,74
SYS,KU$_AUDCONTEXT_USER_VIEW,N,173
SYS,KU$_AUDIT_CONTEXT_VIEW,N,440
SYS,KU$_AUDIT_DEFAULT_VIEW,N,292
SYS,KU$_AUDIT_OBJ_BASE_VIEW,N,1674
SYS,KU$_AUDIT_OBJ_VIEW,N,272
SYS,KU$_AUDIT_POLICY_ENABLE_VIEW,N,226
SYS,KU$_AUDIT_POLICY_VIEW,N,4368
SYS,KU$_AUDIT_VIEW,N,623
SYS,KU$_AV_FACT_COLS_VIEW,N,249
SYS,KU$_BASE_PROC_OBJNUM_VIEW,N,432
SYS,KU$_BASE_PROC_VIEW,N,508
SYS,KU$_BCHAIN_CHAIN_VIEW,N,236
SYS,KU$_BCHAIN_EPOCH_VIEW,N,456
SYS,KU$_BLOCKCHAIN_VIEW,N,376
SYS,KU$_BYTES_ALLOC_VIEW,N,423
SYS,KU$_CHILD_NESTED_TAB_VIEW,N,243
SYS,KU$_CLSTCOL_VIEW,N,379
SYS,KU$_CLSTJOIN_VIEW,N,596
SYS,KU$_CLST_VIEW,N,535
SYS,KU$_CLST_ZONEMAP_VIEW,N,344
SYS,KU$_CLUSTER_VIEW,N,1680
SYS,KU$_CLU_TS_VIEW,N,289
SYS,KU$_CODE_BASE_GRANT_VIEW,N,517
SYS,KU$_COLLECTION_VIEW,N,1558
SYS,KU$_COLLIST_VIEW,N,535
SYS,KU$_COL_STATS_VIEW,N,1716
SYS,KU$_COLTYPE_VIEW,N,1670
SYS,KU$_COLUMN_VIEW,N,8326
SYS,KU$_COMMENT_VIEW,N,622
SYS,KU$_CONSTRAINT_COL_VIEW,N,626
SYS,KU$_CONSTRAINT_EXISTS_VIEW,N,652
SYS,KU$_CONSTRAINT_VIEW,N,1534
SYS,KU$_CONSTRAINT0_VIEW,N,475
SYS,KU$_CONSTRAINT1_VIEW,N,2191
SYS,KU$_CONSTRAINT2_VIEW,N,956
SYS,KU$_CONTEXT_VIEW,N,436
SYS,KU$_CREDENTIAL_VIEW,N,407
SYS,KU$_CUBE_FACT_VIEW,N,1015
SYS,KU$_CUBE_TAB_VIEW,N,7476
SYS,KU$_DBLINK_VIEW,N,1203
SYS,KU$_DEFERRED_STG_VIEW,N,1590
SYS,KU$_DEFROLE_LIST_VIEW,N,165
SYS,KU$_DEFROLE_VIEW,N,407
SYS,KU$_DEPTABLE_OBJNUM_VIEW,N,710
SYS,KU$_DEPTYPES_BASE_VIEW,N,1571
SYS,KU$_DEPTYPES_VIEW,N,295
SYS,KU$_DEPVIEWS_BASE_VIEW,N,896
SYS,KU$_DEPVIEWS_VIEW,N,271
SYS,KU$_DIMENSION_VIEW,N,514
SYS,KU$_DIRECTORY_VIEW,N,373
SYS,KU$_DOMIDX_OBJNUM_VIEW,N,550
SYS,KU$_DOMIDX_PARTITION_VIEW,N,6810
SYS,KU$_DOMIDX_PLSQL_VIEW,N,1969
SYS,KU$_DOMIDX_2NDTAB_VIEW,N,192
SYS,KU$_DUMMY_COMMAND_RULE_VIEW,N,68
SYS,KU$_DUMMY_COMM_RULE_ALTS_V,N,68
SYS,KU$_DUMMY_DV_ACCTS_V,N,68
SYS,KU$_DUMMY_DV_AUTH_AP_V,N,68
SYS,KU$_DUMMY_DV_AUTH_DBCAPTURE_V,N,68
SYS,KU$_DUMMY_DV_AUTH_DBREPLAY_V,N,68
SYS,KU$_DUMMY_DV_AUTH_DDL_V,N,68
SYS,KU$_DUMMY_DV_AUTH_DIAG_V,N,68
SYS,KU$_DUMMY_DV_AUTH_DP_V,N,68
SYS,KU$_DUMMY_DV_AUTH_JOB_V,N,68
SYS,KU$_DUMMY_DV_AUTH_MAINT_V,N,68
SYS,KU$_DUMMY_DV_AUTH_PREP_V,N,68
SYS,KU$_DUMMY_DV_AUTH_PROXY_V,N,68
SYS,KU$_DUMMY_DV_AUTH_RAS_AS_V,N,68
SYS,KU$_DUMMY_DV_AUTH_TTS_V,N,68
SYS,KU$_DUMMY_DV_INDEX_FUNC_V,N,68
SYS,KU$_DUMMY_DV_ORADEBUG_V,N,68
SYS,KU$_DUMMY_FACTOR_LINK_VIEW,N,68
SYS,KU$_DUMMY_FACTOR_TYPE_VIEW,N,68
SYS,KU$_DUMMY_FACTOR_VIEW,N,68
SYS,KU$_DUMMY_IDENTITY_MAP_VIEW,N,68
SYS,KU$_DUMMY_IDENTITY_VIEW,N,68
SYS,KU$_DUMMY_ISRM_VIEW,N,68
SYS,KU$_DUMMY_ISR_VIEW,N,106
SYS,KU$_DUMMY_POLICY_OBJ_C_ALTS_V,N,68
SYS,KU$_DUMMY_POLICY_OBJ_C_V,N,68
SYS,KU$_DUMMY_POLICY_OBJ_R_V,N,68
SYS,KU$_DUMMY_POLICY_OWNER_V,N,68
SYS,KU$_DUMMY_POLICY_V,N,68
SYS,KU$_DUMMY_REALM_AUTH_VIEW,N,68
SYS,KU$_DUMMY_REALM_MEMBER_VIEW,N,68
SYS,KU$_DUMMY_REALM_VIEW,N,68
SYS,KU$_DUMMY_ROLE_VIEW,N,68
SYS,KU$_DUMMY_RULE_SET_MEMBER_VIEW,N,68
SYS,KU$_DUMMY_RULE_SET_VIEW,N,68
SYS,KU$_DUMMY_RULE_VIEW,N,68
SYS,KU$_EDITION_OBJ_VIEW,N,2124
SYS,KU$_EDITION_PROC_EXISTS_VIEW,N,392
SYS,KU$_EDITION_SCHEMAOBJ_VIEW,N,6633
SYS,KU$_EDITION_TRIG_EXISTS_VIEW,N,293
SYS,KU$_END_PLUGTS_BLK_VIEW,N,240
SYS,KU$_EQNTABLE_BYTES_ALLOC_VIEW,N,308
SYS,KU$_EQNTABLE_DATA_VIEW,N,3810
SYS,KU$_EXPACT_VIEW,N,44
SYS,KU$_EXPPKGACT_VIEW,N,2802
SYS,KU$_EXP_PKG_BODY_VIEW,N,699
SYS,KU$_EXPPKGOBJ_VIEW,N,2693
SYS,KU$_EXPREG,N,389
SYS,KU$_EXP_TYPE_BODY_VIEW,N,1137
SYS,KU$_EXP_XMLSCHEMA_VIEW,N,547
SYS,KU$_EXTTAB_VIEW,N,523
SYS,KU$_FBA_PERIOD_VIEW,N,219
SYS,KU$_FBA_VIEW,N,150
SYS,KU$_FGA_POLICY_VIEW,N,900
SYS,KU$_FHTABLE_VIEW,N,6622
SYS,KU$_FILE_VIEW,N,2783
SYS,KU$_FIND_ATTRCOL_VIEW,N,386
SYS,KU$_FIND_HIDDEN_CONS_VIEW,N,591
SYS,KU$_FIND_NTAB_ATTRCOL_VIEW,N,436
SYS,KU$_FIND_SGC_COLS_VIEW,N,107
SYS,KU$_FIND_SGCOL_VIEW,N,323
SYS,KU$_FIND_SGC_VIEW,N,1956
SYS,KU$_FIND_SGI_COLS_VIEW,N,112
SYS,KU$_FULL_PKG_VIEW,N,564
SYS,KU$_FULL_TYPE_VIEW,N,563
SYS,KU$_FUNC_VIEW,N,146
SYS,KU$_HCS_AGGR_FN_VIEW,N,139
SYS,KU$_HCS_AV_CACHE_DST_MSLST,N,71
SYS,KU$_HCS_AV_CACHE_LVGP_VIEW,N,510
SYS,KU$_HCS_AV_CACHE_LVL_VIEW,N,134
SYS,KU$_HCS_AV_CACHE_MEAS_VIEW,N,98
SYS,KU$_HCS_AV_CACHE_MLST_VIEW,N,629
SYS,KU$_HCS_CLSFCTN_VIEW,N,185
SYS,KU$_HCS_SRC_VIEW,N,267
SYS,KU$_HCS_TBL_VIEW,N,116
SYS,KU$_HIERARCHY_VIEW,N,1382
SYS,KU$_HIER_HIER_ATTR_VIEW,N,772
SYS,KU$_HIER_JOIN_PATH_VIEW,N,97
SYS,KU$_HIER_LVL_VIEW,N,158
SYS,KU$_HISTGRM_VIEW,N,1579
SYS,KU$_HNTP_VIEW,N,792
SYS,KU$_HNT_VIEW,N,1654
SYS,KU$_HTABLE_BYTES_ALLOC_VIEW,N,512
SYS,KU$_HTABLE_DATA_VIEW,N,4077
SYS,KU$_HTABLE_VIEW,N,5338
SYS,KU$_HTPART_BYTES_ALLOC_VIEW,N,563
SYS,KU$_HTPART_DATA_VIEW,N,4802
SYS,KU$_HTSPART_BYTES_ALLOC_VIEW,N,619
SYS,KU$_HTSPART_DATA_VIEW,N,4925
SYS,KU$_IDCOL_SEQ_VIEW,N,484
SYS,KU$_IDENTITY_COLOBJ_VIEW,N,528
SYS,KU$_IDENTITY_COL_VIEW,N,406
SYS,KU$_ILM_POLICY_VIEW,N,538
SYS,KU$_ILM_POLICY_VIEW2,N,501
SYS,KU$_IM_COLSEL_VIEW,N,188
SYS,KU$_INC_TYPE_VIEW,N,681
SYS,KU$_INDARRAYTYPE_VIEW,N,260
SYS,KU$_IND_CACHE_STATS_VIEW,N,52
SYS,KU$_IND_COL_VIEW,N,724
SYS,KU$_IND_COMPART_VIEW,N,2462
SYS,KU$_INDEX_COL_VIEW,N,1524
SYS,KU$_IND_EXISTS_VIEW,N,304
SYS,KU$_INDEX_OBJNUM_VIEW,N,1115
SYS,KU$_INDEXOP_VIEW,N,419
SYS,KU$_INDEX_PARTITION_VIEW,N,6694
SYS,KU$_INDEX_SUBPARTITION_VIEW,N,7055
SYS,KU$_INDEXTYPE_VIEW,N,1032
SYS,KU$_INDEX_VIEW,N,32
SYS,KU$_IND_PART_COL_VIEW,N,191
SYS,KU$_IND_PARTOBJ_VIEW,N,991
SYS,KU$_IND_PART_VIEW,N,1987
SYS,KU$_IND_STATS_VIEW,N,675
SYS,KU$_IND_SUBNAME_VIEW,N,1473
SYS,KU$_IND_SUBPART_COL_VIEW,N,191
SYS,KU$_IND_SUBPART_VIEW,N,1696
SYS,KU$_IND_TS_VIEW,N,236
SYS,KU$_INSERT_TS_VIEW,N,114
SYS,KU$_INSTANCE_CALLOUT_VIEW,N,593
SYS,KU$_IONT_VIEW,N,1881
SYS,KU$_IOTABLE_BYTES_ALLOC_VIEW,N,593
SYS,KU$_IOTABLE_DATA_VIEW,N,3718
SYS,KU$_IOTABLE_VIEW,N,7030
SYS,KU$_IOTPART_BYTES_ALLOC_VIEW,N,712
SYS,KU$_IOTPART_DATA_VIEW,N,4154
SYS,KU$_IOT_PARTOBJ_VIEW,N,1653
SYS,KU$_JAVA_CLASS_VIEW,N,500
SYS,KU$_JAVA_OBJNUM_VIEW,N,295
SYS,KU$_JAVA_RESOURCE_VIEW,N,500
SYS,KU$_JAVA_SOURCE_VIEW,N,802
SYS,KU$_JIJOIN_TABLE_VIEW,N,211
SYS,KU$_JIJOIN_VIEW,N,465
SYS,KU$_JOB_VIEW,N,828
SYS,KU$_LIBRARY_VIEW,N,890
SYS,KU$_LOBCOMPPART_VIEW,N,686
SYS,KU$_LOBFRAGINDEX_VIEW,N,1006
SYS,KU$_LOBFRAG_VIEW,N,994
SYS,KU$_LOBINDEX_VIEW,N,1050
SYS,KU$_LOB_VIEW,N,1515
SYS,KU$_MAP_TABLE_VIEW,N,430
SYS,KU$_MAP_TABPART_VIEW,N,428
SYS,KU$_MARKER_VIEW,N,58
SYS,KU$_METHOD_VIEW,N,941
SYS,KU$_MONITOR_VIEW,N,398
SYS,KU$_MV_DEPTBL_OBJNUM_VIEW,N,490
SYS,KU$_M_VIEW_FH_VIEW,N,838
SYS,KU$_M_VIEW_H_VIEW,N,834
SYS,KU$_M_VIEW_IOT_VIEW,N,837
SYS,KU$_M_VIEW_LOG_FH_VIEW,N,477
SYS,KU$_M_VIEW_LOG_H_VIEW,N,472
SYS,KU$_M_VIEW_LOG_PFH_VIEW,N,482
SYS,KU$_M_VIEW_LOG_PH_VIEW,N,477
SYS,KU$_M_VIEW_LOG_VIEW,N,3237
SYS,KU$_M_VIEW_PFH_VIEW,N,842
SYS,KU$_M_VIEW_PH_VIEW,N,838
SYS,KU$_M_VIEW_PIOT_VIEW,N,845
SYS,KU$_M_VIEW_VIEW,N,617
SYS,KU$_M_VIEW_VIEW_BASE,N,7457
SYS,KU$_MVLPROP_VIEW,N,913
SYS,KU$_MVL_TS_VIEW,N,236
SYS,KU$_MVPROP_VIEW,N,459
SYS,KU$_MV_TS_VIEW,N,235
SYS,KU$_M_ZONEMAP_FH_VIEW,N,841
SYS,KU$_M_ZONEMAP_H_VIEW,N,837
SYS,KU$_M_ZONEMAP_IOT_VIEW,N,840
SYS,KU$_M_ZONEMAP_PFH_VIEW,N,845
SYS,KU$_M_ZONEMAP_PH_VIEW,N,841
SYS,KU$_M_ZONEMAP_PIOT_VIEW,N,848
SYS,KU$_M_ZONEMAP_VIEW,N,163
SYS,KU$_MZPROP_VIEW,N,680
SYS,KU$_NIOTABLE_DATA_VIEW,N,3892
SYS,KU_NOEXP_VIEW,N,254
SYS,KU$_NTABLE_BYTES_ALLOC_VIEW,N,328
SYS,KU$_NTABLE_DATA_VIEW,N,3812
SYS,KU$_NTABLE_OBJNUM_VIEW,N,779
SYS,KU$_NT_PARENT_VIEW,N,2046
SYS,KU$_NTPART_PARENT_VIEW,N,914
SYS,KU$_NTPART_VIEW,N,1140
SYS,KU$_OBJECT_ERROR_VIEW,N,261
SYS,KU$_OBJECT_STATUS_VIEW,N,609
SYS,KU$_OBJGRANT_EXISTS_VIEW,N,292
SYS,KU$_OBJGRANT_VIEW,N,1351
SYS,KU$_OBJPKG_VIEW,N,317
SYS,KU$_OIDINDEX_VIEW,N,965
SYS,KU$_ON_USER_GRANT_VIEW,N,405
SYS,KU$_OPANCILLARY_VIEW,N,398
SYS,KU$_OPBINDING_VIEW,N,653
SYS,KU$_OPERATOR_VIEW,N,552
SYS,KU$_OPQTYPE_VIEW,N,859
SYS,KU$_OPTION_OBJNUM_VIEW,N,671
SYS,KU$_OPTION_VIEW_OBJNUM_VIEW,N,207
SYS,KU$_ORACLE_SUPPLIED_OBJ_VIEW,N,309
SYS,KU$_OUTLINE_VIEW,N,1434
SYS,KU$_OV_TABLE_VIEW,N,508
SYS,KU$_OV_TABPART_VIEW,N,520
SYS,KU$_PART_COL_NAMES_VIEW,N,788
SYS,KU$_PARTITION_EST_VIEW,N,588
SYS,KU$_PARTITION_VIEW,N,7535
SYS,KU$_PARTLOB_VIEW,N,1043
SYS,KU$_PARTOBJ_VIEW,N,2379
SYS,KU$_PCOLUMN_VIEW,N,9899
SYS,KU$_PFHTABLE_VIEW,N,6911
SYS,KU$_PFHTABPROP_VIEW,N,296
SYS,KU$_PHTABLE_VIEW,N,5615
SYS,KU$_PIND_STATS_VIEW,N,1379
SYS,KU$_PIOTABLE_VIEW,N,7057
SYS,KU$_PIOTLOBFRAG_VIEW,N,1028
SYS,KU$_PIOT_PART_VIEW,N,2120
SYS,KU$_PKGBDY_VIEW,N,147
SYS,KU$_PKG_OBJNUM_VIEW,N,137
SYS,KU$_PKG_VIEW,N,146
SYS,KU$_PKREF_CONSTRAINT_VIEW,N,1743
SYS,KU$_PLUGTS_BEGIN_VIEW,N,295
SYS,KU$_PLUGTS_BLK_VIEW,N,269
SYS,KU$_PLUGTS_CHECKPL_VIEW,N,428
SYS,KU$_PLUGTS_EARLY_TBLSP_VIEW,N,200
SYS,KU$_PLUGTS_TABLESPACE_VIEW,N,140
SYS,KU$_PLUGTS_TSNAME_FULL_VIEW,N,307
SYS,KU$_PLUGTS_TSNAME_INDEXP_VIEW,N,408
SYS,KU$_PLUGTS_TSNAME_INDEX_VIEW,N,364
SYS,KU$_PLUGTS_TSNAME_TABLE_VIEW,N,363
SYS,KU$_PLUGTS_TSNAME_VIEW,N,623
SYS,KU$_POST_DATA_TABLE_VIEW,N,376
SYS,KU$_POST_TABLE_VIEW,N,330
SYS,KU$_PREPOST_VIEW,N,45
SYS,KU$_PRE_TABLE_VIEW,N,330
SYS,KU$_PRIM_COLUMN_VIEW,N,4897
SYS,KU$_PROCACT_INSTANCE_VIEW,N,60
SYS,KU$_PROCACT_SCHEMA_PKG_VIEW,N,132
SYS,KU$_PROCACT_SCHEMA_VIEW,N,839
SYS,KU$_PROCACT_SYS_PKG_VIEW,N,133
SYS,KU$_PROCACT_SYS_VIEW,N,331
SYS,KU$_PROC_AUDIT_VIEW,N,195
SYS,KU$_PROCC_VIEW,N,61
SYS,KU$_PROCDEPOBJ_AUDIT_VIEW,N,1159
SYS,KU$_PROCDEPOBJ_GRANT_VIEW,N,1182
SYS,KU$_PROCDEPOBJ_VIEW,N,1205
SYS,KU$_PROC_EXISTS_VIEW,N,232
SYS,KU$_PROC_GRANT_VIEW,N,197
SYS,KU$_PROCINFO_VIEW,N,172
SYS,KU$_PROCJAVA_VIEW,N,204
SYS,KU$_PROCOBJACT_VIEW,N,302
SYS,KU$_PROCOBJ_AUDIT_VIEW,N,868
SYS,KU$_PROCOBJ_GRANT_VIEW,N,887
SYS,KU$_PROCOBJ_OBJNUM_VIEW,N,334
SYS,KU$_PROCOBJ_VIEW,N,913
SYS,KU$_PROCPLSQL_VIEW,N,65
SYS,KU$_PROC_VIEW,N,146
SYS,KU$_PROFILE_ATTR_VIEW,N,196
SYS,KU$_PROFILE_VIEW,N,1291
SYS,KU$_PROXY_ROLE_LIST_VIEW,N,250
SYS,KU$_PROXY_VIEW,N,556
SYS,KU$_PSW_HIST_LIST_VIEW,N,186
SYS,KU$_PSW_HIST_VIEW,N,258
SYS,KU$_PTABLE_TS_VIEW,N,65
SYS,KU$_PTAB_STATS_VIEW,N,4087
SYS,KU$_PWDVFC_VIEW,N,241
SYS,KU$_P2TCOLUMN_VIEW,N,467
SYS,KU$_P2T_CONSTRAINT1_VIEW,N,83
SYS,KU$_P2T_CONSTRAINT2_VIEW,N,984
SYS,KU$_P2T_CON1A_VIEW,N,1945
SYS,KU$_P2T_CON1B_VIEW,N,299
SYS,KU$_P2T_DOMIDX_OBJNUM_VIEW,N,560
SYS,KU$_P2TLOB_VIEW,N,994
SYS,KU$_P2TPARTCOL_VIEW,N,7084
SYS,KU$_QTAB_STORAGE_VIEW,N,758
SYS,KU$_QTRANS_VIEW,N,465
SYS,KU$_QUEUES_VIEW,N,494
SYS,KU$_QUEUE_TABLE_VIEW,N,1115
SYS,KU$_RADM_FPTM_VIEW,N,204
SYS,KU$_RADM_MC_VIEW,N,463
SYS,KU$_RADM_POLICY_EXPR_VIEW,N,515
SYS,KU$_RADM_POLICY_VIEW,N,413
SYS,KU$_REF_CONSTRAINT_EXISTS_VIEW,N,340
SYS,KU$_REF_CONSTRAINT_VIEW,N,550
SYS,KU$_REFGROUP_VIEW,N,573
SYS,KU$_REF_LEVEL_VIEW,N,382
SYS,KU$_REFPAR_LEVEL,N,560
SYS,KU$_REF_PAR_LEVEL_VIEW,N,325
SYS,KU$_REFPARTTABPROP_VIEW,N,292
SYS,KU$_RESOCOST_LIST_VIEW,N,130
SYS,KU$_RESOCOST_VIEW,N,139
SYS,KU$_RLS_CONTEXT_VIEW,N,309
SYS,KU$_RLS_GROUP_VIEW,N,301
SYS,KU$_RLS_POLICY_OBJNUM_VIEW,N,327
SYS,KU$_RLS_POLICY_VIEW,N,1687
SYS,KU$_RMGR_CONSUMER_VIEW,N,238
SYS,KU$_RMGR_INIT_CONSUMER_VIEW,N,359
SYS,KU$_RMGR_PLAN_DIRECT_VIEW,N,1212
SYS,KU$_RMGR_PLAN_VIEW,N,332
SYS,KU$_ROGRANT_VIEW,N,422
SYS,KU$_ROLE_VIEW,N,2213
SYS,KU$_ROLLBACK_VIEW,N,568
SYS,KU$_SCHEMA_CALLOUT_VIEW,N,441
SYS,KU$_SCHEMAOBJNUM_VIEW,N,112
SYS,KU$_SCHEMAOBJ_VIEW,N,6613
SYS,KU$_SEQ_IN_DEFAULT_VIEW,N,280
SYS,KU$_SEQUENCE_VIEW,N,530
SYS,KU$_SIMPLE_COL_VIEW,N,2089
SYS,KU$_SIMPLE_PKREF_COL_VIEW,N,2118
SYS,KU$_SIMPLE_SETID_COL_VIEW,N,1949
SYS,KU$_SIMPLE_TYPE_VIEW,N,397
SYS,KU$_SPIND_STATS_VIEW,N,626
SYS,KU$_SP2TCOLUMN_VIEW,N,464
SYS,KU$_SP2T_CONSTRAINT1_VIEW,N,84
SYS,KU$_SP2T_CON1A_VIEW,N,1948
SYS,KU$_SP2TLOB_VIEW,N,1106
SYS,KU$_SP2TPARTCOL_VIEW,N,7085
SYS,KU$_STORAGE_VIEW,N,2863
SYS,KU$_STRMCOLTYPE_VIEW,N,1200
SYS,KU$_STRMCOL_VIEW,N,3662
SYS,KU$_STRMSUBCOLTYPE_VIEW,N,278
SYS,KU$_STRMTABLE_VIEW,N,2324
SYS,KU$_SUBCOLTYPE_VIEW,N,442
SYS,KU$_SUBLOBFRAGINDEX_VIEW,N,1004
SYS,KU$_SUBLOBFRAG_VIEW,N,998
SYS,KU$_SUBPARTITION_EST_VIEW,N,654
SYS,KU$_SUBPARTITION_VIEW,N,7550
SYS,KU$_SWITCH_COMPILER_VIEW,N,1307
SYS,KU$_SYN_EXISTS_VIEW,N,251
SYS,KU$_SYNONYM_VIEW,N,580
SYS,KU$_SYSCALLOUT_VIEW,N,247
SYS,KU$_SYSGRANT_VIEW,N,520
SYS,KU$_TAB_CACHE_STATS_VIEW,N,52
SYS,KU$_TABCLST_VIEW,N,340
SYS,KU$_TABCLUSTER_COL_VIEW,N,486
SYS,KU$_TABCLUSTER_VIEW,N,397
SYS,KU$_TAB_COL_VIEW,N,1574
SYS,KU$_TAB_COMPART_VIEW,N,3456
SYS,KU$_TABLE_DATA_VIEW,N,384
SYS,KU$_TABLE_EST_VIEW,N,418
SYS,KU$_TABLE_EXISTS_VIEW,N,374
SYS,KU$_TABLE_OBJNUM_VIEW,N,1095
SYS,KU$_TABLESPACE_VIEW,N,2686
SYS,KU$_TABLE_TYPES_VIEW,N,633
SYS,KU$_TABLE_XMLSCHEMA_VIEW,N,459
SYS,KU$_TAB_ONLY_STATS_VIEW,N,1924
SYS,KU$_TAB_PART_COL_VIEW,N,160
SYS,KU$_TAB_PARTOBJ_VIEW,N,1197
SYS,KU$_TAB_PART_VIEW,N,2790
SYS,KU$_TABPROP_VIEW,N,357
SYS,KU$_TAB_STATS_VIEW,N,815
SYS,KU$_TAB_SUBNAME_VIEW,N,1269
SYS,KU$_TAB_SUBPART_COL_VIEW,N,161
SYS,KU$_TAB_SUBPART_VIEW,N,2679
SYS,KU$_TAB_TSUBPART_VIEW,N,1632
SYS,KU$_TAB_TS_VIEW,N,232
SYS,KU$_TAG_EXPR_FILTER_VIEW,N,52
SYS,KU$_TBS_ILM_POLICY_VIEW,N,470
SYS,KU$_TEMP_SUBPARTDATA_VIEW,N,896
SYS,KU$_TEMP_SUBPARTLOBFRG_VIEW,N,243
SYS,KU$_TEMP_SUBPARTLOB_VIEW,N,1771
SYS,KU$_TEMP_SUBPART_VIEW,N,194
SYS,KU$_TLOB_COMPPART_VIEW,N,342
SYS,KU$_TRANSFORM_PARAMS,N,111
SYS,KU$_TRIG_EXISTS_VIEW,N,270
SYS,KU$_TRIGGERCOL_VIEW,N,319
SYS,KU$_TRIGGERDEP_VIEW,N,118
SYS,KU$_TRIGGER_VIEW,N,2356
SYS,KU$_TRLINK_VIEW,N,740
SYS,KU$_TSQUOTA_VIEW,N,514
SYS,KU$_TTS_IDX_TABLESPACE_VIEW,N,309
SYS,KU$_TTS_IDXVIEW,N,195
SYS,KU$_TTS_INDPARTVIEW,N,225
SYS,KU$_TTS_INDSUBPARTVIEW,N,300
SYS,KU$_TTS_IND_VIEW,N,786
SYS,KU$_TTS_MVL_VIEW,N,1202
SYS,KU$_TTS_MV_VIEW,N,2016
SYS,KU$_TTSP_IDX_TABLESPACE_VIEW,N,226
SYS,KU$_TTSP_INDPARTVIEW,N,541
SYS,KU$_TTSP_INDSUBPARTVIEW,N,699
SYS,KU$_TTS_TABPARTVIEW,N,1305
SYS,KU$_TTS_TABSUBPARTVIEW,N,2037
SYS,KU$_TTS_TAB_TABLESPACE_VIEW,N,309
SYS,KU$_TTS_TABVIEW,N,557
SYS,KU$_TTS_TYPES_VIEW,N,177
SYS,KU$_TTS_VIEW,N,1328
SYS,KU$_TYPE_ATTR_VIEW,N,455
SYS,KU$_TYPE_BODY_VIEW,N,623
SYS,KU$_TYPE_VIEW,N,1672
SYS,KU$_UNLOAD_METHOD_VIEW,N,4107
SYS,KU$_UP_STATS_VIEW,N,128
SYS,KU$_USER_BASE_VIEW,N,4708
SYS,KU$_USER_EDITIONING_VIEW,N,241
SYS,KU$_USER_MAPPING_VIEW,N,54
SYS,KU$_USER_PREF_STATS_VIEW,N,588
SYS,KU$_USER_VIEW,N,221
SYS,KU$_VIEW_EXISTS_VIEW,N,252
SYS,KU$_VIEW_OBJNUM_VIEW,N,357
SYS,KU$_VIEWPROP_VIEW,N,389
SYS,KU$_VIEW_VIEW,N,3681
SYS,KU$_XDB_NTABLE_OBJNUM_VIEW,N,735
SYS,KU$_XMLSCHEMA_ELMT_VIEW,N,399
SYS,KU$_XMLSCHEMA_SPECIAL_VIEW,N,171
SYS,KU$_XMLSCHEMA_TYPES_VIEW,N,1366
SYS,KU$_XMLSCHEMA_VIEW,N,830
SYS,KU$_XSACEPRIV_VIEW,N,139
SYS,KU$_XSACE_VIEW,N,605
SYS,KU$_XSACLPARAM_VIEW,N,288
SYS,KU$_XSACL_VIEW,N,1291
SYS,KU$_XSAGGPRIV_VIEW,N,208
SYS,KU$_XSATTRSEC_VIEW,N,162
SYS,KU$_XSGRANT_VIEW,N,638
SYS,KU$_XSINST_ACL_VIEW,N,152
SYS,KU$_XSINST_INHKEY_VIEW,N,307
SYS,KU$_XSINST_INH_VIEW,N,306
SYS,KU$_XSINST_RULE_VIEW,N,352
SYS,KU$_XSINSTSET_VIEW,N,382
SYS,KU$_XSNSPACE_VIEW,N,655
SYS,KU$_XSNSTMPL_ATTR_VIEW,N,92
SYS,KU$_XSOBJ_VIEW,N,348
SYS,KU$_XSOLAP_POLICY_VIEW,N,119
SYS,KU$_XSPOLICY_PARAM_VIEW,N,171
SYS,KU$_XSPOLICY_VIEW,N,1364
SYS,KU$_XSPRIN_VIEW,N,579
SYS,KU$_XSPRIV_VIEW,N,374
SYS,KU$_XSRLS_POLICY_VIEW,N,1558
SYS,KU$_XSROLE_GRANT_VIEW,N,380
SYS,KU$_XSROLESET_VIEW,N,528
SYS,KU$_XSROLE_VIEW,N,406
SYS,KU$_XSSCLASS_VIEW,N,751
SYS,KU$_XSSECCLSH_VIEW,N,172
SYS,KU$_XSUSER_VIEW,N,406
SYS,KU$_ZM_VIEW_FH_VIEW,N,839
SYS,KU$_ZM_VIEW_H_VIEW,N,835
SYS,KU$_ZM_VIEW_IOT_VIEW,N,838
SYS,KU$_ZM_VIEW_PFH_VIEW,N,843
SYS,KU$_ZM_VIEW_PH_VIEW,N,839
SYS,KU$_ZM_VIEW_PIOT_VIEW,N,846
SYS,KU$_ZM_VIEW_VIEW,N,246
SYS,KU$_10_1_COMMENT_VIEW,N,77
SYS,KU$_10_1_DBLINK_VIEW,N,111
SYS,KU$_10_1_FHTABLE_VIEW,N,81
SYS,KU$_10_1_HISTGRM_MAX_VIEW,N,283
SYS,KU$_10_1_HISTGRM_MIN_VIEW,N,286
SYS,KU$_10_1_HTABLE_VIEW,N,80
SYS,KU$_10_1_IND_STATS_VIEW,N,1774
SYS,KU$_10_1_IOTABLE_VIEW,N,81
SYS,KU$_10_1_OBJGRANT_VIEW,N,88
SYS,KU$_10_1_PFHTABLE_VIEW,N,82
SYS,KU$_10_1_PHTABLE_VIEW,N,81
SYS,KU$_10_1_PIND_STATS_VIEW,N,1403
SYS,KU$_10_1_PIOTABLE_VIEW,N,82
SYS,KU$_10_1_PROXY_VIEW,N,61
SYS,KU$_10_1_PTAB_COL_STATS_VIEW,N,4064
SYS,KU$_10_1_PTAB_STATS_VIEW,N,2828
SYS,KU$_10_1_SPIND_STATS_VIEW,N,585
SYS,KU$_10_1_SYSGRANT_VIEW,N,89
SYS,KU$_10_1_TAB_COL_STATS_VIEW,N,1931
SYS,KU$_10_1_TABLE_DATA_VIEW,N,781
SYS,KU$_10_1_TABLE_OBJNUM_VIEW,N,415
SYS,KU$_10_1_TAB_ONLY_STATS_VIEW,N,1954
SYS,KU$_10_1_TAB_STATS_VIEW,N,1210
SYS,KU$_10_2_FHTABLE_VIEW,N,6707
SYS,KU$_10_2_INDEX_VIEW,N,113
SYS,KU$_10_2_IND_STATS_VIEW,N,1933
SYS,KU$_10_2_ROGRANT_VIEW,N,469
SYS,KU$_10_2_STRMCOLTYPE_VIEW,N,888
SYS,KU$_10_2_STRMCOL_VIEW,N,1898
SYS,KU$_10_2_STRMSUBCOLTYPE_VIEW,N,370
SYS,KU$_10_2_STRMTABLE_VIEW,N,1286
SYS,KU$_10_2_TAB_COL_VIEW,N,1901
SYS,KU$_10_2_TABLE_DATA_VIEW,N,507
SYS,KU$_10_2_TAB_STATS_VIEW,N,1428
SYS,KU$_10_2_TRIGGER_VIEW,N,287
SYS,KU$_11_2_AUDIT_VIEW,N,99
SYS,KU$_11_2_DEPTBL_OBJNUM_VIEW,N,80
SYS,KU$_11_2_IND_STATS_VIEW,N,1621
SYS,KU$_11_2_NTABLE_OBJNUM_VIEW,N,78
SYS,KU$_11_2_PSW_HIST_VIEW,N,308
SYS,KU$_11_2_ROGRANT_VIEW,N,119
SYS,KU$_11_2_SYSGRANT_VIEW,N,61
SYS,KU$_11_2_TABLE_OBJNUM_VIEW,N,82
SYS,KU$_11_2_TAB_STATS_VIEW,N,1423
SYS,KU$_11_2_TRIGGER_VIEW,N,192
SYS,KU$_11_2_VIEW_VIEW,N,80
SYS,KU$_11_2_XDB_NTBL_OBJNUM_VIEW,N,82
SYS,KU$_12AUDIT_POLICY_ENABLE_VIEW,N,67
SYS,KU$_12_1_SYSGRANT_VIEW,N,61
SYS,KU$_12_1_TRIGGER_VIEW,N,2433
SYS,KU$_19_1_M_VIEW_FH_VIEW,N,120
SYS,KU$_19_1_SYSGRANT_VIEW,N,61
SYS,KU$_19_1_TABLE_OBJNUM_VIEW,N,302
SYS,KU$_2NDTAB_INFO_VIEW,N,1664
SYS,KU$_2ND_TABLE_OBJNUM_VIEW,N,789
SYS,KU$_20_0_INDEX_OBJNUM_VIEW,N,118
SYS,KU$_20_1_ACPTABLE_VIEW,N,107
SYS,KU$_20_1_FHTABLE_VIEW,N,106
SYS,KU$_20_1_HTABLE_VIEW,N,105
SYS,KU$_20_1_IOTABLE_VIEW,N,106
SYS,KU$_20_1_PFHTABLE_VIEW,N,107
SYS,KU$_20_1_PHTABLE_VIEW,N,106
SYS,KU$_20_1_PIOTABLE_VIEW,N,107
SYS,LOADER_COL_FLAGS,N,902
SYS,LOADER_COL_INFO,N,530
SYS,LOADER_COL_TYPE,N,766
SYS,LOADER_CONSTRAINT_INFO,N,626
SYS,LOADER_DB_OPEN_READ_WRITE,N,62
SYS,LOADER_DIR_OBJS,N,921
SYS,LOADER_FILE_TS,N,109
SYS,LOADER_FULL_ATTR_NAME,N,774
SYS,LOADER_INTCOL_INFO,N,634
SYS,LOADER_LOB_FLAGS,N,742
SYS,LOADER_LOB_INDEX_COL,N,3407
SYS,LOADER_LOB_INDEX_TAB,N,789
SYS,LOADER_NESTED_VARRAYS,N,713
SYS,LOADER_OID_INFO,N,1218
SYS,LOADER_PARAM_INFO,N,123
SYS,LOADER_PART_INFO,N,1158
SYS,LOADER_REF_INFO,N,71
SYS,LOADER_SKIP_UNUSABLE_INDEXES,N,110
SYS,LOADER_TAB_INFO,N,523
SYS,LOADER_TRIGGER_INFO,N,596
SYS,LOBCOMPPARTV$,N,451
SYS,LOBFRAGV$,N,331
SYS,LOGMNR_GTCS_CAT_SUPPORT,N,819
SYS,LOGMNR_GTCS_CAT_SUPPORT_V$,N,11074
SYS,LOGMNR_GTCS_SUPPORT,N,13645
SYS,LOGMNR$SCHEMA_ALLKEY_SUPLOG,N,281
SYS,LOGMNR_TAB_COLS_CAT_SUPPORT,N,4872
SYS,LOGMNR_TAB_COLS_SUPPORT,N,5871
SYS,LOGSTDBY_LOG,N,393
SYS,LOGSTDBY_RU_SUPPORT_TAB_COMMON,N,963
SYS,LOGSTDBY_RU_SUPPORT_TAB_12_1,N,17186
SYS,LOGSTDBY_RU_SUPPORT_TAB_12_2,N,15578
SYS,LOGSTDBY_RU_SUPP_TAB_12_2_0_2,N,16065
SYS,LOGSTDBY_RU_SUPP_TAB_19,N,15572
SYS,LOGSTDBY_RU_UNSUPPORT_TAB_12_1,N,15906
SYS,LOGSTDBY_RU_UNSUPPORT_TAB_12_2,N,14313
SYS,LOGSTDBY_RU_UNSUPP_TAB_COMMON,N,1029
SYS,LOGSTDBY_RU_UN_TAB_12_2_0_2,N,14608
SYS,LOGSTDBY_RU_UN_TAB_19,N,14236
SYS,LOGSTDBY_SUPPORT,N,4284
SYS,LOGSTDBY_SUPPORT_SEQ,N,537
SYS,LOGSTDBY_SUPPORT_TAB_10_1,N,7280
SYS,LOGSTDBY_SUPPORT_TAB_10_2,N,7018
SYS,LOGSTDBY_SUPPORT_TAB_11_1,N,10056
SYS,LOGSTDBY_SUPPORT_TAB_11_2,N,9378
SYS,LOGSTDBY_SUPPORT_TAB_11_2B,N,8996
SYS,LOGSTDBY_SUPPORT_TAB_12_1,N,17374
SYS,LOGSTDBY_SUPPORT_TAB_12_2,N,17959
SYS,LOGSTDBY_SUPPORT_TAB_12_2_0_2,N,18785
SYS,LOGSTDBY_SUPPORT_TAB_19,N,19703
SYS,LOGSTDBY_SUPPORT_11LOB,N,2704
SYS,LOGSTDBY_UNSUPPORT_TAB_10_1,N,7422
SYS,LOGSTDBY_UNSUPPORT_TAB_10_2,N,6810
SYS,LOGSTDBY_UNSUPPORT_TAB_11_1,N,9245
SYS,LOGSTDBY_UNSUPPORT_TAB_11_2,N,8606
SYS,LOGSTDBY_UNSUPPORT_TAB_11_2B,N,8459
SYS,LOGSTDBY_UNSUPPORT_TAB_12_1,N,16077
SYS,LOGSTDBY_UNSUPPORT_TAB_12_2,N,16694
SYS,LOGSTDBY_UNSUPP_TAB_12_2_0_2,N,17391
SYS,LOGSTDBY_UNSUPP_TAB_19,N,18430
SYS,MDX_ODBO_ACTIONS,N,269
SYS,MDX_ODBO_CUBES,N,2764
SYS,MDX_ODBO_DIMENSIONS,N,5778
SYS,MDX_ODBO_FUNCTIONS,N,257
SYS,MDX_ODBO_HIERARCHIES,N,7426
SYS,MDX_ODBO_INPUT_DATASOURCES,N,200
SYS,MDX_ODBO_KPIS,N,420
SYS,MDX_ODBO_LEVELS,N,8877
SYS,MDX_ODBO_MEASUREGROUP_DIMS,N,325
SYS,MDX_ODBO_MEASUREGROUPS,N,188
SYS,MDX_ODBO_MEASURES,N,6863
SYS,MDX_ODBO_PROPERTIES,N,5062
SYS,MDX_ODBO_SETS,N,255
SYS,MON_MODS_V,N,1275
SYS,MV_REFRESH_USAGE_STATS,N,201
SYS,NACL$_ACE_EXP,N,772
SYS,NACL$_HOST_EXP,N,121
SYS,NACL$_WALLET_EXP,N,102
SYS,NLS_DATABASE_PARAMETERS,N,77
SYS,NLS_INSTANCE_PARAMETERS,N,233
SYS,NLS_SESSION_PARAMETERS,N,163
SYS,OGG_SUPPORT_TAB_COMMON,N,870
SYS,OGG_SUPPORT_TAB_11_2,N,9568
SYS,OGG_SUPPORT_TAB_11_2B,N,9482
SYS,OGG_SUPPORT_TAB_12_1,N,17757
SYS,OGG_SUPPORT_TAB_12_2,N,16055
SYS,OGG_SUPPORT_TAB_12_2_0_2,N,16121
SYS,OGG_SUPPORT_TAB_19,N,15884
SYS,ORA_KGLR7_DB_LINKS,N,142
SYS,ORA_KGLR7_DEPENDENCIES,N,4401
SYS,ORA_KGLR7_IDL_CHAR,N,1292
SYS,ORA_KGLR7_IDL_SB4,N,1290
SYS,ORA_KGLR7_IDL_UB1,N,1290
SYS,ORA_KGLR7_IDL_UB2,N,1290
SYS,ORA_KGLR7_OBJECTS,N,366
SYS,PARSED_PIECES,N,296
SYS,PARSED_SIZE,N,72
SYS,PDB_ALERTS,N,136
SYS,PDB_PLUG_IN_VIOLATIONS,N,325
SYS,PLUGGABLE_SET_CHECK,N,661
SYS,PRODUCT_COMPONENT_VERSION,N,718
SYS,PROXY_ROLES,N,194
SYS,PROXY_USERS,N,557
SYS,PROXY_USERS_AND_ROLES,N,155
SYS,PSS1$,N,253
SYS,PS1$,N,223
SYS,PTC_APPLY_PROGRESS,N,125
SYS,PUBLIC_DEPENDENCY,N,44
SYS,PUBLICSYN,N,91
SYS,QT21031_BUFFER,N,330
SYS,QT21034_BUFFER,N,330
SYS,QT21058_BUFFER,N,330
SYS,QT21061_BUFFER,N,330
SYS,QT21092_BUFFER,N,330
SYS,QT21095_BUFFER,N,330
SYS,QT21150_BUFFER,N,330
SYS,QT21153_BUFFER,N,330
SYS,QT21422_BUFFER,N,330
SYS,QT21425_BUFFER,N,330
SYS,QT21493_BUFFER,N,330
SYS,QT21607_BUFFER,N,330
SYS,QT21645_BUFFER,N,330
SYS,QT21668_BUFFER,N,330
SYS,QT21809_BUFFER,N,330
SYS,QT22099_BUFFER,N,330
SYS,QT22166_BUFFER,N,330
SYS,QT22327_BUFFER,N,330
SYS,QT22613_BUFFER,N,330
SYS,QT22676_BUFFER,N,330
SYS,QT23882_BUFFER,N,330
SYS,QT24409_BUFFER,N,330
SYS,QUEUE_PRIVILEGES,N,569
SYS,REDACTION_COLUMNS,N,1574
SYS,REDACTION_COLUMNS_DBMS_ERRLOG,N,84
SYS,REDACTION_EXPRESSIONS,N,1191
SYS,REDACTION_POLICIES,N,624
SYS,REDACTION_VALUES_FOR_TYPE_FULL,N,566
SYS,REPL_FEATURE_BITMAP,N,11871
SYS,_REPORT_COMPONENT_OBJECTS,N,107
SYS,REPORT_COMPONENTS,N,438
SYS,REPORT_FILES,N,73
SYS,_REPORT_FORMATS,N,413
SYS,REPORT_FORMATS,N,676
SYS,RESOURCE_COST,N,154
SYS,ROLE_ROLE_PRIVS,N,1816
SYS,ROLE_SYS_PRIVS,N,1883
SYS,ROLE_TAB_PRIVS,N,2743
SYS,RULE_EXPRESSION,N,172
SYS,RULE_EXPRESSION_CLAUSES,N,65
SYS,RULE_EXPRESSION_CONDITIONS,N,149
SYS,SCHEDULER_BATCH_ERRORS,N,155
SYS,SCHEDULER$_CDB_CLASS,N,212
SYS,SCHEDULER$_CDB_COMB_LW_JOB,N,696
SYS,SCHEDULER$_CDB_GLOBAL_ATTRIB,N,221
SYS,SCHEDULER$_CDB_JOB,N,1050
SYS,SCHEDULER$_CDB_LIGHTWEIGHT_JOB,N,784
SYS,SCHEDULER$_CDB_PROGRAM,N,309
SYS,SCHEDULER$_CDB_WINDOW,N,467
SYS,SCHEDULER$_COMB_LW_JOB,N,1351
SYS,SCHEDULER$_JOB_OBJECTS,N,315
SYS,SCHEDULER$_JOB_REFRESH,N,2083
SYS,SCHEDULER$_LWJOB_REFRESH,N,2894
SYS,SCHEDULER$_RESOURCE_USAGE,N,497
SYS,SCHEDULER$_RUNNING_CONSTR_OBJS,N,301
SYS,SCHEDULER$_WINDOW_REFRESH,N,515
SYS,SCHEMA_EXPORT_OBJECTS,N,230
SYS,SCHEMA_EXPORT_PATHS,N,245
SYS,SERVICE$_ALT,N,643
SYS,SESSION_CONTEXT,N,50
SYS,SESSION_PRIVS,N,105
SYS,SESSION_ROLES,N,107
SYS,SM$AUDIT_CONFIG,N,504
SYS,SM$INTEGRITY_CONS,N,136
SYS,SM$TS_AVAIL,N,89
SYS,SM$TS_FREE,N,89
SYS,SM$TS_USED,N,87
SYS,SM_$VERSION,N,143
SYS,SNS$EJB$GEN$,N,52
SYS,SOURCE_SIZE,N,75
SYS,SQL$_DATAPUMP,N,71
SYS,SQLOBJ$AUXDATA_DATAPUMP,N,509
SYS,SQLOBJ$DATA_DATAPUMP,N,97
SYS,SQLOBJ$_DATAPUMP,N,112
SYS,SQLOBJ$PLAN_DATAPUMP,N,588
SYS,SQL$TEXT_DATAPUMP,N,74
SYS,SQT_CORRECT_BIT,N,855
SYS,SQT_TAB_COL_STATISTICS,N,1061
SYS,SQT_TAB_STATISTICS,N,844
SYS,STRADDLING_RS_OBJECTS,N,18381
SYS,STRADDLING_TS_OBJECTS,N,20373
SYS,SWAT_MM_ACT_MVIEW$,N,424
SYS,SWAT_MM_ACT_SNAP_META$,N,235
SYS,SWAT_MM_ACT_TABLE$,N,543
SYS,SWAT_MM_DBA_ACT_MVIEW$,N,622
SYS,SWAT_MM_DBA_ACT_SNAP_META$,N,267
SYS,SWAT_MM_DBA_ACT_TABLE$,N,741
SYS,SWAT_VER$_MV_BENEFIT_INT,N,960
SYS,SWAT_VER$_MV_BENEFIT_PER_QUERY,N,1975
SYS,SWAT_VER_OBJECTS$,N,263
SYS,SWAT_VER$_SPA_COMPARE_SQL_STATS,N,1893
SYS,SWAT_VER$_SPA_SQL_STATS,N,2507
SYS,SWAT_VER_SQLPLANS$,N,599
SYS,SWAT_VER_SQLSET_PLANS$,N,1096
SYS,SWAT_VER_SQLSET_STATEMENTS$,N,539
SYS,SWAT_VER_SQLSTATS$,N,593
SYS,SWAT_VER$_STATS_IN_STS,N,797
SYS,_SXGG_DBA_CAPTURE,N,1988
SYS,SYNONYMS,N,969
SYS,_SYS_AIM_HIGH_COL_STATS,N,1173
SYS,_SYS_AIM_SEG_HISTOGRAM,N,2515
SYS,SYSCATALOG,N,60
SYS,SYSCATALOG_,N,1532
SYS,SYS_DBA_SEGS,N,5719
SYS,SYSFILES,N,152
SYS,_SYS_HEAT_MAP_SEG_HISTOGRAM,N,759
SYS,SYS_OBJECTS,N,1292
SYS,SYSSEGOBJ,N,521
SYS,SYS_UNCOMPRESSED_SEGS,N,1281
SYS,SYS_UNCOMPRESSED_SEGS_BASE,N,2855
SYS,SYS_USER_SEGS,N,5360
SYS,TAB,N,323
SYS,TABCOMPARTV$,N,564
SYS,TABLE_EXPORT_OBJECTS,N,97
SYS,TABLE_EXPORT_PATHS,N,244
SYS,TABLE_PRIVILEGES,N,2179
SYS,TABLESPACE_EXPORT_OBJECTS,N,102
SYS,TABLESPACE_EXPORT_PATHS,N,86
SYS,TABPARTV$,N,382
SYS,TABQUOTAS,N,530
SYS,TABSUBPARTV$,N,428
SYS,TBS_SPACE_USAGE,N,625
SYS,TP$,N,663
SYS,TRANSPORTABLE_EXPORT_OBJECTS,N,105
SYS,TRANSPORTABLE_EXPORT_PATHS,N,303
SYS,TRANSPORT_SET_VIOLATIONS,N,59
SYS,TRUSTED_SERVERS,N,317
SYS,TSP$,N,378
SYS,TS_PITR_CHECK,N,231
SYS,TS_PITR_INFO,N,1957
SYS,TS_PITR_OBJECTS_TO_BE_DROPPED,N,163
SYS,TS_PLUG_INFO,N,2171
SYS,TTS_OBJ_VIEW,N,370
SYS,TTS_TAB_VIEW,N,690
SYS,UMF$_LINK_XML,N,399
SYS,UMF$_REGISTRATION_XML,N,612
SYS,UMF_SCHEMA_XMLTYPE,N,2527
SYS,UMF$_SERVICE_XML,N,312
SYS,UMF$_TOPOLOGY_XML,N,426
SYS,UNI_PLUGGABLE_SET_CHECK,N,272
SYS,USABLE_EDITIONS,N,657
SYS,USER_ADDM_FDG_BREAKDOWN,N,525
SYS,USER_ADDM_FINDINGS,N,626
SYS,USER_ADDM_INSTANCES,N,564
SYS,USER_ADDM_TASK_DIRECTIVES,N,414
SYS,USER_ADDM_TASKS,N,2706
SYS,USER_ADVISOR_ACTIONS,N,1797
SYS,USER_ADVISOR_DIR_TASK_INST,N,337
SYS,USER_ADVISOR_EXEC_PARAMETERS,N,2022
SYS,USER_ADVISOR_EXECUTIONS,N,1374
SYS,USER_ADVISOR_FDG_BREAKDOWN,N,370
SYS,USER_ADVISOR_FINDINGS,N,1012
SYS,USER_ADVISOR_JOURNAL,N,807
SYS,USER_ADVISOR_LOG,N,1117
SYS,USER_ADVISOR_OBJECTS,N,1526
SYS,USER_ADVISOR_PARAMETERS,N,1267
SYS,USER_ADVISOR_RATIONALE,N,730
SYS,USER_ADVISOR_RECOMMENDATIONS,N,873
SYS,USER_ADVISOR_SQLA_COLVOL,N,544
SYS,USER_ADVISOR_SQLA_REC_SUM,N,430
SYS,USER_ADVISOR_SQLA_TABLES,N,367
SYS,USER_ADVISOR_SQLA_TABVOL,N,626
SYS,USER_ADVISOR_SQLA_WK_MAP,N,296
SYS,USER_ADVISOR_SQLA_WK_STMTS,N,1728
SYS,USER_ADVISOR_SQLA_WK_SUM,N,434
SYS,USER_ADVISOR_SQLPLANS,N,2400
SYS,USER_ADVISOR_SQLSTATS,N,1898
SYS,USER_ADVISOR_SQLW_COLVOL,N,574
SYS,USER_ADVISOR_SQLW_JOURNAL,N,763
SYS,USER_ADVISOR_SQLW_PARAMETERS,N,578
SYS,USER_ADVISOR_SQLW_STMTS,N,1128
SYS,USER_ADVISOR_SQLW_SUM,N,792
SYS,USER_ADVISOR_SQLW_TABLES,N,385
SYS,USER_ADVISOR_SQLW_TABVOL,N,684
SYS,USER_ADVISOR_SQLW_TEMPLATES,N,478
SYS,USER_ADVISOR_TASKS,N,1863
SYS,USER_ADVISOR_TEMPLATES,N,433
SYS,USER_ALL_TABLES,N,2134
SYS,USER_ANALYTIC_VIEW_AGGR_DIMS,N,188
SYS,USER_ANALYTIC_VIEW_AGGR_FNS,N,179
SYS,USER_ANALYTIC_VIEW_ATTR_CLASS,N,290
SYS,USER_ANALYTIC_VIEW_BASE_MEAS,N,257
SYS,USER_ANALYTIC_VIEW_CALC_MEAS,N,192
SYS,USER_ANALYTIC_VIEW_CLASS,N,190
SYS,USER_ANALYTIC_VIEW_COLUMNS,N,333
SYS,USER_ANALYTIC_VIEW_DIM_ATTRS,N,220
SYS,USER_ANALYTIC_VIEW_DIM_CLASS,N,211
SYS,USER_ANALYTIC_VIEW_DIMENSIONS,N,317
SYS,USER_ANALYTIC_VIEW_FACT_COLS,N,201
SYS,USER_ANALYTIC_VIEW_HIER_CLASS,N,224
SYS,USER_ANALYTIC_VIEW_HIERS,N,221
SYS,USER_ANALYTIC_VIEW_KEYS,N,229
SYS,USER_ANALYTIC_VIEW_LEVEL_CLASS,N,237
SYS,USER_ANALYTIC_VIEW_LEVELS,N,199
SYS,USER_ANALYTIC_VIEW_LVLGRPS,N,289
SYS,USER_ANALYTIC_VIEW_MEAS_CLASS,N,209
SYS,USER_ANALYTIC_VIEWS,N,400
SYS,USER_APPLICATION_ROLES,N,141
SYS,USER_APPLY_ERROR,N,568
SYS,USER_AQ_AGENT_PRIVS,N,334
SYS,USER_ARGUMENTS,N,475
SYS,USER_ASSEMBLIES,N,359
SYS,USER_ASSOCIATIONS,N,729
SYS,USER_ATTRIBUTE_DIM_ATTR_CLASS,N,211
SYS,USER_ATTRIBUTE_DIM_ATTRS,N,198
SYS,USER_ATTRIBUTE_DIM_CLASS,N,190
SYS,USER_ATTRIBUTE_DIMENSIONS,N,373
SYS,USER_ATTRIBUTE_DIM_JOIN_PATHS,N,201
SYS,USER_ATTRIBUTE_DIM_KEYS,N,217
SYS,USER_ATTRIBUTE_DIM_LEVEL_ATTRS,N,247
SYS,USER_ATTRIBUTE_DIM_LEVELS,N,268
SYS,USER_ATTRIBUTE_DIM_LVL_CLASS,N,206
SYS,USER_ATTRIBUTE_DIM_ORDER_ATTRS,N,235
SYS,USER_ATTRIBUTE_DIM_TABLES,N,204
SYS,USER_ATTRIBUTE_TRANSFORMATIONS,N,330
SYS,USER_AUDIT_OBJECT,N,735
SYS,USER_AUDIT_POLICIES,N,299
SYS,USER_AUDIT_POLICY_COLUMNS,N,161
SYS,USER_AUDIT_SESSION,N,344
SYS,USER_AUDIT_STATEMENT,N,1119
SYS,USER_AUDIT_TRAIL,N,850
SYS,USER_AW_OBJ,N,306
SYS,USER_AW_PROP,N,455
SYS,USER_AW_PS,N,195
SYS,USER_AWS,N,717
SYS,USER_BASE_TABLE_MVIEWS,N,169
SYS,USER_BLOCKCHAIN_TABLE_EPOCHS,N,502
SYS,USER_BLOCKCHAIN_TABLES,N,537
SYS,USER_CATALOG,N,635
SYS,USER_CERTIFICATES,N,197
SYS,USER_CHANGE_NOTIFICATION_REGS,N,210
SYS,USER_CLU_COLUMNS,N,443
SYS,USER_CLUSTER_HASH_EXPRESSIONS,N,185
SYS,USER_CLUSTERING_DIMENSIONS,N,146
SYS,USER_CLUSTERING_JOINS,N,202
SYS,USER_CLUSTERING_KEYS,N,169
SYS,USER_CLUSTERING_TABLES,N,213
SYS,USER_CLUSTERS,N,524
SYS,USER_CODE_ROLE_PRIVS,N,403
SYS,USER_COL_COMMENTS,N,156
SYS,USER_COLL_TYPES,N,1639
SYS,USER_COL_PENDING_STATS,N,2964
SYS,USER_COL_PRIVS,N,2118
SYS,USER_COL_PRIVS_MADE,N,1893
SYS,USER_COL_PRIVS_RECD,N,1884
SYS,USER_COMPARISON,N,391
SYS,USER_COMPARISON_COLUMNS,N,146
SYS,_USER_COMPARISON_ROW_DIF,N,286
SYS,USER_COMPARISON_ROW_DIF,N,181
SYS,USER_COMPARISON_SCAN,N,246
SYS,USER_COMPARISON_SCAN_SUMMARY,N,238
SYS,USER_COMPARISON_SCAN_VALUES,N,182
SYS,USER_CONS_COLUMNS,N,612
SYS,USER_CONS_OBJ_COLUMNS,N,1324
SYS,USER_CONSTRAINTS,N,728
SYS,USER_CQ_NOTIFICATION_QUERIES,N,134
SYS,USER_CREDENTIALS,N,204
SYS,USER_CUBE_ATTRIBUTES,N,3208
SYS,USER_CUBE_ATTR_MAPPINGS,N,1900
SYS,USER_CUBE_ATTR_UNIQUE_KEYS,N,360
SYS,USER_CUBE_ATTR_VISIBILITY,N,4779
SYS,USER_CUBE_BUILD_PROCESSES,N,703
SYS,USER_CUBE_CALCULATED_MEMBERS,N,484
SYS,USER_CUBE_CLASSIFICATIONS,N,3445
SYS,USER_CUBE_DEPENDENCIES,N,17151
SYS,USER_CUBE_DESCRIPTIONS,N,3460
SYS,USER_CUBE_DIMENSIONALITY,N,1170
SYS,USER_CUBE_DIMENSIONS,N,1679
SYS,USER_CUBE_DIM_LEVELS,N,559
SYS,USER_CUBE_DIM_MAPPINGS,N,5386
SYS,USER_CUBE_DIM_MODELS,N,604
SYS,USER_CUBE_DIMNL_MAPPINGS,N,2084
SYS,USER_CUBE_DIM_VIEW_COLUMNS,N,1541
SYS,USER_CUBE_DIM_VIEWS,N,335
SYS,USER_CUBE_HIERARCHIES,N,1542
SYS,USER_CUBE_HIER_LEVELS,N,767
SYS,USER_CUBE_HIER_VIEW_COLUMNS,N,2656
SYS,USER_CUBE_HIER_VIEWS,N,434
SYS,USER_CUBE_MAPPINGS,N,971
SYS,USER_CUBE_MEAS_MAPPINGS,N,547
SYS,USER_CUBE_MEASURES,N,2981
SYS,USER_CUBE_NAMED_BUILD_SPECS,N,268
SYS,USER_CUBES,N,2947
SYS,USER_CUBE_SUB_PARTITION_LEVELS,N,4287
SYS,USER_CUBE_VIEW_COLUMNS,N,4366
SYS,USER_CUBE_VIEWS,N,325
SYS,USER_DATAPUMP_JOBS,N,1645
SYS,USER_DBFS_HS,N,111
SYS,USER_DBFS_HS_COMMANDS,N,131
SYS,USER_DBFS_HS_FILES,N,444
SYS,USER_DBFS_HS_FIXED_PROPERTIES,N,159
SYS,USER_DBFS_HS_PROPERTIES,N,136
SYS,USER_DB_LINKS,N,335
SYS,USER_DEPENDENCIES,N,2523
SYS,USER_DIM_ATTRIBUTES,N,341
SYS,USER_DIM_CHILD_OF,N,222
SYS,USER_DIMENSIONS,N,308
SYS,USER_DIM_HIERARCHIES,N,162
SYS,USER_DIM_JOIN_KEY,N,282
SYS,USER_DIM_LEVEL_KEY,N,352
SYS,USER_DIM_LEVELS,N,621
SYS,USER_DURABLE_SUBS,N,276
SYS,USER_EDITIONED_TYPES,N,439
SYS,USER_EDITIONING_VIEW_COLS,N,1492
SYS,USER_EDITIONING_VIEW_COLS_AE,N,1516
SYS,USER_EDITIONING_VIEWS,N,330
SYS,USER_EDITIONING_VIEWS_AE,N,354
SYS,USER_EDITION_INHERITED_OBJECTS,N,5945
SYS,USER_ENCRYPTED_COLUMNS,N,147
SYS,USER_EPG_DAD_AUTHORIZATION,N,72
SYS,USER_ERRORS,N,716
SYS,USER_ERRORS_AE,N,735
SYS,USER_ERROR_TRANSLATIONS,N,251
SYS,USER_EVALUATION_CONTEXTS,N,151
SYS,USER_EVALUATION_CONTEXT_TABLES,N,133
SYS,USER_EVALUATION_CONTEXT_VARS,N,169
SYS,USER_EXPRESSION_STATISTICS,N,2177
SYS,USER_EXTENTS,N,807
SYS,USER_EXTERNAL_LOCATIONS,N,230
SYS,USER_EXTERNAL_TABLES,N,910
SYS,USER_FILE_GROUP_EXPORT_INFO,N,327
SYS,USER_FILE_GROUP_FILES,N,322
SYS,_USER_FILE_GROUPS,N,314
SYS,USER_FILE_GROUPS,N,155
SYS,USER_FILE_GROUP_TABLES,N,285
SYS,USER_FILE_GROUP_TABLESPACES,N,251
SYS,USER_FILE_GROUP_VERSIONS,N,223
SYS,USER_FLASHBACK_ARCHIVE,N,626
SYS,USER_FLASHBACK_ARCHIVE_TABLES,N,841
SYS,USER_FLASHBACK_TXN_REPORT,N,146
SYS,USER_FLASHBACK_TXN_STATE,N,321
SYS,USER_FREE_SPACE,N,3033
SYS,USER_GOLDENGATE_PRIVILEGES,N,335
SYS,USER_HEAT_MAP_SEG_HISTOGRAM,N,208
SYS,USER_HEAT_MAP_SEGMENT,N,475
SYS,USER_HIERARCHIES,N,323
SYS,USER_HIER_CLASS,N,180
SYS,USER_HIER_COLUMNS,N,389
SYS,USER_HIER_HIER_ATTR_CLASS,N,206
SYS,USER_HIER_HIER_ATTRIBUTES,N,185
SYS,USER_HIER_JOIN_PATHS,N,164
SYS,USER_HIER_LEVEL_ID_ATTRS,N,205
SYS,USER_HIER_LEVELS,N,153
SYS,USER_HOST_ACES,N,550
SYS,USER_IDENTIFIERS,N,444
SYS,USER_ILMDATAMOVEMENTPOLICIES,N,3680
SYS,USER_ILMEVALUATIONDETAILS,N,1635
SYS,USER_ILMOBJECTS,N,1937
SYS,USER_ILMPOLICIES,N,1227
SYS,USER_ILMRESULTS,N,912
SYS,USER_ILMTASKS,N,345
SYS,USER_IM_EXPRESSIONS,N,746
SYS,USER_IMMUTABLE_TABLES,N,355
SYS,USER_IND_COLUMNS,N,156
SYS,USER_IND_COLUMNS_V$,N,2498
SYS,USER_INDEXES,N,6453
SYS,USER_IND_EXPRESSIONS,N,1212
SYS,USER_INDEXTYPE_ARRAYTYPES,N,1255
SYS,USER_INDEXTYPE_COMMENTS,N,205
SYS,USER_INDEXTYPE_OPERATORS,N,287
SYS,USER_INDEXTYPES,N,696
SYS,USER_IND_PARTITIONS,N,7860
SYS,USER_IND_PENDING_STATS,N,3079
SYS,USER_IND_STATISTICS,N,17250
SYS,USER_IND_SUBPARTITIONS,N,5785
SYS,USER_INTERNAL_TRIGGERS,N,1159
SYS,USER_JAVA_ARGUMENTS,N,609
SYS,USER_JAVA_CLASSES,N,1333
SYS,USER_JAVA_COMPILER_OPTIONS,N,156
SYS,USER_JAVA_DERIVATIONS,N,331
SYS,USER_JAVA_FIELDS,N,1206
SYS,USER_JAVA_IMPLEMENTS,N,238
SYS,USER_JAVA_INNERS,N,1902
SYS,USER_JAVA_LAYOUTS,N,315
SYS,USER_JAVA_METHODS,N,1631
SYS,USER_JAVA_NCOMPS,N,348
SYS,USER_JAVA_POLICY,N,463
SYS,USER_JAVA_RESOLVERS,N,289
SYS,USER_JAVA_THROWS,N,266
SYS,USER_JOBS,N,327
SYS,USER_JOINGROUPS,N,715
SYS,USER_JOIN_IND_COLUMNS,N,493
SYS,USER_JSON_COLUMNS,N,203
SYS,USER_JSON_DATAGUIDE_FIELDS,N,191
SYS,USER_JSON_DATAGUIDES,N,185
SYS,USER_LIBRARIES,N,192
SYS,USER_LOB_PARTITIONS,N,9116
SYS,USER_LOBS,N,7982
SYS,USER_LOB_SUBPARTITIONS,N,5638
SYS,USER_LOB_TEMPLATES,N,611
SYS,USER_LOG_GROUP_COLUMNS,N,508
SYS,USER_LOG_GROUPS,N,802
SYS,USER_MEASURE_FOLDER_CONTENTS,N,423
SYS,USER_MEASURE_FOLDERS,N,551
SYS,USER_MEASURE_FOLDER_SUBFOLDERS,N,419
SYS,USER_METADATA_PROPERTIES,N,1419
SYS,USER_METHOD_PARAMS,N,1369
SYS,USER_METHOD_RESULTS,N,1155
SYS,USER_MINING_MODEL_ATTRIBUTES,N,2582
SYS,USER_MINING_MODEL_PARTITIONS,N,382
SYS,USER_MINING_MODELS,N,1689
SYS,USER_MINING_MODEL_SETTINGS,N,211
SYS,USER_MINING_MODEL_VIEWS,N,3176
SYS,USER_MINING_MODEL_XFORMS,N,227
SYS,USER_MVIEW_AGGREGATES,N,643
SYS,USER_MVIEW_ANALYSIS,N,1453
SYS,USER_MVIEW_COMMENTS,N,273
SYS,USER_MVIEW_DETAIL_PARTITION,N,268
SYS,USER_MVIEW_DETAIL_RELATIONS,N,6317
SYS,USER_MVIEW_DETAIL_SUBPARTITION,N,281
SYS,USER_MVIEW_JOINS,N,713
SYS,USER_MVIEW_KEYS,N,906
SYS,USER_MVIEW_LOGS,N,440
SYS,USER_MVIEW_REFRESH_TIMES,N,173
SYS,USER_MVIEWS,N,859
SYS,USER_MVREF_CHANGE_STATS,N,265
SYS,USER_MVREF_RUN_STATS,N,425
SYS,USER_MVREF_STATS,N,292
SYS,USER_MVREF_STATS_PARAMS,N,149
SYS,USER_MVREF_STATS_SYS_DEFAULTS,N,62
SYS,USER_MVREF_STMT_STATS,N,186
SYS,USER_NESTED_TABLE_COLS,N,5829
SYS,USER_NESTED_TABLES,N,2541
SYS,USER_NETWORK_ACL_PRIVILEGES,N,750
SYS,USER_OBJ_AUDIT_OPTS,N,23078
SYS,USER_OBJ_COLATTRS,N,1090
SYS,USER_OBJECTS,N,6234
SYS,USER_OBJECTS_AE,N,6229
SYS,USER_OBJECT_SIZE,N,1909
SYS,USER_OBJECT_TABLES,N,16149
SYS,USER_OBJECT_USAGE,N,351
SYS,USER_OGG_AUTO_CAPTURED_TABLES,N,1321
SYS,USER_OLDIMAGE_COLUMNS,N,659
SYS,USER_OPANCILLARY,N,333
SYS,USER_OPARGUMENTS,N,184
SYS,USER_OPBINDINGS,N,533
SYS,USER_OPERATOR_COMMENTS,N,204
SYS,USER_OPERATORS,N,165
SYS,USER_OUTLINE_HINTS,N,225
SYS,USER_OUTLINES,N,442
SYS,USER_PARALLEL_EXECUTE_CHUNKS,N,439
SYS,USER_PARALLEL_EXECUTE_TASKS,N,909
SYS,USER_PART_COL_STATISTICS,N,2503
SYS,USER_PART_HISTOGRAMS,N,1924
SYS,USER_PARTIAL_DROP_TABS,N,137
SYS,USER_PART_INDEXES,N,2264
SYS,USER_PART_KEY_COLUMNS,N,106
SYS,USER_PART_KEY_COLUMNS_V$,N,862
SYS,USER_PART_LOBS,N,3162
SYS,USER_PART_TABLES,N,9803
SYS,USER_PASSWORD_LIMITS,N,2023
SYS,USER_PENDING_CONV_TABLES,N,162
SYS,USER_PLSQL_COLL_TYPES,N,3649
SYS,USER_PLSQL_OBJECT_SETTINGS,N,282
SYS,USER_PLSQL_TYPE_ATTRS,N,4447
SYS,USER_PLSQL_TYPES,N,877
SYS,USER_POLICIES,N,259
SYS,USER_POLICY_ATTRIBUTES,N,186
SYS,USER_POLICY_CONTEXTS,N,140
SYS,USER_POLICY_GROUPS,N,133
SYS,USER_PRIVATE_TEMP_TABLES,N,235
SYS,USER_PROCEDURES,N,408
SYS,USER_PROXIES,N,690
SYS,USER_QUEUE_EVENT_STREAMS,N,706
SYS,USER_QUEUE_PARTITION_ASSIGNMENT_TABLE,N,337
SYS,USER_QUEUE_PUBLISHERS,N,486
SYS,USER_QUEUES,N,1048
SYS,_USER_QUEUE_SCHEDULES,N,7063
SYS,USER_QUEUE_SCHEDULES,N,537
SYS,_USER_QUEUE_SCHEDULES_COMPAT,N,3862
SYS,USER_QUEUE_SHARDS,N,685
SYS,USER_QUEUE_SUBSCRIBERS,N,1065
SYS,USER_QUEUE_TABLES,N,3077
SYS,USER_RECYCLEBIN,N,1166
SYS,USER_REFRESH,N,321
SYS,USER_REFRESH_CHILDREN,N,359
SYS,USER_REFS,N,818
SYS,USER_REGISTERED_MVIEWS,N,250
SYS,USER_REGISTERED_SNAPSHOTS,N,262
SYS,USER_REGISTRY,N,474
SYS,USER_RESOURCE_LIMITS,N,523
SYS,USER_RESUMABLE,N,764
SYS,USER_REWRITE_EQUIVALENCES,N,183
SYS,USER_ROLE_PRIVS,N,4944
SYS,USER_RSRC_CONSUMER_GROUP_PRIVS,N,457
SYS,USER_RSRC_MANAGER_SYSTEM_PRIVS,N,273
SYS,USER_RULES,N,252
SYS,USER_RULE_SET_RULES,N,404
SYS,USER_RULE_SETS,N,225
SYS,USER_RULESETS,N,205
SYS,USER_SCHEDULER_CHAIN_RULES,N,567
SYS,USER_SCHEDULER_CHAINS,N,526
SYS,USER_SCHEDULER_CHAIN_STEPS,N,1179
SYS,USER_SCHEDULER_CREDENTIALS,N,284
SYS,USER_SCHEDULER_DB_DESTS,N,386
SYS,USER_SCHEDULER_DESTS,N,266
SYS,USER_SCHEDULER_FILE_WATCHERS,N,701
SYS,USER_SCHEDULER_GROUP_MEMBERS,N,668
SYS,USER_SCHEDULER_GROUPS,N,411
SYS,USER_SCHEDULER_INCOMPAT_MEMBER,N,434
SYS,USER_SCHEDULER_INCOMPATS,N,495
SYS,USER_SCHEDULER_JOB_ARGS,N,4013
SYS,USER_SCHEDULER_JOB_DESTS,N,8419
SYS,USER_SCHEDULER_JOB_LOG,N,968
SYS,USER_SCHEDULER_JOB_RUN_DETAILS,N,1256
SYS,USER_SCHEDULER_JOBS,N,12902
SYS,USER_SCHEDULER_NOTIFICATIONS,N,620
SYS,USER_SCHEDULER_PROGRAM_ARGS,N,1915
SYS,USER_SCHEDULER_PROGRAMS,N,612
SYS,USER_SCHEDULER_REMOTE_JOBSTATE,N,517
SYS,USER_SCHEDULER_RESOURCES,N,497
SYS,USER_SCHEDULER_RSC_CONSTRAINTS,N,458
SYS,USER_SCHEDULER_RUNNING_CHAINS,N,1770
SYS,USER_SCHEDULER_RUNNING_JOBS,N,4233
SYS,USER_SCHEDULER_SCHEDULES,N,720
SYS,USER_SECONDARY_OBJECTS,N,372
SYS,USER_SEC_RELEVANT_COLS,N,188
SYS,USER_SEGMENTS,N,3883
SYS,USER_SEQUENCES,N,562
SYS,USER_SNAPSHOT_LOGS,N,273
SYS,USER_SNAPSHOTS,N,473
SYS,USER_SOURCE,N,140
SYS,USER_SOURCE_AE,N,157
SYS,USER_SQLJ_TYPE_ATTRS,N,1312
SYS,USER_SQLJ_TYPE_METHODS,N,811
SYS,USER_SQLJ_TYPES,N,1154
SYS,USER_SQLSET,N,165
SYS,USER_SQLSET_BINDS,N,1110
SYS,USER_SQLSET_PLANS,N,1964
SYS,USER_SQLSET_REFERENCES,N,311
SYS,USER_SQLSET_STATEMENTS,N,1405
SYS,USER_SQL_TRANSLATION_PROFILES,N,636
SYS,USER_SQL_TRANSLATIONS,N,475
SYS,USER_SQLTUNE_BINDS,N,259
SYS,USER_SQLTUNE_PLANS,N,2131
SYS,USER_SQLTUNE_RATIONALE_PLAN,N,1254
SYS,USER_SQLTUNE_STATISTICS,N,545
SYS,USER_SR_GRP_STATUS,N,295
SYS,USER_SR_GRP_STATUS_ALL,N,327
SYS,USER_SR_OBJ,N,115
SYS,USER_SR_OBJ_ALL,N,134
SYS,USER_SR_OBJ_STATUS,N,161
SYS,USER_SR_OBJ_STATUS_ALL,N,192
SYS,USER_SR_PARTN_OPS,N,163
SYS,USER_SR_STLOG_EXCEPTIONS,N,159
SYS,USER_SR_STLOG_STATS,N,162
SYS,_user_stat,N,51594
SYS,USER_STATEMENTS,N,334
SYS,USER_STAT_EXTENSIONS,N,835
SYS,_user_stat_varray,N,233
SYS,USER_STORED_SETTINGS,N,196
SYS,USER_SUBPART_COL_STATISTICS,N,2173
SYS,USER_SUBPART_HISTOGRAMS,N,1949
SYS,USER_SUBPARTITION_TEMPLATES,N,530
SYS,USER_SUBPART_KEY_COLUMNS,N,109
SYS,USER_SUBPART_KEY_COLUMNS_V$,N,901
SYS,USER_SUBSCR_REGISTRATIONS,N,1247
SYS,USER_SUMMARIES,N,1292
SYS,USER_SUMMARY_AGGREGATES,N,643
SYS,USER_SUMMARY_DETAIL_TABLES,N,608
SYS,USER_SUMMARY_JOINS,N,664
SYS,USER_SUMMARY_KEYS,N,854
SYS,USER_SYNONYMS,N,173
SYS,USER_SYS_PRIVS,N,1436
SYS,USER_TAB_COLS,N,719
SYS,USER_TAB_COL_STATISTICS,N,8089
SYS,USER_TAB_COL_STAT_MODELS,N,551
SYS,USER_TAB_COLS_V$,N,8629
SYS,USER_TAB_COLUMNS,N,618
SYS,USER_TAB_COMMENTS,N,155
SYS,USER_TAB_HISTGRM_PENDING_STATS,N,4228
SYS,USER_TAB_HISTOGRAMS,N,5392
SYS,USER_TAB_IDENTITY_COLS,N,1067
SYS,USER_TABLES,N,19571
SYS,USER_TABLESPACES,N,9092
SYS,USER_TAB_MODIFICATIONS,N,897
SYS,USER_TAB_PARTITIONS,N,20519
SYS,USER_TAB_PENDING_STATS,N,1238
SYS,USER_TAB_PRIVS,N,9497
SYS,USER_TAB_PRIVS_MADE,N,8604
SYS,USER_TAB_PRIVS_RECD,N,8588
SYS,USER_TAB_STATISTICS,N,15541
SYS,USER_TAB_STAT_PREFS,N,146
SYS,USER_TAB_STATS_HISTORY,N,1155
SYS,USER_TAB_SUBPARTITIONS,N,12764
SYS,USER_TRANSFORMATIONS,N,198
SYS,USER_TRIGGER_COLS,N,9280
SYS,USER_TRIGGER_ORDERING,N,163
SYS,USER_TRIGGERS,N,13188
SYS,USER_TRIGGERS_AE,N,13286
SYS,USER_TS,N,52
SYS,USER_TS_QUOTAS,N,281
SYS,USER_TSTZ_TAB_COLS,N,1255
SYS,USER_TSTZ_TABLES,N,245
SYS,USER_TUNE_MVIEW,N,1651
SYS,USER_TYPE_ATTRS,N,1554
SYS,USER_TYPE_METHODS,N,645
SYS,USER_TYPES,N,984
SYS,USER_TYPE_VERSIONS,N,409
SYS,USER_UNUSED_COL_TABS,N,354
SYS,USER_UPDATABLE_COLUMNS,N,2380
SYS,USER_USERS,N,2879
SYS,USER_USTATS,N,2220
SYS,USER_VARRAYS,N,4597
SYS,USER_VIEWS,N,498
SYS,USER_VIEWS_AE,N,515
SYS,USER_WALLET_ACES,N,506
SYS,USER_WARNING_SETTINGS,N,876
SYS,USER_XDS_ACL_REFRESH,N,388
SYS,USER_XDS_ACL_REFSTAT,N,335
SYS,USER_XDS_LATEST_ACL_REFSTAT,N,342
SYS,USER_XML_COLUMN_NAMES,N,713
SYS,USER_XML_INDEXES,N,1719
SYS,USER_XML_NESTED_TABLES,N,208
SYS,USER_XML_OUT_OF_LINE_TABLES,N,257
SYS,USER_XML_SCHEMA_ATTRIBUTES,N,266
SYS,USER_XML_SCHEMA_COMPLEX_TYPES,N,308
SYS,USER_XML_SCHEMA_ELEMENTS,N,360
SYS,USER_XML_SCHEMA_NAMESPACES,N,177
SYS,USER_XML_SCHEMAS,N,1562
SYS,USER_XML_SCHEMA_SIMPLE_TYPES,N,217
SYS,USER_XML_SCHEMA_SUBSTGRP_HEAD,N,204
SYS,USER_XML_SCHEMA_SUBSTGRP_MBRS,N,303
SYS,USER_XML_TAB_COLS,N,5802
SYS,USER_XML_TABLES,N,5155
SYS,USER_XMLTYPE_COLS,N,207
SYS,USER_XML_VIEW_COLS,N,1416
SYS,USER_XML_VIEWS,N,1178
SYS,USER_XS_ACES,N,241
SYS,USER_XS_ACL_PARAMETERS,N,170
SYS,USER_XS_ACLS,N,228
SYS,USER_XS_COLUMN_CONSTRAINTS,N,127
SYS,USER_XS_IMPLIED_PRIVILEGES,N,156
SYS,USER_XS_INHERITED_REALMS,N,202
SYS,USER_XS_PASSWORD_LIMITS,N,2121
SYS,USER_XS_POLICIES,N,130
SYS,USER_XS_PRIVILEGES,N,135
SYS,USER_XS_REALM_CONSTRAINTS,N,222
SYS,USER_XS_SECURITY_CLASS_DEP,N,130
SYS,USER_XS_SECURITY_CLASSES,N,110
SYS,USER_XS_USERS,N,199
SYS,USER_XTERNAL_LOC_PARTITIONS,N,825
SYS,USER_XTERNAL_LOC_SUBPARTITIONS,N,654
SYS,USER_XTERNAL_PART_TABLES,N,1031
SYS,USER_XTERNAL_TAB_PARTITIONS,N,1982
SYS,USER_XTERNAL_TAB_SUBPARTITIONS,N,715
SYS,USER_ZONEMAP_MEASURES,N,205
SYS,USER_ZONEMAPS,N,419
SYS,UTL_ALL_IND_COMPS,N,2064
SYS,_utl$_gnp_ind,N,1415
SYS,_utl$_gp_ind_parts,N,1657
SYS,_utl$_lc_ind_subs,N,1980
SYS,_utl$_lnc_ind_parts,N,1734
SYS,UTL_RECOMP_ALL_OBJECTS,N,947
SYS,UTL_RECOMP_ALL_STUBS,N,497
SYS,UTL_RECOMP_INVALID_ALL,N,268
SYS,UTL_RECOMP_INVALID_JAVA_SYN,N,271
SYS,UTL_RECOMP_INVALID_MV,N,788
SYS,UTL_RECOMP_INVALID_PARALLEL,N,131
SYS,UTL_RECOMP_INVALID_SEQ,N,120
SYS,UTL_RECOMP2_ALL_OBJECTS,N,971
SYS,UTL_RECOMP2_ALL_STUBS,N,511
SYS,UTL_RECOMP2_INVALID_ALL,N,282
SYS,UTL_RECOMP2_INVALID_JAVA_SYN,N,283
SYS,UTL_RECOMP2_INVALID_MV,N,801
SYS,UTL_RECOMP2_INVALID_PARALLEL,N,143
SYS,UTL_RECOMP2_INVALID_SEQ,N,132
SYS,V_$ACCESS,N,59
SYS,V_$ACTIVE_INSTANCES,N,65
SYS,V_$ACTIVE_SERVICES,N,442
SYS,V_$ACTIVE_SESSION_HISTORY,N,1929
SYS,V_$ACTIVE_SESS_POOL_MTH,N,50
SYS,V_$ACTIVITY_MVIEW,N,403
SYS,V_$ACTIVITY_TABLE,N,510
SYS,V_$ADVISOR_CURRENT_SQLPLAN,N,471
SYS,V_$ADVISOR_PROGRESS,N,318
SYS,V_$ALERT_TYPES,N,138
SYS,V_$ALL_ACTIVE_SESSION_HISTORY,N,1965
SYS,V_$ALL_SQL_MONITOR,N,1469
SYS,V_$ALL_SQL_PLAN,N,564
SYS,V_$ALL_SQL_PLAN_MONITOR,N,2579
SYS,V_$AQ,N,106
SYS,V_$AQ_BACKGROUND_COORDINATOR,N,120
SYS,V_$AQ_BMAP_NONDUR_SUBSCRIBERS,N,71
SYS,V_$AQ_CACHED_SUBSHARDS,N,103
SYS,V_$AQ_CROSS_INSTANCE_JOBS,N,559
SYS,V_$AQ_DEQUEUE_SESSIONS,N,217
SYS,V_$AQ_INACTIVE_SUBSHARDS,N,105
SYS,V_$AQ_IPC_ACTIVE_MSGS,N,181
SYS,V_$AQ_IPC_MSG_STATS,N,282
SYS,V_$AQ_IPC_PENDING_MSGS,N,106
SYS,V_$AQ_JOB_COORDINATOR,N,142
SYS,V_$AQ_MESSAGE_CACHE,N,219
SYS,V_$AQ_MESSAGE_CACHE_ADVICE,N,453
SYS,V_$AQ_MESSAGE_CACHE_STAT,N,678
SYS,V_$AQ_MSGBM,N,145
SYS,V_$AQ_NONDUR_REGISTRATIONS,N,166
SYS,V_$AQ_NONDUR_SUBSCRIBER,N,201
SYS,V_$AQ_NONDUR_SUBSCRIBER_LWM,N,102
SYS,V_$AQ_NOTIFICATION_CLIENTS,N,231
SYS,V_$AQ_PARTITION_STATS,N,758
SYS,V_$AQ_REMOTE_DEQUEUE_AFFINITY,N,136
SYS,V_$AQ_SERVER_POOL,N,132
SYS,V_$AQ_SHARDED_SUBSCRIBER_STAT,N,369
SYS,V_$AQ_SUBSCRIBER_LOAD,N,269
SYS,V_$AQ_UNCACHED_SUBSHARDS,N,105
SYS,V_$AQ1,N,124
SYS,V_$ARCHIVE,N,99
SYS,V_$ARCHIVE_DEST,N,521
SYS,V_$ARCHIVE_DEST_STATUS,N,345
SYS,V_$ARCHIVED_LOG,N,491
SYS,V_$ARCHIVE_GAP,N,77
SYS,V_$ARCHIVE_PROCESSES,N,90
SYS,V_$ASH_INFO,N,343
SYS,V_$ASM_ACFSAUTORESIZE,N,87
SYS,V_$ASM_ACFS_ENCRYPTION_INFO,N,143
SYS,V_$ASM_ACFSREPL,N,237
SYS,V_$ASM_ACFSREPLTAG,N,62
SYS,V_$ASM_ACFS_SEC_ADMIN,N,54
SYS,V_$ASM_ACFS_SEC_CMDRULE,N,82
SYS,V_$ASM_ACFS_SEC_REALM,N,163
SYS,V_$ASM_ACFS_SEC_REALM_FILTER,N,115
SYS,V_$ASM_ACFS_SEC_REALM_GROUP,N,96
SYS,V_$ASM_ACFS_SEC_REALM_USER,N,94
SYS,V_$ASM_ACFS_SEC_RULE,N,128
SYS,V_$ASM_ACFS_SEC_RULESET,N,98
SYS,V_$ASM_ACFS_SEC_RULESET_RULE,N,98
SYS,V_$ASM_ACFS_SECURITY_INFO,N,103
SYS,V_$ASM_ACFSSNAPSHOTS,N,156
SYS,V_$ASM_ACFSTAG,N,67
SYS,V_$ASM_ACFSVOLUMES,N,108
SYS,V_$ASM_ALIAS,N,189
SYS,V_$ASM_ATTRIBUTE,N,137
SYS,V_$ASM_AUDIT_CLEAN_EVENTS,N,102
SYS,V_$ASM_AUDIT_CLEANUP_JOBS,N,115
SYS,V_$ASM_AUDIT_CONFIG_PARAMS,N,112
SYS,V_$ASM_AUDIT_LAST_ARCH_TS,N,77
SYS,V_$ASM_AUDIT_LOAD_JOBS,N,82
SYS,V_$ASM_CACHE_EVENTS,N,96
SYS,V_$ASM_CLIENT,N,138
SYS,V_$ASM_DBCLONE_INFO,N,144
SYS,V_$ASM_DISK,N,789
SYS,V_$ASM_DISKGROUP,N,310
SYS,V_$ASM_DISKGROUP_SPARSE,N,92
SYS,V_$ASM_DISKGROUP_STAT,N,315
SYS,V_$ASM_DISK_IOSTAT,N,380
SYS,V_$ASM_DISK_IOSTAT_SPARSE,N,162
SYS,V_$ASM_DISK_SPARSE,N,186
SYS,V_$ASM_DISK_SPARSE_STAT,N,191
SYS,V_$ASM_DISK_STAT,N,794
SYS,V_$ASM_ESTIMATE,N,88
SYS,V_$ASM_FILE,N,556
SYS,V_$ASM_FILEGROUP,N,280
SYS,V_$ASM_FILEGROUP_FILE,N,139
SYS,V_$ASM_FILEGROUP_PROPERTY,N,154
SYS,V_$ASM_FILESYSTEM,N,258
SYS,V_$ASM_OPERATION,N,152
SYS,V_$ASM_QUOTAGROUP,N,126
SYS,V_$ASM_TEMPLATE,N,136
SYS,V_$ASM_USER,N,122
SYS,V_$ASM_USERGROUP,N,143
SYS,V_$ASM_USERGROUP_MEMBER,N,138
SYS,V_$ASM_VOLUME,N,292
SYS,V_$ASM_VOLUME_STAT,N,196
SYS,V_$AUTHPOOL_STATS,N,84
SYS,V_$AV_BTT_CACHE,N,71
SYS,V_$AW_AGGREGATE_OP,N,73
SYS,V_$AW_ALLOCATE_OP,N,55
SYS,V_$AW_CALC,N,330
SYS,V_$AW_LONGOPS,N,240
SYS,V_$AW_OLAP,N,176
SYS,V_$AW_SESSION_INFO,N,281
SYS,V_$BACKUP,N,63
SYS,V_$BACKUP_ARCHIVELOG_DETAILS,N,291
SYS,V_$BACKUP_ARCHIVELOG_SUMMARY,N,261
SYS,V_$BACKUP_ASYNC_IO,N,441
SYS,V_$BACKUP_CONTROLFILE_DETAILS,N,269
SYS,V_$BACKUP_CONTROLFILE_SUMMARY,N,284
SYS,V_$BACKUP_COPY_DETAILS,N,361
SYS,V_$BACKUP_COPY_SUMMARY,N,209
SYS,V_$BACKUP_CORRUPTION,N,171
SYS,V_$BACKUP_DATAFILE,N,672
SYS,V_$BACKUP_DATAFILE_DETAILS,N,383
SYS,V_$BACKUP_DATAFILE_SUMMARY,N,306
SYS,V_$BACKUP_DEVICE,N,64
SYS,V_$BACKUP_FILES,N,1404
SYS,V_$BACKUP_NONLOGGED,N,207
SYS,V_$BACKUP_PIECE,N,391
SYS,V_$BACKUP_PIECE_DETAILS,N,494
SYS,V_$BACKUP_REDOLOG,N,240
SYS,V_$BACKUP_SET,N,321
SYS,V_$BACKUP_SET_DETAILS,N,615
SYS,V_$BACKUP_SET_SUMMARY,N,318
SYS,V_$BACKUP_SPFILE,N,146
SYS,V_$BACKUP_SPFILE_DETAILS,N,173
SYS,V_$BACKUP_SPFILE_SUMMARY,N,175
SYS,V_$BACKUP_SYNC_IO,N,373
SYS,V_$BCAPPLY_STATS,N,217
SYS,V_$BGPROCESS,N,98
SYS,V_$BH,N,269
SYS,V_$BLOCK_CHANGE_TRACKING,N,72
SYS,V_$BLOCKING_QUIESCE,N,45
SYS,V_$BSP,N,341
SYS,V_$BT_SCAN_CACHE,N,123
SYS,V_$BT_SCAN_OBJ_TEMPS,N,111
SYS,V_$BTS_STAT,N,152
SYS,V_$BUFFERED_PUBLISHERS,N,304
SYS,V_$BUFFERED_QUEUES,N,417
SYS,V_$BUFFERED_SUBSCRIBERS,N,480
SYS,V_$BUFFER_POOL,N,211
SYS,V_$BUFFER_POOL_STATISTICS,N,348
SYS,V_$BUILD_INFO,N,47
SYS,V_$CACHE,N,180
SYS,V_$CACHE_LOCK,N,174
SYS,V_$CACHE_TRANSFER,N,189
SYS,V_$CALLTAG,N,163
SYS,V_$CELL,N,66
SYS,V_$CELL_CONFIG,N,77
SYS,V_$CELL_CONFIG_INFO,N,97
SYS,V_$CELL_DB,N,163
SYS,V_$CELL_DISK,N,163
SYS,V_$CELL_DISK_HISTORY,N,183
SYS,V_$CELL_GLOBAL,N,150
SYS,V_$CELL_GLOBAL_HISTORY,N,163
SYS,V_$CELL_IOREASON,N,178
SYS,V_$CELL_IOREASON_NAME,N,67
SYS,V_$CELL_METRIC_DESC,N,79
SYS,V_$CELL_OFL_THREAD_HISTORY,N,240
SYS,V_$CELL_OPEN_ALERTS,N,117
SYS,V_$CELL_REQUEST_TOTALS,N,121
SYS,V_$CELL_STATE,N,96
SYS,V_$CELL_THREAD_HISTORY,N,210
SYS,V_$CHANNEL_WAITS,N,104
SYS,V_$CHUNK_METRIC,N,99
SYS,V_$CIRCUIT,N,222
SYS,V_$CLASS_CACHE_TRANSFER,N,237
SYS,V_$CLASS_PING,N,282
SYS,V_$CLEANUP_PROCESS,N,142
SYS,V_$CLIENT_SECRETS,N,299
SYS,V_$CLIENT_STATS,N,85
SYS,V_$CLONEDFILE,N,136
SYS,V_$CLUSTER_INTERCONNECTS,N,85
SYS,V_$CODE_CLAUSE,N,89
SYS,V_$COLUMN_STATISTICS,N,116
SYS,V_$COMPATIBILITY_REQUIREMENT,N,89
SYS,V_$CON_EVENT_HISTOGRAM_MICRO,N,134
SYS,V_$CONFIGURED_INTERCONNECTS,N,88
SYS,V_$CONNECTION_BROKER,N,138
SYS,V_$CONSENSUS_CLIENTS,N,134
SYS,V_$CONSENSUS_LOGS,N,105
SYS,V_$CONSENSUS_STATS,N,110
SYS,V_$CON_SYSMETRIC,N,134
SYS,V_$CON_SYSMETRIC_HISTORY,N,142
SYS,V_$CON_SYSMETRIC_SUMMARY,N,198
SYS,V_$CON_SYSSTAT,N,80
SYS,V_$CON_SYSTEM_EVENT,N,291
SYS,V_$CON_SYSTEM_WAIT_CLASS,N,207
SYS,V_$CON_SYS_TIME_MODEL,N,71
SYS,V_$CONTAINERS,N,544
SYS,V_$CONTAINER_TOPOLOGY,N,116
SYS,V_$CONTEXT,N,153
SYS,V_$CONTROLFILE,N,104
SYS,V_$CONTROLFILE_RECORD_SECTION,N,141
SYS,V_$CON_WAITCLASSMETRIC,N,211
SYS,V_$CON_WAITCLASSMETRIC_HISTORY,N,219
SYS,V_$COPY_CORRUPTION,N,162
SYS,V_$COPY_NONLOGGED,N,208
SYS,V_$CORRUPT_XID_LIST,N,53
SYS,V_$CPOOL_CC_INFO,N,62
SYS,V_$CPOOL_CC_STATS,N,158
SYS,V_$CPOOL_CONN_INFO,N,402
SYS,V_$CPOOL_STATS,N,238
SYS,V_$CR_BLOCK_SERVER,N,376
SYS,V_$CURRENT_BLOCK_SERVER,N,262
SYS,V_$DATABASE,N,1235
SYS,V_$DATABASE_BLOCK_CORRUPTION,N,116
SYS,V_$DATABASE_INCARNATION,N,221
SYS,V_$DATABASE_KEY_INFO,N,107
SYS,V_$DATABASE_REPLAY_PROGRESS,N,89
SYS,V_$DATAFILE,N,558
SYS,V_$DATAFILE_COPY,N,766
SYS,V_$DATAFILE_HEADER,N,366
SYS,V_$DATAGUARD_CONFIG,N,96
SYS,V_$DATAGUARD_PROCESS,N,301
SYS,V_$DATAGUARD_STATS,N,127
SYS,V_$DATAGUARD_STATUS,N,130
SYS,V_$DATAPUMP_JOB,N,196
SYS,V_$DATAPUMP_SESSION,N,83
SYS,V_$DB_CACHE_ADVICE,N,290
SYS,V_$DBFILE,N,44
SYS,V_$DBLINK,N,159
SYS,V_$DB_OBJECT_CACHE,N,335
SYS,V_$DB_PIPES,N,78
SYS,V_$DB_TRANSPORTABLE_PLATFORM,N,94
SYS,V_$DEAD_CLEANUP,N,187
SYS,V_$DELETED_OBJECT,N,128
SYS,V_$DETACHED_SESSION,N,78
SYS,V_$DG_BROKER_CONFIG,N,159
SYS,V_$DG_BROKER_PROPERTY,N,115
SYS,V_$DG_BROKER_PROPERTY_INT,N,119
SYS,V_$DIAG_ADR_CONTROL,N,270
SYS,V_$DIAG_ADR_CONTROL_AUX,N,120
SYS,V_$DIAG_ADR_INVALIDATION,N,74
SYS,V_$DIAG_ALERT_EXT,N,778
SYS,V_$DIAG_AMS_XACTION,N,56
SYS,V_$DIAG_APP_TRACE_FILE,N,128
SYS,V_$DIAG_CRITICAL_ERROR,N,61
SYS,V_$DIAG_DDE_USER_ACTION,N,177
SYS,V_$DIAG_DDE_USER_ACTION_DEF,N,220
SYS,V_$DIAG_DDE_USR_ACT_PARAM,N,164
SYS,V_$DIAG_DDE_USR_ACT_PARAM_DEF,N,152
SYS,V_$DIAG_DDE_USR_INC_ACT_MAP,N,86
SYS,V_$DIAG_DDE_USR_INC_TYPE,N,83
SYS,V_$DIAG_DFW_CONFIG_CAPTURE,N,104
SYS,V_$DIAG_DFW_CONFIG_ITEM,N,126
SYS,V_$DIAG_DFW_PATCH_CAPTURE,N,103
SYS,V_$DIAG_DFW_PATCH_ITEM,N,109
SYS,V_$DIAG_DFW_PURGE,N,249
SYS,V_$DIAG_DFW_PURGE_ITEM,N,203
SYS,V_$DIAG_DIAGV_INCIDENT,N,616
SYS,V_$DIAG_DIR_EXT,N,218
SYS,V_$DIAG_EM_DIAG_JOB,N,188
SYS,V_$DIAG_EM_TARGET_INFO,N,254
SYS,V_$DIAG_EM_USER_ACTIVITY,N,182
SYS,V_$DIAG_HM_FDG_SET,N,103
SYS,V_$DIAG_HM_FINDING,N,461
SYS,V_$DIAG_HM_INFO,N,100
SYS,V_$DIAG_HM_MESSAGE,N,158
SYS,V_$DIAG_HM_RECOMMENDATION,N,320
SYS,V_$DIAG_HM_RUN,N,349
SYS,V_$DIAG_INCCKEY,N,115
SYS,V_$DIAG_INCIDENT,N,552
SYS,V_$DIAG_INCIDENT_FILE,N,117
SYS,V_$DIAG_INC_METER_CONFIG,N,223
SYS,V_$DIAG_INC_METER_IMPT_DEF,N,163
SYS,V_$DIAG_INC_METER_INFO,N,197
SYS,V_$DIAG_INC_METER_PK_IMPTS,N,137
SYS,V_$DIAG_INC_METER_SUMMARY,N,300
SYS,V_$DIAG_INFO,N,57
SYS,V_$DIAG_IPS_CONFIGURATION,N,181
SYS,V_$DIAG_IPS_FILE_COPY_LOG,N,156
SYS,V_$DIAG_IPS_FILE_METADATA,N,119
SYS,V_$DIAG_IPS_PACKAGE,N,323
SYS,V_$DIAG_IPS_PACKAGE_FILE,N,114
SYS,V_$DIAG_IPS_PACKAGE_HISTORY,N,197
SYS,V_$DIAG_IPS_PACKAGE_INCIDENT,N,130
SYS,V_$DIAG_IPS_PKG_UNPACK_HIST,N,138
SYS,V_$DIAG_IPS_PROGRESS_LOG,N,195
SYS,V_$DIAG_IPS_REMOTE_PACKAGE,N,144
SYS,V_$DIAG_LOG_EXT,N,776
SYS,V_$DIAG_OPT_TRACE_RECORDS,N,322
SYS,V_$DIAG_PDB_PROBLEM,N,155
SYS,V_$DIAG_PDB_SPACE_MGMT,N,222
SYS,V_$DIAG_PICKLEERR,N,147
SYS,V_$DIAG_PROBLEM,N,264
SYS,V_$DIAG_RELMD_EXT,N,179
SYS,V_$DIAG_SESS_OPT_TRACE_RECORDS,N,327
SYS,V_$DIAG_SESS_SQL_TRACE_RECORDS,N,327
SYS,V_$DIAG_SESS_USER_TRACE_RECORDS,N,328
SYS,V_$DIAG_SQL_TRACE_RECORDS,N,322
SYS,V_$DIAG_SWEEPERR,N,128
SYS,V_$DIAG_TRACE_FILE,N,94
SYS,V_$DIAG_TRACE_FILE_CONTENTS,N,324
SYS,V_$DIAG_USER_TRACE_RECORDS,N,323
SYS,V_$DIAG_V_ACTINC,N,89
SYS,V_$DIAG_V_ACTPROB,N,75
SYS,V_$DIAG_VADR_CONTROL,N,343
SYS,V_$DIAG_VEM_USER_ACTLOG,N,77
SYS,V_$DIAG_VEM_USER_ACTLOG1,N,78
SYS,V_$DIAG_VHM_RUN,N,313
SYS,V_$DIAG_VIEW,N,118
SYS,V_$DIAG_VIEWCOL,N,79
SYS,V_$DIAG_V_INCCOUNT,N,79
SYS,V_$DIAG_V_INCFCOUNT,N,89
SYS,V_$DIAG_VINCIDENT,N,607
SYS,V_$DIAG_VINCIDENT_FILE,N,155
SYS,V_$DIAG_VINC_METER_INFO,N,270
SYS,V_$DIAG_V_INC_METER_INFO_PROB,N,97
SYS,V_$DIAG_VIPS_FILE_COPY_LOG,N,284
SYS,V_$DIAG_VIPS_FILE_METADATA,N,120
SYS,V_$DIAG_VIPS_PACKAGE_FILE,N,189
SYS,V_$DIAG_VIPS_PACKAGE_HISTORY,N,214
SYS,V_$DIAG_VIPS_PACKAGE_MAIN_INT,N,88
SYS,V_$DIAG_VIPS_PACKAGE_SIZE,N,83
SYS,V_$DIAG_VIPS_PKG_FILE,N,236
SYS,V_$DIAG_VIPS_PKG_INC_CAND,N,612
SYS,V_$DIAG_VIPS_PKG_INC_DTL,N,430
SYS,V_$DIAG_VIPS_PKG_INC_DTL1,N,415
SYS,V_$DIAG_VIPS_PKG_MAIN_PROBLEM,N,106
SYS,V_$DIAG_V_IPSPRBCNT,N,79
SYS,V_$DIAG_V_IPSPRBCNT1,N,80
SYS,V_$DIAG_V_NFCINC,N,121
SYS,V_$DIAG_VNOT_EXIST_INCIDENT,N,597
SYS,V_$DIAG_VPDB_PROBLEM,N,269
SYS,V_$DIAG_VPROBLEM,N,484
SYS,V_$DIAG_VPROBLEM_BUCKET,N,123
SYS,V_$DIAG_VPROBLEM_BUCKET_COUNT,N,147
SYS,V_$DIAG_VPROBLEM_BUCKET1,N,130
SYS,V_$DIAG_VPROBLEM_INT,N,437
SYS,V_$DIAG_VPROBLEM_LASTINC,N,422
SYS,V_$DIAG_VPROBLEM1,N,447
SYS,V_$DIAG_VPROBLEM2,N,465
SYS,V_$DIAG_VSHOWCATVIEW,N,112
SYS,V_$DIAG_VSHOWINCB,N,110
SYS,V_$DIAG_VSHOWINCB_I,N,112
SYS,V_$DIAG_V_SWPERRCOUNT,N,80
SYS,V_$DIAG_VTEST_EXISTS,N,174
SYS,V_$DISK_RESTORE_RANGE,N,366
SYS,V_$DISPATCHER,N,165
SYS,V_$DISPATCHER_CONFIG,N,134
SYS,V_$DISPATCHER_RATE,N,1221
SYS,V_$DLM_ALL_LOCKS,N,512
SYS,V_$DLM_CONVERT_LOCAL,N,104
SYS,V_$DLM_CONVERT_REMOTE,N,105
SYS,V_$DLM_LATCH,N,288
SYS,V_$DLM_LOCKS,N,508
SYS,V_$DLM_MISC,N,59
SYS,V_$DLM_RESS,N,185
SYS,V_$DLM_TRAFFIC_CONTROLLER,N,261
SYS,V_$DML_STATS,N,106
SYS,V_$DNFS_CHANNELS,N,217
SYS,V_$DNFS_FILES,N,71
SYS,V_$DNFS_SERVERS,N,144
SYS,V_$DNFS_STATS,N,374
SYS,V_$DUAL,N,35
SYS,V_$DYNAMIC_REMASTER_STATS,N,306
SYS,V_$EDITIONABLE_TYPES,N,67
SYS,V_$EMON,N,607
SYS,V_$EMX_USAGE_STATS,N,175
SYS,V_$ENABLEDPRIVS,N,57
SYS,V_$ENCRYPTED_TABLESPACES,N,170
SYS,V_$ENCRYPTION_KEYS,N,566
SYS,V_$ENCRYPTION_WALLET,N,139
SYS,V_$ENQUEUE_LOCK,N,109
SYS,V_$ENQUEUE_STAT,N,124
SYS,V_$ENQUEUE_STATISTICS,N,170
SYS,V_$EQ_CACHED_PARTITIONS,N,131
SYS,V_$EQ_CROSS_INSTANCE_JOBS,N,580
SYS,V_$EQ_DEQUEUE_SESSIONS,N,238
SYS,V_$EQ_INACTIVE_PARTITIONS,N,133
SYS,V_$EQ_MESSAGE_CACHE,N,240
SYS,V_$EQ_MESSAGE_CACHE_ADVICE,N,457
SYS,V_$EQ_MESSAGE_CACHE_STAT,N,678
SYS,V_$EQ_NONDUR_SUBSCRIBER,N,201
SYS,V_$EQ_NONDUR_SUBSCRIBER_LWM,N,109
SYS,V_$EQ_PARTITION_STATS,N,758
SYS,V_$EQ_REMOTE_DEQUEUE_AFFINITY,N,143
SYS,V_$EQ_SUBSCRIBER_LOAD,N,278
SYS,V_$EQ_SUBSCRIBER_STAT,N,312
SYS,V_$EQ_SUBSCR_REGISTRATION_STATS,N,388
SYS,V_$EQ_UNCACHED_PARTITIONS,N,136
SYS,V_$EVENT_HISTOGRAM,N,105
SYS,V_$EVENT_HISTOGRAM_MICRO,N,130
SYS,V_$EVENTMETRIC,N,172
SYS,V_$EVENT_NAME,N,157
SYS,V_$EVENT_OUTLIERS,N,181
SYS,V_$EXADIRECT_ACL,N,58
SYS,V_$EXECUTION,N,100
SYS,V_$EXP_STATS,N,69
SYS,V_$FALSE_PING,N,185
SYS,V_$FAST_START_SERVERS,N,78
SYS,V_$FAST_START_TRANSACTIONS,N,185
SYS,V_$FILE_CACHE_TRANSFER,N,284
SYS,V_$FILE_HISTOGRAM,N,83
SYS,V_$FILEMETRIC,N,221
SYS,V_$FILEMETRIC_HISTORY,N,229
SYS,V_$FILE_OPTIMIZED_HISTOGRAM,N,93
SYS,V_$FILE_PING,N,393
SYS,V_$FILESPACE_USAGE,N,160
SYS,V_$FILESTAT,N,210
SYS,V_$FIXED_TABLE,N,72
SYS,V_$FIXED_VIEW_DEFINITION,N,74
SYS,V_$FLASHBACK_DATABASE_LOG,N,155
SYS,V_$FLASHBACK_DATABASE_LOGFILE,N,129
SYS,V_$FLASHBACK_DATABASE_STAT,N,136
SYS,V_$FLASHBACK_TXN_GRAPH,N,259
SYS,V_$FLASHBACK_TXN_MODS,N,269
SYS,V_$FLASHFILESTAT,N,112
SYS,V_$FLASH_RECOVERY_AREA_USAGE,N,130
SYS,V_$FOREIGN_ARCHIVED_LOG,N,453
SYS,V_$FOREIGN_DATAFILE_COPY,N,774
SYS,V_$FS_FAILOVER_HISTOGRAM,N,83
SYS,V_$FS_FAILOVER_OBSERVERS,N,157
SYS,V_$FS_FAILOVER_STATS,N,84
SYS,V_$FS_OBSERVER_HISTOGRAM,N,120
SYS,V_$GC_ELEMENT,N,173
SYS,V_$GC_ELEMENTS_W_COLLISIONS,N,68
SYS,V_$GCR_ACTIONS,N,149
SYS,V_$GCR_LOG,N,89
SYS,V_$GCR_METRICS,N,280
SYS,V_$GCR_STATUS,N,92
SYS,V_$GCSHVMASTER_INFO,N,97
SYS,V_$GCS_LOCK_STATE_RESOLUTION_HISTORY,N,188
SYS,V_$GCSPFMASTER_INFO,N,138
SYS,V_$GES_BLOCKING_ENQUEUE,N,516
SYS,V_$GES_DEADLOCKS,N,186
SYS,V_$GES_DEADLOCK_SESSIONS,N,216
SYS,V_$GES_ENQUEUE,N,507
SYS,V_$GG_APPLY_COORDINATOR,N,522
SYS,V_$GG_APPLY_READER,N,483
SYS,V_$GG_APPLY_RECEIVER,N,358
SYS,V_$GG_APPLY_SERVER,N,525
SYS,V_$GLOBAL_BLOCKED_LOCKS,N,109
SYS,V_$GLOBALCONTEXT,N,259
SYS,V_$GLOBAL_TRANSACTION,N,138
SYS,V_$GOLDENGATE_CAPABILITIES,N,73
SYS,V_$GOLDENGATE_CAPTURE,N,917
SYS,V_$GOLDENGATE_MESSAGE_TRACKING,N,292
SYS,V_$GOLDENGATE_PROCEDURE_STATS,N,157
SYS,V_$GOLDENGATE_TABLE_STATS,N,535
SYS,V_$GOLDENGATE_TRANSACTION,N,352
SYS,V_$HANG_INFO,N,452
SYS,V_$HANG_SESSION_INFO,N,211
SYS,V_$HANG_STATISTICS,N,66
SYS,V_$HEAT_MAP_SEGMENT,N,212
SYS,V_$HM_CHECK,N,130
SYS,V_$HM_CHECK_PARAM,N,105
SYS,V_$HM_FINDING,N,190
SYS,V_$HM_INFO,N,57
SYS,V_$HM_RECOMMENDATION,N,165
SYS,V_$HM_RUN,N,205
SYS,V_$HS_AGENT,N,135
SYS,V_$HS_PARAMETER,N,86
SYS,V_$HS_SESSION,N,104
SYS,V_$HVMASTER_INFO,N,94
SYS,V_$IM_ADOELEMENTS,N,186
SYS,V_$IM_ADOTASKDETAILS,N,75
SYS,V_$IM_ADOTASKS,N,79
SYS,V_$IM_COL_CU,N,352
SYS,V_$IM_COLUMN_LEVEL,N,136
SYS,V_$IM_DELTA_HEADER,N,289
SYS,V_$IMEU_HEADER,N,332
SYS,V_$IM_GLOBALDICT,N,128
SYS,V_$IM_GLOBALDICT_PIECEMAP,N,153
SYS,V_$IM_GLOBALDICT_SORTORDER,N,132
SYS,V_$IM_GLOBALDICT_VERSION,N,119
SYS,V_$IM_HEADER,N,567
SYS,V_$IMHMSEG,N,308
SYS,V_$IM_IMECOL_CU,N,297
SYS,V_$IM_SEG_EXT_MAP,N,144
SYS,V_$IM_SEGMENTS,N,314
SYS,V_$IM_SEGMENTS_DETAIL,N,352
SYS,V_$IM_SMU_CHUNK,N,115
SYS,V_$IM_SMU_DELTA,N,198
SYS,V_$IM_SMU_HEAD,N,237
SYS,V_$IM_TBS_EXT_MAP,N,98
SYS,V_$IM_USER_SEGMENTS,N,297
SYS,V_$INCMETER_CONFIG,N,139
SYS,V_$INCMETER_INFO,N,154
SYS,V_$INCMETER_SUMMARY,N,221
SYS,V_$INDEXED_FIXED_COLUMN,N,103
SYS,V_$INDEX_USAGE_INFO,N,215
SYS,V_$INMEMORY_AREA,N,88
SYS,V_$INMEMORY_FASTSTART_AREA,N,168
SYS,V_$INMEMORY_XMEM_AREA,N,93
SYS,V_$INSTANCE,N,331
SYS,V_$INSTANCE_CACHE_TRANSFER,N,468
SYS,V_$INSTANCE_LOG_GROUP,N,234
SYS,V_$INSTANCE_PING,N,227
SYS,V_$INSTANCE_RECOVERY,N,464
SYS,V_$IO_CALIBRATION_STATUS,N,72
SYS,V_$IOFUNCMETRIC,N,268
SYS,V_$IOFUNCMETRIC_HISTORY,N,276
SYS,V_$IO_OUTLIER,N,184
SYS,V_$IOS_CLIENT,N,106
SYS,V_$IOSTAT_CONSUMER_GROUP,N,262
SYS,V_$IOSTAT_FILE,N,440
SYS,V_$IOSTAT_FUNCTION,N,266
SYS,V_$IOSTAT_FUNCTION_DETAIL,N,303
SYS,V_$IOSTAT_NETWORK,N,127
SYS,V_$IP_ACL,N,51
SYS,V_$IR_FAILURE,N,156
SYS,V_$IR_FAILURE_SET,N,84
SYS,V_$IR_MANUAL_CHECKLIST,N,82
SYS,V_$IR_REPAIR,N,215
SYS,V_$JAVA_LIBRARY_CACHE_MEMORY,N,167
SYS,V_$JAVA_PATCHING_STATUS,N,64
SYS,V_$JAVAPOOL,N,52
SYS,V_$JAVA_POOL_ADVICE,N,258
SYS,V_$JAVA_SERVICES,N,43
SYS,V_$KCCDI,N,643
SYS,V_$KCCFE,N,612
SYS,V_$KERNEL_IO_OUTLIER,N,201
SYS,V_$KEY_VECTOR,N,485
SYS,V_$KXFTASK,N,273
SYS,V_$LATCH,N,291
SYS,V_$LATCH_CHILDREN,N,309
SYS,V_$LATCHHOLDER,N,68
SYS,V_$LATCH_MISSES,N,130
SYS,V_$LATCHNAME,N,77
SYS,V_$LATCH_PARENT,N,298
SYS,V_$LCR_CACHE,N,181
SYS,V_$LGWRIO_OUTLIER,N,188
SYS,V_$LIBCACHE_LOCKS,N,179
SYS,V_$LIBRARYCACHE,N,241
SYS,V_$LIBRARY_CACHE_MEMORY,N,162
SYS,V_$LICENSE,N,266
SYS,V_$LISTENER_HEALTH,N,53
SYS,V_$LISTENER_NETWORK,N,64
SYS,V_$LOADISTAT,N,96
SYS,V_$LOADPSTAT,N,70
SYS,V_$LOBSTAT,N,142
SYS,V_$_LOCK,N,94
SYS,V_$LOCK,N,101
SYS,V_$LOCK_ACTIVITY,N,79
SYS,V_$LOCKDOWN_RULES,N,98
SYS,V_$LOCKED_OBJECT,N,146
SYS,V_$LOCK_ELEMENT,N,158
SYS,V_$LOCKS_WITH_COLLISIONS,N,64
SYS,V_$LOCK_TYPE,N,103
SYS,V_$LOG,N,163
SYS,V_$LOGFILE,N,88
SYS,V_$LOGHIST,N,98
SYS,V_$LOG_HISTORY,N,153
SYS,V_$LOGMNR_CONTENTS,N,798
SYS,V_$LOGMNR_DICTIONARY,N,252
SYS,V_$LOGMNR_DICTIONARY_LOAD,N,176
SYS,V_$LOGMNR_LATCH,N,76
SYS,V_$LOGMNR_LOGFILE,N,237
SYS,V_$LOGMNR_LOGS,N,265
SYS,V_$LOGMNR_PARAMETERS,N,155
SYS,V_$LOGMNR_PROCESS,N,157
SYS,V_$LOGMNR_SESSION,N,534
SYS,V_$LOGMNR_STATS,N,63
SYS,V_$LOGMNR_TRANSACTION,N,364
SYS,V_$LOGSTDBY,N,102
SYS,V_$LOGSTDBY_PROCESS,N,117
SYS,V_$LOGSTDBY_PROGRESS,N,167
SYS,V_$LOGSTDBY_STATE,N,109
SYS,V_$LOGSTDBY_STATS,N,52
SYS,V_$LOGSTDBY_TRANSACTION,N,309
SYS,V_$LREG_UPDSTAT,N,50
SYS,V_$MANAGED_STANDBY,N,214
SYS,V_$MAP_COMP_LIST,N,183
SYS,V_$MAP_ELEMENT,N,147
SYS,V_$MAP_EXT_ELEMENT,N,196
SYS,V_$MAP_FILE,N,149
SYS,V_$MAP_FILE_EXTENT,N,126
SYS,V_$MAP_FILE_IO_STACK,N,188
SYS,V_$MAP_LIBRARY,N,169
SYS,V_$MAPPED_SQL,N,313
SYS,V_$MAP_SUBELEMENT,N,109
SYS,V_$MAX_ACTIVE_SESS_TARGET_MTH,N,56
SYS,V_$MDX_CURSOR_DEPENDENCY,N,65
SYS,V_$MDX_CURSORS,N,136
SYS,V_$MEMOPTIMIZE_WRITE_AREA,N,111
SYS,V_$MEMORY_CURRENT_RESIZE_OPS,N,172
SYS,V_$MEMORY_DYNAMIC_COMPONENTS,N,198
SYS,V_$MEMORY_RESIZE_OPS,N,163
SYS,V_$MEMORY_TARGET_ADVICE,N,125
SYS,V_$METRIC,N,157
SYS,V_$METRICGROUP,N,83
SYS,V_$METRIC_HISTORY,N,165
SYS,V_$METRICNAME,N,97
SYS,V_$MTTR_TARGET_ADVICE,N,233
SYS,V_$MUTEX_SLEEP,N,79
SYS,V_$MUTEX_SLEEP_HISTORY,N,206
SYS,V_$MVREFRESH,N,75
SYS,V_$MY_NOLOGGING_STANDBY_TXN,N,343
SYS,V_$MYSTAT,N,56
SYS,V_$NFS_CLIENTS,N,132
SYS,V_$NFS_LOCKS,N,135
SYS,V_$NFS_OPEN_FILES,N,171
SYS,V_$NLS_PARAMETERS,N,57
SYS,V_$NLS_VALID_VALUES,N,74
SYS,V_$NOLOGGING_STANDBY_TXN,N,356
SYS,V_$NONLOGGED_BLOCK,N,214
SYS,V_$OBJECT_DEPENDENCY,N,121
SYS,V_$OBJECT_DML_FREQUENCIES,N,279
SYS,V_$OBJECT_PRIVILEGE,N,107
SYS,V_$OBSOLETE_PARAMETER,N,62
SYS,V_$OFFLINE_RANGE,N,146
SYS,V_$OFSMOUNT,N,124
SYS,V_$OFS_STATS,N,562
SYS,V_$ONLINE_REDEF,N,247
SYS,V_$OPEN_CURSOR,N,170
SYS,V_$OPTIMIZER_PROCESSING_RATE,N,123
SYS,V_$OPTION,N,49
SYS,V_$OSSTAT,N,85
SYS,V_$PARALLEL_DEGREE_LIMIT_MTH,N,55
SYS,V_$PARAMETER,N,274
SYS,V_$PARAMETER_VALID_VALUES,N,88
SYS,V_$PARAMETER2,N,262
SYS,V_$PASSWORDFILE_INFO,N,79
SYS,V_$PATCHES,N,41
SYS,V_$PDB_INCARNATION,N,285
SYS,V_$PDBS,N,590
SYS,V_$PERSISTENT_PUBLISHERS,N,232
SYS,V_$PERSISTENT_QMN_CACHE,N,569
SYS,V_$PERSISTENT_QUEUES,N,892
SYS,V_$PERSISTENT_SUBSCRIBERS,N,536
SYS,V_$PGASTAT,N,52
SYS,V_$PGA_TARGET_ADVICE,N,209
SYS,V_$PGA_TARGET_ADVICE_HISTOGRAM,N,283
SYS,V_$PING,N,179
SYS,V_$PKCS11_PATH,N,66
SYS,V_$PLSQL_DEBUGGABLE_SESSIONS,N,988
SYS,V_$PMEM_FILESTORE,N,175
SYS,V_$POLICY_HISTORY,N,147
SYS,V_$PQ_GRANDIST,N,109
SYS,V_$PQ_GRANGEN,N,286
SYS,V_$PQ_SESSTAT,N,74
SYS,V_$PQ_SLAVE,N,232
SYS,V_$PQ_SLAVEINFO,N,70
SYS,V_$PQ_SYSSTAT,N,53
SYS,V_$PQ_TQSTAT,N,152
SYS,V_$PROCESS,N,293
SYS,V_$PROCESS_GROUP,N,56
SYS,V_$PROCESS_MEMORY,N,99
SYS,V_$PROCESS_MEMORY_DETAIL,N,206
SYS,V_$PROCESS_MEMORY_DETAIL_PROG,N,74
SYS,V_$PROCESS_POOL,N,120
SYS,V_$PROCESS_PRIORITY_DATA,N,156
SYS,V_$PROPAGATION_RECEIVER,N,391
SYS,V_$PROPAGATION_SENDER,N,562
SYS,V_$PROXY_ARCHIVEDLOG,N,408
SYS,V_$PROXY_ARCHIVELOG_DETAILS,N,346
SYS,V_$PROXY_ARCHIVELOG_SUMMARY,N,204
SYS,V_$PROXY_COPY_DETAILS,N,326
SYS,V_$PROXY_COPY_SUMMARY,N,208
SYS,V_$PROXY_DATAFILE,N,687
SYS,V_$PROXY_PDB_TARGETS,N,99
SYS,V_$PWFILE_USERS,N,244
SYS,V_$PX_BUFFER_ADVICE,N,59
SYS,V_$PX_INSTANCE_GROUP,N,84
SYS,V_$PX_PROCESS,N,93
SYS,V_$PX_PROCESS_SYSSTAT,N,61
SYS,V_$PX_PROCESS_TRACE,N,171
SYS,V_$PX_SESSION,N,149
SYS,V_$PX_SESSTAT,N,170
SYS,V_$QMON_COORDINATOR_STATS,N,326
SYS,V_$QMON_SERVER_STATS,N,302
SYS,V_$QMON_TASKS,N,213
SYS,V_$QMON_TASK_STATS,N,255
SYS,V_$QPX_INVENTORY,N,59
SYS,V_$QUARANTINE,N,80
SYS,V_$QUARANTINE_SUMMARY,N,131
SYS,V_$QUERY_BLOCK_ORIGIN,N,73
SYS,V_$QUEUE,N,68
SYS,V_$QUEUEING_MTH,N,42
SYS,V_$RECOVER_FILE,N,93
SYS,V_$RECOVERY_AREA_USAGE,N,124
SYS,V_$RECOVERY_FILE_DEST,N,116
SYS,V_$RECOVERY_FILE_STATUS,N,73
SYS,V_$RECOVERY_LOG,N,79
SYS,V_$RECOVERY_PROGRESS,N,114
SYS,V_$RECOVERY_SLAVE,N,99
SYS,V_$RECOVERY_STATUS,N,165
SYS,V_$REDO_DEST_RESP_HISTOGRAM,N,87
SYS,V_$REPLAY_CONTEXT,N,483
SYS,V_$REPLAY_CONTEXT_LOB,N,111
SYS,V_$REPLAY_CONTEXT_SEQUENCE,N,134
SYS,V_$REPLAY_CONTEXT_SYSDATE,N,85
SYS,V_$REPLAY_CONTEXT_SYSGUID,N,85
SYS,V_$REPLAY_CONTEXT_SYSTIMESTAMP,N,95
SYS,V_$REQDIST,N,47
SYS,V_$RESERVED_WORDS,N,112
SYS,V_$RESOURCE,N,57
SYS,V_$RESOURCE_LIMIT,N,128
SYS,V_$RESTORE_POINT,N,237
SYS,V_$RESTORE_RANGE,N,365
SYS,V_$RESULT_CACHE_DEPENDENCY,N,82
SYS,V_$RESULT_CACHE_MEMORY,N,108
SYS,V_$RESULT_CACHE_OBJECTS,N,435
SYS,V_$RESULT_CACHE_STATISTICS,N,66
SYS,V_$RESULT_SUBCACHE_STATISTICS,N,83
SYS,V_$RESUMABLE,N,232
SYS,V_$RFS_THREAD,N,178
SYS,V_$RMAN_BACKUP_JOB_DETAILS,N,532
SYS,V_$RMAN_BACKUP_SUBJOB_DETAILS,N,402
SYS,V_$RMAN_BACKUP_TYPE,N,61
SYS,V_$RMAN_COMPRESSION_ALGORITHM,N,207
SYS,V_$RMAN_CONFIGURATION,N,64
SYS,V_$RMAN_ENCRYPTION_ALGORITHMS,N,133
SYS,V_$RMAN_OUTPUT,N,158
SYS,V_$RMAN_STATUS,N,310
SYS,V_$ROLLNAME,N,138
SYS,V_$ROLLSTAT,N,195
SYS,V_$RO_USER_ACCOUNT,N,184
SYS,V_$ROWCACHE,N,237
SYS,V_$ROWCACHE_PARENT,N,231
SYS,V_$ROWCACHE_SUBORDINATE,N,130
SYS,V_$RSRC_CONS_GROUP_HISTORY,N,964
SYS,V_$RSRC_CONSUMER_GROUP,N,1113
SYS,V_$RSRC_CONSUMER_GROUP_CPU_MTH,N,57
SYS,V_$RSRCMGRMETRIC,N,537
SYS,V_$RSRCMGRMETRIC_HISTORY,N,545
SYS,V_$RSRC_PDB,N,557
SYS,V_$RSRC_PDB_HISTORY,N,442
SYS,V_$RSRCPDBMETRIC,N,551
SYS,V_$RSRCPDBMETRIC_HISTORY,N,559
SYS,V_$RSRC_PLAN,N,318
SYS,V_$RSRC_PLAN_CPU_MTH,N,47
SYS,V_$RSRC_PLAN_HISTORY,N,255
SYS,V_$RSRC_SESSION_INFO,N,1389
SYS,V_$RT_ADDM_CONTROL,N,75
SYS,V_$RULE,N,164
SYS,V_$RULE_SET,N,483
SYS,V_$RULE_SET_AGGREGATE_STATS,N,62
SYS,V_$SBT_RESTORE_RANGE,N,365
SYS,V_$SCHEDULER_INMEM_MDINFO,N,142
SYS,V_$SCHEDULER_INMEM_RTINFO,N,205
SYS,V_$SCHEDULER_RUNNING_JOBS,N,131
SYS,V_$SECUREFILE_SHRINK,N,193
SYS,V_$SECUREFILE_TIMER,N,114
SYS,V_$SEGMENT_STATISTICS,N,174
SYS,V_$SEGSPACE_USAGE,N,263
SYS,V_$SEGSTAT,N,92
SYS,V_$SEGSTAT_NAME,N,65
SYS,V_$SERVICE_EVENT,N,187
SYS,V_$SERVICEMETRIC,N,233
SYS,V_$SERVICEMETRIC_HISTORY,N,214
SYS,V_$SERVICE_REGION_METRIC,N,147
SYS,V_$SERVICES,N,420
SYS,V_$SERVICE_STATS,N,104
SYS,V_$SERVICE_WAIT_CLASS,N,173
SYS,V_$SERV_MOD_ACT_STATS,N,126
SYS,V_$SES_OPTIMIZER_ENV,N,92
SYS,V_$SESS_IO,N,152
SYS,V_$SESSION,N,1583
SYS,V_$SESSION_BLOCKERS,N,160
SYS,V_$SESSION_CONNECT_INFO,N,238
SYS,V_$SESSION_CURSOR_CACHE,N,88
SYS,V_$SESSION_EVENT,N,201
SYS,V_$SESSION_FIX_CONTROL,N,147
SYS,V_$SESSION_LONGOPS,N,384
SYS,V_$SESSION_OBJECT_CACHE,N,261
SYS,V_$SESSIONS_COUNT,N,84
SYS,V_$SESSION_WAIT,N,324
SYS,V_$SESSION_WAIT_CLASS,N,154
SYS,V_$SESSION_WAIT_HISTORY,N,174
SYS,V_$SESSMETRIC,N,225
SYS,V_$SESSTAT,N,57
SYS,V_$SESS_TIME_MODEL,N,74
SYS,V_$SGA,N,41
SYS,V_$SGA_CURRENT_RESIZE_OPS,N,169
SYS,V_$SGA_DYNAMIC_COMPONENTS,N,195
SYS,V_$SGA_DYNAMIC_FREE_MEMORY,N,61
SYS,V_$SGAINFO,N,58
SYS,V_$SGA_RESIZE_OPS,N,160
SYS,V_$SGASTAT,N,52
SYS,V_$SGA_TARGET_ADVICE,N,177
SYS,V_$SHADOW_DATAFILE,N,189
SYS,V_$SHARED_POOL_ADVICE,N,264
SYS,V_$SHARED_POOL_RESERVED,N,326
SYS,V_$SHARED_SERVER,N,170
SYS,V_$SHARED_SERVER_MONITOR,N,162
SYS,V_$SHARED_SERVER_STAT,N,104
SYS,V_$SORT_SEGMENT,N,394
SYS,V_$SORT_USAGE,N,217
SYS,V_$SPPARAMETER,N,128
SYS,V_$SQL,N,1827
SYS,V_$SQLAREA,N,1554
SYS,V_$SQLAREA_PLAN_HASH,N,1370
SYS,V_$SQL_BIND_CAPTURE,N,275
SYS,V_$SQL_BIND_DATA,N,239
SYS,V_$SQL_BIND_METADATA,N,109
SYS,V_$SQLCOMMAND,N,63
SYS,V_$SQL_CS_HISTOGRAM,N,106
SYS,V_$SQL_CS_SELECTIVITY,N,124
SYS,V_$SQL_CS_STATISTICS,N,173
SYS,V_$SQL_CURSOR,N,225
SYS,V_$SQL_DIAG_REPOSITORY,N,143
SYS,V_$SQL_DIAG_REPOSITORY_REASON,N,189
SYS,V_$SQL_FEATURE,N,73
SYS,V_$SQL_FEATURE_DEPENDENCY,N,71
SYS,V_$SQL_FEATURE_HIERARCHY,N,70
SYS,V_$SQLFN_ARG_METADATA,N,79
SYS,V_$SQLFN_METADATA,N,160
SYS,V_$SQL_HINT,N,124
SYS,V_$SQL_JOIN_FILTER,N,154
SYS,V_$SQL_MONITOR,N,1448
SYS,V_$SQL_MONITOR_SESSTAT,N,69
SYS,V_$SQL_MONITOR_STATNAME,N,95
SYS,V_$SQL_OPTIMIZER_ENV,N,135
SYS,V_$SQLPA_METRIC,N,49
SYS,V_$SQL_PLAN,N,560
SYS,V_$SQL_PLAN_MONITOR,N,2575
SYS,V_$SQL_PLAN_STATISTICS,N,407
SYS,V_$SQL_PLAN_STATISTICS_ALL,N,1080
SYS,V_$SQL_REDIRECTION,N,220
SYS,V_$SQL_REOPTIMIZATION_HINTS,N,138
SYS,V_$SQL_SHARD,N,118
SYS,V_$SQL_SHARED_CURSOR,N,1497
SYS,V_$SQL_SHARED_MEMORY,N,202
SYS,V_$SQLSTATS,N,1608
SYS,V_$SQLSTATS_PLAN_HASH,N,1506
SYS,V_$SQL_TESTCASES,N,142
SYS,V_$SQLTEXT,N,96
SYS,V_$SQLTEXT_WITH_NEWLINES,N,110
SYS,V_$SQL_WORKAREA,N,381
SYS,V_$SQL_WORKAREA_ACTIVE,N,330
SYS,V_$SQL_WORKAREA_HISTOGRAM,N,170
SYS,V_$SSCR_SESSIONS,N,124
SYS,V_$STANDBY_EVENT_HISTOGRAM,N,95
SYS,V_$STANDBY_LOG,N,202
SYS,V_$STATISTICS_LEVEL,N,168
SYS,V_$STATNAME,N,84
SYS,V_$STATS_ADVISOR_ACTIONS,N,86
SYS,V_$STATS_ADVISOR_FINDINGS,N,92
SYS,V_$STATS_ADVISOR_RATIONALES,N,79
SYS,V_$STATS_ADVISOR_RECS,N,76
SYS,V_$STATS_ADVISOR_RULES,N,85
SYS,V_$STREAMS_APPLY_COORDINATOR,N,550
SYS,V_$STREAMS_APPLY_READER,N,679
SYS,V_$STREAMS_APPLY_SERVER,N,608
SYS,V_$STREAMS_CAPTURE,N,816
SYS,V_$STREAMS_MESSAGE_TRACKING,N,299
SYS,V_$STREAMS_POOL_ADVICE,N,180
SYS,V_$STREAMS_POOL_STATISTICS,N,138
SYS,V_$STREAMS_TRANSACTION,N,310
SYS,V_$SUBCACHE,N,126
SYS,V_$SUBSCR_REGISTRATION_STATS,N,378
SYS,_V$SXGG_APPLY_COORDINATOR,N,1616
SYS,_V$SXGG_APPLY_READER,N,2083
SYS,_V$SXGG_APPLY_SERVER,N,1811
SYS,_V$SXGG_CAPTURE,N,2287
SYS,_V$SXGG_MESSAGE_TRACKING,N,899
SYS,_V$SXGG_TRANSACTION,N,981
SYS,V_$SYSAUX_OCCUPANTS,N,145
SYS,V_$SYSMETRIC,N,130
SYS,V_$SYSMETRIC_HISTORY,N,138
SYS,V_$SYSMETRIC_SUMMARY,N,194
SYS,V_$SYS_OPTIMIZER_ENV,N,102
SYS,V_$SYS_REPORT_REQUESTS,N,109
SYS,V_$SYS_REPORT_STATS,N,333
SYS,V_$SYSSTAT,N,76
SYS,V_$SYSTEM_CURSOR_CACHE,N,69
SYS,V_$SYSTEM_EVENT,N,287
SYS,V_$SYSTEM_FIX_CONTROL,N,133
SYS,V_$SYSTEM_PARAMETER,N,281
SYS,V_$SYSTEM_PARAMETER2,N,276
SYS,V_$SYSTEM_RESET_PARAMETER,N,180
SYS,V_$SYSTEM_RESET_PARAMETER2,N,191
SYS,V_$SYSTEM_WAIT_CLASS,N,203
SYS,V_$SYS_TIME_MODEL,N,67
SYS,V_$TABLESPACE,N,121
SYS,V_$TEMP_CACHE_TRANSFER,N,234
SYS,V_$TEMP_EXTENT_MAP,N,117
SYS,V_$TEMP_EXTENT_POOL,N,172
SYS,V_$TEMPFILE,N,160
SYS,V_$TEMPFILE_INFO_INSTANCE,N,177
SYS,V_$TEMPORARY_LOBS,N,87
SYS,V_$TEMP_PING,N,393
SYS,V_$TEMP_SPACE_HEADER,N,137
SYS,V_$TEMPSTAT,N,189
SYS,V_$TEMPUNDOSTAT,N,186
SYS,V_$THREAD,N,299
SYS,V_$THRESHOLD_TYPES,N,138
SYS,V_$TIMER,N,36
SYS,V_$TIMEZONE_FILE,N,57
SYS,V_$TIMEZONE_NAMES,N,57
SYS,V_$TOPLEVELCALL,N,75
SYS,V_$TRANSACTION,N,536
SYS,V_$TRANSACTION_ENQUEUE,N,116
SYS,V_$TRANSPORTABLE_PLATFORM,N,91
SYS,V_$TSDP_SUPPORTED_FEATURE,N,88
SYS,V_$TSM_SESSIONS,N,347
SYS,V_$TYPE_SIZE,N,77
SYS,V_$UNDOSTAT,N,317
SYS,V_$UNIFIED_AUDIT_RECORD_FORMAT,N,150
SYS,V_$UNIFIED_AUDIT_TRAIL,N,1974
SYS,V_$UNUSABLE_BACKUPFILE_DETAILS,N,260
SYS,V_$VERSION,N,69
SYS,V_$VPD_POLICY,N,177
SYS,V_$WAIT_CHAINS,N,569
SYS,V_$WAITCLASSMETRIC,N,207
SYS,V_$WAITCLASSMETRIC_HISTORY,N,215
SYS,V_$WAITSTAT,N,54
SYS,V_$WALLET,N,85
SYS,V_$WLM_DB_MODE,N,114
SYS,V_$WLM_PCMETRIC,N,304
SYS,V_$WLM_PCMETRIC_HISTORY,N,312
SYS,V_$WLM_PCSERVICE,N,77
SYS,V_$WLM_PC_STATS,N,90
SYS,V_$WORKLOAD_REPLAY_THREAD,N,607
SYS,VW_X$AUD_XS_ACTIONS,N,73
SYS,V_X$KSWSASTAB,N,645
SYS,V_$XML_AUDIT_TRAIL,N,542
SYS,V_$XS_SESSION_NS_ATTRIBUTES,N,177
SYS,V_$XS_SESSION_ROLES,N,72
SYS,V_$XS_SESSIONS,N,59
SYS,V_$XSTREAM_APPLY_COORDINATOR,N,527
SYS,V_$XSTREAM_APPLY_READER,N,579
SYS,V_$XSTREAM_APPLY_RECEIVER,N,267
SYS,V_$XSTREAM_APPLY_SERVER,N,608
SYS,V_$XSTREAM_CAPTURE,N,722
SYS,V_$XSTREAM_MESSAGE_TRACKING,N,289
SYS,V_$XSTREAM_OUTBOUND_SERVER,N,377
SYS,V_$XSTREAM_TABLE_STATS,N,532
SYS,V_$XSTREAM_TRANSACTION,N,304
SYS,V_$ZONEMAP_USAGE_STATS,N,108
SYS,WRR_ROOT_REPLAY_CALL_FILTER,N,81
SYS,WRR_ROOT_REPLAY_COMMITS,N,81
SYS,WRR_ROOT_REPLAY_DATA,N,87
SYS,WRR_ROOT_REPLAY_DEP_GRAPH,N,107
SYS,WRR_ROOT_REPLAY_FILES,N,125
SYS,WRR_ROOT_REPLAY_REFERENCES,N,65
SYS,WRR_ROOT_REPLAY_SCN_ORDER,N,137
SYS,WRR_ROOT_REPLAY_SEQ_DATA,N,146
SYS,XDB_REALM_VIEW,N,76
SYS,XDS_ACE,N,1143
SYS,XDS_ACL,N,1706
SYSTEM,MVIEW_EVALUATIONS,N,397
SYSTEM,MVIEW_EXCEPTIONS,N,269
SYSTEM,MVIEW_FILTER,N,763
SYSTEM,MVIEW_FILTERINSTANCE,N,659
SYSTEM,MVIEW_LOG,N,596
SYSTEM,MVIEW_RECOMMENDATIONS,N,520
SYSTEM,MVIEW_WORKLOAD,N,436
SYSTEM,PRODUCT_PRIVS,N,218
SYSTEM,SCHEDULER_JOB_ARGS,N,148
SYSTEM,SCHEDULER_PROGRAM_ARGS,N,193
WMSYS,ALL_MP_GRAPH_WORKSPACES,Y,318
WMSYS,ALL_MP_PARENT_WORKSPACES,Y,340
WMSYS,ALL_REMOVED_WORKSPACES,Y,1110
WMSYS,ALL_VERSION_HVIEW,Y,216
WMSYS,ALL_WM_CONS_COLUMNS,Y,223
WMSYS,ALL_WM_CONSTRAINTS,Y,273
WMSYS,ALL_WM_CONSTRAINT_VIOLATIONS,Y,330
WMSYS,ALL_WM_IND_COLUMNS,Y,765
WMSYS,ALL_WM_IND_EXPRESSIONS,Y,276
WMSYS,ALL_WM_LOCKED_TABLES,Y,217
WMSYS,ALL_WM_MODIFIED_TABLES,Y,597
WMSYS,ALL_WM_POLICIES,Y,529
WMSYS,ALL_WM_RIC_INFO,Y,347
WMSYS,ALL_WM_TAB_TRIGGERS,Y,1249
WMSYS,ALL_WM_VERSIONED_TABLES,Y,662
WMSYS,ALL_WM_VT_ERRORS,Y,599
WMSYS,ALL_WORKSPACE_PRIVS,Y,1101
WMSYS,ALL_WORKSPACES,Y,2427
WMSYS,ALL_WORKSPACE_SAVEPOINTS,Y,793
WMSYS,ALL_WORKSPACES_INTERNAL,Y,1347
WMSYS,AQ$WM$EVENT_QUEUE_TABLE,Y,5632
WMSYS,AQ$_WM$EVENT_QUEUE_TABLE_F,Y,1496
WMSYS,AQ$WM$EVENT_QUEUE_TABLE_R,Y,314
WMSYS,AQ$WM$EVENT_QUEUE_TABLE_S,Y,269
WMSYS,CDB_REMOVED_WORKSPACES,N,314
WMSYS,CDB_WM_SYS_PRIVS,N,167
WMSYS,CDB_WM_VERSIONED_TABLES,N,243
WMSYS,CDB_WM_VT_ERRORS,N,187
WMSYS,CDB_WORKSPACE_PRIVS,N,184
WMSYS,CDB_WORKSPACES,N,427
WMSYS,CDB_WORKSPACE_SAVEPOINTS,N,262
WMSYS,CDB_WORKSPACE_SESSIONS,N,182
WMSYS,DBA_REMOVED_WORKSPACES,Y,285
WMSYS,DBA_WM_SYS_PRIVS,Y,1011
WMSYS,DBA_WM_VERSIONED_TABLES,Y,602
WMSYS,DBA_WM_VT_ERRORS,Y,801
WMSYS,DBA_WORKSPACE_PRIVS,Y,1074
WMSYS,DBA_WORKSPACES,Y,2376
WMSYS,DBA_WORKSPACE_SAVEPOINTS,Y,786
WMSYS,DBA_WORKSPACE_SESSIONS,Y,307
WMSYS,ROLE_WM_PRIVS,Y,1095
WMSYS,USER_MP_GRAPH_WORKSPACES,Y,385
WMSYS,USER_MP_PARENT_WORKSPACES,Y,410
WMSYS,USER_REMOVED_WORKSPACES,Y,342
WMSYS,USER_WM_CONS_COLUMNS,Y,254
WMSYS,USER_WM_CONSTRAINTS,Y,294
WMSYS,USER_WM_IND_COLUMNS,Y,758
WMSYS,USER_WM_IND_EXPRESSIONS,Y,274
WMSYS,USER_WM_LOCKED_TABLES,Y,186
WMSYS,USER_WM_MODIFIED_TABLES,Y,536
WMSYS,USER_WM_POLICIES,Y,273
WMSYS,USER_WM_PRIVS,Y,1232
WMSYS,USER_WM_RIC_INFO,Y,340
WMSYS,USER_WM_TAB_TRIGGERS,Y,826
WMSYS,USER_WM_VERSIONED_TABLES,Y,554
WMSYS,USER_WM_VT_ERRORS,Y,534
WMSYS,USER_WORKSPACE_PRIVS,Y,1132
WMSYS,USER_WORKSPACES,Y,2448
WMSYS,USER_WORKSPACE_SAVEPOINTS,Y,841
WMSYS,WM$ALL_LOCKS_VIEW,Y,570
WMSYS,WM$ALL_VERSION_HVIEW_WDEPTH,Y,242
WMSYS,WM$ANC_VERSION_VIEW,Y,308
WMSYS,WM$BASE_HIERARCHY_VIEW,Y,441
WMSYS,WM$BASE_NEXTVER_VIEW,Y,129
WMSYS,WM$BASE_VERSION_VIEW,Y,1757
WMSYS,WM$BATCH_COMPRESSIBLE_TABLES,N,330
WMSYS,WM$COLUMN_PROPS,N,382
WMSYS,WM_COMPRESS_BATCH_SIZES,Y,2007
WMSYS,WM_COMPRESSIBLE_TABLES,Y,4412
WMSYS,WM$CONF_BASE_HIERARCHY_VIEW,Y,457
WMSYS,WM$CONF_BASE_NEXTVER_VIEW,Y,133
WMSYS,WM$CONF1_HIERARCHY_VIEW,Y,432
WMSYS,WM$CONF1_NEXTVER_VIEW,Y,129
WMSYS,WM$CONF2_HIERARCHY_VIEW,Y,446
WMSYS,WM$CONF2_NEXTVER_VIEW,Y,129
WMSYS,WM$CONS_COLUMNS,N,168
WMSYS,WM$CONSTRAINTS_TABLE,N,760
WMSYS,WM$CURCONFLICT_NEXTVERS_VIEW,Y,173
WMSYS,WM$CURCONFLICT_PARVERS_VIEW,Y,159
WMSYS,WM$CURRENT_CHILD_VERSIONS_VIEW,Y,1626
WMSYS,WM$CURRENT_CONS_NEXTVERS_VIEW,Y,1255
WMSYS,WM$CURRENT_CONS_VERSIONS_VIEW,Y,921
WMSYS,WM$CURRENT_MP_JOIN_POINTS,Y,413
WMSYS,WM$CURRENT_NEXTVERS_VIEW,Y,1081
WMSYS,WM$CURRENT_PARVERS_VIEW,Y,1084
WMSYS,WM$CURRENT_WORKSPACE_VIEW,Y,451
WMSYS,WM$DBA_TAB_COLS,N,1195
WMSYS,WM$DIFF1_HIERARCHY_VIEW,Y,709
WMSYS,WM$DIFF1_NEXTVER_VIEW,Y,130
WMSYS,WM$DIFF2_HIERARCHY_VIEW,Y,709
WMSYS,WM$DIFF2_NEXTVER_VIEW,Y,130
WMSYS,WM$ENV_VARS,N,116
WMSYS,WM$EVENTS_INFO,N,109
WMSYS,WM_EVENTS_INFO,Y,68
WMSYS,WM$EXP_MAP,Y,140
WMSYS,WM$HASH_TABLE,N,41
WMSYS,WM$HINT_TABLE,N,199
WMSYS,WM_INSTALLATION,Y,342
WMSYS,WM$INSTEADOF_TRIGS_TABLE,N,272
WMSYS,WM$INTERNAL_OBJECTS,N,453
WMSYS,WM$LOCKROWS_INFO,N,230
WMSYS,WM$METADATA_MAP,Y,248
WMSYS,WM$MIGRATION_ERROR_VIEW,N,63
WMSYS,WM$MODIFIED_TABLES,N,379
WMSYS,WM$MP_GRAPH_CONS_VERSIONS,Y,544
WMSYS,WM$MP_GRAPH_NEW_VERSIONS,Y,409
WMSYS,WM$MP_GRAPH_OTHER_VERSIONS,Y,1032
WMSYS,WM$MP_GRAPH_REMAINING_VERSIONS,Y,342
WMSYS,WM$MP_GRAPH_REMOVED_VERSIONS,Y,433
WMSYS,WM$MP_GRAPH_WORKSPACES_TABLE,N,394
WMSYS,WM$MP_JOIN_POINTS,Y,392
WMSYS,WM$MP_PARENT_WORKSPACES_TABLE,N,556
WMSYS,WM$MW_NEXTVERS_VIEW,Y,409
WMSYS,WM$MW_TABLE,N,122
WMSYS,WM$MW_VERSIONS_VIEW_9I,Y,656
WMSYS,WM$NESTED_COLUMNS_TABLE,N,288
WMSYS,WM$NET_DIFF1_HIERARCHY_VIEW,Y,121
WMSYS,WM$NET_DIFF2_HIERARCHY_VIEW,Y,121
WMSYS,WM$NEXTVER_TABLE,N,163
WMSYS,WM$PARCONFLICT_NEXTVERS_VIEW,Y,173
WMSYS,WM$PARCONFLICT_PARVERS_VIEW,Y,387
WMSYS,WM$PARVERS_VIEW,Y,496
WMSYS,WM$REMOVED_WORKSPACES_TABLE,N,892
WMSYS,WM_REPLICATION_INFO,Y,122
WMSYS,WM$RESOLVE_WORKSPACES_TABLE,N,356
WMSYS,WM$RIC_LOCKING_TABLE,N,172
WMSYS,WM$RIC_TABLE,N,541
WMSYS,WM$RIC_TRIGGERS_TABLE,N,420
WMSYS,WM$SYSPARAM_ALL_VALUES,N,178
WMSYS,WM$TABLE_PARVERS_VIEW,Y,1071
WMSYS,WM$TABLE_VERSIONS_IN_LIVE_VIEW,Y,115
WMSYS,WM$TABLE_WS_PARVERS_VIEW,Y,504
WMSYS,WM$UDTRIG_DISPATCH_PROCS,N,241
WMSYS,WM$UDTRIG_INFO,N,2171
WMSYS,WM$VERSIONED_TABLES,N,334
WMSYS,WM$VERSIONED_TABLES$D,N,1024
WMSYS,WM$VERSIONED_TABLES$H,N,1511
WMSYS,WM$VERSION_HIERARCHY_TABLE,N,188
WMSYS,WM$VERSION_TABLE,N,287
WMSYS,WM$VERSION_VIEW,Y,547
WMSYS,WM$VT_ERRORS_TABLE,N,1982
WMSYS,WM$WORKSPACE_PRIV_TABLE,N,541
WMSYS,WM$WORKSPACE_SAVEPOINTS_TABLE,N,705
WMSYS,WM$WORKSPACE_SESSIONS_VIEW,Y,953
WMSYS,WM$WORKSPACES_TABLE,N,485
WMSYS,WM$WORKSPACES_TABLE$D,N,1797
WMSYS,WM$WORKSPACES_TABLE$I,N,1723
XDB,DOCUMENT_LINKS,N,861
XDB,JSON$COLLECTION_METADATA_V,N,4490
XDB,JSON$USER_COLLECTION_METADATA,N,201
XDB,PATH_VIEW,N,1218
XDB,RESOURCE_VIEW,N,133
XDB,XDB$RCLIST_V,N,38
XDB,XDB$ROOT_INFO_V,N,278
