OWNER,TABLE_NAME,COMMENTS
APPQOSSYS,WLM_CLASSIFIER_PLAN,
APPQOSSYS,WLM_FEATURE_USAGE,
APPQOSSYS,WLM_METRICS_STREAM,
APPQOSSYS,WLM_MPA_STREAM,
APPQOSSYS,WLM_VIOLATION_STREAM,
AUDSYS,AUD$UNIFIED,
AUDSYS,CDB_UNIFIED_AUDIT_TRAIL,All audit trail entries in all containers
AUDSYS,CDB_XS_AUDIT_TRAIL,Describes all XS related audit records in all containers
AUDSYS,DBA_XS_AUDIT_TRAIL,Describes all XS related audit records
AUDSYS,DV$CONFIGURATION_AUDIT,
AUDSYS,DV$ENFORCEMENT_AUDIT,
AUDSYS,UNIFIED_AUDIT_TRAIL,All audit trail entries
CTXSYS,CTX_ALEXER_DICTS,
CTXSYS,CTX_AUTO_OPTIMIZE_INDEXES,
CTXSYS,CTX_AUTO_OPTIMIZE_STATUS,
CTXSYS,CTX_AUTOSYNC_JOBS,
CTXSYS,CTX_AUTOSYNC_STATUS,
CTXSYS,CTX_CLASSES,
CTXSYS,CTX_EXTRACT_POLICIES,
CTXSYS,CTX_EXTRACT_POLICY_VALUES,
CTXSYS,CTX_FILTER_BY_COLUMNS,
CTXSYS,CTX_FILTER_CACHE_STATISTICS,
CTXSYS,CTX_INDEX_ERRORS,
CTXSYS,CTX_INDEXES,
CTXSYS,CTX_INDEX_OBJECTS,
CTXSYS,CTX_INDEX_PARTITIONS,
CTXSYS,CTX_INDEX_SECTIONS,
CTXSYS,CTX_INDEX_SET_INDEXES,
CTXSYS,CTX_INDEX_SETS,
CTXSYS,CTX_INDEX_SUB_LEXERS,
CTXSYS,CTX_INDEX_SUB_LEXER_VALUES,
CTXSYS,CTX_INDEX_VALUES,
CTXSYS,CTX_OBJECT_ATTRIBUTE_LOV,
CTXSYS,CTX_OBJECT_ATTRIBUTES,
CTXSYS,CTX_OBJECTS,
CTXSYS,CTX_ORDER_BY_COLUMNS,
CTXSYS,CTX_PARAMETERS,
CTXSYS,CTX_PENDING,
CTXSYS,CTX_PREFERENCES,
CTXSYS,CTX_PREFERENCE_VALUES,
CTXSYS,CTX_SECTION_GROUPS,
CTXSYS,CTX_SECTIONS,
CTXSYS,CTX_SQES,
CTXSYS,CTX_STOPLISTS,
CTXSYS,CTX_STOPWORDS,
CTXSYS,CTX_SUB_LEXERS,
CTXSYS,CTX_THESAURI,
CTXSYS,CTX_THES_PHRASES,
CTXSYS,CTX_TRACE_VALUES,
CTXSYS,CTX_USER_ALEXER_DICTS,
CTXSYS,CTX_USER_AUTO_OPTIMIZE_INDEXES,
CTXSYS,CTX_USER_AUTOSYNC_JOBS,
CTXSYS,CTX_USER_AUTOSYNC_STATUS,
CTXSYS,CTX_USER_EXTRACT_POLICIES,
CTXSYS,CTX_USER_EXTRACT_POLICY_VALUES,
CTXSYS,CTX_USER_EXTRACT_RULES,
CTXSYS,CTX_USER_EXTRACT_STOP_ENTITIES,
CTXSYS,CTX_USER_EXTRACT_TYPE,
CTXSYS,CTX_USER_FILTER_BY_COLUMNS,
CTXSYS,CTX_USER_INDEX_ERRORS,
CTXSYS,CTX_USER_INDEXES,
CTXSYS,CTX_USER_INDEX_OBJECTS,
CTXSYS,CTX_USER_INDEX_PARTITIONS,
CTXSYS,CTX_USER_INDEX_SECTIONS,
CTXSYS,CTX_USER_INDEX_SET_INDEXES,
CTXSYS,CTX_USER_INDEX_SETS,
CTXSYS,CTX_USER_INDEX_SUB_LEXERS,
CTXSYS,CTX_USER_INDEX_SUB_LEXER_VALS,
CTXSYS,CTX_USER_INDEX_VALUES,
CTXSYS,CTX_USER_ORDER_BY_COLUMNS,
CTXSYS,CTX_USER_PENDING,
CTXSYS,CTX_USER_PREFERENCES,
CTXSYS,CTX_USER_PREFERENCE_VALUES,
CTXSYS,CTX_USER_SECTION_GROUPS,
CTXSYS,CTX_USER_SECTIONS,
CTXSYS,CTX_USER_SESSION_SQES,
CTXSYS,CTX_USER_SQES,
CTXSYS,CTX_USER_STOPLISTS,
CTXSYS,CTX_USER_STOPWORDS,
CTXSYS,CTX_USER_SUB_LEXERS,
CTXSYS,CTX_USER_THESAURI,
CTXSYS,CTX_USER_THES_PHRASES,
CTXSYS,CTX_VERSION,
CTXSYS,DR$ACTIVELOGS,
CTXSYS,DR$AUTOOPT,
CTXSYS,DR$CLASS,
CTXSYS,DR$DBO,
CTXSYS,DR$DELETE,
CTXSYS,DR$DICTIONARY,
CTXSYS,DR$FEATURE_USED,
CTXSYS,DR$FREQTOKS,
CTXSYS,DR$IDX_DICTIONARIES,
CTXSYS,DR$INDEX,
CTXSYS,DR$INDEX_CDI_COLUMN,
CTXSYS,DR$INDEX_ERROR,
CTXSYS,DR$INDEX_OBJECT,
CTXSYS,DR$INDEX_PARTITION,
CTXSYS,DR$INDEX_SET,
CTXSYS,DR$INDEX_SET_INDEX,
CTXSYS,DR$INDEX_VALUE,
CTXSYS,DR$NUMBER_SEQUENCE,
CTXSYS,DR$NVTAB,
CTXSYS,DR$OBJECT,
CTXSYS,DR$OBJECT_ATTRIBUTE,
CTXSYS,DR$OBJECT_ATTRIBUTE_LOV,
CTXSYS,DR$ONLINE_PENDING,
CTXSYS,DR$PARALLEL,
CTXSYS,DR$PARAMETER,
CTXSYS,DR$PENDING,
CTXSYS,DR$POLICY_TAB,
CTXSYS,DR$PREFERENCE,
CTXSYS,DR$PREFERENCE_VALUE,
CTXSYS,DR$SDATA_UPDATE,
CTXSYS,DR$SECTION,
CTXSYS,DR$SECTION_ATTRIBUTE,
CTXSYS,DR$SECTION_GROUP,
CTXSYS,DR$SECTION_GROUP_ATTRIBUTE,
CTXSYS,DR$SLOWQRYS,
CTXSYS,DR$SQE,
CTXSYS,DR$STATS,
CTXSYS,DR$STOPLIST,
CTXSYS,DR$STOPWORD,
CTXSYS,DR$SUB_LEXER,
CTXSYS,DR$THS,
CTXSYS,DR$THS_BT,
CTXSYS,DR$THS_FPHRASE,
CTXSYS,DR$THS_PHRASE,
CTXSYS,DR$TREE,
CTXSYS,DR$UNINDEXED,
CTXSYS,DR$USER_EXTRACT_ENTDICT,
CTXSYS,DR$USER_EXTRACT_RULE,
CTXSYS,DR$USER_EXTRACT_STOP_ENTITY,
CTXSYS,DR$USER_EXTRACT_TKDICT,
CTXSYS,DR$USER_EXTRACT_TYPE,
CTXSYS,DRV$AUTOOPT,
CTXSYS,DRV$DELETE,
CTXSYS,DRV$DELETE2,
CTXSYS,DRV$ONLINE_PENDING,
CTXSYS,DRV$PENDING,
CTXSYS,DRV$SDATA_UPDATE,
CTXSYS,DRV$SDATA_UPDATE2,
CTXSYS,DRV$TREE,
CTXSYS,DRV$UNINDEXED,
CTXSYS,DRV$UNINDEXED2,
CTXSYS,DRV$USER_EXTRACT_ENTDICT,
CTXSYS,DRV$USER_EXTRACT_RULE,
CTXSYS,DRV$USER_EXTRACT_STOP_ENTITY,
CTXSYS,DRV$USER_EXTRACT_TKDICT,
CTXSYS,DRV$USER_EXTRACT_TYPE,
CTXSYS,DRV$WAITING,
CTXSYS,DR$WAITING,
DBSFWUSER,ACL$_OBJ,
DBSFWUSER,EXADIRECT_ACL,
DBSFWUSER,IP_ACL,
DBSNMP,BSLN_BASELINES,Baselines Designated for Metric Statistics Calculation
DBSNMP,BSLN_METRIC_DEFAULTS,Default Attributes of Baselineable Metrics
DBSNMP,BSLN_STATISTICS,Metric Statistics for Baselines
DBSNMP,BSLN_THRESHOLD_PARAMS,Baseline Metric Threshold Parameters
DBSNMP,BSLN_TIMEGROUPS,Weekday/Weeknight and Day/Night Timegroup Definitions
DBSNMP,MGMT_BASELINE,
DBSNMP,MGMT_BASELINE_SQL,
DBSNMP,MGMT_BSLN_BASELINES,Database Metric Baselines (10.2)
DBSNMP,MGMT_BSLN_DATASOURCES,Registered Metric Baseline Datasources (10.2)
DBSNMP,MGMT_BSLN_INTERVALS,Database Metric Baseline Intervals (10.2)
DBSNMP,MGMT_BSLN_METRICS,Metrics Eligible for Baselines (10.2)
DBSNMP,MGMT_BSLN_STATISTICS,Database Metric Baseline Statistics (10.2)
DBSNMP,MGMT_BSLN_THRESHOLD_PARMS,Database Metric Baseline Thresholds (10.2)
DBSNMP,MGMT_CAPTURE,
DBSNMP,MGMT_CAPTURE_SQL,
DBSNMP,MGMT_DB_FEATURE_LOG,
DBSNMP,MGMT_DB_FILE_GTT,
DBSNMP,MGMT_DB_SIZE_GTT,
DBSNMP,MGMT_HISTORY,
DBSNMP,MGMT_HISTORY_SQL,
DBSNMP,MGMT_LATEST,
DBSNMP,MGMT_LATEST_SQL,
DBSNMP,MGMT_RESPONSE_BASELINE,
DBSNMP,MGMT_RESPONSE_CONFIG,
DBSNMP,MGMT_SNAPSHOT,
DBSNMP,MGMT_SNAPSHOT_SQL,
DBSNMP,MGMT_TEMPT_SQL,
DVSYS,AUDIT_TRAIL$,
DVSYS,CODE$,
DVSYS,CODE_T$,
DVSYS,CODE_T$_TEMP,
DVSYS,COMMAND_RULE$,
DVSYS,CONFIG$,
DVSYS,DBA_DV_APP_EXCEPTION,
DVSYS,DBA_DV_AUTH,
DVSYS,DBA_DV_CODE,
DVSYS,DBA_DV_COMMAND_RULE,
DVSYS,DBA_DV_COMMAND_RULE_ID,
DVSYS,DBA_DV_COMMON_OPERATION_STATUS,
DVSYS,DBA_DV_DATAPUMP_AUTH,
DVSYS,DBA_DV_DBCAPTURE_AUTH,
DVSYS,DBA_DV_DBREPLAY_AUTH,
DVSYS,DBA_DV_DDL_AUTH,
DVSYS,DBA_DV_DEBUG_CONNECT_AUTH,
DVSYS,DBA_DV_DIAGNOSTIC_AUTH,
DVSYS,DBA_DV_DICTIONARY_ACCTS,
DVSYS,DBA_DV_FACTOR,
DVSYS,DBA_DV_FACTOR_LINK,
DVSYS,DBA_DV_FACTOR_TYPE,
DVSYS,DBA_DV_IDENTITY,
DVSYS,DBA_DV_IDENTITY_MAP,
DVSYS,DBA_DV_INDEX_FUNCTION,
DVSYS,DBA_DV_JOB_AUTH,
DVSYS,DBA_DV_MAC_POLICY,
DVSYS,DBA_DV_MAC_POLICY_FACTOR,
DVSYS,DBA_DV_MAINTENANCE_AUTH,
DVSYS,DBA_DV_ORADEBUG,
DVSYS,DBA_DV_PATCH_ADMIN_AUDIT,
DVSYS,DBA_DV_POLICY,
DVSYS,DBA_DV_POLICY_LABEL,
DVSYS,DBA_DV_POLICY_OBJECT,
DVSYS,DBA_DV_POLICY_OWNER,
DVSYS,DBA_DV_PREPROCESSOR_AUTH,
DVSYS,DBA_DV_PROXY_AUTH,
DVSYS,DBA_DV_PUB_PRIVS,
DVSYS,DBA_DV_RAS_ATTACH_SESSION_AUTH,
DVSYS,DBA_DV_REALM,
DVSYS,DBA_DV_REALM_AUTH,
DVSYS,DBA_DV_REALM_OBJECT,
DVSYS,DBA_DV_ROLE,
DVSYS,DBA_DV_RULE,
DVSYS,DBA_DV_RULE_SET,
DVSYS,DBA_DV_RULE_SET_RULE,
DVSYS,DBA_DV_SIMULATION_LOG,
DVSYS,DBA_DV_STATUS,
DVSYS,DBA_DV_TTS_AUTH,
DVSYS,DBA_DV_USER_PRIVS,
DVSYS,DBA_DV_USER_PRIVS_ALL,
DVSYS,DV_ADMIN_GRANTEES,
DVSYS,DV_AUDIT_CLEANUP_GRANTEES,
DVSYS,DV_AUTH$,
DVSYS,DV$CMDCONTEXT,
DVSYS,DV$CODE,
DVSYS,DV$COMMAND_RULE,
DVSYS,DV$CONFIGURATION_AUDIT,
DVSYS,DV$ENFORCEMENT_AUDIT,
DVSYS,DV$FACTOR,
DVSYS,DV$FACTOR_LINK,
DVSYS,DV$FACTOR_TYPE,
DVSYS,DV$IDENTITY,
DVSYS,DV$IDENTITY_MAP,
DVSYS,DV$MAC_POLICY,
DVSYS,DV$MAC_POLICY_FACTOR,
DVSYS,DV_MONITOR_GRANTEES,
DVSYS,DV$OLS_POLICY,
DVSYS,DV$OLS_POLICY_LABEL,
DVSYS,DV$OUT,
DVSYS,DV_OWNER_GRANTEES,
DVSYS,DV$POLICY,
DVSYS,DV$POLICY_LABEL,
DVSYS,DV$REALM,
DVSYS,DV$REALM_AUTH,
DVSYS,DV$REALM_OBJECT,
DVSYS,DV$ROLE,
DVSYS,DV$RULE,
DVSYS,DV$RULE_SET,
DVSYS,DV$RULE_SET_RULE,
DVSYS,DV_SECANALYST_GRANTEES,
DVSYS,DV$SYS_GRANTEE,
DVSYS,DV$SYS_OBJECT,
DVSYS,DV$SYS_OBJECT_OWNER,
DVSYS,ENFORCE$,
DVSYS,EVENT_STATUS,
DVSYS,FACTOR$,
DVSYS,FACTOR_LINK$,
DVSYS,FACTOR_T$,
DVSYS,FACTOR_T$_TEMP,
DVSYS,FACTOR_TYPE$,
DVSYS,FACTOR_TYPE_T$,
DVSYS,FACTOR_TYPE_T$_TEMP,
DVSYS,IDENTITY$,
DVSYS,IDENTITY_MAP$,
DVSYS,KU$_DV_ACCTS_V,
DVSYS,KU$_DV_AUTH_AP_V,
DVSYS,KU$_DV_AUTH_DBCAPTURE_V,
DVSYS,KU$_DV_AUTH_DBREPLAY_V,
DVSYS,KU$_DV_AUTH_DDL_V,
DVSYS,KU$_DV_AUTH_DIAG_V,
DVSYS,KU$_DV_AUTH_DP_V,
DVSYS,KU$_DV_AUTH_JOB_V,
DVSYS,KU$_DV_AUTH_MAINT_V,
DVSYS,KU$_DV_AUTH_PREP_V,
DVSYS,KU$_DV_AUTH_PROXY_V,
DVSYS,KU$_DV_AUTH_RAS_AS_V,
DVSYS,KU$_DV_AUTH_TTS_V,
DVSYS,KU$_DV_COMMAND_RULE_VIEW,
DVSYS,KU$_DV_COMM_RULE_ALTS_V,
DVSYS,KU$_DV_FACTOR_LINK_VIEW,
DVSYS,KU$_DV_FACTOR_TYPE_VIEW,
DVSYS,KU$_DV_FACTOR_VIEW,
DVSYS,KU$_DV_IDENTITY_MAP_VIEW,
DVSYS,KU$_DV_IDENTITY_VIEW,
DVSYS,KU$_DV_INDEX_FUNC_V,
DVSYS,KU$_DV_ISRM_VIEW,
DVSYS,KU$_DV_ISR_VIEW,
DVSYS,KU$_DV_ORADEBUG_V,
DVSYS,KU$_DV_POLICY_OBJ_C_ALTS_V,
DVSYS,KU$_DV_POLICY_OBJ_C_V,
DVSYS,KU$_DV_POLICY_OBJ_R_V,
DVSYS,KU$_DV_POLICY_OWNER_V,
DVSYS,KU$_DV_POLICY_V,
DVSYS,KU$_DV_REALM_AUTH_VIEW,
DVSYS,KU$_DV_REALM_MEMBER_VIEW,
DVSYS,KU$_DV_REALM_VIEW,
DVSYS,KU$_DV_ROLE_VIEW,
DVSYS,KU$_DV_RULE_SET_MEMBER_VIEW,
DVSYS,KU$_DV_RULE_SET_VIEW,
DVSYS,KU$_DV_RULE_VIEW,
DVSYS,MAC_POLICY$,
DVSYS,MAC_POLICY_FACTOR$,
DVSYS,POLICY$,
DVSYS,POLICY_LABEL$,
DVSYS,POLICY_OBJECT$,
DVSYS,POLICY_OWNER$,
DVSYS,POLICY_OWNER_COMMAND_RULE,
DVSYS,POLICY_OWNER_POLICY,
DVSYS,POLICY_OWNER_POLICY_OBJECT,
DVSYS,POLICY_OWNER_REALM,
DVSYS,POLICY_OWNER_REALM_AUTH,
DVSYS,POLICY_OWNER_REALM_OBJECT,
DVSYS,POLICY_OWNER_RULE,
DVSYS,POLICY_OWNER_RULE_SET,
DVSYS,POLICY_OWNER_RULE_SET_RULE,
DVSYS,POLICY_T$,
DVSYS,POLICY_T$_TEMP,
DVSYS,REALM$,
DVSYS,REALM_AUTH$,
DVSYS,REALM_OBJECT$,
DVSYS,REALM_T$,
DVSYS,REALM_T$_TEMP,
DVSYS,ROLE$,
DVSYS,RULE$,
DVSYS,RULE_SET$,
DVSYS,RULE_SET_RULE$,
DVSYS,RULE_SET_T$,
DVSYS,RULE_SET_T$_TEMP,
DVSYS,RULE_T$,
DVSYS,RULE_T$_TEMP,
DVSYS,SIMULATION_LOG$,
DVSYS,STATUS$,
GSMADMIN_INTERNAL,ALL_CHUNKS,
GSMADMIN_INTERNAL,AQ$CHANGE_LOG_QUEUE_TABLE,
GSMADMIN_INTERNAL,AQ$_CHANGE_LOG_QUEUE_TABLE_F,
GSMADMIN_INTERNAL,AQ$_CHANGE_LOG_QUEUE_TABLE_G,
GSMADMIN_INTERNAL,AQ$_CHANGE_LOG_QUEUE_TABLE_H,
GSMADMIN_INTERNAL,AQ$_CHANGE_LOG_QUEUE_TABLE_I,
GSMADMIN_INTERNAL,AQ$_CHANGE_LOG_QUEUE_TABLE_L,
GSMADMIN_INTERNAL,AQ$CHANGE_LOG_QUEUE_TABLE_R,
GSMADMIN_INTERNAL,AQ$_CHANGE_LOG_QUEUE_TABLE_S,
GSMADMIN_INTERNAL,AQ$CHANGE_LOG_QUEUE_TABLE_S,
GSMADMIN_INTERNAL,AQ$_CHANGE_LOG_QUEUE_TABLE_T,
GSMADMIN_INTERNAL,BACKUP_CONFIG_INFO,
GSMADMIN_INTERNAL,BROKER_CONFIGS,
GSMADMIN_INTERNAL,CATALOG_REQUESTS,
GSMADMIN_INTERNAL,CHANGE_LOG_QUEUE_TABLE,
GSMADMIN_INTERNAL,CHUNKDATA_TMP,
GSMADMIN_INTERNAL,CHUNK_LOC,
GSMADMIN_INTERNAL,CHUNKS,
GSMADMIN_INTERNAL,CLOUD,
GSMADMIN_INTERNAL,CONTAINER_DATABASE,
GSMADMIN_INTERNAL,CREDENTIAL,
GSMADMIN_INTERNAL,DATABASE,
GSMADMIN_INTERNAL,DATABASE_POOL,
GSMADMIN_INTERNAL,DATABASE_POOL_ADMIN,
GSMADMIN_INTERNAL,DDLID$,
GSMADMIN_INTERNAL,DUPLICATED_TABLE,
GSMADMIN_INTERNAL,DUPLICATED_TABLE_DETAILS,
GSMADMIN_INTERNAL,DUPLICATED_TABLE_DETAILS$,
GSMADMIN_INTERNAL,FILES,
GSMADMIN_INTERNAL,GDSCTL_MESSAGES,
GSMADMIN_INTERNAL,GLOBAL_TABLE,
GSMADMIN_INTERNAL,GSM,
GSMADMIN_INTERNAL,GSM_REQUESTS,
GSMADMIN_INTERNAL,HETEROGENEOUS_COLUMNS,
GSMADMIN_INTERNAL,LOCAL_CHUNK_COLUMNS,
GSMADMIN_INTERNAL,LOCAL_CHUNKS,
GSMADMIN_INTERNAL,LOCAL_CHUNK_TYPES,
GSMADMIN_INTERNAL,LOCAL_TABLE_FAMILY_SERVICES,
GSMADMIN_INTERNAL,MOVE_DATA,
GSMADMIN_INTERNAL,PARTITION_SET,
GSMADMIN_INTERNAL,REGION,
GSMADMIN_INTERNAL,SERVICE,
GSMADMIN_INTERNAL,SERVICE_PREFERRED_AVAILABLE,
GSMADMIN_INTERNAL,SHA_DATABASES,
GSMADMIN_INTERNAL,SHARDED_TABLE_FAMILIES,
GSMADMIN_INTERNAL,SHARD_GROUP,
GSMADMIN_INTERNAL,SHARDKEY_COLUMNS,
GSMADMIN_INTERNAL,SHARD_SPACE,
GSMADMIN_INTERNAL,SHARD_TS,
GSMADMIN_INTERNAL,TABLE_FAMILY,
GSMADMIN_INTERNAL,TABLESPACE_SET,
GSMADMIN_INTERNAL,TS_SET_TABLE,
GSMADMIN_INTERNAL,VERIFY_HISTORY,
GSMADMIN_INTERNAL,VNCR,
LBACSYS,ALL_SA_AUDIT_OPTIONS,
LBACSYS,ALL_SA_COMPARTMENTS,
LBACSYS,ALL_SA_DATA_LABELS,
LBACSYS,ALL_SA_GROUP_HIERARCHY,
LBACSYS,ALL_SA_GROUPS,
LBACSYS,ALL_SA_LABELS,
LBACSYS,ALL_SA_LEVELS,
LBACSYS,ALL_SA_POLICIES,
LBACSYS,ALL_SA_PROG_PRIVS,
LBACSYS,ALL_SA_PROGRAMS,
LBACSYS,ALL_SA_SCHEMA_POLICIES,
LBACSYS,ALL_SA_TABLE_POLICIES,
LBACSYS,ALL_SA_USER_COMPARTMENTS,
LBACSYS,ALL_SA_USER_GROUPS,
LBACSYS,ALL_SA_USER_LABELS,
LBACSYS,ALL_SA_USER_LEVELS,
LBACSYS,ALL_SA_USER_PRIVS,
LBACSYS,ALL_SA_USERS,
LBACSYS,CDB_LBAC_DATA_LABELS,in all containers
LBACSYS,CDB_LBAC_LABELS,in all containers
LBACSYS,CDB_LBAC_LABEL_TAGS,in all containers
LBACSYS,CDB_LBAC_POLICIES,in all containers
LBACSYS,CDB_LBAC_SCHEMA_POLICIES,in all containers
LBACSYS,CDB_LBAC_TABLE_POLICIES,in all containers
LBACSYS,CDB_OLS_AUDIT_OPTIONS,in all containers
LBACSYS,CDB_OLS_STATUS,in all containers
LBACSYS,CDB_OLS_USERS,in all containers
LBACSYS,CDB_SA_AUDIT_OPTIONS,in all containers
LBACSYS,CDB_SA_COMPARTMENTS,in all containers
LBACSYS,CDB_SA_DATA_LABELS,in all containers
LBACSYS,CDB_SA_GROUP_HIERARCHY,in all containers
LBACSYS,CDB_SA_GROUPS,in all containers
LBACSYS,CDB_SA_LABELS,in all containers
LBACSYS,CDB_SA_LEVELS,in all containers
LBACSYS,CDB_SA_POLICIES,in all containers
LBACSYS,CDB_SA_PROG_PRIVS,in all containers
LBACSYS,CDB_SA_PROGRAMS,in all containers
LBACSYS,CDB_SA_SCHEMA_POLICIES,in all containers
LBACSYS,CDB_SA_TABLE_POLICIES,in all containers
LBACSYS,CDB_SA_USER_COMPARTMENTS,in all containers
LBACSYS,CDB_SA_USER_GROUPS,in all containers
LBACSYS,CDB_SA_USER_LABELS,in all containers
LBACSYS,CDB_SA_USER_LEVELS,in all containers
LBACSYS,CDB_SA_USER_PRIVS,in all containers
LBACSYS,CDB_SA_USERS,in all containers
LBACSYS,DBA_LBAC_DATA_LABELS,
LBACSYS,DBA_LBAC_LABELS,
LBACSYS,DBA_LBAC_LABEL_TAGS,
LBACSYS,DBA_LBAC_POLICIES,
LBACSYS,DBA_LBAC_SCHEMA_POLICIES,
LBACSYS,DBA_LBAC_TABLE_POLICIES,
LBACSYS,DBA_OLS_AUDIT_OPTIONS,
LBACSYS,DBA_OLS_STATUS,
LBACSYS,DBA_OLS_USERS,
LBACSYS,DBA_SA_AUDIT_OPTIONS,
LBACSYS,DBA_SA_COMPARTMENTS,
LBACSYS,DBA_SA_DATA_LABELS,
LBACSYS,DBA_SA_GROUP_HIERARCHY,
LBACSYS,DBA_SA_GROUPS,
LBACSYS,DBA_SA_LABELS,
LBACSYS,DBA_SA_LEVELS,
LBACSYS,DBA_SA_POLICIES,
LBACSYS,DBA_SA_PROG_PRIVS,
LBACSYS,DBA_SA_PROGRAMS,
LBACSYS,DBA_SA_SCHEMA_POLICIES,
LBACSYS,DBA_SA_TABLE_POLICIES,
LBACSYS,DBA_SA_USER_COMPARTMENTS,
LBACSYS,DBA_SA_USER_GROUPS,
LBACSYS,DBA_SA_USER_LABELS,
LBACSYS,DBA_SA_USER_LEVELS,
LBACSYS,DBA_SA_USER_PRIVS,
LBACSYS,DBA_SA_USERS,
LBACSYS,OLS$AUDIT,
LBACSYS,OLS$AUDIT_ACTIONS,
LBACSYS,OLS$COMPARTMENTS,
LBACSYS,OLS$DIP_DEBUG,
LBACSYS,OLS$DIP_EVENTS,
LBACSYS,OLS$GROUPS,
LBACSYS,OLS$INSTALLATIONS,
LBACSYS,OLS$LAB,
LBACSYS,OLS$LEVELS,
LBACSYS,OLS$POL,
LBACSYS,OLS$POLICY_ADMIN,
LBACSYS,OLS$POLICY_COLUMNS,
LBACSYS,OLS$POLS,
LBACSYS,OLS$POLT,
LBACSYS,OLS$PROFILE,
LBACSYS,OLS$PROFILES,
LBACSYS,OLS$PROG,
LBACSYS,OLS$PROPS,
LBACSYS,OLS$SESSINFO,
LBACSYS,OLS$TRUSTED_PROGS,
LBACSYS,OLS$USER,
LBACSYS,OLS$USER_COMPARTMENTS,
LBACSYS,OLS$USER_GROUPS,
LBACSYS,OLS$USER_LEVELS,
LBACSYS,SA$ADMIN,
LBACSYS,SA$POL,
LBACSYS,USER_SA_SESSION,
MDSYS,ALL_ANNOTATION_TEXT_METADATA,
MDSYS,ALL_GEOMETRY_COLUMNS,
MDSYS,ALL_SDO_ANIMATIONS,
MDSYS,ALL_SDO_CACHED_MAPS,
MDSYS,ALL_SDO_CSW_SERVICE_INFO,
MDSYS,ALL_SDO_DIAG_MESSAGES,
MDSYS,ALL_SDO_GEOM_METADATA,
MDSYS,ALL_SDO_GEOR_SYSDATA,
MDSYS,ALL_SDO_INDEX_HISTOGRAM,
MDSYS,ALL_SDO_INDEX_INFO,
MDSYS,ALL_SDO_INDEX_METADATA,
MDSYS,ALL_SDO_LIGHTSOURCES,
MDSYS,ALL_SDO_LRS_METADATA,
MDSYS,ALL_SDO_MAPS,
MDSYS,ALL_SDO_NETWORK_CONSTRAINTS,
MDSYS,ALL_SDO_NETWORK_FEATURE,
MDSYS,ALL_SDO_NETWORK_HISTORIES,
MDSYS,ALL_SDO_NETWORK_JAVA_OBJECTS,
MDSYS,ALL_SDO_NETWORK_LOCKS_WM,
MDSYS,ALL_SDO_NETWORK_METADATA,
MDSYS,ALL_SDO_NETWORK_TIMESTAMPS,
MDSYS,ALL_SDO_NETWORK_USER_DATA,
MDSYS,ALL_SDO_NFE_MODEL_FTLAYER_REL,
MDSYS,ALL_SDO_NFE_MODEL_METADATA,
MDSYS,ALL_SDO_NFE_MODEL_WORKSPACE,
MDSYS,ALL_SDO_SCENES,
MDSYS,ALL_SDO_STYLES,
MDSYS,ALL_SDO_THEMES,
MDSYS,ALL_SDO_TIN_PC_SYSDATA,
MDSYS,ALL_SDO_TOPO_INFO,
MDSYS,ALL_SDO_TOPO_METADATA,
MDSYS,ALL_SDO_VIEWFRAMES,
MDSYS,ALL_SDO_3DTHEMES,
MDSYS,ALL_SDO_3DTXFMS,
MDSYS,CS_SRS,
MDSYS,CSW_SERVICE_INFO,
MDSYS,CURRENTSESSIONTOKENMAP$,
MDSYS,CURRENTSESSIONTOKENMAP_T$,
MDSYS,DBA_GEOMETRY_COLUMNS,
MDSYS,DBA_SDO_MAPS,
MDSYS,DBA_SDO_STYLES,
MDSYS,DBA_SDO_THEMES,
MDSYS,EXT_TAB_AXES,
MDSYS,EXT_TAB_AXIS_NAMES,
MDSYS,EXT_TAB_COORD_OPS,
MDSYS,EXT_TAB_COORD_SYS,
MDSYS,EXT_TAB_CS_SRS,
MDSYS,EXT_TAB_DATUMS,
MDSYS,EXT_TAB_ELLIPSOIDS,
MDSYS,EXT_TAB_MEASURE,
MDSYS,EXT_TAB_OP_METHODS,
MDSYS,EXT_TAB_OP_PARAMS,
MDSYS,EXT_TAB_OP_PARAM_USE,
MDSYS,EXT_TAB_OP_PATHS,
MDSYS,EXT_TAB_PARAM_VALS,
MDSYS,EXT_TAB_PARAM_VALS_1,
MDSYS,EXT_TAB_PREFERRED_OPS_SYSTEM,
MDSYS,EXT_TAB_PRIME_MERIDIANS,
MDSYS,EXT_TAB_REF_SYS,
MDSYS,EXT_TAB_REF_SYS_1,
MDSYS,FINAL_PARTITION,
MDSYS,GEODETIC_SRIDS,
MDSYS,MD$RELATE,
MDSYS,MY_SDO_INDEX_METADATA,
MDSYS,NDM_FINAL_PARTITION,
MDSYS,NDM_PARTITION_TMP_2,
MDSYS,NDM_PARTITION_TMP_3,
MDSYS,NTV2_XML_DATA,
MDSYS,OGIS_GEOMETRY_COLUMNS,
MDSYS,OGIS_SPATIAL_REFERENCE_SYSTEMS,
MDSYS,OLS_DIR_BUSINESS_CHAINS,
MDSYS,OLS_DIR_BUSINESSES,
MDSYS,OLS_DIR_CATEGORIES,
MDSYS,OLS_DIR_CATEGORIZATIONS,
MDSYS,OLS_DIR_CATEGORY_TYPES,
MDSYS,OLS_DIR_SYNONYMS,
MDSYS,OPENLS_CLASSIFICATIONS,
MDSYS,OPENLS_NAMESPACES,
MDSYS,OPENLS_NODES,
MDSYS,OPENLSSERVICES,
MDSYS,OPENLS_XPATHS,
MDSYS,PARTITION_TMP_2,
MDSYS,PARTITION_TMP_3,
MDSYS,RDF_PARAM$,
MDSYS,RDF_PARAMETER,
MDSYS,RDF_PARAM$_TBL,
MDSYS,ROWTOKENMAP$,
MDSYS,ROWTOKENMAP_T$,
MDSYS,SDO_ANGLE_UNITS,
MDSYS,SDO_ANIMATIONS_TABLE,
MDSYS,SDO_ANNOTATION_TEXT_METADATA,
MDSYS,SDO_AREA_UNITS,
MDSYS,SDO_AVAILABLE_ELEM_OPS,
MDSYS,SDO_AVAILABLE_NON_ELEM_OPS,
MDSYS,SDO_AVAILABLE_OPS,
MDSYS,SDO_CACHED_MAPS_TABLE,
MDSYS,SDO_COORD_AXES,
MDSYS,SDO_COORD_AXIS_NAMES,
MDSYS,SDO_COORD_OP_METHODS,
MDSYS,SDO_COORD_OP_PARAMS,
MDSYS,SDO_COORD_OP_PARAM_USE,
MDSYS,SDO_COORD_OP_PARAM_VALS,
MDSYS,SDO_COORD_OP_PARAM_VALS_EXT,
MDSYS,SDO_COORD_OP_PATHS,
MDSYS,SDO_COORD_OPS,
MDSYS,SDO_COORD_REF_SYS,
MDSYS,SDO_COORD_REF_SYSTEM,
MDSYS,SDO_COORD_SYS,
MDSYS,SDO_CRS_COMPOUND,
MDSYS,SDO_CRS_ENGINEERING,
MDSYS,SDO_CRS_GEOCENTRIC,
MDSYS,SDO_CRS_GEOGRAPHIC_PLUS_HEIGHT,
MDSYS,SDO_CRS_GEOGRAPHIC2D,
MDSYS,SDO_CRS_GEOGRAPHIC3D,
MDSYS,SDO_CRS_PROJECTED,
MDSYS,SDO_CRS_VERTICAL,
MDSYS,SDO_CS_CONTEXT_INFORMATION,
MDSYS,SDO_CS_SRS,
MDSYS,SDO_DATUM_ENGINEERING,
MDSYS,SDO_DATUM_GEODETIC,
MDSYS,SDO_DATUMS,
MDSYS,SDO_DATUMS_OLD_FORMAT,
MDSYS,SDO_DATUMS_OLD_SNAPSHOT,
MDSYS,SDO_DATUM_VERTICAL,
MDSYS,SDO_DIAG_MESSAGES_TABLE,
MDSYS,SDO_DIST_METADATA_TABLE,
MDSYS,SDO_DIST_UNITS,
MDSYS,SDO_ELLIPSOIDS,
MDSYS,SDO_ELLIPSOIDS_OLD_FORMAT,
MDSYS,SDO_ELLIPSOIDS_OLD_SNAPSHOT,
MDSYS,SDO_FEATURE_USAGE,
MDSYS,SDO_GEOM_METADATA_TABLE,
MDSYS,SDO_GEOR_DDL__TABLE$$,
MDSYS,SDO_GEOR_PLUGIN_REGISTRY,
MDSYS,SDO_GEOR_SYSDATA_TABLE,
MDSYS,SDO_GEOR_XMLSCHEMA_TABLE,
MDSYS,SDO_GR_MOSAIC_CB,
MDSYS,SDO_GR_MOSAIC_0,
MDSYS,SDO_GR_MOSAIC_1,
MDSYS,SDO_GR_MOSAIC_2,
MDSYS,SDO_GR_MOSAIC_3,
MDSYS,SDO_GR_PARALLEL,
MDSYS,SDO_GR_RDT_1,
MDSYS,SDO_GR_RDT_2,
MDSYS,SDO_INDEX_AGGREGATES_TABLE,
MDSYS,SDO_INDEX_HISTOGRAM_TABLE,
MDSYS,SDO_INDEX_METADATA_TABLE,
MDSYS,SDO_LIGHTSOURCES_TABLE,
MDSYS,SDO_LRS_METADATA_TABLE,
MDSYS,SDO_MAPS_TABLE,
MDSYS,SDO_NETWORK_CONSTRAINTS,
MDSYS,SDO_NETWORK_FEATURE,
MDSYS,SDO_NETWORK_HISTORIES,
MDSYS,SDO_NETWORK_LOCKS_WM,
MDSYS,SDO_NETWORK_METADATA_TABLE,
MDSYS,SDO_NETWORK_TIMESTAMPS,
MDSYS,SDO_NETWORK_USER_DATA,
MDSYS,SDO_NFE_MODEL_FTLAYER_REL,
MDSYS,SDO_NFE_MODEL_METADATA_TABLE,
MDSYS,SDO_NFE_MODEL_WORKSPACE,
MDSYS,SDO_PC_BLK_TABLE,
MDSYS,SDO_PREFERRED_OPS_SYSTEM,
MDSYS,SDO_PREFERRED_OPS_USER,
MDSYS,SDO_PRIME_MERIDIANS,
MDSYS,SDO_PROJECTIONS_OLD_FORMAT,
MDSYS,SDO_PROJECTIONS_OLD_SNAPSHOT,
MDSYS,SDO_RELATEMASK_TABLE,
MDSYS,SDO_SCENES_TABLE,
MDSYS,SDO_SOURCE_TARGET_PATCHES,
MDSYS,SDO_SRIDS_BY_URN,
MDSYS,SDO_SRIDS_BY_URN_PATTERN,
MDSYS,SDO_ST_TOLERANCE,
MDSYS,SDO_STYLES_TABLE,
MDSYS,SDO_THEMES_TABLE,
MDSYS,SDO_TIN_BLK_TABLE,
MDSYS,SDO_TIN_PC_SEQ,
MDSYS,SDO_TIN_PC_SYSDATA_TABLE,
MDSYS,SDO_TOPO_DATA$,
MDSYS,SDO_TOPO_MAPS,
MDSYS,SDO_TOPO_METADATA_TABLE,
MDSYS,SDO_TOPO_RELATION_DATA,
MDSYS,SDO_TOPO_TRANSACT_DATA,
MDSYS,SDO_TOPO_TRANSACT_DATA$,
MDSYS,SDO_TTS_METADATA_TABLE,
MDSYS,SDO_TXN_IDX_EXP_UPD_RGN,
MDSYS,SDO_TXN_JOURNAL_GTT,
MDSYS,SDO_TXN_JOURNAL_REG,
MDSYS,SDO_UNITS_OF_MEASURE,
MDSYS,SDO_VIEWFRAMES_TABLE,
MDSYS,SDO_WFS_LOCAL_TXNS,
MDSYS,SDO_WS_CONFERENCE,
MDSYS,SDO_WS_CONFERENCE_PARTICIPANTS,
MDSYS,SDO_WS_CONFERENCE_RESULTS,
MDSYS,SDO_XDB_RESOURCES,
MDSYS,SDO_XML_SCHEMAS,
MDSYS,SDO_XSD_TABLE,
MDSYS,SDO_3DTHEMES_TABLE,
MDSYS,SDO_3DTXFMS_TABLE,
MDSYS,SRSNAMESPACE_TABLE,
MDSYS,TOKENSESSIONMAP$,
MDSYS,TOKENSESSIONMAP_T$,
MDSYS,USER_ANNOTATION_TEXT_METADATA,
MDSYS,USER_GEOMETRY_COLUMNS,
MDSYS,USER_SDO_ANIMATIONS,
MDSYS,USER_SDO_CACHED_MAPS,
MDSYS,USER_SDO_CSW_SERVICE_INFO,
MDSYS,USER_SDO_DIAG_MESSAGES,
MDSYS,USER_SDO_GEOM_METADATA,
MDSYS,USER_SDO_GEOR_SYSDATA,
MDSYS,USER_SDO_INDEX_HISTOGRAM,
MDSYS,USER_SDO_INDEX_INFO,
MDSYS,USER_SDO_INDEX_METADATA,
MDSYS,USER_SDO_LIGHTSOURCES,
MDSYS,USER_SDO_LRS_METADATA,
MDSYS,USER_SDO_MAPS,
MDSYS,USER_SDO_NETWORK_CONSTRAINTS,
MDSYS,USER_SDO_NETWORK_FEATURE,
MDSYS,USER_SDO_NETWORK_HISTORIES,
MDSYS,USER_SDO_NETWORK_JAVA_OBJECTS,
MDSYS,USER_SDO_NETWORK_LOCKS_WM,
MDSYS,USER_SDO_NETWORK_METADATA,
MDSYS,USER_SDO_NETWORK_TIMESTAMPS,
MDSYS,USER_SDO_NETWORK_USER_DATA,
MDSYS,USER_SDO_NFE_MODEL_FTLAYER_REL,
MDSYS,USER_SDO_NFE_MODEL_METADATA,
MDSYS,USER_SDO_NFE_MODEL_WORKSPACE,
MDSYS,USER_SDO_SCENES,
MDSYS,USER_SDO_STYLES,
MDSYS,USER_SDO_THEMES,
MDSYS,USER_SDO_TIN_PC_SYSDATA,
MDSYS,USER_SDO_TOPO_INFO,
MDSYS,USER_SDO_TOPO_METADATA,
MDSYS,USER_SDO_VIEWFRAMES,
MDSYS,USER_SDO_3DTHEMES,
MDSYS,USER_SDO_3DTXFMS,
MDSYS,WFS_CAPABILITIESINFO$,
MDSYS,WFS_FEATUREINSTANCEMETADATA$,
MDSYS,WFS_FEATURETABLEMDUPDATED$,
MDSYS,WFS_FEATURETABLEUPDATED$,
MDSYS,WFS_FEATURETYPE$,
MDSYS,WFS_FEATURETYPEATTRS$,
MDSYS,WFS_FEATURETYPECOMPLEXTAGS$,
MDSYS,WFS_FEATURETYPENESTEDSDOS$,
MDSYS,WFS_FEATURETYPESIMPLETAGATTRS$,
MDSYS,WFS_FEATURETYPETAGS$,
MDSYS,WFS_FEATURETYPEXMLCOLINFO$,
MDSYS,WFS_FTTYPECOMPLEXTAGATTRS$,
MDSYS,WFS_FTXSDINFO$,
MDSYS,WFS_PROC_MAP$,
MDSYS,WFS_SRS$,
MDSYS,WFS_TRG_TABLE_TEMP$,
OJVMSYS,OJDS$ATTRIBUTES$,
OJVMSYS,OJDS$BINDINGS$,
OJVMSYS,OJDS$INODE$,
OJVMSYS,OJDS$PERMISSIONS$,
OJVMSYS,OJDS$REFADDR$,
OJVMSYS,OJDS$SHARED$OBJ$,
OLAPSYS,ALL$AW_CUBE_ENABLED_HIERCOMBO,
OLAPSYS,ALL$AW_CUBE_ENABLED_VIEWS,
OLAPSYS,ALL$AW_DIM_ENABLED_VIEWS,
OLAPSYS,ALL$OLAP2_AW_ATTRIBUTES,
OLAPSYS,ALL$OLAP2_AW_CATALOG_MEASURES,
OLAPSYS,ALL$OLAP2_AW_CATALOGS,
OLAPSYS,ALL$OLAP2_AW_CUBE_AGG_LVL,
OLAPSYS,ALL$OLAP2_AW_CUBE_AGG_MEAS,
OLAPSYS,ALL$OLAP2_AW_CUBE_AGG_OP,
OLAPSYS,ALL$OLAP2_AW_CUBE_AGG_SPECS,
OLAPSYS,ALL$OLAP2_AW_CUBE_DIM_USES,
OLAPSYS,ALL$OLAP2_AW_CUBE_MEASURES,
OLAPSYS,ALL$OLAP2_AW_CUBES,
OLAPSYS,ALL$OLAP2_AW_DIMENSIONS,
OLAPSYS,ALL$OLAP2_AW_DIM_HIER_LVL_ORD,
OLAPSYS,ALL$OLAP2_AW_DIM_LEVELS,
OLAPSYS,ALL$OLAP2_AW_PHYS_OBJ,
OLAPSYS,ALL$OLAP2_AW_PHYS_OBJ_PROP,
OLAPSYS,XML_LOAD_LOG,
OLAPSYS,XML_LOAD_RECORDS,
ORDDATA,ORDDCM_ANON_ACTION_TYPES,
ORDDATA,ORDDCM_ANON_ATTRS,
ORDDATA,ORDDCM_ANON_ATTRS_TMP,
ORDDATA,ORDDCM_ANON_ATTRS_USR,
ORDDATA,ORDDCM_ANON_ATTRS_WRK,
ORDDATA,ORDDCM_ANON_RULES,
ORDDATA,ORDDCM_ANON_RULES_TMP,
ORDDATA,ORDDCM_ANON_RULES_USR,
ORDDATA,ORDDCM_ANON_RULES_WRK,
ORDDATA,ORDDCM_ANON_RULE_TYPES,
ORDDATA,ORDDCM_CONFORMANCE_VLD_MSGS,
ORDDATA,ORDDCM_CONSTRAINT_NAMES,
ORDDATA,ORDDCM_CT_ACTION,
ORDDATA,ORDDCM_CT_ACTION_TMP,
ORDDATA,ORDDCM_CT_ACTION_USR,
ORDDATA,ORDDCM_CT_ACTION_WRK,
ORDDATA,ORDDCM_CT_DAREFS,
ORDDATA,ORDDCM_CT_DAREFS_TMP,
ORDDATA,ORDDCM_CT_DAREFS_USR,
ORDDATA,ORDDCM_CT_DAREFS_WRK,
ORDDATA,ORDDCM_CT_LOCATORPATHS,
ORDDATA,ORDDCM_CT_LOCATORPATHS_TMP,
ORDDATA,ORDDCM_CT_LOCATORPATHS_USR,
ORDDATA,ORDDCM_CT_LOCATORPATHS_WRK,
ORDDATA,ORDDCM_CT_MACRO_DEP,
ORDDATA,ORDDCM_CT_MACRO_DEP_WRK,
ORDDATA,ORDDCM_CT_MACRO_PAR,
ORDDATA,ORDDCM_CT_MACRO_PAR_WRK,
ORDDATA,ORDDCM_CT_PRED,
ORDDATA,ORDDCM_CT_PRED_OPRD,
ORDDATA,ORDDCM_CT_PRED_OPRD_TMP,
ORDDATA,ORDDCM_CT_PRED_OPRD_USR,
ORDDATA,ORDDCM_CT_PRED_OPRD_WRK,
ORDDATA,ORDDCM_CT_PRED_PAR,
ORDDATA,ORDDCM_CT_PRED_PAR_TMP,
ORDDATA,ORDDCM_CT_PRED_PAR_USR,
ORDDATA,ORDDCM_CT_PRED_PAR_WRK,
ORDDATA,ORDDCM_CT_PRED_SET,
ORDDATA,ORDDCM_CT_PRED_SET_TMP,
ORDDATA,ORDDCM_CT_PRED_SET_USR,
ORDDATA,ORDDCM_CT_PRED_SET_WRK,
ORDDATA,ORDDCM_CT_PRED_TMP,
ORDDATA,ORDDCM_CT_PRED_USR,
ORDDATA,ORDDCM_CT_PRED_WRK,
ORDDATA,ORDDCM_CT_VLD_MSG,
ORDDATA,ORDDCM_DATA_MODEL,
ORDDATA,ORDDCM_DATA_MODEL_WRK,
ORDDATA,ORDDCM_DBRELEASE_DOCS,
ORDDATA,ORDDCM_DICT_ATTRS,
ORDDATA,ORDDCM_DICT_ATTRS_TMP,
ORDDATA,ORDDCM_DICT_ATTRS_USR,
ORDDATA,ORDDCM_DICT_ATTRS_WRK,
ORDDATA,ORDDCM_DOC_REFS,
ORDDATA,ORDDCM_DOC_REFS_TMP,
ORDDATA,ORDDCM_DOC_REFS_USR,
ORDDATA,ORDDCM_DOC_REFS_WRK,
ORDDATA,ORDDCM_DOCS,
ORDDATA,ORDDCM_DOCS_TMP,
ORDDATA,ORDDCM_DOCS_USR,
ORDDATA,ORDDCM_DOCS_WRK,
ORDDATA,ORDDCM_DOC_TYPES,
ORDDATA,ORDDCM_DOCUMENT_REFS,
ORDDATA,ORDDCM_DOCUMENTS,
ORDDATA,ORDDCM_DOCUMENT_TYPES,
ORDDATA,ORDDCM_INSTALL_DOCS,
ORDDATA,ORDDCM_INTERNAL_TAGS,
ORDDATA,ORDDCM_MAPPED_PATHS,
ORDDATA,ORDDCM_MAPPED_PATHS_TMP,
ORDDATA,ORDDCM_MAPPED_PATHS_USR,
ORDDATA,ORDDCM_MAPPED_PATHS_WRK,
ORDDATA,ORDDCM_MAPPING_DOCS,
ORDDATA,ORDDCM_MAPPING_DOCS_TMP,
ORDDATA,ORDDCM_MAPPING_DOCS_USR,
ORDDATA,ORDDCM_MAPPING_DOCS_WRK,
ORDDATA,ORDDCM_PR_ADMIN_DOCS_WRK,
ORDDATA,ORDDCM_PR_ATTR_CONFIG_WRK,
ORDDATA,ORDDCM_PR_DICOM_CONFIG_WRK,
ORDDATA,ORDDCM_PREFS_LOOKUP,
ORDDATA,ORDDCM_PROTOCOL_ADMIN_DOCS,
ORDDATA,ORDDCM_PROTOCOL_ATTR_CONFIG,
ORDDATA,ORDDCM_PROTOCOL_DICOM_CONFIG,
ORDDATA,ORDDCM_PROTOCOL_METADATA,
ORDDATA,ORDDCM_PROTOCOL_PRVW_CONFIG,
ORDDATA,ORDDCM_PROTOCOL_SPECIAL_TAG,
ORDDATA,ORDDCM_PROTOCOL_VERSION_CONFIG,
ORDDATA,ORDDCM_PROTOCOL_WADO_CONFIG,
ORDDATA,ORDDCM_PROTOCOL_XML_CONFIG,
ORDDATA,ORDDCM_PR_PRVW_CONFIG_WRK,
ORDDATA,ORDDCM_PR_SPECIAL_TAG_WRK,
ORDDATA,ORDDCM_PRV_ATTRS,
ORDDATA,ORDDCM_PRV_ATTRS_TMP,
ORDDATA,ORDDCM_PRV_ATTRS_USR,
ORDDATA,ORDDCM_PRV_ATTRS_WRK,
ORDDATA,ORDDCM_PR_VERSION_CONFIG_WRK,
ORDDATA,ORDDCM_PR_WADO_CONFIG_WRK,
ORDDATA,ORDDCM_PR_XML_CONFIG_WRK,
ORDDATA,ORDDCM_RT_PREF_PARAMS,
ORDDATA,ORDDCM_RT_PREF_PARAMS_TMP,
ORDDATA,ORDDCM_RT_PREF_PARAMS_USR,
ORDDATA,ORDDCM_RT_PREF_PARAMS_WRK,
ORDDATA,ORDDCM_STD_ATTRS,
ORDDATA,ORDDCM_STD_ATTRS_TMP,
ORDDATA,ORDDCM_STD_ATTRS_USR,
ORDDATA,ORDDCM_STD_ATTRS_WRK,
ORDDATA,ORDDCM_STORED_TAGS,
ORDDATA,ORDDCM_STORED_TAGS_TMP,
ORDDATA,ORDDCM_STORED_TAGS_USR,
ORDDATA,ORDDCM_STORED_TAGS_WRK,
ORDDATA,ORDDCM_UID_DEFS,
ORDDATA,ORDDCM_UID_DEFS_TMP,
ORDDATA,ORDDCM_UID_DEFS_USR,
ORDDATA,ORDDCM_UID_DEFS_WRK,
ORDDATA,ORDDCM_VR_DT_MAP,
ORDSYS,ORD_USAGE_RECS,
ORDSYS,SI_FEATURES_TAB,
ORDSYS,SI_IMAGE_FORMAT_CONVERSIONS,
ORDSYS,SI_IMAGE_FORMAT_FEATURES,
ORDSYS,SI_IMAGE_FORMATS,
ORDSYS,SI_IMAGE_FORMATS_TAB,
ORDSYS,SI_THUMBNAIL_FORMATS,
ORDSYS,SI_VALUES,
ORDSYS,SI_VALUES_TAB,
OUTLN,OL$,
OUTLN,OL$HINTS,
OUTLN,OL$NODES,
SYS,ACCESS$,
SYS,ACLMV$,
SYS,ACLMV$_BASE_VIEW,
SYS,ACLMV$_MVINFO,
SYS,ACLMV$_REFLOG,
SYS,ACLMVREFSTAT$,
SYS,ACLMVSUBTBL$,
SYS,ACTIVITY_CONFIG$,
SYS,ACTIVITY_MVIEW$,
SYS,ACTIVITY_SNAP_META$,
SYS,ACTIVITY_TABLE$,
SYS,_ACTUAL_EDITION_OBJ,
SYS,ADBTASK_CLIENT,adbtask client
SYS,ADBTASK_SCHEDULE,adbtask schedule
SYS,ADBTASK_SETTINGS,adbtask settings
SYS,ADMINAUTH$,
SYS,ADO_IMPARAM$,
SYS,ADO_IMSEGSTAT$,
SYS,ADO_IMSEGTASKDETAILS$,
SYS,ADO_IMSTAT$,
SYS,ADO_IMTASKS$,
SYS,ALERT_QT,
SYS,ALL_ALL_TABLES,Description of all object and relational tables accessible to the user
SYS,ALL_ANALYTIC_VIEW_AGGR_DIMS,Analytic view aggregation function dimensions in the database
SYS,ALL_ANALYTIC_VIEW_AGGR_FNS,Analytic view aggregation functions in the database
SYS,ALL_ANALYTIC_VIEW_ATTR_CLASS,analytic view attribute classifications in the database
SYS,ALL_ANALYTIC_VIEW_BASE_MEAS,Analytic view base measures in the database
SYS,ALL_ANALYTIC_VIEW_CALC_MEAS,Analytic view calculated measures in the database
SYS,ALL_ANALYTIC_VIEW_CLASS,Analytic view classifications in the database
SYS,ALL_ANALYTIC_VIEW_COLUMNS,Analytic view columns in the database
SYS,ALL_ANALYTIC_VIEW_DIM_ATTRS,Analytic view dimension attributes in the database
SYS,ALL_ANALYTIC_VIEW_DIM_CLASS,Classifications of the analytic view dimensions in the database
SYS,ALL_ANALYTIC_VIEW_DIMENSIONS,Analytic view Dimensions in the database
SYS,ALL_ANALYTIC_VIEW_FACT_COLS,Analytic view fact columns in the database
SYS,ALL_ANALYTIC_VIEW_HIER_CLASS,Analytic view hierarchy classifications in the database
SYS,ALL_ANALYTIC_VIEW_HIERS,Analytic view hierarchies in the database
SYS,ALL_ANALYTIC_VIEW_KEYS,Analytic view keys in the database
SYS,ALL_ANALYTIC_VIEW_LEVEL_CLASS,analytic view level classifications in the database
SYS,ALL_ANALYTIC_VIEW_LEVELS,Analytic view levels in the database
SYS,ALL_ANALYTIC_VIEW_LVLGRPS,Level groupings for an analytic view
SYS,ALL_ANALYTIC_VIEW_MEAS_CLASS,Analytic view measure classifications in the database
SYS,ALL_ANALYTIC_VIEWS,Analytic views in the database
SYS,ALL_APPLY,Details about each apply process that dequeues from the queue visible to the current user
SYS,ALL_APPLY_CHANGE_HANDLERS,Details about apply change handler
SYS,ALL_APPLY_CONFLICT_COLUMNS,Details about conflict resolution on tables visible to the current user
SYS,ALL_APPLY_DML_CONF_COLUMNS,Details about dml conflict handler column groups on objects visible to the current user
SYS,ALL_APPLY_DML_CONF_HANDLERS,Details about dml conflict handlers on objects visible to the current user
SYS,ALL_APPLY_DML_HANDLERS,Details about the dml handler on tables visible to the current user
SYS,ALL_APPLY_ENQUEUE,Details about the apply enqueue action for user accessible rules where the destination queue exists and is visible to the user
SYS,ALL_APPLY_ERROR,Error transactions that were generated after dequeuing from the queue visible to the current user
SYS,ALL_APPLY_ERROR_MESSAGES,Details about individual messages in an error transaction
SYS,ALL_APPLY_EXECUTE,Details about the apply execute action for all rules visible to the user
SYS,ALL_APPLY_HANDLE_COLLISIONS,Details about apply collision handlers on objects visible to the user
SYS,ALL_APPLY_INSTANTIATED_GLOBAL,Details about database instantiated for the user
SYS,ALL_APPLY_INSTANTIATED_OBJECTS,Details about objects instantiated for the user
SYS,ALL_APPLY_INSTANTIATED_SCHEMAS,Details about schemas instantiated for the user
SYS,ALL_APPLY_KEY_COLUMNS,Alternative key columns for a STREAMS table visible to the current user
SYS,ALL_APPLY_PARAMETERS,Details about parameters of each apply process that dequeues from the queue visible to the current user
SYS,ALL_APPLY_PROGRESS,Information about the progress made by the apply process that dequeues from the queue visible to the current user
SYS,ALL_APPLY_REPERROR_HANDLERS,Details about apply reperror handlers on objects visible to the user
SYS,ALL_APPLY_SPILL_TXN,Streams apply spilled transactions info to the user
SYS,ALL_APPLY_TABLE_COLUMNS,Details about the columns of destination table object visible to the user
SYS,ALL_ARGUMENTS,Arguments in object accessible to the user
SYS,ALL_ASSEMBLIES,Description of assemblies accessible to the user
SYS,ALL_ASSOCIATIONS,All associations available to the user
SYS,ALL_ATTRIBUTE_DIM_ATTR_CLASS,Attribute dimension attribute classifications in the database
SYS,ALL_ATTRIBUTE_DIM_ATTRS,Attribute dimension attributes in the database
SYS,ALL_ATTRIBUTE_DIM_CLASS,Attribute dimension classifications in the database
SYS,ALL_ATTRIBUTE_DIMENSIONS,attribute dimensions in the database
SYS,ALL_ATTRIBUTE_DIM_JOIN_PATHS,Attribute dimension join paths in the database
SYS,ALL_ATTRIBUTE_DIM_KEYS,attribute dimension keys in the database
SYS,ALL_ATTRIBUTE_DIM_LEVEL_ATTRS,Determined attributes of each level in the database
SYS,ALL_ATTRIBUTE_DIM_LEVELS,Attribute dimension Levels in the database
SYS,ALL_ATTRIBUTE_DIM_LVL_CLASS,Attribute dimension level classifications in the database
SYS,ALL_ATTRIBUTE_DIM_ORDER_ATTRS,Attribute dimension order by elements in the database
SYS,ALL_ATTRIBUTE_DIM_TABLES,Attribute dimension tables in the database
SYS,ALL_ATTRIBUTE_TRANSFORMATIONS,
SYS,ALL_AUDITED_SYSTEM_ACTIONS,
SYS,ALL_AUDIT_POLICIES,All fine grained auditing policies in the database
SYS,ALL_AUDIT_POLICY_COLUMNS,All fine grained auditing policy columns in the database
SYS,ALL_AW_AC,Active Catalog Analytic Workspaces accessible to the user
SYS,ALL_AW_AC_10G,
SYS,ALL_AW_OBJ,Objects in Analytic Workspaces accessible to the user
SYS,ALL_AW_PROP,Object properties in Analytic Workspaces accessible to the user
SYS,ALL_AW_PROP_NAME,Analytic Workspace property names accessible to the user
SYS,ALL_AW_PS,Pagespaces in Analytic Workspaces accessible to the user
SYS,ALL_AWS,Analytic Workspaces accessible to the user
SYS,ALL_BASE_TABLE_MVIEWS,All materialized views with log(s) in the database that the user can see
SYS,ALL_BLOCKCHAIN_TABLE_EPOCHS,
SYS,ALL_BLOCKCHAIN_TABLES,
SYS,ALL_CAPTURE,Details about each capture process that stores the captured changes in a queue visible to the current user
SYS,ALL_CAPTURE_EXTRA_ATTRIBUTES,Extra attributes for a capture process that is visible to the current user
SYS,ALL_CAPTURE_PARAMETERS,Details about parameters for each capture process that stores the captured changes in a queue visible to the current user
SYS,ALL_CAPTURE_PREPARED_DATABASE,Is the local database prepared for instantiation?
SYS,ALL_CAPTURE_PREPARED_SCHEMAS,All user schemas at the local database that are prepared for instantiation
SYS,ALL_CAPTURE_PREPARED_TABLES,All tables visible to the current user that are prepared for instantiation
SYS,ALL_CATALOG,"All tables, views, synonyms, sequences accessible to the user"
SYS,ALL_CERTIFICATES,
SYS,ALL_CLUSTER_HASH_EXPRESSIONS,Hash functions for all accessible clusters
SYS,ALL_CLUSTERING_DIMENSIONS,All dimension details about clustering tables the user owns or has system privileges
SYS,ALL_CLUSTERING_JOINS,All join details about clustering tables the user owns or has system privileges
SYS,ALL_CLUSTERING_KEYS,Description of the keys of the clustering clause of tables accessible to the user
SYS,ALL_CLUSTERING_TABLES,Description of the clustering clause of tables accessible to the user
SYS,ALL_CLUSTERS,Description of clusters accessible to the user
SYS,ALL_CODE_ROLE_PRIVS,Roles attached to the program units accessible to the user
SYS,ALL_COL_COMMENTS,Comments on columns of accessible tables and views
SYS,ALL_COLL_TYPES,Description of named collection types accessible to the user
SYS,ALL_COL_PENDING_STATS,"Pending statistics of tables, partitions, and subpartitions"
SYS,ALL_COL_PRIVS,"Grants on columns for which the user is the grantor, grantee, owner,
or an enabled role or PUBLIC is the grantee"
SYS,ALL_COL_PRIVS_MADE,Grants on columns for which the user is owner or grantor
SYS,ALL_COL_PRIVS_RECD,"Grants on columns for which the user, PUBLIC or enabled role is the grantee"
SYS,ALL_COMPARISON_SCAN_SUMMARY,Details about a comparison scan for the user
SYS,ALL_CONS_COLUMNS,Information about accessible columns in constraint definitions
SYS,ALL_CONS_OBJ_COLUMNS,List of types an object column or attribute is constrained to in the tables accessible to the user
SYS,ALL_CONSTRAINTS,Constraint definitions on accessible tables
SYS,ALL_CONTEXT,Description of all active context namespaces under the current session
SYS,ALL_CREDENTIALS,All credentials visible to the user
SYS,ALL_CUBE_ATTRIBUTES,OLAP Attributes in the database accessible by the user
SYS,ALL_CUBE_ATTR_MAPPINGS,OLAP Cube Attribute Mappings in the database that are accessible by the user
SYS,ALL_CUBE_ATTR_UNIQUE_KEYS,OLAP Unique Key Attributes in the database that are accessible to the current user
SYS,ALL_CUBE_ATTR_VISIBILITY,"OLAP Attributes visible for Dimensions, Hierarchies, and Levels"
SYS,ALL_CUBE_BUILD_PROCESSES,OLAP Build Processes in the database accessible to the user
SYS,ALL_CUBE_CALCULATED_MEMBERS,OLAP Calculated Members in the database accessible to the user
SYS,ALL_CUBE_CLASSIFICATIONS,OLAP Object Classifications in the database that are accessible to the user
SYS,ALL_CUBE_DEPENDENCIES,"OLAP metadata dependencies in the database that are accessible to the current
user"
SYS,ALL_CUBE_DESCRIPTIONS,OLAP Descriptions in the database that are accessible to the user
SYS,ALL_CUBE_DIMENSIONALITY,OLAP Cube Dimensionality in the database accessible to the user
SYS,ALL_CUBE_DIMENSIONS,OLAP Cube Dimensions in the database accessible by the user
SYS,ALL_CUBE_DIM_LEVELS,OLAP Dimension Levels in the database accessible by the user
SYS,ALL_CUBE_DIM_MAPPINGS,OLAP Cube Dimension Mappings in the database that are accessible to the user
SYS,ALL_CUBE_DIM_MODELS,OLAP Dimension Models in the database accessible to the user
SYS,ALL_CUBE_DIMNL_MAPPINGS,OLAP Cube Dimenisonality Mappings in the database that are accessible to the user
SYS,ALL_CUBE_DIM_VIEW_COLUMNS,OLAP Dimension View Columns in the database accessible to the user
SYS,ALL_CUBE_DIM_VIEWS,OLAP Dimension Views in the database accessible by the user
SYS,ALL_CUBE_HIERARCHIES,OLAP Hierarchies in the database accessible by the user
SYS,ALL_CUBE_HIER_LEVELS,OLAP Hierarchy Levels in the database accessible to the user
SYS,ALL_CUBE_HIER_VIEW_COLUMNS,OLAP Hierarchy View Columns in the database accessible to the user
SYS,ALL_CUBE_HIER_VIEWS,OLAP Hierarchy Views in the database accessible to the user
SYS,ALL_CUBE_MAPPINGS,OLAP Cube Mappings in the database accessible to the user
SYS,ALL_CUBE_MEAS_MAPPINGS,OLAP Cube Measure Mappings in the database that are accessible to the user
SYS,ALL_CUBE_MEASURES,OLAP Measures in the database accessible to the user
SYS,ALL_CUBE_NAMED_BUILD_SPECS,OLAP Cube Named Build Specifications in the database accessible by the user
SYS,ALL_CUBES,OLAP Cubes in the database accessible to the user
SYS,ALL_CUBE_SUB_PARTITION_LEVELS,
SYS,ALL_CUBE_VIEW_COLUMNS,OLAP Cube View Columns in the database accessible by the user
SYS,ALL_CUBE_VIEWS,OLAP Cube Views in the database accessible by the user
SYS,ALL_DB_LINKS,Database links accessible to the user
SYS,ALL_DEF_AUDIT_OPTS,Auditing options for newly created objects
SYS,ALL_DEPENDENCIES,Dependencies to and from objects accessible to the user
SYS,ALL_DEQUEUE_QUEUES,All queues accessible to the user
SYS,ALL_DIM_ATTRIBUTES,"Representation of the relationship between a dimension level and
a functionally dependent column"
SYS,ALL_DIM_CHILD_OF,"Representaion of a 1:n hierarchical relationship between a pair of levels in
a dimension"
SYS,ALL_DIMENSIONS,Description of the dimension objects accessible to the DBA
SYS,ALL_DIM_HIERARCHIES,Representation of a dimension hierarchy
SYS,ALL_DIM_JOIN_KEY,Representation of a join between two dimension tables.
SYS,ALL_DIM_LEVEL_KEY,Representations of columns of a dimension level
SYS,ALL_DIM_LEVELS,Description of dimension levels visible to DBA
SYS,ALL_DIRECTORIES,Description of all directories accessible to the user
SYS,ALL_EDITION_COMMENTS,Describes comments on all editions in the database
SYS,ALL_EDITIONING_VIEW_COLS,Relationship between columns of Editioning Views accessible to the user and the table columns to which they map
SYS,ALL_EDITIONING_VIEW_COLS_AE,Relationship between columns of Editioning Views accessible to the user and the table columns to which they map
SYS,ALL_EDITIONING_VIEWS,Description of Editioning Views accessible to the user
SYS,ALL_EDITIONING_VIEWS_AE,Description of Editioning Views accessible to the user
SYS,ALL_EDITION_INHERITED_OBJECTS,Objects accessible to the user
SYS,ALL_EDITIONS,Describes all editions in the database
SYS,ALL_ENCRYPTED_COLUMNS,Encryption information on all accessible columns
SYS,ALL_ERRORS,Current errors on stored objects that user is allowed to create
SYS,ALL_ERRORS_AE,Current errors on stored objects that user is allowed to create
SYS,ALL_ERROR_TRANSLATIONS,Describes all error translations accessible to the user
SYS,ALL_EVALUATION_CONTEXTS,rule evaluation contexts seen by user
SYS,ALL_EVALUATION_CONTEXT_TABLES,tables in all rule evaluation contexts seen by the user
SYS,ALL_EVALUATION_CONTEXT_VARS,variables in all rule evaluation contexts seen by the user
SYS,ALL_EXPRESSION_STATISTICS,Expression Usage Tracking Statistics
SYS,ALL_EXTERNAL_LOCATIONS,Description of the external tables locations accessible to the user
SYS,ALL_EXTERNAL_TABLES,Description of the external tables accessible to the user
SYS,_ALL_FILE_GROUP_EXPORT_INFO,
SYS,ALL_FILE_GROUP_EXPORT_INFO,Details about export information of file group versions
SYS,_ALL_FILE_GROUP_FILES,
SYS,ALL_FILE_GROUP_FILES,Details about file group files
SYS,_ALL_FILE_GROUPS,
SYS,ALL_FILE_GROUPS,Details about file groups
SYS,_ALL_FILE_GROUP_TABLES,
SYS,ALL_FILE_GROUP_TABLES,Details about the tables in the file group repository
SYS,_ALL_FILE_GROUP_TABLESPACES,
SYS,ALL_FILE_GROUP_TABLESPACES,Details about the transportable tablespaces in the file group repository
SYS,_ALL_FILE_GROUP_VERSIONS,
SYS,ALL_FILE_GROUP_VERSIONS,Details about file group versions
SYS,ALL_GG_AUTO_CDR_COLUMN_GROUPS,Details about goldengate auto cdr column groups
SYS,ALL_GG_AUTO_CDR_COLUMNS,Details about goldengate auto cdr columns
SYS,_ALL_GG_AUTO_CDR_TABLES,
SYS,ALL_GG_AUTO_CDR_TABLES,Details about goldengate auto cdr tables
SYS,ALL_GG_INBOUND_PROGRESS,
SYS,ALL_GOLDENGATE_CONTAINER_RULES,Details about goldengate container inclusion/exclusion rules visible to user
SYS,ALL_GOLDENGATE_INBOUND,Details about the XStream inbound server visible to user
SYS,ALL_GOLDENGATE_PRIVILEGES,Details about goldengate privileges for the user
SYS,ALL_GOLDENGATE_RULES,Details about the GoldenGate server rules visible to user
SYS,ALL_HEAT_MAP_SEG_HISTOGRAM,Segment access information for all segments visible to the user
SYS,ALL_HEAT_MAP_SEGMENT,Users segment last access time
SYS,ALL_HIERARCHIES,Hierarchies in the database
SYS,ALL_HIER_CLASS,Hierarchy classifications in the database
SYS,ALL_HIER_COLUMNS,Hierarchy columns in the database
SYS,ALL_HIER_HIER_ATTR_CLASS,Hierarchical attribute classifications in the database
SYS,ALL_HIER_HIER_ATTRIBUTES,attribute dimension Attributes in the database
SYS,ALL_HIER_JOIN_PATHS,Hierarchy join paths in the database
SYS,ALL_HIER_LEVEL_ID_ATTRS,Hierarchy Level ID Attributes in the database
SYS,ALL_HIER_LEVELS,Hierarchy levels in the database
SYS,ALL_IDENTIFIERS,All identifiers in stored objects accessible to the user
SYS,ALL_IMMUTABLE_TABLES,
SYS,ALL_IND_COLUMNS,COLUMNs comprising INDEXes on accessible TABLES
SYS,ALL_IND_COLUMNS_V$,
SYS,ALL_INDEXES,Descriptions of indexes on tables accessible to the user
SYS,ALL_IND_EXPRESSIONS,FUNCTIONAL INDEX EXPRESSIONs on accessible TABLES
SYS,ALL_INDEXTYPE_ARRAYTYPES,All array types specified by the indextype
SYS,ALL_INDEXTYPE_COMMENTS,Comments for user-defined indextypes
SYS,ALL_INDEXTYPE_OPERATORS,All operators available to the user
SYS,ALL_INDEXTYPES,All indextypes available to the user
SYS,ALL_IND_PARTITIONS,
SYS,ALL_IND_PENDING_STATS,"Pending statistics of indexes, partitions, and subpartitions"
SYS,ALL_IND_STATISTICS,Optimizer statistics for all indexes on tables accessible to the user
SYS,ALL_IND_SUBPARTITIONS,
SYS,ALL_INT_DEQUEUE_QUEUES,All queues accessible to the user
SYS,ALL_INTERNAL_TRIGGERS,Description of the internal triggers on the tables accessible to the user
SYS,ALL_JAVA_ARGUMENTS,argument information for java classes accessible to the current user
SYS,ALL_JAVA_CLASSES,class level information for java classes accessible to the current user
SYS,ALL_JAVA_COMPILER_OPTIONS,native-compiler options applicable to user
SYS,ALL_JAVA_DERIVATIONS,this view maps java source objects and their derived java class objects and java resource objects  for the java class accessible to user
SYS,ALL_JAVA_FIELDS,field information for java classes accessible to the current user
SYS,ALL_JAVA_IMPLEMENTS,interfaces implemented by java classes accessible to the current user
SYS,ALL_JAVA_INNERS,list of inner classes referenced by a java class accessible to user
SYS,ALL_JAVA_LAYOUTS,class layout information for java classes accessible to the current user
SYS,ALL_JAVA_METHODS,method information for java classes accessible the current user
SYS,ALL_JAVA_NCOMPS,ncomp related information of all java classes
SYS,ALL_JAVA_RESOLVERS,resolver of java class owned by user
SYS,ALL_JAVA_THROWS,list of exceptions thrown from methods of classes accessible to the current user
SYS,ALL_JOIN_IND_COLUMNS,Join Index columns comprising the join conditions
SYS,ALL_JSON_COLUMNS,Comments on the JSON columns accessible to the user
SYS,ALL_JSON_DATAGUIDE_FIELDS,
SYS,ALL_JSON_DATAGUIDES,
SYS,ALL_LIBRARIES,Description of libraries accessible to the user
SYS,ALL_LOB_PARTITIONS,
SYS,ALL_LOBS,Description of LOBs contained in tables accessible to the user
SYS,ALL_LOB_SUBPARTITIONS,
SYS,ALL_LOB_TEMPLATES,
SYS,ALL_LOG_GROUP_COLUMNS,Information about columns in log group definitions
SYS,ALL_LOG_GROUPS,Log group definitions on accessible tables
SYS,ALL_MEASURE_FOLDER_CONTENTS,OLAP Measure Folder Contents in the database accessible by the user
SYS,ALL_MEASURE_FOLDERS,OLAP Measure Folders in the database accessible to the user
SYS,ALL_MEASURE_FOLDER_SUBFOLDERS,OLAP Measure Folders contained within the OLAP Measure Folders accessible to the user
SYS,ALL_METADATA_PROPERTIES,OLAP Metadata Properties in the database
SYS,ALL_METHOD_PARAMS,"Description of method parameters of types accessible
to the user"
SYS,ALL_METHOD_RESULTS,"Description of method results of types accessible
to the user"
SYS,ALL_MINING_ALGORITHMS,
SYS,ALL_MINING_MODEL_ATTRIBUTES,Description of all the model attributes accessible to the user
SYS,ALL_MINING_MODEL_PARTITIONS,Description of all the partitions accessible to the user
SYS,ALL_MINING_MODELS,Description of the models accessible to the user
SYS,ALL_MINING_MODEL_SETTINGS,Description of all the settings accessible to the user
SYS,ALL_MINING_MODEL_VIEWS,Description of all the model views accessible to the user
SYS,ALL_MINING_MODEL_XFORMS,User-specified transformations embedded in all models accessible to the user
SYS,ALL_MVIEW_AGGREGATES,Description of the materialized view aggregates accessible to the user
SYS,ALL_MVIEW_ANALYSIS,Description of the materialized views accessible to the user
SYS,ALL_MVIEW_COMMENTS,Comments on materialized views accessible to the user
SYS,ALL_MVIEW_DETAIL_PARTITION,Freshness information of all PCT materialized views in the database
SYS,ALL_MVIEW_DETAIL_RELATIONS,Description of the materialized view detail tables accessible to the user
SYS,ALL_MVIEW_DETAIL_SUBPARTITION,Freshness information of all PCT materialized views in the database
SYS,ALL_MVIEW_JOINS,"Description of a join between two columns in the
WHERE clause of a materialized view accessible to the user"
SYS,ALL_MVIEW_KEYS,"Description of the columns that appear in the GROUP BY
list of a materialized view accessible to the user"
SYS,ALL_MVIEW_LOGS,All materialized view logs in the database that the user can see
SYS,ALL_MVIEW_REFRESH_TIMES,Materialized views and their last refresh times  for each master table that the user can look at
SYS,ALL_MVIEWS,All materialized views in the database
SYS,ALL_NESTED_TABLE_COLS,Columns of nested tables
SYS,ALL_NESTED_TABLES,Description of nested tables in tables accessible to the user
SYS,ALL_OBJ_COLATTRS,Description of object columns and attributes contained in the tables accessible to the user
SYS,ALL_OBJECTS,Objects accessible to the user
SYS,ALL_OBJECTS_AE,Objects accessible to the user
SYS,ALL_OBJECT_TABLES,Description of all object tables accessible to the user
SYS,ALL$OLAP2_AWS,
SYS,ALL_OPANCILLARY,All ancillary operators available to the user
SYS,ALL_OPARGUMENTS,All arguments of the operators available to the user
SYS,ALL_OPBINDINGS,All binding functions for operators available to the user
SYS,ALL_OPERATOR_COMMENTS,Comments for user-defined operators
SYS,ALL_OPERATORS,All operators available to the user
SYS,ALL_PART_COL_STATISTICS,
SYS,ALL_PART_HISTOGRAMS,
SYS,ALL_PARTIAL_DROP_TABS,All tables with patially dropped columns accessible to the user
SYS,ALL_PART_INDEXES,
SYS,ALL_PART_KEY_COLUMNS,
SYS,ALL_PART_KEY_COLUMNS_V$,
SYS,ALL_PART_LOBS,
SYS,ALL_PART_TABLES,
SYS,ALL_PENDING_CONV_TABLES,All tables accessible to the user which are not upgraded to the latest type version
SYS,ALL_PLSQL_COLL_TYPES,Description of named plsql collection types accessible to the user
SYS,ALL_PLSQL_OBJECT_SETTINGS,Compiler settings of stored objects accessible to the user
SYS,ALL_PLSQL_TYPE_ATTRS,Description of attributes of types accessible to the user
SYS,ALL_PLSQL_TYPES,Description of types accessible to the user
SYS,ALL_POLICIES,All policies for objects if the user has system privileges or owns the objects
SYS,ALL_POLICY_ATTRIBUTES,All attribute associations of context sensitive and shared context sensitive policies for objects if the user has system privileges or owns the objects
SYS,ALL_POLICY_CONTEXTS,"All policy driving context defined for all synonyms, tables, or views accessable to the user"
SYS,ALL_POLICY_GROUPS,"All policy groups defined for any synonym, table or view accessable to the user"
SYS,ALL_PROBE_OBJECTS,
SYS,ALL_PROCEDURES,Functions/procedures/packages/types/triggers available to the user
SYS,ALL_PROPAGATION,Streams propagation seen by the user
SYS,_ALL_QUEUE_CACHED_MESSAGES,
SYS,ALL_QUEUE_EVENT_STREAMS,All database queue Shards
SYS,ALL_QUEUE_PUBLISHERS,
SYS,ALL_QUEUES,All queues accessible to the user
SYS,_ALL_QUEUE_SCHEDULES,
SYS,ALL_QUEUE_SCHEDULES,
SYS,ALL_QUEUE_SHARDS,All database queue Shards
SYS,ALL_QUEUE_SUBSCRIBERS,All queue subscribers accessible to user
SYS,ALL_QUEUE_TABLES,All queue tables accessible to the user
SYS,ALL_REFRESH,All the refresh groups that the user can touch
SYS,ALL_REFRESH_CHILDREN,"All the objects in refresh groups, where the user can touch the group"
SYS,ALL_REFRESH_DEPENDENCIES,"Description of the detail tables that materialized views depend on for
refresh"
SYS,ALL_REFS,Description of REF columns contained in tables accessible to the user
SYS,ALL_REGISTERED_MVIEWS,Remote materialized views of local tables that the user can see
SYS,ALL_REGISTERED_SNAPSHOTS,Remote snapshots of local tables that the user can see
SYS,ALL_REGISTRY_BANNERS,
SYS,ALL_REPL_DBNAME_MAPPING,Details about the database name mapping
SYS,ALL_REPLICATION_PROCESS_EVENTS,Dictionary table for the replication processes events
SYS,ALL_REWRITE_EQUIVALENCES,Description of all rewrite equivalence accessible to the user
SYS,ALL_RULES,Rules seen by the user
SYS,ALL_RULE_SET_RULES,Rules in all rule sets seen by the user
SYS,ALL_RULE_SETS,Rule sets seen by the user
SYS,ALL_RULESETS,Rulesets seen by the user: maintained for backward compatibility
SYS,ALL_SCHEDULER_CHAIN_RULES,All rules from scheduler chains visible to the current user
SYS,ALL_SCHEDULER_CHAINS,All scheduler chains in the database visible to current user
SYS,ALL_SCHEDULER_CHAIN_STEPS,All steps of scheduler chains visible to the current user
SYS,ALL_SCHEDULER_CREDENTIALS,All scheduler credentials visible to the user
SYS,ALL_SCHEDULER_DB_DESTS,User-visible destination objects in the database pointing to remote databases
SYS,ALL_SCHEDULER_DESTS,All destination objects for jobs in the database visible to current user
SYS,ALL_SCHEDULER_EXTERNAL_DESTS,User-visible destination objects in the database pointing to remote agents
SYS,ALL_SCHEDULER_FILE_WATCHERS,Scheduler file watch requests visible to the current user
SYS,ALL_SCHEDULER_GLOBAL_ATTRIBUTE,All scheduler global attributes
SYS,ALL_SCHEDULER_GROUP_MEMBERS,Members of all scheduler object groups visible to current user
SYS,ALL_SCHEDULER_GROUPS,All scheduler object groups visible to current user
SYS,ALL_SCHEDULER_INCOMPAT_MEMBER,All incompatibility resource objects members in the database
SYS,ALL_SCHEDULER_INCOMPATS,All scheduler incompatibility resource objects in the database
SYS,ALL_SCHEDULER_JOB_ARGS,All arguments with set values of all scheduler jobs in the database
SYS,ALL_SCHEDULER_JOB_CLASSES,All scheduler classes visible to the user
SYS,ALL_SCHEDULER_JOB_DESTS,State of all jobs visible to current user at each of their destinations
SYS,ALL_SCHEDULER_JOB_LOG,Logged information for all scheduler jobs
SYS,ALL_SCHEDULER_JOB_RUN_DETAILS,The details of a job run
SYS,ALL_SCHEDULER_JOBS,All scheduler jobs visible to the user
SYS,ALL_SCHEDULER_NOTIFICATIONS,All job e-mail notifications visible to the current user
SYS,ALL_SCHEDULER_PROGRAM_ARGS,All arguments of all scheduler programs visible to the user
SYS,ALL_SCHEDULER_PROGRAMS,All scheduler programs visible to the user
SYS,ALL_SCHEDULER_REMOTE_DATABASES,
SYS,ALL_SCHEDULER_REMOTE_JOBSTATE,Remote state of all jobs originating from this database visible to current user
SYS,ALL_SCHEDULER_RESOURCES,All scheduler resource objects in the database
SYS,ALL_SCHEDULER_RSC_CONSTRAINTS,All scheduler resource constraint members in the database
SYS,ALL_SCHEDULER_RUNNING_CHAINS,All job steps of running job chains visible to the user
SYS,ALL_SCHEDULER_RUNNING_JOBS,
SYS,ALL_SCHEDULER_SCHEDULES,All schedules in the database
SYS,ALL_SCHEDULER_WINDOW_DETAILS,The details of a window
SYS,ALL_SCHEDULER_WINDOW_GROUPS,All scheduler window groups in the database
SYS,ALL_SCHEDULER_WINDOW_LOG,Logged information for all scheduler windows
SYS,ALL_SCHEDULER_WINDOWS,All scheduler windows in the database
SYS,ALL_SCHEDULER_WINGROUP_MEMBERS,Members of all scheduler window groups in the database
SYS,ALL_SECONDARY_OBJECTS,All secondary objects for domain indexes
SYS,ALL_SEC_RELEVANT_COLS,Security Relevant columns of all VPD policies for tables or views which the user has access
SYS,ALL_SEQUENCES,Description of SEQUENCEs accessible to the user
SYS,ALL_SERVICES,
SYS,ALL_SNAPSHOT_LOGS,All snapshot logs in the database that the user can see
SYS,ALL_SNAPSHOTS,Snapshots the user can access
SYS,ALL_SOURCE,Current source on stored objects that user is allowed to create
SYS,ALL_SOURCE_AE,Current source on stored objects that user is allowed to create
SYS,ALL_SQLJ_TYPE_ATTRS,Description of attributes of types accessible to the user
SYS,ALL_SQLJ_TYPE_METHODS,Description of methods of types accessible to the user
SYS,ALL_SQLJ_TYPES,Description of types accessible to the user
SYS,ALL_SQLSET,
SYS,ALL_SQLSET_BINDS,
SYS,ALL_SQLSET_PLANS,
SYS,ALL_SQLSET_REFERENCES,
SYS,ALL_SQLSET_STATEMENTS,
SYS,_ALL_SQLSET_STATEMENTS_ONLY,
SYS,_ALL_SQLSET_STATEMENTS_PHV,
SYS,_ALL_SQLSET_STATISTICS_ONLY,
SYS,_ALL_SQLSET_STS_TOPACK,
SYS,ALL_SQL_TRANSLATION_PROFILES,Describes all SQL translation profiles accessible to the user
SYS,ALL_SQL_TRANSLATIONS,Describes all SQL translations accessible to the user
SYS,ALL_STATEMENTS,All SQL statements in stored objects accessible to the user
SYS,ALL_STAT_EXTENSIONS,Optimizer statistics extensions
SYS,ALL_STORED_SETTINGS,Parameter settings for objects accessible to the user
SYS,ALL_STREAMS_COLUMNS,Streams unsupported columns
SYS,ALL_STREAMS_GLOBAL_RULES,Global rules created on the streams capture/apply/propagation process that interact with the queue visible to the current user
SYS,ALL_STREAMS_KEEP_COLUMNS,Keep columns transformations for the user
SYS,ALL_STREAMS_MESSAGE_CONSUMERS,Streams messaging consumers visible to the current user
SYS,ALL_STREAMS_MESSAGE_RULES,Rules for Streams messaging visible to the current user
SYS,ALL_STREAMS_NEWLY_SUPPORTED,List of objects that are newly supported by Streams
SYS,_ALL_STREAMS_PROCESSES,
SYS,ALL_STREAMS_RULES,Rules used by streams processes
SYS,ALL_STREAMS_SCHEMA_RULES,Rules created by streams administrative APIs on all user schemas
SYS,ALL_STREAMS_TABLE_RULES,Rules created by streams administrative APIs on tables visible to the current user
SYS,ALL_STREAMS_TRANSFORMATIONS,Transformations defined on rules for the user
SYS,ALL_STREAMS_TRANSFORM_FUNCTION,Rules-based transform functions used by Streams
SYS,ALL_STREAMS_UNSUPPORTED,List of all the tables that are not supported by Streams in this release
SYS,ALL_SUBPART_COL_STATISTICS,
SYS,ALL_SUBPART_HISTOGRAMS,
SYS,ALL_SUBPARTITION_TEMPLATES,
SYS,ALL_SUBPART_KEY_COLUMNS,
SYS,ALL_SUBPART_KEY_COLUMNS_V$,
SYS,ALL_SUMDELTA,Direct path load entries accessible to the user
SYS,ALL_SUMMAP,mapping entries of transaction ID and commit SCN accessible to the user
SYS,ALL_SUMMARIES,Description of the summaries accessible to the user
SYS,ALL_SUMMARY_AGGREGATES,
SYS,ALL_SUMMARY_DETAIL_TABLES,
SYS,ALL_SUMMARY_JOINS,
SYS,ALL_SUMMARY_KEYS,
SYS,ALL_SYNC_CAPTURE,Details about each sync capture process that stores the captured changes in a queue visible to the current user
SYS,ALL_SYNC_CAPTURE_PREPARED_TABS,All tables prepared for synchronous capture instantiation
SYS,ALL_SYNC_CAPTURE_TABLES,All tables that are captured by synchronous streams captures.
SYS,ALL_SYNONYMS,All synonyms for base objects accessible to the user and session
SYS,_ALL_SYNONYMS_FOR_AUTH_OBJECTS,
SYS,_ALL_SYNONYMS_FOR_SYNONYMS,
SYS,_ALL_SYNONYMS_TREE,
SYS,ALL_TAB_COLS,"Columns of user's tables, views and clusters"
SYS,ALL_TAB_COL_STATISTICS,"Columns of user's tables, views and clusters"
SYS,ALL_TAB_COL_STAT_MODELS,Statistics models for all tables accessible to the user
SYS,ALL_TAB_COLS_V$,
SYS,ALL_TAB_COLUMNS,"Columns of user's tables, views and clusters"
SYS,ALL_TAB_COMMENTS,Comments on tables and views accessible to the user
SYS,ALL_TAB_HISTGRM_PENDING_STATS,"Pending statistics of tables, partitions, and subpartitions"
SYS,ALL_TAB_HISTOGRAMS,Histograms on columns of all tables visible to user
SYS,ALL_TAB_IDENTITY_COLS,Describes all table identity columns
SYS,ALL_TABLES,Description of relational tables accessible to the user
SYS,ALL_TAB_MODIFICATIONS,Information regarding modifications to tables
SYS,ALL_TAB_PARTITIONS,
SYS,ALL_TAB_PENDING_STATS,"Pending statistics of tables, partitions, and subpartitions"
SYS,ALL_TAB_PRIVS,"Grants on objects for which the user is the grantor, grantee, owner,
or an enabled role or PUBLIC is the grantee"
SYS,ALL_TAB_PRIVS_MADE,User's grants and grants on user's objects
SYS,ALL_TAB_PRIVS_RECD,"Grants on objects for which the user, PUBLIC or enabled role is the grantee"
SYS,ALL_TAB_STATISTICS,Optimizer statistics for all tables accessible to the user
SYS,ALL_TAB_STAT_PREFS,Statistics preferences for tables
SYS,ALL_TAB_STATS_HISTORY,History of table statistics modifications
SYS,ALL_TAB_SUBPARTITIONS,
SYS,ALL_TRANSFORMATIONS,
SYS,ALL_TRIGGER_COLS,Column usage in user's triggers or in triggers on user's tables
SYS,ALL_TRIGGER_ORDERING,Triggers having FOLLOWS or PRECEDES ordering accessible to the current user
SYS,ALL_TRIGGERS,Triggers accessible to the current user
SYS,ALL_TRIGGERS_AE,Triggers accessible to the current user
SYS,ALL_TSTZ_TAB_COLS,"Columns of user's tables, which have column(s) defined on timestamp with time zone data type or ADT type containing attribute(s) of timestamp with time zone data type"
SYS,ALL_TSTZ_TABLES,"Description of tables accessible to the user, which have column(s) defined on timestamp with time zone data type or ADT type containing attribute(s) of timestamp with time zone data type"
SYS,ALL_TYPE_ATTRS,Description of attributes of types accessible to the user
SYS,ALL_TYPE_METHODS,Description of methods of types accessible to the user
SYS,ALL_TYPES,Description of types accessible to the user
SYS,ALL_TYPE_VERSIONS,Description of each type version accessible to the user
SYS,ALL_UNIFIED_AUDIT_ACTIONS,List of all actions audited in Unified Audit Trail
SYS,ALL_UNUSED_COL_TABS,All tables with unused columns accessible to the user
SYS,ALL_UPDATABLE_COLUMNS,Description of all updatable columns
SYS,ALL_USERS,Information about all users of the database
SYS,ALL_USTATS,All statistics
SYS,ALL_VARRAYS,Description of varrays in tables accessible to the user
SYS,ALL_VIEWS,Description of views accessible to the user
SYS,ALL_VIEWS_AE,Description of views accessible to the user
SYS,ALL_WARNING_SETTINGS,Warnings ettings for objects accessible to the user
SYS,ALL_XDS_ACL_REFRESH,
SYS,ALL_XDS_ACL_REFSTAT,
SYS,ALL_XDS_LATEST_ACL_REFSTAT,
SYS,ALL_XML_INDEXES,Description of the all XMLType indexes that the user has privileges on
SYS,ALL_XML_NESTED_TABLES,
SYS,ALL_XML_OUT_OF_LINE_TABLES,
SYS,ALL_XML_SCHEMA_ATTRIBUTES,
SYS,ALL_XML_SCHEMA_COMPLEX_TYPES,
SYS,ALL_XML_SCHEMA_ELEMENTS,
SYS,ALL_XML_SCHEMA_NAMESPACES,
SYS,ALL_XML_SCHEMAS,Description of all XML Schemas that user has privilege to reference
SYS,ALL_XML_SCHEMA_SIMPLE_TYPES,
SYS,ALL_XML_SCHEMA_SUBSTGRP_HEAD,
SYS,ALL_XML_SCHEMA_SUBSTGRP_MBRS,
SYS,ALL_XML_SCHEMAS2,Dummy version of ALL_XML_SCHEMAS that does not have an XMLTYPE column
SYS,ALL_XML_TAB_COLS,Description of the all XMLType tables that the user has privileges on
SYS,ALL_XML_TABLES,Description of the all XMLType tables that the user has privileges on
SYS,ALL_XMLTYPE_COLS,
SYS,ALL_XML_VIEW_COLS,Description of the all XMLType views that the user has privileges on
SYS,ALL_XML_VIEWS,Description of the all XMLType views that the user has privileges on
SYS,ALL_XS_ACES,All the Real Application Security ACES of the ACLs accessible to the current user
SYS,ALL_XS_ACL_PARAMETERS,All the Real Application Security ACL parameters defined in the data security policies accessbile to the current user
SYS,ALL_XS_ACLS,All the Real Application Security ACLs accessible to the current user
SYS,ALL_XS_APPLICABLE_OBJECTS,All the tables or views to which the current user can apply data security policies
SYS,ALL_XS_APPLIED_POLICIES,All the database objects on which Real Application Security data security policies accessible to the current user are enabled
SYS,ALL_XS_COLUMN_CONSTRAINTS,All the Real Application Security column constraints accessible to the current user
SYS,ALL_XS_IMPLIED_PRIVILEGES,All the Real Application Security implied privileges scoped by the security classes accessible to the current user
SYS,ALL_XS_INHERITED_REALMS,All the Real Application Security inherited realms accessible to the current user
SYS,ALL_XS_POLICIES,All the Real Application Security data security policies accessible to the current user
SYS,ALL_XS_PRIVILEGES,All the Real Application Security privileges scoped by the security classes accessible to the current user
SYS,ALL_XS_REALM_CONSTRAINTS,All the Real Application Security realms accessible to the current user
SYS,ALL_XS_SECURITY_CLASS_DEP,"All the Real Application Security class dependencies of the security classes
that are accessible to the current user"
SYS,ALL_XS_SECURITY_CLASSES,All the Real Application Security security classes accessible to the current user
SYS,ALL_XSTREAM_ADMINISTRATOR,Users granted the privileges to be a XStream administrator for the user
SYS,ALL_XSTREAM_INBOUND,Details about the XStream inbound server visible to user
SYS,ALL_XSTREAM_INBOUND_PROGRESS,
SYS,ALL_XSTREAM_OUTBOUND,Details about the XStream outbound server visible to user
SYS,ALL_XSTREAM_OUTBOUND_PROGRESS,
SYS,ALL_XSTREAM_OUT_SUPPORT_MODE,List of support mode for objects by XStream Out
SYS,ALL_XSTREAM_RULES,Details about the XStream server rules visible to user
SYS,ALL_XSTREAM_TRANSFORMATIONS,Transformations defined on rules for the user
SYS,ALL_XTERNAL_LOC_PARTITIONS,
SYS,ALL_XTERNAL_LOC_SUBPARTITIONS,
SYS,ALL_XTERNAL_PART_TABLES,
SYS,ALL_XTERNAL_TAB_PARTITIONS,
SYS,ALL_XTERNAL_TAB_SUBPARTITIONS,
SYS,ALL_ZONEMAP_MEASURES,Zonemap measures accessible to the user
SYS,ALL_ZONEMAPS,Zonemaps accessible to the user
SYS,APPLY$_AUTO_CDR_COLUMN_GROUPS,
SYS,APPLY$_BATCH_SQL_STATS,
SYS,APPLY$_CDR_INFO,
SYS,APPLY$_CHANGE_HANDLERS,
SYS,APPLY$_CONF_HDLR_COLUMNS,
SYS,APPLY$_CONSTRAINT_COLUMNS,
SYS,APPLY$_COORDINATOR_STATS,
SYS,APPLY$_DEST_OBJ,
SYS,APPLY$_DEST_OBJ_CMAP,
SYS,APPLY$_DEST_OBJ_OPS,
SYS,APPLY$_ERROR,
SYS,APPLY$_ERROR_HANDLER,
SYS,APPLY$_ERROR_TXN,
SYS,APPLY$_PROCEDURE_STATS,
SYS,APPLY$_READER_STATS,
SYS,APPLY$_SERVER_STATS,
SYS,APPLY$_SOURCE_OBJ,
SYS,APPLY$_SOURCE_SCHEMA,
SYS,APPLY$_TABLE_STATS,
SYS,APPLY$_VIRTUAL_OBJ_CONS,
SYS,APPROLE$,
SYS,AQ$ALERT_QT,
SYS,AQ$_ALERT_QT_F,
SYS,AQ$_ALERT_QT_G,
SYS,AQ$_ALERT_QT_H,
SYS,AQ$_ALERT_QT_I,
SYS,AQ$_ALERT_QT_L,
SYS,AQ$ALERT_QT_R,
SYS,AQ$_ALERT_QT_S,
SYS,AQ$ALERT_QT_S,
SYS,AQ$_ALERT_QT_T,
SYS,AQ$AQ_EVENT_TABLE,
SYS,AQ$_AQ_EVENT_TABLE_F,
SYS,AQ$AQ$_MEM_MC,
SYS,AQ$_AQ$_MEM_MC_F,
SYS,AQ$_AQ$_MEM_MC_G,
SYS,AQ$_AQ$_MEM_MC_H,
SYS,AQ$_AQ$_MEM_MC_I,
SYS,AQ$_AQ$_MEM_MC_L,
SYS,AQ$_AQ$_MEM_MC_S,
SYS,AQ$AQ$_MEM_MC_S,
SYS,AQ$_AQ$_MEM_MC_T,
SYS,AQ$AQ_PROP_TABLE,
SYS,AQ$_AQ_PROP_TABLE_F,
SYS,AQ$_AQ_PROP_TABLE_G,
SYS,AQ$_AQ_PROP_TABLE_H,
SYS,AQ$_AQ_PROP_TABLE_I,
SYS,AQ$_AQ_PROP_TABLE_L,
SYS,AQ$AQ_PROP_TABLE_R,
SYS,AQ$_AQ_PROP_TABLE_S,
SYS,AQ$AQ_PROP_TABLE_S,
SYS,AQ$_AQ_PROP_TABLE_T,
SYS,AQ$CQN_EVENT_TABLE,
SYS,AQ$_CQN_EVENT_TABLE_F,
SYS,AQ$_DEQUEUE_LOG_PARTITION_MAP,
SYS,AQ$_DURABLE_SUBS,
SYS,AQ$_E_QUEUE_PARTITION_MAP,
SYS,AQ_EVENT_TABLE,
SYS,AQ$_INDEX_MONITOR,
SYS,AQ$INTERNET_USERS,
SYS,AQ$_MEM_MC,
SYS,AQ$_MESSAGE_TYPES,
SYS,AQ$ORA$PREPLUGIN_BACKUP_QTB,
SYS,AQ$_ORA$PREPLUGIN_BACKUP_QTB_F,
SYS,AQ$_ORA$PREPLUGIN_BACKUP_QTB_G,
SYS,AQ$_ORA$PREPLUGIN_BACKUP_QTB_H,
SYS,AQ$_ORA$PREPLUGIN_BACKUP_QTB_I,
SYS,AQ$_ORA$PREPLUGIN_BACKUP_QTB_L,
SYS,AQ$ORA$PREPLUGIN_BACKUP_QTB_R,
SYS,AQ$_ORA$PREPLUGIN_BACKUP_QTB_S,
SYS,AQ$ORA$PREPLUGIN_BACKUP_QTB_S,
SYS,AQ$_ORA$PREPLUGIN_BACKUP_QTB_T,
SYS,AQ$PDB_MON_EVENT_QTABLE$,
SYS,AQ$_PDB_MON_EVENT_QTABLE$_F,
SYS,AQ$_PDB_MON_EVENT_QTABLE$_G,
SYS,AQ$_PDB_MON_EVENT_QTABLE$_H,
SYS,AQ$_PDB_MON_EVENT_QTABLE$_I,
SYS,AQ$_PDB_MON_EVENT_QTABLE$_L,
SYS,AQ$PDB_MON_EVENT_QTABLE$_R,
SYS,AQ$_PDB_MON_EVENT_QTABLE$_S,
SYS,AQ$PDB_MON_EVENT_QTABLE$_S,
SYS,AQ$_PDB_MON_EVENT_QTABLE$_T,
SYS,AQ$_PENDING_MESSAGES,
SYS,AQ$_PROPAGATION_STATUS,
SYS,AQ_PROP_TABLE,
SYS,AQ$_PUBLISHER,
SYS,AQ$_QUEUE_PARAMS,
SYS,AQ$_QUEUE_PARTITION_ASSIGNMENT_TABLE,
SYS,AQ$_QUEUE_PARTITION_MAP,
SYS,AQ$_QUEUE_SHARDS,
SYS,AQ$_QUEUE_STATISTICS,
SYS,AQ$_QUEUE_TABLE_AFFINITIES,
SYS,AQ$_REPLAY_INFO,
SYS,AQ$SCHEDULER$_EVENT_QTAB,
SYS,AQ$_SCHEDULER$_EVENT_QTAB_F,
SYS,AQ$_SCHEDULER$_EVENT_QTAB_G,
SYS,AQ$_SCHEDULER$_EVENT_QTAB_H,
SYS,AQ$_SCHEDULER$_EVENT_QTAB_I,
SYS,AQ$_SCHEDULER$_EVENT_QTAB_L,
SYS,AQ$SCHEDULER$_EVENT_QTAB_R,
SYS,AQ$_SCHEDULER$_EVENT_QTAB_S,
SYS,AQ$SCHEDULER$_EVENT_QTAB_S,
SYS,AQ$_SCHEDULER$_EVENT_QTAB_T,
SYS,AQ$SCHEDULER_FILEWATCHER_QT,
SYS,AQ$_SCHEDULER_FILEWATCHER_QT_F,
SYS,AQ$_SCHEDULER_FILEWATCHER_QT_G,
SYS,AQ$_SCHEDULER_FILEWATCHER_QT_H,
SYS,AQ$_SCHEDULER_FILEWATCHER_QT_I,
SYS,AQ$_SCHEDULER_FILEWATCHER_QT_L,
SYS,AQ$SCHEDULER_FILEWATCHER_QT_R,
SYS,AQ$_SCHEDULER_FILEWATCHER_QT_S,
SYS,AQ$SCHEDULER_FILEWATCHER_QT_S,
SYS,AQ$_SCHEDULER_FILEWATCHER_QT_T,
SYS,AQ$SCHEDULER$_REMDB_JOBQTAB,
SYS,AQ$_SCHEDULER$_REMDB_JOBQTAB_F,
SYS,AQ$_SCHEDULER$_REMDB_JOBQTAB_G,
SYS,AQ$_SCHEDULER$_REMDB_JOBQTAB_H,
SYS,AQ$_SCHEDULER$_REMDB_JOBQTAB_I,
SYS,AQ$_SCHEDULER$_REMDB_JOBQTAB_L,
SYS,AQ$SCHEDULER$_REMDB_JOBQTAB_R,
SYS,AQ$_SCHEDULER$_REMDB_JOBQTAB_S,
SYS,AQ$SCHEDULER$_REMDB_JOBQTAB_S,
SYS,AQ$_SCHEDULER$_REMDB_JOBQTAB_T,
SYS,AQ$_SCHEDULES,
SYS,AQ$_SHARD_MAP,
SYS,AQ$_SUBSCRIBER_LWM,
SYS,AQ$_SUBSCRIBER_TABLE,
SYS,AQ$SYS$SERVICE_METRICS_TAB,
SYS,AQ$_SYS$SERVICE_METRICS_TAB_F,
SYS,AQ$_SYS$SERVICE_METRICS_TAB_G,
SYS,AQ$_SYS$SERVICE_METRICS_TAB_H,
SYS,AQ$_SYS$SERVICE_METRICS_TAB_I,
SYS,AQ$_SYS$SERVICE_METRICS_TAB_L,
SYS,AQ$SYS$SERVICE_METRICS_TAB_R,
SYS,AQ$_SYS$SERVICE_METRICS_TAB_S,
SYS,AQ$SYS$SERVICE_METRICS_TAB_S,
SYS,AQ$_SYS$SERVICE_METRICS_TAB_T,
SYS,AQ$_UNFLUSHED_DEQUEUES,
SYS,ARGUMENT$,
SYS,ASSEMBLY$,
SYS,ASSOCIATION$,
SYS,ATEMPTAB$,Temporary table whose definition is used internally.  Never contains data
SYS,ATSK$_SCHEDULE_CONTROL,
SYS,ATSK$_SETTINGS,
SYS,ATSK$_TRACK_DBID,
SYS,ATTRCOL$,
SYS,ATTRIBUTE$,
SYS,ATTRIBUTE_TRANSFORMATIONS$,
SYS,AUD$,
SYS,AUD_CONTEXT$,
SYS,AUDIT$,
SYS,AUDITABLE_OBJECT_ACTIONS,"Mapping table to map the Audit policy's auditable object action number
to action name"
SYS,AUDITABLE_SYSTEM_ACTIONS,"Mapping table to map the Audit policy's auditable system action number
to action name"
SYS,AUDIT_ACTIONS,Description table for audit trail action type codes.  Maps action type numbers to action type names
SYS,AUDIT_NG$,
SYS,AUDIT_UNIFIED_CONTEXTS,"Describes the application context's attributes, which are configured to be
captured in the audit trail"
SYS,AUDIT_UNIFIED_ENABLED_POLICIES,Describes the Audit policy's enablement to users
SYS,AUDIT_UNIFIED_POLICIES,Describes the Audit policy's definition of all policies created in database
SYS,AUDIT_UNIFIED_POLICY_COMMENTS,
SYS,AUD_OBJECT_OPT$,
SYS,AUD_POLICY$,
SYS,AUDTAB$TBS$FOR_EXPORT,
SYS,AUDTAB$TBS$FOR_EXPORT_TBL,
SYS,_auto_index_ind_objects,
SYS,_auto_index_log,
SYS,_auto_index_sql_objects,
SYS,AUX_STATS$,
SYS,AV_DUAL,
SYS,AVTUNE_AV_CACHES$,
SYS,AVTUNE_AV_TUNING$,
SYS,AVTUNE_DIM_CACHES$,
SYS,AVTUNE_QUERY_LOG_ARCHIVE$,
SYS,AW$,
SYS,AW$AWCREATE,
SYS,AW$AWCREATE10G,
SYS,AW$AWMD,
SYS,AW$AWREPORT,
SYS,AW$AWXML,
SYS,AW$EXPRESS,
SYS,AW_OBJ$,
SYS,AW_PRG$,
SYS,AW_PROP$,
SYS,AWR_CDB_ACTIVE_SESS_HISTORY,Active Session Historical Statistics Information
SYS,AWR_CDB_APPLY_SUMMARY,Streams/Goldengate/XStream Apply Historical Statistics Information
SYS,AWR_CDB_ASH_SNAPSHOT,
SYS,AWR_CDB_ASM_BAD_DISK,Non-Online ASM Disks
SYS,AWR_CDB_ASM_DISKGROUP,ASM Diskgroups connected to this Database
SYS,AWR_CDB_ASM_DISKGROUP_STAT,Statistics for ASM Diskgroup connected to this Database
SYS,AWR_CDB_ASM_DISK_STAT_SUMMARY,Statistics for ASM Disk summary statistics
SYS,AWR_CDB_BASELINE,Baseline Metadata Information
SYS,AWR_CDB_BASELINE_DETAILS,Baseline Stats on per Instance Level
SYS,AWR_CDB_BASELINE_METADATA,Baseline Metadata Information
SYS,AWR_CDB_BASELINE_TEMPLATE,Baseline Template Information
SYS,AWR_CDB_BG_EVENT_SUMMARY,Summary of Background Event Historical Statistics Information
SYS,AWR_CDB_BUFFERED_QUEUES,STREAMS Buffered Queues Historical Statistics Information
SYS,AWR_CDB_BUFFERED_SUBSCRIBERS,STREAMS Buffered Queue Subscribers Historical Statistics Information
SYS,AWR_CDB_BUFFER_POOL_STAT,Buffer Pool Historical Statistics Information
SYS,AWR_CDB_CAPTURE,Streams/GoldenGate/XStream Capture Historical Statistics Information
SYS,AWR_CDB_CELL_CONFIG,Exadata configuration information
SYS,AWR_CDB_CELL_CONFIG_DETAIL,Exadata configuration information per snapshot
SYS,AWR_CDB_CELL_DB,Cell Database IO Statistics Information
SYS,AWR_CDB_CELL_DISK_NAME,Exadata Cell disk names
SYS,AWR_CDB_CELL_DISK_SUMMARY,Cell Disk Summary Statistics
SYS,AWR_CDB_CELL_DISKTYPE,Exadata Cell disk types
SYS,AWR_CDB_CELL_GLOBAL,Cell Global Statistics Information
SYS,AWR_CDB_CELL_GLOBAL_SUMMARY,Cell Global Summary Statistics
SYS,AWR_CDB_CELL_IOREASON,Cell IO Reason Statistics Information
SYS,AWR_CDB_CELL_IOREASON_NAME,Cell IO Reason Names
SYS,AWR_CDB_CELL_METRIC_DESC,Cell Metric Names
SYS,AWR_CDB_CELL_NAME,Exadata Cell names
SYS,AWR_CDB_CELL_OPEN_ALERTS,Cell Open Alerts Information
SYS,AWR_CDB_CHANNEL_WAITS,Channel Waits Information
SYS,AWR_CDB_CLUSTER_INTERCON,Cluster Interconnect Historical Stats
SYS,AWR_CDB_COLORED_SQL,Marked SQLs for snapshots
SYS,AWR_CDB_COMP_IOSTAT,I/O stats aggregated on component level
SYS,AWR_CDB_CON_SYSMETRIC_HIST,PDB System Metrics History
SYS,AWR_CDB_CON_SYSMETRIC_SUMM,PDB System Metrics Summary
SYS,AWR_CDB_CON_SYSSTAT,System Historical Statistics Information Per PDB
SYS,AWR_CDB_CON_SYSTEM_EVENT,System Event Historical Statistics Information
SYS,AWR_CDB_CON_SYS_TIME_MODEL,PDB System Time Model Historical Statistics Information
SYS,AWR_CDB_CR_BLOCK_SERVER,Consistent Read Block Server Historical Statistics
SYS,AWR_CDB_CURRENT_BLOCK_SERVER,Current Block Server Historical Statistics
SYS,AWR_CDB_DATABASE_INSTANCE,Database Instance Information
SYS,AWR_CDB_DATAFILE,Names of Datafiles
SYS,AWR_CDB_DB_CACHE_ADVICE,DB Cache Advice History Information
SYS,AWR_CDB_DISPATCHER,Dispatcher statistics
SYS,AWR_CDB_DLM_MISC,Distributed Lock Manager Miscellaneous Historical Statistics Information
SYS,AWR_CDB_DYN_REMASTER_STATS,Dynamic remastering statistics
SYS,AWR_CDB_ENQUEUE_STAT,Enqueue Historical Statistics Information
SYS,AWR_CDB_EVENT_HISTOGRAM,Event Histogram Historical Statistics Information
SYS,AWR_CDB_EVENT_NAME,Event Names
SYS,AWR_CDB_FILEMETRIC_HISTORY,File Metrics History
SYS,AWR_CDB_FILESTATXS,Datafile Historical Statistics Information
SYS,AWR_CDB_IC_CLIENT_STATS,Historical interconnect client statistics
SYS,AWR_CDB_IC_DEVICE_STATS,Historical interconnect device statistics
SYS,AWR_CDB_IM_SEG_STAT,Historical IM Segment Statistics Information
SYS,AWR_CDB_IM_SEG_STAT_OBJ,IM Segment Names
SYS,AWR_CDB_INSTANCE_RECOVERY,Instance Recovery Historical Statistics Information
SYS,AWR_CDB_INST_CACHE_TRANSFER,Instance Cache Transfer Historical Statistics
SYS,AWR_CDB_INTERCONNECT_PINGS,Instance to instance ping stats
SYS,AWR_CDB_IOSTAT_DETAIL,Historical I/O statistics by function and filetype
SYS,AWR_CDB_IOSTAT_FILETYPE,Historical I/O statistics by file type
SYS,AWR_CDB_IOSTAT_FILETYPE_NAME,File type names for historical I/O statistics
SYS,AWR_CDB_IOSTAT_FUNCTION,Historical I/O statistics by function
SYS,AWR_CDB_IOSTAT_FUNCTION_NAME,Function names for historical I/O statistics
SYS,AWR_CDB_JAVA_POOL_ADVICE,Java Pool Advice History
SYS,AWR_CDB_LATCH,Latch Historical Statistics Information
SYS,AWR_CDB_LATCH_CHILDREN,Latch Children Historical Statistics Information
SYS,AWR_CDB_LATCH_MISSES_SUMMARY,Latch Misses Summary Historical Statistics Information
SYS,AWR_CDB_LATCH_NAME,Latch Names
SYS,AWR_CDB_LATCH_PARENT,Latch Parent Historical Historical Statistics Information
SYS,AWR_CDB_LIBRARYCACHE,Library Cache Historical Statistics Information
SYS,AWR_CDB_LMS_STATS,LMS statistics
SYS,AWR_CDB_LOG,Log Historical Statistics Information
SYS,AWR_CDB_MEM_DYNAMIC_COMP,Historical memory component sizes
SYS,AWR_CDB_MEMORY_RESIZE_OPS,Memory Resize Operations History
SYS,AWR_CDB_MEMORY_TARGET_ADVICE,Memory Target Advice History
SYS,AWR_CDB_METRIC_NAME,Segment Names
SYS,AWR_CDB_MTTR_TARGET_ADVICE,Mean-Time-To-Recover Target Advice History
SYS,AWR_CDB_MUTEX_SLEEP,Mutex Sleep Summary Historical Statistics Information
SYS,AWR_CDB_MVPARAMETER,Multi-valued Parameter Historical Statistics Information
SYS,AWR_CDB_OPTIMIZER_ENV,Optimizer Environment Information
SYS,AWR_CDB_OSSTAT,Operating System Historical Statistics Information
SYS,AWR_CDB_OSSTAT_NAME,Operating System Statistic Names
SYS,AWR_CDB_PARAMETER,Parameter Historical Statistics Information
SYS,AWR_CDB_PARAMETER_NAME,Parameter Names
SYS,AWR_CDB_PDB_IN_SNAP,Pluggable Databases in a snapshot
SYS,AWR_CDB_PDB_INSTANCE,Pluggable Database Instance Information
SYS,AWR_CDB_PERSISTENT_QMN_CACHE,STREAMS AQ Persistent QMN Cache Historical Statistics Information
SYS,AWR_CDB_PERSISTENT_QUEUES,STREAMS AQ Persistent Queues Historical Statistics Information
SYS,AWR_CDB_PERSISTENT_SUBS,STREAMS AQ Persistent Queue Subscribers Historical Statistics Information
SYS,AWR_CDB_PGASTAT,PGA Historical Statistics Information
SYS,AWR_CDB_PGA_TARGET_ADVICE,PGA Target Advice History
SYS,AWR_CDB_PLAN_OPERATION_NAME,Optimizer Explain Plan Operation Names
SYS,AWR_CDB_PLAN_OPTION_NAME,Optimizer Explain Plan Option Names
SYS,AWR_CDB_PROCESS_MEM_SUMMARY,Process Memory Historical Summary Information
SYS,AWR_CDB_PROCESS_WAITTIME,cpu and wait time by process types
SYS,AWR_CDB_RECOVERY_PROGRESS,Recovery Progress
SYS,AWR_CDB_REPLICATION_TBL_STATS,Replication Table Stats For GoldenGate/XStream Sessions
SYS,AWR_CDB_REPLICATION_TXN_STATS,Replication Transaction Stats For GoldenGate/XStream Sessions
SYS,AWR_CDB_RESOURCE_LIMIT,Resource Limit Historical Statistics Information
SYS,AWR_CDB_ROWCACHE_SUMMARY,Row Cache Historical Statistics Information Summary
SYS,AWR_CDB_RSRC_CONSUMER_GROUP,Historical resource consumer group statistics
SYS,AWR_CDB_RSRC_METRIC,Historical resource manager metrics
SYS,AWR_CDB_RSRC_PDB_METRIC,Historical resource manager metrics by PDB
SYS,AWR_CDB_RSRC_PLAN,Historical resource plan statistics
SYS,AWR_CDB_RULE_SET,Rule sets historical statistics information
SYS,AWR_CDB_SEG_STAT,Historical Statistics Information
SYS,AWR_CDB_SEG_STAT_OBJ,Segment Names
SYS,AWR_CDB_SERVICE_NAME,Service Names
SYS,AWR_CDB_SERVICE_STAT,Historical Service Statistics
SYS,AWR_CDB_SERVICE_WAIT_CLASS,Historical Service Wait Class Statistics
SYS,AWR_CDB_SESSMETRIC_HISTORY,System Metrics History
SYS,AWR_CDB_SESS_NETWORK,Statistics for Session Network
SYS,AWR_CDB_SESS_SGA_STATS,SGA Usage Stats For High Utilization GoldenGate/XStream Sessions
SYS,AWR_CDB_SESS_TIME_STATS,CPU And I/O Time For High Utilization Streams/GoldenGate/XStream sessions
SYS,AWR_CDB_SGA,SGA Historical Statistics Information
SYS,AWR_CDB_SGASTAT,SGA Pool Historical Statistics Information
SYS,AWR_CDB_SGA_TARGET_ADVICE,SGA Target Advice History
SYS,AWR_CDB_SHARED_POOL_ADVICE,Shared Pool Advice History
SYS,AWR_CDB_SHARED_SERVER_SUMMARY,Shared Server summary statistics
SYS,AWR_CDB_SNAP_ERROR,Snapshot Error Information
SYS,AWR_CDB_SNAPSHOT,Snapshot Information
SYS,AWR_CDB_SQLBIND,SQL Bind Information
SYS,AWR_CDB_SQL_BIND_METADATA,SQL Bind Metadata Information
SYS,AWR_CDB_SQLCOMMAND_NAME,Sql command types
SYS,AWR_CDB_SQL_PLAN,SQL Plan Information
SYS,AWR_CDB_SQLSTAT,SQL Historical Statistics Information
SYS,AWR_CDB_SQL_SUMMARY,Summary of SQL Statistics
SYS,AWR_CDB_SQLTEXT,SQL Text
SYS,AWR_CDB_SQL_WORKAREA_HSTGRM,SQL Workarea Histogram History
SYS,AWR_CDB_STAT_NAME,Statistic Names
SYS,AWR_CDB_STREAMS_APPLY_SUM,STREAMS Apply Historical Statistics Information
SYS,AWR_CDB_STREAMS_CAPTURE,STREAMS Capture Historical Statistics Information
SYS,AWR_CDB_STREAMS_POOL_ADVICE,Streams Pool Advice History
SYS,AWR_CDB_SYSMETRIC_HISTORY,System Metrics History
SYS,AWR_CDB_SYSMETRIC_SUMMARY,System Metrics History
SYS,AWR_CDB_SYSSTAT,System Historical Statistics Information
SYS,AWR_CDB_SYSSTAT_ID,System Historical Statistics Information
SYS,AWR_CDB_SYSTEM_EVENT,System Event Historical Statistics Information
SYS,AWR_CDB_SYS_TIME_MODEL,System Time Model Historical Statistics Information
SYS,AWR_CDB_TABLE_SETTINGS,Workload Repository Table Settings
SYS,AWR_CDB_TABLESPACE,Tablespace Static Information
SYS,AWR_CDB_TABLESPACE_STAT,Tablespace Historical Statistics Information
SYS,AWR_CDB_TBSPC_SPACE_USAGE,Tablespace Usage Historical Statistics Information
SYS,AWR_CDB_TEMPFILE,Names of Temporary Datafiles
SYS,AWR_CDB_TEMPSTATXS,Temporary Datafile Historical Statistics Information
SYS,AWR_CDB_THREAD,Thread Historical Statistics Information
SYS,AWR_CDB_TOPLEVELCALL_NAME,Oracle top level call type
SYS,AWR_CDB_UNDOSTAT,Undo Historical Statistics Information
SYS,AWR_CDB_WAITCLASSMET_HISTORY,Wait Class Metric History
SYS,AWR_CDB_WAITSTAT,Wait Historical Statistics Information
SYS,AWR_CDB_WR_CONTROL,Workload Repository Control Information
SYS,AWR_CDB_WR_SETTINGS,Workload Repository Settings
SYS,AWRHUB_CONFIG,Metadata for AWRHub Configuration
SYS,AWRHUB_DOWNLOAD_MAILPKG,Download Mailpackage from AWRHub Mailbox
SYS,AWRHUB_REGISTRATION,Metadata for AWRHub Registration
SYS,AWRHUB_UPLOAD_MAILPKG,Upload Mailpackage to AWRHub Mailbox
SYS,AWRI$_CDB_TS$,in all containers
SYS,AWR_PDB_ACTIVE_SESS_HISTORY,Active Session Historical Statistics Information
SYS,AWR_PDB_APPLY_SUMMARY,Streams/Goldengate/XStream Apply Historical Statistics Information
SYS,AWR_PDB_ASH_SNAPSHOT,
SYS,AWR_PDB_ASM_BAD_DISK,Non-Online ASM Disks
SYS,AWR_PDB_ASM_DISKGROUP,ASM Diskgroups connected to this Database
SYS,AWR_PDB_ASM_DISKGROUP_STAT,Statistics for ASM Diskgroup connected to this Database
SYS,AWR_PDB_ASM_DISK_STAT_SUMMARY,Statistics for ASM Disk summary statistics
SYS,AWR_PDB_BASELINE,Baseline Metadata Information
SYS,AWR_PDB_BASELINE_DETAILS,Baseline Stats on per Instance Level
SYS,AWR_PDB_BASELINE_METADATA,Baseline Metadata Information
SYS,AWR_PDB_BASELINE_TEMPLATE,Baseline Template Information
SYS,AWR_PDB_BG_EVENT_SUMMARY,Summary of Background Event Historical Statistics Information
SYS,AWR_PDB_BUFFERED_QUEUES,STREAMS Buffered Queues Historical Statistics Information
SYS,AWR_PDB_BUFFERED_SUBSCRIBERS,STREAMS Buffered Queue Subscribers Historical Statistics Information
SYS,AWR_PDB_BUFFER_POOL_STAT,Buffer Pool Historical Statistics Information
SYS,AWR_PDB_CAPTURE,Streams/GoldenGate/XStream Capture Historical Statistics Information
SYS,AWR_PDB_CELL_CONFIG,Exadata configuration information
SYS,AWR_PDB_CELL_CONFIG_DETAIL,Exadata configuration information per snapshot
SYS,AWR_PDB_CELL_DB,Cell Database IO Statistics Information
SYS,AWR_PDB_CELL_DISK_NAME,Exadata Cell disk names
SYS,AWR_PDB_CELL_DISK_SUMMARY,Cell Disk Summary Statistics
SYS,AWR_PDB_CELL_DISKTYPE,Exadata Cell disk types
SYS,AWR_PDB_CELL_GLOBAL,Cell Global Statistics Information
SYS,AWR_PDB_CELL_GLOBAL_SUMMARY,Cell Global Summary Statistics
SYS,AWR_PDB_CELL_IOREASON,Cell IO Reason Statistics Information
SYS,AWR_PDB_CELL_IOREASON_NAME,Cell IO Reason Names
SYS,AWR_PDB_CELL_METRIC_DESC,Cell Metric Names
SYS,AWR_PDB_CELL_NAME,Exadata Cell names
SYS,AWR_PDB_CELL_OPEN_ALERTS,Cell Open Alerts Information
SYS,AWR_PDB_CHANNEL_WAITS,Channel Waits Information
SYS,AWR_PDB_CLUSTER_INTERCON,Cluster Interconnect Historical Stats
SYS,AWR_PDB_COLORED_SQL,Marked SQLs for snapshots
SYS,AWR_PDB_COMP_IOSTAT,I/O stats aggregated on component level
SYS,AWR_PDB_CON_SYSMETRIC_HIST,PDB System Metrics History
SYS,AWR_PDB_CON_SYSMETRIC_SUMM,PDB System Metrics Summary
SYS,AWR_PDB_CON_SYSSTAT,System Historical Statistics Information Per PDB
SYS,AWR_PDB_CON_SYSTEM_EVENT,System Event Historical Statistics Information
SYS,AWR_PDB_CON_SYS_TIME_MODEL,PDB System Time Model Historical Statistics Information
SYS,AWR_PDB_CR_BLOCK_SERVER,Consistent Read Block Server Historical Statistics
SYS,AWR_PDB_CURRENT_BLOCK_SERVER,Current Block Server Historical Statistics
SYS,AWR_PDB_DATABASE_INSTANCE,Database Instance Information
SYS,AWR_PDB_DATAFILE,Names of Datafiles
SYS,AWR_PDB_DB_CACHE_ADVICE,DB Cache Advice History Information
SYS,AWR_PDB_DISPATCHER,Dispatcher statistics
SYS,AWR_PDB_DLM_MISC,Distributed Lock Manager Miscellaneous Historical Statistics Information
SYS,AWR_PDB_DYN_REMASTER_STATS,Dynamic remastering statistics
SYS,AWR_PDB_ENQUEUE_STAT,Enqueue Historical Statistics Information
SYS,AWR_PDB_EVENT_HISTOGRAM,Event Histogram Historical Statistics Information
SYS,AWR_PDB_EVENT_NAME,Event Names
SYS,AWR_PDB_FILEMETRIC_HISTORY,File Metrics History
SYS,AWR_PDB_FILESTATXS,Datafile Historical Statistics Information
SYS,AWR_PDB_IC_CLIENT_STATS,Historical interconnect client statistics
SYS,AWR_PDB_IC_DEVICE_STATS,Historical interconnect device statistics
SYS,AWR_PDB_IM_SEG_STAT,Historical IM Segment Statistics Information
SYS,AWR_PDB_IM_SEG_STAT_OBJ,IM Segment Names
SYS,AWR_PDB_INSTANCE_RECOVERY,Instance Recovery Historical Statistics Information
SYS,AWR_PDB_INST_CACHE_TRANSFER,Instance Cache Transfer Historical Statistics
SYS,AWR_PDB_INTERCONNECT_PINGS,Instance to instance ping stats
SYS,AWR_PDB_IOSTAT_DETAIL,Historical I/O statistics by function and filetype
SYS,AWR_PDB_IOSTAT_FILETYPE,Historical I/O statistics by file type
SYS,AWR_PDB_IOSTAT_FILETYPE_NAME,File type names for historical I/O statistics
SYS,AWR_PDB_IOSTAT_FUNCTION,Historical I/O statistics by function
SYS,AWR_PDB_IOSTAT_FUNCTION_NAME,Function names for historical I/O statistics
SYS,AWR_PDB_JAVA_POOL_ADVICE,Java Pool Advice History
SYS,AWR_PDB_LATCH,Latch Historical Statistics Information
SYS,AWR_PDB_LATCH_CHILDREN,Latch Children Historical Statistics Information
SYS,AWR_PDB_LATCH_MISSES_SUMMARY,Latch Misses Summary Historical Statistics Information
SYS,AWR_PDB_LATCH_NAME,Latch Names
SYS,AWR_PDB_LATCH_PARENT,Latch Parent Historical Historical Statistics Information
SYS,AWR_PDB_LIBRARYCACHE,Library Cache Historical Statistics Information
SYS,AWR_PDB_LMS_STATS,LMS statistics
SYS,AWR_PDB_LOG,Log Historical Statistics Information
SYS,AWR_PDB_MEM_DYNAMIC_COMP,Historical memory component sizes
SYS,AWR_PDB_MEMORY_RESIZE_OPS,Memory Resize Operations History
SYS,AWR_PDB_MEMORY_TARGET_ADVICE,Memory Target Advice History
SYS,AWR_PDB_METRIC_NAME,Segment Names
SYS,AWR_PDB_MTTR_TARGET_ADVICE,Mean-Time-To-Recover Target Advice History
SYS,AWR_PDB_MUTEX_SLEEP,Mutex Sleep Summary Historical Statistics Information
SYS,AWR_PDB_MVPARAMETER,Multi-valued Parameter Historical Statistics Information
SYS,AWR_PDB_OPTIMIZER_ENV,Optimizer Environment Information
SYS,AWR_PDB_OSSTAT,Operating System Historical Statistics Information
SYS,AWR_PDB_OSSTAT_NAME,Operating System Statistic Names
SYS,AWR_PDB_PARAMETER,Parameter Historical Statistics Information
SYS,AWR_PDB_PARAMETER_NAME,Parameter Names
SYS,AWR_PDB_PDB_IN_SNAP,Pluggable Databases in a snapshot
SYS,AWR_PDB_PDB_INSTANCE,Pluggable Database Instance Information
SYS,AWR_PDB_PERSISTENT_QMN_CACHE,STREAMS AQ Persistent QMN Cache Historical Statistics Information
SYS,AWR_PDB_PERSISTENT_QUEUES,STREAMS AQ Persistent Queues Historical Statistics Information
SYS,AWR_PDB_PERSISTENT_SUBS,STREAMS AQ Persistent Queue Subscribers Historical Statistics Information
SYS,AWR_PDB_PGASTAT,PGA Historical Statistics Information
SYS,AWR_PDB_PGA_TARGET_ADVICE,PGA Target Advice History
SYS,AWR_PDB_PLAN_OPERATION_NAME,Optimizer Explain Plan Operation Names
SYS,AWR_PDB_PLAN_OPTION_NAME,Optimizer Explain Plan Option Names
SYS,AWR_PDB_PROCESS_MEM_SUMMARY,Process Memory Historical Summary Information
SYS,AWR_PDB_PROCESS_WAITTIME,cpu and wait time by process types
SYS,AWR_PDB_RECOVERY_PROGRESS,Recovery Progress
SYS,AWR_PDB_REPLICATION_TBL_STATS,Replication Table Stats For GoldenGate/XStream Sessions
SYS,AWR_PDB_REPLICATION_TXN_STATS,Replication Transaction Stats For GoldenGate/XStream Sessions
SYS,AWR_PDB_RESOURCE_LIMIT,Resource Limit Historical Statistics Information
SYS,AWR_PDB_ROWCACHE_SUMMARY,Row Cache Historical Statistics Information Summary
SYS,AWR_PDB_RSRC_CONSUMER_GROUP,Historical resource consumer group statistics
SYS,AWR_PDB_RSRC_METRIC,Historical resource manager metrics
SYS,AWR_PDB_RSRC_PDB_METRIC,Historical resource manager metrics by PDB
SYS,AWR_PDB_RSRC_PLAN,Historical resource plan statistics
SYS,AWR_PDB_RULE_SET,Rule sets historical statistics information
SYS,AWR_PDB_SEG_STAT,Historical Statistics Information
SYS,AWR_PDB_SEG_STAT_OBJ,Segment Names
SYS,AWR_PDB_SERVICE_NAME,Service Names
SYS,AWR_PDB_SERVICE_STAT,Historical Service Statistics
SYS,AWR_PDB_SERVICE_WAIT_CLASS,Historical Service Wait Class Statistics
SYS,AWR_PDB_SESSMETRIC_HISTORY,System Metrics History
SYS,AWR_PDB_SESS_NETWORK,Statistics for Session Network
SYS,AWR_PDB_SESS_SGA_STATS,SGA Usage Stats For High Utilization GoldenGate/XStream Sessions
SYS,AWR_PDB_SESS_TIME_STATS,CPU And I/O Time For High Utilization Streams/GoldenGate/XStream sessions
SYS,AWR_PDB_SGA,SGA Historical Statistics Information
SYS,AWR_PDB_SGASTAT,SGA Pool Historical Statistics Information
SYS,AWR_PDB_SGA_TARGET_ADVICE,SGA Target Advice History
SYS,AWR_PDB_SHARED_POOL_ADVICE,Shared Pool Advice History
SYS,AWR_PDB_SHARED_SERVER_SUMMARY,Shared Server summary statistics
SYS,AWR_PDB_SNAP_ERROR,Snapshot Error Information
SYS,AWR_PDB_SNAPSHOT,Snapshot Information
SYS,AWR_PDB_SQLBIND,SQL Bind Information
SYS,AWR_PDB_SQL_BIND_METADATA,SQL Bind Metadata Information
SYS,AWR_PDB_SQLCOMMAND_NAME,Sql command types
SYS,AWR_PDB_SQL_PLAN,SQL Plan Information
SYS,AWR_PDB_SQLSTAT,SQL Historical Statistics Information
SYS,AWR_PDB_SQL_SUMMARY,Summary of SQL Statistics
SYS,AWR_PDB_SQLTEXT,SQL Text
SYS,AWR_PDB_SQL_WORKAREA_HSTGRM,SQL Workarea Histogram History
SYS,AWR_PDB_STAT_NAME,Statistic Names
SYS,AWR_PDB_STREAMS_APPLY_SUM,STREAMS Apply Historical Statistics Information
SYS,AWR_PDB_STREAMS_CAPTURE,STREAMS Capture Historical Statistics Information
SYS,AWR_PDB_STREAMS_POOL_ADVICE,Streams Pool Advice History
SYS,AWR_PDB_SYSMETRIC_HISTORY,System Metrics History
SYS,AWR_PDB_SYSMETRIC_SUMMARY,System Metrics History
SYS,AWR_PDB_SYSSTAT,System Historical Statistics Information
SYS,AWR_PDB_SYSTEM_EVENT,System Event Historical Statistics Information
SYS,AWR_PDB_SYS_TIME_MODEL,System Time Model Historical Statistics Information
SYS,AWR_PDB_TABLE_SETTINGS,Workload Repository Table Settings
SYS,AWR_PDB_TABLESPACE,Tablespace Static Information
SYS,AWR_PDB_TABLESPACE_STAT,Tablespace Historical Statistics Information
SYS,AWR_PDB_TBSPC_SPACE_USAGE,Tablespace Usage Historical Statistics Information
SYS,AWR_PDB_TEMPFILE,Names of Temporary Datafiles
SYS,AWR_PDB_TEMPSTATXS,Temporary Datafile Historical Statistics Information
SYS,AWR_PDB_THREAD,Thread Historical Statistics Information
SYS,AWR_PDB_TOPLEVELCALL_NAME,Oracle top level call type
SYS,AWR_PDB_UNDOSTAT,Undo Historical Statistics Information
SYS,AWR_PDB_WAITCLASSMET_HISTORY,Wait Class Metric History
SYS,AWR_PDB_WAITSTAT,Wait Historical Statistics Information
SYS,AWR_PDB_WR_CONTROL,Workload Repository Control Information
SYS,AWR_PDB_WR_SETTINGS,Workload Repository Settings
SYS,AWR_ROOT_ACTIVE_SESS_HISTORY,Active Session Historical Statistics Information
SYS,AWR_ROOT_APPLY_SUMMARY,Streams/Goldengate/XStream Apply Historical Statistics Information
SYS,AWR_ROOT_ASH_SNAPSHOT,
SYS,AWR_ROOT_ASM_BAD_DISK,Non-Online ASM Disks
SYS,AWR_ROOT_ASM_DISKGROUP,ASM Diskgroups connected to this Database
SYS,AWR_ROOT_ASM_DISKGROUP_STAT,Statistics for ASM Diskgroup connected to this Database
SYS,AWR_ROOT_ASM_DISK_STAT_SUMMARY,Statistics for ASM Disk summary statistics
SYS,AWR_ROOT_BASELINE,Baseline Metadata Information
SYS,AWR_ROOT_BASELINE_DETAILS,Baseline Stats on per Instance Level
SYS,AWR_ROOT_BASELINE_METADATA,Baseline Metadata Information
SYS,AWR_ROOT_BASELINE_TEMPLATE,Baseline Template Information
SYS,AWR_ROOT_BG_EVENT_SUMMARY,Summary of Background Event Historical Statistics Information
SYS,AWR_ROOT_BUFFERED_QUEUES,STREAMS Buffered Queues Historical Statistics Information
SYS,AWR_ROOT_BUFFERED_SUBSCRIBERS,STREAMS Buffered Queue Subscribers Historical Statistics Information
SYS,AWR_ROOT_BUFFER_POOL_STAT,Buffer Pool Historical Statistics Information
SYS,AWR_ROOT_CAPTURE,Streams/GoldenGate/XStream Capture Historical Statistics Information
SYS,AWR_ROOT_CELL_CONFIG,Exadata configuration information
SYS,AWR_ROOT_CELL_CONFIG_DETAIL,Exadata configuration information per snapshot
SYS,AWR_ROOT_CELL_DB,Cell Database IO Statistics Information
SYS,AWR_ROOT_CELL_DISK_NAME,Exadata Cell disk names
SYS,AWR_ROOT_CELL_DISK_SUMMARY,Cell Disk Summary Statistics
SYS,AWR_ROOT_CELL_DISKTYPE,Exadata Cell disk types
SYS,AWR_ROOT_CELL_GLOBAL,Cell Global Statistics Information
SYS,AWR_ROOT_CELL_GLOBAL_SUMMARY,Cell Global Summary Statistics
SYS,AWR_ROOT_CELL_IOREASON,Cell IO Reason Statistics Information
SYS,AWR_ROOT_CELL_IOREASON_NAME,Cell IO Reason Names
SYS,AWR_ROOT_CELL_METRIC_DESC,Cell Metric Names
SYS,AWR_ROOT_CELL_NAME,Exadata Cell names
SYS,AWR_ROOT_CELL_OPEN_ALERTS,Cell Open Alerts Information
SYS,AWR_ROOT_CHANNEL_WAITS,Channel Waits Information
SYS,AWR_ROOT_CLUSTER_INTERCON,Cluster Interconnect Historical Stats
SYS,AWR_ROOT_COLORED_SQL,Marked SQLs for snapshots
SYS,AWR_ROOT_COMP_IOSTAT,I/O stats aggregated on component level
SYS,AWR_ROOT_CON_SYSMETRIC_HIST,PDB System Metrics History
SYS,AWR_ROOT_CON_SYSMETRIC_SUMM,PDB System Metrics Summary
SYS,AWR_ROOT_CON_SYSSTAT,System Historical Statistics Information Per PDB
SYS,AWR_ROOT_CON_SYSTEM_EVENT,System Event Historical Statistics Information
SYS,AWR_ROOT_CON_SYS_TIME_MODEL,PDB System Time Model Historical Statistics Information
SYS,AWR_ROOT_CR_BLOCK_SERVER,Consistent Read Block Server Historical Statistics
SYS,AWR_ROOT_CURRENT_BLOCK_SERVER,Current Block Server Historical Statistics
SYS,AWR_ROOT_DATABASE_INSTANCE,Database Instance Information
SYS,AWR_ROOT_DATAFILE,Names of Datafiles
SYS,AWR_ROOT_DB_CACHE_ADVICE,DB Cache Advice History Information
SYS,AWR_ROOT_DISPATCHER,Dispatcher statistics
SYS,AWR_ROOT_DLM_MISC,Distributed Lock Manager Miscellaneous Historical Statistics Information
SYS,AWR_ROOT_DYN_REMASTER_STATS,Dynamic remastering statistics
SYS,AWR_ROOT_ENQUEUE_STAT,Enqueue Historical Statistics Information
SYS,AWR_ROOT_EVENT_HISTOGRAM,Event Histogram Historical Statistics Information
SYS,AWR_ROOT_EVENT_NAME,Event Names
SYS,AWR_ROOT_FILEMETRIC_HISTORY,File Metrics History
SYS,AWR_ROOT_FILESTATXS,Datafile Historical Statistics Information
SYS,AWR_ROOT_IC_CLIENT_STATS,Historical interconnect client statistics
SYS,AWR_ROOT_IC_DEVICE_STATS,Historical interconnect device statistics
SYS,AWR_ROOT_IM_SEG_STAT,Historical IM Segment Statistics Information
SYS,AWR_ROOT_IM_SEG_STAT_OBJ,IM Segment Names
SYS,AWR_ROOT_INSTANCE_RECOVERY,Instance Recovery Historical Statistics Information
SYS,AWR_ROOT_INST_CACHE_TRANSFER,Instance Cache Transfer Historical Statistics
SYS,AWR_ROOT_INTERCONNECT_PINGS,Instance to instance ping stats
SYS,AWR_ROOT_IOSTAT_DETAIL,Historical I/O statistics by function and filetype
SYS,AWR_ROOT_IOSTAT_FILETYPE,Historical I/O statistics by file type
SYS,AWR_ROOT_IOSTAT_FILETYPE_NAME,File type names for historical I/O statistics
SYS,AWR_ROOT_IOSTAT_FUNCTION,Historical I/O statistics by function
SYS,AWR_ROOT_IOSTAT_FUNCTION_NAME,Function names for historical I/O statistics
SYS,AWR_ROOT_JAVA_POOL_ADVICE,Java Pool Advice History
SYS,AWR_ROOT_LATCH,Latch Historical Statistics Information
SYS,AWR_ROOT_LATCH_CHILDREN,Latch Children Historical Statistics Information
SYS,AWR_ROOT_LATCH_MISSES_SUMMARY,Latch Misses Summary Historical Statistics Information
SYS,AWR_ROOT_LATCH_NAME,Latch Names
SYS,AWR_ROOT_LATCH_PARENT,Latch Parent Historical Historical Statistics Information
SYS,AWR_ROOT_LIBRARYCACHE,Library Cache Historical Statistics Information
SYS,AWR_ROOT_LMS_STATS,LMS statistics
SYS,AWR_ROOT_LOG,Log Historical Statistics Information
SYS,AWR_ROOT_MEM_DYNAMIC_COMP,Historical memory component sizes
SYS,AWR_ROOT_MEMORY_RESIZE_OPS,Memory Resize Operations History
SYS,AWR_ROOT_MEMORY_TARGET_ADVICE,Memory Target Advice History
SYS,AWR_ROOT_METRIC_NAME,Segment Names
SYS,AWR_ROOT_MTTR_TARGET_ADVICE,Mean-Time-To-Recover Target Advice History
SYS,AWR_ROOT_MUTEX_SLEEP,Mutex Sleep Summary Historical Statistics Information
SYS,AWR_ROOT_MVPARAMETER,Multi-valued Parameter Historical Statistics Information
SYS,AWR_ROOT_OPTIMIZER_ENV,Optimizer Environment Information
SYS,AWR_ROOT_OSSTAT,Operating System Historical Statistics Information
SYS,AWR_ROOT_OSSTAT_NAME,Operating System Statistic Names
SYS,AWR_ROOT_PARAMETER,Parameter Historical Statistics Information
SYS,AWR_ROOT_PARAMETER_NAME,Parameter Names
SYS,AWR_ROOT_PDB_IN_SNAP,Pluggable Databases in a snapshot
SYS,AWR_ROOT_PDB_INSTANCE,Pluggable Database Instance Information
SYS,AWR_ROOT_PERSISTENT_QMN_CACHE,STREAMS AQ Persistent QMN Cache Historical Statistics Information
SYS,AWR_ROOT_PERSISTENT_QUEUES,STREAMS AQ Persistent Queues Historical Statistics Information
SYS,AWR_ROOT_PERSISTENT_SUBS,STREAMS AQ Persistent Queue Subscribers Historical Statistics Information
SYS,AWR_ROOT_PGASTAT,PGA Historical Statistics Information
SYS,AWR_ROOT_PGA_TARGET_ADVICE,PGA Target Advice History
SYS,AWR_ROOT_PLAN_OPERATION_NAME,Optimizer Explain Plan Operation Names
SYS,AWR_ROOT_PLAN_OPTION_NAME,Optimizer Explain Plan Option Names
SYS,AWR_ROOT_PROCESS_MEM_SUMMARY,Process Memory Historical Summary Information
SYS,AWR_ROOT_PROCESS_WAITTIME,cpu and wait time by process types
SYS,AWR_ROOT_RECOVERY_PROGRESS,Recovery Progress
SYS,AWR_ROOT_REPLICATION_TBL_STATS,Replication Table Stats For GoldenGate/XStream Sessions
SYS,AWR_ROOT_REPLICATION_TXN_STATS,Replication Transaction Stats For GoldenGate/XStream Sessions
SYS,AWR_ROOT_RESOURCE_LIMIT,Resource Limit Historical Statistics Information
SYS,AWR_ROOT_ROWCACHE_SUMMARY,Row Cache Historical Statistics Information Summary
SYS,AWR_ROOT_RSRC_CONSUMER_GROUP,Historical resource consumer group statistics
SYS,AWR_ROOT_RSRC_METRIC,Historical resource manager metrics
SYS,AWR_ROOT_RSRC_PDB_METRIC,Historical resource manager metrics by PDB
SYS,AWR_ROOT_RSRC_PLAN,Historical resource plan statistics
SYS,AWR_ROOT_RULE_SET,Rule sets historical statistics information
SYS,AWR_ROOT_SEG_STAT,Historical Statistics Information
SYS,AWR_ROOT_SEG_STAT_OBJ,Segment Names
SYS,AWR_ROOT_SERVICE_NAME,Service Names
SYS,AWR_ROOT_SERVICE_STAT,Historical Service Statistics
SYS,AWR_ROOT_SERVICE_WAIT_CLASS,Historical Service Wait Class Statistics
SYS,AWR_ROOT_SESSMETRIC_HISTORY,System Metrics History
SYS,AWR_ROOT_SESS_NETWORK,Statistics for Session Network
SYS,AWR_ROOT_SESS_SGA_STATS,SGA Usage Stats For High Utilization GoldenGate/XStream Sessions
SYS,AWR_ROOT_SESS_TIME_STATS,CPU And I/O Time For High Utilization Streams/GoldenGate/XStream sessions
SYS,AWR_ROOT_SGA,SGA Historical Statistics Information
SYS,AWR_ROOT_SGASTAT,SGA Pool Historical Statistics Information
SYS,AWR_ROOT_SGA_TARGET_ADVICE,SGA Target Advice History
SYS,AWR_ROOT_SHARED_POOL_ADVICE,Shared Pool Advice History
SYS,AWR_ROOT_SHARED_SERVER_SUMMARY,Shared Server summary statistics
SYS,AWR_ROOT_SNAP_ERROR,Snapshot Error Information
SYS,AWR_ROOT_SNAPSHOT,Snapshot Information
SYS,AWR_ROOT_SQLBIND,SQL Bind Information
SYS,AWR_ROOT_SQL_BIND_METADATA,SQL Bind Metadata Information
SYS,AWR_ROOT_SQLCOMMAND_NAME,Sql command types
SYS,AWR_ROOT_SQL_PLAN,SQL Plan Information
SYS,AWR_ROOT_SQLSTAT,SQL Historical Statistics Information
SYS,AWR_ROOT_SQL_SUMMARY,Summary of SQL Statistics
SYS,AWR_ROOT_SQLTEXT,SQL Text
SYS,AWR_ROOT_SQL_WORKAREA_HSTGRM,SQL Workarea Histogram History
SYS,AWR_ROOT_STAT_NAME,Statistic Names
SYS,AWR_ROOT_STREAMS_APPLY_SUM,STREAMS Apply Historical Statistics Information
SYS,AWR_ROOT_STREAMS_CAPTURE,STREAMS Capture Historical Statistics Information
SYS,AWR_ROOT_STREAMS_POOL_ADVICE,Streams Pool Advice History
SYS,AWR_ROOT_SYSMETRIC_HISTORY,System Metrics History
SYS,AWR_ROOT_SYSMETRIC_SUMMARY,System Metrics History
SYS,AWR_ROOT_SYSSTAT,System Historical Statistics Information
SYS,AWR_ROOT_SYSSTAT_ID,System Historical Statistics Information
SYS,AWR_ROOT_SYSTEM_EVENT,System Event Historical Statistics Information
SYS,AWR_ROOT_SYS_TIME_MODEL,System Time Model Historical Statistics Information
SYS,AWR_ROOT_TABLE_SETTINGS,Workload Repository Table Settings
SYS,AWR_ROOT_TABLESPACE,Tablespace Static Information
SYS,AWR_ROOT_TABLESPACE_STAT,Tablespace Historical Statistics Information
SYS,AWR_ROOT_TBSPC_SPACE_USAGE,Tablespace Usage Historical Statistics Information
SYS,AWR_ROOT_TEMPFILE,Names of Temporary Datafiles
SYS,AWR_ROOT_TEMPSTATXS,Temporary Datafile Historical Statistics Information
SYS,AWR_ROOT_THREAD,Thread Historical Statistics Information
SYS,AWR_ROOT_TOPLEVELCALL_NAME,Oracle top level call type
SYS,AWR_ROOT_UNDOSTAT,Undo Historical Statistics Information
SYS,AWR_ROOT_WAITCLASSMET_HISTORY,Wait Class Metric History
SYS,AWR_ROOT_WAITSTAT,Wait Historical Statistics Information
SYS,AWR_ROOT_WR_CONTROL,Workload Repository Control Information
SYS,AWR_ROOT_WR_SETTINGS,Workload Repository Settings
SYS,AW_TRACK$,
SYS,_BASE_OPT_DIRECTIVE,
SYS,_BASE_OPT_FINDING,
SYS,_BASE_OPT_FINDING_OBJ,
SYS,_BASE_OPT_FINDING_OBJ_COL,
SYS,_BASE_USER,
SYS,BC$,
SYS,BC_ATTRIBUTE$,
SYS,BC_CHAIN$,
SYS,BC_PEER$,
SYS,BC_TOMBSTONE$,
SYS,BDSQL_USER_MAP,
SYS,BLOCKCHAIN_TABLE$,
SYS,BLOCKCHAIN_TABLE_CHAIN$,
SYS,BLOCKCHAIN_TABLE_DROPPED$,
SYS,BLOCKCHAIN_TABLE_EPOCH$,
SYS,BOOTSTRAP$,
SYS,CACHE_STATS_0$,
SYS,CACHE_STATS_1$,
SYS,CAPTURED_PRIV$,
SYS,CAPTURE_RUN_LOG$,
SYS,CATALOG,
SYS,CATALOG_DDLS,
SYS,CCOL$,
SYS,CDB_ACCHK_EVENTS,in all containers
SYS,CDB_ACCHK_EVENTS_SUMMARY,in all containers
SYS,CDB_ACCHK_STATISTICS,in all containers
SYS,CDB_ACCHK_STATISTICS_SUMMARY,in all containers
SYS,CDB_ACL_NAME_MAP,New names of the access control lists for PL/SQL network utility packages from old XDB names in all containers
SYS,CDB_ACTIVITY_CONFIG,Object Activity Tracking Configuation in all containers
SYS,CDB_ACTIVITY_MVIEW,Object Activity Tracking for Materialized Views in all containers
SYS,CDB_ACTIVITY_SNAPSHOT_META,Object Activity Tracking Metadata for Snapshot Intervals in all containers
SYS,CDB_ACTIVITY_TABLE,Object Activity Tracking for Tables in all containers
SYS,CDB_ADBTASK_CLIENT,adbtask client in all containers
SYS,CDB_ADBTASK_SCHEDULE,adbtask schedule in all containers
SYS,CDB_ADBTASK_SETTINGS,adbtask settings in all containers
SYS,CDB_ADDM_FDG_BREAKDOWN,in all containers
SYS,CDB_ADDM_FINDINGS,in all containers
SYS,CDB_ADDM_INSTANCES,in all containers
SYS,CDB_ADDM_SYSTEM_DIRECTIVES,in all containers
SYS,CDB_ADDM_TASK_DIRECTIVES,in all containers
SYS,CDB_ADDM_TASKS,in all containers
SYS,CDB_ADVISOR_ACTIONS,in all containers
SYS,CDB_ADVISOR_COMMANDS,in all containers
SYS,CDB_ADVISOR_DEFINITIONS,in all containers
SYS,CDB_ADVISOR_DEF_PARAMETERS,in all containers
SYS,CDB_ADVISOR_DIR_DEFINITIONS,in all containers
SYS,CDB_ADVISOR_DIR_INSTANCES,in all containers
SYS,CDB_ADVISOR_DIR_TASK_INST,in all containers
SYS,CDB_ADVISOR_EXEC_PARAMETERS,in all containers
SYS,CDB_ADVISOR_EXECUTIONS,in all containers
SYS,CDB_ADVISOR_EXECUTION_TYPES,in all containers
SYS,CDB_ADVISOR_FDG_BREAKDOWN,in all containers
SYS,CDB_ADVISOR_FINDING_NAMES,in all containers
SYS,CDB_ADVISOR_FINDINGS,in all containers
SYS,CDB_ADVISOR_JOURNAL,in all containers
SYS,CDB_ADVISOR_LOG,in all containers
SYS,CDB_ADVISOR_OBJECTS,in all containers
SYS,CDB_ADVISOR_OBJECT_TYPES,in all containers
SYS,CDB_ADVISOR_PARAMETERS,in all containers
SYS,CDB_ADVISOR_PARAMETERS_PROJ,in all containers
SYS,CDB_ADVISOR_RATIONALE,in all containers
SYS,CDB_ADVISOR_RECOMMENDATIONS,in all containers
SYS,CDB_ADVISOR_SQLA_COLVOL,in all containers
SYS,CDB_ADVISOR_SQLA_REC_SUM,in all containers
SYS,CDB_ADVISOR_SQLA_TABLES,in all containers
SYS,CDB_ADVISOR_SQLA_TABVOL,in all containers
SYS,CDB_ADVISOR_SQLA_WK_MAP,in all containers
SYS,CDB_ADVISOR_SQLA_WK_STMTS,in all containers
SYS,CDB_ADVISOR_SQLA_WK_SUM,in all containers
SYS,CDB_ADVISOR_SQLPLANS,in all containers
SYS,CDB_ADVISOR_SQLSTATS,in all containers
SYS,CDB_ADVISOR_SQLW_COLVOL,in all containers
SYS,CDB_ADVISOR_SQLW_JOURNAL,in all containers
SYS,CDB_ADVISOR_SQLW_PARAMETERS,in all containers
SYS,CDB_ADVISOR_SQLW_STMTS,in all containers
SYS,CDB_ADVISOR_SQLW_SUM,in all containers
SYS,CDB_ADVISOR_SQLW_TABLES,in all containers
SYS,CDB_ADVISOR_SQLW_TABVOL,in all containers
SYS,CDB_ADVISOR_SQLW_TEMPLATES,in all containers
SYS,CDB_ADVISOR_TASKS,in all containers
SYS,CDB_ADVISOR_TEMPLATES,in all containers
SYS,CDB_ADVISOR_USAGE,in all containers
SYS,CDB_ALERT_ARGUMENTS,Message Id and arguments of outstanding alerts in all containers
SYS,CDB_ALERT_HISTORY,History of Alerts in all containers
SYS,CDB_ALERT_HISTORY_DETAIL,Detailed alert history in all containers
SYS,CDB_ALL_TABLES,Description of all object and relational tables in the database in all containers
SYS,CDB_ANALYTIC_VIEW_AGGR_DIMS,Analytic view aggregation function dimensions in the database in all containers
SYS,CDB_ANALYTIC_VIEW_AGGR_FNS,Analytic view aggregation functions in the database in all containers
SYS,CDB_ANALYTIC_VIEW_ATTR_CLASS,Analytic view attribute classifications in the database in all containers
SYS,CDB_ANALYTIC_VIEW_BASE_MEAS,Analytic view base measures in the database in all containers
SYS,CDB_ANALYTIC_VIEW_CALC_MEAS,Analytic view calculated measures in the database in all containers
SYS,CDB_ANALYTIC_VIEW_CLASS,Analytic View Classifications in the database in all containers
SYS,CDB_ANALYTIC_VIEW_COLUMNS,Analytic view columns in the database in all containers
SYS,CDB_ANALYTIC_VIEW_DIM_ATTRS,Analytic view dimension attributes in the database in all containers
SYS,CDB_ANALYTIC_VIEW_DIM_CLASS,Classifications of the analytic view dimensions in the database in all containers
SYS,CDB_ANALYTIC_VIEW_DIMENSIONS,Analytic view dimensions in the database in all containers
SYS,CDB_ANALYTIC_VIEW_FACT_COLS,Analytic view fact columns in the database in all containers
SYS,CDB_ANALYTIC_VIEW_HIER_CLASS,Analytic view hierarchy Classifications in the database in all containers
SYS,CDB_ANALYTIC_VIEW_HIERS,Analytic view hierarchies in the database in all containers
SYS,CDB_ANALYTIC_VIEW_KEYS,Analytic_view keys in the database in all containers
SYS,CDB_ANALYTIC_VIEW_LEVEL_CLASS,Analytic View Level Classifications in the database in all containers
SYS,CDB_ANALYTIC_VIEW_LEVELS,Analytic view Levels in the database in all containers
SYS,CDB_ANALYTIC_VIEW_LVLGRPS,Analytic View Level Groupings for an analytic view in all containers
SYS,CDB_ANALYTIC_VIEW_MEAS_CLASS,Analytic View measure classifications in the database in all containers
SYS,CDB_ANALYTIC_VIEWS,Analytic views in the database in all containers
SYS,CDB_ANALYZE_OBJECTS,in all containers
SYS,CDB_APP_ERRORS,Describes all application error messages in the Application Container in all containers
SYS,CDB_APP_ERRORS_HISTORY,Maintains a history of the errors that happened during Application sync in all containers
SYS,CDB_APPLICATION_ROLES,in all containers
SYS,CDB_APPLICATIONS,Describes all applications in the Application Container in all containers
SYS,CDB_APPLY,Details about the apply process in all containers
SYS,CDB_APPLY_CHANGE_HANDLERS,Details about apply change handler in all containers
SYS,CDB_APPLY_CONFLICT_COLUMNS,Details about conflict resolution in all containers
SYS,CDB_APPLY_DML_CONF_COLUMNS,Details about DML conflict handler column groups in all containers
SYS,CDB_APPLY_DML_CONF_HANDLERS,Details about DML conflict handlers in all containers
SYS,CDB_APPLY_DML_HANDLERS,Details about the dml handler in all containers
SYS,CDB_APPLY_ENQUEUE,Details about the apply enqueue action in all containers
SYS,CDB_APPLY_ERROR,Error transactions in all containers
SYS,CDB_APPLY_ERROR_MESSAGES,Details about individual messages in an error transaction in all containers
SYS,CDB_APPLY_EXECUTE,Details about the apply execute action in all containers
SYS,CDB_APPLY_HANDLE_COLLISIONS,Details about apply collision handlers in all containers
SYS,CDB_APPLY_INSTANTIATED_GLOBAL,Details about database instantiated in all containers
SYS,CDB_APPLY_INSTANTIATED_OBJECTS,Details about objects instantiated in all containers
SYS,CDB_APPLY_INSTANTIATED_SCHEMAS,Details about schemas instantiated in all containers
SYS,CDB_APPLY_KEY_COLUMNS,alternative key columns for a table for STREAMS in all containers
SYS,CDB_APPLY_PARAMETERS,All parameters for apply process in all containers
SYS,CDB_APPLY_PROGRESS,Information about the progress made by apply process in all containers
SYS,CDB_APPLY_REPERROR_HANDLERS,Details about apply reperror handlers in all containers
SYS,CDB_APPLY_SPILL_TXN,Streams apply spilled transactions info in all containers
SYS,CDB_APPLY_TABLE_COLUMNS,Details about the destination table columns in all containers
SYS,CDB_APP_PATCHES,Describes all application patches in the Application Container in all containers
SYS,CDB_APP_PDB_STATUS,Describes all applications in the Application Container in all containers
SYS,CDB_APP_STATEMENTS,Describes all statements from all applications in the Application Container in all containers
SYS,CDB_APP_VERSIONS,Describes all applications in the Application Container in all containers
SYS,CDB_AQ_AGENT_PRIVS,in all containers
SYS,CDB_AQ_AGENTS,in all containers
SYS,CDB_ARGUMENTS,All arguments for objects in the database in all containers
SYS,CDB_ASSEMBLIES,Description of all assemblies in the database in all containers
SYS,CDB_ASSOCIATIONS,All associations in all containers
SYS,CDB_ATTRIBUTE_DIM_ATTR_CLASS,in all containers
SYS,CDB_ATTRIBUTE_DIM_ATTRS,Attribute dimension attributes in the database in all containers
SYS,CDB_ATTRIBUTE_DIM_CLASS,Attribute Dimension Classifications in the database in all containers
SYS,CDB_ATTRIBUTE_DIMENSIONS,Attribute dimensions in the database in all containers
SYS,CDB_ATTRIBUTE_DIM_JOIN_PATHS,Attribute dimension join paths in the database in all containers
SYS,CDB_ATTRIBUTE_DIM_KEYS,in all containers
SYS,CDB_ATTRIBUTE_DIM_LEVEL_ATTRS,Determined attributes of each Level in the database in all containers
SYS,CDB_ATTRIBUTE_DIM_LEVELS,Attribute dimension Levels in the database in all containers
SYS,CDB_ATTRIBUTE_DIM_LVL_CLASS,in all containers
SYS,CDB_ATTRIBUTE_DIM_ORDER_ATTRS,Attribute Dimension order by elements in the database in all containers
SYS,CDB_ATTRIBUTE_DIM_TABLES,Attribute dimension tables in the database in all containers
SYS,CDB_ATTRIBUTE_TRANSFORMATIONS,in all containers
SYS,CDB_AUDIT_EXISTS,Lists audit trail entries produced by AUDIT NOT EXISTS and AUDIT EXISTS in all containers
SYS,CDB_AUDIT_MGMT_CLEAN_EVENTS,The history of cleanup events in all containers
SYS,CDB_AUDIT_MGMT_CLEANUP_JOBS,The view displays the currently configured audit trail purge jobs in all containers
SYS,CDB_AUDIT_MGMT_CONFIG_PARAMS,The view displays the currently configured audit trail properties that are defined by the DBMS_AUDIT_MGMT PL/SQL package in all containers
SYS,CDB_AUDIT_MGMT_LAST_ARCH_TS,The Last Archive Timestamps set for the Audit Trail Clean up in all containers
SYS,CDB_AUDIT_OBJECT,"Audit trail records for statements concerning objects, specifically: table, cluster, view, index, sequence,  [public] database link, [public] synonym, procedure, trigger, rollback segment, tablespace, role, user in all containers"
SYS,CDB_AUDIT_POLICIES,Fine grained auditing policies in the database in all containers
SYS,CDB_AUDIT_POLICY_COLUMNS,All fine grained auditing policy columns in the database in all containers
SYS,CDB_AUDIT_SESSION,All audit trail records concerning CONNECT and DISCONNECT in all containers
SYS,CDB_AUDIT_STATEMENT,"Audit trail records concerning  grant, revoke, audit, noaudit and alter system in all containers"
SYS,CDB_AUDIT_TRAIL,All audit trail entries in all containers
SYS,CDB_AUTO_INDEX_CONFIG,in all containers
SYS,CDB_AUTO_INDEX_EXECUTIONS,in all containers
SYS,CDB_AUTO_INDEX_IND_ACTIONS,in all containers
SYS,CDB_AUTO_INDEX_SQL_ACTIONS,in all containers
SYS,CDB_AUTO_INDEX_STATISTICS,in all containers
SYS,CDB_AUTO_INDEX_VERIFICATIONS,in all containers
SYS,CDB_AUTO_MV_ANALYSIS_ACTIONS,in all containers
SYS,CDB_AUTO_MV_ANALYSIS_EXECUTIONS,in all containers
SYS,CDB_AUTO_MV_ANALYSIS_RECOMMENDATIONS,in all containers
SYS,CDB_AUTO_MV_ANALYSIS_REPORT,in all containers
SYS,CDB_AUTO_MV_ANALYSIS_TASK,in all containers
SYS,CDB_AUTO_MV_CONFIG,set of AUTO MV configuration parameters in all containers
SYS,CDB_AUTO_MV_MAINT_REPORT,in all containers
SYS,CDB_AUTO_MV_REFRESH_HISTORY,in all containers
SYS,CDB_AUTO_MV_VERIFICATION_REPORT,in all containers
SYS,CDB_AUTO_MV_VERIFICATION_STATUS,in all containers
SYS,CDB_AUTO_SEGADV_CTL,in all containers
SYS,CDB_AUTO_SEGADV_SUMMARY,in all containers
SYS,CDB_AUTOSQLSET_ATTRNAME,in all containers
SYS,CDB_AUTOSQLSET_OPTENV,in all containers
SYS,CDB_AUTOSQLSET_SNAPSHOT,in all containers
SYS,CDB_AUTOSQLSET_SNAPSHOT_ERROR,in all containers
SYS,CDB_AUTOSQLSET_SQLPLAN,in all containers
SYS,CDB_AUTOSQLSET_SQLSTAT,in all containers
SYS,CDB_AUTOSQLSET_SQLTEXT,in all containers
SYS,CDB_AUTO_STAT_EXECUTIONS,Auto Tasks that performed automated stats collection in all containers
SYS,CDB_AUTOTASK_CLIENT,Autotask Client Summary Information in all containers
SYS,CDB_AUTOTASK_CLIENT_HISTORY,Automated Maintenance Jobs history in all containers
SYS,CDB_AUTOTASK_CLIENT_JOB,Current automated maintenance jobs in all containers
SYS,CDB_AUTOTASK_JOB_HISTORY,Automated Maintenance Jobs history in all containers
SYS,CDB_AUTOTASK_OPERATION,Automated Maintenance Task Operation Configuration in all containers
SYS,CDB_AUTOTASK_SCHEDULE,Schedule of Maintenance Windows for the next 32 days in all containers
SYS,CDB_AUTOTASK_SCHEDULE_CONTROL,autotask schedule control in all containers
SYS,CDB_AUTOTASK_SETTINGS,autotask settings in all containers
SYS,CDB_AUTOTASK_STATUS,Autotask Status Information in all containers
SYS,CDB_AUTOTASK_TASK,Information about current and past autmated maintenance tasks in all containers
SYS,CDB_AUTOTASK_WINDOW_CLIENTS,Description of per-mainteance window activity in all containers
SYS,CDB_AUTOTASK_WINDOW_HISTORY,Automated Maintenance view of window history in all containers
SYS,CDB_AUTO_ZONEMAP_CONFIG,set of AUTO ZONE MAP configuration parameters in all containers
SYS,CDB_AW_OBJ,Objects in Analytic Workspaces in the database in all containers
SYS,CDB_AW_PROP,Object properties in Analytic Workspaces in the database in all containers
SYS,CDB_AW_PS,Pagespaces in Analytic Workspaces owned by the user in all containers
SYS,CDB_AWS,Analytic Workspaces in the database in all containers
SYS,CDB_BASE_TABLE_MVIEWS,All materialized views with log(s) in the database in all containers
SYS,CDB_BLOCKCHAIN_TABLE_EPOCHS,in all containers
SYS,CDB_BLOCKCHAIN_TABLES,in all containers
SYS,CDB_BLOCKERS,in all containers
SYS,CDB_CAPTURE,Details about the capture process in all containers
SYS,CDB_CAPTURE_EXTRA_ATTRIBUTES,Extra attributes for a capture process in all containers
SYS,CDB_CAPTURE_PARAMETERS,All parameters for capture process in all containers
SYS,CDB_CAPTURE_PREPARED_DATABASE,Is the local database prepared for instantiation? in all containers
SYS,CDB_CAPTURE_PREPARED_SCHEMAS,All schemas at the local database that are prepared for instantiation in all containers
SYS,CDB_CAPTURE_PREPARED_TABLES,All tables prepared for instantiation in all containers
SYS,CDB_CATALOG,"All database Tables, Views, Synonyms, Sequences in all containers"
SYS,CDB$CDATA_ROOT_TABLES,
SYS,CDB$CDATA_ROOT_VIEWS,
SYS,CDB_CDB_RSRC_PLAN_DIRECTIVES,all the CDB resource plan directives in all containers
SYS,CDB_CDB_RSRC_PLANS,All the consolidation resource plans in all containers
SYS,CDB_CERTIFICATES,in all containers
SYS,CDB_CHANGE_NOTIFICATION_REGS,Description of the registrations for change notification in all containers
SYS,CDB_CHECKED_ROLES,in all containers
SYS,CDB_CHECKED_ROLES_PATH,in all containers
SYS,CDB_CLU_COLUMNS,Mapping of table columns to cluster columns in all containers
SYS,CDB_CLUSTER_HASH_EXPRESSIONS,Hash functions for all clusters in all containers
SYS,CDB_CLUSTERING_DIMENSIONS,All dimension details about clustering tables in the database in all containers
SYS,CDB_CLUSTERING_JOINS,All join details about clustering tables in the database in all containers
SYS,CDB_CLUSTERING_KEYS,Description of the keys of the clustering clause of tables accessible to dba in all containers
SYS,CDB_CLUSTERING_TABLES,Description of the clustering clause of tables accessible to dba in all containers
SYS,CDB_CLUSTERS,Description of all clusters in the database in all containers
SYS,CDB$CMN_ROOT_TYPES,
SYS,CDB_CODE_ROLE_PRIVS,Roles attached to the program units in all containers
SYS,CDB_COL_COMMENTS,Comments on columns of all tables and views in all containers
SYS,CDB_COLL_TYPES,Description of all named collection types in the database in all containers
SYS,CDB_COL_PENDING_STATS,"Pending statistics of tables, partitions, and subpartitions in all containers"
SYS,CDB_COL_PRIVS,All grants on columns in the database in all containers
SYS,CDB_COL_USAGE_STATISTICS,in all containers
SYS,CDB_COMMON_AUDIT_TRAIL,Combined Standard and Fine Grained audit trail entries in all containers
SYS,CDB$COMMONOBJPRIVS,
SYS,CDB$COMMONROLEGRANTS,
SYS,CDB$COMMON_ROOT_OBJECTS,
SYS,CDB$COMMONSYSPRIVS,
SYS,CDB$COMMON_USERS,
SYS,CDB_COMPARISON,Details about the comparison object in all containers
SYS,CDB_COMPARISON_COLUMNS,Details about the comparison object's columns in all containers
SYS,CDB_COMPARISON_ROW_DIF,Details about the differing rows in a comparison scan in all containers
SYS,CDB_COMPARISON_SCAN,Details about a comparison scan in all containers
SYS,CDB_COMPARISON_SCAN_SUMMARY,Details about a comparison scan in all containers
SYS,CDB_COMPARISON_SCAN_VALUES,Details about a comparison scan's values in all containers
SYS,CDB_CONNECTION_TESTS,Information about Draining rules in all containers
SYS,CDB_CONNECT_ROLE_GRANTEES,Information regarding which users are granted CONNECT in all containers
SYS,CDB_CONS_COLUMNS,Information about accessible columns in constraint definitions in all containers
SYS,CDB_CONS_OBJ_COLUMNS,List of types an object column or attribute is constrained to in all tables in the database in all containers
SYS,CDB_CONSTRAINTS,Constraint definitions on all tables in all containers
SYS,CDB_CONTAINER_DATA,Describes default and object-specific CONTAINER_DATA attributes in all containers
SYS,CDB_CONTEXT,Description of all context namespace information in all containers
SYS,CDB_CPOOL_INFO,Connection pool info in all containers
SYS,CDB_CPU_USAGE_STATISTICS,Database CPU Usage Statistics in all containers
SYS,CDB_CQ_NOTIFICATION_QUERIES,Description of registered queries for CQ notification in all containers
SYS,CDB_CREDENTIALS,All credentials in the database in all containers
SYS,CDB_CUBE_ATTRIBUTES,OLAP Attributes in the database in all containers
SYS,CDB_CUBE_ATTR_MAPPINGS,OLAP Cube Attribute Mappings in the database in all containers
SYS,CDB_CUBE_ATTR_UNIQUE_KEYS,OLAP Unique Key Attributes in the database in all containers
SYS,CDB_CUBE_ATTR_VISIBILITY,"OLAP Attributes visible for Dimensions, Hierarchies, and Levels in all containers"
SYS,CDB_CUBE_BUILD_PROCESSES,OLAP Build Processes in the database in all containers
SYS,CDB_CUBE_CALCULATED_MEMBERS,OLAP Calculated Members in the database in all containers
SYS,CDB_CUBE_CLASSIFICATIONS,OLAP Object Classifications in the database in all containers
SYS,CDB_CUBE_DEPENDENCIES,OLAP metadata dependencies in the database in all containers
SYS,CDB_CUBE_DESCRIPTIONS,OLAP Descriptions in the database in all containers
SYS,CDB_CUBE_DIMENSIONALITY,OLAP Cube Dimensionality in the database in all containers
SYS,CDB_CUBE_DIMENSIONS,OLAP Cube Dimensions in the database in all containers
SYS,CDB_CUBE_DIM_LEVELS,OLAP Dimension Levels in the database in all containers
SYS,CDB_CUBE_DIM_MAPPINGS,OLAP Cube Dimension Mappings in the database in all containers
SYS,CDB_CUBE_DIM_MODELS,OLAP Dimension Models in the database in all containers
SYS,CDB_CUBE_DIMNL_MAPPINGS,OLAP Cube Dimenisonality Mappings in the database in all containers
SYS,CDB_CUBE_DIM_VIEW_COLUMNS,OLAP Dimension View Columns in the database in all containers
SYS,CDB_CUBE_DIM_VIEWS,OLAP Dimension Views in the database in all containers
SYS,CDB_CUBE_HIERARCHIES,OLAP Hierarchies in the database in all containers
SYS,CDB_CUBE_HIER_LEVELS,OLAP Hierarchy Levels in the database in all containers
SYS,CDB_CUBE_HIER_VIEW_COLUMNS,OLAP Hierarchy View Columns in the database in all containers
SYS,CDB_CUBE_HIER_VIEWS,OLAP Hierarchy Views in the database in all containers
SYS,CDB_CUBE_MAPPINGS,OLAP Cube Mappings in the database in all containers
SYS,CDB_CUBE_MEAS_MAPPINGS,OLAP Cube Measure Mappings in the database in all containers
SYS,CDB_CUBE_MEASURES,OLAP Measures in the database in all containers
SYS,CDB_CUBE_NAMED_BUILD_SPECS,OLAP Cube Named Build Specifications in the database in all containers
SYS,CDB_CUBES,OLAP Cubes in the database in all containers
SYS,CDB_CUBE_SUB_PARTITION_LEVELS,OLAP Secondary Partition Levels in the database in all containers
SYS,CDB_CUBE_VIEW_COLUMNS,OLAP Cube View Columns in the database in all containers
SYS,CDB_CUBE_VIEWS,OLAP Cube Views in the database in all containers
SYS,CDB_DATA_FILES,Information about database data files in all containers
SYS,CDB_DATAPUMP_JOBS,Datapump jobs in all containers
SYS,CDB_DATAPUMP_SESSIONS,Datapump sessions attached to a job in all containers
SYS,CDB_DBFS_HS,in all containers
SYS,CDB_DBFS_HS_COMMANDS,in all containers
SYS,CDB_DBFS_HS_FIXED_PROPERTIES,in all containers
SYS,CDB_DBFS_HS_PROPERTIES,in all containers
SYS,CDB_DB_LINKS,All database links in the database in all containers
SYS,CDB_DB_LINK_SOURCES,Database link sources in all containers
SYS,CDB_DDL_LOCKS,in all containers
SYS,CDB_DEPENDENCIES,Dependencies to and from objects in all containers
SYS,CDB_DIGEST_VERIFIERS,Information about which users have Digest verifiers and the verifier types in all containers
SYS,CDB_DIM_ATTRIBUTES,"Representation of the relationship between a dimension level and
a functionally dependent column in all containers"
SYS,CDB_DIM_CHILD_OF,"Representaion of a 1:n hierarchical relationship between a pair of levels in
a dimension in all containers"
SYS,CDB_DIMENSIONS,Description of the dimension objects accessible to the DBA in all containers
SYS,CDB_DIM_HIERARCHIES,Representation of a dimension hierarchy in all containers
SYS,CDB_DIM_JOIN_KEY,Representation of a join between two dimension tables.  in all containers
SYS,CDB_DIM_LEVEL_KEY,Representations of columns of a dimension level in all containers
SYS,CDB_DIM_LEVELS,Description of dimension levels visible to DBA in all containers
SYS,CDB_DIRECTORIES,Description of all directories in all containers
SYS,CDB_DISCOVERY_SOURCE,All source of sensitive data discovery in all containers
SYS,CDB_DML_LOCKS,in all containers
SYS,CDB_DMT_FREE_SPACE,Free extents in all dictionary managed tablespaces in all containers
SYS,CDB_DMT_USED_EXTENTS,All extents in the dictionary managed tablespaces in all containers
SYS,CDB_DV_STATUS,in all containers
SYS,CDB_EDITION_COMMENTS,Describes comments on all editions in the database in all containers
SYS,CDB_EDITIONED_TYPES,in all containers
SYS,CDB_EDITIONING_VIEW_COLS,Relationship between columns of all Editioning Views in the database and the table columns to which they map in all containers
SYS,CDB_EDITIONING_VIEW_COLS_AE,Relationship between columns of all Editioning Views in the database and the table columns to which they map in all containers
SYS,CDB_EDITIONING_VIEWS,Description of all Editioning Views in the database in all containers
SYS,CDB_EDITIONING_VIEWS_AE,Description of all Editioning Views in the database in all containers
SYS,CDB_EDITION_INHERITED_OBJECTS,All objects in the database in all containers
SYS,CDB_EDITIONS,Describes all editions in the database in all containers
SYS,CDB_ENABLED_AGGREGATIONS,Information about enabled on-demand statistic aggregation in all containers
SYS,CDB_ENABLED_TRACES,Information about enabled SQL traces in all containers
SYS,CDB_ENCRYPTED_COLUMNS,Encryption information on columns in the database in all containers
SYS,CDB_EPG_DAD_AUTHORIZATION,DADs authorized to use different user's privileges in all containers
SYS,CDB_ERRORS,Current errors on all stored objects in the database in all containers
SYS,CDB_ERRORS_AE,Current errors on all stored objects in the database in all containers
SYS,CDB_ERROR_TRANSLATIONS,Describes all error translations in the database in all containers
SYS,CDB_EVALUATION_CONTEXTS,rule evaluation contexts in the database in all containers
SYS,CDB_EVALUATION_CONTEXT_TABLES,tables in all rule evaluation contexts in the database in all containers
SYS,CDB_EVALUATION_CONTEXT_VARS,variables in all rule evaluation contexts in the database in all containers
SYS,CDB_EXP_FILES,Description of export files in all containers
SYS,CDB_EXP_OBJECTS,Objects that have been incrementally exported in all containers
SYS,CDB_EXPORT_OBJECTS,in all containers
SYS,CDB_EXPORT_PATHS,in all containers
SYS,CDB_EXPRESSION_STATISTICS,Expression Usage Tracking Statistics in all containers
SYS,CDB_EXP_VERSION,Version number of the last export session in all containers
SYS,CDB_EXTENTS,Extents comprising all segments in the database in all containers
SYS,CDB_EXTERNAL_LOCATIONS,Description of the external tables locations accessible to the DBA in all containers
SYS,CDB_EXTERNAL_SCN_ACTIVITY,in all containers
SYS,CDB_EXTERNAL_TABLES,Description of the external tables accessible to the DBA in all containers
SYS,CDB_FEATURE_USAGE_STATISTICS,Database Feature Usage Statistics in all containers
SYS,CDB_FGA_AUDIT_TRAIL,All fine grained audit event logs in all containers
SYS,CDB_FILE$,
SYS,CDB_FILE_GROUP_EXPORT_INFO,Details about export information of file group versions in all containers
SYS,CDB_FILE_GROUP_FILES,Details about file group files in all containers
SYS,CDB_FILE_GROUPS,Details about file groups in all containers
SYS,CDB_FILE_GROUP_TABLES,Details about the tables in the file group repository in all containers
SYS,CDB_FILE_GROUP_TABLESPACES,Details about the transportable tablespaces in the file group repository in all containers
SYS,CDB_FILE_GROUP_VERSIONS,Details about file group versions in all containers
SYS,CDB_FLASHBACK_ARCHIVE,Description of the flashback archives available in the system in all containers
SYS,CDB_FLASHBACK_ARCHIVE_TABLES,Information about the tables that are enabled for Flashback Archive in all containers
SYS,CDB_FLASHBACK_ARCHIVE_TS,Description of tablespaces in the flashback archives available in the system in all containers
SYS,CDB_FLASHBACK_TXN_REPORT,in all containers
SYS,CDB_FLASHBACK_TXN_STATE,in all containers
SYS,CDB_FREE_SPACE,Free extents in all tablespaces in all containers
SYS,CDB_FREE_SPACE_COALESCED,Statistics on Coalesced Space in Tablespaces in all containers
SYS,CDB_FREE_SPACE_COALESCED_TMP1,in all containers
SYS,CDB_FREE_SPACE_COALESCED_TMP2,in all containers
SYS,CDB_FREE_SPACE_COALESCED_TMP3,in all containers
SYS,CDB_FREE_SPACE_COALESCED_TMP4,in all containers
SYS,CDB_FREE_SPACE_COALESCED_TMP5,in all containers
SYS,CDB_FREE_SPACE_COALESCED_TMP6,in all containers
SYS,CDB_GG_AUTO_CDR_COLUMN_GROUPS,Details about goldengate auto cdr column groups in all containers
SYS,CDB_GG_AUTO_CDR_COLUMNS,Details about goldengate auto cdr columns in all containers
SYS,CDB_GG_AUTO_CDR_TABLES,Details about goldengate auto cdr tables in all containers
SYS,CDB_GG_INBOUND_PROGRESS,in all containers
SYS,CDB_GG_PROCEDURE_ANNOTATION,Annotate the position of Owner and Object arguments in procedure calls in all containers
SYS,CDB_GG_PROC_OBJECT_EXCLUSION,Details all tables that should be filtered when operating on given objects in all containers
SYS,CDB_GG_SUPPORTED_PACKAGES,Details about supported procedure packages for GoldenGate replication in all containers
SYS,CDB_GG_SUPPORTED_PROCEDURES,Details all procedures that are supported for replication in all containers
SYS,CDB_GLOBAL_CONTEXT,Description of all context information accessible globally in all containers
SYS,CDB_GOLDENGATE_CONTAINER_RULES,Details about goldengate container inclusion/exclusion rules in all containers
SYS,CDB_GOLDENGATE_INBOUND,Details about the XStream inbound server in all containers
SYS,CDB_GOLDENGATE_NOT_UNIQUE,List of all the tables with out primary or unique key not null constraints in all containers
SYS,CDB_GOLDENGATE_PRIVILEGES,Details about goldengate privileges in all containers
SYS,CDB_GOLDENGATE_RULES,Details about the GoldenGate server rules in all containers
SYS,CDB_GOLDENGATE_SUPPORT_MODE,List of support mode for objects by GoldenGate in all containers
SYS,CDB_HANG_MANAGER_PARAMETERS,Hang Manager parameters in all containers
SYS,CDB_HEAT_MAP_SEG_HISTOGRAM,Segment access information for all segments in all containers
SYS,CDB_HEAT_MAP_SEGMENT,Last segment access time in all containers
SYS,CDB_HEATMAP_TOP_OBJECTS,Heatmap for Top N objects in all containers
SYS,CDB_HEATMAP_TOP_TABLESPACES,Heatmap for Top N tablespaces in all containers
SYS,CDB_HIERARCHIES,Hierarchies in the database in all containers
SYS,CDB_HIER_CLASS,Hierarchy Classifications in the database in all containers
SYS,CDB_HIER_COLUMNS,Hierarchy columns in the database in all containers
SYS,CDB_HIER_HIER_ATTR_CLASS,Hierarchy hierarchical attribute classifications in the database in all containers
SYS,CDB_HIER_HIER_ATTRIBUTES,Attribute dimension attributes in the database in all containers
SYS,CDB_HIER_JOIN_PATHS,Hierarchy join paths in the database in all containers
SYS,CDB_HIER_LEVEL_ID_ATTRS,Hierarchy Level ID Attributes in the database in all containers
SYS,CDB_HIER_LEVELS,Hierarchy levels in the database in all containers
SYS,CDB_HIGH_WATER_MARK_STATISTICS,Database High Water Mark Statistics in all containers
SYS,CDB_HIST_ACTIVE_SESS_HISTORY,Active Session Historical Statistics Information in all containers
SYS,CDB_HIST_APPLY_SUMMARY,Streams/Goldengate/XStream Apply Historical Statistics Information in all containers
SYS,CDB_HIST_ASH_SNAPSHOT,in all containers
SYS,CDB_HIST_ASM_BAD_DISK,Non-Online ASM Disks in all containers
SYS,CDB_HIST_ASM_DISKGROUP,ASM Diskgroups connected to this Database in all containers
SYS,CDB_HIST_ASM_DISKGROUP_STAT,Statistics for ASM Diskgroup connected to this Database in all containers
SYS,CDB_HIST_ASM_DISK_STAT_SUMMARY,Statistics for ASM Disk summary statistics in all containers
SYS,CDB_HIST_BASELINE,Baseline Metadata Information in all containers
SYS,CDB_HIST_BASELINE_DETAILS,Baseline Stats on per Instance Level in all containers
SYS,CDB_HIST_BASELINE_METADATA,Baseline Metadata Information in all containers
SYS,CDB_HIST_BASELINE_TEMPLATE,Baseline Template Information in all containers
SYS,CDB_HIST_BG_EVENT_SUMMARY,Summary of Background Event Historical Statistics Information in all containers
SYS,CDB_HIST_BUFFERED_QUEUES,STREAMS Buffered Queues Historical Statistics Information in all containers
SYS,CDB_HIST_BUFFERED_SUBSCRIBERS,STREAMS Buffered Queue Subscribers Historical Statistics Information in all containers
SYS,CDB_HIST_BUFFER_POOL_STAT,Buffer Pool Historical Statistics Information in all containers
SYS,CDB_HIST_CAPTURE,Streams/GoldenGate/XStream Capture Historical Statistics Information in all containers
SYS,CDB_HIST_CELL_CONFIG,Exadata configuration information in all containers
SYS,CDB_HIST_CELL_CONFIG_DETAIL,Exadata configuration information per snapshot in all containers
SYS,CDB_HIST_CELL_DB,Cell Database IO Statistics Information in all containers
SYS,CDB_HIST_CELL_DISK_NAME,Exadata Cell disk names in all containers
SYS,CDB_HIST_CELL_DISK_SUMMARY,Cell Disk Summary Statistics in all containers
SYS,CDB_HIST_CELL_DISKTYPE,Exadata Cell disk types in all containers
SYS,CDB_HIST_CELL_GLOBAL,Cell Global Statistics Information in all containers
SYS,CDB_HIST_CELL_GLOBAL_SUMMARY,Cell Global Summary Statistics in all containers
SYS,CDB_HIST_CELL_IOREASON,Cell IO Reason Statistics Information in all containers
SYS,CDB_HIST_CELL_IOREASON_NAME,Cell IO Reason Names in all containers
SYS,CDB_HIST_CELL_METRIC_DESC,Cell Metric Names in all containers
SYS,CDB_HIST_CELL_NAME,Exadata Cell names in all containers
SYS,CDB_HIST_CELL_OPEN_ALERTS,Cell Open Alerts Information in all containers
SYS,CDB_HIST_CHANNEL_WAITS,Channel Waits Information in all containers
SYS,CDB_HIST_CLUSTER_INTERCON,Cluster Interconnect Historical Stats in all containers
SYS,CDB_HIST_COLORED_SQL,Marked SQLs for snapshots in all containers
SYS,CDB_HIST_COMP_IOSTAT,I/O stats aggregated on component level in all containers
SYS,CDB_HIST_CON_SYSMETRIC_HIST,PDB System Metrics History in all containers
SYS,CDB_HIST_CON_SYSMETRIC_SUMM,PDB System Metrics Summary in all containers
SYS,CDB_HIST_CON_SYSSTAT,System Historical Statistics Information Per PDB in all containers
SYS,CDB_HIST_CON_SYSTEM_EVENT,System Event Historical Statistics Information in all containers
SYS,CDB_HIST_CON_SYS_TIME_MODEL,PDB System Time Model Historical Statistics Information in all containers
SYS,CDB_HIST_CR_BLOCK_SERVER,Consistent Read Block Server Historical Statistics in all containers
SYS,CDB_HIST_CURRENT_BLOCK_SERVER,Current Block Server Historical Statistics in all containers
SYS,CDB_HIST_DATABASE_INSTANCE,Database Instance Information in all containers
SYS,CDB_HIST_DATAFILE,Names of Datafiles in all containers
SYS,CDB_HIST_DB_CACHE_ADVICE,DB Cache Advice History Information in all containers
SYS,CDB_HIST_DISPATCHER,Dispatcher statistics in all containers
SYS,CDB_HIST_DLM_MISC,Distributed Lock Manager Miscellaneous Historical Statistics Information in all containers
SYS,CDB_HIST_DYN_REMASTER_STATS,Dynamic remastering statistics in all containers
SYS,CDB_HIST_ENQUEUE_STAT,Enqueue Historical Statistics Information in all containers
SYS,CDB_HIST_EVENT_HISTOGRAM,Event Histogram Historical Statistics Information in all containers
SYS,CDB_HIST_EVENT_NAME,Event Names in all containers
SYS,CDB_HIST_FILEMETRIC_HISTORY,File Metrics History in all containers
SYS,CDB_HIST_FILESTATXS,Datafile Historical Statistics Information in all containers
SYS,CDB_HIST_IC_CLIENT_STATS,Historical interconnect client statistics in all containers
SYS,CDB_HIST_IC_DEVICE_STATS,Historical interconnect device statistics in all containers
SYS,CDB_HIST_IM_SEG_STAT,Historical IM Segment Statistics Information in all containers
SYS,CDB_HIST_IM_SEG_STAT_OBJ,IM Segment Names in all containers
SYS,CDB_HIST_INSTANCE_RECOVERY,Instance Recovery Historical Statistics Information in all containers
SYS,CDB_HIST_INST_CACHE_TRANSFER,Instance Cache Transfer Historical Statistics in all containers
SYS,CDB_HIST_INTERCONNECT_PINGS,Instance to instance ping stats in all containers
SYS,CDB_HIST_IOSTAT_DETAIL,Historical I/O statistics by function and filetype in all containers
SYS,CDB_HIST_IOSTAT_FILETYPE,Historical I/O statistics by file type in all containers
SYS,CDB_HIST_IOSTAT_FILETYPE_NAME,File type names for historical I/O statistics in all containers
SYS,CDB_HIST_IOSTAT_FUNCTION,Historical I/O statistics by function in all containers
SYS,CDB_HIST_IOSTAT_FUNCTION_NAME,Function names for historical I/O statistics in all containers
SYS,CDB_HIST_JAVA_POOL_ADVICE,Java Pool Advice History in all containers
SYS,CDB_HIST_LATCH,Latch Historical Statistics Information in all containers
SYS,CDB_HIST_LATCH_CHILDREN,Latch Children Historical Statistics Information in all containers
SYS,CDB_HIST_LATCH_MISSES_SUMMARY,Latch Misses Summary Historical Statistics Information in all containers
SYS,CDB_HIST_LATCH_NAME,Latch Names in all containers
SYS,CDB_HIST_LATCH_PARENT,Latch Parent Historical Historical Statistics Information in all containers
SYS,CDB_HIST_LIBRARYCACHE,Library Cache Historical Statistics Information in all containers
SYS,CDB_HIST_LMS_STATS,LMS statistics in all containers
SYS,CDB_HIST_LOG,Log Historical Statistics Information in all containers
SYS,CDB_HIST_MEM_DYNAMIC_COMP,Historical memory component sizes in all containers
SYS,CDB_HIST_MEMORY_RESIZE_OPS,Memory Resize Operations History in all containers
SYS,CDB_HIST_MEMORY_TARGET_ADVICE,Memory Target Advice History in all containers
SYS,CDB_HIST_METRIC_NAME,Segment Names in all containers
SYS,CDB_HIST_MTTR_TARGET_ADVICE,Mean-Time-To-Recover Target Advice History in all containers
SYS,CDB_HIST_MUTEX_SLEEP,Mutex Sleep Summary Historical Statistics Information in all containers
SYS,CDB_HIST_MVPARAMETER,Multi-valued Parameter Historical Statistics Information in all containers
SYS,CDB_HIST_OPTIMIZER_ENV,Optimizer Environment Information in all containers
SYS,CDB_HIST_OSSTAT,Operating System Historical Statistics Information in all containers
SYS,CDB_HIST_OSSTAT_NAME,Operating System Statistic Names in all containers
SYS,CDB_HIST_PARAMETER,Parameter Historical Statistics Information in all containers
SYS,CDB_HIST_PARAMETER_NAME,Parameter Names in all containers
SYS,CDB_HIST_PDB_IN_SNAP,Pluggable Databases in a snapshot in all containers
SYS,CDB_HIST_PDB_INSTANCE,Pluggable Database Instance Information in all containers
SYS,CDB_HIST_PERSISTENT_QMN_CACHE,STREAMS AQ Persistent QMN Cache Historical Statistics Information in all containers
SYS,CDB_HIST_PERSISTENT_QUEUES,STREAMS AQ Persistent Queues Historical Statistics Information in all containers
SYS,CDB_HIST_PERSISTENT_SUBS,STREAMS AQ Persistent Queue Subscribers Historical Statistics Information in all containers
SYS,CDB_HIST_PGASTAT,PGA Historical Statistics Information in all containers
SYS,CDB_HIST_PGA_TARGET_ADVICE,PGA Target Advice History in all containers
SYS,CDB_HIST_PLAN_OPERATION_NAME,Optimizer Explain Plan Operation Names in all containers
SYS,CDB_HIST_PLAN_OPTION_NAME,Optimizer Explain Plan Option Names in all containers
SYS,CDB_HIST_PROCESS_MEM_SUMMARY,Process Memory Historical Summary Information in all containers
SYS,CDB_HIST_PROCESS_WAITTIME,cpu and wait time by process types in all containers
SYS,CDB_HIST_RECOVERY_PROGRESS,Recovery Progress in all containers
SYS,CDB_HIST_REPLICATION_TBL_STATS,Replication Table Stats For GoldenGate/XStream Sessions in all containers
SYS,CDB_HIST_REPLICATION_TXN_STATS,Replication Transaction Stats For GoldenGate/XStream Sessions in all containers
SYS,CDB_HIST_REPORTS,in all containers
SYS,CDB_HIST_REPORTS_CONTROL,in all containers
SYS,CDB_HIST_REPORTS_DETAILS,in all containers
SYS,CDB_HIST_REPORTS_TIMEBANDS,in all containers
SYS,CDB_HIST_RESOURCE_LIMIT,Resource Limit Historical Statistics Information in all containers
SYS,CDB_HIST_ROWCACHE_SUMMARY,Row Cache Historical Statistics Information Summary in all containers
SYS,CDB_HIST_RSRC_CONSUMER_GROUP,Historical resource consumer group statistics in all containers
SYS,CDB_HIST_RSRC_METRIC,Historical resource manager metrics in all containers
SYS,CDB_HIST_RSRC_PDB_METRIC,Historical resource manager metrics by PDB in all containers
SYS,CDB_HIST_RSRC_PLAN,Historical resource plan statistics in all containers
SYS,CDB_HIST_RULE_SET,Rule sets historical statistics information in all containers
SYS,CDB_HIST_SEG_STAT,Historical Statistics Information in all containers
SYS,CDB_HIST_SEG_STAT_OBJ,Segment Names in all containers
SYS,CDB_HIST_SERVICE_NAME,Service Names in all containers
SYS,CDB_HIST_SERVICE_STAT,Historical Service Statistics in all containers
SYS,CDB_HIST_SERVICE_WAIT_CLASS,Historical Service Wait Class Statistics in all containers
SYS,CDB_HIST_SESSMETRIC_HISTORY,System Metrics History in all containers
SYS,CDB_HIST_SESS_NETWORK,Statistics for Session Network in all containers
SYS,CDB_HIST_SESS_SGA_STATS,SGA Usage Stats For High Utilization GoldenGate/XStream Sessions in all containers
SYS,CDB_HIST_SESS_TIME_STATS,CPU And I/O Time For High Utilization Streams/GoldenGate/XStream sessions in all containers
SYS,CDB_HIST_SGA,SGA Historical Statistics Information in all containers
SYS,CDB_HIST_SGASTAT,SGA Pool Historical Statistics Information in all containers
SYS,CDB_HIST_SGA_TARGET_ADVICE,SGA Target Advice History in all containers
SYS,CDB_HIST_SHARED_POOL_ADVICE,Shared Pool Advice History in all containers
SYS,CDB_HIST_SHARED_SERVER_SUMMARY,Shared Server summary statistics in all containers
SYS,CDB_HIST_SNAP_ERROR,Snapshot Error Information in all containers
SYS,CDB_HIST_SNAPSHOT,Snapshot Information in all containers
SYS,CDB_HIST_SQLBIND,SQL Bind Information in all containers
SYS,CDB_HIST_SQL_BIND_METADATA,SQL Bind Metadata Information in all containers
SYS,CDB_HIST_SQLCOMMAND_NAME,Sql command types in all containers
SYS,CDB_HIST_SQL_PLAN,SQL Plan Information in all containers
SYS,CDB_HIST_SQLSTAT,SQL Historical Statistics Information in all containers
SYS,CDB_HIST_SQL_SUMMARY,Summary of SQL Statistics in all containers
SYS,CDB_HIST_SQLTEXT,SQL Text in all containers
SYS,CDB_HIST_SQL_WORKAREA_HSTGRM,SQL Workarea Histogram History in all containers
SYS,CDB_HIST_STAT_NAME,Statistic Names in all containers
SYS,CDB_HIST_STREAMS_APPLY_SUM,STREAMS Apply Historical Statistics Information in all containers
SYS,CDB_HIST_STREAMS_CAPTURE,STREAMS Capture Historical Statistics Information in all containers
SYS,CDB_HIST_STREAMS_POOL_ADVICE,Streams Pool Advice History in all containers
SYS,CDB_HIST_SYSMETRIC_HISTORY,System Metrics History in all containers
SYS,CDB_HIST_SYSMETRIC_SUMMARY,System Metrics History in all containers
SYS,CDB_HIST_SYSSTAT,System Historical Statistics Information in all containers
SYS,CDB_HIST_SYSTEM_EVENT,System Event Historical Statistics Information in all containers
SYS,CDB_HIST_SYS_TIME_MODEL,System Time Model Historical Statistics Information in all containers
SYS,CDB_HIST_TABLE_SETTINGS,Workload Repository Table Settings in all containers
SYS,CDB_HIST_TABLESPACE,Tablespace Static Information in all containers
SYS,CDB_HIST_TABLESPACE_STAT,Tablespace Historical Statistics Information in all containers
SYS,CDB_HIST_TBSPC_SPACE_USAGE,Tablespace Usage Historical Statistics Information in all containers
SYS,CDB_HIST_TEMPFILE,Names of Temporary Datafiles in all containers
SYS,CDB_HIST_TEMPSTATXS,Temporary Datafile Historical Statistics Information in all containers
SYS,CDB_HIST_THREAD,Thread Historical Statistics Information in all containers
SYS,CDB_HIST_TOPLEVELCALL_NAME,Oracle top level call type in all containers
SYS,CDB_HIST_UNDOSTAT,Undo Historical Statistics Information in all containers
SYS,CDB_HIST_WAITCLASSMET_HISTORY,Wait Class Metric History in all containers
SYS,CDB_HIST_WAITSTAT,Wait Historical Statistics Information in all containers
SYS,CDB_HIST_WR_CONTROL,Workload Repository Control Information in all containers
SYS,CDB_HIST_WR_SETTINGS,Workload Repository Settings in all containers
SYS,CDB_HOST_ACES,Access control entries defined in host access control lists in all containers
SYS,CDB_HOST_ACLS,Access control lists assigned to restrict access to network hosts through PL/SQL network utility packages in all containers
SYS,CDB_IDENTIFIERS,Identifiers in stored objects accessible to sys in all containers
SYS,CDB_ILMDATAMOVEMENTPOLICIES,Data movement related policies in database in all containers
SYS,CDB_ILMEVALUATIONDETAILS,Details on policies considered for a particular execution in all containers
SYS,CDB_ILMOBJECTS,Policies and the objects they affect in the database in all containers
SYS,CDB_ILMPARAMETERS,Describes ILM PARAMETERS in the database and their values in all containers
SYS,CDB_ILMPOLICIES,ILM policies in the database in all containers
SYS,CDB_ILMRESULTS,Information on ILM jobs in all containers
SYS,CDB_ILMTASKS,Information on ILM execution in all containers
SYS,CDB_IMMUTABLE_TABLES,in all containers
SYS,CDB_IND_COLUMNS,COLUMNs comprising INDEXes on all TABLEs and CLUSTERs in all containers
SYS,CDB_IND_COLUMNS_V$,in all containers
SYS,CDB_INDEXES,Description for all indexes in the database in all containers
SYS,CDB_IND_EXPRESSIONS,FUNCTIONAL INDEX EXPRESSIONs on all TABLES and CLUSTERS in all containers
SYS,CDB_INDEXTYPE_ARRAYTYPES,All array types specified by the indextype in all containers
SYS,CDB_INDEXTYPE_COMMENTS,Comments for user-defined indextypes in all containers
SYS,CDB_INDEXTYPE_OPERATORS,All indextype operators in all containers
SYS,CDB_INDEXTYPES,All indextypes in all containers
SYS,CDB_INDEX_USAGE,in all containers
SYS,CDB_IND_PARTITIONS,in all containers
SYS,CDB_IND_PENDING_STATS,"Pending statistics of indexes, partitions, and subpartitions in all containers"
SYS,CDB_IND_STATISTICS,Optimizer statistics for all indexes in the database in all containers
SYS,CDB_IND_SUBPARTITIONS,in all containers
SYS,CDB_INMEMORY_AIMTASKDETAILS,Information on details for an automatic inmemory management task in all containers
SYS,CDB_INMEMORY_AIMTASKS,Information on tasks for automatic inmemory store management (AIM) in all containers
SYS,CDB_INTERNAL_TRIGGERS,Description of the internal triggers on all tables in the database in all containers
SYS,CDB_INVALID_OBJECTS,in all containers
SYS,CDB_JAVA_ARGUMENTS,argument information for all java classes in all containers
SYS,CDB_JAVA_CLASSES,class level information for all java classes in all containers
SYS,CDB_JAVA_COMPILER_OPTIONS,all native-compiler options in all containers
SYS,CDB_JAVA_DERIVATIONS,this view maps java source objects and their derived java class objects and java resource objects for all java classes in all containers
SYS,CDB_JAVA_FIELDS,field information for java classes in all containers
SYS,CDB_JAVA_IMPLEMENTS,interfaces implemented by all java classes in all containers
SYS,CDB_JAVA_INNERS,list of inner classes referenced by some other class in all containers
SYS,CDB_JAVA_LAYOUTS,class layout information for all java classes in all containers
SYS,CDB_JAVA_METHODS,method information for all java classes in all containers
SYS,CDB_JAVA_NCOMPS,in all containers
SYS,CDB_JAVA_POLICY,java security Permissions for all users in all containers
SYS,CDB_JAVA_RESOLVERS,resolver of java class owned by user in all containers
SYS,CDB_JAVA_THROWS,list of exceptions thrown from methods of all java classes in all containers
SYS,CDB_JOBS,All jobs in the database in all containers
SYS,CDB_JOBS_RUNNING,"All jobs in the database which are currently running, join v$lock and job$ in all containers"
SYS,CDB_JOINGROUPS,Join groups in the database in all containers
SYS,CDB_JOIN_IND_COLUMNS,Join Index columns comprising the join conditions in all containers
SYS,CDB_JSON_COLUMNS,Comments on all JSON columns in all containers
SYS,CDB_JSON_DATAGUIDE_FIELDS,in all containers
SYS,CDB_JSON_DATAGUIDES,in all containers
SYS,CDB_KEEPSIZES,in all containers
SYS,CDB_KGLLOCK,in all containers
SYS,CDB_LIBRARIES,Description of all libraries in the database in all containers
SYS,CDB_LMT_FREE_SPACE,Free extents in all locally managed tablespaces in all containers
SYS,CDB_LMT_USED_EXTENTS,All extents in the locally managed tablespaces in all containers
SYS,CDB_LOB_PARTITIONS,in all containers
SYS,CDB_LOBS,Description of LOBs contained in all tables in all containers
SYS,CDB_LOB_SUBPARTITIONS,in all containers
SYS,CDB_LOB_TEMPLATES,in all containers
SYS,CDB_LOCAL_ADMINAUTH$,
SYS,CDB_LOCAL_ADMIN_PRIVS,Describes local administrative privileges granted in PDBs of a CDB
SYS,CDB_LOCK,in all containers
SYS,CDB_LOCKDOWN_PROFILES,Describes all the rules of all the lockdown profiles in all containers
SYS,CDB_LOCK_INTERNAL,in all containers
SYS,CDB_LOG_GROUP_COLUMNS,Information about columns in log group definitions in all containers
SYS,CDB_LOG_GROUPS,Log group definitions on all tables in all containers
SYS,CDB_LOGMNR_LOG,in all containers
SYS,CDB_LOGMNR_PROFILE_PLSQL_STATS,in all containers
SYS,CDB_LOGMNR_PROFILE_TABLE_STATS,in all containers
SYS,CDB_LOGMNR_PURGED_LOG,in all containers
SYS,CDB_LOGMNR_SESSION,in all containers
SYS,CDB_LOGSTDBY_EDS_SUPPORTED,List of all tables that could have EDS-based replication for Logical Standby in all containers
SYS,CDB_LOGSTDBY_EDS_TABLES,List of all tables that have EDS-based replication for Logical Standby in all containers
SYS,CDB_LOGSTDBY_EVENTS,Information on why logical standby events in all containers
SYS,CDB_LOGSTDBY_HISTORY,"Information on processed, active, and pending log streams in all containers"
SYS,CDB_LOGSTDBY_LOG,List the information about received logs from the primary in all containers
SYS,CDB_LOGSTDBY_NOT_UNIQUE,List of all the tables with out primary or unique key not null constraints in all containers
SYS,CDB_LOGSTDBY_PARAMETERS,Miscellaneous options and settings for Logical Standby in all containers
SYS,CDB_LOGSTDBY_PLSQL_MAP,PLSQL mapping from user invokable procedure to supp-log pragma-ed procedure in all containers
SYS,CDB_LOGSTDBY_PLSQL_SUPPORT,PLSQL packages registered with logical standby in all containers
SYS,CDB_LOGSTDBY_PROGRESS,List the SCN values describing read and apply progress in all containers
SYS,CDB_LOGSTDBY_SKIP,List the skip settings choosen in all containers
SYS,CDB_LOGSTDBY_SKIP_TRANSACTION,List the transactions to be skipped in all containers
SYS,CDB_LOGSTDBY_SUPPORT_MODE,List of Logical Standby support mode for tables in all containers
SYS,CDB_LOGSTDBY_UNSUPPORTED,List of all the columns that are not supported by Logical Standby in all containers
SYS,CDB_LOGSTDBY_UNSUPPORTED_TABLE,List of all the data tables that are not supported by Logical Standby in all containers
SYS,CDB_MEASURE_FOLDER_CONTENTS,OLAP Measure Folder Contents in the database in all containers
SYS,CDB_MEASURE_FOLDERS,OLAP Measure Folders in the database in all containers
SYS,CDB_MEASURE_FOLDER_SUBFOLDERS,OLAP Measure Folders contained within the database OLAP Measure Folders in all containers
SYS,CDB_METADATA_PROPERTIES,OLAP Metadata Properties in the database in all containers
SYS,CDB_METHOD_PARAMS,Description of method parameters of all types in the database in all containers
SYS,CDB_METHOD_RESULTS,Description of method results of all types in the database in all containers
SYS,CDB_MINING_MODEL_ATTRIBUTES,Description of all the model attributes in the database in all containers
SYS,CDB_MINING_MODEL_PARTITIONS,Description of all the partitions accessible to the system in all containers
SYS,CDB_MINING_MODELS,Description of all the models in the database in all containers
SYS,CDB_MINING_MODEL_SETTINGS,Description of all the model settings in the database in all containers
SYS,CDB_MINING_MODEL_TABLES,Description of all the mining model tables in the system in all containers
SYS,CDB_MINING_MODEL_VIEWS,Description of all the model views in the database in all containers
SYS,CDB_MINING_MODEL_XFORMS,User-specified transformations embedded in all models accessible to the user in all containers
SYS,CDB_MVIEW_AGGREGATES,Description of the materialized view aggregates accessible to dba in all containers
SYS,CDB_MVIEW_ANALYSIS,Description of the materialized views accessible to dba in all containers
SYS,CDB_MVIEW_COMMENTS,Comments on all materialized views in the database in all containers
SYS,CDB_MVIEW_DETAIL_PARTITION,Freshness information of all PCT materialized views in the database in all containers
SYS,CDB_MVIEW_DETAIL_RELATIONS,Description of the materialized view detail tables accessible to dba in all containers
SYS,CDB_MVIEW_DETAIL_SUBPARTITION,Freshness information of all PCT materialized views in the database in all containers
SYS,CDB_MVIEW_JOINS,"Description of a join between two columns in the
WHERE clause of a materialized view accessible to dba in all containers"
SYS,CDB_MVIEW_KEYS,"Description of the columns that appear in the GROUP BY
list of a materialized view accessible to dba in all containers"
SYS,CDB_MVIEW_LOG_FILTER_COLS,All filter columns (excluding PK cols) being logged in the materialized view logs in all containers
SYS,CDB_MVIEW_LOGS,All materialized view logs in the database in all containers
SYS,CDB_MVIEW_REFRESH_TIMES,All fast refreshable materialized views and their last refresh times for each master table in all containers
SYS,CDB_MVIEWS,All materialized views in the database in all containers
SYS,CDB_MVREF_CHANGE_STATS,in all containers
SYS,CDB_MVREF_RUN_STATS,in all containers
SYS,CDB_MVREF_STATS,in all containers
SYS,CDB_MVREF_STATS_PARAMS,in all containers
SYS,CDB_MVREF_STATS_SYS_DEFAULTS,in all containers
SYS,CDB_MVREF_STMT_STATS,in all containers
SYS,CDB_NESTED_TABLE_COLS,Columns of nested tables in all containers
SYS,CDB_NESTED_TABLES,Description of nested tables contained in all tables in all containers
SYS,CDB_NETWORK_ACL_PRIVILEGES,Privileges defined in network access control lists in all containers
SYS,CDB_NETWORK_ACLS,Access control lists assigned to restrict access to network hosts through PL/SQL network utility packages in all containers
SYS,CDB_OBJ_AUDIT_OPTS,Auditing options for all tables and views with atleast one option set in all containers
SYS,CDB_OBJ_COLATTRS,Description of object columns and attributes contained in all tables in the database in all containers
SYS,CDB$OBJECTS,
SYS,CDB_OBJECTS,All objects in the database in all containers
SYS,CDB_OBJECTS_AE,All objects in the database in all containers
SYS,CDB_OBJECT_SIZE,"Sizes, in bytes, of various pl/sql objects in all containers"
SYS,CDB_OBJECT_TABLES,Description of all object tables in the database in all containers
SYS,CDB_OBJECT_USAGE,Record of index usage in all containers
SYS,CDB_OGG_AUTO_CAPTURED_TABLES,All tables at the database that are enabled for Oracle GoldenGata Auto Capture in all containers
SYS,CDB_OLDIMAGE_COLUMNS,Gives all object tables and columns in old (8.0) image format in all containers
SYS,CDB_OPANCILLARY,All ancillary operators in all containers
SYS,CDB_OPARGUMENTS,All operator arguments in all containers
SYS,CDB_OPBINDINGS,All operator binding functiosn or methods in all containers
SYS,CDB_OPERATOR_COMMENTS,Comments for user-defined operators in all containers
SYS,CDB_OPERATORS,All operators in all containers
SYS,CDB_OPTSTAT_OPERATIONS,History of statistics operations performed in all containers
SYS,CDB_OPTSTAT_OPERATION_TASKS,Tasks that are performed as part of statistics operations in all containers
SYS,CDB_OUTLINE_HINTS,Hints stored in outlines in all containers
SYS,CDB_OUTLINES,Stored outlines in all containers
SYS,CDB_OUTSTANDING_ALERTS,Description of all outstanding alerts in all containers
SYS,CDB_PARALLEL_EXECUTE_CHUNKS,in all containers
SYS,CDB_PARALLEL_EXECUTE_TASKS,in all containers
SYS,CDB_PART_COL_STATISTICS,in all containers
SYS,CDB_PART_HISTOGRAMS,in all containers
SYS,CDB_PARTIAL_DROP_TABS,All tables with partially dropped columns in the database in all containers
SYS,CDB_PART_INDEXES,in all containers
SYS,CDB_PART_KEY_COLUMNS,in all containers
SYS,CDB_PART_KEY_COLUMNS_V$,in all containers
SYS,CDB_PART_LOBS,in all containers
SYS,CDB_PART_TABLES,in all containers
SYS,CDB_PDB_HISTORY,Describes lineage of the pluggable database to which it belongs in all containers
SYS,CDB_PDBS,Describes all pluggable databases in the consolidated database in all containers
SYS,CDB_PDB_SAVED_STATES,Shows all saved pluggable database states in the consolidated database in all containers
SYS,CDB_PDB_SNAPSHOTFILE,Describes all snapshotfile for a given pluggable database in all containers
SYS,CDB_PDB_SNAPSHOTS,Describes all snapshots for a given pluggable database in all containers
SYS,CDB_PENDING_CONV_TABLES,All tables which are not upgraded to the latest type version in the database in all containers
SYS,CDB_PENDING_TRANSACTIONS,information about unresolved global transactions in all containers
SYS,CDB_PLSQL_COLL_TYPES,Description of all named collection types in the database in all containers
SYS,CDB_PLSQL_OBJECT_SETTINGS,Compiler settings of all objects in the database in all containers
SYS,CDB_PLSQL_TYPE_ATTRS,Description of attributes of all plsql types in the database in all containers
SYS,CDB_PLSQL_TYPES,Description of all types in the database in all containers
SYS,CDB_POLICIES,All row level security policies in the database in all containers
SYS,CDB_POLICY_ATTRIBUTES,Attribute associations of all context sensitive and shared context sensitive policies in the database in all containers
SYS,CDB_POLICY_CONTEXTS,"All policy driving context defined for any synonym, table, or view in the database in all containers"
SYS,CDB_POLICY_GROUPS,"All policy groups defined for any synonym, table, view in the database in all containers"
SYS,CDB_PRIVATE_TEMP_TABLES,Description of the Private Temp Table accessible to the DBA in all containers
SYS,CDB_PRIV_AUDIT_OPTS,Describes current system privileges being audited across the system and by user in all containers
SYS,CDB_PRIV_CAPTURES,in all containers
SYS,CDB_PROCEDURES,Description of the dba functions/procedures/packages/types/triggers in all containers
SYS,CDB_PROFILES,Display all profiles and their limits in all containers
SYS,CDB_PROPAGATION,Streams propagation in the database in all containers
SYS,CDB_PROPERTIES,Permanent database properties in all containers
SYS,CDB_PROPS$,
SYS,CDB_PROXIES,Information about all proxy connections in all containers
SYS,CDB_PTC_APPLY_PROGRESS,in all containers
SYS,CDB_QUEUE_PUBLISHERS,in all containers
SYS,CDB_QUEUES,All database queues in all containers
SYS,CDB_QUEUE_SCHEDULES,in all containers
SYS,_CDB_QUEUE_STATS1,in all containers
SYS,CDB_QUEUE_SUBSCRIBERS,queue subscribers in the database in all containers
SYS,CDB_QUEUE_TABLES,All queue tables created in the database in all containers
SYS,CDB_RCHILD,All the children in any refresh group.  This view is not a join. in all containers
SYS,CDB_RECOVERABLE_SCRIPT,Details about recoverable operations in all containers
SYS,CDB_RECOVERABLE_SCRIPT_BLOCKS,Details about the recoverable script blocks in all containers
SYS,CDB_RECOVERABLE_SCRIPT_ERRORS,Details showing errors during script execution in all containers
SYS,CDB_RECOVERABLE_SCRIPT_HIST,Details about executed or purged recoverable operations in all containers
SYS,CDB_RECOVERABLE_SCRIPT_PARAMS,Details about the recoverable operation parameters in all containers
SYS,CDB_RECYCLEBIN,Description of the Recyclebin view accessible to the user in all containers
SYS,CDB_REDEFINITION_ERRORS,in all containers
SYS,CDB_REDEFINITION_OBJECTS,in all containers
SYS,CDB_REDEFINITION_STATUS,in all containers
SYS,CDB_REDO_DB,in all containers
SYS,CDB_REDO_LOG,in all containers
SYS,CDB_REFRESH,All the refresh groups in all containers
SYS,CDB_REFRESH_CHILDREN,All the objects in refresh groups in all containers
SYS,CDB_REFS,Description of REF columns contained in all tables in all containers
SYS,CDB_REGISTERED_ARCHIVED_LOG,Details about the registered log files in all containers
SYS,CDB_REGISTERED_MVIEWS,Remote materialized views of local tables in all containers
SYS,CDB_REGISTERED_SNAPSHOTS,Remote snapshots of local tables in all containers
SYS,CDB_REGISTRY,in all containers
SYS,CDB_REGISTRY_BACKPORTS,in all containers
SYS,CDB_REGISTRY_DATABASE,in all containers
SYS,CDB_REGISTRY_DEPENDENCIES,in all containers
SYS,CDB_REGISTRY_ERROR,in all containers
SYS,CDB_REGISTRY_HIERARCHY,in all containers
SYS,CDB_REGISTRY_HISTORY,in all containers
SYS,CDB_REGISTRY_LOG,in all containers
SYS,CDB_REGISTRY_PROGRESS,in all containers
SYS,CDB_REGISTRY_SCHEMAS,in all containers
SYS,CDB_REGISTRY_SQLPATCH,in all containers
SYS,CDB_REGISTRY_SQLPATCH_RU_INFO,in all containers
SYS,CDB_REPLAY_UPGRADE_ERRORS,Describes all error messages in Replay Upgrade in all containers
SYS,CDB_REPL_DBNAME_MAPPING,Details about the database name mapping in all containers
SYS,CDB_REPLICATION_PROCESS_EVENTS,Dictionary table for the replication processes events
SYS,CDB_RESOURCE_INCARNATIONS,Resource incarnations that are running or eligible for HA status notification in all containers
SYS,CDB_RESOURCE_PLAN$,
SYS,CDB_RESOURCE_PLAN_DIRECTIVE$,
SYS,CDB_RESUMABLE,Resumable session information in the system in all containers
SYS,CDB_REWRITE_EQUIVALENCES,Description of rewrite equivalence accessible to DBA in all containers
SYS,CDB_RGROUP,All refresh groups.  This view is not a join. in all containers
SYS,CDB_ROLE_PRIVS,Roles granted to users and roles in all containers
SYS,CDB_ROLES,All Roles which exist in the database in all containers
SYS,CDB_ROLLBACK_SEGS,Description of rollback segments in all containers
SYS,CDB_ROLLING_DATABASES,List of all databases eligible for configuration with rolling upgrade in all containers
SYS,CDB_ROLLING_EVENTS,List of all events reported from DBMS_ROLLING PL/SQL package in all containers
SYS,CDB_ROLLING_PARAMETERS,List of parameters to configure rolling upgrade in all containers
SYS,CDB_ROLLING_PLAN,List of instructions which constitutes the upgrade plan in all containers
SYS,CDB_ROLLING_STATISTICS,List of rolling upgrade statistics in all containers
SYS,CDB_ROLLING_STATUS,Overall status of the rolling upgrade in all containers
SYS,CDB_ROLLING_SUPPORT_MODE,List of all tables and their support_mode during DBMS_ROLLING upgrade in all containers
SYS,CDB_ROLLING_UNSUPPORTED,List of all the columns that are not supported by DBMS_ROLLING upgrades in all containers
SYS,CDB$ROOTDEPS,
SYS,CDB_ROPP$X$KCCAL,
SYS,CDB_ROPP$X$KCCBF,
SYS,CDB_ROPP$X$KCCBI,
SYS,CDB_ROPP$X$KCCBL,
SYS,CDB_ROPP$X$KCCBLKCOR,
SYS,CDB_ROPP$X$KCCBP,
SYS,CDB_ROPP$X$KCCBS,
SYS,CDB_ROPP$X$KCCCC,
SYS,CDB_ROPP$X$KCCDC,
SYS,CDB_ROPP$X$KCCDI,
SYS,CDB_ROPP$X$KCCDI2,
SYS,CDB_ROPP$X$KCCFC,
SYS,CDB_ROPP$X$KCCFE,
SYS,CDB_ROPP$X$KCCFN,
SYS,CDB_ROPP$X$KCCIC,
SYS,CDB_ROPP$X$KCCLE,
SYS,CDB_ROPP$X$KCCLH,
SYS,CDB_ROPP$X$KCCOR,
SYS,CDB_ROPP$X$KCCPA,
SYS,CDB_ROPP$X$KCCPD,
SYS,CDB_ROPP$X$KCCPDB,
SYS,CDB_ROPP$X$KCCPIC,
SYS,CDB_ROPP$X$KCCRSR,
SYS,CDB_ROPP$X$KCCRT,
SYS,CDB_ROPP$X$KCCSL,
SYS,CDB_ROPP$X$KCCTF,
SYS,CDB_ROPP$X$KCCTIR,
SYS,CDB_ROPP$X$KCCTKH,
SYS,CDB_ROPP$X$KCCTS,
SYS,CDB_ROPP$X$KCPDBINC,
SYS,CDB_ROPP$X$KCVDF,
SYS,CDB_ROPP$X$KCVFH,
SYS,CDB_ROPP$X$KCVFHALL,
SYS,CDB_ROPP$X$KCVFHTMP,
SYS,CDB_RPP$X$KCCAL,in all containers
SYS,CDB_RPP$X$KCCBF,in all containers
SYS,CDB_RPP$X$KCCBI,in all containers
SYS,CDB_RPP$X$KCCBL,in all containers
SYS,CDB_RPP$X$KCCBLKCOR,in all containers
SYS,CDB_RPP$X$KCCBP,in all containers
SYS,CDB_RPP$X$KCCBS,in all containers
SYS,CDB_RPP$X$KCCCC,in all containers
SYS,CDB_RPP$X$KCCDC,in all containers
SYS,CDB_RPP$X$KCCDI,in all containers
SYS,CDB_RPP$X$KCCDI2,in all containers
SYS,CDB_RPP$X$KCCFC,in all containers
SYS,CDB_RPP$X$KCCFE,in all containers
SYS,CDB_RPP$X$KCCFN,in all containers
SYS,CDB_RPP$X$KCCIC,in all containers
SYS,CDB_RPP$X$KCCLE,in all containers
SYS,CDB_RPP$X$KCCLH,in all containers
SYS,CDB_RPP$X$KCCOR,in all containers
SYS,CDB_RPP$X$KCCPA,in all containers
SYS,CDB_RPP$X$KCCPD,in all containers
SYS,CDB_RPP$X$KCCPDB,in all containers
SYS,CDB_RPP$X$KCCPIC,in all containers
SYS,CDB_RPP$X$KCCRSR,in all containers
SYS,CDB_RPP$X$KCCRT,in all containers
SYS,CDB_RPP$X$KCCSL,in all containers
SYS,CDB_RPP$X$KCCTF,in all containers
SYS,CDB_RPP$X$KCCTIR,in all containers
SYS,CDB_RPP$X$KCCTKH,in all containers
SYS,CDB_RPP$X$KCCTS,in all containers
SYS,CDB_RPP$X$KCPDBINC,in all containers
SYS,CDB_RPP$X$KCVDF,in all containers
SYS,CDB_RPP$X$KCVFH,in all containers
SYS,CDB_RPP$X$KCVFHALL,in all containers
SYS,CDB_RPP$X$KCVFHTMP,in all containers
SYS,CDB_RSRC_CAPABILITY,"settings for database resources that are capable of being managed by the
Resource Manager in all containers"
SYS,CDB_RSRC_CATEGORIES,All resource consumer group categories in all containers
SYS,CDB_RSRC_CONSUMER_GROUP_PRIVS,Switch privileges for consumer groups in all containers
SYS,CDB_RSRC_CONSUMER_GROUPS,all the resource consumer groups in all containers
SYS,CDB_RSRC_GROUP_MAPPINGS,all the consumer group mappings in all containers
SYS,CDB_RSRC_INSTANCE_CAPABILITY,"per-instance settings for database resources that are capable of being
managed by the Resource Manager in all containers"
SYS,CDB_RSRC_IO_CALIBRATE,Results of the most recent I/O calibration in all containers
SYS,CDB_RSRC_MANAGER_SYSTEM_PRIVS,system privileges for the resource manager in all containers
SYS,CDB_RSRC_MAPPING_PRIORITY,the consumer group mapping attribute priorities in all containers
SYS,CDB_RSRC_PLAN_DIRECTIVES,all the resource plan directives in all containers
SYS,CDB_RSRC_PLANS,All the resource plans in all containers
SYS,CDB_RSRC_STORAGE_POOL_MAPPING,resource manager rules for mapping files to storage pools in all containers
SYS,CDB_RULES,Rules in the databse in all containers
SYS,CDB_RULE_SET_RULES,Rules in all rule sets in the database in all containers
SYS,CDB_RULE_SETS,Rule sets in the database in all containers
SYS,CDB_RULESETS,Rulesets in the database: maintained for backward compatibility in all containers
SYS,_CDB_RULES1,in all containers
SYS,CDB_SCHEDULER_CHAIN_RULES,All rules from scheduler chains in the database in all containers
SYS,CDB_SCHEDULER_CHAINS,All scheduler chains in the database in all containers
SYS,CDB_SCHEDULER_CHAIN_STEPS,All steps of scheduler chains in the database in all containers
SYS,CDB_SCHEDULER_CREDENTIALS,All scheduler credentials in the database in all containers
SYS,CDB_SCHEDULER_DB_DESTS,All destination objects in the database pointing to remote databases in all containers
SYS,CDB_SCHEDULER_DESTS,All possible destination objects for jobs in the database in all containers
SYS,CDB_SCHEDULER_EXTERNAL_DESTS,All destination objects in the database pointing to remote agents in all containers
SYS,CDB_SCHEDULER_FILE_WATCHERS,All scheduler file watch requests in the database in all containers
SYS,CDB_SCHEDULER_GLOBAL_ATTRIBUTE,All scheduler global attributes in all containers
SYS,CDB_SCHEDULER_GROUP_MEMBERS,Members of all scheduler object groups in the database in all containers
SYS,CDB_SCHEDULER_GROUPS,All scheduler object groups in the database in all containers
SYS,CDB_SCHEDULER_INCOMPAT_MEMBER,All incompatibility resource objects members in the database in all containers
SYS,CDB_SCHEDULER_INCOMPATS,All scheduler incompatibility resource objects in the database in all containers
SYS,CDB_SCHEDULER_JOB_ARGS,All arguments with set values of all scheduler jobs in the database in all containers
SYS,CDB_SCHEDULER_JOB_CLASSES,All scheduler classes in the database in all containers
SYS,CDB_SCHEDULER_JOB_DESTS,State of all jobs at each of their destinations in all containers
SYS,CDB_SCHEDULER_JOB_LOG,Logged information for all scheduler jobs in all containers
SYS,CDB_SCHEDULER_JOB_ROLES,All scheduler jobs in the database by database role in all containers
SYS,CDB_SCHEDULER_JOB_RUN_DETAILS,The details of a job run in all containers
SYS,CDB_SCHEDULER_JOBS,All scheduler jobs in the database in all containers
SYS,CDB_SCHEDULER_NOTIFICATIONS,All job e-mail notifications in the database in all containers
SYS,CDB_SCHEDULER_PROGRAM_ARGS,All arguments of all scheduler programs in the database in all containers
SYS,CDB_SCHEDULER_PROGRAMS,All scheduler programs in the database in all containers
SYS,CDB_SCHEDULER_REMOTE_DATABASES,List of registered remote databases for jobs in all containers
SYS,CDB_SCHEDULER_REMOTE_JOBSTATE,Remote state of all jobs originating from this database in all containers
SYS,CDB_SCHEDULER_RESOURCES,All scheduler resource objects in the database in all containers
SYS,CDB_SCHEDULER_RSC_CONSTRAINTS,All scheduler resource constraint members in the database in all containers
SYS,CDB_SCHEDULER_RUNNING_CHAINS,All steps of all running chains in the database in all containers
SYS,CDB_SCHEDULER_RUNNING_JOBS,in all containers
SYS,CDB_SCHEDULER_SCHEDULES,All schedules in the database in all containers
SYS,CDB_SCHEDULER_WINDOW_DETAILS,The details of a window in all containers
SYS,CDB_SCHEDULER_WINDOW_GROUPS,All scheduler window groups in the database in all containers
SYS,CDB_SCHEDULER_WINDOW_LOG,Logged information for all scheduler windows in all containers
SYS,CDB_SCHEDULER_WINDOWS,All scheduler windows in the database in all containers
SYS,CDB_SCHEDULER_WINGROUP_MEMBERS,Members of all scheduler window groups in the database in all containers
SYS,CDB_SECONDARY_OBJECTS,All secondary objects for domain indexes in all containers
SYS,CDB_SEC_RELEVANT_COLS,Security Relevant columns of all VPD policies in the database in all containers
SYS,CDB_SECUREFILE_LOG_INSTANCES,in all containers
SYS,CDB_SECUREFILE_LOG_PARTITIONS,in all containers
SYS,CDB_SECUREFILE_LOGS,in all containers
SYS,CDB_SECUREFILE_LOG_TABLES,in all containers
SYS,CDB_SEGMENTS,Storage allocated for all database segments in all containers
SYS,CDB_SEGMENTS_OLD,Storage allocated for all database segments in all containers
SYS,CDB_SENSITIVE_COLUMN_TYPES,All Sensitive Column Types in the database in all containers
SYS,CDB_SENSITIVE_DATA,All sensitive data in the database identified using TSDP in all containers
SYS,CDB_SEQUENCES,Description of all SEQUENCEs in the database in all containers
SYS,CDB_SERVER_REGISTRY,in all containers
SYS,CDB_SERVICE$,
SYS,CDB_SERVICES,in all containers
SYS,CDB_SNAPSHOT_LOGS,All snapshot logs in the database in all containers
SYS,CDB_SNAPSHOTS,All snapshots in the database in all containers
SYS,CDB_SOURCE,Source of all stored objects in the database in all containers
SYS,CDB_SOURCE_AE,Source of all stored objects in the database in all containers
SYS,CDB_SQLJ_TYPE_ATTRS,Description of attributes of all types in the database in all containers
SYS,CDB_SQLJ_TYPE_METHODS,Description of methods of all types in the database in all containers
SYS,CDB_SQLJ_TYPES,Description of all types in the database in all containers
SYS,CDB_SQL_MANAGEMENT_CONFIG,in all containers
SYS,CDB_SQL_MONITOR_USAGE,in all containers
SYS,CDB_SQL_PATCHES,set of sql patches in all containers
SYS,CDB_SQL_PLAN_BASELINES,set of plan baselines in all containers
SYS,CDB_SQL_PLAN_DIRECTIVES,Set of sql plan directives in all containers
SYS,CDB_SQL_PLAN_DIR_OBJECTS,Set of objects in sql plan directive in all containers
SYS,CDB_SQL_PROFILES,set of sql profiles in all containers
SYS,CDB_SQL_QUARANTINE,in all containers
SYS,CDB_SQLSET,in all containers
SYS,CDB_SQLSET_BINDS,in all containers
SYS,CDB_SQLSET_PLANS,in all containers
SYS,CDB_SQLSET_REFERENCES,in all containers
SYS,CDB_SQLSET_STATEMENTS,in all containers
SYS,CDB_SQL_TRANSLATION_PROFILES,Describes all SQL translation profiles in the database in all containers
SYS,CDB_SQL_TRANSLATIONS,Describes all SQL translations in the database in all containers
SYS,CDB_SQLTUNE_BINDS,in all containers
SYS,CDB_SQLTUNE_PLANS,in all containers
SYS,CDB_SQLTUNE_RATIONALE_PLAN,in all containers
SYS,CDB_SQLTUNE_STATISTICS,in all containers
SYS,CDB_SR_GRP_STATUS,in all containers
SYS,CDB_SR_GRP_STATUS_ALL,All synchronous refresh groups in the database in all containers
SYS,CDB_SR_OBJ,in all containers
SYS,CDB_SR_OBJ_ALL,All synchronous refresh objects in the database in all containers
SYS,CDB_SR_OBJ_STATUS,in all containers
SYS,CDB_SR_OBJ_STATUS_ALL,All synchronous refresh objects in the database in all containers
SYS,CDB_SR_PARTN_OPS,in all containers
SYS,CDB_SR_STLOG_EXCEPTIONS,in all containers
SYS,CDB_SR_STLOG_STATS,in all containers
SYS,CDB_SSCR_CAPTURE,Session state capture statistics in all containers
SYS,CDB_SSCR_RESTORE,Session state restore statistics in all containers
SYS,CDB_STATEMENTS,Statements in stored objects accessible to sys in all containers
SYS,CDB_STAT_EXTENSIONS,Optimizer statistics extensions in all containers
SYS,CDB_STMT_AUDIT_OPTS,Describes current system auditing options across the system and by user in all containers
SYS,CDB_STORED_SETTINGS,Parameter settings for all objects in all containers
SYS,CDB_STREAMS_ADD_COLUMN,Add column transformations in all containers
SYS,CDB_STREAMS_ADMINISTRATOR,Users granted the privileges to be a streams administrator in all containers
SYS,CDB_STREAMS_COLUMNS,Supportability info about streams columns in all containers
SYS,CDB_STREAMS_DELETE_COLUMN,Delete column transformations in all containers
SYS,CDB_STREAMS_GLOBAL_RULES,Global rules created by streams administrative APIs in all containers
SYS,CDB_STREAMS_KEEP_COLUMNS,Keep columns transformations in all containers
SYS,CDB_STREAMS_MESSAGE_CONSUMERS,Streams messaging consumers in all containers
SYS,CDB_STREAMS_MESSAGE_RULES,Rules for Streams messaging in all containers
SYS,CDB_STREAMS_NEWLY_SUPPORTED,List of tables that are newly supported by Streams capture in all containers
SYS,CDB_STREAMS_RENAME_COLUMN,Rename column transformations in all containers
SYS,CDB_STREAMS_RENAME_SCHEMA,Rename schema transformations in all containers
SYS,CDB_STREAMS_RENAME_TABLE,Rename table transformations in all containers
SYS,CDB_STREAMS_RULES,Rules used by Streams processes in all containers
SYS,CDB_STREAMS_SCHEMA_RULES,Schema rules created by streams administrative APIs in all containers
SYS,CDB_STREAMS_SPLIT_MERGE,view of details of split/merge jobs/status about streams in all containers
SYS,CDB_STREAMS_SPLIT_MERGE_HIST,history view of details of split/merge jobs/status about streams in all containers
SYS,CDB_STREAMS_STMT_HANDLERS,in all containers
SYS,CDB_STREAMS_STMTS,in all containers
SYS,CDB_STREAMS_TABLE_RULES,Table rules created by streams administrative APIs in all containers
SYS,CDB_STREAMS_TP_COMPONENT,DBA Streams Component in all containers
SYS,CDB_STREAMS_TP_COMPONENT_LINK,DBA Streams Component Link (Streams Topology Links) in all containers
SYS,CDB_STREAMS_TP_COMPONENT_STAT,DBA Streams Component Statistics in all containers
SYS,CDB_STREAMS_TP_DATABASE,DBA Streams Database in all containers
SYS,CDB_STREAMS_TP_PATH_BOTTLENECK,DBA Streams Path Bottleneck in all containers
SYS,CDB_STREAMS_TP_PATH_STAT,DBA Streams Path Statistics in all containers
SYS,CDB_STREAMS_TRANSFORMATIONS,Transformations defined on rules in all containers
SYS,CDB_STREAMS_TRANSFORM_FUNCTION,Rules-based transform functions used by Streams in all containers
SYS,CDB_STREAMS_UNSUPPORTED,List of all the tables that are not supported by Streams in this release in all containers
SYS,CDB_SUBPART_COL_STATISTICS,in all containers
SYS,CDB_SUBPART_HISTOGRAMS,in all containers
SYS,CDB_SUBPARTITION_TEMPLATES,in all containers
SYS,CDB_SUBPART_KEY_COLUMNS,in all containers
SYS,CDB_SUBPART_KEY_COLUMNS_V$,in all containers
SYS,CDB_SUBSCR_DUR_REGISTRATIONS,All Durable subscription registrations created in the database in all containers
SYS,CDB_SUBSCR_REGISTRATIONS,All subscription registrations created in the database in all containers
SYS,CDB_SUMMARIES,Description of the summaries accessible to dba in all containers
SYS,CDB_SUMMARY_AGGREGATES,in all containers
SYS,CDB_SUMMARY_DETAIL_TABLES,in all containers
SYS,CDB_SUMMARY_JOINS,in all containers
SYS,CDB_SUMMARY_KEYS,in all containers
SYS,CDB_SUPPLEMENTAL_LOGGING,Describes the current state of supplemental logging for this database in all containers
SYS,CDB_SYNC_CAPTURE,Details about the sync capture process in all containers
SYS,CDB_SYNC_CAPTURE_PREPARED_TABS,All tables prepared for synchronous capture instantiation in all containers
SYS,CDB_SYNC_CAPTURE_TABLES,All tables that are captured by synchronous streams captures. in all containers
SYS,CDB_SYNONYMS,All synonyms in the database in all containers
SYS,CDB_SYS_PRIVS,System privileges granted to users and roles in all containers
SYS,CDB_TAB_COLS,"Columns of user's tables, views and clusters in all containers"
SYS,CDB_TAB_COL_STATISTICS,"Columns of user's tables, views and clusters in all containers"
SYS,CDB_TAB_COLS_V$,in all containers
SYS,CDB_TAB_COLUMNS,"Columns of user's tables, views and clusters in all containers"
SYS,CDB_TAB_COMMENTS,Comments on all tables and views in the database in all containers
SYS,CDB_TAB_HISTGRM_PENDING_STATS,"Pending statistics of tables, partitions, and subpartitions in all containers"
SYS,CDB_TAB_HISTOGRAMS,Histograms on columns of all tables in all containers
SYS,CDB_TAB_IDENTITY_COLS,Describes all table identity columns in all containers
SYS,CDB$TABLES,
SYS,CDB_TABLES,Description of all relational tables in the database in all containers
SYS,CDB_TABLESPACE_GROUPS,Description of all tablespace groups in all containers
SYS,CDB_TABLESPACES,Description of all tablespaces in all containers
SYS,CDB_TABLESPACE_THRESHOLDS,Space Utilization Threshold settings for all tablespaces in all containers
SYS,CDB_TABLESPACE_USAGE_METRICS,Description of all tablespace space usage metrics in all containers
SYS,CDB_TAB_MODIFICATIONS,Information regarding modifications to tables in all containers
SYS,CDB_TAB_PARTITIONS,in all containers
SYS,CDB_TAB_PENDING_STATS,"Pending statistics of tables, partitions, and subpartitions in all containers"
SYS,CDB_TAB_PRIVS,All grants on objects in the database in all containers
SYS,CDB_TAB_STATISTICS,Optimizer statistics for all tables in the database in all containers
SYS,CDB_TAB_STAT_PREFS,Statistics preferences for tables in all containers
SYS,CDB_TAB_STATS_HISTORY,History of table statistics modifications in all containers
SYS,CDB_TAB_SUBPARTITIONS,in all containers
SYS,CDB_TEMP_FILES,Information about database temp files for all instances in all containers
SYS,CDB_TEMP_FREE_SPACE,Summary of temporary space usage in all containers
SYS,CDB_THRESHOLDS,Desription of all thresholds in all containers
SYS,CDB_TRANSFORMATIONS,in all containers
SYS,CDB_TRIGGER_COLS,Column usage in all triggers in all containers
SYS,CDB_TRIGGER_ORDERING,All triggers having FOLLOWS or PRECEDES ordering in the database in all containers
SYS,CDB_TRIGGERS,All triggers in the database in all containers
SYS,CDB_TRIGGERS_AE,All triggers in the database in all containers
SYS,CDB_TS$,
SYS,CDB_TSDP_IMPORT_ERRORS,Lists the errors encountered during import of Discovery Result in all containers
SYS,CDB_TSDP_POLICY_CONDITION,The conditions of TSDP policies in all containers
SYS,CDB_TSDP_POLICY_FEATURE,All TSDP policies in the database in all containers
SYS,CDB_TSDP_POLICY_PARAMETER,Parameters of the TSDP policies in all containers
SYS,CDB_TSDP_POLICY_PROTECTION,Lists the protection enabled through TSDP in all containers
SYS,CDB_TSDP_POLICY_TYPE,All TSDP policy and Sensitive Type associations in all containers
SYS,CDB_TSM_DESTINATION,Transparent session migration source session statistics in all containers
SYS,CDB_TSM_HISTORY,Transparent session migration statistics in all containers
SYS,CDB_TSM_SOURCE,Transparent session migration source session statistics in all containers
SYS,CDB_TS_QUOTAS,Tablespace quotas for all users in all containers
SYS,CDB_TSTZ_TAB_COLS,"Columns of all tables in the database, which have column(s) defined on timestamp with time zone data type or ADT type containing attribute(s) of timestamp with time zone data type in all containers"
SYS,CDB_TSTZ_TABLES,"Description of all tables in the database, which have column(s) defined on timestamp with time zone data type or ADT type containing attribute(s) of timestamp with time zone data type in all containers"
SYS,CDB_TUNE_MVIEW,Catalog View to show the result after executing TUNE_MVIEW() API in all containers
SYS,CDB_TYPE_ATTRS,Description of attributes of all types in the database in all containers
SYS,CDB_TYPE_METHODS,Description of methods of all types in the database in all containers
SYS,CDB$TYPES,
SYS,CDB_TYPES,Description of all types in the database in all containers
SYS,CDB_TYPE_VERSIONS,Description of each type version in the database in all containers
SYS,CDB_UNDO_EXTENTS,Extents comprising all segments in the system managed undo tablespaces in all containers
SYS,CDB_UNUSED_COL_TABS,All tables with unused columns in the database in all containers
SYS,CDB_UNUSED_GRANTS,in all containers
SYS,CDB_UNUSED_OBJPRIVS,in all containers
SYS,CDB_UNUSED_OBJPRIVS_PATH,in all containers
SYS,CDB_UNUSED_PRIVS,in all containers
SYS,CDB_UNUSED_SYSPRIVS,in all containers
SYS,CDB_UNUSED_SYSPRIVS_PATH,in all containers
SYS,CDB_UNUSED_USERPRIVS,in all containers
SYS,CDB_UNUSED_USERPRIVS_PATH,in all containers
SYS,CDB_UPDATABLE_COLUMNS,Description of dba updatable columns in all containers
SYS,CDB_UPGRADE_ERRORS,Errors during the upgrade in all containers
SYS,CDB_USED_OBJPRIVS,in all containers
SYS,CDB_USED_OBJPRIVS_PATH,in all containers
SYS,CDB_USED_PRIVS,in all containers
SYS,CDB_USED_PUBPRIVS,in all containers
SYS,CDB_USED_SYSPRIVS,in all containers
SYS,CDB_USED_SYSPRIVS_PATH,in all containers
SYS,CDB_USED_USERPRIVS,in all containers
SYS,CDB_USED_USERPRIVS_PATH,in all containers
SYS,CDB_USERS,Information about all users of the database in all containers
SYS,CDB_USERS_WITH_DEFPWD,Users that are still using their default passwords in all containers
SYS,CDB_USTATS,All statistics collected on either tables or indexes in all containers
SYS,CDB_VARRAYS,Description of varrays in tables accessible to the user in all containers
SYS,CDB_VIEWS,Description of all views in the database in all containers
SYS,CDB_VIEWS_AE,Description of all views in the database in all containers
SYS,CDBVW_STATS$,
SYS,CDB_WAITERS,in all containers
SYS,CDB_WALLET_ACES,Access control entries defined in wallet access control lists in all containers
SYS,CDB_WALLET_ACLS,Access control lists assigned to restrict access to wallets through PL/SQL network utility packages in all containers
SYS,CDB_WARNING_SETTINGS,warning settings for all objects in all containers
SYS,CDB_WI_CAPTURE_FILES,in all containers
SYS,CDB_WI_JOBS,in all containers
SYS,CDB_WI_OBJECTS,in all containers
SYS,CDB_WI_PATTERN_ITEMS,in all containers
SYS,CDB_WI_PATTERNS,in all containers
SYS,CDB_WI_STATEMENTS,in all containers
SYS,CDB_WI_TEMPLATE_EXECUTIONS,in all containers
SYS,CDB_WI_TEMPLATES,in all containers
SYS,CDB_WORKLOAD_ACTIVE_USER_MAP,in all containers
SYS,CDB_WORKLOAD_CAPTURES,in all containers
SYS,CDB_WORKLOAD_CONNECTION_MAP,in all containers
SYS,CDB_WORKLOAD_DIV_SUMMARY,in all containers
SYS,CDB_WORKLOAD_FILTERS,in all containers
SYS,CDB_WORKLOAD_GROUP_ASSIGNMENTS,in all containers
SYS,CDB_WORKLOAD_REPLAY_CLIENTS,in all containers
SYS,CDB_WORKLOAD_REPLAY_DIVERGENCE,in all containers
SYS,CDB_WORKLOAD_REPLAY_FILTER_SET,in all containers
SYS,CDB_WORKLOAD_REPLAY_IFSLA,in all containers
SYS,CDB_WORKLOAD_REPLAYS,in all containers
SYS,CDB_WORKLOAD_REPLAY_SCHEDULES,in all containers
SYS,CDB_WORKLOAD_REPLAY_THREAD,in all containers
SYS,CDB_WORKLOAD_SCHEDULE_CAPTURES,in all containers
SYS,CDB_WORKLOAD_SCHEDULE_ORDERING,in all containers
SYS,CDB_WORKLOAD_SQL_MAP,in all containers
SYS,CDB_WORKLOAD_TRACKED_COMMITS,in all containers
SYS,CDB_WORKLOAD_USER_MAP,in all containers
SYS,CDB_XDS_ACL_REFRESH,in all containers
SYS,CDB_XDS_ACL_REFSTAT,in all containers
SYS,CDB_XDS_LATEST_ACL_REFSTAT,in all containers
SYS,CDB_XML_INDEXES,Description of all XML indexes in the database in all containers
SYS,CDB_XML_NESTED_TABLES,in all containers
SYS,CDB_XML_OUT_OF_LINE_TABLES,in all containers
SYS,CDB_XML_SCHEMA_ATTRIBUTES,in all containers
SYS,CDB_XML_SCHEMA_COMPLEX_TYPES,in all containers
SYS,CDB_XML_SCHEMA_DEPENDENCY,Description of all XML schema first level dependencies on imported and included XML schemas in all containers
SYS,CDB_XML_SCHEMA_ELEMENTS,in all containers
SYS,CDB_XML_SCHEMA_IMPORTS,Description of all XML schema first level dependencies on imported XML schemas in all containers
SYS,CDB_XML_SCHEMA_INCLUDES,Description of all XML schema first level dependencies on included XML schemas in all containers
SYS,CDB_XMLSCHEMA_LEVEL_VIEW,in all containers
SYS,CDB_XMLSCHEMA_LEVEL_VIEW_DUP,in all containers
SYS,CDB_XML_SCHEMA_NAMESPACES,in all containers
SYS,CDB_XML_SCHEMAS,Description of all the XML Schemas registered in all containers
SYS,CDB_XML_SCHEMA_SIMPLE_TYPES,in all containers
SYS,CDB_XML_SCHEMA_SUBSTGRP_HEAD,in all containers
SYS,CDB_XML_SCHEMA_SUBSTGRP_MBRS,in all containers
SYS,CDB_XML_TAB_COLS,Description of all XML tables in the database in all containers
SYS,CDB_XML_TABLES,Description of all XML tables in the database in all containers
SYS,CDB_XMLTYPE_COLS,in all containers
SYS,CDB_XML_VIEW_COLS,Description of all XML views in the database in all containers
SYS,CDB_XML_VIEWS,Description of all XML views in the database in all containers
SYS,CDB_XS_ACES,All the Real Application Security ACES defined in database in all containers
SYS,CDB_XS_ACL_PARAMETERS,All the Real Application Security ACL parameters defined in the database in all containers
SYS,CDB_XS_ACLS,All the Real Application Security ACLs defined in the database in all containers
SYS,CDB_XS_ACTIVE_SESSIONS,All the attached application sessions in the database in all containers
SYS,CDB_XS_APPLIED_POLICIES,All the database objects on which Real Application Security data security policies are enabled in all containers
SYS,CDB_XS_AUDIT_POLICY_OPTIONS,"Describes auditing options defined under all XS security specific
audit policies in all containers"
SYS,CDB_XS_COLUMN_CONSTRAINTS,All the Real Application Security column constraints defined in the database in all containers
SYS,CDB_XS_DYNAMIC_ROLES,All the Real Application Security dynamic roles defined in the database in all containers
SYS,CDB_XS_ENABLED_AUDIT_POLICIES,Describes all XS related audit policy's enablement to users in all containers
SYS,CDB_XS_EXTERNAL_PRINCIPALS,All the Real Application Security external principals in all containers
SYS,CDB_XS_IMPLIED_PRIVILEGES,All the Real Application Security implied privileges defined in the database in all containers
SYS,CDB_XS_INHERITED_REALMS,All the Real Application Security inherited realms defined in the database in all containers
SYS,CDB_XS_MODIFIED_POLICIES,All Triton policies that were modified after being applied on one or more objects in all containers
SYS,CDB_XS_NS_TEMPLATE_ATTRIBUTES,All the attributes of Real Application Security namespace templates in all containers
SYS,CDB_XS_NS_TEMPLATES,All the Real Application Security namespace templates in all containers
SYS,CDB_XS_OBJECTS,All the Real Application Security objects defined in the database in all containers
SYS,CDB_XS_POLICIES,All the Real Application Security data security policies defined in the database in all containers
SYS,CDB_XS_PRINCIPALS,All the Real Application Security principals defined in the database in all containers
SYS,CDB_XS_PRIVILEGE_GRANTS,All the Real Application Security system or schema level privilege grants in the database in all containers
SYS,CDB_XS_PRIVILEGES,All the Real Application Security privileges defined in the database in all containers
SYS,CDB_XS_PROXY_ROLES,All the Real Application Security proxy role grants in all containers
SYS,CDB_XS_REALM_CONSTRAINTS,All the Real Application Security realms defined in the database in all containers
SYS,CDB_XS_ROLE_GRANTS,All the Real Application Security role grants in all containers
SYS,CDB_XS_ROLES,All the Real Application Security roles defined in the database in all containers
SYS,CDB_XS_SECURITY_CLASS_DEP,The dependencies between all the Real Application Security security classes defined in the database in all containers
SYS,CDB_XS_SECURITY_CLASSES,All the Real Application Security security classes defined in the database in all containers
SYS,CDB_XS_SESSION_NS_ATTRIBUTES,Namespace attributes in application sessions as of the last saved state in all containers
SYS,CDB_XS_SESSION_ROLES,Roles enabled in application sessions in all containers
SYS,CDB_XS_SESSIONS,All the application sessions in the database in all containers
SYS,CDB_XSTREAM_ADMINISTRATOR,Users granted the privileges to be a XStream administrator in all containers
SYS,CDB_XSTREAM_INBOUND,Details about the XStream inbound server in all containers
SYS,CDB_XSTREAM_INBOUND_PROGRESS,in all containers
SYS,CDB_XSTREAM_OUTBOUND,Details about the XStream outbound server in all containers
SYS,CDB_XSTREAM_OUTBOUND_PROGRESS,in all containers
SYS,CDB_XSTREAM_OUT_SUPPORT_MODE,List of support mode for objects by XStream Out in all containers
SYS,CDB_XSTREAM_RULES,Details about the XStream server rules in all containers
SYS,CDB_XSTREAM_SPLIT_MERGE,view of details of split/merge jobs/status about XStream in all containers
SYS,CDB_XSTREAM_SPLIT_MERGE_HIST,history view of details of split/merge jobs/status about XStream in all containers
SYS,CDB_XSTREAM_STMT_HANDLERS,in all containers
SYS,CDB_XSTREAM_STMTS,in all containers
SYS,CDB_XSTREAM_TRANSFORMATIONS,Transformations defined on rules in all containers
SYS,CDB_XS_USERS,All the Real Application Security users defined in the database in all containers
SYS,CDB_XTERNAL_LOC_PARTITIONS,in all containers
SYS,CDB_XTERNAL_LOC_SUBPARTITIONS,in all containers
SYS,CDB_XTERNAL_PART_TABLES,in all containers
SYS,CDB_XTERNAL_TAB_PARTITIONS,in all containers
SYS,CDB_XTERNAL_TAB_SUBPARTITIONS,in all containers
SYS,CDB_ZONEMAP_AUTO_ACTIONS,Zonemap autotask actions in all containers
SYS,CDB_ZONEMAP_AUTO_FINDINGS,Zonemap autotask findings in all containers
SYS,CDB_ZONEMAP_MEASURES,All zonemap measures in the database in all containers
SYS,CDB_ZONEMAPS,All zonemaps in the database in all containers
SYS,CDB_2PC_NEIGHBORS,information about incoming and outgoing connections for pending transactions in all containers
SYS,CDB_2PC_PENDING,info about distributed transactions awaiting recovery in all containers
SYS,CDEF$,
SYS,CHNF$_CLAUSE_DEPENDENTS,
SYS,CHNF$_CLAUSES,
SYS,CHNFDIRECTLOAD$,
SYS,CHNF$_GROUP_FILTER_IOT,
SYS,CHNF$_QUERIES,
SYS,CHNF$_QUERY_BINDS,
SYS,CHNF$_QUERY_DELTAS,
SYS,CHNF$_QUERY_DEPENDENCIES,
SYS,CHNF$_QUERY_OBJECT,
SYS,CHNF$_REG_QUERIES,
SYS,CLI_INST$,
SYS,CLI_LOG$,
SYS,CLI_PART$,
SYS,CLI_TAB$,
SYS,CLI_TS$,
SYS,CLST$,
SYS,CLSTDIMENSION$,
SYS,CLSTJOIN$,
SYS,CLSTKEY$,
SYS,CLU$,
SYS,CLUSTER_DATABASES,
SYS,CLUSTER_INSTANCES,
SYS,CLUSTER_NODES,
SYS,COAD$CUBE_MVIEWS,
SYS,COAD$INLINE_NOTNULL_CONS,
SYS,COAD$MVIEWS_WITH_VIEWS,
SYS,CODEAUTH$,
SYS,CODE_PIECES,
SYS,CODE_SIZE,
SYS,COL,
SYS,COL$,
SYS,COL_GROUP_USAGE$,
SYS,COLLECTION$,
SYS,COLTYPE$,
SYS,COLUMN_PRIVILEGES,"Grants on columns for which the user is the grantor, grantee, owner, or
an enabled role or PUBLIC is the grantee"
SYS,COLUMN_STAT$,
SYS,COL_USAGE$,
SYS,COM$,
SYS,COMPARISON$,
SYS,COMPARISON_COL$,
SYS,COMPARISON_ROW_DIF$,
SYS,COMPARISON_SCAN$,
SYS,COMPARISON_SCAN_VAL$,
SYS,COMPRESSION$,
SYS,COMPRESSION_STAT$,
SYS,CON$,
SYS,CONDATA$,
SYS,CONNECTION_TESTS$,
SYS,CONS_ATTR$,
SYS,CONS_LOG$,
SYS,CONS_PEER$,
SYS,CONTAINER$,
SYS,CONTEXT$,
SYS,CPOOL$,
SYS,CQN_EVENT_TABLE,
SYS,CRC$_RESULT_CACHE_STATS,Internal table for client result cache statistics. Statistics are stored as name value pairs. For each client cache ID there will be multiple rows for each statistic.
SYS,CRCSTATS_$,
SYS,_CURRENT_EDITION_OBJ,
SYS,_CURRENT_EDITION_STUB,
SYS,DAM_CLEANUP_EVENTS$,the history of audit trail cleanup events
SYS,DAM_CLEANUP_JOBS$,purge jobs configured for the audit trail types
SYS,DAM_CONFIG_PARAM$,audit trail properties configured for a given audit trail type
SYS,DAM_LAST_ARCH_TS$,last archive timestamps set for the audit trail types
SYS,DAM_PARAM_TAB$,audit trail properties id to name mapping
SYS,DATABASE_COMPATIBLE_LEVEL,Database compatible parameter set via init.ora
SYS,DATABASE_EXPORT_OBJECTS,INCLUDE and EXCLUDE object type names for full database export
SYS,DATABASE_EXPORT_PATHS,
SYS,DATABASE_PROPERTIES,Permanent database properties
SYS,DATA_GUARD_SITE$,
SYS,DATAPUMP_DDL_TRANSFORM_PARAMS,
SYS,DATAPUMP_OBJECT_CONNECT,
SYS,DATAPUMP_PATHMAP,
SYS,DATAPUMP_PATHS,
SYS,DATAPUMP_PATHS_VERSION,
SYS,DATAPUMP_REMAP_OBJECTS,
SYS,DATAPUMP_TABLE_DATA,
SYS,DATA_PUMP_XPL_TABLE$,
SYS,DBA_ACCHK_EVENTS,
SYS,DBA_ACCHK_EVENTS_SUMMARY,
SYS,DBA_ACCHK_STATISTICS,
SYS,DBA_ACCHK_STATISTICS_SUMMARY,
SYS,DBA_ACL_NAME_MAP,New names of the access control lists for PL/SQL network utility packages from old XDB names
SYS,DBA_ACTIVITY_CONFIG,Object Activity Tracking Configuation
SYS,DBA_ACTIVITY_MVIEW,Object Activity Tracking for Materialized Views
SYS,DBA_ACTIVITY_SNAPSHOT_META,Object Activity Tracking Metadata for Snapshot Intervals
SYS,DBA_ACTIVITY_TABLE,Object Activity Tracking for Tables
SYS,DBA_ADDM_FDG_BREAKDOWN,
SYS,DBA_ADDM_FINDINGS,
SYS,DBA_ADDM_INSTANCES,
SYS,DBA_ADDM_SYSTEM_DIRECTIVES,
SYS,DBA_ADDM_TASK_DIRECTIVES,
SYS,DBA_ADDM_TASKS,
SYS,DBA_ADVISOR_ACTIONS,
SYS,DBA_ADVISOR_COMMANDS,
SYS,DBA_ADVISOR_DEFINITIONS,
SYS,DBA_ADVISOR_DEF_PARAMETERS,
SYS,DBA_ADVISOR_DIR_DEFINITIONS,
SYS,DBA_ADVISOR_DIR_INSTANCES,
SYS,DBA_ADVISOR_DIR_TASK_INST,
SYS,DBA_ADVISOR_EXEC_PARAMETERS,
SYS,DBA_ADVISOR_EXECUTIONS,
SYS,DBA_ADVISOR_EXECUTION_TYPES,
SYS,DBA_ADVISOR_FDG_BREAKDOWN,
SYS,DBA_ADVISOR_FINDING_NAMES,
SYS,DBA_ADVISOR_FINDINGS,
SYS,DBA_ADVISOR_JOURNAL,
SYS,DBA_ADVISOR_LOG,
SYS,DBA_ADVISOR_OBJECTS,
SYS,DBA_ADVISOR_OBJECT_TYPES,
SYS,DBA_ADVISOR_PARAMETERS,
SYS,DBA_ADVISOR_PARAMETERS_PROJ,
SYS,DBA_ADVISOR_RATIONALE,
SYS,DBA_ADVISOR_RECOMMENDATIONS,
SYS,DBA_ADVISOR_SQLA_COLVOL,
SYS,DBA_ADVISOR_SQLA_REC_SUM,
SYS,DBA_ADVISOR_SQLA_TABLES,
SYS,DBA_ADVISOR_SQLA_TABVOL,
SYS,DBA_ADVISOR_SQLA_WK_MAP,
SYS,DBA_ADVISOR_SQLA_WK_STMTS,
SYS,DBA_ADVISOR_SQLA_WK_SUM,
SYS,DBA_ADVISOR_SQLPLANS,
SYS,DBA_ADVISOR_SQLSTATS,
SYS,DBA_ADVISOR_SQLW_COLVOL,
SYS,DBA_ADVISOR_SQLW_JOURNAL,
SYS,DBA_ADVISOR_SQLW_PARAMETERS,
SYS,DBA_ADVISOR_SQLW_STMTS,
SYS,DBA_ADVISOR_SQLW_SUM,
SYS,DBA_ADVISOR_SQLW_TABLES,
SYS,DBA_ADVISOR_SQLW_TABVOL,
SYS,DBA_ADVISOR_SQLW_TEMPLATES,
SYS,DBA_ADVISOR_TASKS,
SYS,DBA_ADVISOR_TEMPLATES,
SYS,DBA_ADVISOR_USAGE,
SYS,DBA_ALERT_ARGUMENTS,Message Id and arguments of outstanding alerts
SYS,DBA_ALERT_HISTORY,History of Alerts
SYS,DBA_ALERT_HISTORY_DETAIL,Detailed alert history
SYS,DBA_ALL_TABLES,Description of all object and relational tables in the database
SYS,DBA_ANALYTIC_VIEW_AGGR_DIMS,Analytic view aggregation function dimensions in the database
SYS,DBA_ANALYTIC_VIEW_AGGR_FNS,Analytic view aggregation functions in the database
SYS,DBA_ANALYTIC_VIEW_ATTR_CLASS,Analytic view attribute classifications in the database
SYS,DBA_ANALYTIC_VIEW_BASE_MEAS,Analytic view base measures in the database
SYS,DBA_ANALYTIC_VIEW_CALC_MEAS,Analytic view calculated measures in the database
SYS,DBA_ANALYTIC_VIEW_CLASS,Analytic View Classifications in the database
SYS,DBA_ANALYTIC_VIEW_COLUMNS,Analytic view columns in the database
SYS,DBA_ANALYTIC_VIEW_DIM_ATTRS,Analytic view dimension attributes in the database
SYS,DBA_ANALYTIC_VIEW_DIM_CLASS,Classifications of the analytic view dimensions in the database
SYS,DBA_ANALYTIC_VIEW_DIMENSIONS,Analytic view dimensions in the database
SYS,DBA_ANALYTIC_VIEW_FACT_COLS,Analytic view fact columns in the database
SYS,DBA_ANALYTIC_VIEW_HIER_CLASS,Analytic view hierarchy Classifications in the database
SYS,DBA_ANALYTIC_VIEW_HIERS,Analytic view hierarchies in the database
SYS,DBA_ANALYTIC_VIEW_KEYS,Analytic_view keys in the database
SYS,DBA_ANALYTIC_VIEW_LEVEL_CLASS,Analytic View Level Classifications in the database
SYS,DBA_ANALYTIC_VIEW_LEVELS,Analytic view Levels in the database
SYS,DBA_ANALYTIC_VIEW_LVLGRPS,Analytic View Level Groupings for an analytic view
SYS,DBA_ANALYTIC_VIEW_MEAS_CLASS,Analytic View measure classifications in the database
SYS,DBA_ANALYTIC_VIEWS,Analytic views in the database
SYS,DBA_ANALYZE_OBJECTS,
SYS,DBA_APP_ERRORS,Describes all application error messages in the Application Container
SYS,DBA_APP_ERRORS_HISTORY,Maintains a history of the errors that happened during Application sync
SYS,DBA_APPLICATION_ROLES,
SYS,DBA_APPLICATIONS,Describes all applications in the Application Container
SYS,_DBA_APPLY,
SYS,DBA_APPLY,Details about the apply process
SYS,_DBA_APPLY_BATCH_SQL_STATS,
SYS,_DBA_APPLY_CDR_INFO,
SYS,_DBA_APPLY_CHANGE_HANDLERS,
SYS,DBA_APPLY_CHANGE_HANDLERS,Details about apply change handler
SYS,_DBA_APPLY_CONF_HDLR_COLUMNS,
SYS,DBA_APPLY_CONFLICT_COLUMNS,Details about conflict resolution
SYS,_DBA_APPLY_CONSTRAINT_COLUMNS,
SYS,_DBA_APPLY_COORDINATOR_STATS,
SYS,_DBA_APPLY_DML_CONF_COLUMNS,
SYS,DBA_APPLY_DML_CONF_COLUMNS,Details about DML conflict handler column groups
SYS,_DBA_APPLY_DML_CONF_HANDLERS,
SYS,DBA_APPLY_DML_CONF_HANDLERS,Details about DML conflict handlers
SYS,DBA_APPLY_DML_HANDLERS,Details about the dml handler
SYS,DBA_APPLY_ENQUEUE,Details about the apply enqueue action
SYS,_DBA_APPLY_ERROR,
SYS,DBA_APPLY_ERROR,Error transactions
SYS,_DBA_APPLY_ERROR_HANDLER,
SYS,DBA_APPLY_ERROR_MESSAGES,Details about individual messages in an error transaction
SYS,_DBA_APPLY_ERROR_TXN,
SYS,DBA_APPLY_EXECUTE,Details about the apply execute action
SYS,_DBA_APPLY_HANDLE_COLLISIONS,
SYS,DBA_APPLY_HANDLE_COLLISIONS,Details about apply collision handlers
SYS,DBA_APPLY_INSTANTIATED_GLOBAL,Details about database instantiated
SYS,DBA_APPLY_INSTANTIATED_OBJECTS,Details about objects instantiated
SYS,DBA_APPLY_INSTANTIATED_SCHEMAS,Details about schemas instantiated
SYS,_DBA_APPLY_INST_GLOBAL,Details about database instantiated
SYS,_DBA_APPLY_INST_OBJECTS,Details about objects instantiated
SYS,_DBA_APPLY_INST_SCHEMAS,Details about schemas instantiated
SYS,DBA_APPLY_KEY_COLUMNS,alternative key columns for a table for STREAMS
SYS,_DBA_APPLY_MILESTONE,
SYS,_DBA_APPLY_OBJECT_CONSTRAINTS,
SYS,_DBA_APPLY_OBJECTS,
SYS,DBA_APPLY_PARAMETERS,All parameters for apply process
SYS,_DBA_APPLY_PROGRESS,
SYS,DBA_APPLY_PROGRESS,Information about the progress made by apply process
SYS,_DBA_APPLY_READER_STATS,
SYS,_DBA_APPLY_REPERROR_HANDLERS,
SYS,DBA_APPLY_REPERROR_HANDLERS,Details about apply reperror handlers
SYS,_DBA_APPLY_SERVER_STATS,
SYS,_DBA_APPLY_SOURCE_OBJ,
SYS,_DBA_APPLY_SOURCE_SCHEMA,
SYS,_DBA_APPLY_SPILL_TXN,
SYS,DBA_APPLY_SPILL_TXN,Streams apply spilled transactions info
SYS,_DBA_APPLY_TABLE_COLUMNS,
SYS,DBA_APPLY_TABLE_COLUMNS,Details about the destination table columns
SYS,_DBA_APPLY_TABLE_COLUMNS_H,
SYS,_DBA_APPLY_TABLE_STATS,
SYS,DBA_APP_PATCHES,Describes all application patches in the Application Container
SYS,DBA_APP_PDB_STATUS,Describes all applications in the Application Container
SYS,DBA_APP_STATEMENTS,Describes all statements from all applications in the Application Container
SYS,DBA_APP_VERSIONS,Describes all applications in the Application Container
SYS,DBA_AQ_AGENT_PRIVS,
SYS,DBA_AQ_AGENTS,
SYS,DBA_ARGUMENTS,All arguments for objects in the database
SYS,DBA_ASSEMBLIES,Description of all assemblies in the database
SYS,DBA_ASSOCIATIONS,All associations
SYS,DBA_ATTRIBUTE_DIM_ATTR_CLASS,
SYS,DBA_ATTRIBUTE_DIM_ATTRS,Attribute dimension attributes in the database
SYS,DBA_ATTRIBUTE_DIM_CLASS,Attribute Dimension Classifications in the database
SYS,DBA_ATTRIBUTE_DIMENSIONS,Attribute dimensions in the database
SYS,DBA_ATTRIBUTE_DIM_JOIN_PATHS,Attribute dimension join paths in the database
SYS,DBA_ATTRIBUTE_DIM_KEYS,
SYS,DBA_ATTRIBUTE_DIM_LEVEL_ATTRS,Determined attributes of each Level in the database
SYS,DBA_ATTRIBUTE_DIM_LEVELS,Attribute dimension Levels in the database
SYS,DBA_ATTRIBUTE_DIM_LVL_CLASS,
SYS,DBA_ATTRIBUTE_DIM_ORDER_ATTRS,Attribute Dimension order by elements in the database
SYS,DBA_ATTRIBUTE_DIM_TABLES,Attribute dimension tables in the database
SYS,DBA_ATTRIBUTE_TRANSFORMATIONS,
SYS,DBA_AUDIT_EXISTS,Lists audit trail entries produced by AUDIT NOT EXISTS and AUDIT EXISTS
SYS,DBA_AUDIT_MGMT_CLEAN_EVENTS,The history of cleanup events
SYS,DBA_AUDIT_MGMT_CLEANUP_JOBS,The view displays the currently configured audit trail purge jobs
SYS,DBA_AUDIT_MGMT_CONFIG_PARAMS,The view displays the currently configured audit trail properties that are defined by the DBMS_AUDIT_MGMT PL/SQL package
SYS,DBA_AUDIT_MGMT_LAST_ARCH_TS,The Last Archive Timestamps set for the Audit Trail Clean up
SYS,DBA_AUDIT_OBJECT,"Audit trail records for statements concerning objects, specifically: table, cluster, view, index, sequence,  [public] database link, [public] synonym, procedure, trigger, rollback segment, tablespace, role, user"
SYS,DBA_AUDIT_POLICIES,Fine grained auditing policies in the database
SYS,DBA_AUDIT_POLICY_COLUMNS,All fine grained auditing policy columns in the database
SYS,DBA_AUDIT_SESSION,All audit trail records concerning CONNECT and DISCONNECT
SYS,DBA_AUDIT_STATEMENT,"Audit trail records concerning  grant, revoke, audit, noaudit and alter system"
SYS,DBA_AUDIT_TRAIL,All audit trail entries
SYS,DBA_AUTO_INDEX_CONFIG,
SYS,DBA_AUTO_INDEX_EXECUTIONS,
SYS,DBA_AUTO_INDEX_IND_ACTIONS,
SYS,DBA_AUTO_INDEX_SQL_ACTIONS,
SYS,DBA_AUTO_INDEX_STATISTICS,
SYS,DBA_AUTO_INDEX_VERIFICATIONS,
SYS,DBA_AUTO_MV_ANALYSIS_ACTIONS,
SYS,DBA_AUTO_MV_ANALYSIS_EXECUTIONS,
SYS,DBA_AUTO_MV_ANALYSIS_RECOMMENDATIONS,
SYS,DBA_AUTO_MV_ANALYSIS_REPORT,
SYS,DBA_AUTO_MV_ANALYSIS_TASK,
SYS,DBA_AUTO_MV_CONFIG,set of AUTO MV configuration parameters
SYS,DBA_AUTO_MV_MAINT_REPORT,
SYS,DBA_AUTO_MV_REFRESH_HISTORY,
SYS,DBA_AUTO_MV_VERIFICATION_REPORT,
SYS,DBA_AUTO_MV_VERIFICATION_STATUS,
SYS,DBA_AUTO_SEGADV_CTL,
SYS,DBA_AUTO_SEGADV_SUMMARY,
SYS,DBA_AUTOSQLSET_ATTRNAME,
SYS,DBA_AUTOSQLSET_OPTENV,
SYS,DBA_AUTOSQLSET_SNAPSHOT,
SYS,DBA_AUTOSQLSET_SNAPSHOT_ERROR,
SYS,DBA_AUTOSQLSET_SQLPLAN,
SYS,DBA_AUTOSQLSET_SQLSTAT,
SYS,DBA_AUTOSQLSET_SQLTEXT,
SYS,DBA_AUTO_STAT_EXECUTIONS,Auto Tasks that performed automated stats collection
SYS,DBA_AUTOTASK_CLIENT,Autotask Client Summary Information
SYS,DBA_AUTOTASK_CLIENT_HISTORY,Automated Maintenance Jobs history
SYS,DBA_AUTOTASK_CLIENT_JOB,Current automated maintenance jobs
SYS,DBA_AUTOTASK_JOB_HISTORY,Automated Maintenance Jobs history
SYS,DBA_AUTOTASK_OPERATION,Automated Maintenance Task Operation Configuration
SYS,DBA_AUTOTASK_SCHEDULE,Schedule of Maintenance Windows for the next 32 days
SYS,DBA_AUTOTASK_SCHEDULE_CONTROL,autotask schedule control
SYS,DBA_AUTOTASK_SETTINGS,autotask settings
SYS,DBA_AUTOTASK_STATUS,Autotask Status Information
SYS,DBA_AUTOTASK_TASK,Information about current and past autmated maintenance tasks
SYS,DBA_AUTOTASK_WINDOW_CLIENTS,Description of per-mainteance window activity
SYS,DBA_AUTOTASK_WINDOW_HISTORY,Automated Maintenance view of window history
SYS,DBA_AUTO_ZONEMAP_CONFIG,set of AUTO ZONE MAP configuration parameters
SYS,DBA_AW_OBJ,Objects in Analytic Workspaces in the database
SYS,DBA_AW_PROP,Object properties in Analytic Workspaces in the database
SYS,DBA_AW_PS,Pagespaces in Analytic Workspaces owned by the user
SYS,DBA_AWS,Analytic Workspaces in the database
SYS,DBA_BASE_TABLE_MVIEWS,All materialized views with log(s) in the database
SYS,DBA_BLOCKCHAIN_TABLE_EPOCHS,
SYS,DBA_BLOCKCHAIN_TABLES,
SYS,DBA_BLOCKERS,
SYS,_DBA_CAPTURE,
SYS,DBA_CAPTURE,Details about the capture process
SYS,DBA_CAPTURE_EXTRA_ATTRIBUTES,Extra attributes for a capture process
SYS,DBA_CAPTURE_PARAMETERS,All parameters for capture process
SYS,DBA_CAPTURE_PREPARED_DATABASE,Is the local database prepared for instantiation?
SYS,DBA_CAPTURE_PREPARED_SCHEMAS,All schemas at the local database that are prepared for instantiation
SYS,DBA_CAPTURE_PREPARED_TABLES,All tables prepared for instantiation
SYS,DBA_CATALOG,"All database Tables, Views, Synonyms, Sequences"
SYS,DBA_CDB_RSRC_PLAN_DIRECTIVES,all the CDB resource plan directives
SYS,DBA_CDB_RSRC_PLANS,All the consolidation resource plans
SYS,DBA_CERTIFICATES,
SYS,DBA_CHANGE_NOTIFICATION_REGS,Description of the registrations for change notification
SYS,DBA_CHECKED_ROLES,
SYS,DBA_CHECKED_ROLES_PATH,
SYS,DBA_CLU_COLUMNS,Mapping of table columns to cluster columns
SYS,DBA_CLUSTER_HASH_EXPRESSIONS,Hash functions for all clusters
SYS,DBA_CLUSTERING_DIMENSIONS,All dimension details about clustering tables in the database
SYS,DBA_CLUSTERING_JOINS,All join details about clustering tables in the database
SYS,DBA_CLUSTERING_KEYS,Description of the keys of the clustering clause of tables accessible to dba
SYS,DBA_CLUSTERING_TABLES,Description of the clustering clause of tables accessible to dba
SYS,DBA_CLUSTERS,Description of all clusters in the database
SYS,DBA_CODE_ROLE_PRIVS,Roles attached to the program units
SYS,DBA_COL_COMMENTS,Comments on columns of all tables and views
SYS,DBA_COLL_TYPES,Description of all named collection types in the database
SYS,DBA_COL_PENDING_STATS,"Pending statistics of tables, partitions, and subpartitions"
SYS,DBA_COL_PRIVS,All grants on columns in the database
SYS,DBA_COL_USAGE_STATISTICS,
SYS,DBA_COMMON_AUDIT_TRAIL,Combined Standard and Fine Grained audit trail entries
SYS,DBA_COMPARISON,Details about the comparison object
SYS,DBA_COMPARISON_COLUMNS,Details about the comparison object's columns
SYS,DBA_COMPARISON_ROW_DIF,Details about the differing rows in a comparison scan
SYS,_DBA_COMPARISON_SCAN,
SYS,DBA_COMPARISON_SCAN,Details about a comparison scan
SYS,DBA_COMPARISON_SCAN_SUMMARY,Details about a comparison scan
SYS,DBA_COMPARISON_SCAN_VALUES,Details about a comparison scan's values
SYS,DBA_CONNECTION_TESTS,Information about Draining rules
SYS,DBA_CONNECT_ROLE_GRANTEES,Information regarding which users are granted CONNECT
SYS,DBA_CONS_COLUMNS,Information about accessible columns in constraint definitions
SYS,DBA_CONSENSUS_CONFIG_CHANGES,
SYS,DBA_CONSENSUS_LOGS,
SYS,DBA_CONSENSUS_PEERS,
SYS,DBA_CONS_OBJ_COLUMNS,List of types an object column or attribute is constrained to in all tables in the database
SYS,DBA_CONSTRAINTS,Constraint definitions on all tables
SYS,DBA_CONTAINER_DATA,Describes default and object-specific CONTAINER_DATA attributes
SYS,DBA_CONTEXT,Description of all context namespace information
SYS,DBA_CPOOL_INFO,Connection pool info
SYS,DBA_CPU_USAGE_STATISTICS,Database CPU Usage Statistics
SYS,DBA_CQ_NOTIFICATION_QUERIES,Description of registered queries for CQ notification
SYS,DBA_CREDENTIALS,All credentials in the database
SYS,DBA_CUBE_ATTRIBUTES,OLAP Attributes in the database
SYS,DBA_CUBE_ATTR_MAPPINGS,OLAP Cube Attribute Mappings in the database
SYS,DBA_CUBE_ATTR_UNIQUE_KEYS,OLAP Unique Key Attributes in the database
SYS,DBA_CUBE_ATTR_VISIBILITY,"OLAP Attributes visible for Dimensions, Hierarchies, and Levels"
SYS,DBA_CUBE_BUILD_PROCESSES,OLAP Build Processes in the database
SYS,DBA_CUBE_CALCULATED_MEMBERS,OLAP Calculated Members in the database
SYS,DBA_CUBE_CLASSIFICATIONS,OLAP Object Classifications in the database
SYS,DBA_CUBE_DEPENDENCIES,OLAP metadata dependencies in the database
SYS,DBA_CUBE_DESCRIPTIONS,OLAP Descriptions in the database
SYS,DBA_CUBE_DIMENSIONALITY,OLAP Cube Dimensionality in the database
SYS,DBA_CUBE_DIMENSIONS,OLAP Cube Dimensions in the database
SYS,DBA_CUBE_DIM_LEVELS,OLAP Dimension Levels in the database
SYS,DBA_CUBE_DIM_MAPPINGS,OLAP Cube Dimension Mappings in the database
SYS,DBA_CUBE_DIM_MODELS,OLAP Dimension Models in the database
SYS,DBA_CUBE_DIMNL_MAPPINGS,OLAP Cube Dimenisonality Mappings in the database
SYS,DBA_CUBE_DIM_VIEW_COLUMNS,OLAP Dimension View Columns in the database
SYS,DBA_CUBE_DIM_VIEWS,OLAP Dimension Views in the database
SYS,DBA_CUBE_HIERARCHIES,OLAP Hierarchies in the database
SYS,DBA_CUBE_HIER_LEVELS,OLAP Hierarchy Levels in the database
SYS,DBA_CUBE_HIER_VIEW_COLUMNS,OLAP Hierarchy View Columns in the database
SYS,DBA_CUBE_HIER_VIEWS,OLAP Hierarchy Views in the database
SYS,DBA_CUBE_MAPPINGS,OLAP Cube Mappings in the database
SYS,DBA_CUBE_MEAS_MAPPINGS,OLAP Cube Measure Mappings in the database
SYS,DBA_CUBE_MEASURES,OLAP Measures in the database
SYS,DBA_CUBE_NAMED_BUILD_SPECS,OLAP Cube Named Build Specifications in the database
SYS,DBA_CUBES,OLAP Cubes in the database
SYS,DBA_CUBE_SUB_PARTITION_LEVELS,OLAP Secondary Partition Levels in the database
SYS,DBA_CUBE_VIEW_COLUMNS,OLAP Cube View Columns in the database
SYS,DBA_CUBE_VIEWS,OLAP Cube Views in the database
SYS,DBA_DATA_FILES,Information about database data files
SYS,DBA_DATAPUMP_JOBS,Datapump jobs
SYS,DBA_DATAPUMP_SESSIONS,Datapump sessions attached to a job
SYS,DBA_DBFS_HS,
SYS,DBA_DBFS_HS_COMMANDS,
SYS,DBA_DBFS_HS_FIXED_PROPERTIES,
SYS,DBA_DBFS_HS_PROPERTIES,
SYS,DBA_DB_LINKS,All database links in the database
SYS,DBA_DB_LINK_SOURCES,Database link sources
SYS,DBA_DDL_LOCKS,
SYS,DBA_DEPENDENCIES,Dependencies to and from objects
SYS,DBA_DIGEST_VERIFIERS,Information about which users have Digest verifiers and the verifier types
SYS,DBA_DIM_ATTRIBUTES,"Representation of the relationship between a dimension level and
a functionally dependent column"
SYS,DBA_DIM_CHILD_OF,"Representaion of a 1:n hierarchical relationship between a pair of levels in
a dimension"
SYS,DBA_DIMENSIONS,Description of the dimension objects accessible to the DBA
SYS,DBA_DIM_HIERARCHIES,Representation of a dimension hierarchy
SYS,DBA_DIM_JOIN_KEY,Representation of a join between two dimension tables.
SYS,DBA_DIM_LEVEL_KEY,Representations of columns of a dimension level
SYS,DBA_DIM_LEVELS,Description of dimension levels visible to DBA
SYS,DBA_DIRECTORIES,Description of all directories
SYS,DBA_DISCOVERY_SOURCE,All source of sensitive data discovery
SYS,DBA_DML_LOCKS,
SYS,DBA_DMT_FREE_SPACE,Free extents in all dictionary managed tablespaces
SYS,DBA_DMT_USED_EXTENTS,All extents in the dictionary managed tablespaces
SYS,DBA_DV_STATUS,
SYS,DBA_EDITION_COMMENTS,Describes comments on all editions in the database
SYS,DBA_EDITIONED_TYPES,
SYS,DBA_EDITIONING_VIEW_COLS,Relationship between columns of all Editioning Views in the database and the table columns to which they map
SYS,DBA_EDITIONING_VIEW_COLS_AE,Relationship between columns of all Editioning Views in the database and the table columns to which they map
SYS,DBA_EDITIONING_VIEWS,Description of all Editioning Views in the database
SYS,DBA_EDITIONING_VIEWS_AE,Description of all Editioning Views in the database
SYS,DBA_EDITION_INHERITED_OBJECTS,All objects in the database
SYS,DBA_EDITIONS,Describes all editions in the database
SYS,DBA_ENABLED_AGGREGATIONS,Information about enabled on-demand statistic aggregation
SYS,DBA_ENABLED_TRACES,Information about enabled SQL traces
SYS,DBA_ENCRYPTED_COLUMNS,Encryption information on columns in the database
SYS,DBA_EPG_DAD_AUTHORIZATION,DADs authorized to use different user's privileges
SYS,DBA_ERRORS,Current errors on all stored objects in the database
SYS,DBA_ERRORS_AE,Current errors on all stored objects in the database
SYS,DBA_ERROR_TRANSLATIONS,Describes all error translations in the database
SYS,DBA_EVALUATION_CONTEXTS,rule evaluation contexts in the database
SYS,DBA_EVALUATION_CONTEXT_TABLES,tables in all rule evaluation contexts in the database
SYS,DBA_EVALUATION_CONTEXT_VARS,variables in all rule evaluation contexts in the database
SYS,DBA_EXP_FILES,Description of export files
SYS,DBA_EXP_OBJECTS,Objects that have been incrementally exported
SYS,DBA_EXPORT_OBJECTS,Export INCLUDE and EXCLUDE object type names
SYS,DBA_EXPORT_PATHS,
SYS,DBA_EXPRESSION_STATISTICS,Expression Usage Tracking Statistics
SYS,DBA_EXP_VERSION,Version number of the last export session
SYS,DBA_EXTENTS,Extents comprising all segments in the database
SYS,DBA_EXTERNAL_LOCATIONS,Description of the external tables locations accessible to the DBA
SYS,DBA_EXTERNAL_SCN_ACTIVITY,
SYS,DBA_EXTERNAL_TABLES,Description of the external tables accessible to the DBA
SYS,DBA_FEATURE_USAGE_STATISTICS,Database Feature Usage Statistics
SYS,DBA_FGA_AUDIT_TRAIL,All fine grained audit event logs
SYS,DBA_FILE_GROUP_EXPORT_INFO,Details about export information of file group versions
SYS,DBA_FILE_GROUP_FILES,Details about file group files
SYS,DBA_FILE_GROUPS,Details about file groups
SYS,DBA_FILE_GROUP_TABLES,Details about the tables in the file group repository
SYS,DBA_FILE_GROUP_TABLESPACES,Details about the transportable tablespaces in the file group repository
SYS,DBA_FILE_GROUP_VERSIONS,Details about file group versions
SYS,DBA_FLASHBACK_ARCHIVE,Description of the flashback archives available in the system
SYS,DBA_FLASHBACK_ARCHIVE_TABLES,Information about the tables that are enabled for Flashback Archive
SYS,DBA_FLASHBACK_ARCHIVE_TS,Description of tablespaces in the flashback archives available in the system
SYS,DBA_FLASHBACK_TXN_REPORT,
SYS,DBA_FLASHBACK_TXN_STATE,
SYS,DBA_FREE_SPACE,Free extents in all tablespaces
SYS,DBA_FREE_SPACE_COALESCED,Statistics on Coalesced Space in Tablespaces
SYS,DBA_FREE_SPACE_COALESCED_TMP1,
SYS,DBA_FREE_SPACE_COALESCED_TMP2,
SYS,DBA_FREE_SPACE_COALESCED_TMP3,
SYS,DBA_FREE_SPACE_COALESCED_TMP4,
SYS,DBA_FREE_SPACE_COALESCED_TMP5,
SYS,DBA_FREE_SPACE_COALESCED_TMP6,
SYS,DBA_GG_AUTO_CDR_COLUMN_GROUPS,Details about goldengate auto cdr column groups
SYS,_DBA_GG_AUTO_CDR_COLUMNS,
SYS,DBA_GG_AUTO_CDR_COLUMNS,Details about goldengate auto cdr columns
SYS,_DBA_GG_AUTO_CDR_TABLES,
SYS,DBA_GG_AUTO_CDR_TABLES,Details about goldengate auto cdr tables
SYS,DBA_GG_INBOUND_PROGRESS,
SYS,DBA_GG_PROCEDURE_ANNOTATION,Annotate the position of Owner and Object arguments in procedure calls
SYS,DBA_GG_PROC_OBJECT_EXCLUSION,Details all tables that should be filtered when operating on given objects
SYS,DBA_GG_SUPPORTED_PACKAGES,Details about supported procedure packages for GoldenGate replication
SYS,DBA_GG_SUPPORTED_PROCEDURES,Details all procedures that are supported for replication
SYS,_DBA_GGXSTREAM_INBOUND,
SYS,_DBA_GGXSTREAM_OUTBOUND,
SYS,DBA_GLOBAL_CONTEXT,Description of all context information accessible globally
SYS,DBA_GOLDENGATE_CONTAINER_RULES,Details about goldengate container inclusion/exclusion rules
SYS,DBA_GOLDENGATE_INBOUND,Details about the XStream inbound server
SYS,DBA_GOLDENGATE_NOT_UNIQUE,List of all the tables with out primary or unique key not null constraints
SYS,DBA_GOLDENGATE_PRIVILEGES,Details about goldengate privileges
SYS,DBA_GOLDENGATE_RULES,Details about the GoldenGate server rules
SYS,DBA_GOLDENGATE_SUPPORT_MODE,List of support mode for objects by GoldenGate
SYS,DBA_HANG_MANAGER_PARAMETERS,Hang Manager parameters
SYS,DBA_HEAT_MAP_SEG_HISTOGRAM,Segment access information for all segments
SYS,DBA_HEAT_MAP_SEGMENT,Last segment access time
SYS,DBA_HEATMAP_TOP_OBJECTS,Heatmap for Top N objects
SYS,DBA_HEATMAP_TOP_TABLESPACES,Heatmap for Top N tablespaces
SYS,DBA_HIERARCHIES,Hierarchies in the database
SYS,DBA_HIER_CLASS,Hierarchy Classifications in the database
SYS,DBA_HIER_COLUMNS,Hierarchy columns in the database
SYS,DBA_HIER_HIER_ATTR_CLASS,Hierarchy hierarchical attribute classifications in the database
SYS,DBA_HIER_HIER_ATTRIBUTES,Attribute dimension attributes in the database
SYS,DBA_HIER_JOIN_PATHS,Hierarchy join paths in the database
SYS,DBA_HIER_LEVEL_ID_ATTRS,Hierarchy Level ID Attributes in the database
SYS,DBA_HIER_LEVELS,Hierarchy levels in the database
SYS,DBA_HIGH_WATER_MARK_STATISTICS,Database High Water Mark Statistics
SYS,DBA_HIST_ACTIVE_SESS_HISTORY,Active Session Historical Statistics Information
SYS,DBA_HIST_APPLY_SUMMARY,Streams/Goldengate/XStream Apply Historical Statistics Information
SYS,DBA_HIST_ASH_SNAPSHOT,
SYS,DBA_HIST_ASM_BAD_DISK,Non-Online ASM Disks
SYS,DBA_HIST_ASM_DISKGROUP,ASM Diskgroups connected to this Database
SYS,DBA_HIST_ASM_DISKGROUP_STAT,Statistics for ASM Diskgroup connected to this Database
SYS,DBA_HIST_ASM_DISK_STAT_SUMMARY,Summary statistics for ASM Disks
SYS,DBA_HIST_BASELINE,Baseline Metadata Information
SYS,DBA_HIST_BASELINE_DETAILS,Baseline Stats on per Instance Level
SYS,DBA_HIST_BASELINE_METADATA,Baseline Metadata Information
SYS,DBA_HIST_BASELINE_TEMPLATE,Baseline Template Information
SYS,DBA_HIST_BG_EVENT_SUMMARY,Summary of Background Event Historical Statistics Information
SYS,DBA_HIST_BUFFERED_QUEUES,STREAMS Buffered Queues Historical Statistics Information
SYS,DBA_HIST_BUFFERED_SUBSCRIBERS,STREAMS Buffered Queue Subscribers Historical Statistics Information
SYS,DBA_HIST_BUFFER_POOL_STAT,Buffer Pool Historical Statistics Information
SYS,DBA_HIST_CAPTURE,Streams/GoldenGate/XStream Capture Historical Statistics Information
SYS,DBA_HIST_CELL_CONFIG,Exadata configuration information
SYS,DBA_HIST_CELL_CONFIG_DETAIL,Exadata configuration information per snapshot
SYS,DBA_HIST_CELL_DB,Cell Database IO Statistics Information
SYS,DBA_HIST_CELL_DISK_NAME,Exadata Cell disk names
SYS,DBA_HIST_CELL_DISK_SUMMARY,Cell Disk Summary Statistics
SYS,DBA_HIST_CELL_DISKTYPE,Exadata Cell disk types
SYS,DBA_HIST_CELL_GLOBAL,Cell Global Statistics Information
SYS,DBA_HIST_CELL_GLOBAL_SUMMARY,Cell Global Summary Statistics
SYS,DBA_HIST_CELL_IOREASON,Cell IO Reason Statistics Information
SYS,DBA_HIST_CELL_IOREASON_NAME,Cell IO Reason Names
SYS,DBA_HIST_CELL_METRIC_DESC,Cell Metric Names
SYS,DBA_HIST_CELL_NAME,Exadata Cell names
SYS,DBA_HIST_CELL_OPEN_ALERTS,Cell Open Alerts Information
SYS,DBA_HIST_CHANNEL_WAITS,Channel Watis
SYS,DBA_HIST_CLUSTER_INTERCON,Cluster Interconnect Historical Stats
SYS,DBA_HIST_COLORED_SQL,Marked SQLs for snapshots
SYS,DBA_HIST_COMP_IOSTAT,I/O stats aggregated on component level
SYS,DBA_HIST_CON_SYSMETRIC_HIST,PDB System Metrics History
SYS,DBA_HIST_CON_SYSMETRIC_SUMM,PDB System Metrics Summary
SYS,DBA_HIST_CON_SYSSTAT,System Historical Statistics Information Per PDB
SYS,DBA_HIST_CON_SYSTEM_EVENT,System Event Historical Statistics Information
SYS,DBA_HIST_CON_SYS_TIME_MODEL,PDB System Time Model Historical Statistics Information
SYS,DBA_HIST_CR_BLOCK_SERVER,Consistent Read Block Server Historical Statistics
SYS,DBA_HIST_CURRENT_BLOCK_SERVER,Current Block Server Historical Statistics
SYS,DBA_HIST_DATABASE_INSTANCE,Database Instance Information
SYS,DBA_HIST_DATAFILE,Names of Datafiles
SYS,DBA_HIST_DB_CACHE_ADVICE,DB Cache Advice History Information
SYS,DBA_HIST_DISPATCHER,Dispatcher statistics
SYS,DBA_HIST_DLM_MISC,Distributed Lock Manager Miscellaneous Historical Statistics Information
SYS,DBA_HIST_DYN_REMASTER_STATS,Dynamic remastering statistics
SYS,DBA_HIST_ENQUEUE_STAT,Enqueue Historical Statistics Information
SYS,DBA_HIST_EVENT_HISTOGRAM,Event Histogram Historical Statistics Information
SYS,DBA_HIST_EVENT_NAME,Event Names
SYS,DBA_HIST_FILEMETRIC_HISTORY,File Metrics History
SYS,DBA_HIST_FILESTATXS,Datafile Historical Statistics Information
SYS,DBA_HIST_IC_CLIENT_STATS,Historical interconnect client statistics
SYS,DBA_HIST_IC_DEVICE_STATS,Historical interconnect device statistics
SYS,DBA_HIST_IM_SEG_STAT,Historical IM Segment Statistics Information
SYS,DBA_HIST_IM_SEG_STAT_OBJ,IM Segment Names
SYS,DBA_HIST_INSTANCE_RECOVERY,Instance Recovery Historical Statistics Information
SYS,DBA_HIST_INST_CACHE_TRANSFER,Instance Cache Transfer Historical Statistics
SYS,DBA_HIST_INTERCONNECT_PINGS,Instance to instance ping stats
SYS,DBA_HIST_IOSTAT_DETAIL,Historical I/O statistics by function and filetype
SYS,DBA_HIST_IOSTAT_FILETYPE,Historical I/O statistics by file type
SYS,DBA_HIST_IOSTAT_FILETYPE_NAME,File type names for historical I/O statistics
SYS,DBA_HIST_IOSTAT_FUNCTION,Historical I/O statistics by function
SYS,DBA_HIST_IOSTAT_FUNCTION_NAME,Function names for historical I/O statistics
SYS,DBA_HIST_JAVA_POOL_ADVICE,Java Pool Advice History
SYS,DBA_HIST_LATCH,Latch Historical Statistics Information
SYS,DBA_HIST_LATCH_CHILDREN,Latch Children Historical Statistics Information
SYS,DBA_HIST_LATCH_MISSES_SUMMARY,Latch Misses Summary Historical Statistics Information
SYS,DBA_HIST_LATCH_NAME,Latch Names
SYS,DBA_HIST_LATCH_PARENT,Latch Parent Historical Historical Statistics Information
SYS,DBA_HIST_LIBRARYCACHE,Library Cache Historical Statistics Information
SYS,DBA_HIST_LMS_STATS,LMS statistics
SYS,DBA_HIST_LOG,Log Historical Statistics Information
SYS,DBA_HIST_MEM_DYNAMIC_COMP,Historical memory component sizes
SYS,DBA_HIST_MEMORY_RESIZE_OPS,Memory Resize Operations History
SYS,DBA_HIST_MEMORY_TARGET_ADVICE,Memory Target Advice History
SYS,DBA_HIST_METRIC_NAME,Segment Names
SYS,DBA_HIST_MTTR_TARGET_ADVICE,Mean-Time-To-Recover Target Advice History
SYS,DBA_HIST_MUTEX_SLEEP,Mutex Sleep Summary Historical Statistics Information
SYS,DBA_HIST_MVPARAMETER,Multi-valued Parameter Historical Statistics Information
SYS,DBA_HIST_OPTIMIZER_ENV,Optimizer Environment Information
SYS,DBA_HIST_OSSTAT,Operating System Historical Statistics Information
SYS,DBA_HIST_OSSTAT_NAME,Operating System Statistic Names
SYS,DBA_HIST_PARAMETER,Parameter Historical Statistics Information
SYS,DBA_HIST_PARAMETER_NAME,Parameter Names
SYS,DBA_HIST_PDB_IN_SNAP,Pluggable Databases in a snapshot
SYS,DBA_HIST_PDB_INSTANCE,Pluggable Database Instance Information
SYS,DBA_HIST_PERSISTENT_QMN_CACHE,STREAMS AQ Persistent QMN Cache Historical Statistics Information
SYS,DBA_HIST_PERSISTENT_QUEUES,STREAMS AQ Persistent Queues Historical Statistics Information
SYS,DBA_HIST_PERSISTENT_SUBS,STREAMS AQ Persistent Queue Subscribers Historical Statistics Information
SYS,DBA_HIST_PGASTAT,PGA Historical Statistics Information
SYS,DBA_HIST_PGA_TARGET_ADVICE,PGA Target Advice History
SYS,DBA_HIST_PLAN_OPERATION_NAME,Optimizer Explain Plan Operation Names
SYS,DBA_HIST_PLAN_OPTION_NAME,Optimizer Explain Plan Option Names
SYS,DBA_HIST_PROCESS_MEM_SUMMARY,Process Memory Historical Summary Information
SYS,DBA_HIST_PROCESS_WAITTIME,cpu and wait time by process types
SYS,DBA_HIST_RECOVERY_PROGRESS,Recovery Progress Stats Instance Wide
SYS,DBA_HIST_REPLICATION_TBL_STATS,Replication Table Stats For GoldenGate/XStream Sessions
SYS,DBA_HIST_REPLICATION_TXN_STATS,Replication Transaction Stats For GoldenGate/XStream Sessions
SYS,DBA_HIST_REPORTS,
SYS,DBA_HIST_REPORTS_CONTROL,
SYS,DBA_HIST_REPORTS_DETAILS,
SYS,DBA_HIST_REPORTS_TIMEBANDS,
SYS,DBA_HIST_RESOURCE_LIMIT,Resource Limit Historical Statistics Information
SYS,DBA_HIST_ROWCACHE_SUMMARY,Row Cache Historical Statistics Information Summary
SYS,DBA_HIST_RSRC_CONSUMER_GROUP,Historical resource consumer group statistics
SYS,DBA_HIST_RSRC_METRIC,Historical resource manager metrics
SYS,DBA_HIST_RSRC_PDB_METRIC,Historical resource manager metrics by PDB
SYS,DBA_HIST_RSRC_PLAN,Historical resource plan statistics
SYS,DBA_HIST_RULE_SET,Rule sets historical statistics information
SYS,DBA_HIST_SEG_STAT,Historical Statistics Information
SYS,DBA_HIST_SEG_STAT_OBJ,Segment Names
SYS,DBA_HIST_SERVICE_NAME,Service Names
SYS,DBA_HIST_SERVICE_STAT,Historical Service Statistics
SYS,DBA_HIST_SERVICE_WAIT_CLASS,Historical Service Wait Class Statistics
SYS,DBA_HIST_SESSMETRIC_HISTORY,System Metrics History
SYS,DBA_HIST_SESS_NETWORK,Statistics for Session Network
SYS,DBA_HIST_SESS_SGA_STATS,SGA Usage Stats For High Utilization GoldenGate/XStream Sessions
SYS,DBA_HIST_SESS_TIME_STATS,CPU And I/O Time For High Utilization Streams/GoldenGate/XStream sessions
SYS,DBA_HIST_SGA,SGA Historical Statistics Information
SYS,DBA_HIST_SGASTAT,SGA Pool Historical Statistics Information
SYS,DBA_HIST_SGA_TARGET_ADVICE,SGA Target Advice History
SYS,DBA_HIST_SHARED_POOL_ADVICE,Shared Pool Advice History
SYS,DBA_HIST_SHARED_SERVER_SUMMARY,Shared Server summary statistics
SYS,DBA_HIST_SNAP_ERROR,Snapshot Error Information
SYS,DBA_HIST_SNAPSHOT,Snapshot Information
SYS,DBA_HIST_SQLBIND,SQL Bind Information
SYS,DBA_HIST_SQL_BIND_METADATA,SQL Bind Metadata Information
SYS,DBA_HIST_SQLCOMMAND_NAME,Sql command types
SYS,DBA_HIST_SQL_PLAN,SQL Plan Information
SYS,DBA_HIST_SQLSTAT,SQL Historical Statistics Information
SYS,DBA_HIST_SQL_SUMMARY,Summary of SQL Statistics
SYS,DBA_HIST_SQLTEXT,SQL Text
SYS,DBA_HIST_SQL_WORKAREA_HSTGRM,SQL Workarea Histogram History
SYS,DBA_HIST_STAT_NAME,Statistic Names
SYS,DBA_HIST_STREAMS_APPLY_SUM,STREAMS Apply Historical Statistics Information
SYS,DBA_HIST_STREAMS_CAPTURE,STREAMS Capture Historical Statistics Information
SYS,DBA_HIST_STREAMS_POOL_ADVICE,Streams Pool Advice History
SYS,DBA_HIST_SYSMETRIC_HISTORY,System Metrics History
SYS,DBA_HIST_SYSMETRIC_SUMMARY,System Metrics History
SYS,DBA_HIST_SYSSTAT,System Historical Statistics Information
SYS,DBA_HIST_SYSTEM_EVENT,System Event Historical Statistics Information
SYS,DBA_HIST_SYS_TIME_MODEL,System Time Model Historical Statistics Information
SYS,DBA_HIST_TABLE_SETTINGS,Workload Repository Table Settings
SYS,DBA_HIST_TABLESPACE,Tablespace Static Information
SYS,DBA_HIST_TABLESPACE_STAT,Tablespace Historical Statistics Information
SYS,DBA_HIST_TBSPC_SPACE_USAGE,Tablespace Usage Historical Statistics Information
SYS,DBA_HIST_TEMPFILE,Names of Temporary Datafiles
SYS,DBA_HIST_TEMPSTATXS,Temporary Datafile Historical Statistics Information
SYS,DBA_HIST_THREAD,Thread Historical Statistics Information
SYS,DBA_HIST_TOPLEVELCALL_NAME,Oracle top level call type
SYS,DBA_HIST_UNDOSTAT,Undo Historical Statistics Information
SYS,DBA_HIST_WAITCLASSMET_HISTORY,Wait Class Metric History
SYS,DBA_HIST_WAITSTAT,Wait Historical Statistics Information
SYS,DBA_HIST_WR_CONTROL,Workload Repository Control Information
SYS,DBA_HIST_WR_SETTINGS,Workload Repository Settings
SYS,DBA_HOST_ACES,Access control entries defined in host access control lists
SYS,DBA_HOST_ACLS,Access control lists assigned to restrict access to network hosts through PL/SQL network utility packages
SYS,DBA_IDENTIFIERS,Identifiers in stored objects accessible to sys
SYS,DBA_ILMDATAMOVEMENTPOLICIES,Data movement related policies in database
SYS,DBA_ILMEVALUATIONDETAILS,Details on policies considered for a particular execution
SYS,DBA_ILMOBJECTS,Policies and the objects they affect in the database
SYS,DBA_ILMPARAMETERS,Describes ILM PARAMETERS in the database and their values
SYS,DBA_ILMPOLICIES,ILM policies in the database
SYS,DBA_ILMRESULTS,Information on ILM jobs
SYS,DBA_ILMTASKS,Information on ILM execution
SYS,DBA_IM_EXPRESSIONS,Automatically captured expressions enabled for in-memory storage
SYS,DBA_IMMUTABLE_TABLES,
SYS,DBA_IND_COLUMNS,COLUMNs comprising INDEXes on all TABLEs and CLUSTERs
SYS,DBA_IND_COLUMNS_V$,
SYS,DBA_INDEXES,Description for all indexes in the database
SYS,DBA_IND_EXPRESSIONS,FUNCTIONAL INDEX EXPRESSIONs on all TABLES and CLUSTERS
SYS,DBA_INDEXTYPE_ARRAYTYPES,All array types specified by the indextype
SYS,DBA_INDEXTYPE_COMMENTS,Comments for user-defined indextypes
SYS,DBA_INDEXTYPE_OPERATORS,All indextype operators
SYS,DBA_INDEXTYPES,All indextypes
SYS,DBA_INDEX_USAGE,
SYS,DBA_IND_PARTITIONS,
SYS,DBA_IND_PENDING_STATS,"Pending statistics of indexes, partitions, and subpartitions"
SYS,DBA_IND_STATISTICS,Optimizer statistics for all indexes in the database
SYS,DBA_IND_SUBPARTITIONS,
SYS,DBA_INMEMORY_AIMTASKDETAILS,Information on details for an automatic inmemory management task
SYS,DBA_INMEMORY_AIMTASKS,Information on tasks for automatic inmemory store management (AIM)
SYS,DBA_INTERNAL_TRIGGERS,Description of the internal triggers on all tables in the database
SYS,DBA_INVALID_OBJECTS,
SYS,DBA_JAVA_ARGUMENTS,argument information for all java classes
SYS,DBA_JAVA_CLASSES,class level information for all java classes
SYS,DBA_JAVA_COMPILER_OPTIONS,all native-compiler options
SYS,DBA_JAVA_DERIVATIONS,this view maps java source objects and their derived java class objects and java resource objects for all java classes
SYS,DBA_JAVA_FIELDS,field information for java classes
SYS,DBA_JAVA_IMPLEMENTS,interfaces implemented by all java classes
SYS,DBA_JAVA_INNERS,list of inner classes referenced by some other class
SYS,DBA_JAVA_LAYOUTS,class layout information for all java classes
SYS,DBA_JAVA_METHODS,method information for all java classes
SYS,DBA_JAVA_NCOMPS,
SYS,DBA_JAVA_POLICY,java security Permissions for all users
SYS,DBA_JAVA_RESOLVERS,resolver of java class owned by user
SYS,DBA_JAVA_THROWS,list of exceptions thrown from methods of all java classes
SYS,DBA_JOBS,All jobs in the database
SYS,DBA_JOBS_RUNNING,"All jobs in the database which are currently running, join v$lock and job$"
SYS,DBA_JOINGROUPS,Join groups in the database
SYS,DBA_JOIN_IND_COLUMNS,Join Index columns comprising the join conditions
SYS,DBA_JSON_COLSTORAGE_STATS,
SYS,DBA_JSON_COLUMNS,Comments on all JSON columns
SYS,DBA_JSON_DATAGUIDE_FIELDS,
SYS,DBA_JSON_DATAGUIDES,
SYS,DBA_JSON_TABLE_COLS_COUNT,
SYS,DBA_JSON_VIEW_COLS_COUNT,
SYS,DBA_KEEPSIZES,
SYS,DBA_KGLLOCK,
SYS,DBA_LIBRARIES,Description of all libraries in the database
SYS,DBA_LMT_FREE_SPACE,Free extents in all locally managed tablespaces
SYS,DBA_LMT_USED_EXTENTS,All extents in the locally managed tablespaces
SYS,DBA_LOB_PARTITIONS,
SYS,DBA_LOBS,Description of LOBs contained in all tables
SYS,DBA_LOB_SUBPARTITIONS,
SYS,DBA_LOB_TEMPLATES,
SYS,DBA_LOCK,
SYS,DBA_LOCKDOWN_PROFILES,Describes all the rules of all the lockdown profiles
SYS,DBA_LOCK_INTERNAL,
SYS,DBA_LOG_GROUP_COLUMNS,Information about columns in log group definitions
SYS,DBA_LOG_GROUPS,Log group definitions on all tables
SYS,DBA_LOGMNR_DICTIONARY_BUILDLOG,All successful Logminer Dictionary Builds available for GoldenGate Register Extract
SYS,DBA_LOGMNR_LOG,
SYS,DBA_LOGMNR_PROFILE_PLSQL_STATS,
SYS,DBA_LOGMNR_PROFILE_TABLE_STATS,
SYS,DBA_LOGMNR_PURGED_LOG,
SYS,DBA_LOGMNR_SESSION,
SYS,DBA_LOGSTDBY_EDS_SUPPORTED,List of all tables that could have EDS-based replication for Logical Standby
SYS,DBA_LOGSTDBY_EDS_TABLES,List of all tables that have EDS-based replication for Logical Standby
SYS,DBA_LOGSTDBY_EVENTS,Information on why logical standby events
SYS,DBA_LOGSTDBY_HISTORY,"Information on processed, active, and pending log streams"
SYS,DBA_LOGSTDBY_LOG,List the information about received logs from the primary
SYS,DBA_LOGSTDBY_NOT_UNIQUE,List of all the tables with out primary or unique key not null constraints
SYS,DBA_LOGSTDBY_PARAMETERS,Miscellaneous options and settings for Logical Standby
SYS,DBA_LOGSTDBY_PLSQL_MAP,PLSQL mapping from user invokable procedure to supp-log pragma-ed procedure
SYS,DBA_LOGSTDBY_PLSQL_SUPPORT,PLSQL packages registered with logical standby
SYS,DBA_LOGSTDBY_PROGRESS,List the SCN values describing read and apply progress
SYS,DBA_LOGSTDBY_SKIP,List the skip settings choosen
SYS,DBA_LOGSTDBY_SKIP_TRANSACTION,List the transactions to be skipped
SYS,DBA_LOGSTDBY_SUPPORT_MODE,List of Logical Standby support mode for tables
SYS,DBA_LOGSTDBY_UNSUPPORTED,List of all the columns that are not supported by Logical Standby
SYS,DBA_LOGSTDBY_UNSUPPORTED_TABLE,List of all the data tables that are not supported by Logical Standby
SYS,DBA_MEASURE_FOLDER_CONTENTS,OLAP Measure Folder Contents in the database
SYS,DBA_MEASURE_FOLDERS,OLAP Measure Folders in the database
SYS,DBA_MEASURE_FOLDER_SUBFOLDERS,OLAP Measure Folders contained within the database OLAP Measure Folders
SYS,DBA_METADATA_PROPERTIES,OLAP Metadata Properties in the database
SYS,DBA_METHOD_PARAMS,Description of method parameters of all types in the database
SYS,DBA_METHOD_RESULTS,Description of method results of all types in the database
SYS,DBA_MINING_MODEL_ATTRIBUTES,Description of all the model attributes in the database
SYS,DBA_MINING_MODEL_PARTITIONS,Description of all the partitions accessible to the system
SYS,DBA_MINING_MODELS,Description of all the models in the database
SYS,DBA_MINING_MODEL_SETTINGS,Description of all the model settings in the database
SYS,DBA_MINING_MODEL_TABLES,Description of all the mining model tables in the system
SYS,DBA_MINING_MODEL_VIEWS,Description of all the model views in the database
SYS,DBA_MINING_MODEL_XFORMS,User-specified transformations embedded in all models accessible to the user
SYS,DBA_MVIEW_AGGREGATES,Description of the materialized view aggregates accessible to dba
SYS,DBA_MVIEW_ANALYSIS,Description of the materialized views accessible to dba
SYS,DBA_MVIEW_COMMENTS,Comments on all materialized views in the database
SYS,DBA_MVIEW_DETAIL_PARTITION,Freshness information of all PCT materialized views in the database
SYS,DBA_MVIEW_DETAIL_RELATIONS,Description of the materialized view detail tables accessible to dba
SYS,DBA_MVIEW_DETAIL_SUBPARTITION,Freshness information of all PCT materialized views in the database
SYS,DBA_MVIEW_JOINS,"Description of a join between two columns in the
WHERE clause of a materialized view accessible to dba"
SYS,DBA_MVIEW_KEYS,"Description of the columns that appear in the GROUP BY
list of a materialized view accessible to dba"
SYS,DBA_MVIEW_LOG_FILTER_COLS,All filter columns (excluding PK cols) being logged in the materialized view logs
SYS,DBA_MVIEW_LOGS,All materialized view logs in the database
SYS,DBA_MVIEW_REFRESH_TIMES,All fast refreshable materialized views and their last refresh times for each master table
SYS,DBA_MVIEWS,All materialized views in the database
SYS,DBA_MVREF_CHANGE_STATS,
SYS,DBA_MVREF_RUN_STATS,
SYS,DBA_MVREF_STATS,
SYS,DBA_MVREF_STATS_PARAMS,
SYS,DBA_MVREF_STATS_SYS_DEFAULTS,
SYS,DBA_MVREF_STMT_STATS,
SYS,DBA_NESTED_TABLE_COLS,Columns of nested tables
SYS,DBA_NESTED_TABLES,Description of nested tables contained in all tables
SYS,DBA_NETWORK_ACL_PRIVILEGES,Privileges defined in network access control lists
SYS,DBA_NETWORK_ACLS,Access control lists assigned to restrict access to network hosts through PL/SQL network utility packages
SYS,DBA_OBJ_AUDIT_OPTS,Auditing options for all tables and views with atleast one option set
SYS,DBA_OBJ_COLATTRS,Description of object columns and attributes contained in all tables in the database
SYS,DBA_OBJECTS,All objects in the database
SYS,DBA_OBJECTS_AE,All objects in the database
SYS,DBA_OBJECT_SIZE,"Sizes, in bytes, of various pl/sql objects"
SYS,DBA_OBJECT_TABLES,Description of all object tables in the database
SYS,DBA_OBJECT_USAGE,Record of index usage
SYS,_DBA_OGG_ALL_TABLES,
SYS,DBA_OGG_AUTO_CAPTURED_TABLES,All tables at the database that are enabled for Oracle GoldenGata Auto Capture
SYS,DBA_OLDIMAGE_COLUMNS,Gives all object tables and columns in old (8.0) image format
SYS,DBA_OPANCILLARY,All ancillary operators
SYS,DBA_OPARGUMENTS,All operator arguments
SYS,DBA_OPBINDINGS,All operator binding functiosn or methods
SYS,DBA_OPERATOR_COMMENTS,Comments for user-defined operators
SYS,DBA_OPERATORS,All operators
SYS,DBA_OPTSTAT_OPERATIONS,History of statistics operations performed
SYS,DBA_OPTSTAT_OPERATION_TASKS,Tasks that are performed as part of statistics operations
SYS,DBA_OUTLINE_HINTS,Hints stored in outlines
SYS,DBA_OUTLINES,Stored outlines
SYS,DBA_OUTSTANDING_ALERTS,Description of all outstanding alerts
SYS,DBA_PARALLEL_EXECUTE_CHUNKS,
SYS,DBA_PARALLEL_EXECUTE_TASKS,
SYS,DBA_PART_COL_STATISTICS,
SYS,DBA_PART_HISTOGRAMS,
SYS,DBA_PARTIAL_DROP_TABS,All tables with partially dropped columns in the database
SYS,DBA_PART_INDEXES,
SYS,DBA_PART_KEY_COLUMNS,
SYS,DBA_PART_KEY_COLUMNS_V$,
SYS,DBA_PART_LOBS,
SYS,DBA_PART_TABLES,
SYS,DBA_PDB_HISTORY,Describes lineage of the pluggable database to which it belongs
SYS,DBA_PDBS,Describes all pluggable databases in the consolidated database
SYS,DBA_PDB_SAVED_STATES,Shows all saved pluggable database states in the consolidated database
SYS,DBA_PDB_SNAPSHOTFILE,Describes all snapshotfile for a given pluggable database
SYS,DBA_PDB_SNAPSHOTS,Describes all snapshots for a given pluggable database
SYS,DBA_PENDING_CONV_TABLES,All tables which are not upgraded to the latest type version in the database
SYS,DBA_PENDING_TRANSACTIONS,information about unresolved global transactions
SYS,DBA_PLSQL_COLL_TYPES,Description of all named collection types in the database
SYS,DBA_PLSQL_OBJECT_SETTINGS,Compiler settings of all objects in the database
SYS,DBA_PLSQL_TYPE_ATTRS,Description of attributes of all plsql types in the database
SYS,DBA_PLSQL_TYPES,Description of all types in the database
SYS,DBA_POLICIES,All row level security policies in the database
SYS,DBA_POLICY_ATTRIBUTES,Attribute associations of all context sensitive and shared context sensitive policies in the database
SYS,DBA_POLICY_CONTEXTS,"All policy driving context defined for any synonym, table, or view in the database"
SYS,DBA_POLICY_GROUPS,"All policy groups defined for any synonym, table, view in the database"
SYS,DBA_PRIVATE_TEMP_TABLES,Description of the Private Temp Table accessible to the DBA
SYS,DBA_PRIV_AUDIT_OPTS,Describes current system privileges being audited across the system and by user
SYS,DBA_PRIV_CAPTURES,
SYS,DBA_PROCEDURES,Description of the dba functions/procedures/packages/types/triggers
SYS,DBA_PROFILES,Display all profiles and their limits
SYS,DBA_PROPAGATION,Streams propagation in the database
SYS,DBA_PROXIES,Information about all proxy connections
SYS,DBA_QUEUE_EVENT_STREAMS,All database queue Event Sreams
SYS,DBA_QUEUE_PUBLISHERS,
SYS,DBA_QUEUES,All database queues
SYS,_DBA_QUEUE_SCHEDULES,
SYS,DBA_QUEUE_SCHEDULES,
SYS,_DBA_QUEUE_SCHEDULES_COMPAT,
SYS,DBA_QUEUE_SHARDS,All database queue Shards
SYS,_DBA_QUEUE_STATS1,
SYS,DBA_QUEUE_SUBSCRIBERS,queue subscribers in the database
SYS,DBA_QUEUE_TABLES,All queue tables created in the database
SYS,DBA_RAT_CAPTURE_SCHEMA_INFO,
SYS,DBA_RCHILD,All the children in any refresh group.  This view is not a join.
SYS,DBA_RECOVERABLE_SCRIPT,Details about recoverable operations
SYS,DBA_RECOVERABLE_SCRIPT_BLOCKS,Details about the recoverable script blocks
SYS,DBA_RECOVERABLE_SCRIPT_ERRORS,Details showing errors during script execution
SYS,DBA_RECOVERABLE_SCRIPT_HIST,Details about executed or purged recoverable operations
SYS,DBA_RECOVERABLE_SCRIPT_PARAMS,Details about the recoverable operation parameters
SYS,DBA_RECYCLEBIN,Description of the Recyclebin view accessible to the user
SYS,DBA_REDEFINITION_ERRORS,
SYS,DBA_REDEFINITION_OBJECTS,
SYS,DBA_REDEFINITION_STATUS,
SYS,DBA_REDO_DB,
SYS,DBA_REDO_LOG,
SYS,DBA_REFRESH,All the refresh groups
SYS,DBA_REFRESH_CHILDREN,All the objects in refresh groups
SYS,DBA_REFS,Description of REF columns contained in all tables
SYS,DBA_REGISTERED_ARCHIVED_LOG,Details about the registered log files
SYS,DBA_REGISTERED_MVIEWS,Remote materialized views of local tables
SYS,DBA_REGISTERED_SNAPSHOTS,Remote snapshots of local tables
SYS,DBA_REGISTRY,
SYS,DBA_REGISTRY_BACKPORTS,
SYS,DBA_REGISTRY_DATABASE,
SYS,DBA_REGISTRY_DEPENDENCIES,
SYS,DBA_REGISTRY_ERROR,
SYS,DBA_REGISTRY_HIERARCHY,
SYS,DBA_REGISTRY_HISTORY,
SYS,DBA_REGISTRY_LOG,
SYS,DBA_REGISTRY_PROGRESS,
SYS,DBA_REGISTRY_SCHEMAS,
SYS,DBA_REGISTRY_SQLPATCH,
SYS,DBA_REGISTRY_SQLPATCH_RU_INFO,
SYS,DBA_REPLAY_UPGRADE_ERRORS,Describes all error messages in Replay Upgrade
SYS,DBA_REPLAY_UPGRADE_STATEMENTS,Describes all statements for Replay Upgrade
SYS,DBA_REPL_DBNAME_MAPPING,Details about the database name mapping
SYS,DBA_REPLICATION_PROCESS_EVENTS,Dictionary table for the replication processes events
SYS,DBA_RESOURCE_INCARNATIONS,Resource incarnations that are running or eligible for HA status notification
SYS,DBA_RESUMABLE,Resumable session information in the system
SYS,DBA_REWRITE_EQUIVALENCES,Description of rewrite equivalence accessible to DBA
SYS,DBA_RGROUP,All refresh groups.  This view is not a join.
SYS,DBA_ROLE_PRIVS,Roles granted to users and roles
SYS,DBA_ROLES,All Roles which exist in the database
SYS,DBA_ROLLBACK_SEGS,Description of rollback segments
SYS,DBA_ROLLING_DATABASES,List of all databases eligible for configuration with rolling upgrade
SYS,DBA_ROLLING_EVENTS,List of all events reported from DBMS_ROLLING PL/SQL package
SYS,DBA_ROLLING_PARAMETERS,List of parameters to configure rolling upgrade
SYS,DBA_ROLLING_PLAN,List of instructions which constitutes the upgrade plan
SYS,DBA_ROLLING_STATISTICS,List of rolling upgrade statistics
SYS,DBA_ROLLING_STATUS,Overall status of the rolling upgrade
SYS,DBA_ROLLING_SUPPORT_MODE,List of all tables and their support_mode during DBMS_ROLLING upgrade
SYS,DBA_ROLLING_UNSUPPORTED,List of all the columns that are not supported by DBMS_ROLLING upgrades
SYS,DBA_RSRC_CAPABILITY,"settings for database resources that are capable of being managed by the
Resource Manager"
SYS,DBA_RSRC_CATEGORIES,All resource consumer group categories
SYS,DBA_RSRC_CONSUMER_GROUP_PRIVS,Switch privileges for consumer groups
SYS,DBA_RSRC_CONSUMER_GROUPS,all the resource consumer groups
SYS,DBA_RSRC_GROUP_MAPPINGS,all the consumer group mappings
SYS,DBA_RSRC_INSTANCE_CAPABILITY,"per-instance settings for database resources that are capable of being
managed by the Resource Manager"
SYS,DBA_RSRC_IO_CALIBRATE,Results of the most recent I/O calibration
SYS,DBA_RSRC_MANAGER_SYSTEM_PRIVS,system privileges for the resource manager
SYS,DBA_RSRC_MAPPING_PRIORITY,the consumer group mapping attribute priorities
SYS,DBA_RSRC_PLAN_DIRECTIVES,all the resource plan directives
SYS,DBA_RSRC_PLANS,All the resource plans
SYS,DBA_RSRC_STORAGE_POOL_MAPPING,resource manager rules for mapping files to storage pools
SYS,DBA_RULES,Rules in the databse
SYS,DBA_RULE_SET_RULES,Rules in all rule sets in the database
SYS,DBA_RULE_SETS,Rule sets in the database
SYS,DBA_RULESETS,Rulesets in the database: maintained for backward compatibility
SYS,_DBA_RULES1,
SYS,DBA_SCHEDULER_CHAIN_RULES,All rules from scheduler chains in the database
SYS,DBA_SCHEDULER_CHAINS,All scheduler chains in the database
SYS,DBA_SCHEDULER_CHAIN_STEPS,All steps of scheduler chains in the database
SYS,DBA_SCHEDULER_CREDENTIALS,All scheduler credentials in the database
SYS,DBA_SCHEDULER_DB_DESTS,All destination objects in the database pointing to remote databases
SYS,DBA_SCHEDULER_DESTS,All possible destination objects for jobs in the database
SYS,DBA_SCHEDULER_EXTERNAL_DESTS,All destination objects in the database pointing to remote agents
SYS,DBA_SCHEDULER_FILE_WATCHERS,All scheduler file watch requests in the database
SYS,DBA_SCHEDULER_GLOBAL_ATTRIBUTE,All scheduler global attributes
SYS,DBA_SCHEDULER_GROUP_MEMBERS,Members of all scheduler object groups in the database
SYS,DBA_SCHEDULER_GROUPS,All scheduler object groups in the database
SYS,DBA_SCHEDULER_INCOMPAT_MEMBER,All incompatibility resource objects members in the database
SYS,DBA_SCHEDULER_INCOMPATS,All scheduler incompatibility resource objects in the database
SYS,DBA_SCHEDULER_JOB_ARGS,All arguments with set values of all scheduler jobs in the database
SYS,DBA_SCHEDULER_JOB_CLASSES,All scheduler classes in the database
SYS,DBA_SCHEDULER_JOB_DESTS,State of all jobs at each of their destinations
SYS,DBA_SCHEDULER_JOB_LOG,Logged information for all scheduler jobs
SYS,DBA_SCHEDULER_JOB_ROLES,All scheduler jobs in the database by database role
SYS,DBA_SCHEDULER_JOB_RUN_DETAILS,The details of a job run
SYS,DBA_SCHEDULER_JOBS,All scheduler jobs in the database
SYS,DBA_SCHEDULER_NOTIFICATIONS,All job e-mail notifications in the database
SYS,DBA_SCHEDULER_PROGRAM_ARGS,All arguments of all scheduler programs in the database
SYS,DBA_SCHEDULER_PROGRAMS,All scheduler programs in the database
SYS,DBA_SCHEDULER_REMOTE_DATABASES,List of registered remote databases for jobs
SYS,DBA_SCHEDULER_REMOTE_JOBSTATE,Remote state of all jobs originating from this database
SYS,DBA_SCHEDULER_RESOURCES,All scheduler resource objects in the database
SYS,DBA_SCHEDULER_RSC_CONSTRAINTS,All scheduler resource constraint members in the database
SYS,DBA_SCHEDULER_RUNNING_CHAINS,All steps of all running chains in the database
SYS,DBA_SCHEDULER_RUNNING_JOBS,
SYS,DBA_SCHEDULER_SCHEDULES,All schedules in the database
SYS,DBA_SCHEDULER_WINDOW_DETAILS,The details of a window
SYS,DBA_SCHEDULER_WINDOW_GROUPS,All scheduler window groups in the database
SYS,DBA_SCHEDULER_WINDOW_LOG,Logged information for all scheduler windows
SYS,DBA_SCHEDULER_WINDOWS,All scheduler windows in the database
SYS,DBA_SCHEDULER_WINGROUP_MEMBERS,Members of all scheduler window groups in the database
SYS,DBA_SECONDARY_OBJECTS,All secondary objects for domain indexes
SYS,DBA_SEC_RELEVANT_COLS,Security Relevant columns of all VPD policies in the database
SYS,DBA_SECUREFILE_LOG_INSTANCES,
SYS,DBA_SECUREFILE_LOG_PARTITIONS,
SYS,DBA_SECUREFILE_LOGS,
SYS,DBA_SECUREFILE_LOG_TABLES,
SYS,DBA_SEGMENTS,Storage allocated for all database segments
SYS,DBA_SEGMENTS_OLD,Storage allocated for all database segments
SYS,DBA_SENSITIVE_COLUMN_TYPES,All Sensitive Column Types in the database
SYS,DBA_SENSITIVE_DATA,All sensitive data in the database identified using TSDP
SYS,DBA_SENSITIVE_DATA_TBL,
SYS,DBA_SEQUENCES,Description of all SEQUENCEs in the database
SYS,DBA_SERVER_REGISTRY,
SYS,DBA_SERVICES,
SYS,DBA_SNAPSHOT_LOGS,All snapshot logs in the database
SYS,DBA_SNAPSHOTS,All snapshots in the database
SYS,DBA_SOURCE,Source of all stored objects in the database
SYS,DBA_SOURCE_AE,Source of all stored objects in the database
SYS,DBA_SQLJ_TYPE_ATTRS,Description of attributes of all types in the database
SYS,DBA_SQLJ_TYPE_METHODS,Description of methods of all types in the database
SYS,DBA_SQLJ_TYPES,Description of all types in the database
SYS,DBA_SQL_MANAGEMENT_CONFIG,
SYS,DBA_SQL_MONITOR_USAGE,
SYS,DBA_SQL_PATCHES,set of sql patches
SYS,DBA_SQL_PLAN_BASELINES,set of plan baselines
SYS,DBA_SQL_PLAN_DIRECTIVES,Set of sql plan directives
SYS,DBA_SQL_PLAN_DIR_OBJECTS,Set of objects in sql plan directive
SYS,DBA_SQL_PROFILES,set of sql profiles
SYS,DBA_SQL_QUARANTINE,
SYS,DBA_SQLSET,
SYS,DBA_SQLSET_BINDS,
SYS,DBA_SQLSET_PLANS,
SYS,DBA_SQLSET_REFERENCES,
SYS,DBA_SQLSET_STATEMENTS,
SYS,DBA_SQL_TRANSLATION_PROFILES,Describes all SQL translation profiles in the database
SYS,DBA_SQL_TRANSLATIONS,Describes all SQL translations in the database
SYS,DBA_SQLTUNE_BINDS,
SYS,DBA_SQLTUNE_PLANS,
SYS,DBA_SQLTUNE_RATIONALE_PLAN,
SYS,DBA_SQLTUNE_STATISTICS,
SYS,DBA_SR_GRP_STATUS,
SYS,DBA_SR_GRP_STATUS_ALL,All synchronous refresh groups in the database
SYS,DBA_SR_OBJ,
SYS,DBA_SR_OBJ_ALL,All synchronous refresh objects in the database
SYS,DBA_SR_OBJ_STATUS,
SYS,DBA_SR_OBJ_STATUS_ALL,All synchronous refresh objects in the database
SYS,DBA_SR_PARTN_OPS,
SYS,DBA_SR_STLOG_EXCEPTIONS,
SYS,DBA_SR_STLOG_STATS,
SYS,DBA_SSCR_CAPTURE,Session state capture statistics
SYS,DBA_SSCR_RESTORE,Session state restore statistics
SYS,DBA_STATEMENTS,Statements in stored objects accessible to sys
SYS,DBA_STAT_EXTENSIONS,Optimizer statistics extensions
SYS,DBA_STMT_AUDIT_OPTS,Describes current system auditing options across the system and by user
SYS,DBA_STORED_SETTINGS,Parameter settings for all objects
SYS,_DBA_STREAMS_ACTIONS,DBA Streams Actions
SYS,DBA_STREAMS_ADD_COLUMN,Add column transformations
SYS,DBA_STREAMS_ADMINISTRATOR,Users granted the privileges to be a streams administrator
SYS,DBA_STREAMS_COLUMNS,Supportability info about streams columns
SYS,_DBA_STREAMS_COMPONENT,DBA Streams Component
SYS,_DBA_STREAMS_COMPONENT_EVENT,DBA Streams Component Event
SYS,_DBA_STREAMS_COMPONENT_LINK,DBA Streams Component Link
SYS,_DBA_STREAMS_COMPONENT_PROP,DBA Streams Component Properties
SYS,_DBA_STREAMS_COMPONENT_STAT,DBA Streams Component Statistics
SYS,DBA_STREAMS_DELETE_COLUMN,Delete column transformations
SYS,_DBA_STREAMS_FINDINGS,DBA Streams Findings
SYS,DBA_STREAMS_GLOBAL_RULES,Global rules created by streams administrative APIs
SYS,DBA_STREAMS_KEEP_COLUMNS,Keep columns transformations
SYS,_DBA_STREAMS_MESSAGE_CONSUMERS,
SYS,DBA_STREAMS_MESSAGE_CONSUMERS,Streams messaging consumers
SYS,_DBA_STREAMS_MESSAGE_RULES,
SYS,DBA_STREAMS_MESSAGE_RULES,Rules for Streams messaging
SYS,_DBA_STREAMS_MSG_NOTIFICATIONS,
SYS,DBA_STREAMS_NEWLY_SUPPORTED,List of tables that are newly supported by Streams capture
SYS,_DBA_STREAMS_NEWLY_SUPTED_10_1,
SYS,_DBA_STREAMS_NEWLY_SUPTED_10_2,
SYS,_DBA_STREAMS_NEWLY_SUPTED_11_1,
SYS,_DBA_STREAMS_NEWLY_SUPTED_11_2,
SYS,_DBA_STREAMS_NEWLY_SUPTED_12_1,
SYS,_DBA_STREAMS_NEWLY_SUPTED_12_2,
SYS,_DBA_STREAMS_PRIVILEGED_USER,
SYS,_DBA_STREAMS_PROCESSES,
SYS,_DBA_STREAMS_QUEUES,
SYS,_DBA_STREAMS_RECOMMENDATIONS,DBA Streams Recommendations
SYS,DBA_STREAMS_RENAME_COLUMN,Rename column transformations
SYS,DBA_STREAMS_RENAME_SCHEMA,Rename schema transformations
SYS,DBA_STREAMS_RENAME_TABLE,Rename table transformations
SYS,_DBA_STREAMS_RULES,
SYS,DBA_STREAMS_RULES,Rules used by Streams processes
SYS,_DBA_STREAMS_RULES_H,
SYS,_DBA_STREAMS_RULES_H2,
SYS,DBA_STREAMS_SCHEMA_RULES,Schema rules created by streams administrative APIs
SYS,DBA_STREAMS_SPLIT_MERGE,view of details of split/merge jobs/status about streams
SYS,DBA_STREAMS_SPLIT_MERGE_HIST,history view of details of split/merge jobs/status about streams
SYS,_DBA_STREAMS_STMT_HANDLERS,
SYS,DBA_STREAMS_STMT_HANDLERS,
SYS,_DBA_STREAMS_STMTS,
SYS,DBA_STREAMS_STMTS,
SYS,DBA_STREAMS_TABLE_RULES,Table rules created by streams administrative APIs
SYS,DBA_STREAMS_TP_COMPONENT,DBA Streams Component
SYS,DBA_STREAMS_TP_COMPONENT_LINK,DBA Streams Component Link (Streams Topology Links)
SYS,_DBA_STREAMS_TP_COMPONENT_PROP,DBA Streams Component Properties
SYS,DBA_STREAMS_TP_COMPONENT_STAT,DBA Streams Component Statistics
SYS,DBA_STREAMS_TP_DATABASE,DBA Streams Database
SYS,DBA_STREAMS_TP_PATH_BOTTLENECK,DBA Streams Path Bottleneck
SYS,DBA_STREAMS_TP_PATH_STAT,DBA Streams Path Statistics
SYS,_DBA_STREAMS_TRANSFM_FUNCTION,
SYS,_DBA_STREAMS_TRANSFORMATIONS,
SYS,DBA_STREAMS_TRANSFORMATIONS,Transformations defined on rules
SYS,DBA_STREAMS_TRANSFORM_FUNCTION,Rules-based transform functions used by Streams
SYS,DBA_STREAMS_UNSUPPORTED,List of all the tables that are not supported by Streams in this release
SYS,_DBA_STREAMS_UNSUPPORTED_10_1,
SYS,_DBA_STREAMS_UNSUPPORTED_10_2,
SYS,_DBA_STREAMS_UNSUPPORTED_11_1,
SYS,_DBA_STREAMS_UNSUPPORTED_11_2,
SYS,_DBA_STREAMS_UNSUPPORTED_12_1,
SYS,_DBA_STREAMS_UNSUPPORTED_12_2,
SYS,_DBA_STREAMS_UNSUPPORTED_9_2,
SYS,DBA_SUBPART_COL_STATISTICS,
SYS,DBA_SUBPART_HISTOGRAMS,
SYS,DBA_SUBPARTITION_TEMPLATES,
SYS,DBA_SUBPART_KEY_COLUMNS,
SYS,DBA_SUBPART_KEY_COLUMNS_V$,
SYS,DBA_SUBSCR_DUR_REGISTRATIONS,All Durable subscription registrations created in the database
SYS,DBA_SUBSCR_REGISTRATIONS,All subscription registrations created in the database
SYS,DBA_SUMMARIES,Description of the summaries accessible to dba
SYS,DBA_SUMMARY_AGGREGATES,
SYS,DBA_SUMMARY_DETAIL_TABLES,
SYS,DBA_SUMMARY_JOINS,
SYS,DBA_SUMMARY_KEYS,
SYS,DBA_SUPPLEMENTAL_LOGGING,Describes the current state of supplemental logging for this database
SYS,_DBA_SXGG_SPLIT_MERGE,
SYS,_DBA_SXGG_SPLIT_MERGE_HIST,
SYS,_DBA_SXGG_TRANSFORMATIONS,
SYS,DBA_SYNC_CAPTURE,Details about the sync capture process
SYS,DBA_SYNC_CAPTURE_PREPARED_TABS,All tables prepared for synchronous capture instantiation
SYS,DBA_SYNC_CAPTURE_TABLES,All tables that are captured by synchronous streams captures.
SYS,DBA_SYNONYMS,All synonyms in the database
SYS,DBA_SYS_PRIVS,System privileges granted to users and roles
SYS,DBA_TAB_COLS,"Columns of user's tables, views and clusters"
SYS,DBA_TAB_COL_STATISTICS,"Columns of user's tables, views and clusters"
SYS,DBA_TAB_COL_STAT_MODELS,Statistics models of all tables in the database
SYS,DBA_TAB_COLS_V$,
SYS,DBA_TAB_COLUMNS,"Columns of user's tables, views and clusters"
SYS,DBA_TAB_COMMENTS,Comments on all tables and views in the database
SYS,DBA_TAB_HISTGRM_PENDING_STATS,"Pending statistics of tables, partitions, and subpartitions"
SYS,DBA_TAB_HISTOGRAMS,Histograms on columns of all tables
SYS,DBA_TAB_IDENTITY_COLS,Describes all table identity columns
SYS,DBA_TABLES,Description of all relational tables in the database
SYS,DBA_TABLESPACE_GROUPS,Description of all tablespace groups
SYS,DBA_TABLESPACES,Description of all tablespaces
SYS,DBA_TABLESPACE_THRESHOLDS,Space Utilization Threshold settings for all tablespaces
SYS,DBA_TABLESPACE_USAGE_METRICS,Description of all tablespace space usage metrics
SYS,DBA_TAB_MODIFICATIONS,Information regarding modifications to tables
SYS,DBA_TAB_PARTITIONS,
SYS,DBA_TAB_PENDING_STATS,"Pending statistics of tables, partitions, and subpartitions"
SYS,DBA_TAB_PRIVS,All grants on objects in the database
SYS,DBA_TAB_STATISTICS,Optimizer statistics for all tables in the database
SYS,DBA_TAB_STAT_PREFS,Statistics preferences for tables
SYS,DBA_TAB_STATS_HISTORY,History of table statistics modifications
SYS,DBA_TAB_SUBPARTITIONS,
SYS,DBA_TEMP_FILES,Information about database temp files for all instances
SYS,DBA_TEMP_FREE_SPACE,Summary of temporary space usage
SYS,DBA_THRESHOLDS,Desription of all thresholds
SYS,DBA_TRANSFORMATIONS,
SYS,DBA_TRIGGER_COLS,Column usage in all triggers
SYS,_DBA_TRIGGER_ORDERING,
SYS,DBA_TRIGGER_ORDERING,All triggers having FOLLOWS or PRECEDES ordering in the database
SYS,DBA_TRIGGERS,All triggers in the database
SYS,DBA_TRIGGERS_AE,All triggers in the database
SYS,DBA_TSDP_IMPORT_ERRORS,Lists the errors encountered during import of Discovery Result
SYS,DBA_TSDP_POLICY_CONDITION,The conditions of TSDP policies
SYS,DBA_TSDP_POLICY_FEATURE,All TSDP policies in the database
SYS,DBA_TSDP_POLICY_PARAMETER,Parameters of the TSDP policies
SYS,DBA_TSDP_POLICY_PROTECTION,Lists the protection enabled through TSDP
SYS,DBA_TSDP_POLICY_PROTECTION_TBL,
SYS,DBA_TSDP_POLICY_TYPE,All TSDP policy and Sensitive Type associations
SYS,DBA_TSM_DESTINATION,Transparent session migration source session statistics
SYS,DBA_TSM_HISTORY,Transparent session migration statistics
SYS,DBA_TSM_SOURCE,Transparent session migration source session statistics
SYS,DBA_TS_QUOTAS,Tablespace quotas for all users
SYS,DBA_TSTZ_TAB_COLS,"Columns of all tables in the database, which have column(s) defined on timestamp with time zone data type or ADT type containing attribute(s) of timestamp with time zone data type"
SYS,DBA_TSTZ_TABLES,"Description of all tables in the database, which have column(s) defined on timestamp with time zone data type or ADT type containing attribute(s) of timestamp with time zone data type"
SYS,DBA_TUNE_MVIEW,Catalog View to show the result after executing TUNE_MVIEW() API
SYS,DBA_TYPE_ATTRS,Description of attributes of all types in the database
SYS,DBA_TYPE_METHODS,Description of methods of all types in the database
SYS,DBA_TYPES,Description of all types in the database
SYS,DBA_TYPE_VERSIONS,Description of each type version in the database
SYS,DBA_UMF_EVENTLOG,
SYS,DBA_UMF_LINK,
SYS,DBA_UMF_REGISTRATION,
SYS,DBA_UMF_SERVICE,
SYS,DBA_UMF_TOPOLOGY,
SYS,DBA_UNDO_EXTENTS,Extents comprising all segments in the system managed undo tablespaces
SYS,DBA_UNUSED_COL_TABS,All tables with unused columns in the database
SYS,DBA_UNUSED_GRANTS,
SYS,DBA_UNUSED_OBJPRIVS,
SYS,DBA_UNUSED_OBJPRIVS_PATH,
SYS,DBA_UNUSED_PRIVS,
SYS,DBA_UNUSED_SYSPRIVS,
SYS,DBA_UNUSED_SYSPRIVS_PATH,
SYS,DBA_UNUSED_USERPRIVS,
SYS,DBA_UNUSED_USERPRIVS_PATH,
SYS,DBA_UPDATABLE_COLUMNS,Description of dba updatable columns
SYS,DBA_UPGRADE_ERRORS,Errors during the upgrade
SYS,DBA_USED_OBJPRIVS,
SYS,DBA_USED_OBJPRIVS_PATH,
SYS,DBA_USED_PRIVS,
SYS,DBA_USED_PUBPRIVS,
SYS,DBA_USED_SYSPRIVS,
SYS,DBA_USED_SYSPRIVS_PATH,
SYS,DBA_USED_USERPRIVS,
SYS,DBA_USED_USERPRIVS_PATH,
SYS,DBA_USERS,Information about all users of the database
SYS,DBA_USERS_WITH_DEFPWD,Users that are still using their default passwords
SYS,DBA_USTATS,All statistics collected on either tables or indexes
SYS,DBA_VARRAYS,Description of varrays in tables accessible to the user
SYS,DBA_VIEWS,Description of all views in the database
SYS,DBA_VIEWS_AE,Description of all views in the database
SYS,DBA_WAITERS,
SYS,DBA_WALLET_ACES,Access control entries defined in wallet access control lists
SYS,DBA_WALLET_ACLS,Access control lists assigned to restrict access to wallets through PL/SQL network utility packages
SYS,DBA_WARNING_SETTINGS,warning settings for all objects
SYS,DBA_WI_CAPTURE_FILES,
SYS,DBA_WI_JOBS,
SYS,DBA_WI_OBJECTS,
SYS,DBA_WI_PATTERN_ITEMS,
SYS,DBA_WI_PATTERNS,
SYS,DBA_WI_STATEMENTS,
SYS,DBA_WI_TEMPLATE_EXECUTIONS,
SYS,DBA_WI_TEMPLATES,
SYS,DBA_WORKLOAD_ACTIVE_USER_MAP,
SYS,DBA_WORKLOAD_CAPTURES,
SYS,DBA_WORKLOAD_CAPTURE_SQLTEXT,
SYS,DBA_WORKLOAD_CONNECTION_MAP,
SYS,DBA_WORKLOAD_DIV_SUMMARY,
SYS,DBA_WORKLOAD_FILTERS,
SYS,DBA_WORKLOAD_GROUP_ASSIGNMENTS,
SYS,DBA_WORKLOAD_LONG_SQLTEXT,
SYS,DBA_WORKLOAD_REPLAY_CLIENTS,
SYS,DBA_WORKLOAD_REPLAY_DIVERGENCE,
SYS,DBA_WORKLOAD_REPLAY_FILTER_SET,
SYS,DBA_WORKLOAD_REPLAY_IFSLA,
SYS,DBA_WORKLOAD_REPLAYS,
SYS,DBA_WORKLOAD_REPLAY_SCHEDULES,
SYS,DBA_WORKLOAD_REPLAY_THREAD,
SYS,DBA_WORKLOAD_SCHEDULE_CAPTURES,
SYS,DBA_WORKLOAD_SCHEDULE_ORDERING,
SYS,DBA_WORKLOAD_SQL_MAP,
SYS,DBA_WORKLOAD_TRACKED_COMMITS,
SYS,DBA_WORKLOAD_USER_MAP,
SYS,DBA_XDS_ACL_REFRESH,
SYS,DBA_XDS_ACL_REFSTAT,
SYS,DBA_XDS_LATEST_ACL_REFSTAT,
SYS,DBA_XML_INDEXES,Description of all XML indexes in the database
SYS,DBA_XML_NESTED_TABLES,
SYS,DBA_XML_OUT_OF_LINE_TABLES,
SYS,DBA_XML_SCHEMA_ATTRIBUTES,
SYS,DBA_XML_SCHEMA_COMPLEX_TYPES,
SYS,DBA_XML_SCHEMA_DEPENDENCY,Description of all XML schema first level dependencies on imported and included XML schemas
SYS,DBA_XML_SCHEMA_ELEMENTS,
SYS,DBA_XML_SCHEMA_IMPORTS,Description of all XML schema first level dependencies on imported XML schemas
SYS,DBA_XML_SCHEMA_INCLUDES,Description of all XML schema first level dependencies on included XML schemas
SYS,DBA_XMLSCHEMA_LEVEL_VIEW,
SYS,DBA_XMLSCHEMA_LEVEL_VIEW_DUP,
SYS,DBA_XML_SCHEMA_NAMESPACES,
SYS,DBA_XML_SCHEMAS,Description of all the XML Schemas registered
SYS,DBA_XML_SCHEMA_SIMPLE_TYPES,
SYS,DBA_XML_SCHEMA_SUBSTGRP_HEAD,
SYS,DBA_XML_SCHEMA_SUBSTGRP_MBRS,
SYS,DBA_XML_TAB_COLS,Description of all XML tables in the database
SYS,DBA_XML_TABLES,Description of all XML tables in the database
SYS,DBA_XMLTYPE_COLS,
SYS,DBA_XML_VIEW_COLS,Description of all XML views in the database
SYS,DBA_XML_VIEWS,Description of all XML views in the database
SYS,DBA_XS_ACES,All the Real Application Security ACES defined in database
SYS,DBA_XS_ACL_PARAMETERS,All the Real Application Security ACL parameters defined in the database
SYS,DBA_XS_ACLS,All the Real Application Security ACLs defined in the database
SYS,DBA_XS_ACTIVE_SESSIONS,All the attached application sessions in the database
SYS,DBA_XS_APPLIED_POLICIES,All the database objects on which Real Application Security data security policies are enabled
SYS,DBA_XS_AUDIT_POLICY_OPTIONS,"Describes auditing options defined under all XS security specific
audit policies"
SYS,DBA_XS_COLUMN_CONSTRAINTS,All the Real Application Security column constraints defined in the database
SYS,DBA_XS_DYNAMIC_ROLES,All the Real Application Security dynamic roles defined in the database
SYS,DBA_XS_ENABLED_AUDIT_POLICIES,Describes all XS related audit policy's enablement to users
SYS,DBA_XS_EXTERNAL_PRINCIPALS,All the Real Application Security external principals
SYS,DBA_XS_IMPLIED_PRIVILEGES,All the Real Application Security implied privileges defined in the database
SYS,DBA_XS_INHERITED_REALMS,All the Real Application Security inherited realms defined in the database
SYS,DBA_XS_MODIFIED_POLICIES,All Triton policies that were modified after being applied on one or more objects
SYS,DBA_XS_NS_TEMPLATE_ATTRIBUTES,All the attributes of Real Application Security namespace templates
SYS,DBA_XS_NS_TEMPLATES,All the Real Application Security namespace templates
SYS,DBA_XS_OBJECTS,All the Real Application Security objects defined in the database
SYS,DBA_XS_POLICIES,All the Real Application Security data security policies defined in the database
SYS,DBA_XS_PRINCIPALS,All the Real Application Security principals defined in the database
SYS,DBA_XS_PRIVILEGE_GRANTS,All the Real Application Security system or schema level privilege grants in the database
SYS,DBA_XS_PRIVILEGES,All the Real Application Security privileges defined in the database
SYS,DBA_XS_PROXY_ROLES,All the Real Application Security proxy role grants
SYS,DBA_XS_REALM_CONSTRAINTS,All the Real Application Security realms defined in the database
SYS,DBA_XS_ROLE_GRANTS,All the Real Application Security role grants
SYS,DBA_XS_ROLES,All the Real Application Security roles defined in the database
SYS,DBA_XS_SECURITY_CLASS_DEP,The dependencies between all the Real Application Security security classes defined in the database
SYS,DBA_XS_SECURITY_CLASSES,All the Real Application Security security classes defined in the database
SYS,DBA_XS_SESSION_NS_ATTRIBUTES,Namespace attributes in application sessions as of the last saved state
SYS,DBA_XS_SESSION_ROLES,Roles enabled in application sessions
SYS,DBA_XS_SESSIONS,All the application sessions in the database
SYS,DBA_XSTREAM_ADMINISTRATOR,Users granted the privileges to be a XStream administrator
SYS,_DBA_XSTREAM_CONNECTION,
SYS,DBA_XSTREAM_INBOUND,Details about the XStream inbound server
SYS,DBA_XSTREAM_INBOUND_PROGRESS,
SYS,_DBA_XSTREAM_OUT_ADT_PK_TABLES,Tables with ADT attributes in the primary key
SYS,_DBA_XSTREAM_OUT_ALL_TABLES,Description of relational tables accessible to the user
SYS,_DBA_XSTREAM_OUTBOUND,
SYS,DBA_XSTREAM_OUTBOUND,Details about the XStream outbound server
SYS,DBA_XSTREAM_OUTBOUND_PROGRESS,
SYS,DBA_XSTREAM_OUT_SUPPORT_MODE,List of support mode for objects by XStream Out
SYS,_DBA_XSTREAM_PARAMETERS,
SYS,DBA_XSTREAM_RULES,Details about the XStream server rules
SYS,DBA_XSTREAM_SPLIT_MERGE,view of details of split/merge jobs/status about XStream
SYS,DBA_XSTREAM_SPLIT_MERGE_HIST,history view of details of split/merge jobs/status about XStream
SYS,DBA_XSTREAM_STMT_HANDLERS,
SYS,DBA_XSTREAM_STMTS,
SYS,DBA_XSTREAM_TRANSFORMATIONS,Transformations defined on rules
SYS,_DBA_XSTREAM_UNSUPPORTED_12_1,
SYS,DBA_XS_USERS,All the Real Application Security users defined in the database
SYS,DBA_XTERNAL_LOC_PARTITIONS,
SYS,DBA_XTERNAL_LOC_SUBPARTITIONS,
SYS,DBA_XTERNAL_PART_TABLES,
SYS,DBA_XTERNAL_TAB_PARTITIONS,
SYS,DBA_XTERNAL_TAB_SUBPARTITIONS,
SYS,DBA_ZONEMAP_AUTO_ACTIONS,Zonemap autotask actions
SYS,DBA_ZONEMAP_AUTO_FINDINGS,Zonemap autotask findings
SYS,DBA_ZONEMAP_MEASURES,All zonemap measures in the database
SYS,DBA_ZONEMAPS,All zonemaps in the database
SYS,DBA_2PC_NEIGHBORS,information about incoming and outgoing connections for pending transactions
SYS,DBA_2PC_PENDING,info about distributed transactions awaiting recovery
SYS,DBFS$_CLIENTS,
SYS,DBFS_CONTENT,
SYS,DBFS_CONTENT_PROPERTIES,
SYS,DBFS_HS$_BACKUPFILETABLE,
SYS,DBFS_HS$_CONTENTFNMAPTBL,
SYS,DBFS_HS$_FS,
SYS,DBFS_HS$_PROPERTY,
SYS,DBFS_HS$_SFLOCATORTABLE,
SYS,DBFS_HS$_STORECOMMANDS,
SYS,DBFS_HS$_STOREIDTABLE,
SYS,DBFS_HS$_STOREID2POLICYCTX,
SYS,DBFS_HS$_STOREPROPERTIES,
SYS,DBFS$_MOUNTS,
SYS,DBFS_SFS$_FS,
SYS,DBFS_SFS$_FST,
SYS,DBFS_SFS$_FSTO,
SYS,DBFS_SFS$_FSTP,
SYS,DBFS_SFS$_SNAP,
SYS,DBFS_SFS$_TAB,
SYS,DBFS_SFS$_VOL,
SYS,DBFS$_STATS,
SYS,DBFS$_STORES,
SYS,DBMS_ALERT_INFO,
SYS,DBMSHSXP_SQL_PROFILE_ATTR,
SYS,DBMS_LOCK_ALLOCATED,
SYS,DBMS_METADATA_ALL_PARSE_ITEMS,
SYS,DBMS_METADATA_ALL_TPARAMS,
SYS,DBMS_METADATA_ALL_TRANSFORMS,
SYS,DBMS_METADATA_PARSE_ITEMS,
SYS,DBMS_METADATA_TPARAMS_BASE,
SYS,DBMS_METADATA_TRANSFORM_PARAMS,
SYS,DBMS_METADATA_TRANSFORMS,
SYS,DBMS_PARALLEL_EXECUTE_CHUNKS$,
SYS,DBMS_PARALLEL_EXECUTE_EXTENTS,
SYS,DBMS_PARALLEL_EXECUTE_TASK$,
SYS,DBMS_SQLPATCH_FILES,
SYS,DBMS_SQLPATCH_STATE,
SYS,DBMS_STATS_ID_MAP_TAB,
SYS,DBMS_STATS_OBJ_LIST_TAB,
SYS,DB_NOTIFICATIONS,
SYS,DB_NOTIFICATIONS$,
SYS,DDL_REQUESTS,
SYS,DDL_REQUESTS_PWD,
SYS,_default_auditing_options_,
SYS,DEFAULT_PWD$,
SYS,DEFERRED_STG$,
SYS,DEFROLE$,
SYS,DEFSUBPART$,
SYS,DEFSUBPARTLOB$,
SYS,DEPENDENCY$,
SYS,DGPDB_SITE$,
SYS,DIANA_VERSION$,
SYS,DICT_COLUMNS,Description of columns in data dictionary tables and views
SYS,DICTIONARY,Description of data dictionary tables and views
SYS,DICTIONARY_CREDENTIALS_ENCRYPT,Describes whether encryption of dictionary credentials is enforced or not
SYS,DIM$,
SYS,DIMATTR$,
SYS,DIMJOINKEY$,
SYS,DIMLEVEL$,
SYS,DIMLEVELKEY$,
SYS,DIR$,
SYS,DIR$ALERT_HISTORY,
SYS,DIR$DATABASE_ATTRIBUTES,
SYS,DIR$ESCALATE_OPERATIONS,
SYS,DIR$INSTANCE_ACTIONS,
SYS,DIR$MIGRATE_OPERATIONS,
SYS,DIR$NODE_ATTRIBUTES,
SYS,DIR$QUIESCE_OPERATIONS,
SYS,DIR$REASON_STRINGS,
SYS,DIR$RESONATE_OPERATIONS,
SYS,DIR$SERVICE_ATTRIBUTES,
SYS,DIR$SERVICE_OPERATIONS,
SYS,DIR$VICTIM_POLICY,
SYS,DISK_AND_FIXED_OBJECTS,
SYS,DM_USER_MODELS,
SYS,DST$AFFECTED_TABLES,
SYS,DST$ERROR_TABLE,
SYS,DST$TRIGGER_TABLE,
SYS,DUAL,
SYS,DUC$,
SYS,ECOL$,
SYS,EDITION$,
SYS,EDITIONING_TYPES$,
SYS,ENC$,
SYS,EPG$_AUTH,
SYS,ERROR$,
SYS,ERROR_SIZE,
SYS,EV$,
SYS,EVCOL$,
SYS,EXPACT$,
SYS,EXPCOMPRESSEDPART,
SYS,EXPCOMPRESSEDSUB,
SYS,EXPCOMPRESSEDTAB,
SYS,EXPDEPACT$,
SYS,EXPDEPOBJ$,
SYS,EXPEXEMPT,
SYS,EXPGETENCCOLNAM,
SYS,EXPGETMAPOBJ,
SYS,EXP_HEAD$,
SYS,EXPIMP_TTS_CT$,
SYS,EXPMAPIOT,
SYS,EXP_OBJ$,
SYS,EXPPIOTMAP,
SYS,EXPPKGACT$,
SYS,EXPPKGOBJ$,
SYS,EXP_SERVICE$,
SYS,EXP_STAT$,
SYS,EXPTABSUBPART,
SYS,EXPTABSUBPARTDATA_VIEW,
SYS,EXPTABSUBPARTLOBFRAG,
SYS,EXPTABSUBPARTLOB_VIEW,
SYS,EXPXSLDELIM,
SYS,EXTERNAL_LOCATION$,
SYS,EXTERNAL_SCN_ACTIVITY$,
SYS,EXTERNAL_TAB$,
SYS,EXT_TO_OBJ_VIEW,
SYS,EXU10ADEFPSWITCHES,
SYS,EXU10AOBJSWITCH,
SYS,EXU10ASC,
SYS,EXU10ASCU,
SYS,EXU10CCL,
SYS,EXU10CCLO,
SYS,EXU10CCLU,
SYS,EXU10COE,
SYS,EXU10COEU,
SYS,EXU10DEFPSWITCHES,
SYS,EXU10DOSO,
SYS,EXU10IND_BASE,
SYS,EXU10LNK,
SYS,EXU10LNKU,
SYS,EXU10NTA,
SYS,EXU10NTAROLE,
SYS,EXU10OBJSWITCH,
SYS,EXU10R2DEFPSWITCHES,
SYS,EXU10R2OBJSWITCH,
SYS,EXU10SNAP,
SYS,EXU10SNAPI,
SYS,EXU10SNAPL,
SYS,EXU10SNAPLC,
SYS,EXU10SNAPLI,
SYS,EXU10SNAPLU,
SYS,EXU10SNAPU,
SYS,EXU10TAB,
SYS,EXU10TABS,
SYS,EXU10TABSU,
SYS,EXU10TABU,
SYS,EXU10USCI,
SYS,EXU10USCIU,
SYS,EXU102XTYP,
SYS,EXU102XTYPU,
SYS,EXU11IND,
SYS,EXU11IND_BASE,
SYS,EXU11SNAP,
SYS,EXU11SNAPI,
SYS,EXU11SNAPU,
SYS,EXU11XML,
SYS,EXU112DLOB,
SYS,EXU112DLOBU,
SYS,EXU8ANAL,
SYS,EXU8ASC,
SYS,EXU8ASCU,
SYS,EXU8AUD,
SYS,EXU8BSZ,
SYS,EXU8CCL,
SYS,EXU8CCLO,
SYS,EXU8CCLU,
SYS,EXU8CCO,
SYS,EXU8CCOU,
SYS,EXU8CGR,
SYS,EXU8CGRU,
SYS,EXU8CLU,
SYS,EXU8CLUC,
SYS,EXU8CLUI,
SYS,EXU8CLUU,
SYS,EXU8CMT,
SYS,EXU8CMTU,
SYS,EXU8COE,
SYS,EXU8COEU,
SYS,EXU8COL,
SYS,EXU8COLNN,
SYS,EXU8COL_TEMP,
SYS,EXU8COL_TEMP_TTS_UNUSED_COL,
SYS,EXU8COL_TTS_UNUSED_COL,
SYS,EXU8COLU,
SYS,EXU8CON,
SYS,EXU8CONU,
SYS,EXU8COO,
SYS,EXU8COOU,
SYS,EXU8CPO,
SYS,EXU8CSET,
SYS,EXU8CSN,
SYS,EXU8CSNU,
SYS,EXU8DEL,
SYS,EXU8DELSNAP,
SYS,EXU8DELSNAPL,
SYS,EXU8DFR,
SYS,EXU8DIM,
SYS,EXU8DIMC,
SYS,EXU8DIMI,
SYS,EXU8DIMU,
SYS,EXU8DIR,
SYS,EXU8ERC,
SYS,EXU8FIL,
SYS,EXU8FPT,
SYS,EXU8FPTU,
SYS,EXU8FUL,
SYS,EXU8GLOB,
SYS,EXU8GRN,
SYS,EXU8GRNU,
SYS,EXU8GRS,
SYS,EXU8HST,
SYS,EXU8HSTU,
SYS,EXU8ICO,
SYS,EXU8ICOU,
SYS,EXU8ICPLSQL,
SYS,EXU8IND,
SYS,EXU8INDC,
SYS,EXU8INDI,
SYS,EXU8INDIC,
SYS,EXU8INDU,
SYS,EXU8INK,
SYS,EXU8INKU,
SYS,EXU8IOV,
SYS,EXU8IOVU,
SYS,EXU8IXP,
SYS,EXU8IXPU,
SYS,EXU8JBQ,
SYS,EXU8JBQU,
SYS,EXU8LIB,
SYS,EXU8LIBU,
SYS,EXU8LNK,
SYS,EXU8LNKU,
SYS,EXU8LOB,
SYS,EXU8LOBU,
SYS,EXU8NTB,
SYS,EXU8NTBU,
SYS,EXU8NXP,
SYS,EXU8NXPU,
SYS,EXU8OID,
SYS,EXU8OIDU,
SYS,EXU8OPT,
SYS,EXU8ORD,
SYS,EXU8ORDOP,
SYS,EXU8ORDU,
SYS,EXU8ORFS,
SYS,EXU8PDS,
SYS,EXU8PDSU,
SYS,EXU8PHS,
SYS,EXU8PNT,
SYS,EXU8PNTU,
SYS,EXU8POK,
SYS,EXU8POKI,
SYS,EXU8POKIU,
SYS,EXU8POKU,
SYS,EXU8PRF,
SYS,EXU8PRR,
SYS,EXU8PST,
SYS,EXU8PSTC,
SYS,EXU8PSTI,
SYS,EXU8PSTIC,
SYS,EXU8PSTU,
SYS,EXU8PVF,
SYS,EXU8REF,
SYS,EXU8REFC,
SYS,EXU8REFI,
SYS,EXU8REFIC,
SYS,EXU8REFU,
SYS,EXU8RFS,
SYS,EXU8RFSU,
SYS,EXU8RGC,
SYS,EXU8RGCU,
SYS,EXU8RGS,
SYS,EXU8RGSU,
SYS,EXU8RIF,
SYS,EXU8RLG,
SYS,EXU8ROL,
SYS,EXU8RSG,
SYS,EXU8SCM,
SYS,EXU8SCMU,
SYS,EXU8SEQ,
SYS,EXU8SEQU,
SYS,EXU8SLFC,
SYS,EXU8SLFCU,
SYS,EXU8SLOG,
SYS,EXU8SLOGU,
SYS,EXU8SNAP,
SYS,EXU8SNAPC,
SYS,EXU8SNAPI,
SYS,EXU8SNAPL,
SYS,EXU8SNAPLC,
SYS,EXU8SNAPLI,
SYS,EXU8SNAPLU,
SYS,EXU8SNAPU,
SYS,EXU8SPR,
SYS,EXU8SPRC,
SYS,EXU8SPRI,
SYS,EXU8SPS,
SYS,EXU8SPSU,
SYS,EXU8SPU,
SYS,EXU8SPV,
SYS,EXU8SRT,
SYS,EXU8SRTU,
SYS,EXU8STO,
SYS,EXU8STOU,
SYS,EXU8SYN,
SYS,EXU8SYNC,
SYS,EXU8SYNI,
SYS,EXU8SYNU,
SYS,EXU8TAB,
SYS,EXU8TABC,
SYS,EXU8TABI,
SYS,EXU8TABU,
SYS,EXU8TBP,
SYS,EXU8TBPU,
SYS,EXU8TBS,
SYS,EXU8TGR,
SYS,EXU8TGRC,
SYS,EXU8TGRI,
SYS,EXU8TGRIC,
SYS,EXU8TGRU,
SYS,EXU8TNE,
SYS,EXU8TNEB,
SYS,EXU8TNTC,
SYS,EXU8TNTI,
SYS,EXU8TNTIC,
SYS,EXU8TSL,
SYS,EXU8TSN,
SYS,EXU8TSQ,
SYS,EXU8TYP,
SYS,EXU8TYPB,
SYS,EXU8TYPBU,
SYS,EXU8TYPT,
SYS,EXU8TYPTU,
SYS,EXU8TYPU,
SYS,EXU8USCU,
SYS,EXU8USR,
SYS,EXU8USRU,
SYS,EXU8VDPT,
SYS,EXU8VDPTU,
SYS,EXU8VER,
SYS,EXU8VEW,
SYS,EXU8VEWC,
SYS,EXU8VEWI,
SYS,EXU8VEWU,
SYS,EXU8VINF,
SYS,EXU8VINFC,
SYS,EXU8VINFI,
SYS,EXU8VINFU,
SYS,EXU8VNC,
SYS,EXU8VNCC,
SYS,EXU8VNCI,
SYS,EXU8VNCU,
SYS,EXU81ACTIONOBJ,
SYS,EXU81ACTIONPKG,
SYS,EXU81APPROLE,
SYS,EXU81ASSOC,
SYS,EXU81CSC,
SYS,EXU81CTX,
SYS,EXU81DOI,
SYS,EXU81DOIU,
SYS,EXU81FIL,
SYS,EXU81IND,
SYS,EXU81IND_BASE,
SYS,EXU81INDC,
SYS,EXU81INDI,
SYS,EXU81INDIC,
SYS,EXU81ITY,
SYS,EXU81ITYC,
SYS,EXU81ITYI,
SYS,EXU81ITYU,
SYS,EXU81IXCP,
SYS,EXU81IXCPU,
SYS,EXU81IXSP,
SYS,EXU81IXSPU,
SYS,EXU81JAV,
SYS,EXU81JAVC,
SYS,EXU81JAVI,
SYS,EXU81JAVT,
SYS,EXU81LBCP,
SYS,EXU81LBCPU,
SYS,EXU81LBP,
SYS,EXU81LBPU,
SYS,EXU81LBSP,
SYS,EXU81LBSPU,
SYS,EXU81NOS,
SYS,EXU81OBJ,
SYS,EXU81OBJECTPKG,
SYS,EXU81OPR,
SYS,EXU81OPRC,
SYS,EXU81OPRI,
SYS,EXU81OPRU,
SYS,EXU81PLB,
SYS,EXU81PLBU,
SYS,EXU81PROCOBJ,
SYS,EXU81PROCOBJINSTANCE,
SYS,EXU81PSTC,
SYS,EXU81PSTI,
SYS,EXU81REFC,
SYS,EXU81REFI,
SYS,EXU81RGC,
SYS,EXU81RGCU,
SYS,EXU81RGS,
SYS,EXU81RGSU,
SYS,EXU81RLS,
SYS,EXU81SCM,
SYS,EXU81SCMU,
SYS,EXU81SLFC,
SYS,EXU81SLFCU,
SYS,EXU81SNAP,
SYS,EXU81SNAPC,
SYS,EXU81SNAPI,
SYS,EXU81SNAPL,
SYS,EXU81SNAPLC,
SYS,EXU81SNAPLI,
SYS,EXU81SNAPLU,
SYS,EXU81SNAPU,
SYS,EXU81SPOK,
SYS,EXU81SPOKI,
SYS,EXU81SPOKIU,
SYS,EXU81SPOKU,
SYS,EXU81SRT,
SYS,EXU81SRTU,
SYS,EXU81TAB,
SYS,EXU81TABC,
SYS,EXU81TABI,
SYS,EXU81TABS,
SYS,EXU81TABSU,
SYS,EXU81TABU,
SYS,EXU81TBCP,
SYS,EXU81TBCPU,
SYS,EXU81TBS,
SYS,EXU81TBSP,
SYS,EXU81TBSPU,
SYS,EXU81TGR,
SYS,EXU81TGRC,
SYS,EXU81TGRI,
SYS,EXU81TGRIC,
SYS,EXU81TGRU,
SYS,EXU81TNTC,
SYS,EXU81TNTI,
SYS,EXU81TTS,
SYS,EXU81TYP,
SYS,EXU81TYPU,
SYS,EXU81USCI,
SYS,EXU81USCIU,
SYS,EXU816CTX,
SYS,EXU816MAXSQV,
SYS,EXU816SQV,
SYS,EXU816TCTX,
SYS,EXU816TGR,
SYS,EXU816TGRC,
SYS,EXU816TGRI,
SYS,EXU816TGRIC,
SYS,EXU816TGRU,
SYS,EXU9ACTIONOBJ,
SYS,EXU9BJF,
SYS,EXU9BJW,
SYS,EXU9CCL,
SYS,EXU9CCLO,
SYS,EXU9CCLU,
SYS,EXU9COE,
SYS,EXU9COEU,
SYS,EXU9COO,
SYS,EXU9COO_TTS_UNUSED_COL,
SYS,EXU9COOU,
SYS,EXU9DEFPSWITCHES,
SYS,EXU9DOI,
SYS,EXU9DOIU,
SYS,EXU9DOSO,
SYS,EXU9EIP,
SYS,EXU9FGA,
SYS,EXU9FIL,
SYS,EXU9GSAS,
SYS,EXU9IND,
SYS,EXU9IND_BASE,
SYS,EXU9INDC,
SYS,EXU9INDI,
SYS,EXU9INDIC,
SYS,EXU9INHCOLCONS,
SYS,EXU9IXCP,
SYS,EXU9IXCPU,
SYS,EXU9LBCP,
SYS,EXU9LBCPU,
SYS,EXU9LBP,
SYS,EXU9LBPU,
SYS,EXU9LNK,
SYS,EXU9LNKU,
SYS,EXU9LOB,
SYS,EXU9LOBU,
SYS,EXU9LTTS,
SYS,EXU9NLS,
SYS,EXU9NOS,
SYS,EXU9NTA,
SYS,EXU9NTAROLE,
SYS,EXU9OBJSWITCH,
SYS,EXU9OTNNULL,
SYS,EXU9PCT,
SYS,EXU9PDS,
SYS,EXU9PDSU,
SYS,EXU9PGP,
SYS,EXU9PLB,
SYS,EXU9PLBU,
SYS,EXU9PSTC,
SYS,EXU9PSTI,
SYS,EXU9PTS,
SYS,EXU9REFC,
SYS,EXU9REFI,
SYS,EXU9RLS,
SYS,EXU9SNAP,
SYS,EXU9SNAPC,
SYS,EXU9SNAPI,
SYS,EXU9SNAPL,
SYS,EXU9SNAPLC,
SYS,EXU9SNAPLI,
SYS,EXU9SNAPLU,
SYS,EXU9SNAPU,
SYS,EXU9STO,
SYS,EXU9STOU,
SYS,EXU9SYN,
SYS,EXU9SYNU,
SYS,EXU9TAB,
SYS,EXU9TABC,
SYS,EXU9TABI,
SYS,EXU9TABS,
SYS,EXU9TABSU,
SYS,EXU9TABU,
SYS,EXU9TAB_UNUSED_COLS,
SYS,EXU9TBCP,
SYS,EXU9TBCPU,
SYS,EXU9TBS,
SYS,EXU9TGRC,
SYS,EXU9TGRI,
SYS,EXU9TNE,
SYS,EXU9TNEB,
SYS,EXU9TNTC,
SYS,EXU9TNTI,
SYS,EXU9TSQ,
SYS,EXU9TYP,
SYS,EXU9TYPT,
SYS,EXU9TYPTU,
SYS,EXU9TYPTU2,
SYS,EXU9TYPT2,
SYS,EXU9TYPU,
SYS,EXU9UTS,
SYS,EXU9UTSU,
SYS,EXU9XDBUID,
SYS,EXU9XMLST,
SYS,EXU9XTB,
SYS,EXU92FPT,
SYS,EXU92FPTP,
SYS,EXU92FPTPU,
SYS,EXU92FPTU,
SYS,EXU92ITGR,
SYS,EXU92TGR,
SYS,EXU92TGRC,
SYS,EXU92TGRI,
SYS,EXU92TGRIC,
SYS,EXU92TGRU,
SYS,EXU92TSP,
SYS,EXU92TSPL,
SYS,FED$APPS,
SYS,FED$APP$STATUS,
SYS,FED$BINDS,
SYS,FED$DEPENDENCY,
SYS,FED$EDITIONS,
SYS,FED$ERRORS$HISTORY,
SYS,FED$PATCHES,
SYS,FED$STATEMENT$ERRORS,
SYS,FED$VERSIONS,
SYS,FET$,
SYS,FGA$,
SYS,FGACOL$,
SYS,FGA_LOG$,
SYS,FGA_LOG$FOR_EXPORT,
SYS,FGA_LOG$FOR_EXPORT_TBL,
SYS,FGR$_FILE_GROUP_EXPORT_INFO,
SYS,FGR$_FILE_GROUP_FILES,
SYS,FGR$_FILE_GROUPS,
SYS,FGR$_FILE_GROUP_VERSIONS,
SYS,FGR$_TABLE_INFO,
SYS,FGR$_TABLESPACE_INFO,
SYS,FILE$,
SYS,FILE_LOCK,
SYS,FILE_PING,
SYS,FILEXT$,Information about extensible files
SYS,FINALHIST$,
SYS,FIXED_OBJ$,
SYS,FLASHBACK_TRANSACTION_QUERY,Description of the flashback transaction query view
SYS,FOREIGN_REDO_SOURCE,
SYS,FOREIGN_REDO_SOURCE_PARAMETER,
SYS,GG$_PACKAGE_MAPPING,
SYS,GG$_PROCEDURE_ANNOTATION,
SYS,GG$_PROC_OBJECT_EXCLUSION,
SYS,GG$_SUPPORTED_PACKAGES,
SYS,GLOBAL_CONTEXT,Information on all the globally accessible context attribute values
SYS,GLOBAL_NAME,global database name
SYS,GOLDENGATE$_CONTAINER_RULES,
SYS,GOLDENGATE$_PRIVILEGES,
SYS,GV_$ACCESS,
SYS,GV_$ACTIVE_INSTANCES,
SYS,GV_$ACTIVE_SERVICES,
SYS,GV_$ACTIVE_SESSION_HISTORY,
SYS,GV_$ACTIVE_SESS_POOL_MTH,
SYS,GV_$ACTIVITY_MVIEW,
SYS,GV_$ACTIVITY_TABLE,
SYS,GV_$ADVISOR_CURRENT_SQLPLAN,
SYS,GV_$ADVISOR_PROGRESS,
SYS,GV_$ALERT_TYPES,Description of server alert types
SYS,GV_$ALL_ACTIVE_SESSION_HISTORY,
SYS,GV_$ALL_SQL_MONITOR,
SYS,GV_$ALL_SQL_PLAN,
SYS,GV_$ALL_SQL_PLAN_MONITOR,
SYS,GV_$AQ,
SYS,GV_$AQ_BACKGROUND_COORDINATOR,
SYS,GV_$AQ_BMAP_NONDUR_SUBSCRIBERS,
SYS,GV_$AQ_CACHED_SUBSHARDS,
SYS,GV_$AQ_CROSS_INSTANCE_JOBS,
SYS,GV_$AQ_DEQUEUE_SESSIONS,
SYS,GV_$AQ_INACTIVE_SUBSHARDS,
SYS,GV_$AQ_IPC_ACTIVE_MSGS,
SYS,GV_$AQ_IPC_MSG_STATS,
SYS,GV_$AQ_IPC_PENDING_MSGS,
SYS,GV_$AQ_JOB_COORDINATOR,
SYS,GV_$AQ_MESSAGE_CACHE,
SYS,GV_$AQ_MESSAGE_CACHE_ADVICE,
SYS,GV_$AQ_MESSAGE_CACHE_STAT,
SYS,GV_$AQ_MSGBM,
SYS,GV_$AQ_NONDUR_REGISTRATIONS,
SYS,GV_$AQ_NONDUR_SUBSCRIBER,
SYS,GV_$AQ_NONDUR_SUBSCRIBER_LWM,
SYS,GV_$AQ_NOTIFICATION_CLIENTS,
SYS,GV_$AQ_PARTITION_STATS,
SYS,GV_$AQ_REMOTE_DEQUEUE_AFFINITY,
SYS,GV_$AQ_SERVER_POOL,
SYS,GV_$AQ_SHARDED_SUBSCRIBER_STAT,
SYS,GV_$AQ_SUBSCRIBER_LOAD,
SYS,GV_$AQ_UNCACHED_SUBSHARDS,
SYS,GV_$AQ1,
SYS,GV_$ARCHIVE,
SYS,GV_$ARCHIVE_DEST,
SYS,GV_$ARCHIVE_DEST_STATUS,
SYS,GV_$ARCHIVED_LOG,
SYS,GV_$ARCHIVE_GAP,
SYS,GV_$ARCHIVE_PROCESSES,
SYS,GV_$ASH_INFO,
SYS,GV_$ASM_ACFSAUTORESIZE,
SYS,GV_$ASM_ACFS_ENCRYPTION_INFO,
SYS,GV_$ASM_ACFSREPL,
SYS,GV_$ASM_ACFSREPLTAG,
SYS,GV_$ASM_ACFS_SEC_ADMIN,
SYS,GV_$ASM_ACFS_SEC_CMDRULE,
SYS,GV_$ASM_ACFS_SEC_REALM,
SYS,GV_$ASM_ACFS_SEC_REALM_FILTER,
SYS,GV_$ASM_ACFS_SEC_REALM_GROUP,
SYS,GV_$ASM_ACFS_SEC_REALM_USER,
SYS,GV_$ASM_ACFS_SEC_RULE,
SYS,GV_$ASM_ACFS_SEC_RULESET,
SYS,GV_$ASM_ACFS_SEC_RULESET_RULE,
SYS,GV_$ASM_ACFS_SECURITY_INFO,
SYS,GV_$ASM_ACFSSNAPSHOTS,
SYS,GV_$ASM_ACFSTAG,
SYS,GV_$ASM_ACFSVOLUMES,
SYS,GV_$ASM_ALIAS,
SYS,GV_$ASM_ATTRIBUTE,
SYS,GV_$ASM_AUDIT_CLEAN_EVENTS,
SYS,GV_$ASM_AUDIT_CLEANUP_JOBS,
SYS,GV_$ASM_AUDIT_CONFIG_PARAMS,
SYS,GV_$ASM_AUDIT_LAST_ARCH_TS,
SYS,GV_$ASM_AUDIT_LOAD_JOBS,
SYS,GV_$ASM_CLIENT,
SYS,GV_$ASM_DBCLONE_INFO,
SYS,GV_$ASM_DISK,
SYS,GV_$ASM_DISKGROUP,
SYS,GV_$ASM_DISKGROUP_SPARSE,
SYS,GV_$ASM_DISKGROUP_STAT,
SYS,GV_$ASM_DISK_IOSTAT,
SYS,GV_$ASM_DISK_IOSTAT_SPARSE,
SYS,GV_$ASM_DISK_SPARSE,
SYS,GV_$ASM_DISK_SPARSE_STAT,
SYS,GV_$ASM_DISK_STAT,
SYS,GV_$ASM_ESTIMATE,
SYS,GV_$ASM_FILE,
SYS,GV_$ASM_FILEGROUP,
SYS,GV_$ASM_FILEGROUP_FILE,
SYS,GV_$ASM_FILEGROUP_PROPERTY,
SYS,GV_$ASM_FILESYSTEM,
SYS,GV_$ASM_OPERATION,
SYS,GV_$ASM_QUOTAGROUP,
SYS,GV_$ASM_TEMPLATE,
SYS,GV_$ASM_USER,
SYS,GV_$ASM_USERGROUP,
SYS,GV_$ASM_USERGROUP_MEMBER,
SYS,GV_$ASM_VOLUME,
SYS,GV_$ASM_VOLUME_STAT,
SYS,GV_$AUTHPOOL_STATS,
SYS,GV_$AUTO_BMR_STATISTICS,
SYS,GV_$AV_BTT_CACHE,
SYS,GV_$AW_AGGREGATE_OP,
SYS,GV_$AW_ALLOCATE_OP,
SYS,GV_$AW_CALC,
SYS,GV_$AW_LONGOPS,
SYS,GV_$AW_OLAP,
SYS,GV_$AW_SESSION_INFO,
SYS,GV_$BACKUP,
SYS,GV_$BACKUP_ASYNC_IO,
SYS,GV_$BACKUP_CORRUPTION,
SYS,GV_$BACKUP_DATAFILE,
SYS,GV_$BACKUP_DEVICE,
SYS,GV_$BACKUP_NONLOGGED,
SYS,GV_$BACKUP_PIECE,
SYS,GV_$BACKUP_REDOLOG,
SYS,GV_$BACKUP_SET,
SYS,GV_$BACKUP_SPFILE,
SYS,GV_$BACKUP_SYNC_IO,
SYS,GV_$BCAPPLY_STATS,
SYS,GV_$BGPROCESS,
SYS,GV_$BH,
SYS,GV_$BLOCKING_QUIESCE,
SYS,GV_$BSP,
SYS,GV_$BT_SCAN_CACHE,
SYS,GV_$BT_SCAN_OBJ_TEMPS,
SYS,GV_$BTS_STAT,
SYS,GV_$BUFFERED_PUBLISHERS,
SYS,GV_$BUFFERED_QUEUES,
SYS,GV_$BUFFERED_SUBSCRIBERS,
SYS,GV_$BUFFER_POOL,
SYS,GV_$BUFFER_POOL_STATISTICS,
SYS,GV_$BUILD_INFO,
SYS,GV_$CACHE,
SYS,GV_$CACHE_LOCK,
SYS,GV_$CACHE_TRANSFER,
SYS,GV_$CALLTAG,
SYS,GV_$CELL,
SYS,GV_$CELL_CONFIG,
SYS,GV_$CELL_CONFIG_INFO,
SYS,GV_$CELL_DB,
SYS,GV_$CELL_DISK,
SYS,GV_$CELL_DISK_HISTORY,
SYS,GV_$CELL_GLOBAL,
SYS,GV_$CELL_GLOBAL_HISTORY,
SYS,GV_$CELL_IOREASON,
SYS,GV_$CELL_IOREASON_NAME,
SYS,GV_$CELL_METRIC_DESC,
SYS,GV_$CELL_OFL_THREAD_HISTORY,
SYS,GV_$CELL_OPEN_ALERTS,
SYS,GV_$CELL_REQUEST_TOTALS,
SYS,GV_$CELL_STATE,
SYS,GV_$CELL_THREAD_HISTORY,
SYS,GV_$CHANNEL_WAITS,
SYS,GV_$CHUNK_METRIC,
SYS,GV_$CIRCUIT,
SYS,GV_$CLASS_CACHE_TRANSFER,
SYS,GV_$CLASS_PING,
SYS,GV_$CLEANUP_PROCESS,
SYS,GV_$CLIENT_SECRETS,
SYS,GV_$CLIENT_STATS,
SYS,GV_$CLONEDFILE,
SYS,GV_$CLUSTER_INTERCONNECTS,
SYS,GV_$CODE_CLAUSE,
SYS,GV_$COLUMN_STATISTICS,
SYS,GV_$COMPATIBILITY_REQUIREMENT,
SYS,GV_$CON_EVENT_HISTOGRAM_MICRO,
SYS,GV_$CONFIGURED_INTERCONNECTS,
SYS,GV_$CONNECTION_BROKER,
SYS,GV_$CONSENSUS_CLIENTS,
SYS,GV_$CONSENSUS_LOGS,
SYS,GV_$CONSENSUS_STATS,
SYS,GV_$CON_SYSMETRIC,
SYS,GV_$CON_SYSMETRIC_HISTORY,
SYS,GV_$CON_SYSMETRIC_SUMMARY,
SYS,GV_$CON_SYSSTAT,
SYS,GV_$CON_SYSTEM_EVENT,
SYS,GV_$CON_SYSTEM_WAIT_CLASS,
SYS,GV_$CON_SYS_TIME_MODEL,
SYS,GV_$CONTAINERS,
SYS,GV_$CONTAINER_TOPOLOGY,
SYS,GV_$CONTEXT,
SYS,GV_$CONTROLFILE,
SYS,GV_$CONTROLFILE_RECORD_SECTION,
SYS,GV_$CON_WAITCLASSMETRIC,
SYS,GV_$CON_WAITCLASSMETRIC_HISTORY,
SYS,GV_$COPY_CORRUPTION,
SYS,GV_$COPY_NONLOGGED,
SYS,GV_$CORRUPT_XID_LIST,
SYS,GV_$CPOOL_CC_INFO,
SYS,GV_$CPOOL_CC_STATS,
SYS,GV_$CPOOL_CONN_INFO,
SYS,GV_$CPOOL_STATS,
SYS,GV_$CR_BLOCK_SERVER,
SYS,GV_$CURRENT_BLOCK_SERVER,
SYS,GV_$DATABASE,
SYS,GV_$DATABASE_BLOCK_CORRUPTION,
SYS,GV_$DATABASE_INCARNATION,
SYS,GV_$DATABASE_KEY_INFO,
SYS,GV_$DATABASE_REPLAY_PROGRESS,
SYS,GV_$DATAFILE,
SYS,GV_$DATAFILE_COPY,
SYS,GV_$DATAFILE_HEADER,
SYS,GV_$DATAGUARD_CONFIG,
SYS,GV_$DATAGUARD_PROCESS,
SYS,GV_$DATAGUARD_STATS,
SYS,GV_$DATAGUARD_STATUS,
SYS,GV_$DATAPUMP_JOB,
SYS,GV_$DATAPUMP_SESSION,
SYS,GV_$DB_CACHE_ADVICE,
SYS,GV_$DBFILE,
SYS,GV_$DBLINK,
SYS,GV_$DB_OBJECT_CACHE,
SYS,GV_$DB_PIPES,
SYS,GV_$DB_TRANSPORTABLE_PLATFORM,
SYS,GV_$DEAD_CLEANUP,
SYS,GV_$DELETED_OBJECT,
SYS,GV_$DETACHED_SESSION,
SYS,GV_$DG_BROKER_CONFIG,
SYS,GV_$DG_BROKER_PROPERTY,
SYS,GV_$DG_BROKER_PROPERTY_INT,
SYS,GV_$DIAG_APP_TRACE_FILE,
SYS,GV_$DIAG_INFO,
SYS,GV_$DIAG_OPT_TRACE_RECORDS,
SYS,GV_$DIAG_SQL_TRACE_RECORDS,
SYS,GV_$DIAG_TRACE_FILE,
SYS,GV_$DIAG_TRACE_FILE_CONTENTS,
SYS,GV_$DIAG_USER_TRACE_RECORDS,
SYS,GV_$DISPATCHER,
SYS,GV_$DISPATCHER_CONFIG,
SYS,GV_$DISPATCHER_RATE,
SYS,GV_$DLM_ALL_LOCKS,
SYS,GV_$DLM_CONVERT_LOCAL,
SYS,GV_$DLM_CONVERT_REMOTE,
SYS,GV_$DLM_LATCH,
SYS,GV_$DLM_LOCKS,
SYS,GV_$DLM_MISC,
SYS,GV_$DLM_RESS,
SYS,GV_$DLM_TRAFFIC_CONTROLLER,
SYS,GV_$DML_STATS,
SYS,GV_$DNFS_CHANNELS,
SYS,GV_$DNFS_FILES,
SYS,GV_$DNFS_SERVERS,
SYS,GV_$DNFS_STATS,
SYS,GV_$DUAL,
SYS,GV_$DYNAMIC_REMASTER_STATS,
SYS,GV_$EDITIONABLE_TYPES,
SYS,GV_$EMON,
SYS,GV_$EMX_USAGE_STATS,
SYS,GV_$ENABLEDPRIVS,
SYS,GV_$ENCRYPTED_TABLESPACES,
SYS,GV_$ENCRYPTION_KEYS,
SYS,GV_$ENCRYPTION_WALLET,
SYS,GV_$ENQUEUE_LOCK,
SYS,GV_$ENQUEUE_STAT,
SYS,GV_$ENQUEUE_STATISTICS,
SYS,GV_$EQ_CACHED_PARTITIONS,
SYS,GV_$EQ_CROSS_INSTANCE_JOBS,
SYS,GV_$EQ_DEQUEUE_SESSIONS,
SYS,GV_$EQ_INACTIVE_PARTITIONS,
SYS,GV_$EQ_MESSAGE_CACHE,
SYS,GV_$EQ_MESSAGE_CACHE_ADVICE,
SYS,GV_$EQ_MESSAGE_CACHE_STAT,
SYS,GV_$EQ_NONDUR_SUBSCRIBER,
SYS,GV_$EQ_NONDUR_SUBSCRIBER_LWM,
SYS,GV_$EQ_PARTITION_STATS,
SYS,GV_$EQ_REMOTE_DEQUEUE_AFFINITY,
SYS,GV_$EQ_SUBSCRIBER_LOAD,
SYS,GV_$EQ_SUBSCRIBER_STAT,
SYS,GV_$EQ_SUBSCR_REGISTRATION_STATS,
SYS,GV_$EQ_UNCACHED_PARTITIONS,
SYS,GV_$EVENT_HISTOGRAM,
SYS,GV_$EVENT_HISTOGRAM_MICRO,
SYS,GV_$EVENTMETRIC,
SYS,GV_$EVENT_NAME,
SYS,GV_$EVENT_OUTLIERS,
SYS,GV_$EXADIRECT_ACL,
SYS,GV_$EXECUTION,
SYS,GV_$EXP_STATS,
SYS,GV_$FALSE_PING,
SYS,GV_$FAST_START_SERVERS,
SYS,GV_$FAST_START_TRANSACTIONS,
SYS,GV_$FILE_CACHE_TRANSFER,
SYS,GV_$FILE_HISTOGRAM,
SYS,GV_$FILEMETRIC,
SYS,GV_$FILEMETRIC_HISTORY,
SYS,GV_$FILE_OPTIMIZED_HISTOGRAM,
SYS,GV_$FILE_PING,
SYS,GV_$FILESPACE_USAGE,
SYS,GV_$FILESTAT,
SYS,GV_$FIXED_TABLE,
SYS,GV_$FIXED_VIEW_DEFINITION,
SYS,GV_$FLASHBACK_DATABASE_LOG,
SYS,GV_$FLASHBACK_DATABASE_LOGFILE,
SYS,GV_$FLASHBACK_DATABASE_STAT,
SYS,GV_$FLASHFILESTAT,
SYS,GV_$FOREIGN_ARCHIVED_LOG,
SYS,GV_$FOREIGN_DATAFILE_COPY,
SYS,GV_$FS_FAILOVER_HISTOGRAM,
SYS,GV_$FS_FAILOVER_OBSERVERS,
SYS,GV_$FS_FAILOVER_STATS,
SYS,GV_$FS_OBSERVER_HISTOGRAM,
SYS,GV_$GC_ELEMENT,
SYS,GV_$GC_ELEMENTS_W_COLLISIONS,
SYS,GV_$GCR_ACTIONS,
SYS,GV_$GCR_LOG,
SYS,GV_$GCR_METRICS,
SYS,GV_$GCR_STATUS,
SYS,GV_$GCSHVMASTER_INFO,
SYS,GV_$GCS_LOCK_STATE_RESOLUTION_HISTORY,
SYS,GV_$GCSPFMASTER_INFO,
SYS,GV_$GES_BLOCKING_ENQUEUE,
SYS,GV_$GES_DEADLOCKS,
SYS,GV_$GES_DEADLOCK_SESSIONS,
SYS,GV_$GES_ENQUEUE,
SYS,GV_$GG_APPLY_COORDINATOR,
SYS,GV_$GG_APPLY_READER,
SYS,GV_$GG_APPLY_RECEIVER,
SYS,GV_$GG_APPLY_SERVER,
SYS,GV_$GLOBAL_BLOCKED_LOCKS,
SYS,GV_$GLOBALCONTEXT,
SYS,GV_$GLOBAL_TRANSACTION,
SYS,GV_$GOLDENGATE_CAPABILITIES,
SYS,GV_$GOLDENGATE_CAPTURE,
SYS,GV_$GOLDENGATE_MESSAGETRACKING,
SYS,GV_$GOLDENGATE_PROCEDURE_STATS,
SYS,GV_$GOLDENGATE_TABLE_STATS,
SYS,GV_$GOLDENGATE_TRANSACTION,
SYS,GV_$GWM_RAC_AFFINITY,
SYS,GV_$HANG_STATISTICS,
SYS,GV_$HEAT_MAP_SEGMENT,
SYS,GV_$HM_CHECK,
SYS,GV_$HM_CHECK_PARAM,
SYS,GV_$HM_FINDING,
SYS,GV_$HM_INFO,
SYS,GV_$HM_RECOMMENDATION,
SYS,GV_$HM_RUN,
SYS,GV_$HS_AGENT,
SYS,GV_$HS_PARAMETER,
SYS,GV_$HS_SESSION,
SYS,GV_$HVMASTER_INFO,
SYS,GV_$IM_ADOELEMENTS,
SYS,GV_$IM_ADOTASKDETAILS,
SYS,GV_$IM_ADOTASKS,
SYS,GV_$IM_COL_CU,
SYS,GV_$IM_COLUMN_LEVEL,
SYS,GV_$IM_DELTA_HEADER,
SYS,GV_$IMEU_HEADER,
SYS,GV_$IM_GLOBALDICT,
SYS,GV_$IM_GLOBALDICT_PIECEMAP,
SYS,GV_$IM_GLOBALDICT_SORTORDER,
SYS,GV_$IM_GLOBALDICT_VERSION,
SYS,GV_$IM_HEADER,
SYS,GV_$IMHMSEG,
SYS,GV_$IM_IMECOL_CU,
SYS,GV_$IM_SEG_EXT_MAP,
SYS,GV_$IM_SEGMENTS,
SYS,GV_$IM_SEGMENTS_DETAIL,
SYS,GV_$IM_SMU_CHUNK,
SYS,GV_$IM_SMU_DELTA,
SYS,GV_$IM_SMU_HEAD,
SYS,GV_$IM_TBS_EXT_MAP,
SYS,GV_$IM_USER_SEGMENTS,
SYS,GV_$INCMETER_CONFIG,
SYS,GV_$INCMETER_INFO,
SYS,GV_$INCMETER_SUMMARY,
SYS,GV_$INDEXED_FIXED_COLUMN,
SYS,GV_$INDEX_USAGE_INFO,
SYS,GV_$INMEMORY_AREA,
SYS,GV_$INMEMORY_FASTSTART_AREA,
SYS,GV_$INMEMORY_XMEM_AREA,
SYS,GV_$INSTANCE,
SYS,GV_$INSTANCE_CACHE_TRANSFER,
SYS,GV_$INSTANCE_LOG_GROUP,
SYS,GV_$INSTANCE_PING,
SYS,GV_$INSTANCE_RECOVERY,
SYS,GV_$IO_CALIBRATION_STATUS,
SYS,GV_$IOFUNCMETRIC,
SYS,GV_$IOFUNCMETRIC_HISTORY,
SYS,GV_$IO_OUTLIER,
SYS,GV_$IOS_CLIENT,
SYS,GV_$IOSTAT_CONSUMER_GROUP,
SYS,GV_$IOSTAT_FILE,
SYS,GV_$IOSTAT_FUNCTION,
SYS,GV_$IOSTAT_FUNCTION_DETAIL,
SYS,GV_$IOSTAT_NETWORK,
SYS,GV_$IP_ACL,
SYS,GV_$IR_FAILURE,
SYS,GV_$IR_FAILURE_SET,
SYS,GV_$IR_MANUAL_CHECKLIST,
SYS,GV_$IR_REPAIR,
SYS,GV_$JAVA_LIBRARY_CACHE_MEMORY,
SYS,GV_$JAVA_PATCHING_STATUS,
SYS,GV_$JAVAPOOL,
SYS,GV_$JAVA_POOL_ADVICE,
SYS,GV_$JAVA_SERVICES,
SYS,GV_$KERNEL_IO_OUTLIER,
SYS,GV_$KEY_VECTOR,
SYS,GV_$LATCH,
SYS,GV_$LATCH_CHILDREN,
SYS,GV_$LATCHHOLDER,
SYS,GV_$LATCH_MISSES,
SYS,GV_$LATCHNAME,
SYS,GV_$LATCH_PARENT,
SYS,GV_$LCR_CACHE,
SYS,GV_$LGWRIO_OUTLIER,
SYS,GV_$LIBCACHE_LOCKS,
SYS,GV_$LIBRARYCACHE,
SYS,GV_$LIBRARY_CACHE_MEMORY,
SYS,GV_$LICENSE,
SYS,GV_$LISTENER_HEALTH,
SYS,GV_$LISTENER_NETWORK,
SYS,GV_$LOADISTAT,
SYS,GV_$LOADPSTAT,
SYS,GV_$LOBSTAT,
SYS,GV_$_LOCK,
SYS,GV_$LOCK,
SYS,GV_$LOCK_ACTIVITY,
SYS,GV_$LOCKDOWN_RULES,
SYS,GV_$LOCKED_OBJECT,
SYS,GV_$LOCK_ELEMENT,
SYS,GV_$LOCKS_WITH_COLLISIONS,
SYS,GV_$LOCK_TYPE,
SYS,GV_$LOG,
SYS,GV_$LOGFILE,
SYS,GV_$LOGHIST,
SYS,GV_$LOG_HISTORY,
SYS,GV_$LOGMNR_CONTENTS,
SYS,GV_$LOGMNR_DICTIONARY,
SYS,GV_$LOGMNR_DICTIONARY_LOAD,
SYS,GV_$LOGMNR_LATCH,
SYS,GV_$LOGMNR_LOGFILE,
SYS,GV_$LOGMNR_LOGS,
SYS,GV_$LOGMNR_PARAMETERS,
SYS,GV_$LOGMNR_PROCESS,
SYS,GV_$LOGMNR_SESSION,
SYS,GV_$LOGMNR_STATS,
SYS,GV_$LOGMNR_TRANSACTION,
SYS,GV_$LOGSTDBY,
SYS,GV_$LOGSTDBY_PROCESS,
SYS,GV_$LOGSTDBY_PROGRESS,
SYS,GV_$LOGSTDBY_STATE,
SYS,GV_$LOGSTDBY_STATS,
SYS,GV_$LOGSTDBY_TRANSACTION,
SYS,GV_$LREG_UPDSTAT,
SYS,GV_$MANAGED_STANDBY,
SYS,GV_$MAP_COMP_LIST,
SYS,GV_$MAP_ELEMENT,
SYS,GV_$MAP_EXT_ELEMENT,
SYS,GV_$MAP_FILE,
SYS,GV_$MAP_FILE_EXTENT,
SYS,GV_$MAP_FILE_IO_STACK,
SYS,GV_$MAP_LIBRARY,
SYS,GV_$MAPPED_SQL,
SYS,GV_$MAP_SUBELEMENT,
SYS,GV_$MAX_ACTIVE_SESS_TARGET_MTH,
SYS,GV_$MDX_CURSOR_DEPENDENCY,
SYS,GV_$MDX_CURSORS,
SYS,GV_$MEMOPTIMIZE_WRITE_AREA,
SYS,GV_$MEMORY_CURRENT_RESIZE_OPS,
SYS,GV_$MEMORY_DYNAMIC_COMPONENTS,
SYS,GV_$MEMORY_RESIZE_OPS,
SYS,GV_$MEMORY_TARGET_ADVICE,
SYS,GV_$METRIC,
SYS,GV_$METRICGROUP,
SYS,GV_$METRIC_HISTORY,
SYS,GV_$METRICNAME,
SYS,GV_$MTTR_TARGET_ADVICE,
SYS,GV_$MUTEX_SLEEP,
SYS,GV_$MUTEX_SLEEP_HISTORY,
SYS,GV_$MVREFRESH,
SYS,GV_$MYSTAT,
SYS,GV_$NFS_CLIENTS,
SYS,GV_$NFS_LOCKS,
SYS,GV_$NFS_OPEN_FILES,
SYS,GV_$NLS_PARAMETERS,
SYS,GV_$NLS_VALID_VALUES,
SYS,GV_$NOLOGGING_STANDBY_TXN,
SYS,GV_$NONLOGGED_BLOCK,
SYS,GV_$OBJECT_DEPENDENCY,
SYS,GV_$OBJECT_DML_FREQUENCIES,
SYS,GV_$OBSOLETE_PARAMETER,
SYS,GV_$OFFLINE_RANGE,
SYS,GV_$OFSMOUNT,
SYS,GV_$OFS_STATS,
SYS,GV_$ONLINE_REDEF,
SYS,GV_$OPEN_CURSOR,
SYS,GV_$OPTIMIZER_PROCESSING_RATE,
SYS,GV_$OPTION,
SYS,GV_$OSSTAT,
SYS,GV_$PARALLEL_DEGREE_LIMIT_MTH,
SYS,GV_$PARAMETER,
SYS,GV_$PARAMETER_VALID_VALUES,
SYS,GV_$PARAMETER2,
SYS,GV_$PASSWORDFILE_INFO,
SYS,GV_$PATCHES,
SYS,GV_$PDB_INCARNATION,
SYS,GV_$PDBS,
SYS,GV_$PERSISTENT_PUBLISHERS,
SYS,GV_$PERSISTENT_QMN_CACHE,
SYS,GV_$PERSISTENT_QUEUES,
SYS,GV_$PERSISTENT_SUBSCRIBERS,
SYS,GV_$PGASTAT,
SYS,GV_$PGA_TARGET_ADVICE,
SYS,GV_$PGATARGET_ADVICE_HISTOGRAM,
SYS,GV_$PING,
SYS,GV_$PKCS11_PATH,
SYS,GV_$PLSQL_DEBUGGABLE_SESSIONS,
SYS,GV_$PMEM_FILESTORE,
SYS,GV_$POLICY_HISTORY,
SYS,GV_$PQ_SESSTAT,
SYS,GV_$PQ_SLAVE,
SYS,GV_$PQ_SLAVEINFO,
SYS,GV_$PQ_SYSSTAT,
SYS,GV_$PQ_TQSTAT,
SYS,GV_$PROCESS,
SYS,GV_$PROCESS_GROUP,
SYS,GV_$PROCESS_MEMORY,
SYS,GV_$PROCESS_MEMORY_DETAIL,
SYS,GV_$PROCESS_MEMORY_DETAIL_PROG,
SYS,GV_$PROCESS_POOL,
SYS,GV_$PROCESS_PRIORITY_DATA,
SYS,GV_$PROPAGATION_RECEIVER,
SYS,GV_$PROPAGATION_SENDER,
SYS,GV_$PROXY_ARCHIVEDLOG,
SYS,GV_$PROXY_DATAFILE,
SYS,GV_$PROXY_PDB_TARGETS,
SYS,GV_$PWFILE_USERS,
SYS,GV_$PX_BUFFER_ADVICE,
SYS,GV_$PX_INSTANCE_GROUP,
SYS,GV_$PX_PROCESS,
SYS,GV_$PX_PROCESS_SYSSTAT,
SYS,GV_$PX_PROCESS_TRACE,
SYS,GV_$PX_SESSION,
SYS,GV_$PX_SESSTAT,
SYS,GV_$QMON_COORDINATOR_STATS,
SYS,GV_$QMON_SERVER_STATS,
SYS,GV_$QMON_TASKS,
SYS,GV_$QMON_TASK_STATS,
SYS,GV_$QPX_INVENTORY,
SYS,GV_$QUARANTINE,
SYS,GV_$QUARANTINE_SUMMARY,
SYS,GV_$QUERY_BLOCK_ORIGIN,
SYS,GV_$QUEUE,
SYS,GV_$QUEUEING_MTH,
SYS,GV_$RECOVER_FILE,
SYS,GV_$RECOVERY_FILE_STATUS,
SYS,GV_$RECOVERY_LOG,
SYS,GV_$RECOVERY_PROGRESS,
SYS,GV_$RECOVERY_SLAVE,
SYS,GV_$RECOVERY_STATUS,
SYS,GV_$REDO_DEST_RESP_HISTOGRAM,
SYS,GV_$REPLAY_CONTEXT,
SYS,GV_$REPLAY_CONTEXT_LOB,
SYS,GV_$REPLAY_CONTEXT_SEQUENCE,
SYS,GV_$REPLAY_CONTEXT_SYSDATE,
SYS,GV_$REPLAY_CONTEXT_SYSGUID,
SYS,GV_$REPLAYCONTEXT_SYSTIMESTAMP,
SYS,GV_$REQDIST,
SYS,GV_$RESERVED_WORDS,
SYS,GV_$RESOURCE,
SYS,GV_$RESOURCE_LIMIT,
SYS,GV_$RESTORE_POINT,
SYS,GV_$RESULT_CACHE_DEPENDENCY,
SYS,GV_$RESULT_CACHE_MEMORY,
SYS,GV_$RESULT_CACHE_OBJECTS,
SYS,GV_$RESULT_CACHE_STATISTICS,
SYS,GV_$RESULT_SUBCACHE_STATISTICS,
SYS,GV_$RESUMABLE,
SYS,GV_$RFS_THREAD,
SYS,GV_$RMAN_COMPRESSION_ALGORITHM,
SYS,GV_$RMAN_CONFIGURATION,
SYS,GV_$RMAN_OUTPUT,
SYS,GV_$ROLLSTAT,
SYS,GV_$RO_USER_ACCOUNT,
SYS,GV_$ROWCACHE,
SYS,GV_$ROWCACHE_PARENT,
SYS,GV_$ROWCACHE_SUBORDINATE,
SYS,GV_$RSRC_CONS_GROUP_HISTORY,
SYS,GV_$RSRC_CONSUME_GROUP_CPU_MTH,
SYS,GV_$RSRC_CONSUMER_GROUP,
SYS,GV_$RSRCMGRMETRIC,
SYS,GV_$RSRCMGRMETRIC_HISTORY,
SYS,GV_$RSRC_PDB,
SYS,GV_$RSRC_PDB_HISTORY,
SYS,GV_$RSRCPDBMETRIC,
SYS,GV_$RSRCPDBMETRIC_HISTORY,
SYS,GV_$RSRC_PLAN,
SYS,GV_$RSRC_PLAN_CPU_MTH,
SYS,GV_$RSRC_PLAN_HISTORY,
SYS,GV_$RSRC_SESSION_INFO,
SYS,GV_$RT_ADDM_CONTROL,
SYS,GV_$RULE,
SYS,GV_$RULE_SET,
SYS,GV_$RULE_SET_AGGREGATE_STATS,
SYS,GV_$SCHEDULER_INMEM_MDINFO,
SYS,GV_$SCHEDULER_INMEM_RTINFO,
SYS,GV_$SCHEDULER_RUNNING_JOBS,
SYS,GV_$SECUREFILE_SHRINK,
SYS,GV_$SECUREFILE_TIMER,
SYS,GV_$SEGMENT_STATISTICS,
SYS,GV_$SEGSPACE_USAGE,
SYS,GV_$SEGSTAT,
SYS,GV_$SEGSTAT_NAME,
SYS,GV_$SERVICE_EVENT,
SYS,GV_$SERVICEMETRIC,
SYS,GV_$SERVICEMETRIC_HISTORY,
SYS,GV_$SERVICE_REGION_METRIC,
SYS,GV_$SERVICES,
SYS,GV_$SERVICE_STATS,
SYS,GV_$SERVICE_WAIT_CLASS,
SYS,GV_$SERV_MOD_ACT_STATS,
SYS,GV_$SES_OPTIMIZER_ENV,
SYS,GV_$SESS_IO,
SYS,GV_$SESSION,
SYS,GV_$SESSION_BLOCKERS,
SYS,GV_$SESSION_CONNECT_INFO,
SYS,GV_$SESSION_CURSOR_CACHE,
SYS,GV_$SESSION_EVENT,
SYS,GV_$SESSION_FIX_CONTROL,
SYS,GV_$SESSION_LONGOPS,
SYS,GV_$SESSION_OBJECT_CACHE,
SYS,GV_$SESSIONS_COUNT,
SYS,GV_$SESSION_WAIT,
SYS,GV_$SESSION_WAIT_CLASS,
SYS,GV_$SESSION_WAIT_HISTORY,
SYS,GV_$SESSMETRIC,
SYS,GV_$SESSTAT,
SYS,GV_$SESS_TIME_MODEL,
SYS,GV_$SGA,
SYS,GV_$SGA_CURRENT_RESIZE_OPS,
SYS,GV_$SGA_DYNAMIC_COMPONENTS,
SYS,GV_$SGA_DYNAMIC_FREE_MEMORY,
SYS,GV_$SGAINFO,
SYS,GV_$SGA_RESIZE_OPS,
SYS,GV_$SGASTAT,
SYS,GV_$SGA_TARGET_ADVICE,
SYS,GV_$SHADOW_DATAFILE,
SYS,GV_$SHARED_POOL_ADVICE,
SYS,GV_$SHARED_POOL_RESERVED,
SYS,GV_$SHARED_SERVER,
SYS,GV_$SHARED_SERVER_MONITOR,
SYS,GV_$SHARED_SERVER_STAT,
SYS,GV_$SORT_SEGMENT,
SYS,GV_$SORT_USAGE,
SYS,GV_$SPPARAMETER,
SYS,GV_$SQL,
SYS,GV_$SQLAREA,
SYS,GV_$SQLAREA_PLAN_HASH,
SYS,GV_$SQL_BIND_CAPTURE,
SYS,GV_$SQL_BIND_DATA,
SYS,GV_$SQL_BIND_METADATA,
SYS,GV_$SQLCOMMAND,
SYS,GV_$SQL_CS_HISTOGRAM,
SYS,GV_$SQL_CS_SELECTIVITY,
SYS,GV_$SQL_CS_STATISTICS,
SYS,GV_$SQL_CURSOR,
SYS,GV_$SQL_DIAG_REPOSITORY,
SYS,GV_$SQL_DIAG_REPOSITORY_REASON,
SYS,GV_$SQL_FEATURE,
SYS,GV_$SQL_FEATURE_DEPENDENCY,
SYS,GV_$SQL_FEATURE_HIERARCHY,
SYS,GV_$SQLFN_ARG_METADATA,
SYS,GV_$SQLFN_METADATA,
SYS,GV_$SQL_HINT,
SYS,GV_$SQL_JOIN_FILTER,
SYS,GV_$SQL_MONITOR,
SYS,GV_$SQL_MONITOR_SESSTAT,
SYS,GV_$SQL_MONITOR_STATNAME,
SYS,GV_$SQL_OPTIMIZER_ENV,
SYS,GV_$SQLPA_METRIC,
SYS,GV_$SQL_PLAN,
SYS,GV_$SQL_PLAN_MONITOR,
SYS,GV_$SQL_PLAN_STATISTICS,
SYS,GV_$SQL_PLAN_STATISTICS_ALL,
SYS,GV_$SQL_REDIRECTION,
SYS,GV_$SQL_REOPTIMIZATION_HINTS,
SYS,GV_$SQL_SHARD,
SYS,GV_$SQL_SHARED_CURSOR,
SYS,GV_$SQL_SHARED_MEMORY,
SYS,GV_$SQLSTATS,
SYS,GV_$SQLSTATS_PLAN_HASH,
SYS,GV_$SQL_TESTCASES,
SYS,GV_$SQLTEXT,
SYS,GV_$SQLTEXT_WITH_NEWLINES,
SYS,GV_$SQL_WORKAREA,
SYS,GV_$SQL_WORKAREA_ACTIVE,
SYS,GV_$SQL_WORKAREA_HISTOGRAM,
SYS,GV_$SSCR_SESSIONS,
SYS,GV_$STANDBY_LOG,
SYS,GV_$STATISTICS_LEVEL,
SYS,GV_$STATNAME,
SYS,GV_$STREAMS_APPLY_COORDINATOR,
SYS,GV_$STREAMS_APPLY_READER,
SYS,GV_$STREAMS_APPLY_SERVER,
SYS,GV_$STREAMS_CAPTURE,
SYS,GV_$STREAMS_MESSAGE_TRACKING,
SYS,GV_$STREAMS_POOL_ADVICE,
SYS,GV_$STREAMS_POOL_STATISTICS,
SYS,GV_$STREAMS_TRANSACTION,
SYS,GV_$SUBCACHE,
SYS,GV_$SUBSCR_REGISTRATION_STATS,
SYS,_GV$SXGG_APPLY_COORDINATOR,
SYS,_GV$SXGG_APPLY_READER,
SYS,_GV$SXGG_APPLY_SERVER,
SYS,_GV$SXGG_CAPTURE,
SYS,_GV$SXGG_MESSAGE_TRACKING,
SYS,_GV$SXGG_TRANSACTION,
SYS,GV_$SYSAUX_OCCUPANTS,
SYS,GV_$SYSMETRIC,
SYS,GV_$SYSMETRIC_HISTORY,
SYS,GV_$SYSMETRIC_SUMMARY,
SYS,GV_$SYS_OPTIMIZER_ENV,
SYS,GV_$SYS_REPORT_REQUESTS,
SYS,GV_$SYS_REPORT_STATS,
SYS,GV_$SYSSTAT,
SYS,GV_$SYSTEM_CURSOR_CACHE,
SYS,GV_$SYSTEM_EVENT,
SYS,GV_$SYSTEM_FIX_CONTROL,
SYS,GV_$SYSTEM_PARAMETER,
SYS,GV_$SYSTEM_PARAMETER2,
SYS,GV_$SYSTEM_RESET_PARAMETER,
SYS,GV_$SYSTEM_RESET_PARAMETER2,
SYS,GV_$SYSTEM_WAIT_CLASS,
SYS,GV_$SYS_TIME_MODEL,
SYS,GV_$TABLESPACE,
SYS,GV_$TEMP_CACHE_TRANSFER,
SYS,GV_$TEMP_EXTENT_MAP,
SYS,GV_$TEMP_EXTENT_POOL,
SYS,GV_$TEMPFILE,
SYS,GV_$TEMPFILE_INFO_INSTANCE,
SYS,GV_$TEMPORARY_LOBS,
SYS,GV_$TEMP_PING,
SYS,GV_$TEMP_SPACE_HEADER,
SYS,GV_$TEMPSTAT,
SYS,GV_$TEMPUNDOSTAT,
SYS,GV_$THREAD,
SYS,GV_$THRESHOLD_TYPES,Description on threshold types
SYS,GV_$TIMER,
SYS,GV_$TIMEZONE_FILE,
SYS,GV_$TIMEZONE_NAMES,
SYS,GV_$TOPLEVELCALL,
SYS,GV_$TRANSACTION,
SYS,GV_$TRANSACTION_ENQUEUE,
SYS,GV_$TRANSPORTABLE_PLATFORM,
SYS,GV_$TSDP_SUPPORTED_FEATURE,
SYS,GV_$TSM_SESSIONS,
SYS,GV_$TYPE_SIZE,
SYS,GV_$UNDOSTAT,
SYS,GV_$UNIFIED_AUDIT_TRAIL,
SYS,GV_$UNIFIED_AUDIT_TRAIL_TBL,
SYS,GV_$VERSION,
SYS,GV_$VPD_POLICY,
SYS,GV_$WAITCLASSMETRIC,
SYS,GV_$WAITCLASSMETRIC_HISTORY,
SYS,GV_$WAITSTAT,
SYS,GV_$WALLET,
SYS,GV_$WLM_DB_MODE,
SYS,GV_$WLM_PCMETRIC,
SYS,GV_$WLM_PCMETRIC_HISTORY,
SYS,GV_$WLM_PCSERVICE,
SYS,GV_$WLM_PC_STATS,
SYS,GV_$WORKLOAD_REPLAY_THREAD,
SYS,GV_$XML_AUDIT_TRAIL,
SYS,GV_$XS_SESSION_NS_ATTRIBUTES,
SYS,GV_$XS_SESSION_ROLES,
SYS,GV_$XS_SESSIONS,
SYS,GV_$XSTREAM_APPLY_COORDINATOR,
SYS,GV_$XSTREAM_APPLY_READER,
SYS,GV_$XSTREAM_APPLY_RECEIVER,
SYS,GV_$XSTREAM_APPLY_SERVER,
SYS,GV_$XSTREAM_CAPTURE,
SYS,GV_$XSTREAM_MESSAGE_TRACKING,
SYS,GV_$XSTREAM_OUTBOUND_SERVER,
SYS,GV_$XSTREAM_TABLE_STATS,
SYS,GV_$XSTREAM_TRANSACTION,
SYS,GV_$ZONEMAP_USAGE_STATS,
SYS,HANG_MANAGER_PARAMETERS,Hang Manager parameters
SYS,HCS_AGGR_FN$,
SYS,HCS_AGGR_FN_DIM$,
SYS,HCS_ANALYTIC_VIEW$,
SYS,HCS_AV_CLSFCTN$,
SYS,HCS_AV_COL$,
SYS,HCS_AV_DIM$,
SYS,HCS_AV_DIM_ATTR$,
SYS,HCS_AV_FACT_COLUMN$,
SYS,HCS_AV_HIER$,
SYS,HCS_AV_KEY$,
SYS,HCS_AV_LVL$,
SYS,HCS_AV_LVLGRP$,
SYS,HCS_AV_MEAS$,
SYS,HCS_CLSFCTN$,
SYS,HCS_DIM$,
SYS,HCS_DIM_ATTR$,
SYS,HCS_DIM_DTM_ATTR$,
SYS,HCS_DIM_JOIN_PATH$,
SYS,HCS_DIM_LVL$,
SYS,HCS_DIM_LVL_KEY$,
SYS,HCS_DIM_LVL_KEY_ATTR$,
SYS,HCS_HIERARCHY$,
SYS,HCS_HIER_ATTR$,
SYS,HCS_HIER_COL$,
SYS,HCS_HIER_JOIN_PATH$,
SYS,HCS_HR_LVL$,
SYS,HCS_HR_LVL_ID$,
SYS,HCS_JOIN_COND_ELEM$,
SYS,HCS_LVLGRP_LVLS$,
SYS,HCS_LVL_ORD$,
SYS,HCS_MEASLST_MEASURES$,
SYS,HCS_SRC$,
SYS,HCS_SRC_COL$,
SYS,HCS_TBL$,
SYS,HEAT_MAP_EXTENT_STAT$,
SYS,HEAT_MAP_STAT$,
SYS,HIER$,
SYS,HIERLEVEL$,
SYS,HISTGRM$,
SYS,HIST_HEAD$,
SYS,HS_ALL_CAPS,
SYS,HS_ALL_DD,
SYS,HS_ALL_INITS,
SYS,HS$_BASE_CAPS,
SYS,HS_BASE_CAPS,
SYS,HS$_BASE_DD,
SYS,HS_BASE_DD,
SYS,HS$_CLASS_CAPS,
SYS,HS_CLASS_CAPS,
SYS,HS$_CLASS_DD,
SYS,HS_CLASS_DD,
SYS,HS$_CLASS_INIT,
SYS,HS_CLASS_INIT,
SYS,HS$_FDS_CLASS,
SYS,HS_FDS_CLASS,
SYS,HS$_FDS_CLASS_DATE,
SYS,HS_FDS_CLASS_DATE,
SYS,HS$_FDS_INST,
SYS,HS_FDS_INST,
SYS,HS$_INST_CAPS,
SYS,HS_INST_CAPS,
SYS,HS$_INST_DD,
SYS,HS_INST_DD,
SYS,HS$_INST_INIT,
SYS,HS_INST_INIT,
SYS,ICOL$,
SYS,ICOLDEP$,
SYS,ID_GENS$,
SYS,IDL_CHAR$,
SYS,IDL_SB4$,
SYS,IDL_UB1$,
SYS,IDL_UB2$,
SYS,IDNSEQ$,
SYS,ILM$,
SYS,ILM_CONCURRENCY$,
SYS,ILM_DEPENDANT_OBJ$,
SYS,ILM_DEP_EXECUTIONDETAILS$,
SYS,ILM_EXECUTION$,
SYS,ILM_EXECUTIONDETAILS$,
SYS,ILMOBJ$,
SYS,ILM_PARAM$,
SYS,ILMPOLICY$,
SYS,ILM_RESULTS$,
SYS,ILM_RESULT_STAT$,
SYS,IM_DOMAIN$,
SYS,IM_IME$,
SYS,IM_JOINGROUP$,
SYS,IMORDERBY$,
SYS,IMPCALLOUTREG$,
SYS,IMPDP_STATS,
SYS,IMP_LOB_INFO,
SYS,IMP_LOB_NOTNULL,
SYS,IMPRBS,
SYS,IMP_TAB_TRIG,
SYS,IMP10TYPIDUSED,
SYS,IMP10TYPUSED,
SYS,IMP8CDT,
SYS,IMP8CDTU,
SYS,IMP8CON,
SYS,IMP8REPCAT,
SYS,IMP8TTD,
SYS,IMP8TTDU,
SYS,IMP8UEC,
SYS,IMP9COMPAT,
SYS,IMP9CON,
SYS,IMP9SYNU,
SYS,IMP9SYN4,
SYS,IMP9TVOID,
SYS,IMP9USR,
SYS,IMSVC$,
SYS,IMSVCTS$,
SYS,INCEXP,
SYS,INCFIL,
SYS,INCVID,
SYS,IND$,
SYS,INDARRAYTYPE$,
SYS,INDCOMPART$,
SYS,INDCOMPARTV$,
SYS,INDEX_HISTOGRAM,statistics on keys with repeat count
SYS,INDEX_ORPHANED_ENTRY$,
SYS,INDEX_ORPHANED_ENTRY_V$,
SYS,INDEX_STATS,statistics on the b-tree
SYS,IND_ONLINE$,
SYS,INDOP$,
SYS,INDPART$,
SYS,INDPART_PARAM$,
SYS,INDPARTV$,
SYS,INDREBUILD$,
SYS,IND_STATS$,
SYS,INDSUBPART$,
SYS,INDSUBPARTV$,
SYS,INDTYPES$,
SYS,_INMEMORY_AIMTASKDETAILS,Information on details for an automatic inmemory management task
SYS,_INMEMORY_AIMTASKS,Information on tasks for automatic inmemory store management (AIM)
SYS,INSERT_TSN_LIST$,
SYS,_INT$_ALL_SYNONYMS_FOR_AO,
SYS,_INT$_ALL_SYNONYMS_FOR_SYN,
SYS,INT$AUDIT_UNIFIED_ENABLED_POL,
SYS,INT$AUDIT_UNIFIED_POLICIES,
SYS,INT$CONTAINER_OBJ$,
SYS,INT$DATA_LINK_TAB_STATISTICS,
SYS,INT$DBA_APP_STATEMENTS,
SYS,INT$DBA_ARGUMENTS,
SYS,INT$DBA_ATTR_DIM,
SYS,INT$DBA_ATTR_DIM_ATTR_CLASS,
SYS,INT$DBA_ATTR_DIM_ATTRS,
SYS,INT$DBA_ATTR_DIM_CLASS,
SYS,INT$DBA_ATTR_DIM_JOIN_PATHS,
SYS,INT$DBA_ATTR_DIM_KEYS,
SYS,INT$DBA_ATTR_DIM_LEVEL_ATTRS,
SYS,INT$DBA_ATTR_DIM_LEVELS,
SYS,INT$DBA_ATTR_DIM_LVL_CLASS,
SYS,INT$DBA_ATTR_DIM_ORDER_ATT,
SYS,INT$DBA_ATTR_DIM_TABLES,
SYS,INT$DBA_AVIEW_AGGR_DIMS,
SYS,INT$DBA_AVIEW_AGGR_FNS,
SYS,INT$DBA_AVIEW_ATTR_CLASS,
SYS,INT$DBA_AVIEW_BASE_MEAS,
SYS,INT$DBA_AVIEW_CALC_MEAS,
SYS,INT$DBA_AVIEW_CLASS,
SYS,INT$DBA_AVIEW_COLUMNS,
SYS,INT$DBA_AVIEW_DIM_ATTRS,
SYS,INT$DBA_AVIEW_DIM_CLASS,
SYS,INT$DBA_AVIEW_DIMENSIONS,
SYS,INT$DBA_AVIEW_FACT_COLS,
SYS,INT$DBA_AVIEW_HIER_CLASS,
SYS,INT$DBA_AVIEW_HIERS,
SYS,INT$DBA_AVIEW_KEYS,
SYS,INT$DBA_AVIEW_LEVEL_CLASS,
SYS,INT$DBA_AVIEW_LEVELS,
SYS,INT$DBA_AVIEW_LVLGRPS,
SYS,INT$DBA_AVIEW_MEAS_CLASS,
SYS,INT$DBA_AVIEWS,
SYS,INT$DBA_CDB_SERVICES,
SYS,INT$DBA_CLUSTERS,
SYS,INT$DBA_COL_COMMENTS,
SYS,INT$DBA_CONSTRAINTS,
SYS,INT$DBA_CONTEXT,
SYS,INT$DBA_DIRECTORIES,
SYS,INT$DBA_HIERARCHIES,
SYS,INT$DBA_HIER_CLASS,
SYS,INT$DBA_HIER_COLUMNS,
SYS,INT$DBA_HIER_HIER_ATTR_CLASS,
SYS,INT$DBA_HIER_HIER_ATTRIBUTES,
SYS,INT$DBA_HIER_JOIN_PATHS,
SYS,INT$DBA_HIER_LEVEL_ID_ATTRS,
SYS,INT$DBA_HIER_LEVELS,
SYS,INT$DBA_IDENTIFIERS,
SYS,INT$DBA_JSON_COLUMNS,
SYS,INT$DBA_JSON_DATAGUIDES,
SYS,INT$DBA_JSON_DG_COLS,
SYS,INT$DBA_JSON_TABLE_COLS_CONSTRAINT_COUNT,
SYS,INT$DBA_JSON_TABLE_COLS_JSON_TYPE_COUNT,
SYS,INT$DBA_JSON_TABLE_COLUMNS,
SYS,INT$DBA_JSON_TYPE_COLUMNS,
SYS,INT$DBA_JSON_VIEW_COLUMNS,
SYS,INT$DBA_LIBRARIES,
SYS,INT$DBA_PLSQL_OBJECT_SETTINGS,
SYS,INT$DBA_PROCEDURES,
SYS,INT$DBA_SOURCE,
SYS,INT$DBA_SOURCE_AE,
SYS,INT$DBA_STATEMENTS,
SYS,INT$DBA_STORED_SETTINGS,
SYS,INT$DBA_SYNONYMS,
SYS,INT$DBA_TAB_COMMENTS,
SYS,INT$DBA_VIEWS,
SYS,INT$DBA_VIEWS_AE,
SYS,INT$INT$DBA_CONSTRAINTS,
SYS,INVALIDATION_REGISTRY$,
SYS,JAVA$CBOBJ$,
SYS,JAVA$COMPILER$OPTIONS,
SYS,JAVAJAR$,
SYS,JAVAJAROBJECTS$,
SYS,JAVA$JOX$CUJS$STATUS$,
SYS,JAVA$JVM$RJBC,
SYS,JAVA$JVM$RUNTIME$PARAMETERS,
SYS,JAVA$JVM$STATUS,
SYS,JAVA$JVM$STEPS$DONE,
SYS,JAVA$MC$,
SYS,JAVA$MC$DEPS,
SYS,JAVA$METHOD$METADATA,
SYS,JAVANAMESTATUS$,
SYS,JAVANEGDEPS$,
SYS,JAVAOBJ$,
SYS,JAVA$POLICY$,
SYS,JAVA$POLICY$SHARED$TABLE,
SYS,JAVA$PREFS$,
SYS,JAVA$RMJVM$AUX,
SYS,JAVA$RMJVM$AUX2,
SYS,JAVA$RMJVM$AUX3,
SYS,JAVA$RMJVM$AUX4,
SYS,JAVA$RMJVM$AUX4V,
SYS,JAVA$RUNTIME$EXEC$USER$,
SYS,JAVASNM,
SYS,JAVASNM$,
SYS,JAVASNM_TMP$,
SYS,JIJOIN$,
SYS,JIREFRESHSQL$,
SYS,JOB$,
SYS,JOB$_CDB,in all containers
SYS,JOB$_REDUCED,
SYS,KET$_AUTOTASK_STATUS,
SYS,KET$_CLIENT_CONFIG,
SYS,KET$_CLIENT_TASKS,
SYS,KOPM$,
SYS,KOTAD$,
SYS,KOTADX$,
SYS,KOTMD$,
SYS,KOTTB$,
SYS,KOTTBX$,
SYS,KOTTD$,
SYS,KU$_ACPTABLE_VIEW,
SYS,KU$_ADD_SNAP_VIEW,
SYS,KU$_ALL_INDEX_VIEW,
SYS,KU$_ALL_TSLTZ_TAB_COLS,
SYS,KU$_ALL_TSLTZ_TABLES,
SYS,KU$_ALTER_FUNC_VIEW,
SYS,KU$_ALTER_PKGBDY_VIEW,
SYS,KU$_ALTER_PKGSPC_VIEW,
SYS,KU$_ALTER_PROC_VIEW,
SYS,KU$_ANALYTIC_VIEW,
SYS,KU$_ANALYTIC_VIEW_DIM_VIEW,
SYS,KU$_ANALYTIC_VIEW_HIERS_VIEW,
SYS,KU$_ANALYTIC_VIEW_KEYS_VIEW,
SYS,KU$_ANALYTIC_VIEW_MEAS_VIEW,
SYS,KU$_ARGUMENT_VIEW,
SYS,KU$_ASSOC_VIEW,
SYS,KU$_ATTR_DIM_ATTR_VIEW,
SYS,KU$_ATTR_DIM_JOIN_PATH_VIEW,
SYS,KU$_ATTR_DIM_LVL_KEY_VIEW,
SYS,KU$_ATTR_DIM_LVL_ORDBY_VIEW,
SYS,KU$_ATTR_DIM_LVL_VIEW,
SYS,KU$_ATTRIBUTE_DIMENSION_VIEW,
SYS,KU$_AUDCONTEXT_NAMESPACE_VIEW,
SYS,KU$_AUDCONTEXT_USER_VIEW,
SYS,KU$_AUDIT_CONTEXT_VIEW,
SYS,KU$_AUDIT_DEFAULT_VIEW,
SYS,KU$_AUDIT_OBJ_BASE_VIEW,
SYS,KU$_AUDIT_OBJ_VIEW,
SYS,KU$_AUDIT_POLICY_ENABLE_VIEW,
SYS,KU$_AUDIT_POLICY_VIEW,
SYS,KU$_AUDIT_VIEW,
SYS,KU$_AV_FACT_COLS_VIEW,
SYS,KU$_BASE_PROC_OBJNUM_VIEW,
SYS,KU$_BASE_PROC_VIEW,
SYS,KU$_BCHAIN_CHAIN_VIEW,
SYS,KU$_BCHAIN_EPOCH_VIEW,
SYS,KU$_BLOCKCHAIN_VIEW,
SYS,KU$_BYTES_ALLOC_VIEW,
SYS,KU$_CHILD_NESTED_TAB_VIEW,
SYS,KU$_CLSTCOL_VIEW,
SYS,KU$_CLSTJOIN_VIEW,
SYS,KU$_CLST_VIEW,
SYS,KU$_CLST_ZONEMAP_VIEW,
SYS,KU$_CLUSTER_VIEW,
SYS,KU$_CLU_TS_VIEW,
SYS,KU$_CODE_BASE_GRANT_VIEW,
SYS,KU$_COLLECTION_VIEW,
SYS,KU$_COLLIST_VIEW,
SYS,KU$_COL_STATS_VIEW,
SYS,KU$_COLTYPE_VIEW,
SYS,KU$_COLUMN_VIEW,
SYS,KU$_COMMENT_VIEW,
SYS,KU$_CONSTRAINT_COL_VIEW,
SYS,KU$_CONSTRAINT_EXISTS_VIEW,
SYS,KU$_CONSTRAINT_VIEW,
SYS,KU$_CONSTRAINT0_VIEW,
SYS,KU$_CONSTRAINT1_VIEW,
SYS,KU$_CONSTRAINT2_VIEW,
SYS,KU$_CONTEXT_VIEW,
SYS,KU$_CREDENTIAL_VIEW,
SYS,KU$_CUBE_FACT_VIEW,
SYS,KU$_CUBE_TAB_VIEW,
SYS,KU$_DATAPUMP_MASTER_10_1,
SYS,KU$_DATAPUMP_MASTER_11_1,
SYS,KU$_DATAPUMP_MASTER_11_1_0_7,
SYS,KU$_DATAPUMP_MASTER_11_2,
SYS,KU$_DATAPUMP_MASTER_12_0,
SYS,KU$_DATAPUMP_MASTER_12_2,
SYS,KU$_DBLINK_VIEW,
SYS,KU$_DEFERRED_STG_VIEW,
SYS,KU$_DEFROLE_LIST_VIEW,
SYS,KU$_DEFROLE_VIEW,
SYS,KU$_DEPTABLE_OBJNUM_VIEW,
SYS,KU$_DEPTYPES_BASE_VIEW,
SYS,KU$_DEPTYPES_VIEW,
SYS,KU$_DEPVIEWS_BASE_VIEW,
SYS,KU$_DEPVIEWS_VIEW,
SYS,KU$_DIMENSION_VIEW,
SYS,KU$_DIRECTORY_VIEW,
SYS,KU$_DOMIDX_OBJNUM_VIEW,
SYS,KU$_DOMIDX_PARTITION_VIEW,
SYS,KU$_DOMIDX_PLSQL_VIEW,
SYS,KU$_DOMIDX_2NDTAB_VIEW,
SYS,KU$_DUMMY_COMMAND_RULE_VIEW,
SYS,KU$_DUMMY_COMM_RULE_ALTS_V,
SYS,KU$_DUMMY_DV_ACCTS_V,
SYS,KU$_DUMMY_DV_AUTH_AP_V,
SYS,KU$_DUMMY_DV_AUTH_DBCAPTURE_V,
SYS,KU$_DUMMY_DV_AUTH_DBREPLAY_V,
SYS,KU$_DUMMY_DV_AUTH_DDL_V,
SYS,KU$_DUMMY_DV_AUTH_DIAG_V,
SYS,KU$_DUMMY_DV_AUTH_DP_V,
SYS,KU$_DUMMY_DV_AUTH_JOB_V,
SYS,KU$_DUMMY_DV_AUTH_MAINT_V,
SYS,KU$_DUMMY_DV_AUTH_PREP_V,
SYS,KU$_DUMMY_DV_AUTH_PROXY_V,
SYS,KU$_DUMMY_DV_AUTH_RAS_AS_V,
SYS,KU$_DUMMY_DV_AUTH_TTS_V,
SYS,KU$_DUMMY_DV_INDEX_FUNC_V,
SYS,KU$_DUMMY_DV_ORADEBUG_V,
SYS,KU$_DUMMY_FACTOR_LINK_VIEW,
SYS,KU$_DUMMY_FACTOR_TYPE_VIEW,
SYS,KU$_DUMMY_FACTOR_VIEW,
SYS,KU$_DUMMY_IDENTITY_MAP_VIEW,
SYS,KU$_DUMMY_IDENTITY_VIEW,
SYS,KU$_DUMMY_ISRM_VIEW,
SYS,KU$_DUMMY_ISR_VIEW,
SYS,KU$_DUMMY_POLICY_OBJ_C_ALTS_V,
SYS,KU$_DUMMY_POLICY_OBJ_C_V,
SYS,KU$_DUMMY_POLICY_OBJ_R_V,
SYS,KU$_DUMMY_POLICY_OWNER_V,
SYS,KU$_DUMMY_POLICY_V,
SYS,KU$_DUMMY_REALM_AUTH_VIEW,
SYS,KU$_DUMMY_REALM_MEMBER_VIEW,
SYS,KU$_DUMMY_REALM_VIEW,
SYS,KU$_DUMMY_ROLE_VIEW,
SYS,KU$_DUMMY_RULE_SET_MEMBER_VIEW,
SYS,KU$_DUMMY_RULE_SET_VIEW,
SYS,KU$_DUMMY_RULE_VIEW,
SYS,KU$_EDITION_OBJ_VIEW,
SYS,KU$_EDITION_PROC_EXISTS_VIEW,
SYS,KU$_EDITION_SCHEMAOBJ_VIEW,
SYS,KU$_EDITION_TRIG_EXISTS_VIEW,
SYS,KU$_END_PLUGTS_BLK_VIEW,
SYS,KU$_EQNTABLE_BYTES_ALLOC_VIEW,
SYS,KU$_EQNTABLE_DATA_VIEW,
SYS,KU$_EXPACT_VIEW,
SYS,KU$_EXPPKGACT_VIEW,
SYS,KU$_EXP_PKG_BODY_VIEW,
SYS,KU$_EXPPKGOBJ_VIEW,
SYS,KU$_EXPREG,
SYS,KU$_EXP_TYPE_BODY_VIEW,
SYS,KU$_EXP_XMLSCHEMA_VIEW,
SYS,KU$_EXTTAB_VIEW,
SYS,KU$_FBA_PERIOD_VIEW,
SYS,KU$_FBA_VIEW,
SYS,KU$_FGA_POLICY_VIEW,
SYS,KU$_FHTABLE_VIEW,
SYS,KU$_FILE_VIEW,
SYS,KU$_FIND_ATTRCOL_VIEW,
SYS,KU$_FIND_HIDDEN_CONS_VIEW,
SYS,KU$_FIND_NTAB_ATTRCOL_VIEW,
SYS,KU$_FIND_SGC_COLS_VIEW,
SYS,KU$_FIND_SGCOL_VIEW,
SYS,KU$_FIND_SGC_VIEW,
SYS,KU$_FIND_SGI_COLS_VIEW,
SYS,KU$_FULL_PKG_VIEW,
SYS,KU$_FULL_TYPE_VIEW,
SYS,KU$_FUNC_VIEW,
SYS,KU$_HCS_AGGR_FN_VIEW,
SYS,KU$_HCS_AV_CACHE_DST_MSLST,
SYS,KU$_HCS_AV_CACHE_LVGP_VIEW,
SYS,KU$_HCS_AV_CACHE_LVL_VIEW,
SYS,KU$_HCS_AV_CACHE_MEAS_VIEW,
SYS,KU$_HCS_AV_CACHE_MLST_VIEW,
SYS,KU$_HCS_CLSFCTN_VIEW,
SYS,KU$_HCS_SRC_VIEW,
SYS,KU$_HCS_TBL_VIEW,
SYS,KU$_HIERARCHY_VIEW,
SYS,KU$_HIER_HIER_ATTR_VIEW,
SYS,KU$_HIER_JOIN_PATH_VIEW,
SYS,KU$_HIER_LVL_VIEW,
SYS,KU$_HISTGRM_VIEW,
SYS,KU$_HNTP_VIEW,
SYS,KU$_HNT_VIEW,
SYS,KU$_HTABLE_BYTES_ALLOC_VIEW,
SYS,KU$_HTABLE_DATA_VIEW,
SYS,KU$_HTABLE_VIEW,
SYS,KU$_HTPART_BYTES_ALLOC_VIEW,
SYS,KU$_HTPART_DATA_VIEW,
SYS,KU$_HTSPART_BYTES_ALLOC_VIEW,
SYS,KU$_HTSPART_DATA_VIEW,
SYS,KU$_IDCOL_SEQ_VIEW,
SYS,KU$_IDENTITY_COLOBJ_VIEW,
SYS,KU$_IDENTITY_COL_VIEW,
SYS,KU$_ILM_POLICY_VIEW,
SYS,KU$_ILM_POLICY_VIEW2,
SYS,KU$_IM_COLSEL_VIEW,
SYS,KU$_INC_TYPE_VIEW,
SYS,KU$_INDARRAYTYPE_VIEW,
SYS,KU$_IND_CACHE_STATS_VIEW,
SYS,KU$_IND_COL_VIEW,
SYS,KU$_IND_COMPART_VIEW,
SYS,KU$_INDEX_COL_VIEW,
SYS,KU$_IND_EXISTS_VIEW,
SYS,KU$_INDEX_OBJNUM_VIEW,
SYS,KU$_INDEXOP_VIEW,
SYS,KU$_INDEX_PARTITION_VIEW,
SYS,KU$_INDEX_SUBPARTITION_VIEW,
SYS,KU$_INDEXTYPE_VIEW,
SYS,KU$_INDEX_VIEW,
SYS,KU$_IND_PART_COL_VIEW,
SYS,KU$_IND_PARTOBJ_VIEW,
SYS,KU$_IND_PART_VIEW,
SYS,KU$_IND_STATS_VIEW,
SYS,KU$_IND_SUBNAME_VIEW,
SYS,KU$_IND_SUBPART_COL_VIEW,
SYS,KU$_IND_SUBPART_VIEW,
SYS,KU$_IND_TS_VIEW,
SYS,KU$_INSERT_TS_VIEW,
SYS,KU$_INSTANCE_CALLOUT_VIEW,
SYS,KU$_IONT_VIEW,
SYS,KU$_IOTABLE_BYTES_ALLOC_VIEW,
SYS,KU$_IOTABLE_DATA_VIEW,
SYS,KU$_IOTABLE_VIEW,
SYS,KU$_IOTPART_BYTES_ALLOC_VIEW,
SYS,KU$_IOTPART_DATA_VIEW,
SYS,KU$_IOT_PARTOBJ_VIEW,
SYS,KU$_JAVA_CLASS_VIEW,
SYS,KU$_JAVA_OBJNUM_VIEW,
SYS,KU$_JAVA_RESOURCE_VIEW,
SYS,KU$_JAVA_SOURCE_VIEW,
SYS,KU$_JIJOIN_TABLE_VIEW,
SYS,KU$_JIJOIN_VIEW,
SYS,KU$_JOB_VIEW,
SYS,KU$_LIBRARY_VIEW,
SYS,KU$_LIST_FILTER_TEMP,
SYS,KU$_LIST_FILTER_TEMP_2,
SYS,KU$_LOBCOMPPART_VIEW,
SYS,KU$_LOBFRAGINDEX_VIEW,
SYS,KU$_LOBFRAG_VIEW,
SYS,KU$_LOBINDEX_VIEW,
SYS,KU$_LOB_VIEW,
SYS,KU$_MAP_TABLE_VIEW,
SYS,KU$_MAP_TABPART_VIEW,
SYS,KU$_MARKER_VIEW,
SYS,KU$_METHOD_VIEW,
SYS,KU$_MONITOR_VIEW,
SYS,KU$_MV_DEPTBL_OBJNUM_VIEW,
SYS,KU$_M_VIEW_FH_VIEW,
SYS,KU$_M_VIEW_H_VIEW,
SYS,KU$_M_VIEW_IOT_VIEW,
SYS,KU$_M_VIEW_LOG_FH_VIEW,
SYS,KU$_M_VIEW_LOG_H_VIEW,
SYS,KU$_M_VIEW_LOG_PFH_VIEW,
SYS,KU$_M_VIEW_LOG_PH_VIEW,
SYS,KU$_M_VIEW_LOG_VIEW,
SYS,KU$_M_VIEW_PFH_VIEW,
SYS,KU$_M_VIEW_PH_VIEW,
SYS,KU$_M_VIEW_PIOT_VIEW,
SYS,KU$_M_VIEW_VIEW,
SYS,KU$_M_VIEW_VIEW_BASE,
SYS,KU$_MVLPROP_VIEW,
SYS,KU$_MVL_TS_VIEW,
SYS,KU$_MVPROP_VIEW,
SYS,KU$_MV_TS_VIEW,
SYS,KU$_M_ZONEMAP_FH_VIEW,
SYS,KU$_M_ZONEMAP_H_VIEW,
SYS,KU$_M_ZONEMAP_IOT_VIEW,
SYS,KU$_M_ZONEMAP_PFH_VIEW,
SYS,KU$_M_ZONEMAP_PH_VIEW,
SYS,KU$_M_ZONEMAP_PIOT_VIEW,
SYS,KU$_M_ZONEMAP_VIEW,
SYS,KU$_MZPROP_VIEW,
SYS,KU$_NIOTABLE_DATA_VIEW,
SYS,KU$NOEXP_TAB,
SYS,KU_NOEXP_TAB,
SYS,KU_NOEXP_VIEW,
SYS,KU$_NTABLE_BYTES_ALLOC_VIEW,
SYS,KU$_NTABLE_DATA_VIEW,
SYS,KU$_NTABLE_OBJNUM_VIEW,
SYS,KU$_NT_PARENT_VIEW,
SYS,KU$_NTPART_PARENT_VIEW,
SYS,KU$_NTPART_VIEW,
SYS,KU$_OBJECT_ERROR_VIEW,
SYS,KU$_OBJECT_STATUS_VIEW,
SYS,KU$_OBJGRANT_EXISTS_VIEW,
SYS,KU$_OBJGRANT_VIEW,
SYS,KU$_OBJPKG_VIEW,
SYS,KU$_OIDINDEX_VIEW,
SYS,KU$_ON_USER_GRANT_VIEW,
SYS,KU$_OPANCILLARY_VIEW,
SYS,KU$_OPBINDING_VIEW,
SYS,KU$_OPERATOR_VIEW,
SYS,KU$_OPQTYPE_VIEW,
SYS,KU$_OPTION_OBJNUM_VIEW,
SYS,KU$_OPTION_VIEW_OBJNUM_VIEW,
SYS,KU$_ORACLE_SUPPLIED_OBJ_VIEW,
SYS,KU$_OUTLINE_VIEW,
SYS,KU$_OV_TABLE_VIEW,
SYS,KU$_OV_TABPART_VIEW,
SYS,KU$_PART_COL_NAMES_VIEW,
SYS,KU$_PARTITION_EST_VIEW,
SYS,KU$_PARTITION_VIEW,
SYS,KU$_PARTLOB_VIEW,
SYS,KU$_PARTOBJ_VIEW,
SYS,KU$_PCOLUMN_VIEW,
SYS,KU$_PFHTABLE_VIEW,
SYS,KU$_PFHTABPROP_VIEW,
SYS,KU$_PHTABLE_VIEW,
SYS,KU$_PIND_STATS_VIEW,
SYS,KU$_PIOTABLE_VIEW,
SYS,KU$_PIOTLOBFRAG_VIEW,
SYS,KU$_PIOT_PART_VIEW,
SYS,KU$_PKGBDY_VIEW,
SYS,KU$_PKG_OBJNUM_VIEW,
SYS,KU$_PKG_VIEW,
SYS,KU$_PKREF_CONSTRAINT_VIEW,
SYS,KU$_PLUGTS_BEGIN_VIEW,
SYS,KU$_PLUGTS_BLK_VIEW,
SYS,KU$_PLUGTS_CHECKPL_VIEW,
SYS,KU$_PLUGTS_EARLY_TBLSP_VIEW,
SYS,KU$_PLUGTS_TABLESPACE_VIEW,
SYS,KU$_PLUGTS_TSNAME_FULL_VIEW,
SYS,KU$_PLUGTS_TSNAME_INDEXP_VIEW,
SYS,KU$_PLUGTS_TSNAME_INDEX_VIEW,
SYS,KU$_PLUGTS_TSNAME_TABLE_VIEW,
SYS,KU$_PLUGTS_TSNAME_VIEW,
SYS,KU$_POST_DATA_TABLE_VIEW,
SYS,KU$_POST_TABLE_VIEW,
SYS,KU$_PREPOST_VIEW,
SYS,KU$_PRE_TABLE_VIEW,
SYS,KU$_PRIM_COLUMN_VIEW,
SYS,KU$_PROCACT_INSTANCE_VIEW,
SYS,KU$_PROCACT_SCHEMA_PKG_VIEW,
SYS,KU$_PROCACT_SCHEMA_VIEW,
SYS,KU$_PROCACT_SYS_PKG_VIEW,
SYS,KU$_PROCACT_SYS_VIEW,
SYS,KU$_PROC_AUDIT_VIEW,
SYS,KU$_PROCC_VIEW,
SYS,KU$_PROCDEPOBJ_AUDIT_VIEW,
SYS,KU$_PROCDEPOBJ_GRANT_VIEW,
SYS,KU$_PROCDEPOBJ_VIEW,
SYS,KU$_PROC_EXISTS_VIEW,
SYS,KU$_PROC_GRANT_VIEW,
SYS,KU$_PROCINFO_VIEW,
SYS,KU$_PROCJAVA_VIEW,
SYS,KU$_PROCOBJACT_VIEW,
SYS,KU$_PROCOBJ_AUDIT_VIEW,
SYS,KU$_PROCOBJ_GRANT_VIEW,
SYS,KU$_PROCOBJ_OBJNUM_VIEW,
SYS,KU$_PROCOBJ_VIEW,
SYS,KU$_PROCPLSQL_VIEW,
SYS,KU$_PROC_VIEW,
SYS,KU$_PROFILE_ATTR_VIEW,
SYS,KU$_PROFILE_VIEW,
SYS,KU$_PROXY_ROLE_LIST_VIEW,
SYS,KU$_PROXY_VIEW,
SYS,KU$_PSW_HIST_LIST_VIEW,
SYS,KU$_PSW_HIST_VIEW,
SYS,KU$_PTABLE_TS_VIEW,
SYS,KU$_PTAB_STATS_VIEW,
SYS,KU$_PWDVFC_VIEW,
SYS,KU$_P2TCOLUMN_VIEW,
SYS,KU$_P2T_CONSTRAINT1_VIEW,
SYS,KU$_P2T_CONSTRAINT2_VIEW,
SYS,KU$_P2T_CON1A_VIEW,
SYS,KU$_P2T_CON1B_VIEW,
SYS,KU$_P2T_DOMIDX_OBJNUM_VIEW,
SYS,KU$_P2TLOB_VIEW,
SYS,KU$_P2TPARTCOL_VIEW,
SYS,KU$_QTAB_STORAGE_VIEW,
SYS,KU$_QTRANS_VIEW,
SYS,KU$_QUEUES_VIEW,
SYS,KU$_QUEUE_TABLE_VIEW,
SYS,KU$_RADM_FPTM_VIEW,
SYS,KU$_RADM_MC_VIEW,
SYS,KU$_RADM_POLICY_EXPR_VIEW,
SYS,KU$_RADM_POLICY_VIEW,
SYS,KU$_REF_CONSTRAINT_EXISTS_VIEW,
SYS,KU$_REF_CONSTRAINT_VIEW,
SYS,KU$_REFGROUP_VIEW,
SYS,KU$_REF_LEVEL_VIEW,
SYS,KU$_REFPAR_LEVEL,
SYS,KU$_REF_PAR_LEVEL_VIEW,
SYS,KU$_REFPARTTABPROP_VIEW,
SYS,KU$_RESOCOST_LIST_VIEW,
SYS,KU$_RESOCOST_VIEW,
SYS,KU$_RLS_CONTEXT_VIEW,
SYS,KU$_RLS_GROUP_VIEW,
SYS,KU$_RLS_POLICY_OBJNUM_VIEW,
SYS,KU$_RLS_POLICY_VIEW,
SYS,KU$_RMGR_CONSUMER_VIEW,
SYS,KU$_RMGR_INIT_CONSUMER_VIEW,
SYS,KU$_RMGR_PLAN_DIRECT_VIEW,
SYS,KU$_RMGR_PLAN_VIEW,
SYS,KU$_ROGRANT_VIEW,
SYS,KU$_ROLE_VIEW,
SYS,KU$_ROLLBACK_VIEW,
SYS,KU$_SCHEMA_CALLOUT_VIEW,
SYS,KU$_SCHEMAOBJNUM_VIEW,
SYS,KU$_SCHEMAOBJ_VIEW,
SYS,KU$_SEQ_IN_DEFAULT_VIEW,
SYS,KU$_SEQUENCE_VIEW,
SYS,KU$_SHARD_DOMIDX_NAMEMAP,
SYS,KU$_SIMPLE_COL_VIEW,
SYS,KU$_SIMPLE_PKREF_COL_VIEW,
SYS,KU$_SIMPLE_SETID_COL_VIEW,
SYS,KU$_SIMPLE_TYPE_VIEW,
SYS,KU$_SPIND_STATS_VIEW,
SYS,KU$_SP2TCOLUMN_VIEW,
SYS,KU$_SP2T_CONSTRAINT1_VIEW,
SYS,KU$_SP2T_CON1A_VIEW,
SYS,KU$_SP2TLOB_VIEW,
SYS,KU$_SP2TPARTCOL_VIEW,
SYS,KU$_STORAGE_VIEW,
SYS,KU$_STRMCOLTYPE_VIEW,
SYS,KU$_STRMCOL_VIEW,
SYS,KU$_STRMSUBCOLTYPE_VIEW,
SYS,KU$_STRMTABLE_VIEW,
SYS,KU$_SUBCOLTYPE_VIEW,
SYS,KU$_SUBLOBFRAGINDEX_VIEW,
SYS,KU$_SUBLOBFRAG_VIEW,
SYS,KU$_SUBPARTITION_EST_VIEW,
SYS,KU$_SUBPARTITION_VIEW,
SYS,KU$_SWITCH_COMPILER_VIEW,
SYS,KU$_SYN_EXISTS_VIEW,
SYS,KU$_SYNONYM_VIEW,
SYS,KU$_SYSCALLOUT_VIEW,
SYS,KU$_SYSGRANT_VIEW,
SYS,KU$_TAB_CACHE_STATS_VIEW,
SYS,KU$_TABCLST_VIEW,
SYS,KU$_TABCLUSTER_COL_VIEW,
SYS,KU$_TABCLUSTER_VIEW,
SYS,KU$_TAB_COL_VIEW,
SYS,KU$_TAB_COMPART_VIEW,
SYS,KU$_TABLE_DATA_VIEW,
SYS,KU$_TABLE_EST_VIEW,
SYS,KU$_TABLE_EXISTS_VIEW,
SYS,KU$_TABLE_OBJNUM_VIEW,
SYS,KU$_TABLESPACE_VIEW,
SYS,KU$_TABLE_TYPES_VIEW,
SYS,KU$_TABLE_XMLSCHEMA_VIEW,
SYS,KU$_TAB_ONLY_STATS_VIEW,
SYS,KU$_TAB_PART_COL_VIEW,
SYS,KU$_TAB_PARTOBJ_VIEW,
SYS,KU$_TAB_PART_VIEW,
SYS,KU$_TABPROP_VIEW,
SYS,KU$_TAB_STATS_VIEW,
SYS,KU$_TAB_SUBNAME_VIEW,
SYS,KU$_TAB_SUBPART_COL_VIEW,
SYS,KU$_TAB_SUBPART_VIEW,
SYS,KU$_TAB_TSUBPART_VIEW,
SYS,KU$_TAB_TS_VIEW,
SYS,KU$_TAG_EXPR_FILTER_VIEW,
SYS,KU$_TBS_ILM_POLICY_VIEW,
SYS,KU$_TEMP_SUBPARTDATA_VIEW,
SYS,KU$_TEMP_SUBPARTLOBFRG_VIEW,
SYS,KU$_TEMP_SUBPARTLOB_VIEW,
SYS,KU$_TEMP_SUBPART_VIEW,
SYS,KU$_TLOB_COMPPART_VIEW,
SYS,KU$_TRANSFORM_PARAMS,
SYS,KU$_TRIG_EXISTS_VIEW,
SYS,KU$_TRIGGERCOL_VIEW,
SYS,KU$_TRIGGERDEP_VIEW,
SYS,KU$_TRIGGER_VIEW,
SYS,KU$_TRLINK_VIEW,
SYS,KU$_TSQUOTA_VIEW,
SYS,KU$_TTS_IDX_TABLESPACE_VIEW,
SYS,KU$_TTS_IDXVIEW,
SYS,KU$_TTS_INDPARTVIEW,
SYS,KU$_TTS_INDSUBPARTVIEW,
SYS,KU$_TTS_IND_VIEW,
SYS,KU$_TTS_MVL_VIEW,
SYS,KU$_TTS_MV_VIEW,
SYS,KU$_TTSP_IDX_TABLESPACE_VIEW,
SYS,KU$_TTSP_INDPARTVIEW,
SYS,KU$_TTSP_INDSUBPARTVIEW,
SYS,KU$_TTS_TABPARTVIEW,
SYS,KU$_TTS_TABSUBPARTVIEW,
SYS,KU$_TTS_TAB_TABLESPACE_VIEW,
SYS,KU$_TTS_TABVIEW,
SYS,KU$_TTS_TYPES_VIEW,
SYS,KU$_TTS_VIEW,
SYS,KU$_TYPE_ATTR_VIEW,
SYS,KU$_TYPE_BODY_VIEW,
SYS,KU$_TYPE_VIEW,
SYS,KU$_UNLOAD_METHOD_VIEW,
SYS,KU$_UP_STATS_VIEW,
SYS,KU$_USER_BASE_VIEW,
SYS,KU$_USER_EDITIONING_VIEW,
SYS,KU$_USER_MAPPING_VIEW,
SYS,KU$_USER_MAPPING_VIEW_TBL,
SYS,KU$_USER_PREF_STATS_VIEW,
SYS,KU$_USER_VIEW,
SYS,KU_UTLUSE,
SYS,KU$_VIEW_EXISTS_VIEW,
SYS,KU$_VIEW_OBJNUM_VIEW,
SYS,KU$_VIEWPROP_VIEW,
SYS,KU$_VIEW_VIEW,
SYS,KU$_XDB_NTABLE_OBJNUM_VIEW,
SYS,KU$XKTFBUE,
SYS,KU$_XMLSCHEMA_ELMT_VIEW,
SYS,KU$_XMLSCHEMA_SPECIAL_VIEW,
SYS,KU$_XMLSCHEMA_TYPES_VIEW,
SYS,KU$_XMLSCHEMA_VIEW,
SYS,KU$_XSACEPRIV_VIEW,
SYS,KU$_XSACE_VIEW,
SYS,KU$_XSACLPARAM_VIEW,
SYS,KU$_XSACL_VIEW,
SYS,KU$_XSAGGPRIV_VIEW,
SYS,KU$_XSATTRSEC_VIEW,
SYS,KU$_XSGRANT_VIEW,
SYS,KU$_XSINST_ACL_VIEW,
SYS,KU$_XSINST_INHKEY_VIEW,
SYS,KU$_XSINST_INH_VIEW,
SYS,KU$_XSINST_RULE_VIEW,
SYS,KU$_XSINSTSET_VIEW,
SYS,KU$_XSNSPACE_VIEW,
SYS,KU$_XSNSTMPL_ATTR_VIEW,
SYS,KU$_XSOBJ_VIEW,
SYS,KU$_XSOLAP_POLICY_VIEW,
SYS,KU$_XSPOLICY_PARAM_VIEW,
SYS,KU$_XSPOLICY_VIEW,
SYS,KU$_XSPRIN_VIEW,
SYS,KU$_XSPRIV_VIEW,
SYS,KU$_XSRLS_POLICY_VIEW,
SYS,KU$_XSROLE_GRANT_VIEW,
SYS,KU$_XSROLESET_VIEW,
SYS,KU$_XSROLE_VIEW,
SYS,KU$_XSSCLASS_VIEW,
SYS,KU$_XSSECCLSH_VIEW,
SYS,KU$_XSUSER_VIEW,
SYS,KU$_ZM_VIEW_FH_VIEW,
SYS,KU$_ZM_VIEW_H_VIEW,
SYS,KU$_ZM_VIEW_IOT_VIEW,
SYS,KU$_ZM_VIEW_PFH_VIEW,
SYS,KU$_ZM_VIEW_PH_VIEW,
SYS,KU$_ZM_VIEW_PIOT_VIEW,
SYS,KU$_ZM_VIEW_VIEW,
SYS,KU$_10_1_COMMENT_VIEW,
SYS,KU$_10_1_DBLINK_VIEW,
SYS,KU$_10_1_FHTABLE_VIEW,
SYS,KU$_10_1_HISTGRM_MAX_VIEW,
SYS,KU$_10_1_HISTGRM_MIN_VIEW,
SYS,KU$_10_1_HTABLE_VIEW,
SYS,KU$_10_1_IND_STATS_VIEW,
SYS,KU$_10_1_IOTABLE_VIEW,
SYS,KU$_10_1_OBJGRANT_VIEW,
SYS,KU$_10_1_PFHTABLE_VIEW,
SYS,KU$_10_1_PHTABLE_VIEW,
SYS,KU$_10_1_PIND_STATS_VIEW,
SYS,KU$_10_1_PIOTABLE_VIEW,
SYS,KU$_10_1_PROXY_VIEW,
SYS,KU$_10_1_PTAB_COL_STATS_VIEW,
SYS,KU$_10_1_PTAB_STATS_VIEW,
SYS,KU$_10_1_SPIND_STATS_VIEW,
SYS,KU$_10_1_SYSGRANT_VIEW,
SYS,KU$_10_1_TAB_COL_STATS_VIEW,
SYS,KU$_10_1_TABLE_DATA_VIEW,
SYS,KU$_10_1_TABLE_OBJNUM_VIEW,
SYS,KU$_10_1_TAB_ONLY_STATS_VIEW,
SYS,KU$_10_1_TAB_STATS_VIEW,
SYS,KU$_10_2_FHTABLE_VIEW,
SYS,KU$_10_2_INDEX_VIEW,
SYS,KU$_10_2_IND_STATS_VIEW,
SYS,KU$_10_2_ROGRANT_VIEW,
SYS,KU$_10_2_STRMCOLTYPE_VIEW,
SYS,KU$_10_2_STRMCOL_VIEW,
SYS,KU$_10_2_STRMSUBCOLTYPE_VIEW,
SYS,KU$_10_2_STRMTABLE_VIEW,
SYS,KU$_10_2_TAB_COL_VIEW,
SYS,KU$_10_2_TABLE_DATA_VIEW,
SYS,KU$_10_2_TAB_STATS_VIEW,
SYS,KU$_10_2_TRIGGER_VIEW,
SYS,KU$_11_2_AUDIT_VIEW,
SYS,KU$_11_2_DEPTBL_OBJNUM_VIEW,
SYS,KU$_11_2_IND_STATS_VIEW,
SYS,KU$_11_2_NTABLE_OBJNUM_VIEW,
SYS,KU$_11_2_PSW_HIST_VIEW,
SYS,KU$_11_2_ROGRANT_VIEW,
SYS,KU$_11_2_SYSGRANT_VIEW,
SYS,KU$_11_2_TABLE_OBJNUM_VIEW,
SYS,KU$_11_2_TAB_STATS_VIEW,
SYS,KU$_11_2_TRIGGER_VIEW,
SYS,KU$_11_2_VIEW_VIEW,
SYS,KU$_11_2_XDB_NTBL_OBJNUM_VIEW,
SYS,KU$_12AUDIT_POLICY_ENABLE_VIEW,
SYS,KU$_12_1_SYSGRANT_VIEW,
SYS,KU$_12_1_TRIGGER_VIEW,
SYS,KU$_19_1_M_VIEW_FH_VIEW,
SYS,KU$_19_1_SYSGRANT_VIEW,
SYS,KU$_19_1_TABLE_OBJNUM_VIEW,
SYS,KU$_2NDTAB_INFO_VIEW,
SYS,KU$_2ND_TABLE_OBJNUM_VIEW,
SYS,KU$_20_0_INDEX_OBJNUM_VIEW,
SYS,KU$_20_1_ACPTABLE_VIEW,
SYS,KU$_20_1_FHTABLE_VIEW,
SYS,KU$_20_1_HTABLE_VIEW,
SYS,KU$_20_1_IOTABLE_VIEW,
SYS,KU$_20_1_PFHTABLE_VIEW,
SYS,KU$_20_1_PHTABLE_VIEW,
SYS,KU$_20_1_PIOTABLE_VIEW,
SYS,LIBRARY$,
SYS,LINK$,
SYS,LINK_LOGONS$,
SYS,LINK_SOURCES$,
SYS,LOADER_COL_FLAGS,
SYS,LOADER_COL_INFO,
SYS,LOADER_COL_TYPE,
SYS,LOADER_CONSTRAINT_INFO,
SYS,LOADER_DB_OPEN_READ_WRITE,
SYS,LOADER_DIR_OBJS,
SYS,LOADER_FILE_TS,
SYS,LOADER_FULL_ATTR_NAME,
SYS,LOADER_INTCOL_INFO,
SYS,LOADER_LOB_FLAGS,
SYS,LOADER_LOB_INDEX_COL,
SYS,LOADER_LOB_INDEX_TAB,
SYS,LOADER_NESTED_VARRAYS,
SYS,LOADER_OID_INFO,
SYS,LOADER_PARAM_INFO,
SYS,LOADER_PART_INFO,
SYS,LOADER_REF_INFO,
SYS,LOADER_SKIP_UNUSABLE_INDEXES,
SYS,LOADER_TAB_INFO,
SYS,LOADER_TRIGGER_INFO,
SYS,LOB$,
SYS,LOBCOMPPART$,
SYS,LOBCOMPPARTV$,
SYS,LOBFRAG$,
SYS,LOBFRAGV$,
SYS,LOC$,
SYS,LOCKDOWN_PROF$,
SYS,LOG$,
SYS,LOGMNR_BUILDLOG,
SYS,LOGMNRG_ATTRCOL$,
SYS,LOGMNRG_ATTRIBUTE$,
SYS,LOGMNRG_CCOL$,
SYS,LOGMNRG_CDEF$,
SYS,LOGMNRG_COL$,
SYS,LOGMNRG_COLTYPE$,
SYS,LOGMNRG_CON$,
SYS,LOGMNRG_CONTAINER$,
SYS,LOGMNRG_DICTIONARY$,
SYS,LOGMNRG_ENC$,
SYS,LOGMNRG_ICOL$,
SYS,LOGMNRG_IDNSEQ$,
SYS,LOGMNRG_IND$,
SYS,LOGMNRG_INDCOMPART$,
SYS,LOGMNRG_INDPART$,
SYS,LOGMNRG_INDSUBPART$,
SYS,LOGMNRG_KOPM$,
SYS,LOGMNRG_LOB$,
SYS,LOGMNRG_LOBFRAG$,
SYS,LOGMNRG_LOGMNR_BUILDLOG,
SYS,LOGMNRG_NTAB$,
SYS,LOGMNRG_OBJ$,
SYS,LOGMNRG_OPQTYPE$,
SYS,LOGMNRG_PARTOBJ$,
SYS,LOGMNRG_PROPS$,
SYS,LOGMNRG_REFCON$,
SYS,LOGMNRG_SEED$,
SYS,LOGMNRG_SEED2$,
SYS,LOGMNRG_SHARD_TS,
SYS,LOGMNRG_SUBCOLTYPE$,
SYS,LOGMNRG_TAB$,
SYS,LOGMNRG_TABCOMPART$,
SYS,LOGMNRG_TABPART$,
SYS,LOGMNRG_TABSUBPART$,
SYS,LOGMNR_GTCS_CAT_SUPPORT,
SYS,LOGMNR_GTCS_CAT_SUPPORT_V$,
SYS,LOGMNR_GTCS_SUPPORT,
SYS,LOGMNRG_TS$,
SYS,LOGMNRG_TYPE$,
SYS,LOGMNRG_USER$,
SYS,LOGMNR$SCHEMA_ALLKEY_SUPLOG,
SYS,LOGMNR_TAB_COLS_CAT_SUPPORT,
SYS,LOGMNR_TAB_COLS_SUPPORT,
SYS,LOGSTDBY_LOG,
SYS,LOGSTDBY_RU_SUPPORT_TAB_COMMON,
SYS,LOGSTDBY_RU_SUPPORT_TAB_12_1,
SYS,LOGSTDBY_RU_SUPPORT_TAB_12_2,
SYS,LOGSTDBY_RU_SUPP_TAB_12_2_0_2,
SYS,LOGSTDBY_RU_SUPP_TAB_19,
SYS,LOGSTDBY_RU_UNSUPPORT_TAB_12_1,
SYS,LOGSTDBY_RU_UNSUPPORT_TAB_12_2,
SYS,LOGSTDBY_RU_UNSUPP_TAB_COMMON,
SYS,LOGSTDBY_RU_UN_TAB_12_2_0_2,
SYS,LOGSTDBY_RU_UN_TAB_19,
SYS,LOGSTDBY_SUPPORT,
SYS,LOGSTDBY_SUPPORT_SEQ,
SYS,LOGSTDBY_SUPPORT_TAB_10_1,
SYS,LOGSTDBY_SUPPORT_TAB_10_2,
SYS,LOGSTDBY_SUPPORT_TAB_11_1,
SYS,LOGSTDBY_SUPPORT_TAB_11_2,
SYS,LOGSTDBY_SUPPORT_TAB_11_2B,
SYS,LOGSTDBY_SUPPORT_TAB_12_1,
SYS,LOGSTDBY_SUPPORT_TAB_12_2,
SYS,LOGSTDBY_SUPPORT_TAB_12_2_0_2,
SYS,LOGSTDBY_SUPPORT_TAB_19,
SYS,LOGSTDBY_SUPPORT_11LOB,
SYS,LOGSTDBY_UNSUPPORT_TAB_10_1,
SYS,LOGSTDBY_UNSUPPORT_TAB_10_2,
SYS,LOGSTDBY_UNSUPPORT_TAB_11_1,
SYS,LOGSTDBY_UNSUPPORT_TAB_11_2,
SYS,LOGSTDBY_UNSUPPORT_TAB_11_2B,
SYS,LOGSTDBY_UNSUPPORT_TAB_12_1,
SYS,LOGSTDBY_UNSUPPORT_TAB_12_2,
SYS,LOGSTDBY_UNSUPP_TAB_12_2_0_2,
SYS,LOGSTDBY_UNSUPP_TAB_19,
SYS,LTXID_TRANS,
SYS,MAP_COMPLIST$,
SYS,MAP_ELEMENT$,
SYS,MAP_EXTELEMENT$,
SYS,MAP_FILE$,
SYS,MAP_FILE_EXTENT$,
SYS,MAP_OBJECT,
SYS,MAP_SUBELEMENT$,
SYS,MDX_ODBO_ACTIONS,
SYS,MDX_ODBO_CUBES,
SYS,MDX_ODBO_DIMENSIONS,
SYS,MDX_ODBO_FUNCTIONS,
SYS,MDX_ODBO_HIERARCHIES,
SYS,MDX_ODBO_INPUT_DATASOURCES,
SYS,MDX_ODBO_KPIS,
SYS,MDX_ODBO_LEVELS,
SYS,MDX_ODBO_MEASUREGROUP_DIMS,
SYS,MDX_ODBO_MEASUREGROUPS,
SYS,MDX_ODBO_MEASURES,
SYS,MDX_ODBO_PROPERTIES,
SYS,MDX_ODBO_SETS,
SYS,METAAUDIT$,
SYS,METAFILTER$,
SYS,METANAMETRANS$,
SYS,METAPATHMAP$,
SYS,METASCRIPT$,
SYS,METASCRIPTFILTER$,
SYS,METASTYLESHEET,
SYS,METAVIEW$,
SYS,METAXSL$,
SYS,METAXSLPARAM$,
SYS,METAXSLPARAMDESC$,
SYS,METHOD$,
SYS,MIGRATE$,
SYS,MLOG$,
SYS,MLOG_REFCOL$,
SYS,MODEL$,
SYS,MODELALG$,
SYS,MODELATT$,
SYS,MODELGTTRAW$,
SYS,MODELPART$,
SYS,MODELPARTCOL$,
SYS,MODELSET$,
SYS,MODELTAB$,
SYS,MODELXFM$,
SYS,MON_MODS$,
SYS,MON_MODS_ALL$,
SYS,MON_MODS_V,
SYS,MVREF$_CHANGE_STATS,
SYS,MV_REFRESH_USAGE_STATS,MV refresh usage statistics
SYS,MV_REFRESH_USAGE_STATS$,
SYS,MVREF$_RUN_STATS,
SYS,MVREF$_STATS,
SYS,MVREF$_STATS_PARAMS,
SYS,MVREF$_STATS_SYS_DEFAULTS,
SYS,MVREF$_STMT_STATS,
SYS,NACL$_ACE_EXP,
SYS,NACL$_ACE_EXP_TBL,
SYS,NACL$_HOST,
SYS,NACL$_HOST_EXP,
SYS,NACL$_HOST_EXP_TBL,
SYS,NACL$_NAME_MAP,
SYS,NACL$_WALLET,
SYS,NACL$_WALLET_EXP,
SYS,NACL$_WALLET_EXP_TBL,
SYS,NCOMP_DLL$,
SYS,NEW_LOST_WRITE_DATAFILES$,
SYS,NEW_LOST_WRITE_EXTENTS$,
SYS,NEW_LOST_WRITE_SHADOWS$,
SYS,NLS_DATABASE_PARAMETERS,Permanent NLS parameters of the database
SYS,NLS_INSTANCE_PARAMETERS,NLS parameters of the instance
SYS,NLS_SESSION_PARAMETERS,NLS parameters of the user session
SYS,NOEXP$,
SYS,NOTIFICATION$,
SYS,NTAB$,
SYS,OBJ$,
SYS,OBJAUTH$,
SYS,OBJECT_USAGE,
SYS,OBJERROR$,
SYS,OBJPRIV$,
SYS,ODCI_PMO_ROWIDS$,
SYS,ODCI_SECOBJ$,
SYS,ODCI_WARNINGS$,
SYS,OFSDTAB$,
SYS,OFSFTAB$,
SYS,OFSMTAB$,
SYS,OFSOTAB$,
SYS,OGG_SUPPORT_TAB_COMMON,
SYS,OGG_SUPPORT_TAB_11_2,
SYS,OGG_SUPPORT_TAB_11_2B,
SYS,OGG_SUPPORT_TAB_12_1,
SYS,OGG_SUPPORT_TAB_12_2,
SYS,OGG_SUPPORT_TAB_12_2_0_2,
SYS,OGG_SUPPORT_TAB_19,
SYS,OID$,
SYS,OLAP_ATTRIBUTES$,
SYS,OLAP_ATTRIBUTE_VISIBILITY$,
SYS,OLAP_AW_DEPLOYMENT_CONTROLS$,
SYS,OLAP_AW_VIEW_COLUMNS$,
SYS,OLAP_AW_VIEWS$,
SYS,OLAP_CALCULATED_MEMBERS$,
SYS,OLAP_CUBE_BUILD_PROCESSES$,
SYS,OLAP_CUBE_DIMENSIONS$,
SYS,OLAP_CUBES$,
SYS,OLAP_DESCRIPTIONS$,
SYS,OLAP_DIMENSIONALITY$,
SYS,OLAP_DIM_LEVELS$,
SYS,OLAP_HIERARCHIES$,
SYS,OLAP_HIER_LEVELS$,
SYS,OLAP_IMPL_OPTIONS$,
SYS,OLAP_MAPPINGS$,
SYS,OLAP_MEAS_FOLDER_CONTENTS$,
SYS,OLAP_MEASURE_FOLDERS$,
SYS,OLAP_MEASURES$,
SYS,OLAP_METADATA_DEPENDENCIES$,
SYS,OLAP_METADATA_PROPERTIES$,
SYS,OLAP_MODEL_ASSIGNMENTS$,
SYS,OLAP_MODEL_PARENTS$,
SYS,OLAP_MODELS$,
SYS,OLAP_MULTI_OPTIONS$,
SYS,OLAP_SYNTAX$,
SYS,OLAP_TAB$,
SYS,OLAP_TAB_COL$,
SYS,OLAP_TAB_HIER$,
SYS,ONLINE_HIDDEN_FRAGS$,
SYS,OPANCILLARY$,
SYS,OPARG$,
SYS,OPATCH_INST_JOB,
SYS,OPATCH_INST_PATCH,
SYS,OPATCH_SQL_PATCHES,
SYS,OPATCH_XINV_TAB,
SYS,OPATCH_XML_INV,
SYS,OPBINDING$,
SYS,OPERATOR$,
SYS,OPQTYPE$,
SYS,OPT_CALIBRATION_STATS$,
SYS,OPT_DIRECTIVE$,
SYS,OPT_DIRECTIVE_OWN$,
SYS,OPT_FINDING$,
SYS,OPT_FINDING_OBJ$,
SYS,OPT_SQLSTAT$,
SYS,OPTSTAT_HIST_CONTROL$,
SYS,OPTSTAT_SNAPSHOT$,
SYS,OPTSTAT_USER_PREFS$,
SYS,ORA_KGLR7_DB_LINKS,
SYS,ORA_KGLR7_DEPENDENCIES,
SYS,ORA_KGLR7_IDL_CHAR,
SYS,ORA_KGLR7_IDL_SB4,
SYS,ORA_KGLR7_IDL_UB1,
SYS,ORA_KGLR7_IDL_UB2,
SYS,ORA_KGLR7_OBJECTS,
SYS,ORA$PREPLUGIN_BACKUP_QTB,
SYS,PARAMETER$,
SYS,PARSED_PIECES,
SYS,PARSED_SIZE,
SYS,PARTCOL$,
SYS,PARTLOB$,
SYS,PARTOBJ$,
SYS,PDB_ALERT$,
SYS,PDB_ALERTS,Contains descriptions of reasons for PDB alerts
SYS,PDB_ARC_SKIP$,
SYS,PDB_CREATE$,
SYS,PDB_HISTORY$,
SYS,PDB_INV_TYPE$,
SYS,PDB_MON_EVENT_QTABLE$,
SYS,PDB_PLUG_IN_VIOLATIONS,Contains descriptions of reasons for PDB or a non-CDB plug-in violations
SYS,PDB_REF_CATALOG$,
SYS,PDB_SNAPSHOT$,
SYS,PDB_SNAPSHOTFILE$,
SYS,PDB_SPFILE$,
SYS,PDB_STAT$,
SYS,PDBSTATE$,
SYS,PDB_SVC_STATE$,
SYS,PDB_SYNC$,
SYS,PDB_SYNC_STMT$,
SYS,PENDING_SESSIONS$,
SYS,PENDING_SUB_SESSIONS$,
SYS,PENDING_TRANS$,
SYS,PLAN_TABLE$,
SYS,PLSCOPE_ACTION$,
SYS,PLSCOPE_IDENTIFIER$,
SYS,PLSCOPE_SQL$,
SYS,PLSCOPE_STATEMENT$,
SYS,PLUGGABLE_SET_CHECK,
SYS,PRIV_CAPTURE$,
SYS,PRIV_UNUSED$,
SYS,PRIV_UNUSED_PATH$,
SYS,PRIV_USED_PATH$,
SYS,PROCEDURE$,
SYS,PROCEDUREBLOCKCHAININFO$,
SYS,PROCEDUREC$,
SYS,PROCEDUREINFO$,
SYS,PROCEDUREJAVA$,
SYS,PROCEDUREPLSQL$,
SYS,PRODUCT_COMPONENT_VERSION,version and status information for component products
SYS,PROFILE$,
SYS,PROFNAME$,
SYS,PROPS$,
SYS,PROXY_DATA$,
SYS,PROXY_INFO$,
SYS,PROXY_REMOTE$,
SYS,PROXY_ROLE_DATA$,
SYS,PROXY_ROLE_INFO$,
SYS,PROXY_ROLES,Table of roles that a proxy can set on behalf of a client
SYS,PROXY_USERS,List of proxy users and the client on whose behalf they can act.
SYS,PROXY_USERS_AND_ROLES,"List of all proxies, clients and roles."
SYS,PS$,
SYS,PSS1$,
SYS,PSTUBTBL,
SYS,PS1$,
SYS,PTC_APPLY_PROGRESS,
SYS,PTSHD_SCHEMA_OBJECTS,
SYS,PTT_FEATURE$,
SYS,PUBLIC_DEPENDENCY,"Dependencies to and from objects, by object number"
SYS,PUBLICSYN,
SYS,QT21031_BUFFER,
SYS,QT21034_BUFFER,
SYS,QT21058_BUFFER,
SYS,QT21061_BUFFER,
SYS,QT21092_BUFFER,
SYS,QT21095_BUFFER,
SYS,QT21150_BUFFER,
SYS,QT21153_BUFFER,
SYS,QT21422_BUFFER,
SYS,QT21425_BUFFER,
SYS,QT21493_BUFFER,
SYS,QT21607_BUFFER,
SYS,QT21645_BUFFER,
SYS,QT21668_BUFFER,
SYS,QT21809_BUFFER,
SYS,QT22099_BUFFER,
SYS,QT22166_BUFFER,
SYS,QT22327_BUFFER,
SYS,QT22613_BUFFER,
SYS,QT22676_BUFFER,
SYS,QT23882_BUFFER,
SYS,QT24409_BUFFER,
SYS,QUEUE_PRIVILEGES,"Grants on queues for which the user is the grantor, grantee, owner,
or an enabled role or PUBLIC is the grantee"
SYS,RADM$,
SYS,RADM_CD$,
SYS,RADM_FPTM$,
SYS,RADM_FPTM_LOB$,
SYS,RADM_MC$,
SYS,RADM_PE$,
SYS,RADM_TD$,
SYS,RECENT_RESOURCE_INCARNATIONS$,
SYS,RECO_SCRIPT$,
SYS,RECO_SCRIPT_BLOCK$,
SYS,RECO_SCRIPT_ERROR$,
SYS,RECO_SCRIPT_PARAMS$,
SYS,REC_TAB$,
SYS,REC_VAR$,
SYS,RECYCLEBIN$,
SYS,REDACTION_COLUMNS,All Redacted Columns in the database
SYS,REDACTION_COLUMNS_DBMS_ERRLOG,
SYS,REDACTION_EXPRESSIONS,All Data Redaction Policy Expressions in the database
SYS,REDACTION_POLICIES,All Redaction Policies in the database
SYS,REDACTION_VALUES_FOR_TYPE_FULL,
SYS,REDEF$,
SYS,REDEF_DEP_ERROR$,
SYS,REDEF_OBJECT$,
SYS,REDEF_OBJECT_BACKUP$,
SYS,REDEF_STATUS$,
SYS,REDEF_TRACK$,
SYS,REFCON$,
SYS,REG$,
SYS,REGISTRY$,
SYS,REGISTRY$BACKPORTS,
SYS,REGISTRY$DATABASE,
SYS,REGISTRY$DEPENDENCIES,
SYS,REGISTRY$ERROR,
SYS,REGISTRY$HISTORY,
SYS,REGISTRY$LOG,
SYS,REGISTRY$PROGRESS,
SYS,REGISTRY$SCHEMAS,
SYS,REGISTRY$SQLPATCH,
SYS,REGISTRY$SQLPATCH_RU_INFO,
SYS,REGISTRY$UPG_RESUME,
SYS,REGISTRY$UPG_SUMMARY,
SYS,REG_SNAP$,
SYS,REPL$_DBNAME_MAPPING,
SYS,REPL_FEATURE_BITMAP,
SYS,REPL$_PROCESS_EVENTS,
SYS,_REPORT_COMPONENT_OBJECTS,
SYS,REPORT_COMPONENTS,
SYS,REPORT_FILES,
SYS,_REPORT_FORMATS,
SYS,REPORT_FORMATS,
SYS,RESOURCE_CAPABILITY$,
SYS,RESOURCE_CATEGORY$,
SYS,RESOURCE_CONSUMER_GROUP$,
SYS,RESOURCE_COST,Cost for each resource
SYS,RESOURCE_COST$,
SYS,RESOURCE_GROUP_MAPPING$,
SYS,RESOURCE_INSTANCE_CAPABILITY$,
SYS,RESOURCE_IO_CALIBRATE$,
SYS,RESOURCE_MAP,Description table for resources.  Maps resource name to number
SYS,RESOURCE_MAPPING_PRIORITY$,
SYS,RESOURCE_PLAN$,
SYS,RESOURCE_PLAN_DIRECTIVE$,
SYS,RESOURCE_STORAGE_POOL_MAPPING$,
SYS,RESULT$,
SYS,RGCHILD$,
SYS,RGROUP$,
SYS,RLS$,
SYS,RLS_CSA$,
SYS,RLS_CTX$,
SYS,RLS_GRP$,
SYS,RLS_SC$,
SYS,RMTAB$,
SYS,ROLE_ROLE_PRIVS,Roles which are granted to roles
SYS,ROLE_SYS_PRIVS,System privileges granted to roles
SYS,ROLE_TAB_PRIVS,Table privileges granted to roles
SYS,ROPP$X$KCCAL,
SYS,ROPP$X$KCCBF,
SYS,ROPP$X$KCCBI,
SYS,ROPP$X$KCCBL,
SYS,ROPP$X$KCCBLKCOR,
SYS,ROPP$X$KCCBP,
SYS,ROPP$X$KCCBS,
SYS,ROPP$X$KCCCC,
SYS,ROPP$X$KCCDC,
SYS,ROPP$X$KCCDI,
SYS,ROPP$X$KCCDI2,
SYS,ROPP$X$KCCFC,
SYS,ROPP$X$KCCFE,
SYS,ROPP$X$KCCFHXCP,
SYS,ROPP$X$KCCFN,
SYS,ROPP$X$KCCIC,
SYS,ROPP$X$KCCLE,
SYS,ROPP$X$KCCLH,
SYS,ROPP$X$KCCOR,
SYS,ROPP$X$KCCPA,
SYS,ROPP$X$KCCPD,
SYS,ROPP$X$KCCPDB,
SYS,ROPP$X$KCCPIC,
SYS,ROPP$X$KCCRSR,
SYS,ROPP$X$KCCRT,
SYS,ROPP$X$KCCSDM,
SYS,ROPP$X$KCCSL,
SYS,ROPP$X$KCCTF,
SYS,ROPP$X$KCCTIR,
SYS,ROPP$X$KCCTKH,
SYS,ROPP$X$KCCTS,
SYS,ROPP$X$KCPDBINC,
SYS,ROPP$X$KCVDF,
SYS,ROPP$X$KCVFH,
SYS,ROPP$X$KCVFHALL,
SYS,ROPP$X$KCVFHTMP,
SYS,ROPP$X$PDBHISTORY,
SYS,ROPP$X$RECIDHISTORY,
SYS,RPP$X$KCCAL,
SYS,RPP$X$KCCBF,
SYS,RPP$X$KCCBI,
SYS,RPP$X$KCCBL,
SYS,RPP$X$KCCBLKCOR,
SYS,RPP$X$KCCBP,
SYS,RPP$X$KCCBS,
SYS,RPP$X$KCCCC,
SYS,RPP$X$KCCDC,
SYS,RPP$X$KCCDI,
SYS,RPP$X$KCCDI2,
SYS,RPP$X$KCCFC,
SYS,RPP$X$KCCFE,
SYS,RPP$X$KCCFN,
SYS,RPP$X$KCCIC,
SYS,RPP$X$KCCLE,
SYS,RPP$X$KCCLH,
SYS,RPP$X$KCCOR,
SYS,RPP$X$KCCPA,
SYS,RPP$X$KCCPD,
SYS,RPP$X$KCCPDB,
SYS,RPP$X$KCCPIC,
SYS,RPP$X$KCCRSR,
SYS,RPP$X$KCCRT,
SYS,RPP$X$KCCSL,
SYS,RPP$X$KCCTF,
SYS,RPP$X$KCCTIR,
SYS,RPP$X$KCCTKH,
SYS,RPP$X$KCCTS,
SYS,RPP$X$KCPDBINC,
SYS,RPP$X$KCVDF,
SYS,RPP$X$KCVFH,
SYS,RPP$X$KCVFHALL,
SYS,RPP$X$KCVFHTMP,
SYS,RSRC_CNT_HISTORY$,
SYS,RULE$,
SYS,RULE_EC$,
SYS,RULE_EXPRESSION,
SYS,RULE_EXPRESSION_CLAUSES,
SYS,RULE_EXPRESSION_CONDITIONS,
SYS,RULE_MAP$,
SYS,RULE_SET$,
SYS,RULESET$,
SYS,RULE_SET_EE$,
SYS,RULE_SET_FOB$,
SYS,RULE_SET_IEUAC$,
SYS,RULE_SET_IOT$,
SYS,RULE_SET_NL$,
SYS,RULE_SET_PR$,
SYS,RULE_SET_PTPDTY$,
SYS,RULE_SET_RDEP$,
SYS,RULE_SET_RE$,
SYS,RULE_SET_ROP$,
SYS,RULE_SET_ROR$,
SYS,RULE_SET_TE$,
SYS,RULE_SET_VE$,
SYS,RXS$SESSION_APPNS,
SYS,RXS$SESSION_ROLES,
SYS,RXS$SESSIONS,
SYS,SAM_SPARSITY_ADVICE,
SYS,SCHEDULER_BATCH_ERRORS,
SYS,SCHEDULER$_CDB_CLASS,in all containers
SYS,SCHEDULER$_CDB_COMB_LW_JOB,in all containers
SYS,SCHEDULER$_CDB_GLOBAL_ATTRIB,in all containers
SYS,SCHEDULER$_CDB_JOB,in all containers
SYS,SCHEDULER$_CDB_LIGHTWEIGHT_JOB,in all containers
SYS,SCHEDULER$_CDB_PROGRAM,in all containers
SYS,SCHEDULER$_CDB_WINDOW,in all containers
SYS,SCHEDULER$_CHAIN,
SYS,SCHEDULER$_CLASS,
SYS,SCHEDULER$_COMB_LW_JOB,
SYS,SCHEDULER$_CONSTRAINTS,
SYS,SCHEDULER$_CONSTRAINTS_STATS,
SYS,SCHEDULER$_CREDENTIAL,
SYS,SCHEDULER$_DBMSJOB_MAP,
SYS,SCHEDULER$_DESTINATIONS,
SYS,SCHEDULER$_EVENT_LOG,
SYS,SCHEDULER$_EVENT_QTAB,
SYS,SCHEDULER$_EVTQ_SUB,
SYS,SCHEDULER$_FILE_WATCHER,
SYS,SCHEDULER$_FILEWATCHER_HISTORY,
SYS,SCHEDULER_FILEWATCHER_QT,
SYS,SCHEDULER$_FILEWATCHER_RESEND,
SYS,SCHEDULER$_GLOBAL_ATTRIBUTE,
SYS,SCHEDULER$_JOB,
SYS,SCHEDULER$_JOB_ARGUMENT,
SYS,SCHEDULER$_JOB_DESTINATIONS,
SYS,SCHEDULER$_JOB_OBJECTS,
SYS,SCHEDULER$_JOB_OUT_ARGS,
SYS,SCHEDULER$_JOB_OUTPUT,
SYS,SCHEDULER$_JOB_REFRESH,
SYS,SCHEDULER$_JOB_RUN_DETAILS,
SYS,SCHEDULER$_LIGHTWEIGHT_JOB,
SYS,SCHEDULER$_LISTENERADDRESSES,
SYS,SCHEDULER$_LWJOB_OBJ,
SYS,SCHEDULER$_LWJOB_REFRESH,
SYS,SCHEDULER$_NOTIFICATION,
SYS,SCHEDULER$_PROGRAM,
SYS,SCHEDULER$_PROGRAM_ARGUMENT,
SYS,SCHEDULER$_REMDB_JOBQTAB,
SYS,SCHEDULER$_REMOTE_DBS,
SYS,SCHEDULER$_REMOTE_JOB_STATE,
SYS,SCHEDULER$_RESOURCES,
SYS,SCHEDULER$_RESOURCE_USAGE,
SYS,SCHEDULER$_RJOB_SRC_DB_INFO,
SYS,SCHEDULER$_RUNNING_CONSTR_OBJS,
SYS,SCHEDULER$_SAVED_OIDS,
SYS,SCHEDULER$_SCHEDULE,
SYS,SCHEDULER$_SRCQ_INFO,
SYS,SCHEDULER$_SRCQ_MAP,
SYS,SCHEDULER$_STEP,
SYS,SCHEDULER$_STEP_STATE,
SYS,SCHEDULER$_WINDOW,
SYS,SCHEDULER$_WINDOW_DETAILS,
SYS,SCHEDULER$_WINDOW_GROUP,
SYS,SCHEDULER$_WINDOW_REFRESH,
SYS,SCHEDULER$_WINGRP_MEMBER,
SYS,SCHEMA_EXPORT_OBJECTS,INCLUDE and EXCLUDE object type names for schema mode export
SYS,SCHEMA_EXPORT_PATHS,
SYS,SECOBJ$,
SYS,SEG$,
SYS,SENSITIVE_FIXED$,
SYS,SEQ$,
SYS,SERVICE$,
SYS,SERVICE$_ALT,
SYS,SESS_CNT_HISTORY$,
SYS,SESSION_CONTEXT,Description of all context attributes set under the current session
SYS,SESSION_PRIVS,Privileges which the user currently has set
SYS,SESSION_ROLES,Roles which the user currently has enabled.
SYS,SESSION_TEMPLATE$,
SYS,SESSION_TEMPLATE_ID$,
SYS,SESSION_TEMPLATE_SPARES$,
SYS,SETTINGS$,
SYS,SHARD_KEYS,
SYS,SHARD_OBJECTS,
SYS,SLOG$,
SYS,SM$AUDIT_CONFIG,
SYS,SMB$CONFIG,
SYS,SM$INTEGRITY_CONS,
SYS,SMON_SCN_TIME,
SYS,SM$TS_AVAIL,
SYS,SM$TS_FREE,
SYS,SM$TS_USED,
SYS,SM_$VERSION,
SYS,SNAP$,
SYS,SNAP_COLMAP$,
SYS,SNAP_LOADERTIME$,
SYS,SNAP_LOGDEP$,
SYS,SNAP_OBJCOL$,
SYS,SNAP_REFOP$,
SYS,SNAP_REFTIME$,
SYS,SNAP_SITE$,
SYS,SNAP_XCMT$,
SYS,SNS$EJB$GEN$,
SYS,SOURCE$,
SYS,SOURCE_SIZE,
SYS,SPD_SCRATCH_TAB,
SYS,SQL$,
SYS,SQL$_DATAPUMP,
SYS,SQL$_DATAPUMP_TBL,
SYS,SQLERROR$,
SYS,SQLLOG$,
SYS,SQLOBJ$,
SYS,SQLOBJ$AUXDATA,
SYS,SQLOBJ$AUXDATA_DATAPUMP,
SYS,SQLOBJ$AUXDATA_DATAPUMP_TBL,
SYS,SQLOBJ$DATA,
SYS,SQLOBJ$DATA_DATAPUMP,
SYS,SQLOBJ$DATA_DATAPUMP_TBL,
SYS,SQLOBJ$_DATAPUMP,
SYS,SQLOBJ$_DATAPUMP_TBL,
SYS,SQLOBJ$PLAN,
SYS,SQLOBJ$PLAN_DATAPUMP,
SYS,SQLOBJ$PLAN_DATAPUMP_TBL,
SYS,SQL$TEXT,
SYS,SQL$TEXT_DATAPUMP,
SYS,SQL$TEXT_DATAPUMP_TBL,
SYS,SQL_TK_COLL_CHK$,
SYS,SQL_TK_REF_CHK$,
SYS,SQL_TK_ROW_CHK$,
SYS,SQL_TK_TAB_DESC$,
SYS,SQLTXL$,
SYS,SQLTXL_ERR$,
SYS,SQLTXL_SQL$,
SYS,SQL_VERSION$,
SYS,SQT_CORRECT_BIT,Optimizer Table for Correct Bit
SYS,SQT_TAB_COL_STATISTICS,Columns statistics of base tables for Statistics-based Query Transformation
SYS,SQT_TAB_STATISTICS,Optimizer statistics for Statistics-based Query Transformation
SYS,SSCR_CAP$,
SYS,SSCR_RES$,
SYS,STATS_ADVISOR_FILTER_OBJ$,
SYS,STATS_ADVISOR_FILTER_OPR$,
SYS,STATS_ADVISOR_FILTER_RULE$,
SYS,STATS_TARGET$,
SYS,STMT_AUDIT_OPTION_MAP,Description table for auditing option type codes.  Maps auditing option type numbers to type names
SYS,STRADDLING_RS_OBJECTS,
SYS,STRADDLING_TS_OBJECTS,
SYS,STREAMS$_APPLY_MILESTONE,
SYS,STREAMS$_APPLY_PROCESS,
SYS,STREAMS$_APPLY_PROGRESS,
SYS,STREAMS$_APPLY_SPILL_MESSAGES,
SYS,STREAMS$_APPLY_SPILL_MSGS_PART,
SYS,STREAMS$_APPLY_SPILL_TXN,
SYS,STREAMS$_APPLY_SPILL_TXN_LIST,
SYS,STREAMS$_CAPTURE_PROCESS,
SYS,STREAMS$_CAPTURE_SERVER,
SYS,STREAMS$_COMPONENT,
SYS,STREAMS$_COMPONENT_EVENT_IN,
SYS,STREAMS$_COMPONENT_IN,
SYS,STREAMS$_COMPONENT_LINK,
SYS,STREAMS$_COMPONENT_LINK_IN,
SYS,STREAMS$_COMPONENT_PROP,
SYS,STREAMS$_COMPONENT_PROP_IN,
SYS,STREAMS$_COMPONENT_STAT_IN,
SYS,STREAMS$_COMPONENT_STAT_OUT,
SYS,STREAMS$_DATABASE,
SYS,STREAMS$_DEF_PROC,
SYS,STREAMS$_DEST_OBJ_COLS,
SYS,STREAMS$_DEST_OBJS,
SYS,STREAMS$_EXTRA_ATTRS,
SYS,STREAMS$_INTERNAL_TRANSFORM,
SYS,STREAMS$_KEY_COLUMNS,
SYS,STREAMS$_LOCAL_ACTIONS_IN,
SYS,STREAMS$_LOCAL_FINDINGS_IN,
SYS,STREAMS$_LOCAL_RECS_IN,
SYS,STREAMS$_MESSAGE_CONSUMERS,
SYS,STREAMS$_MESSAGE_RULES,
SYS,STREAMS$_PATH_BOTTLENECK_OUT,
SYS,STREAMS$_PATH_STAT_OUT,
SYS,STREAMS$_PREPARE_DDL,
SYS,STREAMS$_PREPARE_OBJECT,
SYS,STREAMS$_PRIVILEGED_USER,
SYS,STREAMS$_PROCESS_PARAMS,
SYS,STREAMS$_PROPAGATION_PROCESS,
SYS,STREAMS$_RULES,
SYS,STREAMS$_SPLIT_MERGE,
SYS,STREAMS$_STMT_HANDLERS,
SYS,STREAMS$_STMT_HANDLER_STMTS,
SYS,SUBCOLTYPE$,
SYS,SUBPARTCOL$,
SYS,SUM$,
SYS,SUMAGG$,
SYS,SUMDELTA$,
SYS,SUMDEP$,
SYS,SUMDETAIL$,
SYS,SUMINLINE$,
SYS,SUMJOIN$,
SYS,SUMKEY$,
SYS,SUMPARTLOG$,
SYS,SUMPRED$,
SYS,SUMQB$,
SYS,SUPEROBJ$,
SYS,SVCOBJ$,
SYS,SVCOBJ_ACCESS$,
SYS,SVCOBJ_ACCESS_ATTR$,
SYS,SVCOBJ_CONFLICT$,
SYS,SWAT_ARM_FEEDBACK$,
SYS,SWAT_ARM_STATUS$,
SYS,SWAT$CONFIG_PARAMS,
SYS,SWAT_MM_ACT_MVIEW$,
SYS,SWAT_MM_ACT_SNAP_META$,
SYS,SWAT_MM_ACT_TABLE$,
SYS,SWAT_MM_DBA_ACT_MVIEW$,
SYS,SWAT_MM_DBA_ACT_SNAP_META$,
SYS,SWAT_MM_DBA_ACT_TABLE$,
SYS,SWAT_MM_JOURNAL$,
SYS,SWAT_MM_REFRESH_HISTORY$,
SYS,SWAT_MM_SID_MAPPING$,
SYS,SWAT_VER$,
SYS,SWAT_VER_GTT_COST_INFO$,
SYS,SWAT_VER_GTT_STRATUM_INFO$,
SYS,SWAT_VER_JOURNAL$,
SYS,SWAT_VER_MV_BENEFIT$,
SYS,SWAT_VER$_MV_BENEFIT_INT,
SYS,SWAT_VER$_MV_BENEFIT_PER_QUERY,
SYS,SWAT_VER_OBJECTS$,
SYS,SWAT_VER$_SPA_COMPARE_SQL_STATS,
SYS,SWAT_VER$_SPA_SQL_STATS,
SYS,SWAT_VER_SQLPLANS$,
SYS,SWAT_VER_SQLSET_PLANS$,
SYS,SWAT_VER_SQLSET_STATEMENTS$,
SYS,SWAT_VER_SQLSTATS$,
SYS,SWAT_VER_STATE$,
SYS,SWAT_VER$_STATS_IN_STS,
SYS,SWR$_ATTRNAME,
SYS,SWR$_OPTIMIZER_ENV,
SYS,SWR$_SNAPSHOT,
SYS,SWR$_SNAPSHOT_ERROR,
SYS,SWR$_SQLPLAN,
SYS,SWR$_SQLSTAT_DELTA,
SYS,SWR$_SQLTEXT,
SYS,SWR$_SQLTEXT_REFCOUNT,
SYS,_SXGG_DBA_CAPTURE,
SYS,SYN$,
SYS,SYNCREF$_ER_REFGRPS,
SYS,SYNCREF$_GROUPS,
SYS,SYNCREF$_GROUP_STATUS,
SYS,SYNCREF$_LOG_EXCEPTIONS,
SYS,SYNCREF$_OBJECTS,
SYS,SYNCREF$_OBJECT_STATUS,
SYS,SYNCREF$_PARAMETERS,
SYS,SYNCREF$_PARTN_OPS,
SYS,SYNCREF$_SOFT_ERRORS,
SYS,SYNCREF$_STEP_STATUS,
SYS,SYNCREF$_STLOG_STATS,
SYS,SYNCREF$_TABLE_INFO,
SYS,SYNONYMS,
SYS,_SYS_AIM_HIGH_COL_STATS,
SYS,_SYS_AIM_SEG_HISTOGRAM,
SYS,SYSAUTH$,
SYS,SYSCATALOG,
SYS,SYSCATALOG_,
SYS,SYS_DBA_SEGS,
SYS,SYSDBIMFS$,
SYS,SYSDBIMFSDBA$,
SYS,SYSDBIMFS_METADATA$,
SYS,SYSDBIMFSSEG$,
SYS,SYS_FBA_APP,
SYS,SYS_FBA_APP_TABLES,
SYS,SYS_FBA_BARRIERSCN,
SYS,SYS_FBA_COLS,
SYS,SYS_FBA_CONTEXT,
SYS,SYS_FBA_CONTEXT_AUD,
SYS,SYS_FBA_CONTEXT_LIST,
SYS,SYS_FBA_DL,
SYS,SYS_FBA_FA,
SYS,SYS_FBA_PARTITIONS,
SYS,SYS_FBA_PERIOD,
SYS,SYS_FBA_TRACKEDTABLES,
SYS,SYS_FBA_TSFA,
SYS,SYS_FBA_USERS,
SYS,SYSFILES,
SYS,_SYS_HEAT_MAP_SEG_HISTOGRAM,
SYS,SYS_MFBA_NCHANGE,
SYS,SYS_MFBA_NROW,
SYS,SYS_MFBA_NTCRV,
SYS,SYS_MFBA_STAGE_RID,
SYS,SYS_MFBA_TRACKED_TXN,
SYS,SYS_OBJECTS,
SYS,SYSSEGOBJ,
SYS,SYS$SERVICE_METRICS_TAB,
SYS,SYSTEM_PRIVILEGE_MAP,Description table for privilege type codes.  Maps privilege  type numbers to type names
SYS,SYS_UNCOMPRESSED_SEGS,
SYS,SYS_UNCOMPRESSED_SEGS_BASE,
SYS,SYS_USER_SEGS,
SYS,TAB,
SYS,TAB$,
SYS,TABCOMPART$,
SYS,TABCOMPARTV$,
SYS,TABLE_EXPORT_OBJECTS,INCLUDE and EXCLUDE object type names for table mode export
SYS,TABLE_EXPORT_PATHS,
SYS,TABLE_PRIVILEGE_MAP,Description table for privilege (auditing option) type codes.  Maps privilege (auditing option) type numbers to type names
SYS,TABLE_PRIVILEGES,"Grants on objects for which the user is the grantor, grantee, owner,
or an enabled role or PUBLIC is the grantee"
SYS,TABLESPACE_EXPORT_OBJECTS,INCLUDE and EXCLUDE object type names for tablespace mode export
SYS,TABLESPACE_EXPORT_PATHS,
SYS,TABLOGICPART$,
SYS,TABPART$,
SYS,TABPARTV$,
SYS,TABQUOTAS,
SYS,TAB_STATS$,
SYS,TABSUBPART$,
SYS,TABSUBPARTV$,
SYS,TBS_SPACE_USAGE,
SYS,TP$,
SYS,TRANSACTION_BACKOUT_REPORT$,
SYS,TRANSACTION_BACKOUT_STATE$,
SYS,TRANSFORMATIONS$,
SYS,TRANSIENT_IOT$,
SYS,TRANSPORTABLE_EXPORT_OBJECTS,INCLUDE and EXCLUDE object type names for tablespace mode export
SYS,TRANSPORTABLE_EXPORT_PATHS,
SYS,TRANSPORT_SET_VIOLATIONS,
SYS,TRIGGER$,
SYS,TRIGGERCOL$,
SYS,TRIGGERDEP$,
SYS,TRIGGERJAVAC$,
SYS,TRIGGERJAVAF$,
SYS,TRIGGERJAVAM$,
SYS,TRIGGERJAVAS$,
SYS,TRUSTED_LIST$,
SYS,TRUSTED_SERVERS,Trustedness of Servers
SYS,TS$,
SYS,TSDP_ASSOCIATION$,Stores Sensitive Type - Policy association information
SYS,TSDP_CONDITION$,Stores conditons for subpolicies
SYS,TSDP_ERROR$,Contains additional data regarding error thrown during execution
SYS,TSDP_FEATURE_POLICY$,Infomration regarding the security feature policy enabled on the object
SYS,TSDP_PARAMETER$,Stores subpolicy parameter information
SYS,TSDP_POLICY$,Stores TSDP policy information
SYS,TSDP_PROTECTION$,Stores the sensitive column protection information
SYS,TSDP_SENSITIVE_DATA$,
SYS,TSDP_SENSITIVE_TYPE$,Stores the Sensitive Type information
SYS,TSDP_SOURCE$,Stores the Discovery source information
SYS,TSDP_SUBPOL$,Stores Subpolicy information
SYS,TSM_DST$,
SYS,TSM_SRC$,
SYS,TSP$,
SYS,TS_PITR_CHECK,
SYS,TS_PITR_INFO,
SYS,TS_PITR_OBJECTS_TO_BE_DROPPED,
SYS,TS_PLUG_INFO,
SYS,TSQ$,
SYS,TTS_ERROR$,
SYS,TTS_OBJ_VIEW,
SYS,TTS_TAB_VIEW,
SYS,TYPE$,
SYS,TYPED_VIEW$,
SYS,TYPEHIERARCHY$,
SYS,TYPE_MISC$,
SYS,UET$,
SYS,UGROUP$,
SYS,UMF$_CAPTURE_RAW,
SYS,UMF$_EVENTLOG,
SYS,UMF$_LINK,
SYS,UMF$_LINK_XML,
SYS,UMF$_REGISTRATION,
SYS,UMF$_REGISTRATION_XML,
SYS,UMF_SCHEMA_XMLTYPE,
SYS,UMF$_SERVICE,
SYS,UMF$_SERVICE_XML,
SYS,UMF$_TOPOLOGY,
SYS,UMF$_TOPOLOGY_XML,
SYS,UNDO$,
SYS,UNDOHIST$,
SYS,UNIFIED_MISC_AUDITED_ACTIONS,Miscellaneous Audited Actions
SYS,UNI_PLUGGABLE_SET_CHECK,
SYS,UNUSED_GRANT$,
SYS,USABLE_EDITIONS,Describes all usable editions in the database
SYS,USER$,
SYS,USER_ADDM_FDG_BREAKDOWN,
SYS,USER_ADDM_FINDINGS,
SYS,USER_ADDM_INSTANCES,
SYS,USER_ADDM_TASK_DIRECTIVES,
SYS,USER_ADDM_TASKS,
SYS,USER_ADVISOR_ACTIONS,
SYS,USER_ADVISOR_DIR_TASK_INST,
SYS,USER_ADVISOR_EXEC_PARAMETERS,
SYS,USER_ADVISOR_EXECUTIONS,
SYS,USER_ADVISOR_FDG_BREAKDOWN,
SYS,USER_ADVISOR_FINDINGS,
SYS,USER_ADVISOR_JOURNAL,
SYS,USER_ADVISOR_LOG,
SYS,USER_ADVISOR_OBJECTS,
SYS,USER_ADVISOR_PARAMETERS,
SYS,USER_ADVISOR_RATIONALE,
SYS,USER_ADVISOR_RECOMMENDATIONS,
SYS,USER_ADVISOR_SQLA_COLVOL,
SYS,USER_ADVISOR_SQLA_REC_SUM,
SYS,USER_ADVISOR_SQLA_TABLES,
SYS,USER_ADVISOR_SQLA_TABVOL,
SYS,USER_ADVISOR_SQLA_WK_MAP,
SYS,USER_ADVISOR_SQLA_WK_STMTS,
SYS,USER_ADVISOR_SQLA_WK_SUM,
SYS,USER_ADVISOR_SQLPLANS,
SYS,USER_ADVISOR_SQLSTATS,
SYS,USER_ADVISOR_SQLW_COLVOL,
SYS,USER_ADVISOR_SQLW_JOURNAL,
SYS,USER_ADVISOR_SQLW_PARAMETERS,
SYS,USER_ADVISOR_SQLW_STMTS,
SYS,USER_ADVISOR_SQLW_SUM,
SYS,USER_ADVISOR_SQLW_TABLES,
SYS,USER_ADVISOR_SQLW_TABVOL,
SYS,USER_ADVISOR_SQLW_TEMPLATES,
SYS,USER_ADVISOR_TASKS,
SYS,USER_ADVISOR_TEMPLATES,
SYS,USER_ALL_TABLES,Description of all object and relational tables owned by the user's
SYS,USER_ANALYTIC_VIEW_AGGR_DIMS,Analytic view aggregation function dimensions in the database
SYS,USER_ANALYTIC_VIEW_AGGR_FNS,Analytic view aggregation functions in the database
SYS,USER_ANALYTIC_VIEW_ATTR_CLASS,Analytic view attribute classifications in the database
SYS,USER_ANALYTIC_VIEW_BASE_MEAS,Analytic view base measures in the database
SYS,USER_ANALYTIC_VIEW_CALC_MEAS,Analytic view calculated measures in the database
SYS,USER_ANALYTIC_VIEW_CLASS,Analytic view classifications in the database
SYS,USER_ANALYTIC_VIEW_COLUMNS,Analytic view columns in the database
SYS,USER_ANALYTIC_VIEW_DIM_ATTRS,Analytic view dimension attributes in the database
SYS,USER_ANALYTIC_VIEW_DIM_CLASS,Classifications of the analytic view dimensions in the database
SYS,USER_ANALYTIC_VIEW_DIMENSIONS,Analytic view Dimensions in the database
SYS,USER_ANALYTIC_VIEW_FACT_COLS,Analytic view fact columns in the database
SYS,USER_ANALYTIC_VIEW_HIER_CLASS,Analytic view hierarchy classifications in the database
SYS,USER_ANALYTIC_VIEW_HIERS,Analytic view hierarchies in the database
SYS,USER_ANALYTIC_VIEW_KEYS,Analytic view keys in the database
SYS,USER_ANALYTIC_VIEW_LEVEL_CLASS,Analytic view level classifications in the database
SYS,USER_ANALYTIC_VIEW_LEVELS,Analytic view levels in the database
SYS,USER_ANALYTIC_VIEW_LVLGRPS,Level groupings for an analytic view
SYS,USER_ANALYTIC_VIEW_MEAS_CLASS,Analytic view measure classifications in the database
SYS,USER_ANALYTIC_VIEWS,Analytic views in the database
SYS,USER_APPLICATION_ROLES,
SYS,USER_APPLY_ERROR,Error transactions owned by an apply visible to the current user
SYS,USER_AQ_AGENT_PRIVS,
SYS,USER_ARGUMENTS,Arguments in object accessible to the user
SYS,USER_ASSEMBLIES,Description of the user's own assemblies
SYS,USER_ASSOCIATIONS,All assocations defined by the user
SYS,USER_ASTATUS_MAP,
SYS,USER_ATTRIBUTE_DIM_ATTR_CLASS,Attributed dimension attribute classifications in the database
SYS,USER_ATTRIBUTE_DIM_ATTRS,Attribute dimension attributes in the database
SYS,USER_ATTRIBUTE_DIM_CLASS,Attribute dimension classifications in the database
SYS,USER_ATTRIBUTE_DIMENSIONS,attribute dimensions in the database
SYS,USER_ATTRIBUTE_DIM_JOIN_PATHS,attribute dimension join paths in the database
SYS,USER_ATTRIBUTE_DIM_KEYS,attribute dimension keys in the database
SYS,USER_ATTRIBUTE_DIM_LEVEL_ATTRS,Determined attributes of each level in the database
SYS,USER_ATTRIBUTE_DIM_LEVELS,Attribute dimension Levels in the database
SYS,USER_ATTRIBUTE_DIM_LVL_CLASS,Attribute dimension level classifications in the database
SYS,USER_ATTRIBUTE_DIM_ORDER_ATTRS,Attribute dimension order by elements in the database
SYS,USER_ATTRIBUTE_DIM_TABLES,Attribute dimension tables in the database
SYS,USER_ATTRIBUTE_TRANSFORMATIONS,
SYS,USER_AUDIT_OBJECT,"Audit trail records for statements concerning objects, specifically: table, cluster, view, index, sequence,  [public] database link, [public] synonym, procedure, trigger, rollback segment, tablespace, role, user"
SYS,USER_AUDIT_POLICIES,All fine grained auditing policies for objects in user schema
SYS,USER_AUDIT_POLICY_COLUMNS,Users fine grained auditing policy columns in the database
SYS,USER_AUDIT_SESSION,All audit trail records concerning CONNECT and DISCONNECT
SYS,USER_AUDIT_STATEMENT,"Audit trail records concerning  grant, revoke, audit, noaudit and alter system"
SYS,USER_AUDIT_TRAIL,Audit trail entries relevant to the user
SYS,USERAUTH$,
SYS,USER_AW_OBJ,Objects in Analytic Workspaces owned by the user
SYS,USER_AW_PROP,Object properties in Analytic Workspaces owned by the user
SYS,USER_AW_PS,Pagespaces in Analytic Workspaces owned by the user
SYS,USER_AWS,Analytic Workspaces owned by the user
SYS,USER_BASE_TABLE_MVIEWS,All materialized views with log(s) owned by the user in the database
SYS,USER_BLOCKCHAIN_TABLE_EPOCHS,
SYS,USER_BLOCKCHAIN_TABLES,
SYS,USER_CATALOG,"Tables, Views, Synonyms and Sequences owned by the user"
SYS,USER_CERTIFICATES,
SYS,USER_CERTS$,
SYS,USER_CHANGE_NOTIFICATION_REGS,change notification registrations for current user
SYS,USER_CLU_COLUMNS,Mapping of table columns to cluster columns
SYS,USER_CLUSTER_HASH_EXPRESSIONS,Hash functions for the user's hash clusters
SYS,USER_CLUSTERING_DIMENSIONS,All dimension details about clustering tables owned by the user
SYS,USER_CLUSTERING_JOINS,All join details about clustering tables owned by the user
SYS,USER_CLUSTERING_KEYS,Description of the keys of the clustering clause of tables created by the user
SYS,USER_CLUSTERING_TABLES,Description of the clustering clause of tables created by the user
SYS,USER_CLUSTERS,Descriptions of user's own clusters
SYS,USER_CODE_ROLE_PRIVS,Roles attached to the program units owned by current user
SYS,USER_COL_COMMENTS,Comments on columns of user's tables and views
SYS,USER_COLL_TYPES,Description of the user's own named collection types
SYS,USER_COL_PENDING_STATS,"Pending statistics of tables, partitions, and subpartitions"
SYS,USER_COL_PRIVS,"Grants on columns for which the user is the owner, grantor or grantee"
SYS,USER_COL_PRIVS_MADE,All grants on columns of objects owned by the user
SYS,USER_COL_PRIVS_RECD,Grants on columns for which the user is the grantee
SYS,USER_COMPARISON,Details about the user's comparison objects
SYS,USER_COMPARISON_COLUMNS,Details about the comparison object's columns
SYS,_USER_COMPARISON_ROW_DIF,
SYS,USER_COMPARISON_ROW_DIF,Details about the differing rows in a comparison scan
SYS,USER_COMPARISON_SCAN,Details about a comparison scan
SYS,USER_COMPARISON_SCAN_SUMMARY,Details about a comparison scan
SYS,USER_COMPARISON_SCAN_VALUES,Details about a comparison scan's values
SYS,USER_CONS_COLUMNS,Information about accessible columns in constraint definitions
SYS,USER_CONS_OBJ_COLUMNS,List of types an object column or attribute is constrained to in the tables owned by the user
SYS,USER_CONSTRAINTS,Constraint definitions on user's own tables
SYS,USER_CQ_NOTIFICATION_QUERIES,Description of registered queries for CQ notification
SYS,USER_CREDENTIALS,Credentials owned by the current user
SYS,USER_CUBE_ATTRIBUTES,OLAP Attributes owned by the user in the database
SYS,USER_CUBE_ATTR_MAPPINGS,OLAP Cube Attribute Mappings owned by the user in the database
SYS,USER_CUBE_ATTR_UNIQUE_KEYS,OLAP Unique Key Attributes owned by the user in the database
SYS,USER_CUBE_ATTR_VISIBILITY,"OLAP Attributes visible for Dimensions, Hierarchies, and Levels"
SYS,USER_CUBE_BUILD_PROCESSES,OLAP Build Processes owned by the user in the database
SYS,USER_CUBE_CALCULATED_MEMBERS,OLAP Calculated Members in the database accessible to the user
SYS,USER_CUBE_CLASSIFICATIONS,OLAP Object Classifications owned by the user in the database
SYS,USER_CUBE_DEPENDENCIES,OLAP metadata dependencies owned by the user in the database
SYS,USER_CUBE_DESCRIPTIONS,OLAP Descriptions owned by the user in the database
SYS,USER_CUBE_DIMENSIONALITY,OLAP Cube Dimensionality owned by the user in the database
SYS,USER_CUBE_DIMENSIONS,OLAP Cube Dimensions owned by the user in the database
SYS,USER_CUBE_DIM_LEVELS,OLAP Dimension Levels owned by the user in the database
SYS,USER_CUBE_DIM_MAPPINGS,OLAP Cube Dimension Mappings owned by the user in the database
SYS,USER_CUBE_DIM_MODELS,OLAP Dimension Models in the database accessible to the user
SYS,USER_CUBE_DIMNL_MAPPINGS,OLAP Cube Dimenisonality Mappings owned by the user in the database
SYS,USER_CUBE_DIM_VIEW_COLUMNS,OLAP Dimension View Columns in the database accessible to the user
SYS,USER_CUBE_DIM_VIEWS,OLAP Dimension Views owned by the user in the database
SYS,USER_CUBE_HIERARCHIES,OLAP Hierarchies owned by the user in the database
SYS,USER_CUBE_HIER_LEVELS,OLAP Hierarchy Levels owned by the user in the database
SYS,USER_CUBE_HIER_VIEW_COLUMNS,OLAP Hierarchy View Columns owned by the user in the database
SYS,USER_CUBE_HIER_VIEWS,OLAP Hierarchy Views owner by the user in the database
SYS,USER_CUBE_MAPPINGS,OLAP Cube Mappings owned by the user in the database
SYS,USER_CUBE_MEAS_MAPPINGS,OLAP Cube Measure Mappings owned by the user in the database
SYS,USER_CUBE_MEASURES,OLAP Measures owned by the user in the database
SYS,USER_CUBE_NAMED_BUILD_SPECS,OLAP Cube Named Build Specifications owned by the user in the database
SYS,USER_CUBES,OLAP Cubes owned by the user in the database
SYS,USER_CUBE_SUB_PARTITION_LEVELS,
SYS,USER_CUBE_VIEW_COLUMNS,OLAP Cube View Columns owned by the user in the database
SYS,USER_CUBE_VIEWS,OLAP Cube Views owned by the user in the database
SYS,USER_DATAPUMP_JOBS,Datapump jobs for current user
SYS,USER_DBFS_HS,
SYS,USER_DBFS_HS_COMMANDS,
SYS,USER_DBFS_HS_FILES,
SYS,USER_DBFS_HS_FIXED_PROPERTIES,
SYS,USER_DBFS_HS_PROPERTIES,
SYS,USER_DB_LINKS,Database links owned by the user
SYS,USER_DEPENDENCIES,Dependencies to and from a users objects
SYS,USER_DIM_ATTRIBUTES,"Representation of the relationship between a dimension level and
a functionally dependent column"
SYS,USER_DIM_CHILD_OF,"Representaion of a 1:n hierarchical relationship between a pair of levels in
a dimension"
SYS,USER_DIMENSIONS,Description of the dimension objects accessible to the DBA
SYS,USER_DIM_HIERARCHIES,Representation of a dimension hierarchy
SYS,USER_DIM_JOIN_KEY,Representation of a join between two dimension tables.
SYS,USER_DIM_LEVEL_KEY,Representations of columns of a dimension level
SYS,USER_DIM_LEVELS,Description of dimension levels visible to DBA
SYS,USER_DURABLE_SUBS,
SYS,USER_EDITIONED_TYPES,
SYS,USER_EDITIONING$,
SYS,USER_EDITIONING_VIEW_COLS,Relationship between columns of user's Editioning Views and the table columns to which they map
SYS,USER_EDITIONING_VIEW_COLS_AE,Relationship between columns of user's Editioning Views and the table columns to which they map
SYS,USER_EDITIONING_VIEWS,Descriptions of the user's own Editioning Views
SYS,USER_EDITIONING_VIEWS_AE,Descriptions of the user's own Editioning Views
SYS,USER_EDITION_INHERITED_OBJECTS,Objects owned by the user
SYS,USER_ENCRYPTED_COLUMNS,Encryption information on columns of tables owned by the user
SYS,USER_EPG_DAD_AUTHORIZATION,DADs authorized to use the user's privileges
SYS,USER_ERRORS,Current errors on stored objects owned by the user
SYS,USER_ERRORS_AE,Current errors on stored objects owned by the user
SYS,USER_ERROR_TRANSLATIONS,Describes all error translations owned by the user
SYS,USER_EVALUATION_CONTEXTS,rule evaluation contexts owned by user
SYS,USER_EVALUATION_CONTEXT_TABLES,tables in user rule evaluation contexts
SYS,USER_EVALUATION_CONTEXT_VARS,variables in user rule evaluation contexts
SYS,USER_EXPRESSION_STATISTICS,Expression Usage Tracking Statistics
SYS,USER_EXTENTS,Extents comprising segments owned by the user
SYS,USER_EXTERNAL_LOCATIONS,Description of the user's external tables locations
SYS,USER_EXTERNAL_TABLES,Description of the user's own external tables
SYS,USER_FILE_GROUP_EXPORT_INFO,Details about export information of file group versions
SYS,USER_FILE_GROUP_FILES,Details about file group files
SYS,_USER_FILE_GROUPS,
SYS,USER_FILE_GROUPS,Details about file groups
SYS,USER_FILE_GROUP_TABLES,Details about the tables in the file group repository
SYS,USER_FILE_GROUP_TABLESPACES,Details about the transportable tablespaces in the file group repository
SYS,USER_FILE_GROUP_VERSIONS,Details about file group versions
SYS,USER_FLASHBACK_ARCHIVE,Description of the flashback archives available to the user
SYS,USER_FLASHBACK_ARCHIVE_TABLES,Information about the user tables that are enabled for Flashback Archive
SYS,USER_FLASHBACK_TXN_REPORT,
SYS,USER_FLASHBACK_TXN_STATE,
SYS,USER_FREE_SPACE,Free extents in tablespaces accessible to the user
SYS,USER_GOLDENGATE_PRIVILEGES,Details about goldengate privileges
SYS,USER_HEAT_MAP_SEG_HISTOGRAM,Segment access information for segments owned by the user
SYS,USER_HEAT_MAP_SEGMENT,Users segment last access time
SYS,USER_HIERARCHIES,Hierarchies in the database
SYS,USER_HIER_CLASS,Hierarchy classifications in the database
SYS,USER_HIER_COLUMNS,Hierarchy columns in the database
SYS,USER_HIER_HIER_ATTR_CLASS,Hierarchical attribute classifications in the database
SYS,USER_HIER_HIER_ATTRIBUTES,Attribute dimension attributes in the database
SYS,USER_HIER_JOIN_PATHS,Hierarchy join paths in the database
SYS,USER_HIER_LEVEL_ID_ATTRS,Hierarchy Level ID Attributes in the database
SYS,USER_HIER_LEVELS,Hierarchy levels in the database
SYS,USER_HISTORY$,
SYS,USER_HOST_ACES,Status of access control entries for user to access network hosts through PL/SQL host utility packages
SYS,USER_IDENTIFIERS,Identifiers in stored objects accessible to the user
SYS,USER_ILMDATAMOVEMENTPOLICIES,Data movement related policies for a user
SYS,USER_ILMEVALUATIONDETAILS,Details on policies considered for a particular task
SYS,USER_ILMOBJECTS,Policies and the objects they affect for a user
SYS,USER_ILMPOLICIES,ILM policies owned by the user
SYS,USER_ILMRESULTS,Information on jobs created for a user
SYS,USER_ILMTASKS,Information on ILM execution for a user
SYS,USER_IM_EXPRESSIONS,Automatically captured expressions enabled for in-memory storage
SYS,USER_IMMUTABLE_TABLES,
SYS,USER_IND_COLUMNS,COLUMNs comprising user's INDEXes and INDEXes on user's TABLES
SYS,USER_IND_COLUMNS_V$,
SYS,USER_INDEXES,Description of the user's own indexes
SYS,USER_IND_EXPRESSIONS,Functional index expressions in user's indexes and indexes on user's tables
SYS,USER_INDEXTYPE_ARRAYTYPES,All array types specified by the indextype
SYS,USER_INDEXTYPE_COMMENTS,Comments for user-defined indextypes
SYS,USER_INDEXTYPE_OPERATORS,All user indextype operators
SYS,USER_INDEXTYPES,All user indextypes
SYS,USER_IND_PARTITIONS,
SYS,USER_IND_PENDING_STATS,"Pending statistics of indexes, partitions, and subpartitions"
SYS,USER_IND_STATISTICS,Optimizer statistics for user's own indexes
SYS,USER_IND_SUBPARTITIONS,
SYS,USER_INTERNAL_TRIGGERS,Description of the internal triggers on the user's own tables
SYS,USER_JAVA_ARGUMENTS,argument information for java classes owned by the current user
SYS,USER_JAVA_CLASSES,class level information for java classes owned by the current user
SYS,USER_JAVA_COMPILER_OPTIONS,native compiler options provided by the user
SYS,USER_JAVA_DERIVATIONS,this view maps java source objects and their derived java class objects and java resource objects  for the java class owned by user
SYS,USER_JAVA_FIELDS,field information for java classes owned by the current user
SYS,USER_JAVA_IMPLEMENTS,interfaces implemented by java classes owned by the current user
SYS,USER_JAVA_INNERS,list of inner classes referenced by a java class owned by user
SYS,USER_JAVA_LAYOUTS,class layout information java classes owned by the current user
SYS,USER_JAVA_METHODS,method information for java classes owned by the current user
SYS,USER_JAVA_NCOMPS,ncomp related information of java classes owned by user
SYS,USER_JAVA_POLICY,java security Permissions for current user
SYS,USER_JAVA_RESOLVERS,resolver of java class owned by user
SYS,USER_JAVA_THROWS,list of exceptions thrown from methods of classes owned by the current user
SYS,USER_JOBS,All jobs owned by this user
SYS,USER_JOINGROUPS,Join groups belonging to the user
SYS,USER_JOIN_IND_COLUMNS,Join Index columns comprising the join conditions
SYS,USER_JSON_COLUMNS,Comments on the JSON columns for which the user is the owner
SYS,USER_JSON_DATAGUIDE_FIELDS,
SYS,USER_JSON_DATAGUIDES,
SYS,USER_LIBRARIES,Description of the user's own libraries
SYS,USER_LOB_PARTITIONS,
SYS,USER_LOBS,Description of the user's own LOBs contained in the user's own tables
SYS,USER_LOB_SUBPARTITIONS,
SYS,USER_LOB_TEMPLATES,
SYS,USER_LOG_GROUP_COLUMNS,Information about columns in log group definitions
SYS,USER_LOG_GROUPS,Log group definitions on user's own tables
SYS,USER_MEASURE_FOLDER_CONTENTS,OLAP Measure Folder Contents owned by the user in the database
SYS,USER_MEASURE_FOLDERS,OLAP Measure Folders owned by the user in the database
SYS,USER_MEASURE_FOLDER_SUBFOLDERS,OLAP Measure Folders contained within the user OLAP Measure Folders
SYS,USER_METADATA_PROPERTIES,OLAP Metadata Properties owned by the user in the database
SYS,USER_METHOD_PARAMS,Description of method parameters of the user's own types
SYS,USER_METHOD_RESULTS,Description of method results of the user's own types
SYS,USER_MINING_MODEL_ATTRIBUTES,Description of the user's own model attributes
SYS,USER_MINING_MODEL_PARTITIONS,Description of the user's own model partitions
SYS,USER_MINING_MODELS,Description of the user's own models
SYS,USER_MINING_MODEL_SETTINGS,Description of the user's own model settings
SYS,USER_MINING_MODEL_VIEWS,Description of the user's own model views
SYS,USER_MINING_MODEL_XFORMS,User-specified transformations embedded with the user's own models
SYS,USER_MVIEW_AGGREGATES,Description of the materialized view aggregates created by the user
SYS,USER_MVIEW_ANALYSIS,Description of the materialized views created by the user
SYS,USER_MVIEW_COMMENTS,Comments on materialized views owned by the user
SYS,USER_MVIEW_DETAIL_PARTITION,Freshness information of all PCT materialized views in the database
SYS,USER_MVIEW_DETAIL_RELATIONS,"Description of the materialized view detail tables of the materialized
views created by the user"
SYS,USER_MVIEW_DETAIL_SUBPARTITION,Freshness information of all PCT materialized views in the database
SYS,USER_MVIEW_JOINS,"Description of a join between two columns in the
WHERE clause of a materialized view created by the user"
SYS,USER_MVIEW_KEYS,"Description of the columns that appear in the GROUP BY
list of a materialized view  created by the user"
SYS,USER_MVIEW_LOGS,All materialized view logs owned by the user
SYS,USER_MVIEW_REFRESH_TIMES,Materialized views and their last refresh times for each master table that the user can look at
SYS,USER_MVIEWS,All materialized views in the database
SYS,USER_MVREF_CHANGE_STATS,
SYS,USER_MVREF_RUN_STATS,
SYS,USER_MVREF_STATS,
SYS,USER_MVREF_STATS_PARAMS,
SYS,USER_MVREF_STATS_SYS_DEFAULTS,
SYS,USER_MVREF_STMT_STATS,
SYS,USER_NESTED_TABLE_COLS,Columns of nested tables
SYS,USER_NESTED_TABLES,Description of nested tables contained in the user's own tables
SYS,USER_NETWORK_ACL_PRIVILEGES,User privileges to access network hosts through PL/SQL network utility packages
SYS,USER_OBJ_AUDIT_OPTS,Auditing options for user's own tables and views with atleast one option set
SYS,USER_OBJ_COLATTRS,Description of object columns and attributes contained in tables owned by the user
SYS,USER_OBJECTS,Objects owned by the user
SYS,USER_OBJECTS_AE,Objects owned by the user
SYS,USER_OBJECT_SIZE,"Sizes, in bytes, of various pl/sql objects"
SYS,USER_OBJECT_TABLES,Description of the user's own object tables
SYS,USER_OBJECT_USAGE,Record of index usage
SYS,USER_OGG_AUTO_CAPTURED_TABLES,All tables of the user that are enabled for Oracle GoldenGata Auto Capture
SYS,USER_OLDIMAGE_COLUMNS,Gives all object tables and columns in old (8.0) image format
SYS,USER_OPANCILLARY,All ancillary opertors defined by user
SYS,USER_OPARGUMENTS,All operator arguments of operators defined by user
SYS,USER_OPBINDINGS,All binding functions or methods on operators defined by the user
SYS,USER_OPERATOR_COMMENTS,Comments for user-defined operators
SYS,USER_OPERATORS,All user operators
SYS,USER_OUTLINE_HINTS,Hints stored in outlines owned by the user
SYS,USER_OUTLINES,Stored outlines owned by the user
SYS,USER_PARALLEL_EXECUTE_CHUNKS,
SYS,USER_PARALLEL_EXECUTE_TASKS,
SYS,USER_PART_COL_STATISTICS,
SYS,USER_PART_HISTOGRAMS,
SYS,USER_PARTIAL_DROP_TABS,User tables with unused columns
SYS,USER_PART_INDEXES,
SYS,USER_PART_KEY_COLUMNS,
SYS,USER_PART_KEY_COLUMNS_V$,
SYS,USER_PART_LOBS,
SYS,USER_PART_TABLES,
SYS,USER_PASSWORD_LIMITS,Display password limits of the user
SYS,USER_PENDING_CONV_TABLES,All user's tables which are not upgraded to the latest type version
SYS,USER_PLSQL_COLL_TYPES,Description of the user's own named plsql collection types
SYS,USER_PLSQL_OBJECT_SETTINGS,Compiler settings of stored objects owned by the user
SYS,USER_PLSQL_TYPE_ATTRS,Description of attributes of the user's own types
SYS,USER_PLSQL_TYPES,Description of the user's own types
SYS,USER_POLICIES,"All row level security policies for synonyms, tables, or views owned by the user"
SYS,USER_POLICY_ATTRIBUTES,"Attribute associations of all context sensitive and shared context sensitive policies for synonyms, tables, or views owned by the user"
SYS,USER_POLICY_CONTEXTS,"All policy driving context defined for synonyms, tables, or views in current schema"
SYS,USER_POLICY_GROUPS,"All policy groups defined for any synonym, table, or view"
SYS,USER_PRIVATE_TEMP_TABLES,Description of the Private Temp Tables in the current session
SYS,USER_PRIVILEGE_MAP,Description table for user privilege (auditing option) type codes.  Maps privilege (auditing option) type numbers to type names
SYS,USER_PROCEDURES,Description of the user functions/procedures/packages/types/triggers
SYS,USER_PROXIES,Description of connections the user is allowed to proxy
SYS,USER_QUEUE_EVENT_STREAMS,User Queue Event Streams
SYS,USER_QUEUE_PARTITION_ASSIGNMENT_TABLE,
SYS,USER_QUEUE_PUBLISHERS,
SYS,USER_QUEUES,All queues owned by the user
SYS,_USER_QUEUE_SCHEDULES,
SYS,USER_QUEUE_SCHEDULES,
SYS,_USER_QUEUE_SCHEDULES_COMPAT,
SYS,USER_QUEUE_SHARDS,User Queue Shards
SYS,USER_QUEUE_SUBSCRIBERS,queue subscribers under a user'schema
SYS,USER_QUEUE_TABLES,All queue tables created by the user
SYS,USER_RECYCLEBIN,User view of his recyclebin
SYS,USER_REFRESH,All the refresh groups
SYS,USER_REFRESH_CHILDREN,"All the objects in refresh groups, where the user owns the refresh group"
SYS,USER_REFS,Description of the user's own REF columns contained in the user's own tables
SYS,USER_REGISTERED_MVIEWS,Remote materialized views of local tables currently using logs owned by the user
SYS,USER_REGISTERED_SNAPSHOTS,Remote snapshots of local tables currently using logs owned by the user
SYS,USER_REGISTRY,
SYS,USER_RESOURCE_LIMITS,Display resource limit of the user
SYS,USER_RESUMABLE,Resumable session information for current user
SYS,USER_REWRITE_EQUIVALENCES,Description of all rewrite equivalence owned by the user
SYS,USER_ROLE_PRIVS,Roles granted to current user
SYS,USER_RSRC_CONSUMER_GROUP_PRIVS,Switch privileges for consumer groups for the user
SYS,USER_RSRC_MANAGER_SYSTEM_PRIVS,system privileges for the resource manager for the user
SYS,USER_RULES,Rules owned by the user
SYS,USER_RULE_SET_RULES,Rules in user rule sets
SYS,USER_RULE_SETS,Rule sets owned by the user
SYS,USER_RULESETS,Rulesets owned by the user: maintained for backward compatibility
SYS,USER_SCHEDULER_CHAIN_RULES,All rules from scheduler chains owned by the current user
SYS,USER_SCHEDULER_CHAINS,All scheduler chains owned by the current user
SYS,USER_SCHEDULER_CHAIN_STEPS,All steps of scheduler chains owned by the current user
SYS,USER_SCHEDULER_CREDENTIALS,Scheduler credentials owned by the current user
SYS,USER_SCHEDULER_DB_DESTS,User-owned destination objects in the database pointing to remote databases
SYS,USER_SCHEDULER_DESTS,Destination objects for jobs in the database owned by current user
SYS,USER_SCHEDULER_FILE_WATCHERS,Scheduler file watch requests owned by the current user
SYS,USER_SCHEDULER_GROUP_MEMBERS,Members of all scheduler object groups owned by current user
SYS,USER_SCHEDULER_GROUPS,All scheduler object groups owned by current user
SYS,USER_SCHEDULER_INCOMPAT_MEMBER,All incompatibility resource objects members in the database
SYS,USER_SCHEDULER_INCOMPATS,All scheduler incompatibility resource objects in the database
SYS,USER_SCHEDULER_JOB_ARGS,All arguments with set values of all scheduler jobs in the database
SYS,USER_SCHEDULER_JOB_DESTS,State of all jobs owned by current user at each of their destinations
SYS,USER_SCHEDULER_JOB_LOG,Logged information for all scheduler jobs
SYS,USER_SCHEDULER_JOB_RUN_DETAILS,The details of a job run
SYS,USER_SCHEDULER_JOBS,All scheduler jobs in the database
SYS,USER_SCHEDULER_NOTIFICATIONS,All e-mail notifications owned by the current user or for jobs it owns
SYS,USER_SCHEDULER_PROGRAM_ARGS,All arguments of all scheduler programs in the database
SYS,USER_SCHEDULER_PROGRAMS,Scheduler programs owned by the current user
SYS,USER_SCHEDULER_REMOTE_JOBSTATE,Remote state of all jobs originating from this database owned by current user
SYS,USER_SCHEDULER_RESOURCES,All scheduler resource objects in the database
SYS,USER_SCHEDULER_RSC_CONSTRAINTS,All scheduler resource constraint members in the database
SYS,USER_SCHEDULER_RUNNING_CHAINS,All steps of chains being run by jobs owned by the current user
SYS,USER_SCHEDULER_RUNNING_JOBS,
SYS,USER_SCHEDULER_SCHEDULES,Schedules belonging to the current user
SYS,USER_SECONDARY_OBJECTS,All secondary objects for domain indexes
SYS,USER_SEC_RELEVANT_COLS,Security Relevant columns of VPD policies for tables or views owned by the user
SYS,USER_SEGMENTS,Storage allocated for all database segments
SYS,USER_SEQUENCES,Description of the user's own SEQUENCEs
SYS,USER_SNAPSHOT_LOGS,All snapshot logs owned by the user
SYS,USER_SNAPSHOTS,Snapshots the user can look at
SYS,USER_SOURCE,Source of stored objects accessible to the user
SYS,USER_SOURCE_AE,Source of stored objects accessible to the user
SYS,USER_SQLJ_TYPE_ATTRS,Description of attributes of the user's own types
SYS,USER_SQLJ_TYPE_METHODS,Description of methods of the user's own types
SYS,USER_SQLJ_TYPES,Description of the user's own types
SYS,USER_SQLSET,
SYS,USER_SQLSET_BINDS,
SYS,USER_SQLSET_PLANS,
SYS,USER_SQLSET_REFERENCES,
SYS,USER_SQLSET_STATEMENTS,
SYS,USER_SQL_TRANSLATION_PROFILES,Describes all SQL translation profiles owned by the user
SYS,USER_SQL_TRANSLATIONS,Describes all SQL translations owned by the user
SYS,USER_SQLTUNE_BINDS,
SYS,USER_SQLTUNE_PLANS,
SYS,USER_SQLTUNE_RATIONALE_PLAN,
SYS,USER_SQLTUNE_STATISTICS,
SYS,USER_SR_GRP_STATUS,
SYS,USER_SR_GRP_STATUS_ALL,
SYS,USER_SR_OBJ,
SYS,USER_SR_OBJ_ALL,
SYS,USER_SR_OBJ_STATUS,
SYS,USER_SR_OBJ_STATUS_ALL,
SYS,USER_SR_PARTN_OPS,
SYS,USER_SR_STLOG_EXCEPTIONS,
SYS,USER_SR_STLOG_STATS,
SYS,_user_stat,
SYS,USER_STATEMENTS,SQL statements in stored PL/SQL objects accessible to the user
SYS,USER_STAT_EXTENSIONS,Optimizer statistics extensions
SYS,_user_stat_varray,
SYS,USER_STORED_SETTINGS,Parameter settings for objects owned by the user
SYS,USER_SUBPART_COL_STATISTICS,
SYS,USER_SUBPART_HISTOGRAMS,
SYS,USER_SUBPARTITION_TEMPLATES,
SYS,USER_SUBPART_KEY_COLUMNS,
SYS,USER_SUBPART_KEY_COLUMNS_V$,
SYS,USER_SUBSCR_REGISTRATIONS,All subscription registrations created by the user
SYS,USER_SUMMARIES,Description of the summaries created by the user
SYS,USER_SUMMARY_AGGREGATES,
SYS,USER_SUMMARY_DETAIL_TABLES,
SYS,USER_SUMMARY_JOINS,
SYS,USER_SUMMARY_KEYS,
SYS,USER_SYNONYMS,The user's private synonyms
SYS,USER_SYS_PRIVS,System privileges granted to current user
SYS,USER_TAB_COLS,"Columns of user's tables, views and clusters"
SYS,USER_TAB_COL_STATISTICS,"Columns of user's tables, views and clusters"
SYS,USER_TAB_COL_STAT_MODELS,Statistics models of user's tables
SYS,USER_TAB_COLS_V$,
SYS,USER_TAB_COLUMNS,"Columns of user's tables, views and clusters"
SYS,USER_TAB_COMMENTS,Comments on the tables and views owned by the user
SYS,USER_TAB_HISTGRM_PENDING_STATS,"Pending statistics of tables, partitions, and subpartitions"
SYS,USER_TAB_HISTOGRAMS,Histograms on columns of user's tables
SYS,USER_TAB_IDENTITY_COLS,Describes all table identity columns
SYS,USER_TABLES,Description of the user's own relational tables
SYS,USER_TABLESPACES,Description of accessible tablespaces
SYS,USER_TAB_MODIFICATIONS,Information regarding modifications to tables
SYS,USER_TAB_PARTITIONS,
SYS,USER_TAB_PENDING_STATS,History of table statistics modifications
SYS,USER_TAB_PRIVS,"Grants on objects for which the user is the owner, grantor or grantee"
SYS,USER_TAB_PRIVS_MADE,All grants on objects owned by the user
SYS,USER_TAB_PRIVS_RECD,Grants on objects for which the user is the grantee
SYS,USER_TAB_STATISTICS,Optimizer statistics of the user's own tables
SYS,USER_TAB_STAT_PREFS,Statistics preferences for tables
SYS,USER_TAB_STATS_HISTORY,History of table statistics modifications
SYS,USER_TAB_SUBPARTITIONS,
SYS,USER_TRANSFORMATIONS,
SYS,USER_TRIGGER_COLS,Column usage in user's triggers
SYS,USER_TRIGGER_ORDERING,
SYS,USER_TRIGGERS,Triggers having FOLLOWS or PRECEDES ordering owned by the user
SYS,USER_TRIGGERS_AE,Triggers owned by the user
SYS,USER_TS,
SYS,USER_TS_QUOTAS,Tablespace quotas for the user
SYS,USER_TSTZ_TAB_COLS,"Columns of user's tables, which have column(s) defined on timestamp with time zone data type or ADT type containing attribute(s) of timestamp with time zone data type"
SYS,USER_TSTZ_TABLES,"Description of the user's own tables, which have column(s) defined on timestamp with time zone data type or ADT type containing attribute(s) of timestamp with time zone data type"
SYS,USER_TUNE_MVIEW,tune_mview catalog view owned by the user
SYS,USER_TYPE_ATTRS,Description of attributes of the user's own types
SYS,USER_TYPE_METHODS,Description of methods of the user's own types
SYS,USER_TYPES,Description of the user's own types
SYS,USER_TYPE_VERSIONS,Description of each version of the user's types
SYS,USER_UNUSED_COL_TABS,User tables with unused columns
SYS,USER_UPDATABLE_COLUMNS,Description of updatable columns
SYS,USER_USERS,Information about the current user
SYS,USER_USTATS,All statistics on tables or indexes owned by the user
SYS,USER_VARRAYS,Description of varrays contained in the user's own tables
SYS,USER_VIEWS,Description of the user's own views
SYS,USER_VIEWS_AE,Description of the user's own views
SYS,USER_WALLET_ACES,Status of access control entries for user to access wallets through PL/SQL network utility packages
SYS,USER_WARNING_SETTINGS,Warning Parameter settings for objects owned by the user
SYS,USER_XDS_ACL_REFRESH,
SYS,USER_XDS_ACL_REFSTAT,
SYS,USER_XDS_LATEST_ACL_REFSTAT,
SYS,USER_XML_COLUMN_NAMES,
SYS,USER_XML_INDEXES,Description of the user's own XMLType indexes
SYS,USER_XML_NESTED_TABLES,
SYS,USER_XML_OUT_OF_LINE_TABLES,
SYS,USER_XML_SCHEMA_ATTRIBUTES,
SYS,USER_XML_SCHEMA_COMPLEX_TYPES,
SYS,USER_XML_SCHEMA_ELEMENTS,
SYS,USER_XML_SCHEMA_NAMESPACES,
SYS,USER_XML_SCHEMAS,Description of XML Schemas registered by the user
SYS,USER_XML_SCHEMA_SIMPLE_TYPES,
SYS,USER_XML_SCHEMA_SUBSTGRP_HEAD,
SYS,USER_XML_SCHEMA_SUBSTGRP_MBRS,
SYS,USER_XML_TAB_COLS,Description of the user's own XMLType tables
SYS,USER_XML_TABLES,Description of the user's own XMLType tables
SYS,USER_XMLTYPE_COLS,
SYS,USER_XML_VIEW_COLS,Description of the user's own XMLType views
SYS,USER_XML_VIEWS,Description of the user's own XMLType views
SYS,USER_XS_ACES,All the Real Application Security ACES of the ACLs owned by the current user
SYS,USER_XS_ACL_PARAMETERS,All the Real Application Security ACL parameters defined in the data security policies owned by the current user
SYS,USER_XS_ACLS,All the Real Application Security ACLs owned by the current user
SYS,USER_XS_COLUMN_CONSTRAINTS,All the Real Application Security column constraints owned by the current user
SYS,USER_XS_IMPLIED_PRIVILEGES,All the Real Application Security implied privileges scoped by the security classes owned by the current user
SYS,USER_XS_INHERITED_REALMS,All the Real Application Security inherited realms owned by the current user
SYS,USER_XS_PASSWORD_LIMITS,Display password limits for currently logged on application user
SYS,USER_XS_POLICIES,All the Real Application Security data security policies owned by the current user
SYS,USER_XS_PRIVILEGES,All the Real Application Security privileges scoped by the security classes owned by the current user
SYS,USER_XS_REALM_CONSTRAINTS,All the Real Application Security realms owned by the current user
SYS,USER_XS_SECURITY_CLASS_DEP,"All the Real Application Security class dependencies of the security classes
that are owned by the current user"
SYS,USER_XS_SECURITY_CLASSES,All the Real Application Security security classes owned by the current user
SYS,USER_XS_USERS,Account information for the current user
SYS,USER_XTERNAL_LOC_PARTITIONS,
SYS,USER_XTERNAL_LOC_SUBPARTITIONS,
SYS,USER_XTERNAL_PART_TABLES,
SYS,USER_XTERNAL_TAB_PARTITIONS,
SYS,USER_XTERNAL_TAB_SUBPARTITIONS,
SYS,USER_ZONEMAP_MEASURES,Zonemap measures owned by the user
SYS,USER_ZONEMAPS,Zonemaps owned by the user
SYS,USTATS$,
SYS,UTL_ALL_IND_COMPS,
SYS,_utl$_gnp_ind,
SYS,_utl$_gp_ind_parts,
SYS,_utl$_lc_ind_subs,
SYS,_utl$_lnc_ind_parts,
SYS,UTL_RECOMP_ALL_OBJECTS,
SYS,UTL_RECOMP_ALL_STUBS,
SYS,UTL_RECOMP_COMPILED,
SYS,UTL_RECOMP_ERRORS,
SYS,UTL_RECOMP_INVALID_ALL,
SYS,UTL_RECOMP_INVALID_JAVA_SYN,
SYS,UTL_RECOMP_INVALID_MV,
SYS,UTL_RECOMP_INVALID_PARALLEL,
SYS,UTL_RECOMP_INVALID_SEQ,
SYS,UTL_RECOMP_SKIP_LIST,
SYS,UTL_RECOMP_SORTED,
SYS,UTL_RECOMP2_ALL_OBJECTS,
SYS,UTL_RECOMP2_ALL_STUBS,
SYS,UTL_RECOMP2_COMPILED,
SYS,UTL_RECOMP2_ERRORS,
SYS,UTL_RECOMP2_INVALID_ALL,
SYS,UTL_RECOMP2_INVALID_JAVA_SYN,
SYS,UTL_RECOMP2_INVALID_MV,
SYS,UTL_RECOMP2_INVALID_PARALLEL,
SYS,UTL_RECOMP2_INVALID_SEQ,
SYS,UTL_RECOMP2_SKIP_LIST,
SYS,UTL_RECOMP2_SORTED,
SYS,V_$ACCESS,
SYS,V_$ACTIVE_INSTANCES,
SYS,V_$ACTIVE_SERVICES,
SYS,V_$ACTIVE_SESSION_HISTORY,
SYS,V_$ACTIVE_SESS_POOL_MTH,
SYS,V_$ACTIVITY_MVIEW,
SYS,V_$ACTIVITY_TABLE,
SYS,V_$ADVISOR_CURRENT_SQLPLAN,
SYS,V_$ADVISOR_PROGRESS,
SYS,V_$ALERT_TYPES,Description of server alert types
SYS,V_$ALL_ACTIVE_SESSION_HISTORY,
SYS,V_$ALL_SQL_MONITOR,
SYS,V_$ALL_SQL_PLAN,
SYS,V_$ALL_SQL_PLAN_MONITOR,
SYS,V_$AQ,
SYS,V_$AQ_BACKGROUND_COORDINATOR,
SYS,V_$AQ_BMAP_NONDUR_SUBSCRIBERS,
SYS,V_$AQ_CACHED_SUBSHARDS,
SYS,V_$AQ_CROSS_INSTANCE_JOBS,
SYS,V_$AQ_DEQUEUE_SESSIONS,
SYS,V_$AQ_INACTIVE_SUBSHARDS,
SYS,V_$AQ_IPC_ACTIVE_MSGS,
SYS,V_$AQ_IPC_MSG_STATS,
SYS,V_$AQ_IPC_PENDING_MSGS,
SYS,V_$AQ_JOB_COORDINATOR,
SYS,V_$AQ_MESSAGE_CACHE,
SYS,V_$AQ_MESSAGE_CACHE_ADVICE,
SYS,V_$AQ_MESSAGE_CACHE_STAT,
SYS,V_$AQ_MSGBM,
SYS,V_$AQ_NONDUR_REGISTRATIONS,
SYS,V_$AQ_NONDUR_SUBSCRIBER,
SYS,V_$AQ_NONDUR_SUBSCRIBER_LWM,
SYS,V_$AQ_NOTIFICATION_CLIENTS,
SYS,V_$AQ_PARTITION_STATS,
SYS,V_$AQ_REMOTE_DEQUEUE_AFFINITY,
SYS,V_$AQ_SERVER_POOL,
SYS,V_$AQ_SHARDED_SUBSCRIBER_STAT,
SYS,V_$AQ_SUBSCRIBER_LOAD,
SYS,V_$AQ_UNCACHED_SUBSHARDS,
SYS,V_$AQ1,
SYS,V_$ARCHIVE,
SYS,V_$ARCHIVE_DEST,
SYS,V_$ARCHIVE_DEST_STATUS,
SYS,V_$ARCHIVED_LOG,
SYS,V_$ARCHIVE_GAP,
SYS,V_$ARCHIVE_PROCESSES,
SYS,V_$ASH_INFO,
SYS,V_$ASM_ACFSAUTORESIZE,
SYS,V_$ASM_ACFS_ENCRYPTION_INFO,
SYS,V_$ASM_ACFSREPL,
SYS,V_$ASM_ACFSREPLTAG,
SYS,V_$ASM_ACFS_SEC_ADMIN,
SYS,V_$ASM_ACFS_SEC_CMDRULE,
SYS,V_$ASM_ACFS_SEC_REALM,
SYS,V_$ASM_ACFS_SEC_REALM_FILTER,
SYS,V_$ASM_ACFS_SEC_REALM_GROUP,
SYS,V_$ASM_ACFS_SEC_REALM_USER,
SYS,V_$ASM_ACFS_SEC_RULE,
SYS,V_$ASM_ACFS_SEC_RULESET,
SYS,V_$ASM_ACFS_SEC_RULESET_RULE,
SYS,V_$ASM_ACFS_SECURITY_INFO,
SYS,V_$ASM_ACFSSNAPSHOTS,
SYS,V_$ASM_ACFSTAG,
SYS,V_$ASM_ACFSVOLUMES,
SYS,V_$ASM_ALIAS,
SYS,V_$ASM_ATTRIBUTE,
SYS,V_$ASM_AUDIT_CLEAN_EVENTS,
SYS,V_$ASM_AUDIT_CLEANUP_JOBS,
SYS,V_$ASM_AUDIT_CONFIG_PARAMS,
SYS,V_$ASM_AUDIT_LAST_ARCH_TS,
SYS,V_$ASM_AUDIT_LOAD_JOBS,
SYS,V_$ASM_CACHE_EVENTS,
SYS,V_$ASM_CLIENT,
SYS,V_$ASM_DBCLONE_INFO,
SYS,V_$ASM_DISK,
SYS,V_$ASM_DISKGROUP,
SYS,V_$ASM_DISKGROUP_SPARSE,
SYS,V_$ASM_DISKGROUP_STAT,
SYS,V_$ASM_DISK_IOSTAT,
SYS,V_$ASM_DISK_IOSTAT_SPARSE,
SYS,V_$ASM_DISK_SPARSE,
SYS,V_$ASM_DISK_SPARSE_STAT,
SYS,V_$ASM_DISK_STAT,
SYS,V_$ASM_ESTIMATE,
SYS,V_$ASM_FILE,
SYS,V_$ASM_FILEGROUP,
SYS,V_$ASM_FILEGROUP_FILE,
SYS,V_$ASM_FILEGROUP_PROPERTY,
SYS,V_$ASM_FILESYSTEM,
SYS,V_$ASM_OPERATION,
SYS,V_$ASM_QUOTAGROUP,
SYS,V_$ASM_TEMPLATE,
SYS,V_$ASM_USER,
SYS,V_$ASM_USERGROUP,
SYS,V_$ASM_USERGROUP_MEMBER,
SYS,V_$ASM_VOLUME,
SYS,V_$ASM_VOLUME_STAT,
SYS,V_$AUTHPOOL_STATS,
SYS,V_$AV_BTT_CACHE,
SYS,V_$AW_AGGREGATE_OP,
SYS,V_$AW_ALLOCATE_OP,
SYS,V_$AW_CALC,
SYS,V_$AW_LONGOPS,
SYS,V_$AW_OLAP,
SYS,V_$AW_SESSION_INFO,
SYS,V_$BACKUP,
SYS,V_$BACKUP_ARCHIVELOG_DETAILS,
SYS,V_$BACKUP_ARCHIVELOG_SUMMARY,
SYS,V_$BACKUP_ASYNC_IO,
SYS,V_$BACKUP_CONTROLFILE_DETAILS,
SYS,V_$BACKUP_CONTROLFILE_SUMMARY,
SYS,V_$BACKUP_COPY_DETAILS,
SYS,V_$BACKUP_COPY_SUMMARY,
SYS,V_$BACKUP_CORRUPTION,
SYS,V_$BACKUP_DATAFILE,
SYS,V_$BACKUP_DATAFILE_DETAILS,
SYS,V_$BACKUP_DATAFILE_SUMMARY,
SYS,V_$BACKUP_DEVICE,
SYS,V_$BACKUP_FILES,
SYS,V_$BACKUP_NONLOGGED,
SYS,V_$BACKUP_PIECE,
SYS,V_$BACKUP_PIECE_DETAILS,
SYS,V_$BACKUP_REDOLOG,
SYS,V_$BACKUP_SET,
SYS,V_$BACKUP_SET_DETAILS,
SYS,V_$BACKUP_SET_SUMMARY,
SYS,V_$BACKUP_SPFILE,
SYS,V_$BACKUP_SPFILE_DETAILS,
SYS,V_$BACKUP_SPFILE_SUMMARY,
SYS,V_$BACKUP_SYNC_IO,
SYS,V_$BCAPPLY_STATS,
SYS,V_$BGPROCESS,
SYS,V_$BH,
SYS,V_$BLOCK_CHANGE_TRACKING,
SYS,V_$BLOCKING_QUIESCE,
SYS,V_$BSP,
SYS,V_$BT_SCAN_CACHE,
SYS,V_$BT_SCAN_OBJ_TEMPS,
SYS,V_$BTS_STAT,
SYS,V_$BUFFERED_PUBLISHERS,
SYS,V_$BUFFERED_QUEUES,
SYS,V_$BUFFERED_SUBSCRIBERS,
SYS,V_$BUFFER_POOL,
SYS,V_$BUFFER_POOL_STATISTICS,
SYS,V_$BUILD_INFO,
SYS,V_$CACHE,
SYS,V_$CACHE_LOCK,
SYS,V_$CACHE_TRANSFER,
SYS,V_$CALLTAG,
SYS,V_$CELL,
SYS,V_$CELL_CONFIG,
SYS,V_$CELL_CONFIG_INFO,
SYS,V_$CELL_DB,
SYS,V_$CELL_DISK,
SYS,V_$CELL_DISK_HISTORY,
SYS,V_$CELL_GLOBAL,
SYS,V_$CELL_GLOBAL_HISTORY,
SYS,V_$CELL_IOREASON,
SYS,V_$CELL_IOREASON_NAME,
SYS,V_$CELL_METRIC_DESC,
SYS,V_$CELL_OFL_THREAD_HISTORY,
SYS,V_$CELL_OPEN_ALERTS,
SYS,V_$CELL_REQUEST_TOTALS,
SYS,V_$CELL_STATE,
SYS,V_$CELL_THREAD_HISTORY,
SYS,V_$CHANNEL_WAITS,
SYS,V_$CHUNK_METRIC,
SYS,V_$CIRCUIT,
SYS,V_$CLASS_CACHE_TRANSFER,
SYS,V_$CLASS_PING,
SYS,V_$CLEANUP_PROCESS,
SYS,V_$CLIENT_SECRETS,
SYS,V_$CLIENT_STATS,
SYS,V_$CLONEDFILE,
SYS,V_$CLUSTER_INTERCONNECTS,
SYS,V_$CODE_CLAUSE,
SYS,V_$COLUMN_STATISTICS,
SYS,V_$COMPATIBILITY_REQUIREMENT,
SYS,V_$CON_EVENT_HISTOGRAM_MICRO,
SYS,V_$CONFIGURED_INTERCONNECTS,
SYS,V_$CONNECTION_BROKER,
SYS,V_$CONSENSUS_CLIENTS,
SYS,V_$CONSENSUS_LOGS,
SYS,V_$CONSENSUS_STATS,
SYS,V_$CON_SYSMETRIC,
SYS,V_$CON_SYSMETRIC_HISTORY,
SYS,V_$CON_SYSMETRIC_SUMMARY,
SYS,V_$CON_SYSSTAT,
SYS,V_$CON_SYSTEM_EVENT,
SYS,V_$CON_SYSTEM_WAIT_CLASS,
SYS,V_$CON_SYS_TIME_MODEL,
SYS,V_$CONTAINERS,
SYS,V_$CONTAINER_TOPOLOGY,
SYS,V_$CONTEXT,
SYS,V_$CONTROLFILE,
SYS,V_$CONTROLFILE_RECORD_SECTION,
SYS,V_$CON_WAITCLASSMETRIC,
SYS,V_$CON_WAITCLASSMETRIC_HISTORY,
SYS,V_$COPY_CORRUPTION,
SYS,V_$COPY_NONLOGGED,
SYS,V_$CORRUPT_XID_LIST,
SYS,V_$CPOOL_CC_INFO,
SYS,V_$CPOOL_CC_STATS,
SYS,V_$CPOOL_CONN_INFO,
SYS,V_$CPOOL_STATS,
SYS,V_$CR_BLOCK_SERVER,
SYS,V_$CURRENT_BLOCK_SERVER,
SYS,V_$DATABASE,
SYS,V_$DATABASE_BLOCK_CORRUPTION,
SYS,V_$DATABASE_INCARNATION,
SYS,V_$DATABASE_KEY_INFO,
SYS,V_$DATABASE_REPLAY_PROGRESS,
SYS,V_$DATAFILE,
SYS,V_$DATAFILE_COPY,
SYS,V_$DATAFILE_HEADER,
SYS,V_$DATAGUARD_CONFIG,
SYS,V_$DATAGUARD_PROCESS,
SYS,V_$DATAGUARD_STATS,
SYS,V_$DATAGUARD_STATUS,
SYS,V_$DATAPUMP_JOB,
SYS,V_$DATAPUMP_SESSION,
SYS,V_$DB_CACHE_ADVICE,
SYS,V_$DBFILE,
SYS,V_$DBLINK,
SYS,V_$DB_OBJECT_CACHE,
SYS,V_$DB_PIPES,
SYS,V_$DB_TRANSPORTABLE_PLATFORM,
SYS,V_$DEAD_CLEANUP,
SYS,V_$DELETED_OBJECT,
SYS,V_$DETACHED_SESSION,
SYS,V_$DG_BROKER_CONFIG,
SYS,V_$DG_BROKER_PROPERTY,
SYS,V_$DG_BROKER_PROPERTY_INT,
SYS,V_$DIAG_ADR_CONTROL,
SYS,V_$DIAG_ADR_CONTROL_AUX,
SYS,V_$DIAG_ADR_INVALIDATION,
SYS,V_$DIAG_ALERT_EXT,
SYS,V_$DIAG_AMS_XACTION,
SYS,V_$DIAG_APP_TRACE_FILE,
SYS,V_$DIAG_CRITICAL_ERROR,
SYS,V_$DIAG_DDE_USER_ACTION,
SYS,V_$DIAG_DDE_USER_ACTION_DEF,
SYS,V_$DIAG_DDE_USR_ACT_PARAM,
SYS,V_$DIAG_DDE_USR_ACT_PARAM_DEF,
SYS,V_$DIAG_DDE_USR_INC_ACT_MAP,
SYS,V_$DIAG_DDE_USR_INC_TYPE,
SYS,V_$DIAG_DFW_CONFIG_CAPTURE,
SYS,V_$DIAG_DFW_CONFIG_ITEM,
SYS,V_$DIAG_DFW_PATCH_CAPTURE,
SYS,V_$DIAG_DFW_PATCH_ITEM,
SYS,V_$DIAG_DFW_PURGE,
SYS,V_$DIAG_DFW_PURGE_ITEM,
SYS,V_$DIAG_DIAGV_INCIDENT,
SYS,V_$DIAG_DIR_EXT,
SYS,V_$DIAG_EM_DIAG_JOB,
SYS,V_$DIAG_EM_TARGET_INFO,
SYS,V_$DIAG_EM_USER_ACTIVITY,
SYS,V_$DIAG_HM_FDG_SET,
SYS,V_$DIAG_HM_FINDING,
SYS,V_$DIAG_HM_INFO,
SYS,V_$DIAG_HM_MESSAGE,
SYS,V_$DIAG_HM_RECOMMENDATION,
SYS,V_$DIAG_HM_RUN,
SYS,V_$DIAG_INCCKEY,
SYS,V_$DIAG_INCIDENT,
SYS,V_$DIAG_INCIDENT_FILE,
SYS,V_$DIAG_INC_METER_CONFIG,
SYS,V_$DIAG_INC_METER_IMPT_DEF,
SYS,V_$DIAG_INC_METER_INFO,
SYS,V_$DIAG_INC_METER_PK_IMPTS,
SYS,V_$DIAG_INC_METER_SUMMARY,
SYS,V_$DIAG_INFO,
SYS,V_$DIAG_IPS_CONFIGURATION,
SYS,V_$DIAG_IPS_FILE_COPY_LOG,
SYS,V_$DIAG_IPS_FILE_METADATA,
SYS,V_$DIAG_IPS_PACKAGE,
SYS,V_$DIAG_IPS_PACKAGE_FILE,
SYS,V_$DIAG_IPS_PACKAGE_HISTORY,
SYS,V_$DIAG_IPS_PACKAGE_INCIDENT,
SYS,V_$DIAG_IPS_PKG_UNPACK_HIST,
SYS,V_$DIAG_IPS_PROGRESS_LOG,
SYS,V_$DIAG_IPS_REMOTE_PACKAGE,
SYS,V_$DIAG_LOG_EXT,
SYS,V_$DIAG_OPT_TRACE_RECORDS,
SYS,V_$DIAG_PDB_PROBLEM,
SYS,V_$DIAG_PDB_SPACE_MGMT,
SYS,V_$DIAG_PICKLEERR,
SYS,V_$DIAG_PROBLEM,
SYS,V_$DIAG_RELMD_EXT,
SYS,V_$DIAG_SESS_OPT_TRACE_RECORDS,
SYS,V_$DIAG_SESS_SQL_TRACE_RECORDS,
SYS,V_$DIAG_SESS_USER_TRACE_RECORDS,
SYS,V_$DIAG_SQL_TRACE_RECORDS,
SYS,V_$DIAG_SWEEPERR,
SYS,V_$DIAG_TRACE_FILE,
SYS,V_$DIAG_TRACE_FILE_CONTENTS,
SYS,V_$DIAG_USER_TRACE_RECORDS,
SYS,V_$DIAG_V_ACTINC,
SYS,V_$DIAG_V_ACTPROB,
SYS,V_$DIAG_VADR_CONTROL,
SYS,V_$DIAG_VEM_USER_ACTLOG,
SYS,V_$DIAG_VEM_USER_ACTLOG1,
SYS,V_$DIAG_VHM_RUN,
SYS,V_$DIAG_VIEW,
SYS,V_$DIAG_VIEWCOL,
SYS,V_$DIAG_V_INCCOUNT,
SYS,V_$DIAG_V_INCFCOUNT,
SYS,V_$DIAG_VINCIDENT,
SYS,V_$DIAG_VINCIDENT_FILE,
SYS,V_$DIAG_VINC_METER_INFO,
SYS,V_$DIAG_V_INC_METER_INFO_PROB,
SYS,V_$DIAG_VIPS_FILE_COPY_LOG,
SYS,V_$DIAG_VIPS_FILE_METADATA,
SYS,V_$DIAG_VIPS_PACKAGE_FILE,
SYS,V_$DIAG_VIPS_PACKAGE_HISTORY,
SYS,V_$DIAG_VIPS_PACKAGE_MAIN_INT,
SYS,V_$DIAG_VIPS_PACKAGE_SIZE,
SYS,V_$DIAG_VIPS_PKG_FILE,
SYS,V_$DIAG_VIPS_PKG_INC_CAND,
SYS,V_$DIAG_VIPS_PKG_INC_DTL,
SYS,V_$DIAG_VIPS_PKG_INC_DTL1,
SYS,V_$DIAG_VIPS_PKG_MAIN_PROBLEM,
SYS,V_$DIAG_V_IPSPRBCNT,
SYS,V_$DIAG_V_IPSPRBCNT1,
SYS,V_$DIAG_V_NFCINC,
SYS,V_$DIAG_VNOT_EXIST_INCIDENT,
SYS,V_$DIAG_VPDB_PROBLEM,
SYS,V_$DIAG_VPROBLEM,
SYS,V_$DIAG_VPROBLEM_BUCKET,
SYS,V_$DIAG_VPROBLEM_BUCKET_COUNT,
SYS,V_$DIAG_VPROBLEM_BUCKET1,
SYS,V_$DIAG_VPROBLEM_INT,
SYS,V_$DIAG_VPROBLEM_LASTINC,
SYS,V_$DIAG_VPROBLEM1,
SYS,V_$DIAG_VPROBLEM2,
SYS,V_$DIAG_VSHOWCATVIEW,
SYS,V_$DIAG_VSHOWINCB,
SYS,V_$DIAG_VSHOWINCB_I,
SYS,V_$DIAG_V_SWPERRCOUNT,
SYS,V_$DIAG_VTEST_EXISTS,
SYS,V_$DISK_RESTORE_RANGE,
SYS,V_$DISPATCHER,
SYS,V_$DISPATCHER_CONFIG,
SYS,V_$DISPATCHER_RATE,
SYS,V_$DLM_ALL_LOCKS,
SYS,V_$DLM_CONVERT_LOCAL,
SYS,V_$DLM_CONVERT_REMOTE,
SYS,V_$DLM_LATCH,
SYS,V_$DLM_LOCKS,
SYS,V_$DLM_MISC,
SYS,V_$DLM_RESS,
SYS,V_$DLM_TRAFFIC_CONTROLLER,
SYS,V_$DML_STATS,
SYS,V_$DNFS_CHANNELS,
SYS,V_$DNFS_FILES,
SYS,V_$DNFS_SERVERS,
SYS,V_$DNFS_STATS,
SYS,V_$DUAL,
SYS,V_$DYNAMIC_REMASTER_STATS,
SYS,V_$EDITIONABLE_TYPES,
SYS,V_$EMON,
SYS,V_$EMX_USAGE_STATS,
SYS,V_$ENABLEDPRIVS,
SYS,V_$ENCRYPTED_TABLESPACES,
SYS,V_$ENCRYPTION_KEYS,
SYS,V_$ENCRYPTION_WALLET,
SYS,V_$ENQUEUE_LOCK,
SYS,V_$ENQUEUE_STAT,
SYS,V_$ENQUEUE_STATISTICS,
SYS,V_$EQ_CACHED_PARTITIONS,
SYS,V_$EQ_CROSS_INSTANCE_JOBS,
SYS,V_$EQ_DEQUEUE_SESSIONS,
SYS,V_$EQ_INACTIVE_PARTITIONS,
SYS,V_$EQ_MESSAGE_CACHE,
SYS,V_$EQ_MESSAGE_CACHE_ADVICE,
SYS,V_$EQ_MESSAGE_CACHE_STAT,
SYS,V_$EQ_NONDUR_SUBSCRIBER,
SYS,V_$EQ_NONDUR_SUBSCRIBER_LWM,
SYS,V_$EQ_PARTITION_STATS,
SYS,V_$EQ_REMOTE_DEQUEUE_AFFINITY,
SYS,V_$EQ_SUBSCRIBER_LOAD,
SYS,V_$EQ_SUBSCRIBER_STAT,
SYS,V_$EQ_SUBSCR_REGISTRATION_STATS,
SYS,V_$EQ_UNCACHED_PARTITIONS,
SYS,V_$EVENT_HISTOGRAM,
SYS,V_$EVENT_HISTOGRAM_MICRO,
SYS,V_$EVENTMETRIC,
SYS,V_$EVENT_NAME,
SYS,V_$EVENT_OUTLIERS,
SYS,V_$EXADIRECT_ACL,
SYS,V_$EXECUTION,
SYS,V_$EXP_STATS,
SYS,V_$FALSE_PING,
SYS,V_$FAST_START_SERVERS,
SYS,V_$FAST_START_TRANSACTIONS,
SYS,V_$FILE_CACHE_TRANSFER,
SYS,V_$FILE_HISTOGRAM,
SYS,V_$FILEMETRIC,
SYS,V_$FILEMETRIC_HISTORY,
SYS,V_$FILE_OPTIMIZED_HISTOGRAM,
SYS,V_$FILE_PING,
SYS,V_$FILESPACE_USAGE,
SYS,V_$FILESTAT,
SYS,V_$FIXED_TABLE,
SYS,V_$FIXED_VIEW_DEFINITION,
SYS,V_$FLASHBACK_DATABASE_LOG,
SYS,V_$FLASHBACK_DATABASE_LOGFILE,
SYS,V_$FLASHBACK_DATABASE_STAT,
SYS,V_$FLASHBACK_TXN_GRAPH,
SYS,V_$FLASHBACK_TXN_MODS,
SYS,V_$FLASHFILESTAT,
SYS,V_$FLASH_RECOVERY_AREA_USAGE,
SYS,V_$FOREIGN_ARCHIVED_LOG,
SYS,V_$FOREIGN_DATAFILE_COPY,
SYS,V_$FS_FAILOVER_HISTOGRAM,
SYS,V_$FS_FAILOVER_OBSERVERS,
SYS,V_$FS_FAILOVER_STATS,
SYS,V_$FS_OBSERVER_HISTOGRAM,
SYS,V_$GC_ELEMENT,
SYS,V_$GC_ELEMENTS_W_COLLISIONS,
SYS,V_$GCR_ACTIONS,
SYS,V_$GCR_LOG,
SYS,V_$GCR_METRICS,
SYS,V_$GCR_STATUS,
SYS,V_$GCSHVMASTER_INFO,
SYS,V_$GCS_LOCK_STATE_RESOLUTION_HISTORY,
SYS,V_$GCSPFMASTER_INFO,
SYS,V_$GES_BLOCKING_ENQUEUE,
SYS,V_$GES_DEADLOCKS,
SYS,V_$GES_DEADLOCK_SESSIONS,
SYS,V_$GES_ENQUEUE,
SYS,V_$GG_APPLY_COORDINATOR,
SYS,V_$GG_APPLY_READER,
SYS,V_$GG_APPLY_RECEIVER,
SYS,V_$GG_APPLY_SERVER,
SYS,V_$GLOBAL_BLOCKED_LOCKS,
SYS,V_$GLOBALCONTEXT,
SYS,V_$GLOBAL_TRANSACTION,
SYS,V_$GOLDENGATE_CAPABILITIES,
SYS,V_$GOLDENGATE_CAPTURE,
SYS,V_$GOLDENGATE_MESSAGE_TRACKING,
SYS,V_$GOLDENGATE_PROCEDURE_STATS,
SYS,V_$GOLDENGATE_TABLE_STATS,
SYS,V_$GOLDENGATE_TRANSACTION,
SYS,V_$HANG_INFO,
SYS,V_$HANG_SESSION_INFO,
SYS,V_$HANG_STATISTICS,
SYS,V_$HEAT_MAP_SEGMENT,
SYS,V_$HM_CHECK,
SYS,V_$HM_CHECK_PARAM,
SYS,V_$HM_FINDING,
SYS,V_$HM_INFO,
SYS,V_$HM_RECOMMENDATION,
SYS,V_$HM_RUN,
SYS,V_$HS_AGENT,
SYS,V_$HS_PARAMETER,
SYS,V_$HS_SESSION,
SYS,V_$HVMASTER_INFO,
SYS,VIEW$,
SYS,VIEWCON$,
SYS,VIEW_PDB$,
SYS,VIEWTRCOL$,
SYS,V_$IM_ADOELEMENTS,
SYS,V_$IM_ADOTASKDETAILS,
SYS,V_$IM_ADOTASKS,
SYS,V_$IM_COL_CU,
SYS,V_$IM_COLUMN_LEVEL,
SYS,V_$IM_DELTA_HEADER,
SYS,V_$IMEU_HEADER,
SYS,V_$IM_GLOBALDICT,
SYS,V_$IM_GLOBALDICT_PIECEMAP,
SYS,V_$IM_GLOBALDICT_SORTORDER,
SYS,V_$IM_GLOBALDICT_VERSION,
SYS,V_$IM_HEADER,
SYS,V_$IMHMSEG,
SYS,V_$IM_IMECOL_CU,
SYS,V_$IM_SEG_EXT_MAP,
SYS,V_$IM_SEGMENTS,
SYS,V_$IM_SEGMENTS_DETAIL,
SYS,V_$IM_SMU_CHUNK,
SYS,V_$IM_SMU_DELTA,
SYS,V_$IM_SMU_HEAD,
SYS,V_$IM_TBS_EXT_MAP,
SYS,V_$IM_USER_SEGMENTS,
SYS,V_$INCMETER_CONFIG,
SYS,V_$INCMETER_INFO,
SYS,V_$INCMETER_SUMMARY,
SYS,V_$INDEXED_FIXED_COLUMN,
SYS,V_$INDEX_USAGE_INFO,
SYS,V_$INMEMORY_AREA,
SYS,V_$INMEMORY_FASTSTART_AREA,
SYS,V_$INMEMORY_XMEM_AREA,
SYS,V_$INSTANCE,
SYS,V_$INSTANCE_CACHE_TRANSFER,
SYS,V_$INSTANCE_LOG_GROUP,
SYS,V_$INSTANCE_PING,
SYS,V_$INSTANCE_RECOVERY,
SYS,V_$IO_CALIBRATION_STATUS,
SYS,V_$IOFUNCMETRIC,
SYS,V_$IOFUNCMETRIC_HISTORY,
SYS,V_$IO_OUTLIER,
SYS,V_$IOS_CLIENT,
SYS,V_$IOSTAT_CONSUMER_GROUP,
SYS,V_$IOSTAT_FILE,
SYS,V_$IOSTAT_FUNCTION,
SYS,V_$IOSTAT_FUNCTION_DETAIL,
SYS,V_$IOSTAT_NETWORK,
SYS,V_$IP_ACL,
SYS,V_$IR_FAILURE,
SYS,V_$IR_FAILURE_SET,
SYS,V_$IR_MANUAL_CHECKLIST,
SYS,V_$IR_REPAIR,
SYS,V_$JAVA_LIBRARY_CACHE_MEMORY,
SYS,V_$JAVA_PATCHING_STATUS,
SYS,V_$JAVAPOOL,
SYS,V_$JAVA_POOL_ADVICE,
SYS,V_$JAVA_SERVICES,
SYS,V_$KCCDI,
SYS,V_$KCCFE,
SYS,V_$KERNEL_IO_OUTLIER,
SYS,V_$KEY_VECTOR,
SYS,V_$KXFTASK,
SYS,V_$LATCH,
SYS,V_$LATCH_CHILDREN,
SYS,V_$LATCHHOLDER,
SYS,V_$LATCH_MISSES,
SYS,V_$LATCHNAME,
SYS,V_$LATCH_PARENT,
SYS,V_$LCR_CACHE,
SYS,V_$LGWRIO_OUTLIER,
SYS,V_$LIBCACHE_LOCKS,
SYS,V_$LIBRARYCACHE,
SYS,V_$LIBRARY_CACHE_MEMORY,
SYS,V_$LICENSE,
SYS,V_$LISTENER_HEALTH,
SYS,V_$LISTENER_NETWORK,
SYS,V_$LOADISTAT,
SYS,V_$LOADPSTAT,
SYS,V_$LOBSTAT,
SYS,V_$_LOCK,
SYS,V_$LOCK,
SYS,V_$LOCK_ACTIVITY,
SYS,V_$LOCKDOWN_RULES,
SYS,V_$LOCKED_OBJECT,
SYS,V_$LOCK_ELEMENT,
SYS,V_$LOCKS_WITH_COLLISIONS,
SYS,V_$LOCK_TYPE,
SYS,V_$LOG,
SYS,V_$LOGFILE,
SYS,V_$LOGHIST,
SYS,V_$LOG_HISTORY,
SYS,V_$LOGMNR_CONTENTS,
SYS,V_$LOGMNR_DICTIONARY,
SYS,V_$LOGMNR_DICTIONARY_LOAD,
SYS,V_$LOGMNR_LATCH,
SYS,V_$LOGMNR_LOGFILE,
SYS,V_$LOGMNR_LOGS,
SYS,V_$LOGMNR_PARAMETERS,
SYS,V_$LOGMNR_PROCESS,
SYS,V_$LOGMNR_SESSION,
SYS,V_$LOGMNR_STATS,
SYS,V_$LOGMNR_TRANSACTION,
SYS,V_$LOGSTDBY,
SYS,V_$LOGSTDBY_PROCESS,
SYS,V_$LOGSTDBY_PROGRESS,
SYS,V_$LOGSTDBY_STATE,
SYS,V_$LOGSTDBY_STATS,
SYS,V_$LOGSTDBY_TRANSACTION,
SYS,V_$LREG_UPDSTAT,
SYS,V_$MANAGED_STANDBY,
SYS,V_$MAP_COMP_LIST,
SYS,V_$MAP_ELEMENT,
SYS,V_$MAP_EXT_ELEMENT,
SYS,V_$MAP_FILE,
SYS,V_$MAP_FILE_EXTENT,
SYS,V_$MAP_FILE_IO_STACK,
SYS,V_$MAP_LIBRARY,
SYS,V_$MAPPED_SQL,
SYS,V_$MAP_SUBELEMENT,
SYS,V_$MAX_ACTIVE_SESS_TARGET_MTH,
SYS,V_$MDX_CURSOR_DEPENDENCY,
SYS,V_$MDX_CURSORS,
SYS,V_$MEMOPTIMIZE_WRITE_AREA,
SYS,V_$MEMORY_CURRENT_RESIZE_OPS,
SYS,V_$MEMORY_DYNAMIC_COMPONENTS,
SYS,V_$MEMORY_RESIZE_OPS,
SYS,V_$MEMORY_TARGET_ADVICE,
SYS,V_$METRIC,
SYS,V_$METRICGROUP,
SYS,V_$METRIC_HISTORY,
SYS,V_$METRICNAME,
SYS,V_$MTTR_TARGET_ADVICE,
SYS,V_$MUTEX_SLEEP,
SYS,V_$MUTEX_SLEEP_HISTORY,
SYS,V_$MVREFRESH,
SYS,V_$MY_NOLOGGING_STANDBY_TXN,
SYS,V_$MYSTAT,
SYS,V_$NFS_CLIENTS,
SYS,V_$NFS_LOCKS,
SYS,V_$NFS_OPEN_FILES,
SYS,V_$NLS_PARAMETERS,
SYS,V_$NLS_VALID_VALUES,
SYS,V_$NOLOGGING_STANDBY_TXN,
SYS,V_$NONLOGGED_BLOCK,
SYS,V_$OBJECT_DEPENDENCY,
SYS,V_$OBJECT_DML_FREQUENCIES,
SYS,V_$OBJECT_PRIVILEGE,
SYS,V_$OBSOLETE_PARAMETER,
SYS,V_$OFFLINE_RANGE,
SYS,V_$OFSMOUNT,
SYS,V_$OFS_STATS,
SYS,V_$ONLINE_REDEF,
SYS,V_$OPEN_CURSOR,
SYS,V_$OPTIMIZER_PROCESSING_RATE,
SYS,V_$OPTION,
SYS,V_$OSSTAT,
SYS,V_$PARALLEL_DEGREE_LIMIT_MTH,
SYS,V_$PARAMETER,
SYS,V_$PARAMETER_VALID_VALUES,
SYS,V_$PARAMETER2,
SYS,V_$PASSWORDFILE_INFO,
SYS,V_$PATCHES,
SYS,V_$PDB_INCARNATION,
SYS,V_$PDBS,
SYS,V_$PERSISTENT_PUBLISHERS,
SYS,V_$PERSISTENT_QMN_CACHE,
SYS,V_$PERSISTENT_QUEUES,
SYS,V_$PERSISTENT_SUBSCRIBERS,
SYS,V_$PGASTAT,
SYS,V_$PGA_TARGET_ADVICE,
SYS,V_$PGA_TARGET_ADVICE_HISTOGRAM,
SYS,V_$PING,
SYS,V_$PKCS11_PATH,
SYS,V_$PLSQL_DEBUGGABLE_SESSIONS,
SYS,V_$PMEM_FILESTORE,
SYS,V_$POLICY_HISTORY,
SYS,V_$PQ_GRANDIST,
SYS,V_$PQ_GRANGEN,
SYS,V_$PQ_SESSTAT,
SYS,V_$PQ_SLAVE,
SYS,V_$PQ_SLAVEINFO,
SYS,V_$PQ_SYSSTAT,
SYS,V_$PQ_TQSTAT,
SYS,V_$PROCESS,
SYS,V_$PROCESS_GROUP,
SYS,V_$PROCESS_MEMORY,
SYS,V_$PROCESS_MEMORY_DETAIL,
SYS,V_$PROCESS_MEMORY_DETAIL_PROG,
SYS,V_$PROCESS_POOL,
SYS,V_$PROCESS_PRIORITY_DATA,
SYS,V_$PROPAGATION_RECEIVER,
SYS,V_$PROPAGATION_SENDER,
SYS,V_$PROXY_ARCHIVEDLOG,
SYS,V_$PROXY_ARCHIVELOG_DETAILS,
SYS,V_$PROXY_ARCHIVELOG_SUMMARY,
SYS,V_$PROXY_COPY_DETAILS,
SYS,V_$PROXY_COPY_SUMMARY,
SYS,V_$PROXY_DATAFILE,
SYS,V_$PROXY_PDB_TARGETS,
SYS,V_$PWFILE_USERS,
SYS,V_$PX_BUFFER_ADVICE,
SYS,V_$PX_INSTANCE_GROUP,
SYS,V_$PX_PROCESS,
SYS,V_$PX_PROCESS_SYSSTAT,
SYS,V_$PX_PROCESS_TRACE,
SYS,V_$PX_SESSION,
SYS,V_$PX_SESSTAT,
SYS,V_$QMON_COORDINATOR_STATS,
SYS,V_$QMON_SERVER_STATS,
SYS,V_$QMON_TASKS,
SYS,V_$QMON_TASK_STATS,
SYS,V_$QPX_INVENTORY,
SYS,V_$QUARANTINE,
SYS,V_$QUARANTINE_SUMMARY,
SYS,V_$QUERY_BLOCK_ORIGIN,
SYS,V_$QUEUE,
SYS,V_$QUEUEING_MTH,
SYS,V_$RECOVER_FILE,
SYS,V_$RECOVERY_AREA_USAGE,
SYS,V_$RECOVERY_FILE_DEST,
SYS,V_$RECOVERY_FILE_STATUS,
SYS,V_$RECOVERY_LOG,
SYS,V_$RECOVERY_PROGRESS,
SYS,V_$RECOVERY_SLAVE,
SYS,V_$RECOVERY_STATUS,
SYS,V_$REDO_DEST_RESP_HISTOGRAM,
SYS,V_$REPLAY_CONTEXT,
SYS,V_$REPLAY_CONTEXT_LOB,
SYS,V_$REPLAY_CONTEXT_SEQUENCE,
SYS,V_$REPLAY_CONTEXT_SYSDATE,
SYS,V_$REPLAY_CONTEXT_SYSGUID,
SYS,V_$REPLAY_CONTEXT_SYSTIMESTAMP,
SYS,V_$REQDIST,
SYS,V_$RESERVED_WORDS,
SYS,V_$RESOURCE,
SYS,V_$RESOURCE_LIMIT,
SYS,V_$RESTORE_POINT,
SYS,V_$RESTORE_RANGE,
SYS,V_$RESULT_CACHE_DEPENDENCY,
SYS,V_$RESULT_CACHE_MEMORY,
SYS,V_$RESULT_CACHE_OBJECTS,
SYS,V_$RESULT_CACHE_STATISTICS,
SYS,V_$RESULT_SUBCACHE_STATISTICS,
SYS,V_$RESUMABLE,
SYS,V_$RFS_THREAD,
SYS,V_$RMAN_BACKUP_JOB_DETAILS,
SYS,V_$RMAN_BACKUP_SUBJOB_DETAILS,
SYS,V_$RMAN_BACKUP_TYPE,
SYS,V_$RMAN_COMPRESSION_ALGORITHM,
SYS,V_$RMAN_CONFIGURATION,
SYS,V_$RMAN_ENCRYPTION_ALGORITHMS,
SYS,V_$RMAN_OUTPUT,
SYS,V_$RMAN_STATUS,
SYS,V_$ROLLNAME,
SYS,V_$ROLLSTAT,
SYS,V_$RO_USER_ACCOUNT,
SYS,V_$ROWCACHE,
SYS,V_$ROWCACHE_PARENT,
SYS,V_$ROWCACHE_SUBORDINATE,
SYS,V_$RSRC_CONS_GROUP_HISTORY,
SYS,V_$RSRC_CONSUMER_GROUP,
SYS,V_$RSRC_CONSUMER_GROUP_CPU_MTH,
SYS,V_$RSRCMGRMETRIC,
SYS,V_$RSRCMGRMETRIC_HISTORY,
SYS,V_$RSRC_PDB,
SYS,V_$RSRC_PDB_HISTORY,
SYS,V_$RSRCPDBMETRIC,
SYS,V_$RSRCPDBMETRIC_HISTORY,
SYS,V_$RSRC_PLAN,
SYS,V_$RSRC_PLAN_CPU_MTH,
SYS,V_$RSRC_PLAN_HISTORY,
SYS,V_$RSRC_SESSION_INFO,
SYS,V_$RT_ADDM_CONTROL,
SYS,V_$RULE,
SYS,V_$RULE_SET,
SYS,V_$RULE_SET_AGGREGATE_STATS,
SYS,V_$SBT_RESTORE_RANGE,
SYS,V_$SCHEDULER_INMEM_MDINFO,
SYS,V_$SCHEDULER_INMEM_RTINFO,
SYS,V_$SCHEDULER_RUNNING_JOBS,
SYS,V_$SECUREFILE_SHRINK,
SYS,V_$SECUREFILE_TIMER,
SYS,V_$SEGMENT_STATISTICS,
SYS,V_$SEGSPACE_USAGE,
SYS,V_$SEGSTAT,
SYS,V_$SEGSTAT_NAME,
SYS,V_$SERVICE_EVENT,
SYS,V_$SERVICEMETRIC,
SYS,V_$SERVICEMETRIC_HISTORY,
SYS,V_$SERVICE_REGION_METRIC,
SYS,V_$SERVICES,
SYS,V_$SERVICE_STATS,
SYS,V_$SERVICE_WAIT_CLASS,
SYS,V_$SERV_MOD_ACT_STATS,
SYS,V_$SES_OPTIMIZER_ENV,
SYS,V_$SESS_IO,
SYS,V_$SESSION,
SYS,V_$SESSION_BLOCKERS,
SYS,V_$SESSION_CONNECT_INFO,
SYS,V_$SESSION_CURSOR_CACHE,
SYS,V_$SESSION_EVENT,
SYS,V_$SESSION_FIX_CONTROL,
SYS,V_$SESSION_LONGOPS,
SYS,V_$SESSION_OBJECT_CACHE,
SYS,V_$SESSIONS_COUNT,
SYS,V_$SESSION_WAIT,
SYS,V_$SESSION_WAIT_CLASS,
SYS,V_$SESSION_WAIT_HISTORY,
SYS,V_$SESSMETRIC,
SYS,V_$SESSTAT,
SYS,V_$SESS_TIME_MODEL,
SYS,V_$SGA,
SYS,V_$SGA_CURRENT_RESIZE_OPS,
SYS,V_$SGA_DYNAMIC_COMPONENTS,
SYS,V_$SGA_DYNAMIC_FREE_MEMORY,
SYS,V_$SGAINFO,
SYS,V_$SGA_RESIZE_OPS,
SYS,V_$SGASTAT,
SYS,V_$SGA_TARGET_ADVICE,
SYS,V_$SHADOW_DATAFILE,
SYS,V_$SHARED_POOL_ADVICE,
SYS,V_$SHARED_POOL_RESERVED,
SYS,V_$SHARED_SERVER,
SYS,V_$SHARED_SERVER_MONITOR,
SYS,V_$SHARED_SERVER_STAT,
SYS,V_$SORT_SEGMENT,
SYS,V_$SORT_USAGE,
SYS,V_$SPPARAMETER,
SYS,V_$SQL,
SYS,V_$SQLAREA,
SYS,V_$SQLAREA_PLAN_HASH,
SYS,V_$SQL_BIND_CAPTURE,
SYS,V_$SQL_BIND_DATA,
SYS,V_$SQL_BIND_METADATA,
SYS,V_$SQLCOMMAND,
SYS,V_$SQL_CS_HISTOGRAM,
SYS,V_$SQL_CS_SELECTIVITY,
SYS,V_$SQL_CS_STATISTICS,
SYS,V_$SQL_CURSOR,
SYS,V_$SQL_DIAG_REPOSITORY,
SYS,V_$SQL_DIAG_REPOSITORY_REASON,
SYS,V_$SQL_FEATURE,
SYS,V_$SQL_FEATURE_DEPENDENCY,
SYS,V_$SQL_FEATURE_HIERARCHY,
SYS,V_$SQLFN_ARG_METADATA,
SYS,V_$SQLFN_METADATA,
SYS,V_$SQL_HINT,
SYS,V_$SQL_JOIN_FILTER,
SYS,V_$SQL_MONITOR,
SYS,V_$SQL_MONITOR_SESSTAT,
SYS,V_$SQL_MONITOR_STATNAME,
SYS,V_$SQL_OPTIMIZER_ENV,
SYS,V_$SQLPA_METRIC,
SYS,V_$SQL_PLAN,
SYS,V_$SQL_PLAN_MONITOR,
SYS,V_$SQL_PLAN_STATISTICS,
SYS,V_$SQL_PLAN_STATISTICS_ALL,
SYS,V_$SQL_REDIRECTION,
SYS,V_$SQL_REOPTIMIZATION_HINTS,
SYS,V_$SQL_SHARD,
SYS,V_$SQL_SHARED_CURSOR,
SYS,V_$SQL_SHARED_MEMORY,
SYS,V_$SQLSTATS,
SYS,V_$SQLSTATS_PLAN_HASH,
SYS,V_$SQL_TESTCASES,
SYS,V_$SQLTEXT,
SYS,V_$SQLTEXT_WITH_NEWLINES,
SYS,V_$SQL_WORKAREA,
SYS,V_$SQL_WORKAREA_ACTIVE,
SYS,V_$SQL_WORKAREA_HISTOGRAM,
SYS,V_$SSCR_SESSIONS,
SYS,V_$STANDBY_EVENT_HISTOGRAM,
SYS,V_$STANDBY_LOG,
SYS,V_$STATISTICS_LEVEL,
SYS,V_$STATNAME,
SYS,V_$STATS_ADVISOR_ACTIONS,
SYS,V_$STATS_ADVISOR_FINDINGS,
SYS,V_$STATS_ADVISOR_RATIONALES,
SYS,V_$STATS_ADVISOR_RECS,
SYS,V_$STATS_ADVISOR_RULES,
SYS,V_$STREAMS_APPLY_COORDINATOR,
SYS,V_$STREAMS_APPLY_READER,
SYS,V_$STREAMS_APPLY_SERVER,
SYS,V_$STREAMS_CAPTURE,
SYS,V_$STREAMS_MESSAGE_TRACKING,
SYS,V_$STREAMS_POOL_ADVICE,
SYS,V_$STREAMS_POOL_STATISTICS,
SYS,V_$STREAMS_TRANSACTION,
SYS,V_$SUBCACHE,
SYS,V_$SUBSCR_REGISTRATION_STATS,
SYS,_V$SXGG_APPLY_COORDINATOR,
SYS,_V$SXGG_APPLY_READER,
SYS,_V$SXGG_APPLY_SERVER,
SYS,_V$SXGG_CAPTURE,
SYS,_V$SXGG_MESSAGE_TRACKING,
SYS,_V$SXGG_TRANSACTION,
SYS,V_$SYSAUX_OCCUPANTS,
SYS,V_$SYSMETRIC,
SYS,V_$SYSMETRIC_HISTORY,
SYS,V_$SYSMETRIC_SUMMARY,
SYS,V_$SYS_OPTIMIZER_ENV,
SYS,V_$SYS_REPORT_REQUESTS,
SYS,V_$SYS_REPORT_STATS,
SYS,V_$SYSSTAT,
SYS,V_$SYSTEM_CURSOR_CACHE,
SYS,V_$SYSTEM_EVENT,
SYS,V_$SYSTEM_FIX_CONTROL,
SYS,V_$SYSTEM_PARAMETER,
SYS,V_$SYSTEM_PARAMETER2,
SYS,V_$SYSTEM_RESET_PARAMETER,
SYS,V_$SYSTEM_RESET_PARAMETER2,
SYS,V_$SYSTEM_WAIT_CLASS,
SYS,V_$SYS_TIME_MODEL,
SYS,VTABLE$,
SYS,V_$TABLESPACE,
SYS,V_$TEMP_CACHE_TRANSFER,
SYS,V_$TEMP_EXTENT_MAP,
SYS,V_$TEMP_EXTENT_POOL,
SYS,V_$TEMPFILE,
SYS,V_$TEMPFILE_INFO_INSTANCE,
SYS,V_$TEMPORARY_LOBS,
SYS,V_$TEMP_PING,
SYS,V_$TEMP_SPACE_HEADER,
SYS,V_$TEMPSTAT,
SYS,V_$TEMPUNDOSTAT,
SYS,V_$THREAD,
SYS,V_$THRESHOLD_TYPES,Description of threshold types
SYS,V_$TIMER,
SYS,V_$TIMEZONE_FILE,
SYS,V_$TIMEZONE_NAMES,
SYS,V_$TOPLEVELCALL,
SYS,V_$TRANSACTION,
SYS,V_$TRANSACTION_ENQUEUE,
SYS,V_$TRANSPORTABLE_PLATFORM,
SYS,V_$TSDP_SUPPORTED_FEATURE,
SYS,V_$TSM_SESSIONS,
SYS,V_$TYPE_SIZE,
SYS,V_$UNDOSTAT,
SYS,V_$UNIFIED_AUDIT_RECORD_FORMAT,
SYS,V_$UNIFIED_AUDIT_TRAIL,
SYS,V_$UNUSABLE_BACKUPFILE_DETAILS,
SYS,V_$VERSION,
SYS,V_$VPD_POLICY,
SYS,V_$WAIT_CHAINS,
SYS,V_$WAITCLASSMETRIC,
SYS,V_$WAITCLASSMETRIC_HISTORY,
SYS,V_$WAITSTAT,
SYS,V_$WALLET,
SYS,V_$WLM_DB_MODE,
SYS,V_$WLM_PCMETRIC,
SYS,V_$WLM_PCMETRIC_HISTORY,
SYS,V_$WLM_PCSERVICE,
SYS,V_$WLM_PC_STATS,
SYS,V_$WORKLOAD_REPLAY_THREAD,
SYS,VW_X$AUD_XS_ACTIONS,
SYS,V_X$KSWSASTAB,
SYS,V_$XML_AUDIT_TRAIL,
SYS,V_$XS_SESSION_NS_ATTRIBUTES,
SYS,V_$XS_SESSION_ROLES,
SYS,V_$XS_SESSIONS,
SYS,V_$XSTREAM_APPLY_COORDINATOR,
SYS,V_$XSTREAM_APPLY_READER,
SYS,V_$XSTREAM_APPLY_RECEIVER,
SYS,V_$XSTREAM_APPLY_SERVER,
SYS,V_$XSTREAM_CAPTURE,
SYS,V_$XSTREAM_MESSAGE_TRACKING,
SYS,V_$XSTREAM_OUTBOUND_SERVER,
SYS,V_$XSTREAM_TABLE_STATS,
SYS,V_$XSTREAM_TRANSACTION,
SYS,V_$ZONEMAP_USAGE_STATS,
SYS,WARNING_SETTINGS$,
SYS,WI$_CAPTURE_FILE,
SYS,WI$_EXECUTION_ORDER,
SYS,WI$_FREQUENT_PATTERN,
SYS,WI$_FREQUENT_PATTERN_ITEM,
SYS,WI$_FREQUENT_PATTERN_METADATA,
SYS,WI$_JOB,
SYS,WI$_OBJECT,
SYS,WI$_STATEMENT,
SYS,WI$_TEMPLATE,
SYS,WRH$_ACTIVE_SESSION_HISTORY,
SYS,WRH$_ACTIVE_SESSION_HISTORY_BL,
SYS,WRH$_ASM_BAD_DISK,
SYS,WRH$_ASM_BAD_DISK_BL,
SYS,WRH$_ASM_DISKGROUP,
SYS,WRH$_ASM_DISKGROUP_BL,
SYS,WRH$_ASM_DISKGROUP_STAT,
SYS,WRH$_ASM_DISKGROUP_STAT_BL,
SYS,WRH$_ASM_DISK_STAT_SUMMARY,
SYS,WRH$_ASM_DISK_STAT_SUMMARY_BL,
SYS,WRH$_AWR_TEST_1,
SYS,WRH$_AWR_TEST_1_BL,
SYS,WRH$_BG_EVENT_SUMMARY,
SYS,WRH$_BG_EVENT_SUMMARY_BL,
SYS,WRH$_BUFFERED_QUEUES,
SYS,WRH$_BUFFERED_QUEUES_BL,
SYS,WRH$_BUFFERED_SUBSCRIBERS,
SYS,WRH$_BUFFERED_SUBSCRIBERS_BL,
SYS,WRH$_BUFFER_POOL_STATISTICS,
SYS,WRH$_BUFFER_POOL_STATISTICS_BL,
SYS,WRH$_CELL_CONFIG,
SYS,WRH$_CELL_CONFIG_BL,
SYS,WRH$_CELL_CONFIG_DETAIL,
SYS,WRH$_CELL_CONFIG_DETAIL_BL,
SYS,WRH$_CELL_DB,
SYS,WRH$_CELL_DB_BL,
SYS,WRH$_CELL_DISK_SUMMARY,
SYS,WRH$_CELL_DISK_SUMMARY_BL,
SYS,WRH$_CELL_GLOBAL,
SYS,WRH$_CELL_GLOBAL_BL,
SYS,WRH$_CELL_GLOBAL_SUMMARY,
SYS,WRH$_CELL_GLOBAL_SUMMARY_BL,
SYS,WRH$_CELL_IOREASON,
SYS,WRH$_CELL_IOREASON_BL,
SYS,WRH$_CELL_IOREASON_NAME,
SYS,WRH$_CELL_METRIC_DESC,
SYS,WRH$_CELL_OPEN_ALERTS,
SYS,WRH$_CELL_OPEN_ALERTS_BL,
SYS,WRH$_CHANNEL_WAITS,
SYS,WRH$_CHANNEL_WAITS_BL,
SYS,WRH$_CLUSTER_INTERCON,
SYS,WRH$_CLUSTER_INTERCON_BL,
SYS,WRH$_COMP_IOSTAT,
SYS,WRH$_COMP_IOSTAT_BL,
SYS,WRH$_CON_SYSMETRIC_HISTORY,
SYS,WRH$_CON_SYSMETRIC_HISTORY_BL,
SYS,WRH$_CON_SYSMETRIC_SUMMARY,
SYS,WRH$_CON_SYSMETRIC_SUMMARY_BL,
SYS,WRH$_CON_SYSSTAT,
SYS,WRH$_CON_SYSSTAT_BL,
SYS,WRH$_CON_SYSTEM_EVENT,
SYS,WRH$_CON_SYSTEM_EVENT_BL,
SYS,WRH$_CON_SYS_TIME_MODEL,
SYS,WRH$_CON_SYS_TIME_MODEL_BL,
SYS,WRH$_CR_BLOCK_SERVER,
SYS,WRH$_CR_BLOCK_SERVER_BL,
SYS,WRH$_CURRENT_BLOCK_SERVER,
SYS,WRH$_CURRENT_BLOCK_SERVER_BL,
SYS,WRH$_DATAFILE,
SYS,WRH$_DATAFILE_BL,
SYS,WRH$_DB_CACHE_ADVICE,
SYS,WRH$_DB_CACHE_ADVICE_BL,
SYS,WRH$_DISPATCHER,
SYS,WRH$_DISPATCHER_BL,
SYS,WRH$_DLM_MISC,
SYS,WRH$_DLM_MISC_BL,
SYS,WRH$_DYN_REMASTER_STATS,
SYS,WRH$_DYN_REMASTER_STATS_BL,
SYS,WRH$_ENQUEUE_STAT,
SYS,WRH$_ENQUEUE_STAT_BL,
SYS,WRH$_EVENT_HISTOGRAM,
SYS,WRH$_EVENT_HISTOGRAM_BL,
SYS,WRH$_EVENT_NAME,
SYS,WRH$_FILEMETRIC_HISTORY,
SYS,WRH$_FILEMETRIC_HISTORY_BL,
SYS,WRH$_FILESTATXS,
SYS,WRH$_FILESTATXS_BL,
SYS,WRH$_IC_CLIENT_STATS,
SYS,WRH$_IC_CLIENT_STATS_BL,
SYS,WRH$_IC_DEVICE_STATS,
SYS,WRH$_IC_DEVICE_STATS_BL,
SYS,WRH$_IM_SEG_STAT,
SYS,WRH$_IM_SEG_STAT_BL,
SYS,WRH$_IM_SEG_STAT_OBJ,
SYS,WRH$_IM_SEG_STAT_OBJ_BL,
SYS,WRH$_INSTANCE_RECOVERY,
SYS,WRH$_INSTANCE_RECOVERY_BL,
SYS,WRH$_INST_CACHE_TRANSFER,
SYS,WRH$_INST_CACHE_TRANSFER_BL,
SYS,WRH$_INTERCONNECT_PINGS,
SYS,WRH$_INTERCONNECT_PINGS_BL,
SYS,WRH$_IOSTAT_DETAIL,
SYS,WRH$_IOSTAT_DETAIL_BL,
SYS,WRH$_IOSTAT_FILETYPE,
SYS,WRH$_IOSTAT_FILETYPE_BL,
SYS,WRH$_IOSTAT_FILETYPE_NAME,
SYS,WRH$_IOSTAT_FUNCTION,
SYS,WRH$_IOSTAT_FUNCTION_BL,
SYS,WRH$_IOSTAT_FUNCTION_NAME,
SYS,WRH$_JAVA_POOL_ADVICE,
SYS,WRH$_JAVA_POOL_ADVICE_BL,
SYS,WRH$_LATCH,
SYS,WRH$_LATCH_BL,
SYS,WRH$_LATCH_CHILDREN,
SYS,WRH$_LATCH_CHILDREN_BL,
SYS,WRH$_LATCH_MISSES_SUMMARY,
SYS,WRH$_LATCH_MISSES_SUMMARY_BL,
SYS,WRH$_LATCH_NAME,
SYS,WRH$_LATCH_PARENT,
SYS,WRH$_LATCH_PARENT_BL,
SYS,WRH$_LIBRARYCACHE,
SYS,WRH$_LIBRARYCACHE_BL,
SYS,WRH$_LMS_STATS,
SYS,WRH$_LMS_STATS_BL,
SYS,WRH$_LOG,
SYS,WRH$_LOG_BL,
SYS,WRH$_MEM_DYNAMIC_COMP,
SYS,WRH$_MEM_DYNAMIC_COMP_BL,
SYS,WRH$_MEMORY_RESIZE_OPS,
SYS,WRH$_MEMORY_RESIZE_OPS_BL,
SYS,WRH$_MEMORY_TARGET_ADVICE,
SYS,WRH$_MEMORY_TARGET_ADVICE_BL,
SYS,WRH$_METRIC_NAME,
SYS,WRH$_MTTR_TARGET_ADVICE,
SYS,WRH$_MTTR_TARGET_ADVICE_BL,
SYS,WRH$_MUTEX_SLEEP,
SYS,WRH$_MUTEX_SLEEP_BL,
SYS,WRH$_MVPARAMETER,
SYS,WRH$_MVPARAMETER_BL,
SYS,WRH$_OPTIMIZER_ENV,
SYS,WRH$_OPTIMIZER_ENV_BL,
SYS,WRH$_OSSTAT,
SYS,WRH$_OSSTAT_BL,
SYS,WRH$_OSSTAT_NAME,
SYS,WRH$_PARAMETER,
SYS,WRH$_PARAMETER_BL,
SYS,WRH$_PARAMETER_NAME,
SYS,WRH$_PERSISTENT_QMN_CACHE,
SYS,WRH$_PERSISTENT_QMN_CACHE_BL,
SYS,WRH$_PERSISTENT_QUEUES,
SYS,WRH$_PERSISTENT_QUEUES_BL,
SYS,WRH$_PERSISTENT_SUBSCRIBERS,
SYS,WRH$_PERSISTENT_SUBSCRIBERS_BL,
SYS,WRH$_PGASTAT,
SYS,WRH$_PGASTAT_BL,
SYS,WRH$_PGA_TARGET_ADVICE,
SYS,WRH$_PGA_TARGET_ADVICE_BL,
SYS,WRH$_PLAN_OPERATION_NAME,
SYS,WRH$_PLAN_OPTION_NAME,
SYS,WRH$_PROCESS_MEMORY_SUMMARY,
SYS,WRH$_PROCESS_MEMORY_SUMMARY_BL,
SYS,WRH$_PROCESS_WAITTIME,
SYS,WRH$_PROCESS_WAITTIME_BL,
SYS,WRH$_RECOVERY_PROGRESS,
SYS,WRH$_RECOVERY_PROGRESS_BL,
SYS,WRH$_REPLICATION_TBL_STATS,
SYS,WRH$_REPLICATION_TBL_STATS_BL,
SYS,WRH$_REPLICATION_TXN_STATS,
SYS,WRH$_REPLICATION_TXN_STATS_BL,
SYS,WRH$_RESOURCE_LIMIT,
SYS,WRH$_RESOURCE_LIMIT_BL,
SYS,WRH$_ROWCACHE_SUMMARY,
SYS,WRH$_ROWCACHE_SUMMARY_BL,
SYS,WRH$_RSRC_CONSUMER_GROUP,
SYS,WRH$_RSRC_CONSUMER_GROUP_BL,
SYS,WRH$_RSRC_METRIC,
SYS,WRH$_RSRC_METRIC_BL,
SYS,WRH$_RSRC_PDB_METRIC,
SYS,WRH$_RSRC_PDB_METRIC_BL,
SYS,WRH$_RSRC_PLAN,
SYS,WRH$_RSRC_PLAN_BL,
SYS,WRH$_RULE_SET,
SYS,WRH$_RULE_SET_BL,
SYS,WRHS$_CELL_IOREASON_NAME,
SYS,WRHS$_CELL_METRIC_DESC,
SYS,WRHS$_DATAFILE,
SYS,WRH$_SEG_STAT,
SYS,WRH$_SEG_STAT_BL,
SYS,WRH$_SEG_STAT_OBJ,
SYS,WRH$_SEG_STAT_OBJ_BL,
SYS,WRH$_SERVICE_NAME,
SYS,WRH$_SERVICE_NAME_BL,
SYS,WRH$_SERVICE_STAT,
SYS,WRH$_SERVICE_STAT_BL,
SYS,WRH$_SERVICE_WAIT_CLASS,
SYS,WRH$_SERVICE_WAIT_CLASS_BL,
SYS,WRH$_SESSMETRIC_HISTORY,
SYS,WRH$_SESSMETRIC_HISTORY_BL,
SYS,WRH$_SESS_NETWORK,
SYS,WRH$_SESS_NETWORK_BL,
SYS,WRH$_SESS_SGA_STATS,
SYS,WRH$_SESS_SGA_STATS_BL,
SYS,WRH$_SESS_TIME_STATS,
SYS,WRH$_SESS_TIME_STATS_BL,
SYS,WRHS$_EVENT_NAME,
SYS,WRH$_SGA,
SYS,WRH$_SGA_BL,
SYS,WRH$_SGASTAT,
SYS,WRH$_SGASTAT_BL,
SYS,WRH$_SGA_TARGET_ADVICE,
SYS,WRH$_SGA_TARGET_ADVICE_BL,
SYS,WRH$_SHARED_POOL_ADVICE,
SYS,WRH$_SHARED_POOL_ADVICE_BL,
SYS,WRH$_SHARED_SERVER_SUMMARY,
SYS,WRH$_SHARED_SERVER_SUMMARY_BL,
SYS,WRHS$_IM_SEG_STAT_OBJ,
SYS,WRHS$_IOSTAT_FILETYPE_NAME,
SYS,WRHS$_IOSTAT_FUNCTION_NAME,
SYS,WRHS$_LATCH_NAME,
SYS,WRHS$_METRIC_NAME,
SYS,WRHS$_OPTIMIZER_ENV,
SYS,WRHS$_OSSTAT_NAME,
SYS,WRHS$_PARAMETER_NAME,
SYS,WRHS$_PLAN_OPERATION_NAME,
SYS,WRHS$_PLAN_OPTION_NAME,
SYS,WRH$_SQL_BIND_METADATA,
SYS,WRH$_SQL_BIND_METADATA_BL,
SYS,WRH$_SQLCOMMAND_NAME,
SYS,WRH$_SQL_PLAN,
SYS,WRH$_SQL_PLAN_BL,
SYS,WRH$_SQLSTAT,
SYS,WRH$_SQLSTAT_BL,
SYS,WRH$_SQL_SUMMARY,
SYS,WRH$_SQL_SUMMARY_BL,
SYS,WRH$_SQLTEXT,
SYS,WRH$_SQLTEXT_BL,
SYS,WRH$_SQL_WORKAREA_HISTOGRAM,
SYS,WRH$_SQL_WORKAREA_HISTOGRAM_BL,
SYS,WRHS$_SEG_STAT_OBJ,
SYS,WRHS$_SERVICE_NAME,
SYS,WRHS$_SQL_BIND_METADATA,
SYS,WRHS$_SQLCOMMAND_NAME,
SYS,WRHS$_SQL_PLAN,
SYS,WRHS$_SQLTEXT,
SYS,WRHS$_STAT_NAME,
SYS,WRHS$_TABLESPACE,
SYS,WRH$_STAT_NAME,
SYS,WRHS$_TEMPFILE,
SYS,WRHS$_TOPLEVELCALL_NAME,
SYS,WRH$_STREAMS_APPLY_SUM,
SYS,WRH$_STREAMS_APPLY_SUM_BL,
SYS,WRH$_STREAMS_CAPTURE,
SYS,WRH$_STREAMS_CAPTURE_BL,
SYS,WRH$_STREAMS_POOL_ADVICE,
SYS,WRH$_STREAMS_POOL_ADVICE_BL,
SYS,WRH$_SYSMETRIC_HISTORY,
SYS,WRH$_SYSMETRIC_HISTORY_BL,
SYS,WRH$_SYSMETRIC_SUMMARY,
SYS,WRH$_SYSMETRIC_SUMMARY_BL,
SYS,WRH$_SYSSTAT,
SYS,WRH$_SYSSTAT_BL,
SYS,WRH$_SYSTEM_EVENT,
SYS,WRH$_SYSTEM_EVENT_BL,
SYS,WRH$_SYS_TIME_MODEL,
SYS,WRH$_SYS_TIME_MODEL_BL,
SYS,WRH$_TABLESPACE,
SYS,WRH$_TABLESPACE_BL,
SYS,WRH$_TABLESPACE_SPACE_USAGE,
SYS,WRH$_TABLESPACE_SPACE_USAGE_BL,
SYS,WRH$_TABLESPACE_STAT,
SYS,WRH$_TABLESPACE_STAT_BL,
SYS,WRH$_TEMPFILE,
SYS,WRH$_TEMPFILE_BL,
SYS,WRH$_TEMPSTATXS,
SYS,WRH$_TEMPSTATXS_BL,
SYS,WRH$_THREAD,
SYS,WRH$_THREAD_BL,
SYS,WRH$_TOPLEVELCALL_NAME,
SYS,WRH$_UNDOSTAT,
SYS,WRH$_UNDOSTAT_BL,
SYS,WRH$_WAITCLASSMETRIC_HISTORY,
SYS,WRH$_WAITCLASSMETRIC_HISTORY_BL,
SYS,WRH$_WAITSTAT,
SYS,WRH$_WAITSTAT_BL,
SYS,WRI$_ADV_ACTIONS,
SYS,WRI$_ADV_ADDM_FDG,
SYS,WRI$_ADV_ADDM_INST,
SYS,WRI$_ADV_ADDM_PDBS,
SYS,WRI$_ADV_ADDM_TASKS,
SYS,WRI$_ADV_ADDM_TODO,
SYS,WRI$_ADV_AI_COL_USAGE,
SYS,WRI$_ADV_AI_EXP_USAGE,
SYS,WRI$_ADV_ASA_RECO_DATA,
SYS,WRI$_ADV_AUTOMV_DT,
SYS,WRI$_ADV_AUTOMV_MV_CAND,
SYS,WRI$_ADV_AUTOMV_MV_QRY_MAP,
SYS,WRI$_ADV_AUTOMV_MV_SAMP,
SYS,WRI$_ADV_AUTOMV_RSET,
SYS,WRI$_ADV_AUTOMV_STATE,
SYS,WRI$_ADV_DEF_EXEC_TYPES,
SYS,WRI$_ADV_DEFINITIONS,
SYS,WRI$_ADV_DEF_PARAMETERS,
SYS,WRI$_ADV_DIRECTIVE_DEFS,
SYS,WRI$_ADV_DIRECTIVE_INSTANCES,
SYS,WRI$_ADV_DIRECTIVE_META,
SYS,WRI$_ADV_EXEC_PARAMETERS,
SYS,WRI$_ADV_EXECUTIONS,
SYS,WRI$_ADV_FINDINGS,
SYS,WRI$_ADV_INST_FDG,
SYS,WRI$_ADV_JOURNAL,
SYS,WRI$_ADV_MESSAGE_GROUPS,
SYS,WRI$_ADV_OBJECTS,
SYS,WRI$_ADV_PARAMETERS,
SYS,WRI$_ADV_RATIONALE,
SYS,WRI$_ADV_REC_ACTIONS,
SYS,WRI$_ADV_RECOMMENDATIONS,
SYS,WRI$_ADV_SQLA_COLVOL,
SYS,WRI$_ADV_SQLA_FAKE_REG,
SYS,WRI$_ADV_SQLA_MAP,
SYS,WRI$_ADV_SQLA_STMTS,
SYS,WRI$_ADV_SQLA_SUM,
SYS,WRI$_ADV_SQLA_TABLES,
SYS,WRI$_ADV_SQLA_TABVOL,
SYS,WRI$_ADV_SQLA_TMP,
SYS,WRI$_ADV_SQLT_BINDS,
SYS,WRI$_ADV_SQLT_PLAN_HASH,
SYS,WRI$_ADV_SQLT_PLANS,
SYS,WRI$_ADV_SQLT_PLAN_STATS,
SYS,WRI$_ADV_SQLT_RTN_PLAN,
SYS,WRI$_ADV_SQLT_STATISTICS,
SYS,WRI$_ADV_SQLW_COLVOL,
SYS,WRI$_ADV_SQLW_STMTS,
SYS,WRI$_ADV_SQLW_SUM,
SYS,WRI$_ADV_SQLW_TABLES,
SYS,WRI$_ADV_SQLW_TABVOL,
SYS,WRI$_ADV_TASKS,
SYS,WRI$_ADV_USAGE,
SYS,WRI$_AGGREGATION_ENABLED,
SYS,WRI$_ALERT_HISTORY,
SYS,WRI$_ALERT_OUTSTANDING,
SYS,WRI$_ALERT_THRESHOLD,
SYS,WRI$_ALERT_THRESHOLD_LOG,
SYS,WRI$_DBU_CPU_USAGE,
SYS,WRI$_DBU_CPU_USAGE_SAMPLE,
SYS,WRI$_DBU_FEATURE_METADATA,
SYS,WRI$_DBU_FEATURE_USAGE,
SYS,WRI$_DBU_HIGH_WATER_MARK,
SYS,WRI$_DBU_HWM_METADATA,
SYS,WRI$_DBU_USAGE_SAMPLE,
SYS,WRI$_EMX_FILES,
SYS,WRI$_HEATMAP_TOPN_DEP1,
SYS,WRI$_HEATMAP_TOPN_DEP2,
SYS,WRI$_HEATMAP_TOP_OBJECTS,
SYS,WRI$_HEATMAP_TOP_TABLESPACES,
SYS,WRI$_INDEX_USAGE,
SYS,WRI$_MASKING_SCRIPT_PROGRESS,
SYS,WRI$_OPTSTAT_AUX_HISTORY,
SYS,WRI$_OPTSTAT_HISTGRM_HISTORY,
SYS,WRI$_OPTSTAT_HISTHEAD_HISTORY,
SYS,WRI$_OPTSTAT_IND_HISTORY,
SYS,WRI$_OPTSTAT_OPR,
SYS,WRI$_OPTSTAT_OPR_TASKS,
SYS,WRI$_OPTSTAT_SYNOPSIS$,
SYS,WRI$_OPTSTAT_SYNOPSIS_HEAD$,
SYS,WRI$_OPTSTAT_SYNOPSIS_PARTGRP,
SYS,WRI$_OPTSTAT_TAB_HISTORY,
SYS,WRI$_OPTSTAT_TAB_MODEL,
SYS,WRI$_REPT_COMPONENTS,
SYS,WRI$_REPT_FORMATS,
SYS,WRI$_REPT_REPORTS,
SYS,WRI$_SCH_CONTROL,
SYS,WRI$_SCH_VOTES,
SYS,WRI$_SEGADV_ATTRIB,
SYS,WRI$_SEGADV_CNTRLTAB,
SYS,WRI$_SEGADV_OBJLIST,
SYS,WRI$_SQLMON_USAGE,
SYS,WRI$_SQLSET_BINDS,
SYS,WRI$_SQLSET_DEFINITIONS,
SYS,WRI$_SQLSET_MASK,
SYS,WRI$_SQLSET_PLAN_LINES,
SYS,WRI$_SQLSET_PLANS,
SYS,WRI$_SQLSET_PLANS_TOCAP,
SYS,WRI$_SQLSET_REFERENCES,
SYS,WRI$_SQLSET_STATEMENTS,
SYS,WRI$_SQLSET_STATISTICS,
SYS,WRI$_SQLSET_STS_TOPACK,
SYS,WRI$_SQLSET_WORKSPACE,
SYS,WRI$_SQLSET_WORKSPACE_PLANS,
SYS,WRI$_SQLTEXT_REFCOUNT,
SYS,WRI$_STS_GRANULES,
SYS,WRI$_STS_MASKING_ERRORS,
SYS,WRI$_STS_MASKING_EXCEPTIONS,
SYS,WRI$_STS_MASKING_STEP_PROGRESS,
SYS,WRI$_STS_SENSITIVE_SQL,
SYS,WRI$_TOPN_METADATA,
SYS,WRI$_TRACING_ENABLED,
SYS,WRM$_ACTIVE_PDBS,
SYS,WRM$_ACTIVE_PDBS_BL,
SYS,WRM$_BASELINE,
SYS,WRM$_BASELINE_DETAILS,
SYS,WRM$_BASELINE_TEMPLATE,
SYS,WRM$_COLORED_SQL,
SYS,WRM$_DATABASE_INSTANCE,
SYS,WRM$_PDB_IN_SNAP,
SYS,WRM$_PDB_IN_SNAP_BL,
SYS,WRM$_PDB_INSTANCE,
SYS,WRM$_SNAP_ERROR,
SYS,WRM$_SNAP_ERROR_BL,
SYS,WRM$_SNAPSHOT,
SYS,WRM$_SNAPSHOT_BL,
SYS,WRM$_SNAPSHOT_DETAILS,
SYS,WRM$_SNAPSHOT_DETAILS_BL,
SYS,WRMS$_SNAPSHOT,
SYS,WRM$_TABLE_DEFAULT_SETTINGS,
SYS,WRM$_TABLE_SETTINGS,
SYS,WRM$_WR_CATALOG,
SYS,WRM$_WR_CONTROL,
SYS,WRM$_WR_SETTINGS,
SYS,WRM$_WR_USAGE,
SYS,WRP$_REPORTS,
SYS,WRP$_REPORTS_CONTROL,
SYS,WRP$_REPORTS_DETAILS,
SYS,WRP$_REPORTS_TIME_BANDS,
SYS,WRR$_ASREPLAY_DATA,
SYS,WRR$_CAPTURE_BUCKETS,
SYS,WRR$_CAPTURE_FILE_DETAILS,
SYS,WRR$_CAPTURE_FILES,
SYS,WRR$_CAPTURE_LONG_SQLTEXT,
SYS,WRR$_CAPTURES,
SYS,WRR$_CAPTURE_SCHEMA_INFO,
SYS,WRR$_CAPTURE_SCHEMA_INFO_TMP,
SYS,WRR$_CAPTURE_SQLTEXT,
SYS,WRR$_CAPTURE_SQL_TMP,
SYS,WRR$_CAPTURE_STATS,
SYS,WRR$_CAPTURE_UC_GRAPH,
SYS,WRR$_COMMIT_FIRST_CALL_SCN,
SYS,WRR$_COMPONENT_TIMING,
SYS,WRR$_CONNECTION_MAP,
SYS,WRR$_FILE_ID_MAP,
SYS,WRR$_FILTERS,
SYS,WRR$_MASKING_BIND_CACHE,
SYS,WRR$_MASKING_DEFINITION,
SYS,WRR$_MASKING_FILE_PROGRESS,
SYS,WRR$_MASKING_PARAMETERS,
SYS,WRR$_REPLAY_CALL_FILTER,
SYS,WRR$_REPLAY_CALL_INFO,
SYS,WRR$_REPLAY_CLIENTS,
SYS,WRR$_REPLAY_COMMIT_REMAPPING,
SYS,WRR$_REPLAY_COMMITS,
SYS,WRR$_REPLAY_CONN_DATA,
SYS,WRR$_REPLAY_DATA,
SYS,WRR$_REPLAY_DEP_GRAPH,
SYS,WRR$_REPLAY_DIRECTORY,
SYS,WRR$_REPLAY_DIVERGENCE,
SYS,WRR$_REPLAY_DIV_SUMMARY,
SYS,WRR$_REPLAY_FILES,
SYS,WRR$_REPLAY_FILTER_SET,
SYS,WRR$_REPLAY_GROUP_ASSIGNMENTS,
SYS,WRR$_REPLAY_IFSLA,
SYS,WRR$_REPLAY_INSTANCES,
SYS,WRR$_REPLAY_LOGIN_QUEUE,
SYS,WRR$_REPLAY_REFERENCES,
SYS,WRR$_REPLAYS,
SYS,WRR$_REPLAY_SCHEDULES,
SYS,WRR$_REPLAY_SCN_ORDER,
SYS,WRR$_REPLAY_SEQ_DATA,
SYS,WRR$_REPLAY_SQL_BINDS,
SYS,WRR$_REPLAY_SQL_MAP,
SYS,WRR$_REPLAY_SQL_TEXT,
SYS,WRR$_REPLAY_STATS,
SYS,WRR$_REPLAY_TRACKED_COMMITS,
SYS,WRR$_REPLAY_UC_GRAPH,
SYS,WRR_ROOT_REPLAY_CALL_FILTER,
SYS,WRR_ROOT_REPLAY_COMMITS,
SYS,WRR_ROOT_REPLAY_DATA,
SYS,WRR_ROOT_REPLAY_DEP_GRAPH,
SYS,WRR_ROOT_REPLAY_FILES,
SYS,WRR_ROOT_REPLAY_REFERENCES,
SYS,WRR_ROOT_REPLAY_SCN_ORDER,
SYS,WRR_ROOT_REPLAY_SEQ_DATA,
SYS,WRR$_SCHEDULE_CAPTURES,
SYS,WRR$_SCHEDULE_ORDERING,
SYS,WRR$_SEQUENCE_EXCEPTIONS,
SYS,WRR$_USER_MAP,
SYS,WRR$_WORKLOAD_ATTRIBUTES,
SYS,WRR$_WORKLOAD_EX_OBJECTS,
SYS,WRR$_WORKLOAD_GROUPS,
SYS,WRR$_WORKLOAD_REPLAY_THREAD,
SYS,WRR$_WORKLOAD_SESSIONS,
SYS,WRWC$_EXP_CONTROL,
SYS,WRW$_CLIENT_DELIVERY_SVC,
SYS,WRW$_CLIENT_MAILPKG,
SYS,WRW$_DOWNLOAD_STATS,
SYS,WRW$_SERVER_MAILPKG,
SYS,WRWS$_WAREHOUSE_REGISTRATION,
SYS,WRW$_UPLOAD_STATS,
SYS,WRW$_WAREHOUSE_CONFIG,
SYS,XDB_REALM_VIEW,
SYS,XDS_ACE,All ACEs in ACLs that are visible to the current user in the database
SYS,XDS_ACL,All ACLs that are visible to the current user in the database
SYS,XS$ACE,
SYS,XS$ACE_PRIV,
SYS,XS$ACL,
SYS,XS$ACL_PARAM,
SYS,XS$AGGR_PRIV,
SYS,XS$ATTR_SEC,
SYS,XS$CACHE_ACTIONS,Timestamps used for Mid-Tier-Cache object invalidation
SYS,XS$CACHE_DELETE,"Table to retain deleted ACLOIDs, SecurityClasses, roles etc"
SYS,XSDB$SCHEMA_ACL,Table to hold schema name and their protecting ACL path
SYS,XS$DSEC,
SYS,XS$INSTSET_ACL,
SYS,XS$INSTSET_INH,
SYS,XS$INSTSET_INH_KEY,
SYS,XS$INSTSET_LIST,
SYS,XS$INSTSET_RULE,
SYS,XS$NSTMPL,
SYS,XS$NSTMPL_ATTR,
SYS,XS$OBJ,
SYS,XS$OLAP_POLICY,
SYS,XS$PARAMETERS,
SYS,XS$POLICY_PARAM,
SYS,XS$PRIN,
SYS,XS$PRIV,
SYS,XS$PROXY_ROLE,
SYS,XS$ROLE_GRANT,
SYS,XS$ROLESET,
SYS,XS$ROLESET_ROLES,
SYS,XS$SECCLS,
SYS,XS$SECCLS_H,
SYS,XS$TENANT,
SYS,XSTREAM$_DDL_CONFLICT_HANDLER,
SYS,XSTREAM$_DML_CONFLICT_COLUMNS,
SYS,XSTREAM$_DML_CONFLICT_HANDLER,
SYS,XSTREAM$_HANDLE_COLLISIONS,
SYS,XSTREAM$_MAP,
SYS,XSTREAM$_PARAMETERS,
SYS,XSTREAM$_PRIVILEGES,
SYS,XSTREAM$_REPERROR_HANDLER,
SYS,XSTREAM$_SERVER,
SYS,XSTREAM$_SERVER_CONNECTION,
SYS,XSTREAM$_SUBSET_RULES,
SYS,XSTREAM$_SYSGEN_OBJS,
SYS,XS$VALIDATION_TABLE,
SYS,XS$VERIFIERS,
SYS,XS$WORKSPACE,
SYSTEM,AQ$_INTERNET_AGENT_PRIVS,
SYSTEM,AQ$_INTERNET_AGENTS,
SYSTEM,AQ$_KEY_SHARD_MAP,
SYSTEM,AQ$_QUEUES,
SYSTEM,AQ$_QUEUE_TABLES,
SYSTEM,AQ$_SCHEDULES,
SYSTEM,HELP,
SYSTEM,LOGMNR_AGE_SPILL$,
SYSTEM,LOGMNR_ATTRCOL$,
SYSTEM,LOGMNR_ATTRIBUTE$,
SYSTEM,LOGMNR_CCOL$,
SYSTEM,LOGMNRC_CONCOL_GG,
SYSTEM,LOGMNRC_CON_GG,
SYSTEM,LOGMNRC_DBNAME_UID_MAP,
SYSTEM,LOGMNR_CDEF$,
SYSTEM,LOGMNRC_GSBA,
SYSTEM,LOGMNRC_GSII,
SYSTEM,LOGMNRC_GTCS,
SYSTEM,LOGMNRC_GTLO,
SYSTEM,LOGMNRC_INDCOL_GG,
SYSTEM,LOGMNRC_IND_GG,
SYSTEM,LOGMNR_COL$,
SYSTEM,LOGMNR_COLTYPE$,
SYSTEM,LOGMNR_CON$,
SYSTEM,LOGMNR_CONTAINER$,
SYSTEM,LOGMNRC_SEQ_GG,
SYSTEM,LOGMNRC_SHARD_TS,
SYSTEM,LOGMNRC_TS,
SYSTEM,LOGMNRC_TSPART,
SYSTEM,LOGMNRC_USER,
SYSTEM,LOGMNR_DICTIONARY$,
SYSTEM,LOGMNR_DICTSTATE$,
SYSTEM,LOGMNR_DID$,
SYSTEM,LOGMNR_ENC$,
SYSTEM,LOGMNR_ERROR$,
SYSTEM,LOGMNR_FILTER$,
SYSTEM,LOGMNRGGC_GTCS,
SYSTEM,LOGMNRGGC_GTLO,
SYSTEM,LOGMNR_GLOBAL$,
SYSTEM,LOGMNR_GT_TAB_INCLUDE$,
SYSTEM,LOGMNR_GT_USER_INCLUDE$,
SYSTEM,LOGMNR_GT_XID_INCLUDE$,
SYSTEM,LOGMNR_ICOL$,
SYSTEM,LOGMNR_IDNSEQ$,
SYSTEM,LOGMNR_IND$,
SYSTEM,LOGMNR_INDCOMPART$,
SYSTEM,LOGMNR_INDPART$,
SYSTEM,LOGMNR_INDSUBPART$,
SYSTEM,LOGMNR_KOPM$,
SYSTEM,LOGMNR_LOB$,
SYSTEM,LOGMNR_LOBFRAG$,
SYSTEM,LOGMNR_LOG$,
SYSTEM,LOGMNR_LOGMNR_BUILDLOG,
SYSTEM,LOGMNR_NTAB$,
SYSTEM,LOGMNR_OBJ$,
SYSTEM,LOGMNR_OPQTYPE$,
SYSTEM,LOGMNR_PARAMETER$,
SYSTEM,LOGMNR_PARTOBJ$,
SYSTEM,LOGMNRP_CTAS_PART_MAP,
SYSTEM,LOGMNR_PDB_INFO$,
SYSTEM,LOGMNR_PROCESSED_LOG$,
SYSTEM,LOGMNR_PROFILE_PLSQL_STATS$,
SYSTEM,LOGMNR_PROFILE_TABLE_STATS$,
SYSTEM,LOGMNR_PROPS$,
SYSTEM,LOGMNR_REFCON$,
SYSTEM,LOGMNR_RESTART_CKPT$,
SYSTEM,LOGMNR_RESTART_CKPT_TXINFO$,
SYSTEM,LOGMNR_SEED$,
SYSTEM,LOGMNR_SESSION$,
SYSTEM,LOGMNR_SESSION_ACTIONS$,
SYSTEM,LOGMNR_SESSION_EVOLVE$,
SYSTEM,LOGMNR_SHARD_TS,
SYSTEM,LOGMNR_SPILL$,
SYSTEM,LOGMNR_SUBCOLTYPE$,
SYSTEM,LOGMNR_TAB$,
SYSTEM,LOGMNR_TABCOMPART$,
SYSTEM,LOGMNR_TABPART$,
SYSTEM,LOGMNR_TABSUBPART$,
SYSTEM,LOGMNRT_MDDL$,
SYSTEM,LOGMNR_TS$,
SYSTEM,LOGMNR_TYPE$,
SYSTEM,LOGMNR_UID$,
SYSTEM,LOGMNR_USER$,
SYSTEM,LOGSTDBY$APPLY_MILESTONE,
SYSTEM,LOGSTDBY$APPLY_PROGRESS,
SYSTEM,LOGSTDBY$EDS_TABLES,
SYSTEM,LOGSTDBY$EVENTS,
SYSTEM,LOGSTDBY$FLASHBACK_SCN,
SYSTEM,LOGSTDBY$HISTORY,
SYSTEM,LOGSTDBY$PARAMETERS,
SYSTEM,LOGSTDBY$PLSQL,
SYSTEM,LOGSTDBY$SCN,
SYSTEM,LOGSTDBY$SKIP,
SYSTEM,LOGSTDBY$SKIP_SUPPORT,
SYSTEM,LOGSTDBY$SKIP_TRANSACTION,
SYSTEM,MVIEW$_ADV_AJG,Anchor-join graph representation
SYSTEM,MVIEW$_ADV_BASETABLE,Base tables refered by a query
SYSTEM,MVIEW$_ADV_CLIQUE,Table for storing canonical form of Clique queries
SYSTEM,MVIEW$_ADV_ELIGIBLE,Summary management rewrite eligibility information
SYSTEM,MVIEW$_ADV_EXCEPTIONS,Output table for dimension validations
SYSTEM,MVIEW$_ADV_FILTER,Table for workload filter definition
SYSTEM,MVIEW$_ADV_FILTERINSTANCE,Table for workload filter instance definition
SYSTEM,MVIEW$_ADV_FJG,Representation for query join sub-graph not in AJG
SYSTEM,MVIEW$_ADV_GC,Group-by columns of a query
SYSTEM,MVIEW$_ADV_INFO,Internal table for passing information from the SQL analyzer
SYSTEM,MVIEW$_ADV_JOURNAL,Summary advisor journal table for debugging and information
SYSTEM,MVIEW$_ADV_LEVEL,Level definition
SYSTEM,MVIEW$_ADV_LOG,Log all calls to summary advisory functions
SYSTEM,MVIEW$_ADV_OUTPUT,Output table for summary recommendations and evaluations
SYSTEM,MVIEW$_ADV_PARAMETERS,Summary advisor tuning parameters
SYSTEM,MVIEW$_ADV_PLAN,Private plan table for estimate_mview_size operations
SYSTEM,MVIEW$_ADV_PRETTY,Table for sql parsing
SYSTEM,MVIEW$_ADV_ROLLUP,Each row repesents either a functional dependency or join-key relationship
SYSTEM,MVIEW$_ADV_SQLDEPEND,Temporary table for workload collections
SYSTEM,MVIEW$_ADV_TEMP,Table for temporary data
SYSTEM,MVIEW$_ADV_WORKLOAD,Shared workload repository for DBA users of summary advisor
SYSTEM,MVIEW_EVALUATIONS,This view gives DBA access to summary evaluation output
SYSTEM,MVIEW_EXCEPTIONS,This view gives DBA access to dimension validation results
SYSTEM,MVIEW_FILTER,Workload filter records
SYSTEM,MVIEW_FILTERINSTANCE,Workload filter instance records
SYSTEM,MVIEW_LOG,Advisor session log
SYSTEM,MVIEW_RECOMMENDATIONS,This view gives DBA access to summary recommendations
SYSTEM,MVIEW_WORKLOAD,This view gives DBA access to shared workload
SYSTEM,OL$,
SYSTEM,OL$HINTS,
SYSTEM,OL$NODES,
SYSTEM,PRODUCT_PRIVS,
SYSTEM,REDO_DB,
SYSTEM,REDO_LOG,
SYSTEM,REPL_SUPPORT_MATRIX,
SYSTEM,REPL_VALID_COMPAT,
SYSTEM,ROLLING$CONNECTIONS,
SYSTEM,ROLLING$DATABASES,
SYSTEM,ROLLING$DIRECTIVES,
SYSTEM,ROLLING$EVENTS,
SYSTEM,ROLLING$PARAMETERS,
SYSTEM,ROLLING$PLAN,
SYSTEM,ROLLING$STATISTICS,
SYSTEM,ROLLING$STATUS,
SYSTEM,SCHEDULER_JOB_ARGS,
SYSTEM,SCHEDULER_JOB_ARGS_TBL,
SYSTEM,SCHEDULER_PROGRAM_ARGS,
SYSTEM,SCHEDULER_PROGRAM_ARGS_TBL,
SYSTEM,SQLPLUS_PRODUCT_PROFILE,
WMSYS,ALL_MP_GRAPH_WORKSPACES,
WMSYS,ALL_MP_PARENT_WORKSPACES,
WMSYS,ALL_REMOVED_WORKSPACES,
WMSYS,ALL_VERSION_HVIEW,
WMSYS,ALL_WM_CONS_COLUMNS,
WMSYS,ALL_WM_CONSTRAINTS,
WMSYS,ALL_WM_CONSTRAINT_VIOLATIONS,
WMSYS,ALL_WM_IND_COLUMNS,
WMSYS,ALL_WM_IND_EXPRESSIONS,
WMSYS,ALL_WM_LOCKED_TABLES,
WMSYS,ALL_WM_MODIFIED_TABLES,
WMSYS,ALL_WM_POLICIES,
WMSYS,ALL_WM_RIC_INFO,
WMSYS,ALL_WM_TAB_TRIGGERS,
WMSYS,ALL_WM_VERSIONED_TABLES,
WMSYS,ALL_WM_VT_ERRORS,
WMSYS,ALL_WORKSPACE_PRIVS,
WMSYS,ALL_WORKSPACES,
WMSYS,ALL_WORKSPACE_SAVEPOINTS,
WMSYS,ALL_WORKSPACES_INTERNAL,
WMSYS,AQ$WM$EVENT_QUEUE_TABLE,
WMSYS,AQ$_WM$EVENT_QUEUE_TABLE_F,
WMSYS,AQ$_WM$EVENT_QUEUE_TABLE_G,
WMSYS,AQ$_WM$EVENT_QUEUE_TABLE_H,
WMSYS,AQ$_WM$EVENT_QUEUE_TABLE_I,
WMSYS,AQ$_WM$EVENT_QUEUE_TABLE_L,
WMSYS,AQ$WM$EVENT_QUEUE_TABLE_R,
WMSYS,AQ$_WM$EVENT_QUEUE_TABLE_S,
WMSYS,AQ$WM$EVENT_QUEUE_TABLE_S,
WMSYS,AQ$_WM$EVENT_QUEUE_TABLE_T,
WMSYS,CDB_REMOVED_WORKSPACES,in all containers
WMSYS,CDB_WM_SYS_PRIVS,in all containers
WMSYS,CDB_WM_VERSIONED_TABLES,in all containers
WMSYS,CDB_WM_VT_ERRORS,in all containers
WMSYS,CDB_WORKSPACE_PRIVS,in all containers
WMSYS,CDB_WORKSPACES,in all containers
WMSYS,CDB_WORKSPACE_SAVEPOINTS,in all containers
WMSYS,CDB_WORKSPACE_SESSIONS,in all containers
WMSYS,DBA_REMOVED_WORKSPACES,
WMSYS,DBA_WM_SYS_PRIVS,
WMSYS,DBA_WM_VERSIONED_TABLES,
WMSYS,DBA_WM_VT_ERRORS,
WMSYS,DBA_WORKSPACE_PRIVS,
WMSYS,DBA_WORKSPACES,
WMSYS,DBA_WORKSPACE_SAVEPOINTS,
WMSYS,DBA_WORKSPACE_SESSIONS,
WMSYS,ROLE_WM_PRIVS,
WMSYS,USER_MP_GRAPH_WORKSPACES,
WMSYS,USER_MP_PARENT_WORKSPACES,
WMSYS,USER_REMOVED_WORKSPACES,
WMSYS,USER_WM_CONS_COLUMNS,
WMSYS,USER_WM_CONSTRAINTS,
WMSYS,USER_WM_IND_COLUMNS,
WMSYS,USER_WM_IND_EXPRESSIONS,
WMSYS,USER_WM_LOCKED_TABLES,
WMSYS,USER_WM_MODIFIED_TABLES,
WMSYS,USER_WM_POLICIES,
WMSYS,USER_WM_PRIVS,
WMSYS,USER_WM_RIC_INFO,
WMSYS,USER_WM_TAB_TRIGGERS,
WMSYS,USER_WM_VERSIONED_TABLES,
WMSYS,USER_WM_VT_ERRORS,
WMSYS,USER_WORKSPACE_PRIVS,
WMSYS,USER_WORKSPACES,
WMSYS,USER_WORKSPACE_SAVEPOINTS,
WMSYS,WM$ALL_LOCKS_VIEW,
WMSYS,WM$ALL_VERSION_HVIEW_WDEPTH,
WMSYS,WM$ANC_VERSION_VIEW,
WMSYS,WM$BASE_HIERARCHY_VIEW,
WMSYS,WM$BASE_NEXTVER_VIEW,
WMSYS,WM$BASE_VERSION_VIEW,
WMSYS,WM$BATCH_COMPRESSIBLE_TABLES,
WMSYS,WM$BATCH_COMPRESSIBLE_TABLES$,
WMSYS,WM$COLUMN_PROPS,
WMSYS,WM_COMPRESS_BATCH_SIZES,
WMSYS,WM_COMPRESSIBLE_TABLES,
WMSYS,WM$CONF_BASE_HIERARCHY_VIEW,
WMSYS,WM$CONF_BASE_NEXTVER_VIEW,
WMSYS,WM$CONF1_HIERARCHY_VIEW,
WMSYS,WM$CONF1_NEXTVER_VIEW,
WMSYS,WM$CONF2_HIERARCHY_VIEW,
WMSYS,WM$CONF2_NEXTVER_VIEW,
WMSYS,WM$CONS_COLUMNS,
WMSYS,WM$CONS_COLUMNS$,
WMSYS,WM$CONSTRAINTS_TABLE,
WMSYS,WM$CONSTRAINTS_TABLE$,
WMSYS,WM$CURCONFLICT_NEXTVERS_VIEW,
WMSYS,WM$CURCONFLICT_PARVERS_VIEW,
WMSYS,WM$CURRENT_CHILD_VERSIONS_VIEW,
WMSYS,WM$CURRENT_CONS_NEXTVERS_VIEW,
WMSYS,WM$CURRENT_CONS_VERSIONS_VIEW,
WMSYS,WM$CURRENT_MP_JOIN_POINTS,
WMSYS,WM$CURRENT_NEXTVERS_VIEW,
WMSYS,WM$CURRENT_PARVERS_VIEW,
WMSYS,WM$CURRENT_WORKSPACE_VIEW,
WMSYS,WM$DBA_TAB_COLS,
WMSYS,WM$DIFF1_HIERARCHY_VIEW,
WMSYS,WM$DIFF1_NEXTVER_VIEW,
WMSYS,WM$DIFF2_HIERARCHY_VIEW,
WMSYS,WM$DIFF2_NEXTVER_VIEW,
WMSYS,WM$ENV_VARS,
WMSYS,WM$ENV_VARS$,
WMSYS,WM$EVENT_QUEUE_TABLE,
WMSYS,WM$EVENTS_INFO,
WMSYS,WM$EVENTS_INFO$,
WMSYS,WM_EVENTS_INFO,
WMSYS,WM$EXP_MAP,
WMSYS,WM$EXP_MAP_TBL,
WMSYS,WM$HASH_TABLE,
WMSYS,WM$HASH_TABLE$,
WMSYS,WM$HINT_TABLE,
WMSYS,WM$HINT_TABLE$,
WMSYS,WM_INSTALLATION,
WMSYS,WM$INSTEADOF_TRIGS_TABLE,
WMSYS,WM$INTERNAL_OBJECTS,
WMSYS,WM$LOCKROWS_INFO,
WMSYS,WM$LOCKROWS_INFO$,
WMSYS,WM$METADATA_MAP,
WMSYS,WM$METADATA_MAP_TBL,
WMSYS,WM$MIGRATION_ERROR_VIEW,
WMSYS,WM$MODIFIED_TABLES,
WMSYS,WM$MODIFIED_TABLES$,
WMSYS,WM$MP_GRAPH_CONS_VERSIONS,
WMSYS,WM$MP_GRAPH_NEW_VERSIONS,
WMSYS,WM$MP_GRAPH_OTHER_VERSIONS,
WMSYS,WM$MP_GRAPH_REMAINING_VERSIONS,
WMSYS,WM$MP_GRAPH_REMOVED_VERSIONS,
WMSYS,WM$MP_GRAPH_WORKSPACES_TABLE,
WMSYS,WM$MP_GRAPH_WORKSPACES_TABLE$,
WMSYS,WM$MP_JOIN_POINTS,
WMSYS,WM$MP_PARENT_WORKSPACES_TABLE,
WMSYS,WM$MP_PARENT_WORKSPACES_TABLE$,
WMSYS,WM$MW_NEXTVERS_VIEW,
WMSYS,WM$MW_TABLE,
WMSYS,WM$MW_TABLE$,
WMSYS,WM$MW_VERSIONS_VIEW_9I,
WMSYS,WM$NESTED_COLUMNS_TABLE,
WMSYS,WM$NESTED_COLUMNS_TABLE$,
WMSYS,WM$NET_DIFF1_HIERARCHY_VIEW,
WMSYS,WM$NET_DIFF2_HIERARCHY_VIEW,
WMSYS,WM$NEXTVER_TABLE,
WMSYS,WM$NEXTVER_TABLE$,
WMSYS,WM$PARCONFLICT_NEXTVERS_VIEW,
WMSYS,WM$PARCONFLICT_PARVERS_VIEW,
WMSYS,WM$PARVERS_VIEW,
WMSYS,WM$REMOVED_WORKSPACES_TABLE,
WMSYS,WM_REPLICATION_INFO,
WMSYS,WM$RESOLVE_WORKSPACES_TABLE,
WMSYS,WM$RESOLVE_WORKSPACES_TABLE$,
WMSYS,WM$RIC_LOCKING_TABLE,
WMSYS,WM$RIC_LOCKING_TABLE$,
WMSYS,WM$RIC_TABLE,
WMSYS,WM$RIC_TABLE$,
WMSYS,WM$RIC_TRIGGERS_TABLE,
WMSYS,WM$RIC_TRIGGERS_TABLE$,
WMSYS,WM$SYSPARAM_ALL_VALUES,
WMSYS,WM$SYSPARAM_ALL_VALUES$,
WMSYS,WM$TABLE_PARVERS_VIEW,
WMSYS,WM$TABLE_VERSIONS_IN_LIVE_VIEW,
WMSYS,WM$TABLE_WS_PARVERS_VIEW,
WMSYS,WM$UDTRIG_DISPATCH_PROCS,
WMSYS,WM$UDTRIG_DISPATCH_PROCS$,
WMSYS,WM$UDTRIG_INFO,
WMSYS,WM$UDTRIG_INFO$,
WMSYS,WM$VERSIONED_TABLES,
WMSYS,WM$VERSIONED_TABLES$,
WMSYS,WM$VERSIONED_TABLES$D,
WMSYS,WM$VERSIONED_TABLES$H,
WMSYS,WM$VERSION_HIERARCHY_TABLE,
WMSYS,WM$VERSION_HIERARCHY_TABLE$,
WMSYS,WM$VERSION_TABLE,
WMSYS,WM$VERSION_TABLE$,
WMSYS,WM$VERSION_VIEW,
WMSYS,WM$VT_ERRORS_TABLE,
WMSYS,WM$VT_ERRORS_TABLE$,
WMSYS,WM$WORKSPACE_PRIV_TABLE,
WMSYS,WM$WORKSPACE_PRIV_TABLE$,
WMSYS,WM$WORKSPACE_SAVEPOINTS_TABLE,
WMSYS,WM$WORKSPACE_SAVEPOINTS_TABLE$,
WMSYS,WM$WORKSPACE_SESSIONS_VIEW,
WMSYS,WM$WORKSPACES_TABLE,
WMSYS,WM$WORKSPACES_TABLE$,
WMSYS,WM$WORKSPACES_TABLE$D,
WMSYS,WM$WORKSPACES_TABLE$I,
XDB,APP_ROLE_MEMBERSHIP,Application role membership
XDB,APP_USERS_AND_ROLES,Application users and roles/workspaces
XDB,DOCUMENT_LINKS,
XDB,JSON$COLLECTION_METADATA,
XDB,JSON$COLLECTION_METADATA_V,
XDB,JSON$USER_COLLECTION_METADATA,
XDB,JSON$USER_CREDENTIALS,
XDB,JSON$USER_ROLES,
XDB,JSON$USERS,
XDB,PATH_VIEW,
XDB,RESOURCE_VIEW,
XDB,XDB$ACL,
XDB,XDB$ALL_MODEL,
XDB,XDB$ANY,
XDB,XDB$ANYATTR,
XDB,XDB$ATTRGROUP_DEF,
XDB,XDB$ATTRGROUP_REF,
XDB,XDB$ATTRIBUTE,
XDB,XDB$CDBPORTS,
XDB,XDB$CHECKOUTS,
XDB,XDB$CHOICE_MODEL,
XDB,XDB$COLUMN_INFO,
XDB,XDB$COMPLEX_TYPE,
XDB,XDB$CONFIG,
XDB,XDB$DBFS_VIRTUAL_FOLDER,
XDB,XDB$D_LINK,
XDB,XDB$DXPTAB,
XDB,XDB$ELEMENT,
XDB,XDB$GROUP_DEF,
XDB,XDB$GROUP_REF,
XDB,XDB$H_INDEX,
XDB,XDB$H_LINK,
XDB,XDB$IMPORT_NM_INFO,
XDB,XDB$IMPORT_PT_INFO,
XDB,XDB$IMPORT_QN_INFO,
XDB,XDB$IMPORT_TT_INFO,
XDB,XDB_INDEX_DDL_CACHE,
XDB,XDB$MOUNTS,
XDB,XDB$NLOCKS,
XDB,XDB$NONCEKEY,
XDB,XDB$PATH_INDEX_PARAMS,
XDB,XDB$RCLIST_V,
XDB,XDB$REPOS,
XDB,XDB$RESCONFIG,
XDB,XDB$RESOURCE,
XDB,XDB$ROOT_INFO,
XDB,XDB$ROOT_INFO_V,
XDB,XDB$SCHEMA,
XDB,XDB$SEQUENCE_MODEL,
XDB,XDB$SIMPLE_TYPE,
XDB,XDB$STATS,
XDB,XDB$TSETMAP,
XDB,XDB$TTSET,
XDB,XDB$XDB_READY,
XDB,XDB$XIDX_IMP_T,
XDB,XDB$XIDX_PARAM_T,
XDB,XDB$XIDX_PART_TAB,
XDB,XDB$XTAB,
XDB,XDB$XTABCOLS,
XDB,XDB$XTABNMSP,
XDB,X$NM23LVJDK4EL9LDAHTO4RRGH5N9U,
XDB,X$NM3ADNSLAGTT8OS8LBDC1O5S5F53,
XDB,X$PT23LVJDK4EL9LDAHTO4RRGH5N9U,
XDB,X$PT3ADNSLAGTT8OS8LBDC1O5S5F53,
XDB,X$QN23LVJDK4EL9LDAHTO4RRGH5N9U,
XDB,X$QN3ADNSLAGTT8OS8LBDC1O5S5F53,
