OWNER,SYNONYM_NAME,TABLE_OWNER,TABLE_NAME,DB_LINK
APPQOSSYS,DBMS_WLM,SYS,DBMS_WLM,
DBSNMP,MGMT_BSLN,DBSNMP,BSLN,
DVSYS,CONFIGURE_DV,SYS,CONFIGURE_DV,
DVSYS,OUT,DVSYS,DBMS_MACOUT,
GSMADMIN_INTERNAL,CATALOG_DDLS,SYS,CATALOG_DDLS,
GSMADMIN_INTERNAL,DDL_REQUESTS,SYS,DDL_REQUESTS,
GSMADMIN_INTERNAL,DDL_REQUESTS_PWD,SYS,DDL_REQUESTS_PWD,
GSMADMIN_INTERNAL,PTSHD_SCHEMA_OBJECTS,SYS,PTSHD_SCHEMA_OBJECTS,
GSMADMIN_INTERNAL,SHARD_OBJECTS,SYS,SHARD_OBJECTS,
LBACSYS,CONFIGURE_OLS,SYS,CONFIGURE_OLS,
LBACSYS,OLS_ENFORCEMENT,SYS,OLS_ENFORCEMENT,
PUBLIC,ABSPATH,XDB,ABSPATH,
PUBLIC,ADBTASK_CLIENT,SYS,ADBTASK_CLIENT,
PUBLIC,ADBTASK_SCHEDULE,SYS,ADBTASK_SCHEDULE,
PUBLIC,ADBTASK_SETTINGS,SYS,ADBTASK_SETTINGS,
PUBLIC,ADR_HOME_T,SYS,ADR_HOME_T,
PUBLIC,ADR_INCIDENT_CORR_KEYS_T,SYS,ADR_INCIDENT_CORR_KEYS_T,
PUBLIC,ADR_INCIDENT_ERR_ARGS_T,SYS,ADR_INCIDENT_ERR_ARGS_T,
PUBLIC,ADR_INCIDENT_FILES_T,SYS,ADR_INCIDENT_FILES_T,
PUBLIC,ADR_INCIDENT_T,SYS,ADR_INCIDENT_T,
PUBLIC,ADR_LOG_MSG_ARGS_T,SYS,ADR_LOG_MSG_ARGS_T,
PUBLIC,ADR_LOG_MSG_ARG_T,SYS,ADR_LOG_MSG_ARG_T,
PUBLIC,ADR_LOG_MSG_ECID_T,SYS,ADR_LOG_MSG_ECID_T,
PUBLIC,ADR_LOG_MSG_ERRID_T,SYS,ADR_LOG_MSG_ERRID_T,
PUBLIC,ADR_LOG_MSG_SUPPL_ATTRS_T,SYS,ADR_LOG_MSG_SUPPL_ATTRS_T,
PUBLIC,ADR_LOG_MSG_SUPPL_ATTR_T,SYS,ADR_LOG_MSG_SUPPL_ATTR_T,
PUBLIC,ADR_LOG_MSG_T,SYS,ADR_LOG_MSG_T,
PUBLIC,ADVISOR_OBJECT,SYS,ADVISOR_OBJECT,
PUBLIC,ALERT_TYPE,SYS,ALERT_TYPE,
PUBLIC,ALL_ALL_TABLES,SYS,ALL_ALL_TABLES,
PUBLIC,ALL_ANALYTIC_VIEW_AGGR_DIMS,SYS,ALL_ANALYTIC_VIEW_AGGR_DIMS,
PUBLIC,ALL_ANALYTIC_VIEW_AGGR_FNS,SYS,ALL_ANALYTIC_VIEW_AGGR_FNS,
PUBLIC,ALL_ANALYTIC_VIEW_ATTR_CLASS,SYS,ALL_ANALYTIC_VIEW_ATTR_CLASS,
PUBLIC,ALL_ANALYTIC_VIEW_BASE_MEAS,SYS,ALL_ANALYTIC_VIEW_BASE_MEAS,
PUBLIC,ALL_ANALYTIC_VIEW_CALC_MEAS,SYS,ALL_ANALYTIC_VIEW_CALC_MEAS,
PUBLIC,ALL_ANALYTIC_VIEW_CLASS,SYS,ALL_ANALYTIC_VIEW_CLASS,
PUBLIC,ALL_ANALYTIC_VIEW_COLUMNS,SYS,ALL_ANALYTIC_VIEW_COLUMNS,
PUBLIC,ALL_ANALYTIC_VIEW_DIM_ATTRS,SYS,ALL_ANALYTIC_VIEW_DIM_ATTRS,
PUBLIC,ALL_ANALYTIC_VIEW_DIM_CLASS,SYS,ALL_ANALYTIC_VIEW_DIM_CLASS,
PUBLIC,ALL_ANALYTIC_VIEW_DIMENSIONS,SYS,ALL_ANALYTIC_VIEW_DIMENSIONS,
PUBLIC,ALL_ANALYTIC_VIEW_FACT_COLS,SYS,ALL_ANALYTIC_VIEW_FACT_COLS,
PUBLIC,ALL_ANALYTIC_VIEW_HIER_CLASS,SYS,ALL_ANALYTIC_VIEW_HIER_CLASS,
PUBLIC,ALL_ANALYTIC_VIEW_HIERS,SYS,ALL_ANALYTIC_VIEW_HIERS,
PUBLIC,ALL_ANALYTIC_VIEW_KEYS,SYS,ALL_ANALYTIC_VIEW_KEYS,
PUBLIC,ALL_ANALYTIC_VIEW_LEVEL_CLASS,SYS,ALL_ANALYTIC_VIEW_LEVEL_CLASS,
PUBLIC,ALL_ANALYTIC_VIEW_LEVELS,SYS,ALL_ANALYTIC_VIEW_LEVELS,
PUBLIC,ALL_ANALYTIC_VIEW_LVLGRPS,SYS,ALL_ANALYTIC_VIEW_LVLGRPS,
PUBLIC,ALL_ANALYTIC_VIEW_MEAS_CLASS,SYS,ALL_ANALYTIC_VIEW_MEAS_CLASS,
PUBLIC,ALL_ANALYTIC_VIEWS,SYS,ALL_ANALYTIC_VIEWS,
PUBLIC,ALL_ANNOTATION_TEXT_METADATA,MDSYS,ALL_ANNOTATION_TEXT_METADATA,
PUBLIC,ALL_APPLY,SYS,ALL_APPLY,
PUBLIC,ALL_APPLY_CHANGE_HANDLERS,SYS,ALL_APPLY_CHANGE_HANDLERS,
PUBLIC,ALL_APPLY_CONFLICT_COLUMNS,SYS,ALL_APPLY_CONFLICT_COLUMNS,
PUBLIC,ALL_APPLY_DML_CONF_COLUMNS,SYS,ALL_APPLY_DML_CONF_COLUMNS,
PUBLIC,ALL_APPLY_DML_CONF_HANDLERS,SYS,ALL_APPLY_DML_CONF_HANDLERS,
PUBLIC,ALL_APPLY_DML_HANDLERS,SYS,ALL_APPLY_DML_HANDLERS,
PUBLIC,ALL_APPLY_ENQUEUE,SYS,ALL_APPLY_ENQUEUE,
PUBLIC,ALL_APPLY_ERROR,SYS,ALL_APPLY_ERROR,
PUBLIC,ALL_APPLY_ERROR_MESSAGES,SYS,ALL_APPLY_ERROR_MESSAGES,
PUBLIC,ALL_APPLY_EXECUTE,SYS,ALL_APPLY_EXECUTE,
PUBLIC,ALL_APPLY_HANDLE_COLLISIONS,SYS,ALL_APPLY_HANDLE_COLLISIONS,
PUBLIC,ALL_APPLY_INSTANTIATED_GLOBAL,SYS,ALL_APPLY_INSTANTIATED_GLOBAL,
PUBLIC,ALL_APPLY_INSTANTIATED_OBJECTS,SYS,ALL_APPLY_INSTANTIATED_OBJECTS,
PUBLIC,ALL_APPLY_INSTANTIATED_SCHEMAS,SYS,ALL_APPLY_INSTANTIATED_SCHEMAS,
PUBLIC,ALL_APPLY_KEY_COLUMNS,SYS,ALL_APPLY_KEY_COLUMNS,
PUBLIC,ALL_APPLY_PARAMETERS,SYS,ALL_APPLY_PARAMETERS,
PUBLIC,ALL_APPLY_PROGRESS,SYS,ALL_APPLY_PROGRESS,
PUBLIC,ALL_APPLY_REPERROR_HANDLERS,SYS,ALL_APPLY_REPERROR_HANDLERS,
PUBLIC,ALL_APPLY_SPILL_TXN,SYS,ALL_APPLY_SPILL_TXN,
PUBLIC,ALL_APPLY_TABLE_COLUMNS,SYS,ALL_APPLY_TABLE_COLUMNS,
PUBLIC,ALL_ARGUMENTS,SYS,ALL_ARGUMENTS,
PUBLIC,ALL_ASSEMBLIES,SYS,ALL_ASSEMBLIES,
PUBLIC,ALL_ASSOCIATIONS,SYS,ALL_ASSOCIATIONS,
PUBLIC,ALL_ATTRIBUTE_DIM_ATTR_CLASS,SYS,ALL_ATTRIBUTE_DIM_ATTR_CLASS,
PUBLIC,ALL_ATTRIBUTE_DIM_ATTRS,SYS,ALL_ATTRIBUTE_DIM_ATTRS,
PUBLIC,ALL_ATTRIBUTE_DIM_CLASS,SYS,ALL_ATTRIBUTE_DIM_CLASS,
PUBLIC,ALL_ATTRIBUTE_DIMENSIONS,SYS,ALL_ATTRIBUTE_DIMENSIONS,
PUBLIC,ALL_ATTRIBUTE_DIM_JOIN_PATHS,SYS,ALL_ATTRIBUTE_DIM_JOIN_PATHS,
PUBLIC,ALL_ATTRIBUTE_DIM_KEYS,SYS,ALL_ATTRIBUTE_DIM_KEYS,
PUBLIC,ALL_ATTRIBUTE_DIM_LEVEL_ATTRS,SYS,ALL_ATTRIBUTE_DIM_LEVEL_ATTRS,
PUBLIC,ALL_ATTRIBUTE_DIM_LEVELS,SYS,ALL_ATTRIBUTE_DIM_LEVELS,
PUBLIC,ALL_ATTRIBUTE_DIM_LVL_CLASS,SYS,ALL_ATTRIBUTE_DIM_LVL_CLASS,
PUBLIC,ALL_ATTRIBUTE_DIM_ORDER_ATTRS,SYS,ALL_ATTRIBUTE_DIM_ORDER_ATTRS,
PUBLIC,ALL_ATTRIBUTE_DIM_TABLES,SYS,ALL_ATTRIBUTE_DIM_TABLES,
PUBLIC,ALL_ATTRIBUTE_TRANSFORMATIONS,SYS,ALL_ATTRIBUTE_TRANSFORMATIONS,
PUBLIC,ALL_AUDIT_POLICIES,SYS,ALL_AUDIT_POLICIES,
PUBLIC,ALL_AUDIT_POLICY_COLUMNS,SYS,ALL_AUDIT_POLICY_COLUMNS,
PUBLIC,ALL_AW_AC,SYS,ALL_AW_AC,
PUBLIC,ALL_AW_AC_10G,SYS,ALL_AW_AC_10G,
PUBLIC,ALL_AW_CUBE_ENABLED_HIERCOMBO,OLAPSYS,ALL$AW_CUBE_ENABLED_HIERCOMBO,
PUBLIC,ALL_AW_CUBE_ENABLED_VIEWS,OLAPSYS,ALL$AW_CUBE_ENABLED_VIEWS,
PUBLIC,ALL_AW_DIM_ENABLED_VIEWS,OLAPSYS,ALL$AW_DIM_ENABLED_VIEWS,
PUBLIC,ALL_AW_OBJ,SYS,ALL_AW_OBJ,
PUBLIC,ALL_AW_PROP,SYS,ALL_AW_PROP,
PUBLIC,ALL_AW_PROP_NAME,SYS,ALL_AW_PROP_NAME,
PUBLIC,ALL_AW_PS,SYS,ALL_AW_PS,
PUBLIC,ALL_AWS,SYS,ALL_AWS,
PUBLIC,ALL_BASE_TABLE_MVIEWS,SYS,ALL_BASE_TABLE_MVIEWS,
PUBLIC,ALL_BLOCKCHAIN_TABLE_EPOCHS,SYS,ALL_BLOCKCHAIN_TABLE_EPOCHS,
PUBLIC,ALL_BLOCKCHAIN_TABLES,SYS,ALL_BLOCKCHAIN_TABLES,
PUBLIC,ALL_CAPTURE,SYS,ALL_CAPTURE,
PUBLIC,ALL_CAPTURE_EXTRA_ATTRIBUTES,SYS,ALL_CAPTURE_EXTRA_ATTRIBUTES,
PUBLIC,ALL_CAPTURE_PARAMETERS,SYS,ALL_CAPTURE_PARAMETERS,
PUBLIC,ALL_CAPTURE_PREPARED_DATABASE,SYS,ALL_CAPTURE_PREPARED_DATABASE,
PUBLIC,ALL_CAPTURE_PREPARED_SCHEMAS,SYS,ALL_CAPTURE_PREPARED_SCHEMAS,
PUBLIC,ALL_CAPTURE_PREPARED_TABLES,SYS,ALL_CAPTURE_PREPARED_TABLES,
PUBLIC,ALL_CATALOG,SYS,ALL_CATALOG,
PUBLIC,ALL_CERTIFICATES,SYS,ALL_CERTIFICATES,
PUBLIC,ALL_CLUSTER_HASH_EXPRESSIONS,SYS,ALL_CLUSTER_HASH_EXPRESSIONS,
PUBLIC,ALL_CLUSTERING_DIMENSIONS,SYS,ALL_CLUSTERING_DIMENSIONS,
PUBLIC,ALL_CLUSTERING_JOINS,SYS,ALL_CLUSTERING_JOINS,
PUBLIC,ALL_CLUSTERING_KEYS,SYS,ALL_CLUSTERING_KEYS,
PUBLIC,ALL_CLUSTERING_TABLES,SYS,ALL_CLUSTERING_TABLES,
PUBLIC,ALL_CLUSTERS,SYS,ALL_CLUSTERS,
PUBLIC,ALL_CODE_ROLE_PRIVS,SYS,ALL_CODE_ROLE_PRIVS,
PUBLIC,ALL_COL_COMMENTS,SYS,ALL_COL_COMMENTS,
PUBLIC,ALL_COLL_TYPES,SYS,ALL_COLL_TYPES,
PUBLIC,ALL_COL_PENDING_STATS,SYS,ALL_COL_PENDING_STATS,
PUBLIC,ALL_COL_PRIVS,SYS,ALL_COL_PRIVS,
PUBLIC,ALL_COL_PRIVS_MADE,SYS,ALL_COL_PRIVS_MADE,
PUBLIC,ALL_COL_PRIVS_RECD,SYS,ALL_COL_PRIVS_RECD,
PUBLIC,ALL_COMPARISON_SCAN_SUMMARY,SYS,ALL_COMPARISON_SCAN_SUMMARY,
PUBLIC,ALL_CONS_COLUMNS,SYS,ALL_CONS_COLUMNS,
PUBLIC,ALL_CONS_OBJ_COLUMNS,SYS,ALL_CONS_OBJ_COLUMNS,
PUBLIC,ALL_CONSTRAINTS,SYS,ALL_CONSTRAINTS,
PUBLIC,ALL_CONTEXT,SYS,ALL_CONTEXT,
PUBLIC,ALL_CREDENTIALS,SYS,ALL_CREDENTIALS,
PUBLIC,ALL_CUBE_ATTRIBUTES,SYS,ALL_CUBE_ATTRIBUTES,
PUBLIC,ALL_CUBE_ATTR_MAPPINGS,SYS,ALL_CUBE_ATTR_MAPPINGS,
PUBLIC,ALL_CUBE_ATTR_UNIQUE_KEYS,SYS,ALL_CUBE_ATTR_UNIQUE_KEYS,
PUBLIC,ALL_CUBE_ATTR_VISIBILITY,SYS,ALL_CUBE_ATTR_VISIBILITY,
PUBLIC,ALL_CUBE_BUILD_PROCESSES,SYS,ALL_CUBE_BUILD_PROCESSES,
PUBLIC,ALL_CUBE_CALCULATED_MEMBERS,SYS,ALL_CUBE_CALCULATED_MEMBERS,
PUBLIC,ALL_CUBE_CLASSIFICATIONS,SYS,ALL_CUBE_CLASSIFICATIONS,
PUBLIC,ALL_CUBE_DEPENDENCIES,SYS,ALL_CUBE_DEPENDENCIES,
PUBLIC,ALL_CUBE_DESCRIPTIONS,SYS,ALL_CUBE_DESCRIPTIONS,
PUBLIC,ALL_CUBE_DIMENSIONALITY,SYS,ALL_CUBE_DIMENSIONALITY,
PUBLIC,ALL_CUBE_DIMENSIONS,SYS,ALL_CUBE_DIMENSIONS,
PUBLIC,ALL_CUBE_DIM_LEVELS,SYS,ALL_CUBE_DIM_LEVELS,
PUBLIC,ALL_CUBE_DIM_MAPPINGS,SYS,ALL_CUBE_DIM_MAPPINGS,
PUBLIC,ALL_CUBE_DIM_MODELS,SYS,ALL_CUBE_DIM_MODELS,
PUBLIC,ALL_CUBE_DIMNL_MAPPINGS,SYS,ALL_CUBE_DIMNL_MAPPINGS,
PUBLIC,ALL_CUBE_DIM_VIEW_COLUMNS,SYS,ALL_CUBE_DIM_VIEW_COLUMNS,
PUBLIC,ALL_CUBE_DIM_VIEWS,SYS,ALL_CUBE_DIM_VIEWS,
PUBLIC,ALL_CUBE_HIERARCHIES,SYS,ALL_CUBE_HIERARCHIES,
PUBLIC,ALL_CUBE_HIER_LEVELS,SYS,ALL_CUBE_HIER_LEVELS,
PUBLIC,ALL_CUBE_HIER_VIEW_COLUMNS,SYS,ALL_CUBE_HIER_VIEW_COLUMNS,
PUBLIC,ALL_CUBE_HIER_VIEWS,SYS,ALL_CUBE_HIER_VIEWS,
PUBLIC,ALL_CUBE_MAPPINGS,SYS,ALL_CUBE_MAPPINGS,
PUBLIC,ALL_CUBE_MEAS_MAPPINGS,SYS,ALL_CUBE_MEAS_MAPPINGS,
PUBLIC,ALL_CUBE_MEASURES,SYS,ALL_CUBE_MEASURES,
PUBLIC,ALL_CUBE_NAMED_BUILD_SPECS,SYS,ALL_CUBE_NAMED_BUILD_SPECS,
PUBLIC,ALL_CUBES,SYS,ALL_CUBES,
PUBLIC,ALL_CUBE_SUB_PARTITION_LEVELS,SYS,ALL_CUBE_SUB_PARTITION_LEVELS,
PUBLIC,ALL_CUBE_VIEW_COLUMNS,SYS,ALL_CUBE_VIEW_COLUMNS,
PUBLIC,ALL_CUBE_VIEWS,SYS,ALL_CUBE_VIEWS,
PUBLIC,ALL_DB_LINKS,SYS,ALL_DB_LINKS,
PUBLIC,ALL_DEF_AUDIT_OPTS,SYS,ALL_DEF_AUDIT_OPTS,
PUBLIC,ALL_DEPENDENCIES,SYS,ALL_DEPENDENCIES,
PUBLIC,ALL_DEQUEUE_QUEUES,SYS,ALL_DEQUEUE_QUEUES,
PUBLIC,ALL_DIM_ATTRIBUTES,SYS,ALL_DIM_ATTRIBUTES,
PUBLIC,ALL_DIM_CHILD_OF,SYS,ALL_DIM_CHILD_OF,
PUBLIC,ALL_DIMENSIONS,SYS,ALL_DIMENSIONS,
PUBLIC,ALL_DIM_HIERARCHIES,SYS,ALL_DIM_HIERARCHIES,
PUBLIC,ALL_DIM_JOIN_KEY,SYS,ALL_DIM_JOIN_KEY,
PUBLIC,ALL_DIM_LEVEL_KEY,SYS,ALL_DIM_LEVEL_KEY,
PUBLIC,ALL_DIM_LEVELS,SYS,ALL_DIM_LEVELS,
PUBLIC,ALL_DIRECTORIES,SYS,ALL_DIRECTORIES,
PUBLIC,ALL_EDITION_COMMENTS,SYS,ALL_EDITION_COMMENTS,
PUBLIC,ALL_EDITIONING_VIEW_COLS,SYS,ALL_EDITIONING_VIEW_COLS,
PUBLIC,ALL_EDITIONING_VIEW_COLS_AE,SYS,ALL_EDITIONING_VIEW_COLS_AE,
PUBLIC,ALL_EDITIONING_VIEWS,SYS,ALL_EDITIONING_VIEWS,
PUBLIC,ALL_EDITIONING_VIEWS_AE,SYS,ALL_EDITIONING_VIEWS_AE,
PUBLIC,ALL_EDITION_INHERITED_OBJECTS,SYS,ALL_EDITION_INHERITED_OBJECTS,
PUBLIC,ALL_EDITIONS,SYS,ALL_EDITIONS,
PUBLIC,ALL_ENCRYPTED_COLUMNS,SYS,ALL_ENCRYPTED_COLUMNS,
PUBLIC,ALL_ERRORS,SYS,ALL_ERRORS,
PUBLIC,ALL_ERRORS_AE,SYS,ALL_ERRORS_AE,
PUBLIC,ALL_ERROR_TRANSLATIONS,SYS,ALL_ERROR_TRANSLATIONS,
PUBLIC,ALL_EVALUATION_CONTEXTS,SYS,ALL_EVALUATION_CONTEXTS,
PUBLIC,ALL_EVALUATION_CONTEXT_TABLES,SYS,ALL_EVALUATION_CONTEXT_TABLES,
PUBLIC,ALL_EVALUATION_CONTEXT_VARS,SYS,ALL_EVALUATION_CONTEXT_VARS,
PUBLIC,ALL_EXPRESSION_STATISTICS,SYS,ALL_EXPRESSION_STATISTICS,
PUBLIC,ALL_EXTERNAL_LOCATIONS,SYS,ALL_EXTERNAL_LOCATIONS,
PUBLIC,ALL_EXTERNAL_TABLES,SYS,ALL_EXTERNAL_TABLES,
PUBLIC,ALL_FILE_GROUP_EXPORT_INFO,SYS,ALL_FILE_GROUP_EXPORT_INFO,
PUBLIC,ALL_FILE_GROUP_FILES,SYS,ALL_FILE_GROUP_FILES,
PUBLIC,ALL_FILE_GROUPS,SYS,ALL_FILE_GROUPS,
PUBLIC,ALL_FILE_GROUP_TABLES,SYS,ALL_FILE_GROUP_TABLES,
PUBLIC,ALL_FILE_GROUP_TABLESPACES,SYS,ALL_FILE_GROUP_TABLESPACES,
PUBLIC,ALL_FILE_GROUP_VERSIONS,SYS,ALL_FILE_GROUP_VERSIONS,
PUBLIC,ALL_GEOMETRY_COLUMNS,MDSYS,ALL_GEOMETRY_COLUMNS,
PUBLIC,ALL_GG_AUTO_CDR_COLUMN_GROUPS,SYS,ALL_GG_AUTO_CDR_COLUMN_GROUPS,
PUBLIC,ALL_GG_AUTO_CDR_COLUMNS,SYS,ALL_GG_AUTO_CDR_COLUMNS,
PUBLIC,ALL_GG_AUTO_CDR_TABLES,SYS,ALL_GG_AUTO_CDR_TABLES,
PUBLIC,ALL_GG_INBOUND_PROGRESS,SYS,ALL_GG_INBOUND_PROGRESS,
PUBLIC,ALL_GOLDENGATE_CONTAINER_RULES,SYS,ALL_GOLDENGATE_CONTAINER_RULES,
PUBLIC,ALL_GOLDENGATE_INBOUND,SYS,ALL_GOLDENGATE_INBOUND,
PUBLIC,ALL_GOLDENGATE_PRIVILEGES,SYS,ALL_GOLDENGATE_PRIVILEGES,
PUBLIC,ALL_GOLDENGATE_RULES,SYS,ALL_GOLDENGATE_RULES,
PUBLIC,ALL_HEAT_MAP_SEG_HISTOGRAM,SYS,ALL_HEAT_MAP_SEG_HISTOGRAM,
PUBLIC,ALL_HEAT_MAP_SEGMENT,SYS,ALL_HEAT_MAP_SEGMENT,
PUBLIC,ALL_HIERARCHIES,SYS,ALL_HIERARCHIES,
PUBLIC,ALL_HIER_CLASS,SYS,ALL_HIER_CLASS,
PUBLIC,ALL_HIER_COLUMNS,SYS,ALL_HIER_COLUMNS,
PUBLIC,ALL_HIER_HIER_ATTR_CLASS,SYS,ALL_HIER_HIER_ATTR_CLASS,
PUBLIC,ALL_HIER_HIER_ATTRIBUTES,SYS,ALL_HIER_HIER_ATTRIBUTES,
PUBLIC,ALL_HIER_JOIN_PATHS,SYS,ALL_HIER_JOIN_PATHS,
PUBLIC,ALL_HIER_LEVEL_ID_ATTRS,SYS,ALL_HIER_LEVEL_ID_ATTRS,
PUBLIC,ALL_HIER_LEVELS,SYS,ALL_HIER_LEVELS,
PUBLIC,ALL_HISTOGRAMS,SYS,ALL_TAB_HISTOGRAMS,
PUBLIC,ALL_IDENTIFIERS,SYS,ALL_IDENTIFIERS,
PUBLIC,ALL_IMMUTABLE_TABLES,SYS,ALL_IMMUTABLE_TABLES,
PUBLIC,ALL_IND_COLUMNS,SYS,ALL_IND_COLUMNS,
PUBLIC,ALL_INDEXES,SYS,ALL_INDEXES,
PUBLIC,ALL_IND_EXPRESSIONS,SYS,ALL_IND_EXPRESSIONS,
PUBLIC,ALL_INDEXTYPE_ARRAYTYPES,SYS,ALL_INDEXTYPE_ARRAYTYPES,
PUBLIC,ALL_INDEXTYPE_COMMENTS,SYS,ALL_INDEXTYPE_COMMENTS,
PUBLIC,ALL_INDEXTYPE_OPERATORS,SYS,ALL_INDEXTYPE_OPERATORS,
PUBLIC,ALL_INDEXTYPES,SYS,ALL_INDEXTYPES,
PUBLIC,ALL_IND_PARTITIONS,SYS,ALL_IND_PARTITIONS,
PUBLIC,ALL_IND_PENDING_STATS,SYS,ALL_IND_PENDING_STATS,
PUBLIC,ALL_IND_STATISTICS,SYS,ALL_IND_STATISTICS,
PUBLIC,ALL_IND_SUBPARTITIONS,SYS,ALL_IND_SUBPARTITIONS,
PUBLIC,ALL_INT_DEQUEUE_QUEUES,SYS,ALL_INT_DEQUEUE_QUEUES,
PUBLIC,ALL_INTERNAL_TRIGGERS,SYS,ALL_INTERNAL_TRIGGERS,
PUBLIC,ALL_JAVA_ARGUMENTS,SYS,ALL_JAVA_ARGUMENTS,
PUBLIC,ALL_JAVA_CLASSES,SYS,ALL_JAVA_CLASSES,
PUBLIC,ALL_JAVA_COMPILER_OPTIONS,SYS,ALL_JAVA_COMPILER_OPTIONS,
PUBLIC,ALL_JAVA_DERIVATIONS,SYS,ALL_JAVA_DERIVATIONS,
PUBLIC,ALL_JAVA_FIELDS,SYS,ALL_JAVA_FIELDS,
PUBLIC,ALL_JAVA_IMPLEMENTS,SYS,ALL_JAVA_IMPLEMENTS,
PUBLIC,ALL_JAVA_INNERS,SYS,ALL_JAVA_INNERS,
PUBLIC,ALL_JAVA_LAYOUTS,SYS,ALL_JAVA_LAYOUTS,
PUBLIC,ALL_JAVA_METHODS,SYS,ALL_JAVA_METHODS,
PUBLIC,ALL_JAVA_NCOMPS,SYS,ALL_JAVA_NCOMPS,
PUBLIC,ALL_JAVA_RESOLVERS,SYS,ALL_JAVA_RESOLVERS,
PUBLIC,ALL_JAVA_THROWS,SYS,ALL_JAVA_THROWS,
PUBLIC,ALL_JOBS,SYS,USER_JOBS,
PUBLIC,ALL_JOIN_IND_COLUMNS,SYS,ALL_JOIN_IND_COLUMNS,
PUBLIC,ALL_JSON_COLUMNS,SYS,ALL_JSON_COLUMNS,
PUBLIC,ALL_JSON_DATAGUIDE_FIELDS,SYS,ALL_JSON_DATAGUIDE_FIELDS,
PUBLIC,ALL_JSON_DATAGUIDES,SYS,ALL_JSON_DATAGUIDES,
PUBLIC,ALL_LIBRARIES,SYS,ALL_LIBRARIES,
PUBLIC,ALL_LOB_PARTITIONS,SYS,ALL_LOB_PARTITIONS,
PUBLIC,ALL_LOBS,SYS,ALL_LOBS,
PUBLIC,ALL_LOB_SUBPARTITIONS,SYS,ALL_LOB_SUBPARTITIONS,
PUBLIC,ALL_LOB_TEMPLATES,SYS,ALL_LOB_TEMPLATES,
PUBLIC,ALL_LOG_GROUP_COLUMNS,SYS,ALL_LOG_GROUP_COLUMNS,
PUBLIC,ALL_LOG_GROUPS,SYS,ALL_LOG_GROUPS,
PUBLIC,ALL_MEASURE_FOLDER_CONTENTS,SYS,ALL_MEASURE_FOLDER_CONTENTS,
PUBLIC,ALL_MEASURE_FOLDERS,SYS,ALL_MEASURE_FOLDERS,
PUBLIC,ALL_MEASURE_FOLDER_SUBFOLDERS,SYS,ALL_MEASURE_FOLDER_SUBFOLDERS,
PUBLIC,ALL_METADATA_PROPERTIES,SYS,ALL_METADATA_PROPERTIES,
PUBLIC,ALL_METHOD_PARAMS,SYS,ALL_METHOD_PARAMS,
PUBLIC,ALL_METHOD_RESULTS,SYS,ALL_METHOD_RESULTS,
PUBLIC,ALL_MINING_ALGORITHMS,SYS,ALL_MINING_ALGORITHMS,
PUBLIC,ALL_MINING_MODEL_ATTRIBUTES,SYS,ALL_MINING_MODEL_ATTRIBUTES,
PUBLIC,ALL_MINING_MODEL_PARTITIONS,SYS,ALL_MINING_MODEL_PARTITIONS,
PUBLIC,ALL_MINING_MODELS,SYS,ALL_MINING_MODELS,
PUBLIC,ALL_MINING_MODEL_SETTINGS,SYS,ALL_MINING_MODEL_SETTINGS,
PUBLIC,ALL_MINING_MODEL_VIEWS,SYS,ALL_MINING_MODEL_VIEWS,
PUBLIC,ALL_MINING_MODEL_XFORMS,SYS,ALL_MINING_MODEL_XFORMS,
PUBLIC,ALL_MP_GRAPH_WORKSPACES,WMSYS,ALL_MP_GRAPH_WORKSPACES,
PUBLIC,ALL_MP_PARENT_WORKSPACES,WMSYS,ALL_MP_PARENT_WORKSPACES,
PUBLIC,ALL_MVIEW_AGGREGATES,SYS,ALL_MVIEW_AGGREGATES,
PUBLIC,ALL_MVIEW_ANALYSIS,SYS,ALL_MVIEW_ANALYSIS,
PUBLIC,ALL_MVIEW_COMMENTS,SYS,ALL_MVIEW_COMMENTS,
PUBLIC,ALL_MVIEW_DETAIL_PARTITION,SYS,ALL_MVIEW_DETAIL_PARTITION,
PUBLIC,ALL_MVIEW_DETAIL_RELATIONS,SYS,ALL_MVIEW_DETAIL_RELATIONS,
PUBLIC,ALL_MVIEW_DETAIL_SUBPARTITION,SYS,ALL_MVIEW_DETAIL_SUBPARTITION,
PUBLIC,ALL_MVIEW_JOINS,SYS,ALL_MVIEW_JOINS,
PUBLIC,ALL_MVIEW_KEYS,SYS,ALL_MVIEW_KEYS,
PUBLIC,ALL_MVIEW_LOGS,SYS,ALL_MVIEW_LOGS,
PUBLIC,ALL_MVIEW_REFRESH_TIMES,SYS,ALL_MVIEW_REFRESH_TIMES,
PUBLIC,ALL_MVIEWS,SYS,ALL_MVIEWS,
PUBLIC,ALL_NESTED_TABLE_COLS,SYS,ALL_NESTED_TABLE_COLS,
PUBLIC,ALL_NESTED_TABLES,SYS,ALL_NESTED_TABLES,
PUBLIC,ALL_OBJ_COLATTRS,SYS,ALL_OBJ_COLATTRS,
PUBLIC,ALL_OBJECTS,SYS,ALL_OBJECTS,
PUBLIC,ALL_OBJECTS_AE,SYS,ALL_OBJECTS_AE,
PUBLIC,ALL_OBJECT_TABLES,SYS,ALL_OBJECT_TABLES,
PUBLIC,ALL_OLAP2_AW_ATTRIBUTES,OLAPSYS,ALL$OLAP2_AW_ATTRIBUTES,
PUBLIC,ALL_OLAP2_AW_CATALOG_MEASURES,OLAPSYS,ALL$OLAP2_AW_CATALOG_MEASURES,
PUBLIC,ALL_OLAP2_AW_CATALOGS,OLAPSYS,ALL$OLAP2_AW_CATALOGS,
PUBLIC,ALL_OLAP2_AW_CUBE_AGG_LVL,OLAPSYS,ALL$OLAP2_AW_CUBE_AGG_LVL,
PUBLIC,ALL_OLAP2_AW_CUBE_AGG_MEAS,OLAPSYS,ALL$OLAP2_AW_CUBE_AGG_MEAS,
PUBLIC,ALL_OLAP2_AW_CUBE_AGG_OP,OLAPSYS,ALL$OLAP2_AW_CUBE_AGG_OP,
PUBLIC,ALL_OLAP2_AW_CUBE_AGG_SPECS,OLAPSYS,ALL$OLAP2_AW_CUBE_AGG_SPECS,
PUBLIC,ALL_OLAP2_AW_CUBE_DIM_USES,OLAPSYS,ALL$OLAP2_AW_CUBE_DIM_USES,
PUBLIC,ALL_OLAP2_AW_CUBE_MEASURES,OLAPSYS,ALL$OLAP2_AW_CUBE_MEASURES,
PUBLIC,ALL_OLAP2_AW_CUBES,OLAPSYS,ALL$OLAP2_AW_CUBES,
PUBLIC,ALL_OLAP2_AW_DIMENSIONS,OLAPSYS,ALL$OLAP2_AW_DIMENSIONS,
PUBLIC,ALL_OLAP2_AW_DIM_HIER_LVL_ORD,OLAPSYS,ALL$OLAP2_AW_DIM_HIER_LVL_ORD,
PUBLIC,ALL_OLAP2_AW_DIM_LEVELS,OLAPSYS,ALL$OLAP2_AW_DIM_LEVELS,
PUBLIC,ALL_OLAP2_AW_PHYS_OBJ,OLAPSYS,ALL$OLAP2_AW_PHYS_OBJ,
PUBLIC,ALL_OLAP2_AW_PHYS_OBJ_PROP,OLAPSYS,ALL$OLAP2_AW_PHYS_OBJ_PROP,
PUBLIC,ALL_OLAP2_AWS,SYS,ALL$OLAP2_AWS,
PUBLIC,ALL_OPANCILLARY,SYS,ALL_OPANCILLARY,
PUBLIC,ALL_OPARGUMENTS,SYS,ALL_OPARGUMENTS,
PUBLIC,ALL_OPBINDINGS,SYS,ALL_OPBINDINGS,
PUBLIC,ALL_OPERATOR_COMMENTS,SYS,ALL_OPERATOR_COMMENTS,
PUBLIC,ALL_OPERATORS,SYS,ALL_OPERATORS,
PUBLIC,ALL_OUTLINE_HINTS,SYS,USER_OUTLINE_HINTS,
PUBLIC,ALL_OUTLINES,SYS,USER_OUTLINES,
PUBLIC,ALL_PART_COL_STATISTICS,SYS,ALL_PART_COL_STATISTICS,
PUBLIC,ALL_PART_HISTOGRAMS,SYS,ALL_PART_HISTOGRAMS,
PUBLIC,ALL_PARTIAL_DROP_TABS,SYS,ALL_PARTIAL_DROP_TABS,
PUBLIC,ALL_PART_INDEXES,SYS,ALL_PART_INDEXES,
PUBLIC,ALL_PART_KEY_COLUMNS,SYS,ALL_PART_KEY_COLUMNS,
PUBLIC,ALL_PART_LOBS,SYS,ALL_PART_LOBS,
PUBLIC,ALL_PART_TABLES,SYS,ALL_PART_TABLES,
PUBLIC,ALL_PATH,XDB,ALL_PATH,
PUBLIC,ALL_PENDING_CONV_TABLES,SYS,ALL_PENDING_CONV_TABLES,
PUBLIC,ALL_PLSQL_COLL_TYPES,SYS,ALL_PLSQL_COLL_TYPES,
PUBLIC,ALL_PLSQL_OBJECT_SETTINGS,SYS,ALL_PLSQL_OBJECT_SETTINGS,
PUBLIC,ALL_PLSQL_TYPE_ATTRS,SYS,ALL_PLSQL_TYPE_ATTRS,
PUBLIC,ALL_PLSQL_TYPES,SYS,ALL_PLSQL_TYPES,
PUBLIC,ALL_POLICIES,SYS,ALL_POLICIES,
PUBLIC,ALL_POLICY_ATTRIBUTES,SYS,ALL_POLICY_ATTRIBUTES,
PUBLIC,ALL_POLICY_CONTEXTS,SYS,ALL_POLICY_CONTEXTS,
PUBLIC,ALL_POLICY_GROUPS,SYS,ALL_POLICY_GROUPS,
PUBLIC,ALL_PROCEDURES,SYS,ALL_PROCEDURES,
PUBLIC,ALL_PROPAGATION,SYS,ALL_PROPAGATION,
PUBLIC,_ALL_QUEUE_CACHED_MESSAGES,SYS,_ALL_QUEUE_CACHED_MESSAGES,
PUBLIC,ALL_QUEUE_EVENT_STREAMS,SYS,ALL_QUEUE_EVENT_STREAMS,
PUBLIC,ALL_QUEUE_PUBLISHERS,SYS,ALL_QUEUE_PUBLISHERS,
PUBLIC,ALL_QUEUES,SYS,ALL_QUEUES,
PUBLIC,ALL_QUEUE_SCHEDULES,SYS,ALL_QUEUE_SCHEDULES,
PUBLIC,ALL_QUEUE_SHARDS,SYS,ALL_QUEUE_SHARDS,
PUBLIC,ALL_QUEUE_SUBSCRIBERS,SYS,ALL_QUEUE_SUBSCRIBERS,
PUBLIC,ALL_QUEUE_TABLES,SYS,ALL_QUEUE_TABLES,
PUBLIC,ALL_REFRESH,SYS,ALL_REFRESH,
PUBLIC,ALL_REFRESH_CHILDREN,SYS,ALL_REFRESH_CHILDREN,
PUBLIC,ALL_REFRESH_DEPENDENCIES,SYS,ALL_REFRESH_DEPENDENCIES,
PUBLIC,ALL_REFS,SYS,ALL_REFS,
PUBLIC,ALL_REGISTERED_MVIEWS,SYS,ALL_REGISTERED_MVIEWS,
PUBLIC,ALL_REGISTERED_SNAPSHOTS,SYS,ALL_REGISTERED_SNAPSHOTS,
PUBLIC,ALL_REGISTRY_BANNERS,SYS,ALL_REGISTRY_BANNERS,
PUBLIC,ALL_REMOVED_WORKSPACES,WMSYS,ALL_REMOVED_WORKSPACES,
PUBLIC,ALL_REPL_DBNAME_MAPPING,SYS,ALL_REPL_DBNAME_MAPPING,
PUBLIC,ALL_REPLICATION_PROCESS_EVENTS,SYS,ALL_REPLICATION_PROCESS_EVENTS,
PUBLIC,ALL_REWRITE_EQUIVALENCES,SYS,ALL_REWRITE_EQUIVALENCES,
PUBLIC,ALL_RULES,SYS,ALL_RULES,
PUBLIC,ALL_RULE_SET_RULES,SYS,ALL_RULE_SET_RULES,
PUBLIC,ALL_RULE_SETS,SYS,ALL_RULE_SETS,
PUBLIC,ALL_RULESETS,SYS,ALL_RULESETS,
PUBLIC,ALL_SA_AUDIT_OPTIONS,LBACSYS,ALL_SA_AUDIT_OPTIONS,
PUBLIC,ALL_SA_COMPARTMENTS,LBACSYS,ALL_SA_COMPARTMENTS,
PUBLIC,ALL_SA_DATA_LABELS,LBACSYS,ALL_SA_DATA_LABELS,
PUBLIC,ALL_SA_GROUP_HIERARCHY,LBACSYS,ALL_SA_GROUP_HIERARCHY,
PUBLIC,ALL_SA_GROUPS,LBACSYS,ALL_SA_GROUPS,
PUBLIC,ALL_SA_LABELS,LBACSYS,ALL_SA_LABELS,
PUBLIC,ALL_SA_LEVELS,LBACSYS,ALL_SA_LEVELS,
PUBLIC,ALL_SA_POLICIES,LBACSYS,ALL_SA_POLICIES,
PUBLIC,ALL_SA_PROG_PRIVS,LBACSYS,ALL_SA_PROG_PRIVS,
PUBLIC,ALL_SA_SCHEMA_POLICIES,LBACSYS,ALL_SA_SCHEMA_POLICIES,
PUBLIC,ALL_SA_TABLE_POLICIES,LBACSYS,ALL_SA_TABLE_POLICIES,
PUBLIC,ALL_SA_USER_COMPARTMENTS,LBACSYS,ALL_SA_USER_COMPARTMENTS,
PUBLIC,ALL_SA_USER_GROUPS,LBACSYS,ALL_SA_USER_GROUPS,
PUBLIC,ALL_SA_USER_LABELS,LBACSYS,ALL_SA_USER_LABELS,
PUBLIC,ALL_SA_USER_LEVELS,LBACSYS,ALL_SA_USER_LEVELS,
PUBLIC,ALL_SA_USER_PRIVS,LBACSYS,ALL_SA_USER_PRIVS,
PUBLIC,ALL_SA_USERS,LBACSYS,ALL_SA_USERS,
PUBLIC,ALL_SCHEDULER_CHAIN_RULES,SYS,ALL_SCHEDULER_CHAIN_RULES,
PUBLIC,ALL_SCHEDULER_CHAINS,SYS,ALL_SCHEDULER_CHAINS,
PUBLIC,ALL_SCHEDULER_CHAIN_STEPS,SYS,ALL_SCHEDULER_CHAIN_STEPS,
PUBLIC,ALL_SCHEDULER_CREDENTIALS,SYS,ALL_SCHEDULER_CREDENTIALS,
PUBLIC,ALL_SCHEDULER_DB_DESTS,SYS,ALL_SCHEDULER_DB_DESTS,
PUBLIC,ALL_SCHEDULER_DESTS,SYS,ALL_SCHEDULER_DESTS,
PUBLIC,ALL_SCHEDULER_EXTERNAL_DESTS,SYS,ALL_SCHEDULER_EXTERNAL_DESTS,
PUBLIC,ALL_SCHEDULER_FILE_WATCHERS,SYS,ALL_SCHEDULER_FILE_WATCHERS,
PUBLIC,ALL_SCHEDULER_GLOBAL_ATTRIBUTE,SYS,ALL_SCHEDULER_GLOBAL_ATTRIBUTE,
PUBLIC,ALL_SCHEDULER_GROUP_MEMBERS,SYS,ALL_SCHEDULER_GROUP_MEMBERS,
PUBLIC,ALL_SCHEDULER_GROUPS,SYS,ALL_SCHEDULER_GROUPS,
PUBLIC,ALL_SCHEDULER_INCOMPAT_MEMBER,SYS,ALL_SCHEDULER_INCOMPAT_MEMBER,
PUBLIC,ALL_SCHEDULER_INCOMPATS,SYS,ALL_SCHEDULER_INCOMPATS,
PUBLIC,ALL_SCHEDULER_JOB_ARGS,SYS,ALL_SCHEDULER_JOB_ARGS,
PUBLIC,ALL_SCHEDULER_JOB_CLASSES,SYS,ALL_SCHEDULER_JOB_CLASSES,
PUBLIC,ALL_SCHEDULER_JOB_DESTS,SYS,ALL_SCHEDULER_JOB_DESTS,
PUBLIC,ALL_SCHEDULER_JOB_LOG,SYS,ALL_SCHEDULER_JOB_LOG,
PUBLIC,ALL_SCHEDULER_JOB_RUN_DETAILS,SYS,ALL_SCHEDULER_JOB_RUN_DETAILS,
PUBLIC,ALL_SCHEDULER_JOBS,SYS,ALL_SCHEDULER_JOBS,
PUBLIC,ALL_SCHEDULER_NOTIFICATIONS,SYS,ALL_SCHEDULER_NOTIFICATIONS,
PUBLIC,ALL_SCHEDULER_PROGRAM_ARGS,SYS,ALL_SCHEDULER_PROGRAM_ARGS,
PUBLIC,ALL_SCHEDULER_PROGRAMS,SYS,ALL_SCHEDULER_PROGRAMS,
PUBLIC,ALL_SCHEDULER_REMOTE_DATABASES,SYS,ALL_SCHEDULER_REMOTE_DATABASES,
PUBLIC,ALL_SCHEDULER_REMOTE_JOBSTATE,SYS,ALL_SCHEDULER_REMOTE_JOBSTATE,
PUBLIC,ALL_SCHEDULER_RESOURCES,SYS,ALL_SCHEDULER_RESOURCES,
PUBLIC,ALL_SCHEDULER_RSC_CONSTRAINTS,SYS,ALL_SCHEDULER_RSC_CONSTRAINTS,
PUBLIC,ALL_SCHEDULER_RUNNING_CHAINS,SYS,ALL_SCHEDULER_RUNNING_CHAINS,
PUBLIC,ALL_SCHEDULER_RUNNING_JOBS,SYS,ALL_SCHEDULER_RUNNING_JOBS,
PUBLIC,ALL_SCHEDULER_SCHEDULES,SYS,ALL_SCHEDULER_SCHEDULES,
PUBLIC,ALL_SCHEDULER_WINDOW_DETAILS,SYS,ALL_SCHEDULER_WINDOW_DETAILS,
PUBLIC,ALL_SCHEDULER_WINDOW_GROUPS,SYS,ALL_SCHEDULER_WINDOW_GROUPS,
PUBLIC,ALL_SCHEDULER_WINDOW_LOG,SYS,ALL_SCHEDULER_WINDOW_LOG,
PUBLIC,ALL_SCHEDULER_WINDOWS,SYS,ALL_SCHEDULER_WINDOWS,
PUBLIC,ALL_SCHEDULER_WINGROUP_MEMBERS,SYS,ALL_SCHEDULER_WINGROUP_MEMBERS,
PUBLIC,ALL_SDO_ANIMATIONS,MDSYS,ALL_SDO_ANIMATIONS,
PUBLIC,ALL_SDO_CACHED_MAPS,MDSYS,ALL_SDO_CACHED_MAPS,
PUBLIC,ALL_SDO_CSW_SERVICE_INFO,MDSYS,ALL_SDO_CSW_SERVICE_INFO,
PUBLIC,ALL_SDO_DIAG_MESSAGES,MDSYS,ALL_SDO_DIAG_MESSAGES,
PUBLIC,ALL_SDO_GEOM_METADATA,MDSYS,ALL_SDO_GEOM_METADATA,
PUBLIC,ALL_SDO_GEOR_SYSDATA,MDSYS,ALL_SDO_GEOR_SYSDATA,
PUBLIC,ALL_SDO_INDEX_HISTOGRAM,MDSYS,ALL_SDO_INDEX_HISTOGRAM,
PUBLIC,ALL_SDO_INDEX_HISTOGRAMS,MDSYS,ALL_SDO_INDEX_HISTOGRAM,
PUBLIC,ALL_SDO_INDEX_INFO,MDSYS,ALL_SDO_INDEX_INFO,
PUBLIC,ALL_SDO_INDEX_METADATA,MDSYS,ALL_SDO_INDEX_METADATA,
PUBLIC,ALL_SDO_LIGHTSOURCES,MDSYS,ALL_SDO_LIGHTSOURCES,
PUBLIC,ALL_SDO_LRS_METADATA,MDSYS,ALL_SDO_LRS_METADATA,
PUBLIC,ALL_SDO_MAPS,MDSYS,ALL_SDO_MAPS,
PUBLIC,ALL_SDO_NETWORK_CONSTRAINTS,MDSYS,ALL_SDO_NETWORK_CONSTRAINTS,
PUBLIC,ALL_SDO_NETWORK_FEATURE,MDSYS,ALL_SDO_NETWORK_FEATURE,
PUBLIC,ALL_SDO_NETWORK_HISTORIES,MDSYS,ALL_SDO_NETWORK_HISTORIES,
PUBLIC,ALL_SDO_NETWORK_JAVA_OBJECTS,MDSYS,ALL_SDO_NETWORK_JAVA_OBJECTS,
PUBLIC,ALL_SDO_NETWORK_LOCKS_WM,MDSYS,ALL_SDO_NETWORK_LOCKS_WM,
PUBLIC,ALL_SDO_NETWORK_METADATA,MDSYS,ALL_SDO_NETWORK_METADATA,
PUBLIC,ALL_SDO_NETWORK_TIMESTAMPS,MDSYS,ALL_SDO_NETWORK_TIMESTAMPS,
PUBLIC,ALL_SDO_NETWORK_USER_DATA,MDSYS,ALL_SDO_NETWORK_USER_DATA,
PUBLIC,ALL_SDO_NFE_MODEL_FTLAYER_REL,MDSYS,ALL_SDO_NFE_MODEL_FTLAYER_REL,
PUBLIC,ALL_SDO_NFE_MODEL_METADATA,MDSYS,ALL_SDO_NFE_MODEL_METADATA,
PUBLIC,ALL_SDO_NFE_MODEL_WORKSPACE,MDSYS,ALL_SDO_NFE_MODEL_WORKSPACE,
PUBLIC,ALL_SDO_SCENES,MDSYS,ALL_SDO_SCENES,
PUBLIC,ALL_SDO_STYLES,MDSYS,ALL_SDO_STYLES,
PUBLIC,ALL_SDO_THEMES,MDSYS,ALL_SDO_THEMES,
PUBLIC,ALL_SDO_TIN_PC_SYSDATA,MDSYS,ALL_SDO_TIN_PC_SYSDATA,
PUBLIC,ALL_SDO_TOPO_INFO,MDSYS,ALL_SDO_TOPO_INFO,
PUBLIC,ALL_SDO_TOPO_METADATA,MDSYS,ALL_SDO_TOPO_METADATA,
PUBLIC,ALL_SDO_VIEWFRAMES,MDSYS,ALL_SDO_VIEWFRAMES,
PUBLIC,ALL_SDO_3DTHEMES,MDSYS,ALL_SDO_3DTHEMES,
PUBLIC,ALL_SDO_3DTXFMS,MDSYS,ALL_SDO_3DTXFMS,
PUBLIC,ALL_SECONDARY_OBJECTS,SYS,ALL_SECONDARY_OBJECTS,
PUBLIC,ALL_SEC_RELEVANT_COLS,SYS,ALL_SEC_RELEVANT_COLS,
PUBLIC,ALL_SEQUENCES,SYS,ALL_SEQUENCES,
PUBLIC,ALL_SERVICES,SYS,ALL_SERVICES,
PUBLIC,ALL_SNAPSHOT_LOGS,SYS,ALL_SNAPSHOT_LOGS,
PUBLIC,ALL_SNAPSHOT_REFRESH_TIMES,SYS,ALL_MVIEW_REFRESH_TIMES,
PUBLIC,ALL_SNAPSHOTS,SYS,ALL_SNAPSHOTS,
PUBLIC,ALL_SOURCE,SYS,ALL_SOURCE,
PUBLIC,ALL_SOURCE_AE,SYS,ALL_SOURCE_AE,
PUBLIC,ALL_SQLJ_TYPE_ATTRS,SYS,ALL_SQLJ_TYPE_ATTRS,
PUBLIC,ALL_SQLJ_TYPE_METHODS,SYS,ALL_SQLJ_TYPE_METHODS,
PUBLIC,ALL_SQLJ_TYPES,SYS,ALL_SQLJ_TYPES,
PUBLIC,ALL_SQLSET,SYS,ALL_SQLSET,
PUBLIC,ALL_SQLSET_BINDS,SYS,ALL_SQLSET_BINDS,
PUBLIC,ALL_SQLSET_PLANS,SYS,ALL_SQLSET_PLANS,
PUBLIC,ALL_SQLSET_REFERENCES,SYS,ALL_SQLSET_REFERENCES,
PUBLIC,ALL_SQLSET_STATEMENTS,SYS,ALL_SQLSET_STATEMENTS,
PUBLIC,_ALL_SQLSET_STATEMENTS_ONLY,SYS,_ALL_SQLSET_STATEMENTS_ONLY,
PUBLIC,_ALL_SQLSET_STATEMENTS_PHV,SYS,_ALL_SQLSET_STATEMENTS_PHV,
PUBLIC,_ALL_SQLSET_STATISTICS_ONLY,SYS,_ALL_SQLSET_STATISTICS_ONLY,
PUBLIC,_ALL_SQLSET_STS_TOPACK,SYS,_ALL_SQLSET_STS_TOPACK,
PUBLIC,ALL_SQL_TRANSLATION_PROFILES,SYS,ALL_SQL_TRANSLATION_PROFILES,
PUBLIC,ALL_SQL_TRANSLATIONS,SYS,ALL_SQL_TRANSLATIONS,
PUBLIC,ALL_STATEMENTS,SYS,ALL_STATEMENTS,
PUBLIC,ALL_STAT_EXTENSIONS,SYS,ALL_STAT_EXTENSIONS,
PUBLIC,ALL_STORED_SETTINGS,SYS,ALL_STORED_SETTINGS,
PUBLIC,ALL_STREAMS_COLUMNS,SYS,ALL_STREAMS_COLUMNS,
PUBLIC,ALL_STREAMS_GLOBAL_RULES,SYS,ALL_STREAMS_GLOBAL_RULES,
PUBLIC,ALL_STREAMS_KEEP_COLUMNS,SYS,ALL_STREAMS_KEEP_COLUMNS,
PUBLIC,ALL_STREAMS_MESSAGE_CONSUMERS,SYS,ALL_STREAMS_MESSAGE_CONSUMERS,
PUBLIC,ALL_STREAMS_MESSAGE_RULES,SYS,ALL_STREAMS_MESSAGE_RULES,
PUBLIC,ALL_STREAMS_NEWLY_SUPPORTED,SYS,ALL_STREAMS_NEWLY_SUPPORTED,
PUBLIC,ALL_STREAMS_RULES,SYS,ALL_STREAMS_RULES,
PUBLIC,ALL_STREAMS_SCHEMA_RULES,SYS,ALL_STREAMS_SCHEMA_RULES,
PUBLIC,ALL_STREAMS_TABLE_RULES,SYS,ALL_STREAMS_TABLE_RULES,
PUBLIC,ALL_STREAMS_TRANSFORMATIONS,SYS,ALL_STREAMS_TRANSFORMATIONS,
PUBLIC,ALL_STREAMS_TRANSFORM_FUNCTION,SYS,ALL_STREAMS_TRANSFORM_FUNCTION,
PUBLIC,ALL_STREAMS_UNSUPPORTED,SYS,ALL_STREAMS_UNSUPPORTED,
PUBLIC,ALL_SUBPART_COL_STATISTICS,SYS,ALL_SUBPART_COL_STATISTICS,
PUBLIC,ALL_SUBPART_HISTOGRAMS,SYS,ALL_SUBPART_HISTOGRAMS,
PUBLIC,ALL_SUBPARTITION_TEMPLATES,SYS,ALL_SUBPARTITION_TEMPLATES,
PUBLIC,ALL_SUBPART_KEY_COLUMNS,SYS,ALL_SUBPART_KEY_COLUMNS,
PUBLIC,ALL_SUMDELTA,SYS,ALL_SUMDELTA,
PUBLIC,ALL_SUMMAP,SYS,ALL_SUMMAP,
PUBLIC,ALL_SUMMARIES,SYS,ALL_SUMMARIES,
PUBLIC,ALL_SUMMARY_AGGREGATES,SYS,ALL_SUMMARY_AGGREGATES,
PUBLIC,ALL_SUMMARY_DETAIL_TABLES,SYS,ALL_SUMMARY_DETAIL_TABLES,
PUBLIC,ALL_SUMMARY_JOINS,SYS,ALL_SUMMARY_JOINS,
PUBLIC,ALL_SUMMARY_KEYS,SYS,ALL_SUMMARY_KEYS,
PUBLIC,ALL_SYNC_CAPTURE,SYS,ALL_SYNC_CAPTURE,
PUBLIC,ALL_SYNC_CAPTURE_PREPARED_TABS,SYS,ALL_SYNC_CAPTURE_PREPARED_TABS,
PUBLIC,ALL_SYNC_CAPTURE_TABLES,SYS,ALL_SYNC_CAPTURE_TABLES,
PUBLIC,ALL_SYNONYMS,SYS,ALL_SYNONYMS,
PUBLIC,ALL_TAB_COLS,SYS,ALL_TAB_COLS,
PUBLIC,ALL_TAB_COL_STATISTICS,SYS,ALL_TAB_COL_STATISTICS,
PUBLIC,ALL_TAB_COL_STAT_MODELS,SYS,ALL_TAB_COL_STAT_MODELS,
PUBLIC,ALL_TAB_COLUMNS,SYS,ALL_TAB_COLUMNS,
PUBLIC,ALL_TAB_COMMENTS,SYS,ALL_TAB_COMMENTS,
PUBLIC,ALL_TAB_HISTGRM_PENDING_STATS,SYS,ALL_TAB_HISTGRM_PENDING_STATS,
PUBLIC,ALL_TAB_HISTOGRAMS,SYS,ALL_TAB_HISTOGRAMS,
PUBLIC,ALL_TAB_IDENTITY_COLS,SYS,ALL_TAB_IDENTITY_COLS,
PUBLIC,ALL_TABLES,SYS,ALL_TABLES,
PUBLIC,ALL_TAB_MODIFICATIONS,SYS,ALL_TAB_MODIFICATIONS,
PUBLIC,ALL_TAB_PARTITIONS,SYS,ALL_TAB_PARTITIONS,
PUBLIC,ALL_TAB_PENDING_STATS,SYS,ALL_TAB_PENDING_STATS,
PUBLIC,ALL_TAB_PRIVS,SYS,ALL_TAB_PRIVS,
PUBLIC,ALL_TAB_PRIVS_MADE,SYS,ALL_TAB_PRIVS_MADE,
PUBLIC,ALL_TAB_PRIVS_RECD,SYS,ALL_TAB_PRIVS_RECD,
PUBLIC,ALL_TAB_STATISTICS,SYS,ALL_TAB_STATISTICS,
PUBLIC,ALL_TAB_STAT_PREFS,SYS,ALL_TAB_STAT_PREFS,
PUBLIC,ALL_TAB_STATS_HISTORY,SYS,ALL_TAB_STATS_HISTORY,
PUBLIC,ALL_TAB_SUBPARTITIONS,SYS,ALL_TAB_SUBPARTITIONS,
PUBLIC,ALL_TRANSFORMATIONS,SYS,ALL_TRANSFORMATIONS,
PUBLIC,ALL_TRIGGER_COLS,SYS,ALL_TRIGGER_COLS,
PUBLIC,ALL_TRIGGER_ORDERING,SYS,ALL_TRIGGER_ORDERING,
PUBLIC,ALL_TRIGGERS,SYS,ALL_TRIGGERS,
PUBLIC,ALL_TRIGGERS_AE,SYS,ALL_TRIGGERS_AE,
PUBLIC,ALL_TSTZ_TAB_COLS,SYS,ALL_TSTZ_TAB_COLS,
PUBLIC,ALL_TSTZ_TABLES,SYS,ALL_TSTZ_TABLES,
PUBLIC,ALL_TYPE_ATTRS,SYS,ALL_TYPE_ATTRS,
PUBLIC,ALL_TYPE_METHODS,SYS,ALL_TYPE_METHODS,
PUBLIC,ALL_TYPES,SYS,ALL_TYPES,
PUBLIC,ALL_TYPE_VERSIONS,SYS,ALL_TYPE_VERSIONS,
PUBLIC,ALL_UNUSED_COL_TABS,SYS,ALL_UNUSED_COL_TABS,
PUBLIC,ALL_UPDATABLE_COLUMNS,SYS,ALL_UPDATABLE_COLUMNS,
PUBLIC,ALL_USERS,SYS,ALL_USERS,
PUBLIC,ALL_USTATS,SYS,ALL_USTATS,
PUBLIC,ALL_VARRAYS,SYS,ALL_VARRAYS,
PUBLIC,ALL_VERSION_HVIEW,WMSYS,ALL_VERSION_HVIEW,
PUBLIC,ALL_VIEWS,SYS,ALL_VIEWS,
PUBLIC,ALL_VIEWS_AE,SYS,ALL_VIEWS_AE,
PUBLIC,ALL_WARNING_SETTINGS,SYS,ALL_WARNING_SETTINGS,
PUBLIC,ALL_WM_CONS_COLUMNS,WMSYS,ALL_WM_CONS_COLUMNS,
PUBLIC,ALL_WM_CONSTRAINTS,WMSYS,ALL_WM_CONSTRAINTS,
PUBLIC,ALL_WM_CONSTRAINT_VIOLATIONS,WMSYS,ALL_WM_CONSTRAINT_VIOLATIONS,
PUBLIC,ALL_WM_IND_COLUMNS,WMSYS,ALL_WM_IND_COLUMNS,
PUBLIC,ALL_WM_IND_EXPRESSIONS,WMSYS,ALL_WM_IND_EXPRESSIONS,
PUBLIC,ALL_WM_LOCKED_TABLES,WMSYS,ALL_WM_LOCKED_TABLES,
PUBLIC,ALL_WM_MODIFIED_TABLES,WMSYS,ALL_WM_MODIFIED_TABLES,
PUBLIC,ALL_WM_POLICIES,WMSYS,ALL_WM_POLICIES,
PUBLIC,ALL_WM_RIC_INFO,WMSYS,ALL_WM_RIC_INFO,
PUBLIC,ALL_WM_TAB_TRIGGERS,WMSYS,ALL_WM_TAB_TRIGGERS,
PUBLIC,ALL_WM_VERSIONED_TABLES,WMSYS,ALL_WM_VERSIONED_TABLES,
PUBLIC,ALL_WM_VT_ERRORS,WMSYS,ALL_WM_VT_ERRORS,
PUBLIC,ALL_WORKSPACE_PRIVS,WMSYS,ALL_WORKSPACE_PRIVS,
PUBLIC,ALL_WORKSPACES,WMSYS,ALL_WORKSPACES,
PUBLIC,ALL_WORKSPACE_SAVEPOINTS,WMSYS,ALL_WORKSPACE_SAVEPOINTS,
PUBLIC,ALL_XDS_ACL_REFRESH,SYS,ALL_XDS_ACL_REFRESH,
PUBLIC,ALL_XDS_ACL_REFSTAT,SYS,ALL_XDS_ACL_REFSTAT,
PUBLIC,ALL_XDS_LATEST_ACL_REFSTAT,SYS,ALL_XDS_LATEST_ACL_REFSTAT,
PUBLIC,ALL_XML_INDEXES,SYS,ALL_XML_INDEXES,
PUBLIC,ALL_XML_NESTED_TABLES,SYS,ALL_XML_NESTED_TABLES,
PUBLIC,ALL_XML_OUT_OF_LINE_TABLES,SYS,ALL_XML_OUT_OF_LINE_TABLES,
PUBLIC,ALL_XML_SCHEMA_ATTRIBUTES,SYS,ALL_XML_SCHEMA_ATTRIBUTES,
PUBLIC,ALL_XML_SCHEMA_COMPLEX_TYPES,SYS,ALL_XML_SCHEMA_COMPLEX_TYPES,
PUBLIC,ALL_XML_SCHEMA_ELEMENTS,SYS,ALL_XML_SCHEMA_ELEMENTS,
PUBLIC,ALL_XML_SCHEMA_NAMESPACES,SYS,ALL_XML_SCHEMA_NAMESPACES,
PUBLIC,ALL_XML_SCHEMAS,SYS,ALL_XML_SCHEMAS,
PUBLIC,ALL_XML_SCHEMA_SIMPLE_TYPES,SYS,ALL_XML_SCHEMA_SIMPLE_TYPES,
PUBLIC,ALL_XML_SCHEMA_SUBSTGRP_HEAD,SYS,ALL_XML_SCHEMA_SUBSTGRP_HEAD,
PUBLIC,ALL_XML_SCHEMA_SUBSTGRP_MBRS,SYS,ALL_XML_SCHEMA_SUBSTGRP_MBRS,
PUBLIC,ALL_XML_SCHEMAS2,SYS,ALL_XML_SCHEMAS2,
PUBLIC,ALL_XML_TAB_COLS,SYS,ALL_XML_TAB_COLS,
PUBLIC,ALL_XML_TABLES,SYS,ALL_XML_TABLES,
PUBLIC,ALL_XMLTYPE_COLS,SYS,ALL_XMLTYPE_COLS,
PUBLIC,ALL_XML_VIEW_COLS,SYS,ALL_XML_VIEW_COLS,
PUBLIC,ALL_XML_VIEWS,SYS,ALL_XML_VIEWS,
PUBLIC,ALL_XS_ACES,SYS,ALL_XS_ACES,
PUBLIC,ALL_XS_ACL_PARAMETERS,SYS,ALL_XS_ACL_PARAMETERS,
PUBLIC,ALL_XS_ACLS,SYS,ALL_XS_ACLS,
PUBLIC,ALL_XS_APPLICABLE_OBJECTS,SYS,ALL_XS_APPLICABLE_OBJECTS,
PUBLIC,ALL_XS_APPLIED_POLICIES,SYS,ALL_XS_APPLIED_POLICIES,
PUBLIC,ALL_XS_COLUMN_CONSTRAINTS,SYS,ALL_XS_COLUMN_CONSTRAINTS,
PUBLIC,ALL_XS_IMPLIED_PRIVILEGES,SYS,ALL_XS_IMPLIED_PRIVILEGES,
PUBLIC,ALL_XS_INHERITED_REALMS,SYS,ALL_XS_INHERITED_REALMS,
PUBLIC,ALL_XS_POLICIES,SYS,ALL_XS_POLICIES,
PUBLIC,ALL_XS_PRIVILEGES,SYS,ALL_XS_PRIVILEGES,
PUBLIC,ALL_XS_REALM_CONSTRAINTS,SYS,ALL_XS_REALM_CONSTRAINTS,
PUBLIC,ALL_XS_SECURITY_CLASS_DEP,SYS,ALL_XS_SECURITY_CLASS_DEP,
PUBLIC,ALL_XS_SECURITY_CLASSES,SYS,ALL_XS_SECURITY_CLASSES,
PUBLIC,ALL_XSTREAM_ADMINISTRATOR,SYS,ALL_XSTREAM_ADMINISTRATOR,
PUBLIC,ALL_XSTREAM_INBOUND,SYS,ALL_XSTREAM_INBOUND,
PUBLIC,ALL_XSTREAM_INBOUND_PROGRESS,SYS,ALL_XSTREAM_INBOUND_PROGRESS,
PUBLIC,ALL_XSTREAM_OUTBOUND,SYS,ALL_XSTREAM_OUTBOUND,
PUBLIC,ALL_XSTREAM_OUTBOUND_PROGRESS,SYS,ALL_XSTREAM_OUTBOUND_PROGRESS,
PUBLIC,ALL_XSTREAM_OUT_SUPPORT_MODE,SYS,ALL_XSTREAM_OUT_SUPPORT_MODE,
PUBLIC,ALL_XSTREAM_RULES,SYS,ALL_XSTREAM_RULES,
PUBLIC,ALL_XSTREAM_TRANSFORMATIONS,SYS,ALL_XSTREAM_TRANSFORMATIONS,
PUBLIC,ALL_XTERNAL_LOC_PARTITIONS,SYS,ALL_XTERNAL_LOC_PARTITIONS,
PUBLIC,ALL_XTERNAL_LOC_SUBPARTITIONS,SYS,ALL_XTERNAL_LOC_SUBPARTITIONS,
PUBLIC,ALL_XTERNAL_PART_TABLES,SYS,ALL_XTERNAL_PART_TABLES,
PUBLIC,ALL_XTERNAL_TAB_PARTITIONS,SYS,ALL_XTERNAL_TAB_PARTITIONS,
PUBLIC,ALL_XTERNAL_TAB_SUBPARTITIONS,SYS,ALL_XTERNAL_TAB_SUBPARTITIONS,
PUBLIC,ALL_ZONEMAP_MEASURES,SYS,ALL_ZONEMAP_MEASURES,
PUBLIC,ALL_ZONEMAPS,SYS,ALL_ZONEMAPS,
PUBLIC,ANYDATA,SYS,ANYDATA,
PUBLIC,ANYDATASET,SYS,ANYDATASET,
PUBLIC,ANYTYPE,SYS,ANYTYPE,
PUBLIC,AQ$_GET_CACHE_MSGBM,SYS,AQ$_GET_CACHE_MSGBM,
PUBLIC,AQ$INTERNET_USERS,SYS,AQ$INTERNET_USERS,
PUBLIC,AQ$_UNFLUSHED_DEQUEUES,SYS,AQ$_UNFLUSHED_DEQUEUES,
PUBLIC,AREA,MDSYS,OGC_AREA,
PUBLIC,ASBINARY,MDSYS,OGC_ASBINARY,
PUBLIC,ASHVIEWER,SYS,DBMS_ASH_INTERNAL,
PUBLIC,ASTEXT,MDSYS,OGC_ASTEXT,
PUBLIC,AUDITABLE_OBJECT_ACTIONS,SYS,AUDITABLE_OBJECT_ACTIONS,
PUBLIC,AUDITABLE_SYSTEM_ACTIONS,SYS,AUDITABLE_SYSTEM_ACTIONS,
PUBLIC,AUDIT_ACTIONS,SYS,AUDIT_ACTIONS,
PUBLIC,AUDIT_UNIFIED_CONTEXTS,SYS,AUDIT_UNIFIED_CONTEXTS,
PUBLIC,AUDIT_UNIFIED_ENABLED_POLICIES,SYS,AUDIT_UNIFIED_ENABLED_POLICIES,
PUBLIC,AUDIT_UNIFIED_POLICIES,SYS,AUDIT_UNIFIED_POLICIES,
PUBLIC,AUDIT_UNIFIED_POLICY_COMMENTS,SYS,AUDIT_UNIFIED_POLICY_COMMENTS,
PUBLIC,AUD_PDB_LIST,SYS,AUD_PDB_LIST,
PUBLIC,AWRBL_DETAILS_TYPE,SYS,AWRBL_DETAILS_TYPE,
PUBLIC,AWRBL_DETAILS_TYPE_TABLE,SYS,AWRBL_DETAILS_TYPE_TABLE,
PUBLIC,AWRBL_METRIC_TYPE,SYS,AWRBL_METRIC_TYPE,
PUBLIC,AWRBL_METRIC_TYPE_TABLE,SYS,AWRBL_METRIC_TYPE_TABLE,
PUBLIC,AWR_CDB_ACTIVE_SESS_HISTORY,SYS,AWR_CDB_ACTIVE_SESS_HISTORY,
PUBLIC,AWR_CDB_APPLY_SUMMARY,SYS,AWR_CDB_APPLY_SUMMARY,
PUBLIC,AWR_CDB_ASH_SNAPSHOT,SYS,AWR_CDB_ASH_SNAPSHOT,
PUBLIC,AWR_CDB_ASM_BAD_DISK,SYS,AWR_CDB_ASM_BAD_DISK,
PUBLIC,AWR_CDB_ASM_DISKGROUP,SYS,AWR_CDB_ASM_DISKGROUP,
PUBLIC,AWR_CDB_ASM_DISKGROUP_STAT,SYS,AWR_CDB_ASM_DISKGROUP_STAT,
PUBLIC,AWR_CDB_ASM_DISK_STAT_SUMMARY,SYS,AWR_CDB_ASM_DISK_STAT_SUMMARY,
PUBLIC,AWR_CDB_BASELINE,SYS,AWR_CDB_BASELINE,
PUBLIC,AWR_CDB_BASELINE_DETAILS,SYS,AWR_CDB_BASELINE_DETAILS,
PUBLIC,AWR_CDB_BASELINE_METADATA,SYS,AWR_CDB_BASELINE_METADATA,
PUBLIC,AWR_CDB_BASELINE_TEMPLATE,SYS,AWR_CDB_BASELINE_TEMPLATE,
PUBLIC,AWR_CDB_BG_EVENT_SUMMARY,SYS,AWR_CDB_BG_EVENT_SUMMARY,
PUBLIC,AWR_CDB_BUFFERED_QUEUES,SYS,AWR_CDB_BUFFERED_QUEUES,
PUBLIC,AWR_CDB_BUFFERED_SUBSCRIBERS,SYS,AWR_CDB_BUFFERED_SUBSCRIBERS,
PUBLIC,AWR_CDB_BUFFER_POOL_STAT,SYS,AWR_CDB_BUFFER_POOL_STAT,
PUBLIC,AWR_CDB_CAPTURE,SYS,AWR_CDB_CAPTURE,
PUBLIC,AWR_CDB_CELL_CONFIG,SYS,AWR_CDB_CELL_CONFIG,
PUBLIC,AWR_CDB_CELL_CONFIG_DETAIL,SYS,AWR_CDB_CELL_CONFIG_DETAIL,
PUBLIC,AWR_CDB_CELL_DB,SYS,AWR_CDB_CELL_DB,
PUBLIC,AWR_CDB_CELL_DISK_NAME,SYS,AWR_CDB_CELL_DISK_NAME,
PUBLIC,AWR_CDB_CELL_DISK_SUMMARY,SYS,AWR_CDB_CELL_DISK_SUMMARY,
PUBLIC,AWR_CDB_CELL_DISKTYPE,SYS,AWR_CDB_CELL_DISKTYPE,
PUBLIC,AWR_CDB_CELL_GLOBAL,SYS,AWR_CDB_CELL_GLOBAL,
PUBLIC,AWR_CDB_CELL_GLOBAL_SUMMARY,SYS,AWR_CDB_CELL_GLOBAL_SUMMARY,
PUBLIC,AWR_CDB_CELL_IOREASON,SYS,AWR_CDB_CELL_IOREASON,
PUBLIC,AWR_CDB_CELL_IOREASON_NAME,SYS,AWR_CDB_CELL_IOREASON_NAME,
PUBLIC,AWR_CDB_CELL_METRIC_DESC,SYS,AWR_CDB_CELL_METRIC_DESC,
PUBLIC,AWR_CDB_CELL_NAME,SYS,AWR_CDB_CELL_NAME,
PUBLIC,AWR_CDB_CELL_OPEN_ALERTS,SYS,AWR_CDB_CELL_OPEN_ALERTS,
PUBLIC,AWR_CDB_CHANNEL_WAITS,SYS,AWR_CDB_CHANNEL_WAITS,
PUBLIC,AWR_CDB_CLUSTER_INTERCON,SYS,AWR_CDB_CLUSTER_INTERCON,
PUBLIC,AWR_CDB_COLORED_SQL,SYS,AWR_CDB_COLORED_SQL,
PUBLIC,AWR_CDB_COMP_IOSTAT,SYS,AWR_CDB_COMP_IOSTAT,
PUBLIC,AWR_CDB_CON_SYSMETRIC_HIST,SYS,AWR_CDB_CON_SYSMETRIC_HIST,
PUBLIC,AWR_CDB_CON_SYSMETRIC_SUMM,SYS,AWR_CDB_CON_SYSMETRIC_SUMM,
PUBLIC,AWR_CDB_CON_SYSSTAT,SYS,AWR_CDB_CON_SYSSTAT,
PUBLIC,AWR_CDB_CON_SYSTEM_EVENT,SYS,AWR_CDB_CON_SYSTEM_EVENT,
PUBLIC,AWR_CDB_CON_SYS_TIME_MODEL,SYS,AWR_CDB_CON_SYS_TIME_MODEL,
PUBLIC,AWR_CDB_CR_BLOCK_SERVER,SYS,AWR_CDB_CR_BLOCK_SERVER,
PUBLIC,AWR_CDB_CURRENT_BLOCK_SERVER,SYS,AWR_CDB_CURRENT_BLOCK_SERVER,
PUBLIC,AWR_CDB_DATABASE_INSTANCE,SYS,AWR_CDB_DATABASE_INSTANCE,
PUBLIC,AWR_CDB_DATAFILE,SYS,AWR_CDB_DATAFILE,
PUBLIC,AWR_CDB_DB_CACHE_ADVICE,SYS,AWR_CDB_DB_CACHE_ADVICE,
PUBLIC,AWR_CDB_DISPATCHER,SYS,AWR_CDB_DISPATCHER,
PUBLIC,AWR_CDB_DLM_MISC,SYS,AWR_CDB_DLM_MISC,
PUBLIC,AWR_CDB_DYN_REMASTER_STATS,SYS,AWR_CDB_DYN_REMASTER_STATS,
PUBLIC,AWR_CDB_ENQUEUE_STAT,SYS,AWR_CDB_ENQUEUE_STAT,
PUBLIC,AWR_CDB_EVENT_HISTOGRAM,SYS,AWR_CDB_EVENT_HISTOGRAM,
PUBLIC,AWR_CDB_EVENT_NAME,SYS,AWR_CDB_EVENT_NAME,
PUBLIC,AWR_CDB_FILEMETRIC_HISTORY,SYS,AWR_CDB_FILEMETRIC_HISTORY,
PUBLIC,AWR_CDB_FILESTATXS,SYS,AWR_CDB_FILESTATXS,
PUBLIC,AWR_CDB_IC_CLIENT_STATS,SYS,AWR_CDB_IC_CLIENT_STATS,
PUBLIC,AWR_CDB_IC_DEVICE_STATS,SYS,AWR_CDB_IC_DEVICE_STATS,
PUBLIC,AWR_CDB_IM_SEG_STAT,SYS,AWR_CDB_IM_SEG_STAT,
PUBLIC,AWR_CDB_IM_SEG_STAT_OBJ,SYS,AWR_CDB_IM_SEG_STAT_OBJ,
PUBLIC,AWR_CDB_INSTANCE_RECOVERY,SYS,AWR_CDB_INSTANCE_RECOVERY,
PUBLIC,AWR_CDB_INST_CACHE_TRANSFER,SYS,AWR_CDB_INST_CACHE_TRANSFER,
PUBLIC,AWR_CDB_INTERCONNECT_PINGS,SYS,AWR_CDB_INTERCONNECT_PINGS,
PUBLIC,AWR_CDB_IOSTAT_DETAIL,SYS,AWR_CDB_IOSTAT_DETAIL,
PUBLIC,AWR_CDB_IOSTAT_FILETYPE,SYS,AWR_CDB_IOSTAT_FILETYPE,
PUBLIC,AWR_CDB_IOSTAT_FILETYPE_NAME,SYS,AWR_CDB_IOSTAT_FILETYPE_NAME,
PUBLIC,AWR_CDB_IOSTAT_FUNCTION,SYS,AWR_CDB_IOSTAT_FUNCTION,
PUBLIC,AWR_CDB_IOSTAT_FUNCTION_NAME,SYS,AWR_CDB_IOSTAT_FUNCTION_NAME,
PUBLIC,AWR_CDB_JAVA_POOL_ADVICE,SYS,AWR_CDB_JAVA_POOL_ADVICE,
PUBLIC,AWR_CDB_LATCH,SYS,AWR_CDB_LATCH,
PUBLIC,AWR_CDB_LATCH_CHILDREN,SYS,AWR_CDB_LATCH_CHILDREN,
PUBLIC,AWR_CDB_LATCH_MISSES_SUMMARY,SYS,AWR_CDB_LATCH_MISSES_SUMMARY,
PUBLIC,AWR_CDB_LATCH_NAME,SYS,AWR_CDB_LATCH_NAME,
PUBLIC,AWR_CDB_LATCH_PARENT,SYS,AWR_CDB_LATCH_PARENT,
PUBLIC,AWR_CDB_LIBRARYCACHE,SYS,AWR_CDB_LIBRARYCACHE,
PUBLIC,AWR_CDB_LMS_STATS,SYS,AWR_CDB_LMS_STATS,
PUBLIC,AWR_CDB_LOG,SYS,AWR_CDB_LOG,
PUBLIC,AWR_CDB_MEM_DYNAMIC_COMP,SYS,AWR_CDB_MEM_DYNAMIC_COMP,
PUBLIC,AWR_CDB_MEMORY_RESIZE_OPS,SYS,AWR_CDB_MEMORY_RESIZE_OPS,
PUBLIC,AWR_CDB_MEMORY_TARGET_ADVICE,SYS,AWR_CDB_MEMORY_TARGET_ADVICE,
PUBLIC,AWR_CDB_METRIC_NAME,SYS,AWR_CDB_METRIC_NAME,
PUBLIC,AWR_CDB_MTTR_TARGET_ADVICE,SYS,AWR_CDB_MTTR_TARGET_ADVICE,
PUBLIC,AWR_CDB_MUTEX_SLEEP,SYS,AWR_CDB_MUTEX_SLEEP,
PUBLIC,AWR_CDB_MVPARAMETER,SYS,AWR_CDB_MVPARAMETER,
PUBLIC,AWR_CDB_OPTIMIZER_ENV,SYS,AWR_CDB_OPTIMIZER_ENV,
PUBLIC,AWR_CDB_OSSTAT,SYS,AWR_CDB_OSSTAT,
PUBLIC,AWR_CDB_OSSTAT_NAME,SYS,AWR_CDB_OSSTAT_NAME,
PUBLIC,AWR_CDB_PARAMETER,SYS,AWR_CDB_PARAMETER,
PUBLIC,AWR_CDB_PARAMETER_NAME,SYS,AWR_CDB_PARAMETER_NAME,
PUBLIC,AWR_CDB_PDB_IN_SNAP,SYS,AWR_CDB_PDB_IN_SNAP,
PUBLIC,AWR_CDB_PDB_INSTANCE,SYS,AWR_CDB_PDB_INSTANCE,
PUBLIC,AWR_CDB_PERSISTENT_QMN_CACHE,SYS,AWR_CDB_PERSISTENT_QMN_CACHE,
PUBLIC,AWR_CDB_PERSISTENT_QUEUES,SYS,AWR_CDB_PERSISTENT_QUEUES,
PUBLIC,AWR_CDB_PERSISTENT_SUBS,SYS,AWR_CDB_PERSISTENT_SUBS,
PUBLIC,AWR_CDB_PGASTAT,SYS,AWR_CDB_PGASTAT,
PUBLIC,AWR_CDB_PGA_TARGET_ADVICE,SYS,AWR_CDB_PGA_TARGET_ADVICE,
PUBLIC,AWR_CDB_PLAN_OPERATION_NAME,SYS,AWR_CDB_PLAN_OPERATION_NAME,
PUBLIC,AWR_CDB_PLAN_OPTION_NAME,SYS,AWR_CDB_PLAN_OPTION_NAME,
PUBLIC,AWR_CDB_PROCESS_MEM_SUMMARY,SYS,AWR_CDB_PROCESS_MEM_SUMMARY,
PUBLIC,AWR_CDB_PROCESS_WAITTIME,SYS,AWR_CDB_PROCESS_WAITTIME,
PUBLIC,AWR_CDB_RECOVERY_PROGRESS,SYS,AWR_CDB_RECOVERY_PROGRESS,
PUBLIC,AWR_CDB_REPLICATION_TBL_STATS,SYS,AWR_CDB_REPLICATION_TBL_STATS,
PUBLIC,AWR_CDB_REPLICATION_TXN_STATS,SYS,AWR_CDB_REPLICATION_TXN_STATS,
PUBLIC,AWR_CDB_RESOURCE_LIMIT,SYS,AWR_CDB_RESOURCE_LIMIT,
PUBLIC,AWR_CDB_ROWCACHE_SUMMARY,SYS,AWR_CDB_ROWCACHE_SUMMARY,
PUBLIC,AWR_CDB_RSRC_CONSUMER_GROUP,SYS,AWR_CDB_RSRC_CONSUMER_GROUP,
PUBLIC,AWR_CDB_RSRC_METRIC,SYS,AWR_CDB_RSRC_METRIC,
PUBLIC,AWR_CDB_RSRC_PDB_METRIC,SYS,AWR_CDB_RSRC_PDB_METRIC,
PUBLIC,AWR_CDB_RSRC_PLAN,SYS,AWR_CDB_RSRC_PLAN,
PUBLIC,AWR_CDB_RULE_SET,SYS,AWR_CDB_RULE_SET,
PUBLIC,AWR_CDB_SEG_STAT,SYS,AWR_CDB_SEG_STAT,
PUBLIC,AWR_CDB_SEG_STAT_OBJ,SYS,AWR_CDB_SEG_STAT_OBJ,
PUBLIC,AWR_CDB_SERVICE_NAME,SYS,AWR_CDB_SERVICE_NAME,
PUBLIC,AWR_CDB_SERVICE_STAT,SYS,AWR_CDB_SERVICE_STAT,
PUBLIC,AWR_CDB_SERVICE_WAIT_CLASS,SYS,AWR_CDB_SERVICE_WAIT_CLASS,
PUBLIC,AWR_CDB_SESSMETRIC_HISTORY,SYS,AWR_CDB_SESSMETRIC_HISTORY,
PUBLIC,AWR_CDB_SESS_NETWORK,SYS,AWR_CDB_SESS_NETWORK,
PUBLIC,AWR_CDB_SESS_SGA_STATS,SYS,AWR_CDB_SESS_SGA_STATS,
PUBLIC,AWR_CDB_SESS_TIME_STATS,SYS,AWR_CDB_SESS_TIME_STATS,
PUBLIC,AWR_CDB_SGA,SYS,AWR_CDB_SGA,
PUBLIC,AWR_CDB_SGASTAT,SYS,AWR_CDB_SGASTAT,
PUBLIC,AWR_CDB_SGA_TARGET_ADVICE,SYS,AWR_CDB_SGA_TARGET_ADVICE,
PUBLIC,AWR_CDB_SHARED_POOL_ADVICE,SYS,AWR_CDB_SHARED_POOL_ADVICE,
PUBLIC,AWR_CDB_SHARED_SERVER_SUMMARY,SYS,AWR_CDB_SHARED_SERVER_SUMMARY,
PUBLIC,AWR_CDB_SNAP_ERROR,SYS,AWR_CDB_SNAP_ERROR,
PUBLIC,AWR_CDB_SNAPSHOT,SYS,AWR_CDB_SNAPSHOT,
PUBLIC,AWR_CDB_SQLBIND,SYS,AWR_CDB_SQLBIND,
PUBLIC,AWR_CDB_SQL_BIND_METADATA,SYS,AWR_CDB_SQL_BIND_METADATA,
PUBLIC,AWR_CDB_SQLCOMMAND_NAME,SYS,AWR_CDB_SQLCOMMAND_NAME,
PUBLIC,AWR_CDB_SQL_PLAN,SYS,AWR_CDB_SQL_PLAN,
PUBLIC,AWR_CDB_SQLSTAT,SYS,AWR_CDB_SQLSTAT,
PUBLIC,AWR_CDB_SQL_SUMMARY,SYS,AWR_CDB_SQL_SUMMARY,
PUBLIC,AWR_CDB_SQLTEXT,SYS,AWR_CDB_SQLTEXT,
PUBLIC,AWR_CDB_SQL_WORKAREA_HSTGRM,SYS,AWR_CDB_SQL_WORKAREA_HSTGRM,
PUBLIC,AWR_CDB_STAT_NAME,SYS,AWR_CDB_STAT_NAME,
PUBLIC,AWR_CDB_STREAMS_APPLY_SUM,SYS,AWR_CDB_STREAMS_APPLY_SUM,
PUBLIC,AWR_CDB_STREAMS_CAPTURE,SYS,AWR_CDB_STREAMS_CAPTURE,
PUBLIC,AWR_CDB_STREAMS_POOL_ADVICE,SYS,AWR_CDB_STREAMS_POOL_ADVICE,
PUBLIC,AWR_CDB_SYSMETRIC_HISTORY,SYS,AWR_CDB_SYSMETRIC_HISTORY,
PUBLIC,AWR_CDB_SYSMETRIC_SUMMARY,SYS,AWR_CDB_SYSMETRIC_SUMMARY,
PUBLIC,AWR_CDB_SYSSTAT,SYS,AWR_CDB_SYSSTAT,
PUBLIC,AWR_CDB_SYSSTAT_ID,SYS,AWR_CDB_SYSSTAT_ID,
PUBLIC,AWR_CDB_SYSTEM_EVENT,SYS,AWR_CDB_SYSTEM_EVENT,
PUBLIC,AWR_CDB_SYS_TIME_MODEL,SYS,AWR_CDB_SYS_TIME_MODEL,
PUBLIC,AWR_CDB_TABLE_SETTINGS,SYS,AWR_CDB_TABLE_SETTINGS,
PUBLIC,AWR_CDB_TABLESPACE,SYS,AWR_CDB_TABLESPACE,
PUBLIC,AWR_CDB_TABLESPACE_STAT,SYS,AWR_CDB_TABLESPACE_STAT,
PUBLIC,AWR_CDB_TBSPC_SPACE_USAGE,SYS,AWR_CDB_TBSPC_SPACE_USAGE,
PUBLIC,AWR_CDB_TEMPFILE,SYS,AWR_CDB_TEMPFILE,
PUBLIC,AWR_CDB_TEMPSTATXS,SYS,AWR_CDB_TEMPSTATXS,
PUBLIC,AWR_CDB_THREAD,SYS,AWR_CDB_THREAD,
PUBLIC,AWR_CDB_TOPLEVELCALL_NAME,SYS,AWR_CDB_TOPLEVELCALL_NAME,
PUBLIC,AWR_CDB_UNDOSTAT,SYS,AWR_CDB_UNDOSTAT,
PUBLIC,AWR_CDB_WAITCLASSMET_HISTORY,SYS,AWR_CDB_WAITCLASSMET_HISTORY,
PUBLIC,AWR_CDB_WAITSTAT,SYS,AWR_CDB_WAITSTAT,
PUBLIC,AWR_CDB_WR_CONTROL,SYS,AWR_CDB_WR_CONTROL,
PUBLIC,AWR_CDB_WR_SETTINGS,SYS,AWR_CDB_WR_SETTINGS,
PUBLIC,AWRDRPT_TEXT_TYPE,SYS,AWRDRPT_TEXT_TYPE,
PUBLIC,AWRDRPT_TEXT_TYPE_TABLE,SYS,AWRDRPT_TEXT_TYPE_TABLE,
PUBLIC,AWR_EXPORT_DUMP_ID_TYPE,SYS,AWR_EXPORT_DUMP_ID_TYPE,
PUBLIC,AWRHUB_CONFIG,SYS,AWRHUB_CONFIG,
PUBLIC,AWRHUB_DOWNLOAD_MAILPKG,SYS,AWRHUB_DOWNLOAD_MAILPKG,
PUBLIC,AWRHUB_REGISTRATION,SYS,AWRHUB_REGISTRATION,
PUBLIC,AWRHUB_UPLOAD_MAILPKG,SYS,AWRHUB_UPLOAD_MAILPKG,
PUBLIC,AWR_OBJECT,SYS,AWR_OBJECT,
PUBLIC,AWR_OBJECT_INFO_TABLE_TYPE,SYS,AWR_OBJECT_INFO_TABLE_TYPE,
PUBLIC,AWR_OBJECT_INFO_TYPE,SYS,AWR_OBJECT_INFO_TYPE,
PUBLIC,AWR_PDB_ACTIVE_SESS_HISTORY,SYS,AWR_PDB_ACTIVE_SESS_HISTORY,
PUBLIC,AWR_PDB_APPLY_SUMMARY,SYS,AWR_PDB_APPLY_SUMMARY,
PUBLIC,AWR_PDB_ASH_SNAPSHOT,SYS,AWR_PDB_ASH_SNAPSHOT,
PUBLIC,AWR_PDB_ASM_BAD_DISK,SYS,AWR_PDB_ASM_BAD_DISK,
PUBLIC,AWR_PDB_ASM_DISKGROUP,SYS,AWR_PDB_ASM_DISKGROUP,
PUBLIC,AWR_PDB_ASM_DISKGROUP_STAT,SYS,AWR_PDB_ASM_DISKGROUP_STAT,
PUBLIC,AWR_PDB_ASM_DISK_STAT_SUMMARY,SYS,AWR_PDB_ASM_DISK_STAT_SUMMARY,
PUBLIC,AWR_PDB_BASELINE,SYS,AWR_PDB_BASELINE,
PUBLIC,AWR_PDB_BASELINE_DETAILS,SYS,AWR_PDB_BASELINE_DETAILS,
PUBLIC,AWR_PDB_BASELINE_METADATA,SYS,AWR_PDB_BASELINE_METADATA,
PUBLIC,AWR_PDB_BASELINE_TEMPLATE,SYS,AWR_PDB_BASELINE_TEMPLATE,
PUBLIC,AWR_PDB_BG_EVENT_SUMMARY,SYS,AWR_PDB_BG_EVENT_SUMMARY,
PUBLIC,AWR_PDB_BUFFERED_QUEUES,SYS,AWR_PDB_BUFFERED_QUEUES,
PUBLIC,AWR_PDB_BUFFERED_SUBSCRIBERS,SYS,AWR_PDB_BUFFERED_SUBSCRIBERS,
PUBLIC,AWR_PDB_BUFFER_POOL_STAT,SYS,AWR_PDB_BUFFER_POOL_STAT,
PUBLIC,AWR_PDB_CAPTURE,SYS,AWR_PDB_CAPTURE,
PUBLIC,AWR_PDB_CELL_CONFIG,SYS,AWR_PDB_CELL_CONFIG,
PUBLIC,AWR_PDB_CELL_CONFIG_DETAIL,SYS,AWR_PDB_CELL_CONFIG_DETAIL,
PUBLIC,AWR_PDB_CELL_DB,SYS,AWR_PDB_CELL_DB,
PUBLIC,AWR_PDB_CELL_DISK_NAME,SYS,AWR_PDB_CELL_DISK_NAME,
PUBLIC,AWR_PDB_CELL_DISK_SUMMARY,SYS,AWR_PDB_CELL_DISK_SUMMARY,
PUBLIC,AWR_PDB_CELL_DISKTYPE,SYS,AWR_PDB_CELL_DISKTYPE,
PUBLIC,AWR_PDB_CELL_GLOBAL,SYS,AWR_PDB_CELL_GLOBAL,
PUBLIC,AWR_PDB_CELL_GLOBAL_SUMMARY,SYS,AWR_PDB_CELL_GLOBAL_SUMMARY,
PUBLIC,AWR_PDB_CELL_IOREASON,SYS,AWR_PDB_CELL_IOREASON,
PUBLIC,AWR_PDB_CELL_IOREASON_NAME,SYS,AWR_PDB_CELL_IOREASON_NAME,
PUBLIC,AWR_PDB_CELL_METRIC_DESC,SYS,AWR_PDB_CELL_METRIC_DESC,
PUBLIC,AWR_PDB_CELL_NAME,SYS,AWR_PDB_CELL_NAME,
PUBLIC,AWR_PDB_CELL_OPEN_ALERTS,SYS,AWR_PDB_CELL_OPEN_ALERTS,
PUBLIC,AWR_PDB_CHANNEL_WAITS,SYS,AWR_PDB_CHANNEL_WAITS,
PUBLIC,AWR_PDB_CLUSTER_INTERCON,SYS,AWR_PDB_CLUSTER_INTERCON,
PUBLIC,AWR_PDB_COLORED_SQL,SYS,AWR_PDB_COLORED_SQL,
PUBLIC,AWR_PDB_COMP_IOSTAT,SYS,AWR_PDB_COMP_IOSTAT,
PUBLIC,AWR_PDB_CON_SYSMETRIC_HIST,SYS,AWR_PDB_CON_SYSMETRIC_HIST,
PUBLIC,AWR_PDB_CON_SYSMETRIC_SUMM,SYS,AWR_PDB_CON_SYSMETRIC_SUMM,
PUBLIC,AWR_PDB_CON_SYSSTAT,SYS,AWR_PDB_CON_SYSSTAT,
PUBLIC,AWR_PDB_CON_SYSTEM_EVENT,SYS,AWR_PDB_CON_SYSTEM_EVENT,
PUBLIC,AWR_PDB_CON_SYS_TIME_MODEL,SYS,AWR_PDB_CON_SYS_TIME_MODEL,
PUBLIC,AWR_PDB_CR_BLOCK_SERVER,SYS,AWR_PDB_CR_BLOCK_SERVER,
PUBLIC,AWR_PDB_CURRENT_BLOCK_SERVER,SYS,AWR_PDB_CURRENT_BLOCK_SERVER,
PUBLIC,AWR_PDB_DATABASE_INSTANCE,SYS,AWR_PDB_DATABASE_INSTANCE,
PUBLIC,AWR_PDB_DATAFILE,SYS,AWR_PDB_DATAFILE,
PUBLIC,AWR_PDB_DB_CACHE_ADVICE,SYS,AWR_PDB_DB_CACHE_ADVICE,
PUBLIC,AWR_PDB_DISPATCHER,SYS,AWR_PDB_DISPATCHER,
PUBLIC,AWR_PDB_DLM_MISC,SYS,AWR_PDB_DLM_MISC,
PUBLIC,AWR_PDB_DYN_REMASTER_STATS,SYS,AWR_PDB_DYN_REMASTER_STATS,
PUBLIC,AWR_PDB_ENQUEUE_STAT,SYS,AWR_PDB_ENQUEUE_STAT,
PUBLIC,AWR_PDB_EVENT_HISTOGRAM,SYS,AWR_PDB_EVENT_HISTOGRAM,
PUBLIC,AWR_PDB_EVENT_NAME,SYS,AWR_PDB_EVENT_NAME,
PUBLIC,AWR_PDB_FILEMETRIC_HISTORY,SYS,AWR_PDB_FILEMETRIC_HISTORY,
PUBLIC,AWR_PDB_FILESTATXS,SYS,AWR_PDB_FILESTATXS,
PUBLIC,AWR_PDB_IC_CLIENT_STATS,SYS,AWR_PDB_IC_CLIENT_STATS,
PUBLIC,AWR_PDB_IC_DEVICE_STATS,SYS,AWR_PDB_IC_DEVICE_STATS,
PUBLIC,AWR_PDB_IM_SEG_STAT,SYS,AWR_PDB_IM_SEG_STAT,
PUBLIC,AWR_PDB_IM_SEG_STAT_OBJ,SYS,AWR_PDB_IM_SEG_STAT_OBJ,
PUBLIC,AWR_PDB_INSTANCE_RECOVERY,SYS,AWR_PDB_INSTANCE_RECOVERY,
PUBLIC,AWR_PDB_INST_CACHE_TRANSFER,SYS,AWR_PDB_INST_CACHE_TRANSFER,
PUBLIC,AWR_PDB_INTERCONNECT_PINGS,SYS,AWR_PDB_INTERCONNECT_PINGS,
PUBLIC,AWR_PDB_IOSTAT_DETAIL,SYS,AWR_PDB_IOSTAT_DETAIL,
PUBLIC,AWR_PDB_IOSTAT_FILETYPE,SYS,AWR_PDB_IOSTAT_FILETYPE,
PUBLIC,AWR_PDB_IOSTAT_FILETYPE_NAME,SYS,AWR_PDB_IOSTAT_FILETYPE_NAME,
PUBLIC,AWR_PDB_IOSTAT_FUNCTION,SYS,AWR_PDB_IOSTAT_FUNCTION,
PUBLIC,AWR_PDB_IOSTAT_FUNCTION_NAME,SYS,AWR_PDB_IOSTAT_FUNCTION_NAME,
PUBLIC,AWR_PDB_JAVA_POOL_ADVICE,SYS,AWR_PDB_JAVA_POOL_ADVICE,
PUBLIC,AWR_PDB_LATCH,SYS,AWR_PDB_LATCH,
PUBLIC,AWR_PDB_LATCH_CHILDREN,SYS,AWR_PDB_LATCH_CHILDREN,
PUBLIC,AWR_PDB_LATCH_MISSES_SUMMARY,SYS,AWR_PDB_LATCH_MISSES_SUMMARY,
PUBLIC,AWR_PDB_LATCH_NAME,SYS,AWR_PDB_LATCH_NAME,
PUBLIC,AWR_PDB_LATCH_PARENT,SYS,AWR_PDB_LATCH_PARENT,
PUBLIC,AWR_PDB_LIBRARYCACHE,SYS,AWR_PDB_LIBRARYCACHE,
PUBLIC,AWR_PDB_LMS_STATS,SYS,AWR_PDB_LMS_STATS,
PUBLIC,AWR_PDB_LOG,SYS,AWR_PDB_LOG,
PUBLIC,AWR_PDB_MEM_DYNAMIC_COMP,SYS,AWR_PDB_MEM_DYNAMIC_COMP,
PUBLIC,AWR_PDB_MEMORY_RESIZE_OPS,SYS,AWR_PDB_MEMORY_RESIZE_OPS,
PUBLIC,AWR_PDB_MEMORY_TARGET_ADVICE,SYS,AWR_PDB_MEMORY_TARGET_ADVICE,
PUBLIC,AWR_PDB_METRIC_NAME,SYS,AWR_PDB_METRIC_NAME,
PUBLIC,AWR_PDB_MTTR_TARGET_ADVICE,SYS,AWR_PDB_MTTR_TARGET_ADVICE,
PUBLIC,AWR_PDB_MUTEX_SLEEP,SYS,AWR_PDB_MUTEX_SLEEP,
PUBLIC,AWR_PDB_MVPARAMETER,SYS,AWR_PDB_MVPARAMETER,
PUBLIC,AWR_PDB_OPTIMIZER_ENV,SYS,AWR_PDB_OPTIMIZER_ENV,
PUBLIC,AWR_PDB_OSSTAT,SYS,AWR_PDB_OSSTAT,
PUBLIC,AWR_PDB_OSSTAT_NAME,SYS,AWR_PDB_OSSTAT_NAME,
PUBLIC,AWR_PDB_PARAMETER,SYS,AWR_PDB_PARAMETER,
PUBLIC,AWR_PDB_PARAMETER_NAME,SYS,AWR_PDB_PARAMETER_NAME,
PUBLIC,AWR_PDB_PDB_IN_SNAP,SYS,AWR_PDB_PDB_IN_SNAP,
PUBLIC,AWR_PDB_PDB_INSTANCE,SYS,AWR_PDB_PDB_INSTANCE,
PUBLIC,AWR_PDB_PERSISTENT_QMN_CACHE,SYS,AWR_PDB_PERSISTENT_QMN_CACHE,
PUBLIC,AWR_PDB_PERSISTENT_QUEUES,SYS,AWR_PDB_PERSISTENT_QUEUES,
PUBLIC,AWR_PDB_PERSISTENT_SUBS,SYS,AWR_PDB_PERSISTENT_SUBS,
PUBLIC,AWR_PDB_PGASTAT,SYS,AWR_PDB_PGASTAT,
PUBLIC,AWR_PDB_PGA_TARGET_ADVICE,SYS,AWR_PDB_PGA_TARGET_ADVICE,
PUBLIC,AWR_PDB_PLAN_OPERATION_NAME,SYS,AWR_PDB_PLAN_OPERATION_NAME,
PUBLIC,AWR_PDB_PLAN_OPTION_NAME,SYS,AWR_PDB_PLAN_OPTION_NAME,
PUBLIC,AWR_PDB_PROCESS_MEM_SUMMARY,SYS,AWR_PDB_PROCESS_MEM_SUMMARY,
PUBLIC,AWR_PDB_PROCESS_WAITTIME,SYS,AWR_PDB_PROCESS_WAITTIME,
PUBLIC,AWR_PDB_RECOVERY_PROGRESS,SYS,AWR_PDB_RECOVERY_PROGRESS,
PUBLIC,AWR_PDB_REPLICATION_TBL_STATS,SYS,AWR_PDB_REPLICATION_TBL_STATS,
PUBLIC,AWR_PDB_REPLICATION_TXN_STATS,SYS,AWR_PDB_REPLICATION_TXN_STATS,
PUBLIC,AWR_PDB_RESOURCE_LIMIT,SYS,AWR_PDB_RESOURCE_LIMIT,
PUBLIC,AWR_PDB_ROWCACHE_SUMMARY,SYS,AWR_PDB_ROWCACHE_SUMMARY,
PUBLIC,AWR_PDB_RSRC_CONSUMER_GROUP,SYS,AWR_PDB_RSRC_CONSUMER_GROUP,
PUBLIC,AWR_PDB_RSRC_METRIC,SYS,AWR_PDB_RSRC_METRIC,
PUBLIC,AWR_PDB_RSRC_PDB_METRIC,SYS,AWR_PDB_RSRC_PDB_METRIC,
PUBLIC,AWR_PDB_RSRC_PLAN,SYS,AWR_PDB_RSRC_PLAN,
PUBLIC,AWR_PDB_RULE_SET,SYS,AWR_PDB_RULE_SET,
PUBLIC,AWR_PDB_SEG_STAT,SYS,AWR_PDB_SEG_STAT,
PUBLIC,AWR_PDB_SEG_STAT_OBJ,SYS,AWR_PDB_SEG_STAT_OBJ,
PUBLIC,AWR_PDB_SERVICE_NAME,SYS,AWR_PDB_SERVICE_NAME,
PUBLIC,AWR_PDB_SERVICE_STAT,SYS,AWR_PDB_SERVICE_STAT,
PUBLIC,AWR_PDB_SERVICE_WAIT_CLASS,SYS,AWR_PDB_SERVICE_WAIT_CLASS,
PUBLIC,AWR_PDB_SESSMETRIC_HISTORY,SYS,AWR_PDB_SESSMETRIC_HISTORY,
PUBLIC,AWR_PDB_SESS_NETWORK,SYS,AWR_PDB_SESS_NETWORK,
PUBLIC,AWR_PDB_SESS_SGA_STATS,SYS,AWR_PDB_SESS_SGA_STATS,
PUBLIC,AWR_PDB_SESS_TIME_STATS,SYS,AWR_PDB_SESS_TIME_STATS,
PUBLIC,AWR_PDB_SGA,SYS,AWR_PDB_SGA,
PUBLIC,AWR_PDB_SGASTAT,SYS,AWR_PDB_SGASTAT,
PUBLIC,AWR_PDB_SGA_TARGET_ADVICE,SYS,AWR_PDB_SGA_TARGET_ADVICE,
PUBLIC,AWR_PDB_SHARED_POOL_ADVICE,SYS,AWR_PDB_SHARED_POOL_ADVICE,
PUBLIC,AWR_PDB_SHARED_SERVER_SUMMARY,SYS,AWR_PDB_SHARED_SERVER_SUMMARY,
PUBLIC,AWR_PDB_SNAP_ERROR,SYS,AWR_PDB_SNAP_ERROR,
PUBLIC,AWR_PDB_SNAPSHOT,SYS,AWR_PDB_SNAPSHOT,
PUBLIC,AWR_PDB_SQLBIND,SYS,AWR_PDB_SQLBIND,
PUBLIC,AWR_PDB_SQL_BIND_METADATA,SYS,AWR_PDB_SQL_BIND_METADATA,
PUBLIC,AWR_PDB_SQLCOMMAND_NAME,SYS,AWR_PDB_SQLCOMMAND_NAME,
PUBLIC,AWR_PDB_SQL_PLAN,SYS,AWR_PDB_SQL_PLAN,
PUBLIC,AWR_PDB_SQLSTAT,SYS,AWR_PDB_SQLSTAT,
PUBLIC,AWR_PDB_SQL_SUMMARY,SYS,AWR_PDB_SQL_SUMMARY,
PUBLIC,AWR_PDB_SQLTEXT,SYS,AWR_PDB_SQLTEXT,
PUBLIC,AWR_PDB_SQL_WORKAREA_HSTGRM,SYS,AWR_PDB_SQL_WORKAREA_HSTGRM,
PUBLIC,AWR_PDB_STAT_NAME,SYS,AWR_PDB_STAT_NAME,
PUBLIC,AWR_PDB_STREAMS_APPLY_SUM,SYS,AWR_PDB_STREAMS_APPLY_SUM,
PUBLIC,AWR_PDB_STREAMS_CAPTURE,SYS,AWR_PDB_STREAMS_CAPTURE,
PUBLIC,AWR_PDB_STREAMS_POOL_ADVICE,SYS,AWR_PDB_STREAMS_POOL_ADVICE,
PUBLIC,AWR_PDB_SYSMETRIC_HISTORY,SYS,AWR_PDB_SYSMETRIC_HISTORY,
PUBLIC,AWR_PDB_SYSMETRIC_SUMMARY,SYS,AWR_PDB_SYSMETRIC_SUMMARY,
PUBLIC,AWR_PDB_SYSSTAT,SYS,AWR_PDB_SYSSTAT,
PUBLIC,AWR_PDB_SYSTEM_EVENT,SYS,AWR_PDB_SYSTEM_EVENT,
PUBLIC,AWR_PDB_SYS_TIME_MODEL,SYS,AWR_PDB_SYS_TIME_MODEL,
PUBLIC,AWR_PDB_TABLE_SETTINGS,SYS,AWR_PDB_TABLE_SETTINGS,
PUBLIC,AWR_PDB_TABLESPACE,SYS,AWR_PDB_TABLESPACE,
PUBLIC,AWR_PDB_TABLESPACE_STAT,SYS,AWR_PDB_TABLESPACE_STAT,
PUBLIC,AWR_PDB_TBSPC_SPACE_USAGE,SYS,AWR_PDB_TBSPC_SPACE_USAGE,
PUBLIC,AWR_PDB_TEMPFILE,SYS,AWR_PDB_TEMPFILE,
PUBLIC,AWR_PDB_TEMPSTATXS,SYS,AWR_PDB_TEMPSTATXS,
PUBLIC,AWR_PDB_THREAD,SYS,AWR_PDB_THREAD,
PUBLIC,AWR_PDB_TOPLEVELCALL_NAME,SYS,AWR_PDB_TOPLEVELCALL_NAME,
PUBLIC,AWR_PDB_UNDOSTAT,SYS,AWR_PDB_UNDOSTAT,
PUBLIC,AWR_PDB_WAITCLASSMET_HISTORY,SYS,AWR_PDB_WAITCLASSMET_HISTORY,
PUBLIC,AWR_PDB_WAITSTAT,SYS,AWR_PDB_WAITSTAT,
PUBLIC,AWR_PDB_WR_CONTROL,SYS,AWR_PDB_WR_CONTROL,
PUBLIC,AWR_PDB_WR_SETTINGS,SYS,AWR_PDB_WR_SETTINGS,
PUBLIC,AWR_ROOT_ACTIVE_SESS_HISTORY,SYS,AWR_ROOT_ACTIVE_SESS_HISTORY,
PUBLIC,AWR_ROOT_APPLY_SUMMARY,SYS,AWR_ROOT_APPLY_SUMMARY,
PUBLIC,AWR_ROOT_ASH_SNAPSHOT,SYS,AWR_ROOT_ASH_SNAPSHOT,
PUBLIC,AWR_ROOT_ASM_BAD_DISK,SYS,AWR_ROOT_ASM_BAD_DISK,
PUBLIC,AWR_ROOT_ASM_DISKGROUP,SYS,AWR_ROOT_ASM_DISKGROUP,
PUBLIC,AWR_ROOT_ASM_DISKGROUP_STAT,SYS,AWR_ROOT_ASM_DISKGROUP_STAT,
PUBLIC,AWR_ROOT_ASM_DISK_STAT_SUMMARY,SYS,AWR_ROOT_ASM_DISK_STAT_SUMMARY,
PUBLIC,AWR_ROOT_BASELINE,SYS,AWR_ROOT_BASELINE,
PUBLIC,AWR_ROOT_BASELINE_DETAILS,SYS,AWR_ROOT_BASELINE_DETAILS,
PUBLIC,AWR_ROOT_BASELINE_METADATA,SYS,AWR_ROOT_BASELINE_METADATA,
PUBLIC,AWR_ROOT_BASELINE_TEMPLATE,SYS,AWR_ROOT_BASELINE_TEMPLATE,
PUBLIC,AWR_ROOT_BG_EVENT_SUMMARY,SYS,AWR_ROOT_BG_EVENT_SUMMARY,
PUBLIC,AWR_ROOT_BUFFERED_QUEUES,SYS,AWR_ROOT_BUFFERED_QUEUES,
PUBLIC,AWR_ROOT_BUFFERED_SUBSCRIBERS,SYS,AWR_ROOT_BUFFERED_SUBSCRIBERS,
PUBLIC,AWR_ROOT_BUFFER_POOL_STAT,SYS,AWR_ROOT_BUFFER_POOL_STAT,
PUBLIC,AWR_ROOT_CAPTURE,SYS,AWR_ROOT_CAPTURE,
PUBLIC,AWR_ROOT_CELL_CONFIG,SYS,AWR_ROOT_CELL_CONFIG,
PUBLIC,AWR_ROOT_CELL_CONFIG_DETAIL,SYS,AWR_ROOT_CELL_CONFIG_DETAIL,
PUBLIC,AWR_ROOT_CELL_DB,SYS,AWR_ROOT_CELL_DB,
PUBLIC,AWR_ROOT_CELL_DISK_NAME,SYS,AWR_ROOT_CELL_DISK_NAME,
PUBLIC,AWR_ROOT_CELL_DISK_SUMMARY,SYS,AWR_ROOT_CELL_DISK_SUMMARY,
PUBLIC,AWR_ROOT_CELL_DISKTYPE,SYS,AWR_ROOT_CELL_DISKTYPE,
PUBLIC,AWR_ROOT_CELL_GLOBAL,SYS,AWR_ROOT_CELL_GLOBAL,
PUBLIC,AWR_ROOT_CELL_GLOBAL_SUMMARY,SYS,AWR_ROOT_CELL_GLOBAL_SUMMARY,
PUBLIC,AWR_ROOT_CELL_IOREASON,SYS,AWR_ROOT_CELL_IOREASON,
PUBLIC,AWR_ROOT_CELL_IOREASON_NAME,SYS,AWR_ROOT_CELL_IOREASON_NAME,
PUBLIC,AWR_ROOT_CELL_METRIC_DESC,SYS,AWR_ROOT_CELL_METRIC_DESC,
PUBLIC,AWR_ROOT_CELL_NAME,SYS,AWR_ROOT_CELL_NAME,
PUBLIC,AWR_ROOT_CELL_OPEN_ALERTS,SYS,AWR_ROOT_CELL_OPEN_ALERTS,
PUBLIC,AWR_ROOT_CHANNEL_WAITS,SYS,AWR_ROOT_CHANNEL_WAITS,
PUBLIC,AWR_ROOT_CLUSTER_INTERCON,SYS,AWR_ROOT_CLUSTER_INTERCON,
PUBLIC,AWR_ROOT_COLORED_SQL,SYS,AWR_ROOT_COLORED_SQL,
PUBLIC,AWR_ROOT_COMP_IOSTAT,SYS,AWR_ROOT_COMP_IOSTAT,
PUBLIC,AWR_ROOT_CON_SYSMETRIC_HIST,SYS,AWR_ROOT_CON_SYSMETRIC_HIST,
PUBLIC,AWR_ROOT_CON_SYSMETRIC_SUMM,SYS,AWR_ROOT_CON_SYSMETRIC_SUMM,
PUBLIC,AWR_ROOT_CON_SYSSTAT,SYS,AWR_ROOT_CON_SYSSTAT,
PUBLIC,AWR_ROOT_CON_SYSTEM_EVENT,SYS,AWR_ROOT_CON_SYSTEM_EVENT,
PUBLIC,AWR_ROOT_CON_SYS_TIME_MODEL,SYS,AWR_ROOT_CON_SYS_TIME_MODEL,
PUBLIC,AWR_ROOT_CR_BLOCK_SERVER,SYS,AWR_ROOT_CR_BLOCK_SERVER,
PUBLIC,AWR_ROOT_CURRENT_BLOCK_SERVER,SYS,AWR_ROOT_CURRENT_BLOCK_SERVER,
PUBLIC,AWR_ROOT_DATABASE_INSTANCE,SYS,AWR_ROOT_DATABASE_INSTANCE,
PUBLIC,AWR_ROOT_DATAFILE,SYS,AWR_ROOT_DATAFILE,
PUBLIC,AWR_ROOT_DB_CACHE_ADVICE,SYS,AWR_ROOT_DB_CACHE_ADVICE,
PUBLIC,AWR_ROOT_DISPATCHER,SYS,AWR_ROOT_DISPATCHER,
PUBLIC,AWR_ROOT_DLM_MISC,SYS,AWR_ROOT_DLM_MISC,
PUBLIC,AWR_ROOT_DYN_REMASTER_STATS,SYS,AWR_ROOT_DYN_REMASTER_STATS,
PUBLIC,AWR_ROOT_ENQUEUE_STAT,SYS,AWR_ROOT_ENQUEUE_STAT,
PUBLIC,AWR_ROOT_EVENT_HISTOGRAM,SYS,AWR_ROOT_EVENT_HISTOGRAM,
PUBLIC,AWR_ROOT_EVENT_NAME,SYS,AWR_ROOT_EVENT_NAME,
PUBLIC,AWR_ROOT_FILEMETRIC_HISTORY,SYS,AWR_ROOT_FILEMETRIC_HISTORY,
PUBLIC,AWR_ROOT_FILESTATXS,SYS,AWR_ROOT_FILESTATXS,
PUBLIC,AWR_ROOT_IC_CLIENT_STATS,SYS,AWR_ROOT_IC_CLIENT_STATS,
PUBLIC,AWR_ROOT_IC_DEVICE_STATS,SYS,AWR_ROOT_IC_DEVICE_STATS,
PUBLIC,AWR_ROOT_IM_SEG_STAT,SYS,AWR_ROOT_IM_SEG_STAT,
PUBLIC,AWR_ROOT_IM_SEG_STAT_OBJ,SYS,AWR_ROOT_IM_SEG_STAT_OBJ,
PUBLIC,AWR_ROOT_INSTANCE_RECOVERY,SYS,AWR_ROOT_INSTANCE_RECOVERY,
PUBLIC,AWR_ROOT_INST_CACHE_TRANSFER,SYS,AWR_ROOT_INST_CACHE_TRANSFER,
PUBLIC,AWR_ROOT_INTERCONNECT_PINGS,SYS,AWR_ROOT_INTERCONNECT_PINGS,
PUBLIC,AWR_ROOT_IOSTAT_DETAIL,SYS,AWR_ROOT_IOSTAT_DETAIL,
PUBLIC,AWR_ROOT_IOSTAT_FILETYPE,SYS,AWR_ROOT_IOSTAT_FILETYPE,
PUBLIC,AWR_ROOT_IOSTAT_FILETYPE_NAME,SYS,AWR_ROOT_IOSTAT_FILETYPE_NAME,
PUBLIC,AWR_ROOT_IOSTAT_FUNCTION,SYS,AWR_ROOT_IOSTAT_FUNCTION,
PUBLIC,AWR_ROOT_IOSTAT_FUNCTION_NAME,SYS,AWR_ROOT_IOSTAT_FUNCTION_NAME,
PUBLIC,AWR_ROOT_JAVA_POOL_ADVICE,SYS,AWR_ROOT_JAVA_POOL_ADVICE,
PUBLIC,AWR_ROOT_LATCH,SYS,AWR_ROOT_LATCH,
PUBLIC,AWR_ROOT_LATCH_CHILDREN,SYS,AWR_ROOT_LATCH_CHILDREN,
PUBLIC,AWR_ROOT_LATCH_MISSES_SUMMARY,SYS,AWR_ROOT_LATCH_MISSES_SUMMARY,
PUBLIC,AWR_ROOT_LATCH_NAME,SYS,AWR_ROOT_LATCH_NAME,
PUBLIC,AWR_ROOT_LATCH_PARENT,SYS,AWR_ROOT_LATCH_PARENT,
PUBLIC,AWR_ROOT_LIBRARYCACHE,SYS,AWR_ROOT_LIBRARYCACHE,
PUBLIC,AWR_ROOT_LMS_STATS,SYS,AWR_ROOT_LMS_STATS,
PUBLIC,AWR_ROOT_LOG,SYS,AWR_ROOT_LOG,
PUBLIC,AWR_ROOT_MEM_DYNAMIC_COMP,SYS,AWR_ROOT_MEM_DYNAMIC_COMP,
PUBLIC,AWR_ROOT_MEMORY_RESIZE_OPS,SYS,AWR_ROOT_MEMORY_RESIZE_OPS,
PUBLIC,AWR_ROOT_MEMORY_TARGET_ADVICE,SYS,AWR_ROOT_MEMORY_TARGET_ADVICE,
PUBLIC,AWR_ROOT_METRIC_NAME,SYS,AWR_ROOT_METRIC_NAME,
PUBLIC,AWR_ROOT_MTTR_TARGET_ADVICE,SYS,AWR_ROOT_MTTR_TARGET_ADVICE,
PUBLIC,AWR_ROOT_MUTEX_SLEEP,SYS,AWR_ROOT_MUTEX_SLEEP,
PUBLIC,AWR_ROOT_MVPARAMETER,SYS,AWR_ROOT_MVPARAMETER,
PUBLIC,AWR_ROOT_OPTIMIZER_ENV,SYS,AWR_ROOT_OPTIMIZER_ENV,
PUBLIC,AWR_ROOT_OSSTAT,SYS,AWR_ROOT_OSSTAT,
PUBLIC,AWR_ROOT_OSSTAT_NAME,SYS,AWR_ROOT_OSSTAT_NAME,
PUBLIC,AWR_ROOT_PARAMETER,SYS,AWR_ROOT_PARAMETER,
PUBLIC,AWR_ROOT_PARAMETER_NAME,SYS,AWR_ROOT_PARAMETER_NAME,
PUBLIC,AWR_ROOT_PDB_IN_SNAP,SYS,AWR_ROOT_PDB_IN_SNAP,
PUBLIC,AWR_ROOT_PDB_INSTANCE,SYS,AWR_ROOT_PDB_INSTANCE,
PUBLIC,AWR_ROOT_PERSISTENT_QMN_CACHE,SYS,AWR_ROOT_PERSISTENT_QMN_CACHE,
PUBLIC,AWR_ROOT_PERSISTENT_QUEUES,SYS,AWR_ROOT_PERSISTENT_QUEUES,
PUBLIC,AWR_ROOT_PERSISTENT_SUBS,SYS,AWR_ROOT_PERSISTENT_SUBS,
PUBLIC,AWR_ROOT_PGASTAT,SYS,AWR_ROOT_PGASTAT,
PUBLIC,AWR_ROOT_PGA_TARGET_ADVICE,SYS,AWR_ROOT_PGA_TARGET_ADVICE,
PUBLIC,AWR_ROOT_PLAN_OPERATION_NAME,SYS,AWR_ROOT_PLAN_OPERATION_NAME,
PUBLIC,AWR_ROOT_PLAN_OPTION_NAME,SYS,AWR_ROOT_PLAN_OPTION_NAME,
PUBLIC,AWR_ROOT_PROCESS_MEM_SUMMARY,SYS,AWR_ROOT_PROCESS_MEM_SUMMARY,
PUBLIC,AWR_ROOT_PROCESS_WAITTIME,SYS,AWR_ROOT_PROCESS_WAITTIME,
PUBLIC,AWR_ROOT_RECOVERY_PROGRESS,SYS,AWR_ROOT_RECOVERY_PROGRESS,
PUBLIC,AWR_ROOT_REPLICATION_TBL_STATS,SYS,AWR_ROOT_REPLICATION_TBL_STATS,
PUBLIC,AWR_ROOT_REPLICATION_TXN_STATS,SYS,AWR_ROOT_REPLICATION_TXN_STATS,
PUBLIC,AWR_ROOT_RESOURCE_LIMIT,SYS,AWR_ROOT_RESOURCE_LIMIT,
PUBLIC,AWR_ROOT_ROWCACHE_SUMMARY,SYS,AWR_ROOT_ROWCACHE_SUMMARY,
PUBLIC,AWR_ROOT_RSRC_CONSUMER_GROUP,SYS,AWR_ROOT_RSRC_CONSUMER_GROUP,
PUBLIC,AWR_ROOT_RSRC_METRIC,SYS,AWR_ROOT_RSRC_METRIC,
PUBLIC,AWR_ROOT_RSRC_PDB_METRIC,SYS,AWR_ROOT_RSRC_PDB_METRIC,
PUBLIC,AWR_ROOT_RSRC_PLAN,SYS,AWR_ROOT_RSRC_PLAN,
PUBLIC,AWR_ROOT_RULE_SET,SYS,AWR_ROOT_RULE_SET,
PUBLIC,AWR_ROOT_SEG_STAT,SYS,AWR_ROOT_SEG_STAT,
PUBLIC,AWR_ROOT_SEG_STAT_OBJ,SYS,AWR_ROOT_SEG_STAT_OBJ,
PUBLIC,AWR_ROOT_SERVICE_NAME,SYS,AWR_ROOT_SERVICE_NAME,
PUBLIC,AWR_ROOT_SERVICE_STAT,SYS,AWR_ROOT_SERVICE_STAT,
PUBLIC,AWR_ROOT_SERVICE_WAIT_CLASS,SYS,AWR_ROOT_SERVICE_WAIT_CLASS,
PUBLIC,AWR_ROOT_SESSMETRIC_HISTORY,SYS,AWR_ROOT_SESSMETRIC_HISTORY,
PUBLIC,AWR_ROOT_SESS_NETWORK,SYS,AWR_ROOT_SESS_NETWORK,
PUBLIC,AWR_ROOT_SESS_SGA_STATS,SYS,AWR_ROOT_SESS_SGA_STATS,
PUBLIC,AWR_ROOT_SESS_TIME_STATS,SYS,AWR_ROOT_SESS_TIME_STATS,
PUBLIC,AWR_ROOT_SGA,SYS,AWR_ROOT_SGA,
PUBLIC,AWR_ROOT_SGASTAT,SYS,AWR_ROOT_SGASTAT,
PUBLIC,AWR_ROOT_SGA_TARGET_ADVICE,SYS,AWR_ROOT_SGA_TARGET_ADVICE,
PUBLIC,AWR_ROOT_SHARED_POOL_ADVICE,SYS,AWR_ROOT_SHARED_POOL_ADVICE,
PUBLIC,AWR_ROOT_SHARED_SERVER_SUMMARY,SYS,AWR_ROOT_SHARED_SERVER_SUMMARY,
PUBLIC,AWR_ROOT_SNAP_ERROR,SYS,AWR_ROOT_SNAP_ERROR,
PUBLIC,AWR_ROOT_SNAPSHOT,SYS,AWR_ROOT_SNAPSHOT,
PUBLIC,AWR_ROOT_SQLBIND,SYS,AWR_ROOT_SQLBIND,
PUBLIC,AWR_ROOT_SQL_BIND_METADATA,SYS,AWR_ROOT_SQL_BIND_METADATA,
PUBLIC,AWR_ROOT_SQLCOMMAND_NAME,SYS,AWR_ROOT_SQLCOMMAND_NAME,
PUBLIC,AWR_ROOT_SQL_PLAN,SYS,AWR_ROOT_SQL_PLAN,
PUBLIC,AWR_ROOT_SQLSTAT,SYS,AWR_ROOT_SQLSTAT,
PUBLIC,AWR_ROOT_SQL_SUMMARY,SYS,AWR_ROOT_SQL_SUMMARY,
PUBLIC,AWR_ROOT_SQLTEXT,SYS,AWR_ROOT_SQLTEXT,
PUBLIC,AWR_ROOT_SQL_WORKAREA_HSTGRM,SYS,AWR_ROOT_SQL_WORKAREA_HSTGRM,
PUBLIC,AWR_ROOT_STAT_NAME,SYS,AWR_ROOT_STAT_NAME,
PUBLIC,AWR_ROOT_STREAMS_APPLY_SUM,SYS,AWR_ROOT_STREAMS_APPLY_SUM,
PUBLIC,AWR_ROOT_STREAMS_CAPTURE,SYS,AWR_ROOT_STREAMS_CAPTURE,
PUBLIC,AWR_ROOT_STREAMS_POOL_ADVICE,SYS,AWR_ROOT_STREAMS_POOL_ADVICE,
PUBLIC,AWR_ROOT_SYSMETRIC_HISTORY,SYS,AWR_ROOT_SYSMETRIC_HISTORY,
PUBLIC,AWR_ROOT_SYSMETRIC_SUMMARY,SYS,AWR_ROOT_SYSMETRIC_SUMMARY,
PUBLIC,AWR_ROOT_SYSSTAT,SYS,AWR_ROOT_SYSSTAT,
PUBLIC,AWR_ROOT_SYSSTAT_ID,SYS,AWR_ROOT_SYSSTAT_ID,
PUBLIC,AWR_ROOT_SYSTEM_EVENT,SYS,AWR_ROOT_SYSTEM_EVENT,
PUBLIC,AWR_ROOT_SYS_TIME_MODEL,SYS,AWR_ROOT_SYS_TIME_MODEL,
PUBLIC,AWR_ROOT_TABLE_SETTINGS,SYS,AWR_ROOT_TABLE_SETTINGS,
PUBLIC,AWR_ROOT_TABLESPACE,SYS,AWR_ROOT_TABLESPACE,
PUBLIC,AWR_ROOT_TABLESPACE_STAT,SYS,AWR_ROOT_TABLESPACE_STAT,
PUBLIC,AWR_ROOT_TBSPC_SPACE_USAGE,SYS,AWR_ROOT_TBSPC_SPACE_USAGE,
PUBLIC,AWR_ROOT_TEMPFILE,SYS,AWR_ROOT_TEMPFILE,
PUBLIC,AWR_ROOT_TEMPSTATXS,SYS,AWR_ROOT_TEMPSTATXS,
PUBLIC,AWR_ROOT_THREAD,SYS,AWR_ROOT_THREAD,
PUBLIC,AWR_ROOT_TOPLEVELCALL_NAME,SYS,AWR_ROOT_TOPLEVELCALL_NAME,
PUBLIC,AWR_ROOT_UNDOSTAT,SYS,AWR_ROOT_UNDOSTAT,
PUBLIC,AWR_ROOT_WAITCLASSMET_HISTORY,SYS,AWR_ROOT_WAITCLASSMET_HISTORY,
PUBLIC,AWR_ROOT_WAITSTAT,SYS,AWR_ROOT_WAITSTAT,
PUBLIC,AWR_ROOT_WR_CONTROL,SYS,AWR_ROOT_WR_CONTROL,
PUBLIC,AWR_ROOT_WR_SETTINGS,SYS,AWR_ROOT_WR_SETTINGS,
PUBLIC,AWRRPT_CLB_ARY,SYS,AWRRPT_CLB_ARY,
PUBLIC,AWRRPT_HTML_TYPE,SYS,AWRRPT_HTML_TYPE,
PUBLIC,AWRRPT_HTML_TYPE_TABLE,SYS,AWRRPT_HTML_TYPE_TABLE,
PUBLIC,AWRRPT_INSTANCE_LIST_TYPE,SYS,AWRRPT_INSTANCE_LIST_TYPE,
PUBLIC,AWRRPT_NUM_ARY,SYS,AWRRPT_NUM_ARY,
PUBLIC,AWRRPT_NUMBER_LIST_TYPE,SYS,AWRRPT_NUMBER_LIST_TYPE,
PUBLIC,AWRRPT_ROW_TYPE,SYS,AWRRPT_ROW_TYPE,
PUBLIC,AWRRPT_TEXT_TYPE,SYS,AWRRPT_TEXT_TYPE,
PUBLIC,AWRRPT_TEXT_TYPE_TABLE,SYS,AWRRPT_TEXT_TYPE_TABLE,
PUBLIC,AWRRPT_VARCHAR256_LIST_TYPE,SYS,AWRRPT_VARCHAR256_LIST_TYPE,
PUBLIC,AWRRPT_VCH_ARY,SYS,AWRRPT_VCH_ARY,
PUBLIC,AWRSQRPT_TEXT_TYPE,SYS,AWRSQRPT_TEXT_TYPE,
PUBLIC,AWRSQRPT_TEXT_TYPE_TABLE,SYS,AWRSQRPT_TEXT_TYPE_TABLE,
PUBLIC,BOUNDARY,MDSYS,OGC_BOUNDARY,
PUBLIC,BUFFER,MDSYS,OGC_BUFFER,
PUBLIC,CANSYNCREFARRAYTYPE,SYS,CANSYNCREFARRAYTYPE,
PUBLIC,CANSYNCREFMESSAGE,SYS,CANSYNCREFMESSAGE,
PUBLIC,CAT,SYS,USER_CATALOG,
PUBLIC,CATSEARCH,CTXSYS,CATSEARCH,
PUBLIC,CDB_ACCHK_EVENTS,SYS,CDB_ACCHK_EVENTS,
PUBLIC,CDB_ACCHK_EVENTS_SUMMARY,SYS,CDB_ACCHK_EVENTS_SUMMARY,
PUBLIC,CDB_ACCHK_STATISTICS,SYS,CDB_ACCHK_STATISTICS,
PUBLIC,CDB_ACCHK_STATISTICS_SUMMARY,SYS,CDB_ACCHK_STATISTICS_SUMMARY,
PUBLIC,CDB_ACL_NAME_MAP,SYS,CDB_ACL_NAME_MAP,
PUBLIC,CDB_ACTIVITY_CONFIG,SYS,CDB_ACTIVITY_CONFIG,
PUBLIC,CDB_ACTIVITY_MVIEW,SYS,CDB_ACTIVITY_MVIEW,
PUBLIC,CDB_ACTIVITY_SNAPSHOT_META,SYS,CDB_ACTIVITY_SNAPSHOT_META,
PUBLIC,CDB_ACTIVITY_TABLE,SYS,CDB_ACTIVITY_TABLE,
PUBLIC,CDB_ADBTASK_CLIENT,SYS,CDB_ADBTASK_CLIENT,
PUBLIC,CDB_ADBTASK_SCHEDULE,SYS,CDB_ADBTASK_SCHEDULE,
PUBLIC,CDB_ADBTASK_SETTINGS,SYS,CDB_ADBTASK_SETTINGS,
PUBLIC,CDB_ADDM_FDG_BREAKDOWN,SYS,CDB_ADDM_FDG_BREAKDOWN,
PUBLIC,CDB_ADDM_FINDINGS,SYS,CDB_ADDM_FINDINGS,
PUBLIC,CDB_ADDM_INSTANCES,SYS,CDB_ADDM_INSTANCES,
PUBLIC,CDB_ADDM_SYSTEM_DIRECTIVES,SYS,CDB_ADDM_SYSTEM_DIRECTIVES,
PUBLIC,CDB_ADDM_TASK_DIRECTIVES,SYS,CDB_ADDM_TASK_DIRECTIVES,
PUBLIC,CDB_ADDM_TASKS,SYS,CDB_ADDM_TASKS,
PUBLIC,CDB_ADVISOR_ACTIONS,SYS,CDB_ADVISOR_ACTIONS,
PUBLIC,CDB_ADVISOR_COMMANDS,SYS,CDB_ADVISOR_COMMANDS,
PUBLIC,CDB_ADVISOR_DEFINITIONS,SYS,CDB_ADVISOR_DEFINITIONS,
PUBLIC,CDB_ADVISOR_DEF_PARAMETERS,SYS,CDB_ADVISOR_DEF_PARAMETERS,
PUBLIC,CDB_ADVISOR_DIR_DEFINITIONS,SYS,CDB_ADVISOR_DIR_DEFINITIONS,
PUBLIC,CDB_ADVISOR_DIR_INSTANCES,SYS,CDB_ADVISOR_DIR_INSTANCES,
PUBLIC,CDB_ADVISOR_DIR_TASK_INST,SYS,CDB_ADVISOR_DIR_TASK_INST,
PUBLIC,CDB_ADVISOR_EXEC_PARAMETERS,SYS,CDB_ADVISOR_EXEC_PARAMETERS,
PUBLIC,CDB_ADVISOR_EXECUTIONS,SYS,CDB_ADVISOR_EXECUTIONS,
PUBLIC,CDB_ADVISOR_EXECUTION_TYPES,SYS,CDB_ADVISOR_EXECUTION_TYPES,
PUBLIC,CDB_ADVISOR_FDG_BREAKDOWN,SYS,CDB_ADVISOR_FDG_BREAKDOWN,
PUBLIC,CDB_ADVISOR_FINDING_NAMES,SYS,CDB_ADVISOR_FINDING_NAMES,
PUBLIC,CDB_ADVISOR_FINDINGS,SYS,CDB_ADVISOR_FINDINGS,
PUBLIC,CDB_ADVISOR_JOURNAL,SYS,CDB_ADVISOR_JOURNAL,
PUBLIC,CDB_ADVISOR_LOG,SYS,CDB_ADVISOR_LOG,
PUBLIC,CDB_ADVISOR_OBJECTS,SYS,CDB_ADVISOR_OBJECTS,
PUBLIC,CDB_ADVISOR_OBJECT_TYPES,SYS,CDB_ADVISOR_OBJECT_TYPES,
PUBLIC,CDB_ADVISOR_PARAMETERS,SYS,CDB_ADVISOR_PARAMETERS,
PUBLIC,CDB_ADVISOR_PARAMETERS_PROJ,SYS,CDB_ADVISOR_PARAMETERS_PROJ,
PUBLIC,CDB_ADVISOR_RATIONALE,SYS,CDB_ADVISOR_RATIONALE,
PUBLIC,CDB_ADVISOR_RECOMMENDATIONS,SYS,CDB_ADVISOR_RECOMMENDATIONS,
PUBLIC,CDB_ADVISOR_SQLA_COLVOL,SYS,CDB_ADVISOR_SQLA_COLVOL,
PUBLIC,CDB_ADVISOR_SQLA_REC_SUM,SYS,CDB_ADVISOR_SQLA_REC_SUM,
PUBLIC,CDB_ADVISOR_SQLA_TABLES,SYS,CDB_ADVISOR_SQLA_TABLES,
PUBLIC,CDB_ADVISOR_SQLA_TABVOL,SYS,CDB_ADVISOR_SQLA_TABVOL,
PUBLIC,CDB_ADVISOR_SQLA_WK_MAP,SYS,CDB_ADVISOR_SQLA_WK_MAP,
PUBLIC,CDB_ADVISOR_SQLA_WK_STMTS,SYS,CDB_ADVISOR_SQLA_WK_STMTS,
PUBLIC,CDB_ADVISOR_SQLA_WK_SUM,SYS,CDB_ADVISOR_SQLA_WK_SUM,
PUBLIC,CDB_ADVISOR_SQLPLANS,SYS,CDB_ADVISOR_SQLPLANS,
PUBLIC,CDB_ADVISOR_SQLSTATS,SYS,CDB_ADVISOR_SQLSTATS,
PUBLIC,CDB_ADVISOR_SQLW_COLVOL,SYS,CDB_ADVISOR_SQLW_COLVOL,
PUBLIC,CDB_ADVISOR_SQLW_JOURNAL,SYS,CDB_ADVISOR_SQLW_JOURNAL,
PUBLIC,CDB_ADVISOR_SQLW_PARAMETERS,SYS,CDB_ADVISOR_SQLW_PARAMETERS,
PUBLIC,CDB_ADVISOR_SQLW_STMTS,SYS,CDB_ADVISOR_SQLW_STMTS,
PUBLIC,CDB_ADVISOR_SQLW_SUM,SYS,CDB_ADVISOR_SQLW_SUM,
PUBLIC,CDB_ADVISOR_SQLW_TABLES,SYS,CDB_ADVISOR_SQLW_TABLES,
PUBLIC,CDB_ADVISOR_SQLW_TABVOL,SYS,CDB_ADVISOR_SQLW_TABVOL,
PUBLIC,CDB_ADVISOR_SQLW_TEMPLATES,SYS,CDB_ADVISOR_SQLW_TEMPLATES,
PUBLIC,CDB_ADVISOR_TASKS,SYS,CDB_ADVISOR_TASKS,
PUBLIC,CDB_ADVISOR_TEMPLATES,SYS,CDB_ADVISOR_TEMPLATES,
PUBLIC,CDB_ADVISOR_USAGE,SYS,CDB_ADVISOR_USAGE,
PUBLIC,CDB_ALERT_ARGUMENTS,SYS,CDB_ALERT_ARGUMENTS,
PUBLIC,CDB_ALERT_HISTORY,SYS,CDB_ALERT_HISTORY,
PUBLIC,CDB_ALERT_HISTORY_DETAIL,SYS,CDB_ALERT_HISTORY_DETAIL,
PUBLIC,CDB_ALL_TABLES,SYS,CDB_ALL_TABLES,
PUBLIC,CDB_ANALYTIC_VIEW_AGGR_DIMS,SYS,CDB_ANALYTIC_VIEW_AGGR_DIMS,
PUBLIC,CDB_ANALYTIC_VIEW_AGGR_FNS,SYS,CDB_ANALYTIC_VIEW_AGGR_FNS,
PUBLIC,CDB_ANALYTIC_VIEW_ATTR_CLASS,SYS,CDB_ANALYTIC_VIEW_ATTR_CLASS,
PUBLIC,CDB_ANALYTIC_VIEW_BASE_MEAS,SYS,CDB_ANALYTIC_VIEW_BASE_MEAS,
PUBLIC,CDB_ANALYTIC_VIEW_CALC_MEAS,SYS,CDB_ANALYTIC_VIEW_CALC_MEAS,
PUBLIC,CDB_ANALYTIC_VIEW_CLASS,SYS,CDB_ANALYTIC_VIEW_CLASS,
PUBLIC,CDB_ANALYTIC_VIEW_COLUMNS,SYS,CDB_ANALYTIC_VIEW_COLUMNS,
PUBLIC,CDB_ANALYTIC_VIEW_DIM_ATTRS,SYS,CDB_ANALYTIC_VIEW_DIM_ATTRS,
PUBLIC,CDB_ANALYTIC_VIEW_DIM_CLASS,SYS,CDB_ANALYTIC_VIEW_DIM_CLASS,
PUBLIC,CDB_ANALYTIC_VIEW_DIMENSIONS,SYS,CDB_ANALYTIC_VIEW_DIMENSIONS,
PUBLIC,CDB_ANALYTIC_VIEW_FACT_COLS,SYS,CDB_ANALYTIC_VIEW_FACT_COLS,
PUBLIC,CDB_ANALYTIC_VIEW_HIER_CLASS,SYS,CDB_ANALYTIC_VIEW_HIER_CLASS,
PUBLIC,CDB_ANALYTIC_VIEW_HIERS,SYS,CDB_ANALYTIC_VIEW_HIERS,
PUBLIC,CDB_ANALYTIC_VIEW_KEYS,SYS,CDB_ANALYTIC_VIEW_KEYS,
PUBLIC,CDB_ANALYTIC_VIEW_LEVEL_CLASS,SYS,CDB_ANALYTIC_VIEW_LEVEL_CLASS,
PUBLIC,CDB_ANALYTIC_VIEW_LEVELS,SYS,CDB_ANALYTIC_VIEW_LEVELS,
PUBLIC,CDB_ANALYTIC_VIEW_LVLGRPS,SYS,CDB_ANALYTIC_VIEW_LVLGRPS,
PUBLIC,CDB_ANALYTIC_VIEW_MEAS_CLASS,SYS,CDB_ANALYTIC_VIEW_MEAS_CLASS,
PUBLIC,CDB_ANALYTIC_VIEWS,SYS,CDB_ANALYTIC_VIEWS,
PUBLIC,CDB_ANALYZE_OBJECTS,SYS,CDB_ANALYZE_OBJECTS,
PUBLIC,CDB_APP_ERRORS,SYS,CDB_APP_ERRORS,
PUBLIC,CDB_APP_ERRORS_HISTORY,SYS,CDB_APP_ERRORS_HISTORY,
PUBLIC,CDB_APPLICATION_ROLES,SYS,CDB_APPLICATION_ROLES,
PUBLIC,CDB_APPLICATIONS,SYS,CDB_APPLICATIONS,
PUBLIC,CDB_APPLY,SYS,CDB_APPLY,
PUBLIC,CDB_APPLY_CHANGE_HANDLERS,SYS,CDB_APPLY_CHANGE_HANDLERS,
PUBLIC,CDB_APPLY_CONFLICT_COLUMNS,SYS,CDB_APPLY_CONFLICT_COLUMNS,
PUBLIC,CDB_APPLY_DML_CONF_COLUMNS,SYS,CDB_APPLY_DML_CONF_COLUMNS,
PUBLIC,CDB_APPLY_DML_CONF_HANDLERS,SYS,CDB_APPLY_DML_CONF_HANDLERS,
PUBLIC,CDB_APPLY_DML_HANDLERS,SYS,CDB_APPLY_DML_HANDLERS,
PUBLIC,CDB_APPLY_ENQUEUE,SYS,CDB_APPLY_ENQUEUE,
PUBLIC,CDB_APPLY_ERROR,SYS,CDB_APPLY_ERROR,
PUBLIC,CDB_APPLY_ERROR_MESSAGES,SYS,CDB_APPLY_ERROR_MESSAGES,
PUBLIC,CDB_APPLY_EXECUTE,SYS,CDB_APPLY_EXECUTE,
PUBLIC,CDB_APPLY_HANDLE_COLLISIONS,SYS,CDB_APPLY_HANDLE_COLLISIONS,
PUBLIC,CDB_APPLY_INSTANTIATED_GLOBAL,SYS,CDB_APPLY_INSTANTIATED_GLOBAL,
PUBLIC,CDB_APPLY_INSTANTIATED_OBJECTS,SYS,CDB_APPLY_INSTANTIATED_OBJECTS,
PUBLIC,CDB_APPLY_INSTANTIATED_SCHEMAS,SYS,CDB_APPLY_INSTANTIATED_SCHEMAS,
PUBLIC,CDB_APPLY_KEY_COLUMNS,SYS,CDB_APPLY_KEY_COLUMNS,
PUBLIC,CDB_APPLY_PARAMETERS,SYS,CDB_APPLY_PARAMETERS,
PUBLIC,CDB_APPLY_PROGRESS,SYS,CDB_APPLY_PROGRESS,
PUBLIC,CDB_APPLY_REPERROR_HANDLERS,SYS,CDB_APPLY_REPERROR_HANDLERS,
PUBLIC,CDB_APPLY_SPILL_TXN,SYS,CDB_APPLY_SPILL_TXN,
PUBLIC,CDB_APPLY_TABLE_COLUMNS,SYS,CDB_APPLY_TABLE_COLUMNS,
PUBLIC,CDB_APP_PATCHES,SYS,CDB_APP_PATCHES,
PUBLIC,CDB_APP_PDB_STATUS,SYS,CDB_APP_PDB_STATUS,
PUBLIC,CDB_APP_STATEMENTS,SYS,CDB_APP_STATEMENTS,
PUBLIC,CDB_APP_VERSIONS,SYS,CDB_APP_VERSIONS,
PUBLIC,CDB_AQ_AGENT_PRIVS,SYS,CDB_AQ_AGENT_PRIVS,
PUBLIC,CDB_AQ_AGENTS,SYS,CDB_AQ_AGENTS,
PUBLIC,CDB_ARGUMENTS,SYS,CDB_ARGUMENTS,
PUBLIC,CDB_ASSEMBLIES,SYS,CDB_ASSEMBLIES,
PUBLIC,CDB_ASSOCIATIONS,SYS,CDB_ASSOCIATIONS,
PUBLIC,CDB_ATTRIBUTE_DIM_ATTR_CLASS,SYS,CDB_ATTRIBUTE_DIM_ATTR_CLASS,
PUBLIC,CDB_ATTRIBUTE_DIM_ATTRS,SYS,CDB_ATTRIBUTE_DIM_ATTRS,
PUBLIC,CDB_ATTRIBUTE_DIM_CLASS,SYS,CDB_ATTRIBUTE_DIM_CLASS,
PUBLIC,CDB_ATTRIBUTE_DIMENSIONS,SYS,CDB_ATTRIBUTE_DIMENSIONS,
PUBLIC,CDB_ATTRIBUTE_DIM_JOIN_PATHS,SYS,CDB_ATTRIBUTE_DIM_JOIN_PATHS,
PUBLIC,CDB_ATTRIBUTE_DIM_KEYS,SYS,CDB_ATTRIBUTE_DIM_KEYS,
PUBLIC,CDB_ATTRIBUTE_DIM_LEVEL_ATTRS,SYS,CDB_ATTRIBUTE_DIM_LEVEL_ATTRS,
PUBLIC,CDB_ATTRIBUTE_DIM_LEVELS,SYS,CDB_ATTRIBUTE_DIM_LEVELS,
PUBLIC,CDB_ATTRIBUTE_DIM_LVL_CLASS,SYS,CDB_ATTRIBUTE_DIM_LVL_CLASS,
PUBLIC,CDB_ATTRIBUTE_DIM_ORDER_ATTRS,SYS,CDB_ATTRIBUTE_DIM_ORDER_ATTRS,
PUBLIC,CDB_ATTRIBUTE_DIM_TABLES,SYS,CDB_ATTRIBUTE_DIM_TABLES,
PUBLIC,CDB_ATTRIBUTE_TRANSFORMATIONS,SYS,CDB_ATTRIBUTE_TRANSFORMATIONS,
PUBLIC,CDB_AUDIT_EXISTS,SYS,CDB_AUDIT_EXISTS,
PUBLIC,CDB_AUDIT_MGMT_CLEAN_EVENTS,SYS,CDB_AUDIT_MGMT_CLEAN_EVENTS,
PUBLIC,CDB_AUDIT_MGMT_CLEANUP_JOBS,SYS,CDB_AUDIT_MGMT_CLEANUP_JOBS,
PUBLIC,CDB_AUDIT_MGMT_CONFIG_PARAMS,SYS,CDB_AUDIT_MGMT_CONFIG_PARAMS,
PUBLIC,CDB_AUDIT_MGMT_LAST_ARCH_TS,SYS,CDB_AUDIT_MGMT_LAST_ARCH_TS,
PUBLIC,CDB_AUDIT_OBJECT,SYS,CDB_AUDIT_OBJECT,
PUBLIC,CDB_AUDIT_POLICIES,SYS,CDB_AUDIT_POLICIES,
PUBLIC,CDB_AUDIT_POLICY_COLUMNS,SYS,CDB_AUDIT_POLICY_COLUMNS,
PUBLIC,CDB_AUDIT_SESSION,SYS,CDB_AUDIT_SESSION,
PUBLIC,CDB_AUDIT_STATEMENT,SYS,CDB_AUDIT_STATEMENT,
PUBLIC,CDB_AUDIT_TRAIL,SYS,CDB_AUDIT_TRAIL,
PUBLIC,CDB_AUTO_INDEX_CONFIG,SYS,CDB_AUTO_INDEX_CONFIG,
PUBLIC,CDB_AUTO_INDEX_EXECUTIONS,SYS,CDB_AUTO_INDEX_EXECUTIONS,
PUBLIC,CDB_AUTO_INDEX_IND_ACTIONS,SYS,CDB_AUTO_INDEX_IND_ACTIONS,
PUBLIC,CDB_AUTO_INDEX_SQL_ACTIONS,SYS,CDB_AUTO_INDEX_SQL_ACTIONS,
PUBLIC,CDB_AUTO_INDEX_STATISTICS,SYS,CDB_AUTO_INDEX_STATISTICS,
PUBLIC,CDB_AUTO_INDEX_VERIFICATIONS,SYS,CDB_AUTO_INDEX_VERIFICATIONS,
PUBLIC,CDB_AUTO_MV_ANALYSIS_ACTIONS,SYS,CDB_AUTO_MV_ANALYSIS_ACTIONS,
PUBLIC,CDB_AUTO_MV_ANALYSIS_EXECUTIONS,SYS,CDB_AUTO_MV_ANALYSIS_EXECUTIONS,
PUBLIC,CDB_AUTO_MV_ANALYSIS_RECOMMENDATIONS,SYS,CDB_AUTO_MV_ANALYSIS_RECOMMENDATIONS,
PUBLIC,CDB_AUTO_MV_ANALYSIS_REPORT,SYS,CDB_AUTO_MV_ANALYSIS_REPORT,
PUBLIC,CDB_AUTO_MV_ANALYSIS_TASK,SYS,CDB_AUTO_MV_ANALYSIS_TASK,
PUBLIC,CDB_AUTO_MV_CONFIG,SYS,CDB_AUTO_MV_CONFIG,
PUBLIC,CDB_AUTO_MV_MAINT_REPORT,SYS,CDB_AUTO_MV_MAINT_REPORT,
PUBLIC,CDB_AUTO_MV_REFRESH_HISTORY,SYS,CDB_AUTO_MV_REFRESH_HISTORY,
PUBLIC,CDB_AUTO_MV_VERIFICATION_REPORT,SYS,CDB_AUTO_MV_VERIFICATION_REPORT,
PUBLIC,CDB_AUTO_MV_VERIFICATION_STATUS,SYS,CDB_AUTO_MV_VERIFICATION_STATUS,
PUBLIC,CDB_AUTO_SEGADV_CTL,SYS,CDB_AUTO_SEGADV_CTL,
PUBLIC,CDB_AUTO_SEGADV_SUMMARY,SYS,CDB_AUTO_SEGADV_SUMMARY,
PUBLIC,CDB_AUTOSQLSET_ATTRNAME,SYS,CDB_AUTOSQLSET_ATTRNAME,
PUBLIC,CDB_AUTOSQLSET_OPTENV,SYS,CDB_AUTOSQLSET_OPTENV,
PUBLIC,CDB_AUTOSQLSET_SNAPSHOT,SYS,CDB_AUTOSQLSET_SNAPSHOT,
PUBLIC,CDB_AUTOSQLSET_SNAPSHOT_ERROR,SYS,CDB_AUTOSQLSET_SNAPSHOT_ERROR,
PUBLIC,CDB_AUTOSQLSET_SQLPLAN,SYS,CDB_AUTOSQLSET_SQLPLAN,
PUBLIC,CDB_AUTOSQLSET_SQLSTAT,SYS,CDB_AUTOSQLSET_SQLSTAT,
PUBLIC,CDB_AUTOSQLSET_SQLTEXT,SYS,CDB_AUTOSQLSET_SQLTEXT,
PUBLIC,CDB_AUTO_STAT_EXECUTIONS,SYS,CDB_AUTO_STAT_EXECUTIONS,
PUBLIC,CDB_AUTOSTS_ATTRNAME,SYS,CDB_AUTOSQLSET_ATTRNAME,
PUBLIC,CDB_AUTOSTS_OPTENV,SYS,CDB_AUTOSQLSET_OPTENV,
PUBLIC,CDB_AUTOSTS_SNAPSHOT,SYS,CDB_AUTOSQLSET_SNAPSHOT,
PUBLIC,CDB_AUTOSTS_SNAPSHOT_ERROR,SYS,CDB_AUTOSQLSET_SNAPSHOT_ERROR,
PUBLIC,CDB_AUTOSTS_SQLPLAN,SYS,CDB_AUTOSQLSET_SQLPLAN,
PUBLIC,CDB_AUTOSTS_SQLSTAT,SYS,CDB_AUTOSQLSET_SQLSTAT,
PUBLIC,CDB_AUTOSTS_SQLTEXT,SYS,CDB_AUTOSQLSET_SQLTEXT,
PUBLIC,CDB_AUTOTASK_CLIENT,SYS,CDB_AUTOTASK_CLIENT,
PUBLIC,CDB_AUTOTASK_CLIENT_HISTORY,SYS,CDB_AUTOTASK_CLIENT_HISTORY,
PUBLIC,CDB_AUTOTASK_CLIENT_JOB,SYS,CDB_AUTOTASK_CLIENT_JOB,
PUBLIC,CDB_AUTOTASK_JOB_HISTORY,SYS,CDB_AUTOTASK_JOB_HISTORY,
PUBLIC,CDB_AUTOTASK_OPERATION,SYS,CDB_AUTOTASK_OPERATION,
PUBLIC,CDB_AUTOTASK_SCHEDULE,SYS,CDB_AUTOTASK_SCHEDULE,
PUBLIC,CDB_AUTOTASK_SCHEDULE_CONTROL,SYS,CDB_AUTOTASK_SCHEDULE_CONTROL,
PUBLIC,CDB_AUTOTASK_SETTINGS,SYS,CDB_AUTOTASK_SETTINGS,
PUBLIC,CDB_AUTOTASK_STATUS,SYS,CDB_AUTOTASK_STATUS,
PUBLIC,CDB_AUTOTASK_TASK,SYS,CDB_AUTOTASK_TASK,
PUBLIC,CDB_AUTOTASK_WINDOW_CLIENTS,SYS,CDB_AUTOTASK_WINDOW_CLIENTS,
PUBLIC,CDB_AUTOTASK_WINDOW_HISTORY,SYS,CDB_AUTOTASK_WINDOW_HISTORY,
PUBLIC,CDB_AUTO_ZONEMAP_CONFIG,SYS,CDB_AUTO_ZONEMAP_CONFIG,
PUBLIC,CDB_AW_OBJ,SYS,CDB_AW_OBJ,
PUBLIC,CDB_AW_PROP,SYS,CDB_AW_PROP,
PUBLIC,CDB_AW_PS,SYS,CDB_AW_PS,
PUBLIC,CDB_AWS,SYS,CDB_AWS,
PUBLIC,CDB_BASE_TABLE_MVIEWS,SYS,CDB_BASE_TABLE_MVIEWS,
PUBLIC,CDB_BLOCKCHAIN_TABLE_EPOCHS,SYS,CDB_BLOCKCHAIN_TABLE_EPOCHS,
PUBLIC,CDB_BLOCKCHAIN_TABLES,SYS,CDB_BLOCKCHAIN_TABLES,
PUBLIC,CDB_BLOCKERS,SYS,CDB_BLOCKERS,
PUBLIC,CDB_CAPTURE,SYS,CDB_CAPTURE,
PUBLIC,CDB_CAPTURE_EXTRA_ATTRIBUTES,SYS,CDB_CAPTURE_EXTRA_ATTRIBUTES,
PUBLIC,CDB_CAPTURE_PARAMETERS,SYS,CDB_CAPTURE_PARAMETERS,
PUBLIC,CDB_CAPTURE_PREPARED_DATABASE,SYS,CDB_CAPTURE_PREPARED_DATABASE,
PUBLIC,CDB_CAPTURE_PREPARED_SCHEMAS,SYS,CDB_CAPTURE_PREPARED_SCHEMAS,
PUBLIC,CDB_CAPTURE_PREPARED_TABLES,SYS,CDB_CAPTURE_PREPARED_TABLES,
PUBLIC,CDB_CATALOG,SYS,CDB_CATALOG,
PUBLIC,CDB_CDB_RSRC_PLAN_DIRECTIVES,SYS,CDB_CDB_RSRC_PLAN_DIRECTIVES,
PUBLIC,CDB_CDB_RSRC_PLANS,SYS,CDB_CDB_RSRC_PLANS,
PUBLIC,CDB_CERTIFICATES,SYS,CDB_CERTIFICATES,
PUBLIC,CDB_CHANGE_NOTIFICATION_REGS,SYS,CDB_CHANGE_NOTIFICATION_REGS,
PUBLIC,CDB_CHECKED_ROLES,SYS,CDB_CHECKED_ROLES,
PUBLIC,CDB_CHECKED_ROLES_PATH,SYS,CDB_CHECKED_ROLES_PATH,
PUBLIC,CDB_CLU_COLUMNS,SYS,CDB_CLU_COLUMNS,
PUBLIC,CDB_CLUSTER_HASH_EXPRESSIONS,SYS,CDB_CLUSTER_HASH_EXPRESSIONS,
PUBLIC,CDB_CLUSTERING_DIMENSIONS,SYS,CDB_CLUSTERING_DIMENSIONS,
PUBLIC,CDB_CLUSTERING_JOINS,SYS,CDB_CLUSTERING_JOINS,
PUBLIC,CDB_CLUSTERING_KEYS,SYS,CDB_CLUSTERING_KEYS,
PUBLIC,CDB_CLUSTERING_TABLES,SYS,CDB_CLUSTERING_TABLES,
PUBLIC,CDB_CLUSTERS,SYS,CDB_CLUSTERS,
PUBLIC,CDB_CODE_ROLE_PRIVS,SYS,CDB_CODE_ROLE_PRIVS,
PUBLIC,CDB_COL_COMMENTS,SYS,CDB_COL_COMMENTS,
PUBLIC,CDB_COLL_TYPES,SYS,CDB_COLL_TYPES,
PUBLIC,CDB_COL_PENDING_STATS,SYS,CDB_COL_PENDING_STATS,
PUBLIC,CDB_COL_PRIVS,SYS,CDB_COL_PRIVS,
PUBLIC,CDB_COL_USAGE_STATISTICS,SYS,CDB_COL_USAGE_STATISTICS,
PUBLIC,CDB_COMMON_AUDIT_TRAIL,SYS,CDB_COMMON_AUDIT_TRAIL,
PUBLIC,CDB_COMPARISON,SYS,CDB_COMPARISON,
PUBLIC,CDB_COMPARISON_COLUMNS,SYS,CDB_COMPARISON_COLUMNS,
PUBLIC,CDB_COMPARISON_ROW_DIF,SYS,CDB_COMPARISON_ROW_DIF,
PUBLIC,CDB_COMPARISON_SCAN,SYS,CDB_COMPARISON_SCAN,
PUBLIC,CDB_COMPARISON_SCAN_SUMMARY,SYS,CDB_COMPARISON_SCAN_SUMMARY,
PUBLIC,CDB_COMPARISON_SCAN_VALUES,SYS,CDB_COMPARISON_SCAN_VALUES,
PUBLIC,CDB_CONNECTION_TESTS,SYS,CDB_CONNECTION_TESTS,
PUBLIC,CDB_CONNECT_ROLE_GRANTEES,SYS,CDB_CONNECT_ROLE_GRANTEES,
PUBLIC,CDB_CONS_COLUMNS,SYS,CDB_CONS_COLUMNS,
PUBLIC,CDB_CONS_OBJ_COLUMNS,SYS,CDB_CONS_OBJ_COLUMNS,
PUBLIC,CDB_CONSTRAINTS,SYS,CDB_CONSTRAINTS,
PUBLIC,CDB_CONTAINER_DATA,SYS,CDB_CONTAINER_DATA,
PUBLIC,CDB_CONTEXT,SYS,CDB_CONTEXT,
PUBLIC,CDB_CPOOL_INFO,SYS,CDB_CPOOL_INFO,
PUBLIC,CDB_CPU_USAGE_STATISTICS,SYS,CDB_CPU_USAGE_STATISTICS,
PUBLIC,CDB_CQ_NOTIFICATION_QUERIES,SYS,CDB_CQ_NOTIFICATION_QUERIES,
PUBLIC,CDB_CREDENTIALS,SYS,CDB_CREDENTIALS,
PUBLIC,CDB_CUBE_ATTRIBUTES,SYS,CDB_CUBE_ATTRIBUTES,
PUBLIC,CDB_CUBE_ATTR_MAPPINGS,SYS,CDB_CUBE_ATTR_MAPPINGS,
PUBLIC,CDB_CUBE_ATTR_UNIQUE_KEYS,SYS,CDB_CUBE_ATTR_UNIQUE_KEYS,
PUBLIC,CDB_CUBE_ATTR_VISIBILITY,SYS,CDB_CUBE_ATTR_VISIBILITY,
PUBLIC,CDB_CUBE_BUILD_PROCESSES,SYS,CDB_CUBE_BUILD_PROCESSES,
PUBLIC,CDB_CUBE_CALCULATED_MEMBERS,SYS,CDB_CUBE_CALCULATED_MEMBERS,
PUBLIC,CDB_CUBE_CLASSIFICATIONS,SYS,CDB_CUBE_CLASSIFICATIONS,
PUBLIC,CDB_CUBE_DEPENDENCIES,SYS,CDB_CUBE_DEPENDENCIES,
PUBLIC,CDB_CUBE_DESCRIPTIONS,SYS,CDB_CUBE_DESCRIPTIONS,
PUBLIC,CDB_CUBE_DIMENSIONALITY,SYS,CDB_CUBE_DIMENSIONALITY,
PUBLIC,CDB_CUBE_DIMENSIONS,SYS,CDB_CUBE_DIMENSIONS,
PUBLIC,CDB_CUBE_DIM_LEVELS,SYS,CDB_CUBE_DIM_LEVELS,
PUBLIC,CDB_CUBE_DIM_MAPPINGS,SYS,CDB_CUBE_DIM_MAPPINGS,
PUBLIC,CDB_CUBE_DIM_MODELS,SYS,CDB_CUBE_DIM_MODELS,
PUBLIC,CDB_CUBE_DIMNL_MAPPINGS,SYS,CDB_CUBE_DIMNL_MAPPINGS,
PUBLIC,CDB_CUBE_DIM_VIEW_COLUMNS,SYS,CDB_CUBE_DIM_VIEW_COLUMNS,
PUBLIC,CDB_CUBE_DIM_VIEWS,SYS,CDB_CUBE_DIM_VIEWS,
PUBLIC,CDB_CUBE_HIERARCHIES,SYS,CDB_CUBE_HIERARCHIES,
PUBLIC,CDB_CUBE_HIER_LEVELS,SYS,CDB_CUBE_HIER_LEVELS,
PUBLIC,CDB_CUBE_HIER_VIEW_COLUMNS,SYS,CDB_CUBE_HIER_VIEW_COLUMNS,
PUBLIC,CDB_CUBE_HIER_VIEWS,SYS,CDB_CUBE_HIER_VIEWS,
PUBLIC,CDB_CUBE_MAPPINGS,SYS,CDB_CUBE_MAPPINGS,
PUBLIC,CDB_CUBE_MEAS_MAPPINGS,SYS,CDB_CUBE_MEAS_MAPPINGS,
PUBLIC,CDB_CUBE_MEASURES,SYS,CDB_CUBE_MEASURES,
PUBLIC,CDB_CUBE_NAMED_BUILD_SPECS,SYS,CDB_CUBE_NAMED_BUILD_SPECS,
PUBLIC,CDB_CUBES,SYS,CDB_CUBES,
PUBLIC,CDB_CUBE_SUB_PARTITION_LEVELS,SYS,CDB_CUBE_SUB_PARTITION_LEVELS,
PUBLIC,CDB_CUBE_VIEW_COLUMNS,SYS,CDB_CUBE_VIEW_COLUMNS,
PUBLIC,CDB_CUBE_VIEWS,SYS,CDB_CUBE_VIEWS,
PUBLIC,CDB_DATA_FILES,SYS,CDB_DATA_FILES,
PUBLIC,CDB_DATAPUMP_JOBS,SYS,CDB_DATAPUMP_JOBS,
PUBLIC,CDB_DATAPUMP_SESSIONS,SYS,CDB_DATAPUMP_SESSIONS,
PUBLIC,CDB_DBFS_HS,SYS,CDB_DBFS_HS,
PUBLIC,CDB_DBFS_HS_COMMANDS,SYS,CDB_DBFS_HS_COMMANDS,
PUBLIC,CDB_DBFS_HS_FIXED_PROPERTIES,SYS,CDB_DBFS_HS_FIXED_PROPERTIES,
PUBLIC,CDB_DBFS_HS_PROPERTIES,SYS,CDB_DBFS_HS_PROPERTIES,
PUBLIC,CDB_DB_LINKS,SYS,CDB_DB_LINKS,
PUBLIC,CDB_DB_LINK_SOURCES,SYS,CDB_DB_LINK_SOURCES,
PUBLIC,CDB_DDL_LOCKS,SYS,CDB_DDL_LOCKS,
PUBLIC,CDB_DEPENDENCIES,SYS,CDB_DEPENDENCIES,
PUBLIC,CDB_DIGEST_VERIFIERS,SYS,CDB_DIGEST_VERIFIERS,
PUBLIC,CDB_DIM_ATTRIBUTES,SYS,CDB_DIM_ATTRIBUTES,
PUBLIC,CDB_DIM_CHILD_OF,SYS,CDB_DIM_CHILD_OF,
PUBLIC,CDB_DIMENSIONS,SYS,CDB_DIMENSIONS,
PUBLIC,CDB_DIM_HIERARCHIES,SYS,CDB_DIM_HIERARCHIES,
PUBLIC,CDB_DIM_JOIN_KEY,SYS,CDB_DIM_JOIN_KEY,
PUBLIC,CDB_DIM_LEVEL_KEY,SYS,CDB_DIM_LEVEL_KEY,
PUBLIC,CDB_DIM_LEVELS,SYS,CDB_DIM_LEVELS,
PUBLIC,CDB_DIRECTORIES,SYS,CDB_DIRECTORIES,
PUBLIC,CDB_DISCOVERY_SOURCE,SYS,CDB_DISCOVERY_SOURCE,
PUBLIC,CDB_DML_LOCKS,SYS,CDB_DML_LOCKS,
PUBLIC,CDB_DMT_FREE_SPACE,SYS,CDB_DMT_FREE_SPACE,
PUBLIC,CDB_DMT_USED_EXTENTS,SYS,CDB_DMT_USED_EXTENTS,
PUBLIC,CDB_DV_STATUS,SYS,CDB_DV_STATUS,
PUBLIC,CDB_EDITION_COMMENTS,SYS,CDB_EDITION_COMMENTS,
PUBLIC,CDB_EDITIONED_TYPES,SYS,CDB_EDITIONED_TYPES,
PUBLIC,CDB_EDITIONING_VIEW_COLS,SYS,CDB_EDITIONING_VIEW_COLS,
PUBLIC,CDB_EDITIONING_VIEW_COLS_AE,SYS,CDB_EDITIONING_VIEW_COLS_AE,
PUBLIC,CDB_EDITIONING_VIEWS,SYS,CDB_EDITIONING_VIEWS,
PUBLIC,CDB_EDITIONING_VIEWS_AE,SYS,CDB_EDITIONING_VIEWS_AE,
PUBLIC,CDB_EDITION_INHERITED_OBJECTS,SYS,CDB_EDITION_INHERITED_OBJECTS,
PUBLIC,CDB_EDITIONS,SYS,CDB_EDITIONS,
PUBLIC,CDB_ENABLED_AGGREGATIONS,SYS,CDB_ENABLED_AGGREGATIONS,
PUBLIC,CDB_ENABLED_TRACES,SYS,CDB_ENABLED_TRACES,
PUBLIC,CDB_ENCRYPTED_COLUMNS,SYS,CDB_ENCRYPTED_COLUMNS,
PUBLIC,CDB_EPG_DAD_AUTHORIZATION,SYS,CDB_EPG_DAD_AUTHORIZATION,
PUBLIC,CDB_ERRORS,SYS,CDB_ERRORS,
PUBLIC,CDB_ERRORS_AE,SYS,CDB_ERRORS_AE,
PUBLIC,CDB_ERROR_TRANSLATIONS,SYS,CDB_ERROR_TRANSLATIONS,
PUBLIC,CDB_EVALUATION_CONTEXTS,SYS,CDB_EVALUATION_CONTEXTS,
PUBLIC,CDB_EVALUATION_CONTEXT_TABLES,SYS,CDB_EVALUATION_CONTEXT_TABLES,
PUBLIC,CDB_EVALUATION_CONTEXT_VARS,SYS,CDB_EVALUATION_CONTEXT_VARS,
PUBLIC,CDB_EXP_FILES,SYS,CDB_EXP_FILES,
PUBLIC,CDB_EXP_OBJECTS,SYS,CDB_EXP_OBJECTS,
PUBLIC,CDB_EXPORT_OBJECTS,SYS,CDB_EXPORT_OBJECTS,
PUBLIC,CDB_EXPORT_PATHS,SYS,CDB_EXPORT_PATHS,
PUBLIC,CDB_EXPRESSION_STATISTICS,SYS,CDB_EXPRESSION_STATISTICS,
PUBLIC,CDB_EXP_VERSION,SYS,CDB_EXP_VERSION,
PUBLIC,CDB_EXTENTS,SYS,CDB_EXTENTS,
PUBLIC,CDB_EXTERNAL_LOCATIONS,SYS,CDB_EXTERNAL_LOCATIONS,
PUBLIC,CDB_EXTERNAL_SCN_ACTIVITY,SYS,CDB_EXTERNAL_SCN_ACTIVITY,
PUBLIC,CDB_EXTERNAL_TABLES,SYS,CDB_EXTERNAL_TABLES,
PUBLIC,CDB_FEATURE_USAGE_STATISTICS,SYS,CDB_FEATURE_USAGE_STATISTICS,
PUBLIC,CDB_FGA_AUDIT_TRAIL,SYS,CDB_FGA_AUDIT_TRAIL,
PUBLIC,CDB_FILE_GROUP_EXPORT_INFO,SYS,CDB_FILE_GROUP_EXPORT_INFO,
PUBLIC,CDB_FILE_GROUP_FILES,SYS,CDB_FILE_GROUP_FILES,
PUBLIC,CDB_FILE_GROUPS,SYS,CDB_FILE_GROUPS,
PUBLIC,CDB_FILE_GROUP_TABLES,SYS,CDB_FILE_GROUP_TABLES,
PUBLIC,CDB_FILE_GROUP_TABLESPACES,SYS,CDB_FILE_GROUP_TABLESPACES,
PUBLIC,CDB_FILE_GROUP_VERSIONS,SYS,CDB_FILE_GROUP_VERSIONS,
PUBLIC,CDB_FLASHBACK_ARCHIVE,SYS,CDB_FLASHBACK_ARCHIVE,
PUBLIC,CDB_FLASHBACK_ARCHIVE_TABLES,SYS,CDB_FLASHBACK_ARCHIVE_TABLES,
PUBLIC,CDB_FLASHBACK_ARCHIVE_TS,SYS,CDB_FLASHBACK_ARCHIVE_TS,
PUBLIC,CDB_FLASHBACK_TXN_REPORT,SYS,CDB_FLASHBACK_TXN_REPORT,
PUBLIC,CDB_FLASHBACK_TXN_STATE,SYS,CDB_FLASHBACK_TXN_STATE,
PUBLIC,CDB_FREE_SPACE,SYS,CDB_FREE_SPACE,
PUBLIC,CDB_FREE_SPACE_COALESCED,SYS,CDB_FREE_SPACE_COALESCED,
PUBLIC,CDB_FREE_SPACE_COALESCED_TMP1,SYS,CDB_FREE_SPACE_COALESCED_TMP1,
PUBLIC,CDB_FREE_SPACE_COALESCED_TMP2,SYS,CDB_FREE_SPACE_COALESCED_TMP2,
PUBLIC,CDB_FREE_SPACE_COALESCED_TMP3,SYS,CDB_FREE_SPACE_COALESCED_TMP3,
PUBLIC,CDB_FREE_SPACE_COALESCED_TMP4,SYS,CDB_FREE_SPACE_COALESCED_TMP4,
PUBLIC,CDB_FREE_SPACE_COALESCED_TMP5,SYS,CDB_FREE_SPACE_COALESCED_TMP5,
PUBLIC,CDB_FREE_SPACE_COALESCED_TMP6,SYS,CDB_FREE_SPACE_COALESCED_TMP6,
PUBLIC,CDB_GG_AUTO_CDR_COLUMN_GROUPS,SYS,CDB_GG_AUTO_CDR_COLUMN_GROUPS,
PUBLIC,CDB_GG_AUTO_CDR_COLUMNS,SYS,CDB_GG_AUTO_CDR_COLUMNS,
PUBLIC,CDB_GG_AUTO_CDR_TABLES,SYS,CDB_GG_AUTO_CDR_TABLES,
PUBLIC,CDB_GG_INBOUND_PROGRESS,SYS,CDB_GG_INBOUND_PROGRESS,
PUBLIC,CDB_GG_PROCEDURE_ANNOTATION,SYS,CDB_GG_PROCEDURE_ANNOTATION,
PUBLIC,CDB_GG_PROC_OBJECT_EXCLUSION,SYS,CDB_GG_PROC_OBJECT_EXCLUSION,
PUBLIC,CDB_GG_SUPPORTED_PACKAGES,SYS,CDB_GG_SUPPORTED_PACKAGES,
PUBLIC,CDB_GG_SUPPORTED_PROCEDURES,SYS,CDB_GG_SUPPORTED_PROCEDURES,
PUBLIC,CDB_GLOBAL_CONTEXT,SYS,CDB_GLOBAL_CONTEXT,
PUBLIC,CDB_GOLDENGATE_CONTAINER_RULES,SYS,CDB_GOLDENGATE_CONTAINER_RULES,
PUBLIC,CDB_GOLDENGATE_INBOUND,SYS,CDB_GOLDENGATE_INBOUND,
PUBLIC,CDB_GOLDENGATE_NOT_UNIQUE,SYS,CDB_GOLDENGATE_NOT_UNIQUE,
PUBLIC,CDB_GOLDENGATE_PRIVILEGES,SYS,CDB_GOLDENGATE_PRIVILEGES,
PUBLIC,CDB_GOLDENGATE_RULES,SYS,CDB_GOLDENGATE_RULES,
PUBLIC,CDB_GOLDENGATE_SUPPORT_MODE,SYS,CDB_GOLDENGATE_SUPPORT_MODE,
PUBLIC,CDB_HANG_MANAGER_PARAMETERS,SYS,CDB_HANG_MANAGER_PARAMETERS,
PUBLIC,CDB_HEAT_MAP_SEG_HISTOGRAM,SYS,CDB_HEAT_MAP_SEG_HISTOGRAM,
PUBLIC,CDB_HEAT_MAP_SEGMENT,SYS,CDB_HEAT_MAP_SEGMENT,
PUBLIC,CDB_HEATMAP_TOP_OBJECTS,SYS,CDB_HEATMAP_TOP_OBJECTS,
PUBLIC,CDB_HEATMAP_TOP_TABLESPACES,SYS,CDB_HEATMAP_TOP_TABLESPACES,
PUBLIC,CDB_HIERARCHIES,SYS,CDB_HIERARCHIES,
PUBLIC,CDB_HIER_CLASS,SYS,CDB_HIER_CLASS,
PUBLIC,CDB_HIER_COLUMNS,SYS,CDB_HIER_COLUMNS,
PUBLIC,CDB_HIER_HIER_ATTR_CLASS,SYS,CDB_HIER_HIER_ATTR_CLASS,
PUBLIC,CDB_HIER_HIER_ATTRIBUTES,SYS,CDB_HIER_HIER_ATTRIBUTES,
PUBLIC,CDB_HIER_JOIN_PATHS,SYS,CDB_HIER_JOIN_PATHS,
PUBLIC,CDB_HIER_LEVEL_ID_ATTRS,SYS,CDB_HIER_LEVEL_ID_ATTRS,
PUBLIC,CDB_HIER_LEVELS,SYS,CDB_HIER_LEVELS,
PUBLIC,CDB_HIGH_WATER_MARK_STATISTICS,SYS,CDB_HIGH_WATER_MARK_STATISTICS,
PUBLIC,CDB_HIST_ACTIVE_SESS_HISTORY,SYS,CDB_HIST_ACTIVE_SESS_HISTORY,
PUBLIC,CDB_HIST_APPLY_SUMMARY,SYS,CDB_HIST_APPLY_SUMMARY,
PUBLIC,CDB_HIST_ASH_SNAPSHOT,SYS,CDB_HIST_ASH_SNAPSHOT,
PUBLIC,CDB_HIST_ASM_BAD_DISK,SYS,CDB_HIST_ASM_BAD_DISK,
PUBLIC,CDB_HIST_ASM_DISKGROUP,SYS,CDB_HIST_ASM_DISKGROUP,
PUBLIC,CDB_HIST_ASM_DISKGROUP_STAT,SYS,CDB_HIST_ASM_DISKGROUP_STAT,
PUBLIC,CDB_HIST_ASM_DISK_STAT_SUMMARY,SYS,CDB_HIST_ASM_DISK_STAT_SUMMARY,
PUBLIC,CDB_HIST_BASELINE,SYS,CDB_HIST_BASELINE,
PUBLIC,CDB_HIST_BASELINE_DETAILS,SYS,CDB_HIST_BASELINE_DETAILS,
PUBLIC,CDB_HIST_BASELINE_METADATA,SYS,CDB_HIST_BASELINE_METADATA,
PUBLIC,CDB_HIST_BASELINE_TEMPLATE,SYS,CDB_HIST_BASELINE_TEMPLATE,
PUBLIC,CDB_HIST_BG_EVENT_SUMMARY,SYS,CDB_HIST_BG_EVENT_SUMMARY,
PUBLIC,CDB_HIST_BUFFERED_QUEUES,SYS,CDB_HIST_BUFFERED_QUEUES,
PUBLIC,CDB_HIST_BUFFERED_SUBSCRIBERS,SYS,CDB_HIST_BUFFERED_SUBSCRIBERS,
PUBLIC,CDB_HIST_BUFFER_POOL_STAT,SYS,CDB_HIST_BUFFER_POOL_STAT,
PUBLIC,CDB_HIST_CAPTURE,SYS,CDB_HIST_CAPTURE,
PUBLIC,CDB_HIST_CELL_CONFIG,SYS,CDB_HIST_CELL_CONFIG,
PUBLIC,CDB_HIST_CELL_CONFIG_DETAIL,SYS,CDB_HIST_CELL_CONFIG_DETAIL,
PUBLIC,CDB_HIST_CELL_DB,SYS,CDB_HIST_CELL_DB,
PUBLIC,CDB_HIST_CELL_DISK_NAME,SYS,CDB_HIST_CELL_DISK_NAME,
PUBLIC,CDB_HIST_CELL_DISK_SUMMARY,SYS,CDB_HIST_CELL_DISK_SUMMARY,
PUBLIC,CDB_HIST_CELL_DISKTYPE,SYS,CDB_HIST_CELL_DISKTYPE,
PUBLIC,CDB_HIST_CELL_GLOBAL,SYS,CDB_HIST_CELL_GLOBAL,
PUBLIC,CDB_HIST_CELL_GLOBAL_SUMMARY,SYS,CDB_HIST_CELL_GLOBAL_SUMMARY,
PUBLIC,CDB_HIST_CELL_IOREASON,SYS,CDB_HIST_CELL_IOREASON,
PUBLIC,CDB_HIST_CELL_IOREASON_NAME,SYS,CDB_HIST_CELL_IOREASON_NAME,
PUBLIC,CDB_HIST_CELL_METRIC_DESC,SYS,CDB_HIST_CELL_METRIC_DESC,
PUBLIC,CDB_HIST_CELL_NAME,SYS,CDB_HIST_CELL_NAME,
PUBLIC,CDB_HIST_CELL_OPEN_ALERTS,SYS,CDB_HIST_CELL_OPEN_ALERTS,
PUBLIC,CDB_HIST_CHANNEL_WAITS,SYS,CDB_HIST_CHANNEL_WAITS,
PUBLIC,CDB_HIST_CLUSTER_INTERCON,SYS,CDB_HIST_CLUSTER_INTERCON,
PUBLIC,CDB_HIST_COLORED_SQL,SYS,CDB_HIST_COLORED_SQL,
PUBLIC,CDB_HIST_COMP_IOSTAT,SYS,CDB_HIST_COMP_IOSTAT,
PUBLIC,CDB_HIST_CON_SYSMETRIC_HIST,SYS,CDB_HIST_CON_SYSMETRIC_HIST,
PUBLIC,CDB_HIST_CON_SYSMETRIC_SUMM,SYS,CDB_HIST_CON_SYSMETRIC_SUMM,
PUBLIC,CDB_HIST_CON_SYSSTAT,SYS,CDB_HIST_CON_SYSSTAT,
PUBLIC,CDB_HIST_CON_SYSTEM_EVENT,SYS,CDB_HIST_CON_SYSTEM_EVENT,
PUBLIC,CDB_HIST_CON_SYS_TIME_MODEL,SYS,CDB_HIST_CON_SYS_TIME_MODEL,
PUBLIC,CDB_HIST_CR_BLOCK_SERVER,SYS,CDB_HIST_CR_BLOCK_SERVER,
PUBLIC,CDB_HIST_CURRENT_BLOCK_SERVER,SYS,CDB_HIST_CURRENT_BLOCK_SERVER,
PUBLIC,CDB_HIST_DATABASE_INSTANCE,SYS,CDB_HIST_DATABASE_INSTANCE,
PUBLIC,CDB_HIST_DATAFILE,SYS,CDB_HIST_DATAFILE,
PUBLIC,CDB_HIST_DB_CACHE_ADVICE,SYS,CDB_HIST_DB_CACHE_ADVICE,
PUBLIC,CDB_HIST_DISPATCHER,SYS,CDB_HIST_DISPATCHER,
PUBLIC,CDB_HIST_DLM_MISC,SYS,CDB_HIST_DLM_MISC,
PUBLIC,CDB_HIST_DYN_REMASTER_STATS,SYS,CDB_HIST_DYN_REMASTER_STATS,
PUBLIC,CDB_HIST_ENQUEUE_STAT,SYS,CDB_HIST_ENQUEUE_STAT,
PUBLIC,CDB_HIST_EVENT_HISTOGRAM,SYS,CDB_HIST_EVENT_HISTOGRAM,
PUBLIC,CDB_HIST_EVENT_NAME,SYS,CDB_HIST_EVENT_NAME,
PUBLIC,CDB_HIST_FILEMETRIC_HISTORY,SYS,CDB_HIST_FILEMETRIC_HISTORY,
PUBLIC,CDB_HIST_FILESTATXS,SYS,CDB_HIST_FILESTATXS,
PUBLIC,CDB_HIST_IC_CLIENT_STATS,SYS,CDB_HIST_IC_CLIENT_STATS,
PUBLIC,CDB_HIST_IC_DEVICE_STATS,SYS,CDB_HIST_IC_DEVICE_STATS,
PUBLIC,CDB_HIST_IM_SEG_STAT,SYS,CDB_HIST_IM_SEG_STAT,
PUBLIC,CDB_HIST_IM_SEG_STAT_OBJ,SYS,CDB_HIST_IM_SEG_STAT_OBJ,
PUBLIC,CDB_HIST_INSTANCE_RECOVERY,SYS,CDB_HIST_INSTANCE_RECOVERY,
PUBLIC,CDB_HIST_INST_CACHE_TRANSFER,SYS,CDB_HIST_INST_CACHE_TRANSFER,
PUBLIC,CDB_HIST_INTERCONNECT_PINGS,SYS,CDB_HIST_INTERCONNECT_PINGS,
PUBLIC,CDB_HIST_IOSTAT_DETAIL,SYS,CDB_HIST_IOSTAT_DETAIL,
PUBLIC,CDB_HIST_IOSTAT_FILETYPE,SYS,CDB_HIST_IOSTAT_FILETYPE,
PUBLIC,CDB_HIST_IOSTAT_FILETYPE_NAME,SYS,CDB_HIST_IOSTAT_FILETYPE_NAME,
PUBLIC,CDB_HIST_IOSTAT_FUNCTION,SYS,CDB_HIST_IOSTAT_FUNCTION,
PUBLIC,CDB_HIST_IOSTAT_FUNCTION_NAME,SYS,CDB_HIST_IOSTAT_FUNCTION_NAME,
PUBLIC,CDB_HIST_JAVA_POOL_ADVICE,SYS,CDB_HIST_JAVA_POOL_ADVICE,
PUBLIC,CDB_HIST_LATCH,SYS,CDB_HIST_LATCH,
PUBLIC,CDB_HIST_LATCH_CHILDREN,SYS,CDB_HIST_LATCH_CHILDREN,
PUBLIC,CDB_HIST_LATCH_MISSES_SUMMARY,SYS,CDB_HIST_LATCH_MISSES_SUMMARY,
PUBLIC,CDB_HIST_LATCH_NAME,SYS,CDB_HIST_LATCH_NAME,
PUBLIC,CDB_HIST_LATCH_PARENT,SYS,CDB_HIST_LATCH_PARENT,
PUBLIC,CDB_HIST_LIBRARYCACHE,SYS,CDB_HIST_LIBRARYCACHE,
PUBLIC,CDB_HIST_LMS_STATS,SYS,CDB_HIST_LMS_STATS,
PUBLIC,CDB_HIST_LOG,SYS,CDB_HIST_LOG,
PUBLIC,CDB_HIST_MEM_DYNAMIC_COMP,SYS,CDB_HIST_MEM_DYNAMIC_COMP,
PUBLIC,CDB_HIST_MEMORY_RESIZE_OPS,SYS,CDB_HIST_MEMORY_RESIZE_OPS,
PUBLIC,CDB_HIST_MEMORY_TARGET_ADVICE,SYS,CDB_HIST_MEMORY_TARGET_ADVICE,
PUBLIC,CDB_HIST_METRIC_NAME,SYS,CDB_HIST_METRIC_NAME,
PUBLIC,CDB_HIST_MTTR_TARGET_ADVICE,SYS,CDB_HIST_MTTR_TARGET_ADVICE,
PUBLIC,CDB_HIST_MUTEX_SLEEP,SYS,CDB_HIST_MUTEX_SLEEP,
PUBLIC,CDB_HIST_MVPARAMETER,SYS,CDB_HIST_MVPARAMETER,
PUBLIC,CDB_HIST_OPTIMIZER_ENV,SYS,CDB_HIST_OPTIMIZER_ENV,
PUBLIC,CDB_HIST_OSSTAT,SYS,CDB_HIST_OSSTAT,
PUBLIC,CDB_HIST_OSSTAT_NAME,SYS,CDB_HIST_OSSTAT_NAME,
PUBLIC,CDB_HIST_PARAMETER,SYS,CDB_HIST_PARAMETER,
PUBLIC,CDB_HIST_PARAMETER_NAME,SYS,CDB_HIST_PARAMETER_NAME,
PUBLIC,CDB_HIST_PDB_IN_SNAP,SYS,CDB_HIST_PDB_IN_SNAP,
PUBLIC,CDB_HIST_PDB_INSTANCE,SYS,CDB_HIST_PDB_INSTANCE,
PUBLIC,CDB_HIST_PERSISTENT_QMN_CACHE,SYS,CDB_HIST_PERSISTENT_QMN_CACHE,
PUBLIC,CDB_HIST_PERSISTENT_QUEUES,SYS,CDB_HIST_PERSISTENT_QUEUES,
PUBLIC,CDB_HIST_PERSISTENT_SUBS,SYS,CDB_HIST_PERSISTENT_SUBS,
PUBLIC,CDB_HIST_PGASTAT,SYS,CDB_HIST_PGASTAT,
PUBLIC,CDB_HIST_PGA_TARGET_ADVICE,SYS,CDB_HIST_PGA_TARGET_ADVICE,
PUBLIC,CDB_HIST_PLAN_OPERATION_NAME,SYS,CDB_HIST_PLAN_OPERATION_NAME,
PUBLIC,CDB_HIST_PLAN_OPTION_NAME,SYS,CDB_HIST_PLAN_OPTION_NAME,
PUBLIC,CDB_HIST_PROCESS_MEM_SUMMARY,SYS,CDB_HIST_PROCESS_MEM_SUMMARY,
PUBLIC,CDB_HIST_PROCESS_WAITTIME,SYS,CDB_HIST_PROCESS_WAITTIME,
PUBLIC,CDB_HIST_RECOVERY_PROGRESS,SYS,CDB_HIST_RECOVERY_PROGRESS,
PUBLIC,CDB_HIST_REPLICATION_TBL_STATS,SYS,CDB_HIST_REPLICATION_TBL_STATS,
PUBLIC,CDB_HIST_REPLICATION_TXN_STATS,SYS,CDB_HIST_REPLICATION_TXN_STATS,
PUBLIC,CDB_HIST_REPORTS,SYS,CDB_HIST_REPORTS,
PUBLIC,CDB_HIST_REPORTS_CONTROL,SYS,CDB_HIST_REPORTS_CONTROL,
PUBLIC,CDB_HIST_REPORTS_DETAILS,SYS,CDB_HIST_REPORTS_DETAILS,
PUBLIC,CDB_HIST_REPORTS_TIMEBANDS,SYS,CDB_HIST_REPORTS_TIMEBANDS,
PUBLIC,CDB_HIST_RESOURCE_LIMIT,SYS,CDB_HIST_RESOURCE_LIMIT,
PUBLIC,CDB_HIST_ROWCACHE_SUMMARY,SYS,CDB_HIST_ROWCACHE_SUMMARY,
PUBLIC,CDB_HIST_RSRC_CONSUMER_GROUP,SYS,CDB_HIST_RSRC_CONSUMER_GROUP,
PUBLIC,CDB_HIST_RSRC_METRIC,SYS,CDB_HIST_RSRC_METRIC,
PUBLIC,CDB_HIST_RSRC_PDB_METRIC,SYS,CDB_HIST_RSRC_PDB_METRIC,
PUBLIC,CDB_HIST_RSRC_PLAN,SYS,CDB_HIST_RSRC_PLAN,
PUBLIC,CDB_HIST_RULE_SET,SYS,CDB_HIST_RULE_SET,
PUBLIC,CDB_HIST_SEG_STAT,SYS,CDB_HIST_SEG_STAT,
PUBLIC,CDB_HIST_SEG_STAT_OBJ,SYS,CDB_HIST_SEG_STAT_OBJ,
PUBLIC,CDB_HIST_SERVICE_NAME,SYS,CDB_HIST_SERVICE_NAME,
PUBLIC,CDB_HIST_SERVICE_STAT,SYS,CDB_HIST_SERVICE_STAT,
PUBLIC,CDB_HIST_SERVICE_WAIT_CLASS,SYS,CDB_HIST_SERVICE_WAIT_CLASS,
PUBLIC,CDB_HIST_SESSMETRIC_HISTORY,SYS,CDB_HIST_SESSMETRIC_HISTORY,
PUBLIC,CDB_HIST_SESS_NETWORK,SYS,CDB_HIST_SESS_NETWORK,
PUBLIC,CDB_HIST_SESS_SGA_STATS,SYS,CDB_HIST_SESS_SGA_STATS,
PUBLIC,CDB_HIST_SESS_TIME_STATS,SYS,CDB_HIST_SESS_TIME_STATS,
PUBLIC,CDB_HIST_SGA,SYS,CDB_HIST_SGA,
PUBLIC,CDB_HIST_SGASTAT,SYS,CDB_HIST_SGASTAT,
PUBLIC,CDB_HIST_SGA_TARGET_ADVICE,SYS,CDB_HIST_SGA_TARGET_ADVICE,
PUBLIC,CDB_HIST_SHARED_POOL_ADVICE,SYS,CDB_HIST_SHARED_POOL_ADVICE,
PUBLIC,CDB_HIST_SHARED_SERVER_SUMMARY,SYS,CDB_HIST_SHARED_SERVER_SUMMARY,
PUBLIC,CDB_HIST_SNAP_ERROR,SYS,CDB_HIST_SNAP_ERROR,
PUBLIC,CDB_HIST_SNAPSHOT,SYS,CDB_HIST_SNAPSHOT,
PUBLIC,CDB_HIST_SQLBIND,SYS,CDB_HIST_SQLBIND,
PUBLIC,CDB_HIST_SQL_BIND_METADATA,SYS,CDB_HIST_SQL_BIND_METADATA,
PUBLIC,CDB_HIST_SQLCOMMAND_NAME,SYS,CDB_HIST_SQLCOMMAND_NAME,
PUBLIC,CDB_HIST_SQL_PLAN,SYS,CDB_HIST_SQL_PLAN,
PUBLIC,CDB_HIST_SQLSTAT,SYS,CDB_HIST_SQLSTAT,
PUBLIC,CDB_HIST_SQL_SUMMARY,SYS,CDB_HIST_SQL_SUMMARY,
PUBLIC,CDB_HIST_SQLTEXT,SYS,CDB_HIST_SQLTEXT,
PUBLIC,CDB_HIST_SQL_WORKAREA_HSTGRM,SYS,CDB_HIST_SQL_WORKAREA_HSTGRM,
PUBLIC,CDB_HIST_STAT_NAME,SYS,CDB_HIST_STAT_NAME,
PUBLIC,CDB_HIST_STREAMS_APPLY_SUM,SYS,CDB_HIST_STREAMS_APPLY_SUM,
PUBLIC,CDB_HIST_STREAMS_CAPTURE,SYS,CDB_HIST_STREAMS_CAPTURE,
PUBLIC,CDB_HIST_STREAMS_POOL_ADVICE,SYS,CDB_HIST_STREAMS_POOL_ADVICE,
PUBLIC,CDB_HIST_SYSMETRIC_HISTORY,SYS,CDB_HIST_SYSMETRIC_HISTORY,
PUBLIC,CDB_HIST_SYSMETRIC_SUMMARY,SYS,CDB_HIST_SYSMETRIC_SUMMARY,
PUBLIC,CDB_HIST_SYSSTAT,SYS,CDB_HIST_SYSSTAT,
PUBLIC,CDB_HIST_SYSTEM_EVENT,SYS,CDB_HIST_SYSTEM_EVENT,
PUBLIC,CDB_HIST_SYS_TIME_MODEL,SYS,CDB_HIST_SYS_TIME_MODEL,
PUBLIC,CDB_HIST_TABLE_SETTINGS,SYS,CDB_HIST_TABLE_SETTINGS,
PUBLIC,CDB_HIST_TABLESPACE,SYS,CDB_HIST_TABLESPACE,
PUBLIC,CDB_HIST_TABLESPACE_STAT,SYS,CDB_HIST_TABLESPACE_STAT,
PUBLIC,CDB_HIST_TBSPC_SPACE_USAGE,SYS,CDB_HIST_TBSPC_SPACE_USAGE,
PUBLIC,CDB_HIST_TEMPFILE,SYS,CDB_HIST_TEMPFILE,
PUBLIC,CDB_HIST_TEMPSTATXS,SYS,CDB_HIST_TEMPSTATXS,
PUBLIC,CDB_HIST_THREAD,SYS,CDB_HIST_THREAD,
PUBLIC,CDB_HIST_TOPLEVELCALL_NAME,SYS,CDB_HIST_TOPLEVELCALL_NAME,
PUBLIC,CDB_HIST_UNDOSTAT,SYS,CDB_HIST_UNDOSTAT,
PUBLIC,CDB_HIST_WAITCLASSMET_HISTORY,SYS,CDB_HIST_WAITCLASSMET_HISTORY,
PUBLIC,CDB_HIST_WAITSTAT,SYS,CDB_HIST_WAITSTAT,
PUBLIC,CDB_HIST_WR_CONTROL,SYS,CDB_HIST_WR_CONTROL,
PUBLIC,CDB_HIST_WR_SETTINGS,SYS,CDB_HIST_WR_SETTINGS,
PUBLIC,CDB_HOST_ACES,SYS,CDB_HOST_ACES,
PUBLIC,CDB_HOST_ACLS,SYS,CDB_HOST_ACLS,
PUBLIC,CDB_IDENTIFIERS,SYS,CDB_IDENTIFIERS,
PUBLIC,CDB_ILMDATAMOVEMENTPOLICIES,SYS,CDB_ILMDATAMOVEMENTPOLICIES,
PUBLIC,CDB_ILMEVALUATIONDETAILS,SYS,CDB_ILMEVALUATIONDETAILS,
PUBLIC,CDB_ILMOBJECTS,SYS,CDB_ILMOBJECTS,
PUBLIC,CDB_ILMPARAMETERS,SYS,CDB_ILMPARAMETERS,
PUBLIC,CDB_ILMPOLICIES,SYS,CDB_ILMPOLICIES,
PUBLIC,CDB_ILMRESULTS,SYS,CDB_ILMRESULTS,
PUBLIC,CDB_ILMTASKS,SYS,CDB_ILMTASKS,
PUBLIC,CDB_IMMUTABLE_TABLES,SYS,CDB_IMMUTABLE_TABLES,
PUBLIC,CDB_IND_COLUMNS,SYS,CDB_IND_COLUMNS,
PUBLIC,CDB_INDEXES,SYS,CDB_INDEXES,
PUBLIC,CDB_IND_EXPRESSIONS,SYS,CDB_IND_EXPRESSIONS,
PUBLIC,CDB_INDEXTYPE_ARRAYTYPES,SYS,CDB_INDEXTYPE_ARRAYTYPES,
PUBLIC,CDB_INDEXTYPE_COMMENTS,SYS,CDB_INDEXTYPE_COMMENTS,
PUBLIC,CDB_INDEXTYPE_OPERATORS,SYS,CDB_INDEXTYPE_OPERATORS,
PUBLIC,CDB_INDEXTYPES,SYS,CDB_INDEXTYPES,
PUBLIC,CDB_INDEX_USAGE,SYS,CDB_INDEX_USAGE,
PUBLIC,CDB_IND_PARTITIONS,SYS,CDB_IND_PARTITIONS,
PUBLIC,CDB_IND_PENDING_STATS,SYS,CDB_IND_PENDING_STATS,
PUBLIC,CDB_IND_STATISTICS,SYS,CDB_IND_STATISTICS,
PUBLIC,CDB_IND_SUBPARTITIONS,SYS,CDB_IND_SUBPARTITIONS,
PUBLIC,CDB_INMEMORY_AIMTASKDETAILS,SYS,CDB_INMEMORY_AIMTASKDETAILS,
PUBLIC,CDB_INMEMORY_AIMTASKS,SYS,CDB_INMEMORY_AIMTASKS,
PUBLIC,CDB_INTERNAL_TRIGGERS,SYS,CDB_INTERNAL_TRIGGERS,
PUBLIC,CDB_INVALID_OBJECTS,SYS,CDB_INVALID_OBJECTS,
PUBLIC,CDB_JAVA_ARGUMENTS,SYS,CDB_JAVA_ARGUMENTS,
PUBLIC,CDB_JAVA_CLASSES,SYS,CDB_JAVA_CLASSES,
PUBLIC,CDB_JAVA_COMPILER_OPTIONS,SYS,CDB_JAVA_COMPILER_OPTIONS,
PUBLIC,CDB_JAVA_DERIVATIONS,SYS,CDB_JAVA_DERIVATIONS,
PUBLIC,CDB_JAVA_FIELDS,SYS,CDB_JAVA_FIELDS,
PUBLIC,CDB_JAVA_IMPLEMENTS,SYS,CDB_JAVA_IMPLEMENTS,
PUBLIC,CDB_JAVA_INNERS,SYS,CDB_JAVA_INNERS,
PUBLIC,CDB_JAVA_LAYOUTS,SYS,CDB_JAVA_LAYOUTS,
PUBLIC,CDB_JAVA_METHODS,SYS,CDB_JAVA_METHODS,
PUBLIC,CDB_JAVA_NCOMPS,SYS,CDB_JAVA_NCOMPS,
PUBLIC,CDB_JAVA_POLICY,SYS,CDB_JAVA_POLICY,
PUBLIC,CDB_JAVA_RESOLVERS,SYS,CDB_JAVA_RESOLVERS,
PUBLIC,CDB_JAVA_THROWS,SYS,CDB_JAVA_THROWS,
PUBLIC,CDB_JOBS,SYS,CDB_JOBS,
PUBLIC,CDB_JOBS_RUNNING,SYS,CDB_JOBS_RUNNING,
PUBLIC,CDB_JOINGROUPS,SYS,CDB_JOINGROUPS,
PUBLIC,CDB_JOIN_IND_COLUMNS,SYS,CDB_JOIN_IND_COLUMNS,
PUBLIC,CDB_JSON_COLUMNS,SYS,CDB_JSON_COLUMNS,
PUBLIC,CDB_JSON_DATAGUIDE_FIELDS,SYS,CDB_JSON_DATAGUIDE_FIELDS,
PUBLIC,CDB_JSON_DATAGUIDES,SYS,CDB_JSON_DATAGUIDES,
PUBLIC,CDB_KEEPSIZES,SYS,CDB_KEEPSIZES,
PUBLIC,CDB_KGLLOCK,SYS,CDB_KGLLOCK,
PUBLIC,CDB_LBAC_POLICIES,LBACSYS,CDB_LBAC_POLICIES,
PUBLIC,CDB_LBAC_SCHEMA_POLICIES,LBACSYS,CDB_LBAC_SCHEMA_POLICIES,
PUBLIC,CDB_LBAC_TABLE_POLICIES,LBACSYS,CDB_LBAC_TABLE_POLICIES,
PUBLIC,CDB_LIBRARIES,SYS,CDB_LIBRARIES,
PUBLIC,CDB_LMT_FREE_SPACE,SYS,CDB_LMT_FREE_SPACE,
PUBLIC,CDB_LMT_USED_EXTENTS,SYS,CDB_LMT_USED_EXTENTS,
PUBLIC,CDB_LOB_PARTITIONS,SYS,CDB_LOB_PARTITIONS,
PUBLIC,CDB_LOBS,SYS,CDB_LOBS,
PUBLIC,CDB_LOB_SUBPARTITIONS,SYS,CDB_LOB_SUBPARTITIONS,
PUBLIC,CDB_LOB_TEMPLATES,SYS,CDB_LOB_TEMPLATES,
PUBLIC,CDB_LOCAL_ADMIN_PRIVS,SYS,CDB_LOCAL_ADMIN_PRIVS,
PUBLIC,CDB_LOCK,SYS,CDB_LOCK,
PUBLIC,CDB_LOCKDOWN_PROFILES,SYS,CDB_LOCKDOWN_PROFILES,
PUBLIC,CDB_LOCK_INTERNAL,SYS,CDB_LOCK_INTERNAL,
PUBLIC,CDB_LOG_GROUP_COLUMNS,SYS,CDB_LOG_GROUP_COLUMNS,
PUBLIC,CDB_LOG_GROUPS,SYS,CDB_LOG_GROUPS,
PUBLIC,CDB_LOGMNR_LOG,SYS,CDB_LOGMNR_LOG,
PUBLIC,CDB_LOGMNR_PROFILE_PLSQL_STATS,SYS,CDB_LOGMNR_PROFILE_PLSQL_STATS,
PUBLIC,CDB_LOGMNR_PROFILE_TABLE_STATS,SYS,CDB_LOGMNR_PROFILE_TABLE_STATS,
PUBLIC,CDB_LOGMNR_PURGED_LOG,SYS,CDB_LOGMNR_PURGED_LOG,
PUBLIC,CDB_LOGMNR_SESSION,SYS,CDB_LOGMNR_SESSION,
PUBLIC,CDB_LOGSTDBY_EDS_SUPPORTED,SYS,CDB_LOGSTDBY_EDS_SUPPORTED,
PUBLIC,CDB_LOGSTDBY_EDS_TABLES,SYS,CDB_LOGSTDBY_EDS_TABLES,
PUBLIC,CDB_LOGSTDBY_EVENTS,SYS,CDB_LOGSTDBY_EVENTS,
PUBLIC,CDB_LOGSTDBY_HISTORY,SYS,CDB_LOGSTDBY_HISTORY,
PUBLIC,CDB_LOGSTDBY_LOG,SYS,CDB_LOGSTDBY_LOG,
PUBLIC,CDB_LOGSTDBY_NOT_UNIQUE,SYS,CDB_LOGSTDBY_NOT_UNIQUE,
PUBLIC,CDB_LOGSTDBY_PARAMETERS,SYS,CDB_LOGSTDBY_PARAMETERS,
PUBLIC,CDB_LOGSTDBY_PLSQL_MAP,SYS,CDB_LOGSTDBY_PLSQL_MAP,
PUBLIC,CDB_LOGSTDBY_PLSQL_SUPPORT,SYS,CDB_LOGSTDBY_PLSQL_SUPPORT,
PUBLIC,CDB_LOGSTDBY_PROGRESS,SYS,CDB_LOGSTDBY_PROGRESS,
PUBLIC,CDB_LOGSTDBY_SKIP,SYS,CDB_LOGSTDBY_SKIP,
PUBLIC,CDB_LOGSTDBY_SKIP_TRANSACTION,SYS,CDB_LOGSTDBY_SKIP_TRANSACTION,
PUBLIC,CDB_LOGSTDBY_SUPPORT_MODE,SYS,CDB_LOGSTDBY_SUPPORT_MODE,
PUBLIC,CDB_LOGSTDBY_UNSUPPORTED,SYS,CDB_LOGSTDBY_UNSUPPORTED,
PUBLIC,CDB_LOGSTDBY_UNSUPPORTED_TABLE,SYS,CDB_LOGSTDBY_UNSUPPORTED_TABLE,
PUBLIC,CDB_MEASURE_FOLDER_CONTENTS,SYS,CDB_MEASURE_FOLDER_CONTENTS,
PUBLIC,CDB_MEASURE_FOLDERS,SYS,CDB_MEASURE_FOLDERS,
PUBLIC,CDB_MEASURE_FOLDER_SUBFOLDERS,SYS,CDB_MEASURE_FOLDER_SUBFOLDERS,
PUBLIC,CDB_METADATA_PROPERTIES,SYS,CDB_METADATA_PROPERTIES,
PUBLIC,CDB_METHOD_PARAMS,SYS,CDB_METHOD_PARAMS,
PUBLIC,CDB_METHOD_RESULTS,SYS,CDB_METHOD_RESULTS,
PUBLIC,CDB_MINING_MODEL_ATTRIBUTES,SYS,CDB_MINING_MODEL_ATTRIBUTES,
PUBLIC,CDB_MINING_MODEL_PARTITIONS,SYS,CDB_MINING_MODEL_PARTITIONS,
PUBLIC,CDB_MINING_MODELS,SYS,CDB_MINING_MODELS,
PUBLIC,CDB_MINING_MODEL_SETTINGS,SYS,CDB_MINING_MODEL_SETTINGS,
PUBLIC,CDB_MINING_MODEL_TABLES,SYS,CDB_MINING_MODEL_TABLES,
PUBLIC,CDB_MINING_MODEL_VIEWS,SYS,CDB_MINING_MODEL_VIEWS,
PUBLIC,CDB_MINING_MODEL_XFORMS,SYS,CDB_MINING_MODEL_XFORMS,
PUBLIC,CDB_MVIEW_AGGREGATES,SYS,CDB_MVIEW_AGGREGATES,
PUBLIC,CDB_MVIEW_ANALYSIS,SYS,CDB_MVIEW_ANALYSIS,
PUBLIC,CDB_MVIEW_COMMENTS,SYS,CDB_MVIEW_COMMENTS,
PUBLIC,CDB_MVIEW_DETAIL_PARTITION,SYS,CDB_MVIEW_DETAIL_PARTITION,
PUBLIC,CDB_MVIEW_DETAIL_RELATIONS,SYS,CDB_MVIEW_DETAIL_RELATIONS,
PUBLIC,CDB_MVIEW_DETAIL_SUBPARTITION,SYS,CDB_MVIEW_DETAIL_SUBPARTITION,
PUBLIC,CDB_MVIEW_JOINS,SYS,CDB_MVIEW_JOINS,
PUBLIC,CDB_MVIEW_KEYS,SYS,CDB_MVIEW_KEYS,
PUBLIC,CDB_MVIEW_LOG_FILTER_COLS,SYS,CDB_MVIEW_LOG_FILTER_COLS,
PUBLIC,CDB_MVIEW_LOGS,SYS,CDB_MVIEW_LOGS,
PUBLIC,CDB_MVIEW_REFRESH_TIMES,SYS,CDB_MVIEW_REFRESH_TIMES,
PUBLIC,CDB_MVIEWS,SYS,CDB_MVIEWS,
PUBLIC,CDB_MVREF_CHANGE_STATS,SYS,CDB_MVREF_CHANGE_STATS,
PUBLIC,CDB_MVREF_RUN_STATS,SYS,CDB_MVREF_RUN_STATS,
PUBLIC,CDB_MVREF_STATS,SYS,CDB_MVREF_STATS,
PUBLIC,CDB_MVREF_STATS_PARAMS,SYS,CDB_MVREF_STATS_PARAMS,
PUBLIC,CDB_MVREF_STATS_SYS_DEFAULTS,SYS,CDB_MVREF_STATS_SYS_DEFAULTS,
PUBLIC,CDB_MVREF_STMT_STATS,SYS,CDB_MVREF_STMT_STATS,
PUBLIC,CDB_NESTED_TABLE_COLS,SYS,CDB_NESTED_TABLE_COLS,
PUBLIC,CDB_NESTED_TABLES,SYS,CDB_NESTED_TABLES,
PUBLIC,CDB_NETWORK_ACL_PRIVILEGES,SYS,CDB_NETWORK_ACL_PRIVILEGES,
PUBLIC,CDB_NETWORK_ACLS,SYS,CDB_NETWORK_ACLS,
PUBLIC,CDB_OBJ_AUDIT_OPTS,SYS,CDB_OBJ_AUDIT_OPTS,
PUBLIC,CDB_OBJ_COLATTRS,SYS,CDB_OBJ_COLATTRS,
PUBLIC,CDB_OBJECTS,SYS,CDB_OBJECTS,
PUBLIC,CDB_OBJECTS_AE,SYS,CDB_OBJECTS_AE,
PUBLIC,CDB_OBJECT_SIZE,SYS,CDB_OBJECT_SIZE,
PUBLIC,CDB_OBJECT_TABLES,SYS,CDB_OBJECT_TABLES,
PUBLIC,CDB_OBJECT_USAGE,SYS,CDB_OBJECT_USAGE,
PUBLIC,CDB_OGG_AUTO_CAPTURED_TABLES,SYS,CDB_OGG_AUTO_CAPTURED_TABLES,
PUBLIC,CDB_OLDIMAGE_COLUMNS,SYS,CDB_OLDIMAGE_COLUMNS,
PUBLIC,CDB_OLS_STATUS,LBACSYS,CDB_OLS_STATUS,
PUBLIC,CDB_OPANCILLARY,SYS,CDB_OPANCILLARY,
PUBLIC,CDB_OPARGUMENTS,SYS,CDB_OPARGUMENTS,
PUBLIC,CDB_OPBINDINGS,SYS,CDB_OPBINDINGS,
PUBLIC,CDB_OPERATOR_COMMENTS,SYS,CDB_OPERATOR_COMMENTS,
PUBLIC,CDB_OPERATORS,SYS,CDB_OPERATORS,
PUBLIC,CDB_OPTSTAT_OPERATIONS,SYS,CDB_OPTSTAT_OPERATIONS,
PUBLIC,CDB_OPTSTAT_OPERATION_TASKS,SYS,CDB_OPTSTAT_OPERATION_TASKS,
PUBLIC,CDB_OUTLINE_HINTS,SYS,CDB_OUTLINE_HINTS,
PUBLIC,CDB_OUTLINES,SYS,CDB_OUTLINES,
PUBLIC,CDB_OUTSTANDING_ALERTS,SYS,CDB_OUTSTANDING_ALERTS,
PUBLIC,CDB_PARALLEL_EXECUTE_CHUNKS,SYS,CDB_PARALLEL_EXECUTE_CHUNKS,
PUBLIC,CDB_PARALLEL_EXECUTE_TASKS,SYS,CDB_PARALLEL_EXECUTE_TASKS,
PUBLIC,CDB_PART_COL_STATISTICS,SYS,CDB_PART_COL_STATISTICS,
PUBLIC,CDB_PART_HISTOGRAMS,SYS,CDB_PART_HISTOGRAMS,
PUBLIC,CDB_PARTIAL_DROP_TABS,SYS,CDB_PARTIAL_DROP_TABS,
PUBLIC,CDB_PART_INDEXES,SYS,CDB_PART_INDEXES,
PUBLIC,CDB_PART_KEY_COLUMNS,SYS,CDB_PART_KEY_COLUMNS,
PUBLIC,CDB_PART_LOBS,SYS,CDB_PART_LOBS,
PUBLIC,CDB_PART_TABLES,SYS,CDB_PART_TABLES,
PUBLIC,CDB_PDB_HISTORY,SYS,CDB_PDB_HISTORY,
PUBLIC,CDB_PDBS,SYS,CDB_PDBS,
PUBLIC,CDB_PDB_SAVED_STATES,SYS,CDB_PDB_SAVED_STATES,
PUBLIC,CDB_PDB_SNAPSHOTFILE,SYS,CDB_PDB_SNAPSHOTFILE,
PUBLIC,CDB_PDB_SNAPSHOTS,SYS,CDB_PDB_SNAPSHOTS,
PUBLIC,CDB_PENDING_CONV_TABLES,SYS,CDB_PENDING_CONV_TABLES,
PUBLIC,CDB_PENDING_TRANSACTIONS,SYS,CDB_PENDING_TRANSACTIONS,
PUBLIC,CDB_PLSQL_COLL_TYPES,SYS,CDB_PLSQL_COLL_TYPES,
PUBLIC,CDB_PLSQL_OBJECT_SETTINGS,SYS,CDB_PLSQL_OBJECT_SETTINGS,
PUBLIC,CDB_PLSQL_TYPE_ATTRS,SYS,CDB_PLSQL_TYPE_ATTRS,
PUBLIC,CDB_PLSQL_TYPES,SYS,CDB_PLSQL_TYPES,
PUBLIC,CDB_POLICIES,SYS,CDB_POLICIES,
PUBLIC,CDB_POLICY_ATTRIBUTES,SYS,CDB_POLICY_ATTRIBUTES,
PUBLIC,CDB_POLICY_CONTEXTS,SYS,CDB_POLICY_CONTEXTS,
PUBLIC,CDB_POLICY_GROUPS,SYS,CDB_POLICY_GROUPS,
PUBLIC,CDB_PRIVATE_TEMP_TABLES,SYS,CDB_PRIVATE_TEMP_TABLES,
PUBLIC,CDB_PRIV_AUDIT_OPTS,SYS,CDB_PRIV_AUDIT_OPTS,
PUBLIC,CDB_PRIV_CAPTURES,SYS,CDB_PRIV_CAPTURES,
PUBLIC,CDB_PROCEDURES,SYS,CDB_PROCEDURES,
PUBLIC,CDB_PROFILES,SYS,CDB_PROFILES,
PUBLIC,CDB_PROPAGATION,SYS,CDB_PROPAGATION,
PUBLIC,CDB_PROPERTIES,SYS,CDB_PROPERTIES,
PUBLIC,CDB_PROXIES,SYS,CDB_PROXIES,
PUBLIC,CDB_QUEUE_PUBLISHERS,SYS,CDB_QUEUE_PUBLISHERS,
PUBLIC,CDB_QUEUES,SYS,CDB_QUEUES,
PUBLIC,CDB_QUEUE_SCHEDULES,SYS,CDB_QUEUE_SCHEDULES,
PUBLIC,CDB_QUEUE_SUBSCRIBERS,SYS,CDB_QUEUE_SUBSCRIBERS,
PUBLIC,CDB_QUEUE_TABLES,SYS,CDB_QUEUE_TABLES,
PUBLIC,CDB_RCHILD,SYS,CDB_RCHILD,
PUBLIC,CDB_RECOVERABLE_SCRIPT,SYS,CDB_RECOVERABLE_SCRIPT,
PUBLIC,CDB_RECOVERABLE_SCRIPT_BLOCKS,SYS,CDB_RECOVERABLE_SCRIPT_BLOCKS,
PUBLIC,CDB_RECOVERABLE_SCRIPT_ERRORS,SYS,CDB_RECOVERABLE_SCRIPT_ERRORS,
PUBLIC,CDB_RECOVERABLE_SCRIPT_HIST,SYS,CDB_RECOVERABLE_SCRIPT_HIST,
PUBLIC,CDB_RECOVERABLE_SCRIPT_PARAMS,SYS,CDB_RECOVERABLE_SCRIPT_PARAMS,
PUBLIC,CDB_RECYCLEBIN,SYS,CDB_RECYCLEBIN,
PUBLIC,CDB_REDEFINITION_ERRORS,SYS,CDB_REDEFINITION_ERRORS,
PUBLIC,CDB_REDEFINITION_OBJECTS,SYS,CDB_REDEFINITION_OBJECTS,
PUBLIC,CDB_REDEFINITION_STATUS,SYS,CDB_REDEFINITION_STATUS,
PUBLIC,CDB_REDO_DB,SYS,CDB_REDO_DB,
PUBLIC,CDB_REDO_LOG,SYS,CDB_REDO_LOG,
PUBLIC,CDB_REFRESH,SYS,CDB_REFRESH,
PUBLIC,CDB_REFRESH_CHILDREN,SYS,CDB_REFRESH_CHILDREN,
PUBLIC,CDB_REFS,SYS,CDB_REFS,
PUBLIC,CDB_REGISTERED_ARCHIVED_LOG,SYS,CDB_REGISTERED_ARCHIVED_LOG,
PUBLIC,CDB_REGISTERED_MVIEWS,SYS,CDB_REGISTERED_MVIEWS,
PUBLIC,CDB_REGISTERED_SNAPSHOTS,SYS,CDB_REGISTERED_SNAPSHOTS,
PUBLIC,CDB_REGISTRY,SYS,CDB_REGISTRY,
PUBLIC,CDB_REGISTRY_BACKPORTS,SYS,CDB_REGISTRY_BACKPORTS,
PUBLIC,CDB_REGISTRY_DATABASE,SYS,CDB_REGISTRY_DATABASE,
PUBLIC,CDB_REGISTRY_DEPENDENCIES,SYS,CDB_REGISTRY_DEPENDENCIES,
PUBLIC,CDB_REGISTRY_ERROR,SYS,CDB_REGISTRY_ERROR,
PUBLIC,CDB_REGISTRY_HIERARCHY,SYS,CDB_REGISTRY_HIERARCHY,
PUBLIC,CDB_REGISTRY_HISTORY,SYS,CDB_REGISTRY_HISTORY,
PUBLIC,CDB_REGISTRY_LOG,SYS,CDB_REGISTRY_LOG,
PUBLIC,CDB_REGISTRY_PROGRESS,SYS,CDB_REGISTRY_PROGRESS,
PUBLIC,CDB_REGISTRY_SCHEMAS,SYS,CDB_REGISTRY_SCHEMAS,
PUBLIC,CDB_REGISTRY_SQLPATCH,SYS,CDB_REGISTRY_SQLPATCH,
PUBLIC,CDB_REGISTRY_SQLPATCH_RU_INFO,SYS,CDB_REGISTRY_SQLPATCH_RU_INFO,
PUBLIC,CDB_REMOVED_WORKSPACES,WMSYS,CDB_REMOVED_WORKSPACES,
PUBLIC,CDB_REPLAY_UPGRADE_ERRORS,SYS,CDB_REPLAY_UPGRADE_ERRORS,
PUBLIC,CDB_REPL_DBNAME_MAPPING,SYS,CDB_REPL_DBNAME_MAPPING,
PUBLIC,CDB_REPLICATION_PROCESS_EVENTS,SYS,CDB_REPLICATION_PROCESS_EVENTS,
PUBLIC,CDB_RESOURCE_INCARNATIONS,SYS,CDB_RESOURCE_INCARNATIONS,
PUBLIC,CDB_RESUMABLE,SYS,CDB_RESUMABLE,
PUBLIC,CDB_REWRITE_EQUIVALENCES,SYS,CDB_REWRITE_EQUIVALENCES,
PUBLIC,CDB_RGROUP,SYS,CDB_RGROUP,
PUBLIC,CDB_ROLE_PRIVS,SYS,CDB_ROLE_PRIVS,
PUBLIC,CDB_ROLES,SYS,CDB_ROLES,
PUBLIC,CDB_ROLLBACK_SEGS,SYS,CDB_ROLLBACK_SEGS,
PUBLIC,CDB_ROLLING_DATABASES,SYS,CDB_ROLLING_DATABASES,
PUBLIC,CDB_ROLLING_EVENTS,SYS,CDB_ROLLING_EVENTS,
PUBLIC,CDB_ROLLING_PARAMETERS,SYS,CDB_ROLLING_PARAMETERS,
PUBLIC,CDB_ROLLING_PLAN,SYS,CDB_ROLLING_PLAN,
PUBLIC,CDB_ROLLING_STATISTICS,SYS,CDB_ROLLING_STATISTICS,
PUBLIC,CDB_ROLLING_STATUS,SYS,CDB_ROLLING_STATUS,
PUBLIC,CDB_ROLLING_SUPPORT_MODE,SYS,CDB_ROLLING_SUPPORT_MODE,
PUBLIC,CDB_ROLLING_UNSUPPORTED,SYS,CDB_ROLLING_UNSUPPORTED,
PUBLIC,CDB_ROPP$X$KCCAL,SYS,ROPP$X$KCCAL,
PUBLIC,CDB_ROPP$X$KCCBF,SYS,ROPP$X$KCCBF,
PUBLIC,CDB_ROPP$X$KCCBI,SYS,ROPP$X$KCCBI,
PUBLIC,CDB_ROPP$X$KCCBL,SYS,ROPP$X$KCCBL,
PUBLIC,CDB_ROPP$X$KCCBLKCOR,SYS,ROPP$X$KCCBLKCOR,
PUBLIC,CDB_ROPP$X$KCCBP,SYS,ROPP$X$KCCBP,
PUBLIC,CDB_ROPP$X$KCCBS,SYS,ROPP$X$KCCBS,
PUBLIC,CDB_ROPP$X$KCCCC,SYS,ROPP$X$KCCCC,
PUBLIC,CDB_ROPP$X$KCCDC,SYS,ROPP$X$KCCDC,
PUBLIC,CDB_ROPP$X$KCCDI,SYS,ROPP$X$KCCDI,
PUBLIC,CDB_ROPP$X$KCCDI2,SYS,ROPP$X$KCCDI2,
PUBLIC,CDB_ROPP$X$KCCFC,SYS,ROPP$X$KCCFC,
PUBLIC,CDB_ROPP$X$KCCFE,SYS,ROPP$X$KCCFE,
PUBLIC,CDB_ROPP$X$KCCFN,SYS,ROPP$X$KCCFN,
PUBLIC,CDB_ROPP$X$KCCIC,SYS,ROPP$X$KCCIC,
PUBLIC,CDB_ROPP$X$KCCLE,SYS,ROPP$X$KCCLE,
PUBLIC,CDB_ROPP$X$KCCLH,SYS,ROPP$X$KCCLH,
PUBLIC,CDB_ROPP$X$KCCOR,SYS,ROPP$X$KCCOR,
PUBLIC,CDB_ROPP$X$KCCPA,SYS,ROPP$X$KCCPA,
PUBLIC,CDB_ROPP$X$KCCPD,SYS,ROPP$X$KCCPD,
PUBLIC,CDB_ROPP$X$KCCPDB,SYS,ROPP$X$KCCPDB,
PUBLIC,CDB_ROPP$X$KCCPIC,SYS,ROPP$X$KCCPIC,
PUBLIC,CDB_ROPP$X$KCCRSR,SYS,ROPP$X$KCCRSR,
PUBLIC,CDB_ROPP$X$KCCRT,SYS,ROPP$X$KCCRT,
PUBLIC,CDB_ROPP$X$KCCSL,SYS,ROPP$X$KCCSL,
PUBLIC,CDB_ROPP$X$KCCTF,SYS,ROPP$X$KCCTF,
PUBLIC,CDB_ROPP$X$KCCTIR,SYS,ROPP$X$KCCTIR,
PUBLIC,CDB_ROPP$X$KCCTKH,SYS,ROPP$X$KCCTKH,
PUBLIC,CDB_ROPP$X$KCCTS,SYS,ROPP$X$KCCTS,
PUBLIC,CDB_ROPP$X$KCPDBINC,SYS,ROPP$X$KCPDBINC,
PUBLIC,CDB_ROPP$X$KCVDF,SYS,ROPP$X$KCVDF,
PUBLIC,CDB_ROPP$X$KCVFH,SYS,ROPP$X$KCVFH,
PUBLIC,CDB_ROPP$X$KCVFHALL,SYS,ROPP$X$KCVFHALL,
PUBLIC,CDB_ROPP$X$KCVFHTMP,SYS,ROPP$X$KCVFHTMP,
PUBLIC,CDB_RPP$X$KCCAL,SYS,RPP$X$KCCAL,
PUBLIC,CDB_RPP$X$KCCBF,SYS,RPP$X$KCCBF,
PUBLIC,CDB_RPP$X$KCCBI,SYS,RPP$X$KCCBI,
PUBLIC,CDB_RPP$X$KCCBL,SYS,RPP$X$KCCBL,
PUBLIC,CDB_RPP$X$KCCBLKCOR,SYS,RPP$X$KCCBLKCOR,
PUBLIC,CDB_RPP$X$KCCBP,SYS,RPP$X$KCCBP,
PUBLIC,CDB_RPP$X$KCCBS,SYS,RPP$X$KCCBS,
PUBLIC,CDB_RPP$X$KCCCC,SYS,RPP$X$KCCCC,
PUBLIC,CDB_RPP$X$KCCDC,SYS,RPP$X$KCCDC,
PUBLIC,CDB_RPP$X$KCCDI,SYS,RPP$X$KCCDI,
PUBLIC,CDB_RPP$X$KCCDI2,SYS,RPP$X$KCCDI2,
PUBLIC,CDB_RPP$X$KCCFC,SYS,RPP$X$KCCFC,
PUBLIC,CDB_RPP$X$KCCFE,SYS,RPP$X$KCCFE,
PUBLIC,CDB_RPP$X$KCCFN,SYS,RPP$X$KCCFN,
PUBLIC,CDB_RPP$X$KCCIC,SYS,RPP$X$KCCIC,
PUBLIC,CDB_RPP$X$KCCLE,SYS,RPP$X$KCCLE,
PUBLIC,CDB_RPP$X$KCCLH,SYS,RPP$X$KCCLH,
PUBLIC,CDB_RPP$X$KCCOR,SYS,RPP$X$KCCOR,
PUBLIC,CDB_RPP$X$KCCPA,SYS,RPP$X$KCCPA,
PUBLIC,CDB_RPP$X$KCCPD,SYS,RPP$X$KCCPD,
PUBLIC,CDB_RPP$X$KCCPDB,SYS,RPP$X$KCCPDB,
PUBLIC,CDB_RPP$X$KCCPIC,SYS,RPP$X$KCCPIC,
PUBLIC,CDB_RPP$X$KCCRSR,SYS,RPP$X$KCCRSR,
PUBLIC,CDB_RPP$X$KCCRT,SYS,RPP$X$KCCRT,
PUBLIC,CDB_RPP$X$KCCSL,SYS,RPP$X$KCCSL,
PUBLIC,CDB_RPP$X$KCCTF,SYS,RPP$X$KCCTF,
PUBLIC,CDB_RPP$X$KCCTIR,SYS,RPP$X$KCCTIR,
PUBLIC,CDB_RPP$X$KCCTKH,SYS,RPP$X$KCCTKH,
PUBLIC,CDB_RPP$X$KCCTS,SYS,RPP$X$KCCTS,
PUBLIC,CDB_RPP$X$KCPDBINC,SYS,RPP$X$KCPDBINC,
PUBLIC,CDB_RPP$X$KCVDF,SYS,RPP$X$KCVDF,
PUBLIC,CDB_RPP$X$KCVFH,SYS,RPP$X$KCVFH,
PUBLIC,CDB_RPP$X$KCVFHALL,SYS,RPP$X$KCVFHALL,
PUBLIC,CDB_RPP$X$KCVFHTMP,SYS,RPP$X$KCVFHTMP,
PUBLIC,CDB_RSRC_CAPABILITY,SYS,CDB_RSRC_CAPABILITY,
PUBLIC,CDB_RSRC_CATEGORIES,SYS,CDB_RSRC_CATEGORIES,
PUBLIC,CDB_RSRC_CONSUMER_GROUP_PRIVS,SYS,CDB_RSRC_CONSUMER_GROUP_PRIVS,
PUBLIC,CDB_RSRC_CONSUMER_GROUPS,SYS,CDB_RSRC_CONSUMER_GROUPS,
PUBLIC,CDB_RSRC_GROUP_MAPPINGS,SYS,CDB_RSRC_GROUP_MAPPINGS,
PUBLIC,CDB_RSRC_INSTANCE_CAPABILITY,SYS,CDB_RSRC_INSTANCE_CAPABILITY,
PUBLIC,CDB_RSRC_IO_CALIBRATE,SYS,CDB_RSRC_IO_CALIBRATE,
PUBLIC,CDB_RSRC_MANAGER_SYSTEM_PRIVS,SYS,CDB_RSRC_MANAGER_SYSTEM_PRIVS,
PUBLIC,CDB_RSRC_MAPPING_PRIORITY,SYS,CDB_RSRC_MAPPING_PRIORITY,
PUBLIC,CDB_RSRC_PLAN_DIRECTIVES,SYS,CDB_RSRC_PLAN_DIRECTIVES,
PUBLIC,CDB_RSRC_PLANS,SYS,CDB_RSRC_PLANS,
PUBLIC,CDB_RSRC_STORAGE_POOL_MAPPING,SYS,CDB_RSRC_STORAGE_POOL_MAPPING,
PUBLIC,CDB_RULES,SYS,CDB_RULES,
PUBLIC,CDB_RULE_SET_RULES,SYS,CDB_RULE_SET_RULES,
PUBLIC,CDB_RULE_SETS,SYS,CDB_RULE_SETS,
PUBLIC,CDB_RULESETS,SYS,CDB_RULESETS,
PUBLIC,CDB_SA_AUDIT_OPTIONS,LBACSYS,CDB_SA_AUDIT_OPTIONS,
PUBLIC,CDB_SA_COMPARTMENTS,LBACSYS,CDB_SA_COMPARTMENTS,
PUBLIC,CDB_SA_DATA_LABELS,LBACSYS,CDB_SA_DATA_LABELS,
PUBLIC,CDB_SA_GROUP_HIERARCHY,LBACSYS,CDB_SA_GROUP_HIERARCHY,
PUBLIC,CDB_SA_GROUPS,LBACSYS,CDB_SA_GROUPS,
PUBLIC,CDB_SA_LABELS,LBACSYS,CDB_SA_LABELS,
PUBLIC,CDB_SA_LEVELS,LBACSYS,CDB_SA_LEVELS,
PUBLIC,CDB_SA_POLICIES,LBACSYS,CDB_SA_POLICIES,
PUBLIC,CDB_SA_PROG_PRIVS,LBACSYS,CDB_SA_PROG_PRIVS,
PUBLIC,CDB_SA_PROGRAMS,LBACSYS,CDB_SA_PROGRAMS,
PUBLIC,CDB_SA_SCHEMA_POLICIES,LBACSYS,CDB_SA_SCHEMA_POLICIES,
PUBLIC,CDB_SA_TABLE_POLICIES,LBACSYS,CDB_SA_TABLE_POLICIES,
PUBLIC,CDB_SA_USER_COMPARTMENTS,LBACSYS,CDB_SA_USER_COMPARTMENTS,
PUBLIC,CDB_SA_USER_GROUPS,LBACSYS,CDB_SA_USER_GROUPS,
PUBLIC,CDB_SA_USER_LABELS,LBACSYS,CDB_SA_USER_LABELS,
PUBLIC,CDB_SA_USER_LEVELS,LBACSYS,CDB_SA_USER_LEVELS,
PUBLIC,CDB_SA_USER_PRIVS,LBACSYS,CDB_SA_USER_PRIVS,
PUBLIC,CDB_SA_USERS,LBACSYS,CDB_SA_USERS,
PUBLIC,CDB_SCHEDULER_CHAIN_RULES,SYS,CDB_SCHEDULER_CHAIN_RULES,
PUBLIC,CDB_SCHEDULER_CHAINS,SYS,CDB_SCHEDULER_CHAINS,
PUBLIC,CDB_SCHEDULER_CHAIN_STEPS,SYS,CDB_SCHEDULER_CHAIN_STEPS,
PUBLIC,CDB_SCHEDULER_CREDENTIALS,SYS,CDB_SCHEDULER_CREDENTIALS,
PUBLIC,CDB_SCHEDULER_DB_DESTS,SYS,CDB_SCHEDULER_DB_DESTS,
PUBLIC,CDB_SCHEDULER_DESTS,SYS,CDB_SCHEDULER_DESTS,
PUBLIC,CDB_SCHEDULER_EXTERNAL_DESTS,SYS,CDB_SCHEDULER_EXTERNAL_DESTS,
PUBLIC,CDB_SCHEDULER_FILE_WATCHERS,SYS,CDB_SCHEDULER_FILE_WATCHERS,
PUBLIC,CDB_SCHEDULER_GLOBAL_ATTRIBUTE,SYS,CDB_SCHEDULER_GLOBAL_ATTRIBUTE,
PUBLIC,CDB_SCHEDULER_GROUP_MEMBERS,SYS,CDB_SCHEDULER_GROUP_MEMBERS,
PUBLIC,CDB_SCHEDULER_GROUPS,SYS,CDB_SCHEDULER_GROUPS,
PUBLIC,CDB_SCHEDULER_INCOMPAT_MEMBER,SYS,CDB_SCHEDULER_INCOMPAT_MEMBER,
PUBLIC,CDB_SCHEDULER_INCOMPATS,SYS,CDB_SCHEDULER_INCOMPATS,
PUBLIC,CDB_SCHEDULER_JOB_ARGS,SYS,CDB_SCHEDULER_JOB_ARGS,
PUBLIC,CDB_SCHEDULER_JOB_CLASSES,SYS,CDB_SCHEDULER_JOB_CLASSES,
PUBLIC,CDB_SCHEDULER_JOB_DESTS,SYS,CDB_SCHEDULER_JOB_DESTS,
PUBLIC,CDB_SCHEDULER_JOB_LOG,SYS,CDB_SCHEDULER_JOB_LOG,
PUBLIC,CDB_SCHEDULER_JOB_ROLES,SYS,CDB_SCHEDULER_JOB_ROLES,
PUBLIC,CDB_SCHEDULER_JOB_RUN_DETAILS,SYS,CDB_SCHEDULER_JOB_RUN_DETAILS,
PUBLIC,CDB_SCHEDULER_JOBS,SYS,CDB_SCHEDULER_JOBS,
PUBLIC,CDB_SCHEDULER_NOTIFICATIONS,SYS,CDB_SCHEDULER_NOTIFICATIONS,
PUBLIC,CDB_SCHEDULER_PROGRAM_ARGS,SYS,CDB_SCHEDULER_PROGRAM_ARGS,
PUBLIC,CDB_SCHEDULER_PROGRAMS,SYS,CDB_SCHEDULER_PROGRAMS,
PUBLIC,CDB_SCHEDULER_REMOTE_DATABASES,SYS,CDB_SCHEDULER_REMOTE_DATABASES,
PUBLIC,CDB_SCHEDULER_REMOTE_JOBSTATE,SYS,CDB_SCHEDULER_REMOTE_JOBSTATE,
PUBLIC,CDB_SCHEDULER_RESOURCES,SYS,CDB_SCHEDULER_RESOURCES,
PUBLIC,CDB_SCHEDULER_RSC_CONSTRAINTS,SYS,CDB_SCHEDULER_RSC_CONSTRAINTS,
PUBLIC,CDB_SCHEDULER_RUNNING_CHAINS,SYS,CDB_SCHEDULER_RUNNING_CHAINS,
PUBLIC,CDB_SCHEDULER_RUNNING_JOBS,SYS,CDB_SCHEDULER_RUNNING_JOBS,
PUBLIC,CDB_SCHEDULER_SCHEDULES,SYS,CDB_SCHEDULER_SCHEDULES,
PUBLIC,CDB_SCHEDULER_WINDOW_DETAILS,SYS,CDB_SCHEDULER_WINDOW_DETAILS,
PUBLIC,CDB_SCHEDULER_WINDOW_GROUPS,SYS,CDB_SCHEDULER_WINDOW_GROUPS,
PUBLIC,CDB_SCHEDULER_WINDOW_LOG,SYS,CDB_SCHEDULER_WINDOW_LOG,
PUBLIC,CDB_SCHEDULER_WINDOWS,SYS,CDB_SCHEDULER_WINDOWS,
PUBLIC,CDB_SCHEDULER_WINGROUP_MEMBERS,SYS,CDB_SCHEDULER_WINGROUP_MEMBERS,
PUBLIC,CDB_SECONDARY_OBJECTS,SYS,CDB_SECONDARY_OBJECTS,
PUBLIC,CDB_SEC_RELEVANT_COLS,SYS,CDB_SEC_RELEVANT_COLS,
PUBLIC,CDB_SEGMENTS,SYS,CDB_SEGMENTS,
PUBLIC,CDB_SEGMENTS_OLD,SYS,CDB_SEGMENTS_OLD,
PUBLIC,CDB_SENSITIVE_COLUMN_TYPES,SYS,CDB_SENSITIVE_COLUMN_TYPES,
PUBLIC,CDB_SENSITIVE_DATA,SYS,CDB_SENSITIVE_DATA,
PUBLIC,CDB_SEQUENCES,SYS,CDB_SEQUENCES,
PUBLIC,CDB_SERVER_REGISTRY,SYS,CDB_SERVER_REGISTRY,
PUBLIC,CDB_SERVICES,SYS,CDB_SERVICES,
PUBLIC,CDB_SNAPSHOT_LOGS,SYS,CDB_SNAPSHOT_LOGS,
PUBLIC,CDB_SNAPSHOTS,SYS,CDB_SNAPSHOTS,
PUBLIC,CDB_SOURCE,SYS,CDB_SOURCE,
PUBLIC,CDB_SOURCE_AE,SYS,CDB_SOURCE_AE,
PUBLIC,CDB_SQLJ_TYPE_ATTRS,SYS,CDB_SQLJ_TYPE_ATTRS,
PUBLIC,CDB_SQLJ_TYPE_METHODS,SYS,CDB_SQLJ_TYPE_METHODS,
PUBLIC,CDB_SQLJ_TYPES,SYS,CDB_SQLJ_TYPES,
PUBLIC,CDB_SQL_MANAGEMENT_CONFIG,SYS,CDB_SQL_MANAGEMENT_CONFIG,
PUBLIC,CDB_SQL_MONITOR_USAGE,SYS,CDB_SQL_MONITOR_USAGE,
PUBLIC,CDB_SQL_PATCHES,SYS,CDB_SQL_PATCHES,
PUBLIC,CDB_SQL_PLAN_BASELINES,SYS,CDB_SQL_PLAN_BASELINES,
PUBLIC,CDB_SQL_PLAN_DIRECTIVES,SYS,CDB_SQL_PLAN_DIRECTIVES,
PUBLIC,CDB_SQL_PLAN_DIR_OBJECTS,SYS,CDB_SQL_PLAN_DIR_OBJECTS,
PUBLIC,CDB_SQL_PROFILES,SYS,CDB_SQL_PROFILES,
PUBLIC,CDB_SQL_QUARANTINE,SYS,CDB_SQL_QUARANTINE,
PUBLIC,CDB_SQLSET,SYS,CDB_SQLSET,
PUBLIC,CDB_SQLSET_BINDS,SYS,CDB_SQLSET_BINDS,
PUBLIC,CDB_SQLSET_PLANS,SYS,CDB_SQLSET_PLANS,
PUBLIC,CDB_SQLSET_REFERENCES,SYS,CDB_SQLSET_REFERENCES,
PUBLIC,CDB_SQLSET_STATEMENTS,SYS,CDB_SQLSET_STATEMENTS,
PUBLIC,CDB_SQL_TRANSLATION_PROFILES,SYS,CDB_SQL_TRANSLATION_PROFILES,
PUBLIC,CDB_SQL_TRANSLATIONS,SYS,CDB_SQL_TRANSLATIONS,
PUBLIC,CDB_SQLTUNE_BINDS,SYS,CDB_SQLTUNE_BINDS,
PUBLIC,CDB_SQLTUNE_PLANS,SYS,CDB_SQLTUNE_PLANS,
PUBLIC,CDB_SQLTUNE_RATIONALE_PLAN,SYS,CDB_SQLTUNE_RATIONALE_PLAN,
PUBLIC,CDB_SQLTUNE_STATISTICS,SYS,CDB_SQLTUNE_STATISTICS,
PUBLIC,CDB_SR_GRP_STATUS,SYS,CDB_SR_GRP_STATUS,
PUBLIC,CDB_SR_GRP_STATUS_ALL,SYS,CDB_SR_GRP_STATUS_ALL,
PUBLIC,CDB_SR_OBJ,SYS,CDB_SR_OBJ,
PUBLIC,CDB_SR_OBJ_ALL,SYS,CDB_SR_OBJ_ALL,
PUBLIC,CDB_SR_OBJ_STATUS,SYS,CDB_SR_OBJ_STATUS,
PUBLIC,CDB_SR_OBJ_STATUS_ALL,SYS,CDB_SR_OBJ_STATUS_ALL,
PUBLIC,CDB_SR_PARTN_OPS,SYS,CDB_SR_PARTN_OPS,
PUBLIC,CDB_SR_STLOG_EXCEPTIONS,SYS,CDB_SR_STLOG_EXCEPTIONS,
PUBLIC,CDB_SR_STLOG_STATS,SYS,CDB_SR_STLOG_STATS,
PUBLIC,CDB_SSCR_CAPTURE,SYS,CDB_SSCR_CAPTURE,
PUBLIC,CDB_SSCR_RESTORE,SYS,CDB_SSCR_RESTORE,
PUBLIC,CDB_STATEMENTS,SYS,CDB_STATEMENTS,
PUBLIC,CDB_STAT_EXTENSIONS,SYS,CDB_STAT_EXTENSIONS,
PUBLIC,CDB_STMT_AUDIT_OPTS,SYS,CDB_STMT_AUDIT_OPTS,
PUBLIC,CDB_STORED_SETTINGS,SYS,CDB_STORED_SETTINGS,
PUBLIC,CDB_STREAMS_ADD_COLUMN,SYS,CDB_STREAMS_ADD_COLUMN,
PUBLIC,CDB_STREAMS_ADMINISTRATOR,SYS,CDB_STREAMS_ADMINISTRATOR,
PUBLIC,CDB_STREAMS_COLUMNS,SYS,CDB_STREAMS_COLUMNS,
PUBLIC,CDB_STREAMS_DELETE_COLUMN,SYS,CDB_STREAMS_DELETE_COLUMN,
PUBLIC,CDB_STREAMS_GLOBAL_RULES,SYS,CDB_STREAMS_GLOBAL_RULES,
PUBLIC,CDB_STREAMS_KEEP_COLUMNS,SYS,CDB_STREAMS_KEEP_COLUMNS,
PUBLIC,CDB_STREAMS_MESSAGE_CONSUMERS,SYS,CDB_STREAMS_MESSAGE_CONSUMERS,
PUBLIC,CDB_STREAMS_MESSAGE_RULES,SYS,CDB_STREAMS_MESSAGE_RULES,
PUBLIC,CDB_STREAMS_NEWLY_SUPPORTED,SYS,CDB_STREAMS_NEWLY_SUPPORTED,
PUBLIC,CDB_STREAMS_RENAME_COLUMN,SYS,CDB_STREAMS_RENAME_COLUMN,
PUBLIC,CDB_STREAMS_RENAME_SCHEMA,SYS,CDB_STREAMS_RENAME_SCHEMA,
PUBLIC,CDB_STREAMS_RENAME_TABLE,SYS,CDB_STREAMS_RENAME_TABLE,
PUBLIC,CDB_STREAMS_RULES,SYS,CDB_STREAMS_RULES,
PUBLIC,CDB_STREAMS_SCHEMA_RULES,SYS,CDB_STREAMS_SCHEMA_RULES,
PUBLIC,CDB_STREAMS_SPLIT_MERGE,SYS,CDB_STREAMS_SPLIT_MERGE,
PUBLIC,CDB_STREAMS_SPLIT_MERGE_HIST,SYS,CDB_STREAMS_SPLIT_MERGE_HIST,
PUBLIC,CDB_STREAMS_STMT_HANDLERS,SYS,CDB_STREAMS_STMT_HANDLERS,
PUBLIC,CDB_STREAMS_STMTS,SYS,CDB_STREAMS_STMTS,
PUBLIC,CDB_STREAMS_TABLE_RULES,SYS,CDB_STREAMS_TABLE_RULES,
PUBLIC,CDB_STREAMS_TP_COMPONENT,SYS,CDB_STREAMS_TP_COMPONENT,
PUBLIC,CDB_STREAMS_TP_COMPONENT_LINK,SYS,CDB_STREAMS_TP_COMPONENT_LINK,
PUBLIC,CDB_STREAMS_TP_COMPONENT_STAT,SYS,CDB_STREAMS_TP_COMPONENT_STAT,
PUBLIC,CDB_STREAMS_TP_DATABASE,SYS,CDB_STREAMS_TP_DATABASE,
PUBLIC,CDB_STREAMS_TP_PATH_BOTTLENECK,SYS,CDB_STREAMS_TP_PATH_BOTTLENECK,
PUBLIC,CDB_STREAMS_TP_PATH_STAT,SYS,CDB_STREAMS_TP_PATH_STAT,
PUBLIC,CDB_STREAMS_TRANSFORMATIONS,SYS,CDB_STREAMS_TRANSFORMATIONS,
PUBLIC,CDB_STREAMS_TRANSFORM_FUNCTION,SYS,CDB_STREAMS_TRANSFORM_FUNCTION,
PUBLIC,CDB_STREAMS_UNSUPPORTED,SYS,CDB_STREAMS_UNSUPPORTED,
PUBLIC,CDB_SUBPART_COL_STATISTICS,SYS,CDB_SUBPART_COL_STATISTICS,
PUBLIC,CDB_SUBPART_HISTOGRAMS,SYS,CDB_SUBPART_HISTOGRAMS,
PUBLIC,CDB_SUBPARTITION_TEMPLATES,SYS,CDB_SUBPARTITION_TEMPLATES,
PUBLIC,CDB_SUBPART_KEY_COLUMNS,SYS,CDB_SUBPART_KEY_COLUMNS,
PUBLIC,CDB_SUBSCR_DUR_REGISTRATIONS,SYS,CDB_SUBSCR_DUR_REGISTRATIONS,
PUBLIC,CDB_SUBSCR_REGISTRATIONS,SYS,CDB_SUBSCR_REGISTRATIONS,
PUBLIC,CDB_SUMMARIES,SYS,CDB_SUMMARIES,
PUBLIC,CDB_SUMMARY_AGGREGATES,SYS,CDB_SUMMARY_AGGREGATES,
PUBLIC,CDB_SUMMARY_DETAIL_TABLES,SYS,CDB_SUMMARY_DETAIL_TABLES,
PUBLIC,CDB_SUMMARY_JOINS,SYS,CDB_SUMMARY_JOINS,
PUBLIC,CDB_SUMMARY_KEYS,SYS,CDB_SUMMARY_KEYS,
PUBLIC,CDB_SUPPLEMENTAL_LOGGING,SYS,CDB_SUPPLEMENTAL_LOGGING,
PUBLIC,CDB_SYNC_CAPTURE,SYS,CDB_SYNC_CAPTURE,
PUBLIC,CDB_SYNC_CAPTURE_PREPARED_TABS,SYS,CDB_SYNC_CAPTURE_PREPARED_TABS,
PUBLIC,CDB_SYNC_CAPTURE_TABLES,SYS,CDB_SYNC_CAPTURE_TABLES,
PUBLIC,CDB_SYNONYMS,SYS,CDB_SYNONYMS,
PUBLIC,CDB_SYS_PRIVS,SYS,CDB_SYS_PRIVS,
PUBLIC,CDB_TAB_COLS,SYS,CDB_TAB_COLS,
PUBLIC,CDB_TAB_COL_STATISTICS,SYS,CDB_TAB_COL_STATISTICS,
PUBLIC,CDB_TAB_COLUMNS,SYS,CDB_TAB_COLUMNS,
PUBLIC,CDB_TAB_COMMENTS,SYS,CDB_TAB_COMMENTS,
PUBLIC,CDB_TAB_HISTGRM_PENDING_STATS,SYS,CDB_TAB_HISTGRM_PENDING_STATS,
PUBLIC,CDB_TAB_HISTOGRAMS,SYS,CDB_TAB_HISTOGRAMS,
PUBLIC,CDB_TAB_IDENTITY_COLS,SYS,CDB_TAB_IDENTITY_COLS,
PUBLIC,CDB_TABLES,SYS,CDB_TABLES,
PUBLIC,CDB_TABLESPACE_GROUPS,SYS,CDB_TABLESPACE_GROUPS,
PUBLIC,CDB_TABLESPACES,SYS,CDB_TABLESPACES,
PUBLIC,CDB_TABLESPACE_THRESHOLDS,SYS,CDB_TABLESPACE_THRESHOLDS,
PUBLIC,CDB_TABLESPACE_USAGE_METRICS,SYS,CDB_TABLESPACE_USAGE_METRICS,
PUBLIC,CDB_TAB_MODIFICATIONS,SYS,CDB_TAB_MODIFICATIONS,
PUBLIC,CDB_TAB_PARTITIONS,SYS,CDB_TAB_PARTITIONS,
PUBLIC,CDB_TAB_PENDING_STATS,SYS,CDB_TAB_PENDING_STATS,
PUBLIC,CDB_TAB_PRIVS,SYS,CDB_TAB_PRIVS,
PUBLIC,CDB_TAB_STATISTICS,SYS,CDB_TAB_STATISTICS,
PUBLIC,CDB_TAB_STAT_PREFS,SYS,CDB_TAB_STAT_PREFS,
PUBLIC,CDB_TAB_STATS_HISTORY,SYS,CDB_TAB_STATS_HISTORY,
PUBLIC,CDB_TAB_SUBPARTITIONS,SYS,CDB_TAB_SUBPARTITIONS,
PUBLIC,CDB_TEMP_FILES,SYS,CDB_TEMP_FILES,
PUBLIC,CDB_TEMP_FREE_SPACE,SYS,CDB_TEMP_FREE_SPACE,
PUBLIC,CDB_THRESHOLDS,SYS,CDB_THRESHOLDS,
PUBLIC,CDB_TRANSFORMATIONS,SYS,CDB_TRANSFORMATIONS,
PUBLIC,CDB_TRIGGER_COLS,SYS,CDB_TRIGGER_COLS,
PUBLIC,CDB_TRIGGER_ORDERING,SYS,CDB_TRIGGER_ORDERING,
PUBLIC,CDB_TRIGGERS,SYS,CDB_TRIGGERS,
PUBLIC,CDB_TRIGGERS_AE,SYS,CDB_TRIGGERS_AE,
PUBLIC,CDB_TSDP_IMPORT_ERRORS,SYS,CDB_TSDP_IMPORT_ERRORS,
PUBLIC,CDB_TSDP_POLICY_CONDITION,SYS,CDB_TSDP_POLICY_CONDITION,
PUBLIC,CDB_TSDP_POLICY_FEATURE,SYS,CDB_TSDP_POLICY_FEATURE,
PUBLIC,CDB_TSDP_POLICY_PARAMETER,SYS,CDB_TSDP_POLICY_PARAMETER,
PUBLIC,CDB_TSDP_POLICY_PROTECTION,SYS,CDB_TSDP_POLICY_PROTECTION,
PUBLIC,CDB_TSDP_POLICY_TYPE,SYS,CDB_TSDP_POLICY_TYPE,
PUBLIC,CDB_TSM_DESTINATION,SYS,CDB_TSM_DESTINATION,
PUBLIC,CDB_TSM_HISTORY,SYS,CDB_TSM_HISTORY,
PUBLIC,CDB_TSM_SOURCE,SYS,CDB_TSM_SOURCE,
PUBLIC,CDB_TS_QUOTAS,SYS,CDB_TS_QUOTAS,
PUBLIC,CDB_TSTZ_TAB_COLS,SYS,CDB_TSTZ_TAB_COLS,
PUBLIC,CDB_TSTZ_TABLES,SYS,CDB_TSTZ_TABLES,
PUBLIC,CDB_TUNE_MVIEW,SYS,CDB_TUNE_MVIEW,
PUBLIC,CDB_TYPE_ATTRS,SYS,CDB_TYPE_ATTRS,
PUBLIC,CDB_TYPE_METHODS,SYS,CDB_TYPE_METHODS,
PUBLIC,CDB_TYPES,SYS,CDB_TYPES,
PUBLIC,CDB_TYPE_VERSIONS,SYS,CDB_TYPE_VERSIONS,
PUBLIC,CDB_UNDO_EXTENTS,SYS,CDB_UNDO_EXTENTS,
PUBLIC,CDB_UNIFIED_AUDIT_TRAIL,AUDSYS,CDB_UNIFIED_AUDIT_TRAIL,
PUBLIC,CDB_UNUSED_COL_TABS,SYS,CDB_UNUSED_COL_TABS,
PUBLIC,CDB_UNUSED_GRANTS,SYS,CDB_UNUSED_GRANTS,
PUBLIC,CDB_UNUSED_OBJPRIVS,SYS,CDB_UNUSED_OBJPRIVS,
PUBLIC,CDB_UNUSED_OBJPRIVS_PATH,SYS,CDB_UNUSED_OBJPRIVS_PATH,
PUBLIC,CDB_UNUSED_PRIVS,SYS,CDB_UNUSED_PRIVS,
PUBLIC,CDB_UNUSED_SYSPRIVS,SYS,CDB_UNUSED_SYSPRIVS,
PUBLIC,CDB_UNUSED_SYSPRIVS_PATH,SYS,CDB_UNUSED_SYSPRIVS_PATH,
PUBLIC,CDB_UNUSED_USERPRIVS,SYS,CDB_UNUSED_USERPRIVS,
PUBLIC,CDB_UNUSED_USERPRIVS_PATH,SYS,CDB_UNUSED_USERPRIVS_PATH,
PUBLIC,CDB_UPDATABLE_COLUMNS,SYS,CDB_UPDATABLE_COLUMNS,
PUBLIC,CDB_UPGRADE_ERRORS,SYS,CDB_UPGRADE_ERRORS,
PUBLIC,CDB_USED_OBJPRIVS,SYS,CDB_USED_OBJPRIVS,
PUBLIC,CDB_USED_OBJPRIVS_PATH,SYS,CDB_USED_OBJPRIVS_PATH,
PUBLIC,CDB_USED_PRIVS,SYS,CDB_USED_PRIVS,
PUBLIC,CDB_USED_PUBPRIVS,SYS,CDB_USED_PUBPRIVS,
PUBLIC,CDB_USED_SYSPRIVS,SYS,CDB_USED_SYSPRIVS,
PUBLIC,CDB_USED_SYSPRIVS_PATH,SYS,CDB_USED_SYSPRIVS_PATH,
PUBLIC,CDB_USED_USERPRIVS,SYS,CDB_USED_USERPRIVS,
PUBLIC,CDB_USED_USERPRIVS_PATH,SYS,CDB_USED_USERPRIVS_PATH,
PUBLIC,CDB_USERS,SYS,CDB_USERS,
PUBLIC,CDB_USERS_WITH_DEFPWD,SYS,CDB_USERS_WITH_DEFPWD,
PUBLIC,CDB_USTATS,SYS,CDB_USTATS,
PUBLIC,CDB_VARRAYS,SYS,CDB_VARRAYS,
PUBLIC,CDB_VIEWS,SYS,CDB_VIEWS,
PUBLIC,CDB_VIEWS_AE,SYS,CDB_VIEWS_AE,
PUBLIC,CDB_WAITERS,SYS,CDB_WAITERS,
PUBLIC,CDB_WALLET_ACES,SYS,CDB_WALLET_ACES,
PUBLIC,CDB_WALLET_ACLS,SYS,CDB_WALLET_ACLS,
PUBLIC,CDB_WARNING_SETTINGS,SYS,CDB_WARNING_SETTINGS,
PUBLIC,CDB_WI_CAPTURE_FILES,SYS,CDB_WI_CAPTURE_FILES,
PUBLIC,CDB_WI_JOBS,SYS,CDB_WI_JOBS,
PUBLIC,CDB_WI_OBJECTS,SYS,CDB_WI_OBJECTS,
PUBLIC,CDB_WI_PATTERN_ITEMS,SYS,CDB_WI_PATTERN_ITEMS,
PUBLIC,CDB_WI_PATTERNS,SYS,CDB_WI_PATTERNS,
PUBLIC,CDB_WI_STATEMENTS,SYS,CDB_WI_STATEMENTS,
PUBLIC,CDB_WI_TEMPLATE_EXECUTIONS,SYS,CDB_WI_TEMPLATE_EXECUTIONS,
PUBLIC,CDB_WI_TEMPLATES,SYS,CDB_WI_TEMPLATES,
PUBLIC,CDB_WM_SYS_PRIVS,WMSYS,CDB_WM_SYS_PRIVS,
PUBLIC,CDB_WM_VERSIONED_TABLES,WMSYS,CDB_WM_VERSIONED_TABLES,
PUBLIC,CDB_WM_VT_ERRORS,WMSYS,CDB_WM_VT_ERRORS,
PUBLIC,CDB_WORKLOAD_ACTIVE_USER_MAP,SYS,CDB_WORKLOAD_ACTIVE_USER_MAP,
PUBLIC,CDB_WORKLOAD_CAPTURES,SYS,CDB_WORKLOAD_CAPTURES,
PUBLIC,CDB_WORKLOAD_CONNECTION_MAP,SYS,CDB_WORKLOAD_CONNECTION_MAP,
PUBLIC,CDB_WORKLOAD_DIV_SUMMARY,SYS,CDB_WORKLOAD_DIV_SUMMARY,
PUBLIC,CDB_WORKLOAD_FILTERS,SYS,CDB_WORKLOAD_FILTERS,
PUBLIC,CDB_WORKLOAD_GROUP_ASSIGNMENTS,SYS,CDB_WORKLOAD_GROUP_ASSIGNMENTS,
PUBLIC,CDB_WORKLOAD_REPLAY_CLIENTS,SYS,CDB_WORKLOAD_REPLAY_CLIENTS,
PUBLIC,CDB_WORKLOAD_REPLAY_DIVERGENCE,SYS,CDB_WORKLOAD_REPLAY_DIVERGENCE,
PUBLIC,CDB_WORKLOAD_REPLAY_FILTER_SET,SYS,CDB_WORKLOAD_REPLAY_FILTER_SET,
PUBLIC,CDB_WORKLOAD_REPLAY_IFSLA,SYS,CDB_WORKLOAD_REPLAY_IFSLA,
PUBLIC,CDB_WORKLOAD_REPLAYS,SYS,CDB_WORKLOAD_REPLAYS,
PUBLIC,CDB_WORKLOAD_REPLAY_SCHEDULES,SYS,CDB_WORKLOAD_REPLAY_SCHEDULES,
PUBLIC,CDB_WORKLOAD_REPLAY_THREAD,SYS,CDB_WORKLOAD_REPLAY_THREAD,
PUBLIC,CDB_WORKLOAD_SCHEDULE_CAPTURES,SYS,CDB_WORKLOAD_SCHEDULE_CAPTURES,
PUBLIC,CDB_WORKLOAD_SCHEDULE_ORDERING,SYS,CDB_WORKLOAD_SCHEDULE_ORDERING,
PUBLIC,CDB_WORKLOAD_SQL_MAP,SYS,CDB_WORKLOAD_SQL_MAP,
PUBLIC,CDB_WORKLOAD_TRACKED_COMMITS,SYS,CDB_WORKLOAD_TRACKED_COMMITS,
PUBLIC,CDB_WORKLOAD_USER_MAP,SYS,CDB_WORKLOAD_USER_MAP,
PUBLIC,CDB_WORKSPACE_PRIVS,WMSYS,CDB_WORKSPACE_PRIVS,
PUBLIC,CDB_WORKSPACES,WMSYS,CDB_WORKSPACES,
PUBLIC,CDB_WORKSPACE_SAVEPOINTS,WMSYS,CDB_WORKSPACE_SAVEPOINTS,
PUBLIC,CDB_WORKSPACE_SESSIONS,WMSYS,CDB_WORKSPACE_SESSIONS,
PUBLIC,CDB_XDS_ACL_REFRESH,SYS,CDB_XDS_ACL_REFRESH,
PUBLIC,CDB_XDS_ACL_REFSTAT,SYS,CDB_XDS_ACL_REFSTAT,
PUBLIC,CDB_XDS_LATEST_ACL_REFSTAT,SYS,CDB_XDS_LATEST_ACL_REFSTAT,
PUBLIC,CDB_XML_INDEXES,SYS,CDB_XML_INDEXES,
PUBLIC,CDB_XML_NESTED_TABLES,SYS,CDB_XML_NESTED_TABLES,
PUBLIC,CDB_XML_OUT_OF_LINE_TABLES,SYS,CDB_XML_OUT_OF_LINE_TABLES,
PUBLIC,CDB_XML_SCHEMA_ATTRIBUTES,SYS,CDB_XML_SCHEMA_ATTRIBUTES,
PUBLIC,CDB_XML_SCHEMA_COMPLEX_TYPES,SYS,CDB_XML_SCHEMA_COMPLEX_TYPES,
PUBLIC,CDB_XML_SCHEMA_DEPENDENCY,SYS,CDB_XML_SCHEMA_DEPENDENCY,
PUBLIC,CDB_XML_SCHEMA_ELEMENTS,SYS,CDB_XML_SCHEMA_ELEMENTS,
PUBLIC,CDB_XML_SCHEMA_IMPORTS,SYS,CDB_XML_SCHEMA_IMPORTS,
PUBLIC,CDB_XML_SCHEMA_INCLUDES,SYS,CDB_XML_SCHEMA_INCLUDES,
PUBLIC,CDB_XMLSCHEMA_LEVEL_VIEW,SYS,CDB_XMLSCHEMA_LEVEL_VIEW,
PUBLIC,CDB_XMLSCHEMA_LEVEL_VIEW_DUP,SYS,CDB_XMLSCHEMA_LEVEL_VIEW_DUP,
PUBLIC,CDB_XML_SCHEMA_NAMESPACES,SYS,CDB_XML_SCHEMA_NAMESPACES,
PUBLIC,CDB_XML_SCHEMAS,SYS,CDB_XML_SCHEMAS,
PUBLIC,CDB_XML_SCHEMA_SIMPLE_TYPES,SYS,CDB_XML_SCHEMA_SIMPLE_TYPES,
PUBLIC,CDB_XML_SCHEMA_SUBSTGRP_HEAD,SYS,CDB_XML_SCHEMA_SUBSTGRP_HEAD,
PUBLIC,CDB_XML_SCHEMA_SUBSTGRP_MBRS,SYS,CDB_XML_SCHEMA_SUBSTGRP_MBRS,
PUBLIC,CDB_XML_TAB_COLS,SYS,CDB_XML_TAB_COLS,
PUBLIC,CDB_XML_TABLES,SYS,CDB_XML_TABLES,
PUBLIC,CDB_XMLTYPE_COLS,SYS,CDB_XMLTYPE_COLS,
PUBLIC,CDB_XML_VIEW_COLS,SYS,CDB_XML_VIEW_COLS,
PUBLIC,CDB_XML_VIEWS,SYS,CDB_XML_VIEWS,
PUBLIC,CDB_XS_ACES,SYS,CDB_XS_ACES,
PUBLIC,CDB_XS_ACL_PARAMETERS,SYS,CDB_XS_ACL_PARAMETERS,
PUBLIC,CDB_XS_ACLS,SYS,CDB_XS_ACLS,
PUBLIC,CDB_XS_ACTIVE_SESSIONS,SYS,CDB_XS_ACTIVE_SESSIONS,
PUBLIC,CDB_XS_APPLIED_POLICIES,SYS,CDB_XS_APPLIED_POLICIES,
PUBLIC,CDB_XS_AUDIT_POLICY_OPTIONS,SYS,CDB_XS_AUDIT_POLICY_OPTIONS,
PUBLIC,CDB_XS_AUDIT_TRAIL,AUDSYS,CDB_XS_AUDIT_TRAIL,
PUBLIC,CDB_XS_COLUMN_CONSTRAINTS,SYS,CDB_XS_COLUMN_CONSTRAINTS,
PUBLIC,CDB_XS_DYNAMIC_ROLES,SYS,CDB_XS_DYNAMIC_ROLES,
PUBLIC,CDB_XS_ENABLED_AUDIT_POLICIES,SYS,CDB_XS_ENABLED_AUDIT_POLICIES,
PUBLIC,CDB_XS_ENB_AUDIT_POLICIES,SYS,CDB_XS_ENABLED_AUDIT_POLICIES,
PUBLIC,CDB_XS_EXTERNAL_PRINCIPALS,SYS,CDB_XS_EXTERNAL_PRINCIPALS,
PUBLIC,CDB_XS_IMPLIED_PRIVILEGES,SYS,CDB_XS_IMPLIED_PRIVILEGES,
PUBLIC,CDB_XS_INHERITED_REALMS,SYS,CDB_XS_INHERITED_REALMS,
PUBLIC,CDB_XS_MODIFIED_POLICIES,SYS,CDB_XS_MODIFIED_POLICIES,
PUBLIC,CDB_XS_NS_TEMPLATE_ATTRIBUTES,SYS,CDB_XS_NS_TEMPLATE_ATTRIBUTES,
PUBLIC,CDB_XS_NS_TEMPLATES,SYS,CDB_XS_NS_TEMPLATES,
PUBLIC,CDB_XS_OBJECTS,SYS,CDB_XS_OBJECTS,
PUBLIC,CDB_XS_POLICIES,SYS,CDB_XS_POLICIES,
PUBLIC,CDB_XS_PRINCIPALS,SYS,CDB_XS_PRINCIPALS,
PUBLIC,CDB_XS_PRIVILEGE_GRANTS,SYS,CDB_XS_PRIVILEGE_GRANTS,
PUBLIC,CDB_XS_PRIVILEGES,SYS,CDB_XS_PRIVILEGES,
PUBLIC,CDB_XS_PROXY_ROLES,SYS,CDB_XS_PROXY_ROLES,
PUBLIC,CDB_XS_REALM_CONSTRAINTS,SYS,CDB_XS_REALM_CONSTRAINTS,
PUBLIC,CDB_XS_ROLE_GRANTS,SYS,CDB_XS_ROLE_GRANTS,
PUBLIC,CDB_XS_ROLES,SYS,CDB_XS_ROLES,
PUBLIC,CDB_XS_SECURITY_CLASS_DEP,SYS,CDB_XS_SECURITY_CLASS_DEP,
PUBLIC,CDB_XS_SECURITY_CLASSES,SYS,CDB_XS_SECURITY_CLASSES,
PUBLIC,CDB_XS_SESSION_NS_ATTRIBUTES,SYS,CDB_XS_SESSION_NS_ATTRIBUTES,
PUBLIC,CDB_XS_SESSION_ROLES,SYS,CDB_XS_SESSION_ROLES,
PUBLIC,CDB_XS_SESSIONS,SYS,CDB_XS_SESSIONS,
PUBLIC,CDB_XSTREAM_ADMINISTRATOR,SYS,CDB_XSTREAM_ADMINISTRATOR,
PUBLIC,CDB_XSTREAM_INBOUND,SYS,CDB_XSTREAM_INBOUND,
PUBLIC,CDB_XSTREAM_INBOUND_PROGRESS,SYS,CDB_XSTREAM_INBOUND_PROGRESS,
PUBLIC,CDB_XSTREAM_OUTBOUND,SYS,CDB_XSTREAM_OUTBOUND,
PUBLIC,CDB_XSTREAM_OUTBOUND_PROGRESS,SYS,CDB_XSTREAM_OUTBOUND_PROGRESS,
PUBLIC,CDB_XSTREAM_OUT_SUPPORT_MODE,SYS,CDB_XSTREAM_OUT_SUPPORT_MODE,
PUBLIC,CDB_XSTREAM_RULES,SYS,CDB_XSTREAM_RULES,
PUBLIC,CDB_XSTREAM_SPLIT_MERGE,SYS,CDB_XSTREAM_SPLIT_MERGE,
PUBLIC,CDB_XSTREAM_SPLIT_MERGE_HIST,SYS,CDB_XSTREAM_SPLIT_MERGE_HIST,
PUBLIC,CDB_XSTREAM_STMT_HANDLERS,SYS,CDB_XSTREAM_STMT_HANDLERS,
PUBLIC,CDB_XSTREAM_STMTS,SYS,CDB_XSTREAM_STMTS,
PUBLIC,CDB_XSTREAM_TRANSFORMATIONS,SYS,CDB_XSTREAM_TRANSFORMATIONS,
PUBLIC,CDB_XS_USERS,SYS,CDB_XS_USERS,
PUBLIC,CDB_XTERNAL_LOC_PARTITIONS,SYS,CDB_XTERNAL_LOC_PARTITIONS,
PUBLIC,CDB_XTERNAL_LOC_SUBPARTITIONS,SYS,CDB_XTERNAL_LOC_SUBPARTITIONS,
PUBLIC,CDB_XTERNAL_PART_TABLES,SYS,CDB_XTERNAL_PART_TABLES,
PUBLIC,CDB_XTERNAL_TAB_PARTITIONS,SYS,CDB_XTERNAL_TAB_PARTITIONS,
PUBLIC,CDB_XTERNAL_TAB_SUBPARTITIONS,SYS,CDB_XTERNAL_TAB_SUBPARTITIONS,
PUBLIC,CDB_ZONEMAP_AUTO_ACTIONS,SYS,CDB_ZONEMAP_AUTO_ACTIONS,
PUBLIC,CDB_ZONEMAP_AUTO_FINDINGS,SYS,CDB_ZONEMAP_AUTO_FINDINGS,
PUBLIC,CDB_ZONEMAP_MEASURES,SYS,CDB_ZONEMAP_MEASURES,
PUBLIC,CDB_ZONEMAPS,SYS,CDB_ZONEMAPS,
PUBLIC,CDB_2PC_NEIGHBORS,SYS,CDB_2PC_NEIGHBORS,
PUBLIC,CDB_2PC_PENDING,SYS,CDB_2PC_PENDING,
PUBLIC,CENTROID,MDSYS,OGC_CENTROID,
PUBLIC,CHAR_TO_LABEL,LBACSYS,TO_NUMERIC_LABEL,
PUBLIC,CIRCULARSTRING,MDSYS,ST_CIRCULARSTRING,
PUBLIC,CLIENT_RESULT_CACHE_STATS$,SYS,CRCSTATS_$,
PUBLIC,CLU,SYS,USER_CLUSTERS,
PUBLIC,COL,SYS,COL,
PUBLIC,COLLECT,SYS,SYS_NT_COLLECT,
PUBLIC,COLS,SYS,USER_TAB_COLUMNS,
PUBLIC,COLUMN_PRIVILEGES,SYS,COLUMN_PRIVILEGES,
PUBLIC,COMPOUNDCURVE,MDSYS,ST_COMPOUNDCURVE,
PUBLIC,com/sun/mail/auth/MD4,SYS,com/sun/mail/auth/MD4,
PUBLIC,com/sun/mail/auth/Ntlm,SYS,com/sun/mail/auth/Ntlm,
PUBLIC,com/sun/mail/auth/OAuth2SaslClient,SYS,com/sun/mail/auth/OAuth2SaslClient,
PUBLIC,com/sun/mail/auth/OAuth2SaslClientFactory,SYS,com/sun/mail/auth/OAuth2SaslClientFactory,
PUBLIC,com/sun/mail/auth/OAuth2SaslClientFactory$OAuth2Provider,SYS,com/sun/mail/auth/OAuth2SaslClientFactory$OAuth2Provider,
PUBLIC,com/sun/mail/handlers/handler_base,SYS,com/sun/mail/handlers/handler_base,
PUBLIC,com/sun/mail/handlers/image_gif,SYS,com/sun/mail/handlers/image_gif,
PUBLIC,com/sun/mail/handlers/image_jpeg,SYS,com/sun/mail/handlers/image_jpeg,
PUBLIC,com/sun/mail/handlers/message_rfc822,SYS,com/sun/mail/handlers/message_rfc822,
PUBLIC,com/sun/mail/handlers/multipart_mixed,SYS,com/sun/mail/handlers/multipart_mixed,
PUBLIC,com/sun/mail/handlers/text_html,SYS,com/sun/mail/handlers/text_html,
PUBLIC,com/sun/mail/handlers/text_plain,SYS,com/sun/mail/handlers/text_plain,
PUBLIC,com/sun/mail/handlers/text_plain$NoCloseOutputStream,SYS,com/sun/mail/handlers/text_plain$NoCloseOutputStream,
PUBLIC,com/sun/mail/handlers/text_xml,SYS,com/sun/mail/handlers/text_xml,
PUBLIC,com/sun/mail/iap/Argument,SYS,com/sun/mail/iap/Argument,
PUBLIC,com/sun/mail/iap/AString,SYS,com/sun/mail/iap/AString,
PUBLIC,com/sun/mail/iap/Atom,SYS,com/sun/mail/iap/Atom,
PUBLIC,com/sun/mail/iap/BadCommandException,SYS,com/sun/mail/iap/BadCommandException,
PUBLIC,com/sun/mail/iap/ByteArray,SYS,com/sun/mail/iap/ByteArray,
PUBLIC,com/sun/mail/iap/CommandFailedException,SYS,com/sun/mail/iap/CommandFailedException,
PUBLIC,com/sun/mail/iap/ConnectionException,SYS,com/sun/mail/iap/ConnectionException,
PUBLIC,com/sun/mail/iap/Literal,SYS,com/sun/mail/iap/Literal,
PUBLIC,com/sun/mail/iap/LiteralException,SYS,com/sun/mail/iap/LiteralException,
PUBLIC,com/sun/mail/iap/NString,SYS,com/sun/mail/iap/NString,
PUBLIC,com/sun/mail/iap/ParsingException,SYS,com/sun/mail/iap/ParsingException,
PUBLIC,com/sun/mail/iap/Protocol,SYS,com/sun/mail/iap/Protocol,
PUBLIC,com/sun/mail/iap/ProtocolException,SYS,com/sun/mail/iap/ProtocolException,
PUBLIC,com/sun/mail/iap/Response,SYS,com/sun/mail/iap/Response,
PUBLIC,com/sun/mail/iap/ResponseHandler,SYS,com/sun/mail/iap/ResponseHandler,
PUBLIC,com/sun/mail/iap/ResponseInputStream,SYS,com/sun/mail/iap/ResponseInputStream,
PUBLIC,com/sun/mail/imap/ACL,SYS,com/sun/mail/imap/ACL,
PUBLIC,com/sun/mail/imap/AppendUID,SYS,com/sun/mail/imap/AppendUID,
PUBLIC,com/sun/mail/imap/CopyUID,SYS,com/sun/mail/imap/CopyUID,
PUBLIC,com/sun/mail/imap/DefaultFolder,SYS,com/sun/mail/imap/DefaultFolder,
PUBLIC,com/sun/mail/imap/DefaultFolder$1,SYS,com/sun/mail/imap/DefaultFolder$1,
PUBLIC,com/sun/mail/imap/DefaultFolder$2,SYS,com/sun/mail/imap/DefaultFolder$2,
PUBLIC,com/sun/mail/imap/IdleManager,SYS,com/sun/mail/imap/IdleManager,
PUBLIC,com/sun/mail/imap/IdleManager$1,SYS,com/sun/mail/imap/IdleManager$1,
PUBLIC,com/sun/mail/imap/IdleManager$2,SYS,com/sun/mail/imap/IdleManager$2,
PUBLIC,com/sun/mail/imap/IMAPBodyPart,SYS,com/sun/mail/imap/IMAPBodyPart,
PUBLIC,com/sun/mail/imap/IMAPFolder,SYS,com/sun/mail/imap/IMAPFolder,
PUBLIC,com/sun/mail/imap/IMAPFolder$FetchProfileItem,SYS,com/sun/mail/imap/IMAPFolder$FetchProfileItem,
PUBLIC,com/sun/mail/imap/IMAPFolder$ProtocolCommand,SYS,com/sun/mail/imap/IMAPFolder$ProtocolCommand,
PUBLIC,com/sun/mail/imap/IMAPFolder$1,SYS,com/sun/mail/imap/IMAPFolder$1,
PUBLIC,com/sun/mail/imap/IMAPFolder$10,SYS,com/sun/mail/imap/IMAPFolder$10,
PUBLIC,com/sun/mail/imap/IMAPFolder$11,SYS,com/sun/mail/imap/IMAPFolder$11,
PUBLIC,com/sun/mail/imap/IMAPFolder$12,SYS,com/sun/mail/imap/IMAPFolder$12,
PUBLIC,com/sun/mail/imap/IMAPFolder$13,SYS,com/sun/mail/imap/IMAPFolder$13,
PUBLIC,com/sun/mail/imap/IMAPFolder$14,SYS,com/sun/mail/imap/IMAPFolder$14,
PUBLIC,com/sun/mail/imap/IMAPFolder$15,SYS,com/sun/mail/imap/IMAPFolder$15,
PUBLIC,com/sun/mail/imap/IMAPFolder$16,SYS,com/sun/mail/imap/IMAPFolder$16,
PUBLIC,com/sun/mail/imap/IMAPFolder$17,SYS,com/sun/mail/imap/IMAPFolder$17,
PUBLIC,com/sun/mail/imap/IMAPFolder$18,SYS,com/sun/mail/imap/IMAPFolder$18,
PUBLIC,com/sun/mail/imap/IMAPFolder$19,SYS,com/sun/mail/imap/IMAPFolder$19,
PUBLIC,com/sun/mail/imap/IMAPFolder$2,SYS,com/sun/mail/imap/IMAPFolder$2,
PUBLIC,com/sun/mail/imap/IMAPFolder$20,SYS,com/sun/mail/imap/IMAPFolder$20,
PUBLIC,com/sun/mail/imap/IMAPFolder$3,SYS,com/sun/mail/imap/IMAPFolder$3,
PUBLIC,com/sun/mail/imap/IMAPFolder$4,SYS,com/sun/mail/imap/IMAPFolder$4,
PUBLIC,com/sun/mail/imap/IMAPFolder$5,SYS,com/sun/mail/imap/IMAPFolder$5,
PUBLIC,com/sun/mail/imap/IMAPFolder$6,SYS,com/sun/mail/imap/IMAPFolder$6,
PUBLIC,com/sun/mail/imap/IMAPFolder$7,SYS,com/sun/mail/imap/IMAPFolder$7,
PUBLIC,com/sun/mail/imap/IMAPFolder$8,SYS,com/sun/mail/imap/IMAPFolder$8,
PUBLIC,com/sun/mail/imap/IMAPFolder$9,SYS,com/sun/mail/imap/IMAPFolder$9,
PUBLIC,com/sun/mail/imap/IMAPInputStream,SYS,com/sun/mail/imap/IMAPInputStream,
PUBLIC,com/sun/mail/imap/IMAPMessage,SYS,com/sun/mail/imap/IMAPMessage,
PUBLIC,com/sun/mail/imap/IMAPMessage$FetchProfileCondition,SYS,com/sun/mail/imap/IMAPMessage$FetchProfileCondition,
PUBLIC,com/sun/mail/imap/IMAPMultipartDataSource,SYS,com/sun/mail/imap/IMAPMultipartDataSource,
PUBLIC,com/sun/mail/imap/IMAPNestedMessage,SYS,com/sun/mail/imap/IMAPNestedMessage,
PUBLIC,com/sun/mail/imap/IMAPProvider,SYS,com/sun/mail/imap/IMAPProvider,
PUBLIC,com/sun/mail/imap/IMAPSSLProvider,SYS,com/sun/mail/imap/IMAPSSLProvider,
PUBLIC,com/sun/mail/imap/IMAPSSLStore,SYS,com/sun/mail/imap/IMAPSSLStore,
PUBLIC,com/sun/mail/imap/IMAPStore,SYS,com/sun/mail/imap/IMAPStore,
PUBLIC,com/sun/mail/imap/IMAPStore$ConnectionPool,SYS,com/sun/mail/imap/IMAPStore$ConnectionPool,
PUBLIC,com/sun/mail/imap/IMAPStore$1,SYS,com/sun/mail/imap/IMAPStore$1,
PUBLIC,com/sun/mail/imap/LengthCounter,SYS,com/sun/mail/imap/LengthCounter,
PUBLIC,com/sun/mail/imap/MessageCache,SYS,com/sun/mail/imap/MessageCache,
PUBLIC,com/sun/mail/imap/MessageLiteral,SYS,com/sun/mail/imap/MessageLiteral,
PUBLIC,com/sun/mail/imap/MessageVanishedEvent,SYS,com/sun/mail/imap/MessageVanishedEvent,
PUBLIC,com/sun/mail/imap/ModifiedSinceTerm,SYS,com/sun/mail/imap/ModifiedSinceTerm,
PUBLIC,com/sun/mail/imap/OlderTerm,SYS,com/sun/mail/imap/OlderTerm,
PUBLIC,com/sun/mail/imap/protocol/BASE64MailboxDecoder,SYS,com/sun/mail/imap/protocol/BASE64MailboxDecoder,
PUBLIC,com/sun/mail/imap/protocol/BASE64MailboxEncoder,SYS,com/sun/mail/imap/protocol/BASE64MailboxEncoder,
PUBLIC,com/sun/mail/imap/protocol/BODY,SYS,com/sun/mail/imap/protocol/BODY,
PUBLIC,com/sun/mail/imap/protocol/BODYSTRUCTURE,SYS,com/sun/mail/imap/protocol/BODYSTRUCTURE,
PUBLIC,com/sun/mail/imap/protocol/ENVELOPE,SYS,com/sun/mail/imap/protocol/ENVELOPE,
PUBLIC,com/sun/mail/imap/protocol/FetchItem,SYS,com/sun/mail/imap/protocol/FetchItem,
PUBLIC,com/sun/mail/imap/protocol/FetchResponse,SYS,com/sun/mail/imap/protocol/FetchResponse,
PUBLIC,com/sun/mail/imap/protocol/FLAGS,SYS,com/sun/mail/imap/protocol/FLAGS,
PUBLIC,com/sun/mail/imap/protocol/ID,SYS,com/sun/mail/imap/protocol/ID,
PUBLIC,com/sun/mail/imap/protocol/IMAPAddress,SYS,com/sun/mail/imap/protocol/IMAPAddress,
PUBLIC,com/sun/mail/imap/protocol/IMAPProtocol,SYS,com/sun/mail/imap/protocol/IMAPProtocol,
PUBLIC,com/sun/mail/imap/protocol/IMAPReferralException,SYS,com/sun/mail/imap/protocol/IMAPReferralException,
PUBLIC,com/sun/mail/imap/protocol/IMAPResponse,SYS,com/sun/mail/imap/protocol/IMAPResponse,
PUBLIC,com/sun/mail/imap/protocol/IMAPSaslAuthenticator,SYS,com/sun/mail/imap/protocol/IMAPSaslAuthenticator,
PUBLIC,com/sun/mail/imap/protocol/IMAPSaslAuthenticator$1,SYS,com/sun/mail/imap/protocol/IMAPSaslAuthenticator$1,
PUBLIC,com/sun/mail/imap/protocol/INTERNALDATE,SYS,com/sun/mail/imap/protocol/INTERNALDATE,
PUBLIC,com/sun/mail/imap/protocol/Item,SYS,com/sun/mail/imap/protocol/Item,
PUBLIC,com/sun/mail/imap/protocol/ListInfo,SYS,com/sun/mail/imap/protocol/ListInfo,
PUBLIC,com/sun/mail/imap/protocol/MailboxInfo,SYS,com/sun/mail/imap/protocol/MailboxInfo,
PUBLIC,com/sun/mail/imap/protocol/MessageSet,SYS,com/sun/mail/imap/protocol/MessageSet,
PUBLIC,com/sun/mail/imap/protocol/MODSEQ,SYS,com/sun/mail/imap/protocol/MODSEQ,
PUBLIC,com/sun/mail/imap/protocol/Namespaces,SYS,com/sun/mail/imap/protocol/Namespaces,
PUBLIC,com/sun/mail/imap/protocol/Namespaces$Namespace,SYS,com/sun/mail/imap/protocol/Namespaces$Namespace,
PUBLIC,com/sun/mail/imap/protocol/RFC822DATA,SYS,com/sun/mail/imap/protocol/RFC822DATA,
PUBLIC,com/sun/mail/imap/protocol/RFC822SIZE,SYS,com/sun/mail/imap/protocol/RFC822SIZE,
PUBLIC,com/sun/mail/imap/protocol/SaslAuthenticator,SYS,com/sun/mail/imap/protocol/SaslAuthenticator,
PUBLIC,com/sun/mail/imap/protocol/SearchSequence,SYS,com/sun/mail/imap/protocol/SearchSequence,
PUBLIC,com/sun/mail/imap/protocol/Status,SYS,com/sun/mail/imap/protocol/Status,
PUBLIC,com/sun/mail/imap/protocol/UID,SYS,com/sun/mail/imap/protocol/UID,
PUBLIC,com/sun/mail/imap/protocol/UIDSet,SYS,com/sun/mail/imap/protocol/UIDSet,
PUBLIC,com/sun/mail/imap/ReferralException,SYS,com/sun/mail/imap/ReferralException,
PUBLIC,com/sun/mail/imap/ResyncData,SYS,com/sun/mail/imap/ResyncData,
PUBLIC,com/sun/mail/imap/Rights,SYS,com/sun/mail/imap/Rights,
PUBLIC,com/sun/mail/imap/Rights$Right,SYS,com/sun/mail/imap/Rights$Right,
PUBLIC,com/sun/mail/imap/SortTerm,SYS,com/sun/mail/imap/SortTerm,
PUBLIC,com/sun/mail/imap/Utility,SYS,com/sun/mail/imap/Utility,
PUBLIC,com/sun/mail/imap/Utility$Condition,SYS,com/sun/mail/imap/Utility$Condition,
PUBLIC,com/sun/mail/imap/Utility$1,SYS,com/sun/mail/imap/Utility$1,
PUBLIC,com/sun/mail/imap/YoungerTerm,SYS,com/sun/mail/imap/YoungerTerm,
PUBLIC,com/sun/mail/pop3/AppendStream,SYS,com/sun/mail/pop3/AppendStream,
PUBLIC,com/sun/mail/pop3/DefaultFolder,SYS,com/sun/mail/pop3/DefaultFolder,
PUBLIC,com/sun/mail/pop3/POP3Folder,SYS,com/sun/mail/pop3/POP3Folder,
PUBLIC,com/sun/mail/pop3/POP3Message,SYS,com/sun/mail/pop3/POP3Message,
PUBLIC,com/sun/mail/pop3/POP3Provider,SYS,com/sun/mail/pop3/POP3Provider,
PUBLIC,com/sun/mail/pop3/POP3SSLProvider,SYS,com/sun/mail/pop3/POP3SSLProvider,
PUBLIC,com/sun/mail/pop3/POP3SSLStore,SYS,com/sun/mail/pop3/POP3SSLStore,
PUBLIC,com/sun/mail/pop3/POP3Store,SYS,com/sun/mail/pop3/POP3Store,
PUBLIC,com/sun/mail/pop3/Protocol,SYS,com/sun/mail/pop3/Protocol,
PUBLIC,com/sun/mail/pop3/Response,SYS,com/sun/mail/pop3/Response,
PUBLIC,com/sun/mail/pop3/Status,SYS,com/sun/mail/pop3/Status,
PUBLIC,com/sun/mail/pop3/TempFile,SYS,com/sun/mail/pop3/TempFile,
PUBLIC,com/sun/mail/pop3/WritableSharedFile,SYS,com/sun/mail/pop3/WritableSharedFile,
PUBLIC,com/sun/mail/smtp/DigestMD5,SYS,com/sun/mail/smtp/DigestMD5,
PUBLIC,com/sun/mail/smtp/SaslAuthenticator,SYS,com/sun/mail/smtp/SaslAuthenticator,
PUBLIC,com/sun/mail/smtp/SMTPAddressFailedException,SYS,com/sun/mail/smtp/SMTPAddressFailedException,
PUBLIC,com/sun/mail/smtp/SMTPAddressSucceededException,SYS,com/sun/mail/smtp/SMTPAddressSucceededException,
PUBLIC,com/sun/mail/smtp/SMTPMessage,SYS,com/sun/mail/smtp/SMTPMessage,
PUBLIC,com/sun/mail/smtp/SMTPOutputStream,SYS,com/sun/mail/smtp/SMTPOutputStream,
PUBLIC,com/sun/mail/smtp/SMTPProvider,SYS,com/sun/mail/smtp/SMTPProvider,
PUBLIC,com/sun/mail/smtp/SMTPSaslAuthenticator,SYS,com/sun/mail/smtp/SMTPSaslAuthenticator,
PUBLIC,com/sun/mail/smtp/SMTPSaslAuthenticator$1,SYS,com/sun/mail/smtp/SMTPSaslAuthenticator$1,
PUBLIC,com/sun/mail/smtp/SMTPSenderFailedException,SYS,com/sun/mail/smtp/SMTPSenderFailedException,
PUBLIC,com/sun/mail/smtp/SMTPSendFailedException,SYS,com/sun/mail/smtp/SMTPSendFailedException,
PUBLIC,com/sun/mail/smtp/SMTPSSLProvider,SYS,com/sun/mail/smtp/SMTPSSLProvider,
PUBLIC,com/sun/mail/smtp/SMTPSSLTransport,SYS,com/sun/mail/smtp/SMTPSSLTransport,
PUBLIC,com/sun/mail/smtp/SMTPTransport,SYS,com/sun/mail/smtp/SMTPTransport,
PUBLIC,com/sun/mail/smtp/SMTPTransport$Authenticator,SYS,com/sun/mail/smtp/SMTPTransport$Authenticator,
PUBLIC,com/sun/mail/smtp/SMTPTransport$BDATOutputStream,SYS,com/sun/mail/smtp/SMTPTransport$BDATOutputStream,
PUBLIC,com/sun/mail/smtp/SMTPTransport$ChunkedOutputStream,SYS,com/sun/mail/smtp/SMTPTransport$ChunkedOutputStream,
PUBLIC,com/sun/mail/smtp/SMTPTransport$DigestMD5Authenticator,SYS,com/sun/mail/smtp/SMTPTransport$DigestMD5Authenticator,
PUBLIC,com/sun/mail/smtp/SMTPTransport$LoginAuthenticator,SYS,com/sun/mail/smtp/SMTPTransport$LoginAuthenticator,
PUBLIC,com/sun/mail/smtp/SMTPTransport$NtlmAuthenticator,SYS,com/sun/mail/smtp/SMTPTransport$NtlmAuthenticator,
PUBLIC,com/sun/mail/smtp/SMTPTransport$OAuth2Authenticator,SYS,com/sun/mail/smtp/SMTPTransport$OAuth2Authenticator,
PUBLIC,com/sun/mail/smtp/SMTPTransport$PlainAuthenticator,SYS,com/sun/mail/smtp/SMTPTransport$PlainAuthenticator,
PUBLIC,com/sun/mail/util/ASCIIUtility,SYS,com/sun/mail/util/ASCIIUtility,
PUBLIC,com/sun/mail/util/BASE64DecoderStream,SYS,com/sun/mail/util/BASE64DecoderStream,
PUBLIC,com/sun/mail/util/BASE64EncoderStream,SYS,com/sun/mail/util/BASE64EncoderStream,
PUBLIC,com/sun/mail/util/BEncoderStream,SYS,com/sun/mail/util/BEncoderStream,
PUBLIC,com/sun/mail/util/CRLFOutputStream,SYS,com/sun/mail/util/CRLFOutputStream,
PUBLIC,com/sun/mail/util/DecodingException,SYS,com/sun/mail/util/DecodingException,
PUBLIC,com/sun/mail/util/FolderClosedIOException,SYS,com/sun/mail/util/FolderClosedIOException,
PUBLIC,com/sun/mail/util/LineInputStream,SYS,com/sun/mail/util/LineInputStream,
PUBLIC,com/sun/mail/util/LineOutputStream,SYS,com/sun/mail/util/LineOutputStream,
PUBLIC,com/sun/mail/util/logging/CollectorFormatter,SYS,com/sun/mail/util/logging/CollectorFormatter,
PUBLIC,com/sun/mail/util/logging/CompactFormatter,SYS,com/sun/mail/util/logging/CompactFormatter,
PUBLIC,com/sun/mail/util/logging/CompactFormatter$Alternate,SYS,com/sun/mail/util/logging/CompactFormatter$Alternate,
PUBLIC,com/sun/mail/util/logging/DurationFilter,SYS,com/sun/mail/util/logging/DurationFilter,
PUBLIC,com/sun/mail/util/logging/LogManagerProperties,SYS,com/sun/mail/util/logging/LogManagerProperties,
PUBLIC,com/sun/mail/util/logging/LogManagerProperties$1,SYS,com/sun/mail/util/logging/LogManagerProperties$1,
PUBLIC,com/sun/mail/util/logging/MailHandler,SYS,com/sun/mail/util/logging/MailHandler,
PUBLIC,com/sun/mail/util/logging/MailHandler$DefaultAuthenticator,SYS,com/sun/mail/util/logging/MailHandler$DefaultAuthenticator,
PUBLIC,com/sun/mail/util/logging/MailHandler$GetAndSetContext,SYS,com/sun/mail/util/logging/MailHandler$GetAndSetContext,
PUBLIC,com/sun/mail/util/logging/MailHandler$TailNameFormatter,SYS,com/sun/mail/util/logging/MailHandler$TailNameFormatter,
PUBLIC,com/sun/mail/util/logging/SeverityComparator,SYS,com/sun/mail/util/logging/SeverityComparator,
PUBLIC,com/sun/mail/util/LogOutputStream,SYS,com/sun/mail/util/LogOutputStream,
PUBLIC,com/sun/mail/util/MailConnectException,SYS,com/sun/mail/util/MailConnectException,
PUBLIC,com/sun/mail/util/MailLogger,SYS,com/sun/mail/util/MailLogger,
PUBLIC,com/sun/mail/util/MailSSLSocketFactory,SYS,com/sun/mail/util/MailSSLSocketFactory,
PUBLIC,com/sun/mail/util/MailSSLSocketFactory$MailTrustManager,SYS,com/sun/mail/util/MailSSLSocketFactory$MailTrustManager,
PUBLIC,com/sun/mail/util/MailSSLSocketFactory$1,SYS,com/sun/mail/util/MailSSLSocketFactory$1,
PUBLIC,com/sun/mail/util/MessageRemovedIOException,SYS,com/sun/mail/util/MessageRemovedIOException,
PUBLIC,com/sun/mail/util/MimeUtil,SYS,com/sun/mail/util/MimeUtil,
PUBLIC,com/sun/mail/util/MimeUtil$1,SYS,com/sun/mail/util/MimeUtil$1,
PUBLIC,com/sun/mail/util/PropUtil,SYS,com/sun/mail/util/PropUtil,
PUBLIC,com/sun/mail/util/QDecoderStream,SYS,com/sun/mail/util/QDecoderStream,
PUBLIC,com/sun/mail/util/QEncoderStream,SYS,com/sun/mail/util/QEncoderStream,
PUBLIC,com/sun/mail/util/QPDecoderStream,SYS,com/sun/mail/util/QPDecoderStream,
PUBLIC,com/sun/mail/util/QPEncoderStream,SYS,com/sun/mail/util/QPEncoderStream,
PUBLIC,com/sun/mail/util/ReadableMime,SYS,com/sun/mail/util/ReadableMime,
PUBLIC,com/sun/mail/util/SharedByteArrayOutputStream,SYS,com/sun/mail/util/SharedByteArrayOutputStream,
PUBLIC,com/sun/mail/util/SocketConnectException,SYS,com/sun/mail/util/SocketConnectException,
PUBLIC,com/sun/mail/util/SocketFetcher,SYS,com/sun/mail/util/SocketFetcher,
PUBLIC,com/sun/mail/util/SocketFetcher$1,SYS,com/sun/mail/util/SocketFetcher$1,
PUBLIC,com/sun/mail/util/TimeoutOutputStream,SYS,com/sun/mail/util/TimeoutOutputStream,
PUBLIC,com/sun/mail/util/TimeoutOutputStream$1,SYS,com/sun/mail/util/TimeoutOutputStream$1,
PUBLIC,com/sun/mail/util/TraceInputStream,SYS,com/sun/mail/util/TraceInputStream,
PUBLIC,com/sun/mail/util/TraceOutputStream,SYS,com/sun/mail/util/TraceOutputStream,
PUBLIC,com/sun/mail/util/UUDecoderStream,SYS,com/sun/mail/util/UUDecoderStream,
PUBLIC,com/sun/mail/util/UUEncoderStream,SYS,com/sun/mail/util/UUEncoderStream,
PUBLIC,com/sun/mail/util/WriteTimeoutSocket,SYS,com/sun/mail/util/WriteTimeoutSocket,
PUBLIC,com/sun/media/imageioimpl/common/ImageUtil,MDSYS,com/sun/media/imageioimpl/common/ImageUtil,
PUBLIC,com/sun/media/imageioimpl/plugins/bmp/BMPImageReaderSpi,MDSYS,com/sun/media/imageioimpl/plugins/bmp/BMPImageReaderSpi,
PUBLIC,com/sun/media/imageioimpl/plugins/bmp/BMPImageWriterSpi,MDSYS,com/sun/media/imageioimpl/plugins/bmp/BMPImageWriterSpi,
PUBLIC,com/sun/media/imageioimpl/plugins/clib/OutputStreamAdapter,MDSYS,com/sun/media/imageioimpl/plugins/clib/OutputStreamAdapter,
PUBLIC,com/sun/media/imageioimpl/plugins/gif/GIFImageWriterSpi,MDSYS,com/sun/media/imageioimpl/plugins/gif/GIFImageWriterSpi,
PUBLIC,com/sun/media/imageioimpl/plugins/jpeg/CLibJPEGImageReaderSpi,MDSYS,com/sun/media/imageioimpl/plugins/jpeg/CLibJPEGImageReaderSpi,
PUBLIC,com/sun/media/imageioimpl/plugins/jpeg/CLibJPEGImageWriterSpi,MDSYS,com/sun/media/imageioimpl/plugins/jpeg/CLibJPEGImageWriterSpi,
PUBLIC,com/sun/media/imageioimpl/plugins/jpeg/properties,MDSYS,com/sun/media/imageioimpl/plugins/jpeg/properties,
PUBLIC,com/sun/media/imageioimpl/plugins/jpeg2000/BitsPerComponentBox,MDSYS,com/sun/media/imageioimpl/plugins/jpeg2000/BitsPerComponentBox,
PUBLIC,com/sun/media/imageioimpl/plugins/jpeg2000/Box,MDSYS,com/sun/media/imageioimpl/plugins/jpeg2000/Box,
PUBLIC,com/sun/media/imageioimpl/plugins/jpeg2000/ChannelDefinitionBox,MDSYS,com/sun/media/imageioimpl/plugins/jpeg2000/ChannelDefinitionBox,
PUBLIC,com/sun/media/imageioimpl/plugins/jpeg2000/ColorSpecificationBox,MDSYS,com/sun/media/imageioimpl/plugins/jpeg2000/ColorSpecificationBox,
PUBLIC,com/sun/media/imageioimpl/plugins/jpeg2000/ComponentMappingBox,MDSYS,com/sun/media/imageioimpl/plugins/jpeg2000/ComponentMappingBox,
PUBLIC,com/sun/media/imageioimpl/plugins/jpeg2000/DataEntryURLBox,MDSYS,com/sun/media/imageioimpl/plugins/jpeg2000/DataEntryURLBox,
PUBLIC,com/sun/media/imageioimpl/plugins/jpeg2000/FileTypeBox,MDSYS,com/sun/media/imageioimpl/plugins/jpeg2000/FileTypeBox,
PUBLIC,com/sun/media/imageioimpl/plugins/jpeg2000/HeaderBox,MDSYS,com/sun/media/imageioimpl/plugins/jpeg2000/HeaderBox,
PUBLIC,com/sun/media/imageioimpl/plugins/jpeg2000/J2KImageReader,MDSYS,com/sun/media/imageioimpl/plugins/jpeg2000/J2KImageReader,
PUBLIC,com/sun/media/imageioimpl/plugins/jpeg2000/J2KImageReaderCodecLib,MDSYS,com/sun/media/imageioimpl/plugins/jpeg2000/J2KImageReaderCodecLib,
PUBLIC,com/sun/media/imageioimpl/plugins/jpeg2000/J2KImageReaderCodecLibSpi,MDSYS,com/sun/media/imageioimpl/plugins/jpeg2000/J2KImageReaderCodecLibSpi,
PUBLIC,com/sun/media/imageioimpl/plugins/jpeg2000/J2KImageReaderSpi,MDSYS,com/sun/media/imageioimpl/plugins/jpeg2000/J2KImageReaderSpi,
PUBLIC,com/sun/media/imageioimpl/plugins/jpeg2000/J2KImageWriter,MDSYS,com/sun/media/imageioimpl/plugins/jpeg2000/J2KImageWriter,
PUBLIC,com/sun/media/imageioimpl/plugins/jpeg2000/J2KImageWriterCodecLib,MDSYS,com/sun/media/imageioimpl/plugins/jpeg2000/J2KImageWriterCodecLib,
PUBLIC,com/sun/media/imageioimpl/plugins/jpeg2000/J2KImageWriterCodecLibSpi,MDSYS,com/sun/media/imageioimpl/plugins/jpeg2000/J2KImageWriterCodecLibSpi,
PUBLIC,com/sun/media/imageioimpl/plugins/jpeg2000/J2KImageWriterSpi,MDSYS,com/sun/media/imageioimpl/plugins/jpeg2000/J2KImageWriterSpi,
PUBLIC,com/sun/media/imageioimpl/plugins/jpeg2000/J2KMetadataFormat,MDSYS,com/sun/media/imageioimpl/plugins/jpeg2000/J2KMetadataFormat,
PUBLIC,com/sun/media/imageioimpl/plugins/jpeg2000/PaletteBox,MDSYS,com/sun/media/imageioimpl/plugins/jpeg2000/PaletteBox,
PUBLIC,com/sun/media/imageioimpl/plugins/jpeg2000/properties,MDSYS,com/sun/media/imageioimpl/plugins/jpeg2000/properties,
PUBLIC,com/sun/media/imageioimpl/plugins/jpeg2000/ResolutionBox,MDSYS,com/sun/media/imageioimpl/plugins/jpeg2000/ResolutionBox,
PUBLIC,com/sun/media/imageioimpl/plugins/jpeg2000/SignatureBox,MDSYS,com/sun/media/imageioimpl/plugins/jpeg2000/SignatureBox,
PUBLIC,com/sun/media/imageioimpl/plugins/jpeg2000/UUIDBox,MDSYS,com/sun/media/imageioimpl/plugins/jpeg2000/UUIDBox,
PUBLIC,com/sun/media/imageioimpl/plugins/jpeg2000/UUIDListBox,MDSYS,com/sun/media/imageioimpl/plugins/jpeg2000/UUIDListBox,
PUBLIC,com/sun/media/imageioimpl/plugins/jpeg2000/XMLBox,MDSYS,com/sun/media/imageioimpl/plugins/jpeg2000/XMLBox,
PUBLIC,com/sun/media/imageioimpl/plugins/pcx/PCXImageReaderSpi,MDSYS,com/sun/media/imageioimpl/plugins/pcx/PCXImageReaderSpi,
PUBLIC,com/sun/media/imageioimpl/plugins/pcx/PCXImageWriterSpi,MDSYS,com/sun/media/imageioimpl/plugins/pcx/PCXImageWriterSpi,
PUBLIC,com/sun/media/imageioimpl/plugins/png/CLibPNGImageReaderSpi,MDSYS,com/sun/media/imageioimpl/plugins/png/CLibPNGImageReaderSpi,
PUBLIC,com/sun/media/imageioimpl/plugins/png/CLibPNGImageWriterSpi,MDSYS,com/sun/media/imageioimpl/plugins/png/CLibPNGImageWriterSpi,
PUBLIC,com/sun/media/imageioimpl/plugins/pnm/PNMImageReaderSpi,MDSYS,com/sun/media/imageioimpl/plugins/pnm/PNMImageReaderSpi,
PUBLIC,com/sun/media/imageioimpl/plugins/pnm/PNMImageWriterSpi,MDSYS,com/sun/media/imageioimpl/plugins/pnm/PNMImageWriterSpi,
PUBLIC,com/sun/media/imageioimpl/plugins/raw/RawImageReaderSpi,MDSYS,com/sun/media/imageioimpl/plugins/raw/RawImageReaderSpi,
PUBLIC,com/sun/media/imageioimpl/plugins/raw/RawImageWriterSpi,MDSYS,com/sun/media/imageioimpl/plugins/raw/RawImageWriterSpi,
PUBLIC,com/sun/media/imageioimpl/plugins/tiff/TIFFImageReaderSpi,MDSYS,com/sun/media/imageioimpl/plugins/tiff/TIFFImageReaderSpi,
PUBLIC,com/sun/media/imageioimpl/plugins/tiff/TIFFImageWriterSpi,MDSYS,com/sun/media/imageioimpl/plugins/tiff/TIFFImageWriterSpi,
PUBLIC,com/sun/media/imageioimpl/plugins/wbmp/WBMPImageReaderSpi,MDSYS,com/sun/media/imageioimpl/plugins/wbmp/WBMPImageReaderSpi,
PUBLIC,com/sun/media/imageioimpl/plugins/wbmp/WBMPImageWriterSpi,MDSYS,com/sun/media/imageioimpl/plugins/wbmp/WBMPImageWriterSpi,
PUBLIC,com/sun/media/imageioimpl/stream/ChannelImageInputStreamSpi,MDSYS,com/sun/media/imageioimpl/stream/ChannelImageInputStreamSpi,
PUBLIC,com/sun/media/imageioimpl/stream/ChannelImageOutputStreamSpi,MDSYS,com/sun/media/imageioimpl/stream/ChannelImageOutputStreamSpi,
PUBLIC,com/sun/media/imageio/plugins/jpeg2000/J2KImageWriteParam,MDSYS,com/sun/media/imageio/plugins/jpeg2000/J2KImageWriteParam,
PUBLIC,com/sun/media/jai/codec/BMPEncodeParam,MDSYS,com/sun/media/jai/codec/BMPEncodeParam,
PUBLIC,com/sun/media/jai/codec/ByteArraySeekableStream,MDSYS,com/sun/media/jai/codec/ByteArraySeekableStream,
PUBLIC,com/sun/media/jai/codec/FileCacheSeekableStream,MDSYS,com/sun/media/jai/codec/FileCacheSeekableStream,
PUBLIC,com/sun/media/jai/codec/FileSeekableStream,MDSYS,com/sun/media/jai/codec/FileSeekableStream,
PUBLIC,com/sun/media/jai/codec/ForwardSeekableStream,MDSYS,com/sun/media/jai/codec/ForwardSeekableStream,
PUBLIC,com/sun/media/jai/codec/ImageCodec,MDSYS,com/sun/media/jai/codec/ImageCodec,
PUBLIC,com/sun/media/jai/codec/ImageDecodeParam,MDSYS,com/sun/media/jai/codec/ImageDecodeParam,
PUBLIC,com/sun/media/jai/codec/ImageDecoder,MDSYS,com/sun/media/jai/codec/ImageDecoder,
PUBLIC,com/sun/media/jai/codec/ImageDecoderImpl,MDSYS,com/sun/media/jai/codec/ImageDecoderImpl,
PUBLIC,com/sun/media/jai/codec/ImageEncodeParam,MDSYS,com/sun/media/jai/codec/ImageEncodeParam,
PUBLIC,com/sun/media/jai/codec/ImageEncoder,MDSYS,com/sun/media/jai/codec/ImageEncoder,
PUBLIC,com/sun/media/jai/codec/ImageEncoderImpl,MDSYS,com/sun/media/jai/codec/ImageEncoderImpl,
PUBLIC,com/sun/media/jai/codecimpl/BMPCodec,MDSYS,com/sun/media/jai/codecimpl/BMPCodec,
PUBLIC,com/sun/media/jai/codecimpl/BMPImage,MDSYS,com/sun/media/jai/codecimpl/BMPImage,
PUBLIC,com/sun/media/jai/codecimpl/BMPImageDecoder,MDSYS,com/sun/media/jai/codecimpl/BMPImageDecoder,
PUBLIC,com/sun/media/jai/codecimpl/BMPImageEncoder,MDSYS,com/sun/media/jai/codecimpl/BMPImageEncoder,
PUBLIC,com/sun/media/jai/codecimpl/ChunkStream,MDSYS,com/sun/media/jai/codecimpl/ChunkStream,
PUBLIC,com/sun/media/jai/codecimpl/CodecUtils,MDSYS,com/sun/media/jai/codecimpl/CodecUtils,
PUBLIC,com/sun/media/jai/codecimpl/CRC,MDSYS,com/sun/media/jai/codecimpl/CRC,
PUBLIC,com/sun/media/jai/codecimpl/GIFCodec,MDSYS,com/sun/media/jai/codecimpl/GIFCodec,
PUBLIC,com/sun/media/jai/codecimpl/GIFImage,MDSYS,com/sun/media/jai/codecimpl/GIFImage,
PUBLIC,com/sun/media/jai/codecimpl/GIFImageDecoder,MDSYS,com/sun/media/jai/codecimpl/GIFImageDecoder,
PUBLIC,com/sun/media/jai/codecimpl/IDATOutputStream,MDSYS,com/sun/media/jai/codecimpl/IDATOutputStream,
PUBLIC,com/sun/media/jai/codecimpl/ImagingListenerProxy,MDSYS,com/sun/media/jai/codecimpl/ImagingListenerProxy,
PUBLIC,com/sun/media/jai/codecimpl/JaiI18N,MDSYS,com/sun/media/jai/codecimpl/JaiI18N,
PUBLIC,com/sun/media/jai/codecimpl/PNGChunk,MDSYS,com/sun/media/jai/codecimpl/PNGChunk,
PUBLIC,com/sun/media/jai/codecimpl/PNGCodec,MDSYS,com/sun/media/jai/codecimpl/PNGCodec,
PUBLIC,com/sun/media/jai/codecimpl/PNGImage,MDSYS,com/sun/media/jai/codecimpl/PNGImage,
PUBLIC,com/sun/media/jai/codecimpl/PNGImageDecoder,MDSYS,com/sun/media/jai/codecimpl/PNGImageDecoder,
PUBLIC,com/sun/media/jai/codecimpl/PNGImageEncoder,MDSYS,com/sun/media/jai/codecimpl/PNGImageEncoder,
PUBLIC,com/sun/media/jai/codecimpl/PNMCodec,MDSYS,com/sun/media/jai/codecimpl/PNMCodec,
PUBLIC,com/sun/media/jai/codecimpl/PNMImage,MDSYS,com/sun/media/jai/codecimpl/PNMImage,
PUBLIC,com/sun/media/jai/codecimpl/PNMImageDecoder,MDSYS,com/sun/media/jai/codecimpl/PNMImageDecoder,
PUBLIC,com/sun/media/jai/codecimpl/PNMImageEncoder,MDSYS,com/sun/media/jai/codecimpl/PNMImageEncoder,
PUBLIC,com/sun/media/jai/codecimpl/PNMImageEncoder$1,MDSYS,com/sun/media/jai/codecimpl/PNMImageEncoder$1,
PUBLIC,com/sun/media/jai/codecimpl/PNMImage$1,MDSYS,com/sun/media/jai/codecimpl/PNMImage$1,
PUBLIC,com/sun/media/jai/codecimpl/SimpleRenderedImage,MDSYS,com/sun/media/jai/codecimpl/SimpleRenderedImage,
PUBLIC,com/sun/media/jai/codecimpl/SingleTileRenderedImage,MDSYS,com/sun/media/jai/codecimpl/SingleTileRenderedImage,
PUBLIC,com/sun/media/jai/codecimpl/TIFFFaxDecoder,MDSYS,com/sun/media/jai/codecimpl/TIFFFaxDecoder,
PUBLIC,com/sun/media/jai/codecimpl/TIFFFaxEncoder,MDSYS,com/sun/media/jai/codecimpl/TIFFFaxEncoder,
PUBLIC,com/sun/media/jai/codecimpl/TIFFImageDecoder,MDSYS,com/sun/media/jai/codecimpl/TIFFImageDecoder,
PUBLIC,com/sun/media/jai/codecimpl/TIFFImageEncoder,MDSYS,com/sun/media/jai/codecimpl/TIFFImageEncoder,
PUBLIC,com/sun/media/jai/codecimpl/TIFFLZWDecoder,MDSYS,com/sun/media/jai/codecimpl/TIFFLZWDecoder,
PUBLIC,com/sun/media/jai/codecimpl/util/ComponentSampleModelJAI,MDSYS,com/sun/media/jai/codecimpl/util/ComponentSampleModelJAI,
PUBLIC,com/sun/media/jai/codecimpl/util/DataBufferDouble,MDSYS,com/sun/media/jai/codecimpl/util/DataBufferDouble,
PUBLIC,com/sun/media/jai/codecimpl/util/DataBufferFloat,MDSYS,com/sun/media/jai/codecimpl/util/DataBufferFloat,
PUBLIC,com/sun/media/jai/codecimpl/util/DataBufferUtils,MDSYS,com/sun/media/jai/codecimpl/util/DataBufferUtils,
PUBLIC,com/sun/media/jai/codecimpl/util/FloatDoubleColorModel,MDSYS,com/sun/media/jai/codecimpl/util/FloatDoubleColorModel,
PUBLIC,com/sun/media/jai/codecimpl/util/ImagingException,MDSYS,com/sun/media/jai/codecimpl/util/ImagingException,
PUBLIC,com/sun/media/jai/codecimpl/util/JaiI18N,MDSYS,com/sun/media/jai/codecimpl/util/JaiI18N,
PUBLIC,com/sun/media/jai/codecimpl/util/PropertyUtil,MDSYS,com/sun/media/jai/codecimpl/util/PropertyUtil,
PUBLIC,com/sun/media/jai/codecimpl/util/PropertyUtil$1,MDSYS,com/sun/media/jai/codecimpl/util/PropertyUtil$1,
PUBLIC,com/sun/media/jai/codecimpl/util/RasterFactory,MDSYS,com/sun/media/jai/codecimpl/util/RasterFactory,
PUBLIC,com/sun/media/jai/codecimpl/WBMPCodec,MDSYS,com/sun/media/jai/codecimpl/WBMPCodec,
PUBLIC,com/sun/media/jai/codecimpl/WBMPImageDecoder,MDSYS,com/sun/media/jai/codecimpl/WBMPImageDecoder,
PUBLIC,com/sun/media/jai/codecimpl/WBMPImageEncoder,MDSYS,com/sun/media/jai/codecimpl/WBMPImageEncoder,
PUBLIC,com/sun/media/jai/codec/JaiI18N,MDSYS,com/sun/media/jai/codec/JaiI18N,
PUBLIC,com/sun/media/jai/codec/JPEGDecodeParam,MDSYS,com/sun/media/jai/codec/JPEGDecodeParam,
PUBLIC,com/sun/media/jai/codec/JPEGEncodeParam,MDSYS,com/sun/media/jai/codec/JPEGEncodeParam,
PUBLIC,com/sun/media/jai/codec/MemoryCacheSeekableStream,MDSYS,com/sun/media/jai/codec/MemoryCacheSeekableStream,
PUBLIC,com/sun/media/jai/codec/PNGDecodeParam,MDSYS,com/sun/media/jai/codec/PNGDecodeParam,
PUBLIC,com/sun/media/jai/codec/PNGEncodeParam,MDSYS,com/sun/media/jai/codec/PNGEncodeParam,
PUBLIC,com/sun/media/jai/codec/PNGEncodeParam$Gray,MDSYS,com/sun/media/jai/codec/PNGEncodeParam$Gray,
PUBLIC,com/sun/media/jai/codec/PNGEncodeParam$Palette,MDSYS,com/sun/media/jai/codec/PNGEncodeParam$Palette,
PUBLIC,com/sun/media/jai/codec/PNGEncodeParam$RGB,MDSYS,com/sun/media/jai/codec/PNGEncodeParam$RGB,
PUBLIC,com/sun/media/jai/codec/PNGSuggestedPaletteEntry,MDSYS,com/sun/media/jai/codec/PNGSuggestedPaletteEntry,
PUBLIC,com/sun/media/jai/codec/PNMEncodeParam,MDSYS,com/sun/media/jai/codec/PNMEncodeParam,
PUBLIC,com/sun/media/jai/codec/SectorStreamSegmentMapper,MDSYS,com/sun/media/jai/codec/SectorStreamSegmentMapper,
PUBLIC,com/sun/media/jai/codec/SeekableOutputStream,MDSYS,com/sun/media/jai/codec/SeekableOutputStream,
PUBLIC,com/sun/media/jai/codec/SeekableStream,MDSYS,com/sun/media/jai/codec/SeekableStream,
PUBLIC,com/sun/media/jai/codec/SegmentedSeekableStream,MDSYS,com/sun/media/jai/codec/SegmentedSeekableStream,
PUBLIC,com/sun/media/jai/codec/StreamSegment,MDSYS,com/sun/media/jai/codec/StreamSegment,
PUBLIC,com/sun/media/jai/codec/StreamSegmentMapper,MDSYS,com/sun/media/jai/codec/StreamSegmentMapper,
PUBLIC,com/sun/media/jai/codec/StreamSegmentMapperImpl,MDSYS,com/sun/media/jai/codec/StreamSegmentMapperImpl,
PUBLIC,com/sun/media/jai/codec/TempFileCleanupThread,MDSYS,com/sun/media/jai/codec/TempFileCleanupThread,
PUBLIC,com/sun/media/jai/codec/TIFFDecodeParam,MDSYS,com/sun/media/jai/codec/TIFFDecodeParam,
PUBLIC,com/sun/media/jai/codec/TIFFDirectory,MDSYS,com/sun/media/jai/codec/TIFFDirectory,
PUBLIC,com/sun/media/jai/codec/TIFFEncodeParam,MDSYS,com/sun/media/jai/codec/TIFFEncodeParam,
PUBLIC,com/sun/media/jai/codec/TIFFField,MDSYS,com/sun/media/jai/codec/TIFFField,
PUBLIC,com/sun/media/jai/imageioimpl/ImageReadWriteSpi,MDSYS,com/sun/media/jai/imageioimpl/ImageReadWriteSpi,
PUBLIC,com/sun/media/jai/iterator/JaiI18N,MDSYS,com/sun/media/jai/iterator/JaiI18N,
PUBLIC,com/sun/media/jai/iterator/RandomIterCSM,MDSYS,com/sun/media/jai/iterator/RandomIterCSM,
PUBLIC,com/sun/media/jai/iterator/RandomIterCSMByte,MDSYS,com/sun/media/jai/iterator/RandomIterCSMByte,
PUBLIC,com/sun/media/jai/iterator/RandomIterCSMDouble,MDSYS,com/sun/media/jai/iterator/RandomIterCSMDouble,
PUBLIC,com/sun/media/jai/iterator/RandomIterCSMFloat,MDSYS,com/sun/media/jai/iterator/RandomIterCSMFloat,
PUBLIC,com/sun/media/jai/iterator/RandomIterCSMInt,MDSYS,com/sun/media/jai/iterator/RandomIterCSMInt,
PUBLIC,com/sun/media/jai/iterator/RandomIterCSMShort,MDSYS,com/sun/media/jai/iterator/RandomIterCSMShort,
PUBLIC,com/sun/media/jai/iterator/RandomIterCSMUShort,MDSYS,com/sun/media/jai/iterator/RandomIterCSMUShort,
PUBLIC,com/sun/media/jai/iterator/RandomIterFallback,MDSYS,com/sun/media/jai/iterator/RandomIterFallback,
PUBLIC,com/sun/media/jai/iterator/RectIterCSM,MDSYS,com/sun/media/jai/iterator/RectIterCSM,
PUBLIC,com/sun/media/jai/iterator/RectIterCSMByte,MDSYS,com/sun/media/jai/iterator/RectIterCSMByte,
PUBLIC,com/sun/media/jai/iterator/RectIterCSMFloat,MDSYS,com/sun/media/jai/iterator/RectIterCSMFloat,
PUBLIC,com/sun/media/jai/iterator/RectIterFallback,MDSYS,com/sun/media/jai/iterator/RectIterFallback,
PUBLIC,com/sun/media/jai/iterator/RookIterFallback,MDSYS,com/sun/media/jai/iterator/RookIterFallback,
PUBLIC,com/sun/media/jai/iterator/WrapperRI,MDSYS,com/sun/media/jai/iterator/WrapperRI,
PUBLIC,com/sun/media/jai/iterator/WrapperWRI,MDSYS,com/sun/media/jai/iterator/WrapperWRI,
PUBLIC,com/sun/media/jai/iterator/WritableRandomIterCSMByte,MDSYS,com/sun/media/jai/iterator/WritableRandomIterCSMByte,
PUBLIC,com/sun/media/jai/iterator/WritableRandomIterCSMDouble,MDSYS,com/sun/media/jai/iterator/WritableRandomIterCSMDouble,
PUBLIC,com/sun/media/jai/iterator/WritableRandomIterCSMFloat,MDSYS,com/sun/media/jai/iterator/WritableRandomIterCSMFloat,
PUBLIC,com/sun/media/jai/iterator/WritableRandomIterCSMInt,MDSYS,com/sun/media/jai/iterator/WritableRandomIterCSMInt,
PUBLIC,com/sun/media/jai/iterator/WritableRandomIterCSMShort,MDSYS,com/sun/media/jai/iterator/WritableRandomIterCSMShort,
PUBLIC,com/sun/media/jai/iterator/WritableRandomIterCSMUShort,MDSYS,com/sun/media/jai/iterator/WritableRandomIterCSMUShort,
PUBLIC,com/sun/media/jai/iterator/WritableRandomIterFallback,MDSYS,com/sun/media/jai/iterator/WritableRandomIterFallback,
PUBLIC,com/sun/media/jai/iterator/WritableRectIterCSMByte,MDSYS,com/sun/media/jai/iterator/WritableRectIterCSMByte,
PUBLIC,com/sun/media/jai/iterator/WritableRectIterCSMFloat,MDSYS,com/sun/media/jai/iterator/WritableRectIterCSMFloat,
PUBLIC,com/sun/media/jai/iterator/WritableRectIterFallback,MDSYS,com/sun/media/jai/iterator/WritableRectIterFallback,
PUBLIC,com/sun/media/jai/iterator/WritableRookIterFallback,MDSYS,com/sun/media/jai/iterator/WritableRookIterFallback,
PUBLIC,com/sun/media/jai/mlib/FCTmediaLib,MDSYS,com/sun/media/jai/mlib/FCTmediaLib,
PUBLIC,com/sun/media/jai/mlib/FFTmediaLib,MDSYS,com/sun/media/jai/mlib/FFTmediaLib,
PUBLIC,com/sun/media/jai/mlib/JaiI18N,MDSYS,com/sun/media/jai/mlib/JaiI18N,
PUBLIC,com/sun/media/jai/mlib/MediaLibAccessor,MDSYS,com/sun/media/jai/mlib/MediaLibAccessor,
PUBLIC,com/sun/media/jai/mlib/MediaLibAccessor$1,MDSYS,com/sun/media/jai/mlib/MediaLibAccessor$1,
PUBLIC,com/sun/media/jai/mlib/MediaLibLoadException,MDSYS,com/sun/media/jai/mlib/MediaLibLoadException,
PUBLIC,com/sun/media/jai/mlib/MlibAbsoluteOpImage,MDSYS,com/sun/media/jai/mlib/MlibAbsoluteOpImage,
PUBLIC,com/sun/media/jai/mlib/MlibAbsoluteRIF,MDSYS,com/sun/media/jai/mlib/MlibAbsoluteRIF,
PUBLIC,com/sun/media/jai/mlib/MlibAddConstOpImage,MDSYS,com/sun/media/jai/mlib/MlibAddConstOpImage,
PUBLIC,com/sun/media/jai/mlib/MlibAddConstRIF,MDSYS,com/sun/media/jai/mlib/MlibAddConstRIF,
PUBLIC,com/sun/media/jai/mlib/MlibAddOpImage,MDSYS,com/sun/media/jai/mlib/MlibAddOpImage,
PUBLIC,com/sun/media/jai/mlib/MlibAddRIF,MDSYS,com/sun/media/jai/mlib/MlibAddRIF,
PUBLIC,com/sun/media/jai/mlib/MlibAffineBicubicOpImage,MDSYS,com/sun/media/jai/mlib/MlibAffineBicubicOpImage,
PUBLIC,com/sun/media/jai/mlib/MlibAffineBilinearOpImage,MDSYS,com/sun/media/jai/mlib/MlibAffineBilinearOpImage,
PUBLIC,com/sun/media/jai/mlib/MlibAffineNearestOpImage,MDSYS,com/sun/media/jai/mlib/MlibAffineNearestOpImage,
PUBLIC,com/sun/media/jai/mlib/MlibAffineOpImage,MDSYS,com/sun/media/jai/mlib/MlibAffineOpImage,
PUBLIC,com/sun/media/jai/mlib/MlibAffineRIF,MDSYS,com/sun/media/jai/mlib/MlibAffineRIF,
PUBLIC,com/sun/media/jai/mlib/MlibAffineTableOpImage,MDSYS,com/sun/media/jai/mlib/MlibAffineTableOpImage,
PUBLIC,com/sun/media/jai/mlib/MlibAndConstOpImage,MDSYS,com/sun/media/jai/mlib/MlibAndConstOpImage,
PUBLIC,com/sun/media/jai/mlib/MlibAndConstRIF,MDSYS,com/sun/media/jai/mlib/MlibAndConstRIF,
PUBLIC,com/sun/media/jai/mlib/MlibAndOpImage,MDSYS,com/sun/media/jai/mlib/MlibAndOpImage,
PUBLIC,com/sun/media/jai/mlib/MlibAndRIF,MDSYS,com/sun/media/jai/mlib/MlibAndRIF,
PUBLIC,com/sun/media/jai/mlib/MlibBandCombineOpImage,MDSYS,com/sun/media/jai/mlib/MlibBandCombineOpImage,
PUBLIC,com/sun/media/jai/mlib/MlibBandCombineRIF,MDSYS,com/sun/media/jai/mlib/MlibBandCombineRIF,
PUBLIC,com/sun/media/jai/mlib/MlibBandSelectOpImage,MDSYS,com/sun/media/jai/mlib/MlibBandSelectOpImage,
PUBLIC,com/sun/media/jai/mlib/MlibBandSelectRIF,MDSYS,com/sun/media/jai/mlib/MlibBandSelectRIF,
PUBLIC,com/sun/media/jai/mlib/MlibBinarizeOpImage,MDSYS,com/sun/media/jai/mlib/MlibBinarizeOpImage,
PUBLIC,com/sun/media/jai/mlib/MlibBinarizeRIF,MDSYS,com/sun/media/jai/mlib/MlibBinarizeRIF,
PUBLIC,com/sun/media/jai/mlib/MlibBoxFilterRIF,MDSYS,com/sun/media/jai/mlib/MlibBoxFilterRIF,
PUBLIC,com/sun/media/jai/mlib/MlibClampOpImage,MDSYS,com/sun/media/jai/mlib/MlibClampOpImage,
PUBLIC,com/sun/media/jai/mlib/MlibClampRIF,MDSYS,com/sun/media/jai/mlib/MlibClampRIF,
PUBLIC,com/sun/media/jai/mlib/MlibCompositeOpImage,MDSYS,com/sun/media/jai/mlib/MlibCompositeOpImage,
PUBLIC,com/sun/media/jai/mlib/MlibCompositeRIF,MDSYS,com/sun/media/jai/mlib/MlibCompositeRIF,
PUBLIC,com/sun/media/jai/mlib/MlibConvolveNxNOpImage,MDSYS,com/sun/media/jai/mlib/MlibConvolveNxNOpImage,
PUBLIC,com/sun/media/jai/mlib/MlibConvolveOpImage,MDSYS,com/sun/media/jai/mlib/MlibConvolveOpImage,
PUBLIC,com/sun/media/jai/mlib/MlibConvolveRIF,MDSYS,com/sun/media/jai/mlib/MlibConvolveRIF,
PUBLIC,com/sun/media/jai/mlib/MlibCopyOpImage,MDSYS,com/sun/media/jai/mlib/MlibCopyOpImage,
PUBLIC,com/sun/media/jai/mlib/MlibDCTRIF,MDSYS,com/sun/media/jai/mlib/MlibDCTRIF,
PUBLIC,com/sun/media/jai/mlib/MlibDFTOpImage,MDSYS,com/sun/media/jai/mlib/MlibDFTOpImage,
PUBLIC,com/sun/media/jai/mlib/MlibDFTRIF,MDSYS,com/sun/media/jai/mlib/MlibDFTRIF,
PUBLIC,com/sun/media/jai/mlib/MlibDilateRIF,MDSYS,com/sun/media/jai/mlib/MlibDilateRIF,
PUBLIC,com/sun/media/jai/mlib/MlibDilate3PlusOpImage,MDSYS,com/sun/media/jai/mlib/MlibDilate3PlusOpImage,
PUBLIC,com/sun/media/jai/mlib/MlibDilate3SquareOpImage,MDSYS,com/sun/media/jai/mlib/MlibDilate3SquareOpImage,
PUBLIC,com/sun/media/jai/mlib/MlibDivideByConstRIF,MDSYS,com/sun/media/jai/mlib/MlibDivideByConstRIF,
PUBLIC,com/sun/media/jai/mlib/MlibDivideIntoConstOpImage,MDSYS,com/sun/media/jai/mlib/MlibDivideIntoConstOpImage,
PUBLIC,com/sun/media/jai/mlib/MlibDivideIntoConstRIF,MDSYS,com/sun/media/jai/mlib/MlibDivideIntoConstRIF,
PUBLIC,com/sun/media/jai/mlib/MlibDivideOpImage,MDSYS,com/sun/media/jai/mlib/MlibDivideOpImage,
PUBLIC,com/sun/media/jai/mlib/MlibDivideRIF,MDSYS,com/sun/media/jai/mlib/MlibDivideRIF,
PUBLIC,com/sun/media/jai/mlib/MlibErodeRIF,MDSYS,com/sun/media/jai/mlib/MlibErodeRIF,
PUBLIC,com/sun/media/jai/mlib/MlibErode3PlusOpImage,MDSYS,com/sun/media/jai/mlib/MlibErode3PlusOpImage,
PUBLIC,com/sun/media/jai/mlib/MlibErode3SquareOpImage,MDSYS,com/sun/media/jai/mlib/MlibErode3SquareOpImage,
PUBLIC,com/sun/media/jai/mlib/MlibErrorDiffusionOpImage,MDSYS,com/sun/media/jai/mlib/MlibErrorDiffusionOpImage,
PUBLIC,com/sun/media/jai/mlib/MlibErrorDiffusionRIF,MDSYS,com/sun/media/jai/mlib/MlibErrorDiffusionRIF,
PUBLIC,com/sun/media/jai/mlib/MlibExpOpImage,MDSYS,com/sun/media/jai/mlib/MlibExpOpImage,
PUBLIC,com/sun/media/jai/mlib/MlibExpRIF,MDSYS,com/sun/media/jai/mlib/MlibExpRIF,
PUBLIC,com/sun/media/jai/mlib/MlibExtremaOpImage,MDSYS,com/sun/media/jai/mlib/MlibExtremaOpImage,
PUBLIC,com/sun/media/jai/mlib/MlibExtremaRIF,MDSYS,com/sun/media/jai/mlib/MlibExtremaRIF,
PUBLIC,com/sun/media/jai/mlib/MlibFilteredSubsampleOpImage,MDSYS,com/sun/media/jai/mlib/MlibFilteredSubsampleOpImage,
PUBLIC,com/sun/media/jai/mlib/MlibFilteredSubsampleRIF,MDSYS,com/sun/media/jai/mlib/MlibFilteredSubsampleRIF,
PUBLIC,com/sun/media/jai/mlib/MlibGradientOpImage,MDSYS,com/sun/media/jai/mlib/MlibGradientOpImage,
PUBLIC,com/sun/media/jai/mlib/MlibGradientRIF,MDSYS,com/sun/media/jai/mlib/MlibGradientRIF,
PUBLIC,com/sun/media/jai/mlib/MlibHistogramOpImage,MDSYS,com/sun/media/jai/mlib/MlibHistogramOpImage,
PUBLIC,com/sun/media/jai/mlib/MlibHistogramRIF,MDSYS,com/sun/media/jai/mlib/MlibHistogramRIF,
PUBLIC,com/sun/media/jai/mlib/MlibIDCTRIF,MDSYS,com/sun/media/jai/mlib/MlibIDCTRIF,
PUBLIC,com/sun/media/jai/mlib/MlibIDFTRIF,MDSYS,com/sun/media/jai/mlib/MlibIDFTRIF,
PUBLIC,com/sun/media/jai/mlib/MlibInvertOpImage,MDSYS,com/sun/media/jai/mlib/MlibInvertOpImage,
PUBLIC,com/sun/media/jai/mlib/MlibInvertRIF,MDSYS,com/sun/media/jai/mlib/MlibInvertRIF,
PUBLIC,com/sun/media/jai/mlib/MlibLogOpImage,MDSYS,com/sun/media/jai/mlib/MlibLogOpImage,
PUBLIC,com/sun/media/jai/mlib/MlibLogRIF,MDSYS,com/sun/media/jai/mlib/MlibLogRIF,
PUBLIC,com/sun/media/jai/mlib/MlibLookupOpImage,MDSYS,com/sun/media/jai/mlib/MlibLookupOpImage,
PUBLIC,com/sun/media/jai/mlib/MlibLookupRIF,MDSYS,com/sun/media/jai/mlib/MlibLookupRIF,
PUBLIC,com/sun/media/jai/mlib/MlibMaxFilterOpImage,MDSYS,com/sun/media/jai/mlib/MlibMaxFilterOpImage,
PUBLIC,com/sun/media/jai/mlib/MlibMaxFilterRIF,MDSYS,com/sun/media/jai/mlib/MlibMaxFilterRIF,
PUBLIC,com/sun/media/jai/mlib/MlibMaxOpImage,MDSYS,com/sun/media/jai/mlib/MlibMaxOpImage,
PUBLIC,com/sun/media/jai/mlib/MlibMaxRIF,MDSYS,com/sun/media/jai/mlib/MlibMaxRIF,
PUBLIC,com/sun/media/jai/mlib/MlibMeanOpImage,MDSYS,com/sun/media/jai/mlib/MlibMeanOpImage,
PUBLIC,com/sun/media/jai/mlib/MlibMeanRIF,MDSYS,com/sun/media/jai/mlib/MlibMeanRIF,
PUBLIC,com/sun/media/jai/mlib/MlibMedianFilterOpImage,MDSYS,com/sun/media/jai/mlib/MlibMedianFilterOpImage,
PUBLIC,com/sun/media/jai/mlib/MlibMedianFilterRIF,MDSYS,com/sun/media/jai/mlib/MlibMedianFilterRIF,
PUBLIC,com/sun/media/jai/mlib/MlibMinFilterOpImage,MDSYS,com/sun/media/jai/mlib/MlibMinFilterOpImage,
PUBLIC,com/sun/media/jai/mlib/MlibMinFilterRIF,MDSYS,com/sun/media/jai/mlib/MlibMinFilterRIF,
PUBLIC,com/sun/media/jai/mlib/MlibMinOpImage,MDSYS,com/sun/media/jai/mlib/MlibMinOpImage,
PUBLIC,com/sun/media/jai/mlib/MlibMinRIF,MDSYS,com/sun/media/jai/mlib/MlibMinRIF,
PUBLIC,com/sun/media/jai/mlib/MlibMosaicOpImage,MDSYS,com/sun/media/jai/mlib/MlibMosaicOpImage,
PUBLIC,com/sun/media/jai/mlib/MlibMosaicRIF,MDSYS,com/sun/media/jai/mlib/MlibMosaicRIF,
PUBLIC,com/sun/media/jai/mlib/MlibMultiplyConstOpImage,MDSYS,com/sun/media/jai/mlib/MlibMultiplyConstOpImage,
PUBLIC,com/sun/media/jai/mlib/MlibMultiplyConstRIF,MDSYS,com/sun/media/jai/mlib/MlibMultiplyConstRIF,
PUBLIC,com/sun/media/jai/mlib/MlibMultiplyOpImage,MDSYS,com/sun/media/jai/mlib/MlibMultiplyOpImage,
PUBLIC,com/sun/media/jai/mlib/MlibMultiplyRIF,MDSYS,com/sun/media/jai/mlib/MlibMultiplyRIF,
PUBLIC,com/sun/media/jai/mlib/MlibNotOpImage,MDSYS,com/sun/media/jai/mlib/MlibNotOpImage,
PUBLIC,com/sun/media/jai/mlib/MlibNotRIF,MDSYS,com/sun/media/jai/mlib/MlibNotRIF,
PUBLIC,com/sun/media/jai/mlib/MlibOrConstOpImage,MDSYS,com/sun/media/jai/mlib/MlibOrConstOpImage,
PUBLIC,com/sun/media/jai/mlib/MlibOrConstRIF,MDSYS,com/sun/media/jai/mlib/MlibOrConstRIF,
PUBLIC,com/sun/media/jai/mlib/MlibOrderedDitherOpImage,MDSYS,com/sun/media/jai/mlib/MlibOrderedDitherOpImage,
PUBLIC,com/sun/media/jai/mlib/MlibOrderedDitherRIF,MDSYS,com/sun/media/jai/mlib/MlibOrderedDitherRIF,
PUBLIC,com/sun/media/jai/mlib/MlibOrOpImage,MDSYS,com/sun/media/jai/mlib/MlibOrOpImage,
PUBLIC,com/sun/media/jai/mlib/MlibOrRIF,MDSYS,com/sun/media/jai/mlib/MlibOrRIF,
PUBLIC,com/sun/media/jai/mlib/MlibRescaleOpImage,MDSYS,com/sun/media/jai/mlib/MlibRescaleOpImage,
PUBLIC,com/sun/media/jai/mlib/MlibRescaleRIF,MDSYS,com/sun/media/jai/mlib/MlibRescaleRIF,
PUBLIC,com/sun/media/jai/mlib/MlibRotateRIF,MDSYS,com/sun/media/jai/mlib/MlibRotateRIF,
PUBLIC,com/sun/media/jai/mlib/MlibScaleBicubicOpImage,MDSYS,com/sun/media/jai/mlib/MlibScaleBicubicOpImage,
PUBLIC,com/sun/media/jai/mlib/MlibScaleBilinearOpImage,MDSYS,com/sun/media/jai/mlib/MlibScaleBilinearOpImage,
PUBLIC,com/sun/media/jai/mlib/MlibScaleNearestOpImage,MDSYS,com/sun/media/jai/mlib/MlibScaleNearestOpImage,
PUBLIC,com/sun/media/jai/mlib/MlibScaleOpImage,MDSYS,com/sun/media/jai/mlib/MlibScaleOpImage,
PUBLIC,com/sun/media/jai/mlib/MlibScaleRIF,MDSYS,com/sun/media/jai/mlib/MlibScaleRIF,
PUBLIC,com/sun/media/jai/mlib/MlibScaleTableOpImage,MDSYS,com/sun/media/jai/mlib/MlibScaleTableOpImage,
PUBLIC,com/sun/media/jai/mlib/MlibSeparableConvolveOpImage,MDSYS,com/sun/media/jai/mlib/MlibSeparableConvolveOpImage,
PUBLIC,com/sun/media/jai/mlib/MlibShearRIF,MDSYS,com/sun/media/jai/mlib/MlibShearRIF,
PUBLIC,com/sun/media/jai/mlib/MlibSobelOpImage,MDSYS,com/sun/media/jai/mlib/MlibSobelOpImage,
PUBLIC,com/sun/media/jai/mlib/MlibSubsampleAverageOpImage,MDSYS,com/sun/media/jai/mlib/MlibSubsampleAverageOpImage,
PUBLIC,com/sun/media/jai/mlib/MlibSubsampleAverageRIF,MDSYS,com/sun/media/jai/mlib/MlibSubsampleAverageRIF,
PUBLIC,com/sun/media/jai/mlib/MlibSubsampleBinaryToGrayOpImage,MDSYS,com/sun/media/jai/mlib/MlibSubsampleBinaryToGrayOpImage,
PUBLIC,com/sun/media/jai/mlib/MlibSubsampleBinaryToGrayRIF,MDSYS,com/sun/media/jai/mlib/MlibSubsampleBinaryToGrayRIF,
PUBLIC,com/sun/media/jai/mlib/MlibSubtractConstRIF,MDSYS,com/sun/media/jai/mlib/MlibSubtractConstRIF,
PUBLIC,com/sun/media/jai/mlib/MlibSubtractFromConstOpImage,MDSYS,com/sun/media/jai/mlib/MlibSubtractFromConstOpImage,
PUBLIC,com/sun/media/jai/mlib/MlibSubtractFromConstRIF,MDSYS,com/sun/media/jai/mlib/MlibSubtractFromConstRIF,
PUBLIC,com/sun/media/jai/mlib/MlibSubtractOpImage,MDSYS,com/sun/media/jai/mlib/MlibSubtractOpImage,
PUBLIC,com/sun/media/jai/mlib/MlibSubtractRIF,MDSYS,com/sun/media/jai/mlib/MlibSubtractRIF,
PUBLIC,com/sun/media/jai/mlib/MlibThresholdOpImage,MDSYS,com/sun/media/jai/mlib/MlibThresholdOpImage,
PUBLIC,com/sun/media/jai/mlib/MlibThresholdRIF,MDSYS,com/sun/media/jai/mlib/MlibThresholdRIF,
PUBLIC,com/sun/media/jai/mlib/MlibTranslateRIF,MDSYS,com/sun/media/jai/mlib/MlibTranslateRIF,
PUBLIC,com/sun/media/jai/mlib/MlibTransposeOpImage,MDSYS,com/sun/media/jai/mlib/MlibTransposeOpImage,
PUBLIC,com/sun/media/jai/mlib/MlibTransposeRIF,MDSYS,com/sun/media/jai/mlib/MlibTransposeRIF,
PUBLIC,com/sun/media/jai/mlib/MlibUnsharpMaskRIF,MDSYS,com/sun/media/jai/mlib/MlibUnsharpMaskRIF,
PUBLIC,com/sun/media/jai/mlib/MlibUtils,MDSYS,com/sun/media/jai/mlib/MlibUtils,
PUBLIC,com/sun/media/jai/mlib/MlibWarpGridOpImage,MDSYS,com/sun/media/jai/mlib/MlibWarpGridOpImage,
PUBLIC,com/sun/media/jai/mlib/MlibWarpGridTableOpImage,MDSYS,com/sun/media/jai/mlib/MlibWarpGridTableOpImage,
PUBLIC,com/sun/media/jai/mlib/MlibWarpPolynomialOpImage,MDSYS,com/sun/media/jai/mlib/MlibWarpPolynomialOpImage,
PUBLIC,com/sun/media/jai/mlib/MlibWarpPolynomialTableOpImage,MDSYS,com/sun/media/jai/mlib/MlibWarpPolynomialTableOpImage,
PUBLIC,com/sun/media/jai/mlib/MlibWarpRIF,MDSYS,com/sun/media/jai/mlib/MlibWarpRIF,
PUBLIC,com/sun/media/jai/mlib/MlibXorConstOpImage,MDSYS,com/sun/media/jai/mlib/MlibXorConstOpImage,
PUBLIC,com/sun/media/jai/mlib/MlibXorConstRIF,MDSYS,com/sun/media/jai/mlib/MlibXorConstRIF,
PUBLIC,com/sun/media/jai/mlib/MlibXorOpImage,MDSYS,com/sun/media/jai/mlib/MlibXorOpImage,
PUBLIC,com/sun/media/jai/mlib/MlibXorRIF,MDSYS,com/sun/media/jai/mlib/MlibXorRIF,
PUBLIC,com/sun/media/jai/opimage/AbsoluteCRIF,MDSYS,com/sun/media/jai/opimage/AbsoluteCRIF,
PUBLIC,com/sun/media/jai/opimage/AbsoluteOpImage,MDSYS,com/sun/media/jai/opimage/AbsoluteOpImage,
PUBLIC,com/sun/media/jai/opimage/AddCollectionCRIF,MDSYS,com/sun/media/jai/opimage/AddCollectionCRIF,
PUBLIC,com/sun/media/jai/opimage/AddCollectionOpImage,MDSYS,com/sun/media/jai/opimage/AddCollectionOpImage,
PUBLIC,com/sun/media/jai/opimage/AddConstCRIF,MDSYS,com/sun/media/jai/opimage/AddConstCRIF,
PUBLIC,com/sun/media/jai/opimage/AddConstOpImage,MDSYS,com/sun/media/jai/opimage/AddConstOpImage,
PUBLIC,com/sun/media/jai/opimage/AddConstToCollectionCIF,MDSYS,com/sun/media/jai/opimage/AddConstToCollectionCIF,
PUBLIC,com/sun/media/jai/opimage/AddConstToCollectionOpImage,MDSYS,com/sun/media/jai/opimage/AddConstToCollectionOpImage,
PUBLIC,com/sun/media/jai/opimage/AddCRIF,MDSYS,com/sun/media/jai/opimage/AddCRIF,
PUBLIC,com/sun/media/jai/opimage/AddOpImage,MDSYS,com/sun/media/jai/opimage/AddOpImage,
PUBLIC,com/sun/media/jai/opimage/AffineBicubicOpImage,MDSYS,com/sun/media/jai/opimage/AffineBicubicOpImage,
PUBLIC,com/sun/media/jai/opimage/AffineBicubic2OpImage,MDSYS,com/sun/media/jai/opimage/AffineBicubic2OpImage,
PUBLIC,com/sun/media/jai/opimage/AffineBilinearOpImage,MDSYS,com/sun/media/jai/opimage/AffineBilinearOpImage,
PUBLIC,com/sun/media/jai/opimage/AffineCRIF,MDSYS,com/sun/media/jai/opimage/AffineCRIF,
PUBLIC,com/sun/media/jai/opimage/AffineGeneralOpImage,MDSYS,com/sun/media/jai/opimage/AffineGeneralOpImage,
PUBLIC,com/sun/media/jai/opimage/AffineNearestBinaryOpImage,MDSYS,com/sun/media/jai/opimage/AffineNearestBinaryOpImage,
PUBLIC,com/sun/media/jai/opimage/AffineNearestOpImage,MDSYS,com/sun/media/jai/opimage/AffineNearestOpImage,
PUBLIC,com/sun/media/jai/opimage/AffineOpImage,MDSYS,com/sun/media/jai/opimage/AffineOpImage,
PUBLIC,com/sun/media/jai/opimage/AndConstCRIF,MDSYS,com/sun/media/jai/opimage/AndConstCRIF,
PUBLIC,com/sun/media/jai/opimage/AndConstOpImage,MDSYS,com/sun/media/jai/opimage/AndConstOpImage,
PUBLIC,com/sun/media/jai/opimage/AndCRIF,MDSYS,com/sun/media/jai/opimage/AndCRIF,
PUBLIC,com/sun/media/jai/opimage/AndOpImage,MDSYS,com/sun/media/jai/opimage/AndOpImage,
PUBLIC,com/sun/media/jai/opimage/AWTImageOpImage,MDSYS,com/sun/media/jai/opimage/AWTImageOpImage,
PUBLIC,com/sun/media/jai/opimage/AWTImageRIF,MDSYS,com/sun/media/jai/opimage/AWTImageRIF,
PUBLIC,com/sun/media/jai/opimage/BandCombineCRIF,MDSYS,com/sun/media/jai/opimage/BandCombineCRIF,
PUBLIC,com/sun/media/jai/opimage/BandCombineOpImage,MDSYS,com/sun/media/jai/opimage/BandCombineOpImage,
PUBLIC,com/sun/media/jai/opimage/BandMergeCRIF,MDSYS,com/sun/media/jai/opimage/BandMergeCRIF,
PUBLIC,com/sun/media/jai/opimage/BandMergeOpImage,MDSYS,com/sun/media/jai/opimage/BandMergeOpImage,
PUBLIC,com/sun/media/jai/opimage/BandSelectCRIF,MDSYS,com/sun/media/jai/opimage/BandSelectCRIF,
PUBLIC,com/sun/media/jai/opimage/BandSelectOpImage,MDSYS,com/sun/media/jai/opimage/BandSelectOpImage,
PUBLIC,com/sun/media/jai/opimage/BinarizeCRIF,MDSYS,com/sun/media/jai/opimage/BinarizeCRIF,
PUBLIC,com/sun/media/jai/opimage/BinarizeOpImage,MDSYS,com/sun/media/jai/opimage/BinarizeOpImage,
PUBLIC,com/sun/media/jai/opimage/BMPRIF,MDSYS,com/sun/media/jai/opimage/BMPRIF,
PUBLIC,com/sun/media/jai/opimage/BorderOpImage,MDSYS,com/sun/media/jai/opimage/BorderOpImage,
PUBLIC,com/sun/media/jai/opimage/BorderRIF,MDSYS,com/sun/media/jai/opimage/BorderRIF,
PUBLIC,com/sun/media/jai/opimage/BoxFilterRIF,MDSYS,com/sun/media/jai/opimage/BoxFilterRIF,
PUBLIC,com/sun/media/jai/opimage/ClampCRIF,MDSYS,com/sun/media/jai/opimage/ClampCRIF,
PUBLIC,com/sun/media/jai/opimage/ClampOpImage,MDSYS,com/sun/media/jai/opimage/ClampOpImage,
PUBLIC,com/sun/media/jai/opimage/CodecRIFUtil,MDSYS,com/sun/media/jai/opimage/CodecRIFUtil,
PUBLIC,com/sun/media/jai/opimage/ColorConvertCRIF,MDSYS,com/sun/media/jai/opimage/ColorConvertCRIF,
PUBLIC,com/sun/media/jai/opimage/ColorConvertOpImage,MDSYS,com/sun/media/jai/opimage/ColorConvertOpImage,
PUBLIC,com/sun/media/jai/opimage/ColorConvertOpImage$ImageParameters,MDSYS,com/sun/media/jai/opimage/ColorConvertOpImage$ImageParameters,
PUBLIC,com/sun/media/jai/opimage/ColorQuantizerOpImage,MDSYS,com/sun/media/jai/opimage/ColorQuantizerOpImage,
PUBLIC,com/sun/media/jai/opimage/ColorQuantizerRIF,MDSYS,com/sun/media/jai/opimage/ColorQuantizerRIF,
PUBLIC,com/sun/media/jai/opimage/ComplexArithmeticOpImage,MDSYS,com/sun/media/jai/opimage/ComplexArithmeticOpImage,
PUBLIC,com/sun/media/jai/opimage/CompositeCRIF,MDSYS,com/sun/media/jai/opimage/CompositeCRIF,
PUBLIC,com/sun/media/jai/opimage/CompositeNoDestAlphaOpImage,MDSYS,com/sun/media/jai/opimage/CompositeNoDestAlphaOpImage,
PUBLIC,com/sun/media/jai/opimage/CompositeOpImage,MDSYS,com/sun/media/jai/opimage/CompositeOpImage,
PUBLIC,com/sun/media/jai/opimage/ConjugateCRIF,MDSYS,com/sun/media/jai/opimage/ConjugateCRIF,
PUBLIC,com/sun/media/jai/opimage/ConjugateOpImage,MDSYS,com/sun/media/jai/opimage/ConjugateOpImage,
PUBLIC,com/sun/media/jai/opimage/ConstantCRIF,MDSYS,com/sun/media/jai/opimage/ConstantCRIF,
PUBLIC,com/sun/media/jai/opimage/ConstantOpImage,MDSYS,com/sun/media/jai/opimage/ConstantOpImage,
PUBLIC,com/sun/media/jai/opimage/ConvolveOpImage,MDSYS,com/sun/media/jai/opimage/ConvolveOpImage,
PUBLIC,com/sun/media/jai/opimage/ConvolveRIF,MDSYS,com/sun/media/jai/opimage/ConvolveRIF,
PUBLIC,com/sun/media/jai/opimage/Convolve3x3OpImage,MDSYS,com/sun/media/jai/opimage/Convolve3x3OpImage,
PUBLIC,com/sun/media/jai/opimage/CopyOpImage,MDSYS,com/sun/media/jai/opimage/CopyOpImage,
PUBLIC,com/sun/media/jai/opimage/CropCRIF,MDSYS,com/sun/media/jai/opimage/CropCRIF,
PUBLIC,com/sun/media/jai/opimage/CropOpImage,MDSYS,com/sun/media/jai/opimage/CropOpImage,
PUBLIC,com/sun/media/jai/opimage/Cube,MDSYS,com/sun/media/jai/opimage/Cube,
PUBLIC,com/sun/media/jai/opimage/DCTCRIF,MDSYS,com/sun/media/jai/opimage/DCTCRIF,
PUBLIC,com/sun/media/jai/opimage/DCTOpImage,MDSYS,com/sun/media/jai/opimage/DCTOpImage,
PUBLIC,com/sun/media/jai/opimage/DFTCRIF,MDSYS,com/sun/media/jai/opimage/DFTCRIF,
PUBLIC,com/sun/media/jai/opimage/DFTOpImage,MDSYS,com/sun/media/jai/opimage/DFTOpImage,
PUBLIC,com/sun/media/jai/opimage/DilateBinaryOpImage,MDSYS,com/sun/media/jai/opimage/DilateBinaryOpImage,
PUBLIC,com/sun/media/jai/opimage/DilateOpImage,MDSYS,com/sun/media/jai/opimage/DilateOpImage,
PUBLIC,com/sun/media/jai/opimage/DilateRIF,MDSYS,com/sun/media/jai/opimage/DilateRIF,
PUBLIC,com/sun/media/jai/opimage/DivideByConstCRIF,MDSYS,com/sun/media/jai/opimage/DivideByConstCRIF,
PUBLIC,com/sun/media/jai/opimage/DivideComplexCRIF,MDSYS,com/sun/media/jai/opimage/DivideComplexCRIF,
PUBLIC,com/sun/media/jai/opimage/DivideCRIF,MDSYS,com/sun/media/jai/opimage/DivideCRIF,
PUBLIC,com/sun/media/jai/opimage/DivideIntoConstCRIF,MDSYS,com/sun/media/jai/opimage/DivideIntoConstCRIF,
PUBLIC,com/sun/media/jai/opimage/DivideIntoConstOpImage,MDSYS,com/sun/media/jai/opimage/DivideIntoConstOpImage,
PUBLIC,com/sun/media/jai/opimage/DivideOpImage,MDSYS,com/sun/media/jai/opimage/DivideOpImage,
PUBLIC,com/sun/media/jai/opimage/EncodeRIF,MDSYS,com/sun/media/jai/opimage/EncodeRIF,
PUBLIC,com/sun/media/jai/opimage/ErodeBinaryOpImage,MDSYS,com/sun/media/jai/opimage/ErodeBinaryOpImage,
PUBLIC,com/sun/media/jai/opimage/ErodeOpImage,MDSYS,com/sun/media/jai/opimage/ErodeOpImage,
PUBLIC,com/sun/media/jai/opimage/ErodeRIF,MDSYS,com/sun/media/jai/opimage/ErodeRIF,
PUBLIC,com/sun/media/jai/opimage/ErrorDiffusionOpImage,MDSYS,com/sun/media/jai/opimage/ErrorDiffusionOpImage,
PUBLIC,com/sun/media/jai/opimage/ErrorDiffusionRIF,MDSYS,com/sun/media/jai/opimage/ErrorDiffusionRIF,
PUBLIC,com/sun/media/jai/opimage/ExpCRIF,MDSYS,com/sun/media/jai/opimage/ExpCRIF,
PUBLIC,com/sun/media/jai/opimage/ExpOpImage,MDSYS,com/sun/media/jai/opimage/ExpOpImage,
PUBLIC,com/sun/media/jai/opimage/ExtremaOpImage,MDSYS,com/sun/media/jai/opimage/ExtremaOpImage,
PUBLIC,com/sun/media/jai/opimage/ExtremaRIF,MDSYS,com/sun/media/jai/opimage/ExtremaRIF,
PUBLIC,com/sun/media/jai/opimage/FCT,MDSYS,com/sun/media/jai/opimage/FCT,
PUBLIC,com/sun/media/jai/opimage/FFT,MDSYS,com/sun/media/jai/opimage/FFT,
PUBLIC,com/sun/media/jai/opimage/FileLoadRIF,MDSYS,com/sun/media/jai/opimage/FileLoadRIF,
PUBLIC,com/sun/media/jai/opimage/FileStoreRIF,MDSYS,com/sun/media/jai/opimage/FileStoreRIF,
PUBLIC,com/sun/media/jai/opimage/FileStoreRIF$FileStoreImage,MDSYS,com/sun/media/jai/opimage/FileStoreRIF$FileStoreImage,
PUBLIC,com/sun/media/jai/opimage/FilterCRIF,MDSYS,com/sun/media/jai/opimage/FilterCRIF,
PUBLIC,com/sun/media/jai/opimage/FilteredSubsampleOpImage,MDSYS,com/sun/media/jai/opimage/FilteredSubsampleOpImage,
PUBLIC,com/sun/media/jai/opimage/FilteredSubsampleRIF,MDSYS,com/sun/media/jai/opimage/FilteredSubsampleRIF,
PUBLIC,com/sun/media/jai/opimage/FormatCRIF,MDSYS,com/sun/media/jai/opimage/FormatCRIF,
PUBLIC,com/sun/media/jai/opimage/GIFRIF,MDSYS,com/sun/media/jai/opimage/GIFRIF,
PUBLIC,com/sun/media/jai/opimage/GradientOpImage,MDSYS,com/sun/media/jai/opimage/GradientOpImage,
PUBLIC,com/sun/media/jai/opimage/GradientRIF,MDSYS,com/sun/media/jai/opimage/GradientRIF,
PUBLIC,com/sun/media/jai/opimage/HistogramHash,MDSYS,com/sun/media/jai/opimage/HistogramHash,
PUBLIC,com/sun/media/jai/opimage/HistogramOpImage,MDSYS,com/sun/media/jai/opimage/HistogramOpImage,
PUBLIC,com/sun/media/jai/opimage/HistogramRIF,MDSYS,com/sun/media/jai/opimage/HistogramRIF,
PUBLIC,com/sun/media/jai/opimage/IDCTCRIF,MDSYS,com/sun/media/jai/opimage/IDCTCRIF,
PUBLIC,com/sun/media/jai/opimage/IDFTCRIF,MDSYS,com/sun/media/jai/opimage/IDFTCRIF,
PUBLIC,com/sun/media/jai/opimage/IIPCRIF,MDSYS,com/sun/media/jai/opimage/IIPCRIF,
PUBLIC,com/sun/media/jai/opimage/IIPResolutionOpImage,MDSYS,com/sun/media/jai/opimage/IIPResolutionOpImage,
PUBLIC,com/sun/media/jai/opimage/IIPResolutionRIF,MDSYS,com/sun/media/jai/opimage/IIPResolutionRIF,
PUBLIC,com/sun/media/jai/opimage/ImageFunctionOpImage,MDSYS,com/sun/media/jai/opimage/ImageFunctionOpImage,
PUBLIC,com/sun/media/jai/opimage/ImageFunctionRIF,MDSYS,com/sun/media/jai/opimage/ImageFunctionRIF,
PUBLIC,com/sun/media/jai/opimage/InvertCRIF,MDSYS,com/sun/media/jai/opimage/InvertCRIF,
PUBLIC,com/sun/media/jai/opimage/InvertOpImage,MDSYS,com/sun/media/jai/opimage/InvertOpImage,
PUBLIC,com/sun/media/jai/opimage/JaiI18N,MDSYS,com/sun/media/jai/opimage/JaiI18N,
PUBLIC,com/sun/media/jai/opimage/JPEGRIF,MDSYS,com/sun/media/jai/opimage/JPEGRIF,
PUBLIC,com/sun/media/jai/opimage/LogCRIF,MDSYS,com/sun/media/jai/opimage/LogCRIF,
PUBLIC,com/sun/media/jai/opimage/LogOpImage,MDSYS,com/sun/media/jai/opimage/LogOpImage,
PUBLIC,com/sun/media/jai/opimage/LookupCRIF,MDSYS,com/sun/media/jai/opimage/LookupCRIF,
PUBLIC,com/sun/media/jai/opimage/LookupOpImage,MDSYS,com/sun/media/jai/opimage/LookupOpImage,
PUBLIC,com/sun/media/jai/opimage/MagnitudeCRIF,MDSYS,com/sun/media/jai/opimage/MagnitudeCRIF,
PUBLIC,com/sun/media/jai/opimage/MagnitudePhaseOpImage,MDSYS,com/sun/media/jai/opimage/MagnitudePhaseOpImage,
PUBLIC,com/sun/media/jai/opimage/MagnitudeSquaredCRIF,MDSYS,com/sun/media/jai/opimage/MagnitudeSquaredCRIF,
PUBLIC,com/sun/media/jai/opimage/MatchCDFCRIF,MDSYS,com/sun/media/jai/opimage/MatchCDFCRIF,
PUBLIC,com/sun/media/jai/opimage/MaxCRIF,MDSYS,com/sun/media/jai/opimage/MaxCRIF,
PUBLIC,com/sun/media/jai/opimage/MaxFilterOpImage,MDSYS,com/sun/media/jai/opimage/MaxFilterOpImage,
PUBLIC,com/sun/media/jai/opimage/MaxFilterPlusOpImage,MDSYS,com/sun/media/jai/opimage/MaxFilterPlusOpImage,
PUBLIC,com/sun/media/jai/opimage/MaxFilterRIF,MDSYS,com/sun/media/jai/opimage/MaxFilterRIF,
PUBLIC,com/sun/media/jai/opimage/MaxFilterSeparableOpImage,MDSYS,com/sun/media/jai/opimage/MaxFilterSeparableOpImage,
PUBLIC,com/sun/media/jai/opimage/MaxFilterSquareOpImage,MDSYS,com/sun/media/jai/opimage/MaxFilterSquareOpImage,
PUBLIC,com/sun/media/jai/opimage/MaxFilterXOpImage,MDSYS,com/sun/media/jai/opimage/MaxFilterXOpImage,
PUBLIC,com/sun/media/jai/opimage/MaxOpImage,MDSYS,com/sun/media/jai/opimage/MaxOpImage,
PUBLIC,com/sun/media/jai/opimage/MeanOpImage,MDSYS,com/sun/media/jai/opimage/MeanOpImage,
PUBLIC,com/sun/media/jai/opimage/MeanRIF,MDSYS,com/sun/media/jai/opimage/MeanRIF,
PUBLIC,com/sun/media/jai/opimage/MedianCutOpImage,MDSYS,com/sun/media/jai/opimage/MedianCutOpImage,
PUBLIC,com/sun/media/jai/opimage/MedianFilterOpImage,MDSYS,com/sun/media/jai/opimage/MedianFilterOpImage,
PUBLIC,com/sun/media/jai/opimage/MedianFilterPlusOpImage,MDSYS,com/sun/media/jai/opimage/MedianFilterPlusOpImage,
PUBLIC,com/sun/media/jai/opimage/MedianFilterRIF,MDSYS,com/sun/media/jai/opimage/MedianFilterRIF,
PUBLIC,com/sun/media/jai/opimage/MedianFilterSeparableOpImage,MDSYS,com/sun/media/jai/opimage/MedianFilterSeparableOpImage,
PUBLIC,com/sun/media/jai/opimage/MedianFilterSquareOpImage,MDSYS,com/sun/media/jai/opimage/MedianFilterSquareOpImage,
PUBLIC,com/sun/media/jai/opimage/MedianFilterXOpImage,MDSYS,com/sun/media/jai/opimage/MedianFilterXOpImage,
PUBLIC,com/sun/media/jai/opimage/MinCRIF,MDSYS,com/sun/media/jai/opimage/MinCRIF,
PUBLIC,com/sun/media/jai/opimage/MinFilterOpImage,MDSYS,com/sun/media/jai/opimage/MinFilterOpImage,
PUBLIC,com/sun/media/jai/opimage/MinFilterPlusOpImage,MDSYS,com/sun/media/jai/opimage/MinFilterPlusOpImage,
PUBLIC,com/sun/media/jai/opimage/MinFilterRIF,MDSYS,com/sun/media/jai/opimage/MinFilterRIF,
PUBLIC,com/sun/media/jai/opimage/MinFilterSeparableOpImage,MDSYS,com/sun/media/jai/opimage/MinFilterSeparableOpImage,
PUBLIC,com/sun/media/jai/opimage/MinFilterSquareOpImage,MDSYS,com/sun/media/jai/opimage/MinFilterSquareOpImage,
PUBLIC,com/sun/media/jai/opimage/MinFilterXOpImage,MDSYS,com/sun/media/jai/opimage/MinFilterXOpImage,
PUBLIC,com/sun/media/jai/opimage/MinOpImage,MDSYS,com/sun/media/jai/opimage/MinOpImage,
PUBLIC,com/sun/media/jai/opimage/MosaicOpImage,MDSYS,com/sun/media/jai/opimage/MosaicOpImage,
PUBLIC,com/sun/media/jai/opimage/MosaicRIF,MDSYS,com/sun/media/jai/opimage/MosaicRIF,
PUBLIC,com/sun/media/jai/opimage/MultiplyComplexCRIF,MDSYS,com/sun/media/jai/opimage/MultiplyComplexCRIF,
PUBLIC,com/sun/media/jai/opimage/MultiplyConstCRIF,MDSYS,com/sun/media/jai/opimage/MultiplyConstCRIF,
PUBLIC,com/sun/media/jai/opimage/MultiplyConstOpImage,MDSYS,com/sun/media/jai/opimage/MultiplyConstOpImage,
PUBLIC,com/sun/media/jai/opimage/MultiplyCRIF,MDSYS,com/sun/media/jai/opimage/MultiplyCRIF,
PUBLIC,com/sun/media/jai/opimage/MultiplyOpImage,MDSYS,com/sun/media/jai/opimage/MultiplyOpImage,
PUBLIC,com/sun/media/jai/opimage/NeuQuantOpImage,MDSYS,com/sun/media/jai/opimage/NeuQuantOpImage,
PUBLIC,com/sun/media/jai/opimage/NotCRIF,MDSYS,com/sun/media/jai/opimage/NotCRIF,
PUBLIC,com/sun/media/jai/opimage/NotOpImage,MDSYS,com/sun/media/jai/opimage/NotOpImage,
PUBLIC,com/sun/media/jai/opimage/OctTreeOpImage,MDSYS,com/sun/media/jai/opimage/OctTreeOpImage,
PUBLIC,com/sun/media/jai/opimage/OctTreeOpImage$Cube,MDSYS,com/sun/media/jai/opimage/OctTreeOpImage$Cube,
PUBLIC,com/sun/media/jai/opimage/OctTreeOpImage$Cube$Node,MDSYS,com/sun/media/jai/opimage/OctTreeOpImage$Cube$Node,
PUBLIC,com/sun/media/jai/opimage/OrConstCRIF,MDSYS,com/sun/media/jai/opimage/OrConstCRIF,
PUBLIC,com/sun/media/jai/opimage/OrConstOpImage,MDSYS,com/sun/media/jai/opimage/OrConstOpImage,
PUBLIC,com/sun/media/jai/opimage/OrCRIF,MDSYS,com/sun/media/jai/opimage/OrCRIF,
PUBLIC,com/sun/media/jai/opimage/OrderedDitherOpImage,MDSYS,com/sun/media/jai/opimage/OrderedDitherOpImage,
PUBLIC,com/sun/media/jai/opimage/OrderedDitherOpImage$DitherLUT,MDSYS,com/sun/media/jai/opimage/OrderedDitherOpImage$DitherLUT,
PUBLIC,com/sun/media/jai/opimage/OrderedDitherRIF,MDSYS,com/sun/media/jai/opimage/OrderedDitherRIF,
PUBLIC,com/sun/media/jai/opimage/OrOpImage,MDSYS,com/sun/media/jai/opimage/OrOpImage,
PUBLIC,com/sun/media/jai/opimage/OverlayCRIF,MDSYS,com/sun/media/jai/opimage/OverlayCRIF,
PUBLIC,com/sun/media/jai/opimage/OverlayOpImage,MDSYS,com/sun/media/jai/opimage/OverlayOpImage,
PUBLIC,com/sun/media/jai/opimage/PatternOpImage,MDSYS,com/sun/media/jai/opimage/PatternOpImage,
PUBLIC,com/sun/media/jai/opimage/PatternRIF,MDSYS,com/sun/media/jai/opimage/PatternRIF,
PUBLIC,com/sun/media/jai/opimage/PeriodicShiftCRIF,MDSYS,com/sun/media/jai/opimage/PeriodicShiftCRIF,
PUBLIC,com/sun/media/jai/opimage/PeriodicShiftOpImage,MDSYS,com/sun/media/jai/opimage/PeriodicShiftOpImage,
PUBLIC,com/sun/media/jai/opimage/PhaseCRIF,MDSYS,com/sun/media/jai/opimage/PhaseCRIF,
PUBLIC,com/sun/media/jai/opimage/PiecewiseCRIF,MDSYS,com/sun/media/jai/opimage/PiecewiseCRIF,
PUBLIC,com/sun/media/jai/opimage/PiecewiseOpImage,MDSYS,com/sun/media/jai/opimage/PiecewiseOpImage,
PUBLIC,com/sun/media/jai/opimage/PNGRIF,MDSYS,com/sun/media/jai/opimage/PNGRIF,
PUBLIC,com/sun/media/jai/opimage/PNMRIF,MDSYS,com/sun/media/jai/opimage/PNMRIF,
PUBLIC,com/sun/media/jai/opimage/PointMapperOpImage,MDSYS,com/sun/media/jai/opimage/PointMapperOpImage,
PUBLIC,com/sun/media/jai/opimage/PolarToComplexCRIF,MDSYS,com/sun/media/jai/opimage/PolarToComplexCRIF,
PUBLIC,com/sun/media/jai/opimage/PolarToComplexOpImage,MDSYS,com/sun/media/jai/opimage/PolarToComplexOpImage,
PUBLIC,com/sun/media/jai/opimage/RenderableCRIF,MDSYS,com/sun/media/jai/opimage/RenderableCRIF,
PUBLIC,com/sun/media/jai/opimage/RescaleCRIF,MDSYS,com/sun/media/jai/opimage/RescaleCRIF,
PUBLIC,com/sun/media/jai/opimage/RescaleOpImage,MDSYS,com/sun/media/jai/opimage/RescaleOpImage,
PUBLIC,com/sun/media/jai/opimage/RIFUtil,MDSYS,com/sun/media/jai/opimage/RIFUtil,
PUBLIC,com/sun/media/jai/opimage/RotateCRIF,MDSYS,com/sun/media/jai/opimage/RotateCRIF,
PUBLIC,com/sun/media/jai/opimage/ScaleBicubicOpImage,MDSYS,com/sun/media/jai/opimage/ScaleBicubicOpImage,
PUBLIC,com/sun/media/jai/opimage/ScaleBilinearBinaryOpImage,MDSYS,com/sun/media/jai/opimage/ScaleBilinearBinaryOpImage,
PUBLIC,com/sun/media/jai/opimage/ScaleBilinearOpImage,MDSYS,com/sun/media/jai/opimage/ScaleBilinearOpImage,
PUBLIC,com/sun/media/jai/opimage/ScaleCRIF,MDSYS,com/sun/media/jai/opimage/ScaleCRIF,
PUBLIC,com/sun/media/jai/opimage/ScaleGeneralOpImage,MDSYS,com/sun/media/jai/opimage/ScaleGeneralOpImage,
PUBLIC,com/sun/media/jai/opimage/ScaleNearestBinaryOpImage,MDSYS,com/sun/media/jai/opimage/ScaleNearestBinaryOpImage,
PUBLIC,com/sun/media/jai/opimage/ScaleNearestOpImage,MDSYS,com/sun/media/jai/opimage/ScaleNearestOpImage,
PUBLIC,com/sun/media/jai/opimage/SeparableConvolveOpImage,MDSYS,com/sun/media/jai/opimage/SeparableConvolveOpImage,
PUBLIC,com/sun/media/jai/opimage/ShearRIF,MDSYS,com/sun/media/jai/opimage/ShearRIF,
PUBLIC,com/sun/media/jai/opimage/StreamImage,MDSYS,com/sun/media/jai/opimage/StreamImage,
PUBLIC,com/sun/media/jai/opimage/StreamRIF,MDSYS,com/sun/media/jai/opimage/StreamRIF,
PUBLIC,com/sun/media/jai/opimage/SubsampleAverageCRIF,MDSYS,com/sun/media/jai/opimage/SubsampleAverageCRIF,
PUBLIC,com/sun/media/jai/opimage/SubsampleAverageOpImage,MDSYS,com/sun/media/jai/opimage/SubsampleAverageOpImage,
PUBLIC,com/sun/media/jai/opimage/SubsampleBinaryToGrayCRIF,MDSYS,com/sun/media/jai/opimage/SubsampleBinaryToGrayCRIF,
PUBLIC,com/sun/media/jai/opimage/SubsampleBinaryToGrayOpImage,MDSYS,com/sun/media/jai/opimage/SubsampleBinaryToGrayOpImage,
PUBLIC,com/sun/media/jai/opimage/SubsampleBinaryToGray2x2OpImage,MDSYS,com/sun/media/jai/opimage/SubsampleBinaryToGray2x2OpImage,
PUBLIC,com/sun/media/jai/opimage/SubsampleBinaryToGray4x4OpImage,MDSYS,com/sun/media/jai/opimage/SubsampleBinaryToGray4x4OpImage,
PUBLIC,com/sun/media/jai/opimage/SubtractConstCRIF,MDSYS,com/sun/media/jai/opimage/SubtractConstCRIF,
PUBLIC,com/sun/media/jai/opimage/SubtractCRIF,MDSYS,com/sun/media/jai/opimage/SubtractCRIF,
PUBLIC,com/sun/media/jai/opimage/SubtractFromConstCRIF,MDSYS,com/sun/media/jai/opimage/SubtractFromConstCRIF,
PUBLIC,com/sun/media/jai/opimage/SubtractFromConstOpImage,MDSYS,com/sun/media/jai/opimage/SubtractFromConstOpImage,
PUBLIC,com/sun/media/jai/opimage/SubtractOpImage,MDSYS,com/sun/media/jai/opimage/SubtractOpImage,
PUBLIC,com/sun/media/jai/opimage/ThresholdCRIF,MDSYS,com/sun/media/jai/opimage/ThresholdCRIF,
PUBLIC,com/sun/media/jai/opimage/ThresholdOpImage,MDSYS,com/sun/media/jai/opimage/ThresholdOpImage,
PUBLIC,com/sun/media/jai/opimage/TIFFRIF,MDSYS,com/sun/media/jai/opimage/TIFFRIF,
PUBLIC,com/sun/media/jai/opimage/TranslateCRIF,MDSYS,com/sun/media/jai/opimage/TranslateCRIF,
PUBLIC,com/sun/media/jai/opimage/TranslateIntOpImage,MDSYS,com/sun/media/jai/opimage/TranslateIntOpImage,
PUBLIC,com/sun/media/jai/opimage/TransposeBinaryOpImage,MDSYS,com/sun/media/jai/opimage/TransposeBinaryOpImage,
PUBLIC,com/sun/media/jai/opimage/TransposeCRIF,MDSYS,com/sun/media/jai/opimage/TransposeCRIF,
PUBLIC,com/sun/media/jai/opimage/TransposeOpImage,MDSYS,com/sun/media/jai/opimage/TransposeOpImage,
PUBLIC,com/sun/media/jai/opimage/UnsharpMaskRIF,MDSYS,com/sun/media/jai/opimage/UnsharpMaskRIF,
PUBLIC,com/sun/media/jai/opimage/URLRIF,MDSYS,com/sun/media/jai/opimage/URLRIF,
PUBLIC,com/sun/media/jai/opimage/WarpBilinearOpImage,MDSYS,com/sun/media/jai/opimage/WarpBilinearOpImage,
PUBLIC,com/sun/media/jai/opimage/WarpGeneralOpImage,MDSYS,com/sun/media/jai/opimage/WarpGeneralOpImage,
PUBLIC,com/sun/media/jai/opimage/WarpNearestOpImage,MDSYS,com/sun/media/jai/opimage/WarpNearestOpImage,
PUBLIC,com/sun/media/jai/opimage/WarpRIF,MDSYS,com/sun/media/jai/opimage/WarpRIF,
PUBLIC,com/sun/media/jai/opimage/XorConstCRIF,MDSYS,com/sun/media/jai/opimage/XorConstCRIF,
PUBLIC,com/sun/media/jai/opimage/XorConstOpImage,MDSYS,com/sun/media/jai/opimage/XorConstOpImage,
PUBLIC,com/sun/media/jai/opimage/XorCRIF,MDSYS,com/sun/media/jai/opimage/XorCRIF,
PUBLIC,com/sun/media/jai/opimage/XorOpImage,MDSYS,com/sun/media/jai/opimage/XorOpImage,
PUBLIC,com/sun/media/jai/remote/JAIServerConfigurationSpi,MDSYS,com/sun/media/jai/remote/JAIServerConfigurationSpi,
PUBLIC,com/sun/media/jai/rmi/ColorModelProxy,MDSYS,com/sun/media/jai/rmi/ColorModelProxy,
PUBLIC,com/sun/media/jai/rmi/ColorModelState,MDSYS,com/sun/media/jai/rmi/ColorModelState,
PUBLIC,com/sun/media/jai/rmi/DataBufferProxy,MDSYS,com/sun/media/jai/rmi/DataBufferProxy,
PUBLIC,com/sun/media/jai/rmi/DataBufferState,MDSYS,com/sun/media/jai/rmi/DataBufferState,
PUBLIC,com/sun/media/jai/rmi/HashSetState,MDSYS,com/sun/media/jai/rmi/HashSetState,
PUBLIC,com/sun/media/jai/rmi/HashtableState,MDSYS,com/sun/media/jai/rmi/HashtableState,
PUBLIC,com/sun/media/jai/rmi/ImageServer,MDSYS,com/sun/media/jai/rmi/ImageServer,
PUBLIC,com/sun/media/jai/rmi/InterfaceHandler,MDSYS,com/sun/media/jai/rmi/InterfaceHandler,
PUBLIC,com/sun/media/jai/rmi/InterfaceProxy,MDSYS,com/sun/media/jai/rmi/InterfaceProxy,
PUBLIC,com/sun/media/jai/rmi/InterfaceState,MDSYS,com/sun/media/jai/rmi/InterfaceState,
PUBLIC,com/sun/media/jai/rmi/JaiI18N,MDSYS,com/sun/media/jai/rmi/JaiI18N,
PUBLIC,com/sun/media/jai/rmi/JAIRMICRIF,MDSYS,com/sun/media/jai/rmi/JAIRMICRIF,
PUBLIC,com/sun/media/jai/rmi/JAIRMIImageServer,MDSYS,com/sun/media/jai/rmi/JAIRMIImageServer,
PUBLIC,com/sun/media/jai/rmi/JAIRMIUtil,MDSYS,com/sun/media/jai/rmi/JAIRMIUtil,
PUBLIC,com/sun/media/jai/rmi/NullPropertyTag,MDSYS,com/sun/media/jai/rmi/NullPropertyTag,
PUBLIC,com/sun/media/jai/rmi/RasterProxy,MDSYS,com/sun/media/jai/rmi/RasterProxy,
PUBLIC,com/sun/media/jai/rmi/RasterState,MDSYS,com/sun/media/jai/rmi/RasterState,
PUBLIC,com/sun/media/jai/rmi/RenderableRMIServerProxy,MDSYS,com/sun/media/jai/rmi/RenderableRMIServerProxy,
PUBLIC,com/sun/media/jai/rmi/RenderContextProxy,MDSYS,com/sun/media/jai/rmi/RenderContextProxy,
PUBLIC,com/sun/media/jai/rmi/RenderContextState,MDSYS,com/sun/media/jai/rmi/RenderContextState,
PUBLIC,com/sun/media/jai/rmi/RenderedImageState,MDSYS,com/sun/media/jai/rmi/RenderedImageState,
PUBLIC,com/sun/media/jai/rmi/RenderingHintsProxy,MDSYS,com/sun/media/jai/rmi/RenderingHintsProxy,
PUBLIC,com/sun/media/jai/rmi/RenderingHintsProxy$HintElement,MDSYS,com/sun/media/jai/rmi/RenderingHintsProxy$HintElement,
PUBLIC,com/sun/media/jai/rmi/RenderingHintsState,MDSYS,com/sun/media/jai/rmi/RenderingHintsState,
PUBLIC,com/sun/media/jai/rmi/RenderingHintsState$HintElement,MDSYS,com/sun/media/jai/rmi/RenderingHintsState$HintElement,
PUBLIC,com/sun/media/jai/rmi/RenderingKeyState,MDSYS,com/sun/media/jai/rmi/RenderingKeyState,
PUBLIC,com/sun/media/jai/rmi/RMIImage,MDSYS,com/sun/media/jai/rmi/RMIImage,
PUBLIC,com/sun/media/jai/rmi/RMIImageImpl,MDSYS,com/sun/media/jai/rmi/RMIImageImpl,
PUBLIC,com/sun/media/jai/rmi/RMIServerProxy,MDSYS,com/sun/media/jai/rmi/RMIServerProxy,
PUBLIC,com/sun/media/jai/rmi/SampleModelProxy,MDSYS,com/sun/media/jai/rmi/SampleModelProxy,
PUBLIC,com/sun/media/jai/rmi/SampleModelState,MDSYS,com/sun/media/jai/rmi/SampleModelState,
PUBLIC,com/sun/media/jai/rmi/SerializableRenderableImage,MDSYS,com/sun/media/jai/rmi/SerializableRenderableImage,
PUBLIC,com/sun/media/jai/rmi/SerializableRenderableImage$RenderingServer,MDSYS,com/sun/media/jai/rmi/SerializableRenderableImage$RenderingServer,
PUBLIC,com/sun/media/jai/rmi/SerializableRenderableImage$1,MDSYS,com/sun/media/jai/rmi/SerializableRenderableImage$1,
PUBLIC,com/sun/media/jai/rmi/SerializableStateImpl,MDSYS,com/sun/media/jai/rmi/SerializableStateImpl,
PUBLIC,com/sun/media/jai/rmi/SerializerImpl,MDSYS,com/sun/media/jai/rmi/SerializerImpl,
PUBLIC,com/sun/media/jai/rmi/ShapeState,MDSYS,com/sun/media/jai/rmi/ShapeState,
PUBLIC,com/sun/media/jai/rmi/VectorState,MDSYS,com/sun/media/jai/rmi/VectorState,
PUBLIC,com/sun/media/jai/test/CheckerboardOpImage,MDSYS,com/sun/media/jai/test/CheckerboardOpImage,
PUBLIC,com/sun/media/jai/test/OpImageTester,MDSYS,com/sun/media/jai/test/OpImageTester,
PUBLIC,com/sun/media/jai/test/RampOpImage,MDSYS,com/sun/media/jai/test/RampOpImage,
PUBLIC,com/sun/media/jai/test/RandomOpImage,MDSYS,com/sun/media/jai/test/RandomOpImage,
PUBLIC,com/sun/media/jai/test/RandomRIF,MDSYS,com/sun/media/jai/test/RandomRIF,
PUBLIC,com/sun/media/jai/tilecodec/GZIPTileDecoder,MDSYS,com/sun/media/jai/tilecodec/GZIPTileDecoder,
PUBLIC,com/sun/media/jai/tilecodec/GZIPTileDecoderFactory,MDSYS,com/sun/media/jai/tilecodec/GZIPTileDecoderFactory,
PUBLIC,com/sun/media/jai/tilecodec/GZIPTileEncoder,MDSYS,com/sun/media/jai/tilecodec/GZIPTileEncoder,
PUBLIC,com/sun/media/jai/tilecodec/GZIPTileEncoderFactory,MDSYS,com/sun/media/jai/tilecodec/GZIPTileEncoderFactory,
PUBLIC,com/sun/media/jai/tilecodec/JaiI18N,MDSYS,com/sun/media/jai/tilecodec/JaiI18N,
PUBLIC,com/sun/media/jai/tilecodec/RawTileDecoder,MDSYS,com/sun/media/jai/tilecodec/RawTileDecoder,
PUBLIC,com/sun/media/jai/tilecodec/RawTileDecoderFactory,MDSYS,com/sun/media/jai/tilecodec/RawTileDecoderFactory,
PUBLIC,com/sun/media/jai/tilecodec/RawTileEncoder,MDSYS,com/sun/media/jai/tilecodec/RawTileEncoder,
PUBLIC,com/sun/media/jai/tilecodec/RawTileEncoderFactory,MDSYS,com/sun/media/jai/tilecodec/RawTileEncoderFactory,
PUBLIC,com/sun/media/jai/tilecodec/TileCodecUtils,MDSYS,com/sun/media/jai/tilecodec/TileCodecUtils,
PUBLIC,com/sun/media/jai/util/AreaOpPropertyGenerator,MDSYS,com/sun/media/jai/util/AreaOpPropertyGenerator,
PUBLIC,com/sun/media/jai/util/CacheDiagnostics,MDSYS,com/sun/media/jai/util/CacheDiagnostics,
PUBLIC,com/sun/media/jai/util/CaselessStringArrayTable,MDSYS,com/sun/media/jai/util/CaselessStringArrayTable,
PUBLIC,com/sun/media/jai/util/CaselessStringKeyHashtable,MDSYS,com/sun/media/jai/util/CaselessStringKeyHashtable,
PUBLIC,com/sun/media/jai/util/DataBufferUtils,MDSYS,com/sun/media/jai/util/DataBufferUtils,
PUBLIC,com/sun/media/jai/util/DisposableNullOpImage,MDSYS,com/sun/media/jai/util/DisposableNullOpImage,
PUBLIC,com/sun/media/jai/util/ImageUtil,MDSYS,com/sun/media/jai/util/ImageUtil,
PUBLIC,com/sun/media/jai/util/ImagingListenerImpl,MDSYS,com/sun/media/jai/util/ImagingListenerImpl,
PUBLIC,com/sun/media/jai/util/InterpAverage,MDSYS,com/sun/media/jai/util/InterpAverage,
PUBLIC,com/sun/media/jai/util/JaiI18N,MDSYS,com/sun/media/jai/util/JaiI18N,
PUBLIC,com/sun/media/jai/util/JDKWorkarounds,MDSYS,com/sun/media/jai/util/JDKWorkarounds,
PUBLIC,com/sun/media/jai/util/Job,MDSYS,com/sun/media/jai/util/Job,
PUBLIC,com/sun/media/jai/util/MathJAI,MDSYS,com/sun/media/jai/util/MathJAI,
PUBLIC,com/sun/media/jai/util/PlanarImageProducer,MDSYS,com/sun/media/jai/util/PlanarImageProducer,
PUBLIC,com/sun/media/jai/util/PolyWarpSolver,MDSYS,com/sun/media/jai/util/PolyWarpSolver,
PUBLIC,com/sun/media/jai/util/PropertyGeneratorImpl,MDSYS,com/sun/media/jai/util/PropertyGeneratorImpl,
PUBLIC,com/sun/media/jai/util/PropertyUtil,MDSYS,com/sun/media/jai/util/PropertyUtil,
PUBLIC,com/sun/media/jai/util/PropertyUtil$1,MDSYS,com/sun/media/jai/util/PropertyUtil$1,
PUBLIC,com/sun/media/jai/util/Rational,MDSYS,com/sun/media/jai/util/Rational,
PUBLIC,com/sun/media/jai/util/Request,MDSYS,com/sun/media/jai/util/Request,
PUBLIC,com/sun/media/jai/util/RequestJob,MDSYS,com/sun/media/jai/util/RequestJob,
PUBLIC,com/sun/media/jai/util/RWLock,MDSYS,com/sun/media/jai/util/RWLock,
PUBLIC,com/sun/media/jai/util/RWLock$LockNotHeld,MDSYS,com/sun/media/jai/util/RWLock$LockNotHeld,
PUBLIC,com/sun/media/jai/util/RWLock$ReaderWriter,MDSYS,com/sun/media/jai/util/RWLock$ReaderWriter,
PUBLIC,com/sun/media/jai/util/RWLock$UpgradeNotAllowed,MDSYS,com/sun/media/jai/util/RWLock$UpgradeNotAllowed,
PUBLIC,com/sun/media/jai/util/RWLock$WaitingList,MDSYS,com/sun/media/jai/util/RWLock$WaitingList,
PUBLIC,com/sun/media/jai/util/RWLock$1,MDSYS,com/sun/media/jai/util/RWLock$1,
PUBLIC,com/sun/media/jai/util/Service,MDSYS,com/sun/media/jai/util/Service,
PUBLIC,com/sun/media/jai/util/ServiceConfigurationError,MDSYS,com/sun/media/jai/util/ServiceConfigurationError,
PUBLIC,com/sun/media/jai/util/Service$LazyIterator,MDSYS,com/sun/media/jai/util/Service$LazyIterator,
PUBLIC,com/sun/media/jai/util/Service$1,MDSYS,com/sun/media/jai/util/Service$1,
PUBLIC,com/sun/media/jai/util/SimpleCMYKColorSpace,MDSYS,com/sun/media/jai/util/SimpleCMYKColorSpace,
PUBLIC,com/sun/media/jai/util/SunCachedTile,MDSYS,com/sun/media/jai/util/SunCachedTile,
PUBLIC,com/sun/media/jai/util/SunTileCache,MDSYS,com/sun/media/jai/util/SunTileCache,
PUBLIC,com/sun/media/jai/util/SunTileScheduler,MDSYS,com/sun/media/jai/util/SunTileScheduler,
PUBLIC,com/sun/media/jai/util/TileJob,MDSYS,com/sun/media/jai/util/TileJob,
PUBLIC,com/sun/media/jai/util/WorkerThread,MDSYS,com/sun/media/jai/util/WorkerThread,
PUBLIC,com/sun/media/jai/widget/DisplayJAI,MDSYS,com/sun/media/jai/widget/DisplayJAI,
PUBLIC,com/sun/medialib/codec/jiio/codecLibExceptionStrings.properties,MDSYS,com/sun/medialib/codec/jiio/codecLibExceptionStrings.properties,
PUBLIC,com/sun/medialib/codec/jiio/codecLibI18N,MDSYS,com/sun/medialib/codec/jiio/codecLibI18N,
PUBLIC,com/sun/medialib/mlib/Constants,MDSYS,com/sun/medialib/mlib/Constants,
PUBLIC,com/sun/medialib/mlib/Image,MDSYS,com/sun/medialib/mlib/Image,
PUBLIC,com/sun/medialib/mlib/Image$1,MDSYS,com/sun/medialib/mlib/Image$1,
PUBLIC,com/sun/medialib/mlib/Image$2,MDSYS,com/sun/medialib/mlib/Image$2,
PUBLIC,com/sun/medialib/mlib/Image$3,MDSYS,com/sun/medialib/mlib/Image$3,
PUBLIC,com/sun/medialib/mlib/Image$4,MDSYS,com/sun/medialib/mlib/Image$4,
PUBLIC,com/sun/medialib/mlib/Image$5,MDSYS,com/sun/medialib/mlib/Image$5,
PUBLIC,com/sun/medialib/mlib/Image$6,MDSYS,com/sun/medialib/mlib/Image$6,
PUBLIC,com/sun/medialib/mlib/Image$7,MDSYS,com/sun/medialib/mlib/Image$7,
PUBLIC,com/sun/medialib/mlib/mediaLibException,MDSYS,com/sun/medialib/mlib/mediaLibException,
PUBLIC,com/sun/medialib/mlib/mediaLibImage,MDSYS,com/sun/medialib/mlib/mediaLibImage,
PUBLIC,com/sun/medialib/mlib/mediaLibImageCanvas,MDSYS,com/sun/medialib/mlib/mediaLibImageCanvas,
PUBLIC,com/sun/medialib/mlib/mediaLibImageColormap,MDSYS,com/sun/medialib/mlib/mediaLibImageColormap,
PUBLIC,com/sun/medialib/mlib/mediaLibImageInterpTable,MDSYS,com/sun/medialib/mlib/mediaLibImageInterpTable,
PUBLIC,com/sun/medialib/mlib/mediaLibImageJPanel,MDSYS,com/sun/medialib/mlib/mediaLibImageJPanel,
PUBLIC,com/sun/medialib/mlib/mediaLibI18N,MDSYS,com/sun/medialib/mlib/mediaLibI18N,
PUBLIC,com/sun/xml/fastinfoset/AbstractResourceBundle,SYS,com/sun/xml/fastinfoset/AbstractResourceBundle,
PUBLIC,com/sun/xml/fastinfoset/algorithm/BASE64EncodingAlgorithm,SYS,com/sun/xml/fastinfoset/algorithm/BASE64EncodingAlgorithm,
PUBLIC,com/sun/xml/fastinfoset/algorithm/BooleanEncodingAlgorithm,SYS,com/sun/xml/fastinfoset/algorithm/BooleanEncodingAlgorithm,
PUBLIC,com/sun/xml/fastinfoset/algorithm/BooleanEncodingAlgorithm$1,SYS,com/sun/xml/fastinfoset/algorithm/BooleanEncodingAlgorithm$1,
PUBLIC,com/sun/xml/fastinfoset/algorithm/BuiltInEncodingAlgorithm,SYS,com/sun/xml/fastinfoset/algorithm/BuiltInEncodingAlgorithm,
PUBLIC,com/sun/xml/fastinfoset/algorithm/BuiltInEncodingAlgorithmFactory,SYS,com/sun/xml/fastinfoset/algorithm/BuiltInEncodingAlgorithmFactory,
PUBLIC,com/sun/xml/fastinfoset/algorithm/BuiltInEncodingAlgorithmState,SYS,com/sun/xml/fastinfoset/algorithm/BuiltInEncodingAlgorithmState,
PUBLIC,com/sun/xml/fastinfoset/algorithm/BuiltInEncodingAlgorithm$WordListener,SYS,com/sun/xml/fastinfoset/algorithm/BuiltInEncodingAlgorithm$WordListener,
PUBLIC,com/sun/xml/fastinfoset/algorithm/DoubleEncodingAlgorithm,SYS,com/sun/xml/fastinfoset/algorithm/DoubleEncodingAlgorithm,
PUBLIC,com/sun/xml/fastinfoset/algorithm/DoubleEncodingAlgorithm$1,SYS,com/sun/xml/fastinfoset/algorithm/DoubleEncodingAlgorithm$1,
PUBLIC,com/sun/xml/fastinfoset/algorithm/FloatEncodingAlgorithm,SYS,com/sun/xml/fastinfoset/algorithm/FloatEncodingAlgorithm,
PUBLIC,com/sun/xml/fastinfoset/algorithm/FloatEncodingAlgorithm$1,SYS,com/sun/xml/fastinfoset/algorithm/FloatEncodingAlgorithm$1,
PUBLIC,com/sun/xml/fastinfoset/algorithm/HexadecimalEncodingAlgorithm,SYS,com/sun/xml/fastinfoset/algorithm/HexadecimalEncodingAlgorithm,
PUBLIC,com/sun/xml/fastinfoset/algorithm/IEEE754FloatingPointEncodingAlgorithm,SYS,com/sun/xml/fastinfoset/algorithm/IEEE754FloatingPointEncodingAlgorithm,
PUBLIC,com/sun/xml/fastinfoset/algorithm/IntegerEncodingAlgorithm,SYS,com/sun/xml/fastinfoset/algorithm/IntegerEncodingAlgorithm,
PUBLIC,com/sun/xml/fastinfoset/algorithm/IntEncodingAlgorithm,SYS,com/sun/xml/fastinfoset/algorithm/IntEncodingAlgorithm,
PUBLIC,com/sun/xml/fastinfoset/algorithm/IntEncodingAlgorithm$1,SYS,com/sun/xml/fastinfoset/algorithm/IntEncodingAlgorithm$1,
PUBLIC,com/sun/xml/fastinfoset/algorithm/LongEncodingAlgorithm,SYS,com/sun/xml/fastinfoset/algorithm/LongEncodingAlgorithm,
PUBLIC,com/sun/xml/fastinfoset/algorithm/LongEncodingAlgorithm$1,SYS,com/sun/xml/fastinfoset/algorithm/LongEncodingAlgorithm$1,
PUBLIC,com/sun/xml/fastinfoset/algorithm/ShortEncodingAlgorithm,SYS,com/sun/xml/fastinfoset/algorithm/ShortEncodingAlgorithm,
PUBLIC,com/sun/xml/fastinfoset/algorithm/ShortEncodingAlgorithm$1,SYS,com/sun/xml/fastinfoset/algorithm/ShortEncodingAlgorithm$1,
PUBLIC,com/sun/xml/fastinfoset/algorithm/UUIDEncodingAlgorithm,SYS,com/sun/xml/fastinfoset/algorithm/UUIDEncodingAlgorithm,
PUBLIC,com/sun/xml/fastinfoset/algorithm/UUIDEncodingAlgorithm$1,SYS,com/sun/xml/fastinfoset/algorithm/UUIDEncodingAlgorithm$1,
PUBLIC,com/sun/xml/fastinfoset/alphabet/BuiltInRestrictedAlphabets,SYS,com/sun/xml/fastinfoset/alphabet/BuiltInRestrictedAlphabets,
PUBLIC,com/sun/xml/fastinfoset/CommonResourceBundle,SYS,com/sun/xml/fastinfoset/CommonResourceBundle,
PUBLIC,com/sun/xml/fastinfoset/Decoder,SYS,com/sun/xml/fastinfoset/Decoder,
PUBLIC,com/sun/xml/fastinfoset/Decoder$EncodingAlgorithmInputStream,SYS,com/sun/xml/fastinfoset/Decoder$EncodingAlgorithmInputStream,
PUBLIC,com/sun/xml/fastinfoset/DecoderStateTables,SYS,com/sun/xml/fastinfoset/DecoderStateTables,
PUBLIC,com/sun/xml/fastinfoset/dom/DOMDocumentParser,SYS,com/sun/xml/fastinfoset/dom/DOMDocumentParser,
PUBLIC,com/sun/xml/fastinfoset/dom/DOMDocumentSerializer,SYS,com/sun/xml/fastinfoset/dom/DOMDocumentSerializer,
PUBLIC,com/sun/xml/fastinfoset/Encoder,SYS,com/sun/xml/fastinfoset/Encoder,
PUBLIC,com/sun/xml/fastinfoset/Encoder$EncodingBufferOutputStream,SYS,com/sun/xml/fastinfoset/Encoder$EncodingBufferOutputStream,
PUBLIC,com/sun/xml/fastinfoset/Encoder$1,SYS,com/sun/xml/fastinfoset/Encoder$1,
PUBLIC,com/sun/xml/fastinfoset/EncodingConstants,SYS,com/sun/xml/fastinfoset/EncodingConstants,
PUBLIC,com/sun/xml/fastinfoset/Notation,SYS,com/sun/xml/fastinfoset/Notation,
PUBLIC,com/sun/xml/fastinfoset/OctetBufferListener,SYS,com/sun/xml/fastinfoset/OctetBufferListener,
PUBLIC,com/sun/xml/fastinfoset/org/apache/xerces/util/XMLChar,SYS,com/sun/xml/fastinfoset/org/apache/xerces/util/XMLChar,
PUBLIC,com/sun/xml/fastinfoset/QualifiedName,SYS,com/sun/xml/fastinfoset/QualifiedName,
PUBLIC,com/sun/xml/fastinfoset/sax/AttributesHolder,SYS,com/sun/xml/fastinfoset/sax/AttributesHolder,
PUBLIC,com/sun/xml/fastinfoset/sax/Features,SYS,com/sun/xml/fastinfoset/sax/Features,
PUBLIC,com/sun/xml/fastinfoset/sax/Properties,SYS,com/sun/xml/fastinfoset/sax/Properties,
PUBLIC,com/sun/xml/fastinfoset/sax/SAXDocumentParser,SYS,com/sun/xml/fastinfoset/sax/SAXDocumentParser,
PUBLIC,com/sun/xml/fastinfoset/sax/SAXDocumentParser$DeclHandlerImpl,SYS,com/sun/xml/fastinfoset/sax/SAXDocumentParser$DeclHandlerImpl,
PUBLIC,com/sun/xml/fastinfoset/sax/SAXDocumentParser$LexicalHandlerImpl,SYS,com/sun/xml/fastinfoset/sax/SAXDocumentParser$LexicalHandlerImpl,
PUBLIC,com/sun/xml/fastinfoset/sax/SAXDocumentParser$1,SYS,com/sun/xml/fastinfoset/sax/SAXDocumentParser$1,
PUBLIC,com/sun/xml/fastinfoset/sax/SAXDocumentSerializer,SYS,com/sun/xml/fastinfoset/sax/SAXDocumentSerializer,
PUBLIC,com/sun/xml/fastinfoset/sax/SAXDocumentSerializerWithPrefixMapping,SYS,com/sun/xml/fastinfoset/sax/SAXDocumentSerializerWithPrefixMapping,
PUBLIC,com/sun/xml/fastinfoset/sax/SystemIdResolver,SYS,com/sun/xml/fastinfoset/sax/SystemIdResolver,
PUBLIC,com/sun/xml/fastinfoset/stax/EventLocation,SYS,com/sun/xml/fastinfoset/stax/EventLocation,
PUBLIC,com/sun/xml/fastinfoset/stax/events/AttributeBase,SYS,com/sun/xml/fastinfoset/stax/events/AttributeBase,
PUBLIC,com/sun/xml/fastinfoset/stax/events/CharactersEvent,SYS,com/sun/xml/fastinfoset/stax/events/CharactersEvent,
PUBLIC,com/sun/xml/fastinfoset/stax/events/CommentEvent,SYS,com/sun/xml/fastinfoset/stax/events/CommentEvent,
PUBLIC,com/sun/xml/fastinfoset/stax/events/DTDEvent,SYS,com/sun/xml/fastinfoset/stax/events/DTDEvent,
PUBLIC,com/sun/xml/fastinfoset/stax/events/EmptyIterator,SYS,com/sun/xml/fastinfoset/stax/events/EmptyIterator,
PUBLIC,com/sun/xml/fastinfoset/stax/events/EndDocumentEvent,SYS,com/sun/xml/fastinfoset/stax/events/EndDocumentEvent,
PUBLIC,com/sun/xml/fastinfoset/stax/events/EndElementEvent,SYS,com/sun/xml/fastinfoset/stax/events/EndElementEvent,
PUBLIC,com/sun/xml/fastinfoset/stax/events/EntityDeclarationImpl,SYS,com/sun/xml/fastinfoset/stax/events/EntityDeclarationImpl,
PUBLIC,com/sun/xml/fastinfoset/stax/events/EntityReferenceEvent,SYS,com/sun/xml/fastinfoset/stax/events/EntityReferenceEvent,
PUBLIC,com/sun/xml/fastinfoset/stax/events/EventBase,SYS,com/sun/xml/fastinfoset/stax/events/EventBase,
PUBLIC,com/sun/xml/fastinfoset/stax/events/NamespaceBase,SYS,com/sun/xml/fastinfoset/stax/events/NamespaceBase,
PUBLIC,com/sun/xml/fastinfoset/stax/events/ProcessingInstructionEvent,SYS,com/sun/xml/fastinfoset/stax/events/ProcessingInstructionEvent,
PUBLIC,com/sun/xml/fastinfoset/stax/events/ReadIterator,SYS,com/sun/xml/fastinfoset/stax/events/ReadIterator,
PUBLIC,com/sun/xml/fastinfoset/stax/events/StartDocumentEvent,SYS,com/sun/xml/fastinfoset/stax/events/StartDocumentEvent,
PUBLIC,com/sun/xml/fastinfoset/stax/events/StartElementEvent,SYS,com/sun/xml/fastinfoset/stax/events/StartElementEvent,
PUBLIC,com/sun/xml/fastinfoset/stax/events/StAXEventAllocatorBase,SYS,com/sun/xml/fastinfoset/stax/events/StAXEventAllocatorBase,
PUBLIC,com/sun/xml/fastinfoset/stax/events/StAXEventReader,SYS,com/sun/xml/fastinfoset/stax/events/StAXEventReader,
PUBLIC,com/sun/xml/fastinfoset/stax/events/StAXEventWriter,SYS,com/sun/xml/fastinfoset/stax/events/StAXEventWriter,
PUBLIC,com/sun/xml/fastinfoset/stax/events/StAXFilteredEvent,SYS,com/sun/xml/fastinfoset/stax/events/StAXFilteredEvent,
PUBLIC,com/sun/xml/fastinfoset/stax/events/Util,SYS,com/sun/xml/fastinfoset/stax/events/Util,
PUBLIC,com/sun/xml/fastinfoset/stax/events/XMLConstants,SYS,com/sun/xml/fastinfoset/stax/events/XMLConstants,
PUBLIC,com/sun/xml/fastinfoset/stax/factory/StAXEventFactory,SYS,com/sun/xml/fastinfoset/stax/factory/StAXEventFactory,
PUBLIC,com/sun/xml/fastinfoset/stax/factory/StAXInputFactory,SYS,com/sun/xml/fastinfoset/stax/factory/StAXInputFactory,
PUBLIC,com/sun/xml/fastinfoset/stax/factory/StAXOutputFactory,SYS,com/sun/xml/fastinfoset/stax/factory/StAXOutputFactory,
PUBLIC,com/sun/xml/fastinfoset/stax/StAXDocumentParser,SYS,com/sun/xml/fastinfoset/stax/StAXDocumentParser,
PUBLIC,com/sun/xml/fastinfoset/stax/StAXDocumentParser$NamespaceContextImpl,SYS,com/sun/xml/fastinfoset/stax/StAXDocumentParser$NamespaceContextImpl,
PUBLIC,com/sun/xml/fastinfoset/stax/StAXDocumentSerializer,SYS,com/sun/xml/fastinfoset/stax/StAXDocumentSerializer,
PUBLIC,com/sun/xml/fastinfoset/stax/StAXManager,SYS,com/sun/xml/fastinfoset/stax/StAXManager,
PUBLIC,com/sun/xml/fastinfoset/stax/util/StAXFilteredParser,SYS,com/sun/xml/fastinfoset/stax/util/StAXFilteredParser,
PUBLIC,com/sun/xml/fastinfoset/stax/util/StAXParserWrapper,SYS,com/sun/xml/fastinfoset/stax/util/StAXParserWrapper,
PUBLIC,com/sun/xml/fastinfoset/tools/FI_DOM_Or_XML_DOM_SAX_SAXEvent,SYS,com/sun/xml/fastinfoset/tools/FI_DOM_Or_XML_DOM_SAX_SAXEvent,
PUBLIC,com/sun/xml/fastinfoset/tools/FI_SAX_Or_XML_SAX_DOM_SAX_SAXEvent,SYS,com/sun/xml/fastinfoset/tools/FI_SAX_Or_XML_SAX_DOM_SAX_SAXEvent,
PUBLIC,com/sun/xml/fastinfoset/tools/FI_SAX_Or_XML_SAX_SAXEvent,SYS,com/sun/xml/fastinfoset/tools/FI_SAX_Or_XML_SAX_SAXEvent,
PUBLIC,com/sun/xml/fastinfoset/tools/FI_SAX_XML,SYS,com/sun/xml/fastinfoset/tools/FI_SAX_XML,
PUBLIC,com/sun/xml/fastinfoset/tools/FI_StAX_SAX_Or_XML_SAX_SAXEvent,SYS,com/sun/xml/fastinfoset/tools/FI_StAX_SAX_Or_XML_SAX_SAXEvent,
PUBLIC,com/sun/xml/fastinfoset/tools/PrintTable,SYS,com/sun/xml/fastinfoset/tools/PrintTable,
PUBLIC,com/sun/xml/fastinfoset/tools/SAXEventSerializer,SYS,com/sun/xml/fastinfoset/tools/SAXEventSerializer,
PUBLIC,com/sun/xml/fastinfoset/tools/SAXEventSerializer$AttributeValueHolder,SYS,com/sun/xml/fastinfoset/tools/SAXEventSerializer$AttributeValueHolder,
PUBLIC,com/sun/xml/fastinfoset/tools/SAX2StAXWriter,SYS,com/sun/xml/fastinfoset/tools/SAX2StAXWriter,
PUBLIC,com/sun/xml/fastinfoset/tools/StAX2SAXReader,SYS,com/sun/xml/fastinfoset/tools/StAX2SAXReader,
PUBLIC,com/sun/xml/fastinfoset/tools/TransformInputOutput,SYS,com/sun/xml/fastinfoset/tools/TransformInputOutput,
PUBLIC,com/sun/xml/fastinfoset/tools/TransformInputOutput$1,SYS,com/sun/xml/fastinfoset/tools/TransformInputOutput$1,
PUBLIC,com/sun/xml/fastinfoset/tools/VocabularyGenerator,SYS,com/sun/xml/fastinfoset/tools/VocabularyGenerator,
PUBLIC,com/sun/xml/fastinfoset/tools/XML_DOM_FI,SYS,com/sun/xml/fastinfoset/tools/XML_DOM_FI,
PUBLIC,com/sun/xml/fastinfoset/tools/XML_DOM_SAX_FI,SYS,com/sun/xml/fastinfoset/tools/XML_DOM_SAX_FI,
PUBLIC,com/sun/xml/fastinfoset/tools/XML_SAX_FI,SYS,com/sun/xml/fastinfoset/tools/XML_SAX_FI,
PUBLIC,com/sun/xml/fastinfoset/tools/XML_SAX_StAX_FI,SYS,com/sun/xml/fastinfoset/tools/XML_SAX_StAX_FI,
PUBLIC,com/sun/xml/fastinfoset/UnparsedEntity,SYS,com/sun/xml/fastinfoset/UnparsedEntity,
PUBLIC,com/sun/xml/fastinfoset/util/CharArray,SYS,com/sun/xml/fastinfoset/util/CharArray,
PUBLIC,com/sun/xml/fastinfoset/util/CharArrayArray,SYS,com/sun/xml/fastinfoset/util/CharArrayArray,
PUBLIC,com/sun/xml/fastinfoset/util/CharArrayIntMap,SYS,com/sun/xml/fastinfoset/util/CharArrayIntMap,
PUBLIC,com/sun/xml/fastinfoset/util/CharArrayIntMap$Entry,SYS,com/sun/xml/fastinfoset/util/CharArrayIntMap$Entry,
PUBLIC,com/sun/xml/fastinfoset/util/CharArrayString,SYS,com/sun/xml/fastinfoset/util/CharArrayString,
PUBLIC,com/sun/xml/fastinfoset/util/ContiguousCharArrayArray,SYS,com/sun/xml/fastinfoset/util/ContiguousCharArrayArray,
PUBLIC,com/sun/xml/fastinfoset/util/DuplicateAttributeVerifier,SYS,com/sun/xml/fastinfoset/util/DuplicateAttributeVerifier,
PUBLIC,com/sun/xml/fastinfoset/util/DuplicateAttributeVerifier$Entry,SYS,com/sun/xml/fastinfoset/util/DuplicateAttributeVerifier$Entry,
PUBLIC,com/sun/xml/fastinfoset/util/FixedEntryStringIntMap,SYS,com/sun/xml/fastinfoset/util/FixedEntryStringIntMap,
PUBLIC,com/sun/xml/fastinfoset/util/KeyIntMap,SYS,com/sun/xml/fastinfoset/util/KeyIntMap,
PUBLIC,com/sun/xml/fastinfoset/util/KeyIntMap$BaseEntry,SYS,com/sun/xml/fastinfoset/util/KeyIntMap$BaseEntry,
PUBLIC,com/sun/xml/fastinfoset/util/LocalNameQualifiedNamesMap,SYS,com/sun/xml/fastinfoset/util/LocalNameQualifiedNamesMap,
PUBLIC,com/sun/xml/fastinfoset/util/LocalNameQualifiedNamesMap$Entry,SYS,com/sun/xml/fastinfoset/util/LocalNameQualifiedNamesMap$Entry,
PUBLIC,com/sun/xml/fastinfoset/util/NamespaceContextImplementation,SYS,com/sun/xml/fastinfoset/util/NamespaceContextImplementation,
PUBLIC,com/sun/xml/fastinfoset/util/PrefixArray,SYS,com/sun/xml/fastinfoset/util/PrefixArray,
PUBLIC,com/sun/xml/fastinfoset/util/PrefixArray$NamespaceEntry,SYS,com/sun/xml/fastinfoset/util/PrefixArray$NamespaceEntry,
PUBLIC,com/sun/xml/fastinfoset/util/PrefixArray$PrefixEntry,SYS,com/sun/xml/fastinfoset/util/PrefixArray$PrefixEntry,
PUBLIC,com/sun/xml/fastinfoset/util/PrefixArray$1,SYS,com/sun/xml/fastinfoset/util/PrefixArray$1,
PUBLIC,com/sun/xml/fastinfoset/util/PrefixArray$2,SYS,com/sun/xml/fastinfoset/util/PrefixArray$2,
PUBLIC,com/sun/xml/fastinfoset/util/QualifiedNameArray,SYS,com/sun/xml/fastinfoset/util/QualifiedNameArray,
PUBLIC,com/sun/xml/fastinfoset/util/StringArray,SYS,com/sun/xml/fastinfoset/util/StringArray,
PUBLIC,com/sun/xml/fastinfoset/util/StringIntMap,SYS,com/sun/xml/fastinfoset/util/StringIntMap,
PUBLIC,com/sun/xml/fastinfoset/util/StringIntMap$Entry,SYS,com/sun/xml/fastinfoset/util/StringIntMap$Entry,
PUBLIC,com/sun/xml/fastinfoset/util/ValueArray,SYS,com/sun/xml/fastinfoset/util/ValueArray,
PUBLIC,com/sun/xml/fastinfoset/util/ValueArrayResourceException,SYS,com/sun/xml/fastinfoset/util/ValueArrayResourceException,
PUBLIC,com/sun/xml/fastinfoset/vocab/ParserVocabulary,SYS,com/sun/xml/fastinfoset/vocab/ParserVocabulary,
PUBLIC,com/sun/xml/fastinfoset/vocab/SerializerVocabulary,SYS,com/sun/xml/fastinfoset/vocab/SerializerVocabulary,
PUBLIC,com/sun/xml/fastinfoset/vocab/Vocabulary,SYS,com/sun/xml/fastinfoset/vocab/Vocabulary,
PUBLIC,CONFIGURE_DV,SYS,CONFIGURE_DV,
PUBLIC,CONTAINS,CTXSYS,CONTAINS,
PUBLIC,CONTENTSCHEMAIS,XDB,CONTENTSCHEMAIS,
PUBLIC,CONVEXHULL,MDSYS,OGC_CONVEXHULL,
PUBLIC,CQ_NOTIFICATION$_DESCRIPTOR,SYS,CHNF$_DESC,
PUBLIC,CQ_NOTIFICATION$_QUERY,SYS,CHNF$_QDESC,
PUBLIC,CQ_NOTIFICATION$_QUERY_ARRAY,SYS,CHNF$_QDESC_ARRAY,
PUBLIC,CQ_NOTIFICATION$_REG_INFO,SYS,CHNF$_REG_INFO,
PUBLIC,CQ_NOTIFICATION$_ROW,SYS,CHNF$_RDESC,
PUBLIC,CQ_NOTIFICATION$_ROW_ARRAY,SYS,CHNF$_RDESC_ARRAY,
PUBLIC,CQ_NOTIFICATION$_TABLE,SYS,CHNF$_TDESC,
PUBLIC,CQ_NOTIFICATION$_TABLE_ARRAY,SYS,CHNF$_TDESC_ARRAY,
PUBLIC,CROSS,MDSYS,OGC_CROSS,
PUBLIC,CS_SRS,MDSYS,CS_SRS,
PUBLIC,CTX_ANL,CTXSYS,CTX_ANL,
PUBLIC,CTX_CENTROIDS,CTXSYS,CTX_CENTROIDS,
PUBLIC,CTX_CLASSES,CTXSYS,CTX_CLASSES,
PUBLIC,CTX_CLS,CTXSYS,CTX_CLS,
PUBLIC,CTX_DDL,CTXSYS,CTX_DDL,
PUBLIC,CTX_DOC,CTXSYS,CTX_DOC,
PUBLIC,CTX_ENTITY,CTXSYS,CTX_ENTITY,
PUBLIC,CTX_FILTER_CACHE_STATISTICS,CTXSYS,CTX_FILTER_CACHE_STATISTICS,
PUBLIC,CTX_INDEX_SECTIONS,CTXSYS,CTX_INDEX_SECTIONS,
PUBLIC,CTX_INDEX_SET_INDEXES,CTXSYS,CTX_INDEX_SET_INDEXES,
PUBLIC,CTX_INDEX_SETS,CTXSYS,CTX_INDEX_SETS,
PUBLIC,CTX_OBJECT_ATTRIBUTE_LOV,CTXSYS,CTX_OBJECT_ATTRIBUTE_LOV,
PUBLIC,CTX_OBJECT_ATTRIBUTES,CTXSYS,CTX_OBJECT_ATTRIBUTES,
PUBLIC,CTX_OBJECTS,CTXSYS,CTX_OBJECTS,
PUBLIC,CTX_OUTPUT,CTXSYS,CTX_OUTPUT,
PUBLIC,CTX_PARAMETERS,CTXSYS,CTX_PARAMETERS,
PUBLIC,CTX_PREFERENCES,CTXSYS,CTX_PREFERENCES,
PUBLIC,CTX_PREFERENCE_VALUES,CTXSYS,CTX_PREFERENCE_VALUES,
PUBLIC,CTX_QUERY,CTXSYS,CTX_QUERY,
PUBLIC,CTX_REPORT,CTXSYS,CTX_REPORT,
PUBLIC,CTX_SECTION_GROUPS,CTXSYS,CTX_SECTION_GROUPS,
PUBLIC,CTX_SECTIONS,CTXSYS,CTX_SECTIONS,
PUBLIC,CTX_SQES,CTXSYS,CTX_SQES,
PUBLIC,CTX_STOPLISTS,CTXSYS,CTX_STOPLISTS,
PUBLIC,CTX_STOPWORDS,CTXSYS,CTX_STOPWORDS,
PUBLIC,CTX_SUB_LEXERS,CTXSYS,CTX_SUB_LEXERS,
PUBLIC,CTX_THES,CTXSYS,CTX_THES,
PUBLIC,CTX_THESAURI,CTXSYS,CTX_THESAURI,
PUBLIC,CTX_THES_PHRASES,CTXSYS,CTX_THES_PHRASES,
PUBLIC,CTX_TRACE_VALUES,CTXSYS,CTX_TRACE_VALUES,
PUBLIC,CTX_TREE,CTXSYS,CTX_TREE,
PUBLIC,CTX_ULEXER,CTXSYS,CTX_ULEXER,
PUBLIC,CTX_USER_AUTO_OPTIMIZE_INDEXES,CTXSYS,CTX_USER_AUTO_OPTIMIZE_INDEXES,
PUBLIC,CTX_USER_AUTOSYNC_JOBS,CTXSYS,CTX_USER_AUTOSYNC_JOBS,
PUBLIC,CTX_USER_AUTOSYNC_STATUS,CTXSYS,CTX_USER_AUTOSYNC_STATUS,
PUBLIC,CTX_USER_EXTRACT_POLICIES,CTXSYS,CTX_USER_EXTRACT_POLICIES,
PUBLIC,CTX_USER_EXTRACT_POLICY_VALUES,CTXSYS,CTX_USER_EXTRACT_POLICY_VALUES,
PUBLIC,CTX_USER_EXTRACT_RULES,CTXSYS,CTX_USER_EXTRACT_RULES,
PUBLIC,CTX_USER_EXTRACT_STOP_ENTITIES,CTXSYS,CTX_USER_EXTRACT_STOP_ENTITIES,
PUBLIC,CTX_USER_EXTRACT_TYPE,CTXSYS,CTX_USER_EXTRACT_TYPE,
PUBLIC,CTX_USER_FILTER_BY_COLUMNS,CTXSYS,CTX_USER_FILTER_BY_COLUMNS,
PUBLIC,CTX_USER_INDEX_ERRORS,CTXSYS,CTX_USER_INDEX_ERRORS,
PUBLIC,CTX_USER_INDEXES,CTXSYS,CTX_USER_INDEXES,
PUBLIC,CTX_USER_INDEX_OBJECTS,CTXSYS,CTX_USER_INDEX_OBJECTS,
PUBLIC,CTX_USER_INDEX_PARTITIONS,CTXSYS,CTX_USER_INDEX_PARTITIONS,
PUBLIC,CTX_USER_INDEX_SECTIONS,CTXSYS,CTX_USER_INDEX_SECTIONS,
PUBLIC,CTX_USER_INDEX_SET_INDEXES,CTXSYS,CTX_USER_INDEX_SET_INDEXES,
PUBLIC,CTX_USER_INDEX_SETS,CTXSYS,CTX_USER_INDEX_SETS,
PUBLIC,CTX_USER_INDEX_SUB_LEXERS,CTXSYS,CTX_USER_INDEX_SUB_LEXERS,
PUBLIC,CTX_USER_INDEX_SUB_LEXER_VALS,CTXSYS,CTX_USER_INDEX_SUB_LEXER_VALS,
PUBLIC,CTX_USER_INDEX_VALUES,CTXSYS,CTX_USER_INDEX_VALUES,
PUBLIC,CTX_USER_ORDER_BY_COLUMNS,CTXSYS,CTX_USER_ORDER_BY_COLUMNS,
PUBLIC,CTX_USER_PENDING,CTXSYS,CTX_USER_PENDING,
PUBLIC,CTX_USER_PREFERENCES,CTXSYS,CTX_USER_PREFERENCES,
PUBLIC,CTX_USER_PREFERENCE_VALUES,CTXSYS,CTX_USER_PREFERENCE_VALUES,
PUBLIC,CTX_USER_SECTION_GROUPS,CTXSYS,CTX_USER_SECTION_GROUPS,
PUBLIC,CTX_USER_SECTIONS,CTXSYS,CTX_USER_SECTIONS,
PUBLIC,CTX_USER_SESSION_SQES,CTXSYS,CTX_USER_SESSION_SQES,
PUBLIC,CTX_USER_SQES,CTXSYS,CTX_USER_SQES,
PUBLIC,CTX_USER_STOPLISTS,CTXSYS,CTX_USER_STOPLISTS,
PUBLIC,CTX_USER_STOPWORDS,CTXSYS,CTX_USER_STOPWORDS,
PUBLIC,CTX_USER_SUB_LEXERS,CTXSYS,CTX_USER_SUB_LEXERS,
PUBLIC,CTX_USER_THESAURI,CTXSYS,CTX_USER_THESAURI,
PUBLIC,CTX_USER_THES_PHRASES,CTXSYS,CTX_USER_THES_PHRASES,
PUBLIC,CUBE_TABLE,SYS,CUBE_TABLE,
PUBLIC,CURSOR_CACHE_OBJECT,SYS,CURSOR_CACHE_OBJECT,
PUBLIC,CURVE,MDSYS,ST_CURVE,
PUBLIC,CURVEPOLYGON,MDSYS,ST_CURVEPOLYGON,
PUBLIC,DATABASE_COMPATIBLE_LEVEL,SYS,DATABASE_COMPATIBLE_LEVEL,
PUBLIC,DATABASE_EXPORT_OBJECTS,SYS,DATABASE_EXPORT_OBJECTS,
PUBLIC,DATABASE_EXPORT_PATHS,SYS,DATABASE_EXPORT_PATHS,
PUBLIC,DATABASE_PROPERTIES,SYS,DATABASE_PROPERTIES,
PUBLIC,DATAPUMP_DIR_OBJS,SYS,LOADER_DIR_OBJS,
PUBLIC,DATAPUMP_OBJECT_CONNECT,SYS,DATAPUMP_OBJECT_CONNECT,
PUBLIC,DATAPUMP_PATHMAP,SYS,DATAPUMP_PATHMAP,
PUBLIC,DATAPUMP_PATHS,SYS,DATAPUMP_PATHS,
PUBLIC,DATAPUMP_PATHS_VERSION,SYS,DATAPUMP_PATHS_VERSION,
PUBLIC,DATAPUMP_REMAP_OBJECTS,SYS,DATAPUMP_REMAP_OBJECTS,
PUBLIC,DATAPUMP_TABLE_DATA,SYS,DATAPUMP_TABLE_DATA,
PUBLIC,DBA_ACCHK_EVENTS,SYS,DBA_ACCHK_EVENTS,
PUBLIC,DBA_ACCHK_EVENTS_SUMMARY,SYS,DBA_ACCHK_EVENTS_SUMMARY,
PUBLIC,DBA_ACCHK_STATISTICS,SYS,DBA_ACCHK_STATISTICS,
PUBLIC,DBA_ACCHK_STATISTICS_SUMMARY,SYS,DBA_ACCHK_STATISTICS_SUMMARY,
PUBLIC,DBA_ACL_NAME_MAP,SYS,DBA_ACL_NAME_MAP,
PUBLIC,DBA_ACTIVITY_CONFIG,SYS,DBA_ACTIVITY_CONFIG,
PUBLIC,DBA_ACTIVITY_MVIEW,SYS,DBA_ACTIVITY_MVIEW,
PUBLIC,DBA_ACTIVITY_SNAPSHOT_META,SYS,DBA_ACTIVITY_SNAPSHOT_META,
PUBLIC,DBA_ACTIVITY_TABLE,SYS,DBA_ACTIVITY_TABLE,
PUBLIC,DBA_ADDM_FDG_BREAKDOWN,SYS,DBA_ADDM_FDG_BREAKDOWN,
PUBLIC,DBA_ADDM_FINDINGS,SYS,DBA_ADDM_FINDINGS,
PUBLIC,DBA_ADDM_INSTANCES,SYS,DBA_ADDM_INSTANCES,
PUBLIC,DBA_ADDM_SYSTEM_DIRECTIVES,SYS,DBA_ADDM_SYSTEM_DIRECTIVES,
PUBLIC,DBA_ADDM_TASK_DIRECTIVES,SYS,DBA_ADDM_TASK_DIRECTIVES,
PUBLIC,DBA_ADDM_TASKS,SYS,DBA_ADDM_TASKS,
PUBLIC,DBA_ADVISOR_ACTIONS,SYS,DBA_ADVISOR_ACTIONS,
PUBLIC,DBA_ADVISOR_COMMANDS,SYS,DBA_ADVISOR_COMMANDS,
PUBLIC,DBA_ADVISOR_DEFINITIONS,SYS,DBA_ADVISOR_DEFINITIONS,
PUBLIC,DBA_ADVISOR_DEF_PARAMETERS,SYS,DBA_ADVISOR_DEF_PARAMETERS,
PUBLIC,DBA_ADVISOR_DIR_DEFINITIONS,SYS,DBA_ADVISOR_DIR_DEFINITIONS,
PUBLIC,DBA_ADVISOR_DIR_INSTANCES,SYS,DBA_ADVISOR_DIR_INSTANCES,
PUBLIC,DBA_ADVISOR_DIR_TASK_INST,SYS,DBA_ADVISOR_DIR_TASK_INST,
PUBLIC,DBA_ADVISOR_EXEC_PARAMETERS,SYS,DBA_ADVISOR_EXEC_PARAMETERS,
PUBLIC,DBA_ADVISOR_EXECUTIONS,SYS,DBA_ADVISOR_EXECUTIONS,
PUBLIC,DBA_ADVISOR_EXECUTION_TYPES,SYS,DBA_ADVISOR_EXECUTION_TYPES,
PUBLIC,DBA_ADVISOR_FDG_BREAKDOWN,SYS,DBA_ADVISOR_FDG_BREAKDOWN,
PUBLIC,DBA_ADVISOR_FINDING_NAMES,SYS,DBA_ADVISOR_FINDING_NAMES,
PUBLIC,DBA_ADVISOR_FINDINGS,SYS,DBA_ADVISOR_FINDINGS,
PUBLIC,DBA_ADVISOR_JOURNAL,SYS,DBA_ADVISOR_JOURNAL,
PUBLIC,DBA_ADVISOR_LOG,SYS,DBA_ADVISOR_LOG,
PUBLIC,DBA_ADVISOR_OBJECTS,SYS,DBA_ADVISOR_OBJECTS,
PUBLIC,DBA_ADVISOR_OBJECT_TYPES,SYS,DBA_ADVISOR_OBJECT_TYPES,
PUBLIC,DBA_ADVISOR_PARAMETERS,SYS,DBA_ADVISOR_PARAMETERS,
PUBLIC,DBA_ADVISOR_PARAMETERS_PROJ,SYS,DBA_ADVISOR_PARAMETERS_PROJ,
PUBLIC,DBA_ADVISOR_RATIONALE,SYS,DBA_ADVISOR_RATIONALE,
PUBLIC,DBA_ADVISOR_RECOMMENDATIONS,SYS,DBA_ADVISOR_RECOMMENDATIONS,
PUBLIC,DBA_ADVISOR_SQLA_COLVOL,SYS,DBA_ADVISOR_SQLA_COLVOL,
PUBLIC,DBA_ADVISOR_SQLA_REC_SUM,SYS,DBA_ADVISOR_SQLA_REC_SUM,
PUBLIC,DBA_ADVISOR_SQLA_TABLES,SYS,DBA_ADVISOR_SQLA_TABLES,
PUBLIC,DBA_ADVISOR_SQLA_TABVOL,SYS,DBA_ADVISOR_SQLA_TABVOL,
PUBLIC,DBA_ADVISOR_SQLA_WK_MAP,SYS,DBA_ADVISOR_SQLA_WK_MAP,
PUBLIC,DBA_ADVISOR_SQLA_WK_STMTS,SYS,DBA_ADVISOR_SQLA_WK_STMTS,
PUBLIC,DBA_ADVISOR_SQLA_WK_SUM,SYS,DBA_ADVISOR_SQLA_WK_SUM,
PUBLIC,DBA_ADVISOR_SQLPLANS,SYS,DBA_ADVISOR_SQLPLANS,
PUBLIC,DBA_ADVISOR_SQLSTATS,SYS,DBA_ADVISOR_SQLSTATS,
PUBLIC,DBA_ADVISOR_SQLW_COLVOL,SYS,DBA_ADVISOR_SQLW_COLVOL,
PUBLIC,DBA_ADVISOR_SQLW_JOURNAL,SYS,DBA_ADVISOR_SQLW_JOURNAL,
PUBLIC,DBA_ADVISOR_SQLW_PARAMETERS,SYS,DBA_ADVISOR_SQLW_PARAMETERS,
PUBLIC,DBA_ADVISOR_SQLW_STMTS,SYS,DBA_ADVISOR_SQLW_STMTS,
PUBLIC,DBA_ADVISOR_SQLW_SUM,SYS,DBA_ADVISOR_SQLW_SUM,
PUBLIC,DBA_ADVISOR_SQLW_TABLES,SYS,DBA_ADVISOR_SQLW_TABLES,
PUBLIC,DBA_ADVISOR_SQLW_TABVOL,SYS,DBA_ADVISOR_SQLW_TABVOL,
PUBLIC,DBA_ADVISOR_SQLW_TEMPLATES,SYS,DBA_ADVISOR_SQLW_TEMPLATES,
PUBLIC,DBA_ADVISOR_TASKS,SYS,DBA_ADVISOR_TASKS,
PUBLIC,DBA_ADVISOR_TEMPLATES,SYS,DBA_ADVISOR_TEMPLATES,
PUBLIC,DBA_ADVISOR_USAGE,SYS,DBA_ADVISOR_USAGE,
PUBLIC,DBA_ALERT_ARGUMENTS,SYS,DBA_ALERT_ARGUMENTS,
PUBLIC,DBA_ALERT_HISTORY,SYS,DBA_ALERT_HISTORY,
PUBLIC,DBA_ALERT_HISTORY_DETAIL,SYS,DBA_ALERT_HISTORY_DETAIL,
PUBLIC,DBA_ALL_TABLES,SYS,DBA_ALL_TABLES,
PUBLIC,DBA_ANALYTIC_VIEW_AGGR_DIMS,SYS,DBA_ANALYTIC_VIEW_AGGR_DIMS,
PUBLIC,DBA_ANALYTIC_VIEW_AGGR_FNS,SYS,DBA_ANALYTIC_VIEW_AGGR_FNS,
PUBLIC,DBA_ANALYTIC_VIEW_ATTR_CLASS,SYS,DBA_ANALYTIC_VIEW_ATTR_CLASS,
PUBLIC,DBA_ANALYTIC_VIEW_BASE_MEAS,SYS,DBA_ANALYTIC_VIEW_BASE_MEAS,
PUBLIC,DBA_ANALYTIC_VIEW_CALC_MEAS,SYS,DBA_ANALYTIC_VIEW_CALC_MEAS,
PUBLIC,DBA_ANALYTIC_VIEW_CLASS,SYS,DBA_ANALYTIC_VIEW_CLASS,
PUBLIC,DBA_ANALYTIC_VIEW_COLUMNS,SYS,DBA_ANALYTIC_VIEW_COLUMNS,
PUBLIC,DBA_ANALYTIC_VIEW_DIM_ATTRS,SYS,DBA_ANALYTIC_VIEW_DIM_ATTRS,
PUBLIC,DBA_ANALYTIC_VIEW_DIM_CLASS,SYS,DBA_ANALYTIC_VIEW_DIM_CLASS,
PUBLIC,DBA_ANALYTIC_VIEW_DIMENSIONS,SYS,DBA_ANALYTIC_VIEW_DIMENSIONS,
PUBLIC,DBA_ANALYTIC_VIEW_FACT_COLS,SYS,DBA_ANALYTIC_VIEW_FACT_COLS,
PUBLIC,DBA_ANALYTIC_VIEW_HIER_CLASS,SYS,DBA_ANALYTIC_VIEW_HIER_CLASS,
PUBLIC,DBA_ANALYTIC_VIEW_HIERS,SYS,DBA_ANALYTIC_VIEW_HIERS,
PUBLIC,DBA_ANALYTIC_VIEW_KEYS,SYS,DBA_ANALYTIC_VIEW_KEYS,
PUBLIC,DBA_ANALYTIC_VIEW_LEVEL_CLASS,SYS,DBA_ANALYTIC_VIEW_LEVEL_CLASS,
PUBLIC,DBA_ANALYTIC_VIEW_LEVELS,SYS,DBA_ANALYTIC_VIEW_LEVELS,
PUBLIC,DBA_ANALYTIC_VIEW_LVLGRPS,SYS,DBA_ANALYTIC_VIEW_LVLGRPS,
PUBLIC,DBA_ANALYTIC_VIEW_MEAS_CLASS,SYS,DBA_ANALYTIC_VIEW_MEAS_CLASS,
PUBLIC,DBA_ANALYTIC_VIEWS,SYS,DBA_ANALYTIC_VIEWS,
PUBLIC,DBA_ANALYZE_OBJECTS,SYS,DBA_ANALYZE_OBJECTS,
PUBLIC,DBA_APP_ERRORS,SYS,DBA_APP_ERRORS,
PUBLIC,DBA_APP_ERRORS_HISTORY,SYS,DBA_APP_ERRORS_HISTORY,
PUBLIC,DBA_APPLICATION_ROLES,SYS,DBA_APPLICATION_ROLES,
PUBLIC,DBA_APPLICATIONS,SYS,DBA_APPLICATIONS,
PUBLIC,DBA_APPLY,SYS,DBA_APPLY,
PUBLIC,DBA_APPLY_CHANGE_HANDLERS,SYS,DBA_APPLY_CHANGE_HANDLERS,
PUBLIC,DBA_APPLY_CONFLICT_COLUMNS,SYS,DBA_APPLY_CONFLICT_COLUMNS,
PUBLIC,DBA_APPLY_DML_CONF_COLUMNS,SYS,DBA_APPLY_DML_CONF_COLUMNS,
PUBLIC,DBA_APPLY_DML_CONF_HANDLERS,SYS,DBA_APPLY_DML_CONF_HANDLERS,
PUBLIC,DBA_APPLY_DML_HANDLERS,SYS,DBA_APPLY_DML_HANDLERS,
PUBLIC,DBA_APPLY_ENQUEUE,SYS,DBA_APPLY_ENQUEUE,
PUBLIC,DBA_APPLY_ERROR,SYS,DBA_APPLY_ERROR,
PUBLIC,DBA_APPLY_ERROR_MESSAGES,SYS,DBA_APPLY_ERROR_MESSAGES,
PUBLIC,DBA_APPLY_EXECUTE,SYS,DBA_APPLY_EXECUTE,
PUBLIC,DBA_APPLY_HANDLE_COLLISIONS,SYS,DBA_APPLY_HANDLE_COLLISIONS,
PUBLIC,DBA_APPLY_INSTANTIATED_GLOBAL,SYS,DBA_APPLY_INSTANTIATED_GLOBAL,
PUBLIC,DBA_APPLY_INSTANTIATED_OBJECTS,SYS,DBA_APPLY_INSTANTIATED_OBJECTS,
PUBLIC,DBA_APPLY_INSTANTIATED_SCHEMAS,SYS,DBA_APPLY_INSTANTIATED_SCHEMAS,
PUBLIC,_DBA_APPLY_INST_GLOBAL,SYS,_DBA_APPLY_INST_GLOBAL,
PUBLIC,_DBA_APPLY_INST_OBJECTS,SYS,_DBA_APPLY_INST_OBJECTS,
PUBLIC,_DBA_APPLY_INST_SCHEMAS,SYS,_DBA_APPLY_INST_SCHEMAS,
PUBLIC,DBA_APPLY_KEY_COLUMNS,SYS,DBA_APPLY_KEY_COLUMNS,
PUBLIC,DBA_APPLY_OBJECT_DEPENDENCIES,SYS,_DBA_APPLY_OBJECT_CONSTRAINTS,
PUBLIC,DBA_APPLY_PARAMETERS,SYS,DBA_APPLY_PARAMETERS,
PUBLIC,DBA_APPLY_PROGRESS,SYS,DBA_APPLY_PROGRESS,
PUBLIC,DBA_APPLY_REPERROR_HANDLERS,SYS,DBA_APPLY_REPERROR_HANDLERS,
PUBLIC,DBA_APPLY_SPILL_TXN,SYS,DBA_APPLY_SPILL_TXN,
PUBLIC,DBA_APPLY_TABLE_COLUMNS,SYS,DBA_APPLY_TABLE_COLUMNS,
PUBLIC,DBA_APPLY_VALUE_DEPENDENCIES,SYS,_DBA_APPLY_CONSTRAINT_COLUMNS,
PUBLIC,DBA_APP_PATCHES,SYS,DBA_APP_PATCHES,
PUBLIC,DBA_APP_PDB_STATUS,SYS,DBA_APP_PDB_STATUS,
PUBLIC,DBA_APP_STATEMENTS,SYS,DBA_APP_STATEMENTS,
PUBLIC,DBA_APP_VERSIONS,SYS,DBA_APP_VERSIONS,
PUBLIC,DBA_AQ_AGENT_PRIVS,SYS,DBA_AQ_AGENT_PRIVS,
PUBLIC,DBA_AQ_AGENTS,SYS,DBA_AQ_AGENTS,
PUBLIC,DBA_ARGUMENTS,SYS,DBA_ARGUMENTS,
PUBLIC,DBA_ASSEMBLIES,SYS,DBA_ASSEMBLIES,
PUBLIC,DBA_ASSOCIATIONS,SYS,DBA_ASSOCIATIONS,
PUBLIC,DBA_ATTRIBUTE_DIM_ATTR_CLASS,SYS,DBA_ATTRIBUTE_DIM_ATTR_CLASS,
PUBLIC,DBA_ATTRIBUTE_DIM_ATTRS,SYS,DBA_ATTRIBUTE_DIM_ATTRS,
PUBLIC,DBA_ATTRIBUTE_DIM_CLASS,SYS,DBA_ATTRIBUTE_DIM_CLASS,
PUBLIC,DBA_ATTRIBUTE_DIMENSIONS,SYS,DBA_ATTRIBUTE_DIMENSIONS,
PUBLIC,DBA_ATTRIBUTE_DIM_JOIN_PATHS,SYS,DBA_ATTRIBUTE_DIM_JOIN_PATHS,
PUBLIC,DBA_ATTRIBUTE_DIM_KEYS,SYS,DBA_ATTRIBUTE_DIM_KEYS,
PUBLIC,DBA_ATTRIBUTE_DIM_LEVEL_ATTRS,SYS,DBA_ATTRIBUTE_DIM_LEVEL_ATTRS,
PUBLIC,DBA_ATTRIBUTE_DIM_LEVELS,SYS,DBA_ATTRIBUTE_DIM_LEVELS,
PUBLIC,DBA_ATTRIBUTE_DIM_LVL_CLASS,SYS,DBA_ATTRIBUTE_DIM_LVL_CLASS,
PUBLIC,DBA_ATTRIBUTE_DIM_ORDER_ATTRS,SYS,DBA_ATTRIBUTE_DIM_ORDER_ATTRS,
PUBLIC,DBA_ATTRIBUTE_DIM_TABLES,SYS,DBA_ATTRIBUTE_DIM_TABLES,
PUBLIC,DBA_ATTRIBUTE_TRANSFORMATIONS,SYS,DBA_ATTRIBUTE_TRANSFORMATIONS,
PUBLIC,DBA_AUDIT_EXISTS,SYS,DBA_AUDIT_EXISTS,
PUBLIC,DBA_AUDIT_MGMT_CLEAN_EVENTS,SYS,DBA_AUDIT_MGMT_CLEAN_EVENTS,
PUBLIC,DBA_AUDIT_MGMT_CLEANUP_JOBS,SYS,DBA_AUDIT_MGMT_CLEANUP_JOBS,
PUBLIC,DBA_AUDIT_MGMT_CONFIG_PARAMS,SYS,DBA_AUDIT_MGMT_CONFIG_PARAMS,
PUBLIC,DBA_AUDIT_MGMT_LAST_ARCH_TS,SYS,DBA_AUDIT_MGMT_LAST_ARCH_TS,
PUBLIC,DBA_AUDIT_OBJECT,SYS,DBA_AUDIT_OBJECT,
PUBLIC,DBA_AUDIT_POLICIES,SYS,DBA_AUDIT_POLICIES,
PUBLIC,DBA_AUDIT_POLICY_COLUMNS,SYS,DBA_AUDIT_POLICY_COLUMNS,
PUBLIC,DBA_AUDIT_SESSION,SYS,DBA_AUDIT_SESSION,
PUBLIC,DBA_AUDIT_STATEMENT,SYS,DBA_AUDIT_STATEMENT,
PUBLIC,DBA_AUDIT_TRAIL,SYS,DBA_AUDIT_TRAIL,
PUBLIC,DBA_AUTO_INDEX_CONFIG,SYS,DBA_AUTO_INDEX_CONFIG,
PUBLIC,DBA_AUTO_INDEX_EXECUTIONS,SYS,DBA_AUTO_INDEX_EXECUTIONS,
PUBLIC,DBA_AUTO_INDEX_IND_ACTIONS,SYS,DBA_AUTO_INDEX_IND_ACTIONS,
PUBLIC,DBA_AUTO_INDEX_SQL_ACTIONS,SYS,DBA_AUTO_INDEX_SQL_ACTIONS,
PUBLIC,DBA_AUTO_INDEX_STATISTICS,SYS,DBA_AUTO_INDEX_STATISTICS,
PUBLIC,DBA_AUTO_INDEX_VERIFICATIONS,SYS,DBA_AUTO_INDEX_VERIFICATIONS,
PUBLIC,DBA_AUTO_MV_ANALYSIS_ACTIONS,SYS,DBA_AUTO_MV_ANALYSIS_ACTIONS,
PUBLIC,DBA_AUTO_MV_ANALYSIS_EXECUTIONS,SYS,DBA_AUTO_MV_ANALYSIS_EXECUTIONS,
PUBLIC,DBA_AUTO_MV_ANALYSIS_RECOMMENDATIONS,SYS,DBA_AUTO_MV_ANALYSIS_RECOMMENDATIONS,
PUBLIC,DBA_AUTO_MV_ANALYSIS_REPORT,SYS,DBA_AUTO_MV_ANALYSIS_REPORT,
PUBLIC,DBA_AUTO_MV_ANALYSIS_TASK,SYS,DBA_AUTO_MV_ANALYSIS_TASK,
PUBLIC,DBA_AUTO_MV_CONFIG,SYS,DBA_AUTO_MV_CONFIG,
PUBLIC,DBA_AUTO_MV_MAINT_REPORT,SYS,DBA_AUTO_MV_MAINT_REPORT,
PUBLIC,DBA_AUTO_MV_REFRESH_HISTORY,SYS,DBA_AUTO_MV_REFRESH_HISTORY,
PUBLIC,DBA_AUTO_MV_VERIFICATION_REPORT,SYS,DBA_AUTO_MV_VERIFICATION_REPORT,
PUBLIC,DBA_AUTO_MV_VERIFICATION_STATUS,SYS,DBA_AUTO_MV_VERIFICATION_STATUS,
PUBLIC,DBA_AUTO_SEGADV_CTL,SYS,DBA_AUTO_SEGADV_CTL,
PUBLIC,DBA_AUTO_SEGADV_SUMMARY,SYS,DBA_AUTO_SEGADV_SUMMARY,
PUBLIC,DBA_AUTOSQLSET_ATTRNAME,SYS,DBA_AUTOSQLSET_ATTRNAME,
PUBLIC,DBA_AUTOSQLSET_OPTENV,SYS,DBA_AUTOSQLSET_OPTENV,
PUBLIC,DBA_AUTOSQLSET_SNAPSHOT,SYS,DBA_AUTOSQLSET_SNAPSHOT,
PUBLIC,DBA_AUTOSQLSET_SNAPSHOT_ERROR,SYS,DBA_AUTOSQLSET_SNAPSHOT_ERROR,
PUBLIC,DBA_AUTOSQLSET_SQLPLAN,SYS,DBA_AUTOSQLSET_SQLPLAN,
PUBLIC,DBA_AUTOSQLSET_SQLSTAT,SYS,DBA_AUTOSQLSET_SQLSTAT,
PUBLIC,DBA_AUTOSQLSET_SQLTEXT,SYS,DBA_AUTOSQLSET_SQLTEXT,
PUBLIC,DBA_AUTO_STAT_EXECUTIONS,SYS,DBA_AUTO_STAT_EXECUTIONS,
PUBLIC,DBA_AUTOSTS_ATTRNAME,SYS,DBA_AUTOSQLSET_ATTRNAME,
PUBLIC,DBA_AUTOSTS_OPTENV,SYS,DBA_AUTOSQLSET_OPTENV,
PUBLIC,DBA_AUTOSTS_SNAPSHOT,SYS,DBA_AUTOSQLSET_SNAPSHOT,
PUBLIC,DBA_AUTOSTS_SNAPSHOT_ERROR,SYS,DBA_AUTOSQLSET_SNAPSHOT_ERROR,
PUBLIC,DBA_AUTOSTS_SQLPLAN,SYS,DBA_AUTOSQLSET_SQLPLAN,
PUBLIC,DBA_AUTOSTS_SQLSTAT,SYS,DBA_AUTOSQLSET_SQLSTAT,
PUBLIC,DBA_AUTOSTS_SQLTEXT,SYS,DBA_AUTOSQLSET_SQLTEXT,
PUBLIC,DBA_AUTOTASK_CLIENT,SYS,DBA_AUTOTASK_CLIENT,
PUBLIC,DBA_AUTOTASK_CLIENT_HISTORY,SYS,DBA_AUTOTASK_CLIENT_HISTORY,
PUBLIC,DBA_AUTOTASK_CLIENT_JOB,SYS,DBA_AUTOTASK_CLIENT_JOB,
PUBLIC,DBA_AUTOTASK_JOB_HISTORY,SYS,DBA_AUTOTASK_JOB_HISTORY,
PUBLIC,DBA_AUTOTASK_OPERATION,SYS,DBA_AUTOTASK_OPERATION,
PUBLIC,DBA_AUTOTASK_SCHEDULE,SYS,DBA_AUTOTASK_SCHEDULE,
PUBLIC,DBA_AUTOTASK_SCHEDULE_CONTROL,SYS,DBA_AUTOTASK_SCHEDULE_CONTROL,
PUBLIC,DBA_AUTOTASK_SETTINGS,SYS,DBA_AUTOTASK_SETTINGS,
PUBLIC,DBA_AUTOTASK_STATUS,SYS,DBA_AUTOTASK_STATUS,
PUBLIC,DBA_AUTOTASK_TASK,SYS,DBA_AUTOTASK_TASK,
PUBLIC,DBA_AUTOTASK_WINDOW_CLIENTS,SYS,DBA_AUTOTASK_WINDOW_CLIENTS,
PUBLIC,DBA_AUTOTASK_WINDOW_HISTORY,SYS,DBA_AUTOTASK_WINDOW_HISTORY,
PUBLIC,DBA_AUTO_ZONEMAP_CONFIG,SYS,DBA_AUTO_ZONEMAP_CONFIG,
PUBLIC,DBA_AW_OBJ,SYS,DBA_AW_OBJ,
PUBLIC,DBA_AW_PROP,SYS,DBA_AW_PROP,
PUBLIC,DBA_AW_PS,SYS,DBA_AW_PS,
PUBLIC,DBA_AWS,SYS,DBA_AWS,
PUBLIC,DBA_BASE_TABLE_MVIEWS,SYS,DBA_BASE_TABLE_MVIEWS,
PUBLIC,DBA_BLOCKCHAIN_TABLE_EPOCHS,SYS,DBA_BLOCKCHAIN_TABLE_EPOCHS,
PUBLIC,DBA_BLOCKCHAIN_TABLES,SYS,DBA_BLOCKCHAIN_TABLES,
PUBLIC,DBA_BLOCKERS,SYS,DBA_BLOCKERS,
PUBLIC,DBA_CAPTURE,SYS,DBA_CAPTURE,
PUBLIC,DBA_CAPTURE_EXTRA_ATTRIBUTES,SYS,DBA_CAPTURE_EXTRA_ATTRIBUTES,
PUBLIC,DBA_CAPTURE_PARAMETERS,SYS,DBA_CAPTURE_PARAMETERS,
PUBLIC,DBA_CAPTURE_PREPARED_DATABASE,SYS,DBA_CAPTURE_PREPARED_DATABASE,
PUBLIC,DBA_CAPTURE_PREPARED_SCHEMAS,SYS,DBA_CAPTURE_PREPARED_SCHEMAS,
PUBLIC,DBA_CAPTURE_PREPARED_TABLES,SYS,DBA_CAPTURE_PREPARED_TABLES,
PUBLIC,DBA_CATALOG,SYS,DBA_CATALOG,
PUBLIC,DBA_CDB_RSRC_PLAN_DIRECTIVES,SYS,DBA_CDB_RSRC_PLAN_DIRECTIVES,
PUBLIC,DBA_CDB_RSRC_PLANS,SYS,DBA_CDB_RSRC_PLANS,
PUBLIC,DBA_CERTIFICATES,SYS,DBA_CERTIFICATES,
PUBLIC,DBA_CHANGE_NOTIFICATION_REGS,SYS,DBA_CHANGE_NOTIFICATION_REGS,
PUBLIC,DBA_CHECKED_ROLES,SYS,DBA_CHECKED_ROLES,
PUBLIC,DBA_CHECKED_ROLES_PATH,SYS,DBA_CHECKED_ROLES_PATH,
PUBLIC,DBA_CLU_COLUMNS,SYS,DBA_CLU_COLUMNS,
PUBLIC,DBA_CLUSTER_HASH_EXPRESSIONS,SYS,DBA_CLUSTER_HASH_EXPRESSIONS,
PUBLIC,DBA_CLUSTERING_DIMENSIONS,SYS,DBA_CLUSTERING_DIMENSIONS,
PUBLIC,DBA_CLUSTERING_JOINS,SYS,DBA_CLUSTERING_JOINS,
PUBLIC,DBA_CLUSTERING_KEYS,SYS,DBA_CLUSTERING_KEYS,
PUBLIC,DBA_CLUSTERING_TABLES,SYS,DBA_CLUSTERING_TABLES,
PUBLIC,DBA_CLUSTERS,SYS,DBA_CLUSTERS,
PUBLIC,DBA_CODE_ROLE_PRIVS,SYS,DBA_CODE_ROLE_PRIVS,
PUBLIC,DBA_COL_COMMENTS,SYS,DBA_COL_COMMENTS,
PUBLIC,DBA_COLL_TYPES,SYS,DBA_COLL_TYPES,
PUBLIC,DBA_COL_PENDING_STATS,SYS,DBA_COL_PENDING_STATS,
PUBLIC,DBA_COL_PRIVS,SYS,DBA_COL_PRIVS,
PUBLIC,DBA_COL_USAGE_STATISTICS,SYS,DBA_COL_USAGE_STATISTICS,
PUBLIC,DBA_COMMON_AUDIT_TRAIL,SYS,DBA_COMMON_AUDIT_TRAIL,
PUBLIC,DBA_COMPARISON,SYS,DBA_COMPARISON,
PUBLIC,DBA_COMPARISON_COLUMNS,SYS,DBA_COMPARISON_COLUMNS,
PUBLIC,DBA_COMPARISON_ROW_DIF,SYS,DBA_COMPARISON_ROW_DIF,
PUBLIC,DBA_COMPARISON_SCAN,SYS,DBA_COMPARISON_SCAN,
PUBLIC,DBA_COMPARISON_SCAN_SUMMARY,SYS,DBA_COMPARISON_SCAN_SUMMARY,
PUBLIC,DBA_COMPARISON_SCAN_VALUES,SYS,DBA_COMPARISON_SCAN_VALUES,
PUBLIC,DBA_CONNECTION_TESTS,SYS,DBA_CONNECTION_TESTS,
PUBLIC,DBA_CONNECT_ROLE_GRANTEES,SYS,DBA_CONNECT_ROLE_GRANTEES,
PUBLIC,DBA_CONS_COLUMNS,SYS,DBA_CONS_COLUMNS,
PUBLIC,DBA_CONSENSUS_CONFIG_CHANGES,SYS,DBA_CONSENSUS_CONFIG_CHANGES,
PUBLIC,DBA_CONSENSUS_LOGS,SYS,DBA_CONSENSUS_LOGS,
PUBLIC,DBA_CONSENSUS_PEERS,SYS,DBA_CONSENSUS_PEERS,
PUBLIC,DBA_CONS_OBJ_COLUMNS,SYS,DBA_CONS_OBJ_COLUMNS,
PUBLIC,DBA_CONSTRAINTS,SYS,DBA_CONSTRAINTS,
PUBLIC,DBA_CONTAINER_DATA,SYS,DBA_CONTAINER_DATA,
PUBLIC,DBA_CONTEXT,SYS,DBA_CONTEXT,
PUBLIC,DBA_CPOOL_INFO,SYS,DBA_CPOOL_INFO,
PUBLIC,DBA_CPU_USAGE_STATISTICS,SYS,DBA_CPU_USAGE_STATISTICS,
PUBLIC,DBA_CQ_NOTIFICATION_QUERIES,SYS,DBA_CQ_NOTIFICATION_QUERIES,
PUBLIC,DBA_CREDENTIALS,SYS,DBA_CREDENTIALS,
PUBLIC,DBA_CUBE_ATTRIBUTES,SYS,DBA_CUBE_ATTRIBUTES,
PUBLIC,DBA_CUBE_ATTR_MAPPINGS,SYS,DBA_CUBE_ATTR_MAPPINGS,
PUBLIC,DBA_CUBE_ATTR_UNIQUE_KEYS,SYS,DBA_CUBE_ATTR_UNIQUE_KEYS,
PUBLIC,DBA_CUBE_ATTR_VISIBILITY,SYS,DBA_CUBE_ATTR_VISIBILITY,
PUBLIC,DBA_CUBE_BUILD_PROCESSES,SYS,DBA_CUBE_BUILD_PROCESSES,
PUBLIC,DBA_CUBE_CALCULATED_MEMBERS,SYS,DBA_CUBE_CALCULATED_MEMBERS,
PUBLIC,DBA_CUBE_CLASSIFICATIONS,SYS,DBA_CUBE_CLASSIFICATIONS,
PUBLIC,DBA_CUBE_DEPENDENCIES,SYS,DBA_CUBE_DEPENDENCIES,
PUBLIC,DBA_CUBE_DESCRIPTIONS,SYS,DBA_CUBE_DESCRIPTIONS,
PUBLIC,DBA_CUBE_DIMENSIONALITY,SYS,DBA_CUBE_DIMENSIONALITY,
PUBLIC,DBA_CUBE_DIMENSIONS,SYS,DBA_CUBE_DIMENSIONS,
PUBLIC,DBA_CUBE_DIM_LEVELS,SYS,DBA_CUBE_DIM_LEVELS,
PUBLIC,DBA_CUBE_DIM_MAPPINGS,SYS,DBA_CUBE_DIM_MAPPINGS,
PUBLIC,DBA_CUBE_DIM_MODELS,SYS,DBA_CUBE_DIM_MODELS,
PUBLIC,DBA_CUBE_DIMNL_MAPPINGS,SYS,DBA_CUBE_DIMNL_MAPPINGS,
PUBLIC,DBA_CUBE_DIM_VIEW_COLUMNS,SYS,DBA_CUBE_DIM_VIEW_COLUMNS,
PUBLIC,DBA_CUBE_DIM_VIEWS,SYS,DBA_CUBE_DIM_VIEWS,
PUBLIC,DBA_CUBE_HIERARCHIES,SYS,DBA_CUBE_HIERARCHIES,
PUBLIC,DBA_CUBE_HIER_LEVELS,SYS,DBA_CUBE_HIER_LEVELS,
PUBLIC,DBA_CUBE_HIER_VIEW_COLUMNS,SYS,DBA_CUBE_HIER_VIEW_COLUMNS,
PUBLIC,DBA_CUBE_HIER_VIEWS,SYS,DBA_CUBE_HIER_VIEWS,
PUBLIC,DBA_CUBE_MAPPINGS,SYS,DBA_CUBE_MAPPINGS,
PUBLIC,DBA_CUBE_MEAS_MAPPINGS,SYS,DBA_CUBE_MEAS_MAPPINGS,
PUBLIC,DBA_CUBE_MEASURES,SYS,DBA_CUBE_MEASURES,
PUBLIC,DBA_CUBE_NAMED_BUILD_SPECS,SYS,DBA_CUBE_NAMED_BUILD_SPECS,
PUBLIC,DBA_CUBES,SYS,DBA_CUBES,
PUBLIC,DBA_CUBE_SUB_PARTITION_LEVELS,SYS,DBA_CUBE_SUB_PARTITION_LEVELS,
PUBLIC,DBA_CUBE_VIEW_COLUMNS,SYS,DBA_CUBE_VIEW_COLUMNS,
PUBLIC,DBA_CUBE_VIEWS,SYS,DBA_CUBE_VIEWS,
PUBLIC,DBA_DATA_FILES,SYS,DBA_DATA_FILES,
PUBLIC,DBA_DATAPUMP_JOBS,SYS,DBA_DATAPUMP_JOBS,
PUBLIC,DBA_DATAPUMP_SESSIONS,SYS,DBA_DATAPUMP_SESSIONS,
PUBLIC,DBA_DBFS_HS,SYS,DBA_DBFS_HS,
PUBLIC,DBA_DBFS_HS_COMMANDS,SYS,DBA_DBFS_HS_COMMANDS,
PUBLIC,DBA_DBFS_HS_FIXED_PROPERTIES,SYS,DBA_DBFS_HS_FIXED_PROPERTIES,
PUBLIC,DBA_DBFS_HS_PROPERTIES,SYS,DBA_DBFS_HS_PROPERTIES,
PUBLIC,DBA_DB_LINKS,SYS,DBA_DB_LINKS,
PUBLIC,DBA_DB_LINK_SOURCES,SYS,DBA_DB_LINK_SOURCES,
PUBLIC,DBA_DDL_LOCKS,SYS,DBA_DDL_LOCKS,
PUBLIC,DBA_DEPENDENCIES,SYS,DBA_DEPENDENCIES,
PUBLIC,DBA_DIGEST_VERIFIERS,SYS,DBA_DIGEST_VERIFIERS,
PUBLIC,DBA_DIM_ATTRIBUTES,SYS,DBA_DIM_ATTRIBUTES,
PUBLIC,DBA_DIM_CHILD_OF,SYS,DBA_DIM_CHILD_OF,
PUBLIC,DBA_DIMENSIONS,SYS,DBA_DIMENSIONS,
PUBLIC,DBA_DIM_HIERARCHIES,SYS,DBA_DIM_HIERARCHIES,
PUBLIC,DBA_DIM_JOIN_KEY,SYS,DBA_DIM_JOIN_KEY,
PUBLIC,DBA_DIM_LEVEL_KEY,SYS,DBA_DIM_LEVEL_KEY,
PUBLIC,DBA_DIM_LEVELS,SYS,DBA_DIM_LEVELS,
PUBLIC,DBA_DIRECTORIES,SYS,DBA_DIRECTORIES,
PUBLIC,DBA_DISCOVERY_SOURCE,SYS,DBA_DISCOVERY_SOURCE,
PUBLIC,DBA_DML_LOCKS,SYS,DBA_DML_LOCKS,
PUBLIC,DBA_DMT_FREE_SPACE,SYS,DBA_DMT_FREE_SPACE,
PUBLIC,DBA_DMT_USED_EXTENTS,SYS,DBA_DMT_USED_EXTENTS,
PUBLIC,DBA_DV_APP_EXCEPTION,DVSYS,DBA_DV_APP_EXCEPTION,
PUBLIC,DBA_DV_AUTH,DVSYS,DBA_DV_AUTH,
PUBLIC,DBA_DV_CODE,DVSYS,DBA_DV_CODE,
PUBLIC,DBA_DV_COMMAND_RULE,DVSYS,DBA_DV_COMMAND_RULE,
PUBLIC,DBA_DV_COMMAND_RULE_ID,DVSYS,DBA_DV_COMMAND_RULE_ID,
PUBLIC,DBA_DV_COMMON_OPERATION_STATUS,DVSYS,DBA_DV_COMMON_OPERATION_STATUS,
PUBLIC,DBA_DV_DATAPUMP_AUTH,DVSYS,DBA_DV_DATAPUMP_AUTH,
PUBLIC,DBA_DV_DBCAPTURE_AUTH,DVSYS,DBA_DV_DBCAPTURE_AUTH,
PUBLIC,DBA_DV_DBREPLAY_AUTH,DVSYS,DBA_DV_DBREPLAY_AUTH,
PUBLIC,DBA_DV_DDL_AUTH,DVSYS,DBA_DV_DDL_AUTH,
PUBLIC,DBA_DV_DEBUG_CONNECT_AUTH,DVSYS,DBA_DV_DEBUG_CONNECT_AUTH,
PUBLIC,DBA_DV_DIAGNOSTIC_AUTH,DVSYS,DBA_DV_DIAGNOSTIC_AUTH,
PUBLIC,DBA_DV_DICTIONARY_ACCTS,DVSYS,DBA_DV_DICTIONARY_ACCTS,
PUBLIC,DBA_DV_FACTOR,DVSYS,DBA_DV_FACTOR,
PUBLIC,DBA_DV_FACTOR_LINK,DVSYS,DBA_DV_FACTOR_LINK,
PUBLIC,DBA_DV_FACTOR_TYPE,DVSYS,DBA_DV_FACTOR_TYPE,
PUBLIC,DBA_DV_IDENTITY,DVSYS,DBA_DV_IDENTITY,
PUBLIC,DBA_DV_IDENTITY_MAP,DVSYS,DBA_DV_IDENTITY_MAP,
PUBLIC,DBA_DV_JOB_AUTH,DVSYS,DBA_DV_JOB_AUTH,
PUBLIC,DBA_DV_MAC_POLICY,DVSYS,DBA_DV_MAC_POLICY,
PUBLIC,DBA_DV_MAC_POLICY_FACTOR,DVSYS,DBA_DV_MAC_POLICY_FACTOR,
PUBLIC,DBA_DV_MAINTENANCE_AUTH,DVSYS,DBA_DV_MAINTENANCE_AUTH,
PUBLIC,DBA_DV_ORADEBUG,DVSYS,DBA_DV_ORADEBUG,
PUBLIC,DBA_DV_PATCH_ADMIN_AUDIT,DVSYS,DBA_DV_PATCH_ADMIN_AUDIT,
PUBLIC,DBA_DV_POLICY,DVSYS,DBA_DV_POLICY,
PUBLIC,DBA_DV_POLICY_LABEL,DVSYS,DBA_DV_POLICY_LABEL,
PUBLIC,DBA_DV_POLICY_OBJECT,DVSYS,DBA_DV_POLICY_OBJECT,
PUBLIC,DBA_DV_POLICY_OWNER,DVSYS,DBA_DV_POLICY_OWNER,
PUBLIC,DBA_DV_PREPROCESSOR_AUTH,DVSYS,DBA_DV_PREPROCESSOR_AUTH,
PUBLIC,DBA_DV_PROXY_AUTH,DVSYS,DBA_DV_PROXY_AUTH,
PUBLIC,DBA_DV_PUB_PRIVS,DVSYS,DBA_DV_PUB_PRIVS,
PUBLIC,DBA_DV_RAS_ATTACH_SESSION_AUTH,DVSYS,DBA_DV_RAS_ATTACH_SESSION_AUTH,
PUBLIC,DBA_DV_REALM,DVSYS,DBA_DV_REALM,
PUBLIC,DBA_DV_REALM_AUTH,DVSYS,DBA_DV_REALM_AUTH,
PUBLIC,DBA_DV_REALM_OBJECT,DVSYS,DBA_DV_REALM_OBJECT,
PUBLIC,DBA_DV_ROLE,DVSYS,DBA_DV_ROLE,
PUBLIC,DBA_DV_RULE,DVSYS,DBA_DV_RULE,
PUBLIC,DBA_DV_RULE_SET,DVSYS,DBA_DV_RULE_SET,
PUBLIC,DBA_DV_RULE_SET_RULE,DVSYS,DBA_DV_RULE_SET_RULE,
PUBLIC,DBA_DV_SIMULATION_LOG,DVSYS,DBA_DV_SIMULATION_LOG,
PUBLIC,DBA_DV_STATUS,SYS,DBA_DV_STATUS,
PUBLIC,DBA_DV_TTS_AUTH,DVSYS,DBA_DV_TTS_AUTH,
PUBLIC,DBA_DV_USER_PRIVS,DVSYS,DBA_DV_USER_PRIVS,
PUBLIC,DBA_DV_USER_PRIVS_ALL,DVSYS,DBA_DV_USER_PRIVS_ALL,
PUBLIC,DBA_EDITION_COMMENTS,SYS,DBA_EDITION_COMMENTS,
PUBLIC,DBA_EDITIONED_TYPES,SYS,DBA_EDITIONED_TYPES,
PUBLIC,DBA_EDITIONING_VIEW_COLS,SYS,DBA_EDITIONING_VIEW_COLS,
PUBLIC,DBA_EDITIONING_VIEW_COLS_AE,SYS,DBA_EDITIONING_VIEW_COLS_AE,
PUBLIC,DBA_EDITIONING_VIEWS,SYS,DBA_EDITIONING_VIEWS,
PUBLIC,DBA_EDITIONING_VIEWS_AE,SYS,DBA_EDITIONING_VIEWS_AE,
PUBLIC,DBA_EDITION_INHERITED_OBJECTS,SYS,DBA_EDITION_INHERITED_OBJECTS,
PUBLIC,DBA_EDITIONS,SYS,DBA_EDITIONS,
PUBLIC,DBA_ENABLED_AGGREGATIONS,SYS,DBA_ENABLED_AGGREGATIONS,
PUBLIC,DBA_ENABLED_TRACES,SYS,DBA_ENABLED_TRACES,
PUBLIC,DBA_ENCRYPTED_COLUMNS,SYS,DBA_ENCRYPTED_COLUMNS,
PUBLIC,DBA_EPG_DAD_AUTHORIZATION,SYS,DBA_EPG_DAD_AUTHORIZATION,
PUBLIC,DBA_ERRORS,SYS,DBA_ERRORS,
PUBLIC,DBA_ERRORS_AE,SYS,DBA_ERRORS_AE,
PUBLIC,DBA_ERROR_TRANSLATIONS,SYS,DBA_ERROR_TRANSLATIONS,
PUBLIC,DBA_EVALUATION_CONTEXTS,SYS,DBA_EVALUATION_CONTEXTS,
PUBLIC,DBA_EVALUATION_CONTEXT_TABLES,SYS,DBA_EVALUATION_CONTEXT_TABLES,
PUBLIC,DBA_EVALUATION_CONTEXT_VARS,SYS,DBA_EVALUATION_CONTEXT_VARS,
PUBLIC,DBA_EXP_FILES,SYS,DBA_EXP_FILES,
PUBLIC,DBA_EXP_OBJECTS,SYS,DBA_EXP_OBJECTS,
PUBLIC,DBA_EXPORT_OBJECTS,SYS,DBA_EXPORT_OBJECTS,
PUBLIC,DBA_EXPORT_PATHS,SYS,DBA_EXPORT_PATHS,
PUBLIC,DBA_EXPRESSION_STATISTICS,SYS,DBA_EXPRESSION_STATISTICS,
PUBLIC,DBA_EXP_VERSION,SYS,DBA_EXP_VERSION,
PUBLIC,DBA_EXTENTS,SYS,DBA_EXTENTS,
PUBLIC,DBA_EXTERNAL_LOCATIONS,SYS,DBA_EXTERNAL_LOCATIONS,
PUBLIC,DBA_EXTERNAL_SCN_ACTIVITY,SYS,DBA_EXTERNAL_SCN_ACTIVITY,
PUBLIC,DBA_EXTERNAL_TABLES,SYS,DBA_EXTERNAL_TABLES,
PUBLIC,DBA_FEATURE_USAGE_STATISTICS,SYS,DBA_FEATURE_USAGE_STATISTICS,
PUBLIC,DBA_FGA_AUDIT_TRAIL,SYS,DBA_FGA_AUDIT_TRAIL,
PUBLIC,DBA_FILE_GROUP_EXPORT_INFO,SYS,DBA_FILE_GROUP_EXPORT_INFO,
PUBLIC,DBA_FILE_GROUP_FILES,SYS,DBA_FILE_GROUP_FILES,
PUBLIC,DBA_FILE_GROUPS,SYS,DBA_FILE_GROUPS,
PUBLIC,DBA_FILE_GROUP_TABLES,SYS,DBA_FILE_GROUP_TABLES,
PUBLIC,DBA_FILE_GROUP_TABLESPACES,SYS,DBA_FILE_GROUP_TABLESPACES,
PUBLIC,DBA_FILE_GROUP_VERSIONS,SYS,DBA_FILE_GROUP_VERSIONS,
PUBLIC,DBA_FLASHBACK_ARCHIVE,SYS,DBA_FLASHBACK_ARCHIVE,
PUBLIC,DBA_FLASHBACK_ARCHIVE_TABLES,SYS,DBA_FLASHBACK_ARCHIVE_TABLES,
PUBLIC,DBA_FLASHBACK_ARCHIVE_TS,SYS,DBA_FLASHBACK_ARCHIVE_TS,
PUBLIC,DBA_FLASHBACK_TXN_REPORT,SYS,DBA_FLASHBACK_TXN_REPORT,
PUBLIC,DBA_FLASHBACK_TXN_STATE,SYS,DBA_FLASHBACK_TXN_STATE,
PUBLIC,DBA_FREE_SPACE,SYS,DBA_FREE_SPACE,
PUBLIC,DBA_FREE_SPACE_COALESCED,SYS,DBA_FREE_SPACE_COALESCED,
PUBLIC,DBA_GEOMETRY_COLUMNS,MDSYS,DBA_GEOMETRY_COLUMNS,
PUBLIC,DBA_GG_AUTO_CDR_COLUMN_GROUPS,SYS,DBA_GG_AUTO_CDR_COLUMN_GROUPS,
PUBLIC,DBA_GG_AUTO_CDR_COLUMNS,SYS,DBA_GG_AUTO_CDR_COLUMNS,
PUBLIC,DBA_GG_AUTO_CDR_TABLES,SYS,DBA_GG_AUTO_CDR_TABLES,
PUBLIC,DBA_GG_INBOUND_PROGRESS,SYS,DBA_GG_INBOUND_PROGRESS,
PUBLIC,DBA_GG_PROCEDURE_ANNOTATION,SYS,DBA_GG_PROCEDURE_ANNOTATION,
PUBLIC,DBA_GG_PROC_OBJECT_EXCLUSION,SYS,DBA_GG_PROC_OBJECT_EXCLUSION,
PUBLIC,DBA_GG_SUPPORTED_PACKAGES,SYS,DBA_GG_SUPPORTED_PACKAGES,
PUBLIC,DBA_GG_SUPPORTED_PROCEDURES,SYS,DBA_GG_SUPPORTED_PROCEDURES,
PUBLIC,_DBA_GGXSTREAM_INBOUND,SYS,_DBA_GGXSTREAM_INBOUND,
PUBLIC,_DBA_GGXSTREAM_OUTBOUND,SYS,_DBA_GGXSTREAM_OUTBOUND,
PUBLIC,DBA_GLOBAL_CONTEXT,SYS,DBA_GLOBAL_CONTEXT,
PUBLIC,DBA_GOLDENGATE_CONTAINER_RULES,SYS,DBA_GOLDENGATE_CONTAINER_RULES,
PUBLIC,DBA_GOLDENGATE_INBOUND,SYS,DBA_GOLDENGATE_INBOUND,
PUBLIC,DBA_GOLDENGATE_NOT_UNIQUE,SYS,DBA_GOLDENGATE_NOT_UNIQUE,
PUBLIC,DBA_GOLDENGATE_PRIVILEGES,SYS,DBA_GOLDENGATE_PRIVILEGES,
PUBLIC,DBA_GOLDENGATE_RULES,SYS,DBA_GOLDENGATE_RULES,
PUBLIC,DBA_GOLDENGATE_SUPPORT_MODE,SYS,DBA_GOLDENGATE_SUPPORT_MODE,
PUBLIC,DBA_HANG_MANAGER_PARAMETERS,SYS,DBA_HANG_MANAGER_PARAMETERS,
PUBLIC,DBA_HEAT_MAP_SEG_HISTOGRAM,SYS,DBA_HEAT_MAP_SEG_HISTOGRAM,
PUBLIC,DBA_HEAT_MAP_SEGMENT,SYS,DBA_HEAT_MAP_SEGMENT,
PUBLIC,DBA_HEATMAP_TOP_OBJECTS,SYS,DBA_HEATMAP_TOP_OBJECTS,
PUBLIC,DBA_HEATMAP_TOP_TABLESPACES,SYS,DBA_HEATMAP_TOP_TABLESPACES,
PUBLIC,DBA_HIERARCHIES,SYS,DBA_HIERARCHIES,
PUBLIC,DBA_HIER_CLASS,SYS,DBA_HIER_CLASS,
PUBLIC,DBA_HIER_COLUMNS,SYS,DBA_HIER_COLUMNS,
PUBLIC,DBA_HIER_HIER_ATTR_CLASS,SYS,DBA_HIER_HIER_ATTR_CLASS,
PUBLIC,DBA_HIER_HIER_ATTRIBUTES,SYS,DBA_HIER_HIER_ATTRIBUTES,
PUBLIC,DBA_HIER_JOIN_PATHS,SYS,DBA_HIER_JOIN_PATHS,
PUBLIC,DBA_HIER_LEVEL_ID_ATTRS,SYS,DBA_HIER_LEVEL_ID_ATTRS,
PUBLIC,DBA_HIER_LEVELS,SYS,DBA_HIER_LEVELS,
PUBLIC,DBA_HIGH_WATER_MARK_STATISTICS,SYS,DBA_HIGH_WATER_MARK_STATISTICS,
PUBLIC,DBA_HIST_ACTIVE_SESS_HISTORY,SYS,DBA_HIST_ACTIVE_SESS_HISTORY,
PUBLIC,DBA_HIST_APPLY_SUMMARY,SYS,DBA_HIST_APPLY_SUMMARY,
PUBLIC,DBA_HIST_ASH_SNAPSHOT,SYS,DBA_HIST_ASH_SNAPSHOT,
PUBLIC,DBA_HIST_ASM_BAD_DISK,SYS,DBA_HIST_ASM_BAD_DISK,
PUBLIC,DBA_HIST_ASM_DISKGROUP,SYS,DBA_HIST_ASM_DISKGROUP,
PUBLIC,DBA_HIST_ASM_DISKGROUP_STAT,SYS,DBA_HIST_ASM_DISKGROUP_STAT,
PUBLIC,DBA_HIST_ASM_DISK_STAT_SUMMARY,SYS,DBA_HIST_ASM_DISK_STAT_SUMMARY,
PUBLIC,DBA_HIST_BASELINE,SYS,DBA_HIST_BASELINE,
PUBLIC,DBA_HIST_BASELINE_DETAILS,SYS,DBA_HIST_BASELINE_DETAILS,
PUBLIC,DBA_HIST_BASELINE_METADATA,SYS,DBA_HIST_BASELINE_METADATA,
PUBLIC,DBA_HIST_BASELINE_TEMPLATE,SYS,DBA_HIST_BASELINE_TEMPLATE,
PUBLIC,DBA_HIST_BG_EVENT_SUMMARY,SYS,DBA_HIST_BG_EVENT_SUMMARY,
PUBLIC,DBA_HIST_BUFFERED_QUEUES,SYS,DBA_HIST_BUFFERED_QUEUES,
PUBLIC,DBA_HIST_BUFFERED_SUBSCRIBERS,SYS,DBA_HIST_BUFFERED_SUBSCRIBERS,
PUBLIC,DBA_HIST_BUFFER_POOL_STAT,SYS,DBA_HIST_BUFFER_POOL_STAT,
PUBLIC,DBA_HIST_CAPTURE,SYS,DBA_HIST_CAPTURE,
PUBLIC,DBA_HIST_CELL_CONFIG,SYS,DBA_HIST_CELL_CONFIG,
PUBLIC,DBA_HIST_CELL_CONFIG_DETAIL,SYS,DBA_HIST_CELL_CONFIG_DETAIL,
PUBLIC,DBA_HIST_CELL_DB,SYS,DBA_HIST_CELL_DB,
PUBLIC,DBA_HIST_CELL_DISK_NAME,SYS,DBA_HIST_CELL_DISK_NAME,
PUBLIC,DBA_HIST_CELL_DISK_SUMMARY,SYS,DBA_HIST_CELL_DISK_SUMMARY,
PUBLIC,DBA_HIST_CELL_DISKTYPE,SYS,DBA_HIST_CELL_DISKTYPE,
PUBLIC,DBA_HIST_CELL_GLOBAL,SYS,DBA_HIST_CELL_GLOBAL,
PUBLIC,DBA_HIST_CELL_GLOBAL_SUMMARY,SYS,DBA_HIST_CELL_GLOBAL_SUMMARY,
PUBLIC,DBA_HIST_CELL_IOREASON,SYS,DBA_HIST_CELL_IOREASON,
PUBLIC,DBA_HIST_CELL_IOREASON_NAME,SYS,DBA_HIST_CELL_IOREASON_NAME,
PUBLIC,DBA_HIST_CELL_METRIC_DESC,SYS,DBA_HIST_CELL_METRIC_DESC,
PUBLIC,DBA_HIST_CELL_NAME,SYS,DBA_HIST_CELL_NAME,
PUBLIC,DBA_HIST_CELL_OPEN_ALERTS,SYS,DBA_HIST_CELL_OPEN_ALERTS,
PUBLIC,DBA_HIST_CHANNEL_WAITS,SYS,DBA_HIST_CHANNEL_WAITS,
PUBLIC,DBA_HIST_CLUSTER_INTERCON,SYS,DBA_HIST_CLUSTER_INTERCON,
PUBLIC,DBA_HIST_COLORED_SQL,SYS,DBA_HIST_COLORED_SQL,
PUBLIC,DBA_HIST_COMP_IOSTAT,SYS,DBA_HIST_COMP_IOSTAT,
PUBLIC,DBA_HIST_CON_SYSMETRIC_HIST,SYS,DBA_HIST_CON_SYSMETRIC_HIST,
PUBLIC,DBA_HIST_CON_SYSMETRIC_SUMM,SYS,DBA_HIST_CON_SYSMETRIC_SUMM,
PUBLIC,DBA_HIST_CON_SYSSTAT,SYS,DBA_HIST_CON_SYSSTAT,
PUBLIC,DBA_HIST_CON_SYSTEM_EVENT,SYS,DBA_HIST_CON_SYSTEM_EVENT,
PUBLIC,DBA_HIST_CON_SYS_TIME_MODEL,SYS,DBA_HIST_CON_SYS_TIME_MODEL,
PUBLIC,DBA_HIST_CR_BLOCK_SERVER,SYS,DBA_HIST_CR_BLOCK_SERVER,
PUBLIC,DBA_HIST_CURRENT_BLOCK_SERVER,SYS,DBA_HIST_CURRENT_BLOCK_SERVER,
PUBLIC,DBA_HIST_DATABASE_INSTANCE,SYS,DBA_HIST_DATABASE_INSTANCE,
PUBLIC,DBA_HIST_DATAFILE,SYS,DBA_HIST_DATAFILE,
PUBLIC,DBA_HIST_DB_CACHE_ADVICE,SYS,DBA_HIST_DB_CACHE_ADVICE,
PUBLIC,DBA_HIST_DISPATCHER,SYS,DBA_HIST_DISPATCHER,
PUBLIC,DBA_HIST_DLM_MISC,SYS,DBA_HIST_DLM_MISC,
PUBLIC,DBA_HIST_DYN_REMASTER_STATS,SYS,DBA_HIST_DYN_REMASTER_STATS,
PUBLIC,DBA_HIST_ENQUEUE_STAT,SYS,DBA_HIST_ENQUEUE_STAT,
PUBLIC,DBA_HIST_EVENT_HISTOGRAM,SYS,DBA_HIST_EVENT_HISTOGRAM,
PUBLIC,DBA_HIST_EVENT_NAME,SYS,DBA_HIST_EVENT_NAME,
PUBLIC,DBA_HIST_FILEMETRIC_HISTORY,SYS,DBA_HIST_FILEMETRIC_HISTORY,
PUBLIC,DBA_HIST_FILESTATXS,SYS,DBA_HIST_FILESTATXS,
PUBLIC,DBA_HIST_IC_CLIENT_STATS,SYS,DBA_HIST_IC_CLIENT_STATS,
PUBLIC,DBA_HIST_IC_DEVICE_STATS,SYS,DBA_HIST_IC_DEVICE_STATS,
PUBLIC,DBA_HIST_IM_SEG_STAT,SYS,DBA_HIST_IM_SEG_STAT,
PUBLIC,DBA_HIST_IM_SEG_STAT_OBJ,SYS,DBA_HIST_IM_SEG_STAT_OBJ,
PUBLIC,DBA_HIST_INSTANCE_RECOVERY,SYS,DBA_HIST_INSTANCE_RECOVERY,
PUBLIC,DBA_HIST_INST_CACHE_TRANSFER,SYS,DBA_HIST_INST_CACHE_TRANSFER,
PUBLIC,DBA_HIST_INTERCONNECT_PINGS,SYS,DBA_HIST_INTERCONNECT_PINGS,
PUBLIC,DBA_HIST_IOSTAT_DETAIL,SYS,DBA_HIST_IOSTAT_DETAIL,
PUBLIC,DBA_HIST_IOSTAT_FILETYPE,SYS,DBA_HIST_IOSTAT_FILETYPE,
PUBLIC,DBA_HIST_IOSTAT_FILETYPE_NAME,SYS,DBA_HIST_IOSTAT_FILETYPE_NAME,
PUBLIC,DBA_HIST_IOSTAT_FUNCTION,SYS,DBA_HIST_IOSTAT_FUNCTION,
PUBLIC,DBA_HIST_IOSTAT_FUNCTION_NAME,SYS,DBA_HIST_IOSTAT_FUNCTION_NAME,
PUBLIC,DBA_HIST_JAVA_POOL_ADVICE,SYS,DBA_HIST_JAVA_POOL_ADVICE,
PUBLIC,DBA_HIST_LATCH,SYS,DBA_HIST_LATCH,
PUBLIC,DBA_HIST_LATCH_CHILDREN,SYS,DBA_HIST_LATCH_CHILDREN,
PUBLIC,DBA_HIST_LATCH_MISSES_SUMMARY,SYS,DBA_HIST_LATCH_MISSES_SUMMARY,
PUBLIC,DBA_HIST_LATCH_NAME,SYS,DBA_HIST_LATCH_NAME,
PUBLIC,DBA_HIST_LATCH_PARENT,SYS,DBA_HIST_LATCH_PARENT,
PUBLIC,DBA_HIST_LIBRARYCACHE,SYS,DBA_HIST_LIBRARYCACHE,
PUBLIC,DBA_HIST_LMS_STATS,SYS,DBA_HIST_LMS_STATS,
PUBLIC,DBA_HIST_LOG,SYS,DBA_HIST_LOG,
PUBLIC,DBA_HIST_MEM_DYNAMIC_COMP,SYS,DBA_HIST_MEM_DYNAMIC_COMP,
PUBLIC,DBA_HIST_MEMORY_RESIZE_OPS,SYS,DBA_HIST_MEMORY_RESIZE_OPS,
PUBLIC,DBA_HIST_MEMORY_TARGET_ADVICE,SYS,DBA_HIST_MEMORY_TARGET_ADVICE,
PUBLIC,DBA_HIST_METRIC_NAME,SYS,DBA_HIST_METRIC_NAME,
PUBLIC,DBA_HIST_MTTR_TARGET_ADVICE,SYS,DBA_HIST_MTTR_TARGET_ADVICE,
PUBLIC,DBA_HIST_MUTEX_SLEEP,SYS,DBA_HIST_MUTEX_SLEEP,
PUBLIC,DBA_HIST_MVPARAMETER,SYS,DBA_HIST_MVPARAMETER,
PUBLIC,DBA_HISTOGRAMS,SYS,DBA_TAB_HISTOGRAMS,
PUBLIC,DBA_HIST_OPTIMIZER_ENV,SYS,DBA_HIST_OPTIMIZER_ENV,
PUBLIC,DBA_HIST_OSSTAT,SYS,DBA_HIST_OSSTAT,
PUBLIC,DBA_HIST_OSSTAT_NAME,SYS,DBA_HIST_OSSTAT_NAME,
PUBLIC,DBA_HIST_PARAMETER,SYS,DBA_HIST_PARAMETER,
PUBLIC,DBA_HIST_PARAMETER_NAME,SYS,DBA_HIST_PARAMETER_NAME,
PUBLIC,DBA_HIST_PDB_IN_SNAP,SYS,DBA_HIST_PDB_IN_SNAP,
PUBLIC,DBA_HIST_PDB_INSTANCE,SYS,DBA_HIST_PDB_INSTANCE,
PUBLIC,DBA_HIST_PERSISTENT_QMN_CACHE,SYS,DBA_HIST_PERSISTENT_QMN_CACHE,
PUBLIC,DBA_HIST_PERSISTENT_QUEUES,SYS,DBA_HIST_PERSISTENT_QUEUES,
PUBLIC,DBA_HIST_PERSISTENT_SUBS,SYS,DBA_HIST_PERSISTENT_SUBS,
PUBLIC,DBA_HIST_PGASTAT,SYS,DBA_HIST_PGASTAT,
PUBLIC,DBA_HIST_PGA_TARGET_ADVICE,SYS,DBA_HIST_PGA_TARGET_ADVICE,
PUBLIC,DBA_HIST_PLAN_OPERATION_NAME,SYS,DBA_HIST_PLAN_OPERATION_NAME,
PUBLIC,DBA_HIST_PLAN_OPTION_NAME,SYS,DBA_HIST_PLAN_OPTION_NAME,
PUBLIC,DBA_HIST_PROCESS_MEM_SUMMARY,SYS,DBA_HIST_PROCESS_MEM_SUMMARY,
PUBLIC,DBA_HIST_PROCESS_WAITTIME,SYS,DBA_HIST_PROCESS_WAITTIME,
PUBLIC,DBA_HIST_RECOVERY_PROGRESS,SYS,DBA_HIST_RECOVERY_PROGRESS,
PUBLIC,DBA_HIST_REPLICATION_TBL_STATS,SYS,DBA_HIST_REPLICATION_TBL_STATS,
PUBLIC,DBA_HIST_REPLICATION_TXN_STATS,SYS,DBA_HIST_REPLICATION_TXN_STATS,
PUBLIC,DBA_HIST_REPORTS,SYS,DBA_HIST_REPORTS,
PUBLIC,DBA_HIST_REPORTS_CONTROL,SYS,DBA_HIST_REPORTS_CONTROL,
PUBLIC,DBA_HIST_REPORTS_DETAILS,SYS,DBA_HIST_REPORTS_DETAILS,
PUBLIC,DBA_HIST_REPORTS_TIMEBANDS,SYS,DBA_HIST_REPORTS_TIMEBANDS,
PUBLIC,DBA_HIST_RESOURCE_LIMIT,SYS,DBA_HIST_RESOURCE_LIMIT,
PUBLIC,DBA_HIST_ROWCACHE_SUMMARY,SYS,DBA_HIST_ROWCACHE_SUMMARY,
PUBLIC,DBA_HIST_RSRC_CONSUMER_GROUP,SYS,DBA_HIST_RSRC_CONSUMER_GROUP,
PUBLIC,DBA_HIST_RSRC_METRIC,SYS,DBA_HIST_RSRC_METRIC,
PUBLIC,DBA_HIST_RSRC_PDB_METRIC,SYS,DBA_HIST_RSRC_PDB_METRIC,
PUBLIC,DBA_HIST_RSRC_PLAN,SYS,DBA_HIST_RSRC_PLAN,
PUBLIC,DBA_HIST_RULE_SET,SYS,DBA_HIST_RULE_SET,
PUBLIC,DBA_HIST_SEG_STAT,SYS,DBA_HIST_SEG_STAT,
PUBLIC,DBA_HIST_SEG_STAT_OBJ,SYS,DBA_HIST_SEG_STAT_OBJ,
PUBLIC,DBA_HIST_SERVICE_NAME,SYS,DBA_HIST_SERVICE_NAME,
PUBLIC,DBA_HIST_SERVICE_STAT,SYS,DBA_HIST_SERVICE_STAT,
PUBLIC,DBA_HIST_SERVICE_WAIT_CLASS,SYS,DBA_HIST_SERVICE_WAIT_CLASS,
PUBLIC,DBA_HIST_SESSMETRIC_HISTORY,SYS,DBA_HIST_SESSMETRIC_HISTORY,
PUBLIC,DBA_HIST_SESS_NETWORK,SYS,DBA_HIST_SESS_NETWORK,
PUBLIC,DBA_HIST_SESS_SGA_STATS,SYS,DBA_HIST_SESS_SGA_STATS,
PUBLIC,DBA_HIST_SESS_TIME_STATS,SYS,DBA_HIST_SESS_TIME_STATS,
PUBLIC,DBA_HIST_SGA,SYS,DBA_HIST_SGA,
PUBLIC,DBA_HIST_SGASTAT,SYS,DBA_HIST_SGASTAT,
PUBLIC,DBA_HIST_SGA_TARGET_ADVICE,SYS,DBA_HIST_SGA_TARGET_ADVICE,
PUBLIC,DBA_HIST_SHARED_POOL_ADVICE,SYS,DBA_HIST_SHARED_POOL_ADVICE,
PUBLIC,DBA_HIST_SHARED_SERVER_SUMMARY,SYS,DBA_HIST_SHARED_SERVER_SUMMARY,
PUBLIC,DBA_HIST_SNAP_ERROR,SYS,DBA_HIST_SNAP_ERROR,
PUBLIC,DBA_HIST_SNAPSHOT,SYS,DBA_HIST_SNAPSHOT,
PUBLIC,DBA_HIST_SQLBIND,SYS,DBA_HIST_SQLBIND,
PUBLIC,DBA_HIST_SQL_BIND_METADATA,SYS,DBA_HIST_SQL_BIND_METADATA,
PUBLIC,DBA_HIST_SQLCOMMAND_NAME,SYS,DBA_HIST_SQLCOMMAND_NAME,
PUBLIC,DBA_HIST_SQL_PLAN,SYS,DBA_HIST_SQL_PLAN,
PUBLIC,DBA_HIST_SQLSTAT,SYS,DBA_HIST_SQLSTAT,
PUBLIC,DBA_HIST_SQL_SUMMARY,SYS,DBA_HIST_SQL_SUMMARY,
PUBLIC,DBA_HIST_SQLTEXT,SYS,DBA_HIST_SQLTEXT,
PUBLIC,DBA_HIST_SQL_WORKAREA_HSTGRM,SYS,DBA_HIST_SQL_WORKAREA_HSTGRM,
PUBLIC,DBA_HIST_STAT_NAME,SYS,DBA_HIST_STAT_NAME,
PUBLIC,DBA_HIST_STREAMS_APPLY_SUM,SYS,DBA_HIST_STREAMS_APPLY_SUM,
PUBLIC,DBA_HIST_STREAMS_CAPTURE,SYS,DBA_HIST_STREAMS_CAPTURE,
PUBLIC,DBA_HIST_STREAMS_POOL_ADVICE,SYS,DBA_HIST_STREAMS_POOL_ADVICE,
PUBLIC,DBA_HIST_SYSMETRIC_HISTORY,SYS,DBA_HIST_SYSMETRIC_HISTORY,
PUBLIC,DBA_HIST_SYSMETRIC_SUMMARY,SYS,DBA_HIST_SYSMETRIC_SUMMARY,
PUBLIC,DBA_HIST_SYSSTAT,SYS,DBA_HIST_SYSSTAT,
PUBLIC,DBA_HIST_SYSTEM_EVENT,SYS,DBA_HIST_SYSTEM_EVENT,
PUBLIC,DBA_HIST_SYS_TIME_MODEL,SYS,DBA_HIST_SYS_TIME_MODEL,
PUBLIC,DBA_HIST_TABLE_SETTINGS,SYS,DBA_HIST_TABLE_SETTINGS,
PUBLIC,DBA_HIST_TABLESPACE,SYS,DBA_HIST_TABLESPACE,
PUBLIC,DBA_HIST_TABLESPACE_STAT,SYS,DBA_HIST_TABLESPACE_STAT,
PUBLIC,DBA_HIST_TBSPC_SPACE_USAGE,SYS,DBA_HIST_TBSPC_SPACE_USAGE,
PUBLIC,DBA_HIST_TEMPFILE,SYS,DBA_HIST_TEMPFILE,
PUBLIC,DBA_HIST_TEMPSTATXS,SYS,DBA_HIST_TEMPSTATXS,
PUBLIC,DBA_HIST_THREAD,SYS,DBA_HIST_THREAD,
PUBLIC,DBA_HIST_TOPLEVELCALL_NAME,SYS,DBA_HIST_TOPLEVELCALL_NAME,
PUBLIC,DBA_HIST_UNDOSTAT,SYS,DBA_HIST_UNDOSTAT,
PUBLIC,DBA_HIST_WAITCLASSMET_HISTORY,SYS,DBA_HIST_WAITCLASSMET_HISTORY,
PUBLIC,DBA_HIST_WAITSTAT,SYS,DBA_HIST_WAITSTAT,
PUBLIC,DBA_HIST_WR_CONTROL,SYS,DBA_HIST_WR_CONTROL,
PUBLIC,DBA_HIST_WR_SETTINGS,SYS,DBA_HIST_WR_SETTINGS,
PUBLIC,DBA_HOST_ACES,SYS,DBA_HOST_ACES,
PUBLIC,DBA_HOST_ACLS,SYS,DBA_HOST_ACLS,
PUBLIC,DBA_IDENTIFIERS,SYS,DBA_IDENTIFIERS,
PUBLIC,DBA_ILMDATAMOVEMENTPOLICIES,SYS,DBA_ILMDATAMOVEMENTPOLICIES,
PUBLIC,DBA_ILMEVALUATIONDETAILS,SYS,DBA_ILMEVALUATIONDETAILS,
PUBLIC,DBA_ILMOBJECTS,SYS,DBA_ILMOBJECTS,
PUBLIC,DBA_ILMPARAMETERS,SYS,DBA_ILMPARAMETERS,
PUBLIC,DBA_ILMPOLICIES,SYS,DBA_ILMPOLICIES,
PUBLIC,DBA_ILMRESULTS,SYS,DBA_ILMRESULTS,
PUBLIC,DBA_ILMTASKS,SYS,DBA_ILMTASKS,
PUBLIC,DBA_IM_EXPRESSIONS,SYS,DBA_IM_EXPRESSIONS,
PUBLIC,DBA_IMMUTABLE_TABLES,SYS,DBA_IMMUTABLE_TABLES,
PUBLIC,DBA_IND_COLUMNS,SYS,DBA_IND_COLUMNS,
PUBLIC,DBA_INDEXES,SYS,DBA_INDEXES,
PUBLIC,DBA_IND_EXPRESSIONS,SYS,DBA_IND_EXPRESSIONS,
PUBLIC,DBA_INDEXTYPE_ARRAYTYPES,SYS,DBA_INDEXTYPE_ARRAYTYPES,
PUBLIC,DBA_INDEXTYPE_COMMENTS,SYS,DBA_INDEXTYPE_COMMENTS,
PUBLIC,DBA_INDEXTYPE_OPERATORS,SYS,DBA_INDEXTYPE_OPERATORS,
PUBLIC,DBA_INDEXTYPES,SYS,DBA_INDEXTYPES,
PUBLIC,DBA_INDEX_USAGE,SYS,DBA_INDEX_USAGE,
PUBLIC,DBA_IND_PARTITIONS,SYS,DBA_IND_PARTITIONS,
PUBLIC,DBA_IND_PENDING_STATS,SYS,DBA_IND_PENDING_STATS,
PUBLIC,DBA_IND_STATISTICS,SYS,DBA_IND_STATISTICS,
PUBLIC,DBA_IND_SUBPARTITIONS,SYS,DBA_IND_SUBPARTITIONS,
PUBLIC,DBA_INMEMORY_AIMTASKDETAILS,SYS,DBA_INMEMORY_AIMTASKDETAILS,
PUBLIC,DBA_INMEMORY_AIMTASKS,SYS,DBA_INMEMORY_AIMTASKS,
PUBLIC,DBA_INTERNAL_TRIGGERS,SYS,DBA_INTERNAL_TRIGGERS,
PUBLIC,DBA_INVALID_OBJECTS,SYS,DBA_INVALID_OBJECTS,
PUBLIC,DBA_JAVA_ARGUMENTS,SYS,DBA_JAVA_ARGUMENTS,
PUBLIC,DBA_JAVA_CLASSES,SYS,DBA_JAVA_CLASSES,
PUBLIC,DBA_JAVA_COMPILER_OPTIONS,SYS,DBA_JAVA_COMPILER_OPTIONS,
PUBLIC,DBA_JAVA_DERIVATIONS,SYS,DBA_JAVA_DERIVATIONS,
PUBLIC,DBA_JAVA_FIELDS,SYS,DBA_JAVA_FIELDS,
PUBLIC,DBA_JAVA_IMPLEMENTS,SYS,DBA_JAVA_IMPLEMENTS,
PUBLIC,DBA_JAVA_INNERS,SYS,DBA_JAVA_INNERS,
PUBLIC,DBA_JAVA_LAYOUTS,SYS,DBA_JAVA_LAYOUTS,
PUBLIC,DBA_JAVA_METHODS,SYS,DBA_JAVA_METHODS,
PUBLIC,DBA_JAVA_NCOMPS,SYS,DBA_JAVA_NCOMPS,
PUBLIC,DBA_JAVA_POLICY,SYS,DBA_JAVA_POLICY,
PUBLIC,DBA_JAVA_RESOLVERS,SYS,DBA_JAVA_RESOLVERS,
PUBLIC,DBA_JAVA_THROWS,SYS,DBA_JAVA_THROWS,
PUBLIC,DBA_JOBS,SYS,DBA_JOBS,
PUBLIC,DBA_JOBS_RUNNING,SYS,DBA_JOBS_RUNNING,
PUBLIC,DBA_JOINGROUPS,SYS,DBA_JOINGROUPS,
PUBLIC,DBA_JOIN_IND_COLUMNS,SYS,DBA_JOIN_IND_COLUMNS,
PUBLIC,DBA_JSON_COLSTORAGE_STATS,SYS,DBA_JSON_COLSTORAGE_STATS,
PUBLIC,DBA_JSON_COLUMNS,SYS,DBA_JSON_COLUMNS,
PUBLIC,DBA_JSON_DATAGUIDE_FIELDS,SYS,DBA_JSON_DATAGUIDE_FIELDS,
PUBLIC,DBA_JSON_DATAGUIDES,SYS,DBA_JSON_DATAGUIDES,
PUBLIC,DBA_KEEPSIZES,SYS,DBA_KEEPSIZES,
PUBLIC,DBA_KGLLOCK,SYS,DBA_KGLLOCK,
PUBLIC,DBA_LBAC_POLICIES,LBACSYS,DBA_LBAC_POLICIES,
PUBLIC,DBA_LBAC_SCHEMA_POLICIES,LBACSYS,DBA_LBAC_SCHEMA_POLICIES,
PUBLIC,DBA_LBAC_TABLE_POLICIES,LBACSYS,DBA_LBAC_TABLE_POLICIES,
PUBLIC,DBA_LIBRARIES,SYS,DBA_LIBRARIES,
PUBLIC,DBA_LMT_FREE_SPACE,SYS,DBA_LMT_FREE_SPACE,
PUBLIC,DBA_LMT_USED_EXTENTS,SYS,DBA_LMT_USED_EXTENTS,
PUBLIC,DBA_LOB_PARTITIONS,SYS,DBA_LOB_PARTITIONS,
PUBLIC,DBA_LOBS,SYS,DBA_LOBS,
PUBLIC,DBA_LOB_SUBPARTITIONS,SYS,DBA_LOB_SUBPARTITIONS,
PUBLIC,DBA_LOB_TEMPLATES,SYS,DBA_LOB_TEMPLATES,
PUBLIC,DBA_LOCK,SYS,DBA_LOCK,
PUBLIC,DBA_LOCKDOWN_PROFILES,SYS,DBA_LOCKDOWN_PROFILES,
PUBLIC,DBA_LOCK_INTERNAL,SYS,DBA_LOCK_INTERNAL,
PUBLIC,DBA_LOCKS,SYS,DBA_LOCK,
PUBLIC,DBA_LOG_GROUP_COLUMNS,SYS,DBA_LOG_GROUP_COLUMNS,
PUBLIC,DBA_LOG_GROUPS,SYS,DBA_LOG_GROUPS,
PUBLIC,DBA_LOGMNR_DICTIONARY_BUILDLOG,SYS,DBA_LOGMNR_DICTIONARY_BUILDLOG,
PUBLIC,DBA_LOGMNR_LOG,SYS,DBA_LOGMNR_LOG,
PUBLIC,DBA_LOGMNR_PROFILE_PLSQL_STATS,SYS,DBA_LOGMNR_PROFILE_PLSQL_STATS,
PUBLIC,DBA_LOGMNR_PROFILE_TABLE_STATS,SYS,DBA_LOGMNR_PROFILE_TABLE_STATS,
PUBLIC,DBA_LOGMNR_PURGED_LOG,SYS,DBA_LOGMNR_PURGED_LOG,
PUBLIC,DBA_LOGMNR_SESSION,SYS,DBA_LOGMNR_SESSION,
PUBLIC,DBA_LOGSTDBY_EDS_SUPPORTED,SYS,DBA_LOGSTDBY_EDS_SUPPORTED,
PUBLIC,DBA_LOGSTDBY_EDS_TABLES,SYS,DBA_LOGSTDBY_EDS_TABLES,
PUBLIC,DBA_LOGSTDBY_EVENTS,SYS,DBA_LOGSTDBY_EVENTS,
PUBLIC,DBA_LOGSTDBY_HISTORY,SYS,DBA_LOGSTDBY_HISTORY,
PUBLIC,DBA_LOGSTDBY_LOG,SYS,DBA_LOGSTDBY_LOG,
PUBLIC,DBA_LOGSTDBY_NOT_UNIQUE,SYS,DBA_LOGSTDBY_NOT_UNIQUE,
PUBLIC,DBA_LOGSTDBY_PARAMETERS,SYS,DBA_LOGSTDBY_PARAMETERS,
PUBLIC,DBA_LOGSTDBY_PLSQL_MAP,SYS,DBA_LOGSTDBY_PLSQL_MAP,
PUBLIC,DBA_LOGSTDBY_PLSQL_SUPPORT,SYS,DBA_LOGSTDBY_PLSQL_SUPPORT,
PUBLIC,DBA_LOGSTDBY_PROGRESS,SYS,DBA_LOGSTDBY_PROGRESS,
PUBLIC,DBA_LOGSTDBY_SKIP,SYS,DBA_LOGSTDBY_SKIP,
PUBLIC,DBA_LOGSTDBY_SKIP_TRANSACTION,SYS,DBA_LOGSTDBY_SKIP_TRANSACTION,
PUBLIC,DBA_LOGSTDBY_SUPPORT_MODE,SYS,DBA_LOGSTDBY_SUPPORT_MODE,
PUBLIC,DBA_LOGSTDBY_UNSUPPORTED,SYS,DBA_LOGSTDBY_UNSUPPORTED,
PUBLIC,DBA_LOGSTDBY_UNSUPPORTED_TABLE,SYS,DBA_LOGSTDBY_UNSUPPORTED_TABLE,
PUBLIC,DBA_MEASURE_FOLDER_CONTENTS,SYS,DBA_MEASURE_FOLDER_CONTENTS,
PUBLIC,DBA_MEASURE_FOLDERS,SYS,DBA_MEASURE_FOLDERS,
PUBLIC,DBA_MEASURE_FOLDER_SUBFOLDERS,SYS,DBA_MEASURE_FOLDER_SUBFOLDERS,
PUBLIC,DBA_METADATA_PROPERTIES,SYS,DBA_METADATA_PROPERTIES,
PUBLIC,DBA_METHOD_PARAMS,SYS,DBA_METHOD_PARAMS,
PUBLIC,DBA_METHOD_RESULTS,SYS,DBA_METHOD_RESULTS,
PUBLIC,DBA_MINING_MODEL_ATTRIBUTES,SYS,DBA_MINING_MODEL_ATTRIBUTES,
PUBLIC,DBA_MINING_MODEL_PARTITIONS,SYS,DBA_MINING_MODEL_PARTITIONS,
PUBLIC,DBA_MINING_MODELS,SYS,DBA_MINING_MODELS,
PUBLIC,DBA_MINING_MODEL_SETTINGS,SYS,DBA_MINING_MODEL_SETTINGS,
PUBLIC,DBA_MINING_MODEL_TABLES,SYS,DBA_MINING_MODEL_TABLES,
PUBLIC,DBA_MINING_MODEL_VIEWS,SYS,DBA_MINING_MODEL_VIEWS,
PUBLIC,DBA_MINING_MODEL_XFORMS,SYS,DBA_MINING_MODEL_XFORMS,
PUBLIC,DBA_MVIEW_AGGREGATES,SYS,DBA_MVIEW_AGGREGATES,
PUBLIC,DBA_MVIEW_ANALYSIS,SYS,DBA_MVIEW_ANALYSIS,
PUBLIC,DBA_MVIEW_COMMENTS,SYS,DBA_MVIEW_COMMENTS,
PUBLIC,DBA_MVIEW_DETAIL_PARTITION,SYS,DBA_MVIEW_DETAIL_PARTITION,
PUBLIC,DBA_MVIEW_DETAIL_RELATIONS,SYS,DBA_MVIEW_DETAIL_RELATIONS,
PUBLIC,DBA_MVIEW_DETAIL_SUBPARTITION,SYS,DBA_MVIEW_DETAIL_SUBPARTITION,
PUBLIC,DBA_MVIEW_JOINS,SYS,DBA_MVIEW_JOINS,
PUBLIC,DBA_MVIEW_KEYS,SYS,DBA_MVIEW_KEYS,
PUBLIC,DBA_MVIEW_LOG_FILTER_COLS,SYS,DBA_MVIEW_LOG_FILTER_COLS,
PUBLIC,DBA_MVIEW_LOGS,SYS,DBA_MVIEW_LOGS,
PUBLIC,DBA_MVIEW_REFRESH_TIMES,SYS,DBA_MVIEW_REFRESH_TIMES,
PUBLIC,DBA_MVIEWS,SYS,DBA_MVIEWS,
PUBLIC,DBA_MVREF_CHANGE_STATS,SYS,DBA_MVREF_CHANGE_STATS,
PUBLIC,DBA_MVREF_RUN_STATS,SYS,DBA_MVREF_RUN_STATS,
PUBLIC,DBA_MVREF_STATS,SYS,DBA_MVREF_STATS,
PUBLIC,DBA_MVREF_STATS_PARAMS,SYS,DBA_MVREF_STATS_PARAMS,
PUBLIC,DBA_MVREF_STATS_SYS_DEFAULTS,SYS,DBA_MVREF_STATS_SYS_DEFAULTS,
PUBLIC,DBA_MVREF_STMT_STATS,SYS,DBA_MVREF_STMT_STATS,
PUBLIC,DBA_NESTED_TABLE_COLS,SYS,DBA_NESTED_TABLE_COLS,
PUBLIC,DBA_NESTED_TABLES,SYS,DBA_NESTED_TABLES,
PUBLIC,DBA_NETWORK_ACL_PRIVILEGES,SYS,DBA_NETWORK_ACL_PRIVILEGES,
PUBLIC,DBA_NETWORK_ACLS,SYS,DBA_NETWORK_ACLS,
PUBLIC,DBA_OBJ_AUDIT_OPTS,SYS,DBA_OBJ_AUDIT_OPTS,
PUBLIC,DBA_OBJ_COLATTRS,SYS,DBA_OBJ_COLATTRS,
PUBLIC,DBA_OBJECTS,SYS,DBA_OBJECTS,
PUBLIC,DBA_OBJECTS_AE,SYS,DBA_OBJECTS_AE,
PUBLIC,DBA_OBJECT_SIZE,SYS,DBA_OBJECT_SIZE,
PUBLIC,DBA_OBJECT_TABLES,SYS,DBA_OBJECT_TABLES,
PUBLIC,DBA_OBJECT_USAGE,SYS,DBA_OBJECT_USAGE,
PUBLIC,DBA_OGG_AUTO_CAPTURED_TABLES,SYS,DBA_OGG_AUTO_CAPTURED_TABLES,
PUBLIC,DBA_OLDIMAGE_COLUMNS,SYS,DBA_OLDIMAGE_COLUMNS,
PUBLIC,DBA_OLS_STATUS,LBACSYS,DBA_OLS_STATUS,
PUBLIC,DBA_OPANCILLARY,SYS,DBA_OPANCILLARY,
PUBLIC,DBA_OPARGUMENTS,SYS,DBA_OPARGUMENTS,
PUBLIC,DBA_OPBINDINGS,SYS,DBA_OPBINDINGS,
PUBLIC,DBA_OPERATOR_COMMENTS,SYS,DBA_OPERATOR_COMMENTS,
PUBLIC,DBA_OPERATORS,SYS,DBA_OPERATORS,
PUBLIC,DBA_OPTSTAT_OPERATIONS,SYS,DBA_OPTSTAT_OPERATIONS,
PUBLIC,DBA_OPTSTAT_OPERATION_TASKS,SYS,DBA_OPTSTAT_OPERATION_TASKS,
PUBLIC,DBA_OUTLINE_HINTS,SYS,DBA_OUTLINE_HINTS,
PUBLIC,DBA_OUTLINES,SYS,DBA_OUTLINES,
PUBLIC,DBA_OUTSTANDING_ALERTS,SYS,DBA_OUTSTANDING_ALERTS,
PUBLIC,DBA_PARALLEL_EXECUTE_CHUNKS,SYS,DBA_PARALLEL_EXECUTE_CHUNKS,
PUBLIC,DBA_PARALLEL_EXECUTE_TASKS,SYS,DBA_PARALLEL_EXECUTE_TASKS,
PUBLIC,DBA_PART_COL_STATISTICS,SYS,DBA_PART_COL_STATISTICS,
PUBLIC,DBA_PART_HISTOGRAMS,SYS,DBA_PART_HISTOGRAMS,
PUBLIC,DBA_PARTIAL_DROP_TABS,SYS,DBA_PARTIAL_DROP_TABS,
PUBLIC,DBA_PART_INDEXES,SYS,DBA_PART_INDEXES,
PUBLIC,DBA_PART_KEY_COLUMNS,SYS,DBA_PART_KEY_COLUMNS,
PUBLIC,DBA_PART_LOBS,SYS,DBA_PART_LOBS,
PUBLIC,DBA_PART_TABLES,SYS,DBA_PART_TABLES,
PUBLIC,DBA_PDB_HISTORY,SYS,DBA_PDB_HISTORY,
PUBLIC,DBA_PDBS,SYS,DBA_PDBS,
PUBLIC,DBA_PDB_SAVED_STATES,SYS,DBA_PDB_SAVED_STATES,
PUBLIC,DBA_PDB_SNAPSHOTFILE,SYS,DBA_PDB_SNAPSHOTFILE,
PUBLIC,DBA_PDB_SNAPSHOTS,SYS,DBA_PDB_SNAPSHOTS,
PUBLIC,DBA_PENDING_CONV_TABLES,SYS,DBA_PENDING_CONV_TABLES,
PUBLIC,DBA_PENDING_TRANSACTIONS,SYS,DBA_PENDING_TRANSACTIONS,
PUBLIC,DBA_PLSQL_COLL_TYPES,SYS,DBA_PLSQL_COLL_TYPES,
PUBLIC,DBA_PLSQL_OBJECT_SETTINGS,SYS,DBA_PLSQL_OBJECT_SETTINGS,
PUBLIC,DBA_PLSQL_TYPE_ATTRS,SYS,DBA_PLSQL_TYPE_ATTRS,
PUBLIC,DBA_PLSQL_TYPES,SYS,DBA_PLSQL_TYPES,
PUBLIC,DBA_POLICIES,SYS,DBA_POLICIES,
PUBLIC,DBA_POLICY_ATTRIBUTES,SYS,DBA_POLICY_ATTRIBUTES,
PUBLIC,DBA_POLICY_CONTEXTS,SYS,DBA_POLICY_CONTEXTS,
PUBLIC,DBA_POLICY_GROUPS,SYS,DBA_POLICY_GROUPS,
PUBLIC,DBA_PRIVATE_TEMP_TABLES,SYS,DBA_PRIVATE_TEMP_TABLES,
PUBLIC,DBA_PRIV_AUDIT_OPTS,SYS,DBA_PRIV_AUDIT_OPTS,
PUBLIC,DBA_PRIV_CAPTURES,SYS,DBA_PRIV_CAPTURES,
PUBLIC,DBA_PROCEDURES,SYS,DBA_PROCEDURES,
PUBLIC,DBA_PROFILES,SYS,DBA_PROFILES,
PUBLIC,DBA_PROPAGATION,SYS,DBA_PROPAGATION,
PUBLIC,DBA_PROXIES,SYS,DBA_PROXIES,
PUBLIC,DBA_QUEUE_EVENT_STREAMS,SYS,DBA_QUEUE_EVENT_STREAMS,
PUBLIC,DBA_QUEUE_PUBLISHERS,SYS,DBA_QUEUE_PUBLISHERS,
PUBLIC,DBA_QUEUES,SYS,DBA_QUEUES,
PUBLIC,DBA_QUEUE_SCHEDULES,SYS,DBA_QUEUE_SCHEDULES,
PUBLIC,DBA_QUEUE_SHARDS,SYS,DBA_QUEUE_SHARDS,
PUBLIC,DBA_QUEUE_SUBSCRIBERS,SYS,DBA_QUEUE_SUBSCRIBERS,
PUBLIC,DBA_QUEUE_TABLES,SYS,DBA_QUEUE_TABLES,
PUBLIC,DBA_RAT_CAPTURE_SCHEMA_INFO,SYS,DBA_RAT_CAPTURE_SCHEMA_INFO,
PUBLIC,DBA_RCHILD,SYS,DBA_RCHILD,
PUBLIC,DBA_RECOVERABLE_SCRIPT,SYS,DBA_RECOVERABLE_SCRIPT,
PUBLIC,DBA_RECOVERABLE_SCRIPT_BLOCKS,SYS,DBA_RECOVERABLE_SCRIPT_BLOCKS,
PUBLIC,DBA_RECOVERABLE_SCRIPT_ERRORS,SYS,DBA_RECOVERABLE_SCRIPT_ERRORS,
PUBLIC,DBA_RECOVERABLE_SCRIPT_HIST,SYS,DBA_RECOVERABLE_SCRIPT_HIST,
PUBLIC,DBA_RECOVERABLE_SCRIPT_PARAMS,SYS,DBA_RECOVERABLE_SCRIPT_PARAMS,
PUBLIC,DBA_RECYCLEBIN,SYS,DBA_RECYCLEBIN,
PUBLIC,DBA_REDEFINITION_ERRORS,SYS,DBA_REDEFINITION_ERRORS,
PUBLIC,DBA_REDEFINITION_OBJECTS,SYS,DBA_REDEFINITION_OBJECTS,
PUBLIC,DBA_REDEFINITION_STATUS,SYS,DBA_REDEFINITION_STATUS,
PUBLIC,DBA_REDO_DB,SYS,DBA_REDO_DB,
PUBLIC,DBA_REDO_LOG,SYS,DBA_REDO_LOG,
PUBLIC,DBA_REFRESH,SYS,DBA_REFRESH,
PUBLIC,DBA_REFRESH_CHILDREN,SYS,DBA_REFRESH_CHILDREN,
PUBLIC,DBA_REFS,SYS,DBA_REFS,
PUBLIC,DBA_REGISTERED_ARCHIVED_LOG,SYS,DBA_REGISTERED_ARCHIVED_LOG,
PUBLIC,DBA_REGISTERED_MVIEWS,SYS,DBA_REGISTERED_MVIEWS,
PUBLIC,DBA_REGISTERED_SNAPSHOTS,SYS,DBA_REGISTERED_SNAPSHOTS,
PUBLIC,DBA_REGISTRY,SYS,DBA_REGISTRY,
PUBLIC,DBA_REGISTRY_BACKPORTS,SYS,DBA_REGISTRY_BACKPORTS,
PUBLIC,DBA_REGISTRY_DATABASE,SYS,DBA_REGISTRY_DATABASE,
PUBLIC,DBA_REGISTRY_DEPENDENCIES,SYS,DBA_REGISTRY_DEPENDENCIES,
PUBLIC,DBA_REGISTRY_ERROR,SYS,DBA_REGISTRY_ERROR,
PUBLIC,DBA_REGISTRY_HIERARCHY,SYS,DBA_REGISTRY_HIERARCHY,
PUBLIC,DBA_REGISTRY_HISTORY,SYS,DBA_REGISTRY_HISTORY,
PUBLIC,DBA_REGISTRY_LOG,SYS,DBA_REGISTRY_LOG,
PUBLIC,DBA_REGISTRY_PROGRESS,SYS,DBA_REGISTRY_PROGRESS,
PUBLIC,DBA_REGISTRY_SCHEMAS,SYS,DBA_REGISTRY_SCHEMAS,
PUBLIC,DBA_REGISTRY_SQLPATCH,SYS,DBA_REGISTRY_SQLPATCH,
PUBLIC,DBA_REGISTRY_SQLPATCH_RU_INFO,SYS,DBA_REGISTRY_SQLPATCH_RU_INFO,
PUBLIC,DBA_REMOVED_WORKSPACES,WMSYS,DBA_REMOVED_WORKSPACES,
PUBLIC,DBA_REPLAY_UPGRADE_ERRORS,SYS,DBA_REPLAY_UPGRADE_ERRORS,
PUBLIC,DBA_REPLAY_UPGRADE_STATEMENTS,SYS,DBA_REPLAY_UPGRADE_STATEMENTS,
PUBLIC,DBA_REPL_DBNAME_MAPPING,SYS,DBA_REPL_DBNAME_MAPPING,
PUBLIC,DBA_REPLICATION_PROCESS_EVENTS,SYS,DBA_REPLICATION_PROCESS_EVENTS,
PUBLIC,DBA_RESOURCE_INCARNATIONS,SYS,DBA_RESOURCE_INCARNATIONS,
PUBLIC,DBA_RESUMABLE,SYS,DBA_RESUMABLE,
PUBLIC,DBA_REWRITE_EQUIVALENCES,SYS,DBA_REWRITE_EQUIVALENCES,
PUBLIC,DBA_RGROUP,SYS,DBA_RGROUP,
PUBLIC,DBA_ROLE_PRIVS,SYS,DBA_ROLE_PRIVS,
PUBLIC,DBA_ROLES,SYS,DBA_ROLES,
PUBLIC,DBA_ROLLBACK_SEGS,SYS,DBA_ROLLBACK_SEGS,
PUBLIC,DBA_ROLLING_DATABASES,SYS,DBA_ROLLING_DATABASES,
PUBLIC,DBA_ROLLING_EVENTS,SYS,DBA_ROLLING_EVENTS,
PUBLIC,DBA_ROLLING_PARAMETERS,SYS,DBA_ROLLING_PARAMETERS,
PUBLIC,DBA_ROLLING_PLAN,SYS,DBA_ROLLING_PLAN,
PUBLIC,DBA_ROLLING_STATISTICS,SYS,DBA_ROLLING_STATISTICS,
PUBLIC,DBA_ROLLING_STATUS,SYS,DBA_ROLLING_STATUS,
PUBLIC,DBA_ROLLING_SUPPORT_MODE,SYS,DBA_ROLLING_SUPPORT_MODE,
PUBLIC,DBA_ROLLING_UNSUPPORTED,SYS,DBA_ROLLING_UNSUPPORTED,
PUBLIC,DBA_RSRC_CAPABILITY,SYS,DBA_RSRC_CAPABILITY,
PUBLIC,DBA_RSRC_CATEGORIES,SYS,DBA_RSRC_CATEGORIES,
PUBLIC,DBA_RSRC_CONSUMER_GROUP_PRIVS,SYS,DBA_RSRC_CONSUMER_GROUP_PRIVS,
PUBLIC,DBA_RSRC_CONSUMER_GROUPS,SYS,DBA_RSRC_CONSUMER_GROUPS,
PUBLIC,DBA_RSRC_GROUP_MAPPINGS,SYS,DBA_RSRC_GROUP_MAPPINGS,
PUBLIC,DBA_RSRC_INSTANCE_CAPABILITY,SYS,DBA_RSRC_INSTANCE_CAPABILITY,
PUBLIC,DBA_RSRC_IO_CALIBRATE,SYS,DBA_RSRC_IO_CALIBRATE,
PUBLIC,DBA_RSRC_MANAGER_SYSTEM_PRIVS,SYS,DBA_RSRC_MANAGER_SYSTEM_PRIVS,
PUBLIC,DBA_RSRC_MAPPING_PRIORITY,SYS,DBA_RSRC_MAPPING_PRIORITY,
PUBLIC,DBA_RSRC_PLAN_DIRECTIVES,SYS,DBA_RSRC_PLAN_DIRECTIVES,
PUBLIC,DBA_RSRC_PLANS,SYS,DBA_RSRC_PLANS,
PUBLIC,DBA_RSRC_STORAGE_POOL_MAPPING,SYS,DBA_RSRC_STORAGE_POOL_MAPPING,
PUBLIC,DBA_RULES,SYS,DBA_RULES,
PUBLIC,DBA_RULE_SET_RULES,SYS,DBA_RULE_SET_RULES,
PUBLIC,DBA_RULE_SETS,SYS,DBA_RULE_SETS,
PUBLIC,DBA_RULESETS,SYS,DBA_RULESETS,
PUBLIC,DBA_SA_AUDIT_OPTIONS,LBACSYS,DBA_SA_AUDIT_OPTIONS,
PUBLIC,DBA_SA_COMPARTMENTS,LBACSYS,DBA_SA_COMPARTMENTS,
PUBLIC,DBA_SA_DATA_LABELS,LBACSYS,DBA_SA_DATA_LABELS,
PUBLIC,DBA_SA_GROUP_HIERARCHY,LBACSYS,DBA_SA_GROUP_HIERARCHY,
PUBLIC,DBA_SA_GROUPS,LBACSYS,DBA_SA_GROUPS,
PUBLIC,DBA_SA_LABELS,LBACSYS,DBA_SA_LABELS,
PUBLIC,DBA_SA_LEVELS,LBACSYS,DBA_SA_LEVELS,
PUBLIC,DBA_SA_POLICIES,LBACSYS,DBA_SA_POLICIES,
PUBLIC,DBA_SA_PROG_PRIVS,LBACSYS,DBA_SA_PROG_PRIVS,
PUBLIC,DBA_SA_PROGRAMS,LBACSYS,DBA_SA_PROGRAMS,
PUBLIC,DBA_SA_SCHEMA_POLICIES,LBACSYS,DBA_SA_SCHEMA_POLICIES,
PUBLIC,DBA_SA_TABLE_POLICIES,LBACSYS,DBA_SA_TABLE_POLICIES,
PUBLIC,DBA_SA_USER_COMPARTMENTS,LBACSYS,DBA_SA_USER_COMPARTMENTS,
PUBLIC,DBA_SA_USER_GROUPS,LBACSYS,DBA_SA_USER_GROUPS,
PUBLIC,DBA_SA_USER_LABELS,LBACSYS,DBA_SA_USER_LABELS,
PUBLIC,DBA_SA_USER_LEVELS,LBACSYS,DBA_SA_USER_LEVELS,
PUBLIC,DBA_SA_USER_PRIVS,LBACSYS,DBA_SA_USER_PRIVS,
PUBLIC,DBA_SA_USERS,LBACSYS,DBA_SA_USERS,
PUBLIC,DBA_SCHEDULER_CHAIN_RULES,SYS,DBA_SCHEDULER_CHAIN_RULES,
PUBLIC,DBA_SCHEDULER_CHAINS,SYS,DBA_SCHEDULER_CHAINS,
PUBLIC,DBA_SCHEDULER_CHAIN_STEPS,SYS,DBA_SCHEDULER_CHAIN_STEPS,
PUBLIC,DBA_SCHEDULER_CREDENTIALS,SYS,DBA_SCHEDULER_CREDENTIALS,
PUBLIC,DBA_SCHEDULER_DB_DESTS,SYS,DBA_SCHEDULER_DB_DESTS,
PUBLIC,DBA_SCHEDULER_DESTS,SYS,DBA_SCHEDULER_DESTS,
PUBLIC,DBA_SCHEDULER_EXTERNAL_DESTS,SYS,DBA_SCHEDULER_EXTERNAL_DESTS,
PUBLIC,DBA_SCHEDULER_FILE_WATCHERS,SYS,DBA_SCHEDULER_FILE_WATCHERS,
PUBLIC,DBA_SCHEDULER_GLOBAL_ATTRIBUTE,SYS,DBA_SCHEDULER_GLOBAL_ATTRIBUTE,
PUBLIC,DBA_SCHEDULER_GROUP_MEMBERS,SYS,DBA_SCHEDULER_GROUP_MEMBERS,
PUBLIC,DBA_SCHEDULER_GROUPS,SYS,DBA_SCHEDULER_GROUPS,
PUBLIC,DBA_SCHEDULER_INCOMPAT_MEMBER,SYS,DBA_SCHEDULER_INCOMPAT_MEMBER,
PUBLIC,DBA_SCHEDULER_INCOMPATS,SYS,DBA_SCHEDULER_INCOMPATS,
PUBLIC,DBA_SCHEDULER_JOB_ARGS,SYS,DBA_SCHEDULER_JOB_ARGS,
PUBLIC,DBA_SCHEDULER_JOB_CLASSES,SYS,DBA_SCHEDULER_JOB_CLASSES,
PUBLIC,DBA_SCHEDULER_JOB_DESTS,SYS,DBA_SCHEDULER_JOB_DESTS,
PUBLIC,DBA_SCHEDULER_JOB_LOG,SYS,DBA_SCHEDULER_JOB_LOG,
PUBLIC,DBA_SCHEDULER_JOB_ROLES,SYS,DBA_SCHEDULER_JOB_ROLES,
PUBLIC,DBA_SCHEDULER_JOB_RUN_DETAILS,SYS,DBA_SCHEDULER_JOB_RUN_DETAILS,
PUBLIC,DBA_SCHEDULER_JOBS,SYS,DBA_SCHEDULER_JOBS,
PUBLIC,DBA_SCHEDULER_NOTIFICATIONS,SYS,DBA_SCHEDULER_NOTIFICATIONS,
PUBLIC,DBA_SCHEDULER_PROGRAM_ARGS,SYS,DBA_SCHEDULER_PROGRAM_ARGS,
PUBLIC,DBA_SCHEDULER_PROGRAMS,SYS,DBA_SCHEDULER_PROGRAMS,
PUBLIC,DBA_SCHEDULER_REMOTE_DATABASES,SYS,DBA_SCHEDULER_REMOTE_DATABASES,
PUBLIC,DBA_SCHEDULER_REMOTE_JOBSTATE,SYS,DBA_SCHEDULER_REMOTE_JOBSTATE,
PUBLIC,DBA_SCHEDULER_RESOURCES,SYS,DBA_SCHEDULER_RESOURCES,
PUBLIC,DBA_SCHEDULER_RSC_CONSTRAINTS,SYS,DBA_SCHEDULER_RSC_CONSTRAINTS,
PUBLIC,DBA_SCHEDULER_RUNNING_CHAINS,SYS,DBA_SCHEDULER_RUNNING_CHAINS,
PUBLIC,DBA_SCHEDULER_RUNNING_JOBS,SYS,DBA_SCHEDULER_RUNNING_JOBS,
PUBLIC,DBA_SCHEDULER_SCHEDULES,SYS,DBA_SCHEDULER_SCHEDULES,
PUBLIC,DBA_SCHEDULER_WINDOW_DETAILS,SYS,DBA_SCHEDULER_WINDOW_DETAILS,
PUBLIC,DBA_SCHEDULER_WINDOW_GROUPS,SYS,DBA_SCHEDULER_WINDOW_GROUPS,
PUBLIC,DBA_SCHEDULER_WINDOW_LOG,SYS,DBA_SCHEDULER_WINDOW_LOG,
PUBLIC,DBA_SCHEDULER_WINDOWS,SYS,DBA_SCHEDULER_WINDOWS,
PUBLIC,DBA_SCHEDULER_WINGROUP_MEMBERS,SYS,DBA_SCHEDULER_WINGROUP_MEMBERS,
PUBLIC,DBA_SDO_MAPS,MDSYS,DBA_SDO_MAPS,
PUBLIC,DBA_SDO_STYLES,MDSYS,DBA_SDO_STYLES,
PUBLIC,DBA_SDO_THEMES,MDSYS,DBA_SDO_THEMES,
PUBLIC,DBA_SECONDARY_OBJECTS,SYS,DBA_SECONDARY_OBJECTS,
PUBLIC,DBA_SEC_RELEVANT_COLS,SYS,DBA_SEC_RELEVANT_COLS,
PUBLIC,DBA_SEGMENTS,SYS,DBA_SEGMENTS,
PUBLIC,DBA_SEGMENTS_OLD,SYS,DBA_SEGMENTS_OLD,
PUBLIC,DBA_SENSITIVE_COLUMN_TYPES,SYS,DBA_SENSITIVE_COLUMN_TYPES,
PUBLIC,DBA_SENSITIVE_DATA,SYS,DBA_SENSITIVE_DATA,
PUBLIC,DBA_SEQUENCES,SYS,DBA_SEQUENCES,
PUBLIC,DBA_SERVER_REGISTRY,SYS,DBA_SERVER_REGISTRY,
PUBLIC,DBA_SERVICES,SYS,DBA_SERVICES,
PUBLIC,DBA_SNAPSHOT_LOG_FILTER_COLS,SYS,DBA_MVIEW_LOG_FILTER_COLS,
PUBLIC,DBA_SNAPSHOT_LOGS,SYS,DBA_SNAPSHOT_LOGS,
PUBLIC,DBA_SNAPSHOT_REFRESH_TIMES,SYS,DBA_MVIEW_REFRESH_TIMES,
PUBLIC,DBA_SNAPSHOTS,SYS,DBA_SNAPSHOTS,
PUBLIC,DBA_SOURCE,SYS,DBA_SOURCE,
PUBLIC,DBA_SOURCE_AE,SYS,DBA_SOURCE_AE,
PUBLIC,DBA_SQLJ_TYPE_ATTRS,SYS,DBA_SQLJ_TYPE_ATTRS,
PUBLIC,DBA_SQLJ_TYPE_METHODS,SYS,DBA_SQLJ_TYPE_METHODS,
PUBLIC,DBA_SQLJ_TYPES,SYS,DBA_SQLJ_TYPES,
PUBLIC,DBA_SQL_MANAGEMENT_CONFIG,SYS,DBA_SQL_MANAGEMENT_CONFIG,
PUBLIC,DBA_SQL_MONITOR_USAGE,SYS,DBA_SQL_MONITOR_USAGE,
PUBLIC,DBA_SQL_PATCHES,SYS,DBA_SQL_PATCHES,
PUBLIC,DBA_SQL_PLAN_BASELINES,SYS,DBA_SQL_PLAN_BASELINES,
PUBLIC,DBA_SQL_PLAN_DIRECTIVES,SYS,DBA_SQL_PLAN_DIRECTIVES,
PUBLIC,DBA_SQL_PLAN_DIR_OBJECTS,SYS,DBA_SQL_PLAN_DIR_OBJECTS,
PUBLIC,DBA_SQL_PROFILES,SYS,DBA_SQL_PROFILES,
PUBLIC,DBA_SQL_QUARANTINE,SYS,DBA_SQL_QUARANTINE,
PUBLIC,DBA_SQLSET,SYS,DBA_SQLSET,
PUBLIC,DBA_SQLSET_BINDS,SYS,DBA_SQLSET_BINDS,
PUBLIC,DBA_SQLSET_DEFINITIONS,SYS,DBA_SQLSET,
PUBLIC,DBA_SQLSET_PLANS,SYS,DBA_SQLSET_PLANS,
PUBLIC,DBA_SQLSET_REFERENCES,SYS,DBA_SQLSET_REFERENCES,
PUBLIC,DBA_SQLSET_STATEMENTS,SYS,DBA_SQLSET_STATEMENTS,
PUBLIC,DBA_SQL_TRANSLATION_PROFILES,SYS,DBA_SQL_TRANSLATION_PROFILES,
PUBLIC,DBA_SQL_TRANSLATIONS,SYS,DBA_SQL_TRANSLATIONS,
PUBLIC,DBA_SQLTUNE_BINDS,SYS,DBA_SQLTUNE_BINDS,
PUBLIC,DBA_SQLTUNE_PLANS,SYS,DBA_SQLTUNE_PLANS,
PUBLIC,DBA_SQLTUNE_RATIONALE_PLAN,SYS,DBA_SQLTUNE_RATIONALE_PLAN,
PUBLIC,DBA_SQLTUNE_STATISTICS,SYS,DBA_SQLTUNE_STATISTICS,
PUBLIC,DBA_SR_GRP_STATUS,SYS,DBA_SR_GRP_STATUS,
PUBLIC,DBA_SR_GRP_STATUS_ALL,SYS,DBA_SR_GRP_STATUS_ALL,
PUBLIC,DBA_SR_OBJ,SYS,DBA_SR_OBJ,
PUBLIC,DBA_SR_OBJ_ALL,SYS,DBA_SR_OBJ_ALL,
PUBLIC,DBA_SR_OBJ_STATUS,SYS,DBA_SR_OBJ_STATUS,
PUBLIC,DBA_SR_OBJ_STATUS_ALL,SYS,DBA_SR_OBJ_STATUS_ALL,
PUBLIC,DBA_SR_PARTN_OPS,SYS,DBA_SR_PARTN_OPS,
PUBLIC,DBA_SR_STLOG_EXCEPTIONS,SYS,DBA_SR_STLOG_EXCEPTIONS,
PUBLIC,DBA_SR_STLOG_STATS,SYS,DBA_SR_STLOG_STATS,
PUBLIC,DBA_SSCR_CAPTURE,SYS,DBA_SSCR_CAPTURE,
PUBLIC,DBA_SSCR_RESTORE,SYS,DBA_SSCR_RESTORE,
PUBLIC,DBA_STATEMENTS,SYS,DBA_STATEMENTS,
PUBLIC,DBA_STAT_EXTENSIONS,SYS,DBA_STAT_EXTENSIONS,
PUBLIC,DBA_STMT_AUDIT_OPTS,SYS,DBA_STMT_AUDIT_OPTS,
PUBLIC,DBA_STORED_SETTINGS,SYS,DBA_STORED_SETTINGS,
PUBLIC,_DBA_STREAMS_ACTIONS,SYS,_DBA_STREAMS_ACTIONS,
PUBLIC,DBA_STREAMS_ADD_COLUMN,SYS,DBA_STREAMS_ADD_COLUMN,
PUBLIC,DBA_STREAMS_ADMINISTRATOR,SYS,DBA_STREAMS_ADMINISTRATOR,
PUBLIC,DBA_STREAMS_COLUMNS,SYS,DBA_STREAMS_COLUMNS,
PUBLIC,_DBA_STREAMS_COMPONENT,SYS,_DBA_STREAMS_COMPONENT,
PUBLIC,_DBA_STREAMS_COMPONENT_EVENT,SYS,_DBA_STREAMS_COMPONENT_EVENT,
PUBLIC,_DBA_STREAMS_COMPONENT_LINK,SYS,_DBA_STREAMS_COMPONENT_LINK,
PUBLIC,_DBA_STREAMS_COMPONENT_PROP,SYS,_DBA_STREAMS_COMPONENT_PROP,
PUBLIC,_DBA_STREAMS_COMPONENT_STAT,SYS,_DBA_STREAMS_COMPONENT_STAT,
PUBLIC,DBA_STREAMS_DELETE_COLUMN,SYS,DBA_STREAMS_DELETE_COLUMN,
PUBLIC,_DBA_STREAMS_FINDINGS,SYS,_DBA_STREAMS_FINDINGS,
PUBLIC,DBA_STREAMS_GLOBAL_RULES,SYS,DBA_STREAMS_GLOBAL_RULES,
PUBLIC,DBA_STREAMS_KEEP_COLUMNS,SYS,DBA_STREAMS_KEEP_COLUMNS,
PUBLIC,DBA_STREAMS_MESSAGE_CONSUMERS,SYS,DBA_STREAMS_MESSAGE_CONSUMERS,
PUBLIC,DBA_STREAMS_MESSAGE_RULES,SYS,DBA_STREAMS_MESSAGE_RULES,
PUBLIC,DBA_STREAMS_NEWLY_SUPPORTED,SYS,DBA_STREAMS_NEWLY_SUPPORTED,
PUBLIC,_DBA_STREAMS_RECOMMENDATIONS,SYS,_DBA_STREAMS_RECOMMENDATIONS,
PUBLIC,DBA_STREAMS_RENAME_COLUMN,SYS,DBA_STREAMS_RENAME_COLUMN,
PUBLIC,DBA_STREAMS_RENAME_SCHEMA,SYS,DBA_STREAMS_RENAME_SCHEMA,
PUBLIC,DBA_STREAMS_RENAME_TABLE,SYS,DBA_STREAMS_RENAME_TABLE,
PUBLIC,DBA_STREAMS_RULES,SYS,DBA_STREAMS_RULES,
PUBLIC,DBA_STREAMS_SCHEMA_RULES,SYS,DBA_STREAMS_SCHEMA_RULES,
PUBLIC,DBA_STREAMS_SPLIT_MERGE,SYS,DBA_STREAMS_SPLIT_MERGE,
PUBLIC,DBA_STREAMS_SPLIT_MERGE_HIST,SYS,DBA_STREAMS_SPLIT_MERGE_HIST,
PUBLIC,DBA_STREAMS_STMT_HANDLERS,SYS,DBA_STREAMS_STMT_HANDLERS,
PUBLIC,DBA_STREAMS_STMTS,SYS,DBA_STREAMS_STMTS,
PUBLIC,DBA_STREAMS_TABLE_RULES,SYS,DBA_STREAMS_TABLE_RULES,
PUBLIC,DBA_STREAMS_TP_COMPONENT,SYS,DBA_STREAMS_TP_COMPONENT,
PUBLIC,DBA_STREAMS_TP_COMPONENT_LINK,SYS,DBA_STREAMS_TP_COMPONENT_LINK,
PUBLIC,_DBA_STREAMS_TP_COMPONENT_PROP,SYS,_DBA_STREAMS_TP_COMPONENT_PROP,
PUBLIC,DBA_STREAMS_TP_COMPONENT_STAT,SYS,DBA_STREAMS_TP_COMPONENT_STAT,
PUBLIC,DBA_STREAMS_TP_DATABASE,SYS,DBA_STREAMS_TP_DATABASE,
PUBLIC,DBA_STREAMS_TP_PATH_BOTTLENECK,SYS,DBA_STREAMS_TP_PATH_BOTTLENECK,
PUBLIC,DBA_STREAMS_TP_PATH_STAT,SYS,DBA_STREAMS_TP_PATH_STAT,
PUBLIC,DBA_STREAMS_TRANSFORMATIONS,SYS,DBA_STREAMS_TRANSFORMATIONS,
PUBLIC,DBA_STREAMS_TRANSFORM_FUNCTION,SYS,DBA_STREAMS_TRANSFORM_FUNCTION,
PUBLIC,DBA_STREAMS_UNSUPPORTED,SYS,DBA_STREAMS_UNSUPPORTED,
PUBLIC,DBA_SUBPART_COL_STATISTICS,SYS,DBA_SUBPART_COL_STATISTICS,
PUBLIC,DBA_SUBPART_HISTOGRAMS,SYS,DBA_SUBPART_HISTOGRAMS,
PUBLIC,DBA_SUBPARTITION_TEMPLATES,SYS,DBA_SUBPARTITION_TEMPLATES,
PUBLIC,DBA_SUBPART_KEY_COLUMNS,SYS,DBA_SUBPART_KEY_COLUMNS,
PUBLIC,DBA_SUBSCR_DUR_REGISTRATIONS,SYS,DBA_SUBSCR_DUR_REGISTRATIONS,
PUBLIC,DBA_SUBSCR_REGISTRATIONS,SYS,DBA_SUBSCR_REGISTRATIONS,
PUBLIC,DBA_SUMMARIES,SYS,DBA_SUMMARIES,
PUBLIC,DBA_SUMMARY_AGGREGATES,SYS,DBA_SUMMARY_AGGREGATES,
PUBLIC,DBA_SUMMARY_DETAIL_TABLES,SYS,DBA_SUMMARY_DETAIL_TABLES,
PUBLIC,DBA_SUMMARY_JOINS,SYS,DBA_SUMMARY_JOINS,
PUBLIC,DBA_SUMMARY_KEYS,SYS,DBA_SUMMARY_KEYS,
PUBLIC,DBA_SUPPLEMENTAL_LOGGING,SYS,DBA_SUPPLEMENTAL_LOGGING,
PUBLIC,DBA_SYNC_CAPTURE,SYS,DBA_SYNC_CAPTURE,
PUBLIC,DBA_SYNC_CAPTURE_PREPARED_TABS,SYS,DBA_SYNC_CAPTURE_PREPARED_TABS,
PUBLIC,DBA_SYNC_CAPTURE_TABLES,SYS,DBA_SYNC_CAPTURE_TABLES,
PUBLIC,DBA_SYNONYMS,SYS,DBA_SYNONYMS,
PUBLIC,DBA_SYS_PRIVS,SYS,DBA_SYS_PRIVS,
PUBLIC,DBA_TAB_COLS,SYS,DBA_TAB_COLS,
PUBLIC,DBA_TAB_COL_STATISTICS,SYS,DBA_TAB_COL_STATISTICS,
PUBLIC,DBA_TAB_COL_STAT_MODELS,SYS,DBA_TAB_COL_STAT_MODELS,
PUBLIC,DBA_TAB_COLUMNS,SYS,DBA_TAB_COLUMNS,
PUBLIC,DBA_TAB_COMMENTS,SYS,DBA_TAB_COMMENTS,
PUBLIC,DBA_TAB_HISTGRM_PENDING_STATS,SYS,DBA_TAB_HISTGRM_PENDING_STATS,
PUBLIC,DBA_TAB_HISTOGRAMS,SYS,DBA_TAB_HISTOGRAMS,
PUBLIC,DBA_TAB_IDENTITY_COLS,SYS,DBA_TAB_IDENTITY_COLS,
PUBLIC,DBA_TABLES,SYS,DBA_TABLES,
PUBLIC,DBA_TABLESPACE_GROUPS,SYS,DBA_TABLESPACE_GROUPS,
PUBLIC,DBA_TABLESPACES,SYS,DBA_TABLESPACES,
PUBLIC,DBA_TABLESPACE_THRESHOLDS,SYS,DBA_TABLESPACE_THRESHOLDS,
PUBLIC,DBA_TABLESPACE_USAGE_METRICS,SYS,DBA_TABLESPACE_USAGE_METRICS,
PUBLIC,DBA_TAB_MODIFICATIONS,SYS,DBA_TAB_MODIFICATIONS,
PUBLIC,DBA_TAB_PARTITIONS,SYS,DBA_TAB_PARTITIONS,
PUBLIC,DBA_TAB_PENDING_STATS,SYS,DBA_TAB_PENDING_STATS,
PUBLIC,DBA_TAB_PRIVS,SYS,DBA_TAB_PRIVS,
PUBLIC,DBA_TAB_STATISTICS,SYS,DBA_TAB_STATISTICS,
PUBLIC,DBA_TAB_STAT_PREFS,SYS,DBA_TAB_STAT_PREFS,
PUBLIC,DBA_TAB_STATS_HISTORY,SYS,DBA_TAB_STATS_HISTORY,
PUBLIC,DBA_TAB_SUBPARTITIONS,SYS,DBA_TAB_SUBPARTITIONS,
PUBLIC,DBA_TEMP_FILES,SYS,DBA_TEMP_FILES,
PUBLIC,DBA_TEMP_FREE_SPACE,SYS,DBA_TEMP_FREE_SPACE,
PUBLIC,DBA_THRESHOLDS,SYS,DBA_THRESHOLDS,
PUBLIC,DBA_TRANSFORMATIONS,SYS,DBA_TRANSFORMATIONS,
PUBLIC,DBA_TRIGGER_COLS,SYS,DBA_TRIGGER_COLS,
PUBLIC,DBA_TRIGGER_ORDERING,SYS,DBA_TRIGGER_ORDERING,
PUBLIC,DBA_TRIGGERS,SYS,DBA_TRIGGERS,
PUBLIC,DBA_TRIGGERS_AE,SYS,DBA_TRIGGERS_AE,
PUBLIC,DBA_TSDP_IMPORT_ERRORS,SYS,DBA_TSDP_IMPORT_ERRORS,
PUBLIC,DBA_TSDP_POLICY_CONDITION,SYS,DBA_TSDP_POLICY_CONDITION,
PUBLIC,DBA_TSDP_POLICY_FEATURE,SYS,DBA_TSDP_POLICY_FEATURE,
PUBLIC,DBA_TSDP_POLICY_PARAMETER,SYS,DBA_TSDP_POLICY_PARAMETER,
PUBLIC,DBA_TSDP_POLICY_PROTECTION,SYS,DBA_TSDP_POLICY_PROTECTION,
PUBLIC,DBA_TSDP_POLICY_TYPE,SYS,DBA_TSDP_POLICY_TYPE,
PUBLIC,DBA_TSM_DESTINATION,SYS,DBA_TSM_DESTINATION,
PUBLIC,DBA_TSM_HISTORY,SYS,DBA_TSM_HISTORY,
PUBLIC,DBA_TSM_SOURCE,SYS,DBA_TSM_SOURCE,
PUBLIC,DBA_TS_QUOTAS,SYS,DBA_TS_QUOTAS,
PUBLIC,DBA_TSTZ_TAB_COLS,SYS,DBA_TSTZ_TAB_COLS,
PUBLIC,DBA_TSTZ_TABLES,SYS,DBA_TSTZ_TABLES,
PUBLIC,DBA_TUNE_MVIEW,SYS,DBA_TUNE_MVIEW,
PUBLIC,DBA_TYPE_ATTRS,SYS,DBA_TYPE_ATTRS,
PUBLIC,DBA_TYPE_METHODS,SYS,DBA_TYPE_METHODS,
PUBLIC,DBA_TYPES,SYS,DBA_TYPES,
PUBLIC,DBA_TYPE_VERSIONS,SYS,DBA_TYPE_VERSIONS,
PUBLIC,DBA_UMF_EVENTLOG,SYS,DBA_UMF_EVENTLOG,
PUBLIC,DBA_UMF_LINK,SYS,DBA_UMF_LINK,
PUBLIC,DBA_UMF_REGISTRATION,SYS,DBA_UMF_REGISTRATION,
PUBLIC,DBA_UMF_SERVICE,SYS,DBA_UMF_SERVICE,
PUBLIC,DBA_UMF_TOPOLOGY,SYS,DBA_UMF_TOPOLOGY,
PUBLIC,DBA_UNDO_EXTENTS,SYS,DBA_UNDO_EXTENTS,
PUBLIC,DBA_UNUSED_COL_TABS,SYS,DBA_UNUSED_COL_TABS,
PUBLIC,DBA_UNUSED_GRANTS,SYS,DBA_UNUSED_GRANTS,
PUBLIC,DBA_UNUSED_OBJPRIVS,SYS,DBA_UNUSED_OBJPRIVS,
PUBLIC,DBA_UNUSED_OBJPRIVS_PATH,SYS,DBA_UNUSED_OBJPRIVS_PATH,
PUBLIC,DBA_UNUSED_PRIVS,SYS,DBA_UNUSED_PRIVS,
PUBLIC,DBA_UNUSED_SYSPRIVS,SYS,DBA_UNUSED_SYSPRIVS,
PUBLIC,DBA_UNUSED_SYSPRIVS_PATH,SYS,DBA_UNUSED_SYSPRIVS_PATH,
PUBLIC,DBA_UNUSED_USERPRIVS,SYS,DBA_UNUSED_USERPRIVS,
PUBLIC,DBA_UNUSED_USERPRIVS_PATH,SYS,DBA_UNUSED_USERPRIVS_PATH,
PUBLIC,DBA_UPDATABLE_COLUMNS,SYS,DBA_UPDATABLE_COLUMNS,
PUBLIC,DBA_UPGRADE_ERRORS,SYS,DBA_UPGRADE_ERRORS,
PUBLIC,DBA_USED_OBJPRIVS,SYS,DBA_USED_OBJPRIVS,
PUBLIC,DBA_USED_OBJPRIVS_PATH,SYS,DBA_USED_OBJPRIVS_PATH,
PUBLIC,DBA_USED_PRIVS,SYS,DBA_USED_PRIVS,
PUBLIC,DBA_USED_PUBPRIVS,SYS,DBA_USED_PUBPRIVS,
PUBLIC,DBA_USED_SYSPRIVS,SYS,DBA_USED_SYSPRIVS,
PUBLIC,DBA_USED_SYSPRIVS_PATH,SYS,DBA_USED_SYSPRIVS_PATH,
PUBLIC,DBA_USED_USERPRIVS,SYS,DBA_USED_USERPRIVS,
PUBLIC,DBA_USED_USERPRIVS_PATH,SYS,DBA_USED_USERPRIVS_PATH,
PUBLIC,DBA_USERS,SYS,DBA_USERS,
PUBLIC,DBA_USERS_WITH_DEFPWD,SYS,DBA_USERS_WITH_DEFPWD,
PUBLIC,DBA_USTATS,SYS,DBA_USTATS,
PUBLIC,DBA_VARRAYS,SYS,DBA_VARRAYS,
PUBLIC,DBA_VIEWS,SYS,DBA_VIEWS,
PUBLIC,DBA_VIEWS_AE,SYS,DBA_VIEWS_AE,
PUBLIC,DBA_WAITERS,SYS,DBA_WAITERS,
PUBLIC,DBA_WALLET_ACES,SYS,DBA_WALLET_ACES,
PUBLIC,DBA_WALLET_ACLS,SYS,DBA_WALLET_ACLS,
PUBLIC,DBA_WARNING_SETTINGS,SYS,DBA_WARNING_SETTINGS,
PUBLIC,DBA_WI_CAPTURE_FILES,SYS,DBA_WI_CAPTURE_FILES,
PUBLIC,DBA_WI_JOBS,SYS,DBA_WI_JOBS,
PUBLIC,DBA_WI_OBJECTS,SYS,DBA_WI_OBJECTS,
PUBLIC,DBA_WI_PATTERN_ITEMS,SYS,DBA_WI_PATTERN_ITEMS,
PUBLIC,DBA_WI_PATTERNS,SYS,DBA_WI_PATTERNS,
PUBLIC,DBA_WI_STATEMENTS,SYS,DBA_WI_STATEMENTS,
PUBLIC,DBA_WI_TEMPLATE_EXECUTIONS,SYS,DBA_WI_TEMPLATE_EXECUTIONS,
PUBLIC,DBA_WI_TEMPLATES,SYS,DBA_WI_TEMPLATES,
PUBLIC,DBA_WM_SYS_PRIVS,WMSYS,DBA_WM_SYS_PRIVS,
PUBLIC,DBA_WM_VERSIONED_TABLES,WMSYS,DBA_WM_VERSIONED_TABLES,
PUBLIC,DBA_WM_VT_ERRORS,WMSYS,DBA_WM_VT_ERRORS,
PUBLIC,DBA_WORKLOAD_ACTIVE_USER_MAP,SYS,DBA_WORKLOAD_ACTIVE_USER_MAP,
PUBLIC,DBA_WORKLOAD_CAPTURES,SYS,DBA_WORKLOAD_CAPTURES,
PUBLIC,DBA_WORKLOAD_CAPTURE_SQLTEXT,SYS,DBA_WORKLOAD_CAPTURE_SQLTEXT,
PUBLIC,DBA_WORKLOAD_CONNECTION_MAP,SYS,DBA_WORKLOAD_CONNECTION_MAP,
PUBLIC,DBA_WORKLOAD_DIV_SUMMARY,SYS,DBA_WORKLOAD_DIV_SUMMARY,
PUBLIC,DBA_WORKLOAD_FILTERS,SYS,DBA_WORKLOAD_FILTERS,
PUBLIC,DBA_WORKLOAD_GROUP_ASSIGNMENTS,SYS,DBA_WORKLOAD_GROUP_ASSIGNMENTS,
PUBLIC,DBA_WORKLOAD_LONG_SQLTEXT,SYS,DBA_WORKLOAD_LONG_SQLTEXT,
PUBLIC,DBA_WORKLOAD_REPLAY_CLIENTS,SYS,DBA_WORKLOAD_REPLAY_CLIENTS,
PUBLIC,DBA_WORKLOAD_REPLAY_DIVERGENCE,SYS,DBA_WORKLOAD_REPLAY_DIVERGENCE,
PUBLIC,DBA_WORKLOAD_REPLAY_FILTER_SET,SYS,DBA_WORKLOAD_REPLAY_FILTER_SET,
PUBLIC,DBA_WORKLOAD_REPLAY_IFSLA,SYS,DBA_WORKLOAD_REPLAY_IFSLA,
PUBLIC,DBA_WORKLOAD_REPLAYS,SYS,DBA_WORKLOAD_REPLAYS,
PUBLIC,DBA_WORKLOAD_REPLAY_SCHEDULES,SYS,DBA_WORKLOAD_REPLAY_SCHEDULES,
PUBLIC,DBA_WORKLOAD_REPLAY_THREAD,SYS,DBA_WORKLOAD_REPLAY_THREAD,
PUBLIC,DBA_WORKLOAD_SCHEDULE_CAPTURES,SYS,DBA_WORKLOAD_SCHEDULE_CAPTURES,
PUBLIC,DBA_WORKLOAD_SCHEDULE_ORDERING,SYS,DBA_WORKLOAD_SCHEDULE_ORDERING,
PUBLIC,DBA_WORKLOAD_SQL_MAP,SYS,DBA_WORKLOAD_SQL_MAP,
PUBLIC,DBA_WORKLOAD_TRACKED_COMMITS,SYS,DBA_WORKLOAD_TRACKED_COMMITS,
PUBLIC,DBA_WORKLOAD_USER_MAP,SYS,DBA_WORKLOAD_USER_MAP,
PUBLIC,DBA_WORKSPACE_PRIVS,WMSYS,DBA_WORKSPACE_PRIVS,
PUBLIC,DBA_WORKSPACES,WMSYS,DBA_WORKSPACES,
PUBLIC,DBA_WORKSPACE_SAVEPOINTS,WMSYS,DBA_WORKSPACE_SAVEPOINTS,
PUBLIC,DBA_WORKSPACE_SESSIONS,WMSYS,DBA_WORKSPACE_SESSIONS,
PUBLIC,DBA_XDS_ACL_REFRESH,SYS,DBA_XDS_ACL_REFRESH,
PUBLIC,DBA_XDS_ACL_REFSTAT,SYS,DBA_XDS_ACL_REFSTAT,
PUBLIC,DBA_XDS_LATEST_ACL_REFSTAT,SYS,DBA_XDS_LATEST_ACL_REFSTAT,
PUBLIC,DBA_XML_INDEXES,SYS,DBA_XML_INDEXES,
PUBLIC,DBA_XML_NESTED_TABLES,SYS,DBA_XML_NESTED_TABLES,
PUBLIC,DBA_XML_OUT_OF_LINE_TABLES,SYS,DBA_XML_OUT_OF_LINE_TABLES,
PUBLIC,DBA_XML_SCHEMA_ATTRIBUTES,SYS,DBA_XML_SCHEMA_ATTRIBUTES,
PUBLIC,DBA_XML_SCHEMA_COMPLEX_TYPES,SYS,DBA_XML_SCHEMA_COMPLEX_TYPES,
PUBLIC,DBA_XML_SCHEMA_DEPENDENCY,SYS,DBA_XML_SCHEMA_DEPENDENCY,
PUBLIC,DBA_XML_SCHEMA_ELEMENTS,SYS,DBA_XML_SCHEMA_ELEMENTS,
PUBLIC,DBA_XML_SCHEMA_IMPORTS,SYS,DBA_XML_SCHEMA_IMPORTS,
PUBLIC,DBA_XML_SCHEMA_INCLUDES,SYS,DBA_XML_SCHEMA_INCLUDES,
PUBLIC,DBA_XMLSCHEMA_LEVEL_VIEW,SYS,DBA_XMLSCHEMA_LEVEL_VIEW,
PUBLIC,DBA_XML_SCHEMA_NAMESPACES,SYS,DBA_XML_SCHEMA_NAMESPACES,
PUBLIC,DBA_XML_SCHEMAS,SYS,DBA_XML_SCHEMAS,
PUBLIC,DBA_XML_SCHEMA_SIMPLE_TYPES,SYS,DBA_XML_SCHEMA_SIMPLE_TYPES,
PUBLIC,DBA_XML_SCHEMA_SUBSTGRP_HEAD,SYS,DBA_XML_SCHEMA_SUBSTGRP_HEAD,
PUBLIC,DBA_XML_SCHEMA_SUBSTGRP_MBRS,SYS,DBA_XML_SCHEMA_SUBSTGRP_MBRS,
PUBLIC,DBA_XML_TAB_COLS,SYS,DBA_XML_TAB_COLS,
PUBLIC,DBA_XML_TABLES,SYS,DBA_XML_TABLES,
PUBLIC,DBA_XMLTYPE_COLS,SYS,DBA_XMLTYPE_COLS,
PUBLIC,DBA_XML_VIEW_COLS,SYS,DBA_XML_VIEW_COLS,
PUBLIC,DBA_XML_VIEWS,SYS,DBA_XML_VIEWS,
PUBLIC,DBA_XS_ACES,SYS,DBA_XS_ACES,
PUBLIC,DBA_XS_ACL_PARAMETERS,SYS,DBA_XS_ACL_PARAMETERS,
PUBLIC,DBA_XS_ACLS,SYS,DBA_XS_ACLS,
PUBLIC,DBA_XS_ACTIVE_SESSIONS,SYS,DBA_XS_ACTIVE_SESSIONS,
PUBLIC,DBA_XS_APPLIED_POLICIES,SYS,DBA_XS_APPLIED_POLICIES,
PUBLIC,DBA_XS_AUDIT_POLICY_OPTIONS,SYS,DBA_XS_AUDIT_POLICY_OPTIONS,
PUBLIC,DBA_XS_AUDIT_TRAIL,AUDSYS,DBA_XS_AUDIT_TRAIL,
PUBLIC,DBA_XS_COLUMN_CONSTRAINTS,SYS,DBA_XS_COLUMN_CONSTRAINTS,
PUBLIC,DBA_XS_DYNAMIC_ROLES,SYS,DBA_XS_DYNAMIC_ROLES,
PUBLIC,DBA_XS_ENABLED_AUDIT_POLICIES,SYS,DBA_XS_ENABLED_AUDIT_POLICIES,
PUBLIC,DBA_XS_ENB_AUDIT_POLICIES,SYS,DBA_XS_ENABLED_AUDIT_POLICIES,
PUBLIC,DBA_XS_EXTERNAL_PRINCIPALS,SYS,DBA_XS_EXTERNAL_PRINCIPALS,
PUBLIC,DBA_XS_IMPLIED_PRIVILEGES,SYS,DBA_XS_IMPLIED_PRIVILEGES,
PUBLIC,DBA_XS_INHERITED_REALMS,SYS,DBA_XS_INHERITED_REALMS,
PUBLIC,DBA_XS_NS_TEMPLATE_ATTRIBUTES,SYS,DBA_XS_NS_TEMPLATE_ATTRIBUTES,
PUBLIC,DBA_XS_NS_TEMPLATES,SYS,DBA_XS_NS_TEMPLATES,
PUBLIC,DBA_XS_OBJECTS,SYS,DBA_XS_OBJECTS,
PUBLIC,DBA_XS_POLICIES,SYS,DBA_XS_POLICIES,
PUBLIC,DBA_XS_PRINCIPALS,SYS,DBA_XS_PRINCIPALS,
PUBLIC,DBA_XS_PRIVILEGE_GRANTS,SYS,DBA_XS_COLUMN_CONSTRAINTS,
PUBLIC,DBA_XS_PRIVILEGES,SYS,DBA_XS_PRIVILEGES,
PUBLIC,DBA_XS_PROXY_ROLES,SYS,DBA_XS_PROXY_ROLES,
PUBLIC,DBA_XS_REALM_CONSTRAINTS,SYS,DBA_XS_REALM_CONSTRAINTS,
PUBLIC,DBA_XS_ROLE_GRANTS,SYS,DBA_XS_ROLE_GRANTS,
PUBLIC,DBA_XS_ROLES,SYS,DBA_XS_ROLES,
PUBLIC,DBA_XS_SECURITY_CLASS_DEP,SYS,DBA_XS_SECURITY_CLASS_DEP,
PUBLIC,DBA_XS_SECURITY_CLASSES,SYS,DBA_XS_SECURITY_CLASSES,
PUBLIC,DBA_XS_SESSION_NS_ATTRIBUTES,SYS,DBA_XS_SESSION_NS_ATTRIBUTES,
PUBLIC,DBA_XS_SESSION_ROLES,SYS,DBA_XS_SESSION_ROLES,
PUBLIC,DBA_XS_SESSIONS,SYS,DBA_XS_SESSIONS,
PUBLIC,DBA_XSTREAM_ADMINISTRATOR,SYS,DBA_XSTREAM_ADMINISTRATOR,
PUBLIC,DBA_XSTREAM_INBOUND,SYS,DBA_XSTREAM_INBOUND,
PUBLIC,DBA_XSTREAM_INBOUND_PROGRESS,SYS,DBA_XSTREAM_INBOUND_PROGRESS,
PUBLIC,DBA_XSTREAM_OUTBOUND,SYS,DBA_XSTREAM_OUTBOUND,
PUBLIC,DBA_XSTREAM_OUTBOUND_PROGRESS,SYS,DBA_XSTREAM_OUTBOUND_PROGRESS,
PUBLIC,DBA_XSTREAM_OUT_SUPPORT_MODE,SYS,DBA_XSTREAM_OUT_SUPPORT_MODE,
PUBLIC,DBA_XSTREAM_RULES,SYS,DBA_XSTREAM_RULES,
PUBLIC,DBA_XSTREAM_SPLIT_MERGE,SYS,DBA_XSTREAM_SPLIT_MERGE,
PUBLIC,DBA_XSTREAM_SPLIT_MERGE_HIST,SYS,DBA_XSTREAM_SPLIT_MERGE_HIST,
PUBLIC,DBA_XSTREAM_STMT_HANDLERS,SYS,DBA_XSTREAM_STMT_HANDLERS,
PUBLIC,DBA_XSTREAM_STMTS,SYS,DBA_XSTREAM_STMTS,
PUBLIC,DBA_XSTREAM_TRANSFORMATIONS,SYS,DBA_XSTREAM_TRANSFORMATIONS,
PUBLIC,DBA_XS_USERS,SYS,DBA_XS_USERS,
PUBLIC,DBA_XTERNAL_LOC_PARTITIONS,SYS,DBA_XTERNAL_LOC_PARTITIONS,
PUBLIC,DBA_XTERNAL_LOC_SUBPARTITIONS,SYS,DBA_XTERNAL_LOC_SUBPARTITIONS,
PUBLIC,DBA_XTERNAL_PART_TABLES,SYS,DBA_XTERNAL_PART_TABLES,
PUBLIC,DBA_XTERNAL_TAB_PARTITIONS,SYS,DBA_XTERNAL_TAB_PARTITIONS,
PUBLIC,DBA_XTERNAL_TAB_SUBPARTITIONS,SYS,DBA_XTERNAL_TAB_SUBPARTITIONS,
PUBLIC,DBA_ZONEMAP_AUTO_ACTIONS,SYS,DBA_ZONEMAP_AUTO_ACTIONS,
PUBLIC,DBA_ZONEMAP_AUTO_FINDINGS,SYS,DBA_ZONEMAP_AUTO_FINDINGS,
PUBLIC,DBA_ZONEMAP_MEASURES,SYS,DBA_ZONEMAP_MEASURES,
PUBLIC,DBA_ZONEMAPS,SYS,DBA_ZONEMAPS,
PUBLIC,DBA_2PC_NEIGHBORS,SYS,DBA_2PC_NEIGHBORS,
PUBLIC,DBA_2PC_PENDING,SYS,DBA_2PC_PENDING,
PUBLIC,DBFS_CONTENT,SYS,DBFS_CONTENT,
PUBLIC,DBFS_CONTENT_PROPERTIES,SYS,DBFS_CONTENT_PROPERTIES,
PUBLIC,DBJ_SHORT_NAME,SYS,DBJ_SHORT_NAME,
PUBLIC,DBMS_ACTIVITY,SYS,DBMS_ACTIVITY,
PUBLIC,DBMS_ADBTASK_ADMIN,SYS,DBMS_ADBTASK_ADMIN,
PUBLIC,DBMS_ADDM,SYS,DBMS_ADDM,
PUBLIC,DBMS_ADR,SYS,DBMS_ADR,
PUBLIC,DBMS_ADR_APP,SYS,DBMS_ADR_APP,
PUBLIC,DBMS_ADVISOR,SYS,DBMS_ADVISOR,
PUBLIC,DBMS_ALERT,SYS,DBMS_ALERT,
PUBLIC,DBMS_APP_CONT,SYS,DBMS_APP_CONT,
PUBLIC,DBMS_APP_CONT_ADMIN,SYS,DBMS_APP_CONT_ADMIN,
PUBLIC,DBMS_APP_CONT_PRVT,SYS,DBMS_APP_CONT_PRVT,
PUBLIC,DBMS_APP_CONT_REPORT,SYS,DBMS_APP_CONT_REPORT,
PUBLIC,DBMS_APPLICATION_INFO,SYS,DBMS_APPLICATION_INFO,
PUBLIC,DBMS_APPLY_ADM,SYS,DBMS_APPLY_ADM,
PUBLIC,DBMS_APPLY_POSITION,SYS,DBMS_APPLY_POSITION,
PUBLIC,DBMS_AQ,SYS,DBMS_AQ,
PUBLIC,DBMS_AQADM,SYS,DBMS_AQADM,
PUBLIC,DBMS_AQADM_SYSCALLS,SYS,DBMS_AQADM_SYSCALLS,
PUBLIC,DBMS_AQADM_VAR,SYS,DBMS_AQADM_VAR,
PUBLIC,DBMS_AQELM,SYS,DBMS_AQELM,
PUBLIC,DBMS_AQ_EXP_CMT_TIME_TABLES,SYS,DBMS_AQ_EXP_CMT_TIME_TABLES,
PUBLIC,DBMS_AQ_EXP_DEQUEUELOG_TABLES,SYS,DBMS_AQ_EXP_DEQUEUELOG_TABLES,
PUBLIC,DBMS_AQ_EXP_HISTORY_TABLES,SYS,DBMS_AQ_EXP_HISTORY_TABLES,
PUBLIC,DBMS_AQ_EXP_INDEX_TABLES,SYS,DBMS_AQ_EXP_INDEX_TABLES,
PUBLIC,DBMS_AQ_EXP_QUEUES,SYS,DBMS_AQ_EXP_QUEUES,
PUBLIC,DBMS_AQ_EXP_QUEUE_TABLES,SYS,DBMS_AQ_EXP_QUEUE_TABLES,
PUBLIC,DBMS_AQ_EXP_SIGNATURE_TABLES,SYS,DBMS_AQ_EXP_SIGNATURE_TABLES,
PUBLIC,DBMS_AQ_EXP_SUBSCRIBER_TABLES,SYS,DBMS_AQ_EXP_SUBSCRIBER_TABLES,
PUBLIC,DBMS_AQ_EXP_TIMEMGR_TABLES,SYS,DBMS_AQ_EXP_TIMEMGR_TABLES,
PUBLIC,DBMS_AQ_EXP_ZECURITY,SYS,DBMS_AQ_EXP_ZECURITY,
PUBLIC,DBMS_AQ_IMP_INTERNAL,SYS,DBMS_AQ_IMP_INTERNAL,
PUBLIC,DBMS_AQ_IMP_ZECURITY,SYS,DBMS_AQ_IMP_ZECURITY,
PUBLIC,DBMS_AQIN,SYS,DBMS_AQIN,
PUBLIC,DBMS_AQJMS,SYS,DBMS_AQJMS,
PUBLIC,DBMS_AQJMS_INTERNAL,SYS,DBMS_AQJMS_INTERNAL,
PUBLIC,DBMS_AQ_SYS_EXP_ACTIONS,SYS,DBMS_AQ_SYS_EXP_ACTIONS,
PUBLIC,DBMS_AQ_SYS_EXP_INTERNAL,SYS,DBMS_AQ_SYS_EXP_INTERNAL,
PUBLIC,DBMS_AQ_SYS_IMP_INTERNAL,SYS,DBMS_AQ_SYS_IMP_INTERNAL,
PUBLIC,DBMS_ASH,SYS,DBMS_ASH,
PUBLIC,DBMS_ASH_INTERNAL,SYS,DBMS_ASH_INTERNAL,
PUBLIC,DBMS_ASSERT,SYS,DBMS_ASSERT,
PUBLIC,DBMS_AUDIT_MGMT,AUDSYS,DBMS_AUDIT_MGMT,
PUBLIC,DBMS_AUDIT_UTIL,SYS,DBMS_AUDIT_UTIL,
PUBLIC,DBMS_AUTO_INDEX,SYS,DBMS_AUTO_INDEX,
PUBLIC,DBMS_AUTO_MV,SYS,DBMS_SWAT,
PUBLIC,DBMS_AUTO_REPORT,SYS,DBMS_AUTO_REPORT,
PUBLIC,DBMS_AUTO_SQLSET,SYS,DBMS_AUTO_SQLSET,
PUBLIC,DBMS_AUTO_SQLTUNE,SYS,DBMS_AUTO_SQLTUNE,
PUBLIC,DBMS_AUTO_TASK,SYS,DBMS_AUTO_TASK,
PUBLIC,DBMS_AUTO_TASK_ADMIN,SYS,DBMS_AUTO_TASK_ADMIN,
PUBLIC,DBMS_AUTO_TASK_EXPORT,SYS,DBMS_AUTO_TASK_EXPORT,
PUBLIC,DBMS_AUTO_TASK_IMMEDIATE,SYS,DBMS_AUTO_TASK_IMMEDIATE,
PUBLIC,DBMS_AUTO_ZONEMAP,SYS,DBMS_AUTO_ZONEMAP,
PUBLIC,DBMS_AVTUNE,SYS,DBMS_AVTUNE,
PUBLIC,DBMS_AW,SYS,DBMS_AW,
PUBLIC,DBMS_AW$_COLUMNLIST_T,SYS,DBMS_AW$_COLUMNLIST_T,
PUBLIC,DBMS_AW$_DIMENSION_SOURCES_T,SYS,DBMS_AW$_DIMENSION_SOURCES_T,
PUBLIC,DBMS_AW$_DIMENSION_SOURCE_T,SYS,DBMS_AW$_DIMENSION_SOURCE_T,
PUBLIC,DBMS_AW_EXP,SYS,DBMS_AW_EXP,
PUBLIC,DBMS_AWR_ANALYTICS,SYS,DBMS_AWR_ANALYTICS,
PUBLIC,DBMS_AWRHUB,SYS,DBMS_AWRHUB,
PUBLIC,DBMS_AWRHUB_SERVER,SYS,DBMS_AWRHUB_SERVER,
PUBLIC,DBMS_AWRHUB_SOURCE,SYS,DBMS_AWRHUB_SOURCE,
PUBLIC,DBMS_AWR_WAREHOUSE_SERVER,SYS,DBMS_AWR_WAREHOUSE_SERVER,
PUBLIC,DBMS_AWR_WAREHOUSE_SOURCE,SYS,DBMS_AWR_WAREHOUSE_SOURCE,
PUBLIC,DBMS_AW_STATS,SYS,DBMS_AW_STATS,
PUBLIC,DBMS_AW_XML,SYS,DBMS_AW_XML,
PUBLIC,DBMS_BDSQL,SYS,DBMS_BDSQL,
PUBLIC,DBMS_BLOCKCHAIN_TABLE,SYS,DBMS_BLOCKCHAIN_TABLE,
PUBLIC,DBMS_BLOCKCHAIN_UTL,SYS,DBMS_BLOCKCHAIN_UTL,
PUBLIC,DBMS_CACHEUTIL,SYS,DBMS_CACHEUTIL,
PUBLIC,DBMS_CAPTURE_ADM,SYS,DBMS_CAPTURE_ADM,
PUBLIC,DBMS_CAPTURE_SWITCH_ADM,SYS,DBMS_CAPTURE_SWITCH_ADM,
PUBLIC,DBMS_CHANGE_NOTIFICATION,SYS,DBMS_CHANGE_NOTIFICATION,
PUBLIC,DBMS_CLOBUTIL,XDB,DBMS_CLOBUTIL,
PUBLIC,DBMS_CLR,SYS,DBMS_CLR,
PUBLIC,DBMS_COMPARISON,SYS,DBMS_COMPARISON,
PUBLIC,DBMS_COMPRESSION,SYS,DBMS_COMPRESSION,
PUBLIC,DBMS_CQ_NOTIFICATION,SYS,DBMS_CHANGE_NOTIFICATION,
PUBLIC,DBMS_CREDENTIAL,SYS,DBMS_CREDENTIAL,
PUBLIC,DBMS_CRYPTO,SYS,DBMS_CRYPTO,
PUBLIC,DBMS_CSX_ADMIN,XDB,DBMS_CSX_ADMIN,
PUBLIC,DBMS_CSX_INT,XDB,DBMS_CSX_INT,
PUBLIC,DBMS_CSX_INT2,XDB,DBMS_CSX_INT2,
PUBLIC,DBMS_CUBE,SYS,DBMS_CUBE,
PUBLIC,DBMS_CUBE_ADVISE,SYS,DBMS_CUBE_ADVISE,
PUBLIC,DBMS_CUBE_EXP,SYS,DBMS_CUBE_EXP,
PUBLIC,DBMS_CUBE_LOG,SYS,DBMS_CUBE_LOG,
PUBLIC,DBMS_CUBE_UTIL,SYS,DBMS_CUBE_UTIL,
PUBLIC,DBMS_DATA_MINING,SYS,DBMS_DATA_MINING,
PUBLIC,DBMS_DATA_MINING_TRANSFORM,SYS,DBMS_DATA_MINING_TRANSFORM,
PUBLIC,DBMS_DATAPUMP,SYS,DBMS_DATAPUMP,
PUBLIC,DBMS_DBFS_CONTENT,SYS,DBMS_DBFS_CONTENT,
PUBLIC,DBMS_DBFS_CONTENT_ADMIN,SYS,DBMS_DBFS_CONTENT_ADMIN,
PUBLIC,DBMS_DBFS_CONTENT_CONTEXT_T,SYS,DBMS_DBFS_CONTENT_CONTEXT_T,
PUBLIC,DBMS_DBFS_CONTENT_LIST_ITEMS_T,SYS,DBMS_DBFS_CONTENT_LIST_ITEMS_T,
PUBLIC,DBMS_DBFS_CONTENT_LIST_ITEM_T,SYS,DBMS_DBFS_CONTENT_LIST_ITEM_T,
PUBLIC,DBMS_DBFS_CONTENT_PROPERTIES_T,SYS,DBMS_DBFS_CONTENT_PROPERTIES_T,
PUBLIC,DBMS_DBFS_CONTENT_PROPERTY_T,SYS,DBMS_DBFS_CONTENT_PROPERTY_T,
PUBLIC,DBMS_DBFS_CONTENT_RAW_T,SYS,DBMS_DBFS_CONTENT_RAW_T,
PUBLIC,DBMS_DBFS_HS,SYS,DBMS_DBFS_HS,
PUBLIC,DBMS_DBFS_HS_ITEM_T,SYS,DBMS_DBFS_HS_ITEM_T,
PUBLIC,DBMS_DBFS_HS_LITEMS_T,SYS,DBMS_DBFS_HS_LITEMS_T,
PUBLIC,DBMS_DBFS_SFS,SYS,DBMS_DBFS_SFS,
PUBLIC,DBMS_DBFS_SFS_ADMIN,SYS,DBMS_DBFS_SFS_ADMIN,
PUBLIC,DBMS_DB_VERSION,SYS,DBMS_DB_VERSION,
PUBLIC,DBMS_DDL,SYS,DBMS_DDL,
PUBLIC,DBMS_DDL_INTERNAL,SYS,DBMS_DDL_INTERNAL,
PUBLIC,DBMS_DEBUG,SYS,DBMS_DEBUG,
PUBLIC,DBMS_DEBUG_JDWP,SYS,DBMS_DEBUG_JDWP,
PUBLIC,DBMS_DEBUG_JDWP_CUSTOM,SYS,DBMS_DEBUG_JDWP_CUSTOM,
PUBLIC,DBMS_DESCRIBE,SYS,DBMS_DESCRIBE,
PUBLIC,DBMS_DG,SYS,DBMS_DG,
PUBLIC,DBMS_DIMENSION,SYS,DBMS_DIMENSION,
PUBLIC,DBMS_DISTRIBUTED_TRUST_ADMIN,SYS,DBMS_DISTRIBUTED_TRUST_ADMIN,
PUBLIC,DBMS_DLM,SYS,DBMS_DLM,
PUBLIC,DBMS_DM_MODEL_IMP,SYS,DBMS_DM_MODEL_IMP,
PUBLIC,DBMS_DNFS,SYS,DBMS_DNFS,
PUBLIC,DBMS_DST,SYS,DBMS_DST,
PUBLIC,DBMS_EDITIONS_UTILITIES,SYS,DBMS_EDITIONS_UTILITIES,
PUBLIC,DBMS_EDITIONS_UTILITIES2,SYS,DBMS_EDITIONS_UTILITIES2,
PUBLIC,DBMS_EPG,SYS,DBMS_EPG,
PUBLIC,DBMS_ERRLOG,SYS,DBMS_ERRLOG,
PUBLIC,DBMS_FBT,SYS,DBMS_FBT,
PUBLIC,DBMS_FEATURE_USAGE_REPORT,SYS,DBMS_FEATURE_USAGE_REPORT,
PUBLIC,DBMS_FGA,SYS,DBMS_FGA,
PUBLIC,DBMS_FILE_GROUP,SYS,DBMS_FILE_GROUP,
PUBLIC,DBMS_FILE_TRANSFER,SYS,DBMS_FILE_TRANSFER,
PUBLIC,DBMS_FLASHBACK,SYS,DBMS_FLASHBACK,
PUBLIC,DBMS_FLASHBACK_ARCHIVE,SYS,DBMS_FLASHBACK_ARCHIVE,
PUBLIC,DBMS_FREQUENT_ITEMSET,SYS,DBMS_FREQUENT_ITEMSET,
PUBLIC,DBMS_FS,SYS,DBMS_FS,
PUBLIC,DBMS_FUSE,SYS,DBMS_FUSE,
PUBLIC,DBMS_FUSE_PUBLIC,SYS,DBMS_FUSE_PUBLIC,
PUBLIC,DBMS_GOLDENGATE_ADM,SYS,DBMS_GOLDENGATE_ADM,
PUBLIC,DBMS_GOLDENGATE_AUTH,SYS,DBMS_GOLDENGATE_AUTH,
PUBLIC,DBMS_HEAT_MAP,SYS,DBMS_HEAT_MAP,
PUBLIC,DBMS_HIERARCHY,SYS,DBMS_HIERARCHY,
PUBLIC,DBMS_HM,SYS,DBMS_HM,
PUBLIC,DBMS_HPROF,SYS,DBMS_HPROF,
PUBLIC,DBMS_HS,SYS,DBMS_HS,
PUBLIC,DBMSHSXP,SYS,DBMSHSXP,
PUBLIC,DBMSHSXP_SQL_PROFILE_ATTR,SYS,DBMSHSXP_SQL_PROFILE_ATTR,
PUBLIC,DBMS_ILM,SYS,DBMS_ILM,
PUBLIC,DBMS_ILM_ADMIN,SYS,DBMS_ILM_ADMIN,
PUBLIC,DBMS_IMMUTABLE_TABLE,SYS,DBMS_IMMUTABLE_TABLE,
PUBLIC,DBMS_INDEX_UTL,SYS,DBMS_INDEX_UTL,
PUBLIC,DBMS_INMEMORY,SYS,DBMS_INMEMORY,
PUBLIC,DBMS_INMEMORY_ADMIN,SYS,DBMS_INMEMORY_ADMIN,
PUBLIC,DBMS_IR,SYS,DBMS_IR,
PUBLIC,DBMS_IREFSTATS,SYS,DBMS_IREFSTATS,
PUBLIC,DBMS_JAVA,SYS,DBMS_JAVA,
PUBLIC,DBMS_JAVA_DUMP,SYS,DBMS_JAVA_DUMP,
PUBLIC,DBMS_JAVASCRIPT,SYS,DBMS_JAVASCRIPT,
PUBLIC,DBMS_JAVA_TEST,SYS,DBMS_JAVA_TEST,
PUBLIC,DBMS_JOB,SYS,DBMS_JOB,
PUBLIC,DBMS_JSON,XDB,DBMS_JSON,
PUBLIC,DBMS_JVM_EXP_PERMS,SYS,DBMS_JVM_EXP_PERMS,
PUBLIC,DBMS_LCR,SYS,DBMS_LCR,
PUBLIC,DBMS_LDAP,SYS,DBMS_LDAP,
PUBLIC,DBMS_LDAP_UTL,SYS,DBMS_LDAP_UTL,
PUBLIC,DBMS_LOB,SYS,DBMS_LOB,
PUBLIC,DBMS_LOB_AM_PRIVATE,SYS,DBMS_LOB_AM_PRIVATE,
PUBLIC,DBMS_LOBUTIL,SYS,DBMS_LOBUTIL,
PUBLIC,DBMS_LOBUTIL_DEDUPSET_T,SYS,DBMS_LOBUTIL_DEDUPSET_T,
PUBLIC,DBMS_LOBUTIL_INODE_T,SYS,DBMS_LOBUTIL_INODE_T,
PUBLIC,DBMS_LOBUTIL_LOBEXTENTS_T,SYS,DBMS_LOBUTIL_LOBEXTENTS_T,
PUBLIC,DBMS_LOBUTIL_LOBEXTENT_T,SYS,DBMS_LOBUTIL_LOBEXTENT_T,
PUBLIC,DBMS_LOBUTIL_LOBMAP_T,SYS,DBMS_LOBUTIL_LOBMAP_T,
PUBLIC,DBMS_LOCK,SYS,DBMS_LOCK,
PUBLIC,DBMS_LOG,SYS,DBMS_LOG,
PUBLIC,DBMS_LOGMNR,SYS,DBMS_LOGMNR,
PUBLIC,DBMS_LOGMNR_D,SYS,DBMS_LOGMNR_D,
PUBLIC,DBMS_LOGSTDBY,SYS,DBMS_LOGSTDBY,
PUBLIC,DBMS_LOGSTDBY_CONTEXT,SYS,DBMS_LOGSTDBY_CONTEXT,
PUBLIC,DBMS_MACADM,DVSYS,DBMS_MACADM,
PUBLIC,DBMS_MACOLS_SESSION,DVSYS,DBMS_MACOLS_SESSION,
PUBLIC,DBMS_MACSEC_ROLES,DVSYS,DBMS_MACSEC_ROLES,
PUBLIC,DBMS_MACUTL,DVSYS,DBMS_MACUTL,
PUBLIC,DBMS_MAINTPLAN,SYS,DBMS_MAINTPLAN,
PUBLIC,DBMS_MANAGEMENT_BOOTSTRAP,SYS,DBMS_MANAGEMENT_BOOTSTRAP,
PUBLIC,DBMS_MDX_ODBO,SYS,DBMS_MDX_ODBO,
PUBLIC,DBMS_MDX_UTIL,SYS,DBMS_MDX_UTIL,
PUBLIC,DBMS_MEMOPTIMIZE,SYS,DBMS_MEMOPTIMIZE,
PUBLIC,DBMS_MEMOPTIMIZE_ADMIN,SYS,DBMS_MEMOPTIMIZE_ADMIN,
PUBLIC,DBMS_METADATA,SYS,DBMS_METADATA,
PUBLIC,DBMS_METADATA_BUILD,SYS,DBMS_METADATA_BUILD,
PUBLIC,DBMS_METADATA_DIFF,SYS,DBMS_METADATA_DIFF,
PUBLIC,DBMS_METADATA_DPBUILD,SYS,DBMS_METADATA_DPBUILD,
PUBLIC,DBMS_METADATA_PARSE_ITEMS,SYS,DBMS_METADATA_PARSE_ITEMS,
PUBLIC,DBMS_METADATA_TRANSFORM_PARAMS,SYS,DBMS_METADATA_TRANSFORM_PARAMS,
PUBLIC,DBMS_METADATA_TRANSFORMS,SYS,DBMS_METADATA_TRANSFORMS,
PUBLIC,DBMS_MLE,SYS,DBMS_MLE,
PUBLIC,DBMS_MONITOR,SYS,DBMS_MONITOR,
PUBLIC,DBMS_MVIEW,SYS,DBMS_SNAPSHOT,
PUBLIC,DBMS_MVIEW_STATS,SYS,DBMS_MVIEW_STATS,
PUBLIC,DBMS_NETWORK_ACL_ADMIN,SYS,DBMS_NETWORK_ACL_ADMIN,
PUBLIC,DBMS_NETWORK_ACL_UTILITY,SYS,DBMS_NETWORK_ACL_UTILITY,
PUBLIC,DBMS_OBJECTS_UTILS,SYS,DBMS_OBJECTS_UTILS,
PUBLIC,DBMS_ODCI,SYS,DBMS_ODCI,
PUBLIC,DBMS_OLAP,SYS,DBMS_SUMMARY,
PUBLIC,DBMS_OUTLN,SYS,OUTLN_PKG,
PUBLIC,DBMS_OUTLN_INTERNAL,SYS,OUTLN_PKG_INTERNAL,
PUBLIC,DBMS_OUTPUT,SYS,DBMS_OUTPUT,
PUBLIC,DBMSOUTPUT_LINESARRAY,SYS,DBMSOUTPUT_LINESARRAY,
PUBLIC,DBMS_PARALLEL_EXECUTE,SYS,DBMS_PARALLEL_EXECUTE,
PUBLIC,DBMS_PART,SYS,DBMS_PART,
PUBLIC,DBMS_PCLXUTIL,SYS,DBMS_PCLXUTIL,
PUBLIC,DBMS_PDB,SYS,DBMS_PDB,
PUBLIC,DBMS_PDB_ALTER_SHARING,SYS,DBMS_PDB_ALTER_SHARING,
PUBLIC,DBMS_PDB_APP_CON,SYS,DBMS_PDB_APP_CON,
PUBLIC,DBMS_PDB_CHECK_LOCKDOWN,SYS,DBMS_PDB_CHECK_LOCKDOWN,
PUBLIC,DBMS_PDB_EXEC_SQL,SYS,DBMS_PDB_EXEC_SQL,
PUBLIC,DBMS_PDB_IS_VALID_PATH,SYS,DBMS_PDB_IS_VALID_PATH,
PUBLIC,DBMS_PERF,SYS,DBMS_PERF,
PUBLIC,DBMS_PICKLER,SYS,DBMS_PICKLER,
PUBLIC,DBMS_PIPE,SYS,DBMS_PIPE,
PUBLIC,DBMS_PLSQL_CODE_COVERAGE,SYS,DBMS_PLSQL_CODE_COVERAGE,
PUBLIC,DBMS_PQDIAG,SYS,DBMS_PQDIAG,
PUBLIC,DBMS_PREDICTIVE_ANALYTICS,SYS,DBMS_PREDICTIVE_ANALYTICS,
PUBLIC,DBMS_PREPROCESSOR,SYS,DBMS_PREPROCESSOR,
PUBLIC,DBMS_PRIV_CAPTURE,SYS,DBMS_PRIV_CAPTURE,
PUBLIC,DBMS_PRIVILEGE_CAPTURE,SYS,DBMS_PRIVILEGE_CAPTURE,
PUBLIC,DBMS_PROFILER,SYS,DBMS_PROFILER,
PUBLIC,DBMS_PROPAGATION_ADM,SYS,DBMS_PROPAGATION_ADM,
PUBLIC,DBMS_PSP,SYS,DBMS_PSP,
PUBLIC,DBMS_PSWMG_IMPORT,SYS,DBMS_PSWMG_IMPORT,
PUBLIC,DBMS_RANDOM,SYS,DBMS_RANDOM,
PUBLIC,DBMS_RAT_MASK,SYS,DBMS_RAT_MASK,
PUBLIC,DBMS_REDACT,SYS,DBMS_REDACT,
PUBLIC,DBMS_REDEFINITION,SYS,DBMS_REDEFINITION,
PUBLIC,DBMS_REFRESH,SYS,DBMS_REFRESH,
PUBLIC,DBMS_REGISTRY,SYS,DBMS_REGISTRY,
PUBLIC,DBMS_REPCAT,SYS,DBMS_REPCAT,
PUBLIC,DBMS_REPCAT_MIG,SYS,DBMS_REPCAT_MIG,
PUBLIC,DBMS_REPLAYHUB,SYS,DBMS_REPLAYHUB,
PUBLIC,DBMS_REPORT,SYS,DBMS_REPORT,
PUBLIC,DBMS_REPUTIL,SYS,DBMS_REPUTIL,
PUBLIC,DBMS_RESCONFIG,XDB,DBMS_RESCONFIG,
PUBLIC,DBMS_RESOURCE_MANAGER,SYS,DBMS_RESOURCE_MANAGER,
PUBLIC,DBMS_RESOURCE_MANAGER_PRIVS,SYS,DBMS_RESOURCE_MANAGER_PRIVS,
PUBLIC,DBMS_RESULT_CACHE,SYS,DBMS_RESULT_CACHE,
PUBLIC,DBMS_RESULT_CACHE_API,SYS,DBMS_RESULT_CACHE_API,
PUBLIC,DBMS_RESUMABLE,SYS,DBMS_RESUMABLE,
PUBLIC,DBMS_RLS,SYS,DBMS_RLS,
PUBLIC,DBMS_RMGR_GROUP_EXPORT,SYS,DBMS_RMGR_GROUP_EXPORT,
PUBLIC,DBMS_RMGR_PACT_EXPORT,SYS,DBMS_RMGR_PACT_EXPORT,
PUBLIC,DBMS_RMGR_PLAN_EXPORT,SYS,DBMS_RMGR_PLAN_EXPORT,
PUBLIC,DBMS_RMIN,SYS,DBMS_RMIN,
PUBLIC,DBMS_RMIN_SYS,SYS,DBMS_RMIN_SYS,
PUBLIC,DBMS_ROLLING,SYS,DBMS_ROLLING,
PUBLIC,DBMS_ROWID,SYS,DBMS_ROWID,
PUBLIC,DBMS_RULE,SYS,DBMS_RULE,
PUBLIC,DBMS_RULE_ADM,SYS,DBMS_RULE_ADM,
PUBLIC,DBMS_RULEADM_INTERNAL,SYS,DBMS_RULEADM_INTERNAL,
PUBLIC,DBMS_RULE_EXP_EC_INTERNAL,SYS,DBMS_RULE_EXP_EC_INTERNAL,
PUBLIC,DBMS_RULE_EXP_EV_CTXS,SYS,DBMS_RULE_EXP_EV_CTXS,
PUBLIC,DBMS_RULE_EXP_RL_INTERNAL,SYS,DBMS_RULE_EXP_RL_INTERNAL,
PUBLIC,DBMS_RULE_EXP_RS_INTERNAL,SYS,DBMS_RULE_EXP_RS_INTERNAL,
PUBLIC,DBMS_RULE_EXP_RULES,SYS,DBMS_RULE_EXP_RULES,
PUBLIC,DBMS_RULE_EXP_RULE_SETS,SYS,DBMS_RULE_EXP_RULE_SETS,
PUBLIC,DBMS_RULE_IMP_OBJ,SYS,DBMS_RULE_IMP_OBJ,
PUBLIC,DBMS_RULE_INTERNAL,SYS,DBMS_RULE_INTERNAL,
PUBLIC,DBMS_SCHED_ARGUMENT_IMPORT,SYS,DBMS_SCHED_ARGUMENT_IMPORT,
PUBLIC,DBMS_SCHED_ATTRIBUTE_EXPORT,SYS,DBMS_SCHED_ATTRIBUTE_EXPORT,
PUBLIC,DBMS_SCHED_CHAIN_EXPORT,SYS,DBMS_SCHED_CHAIN_EXPORT,
PUBLIC,DBMS_SCHED_CLASS_EXPORT,SYS,DBMS_SCHED_CLASS_EXPORT,
PUBLIC,DBMS_SCHED_CONSTRAINT_EXPORT,SYS,DBMS_SCHED_CONSTRAINT_EXPORT,
PUBLIC,DBMS_SCHED_CREDENTIAL_EXPORT,SYS,DBMS_SCHED_CREDENTIAL_EXPORT,
PUBLIC,DBMS_SCHED_EXPORT_CALLOUTS,SYS,DBMS_SCHED_EXPORT_CALLOUTS,
PUBLIC,DBMS_SCHED_FILE_WATCHER_EXPORT,SYS,DBMS_SCHED_FILE_WATCHER_EXPORT,
PUBLIC,DBMS_SCHED_JOB_EXPORT,SYS,DBMS_SCHED_JOB_EXPORT,
PUBLIC,DBMS_SCHED_PROGRAM_EXPORT,SYS,DBMS_SCHED_PROGRAM_EXPORT,
PUBLIC,DBMS_SCHED_SCHEDULE_EXPORT,SYS,DBMS_SCHED_SCHEDULE_EXPORT,
PUBLIC,DBMS_SCHEDULER,SYS,DBMS_SCHEDULER,
PUBLIC,DBMS_SCHED_WINDOW_EXPORT,SYS,DBMS_SCHED_WINDOW_EXPORT,
PUBLIC,DBMS_SCHED_WINGRP_EXPORT,SYS,DBMS_SCHED_WINGRP_EXPORT,
PUBLIC,DBMS_SCN,SYS,DBMS_SCN,
PUBLIC,DBMS_SERVER_ALERT,SYS,DBMS_SERVER_ALERT,
PUBLIC,DBMS_SERVER_ALERT_EXPORT,SYS,DBMS_SERVER_ALERT_EXPORT,
PUBLIC,DBMS_SERVICE,SYS,DBMS_SERVICE,
PUBLIC,DBMS_SERVICE_CONST,SYS,DBMS_SERVICE_CONST,
PUBLIC,DBMS_SERVICE_ERR,SYS,DBMS_SERVICE_ERR,
PUBLIC,DBMS_SERVICE_PRVT,SYS,DBMS_SERVICE_PRVT,
PUBLIC,DBMS_SESSION,SYS,DBMS_SESSION,
PUBLIC,DBMS_SNAPSHOT,SYS,DBMS_SNAPSHOT,
PUBLIC,DBMS_SODA,SYS,DBMS_SODA,
PUBLIC,DBMS_SODA_ADMIN,XDB,DBMS_SODA_ADMIN,
PUBLIC,DBMS_SODA_DOM,XDB,DBMS_SODA_DOM,
PUBLIC,DBMS_SODA_USER_ADMIN,XDB,DBMS_SODA_USER_ADMIN,
PUBLIC,DBMS_SPACE,SYS,DBMS_SPACE,
PUBLIC,DBMS_SPACE_ADMIN,SYS,DBMS_SPACE_ADMIN,
PUBLIC,DBMS_SPACE_ALERT,SYS,DBMS_SPACE_ALERT,
PUBLIC,DBMS_SPD,SYS,DBMS_SPD,
PUBLIC,DBMS_SPM,SYS,DBMS_SPM,
PUBLIC,DBMS_SQL,SYS,DBMS_SQL,
PUBLIC,DBMS_SQLDIAG,SYS,DBMS_SQLDIAG,
PUBLIC,DBMS_SQLHASH,SYS,DBMS_SQLHASH,
PUBLIC,DBMS_SQL_MONITOR,SYS,DBMS_SQL_MONITOR,
PUBLIC,DBMS_SQLPA,SYS,DBMS_SQLPA,
PUBLIC,DBMS_SQLPATCH,SYS,DBMS_SQLPATCH,
PUBLIC,DBMS_SQLQ,SYS,DBMS_SQLQ,
PUBLIC,DBMS_SQLSET,SYS,DBMS_SQLSET,
PUBLIC,DBMS_SQL_TRANSLATOR,SYS,DBMS_SQL_TRANSLATOR,
PUBLIC,DBMS_SQLTUNE,SYS,DBMS_SQLTUNE,
PUBLIC,DBMS_STANDARD,SYS,DBMS_STANDARD,
PUBLIC,DBMS_STAT_FUNCS,SYS,DBMS_STAT_FUNCS,
PUBLIC,DBMS_STAT_FUNCS_AUX,SYS,DBMS_STAT_FUNCS_AUX,
PUBLIC,DBMSSTATNUMTAB,SYS,DBMSSTATNUMTAB,
PUBLIC,DBMS_STATS,SYS,DBMS_STATS,
PUBLIC,DBMS_STATS_ADVISOR,SYS,DBMS_STATS_ADVISOR,
PUBLIC,DBMS_STATS_INTERNAL_AGG,SYS,DBMS_STATS_INTERNAL_AGG,
PUBLIC,DBMS_STORAGE_MAP,SYS,DBMS_STORAGE_MAP,
PUBLIC,DBMS_STREAMS,SYS,DBMS_STREAMS,
PUBLIC,DBMS_STREAMS_ADM,SYS,DBMS_STREAMS_ADM,
PUBLIC,DBMS_STREAMS_ADM_IVK,SYS,DBMS_STREAMS_ADM_IVK,
PUBLIC,DBMS_STREAMS_AUTH,SYS,DBMS_STREAMS_AUTH,
PUBLIC,DBMS_STREAMS_LCR_INT,SYS,DBMS_STREAMS_LCR_INT,
PUBLIC,DBMS_STREAMS_RPC,SYS,DBMS_STREAMS_RPC,
PUBLIC,DBMS_STREAMS_TABLESPACE_ADM,SYS,DBMS_STREAMS_TABLESPACE_ADM,
PUBLIC,DBMS_SUMMARY,SYS,DBMS_SUMMARY,
PUBLIC,DBMS_SUM_RWEQ_EXPORT,SYS,DBMS_SUM_RWEQ_EXPORT,
PUBLIC,DBMS_SUM_RWEQ_EXPORT_INTERNAL,SYS,DBMS_SUM_RWEQ_EXPORT_INTERNAL,
PUBLIC,DBMS_SYNC_REFRESH,SYS,DBMS_SYNC_REFRESH,
PUBLIC,DBMS_SYS_MLE,SYS,DBMS_SYS_MLE,
PUBLIC,DBMS_TABLE_DATA,SYS,DBMS_TABLE_DATA,
PUBLIC,DBMS_TDE_TOOLKIT,SYS,DBMS_TDE_TOOLKIT,
PUBLIC,DBMS_TEQK,SYS,DBMS_TEQK,
PUBLIC,DBMS_TF,SYS,DBMS_TF,
PUBLIC,DBMS_TG_DBG,SYS,DBMS_TG_DBG,
PUBLIC,DBMS_TNS,SYS,DBMS_TNS,
PUBLIC,DBMS_TRACE,SYS,DBMS_TRACE,
PUBLIC,DBMS_TRANSACTION,SYS,DBMS_TRANSACTION,
PUBLIC,DBMS_TRANSACTION_INTERNAL_SYS,SYS,DBMS_TRANSACTION_INTERNAL_SYS,
PUBLIC,DBMS_TRANSFORM,SYS,DBMS_TRANSFORM,
PUBLIC,DBMS_TRANSFORM_EXIMP,SYS,DBMS_TRANSFORM_EXIMP,
PUBLIC,DBMS_TSDP_MANAGE,SYS,DBMS_TSDP_MANAGE,
PUBLIC,DBMS_TSDP_PROTECT,SYS,DBMS_TSDP_PROTECT,
PUBLIC,DBMS_TYPES,SYS,DBMS_TYPES,
PUBLIC,DBMS_TYPE_UTILITY,SYS,DBMS_TYPE_UTILITY,
PUBLIC,DBMS_UMF,SYS,DBMS_UMF,
PUBLIC,DBMS_UNDO_ADV,SYS,DBMS_UNDO_ADV,
PUBLIC,DBMS_USER_CERTS,SYS,DBMS_USER_CERTS,
PUBLIC,DBMS_UTILITY,SYS,DBMS_UTILITY,
PUBLIC,DBMS_WARNING,SYS,DBMS_WARNING,
PUBLIC,DBMS_WLM,SYS,DBMS_WLM,
PUBLIC,DBMS_WM,WMSYS,LT,
PUBLIC,DBMS_WORKLOAD_CAPTURE,SYS,DBMS_WORKLOAD_CAPTURE,
PUBLIC,DBMS_WORKLOAD_REPLAY,SYS,DBMS_WORKLOAD_REPLAY,
PUBLIC,DBMS_WORKLOAD_REPOSITORY,SYS,DBMS_WORKLOAD_REPOSITORY,
PUBLIC,DBMS_XA,SYS,DBMS_XA,
PUBLIC,DBMS_XA_XID,SYS,DBMS_XA_XID,
PUBLIC,DBMS_XA_XID_ARRAY,SYS,DBMS_XA_XID_ARRAY,
PUBLIC,DBMS_XDB,XDB,DBMS_XDB,
PUBLIC,DBMS_XDB_ADMIN,XDB,DBMS_XDB_ADMIN,
PUBLIC,DBMS_XDB_CONFIG,XDB,DBMS_XDB_CONFIG,
PUBLIC,DBMS_XDB_CONSTANTS,XDB,DBMS_XDB_CONSTANTS,
PUBLIC,DBMS_XDB_CONTENT,XDB,DBMS_XDB_CONTENT,
PUBLIC,DBMS_XDB_PRINT,XDB,DBMS_XDB_PRINT,
PUBLIC,DBMS_XDB_REPOS,XDB,DBMS_XDB_REPOS,
PUBLIC,DBMS_XDBRESOURCE,XDB,DBMS_XDBRESOURCE,
PUBLIC,DBMS_XDBT,XDB,DBMS_XDBT,
PUBLIC,DBMS_XDBUTIL_INT,XDB,DBMS_XDBUTIL_INT,
PUBLIC,DBMS_XDB_VERSION,XDB,DBMS_XDB_VERSION,
PUBLIC,DBMS_XDBZ,XDB,DBMS_XDBZ,
PUBLIC,DBMS_XDS,SYS,DBMS_XDS,
PUBLIC,DBMS_XEVENT,XDB,DBMS_XEVENT,
PUBLIC,DBMS_XLSB,XDB,DBMS_XLSB,
PUBLIC,DBMS_XMLDOM,XDB,DBMS_XMLDOM,
PUBLIC,DBMS_XMLGEN,SYS,DBMS_XMLGEN,
PUBLIC,DBMS_XMLINDEX,XDB,DBMS_XMLINDEX,
PUBLIC,DBMS_XMLPARSER,XDB,DBMS_XMLPARSER,
PUBLIC,DBMS_XMLQUERY,SYS,DBMS_XMLQUERY,
PUBLIC,DBMS_XMLSAVE,SYS,DBMS_XMLSAVE,
PUBLIC,DBMS_XMLSCHEMA,XDB,DBMS_XMLSCHEMA,
PUBLIC,DBMS_XMLSCHEMA_ANNOTATE,XDB,DBMS_XMLSCHEMA_ANNOTATE,
PUBLIC,DBMS_XMLSCHEMA_LSB,XDB,DBMS_XMLSCHEMA_LSB,
PUBLIC,DBMS_XMLSCHEMA_RESMD,XDB,DBMS_XMLSCHEMA_RESMD,
PUBLIC,DBMS_XMLSCHEMA_RESMDARR,XDB,DBMS_XMLSCHEMA_RESMDARR,
PUBLIC,DBMS_XMLSCHEMA_TABMD,XDB,DBMS_XMLSCHEMA_TABMD,
PUBLIC,DBMS_XMLSCHEMA_TABMDARR,XDB,DBMS_XMLSCHEMA_TABMDARR,
PUBLIC,DBMS_XMLSCHEMA_UTIL,SYS,DBMS_XMLSCHEMA_UTIL,
PUBLIC,DBMS_XMLSTORAGE_MANAGE,XDB,DBMS_XMLSTORAGE_MANAGE,
PUBLIC,DBMS_XMLSTORE,SYS,DBMS_XMLSTORE,
PUBLIC,DBMS_XMLTRANSLATIONS,XDB,DBMS_XMLTRANSLATIONS,
PUBLIC,DBMS_XPLAN,SYS,DBMS_XPLAN,
PUBLIC,DBMS_XQUERY,SYS,DBMS_XQUERY,
PUBLIC,DBMS_XSLPROCESSOR,XDB,DBMS_XSLPROCESSOR,
PUBLIC,DBMS_XS_MTCACHE,SYS,DBMS_XS_MTCACHE,
PUBLIC,DBMS_XS_NSATTR,SYS,DBMS_XS_NSATTR,
PUBLIC,DBMS_XS_NSATTRLIST,SYS,DBMS_XS_NSATTRLIST,
PUBLIC,DBMS_XS_SESSIONS,SYS,DBMS_XS_SESSIONS,
PUBLIC,DBMS_XS_SIDP,SYS,DBMS_XS_SIDP,
PUBLIC,DBMS_XSTREAM_ADM,SYS,DBMS_XSTREAM_ADM,
PUBLIC,DBMS_XSTREAM_AUTH,SYS,DBMS_XSTREAM_AUTH,
PUBLIC,DBMS_XSTREAM_AUTH_IVK,SYS,DBMS_XSTREAM_AUTH_IVK,
PUBLIC,DBMS_XSTREAM_GG,SYS,DBMS_XSTREAM_GG,
PUBLIC,DBMS_XSTREAM_GG_ADM,SYS,DBMS_XSTREAM_GG_ADM,
PUBLIC,DBMSZEXP_SYSPKGGRNT,SYS,DBMSZEXP_SYSPKGGRNT,
PUBLIC,DBMS_ZHELP,SYS,DBMS_ZHELP,
PUBLIC,DBMS_ZHELP_IR,SYS,DBMS_ZHELP_IR,
PUBLIC,DB_NOTIFICATIONS,SYS,DB_NOTIFICATIONS,
PUBLIC,DB_NOTIFICATIONS$,SYS,DB_NOTIFICATIONS$,
PUBLIC,DBURITYPE,SYS,DBURITYPE,
PUBLIC,DEPTH,XDB,DEPTH,
PUBLIC,DICT,SYS,DICTIONARY,
PUBLIC,DICT_COLUMNS,SYS,DICT_COLUMNS,
PUBLIC,DICTIONARY,SYS,DICTIONARY,
PUBLIC,DICTIONARY_CREDENTIALS_ENCRYPT,SYS,DICTIONARY_CREDENTIALS_ENCRYPT,
PUBLIC,DIFFERENCE,MDSYS,OGC_DIFFERENCE,
PUBLIC,DIMENSION,MDSYS,OGC_DIMENSION,
PUBLIC,DIR_ENTRIES_T,SYS,DIR_ENTRIES_T,
PUBLIC,DIR_ENTRY_T,SYS,DIR_ENTRY_T,
PUBLIC,DISJOINT,MDSYS,OGC_DISJOINT,
PUBLIC,DISTANCE,MDSYS,OGC_DISTANCE,
PUBLIC,DM_CENTROID,SYS,DM_CENTROID,
PUBLIC,DM_CENTROIDS,SYS,DM_CENTROIDS,
PUBLIC,DM_CHILD,SYS,DM_CHILD,
PUBLIC,DM_CHILDREN,SYS,DM_CHILDREN,
PUBLIC,DM_CLUSTER,SYS,DM_CLUSTER,
PUBLIC,DM_CLUSTERS,SYS,DM_CLUSTERS,
PUBLIC,DM_CONDITIONAL,SYS,DM_CONDITIONAL,
PUBLIC,DM_CONDITIONALS,SYS,DM_CONDITIONALS,
PUBLIC,DM_COST_ELEMENT,SYS,DM_COST_ELEMENT,
PUBLIC,DM_COST_MATRIX,SYS,DM_COST_MATRIX,
PUBLIC,DM_EM_COMPONENT,SYS,DM_EM_COMPONENT,
PUBLIC,DM_EM_COMPONENT_SET,SYS,DM_EM_COMPONENT_SET,
PUBLIC,DM_EM_PROJECTION,SYS,DM_EM_PROJECTION,
PUBLIC,DM_EM_PROJECTION_SET,SYS,DM_EM_PROJECTION_SET,
PUBLIC,DM_GLM_COEFF,SYS,DM_GLM_COEFF,
PUBLIC,DM_GLM_COEFF_SET,SYS,DM_GLM_COEFF_SET,
PUBLIC,DM_HISTOGRAM_BIN,SYS,DM_HISTOGRAM_BIN,
PUBLIC,DM_HISTOGRAMS,SYS,DM_HISTOGRAMS,
PUBLIC,DM_ITEM,SYS,DM_ITEM,
PUBLIC,DM_ITEMS,SYS,DM_ITEMS,
PUBLIC,DM_ITEMSET,SYS,DM_ITEMSET,
PUBLIC,DM_ITEMSETS,SYS,DM_ITEMSETS,
PUBLIC,DM_MODEL_GLOBAL_DETAIL,SYS,DM_MODEL_GLOBAL_DETAIL,
PUBLIC,DM_MODEL_GLOBAL_DETAILS,SYS,DM_MODEL_GLOBAL_DETAILS,
PUBLIC,DM_MODEL_SETTING,SYS,DM_MODEL_SETTING,
PUBLIC,DM_MODEL_SETTINGS,SYS,DM_MODEL_SETTINGS,
PUBLIC,DM_MODEL_SIGNATURE,SYS,DM_MODEL_SIGNATURE,
PUBLIC,DM_MODEL_SIGNATURE_ATTRIBUTE,SYS,DM_MODEL_SIGNATURE_ATTRIBUTE,
PUBLIC,DM_MODEL_TEXT_DF,SYS,DM_MODEL_TEXT_DF,
PUBLIC,DM_MODEL_TEXT_DFS,SYS,DM_MODEL_TEXT_DFS,
PUBLIC,DM_NB_DETAIL,SYS,DM_NB_DETAIL,
PUBLIC,DM_NB_DETAILS,SYS,DM_NB_DETAILS,
PUBLIC,DM_NESTED_BINARY_DOUBLE,SYS,DM_NESTED_BINARY_DOUBLE,
PUBLIC,DM_NESTED_BINARY_DOUBLES,SYS,DM_NESTED_BINARY_DOUBLES,
PUBLIC,DM_NESTED_BINARY_FLOAT,SYS,DM_NESTED_BINARY_FLOAT,
PUBLIC,DM_NESTED_BINARY_FLOATS,SYS,DM_NESTED_BINARY_FLOATS,
PUBLIC,DM_NESTED_CATEGORICAL,SYS,DM_NESTED_CATEGORICAL,
PUBLIC,DM_NESTED_CATEGORICALS,SYS,DM_NESTED_CATEGORICALS,
PUBLIC,DM_NESTED_NUMERICAL,SYS,DM_NESTED_NUMERICAL,
PUBLIC,DM_NESTED_NUMERICALS,SYS,DM_NESTED_NUMERICALS,
PUBLIC,DM_NMF_ATTRIBUTE,SYS,DM_NMF_ATTRIBUTE,
PUBLIC,DM_NMF_ATTRIBUTE_SET,SYS,DM_NMF_ATTRIBUTE_SET,
PUBLIC,DM_NMF_FEATURE,SYS,DM_NMF_FEATURE,
PUBLIC,DM_NMF_FEATURE_SET,SYS,DM_NMF_FEATURE_SET,
PUBLIC,DM_PREDICATE,SYS,DM_PREDICATE,
PUBLIC,DM_PREDICATES,SYS,DM_PREDICATES,
PUBLIC,DMP_SYS,SYS,DMP_SYS,
PUBLIC,DM_RANKED_ATTRIBUTE,SYS,DM_RANKED_ATTRIBUTE,
PUBLIC,DM_RANKED_ATTRIBUTES,SYS,DM_RANKED_ATTRIBUTES,
PUBLIC,DM_RULE,SYS,DM_RULE,
PUBLIC,DM_RULES,SYS,DM_RULES,
PUBLIC,DM_SVD_MATRIX,SYS,DM_SVD_MATRIX,
PUBLIC,DM_SVD_MATRIX_SET,SYS,DM_SVD_MATRIX_SET,
PUBLIC,DM_SVM_ATTRIBUTE,SYS,DM_SVM_ATTRIBUTE,
PUBLIC,DM_SVM_ATTRIBUTE_SET,SYS,DM_SVM_ATTRIBUTE_SET,
PUBLIC,DM_SVM_LINEAR_COEFF,SYS,DM_SVM_LINEAR_COEFF,
PUBLIC,DM_SVM_LINEAR_COEFF_SET,SYS,DM_SVM_LINEAR_COEFF_SET,
PUBLIC,DM_TRANSFORM,SYS,DM_TRANSFORM,
PUBLIC,DM_TRANSFORMS,SYS,DM_TRANSFORMS,
PUBLIC,DM_USER_MODELS,SYS,DM_USER_MODELS,
PUBLIC,DOCUMENT_LINKS,XDB,DOCUMENT_LINKS,
PUBLIC,DOM,LBACSYS,NUMERIC_DOMINATES,
PUBLIC,DOM_BY,LBACSYS,NUMERIC_DOMINATED_BY,
PUBLIC,DOMINATED_BY,LBACSYS,NUMERIC_DOMINATED_BY,
PUBLIC,DOMINATES,LBACSYS,NUMERIC_DOMINATES,
PUBLIC,DRVODM,CTXSYS,DRVODM,
PUBLIC,DS_VARRAY_4_CLOB,SYS,DS_VARRAY_4_CLOB,
PUBLIC,DUAL,SYS,DUAL,
PUBLIC,DUPLICATED_TABLE,GSMADMIN_INTERNAL,DUPLICATED_TABLE,
PUBLIC,DUPLICATED_TABLE_DETAILS,GSMADMIN_INTERNAL,DUPLICATED_TABLE_DETAILS,
PUBLIC,DV_ADMIN_GRANTEES,DVSYS,DV_ADMIN_GRANTEES,
PUBLIC,DV_AUDIT_CLEANUP_GRANTEES,DVSYS,DV_AUDIT_CLEANUP_GRANTEES,
PUBLIC,DV_DATABASE_NAME,DVSYS,DV_DATABASE_NAME,
PUBLIC,DV_DICT_OBJ_NAME,DVSYS,DV_DICT_OBJ_NAME,
PUBLIC,DV_DICT_OBJ_OWNER,DVSYS,DV_DICT_OBJ_OWNER,
PUBLIC,DV_DICT_OBJ_TYPE,DVSYS,DV_DICT_OBJ_TYPE,
PUBLIC,DV_INSTANCE_NUM,DVSYS,DV_INSTANCE_NUM,
PUBLIC,DV_JOB_INVOKER,DVSYS,DV_JOB_INVOKER,
PUBLIC,DV_JOB_OWNER,DVSYS,DV_JOB_OWNER,
PUBLIC,DV_LOGIN_USER,DVSYS,DV_LOGIN_USER,
PUBLIC,DV_MONITOR_GRANTEES,DVSYS,DV_MONITOR_GRANTEES,
PUBLIC,DV_OWNER_GRANTEES,DVSYS,DV_OWNER_GRANTEES,
PUBLIC,DV_SECANALYST_GRANTEES,DVSYS,DV_SECANALYST_GRANTEES,
PUBLIC,DV_SQL_TEXT,DVSYS,DV_SQL_TEXT,
PUBLIC,DV_SYSEVENT,DVSYS,DV_SYSEVENT,
PUBLIC,ELOCATION_EDGE_LINK_LEVEL,MDSYS,ELOCATION_EDGE_LINK_LEVEL,
PUBLIC,ENDPOINT,MDSYS,OGC_ENDPOINT,
PUBLIC,ENVELOPE,MDSYS,OGC_ENVELOPE,
PUBLIC,EPSG_PARAM,MDSYS,EPSG_PARAM,
PUBLIC,EPSG_PARAMS,MDSYS,EPSG_PARAMS,
PUBLIC,EQUALS,MDSYS,OGC_EQUALS,
PUBLIC,EQUALS_PATH,XDB,EQUALS_PATH,
PUBLIC,EXPLAINMVARRAYTYPE,SYS,EXPLAINMVARRAYTYPE,
PUBLIC,EXPLAINMVMESSAGE,SYS,EXPLAINMVMESSAGE,
PUBLIC,EXTERIORRING,MDSYS,OGC_EXTERIORRING,
PUBLIC,EXT_TO_OBJ,SYS,EXT_TO_OBJ_VIEW,
PUBLIC,FLASHBACK_TRANSACTION_QUERY,SYS,FLASHBACK_TRANSACTION_QUERY,
PUBLIC,FTPURITYPE,SYS,FTPURITYPE,
PUBLIC,GENCONNECTIONINTERFACE,SYS,GENCONNECTIONINTERFACE,
PUBLIC,GENCURSORMANAGERINTERFACE,SYS,GENCURSORMANAGERINTERFACE,
PUBLIC,GENDATABASEINTERFACE,SYS,GENDATABASEINTERFACE,
PUBLIC,GENDATAPROVIDERINTERFACE,SYS,GENDATAPROVIDERINTERFACE,
PUBLIC,GENDATATYPEIDCONSTANTS,SYS,GENDATATYPEIDCONSTANTS,
PUBLIC,GENDEFINITIONMANAGERINTERFACE,SYS,GENDEFINITIONMANAGERINTERFACE,
PUBLIC,GENERIC_PLAN_OBJECT,SYS,GENERIC_PLAN_OBJECT,
PUBLIC,GENINTERFACESTUB,SYS,GENINTERFACESTUB,
PUBLIC,GENINTERFACESTUBSEQUENCE,SYS,GENINTERFACESTUBSEQUENCE,
PUBLIC,GENMDMCLASSCONSTANTS,SYS,GENMDMCLASSCONSTANTS,
PUBLIC,GENMDMOBJECTIDCONSTANTS,SYS,GENMDMOBJECTIDCONSTANTS,
PUBLIC,GENMDMPROPERTYIDCONSTANTS,SYS,GENMDMPROPERTYIDCONSTANTS,
PUBLIC,GENMETADATAPROVIDERINTERFACE,SYS,GENMETADATAPROVIDERINTERFACE,
PUBLIC,GENOLAPIEXCEPTION,SYS,GENOLAPIEXCEPTION,
PUBLIC,GENRAWSEQUENCE,SYS,GENRAWSEQUENCE,
PUBLIC,GENSERVERINTERFACE,SYS,GENSERVERINTERFACE,
PUBLIC,GENWSTRINGSEQUENCE,SYS,GENWSTRINGSEQUENCE,
PUBLIC,GEOMETRY,MDSYS,ST_GEOMETRY,
PUBLIC,GEOMETRYCOLLECTION,MDSYS,ST_GEOMCOLLECTION,
PUBLIC,GEOMETRYN,MDSYS,OGC_GEOMETRYN,
PUBLIC,GEOMETRYTYPE,MDSYS,OGC_GEOMETRYTYPE,
PUBLIC,GETANYTYPEFROMPERSISTENT,SYS,GETANYTYPEFROMPERSISTENT,
PUBLIC,GET_AUD_PDB_LIST,SYS,GET_AUD_PDB_LIST,
PUBLIC,GET_ERROR$,SYS,GET_ERROR$,
PUBLIC,GET_FACTOR,DVSYS,GET_FACTOR,
PUBLIC,GET_FACTOR_LABEL,DVSYS,GET_FACTOR_LABEL,
PUBLIC,GET_OLDVERSION_HASHCODE,SYS,GET_OLDVERSION_HASHCODE,
PUBLIC,GET_OLDVERSION_HASHCODE2,SYS,GET_OLDVERSION_HASHCODE2,
PUBLIC,GET_TRUST_LEVEL,DVSYS,GET_TRUST_LEVEL,
PUBLIC,GET_TRUST_LEVEL_FOR_IDENTITY,DVSYS,GET_TRUST_LEVEL_FOR_IDENTITY,
PUBLIC,GLBD,LBACSYS,NUMERIC_GREATEST_LBOUND,
PUBLIC,GLOBAL_CONTEXT,SYS,GLOBAL_CONTEXT,
PUBLIC,GLOBAL_NAME,SYS,GLOBAL_NAME,
PUBLIC,GRANT_PATH,SYS,GRANT_PATH,
PUBLIC,GREATEST_LBOUND,LBACSYS,NUMERIC_GREATEST_LBOUND,
PUBLIC,GV$ACCESS,SYS,GV_$ACCESS,
PUBLIC,GV$ACTIVE_INSTANCES,SYS,GV_$ACTIVE_INSTANCES,
PUBLIC,GV$ACTIVE_SERVICES,SYS,GV_$ACTIVE_SERVICES,
PUBLIC,GV$ACTIVE_SESSION_HISTORY,SYS,GV_$ACTIVE_SESSION_HISTORY,
PUBLIC,GV$ACTIVE_SESS_POOL_MTH,SYS,GV_$ACTIVE_SESS_POOL_MTH,
PUBLIC,GV$ACTIVITY_MVIEW,SYS,GV_$ACTIVITY_MVIEW,
PUBLIC,GV$ACTIVITY_TABLE,SYS,GV_$ACTIVITY_TABLE,
PUBLIC,GV$ADVISOR_CURRENT_SQLPLAN,SYS,GV_$ADVISOR_CURRENT_SQLPLAN,
PUBLIC,GV$ADVISOR_PROGRESS,SYS,GV_$ADVISOR_PROGRESS,
PUBLIC,GV$ALERT_TYPES,SYS,GV_$ALERT_TYPES,
PUBLIC,GV$ALL_ACTIVE_SESSION_HISTORY,SYS,GV_$ALL_ACTIVE_SESSION_HISTORY,
PUBLIC,GV$ALL_SQL_MONITOR,SYS,GV_$ALL_SQL_MONITOR,
PUBLIC,GV$ALL_SQL_PLAN,SYS,GV_$ALL_SQL_PLAN,
PUBLIC,GV$ALL_SQL_PLAN_MONITOR,SYS,GV_$ALL_SQL_PLAN_MONITOR,
PUBLIC,GV$AQ,SYS,GV_$AQ,
PUBLIC,GV$AQ_BACKGROUND_COORDINATOR,SYS,GV_$AQ_BACKGROUND_COORDINATOR,
PUBLIC,GV$AQ_BMAP_NONDUR_SUBSCRIBERS,SYS,GV_$AQ_BMAP_NONDUR_SUBSCRIBERS,
PUBLIC,GV$AQ_CACHED_SUBSHARDS,SYS,GV_$AQ_CACHED_SUBSHARDS,
PUBLIC,GV$AQ_CROSS_INSTANCE_JOBS,SYS,GV_$AQ_CROSS_INSTANCE_JOBS,
PUBLIC,GV$AQ_DEQUEUE_SESSIONS,SYS,GV_$AQ_DEQUEUE_SESSIONS,
PUBLIC,GV$AQ_INACTIVE_SUBSHARDS,SYS,GV_$AQ_INACTIVE_SUBSHARDS,
PUBLIC,GV$AQ_IPC_ACTIVE_MSGS,SYS,GV_$AQ_IPC_ACTIVE_MSGS,
PUBLIC,GV$AQ_IPC_MSG_STATS,SYS,GV_$AQ_IPC_MSG_STATS,
PUBLIC,GV$AQ_IPC_PENDING_MSGS,SYS,GV_$AQ_IPC_PENDING_MSGS,
PUBLIC,GV$AQ_JOB_COORDINATOR,SYS,GV_$AQ_JOB_COORDINATOR,
PUBLIC,GV$AQ_MESSAGE_CACHE,SYS,GV_$AQ_MESSAGE_CACHE,
PUBLIC,GV$AQ_MESSAGE_CACHE_ADVICE,SYS,GV_$AQ_MESSAGE_CACHE_ADVICE,
PUBLIC,GV$AQ_MESSAGE_CACHE_STAT,SYS,GV_$AQ_MESSAGE_CACHE_STAT,
PUBLIC,GV$AQ_MSGBM,SYS,GV_$AQ_MSGBM,
PUBLIC,GV$AQ_NONDUR_REGISTRATIONS,SYS,GV_$AQ_NONDUR_REGISTRATIONS,
PUBLIC,GV$AQ_NONDUR_SUBSCRIBER,SYS,GV_$AQ_NONDUR_SUBSCRIBER,
PUBLIC,GV$AQ_NONDUR_SUBSCRIBER_LWM,SYS,GV_$AQ_NONDUR_SUBSCRIBER_LWM,
PUBLIC,GV$AQ_NOTIFICATION_CLIENTS,SYS,GV_$AQ_NOTIFICATION_CLIENTS,
PUBLIC,GV$AQ_PARTITION_STATS,SYS,GV_$AQ_PARTITION_STATS,
PUBLIC,GV$AQ_REMOTE_DEQUEUE_AFFINITY,SYS,GV_$AQ_REMOTE_DEQUEUE_AFFINITY,
PUBLIC,GV$AQ_SERVER_POOL,SYS,GV_$AQ_SERVER_POOL,
PUBLIC,GV$AQ_SHARDED_SUBSCRIBER_STAT,SYS,GV_$AQ_SHARDED_SUBSCRIBER_STAT,
PUBLIC,GV$AQ_SUBSCRIBER_LOAD,SYS,GV_$AQ_SUBSCRIBER_LOAD,
PUBLIC,GV$AQ_UNCACHED_SUBSHARDS,SYS,GV_$AQ_UNCACHED_SUBSHARDS,
PUBLIC,GV$AQ1,SYS,GV_$AQ1,
PUBLIC,GV$ARCHIVE,SYS,GV_$ARCHIVE,
PUBLIC,GV$ARCHIVE_DEST,SYS,GV_$ARCHIVE_DEST,
PUBLIC,GV$ARCHIVE_DEST_STATUS,SYS,GV_$ARCHIVE_DEST_STATUS,
PUBLIC,GV$ARCHIVED_LOG,SYS,GV_$ARCHIVED_LOG,
PUBLIC,GV$ARCHIVE_GAP,SYS,GV_$ARCHIVE_GAP,
PUBLIC,GV$ARCHIVE_PROCESSES,SYS,GV_$ARCHIVE_PROCESSES,
PUBLIC,GV$ASH_INFO,SYS,GV_$ASH_INFO,
PUBLIC,GV$ASM_ACFSAUTORESIZE,SYS,GV_$ASM_ACFSAUTORESIZE,
PUBLIC,GV$ASM_ACFS_ENCRYPTION_INFO,SYS,GV_$ASM_ACFS_ENCRYPTION_INFO,
PUBLIC,GV$ASM_ACFSREPL,SYS,GV_$ASM_ACFSREPL,
PUBLIC,GV$ASM_ACFSREPLTAG,SYS,GV_$ASM_ACFSREPLTAG,
PUBLIC,GV$ASM_ACFS_SEC_ADMIN,SYS,GV_$ASM_ACFS_SEC_ADMIN,
PUBLIC,GV$ASM_ACFS_SEC_CMDRULE,SYS,GV_$ASM_ACFS_SEC_CMDRULE,
PUBLIC,GV$ASM_ACFS_SEC_REALM,SYS,GV_$ASM_ACFS_SEC_REALM,
PUBLIC,GV$ASM_ACFS_SEC_REALM_FILTER,SYS,GV_$ASM_ACFS_SEC_REALM_FILTER,
PUBLIC,GV$ASM_ACFS_SEC_REALM_GROUP,SYS,GV_$ASM_ACFS_SEC_REALM_GROUP,
PUBLIC,GV$ASM_ACFS_SEC_REALM_USER,SYS,GV_$ASM_ACFS_SEC_REALM_USER,
PUBLIC,GV$ASM_ACFS_SEC_RULE,SYS,GV_$ASM_ACFS_SEC_RULE,
PUBLIC,GV$ASM_ACFS_SEC_RULESET,SYS,GV_$ASM_ACFS_SEC_RULESET,
PUBLIC,GV$ASM_ACFS_SEC_RULESET_RULE,SYS,GV_$ASM_ACFS_SEC_RULESET_RULE,
PUBLIC,GV$ASM_ACFS_SECURITY_INFO,SYS,GV_$ASM_ACFS_SECURITY_INFO,
PUBLIC,GV$ASM_ACFSSNAPSHOTS,SYS,GV_$ASM_ACFSSNAPSHOTS,
PUBLIC,GV$ASM_ACFSTAG,SYS,GV_$ASM_ACFSTAG,
PUBLIC,GV$ASM_ACFSVOLUMES,SYS,GV_$ASM_ACFSVOLUMES,
PUBLIC,GV$ASM_ALIAS,SYS,GV_$ASM_ALIAS,
PUBLIC,GV$ASM_ATTRIBUTE,SYS,GV_$ASM_ATTRIBUTE,
PUBLIC,GV$ASM_AUDIT_CLEAN_EVENTS,SYS,GV_$ASM_AUDIT_CLEAN_EVENTS,
PUBLIC,GV$ASM_AUDIT_CLEANUP_JOBS,SYS,GV_$ASM_AUDIT_CLEANUP_JOBS,
PUBLIC,GV$ASM_AUDIT_CONFIG_PARAMS,SYS,GV_$ASM_AUDIT_CONFIG_PARAMS,
PUBLIC,GV$ASM_AUDIT_LAST_ARCH_TS,SYS,GV_$ASM_AUDIT_LAST_ARCH_TS,
PUBLIC,GV$ASM_AUDIT_LOAD_JOBS,SYS,GV_$ASM_AUDIT_LOAD_JOBS,
PUBLIC,GV$ASM_CLIENT,SYS,GV_$ASM_CLIENT,
PUBLIC,GV$ASM_DBCLONE_INFO,SYS,GV_$ASM_DBCLONE_INFO,
PUBLIC,GV$ASM_DISK,SYS,GV_$ASM_DISK,
PUBLIC,GV$ASM_DISKGROUP,SYS,GV_$ASM_DISKGROUP,
PUBLIC,GV$ASM_DISKGROUP_SPARSE,SYS,GV_$ASM_DISKGROUP_SPARSE,
PUBLIC,GV$ASM_DISKGROUP_STAT,SYS,GV_$ASM_DISKGROUP_STAT,
PUBLIC,GV$ASM_DISK_IOSTAT,SYS,GV_$ASM_DISK_IOSTAT,
PUBLIC,GV$ASM_DISK_IOSTAT_SPARSE,SYS,GV_$ASM_DISK_IOSTAT_SPARSE,
PUBLIC,GV$ASM_DISK_SPARSE,SYS,GV_$ASM_DISK_SPARSE,
PUBLIC,GV$ASM_DISK_SPARSE_STAT,SYS,GV_$ASM_DISK_SPARSE_STAT,
PUBLIC,GV$ASM_DISK_STAT,SYS,GV_$ASM_DISK_STAT,
PUBLIC,GV$ASM_ESTIMATE,SYS,GV_$ASM_ESTIMATE,
PUBLIC,GV$ASM_FILE,SYS,GV_$ASM_FILE,
PUBLIC,GV$ASM_FILEGROUP,SYS,GV_$ASM_FILEGROUP,
PUBLIC,GV$ASM_FILEGROUP_FILE,SYS,GV_$ASM_FILEGROUP_FILE,
PUBLIC,GV$ASM_FILEGROUP_PROPERTY,SYS,GV_$ASM_FILEGROUP_PROPERTY,
PUBLIC,GV$ASM_FILESYSTEM,SYS,GV_$ASM_FILESYSTEM,
PUBLIC,GV$ASM_OPERATION,SYS,GV_$ASM_OPERATION,
PUBLIC,GV$ASM_QUOTAGROUP,SYS,GV_$ASM_QUOTAGROUP,
PUBLIC,GV$ASM_TEMPLATE,SYS,GV_$ASM_TEMPLATE,
PUBLIC,GV$ASM_USER,SYS,GV_$ASM_USER,
PUBLIC,GV$ASM_USERGROUP,SYS,GV_$ASM_USERGROUP,
PUBLIC,GV$ASM_USERGROUP_MEMBER,SYS,GV_$ASM_USERGROUP_MEMBER,
PUBLIC,GV$ASM_VOLUME,SYS,GV_$ASM_VOLUME,
PUBLIC,GV$ASM_VOLUME_STAT,SYS,GV_$ASM_VOLUME_STAT,
PUBLIC,GV$AUTHPOOL_STATS,SYS,GV_$AUTHPOOL_STATS,
PUBLIC,GV$AUTO_BMR_STATISTICS,SYS,GV_$AUTO_BMR_STATISTICS,
PUBLIC,GV$AV_BTT_CACHE,SYS,GV_$AV_BTT_CACHE,
PUBLIC,GV$AW_AGGREGATE_OP,SYS,GV_$AW_AGGREGATE_OP,
PUBLIC,GV$AW_ALLOCATE_OP,SYS,GV_$AW_ALLOCATE_OP,
PUBLIC,GV$AW_CALC,SYS,GV_$AW_CALC,
PUBLIC,GV$AW_LONGOPS,SYS,GV_$AW_LONGOPS,
PUBLIC,GV$AW_OLAP,SYS,GV_$AW_OLAP,
PUBLIC,GV$AW_SESSION_INFO,SYS,GV_$AW_SESSION_INFO,
PUBLIC,GV$BACKUP,SYS,GV_$BACKUP,
PUBLIC,GV$BACKUP_ASYNC_IO,SYS,GV_$BACKUP_ASYNC_IO,
PUBLIC,GV$BACKUP_CORRUPTION,SYS,GV_$BACKUP_CORRUPTION,
PUBLIC,GV$BACKUP_DATAFILE,SYS,GV_$BACKUP_DATAFILE,
PUBLIC,GV$BACKUP_DEVICE,SYS,GV_$BACKUP_DEVICE,
PUBLIC,GV$BACKUP_NONLOGGED,SYS,GV_$BACKUP_NONLOGGED,
PUBLIC,GV$BACKUP_PIECE,SYS,GV_$BACKUP_PIECE,
PUBLIC,GV$BACKUP_REDOLOG,SYS,GV_$BACKUP_REDOLOG,
PUBLIC,GV$BACKUP_SET,SYS,GV_$BACKUP_SET,
PUBLIC,GV$BACKUP_SPFILE,SYS,GV_$BACKUP_SPFILE,
PUBLIC,GV$BACKUP_SYNC_IO,SYS,GV_$BACKUP_SYNC_IO,
PUBLIC,GV$BCAPPLY_STATS,SYS,GV_$BCAPPLY_STATS,
PUBLIC,GV$BGPROCESS,SYS,GV_$BGPROCESS,
PUBLIC,GV$BH,SYS,GV_$BH,
PUBLIC,GV$BLOCKING_QUIESCE,SYS,GV_$BLOCKING_QUIESCE,
PUBLIC,GV$BSP,SYS,GV_$BSP,
PUBLIC,GV$BT_SCAN_CACHE,SYS,GV_$BT_SCAN_CACHE,
PUBLIC,GV$BT_SCAN_OBJ_TEMPS,SYS,GV_$BT_SCAN_OBJ_TEMPS,
PUBLIC,GV$BTS_STAT,SYS,GV_$BTS_STAT,
PUBLIC,GV$BUFFERED_PUBLISHERS,SYS,GV_$BUFFERED_PUBLISHERS,
PUBLIC,GV$BUFFERED_QUEUES,SYS,GV_$BUFFERED_QUEUES,
PUBLIC,GV$BUFFERED_SUBSCRIBERS,SYS,GV_$BUFFERED_SUBSCRIBERS,
PUBLIC,GV$BUFFER_POOL,SYS,GV_$BUFFER_POOL,
PUBLIC,GV$BUFFER_POOL_STATISTICS,SYS,GV_$BUFFER_POOL_STATISTICS,
PUBLIC,GV$BUILD_INFO,SYS,GV_$BUILD_INFO,
PUBLIC,GV$CACHE,SYS,GV_$CACHE,
PUBLIC,GV$CACHE_LOCK,SYS,GV_$CACHE_LOCK,
PUBLIC,GV$CACHE_TRANSFER,SYS,GV_$CACHE_TRANSFER,
PUBLIC,GV$CALLTAG,SYS,GV_$CALLTAG,
PUBLIC,GV$CELL,SYS,GV_$CELL,
PUBLIC,GV$CELL_CONFIG,SYS,GV_$CELL_CONFIG,
PUBLIC,GV$CELL_CONFIG_INFO,SYS,GV_$CELL_CONFIG_INFO,
PUBLIC,GV$CELL_DB,SYS,GV_$CELL_DB,
PUBLIC,GV$CELL_DISK,SYS,GV_$CELL_DISK,
PUBLIC,GV$CELL_DISK_HISTORY,SYS,GV_$CELL_DISK_HISTORY,
PUBLIC,GV$CELL_GLOBAL,SYS,GV_$CELL_GLOBAL,
PUBLIC,GV$CELL_GLOBAL_HISTORY,SYS,GV_$CELL_GLOBAL_HISTORY,
PUBLIC,GV$CELL_IOREASON,SYS,GV_$CELL_IOREASON,
PUBLIC,GV$CELL_IOREASON_NAME,SYS,GV_$CELL_IOREASON_NAME,
PUBLIC,GV$CELL_METRIC_DESC,SYS,GV_$CELL_METRIC_DESC,
PUBLIC,GV$CELL_OFL_THREAD_HISTORY,SYS,GV_$CELL_OFL_THREAD_HISTORY,
PUBLIC,GV$CELL_OPEN_ALERTS,SYS,GV_$CELL_OPEN_ALERTS,
PUBLIC,GV$CELL_REQUEST_TOTALS,SYS,GV_$CELL_REQUEST_TOTALS,
PUBLIC,GV$CELL_STATE,SYS,GV_$CELL_STATE,
PUBLIC,GV$CELL_THREAD_HISTORY,SYS,GV_$CELL_THREAD_HISTORY,
PUBLIC,GV$CHANNEL_WAITS,SYS,GV_$CHANNEL_WAITS,
PUBLIC,GV$CHUNK_METRIC,SYS,GV_$CHUNK_METRIC,
PUBLIC,GV$CIRCUIT,SYS,GV_$CIRCUIT,
PUBLIC,GV$CLASS_CACHE_TRANSFER,SYS,GV_$CLASS_CACHE_TRANSFER,
PUBLIC,GV$CLASS_PING,SYS,GV_$CLASS_PING,
PUBLIC,GV$CLEANUP_PROCESS,SYS,GV_$CLEANUP_PROCESS,
PUBLIC,GV$CLIENT_SECRETS,SYS,GV_$CLIENT_SECRETS,
PUBLIC,GV$CLIENT_STATS,SYS,GV_$CLIENT_STATS,
PUBLIC,GV$CLONEDFILE,SYS,GV_$CLONEDFILE,
PUBLIC,GV$CLUSTER_INTERCONNECTS,SYS,GV_$CLUSTER_INTERCONNECTS,
PUBLIC,GV$CODE_CLAUSE,SYS,GV_$CODE_CLAUSE,
PUBLIC,GV$COLUMN_STATISTICS,SYS,GV_$COLUMN_STATISTICS,
PUBLIC,GV$COMPATIBILITY_REQUIREMENT,SYS,GV_$COMPATIBILITY_REQUIREMENT,
PUBLIC,GV$CON_EVENT_HISTOGRAM_MICRO,SYS,GV_$CON_EVENT_HISTOGRAM_MICRO,
PUBLIC,GV$CONFIGURED_INTERCONNECTS,SYS,GV_$CONFIGURED_INTERCONNECTS,
PUBLIC,GV$CONNECTION_BROKER,SYS,GV_$CONNECTION_BROKER,
PUBLIC,GV$CONSENSUS_CLIENTS,SYS,GV_$CONSENSUS_CLIENTS,
PUBLIC,GV$CONSENSUS_LOGS,SYS,GV_$CONSENSUS_LOGS,
PUBLIC,GV$CONSENSUS_STATS,SYS,GV_$CONSENSUS_STATS,
PUBLIC,GV$CON_SYSMETRIC,SYS,GV_$CON_SYSMETRIC,
PUBLIC,GV$CON_SYSMETRIC_HISTORY,SYS,GV_$CON_SYSMETRIC_HISTORY,
PUBLIC,GV$CON_SYSMETRIC_SUMMARY,SYS,GV_$CON_SYSMETRIC_SUMMARY,
PUBLIC,GV$CON_SYSSTAT,SYS,GV_$CON_SYSSTAT,
PUBLIC,GV$CON_SYSTEM_EVENT,SYS,GV_$CON_SYSTEM_EVENT,
PUBLIC,GV$CON_SYSTEM_WAIT_CLASS,SYS,GV_$CON_SYSTEM_WAIT_CLASS,
PUBLIC,GV$CON_SYS_TIME_MODEL,SYS,GV_$CON_SYS_TIME_MODEL,
PUBLIC,GV$CONTAINERS,SYS,GV_$CONTAINERS,
PUBLIC,GV$CONTAINER_TOPOLOGY,SYS,GV_$CONTAINER_TOPOLOGY,
PUBLIC,GV$CONTEXT,SYS,GV_$CONTEXT,
PUBLIC,GV$CONTROLFILE,SYS,GV_$CONTROLFILE,
PUBLIC,GV$CONTROLFILE_RECORD_SECTION,SYS,GV_$CONTROLFILE_RECORD_SECTION,
PUBLIC,GV$CON_WAITCLASSMETRIC,SYS,GV_$CON_WAITCLASSMETRIC,
PUBLIC,GV$CON_WAITCLASSMETRIC_HISTORY,SYS,GV_$CON_WAITCLASSMETRIC_HISTORY,
PUBLIC,GV$COPY_CORRUPTION,SYS,GV_$COPY_CORRUPTION,
PUBLIC,GV$COPY_NONLOGGED,SYS,GV_$COPY_NONLOGGED,
PUBLIC,GV$CORRUPT_XID_LIST,SYS,GV_$CORRUPT_XID_LIST,
PUBLIC,GV$CPOOL_CC_INFO,SYS,GV_$CPOOL_CC_INFO,
PUBLIC,GV$CPOOL_CC_STATS,SYS,GV_$CPOOL_CC_STATS,
PUBLIC,GV$CPOOL_CONN_INFO,SYS,GV_$CPOOL_CONN_INFO,
PUBLIC,GV$CPOOL_STATS,SYS,GV_$CPOOL_STATS,
PUBLIC,GV$CR_BLOCK_SERVER,SYS,GV_$CR_BLOCK_SERVER,
PUBLIC,GV$CURRENT_BLOCK_SERVER,SYS,GV_$CURRENT_BLOCK_SERVER,
PUBLIC,GV$DATABASE,SYS,GV_$DATABASE,
PUBLIC,GV$DATABASE_BLOCK_CORRUPTION,SYS,GV_$DATABASE_BLOCK_CORRUPTION,
PUBLIC,GV$DATABASE_INCARNATION,SYS,GV_$DATABASE_INCARNATION,
PUBLIC,GV$DATABASE_KEY_INFO,SYS,GV_$DATABASE_KEY_INFO,
PUBLIC,GV$DATABASE_REPLAY_PROGRESS,SYS,GV_$DATABASE_REPLAY_PROGRESS,
PUBLIC,GV$DATAFILE,SYS,GV_$DATAFILE,
PUBLIC,GV$DATAFILE_COPY,SYS,GV_$DATAFILE_COPY,
PUBLIC,GV$DATAFILE_HEADER,SYS,GV_$DATAFILE_HEADER,
PUBLIC,GV$DATAGUARD_CONFIG,SYS,GV_$DATAGUARD_CONFIG,
PUBLIC,GV$DATAGUARD_PROCESS,SYS,GV_$DATAGUARD_PROCESS,
PUBLIC,GV$DATAGUARD_STATS,SYS,GV_$DATAGUARD_STATS,
PUBLIC,GV$DATAGUARD_STATUS,SYS,GV_$DATAGUARD_STATUS,
PUBLIC,GV$DATAPUMP_JOB,SYS,GV_$DATAPUMP_JOB,
PUBLIC,GV$DATAPUMP_SESSION,SYS,GV_$DATAPUMP_SESSION,
PUBLIC,GV$DB_CACHE_ADVICE,SYS,GV_$DB_CACHE_ADVICE,
PUBLIC,GV$DBFILE,SYS,GV_$DBFILE,
PUBLIC,GV$DBLINK,SYS,GV_$DBLINK,
PUBLIC,GV$DB_OBJECT_CACHE,SYS,GV_$DB_OBJECT_CACHE,
PUBLIC,GV$DB_PIPES,SYS,GV_$DB_PIPES,
PUBLIC,GV$DB_TRANSPORTABLE_PLATFORM,SYS,GV_$DB_TRANSPORTABLE_PLATFORM,
PUBLIC,GV$DEAD_CLEANUP,SYS,GV_$DEAD_CLEANUP,
PUBLIC,GV$DELETED_OBJECT,SYS,GV_$DELETED_OBJECT,
PUBLIC,GV$DETACHED_SESSION,SYS,GV_$DETACHED_SESSION,
PUBLIC,GV$DG_BROKER_CONFIG,SYS,GV_$DG_BROKER_CONFIG,
PUBLIC,GV$DG_BROKER_PROPERTY,SYS,GV_$DG_BROKER_PROPERTY,
PUBLIC,GV$DG_BROKER_PROPERTY_INT,SYS,GV_$DG_BROKER_PROPERTY_INT,
PUBLIC,GV$DIAG_APP_TRACE_FILE,SYS,GV_$DIAG_APP_TRACE_FILE,
PUBLIC,GV$DIAG_INFO,SYS,GV_$DIAG_INFO,
PUBLIC,GV$DIAG_OPT_TRACE_RECORDS,SYS,GV_$DIAG_OPT_TRACE_RECORDS,
PUBLIC,GV$DIAG_SQL_TRACE_RECORDS,SYS,GV_$DIAG_SQL_TRACE_RECORDS,
PUBLIC,GV$DIAG_TRACE_FILE,SYS,GV_$DIAG_TRACE_FILE,
PUBLIC,GV$DIAG_TRACE_FILE_CONTENTS,SYS,GV_$DIAG_TRACE_FILE_CONTENTS,
PUBLIC,GV$DIAG_USER_TRACE_RECORDS,SYS,GV_$DIAG_USER_TRACE_RECORDS,
PUBLIC,GV$DISPATCHER,SYS,GV_$DISPATCHER,
PUBLIC,GV$DISPATCHER_CONFIG,SYS,GV_$DISPATCHER_CONFIG,
PUBLIC,GV$DISPATCHER_RATE,SYS,GV_$DISPATCHER_RATE,
PUBLIC,GV$DLM_ALL_LOCKS,SYS,GV_$DLM_ALL_LOCKS,
PUBLIC,GV$DLM_CONVERT_LOCAL,SYS,GV_$DLM_CONVERT_LOCAL,
PUBLIC,GV$DLM_CONVERT_REMOTE,SYS,GV_$DLM_CONVERT_REMOTE,
PUBLIC,GV$DLM_LATCH,SYS,GV_$DLM_LATCH,
PUBLIC,GV$DLM_LOCKS,SYS,GV_$DLM_LOCKS,
PUBLIC,GV$DLM_MISC,SYS,GV_$DLM_MISC,
PUBLIC,GV$DLM_RESS,SYS,GV_$DLM_RESS,
PUBLIC,GV$DLM_TRAFFIC_CONTROLLER,SYS,GV_$DLM_TRAFFIC_CONTROLLER,
PUBLIC,GV$DML_STATS,SYS,GV_$DML_STATS,
PUBLIC,GV$DNFS_CHANNELS,SYS,GV_$DNFS_CHANNELS,
PUBLIC,GV$DNFS_FILES,SYS,GV_$DNFS_FILES,
PUBLIC,GV$DNFS_SERVERS,SYS,GV_$DNFS_SERVERS,
PUBLIC,GV$DNFS_STATS,SYS,GV_$DNFS_STATS,
PUBLIC,GV$DUAL,SYS,GV_$DUAL,
PUBLIC,GV$DYNAMIC_REMASTER_STATS,SYS,GV_$DYNAMIC_REMASTER_STATS,
PUBLIC,GV$EDITIONABLE_TYPES,SYS,GV_$EDITIONABLE_TYPES,
PUBLIC,GV$EMON,SYS,GV_$EMON,
PUBLIC,GV$EMX_USAGE_STATS,SYS,GV_$EMX_USAGE_STATS,
PUBLIC,GV$ENABLEDPRIVS,SYS,GV_$ENABLEDPRIVS,
PUBLIC,GV$ENCRYPTED_TABLESPACES,SYS,GV_$ENCRYPTED_TABLESPACES,
PUBLIC,GV$ENCRYPTION_KEYS,SYS,GV_$ENCRYPTION_KEYS,
PUBLIC,GV$ENCRYPTION_WALLET,SYS,GV_$ENCRYPTION_WALLET,
PUBLIC,GV$ENQUEUE_LOCK,SYS,GV_$ENQUEUE_LOCK,
PUBLIC,GV$ENQUEUE_STAT,SYS,GV_$ENQUEUE_STAT,
PUBLIC,GV$ENQUEUE_STATISTICS,SYS,GV_$ENQUEUE_STATISTICS,
PUBLIC,GV$EQ_CACHED_PARTITIONS,SYS,GV_$EQ_CACHED_PARTITIONS,
PUBLIC,GV$EQ_CROSS_INSTANCE_JOBS,SYS,GV_$EQ_CROSS_INSTANCE_JOBS,
PUBLIC,GV$EQ_DEQUEUE_SESSIONS,SYS,GV_$EQ_DEQUEUE_SESSIONS,
PUBLIC,GV$EQ_INACTIVE_PARTITIONS,SYS,GV_$EQ_INACTIVE_PARTITIONS,
PUBLIC,GV$EQ_MESSAGE_CACHE,SYS,GV_$EQ_MESSAGE_CACHE,
PUBLIC,GV$EQ_MESSAGE_CACHE_ADVICE,SYS,GV_$EQ_MESSAGE_CACHE_ADVICE,
PUBLIC,GV$EQ_MESSAGE_CACHE_STAT,SYS,GV_$EQ_MESSAGE_CACHE_STAT,
PUBLIC,GV$EQ_NONDUR_SUBSCRIBER,SYS,GV_$EQ_NONDUR_SUBSCRIBER,
PUBLIC,GV$EQ_NONDUR_SUBSCRIBER_LWM,SYS,GV_$EQ_NONDUR_SUBSCRIBER_LWM,
PUBLIC,GV$EQ_PARTITION_STATS,SYS,GV_$EQ_PARTITION_STATS,
PUBLIC,GV$EQ_REMOTE_DEQUEUE_AFFINITY,SYS,GV_$EQ_REMOTE_DEQUEUE_AFFINITY,
PUBLIC,GV$EQ_SUBSCRIBER_LOAD,SYS,GV_$EQ_SUBSCRIBER_LOAD,
PUBLIC,GV$EQ_SUBSCRIBER_STAT,SYS,GV_$EQ_SUBSCRIBER_STAT,
PUBLIC,GV$EQ_SUBSCR_REGISTRATION_STATS,SYS,GV_$EQ_SUBSCR_REGISTRATION_STATS,
PUBLIC,GV$EQ_UNCACHED_PARTITIONS,SYS,GV_$EQ_UNCACHED_PARTITIONS,
PUBLIC,GV$EVENT_HISTOGRAM,SYS,GV_$EVENT_HISTOGRAM,
PUBLIC,GV$EVENT_HISTOGRAM_MICRO,SYS,GV_$EVENT_HISTOGRAM_MICRO,
PUBLIC,GV$EVENTMETRIC,SYS,GV_$EVENTMETRIC,
PUBLIC,GV$EVENT_NAME,SYS,GV_$EVENT_NAME,
PUBLIC,GV$EVENT_OUTLIERS,SYS,GV_$EVENT_OUTLIERS,
PUBLIC,GV$EXADIRECT_ACL,SYS,GV_$EXADIRECT_ACL,
PUBLIC,GV$EXECUTION,SYS,GV_$EXECUTION,
PUBLIC,GV$EXP_STATS,SYS,GV_$EXP_STATS,
PUBLIC,GV$FALSE_PING,SYS,GV_$FALSE_PING,
PUBLIC,GV$FAST_START_SERVERS,SYS,GV_$FAST_START_SERVERS,
PUBLIC,GV$FAST_START_TRANSACTIONS,SYS,GV_$FAST_START_TRANSACTIONS,
PUBLIC,GV$FILE_CACHE_TRANSFER,SYS,GV_$FILE_CACHE_TRANSFER,
PUBLIC,GV$FILE_HISTOGRAM,SYS,GV_$FILE_HISTOGRAM,
PUBLIC,GV$FILEMETRIC,SYS,GV_$FILEMETRIC,
PUBLIC,GV$FILEMETRIC_HISTORY,SYS,GV_$FILEMETRIC_HISTORY,
PUBLIC,GV$FILE_OPTIMIZED_HISTOGRAM,SYS,GV_$FILE_OPTIMIZED_HISTOGRAM,
PUBLIC,GV$FILE_PING,SYS,GV_$FILE_PING,
PUBLIC,GV$FILESPACE_USAGE,SYS,GV_$FILESPACE_USAGE,
PUBLIC,GV$FILESTAT,SYS,GV_$FILESTAT,
PUBLIC,GV$FIXED_TABLE,SYS,GV_$FIXED_TABLE,
PUBLIC,GV$FIXED_VIEW_DEFINITION,SYS,GV_$FIXED_VIEW_DEFINITION,
PUBLIC,GV$FLASHBACK_DATABASE_LOG,SYS,GV_$FLASHBACK_DATABASE_LOG,
PUBLIC,GV$FLASHBACK_DATABASE_LOGFILE,SYS,GV_$FLASHBACK_DATABASE_LOGFILE,
PUBLIC,GV$FLASHBACK_DATABASE_STAT,SYS,GV_$FLASHBACK_DATABASE_STAT,
PUBLIC,GV$FLASHFILESTAT,SYS,GV_$FLASHFILESTAT,
PUBLIC,GV$FOREIGN_ARCHIVED_LOG,SYS,GV_$FOREIGN_ARCHIVED_LOG,
PUBLIC,GV$FOREIGN_DATAFILE_COPY,SYS,GV_$FOREIGN_DATAFILE_COPY,
PUBLIC,GV$FS_FAILOVER_HISTOGRAM,SYS,GV_$FS_FAILOVER_HISTOGRAM,
PUBLIC,GV$FS_FAILOVER_OBSERVERS,SYS,GV_$FS_FAILOVER_OBSERVERS,
PUBLIC,GV$FS_FAILOVER_STATS,SYS,GV_$FS_FAILOVER_STATS,
PUBLIC,GV$FS_OBSERVER_HISTOGRAM,SYS,GV_$FS_OBSERVER_HISTOGRAM,
PUBLIC,GV$GC_ELEMENT,SYS,GV_$GC_ELEMENT,
PUBLIC,GV$GC_ELEMENTS_WITH_COLLISIONS,SYS,GV_$GC_ELEMENTS_W_COLLISIONS,
PUBLIC,GV$GCR_ACTIONS,SYS,GV_$GCR_ACTIONS,
PUBLIC,GV$GCR_LOG,SYS,GV_$GCR_LOG,
PUBLIC,GV$GCR_METRICS,SYS,GV_$GCR_METRICS,
PUBLIC,GV$GCR_STATUS,SYS,GV_$GCR_STATUS,
PUBLIC,GV$GCSHVMASTER_INFO,SYS,GV_$GCSHVMASTER_INFO,
PUBLIC,GV$GCS_LOCK_STATE_RESOLUTION_HISTORY,SYS,GV_$GCS_LOCK_STATE_RESOLUTION_HISTORY,
PUBLIC,GV$GCSPFMASTER_INFO,SYS,GV_$GCSPFMASTER_INFO,
PUBLIC,GV$GES_BLOCKING_ENQUEUE,SYS,GV_$GES_BLOCKING_ENQUEUE,
PUBLIC,GV$GES_CONVERT_LOCAL,SYS,GV_$DLM_CONVERT_LOCAL,
PUBLIC,GV$GES_CONVERT_REMOTE,SYS,GV_$DLM_CONVERT_REMOTE,
PUBLIC,GV$GES_DEADLOCKS,SYS,GV_$GES_DEADLOCKS,
PUBLIC,GV$GES_DEADLOCK_SESSIONS,SYS,GV_$GES_DEADLOCK_SESSIONS,
PUBLIC,GV$GES_ENQUEUE,SYS,GV_$GES_ENQUEUE,
PUBLIC,GV$GES_LATCH,SYS,GV_$DLM_LATCH,
PUBLIC,GV$GES_RESOURCE,SYS,GV_$DLM_RESS,
PUBLIC,GV$GES_STATISTICS,SYS,GV_$DLM_MISC,
PUBLIC,GV$GES_TRAFFIC_CONTROLLER,SYS,GV_$DLM_TRAFFIC_CONTROLLER,
PUBLIC,GV$GG_APPLY_COORDINATOR,SYS,GV_$GG_APPLY_COORDINATOR,
PUBLIC,GV$GG_APPLY_READER,SYS,GV_$GG_APPLY_READER,
PUBLIC,GV$GG_APPLY_RECEIVER,SYS,GV_$GG_APPLY_RECEIVER,
PUBLIC,GV$GG_APPLY_SERVER,SYS,GV_$GG_APPLY_SERVER,
PUBLIC,GV$GLOBAL_BLOCKED_LOCKS,SYS,GV_$GLOBAL_BLOCKED_LOCKS,
PUBLIC,GV$GLOBALCONTEXT,SYS,GV_$GLOBALCONTEXT,
PUBLIC,GV$GLOBAL_TRANSACTION,SYS,GV_$GLOBAL_TRANSACTION,
PUBLIC,GV$GOLDENGATE_CAPABILITIES,SYS,GV_$GOLDENGATE_CAPABILITIES,
PUBLIC,GV$GOLDENGATE_CAPTURE,SYS,GV_$GOLDENGATE_CAPTURE,
PUBLIC,GV$GOLDENGATE_MESSAGE_TRACKING,SYS,GV_$GOLDENGATE_MESSAGETRACKING,
PUBLIC,GV$GOLDENGATE_PROCEDURE_STATS,SYS,GV_$GOLDENGATE_PROCEDURE_STATS,
PUBLIC,GV$GOLDENGATE_TABLE_STATS,SYS,GV_$GOLDENGATE_TABLE_STATS,
PUBLIC,GV$GOLDENGATE_TRANSACTION,SYS,GV_$GOLDENGATE_TRANSACTION,
PUBLIC,GV$GWM_RAC_AFFINITY,SYS,GV_$GWM_RAC_AFFINITY,
PUBLIC,GV$HANG_STATISTICS,SYS,GV_$HANG_STATISTICS,
PUBLIC,GV$HEAT_MAP_SEGMENT,SYS,GV_$HEAT_MAP_SEGMENT,
PUBLIC,GV$HM_CHECK,SYS,GV_$HM_CHECK,
PUBLIC,GV$HM_CHECK_PARAM,SYS,GV_$HM_CHECK_PARAM,
PUBLIC,GV$HM_FINDING,SYS,GV_$HM_FINDING,
PUBLIC,GV$HM_INFO,SYS,GV_$HM_INFO,
PUBLIC,GV$HM_RECOMMENDATION,SYS,GV_$HM_RECOMMENDATION,
PUBLIC,GV$HM_RUN,SYS,GV_$HM_RUN,
PUBLIC,GV$HS_AGENT,SYS,GV_$HS_AGENT,
PUBLIC,GV$HS_PARAMETER,SYS,GV_$HS_PARAMETER,
PUBLIC,GV$HS_SESSION,SYS,GV_$HS_SESSION,
PUBLIC,GV$HVMASTER_INFO,SYS,GV_$HVMASTER_INFO,
PUBLIC,GV$IM_ADOELEMENTS,SYS,GV_$IM_ADOELEMENTS,
PUBLIC,GV$IM_ADOTASKDETAILS,SYS,GV_$IM_ADOTASKDETAILS,
PUBLIC,GV$IM_ADOTASKS,SYS,GV_$IM_ADOTASKS,
PUBLIC,GV$IM_COL_CU,SYS,GV_$IM_COL_CU,
PUBLIC,GV$IM_COLUMN_LEVEL,SYS,GV_$IM_COLUMN_LEVEL,
PUBLIC,GV$IM_DELTA_HEADER,SYS,GV_$IM_DELTA_HEADER,
PUBLIC,GV$IMEU_HEADER,SYS,GV_$IMEU_HEADER,
PUBLIC,GV$IM_GLOBALDICT,SYS,GV_$IM_GLOBALDICT,
PUBLIC,GV$IM_GLOBALDICT_PIECEMAP,SYS,GV_$IM_GLOBALDICT_PIECEMAP,
PUBLIC,GV$IM_GLOBALDICT_SORTORDER,SYS,GV_$IM_GLOBALDICT_SORTORDER,
PUBLIC,GV$IM_GLOBALDICT_VERSION,SYS,GV_$IM_GLOBALDICT_VERSION,
PUBLIC,GV$IM_HEADER,SYS,GV_$IM_HEADER,
PUBLIC,GV$IMHMSEG,SYS,GV_$IMHMSEG,
PUBLIC,GV$IM_IMECOL_CU,SYS,GV_$IM_IMECOL_CU,
PUBLIC,GV$IM_SEG_EXT_MAP,SYS,GV_$IM_SEG_EXT_MAP,
PUBLIC,GV$IM_SEGMENTS,SYS,GV_$IM_SEGMENTS,
PUBLIC,GV$IM_SEGMENTS_DETAIL,SYS,GV_$IM_SEGMENTS_DETAIL,
PUBLIC,GV$IM_SMU_CHUNK,SYS,GV_$IM_SMU_CHUNK,
PUBLIC,GV$IM_SMU_DELTA,SYS,GV_$IM_SMU_DELTA,
PUBLIC,GV$IM_SMU_HEAD,SYS,GV_$IM_SMU_HEAD,
PUBLIC,GV$IM_TBS_EXT_MAP,SYS,GV_$IM_TBS_EXT_MAP,
PUBLIC,GV$IM_USER_SEGMENTS,SYS,GV_$IM_USER_SEGMENTS,
PUBLIC,GV$INCMETER_CONFIG,SYS,GV_$INCMETER_CONFIG,
PUBLIC,GV$INCMETER_INFO,SYS,GV_$INCMETER_INFO,
PUBLIC,GV$INCMETER_SUMMARY,SYS,GV_$INCMETER_SUMMARY,
PUBLIC,GV$INDEXED_FIXED_COLUMN,SYS,GV_$INDEXED_FIXED_COLUMN,
PUBLIC,GV$INDEX_USAGE_INFO,SYS,GV_$INDEX_USAGE_INFO,
PUBLIC,GV$INMEMORY_AREA,SYS,GV_$INMEMORY_AREA,
PUBLIC,GV$INMEMORY_FASTSTART_AREA,SYS,GV_$INMEMORY_FASTSTART_AREA,
PUBLIC,GV$INMEMORY_XMEM_AREA,SYS,GV_$INMEMORY_XMEM_AREA,
PUBLIC,GV$INSTANCE,SYS,GV_$INSTANCE,
PUBLIC,GV$INSTANCE_CACHE_TRANSFER,SYS,GV_$INSTANCE_CACHE_TRANSFER,
PUBLIC,GV$INSTANCE_LOG_GROUP,SYS,GV_$INSTANCE_LOG_GROUP,
PUBLIC,GV$INSTANCE_PING,SYS,GV_$INSTANCE_PING,
PUBLIC,GV$INSTANCE_RECOVERY,SYS,GV_$INSTANCE_RECOVERY,
PUBLIC,GV$IO_CALIBRATION_STATUS,SYS,GV_$IO_CALIBRATION_STATUS,
PUBLIC,GV$IOFUNCMETRIC,SYS,GV_$IOFUNCMETRIC,
PUBLIC,GV$IOFUNCMETRIC_HISTORY,SYS,GV_$IOFUNCMETRIC_HISTORY,
PUBLIC,GV$IO_OUTLIER,SYS,GV_$IO_OUTLIER,
PUBLIC,GV$IOS_CLIENT,SYS,GV_$IOS_CLIENT,
PUBLIC,GV$IOSTAT_CONSUMER_GROUP,SYS,GV_$IOSTAT_CONSUMER_GROUP,
PUBLIC,GV$IOSTAT_FILE,SYS,GV_$IOSTAT_FILE,
PUBLIC,GV$IOSTAT_FUNCTION,SYS,GV_$IOSTAT_FUNCTION,
PUBLIC,GV$IOSTAT_FUNCTION_DETAIL,SYS,GV_$IOSTAT_FUNCTION_DETAIL,
PUBLIC,GV$IOSTAT_NETWORK,SYS,GV_$IOSTAT_NETWORK,
PUBLIC,GV$IP_ACL,SYS,GV_$IP_ACL,
PUBLIC,GV$IR_FAILURE,SYS,GV_$IR_FAILURE,
PUBLIC,GV$IR_FAILURE_SET,SYS,GV_$IR_FAILURE_SET,
PUBLIC,GV$IR_MANUAL_CHECKLIST,SYS,GV_$IR_MANUAL_CHECKLIST,
PUBLIC,GV$IR_REPAIR,SYS,GV_$IR_REPAIR,
PUBLIC,GV$JAVA_LIBRARY_CACHE_MEMORY,SYS,GV_$JAVA_LIBRARY_CACHE_MEMORY,
PUBLIC,GV$JAVA_PATCHING_STATUS,SYS,GV_$JAVA_PATCHING_STATUS,
PUBLIC,GV$JAVAPOOL,SYS,GV_$JAVAPOOL,
PUBLIC,GV$JAVA_POOL_ADVICE,SYS,GV_$JAVA_POOL_ADVICE,
PUBLIC,GV$JAVA_SERVICES,SYS,GV_$JAVA_SERVICES,
PUBLIC,GV$KERNEL_IO_OUTLIER,SYS,GV_$KERNEL_IO_OUTLIER,
PUBLIC,GV$KEY_VECTOR,SYS,GV_$KEY_VECTOR,
PUBLIC,GV$LATCH,SYS,GV_$LATCH,
PUBLIC,GV$LATCH_CHILDREN,SYS,GV_$LATCH_CHILDREN,
PUBLIC,GV$LATCHHOLDER,SYS,GV_$LATCHHOLDER,
PUBLIC,GV$LATCH_MISSES,SYS,GV_$LATCH_MISSES,
PUBLIC,GV$LATCHNAME,SYS,GV_$LATCHNAME,
PUBLIC,GV$LATCH_PARENT,SYS,GV_$LATCH_PARENT,
PUBLIC,GV$LCR_CACHE,SYS,GV_$LCR_CACHE,
PUBLIC,GV$LGWRIO_OUTLIER,SYS,GV_$LGWRIO_OUTLIER,
PUBLIC,GV$LIBCACHE_LOCKS,SYS,GV_$LIBCACHE_LOCKS,
PUBLIC,GV$LIBRARYCACHE,SYS,GV_$LIBRARYCACHE,
PUBLIC,GV$LIBRARY_CACHE_MEMORY,SYS,GV_$LIBRARY_CACHE_MEMORY,
PUBLIC,GV$LICENSE,SYS,GV_$LICENSE,
PUBLIC,GV$LISTENER_HEALTH,SYS,GV_$LISTENER_HEALTH,
PUBLIC,GV$LISTENER_NETWORK,SYS,GV_$LISTENER_NETWORK,
PUBLIC,GV$LOADISTAT,SYS,GV_$LOADISTAT,
PUBLIC,GV$LOADPSTAT,SYS,GV_$LOADPSTAT,
PUBLIC,GV$LOBSTAT,SYS,GV_$LOBSTAT,
PUBLIC,GV$_LOCK,SYS,GV_$_LOCK,
PUBLIC,GV$LOCK,SYS,GV_$LOCK,
PUBLIC,GV$LOCK_ACTIVITY,SYS,GV_$LOCK_ACTIVITY,
PUBLIC,GV$LOCKDOWN_RULES,SYS,GV_$LOCKDOWN_RULES,
PUBLIC,GV$LOCKED_OBJECT,SYS,GV_$LOCKED_OBJECT,
PUBLIC,GV$LOCK_ELEMENT,SYS,GV_$LOCK_ELEMENT,
PUBLIC,GV$LOCKS_WITH_COLLISIONS,SYS,GV_$LOCKS_WITH_COLLISIONS,
PUBLIC,GV$LOCK_TYPE,SYS,GV_$LOCK_TYPE,
PUBLIC,GV$LOG,SYS,GV_$LOG,
PUBLIC,GV$LOGFILE,SYS,GV_$LOGFILE,
PUBLIC,GV$LOGHIST,SYS,GV_$LOGHIST,
PUBLIC,GV$LOG_HISTORY,SYS,GV_$LOG_HISTORY,
PUBLIC,GV$LOGMNR_CONTENTS,SYS,GV_$LOGMNR_CONTENTS,
PUBLIC,GV$LOGMNR_DICTIONARY,SYS,GV_$LOGMNR_DICTIONARY,
PUBLIC,GV$LOGMNR_DICTIONARY_LOAD,SYS,GV_$LOGMNR_DICTIONARY_LOAD,
PUBLIC,GV$LOGMNR_LATCH,SYS,GV_$LOGMNR_LATCH,
PUBLIC,GV$LOGMNR_LOGFILE,SYS,GV_$LOGMNR_LOGFILE,
PUBLIC,GV$LOGMNR_LOGS,SYS,GV_$LOGMNR_LOGS,
PUBLIC,GV$LOGMNR_PARAMETERS,SYS,GV_$LOGMNR_PARAMETERS,
PUBLIC,GV$LOGMNR_PROCESS,SYS,GV_$LOGMNR_PROCESS,
PUBLIC,GV$LOGMNR_SESSION,SYS,GV_$LOGMNR_SESSION,
PUBLIC,GV$LOGMNR_STATS,SYS,GV_$LOGMNR_STATS,
PUBLIC,GV$LOGMNR_TRANSACTION,SYS,GV_$LOGMNR_TRANSACTION,
PUBLIC,GV$LOGSTDBY,SYS,GV_$LOGSTDBY,
PUBLIC,GV$LOGSTDBY_PROCESS,SYS,GV_$LOGSTDBY_PROCESS,
PUBLIC,GV$LOGSTDBY_PROGRESS,SYS,GV_$LOGSTDBY_PROGRESS,
PUBLIC,GV$LOGSTDBY_STATE,SYS,GV_$LOGSTDBY_STATE,
PUBLIC,GV$LOGSTDBY_STATS,SYS,GV_$LOGSTDBY_STATS,
PUBLIC,GV$LOGSTDBY_TRANSACTION,SYS,GV_$LOGSTDBY_TRANSACTION,
PUBLIC,GV$LREG_UPDSTAT,SYS,GV_$LREG_UPDSTAT,
PUBLIC,GV$MANAGED_STANDBY,SYS,GV_$MANAGED_STANDBY,
PUBLIC,GV$MAP_COMP_LIST,SYS,GV_$MAP_COMP_LIST,
PUBLIC,GV$MAP_ELEMENT,SYS,GV_$MAP_ELEMENT,
PUBLIC,GV$MAP_EXT_ELEMENT,SYS,GV_$MAP_EXT_ELEMENT,
PUBLIC,GV$MAP_FILE,SYS,GV_$MAP_FILE,
PUBLIC,GV$MAP_FILE_EXTENT,SYS,GV_$MAP_FILE_EXTENT,
PUBLIC,GV$MAP_FILE_IO_STACK,SYS,GV_$MAP_FILE_IO_STACK,
PUBLIC,GV$MAP_LIBRARY,SYS,GV_$MAP_LIBRARY,
PUBLIC,GV$MAPPED_SQL,SYS,GV_$MAPPED_SQL,
PUBLIC,GV$MAP_SUBELEMENT,SYS,GV_$MAP_SUBELEMENT,
PUBLIC,GV$MAX_ACTIVE_SESS_TARGET_MTH,SYS,GV_$MAX_ACTIVE_SESS_TARGET_MTH,
PUBLIC,GV$MDX_CURSOR_DEPENDENCY,SYS,GV_$MDX_CURSOR_DEPENDENCY,
PUBLIC,GV$MDX_CURSORS,SYS,GV_$MDX_CURSORS,
PUBLIC,GV$MEMOPTIMIZE_WRITE_AREA,SYS,GV_$MEMOPTIMIZE_WRITE_AREA,
PUBLIC,GV$MEMORY_CURRENT_RESIZE_OPS,SYS,GV_$MEMORY_CURRENT_RESIZE_OPS,
PUBLIC,GV$MEMORY_DYNAMIC_COMPONENTS,SYS,GV_$MEMORY_DYNAMIC_COMPONENTS,
PUBLIC,GV$MEMORY_RESIZE_OPS,SYS,GV_$MEMORY_RESIZE_OPS,
PUBLIC,GV$MEMORY_TARGET_ADVICE,SYS,GV_$MEMORY_TARGET_ADVICE,
PUBLIC,GV$METRIC,SYS,GV_$METRIC,
PUBLIC,GV$METRICGROUP,SYS,GV_$METRICGROUP,
PUBLIC,GV$METRIC_HISTORY,SYS,GV_$METRIC_HISTORY,
PUBLIC,GV$METRICNAME,SYS,GV_$METRICNAME,
PUBLIC,GV$MTTR_TARGET_ADVICE,SYS,GV_$MTTR_TARGET_ADVICE,
PUBLIC,GV$MUTEX_SLEEP,SYS,GV_$MUTEX_SLEEP,
PUBLIC,GV$MUTEX_SLEEP_HISTORY,SYS,GV_$MUTEX_SLEEP_HISTORY,
PUBLIC,GV$MVREFRESH,SYS,GV_$MVREFRESH,
PUBLIC,GV$MYSTAT,SYS,GV_$MYSTAT,
PUBLIC,GV$NFS_CLIENTS,SYS,GV_$NFS_CLIENTS,
PUBLIC,GV$NFS_LOCKS,SYS,GV_$NFS_LOCKS,
PUBLIC,GV$NFS_OPEN_FILES,SYS,GV_$NFS_OPEN_FILES,
PUBLIC,GV$NLS_PARAMETERS,SYS,GV_$NLS_PARAMETERS,
PUBLIC,GV$NLS_VALID_VALUES,SYS,GV_$NLS_VALID_VALUES,
PUBLIC,GV$NOLOGGING_STANDBY_TXN,SYS,GV_$NOLOGGING_STANDBY_TXN,
PUBLIC,GV$NONLOGGED_BLOCK,SYS,GV_$NONLOGGED_BLOCK,
PUBLIC,GV$OBJECT_DEPENDENCY,SYS,GV_$OBJECT_DEPENDENCY,
PUBLIC,GV$OBJECT_DML_FREQUENCIES,SYS,GV_$OBJECT_DML_FREQUENCIES,
PUBLIC,GV$OBSOLETE_PARAMETER,SYS,GV_$OBSOLETE_PARAMETER,
PUBLIC,GV$OFFLINE_RANGE,SYS,GV_$OFFLINE_RANGE,
PUBLIC,GV$OFSMOUNT,SYS,GV_$OFSMOUNT,
PUBLIC,GV$OFS_STATS,SYS,GV_$OFS_STATS,
PUBLIC,GV$ONLINE_REDEF,SYS,GV_$ONLINE_REDEF,
PUBLIC,GV$OPEN_CURSOR,SYS,GV_$OPEN_CURSOR,
PUBLIC,GV$OPTIMIZER_PROCESSING_RATE,SYS,GV_$OPTIMIZER_PROCESSING_RATE,
PUBLIC,GV$OPTION,SYS,GV_$OPTION,
PUBLIC,GV$OSSTAT,SYS,GV_$OSSTAT,
PUBLIC,GV$PARALLEL_DEGREE_LIMIT_MTH,SYS,GV_$PARALLEL_DEGREE_LIMIT_MTH,
PUBLIC,GV$PARAMETER,SYS,GV_$PARAMETER,
PUBLIC,GV$PARAMETER_VALID_VALUES,SYS,GV_$PARAMETER_VALID_VALUES,
PUBLIC,GV$PARAMETER2,SYS,GV_$PARAMETER2,
PUBLIC,GV$PASSWORDFILE_INFO,SYS,GV_$PASSWORDFILE_INFO,
PUBLIC,GV$PATCHES,SYS,GV_$PATCHES,
PUBLIC,GV$PDB_INCARNATION,SYS,GV_$PDB_INCARNATION,
PUBLIC,GV$PDBS,SYS,GV_$PDBS,
PUBLIC,GV$PERSISTENT_PUBLISHERS,SYS,GV_$PERSISTENT_PUBLISHERS,
PUBLIC,GV$PERSISTENT_QMN_CACHE,SYS,GV_$PERSISTENT_QMN_CACHE,
PUBLIC,GV$PERSISTENT_QUEUES,SYS,GV_$PERSISTENT_QUEUES,
PUBLIC,GV$PERSISTENT_SUBSCRIBERS,SYS,GV_$PERSISTENT_SUBSCRIBERS,
PUBLIC,GV$PGASTAT,SYS,GV_$PGASTAT,
PUBLIC,GV$PGA_TARGET_ADVICE,SYS,GV_$PGA_TARGET_ADVICE,
PUBLIC,GV$PGA_TARGET_ADVICE_HISTOGRAM,SYS,GV_$PGATARGET_ADVICE_HISTOGRAM,
PUBLIC,GV$PING,SYS,GV_$PING,
PUBLIC,GV$PKCS11_PATH,SYS,GV_$PKCS11_PATH,
PUBLIC,GV$PLSQL_DEBUGGABLE_SESSIONS,SYS,GV_$PLSQL_DEBUGGABLE_SESSIONS,
PUBLIC,GV$PMEM_FILESTORE,SYS,GV_$PMEM_FILESTORE,
PUBLIC,GV$POLICY_HISTORY,SYS,GV_$POLICY_HISTORY,
PUBLIC,GV$PQ_SESSTAT,SYS,GV_$PQ_SESSTAT,
PUBLIC,GV$PQ_SLAVE,SYS,GV_$PQ_SLAVE,
PUBLIC,GV$PQ_SLAVEINFO,SYS,GV_$PQ_SLAVEINFO,
PUBLIC,GV$PQ_SYSSTAT,SYS,GV_$PQ_SYSSTAT,
PUBLIC,GV$PQ_TQSTAT,SYS,GV_$PQ_TQSTAT,
PUBLIC,GV$PROCESS,SYS,GV_$PROCESS,
PUBLIC,GV$PROCESS_GROUP,SYS,GV_$PROCESS_GROUP,
PUBLIC,GV$PROCESS_MEMORY,SYS,GV_$PROCESS_MEMORY,
PUBLIC,GV$PROCESS_MEMORY_DETAIL,SYS,GV_$PROCESS_MEMORY_DETAIL,
PUBLIC,GV$PROCESS_MEMORY_DETAIL_PROG,SYS,GV_$PROCESS_MEMORY_DETAIL_PROG,
PUBLIC,GV$PROCESS_POOL,SYS,GV_$PROCESS_POOL,
PUBLIC,GV$PROCESS_PRIORITY_DATA,SYS,GV_$PROCESS_PRIORITY_DATA,
PUBLIC,GV$PROPAGATION_RECEIVER,SYS,GV_$PROPAGATION_RECEIVER,
PUBLIC,GV$PROPAGATION_SENDER,SYS,GV_$PROPAGATION_SENDER,
PUBLIC,GV$PROXY_ARCHIVEDLOG,SYS,GV_$PROXY_ARCHIVEDLOG,
PUBLIC,GV$PROXY_DATAFILE,SYS,GV_$PROXY_DATAFILE,
PUBLIC,GV$PROXY_PDB_TARGETS,SYS,GV_$PROXY_PDB_TARGETS,
PUBLIC,GV$PWFILE_USERS,SYS,GV_$PWFILE_USERS,
PUBLIC,GV$PX_BUFFER_ADVICE,SYS,GV_$PX_BUFFER_ADVICE,
PUBLIC,GV$PX_INSTANCE_GROUP,SYS,GV_$PX_INSTANCE_GROUP,
PUBLIC,GV$PX_PROCESS,SYS,GV_$PX_PROCESS,
PUBLIC,GV$PX_PROCESS_SYSSTAT,SYS,GV_$PX_PROCESS_SYSSTAT,
PUBLIC,GV$PX_PROCESS_TRACE,SYS,GV_$PX_PROCESS_TRACE,
PUBLIC,GV$PX_SESSION,SYS,GV_$PX_SESSION,
PUBLIC,GV$PX_SESSTAT,SYS,GV_$PX_SESSTAT,
PUBLIC,GV$QMON_COORDINATOR_STATS,SYS,GV_$QMON_COORDINATOR_STATS,
PUBLIC,GV$QMON_SERVER_STATS,SYS,GV_$QMON_SERVER_STATS,
PUBLIC,GV$QMON_TASKS,SYS,GV_$QMON_TASKS,
PUBLIC,GV$QMON_TASK_STATS,SYS,GV_$QMON_TASK_STATS,
PUBLIC,GV$QPX_INVENTORY,SYS,GV_$QPX_INVENTORY,
PUBLIC,GV$QUARANTINE,SYS,GV_$QUARANTINE,
PUBLIC,GV$QUARANTINE_SUMMARY,SYS,GV_$QUARANTINE_SUMMARY,
PUBLIC,GV$QUERY_BLOCK_ORIGIN,SYS,GV_$QUERY_BLOCK_ORIGIN,
PUBLIC,GV$QUEUE,SYS,GV_$QUEUE,
PUBLIC,GV$QUEUEING_MTH,SYS,GV_$QUEUEING_MTH,
PUBLIC,GV$RECOVER_FILE,SYS,GV_$RECOVER_FILE,
PUBLIC,GV$RECOVERY_FILE_STATUS,SYS,GV_$RECOVERY_FILE_STATUS,
PUBLIC,GV$RECOVERY_LOG,SYS,GV_$RECOVERY_LOG,
PUBLIC,GV$RECOVERY_PROGRESS,SYS,GV_$RECOVERY_PROGRESS,
PUBLIC,GV$RECOVERY_SLAVE,SYS,GV_$RECOVERY_SLAVE,
PUBLIC,GV$RECOVERY_STATUS,SYS,GV_$RECOVERY_STATUS,
PUBLIC,GV$REDO_DEST_RESP_HISTOGRAM,SYS,GV_$REDO_DEST_RESP_HISTOGRAM,
PUBLIC,GV$REPLAY_CONTEXT,SYS,GV_$REPLAY_CONTEXT,
PUBLIC,GV$REPLAY_CONTEXT_LOB,SYS,GV_$REPLAY_CONTEXT_LOB,
PUBLIC,GV$REPLAY_CONTEXT_SEQUENCE,SYS,GV_$REPLAY_CONTEXT_SEQUENCE,
PUBLIC,GV$REPLAY_CONTEXT_SYSDATE,SYS,GV_$REPLAY_CONTEXT_SYSDATE,
PUBLIC,GV$REPLAY_CONTEXT_SYSGUID,SYS,GV_$REPLAY_CONTEXT_SYSGUID,
PUBLIC,GV$REPLAY_CONTEXT_SYSTIMESTAMP,SYS,GV_$REPLAYCONTEXT_SYSTIMESTAMP,
PUBLIC,GV$REQDIST,SYS,GV_$REQDIST,
PUBLIC,GV$RESERVED_WORDS,SYS,GV_$RESERVED_WORDS,
PUBLIC,GV$RESOURCE,SYS,GV_$RESOURCE,
PUBLIC,GV$RESOURCE_LIMIT,SYS,GV_$RESOURCE_LIMIT,
PUBLIC,GV$RESTORE_POINT,SYS,GV_$RESTORE_POINT,
PUBLIC,GV$RESULT_CACHE_DEPENDENCY,SYS,GV_$RESULT_CACHE_DEPENDENCY,
PUBLIC,GV$RESULT_CACHE_MEMORY,SYS,GV_$RESULT_CACHE_MEMORY,
PUBLIC,GV$RESULT_CACHE_OBJECTS,SYS,GV_$RESULT_CACHE_OBJECTS,
PUBLIC,GV$RESULT_CACHE_STATISTICS,SYS,GV_$RESULT_CACHE_STATISTICS,
PUBLIC,GV$RESULT_SUBCACHE_STATISTICS,SYS,GV_$RESULT_SUBCACHE_STATISTICS,
PUBLIC,GV$RESUMABLE,SYS,GV_$RESUMABLE,
PUBLIC,GV$RFS_THREAD,SYS,GV_$RFS_THREAD,
PUBLIC,GV$RMAN_COMPRESSION_ALGORITHM,SYS,GV_$RMAN_COMPRESSION_ALGORITHM,
PUBLIC,GV$RMAN_CONFIGURATION,SYS,GV_$RMAN_CONFIGURATION,
PUBLIC,GV$RMAN_OUTPUT,SYS,GV_$RMAN_OUTPUT,
PUBLIC,GV$ROLLSTAT,SYS,GV_$ROLLSTAT,
PUBLIC,GV$RO_USER_ACCOUNT,SYS,GV_$RO_USER_ACCOUNT,
PUBLIC,GV$ROWCACHE,SYS,GV_$ROWCACHE,
PUBLIC,GV$ROWCACHE_PARENT,SYS,GV_$ROWCACHE_PARENT,
PUBLIC,GV$ROWCACHE_SUBORDINATE,SYS,GV_$ROWCACHE_SUBORDINATE,
PUBLIC,GV$RSRC_CONS_GROUP_HISTORY,SYS,GV_$RSRC_CONS_GROUP_HISTORY,
PUBLIC,GV$RSRC_CONSUMER_GROUP,SYS,GV_$RSRC_CONSUMER_GROUP,
PUBLIC,GV$RSRC_CONSUMER_GROUP_CPU_MTH,SYS,GV_$RSRC_CONSUME_GROUP_CPU_MTH,
PUBLIC,GV$RSRCMGRMETRIC,SYS,GV_$RSRCMGRMETRIC,
PUBLIC,GV$RSRCMGRMETRIC_HISTORY,SYS,GV_$RSRCMGRMETRIC_HISTORY,
PUBLIC,GV$RSRC_PDB,SYS,GV_$RSRC_PDB,
PUBLIC,GV$RSRC_PDB_HISTORY,SYS,GV_$RSRC_PDB_HISTORY,
PUBLIC,GV$RSRCPDBMETRIC,SYS,GV_$RSRCPDBMETRIC,
PUBLIC,GV$RSRCPDBMETRIC_HISTORY,SYS,GV_$RSRCPDBMETRIC_HISTORY,
PUBLIC,GV$RSRC_PLAN,SYS,GV_$RSRC_PLAN,
PUBLIC,GV$RSRC_PLAN_CPU_MTH,SYS,GV_$RSRC_PLAN_CPU_MTH,
PUBLIC,GV$RSRC_PLAN_HISTORY,SYS,GV_$RSRC_PLAN_HISTORY,
PUBLIC,GV$RSRC_SESSION_INFO,SYS,GV_$RSRC_SESSION_INFO,
PUBLIC,GV$RT_ADDM_CONTROL,SYS,GV_$RT_ADDM_CONTROL,
PUBLIC,GV$RULE,SYS,GV_$RULE,
PUBLIC,GV$RULE_SET,SYS,GV_$RULE_SET,
PUBLIC,GV$RULE_SET_AGGREGATE_STATS,SYS,GV_$RULE_SET_AGGREGATE_STATS,
PUBLIC,GV$SCHEDULER_INMEM_MDINFO,SYS,GV_$SCHEDULER_INMEM_MDINFO,
PUBLIC,GV$SCHEDULER_INMEM_RTINFO,SYS,GV_$SCHEDULER_INMEM_RTINFO,
PUBLIC,GV$SCHEDULER_RUNNING_JOBS,SYS,GV_$SCHEDULER_RUNNING_JOBS,
PUBLIC,GV$SECUREFILE_SHRINK,SYS,GV_$SECUREFILE_SHRINK,
PUBLIC,GV$SECUREFILE_TIMER,SYS,GV_$SECUREFILE_TIMER,
PUBLIC,GV$SEGMENT_STATISTICS,SYS,GV_$SEGMENT_STATISTICS,
PUBLIC,GV$SEGSPACE_USAGE,SYS,GV_$SEGSPACE_USAGE,
PUBLIC,GV$SEGSTAT,SYS,GV_$SEGSTAT,
PUBLIC,GV$SEGSTAT_NAME,SYS,GV_$SEGSTAT_NAME,
PUBLIC,GV$SERVICE_EVENT,SYS,GV_$SERVICE_EVENT,
PUBLIC,GV$SERVICEMETRIC,SYS,GV_$SERVICEMETRIC,
PUBLIC,GV$SERVICEMETRIC_HISTORY,SYS,GV_$SERVICEMETRIC_HISTORY,
PUBLIC,GV$SERVICE_REGION_METRIC,SYS,GV_$SERVICE_REGION_METRIC,
PUBLIC,GV$SERVICES,SYS,GV_$SERVICES,
PUBLIC,GV$SERVICE_STATS,SYS,GV_$SERVICE_STATS,
PUBLIC,GV$SERVICE_WAIT_CLASS,SYS,GV_$SERVICE_WAIT_CLASS,
PUBLIC,GV$SERV_MOD_ACT_STATS,SYS,GV_$SERV_MOD_ACT_STATS,
PUBLIC,GV$SES_OPTIMIZER_ENV,SYS,GV_$SES_OPTIMIZER_ENV,
PUBLIC,GV$SESS_IO,SYS,GV_$SESS_IO,
PUBLIC,GV$SESSION,SYS,GV_$SESSION,
PUBLIC,GV$SESSION_BLOCKERS,SYS,GV_$SESSION_BLOCKERS,
PUBLIC,GV$SESSION_CONNECT_INFO,SYS,GV_$SESSION_CONNECT_INFO,
PUBLIC,GV$SESSION_CURSOR_CACHE,SYS,GV_$SESSION_CURSOR_CACHE,
PUBLIC,GV$SESSION_EVENT,SYS,GV_$SESSION_EVENT,
PUBLIC,GV$SESSION_FIX_CONTROL,SYS,GV_$SESSION_FIX_CONTROL,
PUBLIC,GV$SESSION_LONGOPS,SYS,GV_$SESSION_LONGOPS,
PUBLIC,GV$SESSION_OBJECT_CACHE,SYS,GV_$SESSION_OBJECT_CACHE,
PUBLIC,GV$SESSIONS_COUNT,SYS,GV_$SESSIONS_COUNT,
PUBLIC,GV$SESSION_WAIT,SYS,GV_$SESSION_WAIT,
PUBLIC,GV$SESSION_WAIT_CLASS,SYS,GV_$SESSION_WAIT_CLASS,
PUBLIC,GV$SESSION_WAIT_HISTORY,SYS,GV_$SESSION_WAIT_HISTORY,
PUBLIC,GV$SESSMETRIC,SYS,GV_$SESSMETRIC,
PUBLIC,GV$SESSTAT,SYS,GV_$SESSTAT,
PUBLIC,GV$SESS_TIME_MODEL,SYS,GV_$SESS_TIME_MODEL,
PUBLIC,GV$SGA,SYS,GV_$SGA,
PUBLIC,GV$SGA_CURRENT_RESIZE_OPS,SYS,GV_$SGA_CURRENT_RESIZE_OPS,
PUBLIC,GV$SGA_DYNAMIC_COMPONENTS,SYS,GV_$SGA_DYNAMIC_COMPONENTS,
PUBLIC,GV$SGA_DYNAMIC_FREE_MEMORY,SYS,GV_$SGA_DYNAMIC_FREE_MEMORY,
PUBLIC,GV$SGAINFO,SYS,GV_$SGAINFO,
PUBLIC,GV$SGA_RESIZE_OPS,SYS,GV_$SGA_RESIZE_OPS,
PUBLIC,GV$SGASTAT,SYS,GV_$SGASTAT,
PUBLIC,GV$SGA_TARGET_ADVICE,SYS,GV_$SGA_TARGET_ADVICE,
PUBLIC,GV$SHADOW_DATAFILE,SYS,GV_$SHADOW_DATAFILE,
PUBLIC,GV$SHARED_POOL_ADVICE,SYS,GV_$SHARED_POOL_ADVICE,
PUBLIC,GV$SHARED_POOL_RESERVED,SYS,GV_$SHARED_POOL_RESERVED,
PUBLIC,GV$SHARED_SERVER,SYS,GV_$SHARED_SERVER,
PUBLIC,GV$SHARED_SERVER_MONITOR,SYS,GV_$SHARED_SERVER_MONITOR,
PUBLIC,GV$SHARED_SERVER_STAT,SYS,GV_$SHARED_SERVER_STAT,
PUBLIC,GV$SORT_SEGMENT,SYS,GV_$SORT_SEGMENT,
PUBLIC,GV$SORT_USAGE,SYS,GV_$SORT_USAGE,
PUBLIC,GV$SPPARAMETER,SYS,GV_$SPPARAMETER,
PUBLIC,GV$SQL,SYS,GV_$SQL,
PUBLIC,GV$SQLAREA,SYS,GV_$SQLAREA,
PUBLIC,GV$SQLAREA_PLAN_HASH,SYS,GV_$SQLAREA_PLAN_HASH,
PUBLIC,GV$SQL_BIND_CAPTURE,SYS,GV_$SQL_BIND_CAPTURE,
PUBLIC,GV$SQL_BIND_DATA,SYS,GV_$SQL_BIND_DATA,
PUBLIC,GV$SQL_BIND_METADATA,SYS,GV_$SQL_BIND_METADATA,
PUBLIC,GV$SQLCOMMAND,SYS,GV_$SQLCOMMAND,
PUBLIC,GV$SQL_CS_HISTOGRAM,SYS,GV_$SQL_CS_HISTOGRAM,
PUBLIC,GV$SQL_CS_SELECTIVITY,SYS,GV_$SQL_CS_SELECTIVITY,
PUBLIC,GV$SQL_CS_STATISTICS,SYS,GV_$SQL_CS_STATISTICS,
PUBLIC,GV$SQL_CURSOR,SYS,GV_$SQL_CURSOR,
PUBLIC,GV$SQL_DIAG_REPOSITORY,SYS,GV_$SQL_DIAG_REPOSITORY,
PUBLIC,GV$SQL_DIAG_REPOSITORY_REASON,SYS,GV_$SQL_DIAG_REPOSITORY_REASON,
PUBLIC,GV$SQL_FEATURE,SYS,GV_$SQL_FEATURE,
PUBLIC,GV$SQL_FEATURE_DEPENDENCY,SYS,GV_$SQL_FEATURE_DEPENDENCY,
PUBLIC,GV$SQL_FEATURE_HIERARCHY,SYS,GV_$SQL_FEATURE_HIERARCHY,
PUBLIC,GV$SQLFN_ARG_METADATA,SYS,GV_$SQLFN_ARG_METADATA,
PUBLIC,GV$SQLFN_METADATA,SYS,GV_$SQLFN_METADATA,
PUBLIC,GV$SQL_HINT,SYS,GV_$SQL_HINT,
PUBLIC,GV$SQL_JOIN_FILTER,SYS,GV_$SQL_JOIN_FILTER,
PUBLIC,GV$SQL_MONITOR,SYS,GV_$SQL_MONITOR,
PUBLIC,GV$SQL_MONITOR_SESSTAT,SYS,GV_$SQL_MONITOR_SESSTAT,
PUBLIC,GV$SQL_MONITOR_STATNAME,SYS,GV_$SQL_MONITOR_STATNAME,
PUBLIC,GV$SQL_OPTIMIZER_ENV,SYS,GV_$SQL_OPTIMIZER_ENV,
PUBLIC,GV$SQLPA_METRIC,SYS,GV_$SQLPA_METRIC,
PUBLIC,GV$SQL_PLAN,SYS,GV_$SQL_PLAN,
PUBLIC,GV$SQL_PLAN_MONITOR,SYS,GV_$SQL_PLAN_MONITOR,
PUBLIC,GV$SQL_PLAN_STATISTICS,SYS,GV_$SQL_PLAN_STATISTICS,
PUBLIC,GV$SQL_PLAN_STATISTICS_ALL,SYS,GV_$SQL_PLAN_STATISTICS_ALL,
PUBLIC,GV$SQL_REDIRECTION,SYS,GV_$SQL_REDIRECTION,
PUBLIC,GV$SQL_REOPTIMIZATION_HINTS,SYS,GV_$SQL_REOPTIMIZATION_HINTS,
PUBLIC,GV$SQL_SHARD,SYS,GV_$SQL_SHARD,
PUBLIC,GV$SQL_SHARED_CURSOR,SYS,GV_$SQL_SHARED_CURSOR,
PUBLIC,GV$SQL_SHARED_MEMORY,SYS,GV_$SQL_SHARED_MEMORY,
PUBLIC,GV$SQLSTATS,SYS,GV_$SQLSTATS,
PUBLIC,GV$SQLSTATS_PLAN_HASH,SYS,GV_$SQLSTATS_PLAN_HASH,
PUBLIC,GV$SQL_TESTCASES,SYS,GV_$SQL_TESTCASES,
PUBLIC,GV$SQLTEXT,SYS,GV_$SQLTEXT,
PUBLIC,GV$SQLTEXT_WITH_NEWLINES,SYS,GV_$SQLTEXT_WITH_NEWLINES,
PUBLIC,GV$SQL_WORKAREA,SYS,GV_$SQL_WORKAREA,
PUBLIC,GV$SQL_WORKAREA_ACTIVE,SYS,GV_$SQL_WORKAREA_ACTIVE,
PUBLIC,GV$SQL_WORKAREA_HISTOGRAM,SYS,GV_$SQL_WORKAREA_HISTOGRAM,
PUBLIC,GV$SSCR_SESSIONS,SYS,GV_$SSCR_SESSIONS,
PUBLIC,GV$STANDBY_LOG,SYS,GV_$STANDBY_LOG,
PUBLIC,GV$STATISTICS_LEVEL,SYS,GV_$STATISTICS_LEVEL,
PUBLIC,GV$STATNAME,SYS,GV_$STATNAME,
PUBLIC,GV$STREAMS_APPLY_COORDINATOR,SYS,GV_$STREAMS_APPLY_COORDINATOR,
PUBLIC,GV$STREAMS_APPLY_READER,SYS,GV_$STREAMS_APPLY_READER,
PUBLIC,GV$STREAMS_APPLY_SERVER,SYS,GV_$STREAMS_APPLY_SERVER,
PUBLIC,GV$STREAMS_CAPTURE,SYS,GV_$STREAMS_CAPTURE,
PUBLIC,GV$STREAMS_MESSAGE_TRACKING,SYS,GV_$STREAMS_MESSAGE_TRACKING,
PUBLIC,GV$STREAMS_POOL_ADVICE,SYS,GV_$STREAMS_POOL_ADVICE,
PUBLIC,GV$STREAMS_POOL_STATISTICS,SYS,GV_$STREAMS_POOL_STATISTICS,
PUBLIC,GV$STREAMS_TRANSACTION,SYS,GV_$STREAMS_TRANSACTION,
PUBLIC,GV$SUBCACHE,SYS,GV_$SUBCACHE,
PUBLIC,GV$SUBSCR_REGISTRATION_STATS,SYS,GV_$SUBSCR_REGISTRATION_STATS,
PUBLIC,_GV$SXGG_APPLY_COORDINATOR,SYS,_GV$SXGG_APPLY_COORDINATOR,
PUBLIC,_GV$SXGG_APPLY_READER,SYS,_GV$SXGG_APPLY_READER,
PUBLIC,_GV$SXGG_APPLY_SERVER,SYS,_GV$SXGG_APPLY_SERVER,
PUBLIC,_GV$SXGG_CAPTURE,SYS,_GV$SXGG_CAPTURE,
PUBLIC,_GV$SXGG_MESSAGE_TRACKING,SYS,_GV$SXGG_MESSAGE_TRACKING,
PUBLIC,_GV$SXGG_TRANSACTION,SYS,_GV$SXGG_TRANSACTION,
PUBLIC,GV$SYSAUX_OCCUPANTS,SYS,GV_$SYSAUX_OCCUPANTS,
PUBLIC,GV$SYSMETRIC,SYS,GV_$SYSMETRIC,
PUBLIC,GV$SYSMETRIC_HISTORY,SYS,GV_$SYSMETRIC_HISTORY,
PUBLIC,GV$SYSMETRIC_SUMMARY,SYS,GV_$SYSMETRIC_SUMMARY,
PUBLIC,GV$SYS_OPTIMIZER_ENV,SYS,GV_$SYS_OPTIMIZER_ENV,
PUBLIC,GV$SYS_REPORT_REQUESTS,SYS,GV_$SYS_REPORT_REQUESTS,
PUBLIC,GV$SYS_REPORT_STATS,SYS,GV_$SYS_REPORT_STATS,
PUBLIC,GV$SYSSTAT,SYS,GV_$SYSSTAT,
PUBLIC,GV$SYSTEM_CURSOR_CACHE,SYS,GV_$SYSTEM_CURSOR_CACHE,
PUBLIC,GV$SYSTEM_EVENT,SYS,GV_$SYSTEM_EVENT,
PUBLIC,GV$SYSTEM_FIX_CONTROL,SYS,GV_$SYSTEM_FIX_CONTROL,
PUBLIC,GV$SYSTEM_PARAMETER,SYS,GV_$SYSTEM_PARAMETER,
PUBLIC,GV$SYSTEM_PARAMETER2,SYS,GV_$SYSTEM_PARAMETER2,
PUBLIC,GV$SYSTEM_RESET_PARAMETER,SYS,GV_$SYSTEM_RESET_PARAMETER,
PUBLIC,GV$SYSTEM_RESET_PARAMETER2,SYS,GV_$SYSTEM_RESET_PARAMETER2,
PUBLIC,GV$SYSTEM_WAIT_CLASS,SYS,GV_$SYSTEM_WAIT_CLASS,
PUBLIC,GV$SYS_TIME_MODEL,SYS,GV_$SYS_TIME_MODEL,
PUBLIC,GV$TABLESPACE,SYS,GV_$TABLESPACE,
PUBLIC,GV$TEMP_CACHE_TRANSFER,SYS,GV_$TEMP_CACHE_TRANSFER,
PUBLIC,GV$TEMP_EXTENT_MAP,SYS,GV_$TEMP_EXTENT_MAP,
PUBLIC,GV$TEMP_EXTENT_POOL,SYS,GV_$TEMP_EXTENT_POOL,
PUBLIC,GV$TEMPFILE,SYS,GV_$TEMPFILE,
PUBLIC,GV$TEMPFILE_INFO_INSTANCE,SYS,GV_$TEMPFILE_INFO_INSTANCE,
PUBLIC,GV$TEMPORARY_LOBS,SYS,GV_$TEMPORARY_LOBS,
PUBLIC,GV$TEMP_PING,SYS,GV_$TEMP_PING,
PUBLIC,GV$TEMPSEG_USAGE,SYS,GV_$SORT_USAGE,
PUBLIC,GV$TEMP_SPACE_HEADER,SYS,GV_$TEMP_SPACE_HEADER,
PUBLIC,GV$TEMPSTAT,SYS,GV_$TEMPSTAT,
PUBLIC,GV$TEMPUNDOSTAT,SYS,GV_$TEMPUNDOSTAT,
PUBLIC,GV$THREAD,SYS,GV_$THREAD,
PUBLIC,GV$THRESHOLD_TYPES,SYS,GV_$THRESHOLD_TYPES,
PUBLIC,GV$TIMER,SYS,GV_$TIMER,
PUBLIC,GV$TIMEZONE_FILE,SYS,GV_$TIMEZONE_FILE,
PUBLIC,GV$TIMEZONE_NAMES,SYS,GV_$TIMEZONE_NAMES,
PUBLIC,GV$TOPLEVELCALL,SYS,GV_$TOPLEVELCALL,
PUBLIC,GV$TRANSACTION,SYS,GV_$TRANSACTION,
PUBLIC,GV$TRANSACTION_ENQUEUE,SYS,GV_$TRANSACTION_ENQUEUE,
PUBLIC,GV$TRANSPORTABLE_PLATFORM,SYS,GV_$TRANSPORTABLE_PLATFORM,
PUBLIC,GV$TSDP_SUPPORTED_FEATURE,SYS,GV_$TSDP_SUPPORTED_FEATURE,
PUBLIC,GV$TSM_SESSIONS,SYS,GV_$TSM_SESSIONS,
PUBLIC,GV$TYPE_SIZE,SYS,GV_$TYPE_SIZE,
PUBLIC,GV$UNDOSTAT,SYS,GV_$UNDOSTAT,
PUBLIC,GV$UNIFIED_AUDIT_TRAIL,SYS,GV_$UNIFIED_AUDIT_TRAIL,
PUBLIC,GV$VERSION,SYS,GV_$VERSION,
PUBLIC,GV$VPD_POLICY,SYS,GV_$VPD_POLICY,
PUBLIC,GV$WAITCLASSMETRIC,SYS,GV_$WAITCLASSMETRIC,
PUBLIC,GV$WAITCLASSMETRIC_HISTORY,SYS,GV_$WAITCLASSMETRIC_HISTORY,
PUBLIC,GV$WAITSTAT,SYS,GV_$WAITSTAT,
PUBLIC,GV$WALLET,SYS,GV_$WALLET,
PUBLIC,GV$WLM_DB_MODE,SYS,GV_$WLM_DB_MODE,
PUBLIC,GV$WLM_PCMETRIC,SYS,GV_$WLM_PCMETRIC,
PUBLIC,GV$WLM_PCMETRIC_HISTORY,SYS,GV_$WLM_PCMETRIC_HISTORY,
PUBLIC,GV$WLM_PCSERVICE,SYS,GV_$WLM_PCSERVICE,
PUBLIC,GV$WLM_PC_STATS,SYS,GV_$WLM_PC_STATS,
PUBLIC,GV$WORKLOAD_REPLAY_THREAD,SYS,GV_$WORKLOAD_REPLAY_THREAD,
PUBLIC,GV$XML_AUDIT_TRAIL,SYS,GV_$XML_AUDIT_TRAIL,
PUBLIC,GV$XS_SESSION_NS_ATTRIBUTE,SYS,GV_$XS_SESSION_NS_ATTRIBUTES,
PUBLIC,GV$XS_SESSION_NS_ATTRIBUTES,SYS,GV_$XS_SESSION_NS_ATTRIBUTES,
PUBLIC,GV$XS_SESSION_ROLE,SYS,GV_$XS_SESSION_ROLES,
PUBLIC,GV$XS_SESSION_ROLES,SYS,GV_$XS_SESSION_ROLES,
PUBLIC,GV$XS_SESSIONS,SYS,GV_$XS_SESSIONS,
PUBLIC,GV$XSTREAM_APPLY_COORDINATOR,SYS,GV_$XSTREAM_APPLY_COORDINATOR,
PUBLIC,GV$XSTREAM_APPLY_READER,SYS,GV_$XSTREAM_APPLY_READER,
PUBLIC,GV$XSTREAM_APPLY_RECEIVER,SYS,GV_$XSTREAM_APPLY_RECEIVER,
PUBLIC,GV$XSTREAM_APPLY_SERVER,SYS,GV_$XSTREAM_APPLY_SERVER,
PUBLIC,GV$XSTREAM_CAPTURE,SYS,GV_$XSTREAM_CAPTURE,
PUBLIC,GV$XSTREAM_MESSAGE_TRACKING,SYS,GV_$XSTREAM_MESSAGE_TRACKING,
PUBLIC,GV$XSTREAM_OUTBOUND_SERVER,SYS,GV_$XSTREAM_OUTBOUND_SERVER,
PUBLIC,GV$XSTREAM_TABLE_STATS,SYS,GV_$XSTREAM_TABLE_STATS,
PUBLIC,GV$XSTREAM_TRANSACTION,SYS,GV_$XSTREAM_TRANSACTION,
PUBLIC,GV$ZONEMAP_USAGE_STATS,SYS,GV_$ZONEMAP_USAGE_STATS,
PUBLIC,HHAND,MDSYS,HHAND,
PUBLIC,HHBYTELEN,MDSYS,HHBYTELEN,
PUBLIC,HHCBIT,MDSYS,HHCBIT,
PUBLIC,HHCELLBNDRY,MDSYS,HHCELLBNDRY,
PUBLIC,HHCELLSIZE,MDSYS,HHCELLSIZE,
PUBLIC,HHCLDATE,MDSYS,HHCLDATE,
PUBLIC,HHCOLLAPSE,MDSYS,HHCOLLAPSE,
PUBLIC,HHCOMMONCODE,MDSYS,HHCOMMONCODE,
PUBLIC,HHCOMPARE,MDSYS,HHCOMPARE,
PUBLIC,HHCOMPOSE,MDSYS,HHCOMPOSE,
PUBLIC,HHDECODE,MDSYS,HHDECODE,
PUBLIC,HHDISTANCE,MDSYS,HHDISTANCE,
PUBLIC,HHENCODE,MDSYS,HHENCODE,
PUBLIC,HHENCODE_BYLEVEL,MDSYS,HHENCODE_BYLEVEL,
PUBLIC,HHGBIT,MDSYS,HHGBIT,
PUBLIC,HHGETCID,MDSYS,HHGETCID,
PUBLIC,HHGROUP,MDSYS,HHGROUP,
PUBLIC,HHGTBIT,MDSYS,HHGTBIT,
PUBLIC,HHGTYPE,MDSYS,HHGTYPE,
PUBLIC,HHIDLPART,MDSYS,HHIDLPART,
PUBLIC,HHIDPART,MDSYS,HHIDPART,
PUBLIC,HHINCRLEV,MDSYS,HHINCRLEV,
PUBLIC,HHJLDATE,MDSYS,HHJLDATE,
PUBLIC,HHLENGTH,MDSYS,HHLENGTH,
PUBLIC,HHLEVELS,MDSYS,HHLEVELS,
PUBLIC,HHMATCH,MDSYS,HHMATCH,
PUBLIC,HHMAXCODE,MDSYS,HHMAXCODE,
PUBLIC,HHNCOMPARE,MDSYS,HHNCOMPARE,
PUBLIC,HHNDIM,MDSYS,HHNDIM,
PUBLIC,HHOR,MDSYS,HHOR,
PUBLIC,HHORDER,MDSYS,HHORDER,
PUBLIC,HHPRECISION,MDSYS,HHPRECISION,
PUBLIC,HHSBIT,MDSYS,HHSBIT,
PUBLIC,HHSETCID,MDSYS,HHSETCID,
PUBLIC,HHSTBIT,MDSYS,HHSTBIT,
PUBLIC,HHSTYPE,MDSYS,HHSTYPE,
PUBLIC,HHSUBDIVIDE,MDSYS,HHSUBDIVIDE,
PUBLIC,HHSUBSTR,MDSYS,HHSUBSTR,
PUBLIC,HHXOR,MDSYS,HHXOR,
PUBLIC,HS_ALL_CAPS,SYS,HS_ALL_CAPS,
PUBLIC,HS_ALL_DD,SYS,HS_ALL_DD,
PUBLIC,HS_ALL_INITS,SYS,HS_ALL_INITS,
PUBLIC,HS_BASE_CAPS,SYS,HS_BASE_CAPS,
PUBLIC,HS_BASE_DD,SYS,HS_BASE_DD,
PUBLIC,HS_CLASS_CAPS,SYS,HS_CLASS_CAPS,
PUBLIC,HS_CLASS_DD,SYS,HS_CLASS_DD,
PUBLIC,HS_CLASS_INIT,SYS,HS_CLASS_INIT,
PUBLIC,HS_FDS_CLASS,SYS,HS_FDS_CLASS,
PUBLIC,HS_FDS_CLASS_DATE,SYS,HS_FDS_CLASS_DATE,
PUBLIC,HS_FDS_INST,SYS,HS_FDS_INST,
PUBLIC,HS_INST_CAPS,SYS,HS_INST_CAPS,
PUBLIC,HS_INST_DD,SYS,HS_INST_DD,
PUBLIC,HS_INST_INIT,SYS,HS_INST_INIT,
PUBLIC,HTF,SYS,HTF,
PUBLIC,HTP,SYS,HTP,
PUBLIC,HTTPClient/AuthenticationScheme,SYS,HTTPClient/AuthenticationScheme,
PUBLIC,HTTPClient/AuthenticationSchemeBase,SYS,HTTPClient/AuthenticationSchemeBase,
PUBLIC,HTTPClient/AuthenticationSchemeRegistry,SYS,HTTPClient/AuthenticationSchemeRegistry,
PUBLIC,HTTPClient/AuthenticationSchemeRegistryHolder,SYS,HTTPClient/AuthenticationSchemeRegistryHolder,
PUBLIC,HTTPClient/AuthenticationSchemeRegistry$PropertyInitializer_AuthenticationSchemes,SYS,HTTPClient/AuthenticationSchemeRegistry$PropertyInitializer_AuthenticationSchemes,
PUBLIC,HTTPClient/AuthorizationHandler,SYS,HTTPClient/AuthorizationHandler,
PUBLIC,HTTPClient/AuthorizationInfo,SYS,HTTPClient/AuthorizationInfo,
PUBLIC,HTTPClient/AuthorizationInfo$MutableStatics,SYS,HTTPClient/AuthorizationInfo$MutableStatics,
PUBLIC,HTTPClient/AuthorizationInfo$1,SYS,HTTPClient/AuthorizationInfo$1,
PUBLIC,HTTPClient/AuthorizationModule,SYS,HTTPClient/AuthorizationModule,
PUBLIC,HTTPClient/AuthorizationModule$MutableStatics,SYS,HTTPClient/AuthorizationModule$MutableStatics,
PUBLIC,HTTPClient/AuthorizationPrompter,SYS,HTTPClient/AuthorizationPrompter,
PUBLIC,HTTPClient/AuthSchemeNotImplException,SYS,HTTPClient/AuthSchemeNotImplException,
PUBLIC,HTTPClient/Base64Encoder,SYS,HTTPClient/Base64Encoder,
PUBLIC,HTTPClient/BasicCookieBox,SYS,HTTPClient/BasicCookieBox,
PUBLIC,HTTPClient/BasicCookieBox$Accept,SYS,HTTPClient/BasicCookieBox$Accept,
PUBLIC,HTTPClient/BasicCookieBox$AcceptDomain,SYS,HTTPClient/BasicCookieBox$AcceptDomain,
PUBLIC,HTTPClient/BasicCookieBox$Close,SYS,HTTPClient/BasicCookieBox$Close,
PUBLIC,HTTPClient/BasicCookieBox$Reject,SYS,HTTPClient/BasicCookieBox$Reject,
PUBLIC,HTTPClient/BasicCookieBox$RejectDomain,SYS,HTTPClient/BasicCookieBox$RejectDomain,
PUBLIC,HTTPClient/BasicCookieBox$1,SYS,HTTPClient/BasicCookieBox$1,
PUBLIC,HTTPClient/BufferedInputStream,SYS,HTTPClient/BufferedInputStream,
PUBLIC,HTTPClient/CachedConfigAction,SYS,HTTPClient/CachedConfigAction,
PUBLIC,HTTPClient/CachedConfigActionException,SYS,HTTPClient/CachedConfigActionException,
PUBLIC,HTTPClient/CachedConfigExceptionAction,SYS,HTTPClient/CachedConfigExceptionAction,
PUBLIC,HTTPClient/ChunkedInputStream,SYS,HTTPClient/ChunkedInputStream,
PUBLIC,HTTPClient/ChunkedTransferEncoder,SYS,HTTPClient/ChunkedTransferEncoder,
PUBLIC,HTTPClient/CIHashtable,SYS,HTTPClient/CIHashtable,
PUBLIC,HTTPClient/CIHashtableEnumeration,SYS,HTTPClient/CIHashtableEnumeration,
PUBLIC,HTTPClient/CIString,SYS,HTTPClient/CIString,
PUBLIC,HTTPClient/ClassDetector,SYS,HTTPClient/ClassDetector,
PUBLIC,HTTPClient/Codecs,SYS,HTTPClient/Codecs,
PUBLIC,HTTPClient/config/CommonCollectionWrappers,SYS,HTTPClient/config/CommonCollectionWrappers,
PUBLIC,HTTPClient/config/CommonCollectionWrappers$List_NVPair,SYS,HTTPClient/config/CommonCollectionWrappers$List_NVPair,
PUBLIC,HTTPClient/config/CommonCollectionWrappers$List_String,SYS,HTTPClient/config/CommonCollectionWrappers$List_String,
PUBLIC,HTTPClient/config/CommonPropertyInitializers,SYS,HTTPClient/config/CommonPropertyInitializers,
PUBLIC,HTTPClient/config/CommonPropertyInitializers$NewInstance,SYS,HTTPClient/config/CommonPropertyInitializers$NewInstance,
PUBLIC,HTTPClient/config/CommonPropertyInitializers$NewInstance$1,SYS,HTTPClient/config/CommonPropertyInitializers$NewInstance$1,
PUBLIC,HTTPClient/config/CommonPropertyInitializers$NewInstance$2,SYS,HTTPClient/config/CommonPropertyInitializers$NewInstance$2,
PUBLIC,HTTPClient/config/CommonPropertyInitializers$SetNull_ifEmptyString,SYS,HTTPClient/config/CommonPropertyInitializers$SetNull_ifEmptyString,
PUBLIC,HTTPClient/config/CommonPropertyInitializers$SetReadOnlyStringList_fromDelimitedString,SYS,HTTPClient/config/CommonPropertyInitializers$SetReadOnlyStringList_fromDelimitedString,
PUBLIC,HTTPClient/config/Configuration,SYS,HTTPClient/config/Configuration,
PUBLIC,HTTPClient/config/ConfigurationContextProvider,SYS,HTTPClient/config/ConfigurationContextProvider,
PUBLIC,HTTPClient/config/ConfigurationFactory,SYS,HTTPClient/config/ConfigurationFactory,
PUBLIC,HTTPClient/config/ConfigurationFactory$ContextRemovalListenerImpl,SYS,HTTPClient/config/ConfigurationFactory$ContextRemovalListenerImpl,
PUBLIC,HTTPClient/config/ConfigurationFactory$1,SYS,HTTPClient/config/ConfigurationFactory$1,
PUBLIC,HTTPClient/config/ConfigurationTemplate,SYS,HTTPClient/config/ConfigurationTemplate,
PUBLIC,HTTPClient/config/ContextRemovalListener,SYS,HTTPClient/config/ContextRemovalListener,
PUBLIC,HTTPClient/config/HTTPClientProperties,SYS,HTTPClient/config/HTTPClientProperties,
PUBLIC,HTTPClient/config/HTTPClientProperties$Prop,SYS,HTTPClient/config/HTTPClientProperties$Prop,
PUBLIC,HTTPClient/config/HTTPClientProperties$SysProp,SYS,HTTPClient/config/HTTPClientProperties$SysProp,
PUBLIC,HTTPClient/config/HTTPClientProperties$SysPropName,SYS,HTTPClient/config/HTTPClientProperties$SysPropName,
PUBLIC,HTTPClient/config/JRFContextProvider,SYS,HTTPClient/config/JRFContextProvider,
PUBLIC,HTTPClient/config/JRFContextProvider$AppUndeployDetector,SYS,HTTPClient/config/JRFContextProvider$AppUndeployDetector,
PUBLIC,HTTPClient/config/JRFContextProvider$AppUndeployDetectorMXBean,SYS,HTTPClient/config/JRFContextProvider$AppUndeployDetectorMXBean,
PUBLIC,HTTPClient/config/JRFContextProvider$1,SYS,HTTPClient/config/JRFContextProvider$1,
PUBLIC,HTTPClient/config/JVMSystemPropertiesProvider,SYS,HTTPClient/config/JVMSystemPropertiesProvider,
PUBLIC,HTTPClient/config/JVMSystemPropertiesProvider$1,SYS,HTTPClient/config/JVMSystemPropertiesProvider$1,
PUBLIC,HTTPClient/config/JVMSystemPropertiesProvider$2,SYS,HTTPClient/config/JVMSystemPropertiesProvider$2,
PUBLIC,HTTPClient/config/OC4JContextProvider,SYS,HTTPClient/config/OC4JContextProvider,
PUBLIC,HTTPClient/config/OC4JContextProvider$1,SYS,HTTPClient/config/OC4JContextProvider$1,
PUBLIC,HTTPClient/config/OC4JContextProvider$2,SYS,HTTPClient/config/OC4JContextProvider$2,
PUBLIC,HTTPClient/config/Property,SYS,HTTPClient/config/Property,
PUBLIC,HTTPClient/config/PropertyInitializer,SYS,HTTPClient/config/PropertyInitializer,
PUBLIC,HTTPClient/config/SystemPropertiesProvider,SYS,HTTPClient/config/SystemPropertiesProvider,
PUBLIC,HTTPClient/config/SystemProperty,SYS,HTTPClient/config/SystemProperty,
PUBLIC,HTTPClient/config/SystemPropertyInitializer,SYS,HTTPClient/config/SystemPropertyInitializer,
PUBLIC,HTTPClient/config/SystemPropertyInitializer$Boolean,SYS,HTTPClient/config/SystemPropertyInitializer$Boolean,
PUBLIC,HTTPClient/config/SystemPropertyInitializer$Byte,SYS,HTTPClient/config/SystemPropertyInitializer$Byte,
PUBLIC,HTTPClient/config/SystemPropertyInitializer$Double,SYS,HTTPClient/config/SystemPropertyInitializer$Double,
PUBLIC,HTTPClient/config/SystemPropertyInitializer$Float,SYS,HTTPClient/config/SystemPropertyInitializer$Float,
PUBLIC,HTTPClient/config/SystemPropertyInitializer$Integer,SYS,HTTPClient/config/SystemPropertyInitializer$Integer,
PUBLIC,HTTPClient/config/SystemPropertyInitializer$Long,SYS,HTTPClient/config/SystemPropertyInitializer$Long,
PUBLIC,HTTPClient/config/SystemPropertyInitializer$Short,SYS,HTTPClient/config/SystemPropertyInitializer$Short,
PUBLIC,HTTPClient/config/SystemPropertyInitializer$String,SYS,HTTPClient/config/SystemPropertyInitializer$String,
PUBLIC,HTTPClient/config/SystemPropertyInitializer$1,SYS,HTTPClient/config/SystemPropertyInitializer$1,
PUBLIC,HTTPClient/ContentEncodingModule,SYS,HTTPClient/ContentEncodingModule,
PUBLIC,HTTPClient/ContentMD5Module,SYS,HTTPClient/ContentMD5Module,
PUBLIC,HTTPClient/Cookie,SYS,HTTPClient/Cookie,
PUBLIC,HTTPClient/CookieModule,SYS,HTTPClient/CookieModule,
PUBLIC,HTTPClient/CookieModule$MutableStatics,SYS,HTTPClient/CookieModule$MutableStatics,
PUBLIC,HTTPClient/CookieModule$PersistedCookiesPathPropertyInitializer,SYS,HTTPClient/CookieModule$PersistedCookiesPathPropertyInitializer,
PUBLIC,HTTPClient/CookieModule$SaveCookiesShutdownHook,SYS,HTTPClient/CookieModule$SaveCookiesShutdownHook,
PUBLIC,HTTPClient/CookiePolicyHandler,SYS,HTTPClient/CookiePolicyHandler,
PUBLIC,HTTPClient/Cookie2,SYS,HTTPClient/Cookie2,
PUBLIC,HTTPClient/crypto/MD4,SYS,HTTPClient/crypto/MD4,
PUBLIC,HTTPClient/crypto/MD4$MD4State,SYS,HTTPClient/crypto/MD4$MD4State,
PUBLIC,HTTPClient/DefaultAuthHandler,SYS,HTTPClient/DefaultAuthHandler,
PUBLIC,HTTPClient/DefaultAuthHandler$MutableStatics,SYS,HTTPClient/DefaultAuthHandler$MutableStatics,
PUBLIC,HTTPClient/DefaultAuthHandler$1,SYS,HTTPClient/DefaultAuthHandler$1,
PUBLIC,HTTPClient/DefaultCookiePolicyHandler,SYS,HTTPClient/DefaultCookiePolicyHandler,
PUBLIC,HTTPClient/DefaultModule,SYS,HTTPClient/DefaultModule,
PUBLIC,HTTPClient/ExecutionContextModule,SYS,HTTPClient/ExecutionContextModule,
PUBLIC,HTTPClient/FilenameMangler,SYS,HTTPClient/FilenameMangler,
PUBLIC,HTTPClient/GlobalConstants,SYS,HTTPClient/GlobalConstants,
PUBLIC,HTTPClient/HashVerifier,SYS,HTTPClient/HashVerifier,
PUBLIC,HTTPClient/HttpClientConfiguration,SYS,HTTPClient/HttpClientConfiguration,
PUBLIC,HTTPClient/HttpClientConfiguration$1,SYS,HTTPClient/HttpClientConfiguration$1,
PUBLIC,HTTPClient/HttpClientLoggerFactory,SYS,HTTPClient/HttpClientLoggerFactory,
PUBLIC,HTTPClient/HttpClientLoggerFactory$1,SYS,HTTPClient/HttpClientLoggerFactory$1,
PUBLIC,HTTPClient/HttpClientLoggerFactory$2,SYS,HTTPClient/HttpClientLoggerFactory$2,
PUBLIC,HTTPClient/HTTPClientModule,SYS,HTTPClient/HTTPClientModule,
PUBLIC,HTTPClient/HTTPClientModuleConstants,SYS,HTTPClient/HTTPClientModuleConstants,
PUBLIC,HTTPClient/HttpClientSimpleFormatter,SYS,HTTPClient/HttpClientSimpleFormatter,
PUBLIC,HTTPClient/HttpClientSimpleFormatter$1,SYS,HTTPClient/HttpClientSimpleFormatter$1,
PUBLIC,HTTPClient/HTTPClientSSL,SYS,HTTPClient/HTTPClientSSL,
PUBLIC,HTTPClient/HTTPClientSSLFactory,SYS,HTTPClient/HTTPClientSSLFactory,
PUBLIC,HTTPClient/HTTPClientSSLFactory$MutableStatics,SYS,HTTPClient/HTTPClientSSLFactory$MutableStatics,
PUBLIC,HTTPClient/HTTPConnection,SYS,HTTPClient/HTTPConnection,
PUBLIC,HTTPClient/HTTPConnection$EstablishConnection,SYS,HTTPClient/HTTPConnection$EstablishConnection,
PUBLIC,HTTPClient/HTTPConnection$EstablishConnection$1,SYS,HTTPClient/HTTPConnection$EstablishConnection$1,
PUBLIC,HTTPClient/HTTPConnection$EstablishConnection$2,SYS,HTTPClient/HTTPConnection$EstablishConnection$2,
PUBLIC,HTTPClient/HTTPConnection$HostAddressFormat,SYS,HTTPClient/HTTPConnection$HostAddressFormat,
PUBLIC,HTTPClient/HTTPConnection$MutableStatics,SYS,HTTPClient/HTTPConnection$MutableStatics,
PUBLIC,HTTPClient/HTTPConnection$NonProxyHostsPropertyInitializer,SYS,HTTPClient/HTTPConnection$NonProxyHostsPropertyInitializer,
PUBLIC,HTTPClient/HTTPConnection$1,SYS,HTTPClient/HTTPConnection$1,
PUBLIC,HTTPClient/HTTPConnection$10,SYS,HTTPClient/HTTPConnection$10,
PUBLIC,HTTPClient/HTTPConnection$11,SYS,HTTPClient/HTTPConnection$11,
PUBLIC,HTTPClient/HTTPConnection$12,SYS,HTTPClient/HTTPConnection$12,
PUBLIC,HTTPClient/HTTPConnection$13,SYS,HTTPClient/HTTPConnection$13,
PUBLIC,HTTPClient/HTTPConnection$14,SYS,HTTPClient/HTTPConnection$14,
PUBLIC,HTTPClient/HTTPConnection$15,SYS,HTTPClient/HTTPConnection$15,
PUBLIC,HTTPClient/HTTPConnection$16,SYS,HTTPClient/HTTPConnection$16,
PUBLIC,HTTPClient/HTTPConnection$17,SYS,HTTPClient/HTTPConnection$17,
PUBLIC,HTTPClient/HTTPConnection$18,SYS,HTTPClient/HTTPConnection$18,
PUBLIC,HTTPClient/HTTPConnection$19,SYS,HTTPClient/HTTPConnection$19,
PUBLIC,HTTPClient/HTTPConnection$2,SYS,HTTPClient/HTTPConnection$2,
PUBLIC,HTTPClient/HTTPConnection$20,SYS,HTTPClient/HTTPConnection$20,
PUBLIC,HTTPClient/HTTPConnection$21,SYS,HTTPClient/HTTPConnection$21,
PUBLIC,HTTPClient/HTTPConnection$22,SYS,HTTPClient/HTTPConnection$22,
PUBLIC,HTTPClient/HTTPConnection$23,SYS,HTTPClient/HTTPConnection$23,
PUBLIC,HTTPClient/HTTPConnection$24,SYS,HTTPClient/HTTPConnection$24,
PUBLIC,HTTPClient/HTTPConnection$3,SYS,HTTPClient/HTTPConnection$3,
PUBLIC,HTTPClient/HTTPConnection$4,SYS,HTTPClient/HTTPConnection$4,
PUBLIC,HTTPClient/HTTPConnection$5,SYS,HTTPClient/HTTPConnection$5,
PUBLIC,HTTPClient/HTTPConnection$6,SYS,HTTPClient/HTTPConnection$6,
PUBLIC,HTTPClient/HTTPConnection$7,SYS,HTTPClient/HTTPConnection$7,
PUBLIC,HTTPClient/HTTPConnection$8,SYS,HTTPClient/HTTPConnection$8,
PUBLIC,HTTPClient/HTTPConnection$9,SYS,HTTPClient/HTTPConnection$9,
PUBLIC,HTTPClient/http/Handler,SYS,HTTPClient/http/Handler,
PUBLIC,HTTPClient/HttpHeaderElement,SYS,HTTPClient/HttpHeaderElement,
PUBLIC,HTTPClient/HttpOutputStream,SYS,HTTPClient/HttpOutputStream,
PUBLIC,HTTPClient/HttpOutputStream$1,SYS,HTTPClient/HttpOutputStream$1,
PUBLIC,HTTPClient/HTTPResponse,SYS,HTTPClient/HTTPResponse,
PUBLIC,HTTPClient/HTTPResponse$1,SYS,HTTPClient/HTTPResponse$1,
PUBLIC,HTTPClient/HTTPResponse$2,SYS,HTTPClient/HTTPResponse$2,
PUBLIC,HTTPClient/https/Handler,SYS,HTTPClient/https/Handler,
PUBLIC,HTTPClient/HttpURLConnection,SYS,HTTPClient/HttpURLConnection,
PUBLIC,HTTPClient/HttpURLConnection$MutableStatics,SYS,HTTPClient/HttpURLConnection$MutableStatics,
PUBLIC,HTTPClient/HttpURLConnection$MutableStatics$1,SYS,HTTPClient/HttpURLConnection$MutableStatics$1,
PUBLIC,HTTPClient/HttpURLConnection$MutableStatics$1$1,SYS,HTTPClient/HttpURLConnection$MutableStatics$1$1,
PUBLIC,HTTPClient/HttpURLConnection$1,SYS,HTTPClient/HttpURLConnection$1,
PUBLIC,HTTPClient/HttpURLConnection$2,SYS,HTTPClient/HttpURLConnection$2,
PUBLIC,HTTPClient/HttpURLConnection$3,SYS,HTTPClient/HttpURLConnection$3,
PUBLIC,HTTPClient/IdempotentSequence,SYS,HTTPClient/IdempotentSequence,
PUBLIC,HTTPClient/IPushBackInputStream,SYS,HTTPClient/IPushBackInputStream,
PUBLIC,HTTPClient/i18n/HTTPClientMessageBundle,SYS,HTTPClient/i18n/HTTPClientMessageBundle,
PUBLIC,HTTPClient/i18n/HTTPClientMessageBundle_de,SYS,HTTPClient/i18n/HTTPClientMessageBundle_de,
PUBLIC,HTTPClient/i18n/HTTPClientMessageBundle_es,SYS,HTTPClient/i18n/HTTPClientMessageBundle_es,
PUBLIC,HTTPClient/i18n/HTTPClientMessageBundle_fr,SYS,HTTPClient/i18n/HTTPClientMessageBundle_fr,
PUBLIC,HTTPClient/i18n/HTTPClientMessageBundle_it,SYS,HTTPClient/i18n/HTTPClientMessageBundle_it,
PUBLIC,HTTPClient/i18n/HTTPClientMessageBundle_ja,SYS,HTTPClient/i18n/HTTPClientMessageBundle_ja,
PUBLIC,HTTPClient/i18n/HTTPClientMessageBundle_ko,SYS,HTTPClient/i18n/HTTPClientMessageBundle_ko,
PUBLIC,HTTPClient/i18n/HTTPClientMessageBundle_pt_BR,SYS,HTTPClient/i18n/HTTPClientMessageBundle_pt_BR,
PUBLIC,HTTPClient/i18n/HTTPClientMessageBundle_zh_CN,SYS,HTTPClient/i18n/HTTPClientMessageBundle_zh_CN,
PUBLIC,HTTPClient/i18n/HTTPClientMessageBundle_zh_TW,SYS,HTTPClient/i18n/HTTPClientMessageBundle_zh_TW,
PUBLIC,HTTPClient/i18n/HTTPClientMessageID,SYS,HTTPClient/i18n/HTTPClientMessageID,
PUBLIC,HTTPClient/i18n/HTTPClientMessages,SYS,HTTPClient/i18n/HTTPClientMessages,
PUBLIC,HTTPClient/i18n/MessageBundleBase,SYS,HTTPClient/i18n/MessageBundleBase,
PUBLIC,HTTPClient/i18n/MessageBundleBase$1,SYS,HTTPClient/i18n/MessageBundleBase$1,
PUBLIC,HTTPClient/JsseSSL,SYS,HTTPClient/JsseSSL,
PUBLIC,HTTPClient/loadbalance/LoadBalanceEndpoint,SYS,HTTPClient/loadbalance/LoadBalanceEndpoint,
PUBLIC,HTTPClient/loadbalance/LoadBalanceEndpointBase,SYS,HTTPClient/loadbalance/LoadBalanceEndpointBase,
PUBLIC,HTTPClient/loadbalance/LoadBalanceEndpointBase$Builder,SYS,HTTPClient/loadbalance/LoadBalanceEndpointBase$Builder,
PUBLIC,HTTPClient/loadbalance/LoadBalanceProvider,SYS,HTTPClient/loadbalance/LoadBalanceProvider,
PUBLIC,HTTPClient/loadbalance/LoadBalanceProviderBase,SYS,HTTPClient/loadbalance/LoadBalanceProviderBase,
PUBLIC,HTTPClient/loadbalance/LoadBalanceProviderFactory,SYS,HTTPClient/loadbalance/LoadBalanceProviderFactory,
PUBLIC,HTTPClient/loadbalance/LoadBalanceProvider$LoadBalanceMethod,SYS,HTTPClient/loadbalance/LoadBalanceProvider$LoadBalanceMethod,
PUBLIC,HTTPClient/loadbalance/LoadBalanceProvider$SupportedProtocol,SYS,HTTPClient/loadbalance/LoadBalanceProvider$SupportedProtocol,
PUBLIC,HTTPClient/loadbalance/PropertyLoadBalanceProvider,SYS,HTTPClient/loadbalance/PropertyLoadBalanceProvider,
PUBLIC,HTTPClient/loadbalance/PropertyLoadBalanceProvider$List_LoadBalanceEndpoint,SYS,HTTPClient/loadbalance/PropertyLoadBalanceProvider$List_LoadBalanceEndpoint,
PUBLIC,HTTPClient/loadbalance/PropertyLoadBalanceProvider$PropertyInitializer_DefaultLoadBalanceMethod,SYS,HTTPClient/loadbalance/PropertyLoadBalanceProvider$PropertyInitializer_DefaultLoadBalanceMethod,
PUBLIC,HTTPClient/loadbalance/PropertyLoadBalanceProvider$PropertyInitializer_LoadBalanceServerClusters,SYS,HTTPClient/loadbalance/PropertyLoadBalanceProvider$PropertyInitializer_LoadBalanceServerClusters,
PUBLIC,HTTPClient/loadbalance/PropertyLoadBalanceProvider$VirtualServerEndpoints,SYS,HTTPClient/loadbalance/PropertyLoadBalanceProvider$VirtualServerEndpoints,
PUBLIC,HTTPClient/loadbalance/PropertyLoadBalanceProvider$1,SYS,HTTPClient/loadbalance/PropertyLoadBalanceProvider$1,
PUBLIC,HTTPClient/loadbalance/ProviderUnavailableException,SYS,HTTPClient/loadbalance/ProviderUnavailableException,
PUBLIC,HTTPClient/MD5,SYS,HTTPClient/MD5,
PUBLIC,HTTPClient/MD5InputStream,SYS,HTTPClient/MD5InputStream,
PUBLIC,HTTPClient/MetaInfo,SYS,HTTPClient/MetaInfo,
PUBLIC,HTTPClient/ModuleException,SYS,HTTPClient/ModuleException,
PUBLIC,HTTPClient/MultipartFormDataEncoder,SYS,HTTPClient/MultipartFormDataEncoder,
PUBLIC,HTTPClient/MultipartFormDataEncoder$CT,SYS,HTTPClient/MultipartFormDataEncoder$CT,
PUBLIC,HTTPClient/ntlm/NtlmAuthenticationScheme,SYS,HTTPClient/ntlm/NtlmAuthenticationScheme,
PUBLIC,HTTPClient/ntlm/NtlmAuthenticationScheme$AuthInfoParams,SYS,HTTPClient/ntlm/NtlmAuthenticationScheme$AuthInfoParams,
PUBLIC,HTTPClient/ntlm/NtlmCore,SYS,HTTPClient/ntlm/NtlmCore,
PUBLIC,HTTPClient/ntlm/NtlmCore$1,SYS,HTTPClient/ntlm/NtlmCore$1,
PUBLIC,HTTPClient/ntlm/NtlmSupportFlags,SYS,HTTPClient/ntlm/NtlmSupportFlags,
PUBLIC,HTTPClient/ntlm/NtlmSupportFlags$Flags,SYS,HTTPClient/ntlm/NtlmSupportFlags$Flags,
PUBLIC,HTTPClient/ntlm/NtlmType2Message,SYS,HTTPClient/ntlm/NtlmType2Message,
PUBLIC,HTTPClient/NVPair,SYS,HTTPClient/NVPair,
PUBLIC,HTTPClient/OptionalValue,SYS,HTTPClient/OptionalValue,
PUBLIC,HTTPClient/ParseException,SYS,HTTPClient/ParseException,
PUBLIC,HTTPClient/ProtocolNotSuppException,SYS,HTTPClient/ProtocolNotSuppException,
PUBLIC,HTTPClient/QuotedPrintableEncoder,SYS,HTTPClient/QuotedPrintableEncoder,
PUBLIC,HTTPClient/QuotedPrintableEncoder$1,SYS,HTTPClient/QuotedPrintableEncoder$1,
PUBLIC,HTTPClient/RedirectionModule,SYS,HTTPClient/RedirectionModule,
PUBLIC,HTTPClient/RedirectionModule$MutableStatics,SYS,HTTPClient/RedirectionModule$MutableStatics,
PUBLIC,HTTPClient/Request,SYS,HTTPClient/Request,
PUBLIC,HTTPClient/RespInputStream,SYS,HTTPClient/RespInputStream,
PUBLIC,HTTPClient/Response,SYS,HTTPClient/Response,
PUBLIC,HTTPClient/ResponseHandler,SYS,HTTPClient/ResponseHandler,
PUBLIC,HTTPClient/RetryException,SYS,HTTPClient/RetryException,
PUBLIC,HTTPClient/RetryModule,SYS,HTTPClient/RetryModule,
PUBLIC,HTTPClient/RoRequest,SYS,HTTPClient/RoRequest,
PUBLIC,HTTPClient/RoResponse,SYS,HTTPClient/RoResponse,
PUBLIC,HTTPClient/Separator,SYS,HTTPClient/Separator,
PUBLIC,HTTPClient/SequenceByteArrayInputStream,SYS,HTTPClient/SequenceByteArrayInputStream,
PUBLIC,HTTPClient/shttp/Handler,SYS,HTTPClient/shttp/Handler,
PUBLIC,HTTPClient/SimpleAuthPopup,SYS,HTTPClient/SimpleAuthPopup,
PUBLIC,HTTPClient/SimpleAuthPopup$BasicAuthBox,SYS,HTTPClient/SimpleAuthPopup$BasicAuthBox,
PUBLIC,HTTPClient/SimpleAuthPopup$BasicAuthBox$Cancel,SYS,HTTPClient/SimpleAuthPopup$BasicAuthBox$Cancel,
PUBLIC,HTTPClient/SimpleAuthPopup$BasicAuthBox$Clear,SYS,HTTPClient/SimpleAuthPopup$BasicAuthBox$Clear,
PUBLIC,HTTPClient/SimpleAuthPopup$BasicAuthBox$Close,SYS,HTTPClient/SimpleAuthPopup$BasicAuthBox$Close,
PUBLIC,HTTPClient/SimpleAuthPopup$BasicAuthBox$Ok,SYS,HTTPClient/SimpleAuthPopup$BasicAuthBox$Ok,
PUBLIC,HTTPClient/SimpleAuthPopup$1,SYS,HTTPClient/SimpleAuthPopup$1,
PUBLIC,HTTPClient/SimpleAuthPrompt,SYS,HTTPClient/SimpleAuthPrompt,
PUBLIC,HTTPClient/SimpleAuthPrompt$1,SYS,HTTPClient/SimpleAuthPrompt$1,
PUBLIC,HTTPClient/SimpleAuthPrompt$2,SYS,HTTPClient/SimpleAuthPrompt$2,
PUBLIC,HTTPClient/SocketTimeout,SYS,HTTPClient/SocketTimeout,
PUBLIC,HTTPClient/SocketTimeout$TimeoutEntry,SYS,HTTPClient/SocketTimeout$TimeoutEntry,
PUBLIC,HTTPClient/SocksClient,SYS,HTTPClient/SocksClient,
PUBLIC,HTTPClient/SocksClient$1,SYS,HTTPClient/SocksClient$1,
PUBLIC,HTTPClient/SocksClient$2,SYS,HTTPClient/SocksClient$2,
PUBLIC,HTTPClient/SocksException,SYS,HTTPClient/SocksException,
PUBLIC,HTTPClient/StandardHostnameVerifier,SYS,HTTPClient/StandardHostnameVerifier,
PUBLIC,HTTPClient/StreamDemultiplexor,SYS,HTTPClient/StreamDemultiplexor,
PUBLIC,HTTPClient/StreamDemultiplexor$1,SYS,HTTPClient/StreamDemultiplexor$1,
PUBLIC,HTTPClient/StreamDemultiplexor$2,SYS,HTTPClient/StreamDemultiplexor$2,
PUBLIC,HTTPClient/SuppliedUPAuthHandler,SYS,HTTPClient/SuppliedUPAuthHandler,
PUBLIC,HTTPClient/SuppliedUPAuthHandler$MutableStatics,SYS,HTTPClient/SuppliedUPAuthHandler$MutableStatics,
PUBLIC,HTTPClient/SuppliedUPAuthHandler$1,SYS,HTTPClient/SuppliedUPAuthHandler$1,
PUBLIC,HTTPClient/Timeouts,SYS,HTTPClient/Timeouts,
PUBLIC,HTTPClient/TransferEncodingModule,SYS,HTTPClient/TransferEncodingModule,
PUBLIC,HTTPClient/UncompressInputStream,SYS,HTTPClient/UncompressInputStream,
PUBLIC,HTTPClient/URI,SYS,HTTPClient/URI,
PUBLIC,HTTPClient/URI$EscapePercentMode,SYS,HTTPClient/URI$EscapePercentMode,
PUBLIC,HTTPClient/URI$1,SYS,HTTPClient/URI$1,
PUBLIC,HTTPClient/Util,SYS,HTTPClient/Util,
PUBLIC,HTTPClient/Util$1,SYS,HTTPClient/Util$1,
PUBLIC,HTTPClient/Util$2,SYS,HTTPClient/Util$2,
PUBLIC,HTTPClient/UUEncoder,SYS,HTTPClient/UUEncoder,
PUBLIC,HTTPClient/UUEncoder$1,SYS,HTTPClient/UUEncoder$1,
PUBLIC,HTTPClient/VerifyDigest,SYS,HTTPClient/VerifyDigest,
PUBLIC,HTTPClient/VerifyMD5,SYS,HTTPClient/VerifyMD5,
PUBLIC,HTTPClient/VerifyRspAuth,SYS,HTTPClient/VerifyRspAuth,
PUBLIC,HTTPURITYPE,SYS,HTTPURITYPE,
PUBLIC,IND,SYS,USER_INDEXES,
PUBLIC,INDEX_HISTOGRAM,SYS,INDEX_HISTOGRAM,
PUBLIC,INDEX_STATS,SYS,INDEX_STATS,
PUBLIC,INTERIORRINGN,MDSYS,OGC_INTERIORRINGN,
PUBLIC,INTERSECTION,MDSYS,OGC_INTERSECTION,
PUBLIC,INTERSECTS,MDSYS,OGC_INTERSECTS,
PUBLIC,ISCLOSED,MDSYS,OGC_ISCLOSED,
PUBLIC,ISEMPTY,MDSYS,OGC_ISEMPTY,
PUBLIC,ISRING,MDSYS,OGC_ISRING,
PUBLIC,IS_SECURE_APPLICATION_ROLE,DVSYS,IS_SECURE_APPLICATION_ROLE,
PUBLIC,ISSIMPLE,MDSYS,OGC_ISSIMPLE,
PUBLIC,JAVASCRIPT,SYS,JAVASCRIPT,
PUBLIC,JAVASNM,SYS,JAVASNM,
PUBLIC,JAVA_XA,SYS,JAVA_XA,
PUBLIC,javax/jms/BytesMessage,SYS,javax/jms/BytesMessage,
PUBLIC,javax/jms/Connection,SYS,javax/jms/Connection,
PUBLIC,javax/jms/ConnectionConsumer,SYS,javax/jms/ConnectionConsumer,
PUBLIC,javax/jms/ConnectionFactory,SYS,javax/jms/ConnectionFactory,
PUBLIC,javax/jms/ConnectionMetaData,SYS,javax/jms/ConnectionMetaData,
PUBLIC,javax/jms/DeliveryMode,SYS,javax/jms/DeliveryMode,
PUBLIC,javax/jms/Destination,SYS,javax/jms/Destination,
PUBLIC,javax/jms/ExceptionListener,SYS,javax/jms/ExceptionListener,
PUBLIC,javax/jms/IllegalStateException,SYS,javax/jms/IllegalStateException,
PUBLIC,javax/jms/InvalidClientIDException,SYS,javax/jms/InvalidClientIDException,
PUBLIC,javax/jms/InvalidDestinationException,SYS,javax/jms/InvalidDestinationException,
PUBLIC,javax/jms/InvalidSelectorException,SYS,javax/jms/InvalidSelectorException,
PUBLIC,javax/jms/JMSException,SYS,javax/jms/JMSException,
PUBLIC,javax/jms/JMSSecurityException,SYS,javax/jms/JMSSecurityException,
PUBLIC,javax/jms/MapMessage,SYS,javax/jms/MapMessage,
PUBLIC,javax/jms/Message,SYS,javax/jms/Message,
PUBLIC,javax/jms/MessageConsumer,SYS,javax/jms/MessageConsumer,
PUBLIC,javax/jms/MessageEOFException,SYS,javax/jms/MessageEOFException,
PUBLIC,javax/jms/MessageFormatException,SYS,javax/jms/MessageFormatException,
PUBLIC,javax/jms/MessageListener,SYS,javax/jms/MessageListener,
PUBLIC,javax/jms/MessageNotReadableException,SYS,javax/jms/MessageNotReadableException,
PUBLIC,javax/jms/MessageNotWriteableException,SYS,javax/jms/MessageNotWriteableException,
PUBLIC,javax/jms/MessageProducer,SYS,javax/jms/MessageProducer,
PUBLIC,javax/jms/ObjectMessage,SYS,javax/jms/ObjectMessage,
PUBLIC,javax/jms/Queue,SYS,javax/jms/Queue,
PUBLIC,javax/jms/QueueBrowser,SYS,javax/jms/QueueBrowser,
PUBLIC,javax/jms/QueueConnection,SYS,javax/jms/QueueConnection,
PUBLIC,javax/jms/QueueConnectionFactory,SYS,javax/jms/QueueConnectionFactory,
PUBLIC,javax/jms/QueueReceiver,SYS,javax/jms/QueueReceiver,
PUBLIC,javax/jms/QueueRequestor,SYS,javax/jms/QueueRequestor,
PUBLIC,javax/jms/QueueSender,SYS,javax/jms/QueueSender,
PUBLIC,javax/jms/QueueSession,SYS,javax/jms/QueueSession,
PUBLIC,javax/jms/ResourceAllocationException,SYS,javax/jms/ResourceAllocationException,
PUBLIC,javax/jms/ServerSession,SYS,javax/jms/ServerSession,
PUBLIC,javax/jms/ServerSessionPool,SYS,javax/jms/ServerSessionPool,
PUBLIC,javax/jms/Session,SYS,javax/jms/Session,
PUBLIC,javax/jms/StreamMessage,SYS,javax/jms/StreamMessage,
PUBLIC,javax/jms/TemporaryQueue,SYS,javax/jms/TemporaryQueue,
PUBLIC,javax/jms/TemporaryTopic,SYS,javax/jms/TemporaryTopic,
PUBLIC,javax/jms/TextMessage,SYS,javax/jms/TextMessage,
PUBLIC,javax/jms/Topic,SYS,javax/jms/Topic,
PUBLIC,javax/jms/TopicConnection,SYS,javax/jms/TopicConnection,
PUBLIC,javax/jms/TopicConnectionFactory,SYS,javax/jms/TopicConnectionFactory,
PUBLIC,javax/jms/TopicPublisher,SYS,javax/jms/TopicPublisher,
PUBLIC,javax/jms/TopicRequestor,SYS,javax/jms/TopicRequestor,
PUBLIC,javax/jms/TopicSession,SYS,javax/jms/TopicSession,
PUBLIC,javax/jms/TopicSubscriber,SYS,javax/jms/TopicSubscriber,
PUBLIC,javax/jms/TransactionInProgressException,SYS,javax/jms/TransactionInProgressException,
PUBLIC,javax/jms/TransactionRolledBackException,SYS,javax/jms/TransactionRolledBackException,
PUBLIC,javax/jms/XAConnection,SYS,javax/jms/XAConnection,
PUBLIC,javax/jms/XAConnectionFactory,SYS,javax/jms/XAConnectionFactory,
PUBLIC,javax/jms/XAQueueConnection,SYS,javax/jms/XAQueueConnection,
PUBLIC,javax/jms/XAQueueConnectionFactory,SYS,javax/jms/XAQueueConnectionFactory,
PUBLIC,javax/jms/XAQueueSession,SYS,javax/jms/XAQueueSession,
PUBLIC,javax/jms/XASession,SYS,javax/jms/XASession,
PUBLIC,javax/jms/XATopicConnection,SYS,javax/jms/XATopicConnection,
PUBLIC,javax/jms/XATopicConnectionFactory,SYS,javax/jms/XATopicConnectionFactory,
PUBLIC,javax/jms/XATopicSession,SYS,javax/jms/XATopicSession,
PUBLIC,javax/mail/Address,SYS,javax/mail/Address,
PUBLIC,javax/mail/AuthenticationFailedException,SYS,javax/mail/AuthenticationFailedException,
PUBLIC,javax/mail/Authenticator,SYS,javax/mail/Authenticator,
PUBLIC,javax/mail/BodyPart,SYS,javax/mail/BodyPart,
PUBLIC,javax/mail/EncodingAware,SYS,javax/mail/EncodingAware,
PUBLIC,javax/mail/event/ConnectionAdapter,SYS,javax/mail/event/ConnectionAdapter,
PUBLIC,javax/mail/event/ConnectionEvent,SYS,javax/mail/event/ConnectionEvent,
PUBLIC,javax/mail/event/ConnectionListener,SYS,javax/mail/event/ConnectionListener,
PUBLIC,javax/mail/event/FolderAdapter,SYS,javax/mail/event/FolderAdapter,
PUBLIC,javax/mail/event/FolderEvent,SYS,javax/mail/event/FolderEvent,
PUBLIC,javax/mail/event/FolderListener,SYS,javax/mail/event/FolderListener,
PUBLIC,javax/mail/event/MailEvent,SYS,javax/mail/event/MailEvent,
PUBLIC,javax/mail/event/MessageChangedEvent,SYS,javax/mail/event/MessageChangedEvent,
PUBLIC,javax/mail/event/MessageChangedListener,SYS,javax/mail/event/MessageChangedListener,
PUBLIC,javax/mail/event/MessageCountAdapter,SYS,javax/mail/event/MessageCountAdapter,
PUBLIC,javax/mail/event/MessageCountEvent,SYS,javax/mail/event/MessageCountEvent,
PUBLIC,javax/mail/event/MessageCountListener,SYS,javax/mail/event/MessageCountListener,
PUBLIC,javax/mail/EventQueue,SYS,javax/mail/EventQueue,
PUBLIC,javax/mail/EventQueue$QueueElement,SYS,javax/mail/EventQueue$QueueElement,
PUBLIC,javax/mail/EventQueue$TerminatorEvent,SYS,javax/mail/EventQueue$TerminatorEvent,
PUBLIC,javax/mail/event/StoreEvent,SYS,javax/mail/event/StoreEvent,
PUBLIC,javax/mail/event/StoreListener,SYS,javax/mail/event/StoreListener,
PUBLIC,javax/mail/event/TransportAdapter,SYS,javax/mail/event/TransportAdapter,
PUBLIC,javax/mail/event/TransportEvent,SYS,javax/mail/event/TransportEvent,
PUBLIC,javax/mail/event/TransportListener,SYS,javax/mail/event/TransportListener,
PUBLIC,javax/mail/FetchProfile,SYS,javax/mail/FetchProfile,
PUBLIC,javax/mail/FetchProfile$Item,SYS,javax/mail/FetchProfile$Item,
PUBLIC,javax/mail/Flags,SYS,javax/mail/Flags,
PUBLIC,javax/mail/Flags$Flag,SYS,javax/mail/Flags$Flag,
PUBLIC,javax/mail/Folder,SYS,javax/mail/Folder,
PUBLIC,javax/mail/FolderClosedException,SYS,javax/mail/FolderClosedException,
PUBLIC,javax/mail/FolderNotFoundException,SYS,javax/mail/FolderNotFoundException,
PUBLIC,javax/mail/Header,SYS,javax/mail/Header,
PUBLIC,javax/mail/IllegalWriteException,SYS,javax/mail/IllegalWriteException,
PUBLIC,javax/mail/internet/AddressException,SYS,javax/mail/internet/AddressException,
PUBLIC,javax/mail/internet/AsciiOutputStream,SYS,javax/mail/internet/AsciiOutputStream,
PUBLIC,javax/mail/internet/ContentDisposition,SYS,javax/mail/internet/ContentDisposition,
PUBLIC,javax/mail/internet/ContentType,SYS,javax/mail/internet/ContentType,
PUBLIC,javax/mail/internet/HeaderTokenizer,SYS,javax/mail/internet/HeaderTokenizer,
PUBLIC,javax/mail/internet/HeaderTokenizer$Token,SYS,javax/mail/internet/HeaderTokenizer$Token,
PUBLIC,javax/mail/internet/InternetAddress,SYS,javax/mail/internet/InternetAddress,
PUBLIC,javax/mail/internet/InternetHeaders,SYS,javax/mail/internet/InternetHeaders,
PUBLIC,javax/mail/internet/InternetHeaders$InternetHeader,SYS,javax/mail/internet/InternetHeaders$InternetHeader,
PUBLIC,javax/mail/internet/InternetHeaders$MatchEnum,SYS,javax/mail/internet/InternetHeaders$MatchEnum,
PUBLIC,javax/mail/internet/InternetHeaders$MatchHeaderEnum,SYS,javax/mail/internet/InternetHeaders$MatchHeaderEnum,
PUBLIC,javax/mail/internet/InternetHeaders$MatchStringEnum,SYS,javax/mail/internet/InternetHeaders$MatchStringEnum,
PUBLIC,javax/mail/internet/MailDateFormat,SYS,javax/mail/internet/MailDateFormat,
PUBLIC,javax/mail/internet/MailDateFormat$AbstractDateParser,SYS,javax/mail/internet/MailDateFormat$AbstractDateParser,
PUBLIC,javax/mail/internet/MailDateFormat$Rfc2822LenientParser,SYS,javax/mail/internet/MailDateFormat$Rfc2822LenientParser,
PUBLIC,javax/mail/internet/MailDateFormat$Rfc2822StrictParser,SYS,javax/mail/internet/MailDateFormat$Rfc2822StrictParser,
PUBLIC,javax/mail/internet/MimeBodyPart,SYS,javax/mail/internet/MimeBodyPart,
PUBLIC,javax/mail/internet/MimeBodyPart$EncodedFileDataSource,SYS,javax/mail/internet/MimeBodyPart$EncodedFileDataSource,
PUBLIC,javax/mail/internet/MimeBodyPart$MimePartDataHandler,SYS,javax/mail/internet/MimeBodyPart$MimePartDataHandler,
PUBLIC,javax/mail/internet/MimeMessage,SYS,javax/mail/internet/MimeMessage,
PUBLIC,javax/mail/internet/MimeMessage$RecipientType,SYS,javax/mail/internet/MimeMessage$RecipientType,
PUBLIC,javax/mail/internet/MimeMultipart,SYS,javax/mail/internet/MimeMultipart,
PUBLIC,javax/mail/internet/MimePart,SYS,javax/mail/internet/MimePart,
PUBLIC,javax/mail/internet/MimePartDataSource,SYS,javax/mail/internet/MimePartDataSource,
PUBLIC,javax/mail/internet/MimeUtility,SYS,javax/mail/internet/MimeUtility,
PUBLIC,javax/mail/internet/MimeUtility$1NullInputStream,SYS,javax/mail/internet/MimeUtility$1NullInputStream,
PUBLIC,javax/mail/internet/NewsAddress,SYS,javax/mail/internet/NewsAddress,
PUBLIC,javax/mail/internet/ParameterList,SYS,javax/mail/internet/ParameterList,
PUBLIC,javax/mail/internet/ParameterList$LiteralValue,SYS,javax/mail/internet/ParameterList$LiteralValue,
PUBLIC,javax/mail/internet/ParameterList$MultiValue,SYS,javax/mail/internet/ParameterList$MultiValue,
PUBLIC,javax/mail/internet/ParameterList$ParamEnum,SYS,javax/mail/internet/ParameterList$ParamEnum,
PUBLIC,javax/mail/internet/ParameterList$ToStringBuffer,SYS,javax/mail/internet/ParameterList$ToStringBuffer,
PUBLIC,javax/mail/internet/ParameterList$Value,SYS,javax/mail/internet/ParameterList$Value,
PUBLIC,javax/mail/internet/ParameterList$1,SYS,javax/mail/internet/ParameterList$1,
PUBLIC,javax/mail/internet/ParseException,SYS,javax/mail/internet/ParseException,
PUBLIC,javax/mail/internet/PreencodedMimeBodyPart,SYS,javax/mail/internet/PreencodedMimeBodyPart,
PUBLIC,javax/mail/internet/SharedInputStream,SYS,javax/mail/internet/SharedInputStream,
PUBLIC,javax/mail/internet/UniqueValue,SYS,javax/mail/internet/UniqueValue,
PUBLIC,javax/mail/MailSessionDefinition,SYS,javax/mail/MailSessionDefinition,
PUBLIC,javax/mail/MailSessionDefinitions,SYS,javax/mail/MailSessionDefinitions,
PUBLIC,javax/mail/Message,SYS,javax/mail/Message,
PUBLIC,javax/mail/MessageAware,SYS,javax/mail/MessageAware,
PUBLIC,javax/mail/MessageContext,SYS,javax/mail/MessageContext,
PUBLIC,javax/mail/Message$RecipientType,SYS,javax/mail/Message$RecipientType,
PUBLIC,javax/mail/MessageRemovedException,SYS,javax/mail/MessageRemovedException,
PUBLIC,javax/mail/MessagingException,SYS,javax/mail/MessagingException,
PUBLIC,javax/mail/MethodNotSupportedException,SYS,javax/mail/MethodNotSupportedException,
PUBLIC,javax/mail/Multipart,SYS,javax/mail/Multipart,
PUBLIC,javax/mail/MultipartDataSource,SYS,javax/mail/MultipartDataSource,
PUBLIC,javax/mail/NoSuchProviderException,SYS,javax/mail/NoSuchProviderException,
PUBLIC,javax/mail/Part,SYS,javax/mail/Part,
PUBLIC,javax/mail/PasswordAuthentication,SYS,javax/mail/PasswordAuthentication,
PUBLIC,javax/mail/Provider,SYS,javax/mail/Provider,
PUBLIC,javax/mail/Provider$Type,SYS,javax/mail/Provider$Type,
PUBLIC,javax/mail/Quota,SYS,javax/mail/Quota,
PUBLIC,javax/mail/QuotaAwareStore,SYS,javax/mail/QuotaAwareStore,
PUBLIC,javax/mail/Quota$Resource,SYS,javax/mail/Quota$Resource,
PUBLIC,javax/mail/ReadOnlyFolderException,SYS,javax/mail/ReadOnlyFolderException,
PUBLIC,javax/mail/search/AddressStringTerm,SYS,javax/mail/search/AddressStringTerm,
PUBLIC,javax/mail/search/AddressTerm,SYS,javax/mail/search/AddressTerm,
PUBLIC,javax/mail/search/AndTerm,SYS,javax/mail/search/AndTerm,
PUBLIC,javax/mail/search/BodyTerm,SYS,javax/mail/search/BodyTerm,
PUBLIC,javax/mail/search/ComparisonTerm,SYS,javax/mail/search/ComparisonTerm,
PUBLIC,javax/mail/search/DateTerm,SYS,javax/mail/search/DateTerm,
PUBLIC,javax/mail/search/FlagTerm,SYS,javax/mail/search/FlagTerm,
PUBLIC,javax/mail/search/FromStringTerm,SYS,javax/mail/search/FromStringTerm,
PUBLIC,javax/mail/search/FromTerm,SYS,javax/mail/search/FromTerm,
PUBLIC,javax/mail/search/HeaderTerm,SYS,javax/mail/search/HeaderTerm,
PUBLIC,javax/mail/search/IntegerComparisonTerm,SYS,javax/mail/search/IntegerComparisonTerm,
PUBLIC,javax/mail/search/MessageIDTerm,SYS,javax/mail/search/MessageIDTerm,
PUBLIC,javax/mail/search/MessageNumberTerm,SYS,javax/mail/search/MessageNumberTerm,
PUBLIC,javax/mail/search/NotTerm,SYS,javax/mail/search/NotTerm,
PUBLIC,javax/mail/search/OrTerm,SYS,javax/mail/search/OrTerm,
PUBLIC,javax/mail/search/ReceivedDateTerm,SYS,javax/mail/search/ReceivedDateTerm,
PUBLIC,javax/mail/search/RecipientStringTerm,SYS,javax/mail/search/RecipientStringTerm,
PUBLIC,javax/mail/search/RecipientTerm,SYS,javax/mail/search/RecipientTerm,
PUBLIC,javax/mail/search/SearchException,SYS,javax/mail/search/SearchException,
PUBLIC,javax/mail/search/SearchTerm,SYS,javax/mail/search/SearchTerm,
PUBLIC,javax/mail/search/SentDateTerm,SYS,javax/mail/search/SentDateTerm,
PUBLIC,javax/mail/search/SizeTerm,SYS,javax/mail/search/SizeTerm,
PUBLIC,javax/mail/search/StringTerm,SYS,javax/mail/search/StringTerm,
PUBLIC,javax/mail/search/SubjectTerm,SYS,javax/mail/search/SubjectTerm,
PUBLIC,javax/mail/SendFailedException,SYS,javax/mail/SendFailedException,
PUBLIC,javax/mail/Service,SYS,javax/mail/Service,
PUBLIC,javax/mail/Session,SYS,javax/mail/Session,
PUBLIC,javax/mail/Session$1,SYS,javax/mail/Session$1,
PUBLIC,javax/mail/Session$2,SYS,javax/mail/Session$2,
PUBLIC,javax/mail/Session$3,SYS,javax/mail/Session$3,
PUBLIC,javax/mail/Session$4,SYS,javax/mail/Session$4,
PUBLIC,javax/mail/Session$5,SYS,javax/mail/Session$5,
PUBLIC,javax/mail/Session$6,SYS,javax/mail/Session$6,
PUBLIC,javax/mail/Session$7,SYS,javax/mail/Session$7,
PUBLIC,javax/mail/Session$8,SYS,javax/mail/Session$8,
PUBLIC,javax/mail/Store,SYS,javax/mail/Store,
PUBLIC,javax/mail/StoreClosedException,SYS,javax/mail/StoreClosedException,
PUBLIC,javax/mail/StreamLoader,SYS,javax/mail/StreamLoader,
PUBLIC,javax/mail/Transport,SYS,javax/mail/Transport,
PUBLIC,javax/mail/UIDFolder,SYS,javax/mail/UIDFolder,
PUBLIC,javax/mail/UIDFolder$FetchProfileItem,SYS,javax/mail/UIDFolder$FetchProfileItem,
PUBLIC,javax/mail/URLName,SYS,javax/mail/URLName,
PUBLIC,javax/mail/util/ByteArrayDataSource,SYS,javax/mail/util/ByteArrayDataSource,
PUBLIC,javax/mail/util/ByteArrayDataSource$DSByteArrayOutputStream,SYS,javax/mail/util/ByteArrayDataSource$DSByteArrayOutputStream,
PUBLIC,javax/mail/util/SharedByteArrayInputStream,SYS,javax/mail/util/SharedByteArrayInputStream,
PUBLIC,javax/mail/util/SharedFileInputStream,SYS,javax/mail/util/SharedFileInputStream,
PUBLIC,javax/mail/util/SharedFileInputStream$SharedFile,SYS,javax/mail/util/SharedFileInputStream$SharedFile,
PUBLIC,javax/mail/Version,SYS,javax/mail/Version,
PUBLIC,javax/media/jai/AreaOpImage,MDSYS,javax/media/jai/AreaOpImage,
PUBLIC,javax/media/jai/AttributedImage,MDSYS,javax/media/jai/AttributedImage,
PUBLIC,javax/media/jai/AttributedImageCollection,MDSYS,javax/media/jai/AttributedImageCollection,
PUBLIC,javax/media/jai/BorderExtender,MDSYS,javax/media/jai/BorderExtender,
PUBLIC,javax/media/jai/BorderExtenderConstant,MDSYS,javax/media/jai/BorderExtenderConstant,
PUBLIC,javax/media/jai/BorderExtenderCopy,MDSYS,javax/media/jai/BorderExtenderCopy,
PUBLIC,javax/media/jai/BorderExtenderReflect,MDSYS,javax/media/jai/BorderExtenderReflect,
PUBLIC,javax/media/jai/BorderExtenderWrap,MDSYS,javax/media/jai/BorderExtenderWrap,
PUBLIC,javax/media/jai/BorderExtenderZero,MDSYS,javax/media/jai/BorderExtenderZero,
PUBLIC,javax/media/jai/CachedTile,MDSYS,javax/media/jai/CachedTile,
PUBLIC,javax/media/jai/CanvasJAI,MDSYS,javax/media/jai/CanvasJAI,
PUBLIC,javax/media/jai/CollectionChangeEvent,MDSYS,javax/media/jai/CollectionChangeEvent,
PUBLIC,javax/media/jai/CollectionImage,MDSYS,javax/media/jai/CollectionImage,
PUBLIC,javax/media/jai/CollectionImageFactory,MDSYS,javax/media/jai/CollectionImageFactory,
PUBLIC,javax/media/jai/CollectionOp,MDSYS,javax/media/jai/CollectionOp,
PUBLIC,javax/media/jai/CollectionOp$1,MDSYS,javax/media/jai/CollectionOp$1,
PUBLIC,javax/media/jai/ColorCube,MDSYS,javax/media/jai/ColorCube,
PUBLIC,javax/media/jai/ColormapOpImage,MDSYS,javax/media/jai/ColormapOpImage,
PUBLIC,javax/media/jai/ColorModelFactory,MDSYS,javax/media/jai/ColorModelFactory,
PUBLIC,javax/media/jai/ColorSpaceJAI,MDSYS,javax/media/jai/ColorSpaceJAI,
PUBLIC,javax/media/jai/ComponentSampleModelJAI,MDSYS,javax/media/jai/ComponentSampleModelJAI,
PUBLIC,javax/media/jai/CoordinateImage,MDSYS,javax/media/jai/CoordinateImage,
PUBLIC,javax/media/jai/CRIFImpl,MDSYS,javax/media/jai/CRIFImpl,
PUBLIC,javax/media/jai/DataBufferDouble,MDSYS,javax/media/jai/DataBufferDouble,
PUBLIC,javax/media/jai/DataBufferFloat,MDSYS,javax/media/jai/DataBufferFloat,
PUBLIC,javax/media/jai/DeferredData,MDSYS,javax/media/jai/DeferredData,
PUBLIC,javax/media/jai/DeferredProperty,MDSYS,javax/media/jai/DeferredProperty,
PUBLIC,javax/media/jai/DescriptorCache,MDSYS,javax/media/jai/DescriptorCache,
PUBLIC,javax/media/jai/EnumeratedParameter,MDSYS,javax/media/jai/EnumeratedParameter,
PUBLIC,javax/media/jai/FactoryCache,MDSYS,javax/media/jai/FactoryCache,
PUBLIC,javax/media/jai/FloatDoubleColorModel,MDSYS,javax/media/jai/FloatDoubleColorModel,
PUBLIC,javax/media/jai/GeometricOpImage,MDSYS,javax/media/jai/GeometricOpImage,
PUBLIC,javax/media/jai/GraphicsJAI,MDSYS,javax/media/jai/GraphicsJAI,
PUBLIC,javax/media/jai/Histogram,MDSYS,javax/media/jai/Histogram,
PUBLIC,javax/media/jai/IHSColorSpace,MDSYS,javax/media/jai/IHSColorSpace,
PUBLIC,javax/media/jai/ImageFunction,MDSYS,javax/media/jai/ImageFunction,
PUBLIC,javax/media/jai/ImageJAI,MDSYS,javax/media/jai/ImageJAI,
PUBLIC,javax/media/jai/ImageLayout,MDSYS,javax/media/jai/ImageLayout,
PUBLIC,javax/media/jai/ImageMIPMap,MDSYS,javax/media/jai/ImageMIPMap,
PUBLIC,javax/media/jai/ImagePyramid,MDSYS,javax/media/jai/ImagePyramid,
PUBLIC,javax/media/jai/ImageSequence,MDSYS,javax/media/jai/ImageSequence,
PUBLIC,javax/media/jai/ImageStack,MDSYS,javax/media/jai/ImageStack,
PUBLIC,javax/media/jai/IntegerSequence,MDSYS,javax/media/jai/IntegerSequence,
PUBLIC,javax/media/jai/Interpolation,MDSYS,javax/media/jai/Interpolation,
PUBLIC,javax/media/jai/InterpolationBicubic,MDSYS,javax/media/jai/InterpolationBicubic,
PUBLIC,javax/media/jai/InterpolationBicubic2,MDSYS,javax/media/jai/InterpolationBicubic2,
PUBLIC,javax/media/jai/InterpolationBilinear,MDSYS,javax/media/jai/InterpolationBilinear,
PUBLIC,javax/media/jai/InterpolationNearest,MDSYS,javax/media/jai/InterpolationNearest,
PUBLIC,javax/media/jai/InterpolationTable,MDSYS,javax/media/jai/InterpolationTable,
PUBLIC,javax/media/jai/iterator/JaiI18N,MDSYS,javax/media/jai/iterator/JaiI18N,
PUBLIC,javax/media/jai/iterator/RandomIter,MDSYS,javax/media/jai/iterator/RandomIter,
PUBLIC,javax/media/jai/iterator/RandomIterFactory,MDSYS,javax/media/jai/iterator/RandomIterFactory,
PUBLIC,javax/media/jai/iterator/RectIter,MDSYS,javax/media/jai/iterator/RectIter,
PUBLIC,javax/media/jai/iterator/RectIterFactory,MDSYS,javax/media/jai/iterator/RectIterFactory,
PUBLIC,javax/media/jai/iterator/RookIter,MDSYS,javax/media/jai/iterator/RookIter,
PUBLIC,javax/media/jai/iterator/RookIterFactory,MDSYS,javax/media/jai/iterator/RookIterFactory,
PUBLIC,javax/media/jai/iterator/WritableRandomIter,MDSYS,javax/media/jai/iterator/WritableRandomIter,
PUBLIC,javax/media/jai/iterator/WritableRectIter,MDSYS,javax/media/jai/iterator/WritableRectIter,
PUBLIC,javax/media/jai/iterator/WritableRookIter,MDSYS,javax/media/jai/iterator/WritableRookIter,
PUBLIC,javax/media/jai/JAI,MDSYS,javax/media/jai/JAI,
PUBLIC,javax/media/jai/JaiI18N,MDSYS,javax/media/jai/JaiI18N,
PUBLIC,javax/media/jai/JAI$RenderingKey,MDSYS,javax/media/jai/JAI$RenderingKey,
PUBLIC,javax/media/jai/KernelJAI,MDSYS,javax/media/jai/KernelJAI,
PUBLIC,javax/media/jai/LookupTableJAI,MDSYS,javax/media/jai/LookupTableJAI,
PUBLIC,javax/media/jai/MultiResolutionRenderableImage,MDSYS,javax/media/jai/MultiResolutionRenderableImage,
PUBLIC,javax/media/jai/NullCRIF,MDSYS,javax/media/jai/NullCRIF,
PUBLIC,javax/media/jai/NullOpImage,MDSYS,javax/media/jai/NullOpImage,
PUBLIC,javax/media/jai/OperationDescriptor,MDSYS,javax/media/jai/OperationDescriptor,
PUBLIC,javax/media/jai/OperationDescriptorImpl,MDSYS,javax/media/jai/OperationDescriptorImpl,
PUBLIC,javax/media/jai/OperationDescriptorImpl$1,MDSYS,javax/media/jai/OperationDescriptorImpl$1,
PUBLIC,javax/media/jai/OperationGraph,MDSYS,javax/media/jai/OperationGraph,
PUBLIC,javax/media/jai/OperationNode,MDSYS,javax/media/jai/OperationNode,
PUBLIC,javax/media/jai/OperationNodeSupport,MDSYS,javax/media/jai/OperationNodeSupport,
PUBLIC,javax/media/jai/OperationNodeSupport$CopyDirective,MDSYS,javax/media/jai/OperationNodeSupport$CopyDirective,
PUBLIC,javax/media/jai/OperationNodeSupport$ParamObserver,MDSYS,javax/media/jai/OperationNodeSupport$ParamObserver,
PUBLIC,javax/media/jai/OperationRegistry,MDSYS,javax/media/jai/OperationRegistry,
PUBLIC,javax/media/jai/OperationRegistrySpi,MDSYS,javax/media/jai/OperationRegistrySpi,
PUBLIC,javax/media/jai/operator/AbsoluteDescriptor,MDSYS,javax/media/jai/operator/AbsoluteDescriptor,
PUBLIC,javax/media/jai/operator/AddCollectionDescriptor,MDSYS,javax/media/jai/operator/AddCollectionDescriptor,
PUBLIC,javax/media/jai/operator/AddConstDescriptor,MDSYS,javax/media/jai/operator/AddConstDescriptor,
PUBLIC,javax/media/jai/operator/AddConstToCollectionDescriptor,MDSYS,javax/media/jai/operator/AddConstToCollectionDescriptor,
PUBLIC,javax/media/jai/operator/AddDescriptor,MDSYS,javax/media/jai/operator/AddDescriptor,
PUBLIC,javax/media/jai/operator/AffineDescriptor,MDSYS,javax/media/jai/operator/AffineDescriptor,
PUBLIC,javax/media/jai/operator/AffinePropertyGenerator,MDSYS,javax/media/jai/operator/AffinePropertyGenerator,
PUBLIC,javax/media/jai/operator/AndConstDescriptor,MDSYS,javax/media/jai/operator/AndConstDescriptor,
PUBLIC,javax/media/jai/operator/AndDescriptor,MDSYS,javax/media/jai/operator/AndDescriptor,
PUBLIC,javax/media/jai/operator/AWTImageDescriptor,MDSYS,javax/media/jai/operator/AWTImageDescriptor,
PUBLIC,javax/media/jai/operator/BandCombineDescriptor,MDSYS,javax/media/jai/operator/BandCombineDescriptor,
PUBLIC,javax/media/jai/operator/BandMergeDescriptor,MDSYS,javax/media/jai/operator/BandMergeDescriptor,
PUBLIC,javax/media/jai/operator/BandSelectDescriptor,MDSYS,javax/media/jai/operator/BandSelectDescriptor,
PUBLIC,javax/media/jai/operator/BinarizeDescriptor,MDSYS,javax/media/jai/operator/BinarizeDescriptor,
PUBLIC,javax/media/jai/operator/BMPDescriptor,MDSYS,javax/media/jai/operator/BMPDescriptor,
PUBLIC,javax/media/jai/operator/BorderDescriptor,MDSYS,javax/media/jai/operator/BorderDescriptor,
PUBLIC,javax/media/jai/operator/BoxFilterDescriptor,MDSYS,javax/media/jai/operator/BoxFilterDescriptor,
PUBLIC,javax/media/jai/operator/ClampDescriptor,MDSYS,javax/media/jai/operator/ClampDescriptor,
PUBLIC,javax/media/jai/operator/ColorConvertDescriptor,MDSYS,javax/media/jai/operator/ColorConvertDescriptor,
PUBLIC,javax/media/jai/operator/ColorQuantizerDescriptor,MDSYS,javax/media/jai/operator/ColorQuantizerDescriptor,
PUBLIC,javax/media/jai/operator/ColorQuantizerType,MDSYS,javax/media/jai/operator/ColorQuantizerType,
PUBLIC,javax/media/jai/operator/ComplexPropertyGenerator,MDSYS,javax/media/jai/operator/ComplexPropertyGenerator,
PUBLIC,javax/media/jai/operator/CompositeDescriptor,MDSYS,javax/media/jai/operator/CompositeDescriptor,
PUBLIC,javax/media/jai/operator/CompositeDestAlpha,MDSYS,javax/media/jai/operator/CompositeDestAlpha,
PUBLIC,javax/media/jai/operator/ConjugateDescriptor,MDSYS,javax/media/jai/operator/ConjugateDescriptor,
PUBLIC,javax/media/jai/operator/ConstantDescriptor,MDSYS,javax/media/jai/operator/ConstantDescriptor,
PUBLIC,javax/media/jai/operator/ConvolveDescriptor,MDSYS,javax/media/jai/operator/ConvolveDescriptor,
PUBLIC,javax/media/jai/operator/CropDescriptor,MDSYS,javax/media/jai/operator/CropDescriptor,
PUBLIC,javax/media/jai/operator/DCTDescriptor,MDSYS,javax/media/jai/operator/DCTDescriptor,
PUBLIC,javax/media/jai/operator/DFTDataNature,MDSYS,javax/media/jai/operator/DFTDataNature,
PUBLIC,javax/media/jai/operator/DFTDescriptor,MDSYS,javax/media/jai/operator/DFTDescriptor,
PUBLIC,javax/media/jai/operator/DFTPropertyGenerator,MDSYS,javax/media/jai/operator/DFTPropertyGenerator,
PUBLIC,javax/media/jai/operator/DFTScalingType,MDSYS,javax/media/jai/operator/DFTScalingType,
PUBLIC,javax/media/jai/operator/DilateDescriptor,MDSYS,javax/media/jai/operator/DilateDescriptor,
PUBLIC,javax/media/jai/operator/DivideByConstDescriptor,MDSYS,javax/media/jai/operator/DivideByConstDescriptor,
PUBLIC,javax/media/jai/operator/DivideComplexDescriptor,MDSYS,javax/media/jai/operator/DivideComplexDescriptor,
PUBLIC,javax/media/jai/operator/DivideDescriptor,MDSYS,javax/media/jai/operator/DivideDescriptor,
PUBLIC,javax/media/jai/operator/DivideIntoConstDescriptor,MDSYS,javax/media/jai/operator/DivideIntoConstDescriptor,
PUBLIC,javax/media/jai/operator/EncodeDescriptor,MDSYS,javax/media/jai/operator/EncodeDescriptor,
PUBLIC,javax/media/jai/operator/ErodeDescriptor,MDSYS,javax/media/jai/operator/ErodeDescriptor,
PUBLIC,javax/media/jai/operator/ErrorDiffusionDescriptor,MDSYS,javax/media/jai/operator/ErrorDiffusionDescriptor,
PUBLIC,javax/media/jai/operator/ExpDescriptor,MDSYS,javax/media/jai/operator/ExpDescriptor,
PUBLIC,javax/media/jai/operator/ExtremaDescriptor,MDSYS,javax/media/jai/operator/ExtremaDescriptor,
PUBLIC,javax/media/jai/operator/FileLoadDescriptor,MDSYS,javax/media/jai/operator/FileLoadDescriptor,
PUBLIC,javax/media/jai/operator/FileStoreDescriptor,MDSYS,javax/media/jai/operator/FileStoreDescriptor,
PUBLIC,javax/media/jai/operator/FilteredSubsampleDescriptor,MDSYS,javax/media/jai/operator/FilteredSubsampleDescriptor,
PUBLIC,javax/media/jai/operator/FilteredSubsamplePropertyGenerator,MDSYS,javax/media/jai/operator/FilteredSubsamplePropertyGenerator,
PUBLIC,javax/media/jai/operator/FormatDescriptor,MDSYS,javax/media/jai/operator/FormatDescriptor,
PUBLIC,javax/media/jai/operator/GIFDescriptor,MDSYS,javax/media/jai/operator/GIFDescriptor,
PUBLIC,javax/media/jai/operator/GradientMagnitudeDescriptor,MDSYS,javax/media/jai/operator/GradientMagnitudeDescriptor,
PUBLIC,javax/media/jai/operator/HistogramDescriptor,MDSYS,javax/media/jai/operator/HistogramDescriptor,
PUBLIC,javax/media/jai/operator/IDCTDescriptor,MDSYS,javax/media/jai/operator/IDCTDescriptor,
PUBLIC,javax/media/jai/operator/IDFTDescriptor,MDSYS,javax/media/jai/operator/IDFTDescriptor,
PUBLIC,javax/media/jai/operator/IDFTPropertyGenerator,MDSYS,javax/media/jai/operator/IDFTPropertyGenerator,
PUBLIC,javax/media/jai/operator/IIPDescriptor,MDSYS,javax/media/jai/operator/IIPDescriptor,
PUBLIC,javax/media/jai/operator/IIPResolutionDescriptor,MDSYS,javax/media/jai/operator/IIPResolutionDescriptor,
PUBLIC,javax/media/jai/operator/ImageFunctionDescriptor,MDSYS,javax/media/jai/operator/ImageFunctionDescriptor,
PUBLIC,javax/media/jai/operator/ImageFunctionPropertyGenerator,MDSYS,javax/media/jai/operator/ImageFunctionPropertyGenerator,
PUBLIC,javax/media/jai/operator/InvertDescriptor,MDSYS,javax/media/jai/operator/InvertDescriptor,
PUBLIC,javax/media/jai/operator/JaiI18N,MDSYS,javax/media/jai/operator/JaiI18N,
PUBLIC,javax/media/jai/operator/JPEGDescriptor,MDSYS,javax/media/jai/operator/JPEGDescriptor,
PUBLIC,javax/media/jai/operator/LogDescriptor,MDSYS,javax/media/jai/operator/LogDescriptor,
PUBLIC,javax/media/jai/operator/LookupDescriptor,MDSYS,javax/media/jai/operator/LookupDescriptor,
PUBLIC,javax/media/jai/operator/MagnitudeDescriptor,MDSYS,javax/media/jai/operator/MagnitudeDescriptor,
PUBLIC,javax/media/jai/operator/MagnitudeSquaredDescriptor,MDSYS,javax/media/jai/operator/MagnitudeSquaredDescriptor,
PUBLIC,javax/media/jai/operator/MatchCDFDescriptor,MDSYS,javax/media/jai/operator/MatchCDFDescriptor,
PUBLIC,javax/media/jai/operator/MaxDescriptor,MDSYS,javax/media/jai/operator/MaxDescriptor,
PUBLIC,javax/media/jai/operator/MaxFilterDescriptor,MDSYS,javax/media/jai/operator/MaxFilterDescriptor,
PUBLIC,javax/media/jai/operator/MaxFilterShape,MDSYS,javax/media/jai/operator/MaxFilterShape,
PUBLIC,javax/media/jai/operator/MeanDescriptor,MDSYS,javax/media/jai/operator/MeanDescriptor,
PUBLIC,javax/media/jai/operator/MedianFilterDescriptor,MDSYS,javax/media/jai/operator/MedianFilterDescriptor,
PUBLIC,javax/media/jai/operator/MedianFilterShape,MDSYS,javax/media/jai/operator/MedianFilterShape,
PUBLIC,javax/media/jai/operator/MinDescriptor,MDSYS,javax/media/jai/operator/MinDescriptor,
PUBLIC,javax/media/jai/operator/MinFilterDescriptor,MDSYS,javax/media/jai/operator/MinFilterDescriptor,
PUBLIC,javax/media/jai/operator/MinFilterShape,MDSYS,javax/media/jai/operator/MinFilterShape,
PUBLIC,javax/media/jai/operator/MosaicDescriptor,MDSYS,javax/media/jai/operator/MosaicDescriptor,
PUBLIC,javax/media/jai/operator/MosaicType,MDSYS,javax/media/jai/operator/MosaicType,
PUBLIC,javax/media/jai/operator/MultiplyComplexDescriptor,MDSYS,javax/media/jai/operator/MultiplyComplexDescriptor,
PUBLIC,javax/media/jai/operator/MultiplyConstDescriptor,MDSYS,javax/media/jai/operator/MultiplyConstDescriptor,
PUBLIC,javax/media/jai/operator/MultiplyDescriptor,MDSYS,javax/media/jai/operator/MultiplyDescriptor,
PUBLIC,javax/media/jai/operator/NotDescriptor,MDSYS,javax/media/jai/operator/NotDescriptor,
PUBLIC,javax/media/jai/operator/NullDescriptor,MDSYS,javax/media/jai/operator/NullDescriptor,
PUBLIC,javax/media/jai/operator/OrConstDescriptor,MDSYS,javax/media/jai/operator/OrConstDescriptor,
PUBLIC,javax/media/jai/operator/OrderedDitherDescriptor,MDSYS,javax/media/jai/operator/OrderedDitherDescriptor,
PUBLIC,javax/media/jai/operator/OrDescriptor,MDSYS,javax/media/jai/operator/OrDescriptor,
PUBLIC,javax/media/jai/operator/OverlayDescriptor,MDSYS,javax/media/jai/operator/OverlayDescriptor,
PUBLIC,javax/media/jai/operator/PatternDescriptor,MDSYS,javax/media/jai/operator/PatternDescriptor,
PUBLIC,javax/media/jai/operator/PeriodicShiftDescriptor,MDSYS,javax/media/jai/operator/PeriodicShiftDescriptor,
PUBLIC,javax/media/jai/operator/PhaseDescriptor,MDSYS,javax/media/jai/operator/PhaseDescriptor,
PUBLIC,javax/media/jai/operator/PiecewiseDescriptor,MDSYS,javax/media/jai/operator/PiecewiseDescriptor,
PUBLIC,javax/media/jai/operator/PNGDescriptor,MDSYS,javax/media/jai/operator/PNGDescriptor,
PUBLIC,javax/media/jai/operator/PNMDescriptor,MDSYS,javax/media/jai/operator/PNMDescriptor,
PUBLIC,javax/media/jai/operator/PolarToComplexDescriptor,MDSYS,javax/media/jai/operator/PolarToComplexDescriptor,
PUBLIC,javax/media/jai/operator/RenderableDescriptor,MDSYS,javax/media/jai/operator/RenderableDescriptor,
PUBLIC,javax/media/jai/operator/RescaleDescriptor,MDSYS,javax/media/jai/operator/RescaleDescriptor,
PUBLIC,javax/media/jai/operator/RotateDescriptor,MDSYS,javax/media/jai/operator/RotateDescriptor,
PUBLIC,javax/media/jai/operator/RotatePropertyGenerator,MDSYS,javax/media/jai/operator/RotatePropertyGenerator,
PUBLIC,javax/media/jai/operator/ScaleDescriptor,MDSYS,javax/media/jai/operator/ScaleDescriptor,
PUBLIC,javax/media/jai/operator/ScalePropertyGenerator,MDSYS,javax/media/jai/operator/ScalePropertyGenerator,
PUBLIC,javax/media/jai/operator/ShearDescriptor,MDSYS,javax/media/jai/operator/ShearDescriptor,
PUBLIC,javax/media/jai/operator/ShearDir,MDSYS,javax/media/jai/operator/ShearDir,
PUBLIC,javax/media/jai/operator/ShearPropertyGenerator,MDSYS,javax/media/jai/operator/ShearPropertyGenerator,
PUBLIC,javax/media/jai/operator/StreamDescriptor,MDSYS,javax/media/jai/operator/StreamDescriptor,
PUBLIC,javax/media/jai/operator/SubsampleAverageDescriptor,MDSYS,javax/media/jai/operator/SubsampleAverageDescriptor,
PUBLIC,javax/media/jai/operator/SubsampleAveragePropertyGenerator,MDSYS,javax/media/jai/operator/SubsampleAveragePropertyGenerator,
PUBLIC,javax/media/jai/operator/SubsampleBinaryToGrayDescriptor,MDSYS,javax/media/jai/operator/SubsampleBinaryToGrayDescriptor,
PUBLIC,javax/media/jai/operator/SubsampleBinaryToGrayPropertyGenerator,MDSYS,javax/media/jai/operator/SubsampleBinaryToGrayPropertyGenerator,
PUBLIC,javax/media/jai/operator/SubtractConstDescriptor,MDSYS,javax/media/jai/operator/SubtractConstDescriptor,
PUBLIC,javax/media/jai/operator/SubtractDescriptor,MDSYS,javax/media/jai/operator/SubtractDescriptor,
PUBLIC,javax/media/jai/operator/SubtractFromConstDescriptor,MDSYS,javax/media/jai/operator/SubtractFromConstDescriptor,
PUBLIC,javax/media/jai/operator/ThresholdDescriptor,MDSYS,javax/media/jai/operator/ThresholdDescriptor,
PUBLIC,javax/media/jai/operator/TIFFDescriptor,MDSYS,javax/media/jai/operator/TIFFDescriptor,
PUBLIC,javax/media/jai/operator/TranslateDescriptor,MDSYS,javax/media/jai/operator/TranslateDescriptor,
PUBLIC,javax/media/jai/operator/TranslatePropertyGenerator,MDSYS,javax/media/jai/operator/TranslatePropertyGenerator,
PUBLIC,javax/media/jai/operator/TransposeDescriptor,MDSYS,javax/media/jai/operator/TransposeDescriptor,
PUBLIC,javax/media/jai/operator/TransposePropertyGenerator,MDSYS,javax/media/jai/operator/TransposePropertyGenerator,
PUBLIC,javax/media/jai/operator/TransposeType,MDSYS,javax/media/jai/operator/TransposeType,
PUBLIC,javax/media/jai/operator/UnsharpMaskDescriptor,MDSYS,javax/media/jai/operator/UnsharpMaskDescriptor,
PUBLIC,javax/media/jai/operator/URLDescriptor,MDSYS,javax/media/jai/operator/URLDescriptor,
PUBLIC,javax/media/jai/operator/WarpDescriptor,MDSYS,javax/media/jai/operator/WarpDescriptor,
PUBLIC,javax/media/jai/operator/WarpPropertyGenerator,MDSYS,javax/media/jai/operator/WarpPropertyGenerator,
PUBLIC,javax/media/jai/operator/XorConstDescriptor,MDSYS,javax/media/jai/operator/XorConstDescriptor,
PUBLIC,javax/media/jai/operator/XorDescriptor,MDSYS,javax/media/jai/operator/XorDescriptor,
PUBLIC,javax/media/jai/OpImage,MDSYS,javax/media/jai/OpImage,
PUBLIC,javax/media/jai/OpImage$TCL,MDSYS,javax/media/jai/OpImage$TCL,
PUBLIC,javax/media/jai/OpImage$1,MDSYS,javax/media/jai/OpImage$1,
PUBLIC,javax/media/jai/PackedImageData,MDSYS,javax/media/jai/PackedImageData,
PUBLIC,javax/media/jai/ParameterBlockJAI,MDSYS,javax/media/jai/ParameterBlockJAI,
PUBLIC,javax/media/jai/ParameterList,MDSYS,javax/media/jai/ParameterList,
PUBLIC,javax/media/jai/ParameterListDescriptor,MDSYS,javax/media/jai/ParameterListDescriptor,
PUBLIC,javax/media/jai/ParameterListDescriptorImpl,MDSYS,javax/media/jai/ParameterListDescriptorImpl,
PUBLIC,javax/media/jai/ParameterListImpl,MDSYS,javax/media/jai/ParameterListImpl,
PUBLIC,javax/media/jai/ParameterNoDefault,MDSYS,javax/media/jai/ParameterNoDefault,
PUBLIC,javax/media/jai/PartialOrderNode,MDSYS,javax/media/jai/PartialOrderNode,
PUBLIC,javax/media/jai/PerspectiveTransform,MDSYS,javax/media/jai/PerspectiveTransform,
PUBLIC,javax/media/jai/PixelAccessor,MDSYS,javax/media/jai/PixelAccessor,
PUBLIC,javax/media/jai/PlanarImage,MDSYS,javax/media/jai/PlanarImage,
PUBLIC,javax/media/jai/PointOpImage,MDSYS,javax/media/jai/PointOpImage,
PUBLIC,javax/media/jai/PointOpImage$1,MDSYS,javax/media/jai/PointOpImage$1,
PUBLIC,javax/media/jai/ProductOperationGraph,MDSYS,javax/media/jai/ProductOperationGraph,
PUBLIC,javax/media/jai/PropertyChangeEmitter,MDSYS,javax/media/jai/PropertyChangeEmitter,
PUBLIC,javax/media/jai/PropertyChangeEventJAI,MDSYS,javax/media/jai/PropertyChangeEventJAI,
PUBLIC,javax/media/jai/PropertyChangeSupportJAI,MDSYS,javax/media/jai/PropertyChangeSupportJAI,
PUBLIC,javax/media/jai/PropertyEnvironment,MDSYS,javax/media/jai/PropertyEnvironment,
PUBLIC,javax/media/jai/PropertyGenerator,MDSYS,javax/media/jai/PropertyGenerator,
PUBLIC,javax/media/jai/PropertyGeneratorFromSource,MDSYS,javax/media/jai/PropertyGeneratorFromSource,
PUBLIC,javax/media/jai/PropertySource,MDSYS,javax/media/jai/PropertySource,
PUBLIC,javax/media/jai/PropertySourceChangeEvent,MDSYS,javax/media/jai/PropertySourceChangeEvent,
PUBLIC,javax/media/jai/PropertySourceImpl,MDSYS,javax/media/jai/PropertySourceImpl,
PUBLIC,javax/media/jai/RasterAccessor,MDSYS,javax/media/jai/RasterAccessor,
PUBLIC,javax/media/jai/RasterFactory,MDSYS,javax/media/jai/RasterFactory,
PUBLIC,javax/media/jai/RasterFormatTag,MDSYS,javax/media/jai/RasterFormatTag,
PUBLIC,javax/media/jai/RecyclingTileFactory,MDSYS,javax/media/jai/RecyclingTileFactory,
PUBLIC,javax/media/jai/registry/CIFRegistry,MDSYS,javax/media/jai/registry/CIFRegistry,
PUBLIC,javax/media/jai/registry/CollectionRegistryMode,MDSYS,javax/media/jai/registry/CollectionRegistryMode,
PUBLIC,javax/media/jai/registry/CRIFRegistry,MDSYS,javax/media/jai/registry/CRIFRegistry,
PUBLIC,javax/media/jai/RegistryElementDescriptor,MDSYS,javax/media/jai/RegistryElementDescriptor,
PUBLIC,javax/media/jai/RegistryFileParser,MDSYS,javax/media/jai/RegistryFileParser,
PUBLIC,javax/media/jai/registry/JaiI18N,MDSYS,javax/media/jai/registry/JaiI18N,
PUBLIC,javax/media/jai/RegistryMode,MDSYS,javax/media/jai/RegistryMode,
PUBLIC,javax/media/jai/registry/RCIFRegistry,MDSYS,javax/media/jai/registry/RCIFRegistry,
PUBLIC,javax/media/jai/registry/RemoteCRIFRegistry,MDSYS,javax/media/jai/registry/RemoteCRIFRegistry,
PUBLIC,javax/media/jai/registry/RemoteRenderableRegistryMode,MDSYS,javax/media/jai/registry/RemoteRenderableRegistryMode,
PUBLIC,javax/media/jai/registry/RemoteRenderedRegistryMode,MDSYS,javax/media/jai/registry/RemoteRenderedRegistryMode,
PUBLIC,javax/media/jai/registry/RemoteRIFRegistry,MDSYS,javax/media/jai/registry/RemoteRIFRegistry,
PUBLIC,javax/media/jai/registry/RenderableCollectionRegistryMode,MDSYS,javax/media/jai/registry/RenderableCollectionRegistryMode,
PUBLIC,javax/media/jai/registry/RenderableRegistryMode,MDSYS,javax/media/jai/registry/RenderableRegistryMode,
PUBLIC,javax/media/jai/registry/RenderedRegistryMode,MDSYS,javax/media/jai/registry/RenderedRegistryMode,
PUBLIC,javax/media/jai/registry/RIFRegistry,MDSYS,javax/media/jai/registry/RIFRegistry,
PUBLIC,javax/media/jai/registry/TileDecoderRegistry,MDSYS,javax/media/jai/registry/TileDecoderRegistry,
PUBLIC,javax/media/jai/registry/TileDecoderRegistryMode,MDSYS,javax/media/jai/registry/TileDecoderRegistryMode,
PUBLIC,javax/media/jai/registry/TileEncoderRegistry,MDSYS,javax/media/jai/registry/TileEncoderRegistry,
PUBLIC,javax/media/jai/registry/TileEncoderRegistryMode,MDSYS,javax/media/jai/registry/TileEncoderRegistryMode,
PUBLIC,javax/media/jai/RemoteImage,MDSYS,javax/media/jai/RemoteImage,
PUBLIC,javax/media/jai/remote/JaiI18N,MDSYS,javax/media/jai/remote/JaiI18N,
PUBLIC,javax/media/jai/remote/JAIRMIDescriptor,MDSYS,javax/media/jai/remote/JAIRMIDescriptor,
PUBLIC,javax/media/jai/remote/Negotiable,MDSYS,javax/media/jai/remote/Negotiable,
PUBLIC,javax/media/jai/remote/NegotiableCapability,MDSYS,javax/media/jai/remote/NegotiableCapability,
PUBLIC,javax/media/jai/remote/NegotiableCapabilitySet,MDSYS,javax/media/jai/remote/NegotiableCapabilitySet,
PUBLIC,javax/media/jai/remote/NegotiableCapabilitySet$SequentialMap,MDSYS,javax/media/jai/remote/NegotiableCapabilitySet$SequentialMap,
PUBLIC,javax/media/jai/remote/NegotiableCollection,MDSYS,javax/media/jai/remote/NegotiableCollection,
PUBLIC,javax/media/jai/remote/NegotiableNumeric,MDSYS,javax/media/jai/remote/NegotiableNumeric,
PUBLIC,javax/media/jai/remote/NegotiableNumericRange,MDSYS,javax/media/jai/remote/NegotiableNumericRange,
PUBLIC,javax/media/jai/remote/PlanarImageServerProxy,MDSYS,javax/media/jai/remote/PlanarImageServerProxy,
PUBLIC,javax/media/jai/remote/RemoteCRIF,MDSYS,javax/media/jai/remote/RemoteCRIF,
PUBLIC,javax/media/jai/remote/RemoteDescriptor,MDSYS,javax/media/jai/remote/RemoteDescriptor,
PUBLIC,javax/media/jai/remote/RemoteDescriptorImpl,MDSYS,javax/media/jai/remote/RemoteDescriptorImpl,
PUBLIC,javax/media/jai/remote/RemoteImagingException,MDSYS,javax/media/jai/remote/RemoteImagingException,
PUBLIC,javax/media/jai/remote/RemoteJAI,MDSYS,javax/media/jai/remote/RemoteJAI,
PUBLIC,javax/media/jai/remote/RemoteRenderableOp,MDSYS,javax/media/jai/remote/RemoteRenderableOp,
PUBLIC,javax/media/jai/remote/RemoteRenderedImage,MDSYS,javax/media/jai/remote/RemoteRenderedImage,
PUBLIC,javax/media/jai/remote/RemoteRenderedOp,MDSYS,javax/media/jai/remote/RemoteRenderedOp,
PUBLIC,javax/media/jai/remote/RemoteRIF,MDSYS,javax/media/jai/remote/RemoteRIF,
PUBLIC,javax/media/jai/remote/SerializableRenderedImage,MDSYS,javax/media/jai/remote/SerializableRenderedImage,
PUBLIC,javax/media/jai/remote/SerializableRenderedImage$TileServer,MDSYS,javax/media/jai/remote/SerializableRenderedImage$TileServer,
PUBLIC,javax/media/jai/remote/SerializableRenderedImage$1,MDSYS,javax/media/jai/remote/SerializableRenderedImage$1,
PUBLIC,javax/media/jai/remote/SerializableState,MDSYS,javax/media/jai/remote/SerializableState,
PUBLIC,javax/media/jai/remote/Serializer,MDSYS,javax/media/jai/remote/Serializer,
PUBLIC,javax/media/jai/remote/SerializerFactory,MDSYS,javax/media/jai/remote/SerializerFactory,
PUBLIC,javax/media/jai/remote/SerializerFactory$1,MDSYS,javax/media/jai/remote/SerializerFactory$1,
PUBLIC,javax/media/jai/remote/SerSerializer,MDSYS,javax/media/jai/remote/SerSerializer,
PUBLIC,javax/media/jai/remote/SerState,MDSYS,javax/media/jai/remote/SerState,
PUBLIC,javax/media/jai/RenderableCollectionImageFactory,MDSYS,javax/media/jai/RenderableCollectionImageFactory,
PUBLIC,javax/media/jai/RenderableGraphics,MDSYS,javax/media/jai/RenderableGraphics,
PUBLIC,javax/media/jai/RenderableImageAdapter,MDSYS,javax/media/jai/RenderableImageAdapter,
PUBLIC,javax/media/jai/RenderableOp,MDSYS,javax/media/jai/RenderableOp,
PUBLIC,javax/media/jai/RenderedImageAdapter,MDSYS,javax/media/jai/RenderedImageAdapter,
PUBLIC,javax/media/jai/RenderedImageList,MDSYS,javax/media/jai/RenderedImageList,
PUBLIC,javax/media/jai/RenderedOp,MDSYS,javax/media/jai/RenderedOp,
PUBLIC,javax/media/jai/RenderedOp$TCL,MDSYS,javax/media/jai/RenderedOp$TCL,
PUBLIC,javax/media/jai/RenderedOp$1,MDSYS,javax/media/jai/RenderedOp$1,
PUBLIC,javax/media/jai/RenderingChangeEvent,MDSYS,javax/media/jai/RenderingChangeEvent,
PUBLIC,javax/media/jai/ROI,MDSYS,javax/media/jai/ROI,
PUBLIC,javax/media/jai/ROIShape,MDSYS,javax/media/jai/ROIShape,
PUBLIC,javax/media/jai/ROIShape$PolyShape,MDSYS,javax/media/jai/ROIShape$PolyShape,
PUBLIC,javax/media/jai/ROIShape$PolyShape$PolyEdge,MDSYS,javax/media/jai/ROIShape$PolyShape$PolyEdge,
PUBLIC,javax/media/jai/ScaleOpImage,MDSYS,javax/media/jai/ScaleOpImage,
PUBLIC,javax/media/jai/SequentialImage,MDSYS,javax/media/jai/SequentialImage,
PUBLIC,javax/media/jai/Snapshot,MDSYS,javax/media/jai/Snapshot,
PUBLIC,javax/media/jai/SnapshotImage,MDSYS,javax/media/jai/SnapshotImage,
PUBLIC,javax/media/jai/SnapshotProxy,MDSYS,javax/media/jai/SnapshotProxy,
PUBLIC,javax/media/jai/SourcelessOpImage,MDSYS,javax/media/jai/SourcelessOpImage,
PUBLIC,javax/media/jai/StatisticsOpImage,MDSYS,javax/media/jai/StatisticsOpImage,
PUBLIC,javax/media/jai/ThreadSafeOperationRegistry,MDSYS,javax/media/jai/ThreadSafeOperationRegistry,
PUBLIC,javax/media/jai/TileCache,MDSYS,javax/media/jai/TileCache,
PUBLIC,javax/media/jai/tilecodec/GZIPTileCodecDescriptor,MDSYS,javax/media/jai/tilecodec/GZIPTileCodecDescriptor,
PUBLIC,javax/media/jai/tilecodec/JaiI18N,MDSYS,javax/media/jai/tilecodec/JaiI18N,
PUBLIC,javax/media/jai/tilecodec/JPEGTileCodecDescriptor,MDSYS,javax/media/jai/tilecodec/JPEGTileCodecDescriptor,
PUBLIC,javax/media/jai/tilecodec/RawTileCodecDescriptor,MDSYS,javax/media/jai/tilecodec/RawTileCodecDescriptor,
PUBLIC,javax/media/jai/tilecodec/TileCodecDescriptor,MDSYS,javax/media/jai/tilecodec/TileCodecDescriptor,
PUBLIC,javax/media/jai/tilecodec/TileCodecDescriptorImpl,MDSYS,javax/media/jai/tilecodec/TileCodecDescriptorImpl,
PUBLIC,javax/media/jai/tilecodec/TileCodecParameterList,MDSYS,javax/media/jai/tilecodec/TileCodecParameterList,
PUBLIC,javax/media/jai/tilecodec/TileDecoder,MDSYS,javax/media/jai/tilecodec/TileDecoder,
PUBLIC,javax/media/jai/tilecodec/TileDecoderFactory,MDSYS,javax/media/jai/tilecodec/TileDecoderFactory,
PUBLIC,javax/media/jai/tilecodec/TileDecoderImpl,MDSYS,javax/media/jai/tilecodec/TileDecoderImpl,
PUBLIC,javax/media/jai/tilecodec/TileEncoder,MDSYS,javax/media/jai/tilecodec/TileEncoder,
PUBLIC,javax/media/jai/tilecodec/TileEncoderFactory,MDSYS,javax/media/jai/tilecodec/TileEncoderFactory,
PUBLIC,javax/media/jai/tilecodec/TileEncoderImpl,MDSYS,javax/media/jai/tilecodec/TileEncoderImpl,
PUBLIC,javax/media/jai/TileComputationListener,MDSYS,javax/media/jai/TileComputationListener,
PUBLIC,javax/media/jai/TileCopy,MDSYS,javax/media/jai/TileCopy,
PUBLIC,javax/media/jai/TiledImage,MDSYS,javax/media/jai/TiledImage,
PUBLIC,javax/media/jai/TiledImageGraphics,MDSYS,javax/media/jai/TiledImageGraphics,
PUBLIC,javax/media/jai/TileFactory,MDSYS,javax/media/jai/TileFactory,
PUBLIC,javax/media/jai/TileRecycler,MDSYS,javax/media/jai/TileRecycler,
PUBLIC,javax/media/jai/TileRequest,MDSYS,javax/media/jai/TileRequest,
PUBLIC,javax/media/jai/TileScheduler,MDSYS,javax/media/jai/TileScheduler,
PUBLIC,javax/media/jai/UnpackedImageData,MDSYS,javax/media/jai/UnpackedImageData,
PUBLIC,javax/media/jai/UntiledOpImage,MDSYS,javax/media/jai/UntiledOpImage,
PUBLIC,javax/media/jai/util/CaselessStringKey,MDSYS,javax/media/jai/util/CaselessStringKey,
PUBLIC,javax/media/jai/util/ImagingException,MDSYS,javax/media/jai/util/ImagingException,
PUBLIC,javax/media/jai/util/ImagingListener,MDSYS,javax/media/jai/util/ImagingListener,
PUBLIC,javax/media/jai/util/JaiI18N,MDSYS,javax/media/jai/util/JaiI18N,
PUBLIC,javax/media/jai/util/Range,MDSYS,javax/media/jai/util/Range,
PUBLIC,javax/media/jai/Warp,MDSYS,javax/media/jai/Warp,
PUBLIC,javax/media/jai/WarpAffine,MDSYS,javax/media/jai/WarpAffine,
PUBLIC,javax/media/jai/WarpCubic,MDSYS,javax/media/jai/WarpCubic,
PUBLIC,javax/media/jai/WarpGeneralPolynomial,MDSYS,javax/media/jai/WarpGeneralPolynomial,
PUBLIC,javax/media/jai/WarpGrid,MDSYS,javax/media/jai/WarpGrid,
PUBLIC,javax/media/jai/WarpOpImage,MDSYS,javax/media/jai/WarpOpImage,
PUBLIC,javax/media/jai/WarpPerspective,MDSYS,javax/media/jai/WarpPerspective,
PUBLIC,javax/media/jai/WarpPolynomial,MDSYS,javax/media/jai/WarpPolynomial,
PUBLIC,javax/media/jai/WarpQuadratic,MDSYS,javax/media/jai/WarpQuadratic,
PUBLIC,javax/media/jai/widget/ImageCanvas,MDSYS,javax/media/jai/widget/ImageCanvas,
PUBLIC,javax/media/jai/widget/ImageCanvas$PaintListener,MDSYS,javax/media/jai/widget/ImageCanvas$PaintListener,
PUBLIC,javax/media/jai/widget/JaiI18N,MDSYS,javax/media/jai/widget/JaiI18N,
PUBLIC,javax/media/jai/widget/ScrollingImagePanel,MDSYS,javax/media/jai/widget/ScrollingImagePanel,
PUBLIC,javax/media/jai/widget/ViewportListener,MDSYS,javax/media/jai/widget/ViewportListener,
PUBLIC,javax/media/jai/WritablePropertySource,MDSYS,javax/media/jai/WritablePropertySource,
PUBLIC,javax/media/jai/WritablePropertySourceImpl,MDSYS,javax/media/jai/WritablePropertySourceImpl,
PUBLIC,javax/media/jai/WritableRenderedImageAdapter,MDSYS,javax/media/jai/WritableRenderedImageAdapter,
PUBLIC,javax/servlet/GenericServlet,SYS,javax/servlet/GenericServlet,
PUBLIC,javax/servlet/http/Cookie,SYS,javax/servlet/http/Cookie,
PUBLIC,javax/servlet/http/HttpServlet,SYS,javax/servlet/http/HttpServlet,
PUBLIC,javax/servlet/http/HttpServletRequest,SYS,javax/servlet/http/HttpServletRequest,
PUBLIC,javax/servlet/http/HttpServletResponse,SYS,javax/servlet/http/HttpServletResponse,
PUBLIC,javax/servlet/http/HttpSession,SYS,javax/servlet/http/HttpSession,
PUBLIC,javax/servlet/http/HttpSessionBindingEvent,SYS,javax/servlet/http/HttpSessionBindingEvent,
PUBLIC,javax/servlet/http/HttpSessionBindingListener,SYS,javax/servlet/http/HttpSessionBindingListener,
PUBLIC,javax/servlet/http/HttpSessionContext,SYS,javax/servlet/http/HttpSessionContext,
PUBLIC,javax/servlet/http/HttpUtils,SYS,javax/servlet/http/HttpUtils,
PUBLIC,javax/servlet/http/NoBodyOutputStream,SYS,javax/servlet/http/NoBodyOutputStream,
PUBLIC,javax/servlet/http/NoBodyResponse,SYS,javax/servlet/http/NoBodyResponse,
PUBLIC,javax/servlet/jsp/HttpJspPage,SYS,javax/servlet/jsp/HttpJspPage,
PUBLIC,javax/servlet/jsp/JspEngineInfo,SYS,javax/servlet/jsp/JspEngineInfo,
PUBLIC,javax/servlet/jsp/JspException,SYS,javax/servlet/jsp/JspException,
PUBLIC,javax/servlet/jsp/JspFactory,SYS,javax/servlet/jsp/JspFactory,
PUBLIC,javax/servlet/jsp/JspPage,SYS,javax/servlet/jsp/JspPage,
PUBLIC,javax/servlet/jsp/JspTagException,SYS,javax/servlet/jsp/JspTagException,
PUBLIC,javax/servlet/jsp/JspWriter,SYS,javax/servlet/jsp/JspWriter,
PUBLIC,javax/servlet/jsp/PageContext,SYS,javax/servlet/jsp/PageContext,
PUBLIC,javax/servlet/jsp/tagext/BodyContent,SYS,javax/servlet/jsp/tagext/BodyContent,
PUBLIC,javax/servlet/jsp/tagext/BodyTag,SYS,javax/servlet/jsp/tagext/BodyTag,
PUBLIC,javax/servlet/jsp/tagext/BodyTagSupport,SYS,javax/servlet/jsp/tagext/BodyTagSupport,
PUBLIC,javax/servlet/jsp/tagext/Tag,SYS,javax/servlet/jsp/tagext/Tag,
PUBLIC,javax/servlet/jsp/tagext/TagAttributeInfo,SYS,javax/servlet/jsp/tagext/TagAttributeInfo,
PUBLIC,javax/servlet/jsp/tagext/TagData,SYS,javax/servlet/jsp/tagext/TagData,
PUBLIC,javax/servlet/jsp/tagext/TagExtraInfo,SYS,javax/servlet/jsp/tagext/TagExtraInfo,
PUBLIC,javax/servlet/jsp/tagext/TagInfo,SYS,javax/servlet/jsp/tagext/TagInfo,
PUBLIC,javax/servlet/jsp/tagext/TagLibraryInfo,SYS,javax/servlet/jsp/tagext/TagLibraryInfo,
PUBLIC,javax/servlet/jsp/tagext/TagSupport,SYS,javax/servlet/jsp/tagext/TagSupport,
PUBLIC,javax/servlet/jsp/tagext/VariableInfo,SYS,javax/servlet/jsp/tagext/VariableInfo,
PUBLIC,javax/servlet/RequestDispatcher,SYS,javax/servlet/RequestDispatcher,
PUBLIC,javax/servlet/Servlet,SYS,javax/servlet/Servlet,
PUBLIC,javax/servlet/ServletConfig,SYS,javax/servlet/ServletConfig,
PUBLIC,javax/servlet/ServletContext,SYS,javax/servlet/ServletContext,
PUBLIC,javax/servlet/ServletException,SYS,javax/servlet/ServletException,
PUBLIC,javax/servlet/ServletInputStream,SYS,javax/servlet/ServletInputStream,
PUBLIC,javax/servlet/ServletOutputStream,SYS,javax/servlet/ServletOutputStream,
PUBLIC,javax/servlet/ServletRequest,SYS,javax/servlet/ServletRequest,
PUBLIC,javax/servlet/ServletResponse,SYS,javax/servlet/ServletResponse,
PUBLIC,javax/servlet/SingleThreadModel,SYS,javax/servlet/SingleThreadModel,
PUBLIC,javax/servlet/UnavailableException,SYS,javax/servlet/UnavailableException,
PUBLIC,JDOM_T,SYS,JDOM_T,
PUBLIC,JOB,SYS,JOB,
PUBLIC,JOBARG,SYS,JOBARG,
PUBLIC,JOBARG_ARRAY,SYS,JOBARG_ARRAY,
PUBLIC,JOB_ARRAY,SYS,JOB_ARRAY,
PUBLIC,JOBATTR,SYS,JOBATTR,
PUBLIC,JOBATTR_ARRAY,SYS,JOBATTR_ARRAY,
PUBLIC,JOB_DEFINITION,SYS,JOB_DEFINITION,
PUBLIC,JOB_DEFINITION_ARRAY,SYS,JOB_DEFINITION_ARRAY,
PUBLIC,JSON_ARRAY_T,SYS,JSON_ARRAY_T,
PUBLIC,JSON$AUTO_INDEX,SYS,JSON$AUTO_INDEX,
PUBLIC,JSON$CHECK_EXPR,SYS,JSON$CHECK_EXPR,
PUBLIC,JSON_DATAGUIDE,SYS,JSON_DATAGUIDE,
PUBLIC,JSON_ELEMENT_T,SYS,JSON_ELEMENT_T,
PUBLIC,JSON_HIERDATAGUIDE,SYS,JSON_HIERDATAGUIDE,
PUBLIC,JSON_KEY_LIST,SYS,JSON_KEY_LIST,
PUBLIC,JSON_NKEY_LIST,SYS,JSON_NKEY_LIST,
PUBLIC,JSON_OBJECT_T,SYS,JSON_OBJECT_T,
PUBLIC,JSON_SCALAR_T,SYS,JSON_SCALAR_T,
PUBLIC,KCISYS_BITMAPAGG,SYS,KCISYS_BITMAPAGG,
PUBLIC,KCISYS_CATRSIAGG,SYS,KCISYS_CATRSIAGG,
PUBLIC,KCISYS_CTXAGG,SYS,KCISYS_CTXAGG,
PUBLIC,KCISYS_RSIAGG,SYS,KCISYS_RSIAGG,
PUBLIC,KU$_AUDDEF_T,SYS,KU$_AUDDEF_T,
PUBLIC,KU$_AUDIT_DEFAULT_LIST_T,SYS,KU$_AUDIT_DEFAULT_LIST_T,
PUBLIC,KU$_AUDIT_LIST_T,SYS,KU$_AUDIT_LIST_T,
PUBLIC,KU$_AUDOBJ_T,SYS,KU$_AUDOBJ_T,
PUBLIC,KU$_CHUNK_LIST_T,SYS,KU$_CHUNK_LIST_T,
PUBLIC,KU$_CHUNK_T,SYS,KU$_CHUNK_T,
PUBLIC,KU$_DDL,SYS,KU$_DDL,
PUBLIC,KU$_DDLS,SYS,KU$_DDLS,
PUBLIC,KU$_DUMPFILE,SYS,KU$_DUMPFILE1010,
PUBLIC,KU$_DUMPFILE_INFO,SYS,KU$_DUMPFILE_INFO,
PUBLIC,KU$_DUMPFILE_ITEM,SYS,KU$_DUMPFILE_ITEM,
PUBLIC,KU$_DUMPFILESET,SYS,KU$_DUMPFILESET1010,
PUBLIC,KU$_DUMPFILESET1010,SYS,KU$_DUMPFILESET1010,
PUBLIC,KU$_DUMPFILESET1020,SYS,KU$_DUMPFILESET1010,
PUBLIC,KU$_DUMPFILE1010,SYS,KU$_DUMPFILE1010,
PUBLIC,KU$_DUMPFILE1020,SYS,KU$_DUMPFILE1010,
PUBLIC,KU$_ERRORLINE,SYS,KU$_ERRORLINE,
PUBLIC,KU$_ERRORLINES,SYS,KU$_ERRORLINES,
PUBLIC,KU$_JAVA_T,SYS,KU$_JAVA_T,
PUBLIC,KU$_JOBDESC,SYS,KU$_JOBDESC1220,
PUBLIC,KU$_JOBDESC1010,SYS,KU$_JOBDESC1010,
PUBLIC,KU$_JOBDESC1020,SYS,KU$_JOBDESC1020,
PUBLIC,KU$_JOBDESC1210,SYS,KU$_JOBDESC1210,
PUBLIC,KU$_JOBDESC1220,SYS,KU$_JOBDESC1220,
PUBLIC,KU$_JOBSTATUS,SYS,KU$_JOBSTATUS1220,
PUBLIC,KU$_JOBSTATUS1010,SYS,KU$_JOBSTATUS1010,
PUBLIC,KU$_JOBSTATUS1020,SYS,KU$_JOBSTATUS1020,
PUBLIC,KU$_JOBSTATUS1120,SYS,KU$_JOBSTATUS1120,
PUBLIC,KU$_JOBSTATUS1210,SYS,KU$_JOBSTATUS1210,
PUBLIC,KU$_JOBSTATUS1220,SYS,KU$_JOBSTATUS1220,
PUBLIC,KU$_LOGENTRY,SYS,KU$_LOGENTRY1010,
PUBLIC,KU$_LOGENTRY1010,SYS,KU$_LOGENTRY1010,
PUBLIC,KU$_LOGENTRY1020,SYS,KU$_LOGENTRY1010,
PUBLIC,KU$_LOGLINE,SYS,KU$_LOGLINE1010,
PUBLIC,KU$_LOGLINE1010,SYS,KU$_LOGLINE1010,
PUBLIC,KU$_LOGLINE1020,SYS,KU$_LOGLINE1010,
PUBLIC,KU$_MULTI_DDL,SYS,KU$_DDL,
PUBLIC,KU$_MULTI_DDLS,SYS,KU$_MULTI_DDLS,
PUBLIC,KU$_OBJNUMNAM,SYS,KU$_OBJNUMNAM,
PUBLIC,KU$_OBJNUMNAMSET,SYS,KU$_OBJNUMNAMSET,
PUBLIC,KU$_OBJNUMPAIR,SYS,KU$_OBJNUMPAIR,
PUBLIC,KU$_OBJNUMPAIRLIST,SYS,KU$_OBJNUMPAIRLIST,
PUBLIC,KU$_OBJNUMSET,SYS,KU$_OBJNUMSET,
PUBLIC,KU$_PARAMVALUE,SYS,KU$_PARAMVALUE1010,
PUBLIC,KU$_PARAMVALUES,SYS,KU$_PARAMVALUES1010,
PUBLIC,KU$_PARAMVALUES1010,SYS,KU$_PARAMVALUES1010,
PUBLIC,KU$_PARAMVALUES1020,SYS,KU$_PARAMVALUES1010,
PUBLIC,KU$_PARAMVALUE1010,SYS,KU$_PARAMVALUE1010,
PUBLIC,KU$_PARAMVALUE1020,SYS,KU$_PARAMVALUE1010,
PUBLIC,KU$_PARSED_ITEM,SYS,KU$_PARSED_ITEM,
PUBLIC,KU$_PARSED_ITEMS,SYS,KU$_PARSED_ITEMS,
PUBLIC,KUPCC,SYS,KUPCC,
PUBLIC,KU$_PROCOBJ_LINE,SYS,KU$_PROCOBJ_LINE,
PUBLIC,KU$_PROCOBJ_LINES,SYS,KU$_PROCOBJ_LINES,
PUBLIC,KU$_PROCOBJ_LINES_TAB,SYS,KU$_PROCOBJ_LINES_TAB,
PUBLIC,KU$_PROCOBJ_LOC,SYS,KU$_PROCOBJ_LOC,
PUBLIC,KU$_PROCOBJ_LOCS,SYS,KU$_PROCOBJ_LOCS,
PUBLIC,KUPUTIL,SYS,KUPU$UTILITIES,
PUBLIC,KU$_SOURCE_LIST_T,SYS,KU$_SOURCE_LIST_T,
PUBLIC,KU$_SOURCE_T,SYS,KU$_SOURCE_T,
PUBLIC,KU$_STATUS,SYS,KU$_STATUS1220,
PUBLIC,KU$_STATUS1010,SYS,KU$_STATUS1010,
PUBLIC,KU$_STATUS1020,SYS,KU$_STATUS1020,
PUBLIC,KU$_STATUS1120,SYS,KU$_STATUS1120,
PUBLIC,KU$_STATUS1210,SYS,KU$_STATUS1210,
PUBLIC,KU$_STATUS1220,SYS,KU$_STATUS1220,
PUBLIC,KU$_SUBMITRESULT,SYS,KU$_SUBMITRESULT,
PUBLIC,KU$_SUBMITRESULTS,SYS,KU$_SUBMITRESULTS,
PUBLIC,KU$_TACTION_LIST_T,SYS,KU$_TACTION_LIST_T,
PUBLIC,KU$_TACTION_T,SYS,KU$_TACTION_T,
PUBLIC,KU$_UNPACKED_ANYDATA_T,SYS,KU$_UNPACKED_ANYDATA_T,
PUBLIC,KU$_VCNT,SYS,KU$_VCNT,
PUBLIC,KU$_WORKERSTATUS,SYS,KU$_WORKERSTATUS1220,
PUBLIC,KU$_WORKERSTATUSLIST,SYS,KU$_WORKERSTATUSLIST1220,
PUBLIC,KU$_WORKERSTATUSLIST1010,SYS,KU$_WORKERSTATUSLIST1010,
PUBLIC,KU$_WORKERSTATUSLIST1020,SYS,KU$_WORKERSTATUSLIST1020,
PUBLIC,KU$_WORKERSTATUSLIST1120,SYS,KU$_WORKERSTATUSLIST1120,
PUBLIC,KU$_WORKERSTATUSLIST1210,SYS,KU$_WORKERSTATUSLIST1210,
PUBLIC,KU$_WORKERSTATUSLIST1220,SYS,KU$_WORKERSTATUSLIST1220,
PUBLIC,KU$_WORKERSTATUS1010,SYS,KU$_WORKERSTATUS1010,
PUBLIC,KU$_WORKERSTATUS1020,SYS,KU$_WORKERSTATUS1020,
PUBLIC,KU$_WORKERSTATUS1120,SYS,KU$_WORKERSTATUS1120,
PUBLIC,KU$_WORKERSTATUS1210,SYS,KU$_WORKERSTATUS1210,
PUBLIC,KU$_WORKERSTATUS1220,SYS,KU$_WORKERSTATUS1220,
PUBLIC,KU$_XMLCOLSET_T,SYS,KU$_XMLCOLSET_T,
PUBLIC,LABEL_TO_CHAR,LBACSYS,NUMERIC_LABEL_TO_CHAR,
PUBLIC,LBAC_AUDIT_ACTIONS,LBACSYS,OLS$AUDIT_ACTIONS,
PUBLIC,LBAC_LABEL_TO_CHAR,LBACSYS,LBAC_LABEL_TO_CHAR,
PUBLIC,LBAC_POLICY_ADMIN,LBACSYS,LBAC_POLICY_ADMIN,
PUBLIC,LBAC_SESSION,LBACSYS,LBAC_SESSION,
PUBLIC,LBAC_TO_NUMERIC,LBACSYS,LBAC_LABEL_TO_NUMERIC,
PUBLIC,LBAC_UTL,LBACSYS,LBAC_UTL,
PUBLIC,LDAP_ATTR,LBACSYS,LDAP_ATTR,
PUBLIC,LDAP_ATTR_LIST,LBACSYS,LDAP_ATTR_LIST,
PUBLIC,LDAP_EVENT,LBACSYS,LDAP_EVENT,
PUBLIC,LDAP_EVENT_STATUS,LBACSYS,LDAP_EVENT_STATUS,
PUBLIC,LEAST_UBOUND,LBACSYS,NUMERIC_LEAST_UBOUND,
PUBLIC,LINESTRING,MDSYS,ST_LINESTRING,
PUBLIC,LINESTRINGFROMTEXT,MDSYS,OGC_LINESTRINGFROMTEXT,
PUBLIC,LINESTRINGFROMWKB,MDSYS,OGC_LINESTRINGFROMWKB,
PUBLIC,LOADER_COL_FLAGS,SYS,LOADER_COL_FLAGS,
PUBLIC,LOADER_COL_INFO,SYS,LOADER_COL_INFO,
PUBLIC,LOADER_COL_TYPE,SYS,LOADER_COL_TYPE,
PUBLIC,LOADER_CONSTRAINT_INFO,SYS,LOADER_CONSTRAINT_INFO,
PUBLIC,LOADER_DB_OPEN_READ_WRITE,SYS,LOADER_DB_OPEN_READ_WRITE,
PUBLIC,LOADER_DIR_OBJS,SYS,LOADER_DIR_OBJS,
PUBLIC,LOADER_FILE_TS,SYS,LOADER_FILE_TS,
PUBLIC,LOADER_FULL_ATTR_NAME,SYS,LOADER_FULL_ATTR_NAME,
PUBLIC,LOADER_INTCOL_INFO,SYS,LOADER_INTCOL_INFO,
PUBLIC,LOADER_LOB_FLAGS,SYS,LOADER_LOB_FLAGS,
PUBLIC,LOADER_LOB_INDEX_COL,SYS,LOADER_LOB_INDEX_COL,
PUBLIC,LOADER_LOB_INDEX_TAB,SYS,LOADER_LOB_INDEX_TAB,
PUBLIC,LOADER_NESTED_VARRAYS,SYS,LOADER_NESTED_VARRAYS,
PUBLIC,LOADER_OID_INFO,SYS,LOADER_OID_INFO,
PUBLIC,LOADER_PARAM_INFO,SYS,LOADER_PARAM_INFO,
PUBLIC,LOADER_PART_INFO,SYS,LOADER_PART_INFO,
PUBLIC,LOADER_REF_INFO,SYS,LOADER_REF_INFO,
PUBLIC,LOADER_SKIP_UNUSABLE_INDEXES,SYS,LOADER_SKIP_UNUSABLE_INDEXES,
PUBLIC,LOADER_TAB_INFO,SYS,LOADER_TAB_INFO,
PUBLIC,LOADER_TRIGGER_INFO,SYS,LOADER_TRIGGER_INFO,
PUBLIC,LOCAL_CHUNK_COLUMNS,GSMADMIN_INTERNAL,LOCAL_CHUNK_COLUMNS,
PUBLIC,LOCAL_CHUNKS,GSMADMIN_INTERNAL,LOCAL_CHUNKS,
PUBLIC,LOCAL_CHUNK_TYPES,GSMADMIN_INTERNAL,LOCAL_CHUNK_TYPES,
PUBLIC,LOCAL_TABLE_FAMILY_SERVICES,GSMADMIN_INTERNAL,LOCAL_TABLE_FAMILY_SERVICES,
PUBLIC,LOCATION_MSG,MDSYS,LOCATION_MSG,
PUBLIC,LOCATION_MSG_ARR,MDSYS,LOCATION_MSG_ARR,
PUBLIC,LOCATION_MSG_PKD,MDSYS,LOCATION_MSG_PKD,
PUBLIC,LOCATOR_WITHIN_DISTANCE,MDSYS,LOCATOR_WITHIN_DISTANCE,
PUBLIC,LOGMNR$ALWAYS_SUPLOG_COLUMNS,SYS,LOGMNR$ALWSUPLOG_TABF_PUBLIC,
PUBLIC,LOGMNR$SCHEMA_ALLKEY_SUPLOG,SYS,LOGMNR$SCHEMA_ALLKEY_SUPLOG,
PUBLIC,LOGSTDBY_UNSUPPORTED_TABLES,SYS,DBA_LOGSTDBY_UNSUPPORTED_TABLE,
PUBLIC,LUBD,LBACSYS,NUMERIC_LEAST_UBOUND,
PUBLIC,MAINTPLAN_SEQ,SYS,MAINTPLAN_SEQ,
PUBLIC,MAP_OBJECT,SYS,MAP_OBJECT,
PUBLIC,MATCHES,CTXSYS,MATCHES,
PUBLIC,MATCH_SCORE,CTXSYS,MATCH_SCORE,
PUBLIC,MBRCOORDLIST,MDSYS,MBRCOORDLIST,
PUBLIC,MD,MDSYS,MD,
PUBLIC,MD_LRS,MDSYS,MD_LRS,
PUBLIC,MERGE_LABEL,LBACSYS,NUMERIC_MERGE_LABEL,
PUBLIC,META-INF/services/javax.imageio.spi.ImageInputStreamSpi,MDSYS,META-INF/services/javax.imageio.spi.ImageInputStreamSpi,
PUBLIC,META-INF/services/javax.imageio.spi.ImageOutputStreamSpi,MDSYS,META-INF/services/javax.imageio.spi.ImageOutputStreamSpi,
PUBLIC,META-INF/services/javax.imageio.spi.ImageReaderSpi,MDSYS,META-INF/services/javax.imageio.spi.ImageReaderSpi,
PUBLIC,META-INF/services/javax.imageio.spi.ImageWriterSpi,MDSYS,META-INF/services/javax.imageio.spi.ImageWriterSpi,
PUBLIC,META-INF/services/javax.media.jai.OperationRegistrySpi,MDSYS,META-INF/services/javax.media.jai.OperationRegistrySpi,
PUBLIC,MULTICURVE,MDSYS,ST_MULTICURVE,
PUBLIC,MULTILINESTRING,MDSYS,ST_MULTILINESTRING,
PUBLIC,MULTILINESTRINGFROMTEXT,MDSYS,OGC_MULTILINESTRINGFROMTEXT,
PUBLIC,MULTILINESTRINGFROMWKB,MDSYS,OGC_MULTILINESTRINGFROMWKB,
PUBLIC,MULTIPOINT,MDSYS,ST_MULTIPOINT,
PUBLIC,MULTIPOLYGON,MDSYS,ST_MULTIPOLYGON,
PUBLIC,MULTIPOLYGONFROMTEXT,MDSYS,OGC_MULTIPOLYGONFROMTEXT,
PUBLIC,MULTIPOLYGONFROMWKB,MDSYS,OGC_MULTIPOLYGONFROMWKB,
PUBLIC,MULTISURFACE,MDSYS,ST_MULTISURFACE,
PUBLIC,MY_SDO_INDEX_METADATA,MDSYS,MY_SDO_INDEX_METADATA,
PUBLIC,NameFromLastDDL,SYS,NameFromLastDDL,
PUBLIC,NLS_DATABASE_PARAMETERS,SYS,NLS_DATABASE_PARAMETERS,
PUBLIC,NLS_INSTANCE_PARAMETERS,SYS,NLS_INSTANCE_PARAMETERS,
PUBLIC,NLS_SESSION_PARAMETERS,SYS,NLS_SESSION_PARAMETERS,
PUBLIC,NOTIFICATION_MSG,MDSYS,NOTIFICATION_MSG,
PUBLIC,NTV2_XML_DATA,MDSYS,NTV2_XML_DATA,
PUBLIC,NUMERIC_LABEL_TO_CHAR,LBACSYS,NUMERIC_LABEL_TO_CHAR,
PUBLIC,NUMERIC_TO_LBAC,LBACSYS,NUMERIC_LABEL_TO_LBAC,
PUBLIC,NUMGEOMETRIES,MDSYS,OGC_NUMGEOMETRIES,
PUBLIC,NUMINTERIORRINGS,MDSYS,OGC_NUMINTERIORRINGS,
PUBLIC,NUMPOINTS,MDSYS,OGC_NUMPOINTS,
PUBLIC,OBJ,SYS,USER_OBJECTS,
PUBLIC,ODCICONST,SYS,ODCICONST,
PUBLIC,ODM_MODEL_UTIL,SYS,ODM_MODEL_UTIL,
PUBLIC,ODM_UTIL,SYS,ODM_UTIL,
PUBLIC,OGC_CONTAINS,MDSYS,OGC_CONTAINS,
PUBLIC,OGC_LENGTH,MDSYS,OGC_LENGTH,
PUBLIC,OGC_UNION,MDSYS,OGC_UNION,
PUBLIC,OGC_X,MDSYS,OGC_X,
PUBLIC,OGC_Y,MDSYS,OGC_Y,
PUBLIC,OGIS_GEOMETRY_COLUMNS,MDSYS,OGIS_GEOMETRY_COLUMNS,
PUBLIC,OGIS_SPATIAL_REFERENCE_SYSTEMS,MDSYS,OGIS_SPATIAL_REFERENCE_SYSTEMS,
PUBLIC,OID_ENABLED,LBACSYS,OID_ENABLED,
PUBLIC,OJDS_NAMESPACE,SYS,OJDS_NAMESPACE,
PUBLIC,OL$,SYSTEM,OL$,
PUBLIC,OLAP_BOOL_SRF,SYS,OLAP_BOOL_SRF,
PUBLIC,OLAP_CONDITION,SYS,OLAP_CONDITION,
PUBLIC,OLAP_DATE_SRF,SYS,OLAP_DATE_SRF,
PUBLIC,OLAP_EXPRESSION,SYS,OLAP_EXPRESSION,
PUBLIC,OLAP_EXPRESSION_BOOL,SYS,OLAP_EXPRESSION_BOOL,
PUBLIC,OLAP_EXPRESSION_DATE,SYS,OLAP_EXPRESSION_DATE,
PUBLIC,OLAP_EXPRESSION_TEXT,SYS,OLAP_EXPRESSION_TEXT,
PUBLIC,OLAPIBOOTSTRAP2,SYS,OLAPIBOOTSTRAP2,
PUBLIC,OLAPIHANDSHAKE2,SYS,OLAPIHANDSHAKE2,
PUBLIC,OLAP_NUMBER_SRF,SYS,OLAP_NUMBER_SRF,
PUBLIC,OLAPRC_TABLE,SYS,OLAPRC_TABLE,
PUBLIC,OLAP_SRF_T,SYS,OLAP_SRF_T,
PUBLIC,OLAP_TABLE,SYS,OLAP_TABLE,
PUBLIC,OLAP_TEXT_SRF,SYS,OLAP_TEXT_SRF,
PUBLIC,OL$HINTS,SYSTEM,OL$HINTS,
PUBLIC,OL$NODES,SYSTEM,OL$NODES,
PUBLIC,OLS_DIP_NTFY,LBACSYS,OLS_DIP_NTFY,
PUBLIC,OLS_DOM,LBACSYS,NUMERIC_DOMINATES,
PUBLIC,OLS_DOM_BY,LBACSYS,NUMERIC_DOMINATED_BY,
PUBLIC,OLS_DOMINATED_BY,LBACSYS,NUMERIC_DOMINATED_BY,
PUBLIC,OLS_DOMINATES,LBACSYS,NUMERIC_DOMINATES,
PUBLIC,OLS_GLBD,LBACSYS,NUMERIC_GREATEST_LBOUND,
PUBLIC,OLS_GREATEST_LBOUND,LBACSYS,NUMERIC_GREATEST_LBOUND,
PUBLIC,OLS_LABEL_DOMINATES,LBACSYS,OLS_LABEL_DOMINATES,
PUBLIC,OLS_LEAST_UBOUND,LBACSYS,NUMERIC_LEAST_UBOUND,
PUBLIC,OLS_LUBD,LBACSYS,NUMERIC_LEAST_UBOUND,
PUBLIC,OLS_S_DOM,LBACSYS,NUMERIC_STRICTLY_DOMINATES,
PUBLIC,OLS_S_DOM_BY,LBACSYS,NUMERIC_STRICTLY_DOMINATED_BY,
PUBLIC,OLS_STRICTLY_DOMINATED_BY,LBACSYS,NUMERIC_STRICTLY_DOMINATED_BY,
PUBLIC,OLS_STRICTLY_DOMINATES,LBACSYS,NUMERIC_STRICTLY_DOMINATES,
PUBLIC,OPG_APIS,MDSYS,OPG_APIS,
PUBLIC,OPG_GRAPHOP,MDSYS,OPG_GRAPHOP,
PUBLIC,OPG_METRICS,MDSYS,OPG_METRICS,
PUBLIC,OPG_PATH,MDSYS,OPG_PATH,
PUBLIC,OPG_RANK,MDSYS,OPG_RANK,
PUBLIC,oracle/AQ/AQAgent,SYS,oracle/AQ/AQAgent,
PUBLIC,oracle/AQ/AQConstants,SYS,oracle/AQ/AQConstants,
PUBLIC,oracle/AQ/AQDequeueOption,SYS,oracle/AQ/AQDequeueOption,
PUBLIC,oracle/AQ/AQDriver,SYS,oracle/AQ/AQDriver,
PUBLIC,oracle/AQ/AQDriverManager,SYS,oracle/AQ/AQDriverManager,
PUBLIC,oracle/AQ/AQEnqueueOption,SYS,oracle/AQ/AQEnqueueOption,
PUBLIC,oracle/AQ/AQException,SYS,oracle/AQ/AQException,
PUBLIC,oracle/AQ/AQMessage,SYS,oracle/AQ/AQMessage,
PUBLIC,oracle/AQ/AQMessageProperty,SYS,oracle/AQ/AQMessageProperty,
PUBLIC,oracle/AQ/AQObjectPayload,SYS,oracle/AQ/AQObjectPayload,
PUBLIC,oracle/AQ/AQOracleAdmin,SYS,oracle/AQ/AQOracleAdmin,
PUBLIC,oracle/AQ/AQOracleAgent,SYS,oracle/AQ/AQOracleAgent,
PUBLIC,oracle/AQ/AQOracleDebug,SYS,oracle/AQ/AQOracleDebug,
PUBLIC,oracle/AQ/AQOracleDriver,SYS,oracle/AQ/AQOracleDriver,
PUBLIC,oracle/AQ/AQOracleMessage,SYS,oracle/AQ/AQOracleMessage,
PUBLIC,oracle/AQ/AQOracleObjectPayload,SYS,oracle/AQ/AQOracleObjectPayload,
PUBLIC,oracle/AQ/AQOracleQueue,SYS,oracle/AQ/AQOracleQueue,
PUBLIC,oracle/AQ/AQOracleQueueTable,SYS,oracle/AQ/AQOracleQueueTable,
PUBLIC,oracle/AQ/AQOracleQueueTableFactory,SYS,oracle/AQ/AQOracleQueueTableFactory,
PUBLIC,oracle/AQ/AQOracleRawPayload,SYS,oracle/AQ/AQOracleRawPayload,
PUBLIC,oracle/AQ/AQOracleSession,SYS,oracle/AQ/AQOracleSession,
PUBLIC,oracle/AQ/AQOracleSQLException,SYS,oracle/AQ/AQOracleSQLException,
PUBLIC,oracle/AQ/AQOracleStructData,SYS,oracle/AQ/AQOracleStructData,
PUBLIC,oracle/AQ/AQQueue,SYS,oracle/AQ/AQQueue,
PUBLIC,oracle/AQ/AQQueueAdmin,SYS,oracle/AQ/AQQueueAdmin,
PUBLIC,oracle/AQ/AQQueueProperty,SYS,oracle/AQ/AQQueueProperty,
PUBLIC,oracle/AQ/AQQueueTable,SYS,oracle/AQ/AQQueueTable,
PUBLIC,oracle/AQ/AQQueueTableProperty,SYS,oracle/AQ/AQQueueTableProperty,
PUBLIC,oracle/AQ/AQRawPayload,SYS,oracle/AQ/AQRawPayload,
PUBLIC,oracle/AQ/AQSession,SYS,oracle/AQ/AQSession,
PUBLIC,oracle/AQ/AQSignature,SYS,oracle/AQ/AQSignature,
PUBLIC,oracle/AQ/AQStructData,SYS,oracle/AQ/AQStructData,
PUBLIC,oracle/AQ/AQUtil,SYS,oracle/AQ/AQUtil,
PUBLIC,oracle/AWAction/Alter,SYS,oracle/AWAction/Alter,
PUBLIC,oracle/AWAction/Attach,SYS,oracle/AWAction/Attach,
PUBLIC,oracle/AWAction/AWAction,SYS,oracle/AWAction/AWAction,
PUBLIC,oracle/AWAction/BuildDatabase,SYS,oracle/AWAction/BuildDatabase,
PUBLIC,oracle/AWAction/Commit,SYS,oracle/AWAction/Commit,
PUBLIC,oracle/AWAction/Create,SYS,oracle/AWAction/Create,
PUBLIC,oracle/AWAction/Delete,SYS,oracle/AWAction/Delete,
PUBLIC,oracle/AWAction/Detach,SYS,oracle/AWAction/Detach,
PUBLIC,oracle/AWAction/Driver,SYS,oracle/AWAction/Driver,
PUBLIC,oracle/AWAction/Interaction,SYS,oracle/AWAction/Interaction,
PUBLIC,oracle/AWAction/JDBCDriver,SYS,oracle/AWAction/JDBCDriver,
PUBLIC,oracle/AWAction/XMLUtilities,SYS,oracle/AWAction/XMLUtilities,
PUBLIC,oracle/AWXML/Aggregation,SYS,oracle/AWXML/Aggregation,
PUBLIC,oracle/AWXML/AggregationArgument,SYS,oracle/AWXML/AggregationArgument,
PUBLIC,oracle/AWXML/AggregationDefinition,SYS,oracle/AWXML/AggregationDefinition,
PUBLIC,oracle/AWXML/AggregationHierarchySpecification,SYS,oracle/AWXML/AggregationHierarchySpecification,
PUBLIC,oracle/AWXML/AggregationOperator,SYS,oracle/AWXML/AggregationOperator,
PUBLIC,oracle/AWXML/AggregationSolve,SYS,oracle/AWXML/AggregationSolve,
PUBLIC,oracle/AWXML/Allocation,SYS,oracle/AWXML/Allocation,
PUBLIC,oracle/AWXML/AllocationArgument,SYS,oracle/AWXML/AllocationArgument,
PUBLIC,oracle/AWXML/AllocationDefinition,SYS,oracle/AWXML/AllocationDefinition,
PUBLIC,oracle/AWXML/AllocationHierarchySpecification,SYS,oracle/AWXML/AllocationHierarchySpecification,
PUBLIC,oracle/AWXML/AllocationOperator,SYS,oracle/AWXML/AllocationOperator,
PUBLIC,oracle/AWXML/AllocationSolve,SYS,oracle/AWXML/AllocationSolve,
PUBLIC,oracle/AWXML/Attribute,SYS,oracle/AWXML/Attribute,
PUBLIC,oracle/AWXML/AttributeProjection,SYS,oracle/AWXML/AttributeProjection,
PUBLIC,oracle/AWXML/AttributeSourceExpression,SYS,oracle/AWXML/AttributeSourceExpression,
PUBLIC,oracle/AWXML/AW,SYS,oracle/AWXML/AW,
PUBLIC,oracle/AWXML/AWConnection,SYS,oracle/AWXML/AWConnection,
PUBLIC,oracle/AWXML/AWConnectionException,SYS,oracle/AWXML/AWConnectionException,
PUBLIC,oracle/AWXML/AWException,SYS,oracle/AWXML/AWException,
PUBLIC,oracle/AWXML/AWExceptionCommon,SYS,oracle/AWXML/AWExceptionCommon,
PUBLIC,oracle/AWXML/AWExceptionMessageCode,SYS,oracle/AWXML/AWExceptionMessageCode,
PUBLIC,oracle/AWXML/AWExceptionMessageResources,SYS,oracle/AWXML/AWExceptionMessageResources,
PUBLIC,oracle/AWXML/AWExceptionMessageResources_de,SYS,oracle/AWXML/AWExceptionMessageResources_de,
PUBLIC,oracle/AWXML/AWExceptionMessageResources_es,SYS,oracle/AWXML/AWExceptionMessageResources_es,
PUBLIC,oracle/AWXML/AWExceptionMessageResources_fr,SYS,oracle/AWXML/AWExceptionMessageResources_fr,
PUBLIC,oracle/AWXML/AWExceptionMessageResources_it,SYS,oracle/AWXML/AWExceptionMessageResources_it,
PUBLIC,oracle/AWXML/AWExceptionMessageResources_ja,SYS,oracle/AWXML/AWExceptionMessageResources_ja,
PUBLIC,oracle/AWXML/AWExceptionMessageResources_ko,SYS,oracle/AWXML/AWExceptionMessageResources_ko,
PUBLIC,oracle/AWXML/AWExceptionMessageResources_pt_BR,SYS,oracle/AWXML/AWExceptionMessageResources_pt_BR,
PUBLIC,oracle/AWXML/AWExceptionMessageResources_zh_CN,SYS,oracle/AWXML/AWExceptionMessageResources_zh_CN,
PUBLIC,oracle/AWXML/AWExceptionMessageResources_zh_TW,SYS,oracle/AWXML/AWExceptionMessageResources_zh_TW,
PUBLIC,oracle/AWXML/AWExpressCommandException,SYS,oracle/AWXML/AWExpressCommandException,
PUBLIC,oracle/AWXML/AWFunctionNotSupported,SYS,oracle/AWXML/AWFunctionNotSupported,
PUBLIC,oracle/AWXML/AWHandlerBase,SYS,oracle/AWXML/AWHandlerBase,
PUBLIC,oracle/AWXML/AWHandlerBaseTest,SYS,oracle/AWXML/AWHandlerBaseTest,
PUBLIC,oracle/AWXML/AWMemberExistsException,SYS,oracle/AWXML/AWMemberExistsException,
PUBLIC,oracle/AWXML/AWObject,SYS,oracle/AWXML/AWObject,
PUBLIC,oracle/AWXML/AWObjectExistsException,SYS,oracle/AWXML/AWObjectExistsException,
PUBLIC,oracle/AWXML/AWParsedObject,SYS,oracle/AWXML/AWParsedObject,
PUBLIC,oracle/AWXML/AWParser,SYS,oracle/AWXML/AWParser,
PUBLIC,oracle/AWXML/AWParseUtilities,SYS,oracle/AWXML/AWParseUtilities,
PUBLIC,oracle/AWXML/AWUnResolvedReference,SYS,oracle/AWXML/AWUnResolvedReference,
PUBLIC,oracle/AWXML/BaseObject,SYS,oracle/AWXML/BaseObject,
PUBLIC,oracle/AWXML/BaseOperator,SYS,oracle/AWXML/BaseOperator,
PUBLIC,oracle/AWXML/CalculatedMember,SYS,oracle/AWXML/CalculatedMember,
PUBLIC,oracle/AWXML/CalculatedMemberRef,SYS,oracle/AWXML/CalculatedMemberRef,
PUBLIC,oracle/AWXML/CalculationSpecification,SYS,oracle/AWXML/CalculationSpecification,
PUBLIC,oracle/AWXML/ConfigurationParameters,SYS,oracle/AWXML/ConfigurationParameters,
PUBLIC,oracle/AWXML/Cube,SYS,oracle/AWXML/Cube,
PUBLIC,oracle/AWXML/CubeDimensionSourceExpression,SYS,oracle/AWXML/CubeDimensionSourceExpression,
PUBLIC,oracle/AWXML/CubeDimRef,SYS,oracle/AWXML/CubeDimRef,
PUBLIC,oracle/AWXML/CubeMapGroup,SYS,oracle/AWXML/CubeMapGroup,
PUBLIC,oracle/AWXML/DerivedMeasure,SYS,oracle/AWXML/DerivedMeasure,
PUBLIC,oracle/AWXML/DerivedMeasureInput,SYS,oracle/AWXML/DerivedMeasureInput,
PUBLIC,oracle/AWXML/Dimension,SYS,oracle/AWXML/Dimension,
PUBLIC,oracle/AWXML/DimensionKeySourceExpression,SYS,oracle/AWXML/DimensionKeySourceExpression,
PUBLIC,oracle/AWXML/DimensionMapGroup,SYS,oracle/AWXML/DimensionMapGroup,
PUBLIC,oracle/AWXML/DimensionMemberExpression,SYS,oracle/AWXML/DimensionMemberExpression,
PUBLIC,oracle/AWXML/DimensionMemberSelection,SYS,oracle/AWXML/DimensionMemberSelection,
PUBLIC,oracle/AWXML/ExtendedProperty,SYS,oracle/AWXML/ExtendedProperty,
PUBLIC,oracle/AWXML/ExtendedXMLWriter,SYS,oracle/AWXML/ExtendedXMLWriter,
PUBLIC,oracle/AWXML/ExternalSourceExpression,SYS,oracle/AWXML/ExternalSourceExpression,
PUBLIC,oracle/AWXML/ForecastArgument,SYS,oracle/AWXML/ForecastArgument,
PUBLIC,oracle/AWXML/ForecastArgumentValue,SYS,oracle/AWXML/ForecastArgumentValue,
PUBLIC,oracle/AWXML/ForecastDefinition,SYS,oracle/AWXML/ForecastDefinition,
PUBLIC,oracle/AWXML/ForeCastKeyWord,SYS,oracle/AWXML/ForeCastKeyWord,
PUBLIC,oracle/AWXML/ForecastSolve,SYS,oracle/AWXML/ForecastSolve,
PUBLIC,oracle/AWXML/HierarchicalParentSourceExpression,SYS,oracle/AWXML/HierarchicalParentSourceExpression,
PUBLIC,oracle/AWXML/Hierarchy,SYS,oracle/AWXML/Hierarchy,
PUBLIC,oracle/AWXML/HierarchyLevelAssociation,SYS,oracle/AWXML/HierarchyLevelAssociation,
PUBLIC,oracle/AWXML/Index,SYS,oracle/AWXML/Index,
PUBLIC,oracle/AWXML/Level,SYS,oracle/AWXML/Level,
PUBLIC,oracle/AWXML/MappingGroup,SYS,oracle/AWXML/MappingGroup,
PUBLIC,oracle/AWXML/Measure,SYS,oracle/AWXML/Measure,
PUBLIC,oracle/AWXML/MeasureFolder,SYS,oracle/AWXML/MeasureFolder,
PUBLIC,oracle/AWXML/MeasureSourceExpression,SYS,oracle/AWXML/MeasureSourceExpression,
PUBLIC,oracle/AWXML/MemberSelection,SYS,oracle/AWXML/MemberSelection,
PUBLIC,oracle/AWXML/Model,SYS,oracle/AWXML/Model,
PUBLIC,oracle/AWXML/ModelDimRef,SYS,oracle/AWXML/ModelDimRef,
PUBLIC,oracle/AWXML/ModelRef,SYS,oracle/AWXML/ModelRef,
PUBLIC,oracle/AWXML/ObjectNotValidException,SYS,oracle/AWXML/ObjectNotValidException,
PUBLIC,oracle/AWXML/OlapMeasure,SYS,oracle/AWXML/OlapMeasure,
PUBLIC,oracle/AWXML/OlapMeasureInput,SYS,oracle/AWXML/OlapMeasureInput,
PUBLIC,oracle/AWXML/Operator,SYS,oracle/AWXML/Operator,
PUBLIC,oracle/AWXML/OperatorType,SYS,oracle/AWXML/OperatorType,
PUBLIC,oracle/AWXML/Parameter,SYS,oracle/AWXML/Parameter,
PUBLIC,oracle/AWXML/PermanentCalculatedMember,SYS,oracle/AWXML/PermanentCalculatedMember,
PUBLIC,oracle/AWXML/PreComputeClause,SYS,oracle/AWXML/PreComputeClause,
PUBLIC,oracle/AWXML/RestrictedSourceExpression,SYS,oracle/AWXML/RestrictedSourceExpression,
PUBLIC,oracle/AWXML/SessionCalculatedMember,SYS,oracle/AWXML/SessionCalculatedMember,
PUBLIC,oracle/AWXML/Solve,SYS,oracle/AWXML/Solve,
PUBLIC,oracle/AWXML/SolveDefDimRef,SYS,oracle/AWXML/SolveDefDimRef,
PUBLIC,oracle/AWXML/SolveDefinition,SYS,oracle/AWXML/SolveDefinition,
PUBLIC,oracle/AWXML/SolveGroup,SYS,oracle/AWXML/SolveGroup,
PUBLIC,oracle/AWXML/SourceColumn,SYS,oracle/AWXML/SourceColumn,
PUBLIC,oracle/AWXML/SparseDefinition,SYS,oracle/AWXML/SparseDefinition,
PUBLIC,oracle/AWXML/UserDefinedArgument,SYS,oracle/AWXML/UserDefinedArgument,
PUBLIC,oracle/AWXML/UserDefinedOperator,SYS,oracle/AWXML/UserDefinedOperator,
PUBLIC,oracle/AWXML/WhereClause,SYS,oracle/AWXML/WhereClause,
PUBLIC,oracle/CartridgeServices/ContextManager,SYS,oracle/CartridgeServices/ContextManager,
PUBLIC,oracle/CartridgeServices/CountException,SYS,oracle/CartridgeServices/CountException,
PUBLIC,oracle/CartridgeServices/InvalidKeyException,SYS,oracle/CartridgeServices/InvalidKeyException,
PUBLIC,oracle/express/ErrorDescription,SYS,oracle/express/ErrorDescription,
PUBLIC,oracle/express/ErrorStack,SYS,oracle/express/ErrorStack,
PUBLIC,oracle/express/ExpressServerException,SYS,oracle/express/ExpressServerException,
PUBLIC,oracle/express/idl/ExpressConnectionModule/ConnectionInterface,SYS,oracle/express/idl/ExpressConnectionModule/ConnectionInterface,
PUBLIC,oracle/express/idl/ExpressConnectionModule/ConnectionInterfaceHelper,SYS,oracle/express/idl/ExpressConnectionModule/ConnectionInterfaceHelper,
PUBLIC,oracle/express/idl/ExpressConnectionModule/ConnectionInterfaceStub,SYS,oracle/express/idl/ExpressConnectionModule/ConnectionInterfaceStub,
PUBLIC,oracle/express/idl/ExpressConnectionModule/DatabaseInterface,SYS,oracle/express/idl/ExpressConnectionModule/DatabaseInterface,
PUBLIC,oracle/express/idl/ExpressConnectionModule/DatabaseInterfaceHelper,SYS,oracle/express/idl/ExpressConnectionModule/DatabaseInterfaceHelper,
PUBLIC,oracle/express/idl/ExpressConnectionModule/DatabaseInterfaceStub,SYS,oracle/express/idl/ExpressConnectionModule/DatabaseInterfaceStub,
PUBLIC,oracle/express/idl/ExpressConnectionModule/PropertySequenceHelper,SYS,oracle/express/idl/ExpressConnectionModule/PropertySequenceHelper,
PUBLIC,oracle/express/idl/ExpressConnectionModule/PropertyStruct,SYS,oracle/express/idl/ExpressConnectionModule/PropertyStruct,
PUBLIC,oracle/express/idl/ExpressConnectionModule/PropertyStructHelper,SYS,oracle/express/idl/ExpressConnectionModule/PropertyStructHelper,
PUBLIC,oracle/express/idl/ExpressConnectionModule/RemoteAuthenticationException,SYS,oracle/express/idl/ExpressConnectionModule/RemoteAuthenticationException,
PUBLIC,oracle/express/idl/ExpressConnectionModule/RemoteAuthenticationExceptionHelper,SYS,oracle/express/idl/ExpressConnectionModule/RemoteAuthenticationExceptionHelper,
PUBLIC,oracle/express/idl/ExpressModule/DomainEnum,SYS,oracle/express/idl/ExpressModule/DomainEnum,
PUBLIC,oracle/express/idl/ExpressModule/DomainEnumHelper,SYS,oracle/express/idl/ExpressModule/DomainEnumHelper,
PUBLIC,oracle/express/idl/ExpressModule/ErrorClassEnum,SYS,oracle/express/idl/ExpressModule/ErrorClassEnum,
PUBLIC,oracle/express/idl/ExpressModule/ErrorClassEnumHelper,SYS,oracle/express/idl/ExpressModule/ErrorClassEnumHelper,
PUBLIC,oracle/express/idl/ExpressModule/ErrorDescriptionSequenceHelper,SYS,oracle/express/idl/ExpressModule/ErrorDescriptionSequenceHelper,
PUBLIC,oracle/express/idl/ExpressModule/ErrorDescriptionStruct,SYS,oracle/express/idl/ExpressModule/ErrorDescriptionStruct,
PUBLIC,oracle/express/idl/ExpressModule/ErrorDescriptionStructHelper,SYS,oracle/express/idl/ExpressModule/ErrorDescriptionStructHelper,
PUBLIC,oracle/express/idl/ExpressModule/ErrorTypeEnum,SYS,oracle/express/idl/ExpressModule/ErrorTypeEnum,
PUBLIC,oracle/express/idl/ExpressModule/ErrorTypeEnumHelper,SYS,oracle/express/idl/ExpressModule/ErrorTypeEnumHelper,
PUBLIC,oracle/express/idl/ExpressModule/ExpressException,SYS,oracle/express/idl/ExpressModule/ExpressException,
PUBLIC,oracle/express/idl/ExpressModule/ExpressExceptionHelper,SYS,oracle/express/idl/ExpressModule/ExpressExceptionHelper,
PUBLIC,oracle/express/idl/ExpressModule/RemoteObjectClosedException,SYS,oracle/express/idl/ExpressModule/RemoteObjectClosedException,
PUBLIC,oracle/express/idl/ExpressModule/RemoteObjectClosedExceptionHelper,SYS,oracle/express/idl/ExpressModule/RemoteObjectClosedExceptionHelper,
PUBLIC,oracle/express/idl/ExpressModule/RemoteTaskInterruptedException,SYS,oracle/express/idl/ExpressModule/RemoteTaskInterruptedException,
PUBLIC,oracle/express/idl/ExpressModule/RemoteTaskInterruptedExceptionHelper,SYS,oracle/express/idl/ExpressModule/RemoteTaskInterruptedExceptionHelper,
PUBLIC,oracle/express/idl/ExpressModule/WstringSequenceHelper,SYS,oracle/express/idl/ExpressModule/WstringSequenceHelper,
PUBLIC,oracle/express/idl/jpubgen/GenRawSequence,SYS,oracle/express/idl/jpubgen/GenRawSequence,
PUBLIC,oracle/express/idl/jpubgen/GenWstringSequence,SYS,oracle/express/idl/jpubgen/GenWstringSequence,
PUBLIC,oracle/express/idl/util/BooleanHelper,SYS,oracle/express/idl/util/BooleanHelper,
PUBLIC,oracle/express/idl/util/BooleanHolder,SYS,oracle/express/idl/util/BooleanHolder,
PUBLIC,oracle/express/idl/util/ByteHelper,SYS,oracle/express/idl/util/ByteHelper,
PUBLIC,oracle/express/idl/util/ClobStream,SYS,oracle/express/idl/util/ClobStream,
PUBLIC,oracle/express/idl/util/DateHelper,SYS,oracle/express/idl/util/DateHelper,
PUBLIC,oracle/express/idl/util/DoubleHelper,SYS,oracle/express/idl/util/DoubleHelper,
PUBLIC,oracle/express/idl/util/ExtraStuff,SYS,oracle/express/idl/util/ExtraStuff,
PUBLIC,oracle/express/idl/util/ExtraStuffHelper,SYS,oracle/express/idl/util/ExtraStuffHelper,
PUBLIC,oracle/express/idl/util/FloatHelper,SYS,oracle/express/idl/util/FloatHelper,
PUBLIC,oracle/express/idl/util/IntegerHelper,SYS,oracle/express/idl/util/IntegerHelper,
PUBLIC,oracle/express/idl/util/InterfaceStub,SYS,oracle/express/idl/util/InterfaceStub,
PUBLIC,oracle/express/idl/util/LongHelper,SYS,oracle/express/idl/util/LongHelper,
PUBLIC,oracle/express/idl/util/NUMBERHelper,SYS,oracle/express/idl/util/NUMBERHelper,
PUBLIC,oracle/express/idl/util/OlapiException,SYS,oracle/express/idl/util/OlapiException,
PUBLIC,oracle/express/idl/util/OlapiExceptionHelper,SYS,oracle/express/idl/util/OlapiExceptionHelper,
PUBLIC,oracle/express/idl/util/OlapiStreamable,SYS,oracle/express/idl/util/OlapiStreamable,
PUBLIC,oracle/express/idl/util/OlapiTracer,SYS,oracle/express/idl/util/OlapiTracer,
PUBLIC,oracle/express/idl/util/OraOlapConstants,SYS,oracle/express/idl/util/OraOlapConstants,
PUBLIC,oracle/express/idl/util/RpcProperties,SYS,oracle/express/idl/util/RpcProperties,
PUBLIC,oracle/express/idl/util/SegmentedByteArrayOutputStream,SYS,oracle/express/idl/util/SegmentedByteArrayOutputStream,
PUBLIC,oracle/express/idl/util/SegmentedStringWriter,SYS,oracle/express/idl/util/SegmentedStringWriter,
PUBLIC,oracle/express/idl/util/ShortHelper,SYS,oracle/express/idl/util/ShortHelper,
PUBLIC,oracle/express/idl/util/SPLTypeMapHelper,SYS,oracle/express/idl/util/SPLTypeMapHelper,
PUBLIC,oracle/express/idl/util/StringHelper,SYS,oracle/express/idl/util/StringHelper,
PUBLIC,oracle/express/idl/util/VarrayStream,SYS,oracle/express/idl/util/VarrayStream,
PUBLIC,oracle/express/idl/util/WstringHelper,SYS,oracle/express/idl/util/WstringHelper,
PUBLIC,oracle/express/idl/util/XMLWriter,SYS,oracle/express/idl/util/XMLWriter,
PUBLIC,oracle/express/ObjectClosedException,SYS,oracle/express/ObjectClosedException,
PUBLIC,oracle/express/spl/NAValueException,SYS,oracle/express/spl/NAValueException,
PUBLIC,oracle/express/spl/SPLExecutor,SYS,oracle/express/spl/SPLExecutor,
PUBLIC,oracle/express/TaskInterruptedException,SYS,oracle/express/TaskInterruptedException,
PUBLIC,oracle/jms/AdtMessage,SYS,oracle/jms/AdtMessage,
PUBLIC,oracle/jms/AQjmsAdtMessage,SYS,oracle/jms/AQjmsAdtMessage,
PUBLIC,oracle/jms/AQjmsAgent,SYS,oracle/jms/AQjmsAgent,
PUBLIC,oracle/jms/AQjmsArrayErrorInfo,SYS,oracle/jms/AQjmsArrayErrorInfo,
PUBLIC,oracle/jms/AQjmsArrayErrors,SYS,oracle/jms/AQjmsArrayErrors,
PUBLIC,oracle/jms/AQjmsBytesMessage,SYS,oracle/jms/AQjmsBytesMessage,
PUBLIC,oracle/jms/AQjmsBytesMessage_C,SYS,oracle/jms/AQjmsBytesMessage_C,
PUBLIC,oracle/jms/AQjmsBytesMessages_C,SYS,oracle/jms/AQjmsBytesMessages_C,
PUBLIC,oracle/jms/AQjmsClientSubscriberMap,SYS,oracle/jms/AQjmsClientSubscriberMap,
PUBLIC,oracle/jms/AQjmsCliSubMapEntry,SYS,oracle/jms/AQjmsCliSubMapEntry,
PUBLIC,oracle/jms/AQjmsConnection,SYS,oracle/jms/AQjmsConnection,
PUBLIC,oracle/jms/AQjmsConnectionFactory,SYS,oracle/jms/AQjmsConnectionFactory,
PUBLIC,oracle/jms/AQjmsConnectionMetaData,SYS,oracle/jms/AQjmsConnectionMetaData,
PUBLIC,oracle/jms/AQjmsConstants,SYS,oracle/jms/AQjmsConstants,
PUBLIC,oracle/jms/AQjmsConsumer,SYS,oracle/jms/AQjmsConsumer,
PUBLIC,oracle/jms/AQjmsConsumerClosedException,SYS,oracle/jms/AQjmsConsumerClosedException,
PUBLIC,oracle/jms/AQjmsConsumerExceptionListener,SYS,oracle/jms/AQjmsConsumerExceptionListener,
PUBLIC,oracle/jms/AQjmsContext,SYS,oracle/jms/AQjmsContext,
PUBLIC,oracle/jms/AQjmsDBConnMgr,SYS,oracle/jms/AQjmsDBConnMgr,
PUBLIC,oracle/jms/AQjmsDeqSel,SYS,oracle/jms/AQjmsDeqSel,
PUBLIC,oracle/jms/AQjmsDeqSelConstants,SYS,oracle/jms/AQjmsDeqSelConstants,
PUBLIC,oracle/jms/AQjmsDeqSelTokenManager,SYS,oracle/jms/AQjmsDeqSelTokenManager,
PUBLIC,oracle/jms/AQjmsDestination,SYS,oracle/jms/AQjmsDestination,
PUBLIC,oracle/jms/AQjmsDestinationClosedException,SYS,oracle/jms/AQjmsDestinationClosedException,
PUBLIC,oracle/jms/AQjmsDestinationFactory,SYS,oracle/jms/AQjmsDestinationFactory,
PUBLIC,oracle/jms/AQjmsDestinationProperty,SYS,oracle/jms/AQjmsDestinationProperty,
PUBLIC,oracle/jms/AQjmsDestinationStats,SYS,oracle/jms/AQjmsDestinationStats,
PUBLIC,oracle/jms/AQjmsEmulatedXAResource,SYS,oracle/jms/AQjmsEmulatedXAResource,
PUBLIC,oracle/jms/AQjmsError,SYS,oracle/jms/AQjmsError,
PUBLIC,oracle/jms/AQjmsException,SYS,oracle/jms/AQjmsException,
PUBLIC,oracle/jms/AQjmsExceptionListener,SYS,oracle/jms/AQjmsExceptionListener,
PUBLIC,oracle/jms/AQjmsExceptionListener$1,SYS,oracle/jms/AQjmsExceptionListener$1,
PUBLIC,oracle/jms/AQjmsFactory,SYS,oracle/jms/AQjmsFactory,
PUBLIC,oracle/jms/AQjmsGeneralDBConnection,SYS,oracle/jms/AQjmsGeneralDBConnection,
PUBLIC,oracle/jms/AQjmsGenMessage_C,SYS,oracle/jms/AQjmsGenMessage_C,
PUBLIC,oracle/jms/AQjmsGenMessage_CRef,SYS,oracle/jms/AQjmsGenMessage_CRef,
PUBLIC,oracle/jms/AQjmsGenMessages_C,SYS,oracle/jms/AQjmsGenMessages_C,
PUBLIC,oracle/jms/AQjmsInitialContextFactory,SYS,oracle/jms/AQjmsInitialContextFactory,
PUBLIC,oracle/jms/AQjmsInterOp,SYS,oracle/jms/AQjmsInterOp,
PUBLIC,oracle/jms/AQjmsInterOp$VersionParameter,SYS,oracle/jms/AQjmsInterOp$VersionParameter,
PUBLIC,oracle/jms/AQjmsListenerWorker,SYS,oracle/jms/AQjmsListenerWorker,
PUBLIC,oracle/jms/AQjmsListenerWorker$1,SYS,oracle/jms/AQjmsListenerWorker$1,
PUBLIC,oracle/jms/AQjmsMapItem,SYS,oracle/jms/AQjmsMapItem,
PUBLIC,oracle/jms/AQjmsMapMessage,SYS,oracle/jms/AQjmsMapMessage,
PUBLIC,oracle/jms/AQjmsMapMessage_C,SYS,oracle/jms/AQjmsMapMessage_C,
PUBLIC,oracle/jms/AQjmsMapMessages_C,SYS,oracle/jms/AQjmsMapMessages_C,
PUBLIC,oracle/jms/AQjmsMessage,SYS,oracle/jms/AQjmsMessage,
PUBLIC,oracle/jms/AQjmsMessageFormatException,SYS,oracle/jms/AQjmsMessageFormatException,
PUBLIC,oracle/jms/AQjmsMessageHeaderExt,SYS,oracle/jms/AQjmsMessageHeaderExt,
PUBLIC,oracle/jms/AQjmsMessageHeaderExtRef,SYS,oracle/jms/AQjmsMessageHeaderExtRef,
PUBLIC,oracle/jms/AQjmsMessageID,SYS,oracle/jms/AQjmsMessageID,
PUBLIC,oracle/jms/AQjmsMessageProperties,SYS,oracle/jms/AQjmsMessageProperties,
PUBLIC,oracle/jms/AQjmsMessageProperty,SYS,oracle/jms/AQjmsMessageProperty,
PUBLIC,oracle/jms/AQjmsMessages,SYS,oracle/jms/AQjmsMessages,
PUBLIC,oracle/jms/AQjmsMessages_ar,SYS,oracle/jms/AQjmsMessages_ar,
PUBLIC,oracle/jms/AQjmsMessages_cs,SYS,oracle/jms/AQjmsMessages_cs,
PUBLIC,oracle/jms/AQjmsMessages_da,SYS,oracle/jms/AQjmsMessages_da,
PUBLIC,oracle/jms/AQjmsMessages_de,SYS,oracle/jms/AQjmsMessages_de,
PUBLIC,oracle/jms/AQjmsMessages_el,SYS,oracle/jms/AQjmsMessages_el,
PUBLIC,oracle/jms/AQjmsMessages_es,SYS,oracle/jms/AQjmsMessages_es,
PUBLIC,oracle/jms/AQjmsMessages_es_ES,SYS,oracle/jms/AQjmsMessages_es_ES,
PUBLIC,oracle/jms/AQjmsMessages_fi,SYS,oracle/jms/AQjmsMessages_fi,
PUBLIC,oracle/jms/AQjmsMessages_fr,SYS,oracle/jms/AQjmsMessages_fr,
PUBLIC,oracle/jms/AQjmsMessages_hu,SYS,oracle/jms/AQjmsMessages_hu,
PUBLIC,oracle/jms/AQjmsMessages_it,SYS,oracle/jms/AQjmsMessages_it,
PUBLIC,oracle/jms/AQjmsMessages_iw,SYS,oracle/jms/AQjmsMessages_iw,
PUBLIC,oracle/jms/AQjmsMessages_ja,SYS,oracle/jms/AQjmsMessages_ja,
PUBLIC,oracle/jms/AQjmsMessages_ko,SYS,oracle/jms/AQjmsMessages_ko,
PUBLIC,oracle/jms/AQjmsMessages_nl,SYS,oracle/jms/AQjmsMessages_nl,
PUBLIC,oracle/jms/AQjmsMessages_no,SYS,oracle/jms/AQjmsMessages_no,
PUBLIC,oracle/jms/AQjmsMessages_pl,SYS,oracle/jms/AQjmsMessages_pl,
PUBLIC,oracle/jms/AQjmsMessages_pt,SYS,oracle/jms/AQjmsMessages_pt,
PUBLIC,oracle/jms/AQjmsMessages_pt_BR,SYS,oracle/jms/AQjmsMessages_pt_BR,
PUBLIC,oracle/jms/AQjmsMessages_ro,SYS,oracle/jms/AQjmsMessages_ro,
PUBLIC,oracle/jms/AQjmsMessages_ru,SYS,oracle/jms/AQjmsMessages_ru,
PUBLIC,oracle/jms/AQjmsMessages_sk,SYS,oracle/jms/AQjmsMessages_sk,
PUBLIC,oracle/jms/AQjmsMessages_sv,SYS,oracle/jms/AQjmsMessages_sv,
PUBLIC,oracle/jms/AQjmsMessages_th,SYS,oracle/jms/AQjmsMessages_th,
PUBLIC,oracle/jms/AQjmsMessages_tr,SYS,oracle/jms/AQjmsMessages_tr,
PUBLIC,oracle/jms/AQjmsMessages_zh_CN,SYS,oracle/jms/AQjmsMessages_zh_CN,
PUBLIC,oracle/jms/AQjmsMessages_zh_TW,SYS,oracle/jms/AQjmsMessages_zh_TW,
PUBLIC,oracle/jms/AQjmsNtfRegistration,SYS,oracle/jms/AQjmsNtfRegistration,
PUBLIC,oracle/jms/AQjmsNtfRegistration$AQjmsNotificationListener,SYS,oracle/jms/AQjmsNtfRegistration$AQjmsNotificationListener,
PUBLIC,oracle/jms/AQjmsNtfRegistration$1,SYS,oracle/jms/AQjmsNtfRegistration$1,
PUBLIC,oracle/jms/AQjmsObject,SYS,oracle/jms/AQjmsObject,
PUBLIC,oracle/jms/AQjmsObjectInputStream,SYS,oracle/jms/AQjmsObjectInputStream,
PUBLIC,oracle/jms/AQjmsObjectMessage,SYS,oracle/jms/AQjmsObjectMessage,
PUBLIC,oracle/jms/AQjmsObjectMessage_C,SYS,oracle/jms/AQjmsObjectMessage_C,
PUBLIC,oracle/jms/AQjmsObjectMessages_C,SYS,oracle/jms/AQjmsObjectMessages_C,
PUBLIC,oracle/jms/AQjmsObjectMessage$1,SYS,oracle/jms/AQjmsObjectMessage$1,
PUBLIC,oracle/jms/AQjmsOracleDebug,SYS,oracle/jms/AQjmsOracleDebug,
PUBLIC,oracle/jms/AQjmsParseException,SYS,oracle/jms/AQjmsParseException,
PUBLIC,oracle/jms/AQjmsParser,SYS,oracle/jms/AQjmsParser,
PUBLIC,oracle/jms/AQjmsParserConstants,SYS,oracle/jms/AQjmsParserConstants,
PUBLIC,oracle/jms/AQjmsParserExpr,SYS,oracle/jms/AQjmsParserExpr,
PUBLIC,oracle/jms/AQjmsParser$JJCalls,SYS,oracle/jms/AQjmsParser$JJCalls,
PUBLIC,oracle/jms/AQjmsParser$LookaheadSuccess,SYS,oracle/jms/AQjmsParser$LookaheadSuccess,
PUBLIC,oracle/jms/AQjmsParserTokenManager,SYS,oracle/jms/AQjmsParserTokenManager,
PUBLIC,oracle/jms/AQjmsParser$1,SYS,oracle/jms/AQjmsParser$1,
PUBLIC,oracle/jms/AQjmsProducer,SYS,oracle/jms/AQjmsProducer,
PUBLIC,oracle/jms/AQjmsPropDatum,SYS,oracle/jms/AQjmsPropDatum,
PUBLIC,oracle/jms/AQjmsProperty,SYS,oracle/jms/AQjmsProperty,
PUBLIC,oracle/jms/AQjmsPropertyList,SYS,oracle/jms/AQjmsPropertyList,
PUBLIC,oracle/jms/AQjmsPropertyRef,SYS,oracle/jms/AQjmsPropertyRef,
PUBLIC,oracle/jms/AQjmsQueueBrowser,SYS,oracle/jms/AQjmsQueueBrowser,
PUBLIC,oracle/jms/AQjmsQueueConnectionFactory,SYS,oracle/jms/AQjmsQueueConnectionFactory,
PUBLIC,oracle/jms/AQjmsQueueReceiver,SYS,oracle/jms/AQjmsQueueReceiver,
PUBLIC,oracle/jms/AQjmsQueueSender,SYS,oracle/jms/AQjmsQueueSender,
PUBLIC,oracle/jms/AQjmsQueueSenderImpl,SYS,oracle/jms/AQjmsQueueSenderImpl,
PUBLIC,oracle/jms/AQjmsRecipients,SYS,oracle/jms/AQjmsRecipients,
PUBLIC,oracle/jms/AQjmsSelector,SYS,oracle/jms/AQjmsSelector,
PUBLIC,oracle/jms/AQjmsServerNotReachableException,SYS,oracle/jms/AQjmsServerNotReachableException,
PUBLIC,oracle/jms/AQjmsSession,SYS,oracle/jms/AQjmsSession,
PUBLIC,oracle/jms/AQjmsSession$1,SYS,oracle/jms/AQjmsSession$1,
PUBLIC,oracle/jms/AQjmsSignature,SYS,oracle/jms/AQjmsSignature,
PUBLIC,oracle/jms/AQjmsSimpleScheduler,SYS,oracle/jms/AQjmsSimpleScheduler,
PUBLIC,oracle/jms/AQjmsStatScheduler,SYS,oracle/jms/AQjmsStatScheduler,
PUBLIC,oracle/jms/AQjmsStreamMessage,SYS,oracle/jms/AQjmsStreamMessage,
PUBLIC,oracle/jms/AQjmsStreamMessage_C,SYS,oracle/jms/AQjmsStreamMessage_C,
PUBLIC,oracle/jms/AQjmsStreamMessages_C,SYS,oracle/jms/AQjmsStreamMessages_C,
PUBLIC,oracle/jms/AQjmsSubscriberFactory,SYS,oracle/jms/AQjmsSubscriberFactory,
PUBLIC,oracle/jms/AQjmsTempLobTruncateException,SYS,oracle/jms/AQjmsTempLobTruncateException,
PUBLIC,oracle/jms/AQjmsTextMessage,SYS,oracle/jms/AQjmsTextMessage,
PUBLIC,oracle/jms/AQjmsTextMessage_C,SYS,oracle/jms/AQjmsTextMessage_C,
PUBLIC,oracle/jms/AQjmsTextMessage_CRef,SYS,oracle/jms/AQjmsTextMessage_CRef,
PUBLIC,oracle/jms/AQjmsTextMessages_C,SYS,oracle/jms/AQjmsTextMessages_C,
PUBLIC,oracle/jms/AQjmsTopicBrowser,SYS,oracle/jms/AQjmsTopicBrowser,
PUBLIC,oracle/jms/AQjmsTopicConnectionFactory,SYS,oracle/jms/AQjmsTopicConnectionFactory,
PUBLIC,oracle/jms/AQjmsTopicPublisher,SYS,oracle/jms/AQjmsTopicPublisher,
PUBLIC,oracle/jms/AQjmsTopicPublisherImpl,SYS,oracle/jms/AQjmsTopicPublisherImpl,
PUBLIC,oracle/jms/AQjmsTopicReceiver,SYS,oracle/jms/AQjmsTopicReceiver,
PUBLIC,oracle/jms/AQjmsTopicSubscriber,SYS,oracle/jms/AQjmsTopicSubscriber,
PUBLIC,oracle/jms/AQjmsTransformation,SYS,oracle/jms/AQjmsTransformation,
PUBLIC,oracle/jms/AQjmsUcp,SYS,oracle/jms/AQjmsUcp,
PUBLIC,oracle/jms/AQjmsUcpClnT,SYS,oracle/jms/AQjmsUcpClnT,
PUBLIC,oracle/jms/AQjmsUcpDs,SYS,oracle/jms/AQjmsUcpDs,
PUBLIC,oracle/jms/AQjmsUtil,SYS,oracle/jms/AQjmsUtil,
PUBLIC,oracle/jms/AQjmsUtil$1,SYS,oracle/jms/AQjmsUtil$1,
PUBLIC,oracle/jms/AQjmsUtil$2,SYS,oracle/jms/AQjmsUtil$2,
PUBLIC,oracle/jms/AQjmsXAConnection,SYS,oracle/jms/AQjmsXAConnection,
PUBLIC,oracle/jms/AQjmsXAConnectionFactory,SYS,oracle/jms/AQjmsXAConnectionFactory,
PUBLIC,oracle/jms/AQjmsXAException,SYS,oracle/jms/AQjmsXAException,
PUBLIC,oracle/jms/AQjmsXAQueueConnectionFactory,SYS,oracle/jms/AQjmsXAQueueConnectionFactory,
PUBLIC,oracle/jms/AQjmsXAResource,SYS,oracle/jms/AQjmsXAResource,
PUBLIC,oracle/jms/AQjmsXAResourceFactory,SYS,oracle/jms/AQjmsXAResourceFactory,
PUBLIC,oracle/jms/AQjmsXASession,SYS,oracle/jms/AQjmsXASession,
PUBLIC,oracle/jms/AQjmsXATopicConnectionFactory,SYS,oracle/jms/AQjmsXATopicConnectionFactory,
PUBLIC,oracle/jms/DispatchScheduler,SYS,oracle/jms/DispatchScheduler,
PUBLIC,oracle/jms/EmulatedXAHandler,SYS,oracle/jms/EmulatedXAHandler,
PUBLIC,oracle/jms/GenMsgSupport,SYS,oracle/jms/GenMsgSupport,
PUBLIC,oracle/jms/JavaCharStream,SYS,oracle/jms/JavaCharStream,
PUBLIC,oracle/jms/NormalVersionSupport,SYS,oracle/jms/NormalVersionSupport,
PUBLIC,oracle/jms/ParseException,SYS,oracle/jms/ParseException,
PUBLIC,oracle/jms/plsql/BytesMsgEntity,SYS,oracle/jms/plsql/BytesMsgEntity,
PUBLIC,oracle/jms/plsql/BytesMsgHandler,SYS,oracle/jms/plsql/BytesMsgHandler,
PUBLIC,oracle/jms/plsql/Constants,SYS,oracle/jms/plsql/Constants,
PUBLIC,oracle/jms/plsql/ExceptionHandler,SYS,oracle/jms/plsql/ExceptionHandler,
PUBLIC,oracle/jms/plsql/InternalException,SYS,oracle/jms/plsql/InternalException,
PUBLIC,oracle/jms/plsql/InvalidIdException,SYS,oracle/jms/plsql/InvalidIdException,
PUBLIC,oracle/jms/plsql/JmsPlsException,SYS,oracle/jms/plsql/JmsPlsException,
PUBLIC,oracle/jms/plsql/MapMsgEntity,SYS,oracle/jms/plsql/MapMsgEntity,
PUBLIC,oracle/jms/plsql/MapMsgHandler,SYS,oracle/jms/plsql/MapMsgHandler,
PUBLIC,oracle/jms/plsql/MapTooLargeException,SYS,oracle/jms/plsql/MapTooLargeException,
PUBLIC,oracle/jms/plsql/MsgEntity,SYS,oracle/jms/plsql/MsgEntity,
PUBLIC,oracle/jms/plsql/MsgStore,SYS,oracle/jms/plsql/MsgStore,
PUBLIC,oracle/jms/plsql/MsgStoreOverflowException,SYS,oracle/jms/plsql/MsgStoreOverflowException,
PUBLIC,oracle/jms/plsql/OutOfRangeException,SYS,oracle/jms/plsql/OutOfRangeException,
PUBLIC,oracle/jms/plsql/ResourceMgr,SYS,oracle/jms/plsql/ResourceMgr,
PUBLIC,oracle/jms/plsql/StreamMsgEntity,SYS,oracle/jms/plsql/StreamMsgEntity,
PUBLIC,oracle/jms/plsql/StreamMsgHandler,SYS,oracle/jms/plsql/StreamMsgHandler,
PUBLIC,oracle/jms/plsql/TypeConversion,SYS,oracle/jms/plsql/TypeConversion,
PUBLIC,oracle/jms/plsql/TypeConversionException,SYS,oracle/jms/plsql/TypeConversionException,
PUBLIC,oracle/jms/plsql/WrongAccessModeException,SYS,oracle/jms/plsql/WrongAccessModeException,
PUBLIC,oracle/jms/SelectorToRule,SYS,oracle/jms/SelectorToRule,
PUBLIC,oracle/jms/ThreadProxy,SYS,oracle/jms/ThreadProxy,
PUBLIC,oracle/jms/Token,SYS,oracle/jms/Token,
PUBLIC,oracle/jms/TokenMgrError,SYS,oracle/jms/TokenMgrError,
PUBLIC,oracle/jms/TopicBrowser,SYS,oracle/jms/TopicBrowser,
PUBLIC,oracle/jms/TopicReceiver,SYS,oracle/jms/TopicReceiver,
PUBLIC,oracle/jms/Tset,SYS,oracle/jms/Tset,
PUBLIC,oracle/jms/VersionSupport,SYS,oracle/jms/VersionSupport,
PUBLIC,oracle/jms/WebLogicHelper,SYS,oracle/jms/WebLogicHelper,
PUBLIC,oracle/ODCI/ODCIArgDesc,SYS,oracle/ODCI/ODCIArgDesc,
PUBLIC,oracle/ODCI/ODCIArgDescList,SYS,oracle/ODCI/ODCIArgDescList,
PUBLIC,oracle/ODCI/ODCIArgDescRef,SYS,oracle/ODCI/ODCIArgDescRef,
PUBLIC,oracle/ODCI/ODCIColInfo,SYS,oracle/ODCI/ODCIColInfo,
PUBLIC,oracle/ODCI/ODCIColInfoList,SYS,oracle/ODCI/ODCIColInfoList,
PUBLIC,oracle/ODCI/ODCIColInfoRef,SYS,oracle/ODCI/ODCIColInfoRef,
PUBLIC,oracle/ODCI/ODCICost,SYS,oracle/ODCI/ODCICost,
PUBLIC,oracle/ODCI/ODCICostRef,SYS,oracle/ODCI/ODCICostRef,
PUBLIC,oracle/ODCI/ODCIEnv,SYS,oracle/ODCI/ODCIEnv,
PUBLIC,oracle/ODCI/ODCIEnvRef,SYS,oracle/ODCI/ODCIEnvRef,
PUBLIC,oracle/ODCI/ODCIFuncInfo,SYS,oracle/ODCI/ODCIFuncInfo,
PUBLIC,oracle/ODCI/ODCIFuncInfoRef,SYS,oracle/ODCI/ODCIFuncInfoRef,
PUBLIC,oracle/ODCI/ODCIIndexCtx,SYS,oracle/ODCI/ODCIIndexCtx,
PUBLIC,oracle/ODCI/ODCIIndexCtxRef,SYS,oracle/ODCI/ODCIIndexCtxRef,
PUBLIC,oracle/ODCI/ODCIIndexInfo,SYS,oracle/ODCI/ODCIIndexInfo,
PUBLIC,oracle/ODCI/ODCIIndexInfoRef,SYS,oracle/ODCI/ODCIIndexInfoRef,
PUBLIC,oracle/ODCI/ODCIObject,SYS,oracle/ODCI/ODCIObject,
PUBLIC,oracle/ODCI/ODCIObjectList,SYS,oracle/ODCI/ODCIObjectList,
PUBLIC,oracle/ODCI/ODCIObjectRef,SYS,oracle/ODCI/ODCIObjectRef,
PUBLIC,oracle/ODCI/ODCIPartInfo,SYS,oracle/ODCI/ODCIPartInfo,
PUBLIC,oracle/ODCI/ODCIPartInfoRef,SYS,oracle/ODCI/ODCIPartInfoRef,
PUBLIC,oracle/ODCI/ODCIPredInfo,SYS,oracle/ODCI/ODCIPredInfo,
PUBLIC,oracle/ODCI/ODCIPredInfoRef,SYS,oracle/ODCI/ODCIPredInfoRef,
PUBLIC,oracle/ODCI/ODCIQueryInfo,SYS,oracle/ODCI/ODCIQueryInfo,
PUBLIC,oracle/ODCI/ODCIQueryInfoRef,SYS,oracle/ODCI/ODCIQueryInfoRef,
PUBLIC,oracle/ODCI/ODCIRidList,SYS,oracle/ODCI/ODCIRidList,
PUBLIC,oracle/ODCI/ODCIStatsOptions,SYS,oracle/ODCI/ODCIStatsOptions,
PUBLIC,oracle/ODCI/ODCIStatsOptionsRef,SYS,oracle/ODCI/ODCIStatsOptionsRef,
PUBLIC,oracle/olapi/Debug,SYS,oracle/olapi/Debug,
PUBLIC,oracle/olapi/HasLocalizedMessage,SYS,oracle/olapi/HasLocalizedMessage,
PUBLIC,oracle/olapi/OLAPIIllegalStateException,SYS,oracle/olapi/OLAPIIllegalStateException,
PUBLIC,oracle/olapi/OLAPIRuntimeException,SYS,oracle/olapi/OLAPIRuntimeException,
PUBLIC,oracle/olapi/resource/ExceptionBundle,SYS,oracle/olapi/resource/ExceptionBundle,
PUBLIC,oracle/olapi/resource/ExceptionBundle_ar,SYS,oracle/olapi/resource/ExceptionBundle_ar,
PUBLIC,oracle/olapi/resource/ExceptionBundle_ca,SYS,oracle/olapi/resource/ExceptionBundle_ca,
PUBLIC,oracle/olapi/resource/ExceptionBundle_cs,SYS,oracle/olapi/resource/ExceptionBundle_cs,
PUBLIC,oracle/olapi/resource/ExceptionBundle_da,SYS,oracle/olapi/resource/ExceptionBundle_da,
PUBLIC,oracle/olapi/resource/ExceptionBundle_de,SYS,oracle/olapi/resource/ExceptionBundle_de,
PUBLIC,oracle/olapi/resource/ExceptionBundle_el,SYS,oracle/olapi/resource/ExceptionBundle_el,
PUBLIC,oracle/olapi/resource/ExceptionBundle_es,SYS,oracle/olapi/resource/ExceptionBundle_es,
PUBLIC,oracle/olapi/resource/ExceptionBundle_fi,SYS,oracle/olapi/resource/ExceptionBundle_fi,
PUBLIC,oracle/olapi/resource/ExceptionBundle_fr,SYS,oracle/olapi/resource/ExceptionBundle_fr,
PUBLIC,oracle/olapi/resource/ExceptionBundle_hu,SYS,oracle/olapi/resource/ExceptionBundle_hu,
PUBLIC,oracle/olapi/resource/ExceptionBundle_it,SYS,oracle/olapi/resource/ExceptionBundle_it,
PUBLIC,oracle/olapi/resource/ExceptionBundle_iw,SYS,oracle/olapi/resource/ExceptionBundle_iw,
PUBLIC,oracle/olapi/resource/ExceptionBundle_ja,SYS,oracle/olapi/resource/ExceptionBundle_ja,
PUBLIC,oracle/olapi/resource/ExceptionBundle_ko,SYS,oracle/olapi/resource/ExceptionBundle_ko,
PUBLIC,oracle/olapi/resource/ExceptionBundle_nl,SYS,oracle/olapi/resource/ExceptionBundle_nl,
PUBLIC,oracle/olapi/resource/ExceptionBundle_no,SYS,oracle/olapi/resource/ExceptionBundle_no,
PUBLIC,oracle/olapi/resource/ExceptionBundle_pl,SYS,oracle/olapi/resource/ExceptionBundle_pl,
PUBLIC,oracle/olapi/resource/ExceptionBundle_pt,SYS,oracle/olapi/resource/ExceptionBundle_pt,
PUBLIC,oracle/olapi/resource/ExceptionBundle_pt_BR,SYS,oracle/olapi/resource/ExceptionBundle_pt_BR,
PUBLIC,oracle/olapi/resource/ExceptionBundle_ro,SYS,oracle/olapi/resource/ExceptionBundle_ro,
PUBLIC,oracle/olapi/resource/ExceptionBundle_ru,SYS,oracle/olapi/resource/ExceptionBundle_ru,
PUBLIC,oracle/olapi/resource/ExceptionBundle_sk,SYS,oracle/olapi/resource/ExceptionBundle_sk,
PUBLIC,oracle/olapi/resource/ExceptionBundle_sv,SYS,oracle/olapi/resource/ExceptionBundle_sv,
PUBLIC,oracle/olapi/resource/ExceptionBundle_th,SYS,oracle/olapi/resource/ExceptionBundle_th,
PUBLIC,oracle/olapi/resource/ExceptionBundle_tr,SYS,oracle/olapi/resource/ExceptionBundle_tr,
PUBLIC,oracle/olapi/resource/ExceptionBundle_zh_CN,SYS,oracle/olapi/resource/ExceptionBundle_zh_CN,
PUBLIC,oracle/olapi/resource/ExceptionBundle_zh_TW,SYS,oracle/olapi/resource/ExceptionBundle_zh_TW,
PUBLIC,oracle/olapi/UnsupportedOperationException,SYS,oracle/olapi/UnsupportedOperationException,
PUBLIC,oracle/ord/media/codec/ccitt/FaxDecoder,MDSYS,oracle/ord/media/codec/ccitt/FaxDecoder,
PUBLIC,oracle/ord/media/codec/ccitt/Fax3Encoder,MDSYS,oracle/ord/media/codec/ccitt/Fax3Encoder,
PUBLIC,oracle/ord/media/codec/ccitt/Fax4Encoder,MDSYS,oracle/ord/media/codec/ccitt/Fax4Encoder,
PUBLIC,oracle/ord/media/codec/ccitt/HuffmanEncoder,MDSYS,oracle/ord/media/codec/ccitt/HuffmanEncoder,
PUBLIC,oracle/ord/media/codec/mmtk/MMTKImageProcessor,MDSYS,oracle/ord/media/codec/mmtk/MMTKImageProcessor,
PUBLIC,oracle/ord/media/img/Codecs,MDSYS,oracle/ord/media/img/Codecs,
PUBLIC,oracle/ord/media/img/CvtAdapter,MDSYS,oracle/ord/media/img/CvtAdapter,
PUBLIC,oracle/ord/media/img/CvtCommand,MDSYS,oracle/ord/media/img/CvtCommand,
PUBLIC,oracle/ord/media/img/CvtCommand$1,MDSYS,oracle/ord/media/img/CvtCommand$1,
PUBLIC,oracle/ord/media/img/CvtCore,MDSYS,oracle/ord/media/img/CvtCore,
PUBLIC,oracle/ord/media/img/CvtCore$1,MDSYS,oracle/ord/media/img/CvtCore$1,
PUBLIC,oracle/ord/media/img/CvtCore$2,MDSYS,oracle/ord/media/img/CvtCore$2,
PUBLIC,oracle/ord/media/img/CvtCore$3,MDSYS,oracle/ord/media/img/CvtCore$3,
PUBLIC,oracle/ord/media/img/CvtCore$4,MDSYS,oracle/ord/media/img/CvtCore$4,
PUBLIC,oracle/ord/media/img/CvtOps,MDSYS,oracle/ord/media/img/CvtOps,
PUBLIC,oracle/ord/media/img/DebugPrinter,MDSYS,oracle/ord/media/img/DebugPrinter,
PUBLIC,oracle/ord/media/img/ImgDBUtils,MDSYS,oracle/ord/media/img/ImgDBUtils,
PUBLIC,oracle/ord/media/img/ImgException,MDSYS,oracle/ord/media/img/ImgException,
PUBLIC,oracle/ord/media/img/ImgProps,MDSYS,oracle/ord/media/img/ImgProps,
PUBLIC,oracle/ord/media/img/ImgUtils,MDSYS,oracle/ord/media/img/ImgUtils,
PUBLIC,oracle/ord/media/img/ImgUtils$1,MDSYS,oracle/ord/media/img/ImgUtils$1,
PUBLIC,oracle/ord/media/img/ImgUtils$2,MDSYS,oracle/ord/media/img/ImgUtils$2,
PUBLIC,oracle/ord/media/img/ImgUtils$3,MDSYS,oracle/ord/media/img/ImgUtils$3,
PUBLIC,oracle/ord/media/img/ImgUtils$4,MDSYS,oracle/ord/media/img/ImgUtils$4,
PUBLIC,oracle/ord/media/img/ImgUtils$5,MDSYS,oracle/ord/media/img/ImgUtils$5,
PUBLIC,oracle/ord/media/img/ImgUtils$6,MDSYS,oracle/ord/media/img/ImgUtils$6,
PUBLIC,oracle/ord/media/img/ImgUtils$7,MDSYS,oracle/ord/media/img/ImgUtils$7,
PUBLIC,oracle/ord/media/img/ImgUtils$8,MDSYS,oracle/ord/media/img/ImgUtils$8,
PUBLIC,oracle/ord/media/img/Operations,MDSYS,oracle/ord/media/img/Operations,
PUBLIC,oracle/ord/media/img/PropsAdapter,MDSYS,oracle/ord/media/img/PropsAdapter,
PUBLIC,oracle/ord/media/img/PropsCore,MDSYS,oracle/ord/media/img/PropsCore,
PUBLIC,oracle/ord/media/img/PropsCore$1,MDSYS,oracle/ord/media/img/PropsCore$1,
PUBLIC,oracle/ord/media/img/RuntimeImgException,MDSYS,oracle/ord/media/img/RuntimeImgException,
PUBLIC,oracle/ord/media/img/StringParser,MDSYS,oracle/ord/media/img/StringParser,
PUBLIC,oracle/ord/media/img/Watermark,MDSYS,oracle/ord/media/img/Watermark,
PUBLIC,oracle/ord/media/img/WatermarkAdapter,MDSYS,oracle/ord/media/img/WatermarkAdapter,
PUBLIC,oracle/ord/media/img/WatermarkAdapter$1,MDSYS,oracle/ord/media/img/WatermarkAdapter$1,
PUBLIC,oracle/ord/media/io/RWUtils,MDSYS,oracle/ord/media/io/RWUtils,
PUBLIC,oracle/ord/media/io/SeekableInputStream,MDSYS,oracle/ord/media/io/SeekableInputStream,
PUBLIC,oracle/ord/media/jai/codec/BMPCodec,MDSYS,oracle/ord/media/jai/codec/BMPCodec,
PUBLIC,oracle/ord/media/jai/codec/BMPEncodeParam,MDSYS,oracle/ord/media/jai/codec/BMPEncodeParam,
PUBLIC,oracle/ord/media/jai/codec/BMPImage,MDSYS,oracle/ord/media/jai/codec/BMPImage,
PUBLIC,oracle/ord/media/jai/codec/BMPImageDecoder,MDSYS,oracle/ord/media/jai/codec/BMPImageDecoder,
PUBLIC,oracle/ord/media/jai/codec/BMPImageEncoder,MDSYS,oracle/ord/media/jai/codec/BMPImageEncoder,
PUBLIC,oracle/ord/media/jai/codec/CALSCodec,MDSYS,oracle/ord/media/jai/codec/CALSCodec,
PUBLIC,oracle/ord/media/jai/codec/CALSImage,MDSYS,oracle/ord/media/jai/codec/CALSImage,
PUBLIC,oracle/ord/media/jai/codec/CALSImageDecoder,MDSYS,oracle/ord/media/jai/codec/CALSImageDecoder,
PUBLIC,oracle/ord/media/jai/codec/CALSImageEncoder,MDSYS,oracle/ord/media/jai/codec/CALSImageEncoder,
PUBLIC,oracle/ord/media/jai/codec/ChunkStream,MDSYS,oracle/ord/media/jai/codec/ChunkStream,
PUBLIC,oracle/ord/media/jai/codec/CodecUtils,MDSYS,oracle/ord/media/jai/codec/CodecUtils,
PUBLIC,oracle/ord/media/jai/codec/CRC,MDSYS,oracle/ord/media/jai/codec/CRC,
PUBLIC,oracle/ord/media/jai/codec/FloatDoubleColorModel,MDSYS,oracle/ord/media/jai/codec/FloatDoubleColorModel,
PUBLIC,oracle/ord/media/jai/codec/ForeignDecodeParam,MDSYS,oracle/ord/media/jai/codec/ForeignDecodeParam,
PUBLIC,oracle/ord/media/jai/codec/FPXCodec,MDSYS,oracle/ord/media/jai/codec/FPXCodec,
PUBLIC,oracle/ord/media/jai/codec/FPXDecodeParam,MDSYS,oracle/ord/media/jai/codec/FPXDecodeParam,
PUBLIC,oracle/ord/media/jai/codec/FPXImage,MDSYS,oracle/ord/media/jai/codec/FPXImage,
PUBLIC,oracle/ord/media/jai/codec/FPXImageDecoder,MDSYS,oracle/ord/media/jai/codec/FPXImageDecoder,
PUBLIC,oracle/ord/media/jai/codec/FPXUtils,MDSYS,oracle/ord/media/jai/codec/FPXUtils,
PUBLIC,oracle/ord/media/jai/codec/GIFCodec,MDSYS,oracle/ord/media/jai/codec/GIFCodec,
PUBLIC,oracle/ord/media/jai/codec/GIFDecodeParam,MDSYS,oracle/ord/media/jai/codec/GIFDecodeParam,
PUBLIC,oracle/ord/media/jai/codec/GIFEncodeParam,MDSYS,oracle/ord/media/jai/codec/GIFEncodeParam,
PUBLIC,oracle/ord/media/jai/codec/GIFFileHeader,MDSYS,oracle/ord/media/jai/codec/GIFFileHeader,
PUBLIC,oracle/ord/media/jai/codec/GIFImage,MDSYS,oracle/ord/media/jai/codec/GIFImage,
PUBLIC,oracle/ord/media/jai/codec/GIFImageDecoder,MDSYS,oracle/ord/media/jai/codec/GIFImageDecoder,
PUBLIC,oracle/ord/media/jai/codec/GIFImageEncoder,MDSYS,oracle/ord/media/jai/codec/GIFImageEncoder,
PUBLIC,oracle/ord/media/jai/codec/IDATOutputStream,MDSYS,oracle/ord/media/jai/codec/IDATOutputStream,
PUBLIC,oracle/ord/media/jai/codec/ImageIOAdapter,MDSYS,oracle/ord/media/jai/codec/ImageIOAdapter,
PUBLIC,oracle/ord/media/jai/codec/ImageMetadataHelper,MDSYS,oracle/ord/media/jai/codec/ImageMetadataHelper,
PUBLIC,oracle/ord/media/jai/codec/IPTCMetadata,MDSYS,oracle/ord/media/jai/codec/IPTCMetadata,
PUBLIC,oracle/ord/media/jai/codec/IPTCMetadata$IPTCMetadataAPP13,MDSYS,oracle/ord/media/jai/codec/IPTCMetadata$IPTCMetadataAPP13,
PUBLIC,oracle/ord/media/jai/codec/IPTCMetadata$PSImageResourceBlockParser,MDSYS,oracle/ord/media/jai/codec/IPTCMetadata$PSImageResourceBlockParser,
PUBLIC,oracle/ord/media/jai/codec/IPTCMetadata$PSImageResourceBlockParser$PSImageResourceBlock,MDSYS,oracle/ord/media/jai/codec/IPTCMetadata$PSImageResourceBlockParser$PSImageResourceBlock,
PUBLIC,oracle/ord/media/jai/codec/IPTCMetadata$PSImageResourceBlockParser$PSIRBParsingException,MDSYS,oracle/ord/media/jai/codec/IPTCMetadata$PSImageResourceBlockParser$PSIRBParsingException,
PUBLIC,oracle/ord/media/jai/codec/IPTCMetadata$1,MDSYS,oracle/ord/media/jai/codec/IPTCMetadata$1,
PUBLIC,oracle/ord/media/jai/codec/JPEGHeadCodec,MDSYS,oracle/ord/media/jai/codec/JPEGHeadCodec,
PUBLIC,oracle/ord/media/jai/codec/JPEGHeadEncodeParam,MDSYS,oracle/ord/media/jai/codec/JPEGHeadEncodeParam,
PUBLIC,oracle/ord/media/jai/codec/JPEGHeader,MDSYS,oracle/ord/media/jai/codec/JPEGHeader,
PUBLIC,oracle/ord/media/jai/codec/JPEGHeader$JPEGHeaderReader,MDSYS,oracle/ord/media/jai/codec/JPEGHeader$JPEGHeaderReader,
PUBLIC,oracle/ord/media/jai/codec/JPEGHeadImage,MDSYS,oracle/ord/media/jai/codec/JPEGHeadImage,
PUBLIC,oracle/ord/media/jai/codec/JPEGHeadImageDecoder,MDSYS,oracle/ord/media/jai/codec/JPEGHeadImageDecoder,
PUBLIC,oracle/ord/media/jai/codec/JPEGHeadImageEncoder,MDSYS,oracle/ord/media/jai/codec/JPEGHeadImageEncoder,
PUBLIC,oracle/ord/media/jai/codec/JPEGMarkerData,MDSYS,oracle/ord/media/jai/codec/JPEGMarkerData,
PUBLIC,oracle/ord/media/jai/codec/JP2Box,MDSYS,oracle/ord/media/jai/codec/JP2Box,
PUBLIC,oracle/ord/media/jai/codec/JP2Codec,MDSYS,oracle/ord/media/jai/codec/JP2Codec,
PUBLIC,oracle/ord/media/jai/codec/JP2Codec$JP2Image,MDSYS,oracle/ord/media/jai/codec/JP2Codec$JP2Image,
PUBLIC,oracle/ord/media/jai/codec/JP2Codec$JP2ImageDecoder,MDSYS,oracle/ord/media/jai/codec/JP2Codec$JP2ImageDecoder,
PUBLIC,oracle/ord/media/jai/codec/JP2Codec$JP2ImageEncoder,MDSYS,oracle/ord/media/jai/codec/JP2Codec$JP2ImageEncoder,
PUBLIC,oracle/ord/media/jai/codec/JP2EncodeParam,MDSYS,oracle/ord/media/jai/codec/JP2EncodeParam,
PUBLIC,oracle/ord/media/jai/codec/JP2Header,MDSYS,oracle/ord/media/jai/codec/JP2Header,
PUBLIC,oracle/ord/media/jai/codec/OrdTiledImage,MDSYS,oracle/ord/media/jai/codec/OrdTiledImage,
PUBLIC,oracle/ord/media/jai/codec/PBMCodec,MDSYS,oracle/ord/media/jai/codec/PBMCodec,
PUBLIC,oracle/ord/media/jai/codec/PCXFCodec,MDSYS,oracle/ord/media/jai/codec/PCXFCodec,
PUBLIC,oracle/ord/media/jai/codec/PCXFImage,MDSYS,oracle/ord/media/jai/codec/PCXFImage,
PUBLIC,oracle/ord/media/jai/codec/PCXFImageDecoder,MDSYS,oracle/ord/media/jai/codec/PCXFImageDecoder,
PUBLIC,oracle/ord/media/jai/codec/PGMCodec,MDSYS,oracle/ord/media/jai/codec/PGMCodec,
PUBLIC,oracle/ord/media/jai/codec/PICTCodec,MDSYS,oracle/ord/media/jai/codec/PICTCodec,
PUBLIC,oracle/ord/media/jai/codec/PICTEncodeParam,MDSYS,oracle/ord/media/jai/codec/PICTEncodeParam,
PUBLIC,oracle/ord/media/jai/codec/PICTImage,MDSYS,oracle/ord/media/jai/codec/PICTImage,
PUBLIC,oracle/ord/media/jai/codec/PICTImageDecoder,MDSYS,oracle/ord/media/jai/codec/PICTImageDecoder,
PUBLIC,oracle/ord/media/jai/codec/PICTImageEncoder,MDSYS,oracle/ord/media/jai/codec/PICTImageEncoder,
PUBLIC,oracle/ord/media/jai/codec/PNGChunk,MDSYS,oracle/ord/media/jai/codec/PNGChunk,
PUBLIC,oracle/ord/media/jai/codec/PNGCodec,MDSYS,oracle/ord/media/jai/codec/PNGCodec,
PUBLIC,oracle/ord/media/jai/codec/PNGDecodeParam,MDSYS,oracle/ord/media/jai/codec/PNGDecodeParam,
PUBLIC,oracle/ord/media/jai/codec/PNGEncodeParam,MDSYS,oracle/ord/media/jai/codec/PNGEncodeParam,
PUBLIC,oracle/ord/media/jai/codec/PNGEncodeParam$Gray,MDSYS,oracle/ord/media/jai/codec/PNGEncodeParam$Gray,
PUBLIC,oracle/ord/media/jai/codec/PNGEncodeParam$Palette,MDSYS,oracle/ord/media/jai/codec/PNGEncodeParam$Palette,
PUBLIC,oracle/ord/media/jai/codec/PNGEncodeParam$RGB,MDSYS,oracle/ord/media/jai/codec/PNGEncodeParam$RGB,
PUBLIC,oracle/ord/media/jai/codec/PNGImage,MDSYS,oracle/ord/media/jai/codec/PNGImage,
PUBLIC,oracle/ord/media/jai/codec/PNGImageDecoder,MDSYS,oracle/ord/media/jai/codec/PNGImageDecoder,
PUBLIC,oracle/ord/media/jai/codec/PNGImageEncoder,MDSYS,oracle/ord/media/jai/codec/PNGImageEncoder,
PUBLIC,oracle/ord/media/jai/codec/PNGSuggestedPaletteEntry,MDSYS,oracle/ord/media/jai/codec/PNGSuggestedPaletteEntry,
PUBLIC,oracle/ord/media/jai/codec/PNMCodec,MDSYS,oracle/ord/media/jai/codec/PNMCodec,
PUBLIC,oracle/ord/media/jai/codec/PNMEncodeParam,MDSYS,oracle/ord/media/jai/codec/PNMEncodeParam,
PUBLIC,oracle/ord/media/jai/codec/PNMImage,MDSYS,oracle/ord/media/jai/codec/PNMImage,
PUBLIC,oracle/ord/media/jai/codec/PNMImageDecoder,MDSYS,oracle/ord/media/jai/codec/PNMImageDecoder,
PUBLIC,oracle/ord/media/jai/codec/PNMImageEncoder,MDSYS,oracle/ord/media/jai/codec/PNMImageEncoder,
PUBLIC,oracle/ord/media/jai/codec/PNMImageEncoder$1,MDSYS,oracle/ord/media/jai/codec/PNMImageEncoder$1,
PUBLIC,oracle/ord/media/jai/codec/PPMCodec,MDSYS,oracle/ord/media/jai/codec/PPMCodec,
PUBLIC,oracle/ord/media/jai/codec/Property,MDSYS,oracle/ord/media/jai/codec/Property,
PUBLIC,oracle/ord/media/jai/codec/PropertySet,MDSYS,oracle/ord/media/jai/codec/PropertySet,
PUBLIC,oracle/ord/media/jai/codec/RASFCodec,MDSYS,oracle/ord/media/jai/codec/RASFCodec,
PUBLIC,oracle/ord/media/jai/codec/RASFEncodeParam,MDSYS,oracle/ord/media/jai/codec/RASFEncodeParam,
PUBLIC,oracle/ord/media/jai/codec/RASFImage,MDSYS,oracle/ord/media/jai/codec/RASFImage,
PUBLIC,oracle/ord/media/jai/codec/RASFImageDecoder,MDSYS,oracle/ord/media/jai/codec/RASFImageDecoder,
PUBLIC,oracle/ord/media/jai/codec/RASFImageEncoder,MDSYS,oracle/ord/media/jai/codec/RASFImageEncoder,
PUBLIC,oracle/ord/media/jai/codec/RAWDecodeParam,MDSYS,oracle/ord/media/jai/codec/RAWDecodeParam,
PUBLIC,oracle/ord/media/jai/codec/RIPropertyAdapter,MDSYS,oracle/ord/media/jai/codec/RIPropertyAdapter,
PUBLIC,oracle/ord/media/jai/codec/RPIXCodec,MDSYS,oracle/ord/media/jai/codec/RPIXCodec,
PUBLIC,oracle/ord/media/jai/codec/RPIXDecodeParam,MDSYS,oracle/ord/media/jai/codec/RPIXDecodeParam,
PUBLIC,oracle/ord/media/jai/codec/RPIXEncodeParam,MDSYS,oracle/ord/media/jai/codec/RPIXEncodeParam,
PUBLIC,oracle/ord/media/jai/codec/RPIXImage,MDSYS,oracle/ord/media/jai/codec/RPIXImage,
PUBLIC,oracle/ord/media/jai/codec/RPIXImageDecoder,MDSYS,oracle/ord/media/jai/codec/RPIXImageDecoder,
PUBLIC,oracle/ord/media/jai/codec/RPIXImageEncoder,MDSYS,oracle/ord/media/jai/codec/RPIXImageEncoder,
PUBLIC,oracle/ord/media/jai/codec/RPIXImage$RPIXImageHeader,MDSYS,oracle/ord/media/jai/codec/RPIXImage$RPIXImageHeader,
PUBLIC,oracle/ord/media/jai/codec/SimpleRenderedImage,MDSYS,oracle/ord/media/jai/codec/SimpleRenderedImage,
PUBLIC,oracle/ord/media/jai/codec/SSDirectoryEntry,MDSYS,oracle/ord/media/jai/codec/SSDirectoryEntry,
PUBLIC,oracle/ord/media/jai/codec/StructuredStorage,MDSYS,oracle/ord/media/jai/codec/StructuredStorage,
PUBLIC,oracle/ord/media/jai/codec/TGAFCodec,MDSYS,oracle/ord/media/jai/codec/TGAFCodec,
PUBLIC,oracle/ord/media/jai/codec/TGAFEncodeParam,MDSYS,oracle/ord/media/jai/codec/TGAFEncodeParam,
PUBLIC,oracle/ord/media/jai/codec/TGAFImage,MDSYS,oracle/ord/media/jai/codec/TGAFImage,
PUBLIC,oracle/ord/media/jai/codec/TGAFImageDecoder,MDSYS,oracle/ord/media/jai/codec/TGAFImageDecoder,
PUBLIC,oracle/ord/media/jai/codec/TGAFImageEncoder,MDSYS,oracle/ord/media/jai/codec/TGAFImageEncoder,
PUBLIC,oracle/ord/media/jai/codec/TIFFCodec,MDSYS,oracle/ord/media/jai/codec/TIFFCodec,
PUBLIC,oracle/ord/media/jai/codec/TIFFCompressor,MDSYS,oracle/ord/media/jai/codec/TIFFCompressor,
PUBLIC,oracle/ord/media/jai/codec/TIFFCompressorImpl,MDSYS,oracle/ord/media/jai/codec/TIFFCompressorImpl,
PUBLIC,oracle/ord/media/jai/codec/TIFFDecodeParam,MDSYS,oracle/ord/media/jai/codec/TIFFDecodeParam,
PUBLIC,oracle/ord/media/jai/codec/TIFFDeflateCompressor,MDSYS,oracle/ord/media/jai/codec/TIFFDeflateCompressor,
PUBLIC,oracle/ord/media/jai/codec/TIFFDirectory,MDSYS,oracle/ord/media/jai/codec/TIFFDirectory,
PUBLIC,oracle/ord/media/jai/codec/TIFFEncodeParam,MDSYS,oracle/ord/media/jai/codec/TIFFEncodeParam,
PUBLIC,oracle/ord/media/jai/codec/TIFFFastPageSelector,MDSYS,oracle/ord/media/jai/codec/TIFFFastPageSelector,
PUBLIC,oracle/ord/media/jai/codec/TIFFFaxDecoder,MDSYS,oracle/ord/media/jai/codec/TIFFFaxDecoder,
PUBLIC,oracle/ord/media/jai/codec/TIFFFax3Compressor,MDSYS,oracle/ord/media/jai/codec/TIFFFax3Compressor,
PUBLIC,oracle/ord/media/jai/codec/TIFFFax4Compressor,MDSYS,oracle/ord/media/jai/codec/TIFFFax4Compressor,
PUBLIC,oracle/ord/media/jai/codec/TIFFField,MDSYS,oracle/ord/media/jai/codec/TIFFField,
PUBLIC,oracle/ord/media/jai/codec/TIFFHuffmanCompressor,MDSYS,oracle/ord/media/jai/codec/TIFFHuffmanCompressor,
PUBLIC,oracle/ord/media/jai/codec/TIFFImage,MDSYS,oracle/ord/media/jai/codec/TIFFImage,
PUBLIC,oracle/ord/media/jai/codec/TIFFImageDecoder,MDSYS,oracle/ord/media/jai/codec/TIFFImageDecoder,
PUBLIC,oracle/ord/media/jai/codec/TIFFImageEncoder,MDSYS,oracle/ord/media/jai/codec/TIFFImageEncoder,
PUBLIC,oracle/ord/media/jai/codec/TIFFJPEGCompressor,MDSYS,oracle/ord/media/jai/codec/TIFFJPEGCompressor,
PUBLIC,oracle/ord/media/jai/codec/TIFFLZWCompressor,MDSYS,oracle/ord/media/jai/codec/TIFFLZWCompressor,
PUBLIC,oracle/ord/media/jai/codec/TIFFLZWDecoder,MDSYS,oracle/ord/media/jai/codec/TIFFLZWDecoder,
PUBLIC,oracle/ord/media/jai/codec/TIFFNoneCompressor,MDSYS,oracle/ord/media/jai/codec/TIFFNoneCompressor,
PUBLIC,oracle/ord/media/jai/codec/TIFFPackbitsCompressor,MDSYS,oracle/ord/media/jai/codec/TIFFPackbitsCompressor,
PUBLIC,oracle/ord/media/jai/codec/TIFFPageRearranger,MDSYS,oracle/ord/media/jai/codec/TIFFPageRearranger,
PUBLIC,oracle/ord/media/jai/codec/TIFFPageRearranger$TIFFDirEntry,MDSYS,oracle/ord/media/jai/codec/TIFFPageRearranger$TIFFDirEntry,
PUBLIC,oracle/ord/media/jai/codec/TIFFPageRearranger$TIFFIFD,MDSYS,oracle/ord/media/jai/codec/TIFFPageRearranger$TIFFIFD,
PUBLIC,oracle/ord/media/jai/codec/TIFFPageRearranger$1,MDSYS,oracle/ord/media/jai/codec/TIFFPageRearranger$1,
PUBLIC,oracle/ord/media/jai/codec/TIFFSimpleTag,MDSYS,oracle/ord/media/jai/codec/TIFFSimpleTag,
PUBLIC,oracle/ord/media/jai/codec/WBMPCodec,MDSYS,oracle/ord/media/jai/codec/WBMPCodec,
PUBLIC,oracle/ord/media/jai/codec/WBMPImage,MDSYS,oracle/ord/media/jai/codec/WBMPImage,
PUBLIC,oracle/ord/media/jai/codec/WBMPImageDecoder,MDSYS,oracle/ord/media/jai/codec/WBMPImageDecoder,
PUBLIC,oracle/ord/media/jai/codec/WBMPImageEncoder,MDSYS,oracle/ord/media/jai/codec/WBMPImageEncoder,
PUBLIC,oracle/ord/media/jai/io/BfileInputStream,MDSYS,oracle/ord/media/jai/io/BfileInputStream,
PUBLIC,oracle/ord/media/jai/io/BlobInputStream,MDSYS,oracle/ord/media/jai/io/BlobInputStream,
PUBLIC,oracle/ord/media/jai/io/BlobOutputStream,MDSYS,oracle/ord/media/jai/io/BlobOutputStream,
PUBLIC,oracle/ord/media/jai/io/ByteArraySeekableOutputStream,MDSYS,oracle/ord/media/jai/io/ByteArraySeekableOutputStream,
PUBLIC,oracle/ord/media/jai/io/ExtBlobOutputStream,MDSYS,oracle/ord/media/jai/io/ExtBlobOutputStream,
PUBLIC,oracle/ord/media/jai/io/FileSeekableInputStream,MDSYS,oracle/ord/media/jai/io/FileSeekableInputStream,
PUBLIC,oracle/ord/media/jai/io/FileSeekableOutputStream,MDSYS,oracle/ord/media/jai/io/FileSeekableOutputStream,
PUBLIC,oracle/ord/media/jai/io/MemoryCacheSeekableOutputStream,MDSYS,oracle/ord/media/jai/io/MemoryCacheSeekableOutputStream,
PUBLIC,oracle/ord/media/jai/io/OracleSegmentedSeekableStream,MDSYS,oracle/ord/media/jai/io/OracleSegmentedSeekableStream,
PUBLIC,oracle/ord/media/jai/io/SeekableInputStreamAdapter,MDSYS,oracle/ord/media/jai/io/SeekableInputStreamAdapter,
PUBLIC,oracle/ord/media/jai/io/SeekableOutputStream,MDSYS,oracle/ord/media/jai/io/SeekableOutputStream,
PUBLIC,oracle/ord/media/jai/io/SOSToIOSAdapter,MDSYS,oracle/ord/media/jai/io/SOSToIOSAdapter,
PUBLIC,oracle/ord/media/jai/ops/CopyBandDescriptor,MDSYS,oracle/ord/media/jai/ops/CopyBandDescriptor,
PUBLIC,oracle/ord/media/jai/ops/CopyBandOpImage,MDSYS,oracle/ord/media/jai/ops/CopyBandOpImage,
PUBLIC,oracle/ord/media/jai/ops/ForceComponentDescriptor,MDSYS,oracle/ord/media/jai/ops/ForceComponentDescriptor,
PUBLIC,oracle/ord/media/jai/ops/ForceComponentOpImage,MDSYS,oracle/ord/media/jai/ops/ForceComponentOpImage,
PUBLIC,oracle/ord/media/jai/ops/MedianCutQuantizer,MDSYS,oracle/ord/media/jai/ops/MedianCutQuantizer,
PUBLIC,oracle/ord/media/jai/ops/MedianCutQuantizer$Cube,MDSYS,oracle/ord/media/jai/ops/MedianCutQuantizer$Cube,
PUBLIC,oracle/ord/media/jai/ops/MedianCutQuantizer$Hypercube,MDSYS,oracle/ord/media/jai/ops/MedianCutQuantizer$Hypercube,
PUBLIC,oracle/ord/media/jai/ops/OracleScaleBilinearOpImage,MDSYS,oracle/ord/media/jai/ops/OracleScaleBilinearOpImage,
PUBLIC,oracle/ord/media/jai/ops/OracleScaleDescriptor,MDSYS,oracle/ord/media/jai/ops/OracleScaleDescriptor,
PUBLIC,oracle/ord/media/jai/ops/SetLayoutDescriptor,MDSYS,oracle/ord/media/jai/ops/SetLayoutDescriptor,
PUBLIC,oracle/ord/media/jai/ops/SetLayoutOpImage,MDSYS,oracle/ord/media/jai/ops/SetLayoutOpImage,
PUBLIC,oracle/ord/media/jai/ops/WrapNullDescriptor,MDSYS,oracle/ord/media/jai/ops/WrapNullDescriptor,
PUBLIC,oracle/ord/media/metadata/img/GIFHandler,MDSYS,oracle/ord/media/metadata/img/GIFHandler,
PUBLIC,oracle/ord/media/metadata/img/ImgHandler,MDSYS,oracle/ord/media/metadata/img/ImgHandler,
PUBLIC,oracle/ord/media/metadata/img/JPEGHandler,MDSYS,oracle/ord/media/metadata/img/JPEGHandler,
PUBLIC,oracle/ord/media/metadata/img/JP2Handler,MDSYS,oracle/ord/media/metadata/img/JP2Handler,
PUBLIC,oracle/ord/media/metadata/img/JP2Handler$1,MDSYS,oracle/ord/media/metadata/img/JP2Handler$1,
PUBLIC,oracle/ord/media/metadata/img/MetaEXIF,MDSYS,oracle/ord/media/metadata/img/MetaEXIF,
PUBLIC,oracle/ord/media/metadata/img/MetaEXIF$ExifException,MDSYS,oracle/ord/media/metadata/img/MetaEXIF$ExifException,
PUBLIC,oracle/ord/media/metadata/img/MetaIPTC,MDSYS,oracle/ord/media/metadata/img/MetaIPTC,
PUBLIC,oracle/ord/media/metadata/img/MetaIPTC$IPTCData,MDSYS,oracle/ord/media/metadata/img/MetaIPTC$IPTCData,
PUBLIC,oracle/ord/media/metadata/img/MetaIPTC$IPTCField,MDSYS,oracle/ord/media/metadata/img/MetaIPTC$IPTCField,
PUBLIC,oracle/ord/media/metadata/img/MetaXMP,MDSYS,oracle/ord/media/metadata/img/MetaXMP,
PUBLIC,oracle/ord/media/metadata/img/TIFFHandler,MDSYS,oracle/ord/media/metadata/img/TIFFHandler,
PUBLIC,oracle/ord/media/metadata/img/TIFFHandler$1,MDSYS,oracle/ord/media/metadata/img/TIFFHandler$1,
PUBLIC,oracle/ord/media/metadata/MetaAdapter,MDSYS,oracle/ord/media/metadata/MetaAdapter,
PUBLIC,oracle/ord/media/metadata/MetaAdapter$1,MDSYS,oracle/ord/media/metadata/MetaAdapter$1,
PUBLIC,oracle/ord/media/metadata/MetaAdapter$2,MDSYS,oracle/ord/media/metadata/MetaAdapter$2,
PUBLIC,oracle/ord/media/metadata/MetaAdapter$3,MDSYS,oracle/ord/media/metadata/MetaAdapter$3,
PUBLIC,oracle/ord/media/metadata/MetaCore,MDSYS,oracle/ord/media/metadata/MetaCore,
PUBLIC,oracle/ord/media/metadata/MetaCore$1,MDSYS,oracle/ord/media/metadata/MetaCore$1,
PUBLIC,oracle/ord/media/metadata/MetaCore$2,MDSYS,oracle/ord/media/metadata/MetaCore$2,
PUBLIC,oracle/ord/media/metadata/MetaHandler,MDSYS,oracle/ord/media/metadata/MetaHandler,
PUBLIC,oracle/ord/media/metadata/MetaHandlerFactory,MDSYS,oracle/ord/media/metadata/MetaHandlerFactory,
PUBLIC,oracle/ord/media/metadata/Utils,MDSYS,oracle/ord/media/metadata/Utils,
PUBLIC,oracle/ord/media/source/OrdSourceSvr,MDSYS,oracle/ord/media/source/OrdSourceSvr,
PUBLIC,oracle/scheduler/agent/AgentProperty,SYS,oracle/scheduler/agent/AgentProperty,
PUBLIC,oracle/scheduler/agent/agtFWTrace,SYS,oracle/scheduler/agent/agtFWTrace,
PUBLIC,oracle/scheduler/agent/AppendingObjectOutputStream,SYS,oracle/scheduler/agent/AppendingObjectOutputStream,
PUBLIC,oracle/scheduler/agent/DatabaseEntry,SYS,oracle/scheduler/agent/DatabaseEntry,
PUBLIC,oracle/scheduler/agent/DatabaseListManager,SYS,oracle/scheduler/agent/DatabaseListManager,
PUBLIC,oracle/scheduler/agent/DBRegistrationInfo,SYS,oracle/scheduler/agent/DBRegistrationInfo,
PUBLIC,oracle/scheduler/agent/DBVersionConstants,SYS,oracle/scheduler/agent/DBVersionConstants,
PUBLIC,oracle/scheduler/agent/ExecutionAgent,SYS,oracle/scheduler/agent/ExecutionAgent,
PUBLIC,oracle/scheduler/agent/ExecutionAgent$HttpResponseProcessor,SYS,oracle/scheduler/agent/ExecutionAgent$HttpResponseProcessor,
PUBLIC,oracle/scheduler/agent/ExecutionAgent$PingHttpResponseProcessor,SYS,oracle/scheduler/agent/ExecutionAgent$PingHttpResponseProcessor,
PUBLIC,oracle/scheduler/agent/ExecutionAgent$1,SYS,oracle/scheduler/agent/ExecutionAgent$1,
PUBLIC,oracle/scheduler/agent/ExecutionAgent$2,SYS,oracle/scheduler/agent/ExecutionAgent$2,
PUBLIC,oracle/scheduler/agent/ExecutionAgent$3,SYS,oracle/scheduler/agent/ExecutionAgent$3,
PUBLIC,oracle/scheduler/agent/ExecutionAgent$4,SYS,oracle/scheduler/agent/ExecutionAgent$4,
PUBLIC,oracle/scheduler/agent/ExecutionAgent$5,SYS,oracle/scheduler/agent/ExecutionAgent$5,
PUBLIC,oracle/scheduler/agent/ExecutionAgent$6,SYS,oracle/scheduler/agent/ExecutionAgent$6,
PUBLIC,oracle/scheduler/agent/ExecutionAgent$7,SYS,oracle/scheduler/agent/ExecutionAgent$7,
PUBLIC,oracle/scheduler/agent/ExecutionAgent$8,SYS,oracle/scheduler/agent/ExecutionAgent$8,
PUBLIC,oracle/scheduler/agent/fileWatch,SYS,oracle/scheduler/agent/fileWatch,
PUBLIC,oracle/scheduler/agent/fileWatchCred,SYS,oracle/scheduler/agent/fileWatchCred,
PUBLIC,oracle/scheduler/agent/fileWatch$dirReqMap,SYS,oracle/scheduler/agent/fileWatch$dirReqMap,
PUBLIC,oracle/scheduler/agent/FileWatcherRun,SYS,oracle/scheduler/agent/FileWatcherRun,
PUBLIC,oracle/scheduler/agent/fileWatchHistory,SYS,oracle/scheduler/agent/fileWatchHistory,
PUBLIC,oracle/scheduler/agent/fileWatchHstInfo,SYS,oracle/scheduler/agent/fileWatchHstInfo,
PUBLIC,oracle/scheduler/agent/fileWatchInfo,SYS,oracle/scheduler/agent/fileWatchInfo,
PUBLIC,oracle/scheduler/agent/fileWatchRepos,SYS,oracle/scheduler/agent/fileWatchRepos,
PUBLIC,oracle/scheduler/agent/fileWatchReqInfo,SYS,oracle/scheduler/agent/fileWatchReqInfo,
PUBLIC,oracle/scheduler/agent/fileWatchRequest,SYS,oracle/scheduler/agent/fileWatchRequest,
PUBLIC,oracle/scheduler/agent/fileWatchResInfo,SYS,oracle/scheduler/agent/fileWatchResInfo,
PUBLIC,oracle/scheduler/agent/fileWatchResult,SYS,oracle/scheduler/agent/fileWatchResult,
PUBLIC,oracle/scheduler/agent/fileWatchSrcInfo,SYS,oracle/scheduler/agent/fileWatchSrcInfo,
PUBLIC,oracle/scheduler/agent/fileWatchTrace,SYS,oracle/scheduler/agent/fileWatchTrace,
PUBLIC,oracle/scheduler/agent/fwHistoryWrapper,SYS,oracle/scheduler/agent/fwHistoryWrapper,
PUBLIC,oracle/scheduler/agent/fwHstListWrapper,SYS,oracle/scheduler/agent/fwHstListWrapper,
PUBLIC,oracle/scheduler/agent/fwReqListWrapper,SYS,oracle/scheduler/agent/fwReqListWrapper,
PUBLIC,oracle/scheduler/agent/fwRequestWrapper,SYS,oracle/scheduler/agent/fwRequestWrapper,
PUBLIC,oracle/scheduler/agent/fwResListWrapper,SYS,oracle/scheduler/agent/fwResListWrapper,
PUBLIC,oracle/scheduler/agent/fwResultWrapper,SYS,oracle/scheduler/agent/fwResultWrapper,
PUBLIC,oracle/scheduler/agent/fwStartTask,SYS,oracle/scheduler/agent/fwStartTask,
PUBLIC,oracle/scheduler/agent/JobRequest,SYS,oracle/scheduler/agent/JobRequest,
PUBLIC,oracle/scheduler/agent/JssuArgs,SYS,oracle/scheduler/agent/JssuArgs,
PUBLIC,oracle/scheduler/agent/JssuError,SYS,oracle/scheduler/agent/JssuError,
PUBLIC,oracle/scheduler/agent/JssuFlags,SYS,oracle/scheduler/agent/JssuFlags,
PUBLIC,oracle/scheduler/agent/LockedFile,SYS,oracle/scheduler/agent/LockedFile,
PUBLIC,oracle/scheduler/agent/MaskingThread,SYS,oracle/scheduler/agent/MaskingThread,
PUBLIC,oracle/scheduler/agent/orabase,SYS,oracle/scheduler/agent/orabase,
PUBLIC,oracle/scheduler/agent/PasswordField,SYS,oracle/scheduler/agent/PasswordField,
PUBLIC,oracle/scheduler/agent/SchdAgntConsts,SYS,oracle/scheduler/agent/SchdAgntConsts,
PUBLIC,oracle/scheduler/agent/StreamRedirector,SYS,oracle/scheduler/agent/StreamRedirector,
PUBLIC,oracle/scheduler/agent/Utilities,SYS,oracle/scheduler/agent/Utilities,
PUBLIC,oracle/scheduler/agent/Utilities$InteractiveX509TrustManager,SYS,oracle/scheduler/agent/Utilities$InteractiveX509TrustManager,
PUBLIC,oracle/scheduler/agent/Utilities$MultiX509TrustManager,SYS,oracle/scheduler/agent/Utilities$MultiX509TrustManager,
PUBLIC,oracle/scheduler/agent/Utilities$UpdateableTrustManager,SYS,oracle/scheduler/agent/Utilities$UpdateableTrustManager,
PUBLIC,oracle/scheduler/agent/Worker,SYS,oracle/scheduler/agent/Worker,
PUBLIC,oracle/scheduler/agent/ZipCreator,SYS,oracle/scheduler/agent/ZipCreator,
PUBLIC,oracle/spatial/geocoder/client/ExtractParserProfile,MDSYS,oracle/spatial/geocoder/client/ExtractParserProfile,
PUBLIC,oracle/spatial/geocoder/client/GeocoderAddress,MDSYS,oracle/spatial/geocoder/client/GeocoderAddress,
PUBLIC,oracle/spatial/geocoder/client/GeocoderClient,MDSYS,oracle/spatial/geocoder/client/GeocoderClient,
PUBLIC,oracle/spatial/geocoder/client/HttpClientGeocoder,MDSYS,oracle/spatial/geocoder/client/HttpClientGeocoder,
PUBLIC,oracle/spatial/geocoder/client/ThinClientGeocoder,MDSYS,oracle/spatial/geocoder/client/ThinClientGeocoder,
PUBLIC,oracle/spatial/geocoder/common/CountryNameTable,MDSYS,oracle/spatial/geocoder/common/CountryNameTable,
PUBLIC,oracle/spatial/geocoder/common/GeocoderAddress,MDSYS,oracle/spatial/geocoder/common/GeocoderAddress,
PUBLIC,oracle/spatial/geocoder/common/GeocoderVersion,MDSYS,oracle/spatial/geocoder/common/GeocoderVersion,
PUBLIC,oracle/spatial/geocoder/common/LBServer,MDSYS,oracle/spatial/geocoder/common/LBServer,
PUBLIC,oracle/spatial/geocoder/common/LBSException,MDSYS,oracle/spatial/geocoder/common/LBSException,
PUBLIC,oracle/spatial/geocoder/common/MatchMode,MDSYS,oracle/spatial/geocoder/common/MatchMode,
PUBLIC,oracle/spatial/geocoder/common/ServerStatus,MDSYS,oracle/spatial/geocoder/common/ServerStatus,
PUBLIC,oracle/spatial/geocoder/common/XMLHelper4Geocoder,MDSYS,oracle/spatial/geocoder/common/XMLHelper4Geocoder,
PUBLIC,oracle/spatial/geocoder/Geocoder,MDSYS,oracle/spatial/geocoder/Geocoder,
PUBLIC,oracle/spatial/geocoder/parser/AddressFormat,MDSYS,oracle/spatial/geocoder/parser/AddressFormat,
PUBLIC,oracle/spatial/geocoder/parser/AddressFormatProfile,MDSYS,oracle/spatial/geocoder/parser/AddressFormatProfile,
PUBLIC,oracle/spatial/geocoder/parser/AddressParser,MDSYS,oracle/spatial/geocoder/parser/AddressParser,
PUBLIC,oracle/spatial/geocoder/parser/AddressParserConfig,MDSYS,oracle/spatial/geocoder/parser/AddressParserConfig,
PUBLIC,oracle/spatial/geocoder/parser/AddressParserPool,MDSYS,oracle/spatial/geocoder/parser/AddressParserPool,
PUBLIC,oracle/spatial/geocoder/parser/AddressTokenizer,MDSYS,oracle/spatial/geocoder/parser/AddressTokenizer,
PUBLIC,oracle/spatial/geocoder/parser/FormatExpression,MDSYS,oracle/spatial/geocoder/parser/FormatExpression,
PUBLIC,oracle/spatial/geocoder/parser/GenericAddressParser,MDSYS,oracle/spatial/geocoder/parser/GenericAddressParser,
PUBLIC,oracle/spatial/geocoder/parser/KeywordTable,MDSYS,oracle/spatial/geocoder/parser/KeywordTable,
PUBLIC,oracle/spatial/geocoder/parser/ProfileValidatorException,MDSYS,oracle/spatial/geocoder/parser/ProfileValidatorException,
PUBLIC,oracle/spatial/geocoder/parser/StreetTypeFormat,MDSYS,oracle/spatial/geocoder/parser/StreetTypeFormat,
PUBLIC,oracle/spatial/geocoder/server/AdminArea,MDSYS,oracle/spatial/geocoder/server/AdminArea,
PUBLIC,oracle/spatial/geocoder/server/AdminAreaCache,MDSYS,oracle/spatial/geocoder/server/AdminAreaCache,
PUBLIC,oracle/spatial/geocoder/server/CityPOI,MDSYS,oracle/spatial/geocoder/server/CityPOI,
PUBLIC,oracle/spatial/geocoder/server/ConnectionManager,MDSYS,oracle/spatial/geocoder/server/ConnectionManager,
PUBLIC,oracle/spatial/geocoder/server/CountryProfile,MDSYS,oracle/spatial/geocoder/server/CountryProfile,
PUBLIC,oracle/spatial/geocoder/server/CountryProfileList,MDSYS,oracle/spatial/geocoder/server/CountryProfileList,
PUBLIC,oracle/spatial/geocoder/server/GenericGeocoder,MDSYS,oracle/spatial/geocoder/server/GenericGeocoder,
PUBLIC,oracle/spatial/geocoder/server/GeocoderConfig,MDSYS,oracle/spatial/geocoder/server/GeocoderConfig,
PUBLIC,oracle/spatial/geocoder/server/GeocoderConfigList,MDSYS,oracle/spatial/geocoder/server/GeocoderConfigList,
PUBLIC,oracle/spatial/geocoder/server/GeocoderException,MDSYS,oracle/spatial/geocoder/server/GeocoderException,
PUBLIC,oracle/spatial/geocoder/server/HouseNumberHelper,MDSYS,oracle/spatial/geocoder/server/HouseNumberHelper,
PUBLIC,oracle/spatial/geocoder/server/Intersection,MDSYS,oracle/spatial/geocoder/server/Intersection,
PUBLIC,oracle/spatial/geocoder/server/Municipality,MDSYS,oracle/spatial/geocoder/server/Municipality,
PUBLIC,oracle/spatial/geocoder/server/POI,MDSYS,oracle/spatial/geocoder/server/POI,
PUBLIC,oracle/spatial/geocoder/server/PostalCode,MDSYS,oracle/spatial/geocoder/server/PostalCode,
PUBLIC,oracle/spatial/geocoder/server/PostalCodeCache,MDSYS,oracle/spatial/geocoder/server/PostalCodeCache,
PUBLIC,oracle/spatial/geocoder/server/Region,MDSYS,oracle/spatial/geocoder/server/Region,
PUBLIC,oracle/spatial/geocoder/server/ReverseGeocoder,MDSYS,oracle/spatial/geocoder/server/ReverseGeocoder,
PUBLIC,oracle/spatial/geocoder/server/Road,MDSYS,oracle/spatial/geocoder/server/Road,
PUBLIC,oracle/spatial/geocoder/server/Road$Grid,MDSYS,oracle/spatial/geocoder/server/Road$Grid,
PUBLIC,oracle/spatial/geocoder/server/Road$1,MDSYS,oracle/spatial/geocoder/server/Road$1,
PUBLIC,oracle/spatial/geocoder/server/ScoreComparator,MDSYS,oracle/spatial/geocoder/server/ScoreComparator,
PUBLIC,oracle/spatial/geocoder/server/ScoreComparator2,MDSYS,oracle/spatial/geocoder/server/ScoreComparator2,
PUBLIC,oracle/spatial/geocoder/server/Settlement,MDSYS,oracle/spatial/geocoder/server/Settlement,
PUBLIC,oracle/spatial/geocoder/server/Sorter,MDSYS,oracle/spatial/geocoder/server/Sorter,
PUBLIC,oracle/spatial/geocoder/server/Sorter2,MDSYS,oracle/spatial/geocoder/server/Sorter2,
PUBLIC,oracle/spatial/geocoder/server/TimeZone,MDSYS,oracle/spatial/geocoder/server/TimeZone,
PUBLIC,oracle/spatial/geocoder/SQLGeocoderStub,MDSYS,oracle/spatial/geocoder/SQLGeocoderStub,
PUBLIC,oracle/spatial/geocoder/SQLParserStub,MDSYS,oracle/spatial/geocoder/SQLParserStub,
PUBLIC,oracle/spatial/geocoder/util/GCUtil,MDSYS,oracle/spatial/geocoder/util/GCUtil,
PUBLIC,oracle/spatial/geocoder/util/Logger,MDSYS,oracle/spatial/geocoder/util/Logger,
PUBLIC,oracle/spatial/geometry/AbstractRTree,MDSYS,oracle/spatial/geometry/AbstractRTree,
PUBLIC,oracle/spatial/geometry/AbstractRTree$DFPriorityQueue,MDSYS,oracle/spatial/geometry/AbstractRTree$DFPriorityQueue,
PUBLIC,oracle/spatial/geometry/AbstractRTree$DoubleRNode,MDSYS,oracle/spatial/geometry/AbstractRTree$DoubleRNode,
PUBLIC,oracle/spatial/geometry/AbstractRTree$Internal,MDSYS,oracle/spatial/geometry/AbstractRTree$Internal,
PUBLIC,oracle/spatial/geometry/AbstractRTree$JoinWalker,MDSYS,oracle/spatial/geometry/AbstractRTree$JoinWalker,
PUBLIC,oracle/spatial/geometry/AbstractRTree$JoinWalkerLevel,MDSYS,oracle/spatial/geometry/AbstractRTree$JoinWalkerLevel,
PUBLIC,oracle/spatial/geometry/AbstractRTree$PairDebug,MDSYS,oracle/spatial/geometry/AbstractRTree$PairDebug,
PUBLIC,oracle/spatial/geometry/AbstractRTree$PQItem,MDSYS,oracle/spatial/geometry/AbstractRTree$PQItem,
PUBLIC,oracle/spatial/geometry/AbstractRTree$TreeWalker,MDSYS,oracle/spatial/geometry/AbstractRTree$TreeWalker,
PUBLIC,oracle/spatial/geometry/AbstractRTree$1,MDSYS,oracle/spatial/geometry/AbstractRTree$1,
PUBLIC,oracle/spatial/geometry/AbstractRTree$2,MDSYS,oracle/spatial/geometry/AbstractRTree$2,
PUBLIC,oracle/spatial/geometry/Buffer,MDSYS,oracle/spatial/geometry/Buffer,
PUBLIC,oracle/spatial/geometry/Buffer$ChainSplitter,MDSYS,oracle/spatial/geometry/Buffer$ChainSplitter,
PUBLIC,oracle/spatial/geometry/Buffer$Event,MDSYS,oracle/spatial/geometry/Buffer$Event,
PUBLIC,oracle/spatial/geometry/Buffer$EventType,MDSYS,oracle/spatial/geometry/Buffer$EventType,
PUBLIC,oracle/spatial/geometry/Buffer$IntComp,MDSYS,oracle/spatial/geometry/Buffer$IntComp,
PUBLIC,oracle/spatial/geometry/Buffer$1,MDSYS,oracle/spatial/geometry/Buffer$1,
PUBLIC,oracle/spatial/geometry/Buffer$2,MDSYS,oracle/spatial/geometry/Buffer$2,
PUBLIC,oracle/spatial/geometry/Buffer$3,MDSYS,oracle/spatial/geometry/Buffer$3,
PUBLIC,oracle/spatial/geometry/Buffer$4,MDSYS,oracle/spatial/geometry/Buffer$4,
PUBLIC,oracle/spatial/geometry/Buffer$5,MDSYS,oracle/spatial/geometry/Buffer$5,
PUBLIC,oracle/spatial/geometry/Buffer$6,MDSYS,oracle/spatial/geometry/Buffer$6,
PUBLIC,oracle/spatial/geometry/Buffer$7,MDSYS,oracle/spatial/geometry/Buffer$7,
PUBLIC,oracle/spatial/geometry/BufGeom,MDSYS,oracle/spatial/geometry/BufGeom,
PUBLIC,oracle/spatial/geometry/Chain,MDSYS,oracle/spatial/geometry/Chain,
PUBLIC,oracle/spatial/geometry/Chain$AccurateSum,MDSYS,oracle/spatial/geometry/Chain$AccurateSum,
PUBLIC,oracle/spatial/geometry/Chain$CenterPoint,MDSYS,oracle/spatial/geometry/Chain$CenterPoint,
PUBLIC,oracle/spatial/geometry/CompJGeom,MDSYS,oracle/spatial/geometry/CompJGeom,
PUBLIC,oracle/spatial/geometry/CoordSysInfo,MDSYS,oracle/spatial/geometry/CoordSysInfo,
PUBLIC,oracle/spatial/geometry/DataException,MDSYS,oracle/spatial/geometry/DataException,
PUBLIC,oracle/spatial/geometry/ElementExtractor,MDSYS,oracle/spatial/geometry/ElementExtractor,
PUBLIC,oracle/spatial/geometry/FastJGeometry,MDSYS,oracle/spatial/geometry/FastJGeometry,
PUBLIC,oracle/spatial/geometry/FastJGeometry$FastDistanceInfo,MDSYS,oracle/spatial/geometry/FastJGeometry$FastDistanceInfo,
PUBLIC,oracle/spatial/geometry/FastJGeometry$FastOp,MDSYS,oracle/spatial/geometry/FastJGeometry$FastOp,
PUBLIC,oracle/spatial/geometry/FastJGeometry$PPStatus,MDSYS,oracle/spatial/geometry/FastJGeometry$PPStatus,
PUBLIC,oracle/spatial/geometry/FastJGeometry$1,MDSYS,oracle/spatial/geometry/FastJGeometry$1,
PUBLIC,oracle/spatial/geometry/FastJGeometry$2,MDSYS,oracle/spatial/geometry/FastJGeometry$2,
PUBLIC,oracle/spatial/geometry/JGeometry,MDSYS,oracle/spatial/geometry/JGeometry,
PUBLIC,oracle/spatial/geometry/JGeometry$ChainConverter,MDSYS,oracle/spatial/geometry/JGeometry$ChainConverter,
PUBLIC,oracle/spatial/geometry/JGeometry$ChainConverter$State,MDSYS,oracle/spatial/geometry/JGeometry$ChainConverter$State,
PUBLIC,oracle/spatial/geometry/JGeometry$DensifyData,MDSYS,oracle/spatial/geometry/JGeometry$DensifyData,
PUBLIC,oracle/spatial/geometry/JGeometry$D2,MDSYS,oracle/spatial/geometry/JGeometry$D2,
PUBLIC,oracle/spatial/geometry/JGeometry$D3,MDSYS,oracle/spatial/geometry/JGeometry$D3,
PUBLIC,oracle/spatial/geometry/JGeometry$ElementIterator,MDSYS,oracle/spatial/geometry/JGeometry$ElementIterator,
PUBLIC,oracle/spatial/geometry/JGeometry$Gc_trans,MDSYS,oracle/spatial/geometry/JGeometry$Gc_trans,
PUBLIC,oracle/spatial/geometry/JGeometry$GeomParser,MDSYS,oracle/spatial/geometry/JGeometry$GeomParser,
PUBLIC,oracle/spatial/geometry/JGeometry$GoldenSection,MDSYS,oracle/spatial/geometry/JGeometry$GoldenSection,
PUBLIC,oracle/spatial/geometry/JGeometry$LineStringInfo,MDSYS,oracle/spatial/geometry/JGeometry$LineStringInfo,
PUBLIC,oracle/spatial/geometry/JGeometry$LineStringInfoList,MDSYS,oracle/spatial/geometry/JGeometry$LineStringInfoList,
PUBLIC,oracle/spatial/geometry/JGeometry$LineStringInfoOrdinates,MDSYS,oracle/spatial/geometry/JGeometry$LineStringInfoOrdinates,
PUBLIC,oracle/spatial/geometry/JGeometry$LT_transform,MDSYS,oracle/spatial/geometry/JGeometry$LT_transform,
PUBLIC,oracle/spatial/geometry/JGeometry$Point,MDSYS,oracle/spatial/geometry/JGeometry$Point,
PUBLIC,oracle/spatial/geometry/JGeometry$VoronoiDiagram,MDSYS,oracle/spatial/geometry/JGeometry$VoronoiDiagram,
PUBLIC,oracle/spatial/geometry/JGeometry$VoronoiDiagram$Edge,MDSYS,oracle/spatial/geometry/JGeometry$VoronoiDiagram$Edge,
PUBLIC,oracle/spatial/geometry/JGeometry$VoronoiDiagram$Event,MDSYS,oracle/spatial/geometry/JGeometry$VoronoiDiagram$Event,
PUBLIC,oracle/spatial/geometry/JGeometry$VoronoiDiagram$Parabola,MDSYS,oracle/spatial/geometry/JGeometry$VoronoiDiagram$Parabola,
PUBLIC,oracle/spatial/geometry/JGeometry$1,MDSYS,oracle/spatial/geometry/JGeometry$1,
PUBLIC,oracle/spatial/geometry/JGeometry$2,MDSYS,oracle/spatial/geometry/JGeometry$2,
PUBLIC,oracle/spatial/geometry/JGeometry$3,MDSYS,oracle/spatial/geometry/JGeometry$3,
PUBLIC,oracle/spatial/geometry/JGeometry$4,MDSYS,oracle/spatial/geometry/JGeometry$4,
PUBLIC,oracle/spatial/geometry/JGeometry$5,MDSYS,oracle/spatial/geometry/JGeometry$5,
PUBLIC,oracle/spatial/geometry/JGeomToGeoJson,MDSYS,oracle/spatial/geometry/JGeomToGeoJson,
PUBLIC,oracle/spatial/geometry/JPoint2DD,MDSYS,oracle/spatial/geometry/JPoint2DD,
PUBLIC,oracle/spatial/geometry/JPoint3DD,MDSYS,oracle/spatial/geometry/JPoint3DD,
PUBLIC,oracle/spatial/geometry/J3D_Geometry,MDSYS,oracle/spatial/geometry/J3D_Geometry,
PUBLIC,oracle/spatial/geometry/LRSGeometryG3D,MDSYS,oracle/spatial/geometry/LRSGeometryG3D,
PUBLIC,oracle/spatial/geometry/Mer,MDSYS,oracle/spatial/geometry/Mer,
PUBLIC,oracle/spatial/geometry/Ops,MDSYS,oracle/spatial/geometry/Ops,
PUBLIC,oracle/spatial/geometry/Ops$DistToLineComparator,MDSYS,oracle/spatial/geometry/Ops$DistToLineComparator,
PUBLIC,oracle/spatial/geometry/Ops$HullEdge,MDSYS,oracle/spatial/geometry/Ops$HullEdge,
PUBLIC,oracle/spatial/geometry/OpsJGeometry,MDSYS,oracle/spatial/geometry/OpsJGeometry,
PUBLIC,oracle/spatial/geometry/Ops$1,MDSYS,oracle/spatial/geometry/Ops$1,
PUBLIC,oracle/spatial/geometry/Ops$2,MDSYS,oracle/spatial/geometry/Ops$2,
PUBLIC,oracle/spatial/geometry/Pair,MDSYS,oracle/spatial/geometry/Pair,
PUBLIC,oracle/spatial/geometry/PointPolygon,MDSYS,oracle/spatial/geometry/PointPolygon,
PUBLIC,oracle/spatial/geometry/PointPolygon$1,MDSYS,oracle/spatial/geometry/PointPolygon$1,
PUBLIC,oracle/spatial/geometry/PointPolygon$2,MDSYS,oracle/spatial/geometry/PointPolygon$2,
PUBLIC,oracle/spatial/geometry/PSSegment,MDSYS,oracle/spatial/geometry/PSSegment,
PUBLIC,oracle/spatial/geometry/PSSegment$MonotoneUpdater,MDSYS,oracle/spatial/geometry/PSSegment$MonotoneUpdater,
PUBLIC,oracle/spatial/geometry/PSSegment$SegType,MDSYS,oracle/spatial/geometry/PSSegment$SegType,
PUBLIC,oracle/spatial/geometry/RNode,MDSYS,oracle/spatial/geometry/RNode,
PUBLIC,oracle/spatial/geometry/RStarTree,MDSYS,oracle/spatial/geometry/RStarTree,
PUBLIC,oracle/spatial/geometry/RStarTree$RStarInternal,MDSYS,oracle/spatial/geometry/RStarTree$RStarInternal,
PUBLIC,oracle/spatial/geometry/RStarTree$1,MDSYS,oracle/spatial/geometry/RStarTree$1,
PUBLIC,oracle/spatial/geometry/RTreeInterface,MDSYS,oracle/spatial/geometry/RTreeInterface,
PUBLIC,oracle/spatial/geometry/SdoPickler,MDSYS,oracle/spatial/geometry/SdoPickler,
PUBLIC,oracle/spatial/geometry/SdoPickler$UnpickleHelper,MDSYS,oracle/spatial/geometry/SdoPickler$UnpickleHelper,
PUBLIC,oracle/spatial/geometry/SkipList,MDSYS,oracle/spatial/geometry/SkipList,
PUBLIC,oracle/spatial/geometry/SkipListData,MDSYS,oracle/spatial/geometry/SkipListData,
PUBLIC,oracle/spatial/geometry/SpatialSort,MDSYS,oracle/spatial/geometry/SpatialSort,
PUBLIC,oracle/spatial/geometry/SpatialSort$1,MDSYS,oracle/spatial/geometry/SpatialSort$1,
PUBLIC,oracle/spatial/geometry/SpatialSort$2,MDSYS,oracle/spatial/geometry/SpatialSort$2,
PUBLIC,oracle/spatial/geometry/SpatialSort$3,MDSYS,oracle/spatial/geometry/SpatialSort$3,
PUBLIC,oracle/spatial/geometry/Union,MDSYS,oracle/spatial/geometry/Union,
PUBLIC,oracle/spatial/geometry/UnitSphere,MDSYS,oracle/spatial/geometry/UnitSphere,
PUBLIC,oracle/spatial/georaster/BandReferenceInfo,MDSYS,oracle/spatial/georaster/BandReferenceInfo,
PUBLIC,oracle/spatial/georaster/BandReferenceInfo$BandReferenceType,MDSYS,oracle/spatial/georaster/BandReferenceInfo$BandReferenceType,
PUBLIC,oracle/spatial/georaster/CellCoordinateType,MDSYS,oracle/spatial/georaster/CellCoordinateType,
PUBLIC,oracle/spatial/georaster/compress/codec/BlobCodec,MDSYS,oracle/spatial/georaster/compress/codec/BlobCodec,
PUBLIC,oracle/spatial/georaster/compress/codec/BlobDecodeParam,MDSYS,oracle/spatial/georaster/compress/codec/BlobDecodeParam,
PUBLIC,oracle/spatial/georaster/compress/codec/BlobImage,MDSYS,oracle/spatial/georaster/compress/codec/BlobImage,
PUBLIC,oracle/spatial/georaster/compress/codec/BlobImageDecoder,MDSYS,oracle/spatial/georaster/compress/codec/BlobImageDecoder,
PUBLIC,oracle/spatial/georaster/compress/codec/SISToIISAdapter,MDSYS,oracle/spatial/georaster/compress/codec/SISToIISAdapter,
PUBLIC,oracle/spatial/georaster/compress/Compressor,MDSYS,oracle/spatial/georaster/compress/Compressor,
PUBLIC,oracle/spatial/georaster/compress/Compressor$1,MDSYS,oracle/spatial/georaster/compress/Compressor$1,
PUBLIC,oracle/spatial/georaster/compress/Compressor$10,MDSYS,oracle/spatial/georaster/compress/Compressor$10,
PUBLIC,oracle/spatial/georaster/compress/Compressor$11,MDSYS,oracle/spatial/georaster/compress/Compressor$11,
PUBLIC,oracle/spatial/georaster/compress/Compressor$12,MDSYS,oracle/spatial/georaster/compress/Compressor$12,
PUBLIC,oracle/spatial/georaster/compress/Compressor$13,MDSYS,oracle/spatial/georaster/compress/Compressor$13,
PUBLIC,oracle/spatial/georaster/compress/Compressor$14,MDSYS,oracle/spatial/georaster/compress/Compressor$14,
PUBLIC,oracle/spatial/georaster/compress/Compressor$2,MDSYS,oracle/spatial/georaster/compress/Compressor$2,
PUBLIC,oracle/spatial/georaster/compress/Compressor$3,MDSYS,oracle/spatial/georaster/compress/Compressor$3,
PUBLIC,oracle/spatial/georaster/compress/Compressor$4,MDSYS,oracle/spatial/georaster/compress/Compressor$4,
PUBLIC,oracle/spatial/georaster/compress/Compressor$5,MDSYS,oracle/spatial/georaster/compress/Compressor$5,
PUBLIC,oracle/spatial/georaster/compress/Compressor$6,MDSYS,oracle/spatial/georaster/compress/Compressor$6,
PUBLIC,oracle/spatial/georaster/compress/Compressor$7,MDSYS,oracle/spatial/georaster/compress/Compressor$7,
PUBLIC,oracle/spatial/georaster/compress/Compressor$8,MDSYS,oracle/spatial/georaster/compress/Compressor$8,
PUBLIC,oracle/spatial/georaster/compress/Compressor$9,MDSYS,oracle/spatial/georaster/compress/Compressor$9,
PUBLIC,oracle/spatial/georaster/compress/GeorJP2Interface,MDSYS,oracle/spatial/georaster/compress/GeorJP2Interface,
PUBLIC,oracle/spatial/georaster/compress/GRImageWriteParam,MDSYS,oracle/spatial/georaster/compress/GRImageWriteParam,
PUBLIC,oracle/spatial/georaster/compress/jp2/JP2Compressor,MDSYS,oracle/spatial/georaster/compress/jp2/JP2Compressor,
PUBLIC,oracle/spatial/georaster/ExtentType,MDSYS,oracle/spatial/georaster/ExtentType,
PUBLIC,oracle/spatial/georaster/GCPGeoreference,MDSYS,oracle/spatial/georaster/GCPGeoreference,
PUBLIC,oracle/spatial/georaster/GCPPoint,MDSYS,oracle/spatial/georaster/GCPPoint,
PUBLIC,oracle/spatial/georaster/GeoRasterException,MDSYS,oracle/spatial/georaster/GeoRasterException,
PUBLIC,oracle/spatial/georaster/GeorColormap,MDSYS,oracle/spatial/georaster/GeorColormap,
PUBLIC,oracle/spatial/georaster/GeorColormapEntry,MDSYS,oracle/spatial/georaster/GeorColormapEntry,
PUBLIC,oracle/spatial/georaster/GeorFunctionalFittingModel,MDSYS,oracle/spatial/georaster/GeorFunctionalFittingModel,
PUBLIC,oracle/spatial/georaster/GeorGrayscale,MDSYS,oracle/spatial/georaster/GeorGrayscale,
PUBLIC,oracle/spatial/georaster/GeorGrayscaleEntry,MDSYS,oracle/spatial/georaster/GeorGrayscaleEntry,
PUBLIC,oracle/spatial/georaster/GeorHistogram,MDSYS,oracle/spatial/georaster/GeorHistogram,
PUBLIC,oracle/spatial/georaster/GeorHistogramEntry,MDSYS,oracle/spatial/georaster/GeorHistogramEntry,
PUBLIC,oracle/spatial/georaster/GeorSpatialReference,MDSYS,oracle/spatial/georaster/GeorSpatialReference,
PUBLIC,oracle/spatial/georaster/geotiff/GeorGtfParser,MDSYS,oracle/spatial/georaster/geotiff/GeorGtfParser,
PUBLIC,oracle/spatial/georaster/geotiff/GeoTIFFWriter,MDSYS,oracle/spatial/georaster/geotiff/GeoTIFFWriter,
PUBLIC,oracle/spatial/georaster/image/GeoRasterImage,MDSYS,oracle/spatial/georaster/image/GeoRasterImage,
PUBLIC,oracle/spatial/georaster/image/GeoRasterImage$NodataMapping,MDSYS,oracle/spatial/georaster/image/GeoRasterImage$NodataMapping,
PUBLIC,oracle/spatial/georaster/image/GeoRasterImageProcessUtil,MDSYS,oracle/spatial/georaster/image/GeoRasterImageProcessUtil,
PUBLIC,oracle/spatial/georaster/image/RasterImage,MDSYS,oracle/spatial/georaster/image/RasterImage,
PUBLIC,oracle/spatial/georaster/image/RasterImage$Statistics,MDSYS,oracle/spatial/georaster/image/RasterImage$Statistics,
PUBLIC,oracle/spatial/georaster/JGeoRaster,MDSYS,oracle/spatial/georaster/JGeoRaster,
PUBLIC,oracle/spatial/georaster/JGeoRasterMeta,MDSYS,oracle/spatial/georaster/JGeoRasterMeta,
PUBLIC,oracle/spatial/georaster/JGeoRasterVM,MDSYS,oracle/spatial/georaster/JGeoRasterVM,
PUBLIC,oracle/spatial/georaster/JRaster,MDSYS,oracle/spatial/georaster/JRaster,
PUBLIC,oracle/spatial/georaster/LayerInfo,MDSYS,oracle/spatial/georaster/LayerInfo,
PUBLIC,oracle/spatial/georaster/ObjectInfo,MDSYS,oracle/spatial/georaster/ObjectInfo,
PUBLIC,oracle/spatial/georaster/Polynomial,MDSYS,oracle/spatial/georaster/Polynomial,
PUBLIC,oracle/spatial/georaster/RasterInfo,MDSYS,oracle/spatial/georaster/RasterInfo,
PUBLIC,oracle/spatial/georaster/RasterInfo$BlockingDescriptionType,MDSYS,oracle/spatial/georaster/RasterInfo$BlockingDescriptionType,
PUBLIC,oracle/spatial/georaster/RasterInfo$CompressionDescriptionType,MDSYS,oracle/spatial/georaster/RasterInfo$CompressionDescriptionType,
PUBLIC,oracle/spatial/georaster/RasterInfo$DimensionSizeType,MDSYS,oracle/spatial/georaster/RasterInfo$DimensionSizeType,
PUBLIC,oracle/spatial/georaster/RasterInfo$PyramidDescriptionType,MDSYS,oracle/spatial/georaster/RasterInfo$PyramidDescriptionType,
PUBLIC,oracle/spatial/georaster/rasterio/BLOBWriter,MDSYS,oracle/spatial/georaster/rasterio/BLOBWriter,
PUBLIC,oracle/spatial/georaster/rasterio/BMPWriter,MDSYS,oracle/spatial/georaster/rasterio/BMPWriter,
PUBLIC,oracle/spatial/georaster/rasterio/GeoRasterAdapter,MDSYS,oracle/spatial/georaster/rasterio/GeoRasterAdapter,
PUBLIC,oracle/spatial/georaster/rasterio/GeoRasterAdapter$1,MDSYS,oracle/spatial/georaster/rasterio/GeoRasterAdapter$1,
PUBLIC,oracle/spatial/georaster/rasterio/GeoRasterAdapter$2,MDSYS,oracle/spatial/georaster/rasterio/GeoRasterAdapter$2,
PUBLIC,oracle/spatial/georaster/rasterio/GeoRasterAdapter$3,MDSYS,oracle/spatial/georaster/rasterio/GeoRasterAdapter$3,
PUBLIC,oracle/spatial/georaster/rasterio/GeoRasterAdapter$4,MDSYS,oracle/spatial/georaster/rasterio/GeoRasterAdapter$4,
PUBLIC,oracle/spatial/georaster/rasterio/GeoRasterAdapter$5,MDSYS,oracle/spatial/georaster/rasterio/GeoRasterAdapter$5,
PUBLIC,oracle/spatial/georaster/rasterio/GeoRasterGeoTIFFInterface,MDSYS,oracle/spatial/georaster/rasterio/GeoRasterGeoTIFFInterface,
PUBLIC,oracle/spatial/georaster/rasterio/GeoRasterSRSAdapter,MDSYS,oracle/spatial/georaster/rasterio/GeoRasterSRSAdapter,
PUBLIC,oracle/spatial/georaster/rasterio/JGeoRasterAdapter,MDSYS,oracle/spatial/georaster/rasterio/JGeoRasterAdapter,
PUBLIC,oracle/spatial/georaster/rasterio/JPEGWriter,MDSYS,oracle/spatial/georaster/rasterio/JPEGWriter,
PUBLIC,oracle/spatial/georaster/rasterio/JP2Writer,MDSYS,oracle/spatial/georaster/rasterio/JP2Writer,
PUBLIC,oracle/spatial/georaster/rasterio/JRasterAdapter,MDSYS,oracle/spatial/georaster/rasterio/JRasterAdapter,
PUBLIC,oracle/spatial/georaster/rasterio/PNGWriter,MDSYS,oracle/spatial/georaster/rasterio/PNGWriter,
PUBLIC,oracle/spatial/georaster/rasterio/stream/BlobOutputStream,MDSYS,oracle/spatial/georaster/rasterio/stream/BlobOutputStream,
PUBLIC,oracle/spatial/georaster/rasterio/TIFFWriter,MDSYS,oracle/spatial/georaster/rasterio/TIFFWriter,
PUBLIC,oracle/spatial/georaster/RationalFunction,MDSYS,oracle/spatial/georaster/RationalFunction,
PUBLIC,oracle/spatial/georaster/ResolutionType,MDSYS,oracle/spatial/georaster/ResolutionType,
PUBLIC,oracle/spatial/georaster/SegmentationDataType,MDSYS,oracle/spatial/georaster/SegmentationDataType,
PUBLIC,oracle/spatial/georaster/SpatialReferenceInfo,MDSYS,oracle/spatial/georaster/SpatialReferenceInfo,
PUBLIC,oracle/spatial/georaster/SpatialReferenceInfo$GCPGeoreferenceType,MDSYS,oracle/spatial/georaster/SpatialReferenceInfo$GCPGeoreferenceType,
PUBLIC,oracle/spatial/georaster/SpatialReferenceInfo$GCPType,MDSYS,oracle/spatial/georaster/SpatialReferenceInfo$GCPType,
PUBLIC,oracle/spatial/georaster/SpatialReferenceInfo$PolynomialType,MDSYS,oracle/spatial/georaster/SpatialReferenceInfo$PolynomialType,
PUBLIC,oracle/spatial/georaster/SpatialReferenceInfo$RationalPolynomialType,MDSYS,oracle/spatial/georaster/SpatialReferenceInfo$RationalPolynomialType,
PUBLIC,oracle/spatial/georaster/sql/SdoGeorAdminPKG,MDSYS,oracle/spatial/georaster/sql/SdoGeorAdminPKG,
PUBLIC,oracle/spatial/georaster/sql/SdoGeorAggrPKG,MDSYS,oracle/spatial/georaster/sql/SdoGeorAggrPKG,
PUBLIC,oracle/spatial/georaster/sql/SdoGeoRaster,MDSYS,oracle/spatial/georaster/sql/SdoGeoRaster,
PUBLIC,oracle/spatial/georaster/sql/SdoGeorIpPKG,MDSYS,oracle/spatial/georaster/sql/SdoGeorIpPKG,
PUBLIC,oracle/spatial/georaster/sql/SdoGeorPKG,MDSYS,oracle/spatial/georaster/sql/SdoGeorPKG,
PUBLIC,oracle/spatial/georaster/sql/SdoGeorPKG$SdoGeorGCP,MDSYS,oracle/spatial/georaster/sql/SdoGeorPKG$SdoGeorGCP,
PUBLIC,oracle/spatial/georaster/sql/SdoGeorPKG$SdoGeorGCPRefType,MDSYS,oracle/spatial/georaster/sql/SdoGeorPKG$SdoGeorGCPRefType,
PUBLIC,oracle/spatial/georaster/sql/SdoGeorRaPKG,MDSYS,oracle/spatial/georaster/sql/SdoGeorRaPKG,
PUBLIC,oracle/spatial/georaster/sql/SdoGeorUtlPKG,MDSYS,oracle/spatial/georaster/sql/SdoGeorUtlPKG,
PUBLIC,oracle/spatial/georaster/SubLayerInfo,MDSYS,oracle/spatial/georaster/SubLayerInfo,
PUBLIC,oracle/spatial/georaster/SubLayerInfo$BinFunctionType,MDSYS,oracle/spatial/georaster/SubLayerInfo$BinFunctionType,
PUBLIC,oracle/spatial/georaster/SubLayerInfo$CellCountType,MDSYS,oracle/spatial/georaster/SubLayerInfo$CellCountType,
PUBLIC,oracle/spatial/georaster/SubLayerInfo$CellGrayType,MDSYS,oracle/spatial/georaster/SubLayerInfo$CellGrayType,
PUBLIC,oracle/spatial/georaster/SubLayerInfo$CellPseudoColorType,MDSYS,oracle/spatial/georaster/SubLayerInfo$CellPseudoColorType,
PUBLIC,oracle/spatial/georaster/SubLayerInfo$ColormapType,MDSYS,oracle/spatial/georaster/SubLayerInfo$ColormapType,
PUBLIC,oracle/spatial/georaster/SubLayerInfo$GrayscaleType,MDSYS,oracle/spatial/georaster/SubLayerInfo$GrayscaleType,
PUBLIC,oracle/spatial/georaster/SubLayerInfo$HistogramType,MDSYS,oracle/spatial/georaster/SubLayerInfo$HistogramType,
PUBLIC,oracle/spatial/georaster/SubLayerInfo$NODATAType,MDSYS,oracle/spatial/georaster/SubLayerInfo$NODATAType,
PUBLIC,oracle/spatial/georaster/SubLayerInfo$RasterCountType,MDSYS,oracle/spatial/georaster/SubLayerInfo$RasterCountType,
PUBLIC,oracle/spatial/georaster/SubLayerInfo$RasterGrayType,MDSYS,oracle/spatial/georaster/SubLayerInfo$RasterGrayType,
PUBLIC,oracle/spatial/georaster/SubLayerInfo$RasterPseudoColorType,MDSYS,oracle/spatial/georaster/SubLayerInfo$RasterPseudoColorType,
PUBLIC,oracle/spatial/georaster/SubLayerInfo$RectangularWindowType,MDSYS,oracle/spatial/georaster/SubLayerInfo$RectangularWindowType,
PUBLIC,oracle/spatial/georaster/SubLayerInfo$ScalingFunctionType,MDSYS,oracle/spatial/georaster/SubLayerInfo$ScalingFunctionType,
PUBLIC,oracle/spatial/georaster/SubLayerInfo$StatisticDatasetType,MDSYS,oracle/spatial/georaster/SubLayerInfo$StatisticDatasetType,
PUBLIC,oracle/spatial/georaster/TemporalReferenceInfo,MDSYS,oracle/spatial/georaster/TemporalReferenceInfo,
PUBLIC,oracle/spatial/georaster/util/ConnectionParameters,MDSYS,oracle/spatial/georaster/util/ConnectionParameters,
PUBLIC,oracle/spatial/georaster/util/ConnectionParameters$BasicConnection,MDSYS,oracle/spatial/georaster/util/ConnectionParameters$BasicConnection,
PUBLIC,oracle/spatial/georaster/util/ConnectionParameters$ConnectionType,MDSYS,oracle/spatial/georaster/util/ConnectionParameters$ConnectionType,
PUBLIC,oracle/spatial/georaster/util/ConnectionParameters$WalletConnection,MDSYS,oracle/spatial/georaster/util/ConnectionParameters$WalletConnection,
PUBLIC,oracle/spatial/georaster/util/ConnectionParameters$WalletConnection$1,MDSYS,oracle/spatial/georaster/util/ConnectionParameters$WalletConnection$1,
PUBLIC,oracle/spatial/georaster/util/MosaicParameters,MDSYS,oracle/spatial/georaster/util/MosaicParameters,
PUBLIC,oracle/spatial/network/AllShortestPaths,MDSYS,oracle/spatial/network/AllShortestPaths,
PUBLIC,oracle/spatial/network/AnalysisInfo,MDSYS,oracle/spatial/network/AnalysisInfo,
PUBLIC,oracle/spatial/network/AnalysisInfoImpl,MDSYS,oracle/spatial/network/AnalysisInfoImpl,
PUBLIC,oracle/spatial/network/apps/traffic/NDMTrafficWrapper,MDSYS,oracle/spatial/network/apps/traffic/NDMTrafficWrapper,
PUBLIC,oracle/spatial/network/apps/traffic/TemporalLink,MDSYS,oracle/spatial/network/apps/traffic/TemporalLink,
PUBLIC,oracle/spatial/network/apps/traffic/TrafficDataValidator,MDSYS,oracle/spatial/network/apps/traffic/TrafficDataValidator,
PUBLIC,oracle/spatial/network/apps/traffic/TrafficDataVersion,MDSYS,oracle/spatial/network/apps/traffic/TrafficDataVersion,
PUBLIC,oracle/spatial/network/apps/traffic/TrafficTimezoneUserDataGenerator,MDSYS,oracle/spatial/network/apps/traffic/TrafficTimezoneUserDataGenerator,
PUBLIC,oracle/spatial/network/apps/traffic/TrafficUserDataGenerator,MDSYS,oracle/spatial/network/apps/traffic/TrafficUserDataGenerator,
PUBLIC,oracle/spatial/network/apps/traffic/TrafficUserDataGeneratorVersion1,MDSYS,oracle/spatial/network/apps/traffic/TrafficUserDataGeneratorVersion1,
PUBLIC,oracle/spatial/network/apps/traffic/TrafficUserDataGeneratorVersion2,MDSYS,oracle/spatial/network/apps/traffic/TrafficUserDataGeneratorVersion2,
PUBLIC,oracle/spatial/network/AStar,MDSYS,oracle/spatial/network/AStar,
PUBLIC,oracle/spatial/network/AStarCostFunction,MDSYS,oracle/spatial/network/AStarCostFunction,
PUBLIC,oracle/spatial/network/AStarNode,MDSYS,oracle/spatial/network/AStarNode,
PUBLIC,oracle/spatial/network/AStarSolution,MDSYS,oracle/spatial/network/AStarSolution,
PUBLIC,oracle/spatial/network/Bfs,MDSYS,oracle/spatial/network/Bfs,
PUBLIC,oracle/spatial/network/BinaryHeap,MDSYS,oracle/spatial/network/BinaryHeap,
PUBLIC,oracle/spatial/network/Cache,MDSYS,oracle/spatial/network/Cache,
PUBLIC,oracle/spatial/network/clustering/AngularClustering,MDSYS,oracle/spatial/network/clustering/AngularClustering,
PUBLIC,oracle/spatial/network/clustering/AngularClustering$1,MDSYS,oracle/spatial/network/clustering/AngularClustering$1,
PUBLIC,oracle/spatial/network/clustering/BisectClustering,MDSYS,oracle/spatial/network/clustering/BisectClustering,
PUBLIC,oracle/spatial/network/clustering/BisectClustering$1,MDSYS,oracle/spatial/network/clustering/BisectClustering$1,
PUBLIC,oracle/spatial/network/clustering/ClusterEvaluator,MDSYS,oracle/spatial/network/clustering/ClusterEvaluator,
PUBLIC,oracle/spatial/network/clustering/HilbertClustering,MDSYS,oracle/spatial/network/clustering/HilbertClustering,
PUBLIC,oracle/spatial/network/clustering/HilbertClustering$1,MDSYS,oracle/spatial/network/clustering/HilbertClustering$1,
PUBLIC,oracle/spatial/network/clustering/KMeansClustering,MDSYS,oracle/spatial/network/clustering/KMeansClustering,
PUBLIC,oracle/spatial/network/clustering/SilhouetteClusterEvaluator,MDSYS,oracle/spatial/network/clustering/SilhouetteClusterEvaluator,
PUBLIC,oracle/spatial/network/ConvexHull,MDSYS,oracle/spatial/network/ConvexHull,
PUBLIC,oracle/spatial/network/CostDifference,MDSYS,oracle/spatial/network/CostDifference,
PUBLIC,oracle/spatial/network/CostNode,MDSYS,oracle/spatial/network/CostNode,
PUBLIC,oracle/spatial/network/Dfs,MDSYS,oracle/spatial/network/Dfs,
PUBLIC,oracle/spatial/network/Dijkstra,MDSYS,oracle/spatial/network/Dijkstra,
PUBLIC,oracle/spatial/network/DistanceFunction,MDSYS,oracle/spatial/network/DistanceFunction,
PUBLIC,oracle/spatial/network/ds/DataSourceException,MDSYS,oracle/spatial/network/ds/DataSourceException,
PUBLIC,oracle/spatial/network/ds/DbConnection,MDSYS,oracle/spatial/network/ds/DbConnection,
PUBLIC,oracle/spatial/network/ds/DbDataSource,MDSYS,oracle/spatial/network/ds/DbDataSource,
PUBLIC,oracle/spatial/network/ds/IDataSource,MDSYS,oracle/spatial/network/ds/IDataSource,
PUBLIC,oracle/spatial/network/FlowLink,MDSYS,oracle/spatial/network/FlowLink,
PUBLIC,oracle/spatial/network/FlowNetwork,MDSYS,oracle/spatial/network/FlowNetwork,
PUBLIC,oracle/spatial/network/FlowNode,MDSYS,oracle/spatial/network/FlowNode,
PUBLIC,oracle/spatial/network/GeometryMetadata,MDSYS,oracle/spatial/network/GeometryMetadata,
PUBLIC,oracle/spatial/network/GoalNode,MDSYS,oracle/spatial/network/GoalNode,
PUBLIC,oracle/spatial/network/GraphLayout,MDSYS,oracle/spatial/network/GraphLayout,
PUBLIC,oracle/spatial/network/HistoryMetadata,MDSYS,oracle/spatial/network/HistoryMetadata,
PUBLIC,oracle/spatial/network/JDBCClassLoader,MDSYS,oracle/spatial/network/JDBCClassLoader,
PUBLIC,oracle/spatial/network/JDBCClassLoader10g,MDSYS,oracle/spatial/network/JDBCClassLoader10g,
PUBLIC,oracle/spatial/network/KDTree,MDSYS,oracle/spatial/network/KDTree,
PUBLIC,oracle/spatial/network/KMeans,MDSYS,oracle/spatial/network/KMeans,
PUBLIC,oracle/spatial/network/Kruskal,MDSYS,oracle/spatial/network/Kruskal,
PUBLIC,oracle/spatial/network/Link,MDSYS,oracle/spatial/network/Link,
PUBLIC,oracle/spatial/network/linkComparator,MDSYS,oracle/spatial/network/linkComparator,
PUBLIC,oracle/spatial/network/LinkCostFunction,MDSYS,oracle/spatial/network/LinkCostFunction,
PUBLIC,oracle/spatial/network/LinkImpl,MDSYS,oracle/spatial/network/LinkImpl,
PUBLIC,oracle/spatial/network/ListLengthComparator,MDSYS,oracle/spatial/network/ListLengthComparator,
PUBLIC,oracle/spatial/network/lod/Abstract2DGeomCostFunction,MDSYS,oracle/spatial/network/lod/Abstract2DGeomCostFunction,
PUBLIC,oracle/spatial/network/lod/algo/Algorithm,MDSYS,oracle/spatial/network/lod/algo/Algorithm,
PUBLIC,oracle/spatial/network/lod/algo/AlgorithmImpl,MDSYS,oracle/spatial/network/lod/algo/AlgorithmImpl,
PUBLIC,oracle/spatial/network/lod/AnalysisEngine,MDSYS,oracle/spatial/network/lod/AnalysisEngine,
PUBLIC,oracle/spatial/network/lod/AnalysisEngine$DefaultCallable,MDSYS,oracle/spatial/network/lod/AnalysisEngine$DefaultCallable,
PUBLIC,oracle/spatial/network/lod/AnalysisUtility,MDSYS,oracle/spatial/network/lod/AnalysisUtility,
PUBLIC,oracle/spatial/network/lod/AnalysisUtility$DefaultVisitedNode,MDSYS,oracle/spatial/network/lod/AnalysisUtility$DefaultVisitedNode,
PUBLIC,oracle/spatial/network/lod/AnalysisUtility$NodeComponent,MDSYS,oracle/spatial/network/lod/AnalysisUtility$NodeComponent,
PUBLIC,oracle/spatial/network/lod/AnalysisUtility$PointOnLink,MDSYS,oracle/spatial/network/lod/AnalysisUtility$PointOnLink,
PUBLIC,oracle/spatial/network/lod/AStar,MDSYS,oracle/spatial/network/lod/AStar,
PUBLIC,oracle/spatial/network/lod/AStar$AStarVisitedNode,MDSYS,oracle/spatial/network/lod/AStar$AStarVisitedNode,
PUBLIC,oracle/spatial/network/lod/BidirectionalBfs,MDSYS,oracle/spatial/network/lod/BidirectionalBfs,
PUBLIC,oracle/spatial/network/lod/BidirectionalDijkstra,MDSYS,oracle/spatial/network/lod/BidirectionalDijkstra,
PUBLIC,oracle/spatial/network/lod/BinaryHeap,MDSYS,oracle/spatial/network/lod/BinaryHeap,
PUBLIC,oracle/spatial/network/lod/BinaryHeap$IndexKeeper,MDSYS,oracle/spatial/network/lod/BinaryHeap$IndexKeeper,
PUBLIC,oracle/spatial/network/lod/BreadthFirstSearch,MDSYS,oracle/spatial/network/lod/BreadthFirstSearch,
PUBLIC,oracle/spatial/network/lod/BreadthFirstSearch$FIFOQueue,MDSYS,oracle/spatial/network/lod/BreadthFirstSearch$FIFOQueue,
PUBLIC,oracle/spatial/network/lod/BreadthFirstSearch$IdentifiableFIFOQueue,MDSYS,oracle/spatial/network/lod/BreadthFirstSearch$IdentifiableFIFOQueue,
PUBLIC,oracle/spatial/network/lod/CachedNetworkIO,MDSYS,oracle/spatial/network/lod/CachedNetworkIO,
PUBLIC,oracle/spatial/network/lod/CachedNetworkIOImpl,MDSYS,oracle/spatial/network/lod/CachedNetworkIOImpl,
PUBLIC,oracle/spatial/network/lod/CachedNetworkIOWM,MDSYS,oracle/spatial/network/lod/CachedNetworkIOWM,
PUBLIC,oracle/spatial/network/lod/CachedNetworkIOWMImpl,MDSYS,oracle/spatial/network/lod/CachedNetworkIOWMImpl,
PUBLIC,oracle/spatial/network/lod/CachingHandler,MDSYS,oracle/spatial/network/lod/CachingHandler,
PUBLIC,oracle/spatial/network/lod/CategorizedUserData,MDSYS,oracle/spatial/network/lod/CategorizedUserData,
PUBLIC,oracle/spatial/network/lod/CategorizedUserDataImpl,MDSYS,oracle/spatial/network/lod/CategorizedUserDataImpl,
PUBLIC,oracle/spatial/network/lod/Cluster,MDSYS,oracle/spatial/network/lod/Cluster,
PUBLIC,oracle/spatial/network/lod/ClusterEvaluator,MDSYS,oracle/spatial/network/lod/ClusterEvaluator,
PUBLIC,oracle/spatial/network/lod/ClusteringConstraint,MDSYS,oracle/spatial/network/lod/ClusteringConstraint,
PUBLIC,oracle/spatial/network/lod/ClusterResult,MDSYS,oracle/spatial/network/lod/ClusterResult,
PUBLIC,oracle/spatial/network/lod/ClusterSizeConstraint,MDSYS,oracle/spatial/network/lod/ClusterSizeConstraint,
PUBLIC,oracle/spatial/network/lod/config/CachingPolicy,MDSYS,oracle/spatial/network/lod/config/CachingPolicy,
PUBLIC,oracle/spatial/network/lod/config/ConfigManager,MDSYS,oracle/spatial/network/lod/config/ConfigManager,
PUBLIC,oracle/spatial/network/lod/config/EngineConfig,MDSYS,oracle/spatial/network/lod/config/EngineConfig,
PUBLIC,oracle/spatial/network/lod/config/LODConfig,MDSYS,oracle/spatial/network/lod/config/LODConfig,
PUBLIC,oracle/spatial/network/lod/config/LODConfigException,MDSYS,oracle/spatial/network/lod/config/LODConfigException,
PUBLIC,oracle/spatial/network/lod/config/NetworkAnalysisConfig,MDSYS,oracle/spatial/network/lod/config/NetworkAnalysisConfig,
PUBLIC,oracle/spatial/network/lod/config/NetworkIOConfig,MDSYS,oracle/spatial/network/lod/config/NetworkIOConfig,
PUBLIC,oracle/spatial/network/lod/Constraint,MDSYS,oracle/spatial/network/lod/Constraint,
PUBLIC,oracle/spatial/network/lod/ConstraintOperator,MDSYS,oracle/spatial/network/lod/ConstraintOperator,
PUBLIC,oracle/spatial/network/lod/ConstraintOperator$AndCombinedConstraint,MDSYS,oracle/spatial/network/lod/ConstraintOperator$AndCombinedConstraint,
PUBLIC,oracle/spatial/network/lod/ConstraintOperator$CombinedConstraint,MDSYS,oracle/spatial/network/lod/ConstraintOperator$CombinedConstraint,
PUBLIC,oracle/spatial/network/lod/ConstraintOperator$OrCombinedConstraint,MDSYS,oracle/spatial/network/lod/ConstraintOperator$OrCombinedConstraint,
PUBLIC,oracle/spatial/network/lod/DataSourceHandler,MDSYS,oracle/spatial/network/lod/DataSourceHandler,
PUBLIC,oracle/spatial/network/lod/DefaultLinkCostCalculator,MDSYS,oracle/spatial/network/lod/DefaultLinkCostCalculator,
PUBLIC,oracle/spatial/network/lod/DefaultNodeCostCalculator,MDSYS,oracle/spatial/network/lod/DefaultNodeCostCalculator,
PUBLIC,oracle/spatial/network/lod/DefaultPairwiseCostCalculator,MDSYS,oracle/spatial/network/lod/DefaultPairwiseCostCalculator,
PUBLIC,oracle/spatial/network/lod/DefaultPairwiseShortestPaths,MDSYS,oracle/spatial/network/lod/DefaultPairwiseShortestPaths,
PUBLIC,oracle/spatial/network/lod/DefaultSingleSourceShortestPaths,MDSYS,oracle/spatial/network/lod/DefaultSingleSourceShortestPaths,
PUBLIC,oracle/spatial/network/lod/DepthFirstSearch,MDSYS,oracle/spatial/network/lod/DepthFirstSearch,
PUBLIC,oracle/spatial/network/lod/DepthFirstSearch$IdentifiableLIFOQueue,MDSYS,oracle/spatial/network/lod/DepthFirstSearch$IdentifiableLIFOQueue,
PUBLIC,oracle/spatial/network/lod/Dijkstra,MDSYS,oracle/spatial/network/lod/Dijkstra,
PUBLIC,oracle/spatial/network/lod/DummyCostFunction,MDSYS,oracle/spatial/network/lod/DummyCostFunction,
PUBLIC,oracle/spatial/network/lod/DummyLinkCostCalculator,MDSYS,oracle/spatial/network/lod/DummyLinkCostCalculator,
PUBLIC,oracle/spatial/network/lod/DummyLinkLevelSelector,MDSYS,oracle/spatial/network/lod/DummyLinkLevelSelector,
PUBLIC,oracle/spatial/network/lod/DummyNodeCostCalculator,MDSYS,oracle/spatial/network/lod/DummyNodeCostCalculator,
PUBLIC,oracle/spatial/network/lod/DynamicLinkLevelSelector,MDSYS,oracle/spatial/network/lod/DynamicLinkLevelSelector,
PUBLIC,oracle/spatial/network/lod/EuclideanCostFunction,MDSYS,oracle/spatial/network/lod/EuclideanCostFunction,
PUBLIC,oracle/spatial/network/lod/Feature,MDSYS,oracle/spatial/network/lod/Feature,
PUBLIC,oracle/spatial/network/lod/FeatureData,MDSYS,oracle/spatial/network/lod/FeatureData,
PUBLIC,oracle/spatial/network/lod/FeatureDataImpl,MDSYS,oracle/spatial/network/lod/FeatureDataImpl,
PUBLIC,oracle/spatial/network/lod/FeatureElement,MDSYS,oracle/spatial/network/lod/FeatureElement,
PUBLIC,oracle/spatial/network/lod/FeatureElement$FeatureElementType,MDSYS,oracle/spatial/network/lod/FeatureElement$FeatureElementType,
PUBLIC,oracle/spatial/network/lod/FeatureElementImpl,MDSYS,oracle/spatial/network/lod/FeatureElementImpl,
PUBLIC,oracle/spatial/network/lod/Feature$FeatureType,MDSYS,oracle/spatial/network/lod/Feature$FeatureType,
PUBLIC,oracle/spatial/network/lod/FeatureFilter,MDSYS,oracle/spatial/network/lod/FeatureFilter,
PUBLIC,oracle/spatial/network/lod/FeatureFilterOperator,MDSYS,oracle/spatial/network/lod/FeatureFilterOperator,
PUBLIC,oracle/spatial/network/lod/FeatureFilterOperator$CombinedFeatureFilter,MDSYS,oracle/spatial/network/lod/FeatureFilterOperator$CombinedFeatureFilter,
PUBLIC,oracle/spatial/network/lod/FeatureImpl,MDSYS,oracle/spatial/network/lod/FeatureImpl,
PUBLIC,oracle/spatial/network/lod/FeatureLayer,MDSYS,oracle/spatial/network/lod/FeatureLayer,
PUBLIC,oracle/spatial/network/lod/FeatureLayerImpl,MDSYS,oracle/spatial/network/lod/FeatureLayerImpl,
PUBLIC,oracle/spatial/network/lod/FeatureLayerMetadata,MDSYS,oracle/spatial/network/lod/FeatureLayerMetadata,
PUBLIC,oracle/spatial/network/lod/FeatureLayerMetadata$FeatureLayerType,MDSYS,oracle/spatial/network/lod/FeatureLayerMetadata$FeatureLayerType,
PUBLIC,oracle/spatial/network/lod/FeatureMetadata,MDSYS,oracle/spatial/network/lod/FeatureMetadata,
PUBLIC,oracle/spatial/network/lod/FeaturePath,MDSYS,oracle/spatial/network/lod/FeaturePath,
PUBLIC,oracle/spatial/network/lod/FilePairwisePathResultIO,MDSYS,oracle/spatial/network/lod/FilePairwisePathResultIO,
PUBLIC,oracle/spatial/network/lod/GeodeticCostFunction,MDSYS,oracle/spatial/network/lod/GeodeticCostFunction,
PUBLIC,oracle/spatial/network/lod/GeodeticPairwiseCostCalculator,MDSYS,oracle/spatial/network/lod/GeodeticPairwiseCostCalculator,
PUBLIC,oracle/spatial/network/lod/GoalNodeOperator,MDSYS,oracle/spatial/network/lod/GoalNodeOperator,
PUBLIC,oracle/spatial/network/lod/GoalNodeOperator$CombinedGoalNode,MDSYS,oracle/spatial/network/lod/GoalNodeOperator$CombinedGoalNode,
PUBLIC,oracle/spatial/network/lod/HeavyPointOnNet,MDSYS,oracle/spatial/network/lod/HeavyPointOnNet,
PUBLIC,oracle/spatial/network/lod/HeuristicCostFunction,MDSYS,oracle/spatial/network/lod/HeuristicCostFunction,
PUBLIC,oracle/spatial/network/lod/Identifiable,MDSYS,oracle/spatial/network/lod/Identifiable,
PUBLIC,oracle/spatial/network/lod/IdentifiableBinaryHeap,MDSYS,oracle/spatial/network/lod/IdentifiableBinaryHeap,
PUBLIC,oracle/spatial/network/lod/IdentifiableBinaryHeap$Element,MDSYS,oracle/spatial/network/lod/IdentifiableBinaryHeap$Element,
PUBLIC,oracle/spatial/network/lod/IdentifiablePriorityQueue,MDSYS,oracle/spatial/network/lod/IdentifiablePriorityQueue,
PUBLIC,oracle/spatial/network/lod/InMemoryPairwisePathResultIO,MDSYS,oracle/spatial/network/lod/InMemoryPairwisePathResultIO,
PUBLIC,oracle/spatial/network/lod/KShortestPaths,MDSYS,oracle/spatial/network/lod/KShortestPaths,
PUBLIC,oracle/spatial/network/lod/KShortestPathsBfs,MDSYS,oracle/spatial/network/lod/KShortestPathsBfs,
PUBLIC,oracle/spatial/network/lod/LeveledNetworkCache,MDSYS,oracle/spatial/network/lod/LeveledNetworkCache,
PUBLIC,oracle/spatial/network/lod/LinkCostCalculator,MDSYS,oracle/spatial/network/lod/LinkCostCalculator,
PUBLIC,oracle/spatial/network/lod/LinkLevelGoalNode,MDSYS,oracle/spatial/network/lod/LinkLevelGoalNode,
PUBLIC,oracle/spatial/network/lod/LinkLevelSelector,MDSYS,oracle/spatial/network/lod/LinkLevelSelector,
PUBLIC,oracle/spatial/network/lod/LinkNotFoundException,MDSYS,oracle/spatial/network/lod/LinkNotFoundException,
PUBLIC,oracle/spatial/network/lod/LODAnalysisInfo,MDSYS,oracle/spatial/network/lod/LODAnalysisInfo,
PUBLIC,oracle/spatial/network/lod/LODGoalNode,MDSYS,oracle/spatial/network/lod/LODGoalNode,
PUBLIC,oracle/spatial/network/lod/LODNetworkConstraint,MDSYS,oracle/spatial/network/lod/LODNetworkConstraint,
PUBLIC,oracle/spatial/network/lod/LODNetworkException,MDSYS,oracle/spatial/network/lod/LODNetworkException,
PUBLIC,oracle/spatial/network/lod/LODNetworkFactory,MDSYS,oracle/spatial/network/lod/LODNetworkFactory,
PUBLIC,oracle/spatial/network/lod/LODNetworkManager,MDSYS,oracle/spatial/network/lod/LODNetworkManager,
PUBLIC,oracle/spatial/network/lod/LODNetworkWrapper,MDSYS,oracle/spatial/network/lod/LODNetworkWrapper,
PUBLIC,oracle/spatial/network/lod/LODUserDataIO,MDSYS,oracle/spatial/network/lod/LODUserDataIO,
PUBLIC,oracle/spatial/network/lod/LODUserDataIOSDO,MDSYS,oracle/spatial/network/lod/LODUserDataIOSDO,
PUBLIC,oracle/spatial/network/lod/LogicalBasicNetwork,MDSYS,oracle/spatial/network/lod/LogicalBasicNetwork,
PUBLIC,oracle/spatial/network/lod/LogicalBasicNetworkImpl,MDSYS,oracle/spatial/network/lod/LogicalBasicNetworkImpl,
PUBLIC,oracle/spatial/network/lod/LogicalHeavyPath,MDSYS,oracle/spatial/network/lod/LogicalHeavyPath,
PUBLIC,oracle/spatial/network/lod/LogicalHeavyPathImpl,MDSYS,oracle/spatial/network/lod/LogicalHeavyPathImpl,
PUBLIC,oracle/spatial/network/lod/LogicalLightPath,MDSYS,oracle/spatial/network/lod/LogicalLightPath,
PUBLIC,oracle/spatial/network/lod/LogicalLightPathImpl,MDSYS,oracle/spatial/network/lod/LogicalLightPathImpl,
PUBLIC,oracle/spatial/network/lod/LogicalLightSubPath,MDSYS,oracle/spatial/network/lod/LogicalLightSubPath,
PUBLIC,oracle/spatial/network/lod/LogicalLightSubPathImpl,MDSYS,oracle/spatial/network/lod/LogicalLightSubPathImpl,
PUBLIC,oracle/spatial/network/lod/LogicalLink,MDSYS,oracle/spatial/network/lod/LogicalLink,
PUBLIC,oracle/spatial/network/lod/LogicalLinkImpl,MDSYS,oracle/spatial/network/lod/LogicalLinkImpl,
PUBLIC,oracle/spatial/network/lod/LogicalNetLink,MDSYS,oracle/spatial/network/lod/LogicalNetLink,
PUBLIC,oracle/spatial/network/lod/LogicalNetLinkImpl,MDSYS,oracle/spatial/network/lod/LogicalNetLinkImpl,
PUBLIC,oracle/spatial/network/lod/LogicalNetNode,MDSYS,oracle/spatial/network/lod/LogicalNetNode,
PUBLIC,oracle/spatial/network/lod/LogicalNetNodeImpl,MDSYS,oracle/spatial/network/lod/LogicalNetNodeImpl,
PUBLIC,oracle/spatial/network/lod/LogicalNode,MDSYS,oracle/spatial/network/lod/LogicalNode,
PUBLIC,oracle/spatial/network/lod/LogicalNodeImpl,MDSYS,oracle/spatial/network/lod/LogicalNodeImpl,
PUBLIC,oracle/spatial/network/lod/LogicalPartition,MDSYS,oracle/spatial/network/lod/LogicalPartition,
PUBLIC,oracle/spatial/network/lod/LogicalPartitionImpl,MDSYS,oracle/spatial/network/lod/LogicalPartitionImpl,
PUBLIC,oracle/spatial/network/lod/LogicalPath,MDSYS,oracle/spatial/network/lod/LogicalPath,
PUBLIC,oracle/spatial/network/lod/LogicalPathImpl,MDSYS,oracle/spatial/network/lod/LogicalPathImpl,
PUBLIC,oracle/spatial/network/lod/LogicalSubNetwork,MDSYS,oracle/spatial/network/lod/LogicalSubNetwork,
PUBLIC,oracle/spatial/network/lod/LogicalSubNetworkImpl,MDSYS,oracle/spatial/network/lod/LogicalSubNetworkImpl,
PUBLIC,oracle/spatial/network/lod/LogicalSubPath,MDSYS,oracle/spatial/network/lod/LogicalSubPath,
PUBLIC,oracle/spatial/network/lod/LogicalSubPathImpl,MDSYS,oracle/spatial/network/lod/LogicalSubPathImpl,
PUBLIC,oracle/spatial/network/lod/LongHashMap,MDSYS,oracle/spatial/network/lod/LongHashMap,
PUBLIC,oracle/spatial/network/lod/LongHashMap$Entry,MDSYS,oracle/spatial/network/lod/LongHashMap$Entry,
PUBLIC,oracle/spatial/network/lod/LongHashMap$1,MDSYS,oracle/spatial/network/lod/LongHashMap$1,
PUBLIC,oracle/spatial/network/lod/LongHashSet,MDSYS,oracle/spatial/network/lod/LongHashSet,
PUBLIC,oracle/spatial/network/lod/LongLinkedHashMap,MDSYS,oracle/spatial/network/lod/LongLinkedHashMap,
PUBLIC,oracle/spatial/network/lod/LongLinkedHashMap$Entry,MDSYS,oracle/spatial/network/lod/LongLinkedHashMap$Entry,
PUBLIC,oracle/spatial/network/lod/LongLinkedHashMap$1,MDSYS,oracle/spatial/network/lod/LongLinkedHashMap$1,
PUBLIC,oracle/spatial/network/lod/LongLinkedHashMap$2,MDSYS,oracle/spatial/network/lod/LongLinkedHashMap$2,
PUBLIC,oracle/spatial/network/lod/LRUCachingHandler,MDSYS,oracle/spatial/network/lod/LRUCachingHandler,
PUBLIC,oracle/spatial/network/lod/LRUCachingHandler$PartitionScore,MDSYS,oracle/spatial/network/lod/LRUCachingHandler$PartitionScore,
PUBLIC,oracle/spatial/network/lod/Matrix,MDSYS,oracle/spatial/network/lod/Matrix,
PUBLIC,oracle/spatial/network/lod/MaxCostConstraint,MDSYS,oracle/spatial/network/lod/MaxCostConstraint,
PUBLIC,oracle/spatial/network/lod/MaxDepthConstraint,MDSYS,oracle/spatial/network/lod/MaxDepthConstraint,
PUBLIC,oracle/spatial/network/lod/MethodNotSupportedException,MDSYS,oracle/spatial/network/lod/MethodNotSupportedException,
PUBLIC,oracle/spatial/network/lod/MinimumSpanningTree,MDSYS,oracle/spatial/network/lod/MinimumSpanningTree,
PUBLIC,oracle/spatial/network/lod/NetworkAnalyst,MDSYS,oracle/spatial/network/lod/NetworkAnalyst,
PUBLIC,oracle/spatial/network/lod/NetworkAnalyst$NodeCacheConstraint,MDSYS,oracle/spatial/network/lod/NetworkAnalyst$NodeCacheConstraint,
PUBLIC,oracle/spatial/network/lod/NetworkAnalyst$SubPathEndLinkInfo,MDSYS,oracle/spatial/network/lod/NetworkAnalyst$SubPathEndLinkInfo,
PUBLIC,oracle/spatial/network/lod/NetworkAnalyst$1,MDSYS,oracle/spatial/network/lod/NetworkAnalyst$1,
PUBLIC,oracle/spatial/network/lod/NetworkBuffer,MDSYS,oracle/spatial/network/lod/NetworkBuffer,
PUBLIC,oracle/spatial/network/lod/NetworkBuffer$DoubleInterval,MDSYS,oracle/spatial/network/lod/NetworkBuffer$DoubleInterval,
PUBLIC,oracle/spatial/network/lod/NetworkBuffer$Elements,MDSYS,oracle/spatial/network/lod/NetworkBuffer$Elements,
PUBLIC,oracle/spatial/network/lod/NetworkBuffer$LinkCost,MDSYS,oracle/spatial/network/lod/NetworkBuffer$LinkCost,
PUBLIC,oracle/spatial/network/lod/NetworkBuffer$LinkInterval,MDSYS,oracle/spatial/network/lod/NetworkBuffer$LinkInterval,
PUBLIC,oracle/spatial/network/lod/NetworkBuffer$LinkIntervals,MDSYS,oracle/spatial/network/lod/NetworkBuffer$LinkIntervals,
PUBLIC,oracle/spatial/network/lod/NetworkCache,MDSYS,oracle/spatial/network/lod/NetworkCache,
PUBLIC,oracle/spatial/network/lod/NetworkExplorer,MDSYS,oracle/spatial/network/lod/NetworkExplorer,
PUBLIC,oracle/spatial/network/lod/NetworkIO,MDSYS,oracle/spatial/network/lod/NetworkIO,
PUBLIC,oracle/spatial/network/lod/NetworkIOForInMemoryNetwork,MDSYS,oracle/spatial/network/lod/NetworkIOForInMemoryNetwork,
PUBLIC,oracle/spatial/network/lod/NetworkIOImpl,MDSYS,oracle/spatial/network/lod/NetworkIOImpl,
PUBLIC,oracle/spatial/network/lod/NetworkIOImpl$BufferDescription,MDSYS,oracle/spatial/network/lod/NetworkIOImpl$BufferDescription,
PUBLIC,oracle/spatial/network/lod/NetworkIOImpl$ConfigParams,MDSYS,oracle/spatial/network/lod/NetworkIOImpl$ConfigParams,
PUBLIC,oracle/spatial/network/lod/NetworkIOImpl$FeatureIdType,MDSYS,oracle/spatial/network/lod/NetworkIOImpl$FeatureIdType,
PUBLIC,oracle/spatial/network/lod/NetworkIOImpl$LinkIntervalCost,MDSYS,oracle/spatial/network/lod/NetworkIOImpl$LinkIntervalCost,
PUBLIC,oracle/spatial/network/lod/NetworkIOImpl$OrdinateIndexRatio,MDSYS,oracle/spatial/network/lod/NetworkIOImpl$OrdinateIndexRatio,
PUBLIC,oracle/spatial/network/lod/NetworkIOImpl$PathEntry,MDSYS,oracle/spatial/network/lod/NetworkIOImpl$PathEntry,
PUBLIC,oracle/spatial/network/lod/NetworkIOImpl$RSMetaStmt,MDSYS,oracle/spatial/network/lod/NetworkIOImpl$RSMetaStmt,
PUBLIC,oracle/spatial/network/lod/NetworkIOImpl$SpatialPathsAndLinkGeoms,MDSYS,oracle/spatial/network/lod/NetworkIOImpl$SpatialPathsAndLinkGeoms,
PUBLIC,oracle/spatial/network/lod/NetworkIOImpl$SubPathEntry,MDSYS,oracle/spatial/network/lod/NetworkIOImpl$SubPathEntry,
PUBLIC,oracle/spatial/network/lod/NetworkIOImpl$UpdatedLinkEntry,MDSYS,oracle/spatial/network/lod/NetworkIOImpl$UpdatedLinkEntry,
PUBLIC,oracle/spatial/network/lod/NetworkIOImpl$UpdatedNodeEntry,MDSYS,oracle/spatial/network/lod/NetworkIOImpl$UpdatedNodeEntry,
PUBLIC,oracle/spatial/network/lod/NetworkIOImpl$1,MDSYS,oracle/spatial/network/lod/NetworkIOImpl$1,
PUBLIC,oracle/spatial/network/lod/NetworkSearch,MDSYS,oracle/spatial/network/lod/NetworkSearch,
PUBLIC,oracle/spatial/network/lod/NetworkSearch$FeatureBundle,MDSYS,oracle/spatial/network/lod/NetworkSearch$FeatureBundle,
PUBLIC,oracle/spatial/network/lod/NetworkSearch$MatchedPoint,MDSYS,oracle/spatial/network/lod/NetworkSearch$MatchedPoint,
PUBLIC,oracle/spatial/network/lod/NetworkSearch$NetworkSearchTree,MDSYS,oracle/spatial/network/lod/NetworkSearch$NetworkSearchTree,
PUBLIC,oracle/spatial/network/lod/NetworkSearch$NodeLinkIds,MDSYS,oracle/spatial/network/lod/NetworkSearch$NodeLinkIds,
PUBLIC,oracle/spatial/network/lod/NetworkSearch$PartialLinkElement,MDSYS,oracle/spatial/network/lod/NetworkSearch$PartialLinkElement,
PUBLIC,oracle/spatial/network/lod/NetworkSearch$PointOnNetWithLink,MDSYS,oracle/spatial/network/lod/NetworkSearch$PointOnNetWithLink,
PUBLIC,oracle/spatial/network/lod/NetworkSearch$SameLinkMatchedPointPair,MDSYS,oracle/spatial/network/lod/NetworkSearch$SameLinkMatchedPointPair,
PUBLIC,oracle/spatial/network/lod/NetworkSearch$Statistics,MDSYS,oracle/spatial/network/lod/NetworkSearch$Statistics,
PUBLIC,oracle/spatial/network/lod/NetworkSearch$TmpSearchData,MDSYS,oracle/spatial/network/lod/NetworkSearch$TmpSearchData,
PUBLIC,oracle/spatial/network/lod/NetworkUpdate,MDSYS,oracle/spatial/network/lod/NetworkUpdate,
PUBLIC,oracle/spatial/network/lod/NodeCostCalculator,MDSYS,oracle/spatial/network/lod/NodeCostCalculator,
PUBLIC,oracle/spatial/network/lod/NodeIdGoalNode,MDSYS,oracle/spatial/network/lod/NodeIdGoalNode,
PUBLIC,oracle/spatial/network/lod/NodeNotFoundException,MDSYS,oracle/spatial/network/lod/NodeNotFoundException,
PUBLIC,oracle/spatial/network/lod/OracleDataSourceHandler,MDSYS,oracle/spatial/network/lod/OracleDataSourceHandler,
PUBLIC,oracle/spatial/network/lod/OrderedLongSet,MDSYS,oracle/spatial/network/lod/OrderedLongSet,
PUBLIC,oracle/spatial/network/lod/PairwiseCostCalculator,MDSYS,oracle/spatial/network/lod/PairwiseCostCalculator,
PUBLIC,oracle/spatial/network/lod/PairwisePathResultIO,MDSYS,oracle/spatial/network/lod/PairwisePathResultIO,
PUBLIC,oracle/spatial/network/lod/PairwiseShortestPaths,MDSYS,oracle/spatial/network/lod/PairwiseShortestPaths,
PUBLIC,oracle/spatial/network/lod/ParallelPairwiseShortestPaths,MDSYS,oracle/spatial/network/lod/ParallelPairwiseShortestPaths,
PUBLIC,oracle/spatial/network/lod/PartitionBlob,MDSYS,oracle/spatial/network/lod/PartitionBlob,
PUBLIC,oracle/spatial/network/lod/PartitionBlobTranslator,MDSYS,oracle/spatial/network/lod/PartitionBlobTranslator,
PUBLIC,oracle/spatial/network/lod/PartitionBlobTranslator11g,MDSYS,oracle/spatial/network/lod/PartitionBlobTranslator11g,
PUBLIC,oracle/spatial/network/lod/PartitionBlobTranslator11gR2,MDSYS,oracle/spatial/network/lod/PartitionBlobTranslator11gR2,
PUBLIC,oracle/spatial/network/lod/PartitionUpdate,MDSYS,oracle/spatial/network/lod/PartitionUpdate,
PUBLIC,oracle/spatial/network/lod/PathFeature,MDSYS,oracle/spatial/network/lod/PathFeature,
PUBLIC,oracle/spatial/network/lod/PathFeatureImpl,MDSYS,oracle/spatial/network/lod/PathFeatureImpl,
PUBLIC,oracle/spatial/network/lod/PathFilter,MDSYS,oracle/spatial/network/lod/PathFilter,
PUBLIC,oracle/spatial/network/lod/PathToPoint,MDSYS,oracle/spatial/network/lod/PathToPoint,
PUBLIC,oracle/spatial/network/lod/PointClustering,MDSYS,oracle/spatial/network/lod/PointClustering,
PUBLIC,oracle/spatial/network/lod/PointOnNet,MDSYS,oracle/spatial/network/lod/PointOnNet,
PUBLIC,oracle/spatial/network/lod/Prim,MDSYS,oracle/spatial/network/lod/Prim,
PUBLIC,oracle/spatial/network/lod/PriorityQueue,MDSYS,oracle/spatial/network/lod/PriorityQueue,
PUBLIC,oracle/spatial/network/lod/ShortestPath,MDSYS,oracle/spatial/network/lod/ShortestPath,
PUBLIC,oracle/spatial/network/lod/SilhouetteClusterEvaluator,MDSYS,oracle/spatial/network/lod/SilhouetteClusterEvaluator,
PUBLIC,oracle/spatial/network/lod/SingleSourceShortestPaths,MDSYS,oracle/spatial/network/lod/SingleSourceShortestPaths,
PUBLIC,oracle/spatial/network/lod/SpanningTree,MDSYS,oracle/spatial/network/lod/SpanningTree,
PUBLIC,oracle/spatial/network/lod/SpatialBasicNetwork,MDSYS,oracle/spatial/network/lod/SpatialBasicNetwork,
PUBLIC,oracle/spatial/network/lod/SpatialBasicNetworkImpl,MDSYS,oracle/spatial/network/lod/SpatialBasicNetworkImpl,
PUBLIC,oracle/spatial/network/lod/SpatialBisectClustering,MDSYS,oracle/spatial/network/lod/SpatialBisectClustering,
PUBLIC,oracle/spatial/network/lod/SpatialClusteringHelper,MDSYS,oracle/spatial/network/lod/SpatialClusteringHelper,
PUBLIC,oracle/spatial/network/lod/SpatialClusteringHelper$ClusterImpl,MDSYS,oracle/spatial/network/lod/SpatialClusteringHelper$ClusterImpl,
PUBLIC,oracle/spatial/network/lod/SpatialClusteringHelper$ClusterResultImpl,MDSYS,oracle/spatial/network/lod/SpatialClusteringHelper$ClusterResultImpl,
PUBLIC,oracle/spatial/network/lod/SpatialHeavyPath,MDSYS,oracle/spatial/network/lod/SpatialHeavyPath,
PUBLIC,oracle/spatial/network/lod/SpatialHeavyPathImpl,MDSYS,oracle/spatial/network/lod/SpatialHeavyPathImpl,
PUBLIC,oracle/spatial/network/lod/SpatialKMeansClustering,MDSYS,oracle/spatial/network/lod/SpatialKMeansClustering,
PUBLIC,oracle/spatial/network/lod/SpatialLink,MDSYS,oracle/spatial/network/lod/SpatialLink,
PUBLIC,oracle/spatial/network/lod/SpatialLinkImpl,MDSYS,oracle/spatial/network/lod/SpatialLinkImpl,
PUBLIC,oracle/spatial/network/lod/SpatialNetLink,MDSYS,oracle/spatial/network/lod/SpatialNetLink,
PUBLIC,oracle/spatial/network/lod/SpatialNetLinkImpl,MDSYS,oracle/spatial/network/lod/SpatialNetLinkImpl,
PUBLIC,oracle/spatial/network/lod/SpatialNetNode,MDSYS,oracle/spatial/network/lod/SpatialNetNode,
PUBLIC,oracle/spatial/network/lod/SpatialNetNodeImpl,MDSYS,oracle/spatial/network/lod/SpatialNetNodeImpl,
PUBLIC,oracle/spatial/network/lod/SpatialNode,MDSYS,oracle/spatial/network/lod/SpatialNode,
PUBLIC,oracle/spatial/network/lod/SpatialNodeImpl,MDSYS,oracle/spatial/network/lod/SpatialNodeImpl,
PUBLIC,oracle/spatial/network/lod/SpatialPartition,MDSYS,oracle/spatial/network/lod/SpatialPartition,
PUBLIC,oracle/spatial/network/lod/SpatialPartitionImpl,MDSYS,oracle/spatial/network/lod/SpatialPartitionImpl,
PUBLIC,oracle/spatial/network/lod/SpatialPath,MDSYS,oracle/spatial/network/lod/SpatialPath,
PUBLIC,oracle/spatial/network/lod/SpatialPathImpl,MDSYS,oracle/spatial/network/lod/SpatialPathImpl,
PUBLIC,oracle/spatial/network/lod/SpatialSubNetwork,MDSYS,oracle/spatial/network/lod/SpatialSubNetwork,
PUBLIC,oracle/spatial/network/lod/SpatialSubNetworkImpl,MDSYS,oracle/spatial/network/lod/SpatialSubNetworkImpl,
PUBLIC,oracle/spatial/network/lod/SpatialSubPath,MDSYS,oracle/spatial/network/lod/SpatialSubPath,
PUBLIC,oracle/spatial/network/lod/SpatialSubPathImpl,MDSYS,oracle/spatial/network/lod/SpatialSubPathImpl,
PUBLIC,oracle/spatial/network/lod/TimeWindow,MDSYS,oracle/spatial/network/lod/TimeWindow,
PUBLIC,oracle/spatial/network/lod/TSP,MDSYS,oracle/spatial/network/lod/TSP,
PUBLIC,oracle/spatial/network/lod/TspAnalysisInfo,MDSYS,oracle/spatial/network/lod/TspAnalysisInfo,
PUBLIC,oracle/spatial/network/lod/TspConstraint,MDSYS,oracle/spatial/network/lod/TspConstraint,
PUBLIC,oracle/spatial/network/lod/TspConstraintOperator,MDSYS,oracle/spatial/network/lod/TspConstraintOperator,
PUBLIC,oracle/spatial/network/lod/TspConstraintOperator$CombinedConstraint,MDSYS,oracle/spatial/network/lod/TspConstraintOperator$CombinedConstraint,
PUBLIC,oracle/spatial/network/lod/TspImpl,MDSYS,oracle/spatial/network/lod/TspImpl,
PUBLIC,oracle/spatial/network/lod/TspImpl$NetworkTspConstraint,MDSYS,oracle/spatial/network/lod/TspImpl$NetworkTspConstraint,
PUBLIC,oracle/spatial/network/lod/TspNearestNeighbor,MDSYS,oracle/spatial/network/lod/TspNearestNeighbor,
PUBLIC,oracle/spatial/network/lod/TspNearestNeighbor$FixedGoalNodes,MDSYS,oracle/spatial/network/lod/TspNearestNeighbor$FixedGoalNodes,
PUBLIC,oracle/spatial/network/lod/TspNearestNeighbor$1,MDSYS,oracle/spatial/network/lod/TspNearestNeighbor$1,
PUBLIC,oracle/spatial/network/lod/TspOptimizer,MDSYS,oracle/spatial/network/lod/TspOptimizer,
PUBLIC,oracle/spatial/network/lod/TspOp2,MDSYS,oracle/spatial/network/lod/TspOp2,
PUBLIC,oracle/spatial/network/lod/TspOrderConstraint,MDSYS,oracle/spatial/network/lod/TspOrderConstraint,
PUBLIC,oracle/spatial/network/lod/TspPath,MDSYS,oracle/spatial/network/lod/TspPath,
PUBLIC,oracle/spatial/network/lod/TspPathFeature,MDSYS,oracle/spatial/network/lod/TspPathFeature,
PUBLIC,oracle/spatial/network/lod/TspTimeWindowConstraint,MDSYS,oracle/spatial/network/lod/TspTimeWindowConstraint,
PUBLIC,oracle/spatial/network/lod/TSP$TourFlag,MDSYS,oracle/spatial/network/lod/TSP$TourFlag,
PUBLIC,oracle/spatial/network/lod/Tsp2Opt,MDSYS,oracle/spatial/network/lod/Tsp2Opt,
PUBLIC,oracle/spatial/network/lod/Tsp2Opt$ComparablePoint,MDSYS,oracle/spatial/network/lod/Tsp2Opt$ComparablePoint,
PUBLIC,oracle/spatial/network/lod/Tsp2Opt$1,MDSYS,oracle/spatial/network/lod/Tsp2Opt$1,
PUBLIC,oracle/spatial/network/lod/UserData,MDSYS,oracle/spatial/network/lod/UserData,
PUBLIC,oracle/spatial/network/lod/UserDataHolder,MDSYS,oracle/spatial/network/lod/UserDataHolder,
PUBLIC,oracle/spatial/network/lod/UserDataHolderImpl,MDSYS,oracle/spatial/network/lod/UserDataHolderImpl,
PUBLIC,oracle/spatial/network/lod/UserDataImpl,MDSYS,oracle/spatial/network/lod/UserDataImpl,
PUBLIC,oracle/spatial/network/lod/util/JGeometryUtility,MDSYS,oracle/spatial/network/lod/util/JGeometryUtility,
PUBLIC,oracle/spatial/network/lod/util/JGeometryUtility$BoundaryPoint,MDSYS,oracle/spatial/network/lod/util/JGeometryUtility$BoundaryPoint,
PUBLIC,oracle/spatial/network/lod/util/JGeometryUtility$MyCompJGeom,MDSYS,oracle/spatial/network/lod/util/JGeometryUtility$MyCompJGeom,
PUBLIC,oracle/spatial/network/lod/util/JGeometryUtility$PointIndex,MDSYS,oracle/spatial/network/lod/util/JGeometryUtility$PointIndex,
PUBLIC,oracle/spatial/network/lod/util/LODTimer,MDSYS,oracle/spatial/network/lod/util/LODTimer,
PUBLIC,oracle/spatial/network/lod/util/PartitionUtility,MDSYS,oracle/spatial/network/lod/util/PartitionUtility,
PUBLIC,oracle/spatial/network/lod/util/PerformanceInfo,MDSYS,oracle/spatial/network/lod/util/PerformanceInfo,
PUBLIC,oracle/spatial/network/lod/util/PerformanceMeasure,MDSYS,oracle/spatial/network/lod/util/PerformanceMeasure,
PUBLIC,oracle/spatial/network/lod/util/PrintUtility,MDSYS,oracle/spatial/network/lod/util/PrintUtility,
PUBLIC,oracle/spatial/network/lod/util/PrintUtility$ComparableLinkIntervals,MDSYS,oracle/spatial/network/lod/util/PrintUtility$ComparableLinkIntervals,
PUBLIC,oracle/spatial/network/lod/util/PrintUtility$ComparableNode,MDSYS,oracle/spatial/network/lod/util/PrintUtility$ComparableNode,
PUBLIC,oracle/spatial/network/lod/util/QueryUtility,MDSYS,oracle/spatial/network/lod/util/QueryUtility,
PUBLIC,oracle/spatial/network/lod/util/XMLUtility,MDSYS,oracle/spatial/network/lod/util/XMLUtility,
PUBLIC,oracle/spatial/network/lod/VisitedNode,MDSYS,oracle/spatial/network/lod/VisitedNode,
PUBLIC,oracle/spatial/network/lod/VRP,MDSYS,oracle/spatial/network/lod/VRP,
PUBLIC,oracle/spatial/network/lod/VrpClusterAndRoute,MDSYS,oracle/spatial/network/lod/VrpClusterAndRoute,
PUBLIC,oracle/spatial/network/lod/VrpClusterAndRoute$PointIndex,MDSYS,oracle/spatial/network/lod/VrpClusterAndRoute$PointIndex,
PUBLIC,oracle/spatial/network/lod/XMLConfigurable,MDSYS,oracle/spatial/network/lod/XMLConfigurable,
PUBLIC,oracle/spatial/network/lod/YenDeviation,MDSYS,oracle/spatial/network/lod/YenDeviation,
PUBLIC,oracle/spatial/network/lod/YenDeviation$ComparablePath,MDSYS,oracle/spatial/network/lod/YenDeviation$ComparablePath,
PUBLIC,oracle/spatial/network/lod/YenDeviation$LinksToAvoidConstraint,MDSYS,oracle/spatial/network/lod/YenDeviation$LinksToAvoidConstraint,
PUBLIC,oracle/spatial/network/lod/YenDeviation$NodesToAvoidConstraint,MDSYS,oracle/spatial/network/lod/YenDeviation$NodesToAvoidConstraint,
PUBLIC,oracle/spatial/network/lod/YenDeviation$PathKey,MDSYS,oracle/spatial/network/lod/YenDeviation$PathKey,
PUBLIC,oracle/spatial/network/lod/YenDeviation$ShortestPathParameters,MDSYS,oracle/spatial/network/lod/YenDeviation$ShortestPathParameters,
PUBLIC,oracle/spatial/network/lod/YenDeviation$1,MDSYS,oracle/spatial/network/lod/YenDeviation$1,
PUBLIC,oracle/spatial/network/MBR,MDSYS,oracle/spatial/network/MBR,
PUBLIC,oracle/spatial/network/MBRImpl,MDSYS,oracle/spatial/network/MBRImpl,
PUBLIC,oracle/spatial/network/MDPoint,MDSYS,oracle/spatial/network/MDPoint,
PUBLIC,oracle/spatial/network/MDPointImpl,MDSYS,oracle/spatial/network/MDPointImpl,
PUBLIC,oracle/spatial/network/NDMStringID,MDSYS,oracle/spatial/network/NDMStringID,
PUBLIC,oracle/spatial/network/NDMTimer,MDSYS,oracle/spatial/network/NDMTimer,
PUBLIC,oracle/spatial/network/NetNode,MDSYS,oracle/spatial/network/NetNode,
PUBLIC,oracle/spatial/network/Network,MDSYS,oracle/spatial/network/Network,
PUBLIC,oracle/spatial/network/NetworkAdapter,MDSYS,oracle/spatial/network/NetworkAdapter,
PUBLIC,oracle/spatial/network/NetworkAdapterSDO,MDSYS,oracle/spatial/network/NetworkAdapterSDO,
PUBLIC,oracle/spatial/network/NetworkCache,MDSYS,oracle/spatial/network/NetworkCache,
PUBLIC,oracle/spatial/network/NetworkCacheItem,MDSYS,oracle/spatial/network/NetworkCacheItem,
PUBLIC,oracle/spatial/network/NetworkConstraint,MDSYS,oracle/spatial/network/NetworkConstraint,
PUBLIC,oracle/spatial/network/NetworkDataException,MDSYS,oracle/spatial/network/NetworkDataException,
PUBLIC,oracle/spatial/network/NetworkFactory,MDSYS,oracle/spatial/network/NetworkFactory,
PUBLIC,oracle/spatial/network/NetworkImpl,MDSYS,oracle/spatial/network/NetworkImpl,
PUBLIC,oracle/spatial/network/NetworkManager,MDSYS,oracle/spatial/network/NetworkManager,
PUBLIC,oracle/spatial/network/NetworkManager$PathNodeGoal,MDSYS,oracle/spatial/network/NetworkManager$PathNodeGoal,
PUBLIC,oracle/spatial/network/NetworkMetadata,MDSYS,oracle/spatial/network/NetworkMetadata,
PUBLIC,oracle/spatial/network/NetworkMetadataImpl,MDSYS,oracle/spatial/network/NetworkMetadataImpl,
PUBLIC,oracle/spatial/network/NetworkPartition,MDSYS,oracle/spatial/network/NetworkPartition,
PUBLIC,oracle/spatial/network/NetworkUtility,MDSYS,oracle/spatial/network/NetworkUtility,
PUBLIC,oracle/spatial/network/Node,MDSYS,oracle/spatial/network/Node,
PUBLIC,oracle/spatial/network/nodeCostComparator,MDSYS,oracle/spatial/network/nodeCostComparator,
PUBLIC,oracle/spatial/network/NodeCosts,MDSYS,oracle/spatial/network/NodeCosts,
PUBLIC,oracle/spatial/network/nodeDegreeComparator,MDSYS,oracle/spatial/network/nodeDegreeComparator,
PUBLIC,oracle/spatial/network/NodeImpl,MDSYS,oracle/spatial/network/NodeImpl,
PUBLIC,oracle/spatial/network/nodeIncLnkCostComparator,MDSYS,oracle/spatial/network/nodeIncLnkCostComparator,
PUBLIC,oracle/spatial/network/OraTst,MDSYS,oracle/spatial/network/OraTst,
PUBLIC,oracle/spatial/network/PartitionKmeans,MDSYS,oracle/spatial/network/PartitionKmeans,
PUBLIC,oracle/spatial/network/PartitionManager,MDSYS,oracle/spatial/network/PartitionManager,
PUBLIC,oracle/spatial/network/PartitionMultilevel,MDSYS,oracle/spatial/network/PartitionMultilevel,
PUBLIC,oracle/spatial/network/PartitionPair,MDSYS,oracle/spatial/network/PartitionPair,
PUBLIC,oracle/spatial/network/PartitionPair$MyInteger,MDSYS,oracle/spatial/network/PartitionPair$MyInteger,
PUBLIC,oracle/spatial/network/Path,MDSYS,oracle/spatial/network/Path,
PUBLIC,oracle/spatial/network/PathCost,MDSYS,oracle/spatial/network/PathCost,
PUBLIC,oracle/spatial/network/PathImpl,MDSYS,oracle/spatial/network/PathImpl,
PUBLIC,oracle/spatial/network/PriorityQueue,MDSYS,oracle/spatial/network/PriorityQueue,
PUBLIC,oracle/spatial/network/SDODimArray,MDSYS,oracle/spatial/network/SDODimArray,
PUBLIC,oracle/spatial/network/ShortestPathAStar,MDSYS,oracle/spatial/network/ShortestPathAStar,
PUBLIC,oracle/spatial/network/SubPath,MDSYS,oracle/spatial/network/SubPath,
PUBLIC,oracle/spatial/network/SubPathImpl,MDSYS,oracle/spatial/network/SubPathImpl,
PUBLIC,oracle/spatial/network/SystemConstraint,MDSYS,oracle/spatial/network/SystemConstraint,
PUBLIC,oracle/spatial/network/Tree,MDSYS,oracle/spatial/network/Tree,
PUBLIC,oracle/spatial/network/TreeImpl,MDSYS,oracle/spatial/network/TreeImpl,
PUBLIC,oracle/spatial/network/TreeLink,MDSYS,oracle/spatial/network/TreeLink,
PUBLIC,oracle/spatial/network/TreeLinkImpl,MDSYS,oracle/spatial/network/TreeLinkImpl,
PUBLIC,oracle/spatial/network/TreeNode,MDSYS,oracle/spatial/network/TreeNode,
PUBLIC,oracle/spatial/network/TreeNodeImpl,MDSYS,oracle/spatial/network/TreeNodeImpl,
PUBLIC,oracle/spatial/network/TspPath,MDSYS,oracle/spatial/network/TspPath,
PUBLIC,oracle/spatial/network/UserDataEntry,MDSYS,oracle/spatial/network/UserDataEntry,
PUBLIC,oracle/spatial/network/UserDataIO,MDSYS,oracle/spatial/network/UserDataIO,
PUBLIC,oracle/spatial/network/UserDataMetadata,MDSYS,oracle/spatial/network/UserDataMetadata,
PUBLIC,oracle/spatial/network/UserDataMetadataImpl,MDSYS,oracle/spatial/network/UserDataMetadataImpl,
PUBLIC,oracle/spatial/network/util/BinaryHeap,MDSYS,oracle/spatial/network/util/BinaryHeap,
PUBLIC,oracle/spatial/network/util/BinaryHeap$IndexKeeper,MDSYS,oracle/spatial/network/util/BinaryHeap$IndexKeeper,
PUBLIC,oracle/spatial/network/util/ByteArrayList,MDSYS,oracle/spatial/network/util/ByteArrayList,
PUBLIC,oracle/spatial/network/util/Identifiable,MDSYS,oracle/spatial/network/util/Identifiable,
PUBLIC,oracle/spatial/network/util/IdentifiableBinaryHeap,MDSYS,oracle/spatial/network/util/IdentifiableBinaryHeap,
PUBLIC,oracle/spatial/network/util/IdentifiableBinaryHeap$Element,MDSYS,oracle/spatial/network/util/IdentifiableBinaryHeap$Element,
PUBLIC,oracle/spatial/network/util/IdentifiablePriorityQueue,MDSYS,oracle/spatial/network/util/IdentifiablePriorityQueue,
PUBLIC,oracle/spatial/network/util/IntArrayList,MDSYS,oracle/spatial/network/util/IntArrayList,
PUBLIC,oracle/spatial/network/util/IntHashMap,MDSYS,oracle/spatial/network/util/IntHashMap,
PUBLIC,oracle/spatial/network/util/IntHashMap$Entry,MDSYS,oracle/spatial/network/util/IntHashMap$Entry,
PUBLIC,oracle/spatial/network/util/IntHashMap$1,MDSYS,oracle/spatial/network/util/IntHashMap$1,
PUBLIC,oracle/spatial/network/util/IntHashSet,MDSYS,oracle/spatial/network/util/IntHashSet,
PUBLIC,oracle/spatial/network/util/IntIterator,MDSYS,oracle/spatial/network/util/IntIterator,
PUBLIC,oracle/spatial/network/util/IntLinkedList,MDSYS,oracle/spatial/network/util/IntLinkedList,
PUBLIC,oracle/spatial/network/util/IntLinkedList$Iterator,MDSYS,oracle/spatial/network/util/IntLinkedList$Iterator,
PUBLIC,oracle/spatial/network/util/IntLinkedList$ListIterator,MDSYS,oracle/spatial/network/util/IntLinkedList$ListIterator,
PUBLIC,oracle/spatial/network/util/IntLinkedList$Node,MDSYS,oracle/spatial/network/util/IntLinkedList$Node,
PUBLIC,oracle/spatial/network/util/IntPair,MDSYS,oracle/spatial/network/util/IntPair,
PUBLIC,oracle/spatial/network/util/IntToIntHashMap,MDSYS,oracle/spatial/network/util/IntToIntHashMap,
PUBLIC,oracle/spatial/network/util/IntToIntHashMap$Entry,MDSYS,oracle/spatial/network/util/IntToIntHashMap$Entry,
PUBLIC,oracle/spatial/network/util/IntToIntHashMap$1,MDSYS,oracle/spatial/network/util/IntToIntHashMap$1,
PUBLIC,oracle/spatial/network/util/LongArrayList,MDSYS,oracle/spatial/network/util/LongArrayList,
PUBLIC,oracle/spatial/network/util/LongHashMap,MDSYS,oracle/spatial/network/util/LongHashMap,
PUBLIC,oracle/spatial/network/util/LongHashMap$Entry,MDSYS,oracle/spatial/network/util/LongHashMap$Entry,
PUBLIC,oracle/spatial/network/util/LongHashMap$1,MDSYS,oracle/spatial/network/util/LongHashMap$1,
PUBLIC,oracle/spatial/network/util/LongHashMap$2,MDSYS,oracle/spatial/network/util/LongHashMap$2,
PUBLIC,oracle/spatial/network/util/LongToIntHashMap,MDSYS,oracle/spatial/network/util/LongToIntHashMap,
PUBLIC,oracle/spatial/network/util/LongToIntHashMap$Entry,MDSYS,oracle/spatial/network/util/LongToIntHashMap$Entry,
PUBLIC,oracle/spatial/network/util/LongToIntHashMap$1,MDSYS,oracle/spatial/network/util/LongToIntHashMap$1,
PUBLIC,oracle/spatial/network/util/PriorityQueue,MDSYS,oracle/spatial/network/util/PriorityQueue,
PUBLIC,oracle/spatial/network/util/ReservedValues,MDSYS,oracle/spatial/network/util/ReservedValues,
PUBLIC,oracle/spatial/rdf/client/NTripleTokenizer,MDSYS,oracle/spatial/rdf/client/NTripleTokenizer,
PUBLIC,oracle/spatial/rdf/server/AbstractPPNode,MDSYS,oracle/spatial/rdf/server/AbstractPPNode,
PUBLIC,oracle/spatial/rdf/server/AbstractSPARQLTreeNode,MDSYS,oracle/spatial/rdf/server/AbstractSPARQLTreeNode,
PUBLIC,oracle/spatial/rdf/server/AntiJoinHintProvider,MDSYS,oracle/spatial/rdf/server/AntiJoinHintProvider,
PUBLIC,oracle/spatial/rdf/server/AskSPARQLTreeNode,MDSYS,oracle/spatial/rdf/server/AskSPARQLTreeNode,
PUBLIC,oracle/spatial/rdf/server/BasicGraphPattern,MDSYS,oracle/spatial/rdf/server/BasicGraphPattern,
PUBLIC,oracle/spatial/rdf/server/BGPJoinHintProvider,MDSYS,oracle/spatial/rdf/server/BGPJoinHintProvider,
PUBLIC,oracle/spatial/rdf/server/BGPNodeInfo,MDSYS,oracle/spatial/rdf/server/BGPNodeInfo,
PUBLIC,oracle/spatial/rdf/server/BindingsRewriteOptimizer,MDSYS,oracle/spatial/rdf/server/BindingsRewriteOptimizer,
PUBLIC,oracle/spatial/rdf/server/BindRewriteOptimizer,MDSYS,oracle/spatial/rdf/server/BindRewriteOptimizer,
PUBLIC,oracle/spatial/rdf/server/BindVarRewriteOptimizer,MDSYS,oracle/spatial/rdf/server/BindVarRewriteOptimizer,
PUBLIC,oracle/spatial/rdf/server/BlankNodesRewriteOptimizer,MDSYS,oracle/spatial/rdf/server/BlankNodesRewriteOptimizer,
PUBLIC,oracle/spatial/rdf/server/BNConstructRewriteOptimizer,MDSYS,oracle/spatial/rdf/server/BNConstructRewriteOptimizer,
PUBLIC,oracle/spatial/rdf/server/BNPropListExpandOptimizer,MDSYS,oracle/spatial/rdf/server/BNPropListExpandOptimizer,
PUBLIC,oracle/spatial/rdf/server/CalendarFilterHandler,MDSYS,oracle/spatial/rdf/server/CalendarFilterHandler,
PUBLIC,oracle/spatial/rdf/server/ClauseTreeNode,MDSYS,oracle/spatial/rdf/server/ClauseTreeNode,
PUBLIC,oracle/spatial/rdf/server/CntDistStarRewriteOptimizer,MDSYS,oracle/spatial/rdf/server/CntDistStarRewriteOptimizer,
PUBLIC,oracle/spatial/rdf/server/CollectionExpandOptimizer,MDSYS,oracle/spatial/rdf/server/CollectionExpandOptimizer,
PUBLIC,oracle/spatial/rdf/server/ConstBindRewriteOptimizer,MDSYS,oracle/spatial/rdf/server/ConstBindRewriteOptimizer,
PUBLIC,oracle/spatial/rdf/server/ConstObjPPRewriteOptimizer,MDSYS,oracle/spatial/rdf/server/ConstObjPPRewriteOptimizer,
PUBLIC,oracle/spatial/rdf/server/ConstructExpandOptimizer,MDSYS,oracle/spatial/rdf/server/ConstructExpandOptimizer,
PUBLIC,oracle/spatial/rdf/server/ConstructSPARQLTreeNode,MDSYS,oracle/spatial/rdf/server/ConstructSPARQLTreeNode,
PUBLIC,oracle/spatial/rdf/server/ConstructSPARQLTreeNode$Quad,MDSYS,oracle/spatial/rdf/server/ConstructSPARQLTreeNode$Quad,
PUBLIC,oracle/spatial/rdf/server/ConstructSPARQLTreeNode$QuadBGP,MDSYS,oracle/spatial/rdf/server/ConstructSPARQLTreeNode$QuadBGP,
PUBLIC,oracle/spatial/rdf/server/CurlyBraceSPARQLTreeNode,MDSYS,oracle/spatial/rdf/server/CurlyBraceSPARQLTreeNode,
PUBLIC,oracle/spatial/rdf/server/DBDictionaryInfo,MDSYS,oracle/spatial/rdf/server/DBDictionaryInfo,
PUBLIC,oracle/spatial/rdf/server/DescribeRewriteOptimizer,MDSYS,oracle/spatial/rdf/server/DescribeRewriteOptimizer,
PUBLIC,oracle/spatial/rdf/server/DistGroupConcatRewriteOptimizer,MDSYS,oracle/spatial/rdf/server/DistGroupConcatRewriteOptimizer,
PUBLIC,oracle/spatial/rdf/server/EFilterRewriteOptimizer,MDSYS,oracle/spatial/rdf/server/EFilterRewriteOptimizer,
PUBLIC,oracle/spatial/rdf/server/EmptySPARQLTreeOptimizer,MDSYS,oracle/spatial/rdf/server/EmptySPARQLTreeOptimizer,
PUBLIC,oracle/spatial/rdf/server/EncryptFilterHandler,MDSYS,oracle/spatial/rdf/server/EncryptFilterHandler,
PUBLIC,oracle/spatial/rdf/server/Filter,MDSYS,oracle/spatial/rdf/server/Filter,
PUBLIC,oracle/spatial/rdf/server/FilterConjunctionRewriteOptimizer,MDSYS,oracle/spatial/rdf/server/FilterConjunctionRewriteOptimizer,
PUBLIC,oracle/spatial/rdf/server/FilterConjunctionRewriteOptimizer$NodePosPair,MDSYS,oracle/spatial/rdf/server/FilterConjunctionRewriteOptimizer$NodePosPair,
PUBLIC,oracle/spatial/rdf/server/FilterException,MDSYS,oracle/spatial/rdf/server/FilterException,
PUBLIC,oracle/spatial/rdf/server/FilterFuncHandler,MDSYS,oracle/spatial/rdf/server/FilterFuncHandler,
PUBLIC,oracle/spatial/rdf/server/FilterScopeOptimizer,MDSYS,oracle/spatial/rdf/server/FilterScopeOptimizer,
PUBLIC,oracle/spatial/rdf/server/GeneralSQLHintProvider,MDSYS,oracle/spatial/rdf/server/GeneralSQLHintProvider,
PUBLIC,oracle/spatial/rdf/server/GeneralSQLHintProvider$Type,MDSYS,oracle/spatial/rdf/server/GeneralSQLHintProvider$Type,
PUBLIC,oracle/spatial/rdf/server/GeneralSQLHintProvider$1,MDSYS,oracle/spatial/rdf/server/GeneralSQLHintProvider$1,
PUBLIC,oracle/spatial/rdf/server/GenerateQuery,MDSYS,oracle/spatial/rdf/server/GenerateQuery,
PUBLIC,oracle/spatial/rdf/server/GenerateQuery$CoveringTreeNode,MDSYS,oracle/spatial/rdf/server/GenerateQuery$CoveringTreeNode,
PUBLIC,oracle/spatial/rdf/server/GeoSparqlDistanceFilterOptimizer,MDSYS,oracle/spatial/rdf/server/GeoSparqlDistanceFilterOptimizer,
PUBLIC,oracle/spatial/rdf/server/GGPCollapseOptimizer,MDSYS,oracle/spatial/rdf/server/GGPCollapseOptimizer,
PUBLIC,oracle/spatial/rdf/server/GGPReduceOptimizer,MDSYS,oracle/spatial/rdf/server/GGPReduceOptimizer,
PUBLIC,oracle/spatial/rdf/server/GroupByAliasRewriteOptimizer,MDSYS,oracle/spatial/rdf/server/GroupByAliasRewriteOptimizer,
PUBLIC,oracle/spatial/rdf/server/Hint,MDSYS,oracle/spatial/rdf/server/Hint,
PUBLIC,oracle/spatial/rdf/server/Hint$AntiJoinHint,MDSYS,oracle/spatial/rdf/server/Hint$AntiJoinHint,
PUBLIC,oracle/spatial/rdf/server/HintEngine,MDSYS,oracle/spatial/rdf/server/HintEngine,
PUBLIC,oracle/spatial/rdf/server/HintEngineAdapter,MDSYS,oracle/spatial/rdf/server/HintEngineAdapter,
PUBLIC,oracle/spatial/rdf/server/HintEngineAdapter$CaseInsensitiveComparator,MDSYS,oracle/spatial/rdf/server/HintEngineAdapter$CaseInsensitiveComparator,
PUBLIC,oracle/spatial/rdf/server/HintEngineAdapter$State,MDSYS,oracle/spatial/rdf/server/HintEngineAdapter$State,
PUBLIC,oracle/spatial/rdf/server/HintEngineAdapter$1,MDSYS,oracle/spatial/rdf/server/HintEngineAdapter$1,
PUBLIC,oracle/spatial/rdf/server/HintEngine$SessionContext,MDSYS,oracle/spatial/rdf/server/HintEngine$SessionContext,
PUBLIC,oracle/spatial/rdf/server/HintEngine$1,MDSYS,oracle/spatial/rdf/server/HintEngine$1,
PUBLIC,oracle/spatial/rdf/server/HintGenerator,MDSYS,oracle/spatial/rdf/server/HintGenerator,
PUBLIC,oracle/spatial/rdf/server/Hint$JoinHint,MDSYS,oracle/spatial/rdf/server/Hint$JoinHint,
PUBLIC,oracle/spatial/rdf/server/Hint$JoinHint$Type,MDSYS,oracle/spatial/rdf/server/Hint$JoinHint$Type,
PUBLIC,oracle/spatial/rdf/server/HintProvider,MDSYS,oracle/spatial/rdf/server/HintProvider,
PUBLIC,oracle/spatial/rdf/server/HintProvider$HintBuilder,MDSYS,oracle/spatial/rdf/server/HintProvider$HintBuilder,
PUBLIC,oracle/spatial/rdf/server/HintProvider$HintContext,MDSYS,oracle/spatial/rdf/server/HintProvider$HintContext,
PUBLIC,oracle/spatial/rdf/server/HintProvider$HintToken,MDSYS,oracle/spatial/rdf/server/HintProvider$HintToken,
PUBLIC,oracle/spatial/rdf/server/HintProvider$HintTokenComparator,MDSYS,oracle/spatial/rdf/server/HintProvider$HintTokenComparator,
PUBLIC,oracle/spatial/rdf/server/HintProvider$HintToken$Type,MDSYS,oracle/spatial/rdf/server/HintProvider$HintToken$Type,
PUBLIC,oracle/spatial/rdf/server/Hint$QueryOption,MDSYS,oracle/spatial/rdf/server/Hint$QueryOption,
PUBLIC,oracle/spatial/rdf/server/Hint$SQLHint,MDSYS,oracle/spatial/rdf/server/Hint$SQLHint,
PUBLIC,oracle/spatial/rdf/server/Hint$SQLHint$Arg,MDSYS,oracle/spatial/rdf/server/Hint$SQLHint$Arg,
PUBLIC,oracle/spatial/rdf/server/HintZeroHintGenerator,MDSYS,oracle/spatial/rdf/server/HintZeroHintGenerator,
PUBLIC,oracle/spatial/rdf/server/IDTriple,MDSYS,oracle/spatial/rdf/server/IDTriple,
PUBLIC,oracle/spatial/rdf/server/InferenceEngine,MDSYS,oracle/spatial/rdf/server/InferenceEngine,
PUBLIC,oracle/spatial/rdf/server/InmemoryVMBGP,MDSYS,oracle/spatial/rdf/server/InmemoryVMBGP,
PUBLIC,oracle/spatial/rdf/server/InsertTTLHandler,MDSYS,oracle/spatial/rdf/server/InsertTTLHandler,
PUBLIC,oracle/spatial/rdf/server/LeadingHintProvider,MDSYS,oracle/spatial/rdf/server/LeadingHintProvider,
PUBLIC,oracle/spatial/rdf/server/LeadingHintProvider$Type,MDSYS,oracle/spatial/rdf/server/LeadingHintProvider$Type,
PUBLIC,oracle/spatial/rdf/server/LiteralSet,MDSYS,oracle/spatial/rdf/server/LiteralSet,
PUBLIC,oracle/spatial/rdf/server/MissingStatisticsException,MDSYS,oracle/spatial/rdf/server/MissingStatisticsException,
PUBLIC,oracle/spatial/rdf/server/ModifyRewriteOptimizer,MDSYS,oracle/spatial/rdf/server/ModifyRewriteOptimizer,
PUBLIC,oracle/spatial/rdf/server/NumericFilterHandler,MDSYS,oracle/spatial/rdf/server/NumericFilterHandler,
PUBLIC,oracle/spatial/rdf/server/OptimizerUtils,MDSYS,oracle/spatial/rdf/server/OptimizerUtils,
PUBLIC,oracle/spatial/rdf/server/OracleDatabaseVersion,MDSYS,oracle/spatial/rdf/server/OracleDatabaseVersion,
PUBLIC,oracle/spatial/rdf/server/OrderByExprRewriteOptimizer,MDSYS,oracle/spatial/rdf/server/OrderByExprRewriteOptimizer,
PUBLIC,oracle/spatial/rdf/server/OrderCond,MDSYS,oracle/spatial/rdf/server/OrderCond,
PUBLIC,oracle/spatial/rdf/server/parser/sparql/ASTAdd,MDSYS,oracle/spatial/rdf/server/parser/sparql/ASTAdd,
PUBLIC,oracle/spatial/rdf/server/parser/sparql/ASTAdditiveExpression,MDSYS,oracle/spatial/rdf/server/parser/sparql/ASTAdditiveExpression,
PUBLIC,oracle/spatial/rdf/server/parser/sparql/ASTAdditiveOperator,MDSYS,oracle/spatial/rdf/server/parser/sparql/ASTAdditiveOperator,
PUBLIC,oracle/spatial/rdf/server/parser/sparql/ASTAggregate,MDSYS,oracle/spatial/rdf/server/parser/sparql/ASTAggregate,
PUBLIC,oracle/spatial/rdf/server/parser/sparql/ASTArgList,MDSYS,oracle/spatial/rdf/server/parser/sparql/ASTArgList,
PUBLIC,oracle/spatial/rdf/server/parser/sparql/ASTAskQuery,MDSYS,oracle/spatial/rdf/server/parser/sparql/ASTAskQuery,
PUBLIC,oracle/spatial/rdf/server/parser/sparql/ASTBind,MDSYS,oracle/spatial/rdf/server/parser/sparql/ASTBind,
PUBLIC,oracle/spatial/rdf/server/parser/sparql/ASTBindingsClause,MDSYS,oracle/spatial/rdf/server/parser/sparql/ASTBindingsClause,
PUBLIC,oracle/spatial/rdf/server/parser/sparql/ASTBlankNodePropertyList,MDSYS,oracle/spatial/rdf/server/parser/sparql/ASTBlankNodePropertyList,
PUBLIC,oracle/spatial/rdf/server/parser/sparql/ASTBlankNodePropertyListPath,MDSYS,oracle/spatial/rdf/server/parser/sparql/ASTBlankNodePropertyListPath,
PUBLIC,oracle/spatial/rdf/server/parser/sparql/ASTBooleanSpecialNode,MDSYS,oracle/spatial/rdf/server/parser/sparql/ASTBooleanSpecialNode,
PUBLIC,oracle/spatial/rdf/server/parser/sparql/ASTBuiltInCall,MDSYS,oracle/spatial/rdf/server/parser/sparql/ASTBuiltInCall,
PUBLIC,oracle/spatial/rdf/server/parser/sparql/ASTClear,MDSYS,oracle/spatial/rdf/server/parser/sparql/ASTClear,
PUBLIC,oracle/spatial/rdf/server/parser/sparql/ASTCollection,MDSYS,oracle/spatial/rdf/server/parser/sparql/ASTCollection,
PUBLIC,oracle/spatial/rdf/server/parser/sparql/ASTCollectionPath,MDSYS,oracle/spatial/rdf/server/parser/sparql/ASTCollectionPath,
PUBLIC,oracle/spatial/rdf/server/parser/sparql/ASTComparisonOperator,MDSYS,oracle/spatial/rdf/server/parser/sparql/ASTComparisonOperator,
PUBLIC,oracle/spatial/rdf/server/parser/sparql/ASTComplexPathMod,MDSYS,oracle/spatial/rdf/server/parser/sparql/ASTComplexPathMod,
PUBLIC,oracle/spatial/rdf/server/parser/sparql/ASTConditionalAndExpression,MDSYS,oracle/spatial/rdf/server/parser/sparql/ASTConditionalAndExpression,
PUBLIC,oracle/spatial/rdf/server/parser/sparql/ASTConditionalOrExpression,MDSYS,oracle/spatial/rdf/server/parser/sparql/ASTConditionalOrExpression,
PUBLIC,oracle/spatial/rdf/server/parser/sparql/ASTConstructQuery,MDSYS,oracle/spatial/rdf/server/parser/sparql/ASTConstructQuery,
PUBLIC,oracle/spatial/rdf/server/parser/sparql/ASTConstructTemplate,MDSYS,oracle/spatial/rdf/server/parser/sparql/ASTConstructTemplate,
PUBLIC,oracle/spatial/rdf/server/parser/sparql/ASTCopy,MDSYS,oracle/spatial/rdf/server/parser/sparql/ASTCopy,
PUBLIC,oracle/spatial/rdf/server/parser/sparql/ASTCreate,MDSYS,oracle/spatial/rdf/server/parser/sparql/ASTCreate,
PUBLIC,oracle/spatial/rdf/server/parser/sparql/ASTCurlyBraceQuery,MDSYS,oracle/spatial/rdf/server/parser/sparql/ASTCurlyBraceQuery,
PUBLIC,oracle/spatial/rdf/server/parser/sparql/ASTDataBlock,MDSYS,oracle/spatial/rdf/server/parser/sparql/ASTDataBlock,
PUBLIC,oracle/spatial/rdf/server/parser/sparql/ASTDefault,MDSYS,oracle/spatial/rdf/server/parser/sparql/ASTDefault,
PUBLIC,oracle/spatial/rdf/server/parser/sparql/ASTDeleteClause,MDSYS,oracle/spatial/rdf/server/parser/sparql/ASTDeleteClause,
PUBLIC,oracle/spatial/rdf/server/parser/sparql/ASTDeleteData,MDSYS,oracle/spatial/rdf/server/parser/sparql/ASTDeleteData,
PUBLIC,oracle/spatial/rdf/server/parser/sparql/ASTDeleteWhere,MDSYS,oracle/spatial/rdf/server/parser/sparql/ASTDeleteWhere,
PUBLIC,oracle/spatial/rdf/server/parser/sparql/ASTDescribeQuery,MDSYS,oracle/spatial/rdf/server/parser/sparql/ASTDescribeQuery,
PUBLIC,oracle/spatial/rdf/server/parser/sparql/ASTDrop,MDSYS,oracle/spatial/rdf/server/parser/sparql/ASTDrop,
PUBLIC,oracle/spatial/rdf/server/parser/sparql/ASTEFilter,MDSYS,oracle/spatial/rdf/server/parser/sparql/ASTEFilter,
PUBLIC,oracle/spatial/rdf/server/parser/sparql/ASTFilter,MDSYS,oracle/spatial/rdf/server/parser/sparql/ASTFilter,
PUBLIC,oracle/spatial/rdf/server/parser/sparql/ASTFullSparqlQuery,MDSYS,oracle/spatial/rdf/server/parser/sparql/ASTFullSparqlQuery,
PUBLIC,oracle/spatial/rdf/server/parser/sparql/ASTFunctionArgs,MDSYS,oracle/spatial/rdf/server/parser/sparql/ASTFunctionArgs,
PUBLIC,oracle/spatial/rdf/server/parser/sparql/ASTFunctionCall,MDSYS,oracle/spatial/rdf/server/parser/sparql/ASTFunctionCall,
PUBLIC,oracle/spatial/rdf/server/parser/sparql/ASTGraphGraphPattern,MDSYS,oracle/spatial/rdf/server/parser/sparql/ASTGraphGraphPattern,
PUBLIC,oracle/spatial/rdf/server/parser/sparql/ASTGraphOrDefault,MDSYS,oracle/spatial/rdf/server/parser/sparql/ASTGraphOrDefault,
PUBLIC,oracle/spatial/rdf/server/parser/sparql/ASTGraphPatternNotTriples,MDSYS,oracle/spatial/rdf/server/parser/sparql/ASTGraphPatternNotTriples,
PUBLIC,oracle/spatial/rdf/server/parser/sparql/ASTGraphRef,MDSYS,oracle/spatial/rdf/server/parser/sparql/ASTGraphRef,
PUBLIC,oracle/spatial/rdf/server/parser/sparql/ASTGraphRefAll,MDSYS,oracle/spatial/rdf/server/parser/sparql/ASTGraphRefAll,
PUBLIC,oracle/spatial/rdf/server/parser/sparql/ASTGroupClause,MDSYS,oracle/spatial/rdf/server/parser/sparql/ASTGroupClause,
PUBLIC,oracle/spatial/rdf/server/parser/sparql/ASTGroupCondition,MDSYS,oracle/spatial/rdf/server/parser/sparql/ASTGroupCondition,
PUBLIC,oracle/spatial/rdf/server/parser/sparql/ASTGroupGraphPattern,MDSYS,oracle/spatial/rdf/server/parser/sparql/ASTGroupGraphPattern,
PUBLIC,oracle/spatial/rdf/server/parser/sparql/ASTHavingClause,MDSYS,oracle/spatial/rdf/server/parser/sparql/ASTHavingClause,
PUBLIC,oracle/spatial/rdf/server/parser/sparql/ASTHavingCondition,MDSYS,oracle/spatial/rdf/server/parser/sparql/ASTHavingCondition,
PUBLIC,oracle/spatial/rdf/server/parser/sparql/ASTInlineData,MDSYS,oracle/spatial/rdf/server/parser/sparql/ASTInlineData,
PUBLIC,oracle/spatial/rdf/server/parser/sparql/ASTInput,MDSYS,oracle/spatial/rdf/server/parser/sparql/ASTInput,
PUBLIC,oracle/spatial/rdf/server/parser/sparql/ASTInsertClause,MDSYS,oracle/spatial/rdf/server/parser/sparql/ASTInsertClause,
PUBLIC,oracle/spatial/rdf/server/parser/sparql/ASTInsertData,MDSYS,oracle/spatial/rdf/server/parser/sparql/ASTInsertData,
PUBLIC,oracle/spatial/rdf/server/parser/sparql/ASTInverseIRIref,MDSYS,oracle/spatial/rdf/server/parser/sparql/ASTInverseIRIref,
PUBLIC,oracle/spatial/rdf/server/parser/sparql/ASTInversePathElt,MDSYS,oracle/spatial/rdf/server/parser/sparql/ASTInversePathElt,
PUBLIC,oracle/spatial/rdf/server/parser/sparql/ASTIRIrefOrFunction,MDSYS,oracle/spatial/rdf/server/parser/sparql/ASTIRIrefOrFunction,
PUBLIC,oracle/spatial/rdf/server/parser/sparql/ASTLimitClause,MDSYS,oracle/spatial/rdf/server/parser/sparql/ASTLimitClause,
PUBLIC,oracle/spatial/rdf/server/parser/sparql/ASTLimitOffsetClauses,MDSYS,oracle/spatial/rdf/server/parser/sparql/ASTLimitOffsetClauses,
PUBLIC,oracle/spatial/rdf/server/parser/sparql/ASTLoad,MDSYS,oracle/spatial/rdf/server/parser/sparql/ASTLoad,
PUBLIC,oracle/spatial/rdf/server/parser/sparql/ASTMinusGraphPattern,MDSYS,oracle/spatial/rdf/server/parser/sparql/ASTMinusGraphPattern,
PUBLIC,oracle/spatial/rdf/server/parser/sparql/ASTModify,MDSYS,oracle/spatial/rdf/server/parser/sparql/ASTModify,
PUBLIC,oracle/spatial/rdf/server/parser/sparql/ASTMove,MDSYS,oracle/spatial/rdf/server/parser/sparql/ASTMove,
PUBLIC,oracle/spatial/rdf/server/parser/sparql/ASTMultiplicativeExpression,MDSYS,oracle/spatial/rdf/server/parser/sparql/ASTMultiplicativeExpression,
PUBLIC,oracle/spatial/rdf/server/parser/sparql/ASTMultiplicativeOperator,MDSYS,oracle/spatial/rdf/server/parser/sparql/ASTMultiplicativeOperator,
PUBLIC,oracle/spatial/rdf/server/parser/sparql/ASTObjectList,MDSYS,oracle/spatial/rdf/server/parser/sparql/ASTObjectList,
PUBLIC,oracle/spatial/rdf/server/parser/sparql/ASTObjectListPath,MDSYS,oracle/spatial/rdf/server/parser/sparql/ASTObjectListPath,
PUBLIC,oracle/spatial/rdf/server/parser/sparql/ASTOffsetClause,MDSYS,oracle/spatial/rdf/server/parser/sparql/ASTOffsetClause,
PUBLIC,oracle/spatial/rdf/server/parser/sparql/ASTOptionalGraphPattern,MDSYS,oracle/spatial/rdf/server/parser/sparql/ASTOptionalGraphPattern,
PUBLIC,oracle/spatial/rdf/server/parser/sparql/ASTOrderClause,MDSYS,oracle/spatial/rdf/server/parser/sparql/ASTOrderClause,
PUBLIC,oracle/spatial/rdf/server/parser/sparql/ASTOrderCondition,MDSYS,oracle/spatial/rdf/server/parser/sparql/ASTOrderCondition,
PUBLIC,oracle/spatial/rdf/server/parser/sparql/ASTParenQuery,MDSYS,oracle/spatial/rdf/server/parser/sparql/ASTParenQuery,
PUBLIC,oracle/spatial/rdf/server/parser/sparql/ASTPathAlternative,MDSYS,oracle/spatial/rdf/server/parser/sparql/ASTPathAlternative,
PUBLIC,oracle/spatial/rdf/server/parser/sparql/ASTPathElt,MDSYS,oracle/spatial/rdf/server/parser/sparql/ASTPathElt,
PUBLIC,oracle/spatial/rdf/server/parser/sparql/ASTPathNegatedPropertySet,MDSYS,oracle/spatial/rdf/server/parser/sparql/ASTPathNegatedPropertySet,
PUBLIC,oracle/spatial/rdf/server/parser/sparql/ASTPathSequence,MDSYS,oracle/spatial/rdf/server/parser/sparql/ASTPathSequence,
PUBLIC,oracle/spatial/rdf/server/parser/sparql/ASTPropertyListNotEmpty,MDSYS,oracle/spatial/rdf/server/parser/sparql/ASTPropertyListNotEmpty,
PUBLIC,oracle/spatial/rdf/server/parser/sparql/ASTPropertyListNotEmptyPath,MDSYS,oracle/spatial/rdf/server/parser/sparql/ASTPropertyListNotEmptyPath,
PUBLIC,oracle/spatial/rdf/server/parser/sparql/ASTQuadData,MDSYS,oracle/spatial/rdf/server/parser/sparql/ASTQuadData,
PUBLIC,oracle/spatial/rdf/server/parser/sparql/ASTQuadPattern,MDSYS,oracle/spatial/rdf/server/parser/sparql/ASTQuadPattern,
PUBLIC,oracle/spatial/rdf/server/parser/sparql/ASTQuads,MDSYS,oracle/spatial/rdf/server/parser/sparql/ASTQuads,
PUBLIC,oracle/spatial/rdf/server/parser/sparql/ASTQuadsNotTriples,MDSYS,oracle/spatial/rdf/server/parser/sparql/ASTQuadsNotTriples,
PUBLIC,oracle/spatial/rdf/server/parser/sparql/ASTRelationalExpression,MDSYS,oracle/spatial/rdf/server/parser/sparql/ASTRelationalExpression,
PUBLIC,oracle/spatial/rdf/server/parser/sparql/ASTSelectClause,MDSYS,oracle/spatial/rdf/server/parser/sparql/ASTSelectClause,
PUBLIC,oracle/spatial/rdf/server/parser/sparql/ASTSelectExpression,MDSYS,oracle/spatial/rdf/server/parser/sparql/ASTSelectExpression,
PUBLIC,oracle/spatial/rdf/server/parser/sparql/ASTSelectQuery,MDSYS,oracle/spatial/rdf/server/parser/sparql/ASTSelectQuery,
PUBLIC,oracle/spatial/rdf/server/parser/sparql/ASTServiceGraphPattern,MDSYS,oracle/spatial/rdf/server/parser/sparql/ASTServiceGraphPattern,
PUBLIC,oracle/spatial/rdf/server/parser/sparql/ASTSimplePathMod,MDSYS,oracle/spatial/rdf/server/parser/sparql/ASTSimplePathMod,
PUBLIC,oracle/spatial/rdf/server/parser/sparql/ASTSolutionModifier,MDSYS,oracle/spatial/rdf/server/parser/sparql/ASTSolutionModifier,
PUBLIC,oracle/spatial/rdf/server/parser/sparql/ASTTopLevelQueryNode,MDSYS,oracle/spatial/rdf/server/parser/sparql/ASTTopLevelQueryNode,
PUBLIC,oracle/spatial/rdf/server/parser/sparql/ASTTripleAtom,MDSYS,oracle/spatial/rdf/server/parser/sparql/ASTTripleAtom,
PUBLIC,oracle/spatial/rdf/server/parser/sparql/ASTTripleAtom$BindVar,MDSYS,oracle/spatial/rdf/server/parser/sparql/ASTTripleAtom$BindVar,
PUBLIC,oracle/spatial/rdf/server/parser/sparql/ASTTriplePattern,MDSYS,oracle/spatial/rdf/server/parser/sparql/ASTTriplePattern,
PUBLIC,oracle/spatial/rdf/server/parser/sparql/ASTTriplesBlock,MDSYS,oracle/spatial/rdf/server/parser/sparql/ASTTriplesBlock,
PUBLIC,oracle/spatial/rdf/server/parser/sparql/ASTUnaryExpression,MDSYS,oracle/spatial/rdf/server/parser/sparql/ASTUnaryExpression,
PUBLIC,oracle/spatial/rdf/server/parser/sparql/ASTUnaryOperator,MDSYS,oracle/spatial/rdf/server/parser/sparql/ASTUnaryOperator,
PUBLIC,oracle/spatial/rdf/server/parser/sparql/ASTUndef,MDSYS,oracle/spatial/rdf/server/parser/sparql/ASTUndef,
PUBLIC,oracle/spatial/rdf/server/parser/sparql/ASTUnionGraphPattern,MDSYS,oracle/spatial/rdf/server/parser/sparql/ASTUnionGraphPattern,
PUBLIC,oracle/spatial/rdf/server/parser/sparql/ASTUpdate,MDSYS,oracle/spatial/rdf/server/parser/sparql/ASTUpdate,
PUBLIC,oracle/spatial/rdf/server/parser/sparql/ASTUpdateUnit,MDSYS,oracle/spatial/rdf/server/parser/sparql/ASTUpdateUnit,
PUBLIC,oracle/spatial/rdf/server/parser/sparql/ASTUsingClause,MDSYS,oracle/spatial/rdf/server/parser/sparql/ASTUsingClause,
PUBLIC,oracle/spatial/rdf/server/parser/sparql/ASTValuesClause,MDSYS,oracle/spatial/rdf/server/parser/sparql/ASTValuesClause,
PUBLIC,oracle/spatial/rdf/server/parser/sparql/ASTVerbEFilter,MDSYS,oracle/spatial/rdf/server/parser/sparql/ASTVerbEFilter,
PUBLIC,oracle/spatial/rdf/server/parser/sparql/ASTWhereClause,MDSYS,oracle/spatial/rdf/server/parser/sparql/ASTWhereClause,
PUBLIC,oracle/spatial/rdf/server/parser/sparql/JJTsparqlParseState,MDSYS,oracle/spatial/rdf/server/parser/sparql/JJTsparqlParseState,
PUBLIC,oracle/spatial/rdf/server/parser/sparql/Node,MDSYS,oracle/spatial/rdf/server/parser/sparql/Node,
PUBLIC,oracle/spatial/rdf/server/parser/sparql/ParsedURI,MDSYS,oracle/spatial/rdf/server/parser/sparql/ParsedURI,
PUBLIC,oracle/spatial/rdf/server/parser/sparql/ParseException,MDSYS,oracle/spatial/rdf/server/parser/sparql/ParseException,
PUBLIC,oracle/spatial/rdf/server/parser/sparql/SimpleCharStream,MDSYS,oracle/spatial/rdf/server/parser/sparql/SimpleCharStream,
PUBLIC,oracle/spatial/rdf/server/parser/sparql/SimpleNode,MDSYS,oracle/spatial/rdf/server/parser/sparql/SimpleNode,
PUBLIC,oracle/spatial/rdf/server/parser/sparql/SPARQLBasePrefix,MDSYS,oracle/spatial/rdf/server/parser/sparql/SPARQLBasePrefix,
PUBLIC,oracle/spatial/rdf/server/parser/sparql/sparqlParse,MDSYS,oracle/spatial/rdf/server/parser/sparql/sparqlParse,
PUBLIC,oracle/spatial/rdf/server/parser/sparql/sparqlParseConstants,MDSYS,oracle/spatial/rdf/server/parser/sparql/sparqlParseConstants,
PUBLIC,oracle/spatial/rdf/server/parser/sparql/sparqlParseTokenManager,MDSYS,oracle/spatial/rdf/server/parser/sparql/sparqlParseTokenManager,
PUBLIC,oracle/spatial/rdf/server/parser/sparql/sparqlParseTreeConstants,MDSYS,oracle/spatial/rdf/server/parser/sparql/sparqlParseTreeConstants,
PUBLIC,oracle/spatial/rdf/server/parser/sparql/SparqlSelectDescriptor,MDSYS,oracle/spatial/rdf/server/parser/sparql/SparqlSelectDescriptor,
PUBLIC,oracle/spatial/rdf/server/parser/sparql/SparqlSolnModDesc,MDSYS,oracle/spatial/rdf/server/parser/sparql/SparqlSolnModDesc,
PUBLIC,oracle/spatial/rdf/server/parser/sparql/SparqlSourceDescriptor,MDSYS,oracle/spatial/rdf/server/parser/sparql/SparqlSourceDescriptor,
PUBLIC,oracle/spatial/rdf/server/parser/sparql/Token,MDSYS,oracle/spatial/rdf/server/parser/sparql/Token,
PUBLIC,oracle/spatial/rdf/server/parser/sparql/TokenMgrError,MDSYS,oracle/spatial/rdf/server/parser/sparql/TokenMgrError,
PUBLIC,oracle/spatial/rdf/server/parser/ttl/ParseException,MDSYS,oracle/spatial/rdf/server/parser/ttl/ParseException,
PUBLIC,oracle/spatial/rdf/server/parser/ttl/QuadHandler,MDSYS,oracle/spatial/rdf/server/parser/ttl/QuadHandler,
PUBLIC,oracle/spatial/rdf/server/parser/ttl/SimpleCharStream,MDSYS,oracle/spatial/rdf/server/parser/ttl/SimpleCharStream,
PUBLIC,oracle/spatial/rdf/server/parser/ttl/Token,MDSYS,oracle/spatial/rdf/server/parser/ttl/Token,
PUBLIC,oracle/spatial/rdf/server/parser/ttl/TokenMgrError,MDSYS,oracle/spatial/rdf/server/parser/ttl/TokenMgrError,
PUBLIC,oracle/spatial/rdf/server/parser/ttl/TtlParser,MDSYS,oracle/spatial/rdf/server/parser/ttl/TtlParser,
PUBLIC,oracle/spatial/rdf/server/parser/ttl/TtlParserConstants,MDSYS,oracle/spatial/rdf/server/parser/ttl/TtlParserConstants,
PUBLIC,oracle/spatial/rdf/server/parser/ttl/TtlParserTokenManager,MDSYS,oracle/spatial/rdf/server/parser/ttl/TtlParserTokenManager,
PUBLIC,oracle/spatial/rdf/server/PGFilterHandler,MDSYS,oracle/spatial/rdf/server/PGFilterHandler,
PUBLIC,oracle/spatial/rdf/server/PPAltNode,MDSYS,oracle/spatial/rdf/server/PPAltNode,
PUBLIC,oracle/spatial/rdf/server/PPIRINode,MDSYS,oracle/spatial/rdf/server/PPIRINode,
PUBLIC,oracle/spatial/rdf/server/PPModNode,MDSYS,oracle/spatial/rdf/server/PPModNode,
PUBLIC,oracle/spatial/rdf/server/PPNegatedNode,MDSYS,oracle/spatial/rdf/server/PPNegatedNode,
PUBLIC,oracle/spatial/rdf/server/PPNode,MDSYS,oracle/spatial/rdf/server/PPNode,
PUBLIC,oracle/spatial/rdf/server/PPSeqNode,MDSYS,oracle/spatial/rdf/server/PPSeqNode,
PUBLIC,oracle/spatial/rdf/server/PPSQLTransVisitor,MDSYS,oracle/spatial/rdf/server/PPSQLTransVisitor,
PUBLIC,oracle/spatial/rdf/server/predVarMapping,MDSYS,oracle/spatial/rdf/server/predVarMapping,
PUBLIC,oracle/spatial/rdf/server/PropertyPathAlternateRewriteOptimizer,MDSYS,oracle/spatial/rdf/server/PropertyPathAlternateRewriteOptimizer,
PUBLIC,oracle/spatial/rdf/server/PropertyPathAlternateRewriteOptimizer$NodeInfo,MDSYS,oracle/spatial/rdf/server/PropertyPathAlternateRewriteOptimizer$NodeInfo,
PUBLIC,oracle/spatial/rdf/server/PropertyPathSequenceRewriteOptimizer,MDSYS,oracle/spatial/rdf/server/PropertyPathSequenceRewriteOptimizer,
PUBLIC,oracle/spatial/rdf/server/PropertyPathZeroRewriteOptimizer,MDSYS,oracle/spatial/rdf/server/PropertyPathZeroRewriteOptimizer,
PUBLIC,oracle/spatial/rdf/server/QueryOptionHintProvider,MDSYS,oracle/spatial/rdf/server/QueryOptionHintProvider,
PUBLIC,oracle/spatial/rdf/server/QueryOptionHintProvider$RegexTokenComparator,MDSYS,oracle/spatial/rdf/server/QueryOptionHintProvider$RegexTokenComparator,
PUBLIC,oracle/spatial/rdf/server/QueryOptionHintProvider$1,MDSYS,oracle/spatial/rdf/server/QueryOptionHintProvider$1,
PUBLIC,oracle/spatial/rdf/server/QueryUtils,MDSYS,oracle/spatial/rdf/server/QueryUtils,
PUBLIC,oracle/spatial/rdf/server/RDFConstants,MDSYS,oracle/spatial/rdf/server/RDFConstants,
PUBLIC,oracle/spatial/rdf/server/RDFException,MDSYS,oracle/spatial/rdf/server/RDFException,
PUBLIC,oracle/spatial/rdf/server/RDFModelStatistics,MDSYS,oracle/spatial/rdf/server/RDFModelStatistics,
PUBLIC,oracle/spatial/rdf/server/RDFModelStatistics$PredStats,MDSYS,oracle/spatial/rdf/server/RDFModelStatistics$PredStats,
PUBLIC,oracle/spatial/rdf/server/RDFModelStatistics$TermStats,MDSYS,oracle/spatial/rdf/server/RDFModelStatistics$TermStats,
PUBLIC,oracle/spatial/rdf/server/RDFRuntimeException,MDSYS,oracle/spatial/rdf/server/RDFRuntimeException,
PUBLIC,oracle/spatial/rdf/server/RelationalBGP,MDSYS,oracle/spatial/rdf/server/RelationalBGP,
PUBLIC,oracle/spatial/rdf/server/RelationalBGP$ACRinfo,MDSYS,oracle/spatial/rdf/server/RelationalBGP$ACRinfo,
PUBLIC,oracle/spatial/rdf/server/RelationalBGP$COptNatCondition,MDSYS,oracle/spatial/rdf/server/RelationalBGP$COptNatCondition,
PUBLIC,oracle/spatial/rdf/server/RelationalBGP$CSRinfo,MDSYS,oracle/spatial/rdf/server/RelationalBGP$CSRinfo,
PUBLIC,oracle/spatial/rdf/server/RelationalBGP$ElapsedTimeInfo,MDSYS,oracle/spatial/rdf/server/RelationalBGP$ElapsedTimeInfo,
PUBLIC,oracle/spatial/rdf/server/RelationalBGP$ElapsedTimeInfoHandler,MDSYS,oracle/spatial/rdf/server/RelationalBGP$ElapsedTimeInfoHandler,
PUBLIC,oracle/spatial/rdf/server/RelationalBGP$LtcTabRowInfo,MDSYS,oracle/spatial/rdf/server/RelationalBGP$LtcTabRowInfo,
PUBLIC,oracle/spatial/rdf/server/RelationalBGP$LtcTabRowInfo$ColDimInfoMetadata,MDSYS,oracle/spatial/rdf/server/RelationalBGP$LtcTabRowInfo$ColDimInfoMetadata,
PUBLIC,oracle/spatial/rdf/server/RelationalBGP$MCSR,MDSYS,oracle/spatial/rdf/server/RelationalBGP$MCSR,
PUBLIC,oracle/spatial/rdf/server/RelationalBGP$NatVarOpt_Info,MDSYS,oracle/spatial/rdf/server/RelationalBGP$NatVarOpt_Info,
PUBLIC,oracle/spatial/rdf/server/RelationalBGP$NatVarOpt_Structure,MDSYS,oracle/spatial/rdf/server/RelationalBGP$NatVarOpt_Structure,
PUBLIC,oracle/spatial/rdf/server/RelationalBGP$Pair_IntInt,MDSYS,oracle/spatial/rdf/server/RelationalBGP$Pair_IntInt,
PUBLIC,oracle/spatial/rdf/server/RelationalBGP$Pair_IntString,MDSYS,oracle/spatial/rdf/server/RelationalBGP$Pair_IntString,
PUBLIC,oracle/spatial/rdf/server/RelationalBGP$RelExpr,MDSYS,oracle/spatial/rdf/server/RelationalBGP$RelExpr,
PUBLIC,oracle/spatial/rdf/server/RelationalBGP$R2R2MatSPARQLFilterMap,MDSYS,oracle/spatial/rdf/server/RelationalBGP$R2R2MatSPARQLFilterMap,
PUBLIC,oracle/spatial/rdf/server/RelationalBGP$SpatialArgTypeException,MDSYS,oracle/spatial/rdf/server/RelationalBGP$SpatialArgTypeException,
PUBLIC,oracle/spatial/rdf/server/RelationalBGP$String2,MDSYS,oracle/spatial/rdf/server/RelationalBGP$String2,
PUBLIC,oracle/spatial/rdf/server/RelationalBGP$String3,MDSYS,oracle/spatial/rdf/server/RelationalBGP$String3,
PUBLIC,oracle/spatial/rdf/server/RelationalBGP$TFTinfo,MDSYS,oracle/spatial/rdf/server/RelationalBGP$TFTinfo,
PUBLIC,oracle/spatial/rdf/server/RelationalBGP$TmapInfo,MDSYS,oracle/spatial/rdf/server/RelationalBGP$TmapInfo,
PUBLIC,oracle/spatial/rdf/server/RelationalBGP$UArowNatSelectInfo,MDSYS,oracle/spatial/rdf/server/RelationalBGP$UArowNatSelectInfo,
PUBLIC,oracle/spatial/rdf/server/RelationalBGP$UnionRow,MDSYS,oracle/spatial/rdf/server/RelationalBGP$UnionRow,
PUBLIC,oracle/spatial/rdf/server/RelTableAlias,MDSYS,oracle/spatial/rdf/server/RelTableAlias,
PUBLIC,oracle/spatial/rdf/server/RRTabRowInfo,MDSYS,oracle/spatial/rdf/server/RRTabRowInfo,
PUBLIC,oracle/spatial/rdf/server/Rule,MDSYS,oracle/spatial/rdf/server/Rule,
PUBLIC,oracle/spatial/rdf/server/R2RQueryNode,MDSYS,oracle/spatial/rdf/server/R2RQueryNode,
PUBLIC,oracle/spatial/rdf/server/SelectExpression,MDSYS,oracle/spatial/rdf/server/SelectExpression,
PUBLIC,oracle/spatial/rdf/server/SelectivityEstimator,MDSYS,oracle/spatial/rdf/server/SelectivityEstimator,
PUBLIC,oracle/spatial/rdf/server/SelectivityEstimator$Model,MDSYS,oracle/spatial/rdf/server/SelectivityEstimator$Model,
PUBLIC,oracle/spatial/rdf/server/SelectivityEstimator$Stats,MDSYS,oracle/spatial/rdf/server/SelectivityEstimator$Stats,
PUBLIC,oracle/spatial/rdf/server/SelectivityOptimizer,MDSYS,oracle/spatial/rdf/server/SelectivityOptimizer,
PUBLIC,oracle/spatial/rdf/server/SelectivityOptimizer$Op,MDSYS,oracle/spatial/rdf/server/SelectivityOptimizer$Op,
PUBLIC,oracle/spatial/rdf/server/SelectivityOptimizer$Op$Access,MDSYS,oracle/spatial/rdf/server/SelectivityOptimizer$Op$Access,
PUBLIC,oracle/spatial/rdf/server/SelectivityOptimizer$Op$Access$Type,MDSYS,oracle/spatial/rdf/server/SelectivityOptimizer$Op$Access$Type,
PUBLIC,oracle/spatial/rdf/server/SelectivityOptimizer$Op$Data,MDSYS,oracle/spatial/rdf/server/SelectivityOptimizer$Op$Data,
PUBLIC,oracle/spatial/rdf/server/SelectivityOptimizer$Op$Join,MDSYS,oracle/spatial/rdf/server/SelectivityOptimizer$Op$Join,
PUBLIC,oracle/spatial/rdf/server/SelectivityOptimizer$Op$Join$Type,MDSYS,oracle/spatial/rdf/server/SelectivityOptimizer$Op$Join$Type,
PUBLIC,oracle/spatial/rdf/server/SelectivityOptimizer$OpVisitor,MDSYS,oracle/spatial/rdf/server/SelectivityOptimizer$OpVisitor,
PUBLIC,oracle/spatial/rdf/server/SelectivityOptimizer$Plan,MDSYS,oracle/spatial/rdf/server/SelectivityOptimizer$Plan,
PUBLIC,oracle/spatial/rdf/server/SelectSPARQLTreeNode,MDSYS,oracle/spatial/rdf/server/SelectSPARQLTreeNode,
PUBLIC,oracle/spatial/rdf/server/ServiceSPARQLTreeNode,MDSYS,oracle/spatial/rdf/server/ServiceSPARQLTreeNode,
PUBLIC,oracle/spatial/rdf/server/SimpleBGP,MDSYS,oracle/spatial/rdf/server/SimpleBGP,
PUBLIC,oracle/spatial/rdf/server/SimpleBGP$LateralPPDesc,MDSYS,oracle/spatial/rdf/server/SimpleBGP$LateralPPDesc,
PUBLIC,oracle/spatial/rdf/server/SimpleBGP$LateralPPDesc$PPJoinPositions,MDSYS,oracle/spatial/rdf/server/SimpleBGP$LateralPPDesc$PPJoinPositions,
PUBLIC,oracle/spatial/rdf/server/SimpleBGP$LateralPPDesc$PPTypes,MDSYS,oracle/spatial/rdf/server/SimpleBGP$LateralPPDesc$PPTypes,
PUBLIC,oracle/spatial/rdf/server/SimpleBGP$SPMColDesc,MDSYS,oracle/spatial/rdf/server/SimpleBGP$SPMColDesc,
PUBLIC,oracle/spatial/rdf/server/SimpleFilterEstimator,MDSYS,oracle/spatial/rdf/server/SimpleFilterEstimator,
PUBLIC,oracle/spatial/rdf/server/SimplePPSQLTransVisitor,MDSYS,oracle/spatial/rdf/server/SimplePPSQLTransVisitor,
PUBLIC,oracle/spatial/rdf/server/SimpleSelectivityEstimator,MDSYS,oracle/spatial/rdf/server/SimpleSelectivityEstimator,
PUBLIC,oracle/spatial/rdf/server/SimpleSelectivityEstimator$1,MDSYS,oracle/spatial/rdf/server/SimpleSelectivityEstimator$1,
PUBLIC,oracle/spatial/rdf/server/SimpleSelectivityOptimizer,MDSYS,oracle/spatial/rdf/server/SimpleSelectivityOptimizer,
PUBLIC,oracle/spatial/rdf/server/SimpleSelectivityOptimizer$SimpleComparator,MDSYS,oracle/spatial/rdf/server/SimpleSelectivityOptimizer$SimpleComparator,
PUBLIC,oracle/spatial/rdf/server/SimpleSPARQLTreeNode,MDSYS,oracle/spatial/rdf/server/SimpleSPARQLTreeNode,
PUBLIC,oracle/spatial/rdf/server/SimpleSPARQLTriplesBlock,MDSYS,oracle/spatial/rdf/server/SimpleSPARQLTriplesBlock,
PUBLIC,oracle/spatial/rdf/server/SimpleStatsHintProvider,MDSYS,oracle/spatial/rdf/server/SimpleStatsHintProvider,
PUBLIC,oracle/spatial/rdf/server/SimpleStatsHintProvider$HashLargeResultsVisitor,MDSYS,oracle/spatial/rdf/server/SimpleStatsHintProvider$HashLargeResultsVisitor,
PUBLIC,oracle/spatial/rdf/server/SimpleStatsHintProvider$SQLHintVisitor,MDSYS,oracle/spatial/rdf/server/SimpleStatsHintProvider$SQLHintVisitor,
PUBLIC,oracle/spatial/rdf/server/SimpleStatsHintProvider$TableCountVisitor,MDSYS,oracle/spatial/rdf/server/SimpleStatsHintProvider$TableCountVisitor,
PUBLIC,oracle/spatial/rdf/server/SimpleStatsHintProvider$Type,MDSYS,oracle/spatial/rdf/server/SimpleStatsHintProvider$Type,
PUBLIC,oracle/spatial/rdf/server/SimpleStatsHintProvider$1,MDSYS,oracle/spatial/rdf/server/SimpleStatsHintProvider$1,
PUBLIC,oracle/spatial/rdf/server/SPARQLBGP,MDSYS,oracle/spatial/rdf/server/SPARQLBGP,
PUBLIC,oracle/spatial/rdf/server/SPARQLEngine,MDSYS,oracle/spatial/rdf/server/SPARQLEngine,
PUBLIC,oracle/spatial/rdf/server/SparqlFilterOptimizer,MDSYS,oracle/spatial/rdf/server/SparqlFilterOptimizer,
PUBLIC,oracle/spatial/rdf/server/sparqlIdent,MDSYS,oracle/spatial/rdf/server/sparqlIdent,
PUBLIC,oracle/spatial/rdf/server/sparqlPredicate,MDSYS,oracle/spatial/rdf/server/sparqlPredicate,
PUBLIC,oracle/spatial/rdf/server/SparqlQueryOptimizer,MDSYS,oracle/spatial/rdf/server/SparqlQueryOptimizer,
PUBLIC,oracle/spatial/rdf/server/sparqlSemAnalyzer,MDSYS,oracle/spatial/rdf/server/sparqlSemAnalyzer,
PUBLIC,oracle/spatial/rdf/server/SPARQLTreeNode,MDSYS,oracle/spatial/rdf/server/SPARQLTreeNode,
PUBLIC,oracle/spatial/rdf/server/SPARQLTreeOptimizer,MDSYS,oracle/spatial/rdf/server/SPARQLTreeOptimizer,
PUBLIC,oracle/spatial/rdf/server/SPARQLTriplesBlock,MDSYS,oracle/spatial/rdf/server/SPARQLTriplesBlock,
PUBLIC,oracle/spatial/rdf/server/sparqlVPDConstraint,MDSYS,oracle/spatial/rdf/server/sparqlVPDConstraint,
PUBLIC,oracle/spatial/rdf/server/SpatialFilterHandler,MDSYS,oracle/spatial/rdf/server/SpatialFilterHandler,
PUBLIC,oracle/spatial/rdf/server/SpatialFilterHandler$SpatialArgException,MDSYS,oracle/spatial/rdf/server/SpatialFilterHandler$SpatialArgException,
PUBLIC,oracle/spatial/rdf/server/SQLEntryPoints,MDSYS,oracle/spatial/rdf/server/SQLEntryPoints,
PUBLIC,oracle/spatial/rdf/server/SQLGenContext,MDSYS,oracle/spatial/rdf/server/SQLGenContext,
PUBLIC,oracle/spatial/rdf/server/StgTabInsertTTLHandler,MDSYS,oracle/spatial/rdf/server/StgTabInsertTTLHandler,
PUBLIC,oracle/spatial/rdf/server/StringFilterHandler,MDSYS,oracle/spatial/rdf/server/StringFilterHandler,
PUBLIC,oracle/spatial/rdf/server/TemplateSPARQLTreeNode,MDSYS,oracle/spatial/rdf/server/TemplateSPARQLTreeNode,
PUBLIC,oracle/spatial/rdf/server/TermConstructFilterHandler,MDSYS,oracle/spatial/rdf/server/TermConstructFilterHandler,
PUBLIC,oracle/spatial/rdf/server/TextFilterHandler,MDSYS,oracle/spatial/rdf/server/TextFilterHandler,
PUBLIC,oracle/spatial/rdf/server/TPOmap,MDSYS,oracle/spatial/rdf/server/TPOmap,
PUBLIC,oracle/spatial/rdf/server/TranslateEngine,MDSYS,oracle/spatial/rdf/server/TranslateEngine,
PUBLIC,oracle/spatial/rdf/server/TriplesBlock,MDSYS,oracle/spatial/rdf/server/TriplesBlock,
PUBLIC,oracle/spatial/rdf/server/TriplesBlock$Element,MDSYS,oracle/spatial/rdf/server/TriplesBlock$Element,
PUBLIC,oracle/spatial/rdf/server/TriplesBlock$Type,MDSYS,oracle/spatial/rdf/server/TriplesBlock$Type,
PUBLIC,oracle/spatial/rdf/server/TriplesBlock$1,MDSYS,oracle/spatial/rdf/server/TriplesBlock$1,
PUBLIC,oracle/spatial/rdf/server/TurtleExpandOptimizer,MDSYS,oracle/spatial/rdf/server/TurtleExpandOptimizer,
PUBLIC,oracle/spatial/rdf/server/TypeException,MDSYS,oracle/spatial/rdf/server/TypeException,
PUBLIC,oracle/spatial/rdf/server/UnDefVarFilterOptimizer,MDSYS,oracle/spatial/rdf/server/UnDefVarFilterOptimizer,
PUBLIC,oracle/spatial/rdf/server/UnionRewriteOptimizer,MDSYS,oracle/spatial/rdf/server/UnionRewriteOptimizer,
PUBLIC,oracle/spatial/rdf/server/UnionSPARQLTreeNode,MDSYS,oracle/spatial/rdf/server/UnionSPARQLTreeNode,
PUBLIC,oracle/spatial/rdf/server/UpdateEngine,MDSYS,oracle/spatial/rdf/server/UpdateEngine,
PUBLIC,oracle/spatial/rdf/server/UpdateEngine$GraphsInfo,MDSYS,oracle/spatial/rdf/server/UpdateEngine$GraphsInfo,
PUBLIC,oracle/spatial/rdf/server/UpdateEngine$1,MDSYS,oracle/spatial/rdf/server/UpdateEngine$1,
PUBLIC,oracle/spatial/rdf/server/URIset,MDSYS,oracle/spatial/rdf/server/URIset,
PUBLIC,oracle/spatial/rdf/server/UserDefinedAggHandler,MDSYS,oracle/spatial/rdf/server/UserDefinedAggHandler,
PUBLIC,oracle/spatial/rdf/server/UserDefinedFuncHandler,MDSYS,oracle/spatial/rdf/server/UserDefinedFuncHandler,
PUBLIC,oracle/spatial/rdf/server/ValuesRewriteOptimizer,MDSYS,oracle/spatial/rdf/server/ValuesRewriteOptimizer,
PUBLIC,oracle/spatial/rdf/server/ValuesSPARQLTreeNode,MDSYS,oracle/spatial/rdf/server/ValuesSPARQLTreeNode,
PUBLIC,oracle/spatial/rdf/server/VariableSet,MDSYS,oracle/spatial/rdf/server/VariableSet,
PUBLIC,oracle/spatial/rdf/server/XSDConstructFilterHandler,MDSYS,oracle/spatial/rdf/server/XSDConstructFilterHandler,
PUBLIC,oracle/spatial/rdf/util/RDFXMLContentHandler,MDSYS,oracle/spatial/rdf/util/RDFXMLContentHandler,
PUBLIC,oracle/spatial/rdf/util/RDFXMLContentHandler$RDFElement,MDSYS,oracle/spatial/rdf/util/RDFXMLContentHandler$RDFElement,
PUBLIC,oracle/spatial/rdf/util/RDFXMLParseException,MDSYS,oracle/spatial/rdf/util/RDFXMLParseException,
PUBLIC,oracle/spatial/rdf/util/RDFXMLParser,MDSYS,oracle/spatial/rdf/util/RDFXMLParser,
PUBLIC,oracle/spatial/rdf/util/XMLInputStream,MDSYS,oracle/spatial/rdf/util/XMLInputStream,
PUBLIC,oracle/spatial/router/engine/RoutingEngineException,MDSYS,oracle/spatial/router/engine/RoutingEngineException,
PUBLIC,oracle/spatial/router/partitioning/ElocationBorderData,MDSYS,oracle/spatial/router/partitioning/ElocationBorderData,
PUBLIC,oracle/spatial/router/partitioning/ElocationBorderData$BorderEdge,MDSYS,oracle/spatial/router/partitioning/ElocationBorderData$BorderEdge,
PUBLIC,oracle/spatial/router/partitioning/ElocationBorderData$1,MDSYS,oracle/spatial/router/partitioning/ElocationBorderData$1,
PUBLIC,oracle/spatial/router/partitioning/ElocationEdge,MDSYS,oracle/spatial/router/partitioning/ElocationEdge,
PUBLIC,oracle/spatial/router/partitioning/ElocationNode,MDSYS,oracle/spatial/router/partitioning/ElocationNode,
PUBLIC,oracle/spatial/router/partitioning/ElocationPartition,MDSYS,oracle/spatial/router/partitioning/ElocationPartition,
PUBLIC,oracle/spatial/router/partitioning/ElocationPartition$partitionWriter,MDSYS,oracle/spatial/router/partitioning/ElocationPartition$partitionWriter,
PUBLIC,oracle/spatial/router/partitioning/ElocationTimezoneData,MDSYS,oracle/spatial/router/partitioning/ElocationTimezoneData,
PUBLIC,oracle/spatial/router/partitioning/ElocationTruckData,MDSYS,oracle/spatial/router/partitioning/ElocationTruckData,
PUBLIC,oracle/spatial/router/partitioning/ElocationTruckData$TruckRestriction,MDSYS,oracle/spatial/router/partitioning/ElocationTruckData$TruckRestriction,
PUBLIC,oracle/spatial/router/partitioning/ElocationTruckData$1,MDSYS,oracle/spatial/router/partitioning/ElocationTruckData$1,
PUBLIC,oracle/spatial/router/partitioning/ElocationTurnRestrictionData,MDSYS,oracle/spatial/router/partitioning/ElocationTurnRestrictionData,
PUBLIC,oracle/spatial/router/partitioning/ElocationTurnRestrictionData$TurnRestriction,MDSYS,oracle/spatial/router/partitioning/ElocationTurnRestrictionData$TurnRestriction,
PUBLIC,oracle/spatial/router/partitioning/ElocationTurnRestrictionData$TurnRestriction$restrictionAttribute,MDSYS,oracle/spatial/router/partitioning/ElocationTurnRestrictionData$TurnRestriction$restrictionAttribute,
PUBLIC,oracle/spatial/router/partitioning/ElocationTurnRestrictionData$1,MDSYS,oracle/spatial/router/partitioning/ElocationTurnRestrictionData$1,
PUBLIC,oracle/spatial/router/partitioning/GraphTimer,MDSYS,oracle/spatial/router/partitioning/GraphTimer,
PUBLIC,oracle/spatial/router/partitioning/TurnRestriction,MDSYS,oracle/spatial/router/partitioning/TurnRestriction,
PUBLIC,oracle/spatial/router/partitioning/TurnRestriction$outEdge,MDSYS,oracle/spatial/router/partitioning/TurnRestriction$outEdge,
PUBLIC,oracle/spatial/router/util/RouterDataSource,MDSYS,oracle/spatial/router/util/RouterDataSource,
PUBLIC,oracle/spatial/router/util/RouterUtility,MDSYS,oracle/spatial/router/util/RouterUtility,
PUBLIC,oracle/spatial/router/util/RouterVersion,MDSYS,oracle/spatial/router/util/RouterVersion,
PUBLIC,oracle/spatial/security/ChecksumHelper,MDSYS,oracle/spatial/security/ChecksumHelper,
PUBLIC,oracle/spatial/security/ChecksumHelper$CEng,MDSYS,oracle/spatial/security/ChecksumHelper$CEng,
PUBLIC,oracle/spatial/security/OHSH,MDSYS,oracle/spatial/security/OHSH,
PUBLIC,oracle/spatial/security/ORC,MDSYS,oracle/spatial/security/ORC,
PUBLIC,oracle/spatial/security/SecureRandom,MDSYS,oracle/spatial/security/SecureRandom,
PUBLIC,oracle/spatial/security/SeedGenerator,MDSYS,oracle/spatial/security/SeedGenerator,
PUBLIC,oracle/spatial/security/SeedGenerator$invokeSunRnd,MDSYS,oracle/spatial/security/SeedGenerator$invokeSunRnd,
PUBLIC,oracle/spatial/security/SeedGenerator$myPA,MDSYS,oracle/spatial/security/SeedGenerator$myPA,
PUBLIC,oracle/spatial/topo/CompGeom,MDSYS,oracle/spatial/topo/CompGeom,
PUBLIC,oracle/spatial/topo/Edge,MDSYS,oracle/spatial/topo/Edge,
PUBLIC,oracle/spatial/topo/Face,MDSYS,oracle/spatial/topo/Face,
PUBLIC,oracle/spatial/topo/InvalidTopoOperationException,MDSYS,oracle/spatial/topo/InvalidTopoOperationException,
PUBLIC,oracle/spatial/topo/Node,MDSYS,oracle/spatial/topo/Node,
PUBLIC,oracle/spatial/topo/Point2DD,MDSYS,oracle/spatial/topo/Point2DD,
PUBLIC,oracle/spatial/topo/TopoDataException,MDSYS,oracle/spatial/topo/TopoDataException,
PUBLIC,oracle/spatial/topo/TopoEntityNotFoundException,MDSYS,oracle/spatial/topo/TopoEntityNotFoundException,
PUBLIC,oracle/spatial/topo/TopoFrame,MDSYS,oracle/spatial/topo/TopoFrame,
PUBLIC,oracle/spatial/topo/TopoFrame$1,MDSYS,oracle/spatial/topo/TopoFrame$1,
PUBLIC,oracle/spatial/topo/TopoMap,MDSYS,oracle/spatial/topo/TopoMap,
PUBLIC,oracle/spatial/topo/TopoMap$AlongEdgeComparator,MDSYS,oracle/spatial/topo/TopoMap$AlongEdgeComparator,
PUBLIC,oracle/spatial/topo/TopoMap$AlongSegmentComparator,MDSYS,oracle/spatial/topo/TopoMap$AlongSegmentComparator,
PUBLIC,oracle/spatial/topo/TopoMap$EdgeSplit,MDSYS,oracle/spatial/topo/TopoMap$EdgeSplit,
PUBLIC,oracle/spatial/topo/TopoMap$PointStackEntry,MDSYS,oracle/spatial/topo/TopoMap$PointStackEntry,
PUBLIC,oracle/spatial/topo/TopoMap$SmartPoint,MDSYS,oracle/spatial/topo/TopoMap$SmartPoint,
PUBLIC,oracle/spatial/topo/TopoPreprocess,MDSYS,oracle/spatial/topo/TopoPreprocess,
PUBLIC,oracle/spatial/topo/TopoValidationException,MDSYS,oracle/spatial/topo/TopoValidationException,
PUBLIC,oracle/spatial/type/NetworkWrapper,MDSYS,oracle/spatial/type/NetworkWrapper,
PUBLIC,oracle/spatial/type/SdoEdgeArray,MDSYS,oracle/spatial/type/SdoEdgeArray,
PUBLIC,oracle/spatial/type/SdoElemInfoArray,MDSYS,oracle/spatial/type/SdoElemInfoArray,
PUBLIC,oracle/spatial/type/SdoGeometry,MDSYS,oracle/spatial/type/SdoGeometry,
PUBLIC,oracle/spatial/type/SdoNumberArray,MDSYS,oracle/spatial/type/SdoNumberArray,
PUBLIC,oracle/spatial/type/SdoOrdinateArray,MDSYS,oracle/spatial/type/SdoOrdinateArray,
PUBLIC,oracle/spatial/type/SdoPointType,MDSYS,oracle/spatial/type/SdoPointType,
PUBLIC,oracle/spatial/type/SdoTglObject,MDSYS,oracle/spatial/type/SdoTglObject,
PUBLIC,oracle/spatial/type/SdoTglObjectArray,MDSYS,oracle/spatial/type/SdoTglObjectArray,
PUBLIC,oracle/spatial/type/SdoTopoGeometry,MDSYS,oracle/spatial/type/SdoTopoGeometry,
PUBLIC,oracle/spatial/type/SdoTopoObject,MDSYS,oracle/spatial/type/SdoTopoObject,
PUBLIC,oracle/spatial/type/SdoTopoObjectArray,MDSYS,oracle/spatial/type/SdoTopoObjectArray,
PUBLIC,oracle/spatial/type/TopoMapWrapper,MDSYS,oracle/spatial/type/TopoMapWrapper,
PUBLIC,oracle/spatial/util/Adapters,MDSYS,oracle/spatial/util/Adapters,
PUBLIC,oracle/spatial/util/AdapterShapefileJGeom,MDSYS,oracle/spatial/util/AdapterShapefileJGeom,
PUBLIC,oracle/spatial/util/Adapters$Ptclass,MDSYS,oracle/spatial/util/Adapters$Ptclass,
PUBLIC,oracle/spatial/util/ByteOrder,MDSYS,oracle/spatial/util/ByteOrder,
PUBLIC,oracle/spatial/util/ByteOrderBigEndian,MDSYS,oracle/spatial/util/ByteOrderBigEndian,
PUBLIC,oracle/spatial/util/ByteOrderLittleEndian,MDSYS,oracle/spatial/util/ByteOrderLittleEndian,
PUBLIC,oracle/spatial/util/ClipFlatPcIntoTxt,MDSYS,oracle/spatial/util/ClipFlatPcIntoTxt,
PUBLIC,oracle/spatial/util/ClipPcFlatCells,MDSYS,oracle/spatial/util/ClipPcFlatCells,
PUBLIC,oracle/spatial/util/ClipPcIntoTxt,MDSYS,oracle/spatial/util/ClipPcIntoTxt,
PUBLIC,oracle/spatial/util/Contour,MDSYS,oracle/spatial/util/Contour,
PUBLIC,oracle/spatial/util/CoordRefSys,MDSYS,oracle/spatial/util/CoordRefSys,
PUBLIC,oracle/spatial/util/CoordRefSys$GeodeticSrid,MDSYS,oracle/spatial/util/CoordRefSys$GeodeticSrid,
PUBLIC,oracle/spatial/util/CoordRefSys$LambertConformalConicSrid,MDSYS,oracle/spatial/util/CoordRefSys$LambertConformalConicSrid,
PUBLIC,oracle/spatial/util/CoordRefSys$ProjectedSrid,MDSYS,oracle/spatial/util/CoordRefSys$ProjectedSrid,
PUBLIC,oracle/spatial/util/CoordRefSys$Srid,MDSYS,oracle/spatial/util/CoordRefSys$Srid,
PUBLIC,oracle/spatial/util/CoordRefSys$TransverseMercatorSrid,MDSYS,oracle/spatial/util/CoordRefSys$TransverseMercatorSrid,
PUBLIC,oracle/spatial/util/CustomCrsExport,MDSYS,oracle/spatial/util/CustomCrsExport,
PUBLIC,oracle/spatial/util/DBFieldDesc,MDSYS,oracle/spatial/util/DBFieldDesc,
PUBLIC,oracle/spatial/util/DBFileHdr,MDSYS,oracle/spatial/util/DBFileHdr,
PUBLIC,oracle/spatial/util/DBFReaderJGeom,MDSYS,oracle/spatial/util/DBFReaderJGeom,
PUBLIC,oracle/spatial/util/DBFReaderJGeom$CharacterColumn,MDSYS,oracle/spatial/util/DBFReaderJGeom$CharacterColumn,
PUBLIC,oracle/spatial/util/DBFReaderJGeom$DateColumn,MDSYS,oracle/spatial/util/DBFReaderJGeom$DateColumn,
PUBLIC,oracle/spatial/util/DBFReaderJGeom$LogicalColumn,MDSYS,oracle/spatial/util/DBFReaderJGeom$LogicalColumn,
PUBLIC,oracle/spatial/util/DBFReaderJGeom$NumericColumn,MDSYS,oracle/spatial/util/DBFReaderJGeom$NumericColumn,
PUBLIC,oracle/spatial/util/DBFReaderJGeom$RecordColumn,MDSYS,oracle/spatial/util/DBFReaderJGeom$RecordColumn,
PUBLIC,oracle/spatial/util/DBMS,MDSYS,oracle/spatial/util/DBMS,
PUBLIC,oracle/spatial/util/ExtendedKML2,MDSYS,oracle/spatial/util/ExtendedKML2,
PUBLIC,oracle/spatial/util/Generalization3D,MDSYS,oracle/spatial/util/Generalization3D,
PUBLIC,oracle/spatial/util/GeoHash,MDSYS,oracle/spatial/util/GeoHash,
PUBLIC,oracle/spatial/util/GeometryExceptionWithContext,MDSYS,oracle/spatial/util/GeometryExceptionWithContext,
PUBLIC,oracle/spatial/util/GML,MDSYS,oracle/spatial/util/GML,
PUBLIC,oracle/spatial/util/GML2,MDSYS,oracle/spatial/util/GML2,
PUBLIC,oracle/spatial/util/GML3,MDSYS,oracle/spatial/util/GML3,
PUBLIC,oracle/spatial/util/GML3g,MDSYS,oracle/spatial/util/GML3g,
PUBLIC,oracle/spatial/util/GML3$GMLVersion,MDSYS,oracle/spatial/util/GML3$GMLVersion,
PUBLIC,oracle/spatial/util/GML3$1,MDSYS,oracle/spatial/util/GML3$1,
PUBLIC,oracle/spatial/util/GroupingLOD1Generalization,MDSYS,oracle/spatial/util/GroupingLOD1Generalization,
PUBLIC,oracle/spatial/util/Hilbert,MDSYS,oracle/spatial/util/Hilbert,
PUBLIC,oracle/spatial/util/Hilbert$BlockRecord,MDSYS,oracle/spatial/util/Hilbert$BlockRecord,
PUBLIC,oracle/spatial/util/Hilbert$HilbertSelectResultSet,MDSYS,oracle/spatial/util/Hilbert$HilbertSelectResultSet,
PUBLIC,oracle/spatial/util/Hilbert$MBR,MDSYS,oracle/spatial/util/Hilbert$MBR,
PUBLIC,oracle/spatial/util/IndexRecord,MDSYS,oracle/spatial/util/IndexRecord,
PUBLIC,oracle/spatial/util/JDBCAdapter,MDSYS,oracle/spatial/util/JDBCAdapter,
PUBLIC,oracle/spatial/util/JDBCAdapter$DefaultJDBCExtension,MDSYS,oracle/spatial/util/JDBCAdapter$DefaultJDBCExtension,
PUBLIC,oracle/spatial/util/JDBCAdapter$1,MDSYS,oracle/spatial/util/JDBCAdapter$1,
PUBLIC,oracle/spatial/util/JDBCExtensionInterface,MDSYS,oracle/spatial/util/JDBCExtensionInterface,
PUBLIC,oracle/spatial/util/JDBCUtil,MDSYS,oracle/spatial/util/JDBCUtil,
PUBLIC,oracle/spatial/util/KML,MDSYS,oracle/spatial/util/KML,
PUBLIC,oracle/spatial/util/KML2,MDSYS,oracle/spatial/util/KML2,
PUBLIC,oracle/spatial/util/LASImportExport,MDSYS,oracle/spatial/util/LASImportExport,
PUBLIC,oracle/spatial/util/LASImportExport$LasAttribute,MDSYS,oracle/spatial/util/LASImportExport$LasAttribute,
PUBLIC,oracle/spatial/util/LASImportExport$LasHeader,MDSYS,oracle/spatial/util/LASImportExport$LasHeader,
PUBLIC,oracle/spatial/util/LASImportExport$Las10Header,MDSYS,oracle/spatial/util/LASImportExport$Las10Header,
PUBLIC,oracle/spatial/util/LASImportExport$Las12Header,MDSYS,oracle/spatial/util/LASImportExport$Las12Header,
PUBLIC,oracle/spatial/util/LASImportExport$1,MDSYS,oracle/spatial/util/LASImportExport$1,
PUBLIC,oracle/spatial/util/Las2SqlLdr,MDSYS,oracle/spatial/util/Las2SqlLdr,
PUBLIC,oracle/spatial/util/Las2SqlLdrIndep,MDSYS,oracle/spatial/util/Las2SqlLdrIndep,
PUBLIC,oracle/spatial/util/Las2SqlLdr$LasFileStream,MDSYS,oracle/spatial/util/Las2SqlLdr$LasFileStream,
PUBLIC,oracle/spatial/util/Las2SqlLdr$PointData,MDSYS,oracle/spatial/util/Las2SqlLdr$PointData,
PUBLIC,oracle/spatial/util/Las2SqlLdr$PointData$MBR,MDSYS,oracle/spatial/util/Las2SqlLdr$PointData$MBR,
PUBLIC,oracle/spatial/util/Las2SqlLdr$PointData$SinglePoint,MDSYS,oracle/spatial/util/Las2SqlLdr$PointData$SinglePoint,
PUBLIC,oracle/spatial/util/Las2SqlLdr$PointData$1,MDSYS,oracle/spatial/util/Las2SqlLdr$PointData$1,
PUBLIC,oracle/spatial/util/Logger,MDSYS,oracle/spatial/util/Logger,
PUBLIC,oracle/spatial/util/MergeLaszFilesIntoPc,MDSYS,oracle/spatial/util/MergeLaszFilesIntoPc,
PUBLIC,oracle/spatial/util/ObjectStoreGeometryReader,MDSYS,oracle/spatial/util/ObjectStoreGeometryReader,
PUBLIC,oracle/spatial/util/PcBlk2Pnts,MDSYS,oracle/spatial/util/PcBlk2Pnts,
PUBLIC,oracle/spatial/util/PcBlockSortByLrs,MDSYS,oracle/spatial/util/PcBlockSortByLrs,
PUBLIC,oracle/spatial/util/PcBlockSortByLrs$BlockedPoint,MDSYS,oracle/spatial/util/PcBlockSortByLrs$BlockedPoint,
PUBLIC,oracle/spatial/util/PcBlockSortByLrs$SFCInfo,MDSYS,oracle/spatial/util/PcBlockSortByLrs$SFCInfo,
PUBLIC,oracle/spatial/util/PCPyramidFilter,MDSYS,oracle/spatial/util/PCPyramidFilter,
PUBLIC,oracle/spatial/util/PCPyramidFilter$Block,MDSYS,oracle/spatial/util/PCPyramidFilter$Block,
PUBLIC,oracle/spatial/util/PCPyramidFilter$ChildBlocks,MDSYS,oracle/spatial/util/PCPyramidFilter$ChildBlocks,
PUBLIC,oracle/spatial/util/PCPyramidFilter$PointRecord,MDSYS,oracle/spatial/util/PCPyramidFilter$PointRecord,
PUBLIC,oracle/spatial/util/PCPyramidFilter$1,MDSYS,oracle/spatial/util/PCPyramidFilter$1,
PUBLIC,oracle/spatial/util/PcSampleDataSet,MDSYS,oracle/spatial/util/PcSampleDataSet,
PUBLIC,oracle/spatial/util/Pc2Dem,MDSYS,oracle/spatial/util/Pc2Dem,
PUBLIC,oracle/spatial/util/Pc2Las,MDSYS,oracle/spatial/util/Pc2Las,
PUBLIC,oracle/spatial/util/RTree,MDSYS,oracle/spatial/util/RTree,
PUBLIC,oracle/spatial/util/RTree$ComparatorImpl,MDSYS,oracle/spatial/util/RTree$ComparatorImpl,
PUBLIC,oracle/spatial/util/RTree$Int,MDSYS,oracle/spatial/util/RTree$Int,
PUBLIC,oracle/spatial/util/RTreeInterface,MDSYS,oracle/spatial/util/RTreeInterface,
PUBLIC,oracle/spatial/util/RTree$JoinEntry,MDSYS,oracle/spatial/util/RTree$JoinEntry,
PUBLIC,oracle/spatial/util/RTree$JoinEntryCmp,MDSYS,oracle/spatial/util/RTree$JoinEntryCmp,
PUBLIC,oracle/spatial/util/RTreeJoinRes,MDSYS,oracle/spatial/util/RTreeJoinRes,
PUBLIC,oracle/spatial/util/RTree$RTreePlot,MDSYS,oracle/spatial/util/RTree$RTreePlot,
PUBLIC,oracle/spatial/util/RTree$RTreePlot$1,MDSYS,oracle/spatial/util/RTree$RTreePlot$1,
PUBLIC,oracle/spatial/util/RTree$Span,MDSYS,oracle/spatial/util/RTree$Span,
PUBLIC,oracle/spatial/util/RTree$StackEntry,MDSYS,oracle/spatial/util/RTree$StackEntry,
PUBLIC,oracle/spatial/util/RTree$TreeNode,MDSYS,oracle/spatial/util/RTree$TreeNode,
PUBLIC,oracle/spatial/util/SampleShapefileToJGeom,MDSYS,oracle/spatial/util/SampleShapefileToJGeom,
PUBLIC,oracle/spatial/util/SampleShapefileToJGeomFeature,MDSYS,oracle/spatial/util/SampleShapefileToJGeomFeature,
PUBLIC,oracle/spatial/util/SchemaEntityResolver,MDSYS,oracle/spatial/util/SchemaEntityResolver,
PUBLIC,oracle/spatial/util/SDODoubleGeneralPath,MDSYS,oracle/spatial/util/SDODoubleGeneralPath,
PUBLIC,oracle/spatial/util/SDODoubleGeneralPathIterator,MDSYS,oracle/spatial/util/SDODoubleGeneralPathIterator,
PUBLIC,oracle/spatial/util/SdoPointInPolygon,MDSYS,oracle/spatial/util/SdoPointInPolygon,
PUBLIC,oracle/spatial/util/SegY2SqlLdr,MDSYS,oracle/spatial/util/SegY2SqlLdr,
PUBLIC,oracle/spatial/util/SegY2SqlLdr$BinaryFileHeader,MDSYS,oracle/spatial/util/SegY2SqlLdr$BinaryFileHeader,
PUBLIC,oracle/spatial/util/SegY2SqlLdr$DataTraceBody,MDSYS,oracle/spatial/util/SegY2SqlLdr$DataTraceBody,
PUBLIC,oracle/spatial/util/SegY2SqlLdr$DataTraceHeader,MDSYS,oracle/spatial/util/SegY2SqlLdr$DataTraceHeader,
PUBLIC,oracle/spatial/util/SegY2SqlLdr$TextualFileHeader,MDSYS,oracle/spatial/util/SegY2SqlLdr$TextualFileHeader,
PUBLIC,oracle/spatial/util/ShapefileFeatureJGeom,MDSYS,oracle/spatial/util/ShapefileFeatureJGeom,
PUBLIC,oracle/spatial/util/ShapefileHdr,MDSYS,oracle/spatial/util/ShapefileHdr,
PUBLIC,oracle/spatial/util/ShapefileReaderJGeom,MDSYS,oracle/spatial/util/ShapefileReaderJGeom,
PUBLIC,oracle/spatial/util/SqlLdrStreamWrapper,MDSYS,oracle/spatial/util/SqlLdrStreamWrapper,
PUBLIC,oracle/spatial/util/StAXCityGML,MDSYS,oracle/spatial/util/StAXCityGML,
PUBLIC,oracle/spatial/util/StAXGML,MDSYS,oracle/spatial/util/StAXGML,
PUBLIC,oracle/spatial/util/TIN2Contours,MDSYS,oracle/spatial/util/TIN2Contours,
PUBLIC,oracle/spatial/util/TIN2Contours$Contour,MDSYS,oracle/spatial/util/TIN2Contours$Contour,
PUBLIC,oracle/spatial/util/TIN2Contours$Contours,MDSYS,oracle/spatial/util/TIN2Contours$Contours,
PUBLIC,oracle/spatial/util/TIN2Contours$ContoursAtElevation,MDSYS,oracle/spatial/util/TIN2Contours$ContoursAtElevation,
PUBLIC,oracle/spatial/util/Util,MDSYS,oracle/spatial/util/Util,
PUBLIC,oracle/spatial/util/Util$CheckType,MDSYS,oracle/spatial/util/Util$CheckType,
PUBLIC,oracle/spatial/util/Util$1,MDSYS,oracle/spatial/util/Util$1,
PUBLIC,oracle/spatial/util/WKAdapter,MDSYS,oracle/spatial/util/WKAdapter,
PUBLIC,oracle/spatial/util/WKB,MDSYS,oracle/spatial/util/WKB,
PUBLIC,oracle/spatial/util/WKBasis,MDSYS,oracle/spatial/util/WKBasis,
PUBLIC,oracle/spatial/util/WKBasis$VectorOfDouble,MDSYS,oracle/spatial/util/WKBasis$VectorOfDouble,
PUBLIC,oracle/spatial/util/WKBasis$VectorOfInt,MDSYS,oracle/spatial/util/WKBasis$VectorOfInt,
PUBLIC,oracle/spatial/util/WKB$WKBInputStream,MDSYS,oracle/spatial/util/WKB$WKBInputStream,
PUBLIC,oracle/spatial/util/WKInputStream,MDSYS,oracle/spatial/util/WKInputStream,
PUBLIC,oracle/spatial/util/WKT,MDSYS,oracle/spatial/util/WKT,
PUBLIC,oracle/spatial/util/WKT$WKTInputStream,MDSYS,oracle/spatial/util/WKT$WKTInputStream,
PUBLIC,oracle/spatial/util/XMLValidator,MDSYS,oracle/spatial/util/XMLValidator,
PUBLIC,oracle/spatial/util/XMLValidator2,MDSYS,oracle/spatial/util/XMLValidator2,
PUBLIC,oracle/xdb/bean/XMLTypeBean,SYS,oracle/xdb/bean/XMLTypeBean,
PUBLIC,oracle/xdb/BinXMLProcCache,SYS,oracle/xdb/BinXMLProcCache,
PUBLIC,oracle/xdb/BinXMLTestEncDec,SYS,oracle/xdb/BinXMLTestEncDec,
PUBLIC,oracle/xdb/CState,SYS,oracle/xdb/CState,
PUBLIC,oracle/xdb/dom/LibraryReferences,SYS,oracle/xdb/dom/LibraryReferences,
PUBLIC,oracle/xdb/dom/XDBAttribute,SYS,oracle/xdb/dom/XDBAttribute,
PUBLIC,oracle/xdb/dom/XDBBinaryDocument,SYS,oracle/xdb/dom/XDBBinaryDocument,
PUBLIC,oracle/xdb/dom/XDBCData,SYS,oracle/xdb/dom/XDBCData,
PUBLIC,oracle/xdb/dom/XDBCharData,SYS,oracle/xdb/dom/XDBCharData,
PUBLIC,oracle/xdb/dom/XDBComment,SYS,oracle/xdb/dom/XDBComment,
PUBLIC,oracle/xdb/dom/XDBDocFragment,SYS,oracle/xdb/dom/XDBDocFragment,
PUBLIC,oracle/xdb/dom/XDBDocument,SYS,oracle/xdb/dom/XDBDocument,
PUBLIC,oracle/xdb/dom/XDBDocumentType,SYS,oracle/xdb/dom/XDBDocumentType,
PUBLIC,oracle/xdb/dom/XDBDOMException,SYS,oracle/xdb/dom/XDBDOMException,
PUBLIC,oracle/xdb/dom/XDBDomImplementation,SYS,oracle/xdb/dom/XDBDomImplementation,
PUBLIC,oracle/xdb/dom/XDBElement,SYS,oracle/xdb/dom/XDBElement,
PUBLIC,oracle/xdb/dom/XDBEntity,SYS,oracle/xdb/dom/XDBEntity,
PUBLIC,oracle/xdb/dom/XDBEntityReference,SYS,oracle/xdb/dom/XDBEntityReference,
PUBLIC,oracle/xdb/dom/XDBNamedNodeMap,SYS,oracle/xdb/dom/XDBNamedNodeMap,
PUBLIC,oracle/xdb/dom/XDBNode,SYS,oracle/xdb/dom/XDBNode,
PUBLIC,oracle/xdb/dom/XDBNodeList,SYS,oracle/xdb/dom/XDBNodeList,
PUBLIC,oracle/xdb/dom/XDBNotation,SYS,oracle/xdb/dom/XDBNotation,
PUBLIC,oracle/xdb/dom/XDBNotImplementedException,SYS,oracle/xdb/dom/XDBNotImplementedException,
PUBLIC,oracle/xdb/dom/XDBProcInst,SYS,oracle/xdb/dom/XDBProcInst,
PUBLIC,oracle/xdb/dom/XDBText,SYS,oracle/xdb/dom/XDBText,
PUBLIC,oracle/xdb/event/XDBBasicEventListener,SYS,oracle/xdb/event/XDBBasicEventListener,
PUBLIC,oracle/xdb/event/XDBEvent,SYS,oracle/xdb/event/XDBEvent,
PUBLIC,oracle/xdb/event/XDBEventDispatcher,SYS,oracle/xdb/event/XDBEventDispatcher,
PUBLIC,oracle/xdb/event/XDBHandler,SYS,oracle/xdb/event/XDBHandler,
PUBLIC,oracle/xdb/event/XDBHandlerList,SYS,oracle/xdb/event/XDBHandlerList,
PUBLIC,oracle/xdb/event/XDBInvalidOperationException,SYS,oracle/xdb/event/XDBInvalidOperationException,
PUBLIC,oracle/xdb/event/XDBLink,SYS,oracle/xdb/event/XDBLink,
PUBLIC,oracle/xdb/event/XDBLock,SYS,oracle/xdb/event/XDBLock,
PUBLIC,oracle/xdb/event/XDBPath,SYS,oracle/xdb/event/XDBPath,
PUBLIC,oracle/xdb/event/XDBRenderStream,SYS,oracle/xdb/event/XDBRenderStream,
PUBLIC,oracle/xdb/event/XDBRepositoryEvent,SYS,oracle/xdb/event/XDBRepositoryEvent,
PUBLIC,oracle/xdb/event/XDBRepositoryEventListener,SYS,oracle/xdb/event/XDBRepositoryEventListener,
PUBLIC,oracle/xdb/LibraryReferences,SYS,oracle/xdb/LibraryReferences,
PUBLIC,oracle/xdb/RealInputStream,SYS,oracle/xdb/RealInputStream,
PUBLIC,oracle/xdb/servlet/ArrayEnumeration,SYS,oracle/xdb/servlet/ArrayEnumeration,
PUBLIC,oracle/xdb/servlet/XDBCookie,SYS,oracle/xdb/servlet/XDBCookie,
PUBLIC,oracle/xdb/servlet/XDBPrincipal,SYS,oracle/xdb/servlet/XDBPrincipal,
PUBLIC,oracle/xdb/servlet/XDBRequestStream,SYS,oracle/xdb/servlet/XDBRequestStream,
PUBLIC,oracle/xdb/servlet/XDBServletConfig,SYS,oracle/xdb/servlet/XDBServletConfig,
PUBLIC,oracle/xdb/servlet/XDBServletContainer,SYS,oracle/xdb/servlet/XDBServletContainer,
PUBLIC,oracle/xdb/servlet/XDBServletContext,SYS,oracle/xdb/servlet/XDBServletContext,
PUBLIC,oracle/xdb/servlet/XDBServletRequest,SYS,oracle/xdb/servlet/XDBServletRequest,
PUBLIC,oracle/xdb/servlet/XDBServletRequest$ParamNames,SYS,oracle/xdb/servlet/XDBServletRequest$ParamNames,
PUBLIC,oracle/xdb/servlet/XDBServletResponse,SYS,oracle/xdb/servlet/XDBServletResponse,
PUBLIC,oracle/xdb/servlet/XDBServletResponse$XDBServletWriter,SYS,oracle/xdb/servlet/XDBServletResponse$XDBServletWriter,
PUBLIC,oracle/xdb/servlet/XDBStream,SYS,oracle/xdb/servlet/XDBStream,
PUBLIC,oracle/xdb/spi/LibraryReferences,SYS,oracle/xdb/spi/LibraryReferences,
PUBLIC,oracle/xdb/spi/Resource,SYS,oracle/xdb/spi/Resource,
PUBLIC,oracle/xdb/spi/XDBContextFactory,SYS,oracle/xdb/spi/XDBContextFactory,
PUBLIC,oracle/xdb/spi/XDBNameParser,SYS,oracle/xdb/spi/XDBNameParser,
PUBLIC,oracle/xdb/spi/XDBNamingEnumeration,SYS,oracle/xdb/spi/XDBNamingEnumeration,
PUBLIC,oracle/xdb/spi/XDBResource,SYS,oracle/xdb/spi/XDBResource,
PUBLIC,oracle/xdb/spi/XDBResourceContext,SYS,oracle/xdb/spi/XDBResourceContext,
PUBLIC,oracle/xdb/XDBError,SYS,oracle/xdb/XDBError,
PUBLIC,oracle/xdb/XDBOutputStream,SYS,oracle/xdb/XDBOutputStream,
PUBLIC,oracle/xdb/XMLContext,SYS,oracle/xdb/XMLContext,
PUBLIC,oracle/xdb/XMLType,SYS,oracle/xdb/XMLType,
PUBLIC,oracle/xdb/XMLTypeFactory,SYS,oracle/xdb/XMLTypeFactory,
PUBLIC,OracleXML,SYS,OracleXML,
PUBLIC,oracle/xml/async/DOMBuilder,SYS,oracle/xml/async/DOMBuilder,
PUBLIC,oracle/xml/async/DOMBuilderBeanInfo,SYS,oracle/xml/async/DOMBuilderBeanInfo,
PUBLIC,oracle/xml/async/DOMBuilderConstants,SYS,oracle/xml/async/DOMBuilderConstants,
PUBLIC,oracle/xml/async/DOMBuilderErrorEvent,SYS,oracle/xml/async/DOMBuilderErrorEvent,
PUBLIC,oracle/xml/async/DOMBuilderErrorListener,SYS,oracle/xml/async/DOMBuilderErrorListener,
PUBLIC,oracle/xml/async/DOMBuilderEvent,SYS,oracle/xml/async/DOMBuilderEvent,
PUBLIC,oracle/xml/async/DOMBuilderListener,SYS,oracle/xml/async/DOMBuilderListener,
PUBLIC,oracle/xml/async/ResourceManager,SYS,oracle/xml/async/ResourceManager,
PUBLIC,oracle/xml/async/SAXBuilder,SYS,oracle/xml/async/SAXBuilder,
PUBLIC,oracle/xml/async/XSLTransformer,SYS,oracle/xml/async/XSLTransformer,
PUBLIC,oracle/xml/async/XSLTransformerBeanInfo,SYS,oracle/xml/async/XSLTransformerBeanInfo,
PUBLIC,oracle/xml/async/XSLTransformerConstants,SYS,oracle/xml/async/XSLTransformerConstants,
PUBLIC,oracle/xml/async/XSLTransformerErrorEvent,SYS,oracle/xml/async/XSLTransformerErrorEvent,
PUBLIC,oracle/xml/async/XSLTransformerErrorListener,SYS,oracle/xml/async/XSLTransformerErrorListener,
PUBLIC,oracle/xml/async/XSLTransformerEvent,SYS,oracle/xml/async/XSLTransformerEvent,
PUBLIC,oracle/xml/async/XSLTransformerListener,SYS,oracle/xml/async/XSLTransformerListener,
PUBLIC,oracle/xml/binxml/BinXMLConstants,SYS,oracle/xml/binxml/BinXMLConstants,
PUBLIC,oracle/xml/binxml/BinXMLDecoder,SYS,oracle/xml/binxml/BinXMLDecoder,
PUBLIC,oracle/xml/binxml/BinXMLDecodeReader,SYS,oracle/xml/binxml/BinXMLDecodeReader,
PUBLIC,oracle/xml/binxml/BinXMLDecodeReader$BinXMLLocator,SYS,oracle/xml/binxml/BinXMLDecodeReader$BinXMLLocator,
PUBLIC,oracle/xml/binxml/BinXMLDecodeReader$DecodeElem,SYS,oracle/xml/binxml/BinXMLDecodeReader$DecodeElem,
PUBLIC,oracle/xml/binxml/BinXMLDecodeReader$DecodeStream,SYS,oracle/xml/binxml/BinXMLDecodeReader$DecodeStream,
PUBLIC,oracle/xml/binxml/BinXMLDecodeReader$ElemStack,SYS,oracle/xml/binxml/BinXMLDecodeReader$ElemStack,
PUBLIC,oracle/xml/binxml/BinXMLDecodeReader$MarkInfo,SYS,oracle/xml/binxml/BinXMLDecodeReader$MarkInfo,
PUBLIC,oracle/xml/binxml/BinXMLDecodeReader$MutableLong,SYS,oracle/xml/binxml/BinXMLDecodeReader$MutableLong,
PUBLIC,oracle/xml/binxml/BinXMLDecodeReader$PrefixInfo,SYS,oracle/xml/binxml/BinXMLDecodeReader$PrefixInfo,
PUBLIC,oracle/xml/binxml/BinXMLDecoderImpl,SYS,oracle/xml/binxml/BinXMLDecoderImpl,
PUBLIC,oracle/xml/binxml/BinXMLEncoder,SYS,oracle/xml/binxml/BinXMLEncoder,
PUBLIC,oracle/xml/binxml/BinXMLEncoderImpl,SYS,oracle/xml/binxml/BinXMLEncoderImpl,
PUBLIC,oracle/xml/binxml/BinXMLEncoderImpl$BinXMLElement,SYS,oracle/xml/binxml/BinXMLEncoderImpl$BinXMLElement,
PUBLIC,oracle/xml/binxml/BinXMLEncoderImpl$BinXMLEncBuffer,SYS,oracle/xml/binxml/BinXMLEncoderImpl$BinXMLEncBuffer,
PUBLIC,oracle/xml/binxml/BinXMLEncoderImpl$BinXMLPageWriter,SYS,oracle/xml/binxml/BinXMLEncoderImpl$BinXMLPageWriter,
PUBLIC,oracle/xml/binxml/BinXMLEncoderImpl$BinXMLPrefix,SYS,oracle/xml/binxml/BinXMLEncoderImpl$BinXMLPrefix,
PUBLIC,oracle/xml/binxml/BinXMLEncoderImpl$BinXMLSectionState,SYS,oracle/xml/binxml/BinXMLEncoderImpl$BinXMLSectionState,
PUBLIC,oracle/xml/binxml/BinXMLEncoderImpl$myLong,SYS,oracle/xml/binxml/BinXMLEncoderImpl$myLong,
PUBLIC,oracle/xml/binxml/BinXMLEncoderImpl$1,SYS,oracle/xml/binxml/BinXMLEncoderImpl$1,
PUBLIC,oracle/xml/binxml/BinXMLException,SYS,oracle/xml/binxml/BinXMLException,
PUBLIC,oracle/xml/binxml/BinXMLFormat,SYS,oracle/xml/binxml/BinXMLFormat,
PUBLIC,oracle/xml/binxml/BinXMLInfosetReader,SYS,oracle/xml/binxml/BinXMLInfosetReader,
PUBLIC,oracle/xml/binxml/BinXMLInfosetReader$Locator,SYS,oracle/xml/binxml/BinXMLInfosetReader$Locator,
PUBLIC,oracle/xml/binxml/BinXMLInfosetReader$LocatorArray,SYS,oracle/xml/binxml/BinXMLInfosetReader$LocatorArray,
PUBLIC,oracle/xml/binxml/BinXMLInfosetReader$LocatorArraySchema,SYS,oracle/xml/binxml/BinXMLInfosetReader$LocatorArraySchema,
PUBLIC,oracle/xml/binxml/BinXMLInfosetReader$LocatorSchema,SYS,oracle/xml/binxml/BinXMLInfosetReader$LocatorSchema,
PUBLIC,oracle/xml/binxml/BinXMLInfosetWriter,SYS,oracle/xml/binxml/BinXMLInfosetWriter,
PUBLIC,oracle/xml/binxml/BinXMLJDBCUtil,SYS,oracle/xml/binxml/BinXMLJDBCUtil,
PUBLIC,oracle/xml/binxml/BinXMLJDBCUtil4Oracle,SYS,oracle/xml/binxml/BinXMLJDBCUtil4Oracle,
PUBLIC,oracle/xml/binxml/BinXMLMetadataProvider,SYS,oracle/xml/binxml/BinXMLMetadataProvider,
PUBLIC,oracle/xml/binxml/BinXMLMetadataProviderFactory,SYS,oracle/xml/binxml/BinXMLMetadataProviderFactory,
PUBLIC,oracle/xml/binxml/BinXMLNamespaceToken,SYS,oracle/xml/binxml/BinXMLNamespaceToken,
PUBLIC,oracle/xml/binxml/BinXMLOpcode,SYS,oracle/xml/binxml/BinXMLOpcode,
PUBLIC,oracle/xml/binxml/BinXMLPageOffset,SYS,oracle/xml/binxml/BinXMLPageOffset,
PUBLIC,oracle/xml/binxml/BinXMLProcessor,SYS,oracle/xml/binxml/BinXMLProcessor,
PUBLIC,oracle/xml/binxml/BinXMLProcessorFactory,SYS,oracle/xml/binxml/BinXMLProcessorFactory,
PUBLIC,oracle/xml/binxml/BinXMLProcessorImpl,SYS,oracle/xml/binxml/BinXMLProcessorImpl,
PUBLIC,oracle/xml/binxml/BinXMLProperty,SYS,oracle/xml/binxml/BinXMLProperty,
PUBLIC,oracle/xml/binxml/BinXMLQNameToken,SYS,oracle/xml/binxml/BinXMLQNameToken,
PUBLIC,oracle/xml/binxml/BinXMLSchema,SYS,oracle/xml/binxml/BinXMLSchema,
PUBLIC,oracle/xml/binxml/BinXMLSchemaAnnotationBuilder,SYS,oracle/xml/binxml/BinXMLSchemaAnnotationBuilder,
PUBLIC,oracle/xml/binxml/BinXMLSchemaAnnotationBuilder$BXProperty,SYS,oracle/xml/binxml/BinXMLSchemaAnnotationBuilder$BXProperty,
PUBLIC,oracle/xml/binxml/BinXMLSchemaAnnotator,SYS,oracle/xml/binxml/BinXMLSchemaAnnotator,
PUBLIC,oracle/xml/binxml/BinXMLSchemaResolver,SYS,oracle/xml/binxml/BinXMLSchemaResolver,
PUBLIC,oracle/xml/binxml/BinXMLSchLocTag,SYS,oracle/xml/binxml/BinXMLSchLocTag,
PUBLIC,oracle/xml/binxml/BinXMLSerializer,SYS,oracle/xml/binxml/BinXMLSerializer,
PUBLIC,oracle/xml/binxml/BinXMLSerializer$DecodeThread,SYS,oracle/xml/binxml/BinXMLSerializer$DecodeThread,
PUBLIC,oracle/xml/binxml/BinXMLStream,SYS,oracle/xml/binxml/BinXMLStream,
PUBLIC,oracle/xml/binxml/BinXMLStreamImpl,SYS,oracle/xml/binxml/BinXMLStreamImpl,
PUBLIC,oracle/xml/binxml/BinXMLToken,SYS,oracle/xml/binxml/BinXMLToken,
PUBLIC,oracle/xml/binxml/BinXMLTokenList,SYS,oracle/xml/binxml/BinXMLTokenList,
PUBLIC,oracle/xml/binxml/BinXMLTokenManager,SYS,oracle/xml/binxml/BinXMLTokenManager,
PUBLIC,oracle/xml/binxml/BinXMLUtil,SYS,oracle/xml/binxml/BinXMLUtil,
PUBLIC,oracle/xml/binxml/BinXMLVocabId,SYS,oracle/xml/binxml/BinXMLVocabId,
PUBLIC,oracle/xml/binxml/BinXMLVocabularyManager,SYS,oracle/xml/binxml/BinXMLVocabularyManager,
PUBLIC,oracle/xml/binxml/BinXMLXDBSchemaEntityResolver,SYS,oracle/xml/binxml/BinXMLXDBSchemaEntityResolver,
PUBLIC,oracle/xml/binxml/DBBinXMLMetadataProvider,SYS,oracle/xml/binxml/DBBinXMLMetadataProvider,
PUBLIC,oracle/xml/binxml/DBBinXMLMetadataProviderImpl,SYS,oracle/xml/binxml/DBBinXMLMetadataProviderImpl,
PUBLIC,oracle/xml/common/format/DateTimeFormatter,SYS,oracle/xml/common/format/DateTimeFormatter,
PUBLIC,oracle/xml/common/format/DateTimeFormatter$PictureParseString,SYS,oracle/xml/common/format/DateTimeFormatter$PictureParseString,
PUBLIC,oracle/xml/common/format/DecimalFormatProperties,SYS,oracle/xml/common/format/DecimalFormatProperties,
PUBLIC,oracle/xml/common/format/IntegerFormatter,SYS,oracle/xml/common/format/IntegerFormatter,
PUBLIC,oracle/xml/common/format/NumberFormatter,SYS,oracle/xml/common/format/NumberFormatter,
PUBLIC,oracle/xml/common/format/Picture,SYS,oracle/xml/common/format/Picture,
PUBLIC,oracle/xml/common/format/SubPicture,SYS,oracle/xml/common/format/SubPicture,
PUBLIC,oracle/xml/common/regex/xerces/BMPattern,SYS,oracle/xml/common/regex/xerces/BMPattern,
PUBLIC,oracle/xml/common/regex/xerces/CaseInsensitiveMap,SYS,oracle/xml/common/regex/xerces/CaseInsensitiveMap,
PUBLIC,oracle/xml/common/regex/xerces/GenericEngine,SYS,oracle/xml/common/regex/xerces/GenericEngine,
PUBLIC,oracle/xml/common/regex/xerces/GenericEngine$ReplacementSegment,SYS,oracle/xml/common/regex/xerces/GenericEngine$ReplacementSegment,
PUBLIC,oracle/xml/common/regex/xerces/GenericEngine$Segment,SYS,oracle/xml/common/regex/xerces/GenericEngine$Segment,
PUBLIC,oracle/xml/common/regex/xerces/GenericEngine$TextSegment,SYS,oracle/xml/common/regex/xerces/GenericEngine$TextSegment,
PUBLIC,oracle/xml/common/regex/xerces/GenericEngine$1,SYS,oracle/xml/common/regex/xerces/GenericEngine$1,
PUBLIC,oracle/xml/common/regex/xerces/IntStack,SYS,oracle/xml/common/regex/xerces/IntStack,
PUBLIC,oracle/xml/common/regex/xerces/Match,SYS,oracle/xml/common/regex/xerces/Match,
PUBLIC,oracle/xml/common/regex/xerces/Op,SYS,oracle/xml/common/regex/xerces/Op,
PUBLIC,oracle/xml/common/regex/xerces/Op$CharOp,SYS,oracle/xml/common/regex/xerces/Op$CharOp,
PUBLIC,oracle/xml/common/regex/xerces/Op$ChildOp,SYS,oracle/xml/common/regex/xerces/Op$ChildOp,
PUBLIC,oracle/xml/common/regex/xerces/Op$ConditionOp,SYS,oracle/xml/common/regex/xerces/Op$ConditionOp,
PUBLIC,oracle/xml/common/regex/xerces/Op$ModifierOp,SYS,oracle/xml/common/regex/xerces/Op$ModifierOp,
PUBLIC,oracle/xml/common/regex/xerces/Op$RangeOp,SYS,oracle/xml/common/regex/xerces/Op$RangeOp,
PUBLIC,oracle/xml/common/regex/xerces/Op$StringOp,SYS,oracle/xml/common/regex/xerces/Op$StringOp,
PUBLIC,oracle/xml/common/regex/xerces/Op$UnionOp,SYS,oracle/xml/common/regex/xerces/Op$UnionOp,
PUBLIC,oracle/xml/common/regex/xerces/ParseException,SYS,oracle/xml/common/regex/xerces/ParseException,
PUBLIC,oracle/xml/common/regex/xerces/ParserForXMLSchema,SYS,oracle/xml/common/regex/xerces/ParserForXMLSchema,
PUBLIC,oracle/xml/common/regex/xerces/RangeToken,SYS,oracle/xml/common/regex/xerces/RangeToken,
PUBLIC,oracle/xml/common/regex/xerces/RegexParser,SYS,oracle/xml/common/regex/xerces/RegexParser,
PUBLIC,oracle/xml/common/regex/xerces/RegexParser$ReferencePosition,SYS,oracle/xml/common/regex/xerces/RegexParser$ReferencePosition,
PUBLIC,oracle/xml/common/regex/xerces/RegularExpression,SYS,oracle/xml/common/regex/xerces/RegularExpression,
PUBLIC,oracle/xml/common/regex/xerces/RegularExpression$CharacterIteratorTarget,SYS,oracle/xml/common/regex/xerces/RegularExpression$CharacterIteratorTarget,
PUBLIC,oracle/xml/common/regex/xerces/RegularExpression$CharArrayTarget,SYS,oracle/xml/common/regex/xerces/RegularExpression$CharArrayTarget,
PUBLIC,oracle/xml/common/regex/xerces/RegularExpression$ClosureContext,SYS,oracle/xml/common/regex/xerces/RegularExpression$ClosureContext,
PUBLIC,oracle/xml/common/regex/xerces/RegularExpression$Context,SYS,oracle/xml/common/regex/xerces/RegularExpression$Context,
PUBLIC,oracle/xml/common/regex/xerces/RegularExpression$ExpressionTarget,SYS,oracle/xml/common/regex/xerces/RegularExpression$ExpressionTarget,
PUBLIC,oracle/xml/common/regex/xerces/RegularExpression$StringTarget,SYS,oracle/xml/common/regex/xerces/RegularExpression$StringTarget,
PUBLIC,oracle/xml/common/regex/xerces/ReMatch,SYS,oracle/xml/common/regex/xerces/ReMatch,
PUBLIC,oracle/xml/common/regex/xerces/REUtil,SYS,oracle/xml/common/regex/xerces/REUtil,
PUBLIC,oracle/xml/common/regex/xerces/Token,SYS,oracle/xml/common/regex/xerces/Token,
PUBLIC,oracle/xml/common/regex/xerces/Token$CharToken,SYS,oracle/xml/common/regex/xerces/Token$CharToken,
PUBLIC,oracle/xml/common/regex/xerces/Token$ClosureToken,SYS,oracle/xml/common/regex/xerces/Token$ClosureToken,
PUBLIC,oracle/xml/common/regex/xerces/Token$ConcatToken,SYS,oracle/xml/common/regex/xerces/Token$ConcatToken,
PUBLIC,oracle/xml/common/regex/xerces/Token$ConditionToken,SYS,oracle/xml/common/regex/xerces/Token$ConditionToken,
PUBLIC,oracle/xml/common/regex/xerces/Token$FixedStringContainer,SYS,oracle/xml/common/regex/xerces/Token$FixedStringContainer,
PUBLIC,oracle/xml/common/regex/xerces/Token$ModifierToken,SYS,oracle/xml/common/regex/xerces/Token$ModifierToken,
PUBLIC,oracle/xml/common/regex/xerces/Token$ParenToken,SYS,oracle/xml/common/regex/xerces/Token$ParenToken,
PUBLIC,oracle/xml/common/regex/xerces/Token$StringToken,SYS,oracle/xml/common/regex/xerces/Token$StringToken,
PUBLIC,oracle/xml/common/regex/xerces/Token$UnionToken,SYS,oracle/xml/common/regex/xerces/Token$UnionToken,
PUBLIC,oracle/xml/comp/CXMLCodeSpace,SYS,oracle/xml/comp/CXMLCodeSpace,
PUBLIC,oracle/xml/comp/CXMLConstants,SYS,oracle/xml/comp/CXMLConstants,
PUBLIC,oracle/xml/comp/CXMLContext,SYS,oracle/xml/comp/CXMLContext,
PUBLIC,oracle/xml/comp/CXMLHandlerBase,SYS,oracle/xml/comp/CXMLHandlerBase,
PUBLIC,oracle/xml/comp/CXMLParser,SYS,oracle/xml/comp/CXMLParser,
PUBLIC,oracle/xml/comp/CXMLReader,SYS,oracle/xml/comp/CXMLReader,
PUBLIC,oracle/xml/comp/CXMLReader$Offset,SYS,oracle/xml/comp/CXMLReader$Offset,
PUBLIC,oracle/xml/comp/CXMLReader$TypeInfo,SYS,oracle/xml/comp/CXMLReader$TypeInfo,
PUBLIC,oracle/xml/comp/CXMLStream,SYS,oracle/xml/comp/CXMLStream,
PUBLIC,oracle/xml/comp/CXMLWriter,SYS,oracle/xml/comp/CXMLWriter,
PUBLIC,oracle/xml/fdom/FDOMDocumentBuilder,SYS,oracle/xml/fdom/FDOMDocumentBuilder,
PUBLIC,oracle/xml/fdom/FDOMInfosetReader,SYS,oracle/xml/fdom/FDOMInfosetReader,
PUBLIC,oracle/xml/fdom/GenericInfosetReader,SYS,oracle/xml/fdom/GenericInfosetReader,
PUBLIC,oracle/xml/fisupport/FIInfosetReader,SYS,oracle/xml/fisupport/FIInfosetReader,
PUBLIC,oracle/xml/fisupport/FIInfosetReader$FIInputStream,SYS,oracle/xml/fisupport/FIInfosetReader$FIInputStream,
PUBLIC,oracle/xml/fisupport/FIInfosetReader$FIOffset,SYS,oracle/xml/fisupport/FIInfosetReader$FIOffset,
PUBLIC,oracle/xml/fisupport/FIInfosetReader$NamespaceContextImpl,SYS,oracle/xml/fisupport/FIInfosetReader$NamespaceContextImpl,
PUBLIC,oracle/xml/fisupport/FIStream,SYS,oracle/xml/fisupport/FIStream,
PUBLIC,oracle/xml/jaxp/JXDocumentBuilder,SYS,oracle/xml/jaxp/JXDocumentBuilder,
PUBLIC,oracle/xml/jaxp/JXDocumentBuilderFactory,SYS,oracle/xml/jaxp/JXDocumentBuilderFactory,
PUBLIC,oracle/xml/jaxp/JXEntityResolver,SYS,oracle/xml/jaxp/JXEntityResolver,
PUBLIC,oracle/xml/jaxp/JXSAXData,SYS,oracle/xml/jaxp/JXSAXData,
PUBLIC,oracle/xml/jaxp/JXSAXParser,SYS,oracle/xml/jaxp/JXSAXParser,
PUBLIC,oracle/xml/jaxp/JXSAXParserFactory,SYS,oracle/xml/jaxp/JXSAXParserFactory,
PUBLIC,oracle/xml/jaxp/JXSAXTransformerFactory,SYS,oracle/xml/jaxp/JXSAXTransformerFactory,
PUBLIC,oracle/xml/jaxp/JXSAXTransformerFactory$1,SYS,oracle/xml/jaxp/JXSAXTransformerFactory$1,
PUBLIC,oracle/xml/jaxp/JXTransformer,SYS,oracle/xml/jaxp/JXTransformer,
PUBLIC,oracle/xml/jaxp/JXTransformerHandler,SYS,oracle/xml/jaxp/JXTransformerHandler,
PUBLIC,oracle/xml/jaxp/JXTransformer$1,SYS,oracle/xml/jaxp/JXTransformer$1,
PUBLIC,oracle/xml/jaxp/JXTransformer$2,SYS,oracle/xml/jaxp/JXTransformer$2,
PUBLIC,oracle/xml/jaxp/JXUtil,SYS,oracle/xml/jaxp/JXUtil,
PUBLIC,oracle/xml/jaxp/JXXMLFilter,SYS,oracle/xml/jaxp/JXXMLFilter,
PUBLIC,oracle/xml/jdwp/Field,SYS,oracle/xml/jdwp/Field,
PUBLIC,oracle/xml/jdwp/LineTable,SYS,oracle/xml/jdwp/LineTable,
PUBLIC,oracle/xml/jdwp/VariableTable,SYS,oracle/xml/jdwp/VariableTable,
PUBLIC,oracle/xml/jdwp/XSLDebugProp,SYS,oracle/xml/jdwp/XSLDebugProp,
PUBLIC,oracle/xml/jdwp/XSLDebugProp$1,SYS,oracle/xml/jdwp/XSLDebugProp$1,
PUBLIC,oracle/xml/jdwp/XSLJDWPArrayReference,SYS,oracle/xml/jdwp/XSLJDWPArrayReference,
PUBLIC,oracle/xml/jdwp/XSLJDWPBreakpointEvent,SYS,oracle/xml/jdwp/XSLJDWPBreakpointEvent,
PUBLIC,oracle/xml/jdwp/XSLJDWPClassMatchEventRequest,SYS,oracle/xml/jdwp/XSLJDWPClassMatchEventRequest,
PUBLIC,oracle/xml/jdwp/XSLJDWPClassPrepareEvent,SYS,oracle/xml/jdwp/XSLJDWPClassPrepareEvent,
PUBLIC,oracle/xml/jdwp/XSLJDWPClassType,SYS,oracle/xml/jdwp/XSLJDWPClassType,
PUBLIC,oracle/xml/jdwp/XSLJDWPCommandSet,SYS,oracle/xml/jdwp/XSLJDWPCommandSet,
PUBLIC,oracle/xml/jdwp/XSLJDWPConstants,SYS,oracle/xml/jdwp/XSLJDWPConstants,
PUBLIC,oracle/xml/jdwp/XSLJDWPDebugger,SYS,oracle/xml/jdwp/XSLJDWPDebugger,
PUBLIC,oracle/xml/jdwp/XSLJDWPError,SYS,oracle/xml/jdwp/XSLJDWPError,
PUBLIC,oracle/xml/jdwp/XSLJDWPEvent,SYS,oracle/xml/jdwp/XSLJDWPEvent,
PUBLIC,oracle/xml/jdwp/XSLJDWPEventManager,SYS,oracle/xml/jdwp/XSLJDWPEventManager,
PUBLIC,oracle/xml/jdwp/XSLJDWPEventRequest,SYS,oracle/xml/jdwp/XSLJDWPEventRequest,
PUBLIC,oracle/xml/jdwp/XSLJDWPEventRequestGroup,SYS,oracle/xml/jdwp/XSLJDWPEventRequestGroup,
PUBLIC,oracle/xml/jdwp/XSLJDWPEventRequestManager,SYS,oracle/xml/jdwp/XSLJDWPEventRequestManager,
PUBLIC,oracle/xml/jdwp/XSLJDWPEvents,SYS,oracle/xml/jdwp/XSLJDWPEvents,
PUBLIC,oracle/xml/jdwp/XSLJDWPEventValue,SYS,oracle/xml/jdwp/XSLJDWPEventValue,
PUBLIC,oracle/xml/jdwp/XSLJDWPEventValue4ContextNode,SYS,oracle/xml/jdwp/XSLJDWPEventValue4ContextNode,
PUBLIC,oracle/xml/jdwp/XSLJDWPException,SYS,oracle/xml/jdwp/XSLJDWPException,
PUBLIC,oracle/xml/jdwp/XSLJDWPExceptionEvent,SYS,oracle/xml/jdwp/XSLJDWPExceptionEvent,
PUBLIC,oracle/xml/jdwp/XSLJDWPFieldAccessEvent,SYS,oracle/xml/jdwp/XSLJDWPFieldAccessEvent,
PUBLIC,oracle/xml/jdwp/XSLJDWPFieldModificationEvent,SYS,oracle/xml/jdwp/XSLJDWPFieldModificationEvent,
PUBLIC,oracle/xml/jdwp/XSLJDWPFieldOnlyEventRequest,SYS,oracle/xml/jdwp/XSLJDWPFieldOnlyEventRequest,
PUBLIC,oracle/xml/jdwp/XSLJDWPLocation,SYS,oracle/xml/jdwp/XSLJDWPLocation,
PUBLIC,oracle/xml/jdwp/XSLJDWPLocationOnlyEventRequest,SYS,oracle/xml/jdwp/XSLJDWPLocationOnlyEventRequest,
PUBLIC,oracle/xml/jdwp/XSLJDWPMethod,SYS,oracle/xml/jdwp/XSLJDWPMethod,
PUBLIC,oracle/xml/jdwp/XSLJDWPMethodEntryEvent,SYS,oracle/xml/jdwp/XSLJDWPMethodEntryEvent,
PUBLIC,oracle/xml/jdwp/XSLJDWPMethodExitEvent,SYS,oracle/xml/jdwp/XSLJDWPMethodExitEvent,
PUBLIC,oracle/xml/jdwp/XSLJDWPNode,SYS,oracle/xml/jdwp/XSLJDWPNode,
PUBLIC,oracle/xml/jdwp/XSLJDWPObjectReference,SYS,oracle/xml/jdwp/XSLJDWPObjectReference,
PUBLIC,oracle/xml/jdwp/XSLJDWPOutQueue,SYS,oracle/xml/jdwp/XSLJDWPOutQueue,
PUBLIC,oracle/xml/jdwp/XSLJDWPPacket,SYS,oracle/xml/jdwp/XSLJDWPPacket,
PUBLIC,oracle/xml/jdwp/XSLJDWPPacketStream,SYS,oracle/xml/jdwp/XSLJDWPPacketStream,
PUBLIC,oracle/xml/jdwp/XSLJDWPPacketValue,SYS,oracle/xml/jdwp/XSLJDWPPacketValue,
PUBLIC,oracle/xml/jdwp/XSLJDWPReferenceType,SYS,oracle/xml/jdwp/XSLJDWPReferenceType,
PUBLIC,oracle/xml/jdwp/XSLJDWPSingleStepEvent,SYS,oracle/xml/jdwp/XSLJDWPSingleStepEvent,
PUBLIC,oracle/xml/jdwp/XSLJDWPSocketConn,SYS,oracle/xml/jdwp/XSLJDWPSocketConn,
PUBLIC,oracle/xml/jdwp/XSLJDWPSockReader,SYS,oracle/xml/jdwp/XSLJDWPSockReader,
PUBLIC,oracle/xml/jdwp/XSLJDWPSockWriter,SYS,oracle/xml/jdwp/XSLJDWPSockWriter,
PUBLIC,oracle/xml/jdwp/XSLJDWPStackFrame,SYS,oracle/xml/jdwp/XSLJDWPStackFrame,
PUBLIC,oracle/xml/jdwp/XSLJDWPStepEventRequest,SYS,oracle/xml/jdwp/XSLJDWPStepEventRequest,
PUBLIC,oracle/xml/jdwp/XSLJDWPString,SYS,oracle/xml/jdwp/XSLJDWPString,
PUBLIC,oracle/xml/jdwp/XSLJDWPStringReference,SYS,oracle/xml/jdwp/XSLJDWPStringReference,
PUBLIC,oracle/xml/jdwp/XSLJDWPThreadDeathEvent,SYS,oracle/xml/jdwp/XSLJDWPThreadDeathEvent,
PUBLIC,oracle/xml/jdwp/XSLJDWPThreadGroupReference,SYS,oracle/xml/jdwp/XSLJDWPThreadGroupReference,
PUBLIC,oracle/xml/jdwp/XSLJDWPThreadReference,SYS,oracle/xml/jdwp/XSLJDWPThreadReference,
PUBLIC,oracle/xml/jdwp/XSLJDWPThreadStartEvent,SYS,oracle/xml/jdwp/XSLJDWPThreadStartEvent,
PUBLIC,oracle/xml/jdwp/XSLJDWPUtil,SYS,oracle/xml/jdwp/XSLJDWPUtil,
PUBLIC,oracle/xml/jdwp/XSLJDWPVirtualMachine,SYS,oracle/xml/jdwp/XSLJDWPVirtualMachine,
PUBLIC,oracle/xml/jdwp/XSLJDWPVMDeathEvent,SYS,oracle/xml/jdwp/XSLJDWPVMDeathEvent,
PUBLIC,oracle/xml/jdwp/XSLJDWPVMStartEvent,SYS,oracle/xml/jdwp/XSLJDWPVMStartEvent,
PUBLIC,oracle/xml/mesg/XMLResourceBundle,SYS,oracle/xml/mesg/XMLResourceBundle,
PUBLIC,oracle/xml/parser/schema/JXSchema,SYS,oracle/xml/parser/schema/JXSchema,
PUBLIC,oracle/xml/parser/schema/JXSchemaFactory,SYS,oracle/xml/parser/schema/JXSchemaFactory,
PUBLIC,oracle/xml/parser/schema/JXSchemaFactoryLoader,SYS,oracle/xml/parser/schema/JXSchemaFactoryLoader,
PUBLIC,oracle/xml/parser/schema/JXTypeInfoProvider,SYS,oracle/xml/parser/schema/JXTypeInfoProvider,
PUBLIC,oracle/xml/parser/schema/JXValidator,SYS,oracle/xml/parser/schema/JXValidator,
PUBLIC,oracle/xml/parser/schema/JXValidatorHandler,SYS,oracle/xml/parser/schema/JXValidatorHandler,
PUBLIC,oracle/xml/parser/schema/SchemaResolver,SYS,oracle/xml/parser/schema/SchemaResolver,
PUBLIC,oracle/xml/parser/schema/XMLSchema,SYS,oracle/xml/parser/schema/XMLSchema,
PUBLIC,oracle/xml/parser/schema/XMLSchemaNode,SYS,oracle/xml/parser/schema/XMLSchemaNode,
PUBLIC,oracle/xml/parser/schema/XSDAnalyzerContext,SYS,oracle/xml/parser/schema/XSDAnalyzerContext,
PUBLIC,oracle/xml/parser/schema/XSDAnnotation,SYS,oracle/xml/parser/schema/XSDAnnotation,
PUBLIC,oracle/xml/parser/schema/XSDAny,SYS,oracle/xml/parser/schema/XSDAny,
PUBLIC,oracle/xml/parser/schema/XSDAttrGroup,SYS,oracle/xml/parser/schema/XSDAttrGroup,
PUBLIC,oracle/xml/parser/schema/XSDAttribute,SYS,oracle/xml/parser/schema/XSDAttribute,
PUBLIC,oracle/xml/parser/schema/XSDBuilder,SYS,oracle/xml/parser/schema/XSDBuilder,
PUBLIC,oracle/xml/parser/schema/XSDBuilder$1,SYS,oracle/xml/parser/schema/XSDBuilder$1,
PUBLIC,oracle/xml/parser/schema/XSDCatClass,SYS,oracle/xml/parser/schema/XSDCatClass,
PUBLIC,oracle/xml/parser/schema/XSDCharClass,SYS,oracle/xml/parser/schema/XSDCharClass,
PUBLIC,oracle/xml/parser/schema/XSDComplexType,SYS,oracle/xml/parser/schema/XSDComplexType,
PUBLIC,oracle/xml/parser/schema/XSDComponent,SYS,oracle/xml/parser/schema/XSDComponent,
PUBLIC,oracle/xml/parser/schema/XSDConstants,SYS,oracle/xml/parser/schema/XSDConstants,
PUBLIC,oracle/xml/parser/schema/XSDConstantValues,SYS,oracle/xml/parser/schema/XSDConstantValues,
PUBLIC,oracle/xml/parser/schema/XSDConstrainingFacet,SYS,oracle/xml/parser/schema/XSDConstrainingFacet,
PUBLIC,oracle/xml/parser/schema/XSDDataValue,SYS,oracle/xml/parser/schema/XSDDataValue,
PUBLIC,oracle/xml/parser/schema/XSDElement,SYS,oracle/xml/parser/schema/XSDElement,
PUBLIC,oracle/xml/parser/schema/XSDEscClass,SYS,oracle/xml/parser/schema/XSDEscClass,
PUBLIC,oracle/xml/parser/schema/XSDException,SYS,oracle/xml/parser/schema/XSDException,
PUBLIC,oracle/xml/parser/schema/XSDGroup,SYS,oracle/xml/parser/schema/XSDGroup,
PUBLIC,oracle/xml/parser/schema/XSDIdConstraintTable,SYS,oracle/xml/parser/schema/XSDIdConstraintTable,
PUBLIC,oracle/xml/parser/schema/XSDIdConstraintTable$NodeTable,SYS,oracle/xml/parser/schema/XSDIdConstraintTable$NodeTable,
PUBLIC,oracle/xml/parser/schema/XSDIdentity,SYS,oracle/xml/parser/schema/XSDIdentity,
PUBLIC,oracle/xml/parser/schema/XSDInputSource,SYS,oracle/xml/parser/schema/XSDInputSource,
PUBLIC,oracle/xml/parser/schema/XSDNamespaceContext,SYS,oracle/xml/parser/schema/XSDNamespaceContext,
PUBLIC,oracle/xml/parser/schema/XSDNegClass,SYS,oracle/xml/parser/schema/XSDNegClass,
PUBLIC,oracle/xml/parser/schema/XSDNode,SYS,oracle/xml/parser/schema/XSDNode,
PUBLIC,oracle/xml/parser/schema/XSDNotation,SYS,oracle/xml/parser/schema/XSDNotation,
PUBLIC,oracle/xml/parser/schema/XSDParser,SYS,oracle/xml/parser/schema/XSDParser,
PUBLIC,oracle/xml/parser/schema/XSDParticleNode,SYS,oracle/xml/parser/schema/XSDParticleNode,
PUBLIC,oracle/xml/parser/schema/XSDPatternImpl,SYS,oracle/xml/parser/schema/XSDPatternImpl,
PUBLIC,oracle/xml/parser/schema/XSDRangeClass,SYS,oracle/xml/parser/schema/XSDRangeClass,
PUBLIC,oracle/xml/parser/schema/XSDRegexCompiler,SYS,oracle/xml/parser/schema/XSDRegexCompiler,
PUBLIC,oracle/xml/parser/schema/XSDRegexProgram,SYS,oracle/xml/parser/schema/XSDRegexProgram,
PUBLIC,oracle/xml/parser/schema/XSDRegexVM,SYS,oracle/xml/parser/schema/XSDRegexVM,
PUBLIC,oracle/xml/parser/schema/XSDSchemaDefaults,SYS,oracle/xml/parser/schema/XSDSchemaDefaults,
PUBLIC,oracle/xml/parser/schema/XSDSimpleType,SYS,oracle/xml/parser/schema/XSDSimpleType,
PUBLIC,oracle/xml/parser/schema/XSDSubtractionClass,SYS,oracle/xml/parser/schema/XSDSubtractionClass,
PUBLIC,oracle/xml/parser/schema/XSDTypeConstants,SYS,oracle/xml/parser/schema/XSDTypeConstants,
PUBLIC,oracle/xml/parser/schema/XSDValidator,SYS,oracle/xml/parser/schema/XSDValidator,
PUBLIC,oracle/xml/parser/schema/XSDValidator$State,SYS,oracle/xml/parser/schema/XSDValidator$State,
PUBLIC,oracle/xml/parser/schema/XSDValidator$1,SYS,oracle/xml/parser/schema/XSDValidator$1,
PUBLIC,oracle/xml/parser/v2/AttrDecl,SYS,oracle/xml/parser/v2/AttrDecl,
PUBLIC,oracle/xml/parser/v2/BinaryParser,SYS,oracle/xml/parser/v2/BinaryParser,
PUBLIC,oracle/xml/parser/v2/BlobPageManager,SYS,oracle/xml/parser/v2/BlobPageManager,
PUBLIC,oracle/xml/parser/v2/CharData,SYS,oracle/xml/parser/v2/CharData,
PUBLIC,oracle/xml/parser/v2/CMChoice,SYS,oracle/xml/parser/v2/CMChoice,
PUBLIC,oracle/xml/parser/v2/CMLeaf,SYS,oracle/xml/parser/v2/CMLeaf,
PUBLIC,oracle/xml/parser/v2/CMNode,SYS,oracle/xml/parser/v2/CMNode,
PUBLIC,oracle/xml/parser/v2/CMNodeSeq,SYS,oracle/xml/parser/v2/CMNodeSeq,
PUBLIC,oracle/xml/parser/v2/CMPlus,SYS,oracle/xml/parser/v2/CMPlus,
PUBLIC,oracle/xml/parser/v2/CMQuestionMark,SYS,oracle/xml/parser/v2/CMQuestionMark,
PUBLIC,oracle/xml/parser/v2/CMStar,SYS,oracle/xml/parser/v2/CMStar,
PUBLIC,oracle/xml/parser/v2/CMXMLNode,SYS,oracle/xml/parser/v2/CMXMLNode,
PUBLIC,oracle/xml/parser/v2/ContentModel,SYS,oracle/xml/parser/v2/ContentModel,
PUBLIC,oracle/xml/parser/v2/ContentModelType,SYS,oracle/xml/parser/v2/ContentModelType,
PUBLIC,oracle/xml/parser/v2/DefaultXMLDocumentHandler,SYS,oracle/xml/parser/v2/DefaultXMLDocumentHandler,
PUBLIC,oracle/xml/parser/v2/DocumentBuilder,SYS,oracle/xml/parser/v2/DocumentBuilder,
PUBLIC,oracle/xml/parser/v2/DOMLocator,SYS,oracle/xml/parser/v2/DOMLocator,
PUBLIC,oracle/xml/parser/v2/DOMParser,SYS,oracle/xml/parser/v2/DOMParser,
PUBLIC,oracle/xml/parser/v2/DTD,SYS,oracle/xml/parser/v2/DTD,
PUBLIC,oracle/xml/parser/v2/DTDBuilder,SYS,oracle/xml/parser/v2/DTDBuilder,
PUBLIC,oracle/xml/parser/v2/DTDDecl,SYS,oracle/xml/parser/v2/DTDDecl,
PUBLIC,oracle/xml/parser/v2/DTD2SchemaBuilder,SYS,oracle/xml/parser/v2/DTD2SchemaBuilder,
PUBLIC,oracle/xml/parser/v2/DTD2SchemaConstants,SYS,oracle/xml/parser/v2/DTD2SchemaConstants,
PUBLIC,oracle/xml/parser/v2/ElementDecl,SYS,oracle/xml/parser/v2/ElementDecl,
PUBLIC,oracle/xml/parser/v2/FilePageManager,SYS,oracle/xml/parser/v2/FilePageManager,
PUBLIC,oracle/xml/parser/v2/NameCheck,SYS,oracle/xml/parser/v2/NameCheck,
PUBLIC,oracle/xml/parser/v2/NodeFactory,SYS,oracle/xml/parser/v2/NodeFactory,
PUBLIC,oracle/xml/parser/v2/NodeFactory$NFDocument,SYS,oracle/xml/parser/v2/NodeFactory$NFDocument,
PUBLIC,oracle/xml/parser/v2/NodeReadHandler,SYS,oracle/xml/parser/v2/NodeReadHandler,
PUBLIC,oracle/xml/parser/v2/NodeReference,SYS,oracle/xml/parser/v2/NodeReference,
PUBLIC,oracle/xml/parser/v2/NonValidatingParser,SYS,oracle/xml/parser/v2/NonValidatingParser,
PUBLIC,oracle/xml/parser/v2/NSName,SYS,oracle/xml/parser/v2/NSName,
PUBLIC,oracle/xml/parser/v2/NSResolver,SYS,oracle/xml/parser/v2/NSResolver,
PUBLIC,oracle/xml/parser/v2/ObjectBuilder,SYS,oracle/xml/parser/v2/ObjectBuilder,
PUBLIC,oracle/xml/parser/v2/oraxml,SYS,oracle/xml/parser/v2/oraxml,
PUBLIC,oracle/xml/parser/v2/oraxsl,SYS,oracle/xml/parser/v2/oraxsl,
PUBLIC,oracle/xml/parser/v2/oraxslDriver,SYS,oracle/xml/parser/v2/oraxslDriver,
PUBLIC,oracle/xml/parser/v2/PagedNodeList,SYS,oracle/xml/parser/v2/PagedNodeList,
PUBLIC,oracle/xml/parser/v2/ParserState,SYS,oracle/xml/parser/v2/ParserState,
PUBLIC,oracle/xml/parser/v2/PrintDriver,SYS,oracle/xml/parser/v2/PrintDriver,
PUBLIC,oracle/xml/parser/v2/SAXAttrList,SYS,oracle/xml/parser/v2/SAXAttrList,
PUBLIC,oracle/xml/parser/v2/SAXParser,SYS,oracle/xml/parser/v2/SAXParser,
PUBLIC,oracle/xml/parser/v2/SAXParser$1,SYS,oracle/xml/parser/v2/SAXParser$1,
PUBLIC,oracle/xml/parser/v2/ScalableDOMPrintDriver,SYS,oracle/xml/parser/v2/ScalableDOMPrintDriver,
PUBLIC,oracle/xml/parser/v2/TypedAttributes,SYS,oracle/xml/parser/v2/TypedAttributes,
PUBLIC,oracle/xml/parser/v2/ValidatingParser,SYS,oracle/xml/parser/v2/ValidatingParser,
PUBLIC,oracle/xml/parser/v2/XMLAttr,SYS,oracle/xml/parser/v2/XMLAttr,
PUBLIC,oracle/xml/parser/v2/XMLAttrList,SYS,oracle/xml/parser/v2/XMLAttrList,
PUBLIC,oracle/xml/parser/v2/XMLByteReader,SYS,oracle/xml/parser/v2/XMLByteReader,
PUBLIC,oracle/xml/parser/v2/XMLCDATA,SYS,oracle/xml/parser/v2/XMLCDATA,
PUBLIC,oracle/xml/parser/v2/XMLCharReader,SYS,oracle/xml/parser/v2/XMLCharReader,
PUBLIC,oracle/xml/parser/v2/XMLComment,SYS,oracle/xml/parser/v2/XMLComment,
PUBLIC,oracle/xml/parser/v2/XMLConstants,SYS,oracle/xml/parser/v2/XMLConstants,
PUBLIC,oracle/xml/parser/v2/XMLContentHandler,SYS,oracle/xml/parser/v2/XMLContentHandler,
PUBLIC,oracle/xml/parser/v2/XMLDebugInfo,SYS,oracle/xml/parser/v2/XMLDebugInfo,
PUBLIC,oracle/xml/parser/v2/XMLDeclPI,SYS,oracle/xml/parser/v2/XMLDeclPI,
PUBLIC,oracle/xml/parser/v2/XMLDocument,SYS,oracle/xml/parser/v2/XMLDocument,
PUBLIC,oracle/xml/parser/v2/XMLDocumentFragment,SYS,oracle/xml/parser/v2/XMLDocumentFragment,
PUBLIC,oracle/xml/parser/v2/XMLDocumentHandler,SYS,oracle/xml/parser/v2/XMLDocumentHandler,
PUBLIC,oracle/xml/parser/v2/XMLDocument$NodeList_cache,SYS,oracle/xml/parser/v2/XMLDocument$NodeList_cache,
PUBLIC,oracle/xml/parser/v2/XMLDocument$QKey,SYS,oracle/xml/parser/v2/XMLDocument$QKey,
PUBLIC,oracle/xml/parser/v2/XMLDOMConfiguration,SYS,oracle/xml/parser/v2/XMLDOMConfiguration,
PUBLIC,oracle/xml/parser/v2/XMLDOMEvent,SYS,oracle/xml/parser/v2/XMLDOMEvent,
PUBLIC,oracle/xml/parser/v2/XMLDOMException,SYS,oracle/xml/parser/v2/XMLDOMException,
PUBLIC,oracle/xml/parser/v2/XMLDOMImplementation,SYS,oracle/xml/parser/v2/XMLDOMImplementation,
PUBLIC,oracle/xml/parser/v2/XMLDOMImplementationSource,SYS,oracle/xml/parser/v2/XMLDOMImplementationSource,
PUBLIC,oracle/xml/parser/v2/XMLDOMImplementationSource$XMLDOMImplementationList,SYS,oracle/xml/parser/v2/XMLDOMImplementationSource$XMLDOMImplementationList,
PUBLIC,oracle/xml/parser/v2/XMLDOMImplementationSource$1,SYS,oracle/xml/parser/v2/XMLDOMImplementationSource$1,
PUBLIC,oracle/xml/parser/v2/XMLDOMMutationEvent,SYS,oracle/xml/parser/v2/XMLDOMMutationEvent,
PUBLIC,oracle/xml/parser/v2/XMLDOMStringList,SYS,oracle/xml/parser/v2/XMLDOMStringList,
PUBLIC,oracle/xml/parser/v2/XMLDOMUserData,SYS,oracle/xml/parser/v2/XMLDOMUserData,
PUBLIC,oracle/xml/parser/v2/XMLElement,SYS,oracle/xml/parser/v2/XMLElement,
PUBLIC,oracle/xml/parser/v2/XMLEntity,SYS,oracle/xml/parser/v2/XMLEntity,
PUBLIC,oracle/xml/parser/v2/XMLEntityReference,SYS,oracle/xml/parser/v2/XMLEntityReference,
PUBLIC,oracle/xml/parser/v2/XMLError,SYS,oracle/xml/parser/v2/XMLError,
PUBLIC,oracle/xml/parser/v2/XMLExternalReader,SYS,oracle/xml/parser/v2/XMLExternalReader,
PUBLIC,oracle/xml/parser/v2/XMLLocator,SYS,oracle/xml/parser/v2/XMLLocator,
PUBLIC,oracle/xml/parser/v2/XMLLSDocumentBuilder,SYS,oracle/xml/parser/v2/XMLLSDocumentBuilder,
PUBLIC,oracle/xml/parser/v2/XMLLSDocumentBuilder$LSNodeFactorySkip,SYS,oracle/xml/parser/v2/XMLLSDocumentBuilder$LSNodeFactorySkip,
PUBLIC,oracle/xml/parser/v2/XMLLSInput,SYS,oracle/xml/parser/v2/XMLLSInput,
PUBLIC,oracle/xml/parser/v2/XMLLSLoadEvent,SYS,oracle/xml/parser/v2/XMLLSLoadEvent,
PUBLIC,oracle/xml/parser/v2/XMLLSOutput,SYS,oracle/xml/parser/v2/XMLLSOutput,
PUBLIC,oracle/xml/parser/v2/XMLLSParser,SYS,oracle/xml/parser/v2/XMLLSParser,
PUBLIC,oracle/xml/parser/v2/XMLLSProgressEvent,SYS,oracle/xml/parser/v2/XMLLSProgressEvent,
PUBLIC,oracle/xml/parser/v2/XMLLSSerializer,SYS,oracle/xml/parser/v2/XMLLSSerializer,
PUBLIC,oracle/xml/parser/v2/XMLMultiHandler,SYS,oracle/xml/parser/v2/XMLMultiHandler,
PUBLIC,oracle/xml/parser/v2/XMLNameList,SYS,oracle/xml/parser/v2/XMLNameList,
PUBLIC,oracle/xml/parser/v2/XMLNode,SYS,oracle/xml/parser/v2/XMLNode,
PUBLIC,oracle/xml/parser/v2/XMLNodeInputStream,SYS,oracle/xml/parser/v2/XMLNodeInputStream,
PUBLIC,oracle/xml/parser/v2/XMLNodeIterator,SYS,oracle/xml/parser/v2/XMLNodeIterator,
PUBLIC,oracle/xml/parser/v2/XMLNodeList,SYS,oracle/xml/parser/v2/XMLNodeList,
PUBLIC,oracle/xml/parser/v2/XMLNodeOutputStream,SYS,oracle/xml/parser/v2/XMLNodeOutputStream,
PUBLIC,oracle/xml/parser/v2/XMLNodeReader,SYS,oracle/xml/parser/v2/XMLNodeReader,
PUBLIC,oracle/xml/parser/v2/XMLNodeWriter,SYS,oracle/xml/parser/v2/XMLNodeWriter,
PUBLIC,oracle/xml/parser/v2/XMLNode$1,SYS,oracle/xml/parser/v2/XMLNode$1,
PUBLIC,oracle/xml/parser/v2/XMLNode$2,SYS,oracle/xml/parser/v2/XMLNode$2,
PUBLIC,oracle/xml/parser/v2/XMLNode$3,SYS,oracle/xml/parser/v2/XMLNode$3,
PUBLIC,oracle/xml/parser/v2/XMLNotation,SYS,oracle/xml/parser/v2/XMLNotation,
PUBLIC,oracle/xml/parser/v2/XMLNSNode,SYS,oracle/xml/parser/v2/XMLNSNode,
PUBLIC,oracle/xml/parser/v2/XMLObjectInputStream,SYS,oracle/xml/parser/v2/XMLObjectInputStream,
PUBLIC,oracle/xml/parser/v2/XMLOutputStream,SYS,oracle/xml/parser/v2/XMLOutputStream,
PUBLIC,oracle/xml/parser/v2/XMLParseException,SYS,oracle/xml/parser/v2/XMLParseException,
PUBLIC,oracle/xml/parser/v2/XMLParser,SYS,oracle/xml/parser/v2/XMLParser,
PUBLIC,oracle/xml/parser/v2/XMLParser$1,SYS,oracle/xml/parser/v2/XMLParser$1,
PUBLIC,oracle/xml/parser/v2/XMLPI,SYS,oracle/xml/parser/v2/XMLPI,
PUBLIC,oracle/xml/parser/v2/XMLPrintDriver,SYS,oracle/xml/parser/v2/XMLPrintDriver,
PUBLIC,oracle/xml/parser/v2/XMLRange,SYS,oracle/xml/parser/v2/XMLRange,
PUBLIC,oracle/xml/parser/v2/XMLRangeEvent,SYS,oracle/xml/parser/v2/XMLRangeEvent,
PUBLIC,oracle/xml/parser/v2/XMLRangeException,SYS,oracle/xml/parser/v2/XMLRangeException,
PUBLIC,oracle/xml/parser/v2/XMLReader,SYS,oracle/xml/parser/v2/XMLReader,
PUBLIC,oracle/xml/parser/v2/XMLSAXSerializer,SYS,oracle/xml/parser/v2/XMLSAXSerializer,
PUBLIC,oracle/xml/parser/v2/XMLText,SYS,oracle/xml/parser/v2/XMLText,
PUBLIC,oracle/xml/parser/v2/XMLToken,SYS,oracle/xml/parser/v2/XMLToken,
PUBLIC,oracle/xml/parser/v2/XMLTokenizer,SYS,oracle/xml/parser/v2/XMLTokenizer,
PUBLIC,oracle/xml/parser/v2/XMLTraversalEvent,SYS,oracle/xml/parser/v2/XMLTraversalEvent,
PUBLIC,oracle/xml/parser/v2/XMLTreeWalker,SYS,oracle/xml/parser/v2/XMLTreeWalker,
PUBLIC,oracle/xml/parser/v2/XMLTypeInfo,SYS,oracle/xml/parser/v2/XMLTypeInfo,
PUBLIC,oracle/xml/parser/v2/XMLTypeInfo$MutableBoolean,SYS,oracle/xml/parser/v2/XMLTypeInfo$MutableBoolean,
PUBLIC,oracle/xml/parser/v2/XMLTypeInfo$1,SYS,oracle/xml/parser/v2/XMLTypeInfo$1,
PUBLIC,oracle/xml/parser/v2/XMLUCS2Reader,SYS,oracle/xml/parser/v2/XMLUCS2Reader,
PUBLIC,oracle/xml/parser/v2/XMLUCS4Reader,SYS,oracle/xml/parser/v2/XMLUCS4Reader,
PUBLIC,oracle/xml/parser/v2/XMLUTF8Reader,SYS,oracle/xml/parser/v2/XMLUTF8Reader,
PUBLIC,oracle/xml/parser/v2/XMLUtil,SYS,oracle/xml/parser/v2/XMLUtil,
PUBLIC,oracle/xml/parser/v2/XSLException,SYS,oracle/xml/parser/v2/XSLException,
PUBLIC,oracle/xml/parser/v2/XSLExtensionElement,SYS,oracle/xml/parser/v2/XSLExtensionElement,
PUBLIC,oracle/xml/parser/v2/XSLProcessor,SYS,oracle/xml/parser/v2/XSLProcessor,
PUBLIC,oracle/xml/parser/v2/XSLProcessor$XSLTVersion,SYS,oracle/xml/parser/v2/XSLProcessor$XSLTVersion,
PUBLIC,oracle/xml/parser/v2/XSLStylesheet,SYS,oracle/xml/parser/v2/XSLStylesheet,
PUBLIC,oracle/xml/parser/v2/XSLTContext,SYS,oracle/xml/parser/v2/XSLTContext,
PUBLIC,oracle/xml/scalable/AbstractPageManager,SYS,oracle/xml/scalable/AbstractPageManager,
PUBLIC,oracle/xml/scalable/AbstractPageManager$PageId,SYS,oracle/xml/scalable/AbstractPageManager$PageId,
PUBLIC,oracle/xml/scalable/BinaryIndex,SYS,oracle/xml/scalable/BinaryIndex,
PUBLIC,oracle/xml/scalable/BinaryIterator,SYS,oracle/xml/scalable/BinaryIterator,
PUBLIC,oracle/xml/scalable/BinaryNav,SYS,oracle/xml/scalable/BinaryNav,
PUBLIC,oracle/xml/scalable/BinaryStream,SYS,oracle/xml/scalable/BinaryStream,
PUBLIC,oracle/xml/scalable/BinaryStream$ArrayPagedIO,SYS,oracle/xml/scalable/BinaryStream$ArrayPagedIO,
PUBLIC,oracle/xml/scalable/BinaryStream$BlobPagedIO,SYS,oracle/xml/scalable/BinaryStream$BlobPagedIO,
PUBLIC,oracle/xml/scalable/BinaryStream$FilePagedIO,SYS,oracle/xml/scalable/BinaryStream$FilePagedIO,
PUBLIC,oracle/xml/scalable/BinaryStream$MemoryPagedIO,SYS,oracle/xml/scalable/BinaryStream$MemoryPagedIO,
PUBLIC,oracle/xml/scalable/BinaryStream$ObjectPagedIO,SYS,oracle/xml/scalable/BinaryStream$ObjectPagedIO,
PUBLIC,oracle/xml/scalable/BinaryStream$PagedIO,SYS,oracle/xml/scalable/BinaryStream$PagedIO,
PUBLIC,oracle/xml/scalable/BinaryStream$StreamPagedIO,SYS,oracle/xml/scalable/BinaryStream$StreamPagedIO,
PUBLIC,oracle/xml/scalable/BinaryStream$WriteStream,SYS,oracle/xml/scalable/BinaryStream$WriteStream,
PUBLIC,oracle/xml/scalable/BlobPageManager,SYS,oracle/xml/scalable/BlobPageManager,
PUBLIC,oracle/xml/scalable/ContentManager,SYS,oracle/xml/scalable/ContentManager,
PUBLIC,oracle/xml/scalable/FilePageManager,SYS,oracle/xml/scalable/FilePageManager,
PUBLIC,oracle/xml/scalable/InfosetReader,SYS,oracle/xml/scalable/InfosetReader,
PUBLIC,oracle/xml/scalable/InfosetReader$Offset,SYS,oracle/xml/scalable/InfosetReader$Offset,
PUBLIC,oracle/xml/scalable/InfosetReader2,SYS,oracle/xml/scalable/InfosetReader2,
PUBLIC,oracle/xml/scalable/InfosetWriter,SYS,oracle/xml/scalable/InfosetWriter,
PUBLIC,oracle/xml/scalable/IntArrayIndex,SYS,oracle/xml/scalable/IntArrayIndex,
PUBLIC,oracle/xml/scalable/LongArrayIndex,SYS,oracle/xml/scalable/LongArrayIndex,
PUBLIC,oracle/xml/scalable/PageManager,SYS,oracle/xml/scalable/PageManager,
PUBLIC,oracle/xml/scalable/PageManager$PageId,SYS,oracle/xml/scalable/PageManager$PageId,
PUBLIC,oracle/xml/scalable/PageManagerPool,SYS,oracle/xml/scalable/PageManagerPool,
PUBLIC,oracle/xml/scalable/ShortArrayIndex,SYS,oracle/xml/scalable/ShortArrayIndex,
PUBLIC,oracle/xml/scalable/StreamingXPath,SYS,oracle/xml/scalable/StreamingXPath,
PUBLIC,oracle/xml/scalable/StreamingXPath$StepNode,SYS,oracle/xml/scalable/StreamingXPath$StepNode,
PUBLIC,oracle/xml/scalable/StreamWriter,SYS,oracle/xml/scalable/StreamWriter,
PUBLIC,oracle/xml/sql/core/OracleXMLConvert,SYS,oracle/xml/sql/core/OracleXMLConvert,
PUBLIC,oracle/xml/sql/core/OracleXMLTime,SYS,oracle/xml/sql/core/OracleXMLTime,
PUBLIC,oracle/xml/sql/core/OracleXMLTimer,SYS,oracle/xml/sql/core/OracleXMLTimer,
PUBLIC,oracle/xml/sql/core/OracleXMLUtil,SYS,oracle/xml/sql/core/OracleXMLUtil,
PUBLIC,oracle/xml/sql/dataset/OracleXMLDataSet,SYS,oracle/xml/sql/dataset/OracleXMLDataSet,
PUBLIC,oracle/xml/sql/dataset/OracleXMLDataSetExtJdbc,SYS,oracle/xml/sql/dataset/OracleXMLDataSetExtJdbc,
PUBLIC,oracle/xml/sql/dataset/OracleXMLDataSetGenJdbc,SYS,oracle/xml/sql/dataset/OracleXMLDataSetGenJdbc,
PUBLIC,oracle/xml/sql/dataset/OracleXMLDataSetJdbc,SYS,oracle/xml/sql/dataset/OracleXMLDataSetJdbc,
PUBLIC,oracle/xml/sql/dml/OracleXMLSave,SYS,oracle/xml/sql/dml/OracleXMLSave,
PUBLIC,oracle/xml/sql/dml/OracleXMLStaticSave,SYS,oracle/xml/sql/dml/OracleXMLStaticSave,
PUBLIC,oracle/xml/sql/dml/OracleXMLStaticSave$MutableInt,SYS,oracle/xml/sql/dml/OracleXMLStaticSave$MutableInt,
PUBLIC,oracle/xml/sql/dml/OracleXMLStaticSave$SaveCtx,SYS,oracle/xml/sql/dml/OracleXMLStaticSave$SaveCtx,
PUBLIC,oracle/xml/sql/dml/OracleXMLStaticSave$1,SYS,oracle/xml/sql/dml/OracleXMLStaticSave$1,
PUBLIC,oracle/xml/sql/docgen/OracleXMLDocGen,SYS,oracle/xml/sql/docgen/OracleXMLDocGen,
PUBLIC,oracle/xml/sql/docgen/OracleXMLDocGenDOM,SYS,oracle/xml/sql/docgen/OracleXMLDocGenDOM,
PUBLIC,oracle/xml/sql/docgen/OracleXMLDocGenDOM$FragmentReader,SYS,oracle/xml/sql/docgen/OracleXMLDocGenDOM$FragmentReader,
PUBLIC,oracle/xml/sql/docgen/OracleXMLDocGenLob,SYS,oracle/xml/sql/docgen/OracleXMLDocGenLob,
PUBLIC,oracle/xml/sql/docgen/OracleXMLDocGenSAX,SYS,oracle/xml/sql/docgen/OracleXMLDocGenSAX,
PUBLIC,oracle/xml/sql/docgen/OracleXMLDocGenString,SYS,oracle/xml/sql/docgen/OracleXMLDocGenString,
PUBLIC,oracle/xml/sql/name/OracleADTName,SYS,oracle/xml/sql/name/OracleADTName,
PUBLIC,oracle/xml/sql/name/OracleCollectionName,SYS,oracle/xml/sql/name/OracleCollectionName,
PUBLIC,oracle/xml/sql/name/OracleColumnName,SYS,oracle/xml/sql/name/OracleColumnName,
PUBLIC,oracle/xml/sql/name/OracleCursorName,SYS,oracle/xml/sql/name/OracleCursorName,
PUBLIC,oracle/xml/sql/name/OracleScalarName,SYS,oracle/xml/sql/name/OracleScalarName,
PUBLIC,oracle/xml/sql/OracleXMLSQLException,SYS,oracle/xml/sql/OracleXMLSQLException,
PUBLIC,oracle/xml/sql/OracleXMLSQLNoRowsException,SYS,oracle/xml/sql/OracleXMLSQLNoRowsException,
PUBLIC,oracle/xml/sql/query/OracleXMLQuery,SYS,oracle/xml/sql/query/OracleXMLQuery,
PUBLIC,oracle/xml/sql/query/OracleXMLStaticQuery,SYS,oracle/xml/sql/query/OracleXMLStaticQuery,
PUBLIC,oracle/xml/sql/query/OracleXMLStaticQuery$MutableInt,SYS,oracle/xml/sql/query/OracleXMLStaticQuery$MutableInt,
PUBLIC,oracle/xml/sql/query/OracleXMLStaticQuery$QueryCtx,SYS,oracle/xml/sql/query/OracleXMLStaticQuery$QueryCtx,
PUBLIC,oracle/xml/sql/query/OracleXMLStaticQuery$1,SYS,oracle/xml/sql/query/OracleXMLStaticQuery$1,
PUBLIC,oracle/xml/sql/XSULocale,SYS,oracle/xml/sql/XSULocale,
PUBLIC,oracle/xml/sql/XSUMesg,SYS,oracle/xml/sql/XSUMesg,
PUBLIC,oracle/xml/sql/XSUXSchemaHandler,SYS,oracle/xml/sql/XSUXSchemaHandler,
PUBLIC,OracleXMLStore,SYS,OracleXMLStore,
PUBLIC,oracle/xml/util/ArrayPool,SYS,oracle/xml/util/ArrayPool,
PUBLIC,oracle/xml/util/FastVector,SYS,oracle/xml/util/FastVector,
PUBLIC,oracle/xml/util/HashInt,SYS,oracle/xml/util/HashInt,
PUBLIC,oracle/xml/util/HashInt$Entry,SYS,oracle/xml/util/HashInt$Entry,
PUBLIC,oracle/xml/util/MaskingThread,SYS,oracle/xml/util/MaskingThread,
PUBLIC,oracle/xml/util/NSName,SYS,oracle/xml/util/NSName,
PUBLIC,oracle/xml/util/NSNameImpl,SYS,oracle/xml/util/NSNameImpl,
PUBLIC,oracle/xml/util/OraURI,SYS,oracle/xml/util/OraURI,
PUBLIC,oracle/xml/util/OraURIException,SYS,oracle/xml/util/OraURIException,
PUBLIC,oracle/xml/util/OraURIUtil,SYS,oracle/xml/util/OraURIUtil,
PUBLIC,oracle/xml/util/PasswordField,SYS,oracle/xml/util/PasswordField,
PUBLIC,oracle/xml/util/Queue,SYS,oracle/xml/util/Queue,
PUBLIC,oracle/xml/util/QxName,SYS,oracle/xml/util/QxName,
PUBLIC,oracle/xml/util/QxNameHash,SYS,oracle/xml/util/QxNameHash,
PUBLIC,oracle/xml/util/QxNameHash$Validation,SYS,oracle/xml/util/QxNameHash$Validation,
PUBLIC,oracle/xml/util/QxNameHash$WeakValue,SYS,oracle/xml/util/QxNameHash$WeakValue,
PUBLIC,oracle/xml/util/RegExprEngine,SYS,oracle/xml/util/RegExprEngine,
PUBLIC,oracle/xml/util/StringHashtable,SYS,oracle/xml/util/StringHashtable,
PUBLIC,oracle/xml/util/StringHashtable$Entry,SYS,oracle/xml/util/StringHashtable$Entry,
PUBLIC,oracle/xml/util/TagNameHashtable,SYS,oracle/xml/util/TagNameHashtable,
PUBLIC,oracle/xml/util/TagNameHashtable$TagName,SYS,oracle/xml/util/TagNameHashtable$TagName,
PUBLIC,oracle/xml/util/UnicodeUtil,SYS,oracle/xml/util/UnicodeUtil,
PUBLIC,oracle/xml/util/XMLCompatible,SYS,oracle/xml/util/XMLCompatible,
PUBLIC,oracle/xml/util/XMLCompatible$1,SYS,oracle/xml/util/XMLCompatible$1,
PUBLIC,oracle/xml/util/XMLError,SYS,oracle/xml/util/XMLError,
PUBLIC,oracle/xml/util/XMLException,SYS,oracle/xml/util/XMLException,
PUBLIC,oracle/xml/util/XMLProperties,SYS,oracle/xml/util/XMLProperties,
PUBLIC,oracle/xml/util/XMLUtil,SYS,oracle/xml/util/XMLUtil,
PUBLIC,oracle/xml/XDKVersion,SYS,oracle/xml/XDKVersion,
PUBLIC,oracle/xml/xpath/AdditiveExpr,SYS,oracle/xml/xpath/AdditiveExpr,
PUBLIC,oracle/xml/xpath/AndExpr,SYS,oracle/xml/xpath/AndExpr,
PUBLIC,oracle/xml/xpath/BinaryNode,SYS,oracle/xml/xpath/BinaryNode,
PUBLIC,oracle/xml/xpath/BinarySequence,SYS,oracle/xml/xpath/BinarySequence,
PUBLIC,oracle/xml/xpath/CachedExpr,SYS,oracle/xml/xpath/CachedExpr,
PUBLIC,oracle/xml/xpath/CastableAsExpr,SYS,oracle/xml/xpath/CastableAsExpr,
PUBLIC,oracle/xml/xpath/ComparisonExpr,SYS,oracle/xml/xpath/ComparisonExpr,
PUBLIC,oracle/xml/xpath/ExprSingle,SYS,oracle/xml/xpath/ExprSingle,
PUBLIC,oracle/xml/xpath/ForExpr,SYS,oracle/xml/xpath/ForExpr,
PUBLIC,oracle/xml/xpath/IfExpr,SYS,oracle/xml/xpath/IfExpr,
PUBLIC,oracle/xml/xpath/InstanceOfExpr,SYS,oracle/xml/xpath/InstanceOfExpr,
PUBLIC,oracle/xml/xpath/IntersectExceptExpr,SYS,oracle/xml/xpath/IntersectExceptExpr,
PUBLIC,oracle/xml/xpath/JXPath,SYS,oracle/xml/xpath/JXPath,
PUBLIC,oracle/xml/xpath/JXPathContext,SYS,oracle/xml/xpath/JXPathContext,
PUBLIC,oracle/xml/xpath/JXPathContext$JXFunction,SYS,oracle/xml/xpath/JXPathContext$JXFunction,
PUBLIC,oracle/xml/xpath/JXPathExpression,SYS,oracle/xml/xpath/JXPathExpression,
PUBLIC,oracle/xml/xpath/JXPathFactory,SYS,oracle/xml/xpath/JXPathFactory,
PUBLIC,oracle/xml/xpath/JXPathFunction,SYS,oracle/xml/xpath/JXPathFunction,
PUBLIC,oracle/xml/xpath/OrExpr,SYS,oracle/xml/xpath/OrExpr,
PUBLIC,oracle/xml/xpath/PathExpr,SYS,oracle/xml/xpath/PathExpr,
PUBLIC,oracle/xml/xpath/QuantifiedExpr,SYS,oracle/xml/xpath/QuantifiedExpr,
PUBLIC,oracle/xml/xpath/RangeExpr,SYS,oracle/xml/xpath/RangeExpr,
PUBLIC,oracle/xml/xpath/StreamingSequence,SYS,oracle/xml/xpath/StreamingSequence,
PUBLIC,oracle/xml/xpath/StreamNodeSequence,SYS,oracle/xml/xpath/StreamNodeSequence,
PUBLIC,oracle/xml/xpath/TreatExpr,SYS,oracle/xml/xpath/TreatExpr,
PUBLIC,oracle/xml/xpath/UnaryExpr,SYS,oracle/xml/xpath/UnaryExpr,
PUBLIC,oracle/xml/xpath/XMLPathTable,SYS,oracle/xml/xpath/XMLPathTable,
PUBLIC,oracle/xml/xpath/XMLPathTable$PredicatePlusPos,SYS,oracle/xml/xpath/XMLPathTable$PredicatePlusPos,
PUBLIC,oracle/xml/xpath/XMLPathTable$QNamePlusSep,SYS,oracle/xml/xpath/XMLPathTable$QNamePlusSep,
PUBLIC,oracle/xml/xpath/XPathAncestorAxis,SYS,oracle/xml/xpath/XPathAncestorAxis,
PUBLIC,oracle/xml/xpath/XPathAncestorOrSelfAxis,SYS,oracle/xml/xpath/XPathAncestorOrSelfAxis,
PUBLIC,oracle/xml/xpath/XPathAttributeAxis,SYS,oracle/xml/xpath/XPathAttributeAxis,
PUBLIC,oracle/xml/xpath/XPathAxis,SYS,oracle/xml/xpath/XPathAxis,
PUBLIC,oracle/xml/xpath/XPathCastExpr,SYS,oracle/xml/xpath/XPathCastExpr,
PUBLIC,oracle/xml/xpath/XPathChildAxis,SYS,oracle/xml/xpath/XPathChildAxis,
PUBLIC,oracle/xml/xpath/XPathCompatibiltyExpr,SYS,oracle/xml/xpath/XPathCompatibiltyExpr,
PUBLIC,oracle/xml/xpath/XPathCompileEvents,SYS,oracle/xml/xpath/XPathCompileEvents,
PUBLIC,oracle/xml/xpath/XPathCompileEventsHandler,SYS,oracle/xml/xpath/XPathCompileEventsHandler,
PUBLIC,oracle/xml/xpath/XPathConstantExpr,SYS,oracle/xml/xpath/XPathConstantExpr,
PUBLIC,oracle/xml/xpath/XPathContext,SYS,oracle/xml/xpath/XPathContext,
PUBLIC,oracle/xml/xpath/XPathContextItemExpr,SYS,oracle/xml/xpath/XPathContextItemExpr,
PUBLIC,oracle/xml/xpath/XPathConvertAsExpr,SYS,oracle/xml/xpath/XPathConvertAsExpr,
PUBLIC,oracle/xml/xpath/XPathDescendantAxis,SYS,oracle/xml/xpath/XPathDescendantAxis,
PUBLIC,oracle/xml/xpath/XPathDescOrSelfAxis,SYS,oracle/xml/xpath/XPathDescOrSelfAxis,
PUBLIC,oracle/xml/xpath/XPathError,SYS,oracle/xml/xpath/XPathError,
PUBLIC,oracle/xml/xpath/XPathException,SYS,oracle/xml/xpath/XPathException,
PUBLIC,oracle/xml/xpath/XPathExtFunction,SYS,oracle/xml/xpath/XPathExtFunction,
PUBLIC,oracle/xml/xpath/XPathFilterExpr,SYS,oracle/xml/xpath/XPathFilterExpr,
PUBLIC,oracle/xml/xpath/XPathFollowingAxis,SYS,oracle/xml/xpath/XPathFollowingAxis,
PUBLIC,oracle/xml/xpath/XPathFollowingSiblingAxis,SYS,oracle/xml/xpath/XPathFollowingSiblingAxis,
PUBLIC,oracle/xml/xpath/XPathFunctionCall,SYS,oracle/xml/xpath/XPathFunctionCall,
PUBLIC,oracle/xml/xpath/XPathFunctionContext,SYS,oracle/xml/xpath/XPathFunctionContext,
PUBLIC,oracle/xml/xpath/XPathFunctionImpl,SYS,oracle/xml/xpath/XPathFunctionImpl,
PUBLIC,oracle/xml/xpath/XPathItem,SYS,oracle/xml/xpath/XPathItem,
PUBLIC,oracle/xml/xpath/XPathNamespaceAxis,SYS,oracle/xml/xpath/XPathNamespaceAxis,
PUBLIC,oracle/xml/xpath/XPathParentAxis,SYS,oracle/xml/xpath/XPathParentAxis,
PUBLIC,oracle/xml/xpath/XPathPrecedingAxis,SYS,oracle/xml/xpath/XPathPrecedingAxis,
PUBLIC,oracle/xml/xpath/XPathPrecedingSiblingAxis,SYS,oracle/xml/xpath/XPathPrecedingSiblingAxis,
PUBLIC,oracle/xml/xpath/XPathPredicate,SYS,oracle/xml/xpath/XPathPredicate,
PUBLIC,oracle/xml/xpath/XPathRuntimeContext,SYS,oracle/xml/xpath/XPathRuntimeContext,
PUBLIC,oracle/xml/xpath/XPathRuntimeContext$CaseblindCollator,SYS,oracle/xml/xpath/XPathRuntimeContext$CaseblindCollator,
PUBLIC,oracle/xml/xpath/XPathSelfAxis,SYS,oracle/xml/xpath/XPathSelfAxis,
PUBLIC,oracle/xml/xpath/XPathSeqType,SYS,oracle/xml/xpath/XPathSeqType,
PUBLIC,oracle/xml/xpath/XPathSequence,SYS,oracle/xml/xpath/XPathSequence,
PUBLIC,oracle/xml/xpath/XPathStep,SYS,oracle/xml/xpath/XPathStep,
PUBLIC,oracle/xml/xpath/XPathVarReference,SYS,oracle/xml/xpath/XPathVarReference,
PUBLIC,oracle/xml/xpath/XPathXSLFunction,SYS,oracle/xml/xpath/XPathXSLFunction,
PUBLIC,oracle/xml/xpath/XSLExpr,SYS,oracle/xml/xpath/XSLExpr,
PUBLIC,oracle/xml/xpath/XSLExprBase,SYS,oracle/xml/xpath/XSLExprBase,
PUBLIC,oracle/xml/xpath/XSLExprConstants,SYS,oracle/xml/xpath/XSLExprConstants,
PUBLIC,oracle/xml/xpath/XSLExtFunctions,SYS,oracle/xml/xpath/XSLExtFunctions,
PUBLIC,oracle/xml/xpath/XSLNodeSetExpr,SYS,oracle/xml/xpath/XSLNodeSetExpr,
PUBLIC,oracle/xml/xpath/XSLParseString,SYS,oracle/xml/xpath/XSLParseString,
PUBLIC,oracle/xml/xqxp/datamodel/DistinctArrayList,SYS,oracle/xml/xqxp/datamodel/DistinctArrayList,
PUBLIC,oracle/xml/xqxp/datamodel/FSAllGroupType,SYS,oracle/xml/xqxp/datamodel/FSAllGroupType,
PUBLIC,oracle/xml/xqxp/datamodel/FSChoiceType,SYS,oracle/xml/xqxp/datamodel/FSChoiceType,
PUBLIC,oracle/xml/xqxp/datamodel/FSMultiArgType,SYS,oracle/xml/xqxp/datamodel/FSMultiArgType,
PUBLIC,oracle/xml/xqxp/datamodel/FSNoneType,SYS,oracle/xml/xqxp/datamodel/FSNoneType,
PUBLIC,oracle/xml/xqxp/datamodel/FSPrimeChoiceType,SYS,oracle/xml/xqxp/datamodel/FSPrimeChoiceType,
PUBLIC,oracle/xml/xqxp/datamodel/FSSequenceType,SYS,oracle/xml/xqxp/datamodel/FSSequenceType,
PUBLIC,oracle/xml/xqxp/datamodel/FSType,SYS,oracle/xml/xqxp/datamodel/FSType,
PUBLIC,oracle/xml/xqxp/datamodel/FSTypeUtil,SYS,oracle/xml/xqxp/datamodel/FSTypeUtil,
PUBLIC,oracle/xml/xqxp/datamodel/OXMLBuiltInType,SYS,oracle/xml/xqxp/datamodel/OXMLBuiltInType,
PUBLIC,oracle/xml/xqxp/datamodel/OXMLConstants,SYS,oracle/xml/xqxp/datamodel/OXMLConstants,
PUBLIC,oracle/xml/xqxp/datamodel/OXMLItem,SYS,oracle/xml/xqxp/datamodel/OXMLItem,
PUBLIC,oracle/xml/xqxp/datamodel/OXMLItem$DFUSThread,SYS,oracle/xml/xqxp/datamodel/OXMLItem$DFUSThread,
PUBLIC,oracle/xml/xqxp/datamodel/OXMLSequence,SYS,oracle/xml/xqxp/datamodel/OXMLSequence,
PUBLIC,oracle/xml/xqxp/datamodel/OXMLSequenceType,SYS,oracle/xml/xqxp/datamodel/OXMLSequenceType,
PUBLIC,oracle/xml/xqxp/datamodel/OXMLSequenceTypeAllowChildren,SYS,oracle/xml/xqxp/datamodel/OXMLSequenceTypeAllowChildren,
PUBLIC,oracle/xml/xqxp/datamodel/XMLItem,SYS,oracle/xml/xqxp/datamodel/XMLItem,
PUBLIC,oracle/xml/xqxp/datamodel/XMLItemConstants,SYS,oracle/xml/xqxp/datamodel/XMLItemConstants,
PUBLIC,oracle/xml/xqxp/datamodel/XMLSequence,SYS,oracle/xml/xqxp/datamodel/XMLSequence,
PUBLIC,oracle/xml/xqxp/functions/builtIns/Abs,SYS,oracle/xml/xqxp/functions/builtIns/Abs,
PUBLIC,oracle/xml/xqxp/functions/builtIns/Avg,SYS,oracle/xml/xqxp/functions/builtIns/Avg,
PUBLIC,oracle/xml/xqxp/functions/builtIns/BaseURI,SYS,oracle/xml/xqxp/functions/builtIns/BaseURI,
PUBLIC,oracle/xml/xqxp/functions/builtIns/Boolean,SYS,oracle/xml/xqxp/functions/builtIns/Boolean,
PUBLIC,oracle/xml/xqxp/functions/builtIns/Ceiling,SYS,oracle/xml/xqxp/functions/builtIns/Ceiling,
PUBLIC,oracle/xml/xqxp/functions/builtIns/CodepointEqual,SYS,oracle/xml/xqxp/functions/builtIns/CodepointEqual,
PUBLIC,oracle/xml/xqxp/functions/builtIns/CodepointsToString,SYS,oracle/xml/xqxp/functions/builtIns/CodepointsToString,
PUBLIC,oracle/xml/xqxp/functions/builtIns/Collation,SYS,oracle/xml/xqxp/functions/builtIns/Collation,
PUBLIC,oracle/xml/xqxp/functions/builtIns/Collection,SYS,oracle/xml/xqxp/functions/builtIns/Collection,
PUBLIC,oracle/xml/xqxp/functions/builtIns/Compare,SYS,oracle/xml/xqxp/functions/builtIns/Compare,
PUBLIC,oracle/xml/xqxp/functions/builtIns/Concat,SYS,oracle/xml/xqxp/functions/builtIns/Concat,
PUBLIC,oracle/xml/xqxp/functions/builtIns/Contains,SYS,oracle/xml/xqxp/functions/builtIns/Contains,
PUBLIC,oracle/xml/xqxp/functions/builtIns/ContextItem,SYS,oracle/xml/xqxp/functions/builtIns/ContextItem,
PUBLIC,oracle/xml/xqxp/functions/builtIns/Count,SYS,oracle/xml/xqxp/functions/builtIns/Count,
PUBLIC,oracle/xml/xqxp/functions/builtIns/CurDate,SYS,oracle/xml/xqxp/functions/builtIns/CurDate,
PUBLIC,oracle/xml/xqxp/functions/builtIns/CurDateTime,SYS,oracle/xml/xqxp/functions/builtIns/CurDateTime,
PUBLIC,oracle/xml/xqxp/functions/builtIns/CurTime,SYS,oracle/xml/xqxp/functions/builtIns/CurTime,
PUBLIC,oracle/xml/xqxp/functions/builtIns/Data,SYS,oracle/xml/xqxp/functions/builtIns/Data,
PUBLIC,oracle/xml/xqxp/functions/builtIns/DeepEqual,SYS,oracle/xml/xqxp/functions/builtIns/DeepEqual,
PUBLIC,oracle/xml/xqxp/functions/builtIns/DistinctNode,SYS,oracle/xml/xqxp/functions/builtIns/DistinctNode,
PUBLIC,oracle/xml/xqxp/functions/builtIns/DistinctValue,SYS,oracle/xml/xqxp/functions/builtIns/DistinctValue,
PUBLIC,oracle/xml/xqxp/functions/builtIns/DistinctValue$ItemTypeComparator,SYS,oracle/xml/xqxp/functions/builtIns/DistinctValue$ItemTypeComparator,
PUBLIC,oracle/xml/xqxp/functions/builtIns/DistinctValue$ItemTypeValueMap,SYS,oracle/xml/xqxp/functions/builtIns/DistinctValue$ItemTypeValueMap,
PUBLIC,oracle/xml/xqxp/functions/builtIns/DistinctValue$ItemValueComparator,SYS,oracle/xml/xqxp/functions/builtIns/DistinctValue$ItemValueComparator,
PUBLIC,oracle/xml/xqxp/functions/builtIns/Doc,SYS,oracle/xml/xqxp/functions/builtIns/Doc,
PUBLIC,oracle/xml/xqxp/functions/builtIns/DocAvaliable,SYS,oracle/xml/xqxp/functions/builtIns/DocAvaliable,
PUBLIC,oracle/xml/xqxp/functions/builtIns/DocumentURI,SYS,oracle/xml/xqxp/functions/builtIns/DocumentURI,
PUBLIC,oracle/xml/xqxp/functions/builtIns/Empty,SYS,oracle/xml/xqxp/functions/builtIns/Empty,
PUBLIC,oracle/xml/xqxp/functions/builtIns/EncodeForURI,SYS,oracle/xml/xqxp/functions/builtIns/EncodeForURI,
PUBLIC,oracle/xml/xqxp/functions/builtIns/EndsWith,SYS,oracle/xml/xqxp/functions/builtIns/EndsWith,
PUBLIC,oracle/xml/xqxp/functions/builtIns/Error,SYS,oracle/xml/xqxp/functions/builtIns/Error,
PUBLIC,oracle/xml/xqxp/functions/builtIns/EscapeHtmlURI,SYS,oracle/xml/xqxp/functions/builtIns/EscapeHtmlURI,
PUBLIC,oracle/xml/xqxp/functions/builtIns/Exists,SYS,oracle/xml/xqxp/functions/builtIns/Exists,
PUBLIC,oracle/xml/xqxp/functions/builtIns/ExpandQName,SYS,oracle/xml/xqxp/functions/builtIns/ExpandQName,
PUBLIC,oracle/xml/xqxp/functions/builtIns/False,SYS,oracle/xml/xqxp/functions/builtIns/False,
PUBLIC,oracle/xml/xqxp/functions/builtIns/Floor,SYS,oracle/xml/xqxp/functions/builtIns/Floor,
PUBLIC,oracle/xml/xqxp/functions/builtIns/FNAccessors,SYS,oracle/xml/xqxp/functions/builtIns/FNAccessors,
PUBLIC,oracle/xml/xqxp/functions/builtIns/FNAdjustTimezone,SYS,oracle/xml/xqxp/functions/builtIns/FNAdjustTimezone,
PUBLIC,oracle/xml/xqxp/functions/builtIns/FNBooleans,SYS,oracle/xml/xqxp/functions/builtIns/FNBooleans,
PUBLIC,oracle/xml/xqxp/functions/builtIns/FNContexts,SYS,oracle/xml/xqxp/functions/builtIns/FNContexts,
PUBLIC,oracle/xml/xqxp/functions/builtIns/FNDateFormat,SYS,oracle/xml/xqxp/functions/builtIns/FNDateFormat,
PUBLIC,oracle/xml/xqxp/functions/builtIns/FNDateFormat$DateFormatter,SYS,oracle/xml/xqxp/functions/builtIns/FNDateFormat$DateFormatter,
PUBLIC,oracle/xml/xqxp/functions/builtIns/FNDateTime,SYS,oracle/xml/xqxp/functions/builtIns/FNDateTime,
PUBLIC,oracle/xml/xqxp/functions/builtIns/FNDateTimeDuration,SYS,oracle/xml/xqxp/functions/builtIns/FNDateTimeDuration,
PUBLIC,oracle/xml/xqxp/functions/builtIns/FNDateTimeSubtract,SYS,oracle/xml/xqxp/functions/builtIns/FNDateTimeSubtract,
PUBLIC,oracle/xml/xqxp/functions/builtIns/FNFunctionLibrary,SYS,oracle/xml/xqxp/functions/builtIns/FNFunctionLibrary,
PUBLIC,oracle/xml/xqxp/functions/builtIns/FNFunctionLibrary$Key,SYS,oracle/xml/xqxp/functions/builtIns/FNFunctionLibrary$Key,
PUBLIC,oracle/xml/xqxp/functions/builtIns/FNFunctionLibrary$1,SYS,oracle/xml/xqxp/functions/builtIns/FNFunctionLibrary$1,
PUBLIC,oracle/xml/xqxp/functions/builtIns/FNMatches,SYS,oracle/xml/xqxp/functions/builtIns/FNMatches,
PUBLIC,oracle/xml/xqxp/functions/builtIns/FNNodes,SYS,oracle/xml/xqxp/functions/builtIns/FNNodes,
PUBLIC,oracle/xml/xqxp/functions/builtIns/FNNumberFormat,SYS,oracle/xml/xqxp/functions/builtIns/FNNumberFormat,
PUBLIC,oracle/xml/xqxp/functions/builtIns/FNNumberFormat$XSLTDecimalFormatProperties,SYS,oracle/xml/xqxp/functions/builtIns/FNNumberFormat$XSLTDecimalFormatProperties,
PUBLIC,oracle/xml/xqxp/functions/builtIns/FNNumberFormat$1,SYS,oracle/xml/xqxp/functions/builtIns/FNNumberFormat$1,
PUBLIC,oracle/xml/xqxp/functions/builtIns/FNNumerics,SYS,oracle/xml/xqxp/functions/builtIns/FNNumerics,
PUBLIC,oracle/xml/xqxp/functions/builtIns/FNPatternMatch,SYS,oracle/xml/xqxp/functions/builtIns/FNPatternMatch,
PUBLIC,oracle/xml/xqxp/functions/builtIns/FNQNames,SYS,oracle/xml/xqxp/functions/builtIns/FNQNames,
PUBLIC,oracle/xml/xqxp/functions/builtIns/FNReplace,SYS,oracle/xml/xqxp/functions/builtIns/FNReplace,
PUBLIC,oracle/xml/xqxp/functions/builtIns/FNSequences,SYS,oracle/xml/xqxp/functions/builtIns/FNSequences,
PUBLIC,oracle/xml/xqxp/functions/builtIns/FNString,SYS,oracle/xml/xqxp/functions/builtIns/FNString,
PUBLIC,oracle/xml/xqxp/functions/builtIns/FNStrings,SYS,oracle/xml/xqxp/functions/builtIns/FNStrings,
PUBLIC,oracle/xml/xqxp/functions/builtIns/FNTokenize,SYS,oracle/xml/xqxp/functions/builtIns/FNTokenize,
PUBLIC,oracle/xml/xqxp/functions/builtIns/FNUtil,SYS,oracle/xml/xqxp/functions/builtIns/FNUtil,
PUBLIC,oracle/xml/xqxp/functions/builtIns/ID,SYS,oracle/xml/xqxp/functions/builtIns/ID,
PUBLIC,oracle/xml/xqxp/functions/builtIns/ID$DocumentOrderComparator,SYS,oracle/xml/xqxp/functions/builtIns/ID$DocumentOrderComparator,
PUBLIC,oracle/xml/xqxp/functions/builtIns/IDRef,SYS,oracle/xml/xqxp/functions/builtIns/IDRef,
PUBLIC,oracle/xml/xqxp/functions/builtIns/IndexOf,SYS,oracle/xml/xqxp/functions/builtIns/IndexOf,
PUBLIC,oracle/xml/xqxp/functions/builtIns/Input,SYS,oracle/xml/xqxp/functions/builtIns/Input,
PUBLIC,oracle/xml/xqxp/functions/builtIns/InScopeNS,SYS,oracle/xml/xqxp/functions/builtIns/InScopeNS,
PUBLIC,oracle/xml/xqxp/functions/builtIns/InsertBefore,SYS,oracle/xml/xqxp/functions/builtIns/InsertBefore,
PUBLIC,oracle/xml/xqxp/functions/builtIns/IRIToURI,SYS,oracle/xml/xqxp/functions/builtIns/IRIToURI,
PUBLIC,oracle/xml/xqxp/functions/builtIns/ItemAt,SYS,oracle/xml/xqxp/functions/builtIns/ItemAt,
PUBLIC,oracle/xml/xqxp/functions/builtIns/Lang,SYS,oracle/xml/xqxp/functions/builtIns/Lang,
PUBLIC,oracle/xml/xqxp/functions/builtIns/Last,SYS,oracle/xml/xqxp/functions/builtIns/Last,
PUBLIC,oracle/xml/xqxp/functions/builtIns/LocalName,SYS,oracle/xml/xqxp/functions/builtIns/LocalName,
PUBLIC,oracle/xml/xqxp/functions/builtIns/LocalNameFromQName,SYS,oracle/xml/xqxp/functions/builtIns/LocalNameFromQName,
PUBLIC,oracle/xml/xqxp/functions/builtIns/LowerCase,SYS,oracle/xml/xqxp/functions/builtIns/LowerCase,
PUBLIC,oracle/xml/xqxp/functions/builtIns/Max,SYS,oracle/xml/xqxp/functions/builtIns/Max,
PUBLIC,oracle/xml/xqxp/functions/builtIns/Min,SYS,oracle/xml/xqxp/functions/builtIns/Min,
PUBLIC,oracle/xml/xqxp/functions/builtIns/Name,SYS,oracle/xml/xqxp/functions/builtIns/Name,
PUBLIC,oracle/xml/xqxp/functions/builtIns/Nilled,SYS,oracle/xml/xqxp/functions/builtIns/Nilled,
PUBLIC,oracle/xml/xqxp/functions/builtIns/NodeIdentical,SYS,oracle/xml/xqxp/functions/builtIns/NodeIdentical,
PUBLIC,oracle/xml/xqxp/functions/builtIns/NodeKind,SYS,oracle/xml/xqxp/functions/builtIns/NodeKind,
PUBLIC,oracle/xml/xqxp/functions/builtIns/NodeName,SYS,oracle/xml/xqxp/functions/builtIns/NodeName,
PUBLIC,oracle/xml/xqxp/functions/builtIns/NormalizeSpace,SYS,oracle/xml/xqxp/functions/builtIns/NormalizeSpace,
PUBLIC,oracle/xml/xqxp/functions/builtIns/NormalizeUnicode,SYS,oracle/xml/xqxp/functions/builtIns/NormalizeUnicode,
PUBLIC,oracle/xml/xqxp/functions/builtIns/Not,SYS,oracle/xml/xqxp/functions/builtIns/Not,
PUBLIC,oracle/xml/xqxp/functions/builtIns/NSFromQName,SYS,oracle/xml/xqxp/functions/builtIns/NSFromQName,
PUBLIC,oracle/xml/xqxp/functions/builtIns/NSURI,SYS,oracle/xml/xqxp/functions/builtIns/NSURI,
PUBLIC,oracle/xml/xqxp/functions/builtIns/NSURIForPrefix,SYS,oracle/xml/xqxp/functions/builtIns/NSURIForPrefix,
PUBLIC,oracle/xml/xqxp/functions/builtIns/Number,SYS,oracle/xml/xqxp/functions/builtIns/Number,
PUBLIC,oracle/xml/xqxp/functions/builtIns/One,SYS,oracle/xml/xqxp/functions/builtIns/One,
PUBLIC,oracle/xml/xqxp/functions/builtIns/OneOrMore,SYS,oracle/xml/xqxp/functions/builtIns/OneOrMore,
PUBLIC,oracle/xml/xqxp/functions/builtIns/Position,SYS,oracle/xml/xqxp/functions/builtIns/Position,
PUBLIC,oracle/xml/xqxp/functions/builtIns/PrefixFromQName,SYS,oracle/xml/xqxp/functions/builtIns/PrefixFromQName,
PUBLIC,oracle/xml/xqxp/functions/builtIns/Remove,SYS,oracle/xml/xqxp/functions/builtIns/Remove,
PUBLIC,oracle/xml/xqxp/functions/builtIns/ResolveQName,SYS,oracle/xml/xqxp/functions/builtIns/ResolveQName,
PUBLIC,oracle/xml/xqxp/functions/builtIns/ResolveURI,SYS,oracle/xml/xqxp/functions/builtIns/ResolveURI,
PUBLIC,oracle/xml/xqxp/functions/builtIns/Reverse,SYS,oracle/xml/xqxp/functions/builtIns/Reverse,
PUBLIC,oracle/xml/xqxp/functions/builtIns/Root,SYS,oracle/xml/xqxp/functions/builtIns/Root,
PUBLIC,oracle/xml/xqxp/functions/builtIns/Round,SYS,oracle/xml/xqxp/functions/builtIns/Round,
PUBLIC,oracle/xml/xqxp/functions/builtIns/RoundHalfToEven,SYS,oracle/xml/xqxp/functions/builtIns/RoundHalfToEven,
PUBLIC,oracle/xml/xqxp/functions/builtIns/StartsWith,SYS,oracle/xml/xqxp/functions/builtIns/StartsWith,
PUBLIC,oracle/xml/xqxp/functions/builtIns/StaticBaseURI,SYS,oracle/xml/xqxp/functions/builtIns/StaticBaseURI,
PUBLIC,oracle/xml/xqxp/functions/builtIns/StringJoin,SYS,oracle/xml/xqxp/functions/builtIns/StringJoin,
PUBLIC,oracle/xml/xqxp/functions/builtIns/StringLength,SYS,oracle/xml/xqxp/functions/builtIns/StringLength,
PUBLIC,oracle/xml/xqxp/functions/builtIns/StringPad,SYS,oracle/xml/xqxp/functions/builtIns/StringPad,
PUBLIC,oracle/xml/xqxp/functions/builtIns/StringToCodepoints,SYS,oracle/xml/xqxp/functions/builtIns/StringToCodepoints,
PUBLIC,oracle/xml/xqxp/functions/builtIns/Subsequence,SYS,oracle/xml/xqxp/functions/builtIns/Subsequence,
PUBLIC,oracle/xml/xqxp/functions/builtIns/Substring,SYS,oracle/xml/xqxp/functions/builtIns/Substring,
PUBLIC,oracle/xml/xqxp/functions/builtIns/SubstringAfter,SYS,oracle/xml/xqxp/functions/builtIns/SubstringAfter,
PUBLIC,oracle/xml/xqxp/functions/builtIns/SubstringBefore,SYS,oracle/xml/xqxp/functions/builtIns/SubstringBefore,
PUBLIC,oracle/xml/xqxp/functions/builtIns/Sum,SYS,oracle/xml/xqxp/functions/builtIns/Sum,
PUBLIC,oracle/xml/xqxp/functions/builtIns/Timezone,SYS,oracle/xml/xqxp/functions/builtIns/Timezone,
PUBLIC,oracle/xml/xqxp/functions/builtIns/Trace,SYS,oracle/xml/xqxp/functions/builtIns/Trace,
PUBLIC,oracle/xml/xqxp/functions/builtIns/Translate,SYS,oracle/xml/xqxp/functions/builtIns/Translate,
PUBLIC,oracle/xml/xqxp/functions/builtIns/True,SYS,oracle/xml/xqxp/functions/builtIns/True,
PUBLIC,oracle/xml/xqxp/functions/builtIns/Unordered,SYS,oracle/xml/xqxp/functions/builtIns/Unordered,
PUBLIC,oracle/xml/xqxp/functions/builtIns/UpperCase,SYS,oracle/xml/xqxp/functions/builtIns/UpperCase,
PUBLIC,oracle/xml/xqxp/functions/builtIns/XDTFunction,SYS,oracle/xml/xqxp/functions/builtIns/XDTFunction,
PUBLIC,oracle/xml/xqxp/functions/builtIns/XDTFunctionLibrary,SYS,oracle/xml/xqxp/functions/builtIns/XDTFunctionLibrary,
PUBLIC,oracle/xml/xqxp/functions/builtIns/XSFunction,SYS,oracle/xml/xqxp/functions/builtIns/XSFunction,
PUBLIC,oracle/xml/xqxp/functions/builtIns/XSFunctionLibrary,SYS,oracle/xml/xqxp/functions/builtIns/XSFunctionLibrary,
PUBLIC,oracle/xml/xqxp/functions/builtIns/ZeroOrOne,SYS,oracle/xml/xqxp/functions/builtIns/ZeroOrOne,
PUBLIC,oracle/xml/xqxp/functions/OXMLCollator,SYS,oracle/xml/xqxp/functions/OXMLCollator,
PUBLIC,oracle/xml/xqxp/functions/OXMLCollator$OXMLCodePointCollator,SYS,oracle/xml/xqxp/functions/OXMLCollator$OXMLCodePointCollator,
PUBLIC,oracle/xml/xqxp/functions/OXMLCollator$OXMLJavaCollator,SYS,oracle/xml/xqxp/functions/OXMLCollator$OXMLJavaCollator,
PUBLIC,oracle/xml/xqxp/functions/OXMLCollator$OXMLOraCollator,SYS,oracle/xml/xqxp/functions/OXMLCollator$OXMLOraCollator,
PUBLIC,oracle/xml/xqxp/functions/OXMLCollatorResolver,SYS,oracle/xml/xqxp/functions/OXMLCollatorResolver,
PUBLIC,oracle/xml/xqxp/functions/OXMLFunction,SYS,oracle/xml/xqxp/functions/OXMLFunction,
PUBLIC,oracle/xml/xqxp/functions/OXMLFunctionContext,SYS,oracle/xml/xqxp/functions/OXMLFunctionContext,
PUBLIC,oracle/xml/xqxp/functions/OXMLFunctionLibrary,SYS,oracle/xml/xqxp/functions/OXMLFunctionLibrary,
PUBLIC,oracle/xml/xqxp/functions/OXMLFunctionNSResolver,SYS,oracle/xml/xqxp/functions/OXMLFunctionNSResolver,
PUBLIC,oracle/xml/xqxp/functions/OXMLFunctionNSResolverFactory,SYS,oracle/xml/xqxp/functions/OXMLFunctionNSResolverFactory,
PUBLIC,oracle/xml/xqxp/functions/OXMLSQLExprFunction,SYS,oracle/xml/xqxp/functions/OXMLSQLExprFunction,
PUBLIC,oracle/xml/xqxp/XQException,SYS,oracle/xml/xqxp/XQException,
PUBLIC,oracle/xml/xslt/OutputURIResolver,SYS,oracle/xml/xslt/OutputURIResolver,
PUBLIC,oracle/xml/xslt/TransformMonitor,SYS,oracle/xml/xslt/TransformMonitor,
PUBLIC,oracle/xml/xslt/WildCard,SYS,oracle/xml/xslt/WildCard,
PUBLIC,oracle/xml/xslt/XMLStreamFilter,SYS,oracle/xml/xslt/XMLStreamFilter,
PUBLIC,oracle/xml/xslt/XMLStreamFilter$Property,SYS,oracle/xml/xslt/XMLStreamFilter$Property,
PUBLIC,oracle/xml/xslt/XSLAnalyzeString,SYS,oracle/xml/xslt/XSLAnalyzeString,
PUBLIC,oracle/xml/xslt/XSLApplyImport,SYS,oracle/xml/xslt/XSLApplyImport,
PUBLIC,oracle/xml/xslt/XSLApplyTemplates,SYS,oracle/xml/xslt/XSLApplyTemplates,
PUBLIC,oracle/xml/xslt/XSLAttribute,SYS,oracle/xml/xslt/XSLAttribute,
PUBLIC,oracle/xml/xslt/XSLAttributeSet,SYS,oracle/xml/xslt/XSLAttributeSet,
PUBLIC,oracle/xml/xslt/XSLBuilder,SYS,oracle/xml/xslt/XSLBuilder,
PUBLIC,oracle/xml/xslt/XSLCallTemplate,SYS,oracle/xml/xslt/XSLCallTemplate,
PUBLIC,oracle/xml/xslt/XSLCharacterMap,SYS,oracle/xml/xslt/XSLCharacterMap,
PUBLIC,oracle/xml/xslt/XSLCondition,SYS,oracle/xml/xslt/XSLCondition,
PUBLIC,oracle/xml/xslt/XSLConstants,SYS,oracle/xml/xslt/XSLConstants,
PUBLIC,oracle/xml/xslt/XSLCopy,SYS,oracle/xml/xslt/XSLCopy,
PUBLIC,oracle/xml/xslt/XSLCopyOf,SYS,oracle/xml/xslt/XSLCopyOf,
PUBLIC,oracle/xml/xslt/XSLDocument,SYS,oracle/xml/xslt/XSLDocument,
PUBLIC,oracle/xml/xslt/XSLDocumentBuilder,SYS,oracle/xml/xslt/XSLDocumentBuilder,
PUBLIC,oracle/xml/xslt/XSLElement,SYS,oracle/xml/xslt/XSLElement,
PUBLIC,oracle/xml/xslt/XSLEventHandler,SYS,oracle/xml/xslt/XSLEventHandler,
PUBLIC,oracle/xml/xslt/XSLException,SYS,oracle/xml/xslt/XSLException,
PUBLIC,oracle/xml/xslt/XSLFallback,SYS,oracle/xml/xslt/XSLFallback,
PUBLIC,oracle/xml/xslt/XSLForEach,SYS,oracle/xml/xslt/XSLForEach,
PUBLIC,oracle/xml/xslt/XSLForEachGroup,SYS,oracle/xml/xslt/XSLForEachGroup,
PUBLIC,oracle/xml/xslt/XSLForEachGroup$GroupingCache,SYS,oracle/xml/xslt/XSLForEachGroup$GroupingCache,
PUBLIC,oracle/xml/xslt/XSLFunction,SYS,oracle/xml/xslt/XSLFunction,
PUBLIC,oracle/xml/xslt/XSLFunctionDS,SYS,oracle/xml/xslt/XSLFunctionDS,
PUBLIC,oracle/xml/xslt/XSLImportSchema,SYS,oracle/xml/xslt/XSLImportSchema,
PUBLIC,oracle/xml/xslt/XSLKey,SYS,oracle/xml/xslt/XSLKey,
PUBLIC,oracle/xml/xslt/XSLMatchingSubstring,SYS,oracle/xml/xslt/XSLMatchingSubstring,
PUBLIC,oracle/xml/xslt/XSLMiscElements,SYS,oracle/xml/xslt/XSLMiscElements,
PUBLIC,oracle/xml/xslt/XSLNamespace,SYS,oracle/xml/xslt/XSLNamespace,
PUBLIC,oracle/xml/xslt/XSLNamespace2,SYS,oracle/xml/xslt/XSLNamespace2,
PUBLIC,oracle/xml/xslt/XSLNextMatch,SYS,oracle/xml/xslt/XSLNextMatch,
PUBLIC,oracle/xml/xslt/XSLNode,SYS,oracle/xml/xslt/XSLNode,
PUBLIC,oracle/xml/xslt/XSLNode$AttrValueTmpl,SYS,oracle/xml/xslt/XSLNode$AttrValueTmpl,
PUBLIC,oracle/xml/xslt/XSLNode$EndElement,SYS,oracle/xml/xslt/XSLNode$EndElement,
PUBLIC,oracle/xml/xslt/XSLNode$UpdateVar,SYS,oracle/xml/xslt/XSLNode$UpdateVar,
PUBLIC,oracle/xml/xslt/XSLNonMatchingSubstring,SYS,oracle/xml/xslt/XSLNonMatchingSubstring,
PUBLIC,oracle/xml/xslt/XSLNumber,SYS,oracle/xml/xslt/XSLNumber,
PUBLIC,oracle/xml/xslt/XSLNumber$IntFormatter,SYS,oracle/xml/xslt/XSLNumber$IntFormatter,
PUBLIC,oracle/xml/xslt/XSLNumber$NumberProperties,SYS,oracle/xml/xslt/XSLNumber$NumberProperties,
PUBLIC,oracle/xml/xslt/XSLOtherElements,SYS,oracle/xml/xslt/XSLOtherElements,
PUBLIC,oracle/xml/xslt/XSLOutput,SYS,oracle/xml/xslt/XSLOutput,
PUBLIC,oracle/xml/xslt/XSLOutputCharacter,SYS,oracle/xml/xslt/XSLOutputCharacter,
PUBLIC,oracle/xml/xslt/XSLPerfSort,SYS,oracle/xml/xslt/XSLPerfSort,
PUBLIC,oracle/xml/xslt/XSLProcessor,SYS,oracle/xml/xslt/XSLProcessor,
PUBLIC,oracle/xml/xslt/XSLProcessor$XSLTVersion,SYS,oracle/xml/xslt/XSLProcessor$XSLTVersion,
PUBLIC,oracle/xml/xslt/XSLProcessor$1,SYS,oracle/xml/xslt/XSLProcessor$1,
PUBLIC,oracle/xml/xslt/XSLResultDocument,SYS,oracle/xml/xslt/XSLResultDocument,
PUBLIC,oracle/xml/xslt/XSLResultElement,SYS,oracle/xml/xslt/XSLResultElement,
PUBLIC,oracle/xml/xslt/XSLSAXPrintDriver,SYS,oracle/xml/xslt/XSLSAXPrintDriver,
PUBLIC,oracle/xml/xslt/XSLSecurityManager,SYS,oracle/xml/xslt/XSLSecurityManager,
PUBLIC,oracle/xml/xslt/XSLSequence,SYS,oracle/xml/xslt/XSLSequence,
PUBLIC,oracle/xml/xslt/XSLSort,SYS,oracle/xml/xslt/XSLSort,
PUBLIC,oracle/xml/xslt/XSLSort$SortProperties,SYS,oracle/xml/xslt/XSLSort$SortProperties,
PUBLIC,oracle/xml/xslt/XSLSort$1,SYS,oracle/xml/xslt/XSLSort$1,
PUBLIC,oracle/xml/xslt/XSLSourceContext,SYS,oracle/xml/xslt/XSLSourceContext,
PUBLIC,oracle/xml/xslt/XSLSpaceElem,SYS,oracle/xml/xslt/XSLSpaceElem,
PUBLIC,oracle/xml/xslt/XSLStylesheet,SYS,oracle/xml/xslt/XSLStylesheet,
PUBLIC,oracle/xml/xslt/XSLStylesheet$dfstruct,SYS,oracle/xml/xslt/XSLStylesheet$dfstruct,
PUBLIC,oracle/xml/xslt/XSLTContext,SYS,oracle/xml/xslt/XSLTContext,
PUBLIC,oracle/xml/xslt/XSLTDebuggerTraceEvent,SYS,oracle/xml/xslt/XSLTDebuggerTraceEvent,
PUBLIC,oracle/xml/xslt/XSLTDebuggerTraceEventData,SYS,oracle/xml/xslt/XSLTDebuggerTraceEventData,
PUBLIC,oracle/xml/xslt/XSLTDebuggerTraceEventData$XSLTDebuggerXPathSequence,SYS,oracle/xml/xslt/XSLTDebuggerTraceEventData$XSLTDebuggerXPathSequence,
PUBLIC,oracle/xml/xslt/XSLTDebuggerTraceEventsListener,SYS,oracle/xml/xslt/XSLTDebuggerTraceEventsListener,
PUBLIC,oracle/xml/xslt/XSLTDebuggerTraceEventVars,SYS,oracle/xml/xslt/XSLTDebuggerTraceEventVars,
PUBLIC,oracle/xml/xslt/XSLTemplate,SYS,oracle/xml/xslt/XSLTemplate,
PUBLIC,oracle/xml/xslt/XSLText,SYS,oracle/xml/xslt/XSLText,
PUBLIC,oracle/xml/xslt/XSLValueOf,SYS,oracle/xml/xslt/XSLValueOf,
PUBLIC,oracle/xml/xslt/XSLVariable,SYS,oracle/xml/xslt/XSLVariable,
PUBLIC,oracle/xml/xti/QNameKey,SYS,oracle/xml/xti/QNameKey,
PUBLIC,oracle/xml/xti/XTICompressor,SYS,oracle/xml/xti/XTICompressor,
PUBLIC,oracle/xml/xti/XTIConstants,SYS,oracle/xml/xti/XTIConstants,
PUBLIC,oracle/xml/xti/XTIContentManager,SYS,oracle/xml/xti/XTIContentManager,
PUBLIC,oracle/xml/xti/XTIDecoder,SYS,oracle/xml/xti/XTIDecoder,
PUBLIC,oracle/xml/xti/XTIDecoder$DecodeElem,SYS,oracle/xml/xti/XTIDecoder$DecodeElem,
PUBLIC,oracle/xml/xti/XTIDecompressor,SYS,oracle/xml/xti/XTIDecompressor,
PUBLIC,oracle/xml/xti/XTIEncoder,SYS,oracle/xml/xti/XTIEncoder,
PUBLIC,oracle/xml/xti/XTIEncoder$ParentFChild,SYS,oracle/xml/xti/XTIEncoder$ParentFChild,
PUBLIC,oracle/xml/xti/XTIException,SYS,oracle/xml/xti/XTIException,
PUBLIC,oracle/xml/xti/XTIProcessor,SYS,oracle/xml/xti/XTIProcessor,
PUBLIC,oracle/xml/xti/XTIStream,SYS,oracle/xml/xti/XTIStream,
PUBLIC,oracle/xml/xti/XTIUtil,SYS,oracle/xml/xti/XTIUtil,
PUBLIC,ORA_CLIENT_IP_ADDRESS,SYS,CLIENT_IP_ADDRESS,
PUBLIC,ORA_DATABASE_NAME,SYS,DATABASE_NAME,
PUBLIC,ORA_DES_ENCRYPTED_PASSWORD,SYS,DES_ENCRYPTED_PASSWORD,
PUBLIC,ORA_DICT_OBJ_NAME,SYS,DICTIONARY_OBJ_NAME,
PUBLIC,ORA_DICT_OBJ_NAME_LIST,SYS,DICTIONARY_OBJ_NAME_LIST,
PUBLIC,ORA_DICT_OBJ_OWNER,SYS,DICTIONARY_OBJ_OWNER,
PUBLIC,ORA_DICT_OBJ_OWNER_LIST,SYS,DICTIONARY_OBJ_OWNER_LIST,
PUBLIC,ORA_DICT_OBJ_TYPE,SYS,DICTIONARY_OBJ_TYPE,
PUBLIC,ORA_DM_BUILD,SYS,ORA_DM_BUILD,
PUBLIC,ORA_DM_BUILD_FLAT,SYS,ORA_DM_BUILD_FLAT,
PUBLIC,ORA_DM_BUILD_FLAT_OROWS,SYS,ORA_DM_BUILD_FLAT_OROWS,
PUBLIC,ORA_DM_BUILD_OROWS,SYS,ORA_DM_BUILD_OROWS,
PUBLIC,ORA_DMSB_NODES,SYS,ORA_DMSB_NODES,
PUBLIC,ORA_FI_SUPERVISED_BINNING,SYS,ORA_FI_SUPERVISED_BINNING,
PUBLIC,ORA_GET_AUDITED_LABEL,LBACSYS,ORA_GET_AUDITED_LABEL,
PUBLIC,ORA_GRANTEE,SYS,GRANTEE,
PUBLIC,ORA_INSTANCE_NUM,SYS,INSTANCE_NUM,
PUBLIC,ORA_IS_ALTER_COLUMN,SYS,IS_ALTER_COLUMN,
PUBLIC,ORA_IS_CREATING_NESTED_TABLE,SYS,IS_CREATING_NESTED_TABLE,
PUBLIC,ORA_IS_DROP_COLUMN,SYS,IS_DROP_COLUMN,
PUBLIC,ORA_IS_SERVERERROR,SYS,IS_SERVERERROR,
PUBLIC,ORA_KGLR7_DB_LINKS,SYS,ORA_KGLR7_DB_LINKS,
PUBLIC,ORA_KGLR7_DEPENDENCIES,SYS,ORA_KGLR7_DEPENDENCIES,
PUBLIC,ORA_KGLR7_IDL_CHAR,SYS,ORA_KGLR7_IDL_CHAR,
PUBLIC,ORA_KGLR7_IDL_SB4,SYS,ORA_KGLR7_IDL_SB4,
PUBLIC,ORA_KGLR7_IDL_UB1,SYS,ORA_KGLR7_IDL_UB1,
PUBLIC,ORA_KGLR7_IDL_UB2,SYS,ORA_KGLR7_IDL_UB2,
PUBLIC,ORA_LOGIN_USER,SYS,LOGIN_USER,
PUBLIC,ORA_MINING_NUMBER_NT,SYS,ORA_MINING_NUMBER_NT,
PUBLIC,ORA_MINING_TABLES_NT,SYS,ORA_MINING_TABLES_NT,
PUBLIC,ORA_MINING_TABLE_TYPE,SYS,ORA_MINING_TABLE_TYPE,
PUBLIC,ORA_MINING_VARCHAR2_NT,SYS,ORA_MINING_VARCHAR2_NT,
PUBLIC,ORA_ORIGINAL_SQL_TXT,SYS,ORIGINAL_SQL_TXT,
PUBLIC,ORA_PARTITION_POS,SYS,PARTITION_POS,
PUBLIC,ORA_PRIVILEGE_LIST,SYS,PRIVILEGE_LIST,
PUBLIC,ORA_REVOKEE,SYS,REVOKEE,
PUBLIC,ORA_SERVER_ERROR,SYS,SERVER_ERROR,
PUBLIC,ORA_SERVER_ERROR_DEPTH,SYS,SERVER_ERROR_DEPTH,
PUBLIC,ORA_SERVER_ERROR_MSG,SYS,SERVER_ERROR_MSG,
PUBLIC,ORA_SERVER_ERROR_NUM_PARAMS,SYS,SERVER_ERROR_NUM_PARAMS,
PUBLIC,ORA_SERVER_ERROR_PARAM,SYS,SERVER_ERROR_PARAM,
PUBLIC,ORA_SI_MKSTILLIMAGE,ORDSYS,ORA_SI_MKSTILLIMAGE,
PUBLIC,ORA_SPACE_ERROR_INFO,SYS,SPACE_ERROR_INFO,
PUBLIC,ORA_SQL_TXT,SYS,SQL_TXT,
PUBLIC,ORA_SYSEVENT,SYS,SYSEVENT,
PUBLIC,ORA_WITH_GRANT_OPTION,SYS,WITH_GRANT_OPTION,
PUBLIC,ORD_AUDIO,ORDSYS,ORD_AUDIO,
PUBLIC,ORDAUDIO,ORDSYS,ORDAUDIO,
PUBLIC,ORDDATASOURCE,ORDSYS,ORDDATASOURCE,
PUBLIC,ORDDCM_CONFORMANCE_VLD_MSGS,ORDDATA,ORDDCM_CONFORMANCE_VLD_MSGS,
PUBLIC,ORDDCM_CONSTRAINT_NAMES,ORDDATA,ORDDCM_CONSTRAINT_NAMES,
PUBLIC,ORDDCM_DBRELEASE_DOCS,ORDDATA,ORDDCM_DBRELEASE_DOCS,
PUBLIC,ORDDCM_DOCUMENT_REFS,ORDDATA,ORDDCM_DOCUMENT_REFS,
PUBLIC,ORDDCM_DOCUMENTS,ORDDATA,ORDDCM_DOCUMENTS,
PUBLIC,ORDDCM_DOCUMENT_TYPES,ORDDATA,ORDDCM_DOCUMENT_TYPES,
PUBLIC,ORD_DICOM,ORDSYS,ORD_DICOM,
PUBLIC,ORDDICOM,ORDSYS,ORDDICOM,
PUBLIC,ORD_DICOM_ADMIN,ORDSYS,ORD_DICOM_ADMIN,
PUBLIC,ORD_DOC,ORDSYS,ORD_DOC,
PUBLIC,ORDDOC,ORDSYS,ORDDOC,
PUBLIC,ORD_IMAGE,ORDSYS,ORD_IMAGE,
PUBLIC,ORDIMAGE,ORDSYS,ORDIMAGE,
PUBLIC,ORDIMAGESIGNATURE,ORDSYS,ORDIMAGESIGNATURE,
PUBLIC,ORDPLSGWYUTIL,ORDSYS,ORDPLSGWYUTIL,
PUBLIC,ORD_VIDEO,ORDSYS,ORD_VIDEO,
PUBLIC,ORDVIDEO,ORDSYS,ORDVIDEO,
PUBLIC,org/jvnet/fastinfoset/EncodingAlgorithm,SYS,org/jvnet/fastinfoset/EncodingAlgorithm,
PUBLIC,org/jvnet/fastinfoset/EncodingAlgorithmException,SYS,org/jvnet/fastinfoset/EncodingAlgorithmException,
PUBLIC,org/jvnet/fastinfoset/EncodingAlgorithmIndexes,SYS,org/jvnet/fastinfoset/EncodingAlgorithmIndexes,
PUBLIC,org/jvnet/fastinfoset/ExternalVocabulary,SYS,org/jvnet/fastinfoset/ExternalVocabulary,
PUBLIC,org/jvnet/fastinfoset/FastInfosetException,SYS,org/jvnet/fastinfoset/FastInfosetException,
PUBLIC,org/jvnet/fastinfoset/FastInfosetParser,SYS,org/jvnet/fastinfoset/FastInfosetParser,
PUBLIC,org/jvnet/fastinfoset/FastInfosetResult,SYS,org/jvnet/fastinfoset/FastInfosetResult,
PUBLIC,org/jvnet/fastinfoset/FastInfosetSerializer,SYS,org/jvnet/fastinfoset/FastInfosetSerializer,
PUBLIC,org/jvnet/fastinfoset/FastInfosetSource,SYS,org/jvnet/fastinfoset/FastInfosetSource,
PUBLIC,org/jvnet/fastinfoset/RestrictedAlphabet,SYS,org/jvnet/fastinfoset/RestrictedAlphabet,
PUBLIC,org/jvnet/fastinfoset/sax/EncodingAlgorithmAttributes,SYS,org/jvnet/fastinfoset/sax/EncodingAlgorithmAttributes,
PUBLIC,org/jvnet/fastinfoset/sax/EncodingAlgorithmContentHandler,SYS,org/jvnet/fastinfoset/sax/EncodingAlgorithmContentHandler,
PUBLIC,org/jvnet/fastinfoset/sax/ExtendedContentHandler,SYS,org/jvnet/fastinfoset/sax/ExtendedContentHandler,
PUBLIC,org/jvnet/fastinfoset/sax/FastInfosetReader,SYS,org/jvnet/fastinfoset/sax/FastInfosetReader,
PUBLIC,org/jvnet/fastinfoset/sax/FastInfosetWriter,SYS,org/jvnet/fastinfoset/sax/FastInfosetWriter,
PUBLIC,org/jvnet/fastinfoset/sax/helpers/EncodingAlgorithmAttributesImpl,SYS,org/jvnet/fastinfoset/sax/helpers/EncodingAlgorithmAttributesImpl,
PUBLIC,org/jvnet/fastinfoset/sax/helpers/FastInfosetDefaultHandler,SYS,org/jvnet/fastinfoset/sax/helpers/FastInfosetDefaultHandler,
PUBLIC,org/jvnet/fastinfoset/sax/PrimitiveTypeContentHandler,SYS,org/jvnet/fastinfoset/sax/PrimitiveTypeContentHandler,
PUBLIC,org/jvnet/fastinfoset/sax/RestrictedAlphabetContentHandler,SYS,org/jvnet/fastinfoset/sax/RestrictedAlphabetContentHandler,
PUBLIC,org/jvnet/fastinfoset/stax/FastInfosetStreamReader,SYS,org/jvnet/fastinfoset/stax/FastInfosetStreamReader,
PUBLIC,org/jvnet/fastinfoset/stax/LowLevelFastInfosetStreamWriter,SYS,org/jvnet/fastinfoset/stax/LowLevelFastInfosetStreamWriter,
PUBLIC,org/jvnet/fastinfoset/Vocabulary,SYS,org/jvnet/fastinfoset/Vocabulary,
PUBLIC,org/jvnet/fastinfoset/VocabularyApplicationData,SYS,org/jvnet/fastinfoset/VocabularyApplicationData,
PUBLIC,org/w3c/dom/validation/CharacterDataEditVAL,SYS,org/w3c/dom/validation/CharacterDataEditVAL,
PUBLIC,org/w3c/dom/validation/DocumentEditVAL,SYS,org/w3c/dom/validation/DocumentEditVAL,
PUBLIC,org/w3c/dom/validation/ElementEditVAL,SYS,org/w3c/dom/validation/ElementEditVAL,
PUBLIC,org/w3c/dom/validation/ExceptionVAL,SYS,org/w3c/dom/validation/ExceptionVAL,
PUBLIC,org/w3c/dom/validation/NodeEditVAL,SYS,org/w3c/dom/validation/NodeEditVAL,
PUBLIC,OUTLINE,SYS,OUTLN_PKG,
PUBLIC,OUTLN_PKG,SYS,OUTLN_PKG,
PUBLIC,OVERLAP,MDSYS,OGC_OVERLAP,
PUBLIC,OWA,SYS,OWA,
PUBLIC,OWA_CACHE,SYS,OWA_CACHE,
PUBLIC,OWA_COOKIE,SYS,OWA_COOKIE,
PUBLIC,OWA_CUSTOM,SYS,OWA_CUSTOM,
PUBLIC,OWA_GLOBAL,SYS,OWA_CUSTOM,
PUBLIC,OWA_IMAGE,SYS,OWA_IMAGE,
PUBLIC,OWA_INIT,SYS,OWA_CUSTOM,
PUBLIC,OWA_MATCH,SYS,OWA_MATCH,
PUBLIC,OWA_OPT_LOCK,SYS,OWA_OPT_LOCK,
PUBLIC,OWA_PATTERN,SYS,OWA_PATTERN,
PUBLIC,OWA_SEC,SYS,OWA_SEC,
PUBLIC,OWA_TEXT,SYS,OWA_TEXT,
PUBLIC,OWA_UTIL,SYS,OWA_UTIL,
PUBLIC,PACKAGE_ARRAY,SYS,PACKAGE_ARRAY,
PUBLIC,PATH,XDB,PATH,
PUBLIC,PATH_VIEW,XDB,PATH_VIEW,
PUBLIC,PBSDE,SYS,PBSDE,
PUBLIC,PC_COLUMN_RECORD,MDSYS,PC_RECORD,
PUBLIC,PC_COLUMN_TABLE,MDSYS,PC_TABLE,
PUBLIC,PC_RECORD,MDSYS,PC_RECORD,
PUBLIC,PC_TABLE,MDSYS,PC_TABLE,
PUBLIC,PDB_ALERTS,SYS,PDB_ALERTS,
PUBLIC,PDB_PLUG_IN_VIOLATIONS,SYS,PDB_PLUG_IN_VIOLATIONS,
PUBLIC,PLAN_OBJECT_LIST,SYS,PLAN_OBJECT_LIST,
PUBLIC,PLAN_PARAMS,SYS,PLAN_PARAMS,
PUBLIC,PLAN_TABLE,SYS,PLAN_TABLE$,
PUBLIC,PLAN_TABLE_OBJECT,SYS,PLAN_TABLE_OBJECT,
PUBLIC,PLITBLM,SYS,PLITBLM,
PUBLIC,PLSQL_STACK_ARRAY,DVSYS,PLSQL_STACK_ARRAY,
PUBLIC,POINT,MDSYS,ST_POINT,
PUBLIC,POINTFROMTEXT,MDSYS,OGC_POINTFROMTEXT,
PUBLIC,POINTFROMWKB,MDSYS,OGC_POINTFROMWKB,
PUBLIC,POINTN,MDSYS,OGC_POINTN,
PUBLIC,POINTONSURFACE,MDSYS,OGC_POINTONSURFACE,
PUBLIC,POLYGON,MDSYS,ST_POLYGON,
PUBLIC,POLYGONFROMTEXT,MDSYS,OGC_POLYGONFROMTEXT,
PUBLIC,POLYGONFROMWKB,MDSYS,OGC_POLYGONFROMWKB,
PUBLIC,PRIVATE_JDBC,SYS,PRIVATE_JDBC,
PUBLIC,PRIVS_TO_CHAR,LBACSYS,PRIVS_TO_CHAR,
PUBLIC,PRIVS_TO_CHAR_N,LBACSYS,PRIVS_TO_CHAR_N,
PUBLIC,PROC_MSG,MDSYS,PROC_MSG,
PUBLIC,PROC_MSG_ARR,MDSYS,PROC_MSG_ARR,
PUBLIC,PROC_MSG_PKD,MDSYS,PROC_MSG_PKD,
PUBLIC,PRODUCT_COMPONENT_VERSION,SYS,PRODUCT_COMPONENT_VERSION,
PUBLIC,PRODUCT_PROFILE,SYSTEM,PRODUCT_PRIVS,
PUBLIC,PRODUCT_USER_PROFILE,SYSTEM,PRODUCT_PRIVS,
PUBLIC,PROXY_ROLES,SYS,PROXY_ROLES,
PUBLIC,PROXY_USERS,SYS,PROXY_USERS,
PUBLIC,PROXY_USERS_AND_ROLES,SYS,PROXY_USERS_AND_ROLES,
PUBLIC,PRVT_ASH_OMX,SYS,PRVT_ASH_OMX,
PUBLIC,PRVT_EMX,SYS,PRVT_EMX,
PUBLIC,PRVTEMX_SQL,SYS,PRVTEMX_SQL,
PUBLIC,PRVT_SAM,MDSYS,PRVT_SAM,
PUBLIC,PUBLIC_DEPENDENCY,SYS,PUBLIC_DEPENDENCY,
PUBLIC,QUEUE_PRIVILEGES,SYS,QUEUE_PRIVILEGES,
PUBLIC,RDFSA_RESOURCE,MDSYS,RDFSA_RESOURCE,
PUBLIC,RECYCLEBIN,SYS,USER_RECYCLEBIN,
PUBLIC,REDACTION_COLUMNS,SYS,REDACTION_COLUMNS,
PUBLIC,REDACTION_COLUMNS_DBMS_ERRLOG,SYS,REDACTION_COLUMNS_DBMS_ERRLOG,
PUBLIC,REDACTION_EXPRESSIONS,SYS,REDACTION_EXPRESSIONS,
PUBLIC,REDACTION_POLICIES,SYS,REDACTION_POLICIES,
PUBLIC,REDACTION_VALUES_FOR_TYPE_FULL,SYS,REDACTION_VALUES_FOR_TYPE_FULL,
PUBLIC,RELATE,MDSYS,OGC_RELATE,
PUBLIC,_REPORT_COMPONENT_OBJECTS,SYS,_REPORT_COMPONENT_OBJECTS,
PUBLIC,REPORT_COMPONENTS,SYS,REPORT_COMPONENTS,
PUBLIC,REPORT_FILES,SYS,REPORT_FILES,
PUBLIC,_REPORT_FORMATS,SYS,_REPORT_FORMATS,
PUBLIC,REPORT_FORMATS,SYS,REPORT_FORMATS,
PUBLIC,RESOURCE_COST,SYS,RESOURCE_COST,
PUBLIC,RESOURCE_VIEW,XDB,RESOURCE_VIEW,
PUBLIC,REWRITEARRAYTYPE,SYS,REWRITEARRAYTYPE,
PUBLIC,REWRITEMESSAGE,SYS,REWRITEMESSAGE,
PUBLIC,ROLE_ARRAY,SYS,ROLE_ARRAY,
PUBLIC,ROLE_ID_LIST,SYS,ROLE_ID_LIST,
PUBLIC,ROLE_IS_ENABLED,DVSYS,ROLE_IS_ENABLED,
PUBLIC,ROLENAME_ARRAY,SYS,ROLENAME_ARRAY,
PUBLIC,ROLE_NAME_LIST,SYS,ROLE_NAME_LIST,
PUBLIC,ROLE_ROLE_PRIVS,SYS,ROLE_ROLE_PRIVS,
PUBLIC,ROLE_SYS_PRIVS,SYS,ROLE_SYS_PRIVS,
PUBLIC,ROLE_TAB_PRIVS,SYS,ROLE_TAB_PRIVS,
PUBLIC,ROLE_WM_PRIVS,WMSYS,ROLE_WM_PRIVS,
PUBLIC,RTREEJOINFUNC,MDSYS,RTREEJOINFUNC,
PUBLIC,RULE_EXPRESSION,SYS,RULE_EXPRESSION,
PUBLIC,RULE_EXPRESSION_CLAUSES,SYS,RULE_EXPRESSION_CLAUSES,
PUBLIC,RULE_EXPRESSION_CONDITIONS,SYS,RULE_EXPRESSION_CONDITIONS,
PUBLIC,SA_AUDIT_ADMIN,LBACSYS,SA_AUDIT_ADMIN,
PUBLIC,SA_COMPONENTS,LBACSYS,SA_COMPONENTS,
PUBLIC,SA_LABEL_ADMIN,LBACSYS,SA_LABEL_ADMIN,
PUBLIC,SAM_SPARSITY_ADVICE,SYS,SAM_SPARSITY_ADVICE,
PUBLIC,SA_POLICY_ADMIN,LBACSYS,LBAC_POLICY_ADMIN,
PUBLIC,SA_SESSION,LBACSYS,SA_SESSION,
PUBLIC,SA_SYSDBA,LBACSYS,SA_SYSDBA,
PUBLIC,SA_USER_ADMIN,LBACSYS,SA_USER_ADMIN,
PUBLIC,SA_UTL,LBACSYS,SA_UTL,
PUBLIC,SCHEDULER_BATCH_ERRORS,SYS,SCHEDULER_BATCH_ERRORS,
PUBLIC,SCHEMA_EXPORT_OBJECTS,SYS,SCHEMA_EXPORT_OBJECTS,
PUBLIC,SCHEMA_EXPORT_PATHS,SYS,SCHEMA_EXPORT_PATHS,
PUBLIC,SCN_TO_TIMESTAMP,SYS,SCN_TO_TIMESTAMP,
PUBLIC,SCORE,CTXSYS,SCORE,
PUBLIC,SDO,MDSYS,SDO,
PUBLIC,SDO_ADDR_ARRAY,MDSYS,SDO_ADDR_ARRAY,
PUBLIC,SDO_ADMIN,MDSYS,SDO_ADMIN,
PUBLIC,SDO_AGGR,MDSYS,SDO_AGGR,
PUBLIC,SDO_AGGR_CENTROID,MDSYS,SDO_AGGR_CENTROID,
PUBLIC,SDO_AGGR_CONCAT_LINES,MDSYS,SDO_AGGR_CONCAT_LINES,
PUBLIC,SDO_AGGR_CONCAVEHULL,MDSYS,SDO_AGGR_CONCAVEHULL,
PUBLIC,SDO_AGGR_CONVEXHULL,MDSYS,SDO_AGGR_CONVEXHULL,
PUBLIC,SDO_AGGR_LRS_CONCAT,MDSYS,SDO_AGGR_LRS_CONCAT,
PUBLIC,SDO_AGGR_LRS_CONCAT_3D,MDSYS,SDO_AGGR_LRS_CONCAT_3D,
PUBLIC,SDO_AGGR_MBR,MDSYS,SDO_AGGR_MBR,
PUBLIC,SDO_AGGR_SET_UNION,MDSYS,SDO_AGGR_SET_UNION,
PUBLIC,SDOAGGRTYPE,MDSYS,SDOAGGRTYPE,
PUBLIC,SDO_AGGR_UNION,MDSYS,SDO_AGGR_UNION,
PUBLIC,SDO_ANGLE_UNITS,MDSYS,SDO_ANGLE_UNITS,
PUBLIC,SDO_ANYINTERACT,MDSYS,SDO_ANYINTERACT,
PUBLIC,SDO_AREA_UNITS,MDSYS,SDO_AREA_UNITS,
PUBLIC,SDO_AVAILABLE_ELEM_OPS,MDSYS,SDO_AVAILABLE_ELEM_OPS,
PUBLIC,SDO_AVAILABLE_NON_ELEM_OPS,MDSYS,SDO_AVAILABLE_NON_ELEM_OPS,
PUBLIC,SDO_AVAILABLE_OPS,MDSYS,SDO_AVAILABLE_OPS,
PUBLIC,SDO_CATALOG,MDSYS,SDO_CATALOG,
PUBLIC,SDO_CLOSEST_POINTS_TYPE,MDSYS,SDO_CLOSEST_POINTS_TYPE,
PUBLIC,SDO_COLLECTION2D,MDSYS,SDO_COLLECTION2D,
PUBLIC,SDO_COLLECTION3D,MDSYS,SDO_COLLECTION3D,
PUBLIC,SDO_CONTAINS,MDSYS,SDO_CONTAINS,
PUBLIC,SDO_COORD_AXES,MDSYS,SDO_COORD_AXES,
PUBLIC,SDO_COORD_AXIS_NAMES,MDSYS,SDO_COORD_AXIS_NAMES,
PUBLIC,SDO_COORD_OP_METHODS,MDSYS,SDO_COORD_OP_METHODS,
PUBLIC,SDO_COORD_OP_PARAMS,MDSYS,SDO_COORD_OP_PARAMS,
PUBLIC,SDO_COORD_OP_PARAM_USE,MDSYS,SDO_COORD_OP_PARAM_USE,
PUBLIC,SDO_COORD_OP_PARAM_VALS,MDSYS,SDO_COORD_OP_PARAM_VALS,
PUBLIC,SDO_COORD_OP_PATHS,MDSYS,SDO_COORD_OP_PATHS,
PUBLIC,SDO_COORD_OPS,MDSYS,SDO_COORD_OPS,
PUBLIC,SDO_COORD_REF_SYS,MDSYS,SDO_COORD_REF_SYS,
PUBLIC,SDO_COORD_REF_SYSTEM,MDSYS,SDO_COORD_REF_SYSTEM,
PUBLIC,SDO_COORD_SYS,MDSYS,SDO_COORD_SYS,
PUBLIC,SDO_COVEREDBY,MDSYS,SDO_COVEREDBY,
PUBLIC,SDO_COVERS,MDSYS,SDO_COVERS,
PUBLIC,SDO_CRS_COMPOUND,MDSYS,SDO_CRS_COMPOUND,
PUBLIC,SDO_CRS_ENGINEERING,MDSYS,SDO_CRS_ENGINEERING,
PUBLIC,SDO_CRS_GEOCENTRIC,MDSYS,SDO_CRS_GEOCENTRIC,
PUBLIC,SDO_CRS_GEOGRAPHIC2D,MDSYS,SDO_CRS_GEOGRAPHIC2D,
PUBLIC,SDO_CRS_GEOGRAPHIC3D,MDSYS,SDO_CRS_GEOGRAPHIC3D,
PUBLIC,SDO_CRS_PROJECTED,MDSYS,SDO_CRS_PROJECTED,
PUBLIC,SDO_CRS_VERTICAL,MDSYS,SDO_CRS_VERTICAL,
PUBLIC,SDO_CS,MDSYS,SDO_CS,
PUBLIC,SDO_CSW,MDSYS,SDO_CSW,
PUBLIC,SDO_CURVE2D,MDSYS,SDO_CURVE2D,
PUBLIC,SDO_CURVE3D,MDSYS,SDO_CURVE3D,
PUBLIC,SDO_DATUM_ENGINEERING,MDSYS,SDO_DATUM_ENGINEERING,
PUBLIC,SDO_DATUM_GEODETIC,MDSYS,SDO_DATUM_GEODETIC,
PUBLIC,SDO_DATUMS,MDSYS,SDO_DATUMS,
PUBLIC,SDO_DATUMS_OLD_FORMAT,MDSYS,SDO_DATUMS_OLD_FORMAT,
PUBLIC,SDO_DATUMS_OLD_SNAPSHOT,MDSYS,SDO_DATUMS_OLD_SNAPSHOT,
PUBLIC,SDO_DATUM_VERTICAL,MDSYS,SDO_DATUM_VERTICAL,
PUBLIC,SDO_DIAG_MESSAGES_TABLE,MDSYS,SDO_DIAG_MESSAGES_TABLE,
PUBLIC,SDO_DIM_ARRAY,MDSYS,SDO_DIM_ARRAY,
PUBLIC,SDO_DIM_ELEMENT,MDSYS,SDO_DIM_ELEMENT,
PUBLIC,SDO_DIST_METADATA_TABLE,MDSYS,SDO_DIST_METADATA_TABLE,
PUBLIC,SDO_DIST_UNITS,MDSYS,SDO_DIST_UNITS,
PUBLIC,SDO_EDGE_ARRAY,MDSYS,SDO_EDGE_ARRAY,
PUBLIC,SDO_ELEM_INFO_ARRAY,MDSYS,SDO_ELEM_INFO_ARRAY,
PUBLIC,SDO_ELLIPSOIDS,MDSYS,SDO_ELLIPSOIDS,
PUBLIC,SDO_ELLIPSOIDS_OLD_FORMAT,MDSYS,SDO_ELLIPSOIDS_OLD_FORMAT,
PUBLIC,SDO_ELLIPSOIDS_OLD_SNAPSHOT,MDSYS,SDO_ELLIPSOIDS_OLD_SNAPSHOT,
PUBLIC,SDO_EQUAL,MDSYS,SDO_EQUAL,
PUBLIC,SDO_FEATURE,MDSYS,MDPRVT_FEATURE,
PUBLIC,SDO_FILTER,MDSYS,SDO_FILTER,
PUBLIC,SDO_GCDR,MDSYS,SDO_GCDR,
PUBLIC,SDO_GEO_ADDR,MDSYS,SDO_GEO_ADDR,
PUBLIC,SDO_GEOM,MDSYS,SDO_GEOM,
PUBLIC,SDO_GEOMETRY,MDSYS,SDO_GEOMETRY,
PUBLIC,SDO_GEOMETRY_ARRAY,MDSYS,SDO_GEOMETRY_ARRAY,
PUBLIC,SDO_GEOR,MDSYS,SDO_GEOR,
PUBLIC,SDO_GEOR_ADMIN,MDSYS,SDO_GEOR_ADMIN,
PUBLIC,SDO_GEOR_AGGR,MDSYS,SDO_GEOR_AGGR,
PUBLIC,SDO_GEORASTER,MDSYS,SDO_GEORASTER,
PUBLIC,SDO_GEORASTER_ARRAY,MDSYS,SDO_GEORASTER_ARRAY,
PUBLIC,SDO_GEOR_AUX,MDSYS,SDO_GEOR_AUX,
PUBLIC,SDO_GEOR_CELL,MDSYS,SDO_GEOR_CELL,
PUBLIC,SDO_GEOR_CELL_TABLE,MDSYS,SDO_GEOR_CELL_TABLE,
PUBLIC,SDO_GEOR_COLORMAP,MDSYS,SDO_GEOR_COLORMAP,
PUBLIC,SDO_GEOR_GCP,MDSYS,SDO_GEOR_GCP,
PUBLIC,SDO_GEOR_GCP_COLLECTION,MDSYS,SDO_GEOR_GCP_COLLECTION,
PUBLIC,SDO_GEOR_GCPGEOREFTYPE,MDSYS,SDO_GEOR_GCPGEOREFTYPE,
PUBLIC,SDO_GEOR_GDAL,MDSYS,SDO_GEOR_GDAL,
PUBLIC,SDO_GEOR_GRAYSCALE,MDSYS,SDO_GEOR_GRAYSCALE,
PUBLIC,SDO_GEOR_HISTOGRAM,MDSYS,SDO_GEOR_HISTOGRAM,
PUBLIC,SDO_GEOR_HISTOGRAM_ARRAY,MDSYS,SDO_GEOR_HISTOGRAM_ARRAY,
PUBLIC,SDO_GEOR_IP,MDSYS,SDO_GEOR_IP,
PUBLIC,SDO_GEOR_METADATA,MDSYS,SDO_GEOR_METADATA,
PUBLIC,SDO_GEOR_RA,MDSYS,SDO_GEOR_RA,
PUBLIC,SDO_GEOR_SRS,MDSYS,SDO_GEOR_SRS,
PUBLIC,SDO_GEOR_UTL,MDSYS,SDO_GEOR_UTL,
PUBLIC,SDO_GET_TAB_PART,MDSYS,SDO_GET_TAB_PART,
PUBLIC,SDO_GET_TAB_SUBPART,MDSYS,SDO_GET_TAB_SUBPART,
PUBLIC,SDO_INDEX_HISTOGRAM,MDSYS,USER_SDO_INDEX_HISTOGRAM,
PUBLIC,SDO_INDEX_HISTOGRAMS,MDSYS,USER_SDO_INDEX_HISTOGRAM,
PUBLIC,SDO_INDEX_HISTOGRAM_TABLE,MDSYS,SDO_INDEX_HISTOGRAM_TABLE,
PUBLIC,SDO_INDEX_METADATA,MDSYS,USER_SDO_INDEX_METADATA,
PUBLIC,SDO_INSIDE,MDSYS,SDO_INSIDE,
PUBLIC,SDO_INTERACTION,MDSYS,SDO_INTERACTION,
PUBLIC,SDO_INTERACTION_ARRAY,MDSYS,SDO_INTERACTION_ARRAY,
PUBLIC,SDO_INTERACT_LINE_FEAT,MDSYS,SDO_INTERACT_LINE_FEAT,
PUBLIC,SDO_INTERACT_LINE_FEAT_ARRAY,MDSYS,SDO_INTERACT_LINE_FEAT_ARRAY,
PUBLIC,SDO_INTERACT_POINT_FEAT,MDSYS,SDO_INTERACT_POINT_FEAT,
PUBLIC,SDO_INTERACT_POINT_FEAT_ARRAY,MDSYS,SDO_INTERACT_POINT_FEAT_ARRAY,
PUBLIC,SDO_JOIN,MDSYS,SDO_JOIN,
PUBLIC,SDO_KEYWORDARRAY,MDSYS,SDO_KEYWORDARRAY,
PUBLIC,SDO_LINESTRING2D,MDSYS,SDO_LINESTRING2D,
PUBLIC,SDO_LINESTRING3D,MDSYS,SDO_LINESTRING3D,
PUBLIC,SDO_LINK_T,MDSYS,SDO_LINK_T,
PUBLIC,SDO_LIST_TYPE,MDSYS,SDO_LIST_TYPE,
PUBLIC,SDO_LODS_TYPE,MDSYS,SDO_LODS_TYPE,
PUBLIC,SDO_LONLAT,MDSYS,SDO_LONLAT,
PUBLIC,SDO_LRS,MDSYS,SDO_LRS,
PUBLIC,S_DOM,LBACSYS,NUMERIC_STRICTLY_DOMINATES,
PUBLIC,SDO_MBR,MDSYS,SDO_MBR,
PUBLIC,S_DOM_BY,LBACSYS,NUMERIC_STRICTLY_DOMINATED_BY,
PUBLIC,SDO_MIGRATE,MDSYS,SDO_MIGRATE,
PUBLIC,SDO_MULTICURVE2D,MDSYS,SDO_MULTICURVE2D,
PUBLIC,SDO_MULTICURVE3D,MDSYS,SDO_MULTICURVE3D,
PUBLIC,SDO_MULTILINESTRING2D,MDSYS,SDO_MULTILINESTRING2D,
PUBLIC,SDO_MULTILINESTRING3D,MDSYS,SDO_MULTILINESTRING3D,
PUBLIC,SDO_MULTIPOINT2D,MDSYS,SDO_MULTIPOINT2D,
PUBLIC,SDO_MULTIPOINT3D,MDSYS,SDO_MULTIPOINT3D,
PUBLIC,SDO_MULTIPOLYGON2D,MDSYS,SDO_MULTIPOLYGON2D,
PUBLIC,SDO_MULTIPOLYGON3D,MDSYS,SDO_MULTIPOLYGON3D,
PUBLIC,SDO_NDM_TRAFFIC,MDSYS,SDO_NDM_TRAFFIC,
PUBLIC,SDO_NET,MDSYS,SDO_NET,
PUBLIC,SDO_NET_FEAT_ELEM,MDSYS,SDO_NET_FEAT_ELEM,
PUBLIC,SDO_NET_FEAT_ELEM_ARRAY,MDSYS,SDO_NET_FEAT_ELEM_ARRAY,
PUBLIC,SDO_NET_LAYER_FEAT,MDSYS,SDO_NET_LAYER_FEAT,
PUBLIC,SDO_NET_LAYER_FEAT_ARRAY,MDSYS,SDO_NET_LAYER_FEAT_ARRAY,
PUBLIC,SDO_NET_LINK,MDSYS,SDO_NET_LINK,
PUBLIC,SDO_NET_LINK_NTBL,MDSYS,SDO_NET_LINK_NTBL,
PUBLIC,SDO_NET_MEM,MDSYS,SDO_NET_MEM,
PUBLIC,SDO_NET_OP,MDSYS,SDO_NET_OP,
PUBLIC,SDO_NET_OP_NTBL,MDSYS,SDO_NET_OP_NTBL,
PUBLIC,SDO_NET_PARTITION,MDSYS,SDO_NET_PARTITION,
PUBLIC,SDO_NET_UPD_HIST,MDSYS,SDO_NET_UPD_HIST,
PUBLIC,SDO_NET_UPD_HIST_N,MDSYS,SDO_NET_UPD_HIST_N,
PUBLIC,SDO_NET_UPD_HIST_NTBL,MDSYS,SDO_NET_UPD_HIST_NTBL,
PUBLIC,SDO_NET_UPD_HIST_TBL,MDSYS,SDO_NET_UPD_HIST_TBL,
PUBLIC,SDO_NETWORK_MANAGER_T,MDSYS,SDO_NETWORK_MANAGER_T,
PUBLIC,SDO_NETWORK_T,MDSYS,SDO_NETWORK_T,
PUBLIC,SDO_NFE,MDSYS,SDO_NFE,
PUBLIC,SDO_NN,MDSYS,SDO_NN,
PUBLIC,SDO_NN_DISTANCE,MDSYS,SDO_NN_DISTANCE,
PUBLIC,SDO_NODE_T,MDSYS,SDO_NODE_T,
PUBLIC,SDO_NUMBER_ARRAY,MDSYS,SDO_NUMBER_ARRAY,
PUBLIC,SDO_NUMBER_ARRAYSET,MDSYS,SDO_NUMBER_ARRAYSET,
PUBLIC,SDO_OBJ_TRACING,MDSYS,SDO_OBJ_TRACING,
PUBLIC,SDO_OLS,MDSYS,SDO_OLS,
PUBLIC,SDO_ON,MDSYS,SDO_ON,
PUBLIC,SDO_ORDINATE_ARRAY,MDSYS,SDO_ORDINATE_ARRAY,
PUBLIC,SDO_ORGSCL_TYPE,MDSYS,SDO_ORGSCL_TYPE,
PUBLIC,SDO_OVERLAPBDYDISJOINT,MDSYS,SDO_OVERLAPBDYDISJOINT,
PUBLIC,SDO_OVERLAPBDYINTERSECT,MDSYS,SDO_OVERLAPBDYINTERSECT,
PUBLIC,SDO_OVERLAPS,MDSYS,SDO_OVERLAPS,
PUBLIC,SDO_OWM_INSTALLED,MDSYS,SDO_OWM_INSTALLED,
PUBLIC,SDO_PATH_T,MDSYS,SDO_PATH_T,
PUBLIC,SDO_PC,MDSYS,SDO_PC,
PUBLIC,SDO_PC_BLK,MDSYS,SDO_PC_BLK,
PUBLIC,SDO_PC_PKG,MDSYS,SDO_PC_PKG,
PUBLIC,SDO_PCS_TYPE,MDSYS,SDO_PCS_TYPE,
PUBLIC,SDO_POINTINPOLYGON,MDSYS,SDO_POINTINPOLYGON,
PUBLIC,SDO_POINT_TYPE,MDSYS,SDO_POINT_TYPE,
PUBLIC,SDO_POINT2D,MDSYS,SDO_POINT2D,
PUBLIC,SDO_POINT3D,MDSYS,SDO_POINT3D,
PUBLIC,SDO_POLYGON2D,MDSYS,SDO_POLYGON2D,
PUBLIC,SDO_POLYGON3D,MDSYS,SDO_POLYGON3D,
PUBLIC,SDO_PQRY,MDSYS,SDO_PQRY,
PUBLIC,SDO_PREFERRED_OPS_SYSTEM,MDSYS,SDO_PREFERRED_OPS_SYSTEM,
PUBLIC,SDO_PREFERRED_OPS_USER,MDSYS,SDO_PREFERRED_OPS_USER,
PUBLIC,SDO_PRIDX,MDSYS,SDO_PRIDX,
PUBLIC,SDO_PRIME_MERIDIANS,MDSYS,SDO_PRIME_MERIDIANS,
PUBLIC,SDO_PROJECTIONS_OLD_FORMAT,MDSYS,SDO_PROJECTIONS_OLD_FORMAT,
PUBLIC,SDO_PROJECTIONS_OLD_SNAPSHOT,MDSYS,SDO_PROJECTIONS_OLD_SNAPSHOT,
PUBLIC,SDO_RANGE,MDSYS,SDO_RANGE,
PUBLIC,SDO_RANGE_ARRAY,MDSYS,SDO_RANGE_ARRAY,
PUBLIC,SDO_RASTER,MDSYS,SDO_RASTER,
PUBLIC,SDO_RASTERSET,MDSYS,SDO_RASTERSET,
PUBLIC,SDO_RDF,MDSYS,SDO_RDF,
PUBLIC,SDO_RDF_ALIAS,MDSYS,RDF_ALIAS,
PUBLIC,SDO_RDF_ALIASES,MDSYS,RDF_ALIASES,
PUBLIC,SDO_RDF_CLOBS,MDSYS,RDF_CLOBS,
PUBLIC,SDO_RDF_ENTAILMENTS,MDSYS,RDF_ENTAILMENTS,
PUBLIC,SDO_RDF_GRAPHS,MDSYS,RDF_GRAPHS,
PUBLIC,SDO_RDF_INFERENCE,MDSYS,RDF_APIS,
PUBLIC,SDO_RDF_INTERNAL,MDSYS,SDO_RDF_INTERNAL,
PUBLIC,SDO_RDF_MATCH,MDSYS,RDF_MATCH,
PUBLIC,SDO_RDF_MODELS,MDSYS,RDF_MODELS,
PUBLIC,SDO_RDF_ROWTYPE,MDSYS,SDO_RDF_ROWTYPE,
PUBLIC,SDO_RDF_RULEBASES,MDSYS,RDF_RULEBASES,
PUBLIC,SDO_RDF_TERM,MDSYS,SDO_RDF_TERM,
PUBLIC,SDO_RDF_TERM_LIST,MDSYS,SDO_RDF_TERM_LIST,
PUBLIC,SDO_RDF_TRIPLE,MDSYS,SDO_RDF_TRIPLE,
PUBLIC,SDO_RDF_TRIPLE_S,MDSYS,SDO_RDF_TRIPLE_S,
PUBLIC,SDO_REGAGGR,MDSYS,SDO_REGAGGR,
PUBLIC,SDO_REGAGGRSET,MDSYS,SDO_REGAGGRSET,
PUBLIC,SDO_REGION,MDSYS,SDO_REGION,
PUBLIC,SDO_REGIONSET,MDSYS,SDO_REGIONSET,
PUBLIC,SDO_RELATE,MDSYS,SDO_RELATE,
PUBLIC,SDO_RELATEMASK_TABLE,MDSYS,SDO_RELATEMASK_TABLE,
PUBLIC,SDORIDTABLE,MDSYS,SDORIDTABLE,
PUBLIC,SDO_ROUTER_PARTITION,MDSYS,SDO_ROUTER_PARTITION,
PUBLIC,SDO_ROUTER_TIMEZONE,MDSYS,SDO_ROUTER_TIMEZONE,
PUBLIC,SDO_ROWIDPAIR,MDSYS,SDO_ROWIDPAIR,
PUBLIC,SDO_ROWIDSET,MDSYS,SDO_ROWIDSET,
PUBLIC,SDO_RTREE_ADMIN,MDSYS,SDO_RTREE_ADMIN,
PUBLIC,SDO_RTREE_FILTER,MDSYS,SDO_RTREE_FILTER,
PUBLIC,SDO_RTREE_RELATE,MDSYS,SDO_RTREE_RELATE,
PUBLIC,SDO_SAM,MDSYS,SDO_SAM,
PUBLIC,SDO_SEM,MDSYS,SDO_RDF,
PUBLIC,SDO_SEM_DOWNGRADE,MDSYS,SDO_SEM_DOWNGRADE,
PUBLIC,SDO_SEM_DOWNGRADE_UTL,MDSYS,SDO_SEM_DOWNGRADE_UTL,
PUBLIC,SDO_SEM_INFERENCE,MDSYS,SDO_SEM_INFERENCE,
PUBLIC,SDO_SEM_VALIDATE,MDSYS,SDO_SEM_VALIDATE,
PUBLIC,SDO_SRID,MDSYS,MDPRVT_SRID,
PUBLIC,SDO_SRID_CHAIN,MDSYS,SDO_SRID_CHAIN,
PUBLIC,SDO_SRID_LIST,MDSYS,SDO_SRID_LIST,
PUBLIC,SDO_SRIDS_BY_URN,MDSYS,SDO_SRIDS_BY_URN,
PUBLIC,SDO_SRIDS_BY_URN_PATTERN,MDSYS,SDO_SRIDS_BY_URN_PATTERN,
PUBLIC,SDO_SRS_NAMESPACE,MDSYS,SRSNAMESPACE_TABLE,
PUBLIC,SDO_STATISTICS,MDSYS,SDO_STATISTICS,
PUBLIC,SDO_STRING_ARRAY,MDSYS,SDO_STRING_ARRAY,
PUBLIC,SDO_STRING2_ARRAY,MDSYS,SDO_STRING2_ARRAY,
PUBLIC,SDO_STRING2_ARRAYSET,MDSYS,SDO_STRING2_ARRAYSET,
PUBLIC,SDO_ST_TOLERANCE,MDSYS,SDO_ST_TOLERANCE,
PUBLIC,SDO_TFM_CHAIN,MDSYS,SDO_TFM_CHAIN,
PUBLIC,SDO_TGL_OBJECT,MDSYS,SDO_TGL_OBJECT,
PUBLIC,SDO_TGL_OBJECT_ARRAY,MDSYS,SDO_TGL_OBJECT_ARRAY,
PUBLIC,SDO_TIN,MDSYS,SDO_TIN,
PUBLIC,SDO_TIN_BLK,MDSYS,SDO_TIN_BLK,
PUBLIC,SDO_TIN_PKG,MDSYS,SDO_TIN_PKG,
PUBLIC,SDO_TOPO,MDSYS,SDO_TOPO,
PUBLIC,SDO_TOPO_ANYINTERACT,MDSYS,SDO_ANYINTERACT,
PUBLIC,SDO_TOPO_DATA$,MDSYS,SDO_TOPO_DATA$,
PUBLIC,SDO_TOPO_GEOMETRY,MDSYS,SDO_TOPO_GEOMETRY,
PUBLIC,SDO_TOPO_GEOMETRY_LAYER,MDSYS,SDO_TOPO_GEOMETRY_LAYER,
PUBLIC,SDO_TOPO_GEOMETRY_LAYER_ARRAY,MDSYS,SDO_TOPO_GEOMETRY_LAYER_ARRAY,
PUBLIC,SDO_TOPO_GEOMETRY_LAYER_TABLE,MDSYS,SDO_TOPO_GEOMETRY_LAYER_TABLE,
PUBLIC,SDO_TOPO_MAP,MDSYS,SDO_TOPO_MAP,
PUBLIC,SDO_TOPO_NSTD_TBL,MDSYS,SDO_TOPO_NSTD_TBL,
PUBLIC,SDO_TOPO_OBJECT,MDSYS,SDO_TOPO_OBJECT,
PUBLIC,SDO_TOPO_OBJECT_ARRAY,MDSYS,SDO_TOPO_OBJECT_ARRAY,
PUBLIC,SDO_TOPO_TRANSACT_DATA$,MDSYS,SDO_TOPO_TRANSACT_DATA$,
PUBLIC,SDO_TOUCH,MDSYS,SDO_TOUCH,
PUBLIC,SDO_TRANSIENT_RULE,MDSYS,SDO_TRANSIENT_RULE,
PUBLIC,SDO_TRANSIENT_RULE_SET,MDSYS,SDO_TRANSIENT_RULE_SET,
PUBLIC,SDO_TRKR,MDSYS,SDO_TRKR,
PUBLIC,SDO_TTS_METADATA_TABLE,MDSYS,SDO_TTS_METADATA_TABLE,
PUBLIC,SDO_TUNE,MDSYS,SDO_TUNE,
PUBLIC,SDO_TXN_IDX_EXP_UPD_RGN,MDSYS,SDO_TXN_IDX_EXP_UPD_RGN,
PUBLIC,SDO_TXN_JOURNAL_GTT,MDSYS,SDO_TXN_JOURNAL_GTT,
PUBLIC,SDO_TXN_JOURNAL_REG,MDSYS,SDO_TXN_JOURNAL_REG,
PUBLIC,SDO_UNITS_OF_MEASURE,MDSYS,SDO_UNITS_OF_MEASURE,
PUBLIC,SDO_UTIL,MDSYS,SDO_UTIL,
PUBLIC,SDO_VERSION,MDSYS,SDO_VERSION,
PUBLIC,SDO_VPOINT_TYPE,MDSYS,SDO_VPOINT_TYPE,
PUBLIC,SDO_WCS,MDSYS,SDO_WCS,
PUBLIC,SDO_WEBMERCATOR,MDSYS,SDO_WEBMERCATOR,
PUBLIC,SDO_WFS_LOCK,MDSYS,SDO_WFS_LOCK,
PUBLIC,SDO_WFS_PROCESS,MDSYS,SDO_WFS_PROCESS,
PUBLIC,SDO_WITHIN_DISTANCE,MDSYS,SDO_WITHIN_DISTANCE,
PUBLIC,SDO_XML_SCHEMAS,MDSYS,SDO_XML_SCHEMAS,
PUBLIC,SDO_3GL,MDSYS,SDO_3GL,
PUBLIC,SEM_ALIAS,MDSYS,RDF_ALIAS,
PUBLIC,SEM_ALIASES,MDSYS,RDF_ALIASES,
PUBLIC,SEM_APIS,MDSYS,RDF_APIS,
PUBLIC,SEM_APIS_GROUP_CONCAT,MDSYS,SPARQL_GROUPCONCAT,
PUBLIC,SEM_APIS_GROUP_CONCAT_VC,MDSYS,SPARQL_GROUPCONCAT_VC,
PUBLIC,SEM_APIS_MAX,MDSYS,SPARQL_MAXAGG,
PUBLIC,SEM_APIS_MAX_VC,MDSYS,SPARQL_MAXAGG_VC,
PUBLIC,SEM_APIS_MIN,MDSYS,SPARQL_MINAGG,
PUBLIC,SEM_APIS_MIN_VC,MDSYS,SPARQL_MINAGG_VC,
PUBLIC,SEM_APIS_SAMPLE,MDSYS,SPARQL_SAMPLEAGG,
PUBLIC,SEM_APIS_SAMPLE_VC,MDSYS,SPARQL_SAMPLEAGG_VC,
PUBLIC,SEM_CLOBS,MDSYS,RDF_CLOBS,
PUBLIC,SEM_CONTAINS,MDSYS,SEM_CONTAINS,
PUBLIC,SEM_CONTAINS_COUNT,MDSYS,SEM_CONTAINS_COUNT,
PUBLIC,SEM_CONTAINS_SELECT,MDSYS,SEM_CONTAINS_SELECT,
PUBLIC,SEM_DISTANCE,MDSYS,SEM_DISTANCE,
PUBLIC,SEM_ENTAILMENTS,MDSYS,RDF_ENTAILMENTS,
PUBLIC,SEM_GRAPHS,MDSYS,RDF_GRAPHS,
PUBLIC,SEM_LONGVARCHARARRAY,MDSYS,RDF_LONGVARCHARARRAY,
PUBLIC,SEM_MATCH,MDSYS,RDF_MATCH,
PUBLIC,SEM_MATCH_NL,MDSYS,SEM_MATCH_NL,
PUBLIC,SEM_MODELS,MDSYS,RDF_MODELS,
PUBLIC,SEM_OLS,MDSYS,SEM_OLS,
PUBLIC,SEM_PERF,MDSYS,SDO_SEM_PERF,
PUBLIC,SEM_RDFCTX,MDSYS,SEM_RDFCTX,
PUBLIC,SEM_RDFSA,MDSYS,SEM_RDFSA,
PUBLIC,SEM_RELATED,MDSYS,SEM_RELATED,
PUBLIC,SEM_RULEBASES,MDSYS,RDF_RULEBASES,
PUBLIC,SEM_TC,MDSYS,SDO_RDFTC,
PUBLIC,SEM_UPGRADE_TO_11,MDSYS,SEM_UPGRADE_TO_11,
PUBLIC,SEM_VARCHARARRAY,MDSYS,RDF_VARCHARARRAY,
PUBLIC,SEQ,SYS,USER_SEQUENCES,
PUBLIC,SESSION_CONTEXT,SYS,SESSION_CONTEXT,
PUBLIC,SESSION_PRIVS,SYS,SESSION_PRIVS,
PUBLIC,SESSION_ROLES,SYS,SESSION_ROLES,
PUBLIC,SET_FACTOR,DVSYS,SET_FACTOR,
PUBLIC,SHA_DATABASES,GSMADMIN_INTERNAL,SHA_DATABASES,
PUBLIC,SHARDED_TABLE_FAMILIES,GSMADMIN_INTERNAL,SHARDED_TABLE_FAMILIES,
PUBLIC,SI_APPENDCLRHSTGR,ORDSYS,SI_APPENDCLRHSTGR,
PUBLIC,SI_ARRAYCLRHSTGR,ORDSYS,SI_ARRAYCLRHSTGR,
PUBLIC,SI_AVERAGECOLOR,ORDSYS,SI_AVERAGECOLOR,
PUBLIC,SI_CHGCONTENT,ORDSYS,SI_CHGCONTENT,
PUBLIC,SI_COLOR,ORDSYS,SI_COLOR,
PUBLIC,SI_COLORHISTOGRAM,ORDSYS,SI_COLORHISTOGRAM,
PUBLIC,SI_CONVERTFORMAT,ORDSYS,SI_CONVERTFORMAT,
PUBLIC,SI_FEATURELIST,ORDSYS,SI_FEATURELIST,
PUBLIC,SI_FINDAVGCLR,ORDSYS,SI_FINDAVGCLR,
PUBLIC,SI_FINDCLRHSTGR,ORDSYS,SI_FINDCLRHSTGR,
PUBLIC,SI_FINDPSTNLCLR,ORDSYS,SI_FINDPSTNLCLR,
PUBLIC,SI_FINDTEXTURE,ORDSYS,SI_FINDTEXTURE,
PUBLIC,SI_GETAVGCLRFTR,ORDSYS,SI_GETAVGCLRFTR,
PUBLIC,SI_GETAVGCLRFTRW,ORDSYS,SI_GETAVGCLRFTRW,
PUBLIC,SI_GETCLRHSTGRFTR,ORDSYS,SI_GETCLRHSTGRFTR,
PUBLIC,SI_GETCLRHSTGRFTRW,ORDSYS,SI_GETCLRHSTGRFTRW,
PUBLIC,SI_GETCONTENT,ORDSYS,SI_GETCONTENT,
PUBLIC,SI_GETCONTENTLNGTH,ORDSYS,SI_GETCONTENTLNGTH,
PUBLIC,SI_GETFORMAT,ORDSYS,SI_GETFORMAT,
PUBLIC,SI_GETHEIGHT,ORDSYS,SI_GETHEIGHT,
PUBLIC,SI_GETPSTNLCLRFTR,ORDSYS,SI_GETPSTNLCLRFTR,
PUBLIC,SI_GETPSTNLCLRFTRW,ORDSYS,SI_GETPSTNLCLRFTRW,
PUBLIC,SI_GETSIZEDTHMBNL,ORDSYS,SI_GETSIZEDTHMBNL,
PUBLIC,SI_GETTEXTUREFTR,ORDSYS,SI_GETTEXTUREFTR,
PUBLIC,SI_GETTEXTUREFTRW,ORDSYS,SI_GETTEXTUREFTRW,
PUBLIC,SI_GETTHMBNL,ORDSYS,SI_GETTHMBNL,
PUBLIC,SI_GETWIDTH,ORDSYS,SI_GETWIDTH,
PUBLIC,SI_MKAVGCLR,ORDSYS,SI_MKAVGCLR,
PUBLIC,SI_MKCLRHSTGR,ORDSYS,SI_MKCLRHSTGR,
PUBLIC,SI_MKFTRLIST,ORDSYS,SI_MKFTRLIST,
PUBLIC,SI_MKRGBCLR,ORDSYS,SI_MKRGBCLR,
PUBLIC,SI_MKSTILLIMAGE1,ORDSYS,SI_MKSTILLIMAGE1,
PUBLIC,SI_MKSTILLIMAGE2,ORDSYS,SI_MKSTILLIMAGE2,
PUBLIC,SIMULATION_IDS,DVSYS,SIMULATION_IDS,
PUBLIC,SI_POSITIONALCOLOR,ORDSYS,SI_POSITIONALCOLOR,
PUBLIC,SI_SCOREBYAVGCLR,ORDSYS,SI_SCOREBYAVGCLR,
PUBLIC,SI_SCOREBYCLRHSTGR,ORDSYS,SI_SCOREBYCLRHSTGR,
PUBLIC,SI_SCOREBYFTRLIST,ORDSYS,SI_SCOREBYFTRLIST,
PUBLIC,SI_SCOREBYPSTNLCLR,ORDSYS,SI_SCOREBYPSTNLCLR,
PUBLIC,SI_SCOREBYTEXTURE,ORDSYS,SI_SCOREBYTEXTURE,
PUBLIC,SI_SETAVGCLRFTR,ORDSYS,SI_SETAVGCLRFTR,
PUBLIC,SI_SETCLRHSTGRFTR,ORDSYS,SI_SETCLRHSTGRFTR,
PUBLIC,SI_SETPSTNLCLRFTR,ORDSYS,SI_SETPSTNLCLRFTR,
PUBLIC,SI_SETTEXTUREFTR,ORDSYS,SI_SETTEXTUREFTR,
PUBLIC,SI_STILLIMAGE,ORDSYS,SI_STILLIMAGE,
PUBLIC,SI_TEXTURE,ORDSYS,SI_TEXTURE,
PUBLIC,SM$VERSION,SYS,SM_$VERSION,
PUBLIC,SODA_COLLECTION_T,SYS,SODA_COLLECTION_T,
PUBLIC,SODA_COLLNAME_LIST_T,SYS,SODA_COLLNAME_LIST_T,
PUBLIC,SODA_CURSOR_T,SYS,SODA_CURSOR_T,
PUBLIC,SODA_DOCUMENT_LIST_T,SYS,SODA_DOCUMENT_LIST_T,
PUBLIC,SODA_DOCUMENT_T,SYS,SODA_DOCUMENT_T,
PUBLIC,SODA_INDEX_LIST_T,SYS,SODA_INDEX_LIST_T,
PUBLIC,SODA_KEY_LIST_T,SYS,SODA_KEY_LIST_T,
PUBLIC,SODA_OPERATION_T,SYS,SODA_OPERATION_T,
PUBLIC,SPARQL_SERVICE,MDSYS,SPARQL_SERVICE,
PUBLIC,SPATIAL_INDEX,MDSYS,SPATIAL_INDEX,
PUBLIC,SPATIAL_INDEX_V2,MDSYS,SPATIAL_INDEX_V2,
PUBLIC,SPM_OBJECT,SYS,SPM_OBJECT,
PUBLIC,SQL_BIND,SYS,SQL_BIND,
PUBLIC,SQL_BINDS,SYS,SQL_BINDS,
PUBLIC,SQL_BIND_SET,SYS,SQL_BIND_SET,
PUBLIC,SQL_OBJECTS,SYS,SQL_OBJECTS,
PUBLIC,SQL_PLAN_ALLSTAT_ROW_TYPE,SYS,SQL_PLAN_ALLSTAT_ROW_TYPE,
PUBLIC,SQL_PLAN_ROW_TYPE,SYS,SQL_PLAN_ROW_TYPE,
PUBLIC,SQL_PLAN_STAT_ROW_TYPE,SYS,SQL_PLAN_STAT_ROW_TYPE,
PUBLIC,SQL_PLAN_TABLE_TYPE,SYS,SQL_PLAN_TABLE_TYPE,
PUBLIC,SQLPROF_ATTR,SYS,SQLPROF_ATTR,
PUBLIC,SQL_PROFILE_OBJECT,SYS,SQL_PROFILE_OBJECT,
PUBLIC,SQLSET,SYS,SQLSET,
PUBLIC,SQLSET_OBJECT,SYS,SQLSET_OBJECT,
PUBLIC,SQLSET_ROW,SYS,SQLSET_ROW,
PUBLIC,SQT_CORRECT_BIT,SYS,SQT_CORRECT_BIT,
PUBLIC,SQT_TAB_COL_STATISTICS,SYS,SQT_TAB_COL_STATISTICS,
PUBLIC,SQT_TAB_STATISTICS,SYS,SQT_TAB_STATISTICS,
PUBLIC,SRID,MDSYS,OGC_SRID,
PUBLIC,ST_ANNOTATION_TEXT,MDSYS,ST_ANNOTATION_TEXT,
PUBLIC,ST_ANNOTATIONTEXTELEMENT,MDSYS,ST_ANNOTATIONTEXTELEMENT,
PUBLIC,ST_ANNOTATIONTEXTELEMENT_ARRAY,MDSYS,ST_ANNOTATIONTEXTELEMENT_ARRAY,
PUBLIC,ST_ANNOT_TEXTELEMENT_ARRAY,MDSYS,ST_ANNOT_TEXTELEMENT_ARRAY,
PUBLIC,STARTPOINT,MDSYS,OGC_STARTPOINT,
PUBLIC,ST_CIRCULARSTRING,MDSYS,ST_CIRCULARSTRING,
PUBLIC,ST_COMPOUNDCURVE,MDSYS,ST_COMPOUNDCURVE,
PUBLIC,ST_CONTAINS,MDSYS,SDO_CONTAINS,
PUBLIC,ST_COVEREDBY,MDSYS,SDO_COVEREDBY,
PUBLIC,ST_COVERS,MDSYS,SDO_COVERS,
PUBLIC,ST_CURVE,MDSYS,ST_CURVE,
PUBLIC,ST_CURVE_ARRAY,MDSYS,ST_CURVE_ARRAY,
PUBLIC,ST_CURVEPOLYGON,MDSYS,ST_CURVEPOLYGON,
PUBLIC,ST_EQUAL,MDSYS,SDO_EQUAL,
PUBLIC,ST_GEOMCOLLECTION,MDSYS,ST_GEOMCOLLECTION,
PUBLIC,ST_GEOMETRY,MDSYS,ST_GEOMETRY,
PUBLIC,ST_GEOMETRY_ARRAY,MDSYS,ST_GEOMETRY_ARRAY,
PUBLIC,ST_INSIDE,MDSYS,SDO_INSIDE,
PUBLIC,ST_INTERSECTS,MDSYS,SDO_ANYINTERACT,
PUBLIC,ST_LINESTRING,MDSYS,ST_LINESTRING,
PUBLIC,ST_LINESTRING_ARRAY,MDSYS,ST_LINESTRING_ARRAY,
PUBLIC,STMT_AUDIT_OPTION_MAP,SYS,STMT_AUDIT_OPTION_MAP,
PUBLIC,ST_MULTICURVE,MDSYS,ST_MULTICURVE,
PUBLIC,ST_MULTIFURFACE,MDSYS,ST_MULTISURFACE,
PUBLIC,ST_MULTILINESTRING,MDSYS,ST_MULTILINESTRING,
PUBLIC,ST_MULTIPOINT,MDSYS,ST_MULTIPOINT,
PUBLIC,ST_MULTIPOLYGON,MDSYS,ST_MULTIPOLYGON,
PUBLIC,ST_OVERLAPBDYDISJOINT,MDSYS,SDO_OVERLAPBDYDISJOINT,
PUBLIC,ST_OVERLAPBDYINTERSECT,MDSYS,SDO_OVERLAPBDYINTERSECT,
PUBLIC,ST_OVERLAPS,MDSYS,SDO_OVERLAPS,
PUBLIC,ST_POINT,MDSYS,ST_POINT,
PUBLIC,ST_POINT_ARRAY,MDSYS,ST_POINT_ARRAY,
PUBLIC,ST_POLYGON,MDSYS,ST_POLYGON,
PUBLIC,ST_POLYGON_ARRAY,MDSYS,ST_POLYGON_ARRAY,
PUBLIC,ST_RELATE,MDSYS,SDO_RELATE,
PUBLIC,STRICTLY_DOMINATED_BY,LBACSYS,NUMERIC_STRICTLY_DOMINATED_BY,
PUBLIC,STRICTLY_DOMINATES,LBACSYS,NUMERIC_STRICTLY_DOMINATES,
PUBLIC,ST_SURFACE,MDSYS,ST_SURFACE,
PUBLIC,ST_SURFACE_ARRAY,MDSYS,ST_SURFACE_ARRAY,
PUBLIC,ST_TOUCH,MDSYS,SDO_TOUCH,
PUBLIC,SURFACE,MDSYS,ST_SURFACE,
PUBLIC,SYMMETRICDIFFERENCE,MDSYS,OGC_SYMMETRICDIFFERENCE,
PUBLIC,SYN,SYS,USER_SYNONYMS,
PUBLIC,SYS_DGAGG,SYS,SYS_DGAGG,
PUBLIC,SYS_HIERDGAGG,SYS,SYS_HIERDGAGG,
PUBLIC,SYS_IXQAGG,SYS,SYS_IXQAGG,
PUBLIC,SYS_IXQAGGAVG,SYS,SYS_IXQAGGAVG,
PUBLIC,SYS_IXQAGGSUM,SYS,SYS_IXQAGGSUM,
PUBLIC,SYS_NT_COLLECT,SYS,SYS_NT_COLLECT,
PUBLIC,SYSTEM_PRIVILEGE_MAP,SYS,SYSTEM_PRIVILEGE_MAP,
PUBLIC,SYS_XMLAGG,SYS,SYS_XMLAGG,
PUBLIC,TAB,SYS,TAB,
PUBLIC,TABLE_EXPORT_OBJECTS,SYS,TABLE_EXPORT_OBJECTS,
PUBLIC,TABLE_EXPORT_PATHS,SYS,TABLE_EXPORT_PATHS,
PUBLIC,TABLE_PRIVILEGE_MAP,SYS,TABLE_PRIVILEGE_MAP,
PUBLIC,TABLE_PRIVILEGES,SYS,TABLE_PRIVILEGES,
PUBLIC,TABLESPACE_EXPORT_OBJECTS,SYS,TABLESPACE_EXPORT_OBJECTS,
PUBLIC,TABLESPACE_EXPORT_PATHS,SYS,TABLESPACE_EXPORT_PATHS,
PUBLIC,TABS,SYS,USER_TABLES,
PUBLIC,TAGSEQ_TO_CHAR,LBACSYS,NUMERIC_LABEL_TO_CHAR,
PUBLIC,TFM_PLAN,MDSYS,TFM_PLAN,
PUBLIC,TIMESTAMP_TO_SCN,SYS,TIMESTAMP_TO_SCN,
PUBLIC,TMP_COORD_OPS,MDSYS,TMP_COORD_OPS,
PUBLIC,TO_DATA_LABEL,LBACSYS,TO_NUMERIC_DATA_LABEL,
PUBLIC,TO_LABEL_LIST,LBACSYS,TO_LABEL_LIST,
PUBLIC,TO_LBAC_DATA_LABEL,LBACSYS,TO_LBAC_DATA_LABEL,
PUBLIC,TO_LBAC_LABEL,LBACSYS,TO_LBAC_LABEL,
PUBLIC,TO_NUMERIC_DATA_LABEL,LBACSYS,TO_NUMERIC_DATA_LABEL,
PUBLIC,TO_NUMERIC_LABEL,LBACSYS,TO_NUMERIC_LABEL,
PUBLIC,TOUCH,MDSYS,OGC_TOUCH,
PUBLIC,TRACKER_MSG,MDSYS,TRACKER_MSG,
PUBLIC,TRANSPORTABLE_EXPORT_OBJECTS,SYS,TRANSPORTABLE_EXPORT_OBJECTS,
PUBLIC,TRANSPORTABLE_EXPORT_PATHS,SYS,TRANSPORTABLE_EXPORT_PATHS,
PUBLIC,TRUSTED_SERVERS,SYS,TRUSTED_SERVERS,
PUBLIC,TSDP$VALIDATION_CHECK,SYS,TSDP$VALIDATION_CHECK,
PUBLIC,UNDER_PATH,XDB,UNDER_PATH,
PUBLIC,UNIFIED_AUDIT_TRAIL,AUDSYS,UNIFIED_AUDIT_TRAIL,
PUBLIC,URIFACTORY,SYS,URIFACTORY,
PUBLIC,URITYPE,SYS,URITYPE,
PUBLIC,USABLE_EDITIONS,SYS,USABLE_EDITIONS,
PUBLIC,USER_ADDM_FDG_BREAKDOWN,SYS,USER_ADDM_FDG_BREAKDOWN,
PUBLIC,USER_ADDM_FINDINGS,SYS,USER_ADDM_FINDINGS,
PUBLIC,USER_ADDM_INSTANCES,SYS,USER_ADDM_INSTANCES,
PUBLIC,USER_ADDM_TASK_DIRECTIVES,SYS,USER_ADDM_TASK_DIRECTIVES,
PUBLIC,USER_ADDM_TASKS,SYS,USER_ADDM_TASKS,
PUBLIC,USER_ADVISOR_ACTIONS,SYS,USER_ADVISOR_ACTIONS,
PUBLIC,USER_ADVISOR_DIR_TASK_INST,SYS,USER_ADVISOR_DIR_TASK_INST,
PUBLIC,USER_ADVISOR_EXEC_PARAMETERS,SYS,USER_ADVISOR_EXEC_PARAMETERS,
PUBLIC,USER_ADVISOR_EXECUTIONS,SYS,USER_ADVISOR_EXECUTIONS,
PUBLIC,USER_ADVISOR_FDG_BREAKDOWN,SYS,USER_ADVISOR_FDG_BREAKDOWN,
PUBLIC,USER_ADVISOR_FINDINGS,SYS,USER_ADVISOR_FINDINGS,
PUBLIC,USER_ADVISOR_JOURNAL,SYS,USER_ADVISOR_JOURNAL,
PUBLIC,USER_ADVISOR_LOG,SYS,USER_ADVISOR_LOG,
PUBLIC,USER_ADVISOR_OBJECTS,SYS,USER_ADVISOR_OBJECTS,
PUBLIC,USER_ADVISOR_PARAMETERS,SYS,USER_ADVISOR_PARAMETERS,
PUBLIC,USER_ADVISOR_RATIONALE,SYS,USER_ADVISOR_RATIONALE,
PUBLIC,USER_ADVISOR_RECOMMENDATIONS,SYS,USER_ADVISOR_RECOMMENDATIONS,
PUBLIC,USER_ADVISOR_SQLA_COLVOL,SYS,USER_ADVISOR_SQLA_COLVOL,
PUBLIC,USER_ADVISOR_SQLA_REC_SUM,SYS,USER_ADVISOR_SQLA_REC_SUM,
PUBLIC,USER_ADVISOR_SQLA_TABLES,SYS,USER_ADVISOR_SQLA_TABLES,
PUBLIC,USER_ADVISOR_SQLA_TABVOL,SYS,USER_ADVISOR_SQLA_TABVOL,
PUBLIC,USER_ADVISOR_SQLA_WK_MAP,SYS,USER_ADVISOR_SQLA_WK_MAP,
PUBLIC,USER_ADVISOR_SQLA_WK_STMTS,SYS,USER_ADVISOR_SQLA_WK_STMTS,
PUBLIC,USER_ADVISOR_SQLA_WK_SUM,SYS,USER_ADVISOR_SQLA_WK_SUM,
PUBLIC,USER_ADVISOR_SQLPLANS,SYS,USER_ADVISOR_SQLPLANS,
PUBLIC,USER_ADVISOR_SQLSTATS,SYS,USER_ADVISOR_SQLSTATS,
PUBLIC,USER_ADVISOR_SQLW_COLVOL,SYS,USER_ADVISOR_SQLW_COLVOL,
PUBLIC,USER_ADVISOR_SQLW_JOURNAL,SYS,USER_ADVISOR_SQLW_JOURNAL,
PUBLIC,USER_ADVISOR_SQLW_PARAMETERS,SYS,USER_ADVISOR_SQLW_PARAMETERS,
PUBLIC,USER_ADVISOR_SQLW_STMTS,SYS,USER_ADVISOR_SQLW_STMTS,
PUBLIC,USER_ADVISOR_SQLW_SUM,SYS,USER_ADVISOR_SQLW_SUM,
PUBLIC,USER_ADVISOR_SQLW_TABLES,SYS,USER_ADVISOR_SQLW_TABLES,
PUBLIC,USER_ADVISOR_SQLW_TABVOL,SYS,USER_ADVISOR_SQLW_TABVOL,
PUBLIC,USER_ADVISOR_SQLW_TEMPLATES,SYS,USER_ADVISOR_SQLW_TEMPLATES,
PUBLIC,USER_ADVISOR_TASKS,SYS,USER_ADVISOR_TASKS,
PUBLIC,USER_ADVISOR_TEMPLATES,SYS,USER_ADVISOR_TEMPLATES,
PUBLIC,USER_ALL_TABLES,SYS,USER_ALL_TABLES,
PUBLIC,USER_ANALYTIC_VIEW_AGGR_DIMS,SYS,USER_ANALYTIC_VIEW_AGGR_DIMS,
PUBLIC,USER_ANALYTIC_VIEW_AGGR_FNS,SYS,USER_ANALYTIC_VIEW_AGGR_FNS,
PUBLIC,USER_ANALYTIC_VIEW_ATTR_CLASS,SYS,USER_ANALYTIC_VIEW_ATTR_CLASS,
PUBLIC,USER_ANALYTIC_VIEW_BASE_MEAS,SYS,USER_ANALYTIC_VIEW_BASE_MEAS,
PUBLIC,USER_ANALYTIC_VIEW_CALC_MEAS,SYS,USER_ANALYTIC_VIEW_CALC_MEAS,
PUBLIC,USER_ANALYTIC_VIEW_CLASS,SYS,USER_ANALYTIC_VIEW_CLASS,
PUBLIC,USER_ANALYTIC_VIEW_COLUMNS,SYS,USER_ANALYTIC_VIEW_COLUMNS,
PUBLIC,USER_ANALYTIC_VIEW_DIM_ATTRS,SYS,USER_ANALYTIC_VIEW_DIM_ATTRS,
PUBLIC,USER_ANALYTIC_VIEW_DIM_CLASS,SYS,USER_ANALYTIC_VIEW_DIM_CLASS,
PUBLIC,USER_ANALYTIC_VIEW_DIMENSIONS,SYS,USER_ANALYTIC_VIEW_DIMENSIONS,
PUBLIC,USER_ANALYTIC_VIEW_FACT_COLS,SYS,USER_ANALYTIC_VIEW_FACT_COLS,
PUBLIC,USER_ANALYTIC_VIEW_HIER_CLASS,SYS,USER_ANALYTIC_VIEW_HIER_CLASS,
PUBLIC,USER_ANALYTIC_VIEW_HIERS,SYS,USER_ANALYTIC_VIEW_HIERS,
PUBLIC,USER_ANALYTIC_VIEW_KEYS,SYS,USER_ANALYTIC_VIEW_KEYS,
PUBLIC,USER_ANALYTIC_VIEW_LEVEL_CLASS,SYS,USER_ANALYTIC_VIEW_LEVEL_CLASS,
PUBLIC,USER_ANALYTIC_VIEW_LEVELS,SYS,USER_ANALYTIC_VIEW_LEVELS,
PUBLIC,USER_ANALYTIC_VIEW_LVLGRPS,SYS,USER_ANALYTIC_VIEW_LVLGRPS,
PUBLIC,USER_ANALYTIC_VIEW_MEAS_CLASS,SYS,USER_ANALYTIC_VIEW_MEAS_CLASS,
PUBLIC,USER_ANALYTIC_VIEWS,SYS,USER_ANALYTIC_VIEWS,
PUBLIC,USER_ANNOTATION_TEXT_METADATA,MDSYS,USER_ANNOTATION_TEXT_METADATA,
PUBLIC,USER_APPLICATION_ROLES,SYS,USER_APPLICATION_ROLES,
PUBLIC,USER_APPLY_ERROR,SYS,USER_APPLY_ERROR,
PUBLIC,USER_AQ_AGENT_PRIVS,SYS,USER_AQ_AGENT_PRIVS,
PUBLIC,USER_ARGUMENTS,SYS,USER_ARGUMENTS,
PUBLIC,USER_ASSEMBLIES,SYS,USER_ASSEMBLIES,
PUBLIC,USER_ASSOCIATIONS,SYS,USER_ASSOCIATIONS,
PUBLIC,USER_ATTRIBUTE_DIM_ATTR_CLASS,SYS,USER_ATTRIBUTE_DIM_ATTR_CLASS,
PUBLIC,USER_ATTRIBUTE_DIM_ATTRS,SYS,USER_ATTRIBUTE_DIM_ATTRS,
PUBLIC,USER_ATTRIBUTE_DIM_CLASS,SYS,USER_ATTRIBUTE_DIM_CLASS,
PUBLIC,USER_ATTRIBUTE_DIMENSIONS,SYS,USER_ATTRIBUTE_DIMENSIONS,
PUBLIC,USER_ATTRIBUTE_DIM_JOIN_PATHS,SYS,USER_ATTRIBUTE_DIM_JOIN_PATHS,
PUBLIC,USER_ATTRIBUTE_DIM_KEYS,SYS,USER_ATTRIBUTE_DIM_KEYS,
PUBLIC,USER_ATTRIBUTE_DIM_LEVEL_ATTRS,SYS,USER_ATTRIBUTE_DIM_LEVEL_ATTRS,
PUBLIC,USER_ATTRIBUTE_DIM_LEVELS,SYS,USER_ATTRIBUTE_DIM_LEVELS,
PUBLIC,USER_ATTRIBUTE_DIM_LVL_CLASS,SYS,USER_ATTRIBUTE_DIM_LVL_CLASS,
PUBLIC,USER_ATTRIBUTE_DIM_ORDER_ATTRS,SYS,USER_ATTRIBUTE_DIM_ORDER_ATTRS,
PUBLIC,USER_ATTRIBUTE_DIM_TABLES,SYS,USER_ATTRIBUTE_DIM_TABLES,
PUBLIC,USER_ATTRIBUTE_TRANSFORMATIONS,SYS,USER_ATTRIBUTE_TRANSFORMATIONS,
PUBLIC,USER_AUDIT_OBJECT,SYS,USER_AUDIT_OBJECT,
PUBLIC,USER_AUDIT_POLICIES,SYS,USER_AUDIT_POLICIES,
PUBLIC,USER_AUDIT_POLICY_COLUMNS,SYS,USER_AUDIT_POLICY_COLUMNS,
PUBLIC,USER_AUDIT_SESSION,SYS,USER_AUDIT_SESSION,
PUBLIC,USER_AUDIT_STATEMENT,SYS,USER_AUDIT_STATEMENT,
PUBLIC,USER_AUDIT_TRAIL,SYS,USER_AUDIT_TRAIL,
PUBLIC,USER_AW_OBJ,SYS,USER_AW_OBJ,
PUBLIC,USER_AW_PROP,SYS,USER_AW_PROP,
PUBLIC,USER_AW_PS,SYS,USER_AW_PS,
PUBLIC,USER_AWS,SYS,USER_AWS,
PUBLIC,USER_BASE_TABLE_MVIEWS,SYS,USER_BASE_TABLE_MVIEWS,
PUBLIC,USER_BLOCKCHAIN_TABLE_EPOCHS,SYS,USER_BLOCKCHAIN_TABLE_EPOCHS,
PUBLIC,USER_BLOCKCHAIN_TABLES,SYS,USER_BLOCKCHAIN_TABLES,
PUBLIC,USER_CATALOG,SYS,USER_CATALOG,
PUBLIC,USER_CERTIFICATES,SYS,USER_CERTIFICATES,
PUBLIC,USER_CHANGE_NOTIFICATION_REGS,SYS,USER_CHANGE_NOTIFICATION_REGS,
PUBLIC,USER_CLU_COLUMNS,SYS,USER_CLU_COLUMNS,
PUBLIC,USER_CLUSTER_HASH_EXPRESSIONS,SYS,USER_CLUSTER_HASH_EXPRESSIONS,
PUBLIC,USER_CLUSTERING_DIMENSIONS,SYS,USER_CLUSTERING_DIMENSIONS,
PUBLIC,USER_CLUSTERING_JOINS,SYS,USER_CLUSTERING_JOINS,
PUBLIC,USER_CLUSTERING_KEYS,SYS,USER_CLUSTERING_KEYS,
PUBLIC,USER_CLUSTERING_TABLES,SYS,USER_CLUSTERING_TABLES,
PUBLIC,USER_CLUSTERS,SYS,USER_CLUSTERS,
PUBLIC,USER_CODE_ROLE_PRIVS,SYS,USER_CODE_ROLE_PRIVS,
PUBLIC,USER_COL_COMMENTS,SYS,USER_COL_COMMENTS,
PUBLIC,USER_COLL_TYPES,SYS,USER_COLL_TYPES,
PUBLIC,USER_COL_PENDING_STATS,SYS,USER_COL_PENDING_STATS,
PUBLIC,USER_COL_PRIVS,SYS,USER_COL_PRIVS,
PUBLIC,USER_COL_PRIVS_MADE,SYS,USER_COL_PRIVS_MADE,
PUBLIC,USER_COL_PRIVS_RECD,SYS,USER_COL_PRIVS_RECD,
PUBLIC,USER_COMPARISON,SYS,USER_COMPARISON,
PUBLIC,USER_COMPARISON_COLUMNS,SYS,USER_COMPARISON_COLUMNS,
PUBLIC,_USER_COMPARISON_ROW_DIF,SYS,_USER_COMPARISON_ROW_DIF,
PUBLIC,USER_COMPARISON_ROW_DIF,SYS,USER_COMPARISON_ROW_DIF,
PUBLIC,USER_COMPARISON_SCAN,SYS,USER_COMPARISON_SCAN,
PUBLIC,USER_COMPARISON_SCAN_SUMMARY,SYS,USER_COMPARISON_SCAN_SUMMARY,
PUBLIC,USER_COMPARISON_SCAN_VALUES,SYS,USER_COMPARISON_SCAN_VALUES,
PUBLIC,USER_CONS_COLUMNS,SYS,USER_CONS_COLUMNS,
PUBLIC,USER_CONS_OBJ_COLUMNS,SYS,USER_CONS_OBJ_COLUMNS,
PUBLIC,USER_CONSTRAINTS,SYS,USER_CONSTRAINTS,
PUBLIC,USER_CQ_NOTIFICATION_QUERIES,SYS,USER_CQ_NOTIFICATION_QUERIES,
PUBLIC,USER_CREDENTIALS,SYS,USER_CREDENTIALS,
PUBLIC,USER_CUBE_ATTRIBUTES,SYS,USER_CUBE_ATTRIBUTES,
PUBLIC,USER_CUBE_ATTR_MAPPINGS,SYS,USER_CUBE_ATTR_MAPPINGS,
PUBLIC,USER_CUBE_ATTR_UNIQUE_KEYS,SYS,USER_CUBE_ATTR_UNIQUE_KEYS,
PUBLIC,USER_CUBE_ATTR_VISIBILITY,SYS,USER_CUBE_ATTR_VISIBILITY,
PUBLIC,USER_CUBE_BUILD_PROCESSES,SYS,USER_CUBE_BUILD_PROCESSES,
PUBLIC,USER_CUBE_CALCULATED_MEMBERS,SYS,USER_CUBE_CALCULATED_MEMBERS,
PUBLIC,USER_CUBE_CLASSIFICATIONS,SYS,USER_CUBE_CLASSIFICATIONS,
PUBLIC,USER_CUBE_DEPENDENCIES,SYS,USER_CUBE_DEPENDENCIES,
PUBLIC,USER_CUBE_DESCRIPTIONS,SYS,USER_CUBE_DESCRIPTIONS,
PUBLIC,USER_CUBE_DIMENSIONALITY,SYS,USER_CUBE_DIMENSIONALITY,
PUBLIC,USER_CUBE_DIMENSIONS,SYS,USER_CUBE_DIMENSIONS,
PUBLIC,USER_CUBE_DIM_LEVELS,SYS,USER_CUBE_DIM_LEVELS,
PUBLIC,USER_CUBE_DIM_MAPPINGS,SYS,USER_CUBE_DIM_MAPPINGS,
PUBLIC,USER_CUBE_DIM_MODELS,SYS,USER_CUBE_DIM_MODELS,
PUBLIC,USER_CUBE_DIMNL_MAPPINGS,SYS,USER_CUBE_DIMNL_MAPPINGS,
PUBLIC,USER_CUBE_DIM_VIEW_COLUMNS,SYS,USER_CUBE_DIM_VIEW_COLUMNS,
PUBLIC,USER_CUBE_DIM_VIEWS,SYS,USER_CUBE_DIM_VIEWS,
PUBLIC,USER_CUBE_HIERARCHIES,SYS,USER_CUBE_HIERARCHIES,
PUBLIC,USER_CUBE_HIER_LEVELS,SYS,USER_CUBE_HIER_LEVELS,
PUBLIC,USER_CUBE_HIER_VIEW_COLUMNS,SYS,USER_CUBE_HIER_VIEW_COLUMNS,
PUBLIC,USER_CUBE_HIER_VIEWS,SYS,USER_CUBE_HIER_VIEWS,
PUBLIC,USER_CUBE_MAPPINGS,SYS,USER_CUBE_MAPPINGS,
PUBLIC,USER_CUBE_MEAS_MAPPINGS,SYS,USER_CUBE_MEAS_MAPPINGS,
PUBLIC,USER_CUBE_MEASURES,SYS,USER_CUBE_MEASURES,
PUBLIC,USER_CUBE_NAMED_BUILD_SPECS,SYS,USER_CUBE_NAMED_BUILD_SPECS,
PUBLIC,USER_CUBES,SYS,USER_CUBES,
PUBLIC,USER_CUBE_SUB_PARTITION_LEVELS,SYS,USER_CUBE_SUB_PARTITION_LEVELS,
PUBLIC,USER_CUBE_VIEW_COLUMNS,SYS,USER_CUBE_VIEW_COLUMNS,
PUBLIC,USER_CUBE_VIEWS,SYS,USER_CUBE_VIEWS,
PUBLIC,USER_DATAPUMP_JOBS,SYS,USER_DATAPUMP_JOBS,
PUBLIC,USER_DBFS_HS,SYS,USER_DBFS_HS,
PUBLIC,USER_DBFS_HS_COMMANDS,SYS,USER_DBFS_HS_COMMANDS,
PUBLIC,USER_DBFS_HS_FILES,SYS,USER_DBFS_HS_FILES,
PUBLIC,USER_DBFS_HS_FIXED_PROPERTIES,SYS,USER_DBFS_HS_FIXED_PROPERTIES,
PUBLIC,USER_DBFS_HS_PROPERTIES,SYS,USER_DBFS_HS_PROPERTIES,
PUBLIC,USER_DB_LINKS,SYS,USER_DB_LINKS,
PUBLIC,USER_DEPENDENCIES,SYS,USER_DEPENDENCIES,
PUBLIC,USER_DIM_ATTRIBUTES,SYS,USER_DIM_ATTRIBUTES,
PUBLIC,USER_DIM_CHILD_OF,SYS,USER_DIM_CHILD_OF,
PUBLIC,USER_DIMENSIONS,SYS,USER_DIMENSIONS,
PUBLIC,USER_DIM_HIERARCHIES,SYS,USER_DIM_HIERARCHIES,
PUBLIC,USER_DIM_JOIN_KEY,SYS,USER_DIM_JOIN_KEY,
PUBLIC,USER_DIM_LEVEL_KEY,SYS,USER_DIM_LEVEL_KEY,
PUBLIC,USER_DIM_LEVELS,SYS,USER_DIM_LEVELS,
PUBLIC,USER_DURABLE_SUBS,SYS,USER_DURABLE_SUBS,
PUBLIC,USER_EDITIONED_TYPES,SYS,USER_EDITIONED_TYPES,
PUBLIC,USER_EDITIONING_VIEW_COLS,SYS,USER_EDITIONING_VIEW_COLS,
PUBLIC,USER_EDITIONING_VIEW_COLS_AE,SYS,USER_EDITIONING_VIEW_COLS_AE,
PUBLIC,USER_EDITIONING_VIEWS,SYS,USER_EDITIONING_VIEWS,
PUBLIC,USER_EDITIONING_VIEWS_AE,SYS,USER_EDITIONING_VIEWS_AE,
PUBLIC,USER_EDITION_INHERITED_OBJECTS,SYS,USER_EDITION_INHERITED_OBJECTS,
PUBLIC,USER_ENCRYPTED_COLUMNS,SYS,USER_ENCRYPTED_COLUMNS,
PUBLIC,USER_EPG_DAD_AUTHORIZATION,SYS,USER_EPG_DAD_AUTHORIZATION,
PUBLIC,USER_ERRORS,SYS,USER_ERRORS,
PUBLIC,USER_ERRORS_AE,SYS,USER_ERRORS_AE,
PUBLIC,USER_ERROR_TRANSLATIONS,SYS,USER_ERROR_TRANSLATIONS,
PUBLIC,USER_EVALUATION_CONTEXTS,SYS,USER_EVALUATION_CONTEXTS,
PUBLIC,USER_EVALUATION_CONTEXT_TABLES,SYS,USER_EVALUATION_CONTEXT_TABLES,
PUBLIC,USER_EVALUATION_CONTEXT_VARS,SYS,USER_EVALUATION_CONTEXT_VARS,
PUBLIC,USER_EXPRESSION_STATISTICS,SYS,USER_EXPRESSION_STATISTICS,
PUBLIC,USER_EXTENTS,SYS,USER_EXTENTS,
PUBLIC,USER_EXTERNAL_LOCATIONS,SYS,USER_EXTERNAL_LOCATIONS,
PUBLIC,USER_EXTERNAL_TABLES,SYS,USER_EXTERNAL_TABLES,
PUBLIC,USER_FILE_GROUP_EXPORT_INFO,SYS,USER_FILE_GROUP_EXPORT_INFO,
PUBLIC,USER_FILE_GROUP_FILES,SYS,USER_FILE_GROUP_FILES,
PUBLIC,USER_FILE_GROUPS,SYS,USER_FILE_GROUPS,
PUBLIC,USER_FILE_GROUP_TABLES,SYS,USER_FILE_GROUP_TABLES,
PUBLIC,USER_FILE_GROUP_TABLESPACES,SYS,USER_FILE_GROUP_TABLESPACES,
PUBLIC,USER_FILE_GROUP_VERSIONS,SYS,USER_FILE_GROUP_VERSIONS,
PUBLIC,USER_FLASHBACK_ARCHIVE,SYS,USER_FLASHBACK_ARCHIVE,
PUBLIC,USER_FLASHBACK_ARCHIVE_TABLES,SYS,USER_FLASHBACK_ARCHIVE_TABLES,
PUBLIC,USER_FLASHBACK_TXN_REPORT,SYS,USER_FLASHBACK_TXN_REPORT,
PUBLIC,USER_FLASHBACK_TXN_STATE,SYS,USER_FLASHBACK_TXN_STATE,
PUBLIC,USER_FREE_SPACE,SYS,USER_FREE_SPACE,
PUBLIC,USER_GEOMETRY_COLUMNS,MDSYS,USER_GEOMETRY_COLUMNS,
PUBLIC,USER_GOLDENGATE_PRIVILEGES,SYS,USER_GOLDENGATE_PRIVILEGES,
PUBLIC,USER_HEAT_MAP_SEG_HISTOGRAM,SYS,USER_HEAT_MAP_SEG_HISTOGRAM,
PUBLIC,USER_HEAT_MAP_SEGMENT,SYS,USER_HEAT_MAP_SEGMENT,
PUBLIC,USER_HIERARCHIES,SYS,USER_HIERARCHIES,
PUBLIC,USER_HIER_CLASS,SYS,USER_HIER_CLASS,
PUBLIC,USER_HIER_COLUMNS,SYS,USER_HIER_COLUMNS,
PUBLIC,USER_HIER_HIER_ATTR_CLASS,SYS,USER_HIER_HIER_ATTR_CLASS,
PUBLIC,USER_HIER_HIER_ATTRIBUTES,SYS,USER_HIER_HIER_ATTRIBUTES,
PUBLIC,USER_HIER_JOIN_PATHS,SYS,USER_HIER_JOIN_PATHS,
PUBLIC,USER_HIER_LEVEL_ID_ATTRS,SYS,USER_HIER_LEVEL_ID_ATTRS,
PUBLIC,USER_HIER_LEVELS,SYS,USER_HIER_LEVELS,
PUBLIC,USER_HISTOGRAMS,SYS,USER_TAB_HISTOGRAMS,
PUBLIC,USER_HOST_ACES,SYS,USER_HOST_ACES,
PUBLIC,USER_IDENTIFIERS,SYS,USER_IDENTIFIERS,
PUBLIC,USER_ILMDATAMOVEMENTPOLICIES,SYS,USER_ILMDATAMOVEMENTPOLICIES,
PUBLIC,USER_ILMEVALUATIONDETAILS,SYS,USER_ILMEVALUATIONDETAILS,
PUBLIC,USER_ILMOBJECTS,SYS,USER_ILMOBJECTS,
PUBLIC,USER_ILMPOLICIES,SYS,USER_ILMPOLICIES,
PUBLIC,USER_ILMRESULTS,SYS,USER_ILMRESULTS,
PUBLIC,USER_ILMTASKS,SYS,USER_ILMTASKS,
PUBLIC,USER_IM_EXPRESSIONS,SYS,USER_IM_EXPRESSIONS,
PUBLIC,USER_IMMUTABLE_TABLES,SYS,USER_IMMUTABLE_TABLES,
PUBLIC,USER_IND_COLUMNS,SYS,USER_IND_COLUMNS,
PUBLIC,USER_INDEXES,SYS,USER_INDEXES,
PUBLIC,USER_IND_EXPRESSIONS,SYS,USER_IND_EXPRESSIONS,
PUBLIC,USER_INDEXTYPE_ARRAYTYPES,SYS,USER_INDEXTYPE_ARRAYTYPES,
PUBLIC,USER_INDEXTYPE_COMMENTS,SYS,USER_INDEXTYPE_COMMENTS,
PUBLIC,USER_INDEXTYPE_OPERATORS,SYS,USER_INDEXTYPE_OPERATORS,
PUBLIC,USER_INDEXTYPES,SYS,USER_INDEXTYPES,
PUBLIC,USER_IND_PARTITIONS,SYS,USER_IND_PARTITIONS,
PUBLIC,USER_IND_PENDING_STATS,SYS,USER_IND_PENDING_STATS,
PUBLIC,USER_IND_STATISTICS,SYS,USER_IND_STATISTICS,
PUBLIC,USER_IND_SUBPARTITIONS,SYS,USER_IND_SUBPARTITIONS,
PUBLIC,USER_INTERNAL_TRIGGERS,SYS,USER_INTERNAL_TRIGGERS,
PUBLIC,USER_JAVA_ARGUMENTS,SYS,USER_JAVA_ARGUMENTS,
PUBLIC,USER_JAVA_CLASSES,SYS,USER_JAVA_CLASSES,
PUBLIC,USER_JAVA_COMPILER_OPTIONS,SYS,USER_JAVA_COMPILER_OPTIONS,
PUBLIC,USER_JAVA_DERIVATIONS,SYS,USER_JAVA_DERIVATIONS,
PUBLIC,USER_JAVA_FIELDS,SYS,USER_JAVA_FIELDS,
PUBLIC,USER_JAVA_IMPLEMENTS,SYS,USER_JAVA_IMPLEMENTS,
PUBLIC,USER_JAVA_INNERS,SYS,USER_JAVA_INNERS,
PUBLIC,USER_JAVA_LAYOUTS,SYS,USER_JAVA_LAYOUTS,
PUBLIC,USER_JAVA_METHODS,SYS,USER_JAVA_METHODS,
PUBLIC,USER_JAVA_NCOMPS,SYS,USER_JAVA_NCOMPS,
PUBLIC,USER_JAVA_POLICY,SYS,USER_JAVA_POLICY,
PUBLIC,USER_JAVA_RESOLVERS,SYS,USER_JAVA_RESOLVERS,
PUBLIC,USER_JAVA_THROWS,SYS,USER_JAVA_THROWS,
PUBLIC,USER_JOBS,SYS,USER_JOBS,
PUBLIC,USER_JOINGROUPS,SYS,USER_JOINGROUPS,
PUBLIC,USER_JOIN_IND_COLUMNS,SYS,USER_JOIN_IND_COLUMNS,
PUBLIC,USER_JSON_COLUMNS,SYS,USER_JSON_COLUMNS,
PUBLIC,USER_JSON_DATAGUIDE_FIELDS,SYS,USER_JSON_DATAGUIDE_FIELDS,
PUBLIC,USER_JSON_DATAGUIDES,SYS,USER_JSON_DATAGUIDES,
PUBLIC,USER_LIBRARIES,SYS,USER_LIBRARIES,
PUBLIC,USER_LOB_PARTITIONS,SYS,USER_LOB_PARTITIONS,
PUBLIC,USER_LOBS,SYS,USER_LOBS,
PUBLIC,USER_LOB_SUBPARTITIONS,SYS,USER_LOB_SUBPARTITIONS,
PUBLIC,USER_LOB_TEMPLATES,SYS,USER_LOB_TEMPLATES,
PUBLIC,USER_LOG_GROUP_COLUMNS,SYS,USER_LOG_GROUP_COLUMNS,
PUBLIC,USER_LOG_GROUPS,SYS,USER_LOG_GROUPS,
PUBLIC,USER_MEASURE_FOLDER_CONTENTS,SYS,USER_MEASURE_FOLDER_CONTENTS,
PUBLIC,USER_MEASURE_FOLDERS,SYS,USER_MEASURE_FOLDERS,
PUBLIC,USER_MEASURE_FOLDER_SUBFOLDERS,SYS,USER_MEASURE_FOLDER_SUBFOLDERS,
PUBLIC,USER_METADATA_PROPERTIES,SYS,USER_METADATA_PROPERTIES,
PUBLIC,USER_METHOD_PARAMS,SYS,USER_METHOD_PARAMS,
PUBLIC,USER_METHOD_RESULTS,SYS,USER_METHOD_RESULTS,
PUBLIC,USER_MINING_MODEL_ATTRIBUTES,SYS,USER_MINING_MODEL_ATTRIBUTES,
PUBLIC,USER_MINING_MODEL_PARTITIONS,SYS,USER_MINING_MODEL_PARTITIONS,
PUBLIC,USER_MINING_MODELS,SYS,USER_MINING_MODELS,
PUBLIC,USER_MINING_MODEL_SETTINGS,SYS,USER_MINING_MODEL_SETTINGS,
PUBLIC,USER_MINING_MODEL_VIEWS,SYS,USER_MINING_MODEL_VIEWS,
PUBLIC,USER_MINING_MODEL_XFORMS,SYS,USER_MINING_MODEL_XFORMS,
PUBLIC,USER_MP_GRAPH_WORKSPACES,WMSYS,USER_MP_GRAPH_WORKSPACES,
PUBLIC,USER_MP_PARENT_WORKSPACES,WMSYS,USER_MP_PARENT_WORKSPACES,
PUBLIC,USER_MVIEW_AGGREGATES,SYS,USER_MVIEW_AGGREGATES,
PUBLIC,USER_MVIEW_ANALYSIS,SYS,USER_MVIEW_ANALYSIS,
PUBLIC,USER_MVIEW_COMMENTS,SYS,USER_MVIEW_COMMENTS,
PUBLIC,USER_MVIEW_DETAIL_PARTITION,SYS,USER_MVIEW_DETAIL_PARTITION,
PUBLIC,USER_MVIEW_DETAIL_RELATIONS,SYS,USER_MVIEW_DETAIL_RELATIONS,
PUBLIC,USER_MVIEW_DETAIL_SUBPARTITION,SYS,USER_MVIEW_DETAIL_SUBPARTITION,
PUBLIC,USER_MVIEW_JOINS,SYS,USER_MVIEW_JOINS,
PUBLIC,USER_MVIEW_KEYS,SYS,USER_MVIEW_KEYS,
PUBLIC,USER_MVIEW_LOGS,SYS,USER_MVIEW_LOGS,
PUBLIC,USER_MVIEW_REFRESH_TIMES,SYS,USER_MVIEW_REFRESH_TIMES,
PUBLIC,USER_MVIEWS,SYS,USER_MVIEWS,
PUBLIC,USER_MVREF_CHANGE_STATS,SYS,USER_MVREF_CHANGE_STATS,
PUBLIC,USER_MVREF_RUN_STATS,SYS,USER_MVREF_RUN_STATS,
PUBLIC,USER_MVREF_STATS,SYS,USER_MVREF_STATS,
PUBLIC,USER_MVREF_STATS_PARAMS,SYS,USER_MVREF_STATS_PARAMS,
PUBLIC,USER_MVREF_STATS_SYS_DEFAULTS,SYS,USER_MVREF_STATS_SYS_DEFAULTS,
PUBLIC,USER_MVREF_STMT_STATS,SYS,USER_MVREF_STMT_STATS,
PUBLIC,USER_NESTED_TABLE_COLS,SYS,USER_NESTED_TABLE_COLS,
PUBLIC,USER_NESTED_TABLES,SYS,USER_NESTED_TABLES,
PUBLIC,USER_NETWORK_ACL_PRIVILEGES,SYS,USER_NETWORK_ACL_PRIVILEGES,
PUBLIC,USER_OBJ_AUDIT_OPTS,SYS,USER_OBJ_AUDIT_OPTS,
PUBLIC,USER_OBJ_COLATTRS,SYS,USER_OBJ_COLATTRS,
PUBLIC,USER_OBJECTS,SYS,USER_OBJECTS,
PUBLIC,USER_OBJECTS_AE,SYS,USER_OBJECTS_AE,
PUBLIC,USER_OBJECT_SIZE,SYS,USER_OBJECT_SIZE,
PUBLIC,USER_OBJECT_TABLES,SYS,USER_OBJECT_TABLES,
PUBLIC,USER_OBJECT_USAGE,SYS,USER_OBJECT_USAGE,
PUBLIC,USER_OGG_AUTO_CAPTURED_TABLES,SYS,USER_OGG_AUTO_CAPTURED_TABLES,
PUBLIC,USER_OLDIMAGE_COLUMNS,SYS,USER_OLDIMAGE_COLUMNS,
PUBLIC,USER_OPANCILLARY,SYS,USER_OPANCILLARY,
PUBLIC,USER_OPARGUMENTS,SYS,USER_OPARGUMENTS,
PUBLIC,USER_OPBINDINGS,SYS,USER_OPBINDINGS,
PUBLIC,USER_OPERATOR_COMMENTS,SYS,USER_OPERATOR_COMMENTS,
PUBLIC,USER_OPERATORS,SYS,USER_OPERATORS,
PUBLIC,USER_OUTLINE_HINTS,SYS,USER_OUTLINE_HINTS,
PUBLIC,USER_OUTLINES,SYS,USER_OUTLINES,
PUBLIC,USER_PARALLEL_EXECUTE_CHUNKS,SYS,USER_PARALLEL_EXECUTE_CHUNKS,
PUBLIC,USER_PARALLEL_EXECUTE_TASKS,SYS,USER_PARALLEL_EXECUTE_TASKS,
PUBLIC,USER_PART_COL_STATISTICS,SYS,USER_PART_COL_STATISTICS,
PUBLIC,USER_PART_HISTOGRAMS,SYS,USER_PART_HISTOGRAMS,
PUBLIC,USER_PARTIAL_DROP_TABS,SYS,USER_PARTIAL_DROP_TABS,
PUBLIC,USER_PART_INDEXES,SYS,USER_PART_INDEXES,
PUBLIC,USER_PART_KEY_COLUMNS,SYS,USER_PART_KEY_COLUMNS,
PUBLIC,USER_PART_LOBS,SYS,USER_PART_LOBS,
PUBLIC,USER_PART_TABLES,SYS,USER_PART_TABLES,
PUBLIC,USER_PASSWORD_LIMITS,SYS,USER_PASSWORD_LIMITS,
PUBLIC,USER_PENDING_CONV_TABLES,SYS,USER_PENDING_CONV_TABLES,
PUBLIC,USER_PLSQL_COLL_TYPES,SYS,USER_PLSQL_COLL_TYPES,
PUBLIC,USER_PLSQL_OBJECT_SETTINGS,SYS,USER_PLSQL_OBJECT_SETTINGS,
PUBLIC,USER_PLSQL_TYPE_ATTRS,SYS,USER_PLSQL_TYPE_ATTRS,
PUBLIC,USER_PLSQL_TYPES,SYS,USER_PLSQL_TYPES,
PUBLIC,USER_POLICIES,SYS,USER_POLICIES,
PUBLIC,USER_POLICY_ATTRIBUTES,SYS,USER_POLICY_ATTRIBUTES,
PUBLIC,USER_POLICY_CONTEXTS,SYS,USER_POLICY_CONTEXTS,
PUBLIC,USER_POLICY_GROUPS,SYS,USER_POLICY_GROUPS,
PUBLIC,USER_PRIVATE_TEMP_TABLES,SYS,USER_PRIVATE_TEMP_TABLES,
PUBLIC,USER_PRIVILEGE_MAP,SYS,USER_PRIVILEGE_MAP,
PUBLIC,USER_PROCEDURES,SYS,USER_PROCEDURES,
PUBLIC,USER_PROXIES,SYS,USER_PROXIES,
PUBLIC,USER_QUEUE_EVENT_STREAMS,SYS,USER_QUEUE_EVENT_STREAMS,
PUBLIC,USER_QUEUE_PARTITION_ASSIGNMENT_TABLE,SYS,USER_QUEUE_PARTITION_ASSIGNMENT_TABLE,
PUBLIC,USER_QUEUE_PUBLISHERS,SYS,USER_QUEUE_PUBLISHERS,
PUBLIC,USER_QUEUES,SYS,USER_QUEUES,
PUBLIC,USER_QUEUE_SCHEDULES,SYS,USER_QUEUE_SCHEDULES,
PUBLIC,USER_QUEUE_SHARDS,SYS,USER_QUEUE_SHARDS,
PUBLIC,USER_QUEUE_SUBSCRIBERS,SYS,USER_QUEUE_SUBSCRIBERS,
PUBLIC,USER_QUEUE_TABLES,SYS,USER_QUEUE_TABLES,
PUBLIC,USER_RECYCLEBIN,SYS,USER_RECYCLEBIN,
PUBLIC,USER_REFRESH,SYS,USER_REFRESH,
PUBLIC,USER_REFRESH_CHILDREN,SYS,USER_REFRESH_CHILDREN,
PUBLIC,USER_REFS,SYS,USER_REFS,
PUBLIC,USER_REGISTERED_MVIEWS,SYS,USER_REGISTERED_MVIEWS,
PUBLIC,USER_REGISTERED_SNAPSHOTS,SYS,USER_REGISTERED_SNAPSHOTS,
PUBLIC,USER_REGISTRY,SYS,USER_REGISTRY,
PUBLIC,USER_REMOVED_WORKSPACES,WMSYS,USER_REMOVED_WORKSPACES,
PUBLIC,USER_RESOURCE_LIMITS,SYS,USER_RESOURCE_LIMITS,
PUBLIC,USER_RESUMABLE,SYS,USER_RESUMABLE,
PUBLIC,USER_REWRITE_EQUIVALENCES,SYS,USER_REWRITE_EQUIVALENCES,
PUBLIC,USER_ROLE_PRIVS,SYS,USER_ROLE_PRIVS,
PUBLIC,USER_RSRC_CONSUMER_GROUP_PRIVS,SYS,USER_RSRC_CONSUMER_GROUP_PRIVS,
PUBLIC,USER_RSRC_MANAGER_SYSTEM_PRIVS,SYS,USER_RSRC_MANAGER_SYSTEM_PRIVS,
PUBLIC,USER_RULES,SYS,USER_RULES,
PUBLIC,USER_RULE_SET_RULES,SYS,USER_RULE_SET_RULES,
PUBLIC,USER_RULE_SETS,SYS,USER_RULE_SETS,
PUBLIC,USER_RULESETS,SYS,USER_RULESETS,
PUBLIC,USER_SA_SESSION,LBACSYS,USER_SA_SESSION,
PUBLIC,USER_SCHEDULER_CHAIN_RULES,SYS,USER_SCHEDULER_CHAIN_RULES,
PUBLIC,USER_SCHEDULER_CHAINS,SYS,USER_SCHEDULER_CHAINS,
PUBLIC,USER_SCHEDULER_CHAIN_STEPS,SYS,USER_SCHEDULER_CHAIN_STEPS,
PUBLIC,USER_SCHEDULER_CREDENTIALS,SYS,USER_SCHEDULER_CREDENTIALS,
PUBLIC,USER_SCHEDULER_DB_DESTS,SYS,USER_SCHEDULER_DB_DESTS,
PUBLIC,USER_SCHEDULER_DESTS,SYS,USER_SCHEDULER_DESTS,
PUBLIC,USER_SCHEDULER_FILE_WATCHERS,SYS,USER_SCHEDULER_FILE_WATCHERS,
PUBLIC,USER_SCHEDULER_GROUP_MEMBERS,SYS,USER_SCHEDULER_GROUP_MEMBERS,
PUBLIC,USER_SCHEDULER_GROUPS,SYS,USER_SCHEDULER_GROUPS,
PUBLIC,USER_SCHEDULER_INCOMPAT_MEMBER,SYS,USER_SCHEDULER_INCOMPAT_MEMBER,
PUBLIC,USER_SCHEDULER_INCOMPATS,SYS,USER_SCHEDULER_INCOMPATS,
PUBLIC,USER_SCHEDULER_JOB_ARGS,SYS,USER_SCHEDULER_JOB_ARGS,
PUBLIC,USER_SCHEDULER_JOB_DESTS,SYS,USER_SCHEDULER_JOB_DESTS,
PUBLIC,USER_SCHEDULER_JOB_LOG,SYS,USER_SCHEDULER_JOB_LOG,
PUBLIC,USER_SCHEDULER_JOB_RUN_DETAILS,SYS,USER_SCHEDULER_JOB_RUN_DETAILS,
PUBLIC,USER_SCHEDULER_JOBS,SYS,USER_SCHEDULER_JOBS,
PUBLIC,USER_SCHEDULER_NOTIFICATIONS,SYS,USER_SCHEDULER_NOTIFICATIONS,
PUBLIC,USER_SCHEDULER_PROGRAM_ARGS,SYS,USER_SCHEDULER_PROGRAM_ARGS,
PUBLIC,USER_SCHEDULER_PROGRAMS,SYS,USER_SCHEDULER_PROGRAMS,
PUBLIC,USER_SCHEDULER_REMOTE_JOBSTATE,SYS,USER_SCHEDULER_REMOTE_JOBSTATE,
PUBLIC,USER_SCHEDULER_RESOURCES,SYS,USER_SCHEDULER_RESOURCES,
PUBLIC,USER_SCHEDULER_RSC_CONSTRAINTS,SYS,USER_SCHEDULER_RSC_CONSTRAINTS,
PUBLIC,USER_SCHEDULER_RUNNING_CHAINS,SYS,USER_SCHEDULER_RUNNING_CHAINS,
PUBLIC,USER_SCHEDULER_RUNNING_JOBS,SYS,USER_SCHEDULER_RUNNING_JOBS,
PUBLIC,USER_SCHEDULER_SCHEDULES,SYS,USER_SCHEDULER_SCHEDULES,
PUBLIC,USER_SDO_ANIMATIONS,MDSYS,USER_SDO_ANIMATIONS,
PUBLIC,USER_SDO_CACHED_MAPS,MDSYS,USER_SDO_CACHED_MAPS,
PUBLIC,USER_SDO_CSW_SERVICE_INFO,MDSYS,USER_SDO_CSW_SERVICE_INFO,
PUBLIC,USER_SDO_DIAG_MESSAGES,MDSYS,USER_SDO_DIAG_MESSAGES,
PUBLIC,USER_SDO_GEOM_METADATA,MDSYS,USER_SDO_GEOM_METADATA,
PUBLIC,USER_SDO_GEOR_SYSDATA,MDSYS,USER_SDO_GEOR_SYSDATA,
PUBLIC,USER_SDO_INDEX_HISTOGRAM,MDSYS,USER_SDO_INDEX_HISTOGRAM,
PUBLIC,USER_SDO_INDEX_HISTOGRAMS,MDSYS,USER_SDO_INDEX_HISTOGRAM,
PUBLIC,USER_SDO_INDEX_INFO,MDSYS,USER_SDO_INDEX_INFO,
PUBLIC,USER_SDO_INDEX_METADATA,MDSYS,USER_SDO_INDEX_METADATA,
PUBLIC,USER_SDO_LIGHTSOURCES,MDSYS,USER_SDO_LIGHTSOURCES,
PUBLIC,USER_SDO_LRS_METADATA,MDSYS,USER_SDO_LRS_METADATA,
PUBLIC,USER_SDO_MAPS,MDSYS,USER_SDO_MAPS,
PUBLIC,USER_SDO_NETWORK_CONSTRAINTS,MDSYS,USER_SDO_NETWORK_CONSTRAINTS,
PUBLIC,USER_SDO_NETWORK_FEATURE,MDSYS,USER_SDO_NETWORK_FEATURE,
PUBLIC,USER_SDO_NETWORK_HISTORIES,MDSYS,USER_SDO_NETWORK_HISTORIES,
PUBLIC,USER_SDO_NETWORK_JAVA_OBJECTS,MDSYS,USER_SDO_NETWORK_JAVA_OBJECTS,
PUBLIC,USER_SDO_NETWORK_LOCKS_WM,MDSYS,USER_SDO_NETWORK_LOCKS_WM,
PUBLIC,USER_SDO_NETWORK_METADATA,MDSYS,USER_SDO_NETWORK_METADATA,
PUBLIC,USER_SDO_NETWORK_TIMESTAMPS,MDSYS,USER_SDO_NETWORK_TIMESTAMPS,
PUBLIC,USER_SDO_NETWORK_USER_DATA,MDSYS,USER_SDO_NETWORK_USER_DATA,
PUBLIC,USER_SDO_NFE_MODEL_FTLAYER_REL,MDSYS,USER_SDO_NFE_MODEL_FTLAYER_REL,
PUBLIC,USER_SDO_NFE_MODEL_METADATA,MDSYS,USER_SDO_NFE_MODEL_METADATA,
PUBLIC,USER_SDO_NFE_MODEL_WORKSPACE,MDSYS,USER_SDO_NFE_MODEL_WORKSPACE,
PUBLIC,USER_SDO_SCENES,MDSYS,USER_SDO_SCENES,
PUBLIC,USER_SDO_STYLES,MDSYS,USER_SDO_STYLES,
PUBLIC,USER_SDO_THEMES,MDSYS,USER_SDO_THEMES,
PUBLIC,USER_SDO_TIN_PC_SYSDATA,MDSYS,USER_SDO_TIN_PC_SYSDATA,
PUBLIC,USER_SDO_TOPO_INFO,MDSYS,USER_SDO_TOPO_INFO,
PUBLIC,USER_SDO_TOPO_METADATA,MDSYS,USER_SDO_TOPO_METADATA,
PUBLIC,USER_SDO_VIEWFRAMES,MDSYS,USER_SDO_VIEWFRAMES,
PUBLIC,USER_SDO_3DTHEMES,MDSYS,USER_SDO_3DTHEMES,
PUBLIC,USER_SDO_3DTXFMS,MDSYS,USER_SDO_3DTXFMS,
PUBLIC,USER_SECONDARY_OBJECTS,SYS,USER_SECONDARY_OBJECTS,
PUBLIC,USER_SEC_RELEVANT_COLS,SYS,USER_SEC_RELEVANT_COLS,
PUBLIC,USER_SEGMENTS,SYS,USER_SEGMENTS,
PUBLIC,USER_SEQUENCES,SYS,USER_SEQUENCES,
PUBLIC,USER_SNAPSHOT_LOGS,SYS,USER_SNAPSHOT_LOGS,
PUBLIC,USER_SNAPSHOT_REFRESH_TIMES,SYS,USER_MVIEW_REFRESH_TIMES,
PUBLIC,USER_SNAPSHOTS,SYS,USER_SNAPSHOTS,
PUBLIC,USER_SODA_COLLECTIONS,XDB,JSON$USER_COLLECTION_METADATA,
PUBLIC,USER_SOURCE,SYS,USER_SOURCE,
PUBLIC,USER_SOURCE_AE,SYS,USER_SOURCE_AE,
PUBLIC,USER_SQLJ_TYPE_ATTRS,SYS,USER_SQLJ_TYPE_ATTRS,
PUBLIC,USER_SQLJ_TYPE_METHODS,SYS,USER_SQLJ_TYPE_METHODS,
PUBLIC,USER_SQLJ_TYPES,SYS,USER_SQLJ_TYPES,
PUBLIC,USER_SQLSET,SYS,USER_SQLSET,
PUBLIC,USER_SQLSET_BINDS,SYS,USER_SQLSET_BINDS,
PUBLIC,USER_SQLSET_DEFINITIONS,SYS,USER_SQLSET,
PUBLIC,USER_SQLSET_PLANS,SYS,USER_SQLSET_PLANS,
PUBLIC,USER_SQLSET_REFERENCES,SYS,USER_SQLSET_REFERENCES,
PUBLIC,USER_SQLSET_STATEMENTS,SYS,USER_SQLSET_STATEMENTS,
PUBLIC,USER_SQL_TRANSLATION_PROFILES,SYS,USER_SQL_TRANSLATION_PROFILES,
PUBLIC,USER_SQL_TRANSLATIONS,SYS,USER_SQL_TRANSLATIONS,
PUBLIC,USER_SQLTUNE_BINDS,SYS,USER_SQLTUNE_BINDS,
PUBLIC,USER_SQLTUNE_PLANS,SYS,USER_SQLTUNE_PLANS,
PUBLIC,USER_SQLTUNE_RATIONALE_PLAN,SYS,USER_SQLTUNE_RATIONALE_PLAN,
PUBLIC,USER_SQLTUNE_STATISTICS,SYS,USER_SQLTUNE_STATISTICS,
PUBLIC,USER_SR_GRP_STATUS,SYS,USER_SR_GRP_STATUS,
PUBLIC,USER_SR_GRP_STATUS_ALL,SYS,USER_SR_GRP_STATUS_ALL,
PUBLIC,USER_SR_OBJ,SYS,USER_SR_OBJ,
PUBLIC,USER_SR_OBJ_ALL,SYS,USER_SR_OBJ_ALL,
PUBLIC,USER_SR_OBJ_STATUS,SYS,USER_SR_OBJ_STATUS,
PUBLIC,USER_SR_OBJ_STATUS_ALL,SYS,USER_SR_OBJ_STATUS_ALL,
PUBLIC,USER_SR_PARTN_OPS,SYS,USER_SR_PARTN_OPS,
PUBLIC,USER_SR_STLOG_EXCEPTIONS,SYS,USER_SR_STLOG_EXCEPTIONS,
PUBLIC,USER_SR_STLOG_STATS,SYS,USER_SR_STLOG_STATS,
PUBLIC,USER_STATEMENTS,SYS,USER_STATEMENTS,
PUBLIC,USER_STAT_EXTENSIONS,SYS,USER_STAT_EXTENSIONS,
PUBLIC,USER_STORED_SETTINGS,SYS,USER_STORED_SETTINGS,
PUBLIC,USER_SUBPART_COL_STATISTICS,SYS,USER_SUBPART_COL_STATISTICS,
PUBLIC,USER_SUBPART_HISTOGRAMS,SYS,USER_SUBPART_HISTOGRAMS,
PUBLIC,USER_SUBPARTITION_TEMPLATES,SYS,USER_SUBPARTITION_TEMPLATES,
PUBLIC,USER_SUBPART_KEY_COLUMNS,SYS,USER_SUBPART_KEY_COLUMNS,
PUBLIC,USER_SUBSCR_REGISTRATIONS,SYS,USER_SUBSCR_REGISTRATIONS,
PUBLIC,USER_SUMMARIES,SYS,USER_SUMMARIES,
PUBLIC,USER_SUMMARY_AGGREGATES,SYS,USER_SUMMARY_AGGREGATES,
PUBLIC,USER_SUMMARY_DETAIL_TABLES,SYS,USER_SUMMARY_DETAIL_TABLES,
PUBLIC,USER_SUMMARY_JOINS,SYS,USER_SUMMARY_JOINS,
PUBLIC,USER_SUMMARY_KEYS,SYS,USER_SUMMARY_KEYS,
PUBLIC,USER_SYNONYMS,SYS,USER_SYNONYMS,
PUBLIC,USER_SYS_PRIVS,SYS,USER_SYS_PRIVS,
PUBLIC,USER_TAB_COLS,SYS,USER_TAB_COLS,
PUBLIC,USER_TAB_COL_STATISTICS,SYS,USER_TAB_COL_STATISTICS,
PUBLIC,USER_TAB_COL_STAT_MODELS,SYS,USER_TAB_COL_STAT_MODELS,
PUBLIC,USER_TAB_COLUMNS,SYS,USER_TAB_COLUMNS,
PUBLIC,USER_TAB_COMMENTS,SYS,USER_TAB_COMMENTS,
PUBLIC,USER_TAB_HISTGRM_PENDING_STATS,SYS,USER_TAB_HISTGRM_PENDING_STATS,
PUBLIC,USER_TAB_HISTOGRAMS,SYS,USER_TAB_HISTOGRAMS,
PUBLIC,USER_TAB_IDENTITY_COLS,SYS,USER_TAB_IDENTITY_COLS,
PUBLIC,USER_TABLES,SYS,USER_TABLES,
PUBLIC,USER_TABLESPACES,SYS,USER_TABLESPACES,
PUBLIC,USER_TAB_MODIFICATIONS,SYS,USER_TAB_MODIFICATIONS,
PUBLIC,USER_TAB_PARTITIONS,SYS,USER_TAB_PARTITIONS,
PUBLIC,USER_TAB_PENDING_STATS,SYS,USER_TAB_PENDING_STATS,
PUBLIC,USER_TAB_PRIVS,SYS,USER_TAB_PRIVS,
PUBLIC,USER_TAB_PRIVS_MADE,SYS,USER_TAB_PRIVS_MADE,
PUBLIC,USER_TAB_PRIVS_RECD,SYS,USER_TAB_PRIVS_RECD,
PUBLIC,USER_TAB_STATISTICS,SYS,USER_TAB_STATISTICS,
PUBLIC,USER_TAB_STAT_PREFS,SYS,USER_TAB_STAT_PREFS,
PUBLIC,USER_TAB_STATS_HISTORY,SYS,USER_TAB_STATS_HISTORY,
PUBLIC,USER_TAB_SUBPARTITIONS,SYS,USER_TAB_SUBPARTITIONS,
PUBLIC,USER_TRANSFORMATIONS,SYS,USER_TRANSFORMATIONS,
PUBLIC,USER_TRIGGER_COLS,SYS,USER_TRIGGER_COLS,
PUBLIC,USER_TRIGGER_ORDERING,SYS,USER_TRIGGER_ORDERING,
PUBLIC,USER_TRIGGERS,SYS,USER_TRIGGERS,
PUBLIC,USER_TRIGGERS_AE,SYS,USER_TRIGGERS_AE,
PUBLIC,USER_TS_QUOTAS,SYS,USER_TS_QUOTAS,
PUBLIC,USER_TSTZ_TAB_COLS,SYS,USER_TSTZ_TAB_COLS,
PUBLIC,USER_TSTZ_TABLES,SYS,USER_TSTZ_TABLES,
PUBLIC,USER_TUNE_MVIEW,SYS,USER_TUNE_MVIEW,
PUBLIC,USER_TYPE_ATTRS,SYS,USER_TYPE_ATTRS,
PUBLIC,USER_TYPE_METHODS,SYS,USER_TYPE_METHODS,
PUBLIC,USER_TYPES,SYS,USER_TYPES,
PUBLIC,USER_TYPE_VERSIONS,SYS,USER_TYPE_VERSIONS,
PUBLIC,USER_UNUSED_COL_TABS,SYS,USER_UNUSED_COL_TABS,
PUBLIC,USER_UPDATABLE_COLUMNS,SYS,USER_UPDATABLE_COLUMNS,
PUBLIC,USER_USERS,SYS,USER_USERS,
PUBLIC,USER_USTATS,SYS,USER_USTATS,
PUBLIC,USER_VARRAYS,SYS,USER_VARRAYS,
PUBLIC,USER_VIEWS,SYS,USER_VIEWS,
PUBLIC,USER_VIEWS_AE,SYS,USER_VIEWS_AE,
PUBLIC,USER_WALLET_ACES,SYS,USER_WALLET_ACES,
PUBLIC,USER_WARNING_SETTINGS,SYS,USER_WARNING_SETTINGS,
PUBLIC,USER_WM_CONS_COLUMNS,WMSYS,USER_WM_CONS_COLUMNS,
PUBLIC,USER_WM_CONSTRAINTS,WMSYS,USER_WM_CONSTRAINTS,
PUBLIC,USER_WM_IND_COLUMNS,WMSYS,USER_WM_IND_COLUMNS,
PUBLIC,USER_WM_IND_EXPRESSIONS,WMSYS,USER_WM_IND_EXPRESSIONS,
PUBLIC,USER_WM_LOCKED_TABLES,WMSYS,USER_WM_LOCKED_TABLES,
PUBLIC,USER_WM_MODIFIED_TABLES,WMSYS,USER_WM_MODIFIED_TABLES,
PUBLIC,USER_WM_POLICIES,WMSYS,USER_WM_POLICIES,
PUBLIC,USER_WM_PRIVS,WMSYS,USER_WM_PRIVS,
PUBLIC,USER_WM_RIC_INFO,WMSYS,USER_WM_RIC_INFO,
PUBLIC,USER_WM_TAB_TRIGGERS,WMSYS,USER_WM_TAB_TRIGGERS,
PUBLIC,USER_WM_VERSIONED_TABLES,WMSYS,USER_WM_VERSIONED_TABLES,
PUBLIC,USER_WM_VT_ERRORS,WMSYS,USER_WM_VT_ERRORS,
PUBLIC,USER_WORKSPACE_PRIVS,WMSYS,USER_WORKSPACE_PRIVS,
PUBLIC,USER_WORKSPACES,WMSYS,USER_WORKSPACES,
PUBLIC,USER_WORKSPACE_SAVEPOINTS,WMSYS,USER_WORKSPACE_SAVEPOINTS,
PUBLIC,USER_XDS_ACL_REFRESH,SYS,USER_XDS_ACL_REFRESH,
PUBLIC,USER_XDS_ACL_REFSTAT,SYS,USER_XDS_ACL_REFSTAT,
PUBLIC,USER_XDS_LATEST_ACL_REFSTAT,SYS,USER_XDS_LATEST_ACL_REFSTAT,
PUBLIC,USER_XML_COLUMN_NAMES,SYS,USER_XML_COLUMN_NAMES,
PUBLIC,USER_XML_INDEXES,SYS,USER_XML_INDEXES,
PUBLIC,USER_XML_NESTED_TABLES,SYS,USER_XML_NESTED_TABLES,
PUBLIC,USER_XML_OUT_OF_LINE_TABLES,SYS,USER_XML_OUT_OF_LINE_TABLES,
PUBLIC,USER_XML_PARTITIONED_TABLE_OK,SYS,USER_XML_PARTITIONED_TABLE_OK,
PUBLIC,USER_XML_SCHEMA_ATTRIBUTES,SYS,USER_XML_SCHEMA_ATTRIBUTES,
PUBLIC,USER_XML_SCHEMA_COMPLEX_TYPES,SYS,USER_XML_SCHEMA_COMPLEX_TYPES,
PUBLIC,USER_XML_SCHEMA_ELEMENTS,SYS,USER_XML_SCHEMA_ELEMENTS,
PUBLIC,USER_XML_SCHEMA_NAMESPACES,SYS,USER_XML_SCHEMA_NAMESPACES,
PUBLIC,USER_XML_SCHEMAS,SYS,USER_XML_SCHEMAS,
PUBLIC,USER_XML_SCHEMA_SIMPLE_TYPES,SYS,USER_XML_SCHEMA_SIMPLE_TYPES,
PUBLIC,USER_XML_SCHEMA_SUBSTGRP_HEAD,SYS,USER_XML_SCHEMA_SUBSTGRP_HEAD,
PUBLIC,USER_XML_SCHEMA_SUBSTGRP_MBRS,SYS,USER_XML_SCHEMA_SUBSTGRP_MBRS,
PUBLIC,USER_XML_TAB_COLS,SYS,USER_XML_TAB_COLS,
PUBLIC,USER_XML_TABLES,SYS,USER_XML_TABLES,
PUBLIC,USER_XMLTYPE_COLS,SYS,USER_XMLTYPE_COLS,
PUBLIC,USER_XML_VIEW_COLS,SYS,USER_XML_VIEW_COLS,
PUBLIC,USER_XML_VIEWS,SYS,USER_XML_VIEWS,
PUBLIC,USER_XS_ACES,SYS,USER_XS_ACES,
PUBLIC,USER_XS_ACL_PARAMETERS,SYS,USER_XS_ACL_PARAMETERS,
PUBLIC,USER_XS_ACLS,SYS,USER_XS_ACLS,
PUBLIC,USER_XS_COLUMN_CONSTRAINTS,SYS,USER_XS_COLUMN_CONSTRAINTS,
PUBLIC,USER_XS_IMPLIED_PRIVILEGES,SYS,USER_XS_IMPLIED_PRIVILEGES,
PUBLIC,USER_XS_INHERITED_REALMS,SYS,USER_XS_INHERITED_REALMS,
PUBLIC,USER_XS_PASSWORD_LIMITS,SYS,USER_XS_PASSWORD_LIMITS,
PUBLIC,USER_XS_POLICIES,SYS,USER_XS_POLICIES,
PUBLIC,USER_XS_PRIVILEGES,SYS,USER_XS_PRIVILEGES,
PUBLIC,USER_XS_REALM_CONSTRAINTS,SYS,USER_XS_REALM_CONSTRAINTS,
PUBLIC,USER_XS_SECURITY_CLASS_DEP,SYS,USER_XS_SECURITY_CLASS_DEP,
PUBLIC,USER_XS_SECURITY_CLASSES,SYS,USER_XS_SECURITY_CLASSES,
PUBLIC,USER_XS_USERS,SYS,USER_XS_USERS,
PUBLIC,USER_XTERNAL_LOC_PARTITIONS,SYS,USER_XTERNAL_LOC_PARTITIONS,
PUBLIC,USER_XTERNAL_LOC_SUBPARTITIONS,SYS,USER_XTERNAL_LOC_SUBPARTITIONS,
PUBLIC,USER_XTERNAL_PART_TABLES,SYS,USER_XTERNAL_PART_TABLES,
PUBLIC,USER_XTERNAL_TAB_PARTITIONS,SYS,USER_XTERNAL_TAB_PARTITIONS,
PUBLIC,USER_XTERNAL_TAB_SUBPARTITIONS,SYS,USER_XTERNAL_TAB_SUBPARTITIONS,
PUBLIC,USER_ZONEMAP_MEASURES,SYS,USER_ZONEMAP_MEASURES,
PUBLIC,USER_ZONEMAPS,SYS,USER_ZONEMAPS,
PUBLIC,UTL_ALL_IND_COMPS,SYS,UTL_ALL_IND_COMPS,
PUBLIC,UTL_BINARYINPUTSTREAM,SYS,UTL_BINARYINPUTSTREAM,
PUBLIC,UTL_BINARYOUTPUTSTREAM,SYS,UTL_BINARYOUTPUTSTREAM,
PUBLIC,UTL_CALL_STACK,SYS,UTL_CALL_STACK,
PUBLIC,UTL_CHARACTERINPUTSTREAM,SYS,UTL_CHARACTERINPUTSTREAM,
PUBLIC,UTL_CHARACTEROUTPUTSTREAM,SYS,UTL_CHARACTEROUTPUTSTREAM,
PUBLIC,UTL_COLL,SYS,UTL_COLL,
PUBLIC,UTL_COMPRESS,SYS,UTL_COMPRESS,
PUBLIC,UTL_ENCODE,SYS,UTL_ENCODE,
PUBLIC,UTL_FILE,SYS,UTL_FILE,
PUBLIC,UTL_GDK,SYS,UTL_GDK,
PUBLIC,UTL_HTTP,SYS,UTL_HTTP,
PUBLIC,UTL_IDENT,SYS,UTL_IDENT,
PUBLIC,UTL_INADDR,SYS,UTL_INADDR,
PUBLIC,UTL_I18N,SYS,UTL_I18N,
PUBLIC,UTL_LMS,SYS,UTL_LMS,
PUBLIC,UTL_MATCH,SYS,UTL_MATCH,
PUBLIC,UTL_NLA,SYS,UTL_NLA,
PUBLIC,UTL_NLA_ARRAY_DBL,SYS,UTL_NLA_ARRAY_DBL,
PUBLIC,UTL_NLA_ARRAY_FLT,SYS,UTL_NLA_ARRAY_FLT,
PUBLIC,UTL_NLA_ARRAY_INT,SYS,UTL_NLA_ARRAY_INT,
PUBLIC,UTL_RAW,SYS,UTL_RAW,
PUBLIC,UTL_REF,SYS,UTL_REF,
PUBLIC,UTL_SMTP,SYS,UTL_SMTP,
PUBLIC,UTL_TCP,SYS,UTL_TCP,
PUBLIC,UTL_URL,SYS,UTL_URL,
PUBLIC,V$ACCESS,SYS,V_$ACCESS,
PUBLIC,V$ACTIVE_INSTANCES,SYS,V_$ACTIVE_INSTANCES,
PUBLIC,V$ACTIVE_SERVICES,SYS,V_$ACTIVE_SERVICES,
PUBLIC,V$ACTIVE_SESSION_HISTORY,SYS,V_$ACTIVE_SESSION_HISTORY,
PUBLIC,V$ACTIVE_SESS_POOL_MTH,SYS,V_$ACTIVE_SESS_POOL_MTH,
PUBLIC,V$ACTIVITY_MVIEW,SYS,V_$ACTIVITY_MVIEW,
PUBLIC,V$ACTIVITY_TABLE,SYS,V_$ACTIVITY_TABLE,
PUBLIC,V$ADVISOR_CURRENT_SQLPLAN,SYS,V_$ADVISOR_CURRENT_SQLPLAN,
PUBLIC,V$ADVISOR_PROGRESS,SYS,V_$ADVISOR_PROGRESS,
PUBLIC,V$ALERT_TYPES,SYS,V_$ALERT_TYPES,
PUBLIC,V$ALL_ACTIVE_SESSION_HISTORY,SYS,V_$ALL_ACTIVE_SESSION_HISTORY,
PUBLIC,V$ALL_SQL_MONITOR,SYS,V_$ALL_SQL_MONITOR,
PUBLIC,V$ALL_SQL_PLAN,SYS,V_$ALL_SQL_PLAN,
PUBLIC,V$ALL_SQL_PLAN_MONITOR,SYS,V_$ALL_SQL_PLAN_MONITOR,
PUBLIC,V$AQ,SYS,V_$AQ,
PUBLIC,V$AQ_BACKGROUND_COORDINATOR,SYS,V_$AQ_BACKGROUND_COORDINATOR,
PUBLIC,V$AQ_BMAP_NONDUR_SUBSCRIBERS,SYS,V_$AQ_BMAP_NONDUR_SUBSCRIBERS,
PUBLIC,V$AQ_CACHED_SUBSHARDS,SYS,V_$AQ_CACHED_SUBSHARDS,
PUBLIC,V$AQ_CROSS_INSTANCE_JOBS,SYS,V_$AQ_CROSS_INSTANCE_JOBS,
PUBLIC,V$AQ_DEQUEUE_SESSIONS,SYS,V_$AQ_DEQUEUE_SESSIONS,
PUBLIC,V$AQ_INACTIVE_SUBSHARDS,SYS,V_$AQ_INACTIVE_SUBSHARDS,
PUBLIC,V$AQ_IPC_ACTIVE_MSGS,SYS,V_$AQ_IPC_ACTIVE_MSGS,
PUBLIC,V$AQ_IPC_MSG_STATS,SYS,V_$AQ_IPC_MSG_STATS,
PUBLIC,V$AQ_IPC_PENDING_MSGS,SYS,V_$AQ_IPC_PENDING_MSGS,
PUBLIC,V$AQ_JOB_COORDINATOR,SYS,V_$AQ_JOB_COORDINATOR,
PUBLIC,V$AQ_MESSAGE_CACHE,SYS,V_$AQ_MESSAGE_CACHE,
PUBLIC,V$AQ_MESSAGE_CACHE_ADVICE,SYS,V_$AQ_MESSAGE_CACHE_ADVICE,
PUBLIC,V$AQ_MESSAGE_CACHE_STAT,SYS,V_$AQ_MESSAGE_CACHE_STAT,
PUBLIC,V$AQ_MSGBM,SYS,V_$AQ_MSGBM,
PUBLIC,V$AQ_NONDUR_REGISTRATIONS,SYS,V_$AQ_NONDUR_REGISTRATIONS,
PUBLIC,V$AQ_NONDUR_SUBSCRIBER,SYS,V_$AQ_NONDUR_SUBSCRIBER,
PUBLIC,V$AQ_NONDUR_SUBSCRIBER_LWM,SYS,V_$AQ_NONDUR_SUBSCRIBER_LWM,
PUBLIC,V$AQ_NOTIFICATION_CLIENTS,SYS,V_$AQ_NOTIFICATION_CLIENTS,
PUBLIC,V$AQ_PARTITION_STATS,SYS,V_$AQ_PARTITION_STATS,
PUBLIC,V$AQ_REMOTE_DEQUEUE_AFFINITY,SYS,V_$AQ_REMOTE_DEQUEUE_AFFINITY,
PUBLIC,V$AQ_SERVER_POOL,SYS,V_$AQ_SERVER_POOL,
PUBLIC,V$AQ_SHARDED_SUBSCRIBER_STAT,SYS,V_$AQ_SHARDED_SUBSCRIBER_STAT,
PUBLIC,V$AQ_SUBSCRIBER_LOAD,SYS,V_$AQ_SUBSCRIBER_LOAD,
PUBLIC,V$AQ_UNCACHED_SUBSHARDS,SYS,V_$AQ_UNCACHED_SUBSHARDS,
PUBLIC,V$AQ1,SYS,V_$AQ1,
PUBLIC,V$ARCHIVE,SYS,V_$ARCHIVE,
PUBLIC,V$ARCHIVE_DEST,SYS,V_$ARCHIVE_DEST,
PUBLIC,V$ARCHIVE_DEST_STATUS,SYS,V_$ARCHIVE_DEST_STATUS,
PUBLIC,V$ARCHIVED_LOG,SYS,V_$ARCHIVED_LOG,
PUBLIC,V$ARCHIVE_GAP,SYS,V_$ARCHIVE_GAP,
PUBLIC,V$ARCHIVE_PROCESSES,SYS,V_$ARCHIVE_PROCESSES,
PUBLIC,V$ASH_INFO,SYS,V_$ASH_INFO,
PUBLIC,V$ASM_ACFSAUTORESIZE,SYS,V_$ASM_ACFSAUTORESIZE,
PUBLIC,V$ASM_ACFS_ENCRYPTION_INFO,SYS,V_$ASM_ACFS_ENCRYPTION_INFO,
PUBLIC,V$ASM_ACFSREPL,SYS,V_$ASM_ACFSREPL,
PUBLIC,V$ASM_ACFSREPLTAG,SYS,V_$ASM_ACFSREPLTAG,
PUBLIC,V$ASM_ACFS_SEC_ADMIN,SYS,V_$ASM_ACFS_SEC_ADMIN,
PUBLIC,V$ASM_ACFS_SEC_CMDRULE,SYS,V_$ASM_ACFS_SEC_CMDRULE,
PUBLIC,V$ASM_ACFS_SEC_REALM,SYS,V_$ASM_ACFS_SEC_REALM,
PUBLIC,V$ASM_ACFS_SEC_REALM_FILTER,SYS,V_$ASM_ACFS_SEC_REALM_FILTER,
PUBLIC,V$ASM_ACFS_SEC_REALM_GROUP,SYS,V_$ASM_ACFS_SEC_REALM_GROUP,
PUBLIC,V$ASM_ACFS_SEC_REALM_USER,SYS,V_$ASM_ACFS_SEC_REALM_USER,
PUBLIC,V$ASM_ACFS_SEC_RULE,SYS,V_$ASM_ACFS_SEC_RULE,
PUBLIC,V$ASM_ACFS_SEC_RULESET,SYS,V_$ASM_ACFS_SEC_RULESET,
PUBLIC,V$ASM_ACFS_SEC_RULESET_RULE,SYS,V_$ASM_ACFS_SEC_RULESET_RULE,
PUBLIC,V$ASM_ACFS_SECURITY_INFO,SYS,V_$ASM_ACFS_SECURITY_INFO,
PUBLIC,V$ASM_ACFSSNAPSHOTS,SYS,V_$ASM_ACFSSNAPSHOTS,
PUBLIC,V$ASM_ACFSTAG,SYS,V_$ASM_ACFSTAG,
PUBLIC,V$ASM_ACFSVOLUMES,SYS,V_$ASM_ACFSVOLUMES,
PUBLIC,V$ASM_ALIAS,SYS,V_$ASM_ALIAS,
PUBLIC,V$ASM_ATTRIBUTE,SYS,V_$ASM_ATTRIBUTE,
PUBLIC,V$ASM_AUDIT_CLEAN_EVENTS,SYS,V_$ASM_AUDIT_CLEAN_EVENTS,
PUBLIC,V$ASM_AUDIT_CLEANUP_JOBS,SYS,V_$ASM_AUDIT_CLEANUP_JOBS,
PUBLIC,V$ASM_AUDIT_CONFIG_PARAMS,SYS,V_$ASM_AUDIT_CONFIG_PARAMS,
PUBLIC,V$ASM_AUDIT_LAST_ARCH_TS,SYS,V_$ASM_AUDIT_LAST_ARCH_TS,
PUBLIC,V$ASM_AUDIT_LOAD_JOBS,SYS,V_$ASM_AUDIT_LOAD_JOBS,
PUBLIC,V$ASM_CACHE_EVENTS,SYS,V_$ASM_CACHE_EVENTS,
PUBLIC,V$ASM_CLIENT,SYS,V_$ASM_CLIENT,
PUBLIC,V$ASM_DBCLONE_INFO,SYS,V_$ASM_DBCLONE_INFO,
PUBLIC,V$ASM_DISK,SYS,V_$ASM_DISK,
PUBLIC,V$ASM_DISKGROUP,SYS,V_$ASM_DISKGROUP,
PUBLIC,V$ASM_DISKGROUP_SPARSE,SYS,V_$ASM_DISKGROUP_SPARSE,
PUBLIC,V$ASM_DISKGROUP_STAT,SYS,V_$ASM_DISKGROUP_STAT,
PUBLIC,V$ASM_DISK_IOSTAT,SYS,V_$ASM_DISK_IOSTAT,
PUBLIC,V$ASM_DISK_IOSTAT_SPARSE,SYS,V_$ASM_DISK_IOSTAT_SPARSE,
PUBLIC,V$ASM_DISK_SPARSE,SYS,V_$ASM_DISK_SPARSE,
PUBLIC,V$ASM_DISK_SPARSE_STAT,SYS,V_$ASM_DISK_SPARSE_STAT,
PUBLIC,V$ASM_DISK_STAT,SYS,V_$ASM_DISK_STAT,
PUBLIC,V$ASM_ESTIMATE,SYS,V_$ASM_ESTIMATE,
PUBLIC,V$ASM_FILE,SYS,V_$ASM_FILE,
PUBLIC,V$ASM_FILEGROUP,SYS,V_$ASM_FILEGROUP,
PUBLIC,V$ASM_FILEGROUP_FILE,SYS,V_$ASM_FILEGROUP_FILE,
PUBLIC,V$ASM_FILEGROUP_PROPERTY,SYS,V_$ASM_FILEGROUP_PROPERTY,
PUBLIC,V$ASM_FILESYSTEM,SYS,V_$ASM_FILESYSTEM,
PUBLIC,V$ASM_OPERATION,SYS,V_$ASM_OPERATION,
PUBLIC,V$ASM_QUOTAGROUP,SYS,V_$ASM_QUOTAGROUP,
PUBLIC,V$ASM_TEMPLATE,SYS,V_$ASM_TEMPLATE,
PUBLIC,V$ASM_USER,SYS,V_$ASM_USER,
PUBLIC,V$ASM_USERGROUP,SYS,V_$ASM_USERGROUP,
PUBLIC,V$ASM_USERGROUP_MEMBER,SYS,V_$ASM_USERGROUP_MEMBER,
PUBLIC,V$ASM_VOLUME,SYS,V_$ASM_VOLUME,
PUBLIC,V$ASM_VOLUME_STAT,SYS,V_$ASM_VOLUME_STAT,
PUBLIC,V$AUTHPOOL_STATS,SYS,V_$AUTHPOOL_STATS,
PUBLIC,V$AV_BTT_CACHE,SYS,V_$AV_BTT_CACHE,
PUBLIC,V$AW_AGGREGATE_OP,SYS,V_$AW_AGGREGATE_OP,
PUBLIC,V$AW_ALLOCATE_OP,SYS,V_$AW_ALLOCATE_OP,
PUBLIC,V$AW_CALC,SYS,V_$AW_CALC,
PUBLIC,V$AW_LONGOPS,SYS,V_$AW_LONGOPS,
PUBLIC,V$AW_OLAP,SYS,V_$AW_OLAP,
PUBLIC,V$AW_SESSION_INFO,SYS,V_$AW_SESSION_INFO,
PUBLIC,V$BACKUP,SYS,V_$BACKUP,
PUBLIC,V$BACKUP_ARCHIVELOG_DETAILS,SYS,V_$BACKUP_ARCHIVELOG_DETAILS,
PUBLIC,V$BACKUP_ARCHIVELOG_SUMMARY,SYS,V_$BACKUP_ARCHIVELOG_SUMMARY,
PUBLIC,V$BACKUP_ASYNC_IO,SYS,V_$BACKUP_ASYNC_IO,
PUBLIC,V$BACKUP_CONTROLFILE_DETAILS,SYS,V_$BACKUP_CONTROLFILE_DETAILS,
PUBLIC,V$BACKUP_CONTROLFILE_SUMMARY,SYS,V_$BACKUP_CONTROLFILE_SUMMARY,
PUBLIC,V$BACKUP_COPY_DETAILS,SYS,V_$BACKUP_COPY_DETAILS,
PUBLIC,V$BACKUP_COPY_SUMMARY,SYS,V_$BACKUP_COPY_SUMMARY,
PUBLIC,V$BACKUP_CORRUPTION,SYS,V_$BACKUP_CORRUPTION,
PUBLIC,V$BACKUP_DATAFILE,SYS,V_$BACKUP_DATAFILE,
PUBLIC,V$BACKUP_DATAFILE_DETAILS,SYS,V_$BACKUP_DATAFILE_DETAILS,
PUBLIC,V$BACKUP_DATAFILE_SUMMARY,SYS,V_$BACKUP_DATAFILE_SUMMARY,
PUBLIC,V$BACKUP_DEVICE,SYS,V_$BACKUP_DEVICE,
PUBLIC,V$BACKUP_FILES,SYS,V_$BACKUP_FILES,
PUBLIC,V$BACKUP_NONLOGGED,SYS,V_$BACKUP_NONLOGGED,
PUBLIC,V$BACKUP_PIECE,SYS,V_$BACKUP_PIECE,
PUBLIC,V$BACKUP_PIECE_DETAILS,SYS,V_$BACKUP_PIECE_DETAILS,
PUBLIC,V$BACKUP_REDOLOG,SYS,V_$BACKUP_REDOLOG,
PUBLIC,V$BACKUP_SET,SYS,V_$BACKUP_SET,
PUBLIC,V$BACKUP_SET_DETAILS,SYS,V_$BACKUP_SET_DETAILS,
PUBLIC,V$BACKUP_SET_SUMMARY,SYS,V_$BACKUP_SET_SUMMARY,
PUBLIC,V$BACKUP_SPFILE,SYS,V_$BACKUP_SPFILE,
PUBLIC,V$BACKUP_SPFILE_DETAILS,SYS,V_$BACKUP_SPFILE_DETAILS,
PUBLIC,V$BACKUP_SPFILE_SUMMARY,SYS,V_$BACKUP_SPFILE_SUMMARY,
PUBLIC,V$BACKUP_SYNC_IO,SYS,V_$BACKUP_SYNC_IO,
PUBLIC,V$BCAPPLY_STATS,SYS,V_$BCAPPLY_STATS,
PUBLIC,V$BGPROCESS,SYS,V_$BGPROCESS,
PUBLIC,V$BH,SYS,V_$BH,
PUBLIC,V$BLOCK_CHANGE_TRACKING,SYS,V_$BLOCK_CHANGE_TRACKING,
PUBLIC,V$BLOCKING_QUIESCE,SYS,V_$BLOCKING_QUIESCE,
PUBLIC,V$BSP,SYS,V_$BSP,
PUBLIC,V$BT_SCAN_CACHE,SYS,V_$BT_SCAN_CACHE,
PUBLIC,V$BT_SCAN_OBJ_TEMPS,SYS,V_$BT_SCAN_OBJ_TEMPS,
PUBLIC,V$BTS_STAT,SYS,V_$BTS_STAT,
PUBLIC,V$BUFFERED_PUBLISHERS,SYS,V_$BUFFERED_PUBLISHERS,
PUBLIC,V$BUFFERED_QUEUES,SYS,V_$BUFFERED_QUEUES,
PUBLIC,V$BUFFERED_SUBSCRIBERS,SYS,V_$BUFFERED_SUBSCRIBERS,
PUBLIC,V$BUFFER_POOL,SYS,V_$BUFFER_POOL,
PUBLIC,V$BUFFER_POOL_STATISTICS,SYS,V_$BUFFER_POOL_STATISTICS,
PUBLIC,V$BUILD_INFO,SYS,V_$BUILD_INFO,
PUBLIC,V$CACHE,SYS,V_$CACHE,
PUBLIC,V$CACHE_LOCK,SYS,V_$CACHE_LOCK,
PUBLIC,V$CACHE_TRANSFER,SYS,V_$CACHE_TRANSFER,
PUBLIC,V$CALLTAG,SYS,V_$CALLTAG,
PUBLIC,V$CELL,SYS,V_$CELL,
PUBLIC,V$CELL_CONFIG,SYS,V_$CELL_CONFIG,
PUBLIC,V$CELL_CONFIG_INFO,SYS,V_$CELL_CONFIG_INFO,
PUBLIC,V$CELL_DB,SYS,V_$CELL_DB,
PUBLIC,V$CELL_DISK,SYS,V_$CELL_DISK,
PUBLIC,V$CELL_DISK_HISTORY,SYS,V_$CELL_DISK_HISTORY,
PUBLIC,V$CELL_GLOBAL,SYS,V_$CELL_GLOBAL,
PUBLIC,V$CELL_GLOBAL_HISTORY,SYS,V_$CELL_GLOBAL_HISTORY,
PUBLIC,V$CELL_IOREASON,SYS,V_$CELL_IOREASON,
PUBLIC,V$CELL_IOREASON_NAME,SYS,V_$CELL_IOREASON_NAME,
PUBLIC,V$CELL_METRIC_DESC,SYS,V_$CELL_METRIC_DESC,
PUBLIC,V$CELL_OFL_THREAD_HISTORY,SYS,V_$CELL_OFL_THREAD_HISTORY,
PUBLIC,V$CELL_OPEN_ALERTS,SYS,V_$CELL_OPEN_ALERTS,
PUBLIC,V$CELL_REQUEST_TOTALS,SYS,V_$CELL_REQUEST_TOTALS,
PUBLIC,V$CELL_STATE,SYS,V_$CELL_STATE,
PUBLIC,V$CELL_THREAD_HISTORY,SYS,V_$CELL_THREAD_HISTORY,
PUBLIC,V$CHANNEL_WAITS,SYS,V_$CHANNEL_WAITS,
PUBLIC,V$CHUNK_METRIC,SYS,V_$CHUNK_METRIC,
PUBLIC,V$CIRCUIT,SYS,V_$CIRCUIT,
PUBLIC,V$CLASS_CACHE_TRANSFER,SYS,V_$CLASS_CACHE_TRANSFER,
PUBLIC,V$CLASS_PING,SYS,V_$CLASS_PING,
PUBLIC,V$CLEANUP_PROCESS,SYS,V_$CLEANUP_PROCESS,
PUBLIC,V$CLIENT_SECRETS,SYS,V_$CLIENT_SECRETS,
PUBLIC,V$CLIENT_STATS,SYS,V_$CLIENT_STATS,
PUBLIC,V$CLONEDFILE,SYS,V_$CLONEDFILE,
PUBLIC,V$CLUSTER_INTERCONNECTS,SYS,V_$CLUSTER_INTERCONNECTS,
PUBLIC,V$CODE_CLAUSE,SYS,V_$CODE_CLAUSE,
PUBLIC,V$COLUMN_STATISTICS,SYS,V_$COLUMN_STATISTICS,
PUBLIC,V$COMPATIBILITY_REQUIREMENT,SYS,V_$COMPATIBILITY_REQUIREMENT,
PUBLIC,V$CON_EVENT_HISTOGRAM_MICRO,SYS,V_$CON_EVENT_HISTOGRAM_MICRO,
PUBLIC,V$CONFIGURED_INTERCONNECTS,SYS,V_$CONFIGURED_INTERCONNECTS,
PUBLIC,V$CONNECTION_BROKER,SYS,V_$CONNECTION_BROKER,
PUBLIC,V$CONSENSUS_CLIENTS,SYS,V_$CONSENSUS_CLIENTS,
PUBLIC,V$CONSENSUS_LOGS,SYS,V_$CONSENSUS_LOGS,
PUBLIC,V$CONSENSUS_STATS,SYS,V_$CONSENSUS_STATS,
PUBLIC,V$CON_SYSMETRIC,SYS,V_$CON_SYSMETRIC,
PUBLIC,V$CON_SYSMETRIC_HISTORY,SYS,V_$CON_SYSMETRIC_HISTORY,
PUBLIC,V$CON_SYSMETRIC_SUMMARY,SYS,V_$CON_SYSMETRIC_SUMMARY,
PUBLIC,V$CON_SYSSTAT,SYS,V_$CON_SYSSTAT,
PUBLIC,V$CON_SYSTEM_EVENT,SYS,V_$CON_SYSTEM_EVENT,
PUBLIC,V$CON_SYSTEM_WAIT_CLASS,SYS,V_$CON_SYSTEM_WAIT_CLASS,
PUBLIC,V$CON_SYS_TIME_MODEL,SYS,V_$CON_SYS_TIME_MODEL,
PUBLIC,V$CONTAINERS,SYS,V_$CONTAINERS,
PUBLIC,V$CONTAINER_TOPOLOGY,SYS,V_$CONTAINER_TOPOLOGY,
PUBLIC,V$CONTEXT,SYS,V_$CONTEXT,
PUBLIC,V$CONTROLFILE,SYS,V_$CONTROLFILE,
PUBLIC,V$CONTROLFILE_RECORD_SECTION,SYS,V_$CONTROLFILE_RECORD_SECTION,
PUBLIC,V$CON_WAITCLASSMETRIC,SYS,V_$CON_WAITCLASSMETRIC,
PUBLIC,V$CON_WAITCLASSMETRIC_HISTORY,SYS,V_$CON_WAITCLASSMETRIC_HISTORY,
PUBLIC,V$COPY_CORRUPTION,SYS,V_$COPY_CORRUPTION,
PUBLIC,V$COPY_NONLOGGED,SYS,V_$COPY_NONLOGGED,
PUBLIC,V$CORRUPT_XID_LIST,SYS,V_$CORRUPT_XID_LIST,
PUBLIC,V$CPOOL_CC_INFO,SYS,V_$CPOOL_CC_INFO,
PUBLIC,V$CPOOL_CC_STATS,SYS,V_$CPOOL_CC_STATS,
PUBLIC,V$CPOOL_CONN_INFO,SYS,V_$CPOOL_CONN_INFO,
PUBLIC,V$CPOOL_STATS,SYS,V_$CPOOL_STATS,
PUBLIC,V$CR_BLOCK_SERVER,SYS,V_$CR_BLOCK_SERVER,
PUBLIC,V$CURRENT_BLOCK_SERVER,SYS,V_$CURRENT_BLOCK_SERVER,
PUBLIC,V$DATABASE,SYS,V_$DATABASE,
PUBLIC,V$DATABASE_BLOCK_CORRUPTION,SYS,V_$DATABASE_BLOCK_CORRUPTION,
PUBLIC,V$DATABASE_INCARNATION,SYS,V_$DATABASE_INCARNATION,
PUBLIC,V$DATABASE_KEY_INFO,SYS,V_$DATABASE_KEY_INFO,
PUBLIC,V$DATABASE_REPLAY_PROGRESS,SYS,V_$DATABASE_REPLAY_PROGRESS,
PUBLIC,V$DATAFILE,SYS,V_$DATAFILE,
PUBLIC,V$DATAFILE_COPY,SYS,V_$DATAFILE_COPY,
PUBLIC,V$DATAFILE_HEADER,SYS,V_$DATAFILE_HEADER,
PUBLIC,V$DATAGUARD_CONFIG,SYS,V_$DATAGUARD_CONFIG,
PUBLIC,V$DATAGUARD_PROCESS,SYS,V_$DATAGUARD_PROCESS,
PUBLIC,V$DATAGUARD_STATS,SYS,V_$DATAGUARD_STATS,
PUBLIC,V$DATAGUARD_STATUS,SYS,V_$DATAGUARD_STATUS,
PUBLIC,V$DATAPUMP_JOB,SYS,V_$DATAPUMP_JOB,
PUBLIC,V$DATAPUMP_SESSION,SYS,V_$DATAPUMP_SESSION,
PUBLIC,V$DB_CACHE_ADVICE,SYS,V_$DB_CACHE_ADVICE,
PUBLIC,V$DBFILE,SYS,V_$DBFILE,
PUBLIC,V$DBLINK,SYS,V_$DBLINK,
PUBLIC,V$DB_OBJECT_CACHE,SYS,V_$DB_OBJECT_CACHE,
PUBLIC,V$DB_PIPES,SYS,V_$DB_PIPES,
PUBLIC,V$DB_TRANSPORTABLE_PLATFORM,SYS,V_$DB_TRANSPORTABLE_PLATFORM,
PUBLIC,V$DEAD_CLEANUP,SYS,V_$DEAD_CLEANUP,
PUBLIC,V$DELETED_OBJECT,SYS,V_$DELETED_OBJECT,
PUBLIC,V$DETACHED_SESSION,SYS,V_$DETACHED_SESSION,
PUBLIC,V$DG_BROKER_CONFIG,SYS,V_$DG_BROKER_CONFIG,
PUBLIC,V$DG_BROKER_PROPERTY,SYS,V_$DG_BROKER_PROPERTY,
PUBLIC,V$DG_BROKER_PROPERTY_INT,SYS,V_$DG_BROKER_PROPERTY_INT,
PUBLIC,V$DIAG_ADR_CONTROL,SYS,V_$DIAG_ADR_CONTROL,
PUBLIC,V$DIAG_ADR_CONTROL_AUX,SYS,V_$DIAG_ADR_CONTROL_AUX,
PUBLIC,V$DIAG_ADR_INVALIDATION,SYS,V_$DIAG_ADR_INVALIDATION,
PUBLIC,V$DIAG_ALERT_EXT,SYS,V_$DIAG_ALERT_EXT,
PUBLIC,V$DIAG_AMS_XACTION,SYS,V_$DIAG_AMS_XACTION,
PUBLIC,V$DIAG_APP_TRACE_FILE,SYS,V_$DIAG_APP_TRACE_FILE,
PUBLIC,V$DIAG_CRITICAL_ERROR,SYS,V_$DIAG_CRITICAL_ERROR,
PUBLIC,V$DIAG_DDE_USER_ACTION,SYS,V_$DIAG_DDE_USER_ACTION,
PUBLIC,V$DIAG_DDE_USER_ACTION_DEF,SYS,V_$DIAG_DDE_USER_ACTION_DEF,
PUBLIC,V$DIAG_DDE_USR_ACT_PARAM,SYS,V_$DIAG_DDE_USR_ACT_PARAM,
PUBLIC,V$DIAG_DDE_USR_ACT_PARAM_DEF,SYS,V_$DIAG_DDE_USR_ACT_PARAM_DEF,
PUBLIC,V$DIAG_DDE_USR_INC_ACT_MAP,SYS,V_$DIAG_DDE_USR_INC_ACT_MAP,
PUBLIC,V$DIAG_DDE_USR_INC_TYPE,SYS,V_$DIAG_DDE_USR_INC_TYPE,
PUBLIC,V$DIAG_DFW_CONFIG_CAPTURE,SYS,V_$DIAG_DFW_CONFIG_CAPTURE,
PUBLIC,V$DIAG_DFW_CONFIG_ITEM,SYS,V_$DIAG_DFW_CONFIG_ITEM,
PUBLIC,V$DIAG_DFW_PATCH_CAPTURE,SYS,V_$DIAG_DFW_PATCH_CAPTURE,
PUBLIC,V$DIAG_DFW_PATCH_ITEM,SYS,V_$DIAG_DFW_PATCH_ITEM,
PUBLIC,V$DIAG_DFW_PURGE,SYS,V_$DIAG_DFW_PURGE,
PUBLIC,V$DIAG_DFW_PURGE_ITEM,SYS,V_$DIAG_DFW_PURGE_ITEM,
PUBLIC,V$DIAG_DIAGV_INCIDENT,SYS,V_$DIAG_DIAGV_INCIDENT,
PUBLIC,V$DIAG_DIR_EXT,SYS,V_$DIAG_DIR_EXT,
PUBLIC,V$DIAG_EM_DIAG_JOB,SYS,V_$DIAG_EM_DIAG_JOB,
PUBLIC,V$DIAG_EM_TARGET_INFO,SYS,V_$DIAG_EM_TARGET_INFO,
PUBLIC,V$DIAG_EM_USER_ACTIVITY,SYS,V_$DIAG_EM_USER_ACTIVITY,
PUBLIC,V$DIAG_HM_FDG_SET,SYS,V_$DIAG_HM_FDG_SET,
PUBLIC,V$DIAG_HM_FINDING,SYS,V_$DIAG_HM_FINDING,
PUBLIC,V$DIAG_HM_INFO,SYS,V_$DIAG_HM_INFO,
PUBLIC,V$DIAG_HM_MESSAGE,SYS,V_$DIAG_HM_MESSAGE,
PUBLIC,V$DIAG_HM_RECOMMENDATION,SYS,V_$DIAG_HM_RECOMMENDATION,
PUBLIC,V$DIAG_HM_RUN,SYS,V_$DIAG_HM_RUN,
PUBLIC,V$DIAG_INCCKEY,SYS,V_$DIAG_INCCKEY,
PUBLIC,V$DIAG_INCIDENT,SYS,V_$DIAG_INCIDENT,
PUBLIC,V$DIAG_INCIDENT_FILE,SYS,V_$DIAG_INCIDENT_FILE,
PUBLIC,V$DIAG_INC_METER_CONFIG,SYS,V_$DIAG_INC_METER_CONFIG,
PUBLIC,V$DIAG_INC_METER_IMPT_DEF,SYS,V_$DIAG_INC_METER_IMPT_DEF,
PUBLIC,V$DIAG_INC_METER_INFO,SYS,V_$DIAG_INC_METER_INFO,
PUBLIC,V$DIAG_INC_METER_PK_IMPTS,SYS,V_$DIAG_INC_METER_PK_IMPTS,
PUBLIC,V$DIAG_INC_METER_SUMMARY,SYS,V_$DIAG_INC_METER_SUMMARY,
PUBLIC,V$DIAG_INFO,SYS,V_$DIAG_INFO,
PUBLIC,V$DIAG_IPS_CONFIGURATION,SYS,V_$DIAG_IPS_CONFIGURATION,
PUBLIC,V$DIAG_IPS_FILE_COPY_LOG,SYS,V_$DIAG_IPS_FILE_COPY_LOG,
PUBLIC,V$DIAG_IPS_FILE_METADATA,SYS,V_$DIAG_IPS_FILE_METADATA,
PUBLIC,V$DIAG_IPS_PACKAGE,SYS,V_$DIAG_IPS_PACKAGE,
PUBLIC,V$DIAG_IPS_PACKAGE_FILE,SYS,V_$DIAG_IPS_PACKAGE_FILE,
PUBLIC,V$DIAG_IPS_PACKAGE_HISTORY,SYS,V_$DIAG_IPS_PACKAGE_HISTORY,
PUBLIC,V$DIAG_IPS_PACKAGE_INCIDENT,SYS,V_$DIAG_IPS_PACKAGE_INCIDENT,
PUBLIC,V$DIAG_IPS_PKG_UNPACK_HIST,SYS,V_$DIAG_IPS_PKG_UNPACK_HIST,
PUBLIC,V$DIAG_IPS_PROGRESS_LOG,SYS,V_$DIAG_IPS_PROGRESS_LOG,
PUBLIC,V$DIAG_IPS_REMOTE_PACKAGE,SYS,V_$DIAG_IPS_REMOTE_PACKAGE,
PUBLIC,V$DIAG_LOG_EXT,SYS,V_$DIAG_LOG_EXT,
PUBLIC,V$DIAG_OPT_TRACE_RECORDS,SYS,V_$DIAG_OPT_TRACE_RECORDS,
PUBLIC,V$DIAG_PDB_PROBLEM,SYS,V_$DIAG_PDB_PROBLEM,
PUBLIC,V$DIAG_PDB_SPACE_MGMT,SYS,V_$DIAG_PDB_SPACE_MGMT,
PUBLIC,V$DIAG_PICKLEERR,SYS,V_$DIAG_PICKLEERR,
PUBLIC,V$DIAG_PROBLEM,SYS,V_$DIAG_PROBLEM,
PUBLIC,V$DIAG_RELMD_EXT,SYS,V_$DIAG_RELMD_EXT,
PUBLIC,V$DIAG_SESS_OPT_TRACE_RECORDS,SYS,V_$DIAG_SESS_OPT_TRACE_RECORDS,
PUBLIC,V$DIAG_SESS_SQL_TRACE_RECORDS,SYS,V_$DIAG_SESS_SQL_TRACE_RECORDS,
PUBLIC,V$DIAG_SESS_USER_TRACE_RECORDS,SYS,V_$DIAG_SESS_USER_TRACE_RECORDS,
PUBLIC,V$DIAG_SQL_TRACE_RECORDS,SYS,V_$DIAG_SQL_TRACE_RECORDS,
PUBLIC,V$DIAG_SWEEPERR,SYS,V_$DIAG_SWEEPERR,
PUBLIC,V$DIAG_TRACE_FILE,SYS,V_$DIAG_TRACE_FILE,
PUBLIC,V$DIAG_TRACE_FILE_CONTENTS,SYS,V_$DIAG_TRACE_FILE_CONTENTS,
PUBLIC,V$DIAG_USER_TRACE_RECORDS,SYS,V_$DIAG_USER_TRACE_RECORDS,
PUBLIC,V$DIAG_V_ACTINC,SYS,V_$DIAG_V_ACTINC,
PUBLIC,V$DIAG_V_ACTPROB,SYS,V_$DIAG_V_ACTPROB,
PUBLIC,V$DIAG_VADR_CONTROL,SYS,V_$DIAG_VADR_CONTROL,
PUBLIC,V$DIAG_VEM_USER_ACTLOG,SYS,V_$DIAG_VEM_USER_ACTLOG,
PUBLIC,V$DIAG_VEM_USER_ACTLOG1,SYS,V_$DIAG_VEM_USER_ACTLOG1,
PUBLIC,V$DIAG_VHM_RUN,SYS,V_$DIAG_VHM_RUN,
PUBLIC,V$DIAG_VIEW,SYS,V_$DIAG_VIEW,
PUBLIC,V$DIAG_VIEWCOL,SYS,V_$DIAG_VIEWCOL,
PUBLIC,V$DIAG_V_INCCOUNT,SYS,V_$DIAG_V_INCCOUNT,
PUBLIC,V$DIAG_V_INCFCOUNT,SYS,V_$DIAG_V_INCFCOUNT,
PUBLIC,V$DIAG_VINCIDENT,SYS,V_$DIAG_VINCIDENT,
PUBLIC,V$DIAG_VINCIDENT_FILE,SYS,V_$DIAG_VINCIDENT_FILE,
PUBLIC,V$DIAG_VINC_METER_INFO,SYS,V_$DIAG_VINC_METER_INFO,
PUBLIC,V$DIAG_V_INC_METER_INFO_PROB,SYS,V_$DIAG_V_INC_METER_INFO_PROB,
PUBLIC,V$DIAG_VIPS_FILE_COPY_LOG,SYS,V_$DIAG_VIPS_FILE_COPY_LOG,
PUBLIC,V$DIAG_VIPS_FILE_METADATA,SYS,V_$DIAG_VIPS_FILE_METADATA,
PUBLIC,V$DIAG_VIPS_PACKAGE_FILE,SYS,V_$DIAG_VIPS_PACKAGE_FILE,
PUBLIC,V$DIAG_VIPS_PACKAGE_HISTORY,SYS,V_$DIAG_VIPS_PACKAGE_HISTORY,
PUBLIC,V$DIAG_VIPS_PACKAGE_MAIN_INT,SYS,V_$DIAG_VIPS_PACKAGE_MAIN_INT,
PUBLIC,V$DIAG_VIPS_PACKAGE_SIZE,SYS,V_$DIAG_VIPS_PACKAGE_SIZE,
PUBLIC,V$DIAG_VIPS_PKG_FILE,SYS,V_$DIAG_VIPS_PKG_FILE,
PUBLIC,V$DIAG_VIPS_PKG_INC_CAND,SYS,V_$DIAG_VIPS_PKG_INC_CAND,
PUBLIC,V$DIAG_VIPS_PKG_INC_DTL,SYS,V_$DIAG_VIPS_PKG_INC_DTL,
PUBLIC,V$DIAG_VIPS_PKG_INC_DTL1,SYS,V_$DIAG_VIPS_PKG_INC_DTL1,
PUBLIC,V$DIAG_VIPS_PKG_MAIN_PROBLEM,SYS,V_$DIAG_VIPS_PKG_MAIN_PROBLEM,
PUBLIC,V$DIAG_V_IPSPRBCNT,SYS,V_$DIAG_V_IPSPRBCNT,
PUBLIC,V$DIAG_V_IPSPRBCNT1,SYS,V_$DIAG_V_IPSPRBCNT1,
PUBLIC,V$DIAG_V_NFCINC,SYS,V_$DIAG_V_NFCINC,
PUBLIC,V$DIAG_VNOT_EXIST_INCIDENT,SYS,V_$DIAG_VNOT_EXIST_INCIDENT,
PUBLIC,V$DIAG_VPDB_PROBLEM,SYS,V_$DIAG_VPDB_PROBLEM,
PUBLIC,V$DIAG_VPROBLEM,SYS,V_$DIAG_VPROBLEM,
PUBLIC,V$DIAG_VPROBLEM_BUCKET,SYS,V_$DIAG_VPROBLEM_BUCKET,
PUBLIC,V$DIAG_VPROBLEM_BUCKET_COUNT,SYS,V_$DIAG_VPROBLEM_BUCKET_COUNT,
PUBLIC,V$DIAG_VPROBLEM_BUCKET1,SYS,V_$DIAG_VPROBLEM_BUCKET1,
PUBLIC,V$DIAG_VPROBLEM_INT,SYS,V_$DIAG_VPROBLEM_INT,
PUBLIC,V$DIAG_VPROBLEM_LASTINC,SYS,V_$DIAG_VPROBLEM_LASTINC,
PUBLIC,V$DIAG_VPROBLEM1,SYS,V_$DIAG_VPROBLEM1,
PUBLIC,V$DIAG_VPROBLEM2,SYS,V_$DIAG_VPROBLEM2,
PUBLIC,V$DIAG_VSHOWCATVIEW,SYS,V_$DIAG_VSHOWCATVIEW,
PUBLIC,V$DIAG_VSHOWINCB,SYS,V_$DIAG_VSHOWINCB,
PUBLIC,V$DIAG_VSHOWINCB_I,SYS,V_$DIAG_VSHOWINCB_I,
PUBLIC,V$DIAG_V_SWPERRCOUNT,SYS,V_$DIAG_V_SWPERRCOUNT,
PUBLIC,V$DIAG_VTEST_EXISTS,SYS,V_$DIAG_VTEST_EXISTS,
PUBLIC,V$DISK_RESTORE_RANGE,SYS,V_$DISK_RESTORE_RANGE,
PUBLIC,V$DISPATCHER,SYS,V_$DISPATCHER,
PUBLIC,V$DISPATCHER_CONFIG,SYS,V_$DISPATCHER_CONFIG,
PUBLIC,V$DISPATCHER_RATE,SYS,V_$DISPATCHER_RATE,
PUBLIC,V$DLM_ALL_LOCKS,SYS,V_$DLM_ALL_LOCKS,
PUBLIC,V$DLM_CONVERT_LOCAL,SYS,V_$DLM_CONVERT_LOCAL,
PUBLIC,V$DLM_CONVERT_REMOTE,SYS,V_$DLM_CONVERT_REMOTE,
PUBLIC,V$DLM_LATCH,SYS,V_$DLM_LATCH,
PUBLIC,V$DLM_LOCKS,SYS,V_$DLM_LOCKS,
PUBLIC,V$DLM_MISC,SYS,V_$DLM_MISC,
PUBLIC,V$DLM_RESS,SYS,V_$DLM_RESS,
PUBLIC,V$DLM_TRAFFIC_CONTROLLER,SYS,V_$DLM_TRAFFIC_CONTROLLER,
PUBLIC,V$DML_STATS,SYS,V_$DML_STATS,
PUBLIC,V$DNFS_CHANNELS,SYS,V_$DNFS_CHANNELS,
PUBLIC,V$DNFS_FILES,SYS,V_$DNFS_FILES,
PUBLIC,V$DNFS_SERVERS,SYS,V_$DNFS_SERVERS,
PUBLIC,V$DNFS_STATS,SYS,V_$DNFS_STATS,
PUBLIC,V$DUAL,SYS,V_$DUAL,
PUBLIC,V$DYNAMIC_REMASTER_STATS,SYS,V_$DYNAMIC_REMASTER_STATS,
PUBLIC,V$EDITIONABLE_TYPES,SYS,V_$EDITIONABLE_TYPES,
PUBLIC,V$EMON,SYS,V_$EMON,
PUBLIC,V$EMX_USAGE_STATS,SYS,V_$EMX_USAGE_STATS,
PUBLIC,V$ENABLEDPRIVS,SYS,V_$ENABLEDPRIVS,
PUBLIC,V$ENCRYPTED_TABLESPACES,SYS,V_$ENCRYPTED_TABLESPACES,
PUBLIC,V$ENCRYPTION_KEYS,SYS,V_$ENCRYPTION_KEYS,
PUBLIC,V$ENCRYPTION_WALLET,SYS,V_$ENCRYPTION_WALLET,
PUBLIC,V$ENQUEUE_LOCK,SYS,V_$ENQUEUE_LOCK,
PUBLIC,V$ENQUEUE_STAT,SYS,V_$ENQUEUE_STAT,
PUBLIC,V$ENQUEUE_STATISTICS,SYS,V_$ENQUEUE_STATISTICS,
PUBLIC,V$EQ_CACHED_PARTITIONS,SYS,V_$EQ_CACHED_PARTITIONS,
PUBLIC,V$EQ_CROSS_INSTANCE_JOBS,SYS,V_$EQ_CROSS_INSTANCE_JOBS,
PUBLIC,V$EQ_DEQUEUE_SESSIONS,SYS,V_$EQ_DEQUEUE_SESSIONS,
PUBLIC,V$EQ_INACTIVE_PARTITIONS,SYS,V_$EQ_INACTIVE_PARTITIONS,
PUBLIC,V$EQ_MESSAGE_CACHE,SYS,V_$EQ_MESSAGE_CACHE,
PUBLIC,V$EQ_MESSAGE_CACHE_ADVICE,SYS,V_$EQ_MESSAGE_CACHE_ADVICE,
PUBLIC,V$EQ_MESSAGE_CACHE_STAT,SYS,V_$EQ_MESSAGE_CACHE_STAT,
PUBLIC,V$EQ_NONDUR_SUBSCRIBER,SYS,V_$EQ_NONDUR_SUBSCRIBER,
PUBLIC,V$EQ_NONDUR_SUBSCRIBER_LWM,SYS,V_$EQ_NONDUR_SUBSCRIBER_LWM,
PUBLIC,V$EQ_PARTITION_STATS,SYS,V_$EQ_PARTITION_STATS,
PUBLIC,V$EQ_REMOTE_DEQUEUE_AFFINITY,SYS,V_$EQ_REMOTE_DEQUEUE_AFFINITY,
PUBLIC,V$EQ_SUBSCRIBER_LOAD,SYS,V_$EQ_SUBSCRIBER_LOAD,
PUBLIC,V$EQ_SUBSCRIBER_STAT,SYS,V_$EQ_SUBSCRIBER_STAT,
PUBLIC,V$EQ_SUBSCR_REGISTRATION_STATS,SYS,V_$EQ_SUBSCR_REGISTRATION_STATS,
PUBLIC,V$EQ_UNCACHED_PARTITIONS,SYS,V_$EQ_UNCACHED_PARTITIONS,
PUBLIC,V$EVENT_HISTOGRAM,SYS,V_$EVENT_HISTOGRAM,
PUBLIC,V$EVENT_HISTOGRAM_MICRO,SYS,V_$EVENT_HISTOGRAM_MICRO,
PUBLIC,V$EVENTMETRIC,SYS,V_$EVENTMETRIC,
PUBLIC,V$EVENT_NAME,SYS,V_$EVENT_NAME,
PUBLIC,V$EVENT_OUTLIERS,SYS,V_$EVENT_OUTLIERS,
PUBLIC,V$EXADIRECT_ACL,SYS,V_$EXADIRECT_ACL,
PUBLIC,V$EXECUTION,SYS,V_$EXECUTION,
PUBLIC,V$EXP_STATS,SYS,V_$EXP_STATS,
PUBLIC,V$FALSE_PING,SYS,V_$FALSE_PING,
PUBLIC,V$FAST_START_SERVERS,SYS,V_$FAST_START_SERVERS,
PUBLIC,V$FAST_START_TRANSACTIONS,SYS,V_$FAST_START_TRANSACTIONS,
PUBLIC,V$FILE_CACHE_TRANSFER,SYS,V_$FILE_CACHE_TRANSFER,
PUBLIC,V$FILE_HISTOGRAM,SYS,V_$FILE_HISTOGRAM,
PUBLIC,V$FILEMETRIC,SYS,V_$FILEMETRIC,
PUBLIC,V$FILEMETRIC_HISTORY,SYS,V_$FILEMETRIC_HISTORY,
PUBLIC,V$FILE_OPTIMIZED_HISTOGRAM,SYS,V_$FILE_OPTIMIZED_HISTOGRAM,
PUBLIC,V$FILE_PING,SYS,V_$FILE_PING,
PUBLIC,V$FILESPACE_USAGE,SYS,V_$FILESPACE_USAGE,
PUBLIC,V$FILESTAT,SYS,V_$FILESTAT,
PUBLIC,V$FIXED_TABLE,SYS,V_$FIXED_TABLE,
PUBLIC,V$FIXED_VIEW_DEFINITION,SYS,V_$FIXED_VIEW_DEFINITION,
PUBLIC,V$FLASHBACK_DATABASE_LOG,SYS,V_$FLASHBACK_DATABASE_LOG,
PUBLIC,V$FLASHBACK_DATABASE_LOGFILE,SYS,V_$FLASHBACK_DATABASE_LOGFILE,
PUBLIC,V$FLASHBACK_DATABASE_STAT,SYS,V_$FLASHBACK_DATABASE_STAT,
PUBLIC,V$FLASHBACK_TXN_GRAPH,SYS,V_$FLASHBACK_TXN_GRAPH,
PUBLIC,V$FLASHBACK_TXN_MODS,SYS,V_$FLASHBACK_TXN_MODS,
PUBLIC,V$FLASHFILESTAT,SYS,V_$FLASHFILESTAT,
PUBLIC,V$FLASH_RECOVERY_AREA_USAGE,SYS,V_$FLASH_RECOVERY_AREA_USAGE,
PUBLIC,V$FOREIGN_ARCHIVED_LOG,SYS,V_$FOREIGN_ARCHIVED_LOG,
PUBLIC,V$FOREIGN_DATAFILE_COPY,SYS,V_$FOREIGN_DATAFILE_COPY,
PUBLIC,V$FS_FAILOVER_HISTOGRAM,SYS,V_$FS_FAILOVER_HISTOGRAM,
PUBLIC,V$FS_FAILOVER_OBSERVERS,SYS,V_$FS_FAILOVER_OBSERVERS,
PUBLIC,V$FS_FAILOVER_STATS,SYS,V_$FS_FAILOVER_STATS,
PUBLIC,V$FS_OBSERVER_HISTOGRAM,SYS,V_$FS_OBSERVER_HISTOGRAM,
PUBLIC,V$GC_ELEMENT,SYS,V_$GC_ELEMENT,
PUBLIC,V$GC_ELEMENTS_WITH_COLLISIONS,SYS,V_$GC_ELEMENTS_W_COLLISIONS,
PUBLIC,V$GCR_ACTIONS,SYS,V_$GCR_ACTIONS,
PUBLIC,V$GCR_LOG,SYS,V_$GCR_LOG,
PUBLIC,V$GCR_METRICS,SYS,V_$GCR_METRICS,
PUBLIC,V$GCR_STATUS,SYS,V_$GCR_STATUS,
PUBLIC,V$GCSHVMASTER_INFO,SYS,V_$GCSHVMASTER_INFO,
PUBLIC,V$GCS_LOCK_STATE_RESOLUTION_HISTORY,SYS,V_$GCS_LOCK_STATE_RESOLUTION_HISTORY,
PUBLIC,V$GCSPFMASTER_INFO,SYS,V_$GCSPFMASTER_INFO,
PUBLIC,V$GES_BLOCKING_ENQUEUE,SYS,V_$GES_BLOCKING_ENQUEUE,
PUBLIC,V$GES_CONVERT_LOCAL,SYS,V_$DLM_CONVERT_LOCAL,
PUBLIC,V$GES_CONVERT_REMOTE,SYS,V_$DLM_CONVERT_REMOTE,
PUBLIC,V$GES_DEADLOCKS,SYS,V_$GES_DEADLOCKS,
PUBLIC,V$GES_DEADLOCK_SESSIONS,SYS,V_$GES_DEADLOCK_SESSIONS,
PUBLIC,V$GES_ENQUEUE,SYS,V_$GES_ENQUEUE,
PUBLIC,V$GES_LATCH,SYS,V_$DLM_LATCH,
PUBLIC,V$GES_RESOURCE,SYS,V_$DLM_RESS,
PUBLIC,V$GES_STATISTICS,SYS,V_$DLM_MISC,
PUBLIC,V$GES_TRAFFIC_CONTROLLER,SYS,V_$DLM_TRAFFIC_CONTROLLER,
PUBLIC,V$GG_APPLY_COORDINATOR,SYS,V_$GG_APPLY_COORDINATOR,
PUBLIC,V$GG_APPLY_READER,SYS,V_$GG_APPLY_READER,
PUBLIC,V$GG_APPLY_RECEIVER,SYS,V_$GG_APPLY_RECEIVER,
PUBLIC,V$GG_APPLY_SERVER,SYS,V_$GG_APPLY_SERVER,
PUBLIC,V$GLOBAL_BLOCKED_LOCKS,SYS,V_$GLOBAL_BLOCKED_LOCKS,
PUBLIC,V$GLOBALCONTEXT,SYS,V_$GLOBALCONTEXT,
PUBLIC,V$GLOBAL_TRANSACTION,SYS,V_$GLOBAL_TRANSACTION,
PUBLIC,V$GOLDENGATE_CAPABILITIES,SYS,V_$GOLDENGATE_CAPABILITIES,
PUBLIC,V$GOLDENGATE_CAPTURE,SYS,V_$GOLDENGATE_CAPTURE,
PUBLIC,V$GOLDENGATE_MESSAGE_TRACKING,SYS,V_$GOLDENGATE_MESSAGE_TRACKING,
PUBLIC,V$GOLDENGATE_PROCEDURE_STATS,SYS,V_$GOLDENGATE_PROCEDURE_STATS,
PUBLIC,V$GOLDENGATE_TABLE_STATS,SYS,V_$GOLDENGATE_TABLE_STATS,
PUBLIC,V$GOLDENGATE_TRANSACTION,SYS,V_$GOLDENGATE_TRANSACTION,
PUBLIC,V$HANG_INFO,SYS,V_$HANG_INFO,
PUBLIC,V$HANG_SESSION_INFO,SYS,V_$HANG_SESSION_INFO,
PUBLIC,V$HANG_STATISTICS,SYS,V_$HANG_STATISTICS,
PUBLIC,V$HEAT_MAP_SEGMENT,SYS,V_$HEAT_MAP_SEGMENT,
PUBLIC,V$HM_CHECK,SYS,V_$HM_CHECK,
PUBLIC,V$HM_CHECK_PARAM,SYS,V_$HM_CHECK_PARAM,
PUBLIC,V$HM_FINDING,SYS,V_$HM_FINDING,
PUBLIC,V$HM_INFO,SYS,V_$HM_INFO,
PUBLIC,V$HM_RECOMMENDATION,SYS,V_$HM_RECOMMENDATION,
PUBLIC,V$HM_RUN,SYS,V_$HM_RUN,
PUBLIC,V$HS_AGENT,SYS,V_$HS_AGENT,
PUBLIC,V$HS_PARAMETER,SYS,V_$HS_PARAMETER,
PUBLIC,V$HS_SESSION,SYS,V_$HS_SESSION,
PUBLIC,V$HVMASTER_INFO,SYS,V_$HVMASTER_INFO,
PUBLIC,V$IM_ADOELEMENTS,SYS,V_$IM_ADOELEMENTS,
PUBLIC,V$IM_ADOTASKDETAILS,SYS,V_$IM_ADOTASKDETAILS,
PUBLIC,V$IM_ADOTASKS,SYS,V_$IM_ADOTASKS,
PUBLIC,V$IM_COL_CU,SYS,V_$IM_COL_CU,
PUBLIC,V$IM_COLUMN_LEVEL,SYS,V_$IM_COLUMN_LEVEL,
PUBLIC,V$IM_DELTA_HEADER,SYS,V_$IM_DELTA_HEADER,
PUBLIC,V$IMEU_HEADER,SYS,V_$IMEU_HEADER,
PUBLIC,V$IM_GLOBALDICT,SYS,V_$IM_GLOBALDICT,
PUBLIC,V$IM_GLOBALDICT_PIECEMAP,SYS,V_$IM_GLOBALDICT_PIECEMAP,
PUBLIC,V$IM_GLOBALDICT_SORTORDER,SYS,V_$IM_GLOBALDICT_SORTORDER,
PUBLIC,V$IM_GLOBALDICT_VERSION,SYS,V_$IM_GLOBALDICT_VERSION,
PUBLIC,V$IM_HEADER,SYS,V_$IM_HEADER,
PUBLIC,V$IMHMSEG,SYS,V_$IMHMSEG,
PUBLIC,V$IM_IMECOL_CU,SYS,V_$IM_IMECOL_CU,
PUBLIC,V$IM_SEG_EXT_MAP,SYS,V_$IM_SEG_EXT_MAP,
PUBLIC,V$IM_SEGMENTS,SYS,V_$IM_SEGMENTS,
PUBLIC,V$IM_SEGMENTS_DETAIL,SYS,V_$IM_SEGMENTS_DETAIL,
PUBLIC,V$IM_SMU_CHUNK,SYS,V_$IM_SMU_CHUNK,
PUBLIC,V$IM_SMU_DELTA,SYS,V_$IM_SMU_DELTA,
PUBLIC,V$IM_SMU_HEAD,SYS,V_$IM_SMU_HEAD,
PUBLIC,V$IM_TBS_EXT_MAP,SYS,V_$IM_TBS_EXT_MAP,
PUBLIC,V$IM_USER_SEGMENTS,SYS,V_$IM_USER_SEGMENTS,
PUBLIC,V$INCMETER_CONFIG,SYS,V_$INCMETER_CONFIG,
PUBLIC,V$INCMETER_INFO,SYS,V_$INCMETER_INFO,
PUBLIC,V$INCMETER_SUMMARY,SYS,V_$INCMETER_SUMMARY,
PUBLIC,V$INDEXED_FIXED_COLUMN,SYS,V_$INDEXED_FIXED_COLUMN,
PUBLIC,V$INDEX_USAGE_INFO,SYS,V_$INDEX_USAGE_INFO,
PUBLIC,V$INMEMORY_AREA,SYS,V_$INMEMORY_AREA,
PUBLIC,V$INMEMORY_FASTSTART_AREA,SYS,V_$INMEMORY_FASTSTART_AREA,
PUBLIC,V$INMEMORY_XMEM_AREA,SYS,V_$INMEMORY_XMEM_AREA,
PUBLIC,V$INSTANCE,SYS,V_$INSTANCE,
PUBLIC,V$INSTANCE_CACHE_TRANSFER,SYS,V_$INSTANCE_CACHE_TRANSFER,
PUBLIC,V$INSTANCE_LOG_GROUP,SYS,V_$INSTANCE_LOG_GROUP,
PUBLIC,V$INSTANCE_PING,SYS,V_$INSTANCE_PING,
PUBLIC,V$INSTANCE_RECOVERY,SYS,V_$INSTANCE_RECOVERY,
PUBLIC,V$IO_CALIBRATION_STATUS,SYS,V_$IO_CALIBRATION_STATUS,
PUBLIC,V$IOFUNCMETRIC,SYS,V_$IOFUNCMETRIC,
PUBLIC,V$IOFUNCMETRIC_HISTORY,SYS,V_$IOFUNCMETRIC_HISTORY,
PUBLIC,V$IO_OUTLIER,SYS,V_$IO_OUTLIER,
PUBLIC,V$IOS_CLIENT,SYS,V_$IOS_CLIENT,
PUBLIC,V$IOSTAT_CONSUMER_GROUP,SYS,V_$IOSTAT_CONSUMER_GROUP,
PUBLIC,V$IOSTAT_FILE,SYS,V_$IOSTAT_FILE,
PUBLIC,V$IOSTAT_FUNCTION,SYS,V_$IOSTAT_FUNCTION,
PUBLIC,V$IOSTAT_FUNCTION_DETAIL,SYS,V_$IOSTAT_FUNCTION_DETAIL,
PUBLIC,V$IOSTAT_NETWORK,SYS,V_$IOSTAT_NETWORK,
PUBLIC,V$IP_ACL,SYS,V_$IP_ACL,
PUBLIC,V$IR_FAILURE,SYS,V_$IR_FAILURE,
PUBLIC,V$IR_FAILURE_SET,SYS,V_$IR_FAILURE_SET,
PUBLIC,V$IR_MANUAL_CHECKLIST,SYS,V_$IR_MANUAL_CHECKLIST,
PUBLIC,V$IR_REPAIR,SYS,V_$IR_REPAIR,
PUBLIC,V$JAVA_LIBRARY_CACHE_MEMORY,SYS,V_$JAVA_LIBRARY_CACHE_MEMORY,
PUBLIC,V$JAVA_PATCHING_STATUS,SYS,V_$JAVA_PATCHING_STATUS,
PUBLIC,V$JAVAPOOL,SYS,V_$JAVAPOOL,
PUBLIC,V$JAVA_POOL_ADVICE,SYS,V_$JAVA_POOL_ADVICE,
PUBLIC,V$JAVA_SERVICES,SYS,V_$JAVA_SERVICES,
PUBLIC,V$KERNEL_IO_OUTLIER,SYS,V_$KERNEL_IO_OUTLIER,
PUBLIC,V$KEY_VECTOR,SYS,V_$KEY_VECTOR,
PUBLIC,V$LATCH,SYS,V_$LATCH,
PUBLIC,V$LATCH_CHILDREN,SYS,V_$LATCH_CHILDREN,
PUBLIC,V$LATCHHOLDER,SYS,V_$LATCHHOLDER,
PUBLIC,V$LATCH_MISSES,SYS,V_$LATCH_MISSES,
PUBLIC,V$LATCHNAME,SYS,V_$LATCHNAME,
PUBLIC,V$LATCH_PARENT,SYS,V_$LATCH_PARENT,
PUBLIC,V$LCR_CACHE,SYS,V_$LCR_CACHE,
PUBLIC,V$LGWRIO_OUTLIER,SYS,V_$LGWRIO_OUTLIER,
PUBLIC,V$LIBCACHE_LOCKS,SYS,V_$LIBCACHE_LOCKS,
PUBLIC,V$LIBRARYCACHE,SYS,V_$LIBRARYCACHE,
PUBLIC,V$LIBRARY_CACHE_MEMORY,SYS,V_$LIBRARY_CACHE_MEMORY,
PUBLIC,V$LICENSE,SYS,V_$LICENSE,
PUBLIC,V$LISTENER_HEALTH,SYS,V_$LISTENER_HEALTH,
PUBLIC,V$LISTENER_NETWORK,SYS,V_$LISTENER_NETWORK,
PUBLIC,V$LOADISTAT,SYS,V_$LOADISTAT,
PUBLIC,V$LOADPSTAT,SYS,V_$LOADPSTAT,
PUBLIC,V$LOBSTAT,SYS,V_$LOBSTAT,
PUBLIC,V$_LOCK,SYS,V_$_LOCK,
PUBLIC,V$LOCK,SYS,V_$LOCK,
PUBLIC,V$LOCK_ACTIVITY,SYS,V_$LOCK_ACTIVITY,
PUBLIC,V$LOCKDOWN_RULES,SYS,V_$LOCKDOWN_RULES,
PUBLIC,V$LOCKED_OBJECT,SYS,V_$LOCKED_OBJECT,
PUBLIC,V$LOCK_ELEMENT,SYS,V_$LOCK_ELEMENT,
PUBLIC,V$LOCKS_WITH_COLLISIONS,SYS,V_$LOCKS_WITH_COLLISIONS,
PUBLIC,V$LOCK_TYPE,SYS,V_$LOCK_TYPE,
PUBLIC,V$LOG,SYS,V_$LOG,
PUBLIC,V$LOGFILE,SYS,V_$LOGFILE,
PUBLIC,V$LOGHIST,SYS,V_$LOGHIST,
PUBLIC,V$LOG_HISTORY,SYS,V_$LOG_HISTORY,
PUBLIC,V$LOGMNR_CONTENTS,SYS,V_$LOGMNR_CONTENTS,
PUBLIC,V$LOGMNR_DICTIONARY,SYS,V_$LOGMNR_DICTIONARY,
PUBLIC,V$LOGMNR_DICTIONARY_LOAD,SYS,V_$LOGMNR_DICTIONARY_LOAD,
PUBLIC,V$LOGMNR_LATCH,SYS,V_$LOGMNR_LATCH,
PUBLIC,V$LOGMNR_LOGFILE,SYS,V_$LOGMNR_LOGFILE,
PUBLIC,V$LOGMNR_LOGS,SYS,V_$LOGMNR_LOGS,
PUBLIC,V$LOGMNR_PARAMETERS,SYS,V_$LOGMNR_PARAMETERS,
PUBLIC,V$LOGMNR_PROCESS,SYS,V_$LOGMNR_PROCESS,
PUBLIC,V$LOGMNR_SESSION,SYS,V_$LOGMNR_SESSION,
PUBLIC,V$LOGMNR_STATS,SYS,V_$LOGMNR_STATS,
PUBLIC,V$LOGMNR_TRANSACTION,SYS,V_$LOGMNR_TRANSACTION,
PUBLIC,V$LOGSTDBY,SYS,V_$LOGSTDBY,
PUBLIC,V$LOGSTDBY_PROCESS,SYS,V_$LOGSTDBY_PROCESS,
PUBLIC,V$LOGSTDBY_PROGRESS,SYS,V_$LOGSTDBY_PROGRESS,
PUBLIC,V$LOGSTDBY_STATE,SYS,V_$LOGSTDBY_STATE,
PUBLIC,V$LOGSTDBY_STATS,SYS,V_$LOGSTDBY_STATS,
PUBLIC,V$LOGSTDBY_TRANSACTION,SYS,V_$LOGSTDBY_TRANSACTION,
PUBLIC,V$LREG_UPDSTAT,SYS,V_$LREG_UPDSTAT,
PUBLIC,V$MANAGED_STANDBY,SYS,V_$MANAGED_STANDBY,
PUBLIC,V$MAP_COMP_LIST,SYS,V_$MAP_COMP_LIST,
PUBLIC,V$MAP_ELEMENT,SYS,V_$MAP_ELEMENT,
PUBLIC,V$MAP_EXT_ELEMENT,SYS,V_$MAP_EXT_ELEMENT,
PUBLIC,V$MAP_FILE,SYS,V_$MAP_FILE,
PUBLIC,V$MAP_FILE_EXTENT,SYS,V_$MAP_FILE_EXTENT,
PUBLIC,V$MAP_FILE_IO_STACK,SYS,V_$MAP_FILE_IO_STACK,
PUBLIC,V$MAP_LIBRARY,SYS,V_$MAP_LIBRARY,
PUBLIC,V$MAPPED_SQL,SYS,V_$MAPPED_SQL,
PUBLIC,V$MAP_SUBELEMENT,SYS,V_$MAP_SUBELEMENT,
PUBLIC,V$MAX_ACTIVE_SESS_TARGET_MTH,SYS,V_$MAX_ACTIVE_SESS_TARGET_MTH,
PUBLIC,V$MDX_CURSOR_DEPENDENCY,SYS,V_$MDX_CURSOR_DEPENDENCY,
PUBLIC,V$MDX_CURSORS,SYS,V_$MDX_CURSORS,
PUBLIC,V$MEMOPTIMIZE_WRITE_AREA,SYS,V_$MEMOPTIMIZE_WRITE_AREA,
PUBLIC,V$MEMORY_CURRENT_RESIZE_OPS,SYS,V_$MEMORY_CURRENT_RESIZE_OPS,
PUBLIC,V$MEMORY_DYNAMIC_COMPONENTS,SYS,V_$MEMORY_DYNAMIC_COMPONENTS,
PUBLIC,V$MEMORY_RESIZE_OPS,SYS,V_$MEMORY_RESIZE_OPS,
PUBLIC,V$MEMORY_TARGET_ADVICE,SYS,V_$MEMORY_TARGET_ADVICE,
PUBLIC,V$METRIC,SYS,V_$METRIC,
PUBLIC,V$METRICGROUP,SYS,V_$METRICGROUP,
PUBLIC,V$METRIC_HISTORY,SYS,V_$METRIC_HISTORY,
PUBLIC,V$METRICNAME,SYS,V_$METRICNAME,
PUBLIC,V$MTTR_TARGET_ADVICE,SYS,V_$MTTR_TARGET_ADVICE,
PUBLIC,V$MUTEX_SLEEP,SYS,V_$MUTEX_SLEEP,
PUBLIC,V$MUTEX_SLEEP_HISTORY,SYS,V_$MUTEX_SLEEP_HISTORY,
PUBLIC,V$MVREFRESH,SYS,V_$MVREFRESH,
PUBLIC,V$MY_NOLOGGING_STANDBY_TXN,SYS,V_$MY_NOLOGGING_STANDBY_TXN,
PUBLIC,V$MYSTAT,SYS,V_$MYSTAT,
PUBLIC,V$NFS_CLIENTS,SYS,V_$NFS_CLIENTS,
PUBLIC,V$NFS_LOCKS,SYS,V_$NFS_LOCKS,
PUBLIC,V$NFS_OPEN_FILES,SYS,V_$NFS_OPEN_FILES,
PUBLIC,V$NLS_PARAMETERS,SYS,V_$NLS_PARAMETERS,
PUBLIC,V$NLS_VALID_VALUES,SYS,V_$NLS_VALID_VALUES,
PUBLIC,V$NOLOGGING_STANDBY_TXN,SYS,V_$NOLOGGING_STANDBY_TXN,
PUBLIC,V$NONLOGGED_BLOCK,SYS,V_$NONLOGGED_BLOCK,
PUBLIC,V$OBJECT_DEPENDENCY,SYS,V_$OBJECT_DEPENDENCY,
PUBLIC,V$OBJECT_DML_FREQUENCIES,SYS,V_$OBJECT_DML_FREQUENCIES,
PUBLIC,V$OBJECT_PRIVILEGE,SYS,V_$OBJECT_PRIVILEGE,
PUBLIC,V$OBSOLETE_PARAMETER,SYS,V_$OBSOLETE_PARAMETER,
PUBLIC,V$OFFLINE_RANGE,SYS,V_$OFFLINE_RANGE,
PUBLIC,V$OFSMOUNT,SYS,V_$OFSMOUNT,
PUBLIC,V$OFS_STATS,SYS,V_$OFS_STATS,
PUBLIC,V$ONLINE_REDEF,SYS,V_$ONLINE_REDEF,
PUBLIC,V$OPEN_CURSOR,SYS,V_$OPEN_CURSOR,
PUBLIC,V$OPTIMIZER_PROCESSING_RATE,SYS,V_$OPTIMIZER_PROCESSING_RATE,
PUBLIC,V$OPTION,SYS,V_$OPTION,
PUBLIC,V$OSSTAT,SYS,V_$OSSTAT,
PUBLIC,V$PARALLEL_DEGREE_LIMIT_MTH,SYS,V_$PARALLEL_DEGREE_LIMIT_MTH,
PUBLIC,V$PARAMETER,SYS,V_$PARAMETER,
PUBLIC,V$PARAMETER_VALID_VALUES,SYS,V_$PARAMETER_VALID_VALUES,
PUBLIC,V$PARAMETER2,SYS,V_$PARAMETER2,
PUBLIC,V$PASSWORDFILE_INFO,SYS,V_$PASSWORDFILE_INFO,
PUBLIC,V$PATCHES,SYS,V_$PATCHES,
PUBLIC,V$PDB_INCARNATION,SYS,V_$PDB_INCARNATION,
PUBLIC,V$PDBS,SYS,V_$PDBS,
PUBLIC,V$PERSISTENT_PUBLISHERS,SYS,V_$PERSISTENT_PUBLISHERS,
PUBLIC,V$PERSISTENT_QMN_CACHE,SYS,V_$PERSISTENT_QMN_CACHE,
PUBLIC,V$PERSISTENT_QUEUES,SYS,V_$PERSISTENT_QUEUES,
PUBLIC,V$PERSISTENT_SUBSCRIBERS,SYS,V_$PERSISTENT_SUBSCRIBERS,
PUBLIC,V$PGASTAT,SYS,V_$PGASTAT,
PUBLIC,V$PGA_TARGET_ADVICE,SYS,V_$PGA_TARGET_ADVICE,
PUBLIC,V$PGA_TARGET_ADVICE_HISTOGRAM,SYS,V_$PGA_TARGET_ADVICE_HISTOGRAM,
PUBLIC,V$PING,SYS,V_$PING,
PUBLIC,V$PKCS11_PATH,SYS,V_$PKCS11_PATH,
PUBLIC,V$PLSQL_DEBUGGABLE_SESSIONS,SYS,V_$PLSQL_DEBUGGABLE_SESSIONS,
PUBLIC,V$PMEM_FILESTORE,SYS,V_$PMEM_FILESTORE,
PUBLIC,V$POLICY_HISTORY,SYS,V_$POLICY_HISTORY,
PUBLIC,V$PQ_GRANDIST,SYS,V_$PQ_GRANDIST,
PUBLIC,V$PQ_GRANGEN,SYS,V_$PQ_GRANGEN,
PUBLIC,V$PQ_SESSTAT,SYS,V_$PQ_SESSTAT,
PUBLIC,V$PQ_SLAVE,SYS,V_$PQ_SLAVE,
PUBLIC,V$PQ_SLAVEINFO,SYS,V_$PQ_SLAVEINFO,
PUBLIC,V$PQ_SYSSTAT,SYS,V_$PQ_SYSSTAT,
PUBLIC,V$PQ_TQSTAT,SYS,V_$PQ_TQSTAT,
PUBLIC,V$PROCESS,SYS,V_$PROCESS,
PUBLIC,V$PROCESS_GROUP,SYS,V_$PROCESS_GROUP,
PUBLIC,V$PROCESS_MEMORY,SYS,V_$PROCESS_MEMORY,
PUBLIC,V$PROCESS_MEMORY_DETAIL,SYS,V_$PROCESS_MEMORY_DETAIL,
PUBLIC,V$PROCESS_MEMORY_DETAIL_PROG,SYS,V_$PROCESS_MEMORY_DETAIL_PROG,
PUBLIC,V$PROCESS_POOL,SYS,V_$PROCESS_POOL,
PUBLIC,V$PROCESS_PRIORITY_DATA,SYS,V_$PROCESS_PRIORITY_DATA,
PUBLIC,V$PROPAGATION_RECEIVER,SYS,V_$PROPAGATION_RECEIVER,
PUBLIC,V$PROPAGATION_SENDER,SYS,V_$PROPAGATION_SENDER,
PUBLIC,V$PROXY_ARCHIVEDLOG,SYS,V_$PROXY_ARCHIVEDLOG,
PUBLIC,V$PROXY_ARCHIVELOG_DETAILS,SYS,V_$PROXY_ARCHIVELOG_DETAILS,
PUBLIC,V$PROXY_ARCHIVELOG_SUMMARY,SYS,V_$PROXY_ARCHIVELOG_SUMMARY,
PUBLIC,V$PROXY_COPY_DETAILS,SYS,V_$PROXY_COPY_DETAILS,
PUBLIC,V$PROXY_COPY_SUMMARY,SYS,V_$PROXY_COPY_SUMMARY,
PUBLIC,V$PROXY_DATAFILE,SYS,V_$PROXY_DATAFILE,
PUBLIC,V$PROXY_PDB_TARGETS,SYS,V_$PROXY_PDB_TARGETS,
PUBLIC,V$PWFILE_USERS,SYS,V_$PWFILE_USERS,
PUBLIC,V$PX_BUFFER_ADVICE,SYS,V_$PX_BUFFER_ADVICE,
PUBLIC,V$PX_INSTANCE_GROUP,SYS,V_$PX_INSTANCE_GROUP,
PUBLIC,V$PX_PROCESS,SYS,V_$PX_PROCESS,
PUBLIC,V$PX_PROCESS_SYSSTAT,SYS,V_$PX_PROCESS_SYSSTAT,
PUBLIC,V$PX_PROCESS_TRACE,SYS,V_$PX_PROCESS_TRACE,
PUBLIC,V$PX_SESSION,SYS,V_$PX_SESSION,
PUBLIC,V$PX_SESSTAT,SYS,V_$PX_SESSTAT,
PUBLIC,V$QMON_COORDINATOR_STATS,SYS,V_$QMON_COORDINATOR_STATS,
PUBLIC,V$QMON_SERVER_STATS,SYS,V_$QMON_SERVER_STATS,
PUBLIC,V$QMON_TASKS,SYS,V_$QMON_TASKS,
PUBLIC,V$QMON_TASK_STATS,SYS,V_$QMON_TASK_STATS,
PUBLIC,V$QPX_INVENTORY,SYS,V_$QPX_INVENTORY,
PUBLIC,V$QUARANTINE,SYS,V_$QUARANTINE,
PUBLIC,V$QUARANTINE_SUMMARY,SYS,V_$QUARANTINE_SUMMARY,
PUBLIC,V$QUERY_BLOCK_ORIGIN,SYS,V_$QUERY_BLOCK_ORIGIN,
PUBLIC,V$QUEUE,SYS,V_$QUEUE,
PUBLIC,V$QUEUEING_MTH,SYS,V_$QUEUEING_MTH,
PUBLIC,V$RECOVER_FILE,SYS,V_$RECOVER_FILE,
PUBLIC,V$RECOVERY_AREA_USAGE,SYS,V_$RECOVERY_AREA_USAGE,
PUBLIC,V$RECOVERY_FILE_DEST,SYS,V_$RECOVERY_FILE_DEST,
PUBLIC,V$RECOVERY_FILE_STATUS,SYS,V_$RECOVERY_FILE_STATUS,
PUBLIC,V$RECOVERY_LOG,SYS,V_$RECOVERY_LOG,
PUBLIC,V$RECOVERY_PROGRESS,SYS,V_$RECOVERY_PROGRESS,
PUBLIC,V$RECOVERY_SLAVE,SYS,V_$RECOVERY_SLAVE,
PUBLIC,V$RECOVERY_STATUS,SYS,V_$RECOVERY_STATUS,
PUBLIC,V$REDO_DEST_RESP_HISTOGRAM,SYS,V_$REDO_DEST_RESP_HISTOGRAM,
PUBLIC,V$REPLAY_CONTEXT,SYS,V_$REPLAY_CONTEXT,
PUBLIC,V$REPLAY_CONTEXT_LOB,SYS,V_$REPLAY_CONTEXT_LOB,
PUBLIC,V$REPLAY_CONTEXT_SEQUENCE,SYS,V_$REPLAY_CONTEXT_SEQUENCE,
PUBLIC,V$REPLAY_CONTEXT_SYSDATE,SYS,V_$REPLAY_CONTEXT_SYSDATE,
PUBLIC,V$REPLAY_CONTEXT_SYSGUID,SYS,V_$REPLAY_CONTEXT_SYSGUID,
PUBLIC,V$REPLAY_CONTEXT_SYSTIMESTAMP,SYS,V_$REPLAY_CONTEXT_SYSTIMESTAMP,
PUBLIC,V$REQDIST,SYS,V_$REQDIST,
PUBLIC,V$RESERVED_WORDS,SYS,V_$RESERVED_WORDS,
PUBLIC,V$RESOURCE,SYS,V_$RESOURCE,
PUBLIC,V$RESOURCE_LIMIT,SYS,V_$RESOURCE_LIMIT,
PUBLIC,V$RESTORE_POINT,SYS,V_$RESTORE_POINT,
PUBLIC,V$RESTORE_RANGE,SYS,V_$RESTORE_RANGE,
PUBLIC,V$RESULT_CACHE_DEPENDENCY,SYS,V_$RESULT_CACHE_DEPENDENCY,
PUBLIC,V$RESULT_CACHE_MEMORY,SYS,V_$RESULT_CACHE_MEMORY,
PUBLIC,V$RESULT_CACHE_OBJECTS,SYS,V_$RESULT_CACHE_OBJECTS,
PUBLIC,V$RESULT_CACHE_STATISTICS,SYS,V_$RESULT_CACHE_STATISTICS,
PUBLIC,V$RESULT_SUBCACHE_STATISTICS,SYS,V_$RESULT_SUBCACHE_STATISTICS,
PUBLIC,V$RESUMABLE,SYS,V_$RESUMABLE,
PUBLIC,V$RFS_THREAD,SYS,V_$RFS_THREAD,
PUBLIC,V$RMAN_BACKUP_JOB_DETAILS,SYS,V_$RMAN_BACKUP_JOB_DETAILS,
PUBLIC,V$RMAN_BACKUP_SUBJOB_DETAILS,SYS,V_$RMAN_BACKUP_SUBJOB_DETAILS,
PUBLIC,V$RMAN_BACKUP_TYPE,SYS,V_$RMAN_BACKUP_TYPE,
PUBLIC,V$RMAN_COMPRESSION_ALGORITHM,SYS,V_$RMAN_COMPRESSION_ALGORITHM,
PUBLIC,V$RMAN_CONFIGURATION,SYS,V_$RMAN_CONFIGURATION,
PUBLIC,V$RMAN_ENCRYPTION_ALGORITHMS,SYS,V_$RMAN_ENCRYPTION_ALGORITHMS,
PUBLIC,V$RMAN_OUTPUT,SYS,V_$RMAN_OUTPUT,
PUBLIC,V$RMAN_STATUS,SYS,V_$RMAN_STATUS,
PUBLIC,V$ROLLNAME,SYS,V_$ROLLNAME,
PUBLIC,V$ROLLSTAT,SYS,V_$ROLLSTAT,
PUBLIC,V$RO_USER_ACCOUNT,SYS,V_$RO_USER_ACCOUNT,
PUBLIC,V$ROWCACHE,SYS,V_$ROWCACHE,
PUBLIC,V$ROWCACHE_PARENT,SYS,V_$ROWCACHE_PARENT,
PUBLIC,V$ROWCACHE_SUBORDINATE,SYS,V_$ROWCACHE_SUBORDINATE,
PUBLIC,V$RSRC_CONS_GROUP_HISTORY,SYS,V_$RSRC_CONS_GROUP_HISTORY,
PUBLIC,V$RSRC_CONSUMER_GROUP,SYS,V_$RSRC_CONSUMER_GROUP,
PUBLIC,V$RSRC_CONSUMER_GROUP_CPU_MTH,SYS,V_$RSRC_CONSUMER_GROUP_CPU_MTH,
PUBLIC,V$RSRCMGRMETRIC,SYS,V_$RSRCMGRMETRIC,
PUBLIC,V$RSRCMGRMETRIC_HISTORY,SYS,V_$RSRCMGRMETRIC_HISTORY,
PUBLIC,V$RSRC_PDB,SYS,V_$RSRC_PDB,
PUBLIC,V$RSRC_PDB_HISTORY,SYS,V_$RSRC_PDB_HISTORY,
PUBLIC,V$RSRCPDBMETRIC,SYS,V_$RSRCPDBMETRIC,
PUBLIC,V$RSRCPDBMETRIC_HISTORY,SYS,V_$RSRCPDBMETRIC_HISTORY,
PUBLIC,V$RSRC_PLAN,SYS,V_$RSRC_PLAN,
PUBLIC,V$RSRC_PLAN_CPU_MTH,SYS,V_$RSRC_PLAN_CPU_MTH,
PUBLIC,V$RSRC_PLAN_HISTORY,SYS,V_$RSRC_PLAN_HISTORY,
PUBLIC,V$RSRC_SESSION_INFO,SYS,V_$RSRC_SESSION_INFO,
PUBLIC,V$RT_ADDM_CONTROL,SYS,V_$RT_ADDM_CONTROL,
PUBLIC,V$RULE,SYS,V_$RULE,
PUBLIC,V$RULE_SET,SYS,V_$RULE_SET,
PUBLIC,V$RULE_SET_AGGREGATE_STATS,SYS,V_$RULE_SET_AGGREGATE_STATS,
PUBLIC,V$SBT_RESTORE_RANGE,SYS,V_$SBT_RESTORE_RANGE,
PUBLIC,V$SCHEDULER_INMEM_MDINFO,SYS,V_$SCHEDULER_INMEM_MDINFO,
PUBLIC,V$SCHEDULER_INMEM_RTINFO,SYS,V_$SCHEDULER_INMEM_RTINFO,
PUBLIC,V$SCHEDULER_RUNNING_JOBS,SYS,V_$SCHEDULER_RUNNING_JOBS,
PUBLIC,V$SECUREFILE_SHRINK,SYS,V_$SECUREFILE_SHRINK,
PUBLIC,V$SECUREFILE_TIMER,SYS,V_$SECUREFILE_TIMER,
PUBLIC,V$SEGMENT_STATISTICS,SYS,V_$SEGMENT_STATISTICS,
PUBLIC,V$SEGSPACE_USAGE,SYS,V_$SEGSPACE_USAGE,
PUBLIC,V$SEGSTAT,SYS,V_$SEGSTAT,
PUBLIC,V$SEGSTAT_NAME,SYS,V_$SEGSTAT_NAME,
PUBLIC,V$SERVICE_EVENT,SYS,V_$SERVICE_EVENT,
PUBLIC,V$SERVICEMETRIC,SYS,V_$SERVICEMETRIC,
PUBLIC,V$SERVICEMETRIC_HISTORY,SYS,V_$SERVICEMETRIC_HISTORY,
PUBLIC,V$SERVICE_REGION_METRIC,SYS,V_$SERVICE_REGION_METRIC,
PUBLIC,V$SERVICES,SYS,V_$SERVICES,
PUBLIC,V$SERVICE_STATS,SYS,V_$SERVICE_STATS,
PUBLIC,V$SERVICE_WAIT_CLASS,SYS,V_$SERVICE_WAIT_CLASS,
PUBLIC,V$SERV_MOD_ACT_STATS,SYS,V_$SERV_MOD_ACT_STATS,
PUBLIC,V$SES_OPTIMIZER_ENV,SYS,V_$SES_OPTIMIZER_ENV,
PUBLIC,V$SESS_IO,SYS,V_$SESS_IO,
PUBLIC,V$SESSION,SYS,V_$SESSION,
PUBLIC,V$SESSION_BLOCKERS,SYS,V_$SESSION_BLOCKERS,
PUBLIC,V$SESSION_CONNECT_INFO,SYS,V_$SESSION_CONNECT_INFO,
PUBLIC,V$SESSION_CURSOR_CACHE,SYS,V_$SESSION_CURSOR_CACHE,
PUBLIC,V$SESSION_EVENT,SYS,V_$SESSION_EVENT,
PUBLIC,V$SESSION_FIX_CONTROL,SYS,V_$SESSION_FIX_CONTROL,
PUBLIC,V$SESSION_LONGOPS,SYS,V_$SESSION_LONGOPS,
PUBLIC,V$SESSION_OBJECT_CACHE,SYS,V_$SESSION_OBJECT_CACHE,
PUBLIC,V$SESSIONS_COUNT,SYS,V_$SESSIONS_COUNT,
PUBLIC,V$SESSION_WAIT,SYS,V_$SESSION_WAIT,
PUBLIC,V$SESSION_WAIT_CLASS,SYS,V_$SESSION_WAIT_CLASS,
PUBLIC,V$SESSION_WAIT_HISTORY,SYS,V_$SESSION_WAIT_HISTORY,
PUBLIC,V$SESSMETRIC,SYS,V_$SESSMETRIC,
PUBLIC,V$SESSTAT,SYS,V_$SESSTAT,
PUBLIC,V$SESS_TIME_MODEL,SYS,V_$SESS_TIME_MODEL,
PUBLIC,V$SGA,SYS,V_$SGA,
PUBLIC,V$SGA_CURRENT_RESIZE_OPS,SYS,V_$SGA_CURRENT_RESIZE_OPS,
PUBLIC,V$SGA_DYNAMIC_COMPONENTS,SYS,V_$SGA_DYNAMIC_COMPONENTS,
PUBLIC,V$SGA_DYNAMIC_FREE_MEMORY,SYS,V_$SGA_DYNAMIC_FREE_MEMORY,
PUBLIC,V$SGAINFO,SYS,V_$SGAINFO,
PUBLIC,V$SGA_RESIZE_OPS,SYS,V_$SGA_RESIZE_OPS,
PUBLIC,V$SGASTAT,SYS,V_$SGASTAT,
PUBLIC,V$SGA_TARGET_ADVICE,SYS,V_$SGA_TARGET_ADVICE,
PUBLIC,V$SHADOW_DATAFILE,SYS,V_$SHADOW_DATAFILE,
PUBLIC,V$SHARED_POOL_ADVICE,SYS,V_$SHARED_POOL_ADVICE,
PUBLIC,V$SHARED_POOL_RESERVED,SYS,V_$SHARED_POOL_RESERVED,
PUBLIC,V$SHARED_SERVER,SYS,V_$SHARED_SERVER,
PUBLIC,V$SHARED_SERVER_MONITOR,SYS,V_$SHARED_SERVER_MONITOR,
PUBLIC,V$SHARED_SERVER_STAT,SYS,V_$SHARED_SERVER_STAT,
PUBLIC,V$SORT_SEGMENT,SYS,V_$SORT_SEGMENT,
PUBLIC,V$SORT_USAGE,SYS,V_$SORT_USAGE,
PUBLIC,V$SPPARAMETER,SYS,V_$SPPARAMETER,
PUBLIC,V$SQL,SYS,V_$SQL,
PUBLIC,V$SQLAREA,SYS,V_$SQLAREA,
PUBLIC,V$SQLAREA_PLAN_HASH,SYS,V_$SQLAREA_PLAN_HASH,
PUBLIC,V$SQL_BIND_CAPTURE,SYS,V_$SQL_BIND_CAPTURE,
PUBLIC,V$SQL_BIND_DATA,SYS,V_$SQL_BIND_DATA,
PUBLIC,V$SQL_BIND_METADATA,SYS,V_$SQL_BIND_METADATA,
PUBLIC,V$SQLCOMMAND,SYS,V_$SQLCOMMAND,
PUBLIC,V$SQL_CS_HISTOGRAM,SYS,V_$SQL_CS_HISTOGRAM,
PUBLIC,V$SQL_CS_SELECTIVITY,SYS,V_$SQL_CS_SELECTIVITY,
PUBLIC,V$SQL_CS_STATISTICS,SYS,V_$SQL_CS_STATISTICS,
PUBLIC,V$SQL_CURSOR,SYS,V_$SQL_CURSOR,
PUBLIC,V$SQL_DIAG_REPOSITORY,SYS,V_$SQL_DIAG_REPOSITORY,
PUBLIC,V$SQL_DIAG_REPOSITORY_REASON,SYS,V_$SQL_DIAG_REPOSITORY_REASON,
PUBLIC,V$SQL_FEATURE,SYS,V_$SQL_FEATURE,
PUBLIC,V$SQL_FEATURE_DEPENDENCY,SYS,V_$SQL_FEATURE_DEPENDENCY,
PUBLIC,V$SQL_FEATURE_HIERARCHY,SYS,V_$SQL_FEATURE_HIERARCHY,
PUBLIC,V$SQLFN_ARG_METADATA,SYS,V_$SQLFN_ARG_METADATA,
PUBLIC,V$SQLFN_METADATA,SYS,V_$SQLFN_METADATA,
PUBLIC,V$SQL_HINT,SYS,V_$SQL_HINT,
PUBLIC,V$SQL_JOIN_FILTER,SYS,V_$SQL_JOIN_FILTER,
PUBLIC,V$SQL_MONITOR,SYS,V_$SQL_MONITOR,
PUBLIC,V$SQL_MONITOR_SESSTAT,SYS,V_$SQL_MONITOR_SESSTAT,
PUBLIC,V$SQL_MONITOR_STATNAME,SYS,V_$SQL_MONITOR_STATNAME,
PUBLIC,V$SQL_OPTIMIZER_ENV,SYS,V_$SQL_OPTIMIZER_ENV,
PUBLIC,V$SQLPA_METRIC,SYS,V_$SQLPA_METRIC,
PUBLIC,V$SQL_PLAN,SYS,V_$SQL_PLAN,
PUBLIC,V$SQL_PLAN_MONITOR,SYS,V_$SQL_PLAN_MONITOR,
PUBLIC,V$SQL_PLAN_STATISTICS,SYS,V_$SQL_PLAN_STATISTICS,
PUBLIC,V$SQL_PLAN_STATISTICS_ALL,SYS,V_$SQL_PLAN_STATISTICS_ALL,
PUBLIC,V$SQL_REDIRECTION,SYS,V_$SQL_REDIRECTION,
PUBLIC,V$SQL_REOPTIMIZATION_HINTS,SYS,V_$SQL_REOPTIMIZATION_HINTS,
PUBLIC,V$SQL_SHARD,SYS,V_$SQL_SHARD,
PUBLIC,V$SQL_SHARED_CURSOR,SYS,V_$SQL_SHARED_CURSOR,
PUBLIC,V$SQL_SHARED_MEMORY,SYS,V_$SQL_SHARED_MEMORY,
PUBLIC,V$SQLSTATS,SYS,V_$SQLSTATS,
PUBLIC,V$SQLSTATS_PLAN_HASH,SYS,V_$SQLSTATS_PLAN_HASH,
PUBLIC,V$SQL_TESTCASES,SYS,V_$SQL_TESTCASES,
PUBLIC,V$SQLTEXT,SYS,V_$SQLTEXT,
PUBLIC,V$SQLTEXT_WITH_NEWLINES,SYS,V_$SQLTEXT_WITH_NEWLINES,
PUBLIC,V$SQL_WORKAREA,SYS,V_$SQL_WORKAREA,
PUBLIC,V$SQL_WORKAREA_ACTIVE,SYS,V_$SQL_WORKAREA_ACTIVE,
PUBLIC,V$SQL_WORKAREA_HISTOGRAM,SYS,V_$SQL_WORKAREA_HISTOGRAM,
PUBLIC,V$SSCR_SESSIONS,SYS,V_$SSCR_SESSIONS,
PUBLIC,V$STANDBY_EVENT_HISTOGRAM,SYS,V_$STANDBY_EVENT_HISTOGRAM,
PUBLIC,V$STANDBY_LOG,SYS,V_$STANDBY_LOG,
PUBLIC,V$STATISTICS_LEVEL,SYS,V_$STATISTICS_LEVEL,
PUBLIC,V$STATNAME,SYS,V_$STATNAME,
PUBLIC,V$STATS_ADVISOR_ACTIONS,SYS,V_$STATS_ADVISOR_ACTIONS,
PUBLIC,V$STATS_ADVISOR_FINDINGS,SYS,V_$STATS_ADVISOR_FINDINGS,
PUBLIC,V$STATS_ADVISOR_RATIONALES,SYS,V_$STATS_ADVISOR_RATIONALES,
PUBLIC,V$STATS_ADVISOR_RECS,SYS,V_$STATS_ADVISOR_RECS,
PUBLIC,V$STATS_ADVISOR_RULES,SYS,V_$STATS_ADVISOR_RULES,
PUBLIC,V$STREAMS_APPLY_COORDINATOR,SYS,V_$STREAMS_APPLY_COORDINATOR,
PUBLIC,V$STREAMS_APPLY_READER,SYS,V_$STREAMS_APPLY_READER,
PUBLIC,V$STREAMS_APPLY_SERVER,SYS,V_$STREAMS_APPLY_SERVER,
PUBLIC,V$STREAMS_CAPTURE,SYS,V_$STREAMS_CAPTURE,
PUBLIC,V$STREAMS_MESSAGE_TRACKING,SYS,V_$STREAMS_MESSAGE_TRACKING,
PUBLIC,V$STREAMS_POOL_ADVICE,SYS,V_$STREAMS_POOL_ADVICE,
PUBLIC,V$STREAMS_POOL_STATISTICS,SYS,V_$STREAMS_POOL_STATISTICS,
PUBLIC,V$STREAMS_TRANSACTION,SYS,V_$STREAMS_TRANSACTION,
PUBLIC,V$SUBCACHE,SYS,V_$SUBCACHE,
PUBLIC,V$SUBSCR_REGISTRATION_STATS,SYS,V_$SUBSCR_REGISTRATION_STATS,
PUBLIC,_V$SXGG_APPLY_COORDINATOR,SYS,_V$SXGG_APPLY_COORDINATOR,
PUBLIC,_V$SXGG_APPLY_READER,SYS,_V$SXGG_APPLY_READER,
PUBLIC,_V$SXGG_APPLY_SERVER,SYS,_V$SXGG_APPLY_SERVER,
PUBLIC,_V$SXGG_CAPTURE,SYS,_V$SXGG_CAPTURE,
PUBLIC,_V$SXGG_MESSAGE_TRACKING,SYS,_V$SXGG_MESSAGE_TRACKING,
PUBLIC,_V$SXGG_TRANSACTION,SYS,_V$SXGG_TRANSACTION,
PUBLIC,V$SYSAUX_OCCUPANTS,SYS,V_$SYSAUX_OCCUPANTS,
PUBLIC,V$SYSMETRIC,SYS,V_$SYSMETRIC,
PUBLIC,V$SYSMETRIC_HISTORY,SYS,V_$SYSMETRIC_HISTORY,
PUBLIC,V$SYSMETRIC_SUMMARY,SYS,V_$SYSMETRIC_SUMMARY,
PUBLIC,V$SYS_OPTIMIZER_ENV,SYS,V_$SYS_OPTIMIZER_ENV,
PUBLIC,V$SYS_REPORT_REQUESTS,SYS,V_$SYS_REPORT_REQUESTS,
PUBLIC,V$SYS_REPORT_STATS,SYS,V_$SYS_REPORT_STATS,
PUBLIC,V$SYSSTAT,SYS,V_$SYSSTAT,
PUBLIC,V$SYSTEM_CURSOR_CACHE,SYS,V_$SYSTEM_CURSOR_CACHE,
PUBLIC,V$SYSTEM_EVENT,SYS,V_$SYSTEM_EVENT,
PUBLIC,V$SYSTEM_FIX_CONTROL,SYS,V_$SYSTEM_FIX_CONTROL,
PUBLIC,V$SYSTEM_PARAMETER,SYS,V_$SYSTEM_PARAMETER,
PUBLIC,V$SYSTEM_PARAMETER2,SYS,V_$SYSTEM_PARAMETER2,
PUBLIC,V$SYSTEM_RESET_PARAMETER,SYS,V_$SYSTEM_RESET_PARAMETER,
PUBLIC,V$SYSTEM_RESET_PARAMETER2,SYS,V_$SYSTEM_RESET_PARAMETER2,
PUBLIC,V$SYSTEM_WAIT_CLASS,SYS,V_$SYSTEM_WAIT_CLASS,
PUBLIC,V$SYS_TIME_MODEL,SYS,V_$SYS_TIME_MODEL,
PUBLIC,V$TABLESPACE,SYS,V_$TABLESPACE,
PUBLIC,V$TEMP_CACHE_TRANSFER,SYS,V_$TEMP_CACHE_TRANSFER,
PUBLIC,V$TEMP_EXTENT_MAP,SYS,V_$TEMP_EXTENT_MAP,
PUBLIC,V$TEMP_EXTENT_POOL,SYS,V_$TEMP_EXTENT_POOL,
PUBLIC,V$TEMPFILE,SYS,V_$TEMPFILE,
PUBLIC,V$TEMPFILE_INFO_INSTANCE,SYS,V_$TEMPFILE_INFO_INSTANCE,
PUBLIC,V$TEMPORARY_LOBS,SYS,V_$TEMPORARY_LOBS,
PUBLIC,V$TEMP_PING,SYS,V_$TEMP_PING,
PUBLIC,V$TEMPSEG_USAGE,SYS,V_$SORT_USAGE,
PUBLIC,V$TEMP_SPACE_HEADER,SYS,V_$TEMP_SPACE_HEADER,
PUBLIC,V$TEMPSTAT,SYS,V_$TEMPSTAT,
PUBLIC,V$TEMPUNDOSTAT,SYS,V_$TEMPUNDOSTAT,
PUBLIC,V$THREAD,SYS,V_$THREAD,
PUBLIC,V$THRESHOLD_TYPES,SYS,V_$THRESHOLD_TYPES,
PUBLIC,V$TIMER,SYS,V_$TIMER,
PUBLIC,V$TIMEZONE_FILE,SYS,V_$TIMEZONE_FILE,
PUBLIC,V$TIMEZONE_NAMES,SYS,V_$TIMEZONE_NAMES,
PUBLIC,V$TOPLEVELCALL,SYS,V_$TOPLEVELCALL,
PUBLIC,V$TRANSACTION,SYS,V_$TRANSACTION,
PUBLIC,V$TRANSACTION_ENQUEUE,SYS,V_$TRANSACTION_ENQUEUE,
PUBLIC,V$TRANSPORTABLE_PLATFORM,SYS,V_$TRANSPORTABLE_PLATFORM,
PUBLIC,V$TSDP_SUPPORTED_FEATURE,SYS,V_$TSDP_SUPPORTED_FEATURE,
PUBLIC,V$TSM_SESSIONS,SYS,V_$TSM_SESSIONS,
PUBLIC,V$TYPE_SIZE,SYS,V_$TYPE_SIZE,
PUBLIC,V$UNDOSTAT,SYS,V_$UNDOSTAT,
PUBLIC,V$UNIFIED_AUDIT_RECORD_FORMAT,SYS,V_$UNIFIED_AUDIT_RECORD_FORMAT,
PUBLIC,V$UNIFIED_AUDIT_TRAIL,SYS,V_$UNIFIED_AUDIT_TRAIL,
PUBLIC,V$UNUSABLE_BACKUPFILE_DETAILS,SYS,V_$UNUSABLE_BACKUPFILE_DETAILS,
PUBLIC,V$VERSION,SYS,V_$VERSION,
PUBLIC,V$VPD_POLICY,SYS,V_$VPD_POLICY,
PUBLIC,V$WAIT_CHAINS,SYS,V_$WAIT_CHAINS,
PUBLIC,V$WAITCLASSMETRIC,SYS,V_$WAITCLASSMETRIC,
PUBLIC,V$WAITCLASSMETRIC_HISTORY,SYS,V_$WAITCLASSMETRIC_HISTORY,
PUBLIC,V$WAITSTAT,SYS,V_$WAITSTAT,
PUBLIC,V$WALLET,SYS,V_$WALLET,
PUBLIC,V$WLM_DB_MODE,SYS,V_$WLM_DB_MODE,
PUBLIC,V$WLM_PCMETRIC,SYS,V_$WLM_PCMETRIC,
PUBLIC,V$WLM_PCMETRIC_HISTORY,SYS,V_$WLM_PCMETRIC_HISTORY,
PUBLIC,V$WLM_PCSERVICE,SYS,V_$WLM_PCSERVICE,
PUBLIC,V$WLM_PC_STATS,SYS,V_$WLM_PC_STATS,
PUBLIC,V$WORKLOAD_REPLAY_THREAD,SYS,V_$WORKLOAD_REPLAY_THREAD,
PUBLIC,V$XML_AUDIT_TRAIL,SYS,V_$XML_AUDIT_TRAIL,
PUBLIC,V$XS_SESSION_NS_ATTRIBUTE,SYS,V_$XS_SESSION_NS_ATTRIBUTES,
PUBLIC,V$XS_SESSION_NS_ATTRIBUTES,SYS,V_$XS_SESSION_NS_ATTRIBUTES,
PUBLIC,V$XS_SESSION_ROLE,SYS,V$XS_SESSION_ROLES,
PUBLIC,V$XS_SESSION_ROLES,SYS,V_$XS_SESSION_ROLES,
PUBLIC,V$XS_SESSIONS,SYS,V_$XS_SESSIONS,
PUBLIC,V$XSTREAM_APPLY_COORDINATOR,SYS,V_$XSTREAM_APPLY_COORDINATOR,
PUBLIC,V$XSTREAM_APPLY_READER,SYS,V_$XSTREAM_APPLY_READER,
PUBLIC,V$XSTREAM_APPLY_RECEIVER,SYS,V_$XSTREAM_APPLY_RECEIVER,
PUBLIC,V$XSTREAM_APPLY_SERVER,SYS,V_$XSTREAM_APPLY_SERVER,
PUBLIC,V$XSTREAM_CAPTURE,SYS,V_$XSTREAM_CAPTURE,
PUBLIC,V$XSTREAM_MESSAGE_TRACKING,SYS,V_$XSTREAM_MESSAGE_TRACKING,
PUBLIC,V$XSTREAM_OUTBOUND_SERVER,SYS,V_$XSTREAM_OUTBOUND_SERVER,
PUBLIC,V$XSTREAM_TABLE_STATS,SYS,V_$XSTREAM_TABLE_STATS,
PUBLIC,V$XSTREAM_TRANSACTION,SYS,V_$XSTREAM_TRANSACTION,
PUBLIC,V$ZONEMAP_USAGE_STATS,SYS,V_$ZONEMAP_USAGE_STATS,
PUBLIC,WITHIN,MDSYS,OGC_WITHIN,
PUBLIC,WLM_CAPABILITY_ARRAY,SYS,WLM_CAPABILITY_ARRAY,
PUBLIC,WLM_CAPABILITY_OBJECT,SYS,WLM_CAPABILITY_OBJECT,
PUBLIC,WLM_CLASSIFIER_PLAN,APPQOSSYS,WLM_CLASSIFIER_PLAN,
PUBLIC,WLM_METRICS_STREAM,APPQOSSYS,WLM_METRICS_STREAM,
PUBLIC,WLM_MPA_STREAM,APPQOSSYS,WLM_MPA_STREAM,
PUBLIC,WLM_VIOLATION_STREAM,APPQOSSYS,WLM_VIOLATION_STREAM,
PUBLIC,WM_COMPRESS_BATCH_SIZES,WMSYS,WM_COMPRESS_BATCH_SIZES,
PUBLIC,WM_COMPRESSIBLE_TABLES,WMSYS,WM_COMPRESSIBLE_TABLES,
PUBLIC,WM_CONTAINS,WMSYS,WM_CONTAINS,
PUBLIC,WM_EQUALS,WMSYS,WM_EQUALS,
PUBLIC,WM_EVENTS_INFO,WMSYS,WM_EVENTS_INFO,
PUBLIC,WM_GREATERTHAN,WMSYS,WM_GREATERTHAN,
PUBLIC,WM_INSTALLATION,WMSYS,WM_INSTALLATION,
PUBLIC,WM_INTERSECTION,WMSYS,WM_INTERSECTION,
PUBLIC,WM_LDIFF,WMSYS,WM_LDIFF,
PUBLIC,WM_LESSTHAN,WMSYS,WM_LESSTHAN,
PUBLIC,WM_MEETS,WMSYS,WM_MEETS,
PUBLIC,WM_OVERLAPS,WMSYS,WM_OVERLAPS,
PUBLIC,WM_PERIOD,WMSYS,WM_PERIOD,
PUBLIC,WM_RDIFF,WMSYS,WM_RDIFF,
PUBLIC,WM_REPLICATION_INFO,WMSYS,WM_REPLICATION_INFO,
PUBLIC,WPG_DOCLOAD,SYS,WPG_DOCLOAD,
PUBLIC,WRI$_REPT_ABSTRACT_T,SYS,WRI$_REPT_ABSTRACT_T,
PUBLIC,WRI$_REPT_ADDM,SYS,WRI$_REPT_ADDM,
PUBLIC,WRI$_REPT_ARC,SYS,WRI$_REPT_ARC,
PUBLIC,WRI$_REPT_ASH,SYS,WRI$_REPT_ASH,
PUBLIC,WRI$_REPT_ASH_OMX,SYS,WRI$_REPT_ASH_OMX,
PUBLIC,WRI$_REPT_AUTO_INDEX,SYS,WRI$_REPT_AUTO_INDEX,
PUBLIC,WRI$_REPT_AUTO_MV,SYS,WRI$_REPT_AUTO_MV,
PUBLIC,WRI$_REPT_AUTO_ZONEMAP,SYS,WRI$_REPT_AUTO_ZONEMAP,
PUBLIC,WRI$_REPT_AWRV,SYS,WRI$_REPT_AWRV,
PUBLIC,WRI$_REPT_CELL,SYS,WRI$_REPT_CELL,
PUBLIC,WRI$_REPT_CONFIG,SYS,WRI$_REPT_CONFIG,
PUBLIC,WRI$_REPT_CPADDM,SYS,WRI$_REPT_CPADDM,
PUBLIC,WRI$_REPT_DBHOME,SYS,WRI$_REPT_DBHOME,
PUBLIC,WRI$_REPT_DBREPLAY,SYS,WRI$_REPT_DBREPLAY,
PUBLIC,WRI$_REPT_EMX_PERF,SYS,WRI$_REPT_EMX_PERF,
PUBLIC,WRI$_REPT_MEMORY,SYS,WRI$_REPT_MEMORY,
PUBLIC,WRI$_REPT_OPTSTATS,SYS,WRI$_REPT_OPTSTATS,
PUBLIC,WRI$_REPT_PERF,SYS,WRI$_REPT_PERF,
PUBLIC,WRI$_REPT_PLAN_DIFF,SYS,WRI$_REPT_PLAN_DIFF,
PUBLIC,WRI$_REPT_RSRCMGR,SYS,WRI$_REPT_RSRCMGR,
PUBLIC,WRI$_REPT_RTADDM,SYS,WRI$_REPT_RTADDM,
PUBLIC,WRI$_REPT_SECURITY,SYS,WRI$_REPT_SECURITY,
PUBLIC,WRI$_REPT_SESSION,SYS,WRI$_REPT_SESSION,
PUBLIC,WRI$_REPT_SPMEVOLVE,SYS,WRI$_REPT_SPMEVOLVE,
PUBLIC,WRI$_REPT_SQLDETAIL,SYS,WRI$_REPT_SQLDETAIL,
PUBLIC,WRI$_REPT_SQLMONITOR,SYS,WRI$_REPT_SQLMONITOR,
PUBLIC,WRI$_REPT_SQLPI,SYS,WRI$_REPT_SQLPI,
PUBLIC,WRI$_REPT_SQLT,SYS,WRI$_REPT_SQLT,
PUBLIC,WRI$_REPT_STATSADV,SYS,WRI$_REPT_STATSADV,
PUBLIC,WRI$_REPT_STORAGE,SYS,WRI$_REPT_STORAGE,
PUBLIC,WRI$_REPT_TCB,SYS,WRI$_REPT_TCB,
PUBLIC,WRI$_REPT_XPLAN,SYS,WRI$_REPT_XPLAN,
PUBLIC,WRW_MAILPKG_INFO_TYPE,SYS,WRW_MAILPKG_INFO_TYPE,
PUBLIC,XDB_PVTRIG_PKG,XDB,XDB_PVTRIG_PKG,
PUBLIC,XDB_RVTRIG_PKG,XDB,XDB_RVTRIG_PKG,
PUBLIC,XDB$STRING_LIST_T,XDB,XDB$STRING_LIST_T,
PUBLIC,XDBURITYPE,SYS,XDBURITYPE,
PUBLIC,XDS_ACE,SYS,XDS_ACE,
PUBLIC,XDS_ACL,SYS,XDS_ACL,
PUBLIC,XIMETADATA_PKG,XDB,XIMETADATA_PKG,
PUBLIC,X$KXFTASK,SYS,V_$KXFTASK,
PUBLIC,XMLAGG,SYS,SYS_IXMLAGG,
PUBLIC,XMLBINARYINPUTSTREAM,SYS,XMLBINARYINPUTSTREAM,
PUBLIC,XMLBINARYOUTPUTSTREAM,SYS,XMLBINARYOUTPUTSTREAM,
PUBLIC,XMLCHARACTERINPUTSTREAM,SYS,XMLCHARACTERINPUTSTREAM,
PUBLIC,XMLCHARACTEROUTPUTSTREAM,SYS,XMLCHARACTEROUTPUTSTREAM,
PUBLIC,XMLDOM,XDB,DBMS_XMLDOM,
PUBLIC,XMLFORMAT,SYS,XMLGENFORMATTYPE,
PUBLIC,XMLPARSER,XDB,DBMS_XMLPARSER,
PUBLIC,XMLSEQUENCE,SYS,XMLSEQUENCE,
PUBLIC,XMLSEQUENCETYPE,SYS,XMLSEQUENCETYPE,
PUBLIC,XMLTYPE,SYS,XMLTYPE,
PUBLIC,XQSEQUENCE,SYS,XQSEQUENCE,
PUBLIC,XQWINDOWSEQUENCE,SYS,XQWINDOWSEQUENCE,
PUBLIC,XS$ACE_LIST,SYS,XS$ACE_LIST,
PUBLIC,XS$ACE_TYPE,SYS,XS$ACE_TYPE,
PUBLIC,XS_ACL,SYS,XS_ACL,
PUBLIC,XS_ADMIN_INT,SYS,XS_ADMIN_INT,
PUBLIC,XS_ADMIN_UTIL,SYS,XS_ADMIN_UTIL,
PUBLIC,XS$CACHE_ACTIONS,SYS,XS$CACHE_ACTIONS,
PUBLIC,XS$CACHE_DELETE,SYS,XS$CACHE_DELETE,
PUBLIC,XS$COLUMN_CONSTRAINT_LIST,SYS,XS$COLUMN_CONSTRAINT_LIST,
PUBLIC,XS$COLUMN_CONSTRAINT_TYPE,SYS,XS$COLUMN_CONSTRAINT_TYPE,
PUBLIC,XS_DATA_SECURITY,SYS,XS_DATA_SECURITY,
PUBLIC,XS_DATA_SECURITY_UTIL,SYS,XS_DATA_SECURITY_UTIL,
PUBLIC,XS_DIAG,SYS,XS_DIAG,
PUBLIC,XS$KEY_LIST,SYS,XS$KEY_LIST,
PUBLIC,XS$KEY_TYPE,SYS,XS$KEY_TYPE,
PUBLIC,XS$LIST,SYS,XS$LIST,
PUBLIC,XSLPROCESSOR,XDB,DBMS_XSLPROCESSOR,
PUBLIC,XS$NAME_LIST,SYS,XS$NAME_LIST,
PUBLIC,XS_NAMESPACE,SYS,XS_NAMESPACE,
PUBLIC,XS$NS_ATTRIBUTE,SYS,XS$NS_ATTRIBUTE,
PUBLIC,XS$NS_ATTRIBUTE_LIST,SYS,XS$NS_ATTRIBUTE_LIST,
PUBLIC,XS_PRINCIPAL,SYS,XS_PRINCIPAL,
PUBLIC,XS$PRIVILEGE,SYS,XS$PRIVILEGE,
PUBLIC,XS$PRIVILEGE_LIST,SYS,XS$PRIVILEGE_LIST,
PUBLIC,XS$REALM_CONSTRAINT_LIST,SYS,XS$REALM_CONSTRAINT_LIST,
PUBLIC,XS$REALM_CONSTRAINT_TYPE,SYS,XS$REALM_CONSTRAINT_TYPE,
PUBLIC,XS$ROLE_GRANT_LIST,SYS,XS$ROLE_GRANT_LIST,
PUBLIC,XS$ROLE_GRANT_TYPE,SYS,XS$ROLE_GRANT_TYPE,
PUBLIC,XS_ROLESET,SYS,XS_ROLESET,
PUBLIC,XS_SECURITY_CLASS,SYS,XS_SECURITY_CLASS,
PUBLIC,XS$VALIDATION_TABLE,SYS,XS$VALIDATION_TABLE,
SI_INFORMTN_SCHEMA,SI_FORMAT_CONVRSNS,ORDSYS,SI_IMAGE_FORMAT_CONVERSIONS,
SI_INFORMTN_SCHEMA,SI_IMAGE_FORMAT_CONVERSIONS,ORDSYS,SI_IMAGE_FORMAT_CONVERSIONS,
SI_INFORMTN_SCHEMA,SI_IMAGE_FORMAT_FEATURES,ORDSYS,SI_IMAGE_FORMAT_FEATURES,
SI_INFORMTN_SCHEMA,SI_IMAGE_FORMATS,ORDSYS,SI_IMAGE_FORMATS,
SI_INFORMTN_SCHEMA,SI_IMAGE_FRMT_FTRS,ORDSYS,SI_IMAGE_FORMAT_FEATURES,
SI_INFORMTN_SCHEMA,SI_THUMBNAIL_FORMATS,ORDSYS,SI_THUMBNAIL_FORMATS,
SI_INFORMTN_SCHEMA,SI_THUMBNAIL_FRMTS,ORDSYS,SI_THUMBNAIL_FORMATS,
SI_INFORMTN_SCHEMA,SI_VALUES,ORDSYS,SI_VALUES,
SYS,DATAPUMP_DIR_OBJS,SYS,LOADER_DIR_OBJS,
SYS,DBMS_AUDIT_MGMT,AUDSYS,DBMS_AUDIT_MGMT,
SYS,DBMS_WM,WMSYS,LTSYS,
SYS,HS$_DDTF_OPTPRIMARYKEYS,SYS,HS$_DDTF_SQLPRIMARYKEYS,
SYS,HS$_DDTF_OPTTABLES,SYS,HS$_DDTF_SQLTABLES,
SYS,OJDS$ATTRIBUTES$,OJVMSYS,OJDS$ATTRIBUTES$,
SYS,OJDS$BINDINGS$,OJVMSYS,OJDS$BINDINGS$,
SYS,OJDS$INODE$,OJVMSYS,OJDS$INODE$,
SYS,OJDS$NODE_NUMBER$,OJVMSYS,OJDS$NODE_NUMBER$,
SYS,OJDS$PERMISSIONS$,OJVMSYS,OJDS$PERMISSIONS$,
SYS,OJDS$REFADDR$,OJVMSYS,OJDS$REFADDR$,
SYS,OJDS$SHARED$OBJ$,OJVMSYS,OJDS$SHARED$OBJ$,
SYS,OJDS$SHARED$OBJ$SEQ$,OJVMSYS,OJDS$SHARED$OBJ$SEQ$,
SYS,XMLDOM,XDB,DBMS_XMLDOM,
SYS,XMLPARSER,XDB,DBMS_XMLPARSER,
SYS,XSLPROCESSOR,XDB,DBMS_XSLPROCESSOR,
SYSTEM,CATALOG,SYS,CATALOG,
SYSTEM,COL,SYS,COL,
SYSTEM,PRODUCT_USER_PROFILE,SYSTEM,SQLPLUS_PRODUCT_PROFILE,
SYSTEM,PUBLICSYN,SYS,PUBLICSYN,
SYSTEM,SYSCATALOG,SYS,SYSCATALOG,
SYSTEM,SYSFILES,SYS,SYSFILES,
SYSTEM,TAB,SYS,TAB,
SYSTEM,TABQUOTAS,SYS,TABQUOTAS,
