modulo,metodo,ruta,clasificacion,autenticado,roles,permisos,modulos,otros_middlewares,handler
"(raiz)","GET","/api/applicants","publico","no","","","","jsonParser","listApplicants"
"(raiz)","GET","/api/applicants/:id","publico","no","","","","jsonParser","getApplicantById"
"(raiz)","POST","/api/applicants/import","publico","no","","","","jsonParser | (anonima)","importApplicant"
"(raiz)","POST","/api/applicants/sync-from-sheet","rol","si","gerencia | talento_humano","","","jsonParser","syncApplicantsFromSheet"
"(raiz)","GET","/api/dashboard","solo_autenticado","si","","","","","(anonima)"
"(raiz)","GET","/api/documents/:documentId/audit-trail","solo_autenticado","si","","","","","(anonima)"
"(raiz)","POST","/api/documents/:documentId/sign","solo_autenticado","si","","","","","(anonima)"
"(raiz)","GET","/api/signature/dashboard","solo_autenticado","si","","","","","(anonima)"
"(raiz)","GET","/api/signature/documents/:documentId/audit-trail","solo_autenticado","si","","","","","(anonima)"
"(raiz)","POST","/api/signature/documents/:documentId/sign","solo_autenticado","si","","","","","(anonima)"
"(raiz)","GET","/api/signature/verificar/:token","publico","no","","","","(anonima)","(anonima)"
"(raiz)","GET","/api/signature/verify/:token","publico","no","","","","(anonima)","(anonima)"
"approvals","POST","/api/v1/approvals/:id/approve","rol","si","jefe_servicio","","","(anonima)","(anonima)"
"approvals","POST","/api/v1/approvals/:id/reject","rol","si","jefe_servicio","","","(anonima)","(anonima)"
"approvals","GET","/api/v1/approvals/pending","rol","si","calidad | gerencia | jefe_calidad | jefe_servicio_tecnico | jefe_tecnico | tecnico","","","(anonima)","(anonima)"
"attendance","POST","/api/v1/attendance/admin/apply-entry-regularization","solo_autenticado","si","","","","","applyEntryRegularization"
"attendance","GET","/api/v1/attendance/admin/collaborator/:userId/birthday-benefit","solo_autenticado","si","","","","","getCollaboratorBirthdayBenefit"
"attendance","POST","/api/v1/attendance/admin/collaborator/:userId/birthday-benefit/qr","solo_autenticado","si","","","","","generateCollaboratorBirthdayBenefitQr"
"attendance","GET","/api/v1/attendance/admin/collaborator/:userId/justifications-panel","solo_autenticado","si","","","","","getCollaboratorJustificationsPanel"
"attendance","PUT","/api/v1/attendance/admin/late-justification/:id","solo_autenticado","si","","","","","updateLateJustification"
"attendance","GET","/api/v1/attendance/admin/regularizations-panel","solo_autenticado","si","","","","","getGlobalRegularizationsPanel"
"attendance","POST","/api/v1/attendance/birthday-benefit/:token/evidence","solo_autenticado","si","","","","multerMiddleware","submitBirthdayBenefitEvidence"
"attendance","POST","/api/v1/attendance/birthday-benefit/:token/redeem","solo_autenticado","si","","","","","redeemBirthdayBenefit"
"attendance","GET","/api/v1/attendance/birthday-benefit/qr/:token","solo_autenticado","si","","","","","validateBirthdayBenefitQr"
"attendance","POST","/api/v1/attendance/clock-in","solo_autenticado","si","","","","(anonima)","clockIn"
"attendance","POST","/api/v1/attendance/clock-in-lunch","solo_autenticado","si","","","","(anonima)","clockInLunch"
"attendance","POST","/api/v1/attendance/clock-out","solo_autenticado","si","","","","(anonima)","clockOut"
"attendance","POST","/api/v1/attendance/clock-out-lunch","solo_autenticado","si","","","","(anonima)","clockOutLunch"
"attendance","POST","/api/v1/attendance/exception","solo_autenticado","si","","","","(anonima)","registerException"
"attendance","GET","/api/v1/attendance/exception/active","solo_autenticado","si","","","","","getActiveException"
"attendance","POST","/api/v1/attendance/exception/status","solo_autenticado","si","","","","(anonima)","updateExceptionStatus"
"attendance","GET","/api/v1/attendance/geofence/reference","solo_autenticado","si","","","","requireAttendanceOpsAccess","getReference"
"attendance","POST","/api/v1/attendance/late-justification","solo_autenticado","si","","","","","justifyLateArrival"
"attendance","GET","/api/v1/attendance/live-presence","solo_autenticado","si","","","","","getLivePresence"
"attendance","GET","/api/v1/attendance/live-presence/map","solo_autenticado","si","","","","requireLiveMapAccess | (anonima)","getLiveMap"
"attendance","POST","/api/v1/attendance/location-sync","solo_autenticado","si","","","","","syncLocation"
"attendance","POST","/api/v1/attendance/marcar/almuerzo-entrada","solo_autenticado","si","","","","(anonima)","clockInLunch"
"attendance","POST","/api/v1/attendance/marcar/almuerzo-entrada-operacional","solo_autenticado","si","","","","(anonima)","clockInOperationalLunch"
"attendance","POST","/api/v1/attendance/marcar/almuerzo-salida","solo_autenticado","si","","","","(anonima)","clockOutLunch"
"attendance","POST","/api/v1/attendance/marcar/almuerzo-salida-operacional","solo_autenticado","si","","","","(anonima)","clockOutOperationalLunch"
"attendance","POST","/api/v1/attendance/marcar/cierre-viaje","solo_autenticado","si","","","","(anonima) | multerMiddleware","clockCloseTrip"
"attendance","POST","/api/v1/attendance/marcar/cliente-entrada","solo_autenticado","si","","","","(anonima)","clockInField"
"attendance","POST","/api/v1/attendance/marcar/cliente-salida","solo_autenticado","si","","","","(anonima)","clockOutField"
"attendance","POST","/api/v1/attendance/marcar/entrada","solo_autenticado","si","","","","(anonima)","clockIn"
"attendance","POST","/api/v1/attendance/marcar/entrada-campo","solo_autenticado","si","","","","(anonima) | multerMiddleware","clockInOperational"
"attendance","POST","/api/v1/attendance/marcar/entrada-imprevista","solo_autenticado","si","","","","(anonima)","clockInUnexpected"
"attendance","POST","/api/v1/attendance/marcar/entrada-oficina","solo_autenticado","si","","","","(anonima) | multerMiddleware","clockInOperational"
"attendance","POST","/api/v1/attendance/marcar/llegada-destino","solo_autenticado","si","","","","(anonima)","clockInDestino"
"attendance","POST","/api/v1/attendance/marcar/llegada-imprevista","solo_autenticado","si","","","","(anonima)","clockUnexpectedArrival"
"attendance","POST","/api/v1/attendance/marcar/regreso-imprevisto","solo_autenticado","si","","","","(anonima)","clockInUnexpected"
"attendance","POST","/api/v1/attendance/marcar/retorno-imprevisto","solo_autenticado","si","","","","(anonima)","clockUnexpectedReturn"
"attendance","POST","/api/v1/attendance/marcar/salida","solo_autenticado","si","","","","(anonima)","clockOut"
"attendance","POST","/api/v1/attendance/marcar/salida-campo","solo_autenticado","si","","","","(anonima) | multerMiddleware","clockOutOperational"
"attendance","POST","/api/v1/attendance/marcar/salida-imprevista","solo_autenticado","si","","","","(anonima)","clockOutUnexpected"
"attendance","POST","/api/v1/attendance/marcar/salida-oficina","solo_autenticado","si","","","","(anonima) | multerMiddleware","clockOutOperational"
"attendance","POST","/api/v1/attendance/marcar/visita-entrada","solo_autenticado","si","","","","(anonima)","clockInField"
"attendance","POST","/api/v1/attendance/marcar/visita-salida","solo_autenticado","si","","","","(anonima)","clockOutField"
"attendance","GET","/api/v1/attendance/monthly-report","solo_autenticado","si","","","","(anonima)","generateMonthlyReport"
"attendance","GET","/api/v1/attendance/non-compliance","solo_autenticado","si","","","","(anonima)","getAttendanceNonCompliance"
"attendance","POST","/api/v1/attendance/non-compliance/:userId/schedule-meeting","solo_autenticado","si","","","","","scheduleAttendanceFollowUpMeeting"
"attendance","GET","/api/v1/attendance/operational-health","solo_autenticado","si","","","","requireAttendanceOpsAccess","getOperationalHealth"
"attendance","GET","/api/v1/attendance/overtime","solo_autenticado","si","","","","","getOvertimeRecords"
"attendance","POST","/api/v1/attendance/overtime","solo_autenticado","si","","","","","markOvertime"
"attendance","GET","/api/v1/attendance/pdf-bulk","solo_autenticado","si","","","","(anonima)","generateBulkPDF"
"attendance","GET","/api/v1/attendance/pdf/:userId","solo_autenticado","si","","","","(anonima)","generatePDF"
"attendance","POST","/api/v1/attendance/period/:periodKey/status","solo_autenticado","si","","","","","transition"
"attendance","GET","/api/v1/attendance/period/current","solo_autenticado","si","","","","","getCurrent"
"attendance","POST","/api/v1/attendance/permission-entry-start","solo_autenticado","si","","","","(anonima)","startPermissionEntry"
"attendance","POST","/api/v1/attendance/permission-exit-finish","solo_autenticado","si","","","","(anonima)","finishPermissionExit"
"attendance","GET","/api/v1/attendance/punctuality/summary","solo_autenticado","si","","","","","getPunctualitySummary"
"attendance","GET","/api/v1/attendance/range","solo_autenticado","si","","","","(anonima)","getRange"
"attendance","GET","/api/v1/attendance/regularizations","solo_autenticado","si","","","","","list"
"attendance","POST","/api/v1/attendance/regularizations","solo_autenticado","si","","","","","create"
"attendance","POST","/api/v1/attendance/regularizations/:id/status","solo_autenticado","si","","","","","transition"
"attendance","POST","/api/v1/attendance/regularize-entry","solo_autenticado","si","","","","","requestEntryRegularization"
"attendance","POST","/api/v1/attendance/shortcut/admin/token/:userId","rol","si","ti","","","","adminIssueTokenForUser"
"attendance","POST","/api/v1/attendance/shortcut/admin/tokens/:tokenId/revoke","rol","si","ti","","","","revokeToken"
"attendance","GET","/api/v1/attendance/shortcut/admin/tokens/:userId","rol","si","ti","","","","listTokensForUser"
"attendance","POST","/api/v1/attendance/shortcut/location","solo_autenticado","si","","","","(anonima)","recordLocationPing"
"attendance","POST","/api/v1/attendance/shortcut/run-smart-mark","solo_autenticado","si","","","","(anonima)","runSmartMark"
"attendance","POST","/api/v1/attendance/shortcut/token","solo_autenticado","si","","","","","issueToken"
"attendance","GET","/api/v1/attendance/team-range","solo_autenticado","si","","","","requireAttendanceTeamAccess | (anonima)","getTeamRange"
"attendance","POST","/api/v1/attendance/telework/access-codes","solo_autenticado","si","","","","requireExactTalentHumanRole","issueCode"
"attendance","POST","/api/v1/attendance/telework/access-codes/revoke","solo_autenticado","si","","","","requireExactTalentHumanRole","revokeCode"
"attendance","GET","/api/v1/attendance/telework/requests","solo_autenticado","si","","","","","list"
"attendance","POST","/api/v1/attendance/telework/requests","solo_autenticado","si","","","","(anonima)","create"
"attendance","POST","/api/v1/attendance/telework/requests/:id/decision","solo_autenticado","si","","","","requireExactTalentHumanRole","decide"
"attendance","GET","/api/v1/attendance/today","solo_autenticado","si","","","","","getToday"
"attendance","GET","/api/v1/attendance/user/:userId","solo_autenticado","si","","","","(anonima)","getUserAttendance"
"attendance","GET","/api/v1/attendance/workspace/breaches","solo_autenticado","si","","","","","getAttendanceWorkspaceBreaches"
"attendance","GET","/api/v1/attendance/workspace/collaborators/:userId","solo_autenticado","si","","","","","getAttendanceWorkspaceCollaborator"
"attendance","GET","/api/v1/attendance/workspace/overview","solo_autenticado","si","","","","","getAttendanceWorkspaceOverview"
"audit-prep","GET","/api/v1/audit-prep/documents","solo_autenticado","si","","","","","(anonima)"
"audit-prep","GET","/api/v1/audit-prep/documents/:id/download","solo_autenticado","si","","","","","(anonima)"
"audit-prep","PATCH","/api/v1/audit-prep/documents/:id/status","solo_autenticado","si","","","","","(anonima)"
"audit-prep","POST","/api/v1/audit-prep/documents/upload","solo_autenticado","si","","","","","(anonima)"
"audit-prep","GET","/api/v1/audit-prep/external-access","rol","si","admin_ti | jefe_ti","","","","(anonima)"
"audit-prep","POST","/api/v1/audit-prep/external-access","rol","si","admin_ti | jefe_ti","","","","(anonima)"
"audit-prep","DELETE","/api/v1/audit-prep/external-access/:id","rol","si","admin_ti | jefe_ti","","","","(anonima)"
"audit-prep","GET","/api/v1/audit-prep/sections","solo_autenticado","si","","","","","(anonima)"
"audit-prep","POST","/api/v1/audit-prep/sections","rol","si","admin_ti | jefe_ti","","","","(anonima)"
"audit-prep","GET","/api/v1/audit-prep/status","solo_autenticado","si","","","","","(anonima)"
"audit-prep","PUT","/api/v1/audit-prep/status","rol","si","admin_ti | jefe_ti","","","","(anonima)"
"auditoria","GET","/api/v1/auditoria","rol","si","gerencia | talento_humano | ti","","","","(anonima)"
"auditoria","GET","/api/v1/auditoria/:id","rol","si","gerencia | talento_humano | ti","","","","(anonima)"
"auditoria","GET","/api/v1/auditoria/export/csv","rol","si","gerencia | ti","","","","(anonima)"
"auth","GET","/api/v1/auth/active-users","rol","si","gerencia | ti","","","","activeUsers"
"auth","POST","/api/v1/auth/change-password","solo_autenticado","si","","","","","changePassword"
"auth","GET","/api/v1/auth/google","publico","no","","","","","googleAuthRedirect"
"auth","GET","/api/v1/auth/google/callback","publico","no","","","","","googleCallback"
"auth","POST","/api/v1/auth/local","publico","no","","","","","localLogin"
"auth","POST","/api/v1/auth/local-login","publico","no","","","","","localAuthLogin"
"auth","POST","/api/v1/auth/logout","solo_autenticado","si","","","","","logout"
"auth","POST","/api/v1/auth/lopdp/accept","solo_autenticado","si","","","","","acceptInternalLopdp"
"auth","GET","/api/v1/auth/me","solo_autenticado","si","","","","","me"
"auth","POST","/api/v1/auth/refresh","publico","no","","","","","refreshToken"
"auth","GET","/api/v1/auth/sessions","rol","si","gerencia | ti","","","","listSessions"
"bc-availability","GET","/api/v1/bc-availability","rol","si","acp_comercial | analista_comercial | asesor_comercial | backoffice_comercial | comercial | gerencia | gerencia_general | jefe_comercial","","","","(anonima)"
"bc-availability","POST","/api/v1/bc-availability","rol","si","analista_comercial | asesor_comercial | backoffice_comercial | comercial | jefe_comercial","","","","(anonima)"
"bc-availability","GET","/api/v1/bc-availability/:id","rol","si","acp_comercial | analista_comercial | asesor_comercial | backoffice_comercial | comercial | gerencia | gerencia_general | jefe_comercial","","","","(anonima)"
"bc-availability","POST","/api/v1/bc-availability/:id/close","rol","si","acp_comercial","","","","(anonima)"
"bc-availability","POST","/api/v1/bc-availability/:id/suppliers","rol","si","acp_comercial","","","","(anonima)"
"bc-availability","POST","/api/v1/bc-availability/:id/suppliers/:queryId/response","rol","si","acp_comercial","","","","(anonima)"
"business-case","GET","/api/v1/business-case","rol","si","acp_comercial | analista_comercial | asesor_comercial | backoffice | backoffice_comercial | comercial | esp_app | gerencia | gerencia_general | ing_servicio | jefe_comercial | jefe_financiero | jefe_logistica | jefe_operaciones | jefe_servicio | jefe_tecnico | jefe_ti | operaciones","","","(anonima)","list"
"business-case","POST","/api/v1/business-case","rol","si","acp_comercial | analista_comercial | asesor_comercial | backoffice | backoffice_comercial | comercial | jefe_comercial","","","(anonima)","create"
"business-case","DELETE","/api/v1/business-case/:id","rol","si","admin | gerencia","","","(anonima)","remove"
"business-case","GET","/api/v1/business-case/:id","rol","si","acp_comercial | analista_comercial | asesor_comercial | backoffice | backoffice_comercial | comercial | esp_app | gerencia | gerencia_general | ing_servicio | jefe_comercial | jefe_financiero | jefe_logistica | jefe_operaciones | jefe_servicio | jefe_tecnico | jefe_ti | operaciones","","","(anonima)","getById"
"business-case","PUT","/api/v1/business-case/:id","rol","si","acp_comercial | analista_comercial | asesor_comercial | backoffice | backoffice_comercial | comercial | esp_app | gerencia | gerencia_general | ing_servicio | jefe_comercial | jefe_financiero | jefe_logistica | jefe_operaciones | jefe_servicio | jefe_tecnico | jefe_ti | operaciones","","","(anonima)","update"
"business-case","GET","/api/v1/business-case/:id/calculations","rol","si","acp_comercial | analista_comercial | asesor_comercial | backoffice | backoffice_comercial | comercial | esp_app | gerencia | gerencia_general | ing_servicio | jefe_comercial | jefe_financiero | jefe_logistica | jefe_operaciones | jefe_servicio | jefe_tecnico | jefe_ti | operaciones","","","(anonima)","getCalculations"
"business-case","GET","/api/v1/business-case/:id/complete","rol","si","acp_comercial | analista_comercial | asesor_comercial | backoffice | backoffice_comercial | comercial | esp_app | gerencia | gerencia_general | ing_servicio | jefe_comercial | jefe_financiero | jefe_logistica | jefe_operaciones | jefe_servicio | jefe_tecnico | jefe_ti | operaciones","","","(anonima)","getComplete"
"business-case","GET","/api/v1/business-case/:id/consumption-items","rol","si","acp_comercial | analista_comercial | asesor_comercial | backoffice | backoffice_comercial | comercial | esp_app | gerencia | gerencia_general | ing_servicio | jefe_comercial | jefe_financiero | jefe_logistica | jefe_operaciones | jefe_servicio | jefe_tecnico | jefe_ti | operaciones","","","(anonima)","getConsumptionItems"
"business-case","PUT","/api/v1/business-case/:id/consumption-items","rol","si","acp_comercial | analista_comercial | asesor_comercial | backoffice | backoffice_comercial | comercial | esp_app | gerencia | gerencia_general | ing_servicio | jefe_comercial | jefe_financiero | jefe_logistica | jefe_operaciones | jefe_servicio | jefe_tecnico | jefe_ti | operaciones","","","(anonima)","saveConsumptionItems"
"business-case","PATCH","/api/v1/business-case/:id/consumption-items/:itemKey","rol","si","acp_comercial | analista_comercial | asesor_comercial | backoffice | backoffice_comercial | comercial | esp_app | gerencia | gerencia_general | ing_servicio | jefe_comercial | jefe_financiero | jefe_logistica | jefe_operaciones | jefe_servicio | jefe_tecnico | jefe_ti | operaciones","","","(anonima)","patchConsumptionItem"
"business-case","POST","/api/v1/business-case/:id/consumption-items/sync-from-sheet","rol","si","acp_comercial | analista_comercial | asesor_comercial | backoffice | backoffice_comercial | comercial | esp_app | gerencia | gerencia_general | ing_servicio | jefe_comercial | jefe_financiero | jefe_logistica | jefe_operaciones | jefe_servicio | jefe_tecnico | jefe_ti | operaciones","","","(anonima)","syncConsumptionFromSheet"
"business-case","GET","/api/v1/business-case/:id/deliveries","rol","si","acp_comercial | analista_comercial | asesor_comercial | backoffice | backoffice_comercial | comercial | esp_app | gerencia | gerencia_general | ing_servicio | jefe_comercial | jefe_financiero | jefe_logistica | jefe_operaciones | jefe_servicio | jefe_tecnico | jefe_ti | operaciones","","","(anonima)","getDeliveries"
"business-case","POST","/api/v1/business-case/:id/deliveries","rol","si","acp_comercial | analista_comercial | asesor_comercial | backoffice | backoffice_comercial | comercial | esp_app | gerencia | gerencia_general | ing_servicio | jefe_comercial | jefe_financiero | jefe_logistica | jefe_operaciones | jefe_servicio | jefe_tecnico | jefe_ti | operaciones","","","(anonima)","saveDeliveries"
"business-case","GET","/api/v1/business-case/:id/determinations","rol","si","acp_comercial | analista_comercial | asesor_comercial | backoffice | backoffice_comercial | comercial | esp_app | gerencia | gerencia_general | ing_servicio | jefe_comercial | jefe_financiero | jefe_logistica | jefe_operaciones | jefe_servicio | jefe_tecnico | jefe_ti | operaciones","","","(anonima)","getDeterminations"
"business-case","POST","/api/v1/business-case/:id/determinations","rol","si","acp_comercial | analista_comercial | asesor_comercial | backoffice | backoffice_comercial | comercial | esp_app | gerencia | gerencia_general | ing_servicio | jefe_comercial | jefe_financiero | jefe_logistica | jefe_operaciones | jefe_servicio | jefe_tecnico | jefe_ti | operaciones","","","(anonima) | validateDeterminationEquipment | validateEquipmentCapacity","addDetermination"
"business-case","DELETE","/api/v1/business-case/:id/determinations/:detId","rol","si","acp_comercial | analista_comercial | asesor_comercial | backoffice | backoffice_comercial | comercial | esp_app | gerencia | gerencia_general | ing_servicio | jefe_comercial | jefe_financiero | jefe_logistica | jefe_operaciones | jefe_servicio | jefe_tecnico | jefe_ti | operaciones","","","(anonima)","removeDetermination"
"business-case","PUT","/api/v1/business-case/:id/determinations/:detId","rol","si","acp_comercial | analista_comercial | asesor_comercial | backoffice | backoffice_comercial | comercial | esp_app | gerencia | gerencia_general | ing_servicio | jefe_comercial | jefe_financiero | jefe_logistica | jefe_operaciones | jefe_servicio | jefe_tecnico | jefe_ti | operaciones","","","(anonima) | validateDeterminationEquipment | validateEquipmentCapacity","updateDetermination"
"business-case","POST","/api/v1/business-case/:id/determinations/inspection-request","rol","si","acp_comercial | analista_comercial | asesor_comercial | backoffice | backoffice_comercial | comercial | esp_app | gerencia | gerencia_general | ing_servicio | jefe_comercial | jefe_financiero | jefe_logistica | jefe_operaciones | jefe_servicio | jefe_tecnico | jefe_ti | operaciones","","","(anonima)","requestEnvironmentInspection"
"business-case","POST","/api/v1/business-case/:id/determinations/lock-all-technical-subsections","rol","si","acp_comercial | analista_comercial | asesor_comercial | backoffice | backoffice_comercial | comercial | esp_app | gerencia | gerencia_general | ing_servicio | jefe_comercial | jefe_financiero | jefe_logistica | jefe_operaciones | jefe_servicio | jefe_tecnico | jefe_ti | operaciones","","","(anonima)","lockAllDeterminationsTechnicalSubsections"
"business-case","POST","/api/v1/business-case/:id/determinations/lock-subsection","rol","si","acp_comercial | analista_comercial | asesor_comercial | backoffice | backoffice_comercial | comercial | esp_app | gerencia | gerencia_general | ing_servicio | jefe_comercial | jefe_financiero | jefe_logistica | jefe_operaciones | jefe_servicio | jefe_tecnico | jefe_ti | operaciones","","","(anonima)","lockDeterminationsSubsection"
"business-case","POST","/api/v1/business-case/:id/determinations/parse-quantities-file","rol","si","backoffice_comercial | jefe_comercial","","","(anonima) | multerMiddleware","parseDeterminationsQuantitiesFile"
"business-case","POST","/api/v1/business-case/:id/determinations/renew-commercial-window","rol","si","jefe_comercial","","","(anonima)","renewDeterminationsCommercialWindow"
"business-case","POST","/api/v1/business-case/:id/determinations/reopen-commercial","rol","si","jefe_comercial","","","(anonima)","reopenDeterminationsCommercial"
"business-case","POST","/api/v1/business-case/:id/determinations/request-unlock-subsection","rol","si","acp_comercial | analista_comercial | asesor_comercial | backoffice | backoffice_comercial | comercial | esp_app | gerencia | gerencia_general | ing_servicio | jefe_comercial | jefe_financiero | jefe_logistica | jefe_operaciones | jefe_servicio | jefe_tecnico | jefe_ti | operaciones","","","(anonima)","requestDeterminationsSubsectionUnlock"
"business-case","POST","/api/v1/business-case/:id/determinations/resolve-unlock-subsection","rol","si","jefe_comercial","","","(anonima)","resolveDeterminationsSubsectionUnlock"
"business-case","GET","/api/v1/business-case/:id/determinations/stat-document","rol","si","acp_comercial | analista_comercial | asesor_comercial | backoffice | backoffice_comercial | comercial | esp_app | gerencia | gerencia_general | ing_servicio | jefe_comercial | jefe_financiero | jefe_logistica | jefe_operaciones | jefe_servicio | jefe_tecnico | jefe_ti | operaciones","","","(anonima)","getDeterminationsGateInfo"
"business-case","POST","/api/v1/business-case/:id/determinations/stat-document","rol","si","acp_comercial | analista_comercial | asesor_comercial | backoffice | backoffice_comercial | comercial | esp_app | gerencia | gerencia_general | ing_servicio | jefe_comercial | jefe_financiero | jefe_logistica | jefe_operaciones | jefe_servicio | jefe_tecnico | jefe_ti | operaciones","","","(anonima) | multerMiddleware","uploadDeterminationsStatDocument"
"business-case","GET","/api/v1/business-case/:id/dispatch-workspace","rol","si","acp_comercial | analista_comercial | asesor_comercial | backoffice | backoffice_comercial | comercial | esp_app | gerencia | gerencia_general | ing_servicio | jefe_comercial | jefe_financiero | jefe_logistica | jefe_operaciones | jefe_servicio | jefe_tecnico | jefe_ti | operaciones","","","(anonima)","getDispatchWorkspace"
"business-case","PUT","/api/v1/business-case/:id/dispatch-workspace/commercial-plan","rol","si","acp_comercial | gerencia | gerencia_general | jefe_comercial","","","(anonima)","saveCommercialDispatchPlan"
"business-case","PUT","/api/v1/business-case/:id/dispatch-workspace/operations-control","rol","si","acp_comercial | gerencia | gerencia_general | jefe_comercial | jefe_operaciones | operaciones","","","(anonima)","saveOperationsDispatchControl"
"business-case","PUT","/api/v1/business-case/:id/economic-data","rol","si","acp_comercial | analista_comercial | asesor_comercial | backoffice | backoffice_comercial | comercial | esp_app | gerencia | gerencia_general | ing_servicio | jefe_comercial | jefe_financiero | jefe_logistica | jefe_operaciones | jefe_servicio | jefe_tecnico | jefe_ti | operaciones","","","(anonima)","updateEconomicData"
"business-case","POST","/api/v1/business-case/:id/equipment","rol","si","acp_comercial | analista_comercial | asesor_comercial | backoffice | backoffice_comercial | comercial | esp_app | gerencia | gerencia_general | ing_servicio | jefe_comercial | jefe_financiero | jefe_logistica | jefe_operaciones | jefe_servicio | jefe_tecnico | jefe_ti | operaciones","","","(anonima)","selectEquipment"
"business-case","POST","/api/v1/business-case/:id/equipment-details-v2","rol","si","acp_comercial | analista_comercial | asesor_comercial | backoffice | backoffice_comercial | comercial | esp_app | gerencia | gerencia_general | ing_servicio | jefe_comercial | jefe_financiero | jefe_logistica | jefe_operaciones | jefe_servicio | jefe_tecnico | jefe_ti | operaciones","","","(anonima)","saveEquipmentDetailsV2"
"business-case","GET","/api/v1/business-case/:id/export/excel","rol","si","acp_comercial | analista_comercial | asesor_comercial | backoffice | backoffice_comercial | comercial | esp_app | gerencia | gerencia_general | ing_servicio | jefe_comercial | jefe_financiero | jefe_logistica | jefe_operaciones | jefe_servicio | jefe_tecnico | jefe_ti | operaciones","","","(anonima)","exportExcel"
"business-case","GET","/api/v1/business-case/:id/export/pdf","rol","si","acp_comercial | analista_comercial | asesor_comercial | backoffice | backoffice_comercial | comercial | esp_app | gerencia | gerencia_general | ing_servicio | jefe_comercial | jefe_financiero | jefe_logistica | jefe_operaciones | jefe_servicio | jefe_tecnico | jefe_ti | operaciones","","","(anonima)","exportPdf"
"business-case","POST","/api/v1/business-case/:id/feasibility-decision","rol","si","acp_comercial | gerencia | gerencia_general | jefe_comercial","","","(anonima)","submitFeasibilityDecision"
"business-case","POST","/api/v1/business-case/:id/feasibility/appeal","rol","si","analista_comercial | asesor_comercial | comercial","","","(anonima)","requestFeasibilityAppeal"
"business-case","POST","/api/v1/business-case/:id/feasibility/appeal/resolve","rol","si","gerencia | gerencia_general | jefe_comercial","","","(anonima)","resolveFeasibilityAppeal"
"business-case","POST","/api/v1/business-case/:id/inspection-request/result","rol","si","acp_comercial | analista_comercial | asesor_comercial | backoffice | backoffice_comercial | comercial | esp_app | gerencia | gerencia_general | ing_servicio | jefe_comercial | jefe_financiero | jefe_logistica | jefe_operaciones | jefe_servicio | jefe_tecnico | jefe_ti | operaciones","","","(anonima)","registerEnvironmentInspectionResult"
"business-case","POST","/api/v1/business-case/:id/inspection-request/review","rol","si","acp_comercial | analista_comercial | asesor_comercial | backoffice | backoffice_comercial | comercial | esp_app | gerencia | gerencia_general | ing_servicio | jefe_comercial | jefe_financiero | jefe_logistica | jefe_operaciones | jefe_servicio | jefe_tecnico | jefe_ti | operaciones","","","(anonima)","reviewEnvironmentInspectionRequest"
"business-case","GET","/api/v1/business-case/:id/investments","rol","si","acp_comercial | analista_comercial | asesor_comercial | backoffice | backoffice_comercial | comercial | esp_app | gerencia | gerencia_general | ing_servicio | jefe_comercial | jefe_financiero | jefe_logistica | jefe_operaciones | jefe_servicio | jefe_tecnico | jefe_ti | operaciones","","","(anonima)","getInvestments"
"business-case","POST","/api/v1/business-case/:id/investments","rol","si","acp_comercial | analista_comercial | asesor_comercial | backoffice | backoffice_comercial | comercial | esp_app | gerencia | gerencia_general | ing_servicio | jefe_comercial | jefe_financiero | jefe_logistica | jefe_operaciones | jefe_servicio | jefe_tecnico | jefe_ti | operaciones","","","(anonima)","addInvestment"
"business-case","DELETE","/api/v1/business-case/:id/investments/:invId","rol","si","acp_comercial | analista_comercial | asesor_comercial | backoffice | backoffice_comercial | comercial | esp_app | gerencia | gerencia_general | ing_servicio | jefe_comercial | jefe_financiero | jefe_logistica | jefe_operaciones | jefe_servicio | jefe_tecnico | jefe_ti | operaciones","","","(anonima)","deleteInvestment"
"business-case","PUT","/api/v1/business-case/:id/investments/:invId","rol","si","acp_comercial | analista_comercial | asesor_comercial | backoffice | backoffice_comercial | comercial | esp_app | gerencia | gerencia_general | ing_servicio | jefe_comercial | jefe_financiero | jefe_logistica | jefe_operaciones | jefe_servicio | jefe_tecnico | jefe_ti | operaciones","","","(anonima)","updateInvestment"
"business-case","GET","/api/v1/business-case/:id/investments/catalog","rol","si","acp_comercial | analista_comercial | asesor_comercial | backoffice | backoffice_comercial | comercial | esp_app | gerencia | gerencia_general | ing_servicio | jefe_comercial | jefe_financiero | jefe_logistica | jefe_operaciones | jefe_servicio | jefe_tecnico | jefe_ti | operaciones","","","(anonima)","getInvestmentCatalog"
"business-case","POST","/api/v1/business-case/:id/investments/catalog","rol","si","acp_comercial | analista_comercial | asesor_comercial | backoffice | backoffice_comercial | comercial | esp_app | gerencia | gerencia_general | ing_servicio | jefe_comercial | jefe_financiero | jefe_logistica | jefe_operaciones | jefe_servicio | jefe_tecnico | jefe_ti | operaciones","","","(anonima)","createInvestmentCatalogItem"
"business-case","GET","/api/v1/business-case/:id/investments/catalog/:catalogId/ti-asset-reservations","rol","si","acp_comercial | analista_comercial | asesor_comercial | backoffice | backoffice_comercial | comercial | esp_app | gerencia | gerencia_general | ing_servicio | jefe_comercial | jefe_financiero | jefe_logistica | jefe_operaciones | jefe_servicio | jefe_tecnico | jefe_ti | operaciones","","","(anonima)","getTiAssetReservations"
"business-case","POST","/api/v1/business-case/:id/investments/catalog/:catalogId/ti-asset-reservations","rol","si","jefe_ti","","","(anonima)","reserveTiAsset"
"business-case","DELETE","/api/v1/business-case/:id/investments/catalog/:catalogId/ti-asset-reservations/:reservationId","rol","si","jefe_ti","","","(anonima)","releaseTiAssetReservation"
"business-case","GET","/api/v1/business-case/:id/investments/catalog/:catalogId/ti-asset-search","rol","si","jefe_ti","","","(anonima)","searchReservableTiAssets"
"business-case","POST","/api/v1/business-case/:id/investments/close-without-items","rol","si","acp_comercial | analista_comercial | asesor_comercial | backoffice | backoffice_comercial | comercial | esp_app | gerencia | gerencia_general | ing_servicio | jefe_comercial | jefe_de_operaciones | jefe_financiero | jefe_logistica | jefe_operaciones | jefe_servicio | jefe_tecnico | jefe_ti | operaciones","","","(anonima)","closeInvestmentsWithoutAdditionalItems"
"business-case","POST","/api/v1/business-case/:id/investments/selections","rol","si","acp_comercial | analista_comercial | asesor_comercial | backoffice | backoffice_comercial | comercial | esp_app | gerencia | gerencia_general | ing_servicio | jefe_comercial | jefe_financiero | jefe_logistica | jefe_operaciones | jefe_servicio | jefe_tecnico | jefe_ti | operaciones","","","(anonima)","saveInvestmentSelection"
"business-case","GET","/api/v1/business-case/:id/investments/ti-asset-reservations","rol","si","acp_comercial | analista_comercial | asesor_comercial | backoffice | backoffice_comercial | comercial | esp_app | gerencia | gerencia_general | ing_servicio | jefe_comercial | jefe_de_operaciones | jefe_financiero | jefe_logistica | jefe_operaciones | jefe_servicio | jefe_tecnico | jefe_ti | operaciones","","","(anonima)","getAllTiAssetReservations"
"business-case","GET","/api/v1/business-case/:id/investments/values","solo_autenticado","si","","","","(anonima)","getInvestmentValues"
"business-case","POST","/api/v1/business-case/:id/investments/values","solo_autenticado","si","","","","(anonima)","saveInvestmentValues"
"business-case","POST","/api/v1/business-case/:id/investments/values/:catalogId/quotation-files","solo_autenticado","si","","","","(anonima) | multerMiddleware","uploadInvestmentQuotationFile"
"business-case","GET","/api/v1/business-case/:id/investments/values/assignees","rol","si","gerencia | gerencia_general | jefe_comercial | jefe_de_operaciones | jefe_financiero | jefe_operaciones | jefe_ti","","","(anonima)","getInvestmentQuotationAssignees"
"business-case","POST","/api/v1/business-case/:id/investments/values/assignment","rol","si","gerencia | gerencia_general | jefe_comercial | jefe_de_operaciones | jefe_financiero | jefe_operaciones | jefe_ti","","","(anonima)","assignInvestmentQuotation"
"business-case","DELETE","/api/v1/business-case/:id/investments/values/quotation-files/:fileId","solo_autenticado","si","","","","(anonima)","removeInvestmentQuotationFile"
"business-case","POST","/api/v1/business-case/:id/investments/values/request-quotation","rol","si","gerencia | gerencia_general | jefe_comercial | jefe_de_operaciones | jefe_financiero | jefe_operaciones | jefe_ti","","","(anonima)","requestInvestmentQuotation"
"business-case","POST","/api/v1/business-case/:id/investments/values/sync-sheet","solo_autenticado","si","","","","(anonima)","syncInvestmentValuesSheet"
"business-case","GET","/api/v1/business-case/:id/lab-environment","rol","si","acp_comercial | analista_comercial | asesor_comercial | backoffice | backoffice_comercial | comercial | esp_app | gerencia | gerencia_general | ing_servicio | jefe_comercial | jefe_financiero | jefe_logistica | jefe_operaciones | jefe_servicio | jefe_tecnico | jefe_ti | operaciones","","","(anonima)","getLabEnvironment"
"business-case","POST","/api/v1/business-case/:id/lab-environment","rol","si","acp_comercial | analista_comercial | asesor_comercial | backoffice | backoffice_comercial | comercial | esp_app | gerencia | gerencia_general | ing_servicio | jefe_comercial | jefe_financiero | jefe_logistica | jefe_operaciones | jefe_servicio | jefe_tecnico | jefe_ti | operaciones","","","(anonima)","saveLabEnvironment"
"business-case","GET","/api/v1/business-case/:id/lab-environment/product-parameters","rol","si","acp_comercial | analista_comercial | asesor_comercial | backoffice | backoffice_comercial | comercial | esp_app | gerencia | gerencia_general | ing_servicio | jefe_comercial | jefe_financiero | jefe_logistica | jefe_operaciones | jefe_servicio | jefe_tecnico | jefe_ti | operaciones","","","(anonima)","getLabProductParameters"
"business-case","PUT","/api/v1/business-case/:id/lab-environment/product-parameters","rol","si","acp_comercial | analista_comercial | asesor_comercial | backoffice | backoffice_comercial | comercial | esp_app | gerencia | gerencia_general | ing_servicio | jefe_comercial | jefe_financiero | jefe_logistica | jefe_operaciones | jefe_servicio | jefe_tecnico | jefe_ti | operaciones","","","(anonima)","saveLabProductParameters"
"business-case","GET","/api/v1/business-case/:id/lis-integration","rol","si","acp_comercial | analista_comercial | asesor_comercial | backoffice | backoffice_comercial | comercial | esp_app | gerencia | gerencia_general | ing_servicio | jefe_comercial | jefe_financiero | jefe_logistica | jefe_operaciones | jefe_servicio | jefe_tecnico | jefe_ti | operaciones","","","(anonima)","getLisIntegration"
"business-case","POST","/api/v1/business-case/:id/lis-integration","rol","si","acp_comercial | analista_comercial | asesor_comercial | backoffice | backoffice_comercial | comercial | esp_app | gerencia | gerencia_general | ing_servicio | jefe_comercial | jefe_financiero | jefe_logistica | jefe_operaciones | jefe_servicio | jefe_tecnico | jefe_ti | operaciones","","","(anonima)","saveLisIntegration"
"business-case","GET","/api/v1/business-case/:id/lis-integration/equipment-interfaces","rol","si","acp_comercial | analista_comercial | asesor_comercial | backoffice | backoffice_comercial | comercial | esp_app | gerencia | gerencia_general | ing_servicio | jefe_comercial | jefe_financiero | jefe_logistica | jefe_operaciones | jefe_servicio | jefe_tecnico | jefe_ti | operaciones","","","(anonima)","getLisEquipmentInterfaces"
"business-case","POST","/api/v1/business-case/:id/lis-integration/equipment-interfaces","rol","si","acp_comercial | analista_comercial | asesor_comercial | backoffice | backoffice_comercial | comercial | esp_app | gerencia | gerencia_general | ing_servicio | jefe_comercial | jefe_financiero | jefe_logistica | jefe_operaciones | jefe_servicio | jefe_tecnico | jefe_ti | operaciones","","","(anonima)","addLisEquipmentInterface"
"business-case","GET","/api/v1/business-case/:id/offer-workspace","rol","si","acp_comercial | analista_comercial | asesor_comercial | comercial | jefe_comercial","","","(anonima)","getOfferWorkspace"
"business-case","POST","/api/v1/business-case/:id/offer-workspace/:offerId/decision","rol","si","analista_comercial | asesor_comercial | comercial","","","(anonima)","decideOfferVersion"
"business-case","POST","/api/v1/business-case/:id/offer-workspace/:offerId/publish","rol","si","acp_comercial | jefe_comercial","","","(anonima) | multerMiddleware","publishOfferVersion"
"business-case","POST","/api/v1/business-case/:id/offer-workspace/:offerId/regenerate","rol","si","acp_comercial | jefe_comercial","","","(anonima)","regenerateOfferVersion"
"business-case","POST","/api/v1/business-case/:id/offer-workspace/:offerId/send-signed","rol","si","acp_comercial | jefe_comercial","","","(anonima) | multerMiddleware","sendSignedOfferVersion"
"business-case","POST","/api/v1/business-case/:id/offer-workspace/:offerId/sync-pricing","rol","si","acp_comercial | jefe_comercial","","","(anonima)","syncOfferPricingAndPdf"
"business-case","POST","/api/v1/business-case/:id/offer-workspace/draft","rol","si","acp_comercial | jefe_comercial","","","(anonima)","createOfferDraft"
"business-case","POST","/api/v1/business-case/:id/orchestrator/emergency-transition","rol","si","gerencia | gerencia_general","","","(anonima)","emergencyTransition"
"business-case","GET","/api/v1/business-case/:id/ownership","rol","si","acp_comercial | analista_comercial | asesor_comercial | backoffice | backoffice_comercial | comercial | esp_app | gerencia | gerencia_general | ing_servicio | jefe_comercial | jefe_financiero | jefe_logistica | jefe_operaciones | jefe_servicio | jefe_tecnico | jefe_ti | operaciones","","","(anonima)","getDataOwnership"
"business-case","POST","/api/v1/business-case/:id/ownership/complete","rol","si","acp_comercial | analista_comercial | asesor_comercial | backoffice | backoffice_comercial | comercial | esp_app | gerencia | gerencia_general | ing_servicio | jefe_comercial | jefe_financiero | jefe_logistica | jefe_operaciones | jefe_servicio | jefe_tecnico | jefe_ti | operaciones","","","(anonima)","recordSectionCompletion"
"business-case","POST","/api/v1/business-case/:id/preflow/reopen-decision","rol","si","gerencia | gerencia_general | jefe_comercial","","","(anonima)","resolvePreflowReopen"
"business-case","POST","/api/v1/business-case/:id/preflow/reopen-request","rol","si","acp_comercial | analista_comercial | asesor_comercial | backoffice | backoffice_comercial | comercial | esp_app | gerencia | gerencia_general | ing_servicio | jefe_comercial | jefe_financiero | jefe_logistica | jefe_operaciones | jefe_servicio | jefe_tecnico | jefe_ti | operaciones","","","(anonima)","requestPreflowReopen"
"business-case","GET","/api/v1/business-case/:id/pricing-lab/preview","solo_autenticado","si","","","","(anonima) | requirePricingLabTi","preview"
"business-case","POST","/api/v1/business-case/:id/pricing-lab/preview","solo_autenticado","si","","","","(anonima) | requirePricingLabTi","preview"
"business-case","GET","/api/v1/business-case/:id/quality-summary/items","rol","si","bc_quality_summary | jefe_calidad","","","(anonima)","getQualitySummaryItems"
"business-case","POST","/api/v1/business-case/:id/recalculate","rol","si","acp_comercial | analista_comercial | asesor_comercial | backoffice | backoffice_comercial | comercial | esp_app | gerencia | gerencia_general | ing_servicio | jefe_comercial | jefe_financiero | jefe_logistica | jefe_operaciones | jefe_servicio | jefe_tecnico | jefe_ti | operaciones","","","(anonima)","recalculate"
"business-case","GET","/api/v1/business-case/:id/requirements","rol","si","acp_comercial | analista_comercial | asesor_comercial | backoffice | backoffice_comercial | comercial | esp_app | gerencia | gerencia_general | ing_servicio | jefe_comercial | jefe_financiero | jefe_logistica | jefe_operaciones | jefe_servicio | jefe_tecnico | jefe_ti | operaciones","","","(anonima)","getRequirements"
"business-case","POST","/api/v1/business-case/:id/requirements","rol","si","acp_comercial | analista_comercial | asesor_comercial | backoffice | backoffice_comercial | comercial | esp_app | gerencia | gerencia_general | ing_servicio | jefe_comercial | jefe_financiero | jefe_logistica | jefe_operaciones | jefe_servicio | jefe_tecnico | jefe_ti | operaciones","","","(anonima)","saveRequirements"
"business-case","GET","/api/v1/business-case/:id/section-access-log","rol","si","admin | gerencia | gerencia_general | jefe_comercial","","","(anonima)","getSectionAccessLog"
"business-case","GET","/api/v1/business-case/:id/section-completeness","rol","si","acp_comercial | analista_comercial | asesor_comercial | backoffice | backoffice_comercial | comercial | esp_app | gerencia | gerencia_general | ing_servicio | jefe_comercial | jefe_financiero | jefe_logistica | jefe_operaciones | jefe_servicio | jefe_tecnico | jefe_ti | operaciones","","","(anonima)","getSectionCompleteness"
"business-case","POST","/api/v1/business-case/:id/sections/:section/lock","rol","si","acp_comercial | backoffice | backoffice_comercial | jefe_comercial","","","(anonima)","lockSection"
"business-case","POST","/api/v1/business-case/:id/sections/:section/unlock","rol","si","acp_comercial | backoffice | backoffice_comercial | jefe_comercial","","","(anonima)","unlockSection"
"business-case","GET","/api/v1/business-case/:id/sheets/document-versions","rol","si","acp_comercial | analista_comercial | asesor_comercial | backoffice | backoffice_comercial | comercial | esp_app | gerencia | gerencia_general | ing_servicio | jefe_comercial | jefe_financiero | jefe_logistica | jefe_operaciones | jefe_servicio | jefe_tecnico | jefe_ti | operaciones","","","(anonima)","getDocumentVersionHistory"
"business-case","GET","/api/v1/business-case/:id/sheets/fallback-excel","rol","si","acp_comercial | analista_comercial | asesor_comercial | backoffice | backoffice_comercial | comercial | esp_app | gerencia | gerencia_general | ing_servicio | jefe_comercial | jefe_financiero | jefe_logistica | jefe_operaciones | jefe_servicio | jefe_tecnico | jefe_ti | operaciones","","","(anonima)","downloadFallbackExcel"
"business-case","POST","/api/v1/business-case/:id/sheets/generate","rol","si","acp_comercial | analista_comercial | asesor_comercial | backoffice | backoffice_comercial | comercial | esp_app | gerencia | gerencia_general | ing_servicio | jefe_comercial | jefe_financiero | jefe_logistica | jefe_operaciones | jefe_servicio | jefe_tecnico | jefe_ti | operaciones","","","(anonima)","enqueueSheetGeneration"
"business-case","GET","/api/v1/business-case/:id/sheets/jobs/:jobId","rol","si","acp_comercial | analista_comercial | asesor_comercial | backoffice | backoffice_comercial | comercial | esp_app | gerencia | gerencia_general | ing_servicio | jefe_comercial | jefe_financiero | jefe_logistica | jefe_operaciones | jefe_servicio | jefe_tecnico | jefe_ti | operaciones","","","(anonima)","getSheetGenerationJobStatus"
"business-case","GET","/api/v1/business-case/:id/sheets/jobs/latest","rol","si","acp_comercial | analista_comercial | asesor_comercial | backoffice | backoffice_comercial | comercial | esp_app | gerencia | gerencia_general | ing_servicio | jefe_comercial | jefe_financiero | jefe_logistica | jefe_operaciones | jefe_servicio | jefe_tecnico | jefe_ti | operaciones","","","(anonima)","getLatestSheetGenerationJobStatus"
"business-case","GET","/api/v1/business-case/:id/sheets/preview","rol","si","acp_comercial | analista_comercial | asesor_comercial | backoffice | backoffice_comercial | comercial | esp_app | gerencia | gerencia_general | ing_servicio | jefe_comercial | jefe_financiero | jefe_logistica | jefe_operaciones | jefe_servicio | jefe_tecnico | jefe_ti | operaciones","","","(anonima)","getSheetGenerationPreview"
"business-case","GET","/api/v1/business-case/:id/sla","rol","si","acp_comercial | analista_comercial | asesor_comercial | backoffice | backoffice_comercial | comercial | esp_app | gerencia | gerencia_general | ing_servicio | jefe_comercial | jefe_financiero | jefe_logistica | jefe_operaciones | jefe_servicio | jefe_tecnico | jefe_ti | operaciones","","","(anonima)","getBcSlaStatus"
"business-case","GET","/api/v1/business-case/:id/state-history","rol","si","acp_comercial | analista_comercial | asesor_comercial | backoffice | backoffice_comercial | comercial | esp_app | gerencia | gerencia_general | ing_servicio | jefe_comercial | jefe_financiero | jefe_logistica | jefe_operaciones | jefe_servicio | jefe_tecnico | jefe_ti | operaciones","","","(anonima)","getStateHistory"
"business-case","GET","/api/v1/business-case/:id/ui-guidance","rol","si","acp_comercial | analista_comercial | asesor_comercial | backoffice | backoffice_comercial | comercial | esp_app | gerencia | gerencia_general | ing_servicio | jefe_comercial | jefe_financiero | jefe_logistica | jefe_operaciones | jefe_servicio | jefe_tecnico | jefe_ti | operaciones","","","(anonima)","getUIGuidance"
"business-case","GET","/api/v1/business-case/compatibility/statistics","rol","si","admin | gerencia | jefe_servicio | jefe_tecnico","","","(anonima)","getCompatibilityStatistics"
"business-case","GET","/api/v1/business-case/equipment/:equipmentId/compatibility/backups","rol","si","acp_comercial | analista_comercial | asesor_comercial | backoffice | backoffice_comercial | comercial | esp_app | gerencia | gerencia_general | ing_servicio | jefe_comercial | jefe_financiero | jefe_logistica | jefe_operaciones | jefe_servicio | jefe_tecnico | jefe_ti | operaciones","","","(anonima)","getCompatibleBackupCandidates"
"business-case","GET","/api/v1/business-case/equipment/:primaryId/:backupId/compatibility/validate","rol","si","acp_comercial | analista_comercial | asesor_comercial | backoffice | backoffice_comercial | comercial | esp_app | gerencia | gerencia_general | ing_servicio | jefe_comercial | jefe_financiero | jefe_logistica | jefe_operaciones | jefe_servicio | jefe_tecnico | jefe_ti | operaciones","","","(anonima)","validateEquipmentCompatibility"
"business-case","GET","/api/v1/business-case/feature-flags/autosave","rol","si","acp_comercial | analista_comercial | asesor_comercial | backoffice | backoffice_comercial | comercial | esp_app | gerencia | gerencia_general | ing_servicio | jefe_comercial | jefe_financiero | jefe_logistica | jefe_operaciones | jefe_servicio | jefe_tecnico | jefe_ti | operaciones","","","(anonima)","getAutosaveFeatureFlags"
"business-case","PUT","/api/v1/business-case/feature-flags/autosave","rol","si","admin | administrador | gerencia | gerencia_general | jefe_comercial | jefe_operaciones | jefe_tecnico","","","(anonima)","upsertAutosaveFeatureFlags"
"business-case","GET","/api/v1/business-case/matrix-calculations/catalog","solo_autenticado","si","","","","(anonima) | requirePricingLabTi","getCatalog"
"business-case","POST","/api/v1/business-case/matrix-calculations/preview","solo_autenticado","si","","","","(anonima) | requirePricingLabTi","preview"
"business-case","GET","/api/v1/business-case/observability/dashboard","rol","si","admin | administrador | gerencia | gerencia_general | jefe_comercial | jefe_operaciones | jefe_tecnico","","","(anonima)","getObservabilityDashboard"
"business-case","POST","/api/v1/business-case/observability/frontend-events","rol","si","acp_comercial | analista_comercial | asesor_comercial | backoffice | backoffice_comercial | comercial | esp_app | gerencia | gerencia_general | ing_servicio | jefe_comercial | jefe_financiero | jefe_logistica | jefe_operaciones | jefe_servicio | jefe_tecnico | jefe_ti | operaciones","","","(anonima)","ingestFrontendObservabilityEvents"
"business-case","GET","/api/v1/business-case/observability/metrics","rol","si","admin | administrador | gerencia | gerencia_general | jefe_comercial | jefe_tecnico","","","(anonima)","getObservabilityMetrics"
"business-case","GET","/api/v1/business-case/quality-summary","rol","si","bc_quality_summary | jefe_calidad","","","(anonima)","getQualitySummaryList"
"business-case","POST","/api/v1/business-case/sheets/clear-template-cache","rol","si","admin | gerencia | jefe_servicio | jefe_tecnico","","","(anonima)","clearSheetTemplateCache"
"business-case","GET","/api/v1/business-case/sheets/metrics","rol","si","admin | gerencia | jefe_servicio | jefe_tecnico","","","(anonima)","getSheetGenerationMetrics"
"business-case","POST","/api/v1/business-case/sheets/sync-investments","rol","si","admin | gerencia | jefe_servicio | jefe_tecnico","","","(anonima)","syncInvestmentValuesBackfill"
"business-case","GET","/api/v1/business-case/sla/at-risk","rol","si","admin | gerencia | gerencia_general | jefe_comercial | jefe_operaciones","","","(anonima)","getSlaAtRisk"
"business-case","GET","/api/v1/business-case/template-versions","rol","si","jefe_comercial","","","","(anonima)"
"business-case","POST","/api/v1/business-case/template-versions","rol","si","jefe_comercial","","","multerMiddleware","(anonima)"
"business-case","POST","/api/v1/business-case/template-versions/:id/activate","rol","si","jefe_comercial","","","","(anonima)"
"business-case","POST","/api/v1/business-case/template-versions/:id/reject","rol","si","jefe_comercial","","","","(anonima)"
"business-case","GET","/api/v1/business-case/template-versions/catalog-diff","rol","si","jefe_comercial","","","","(anonima)"
"business-case","POST","/api/v1/business-case/template-versions/catalog-sync","rol","si","jefe_comercial","","","","(anonima)"
"business-case","GET","/api/v1/business-case/template-versions/equipment-sheet-mapping-report","rol","si","jefe_comercial","","","","(anonima)"
"business-case","GET","/api/v1/business-case/template-versions/investment-catalog-diff","rol","si","jefe_comercial","","","","(anonima)"
"business-case","POST","/api/v1/business-case/template-versions/investment-catalog-sync","rol","si","jefe_comercial","","","","(anonima)"
"calculation-templates","GET","/api/v1/calculation-templates","rol","si","acp_comercial | analista_comercial | asesor_comercial | backoffice | backoffice_comercial | comercial | esp_app | gerencia | gerencia_general | ing_servicio | jefe_comercial | jefe_financiero | jefe_logistica | jefe_operaciones | jefe_servicio | jefe_tecnico | jefe_ti | operaciones","","","","list"
"calculation-templates","POST","/api/v1/calculation-templates","rol","si","admin | gerencia | jefe_servicio | jefe_tecnico","","","","create"
"calculation-templates","DELETE","/api/v1/calculation-templates/:id","rol","si","admin | gerencia | jefe_servicio | jefe_tecnico","","","","remove"
"calculation-templates","PUT","/api/v1/calculation-templates/:id","rol","si","admin | gerencia | jefe_servicio | jefe_tecnico","","","","update"
"calculation-templates","POST","/api/v1/calculation-templates/:id/apply","rol","si","admin | gerencia | jefe_servicio | jefe_tecnico","","","","applyToItem"
"calidad","GET","/api/v1/calidad/areas-calificadas/areas","rol","si","calidad | gerencia","","","","listAreas"
"calidad","POST","/api/v1/calidad/areas-calificadas/areas","rol","si","calidad | gerencia","","","","createArea"
"calidad","GET","/api/v1/calidad/areas-calificadas/deviations","rol","si","calidad | gerencia","","","","listDeviations"
"calidad","POST","/api/v1/calidad/areas-calificadas/deviations","rol","si","calidad | gerencia","","","","createDeviation"
"calidad","GET","/api/v1/calidad/areas-calificadas/docs","rol","si","calidad | gerencia","","","","listQualificationDocs"
"calidad","POST","/api/v1/calidad/areas-calificadas/docs","rol","si","calidad | gerencia","","","","createQualificationDoc"
"calidad","GET","/api/v1/calidad/areas-calificadas/metrics","rol","si","calidad | gerencia","","","","getMetrics"
"calidad","GET","/api/v1/calidad/areas-calificadas/monitoring","rol","si","calidad | gerencia","","","","listMonitoringResults"
"calidad","POST","/api/v1/calidad/areas-calificadas/monitoring","rol","si","calidad | gerencia","","","","createMonitoringResult"
"calidad","GET","/api/v1/calidad/areas-calificadas/params","rol","si","calidad | gerencia","","","","listQualificationParams"
"calidad","POST","/api/v1/calidad/areas-calificadas/params","rol","si","calidad | gerencia","","","","createQualificationParam"
"calidad","PUT","/api/v1/calidad/areas-calificadas/workflows/transition","rol","si","calidad","","","","transitionRecord"
"calidad","GET","/api/v1/calidad/auditorias/audits","rol","si","calidad | gerencia","","","","listAudits"
"calidad","POST","/api/v1/calidad/auditorias/audits","rol","si","calidad | gerencia","","","","createAudit"
"calidad","GET","/api/v1/calidad/auditorias/checklists","rol","si","calidad | gerencia","","","","listChecklists"
"calidad","POST","/api/v1/calidad/auditorias/checklists","rol","si","calidad | gerencia","","","","createChecklist"
"calidad","POST","/api/v1/calidad/auditorias/evidences","rol","si","calidad | gerencia","","","","createEvidence"
"calidad","GET","/api/v1/calidad/auditorias/findings","rol","si","calidad | gerencia","","","","listFindings"
"calidad","POST","/api/v1/calidad/auditorias/findings","rol","si","calidad | gerencia","","","","createFinding"
"calidad","GET","/api/v1/calidad/auditorias/metrics","rol","si","calidad | gerencia","","","","getMetrics"
"calidad","PUT","/api/v1/calidad/auditorias/workflows/transition","rol","si","calidad","","","","transitionRecord"
"calidad","GET","/api/v1/calidad/buenas-practicas/certifications","rol","si","calidad | gerencia | talento_humano","","","","listCertifications"
"calidad","POST","/api/v1/calidad/buenas-practicas/certifications","rol","si","calidad | gerencia | talento_humano","","","","createCertification"
"calidad","GET","/api/v1/calidad/buenas-practicas/certifications/expiring","rol","si","calidad | gerencia","","","","listExpiringCertifications"
"calidad","GET","/api/v1/calidad/buenas-practicas/exams","rol","si","calidad | gerencia | talento_humano","","","","listExams"
"calidad","POST","/api/v1/calidad/buenas-practicas/exams","rol","si","calidad | gerencia | talento_humano","","","","createExam"
"calidad","POST","/api/v1/calidad/buenas-practicas/snapshots","rol","si","calidad | gerencia","","","","buildSnapshot"
"calidad","GET","/api/v1/calidad/buenas-practicas/training","rol","si","calidad | gerencia | talento_humano","","","","listTraining"
"calidad","POST","/api/v1/calidad/buenas-practicas/training","rol","si","calidad | gerencia | talento_humano","","","","createTraining"
"calidad","GET","/api/v1/calidad/buenas-practicas/training/:id","rol","si","calidad | gerencia | talento_humano","","","","getTraining"
"calidad","PUT","/api/v1/calidad/buenas-practicas/training/:id","rol","si","calidad | gerencia","","","","updateTraining"
"calidad","POST","/api/v1/calidad/buenas-practicas/validate-transition","rol","si","calidad | gerencia","","","","validateTransition"
"calidad","GET","/api/v1/calidad/buenas-practicas/violations","rol","si","calidad | gerencia | talento_humano","","","","listViolations"
"calidad","POST","/api/v1/calidad/buenas-practicas/violations","rol","si","calidad | gerencia | talento_humano","","","","createViolation"
"calidad","PUT","/api/v1/calidad/buenas-practicas/violations/:id","rol","si","calidad | gerencia","","","","updateViolation"
"calidad","PUT","/api/v1/calidad/buenas-practicas/workflows/transition","rol","si","calidad","","","","transitionRecord"
"calidad","GET","/api/v1/calidad/capa/action-plan","rol","si","calidad | gerencia","","","","listActionPlan"
"calidad","POST","/api/v1/calidad/capa/action-plan","rol","si","calidad | gerencia","","","","createActionPlan"
"calidad","GET","/api/v1/calidad/capa/effectiveness","rol","si","calidad | gerencia","","","","listEffectiveness"
"calidad","POST","/api/v1/calidad/capa/effectiveness","rol","si","calidad | gerencia","","","","createEffectiveness"
"calidad","GET","/api/v1/calidad/capa/escalation","rol","si","calidad | gerencia","","","","listEscalation"
"calidad","POST","/api/v1/calidad/capa/escalation","rol","si","calidad | gerencia","","","","createEscalation"
"calidad","GET","/api/v1/calidad/capa/rca","rol","si","calidad | gerencia","","","","listRca"
"calidad","POST","/api/v1/calidad/capa/rca","rol","si","calidad | gerencia","","","","createRca"
"calidad","PUT","/api/v1/calidad/capa/workflows/transition","rol","si","calidad","","","","transitionRecord"
"calidad","GET","/api/v1/calidad/cleaning/areas","rol","si","calidad | gerencia","","","","getAreas"
"calidad","POST","/api/v1/calidad/cleaning/areas","rol","si","calidad","","","","createArea"
"calidad","GET","/api/v1/calidad/cleaning/logs","rol","si","calidad | gerencia","","","","getActiveLogs"
"calidad","POST","/api/v1/calidad/cleaning/logs","rol","si","calidad | operaciones | servicio_tecnico","","","","registerCleaning"
"calidad","PUT","/api/v1/calidad/cleaning/logs/:logId","rol","si","calidad","","","","transitionLog"
"calidad","GET","/api/v1/calidad/comunicaciones/attachments","rol","si","calidad | gerencia","","","","listAttachments"
"calidad","POST","/api/v1/calidad/comunicaciones/attachments","rol","si","calidad | gerencia","","","","createAttachment"
"calidad","GET","/api/v1/calidad/comunicaciones/communications","rol","si","calidad | comercial | gerencia | servicio_tecnico","","","","listCommunications"
"calidad","POST","/api/v1/calidad/comunicaciones/communications","rol","si","calidad | gerencia","","","","createCommunication"
"calidad","GET","/api/v1/calidad/comunicaciones/metrics","rol","si","calidad | gerencia","","","","getMetrics"
"calidad","POST","/api/v1/calidad/comunicaciones/read","rol","si","calidad | comercial | gerencia | servicio_tecnico","","","","markAsRead"
"calidad","GET","/api/v1/calidad/comunicaciones/read-logs","rol","si","calidad | gerencia","","","","listReadLogs"
"calidad","GET","/api/v1/calidad/comunicaciones/recipients","rol","si","calidad | gerencia","","","","listRecipients"
"calidad","POST","/api/v1/calidad/comunicaciones/recipients","rol","si","calidad | gerencia","","","","createRecipient"
"calidad","GET","/api/v1/calidad/comunicaciones/templates","rol","si","calidad | gerencia","","","","listTemplates"
"calidad","POST","/api/v1/calidad/comunicaciones/templates","rol","si","calidad | gerencia","","","","createTemplate"
"calidad","PUT","/api/v1/calidad/comunicaciones/workflows/transition","rol","si","calidad","","","","transitionRecord"
"calidad","GET","/api/v1/calidad/documentos/documents","rol","si","calidad | gerencia","","","","listDocuments"
"calidad","POST","/api/v1/calidad/documentos/documents","rol","si","calidad | gerencia","","","","createDocument"
"calidad","DELETE","/api/v1/calidad/documentos/documents/:id","rol","si","calidad","","","","deleteDocument"
"calidad","GET","/api/v1/calidad/documentos/documents/:id","rol","si","calidad | gerencia","","","","getDocument"
"calidad","PUT","/api/v1/calidad/documentos/documents/:id","rol","si","calidad | gerencia","","","","updateDocument"
"calidad","GET","/api/v1/calidad/documentos/folders","rol","si","calidad | gerencia","","","","listFolders"
"calidad","POST","/api/v1/calidad/documentos/folders","rol","si","calidad | gerencia","","","","createFolder"
"calidad","DELETE","/api/v1/calidad/documentos/folders/:id","rol","si","calidad","","","","deleteFolder"
"calidad","GET","/api/v1/calidad/documentos/folders/:id","rol","si","calidad | gerencia","","","","getFolder"
"calidad","PUT","/api/v1/calidad/documentos/folders/:id","rol","si","calidad | gerencia","","","","updateFolder"
"calidad","GET","/api/v1/calidad/documentos/permissions","rol","si","calidad | gerencia","","","","listDocumentPermissions"
"calidad","POST","/api/v1/calidad/documentos/permissions","rol","si","calidad | gerencia","","","","createDocumentPermission"
"calidad","POST","/api/v1/calidad/documentos/snapshots","rol","si","calidad | gerencia","","","","buildSnapshot"
"calidad","POST","/api/v1/calidad/documentos/validate-transition","rol","si","calidad | gerencia","","","","validateTransition"
"calidad","GET","/api/v1/calidad/documentos/versions","rol","si","calidad | gerencia","","","","listDocumentVersions"
"calidad","POST","/api/v1/calidad/documentos/versions","rol","si","calidad | gerencia","","","","createDocumentVersion"
"calidad","GET","/api/v1/calidad/documentos/versions/:id","rol","si","calidad | gerencia","","","","getDocumentVersion"
"calidad","PUT","/api/v1/calidad/documentos/workflows/transition","rol","si","calidad","","","","transitionRecord"
"calidad","GET","/api/v1/calidad/higiene/evaluations","rol","si","calidad | gerencia","","","","listEvaluations"
"calidad","POST","/api/v1/calidad/higiene/evaluations","rol","si","calidad | gerencia","","","","createEvaluation"
"calidad","GET","/api/v1/calidad/higiene/metrics","rol","si","calidad | gerencia","","","","getMetrics"
"calidad","GET","/api/v1/calidad/higiene/non-compliances","rol","si","calidad | gerencia","","","","listNonCompliances"
"calidad","POST","/api/v1/calidad/higiene/non-compliances","rol","si","calidad | gerencia","","","","createNonCompliance"
"calidad","GET","/api/v1/calidad/higiene/ppe-checks","rol","si","calidad | gerencia","","","","listPpeChecks"
"calidad","POST","/api/v1/calidad/higiene/ppe-checks","rol","si","calidad | gerencia","","","","createPpeCheck"
"calidad","GET","/api/v1/calidad/higiene/practices","rol","si","calidad | gerencia","","","","listPracticeVerifications"
"calidad","POST","/api/v1/calidad/higiene/practices","rol","si","calidad | gerencia","","","","createPracticeVerification"
"calidad","GET","/api/v1/calidad/higiene/trainings","rol","si","calidad | gerencia","","","","listTrainings"
"calidad","POST","/api/v1/calidad/higiene/trainings","rol","si","calidad | gerencia","","","","createTraining"
"calidad","PUT","/api/v1/calidad/higiene/workflows/transition","rol","si","calidad","","","","transitionRecord"
"calidad","GET","/api/v1/calidad/incidentes/affected","rol","si","calidad | gerencia","","","","listAffected"
"calidad","POST","/api/v1/calidad/incidentes/affected","rol","si","calidad | gerencia","","","","createAffected"
"calidad","GET","/api/v1/calidad/incidentes/cleanup","rol","si","calidad | gerencia","","","","listCleanupActions"
"calidad","POST","/api/v1/calidad/incidentes/cleanup","rol","si","calidad | gerencia","","","","createCleanupAction"
"calidad","GET","/api/v1/calidad/incidentes/containment","rol","si","calidad | gerencia","","","","listContainmentActions"
"calidad","POST","/api/v1/calidad/incidentes/containment","rol","si","calidad | gerencia","","","","createContainmentAction"
"calidad","GET","/api/v1/calidad/incidentes/hazardous","rol","si","calidad | gerencia","","","","listHazardousMaterials"
"calidad","POST","/api/v1/calidad/incidentes/hazardous","rol","si","calidad | gerencia","","","","createHazardousMaterial"
"calidad","GET","/api/v1/calidad/incidentes/incidents","rol","si","calidad | gerencia","","","","listIncidents"
"calidad","POST","/api/v1/calidad/incidentes/incidents","rol","si","calidad | gerencia","","","","createIncident"
"calidad","GET","/api/v1/calidad/incidentes/metrics","rol","si","calidad | gerencia","","","","getMetrics"
"calidad","PUT","/api/v1/calidad/incidentes/workflows/transition","rol","si","calidad","","","","transitionRecord"
"calidad","POST","/api/v1/calidad/muestreo/analysis","rol","si","calidad | gerencia","","","","createAnalysisResult"
"calidad","POST","/api/v1/calidad/muestreo/approvals","rol","si","calidad | gerencia","","","","createApproval"
"calidad","GET","/api/v1/calidad/muestreo/batches","rol","si","calidad | gerencia","","","","listBatches"
"calidad","POST","/api/v1/calidad/muestreo/batches","rol","si","calidad | gerencia","","","","createBatch"
"calidad","GET","/api/v1/calidad/muestreo/metrics","rol","si","calidad | gerencia","","","","getMetrics"
"calidad","POST","/api/v1/calidad/muestreo/releases","rol","si","calidad | gerencia","","","","createRelease"
"calidad","PUT","/api/v1/calidad/muestreo/transition","rol","si","calidad","","","","transitionBatch"
"calidad","GET","/api/v1/calidad/quejas/capa-link","rol","si","calidad | gerencia","","","","listCapaLink"
"calidad","POST","/api/v1/calidad/quejas/capa-link","rol","si","calidad | gerencia","","","","createCapaLink"
"calidad","GET","/api/v1/calidad/quejas/intake","rol","si","calidad | gerencia","","","","listIntake"
"calidad","POST","/api/v1/calidad/quejas/intake","rol","si","calidad | gerencia","","","","createIntake"
"calidad","GET","/api/v1/calidad/quejas/investigation","rol","si","calidad | gerencia","","","","listInvestigation"
"calidad","POST","/api/v1/calidad/quejas/investigation","rol","si","calidad | gerencia","","","","createInvestigation"
"calidad","GET","/api/v1/calidad/quejas/refunds","rol","si","calidad | gerencia","","","","listRefunds"
"calidad","POST","/api/v1/calidad/quejas/refunds","rol","si","calidad | gerencia","","","","createRefund"
"calidad","PUT","/api/v1/calidad/quejas/workflows/transition","rol","si","calidad","","","","transitionRecord"
"calidad","GET","/api/v1/calidad/recall/communications","rol","si","calidad | gerencia","","","","listCommunications"
"calidad","POST","/api/v1/calidad/recall/communications","rol","si","calidad | gerencia","","","","createCommunication"
"calidad","GET","/api/v1/calidad/recall/logistics","rol","si","calidad | gerencia","","","","listLogistics"
"calidad","POST","/api/v1/calidad/recall/logistics","rol","si","calidad | gerencia","","","","createLogistics"
"calidad","GET","/api/v1/calidad/recall/quarantine","rol","si","calidad | gerencia","","","","listQuarantine"
"calidad","POST","/api/v1/calidad/recall/quarantine","rol","si","calidad | gerencia","","","","createQuarantine"
"calidad","GET","/api/v1/calidad/recall/traceability","rol","si","calidad | gerencia","","","","listTraceability"
"calidad","POST","/api/v1/calidad/recall/traceability","rol","si","calidad | gerencia","","","","createTraceability"
"calidad","PUT","/api/v1/calidad/recall/workflows/transition","rol","si","calidad","","","","transitionRecord"
"calidad","GET","/api/v1/calidad/refrigerados/dry-ice","rol","si","calidad | gerencia","","","","listDryIceCalc"
"calidad","POST","/api/v1/calidad/refrigerados/dry-ice","rol","si","calidad | gerencia","","","","createDryIceCalc"
"calidad","GET","/api/v1/calidad/refrigerados/power-outage","rol","si","calidad | gerencia","","","","listPowerOutage"
"calidad","POST","/api/v1/calidad/refrigerados/power-outage","rol","si","calidad | gerencia","","","","createPowerOutage"
"calidad","GET","/api/v1/calidad/refrigerados/transfer","rol","si","calidad | gerencia","","","","listTransfer"
"calidad","POST","/api/v1/calidad/refrigerados/transfer","rol","si","calidad | gerencia","","","","createTransfer"
"calidad","GET","/api/v1/calidad/refrigerados/validation","rol","si","calidad | gerencia","","","","listValidation"
"calidad","POST","/api/v1/calidad/refrigerados/validation","rol","si","calidad | gerencia","","","","createValidation"
"calidad","PUT","/api/v1/calidad/refrigerados/workflows/transition","rol","si","calidad","","","","transitionRecord"
"calidad","GET","/api/v1/calidad/riesgos/fmea","rol","si","calidad | gerencia","","","","listFmea"
"calidad","POST","/api/v1/calidad/riesgos/fmea","rol","si","calidad | gerencia","","","","createFmea"
"calidad","GET","/api/v1/calidad/riesgos/impact","rol","si","calidad | gerencia","","","","listImpactAssessment"
"calidad","POST","/api/v1/calidad/riesgos/impact","rol","si","calidad | gerencia","","","","createImpactAssessment"
"calidad","GET","/api/v1/calidad/riesgos/metrics","rol","si","calidad | gerencia","","","","getMetrics"
"calidad","GET","/api/v1/calidad/riesgos/mitigation","rol","si","calidad | gerencia","","","","listMitigation"
"calidad","POST","/api/v1/calidad/riesgos/mitigation","rol","si","calidad | gerencia","","","","createMitigation"
"calidad","GET","/api/v1/calidad/riesgos/reviews","rol","si","calidad | gerencia","","","","listReviews"
"calidad","POST","/api/v1/calidad/riesgos/reviews","rol","si","calidad | gerencia","","","","createReview"
"calidad","PUT","/api/v1/calidad/riesgos/workflows/transition","rol","si","calidad","","","","transitionRecord"
"calidad","POST","/api/v1/calidad/tecnovigilancia/actions","rol","si","calidad | gerencia","","","","createCorrectiveAction"
"calidad","POST","/api/v1/calidad/tecnovigilancia/investigations","rol","si","calidad | gerencia","","","","createInvestigation"
"calidad","GET","/api/v1/calidad/tecnovigilancia/metrics","rol","si","calidad | gerencia","","","","getMetrics"
"calidad","GET","/api/v1/calidad/tecnovigilancia/reports","rol","si","calidad | gerencia","","","","listReports"
"calidad","POST","/api/v1/calidad/tecnovigilancia/reports","rol","si","calidad | gerencia","","","","createReport"
"calidad","PUT","/api/v1/calidad/tecnovigilancia/transition","rol","si","calidad","","","","transitionReport"
"calidad","GET","/api/v1/calidad/temperature/alarms","rol","si","calidad | gerencia","","","","getActiveAlarms"
"calidad","PUT","/api/v1/calidad/temperature/alarms/:alarmId","rol","si","calidad","","","","transitionAlarm"
"calidad","POST","/api/v1/calidad/temperature/readings","rol","si","calidad | operaciones | servicio_tecnico","","","","registerReading"
"clients","GET","/api/v1/clients","solo_autenticado","si","","","","","listClients"
"clients","GET","/api/v1/clients/:id","solo_autenticado","si","","","","","getClientDetail"
"clients","PUT","/api/v1/clients/:id","rol","si","backoffice_comercial | jefe_de_operaciones | jefe_operaciones","","","multerMiddleware","updateClient"
"clients","POST","/api/v1/clients/:id/assign","rol","si","backoffice_comercial | jefe_de_operaciones | jefe_operaciones","","","","assignClient"
"clients","GET","/api/v1/clients/:id/history","rol","si","acp_comercial | admin | administrador | backoffice | backoffice_comercial | comercial | gerencia | gerente | jefe_comercial | jefe_de_operaciones | jefe_operaciones | ti","","","","getClientHistory"
"clients","POST","/api/v1/clients/:id/interactions","rol","si","acp_comercial | admin | administrador | backoffice | backoffice_comercial | comercial | gerencia | gerente | jefe_comercial | jefe_de_operaciones | jefe_operaciones | ti","","","","registerInteraction"
"clients","GET","/api/v1/clients/:id/locations","rol","si","acp_comercial | admin | administrador | backoffice | backoffice_comercial | comercial | gerencia | gerente | jefe_comercial | jefe_de_operaciones | jefe_operaciones | ti","","","","listClientLocations"
"clients","POST","/api/v1/clients/:id/locations","rol","si","backoffice_comercial | jefe_de_operaciones | jefe_operaciones","","","","addClientLocation"
"clients","DELETE","/api/v1/clients/:id/locations/:locationId","rol","si","backoffice_comercial | jefe_de_operaciones | jefe_operaciones","","","","removeClientLocation"
"clients","PUT","/api/v1/clients/:id/locations/:locationId","rol","si","backoffice_comercial | jefe_de_operaciones | jefe_operaciones","","","","updateClientLocation"
"clients","POST","/api/v1/clients/:id/visit-status","solo_autenticado","si","","","","","setVisitStatus"
"clients","POST","/api/v1/clients/prospect-visit","solo_autenticado","si","","","","","registerProspectVisit"
"collab-deliveries","GET","/api/v1/collab-deliveries","rol","si","admin_ti | financiero | gerencia | gerencia_general | jefe_financiero | jefe_servicio | jefe_tecnico | jefe_ti | talento_humano | ti","","","","listDeliveries"
"collab-deliveries","POST","/api/v1/collab-deliveries","rol","si","financiero | jefe_financiero","","","","createDelivery"
"collab-deliveries","GET","/api/v1/collab-deliveries/:id","rol","si","admin_ti | financiero | gerencia | gerencia_general | jefe_financiero | jefe_servicio | jefe_tecnico | jefe_ti | talento_humano | ti","","","","getDelivery"
"collab-deliveries","PATCH","/api/v1/collab-deliveries/:id","rol","si","financiero | jefe_financiero","","","","updateDelivery"
"collab-deliveries","GET","/api/v1/collab-deliveries/:id/actas","rol","si","admin_ti | financiero | gerencia | gerencia_general | jefe_financiero | jefe_servicio | jefe_tecnico | jefe_ti | talento_humano | ti","","","","listActasByDelivery"
"collab-deliveries","POST","/api/v1/collab-deliveries/:id/actas","rol","si","financiero | jefe_financiero","","","","generateActa"
"collab-deliveries","GET","/api/v1/collab-deliveries/:id/docs","rol","si","admin_ti | financiero | gerencia | gerencia_general | jefe_financiero | jefe_servicio | jefe_tecnico | jefe_ti | talento_humano | ti","","","","listDeliveryDocs"
"collab-deliveries","POST","/api/v1/collab-deliveries/:id/docs","rol","si","financiero | jefe_financiero","","","multerMiddleware","uploadDeliveryDoc"
"collab-deliveries","GET","/api/v1/collab-deliveries/:id/events","rol","si","admin_ti | financiero | gerencia | gerencia_general | jefe_financiero | jefe_servicio | jefe_tecnico | jefe_ti | talento_humano | ti","","","","listDeliveryEvents"
"collab-deliveries","POST","/api/v1/collab-deliveries/:id/withdraw","rol","si","financiero | jefe_financiero","","","","withdrawDelivery"
"collab-deliveries","GET","/api/v1/collab-deliveries/actas/:actaId","rol","si","admin_ti | financiero | gerencia | gerencia_general | jefe_financiero | jefe_servicio | jefe_tecnico | jefe_ti | talento_humano | ti","","","","getActa"
"collab-deliveries","GET","/api/v1/collab-deliveries/actas/:actaId/pdf","rol","si","admin_ti | financiero | gerencia | gerencia_general | jefe_financiero | jefe_servicio | jefe_tecnico | jefe_ti | talento_humano | ti","","","","downloadActaPdf"
"collab-deliveries","POST","/api/v1/collab-deliveries/actas/:actaId/pdf/regenerate","rol","si","financiero | jefe_financiero | jefe_servicio | jefe_tecnico | talento_humano","","","","regenerateActaPdf"
"collab-deliveries","GET","/api/v1/collab-deliveries/actas/:actaId/signature-workflow","rol","si","admin_ti | financiero | gerencia | gerencia_general | jefe_financiero | jefe_servicio | jefe_tecnico | jefe_ti | talento_humano | ti","","","","getActaSignatureWorkflow"
"collab-deliveries","POST","/api/v1/collab-deliveries/actas/:actaId/start-signature-workflow","rol","si","financiero | jefe_financiero | jefe_servicio | jefe_tecnico | talento_humano","","","","startActaSignatureWorkflow"
"collab-deliveries","POST","/api/v1/collab-deliveries/actas/:actaId/upload-signed","rol","si","financiero | jefe_financiero | jefe_servicio | jefe_tecnico | talento_humano","","","multerMiddleware","uploadSignedActa"
"collab-deliveries","GET","/api/v1/collab-deliveries/catalog","rol","si","admin_ti | financiero | gerencia | gerencia_general | jefe_financiero | jefe_servicio | jefe_tecnico | jefe_ti | talento_humano | ti","","","","listCatalog"
"collab-deliveries","POST","/api/v1/collab-deliveries/catalog","rol","si","financiero | jefe_financiero | talento_humano","","","","createCatalogItem"
"collab-deliveries","DELETE","/api/v1/collab-deliveries/catalog/:id","rol","si","financiero | jefe_financiero | talento_humano","","","","deleteCatalogItem"
"collab-deliveries","PATCH","/api/v1/collab-deliveries/catalog/:id","rol","si","financiero | jefe_financiero | talento_humano","","","","updateCatalogItem"
"collab-deliveries","GET","/api/v1/collab-deliveries/recipient-info/:userId","rol","si","admin_ti | financiero | gerencia | gerencia_general | jefe_financiero | jefe_servicio | jefe_tecnico | jefe_ti | talento_humano | ti","","","","getActaRecipientInfo"
"collab-deliveries","GET","/api/v1/collab-deliveries/renewals","rol","si","admin_ti | financiero | gerencia | gerencia_general | jefe_financiero | jefe_servicio | jefe_tecnico | jefe_ti | talento_humano | ti","","","","listRenewals"
"collab-deliveries","PATCH","/api/v1/collab-deliveries/renewals/:id","rol","si","financiero | jefe_financiero","","","","completeRenewal"
"collab-deliveries","GET","/api/v1/collab-deliveries/report/collaborator/:userId","rol","si","admin_ti | financiero | gerencia | gerencia_general | jefe_financiero | jefe_servicio | jefe_tecnico | jefe_ti | talento_humano | ti","","","","getCollaboratorReport"
"collab-deliveries","GET","/api/v1/collab-deliveries/report/collaborator/:userId/pdf","rol","si","admin_ti | financiero | gerencia | gerencia_general | jefe_financiero | jefe_servicio | jefe_tecnico | jefe_ti | talento_humano | ti","","","","getCollaboratorReportPdf"
"collab-deliveries","GET","/api/v1/collab-deliveries/report/full","rol","si","admin_ti | financiero | gerencia | gerencia_general | jefe_financiero | jefe_servicio | jefe_tecnico | jefe_ti | talento_humano | ti","","","","getFullReport"
"collab-deliveries","GET","/api/v1/collab-deliveries/report/full/pdf","rol","si","admin_ti | financiero | gerencia | gerencia_general | jefe_financiero | jefe_servicio | jefe_tecnico | jefe_ti | talento_humano | ti","","","","getFullReportPdf"
"collab-deliveries","GET","/api/v1/collab-deliveries/sessions","rol","si","admin_ti | financiero | gerencia | gerencia_general | jefe_financiero | jefe_servicio | jefe_tecnico | jefe_ti | talento_humano | ti","","","","listSessions"
"collab-deliveries","POST","/api/v1/collab-deliveries/sessions","rol","si","financiero | jefe_financiero | jefe_servicio | jefe_tecnico | talento_humano","","","","createCollabSession"
"collab-deliveries","GET","/api/v1/collab-deliveries/sessions/:sessionId","rol","si","admin_ti | financiero | gerencia | gerencia_general | jefe_financiero | jefe_servicio | jefe_tecnico | jefe_ti | talento_humano | ti","","","","getSession"
"collab-deliveries","PATCH","/api/v1/collab-deliveries/sessions/:sessionId","rol","si","financiero | jefe_financiero | jefe_servicio | jefe_tecnico | talento_humano","","","","updateCollabSession"
"collab-deliveries","POST","/api/v1/collab-deliveries/sessions/ti","rol","si","financiero | jefe_financiero","","","","createTiSession"
"collab-deliveries","GET","/api/v1/collab-deliveries/summary","rol","si","admin_ti | financiero | gerencia | gerencia_general | jefe_financiero | jefe_servicio | jefe_tecnico | jefe_ti | talento_humano | ti","","","","getSummary"
"collab-deliveries","GET","/api/v1/collab-deliveries/user/:userId","rol","si","admin_ti | financiero | gerencia | gerencia_general | jefe_financiero | jefe_servicio | jefe_tecnico | jefe_ti | talento_humano | ti","","","","listDeliveriesByUser"
"collab-deliveries","GET","/api/v1/collab-deliveries/user/:userId/docs","rol","si","admin_ti | financiero | gerencia | gerencia_general | jefe_financiero | jefe_servicio | jefe_tecnico | jefe_ti | talento_humano | ti","","","","listDeliveryDocsByUser"
"collab-deliveries","POST","/api/v1/collab-deliveries/user/:userId/offboarding","rol","si","financiero | jefe_financiero","","","","createOffboardingTasks"
"collaborators","GET","/api/v1/collaborators","rol","si","admin | comercial | gerencia | gerencia_general | talento_humano","","","","listCollaborators"
"collaborators","POST","/api/v1/collaborators/:id/documents","rol","si","admin | comercial | gerencia | gerencia_general | talento_humano","","","multerMiddleware","uploadCollaboratorDocument"
"collaborators","GET","/api/v1/collaborators/:id/profile","rol","si","admin | comercial | gerencia | gerencia_general | talento_humano","","","","getCollaboratorProfile"
"collaborators","PUT","/api/v1/collaborators/:id/profile","rol","si","admin | comercial | gerencia | gerencia_general | talento_humano","","","","updateCollaboratorProfile"
"collaborators","POST","/api/v1/collaborators/:id/qualification-pending/:legacyId/resolve","rol","si","admin | gerencia | gerencia_general | talento_humano","","","","resolveCollaboratorQualificationPending"
"collaborators","GET","/api/v1/collaborators/documents/quality-hr","rol","si","jefe_calidad","","","","getQualityHrDocuments"
"collaborators","GET","/api/v1/collaborators/documents/report","rol","si","gerencia_general | talento_humano","","","","getDocumentsReport"
"collaborators","POST","/api/v1/collaborators/documents/report/consolidated-pdf","rol","si","gerencia_general | talento_humano","","","","generateDocumentsConsolidated"
"collaborators","GET","/api/v1/collaborators/stats","rol","si","admin | comercial | gerencia | gerencia_general | talento_humano","","","","getCollaboratorStats"
"consumable-files","GET","/api/v1/consumable-files/:id","rol","si","acp_comercial | analista_comercial | asesor_comercial | backoffice | backoffice_comercial | comercial | gerencia | gerencia_general | jefe_comercial | jefe_logistica | jefe_operaciones | logistica | operaciones","","","","(anonima)"
"consumable-files","PATCH","/api/v1/consumable-files/:id","rol","si","acp_comercial | analista_comercial | asesor_comercial | backoffice | backoffice_comercial | comercial | gerencia | gerencia_general | jefe_comercial","","","","(anonima)"
"consumable-files","POST","/api/v1/consumable-files/:id/cancel","rol","si","acp_comercial | analista_comercial | asesor_comercial | backoffice | backoffice_comercial | comercial | gerencia | gerencia_general | jefe_comercial | jefe_logistica | jefe_operaciones | logistica | operaciones","","","","(anonima)"
"consumable-files","POST","/api/v1/consumable-files/:id/orders","rol","si","acp_comercial | analista_comercial | asesor_comercial | backoffice | backoffice_comercial | comercial | gerencia | gerencia_general | jefe_comercial","","","","(anonima)"
"consumable-files","POST","/api/v1/consumable-files/:id/register","rol","si","acp_comercial | analista_comercial | asesor_comercial | backoffice | backoffice_comercial | comercial | gerencia | gerencia_general | jefe_comercial","","","","(anonima)"
"consumable-files","POST","/api/v1/consumable-files/:id/sections","rol","si","acp_comercial | analista_comercial | asesor_comercial | backoffice | backoffice_comercial | comercial | gerencia | gerencia_general | jefe_comercial","","","","(anonima)"
"consumable-files","POST","/api/v1/consumable-files/:id/standalone-business-case","rol","si","acp_comercial | analista_comercial | asesor_comercial | backoffice | backoffice_comercial | comercial | gerencia | gerencia_general | jefe_comercial","","","","(anonima)"
"consumable-files","POST","/api/v1/consumable-files/:id/standalone-documents","rol","si","acp_comercial | analista_comercial | asesor_comercial | backoffice | backoffice_comercial | comercial | gerencia | gerencia_general | jefe_comercial","","","","(anonima)"
"consumable-files","GET","/api/v1/consumable-files/by-purchase","rol","si","acp_comercial | analista_comercial | asesor_comercial | backoffice | backoffice_comercial | comercial | gerencia | gerencia_general | jefe_comercial | jefe_logistica | jefe_operaciones | logistica | operaciones","","","","(anonima)"
"consumable-files","GET","/api/v1/consumable-files/catalog/search","rol","si","acp_comercial | analista_comercial | asesor_comercial | backoffice | backoffice_comercial | comercial | gerencia | gerencia_general | jefe_comercial | jefe_logistica | jefe_operaciones | logistica | operaciones","","","","(anonima)"
"consumable-files","POST","/api/v1/consumable-files/catalog/standalone-preview","rol","si","acp_comercial | analista_comercial | asesor_comercial | backoffice | backoffice_comercial | comercial | gerencia | gerencia_general | jefe_comercial | jefe_logistica | jefe_operaciones | logistica | operaciones","","","","(anonima)"
"consumable-files","POST","/api/v1/consumable-files/from-purchase","rol","si","acp_comercial | analista_comercial | asesor_comercial | backoffice | backoffice_comercial | comercial | gerencia | gerencia_general | jefe_comercial","","","","(anonima)"
"consumable-files","DELETE","/api/v1/consumable-files/lines/:lineId","rol","si","acp_comercial | analista_comercial | asesor_comercial | backoffice | backoffice_comercial | comercial | gerencia | gerencia_general | jefe_comercial","","","","(anonima)"
"consumable-files","PATCH","/api/v1/consumable-files/lines/:lineId","rol","si","acp_comercial | analista_comercial | asesor_comercial | backoffice | backoffice_comercial | comercial | gerencia | gerencia_general | jefe_comercial","","","","(anonima)"
"consumable-files","POST","/api/v1/consumable-files/orders/:orderId/cancel","rol","si","acp_comercial | analista_comercial | asesor_comercial | backoffice | backoffice_comercial | comercial | gerencia | gerencia_general | jefe_comercial | jefe_logistica | jefe_operaciones | logistica | operaciones","","","","(anonima)"
"consumable-files","POST","/api/v1/consumable-files/orders/:orderId/dispatch","rol","si","gerencia | gerencia_general | jefe_logistica | logistica","","","","(anonima)"
"consumable-files","POST","/api/v1/consumable-files/orders/:orderId/review-extra","rol","si","gerencia | gerencia_general | jefe_operaciones","","","","(anonima)"
"consumable-files","GET","/api/v1/consumable-files/overview","rol","si","acp_comercial | analista_comercial | asesor_comercial | backoffice | backoffice_comercial | comercial | gerencia | gerencia_general | jefe_comercial | jefe_logistica | jefe_operaciones | logistica | operaciones","","","","(anonima)"
"consumable-files","POST","/api/v1/consumable-files/sections/:sectionId/import-business-case","rol","si","acp_comercial | analista_comercial | asesor_comercial | backoffice | backoffice_comercial | comercial | gerencia | gerencia_general | jefe_comercial","","","","(anonima)"
"consumable-files","POST","/api/v1/consumable-files/sections/:sectionId/import-equipment","rol","si","acp_comercial | analista_comercial | asesor_comercial | backoffice | backoffice_comercial | comercial | gerencia | gerencia_general | jefe_comercial","","","","(anonima)"
"consumable-files","POST","/api/v1/consumable-files/sections/:sectionId/lines","rol","si","acp_comercial | analista_comercial | asesor_comercial | backoffice | backoffice_comercial | comercial | gerencia | gerencia_general | jefe_comercial","","","","(anonima)"
"consumable-files","POST","/api/v1/consumable-files/standalone","rol","si","comercial","","","","(anonima)"
"consumable-files","POST","/api/v1/consumable-files/standalone/parse-preview","rol","si","comercial","","","","(anonima)"
"consumable-files","POST","/api/v1/consumable-files/standalone/request-client-assignment","rol","si","comercial","","","","(anonima)"
"crm-fam","GET","/api/v1/crm-fam/accounts","rol","si","acp_comercial | admin | administrador | analista_comercial | asesor_comercial | backoffice | backoffice_comercial | comercial | director | gerencia | gerencia_general | gerente | gerente_general | jefe_comercial | jefe_de_ti | jefe_ti","","","","listAccounts"
"crm-fam","POST","/api/v1/crm-fam/accounts","rol","si","acp_comercial | analista_comercial | asesor_comercial | backoffice | backoffice_comercial | comercial | director | gerencia | gerencia_general | gerente | gerente_general | jefe_comercial","","","","createAccount"
"crm-fam","DELETE","/api/v1/crm-fam/accounts/:id","rol","si","acp_comercial | analista_comercial | asesor_comercial | backoffice | backoffice_comercial | comercial | director | gerencia | gerencia_general | gerente | gerente_general | jefe_comercial","","","","softDeleteAccount"
"crm-fam","GET","/api/v1/crm-fam/accounts/:id","rol","si","acp_comercial | admin | administrador | analista_comercial | asesor_comercial | backoffice | backoffice_comercial | comercial | director | gerencia | gerencia_general | gerente | gerente_general | jefe_comercial | jefe_de_ti | jefe_ti","","","","getAccountById"
"crm-fam","PUT","/api/v1/crm-fam/accounts/:id","rol","si","acp_comercial | analista_comercial | asesor_comercial | backoffice | backoffice_comercial | comercial | director | gerencia | gerencia_general | gerente | gerente_general | jefe_comercial","","","","updateAccount"
"crm-fam","GET","/api/v1/crm-fam/accounts/:id/duplicates","rol","si","acp_comercial | admin | administrador | analista_comercial | asesor_comercial | backoffice | backoffice_comercial | comercial | director | gerencia | gerencia_general | gerente | gerente_general | jefe_comercial | jefe_de_ti | jefe_ti","","","","getAccountDuplicateCandidates"
"crm-fam","POST","/api/v1/crm-fam/accounts/:id/merge","rol","si","admin | administrador | director | gerencia | gerencia_general | gerente | gerente_general | jefe_comercial | jefe_de_ti | jefe_ti","","","","mergeAccounts"
"crm-fam","GET","/api/v1/crm-fam/accounts/:id/sales-stats","rol","si","acp_comercial | admin | administrador | analista_comercial | asesor_comercial | backoffice | backoffice_comercial | comercial | director | gerencia | gerencia_general | gerente | gerente_general | jefe_comercial | jefe_de_ti | jefe_ti","","","","getAccountSalesStats"
"crm-fam","GET","/api/v1/crm-fam/accounts/:id/timeline","rol","si","acp_comercial | admin | administrador | analista_comercial | asesor_comercial | backoffice | backoffice_comercial | comercial | director | gerencia | gerencia_general | gerente | gerente_general | jefe_comercial | jefe_de_ti | jefe_ti","","","","getAccountTimeline"
"crm-fam","DELETE","/api/v1/crm-fam/action-items/:id","rol","si","acp_comercial | analista_comercial | asesor_comercial | backoffice | backoffice_comercial | comercial | director | gerencia | gerencia_general | gerente | gerente_general | jefe_comercial","","","","softDeleteActionItem"
"crm-fam","PUT","/api/v1/crm-fam/action-items/:id","rol","si","acp_comercial | analista_comercial | asesor_comercial | backoffice | backoffice_comercial | comercial | director | gerencia | gerencia_general | gerente | gerente_general | jefe_comercial","","","","updateActionItem"
"crm-fam","POST","/api/v1/crm-fam/action-items/:id/complete","rol","si","acp_comercial | analista_comercial | asesor_comercial | backoffice | backoffice_comercial | comercial | director | gerencia | gerencia_general | gerente | gerente_general | jefe_comercial","","","","completeActionItem"
"crm-fam","GET","/api/v1/crm-fam/activities","rol","si","acp_comercial | admin | administrador | analista_comercial | asesor_comercial | backoffice | backoffice_comercial | comercial | director | gerencia | gerencia_general | gerente | gerente_general | jefe_comercial | jefe_de_ti | jefe_ti","","","","listActivities"
"crm-fam","POST","/api/v1/crm-fam/activities","rol","si","acp_comercial | analista_comercial | asesor_comercial | backoffice | backoffice_comercial | comercial | director | gerencia | gerencia_general | gerente | gerente_general | jefe_comercial","","","","createActivity"
"crm-fam","DELETE","/api/v1/crm-fam/activities/:id","rol","si","acp_comercial | analista_comercial | asesor_comercial | backoffice | backoffice_comercial | comercial | director | gerencia | gerencia_general | gerente | gerente_general | jefe_comercial","","","","softDeleteActivity"
"crm-fam","PUT","/api/v1/crm-fam/activities/:id","rol","si","acp_comercial | analista_comercial | asesor_comercial | backoffice | backoffice_comercial | comercial | director | gerencia | gerencia_general | gerente | gerente_general | jefe_comercial","","","","updateActivity"
"crm-fam","POST","/api/v1/crm-fam/activities/:id/complete","rol","si","acp_comercial | analista_comercial | asesor_comercial | backoffice | backoffice_comercial | comercial | director | gerencia | gerencia_general | gerente | gerente_general | jefe_comercial","","","","completeActivity"
"crm-fam","POST","/api/v1/crm-fam/activities/:id/sync-calendar","rol","si","acp_comercial | analista_comercial | asesor_comercial | backoffice | backoffice_comercial | comercial | director | gerencia | gerencia_general | gerente | gerente_general | jefe_comercial","","","","syncActivityCalendar"
"crm-fam","GET","/api/v1/crm-fam/blue-sheets/:blueSheetId/action-items","rol","si","acp_comercial | admin | administrador | analista_comercial | asesor_comercial | backoffice | backoffice_comercial | comercial | director | gerencia | gerencia_general | gerente | gerente_general | jefe_comercial | jefe_de_ti | jefe_ti","","","","listActionItems"
"crm-fam","POST","/api/v1/crm-fam/blue-sheets/:blueSheetId/action-items","rol","si","acp_comercial | analista_comercial | asesor_comercial | backoffice | backoffice_comercial | comercial | director | gerencia | gerencia_general | gerente | gerente_general | jefe_comercial","","","","createActionItem"
"crm-fam","GET","/api/v1/crm-fam/blue-sheets/:blueSheetId/buying-influences","rol","si","acp_comercial | admin | administrador | analista_comercial | asesor_comercial | backoffice | backoffice_comercial | comercial | director | gerencia | gerencia_general | gerente | gerente_general | jefe_comercial | jefe_de_ti | jefe_ti","","","","listBuyingInfluences"
"crm-fam","POST","/api/v1/crm-fam/blue-sheets/:blueSheetId/buying-influences","rol","si","acp_comercial | analista_comercial | asesor_comercial | backoffice | backoffice_comercial | comercial | director | gerencia | gerencia_general | gerente | gerente_general | jefe_comercial","","","","createBuyingInfluence"
"crm-fam","GET","/api/v1/crm-fam/blue-sheets/:blueSheetId/competitive-preferences","rol","si","acp_comercial | admin | administrador | analista_comercial | asesor_comercial | backoffice | backoffice_comercial | comercial | director | gerencia | gerencia_general | gerente | gerente_general | jefe_comercial | jefe_de_ti | jefe_ti","","","","listCompetitivePreferences"
"crm-fam","PUT","/api/v1/crm-fam/blue-sheets/:blueSheetId/competitive-preferences","rol","si","acp_comercial | analista_comercial | asesor_comercial | backoffice | backoffice_comercial | comercial | director | gerencia | gerencia_general | gerente | gerente_general | jefe_comercial","","","","upsertCompetitivePreference"
"crm-fam","GET","/api/v1/crm-fam/blue-sheets/:blueSheetId/competitors","rol","si","acp_comercial | admin | administrador | analista_comercial | asesor_comercial | backoffice | backoffice_comercial | comercial | director | gerencia | gerencia_general | gerente | gerente_general | jefe_comercial | jefe_de_ti | jefe_ti","","","","listCompetitors"
"crm-fam","POST","/api/v1/crm-fam/blue-sheets/:blueSheetId/competitors","rol","si","acp_comercial | analista_comercial | asesor_comercial | backoffice | backoffice_comercial | comercial | director | gerencia | gerencia_general | gerente | gerente_general | jefe_comercial","","","","createCompetitor"
"crm-fam","GET","/api/v1/crm-fam/blue-sheets/:blueSheetId/element-flags","rol","si","acp_comercial | admin | administrador | analista_comercial | asesor_comercial | backoffice | backoffice_comercial | comercial | director | gerencia | gerencia_general | gerente | gerente_general | jefe_comercial | jefe_de_ti | jefe_ti","","","","listElementRedFlags"
"crm-fam","POST","/api/v1/crm-fam/blue-sheets/:blueSheetId/element-flags/toggle","rol","si","acp_comercial | analista_comercial | asesor_comercial | backoffice | backoffice_comercial | comercial | director | gerencia | gerencia_general | gerente | gerente_general | jefe_comercial","","","","toggleElementRedFlag"
"crm-fam","GET","/api/v1/crm-fam/blue-sheets/:blueSheetId/red-flags","rol","si","acp_comercial | admin | administrador | analista_comercial | asesor_comercial | backoffice | backoffice_comercial | comercial | director | gerencia | gerencia_general | gerente | gerente_general | jefe_comercial | jefe_de_ti | jefe_ti","","","","listRedFlags"
"crm-fam","POST","/api/v1/crm-fam/blue-sheets/:blueSheetId/red-flags","rol","si","acp_comercial | analista_comercial | asesor_comercial | backoffice | backoffice_comercial | comercial | director | gerencia | gerencia_general | gerente | gerente_general | jefe_comercial","","","","createRedFlag"
"crm-fam","GET","/api/v1/crm-fam/blue-sheets/:blueSheetId/scorecard","rol","si","acp_comercial | admin | administrador | analista_comercial | asesor_comercial | backoffice | backoffice_comercial | comercial | director | gerencia | gerencia_general | gerente | gerente_general | jefe_comercial | jefe_de_ti | jefe_ti","","","","getBlueSheetScorecard"
"crm-fam","PUT","/api/v1/crm-fam/blue-sheets/:blueSheetId/scorecard","rol","si","acp_comercial | analista_comercial | asesor_comercial | backoffice | backoffice_comercial | comercial | director | gerencia | gerencia_general | gerente | gerente_general | jefe_comercial","","","","saveBlueSheetScorecard"
"crm-fam","GET","/api/v1/crm-fam/blue-sheets/:blueSheetId/strengths","rol","si","acp_comercial | admin | administrador | analista_comercial | asesor_comercial | backoffice | backoffice_comercial | comercial | director | gerencia | gerencia_general | gerente | gerente_general | jefe_comercial | jefe_de_ti | jefe_ti","","","","listStrengths"
"crm-fam","POST","/api/v1/crm-fam/blue-sheets/:blueSheetId/strengths","rol","si","acp_comercial | analista_comercial | asesor_comercial | backoffice | backoffice_comercial | comercial | director | gerencia | gerencia_general | gerente | gerente_general | jefe_comercial","","","","createStrength"
"crm-fam","GET","/api/v1/crm-fam/blue-sheets/:blueSheetId/win-results","rol","si","acp_comercial | admin | administrador | analista_comercial | asesor_comercial | backoffice | backoffice_comercial | comercial | director | gerencia | gerencia_general | gerente | gerente_general | jefe_comercial | jefe_de_ti | jefe_ti","","","","listWinResults"
"crm-fam","POST","/api/v1/crm-fam/blue-sheets/:id/approve","rol","si","admin | administrador | director | gerencia | gerencia_general | gerente | gerente_general | jefe_comercial | jefe_de_ti | jefe_ti","","","","approveBlueSheet"
"crm-fam","PUT","/api/v1/crm-fam/blue-sheets/:id/buying-process","rol","si","acp_comercial | analista_comercial | asesor_comercial | backoffice | backoffice_comercial | comercial | director | gerencia | gerencia_general | gerente | gerente_general | jefe_comercial","","","","updateBlueSheetBuyingProcess"
"crm-fam","GET","/api/v1/crm-fam/blue-sheets/:id/completeness","rol","si","acp_comercial | admin | administrador | analista_comercial | asesor_comercial | backoffice | backoffice_comercial | comercial | director | gerencia | gerencia_general | gerente | gerente_general | jefe_comercial | jefe_de_ti | jefe_ti","","","","getBlueSheetCompleteness"
"crm-fam","PUT","/api/v1/crm-fam/blue-sheets/:id/general","rol","si","acp_comercial | analista_comercial | asesor_comercial | backoffice | backoffice_comercial | comercial | director | gerencia | gerencia_general | gerente | gerente_general | jefe_comercial","","","","updateBlueSheetGeneral"
"crm-fam","POST","/api/v1/crm-fam/blue-sheets/:id/observe","rol","si","admin | administrador | director | gerencia | gerencia_general | gerente | gerente_general | jefe_comercial | jefe_de_ti | jefe_ti","","","","observeBlueSheet"
"crm-fam","GET","/api/v1/crm-fam/blue-sheets/:id/pdf","rol","si","acp_comercial | admin | administrador | analista_comercial | asesor_comercial | backoffice | backoffice_comercial | comercial | director | gerencia | gerencia_general | gerente | gerente_general | jefe_comercial | jefe_de_ti | jefe_ti","","","","downloadBlueSheetPdf"
"crm-fam","POST","/api/v1/crm-fam/blue-sheets/:id/reopen","rol","si","admin | administrador | director | gerencia | gerencia_general | gerente | gerente_general | jefe_comercial | jefe_de_ti | jefe_ti","","","","reopenBlueSheet"
"crm-fam","GET","/api/v1/crm-fam/blue-sheets/:id/review-comments","rol","si","acp_comercial | admin | administrador | analista_comercial | asesor_comercial | backoffice | backoffice_comercial | comercial | director | gerencia | gerencia_general | gerente | gerente_general | jefe_comercial | jefe_de_ti | jefe_ti","","","","listReviewComments"
"crm-fam","POST","/api/v1/crm-fam/blue-sheets/:id/review-comments","rol","si","acp_comercial | analista_comercial | asesor_comercial | backoffice | backoffice_comercial | comercial | director | gerencia | gerencia_general | gerente | gerente_general | jefe_comercial","","","","createReviewComment"
"crm-fam","POST","/api/v1/crm-fam/blue-sheets/:id/review-comments/:commentId/resolve","rol","si","acp_comercial | analista_comercial | asesor_comercial | backoffice | backoffice_comercial | comercial | director | gerencia | gerencia_general | gerente | gerente_general | jefe_comercial","","","","resolveReviewComment"
"crm-fam","PUT","/api/v1/crm-fam/blue-sheets/:id/strategy","rol","si","acp_comercial | analista_comercial | asesor_comercial | backoffice | backoffice_comercial | comercial | director | gerencia | gerencia_general | gerente | gerente_general | jefe_comercial","","","","updateBlueSheetStrategy"
"crm-fam","POST","/api/v1/crm-fam/blue-sheets/:id/submit","rol","si","acp_comercial | analista_comercial | asesor_comercial | backoffice | backoffice_comercial | comercial | director | gerencia | gerencia_general | gerente | gerente_general | jefe_comercial","","","","submitBlueSheetForReview"
"crm-fam","GET","/api/v1/crm-fam/blue-sheets/:id/versions","rol","si","acp_comercial | admin | administrador | analista_comercial | asesor_comercial | backoffice | backoffice_comercial | comercial | director | gerencia | gerencia_general | gerente | gerente_general | jefe_comercial | jefe_de_ti | jefe_ti","","","","getBlueSheetVersions"
"crm-fam","POST","/api/v1/crm-fam/buying-influences/:buyingInfluenceId/win-results","rol","si","acp_comercial | analista_comercial | asesor_comercial | backoffice | backoffice_comercial | comercial | director | gerencia | gerencia_general | gerente | gerente_general | jefe_comercial","","","","createWinResult"
"crm-fam","DELETE","/api/v1/crm-fam/buying-influences/:id","rol","si","acp_comercial | analista_comercial | asesor_comercial | backoffice | backoffice_comercial | comercial | director | gerencia | gerencia_general | gerente | gerente_general | jefe_comercial","","","","softDeleteBuyingInfluence"
"crm-fam","PUT","/api/v1/crm-fam/buying-influences/:id","rol","si","acp_comercial | analista_comercial | asesor_comercial | backoffice | backoffice_comercial | comercial | director | gerencia | gerencia_general | gerente | gerente_general | jefe_comercial","","","","updateBuyingInfluence"
"crm-fam","DELETE","/api/v1/crm-fam/competitors/:id","rol","si","acp_comercial | analista_comercial | asesor_comercial | backoffice | backoffice_comercial | comercial | director | gerencia | gerencia_general | gerente | gerente_general | jefe_comercial","","","","softDeleteCompetitor"
"crm-fam","PUT","/api/v1/crm-fam/competitors/:id","rol","si","acp_comercial | analista_comercial | asesor_comercial | backoffice | backoffice_comercial | comercial | director | gerencia | gerencia_general | gerente | gerente_general | jefe_comercial","","","","updateCompetitor"
"crm-fam","GET","/api/v1/crm-fam/contacts","rol","si","acp_comercial | admin | administrador | analista_comercial | asesor_comercial | backoffice | backoffice_comercial | comercial | director | gerencia | gerencia_general | gerente | gerente_general | jefe_comercial | jefe_de_ti | jefe_ti","","","","listContacts"
"crm-fam","POST","/api/v1/crm-fam/contacts","rol","si","acp_comercial | analista_comercial | asesor_comercial | backoffice | backoffice_comercial | comercial | director | gerencia | gerencia_general | gerente | gerente_general | jefe_comercial","","","","createContact"
"crm-fam","DELETE","/api/v1/crm-fam/contacts/:id","rol","si","acp_comercial | analista_comercial | asesor_comercial | backoffice | backoffice_comercial | comercial | director | gerencia | gerencia_general | gerente | gerente_general | jefe_comercial","","","","softDeleteContact"
"crm-fam","GET","/api/v1/crm-fam/contacts/:id","rol","si","acp_comercial | admin | administrador | analista_comercial | asesor_comercial | backoffice | backoffice_comercial | comercial | director | gerencia | gerencia_general | gerente | gerente_general | jefe_comercial | jefe_de_ti | jefe_ti","","","","getContactById"
"crm-fam","PUT","/api/v1/crm-fam/contacts/:id","rol","si","acp_comercial | analista_comercial | asesor_comercial | backoffice | backoffice_comercial | comercial | director | gerencia | gerencia_general | gerente | gerente_general | jefe_comercial","","","","updateContact"
"crm-fam","GET","/api/v1/crm-fam/dashboard","rol","si","acp_comercial | admin | administrador | analista_comercial | asesor_comercial | backoffice | backoffice_comercial | comercial | director | gerencia | gerencia_general | gerente | gerente_general | jefe_comercial | jefe_de_ti | jefe_ti","","","","getDashboardSummary"
"crm-fam","GET","/api/v1/crm-fam/dashboard/blue-sheet-kpis","rol","si","admin | administrador | director | gerencia | gerencia_general | gerente | gerente_general | jefe_comercial | jefe_de_ti | jefe_ti","","","","getBlueSheetKpis"
"crm-fam","GET","/api/v1/crm-fam/dashboard/forecast","rol","si","admin | administrador | director | gerencia | gerencia_general | gerente | gerente_general | jefe_comercial | jefe_de_ti | jefe_ti","","","","getForecast"
"crm-fam","GET","/api/v1/crm-fam/dashboard/pipeline","rol","si","acp_comercial | admin | administrador | analista_comercial | asesor_comercial | backoffice | backoffice_comercial | comercial | director | gerencia | gerencia_general | gerente | gerente_general | jefe_comercial | jefe_de_ti | jefe_ti","","","","getPipelineByStage"
"crm-fam","GET","/api/v1/crm-fam/documents","rol","si","acp_comercial | admin | administrador | analista_comercial | asesor_comercial | backoffice | backoffice_comercial | comercial | director | gerencia | gerencia_general | gerente | gerente_general | jefe_comercial | jefe_de_ti | jefe_ti","","","","listDocuments"
"crm-fam","POST","/api/v1/crm-fam/documents","rol","si","acp_comercial | analista_comercial | asesor_comercial | backoffice | backoffice_comercial | comercial | director | gerencia | gerencia_general | gerente | gerente_general | jefe_comercial","","","","createDocument"
"crm-fam","DELETE","/api/v1/crm-fam/documents/:id","rol","si","acp_comercial | analista_comercial | asesor_comercial | backoffice | backoffice_comercial | comercial | director | gerencia | gerencia_general | gerente | gerente_general | jefe_comercial","","","","softDeleteDocument"
"crm-fam","POST","/api/v1/crm-fam/documents/upload","rol","si","acp_comercial | analista_comercial | asesor_comercial | backoffice | backoffice_comercial | comercial | director | gerencia | gerencia_general | gerente | gerente_general | jefe_comercial","","","multerMiddleware","uploadDocumentFile"
"crm-fam","GET","/api/v1/crm-fam/email-campaigns","rol","si","admin | administrador | director | gerencia | gerencia_general | gerente | gerente_general | jefe_comercial | jefe_de_ti | jefe_ti","","","","listEmailCampaigns"
"crm-fam","POST","/api/v1/crm-fam/email-campaigns","rol","si","admin | administrador | director | gerencia | gerencia_general | gerente | gerente_general | jefe_comercial | jefe_de_ti | jefe_ti","","","","createEmailCampaign"
"crm-fam","DELETE","/api/v1/crm-fam/email-campaigns/:id","rol","si","admin | administrador | director | gerencia | gerencia_general | gerente | gerente_general | jefe_comercial | jefe_de_ti | jefe_ti","","","","softDeleteEmailCampaign"
"crm-fam","GET","/api/v1/crm-fam/email-campaigns/:id","rol","si","admin | administrador | director | gerencia | gerencia_general | gerente | gerente_general | jefe_comercial | jefe_de_ti | jefe_ti","","","","getEmailCampaignById"
"crm-fam","PUT","/api/v1/crm-fam/email-campaigns/:id","rol","si","admin | administrador | director | gerencia | gerencia_general | gerente | gerente_general | jefe_comercial | jefe_de_ti | jefe_ti","","","","updateEmailCampaign"
"crm-fam","GET","/api/v1/crm-fam/leads","rol","si","acp_comercial | admin | administrador | analista_comercial | asesor_comercial | backoffice | backoffice_comercial | comercial | director | gerencia | gerencia_general | gerente | gerente_general | jefe_comercial | jefe_de_ti | jefe_ti","","","","listLeads"
"crm-fam","POST","/api/v1/crm-fam/leads","rol","si","acp_comercial | analista_comercial | asesor_comercial | backoffice | backoffice_comercial | comercial | director | gerencia | gerencia_general | gerente | gerente_general | jefe_comercial","","","","createLead"
"crm-fam","DELETE","/api/v1/crm-fam/leads/:id","rol","si","acp_comercial | analista_comercial | asesor_comercial | backoffice | backoffice_comercial | comercial | director | gerencia | gerencia_general | gerente | gerente_general | jefe_comercial","","","","softDeleteLead"
"crm-fam","GET","/api/v1/crm-fam/leads/:id","rol","si","acp_comercial | admin | administrador | analista_comercial | asesor_comercial | backoffice | backoffice_comercial | comercial | director | gerencia | gerencia_general | gerente | gerente_general | jefe_comercial | jefe_de_ti | jefe_ti","","","","getLeadById"
"crm-fam","PUT","/api/v1/crm-fam/leads/:id","rol","si","acp_comercial | analista_comercial | asesor_comercial | backoffice | backoffice_comercial | comercial | director | gerencia | gerencia_general | gerente | gerente_general | jefe_comercial","","","","updateLead"
"crm-fam","POST","/api/v1/crm-fam/leads/:id/account","rol","si","acp_comercial | analista_comercial | asesor_comercial | backoffice | backoffice_comercial | comercial | director | gerencia | gerencia_general | gerente | gerente_general | jefe_comercial","","","","linkLeadAccount"
"crm-fam","POST","/api/v1/crm-fam/leads/:id/contact","rol","si","acp_comercial | analista_comercial | asesor_comercial | backoffice | backoffice_comercial | comercial | director | gerencia | gerencia_general | gerente | gerente_general | jefe_comercial","","","","createLeadContact"
"crm-fam","POST","/api/v1/crm-fam/leads/:id/convert","rol","si","acp_comercial | analista_comercial | asesor_comercial | backoffice | backoffice_comercial | comercial | director | gerencia | gerencia_general | gerente | gerente_general | jefe_comercial","","","","convertLead"
"crm-fam","POST","/api/v1/crm-fam/leads/:id/disqualify","rol","si","acp_comercial | analista_comercial | asesor_comercial | backoffice | backoffice_comercial | comercial | director | gerencia | gerencia_general | gerente | gerente_general | jefe_comercial","","","","disqualifyLead"
"crm-fam","POST","/api/v1/crm-fam/leads/:id/promote","rol","si","acp_comercial | analista_comercial | asesor_comercial | backoffice | backoffice_comercial | comercial | director | gerencia | gerencia_general | gerente | gerente_general | jefe_comercial","","","","promoteLeadToOpportunity"
"crm-fam","GET","/api/v1/crm-fam/lost-reasons","rol","si","acp_comercial | admin | administrador | analista_comercial | asesor_comercial | backoffice | backoffice_comercial | comercial | director | gerencia | gerencia_general | gerente | gerente_general | jefe_comercial | jefe_de_ti | jefe_ti","","","","listLostReasons"
"crm-fam","POST","/api/v1/crm-fam/lost-reasons","rol","si","admin | administrador | jefe_de_ti | jefe_ti","","","","createLostReason"
"crm-fam","PUT","/api/v1/crm-fam/lost-reasons/:id","rol","si","admin | administrador | jefe_de_ti | jefe_ti","","","","updateLostReason"
"crm-fam","GET","/api/v1/crm-fam/notes","rol","si","acp_comercial | admin | administrador | analista_comercial | asesor_comercial | backoffice | backoffice_comercial | comercial | director | gerencia | gerencia_general | gerente | gerente_general | jefe_comercial | jefe_de_ti | jefe_ti","","","","listNotes"
"crm-fam","POST","/api/v1/crm-fam/notes","rol","si","acp_comercial | analista_comercial | asesor_comercial | backoffice | backoffice_comercial | comercial | director | gerencia | gerencia_general | gerente | gerente_general | jefe_comercial","","","","createNote"
"crm-fam","DELETE","/api/v1/crm-fam/notes/:id","rol","si","acp_comercial | analista_comercial | asesor_comercial | backoffice | backoffice_comercial | comercial | director | gerencia | gerencia_general | gerente | gerente_general | jefe_comercial","","","","softDeleteNote"
"crm-fam","PUT","/api/v1/crm-fam/notes/:id","rol","si","acp_comercial | analista_comercial | asesor_comercial | backoffice | backoffice_comercial | comercial | director | gerencia | gerencia_general | gerente | gerente_general | jefe_comercial","","","","updateNote"
"crm-fam","GET","/api/v1/crm-fam/opportunities","rol","si","acp_comercial | admin | administrador | analista_comercial | asesor_comercial | backoffice | backoffice_comercial | comercial | director | gerencia | gerencia_general | gerente | gerente_general | jefe_comercial | jefe_de_ti | jefe_ti","","","","listOpportunities"
"crm-fam","POST","/api/v1/crm-fam/opportunities","rol","si","acp_comercial | analista_comercial | asesor_comercial | backoffice | backoffice_comercial | comercial | director | gerencia | gerencia_general | gerente | gerente_general | jefe_comercial","","","","createOpportunity"
"crm-fam","GET","/api/v1/crm-fam/opportunities/:id","rol","si","acp_comercial | admin | administrador | analista_comercial | asesor_comercial | backoffice | backoffice_comercial | comercial | director | gerencia | gerencia_general | gerente | gerente_general | jefe_comercial | jefe_de_ti | jefe_ti","","","","getOpportunityById"
"crm-fam","PUT","/api/v1/crm-fam/opportunities/:id","rol","si","acp_comercial | analista_comercial | asesor_comercial | backoffice | backoffice_comercial | comercial | director | gerencia | gerencia_general | gerente | gerente_general | jefe_comercial","","","","updateOpportunity"
"crm-fam","POST","/api/v1/crm-fam/opportunities/:id/close-lost","rol","si","acp_comercial | analista_comercial | asesor_comercial | backoffice | backoffice_comercial | comercial | director | gerencia | gerencia_general | gerente | gerente_general | jefe_comercial","","","","closeLost"
"crm-fam","POST","/api/v1/crm-fam/opportunities/:id/close-won","rol","si","acp_comercial | analista_comercial | asesor_comercial | backoffice | backoffice_comercial | comercial | director | gerencia | gerencia_general | gerente | gerente_general | jefe_comercial","","","","closeWon"
"crm-fam","GET","/api/v1/crm-fam/opportunities/:id/health","rol","si","acp_comercial | admin | administrador | analista_comercial | asesor_comercial | backoffice | backoffice_comercial | comercial | director | gerencia | gerencia_general | gerente | gerente_general | jefe_comercial | jefe_de_ti | jefe_ti","","","","getOpportunityHealth"
"crm-fam","POST","/api/v1/crm-fam/opportunities/:id/link-purchase","rol","si","acp_comercial | analista_comercial | asesor_comercial | backoffice | backoffice_comercial | comercial | director | gerencia | gerencia_general | gerente | gerente_general | jefe_comercial","","","","linkPurchaseToOpportunity"
"crm-fam","GET","/api/v1/crm-fam/opportunities/:id/purchase-status","rol","si","acp_comercial | admin | administrador | analista_comercial | asesor_comercial | backoffice | backoffice_comercial | comercial | director | gerencia | gerencia_general | gerente | gerente_general | jefe_comercial | jefe_de_ti | jefe_ti","","","","getOpportunityPurchaseStatus"
"crm-fam","POST","/api/v1/crm-fam/opportunities/:id/stage","rol","si","acp_comercial | analista_comercial | asesor_comercial | backoffice | backoffice_comercial | comercial | director | gerencia | gerencia_general | gerente | gerente_general | jefe_comercial","","","","changeOpportunityStage"
"crm-fam","POST","/api/v1/crm-fam/opportunities/:id/suspend","rol","si","acp_comercial | analista_comercial | asesor_comercial | backoffice | backoffice_comercial | comercial | director | gerencia | gerencia_general | gerente | gerente_general | jefe_comercial","","","","suspendOpportunity"
"crm-fam","GET","/api/v1/crm-fam/opportunities/:opportunityId/blue-sheet","rol","si","acp_comercial | admin | administrador | analista_comercial | asesor_comercial | backoffice | backoffice_comercial | comercial | director | gerencia | gerencia_general | gerente | gerente_general | jefe_comercial | jefe_de_ti | jefe_ti","","","","getBlueSheetByOpportunity"
"crm-fam","POST","/api/v1/crm-fam/opportunities/:opportunityId/blue-sheet","rol","si","acp_comercial | analista_comercial | asesor_comercial | backoffice | backoffice_comercial | comercial | director | gerencia | gerencia_general | gerente | gerente_general | jefe_comercial","","","","createBlueSheet"
"crm-fam","GET","/api/v1/crm-fam/pipeline-stages","rol","si","acp_comercial | admin | administrador | analista_comercial | asesor_comercial | backoffice | backoffice_comercial | comercial | director | gerencia | gerencia_general | gerente | gerente_general | jefe_comercial | jefe_de_ti | jefe_ti","","","","listPipelineStages"
"crm-fam","POST","/api/v1/crm-fam/pipeline-stages","rol","si","admin | administrador | jefe_de_ti | jefe_ti","","","","createPipelineStage"
"crm-fam","PUT","/api/v1/crm-fam/pipeline-stages/:id","rol","si","admin | administrador | jefe_de_ti | jefe_ti","","","","updatePipelineStage"
"crm-fam","DELETE","/api/v1/crm-fam/red-flags/:id","rol","si","acp_comercial | analista_comercial | asesor_comercial | backoffice | backoffice_comercial | comercial | director | gerencia | gerencia_general | gerente | gerente_general | jefe_comercial","","","","softDeleteRedFlag"
"crm-fam","PUT","/api/v1/crm-fam/red-flags/:id","rol","si","acp_comercial | analista_comercial | asesor_comercial | backoffice | backoffice_comercial | comercial | director | gerencia | gerencia_general | gerente | gerente_general | jefe_comercial","","","","updateRedFlag"
"crm-fam","POST","/api/v1/crm-fam/red-flags/:id/accept","rol","si","admin | administrador | director | gerencia | gerencia_general | gerente | gerente_general | jefe_comercial | jefe_de_ti | jefe_ti","","","","acceptRedFlag"
"crm-fam","GET","/api/v1/crm-fam/reports/lost-reasons","rol","si","admin | administrador | director | gerencia | gerencia_general | gerente | gerente_general | jefe_comercial | jefe_de_ti | jefe_ti","","","","getLostReasonsReport"
"crm-fam","GET","/api/v1/crm-fam/reports/lost-reasons/pdf","rol","si","admin | administrador | director | gerencia | gerencia_general | gerente | gerente_general | jefe_comercial | jefe_de_ti | jefe_ti","","","","downloadLostReasonsPdf"
"crm-fam","GET","/api/v1/crm-fam/reports/red-flags","rol","si","admin | administrador | director | gerencia | gerencia_general | gerente | gerente_general | jefe_comercial | jefe_de_ti | jefe_ti","","","","getRedFlagsReport"
"crm-fam","GET","/api/v1/crm-fam/reports/red-flags/pdf","rol","si","admin | administrador | director | gerencia | gerencia_general | gerente | gerente_general | jefe_comercial | jefe_de_ti | jefe_ti","","","","downloadRedFlagsPdf"
"crm-fam","GET","/api/v1/crm-fam/reports/win-loss-patterns","rol","si","admin | administrador | director | gerencia | gerencia_general | gerente | gerente_general | jefe_comercial | jefe_de_ti | jefe_ti","","","","getWinLossPatternsReport"
"crm-fam","GET","/api/v1/crm-fam/scorecard-criteria","rol","si","acp_comercial | admin | administrador | analista_comercial | asesor_comercial | backoffice | backoffice_comercial | comercial | director | gerencia | gerencia_general | gerente | gerente_general | jefe_comercial | jefe_de_ti | jefe_ti","","","","listScorecardCriteria"
"crm-fam","POST","/api/v1/crm-fam/scorecard-criteria","rol","si","admin | administrador | jefe_de_ti | jefe_ti","","","","createScorecardCriterion"
"crm-fam","PUT","/api/v1/crm-fam/scorecard-criteria/:id","rol","si","admin | administrador | jefe_de_ti | jefe_ti","","","","updateScorecardCriterion"
"crm-fam","DELETE","/api/v1/crm-fam/strengths/:id","rol","si","acp_comercial | analista_comercial | asesor_comercial | backoffice | backoffice_comercial | comercial | director | gerencia | gerencia_general | gerente | gerente_general | jefe_comercial","","","","softDeleteStrength"
"crm-fam","PUT","/api/v1/crm-fam/strengths/:id","rol","si","acp_comercial | analista_comercial | asesor_comercial | backoffice | backoffice_comercial | comercial | director | gerencia | gerencia_general | gerente | gerente_general | jefe_comercial","","","","updateStrength"
"crm-fam","DELETE","/api/v1/crm-fam/win-results/:id","rol","si","acp_comercial | analista_comercial | asesor_comercial | backoffice | backoffice_comercial | comercial | director | gerencia | gerencia_general | gerente | gerente_general | jefe_comercial","","","","softDeleteWinResult"
"crm-fam","PUT","/api/v1/crm-fam/win-results/:id","rol","si","acp_comercial | analista_comercial | asesor_comercial | backoffice | backoffice_comercial | comercial | director | gerencia | gerencia_general | gerente | gerente_general | jefe_comercial","","","","updateWinResult"
"dashboard","GET","/api/v1/dashboard/comercial/summary","rol","si","acp_comercial | analista_comercial | backoffice_comercial | comercial | gerencia | jefe_comercial","","","","(anonima)"
"delivery-ceilings","GET","/api/v1/delivery-ceilings","rol","si","acp_comercial | backoffice_comercial | comercial | gerencia | gerencia_general | jefe_comercial | jefe_logistica | jefe_operaciones | jefe_servicio_tecnico | jefe_tecnico | operaciones | servicio_tecnico | tecnico","","","","listDeliveryCeilings"
"delivery-requests","GET","/api/v1/delivery-requests","rol","si","acp_comercial | analista_comercial | asesor_comercial | backoffice | backoffice_comercial | comercial | gerencia | gerencia_general | jefe_comercial | jefe_logistica | jefe_operaciones | jefe_servicio_tecnico | jefe_tecnico | operaciones | servicio_tecnico | tecnico","","","","listDeliveryRequests"
"delivery-requests","POST","/api/v1/delivery-requests","rol","si","acp_comercial | analista_comercial | asesor_comercial | backoffice | backoffice_comercial | comercial | gerencia | gerencia_general | jefe_comercial","","","","createDeliveryRequest"
"delivery-requests","POST","/api/v1/delivery-requests/:id/cancel","rol","si","acp_comercial | gerencia | gerencia_general | jefe_comercial","","","","cancelDeliveryRequest"
"delivery-requests","POST","/api/v1/delivery-requests/:id/confirm-delivery","rol","si","acp_comercial | gerencia | gerencia_general | jefe_comercial | jefe_logistica","","","","confirmDeliveryRequest"
"delivery-requests","POST","/api/v1/delivery-requests/:id/ops-approve","rol","si","acp_comercial | gerencia | gerencia_general | jefe_comercial | jefe_operaciones | operaciones","","","","opsApproveDeliveryRequest"
"delivery-requests","GET","/api/v1/delivery-requests/dispatches","rol","si","acp_comercial | analista_comercial | asesor_comercial | backoffice | backoffice_comercial | comercial | gerencia | gerencia_general | jefe_comercial | jefe_logistica | jefe_operaciones | jefe_servicio_tecnico | jefe_tecnico | operaciones | servicio_tecnico | tecnico","","","","listDeliveryDispatches"
"departments","GET","/api/v1/departments","rol","si","admin | admin_ti | administrador | director | financiera | financiero | finanzas | gerencia | gerencia_general | gerente_general | jefe_financiera | jefe_financiero | jefe_finanzas | jefe_talento_humano | jefe_ti | talento_humano | ti","","","","getDepartments"
"departments","POST","/api/v1/departments","rol","si","admin | admin_ti | administrador | gerencia | jefe_talento_humano | jefe_ti | talento_humano | ti","","","","createDepartment"
"departments","DELETE","/api/v1/departments/:id","rol","si","admin | admin_ti | administrador | gerencia | jefe_talento_humano | jefe_ti | talento_humano | ti","","","","deleteDepartment"
"departments","GET","/api/v1/departments/:id","rol","si","admin | admin_ti | administrador | director | financiera | financiero | finanzas | gerencia | gerencia_general | gerente_general | jefe_financiera | jefe_financiero | jefe_finanzas | jefe_talento_humano | jefe_ti | talento_humano | ti","","","","getDepartmentById"
"departments","PUT","/api/v1/departments/:id","rol","si","admin | admin_ti | administrador | gerencia | jefe_talento_humano | jefe_ti | talento_humano | ti","","","","updateDepartment"
"determinations-catalog","GET","/api/v1/determinations-catalog","rol","si","acp_comercial | analista_comercial | asesor_comercial | backoffice | backoffice_comercial | comercial | esp_app | gerencia | gerencia_general | ing_servicio | jefe_comercial | jefe_financiero | jefe_logistica | jefe_operaciones | jefe_servicio | jefe_tecnico | jefe_ti | operaciones","","","","list"
"determinations-catalog","POST","/api/v1/determinations-catalog","rol","si","acp_comercial | admin | comercial | gerencia | jefe_servicio | jefe_tecnico","","","","create"
"determinations-catalog","DELETE","/api/v1/determinations-catalog/:id","rol","si","acp_comercial | admin | comercial | gerencia | jefe_servicio | jefe_tecnico","","","","remove"
"determinations-catalog","GET","/api/v1/determinations-catalog/:id","rol","si","acp_comercial | analista_comercial | asesor_comercial | backoffice | backoffice_comercial | comercial | esp_app | gerencia | gerencia_general | ing_servicio | jefe_comercial | jefe_financiero | jefe_logistica | jefe_operaciones | jefe_servicio | jefe_tecnico | jefe_ti | operaciones","","","","getDetails"
"determinations-catalog","PUT","/api/v1/determinations-catalog/:id","rol","si","acp_comercial | admin | comercial | gerencia | jefe_servicio | jefe_tecnico","","","","update"
"determinations-catalog","POST","/api/v1/determinations-catalog/:id/formula","rol","si","admin | gerencia | jefe_servicio | jefe_tecnico","","","","updateFormula"
"determinations-catalog","POST","/api/v1/determinations-catalog/formula/validate","rol","si","admin | gerencia | jefe_servicio | jefe_tecnico","","","","validateFormula"
"documents","GET","/api/v1/documents/:documentId","solo_autenticado","si","","","","","(anonima)"
"documents","POST","/api/v1/documents/:documentId/export-pdf","rol","si","gerencia | tecnico","","","","(anonima)"
"documents","POST","/api/v1/documents/:documentId/sign","rol","si","gerencia | tecnico","","","","(anonima)"
"documents","POST","/api/v1/documents/:documentId/sign-advanced","rol","si","gerencia | tecnico","","","","(anonima)"
"documents","GET","/api/v1/documents/by-request/:requestId","solo_autenticado","si","","","","","(anonima)"
"documents","POST","/api/v1/documents/from-template","rol","si","comercial | gerencia | tecnico","","","","(anonima)"
"equipment-catalog","GET","/api/v1/equipment-catalog","rol","si","acp_comercial | analista_comercial | asesor_comercial | backoffice | backoffice_comercial | comercial | esp_app | gerencia | gerencia_general | ing_servicio | jefe_comercial | jefe_financiero | jefe_logistica | jefe_operaciones | jefe_servicio | jefe_tecnico | jefe_ti | operaciones","","","","list"
"equipment-catalog","POST","/api/v1/equipment-catalog","rol","si","admin | gerencia | jefe_servicio | jefe_tecnico","","","","create"
"equipment-catalog","GET","/api/v1/equipment-catalog/:id","rol","si","acp_comercial | analista_comercial | asesor_comercial | backoffice | backoffice_comercial | comercial | esp_app | gerencia | gerencia_general | ing_servicio | jefe_comercial | jefe_financiero | jefe_logistica | jefe_operaciones | jefe_servicio | jefe_tecnico | jefe_ti | operaciones","","","","getDetails"
"equipment-catalog","PUT","/api/v1/equipment-catalog/:id","rol","si","admin | gerencia | jefe_servicio | jefe_tecnico","","","","update"
"equipment-catalog","GET","/api/v1/equipment-catalog/:id/consumables","rol","si","acp_comercial | analista_comercial | asesor_comercial | backoffice | backoffice_comercial | comercial | esp_app | gerencia | gerencia_general | ing_servicio | jefe_comercial | jefe_financiero | jefe_logistica | jefe_operaciones | jefe_servicio | jefe_tecnico | jefe_ti | operaciones","","","","getConsumables"
"equipment-catalog","POST","/api/v1/equipment-catalog/:id/consumables","rol","si","acp_comercial | analista_comercial | asesor_comercial | backoffice | backoffice_comercial | comercial | esp_app | gerencia | gerencia_general | ing_servicio | jefe_comercial | jefe_financiero | jefe_logistica | jefe_operaciones | jefe_servicio | jefe_tecnico | jefe_ti | operaciones","","","","createConsumable"
"equipment-catalog","PUT","/api/v1/equipment-catalog/:id/consumables/:consumableId","rol","si","acp_comercial | analista_comercial | asesor_comercial | backoffice | backoffice_comercial | comercial | esp_app | gerencia | gerencia_general | ing_servicio | jefe_comercial | jefe_financiero | jefe_logistica | jefe_operaciones | jefe_servicio | jefe_tecnico | jefe_ti | operaciones","","","","updateConsumable"
"equipment-catalog","GET","/api/v1/equipment-catalog/:id/determinations","rol","si","acp_comercial | analista_comercial | asesor_comercial | backoffice | backoffice_comercial | comercial | esp_app | gerencia | gerencia_general | ing_servicio | jefe_comercial | jefe_financiero | jefe_logistica | jefe_operaciones | jefe_servicio | jefe_tecnico | jefe_ti | operaciones","","","","getDeterminations"
"equipment-catalog","POST","/api/v1/equipment-catalog/:id/determinations","rol","si","acp_comercial | analista_comercial | asesor_comercial | backoffice | backoffice_comercial | comercial | esp_app | gerencia | gerencia_general | ing_servicio | jefe_comercial | jefe_financiero | jefe_logistica | jefe_operaciones | jefe_servicio | jefe_tecnico | jefe_ti | operaciones","","","","createDetermination"
"equipment-catalog","POST","/api/v1/equipment-catalog/:id/formula","rol","si","admin | gerencia | jefe_servicio | jefe_tecnico","","","","updateFormula"
"equipment-management","GET","/api/v1/equipment-management/assets","rol","si","acp_comercial | admin | admin_ti | backoffice_comercial | comercial | gerencia | gerencia_general | jefe_comercial | jefe_logistica | jefe_operaciones | jefe_servicio | jefe_servicio_tecnico | jefe_tecnico | logistica | operaciones | servicio_tecnico | tecnico | ti","","","","(anonima)"
"equipment-management","POST","/api/v1/equipment-management/assets","rol","si","acp_comercial | admin | admin_ti | backoffice_comercial | comercial | gerencia | gerencia_general | jefe_comercial | jefe_logistica | jefe_operaciones | jefe_servicio | jefe_servicio_tecnico | jefe_tecnico | logistica | operaciones | servicio_tecnico | tecnico | ti  Y  acp_comercial | admin | admin_ti | backoffice_comercial | gerencia | gerencia_general | jefe_logistica | jefe_operaciones | jefe_servicio | jefe_servicio_tecnico | jefe_tecnico | logistica | operaciones | servicio_tecnico | tecnico | ti","","","","(anonima)"
"equipment-management","PATCH","/api/v1/equipment-management/assets/:id","rol","si","acp_comercial | admin | admin_ti | backoffice_comercial | comercial | gerencia | gerencia_general | jefe_comercial | jefe_logistica | jefe_operaciones | jefe_servicio | jefe_servicio_tecnico | jefe_tecnico | logistica | operaciones | servicio_tecnico | tecnico | ti  Y  acp_comercial | admin | admin_ti | backoffice_comercial | gerencia | gerencia_general | jefe_logistica | jefe_operaciones | jefe_servicio | jefe_servicio_tecnico | jefe_tecnico | logistica | operaciones | servicio_tecnico | tecnico | ti","","","","(anonima)"
"equipment-management","GET","/api/v1/equipment-management/assets/:id/documents","rol","si","acp_comercial | admin | admin_ti | backoffice_comercial | comercial | gerencia | gerencia_general | jefe_comercial | jefe_logistica | jefe_operaciones | jefe_servicio | jefe_servicio_tecnico | jefe_tecnico | logistica | operaciones | servicio_tecnico | tecnico | ti","","","","(anonima)"
"equipment-management","POST","/api/v1/equipment-management/assets/:id/documents","rol","si","acp_comercial | admin | admin_ti | backoffice_comercial | comercial | gerencia | gerencia_general | jefe_comercial | jefe_logistica | jefe_operaciones | jefe_servicio | jefe_servicio_tecnico | jefe_tecnico | logistica | operaciones | servicio_tecnico | tecnico | ti  Y  acp_comercial | admin | admin_ti | backoffice_comercial | gerencia | gerencia_general | jefe_logistica | jefe_operaciones | jefe_servicio | jefe_servicio_tecnico | jefe_tecnico | logistica | operaciones | servicio_tecnico | tecnico | ti","","","multerMiddleware","(anonima)"
"equipment-management","DELETE","/api/v1/equipment-management/assets/:id/documents/:documentId","rol","si","acp_comercial | admin | admin_ti | backoffice_comercial | comercial | gerencia | gerencia_general | jefe_comercial | jefe_logistica | jefe_operaciones | jefe_servicio | jefe_servicio_tecnico | jefe_tecnico | logistica | operaciones | servicio_tecnico | tecnico | ti  Y  acp_comercial | admin | admin_ti | backoffice_comercial | gerencia | gerencia_general | jefe_logistica | jefe_operaciones | jefe_servicio | jefe_servicio_tecnico | jefe_tecnico | logistica | operaciones | servicio_tecnico | tecnico | ti","","","","(anonima)"
"equipment-management","POST","/api/v1/equipment-management/assets/:id/install","rol","si","acp_comercial | admin | admin_ti | backoffice_comercial | comercial | gerencia | gerencia_general | jefe_comercial | jefe_logistica | jefe_operaciones | jefe_servicio | jefe_servicio_tecnico | jefe_tecnico | logistica | operaciones | servicio_tecnico | tecnico | ti  Y  acp_comercial | admin | admin_ti | backoffice_comercial | gerencia | gerencia_general | jefe_logistica | jefe_operaciones | jefe_servicio | jefe_servicio_tecnico | jefe_tecnico | logistica | operaciones | servicio_tecnico | tecnico | ti","","","","(anonima)"
"equipment-management","POST","/api/v1/equipment-management/assets/:id/reserve","rol","si","acp_comercial | admin | admin_ti | backoffice_comercial | comercial | gerencia | gerencia_general | jefe_comercial | jefe_logistica | jefe_operaciones | jefe_servicio | jefe_servicio_tecnico | jefe_tecnico | logistica | operaciones | servicio_tecnico | tecnico | ti  Y  acp_comercial | admin | admin_ti | backoffice_comercial | gerencia | gerencia_general | jefe_logistica | jefe_operaciones | jefe_servicio | jefe_servicio_tecnico | jefe_tecnico | logistica | operaciones | servicio_tecnico | tecnico | ti","","","","(anonima)"
"equipment-management","POST","/api/v1/equipment-management/assets/:id/status","rol","si","acp_comercial | admin | admin_ti | backoffice_comercial | comercial | gerencia | gerencia_general | jefe_comercial | jefe_logistica | jefe_operaciones | jefe_servicio | jefe_servicio_tecnico | jefe_tecnico | logistica | operaciones | servicio_tecnico | tecnico | ti  Y  acp_comercial | admin | admin_ti | backoffice_comercial | gerencia | gerencia_general | jefe_logistica | jefe_operaciones | jefe_servicio | jefe_servicio_tecnico | jefe_tecnico | logistica | operaciones | servicio_tecnico | tecnico | ti","","","","(anonima)"
"equipment-management","GET","/api/v1/equipment-management/assets/:id/timeline","rol","si","acp_comercial | admin | admin_ti | backoffice_comercial | comercial | gerencia | gerencia_general | jefe_comercial | jefe_logistica | jefe_operaciones | jefe_servicio | jefe_servicio_tecnico | jefe_tecnico | logistica | operaciones | servicio_tecnico | tecnico | ti","","","","(anonima)"
"equipment-management","GET","/api/v1/equipment-management/assets/reservations","rol","si","acp_comercial | admin | admin_ti | backoffice_comercial | comercial | gerencia | gerencia_general | jefe_comercial | jefe_logistica | jefe_operaciones | jefe_servicio | jefe_servicio_tecnico | jefe_tecnico | logistica | operaciones | servicio_tecnico | tecnico | ti","","","","(anonima)"
"equipment-management","POST","/api/v1/equipment-management/assets/reservations/:reservationId/release","rol","si","acp_comercial | admin | admin_ti | backoffice_comercial | comercial | gerencia | gerencia_general | jefe_comercial | jefe_logistica | jefe_operaciones | jefe_servicio | jefe_servicio_tecnico | jefe_tecnico | logistica | operaciones | servicio_tecnico | tecnico | ti  Y  acp_comercial | admin | admin_ti | backoffice_comercial | gerencia | gerencia_general | jefe_logistica | jefe_operaciones | jefe_servicio | jefe_servicio_tecnico | jefe_tecnico | logistica | operaciones | servicio_tecnico | tecnico | ti","","","","(anonima)"
"equipment-management","POST","/api/v1/equipment-management/assets/reservations/:reservationId/renew","rol","si","acp_comercial | admin | admin_ti | backoffice_comercial | comercial | gerencia | gerencia_general | jefe_comercial | jefe_logistica | jefe_operaciones | jefe_servicio | jefe_servicio_tecnico | jefe_tecnico | logistica | operaciones | servicio_tecnico | tecnico | ti  Y  acp_comercial | admin | admin_ti | backoffice_comercial | gerencia | gerencia_general | jefe_logistica | jefe_operaciones | jefe_servicio | jefe_servicio_tecnico | jefe_tecnico | logistica | operaciones | servicio_tecnico | tecnico | ti","","","","(anonima)"
"equipment-management","GET","/api/v1/equipment-management/models","rol","si","acp_comercial | admin | admin_ti | backoffice_comercial | comercial | gerencia | gerencia_general | jefe_comercial | jefe_logistica | jefe_operaciones | jefe_servicio | jefe_servicio_tecnico | jefe_tecnico | logistica | operaciones | servicio_tecnico | tecnico | ti","","","","(anonima)"
"equipment-management","GET","/api/v1/equipment-management/models/:id","rol","si","acp_comercial | admin | admin_ti | backoffice_comercial | comercial | gerencia | gerencia_general | jefe_comercial | jefe_logistica | jefe_operaciones | jefe_servicio | jefe_servicio_tecnico | jefe_tecnico | logistica | operaciones | servicio_tecnico | tecnico | ti","","","","(anonima)"
"equipment-management","POST","/api/v1/equipment-management/parts","rol","si","acp_comercial | admin | admin_ti | backoffice_comercial | comercial | gerencia | gerencia_general | jefe_comercial | jefe_logistica | jefe_operaciones | jefe_servicio | jefe_servicio_tecnico | jefe_tecnico | logistica | operaciones | servicio_tecnico | tecnico | ti  Y  acp_comercial | admin | admin_ti | gerencia | gerencia_general | jefe_comercial | jefe_servicio | jefe_servicio_tecnico | jefe_tecnico | ti","","","","(anonima)"
"equipment-management","POST","/api/v1/equipment-management/procedures","rol","si","acp_comercial | admin | admin_ti | backoffice_comercial | comercial | gerencia | gerencia_general | jefe_comercial | jefe_logistica | jefe_operaciones | jefe_servicio | jefe_servicio_tecnico | jefe_tecnico | logistica | operaciones | servicio_tecnico | tecnico | ti  Y  acp_comercial | admin | admin_ti | gerencia | gerencia_general | jefe_comercial | jefe_servicio | jefe_servicio_tecnico | jefe_tecnico | ti","","","","(anonima)"
"equipment-management","POST","/api/v1/equipment-management/procedures/:id/parts","rol","si","acp_comercial | admin | admin_ti | backoffice_comercial | comercial | gerencia | gerencia_general | jefe_comercial | jefe_logistica | jefe_operaciones | jefe_servicio | jefe_servicio_tecnico | jefe_tecnico | logistica | operaciones | servicio_tecnico | tecnico | ti  Y  acp_comercial | admin | admin_ti | gerencia | gerencia_general | jefe_comercial | jefe_servicio | jefe_servicio_tecnico | jefe_tecnico | ti","","","","(anonima)"
"equipment-management","GET","/api/v1/equipment-management/schedule","rol","si","acp_comercial | admin | admin_ti | backoffice_comercial | comercial | gerencia | gerencia_general | jefe_comercial | jefe_logistica | jefe_operaciones | jefe_servicio | jefe_servicio_tecnico | jefe_tecnico | logistica | operaciones | servicio_tecnico | tecnico | ti","","","","(anonima)"
"equipment-management","GET","/api/v1/equipment-management/statuses","rol","si","acp_comercial | admin | admin_ti | backoffice_comercial | comercial | gerencia | gerencia_general | jefe_comercial | jefe_logistica | jefe_operaciones | jefe_servicio | jefe_servicio_tecnico | jefe_tecnico | logistica | operaciones | servicio_tecnico | tecnico | ti","","","","(anonima)"
"equipment-purchases","GET","/api/v1/equipment-purchases","rol","si","acp_comercial | analista_comercial | asesor_comercial | backoffice | backoffice_comercial | comercial | gerencia | gerencia_general | jefe_comercial | jefe_logistica | jefe_operaciones | jefe_servicio_tecnico | jefe_tecnico | logistica | operaciones | tecnico","","","","(anonima)"
"equipment-purchases","POST","/api/v1/equipment-purchases","rol","si","acp_comercial | analista_comercial | asesor_comercial | comercial | gerencia | gerencia_general | jefe_comercial","","","","(anonima)"
"equipment-purchases","GET","/api/v1/equipment-purchases/:id","rol","si","acp_comercial | analista_comercial | asesor_comercial | backoffice | backoffice_comercial | comercial | gerencia | gerencia_general | jefe_comercial | jefe_logistica | jefe_operaciones | jefe_servicio_tecnico | jefe_tecnico | logistica | operaciones | tecnico","","","","(anonima)"
"equipment-purchases","POST","/api/v1/equipment-purchases/:id/activate-supply-control","rol","si","acp_comercial | gerencia | gerencia_general | jefe_comercial","","","(anonima)","(anonima)"
"equipment-purchases","POST","/api/v1/equipment-purchases/:id/cancel-order","rol","si","acp_comercial | gerencia | gerencia_general | jefe_comercial","","","(anonima)","(anonima)"
"equipment-purchases","PATCH","/api/v1/equipment-purchases/:id/checklist","rol","si","acp_comercial | analista_comercial | asesor_comercial | comercial | gerencia | gerencia_general | jefe_comercial","","","(anonima)","(anonima)"
"equipment-purchases","POST","/api/v1/equipment-purchases/:id/complete-delivery","rol","si","acp_comercial | gerencia | gerencia_general | jefe_comercial | jefe_logistica | jefe_operaciones | jefe_servicio_tecnico | jefe_tecnico | tecnico","","","(anonima)","(anonima)"
"equipment-purchases","GET","/api/v1/equipment-purchases/:id/compliance","rol","si","acp_comercial","","","","(anonima)"
"equipment-purchases","POST","/api/v1/equipment-purchases/:id/compliance/items/:requirementKey/evidence","rol","si","acp_comercial","","","multerMiddleware","(anonima)"
"equipment-purchases","PATCH","/api/v1/equipment-purchases/:id/compliance/items/:requirementKey/status","rol","si","acp_comercial","","","","(anonima)"
"equipment-purchases","PATCH","/api/v1/equipment-purchases/:id/compliance/procedure","rol","si","acp_comercial","","","","(anonima)"
"equipment-purchases","POST","/api/v1/equipment-purchases/:id/confirm-acp-availability","rol","si","acp_comercial","","","(anonima)","(anonima)"
"equipment-purchases","POST","/api/v1/equipment-purchases/:id/confirm-cu-availability","rol","si","acp_comercial | analista_comercial | asesor_comercial | comercial | gerencia | gerencia_general | jefe_comercial","","","(anonima)","(anonima)"
"equipment-purchases","POST","/api/v1/equipment-purchases/:id/confirm-import-awareness","rol","si","acp_comercial | gerencia | gerencia_general | jefe_comercial","","","(anonima)","(anonima)"
"equipment-purchases","POST","/api/v1/equipment-purchases/:id/control-operativo/complete","rol","si","acp_comercial | gerencia | gerencia_general | jefe_comercial | jefe_logistica | jefe_operaciones | jefe_servicio_tecnico | jefe_tecnico | tecnico","","","(anonima)","(anonima)"
"equipment-purchases","POST","/api/v1/equipment-purchases/:id/control-operativo/register-delivery","rol","si","acp_comercial | gerencia | gerencia_general | jefe_comercial | jefe_logistica | jefe_operaciones | jefe_servicio_tecnico | jefe_tecnico | tecnico","","","(anonima)","(anonima)"
"equipment-purchases","POST","/api/v1/equipment-purchases/:id/control-operativo/start","rol","si","acp_comercial | jefe_comercial","","","(anonima)","(anonima)"
"equipment-purchases","PATCH","/api/v1/equipment-purchases/:id/coordinate-inspection-date","rol","si","jefe_servicio_tecnico | jefe_tecnico","","","(anonima)","(anonima)"
"equipment-purchases","PATCH","/api/v1/equipment-purchases/:id/installation-workflow","rol","si","acp_comercial | gerencia | gerencia_general | jefe_comercial | jefe_logistica | jefe_operaciones | jefe_servicio_tecnico | jefe_tecnico | tecnico","","","(anonima)","(anonima)"
"equipment-purchases","POST","/api/v1/equipment-purchases/:id/mark-dispatch-ready","rol","si","acp_comercial | gerencia | gerencia_general | jefe_comercial | jefe_logistica | jefe_operaciones | jefe_servicio_tecnico | jefe_tecnico | tecnico","","","(anonima)","(anonima)"
"equipment-purchases","POST","/api/v1/equipment-purchases/:id/mark-equipment-arrived","rol","si","acp_comercial | gerencia | gerencia_general | jefe_comercial | jefe_logistica | jefe_operaciones | jefe_servicio_tecnico | jefe_tecnico | tecnico","","","(anonima)","(anonima)"
"equipment-purchases","POST","/api/v1/equipment-purchases/:id/offer/signed","rol","si","acp_comercial | analista_comercial | asesor_comercial | backoffice | backoffice_comercial | comercial | gerencia | gerencia_general | jefe_comercial","","","(anonima)","(anonima)"
"equipment-purchases","PATCH","/api/v1/equipment-purchases/:id/ops-approve-supply","rol","si","acp_comercial | gerencia | gerencia_general | jefe_comercial | jefe_operaciones | operaciones","","","(anonima)","(anonima)"
"equipment-purchases","PATCH","/api/v1/equipment-purchases/:id/portal-checklist","rol","si","acp_comercial | gerencia | gerencia_general | jefe_comercial","","","(anonima)","(anonima)"
"equipment-purchases","POST","/api/v1/equipment-purchases/:id/provider-response","rol","si","acp_comercial | gerencia | gerencia_general | jefe_comercial","","","(anonima)","(anonima)"
"equipment-purchases","PATCH","/api/v1/equipment-purchases/:id/public-portal-outcome","rol","si","acp_comercial | gerencia | gerencia_general | jefe_comercial","","","(anonima)","(anonima)"
"equipment-purchases","POST","/api/v1/equipment-purchases/:id/register-dispatch","rol","si","acp_comercial | gerencia | gerencia_general | jefe_comercial | jefe_logistica | logistica","","","(anonima)","(anonima)"
"equipment-purchases","POST","/api/v1/equipment-purchases/:id/register-participation-decision","rol","si","acp_comercial | gerencia | gerencia_general | jefe_comercial","","","(anonima)","(anonima)"
"equipment-purchases","POST","/api/v1/equipment-purchases/:id/register-serial","rol","si","acp_comercial | gerencia | gerencia_general | jefe_comercial | jefe_logistica | jefe_operaciones | jefe_servicio_tecnico | jefe_tecnico | tecnico","","","(anonima)","(anonima)"
"equipment-purchases","POST","/api/v1/equipment-purchases/:id/renew-reservation","rol","si","acp_comercial | gerencia | gerencia_general | jefe_comercial","","","(anonima)","(anonima)"
"equipment-purchases","POST","/api/v1/equipment-purchases/:id/request-delivery-dates","rol","si","acp_comercial | gerencia | gerencia_general | jefe_comercial | jefe_logistica | jefe_operaciones | jefe_servicio_tecnico | jefe_tecnico | tecnico","","","(anonima)","(anonima)"
"equipment-purchases","POST","/api/v1/equipment-purchases/:id/request-inspection","rol","si","acp_comercial","","","(anonima)","(anonima)"
"equipment-purchases","POST","/api/v1/equipment-purchases/:id/request-proforma","rol","si","acp_comercial | gerencia | gerencia_general | jefe_comercial","","","(anonima)","(anonima)"
"equipment-purchases","POST","/api/v1/equipment-purchases/:id/request-supply","rol","si","acp_comercial | analista_comercial | asesor_comercial | backoffice | backoffice_comercial | comercial | gerencia | gerencia_general | jefe_comercial","","","(anonima)","(anonima)"
"equipment-purchases","POST","/api/v1/equipment-purchases/:id/reserve","rol","si","acp_comercial | gerencia | gerencia_general | jefe_comercial","","","(anonima)","(anonima)"
"equipment-purchases","POST","/api/v1/equipment-purchases/:id/return-to-commercial","rol","si","acp_comercial | gerencia | gerencia_general | jefe_comercial","","","(anonima)","(anonima)"
"equipment-purchases","PATCH","/api/v1/equipment-purchases/:id/review-inspection-date","rol","si","jefe_servicio_tecnico | jefe_tecnico","","","(anonima)","(anonima)"
"equipment-purchases","POST","/api/v1/equipment-purchases/:id/send-offer","rol","si","acp_comercial | analista_comercial | asesor_comercial | backoffice | backoffice_comercial | comercial | gerencia | gerencia_general | jefe_comercial","","","(anonima)","(anonima)"
"equipment-purchases","POST","/api/v1/equipment-purchases/:id/send-to-acp","rol","si","acp_comercial | analista_comercial | asesor_comercial | comercial | gerencia | gerencia_general | jefe_comercial","","","(anonima)","(anonima)"
"equipment-purchases","PATCH","/api/v1/equipment-purchases/:id/sercop","rol","si","acp_comercial | gerencia | gerencia_general | jefe_comercial","","","(anonima)","(anonima)"
"equipment-purchases","POST","/api/v1/equipment-purchases/:id/set-availability","rol","si","acp_comercial | gerencia | gerencia_general | jefe_comercial","","","(anonima)","(anonima)"
"equipment-purchases","POST","/api/v1/equipment-purchases/:id/set-equipment-ready","rol","si","acp_comercial | analista_comercial | asesor_comercial | backoffice | backoffice_comercial | comercial | gerencia | gerencia_general | jefe_comercial","","","(anonima)","(anonima)"
"equipment-purchases","POST","/api/v1/equipment-purchases/:id/set-private-modality","rol","si","acp_comercial | analista_comercial | asesor_comercial | backoffice | backoffice_comercial | comercial | gerencia | gerencia_general | jefe_comercial","","","(anonima)","(anonima)"
"equipment-purchases","POST","/api/v1/equipment-purchases/:id/set-purchase-type","rol","si","acp_comercial | analista_comercial | asesor_comercial | backoffice | backoffice_comercial | comercial | gerencia | gerencia_general | jefe_comercial","","","(anonima)","(anonima)"
"equipment-purchases","PATCH","/api/v1/equipment-purchases/:id/site-inspection","rol","si","jefe_servicio_tecnico | jefe_tecnico | tecnico","","","(anonima)","(anonima)"
"equipment-purchases","POST","/api/v1/equipment-purchases/:id/start-availability","rol","si","acp_comercial | gerencia | gerencia_general | jefe_comercial","","","(anonima)","(anonima)"
"equipment-purchases","POST","/api/v1/equipment-purchases/:id/start-business-case","rol","si","acp_comercial | analista_comercial | asesor_comercial | backoffice | backoffice_comercial | comercial | gerencia | gerencia_general | jefe_comercial","","","(anonima)","(anonima)"
"equipment-purchases","POST","/api/v1/equipment-purchases/:id/submit-delivery-dates","rol","si","acp_comercial | gerencia | gerencia_general | jefe_comercial | jefe_logistica | jefe_operaciones | jefe_servicio_tecnico | jefe_tecnico | tecnico","","","(anonima)","(anonima)"
"equipment-purchases","POST","/api/v1/equipment-purchases/:id/submit-signed-proforma-with-inspection","rol","si","acp_comercial","","","(anonima) | multerMiddleware","(anonima)"
"equipment-purchases","GET","/api/v1/equipment-purchases/:id/timeline","rol","si","acp_comercial | analista_comercial | asesor_comercial | backoffice | backoffice_comercial | comercial | gerencia | gerencia_general | jefe_comercial | jefe_logistica | jefe_operaciones | jefe_servicio_tecnico | jefe_tecnico | logistica | operaciones | tecnico","","","","(anonima)"
"equipment-purchases","POST","/api/v1/equipment-purchases/:id/transfer-reservation","rol","si","acp_comercial | gerencia | gerencia_general | jefe_comercial","","","(anonima)","(anonima)"
"equipment-purchases","POST","/api/v1/equipment-purchases/:id/transition","rol","si","acp_comercial | analista_comercial | asesor_comercial | backoffice | backoffice_comercial | comercial | gerencia | gerencia_general | jefe_comercial | jefe_logistica | jefe_operaciones | jefe_servicio_tecnico | jefe_tecnico | logistica | operaciones | tecnico","","","(anonima)","(anonima)"
"equipment-purchases","GET","/api/v1/equipment-purchases/:id/transitions","rol","si","acp_comercial | analista_comercial | asesor_comercial | backoffice | backoffice_comercial | comercial | gerencia | gerencia_general | jefe_comercial | jefe_logistica | jefe_operaciones | jefe_servicio_tecnico | jefe_tecnico | logistica | operaciones | tecnico","","","(anonima)","(anonima)"
"equipment-purchases","POST","/api/v1/equipment-purchases/:id/upload-contract","rol","si","acp_comercial | gerencia | gerencia_general | jefe_comercial","","","(anonima) | multerMiddleware","(anonima)"
"equipment-purchases","POST","/api/v1/equipment-purchases/:id/upload-proforma","rol","si","acp_comercial | gerencia | gerencia_general | jefe_comercial","","","(anonima) | multerMiddleware","(anonima)"
"equipment-purchases","POST","/api/v1/equipment-purchases/:id/upload-signed-proforma","rol","si","acp_comercial","","","(anonima) | multerMiddleware","(anonima)"
"equipment-purchases","GET","/api/v1/equipment-purchases/:id/visibility-config","rol","si","acp_comercial | analista_comercial | asesor_comercial | backoffice | backoffice_comercial | comercial | gerencia | gerencia_general | jefe_comercial | jefe_logistica | jefe_operaciones | jefe_servicio_tecnico | jefe_tecnico | logistica | operaciones | tecnico","","","(anonima)","(anonima)"
"equipment-purchases","GET","/api/v1/equipment-purchases/active-reservations","rol","si","acp_comercial | gerencia | gerencia_general | jefe_comercial","","","","(anonima)"
"equipment-purchases","GET","/api/v1/equipment-purchases/compliance/shared-documents","rol","si","acp_comercial","","","","(anonima)"
"equipment-purchases","POST","/api/v1/equipment-purchases/compliance/shared-documents/:documentType","rol","si","acp_comercial","","","multerMiddleware","(anonima)"
"equipment-purchases","GET","/api/v1/equipment-purchases/events","rol","si","acp_comercial | analista_comercial | asesor_comercial | backoffice | backoffice_comercial | comercial | gerencia | gerencia_general | jefe_comercial | jefe_logistica | jefe_operaciones | jefe_servicio_tecnico | jefe_tecnico | logistica | operaciones | tecnico","","","attachTokenFromQuery","streamPurchaseUpdates"
"equipment-purchases","GET","/api/v1/equipment-purchases/freed-reservations","rol","si","acp_comercial | gerencia | gerencia_general | jefe_comercial","","","","(anonima)"
"equipment-purchases","GET","/api/v1/equipment-purchases/meta","rol","si","acp_comercial | analista_comercial | asesor_comercial | backoffice | backoffice_comercial | comercial | gerencia | gerencia_general | jefe_comercial | jefe_logistica | jefe_operaciones | jefe_servicio_tecnico | jefe_tecnico | logistica | operaciones | tecnico","","","","(anonima)"
"equipment-purchases","GET","/api/v1/equipment-purchases/provider-contacts","rol","si","acp_comercial | gerencia | gerencia_general | jefe_comercial","","","","(anonima)"
"equipment-purchases","POST","/api/v1/equipment-purchases/provider-contacts","rol","si","acp_comercial | gerencia | gerencia_general | jefe_comercial","","","","(anonima)"
"equipment-purchases","GET","/api/v1/equipment-purchases/stats","rol","si","acp_comercial | gerencia | gerencia_general | jefe_comercial","","","","(anonima)"
"equipment-purchases","GET","/api/v1/equipment-purchases/technical-schedule","rol","si","acp_comercial | analista_comercial | asesor_comercial | backoffice | backoffice_comercial | comercial | gerencia | gerencia_general | jefe_comercial | jefe_logistica | jefe_operaciones | jefe_servicio_tecnico | jefe_tecnico | logistica | operaciones | tecnico","","","","(anonima)"
"famdays","GET","/api/v1/famdays/access/me","solo_autenticado","si","","","","","getMyAccess"
"famdays","GET","/api/v1/famdays/configurators","solo_autenticado","si","","","","","listConfigurators"
"famdays","PUT","/api/v1/famdays/configurators","solo_autenticado","si","","","","","setConfigurators"
"famdays","GET","/api/v1/famdays/events","solo_autenticado","si","","","","(anonima)","listEvents"
"famdays","POST","/api/v1/famdays/events","solo_autenticado","si","","","","","createEvent"
"famdays","DELETE","/api/v1/famdays/events/:eventId","solo_autenticado","si","","","","","deleteEvent"
"famdays","GET","/api/v1/famdays/events/:eventId","solo_autenticado","si","","","","requireFamDaysAccess | (anonima)","getEvent"
"famdays","PATCH","/api/v1/famdays/events/:eventId","solo_autenticado","si","","","","","updateEvent"
"famdays","GET","/api/v1/famdays/events/:eventId/aporte-rankings","solo_autenticado","si","","","","requireFamDaysAccess | (anonima)","getAporteRankings"
"famdays","GET","/api/v1/famdays/events/:eventId/post-qa","solo_autenticado","si","","","","(anonima)","getPostEventQA"
"famdays","GET","/api/v1/famdays/events/:eventId/presentations","solo_autenticado","si","","","","requireFamDaysAccess | (anonima)","getPresentations"
"famdays","POST","/api/v1/famdays/events/:eventId/presentations","solo_autenticado","si","","","","","createPresentation"
"famdays","GET","/api/v1/famdays/events/:eventId/qr","solo_autenticado","si","","","","","getActiveEventQr"
"famdays","POST","/api/v1/famdays/events/:eventId/qr/regenerate","solo_autenticado","si","","","","","regenerateEventQr"
"famdays","GET","/api/v1/famdays/events/:eventId/questions","solo_autenticado","si","","","","requireFamDaysAccess | (anonima)","getEventQuestions"
"famdays","POST","/api/v1/famdays/events/:eventId/questions","solo_autenticado","si","","","","requireFamDaysAccess | (anonima)","createEventQuestion"
"famdays","GET","/api/v1/famdays/events/:eventId/summary","solo_autenticado","si","","","","(anonima)","getEventSummary"
"famdays","GET","/api/v1/famdays/events/admin/current","solo_autenticado","si","","","","(anonima)","getAdminCurrentEvent"
"famdays","GET","/api/v1/famdays/events/current","solo_autenticado","si","","","","requireFamDaysAccess | (anonima)","getCurrentEvent"
"famdays","DELETE","/api/v1/famdays/presentations/:presentationId","solo_autenticado","si","","","","","deletePresentation"
"famdays","GET","/api/v1/famdays/presentations/:presentationId","solo_autenticado","si","","","","requireFamDaysAccess | (anonima)","getPresentation"
"famdays","PATCH","/api/v1/famdays/presentations/:presentationId","solo_autenticado","si","","","","","updatePresentation"
"famdays","GET","/api/v1/famdays/presentations/:presentationId/questions","solo_autenticado","si","","","","requireFamDaysAccess | (anonima)","getQuestions"
"famdays","POST","/api/v1/famdays/presentations/:presentationId/questions","solo_autenticado","si","","","","requireFamDaysAccess | (anonima)","createQuestion"
"famdays","GET","/api/v1/famdays/qr/:token","solo_autenticado","si","","","","","getQrByToken"
"famdays","PATCH","/api/v1/famdays/questions/:questionId/answer","solo_autenticado","si","","","","","answerQuestion"
"famdays","PATCH","/api/v1/famdays/questions/:questionId/hide","solo_autenticado","si","","","","","hideQuestion"
"famdays","PATCH","/api/v1/famdays/questions/:questionId/highlight","solo_autenticado","si","","","","","highlightQuestion"
"famdays","PATCH","/api/v1/famdays/questions/:questionId/moderate","solo_autenticado","si","","","","","moderateQuestion"
"famdays","POST","/api/v1/famdays/questions/:questionId/rate-aporte","solo_autenticado","si","","","","requireFamDaysAccess","rateAporte"
"famsheets","GET","/api/v1/famsheets","rol","si","acp_comercial | analista_comercial | asesor_comercial | backoffice_comercial | comercial | director | gerencia | gerencia_general | jefe_comercial | jefe_operaciones | jefe_tecnico | operaciones | servicio_tecnico","","","","listOpportunities"
"famsheets","POST","/api/v1/famsheets","rol","si","acp_comercial | analista_comercial | asesor_comercial | backoffice_comercial | comercial | gerencia | gerencia_general | jefe_comercial","","","","createOpportunity"
"famsheets","GET","/api/v1/famsheets/:id","rol","si","acp_comercial | analista_comercial | asesor_comercial | backoffice_comercial | comercial | director | gerencia | gerencia_general | jefe_comercial | jefe_operaciones | jefe_tecnico | operaciones | servicio_tecnico","","","","getOpportunity"
"famsheets","PUT","/api/v1/famsheets/:id","rol","si","acp_comercial | analista_comercial | asesor_comercial | backoffice_comercial | comercial | gerencia | gerencia_general | jefe_comercial","","","","updateOpportunity"
"famsheets","POST","/api/v1/famsheets/:id/actions","rol","si","acp_comercial | analista_comercial | asesor_comercial | backoffice_comercial | comercial | gerencia | gerencia_general | jefe_comercial","","","","upsertAction"
"famsheets","DELETE","/api/v1/famsheets/:id/actions/:actionId","rol","si","acp_comercial | analista_comercial | asesor_comercial | backoffice_comercial | comercial | gerencia | gerencia_general | jefe_comercial","","","","deleteAction"
"famsheets","POST","/api/v1/famsheets/:id/comments","rol","si","acp_comercial | analista_comercial | asesor_comercial | backoffice_comercial | comercial | gerencia | gerencia_general | jefe_comercial","","","","createComment"
"famsheets","DELETE","/api/v1/famsheets/:id/comments/:commentId","rol","si","acp_comercial | analista_comercial | asesor_comercial | backoffice_comercial | comercial | gerencia | gerencia_general | jefe_comercial","","","","deleteComment"
"famsheets","POST","/api/v1/famsheets/:id/competitors","rol","si","acp_comercial | analista_comercial | asesor_comercial | backoffice_comercial | comercial | gerencia | gerencia_general | jefe_comercial","","","","upsertCompetitor"
"famsheets","DELETE","/api/v1/famsheets/:id/competitors/:competitorId","rol","si","acp_comercial | analista_comercial | asesor_comercial | backoffice_comercial | comercial | gerencia | gerencia_general | jefe_comercial","","","","deleteCompetitor"
"famsheets","POST","/api/v1/famsheets/:id/flags","rol","si","acp_comercial | analista_comercial | asesor_comercial | backoffice_comercial | comercial | gerencia | gerencia_general | jefe_comercial","","","","upsertFlag"
"famsheets","DELETE","/api/v1/famsheets/:id/flags/:flagId","rol","si","acp_comercial | analista_comercial | asesor_comercial | backoffice_comercial | comercial | gerencia | gerencia_general | jefe_comercial","","","","deleteFlag"
"famsheets","POST","/api/v1/famsheets/:id/influences","rol","si","acp_comercial | analista_comercial | asesor_comercial | backoffice_comercial | comercial | gerencia | gerencia_general | jefe_comercial","","","","upsertInfluence"
"famsheets","DELETE","/api/v1/famsheets/:id/influences/:influenceId","rol","si","acp_comercial | analista_comercial | asesor_comercial | backoffice_comercial | comercial | gerencia | gerencia_general | jefe_comercial","","","","deleteInfluence"
"famsheets","POST","/api/v1/famsheets/:id/links","rol","si","acp_comercial | analista_comercial | asesor_comercial | backoffice_comercial | comercial | gerencia | gerencia_general | jefe_comercial","","","","linkProcess"
"famsheets","DELETE","/api/v1/famsheets/:id/links/:linkId","rol","si","acp_comercial | analista_comercial | asesor_comercial | backoffice_comercial | comercial | gerencia | gerencia_general | jefe_comercial","","","","unlinkProcess"
"famsheets","PUT","/api/v1/famsheets/:id/rating","rol","si","acp_comercial | analista_comercial | asesor_comercial | backoffice_comercial | comercial | gerencia | gerencia_general | jefe_comercial","","","","updateRating"
"famsheets","GET","/api/v1/famsheets/accounts","rol","si","acp_comercial | analista_comercial | asesor_comercial | backoffice_comercial | comercial | director | gerencia | gerencia_general | jefe_comercial | jefe_operaciones | jefe_tecnico | operaciones | servicio_tecnico","","","","listAccounts"
"famsheets","POST","/api/v1/famsheets/accounts","rol","si","acp_comercial | analista_comercial | asesor_comercial | backoffice_comercial | comercial | gerencia | gerencia_general | jefe_comercial","","","","createAccount"
"famsheets","GET","/api/v1/famsheets/contacts","rol","si","acp_comercial | analista_comercial | asesor_comercial | backoffice_comercial | comercial | director | gerencia | gerencia_general | jefe_comercial | jefe_operaciones | jefe_tecnico | operaciones | servicio_tecnico","","","","listContacts"
"famsheets","POST","/api/v1/famsheets/contacts","rol","si","acp_comercial | analista_comercial | asesor_comercial | backoffice_comercial | comercial | gerencia | gerencia_general | jefe_comercial","","","","createContact"
"famsheets","GET","/api/v1/famsheets/dashboard/manager","rol","si","acp_comercial | analista_comercial | asesor_comercial | backoffice_comercial | comercial | director | gerencia | gerencia_general | jefe_comercial | jefe_operaciones | jefe_tecnico | operaciones | servicio_tecnico","","","","getManagerDashboard"
"famsheets","GET","/api/v1/famsheets/process-lookup/:type/:processId","rol","si","acp_comercial | analista_comercial | asesor_comercial | backoffice_comercial | comercial | director | gerencia | gerencia_general | jefe_comercial | jefe_operaciones | jefe_tecnico | operaciones | servicio_tecnico","","","","lookupProcess"
"files","DELETE","/api/v1/files/:fileId","rol","si","admin | gerencia","","","","(anonima)"
"files","GET","/api/v1/files/:fileId/download","solo_autenticado","si","","","","","(anonima)"
"files","GET","/api/v1/files/:fileId/metadata","solo_autenticado","si","","","","","(anonima)"
"files","GET","/api/v1/files/by-request/:requestId","rol","si","comercial | gerencia | tecnico","","","","(anonima)"
"files","POST","/api/v1/files/upload/:requestId","rol","si","comercial | gerencia | tecnico","","","multerMiddleware","(anonima)"
"finanzas","GET","/api/v1/finanzas/api/v1/inventory","rol","si","finanzas | gerencia","","","","listInventory"
"finanzas","POST","/api/v1/finanzas/api/v1/inventory/move","rol","si","finanzas | gerencia","","","","moveInventory"
"finanzas","GET","/api/v1/finanzas/api/v1/inventory/report","rol","si","finanzas | gerencia","","","","report"
"finanzas","POST","/api/v1/finanzas/api/v1/inventory/sync","rol","si","finanzas | gerencia","","","","syncWithSilver"
"gmail-context","GET","/api/v1/gmail-context/addon/communications","publico","no","","","","verifyAddonIdentity","list"
"gmail-context","POST","/api/v1/gmail-context/addon/communications","publico","no","","","","verifyAddonIdentity","register"
"gmail-context","POST","/api/v1/gmail-context/addon/communications/:id/auto-link","publico","no","","","","verifyAddonIdentity","autoLink"
"gmail-context","GET","/api/v1/gmail-context/addon/communications/:id/client-suggestions","publico","no","","","","verifyAddonIdentity","clientSuggestions"
"gmail-context","POST","/api/v1/gmail-context/addon/communications/:id/link","publico","no","","","","verifyAddonIdentity","link"
"gmail-context","GET","/api/v1/gmail-context/addon/communications/:id/process-candidates","publico","no","","","","verifyAddonIdentity","processCandidates"
"gmail-context","GET","/api/v1/gmail-context/addon/search/clients","publico","no","","","","verifyAddonIdentity","searchClients"
"gmail-context","GET","/api/v1/gmail-context/addon/search/processes","publico","no","","","","verifyAddonIdentity","searchProcesses"
"gmail-context","GET","/api/v1/gmail-context/communications","solo_autenticado","si","","","","","list"
"gmail-context","POST","/api/v1/gmail-context/communications","solo_autenticado","si","","","","","register"
"gmail-context","POST","/api/v1/gmail-context/communications/:id/auto-link","solo_autenticado","si","","","","","autoLink"
"gmail-context","GET","/api/v1/gmail-context/communications/:id/client-suggestions","solo_autenticado","si","","","","","clientSuggestions"
"gmail-context","POST","/api/v1/gmail-context/communications/:id/link","solo_autenticado","si","","","","","link"
"gmail-context","GET","/api/v1/gmail-context/communications/:id/process-candidates","solo_autenticado","si","","","","","processCandidates"
"gmail-context","GET","/api/v1/gmail-context/search/clients","solo_autenticado","si","","","","","searchClients"
"gmail-context","GET","/api/v1/gmail-context/search/processes","solo_autenticado","si","","","","","searchProcesses"
"gmail","GET","/api/v1/gmail/auth/callback","publico","no","","","","","(anonima)"
"gmail","DELETE","/api/v1/gmail/auth/revoke","solo_autenticado","si","","","","","(anonima)"
"gmail","GET","/api/v1/gmail/auth/status","solo_autenticado","si","","","","","(anonima)"
"gmail","GET","/api/v1/gmail/auth/url","solo_autenticado","si","","","","","(anonima)"
"gmail","POST","/api/v1/gmail/send","solo_autenticado","si","","","","","(anonima)"
"hiring-pipeline","GET","/api/v1/hiring-pipeline/entries/:entryId","rol","si","admin | gerencia | gerencia_general | jefe_talento_humano | talento_humano","","","","getEntry"
"hiring-pipeline","POST","/api/v1/hiring-pipeline/entries/:entryId/contract","rol","si","admin | gerencia | gerencia_general | jefe_talento_humano | talento_humano","","","multerMiddleware","(anonima)"
"hiring-pipeline","POST","/api/v1/hiring-pipeline/entries/:entryId/proposals","rol","si","admin | gerencia | gerencia_general | jefe_talento_humano | talento_humano","","","","createSalaryProposal"
"hiring-pipeline","PATCH","/api/v1/hiring-pipeline/entries/:entryId/proposals/:proposalId","rol","si","admin | gerencia | gerencia_general | jefe_talento_humano | talento_humano","","","","updateProposalResponse"
"hiring-pipeline","POST","/api/v1/hiring-pipeline/entries/:entryId/reactivate","rol","si","admin | gerencia | gerencia_general | jefe_talento_humano | talento_humano","","","","reactivateApplicant"
"hiring-pipeline","POST","/api/v1/hiring-pipeline/entries/:entryId/salary-offer","rol","si","admin | gerencia | gerencia_general | jefe_talento_humano | talento_humano","","","multerMiddleware","(anonima)"
"hiring-pipeline","PATCH","/api/v1/hiring-pipeline/entries/:entryId/stages/:stage","rol","si","admin | gerencia | gerencia_general | jefe_talento_humano | talento_humano","","","","updateStageData"
"hiring-pipeline","POST","/api/v1/hiring-pipeline/entries/:entryId/stages/:stage/advance","rol","si","admin | gerencia | gerencia_general | jefe_talento_humano | talento_humano","","","","advanceStage"
"hiring-pipeline","POST","/api/v1/hiring-pipeline/entries/:entryId/stages/:stage/reject","rol","si","admin | gerencia | gerencia_general | jefe_talento_humano | talento_humano","","","","rejectApplicant"
"hiring-pipeline","GET","/api/v1/hiring-pipeline/my-test-assignments","solo_autenticado","si","","","","","getMyTestAssignments"
"hiring-pipeline","PATCH","/api/v1/hiring-pipeline/my-test-assignments/:entryId/confirm","solo_autenticado","si","","","","","confirmTestDate"
"hiring-pipeline","POST","/api/v1/hiring-pipeline/my-test-assignments/:entryId/result","solo_autenticado","si","","","","","submitTestResult"
"hiring-pipeline","GET","/api/v1/hiring-pipeline/request/:requestId","rol","si","admin | gerencia | gerencia_general | jefe_talento_humano | talento_humano","","","","getRequestPipeline"
"hiring-pipeline","POST","/api/v1/hiring-pipeline/request/:requestId/:entryId/hire","rol","si","admin | gerencia | gerencia_general | jefe_talento_humano | talento_humano","","","","finalizeHiring"
"hiring-pipeline","POST","/api/v1/hiring-pipeline/request/:requestId/start","rol","si","admin | gerencia | gerencia_general | jefe_talento_humano | talento_humano","","","","startEvaluation"
"hiring-pipeline","GET","/api/v1/hiring-pipeline/users","rol","si","admin | gerencia | gerencia_general | jefe_talento_humano | talento_humano","","","","getInternalUsers"
"hiring-pipeline","GET","/api/v1/hiring-pipeline/users/role","rol","si","admin | gerencia | gerencia_general | jefe_talento_humano | talento_humano","","","","getUsersByRole"
"integrations","POST","/api/v1/integrations/crm/webhook","publico","no","","","","","receiveWebhook"
"integrations","POST","/api/v1/integrations/external-cases/sync/process-queue","rol","si","admin | admin_ti | administrador | gerencia | gerencia_general | jefe_servicio_tecnico | jefe_tecnico | jefe_ti | ti","","","","processExternalSyncQueue"
"integrations","GET","/api/v1/integrations/health","rol","si","admin_ti | gerencia | gerencia_general | jefe_servicio_tecnico | jefe_tecnico | jefe_ti | servicio_tecnico | tecnico | ti","","","","getHealth"
"integrations","GET","/api/v1/integrations/product-map","rol","si","admin | admin_ti | administrador | gerencia | gerencia_general | jefe_servicio_tecnico | jefe_tecnico | jefe_ti | ti","","","","listProductMap"
"integrations","POST","/api/v1/integrations/product-map","rol","si","admin | admin_ti | administrador | gerencia | gerencia_general | jefe_servicio_tecnico | jefe_tecnico | jefe_ti | ti","","","","upsertProductMap"
"integrations","PATCH","/api/v1/integrations/product-map/:id","rol","si","admin | admin_ti | administrador | gerencia | gerencia_general | jefe_servicio_tecnico | jefe_tecnico | jefe_ti | ti","","","","patchProductMap"
"integrations","GET","/api/v1/integrations/product-map/coverage-report","rol","si","admin | admin_ti | administrador | gerencia | gerencia_general | jefe_servicio_tecnico | jefe_tecnico | jefe_ti | ti","","","","getProductMapCoverageReport"
"inventario","GET","/api/v1/inventario","solo_autenticado","si","","","","","(anonima)"
"inventario","GET","/api/v1/inventario/equipos-cliente/:cliente_id","solo_autenticado","si","","","","","(anonima)"
"inventario","GET","/api/v1/inventario/equipos-disponibles","solo_autenticado","si","","","","","(anonima)"
"inventario","POST","/api/v1/inventario/equipos-unidad","rol","si","acp_comercial | admin | admin_ti | backoffice_comercial | comercial | gerencia | jefe_comercial | jefe_logistica | jefe_operaciones | jefe_servicio_tecnico | jefe_tecnico | logistica | operaciones | servicio_tecnico | tecnico | ti","","","","(anonima)"
"inventario","POST","/api/v1/inventario/equipos-unidad/:id/asignar","rol","si","admin | admin_ti | finanzas | gerencia | jefe_finanzas | jefe_logistica | jefe_operaciones | jefe_servicio_tecnico | jefe_tecnico | logistica | operaciones | servicio_tecnico | tecnico | ti","","","","(anonima)"
"inventario","POST","/api/v1/inventario/equipos-unidad/:id/cambiar-estado","rol","si","admin | admin_ti | finanzas | gerencia | jefe_finanzas | jefe_logistica | jefe_operaciones | jefe_servicio_tecnico | jefe_tecnico | logistica | operaciones | servicio_tecnico | tecnico | ti","","","","(anonima)"
"inventario","GET","/api/v1/inventario/equipos-unidad/:id/historial","rol","si","admin | admin_ti | finanzas | gerencia | jefe_finanzas | jefe_logistica | jefe_operaciones | jefe_servicio_tecnico | jefe_tecnico | logistica | operaciones | servicio_tecnico | tecnico | ti","","","","(anonima)"
"inventario","POST","/api/v1/inventario/equipos-unidad/:id/serial","rol","si","admin | admin_ti | finanzas | gerencia | jefe_finanzas | jefe_logistica | jefe_operaciones | jefe_servicio_tecnico | jefe_tecnico | logistica | operaciones | servicio_tecnico | tecnico | ti","","","","(anonima)"
"inventario","GET","/api/v1/inventario/modelos","solo_autenticado","si","","","","","(anonima)"
"inventario","PUT","/api/v1/inventario/modelos/:id","rol","si","admin | admin_ti | finanzas | gerencia | jefe_finanzas | jefe_logistica | jefe_operaciones | jefe_servicio_tecnico | jefe_tecnico | logistica | operaciones | servicio_tecnico | tecnico | ti","","","","(anonima)"
"inventario","POST","/api/v1/inventario/movimiento","rol","si","admin | admin_ti | finanzas | gerencia | jefe_finanzas | jefe_logistica | jefe_operaciones | jefe_servicio_tecnico | jefe_tecnico | logistica | operaciones | servicio_tecnico | tecnico | ti","","","","(anonima)"
"kickoff","GET","/api/v1/kickoff/events","rol","si","jefe_ti","","","(anonima)","listEvents"
"kickoff","POST","/api/v1/kickoff/events","rol","si","jefe_ti","","","","createEvent"
"kickoff","DELETE","/api/v1/kickoff/events/:eventId","rol","si","jefe_ti","","","","deleteEvent"
"kickoff","GET","/api/v1/kickoff/events/:eventId","solo_autenticado","si","","","","requireKickoffAccess | (anonima)","getEvent"
"kickoff","PATCH","/api/v1/kickoff/events/:eventId","rol","si","jefe_ti","","","","updateEvent"
"kickoff","GET","/api/v1/kickoff/events/:eventId/aporte-rankings","solo_autenticado","si","","","","requireKickoffAccess | (anonima)","getAporteRankings"
"kickoff","GET","/api/v1/kickoff/events/:eventId/post-qa","solo_autenticado","si","","","","requireReportAccess | (anonima)","getPostEventQA"
"kickoff","GET","/api/v1/kickoff/events/:eventId/presentations","solo_autenticado","si","","","","requireKickoffAccess | (anonima)","getPresentations"
"kickoff","POST","/api/v1/kickoff/events/:eventId/presentations","rol","si","jefe_ti","","","","createPresentation"
"kickoff","GET","/api/v1/kickoff/events/:eventId/summary","solo_autenticado","si","","","","requireReportAccess | (anonima)","getEventSummary"
"kickoff","GET","/api/v1/kickoff/events/:eventId/tiebreaker","solo_autenticado","si","","","","requireKickoffAccess | (anonima)","getTiebreakerStatus"
"kickoff","POST","/api/v1/kickoff/events/:eventId/tiebreaker/start","rol","si","jefe_ti","","","","startTiebreakerRound"
"kickoff","GET","/api/v1/kickoff/events/:eventId/winners","solo_autenticado","si","","","","requireKickoffAccess | (anonima)","getEventWinners"
"kickoff","GET","/api/v1/kickoff/events/admin/current","rol","si","jefe_ti","","","(anonima)","getAdminCurrentEvent"
"kickoff","GET","/api/v1/kickoff/events/current","solo_autenticado","si","","","","requireKickoffAccess | (anonima)","getCurrentEvent"
"kickoff","DELETE","/api/v1/kickoff/presentations/:presentationId","rol","si","jefe_ti","","","","deletePresentation"
"kickoff","GET","/api/v1/kickoff/presentations/:presentationId","solo_autenticado","si","","","","requireKickoffAccess | (anonima)","getPresentation"
"kickoff","PATCH","/api/v1/kickoff/presentations/:presentationId","rol","si","jefe_ti","","","","updatePresentation"
"kickoff","PUT","/api/v1/kickoff/presentations/:presentationId/blocks","rol","si","jefe_ti","","","","upsertBlock"
"kickoff","DELETE","/api/v1/kickoff/presentations/:presentationId/blocks/:blockId","rol","si","jefe_ti","","","","deleteBlock"
"kickoff","POST","/api/v1/kickoff/presentations/:presentationId/blocks/next","solo_autenticado","si","","","","requirePresenterOrAdmin","nextBlock"
"kickoff","POST","/api/v1/kickoff/presentations/:presentationId/blocks/previous","solo_autenticado","si","","","","requirePresenterOrAdmin","prevBlock"
"kickoff","POST","/api/v1/kickoff/presentations/:presentationId/finish","solo_autenticado","si","","","","requirePresenterOrAdmin","finishPresentation"
"kickoff","GET","/api/v1/kickoff/presentations/:presentationId/qr","solo_autenticado","si","","","","requirePresenterOrAdmin","getActiveQr"
"kickoff","POST","/api/v1/kickoff/presentations/:presentationId/qr/regenerate","solo_autenticado","si","","","","requirePresenterOrAdmin","regenerateQr"
"kickoff","GET","/api/v1/kickoff/presentations/:presentationId/questions","solo_autenticado","si","","","","requireKickoffAccess | (anonima)","getQuestions"
"kickoff","POST","/api/v1/kickoff/presentations/:presentationId/questions","solo_autenticado","si","","","","requireKickoffAccess | (anonima)","createQuestion"
"kickoff","POST","/api/v1/kickoff/presentations/:presentationId/start","solo_autenticado","si","","","","requirePresenterOrAdmin","startPresentation"
"kickoff","GET","/api/v1/kickoff/qr/:token","solo_autenticado","si","","","","","getQrByToken"
"kickoff","PATCH","/api/v1/kickoff/questions/:questionId/answer","solo_autenticado","si","","","","requireReportAccess | (anonima)","moderateQuestion"
"kickoff","PATCH","/api/v1/kickoff/questions/:questionId/approve","solo_autenticado","si","","","","requireQuestionModerator | (anonima)","moderateQuestion"
"kickoff","PATCH","/api/v1/kickoff/questions/:questionId/hide","solo_autenticado","si","","","","requireQuestionModerator | (anonima)","moderateQuestion"
"kickoff","PATCH","/api/v1/kickoff/questions/:questionId/highlight","solo_autenticado","si","","","","requireQuestionModerator | (anonima)","moderateQuestion"
"kickoff","PATCH","/api/v1/kickoff/questions/:questionId/moderate","solo_autenticado","si","","","","requireQuestionModerator","moderateQuestion"
"kickoff","POST","/api/v1/kickoff/questions/:questionId/rate","solo_autenticado","si","","","","requireKickoffAccess","rateQuestion"
"kickoff","POST","/api/v1/kickoff/questions/:questionId/rate-aporte","solo_autenticado","si","","","","requireKickoffAccess","rateAporte"
"kickoff","POST","/api/v1/kickoff/tiebreaker/rounds/:roundId/finish","rol","si","jefe_ti","","","","finishTiebreakerRound"
"kickoff","POST","/api/v1/kickoff/tiebreaker/rounds/:roundId/vote","solo_autenticado","si","","","","requireKickoffAccess","castTiebreakerVote"
"management","GET","/api/v1/management/documents/:id","rol","si","admin | gerente_general","","","","getRequestDocuments"
"management","GET","/api/v1/management/requests","rol","si","admin | gerente_general","","","","listAllRequests"
"management","GET","/api/v1/management/stats","rol","si","admin | gerente_general","","","","getGlobalStats"
"management","GET","/api/v1/management/trace/:id","rol","si","admin | gerente_general","","","","getRequestTrace"
"mantenimientos","GET","/api/v1/mantenimientos","rol","si","admin_ti | gerencia | jefe_servicio_tecnico | jefe_tecnico | jefe_ti | tecnico | ti","","","","(anonima)"
"mantenimientos","POST","/api/v1/mantenimientos","rol","si","admin_ti | jefe_servicio_tecnico | jefe_tecnico | jefe_ti | tecnico | ti","","","multerMiddleware","(anonima)"
"mantenimientos","GET","/api/v1/mantenimientos/:id","solo_autenticado","si","","","","","(anonima)"
"mantenimientos","POST","/api/v1/mantenimientos/:id/approve","rol","si","gerencia","","","","(anonima)"
"mantenimientos","POST","/api/v1/mantenimientos/:id/export","rol","si","gerencia | tecnico","","","","(anonima)"
"mantenimientos","POST","/api/v1/mantenimientos/:id/sign","rol","si","gerencia | tecnico","","","","(anonima)"
"mantenimientos","POST","/api/v1/mantenimientos/:id/sign-advanced","rol","si","gerencia | tecnico","","","","(anonima)"
"mantenimientos","GET","/api/v1/mantenimientos/preventive/annual-plans","rol","si","acp_comercial | comercial | gerencia | gerencia_general | jefe_comercial | jefe_logistica | jefe_servicio_tecnico | jefe_tecnico | logistica | servicio_tecnico | tecnico","","","","(anonima)"
"mantenimientos","POST","/api/v1/mantenimientos/preventive/annual-plans","rol","si","gerencia | gerencia_general | jefe_comercial | jefe_servicio_tecnico | jefe_tecnico","","","","(anonima)"
"mantenimientos","GET","/api/v1/mantenimientos/preventive/annual-plans/:planId","rol","si","acp_comercial | comercial | gerencia | gerencia_general | jefe_comercial | jefe_logistica | jefe_servicio_tecnico | jefe_tecnico | logistica | servicio_tecnico | tecnico","","","","(anonima)"
"mantenimientos","POST","/api/v1/mantenimientos/preventive/annual-plans/:planId/fst16","rol","si","gerencia | gerencia_general | jefe_comercial | jefe_servicio_tecnico | jefe_tecnico","","","","(anonima)"
"mantenimientos","POST","/api/v1/mantenimientos/preventive/annual-plans/:planId/monthly-report","rol","si","gerencia | gerencia_general | jefe_comercial | jefe_servicio_tecnico | jefe_tecnico","","","","(anonima)"
"mantenimientos","POST","/api/v1/mantenimientos/preventive/annual-plans/:planId/publish","rol","si","gerencia | gerencia_general | jefe_comercial | jefe_servicio_tecnico | jefe_tecnico","","","","(anonima)"
"mantenimientos","POST","/api/v1/mantenimientos/preventive/annual-plans/:planId/rebaseline","rol","si","gerencia | gerencia_general | jefe_comercial | jefe_servicio_tecnico | jefe_tecnico","","","","(anonima)"
"mantenimientos","GET","/api/v1/mantenimientos/preventive/capacity","rol","si","acp_comercial | comercial | gerencia | gerencia_general | jefe_comercial | jefe_logistica | jefe_servicio_tecnico | jefe_tecnico | logistica | servicio_tecnico | tecnico","","","","(anonima)"
"mantenimientos","GET","/api/v1/mantenimientos/preventive/compliance","rol","si","acp_comercial | comercial | gerencia | gerencia_general | jefe_comercial | jefe_logistica | jefe_servicio_tecnico | jefe_tecnico | logistica | servicio_tecnico | tecnico","","","","(anonima)"
"mantenimientos","GET","/api/v1/mantenimientos/preventive/history","rol","si","acp_comercial | comercial | gerencia | gerencia_general | jefe_comercial | jefe_logistica | jefe_servicio_tecnico | jefe_tecnico | logistica | servicio_tecnico | tecnico","","","","(anonima)"
"mantenimientos","POST","/api/v1/mantenimientos/preventive/kits/:kitId/warehouse-exit","rol","si","acp_comercial | comercial | gerencia | gerencia_general | jefe_comercial | jefe_logistica | jefe_servicio_tecnico | jefe_tecnico | logistica | servicio_tecnico | tecnico","","","","(anonima)"
"mantenimientos","POST","/api/v1/mantenimientos/preventive/plan-items/:itemId/close","rol","si","acp_comercial | comercial | gerencia | gerencia_general | jefe_comercial | jefe_logistica | jefe_servicio_tecnico | jefe_tecnico | logistica | servicio_tecnico | tecnico","","","","(anonima)"
"mantenimientos","POST","/api/v1/mantenimientos/preventive/plan-items/:itemId/coordination","rol","si","acp_comercial | comercial | gerencia | gerencia_general | jefe_comercial | jefe_logistica | jefe_servicio_tecnico | jefe_tecnico | logistica | servicio_tecnico | tecnico","","","","(anonima)"
"mantenimientos","POST","/api/v1/mantenimientos/preventive/plan-items/:itemId/fst17","rol","si","acp_comercial | comercial | gerencia | gerencia_general | jefe_comercial | jefe_logistica | jefe_servicio_tecnico | jefe_tecnico | logistica | servicio_tecnico | tecnico","","","","(anonima)"
"mantenimientos","POST","/api/v1/mantenimientos/preventive/plan-items/:itemId/kits","rol","si","acp_comercial | comercial | gerencia | gerencia_general | jefe_comercial | jefe_logistica | jefe_servicio_tecnico | jefe_tecnico | logistica | servicio_tecnico | tecnico","","","","(anonima)"
"mantenimientos","POST","/api/v1/mantenimientos/preventive/plan-items/:itemId/offer","rol","si","acp_comercial | comercial | gerencia | gerencia_general | jefe_comercial | jefe_logistica | jefe_servicio_tecnico | jefe_tecnico | logistica | servicio_tecnico | tecnico","","","","(anonima)"
"mantenimientos","POST","/api/v1/mantenimientos/preventive/plan-items/:itemId/offer/decision","rol","si","acp_comercial | comercial | gerencia | gerencia_general | jefe_comercial | jefe_logistica | jefe_servicio_tecnico | jefe_tecnico | logistica | servicio_tecnico | tecnico","","","","(anonima)"
"mantenimientos","POST","/api/v1/mantenimientos/preventive/plan-items/:itemId/reprogramming","rol","si","acp_comercial | comercial | gerencia | gerencia_general | jefe_comercial | jefe_logistica | jefe_servicio_tecnico | jefe_tecnico | logistica | servicio_tecnico | tecnico","","","","(anonima)"
"mantenimientos","POST","/api/v1/mantenimientos/preventive/plan-items/:itemId/work-order","rol","si","acp_comercial | comercial | gerencia | gerencia_general | jefe_comercial | jefe_logistica | jefe_servicio_tecnico | jefe_tecnico | logistica | servicio_tecnico | tecnico","","","","(anonima)"
"mantenimientos","GET","/api/v1/mantenimientos/preventive/timeline","rol","si","acp_comercial | comercial | gerencia | gerencia_general | jefe_comercial | jefe_logistica | jefe_servicio_tecnico | jefe_tecnico | logistica | servicio_tecnico | tecnico","","","","(anonima)"
"mantenimientos","POST","/api/v1/mantenimientos/ti/annual-schedule/generate","rol","si","admin_ti | gerencia | jefe_ti | ti","","","","(anonima)"
"module-access","GET","/api/v1/module-access/catalog","permiso_central","si","","module_access.manage","","","getCatalog"
"module-access","GET","/api/v1/module-access/global","permiso_central","si","","module_access.manage","","","getGlobalStatuses"
"module-access","PUT","/api/v1/module-access/global/:moduleKey","permiso_central","si","","module_access.manage | module_access.manage","","","updateGlobalStatus"
"module-access","GET","/api/v1/module-access/users/:userId","permiso_central","si","","module_access.manage","","","getUserModules"
"module-access","PUT","/api/v1/module-access/users/:userId","permiso_central","si","","module_access.manage","","","updateUserModules"
"notifications","GET","/api/v1/notifications","solo_autenticado","si","","","","(anonima)","list"
"notifications","POST","/api/v1/notifications","solo_autenticado","si","","","","","create"
"notifications","DELETE","/api/v1/notifications/:id","solo_autenticado","si","","","","","remove"
"notifications","PATCH","/api/v1/notifications/:id/read","solo_autenticado","si","","","","","markRead"
"notifications","DELETE","/api/v1/notifications/clear","solo_autenticado","si","","","","","clear"
"notifications","GET","/api/v1/notifications/push/config","solo_autenticado","si","","","","","getPushConfig"
"notifications","GET","/api/v1/notifications/push/status","solo_autenticado","si","","","","","getPushStatus"
"notifications","POST","/api/v1/notifications/push/subscribe","solo_autenticado","si","","","","","subscribePush"
"notifications","POST","/api/v1/notifications/push/unsubscribe","solo_autenticado","si","","","","","unsubscribePush"
"notifications","PATCH","/api/v1/notifications/read-all","solo_autenticado","si","","","","","markAll"
"offboarding","POST","/api/v1/offboarding/:userId/cancel","rol","si","admin | gerencia_general | jefe_financiero | jefe_finanzas | jefe_talento_humano | jefe_ti | talento_humano","","","","cancelOffboarding"
"offboarding","POST","/api/v1/offboarding/:userId/close","rol","si","admin | gerencia_general | jefe_financiero | jefe_finanzas | jefe_talento_humano | jefe_ti | talento_humano","","","","closeOffboarding"
"offboarding","POST","/api/v1/offboarding/:userId/liquidation","rol","si","admin | gerencia_general | jefe_financiero | jefe_finanzas | jefe_talento_humano | jefe_ti | talento_humano","","","","runLiquidation"
"offboarding","POST","/api/v1/offboarding/:userId/start","rol","si","admin | gerencia_general | jefe_financiero | jefe_finanzas | jefe_talento_humano | jefe_ti | talento_humano","","","","startOffboarding"
"offboarding","PATCH","/api/v1/offboarding/:userId/tasks/:taskKey","rol","si","admin | gerencia_general | jefe_financiero | jefe_finanzas | jefe_talento_humano | jefe_ti | talento_humano","","","","updateTask"
"offboarding","GET","/api/v1/offboarding/:userId/workspace","rol","si","admin | gerencia_general | jefe_financiero | jefe_finanzas | jefe_talento_humano | jefe_ti | talento_humano","","","","getWorkspace"
"opportunities","GET","/api/v1/opportunities","rol","si","acp_comercial | analista_comercial | asesor_comercial | backoffice_comercial | comercial | director | gerencia | gerencia_general | jefe_comercial | jefe_operaciones | jefe_tecnico | operaciones | servicio_tecnico","","","","listOpportunities"
"opportunities","POST","/api/v1/opportunities","rol","si","acp_comercial | analista_comercial | asesor_comercial | backoffice_comercial | comercial | gerencia | gerencia_general | jefe_comercial","","","","createOpportunity"
"opportunities","GET","/api/v1/opportunities/:id","rol","si","acp_comercial | analista_comercial | asesor_comercial | backoffice_comercial | comercial | director | gerencia | gerencia_general | jefe_comercial | jefe_operaciones | jefe_tecnico | operaciones | servicio_tecnico","","","","getOpportunity"
"opportunities","PUT","/api/v1/opportunities/:id","rol","si","acp_comercial | analista_comercial | asesor_comercial | backoffice_comercial | comercial | gerencia | gerencia_general | jefe_comercial","","","","updateOpportunity"
"opportunities","POST","/api/v1/opportunities/:id/actions","rol","si","acp_comercial | analista_comercial | asesor_comercial | backoffice_comercial | comercial | gerencia | gerencia_general | jefe_comercial","","","","upsertAction"
"opportunities","DELETE","/api/v1/opportunities/:id/actions/:actionId","rol","si","acp_comercial | analista_comercial | asesor_comercial | backoffice_comercial | comercial | gerencia | gerencia_general | jefe_comercial","","","","deleteAction"
"opportunities","POST","/api/v1/opportunities/:id/comments","rol","si","acp_comercial | analista_comercial | asesor_comercial | backoffice_comercial | comercial | gerencia | gerencia_general | jefe_comercial","","","","createComment"
"opportunities","DELETE","/api/v1/opportunities/:id/comments/:commentId","rol","si","acp_comercial | analista_comercial | asesor_comercial | backoffice_comercial | comercial | gerencia | gerencia_general | jefe_comercial","","","","deleteComment"
"opportunities","POST","/api/v1/opportunities/:id/competitors","rol","si","acp_comercial | analista_comercial | asesor_comercial | backoffice_comercial | comercial | gerencia | gerencia_general | jefe_comercial","","","","upsertCompetitor"
"opportunities","DELETE","/api/v1/opportunities/:id/competitors/:competitorId","rol","si","acp_comercial | analista_comercial | asesor_comercial | backoffice_comercial | comercial | gerencia | gerencia_general | jefe_comercial","","","","deleteCompetitor"
"opportunities","POST","/api/v1/opportunities/:id/flags","rol","si","acp_comercial | analista_comercial | asesor_comercial | backoffice_comercial | comercial | gerencia | gerencia_general | jefe_comercial","","","","upsertFlag"
"opportunities","DELETE","/api/v1/opportunities/:id/flags/:flagId","rol","si","acp_comercial | analista_comercial | asesor_comercial | backoffice_comercial | comercial | gerencia | gerencia_general | jefe_comercial","","","","deleteFlag"
"opportunities","POST","/api/v1/opportunities/:id/influences","rol","si","acp_comercial | analista_comercial | asesor_comercial | backoffice_comercial | comercial | gerencia | gerencia_general | jefe_comercial","","","","upsertInfluence"
"opportunities","DELETE","/api/v1/opportunities/:id/influences/:influenceId","rol","si","acp_comercial | analista_comercial | asesor_comercial | backoffice_comercial | comercial | gerencia | gerencia_general | jefe_comercial","","","","deleteInfluence"
"opportunities","POST","/api/v1/opportunities/:id/links","rol","si","acp_comercial | analista_comercial | asesor_comercial | backoffice_comercial | comercial | gerencia | gerencia_general | jefe_comercial","","","","linkProcess"
"opportunities","DELETE","/api/v1/opportunities/:id/links/:linkId","rol","si","acp_comercial | analista_comercial | asesor_comercial | backoffice_comercial | comercial | gerencia | gerencia_general | jefe_comercial","","","","unlinkProcess"
"opportunities","PUT","/api/v1/opportunities/:id/rating","rol","si","acp_comercial | analista_comercial | asesor_comercial | backoffice_comercial | comercial | gerencia | gerencia_general | jefe_comercial","","","","updateRating"
"opportunities","GET","/api/v1/opportunities/accounts","rol","si","acp_comercial | analista_comercial | asesor_comercial | backoffice_comercial | comercial | director | gerencia | gerencia_general | jefe_comercial | jefe_operaciones | jefe_tecnico | operaciones | servicio_tecnico","","","","listAccounts"
"opportunities","POST","/api/v1/opportunities/accounts","rol","si","acp_comercial | analista_comercial | asesor_comercial | backoffice_comercial | comercial | gerencia | gerencia_general | jefe_comercial","","","","createAccount"
"opportunities","GET","/api/v1/opportunities/contacts","rol","si","acp_comercial | analista_comercial | asesor_comercial | backoffice_comercial | comercial | director | gerencia | gerencia_general | jefe_comercial | jefe_operaciones | jefe_tecnico | operaciones | servicio_tecnico","","","","listContacts"
"opportunities","POST","/api/v1/opportunities/contacts","rol","si","acp_comercial | analista_comercial | asesor_comercial | backoffice_comercial | comercial | gerencia | gerencia_general | jefe_comercial","","","","createContact"
"opportunities","GET","/api/v1/opportunities/dashboard/manager","rol","si","acp_comercial | analista_comercial | asesor_comercial | backoffice_comercial | comercial | director | gerencia | gerencia_general | jefe_comercial | jefe_operaciones | jefe_tecnico | operaciones | servicio_tecnico","","","","getManagerDashboard"
"opportunities","GET","/api/v1/opportunities/process-lookup/:type/:processId","rol","si","acp_comercial | analista_comercial | asesor_comercial | backoffice_comercial | comercial | director | gerencia | gerencia_general | jefe_comercial | jefe_operaciones | jefe_tecnico | operaciones | servicio_tecnico","","","","lookupProcess"
"permisos","POST","/api/v1/permisos","solo_autenticado","si","","","","(anonima)","create"
"permisos","POST","/api/v1/permisos/:id/aprobar-final","solo_autenticado","si","","","","(anonima)","aprobarFinal"
"permisos","POST","/api/v1/permisos/:id/aprobar-parcial","solo_autenticado","si","","","","(anonima)","aprobarParcial"
"permisos","POST","/api/v1/permisos/:id/cancelar","solo_autenticado","si","","","","(anonima)","cancelar"
"permisos","POST","/api/v1/permisos/:id/cancelar/revisar","solo_autenticado","si","","","","(anonima)","revisarCancelacion"
"permisos","POST","/api/v1/permisos/:id/justificantes","solo_autenticado","si","","","","(anonima)","uploadJustificantes"
"permisos","POST","/api/v1/permisos/:id/justificantes/revisar","solo_autenticado","si","","","","(anonima)","revisarJustificantes"
"permisos","POST","/api/v1/permisos/:id/rechazar","solo_autenticado","si","","","","(anonima)","rechazar"
"permisos","POST","/api/v1/permisos/:id/recovery-plan","solo_autenticado","si","","","","","updateRecoveryPlan"
"permisos","POST","/api/v1/permisos/:id/regularizar","solo_autenticado","si","","","","","resolverRegularizacion"
"permisos","POST","/api/v1/permisos/:id/regularizar/convertir-vacaciones","solo_autenticado","si","","","","","convertirAVacaciones"
"permisos","POST","/api/v1/permisos/estudios/matricula","solo_autenticado","si","","","","(anonima)","registerStudyEnrollment"
"permisos","GET","/api/v1/permisos/estudios/matricula/activa","solo_autenticado","si","","","","","getActiveStudyEnrollment"
"permisos","GET","/api/v1/permisos/estudios/matriculas","solo_autenticado","si","","","","","listMyStudyEnrollments"
"permisos","POST","/api/v1/permisos/estudios/matriculas/:id/revisar","solo_autenticado","si","","","","","reviewStudyEnrollment"
"permisos","GET","/api/v1/permisos/estudios/matriculas/pendientes","solo_autenticado","si","","","","","listPendingStudyEnrollments"
"permisos","GET","/api/v1/permisos/kpis","solo_autenticado","si","","","","","getKpiDashboard"
"permisos","GET","/api/v1/permisos/legal-coverage","solo_autenticado","si","","","","","getLegalCoverage"
"permisos","GET","/api/v1/permisos/legal-verification/:token","publico","no","","","","","verifyLegalToken"
"permisos","GET","/api/v1/permisos/mis-solicitudes","solo_autenticado","si","","","","","listarMias"
"permisos","GET","/api/v1/permisos/pendientes","solo_autenticado","si","","","","","listarPendientes"
"permisos","GET","/api/v1/permisos/reporte-periodo","solo_autenticado","si","","","","","getReportePeriodo"
"permisos","GET","/api/v1/permisos/resumen-colaboradores","solo_autenticado","si","","","","","listarResumenColaboradores"
"personnel-requests","GET","/api/v1/personnel-requests","solo_autenticado","si","","","","","getRequests"
"personnel-requests","POST","/api/v1/personnel-requests","rol","si","admin | gerencia | gerencia_general | jefe_calidad | jefe_comercial | jefe_finanzas | jefe_operaciones | jefe_servicio_tecnico | jefe_talento_humano | jefe_tecnico | talento_humano","","","","createRequest"
"personnel-requests","GET","/api/v1/personnel-requests/:id","solo_autenticado","si","","","","","getRequestById"
"personnel-requests","PATCH","/api/v1/personnel-requests/:id/applicant","rol","si","admin | gerencia | gerencia_general | talento_humano","","","","linkApplicant"
"personnel-requests","GET","/api/v1/personnel-requests/:id/applicants","solo_autenticado","si","","","","","getRequestApplicants"
"personnel-requests","PATCH","/api/v1/personnel-requests/:id/collaborator","rol","si","admin | gerencia | gerencia_general | talento_humano","","","","linkCollaborator"
"personnel-requests","POST","/api/v1/personnel-requests/:id/comments","solo_autenticado","si","","","","","addComment"
"personnel-requests","POST","/api/v1/personnel-requests/:id/documents","rol","si","admin | gerencia | gerencia_general | talento_humano","","","multerMiddleware","uploadPersonnelDocument"
"personnel-requests","POST","/api/v1/personnel-requests/:id/hire","rol","si","admin | gerencia | gerencia_general | talento_humano","","","","hireApplicant"
"personnel-requests","GET","/api/v1/personnel-requests/:id/profile","rol","si","admin | gerencia | gerencia_general | talento_humano","","","","getPersonnelProfile"
"personnel-requests","PUT","/api/v1/personnel-requests/:id/profile","rol","si","admin | gerencia | gerencia_general | talento_humano","","","","updatePersonnelProfile"
"personnel-requests","PATCH","/api/v1/personnel-requests/:id/requester","rol","si","admin | gerencia | gerencia_general | talento_humano","","","","linkRequester"
"personnel-requests","PATCH","/api/v1/personnel-requests/:id/status","rol","si","admin | gerencia | gerencia_general | talento_humano","","","","updateRequestStatus"
"personnel-requests","GET","/api/v1/personnel-requests/:id/workspace","solo_autenticado","si","","","","","getRequestWorkspace"
"personnel-requests","GET","/api/v1/personnel-requests/stats","rol","si","admin | gerencia | talento_humano","","","","getStats"
"private-purchases","GET","/api/v1/private-purchases","rol","si","acp_comercial | analista_comercial | asesor_comercial | backoffice | backoffice_comercial | comercial | esp_app | gerencia | gerencia_general | ing_servicio | jefe_comercial | jefe_logistica | jefe_operaciones | jefe_servicio | jefe_servicio_tecnico | jefe_tecnico | logistica | operaciones | tecnico","","","","(anonima)"
"private-purchases","POST","/api/v1/private-purchases","rol","si","acp_comercial | analista_comercial | asesor_comercial | comercial | gerencia | gerencia_general | jefe_comercial","","","","(anonima)"
"private-purchases","GET","/api/v1/private-purchases/:id","rol","si","acp_comercial | analista_comercial | asesor_comercial | backoffice | backoffice_comercial | comercial | esp_app | gerencia | gerencia_general | ing_servicio | jefe_comercial | jefe_logistica | jefe_operaciones | jefe_servicio | jefe_servicio_tecnico | jefe_tecnico | logistica | operaciones | tecnico","","","(anonima)","(anonima)"
"private-purchases","POST","/api/v1/private-purchases/:id/cancel","rol","si","acp_comercial | gerencia | gerencia_general | jefe_comercial","","","(anonima)","(anonima)"
"private-purchases","GET","/api/v1/private-purchases/:id/check-client-approval","rol","si","acp_comercial | analista_comercial | asesor_comercial | backoffice | backoffice_comercial | comercial | esp_app | gerencia | gerencia_general | ing_servicio | jefe_comercial | jefe_logistica | jefe_operaciones | jefe_servicio | jefe_servicio_tecnico | jefe_tecnico | logistica | operaciones | tecnico","","","(anonima)","(anonima)"
"private-purchases","PUT","/api/v1/private-purchases/:id/client-registration","rol","si","acp_comercial | backoffice | backoffice_comercial | comercial | gerencia | gerencia_general | jefe_comercial","","","(anonima)","(anonima)"
"private-purchases","POST","/api/v1/private-purchases/:id/complete-delivery","rol","si","acp_comercial | gerencia | gerencia_general | ing_servicio | jefe_comercial | jefe_logistica | jefe_operaciones | jefe_servicio | jefe_servicio_tecnico | jefe_tecnico | logistica | operaciones | tecnico","","","(anonima)","(anonima)"
"private-purchases","POST","/api/v1/private-purchases/:id/confirm-cu-availability","rol","si","acp_comercial | analista_comercial | asesor_comercial | comercial | gerencia | gerencia_general | jefe_comercial","","","(anonima)","(anonima)"
"private-purchases","POST","/api/v1/private-purchases/:id/confirm-import-approval","rol","si","acp_comercial | analista_comercial | asesor_comercial | comercial | gerencia | gerencia_general | jefe_comercial","","","(anonima)","(anonima)"
"private-purchases","POST","/api/v1/private-purchases/:id/contract/acp-signed","rol","si","acp_comercial | gerencia | gerencia_general | jefe_comercial","","","(anonima)","(anonima)"
"private-purchases","POST","/api/v1/private-purchases/:id/contract/client-signed","rol","si","acp_comercial | comercial | gerencia | gerencia_general | jefe_comercial","","","(anonima)","(anonima)"
"private-purchases","POST","/api/v1/private-purchases/:id/contract/gerencia-decision","rol","si","gerencia | gerencia_general | jefe_comercial","","","(anonima)","(anonima)"
"private-purchases","POST","/api/v1/private-purchases/:id/contract/restart-rejection","rol","si","acp_comercial | analista_comercial | asesor_comercial | backoffice | backoffice_comercial | comercial | gerencia | gerencia_general | jefe_comercial","","","(anonima)","(anonima)"
"private-purchases","PATCH","/api/v1/private-purchases/:id/coordinate-inspection-date","rol","si","jefe_servicio | jefe_servicio_tecnico | jefe_tecnico","","","(anonima)","(anonima)"
"private-purchases","POST","/api/v1/private-purchases/:id/delivery-act","rol","si","acp_comercial | gerencia | gerencia_general | ing_servicio | jefe_comercial | jefe_logistica | jefe_operaciones | jefe_servicio | jefe_servicio_tecnico | jefe_tecnico | logistica | operaciones | tecnico","","","(anonima)","(anonima)"
"private-purchases","POST","/api/v1/private-purchases/:id/delivery-act/assign","rol","si","jefe_servicio | jefe_servicio_tecnico | jefe_tecnico","","","(anonima)","(anonima)"
"private-purchases","POST","/api/v1/private-purchases/:id/delivery-act/finalize","rol","si","jefe_servicio | jefe_servicio_tecnico | jefe_tecnico","","","(anonima)","(anonima)"
"private-purchases","PUT","/api/v1/private-purchases/:id/delivery-dates","rol","si","acp_comercial | gerencia | gerencia_general | ing_servicio | jefe_comercial | jefe_logistica | jefe_operaciones | jefe_servicio | jefe_servicio_tecnico | jefe_tecnico | logistica | operaciones | tecnico","","","(anonima)","(anonima)"
"private-purchases","POST","/api/v1/private-purchases/:id/delivery-guides","rol","si","acp_comercial | gerencia | gerencia_general | ing_servicio | jefe_comercial | jefe_logistica | jefe_operaciones | jefe_servicio | jefe_servicio_tecnico | jefe_tecnico | logistica | operaciones | tecnico","","","(anonima)","(anonima)"
"private-purchases","POST","/api/v1/private-purchases/:id/dispatch-details","rol","si","acp_comercial | gerencia | gerencia_general | ing_servicio | jefe_comercial | jefe_logistica | jefe_operaciones | jefe_servicio | jefe_servicio_tecnico | jefe_tecnico | logistica | operaciones | tecnico","","","(anonima)","(anonima)"
"private-purchases","GET","/api/v1/private-purchases/:id/documents","rol","si","acp_comercial | analista_comercial | asesor_comercial | backoffice | backoffice_comercial | comercial | esp_app | gerencia | gerencia_general | ing_servicio | jefe_comercial | jefe_logistica | jefe_operaciones | jefe_servicio | jefe_servicio_tecnico | jefe_tecnico | logistica | operaciones | tecnico","","","(anonima)","(anonima)"
"private-purchases","POST","/api/v1/private-purchases/:id/inspection-request","rol","si","analista_comercial | asesor_comercial | backoffice | backoffice_comercial | comercial | gerencia | gerencia_general | jefe_comercial","","","(anonima)","(anonima)"
"private-purchases","PATCH","/api/v1/private-purchases/:id/installation-workflow","rol","si","acp_comercial | ing_servicio | jefe_comercial | jefe_logistica | jefe_operaciones | jefe_servicio | jefe_servicio_tecnico | jefe_tecnico | logistica | tecnico","","","(anonima)","(anonima)"
"private-purchases","POST","/api/v1/private-purchases/:id/mark-equipment-arrived","rol","si","acp_comercial | gerencia | gerencia_general | ing_servicio | jefe_comercial | jefe_logistica | jefe_operaciones | jefe_servicio | jefe_servicio_tecnico | jefe_tecnico | logistica | operaciones | tecnico","","","(anonima)","(anonima)"
"private-purchases","POST","/api/v1/private-purchases/:id/offer","rol","si","acp_comercial | analista_comercial | asesor_comercial | backoffice | backoffice_comercial | comercial | gerencia | gerencia_general | jefe_comercial","","","(anonima)","(anonima)"
"private-purchases","GET","/api/v1/private-purchases/:id/offer-workspace","rol","si","acp_comercial | analista_comercial | asesor_comercial | backoffice | backoffice_comercial | comercial | gerencia | gerencia_general | jefe_comercial","","","(anonima)","(anonima)"
"private-purchases","POST","/api/v1/private-purchases/:id/offer-workspace/:offerId/publish","rol","si","acp_comercial | backoffice | backoffice_comercial | gerencia | gerencia_general | jefe_comercial","","","(anonima)","(anonima)"
"private-purchases","POST","/api/v1/private-purchases/:id/offer-workspace/:offerId/regenerate","rol","si","acp_comercial | backoffice | backoffice_comercial | gerencia | gerencia_general | jefe_comercial","","","(anonima)","(anonima)"
"private-purchases","POST","/api/v1/private-purchases/:id/offer-workspace/draft","rol","si","acp_comercial | backoffice | backoffice_comercial | gerencia | gerencia_general | jefe_comercial","","","(anonima)","(anonima)"
"private-purchases","POST","/api/v1/private-purchases/:id/offer/signed","rol","si","acp_comercial | comercial | gerencia | gerencia_general | jefe_comercial","","","(anonima)","(anonima)"
"private-purchases","POST","/api/v1/private-purchases/:id/operations-details","rol","si","acp_comercial | gerencia | gerencia_general | ing_servicio | jefe_comercial | jefe_logistica | jefe_operaciones | jefe_servicio | jefe_servicio_tecnico | jefe_tecnico | logistica | operaciones | tecnico","","","(anonima)","(anonima)"
"private-purchases","POST","/api/v1/private-purchases/:id/provider-contract/received","rol","si","acp_comercial | gerencia | gerencia_general | jefe_comercial","","","(anonima)","(anonima)"
"private-purchases","POST","/api/v1/private-purchases/:id/provider-contract/upload","rol","si","acp_comercial | gerencia | gerencia_general | jefe_comercial","","","(anonima)","(anonima)"
"private-purchases","POST","/api/v1/private-purchases/:id/provider-delivery-date","rol","si","acp_comercial | gerencia | gerencia_general | jefe_comercial | jefe_operaciones","","","(anonima)","(anonima)"
"private-purchases","POST","/api/v1/private-purchases/:id/provider-response","rol","si","acp_comercial | gerencia | gerencia_general | jefe_comercial","","","(anonima)","(anonima)"
"private-purchases","POST","/api/v1/private-purchases/:id/ready-for-delivery","rol","si","acp_comercial | gerencia | gerencia_general | ing_servicio | jefe_comercial | jefe_logistica | jefe_operaciones | jefe_servicio | jefe_servicio_tecnico | jefe_tecnico | logistica | operaciones | tecnico","","","(anonima)","(anonima)"
"private-purchases","POST","/api/v1/private-purchases/:id/register-client","rol","si","acp_comercial | backoffice | backoffice_comercial | comercial | gerencia | gerencia_general | jefe_comercial","","","(anonima)","(anonima)"
"private-purchases","POST","/api/v1/private-purchases/:id/register-serial","rol","si","acp_comercial | gerencia | gerencia_general | jefe_comercial | jefe_logistica | logistica","","","(anonima)","(anonima)"
"private-purchases","POST","/api/v1/private-purchases/:id/renew-reservation","rol","si","acp_comercial | gerencia | gerencia_general | jefe_comercial","","","(anonima)","(anonima)"
"private-purchases","POST","/api/v1/private-purchases/:id/request-client-registration","rol","si","acp_comercial | backoffice | backoffice_comercial | comercial | gerencia | gerencia_general | jefe_comercial","","","(anonima)","(anonima)"
"private-purchases","POST","/api/v1/private-purchases/:id/request-delivery-dates","rol","si","acp_comercial | gerencia | gerencia_general | ing_servicio | jefe_comercial | jefe_logistica | jefe_operaciones | jefe_servicio | jefe_servicio_tecnico | jefe_tecnico | logistica | operaciones | tecnico","","","(anonima)","(anonima)"
"private-purchases","POST","/api/v1/private-purchases/:id/request-proforma","rol","si","acp_comercial | gerencia | gerencia_general | jefe_comercial","","","(anonima)","(anonima)"
"private-purchases","PATCH","/api/v1/private-purchases/:id/review-inspection-date","rol","si","jefe_servicio | jefe_servicio_tecnico | jefe_tecnico","","","(anonima)","(anonima)"
"private-purchases","POST","/api/v1/private-purchases/:id/send-to-acp","rol","si","acp_comercial | analista_comercial | asesor_comercial | comercial | gerencia | gerencia_general | jefe_comercial","","","(anonima)","(anonima)"
"private-purchases","POST","/api/v1/private-purchases/:id/set-supply-control-type","rol","si","acp_comercial | jefe_comercial","","","(anonima)","(anonima)"
"private-purchases","PATCH","/api/v1/private-purchases/:id/site-inspection","rol","si","ing_servicio | jefe_servicio | jefe_servicio_tecnico | jefe_tecnico | tecnico","","","(anonima)","(anonima)"
"private-purchases","POST","/api/v1/private-purchases/:id/start-availability","rol","si","acp_comercial | gerencia | gerencia_general | jefe_comercial","","","(anonima)","(anonima)"
"private-purchases","POST","/api/v1/private-purchases/:id/start-business-case","rol","si","acp_comercial | backoffice_comercial | jefe_comercial","","","(anonima)","(anonima)"
"private-purchases","POST","/api/v1/private-purchases/:id/submit-contract","rol","si","acp_comercial | analista_comercial | asesor_comercial | backoffice | backoffice_comercial | comercial | gerencia | gerencia_general | jefe_comercial","","","(anonima)","(anonima)"
"private-purchases","POST","/api/v1/private-purchases/:id/submit-delivery-dates","rol","si","acp_comercial | gerencia | gerencia_general | ing_servicio | jefe_comercial | jefe_logistica | jefe_operaciones | jefe_servicio | jefe_servicio_tecnico | jefe_tecnico | logistica | operaciones | tecnico","","","(anonima)","(anonima)"
"private-purchases","GET","/api/v1/private-purchases/:id/timeline","rol","si","acp_comercial | analista_comercial | asesor_comercial | backoffice | backoffice_comercial | comercial | esp_app | gerencia | gerencia_general | ing_servicio | jefe_comercial | jefe_logistica | jefe_operaciones | jefe_servicio | jefe_servicio_tecnico | jefe_tecnico | logistica | operaciones | tecnico","","","(anonima)","(anonima)"
"private-purchases","POST","/api/v1/private-purchases/:id/transition","rol","si","acp_comercial | analista_comercial | asesor_comercial | backoffice | backoffice_comercial | comercial | esp_app | gerencia | gerencia_general | ing_servicio | jefe_comercial | jefe_logistica | jefe_operaciones | jefe_servicio | jefe_servicio_tecnico | jefe_tecnico | logistica | operaciones | tecnico","","","(anonima)","(anonima)"
"private-purchases","GET","/api/v1/private-purchases/:id/transitions","rol","si","acp_comercial | analista_comercial | asesor_comercial | backoffice | backoffice_comercial | comercial | esp_app | gerencia | gerencia_general | ing_servicio | jefe_comercial | jefe_logistica | jefe_operaciones | jefe_servicio | jefe_servicio_tecnico | jefe_tecnico | logistica | operaciones | tecnico","","","(anonima)","(anonima)"
"private-purchases","POST","/api/v1/private-purchases/:id/upload-proforma","rol","si","acp_comercial | gerencia | gerencia_general | jefe_comercial","","","(anonima)","(anonima)"
"private-purchases","POST","/api/v1/private-purchases/:id/upload-signed-proforma","rol","si","acp_comercial | gerencia | gerencia_general | jefe_comercial","","","(anonima)","(anonima)"
"private-purchases","POST","/api/v1/private-purchases/:id/validate-transition","rol","si","acp_comercial | analista_comercial | asesor_comercial | backoffice | backoffice_comercial | comercial | esp_app | gerencia | gerencia_general | ing_servicio | jefe_comercial | jefe_logistica | jefe_operaciones | jefe_servicio | jefe_servicio_tecnico | jefe_tecnico | logistica | operaciones | tecnico","","","(anonima)","(anonima)"
"private-purchases","GET","/api/v1/private-purchases/active-reservations","rol","si","acp_comercial | gerencia | gerencia_general | jefe_comercial","","","","(anonima)"
"private-purchases","GET","/api/v1/private-purchases/by-role/:role","rol","si","acp_comercial | analista_comercial | asesor_comercial | backoffice | backoffice_comercial | comercial | esp_app | gerencia | gerencia_general | ing_servicio | jefe_comercial | jefe_logistica | jefe_operaciones | jefe_servicio | jefe_servicio_tecnico | jefe_tecnico | logistica | operaciones | tecnico","","","","(anonima)"
"private-purchases","GET","/api/v1/private-purchases/events","rol","si","acp_comercial | analista_comercial | asesor_comercial | backoffice | backoffice_comercial | comercial | esp_app | gerencia | gerencia_general | ing_servicio | jefe_comercial | jefe_logistica | jefe_operaciones | jefe_servicio | jefe_servicio_tecnico | jefe_tecnico | logistica | operaciones | tecnico","","","attachTokenFromQuery","streamPrivatePurchaseUpdates"
"private-purchases","GET","/api/v1/private-purchases/mine","rol","si","acp_comercial | analista_comercial | asesor_comercial | backoffice | backoffice_comercial | comercial | esp_app | gerencia | gerencia_general | ing_servicio | jefe_comercial | jefe_logistica | jefe_operaciones | jefe_servicio | jefe_servicio_tecnico | jefe_tecnico | logistica | operaciones | tecnico","","","","(anonima)"
"private-purchases","GET","/api/v1/private-purchases/stats/:role","rol","si","acp_comercial | gerencia | gerencia_general | jefe_comercial","","","(anonima)","(anonima)"
"private-purchases","GET","/api/v1/private-purchases/technician-schedule","rol","si","acp_comercial | backoffice | backoffice_comercial | comercial | gerencia | gerencia_general | jefe_comercial | jefe_servicio | jefe_servicio_tecnico | jefe_tecnico","","","","(anonima)"
"process-notes","GET","/api/v1/process-notes/:entityType/:entityId","solo_autenticado","si","","","","","(anonima)"
"process-notes","POST","/api/v1/process-notes/:entityType/:entityId","solo_autenticado","si","","","","multerMiddleware","(anonima)"
"process-notes","POST","/api/v1/process-notes/:entityType/:entityId/:noteId/read","solo_autenticado","si","","","","","(anonima)"
"process-notes","POST","/api/v1/process-notes/:entityType/:entityId/email","solo_autenticado","si","","","","multerMiddleware","(anonima)"
"process-notes","GET","/api/v1/process-notes/:entityType/mention-candidates","solo_autenticado","si","","","","","(anonima)"
"public-delivery-plans","GET","/api/v1/public-delivery-plans","rol","si","acp_comercial | gerencia | gerencia_general | jefe_comercial | jefe_operaciones","","","","list"
"public-delivery-plans","POST","/api/v1/public-delivery-plans","rol","si","acp_comercial | gerencia | gerencia_general | jefe_comercial | jefe_operaciones","","","","createDraft"
"public-delivery-plans","POST","/api/v1/public-delivery-plans/:id/lines","rol","si","acp_comercial | gerencia | gerencia_general | jefe_comercial | jefe_operaciones","","","","addLine"
"public-delivery-plans","POST","/api/v1/public-delivery-plans/:id/status","rol","si","acp_comercial | gerencia | gerencia_general | jefe_comercial | jefe_operaciones","","","","transitionStatus"
"requests","GET","/api/v1/requests","rol","si","acp_comercial | backoffice_comercial | calidad | comercial | esp_app | finanzas | gerencia | ing_servicio | jefe_calidad | jefe_financiero | jefe_operaciones | jefe_servicio | jefe_servicio_tecnico | jefe_talento_humano | jefe_tecnico | jefe_ti | operaciones | talento_humano | tecnico | ti","","","","(anonima)"
"requests","POST","/api/v1/requests","rol","si","backoffice_comercial | comercial | jefe_comercial","","","multerMiddleware","(anonima)"
"requests","GET","/api/v1/requests/:id","rol","si","acp_comercial | backoffice_comercial | calidad | comercial | esp_app | finanzas | gerencia | ing_servicio | jefe_calidad | jefe_financiero | jefe_operaciones | jefe_servicio | jefe_servicio_tecnico | jefe_talento_humano | jefe_tecnico | jefe_ti | operaciones | talento_humano | tecnico | ti","","","","(anonima)"
"requests","POST","/api/v1/requests/:id/cancel","rol","si","jefe_comercial","","","","(anonima)"
"requests","POST","/api/v1/requests/:id/credit-decision","rol","si","jefe_financiero","","","","(anonima)"
"requests","POST","/api/v1/requests/:id/inspection-result","rol","si","jefe_servicio | jefe_servicio_tecnico | jefe_tecnico","","","","(anonima)"
"requests","PUT","/api/v1/requests/:id/resubmit","rol","si","jefe_comercial","","","","(anonima)"
"requests","GET","/api/v1/requests/new-client","rol","si","acp_comercial | backoffice_comercial | calidad | comercial | gerencia | jefe_calidad | jefe_comercial | jefe_ti | ti","","","","(anonima)"
"requests","POST","/api/v1/requests/new-client","solo_autenticado","si","","","","multerMiddleware","(anonima)"
"requests","GET","/api/v1/requests/new-client/:id","rol","si","backoffice_comercial | calidad | comercial | gerencia | jefe_calidad | jefe_comercial","","","","(anonima)"
"requests","PUT","/api/v1/requests/new-client/:id","solo_autenticado","si","","","","multerMiddleware","(anonima)"
"requests","PUT","/api/v1/requests/new-client/:id/process","rol","si","backoffice_comercial","","","","(anonima)"
"requests","PUT","/api/v1/requests/new-client/:id/quality-checklist","rol","si","calidad | jefe_calidad","","","","(anonima)"
"requests","POST","/api/v1/requests/new-client/consent-token","solo_autenticado","si","","","","","(anonima)"
"requests","POST","/api/v1/requests/new-client/consent-token/verify","solo_autenticado","si","","","","","(anonima)"
"requests","GET","/api/v1/requests/new-client/my","solo_autenticado","si","","","","","(anonima)"
"requests","GET","/api/v1/requests/new-client/summary","rol","si","acp_comercial | backoffice_comercial | calidad | comercial | gerencia | jefe_calidad | jefe_comercial | jefe_ti | ti","","","","(anonima)"
"requests","GET","/api/v1/requests/public/consent/:token","solo_autenticado","si","","","","","(anonima)"
"schedules","GET","/api/v1/schedules","rol","si","acp_comercial | admin | administrador | analista_comercial | asesor_comercial | backoffice | backoffice_comercial | comercial | gerencia | gerencia_general | jefe_comercial","","","","listMySchedules"
"schedules","POST","/api/v1/schedules","rol","si","acp_comercial | analista_comercial | asesor_comercial | backoffice | backoffice_comercial | comercial","","","","createSchedule"
"schedules","DELETE","/api/v1/schedules/:id","rol","si","acp_comercial | analista_comercial | asesor_comercial | backoffice | backoffice_comercial | comercial","","","","deleteSchedule"
"schedules","GET","/api/v1/schedules/:id","rol","si","acp_comercial | admin | administrador | analista_comercial | asesor_comercial | backoffice | backoffice_comercial | comercial | gerencia | gerencia_general | jefe_comercial","","","","getScheduleDetail"
"schedules","PUT","/api/v1/schedules/:id","rol","si","acp_comercial | analista_comercial | asesor_comercial | backoffice | backoffice_comercial | comercial","","","","updateSchedule"
"schedules","POST","/api/v1/schedules/:id/approve","rol","si","admin | administrador | gerencia | gerencia_general | jefe_comercial","","","","approveSchedule"
"schedules","POST","/api/v1/schedules/:id/justify","rol","si","acp_comercial | analista_comercial | asesor_comercial | backoffice | backoffice_comercial | comercial","","","","justifySchedule"
"schedules","POST","/api/v1/schedules/:id/reject","rol","si","admin | administrador | gerencia | gerencia_general | jefe_comercial","","","","rejectSchedule"
"schedules","POST","/api/v1/schedules/:id/submit","rol","si","acp_comercial | analista_comercial | asesor_comercial | backoffice | backoffice_comercial | comercial","","","","submitForApproval"
"schedules","POST","/api/v1/schedules/:id/visits","rol","si","acp_comercial | analista_comercial | asesor_comercial | backoffice | backoffice_comercial | comercial","","","","addVisit"
"schedules","DELETE","/api/v1/schedules/:id/visits/:visitId","rol","si","acp_comercial | analista_comercial | asesor_comercial | backoffice | backoffice_comercial | comercial","","","","deleteVisit"
"schedules","PUT","/api/v1/schedules/:id/visits/:visitId","rol","si","acp_comercial | analista_comercial | asesor_comercial | backoffice | backoffice_comercial | comercial","","","","updateVisit"
"schedules","POST","/api/v1/schedules/:id/visits/:visitId/justify","rol","si","acp_comercial | analista_comercial | asesor_comercial | backoffice | backoffice_comercial | comercial","","","","justifyVisit"
"schedules","POST","/api/v1/schedules/:id/weeks/sync-city","rol","si","acp_comercial | analista_comercial | asesor_comercial | backoffice | backoffice_comercial | comercial","","","","syncWeekCity"
"schedules","GET","/api/v1/schedules/analytics","rol","si","admin | administrador | gerencia | gerencia_general | jefe_comercial","","","","analytics"
"schedules","GET","/api/v1/schedules/approved/current","rol","si","acp_comercial | admin | administrador | analista_comercial | asesor_comercial | backoffice | backoffice_comercial | comercial | gerencia | gerencia_general | jefe_comercial","","","","getApprovedSchedule"
"schedules","GET","/api/v1/schedules/holidays","rol","si","acp_comercial | admin | administrador | analista_comercial | asesor_comercial | backoffice | backoffice_comercial | comercial | gerencia | gerencia_general | jefe_comercial","","","","getHolidays"
"schedules","GET","/api/v1/schedules/my-calendar.ics","rol","si","acp_comercial | admin | administrador | analista_comercial | asesor_comercial | backoffice | backoffice_comercial | comercial | gerencia | gerencia_general | jefe_comercial","","","","getMyCalendarIcs"
"schedules","POST","/api/v1/schedules/optimize-route","rol","si","acp_comercial | admin | administrador | analista_comercial | asesor_comercial | backoffice | backoffice_comercial | comercial | gerencia | gerencia_general | jefe_comercial","","","","optimizeRoute"
"schedules","GET","/api/v1/schedules/pending-approval","rol","si","admin | administrador | gerencia | gerencia_general | jefe_comercial","","","","listPendingApproval"
"schedules","GET","/api/v1/schedules/team","rol","si","admin | administrador | gerencia | gerencia_general | jefe_comercial","","","","listTeamSchedules"
"security","GET","/api/v1/security/offhours-logins","rol","si","ti","","","(anonima)","getOffHoursLogins"
"security","POST","/api/v1/security/offhours-logins/:id/review","rol","si","ti","","","(anonima)","reviewOffHoursLogin"
"security","GET","/api/v1/security/offhours-logins/:id/timeline","rol","si","ti","","","(anonima)","getOffHoursLoginTimeline"
"security","GET","/api/v1/security/offhours-logins/export","rol","si","ti","","","(anonima)","exportOffHoursLogins"
"servicio","GET","/api/v1/servicio/action-queue","rol","si","esp_app | gerencia | gerencia_general | ing_servicio | jefe_servicio | jefe_servicio_tecnico | jefe_tecnico | servicio_tecnico | tecnico","","","","getActionQueueController"
"servicio","GET","/api/v1/servicio/actividades","rol","si","acp_comercial | comercial | esp_app | gerencia | gerencia_general | ing_servicio | jefe_comercial | jefe_servicio | jefe_servicio_tecnico | jefe_tecnico | servicio_tecnico | tecnico","","","","listActividadesTecnicas"
"servicio","POST","/api/v1/servicio/actividades","rol","si","esp_app | gerencia | gerencia_general | ing_servicio | jefe_servicio | jefe_servicio_tecnico | jefe_tecnico | servicio_tecnico | tecnico","","","","createActividadTecnica"
"servicio","GET","/api/v1/servicio/capacitaciones","rol","si","esp_app | gerencia | gerencia_general | ing_servicio | jefe_servicio | jefe_servicio_tecnico | jefe_tecnico | servicio_tecnico | tecnico","","","","getCapacitaciones"
"servicio","POST","/api/v1/servicio/capacitaciones","rol","si","esp_app | gerencia | gerencia_general | ing_servicio | jefe_servicio | jefe_servicio_tecnico | jefe_tecnico | servicio_tecnico | tecnico","","","","createCapacitacion"
"servicio","DELETE","/api/v1/servicio/capacitaciones/:id","rol","si","esp_app | gerencia | gerencia_general | ing_servicio | jefe_servicio | jefe_servicio_tecnico | jefe_tecnico | servicio_tecnico | tecnico","","","","deleteCapacitacion"
"servicio","PUT","/api/v1/servicio/capacitaciones/:id","rol","si","esp_app | gerencia | gerencia_general | ing_servicio | jefe_servicio | jefe_servicio_tecnico | jefe_tecnico | servicio_tecnico | tecnico","","","","updateCapacitacion"
"servicio","POST","/api/v1/servicio/corrective-cases","rol","si","acp_comercial | admin_ti | backoffice_comercial | comercial | esp_app | gerencia | gerencia_general | ing_servicio | jefe_comercial | jefe_servicio | jefe_servicio_tecnico | jefe_tecnico | jefe_ti | servicio_tecnico | tecnico | ti","","","","createCorrectiveCaseController"
"servicio","GET","/api/v1/servicio/corrective-cases/:id","rol","si","acp_comercial | admin_ti | backoffice_comercial | comercial | esp_app | gerencia | gerencia_general | ing_servicio | jefe_comercial | jefe_servicio | jefe_servicio_tecnico | jefe_tecnico | jefe_ti | servicio_tecnico | tecnico | ti","","","","getCorrectiveCaseDetailController"
"servicio","POST","/api/v1/servicio/corrective-cases/:id/actions","rol","si","acp_comercial | admin_ti | backoffice_comercial | comercial | esp_app | gerencia | gerencia_general | ing_servicio | jefe_comercial | jefe_servicio | jefe_servicio_tecnico | jefe_tecnico | jefe_ti | servicio_tecnico | tecnico | ti","","","","postCorrectiveCaseActionController"
"servicio","GET","/api/v1/servicio/corrective-cases/:id/comments","rol","si","acp_comercial | admin_ti | backoffice_comercial | comercial | esp_app | gerencia | gerencia_general | ing_servicio | jefe_comercial | jefe_servicio | jefe_servicio_tecnico | jefe_tecnico | jefe_ti | servicio_tecnico | tecnico | ti","","","","listCorrectiveCaseCommentsController"
"servicio","POST","/api/v1/servicio/corrective-cases/:id/comments","rol","si","acp_comercial | admin_ti | backoffice_comercial | comercial | esp_app | gerencia | gerencia_general | ing_servicio | jefe_comercial | jefe_servicio | jefe_servicio_tecnico | jefe_tecnico | jefe_ti | servicio_tecnico | tecnico | ti","","","","addCorrectiveCaseCommentController"
"servicio","GET","/api/v1/servicio/corrective-cases/:id/events","rol","si","acp_comercial | admin_ti | backoffice_comercial | comercial | esp_app | gerencia | gerencia_general | ing_servicio | jefe_comercial | jefe_servicio | jefe_servicio_tecnico | jefe_tecnico | jefe_ti | servicio_tecnico | tecnico | ti","","","","listCorrectiveCaseEventsController"
"servicio","GET","/api/v1/servicio/corrective-cases/:id/evidences","rol","si","acp_comercial | admin_ti | backoffice_comercial | comercial | esp_app | gerencia | gerencia_general | ing_servicio | jefe_comercial | jefe_servicio | jefe_servicio_tecnico | jefe_tecnico | jefe_ti | servicio_tecnico | tecnico | ti","","","","listCorrectiveCaseEvidencesController"
"servicio","GET","/api/v1/servicio/corrective-cases/:id/timeline","rol","si","acp_comercial | admin_ti | backoffice_comercial | comercial | esp_app | gerencia | gerencia_general | ing_servicio | jefe_comercial | jefe_servicio | jefe_servicio_tecnico | jefe_tecnico | jefe_ti | servicio_tecnico | tecnico | ti","","","","listCorrectiveCaseTimelineController"
"servicio","GET","/api/v1/servicio/corrective-cases/workspace/kpi","rol","si","acp_comercial | admin_ti | backoffice_comercial | comercial | esp_app | gerencia | gerencia_general | ing_servicio | jefe_comercial | jefe_servicio | jefe_servicio_tecnico | jefe_tecnico | jefe_ti | servicio_tecnico | tecnico | ti","","","","getCorrectiveCasesWorkspaceKpisController"
"servicio","GET","/api/v1/servicio/corrective-cases/workspace/list","rol","si","acp_comercial | admin_ti | backoffice_comercial | comercial | esp_app | gerencia | gerencia_general | ing_servicio | jefe_comercial | jefe_servicio | jefe_servicio_tecnico | jefe_tecnico | jefe_ti | servicio_tecnico | tecnico | ti","","","","listCorrectiveCasesWorkspaceController"
"servicio","GET","/api/v1/servicio/cronograma/feed","rol","si","esp_app | gerencia | gerencia_general | ing_servicio | jefe_servicio | jefe_servicio_tecnico | jefe_tecnico | servicio_tecnico | tecnico","","","","getTechnicalScheduleFeedController"
"servicio","POST","/api/v1/servicio/desinfeccion/pdf","rol","si","esp_app | gerencia | gerencia_general | ing_servicio | jefe_servicio | jefe_servicio_tecnico | jefe_tecnico | servicio_tecnico | tecnico","","","","(anonima)"
"servicio","GET","/api/v1/servicio/disponibilidad","rol","si","esp_app | gerencia | gerencia_general | ing_servicio | jefe_servicio | jefe_servicio_tecnico | jefe_tecnico | servicio_tecnico | tecnico","","","","getDisponibilidadTecnicos"
"servicio","POST","/api/v1/servicio/disponibilidad","rol","si","esp_app | gerencia | gerencia_general | ing_servicio | jefe_servicio | jefe_servicio_tecnico | jefe_tecnico | servicio_tecnico | tecnico","","","","updateDisponibilidadTecnico"
"servicio","POST","/api/v1/servicio/entrenamiento/asistencia/pdf","rol","si","esp_app | gerencia | gerencia_general | ing_servicio | jefe_servicio | jefe_servicio_tecnico | jefe_tecnico | servicio_tecnico | tecnico","","","","(anonima)"
"servicio","POST","/api/v1/servicio/entrenamiento/certificado/emitir","rol","si","esp_app | gerencia | gerencia_general | ing_servicio | jefe_servicio | jefe_servicio_tecnico | jefe_tecnico | servicio_tecnico | tecnico","","","","issueTrainingCertificate"
"servicio","POST","/api/v1/servicio/entrenamiento/certificado/entregar","rol","si","esp_app | gerencia | gerencia_general | ing_servicio | jefe_servicio | jefe_servicio_tecnico | jefe_tecnico | servicio_tecnico | tecnico","","","","deliverTrainingCertificate"
"servicio","POST","/api/v1/servicio/entrenamiento/conformidad/pdf","rol","si","esp_app | gerencia | gerencia_general | ing_servicio | jefe_servicio | jefe_servicio_tecnico | jefe_tecnico | servicio_tecnico | tecnico","","","","generateTrainingConformityPDF"
"servicio","POST","/api/v1/servicio/entrenamiento/evaluacion-especialista/pdf","rol","si","esp_app | gerencia | gerencia_general | ing_servicio | jefe_servicio | jefe_servicio_tecnico | jefe_tecnico | servicio_tecnico | tecnico","","","","generateTrainingSpecialistEvaluationPDF"
"servicio","POST","/api/v1/servicio/entrenamiento/evaluacion/pdf","rol","si","esp_app | gerencia | gerencia_general | ing_servicio | jefe_servicio | jefe_servicio_tecnico | jefe_tecnico | servicio_tecnico | tecnico","","","","generateTrainingEvaluationPDF"
"servicio","POST","/api/v1/servicio/entrenamiento/pdf","rol","si","esp_app | gerencia | gerencia_general | ing_servicio | jefe_servicio | jefe_servicio_tecnico | jefe_tecnico | servicio_tecnico | tecnico","","","","(anonima)"
"servicio","POST","/api/v1/servicio/entrenamiento/verificacion/pdf","rol","si","gerencia | jefe_servicio_tecnico | jefe_tecnico | tecnico","","","","(anonima)"
"servicio","GET","/api/v1/servicio/entrenamiento/workflow","rol","si","acp_comercial | comercial | esp_app | gerencia | gerencia_general | ing_servicio | jefe_comercial | jefe_logistica | jefe_operaciones | jefe_servicio | jefe_servicio_tecnico | jefe_tecnico | operaciones | servicio_tecnico | tecnico","","","","getTrainingWorkflowStatus"
"servicio","POST","/api/v1/servicio/entrenamiento/workflow","rol","si","esp_app | gerencia | gerencia_general | ing_servicio | jefe_servicio | jefe_servicio_tecnico | jefe_tecnico | servicio_tecnico | tecnico","","","","postTrainingWorkflowAction"
"servicio","GET","/api/v1/servicio/equipos","rol","si","admin_ti | esp_app | gerencia | gerencia_general | ing_servicio | jefe_servicio | jefe_servicio_tecnico | jefe_tecnico | jefe_ti | servicio_tecnico | tecnico | ti","","","","getEquipos"
"servicio","POST","/api/v1/servicio/equipos","rol","si","esp_app | gerencia | gerencia_general | ing_servicio | jefe_servicio | jefe_servicio_tecnico | jefe_tecnico | servicio_tecnico | tecnico","","","","createEquipo"
"servicio","POST","/api/v1/servicio/external-cases","rol","si","admin_ti | ceac | dispatcher | gerencia | gerencia_general | jefe_servicio_tecnico | jefe_tecnico | jefe_ti | servicio_tecnico | tecnico | ti","","","","createCase"
"servicio","GET","/api/v1/servicio/external-cases/:id","rol","si","acp_comercial | admin_ti | backoffice_comercial | ceac | comercial | dispatcher | gerencia | gerencia_general | jefe_comercial | jefe_servicio_tecnico | jefe_tecnico | jefe_ti | servicio_tecnico | tecnico | ti","","","","getDetail"
"servicio","POST","/api/v1/servicio/external-cases/:id/ceac-decision","rol","si","admin_ti | ceac | dispatcher | gerencia | gerencia_general | jefe_servicio_tecnico | jefe_tecnico | jefe_ti | servicio_tecnico | tecnico | ti","","","","postCeacDecision"
"servicio","GET","/api/v1/servicio/external-cases/:id/events","rol","si","acp_comercial | admin_ti | backoffice_comercial | ceac | comercial | dispatcher | gerencia | gerencia_general | jefe_comercial | jefe_servicio_tecnico | jefe_tecnico | jefe_ti | servicio_tecnico | tecnico | ti","","","","listEvents"
"servicio","POST","/api/v1/servicio/external-cases/:id/goapp/milestones/:milestone","rol","si","admin_ti | ceac | dispatcher | gerencia | gerencia_general | jefe_servicio_tecnico | jefe_tecnico | jefe_ti | servicio_tecnico | tecnico | ti","","","","postGoAppMilestone"
"servicio","POST","/api/v1/servicio/external-cases/:id/reconcile","rol","si","admin_ti | ceac | dispatcher | gerencia | gerencia_general | jefe_servicio_tecnico | jefe_tecnico | jefe_ti | servicio_tecnico | tecnico | ti","","","","reconcileState"
"servicio","POST","/api/v1/servicio/external-cases/:id/retry-sync","rol","si","admin_ti | ceac | dispatcher | gerencia | gerencia_general | jefe_servicio_tecnico | jefe_tecnico | jefe_ti | servicio_tecnico | tecnico | ti","","","","retrySync"
"servicio","POST","/api/v1/servicio/external-cases/inbound/:provider","rol","si","admin_ti | ceac | dispatcher | gerencia | gerencia_general | jefe_servicio_tecnico | jefe_tecnico | jefe_ti | servicio_tecnico | tecnico | ti","","","","createInboundCase"
"servicio","GET","/api/v1/servicio/external-cases/provider-identities","rol","si","acp_comercial | admin_ti | backoffice_comercial | ceac | comercial | dispatcher | gerencia | gerencia_general | jefe_comercial | jefe_servicio_tecnico | jefe_tecnico | jefe_ti | servicio_tecnico | tecnico | ti","","","","listProviderIdentities"
"servicio","POST","/api/v1/servicio/external-cases/provider-identities","rol","si","admin_ti | ceac | dispatcher | gerencia | gerencia_general | jefe_servicio_tecnico | jefe_tecnico | jefe_ti | servicio_tecnico | tecnico | ti","","","","upsertProviderIdentity"
"servicio","GET","/api/v1/servicio/external-cases/providers/health","rol","si","acp_comercial | admin_ti | backoffice_comercial | ceac | comercial | dispatcher | gerencia | gerencia_general | jefe_comercial | jefe_servicio_tecnico | jefe_tecnico | jefe_ti | servicio_tecnico | tecnico | ti","","","","getProviderHealth"
"servicio","POST","/api/v1/servicio/external-cases/sync/process-queue","rol","si","admin_ti | ceac | dispatcher | gerencia | gerencia_general | jefe_servicio_tecnico | jefe_tecnico | jefe_ti | servicio_tecnico | tecnico | ti","","","","processQueue"
"servicio","GET","/api/v1/servicio/external-cases/workspace/kpi","rol","si","acp_comercial | admin_ti | backoffice_comercial | ceac | comercial | dispatcher | gerencia | gerencia_general | jefe_comercial | jefe_servicio_tecnico | jefe_tecnico | jefe_ti | servicio_tecnico | tecnico | ti","","","","kpiWorkspace"
"servicio","GET","/api/v1/servicio/external-cases/workspace/list","rol","si","acp_comercial | admin_ti | backoffice_comercial | ceac | comercial | dispatcher | gerencia | gerencia_general | jefe_comercial | jefe_servicio_tecnico | jefe_tecnico | jefe_ti | servicio_tecnico | tecnico | ti","","","","listWorkspace"
"servicio","GET","/api/v1/servicio/mantenimientos","rol","si","esp_app | gerencia | gerencia_general | ing_servicio | jefe_servicio | jefe_servicio_tecnico | jefe_tecnico | servicio_tecnico | tecnico","","","","getMantenimientos"
"servicio","GET","/api/v1/servicio/mantenimientos-anuales","rol","si","esp_app | gerencia | gerencia_general | ing_servicio | jefe_servicio | jefe_servicio_tecnico | jefe_tecnico | servicio_tecnico | tecnico","","","","getMantenimientosAnuales"
"servicio","POST","/api/v1/servicio/mantenimientos-anuales","rol","si","esp_app | gerencia | gerencia_general | ing_servicio | jefe_servicio | jefe_servicio_tecnico | jefe_tecnico | servicio_tecnico | tecnico","","","","createMantenimientoAnual"
"servicio","POST","/api/v1/servicio/withdrawal/fst11/pdf","rol","si","comercial | esp_app | gerencia | gerencia_general | ing_servicio | jefe_comercial | jefe_logistica | jefe_servicio | jefe_servicio_tecnico | jefe_tecnico | logistica | servicio_tecnico | tecnico","","","","generateWithdrawalActPDF"
"servicio","GET","/api/v1/servicio/withdrawal/workflow","rol","si","acp_comercial | comercial | esp_app | gerencia | gerencia_general | ing_servicio | jefe_comercial | jefe_logistica | jefe_operaciones | jefe_servicio | jefe_servicio_tecnico | jefe_tecnico | operaciones | servicio_tecnico | tecnico","","","","getWithdrawalWorkflowStatus"
"servicio","POST","/api/v1/servicio/withdrawal/workflow","rol","si","comercial | esp_app | gerencia | gerencia_general | ing_servicio | jefe_comercial | jefe_logistica | jefe_servicio | jefe_servicio_tecnico | jefe_tecnico | logistica | servicio_tecnico | tecnico","","","","postWithdrawalWorkflowAction"
"servicio","GET","/api/v1/servicio/withdrawal/workflow/list","rol","si","acp_comercial | comercial | esp_app | gerencia | gerencia_general | ing_servicio | jefe_comercial | jefe_logistica | jefe_operaciones | jefe_servicio | jefe_servicio_tecnico | jefe_tecnico | operaciones | servicio_tecnico | tecnico","","","","listWithdrawalWorkflowStatus"
"servicio","GET","/api/v1/servicio/workflow-documents","rol","si","acp_comercial | comercial | esp_app | gerencia | gerencia_general | ing_servicio | jefe_comercial | jefe_logistica | jefe_operaciones | jefe_servicio | jefe_servicio_tecnico | jefe_tecnico | operaciones | servicio_tecnico | tecnico","","","","listWorkflowDocuments"
"servicio","GET","/api/v1/servicio/workflow-documents/summary","rol","si","acp_comercial | comercial | esp_app | gerencia | gerencia_general | ing_servicio | jefe_comercial | jefe_logistica | jefe_operaciones | jefe_servicio | jefe_servicio_tecnico | jefe_tecnico | operaciones | servicio_tecnico | tecnico","","","","listWorkflowDocumentsSummary"
"servicio","GET","/api/v1/servicio/workflow/catalog","rol","si","acp_comercial | comercial | esp_app | gerencia | gerencia_general | ing_servicio | jefe_comercial | jefe_logistica | jefe_operaciones | jefe_servicio | jefe_servicio_tecnico | jefe_tecnico | operaciones | servicio_tecnico | tecnico","","","","getWorkflowCatalog"
"servicio","GET","/api/v1/servicio/workflow/registry","rol","si","acp_comercial | comercial | esp_app | gerencia | gerencia_general | ing_servicio | jefe_comercial | jefe_logistica | jefe_operaciones | jefe_servicio | jefe_servicio_tecnico | jefe_tecnico | operaciones | servicio_tecnico | tecnico","","","","getWorkflowRegistryStatus"
"servicio","POST","/api/v1/servicio/workflow/registry","rol","si","gerencia | gerencia_general | jefe_servicio_tecnico | jefe_tecnico","","","","upsertWorkflowRegistryStatus"
"servicio","GET","/api/v1/servicio/workflow/reporting-summary","rol","si","acp_comercial | comercial | esp_app | gerencia | gerencia_general | ing_servicio | jefe_comercial | jefe_logistica | jefe_operaciones | jefe_servicio | jefe_servicio_tecnico | jefe_tecnico | operaciones | servicio_tecnico | tecnico","","","","getWorkflowReportingSummary"
"servicio","GET","/api/v1/servicio/workflow/state-machines","rol","si","acp_comercial | comercial | esp_app | gerencia | gerencia_general | ing_servicio | jefe_comercial | jefe_logistica | jefe_operaciones | jefe_servicio | jefe_servicio_tecnico | jefe_tecnico | operaciones | servicio_tecnico | tecnico","","","","getWorkflowStateMachines"
"servicio","GET","/api/v1/servicio/workflow/timeline","rol","si","acp_comercial | comercial | esp_app | gerencia | gerencia_general | ing_servicio | jefe_comercial | jefe_logistica | jefe_operaciones | jefe_servicio | jefe_servicio_tecnico | jefe_tecnico | operaciones | servicio_tecnico | tecnico","","","","getWorkflowTimelineEvents"
"signature-workflows","GET","/api/v1/signature-workflows","solo_autenticado","si","","","","","(anonima)"
"signature-workflows","POST","/api/v1/signature-workflows","solo_autenticado","si","","","","","(anonima)"
"signature-workflows","GET","/api/v1/signature-workflows/:id","solo_autenticado","si","","","","","(anonima)"
"signature-workflows","POST","/api/v1/signature-workflows/:id/cancel","solo_autenticado","si","","","","","(anonima)"
"signature-workflows","GET","/api/v1/signature-workflows/:id/documents/:documentId/final-pdf","solo_autenticado","si","","","","","(anonima)"
"signature-workflows","GET","/api/v1/signature-workflows/:id/documents/:documentId/pdf","solo_autenticado","si","","","","","(anonima)"
"signature-workflows","POST","/api/v1/signature-workflows/:id/send","solo_autenticado","si","","","","","(anonima)"
"signature-workflows","POST","/api/v1/signature-workflows/:id/signers/:signerId/correct-placement","solo_autenticado","si","","","","","(anonima)"
"signature-workflows","POST","/api/v1/signature-workflows/:id/signers/:signerId/open","solo_autenticado","si","","","","","(anonima)"
"signature-workflows","POST","/api/v1/signature-workflows/:id/signers/:signerId/reassign","solo_autenticado","si","","","","","(anonima)"
"signature-workflows","POST","/api/v1/signature-workflows/:id/signers/:signerId/reject","solo_autenticado","si","","","","","(anonima)"
"signature-workflows","POST","/api/v1/signature-workflows/:id/signers/:signerId/sign","solo_autenticado","si","","","","","(anonima)"
"signature-workflows","GET","/api/v1/signature-workflows/me/completed","solo_autenticado","si","","","","","(anonima)"
"signature-workflows","GET","/api/v1/signature-workflows/me/pending","solo_autenticado","si","","","","","(anonima)"
"signature-workflows","GET","/api/v1/signature-workflows/signer-candidates","solo_autenticado","si","","","","","(anonima)"
"signature-workflows","POST","/api/v1/signature-workflows/validate-signer-profiles","solo_autenticado","si","","","","","(anonima)"
"signature-workflows","GET","/api/v1/signature-workflows/verify/:token","publico","no","","","","","(anonima)"
"signature-workflows","GET","/api/v1/signature-workflows/verify/:token/json","publico","no","","","","","(anonima)"
"signature","GET","/api/v1/signature/dashboard","solo_autenticado","si","","","","","(anonima)"
"signature","GET","/api/v1/signature/documents/:documentId/audit-trail","solo_autenticado","si","","","","","(anonima)"
"signature","POST","/api/v1/signature/documents/:documentId/sign","solo_autenticado","si","","","","","(anonima)"
"signature","GET","/api/v1/signature/verificar/:token","publico","no","","","","(anonima)","(anonima)"
"signature","GET","/api/v1/signature/verify/:token","publico","no","","","","(anonima)","(anonima)"
"suggestion-box","POST","/api/v1/suggestion-box/public/submissions","publico","no","","","","(anonima)","(anonima)"
"suggestion-box","GET","/api/v1/suggestion-box/submissions","rol","si","admin | admin_ti | administrador | calidad | director | gerencia | gerencia_general | gerente | gerente_general | jefe_calidad | jefe_de_calidad | jefe_de_ti | jefe_ti | talento_humano | ti","","","","(anonima)"
"suggestion-box","POST","/api/v1/suggestion-box/submissions","solo_autenticado","si","","","","","(anonima)"
"suggestion-box","GET","/api/v1/suggestion-box/submissions/:id","rol","si","admin | admin_ti | administrador | calidad | director | gerencia | gerencia_general | gerente | gerente_general | jefe_calidad | jefe_de_calidad | jefe_de_ti | jefe_ti | talento_humano | ti","","","","(anonima)"
"suggestion-box","POST","/api/v1/suggestion-box/submissions/:id/status","rol","si","admin | admin_ti | administrador | calidad | director | gerencia | gerencia_general | gerente | gerente_general | jefe_calidad | jefe_de_calidad | jefe_de_ti | jefe_ti | talento_humano | ti","","","","(anonima)"
"support-tickets","POST","/api/v1/support-tickets","solo_autenticado","si","","","","multerMiddleware","create"
"support-tickets","PATCH","/api/v1/support-tickets/:id/assign-self","rol","si","admin_ti | esp_app | ing_servicio | jefe_de_ti | jefe_servicio | jefe_servicio_tecnico | jefe_tecnico | jefe_ti | servicio_tecnico | tecnico | ti","","","","assignSelf"
"support-tickets","POST","/api/v1/support-tickets/:id/close","solo_autenticado","si","","","","","closeByRequester"
"support-tickets","GET","/api/v1/support-tickets/:id/comments","solo_autenticado","si","","","","","listComments"
"support-tickets","POST","/api/v1/support-tickets/:id/comments","solo_autenticado","si","","","","","addComment"
"support-tickets","GET","/api/v1/support-tickets/:id/events","solo_autenticado","si","","","","","listEvents"
"support-tickets","POST","/api/v1/support-tickets/:id/reopen","solo_autenticado","si","","","","","reopen"
"support-tickets","POST","/api/v1/support-tickets/:id/satisfaction","solo_autenticado","si","","","","","rateSatisfaction"
"support-tickets","PATCH","/api/v1/support-tickets/:id/status","rol","si","admin_ti | esp_app | ing_servicio | jefe_de_ti | jefe_servicio | jefe_servicio_tecnico | jefe_tecnico | jefe_ti | servicio_tecnico | tecnico | ti","","","","updateStatus"
"support-tickets","GET","/api/v1/support-tickets/attachments/:attachmentId/file","solo_autenticado","si","","","","","getEvidenceFile"
"support-tickets","GET","/api/v1/support-tickets/kpi-definitions","rol","si","jefe_ti","","","","listKpiDefinitions"
"support-tickets","POST","/api/v1/support-tickets/kpi-definitions","rol","si","jefe_ti","","","","createKpiDefinition"
"support-tickets","DELETE","/api/v1/support-tickets/kpi-definitions/:id","rol","si","jefe_ti","","","","deleteKpiDefinition"
"support-tickets","PUT","/api/v1/support-tickets/kpi-definitions/:id","rol","si","jefe_ti","","","","updateKpiDefinition"
"support-tickets","GET","/api/v1/support-tickets/kpi-definitions/metric-catalog","rol","si","jefe_ti","","","","getKpiMetricCatalog"
"support-tickets","PATCH","/api/v1/support-tickets/kpi-definitions/reorder","rol","si","jefe_ti","","","","reorderKpiDefinitions"
"support-tickets","GET","/api/v1/support-tickets/my","solo_autenticado","si","","","","","listMy"
"support-tickets","GET","/api/v1/support-tickets/reports/monthly","rol","si","jefe_ti","","","","getMonthlyReport"
"support-tickets","GET","/api/v1/support-tickets/reports/monthly/export","rol","si","jefe_ti","","","","exportMonthlyReport"
"support-tickets","GET","/api/v1/support-tickets/workspace/kpi","rol","si","admin_ti | esp_app | ing_servicio | jefe_de_ti | jefe_servicio | jefe_servicio_tecnico | jefe_tecnico | jefe_ti | servicio_tecnico | tecnico | ti","","","","kpiWorkspace"
"support-tickets","GET","/api/v1/support-tickets/workspace/kpi-definitions","rol","si","admin_ti | esp_app | ing_servicio | jefe_de_ti | jefe_servicio | jefe_servicio_tecnico | jefe_tecnico | jefe_ti | servicio_tecnico | tecnico | ti","","","","listWorkspaceKpiDefinitions"
"support-tickets","GET","/api/v1/support-tickets/workspace/list","rol","si","admin_ti | esp_app | ing_servicio | jefe_de_ti | jefe_servicio | jefe_servicio_tecnico | jefe_tecnico | jefe_ti | servicio_tecnico | tecnico | ti","","","","listWorkspace"
"talento-humano","POST","/api/v1/talento-humano/documents/:id","rol","si","gerencia | talento_humano","","","multerMiddleware","uploadDocument"
"talento-humano","GET","/api/v1/talento-humano/employees","rol","si","gerencia | talento_humano","","","","listEmployees"
"talento-humano","POST","/api/v1/talento-humano/employees","rol","si","gerencia | talento_humano","","","","createEmployee"
"talento-humano","PUT","/api/v1/talento-humano/employees/:id","rol","si","gerencia | talento_humano","","","","updateEmployee"
"technical-applications","GET","/api/v1/technical-applications/available","rol","si","administrador | esp_app | gerencia | ing_servicio | jefe_servicio | jefe_servicio_tecnico | jefe_tecnico | servicio_tecnico | tecnico","","","","listAvailable"
"ti-assets","GET","/api/v1/ti-assets","rol","si","admin_ti | contador | financiero | finanzas | gerencia | gerencia_general | jefe_financiero | jefe_finanzas | jefe_ti | ti","","","","(anonima)"
"ti-assets","POST","/api/v1/ti-assets","rol","si","admin_ti | contador | financiero | finanzas | gerencia | jefe_financiero | jefe_finanzas | jefe_ti | ti","","","multerMiddleware","(anonima)"
"ti-assets","PATCH","/api/v1/ti-assets/:id","rol","si","admin_ti | gerencia | jefe_ti | ti","","","","(anonima)"
"ti-assets","GET","/api/v1/ti-assets/:id/accessories","rol","si","admin_ti | contador | financiero | finanzas | gerencia | gerencia_general | jefe_financiero | jefe_finanzas | jefe_ti | ti","","","","(anonima)"
"ti-assets","POST","/api/v1/ti-assets/:id/accessories","rol","si","admin_ti | gerencia | jefe_ti | ti","","","","(anonima)"
"ti-assets","DELETE","/api/v1/ti-assets/:id/accessories/:accId","rol","si","admin_ti | gerencia | jefe_ti | ti","","","","(anonima)"
"ti-assets","PATCH","/api/v1/ti-assets/:id/accessories/:accId","rol","si","admin_ti | gerencia | jefe_ti | ti","","","","(anonima)"
"ti-assets","GET","/api/v1/ti-assets/:id/actas","rol","si","admin_ti | contador | financiero | finanzas | gerencia | gerencia_general | jefe_financiero | jefe_finanzas | jefe_ti | ti","","","","(anonima)"
"ti-assets","POST","/api/v1/ti-assets/:id/assign","rol","si","admin_ti | gerencia | jefe_ti | ti","","","multerMiddleware","(anonima)"
"ti-assets","GET","/api/v1/ti-assets/:id/assignments-history","rol","si","admin_ti | contador | financiero | finanzas | gerencia | gerencia_general | jefe_financiero | jefe_finanzas | jefe_ti | ti","","","","(anonima)"
"ti-assets","POST","/api/v1/ti-assets/:id/condition-photos","rol","si","admin_ti | contador | financiero | finanzas | gerencia | jefe_financiero | jefe_finanzas | jefe_ti | ti","","","multerMiddleware","(anonima)"
"ti-assets","POST","/api/v1/ti-assets/:id/custody","rol","si","admin_ti | gerencia | jefe_ti | ti","","","","(anonima)"
"ti-assets","GET","/api/v1/ti-assets/:id/custody-history","rol","si","admin_ti | contador | financiero | finanzas | gerencia | gerencia_general | jefe_financiero | jefe_finanzas | jefe_ti | ti","","","","(anonima)"
"ti-assets","GET","/api/v1/ti-assets/:id/financial-docs","rol","si","admin_ti | contador | financiero | finanzas | gerencia | gerencia_general | jefe_financiero | jefe_finanzas | jefe_ti | ti","","","","(anonima)"
"ti-assets","POST","/api/v1/ti-assets/:id/financial-docs","rol","si","admin_ti | contador | financiero | finanzas | gerencia | gerencia_general | jefe_financiero | jefe_finanzas | jefe_ti | ti","","","multerMiddleware","(anonima)"
"ti-assets","GET","/api/v1/ti-assets/:id/history","rol","si","admin_ti | contador | financiero | finanzas | gerencia | gerencia_general | jefe_financiero | jefe_finanzas | jefe_ti | ti","","","","(anonima)"
"ti-assets","GET","/api/v1/ti-assets/:id/label","rol","si","admin_ti | contador | financiero | finanzas | gerencia | gerencia_general | jefe_financiero | jefe_finanzas | jefe_ti | pasante | ti","","","","(anonima)"
"ti-assets","GET","/api/v1/ti-assets/:id/letras-de-cambio-history","rol","si","admin_ti | contador | financiero | finanzas | gerencia | gerencia_general | jefe_financiero | jefe_finanzas | jefe_ti | ti","","","","(anonima)"
"ti-assets","POST","/api/v1/ti-assets/:id/liberate","rol","si","admin_ti | gerencia | jefe_ti | ti","","","multerMiddleware","(anonima)"
"ti-assets","GET","/api/v1/ti-assets/:id/liberation-photos","rol","si","admin_ti | contador | financiero | finanzas | gerencia | gerencia_general | jefe_financiero | jefe_finanzas | jefe_ti | ti","","","","(anonima)"
"ti-assets","POST","/api/v1/ti-assets/:id/status","rol","si","admin_ti | gerencia | jefe_ti | ti","","","","(anonima)"
"ti-assets","GET","/api/v1/ti-assets/:id/tech-spec","rol","si","acp_comercial | admin_ti | gerencia | jefe_financiero | jefe_ti | ti","","","","(anonima)"
"ti-assets","GET","/api/v1/ti-assets/actas","rol","si","admin_ti | contador | financiero | finanzas | gerencia | gerencia_general | jefe_financiero | jefe_finanzas | jefe_ti | ti","","","","(anonima)"
"ti-assets","GET","/api/v1/ti-assets/actas/:actaId","rol","si","admin_ti | contador | financiero | finanzas | gerencia | gerencia_general | jefe_financiero | jefe_finanzas | jefe_ti | ti","","","","(anonima)"
"ti-assets","PATCH","/api/v1/ti-assets/actas/:actaId","rol","si","admin_ti | gerencia | jefe_ti | ti","","","","(anonima)"
"ti-assets","GET","/api/v1/ti-assets/actas/:actaId/pdf","rol","si","admin_ti | contador | financiero | finanzas | gerencia | gerencia_general | jefe_financiero | jefe_finanzas | jefe_ti | ti","","","","(anonima)"
"ti-assets","GET","/api/v1/ti-assets/actas/:actaId/signature-workflow","rol","si","admin_ti | contador | financiero | finanzas | gerencia | gerencia_general | jefe_financiero | jefe_finanzas | jefe_ti | ti","","","","(anonima)"
"ti-assets","POST","/api/v1/ti-assets/actas/:actaId/start-signature-workflow","rol","si","admin_ti | gerencia | jefe_ti | ti","","","","(anonima)"
"ti-assets","POST","/api/v1/ti-assets/actas/:actaId/upload-signed","rol","si","admin_ti | gerencia | jefe_ti | ti","","","multerMiddleware","(anonima)"
"ti-assets","POST","/api/v1/ti-assets/assignments/:assignmentId/evidence","rol","si","admin_ti | gerencia | jefe_ti | ti","","","multerMiddleware","(anonima)"
"ti-assets","GET","/api/v1/ti-assets/assignments/:assignmentId/evidence/file","rol","si","admin_ti | contador | financiero | finanzas | gerencia | gerencia_general | jefe_financiero | jefe_finanzas | jefe_ti | ti","","","","(anonima)"
"ti-assets","POST","/api/v1/ti-assets/batch/assign","rol","si","admin_ti | gerencia | jefe_ti | ti","","","multerMiddleware","(anonima)"
"ti-assets","GET","/api/v1/ti-assets/corporate-numbers","rol","si","admin_ti | contador | financiero | finanzas | gerencia | gerencia_general | jefe_financiero | jefe_finanzas | jefe_ti | ti","","","","(anonima)"
"ti-assets","POST","/api/v1/ti-assets/corporate-numbers","rol","si","admin_ti | gerencia | jefe_ti | ti","","","","(anonima)"
"ti-assets","POST","/api/v1/ti-assets/corporate-numbers/:currentId/change","rol","si","jefe_ti | ti","","","","(anonima)"
"ti-assets","GET","/api/v1/ti-assets/corporate-numbers/:id","rol","si","admin_ti | contador | financiero | finanzas | gerencia | gerencia_general | jefe_financiero | jefe_finanzas | jefe_ti | ti","","","","(anonima)"
"ti-assets","PATCH","/api/v1/ti-assets/corporate-numbers/:id","rol","si","admin_ti | gerencia | jefe_ti | ti","","","","(anonima)"
"ti-assets","POST","/api/v1/ti-assets/corporate-numbers/:id/assign","rol","si","jefe_ti | ti","","","","(anonima)"
"ti-assets","GET","/api/v1/ti-assets/corporate-numbers/:id/history","rol","si","admin_ti | contador | financiero | finanzas | gerencia | gerencia_general | jefe_financiero | jefe_finanzas | jefe_ti | ti","","","","(anonima)"
"ti-assets","GET","/api/v1/ti-assets/custody/clients","rol","si","admin_ti | contador | financiero | finanzas | gerencia | gerencia_general | jefe_financiero | jefe_finanzas | jefe_ti | ti","","","","(anonima)"
"ti-assets","GET","/api/v1/ti-assets/custody/summary","rol","si","admin_ti | contador | financiero | finanzas | gerencia | gerencia_general | jefe_financiero | jefe_finanzas | jefe_ti | ti","","","","(anonima)"
"ti-assets","POST","/api/v1/ti-assets/legacy-assignments/:assignmentId/upload-signed","rol","si","admin_ti | contador | financiero | finanzas | gerencia | jefe_financiero | jefe_finanzas | jefe_ti | ti","","","multerMiddleware","(anonima)"
"ti-assets","GET","/api/v1/ti-assets/liberation-photos/:photoId/file","rol","si","admin_ti | contador | financiero | finanzas | gerencia | gerencia_general | jefe_financiero | jefe_finanzas | jefe_ti | ti","","","","(anonima)"
"ti-assets","DELETE","/api/v1/ti-assets/maintenance","rol","si","admin_ti | gerencia | jefe_ti | ti","","","","(anonima)"
"ti-assets","POST","/api/v1/ti-assets/maintenance","rol","si","admin_ti | gerencia | jefe_ti | ti","","","","(anonima)"
"ti-assets","POST","/api/v1/ti-assets/maintenance/:id/complete","rol","si","admin_ti | gerencia | jefe_ti | ti","","","","(anonima)"
"ti-assets","PATCH","/api/v1/ti-assets/maintenance/:id/coordination-date","rol","si","admin_ti | gerencia | jefe_ti | ti","","","","(anonima)"
"ti-assets","POST","/api/v1/ti-assets/maintenance/:id/request-delivery","rol","si","admin_ti | gerencia | jefe_ti | ti","","","","(anonima)"
"ti-assets","POST","/api/v1/ti-assets/maintenance/annual/generate","rol","si","admin_ti | gerencia | jefe_ti | ti","","","","(anonima)"
"ti-assets","GET","/api/v1/ti-assets/maintenance/diagnose","rol","si","admin_ti | contador | financiero | finanzas | gerencia | gerencia_general | jefe_financiero | jefe_finanzas | jefe_ti | ti","","","","(anonima)"
"ti-assets","POST","/api/v1/ti-assets/maintenance/generate","rol","si","admin_ti | gerencia | jefe_ti | ti","","","","(anonima)"
"ti-assets","GET","/api/v1/ti-assets/maintenance/list","rol","si","admin_ti | contador | financiero | finanzas | gerencia | gerencia_general | jefe_financiero | jefe_finanzas | jefe_ti | ti","","","","(anonima)"
"ti-assets","POST","/api/v1/ti-assets/maintenance/refresh","rol","si","admin_ti | gerencia | jefe_ti | ti","","","","(anonima)"
"ti-assets","GET","/api/v1/ti-assets/public/:assetCode","publico","no","","","","","(anonima)"
"ti-assets","GET","/api/v1/ti-assets/public/:assetCode/condition-photos/:photoIndex","publico","no","","","","","(anonima)"
"ti-assets","GET","/api/v1/ti-assets/recipient-info/:userId","rol","si","admin_ti | gerencia | jefe_ti | ti","","","","(anonima)"
"ti-assets","GET","/api/v1/ti-assets/reports","rol","si","admin_ti | contador | financiero | finanzas | gerencia | gerencia_general | jefe_financiero | jefe_finanzas | jefe_ti | ti","","","","(anonima)"
"ti-assets","GET","/api/v1/ti-assets/reports/actas","rol","si","admin_ti | contador | financiero | finanzas | gerencia | gerencia_general | jefe_financiero | jefe_finanzas | jefe_ti | ti","","","","(anonima)"
"ti-assets","GET","/api/v1/ti-assets/reports/asset/:id","rol","si","admin_ti | contador | financiero | finanzas | gerencia | gerencia_general | jefe_financiero | jefe_finanzas | jefe_ti | ti","","","","(anonima)"
"ti-assets","GET","/api/v1/ti-assets/reports/collaborator/:userId","rol","si","admin_ti | contador | financiero | finanzas | gerencia | gerencia_general | jefe_financiero | jefe_finanzas | jefe_ti | ti","","","","(anonima)"
"ti-assets","GET","/api/v1/ti-assets/reports/download","rol","si","admin_ti | contador | financiero | finanzas | gerencia | gerencia_general | jefe_financiero | jefe_finanzas | jefe_ti | ti","","","","(anonima)"
"ti-assets","POST","/api/v1/ti-assets/reports/generate","rol","si","admin_ti | gerencia | jefe_ti | ti","","","","(anonima)"
"ti-assets","POST","/api/v1/ti-assets/tech-specs/publish","rol","si","admin_ti | gerencia | jefe_ti | ti","","","","(anonima)"
"trainings","GET","/api/v1/trainings","solo_autenticado","si","","","","","listTrainingsController"
"trainings","POST","/api/v1/trainings","rol","si","admin | calidad | comercial | finanzas | gerencia | operaciones | servicio_tecnico | talento_humano | ti","","","","createTrainingController"
"trainings","DELETE","/api/v1/trainings/:id","rol","si","admin | calidad | comercial | finanzas | gerencia | operaciones | servicio_tecnico | talento_humano | ti","","","","cancelTrainingController"
"trainings","GET","/api/v1/trainings/:id","solo_autenticado","si","","","","","getTrainingController"
"trainings","PUT","/api/v1/trainings/:id","rol","si","admin | calidad | comercial | finanzas | gerencia | operaciones | servicio_tecnico | talento_humano | ti","","","","updateTrainingController"
"trainings","POST","/api/v1/trainings/:id/absent-acta/generate","rol","si","admin | calidad | comercial | finanzas | gerencia | operaciones | servicio_tecnico | talento_humano | ti","","","","generateAbsentActaController"
"trainings","POST","/api/v1/trainings/:id/absent-acta/remind","rol","si","admin | calidad | comercial | finanzas | gerencia | operaciones | servicio_tecnico | talento_humano | ti","","","","remindAbsentController"
"trainings","POST","/api/v1/trainings/:id/absent-acta/send-famsign","rol","si","admin | calidad | comercial | finanzas | gerencia | operaciones | servicio_tecnico | talento_humano | ti","","","","sendAbsentActaToFamSignController"
"trainings","POST","/api/v1/trainings/:id/absent-acta/upload-signed","rol","si","admin | calidad | comercial | finanzas | gerencia | operaciones | servicio_tecnico | talento_humano | ti","","","(anonima)","uploadManualSignedAbsentActaController"
"trainings","POST","/api/v1/trainings/:id/acta/generate","rol","si","admin | calidad | comercial | finanzas | gerencia | operaciones | servicio_tecnico | talento_humano | ti","","","","generateActaController"
"trainings","POST","/api/v1/trainings/:id/acta/remind","rol","si","admin | calidad | comercial | finanzas | gerencia | operaciones | servicio_tecnico | talento_humano | ti","","","","remindMainController"
"trainings","POST","/api/v1/trainings/:id/acta/send-famsign","rol","si","admin | calidad | comercial | finanzas | gerencia | operaciones | servicio_tecnico | talento_humano | ti","","","","sendActaToFamSignController"
"trainings","POST","/api/v1/trainings/:id/acta/upload-external","rol","si","admin | calidad | comercial | finanzas | gerencia | operaciones | servicio_tecnico | talento_humano | ti","","","(anonima)","uploadExternalActaController"
"trainings","POST","/api/v1/trainings/:id/acta/upload-signed","rol","si","admin | calidad | comercial | finanzas | gerencia | operaciones | servicio_tecnico | talento_humano | ti","","","(anonima)","uploadManualSignedActaController"
"trainings","POST","/api/v1/trainings/:id/attendance","rol","si","admin | calidad | comercial | finanzas | gerencia | operaciones | servicio_tecnico | talento_humano | ti","","","","markAttendanceController"
"trainings","POST","/api/v1/trainings/:id/attendees","rol","si","admin | calidad | comercial | finanzas | gerencia | operaciones | servicio_tecnico | talento_humano | ti","","","","addAttendeesController"
"trainings","DELETE","/api/v1/trainings/:id/attendees/:attendeeId","rol","si","admin | calidad | comercial | finanzas | gerencia | operaciones | servicio_tecnico | talento_humano | ti","","","","removeAttendeeController"
"trainings","GET","/api/v1/trainings/me/assigned","solo_autenticado","si","","","","","getMyAssignedController"
"trainings","GET","/api/v1/trainings/participants","solo_autenticado","si","","","","","listParticipantsController"
"users","GET","/api/v1/users","solo_autenticado","si","","","","allowSignerDirectoryLookup","getUsers"
"users","POST","/api/v1/users","rol","si","admin | admin_ti | administrador | gerencia | jefe_talento_humano | jefe_ti | talento_humano | ti","","","","createUser"
"users","DELETE","/api/v1/users/:id","rol","si","admin | admin_ti | administrador | gerencia | jefe_talento_humano | jefe_ti | talento_humano | ti","","","","deleteUser"
"users","GET","/api/v1/users/:id","rol","si","admin | admin_ti | administrador | gerencia | jefe_talento_humano | jefe_ti | talento_humano | ti","","","","getUserById"
"users","PUT","/api/v1/users/:id","rol","si","admin | admin_ti | administrador | gerencia | jefe_talento_humano | jefe_ti | talento_humano | ti","","","","updateUser"
"users","GET","/api/v1/users/:id/certifications","rol","si","acp_comercial | gerencia | gerencia_general | talento_humano","","","","getUserCertifications"
"users","GET","/api/v1/users/:id/certifications/dossier","solo_autenticado","si","","","","","generateUserCertificationsDossier"
"users","GET","/api/v1/users/:id/certifications/pdf","rol","si","acp_comercial | gerencia | gerencia_general | talento_humano","","","","generateUserCertificationsPDF"
"users","GET","/api/v1/users/me/certifications","solo_autenticado","si","","","","","getMyCertifications"
"users","POST","/api/v1/users/me/certifications","solo_autenticado","si","","","","multerMiddleware","createMyCertification"
"users","DELETE","/api/v1/users/me/certifications/:certId","solo_autenticado","si","","","","","deleteMyCertification"
"users","POST","/api/v1/users/me/certifications/bulk","solo_autenticado","si","","","","multerMiddleware","createMyBulkCertifications"
"users","GET","/api/v1/users/me/profile","solo_autenticado","si","","","","","getMine"
"users","POST","/api/v1/users/me/profile","solo_autenticado","si","","","","multerMiddleware","createMine"
"users","PUT","/api/v1/users/me/profile","solo_autenticado","si","","","","multerMiddleware","updateMine"
"users","GET","/api/v1/users/me/profile/documents","solo_autenticado","si","","","","","getMyDocuments"
"users","POST","/api/v1/users/me/profile/documents","solo_autenticado","si","","","","multerMiddleware","uploadMyDocument"
"users","GET","/api/v1/users/roles","rol","si","acp_comercial | admin | admin_ti | administrador | backoffice_comercial | comercial | director | financiero | finanzas | gerencia | gerencia_general | gerente_general | jefe_comercial | jefe_de_operaciones | jefe_financiero | jefe_finanzas | jefe_operaciones | jefe_servicio | jefe_talento_humano | jefe_ti | talento_humano | ti","","","","(anonima)"
"vacaciones","GET","/api/v1/vacaciones","solo_autenticado","si","","","","","list"
"vacaciones","POST","/api/v1/vacaciones","solo_autenticado","si","","","","","create"
"vacaciones","POST","/api/v1/vacaciones/:id/cancel","solo_autenticado","si","","","","","cancel"
"vacaciones","POST","/api/v1/vacaciones/:id/cancel/review","solo_autenticado","si","","","","","reviewCancel"
"vacaciones","PATCH","/api/v1/vacaciones/:id/dates","solo_autenticado","si","","","","","updateDates"
"vacaciones","PATCH","/api/v1/vacaciones/:id/status","solo_autenticado","si","","","","","updateStatus"
"vacaciones","GET","/api/v1/vacaciones/legal-verification/:token","publico","no","","","","","verifyLegalToken"
"vacaciones","GET","/api/v1/vacaciones/summary/data","solo_autenticado","si","","","","","getSummary"
"vacaciones","GET","/api/v1/vacaciones/validate-balance","solo_autenticado","si","","","","","validateBalance"
"viaticos","GET","/api/v1/viaticos","rol","si","admin | administrador | backoffice_comercial | comercial | esp_app | esp_app_ext | financiero | finanzas | gerencia_general | ing_servicio | ing_servicio_ext | jefe_comercial | jefe_operaciones | jefe_servicio | jefe_servicio_tecnico | jefe_talento_humano | jefe_tecnico | jefe_ti | servicio_tecnico | talento_humano | tecnico | ti","","","","list"
"viaticos","POST","/api/v1/viaticos","rol","si","admin | administrador | backoffice_comercial | comercial | esp_app | esp_app_ext | financiero | finanzas | gerencia_general | ing_servicio | ing_servicio_ext | jefe_comercial | jefe_operaciones | jefe_servicio | jefe_servicio_tecnico | jefe_talento_humano | jefe_tecnico | jefe_ti | servicio_tecnico | talento_humano | tecnico | ti","","","","upsert"
"viaticos","GET","/api/v1/viaticos/:id/anticipos","rol","si","admin | administrador | backoffice_comercial | comercial | esp_app | esp_app_ext | financiero | finanzas | gerencia_general | ing_servicio | ing_servicio_ext | jefe_comercial | jefe_operaciones | jefe_servicio | jefe_servicio_tecnico | jefe_talento_humano | jefe_tecnico | jefe_ti | servicio_tecnico | talento_humano | tecnico | ti","","","","listAnticipos"
"viaticos","POST","/api/v1/viaticos/:id/anticipos","rol","si","admin | administrador | backoffice_comercial | comercial | esp_app | esp_app_ext | financiero | finanzas | gerencia_general | ing_servicio | ing_servicio_ext | jefe_comercial | jefe_operaciones | jefe_servicio | jefe_servicio_tecnico | jefe_talento_humano | jefe_tecnico | jefe_ti | servicio_tecnico | talento_humano | tecnico | ti","","","","requestAnticipo"
"viaticos","PATCH","/api/v1/viaticos/:id/approve-segment","rol","si","admin | administrador | backoffice_comercial | comercial | esp_app | esp_app_ext | financiero | finanzas | gerencia_general | ing_servicio | ing_servicio_ext | jefe_comercial | jefe_operaciones | jefe_servicio | jefe_servicio_tecnico | jefe_talento_humano | jefe_tecnico | jefe_ti | servicio_tecnico | talento_humano | tecnico | ti  Y  financiero | finanzas | jefe_financiero | jefe_finanzas | jefe_talento_humano | talento_humano","","","","approveSegment"
"viaticos","GET","/api/v1/viaticos/:id/documents","rol","si","admin | administrador | backoffice_comercial | comercial | esp_app | esp_app_ext | financiero | finanzas | gerencia_general | ing_servicio | ing_servicio_ext | jefe_comercial | jefe_operaciones | jefe_servicio | jefe_servicio_tecnico | jefe_talento_humano | jefe_tecnico | jefe_ti | servicio_tecnico | talento_humano | tecnico | ti","","","","listDocuments"
"viaticos","POST","/api/v1/viaticos/:id/documents","rol","si","admin | administrador | backoffice_comercial | comercial | esp_app | esp_app_ext | financiero | finanzas | gerencia_general | ing_servicio | ing_servicio_ext | jefe_comercial | jefe_operaciones | jefe_servicio | jefe_servicio_tecnico | jefe_talento_humano | jefe_tecnico | jefe_ti | servicio_tecnico | talento_humano | tecnico | ti","","","","addDocument"
"viaticos","GET","/api/v1/viaticos/:id/invoices","rol","si","admin | administrador | backoffice_comercial | comercial | esp_app | esp_app_ext | financiero | finanzas | gerencia_general | ing_servicio | ing_servicio_ext | jefe_comercial | jefe_operaciones | jefe_servicio | jefe_servicio_tecnico | jefe_talento_humano | jefe_tecnico | jefe_ti | servicio_tecnico | talento_humano | tecnico | ti","","","","listInvoices"
"viaticos","GET","/api/v1/viaticos/:id/invoices/manual","rol","si","admin | administrador | backoffice_comercial | comercial | esp_app | esp_app_ext | financiero | finanzas | gerencia_general | ing_servicio | ing_servicio_ext | jefe_comercial | jefe_operaciones | jefe_servicio | jefe_servicio_tecnico | jefe_talento_humano | jefe_tecnico | jefe_ti | servicio_tecnico | talento_humano | tecnico | ti","","","","listManualNotes"
"viaticos","POST","/api/v1/viaticos/:id/invoices/manual","rol","si","admin | administrador | backoffice_comercial | comercial | esp_app | esp_app_ext | financiero | finanzas | gerencia_general | ing_servicio | ing_servicio_ext | jefe_comercial | jefe_operaciones | jefe_servicio | jefe_servicio_tecnico | jefe_talento_humano | jefe_tecnico | jefe_ti | servicio_tecnico | talento_humano | tecnico | ti","","","","createManualNote"
"viaticos","POST","/api/v1/viaticos/:id/invoices/txt","rol","si","admin | administrador | backoffice_comercial | comercial | esp_app | esp_app_ext | financiero | finanzas | gerencia_general | ing_servicio | ing_servicio_ext | jefe_comercial | jefe_operaciones | jefe_servicio | jefe_servicio_tecnico | jefe_talento_humano | jefe_tecnico | jefe_ti | servicio_tecnico | talento_humano | tecnico | ti","","","","uploadInvoiceTxt"
"viaticos","POST","/api/v1/viaticos/:id/invoices/txt/preview","rol","si","admin | administrador | backoffice_comercial | comercial | esp_app | esp_app_ext | financiero | finanzas | gerencia_general | ing_servicio | ing_servicio_ext | jefe_comercial | jefe_operaciones | jefe_servicio | jefe_servicio_tecnico | jefe_talento_humano | jefe_tecnico | jefe_ti | servicio_tecnico | talento_humano | tecnico | ti","","","","previewInvoiceTxt"
"viaticos","POST","/api/v1/viaticos/:id/invoices/xml","rol","si","admin | administrador | backoffice_comercial | comercial | esp_app | esp_app_ext | financiero | finanzas | gerencia_general | ing_servicio | ing_servicio_ext | jefe_comercial | jefe_operaciones | jefe_servicio | jefe_servicio_tecnico | jefe_talento_humano | jefe_tecnico | jefe_ti | servicio_tecnico | talento_humano | tecnico | ti","","","","uploadInvoiceXml"
"viaticos","POST","/api/v1/viaticos/:id/invoices/zip","rol","si","admin | administrador | backoffice_comercial | comercial | esp_app | esp_app_ext | financiero | finanzas | gerencia_general | ing_servicio | ing_servicio_ext | jefe_comercial | jefe_operaciones | jefe_servicio | jefe_servicio_tecnico | jefe_talento_humano | jefe_tecnico | jefe_ti | servicio_tecnico | talento_humano | tecnico | ti","","","","uploadInvoiceZip"
"viaticos","GET","/api/v1/viaticos/:id/purchases-no-invoice","rol","si","admin | administrador | backoffice_comercial | comercial | esp_app | esp_app_ext | financiero | finanzas | gerencia_general | ing_servicio | ing_servicio_ext | jefe_comercial | jefe_operaciones | jefe_servicio | jefe_servicio_tecnico | jefe_talento_humano | jefe_tecnico | jefe_ti | servicio_tecnico | talento_humano | tecnico | ti","","","","listPurchasesNoInvoice"
"viaticos","POST","/api/v1/viaticos/:id/purchases-no-invoice","rol","si","admin | administrador | backoffice_comercial | comercial | esp_app | esp_app_ext | financiero | finanzas | gerencia_general | ing_servicio | ing_servicio_ext | jefe_comercial | jefe_operaciones | jefe_servicio | jefe_servicio_tecnico | jefe_talento_humano | jefe_tecnico | jefe_ti | servicio_tecnico | talento_humano | tecnico | ti","","","","createPurchaseNoInvoice"
"viaticos","GET","/api/v1/viaticos/:id/receipt","rol","si","admin | administrador | backoffice_comercial | comercial | esp_app | esp_app_ext | financiero | finanzas | gerencia_general | ing_servicio | ing_servicio_ext | jefe_comercial | jefe_operaciones | jefe_servicio | jefe_servicio_tecnico | jefe_talento_humano | jefe_tecnico | jefe_ti | servicio_tecnico | talento_humano | tecnico | ti  Y  admin | administrador | financiero | finanzas | jefe_financiero | jefe_finanzas | jefe_talento_humano | talento_humano","","","","getReceipt"
"viaticos","GET","/api/v1/viaticos/:id/report","rol","si","admin | administrador | backoffice_comercial | comercial | esp_app | esp_app_ext | financiero | finanzas | gerencia_general | ing_servicio | ing_servicio_ext | jefe_comercial | jefe_operaciones | jefe_servicio | jefe_servicio_tecnico | jefe_talento_humano | jefe_tecnico | jefe_ti | servicio_tecnico | talento_humano | tecnico | ti  Y  financiero | finanzas | jefe_financiero | jefe_finanzas","","","","report"
"viaticos","PATCH","/api/v1/viaticos/:id/request-correction","rol","si","admin | administrador | backoffice_comercial | comercial | esp_app | esp_app_ext | financiero | finanzas | gerencia_general | ing_servicio | ing_servicio_ext | jefe_comercial | jefe_operaciones | jefe_servicio | jefe_servicio_tecnico | jefe_talento_humano | jefe_tecnico | jefe_ti | servicio_tecnico | talento_humano | tecnico | ti  Y  financiero | finanzas | jefe_financiero | jefe_finanzas | jefe_talento_humano | talento_humano","","","","requestCorrection"
"viaticos","PATCH","/api/v1/viaticos/:id/status","rol","si","admin | administrador | backoffice_comercial | comercial | esp_app | esp_app_ext | financiero | finanzas | gerencia_general | ing_servicio | ing_servicio_ext | jefe_comercial | jefe_operaciones | jefe_servicio | jefe_servicio_tecnico | jefe_talento_humano | jefe_tecnico | jefe_ti | servicio_tecnico | talento_humano | tecnico | ti  Y  financiero | finanzas | jefe_financiero | jefe_finanzas","","","","updateStatus"
"viaticos","POST","/api/v1/viaticos/:id/submit-review","rol","si","admin | administrador | backoffice_comercial | comercial | esp_app | esp_app_ext | financiero | finanzas | gerencia_general | ing_servicio | ing_servicio_ext | jefe_comercial | jefe_operaciones | jefe_servicio | jefe_servicio_tecnico | jefe_talento_humano | jefe_tecnico | jefe_ti | servicio_tecnico | talento_humano | tecnico | ti","","","","submitForReview"
"viaticos","PATCH","/api/v1/viaticos/:id/workflow","rol","si","admin | administrador | backoffice_comercial | comercial | esp_app | esp_app_ext | financiero | finanzas | gerencia_general | ing_servicio | ing_servicio_ext | jefe_comercial | jefe_operaciones | jefe_servicio | jefe_servicio_tecnico | jefe_talento_humano | jefe_tecnico | jefe_ti | servicio_tecnico | talento_humano | tecnico | ti","","","","updateWorkflowOperational"
"viaticos","PATCH","/api/v1/viaticos/anticipos/:anticipoId","rol","si","admin | administrador | backoffice_comercial | comercial | esp_app | esp_app_ext | financiero | finanzas | gerencia_general | ing_servicio | ing_servicio_ext | jefe_comercial | jefe_operaciones | jefe_servicio | jefe_servicio_tecnico | jefe_talento_humano | jefe_tecnico | jefe_ti | servicio_tecnico | talento_humano | tecnico | ti","","","","updateAnticipo"
"viaticos","GET","/api/v1/viaticos/ats/xml","rol","si","admin | administrador | backoffice_comercial | comercial | esp_app | esp_app_ext | financiero | finanzas | gerencia_general | ing_servicio | ing_servicio_ext | jefe_comercial | jefe_operaciones | jefe_servicio | jefe_servicio_tecnico | jefe_talento_humano | jefe_tecnico | jefe_ti | servicio_tecnico | talento_humano | tecnico | ti  Y  financiero | finanzas | jefe_financiero | jefe_finanzas","","","","atsXml"
"viaticos","POST","/api/v1/viaticos/batch-pay","rol","si","admin | administrador | backoffice_comercial | comercial | esp_app | esp_app_ext | financiero | finanzas | gerencia_general | ing_servicio | ing_servicio_ext | jefe_comercial | jefe_operaciones | jefe_servicio | jefe_servicio_tecnico | jefe_talento_humano | jefe_tecnico | jefe_ti | servicio_tecnico | talento_humano | tecnico | ti  Y  financiero | finanzas | jefe_financiero | jefe_finanzas","","","","batchPay"
"viaticos","POST","/api/v1/viaticos/batch-receipt","rol","si","admin | administrador | backoffice_comercial | comercial | esp_app | esp_app_ext | financiero | finanzas | gerencia_general | ing_servicio | ing_servicio_ext | jefe_comercial | jefe_operaciones | jefe_servicio | jefe_servicio_tecnico | jefe_talento_humano | jefe_tecnico | jefe_ti | servicio_tecnico | talento_humano | tecnico | ti  Y  admin | administrador | jefe_talento_humano | talento_humano","","","","batchReceipt"
"viaticos","GET","/api/v1/viaticos/candidates","rol","si","admin | administrador | backoffice_comercial | comercial | esp_app | esp_app_ext | financiero | finanzas | gerencia_general | ing_servicio | ing_servicio_ext | jefe_comercial | jefe_operaciones | jefe_servicio | jefe_servicio_tecnico | jefe_talento_humano | jefe_tecnico | jefe_ti | servicio_tecnico | talento_humano | tecnico | ti","","","","listCandidates"
"viaticos","GET","/api/v1/viaticos/config/fixed-profiles","rol","si","admin | administrador | backoffice_comercial | comercial | esp_app | esp_app_ext | financiero | finanzas | gerencia_general | ing_servicio | ing_servicio_ext | jefe_comercial | jefe_operaciones | jefe_servicio | jefe_servicio_tecnico | jefe_talento_humano | jefe_tecnico | jefe_ti | servicio_tecnico | talento_humano | tecnico | ti  Y  admin | administrador | financiero | finanzas | gerencia_general","","","","listFixedProfiles"
"viaticos","POST","/api/v1/viaticos/config/fixed-profiles","rol","si","admin | administrador | backoffice_comercial | comercial | esp_app | esp_app_ext | financiero | finanzas | gerencia_general | ing_servicio | ing_servicio_ext | jefe_comercial | jefe_operaciones | jefe_servicio | jefe_servicio_tecnico | jefe_talento_humano | jefe_tecnico | jefe_ti | servicio_tecnico | talento_humano | tecnico | ti  Y  admin | administrador | financiero | finanzas | gerencia_general","","","","upsertFixedProfile"
"viaticos","GET","/api/v1/viaticos/config/policy","rol","si","admin | administrador | backoffice_comercial | comercial | esp_app | esp_app_ext | financiero | finanzas | gerencia_general | ing_servicio | ing_servicio_ext | jefe_comercial | jefe_operaciones | jefe_servicio | jefe_servicio_tecnico | jefe_talento_humano | jefe_tecnico | jefe_ti | servicio_tecnico | talento_humano | tecnico | ti","","","","getPolicy"
"viaticos","PATCH","/api/v1/viaticos/config/policy","rol","si","admin | administrador | backoffice_comercial | comercial | esp_app | esp_app_ext | financiero | finanzas | gerencia_general | ing_servicio | ing_servicio_ext | jefe_comercial | jefe_operaciones | jefe_servicio | jefe_servicio_tecnico | jefe_talento_humano | jefe_tecnico | jefe_ti | servicio_tecnico | talento_humano | tecnico | ti  Y  admin | administrador | financiero | finanzas | gerencia_general","","","","updatePolicy"
"viaticos","POST","/api/v1/viaticos/config/zones","rol","si","admin | administrador | backoffice_comercial | comercial | esp_app | esp_app_ext | financiero | finanzas | gerencia_general | ing_servicio | ing_servicio_ext | jefe_comercial | jefe_operaciones | jefe_servicio | jefe_servicio_tecnico | jefe_talento_humano | jefe_tecnico | jefe_ti | servicio_tecnico | talento_humano | tecnico | ti  Y  admin | administrador | financiero | finanzas | gerencia_general","","","","upsertZone"
"viaticos","DELETE","/api/v1/viaticos/invoices/:invoiceId","rol","si","admin | administrador | backoffice_comercial | comercial | esp_app | esp_app_ext | financiero | finanzas | gerencia_general | ing_servicio | ing_servicio_ext | jefe_comercial | jefe_operaciones | jefe_servicio | jefe_servicio_tecnico | jefe_talento_humano | jefe_tecnico | jefe_ti | servicio_tecnico | talento_humano | tecnico | ti","","","","deleteInvoice"
"viaticos","PATCH","/api/v1/viaticos/invoices/:invoiceId","rol","si","admin | administrador | backoffice_comercial | comercial | esp_app | esp_app_ext | financiero | finanzas | gerencia_general | ing_servicio | ing_servicio_ext | jefe_comercial | jefe_operaciones | jefe_servicio | jefe_servicio_tecnico | jefe_talento_humano | jefe_tecnico | jefe_ti | servicio_tecnico | talento_humano | tecnico | ti  Y  financiero | finanzas | jefe_financiero | jefe_finanzas","","","","patchInvoice"
"viaticos","PATCH","/api/v1/viaticos/invoices/:invoiceId/reviewer-note","rol","si","admin | administrador | backoffice_comercial | comercial | esp_app | esp_app_ext | financiero | finanzas | gerencia_general | ing_servicio | ing_servicio_ext | jefe_comercial | jefe_operaciones | jefe_servicio | jefe_servicio_tecnico | jefe_talento_humano | jefe_tecnico | jefe_ti | servicio_tecnico | talento_humano | tecnico | ti  Y  financiero | finanzas | jefe_financiero | jefe_finanzas | jefe_talento_humano | talento_humano","","","","reviewerNoteInvoice"
"viaticos","DELETE","/api/v1/viaticos/invoices/manual/:noteId","rol","si","admin | administrador | backoffice_comercial | comercial | esp_app | esp_app_ext | financiero | finanzas | gerencia_general | ing_servicio | ing_servicio_ext | jefe_comercial | jefe_operaciones | jefe_servicio | jefe_servicio_tecnico | jefe_talento_humano | jefe_tecnico | jefe_ti | servicio_tecnico | talento_humano | tecnico | ti","","","","deleteManualNote"
"viaticos","PATCH","/api/v1/viaticos/invoices/manual/:noteId","rol","si","admin | administrador | backoffice_comercial | comercial | esp_app | esp_app_ext | financiero | finanzas | gerencia_general | ing_servicio | ing_servicio_ext | jefe_comercial | jefe_operaciones | jefe_servicio | jefe_servicio_tecnico | jefe_talento_humano | jefe_tecnico | jefe_ti | servicio_tecnico | talento_humano | tecnico | ti","","","","updateManualNote"
"viaticos","GET","/api/v1/viaticos/km-settlements","rol","si","admin | administrador | backoffice_comercial | comercial | esp_app | esp_app_ext | financiero | finanzas | gerencia_general | ing_servicio | ing_servicio_ext | jefe_comercial | jefe_operaciones | jefe_servicio | jefe_servicio_tecnico | jefe_talento_humano | jefe_tecnico | jefe_ti | servicio_tecnico | talento_humano | tecnico | ti  Y  financiero | finanzas | jefe_financiero | jefe_finanzas","","","","kmSettlementPreview"
"viaticos","POST","/api/v1/viaticos/km-settlements","rol","si","admin | administrador | backoffice_comercial | comercial | esp_app | esp_app_ext | financiero | finanzas | gerencia_general | ing_servicio | ing_servicio_ext | jefe_comercial | jefe_operaciones | jefe_servicio | jefe_servicio_tecnico | jefe_talento_humano | jefe_tecnico | jefe_ti | servicio_tecnico | talento_humano | tecnico | ti  Y  financiero | finanzas | jefe_financiero | jefe_finanzas","","","","applyKmSettlement"
"viaticos","POST","/api/v1/viaticos/month-report/pdf","rol","si","admin | administrador | backoffice_comercial | comercial | esp_app | esp_app_ext | financiero | finanzas | gerencia_general | ing_servicio | ing_servicio_ext | jefe_comercial | jefe_operaciones | jefe_servicio | jefe_servicio_tecnico | jefe_talento_humano | jefe_tecnico | jefe_ti | servicio_tecnico | talento_humano | tecnico | ti  Y  admin | administrador | financiero | finanzas | jefe_financiero | jefe_finanzas | jefe_talento_humano | talento_humano","","","","exportMonthPdf"
"viaticos","PATCH","/api/v1/viaticos/purchases/:id/approve","rol","si","admin | administrador | backoffice_comercial | comercial | esp_app | esp_app_ext | financiero | finanzas | gerencia_general | ing_servicio | ing_servicio_ext | jefe_comercial | jefe_operaciones | jefe_servicio | jefe_servicio_tecnico | jefe_talento_humano | jefe_tecnico | jefe_ti | servicio_tecnico | talento_humano | tecnico | ti  Y  financiero | finanzas | jefe_financiero | jefe_finanzas | jefe_talento_humano | talento_humano","","","","approvePurchaseNoInvoice"
"viaticos","GET","/api/v1/viaticos/reports/summary","rol","si","admin | administrador | backoffice_comercial | comercial | esp_app | esp_app_ext | financiero | finanzas | gerencia_general | ing_servicio | ing_servicio_ext | jefe_comercial | jefe_operaciones | jefe_servicio | jefe_servicio_tecnico | jefe_talento_humano | jefe_tecnico | jefe_ti | servicio_tecnico | talento_humano | tecnico | ti  Y  financiero | finanzas | jefe_financiero | jefe_finanzas","","","","reportSummary"
"viaticos","GET","/api/v1/viaticos/reports/user-export","rol","si","admin | administrador | backoffice_comercial | comercial | esp_app | esp_app_ext | financiero | finanzas | gerencia_general | ing_servicio | ing_servicio_ext | jefe_comercial | jefe_operaciones | jefe_servicio | jefe_servicio_tecnico | jefe_talento_humano | jefe_tecnico | jefe_ti | servicio_tecnico | talento_humano | tecnico | ti  Y  admin | administrador | financiero | finanzas | jefe_financiero | jefe_finanzas | jefe_talento_humano | talento_humano","","","","exportReport"
"viaticos","GET","/api/v1/viaticos/review/finance","rol","si","admin | administrador | backoffice_comercial | comercial | esp_app | esp_app_ext | financiero | finanzas | gerencia_general | ing_servicio | ing_servicio_ext | jefe_comercial | jefe_operaciones | jefe_servicio | jefe_servicio_tecnico | jefe_talento_humano | jefe_tecnico | jefe_ti | servicio_tecnico | talento_humano | tecnico | ti  Y  admin | administrador | financiero | finanzas | jefe_financiero | jefe_finanzas","","","","listReviewFinance"
"viaticos","GET","/api/v1/viaticos/review/talento","rol","si","admin | administrador | backoffice_comercial | comercial | esp_app | esp_app_ext | financiero | finanzas | gerencia_general | ing_servicio | ing_servicio_ext | jefe_comercial | jefe_operaciones | jefe_servicio | jefe_servicio_tecnico | jefe_talento_humano | jefe_tecnico | jefe_ti | servicio_tecnico | talento_humano | tecnico | ti  Y  admin | administrador | financiero | finanzas | jefe_financiero | jefe_finanzas | jefe_talento_humano | talento_humano","","","","listReviewTalento"
"viaticos","POST","/api/v1/viaticos/submit-month","rol","si","admin | administrador | backoffice_comercial | comercial | esp_app | esp_app_ext | financiero | finanzas | gerencia_general | ing_servicio | ing_servicio_ext | jefe_comercial | jefe_operaciones | jefe_servicio | jefe_servicio_tecnico | jefe_talento_humano | jefe_tecnico | jefe_ti | servicio_tecnico | talento_humano | tecnico | ti","","","","submitMonth"
"viaticos","POST","/api/v1/viaticos/sync-sri","rol","si","admin | administrador | backoffice_comercial | comercial | esp_app | esp_app_ext | financiero | finanzas | gerencia_general | ing_servicio | ing_servicio_ext | jefe_comercial | jefe_operaciones | jefe_servicio | jefe_servicio_tecnico | jefe_talento_humano | jefe_tecnico | jefe_ti | servicio_tecnico | talento_humano | tecnico | ti","","","","syncSri"
"work-management","POST","/api/v1/work-management/boards/:boardId/groups","solo_autenticado","si","","","","","createGroup"
"work-management","DELETE","/api/v1/work-management/checklist-items/:checklistItemId","solo_autenticado","si","","","","","deleteChecklistItem"
"work-management","PATCH","/api/v1/work-management/checklist-items/:checklistItemId","solo_autenticado","si","","","","","updateChecklistItem"
"work-management","GET","/api/v1/work-management/collaborators","solo_autenticado","si","","","","","listCollaborators"
"work-management","POST","/api/v1/work-management/groups/:groupId/items","solo_autenticado","si","","","","","createItem"
"work-management","GET","/api/v1/work-management/health","solo_autenticado","si","","","","","getHealth"
"work-management","DELETE","/api/v1/work-management/items/:itemId","solo_autenticado","si","","","","","deleteItem"
"work-management","PATCH","/api/v1/work-management/items/:itemId","solo_autenticado","si","","","","","updateItem"
"work-management","PUT","/api/v1/work-management/items/:itemId/assignees","solo_autenticado","si","","","","","updateItemAssignees"
"work-management","POST","/api/v1/work-management/items/:itemId/attachments","solo_autenticado","si","","","","multerMiddleware","uploadItemAttachment"
"work-management","POST","/api/v1/work-management/items/:itemId/checklist-items","solo_autenticado","si","","","","","createChecklistItem"
"work-management","POST","/api/v1/work-management/items/:itemId/comments","solo_autenticado","si","","","","","createItemComment"
"work-management","POST","/api/v1/work-management/items/:itemId/reorder","solo_autenticado","si","","","","","reorderItem"
"work-management","POST","/api/v1/work-management/items/:itemId/supporters","solo_autenticado","si","","","","","addItemSupporter"
"work-management","DELETE","/api/v1/work-management/items/:itemId/supporters/:supporterUserId","solo_autenticado","si","","","","","removeItemSupporter"
"work-management","GET","/api/v1/work-management/my-work","solo_autenticado","si","","","","","listMyWork"
"work-management","GET","/api/v1/work-management/portfolio-summary","solo_autenticado","si","","","","","getPortfolioSummary"
"work-management","DELETE","/api/v1/work-management/projects/:projectId","solo_autenticado","si","","","","","deleteProject"
"work-management","GET","/api/v1/work-management/projects/:projectId","solo_autenticado","si","","","","","getProject"
"work-management","GET","/api/v1/work-management/projects/:projectId/assignee-options","solo_autenticado","si","","","","","listAssigneeOptions"
"work-management","GET","/api/v1/work-management/projects/:projectId/boards","solo_autenticado","si","","","","","listBoardsByProject"
"work-management","POST","/api/v1/work-management/projects/:projectId/boards","solo_autenticado","si","","","","","createBoard"
"work-management","GET","/api/v1/work-management/projects/:projectId/items","solo_autenticado","si","","","","","listItemsByProject"
"work-management","POST","/api/v1/work-management/projects/from-opportunity/:opportunityId","solo_autenticado","si","","","","","createProjectFromOpportunity"
"work-management","GET","/api/v1/work-management/workspaces","solo_autenticado","si","","","","","listWorkspaces"
"work-management","POST","/api/v1/work-management/workspaces","solo_autenticado","si","","","","","createWorkspace"
"work-management","DELETE","/api/v1/work-management/workspaces/:workspaceId","solo_autenticado","si","","","","","deleteWorkspace"
"work-management","PATCH","/api/v1/work-management/workspaces/:workspaceId","solo_autenticado","si","","","","","updateWorkspace"
"work-management","GET","/api/v1/work-management/workspaces/:workspaceId/members","solo_autenticado","si","","","","","listWorkspaceMembers"
"work-management","POST","/api/v1/work-management/workspaces/:workspaceId/members","solo_autenticado","si","","","","","addWorkspaceMember"
"work-management","DELETE","/api/v1/work-management/workspaces/:workspaceId/members/:memberUserId","solo_autenticado","si","","","","","removeWorkspaceMember"
"work-management","GET","/api/v1/work-management/workspaces/:workspaceId/projects","solo_autenticado","si","","","","","listProjectsByWorkspace"
"work-management","POST","/api/v1/work-management/workspaces/:workspaceId/projects","solo_autenticado","si","","","","","createProject"
"(raiz)","GET","/api/verificar/:token","publico","no","","","","(anonima)","(anonima)"
"(raiz)","GET","/api/verify/:token","publico","no","","","","(anonima)","(anonima)"
"(raiz)","GET","/api/verify/:token","publico","no","","","","(anonima)","(anonima)"
"(raiz)","POST","/asistencia/admin/apply-entry-regularization","solo_autenticado","si","","","","","applyEntryRegularization"
"(raiz)","GET","/asistencia/admin/collaborator/:userId/birthday-benefit","solo_autenticado","si","","","","","getCollaboratorBirthdayBenefit"
"(raiz)","POST","/asistencia/admin/collaborator/:userId/birthday-benefit/qr","solo_autenticado","si","","","","","generateCollaboratorBirthdayBenefitQr"
"(raiz)","GET","/asistencia/admin/collaborator/:userId/justifications-panel","solo_autenticado","si","","","","","getCollaboratorJustificationsPanel"
"(raiz)","PUT","/asistencia/admin/late-justification/:id","solo_autenticado","si","","","","","updateLateJustification"
"(raiz)","GET","/asistencia/admin/regularizations-panel","solo_autenticado","si","","","","","getGlobalRegularizationsPanel"
"(raiz)","POST","/asistencia/birthday-benefit/:token/evidence","solo_autenticado","si","","","","multerMiddleware","submitBirthdayBenefitEvidence"
"(raiz)","POST","/asistencia/birthday-benefit/:token/redeem","solo_autenticado","si","","","","","redeemBirthdayBenefit"
"(raiz)","GET","/asistencia/birthday-benefit/qr/:token","solo_autenticado","si","","","","","validateBirthdayBenefitQr"
"(raiz)","POST","/asistencia/clock-in","solo_autenticado","si","","","","(anonima)","clockIn"
"(raiz)","POST","/asistencia/clock-in-lunch","solo_autenticado","si","","","","(anonima)","clockInLunch"
"(raiz)","POST","/asistencia/clock-out","solo_autenticado","si","","","","(anonima)","clockOut"
"(raiz)","POST","/asistencia/clock-out-lunch","solo_autenticado","si","","","","(anonima)","clockOutLunch"
"(raiz)","POST","/asistencia/exception","solo_autenticado","si","","","","(anonima)","registerException"
"(raiz)","GET","/asistencia/exception/active","solo_autenticado","si","","","","","getActiveException"
"(raiz)","POST","/asistencia/exception/status","solo_autenticado","si","","","","(anonima)","updateExceptionStatus"
"(raiz)","GET","/asistencia/geofence/reference","solo_autenticado","si","","","","requireAttendanceOpsAccess","getReference"
"(raiz)","POST","/asistencia/late-justification","solo_autenticado","si","","","","","justifyLateArrival"
"(raiz)","GET","/asistencia/live-presence","solo_autenticado","si","","","","","getLivePresence"
"(raiz)","GET","/asistencia/live-presence/map","solo_autenticado","si","","","","requireLiveMapAccess | (anonima)","getLiveMap"
"(raiz)","POST","/asistencia/location-sync","solo_autenticado","si","","","","","syncLocation"
"(raiz)","POST","/asistencia/marcar/almuerzo-entrada","solo_autenticado","si","","","","(anonima)","clockInLunch"
"(raiz)","POST","/asistencia/marcar/almuerzo-entrada-operacional","solo_autenticado","si","","","","(anonima)","clockInOperationalLunch"
"(raiz)","POST","/asistencia/marcar/almuerzo-salida","solo_autenticado","si","","","","(anonima)","clockOutLunch"
"(raiz)","POST","/asistencia/marcar/almuerzo-salida-operacional","solo_autenticado","si","","","","(anonima)","clockOutOperationalLunch"
"(raiz)","POST","/asistencia/marcar/cierre-viaje","solo_autenticado","si","","","","(anonima) | multerMiddleware","clockCloseTrip"
"(raiz)","POST","/asistencia/marcar/cliente-entrada","solo_autenticado","si","","","","(anonima)","clockInField"
"(raiz)","POST","/asistencia/marcar/cliente-salida","solo_autenticado","si","","","","(anonima)","clockOutField"
"(raiz)","POST","/asistencia/marcar/entrada","solo_autenticado","si","","","","(anonima)","clockIn"
"(raiz)","POST","/asistencia/marcar/entrada-campo","solo_autenticado","si","","","","(anonima) | multerMiddleware","clockInOperational"
"(raiz)","POST","/asistencia/marcar/entrada-imprevista","solo_autenticado","si","","","","(anonima)","clockInUnexpected"
"(raiz)","POST","/asistencia/marcar/entrada-oficina","solo_autenticado","si","","","","(anonima) | multerMiddleware","clockInOperational"
"(raiz)","POST","/asistencia/marcar/llegada-destino","solo_autenticado","si","","","","(anonima)","clockInDestino"
"(raiz)","POST","/asistencia/marcar/llegada-imprevista","solo_autenticado","si","","","","(anonima)","clockUnexpectedArrival"
"(raiz)","POST","/asistencia/marcar/regreso-imprevisto","solo_autenticado","si","","","","(anonima)","clockInUnexpected"
"(raiz)","POST","/asistencia/marcar/retorno-imprevisto","solo_autenticado","si","","","","(anonima)","clockUnexpectedReturn"
"(raiz)","POST","/asistencia/marcar/salida","solo_autenticado","si","","","","(anonima)","clockOut"
"(raiz)","POST","/asistencia/marcar/salida-campo","solo_autenticado","si","","","","(anonima) | multerMiddleware","clockOutOperational"
"(raiz)","POST","/asistencia/marcar/salida-imprevista","solo_autenticado","si","","","","(anonima)","clockOutUnexpected"
"(raiz)","POST","/asistencia/marcar/salida-oficina","solo_autenticado","si","","","","(anonima) | multerMiddleware","clockOutOperational"
"(raiz)","POST","/asistencia/marcar/visita-entrada","solo_autenticado","si","","","","(anonima)","clockInField"
"(raiz)","POST","/asistencia/marcar/visita-salida","solo_autenticado","si","","","","(anonima)","clockOutField"
"(raiz)","GET","/asistencia/monthly-report","solo_autenticado","si","","","","(anonima)","generateMonthlyReport"
"(raiz)","GET","/asistencia/non-compliance","solo_autenticado","si","","","","(anonima)","getAttendanceNonCompliance"
"(raiz)","POST","/asistencia/non-compliance/:userId/schedule-meeting","solo_autenticado","si","","","","","scheduleAttendanceFollowUpMeeting"
"(raiz)","GET","/asistencia/operational-health","solo_autenticado","si","","","","requireAttendanceOpsAccess","getOperationalHealth"
"(raiz)","GET","/asistencia/overtime","solo_autenticado","si","","","","","getOvertimeRecords"
"(raiz)","POST","/asistencia/overtime","solo_autenticado","si","","","","","markOvertime"
"(raiz)","GET","/asistencia/pdf-bulk","solo_autenticado","si","","","","(anonima)","generateBulkPDF"
"(raiz)","GET","/asistencia/pdf/:userId","solo_autenticado","si","","","","(anonima)","generatePDF"
"(raiz)","POST","/asistencia/period/:periodKey/status","solo_autenticado","si","","","","","transition"
"(raiz)","GET","/asistencia/period/current","solo_autenticado","si","","","","","getCurrent"
"(raiz)","POST","/asistencia/permission-entry-start","solo_autenticado","si","","","","(anonima)","startPermissionEntry"
"(raiz)","POST","/asistencia/permission-exit-finish","solo_autenticado","si","","","","(anonima)","finishPermissionExit"
"(raiz)","GET","/asistencia/punctuality/summary","solo_autenticado","si","","","","","getPunctualitySummary"
"(raiz)","GET","/asistencia/range","solo_autenticado","si","","","","(anonima)","getRange"
"(raiz)","GET","/asistencia/regularizations","solo_autenticado","si","","","","","list"
"(raiz)","POST","/asistencia/regularizations","solo_autenticado","si","","","","","create"
"(raiz)","POST","/asistencia/regularizations/:id/status","solo_autenticado","si","","","","","transition"
"(raiz)","POST","/asistencia/regularize-entry","solo_autenticado","si","","","","","requestEntryRegularization"
"(raiz)","POST","/asistencia/shortcut/admin/token/:userId","rol","si","ti","","","","adminIssueTokenForUser"
"(raiz)","POST","/asistencia/shortcut/admin/tokens/:tokenId/revoke","rol","si","ti","","","","revokeToken"
"(raiz)","GET","/asistencia/shortcut/admin/tokens/:userId","rol","si","ti","","","","listTokensForUser"
"(raiz)","POST","/asistencia/shortcut/location","solo_autenticado","si","","","","(anonima)","recordLocationPing"
"(raiz)","POST","/asistencia/shortcut/run-smart-mark","solo_autenticado","si","","","","(anonima)","runSmartMark"
"(raiz)","POST","/asistencia/shortcut/token","solo_autenticado","si","","","","","issueToken"
"(raiz)","GET","/asistencia/team-range","solo_autenticado","si","","","","requireAttendanceTeamAccess | (anonima)","getTeamRange"
"(raiz)","POST","/asistencia/telework/access-codes","solo_autenticado","si","","","","requireExactTalentHumanRole","issueCode"
"(raiz)","POST","/asistencia/telework/access-codes/revoke","solo_autenticado","si","","","","requireExactTalentHumanRole","revokeCode"
"(raiz)","GET","/asistencia/telework/requests","solo_autenticado","si","","","","","list"
"(raiz)","POST","/asistencia/telework/requests","solo_autenticado","si","","","","(anonima)","create"
"(raiz)","POST","/asistencia/telework/requests/:id/decision","solo_autenticado","si","","","","requireExactTalentHumanRole","decide"
"(raiz)","GET","/asistencia/today","solo_autenticado","si","","","","","getToday"
"(raiz)","GET","/asistencia/user/:userId","solo_autenticado","si","","","","(anonima)","getUserAttendance"
"(raiz)","GET","/asistencia/workspace/breaches","solo_autenticado","si","","","","","getAttendanceWorkspaceBreaches"
"(raiz)","GET","/asistencia/workspace/collaborators/:userId","solo_autenticado","si","","","","","getAttendanceWorkspaceCollaborator"
"(raiz)","GET","/asistencia/workspace/overview","solo_autenticado","si","","","","","getAttendanceWorkspaceOverview"
"(raiz)","POST","/internal/integration/external-cases/sync/process-queue","interno","si","admin | admin_ti | administrador | gerencia | gerencia_general | jefe_servicio_tecnico | jefe_tecnico | jefe_ti | ti","","","","processExternalSyncQueue"
"(raiz)","GET","/internal/integration/health","interno","si","admin_ti | gerencia | gerencia_general | jefe_servicio_tecnico | jefe_tecnico | jefe_ti | servicio_tecnico | tecnico | ti","","","","getHealth"
"(raiz)","GET","/internal/integration/product-map","interno","si","admin | admin_ti | administrador | gerencia | gerencia_general | jefe_servicio_tecnico | jefe_tecnico | jefe_ti | ti","","","","listProductMap"
"(raiz)","POST","/internal/integration/product-map","interno","si","admin | admin_ti | administrador | gerencia | gerencia_general | jefe_servicio_tecnico | jefe_tecnico | jefe_ti | ti","","","","upsertProductMap"
"(raiz)","PATCH","/internal/integration/product-map/:id","interno","si","admin | admin_ti | administrador | gerencia | gerencia_general | jefe_servicio_tecnico | jefe_tecnico | jefe_ti | ti","","","","patchProductMap"
"(raiz)","GET","/internal/integration/product-map/coverage-report","interno","si","admin | admin_ti | administrador | gerencia | gerencia_general | jefe_servicio_tecnico | jefe_tecnico | jefe_ti | ti","","","","getProductMapCoverageReport"
"(raiz)","POST","/internal/jobs/attendance/geo-sanitize","interno","no","","","","(anonima)","(anonima)"
"(raiz)","POST","/internal/jobs/attendance/overtime","interno","no","","","","(anonima)","(anonima)"
"(raiz)","POST","/internal/jobs/attendance/overtime-justification-report","interno","no","","","","(anonima)","(anonima)"
"(raiz)","POST","/internal/jobs/business-case/determinations-gate/expiry","interno","no","","","","(anonima)","(anonima)"
"(raiz)","POST","/internal/jobs/business-case/notifications/dispatch","interno","no","","","","(anonima)","(anonima)"
"(raiz)","POST","/internal/jobs/business-case/preflow/expiry","interno","no","","","","(anonima)","(anonima)"
"(raiz)","POST","/internal/jobs/business-case/sheets/process-queue","interno","no","","","","(anonima)","(anonima)"
"(raiz)","POST","/internal/jobs/business-case/workflow-sla/reminders","interno","no","","","","(anonima)","(anonima)"
"(raiz)","POST","/internal/jobs/collab-deliveries/actas/pending-signature-reminder","interno","no","","","","(anonima)","(anonima)"
"(raiz)","POST","/internal/jobs/collab-deliveries/offboarding/:userId","interno","no","","","","(anonima)","(anonima)"
"(raiz)","POST","/internal/jobs/collab-deliveries/renewals/notify","interno","no","","","","(anonima)","(anonima)"
"(raiz)","POST","/internal/jobs/crm/action-items/overdue-reminder","interno","no","","","","(anonima)","(anonima)"
"(raiz)","POST","/internal/jobs/database/backup","interno","no","","","","(anonima)","(anonima)"
"(raiz)","POST","/internal/jobs/equipment/asset-reservations/expired","interno","no","","","","(anonima)","(anonima)"
"(raiz)","POST","/internal/jobs/equipment/contracts/reminders","interno","no","","","","(anonima)","(anonima)"
"(raiz)","POST","/internal/jobs/equipment/reservations/expired","interno","no","","","","(anonima)","(anonima)"
"(raiz)","POST","/internal/jobs/external-cases/sync","interno","no","","","","(anonima)","(anonima)"
"(raiz)","POST","/internal/jobs/kickoff/autostart-overdue","interno","no","","","","(anonima)","(anonima)"
"(raiz)","POST","/internal/jobs/mantenimiento/reminders","interno","no","","","","(anonima)","(anonima)"
"(raiz)","POST","/internal/jobs/notifications/dispatch","interno","no","","","","(anonima)","(anonima)"
"(raiz)","POST","/internal/jobs/pasantes/account-expiry","interno","no","","","","(anonima)","(anonima)"
"(raiz)","POST","/internal/jobs/permisos/approval/escalation","interno","no","","","","(anonima)","(anonima)"
"(raiz)","POST","/internal/jobs/permisos/calendar/recreate","interno","no","","","","(anonima)","(anonima)"
"(raiz)","POST","/internal/jobs/permisos/pending/expiry","interno","no","","","","(anonima)","(anonima)"
"(raiz)","POST","/internal/jobs/permisos/recovery/expiry","interno","no","","","","(anonima)","(anonima)"
"(raiz)","POST","/internal/jobs/schedules/visit-completion-reminder","interno","no","","","","(anonima)","(anonima)"
"(raiz)","POST","/internal/jobs/signature-workflows/expiry","interno","no","","","","(anonima)","(anonima)"
"(raiz)","POST","/internal/jobs/signature-workflows/reminder","interno","no","","","","(anonima)","(anonima)"
"(raiz)","POST","/internal/jobs/ti-assets/maintenance-report/generate","interno","no","","","","(anonima)","(anonima)"
"(raiz)","POST","/internal/jobs/trainings/signature-reminder","interno","no","","","","(anonima)","(anonima)"
