OWNER,TABLE_NAME,COLUMN_ID,COLUMN_NAME,DATA_TYPE,DATA_LENGTH,DATA_PRECISION,DATA_SCALE,NULLABLE
SYSTEM,ADM_DETAUTOR,1,AUTO_AUTO_ID,NUMBER,22,10,0,N
SYSTEM,ADM_DETAUTOR,2,DTAU_ID,NUMBER,22,10,0,N
SYSTEM,ADM_DETAUTOR,3,FECHCREA,DATE,7,,,N
SYSTEM,ADM_DETAUTOR,4,USUACREA,VARCHAR2,20,,,N
SYSTEM,ADM_DETAUTOR,5,FECHACTU,DATE,7,,,Y
SYSTEM,ADM_DETAUTOR,6,USUACTUA,VARCHAR2,20,,,Y
SYSTEM,AFJ_AFDETMOV,1,AFDM_ID,NUMBER,22,10,0,N
SYSTEM,AFJ_AFDETMOV,2,USUACLAV,VARCHAR2,50,,,Y
SYSTEM,AFJ_AFDETMOV,3,IPEQUIPO,VARCHAR2,20,,,Y
SYSTEM,AFJ_AFDETMOV,4,MACEQUIPO,VARCHAR2,100,,,Y
SYSTEM,AFJ_AFDETMOV,5,FECHHORA,DATE,7,,,N
SYSTEM,AFJ_AFDETMOV,6,ENTRSALE,VARCHAR2,1,,,N
SYSTEM,AFJ_AFDETMOV,7,CANTIDAD,NUMBER,22,18,6,Y
SYSTEM,AFJ_AFDETMOV,8,UMED_UNIDMEDI,VARCHAR2,5,,,N
SYSTEM,AFJ_AFDETMOV,9,DESCRIPC,VARCHAR2,80,,,Y
SYSTEM,AFJ_AFDETMOV,10,INRN_ID,NUMBER,22,10,0,Y
SYSTEM,AFJ_AFDETMOV,11,RCDP_IDCLIENTE,NUMBER,22,10,0,Y
SYSTEM,AFJ_AFDETMOV,12,RCDP_IDRESCLI,NUMBER,22,10,0,Y
SYSTEM,AFJ_AFDETMOV,13,RHHS_CEDURUC,VARCHAR2,13,,,Y
SYSTEM,AFJ_AFDETMOV,14,RCDP_COMPANIA,VARCHAR2,10,,,Y
SYSTEM,AFJ_AFDETMOV,15,AFIJ_CODIGO,VARCHAR2,20,,,N
SYSTEM,AFJ_AFDETMOV,16,AFIJ_CLASE,VARCHAR2,10,,,N
SYSTEM,AFJ_AFDETMOV,17,AFIJ_COMPANIA,VARCHAR2,10,,,N
SYSTEM,AFJ_AFDETMOV,18,STCT_ID,NUMBER,22,10,0,Y
SYSTEM,AFJ_AFDETMOV,19,MEMO_ID,NUMBER,22,10,0,Y
SYSTEM,AFJ_AFDETMOV,20,AFRQ_NUMERO,NUMBER,22,10,0,N
SYSTEM,AFJ_AFDETMOV,21,AFRQ_ENTRSALE,VARCHAR2,10,,,N
SYSTEM,AFJ_AFDETMOV,22,VIGENTE,VARCHAR2,1,,,N
SYSTEM,AFJ_AFDETMOV,23,USUACREA,VARCHAR2,20,,,N
SYSTEM,AFJ_AFDETMOV,24,FECHCREA,DATE,7,,,N
SYSTEM,AFJ_AFDETMOV,25,USUACTUA,VARCHAR2,20,,,Y
SYSTEM,AFJ_AFDETMOV,26,FECHACTU,DATE,7,,,Y
SYSTEM,AFJ_DETALLE,1,AFIJ_CLASE,VARCHAR2,10,,,Y
SYSTEM,AFJ_DETALLE,2,AFIJ_COMPANIA,VARCHAR2,10,,,Y
SYSTEM,AFJ_DETALLE,3,AFIJ_CODIGO,VARCHAR2,20,,,Y
SYSTEM,AFJ_DETALLE,4,MEMO_MEMO_ID,NUMBER,22,10,0,N
SYSTEM,AFJ_DETALLE,5,OBS,VARCHAR2,500,,,Y
SYSTEM,AFJ_DETALLE,6,ASTO_COMPANIA,VARCHAR2,10,,,Y
SYSTEM,AFJ_DETALLE,7,ASTO_NUMEDIAR,NUMBER,22,10,0,Y
SYSTEM,AFJ_DETALLE,8,DAC1_ID,NUMBER,22,10,0,N
SYSTEM,AFJ_DETALLE,9,FECHCREA,DATE,7,,,N
SYSTEM,AFJ_DETALLE,10,USUACREA,VARCHAR2,20,,,N
SYSTEM,AFJ_DETALLE,11,FECHACTU,DATE,7,,,Y
SYSTEM,AFJ_DETALLE,12,USUACTUA,VARCHAR2,20,,,Y
SYSTEM,ALM_DETABASC,1,NUMEGUIA,VARCHAR2,15,,,Y
SYSTEM,ALM_DETABASC,2,FECHINGRE,DATE,7,,,N
SYSTEM,ALM_DETABASC,3,FECHSALE,DATE,7,,,Y
SYSTEM,ALM_DETABASC,4,PESOTARA,NUMBER,22,10,4,N
SYSTEM,ALM_DETABASC,5,VALOPESO,NUMBER,22,16,2,N
SYSTEM,ALM_DETABASC,6,DTBA_ID,NUMBER,22,10,0,N
SYSTEM,ALM_DETABASC,7,FECHCREA,DATE,7,,,N
SYSTEM,ALM_DETABASC,8,USUACREA,VARCHAR2,20,,,N
SYSTEM,ALM_DETABASC,9,FECHACTU,DATE,7,,,Y
SYSTEM,ALM_DETABASC,10,USUACTUA,VARCHAR2,20,,,Y
SYSTEM,ALM_DETABASC,11,DESCRIPC,VARCHAR2,240,,,Y
SYSTEM,ALM_DETABASC,12,UMED_UNIDMEDI,VARCHAR2,5,,,N
SYSTEM,ALM_DETABASC,13,PESOINGR,NUMBER,22,10,4,N
SYSTEM,ALM_DETABASC,14,PESOSALE,NUMBER,22,10,4,N
SYSTEM,ALM_DETABASC,15,PROCEDEN,VARCHAR2,60,,,Y
SYSTEM,ALM_DETABASC,16,ORCP_NUMEORDE,NUMBER,22,10,0,Y
SYSTEM,ALM_DETABASC,17,ORCP_COMPANIA,VARCHAR2,10,,,Y
SYSTEM,ALM_DETABASC,18,ORCP_OFICINA,VARCHAR2,3,,,Y
SYSTEM,ALM_DETABASC,19,PRFM_PRFM_ID,NUMBER,22,10,0,Y
SYSTEM,ALM_DETADESP,1,EGEN_ESTADO,VARCHAR2,2,,,N
SYSTEM,ALM_DETADESP,2,DTPS_ID,NUMBER,22,10,0,N
SYSTEM,ALM_DETADESP,3,IDCLIENTE,VARCHAR2,20,,,N
SYSTEM,ALM_DETADESP,4,NOMBRE,VARCHAR2,200,,,N
SYSTEM,ALM_DETADESP,5,COMPANIA,VARCHAR2,10,,,N
SYSTEM,ALM_DETADESP,6,OFICINA,VARCHAR2,3,,,N
SYSTEM,ALM_DETADESP,7,SERIE,VARCHAR2,6,,,N
SYSTEM,ALM_DETADESP,8,FACTURA,NUMBER,22,10,0,N
SYSTEM,ALM_DETADESP,9,TIPOCOM,VARCHAR2,2,,,N
SYSTEM,ALM_DETADESP,10,FFACTURA,DATE,7,,,N
SYSTEM,ALM_DETADESP,11,OBS,VARCHAR2,500,,,Y
SYSTEM,ALM_DETADESP,12,CSTOFLET,NUMBER,22,,,N
SYSTEM,ALM_DETADESP,13,DESTINO,VARCHAR2,200,,,N
SYSTEM,ALM_DETADESP,14,TIPODIRECCION,VARCHAR2,20,,,N
SYSTEM,ALM_DETADESP,15,NUMBER1,NUMBER,22,,,Y
SYSTEM,ALM_DETADESP,16,NUMBER2,NUMBER,22,,,Y
SYSTEM,ALM_DETADESP,17,NUMBER3,NUMBER,22,,,Y
SYSTEM,ALM_DETADESP,18,NUMBER4,NUMBER,22,,,Y
SYSTEM,ALM_DETADESP,19,NUMBER5,NUMBER,22,,,Y
SYSTEM,ALM_DETADESP,20,VCHAR1,VARCHAR2,500,,,Y
SYSTEM,ALM_DETADESP,21,VCHAR2,VARCHAR2,500,,,Y
SYSTEM,ALM_DETADESP,22,VCHAR3,VARCHAR2,500,,,Y
SYSTEM,ALM_DETADESP,23,VCHAR4,VARCHAR2,500,,,Y
SYSTEM,ALM_DETADESP,24,VCHAR5,VARCHAR2,500,,,Y
SYSTEM,ALM_DETADESP,25,USUACTUA,VARCHAR2,20,,,Y
SYSTEM,ALM_DETADESP,26,USUACREA,VARCHAR2,20,,,N
SYSTEM,ALM_DETADESP,27,FECHACTU,DATE,7,,,Y
SYSTEM,ALM_DETADESP,28,FECHCREA,DATE,7,,,N
SYSTEM,ALM_DETADESP,29,DSPO_NUMERO,NUMBER,22,10,0,N
SYSTEM,ALM_DETALOTE,1,DTLT_ID,NUMBER,22,10,0,N
SYSTEM,ALM_DETALOTE,2,CANTPARC,NUMBER,22,16,6,Y
SYSTEM,ALM_DETALOTE,3,LOTE_COMPANIA,VARCHAR2,10,,,N
SYSTEM,ALM_DETALOTE,4,LOTE_NUMELOTE,VARCHAR2,20,,,N
SYSTEM,ALM_DETALOTE,5,DTMV_DTMV_ID,NUMBER,22,10,0,N
SYSTEM,ALM_DETALOTE,6,FECHCREA,DATE,7,,,N
SYSTEM,ALM_DETALOTE,7,USUACREA,VARCHAR2,20,,,N
SYSTEM,ALM_DETALOTE,8,FECHACTU,DATE,7,,,Y
SYSTEM,ALM_DETALOTE,9,USUACTUA,VARCHAR2,20,,,Y
SYSTEM,ALM_DETALOTE,10,LOTE_ALCANCE,NUMBER,22,10,0,N
SYSTEM,ALM_DETALOTE,11,NUMBER1,NUMBER,22,,,Y
SYSTEM,ALM_DETALOTE,12,NUMBER2,NUMBER,22,,,Y
SYSTEM,ALM_DETALOTE,13,NUMBER3,NUMBER,22,,,Y
SYSTEM,ALM_DETALOTE,14,NUMBER4,NUMBER,22,,,Y
SYSTEM,ALM_DETALOTE,15,NUMBER5,NUMBER,22,,,Y
SYSTEM,ALM_DETALOTE,16,VCHAR1,VARCHAR2,500,,,Y
SYSTEM,ALM_DETALOTE,17,VCHAR2,VARCHAR2,500,,,Y
SYSTEM,ALM_DETALOTE,18,VCHAR3,VARCHAR2,500,,,Y
SYSTEM,ALM_DETALOTE,19,VCHAR4,VARCHAR2,500,,,Y
SYSTEM,ALM_DETALOTE,20,VCHAR5,VARCHAR2,500,,,Y
SYSTEM,ALM_DETALOTE,21,OBS,VARCHAR2,500,,,Y
SYSTEM,ALM_DETAMOVI,1,ENTRSALI,VARCHAR2,1,,,N
SYSTEM,ALM_DETAMOVI,2,ADJUVEND,NUMBER,22,12,6,Y
SYSTEM,ALM_DETAMOVI,3,DTMV_ID,NUMBER,22,10,0,N
SYSTEM,ALM_DETAMOVI,4,UMED_UNIDMEDI,VARCHAR2,5,,,N
SYSTEM,ALM_DETAMOVI,5,VALOR,NUMBER,22,20,8,N
SYSTEM,ALM_DETAMOVI,6,CANTIDAD,NUMBER,22,16,6,N
SYSTEM,ALM_DETAMOVI,7,CANTSOLI,NUMBER,22,16,6,Y
SYSTEM,ALM_DETAMOVI,8,CANTASIG,NUMBER,22,16,6,Y
SYSTEM,ALM_DETAMOVI,9,PRECUNIT,NUMBER,22,20,8,N
SYSTEM,ALM_DETAMOVI,10,COSTUNIT,NUMBER,22,18,8,N
SYSTEM,ALM_DETAMOVI,11,USUACREA,VARCHAR2,20,,,N
SYSTEM,ALM_DETAMOVI,12,FECHCREA,DATE,7,,,N
SYSTEM,ALM_DETAMOVI,13,CMPR_ALCANCE,NUMBER,22,1,0,Y
SYSTEM,ALM_DETAMOVI,14,CMPR_NUMERO,NUMBER,22,10,0,Y
SYSTEM,ALM_DETAMOVI,15,CMPR_CEDURUC,VARCHAR2,13,,,Y
SYSTEM,ALM_DETAMOVI,16,CMPR_COMPANIA,VARCHAR2,10,,,Y
SYSTEM,ALM_DETAMOVI,17,CMPR_SERIE,VARCHAR2,6,,,Y
SYSTEM,ALM_DETAMOVI,18,ENSA_NUMERO,VARCHAR2,10,,,Y
SYSTEM,ALM_DETAMOVI,19,ENSA_COMPANIA,VARCHAR2,10,,,Y
SYSTEM,ALM_DETAMOVI,20,ENSA_OFICINA,VARCHAR2,3,,,Y
SYSTEM,ALM_DETAMOVI,21,ENSA_TIPODOCU,VARCHAR2,2,,,Y
SYSTEM,ALM_DETAMOVI,22,IMPT_NUMEIMPO,NUMBER,22,10,0,Y
SYSTEM,ALM_DETAMOVI,23,IMPT_COMPANIA,VARCHAR2,10,,,Y
SYSTEM,ALM_DETAMOVI,24,IMPT_OFICINA,VARCHAR2,3,,,Y
SYSTEM,ALM_DETAMOVI,25,NCCL_NUMERO,VARCHAR2,10,,,Y
SYSTEM,ALM_DETAMOVI,26,NCCL_COMPANIA,VARCHAR2,10,,,Y
SYSTEM,ALM_DETAMOVI,27,NCCL_OFICINA,VARCHAR2,3,,,Y
SYSTEM,ALM_DETAMOVI,28,NCCL_SERIE,VARCHAR2,6,,,Y
SYSTEM,ALM_DETAMOVI,29,NCPR_ALCANCE,NUMBER,22,1,0,Y
SYSTEM,ALM_DETAMOVI,30,NCPR_NUMERO,VARCHAR2,10,,,Y
SYSTEM,ALM_DETAMOVI,31,NCPR_CEDURUC,VARCHAR2,13,,,Y
SYSTEM,ALM_DETAMOVI,32,NCPR_COMPANIA,VARCHAR2,10,,,Y
SYSTEM,ALM_DETAMOVI,33,NCPR_SERIE,VARCHAR2,6,,,Y
SYSTEM,ALM_DETAMOVI,34,VNTA_NUMERO,NUMBER,22,10,0,Y
SYSTEM,ALM_DETAMOVI,35,VNTA_COMPANIA,VARCHAR2,10,,,Y
SYSTEM,ALM_DETAMOVI,36,VNTA_OFICINA,VARCHAR2,3,,,Y
SYSTEM,ALM_DETAMOVI,37,VNTA_SERIE,VARCHAR2,6,,,Y
SYSTEM,ALM_DETAMOVI,38,PORCDESC,NUMBER,22,10,6,Y
SYSTEM,ALM_DETAMOVI,39,FACTIMPO,NUMBER,22,10,6,Y
SYSTEM,ALM_DETAMOVI,40,TASAIVA,NUMBER,22,10,2,Y
SYSTEM,ALM_DETAMOVI,41,TASAICE,NUMBER,22,7,4,Y
SYSTEM,ALM_DETAMOVI,42,OBS,VARCHAR2,600,,,Y
SYSTEM,ALM_DETAMOVI,43,FECHACTU,DATE,7,,,Y
SYSTEM,ALM_DETAMOVI,44,USUACTUA,VARCHAR2,20,,,Y
SYSTEM,ALM_DETAMOVI,45,MODINUME,NUMBER,22,10,0,Y
SYSTEM,ALM_DETAMOVI,46,MODISERIE,VARCHAR2,6,,,Y
SYSTEM,ALM_DETAMOVI,47,TIPOMOVI,VARCHAR2,3,,,Y
SYSTEM,ALM_DETAMOVI,48,SECC_CODIBODE,VARCHAR2,5,,,N
SYSTEM,ALM_DETAMOVI,49,SECC_COMPANIA,VARCHAR2,10,,,N
SYSTEM,ALM_DETAMOVI,50,SECC_CODISECC,VARCHAR2,4,,,N
SYSTEM,ALM_DETAMOVI,51,SECC_OFICINA,VARCHAR2,3,,,N
SYSTEM,ALM_DETAMOVI,52,ARTL_CODIGRUP,VARCHAR2,20,,,N
SYSTEM,ALM_DETAMOVI,53,ARTL_CLASE,VARCHAR2,20,,,N
SYSTEM,ALM_DETAMOVI,54,ARTL_COMPANIA,VARCHAR2,10,,,N
SYSTEM,ALM_DETAMOVI,55,ARTL_ARTICULO,VARCHAR2,30,,,N
SYSTEM,ALM_DETAMOVI,56,PROMOCION,VARCHAR2,1,,,N
SYSTEM,ALM_DETAMOVI,57,PRORATEO,VARCHAR2,1,,,N
SYSTEM,ALM_DETAMOVI,58,DCAM_DCAM_ID,NUMBER,22,10,0,Y
SYSTEM,ALM_DETAMOVI,59,FACTUTIL,NUMBER,22,10,6,Y
SYSTEM,ALM_DETAMOVI,60,COSTANTE,NUMBER,22,18,8,Y
SYSTEM,ALM_DETAMOVI,61,VNTA_TIPOCOMP,VARCHAR2,2,,,Y
SYSTEM,ALM_DETAMOVI,62,VALORFOB,NUMBER,22,20,8,Y
SYSTEM,ALM_DETAMOVI,63,VALDESC,NUMBER,22,18,6,N
SYSTEM,ALM_DETAMOVI,64,LSPR_LSPR_ID,NUMBER,22,10,0,Y
SYSTEM,ALM_DETAMOVI,65,DTMV_DTMV_ID,NUMBER,22,10,0,Y
SYSTEM,ALM_DETAMOVI,66,RCTA_RCTA_ID,NUMBER,22,10,0,Y
SYSTEM,ALM_DETAMOVI,67,UMED_UNIDMEDI_CAJA,VARCHAR2,5,,,Y
SYSTEM,ALM_DETAMOVI,68,VALOADIC,NUMBER,22,18,6,Y
SYSTEM,ALM_DETAMOVI,69,NANDINA,VARCHAR2,30,,,Y
SYSTEM,ALM_DETAMOVI,70,CANTITEM,NUMBER,22,16,6,Y
SYSTEM,ALM_DETAMOVI,71,NUMEAGRU,NUMBER,22,3,0,Y
SYSTEM,ALM_DETAMOVI,72,CANTPERD,NUMBER,22,16,6,Y
SYSTEM,ALM_DETAMOVI,73,NUMBER1,NUMBER,22,,,Y
SYSTEM,ALM_DETAMOVI,74,NUMBER2,NUMBER,22,,,Y
SYSTEM,ALM_DETAMOVI,75,NUMBER3,NUMBER,22,,,Y
SYSTEM,ALM_DETAMOVI,76,NUMBER4,NUMBER,22,,,Y
SYSTEM,ALM_DETAMOVI,77,NUMBER5,NUMBER,22,,,Y
SYSTEM,ALM_DETAMOVI,78,VCHAR1,VARCHAR2,500,,,Y
SYSTEM,ALM_DETAMOVI,79,VCHAR2,VARCHAR2,500,,,Y
SYSTEM,ALM_DETAMOVI,80,VCHAR3,VARCHAR2,500,,,Y
SYSTEM,ALM_DETAMOVI,81,VCHAR4,VARCHAR2,500,,,Y
SYSTEM,ALM_DETAMOVI,82,VCHAR5,VARCHAR2,500,,,Y
SYSTEM,ALM_DETAMOVI,83,ICESPECI,NUMBER,22,16,4,Y
SYSTEM,ALM_DETAMOVI,84,BASEICE,NUMBER,22,16,4,Y
SYSTEM,ALM_DETAMOVI,85,ADVALOREN,NUMBER,22,16,4,Y
SYSTEM,ALM_DETAMOVI,86,VALORICE,NUMBER,22,16,4,Y
SYSTEM,ALM_DETAMOVI,87,DREQ_DREQ_ID,NUMBER,22,10,0,Y
SYSTEM,ALM_DETAMOVI,88,COMBO,VARCHAR2,1,,,N
SYSTEM,ALM_DETAMOVI,89,VALORIVA,NUMBER,22,18,2,Y
SYSTEM,ALM_DETAMOVI_BK,1,ENTRSALI,VARCHAR2,1,,,N
SYSTEM,ALM_DETAMOVI_BK,2,ADJUVEND,NUMBER,22,12,6,Y
SYSTEM,ALM_DETAMOVI_BK,3,DTMV_ID,NUMBER,22,10,0,N
SYSTEM,ALM_DETAMOVI_BK,4,UMED_UNIDMEDI,VARCHAR2,5,,,N
SYSTEM,ALM_DETAMOVI_BK,5,VALOR,NUMBER,22,20,8,N
SYSTEM,ALM_DETAMOVI_BK,6,CANTIDAD,NUMBER,22,16,6,N
SYSTEM,ALM_DETAMOVI_BK,7,CANTSOLI,NUMBER,22,16,6,Y
SYSTEM,ALM_DETAMOVI_BK,8,CANTASIG,NUMBER,22,16,6,Y
SYSTEM,ALM_DETAMOVI_BK,9,PRECUNIT,NUMBER,22,20,8,N
SYSTEM,ALM_DETAMOVI_BK,10,COSTUNIT,NUMBER,22,18,8,N
SYSTEM,ALM_DETAMOVI_BK,11,USUACREA,VARCHAR2,20,,,N
SYSTEM,ALM_DETAMOVI_BK,12,FECHCREA,DATE,7,,,N
SYSTEM,ALM_DETAMOVI_BK,13,CMPR_ALCANCE,NUMBER,22,1,0,Y
SYSTEM,ALM_DETAMOVI_BK,14,CMPR_NUMERO,NUMBER,22,10,0,Y
SYSTEM,ALM_DETAMOVI_BK,15,CMPR_CEDURUC,VARCHAR2,13,,,Y
SYSTEM,ALM_DETAMOVI_BK,16,CMPR_COMPANIA,VARCHAR2,10,,,Y
SYSTEM,ALM_DETAMOVI_BK,17,CMPR_SERIE,VARCHAR2,6,,,Y
SYSTEM,ALM_DETAMOVI_BK,18,ENSA_NUMERO,VARCHAR2,10,,,Y
SYSTEM,ALM_DETAMOVI_BK,19,ENSA_COMPANIA,VARCHAR2,10,,,Y
SYSTEM,ALM_DETAMOVI_BK,20,ENSA_OFICINA,VARCHAR2,3,,,Y
SYSTEM,ALM_DETAMOVI_BK,21,ENSA_TIPODOCU,VARCHAR2,2,,,Y
SYSTEM,ALM_DETAMOVI_BK,22,IMPT_NUMEIMPO,NUMBER,22,10,0,Y
SYSTEM,ALM_DETAMOVI_BK,23,IMPT_COMPANIA,VARCHAR2,10,,,Y
SYSTEM,ALM_DETAMOVI_BK,24,IMPT_OFICINA,VARCHAR2,3,,,Y
SYSTEM,ALM_DETAMOVI_BK,25,NCCL_NUMERO,VARCHAR2,10,,,Y
SYSTEM,ALM_DETAMOVI_BK,26,NCCL_COMPANIA,VARCHAR2,10,,,Y
SYSTEM,ALM_DETAMOVI_BK,27,NCCL_OFICINA,VARCHAR2,3,,,Y
SYSTEM,ALM_DETAMOVI_BK,28,NCCL_SERIE,VARCHAR2,6,,,Y
SYSTEM,ALM_DETAMOVI_BK,29,NCPR_ALCANCE,NUMBER,22,1,0,Y
SYSTEM,ALM_DETAMOVI_BK,30,NCPR_NUMERO,VARCHAR2,10,,,Y
SYSTEM,ALM_DETAMOVI_BK,31,NCPR_CEDURUC,VARCHAR2,13,,,Y
SYSTEM,ALM_DETAMOVI_BK,32,NCPR_COMPANIA,VARCHAR2,10,,,Y
SYSTEM,ALM_DETAMOVI_BK,33,NCPR_SERIE,VARCHAR2,6,,,Y
SYSTEM,ALM_DETAMOVI_BK,34,VNTA_NUMERO,NUMBER,22,10,0,Y
SYSTEM,ALM_DETAMOVI_BK,35,VNTA_COMPANIA,VARCHAR2,10,,,Y
SYSTEM,ALM_DETAMOVI_BK,36,VNTA_OFICINA,VARCHAR2,3,,,Y
SYSTEM,ALM_DETAMOVI_BK,37,VNTA_SERIE,VARCHAR2,6,,,Y
SYSTEM,ALM_DETAMOVI_BK,38,PORCDESC,NUMBER,22,10,6,Y
SYSTEM,ALM_DETAMOVI_BK,39,FACTIMPO,NUMBER,22,10,6,Y
SYSTEM,ALM_DETAMOVI_BK,40,TASAIVA,NUMBER,22,7,0,Y
SYSTEM,ALM_DETAMOVI_BK,41,TASAICE,NUMBER,22,7,4,Y
SYSTEM,ALM_DETAMOVI_BK,42,OBS,VARCHAR2,600,,,Y
SYSTEM,ALM_DETAMOVI_BK,43,FECHACTU,DATE,7,,,Y
SYSTEM,ALM_DETAMOVI_BK,44,USUACTUA,VARCHAR2,20,,,Y
SYSTEM,ALM_DETAMOVI_BK,45,MODINUME,NUMBER,22,10,0,Y
SYSTEM,ALM_DETAMOVI_BK,46,MODISERIE,VARCHAR2,6,,,Y
SYSTEM,ALM_DETAMOVI_BK,47,TIPOMOVI,VARCHAR2,3,,,Y
SYSTEM,ALM_DETAMOVI_BK,48,SECC_CODIBODE,VARCHAR2,5,,,N
SYSTEM,ALM_DETAMOVI_BK,49,SECC_COMPANIA,VARCHAR2,10,,,N
SYSTEM,ALM_DETAMOVI_BK,50,SECC_CODISECC,VARCHAR2,4,,,N
SYSTEM,ALM_DETAMOVI_BK,51,SECC_OFICINA,VARCHAR2,3,,,N
SYSTEM,ALM_DETAMOVI_BK,52,ARTL_CODIGRUP,VARCHAR2,20,,,N
SYSTEM,ALM_DETAMOVI_BK,53,ARTL_CLASE,VARCHAR2,20,,,N
SYSTEM,ALM_DETAMOVI_BK,54,ARTL_COMPANIA,VARCHAR2,10,,,N
SYSTEM,ALM_DETAMOVI_BK,55,ARTL_ARTICULO,VARCHAR2,30,,,N
SYSTEM,ALM_DETAMOVI_BK,56,PROMOCION,VARCHAR2,1,,,N
SYSTEM,ALM_DETAMOVI_BK,57,PRORATEO,VARCHAR2,1,,,N
SYSTEM,ALM_DETAMOVI_BK,58,DCAM_DCAM_ID,NUMBER,22,10,0,Y
SYSTEM,ALM_DETAMOVI_BK,59,FACTUTIL,NUMBER,22,10,6,Y
SYSTEM,ALM_DETAMOVI_BK,60,COSTANTE,NUMBER,22,18,8,Y
SYSTEM,ALM_DETAMOVI_BK,61,VNTA_TIPOCOMP,VARCHAR2,2,,,Y
SYSTEM,ALM_DETAMOVI_BK,62,VALORFOB,NUMBER,22,20,8,Y
SYSTEM,ALM_DETAMOVI_BK,63,VALDESC,NUMBER,22,18,6,N
SYSTEM,ALM_DETAMOVI_BK,64,LSPR_LSPR_ID,NUMBER,22,10,0,Y
SYSTEM,ALM_DETAMOVI_BK,65,DTMV_DTMV_ID,NUMBER,22,10,0,Y
SYSTEM,ALM_DETAMOVI_BK,66,RCTA_RCTA_ID,NUMBER,22,10,0,Y
SYSTEM,ALM_DETAMOVI_BK,67,UMED_UNIDMEDI_CAJA,VARCHAR2,5,,,Y
SYSTEM,ALM_DETAMOVI_BK,68,VALOADIC,NUMBER,22,18,6,Y
SYSTEM,ALM_DETAMOVI_BK,69,NANDINA,VARCHAR2,30,,,Y
SYSTEM,ALM_DETAMOVI_BK,70,CANTITEM,NUMBER,22,16,6,Y
SYSTEM,ALM_DETAMOVI_BK,71,NUMEAGRU,NUMBER,22,3,0,Y
SYSTEM,ALM_DETAMOVI_BK,72,CANTPERD,NUMBER,22,16,6,Y
SYSTEM,ALM_DETAMOVI_BK,73,NUMBER1,NUMBER,22,,,Y
SYSTEM,ALM_DETAMOVI_BK,74,NUMBER2,NUMBER,22,,,Y
SYSTEM,ALM_DETAMOVI_BK,75,NUMBER3,NUMBER,22,,,Y
SYSTEM,ALM_DETAMOVI_BK,76,NUMBER4,NUMBER,22,,,Y
SYSTEM,ALM_DETAMOVI_BK,77,NUMBER5,NUMBER,22,,,Y
SYSTEM,ALM_DETAMOVI_BK,78,VCHAR1,VARCHAR2,500,,,Y
SYSTEM,ALM_DETAMOVI_BK,79,VCHAR2,VARCHAR2,500,,,Y
SYSTEM,ALM_DETAMOVI_BK,80,VCHAR3,VARCHAR2,500,,,Y
SYSTEM,ALM_DETAMOVI_BK,81,VCHAR4,VARCHAR2,500,,,Y
SYSTEM,ALM_DETAMOVI_BK,82,VCHAR5,VARCHAR2,500,,,Y
SYSTEM,ALM_DETAMOVI_BK,83,ICESPECI,NUMBER,22,16,4,Y
SYSTEM,ALM_DETAMOVI_BK,84,BASEICE,NUMBER,22,16,4,Y
SYSTEM,ALM_DETAMOVI_BK,85,ADVALOREN,NUMBER,22,16,4,Y
SYSTEM,ALM_DETAMOVI_BK,86,VALORICE,NUMBER,22,16,4,Y
SYSTEM,ALM_DETAPLAN,1,PLIM_CODIGO,VARCHAR2,5,,,N
SYSTEM,ALM_DETAPLAN,2,DTPL_ID,NUMBER,22,10,0,N
SYSTEM,ALM_DETAPLAN,3,CANTIDAD,NUMBER,22,10,6,N
SYSTEM,ALM_DETAPLAN,4,USUACREA,VARCHAR2,20,,,N
SYSTEM,ALM_DETAPLAN,5,FECHCREA,DATE,7,,,N
SYSTEM,ALM_DETAPLAN,6,USUACTUA,VARCHAR2,20,,,Y
SYSTEM,ALM_DETAPLAN,7,FECHACTU,DATE,7,,,Y
SYSTEM,ALM_DETAPLAN,8,ARTL_CODIGRUP,VARCHAR2,20,,,Y
SYSTEM,ALM_DETAPLAN,9,ARTL_ARTICULO,VARCHAR2,30,,,Y
SYSTEM,ALM_DETAPLAN,10,ARTL_CLASE,VARCHAR2,20,,,Y
SYSTEM,ALM_DETAPLAN,11,ARTL_COMPANIA,VARCHAR2,10,,,Y
SYSTEM,ALM_DETAPROY,1,DPRO_ID,NUMBER,22,10,0,N
SYSTEM,ALM_DETAPROY,2,CANTIDAD,NUMBER,22,,,Y
SYSTEM,ALM_DETAPROY,3,NUMEPARA,NUMBER,22,,,N
SYSTEM,ALM_DETAPROY,4,DESCRIPC,VARCHAR2,500,,,Y
SYSTEM,ALM_DETAPROY,5,REFER,VARCHAR2,100,,,Y
SYSTEM,ALM_DETAPROY,6,FECHACTU,DATE,7,,,Y
SYSTEM,ALM_DETAPROY,7,FECHCREA,DATE,7,,,N
SYSTEM,ALM_DETAPROY,8,NUMBER1,NUMBER,22,,,Y
SYSTEM,ALM_DETAPROY,9,NUMBER2,NUMBER,22,,,Y
SYSTEM,ALM_DETAPROY,10,NUMBER3,NUMBER,22,,,Y
SYSTEM,ALM_DETAPROY,11,NUMBER4,NUMBER,22,,,Y
SYSTEM,ALM_DETAPROY,12,NUMBER5,NUMBER,22,,,Y
SYSTEM,ALM_DETAPROY,13,USUACREA,VARCHAR2,20,,,N
SYSTEM,ALM_DETAPROY,14,USUACTUA,VARCHAR2,20,,,Y
SYSTEM,ALM_DETAPROY,15,VCHAR1,VARCHAR2,500,,,Y
SYSTEM,ALM_DETAPROY,16,VCHAR2,VARCHAR2,500,,,Y
SYSTEM,ALM_DETAPROY,17,VCHAR3,VARCHAR2,500,,,Y
SYSTEM,ALM_DETAPROY,18,VCHAR4,VARCHAR2,500,,,Y
SYSTEM,ALM_DETAPROY,19,VCHAR5,VARCHAR2,500,,,Y
SYSTEM,ALM_DETAPROY,20,ARTL_CLASE,VARCHAR2,20,,,N
SYSTEM,ALM_DETAPROY,21,ARTL_CODIGRUP,VARCHAR2,20,,,N
SYSTEM,ALM_DETAPROY,22,ARTL_ARTICULO,VARCHAR2,30,,,N
SYSTEM,ALM_DETAPROY,23,ARTL_COMPANIA,VARCHAR2,10,,,N
SYSTEM,ALM_DETAPROY,24,RCTA_RCTA_ID,NUMBER,22,10,0,N
SYSTEM,ALM_DETAPROY,25,PRPD_PRPD_ID,NUMBER,22,10,0,N
SYSTEM,ALM_DETAREQU,1,DREQ_ID,NUMBER,22,10,0,N
SYSTEM,ALM_DETAREQU,2,CANTSOLI,NUMBER,22,16,6,N
SYSTEM,ALM_DETAREQU,3,CANTAPRO,NUMBER,22,16,6,Y
SYSTEM,ALM_DETAREQU,4,CANTCONF,NUMBER,22,16,4,Y
SYSTEM,ALM_DETAREQU,5,APROBAC,VARCHAR2,1,,,Y
SYSTEM,ALM_DETAREQU,6,COSTUNIT,NUMBER,22,16,4,N
SYSTEM,ALM_DETAREQU,7,PRECVENT,NUMBER,22,16,4,N
SYSTEM,ALM_DETAREQU,8,VALCIF,NUMBER,22,16,4,Y
SYSTEM,ALM_DETAREQU,9,VALFOB,NUMBER,22,16,4,Y
SYSTEM,ALM_DETAREQU,10,OBSERVAC,VARCHAR2,1500,,,Y
SYSTEM,ALM_DETAREQU,11,REQU_OFICINA,VARCHAR2,3,,,N
SYSTEM,ALM_DETAREQU,12,REQU_NUMERO,VARCHAR2,15,,,N
SYSTEM,ALM_DETAREQU,13,REQU_COMPANIA,VARCHAR2,10,,,N
SYSTEM,ALM_DETAREQU,14,ARTL_ARTICULO,VARCHAR2,30,,,N
SYSTEM,ALM_DETAREQU,15,ARTL_CODIGRUP,VARCHAR2,20,,,N
SYSTEM,ALM_DETAREQU,16,ARTL_CLASE,VARCHAR2,20,,,N
SYSTEM,ALM_DETAREQU,17,ARTL_COMPANIA,VARCHAR2,10,,,N
SYSTEM,ALM_DETAREQU,18,FECHACTU,DATE,7,,,Y
SYSTEM,ALM_DETAREQU,19,FECHCREA,DATE,7,,,N
SYSTEM,ALM_DETAREQU,20,USUACREA,VARCHAR2,20,,,N
SYSTEM,ALM_DETAREQU,21,USUACTUA,VARCHAR2,20,,,Y
SYSTEM,ALM_DETAREQU,22,SECC_CODISECC,VARCHAR2,4,,,Y
SYSTEM,ALM_DETAREQU,23,SECC_COMPANIA,VARCHAR2,10,,,Y
SYSTEM,ALM_DETAREQU,24,SECC_OFICINA,VARCHAR2,3,,,Y
SYSTEM,ALM_DETAREQU,25,SECC_CODIBODE,VARCHAR2,5,,,Y
SYSTEM,ALM_DETAREQU,26,CANTFACT,NUMBER,22,16,6,N
SYSTEM,ALM_DETAREQU,27,REQU_TIPODOCU,VARCHAR2,2,,,N
SYSTEM,ALM_DETAREQU,28,LINECOMP,VARCHAR2,300,,,Y
SYSTEM,ALM_DETAREQU,29,FULTCOMP,DATE,7,,,Y
SYSTEM,ALM_DETAREQU,30,ULTMCOST,NUMBER,22,16,4,Y
SYSTEM,ALM_DETAREQU,31,CANTSUGE,NUMBER,22,16,4,Y
SYSTEM,ALM_DETAREQU,32,NUMBER5,NUMBER,22,,,Y
SYSTEM,ALM_DETAREQU,33,VCHAR1,VARCHAR2,500,,,Y
SYSTEM,ALM_DETAREQU,34,VCHAR2,VARCHAR2,500,,,Y
SYSTEM,ALM_DETAREQU,35,VCHAR3,VARCHAR2,500,,,Y
SYSTEM,ALM_DETAREQU,36,VCHAR4,VARCHAR2,500,,,Y
SYSTEM,ALM_DETAREQU,37,VCHAR5,VARCHAR2,500,,,Y
SYSTEM,ALM_DETAREQU,38,NUMBER1,NUMBER,22,,,Y
SYSTEM,ALM_DETAREQU,39,NUMBER2,NUMBER,22,,,Y
SYSTEM,ALM_DETAREQU,40,NUMBER3,NUMBER,22,,,Y
SYSTEM,ALM_DETAREQU,41,NUMBER4,NUMBER,22,,,Y
SYSTEM,ALM_DETARTLL,1,DATLL_ID,NUMBER,22,10,0,N
SYSTEM,ALM_DETARTLL,2,ARTL_ARTICULO,VARCHAR2,30,,,N
SYSTEM,ALM_DETARTLL,3,ARTL_CLASE,VARCHAR2,20,,,N
SYSTEM,ALM_DETARTLL,4,ARTL_COMPANIA,VARCHAR2,10,,,N
SYSTEM,ALM_DETARTLL,5,ARTL_CODIGRUP,VARCHAR2,20,,,N
SYSTEM,ALM_DETARTLL,6,TLLA_ID_TLLA,VARCHAR2,10,,,N
SYSTEM,ALM_DETARTLL,7,FECHCREA,DATE,7,,,N
SYSTEM,ALM_DETARTLL,8,USUACREA,VARCHAR2,50,,,N
SYSTEM,ALM_DETARTLL,9,VIGENTE,VARCHAR2,1,,,N
SYSTEM,ALM_DETARTLL,10,DESCRIPCION,VARCHAR2,100,,,Y
SYSTEM,ALM_DETARTLL,11,FECHACTU,DATE,7,,,Y
SYSTEM,ALM_DETARTLL,12,USUACTUA,VARCHAR2,50,,,Y
SYSTEM,ALM_DETARTLL,13,EXISTENCIA,NUMBER,22,22,4,Y
SYSTEM,ALM_DETATOFI,1,ADTF_ID,NUMBER,22,10,0,N
SYSTEM,ALM_DETATOFI,2,EXISISTE,NUMBER,22,20,8,Y
SYSTEM,ALM_DETATOFI,3,EXISFISI,NUMBER,22,20,8,Y
SYSTEM,ALM_DETATOFI,4,CANTIDAD,NUMBER,22,16,6,N
SYSTEM,ALM_DETATOFI,5,COSTUNIT,NUMBER,22,18,8,N
SYSTEM,ALM_DETATOFI,6,AJUSTE,VARCHAR2,1,,,N
SYSTEM,ALM_DETATOFI,7,VALOR,NUMBER,22,20,8,N
SYSTEM,ALM_DETATOFI,8,OBS,VARCHAR2,600,,,Y
SYSTEM,ALM_DETATOFI,9,UMED_UNIDMEDI,VARCHAR2,5,,,Y
SYSTEM,ALM_DETATOFI,10,TALLA,VARCHAR2,60,,,Y
SYSTEM,ALM_DETATOFI,11,COLOR,VARCHAR2,60,,,Y
SYSTEM,ALM_DETATOFI,12,PESO,NUMBER,22,15,5,Y
SYSTEM,ALM_DETATOFI,13,ARTL_COMPANIA,VARCHAR2,10,,,N
SYSTEM,ALM_DETATOFI,14,ARTL_CLASE,VARCHAR2,20,,,N
SYSTEM,ALM_DETATOFI,15,ARTL_CODIGRUP,VARCHAR2,20,,,N
SYSTEM,ALM_DETATOFI,16,ARTL_ARTICULO,VARCHAR2,30,,,N
SYSTEM,ALM_DETATOFI,17,ATFS_OFICINA,VARCHAR2,3,,,N
SYSTEM,ALM_DETATOFI,18,ATFS_COMPANIA,VARCHAR2,10,,,N
SYSTEM,ALM_DETATOFI,19,ATFS_TIPODOCU,VARCHAR2,2,,,N
SYSTEM,ALM_DETATOFI,20,ATFS_NUMERO,VARCHAR2,10,,,N
SYSTEM,ALM_DETATOFI,21,ENSA_TIPODOCU,VARCHAR2,2,,,Y
SYSTEM,ALM_DETATOFI,22,ENSA_OFICINA,VARCHAR2,3,,,Y
SYSTEM,ALM_DETATOFI,23,ENSA_COMPANIA,VARCHAR2,10,,,Y
SYSTEM,ALM_DETATOFI,24,ENSA_NUMERO,VARCHAR2,10,,,Y
SYSTEM,ALM_DETATOFI,25,SECC_CODISECC,VARCHAR2,4,,,N
SYSTEM,ALM_DETATOFI,26,SECC_COMPANIA,VARCHAR2,10,,,N
SYSTEM,ALM_DETATOFI,27,SECC_CODIBODE,VARCHAR2,5,,,N
SYSTEM,ALM_DETATOFI,28,SECC_OFICINA,VARCHAR2,3,,,N
SYSTEM,ALM_DETATOFI,29,USUACREA,VARCHAR2,20,,,N
SYSTEM,ALM_DETATOFI,30,FECHCREA,DATE,7,,,N
SYSTEM,ALM_DETATOFI,31,FECHACTU,DATE,7,,,Y
SYSTEM,ALM_DETATOFI,32,USUACTUA,VARCHAR2,20,,,Y
SYSTEM,ALM_PROYPROD,1,PRPD_ID,NUMBER,22,10,0,N
SYSTEM,ALM_PROYPROD,2,VIGENTE,VARCHAR2,1,,,N
SYSTEM,ALM_PROYPROD,3,FECHA,DATE,7,,,N
SYSTEM,ALM_PROYPROD,4,DESCRIPC,VARCHAR2,500,,,Y
SYSTEM,ALM_PROYPROD,5,RESPONSB,VARCHAR2,30,,,Y
SYSTEM,ALM_PROYPROD,6,REFER,VARCHAR2,100,,,Y
SYSTEM,ALM_PROYPROD,7,FECHPROD,DATE,7,,,Y
SYSTEM,ALM_PROYPROD,8,FECHCREA,DATE,7,,,N
SYSTEM,ALM_PROYPROD,9,USUACREA,VARCHAR2,20,,,N
SYSTEM,ALM_PROYPROD,10,FECHACTU,DATE,7,,,Y
SYSTEM,ALM_PROYPROD,11,USUACTUA,VARCHAR2,20,,,Y
SYSTEM,ALM_PROYPROD,12,NUMBER1,NUMBER,22,,,Y
SYSTEM,ALM_PROYPROD,13,NUMBER2,NUMBER,22,,,Y
SYSTEM,ALM_PROYPROD,14,NUMBER3,NUMBER,22,,,Y
SYSTEM,ALM_PROYPROD,15,NUMBER4,NUMBER,22,,,Y
SYSTEM,ALM_PROYPROD,16,NUMBER5,NUMBER,22,,,Y
SYSTEM,ALM_PROYPROD,17,VCHAR1,VARCHAR2,500,,,Y
SYSTEM,ALM_PROYPROD,18,VCHAR2,VARCHAR2,500,,,Y
SYSTEM,ALM_PROYPROD,19,VCHAR3,VARCHAR2,500,,,Y
SYSTEM,ALM_PROYPROD,20,VCHAR4,VARCHAR2,500,,,Y
SYSTEM,ALM_PROYPROD,21,VCHAR5,VARCHAR2,500,,,Y
SYSTEM,ALM_PROYPROD,22,BDGA_CODIBODE,VARCHAR2,5,,,N
SYSTEM,ALM_PROYPROD,23,BDGA_OFCN_OFICINA,VARCHAR2,3,,,N
SYSTEM,ALM_PROYPROD,24,BDGA_OFCN_COMPANIA,VARCHAR2,10,,,N
SYSTEM,ALM_PROYPROD,25,OFCN_OFICINA,VARCHAR2,3,,,N
SYSTEM,ALM_PROYPROD,26,OFCN_CMPN_COMPANIA,VARCHAR2,10,,,N
SYSTEM,ALM_TMPDETALOTE,1,TDLT_ID,NUMBER,22,10,0,N
SYSTEM,ALM_TMPDETALOTE,2,CANTPARC,NUMBER,22,16,6,N
SYSTEM,ALM_TMPDETALOTE,3,FECHCREA,DATE,7,,,N
SYSTEM,ALM_TMPDETALOTE,4,USUACREA,VARCHAR2,20,,,N
SYSTEM,ALM_TMPDETALOTE,5,FECHACTU,DATE,7,,,Y
SYSTEM,ALM_TMPDETALOTE,6,USUACTUA,VARCHAR2,20,,,Y
SYSTEM,ALM_TMPDETALOTE,7,LOTE_NUMELOTE,VARCHAR2,20,,,N
SYSTEM,ALM_TMPDETALOTE,8,LOTE_COMPANIA,VARCHAR2,10,,,N
SYSTEM,ALM_TMPDETALOTE,9,DXML_DXML_ID,NUMBER,22,10,0,Y
SYSTEM,ALM_TMPDETALOTE,10,DPR_DPR_ID,NUMBER,22,10,0,Y
SYSTEM,ALM_TMPDETALOTE,11,FVENLOTE,DATE,7,,,Y
SYSTEM,ALM_TMPDETALOTE,12,LOTE_ALCANCE,NUMBER,22,10,0,N
SYSTEM,ALM_TMPDETAMOVI,1,DXML_ID,NUMBER,22,10,0,N
SYSTEM,ALM_TMPDETAMOVI,2,CANTIDAD,NUMBER,22,16,6,N
SYSTEM,ALM_TMPDETAMOVI,3,PORCDESC,NUMBER,22,16,4,Y
SYSTEM,ALM_TMPDETAMOVI,4,PRECUNIT,NUMBER,22,16,4,N
SYSTEM,ALM_TMPDETAMOVI,5,VALOR,NUMBER,22,20,8,N
SYSTEM,ALM_TMPDETAMOVI,6,COSTUNIT,NUMBER,22,18,8,N
SYSTEM,ALM_TMPDETAMOVI,7,FACTIMPO,NUMBER,22,10,6,Y
SYSTEM,ALM_TMPDETAMOVI,8,ADJUVEND,NUMBER,22,12,6,Y
SYSTEM,ALM_TMPDETAMOVI,9,NANDINA,VARCHAR2,30,,,Y
SYSTEM,ALM_TMPDETAMOVI,10,TASAIVA,NUMBER,22,7,0,N
SYSTEM,ALM_TMPDETAMOVI,11,CANTSOLI,NUMBER,22,12,6,Y
SYSTEM,ALM_TMPDETAMOVI,12,CANTASIG,NUMBER,22,12,6,Y
SYSTEM,ALM_TMPDETAMOVI,13,TASAICE,NUMBER,22,7,4,Y
SYSTEM,ALM_TMPDETAMOVI,14,OBS,VARCHAR2,600,,,Y
SYSTEM,ALM_TMPDETAMOVI,15,ENTRSALI,VARCHAR2,1,,,Y
SYSTEM,ALM_TMPDETAMOVI,16,FACTUTIL,NUMBER,22,10,6,Y
SYSTEM,ALM_TMPDETAMOVI,17,MODINUME,NUMBER,22,16,0,Y
SYSTEM,ALM_TMPDETAMOVI,18,MODISERIE,VARCHAR2,6,,,Y
SYSTEM,ALM_TMPDETAMOVI,19,VALDESC,NUMBER,22,18,6,Y
SYSTEM,ALM_TMPDETAMOVI,20,VALORFOB,NUMBER,22,18,6,Y
SYSTEM,ALM_TMPDETAMOVI,21,NUMEAGRU,NUMBER,22,3,0,Y
SYSTEM,ALM_TMPDETAMOVI,22,COSTANTE,NUMBER,22,18,8,Y
SYSTEM,ALM_TMPDETAMOVI,23,TIPOMOVI,VARCHAR2,3,,,Y
SYSTEM,ALM_TMPDETAMOVI,24,UMED_UNIDMEDI,VARCHAR2,5,,,Y
SYSTEM,ALM_TMPDETAMOVI,25,PROMOCION,VARCHAR2,1,,,Y
SYSTEM,ALM_TMPDETAMOVI,26,PRORATEO,VARCHAR2,1,,,Y
SYSTEM,ALM_TMPDETAMOVI,27,VALOADIC,NUMBER,22,18,6,Y
SYSTEM,ALM_TMPDETAMOVI,28,CANTITEM,NUMBER,22,16,6,Y
SYSTEM,ALM_TMPDETAMOVI,29,SECC_CODIBODE,VARCHAR2,5,,,Y
SYSTEM,ALM_TMPDETAMOVI,30,SECC_COMPANIA,VARCHAR2,10,,,Y
SYSTEM,ALM_TMPDETAMOVI,31,SECC_CODISECC,VARCHAR2,4,,,Y
SYSTEM,ALM_TMPDETAMOVI,32,SECC_OFICINA,VARCHAR2,3,,,Y
SYSTEM,ALM_TMPDETAMOVI,33,NCPR_ALCANCE,NUMBER,22,1,0,Y
SYSTEM,ALM_TMPDETAMOVI,34,NCPR_NUMERO,VARCHAR2,10,,,Y
SYSTEM,ALM_TMPDETAMOVI,35,NCPR_CEDURUC,VARCHAR2,13,,,Y
SYSTEM,ALM_TMPDETAMOVI,36,NCPR_COMPANIA,VARCHAR2,10,,,Y
SYSTEM,ALM_TMPDETAMOVI,37,NCPR_SERIE,VARCHAR2,6,,,Y
SYSTEM,ALM_TMPDETAMOVI,38,USUACREA,VARCHAR2,20,,,N
SYSTEM,ALM_TMPDETAMOVI,39,FECHCREA,DATE,7,,,N
SYSTEM,ALM_TMPDETAMOVI,40,USUACTUA,VARCHAR2,20,,,Y
SYSTEM,ALM_TMPDETAMOVI,41,FECHACTU,DATE,7,,,Y
SYSTEM,ALM_TMPDETAMOVI,42,CMPR_ALCANCE,NUMBER,22,1,0,Y
SYSTEM,ALM_TMPDETAMOVI,43,CMPR_COMPANIA,VARCHAR2,10,,,Y
SYSTEM,ALM_TMPDETAMOVI,44,CMPR_NUMERO,NUMBER,22,10,0,Y
SYSTEM,ALM_TMPDETAMOVI,45,CMPR_SERIE,VARCHAR2,6,,,Y
SYSTEM,ALM_TMPDETAMOVI,46,CMPR_CEDURUC,VARCHAR2,13,,,Y
SYSTEM,ALM_TMPDETAMOVI,47,ARTL_ARTICULO,VARCHAR2,30,,,Y
SYSTEM,ALM_TMPDETAMOVI,48,ARTL_COMPANIA,VARCHAR2,10,,,Y
SYSTEM,ALM_TMPDETAMOVI,49,ARTL_CODIGRUP,VARCHAR2,20,,,Y
SYSTEM,ALM_TMPDETAMOVI,50,ARTL_CLASE,VARCHAR2,20,,,Y
SYSTEM,ALM_TMPDETAMOVI,51,VEXI_VEXI_ID,NUMBER,22,10,0,Y
SYSTEM,ALM_TMPDETAMOVI,52,CODIPROVE,VARCHAR2,30,,,Y
SYSTEM,ALM_TMPDETAMOVI,53,VALORIVA,NUMBER,22,18,2,Y
SYSTEM,AUX_CLIENTE,1,OFICINA,VARCHAR2,50,,,Y
SYSTEM,AUX_CLIENTE,2,CODCLIEN,VARCHAR2,50,,,Y
SYSTEM,AUX_CLIENTE,3,NOMBRE,VARCHAR2,300,,,Y
SYSTEM,AUX_CLIENTE,4,RUC,VARCHAR2,15,,,Y
SYSTEM,AUX_CLIENTE,5,REPRESEN,VARCHAR2,100,,,Y
SYSTEM,AUX_CLIENTE,6,ATENCION,VARCHAR2,100,,,Y
SYSTEM,AUX_CLIENTE,7,EMAIL,VARCHAR2,150,,,Y
SYSTEM,AUX_CLIENTE,8,CREDITO,NUMBER,22,18,8,Y
SYSTEM,AUX_CLIENTE,9,DEUDA,NUMBER,22,18,8,Y
SYSTEM,AUX_CLIENTE,10,CODZONA,VARCHAR2,150,,,Y
SYSTEM,AUX_CLIENTE,11,CODTIPO,VARCHAR2,100,,,Y
SYSTEM,AUX_CLIENTE,12,CODVEND,VARCHAR2,150,,,Y
SYSTEM,AUX_CLIENTE,13,CODCATEG,VARCHAR2,50,,,Y
SYSTEM,AUX_CLIENTE,14,DIRECCION,VARCHAR2,500,,,Y
SYSTEM,AUX_CLIENTE,15,TELEFCLIEN,VARCHAR2,50,,,Y
SYSTEM,AUX_CLIENTE,16,TELECLIE1,VARCHAR2,50,,,Y
SYSTEM,AUX_CLIENTE,17,TELECLIE2,VARCHAR2,50,,,Y
SYSTEM,AUX_CLIENTE,18,CELULAR,VARCHAR2,50,,,Y
SYSTEM,AUX_CLIENTE,19,PREC_DETER,VARCHAR2,10,,,Y
SYSTEM,AUX_CLIENTE,20,DIASCRED1,NUMBER,22,,,Y
SYSTEM,AUX_CLIENTE,21,DIASCRED2,NUMBER,22,,,Y
SYSTEM,AUX_CLIENTE,22,FORMA_PAGO,VARCHAR2,5,,,Y
SYSTEM,AUX_CLIENTE,23,ULTMOVIMFC,VARCHAR2,30,,,Y
SYSTEM,AUX_CLIENTE,24,F_PAGSRI,VARCHAR2,5,,,Y
SYSTEM,AUX_CLIENTE,25,F_PRESRI,VARCHAR2,5,,,Y
SYSTEM,AUX_CLIENTE,26,FECCLIEN,VARCHAR2,10,,,Y
SYSTEM,AUX_INVENTARIO,1,GRAR_CLASE,VARCHAR2,20,,,Y
SYSTEM,AUX_INVENTARIO,2,GRAR_CODIGRUP,VARCHAR2,20,,,N
SYSTEM,AUX_INVENTARIO,3,ARTL_ARTICULO,VARCHAR2,30,,,Y
SYSTEM,AUX_INVENTARIO,4,NOMBRE,VARCHAR2,300,,,N
SYSTEM,AUX_INVENTARIO,5,OFICINA,VARCHAR2,3,,,Y
SYSTEM,AUX_INVENTARIO,6,SECC_CODIBODE,VARCHAR2,5,,,Y
SYSTEM,AUX_INVENTARIO,7,SECC_CODISECC,VARCHAR2,10,,,Y
SYSTEM,AUX_INVENTARIO,8,EXISTENCIA,NUMBER,22,,,Y
SYSTEM,AUX_INVENTARIO,9,TOTAL,NUMBER,22,,,Y
SYSTEM,AUX_INVENTARIO,10,NUMELOTE,CHAR,40,,,Y
SYSTEM,AUX_INVENTARIO,11,ALCANCE,CHAR,4,,,Y
SYSTEM,AUX_INVENTARIO,12,FEMISION,DATE,7,,,Y
SYSTEM,AUX_INVENTARIO,13,FVECIMIENTO,DATE,7,,,Y
SYSTEM,AUX_INVENTARIO,14,RSANITARIO,VARCHAR2,300,,,Y
SYSTEM,AUX_INVENTARIO,15,UBICACION,VARCHAR2,100,,,Y
SYSTEM,AUX_INVENTARIO,16,OBS,VARCHAR2,300,,,Y
SYSTEM,AUX_INVENTARIO_OB,1,SECC_OFICINA,VARCHAR2,3,,,Y
SYSTEM,AUX_INVENTARIO_OB,2,SECC_CODIBODE,VARCHAR2,5,,,Y
SYSTEM,AUX_INVENTARIO_OB,3,SECC_CODISECC,VARCHAR2,4,,,Y
SYSTEM,AUX_INVENTARIO_OB,4,ARTICULO,VARCHAR2,30,,,Y
SYSTEM,AUX_INVENTARIO_OB,5,ARTL_CLASE,VARCHAR2,20,,,Y
SYSTEM,AUX_INVENTARIO_OB,6,ARTL_COMPANIA,VARCHAR2,10,,,Y
SYSTEM,AUX_INVENTARIO_OB,7,ARTL_CODIGRUP,VARCHAR2,20,,,Y
SYSTEM,AUX_INVENTARIO_OB,8,NOMBRE,VARCHAR2,300,,,Y
SYSTEM,AUX_INVENTARIO_OB,9,LOTCOMP,VARCHAR2,10,,,Y
SYSTEM,AUX_INVENTARIO_OB,10,NUMLOTE,VARCHAR2,20,,,Y
SYSTEM,AUX_INVENTARIO_OB,11,ALCALOTE,NUMBER,22,10,0,Y
SYSTEM,AUX_INVENTARIO_OB,12,VENCE,DATE,7,,,Y
SYSTEM,AUX_INVENTARIO_OB,13,ELABORA,DATE,7,,,Y
SYSTEM,AUX_INVENTARIO_OB,14,CANTIDAD,NUMBER,22,,,Y
SYSTEM,AUX_INVENTARIO_OB,15,COSTO,NUMBER,22,,,Y
SYSTEM,AUX_SALDO_CLIENTE,1,CODIGOCLIENTE,VARCHAR2,10,,,Y
SYSTEM,AUX_SALDO_CLIENTE,2,RUC,VARCHAR2,13,,,Y
SYSTEM,AUX_SALDO_CLIENTE,3,FACTURA,NUMBER,22,,,Y
SYSTEM,AUX_SALDO_CLIENTE,4,SERIE,VARCHAR2,10,,,Y
SYSTEM,AUX_SALDO_CLIENTE,5,FECHAEMISION,DATE,7,,,Y
SYSTEM,AUX_SALDO_CLIENTE,6,FECHAVENCIMIENTO,DATE,7,,,Y
SYSTEM,AUX_SALDO_CLIENTE,7,TOTAL,NUMBER,22,22,2,Y
SYSTEM,AUX_VENTAS,1,SERIE,VARCHAR2,6,,,N
SYSTEM,AUX_VENTAS,2,NUMERO,NUMBER,22,10,0,N
SYSTEM,AUX_VENTAS,3,DIAS_CREDITO,NUMBER,22,,,Y
SYSTEM,AUX_VENTAS,4,DIAS_CREDITO_REAL,NUMBER,22,,,Y
SYSTEM,AUX_VENTAS,5,DIF,NUMBER,22,,,Y
SYSTEM,AUX_VENTASFAMP,1,FACTURA,VARCHAR2,50,,,Y
SYSTEM,AUX_VENTASFAMP,2,SERIE,VARCHAR2,50,,,Y
SYSTEM,AUX_VENTASFAMP,3,TIPOVENTA,VARCHAR2,50,,,Y
SYSTEM,AUX_VENTASFAMP,4,TIPO,VARCHAR2,50,,,Y
SYSTEM,AUX_VENTASFAMP,5,EJERCICIO,VARCHAR2,50,,,Y
SYSTEM,AUX_VENTASFAMP,6,PERIODO,VARCHAR2,50,,,Y
SYSTEM,AUX_VENTASFAMP,7,CODIGOCLIENTE,VARCHAR2,50,,,Y
SYSTEM,AUX_VENTASFAMP,8,RAZONSOCIAL,VARCHAR2,300,,,Y
SYSTEM,AUX_VENTASFAMP,9,RUC,VARCHAR2,50,,,Y
SYSTEM,AUX_VENTASFAMP,10,FECHA,VARCHAR2,50,,,Y
SYSTEM,AUX_VENTASFAMP,11,SUBTOTAL,NUMBER,22,,,Y
SYSTEM,AUX_VENTASFAMP,12,TOTAL,NUMBER,22,,,Y
SYSTEM,AUX_VENTASFAMP,13,CODIGOVENDEDOR,VARCHAR2,50,,,Y
SYSTEM,AUX_VENTASFAMP,14,CODIGOCREDITO,VARCHAR2,50,,,Y
SYSTEM,AUX_VENTASFAMP,15,CODIGOBODEGA,VARCHAR2,50,,,Y
SYSTEM,AUX_VENTASFAMP,16,CODIGOPRODUCTO,VARCHAR2,50,,,Y
SYSTEM,AUX_VENTASFAMP,17,PRODUCTO,VARCHAR2,300,,,Y
SYSTEM,AUX_VENTASFAMP,18,CODIGOUNIDAD,VARCHAR2,50,,,Y
SYSTEM,AUX_VENTASFAMP,19,CANTIDAD,NUMBER,22,,,Y
SYSTEM,AUX_VENTASFAMP,20,TOTALRENGLON,NUMBER,22,,,Y
SYSTEM,AUX_VENTASFAMP,21,ESTADO,VARCHAR2,50,,,Y
SYSTEM,BAK_ALM_DETALOTEJUL2023,1,DTLT_ID,NUMBER,22,10,0,N
SYSTEM,BAK_ALM_DETALOTEJUL2023,2,CANTPARC,NUMBER,22,16,6,Y
SYSTEM,BAK_ALM_DETALOTEJUL2023,3,LOTE_COMPANIA,VARCHAR2,10,,,N
SYSTEM,BAK_ALM_DETALOTEJUL2023,4,LOTE_NUMELOTE,VARCHAR2,20,,,N
SYSTEM,BAK_ALM_DETALOTEJUL2023,5,DTMV_DTMV_ID,NUMBER,22,10,0,N
SYSTEM,BAK_ALM_DETALOTEJUL2023,6,FECHCREA,DATE,7,,,N
SYSTEM,BAK_ALM_DETALOTEJUL2023,7,USUACREA,VARCHAR2,20,,,N
SYSTEM,BAK_ALM_DETALOTEJUL2023,8,FECHACTU,DATE,7,,,Y
SYSTEM,BAK_ALM_DETALOTEJUL2023,9,USUACTUA,VARCHAR2,20,,,Y
SYSTEM,BAK_ALM_DETALOTEJUL2023,10,LOTE_ALCANCE,NUMBER,22,10,0,N
SYSTEM,BAK_ALM_DETALOTE_2182023_951AM,1,DTLT_ID,NUMBER,22,10,0,N
SYSTEM,BAK_ALM_DETALOTE_2182023_951AM,2,CANTPARC,NUMBER,22,16,6,Y
SYSTEM,BAK_ALM_DETALOTE_2182023_951AM,3,LOTE_COMPANIA,VARCHAR2,10,,,N
SYSTEM,BAK_ALM_DETALOTE_2182023_951AM,4,LOTE_NUMELOTE,VARCHAR2,20,,,N
SYSTEM,BAK_ALM_DETALOTE_2182023_951AM,5,DTMV_DTMV_ID,NUMBER,22,10,0,N
SYSTEM,BAK_ALM_DETALOTE_2182023_951AM,6,FECHCREA,DATE,7,,,N
SYSTEM,BAK_ALM_DETALOTE_2182023_951AM,7,USUACREA,VARCHAR2,20,,,N
SYSTEM,BAK_ALM_DETALOTE_2182023_951AM,8,FECHACTU,DATE,7,,,Y
SYSTEM,BAK_ALM_DETALOTE_2182023_951AM,9,USUACTUA,VARCHAR2,20,,,Y
SYSTEM,BAK_ALM_DETALOTE_2182023_951AM,10,LOTE_ALCANCE,NUMBER,22,10,0,N
SYSTEM,BAK_ALM_DETAMOVI_16112022,1,ENTRSALI,VARCHAR2,1,,,N
SYSTEM,BAK_ALM_DETAMOVI_16112022,2,ADJUVEND,NUMBER,22,12,6,Y
SYSTEM,BAK_ALM_DETAMOVI_16112022,3,DTMV_ID,NUMBER,22,10,0,N
SYSTEM,BAK_ALM_DETAMOVI_16112022,4,UMED_UNIDMEDI,VARCHAR2,5,,,N
SYSTEM,BAK_ALM_DETAMOVI_16112022,5,VALOR,NUMBER,22,20,8,N
SYSTEM,BAK_ALM_DETAMOVI_16112022,6,CANTIDAD,NUMBER,22,16,6,N
SYSTEM,BAK_ALM_DETAMOVI_16112022,7,CANTSOLI,NUMBER,22,16,6,Y
SYSTEM,BAK_ALM_DETAMOVI_16112022,8,CANTASIG,NUMBER,22,16,6,Y
SYSTEM,BAK_ALM_DETAMOVI_16112022,9,PRECUNIT,NUMBER,22,20,8,N
SYSTEM,BAK_ALM_DETAMOVI_16112022,10,COSTUNIT,NUMBER,22,18,8,N
SYSTEM,BAK_ALM_DETAMOVI_16112022,11,USUACREA,VARCHAR2,20,,,N
SYSTEM,BAK_ALM_DETAMOVI_16112022,12,FECHCREA,DATE,7,,,N
SYSTEM,BAK_ALM_DETAMOVI_16112022,13,CMPR_ALCANCE,NUMBER,22,1,0,Y
SYSTEM,BAK_ALM_DETAMOVI_16112022,14,CMPR_NUMERO,NUMBER,22,10,0,Y
SYSTEM,BAK_ALM_DETAMOVI_16112022,15,CMPR_CEDURUC,VARCHAR2,13,,,Y
SYSTEM,BAK_ALM_DETAMOVI_16112022,16,CMPR_COMPANIA,VARCHAR2,10,,,Y
SYSTEM,BAK_ALM_DETAMOVI_16112022,17,CMPR_SERIE,VARCHAR2,6,,,Y
SYSTEM,BAK_ALM_DETAMOVI_16112022,18,ENSA_NUMERO,VARCHAR2,10,,,Y
SYSTEM,BAK_ALM_DETAMOVI_16112022,19,ENSA_COMPANIA,VARCHAR2,10,,,Y
SYSTEM,BAK_ALM_DETAMOVI_16112022,20,ENSA_OFICINA,VARCHAR2,3,,,Y
SYSTEM,BAK_ALM_DETAMOVI_16112022,21,ENSA_TIPODOCU,VARCHAR2,2,,,Y
SYSTEM,BAK_ALM_DETAMOVI_16112022,22,IMPT_NUMEIMPO,NUMBER,22,10,0,Y
SYSTEM,BAK_ALM_DETAMOVI_16112022,23,IMPT_COMPANIA,VARCHAR2,10,,,Y
SYSTEM,BAK_ALM_DETAMOVI_16112022,24,IMPT_OFICINA,VARCHAR2,3,,,Y
SYSTEM,BAK_ALM_DETAMOVI_16112022,25,NCCL_NUMERO,VARCHAR2,10,,,Y
SYSTEM,BAK_ALM_DETAMOVI_16112022,26,NCCL_COMPANIA,VARCHAR2,10,,,Y
SYSTEM,BAK_ALM_DETAMOVI_16112022,27,NCCL_OFICINA,VARCHAR2,3,,,Y
SYSTEM,BAK_ALM_DETAMOVI_16112022,28,NCCL_SERIE,VARCHAR2,6,,,Y
SYSTEM,BAK_ALM_DETAMOVI_16112022,29,NCPR_ALCANCE,NUMBER,22,1,0,Y
SYSTEM,BAK_ALM_DETAMOVI_16112022,30,NCPR_NUMERO,VARCHAR2,10,,,Y
SYSTEM,BAK_ALM_DETAMOVI_16112022,31,NCPR_CEDURUC,VARCHAR2,13,,,Y
SYSTEM,BAK_ALM_DETAMOVI_16112022,32,NCPR_COMPANIA,VARCHAR2,10,,,Y
SYSTEM,BAK_ALM_DETAMOVI_16112022,33,NCPR_SERIE,VARCHAR2,6,,,Y
SYSTEM,BAK_ALM_DETAMOVI_16112022,34,VNTA_NUMERO,NUMBER,22,10,0,Y
SYSTEM,BAK_ALM_DETAMOVI_16112022,35,VNTA_COMPANIA,VARCHAR2,10,,,Y
SYSTEM,BAK_ALM_DETAMOVI_16112022,36,VNTA_OFICINA,VARCHAR2,3,,,Y
SYSTEM,BAK_ALM_DETAMOVI_16112022,37,VNTA_SERIE,VARCHAR2,6,,,Y
SYSTEM,BAK_ALM_DETAMOVI_16112022,38,PORCDESC,NUMBER,22,10,6,Y
SYSTEM,BAK_ALM_DETAMOVI_16112022,39,FACTIMPO,NUMBER,22,10,6,Y
SYSTEM,BAK_ALM_DETAMOVI_16112022,40,TASAIVA,NUMBER,22,7,0,Y
SYSTEM,BAK_ALM_DETAMOVI_16112022,41,TASAICE,NUMBER,22,7,4,Y
SYSTEM,BAK_ALM_DETAMOVI_16112022,42,OBS,VARCHAR2,600,,,Y
SYSTEM,BAK_ALM_DETAMOVI_16112022,43,FECHACTU,DATE,7,,,Y
SYSTEM,BAK_ALM_DETAMOVI_16112022,44,USUACTUA,VARCHAR2,20,,,Y
SYSTEM,BAK_ALM_DETAMOVI_16112022,45,MODINUME,NUMBER,22,10,0,Y
SYSTEM,BAK_ALM_DETAMOVI_16112022,46,MODISERIE,VARCHAR2,6,,,Y
SYSTEM,BAK_ALM_DETAMOVI_16112022,47,TIPOMOVI,VARCHAR2,3,,,Y
SYSTEM,BAK_ALM_DETAMOVI_16112022,48,SECC_CODIBODE,VARCHAR2,5,,,N
SYSTEM,BAK_ALM_DETAMOVI_16112022,49,SECC_COMPANIA,VARCHAR2,10,,,N
SYSTEM,BAK_ALM_DETAMOVI_16112022,50,SECC_CODISECC,VARCHAR2,4,,,N
SYSTEM,BAK_ALM_DETAMOVI_16112022,51,SECC_OFICINA,VARCHAR2,3,,,N
SYSTEM,BAK_ALM_DETAMOVI_16112022,52,ARTL_CODIGRUP,VARCHAR2,20,,,N
SYSTEM,BAK_ALM_DETAMOVI_16112022,53,ARTL_CLASE,VARCHAR2,20,,,N
SYSTEM,BAK_ALM_DETAMOVI_16112022,54,ARTL_COMPANIA,VARCHAR2,10,,,N
SYSTEM,BAK_ALM_DETAMOVI_16112022,55,ARTL_ARTICULO,VARCHAR2,30,,,N
SYSTEM,BAK_ALM_DETAMOVI_16112022,56,PROMOCION,VARCHAR2,1,,,N
SYSTEM,BAK_ALM_DETAMOVI_16112022,57,PRORATEO,VARCHAR2,1,,,N
SYSTEM,BAK_ALM_DETAMOVI_16112022,58,DCAM_DCAM_ID,NUMBER,22,10,0,Y
SYSTEM,BAK_ALM_DETAMOVI_16112022,59,FACTUTIL,NUMBER,22,10,6,Y
SYSTEM,BAK_ALM_DETAMOVI_16112022,60,COSTANTE,NUMBER,22,18,8,Y
SYSTEM,BAK_ALM_DETAMOVI_16112022,61,VNTA_TIPOCOMP,VARCHAR2,2,,,Y
SYSTEM,BAK_ALM_DETAMOVI_16112022,62,VALORFOB,NUMBER,22,18,6,Y
SYSTEM,BAK_ALM_DETAMOVI_16112022,63,VALDESC,NUMBER,22,18,6,N
SYSTEM,BAK_ALM_DETAMOVI_16112022,64,LSPR_LSPR_ID,NUMBER,22,10,0,Y
SYSTEM,BAK_ALM_DETAMOVI_16112022,65,DTMV_DTMV_ID,NUMBER,22,10,0,Y
SYSTEM,BAK_ALM_DETAMOVI_16112022,66,RCTA_RCTA_ID,NUMBER,22,10,0,Y
SYSTEM,BAK_ALM_DETAMOVI_16112022,67,UMED_UNIDMEDI_CAJA,VARCHAR2,5,,,Y
SYSTEM,BAK_ALM_DETAMOVI_16112022,68,VALOADIC,NUMBER,22,18,6,Y
SYSTEM,BAK_ALM_DETAMOVI_16112022,69,NANDINA,VARCHAR2,30,,,Y
SYSTEM,BAK_ALM_DETAMOVI_16112022,70,CANTITEM,NUMBER,22,16,6,Y
SYSTEM,BAK_ALM_DETAMOVI_16112022,71,NUMEAGRU,NUMBER,22,3,0,Y
SYSTEM,BAK_ALM_DETAMOVI_16112022,72,CANTPERD,NUMBER,22,16,6,Y
SYSTEM,BAK_ALM_DETAMOVI_16112022,73,NUMBER1,NUMBER,22,,,Y
SYSTEM,BAK_ALM_DETAMOVI_16112022,74,NUMBER2,NUMBER,22,,,Y
SYSTEM,BAK_ALM_DETAMOVI_16112022,75,NUMBER3,NUMBER,22,,,Y
SYSTEM,BAK_ALM_DETAMOVI_16112022,76,NUMBER4,NUMBER,22,,,Y
SYSTEM,BAK_ALM_DETAMOVI_16112022,77,NUMBER5,NUMBER,22,,,Y
SYSTEM,BAK_ALM_DETAMOVI_16112022,78,VCHAR1,VARCHAR2,500,,,Y
SYSTEM,BAK_ALM_DETAMOVI_16112022,79,VCHAR2,VARCHAR2,500,,,Y
SYSTEM,BAK_ALM_DETAMOVI_16112022,80,VCHAR3,VARCHAR2,500,,,Y
SYSTEM,BAK_ALM_DETAMOVI_16112022,81,VCHAR4,VARCHAR2,500,,,Y
SYSTEM,BAK_ALM_DETAMOVI_16112022,82,VCHAR5,VARCHAR2,500,,,Y
SYSTEM,BAK_ALM_DETAMOVI_2182023_951AM,1,ENTRSALI,VARCHAR2,1,,,N
SYSTEM,BAK_ALM_DETAMOVI_2182023_951AM,2,ADJUVEND,NUMBER,22,12,6,Y
SYSTEM,BAK_ALM_DETAMOVI_2182023_951AM,3,DTMV_ID,NUMBER,22,10,0,N
SYSTEM,BAK_ALM_DETAMOVI_2182023_951AM,4,UMED_UNIDMEDI,VARCHAR2,5,,,N
SYSTEM,BAK_ALM_DETAMOVI_2182023_951AM,5,VALOR,NUMBER,22,20,8,N
SYSTEM,BAK_ALM_DETAMOVI_2182023_951AM,6,CANTIDAD,NUMBER,22,16,6,N
SYSTEM,BAK_ALM_DETAMOVI_2182023_951AM,7,CANTSOLI,NUMBER,22,16,6,Y
SYSTEM,BAK_ALM_DETAMOVI_2182023_951AM,8,CANTASIG,NUMBER,22,16,6,Y
SYSTEM,BAK_ALM_DETAMOVI_2182023_951AM,9,PRECUNIT,NUMBER,22,20,8,N
SYSTEM,BAK_ALM_DETAMOVI_2182023_951AM,10,COSTUNIT,NUMBER,22,18,8,N
SYSTEM,BAK_ALM_DETAMOVI_2182023_951AM,11,USUACREA,VARCHAR2,20,,,N
SYSTEM,BAK_ALM_DETAMOVI_2182023_951AM,12,FECHCREA,DATE,7,,,N
SYSTEM,BAK_ALM_DETAMOVI_2182023_951AM,13,CMPR_ALCANCE,NUMBER,22,1,0,Y
SYSTEM,BAK_ALM_DETAMOVI_2182023_951AM,14,CMPR_NUMERO,NUMBER,22,10,0,Y
SYSTEM,BAK_ALM_DETAMOVI_2182023_951AM,15,CMPR_CEDURUC,VARCHAR2,13,,,Y
SYSTEM,BAK_ALM_DETAMOVI_2182023_951AM,16,CMPR_COMPANIA,VARCHAR2,10,,,Y
SYSTEM,BAK_ALM_DETAMOVI_2182023_951AM,17,CMPR_SERIE,VARCHAR2,6,,,Y
SYSTEM,BAK_ALM_DETAMOVI_2182023_951AM,18,ENSA_NUMERO,VARCHAR2,10,,,Y
SYSTEM,BAK_ALM_DETAMOVI_2182023_951AM,19,ENSA_COMPANIA,VARCHAR2,10,,,Y
SYSTEM,BAK_ALM_DETAMOVI_2182023_951AM,20,ENSA_OFICINA,VARCHAR2,3,,,Y
SYSTEM,BAK_ALM_DETAMOVI_2182023_951AM,21,ENSA_TIPODOCU,VARCHAR2,2,,,Y
SYSTEM,BAK_ALM_DETAMOVI_2182023_951AM,22,IMPT_NUMEIMPO,NUMBER,22,10,0,Y
SYSTEM,BAK_ALM_DETAMOVI_2182023_951AM,23,IMPT_COMPANIA,VARCHAR2,10,,,Y
SYSTEM,BAK_ALM_DETAMOVI_2182023_951AM,24,IMPT_OFICINA,VARCHAR2,3,,,Y
SYSTEM,BAK_ALM_DETAMOVI_2182023_951AM,25,NCCL_NUMERO,VARCHAR2,10,,,Y
SYSTEM,BAK_ALM_DETAMOVI_2182023_951AM,26,NCCL_COMPANIA,VARCHAR2,10,,,Y
SYSTEM,BAK_ALM_DETAMOVI_2182023_951AM,27,NCCL_OFICINA,VARCHAR2,3,,,Y
SYSTEM,BAK_ALM_DETAMOVI_2182023_951AM,28,NCCL_SERIE,VARCHAR2,6,,,Y
SYSTEM,BAK_ALM_DETAMOVI_2182023_951AM,29,NCPR_ALCANCE,NUMBER,22,1,0,Y
SYSTEM,BAK_ALM_DETAMOVI_2182023_951AM,30,NCPR_NUMERO,VARCHAR2,10,,,Y
SYSTEM,BAK_ALM_DETAMOVI_2182023_951AM,31,NCPR_CEDURUC,VARCHAR2,13,,,Y
SYSTEM,BAK_ALM_DETAMOVI_2182023_951AM,32,NCPR_COMPANIA,VARCHAR2,10,,,Y
SYSTEM,BAK_ALM_DETAMOVI_2182023_951AM,33,NCPR_SERIE,VARCHAR2,6,,,Y
SYSTEM,BAK_ALM_DETAMOVI_2182023_951AM,34,VNTA_NUMERO,NUMBER,22,10,0,Y
SYSTEM,BAK_ALM_DETAMOVI_2182023_951AM,35,VNTA_COMPANIA,VARCHAR2,10,,,Y
SYSTEM,BAK_ALM_DETAMOVI_2182023_951AM,36,VNTA_OFICINA,VARCHAR2,3,,,Y
SYSTEM,BAK_ALM_DETAMOVI_2182023_951AM,37,VNTA_SERIE,VARCHAR2,6,,,Y
SYSTEM,BAK_ALM_DETAMOVI_2182023_951AM,38,PORCDESC,NUMBER,22,10,6,Y
SYSTEM,BAK_ALM_DETAMOVI_2182023_951AM,39,FACTIMPO,NUMBER,22,10,6,Y
SYSTEM,BAK_ALM_DETAMOVI_2182023_951AM,40,TASAIVA,NUMBER,22,7,0,Y
SYSTEM,BAK_ALM_DETAMOVI_2182023_951AM,41,TASAICE,NUMBER,22,7,4,Y
SYSTEM,BAK_ALM_DETAMOVI_2182023_951AM,42,OBS,VARCHAR2,600,,,Y
SYSTEM,BAK_ALM_DETAMOVI_2182023_951AM,43,FECHACTU,DATE,7,,,Y
SYSTEM,BAK_ALM_DETAMOVI_2182023_951AM,44,USUACTUA,VARCHAR2,20,,,Y
SYSTEM,BAK_ALM_DETAMOVI_2182023_951AM,45,MODINUME,NUMBER,22,10,0,Y
SYSTEM,BAK_ALM_DETAMOVI_2182023_951AM,46,MODISERIE,VARCHAR2,6,,,Y
SYSTEM,BAK_ALM_DETAMOVI_2182023_951AM,47,TIPOMOVI,VARCHAR2,3,,,Y
SYSTEM,BAK_ALM_DETAMOVI_2182023_951AM,48,SECC_CODIBODE,VARCHAR2,5,,,N
SYSTEM,BAK_ALM_DETAMOVI_2182023_951AM,49,SECC_COMPANIA,VARCHAR2,10,,,N
SYSTEM,BAK_ALM_DETAMOVI_2182023_951AM,50,SECC_CODISECC,VARCHAR2,4,,,N
SYSTEM,BAK_ALM_DETAMOVI_2182023_951AM,51,SECC_OFICINA,VARCHAR2,3,,,N
SYSTEM,BAK_ALM_DETAMOVI_2182023_951AM,52,ARTL_CODIGRUP,VARCHAR2,20,,,N
SYSTEM,BAK_ALM_DETAMOVI_2182023_951AM,53,ARTL_CLASE,VARCHAR2,20,,,N
SYSTEM,BAK_ALM_DETAMOVI_2182023_951AM,54,ARTL_COMPANIA,VARCHAR2,10,,,N
SYSTEM,BAK_ALM_DETAMOVI_2182023_951AM,55,ARTL_ARTICULO,VARCHAR2,30,,,N
SYSTEM,BAK_ALM_DETAMOVI_2182023_951AM,56,PROMOCION,VARCHAR2,1,,,N
SYSTEM,BAK_ALM_DETAMOVI_2182023_951AM,57,PRORATEO,VARCHAR2,1,,,N
SYSTEM,BAK_ALM_DETAMOVI_2182023_951AM,58,DCAM_DCAM_ID,NUMBER,22,10,0,Y
SYSTEM,BAK_ALM_DETAMOVI_2182023_951AM,59,FACTUTIL,NUMBER,22,10,6,Y
SYSTEM,BAK_ALM_DETAMOVI_2182023_951AM,60,COSTANTE,NUMBER,22,18,8,Y
SYSTEM,BAK_ALM_DETAMOVI_2182023_951AM,61,VNTA_TIPOCOMP,VARCHAR2,2,,,Y
SYSTEM,BAK_ALM_DETAMOVI_2182023_951AM,62,VALORFOB,NUMBER,22,20,8,Y
SYSTEM,BAK_ALM_DETAMOVI_2182023_951AM,63,VALDESC,NUMBER,22,18,6,N
SYSTEM,BAK_ALM_DETAMOVI_2182023_951AM,64,LSPR_LSPR_ID,NUMBER,22,10,0,Y
SYSTEM,BAK_ALM_DETAMOVI_2182023_951AM,65,DTMV_DTMV_ID,NUMBER,22,10,0,Y
SYSTEM,BAK_ALM_DETAMOVI_2182023_951AM,66,RCTA_RCTA_ID,NUMBER,22,10,0,Y
SYSTEM,BAK_ALM_DETAMOVI_2182023_951AM,67,UMED_UNIDMEDI_CAJA,VARCHAR2,5,,,Y
SYSTEM,BAK_ALM_DETAMOVI_2182023_951AM,68,VALOADIC,NUMBER,22,18,6,Y
SYSTEM,BAK_ALM_DETAMOVI_2182023_951AM,69,NANDINA,VARCHAR2,30,,,Y
SYSTEM,BAK_ALM_DETAMOVI_2182023_951AM,70,CANTITEM,NUMBER,22,16,6,Y
SYSTEM,BAK_ALM_DETAMOVI_2182023_951AM,71,NUMEAGRU,NUMBER,22,3,0,Y
SYSTEM,BAK_ALM_DETAMOVI_2182023_951AM,72,CANTPERD,NUMBER,22,16,6,Y
SYSTEM,BAK_ALM_DETAMOVI_2182023_951AM,73,NUMBER1,NUMBER,22,,,Y
SYSTEM,BAK_ALM_DETAMOVI_2182023_951AM,74,NUMBER2,NUMBER,22,,,Y
SYSTEM,BAK_ALM_DETAMOVI_2182023_951AM,75,NUMBER3,NUMBER,22,,,Y
SYSTEM,BAK_ALM_DETAMOVI_2182023_951AM,76,NUMBER4,NUMBER,22,,,Y
SYSTEM,BAK_ALM_DETAMOVI_2182023_951AM,77,NUMBER5,NUMBER,22,,,Y
SYSTEM,BAK_ALM_DETAMOVI_2182023_951AM,78,VCHAR1,VARCHAR2,500,,,Y
SYSTEM,BAK_ALM_DETAMOVI_2182023_951AM,79,VCHAR2,VARCHAR2,500,,,Y
SYSTEM,BAK_ALM_DETAMOVI_2182023_951AM,80,VCHAR3,VARCHAR2,500,,,Y
SYSTEM,BAK_ALM_DETAMOVI_2182023_951AM,81,VCHAR4,VARCHAR2,500,,,Y
SYSTEM,BAK_ALM_DETAMOVI_2182023_951AM,82,VCHAR5,VARCHAR2,500,,,Y
SYSTEM,BAK_ALM_DETAMOVI_2182023_951AM,83,ICESPECI,NUMBER,22,16,4,Y
SYSTEM,BAK_ALM_DETAMOVI_2182023_951AM,84,BASEICE,NUMBER,22,16,4,Y
SYSTEM,BAK_ALM_DETAMOVI_2182023_951AM,85,ADVALOREN,NUMBER,22,16,4,Y
SYSTEM,BAK_ALM_DETAMOVI_2182023_951AM,86,VALORICE,NUMBER,22,16,4,Y
SYSTEM,BAK_ALM_DETAMOVI_2182023_951AM,87,DREQ_DREQ_ID,NUMBER,22,10,0,Y
SYSTEM,BAK_ALM_DETAMOVI_2182023_951AM,88,COMBO,VARCHAR2,1,,,N
SYSTEM,BAK_ALM_TMPDETALOTE21082023,1,TDLT_ID,NUMBER,22,10,0,N
SYSTEM,BAK_ALM_TMPDETALOTE21082023,2,CANTPARC,NUMBER,22,16,6,N
SYSTEM,BAK_ALM_TMPDETALOTE21082023,3,FECHCREA,DATE,7,,,N
SYSTEM,BAK_ALM_TMPDETALOTE21082023,4,USUACREA,VARCHAR2,20,,,N
SYSTEM,BAK_ALM_TMPDETALOTE21082023,5,FECHACTU,DATE,7,,,Y
SYSTEM,BAK_ALM_TMPDETALOTE21082023,6,USUACTUA,VARCHAR2,20,,,Y
SYSTEM,BAK_ALM_TMPDETALOTE21082023,7,LOTE_NUMELOTE,VARCHAR2,20,,,N
SYSTEM,BAK_ALM_TMPDETALOTE21082023,8,LOTE_COMPANIA,VARCHAR2,10,,,N
SYSTEM,BAK_ALM_TMPDETALOTE21082023,9,DXML_DXML_ID,NUMBER,22,10,0,Y
SYSTEM,BAK_ALM_TMPDETALOTE21082023,10,DPR_DPR_ID,NUMBER,22,10,0,Y
SYSTEM,BAK_ALM_TMPDETALOTE21082023,11,FVENLOTE,DATE,7,,,Y
SYSTEM,BAK_ALM_TMPDETALOTE21082023,12,LOTE_ALCANCE,NUMBER,22,10,0,N
SYSTEM,BAK_AUX_VENTASFAMP,1,FACTURA,VARCHAR2,50,,,Y
SYSTEM,BAK_AUX_VENTASFAMP,2,SERIE,VARCHAR2,50,,,Y
SYSTEM,BAK_AUX_VENTASFAMP,3,TIPOVENTA,VARCHAR2,50,,,Y
SYSTEM,BAK_AUX_VENTASFAMP,4,TIPO,VARCHAR2,50,,,Y
SYSTEM,BAK_AUX_VENTASFAMP,5,EJERCICIO,VARCHAR2,50,,,Y
SYSTEM,BAK_AUX_VENTASFAMP,6,PERIODO,VARCHAR2,50,,,Y
SYSTEM,BAK_AUX_VENTASFAMP,7,CODIGOCLIENTE,VARCHAR2,50,,,Y
SYSTEM,BAK_AUX_VENTASFAMP,8,RAZONSOCIAL,VARCHAR2,300,,,Y
SYSTEM,BAK_AUX_VENTASFAMP,9,RUC,VARCHAR2,50,,,Y
SYSTEM,BAK_AUX_VENTASFAMP,10,FECHA,VARCHAR2,50,,,Y
SYSTEM,BAK_AUX_VENTASFAMP,11,SUBTOTAL,NUMBER,22,,,Y
SYSTEM,BAK_AUX_VENTASFAMP,12,TOTAL,NUMBER,22,,,Y
SYSTEM,BAK_AUX_VENTASFAMP,13,CODIGOVENDEDOR,VARCHAR2,50,,,Y
SYSTEM,BAK_AUX_VENTASFAMP,14,CODIGOCREDITO,VARCHAR2,50,,,Y
SYSTEM,BAK_AUX_VENTASFAMP,15,CODIGOBODEGA,VARCHAR2,50,,,Y
SYSTEM,BAK_AUX_VENTASFAMP,16,CODIGOPRODUCTO,VARCHAR2,50,,,Y
SYSTEM,BAK_AUX_VENTASFAMP,17,PRODUCTO,VARCHAR2,300,,,Y
SYSTEM,BAK_AUX_VENTASFAMP,18,CODIGOUNIDAD,VARCHAR2,50,,,Y
SYSTEM,BAK_AUX_VENTASFAMP,19,CANTIDAD,NUMBER,22,,,Y
SYSTEM,BAK_AUX_VENTASFAMP,20,TOTALRENGLON,NUMBER,22,,,Y
SYSTEM,BAK_AUX_VENTASFAMP,21,ESTADO,VARCHAR2,50,,,Y
SYSTEM,CLI_ACTIVCLIEN,1,NTRL_COMPANIA,VARCHAR2,10,,,N
SYSTEM,CLI_ACTIVCLIEN,2,NTRL_IDCLIENTE,NUMBER,22,10,0,N
SYSTEM,CLI_ACTIVCLIEN,3,TIPOACTI,VARCHAR2,1,,,N
SYSTEM,CLI_ACTIVCLIEN,4,NOMBEMP,VARCHAR2,60,,,Y
SYSTEM,CLI_ACTIVCLIEN,5,CARGO,VARCHAR2,30,,,Y
SYSTEM,CLI_ACTIVCLIEN,6,ANIOANTIG,NUMBER,22,3,0,Y
SYSTEM,CLI_ACTIVCLIEN,7,MESANTIG,NUMBER,22,2,0,Y
SYSTEM,CLI_ACTIVCLIEN,8,EMAIL,VARCHAR2,50,,,Y
SYSTEM,CLI_ACTIVCLIEN,9,SUELDO,NUMBER,22,16,2,Y
SYSTEM,CLI_ACTIVCLIEN,10,CIUDAD,VARCHAR2,20,,,Y
SYSTEM,CLI_ACTIVCLIEN,11,DIRECCIO,VARCHAR2,60,,,Y
SYSTEM,CLI_ACTIVCLIEN,12,TELEFONO,VARCHAR2,20,,,Y
SYSTEM,CLI_ACTIVCLIEN,13,OBSEINVE,VARCHAR2,200,,,Y
SYSTEM,CLI_ACTIVCLIEN,14,VIGENTE,VARCHAR2,1,,,Y
SYSTEM,CLI_ACTIVCLIEN,15,ESTADO,VARCHAR2,1,,,Y
SYSTEM,CLI_ACTIVCLIEN,16,FECHINVE,DATE,7,,,Y
SYSTEM,CLI_ACTIVCLIEN,17,PRINCIPA,VARCHAR2,1,,,Y
SYSTEM,CLI_ACTIVCLIEN,18,TIPOEMPL,VARCHAR2,20,,,Y
SYSTEM,CLI_ACTIVCLIEN,19,ACTI_ID,NUMBER,22,10,0,N
SYSTEM,CLI_ACTIVCLIEN,20,FECHCREA,DATE,7,,,N
SYSTEM,CLI_ACTIVCLIEN,21,USUACREA,VARCHAR2,20,,,N
SYSTEM,CLI_ACTIVCLIEN,22,FECHACTU,DATE,7,,,Y
SYSTEM,CLI_ACTIVCLIEN,23,USUACTUA,VARCHAR2,20,,,Y
SYSTEM,CLI_DETAINGEGR,1,TIPOINEG,VARCHAR2,5,,,N
SYSTEM,CLI_DETAINGEGR,2,DESCRIPC,VARCHAR2,30,,,N
SYSTEM,CLI_DETAINGEGR,3,FECHCREA,DATE,7,,,N
SYSTEM,CLI_DETAINGEGR,4,USUACREA,VARCHAR2,20,,,N
SYSTEM,CLI_DETAINGEGR,5,FECHACTU,DATE,7,,,Y
SYSTEM,CLI_DETAINGEGR,6,USUACTUA,VARCHAR2,20,,,Y
SYSTEM,CLI_DETALINE,1,LNCR_COMPANIA,VARCHAR2,10,,,N
SYSTEM,CLI_DETALINE,2,LNCR_IDCLIENTE,NUMBER,22,10,0,N
SYSTEM,CLI_DETALINE,3,FECHREVI,DATE,7,,,N
SYSTEM,CLI_DETALINE,4,DTLN_ID,NUMBER,22,10,0,N
SYSTEM,CLI_DETALINE,5,FECHCREA,DATE,7,,,N
SYSTEM,CLI_DETALINE,6,USUACREA,VARCHAR2,20,,,N
SYSTEM,CLI_DETALINE,7,FECHACTU,DATE,7,,,Y
SYSTEM,CLI_DETALINE,8,USUACTUA,VARCHAR2,20,,,Y
SYSTEM,CLI_DETAVISITA,1,DTVS_ID,NUMBER,22,10,0,N
SYSTEM,CLI_DETAVISITA,2,COMP,VARCHAR2,10,,,N
SYSTEM,CLI_DETAVISITA,3,OFIC,VARCHAR2,10,,,N
SYSTEM,CLI_DETAVISITA,4,CLIE,VARCHAR2,10,,,N
SYSTEM,CLI_DETAVISITA,5,VEND,VARCHAR2,10,,,N
SYSTEM,CLI_DETAVISITA,6,FECHA,DATE,7,,,N
SYSTEM,CLI_DETAVISITA,7,PROXFECHA,DATE,7,,,N
SYSTEM,CLI_DETAVISITA,8,DETALLES,VARCHAR2,200,,,N
SYSTEM,CLIENTE_AUX,1,ID,NUMBER,22,,,Y
SYSTEM,CLIENTE_AUX,2,CEDULA,VARCHAR2,13,,,Y
SYSTEM,CLIENTE_AUX,3,NOMBRE,VARCHAR2,500,,,Y
SYSTEM,CLI_PROPICLIEN,1,NTRL_COMPANIA,VARCHAR2,10,,,N
SYSTEM,CLI_PROPICLIEN,2,NTRL_IDCLIENTE,NUMBER,22,10,0,N
SYSTEM,CLI_PROPICLIEN,3,DIRECCION,VARCHAR2,200,,,N
SYSTEM,CLI_PROPICLIEN,4,AREATERR,VARCHAR2,20,,,Y
SYSTEM,CLI_PROPICLIEN,5,M2CONSTR,VARCHAR2,20,,,Y
SYSTEM,CLI_PROPICLIEN,6,AVALUO,NUMBER,22,15,2,N
SYSTEM,CLI_PROPICLIEN,7,HIPOTECA,VARCHAR2,1,,,Y
SYSTEM,CLI_PROPICLIEN,8,PRCL_ID,NUMBER,22,10,0,N
SYSTEM,CLI_PROPICLIEN,9,FECHCREA,DATE,7,,,N
SYSTEM,CLI_PROPICLIEN,10,USUACREA,VARCHAR2,20,,,N
SYSTEM,CLI_PROPICLIEN,11,FECHACTU,DATE,7,,,Y
SYSTEM,CLI_PROPICLIEN,12,USUACTUA,VARCHAR2,20,,,Y
SYSTEM,CNT_DETASIENTO,1,ASTO_COMPANIA,VARCHAR2,10,,,N
SYSTEM,CNT_DETASIENTO,2,ASTO_NUMEDIAR,NUMBER,22,10,0,N
SYSTEM,CNT_DETASIENTO,3,CTAS_CODIGO,VARCHAR2,30,,,N
SYSTEM,CNT_DETASIENTO,4,CTAS_CATALOGO,VARCHAR2,2,,,N
SYSTEM,CNT_DETASIENTO,5,CTAS_COMPANIA,VARCHAR2,10,,,N
SYSTEM,CNT_DETASIENTO,6,TIPO,VARCHAR2,1,,,N
SYSTEM,CNT_DETASIENTO,7,VALOR,NUMBER,22,15,2,N
SYSTEM,CNT_DETASIENTO,8,DAST_ID,NUMBER,22,10,0,N
SYSTEM,CNT_DETASIENTO,9,FECHCREA,DATE,7,,,N
SYSTEM,CNT_DETASIENTO,10,USUACREA,VARCHAR2,20,,,N
SYSTEM,CNT_DETASIENTO,11,FECHACTU,DATE,7,,,Y
SYSTEM,CNT_DETASIENTO,12,USUACTUA,VARCHAR2,20,,,Y
SYSTEM,CNT_DETASIENTO,13,CCST_OFICINA,VARCHAR2,3,,,Y
SYSTEM,CNT_DETASIENTO,14,CCST_CODIGO,VARCHAR2,10,,,Y
SYSTEM,CNT_DETASIENTO,15,CCST_COMPANIA,VARCHAR2,10,,,Y
SYSTEM,CNT_DETASIENTO,16,VALORAUX,NUMBER,22,18,6,Y
SYSTEM,CNT_DETASIENTO,17,DAST_DAST_ID,NUMBER,22,10,0,Y
SYSTEM,CNT_DETASIENTO,18,VCHAR1,VARCHAR2,400,,,Y
SYSTEM,CNT_DETASIENTO,19,VCHAR2,VARCHAR2,400,,,Y
SYSTEM,CNT_DETASIENTO,20,VCHAR3,VARCHAR2,400,,,Y
SYSTEM,CNT_DETASIENTO,21,VCHAR4,VARCHAR2,400,,,Y
SYSTEM,CNT_DETASIENTO,22,VCHAR5,VARCHAR2,400,,,Y
SYSTEM,CNT_DETASIENTO,23,NUMBER1,NUMBER,22,,,Y
SYSTEM,CNT_DETASIENTO,24,NUMBER2,NUMBER,22,,,Y
SYSTEM,CNT_DETASIENTO,25,NUMBER3,NUMBER,22,,,Y
SYSTEM,CNT_DETASIENTO,26,NUMBER4,NUMBER,22,,,Y
SYSTEM,CNT_DETASIENTO,27,NUMBER5,NUMBER,22,,,Y
SYSTEM,CNT_DETIPIMP,1,DTIP_ID,NUMBER,22,10,0,N
SYSTEM,CNT_DETIPIMP,2,CODSRI,VARCHAR2,10,,,N
SYSTEM,CNT_DETIPIMP,3,PORCENTA,NUMBER,22,,,N
SYSTEM,CNT_DETIPIMP,4,DESCRIPC,VARCHAR2,150,,,Y
SYSTEM,CNT_DETIPIMP,5,USUACREA,VARCHAR2,20,,,N
SYSTEM,CNT_DETIPIMP,6,FECHCREA,DATE,7,,,N
SYSTEM,CNT_DETIPIMP,7,USUACTUA,VARCHAR2,20,,,Y
SYSTEM,CNT_DETIPIMP,8,FECHACTU,DATE,7,,,Y
SYSTEM,CNT_DETIPIMP,9,TPIM_TIPOIMPU,VARCHAR2,5,,,N
SYSTEM,CNT_DETIPIMP,10,VIGENTE,VARCHAR2,1,,,N
SYSTEM,CNT_DETIPIMP,11,IMPRIME,VARCHAR2,1,,,N
SYSTEM,COB_DETACHEQ,1,DCHE_ID,NUMBER,22,10,0,N
SYSTEM,COB_DETACHEQ,2,VALOR,NUMBER,22,16,2,N
SYSTEM,COB_DETACHEQ,3,PLCB_PLCB_ID,NUMBER,22,10,0,N
SYSTEM,COB_DETACHEQ,4,CHQE_CHQE_ID,NUMBER,22,10,0,N
SYSTEM,COB_DETACHEQ,5,EGEN_ESTADO,VARCHAR2,2,,,N
SYSTEM,COB_DETACHEQ,6,USUACREA,VARCHAR2,20,,,N
SYSTEM,COB_DETACHEQ,7,FECHCREA,DATE,7,,,N
SYSTEM,COB_DETACHEQ,8,FECHACTU,DATE,7,,,Y
SYSTEM,COB_DETACHEQ,9,USUACTUA,VARCHAR2,20,,,Y
SYSTEM,COB_DETACOBRO,1,DTCB_ID,NUMBER,22,10,0,N
SYSTEM,COB_DETACOBRO,2,ASTO_COMPANIA,VARCHAR2,10,,,N
SYSTEM,COB_DETACOBRO,3,ASTO_NUMEDIAR,NUMBER,22,10,0,N
SYSTEM,COB_DETACOBRO,4,EGEN_ESTADO,VARCHAR2,2,,,N
SYSTEM,COB_DETACOBRO,5,PLCB_PLCB_ID,NUMBER,22,10,0,N
SYSTEM,COB_DETACOBRO,6,FECHA,DATE,7,,,N
SYSTEM,COB_DETACOBRO,7,FECHACOB,DATE,7,,,N
SYSTEM,COB_DETACOBRO,8,VALOR,NUMBER,22,16,2,N
SYSTEM,COB_DETACOBRO,9,REFER,VARCHAR2,30,,,N
SYSTEM,COB_DETACOBRO,10,USUACREA,VARCHAR2,20,,,N
SYSTEM,COB_DETACOBRO,11,FECHCREA,DATE,7,,,N
SYSTEM,COB_DETACOBRO,12,NCCL_NUMERO,VARCHAR2,10,,,Y
SYSTEM,COB_DETACOBRO,13,NCCL_COMPANIA,VARCHAR2,10,,,Y
SYSTEM,COB_DETACOBRO,14,NCCL_OFICINA,VARCHAR2,3,,,Y
SYSTEM,COB_DETACOBRO,15,NCCL_SERIE,VARCHAR2,6,,,Y
SYSTEM,COB_DETACOBRO,16,RCCB_NUMERO,VARCHAR2,10,,,Y
SYSTEM,COB_DETACOBRO,17,DESCRIPC,VARCHAR2,1000,,,Y
SYSTEM,COB_DETACOBRO,18,CIUDAD,VARCHAR2,30,,,Y
SYSTEM,COB_DETACOBRO,19,USUACTUA,VARCHAR2,20,,,Y
SYSTEM,COB_DETACOBRO,20,FECHACTU,DATE,7,,,Y
SYSTEM,COB_DETACOBRO,21,VALCHEQU,NUMBER,22,16,2,Y
SYSTEM,COB_DETACOBRO,22,VALDEPTR,NUMBER,22,16,2,Y
SYSTEM,COB_DETACOBRO,23,VNDR_COMPANIA,VARCHAR2,10,,,Y
SYSTEM,COB_DETACOBRO,24,VNDR_OFICINA,VARCHAR2,3,,,Y
SYSTEM,COB_DETACOBRO,25,VNDR_CODIGO,VARCHAR2,10,,,Y
SYSTEM,COB_DETACOBRO,26,VALEFECT,NUMBER,22,16,2,Y
SYSTEM,COB_DETACOBRO,27,VALTRANS,NUMBER,22,16,2,Y
SYSTEM,COB_DETACOBRO,28,VABOCAPI,NUMBER,22,18,4,Y
SYSTEM,COB_DETACOBRO,29,VABOINTE,NUMBER,22,18,4,Y
SYSTEM,COB_DETACOBRO,30,PTBN_NUMEOPER,NUMBER,22,,,Y
SYSTEM,COB_DETACOBRO,31,VABOMORA,NUMBER,22,18,4,Y
SYSTEM,COB_DETACOBRO,32,VABORECA,NUMBER,22,22,4,Y
SYSTEM,COB_DETACOBRO,33,VAINTANT,NUMBER,22,,,Y
SYSTEM,COB_DETACOBRO,34,TIPOCAPI,VARCHAR2,2,,,Y
SYSTEM,COB_DETACOBRO,35,BANDA,NUMBER,22,10,0,Y
SYSTEM,COB_DETACOBRO,36,VALOTARJ,NUMBER,22,16,2,Y
SYSTEM,COB_DETACOBRO,37,VALOOTRS,NUMBER,22,16,2,Y
SYSTEM,COB_DETACOBRO,38,VALORETE,NUMBER,22,16,2,Y
SYSTEM,COB_DETACOBRO,39,VALONTCR,NUMBER,22,16,2,Y
SYSTEM,COB_DETACOBRO,40,VCHAR1,VARCHAR2,4000,,,Y
SYSTEM,COB_DETACOBRO,41,VCHAR2,VARCHAR2,4000,,,Y
SYSTEM,COB_DETACOBRO,42,VCHAR3,VARCHAR2,4000,,,Y
SYSTEM,COB_DETACOBRO,43,VCHAR4,VARCHAR2,4000,,,Y
SYSTEM,COB_DETACOBRO,44,VCHAR5,VARCHAR2,4000,,,Y
SYSTEM,COB_DETACOBRO,45,NUMBER1,NUMBER,22,,,Y
SYSTEM,COB_DETACOBRO,46,NUMBER2,NUMBER,22,,,Y
SYSTEM,COB_DETACOBRO,47,NUMBER3,NUMBER,22,,,Y
SYSTEM,COB_DETACOBRO,48,NUMBER4,NUMBER,22,,,Y
SYSTEM,COB_DETACOBRO,49,NUMBER5,NUMBER,22,,,Y
SYSTEM,COB_DETACOBRO,50,VALANTIC,NUMBER,22,16,2,Y
SYSTEM,COB_DETADEBI,1,DDEB_ID,NUMBER,22,10,0,N
SYSTEM,COB_DETADEBI,2,CANTIDAD,NUMBER,22,16,6,N
SYSTEM,COB_DETADEBI,3,PRECUNIT,NUMBER,22,16,4,N
SYSTEM,COB_DETADEBI,4,VALOR,NUMBER,22,20,8,N
SYSTEM,COB_DETADEBI,5,TASAIVA,NUMBER,22,7,0,Y
SYSTEM,COB_DETADEBI,6,OBS,VARCHAR2,600,,,Y
SYSTEM,COB_DETADEBI,7,OTRC_OTRC_ID,NUMBER,22,10,0,Y
SYSTEM,COB_DETADEBI,8,ARTL_ARTICULO,VARCHAR2,30,,,N
SYSTEM,COB_DETADEBI,9,ARTL_CODIGRUP,VARCHAR2,20,,,N
SYSTEM,COB_DETADEBI,10,ARTL_CLASE,VARCHAR2,20,,,N
SYSTEM,COB_DETADEBI,11,ARTL_COMPANIA,VARCHAR2,10,,,N
SYSTEM,COB_DETADEBI,12,USUACREA,VARCHAR2,20,,,N
SYSTEM,COB_DETADEBI,13,FECHCREA,DATE,7,,,N
SYSTEM,COB_DETADEBI,14,FECHACTU,DATE,7,,,Y
SYSTEM,COB_DETADEBI,15,USUACTUA,VARCHAR2,20,,,Y
SYSTEM,COM_DETACOMP,1,CMDT_ID,NUMBER,22,10,0,N
SYSTEM,COM_DETACOMP,2,CODIGO,VARCHAR2,10,,,N
SYSTEM,COM_DETACOMP,3,DESCRIPCION,VARCHAR2,300,,,N
SYSTEM,COM_DETACOMP,4,REFER,VARCHAR2,30,,,Y
SYSTEM,COM_DETACOMP,5,CANTIDAD,NUMBER,22,22,4,N
SYSTEM,COM_DETACOMP,6,PRECUNIT,NUMBER,22,22,4,N
SYSTEM,COM_DETACOMP,7,PORCIVA,NUMBER,22,7,2,N
SYSTEM,COM_DETACOMP,8,MONTOIVA,NUMBER,22,15,2,N
SYSTEM,COM_DETACOMP,9,PORCDESC,NUMBER,22,7,2,N
SYSTEM,COM_DETACOMP,10,VALODESC,NUMBER,22,22,4,N
SYSTEM,COM_DETACOMP,11,VALOR,NUMBER,22,22,4,N
SYSTEM,COM_DETACOMP,12,FECHCREA,DATE,7,,,N
SYSTEM,COM_DETACOMP,13,USUACREA,VARCHAR2,20,,,N
SYSTEM,COM_DETACOMP,14,USUACTUA,VARCHAR2,20,,,Y
SYSTEM,COM_DETACOMP,15,FECHACTU,DATE,7,,,Y
SYSTEM,COM_DETACOMP,16,CMPR_CEDURUC,VARCHAR2,13,,,N
SYSTEM,COM_DETACOMP,17,CMPR_ALCANCE,NUMBER,22,1,0,N
SYSTEM,COM_DETACOMP,18,CMPR_NUMERO,NUMBER,22,10,0,N
SYSTEM,COM_DETACOMP,19,CMPR_SERIE,VARCHAR2,6,,,N
SYSTEM,COM_DETACOMP,20,CMPR_COMPANIA,VARCHAR2,10,,,N
SYSTEM,COM_DETACOMP,21,TPIM_TIPOIMPU,VARCHAR2,5,,,N
SYSTEM,COM_DETACOMP,22,DTIP_DTIP_ID,NUMBER,22,10,0,N
SYSTEM,COM_DETASOLI,1,DTMV_DTMV_ID,NUMBER,22,10,0,N
SYSTEM,COM_DETASOLI,2,CANTIDAD,NUMBER,22,12,6,N
SYSTEM,COM_DETASOLI,3,PRECUNIT,NUMBER,22,16,2,N
SYSTEM,COM_DETASOLI,4,TOTAL,NUMBER,22,16,2,N
SYSTEM,COM_DETASOLI,5,SCOM_SCOM_ID,NUMBER,22,10,0,Y
SYSTEM,COM_DETASOLI,6,DSOL_ID,NUMBER,22,10,0,N
SYSTEM,COM_DETASOLI,7,FECHCREA,DATE,7,,,N
SYSTEM,COM_DETASOLI,8,USUACREA,VARCHAR2,20,,,N
SYSTEM,COM_DETASOLI,9,FECHACTU,DATE,7,,,Y
SYSTEM,COM_DETASOLI,10,USUACTUA,VARCHAR2,20,,,Y
SYSTEM,COM_DETORDCP,1,DTOC_ID,NUMBER,22,10,0,N
SYSTEM,COM_DETORDCP,2,CANTIDAD,NUMBER,22,18,4,N
SYSTEM,COM_DETORDCP,3,PRECUNIT,NUMBER,22,18,4,Y
SYSTEM,COM_DETORDCP,4,OBSERVA,VARCHAR2,100,,,Y
SYSTEM,COM_DETORDCP,5,USUACREA,VARCHAR2,20,,,N
SYSTEM,COM_DETORDCP,6,FECHCREA,DATE,7,,,N
SYSTEM,COM_DETORDCP,7,USUACTUA,VARCHAR2,20,,,Y
SYSTEM,COM_DETORDCP,8,FECHACTU,VARCHAR2,240,,,Y
SYSTEM,COM_DETORDCP,9,ARTL_GRAR_CLASE,VARCHAR2,20,,,N
SYSTEM,COM_DETORDCP,10,ARTL_GRAR_COMPANIA,VARCHAR2,10,,,N
SYSTEM,COM_DETORDCP,11,ARTL_ARTICULO,VARCHAR2,30,,,Y
SYSTEM,COM_DETORDCP,12,ARTL_GRAR_CODIGRUP,VARCHAR2,20,,,N
SYSTEM,COM_DETORDCP,13,ARTL_CLASE,VARCHAR2,20,,,Y
SYSTEM,COM_DETORDCP,14,ARTL_COMPANIA,VARCHAR2,10,,,Y
SYSTEM,COM_DETORDCP,15,ARTL_CODIGRUP,VARCHAR2,20,,,Y
SYSTEM,COM_PLANPAGO,1,PPAG_ID,NUMBER,22,10,0,N
SYSTEM,COM_PLANPAGO,2,NUMECUOT,NUMBER,22,3,0,N
SYSTEM,COM_PLANPAGO,3,VALOCUOT,NUMBER,22,16,2,N
SYSTEM,COM_PLANPAGO,4,OBS,VARCHAR2,400,,,Y
SYSTEM,COM_PLANPAGO,5,TASAINTE,NUMBER,22,7,4,Y
SYSTEM,COM_PLANPAGO,6,CAPITAL,NUMBER,22,16,2,Y
SYSTEM,COM_PLANPAGO,7,DIAS,NUMBER,22,5,0,N
SYSTEM,COM_PLANPAGO,8,INTERES,NUMBER,22,16,2,Y
SYSTEM,COM_PLANPAGO,9,FECHVENC,DATE,7,,,N
SYSTEM,COM_PLANPAGO,10,FECHPAGO,DATE,7,,,Y
SYSTEM,COM_PLANPAGO,11,OTRS_OTRS_ID,NUMBER,22,10,0,Y
SYSTEM,COM_PLANPAGO,12,CMPR_COMPANIA,VARCHAR2,10,,,Y
SYSTEM,COM_PLANPAGO,13,CMPR_CEDURUC,VARCHAR2,13,,,Y
SYSTEM,COM_PLANPAGO,14,CMPR_SERIE,VARCHAR2,6,,,Y
SYSTEM,COM_PLANPAGO,15,CMPR_NUMERO,NUMBER,22,10,0,Y
SYSTEM,COM_PLANPAGO,16,CMPR_ALCANCE,NUMBER,22,1,0,Y
SYSTEM,COM_PLANPAGO,17,EGEN_ESTADO,VARCHAR2,2,,,N
SYSTEM,COM_PLANPAGO,18,FECHCREA,DATE,7,,,N
SYSTEM,COM_PLANPAGO,19,USUACREA,VARCHAR2,20,,,N
SYSTEM,COM_PLANPAGO,20,FECHACTU,DATE,7,,,Y
SYSTEM,COM_PLANPAGO,21,USUACTUA,VARCHAR2,20,,,Y
SYSTEM,COM_TMPCOMPRAS,1,PROV_CEDURUC,VARCHAR2,13,,,N
SYSTEM,COM_TMPCOMPRAS,2,PROV_COMPANIA,VARCHAR2,10,,,N
SYSTEM,COM_TMPCOMPRAS,3,SERIE,VARCHAR2,6,,,N
SYSTEM,COM_TMPCOMPRAS,4,NUMERO,NUMBER,22,10,0,N
SYSTEM,COM_TMPCOMPRAS,5,ALCANCE,NUMBER,22,1,0,N
SYSTEM,COM_TMPCOMPRAS,6,FECHA,DATE,7,,,N
SYSTEM,COM_TMPCOMPRAS,7,FECHEMIS,DATE,7,,,N
SYSTEM,COM_TMPCOMPRAS,8,FECHCANC,DATE,7,,,Y
SYSTEM,COM_TMPCOMPRAS,9,FECHVCTO,DATE,7,,,Y
SYSTEM,COM_TMPCOMPRAS,10,DESCRIPC,VARCHAR2,1000,,,N
SYSTEM,COM_TMPCOMPRAS,11,CENTCOST,VARCHAR2,1,,,Y
SYSTEM,COM_TMPCOMPRAS,12,DESCUEN,NUMBER,22,7,4,N
SYSTEM,COM_TMPCOMPRAS,13,VALODESC,NUMBER,22,16,2,N
SYSTEM,COM_TMPCOMPRAS,14,DEVOLUC,VARCHAR2,1,,,Y
SYSTEM,COM_TMPCOMPRAS,15,FLETE,NUMBER,22,16,2,Y
SYSTEM,COM_TMPCOMPRAS,16,IMPSERVI,NUMBER,22,7,4,Y
SYSTEM,COM_TMPCOMPRAS,17,BASEIVA0,NUMBER,22,16,2,Y
SYSTEM,COM_TMPCOMPRAS,18,BASEIVA,NUMBER,22,16,2,Y
SYSTEM,COM_TMPCOMPRAS,19,OTRCRGB0,NUMBER,22,10,6,Y
SYSTEM,COM_TMPCOMPRAS,20,OTRCRGBI,NUMBER,22,10,6,Y
SYSTEM,COM_TMPCOMPRAS,21,BASEICE,NUMBER,22,16,2,Y
SYSTEM,COM_TMPCOMPRAS,22,TASAIVA,NUMBER,22,7,4,Y
SYSTEM,COM_TMPCOMPRAS,23,TASAICE,NUMBER,22,7,4,Y
SYSTEM,COM_TMPCOMPRAS,24,TOTAL,NUMBER,22,16,2,Y
SYSTEM,COM_TMPCOMPRAS,25,NUMEAUTO,VARCHAR2,15,,,Y
SYSTEM,COM_TMPCOMPRAS,26,FECHVALI,DATE,7,,,Y
SYSTEM,COM_TMPCOMPRAS,27,PORCDEDU,NUMBER,22,10,5,Y
SYSTEM,COM_TMPCOMPRAS,28,REFER,VARCHAR2,30,,,Y
SYSTEM,COM_TMPCOMPRAS,29,ANEXO,VARCHAR2,1,,,Y
SYSTEM,COM_TMPCOMPRAS,30,DEDUCIBL,VARCHAR2,1,,,Y
SYSTEM,COM_TMPCOMPRAS,31,OBSERVAC,VARCHAR2,1000,,,Y
SYSTEM,COM_TMPCOMPRAS,32,CUOTLEAS,NUMBER,22,5,0,Y
SYSTEM,COM_TMPCOMPRAS,33,PLAZO,NUMBER,22,5,0,Y
SYSTEM,COM_TMPCOMPRAS,34,NUMEPAGO,NUMBER,22,3,0,Y
SYSTEM,COM_TMPCOMPRAS,35,VALORFOB,NUMBER,22,16,2,Y
SYSTEM,COM_TMPCOMPRAS,36,SEGURO,NUMBER,22,16,2,Y
SYSTEM,COM_TMPCOMPRAS,37,ASUMEIVA,VARCHAR2,1,,,Y
SYSTEM,COM_TMPCOMPRAS,38,CLAVACCESRI,VARCHAR2,200,,,Y
SYSTEM,COM_TMPCOMPRAS,39,ESTDAUTOSRI,VARCHAR2,20,,,Y
SYSTEM,COM_TMPCOMPRAS,40,FECHAUTOSRI,VARCHAR2,40,,,Y
SYSTEM,COM_TMPCOMPRAS,41,NUMEAUTOSRI,VARCHAR2,200,,,Y
SYSTEM,COM_TMPCOMPRAS,42,CONVTRIB,VARCHAR2,1,,,Y
SYSTEM,COM_TMPCOMPRAS,43,CODSRI,VARCHAR2,10,,,Y
SYSTEM,COM_TMPCOMPRAS,44,RELACIONA,VARCHAR2,1,,,Y
SYSTEM,COM_TMPCOMPRAS,45,SUJERETE,VARCHAR2,1,,,Y
SYSTEM,COM_TMPCOMPRAS,46,OFCN_COMPANIA,VARCHAR2,10,,,N
SYSTEM,COM_TMPCOMPRAS,47,OFCN_OFICINA,VARCHAR2,3,,,N
SYSTEM,COM_TMPCOMPRAS,48,FECHCREA,DATE,7,,,N
SYSTEM,COM_TMPCOMPRAS,49,USUACREA,VARCHAR2,20,,,N
SYSTEM,COM_TMPCOMPRAS,50,FECHACTU,DATE,7,,,Y
SYSTEM,COM_TMPCOMPRAS,51,USUACTUA,VARCHAR2,20,,,Y
SYSTEM,COM_TMPCOMPRAS,52,EGEN_ESTADO,VARCHAR2,2,,,N
SYSTEM,COM_TMPCOMPRAS,53,MONE_MONEDA,VARCHAR2,5,,,Y
SYSTEM,COM_TMPCOMPRAS,54,STCM_SUSTENTO,VARCHAR2,2,,,Y
SYSTEM,COM_TMPCOMPRAS,55,TPPG_CODIGO,VARCHAR2,2,,,Y
SYSTEM,COM_TMPCOMPRAS,56,PAIS_CODIPAIS,VARCHAR2,2,,,Y
SYSTEM,COM_TMPCOMPRAS,57,FRPG_FORMPAGO,VARCHAR2,2,,,Y
SYSTEM,COM_TMPCOMPRAS,58,SCTR_SECUTRAN,VARCHAR2,2,,,Y
SYSTEM,COM_TMPCOMPRAS,59,INCN_TIPODOCU,VARCHAR2,2,,,Y
SYSTEM,COM_TMPCOMPRAS,60,INCN_CODITRAN,VARCHAR2,10,,,Y
SYSTEM,COM_TMPCOMPRAS,61,INCN_PRODUCTO,VARCHAR2,3,,,Y
SYSTEM,COM_TMPCOMPRAS,62,INCN_COMPANIA,VARCHAR2,10,,,Y
SYSTEM,COM_TMPCOMPRAS,63,PRPG_CODIPERI,VARCHAR2,2,,,Y
SYSTEM,COM_TMPCOMPRAS,64,VALORIVA,NUMBER,22,18,2,Y
SYSTEM,CST_DETARECT,1,CANTIDAD,NUMBER,22,18,8,N
SYSTEM,CST_DETARECT,2,OBSERVAC,VARCHAR2,100,,,Y
SYSTEM,CST_DETARECT,3,USUACREA,VARCHAR2,20,,,N
SYSTEM,CST_DETARECT,4,FECHCREA,DATE,7,,,N
SYSTEM,CST_DETARECT,5,USUACTUA,VARCHAR2,20,,,Y
SYSTEM,CST_DETARECT,6,FECHACTUA,DATE,7,,,Y
SYSTEM,CST_DETARECT,7,ARTL_ARTICULO,VARCHAR2,30,,,N
SYSTEM,CST_DETARECT,8,ARTL_CLASE,VARCHAR2,20,,,N
SYSTEM,CST_DETARECT,9,ARTL_COMPANIA,VARCHAR2,10,,,N
SYSTEM,CST_DETARECT,10,ARTL_CODIGRUP,VARCHAR2,20,,,N
SYSTEM,CST_DETARECT,11,RCTA_ID,NUMBER,22,10,0,N
SYSTEM,CST_DETCENCS,1,DTCC_ID,NUMBER,22,10,0,N
SYSTEM,CST_DETCENCS,2,VIGENTE,VARCHAR2,1,,,N
SYSTEM,CST_DETCENCS,3,FECHCIER,DATE,7,,,Y
SYSTEM,CST_DETCENCS,4,VALOINI,NUMBER,22,18,4,Y
SYSTEM,CST_DETCENCS,5,FECHINGR,DATE,7,,,Y
SYSTEM,CST_DETCENCS,6,FNACIMIE,DATE,7,,,Y
SYSTEM,CST_DETCENCS,7,UBICACION,VARCHAR2,100,,,Y
SYSTEM,CST_DETCENCS,8,CANTINIC,NUMBER,22,16,6,N
SYSTEM,CST_DETCENCS,9,FALTANTE,NUMBER,22,16,6,Y
SYSTEM,CST_DETCENCS,10,OBSERVAC,VARCHAR2,80,,,Y
SYSTEM,CST_DETCENCS,11,USUACREA,VARCHAR2,20,,,N
SYSTEM,CST_DETCENCS,12,FECHCREA,DATE,7,,,N
SYSTEM,CST_DETCENCS,13,USUACTUA,VARCHAR2,20,,,Y
SYSTEM,CST_DETCENCS,14,FECHACTU,DATE,7,,,Y
SYSTEM,CST_DETCENCS,15,LTPR_CODIGO,VARCHAR2,10,,,N
SYSTEM,CST_ORDEPROD,1,OFCN_COMPANIA,VARCHAR2,10,,,N
SYSTEM,CST_ORDEPROD,2,OFCN_OFICINA,VARCHAR2,3,,,N
SYSTEM,CST_ORDEPROD,3,NUMERO,VARCHAR2,10,,,N
SYSTEM,CST_ORDEPROD,4,FECHA,DATE,7,,,N
SYSTEM,CST_ORDEPROD,5,FECHCIERR,DATE,7,,,Y
SYSTEM,CST_ORDEPROD,6,DESCRIPC,VARCHAR2,600,,,Y
SYSTEM,CST_ORDEPROD,7,NUMEPARA,NUMBER,22,12,2,N
SYSTEM,CST_ORDEPROD,8,CANTPRES,NUMBER,22,12,5,N
SYSTEM,CST_ORDEPROD,9,REFER,VARCHAR2,30,,,Y
SYSTEM,CST_ORDEPROD,10,CANTPROD,NUMBER,22,12,5,Y
SYSTEM,CST_ORDEPROD,11,OBS,VARCHAR2,300,,,Y
SYSTEM,CST_ORDEPROD,12,ARTL_COMPANIA,VARCHAR2,10,,,N
SYSTEM,CST_ORDEPROD,13,ARTL_CLASE,VARCHAR2,20,,,N
SYSTEM,CST_ORDEPROD,14,ARTL_CODIGRUP,VARCHAR2,20,,,N
SYSTEM,CST_ORDEPROD,15,ARTL_ARTICULO,VARCHAR2,30,,,N
SYSTEM,CST_ORDEPROD,16,EGEN_ESTADO,VARCHAR2,2,,,N
SYSTEM,CST_ORDEPROD,17,CLTE_IDCLIENTE,NUMBER,22,10,0,Y
SYSTEM,CST_ORDEPROD,18,CLTE_COMPANIA,VARCHAR2,10,,,Y
SYSTEM,CST_ORDEPROD,19,FECHCREA,DATE,7,,,N
SYSTEM,CST_ORDEPROD,20,USUACREA,VARCHAR2,20,,,N
SYSTEM,CST_ORDEPROD,21,FECHACTU,DATE,7,,,Y
SYSTEM,CST_ORDEPROD,22,USUACTUA,VARCHAR2,20,,,Y
SYSTEM,CST_ORDEPROD,23,ASTO_COMPANIA,VARCHAR2,10,,,Y
SYSTEM,CST_ORDEPROD,24,ASTO_NUMEDIAR,NUMBER,22,10,0,Y
SYSTEM,CST_ORDEPROD,25,RCTA_ID,NUMBER,22,10,0,Y
SYSTEM,CST_ORDEPROD,26,BODEGA,VARCHAR2,5,,,Y
SYSTEM,CST_ORDEPROD,27,VCHAR1,VARCHAR2,500,,,Y
SYSTEM,CST_ORDEPROD,28,VCHAR2,VARCHAR2,500,,,Y
SYSTEM,CST_ORDEPROD,29,VCHAR3,VARCHAR2,500,,,Y
SYSTEM,CST_ORDEPROD,30,VCHAR4,VARCHAR2,500,,,Y
SYSTEM,CST_ORDEPROD,31,VCHAR5,VARCHAR2,500,,,Y
SYSTEM,CST_ORDEPROD,32,NUMBER1,NUMBER,22,,,Y
SYSTEM,CST_ORDEPROD,33,NUMBER2,NUMBER,22,,,Y
SYSTEM,CST_ORDEPROD,34,NUMBER4,NUMBER,22,,,Y
SYSTEM,CST_ORDEPROD,35,NUMBER3,NUMBER,22,,,Y
SYSTEM,CST_ORDEPROD,36,NUMBER5,NUMBER,22,,,Y
SYSTEM,CST_ORDEPROD,37,LTPR_CODIGO,VARCHAR2,10,,,Y
SYSTEM,CST_PRODUCCN,1,NUMERO,NUMBER,22,10,0,N
SYSTEM,CST_PRODUCCN,2,FECHA,DATE,7,,,N
SYSTEM,CST_PRODUCCN,3,USUACREA,VARCHAR2,20,,,N
SYSTEM,CST_PRODUCCN,4,FECHCREA,DATE,7,,,N
SYSTEM,CST_PRODUCCN,5,CANTINIC,NUMBER,22,16,4,Y
SYSTEM,CST_PRODUCCN,6,PRODUCCI,NUMBER,22,16,4,Y
SYSTEM,CST_PRODUCCN,7,HAPI,NUMBER,22,16,4,Y
SYSTEM,CST_PRODUCCN,8,EDADLOTE,NUMBER,22,10,2,Y
SYSTEM,CST_PRODUCCN,9,FERTILID,NUMBER,22,16,4,Y
SYSTEM,CST_PRODUCCN,10,OBSERVAC,VARCHAR2,80,,,Y
SYSTEM,CST_PRODUCCN,11,USUACTUA,VARCHAR2,20,,,Y
SYSTEM,CST_PRODUCCN,12,FECHACTU,DATE,7,,,Y
SYSTEM,CST_PRODUCCN,13,CLND_CLND_ID,NUMBER,22,10,0,Y
SYSTEM,CST_PRODUCCN,14,RHHS_CEDURUC,VARCHAR2,13,,,Y
SYSTEM,CST_PRODUCCN,15,DTCC_DTCC_ID,NUMBER,22,10,0,N
SYSTEM,CST_PRODUCCN,16,CLPR_TIPO,VARCHAR2,10,,,N
SYSTEM,CST_PRODUCCN,17,LTPC_ID,NUMBER,22,,,N
SYSTEM,CST_PRODUCCN,18,ASTO_NUMEDIAR,NUMBER,22,10,0,Y
SYSTEM,CST_PRODUCCN,19,ASTO_COMPANIA,VARCHAR2,10,,,Y
SYSTEM,CST_PRODUCCN,20,EGEN_ESTADO,VARCHAR2,2,,,Y
SYSTEM,CST_SIMUDETA,1,DSIM_ID,NUMBER,22,10,0,N
SYSTEM,CST_SIMUDETA,2,ARTICULO,VARCHAR2,30,,,N
SYSTEM,CST_SIMUDETA,3,NOMBRE,VARCHAR2,150,,,N
SYSTEM,CST_SIMUDETA,4,CANTIDAD,NUMBER,22,18,8,N
SYSTEM,CST_SIMUDETA,5,UNIDAD,VARCHAR2,5,,,N
SYSTEM,CST_SIMUDETA,6,COSTO,NUMBER,22,16,2,N
SYSTEM,CST_SIMUDETA,7,DESCRIPC,VARCHAR2,300,,,Y
SYSTEM,CST_SIMUDETA,8,FECHACTU,DATE,7,,,Y
SYSTEM,CST_SIMUDETA,9,FECHCREA,DATE,7,,,N
SYSTEM,CST_SIMUDETA,10,USUACREA,VARCHAR2,20,,,N
SYSTEM,CST_SIMUDETA,11,USUACTUA,VARCHAR2,20,,,Y
SYSTEM,CST_SIMUDETA,12,SIMU_SIMU_ID,NUMBER,22,10,0,N
SYSTEM,CST_VARIPROD,1,VARP_ID,NUMBER,22,10,0,N
SYSTEM,CST_VARIPROD,2,DESCRIPC,VARCHAR2,60,,,N
SYSTEM,CST_VARIPROD,3,VIGENTE,VARCHAR2,1,,,N
SYSTEM,CST_VARIPROD,4,USUACREA,VARCHAR2,20,,,N
SYSTEM,CST_VARIPROD,5,FECHCREA,DATE,7,,,N
SYSTEM,CST_VARIPROD,6,USUACTUA,VARCHAR2,20,,,Y
SYSTEM,CST_VARIPROD,7,FECHACTU,DATE,7,,,Y
SYSTEM,CST_VARIPROD,8,VARP_VARP_ID,NUMBER,22,10,0,Y
SYSTEM,DWH_VENTAS,1,DWVN_ID,NUMBER,22,10,0,N
SYSTEM,DWH_VENTAS,2,COMPANIA,VARCHAR2,10,,,Y
SYSTEM,DWH_VENTAS,3,OFCN_OFICINA,VARCHAR2,3,,,Y
SYSTEM,DWH_VENTAS,4,DESC_OFICINA,VARCHAR2,50,,,Y
SYSTEM,DWH_VENTAS,5,FECHA,DATE,7,,,Y
SYSTEM,DWH_VENTAS,6,DIA,VARCHAR2,2,,,Y
SYSTEM,DWH_VENTAS,7,MES,VARCHAR2,3,,,Y
SYSTEM,DWH_VENTAS,8,MESP,VARCHAR2,5,,,Y
SYSTEM,DWH_VENTAS,9,SEMANA,VARCHAR2,1,,,Y
SYSTEM,DWH_VENTAS,10,ANIO,VARCHAR2,4,,,Y
SYSTEM,DWH_VENTAS,11,TIPO_DOCUMENTO,VARCHAR2,20,,,Y
SYSTEM,DWH_VENTAS,12,CEDURUC,VARCHAR2,13,,,Y
SYSTEM,DWH_VENTAS,13,IDCLIENTE,NUMBER,22,10,0,Y
SYSTEM,DWH_VENTAS,14,CLIENTE,VARCHAR2,300,,,Y
SYSTEM,DWH_VENTAS,15,CLTE_IDCLIENTE,VARCHAR2,10,,,Y
SYSTEM,DWH_VENTAS,16,CLTE_NOMBRE,VARCHAR2,300,,,Y
SYSTEM,DWH_VENTAS,17,ZONA_CODIZONA,VARCHAR2,10,,,Y
SYSTEM,DWH_VENTAS,18,ZONA,VARCHAR2,100,,,Y
SYSTEM,DWH_VENTAS,19,DESC_REGION,VARCHAR2,100,,,Y
SYSTEM,DWH_VENTAS,20,CODIPROV,VARCHAR2,10,,,Y
SYSTEM,DWH_VENTAS,21,PROVINCIA,VARCHAR2,100,,,Y
SYSTEM,DWH_VENTAS,22,CODICANT,VARCHAR2,10,,,Y
SYSTEM,DWH_VENTAS,23,CANTON,VARCHAR2,100,,,Y
SYSTEM,DWH_VENTAS,24,CODIPARR,VARCHAR2,10,,,Y
SYSTEM,DWH_VENTAS,25,PARROQUIA,VARCHAR2,100,,,Y
SYSTEM,DWH_VENTAS,26,IDCZONA,VARCHAR2,50,,,Y
SYSTEM,DWH_VENTAS,27,IDVENDEDOR,VARCHAR2,50,,,Y
SYSTEM,DWH_VENTAS,28,VNDR_CODIGO,VARCHAR2,10,,,Y
SYSTEM,DWH_VENTAS,29,VENDEDOR,VARCHAR2,100,,,Y
SYSTEM,DWH_VENTAS,30,ARTL_CLASE,VARCHAR2,20,,,Y
SYSTEM,DWH_VENTAS,31,DESC_CLASINVE,VARCHAR2,300,,,Y
SYSTEM,DWH_VENTAS,32,ARTL_CODIGRUP,VARCHAR2,20,,,Y
SYSTEM,DWH_VENTAS,33,DESC_CODIGRUP,VARCHAR2,300,,,Y
SYSTEM,DWH_VENTAS,34,ARTL_ARTICULO,VARCHAR2,30,,,Y
SYSTEM,DWH_VENTAS,35,ARTICULO,VARCHAR2,300,,,Y
SYSTEM,DWH_VENTAS,36,NUMERO,NUMBER,22,10,0,Y
SYSTEM,DWH_VENTAS,37,SERIE,VARCHAR2,6,,,Y
SYSTEM,DWH_VENTAS,38,SERIE_NC,VARCHAR2,6,,,Y
SYSTEM,DWH_VENTAS,39,NUMERO_NC,NUMBER,22,,,Y
SYSTEM,DWH_VENTAS,40,REFER,VARCHAR2,30,,,Y
SYSTEM,DWH_VENTAS,41,FECHVCTO,DATE,7,,,Y
SYSTEM,DWH_VENTAS,42,COD_LINEA,VARCHAR2,30,,,Y
SYSTEM,DWH_VENTAS,43,LINEA,VARCHAR2,500,,,Y
SYSTEM,DWH_VENTAS,44,COD_SUBLINEA,VARCHAR2,30,,,Y
SYSTEM,DWH_VENTAS,45,SUBLINEA,VARCHAR2,500,,,Y
SYSTEM,DWH_VENTAS,46,UNIDNEGO,VARCHAR2,30,,,Y
SYSTEM,DWH_VENTAS,47,DESC_UNIDNEGO,VARCHAR2,500,,,Y
SYSTEM,DWH_VENTAS,48,CODLINEA,VARCHAR2,30,,,Y
SYSTEM,DWH_VENTAS,49,DESC_CODLINEA,VARCHAR2,500,,,Y
SYSTEM,DWH_VENTAS,50,LINECOMP,VARCHAR2,30,,,Y
SYSTEM,DWH_VENTAS,51,DESC_LINECOMP,VARCHAR2,500,,,Y
SYSTEM,DWH_VENTAS,52,ROTACION,VARCHAR2,5,,,Y
SYSTEM,DWH_VENTAS,53,DESC_ROTACION,VARCHAR2,500,,,Y
SYSTEM,DWH_VENTAS,54,UMED_UNIDMEDI,VARCHAR2,5,,,Y
SYSTEM,DWH_VENTAS,55,PESO,NUMBER,22,,,Y
SYSTEM,DWH_VENTAS,56,TALLA,VARCHAR2,60,,,Y
SYSTEM,DWH_VENTAS,57,KILOS,NUMBER,22,,,Y
SYSTEM,DWH_VENTAS,58,SACOS,NUMBER,22,,,Y
SYSTEM,DWH_VENTAS,59,TONELADAS,NUMBER,22,,,Y
SYSTEM,DWH_VENTAS,60,CANTIDAD,NUMBER,22,,,Y
SYSTEM,DWH_VENTAS,61,VALOR,NUMBER,22,,,Y
SYSTEM,DWH_VENTAS,62,PORCDESC,NUMBER,22,,,Y
SYSTEM,DWH_VENTAS,63,DESCUENTO,NUMBER,22,,,Y
SYSTEM,DWH_VENTAS,64,TASAIVA,NUMBER,22,,,Y
SYSTEM,DWH_VENTAS,65,IVA,NUMBER,22,,,Y
SYSTEM,DWH_VENTAS,66,COSTO,NUMBER,22,,,Y
SYSTEM,DWH_VENTAS,67,FACTOR_UTILIDAD,NUMBER,22,,,Y
SYSTEM,DWH_VENTAS,68,UTILIDAD,NUMBER,22,,,Y
SYSTEM,DWH_VENTAS,69,PRESUPUESTO,NUMBER,22,,,Y
SYSTEM,DWH_VENTAS,70,COSTUNIT,NUMBER,22,,,Y
SYSTEM,DWH_VENTAS,71,PRECUNIT,NUMBER,22,,,Y
SYSTEM,DWH_VENTAS,72,FECHCREA,DATE,7,,,N
SYSTEM,DWH_VENTAS,73,USUACREA,VARCHAR2,20,,,N
SYSTEM,DWH_VENTAS,74,FECHACTU,DATE,7,,,Y
SYSTEM,DWH_VENTAS,75,USUACTUA,VARCHAR2,20,,,Y
SYSTEM,DWH_VENTAS,76,PROVEEDOR,VARCHAR2,300,,,Y
SYSTEM,DWH_VENTAS,77,ESTADO_PROV,VARCHAR2,50,,,Y
SYSTEM,DWH_VENTAS,78,NUMBER1,NUMBER,22,,,Y
SYSTEM,DWH_VENTAS,79,NUMBER2,NUMBER,22,,,Y
SYSTEM,DWH_VENTAS,80,NUMBER3,NUMBER,22,,,Y
SYSTEM,DWH_VENTAS,81,NUMBER4,NUMBER,22,,,Y
SYSTEM,DWH_VENTAS,82,NUMBER5,NUMBER,22,,,Y
SYSTEM,DWH_VENTAS,83,VCHAR1,VARCHAR2,500,,,Y
SYSTEM,DWH_VENTAS,84,VCHAR2,VARCHAR2,500,,,Y
SYSTEM,DWH_VENTAS,85,VCHAR3,VARCHAR2,500,,,Y
SYSTEM,DWH_VENTAS,86,VCHAR4,VARCHAR2,500,,,Y
SYSTEM,DWH_VENTAS,87,VCHAR5,VARCHAR2,500,,,Y
SYSTEM,DWH_VENTAS_081124,1,DWVN_ID,NUMBER,22,10,0,N
SYSTEM,DWH_VENTAS_081124,2,COMPANIA,VARCHAR2,10,,,Y
SYSTEM,DWH_VENTAS_081124,3,OFCN_OFICINA,VARCHAR2,3,,,Y
SYSTEM,DWH_VENTAS_081124,4,DESC_OFICINA,VARCHAR2,50,,,Y
SYSTEM,DWH_VENTAS_081124,5,FECHA,DATE,7,,,Y
SYSTEM,DWH_VENTAS_081124,6,DIA,VARCHAR2,2,,,Y
SYSTEM,DWH_VENTAS_081124,7,MES,VARCHAR2,3,,,Y
SYSTEM,DWH_VENTAS_081124,8,MESP,VARCHAR2,5,,,Y
SYSTEM,DWH_VENTAS_081124,9,SEMANA,VARCHAR2,1,,,Y
SYSTEM,DWH_VENTAS_081124,10,ANIO,VARCHAR2,4,,,Y
SYSTEM,DWH_VENTAS_081124,11,TIPO_DOCUMENTO,VARCHAR2,20,,,Y
SYSTEM,DWH_VENTAS_081124,12,CEDURUC,VARCHAR2,13,,,Y
SYSTEM,DWH_VENTAS_081124,13,IDCLIENTE,NUMBER,22,10,0,Y
SYSTEM,DWH_VENTAS_081124,14,CLIENTE,VARCHAR2,300,,,Y
SYSTEM,DWH_VENTAS_081124,15,CLTE_IDCLIENTE,VARCHAR2,10,,,Y
SYSTEM,DWH_VENTAS_081124,16,CLTE_NOMBRE,VARCHAR2,300,,,Y
SYSTEM,DWH_VENTAS_081124,17,ZONA_CODIZONA,VARCHAR2,10,,,Y
SYSTEM,DWH_VENTAS_081124,18,ZONA,VARCHAR2,100,,,Y
SYSTEM,DWH_VENTAS_081124,19,DESC_REGION,VARCHAR2,100,,,Y
SYSTEM,DWH_VENTAS_081124,20,CODIPROV,VARCHAR2,10,,,Y
SYSTEM,DWH_VENTAS_081124,21,PROVINCIA,VARCHAR2,100,,,Y
SYSTEM,DWH_VENTAS_081124,22,CODICANT,VARCHAR2,10,,,Y
SYSTEM,DWH_VENTAS_081124,23,CANTON,VARCHAR2,100,,,Y
SYSTEM,DWH_VENTAS_081124,24,CODIPARR,VARCHAR2,10,,,Y
SYSTEM,DWH_VENTAS_081124,25,PARROQUIA,VARCHAR2,100,,,Y
SYSTEM,DWH_VENTAS_081124,26,IDCZONA,VARCHAR2,50,,,Y
SYSTEM,DWH_VENTAS_081124,27,IDVENDEDOR,VARCHAR2,50,,,Y
SYSTEM,DWH_VENTAS_081124,28,VNDR_CODIGO,VARCHAR2,10,,,Y
SYSTEM,DWH_VENTAS_081124,29,VENDEDOR,VARCHAR2,100,,,Y
SYSTEM,DWH_VENTAS_081124,30,ARTL_CLASE,VARCHAR2,20,,,Y
SYSTEM,DWH_VENTAS_081124,31,DESC_CLASINVE,VARCHAR2,300,,,Y
SYSTEM,DWH_VENTAS_081124,32,ARTL_CODIGRUP,VARCHAR2,20,,,Y
SYSTEM,DWH_VENTAS_081124,33,DESC_CODIGRUP,VARCHAR2,300,,,Y
SYSTEM,DWH_VENTAS_081124,34,ARTL_ARTICULO,VARCHAR2,30,,,Y
SYSTEM,DWH_VENTAS_081124,35,ARTICULO,VARCHAR2,300,,,Y
SYSTEM,DWH_VENTAS_081124,36,NUMERO,NUMBER,22,10,0,Y
SYSTEM,DWH_VENTAS_081124,37,SERIE,VARCHAR2,6,,,Y
SYSTEM,DWH_VENTAS_081124,38,SERIE_NC,VARCHAR2,6,,,Y
SYSTEM,DWH_VENTAS_081124,39,NUMERO_NC,NUMBER,22,,,Y
SYSTEM,DWH_VENTAS_081124,40,REFER,VARCHAR2,30,,,Y
SYSTEM,DWH_VENTAS_081124,41,FECHVCTO,DATE,7,,,Y
SYSTEM,DWH_VENTAS_081124,42,COD_LINEA,VARCHAR2,30,,,Y
SYSTEM,DWH_VENTAS_081124,43,LINEA,VARCHAR2,500,,,Y
SYSTEM,DWH_VENTAS_081124,44,COD_SUBLINEA,VARCHAR2,30,,,Y
SYSTEM,DWH_VENTAS_081124,45,SUBLINEA,VARCHAR2,500,,,Y
SYSTEM,DWH_VENTAS_081124,46,UNIDNEGO,VARCHAR2,30,,,Y
SYSTEM,DWH_VENTAS_081124,47,DESC_UNIDNEGO,VARCHAR2,500,,,Y
SYSTEM,DWH_VENTAS_081124,48,CODLINEA,VARCHAR2,30,,,Y
SYSTEM,DWH_VENTAS_081124,49,DESC_CODLINEA,VARCHAR2,500,,,Y
SYSTEM,DWH_VENTAS_081124,50,LINECOMP,VARCHAR2,30,,,Y
SYSTEM,DWH_VENTAS_081124,51,DESC_LINECOMP,VARCHAR2,500,,,Y
SYSTEM,DWH_VENTAS_081124,52,ROTACION,VARCHAR2,5,,,Y
SYSTEM,DWH_VENTAS_081124,53,DESC_ROTACION,VARCHAR2,500,,,Y
SYSTEM,DWH_VENTAS_081124,54,UMED_UNIDMEDI,VARCHAR2,5,,,Y
SYSTEM,DWH_VENTAS_081124,55,PESO,NUMBER,22,,,Y
SYSTEM,DWH_VENTAS_081124,56,TALLA,VARCHAR2,60,,,Y
SYSTEM,DWH_VENTAS_081124,57,KILOS,NUMBER,22,,,Y
SYSTEM,DWH_VENTAS_081124,58,SACOS,NUMBER,22,,,Y
SYSTEM,DWH_VENTAS_081124,59,TONELADAS,NUMBER,22,,,Y
SYSTEM,DWH_VENTAS_081124,60,CANTIDAD,NUMBER,22,,,Y
SYSTEM,DWH_VENTAS_081124,61,VALOR,NUMBER,22,,,Y
SYSTEM,DWH_VENTAS_081124,62,PORCDESC,NUMBER,22,,,Y
SYSTEM,DWH_VENTAS_081124,63,DESCUENTO,NUMBER,22,,,Y
SYSTEM,DWH_VENTAS_081124,64,TASAIVA,NUMBER,22,,,Y
SYSTEM,DWH_VENTAS_081124,65,IVA,NUMBER,22,,,Y
SYSTEM,DWH_VENTAS_081124,66,COSTO,NUMBER,22,,,Y
SYSTEM,DWH_VENTAS_081124,67,FACTOR_UTILIDAD,NUMBER,22,,,Y
SYSTEM,DWH_VENTAS_081124,68,UTILIDAD,NUMBER,22,,,Y
SYSTEM,DWH_VENTAS_081124,69,PRESUPUESTO,NUMBER,22,,,Y
SYSTEM,DWH_VENTAS_081124,70,COSTUNIT,NUMBER,22,,,Y
SYSTEM,DWH_VENTAS_081124,71,PRECUNIT,NUMBER,22,,,Y
SYSTEM,DWH_VENTAS_081124,72,FECHCREA,DATE,7,,,N
SYSTEM,DWH_VENTAS_081124,73,USUACREA,VARCHAR2,20,,,N
SYSTEM,DWH_VENTAS_081124,74,FECHACTU,DATE,7,,,Y
SYSTEM,DWH_VENTAS_081124,75,USUACTUA,VARCHAR2,20,,,Y
SYSTEM,DWH_VENTAS_081124,76,PROVEEDOR,VARCHAR2,300,,,Y
SYSTEM,DWH_VENTAS_081124,77,ESTADO_PROV,VARCHAR2,50,,,Y
SYSTEM,DWH_VENTAS_081124,78,NUMBER1,NUMBER,22,,,Y
SYSTEM,DWH_VENTAS_081124,79,NUMBER2,NUMBER,22,,,Y
SYSTEM,DWH_VENTAS_081124,80,NUMBER3,NUMBER,22,,,Y
SYSTEM,DWH_VENTAS_081124,81,NUMBER4,NUMBER,22,,,Y
SYSTEM,DWH_VENTAS_081124,82,NUMBER5,NUMBER,22,,,Y
SYSTEM,DWH_VENTAS_081124,83,VCHAR1,VARCHAR2,500,,,Y
SYSTEM,DWH_VENTAS_081124,84,VCHAR2,VARCHAR2,500,,,Y
SYSTEM,DWH_VENTAS_081124,85,VCHAR3,VARCHAR2,500,,,Y
SYSTEM,DWH_VENTAS_081124,86,VCHAR4,VARCHAR2,500,,,Y
SYSTEM,DWH_VENTAS_081124,87,VCHAR5,VARCHAR2,500,,,Y
SYSTEM,ECL_DETAFORMU,1,FRML_CODIGO,VARCHAR2,10,,,N
SYSTEM,ECL_DETAFORMU,2,CODICAMP,VARCHAR2,20,,,N
SYSTEM,ECL_DETAFORMU,3,DESCRIPC,VARCHAR2,300,,,N
SYSTEM,ECL_DETAFORMU,4,CAMPOXML,VARCHAR2,40,,,Y
SYSTEM,ECL_DETAFORMU,5,REQUERID,VARCHAR2,1,,,N
SYSTEM,ECL_DETAFORMU,6,GRUPO,VARCHAR2,1,,,N
SYSTEM,ECL_DETAFORMU,7,ETIQIMPR,VARCHAR2,300,,,Y
SYSTEM,ECL_DETAFORMU,8,VIGENTE,VARCHAR2,1,,,N
SYSTEM,ECL_DETAFORMU,9,DTFR_CODICAMP,VARCHAR2,20,,,Y
SYSTEM,ECL_DETAFORMU,10,DTFR_CODIGO,VARCHAR2,10,,,Y
SYSTEM,ECL_DETAFORMU,11,VALOR,VARCHAR2,20,,,Y
SYSTEM,ECL_DETAFORMU,12,FECHCREA,DATE,7,,,N
SYSTEM,ECL_DETAFORMU,13,USUACREA,VARCHAR2,20,,,N
SYSTEM,ECL_DETAFORMU,14,FECHACTU,DATE,7,,,Y
SYSTEM,ECL_DETAFORMU,15,USUACTUA,VARCHAR2,20,,,Y
SYSTEM,ECT_DETADECLA,1,DTDC_ID,NUMBER,22,10,0,N
SYSTEM,ECT_DETADECLA,2,DCRN_DCRN_ID,NUMBER,22,10,0,N
SYSTEM,ECT_DETADECLA,3,DTFR_CODICAMP,VARCHAR2,20,,,N
SYSTEM,ECT_DETADECLA,4,DTFR_CODIGO,VARCHAR2,10,,,N
SYSTEM,ECT_DETADECLA,5,VALOR,NUMBER,22,16,2,N
SYSTEM,ECT_DETADECLA,6,FECHCREA,DATE,7,,,N
SYSTEM,ECT_DETADECLA,7,USUACREA,VARCHAR2,20,,,N
SYSTEM,ECT_DETADECLA,8,FECHACTU,DATE,7,,,Y
SYSTEM,ECT_DETADECLA,9,USUACTUA,VARCHAR2,20,,,Y
SYSTEM,GEN_FORMPAGO,1,FORMPAGO,VARCHAR2,2,,,N
SYSTEM,GEN_FORMPAGO,2,DESCRIPC,VARCHAR2,50,,,N
SYSTEM,GEN_FORMPAGO,3,FECHCREA,DATE,7,,,N
SYSTEM,GEN_FORMPAGO,4,USUACREA,VARCHAR2,20,,,N
SYSTEM,GEN_FORMPAGO,5,FECHACTU,DATE,7,,,Y
SYSTEM,GEN_FORMPAGO,6,USUACTUA,VARCHAR2,20,,,Y
SYSTEM,GEN_FORMPAGO,7,VIGENTE,VARCHAR2,1,,,N
SYSTEM,GEN_FORMPAGO,8,FORMULAR,VARCHAR2,1,,,N
SYSTEM,GEN_FORMPAGO,9,DEFECTO,VARCHAR2,1,,,N
SYSTEM,GEN_FORMPAGO,10,PRODUCTO,VARCHAR2,10,,,Y
SYSTEM,GEN_FORMPAGO,11,FRPG_PRODUCTO,VARCHAR2,10,,,Y
SYSTEM,GEN_PERIPAGO,1,CODIPERI,VARCHAR2,2,,,N
SYSTEM,GEN_PERIPAGO,2,DISPONIBLE,VARCHAR2,1,,,N
SYSTEM,GEN_PERIPAGO,3,ALCANCE,NUMBER,22,5,0,Y
SYSTEM,GEN_PERIPAGO,4,DIASCALC,NUMBER,22,5,0,Y
SYSTEM,GEN_PERIPAGO,5,DESCRIPC,VARCHAR2,30,,,Y
SYSTEM,GEN_PERIPAGO,6,FECHCREA,DATE,7,,,N
SYSTEM,GEN_PERIPAGO,7,USUACREA,VARCHAR2,20,,,N
SYSTEM,GEN_PERIPAGO,8,FECHACTU,DATE,7,,,Y
SYSTEM,GEN_PERIPAGO,9,USUACTUA,VARCHAR2,20,,,Y
SYSTEM,GEN_PERIPAGO,10,FRPG_FORMPAGO,VARCHAR2,2,,,Y
SYSTEM,GEN_PERIPAGO,11,PORCECOMI,NUMBER,22,7,4,Y
SYSTEM,GEN_PERIPAGO,12,VALOCOMI,NUMBER,22,7,4,Y
SYSTEM,GEN_PERIPAGO,13,NUMBER1,NUMBER,22,,,Y
SYSTEM,GEN_PERIPAGO,14,NUMBER2,NUMBER,22,,,Y
SYSTEM,GEN_PERIPAGO,15,NUMBER3,NUMBER,22,,,Y
SYSTEM,GEN_PERIPAGO,16,NUMBER4,NUMBER,22,,,Y
SYSTEM,GEN_PERIPAGO,17,NUMBER5,NUMBER,22,,,Y
SYSTEM,GEN_PERIPAGO,18,VCHAR1,VARCHAR2,500,,,Y
SYSTEM,GEN_PERIPAGO,19,VCHAR2,VARCHAR2,500,,,Y
SYSTEM,GEN_PERIPAGO,20,VCHAR3,VARCHAR2,500,,,Y
SYSTEM,GEN_PERIPAGO,21,VCHAR4,VARCHAR2,500,,,Y
SYSTEM,GEN_PERIPAGO,22,VCHAR5,VARCHAR2,500,,,Y
SYSTEM,GEN_PRODUCTOS,1,PRODUCTO,VARCHAR2,3,,,N
SYSTEM,GEN_PRODUCTOS,2,NOMBLARG,VARCHAR2,50,,,N
SYSTEM,GEN_PRODUCTOS,3,NOMBCORT,VARCHAR2,30,,,N
SYSTEM,GEN_PRODUCTOS,4,DISPONIB,VARCHAR2,1,,,Y
SYSTEM,GEN_PRODUCTOS,5,MENSAJE,VARCHAR2,120,,,Y
SYSTEM,GEN_PRODUCTOS,6,FECHCREA,DATE,7,,,N
SYSTEM,GEN_PRODUCTOS,7,USUACREA,VARCHAR2,20,,,N
SYSTEM,GEN_PRODUCTOS,8,FECHACTU,DATE,7,,,Y
SYSTEM,GEN_PRODUCTOS,9,USUACTUA,VARCHAR2,20,,,Y
SYSTEM,GEN_TIPOPAGO,1,CODIGO,VARCHAR2,2,,,N
SYSTEM,GEN_TIPOPAGO,2,DESCRIPC,VARCHAR2,100,,,N
SYSTEM,GEN_TIPOPAGO,3,USUACREA,VARCHAR2,20,,,N
SYSTEM,GEN_TIPOPAGO,4,FECHCREA,DATE,7,,,N
SYSTEM,GEN_TIPOPAGO,5,USUACTUA,VARCHAR2,20,,,Y
SYSTEM,GEN_TIPOPAGO,6,FECHACTU,DATE,7,,,Y
SYSTEM,IMP_DENOTAPEDI,1,DTNP_ID,NUMBER,22,10,0,N
SYSTEM,IMP_DENOTAPEDI,2,APROBADO,VARCHAR2,1,,,Y
SYSTEM,IMP_DENOTAPEDI,3,PRECUNIT,NUMBER,22,24,8,N
SYSTEM,IMP_DENOTAPEDI,4,CANTPEDI,NUMBER,22,16,4,N
SYSTEM,IMP_DENOTAPEDI,5,CANTAPRO,NUMBER,22,16,4,N
SYSTEM,IMP_DENOTAPEDI,6,CANTFACT,NUMBER,22,16,4,N
SYSTEM,IMP_DENOTAPEDI,7,CANTPESO,NUMBER,22,16,4,N
SYSTEM,IMP_DENOTAPEDI,8,DESCRIPC,VARCHAR2,300,,,Y
SYSTEM,IMP_DENOTAPEDI,9,NTPD_NUMERO,VARCHAR2,10,,,Y
SYSTEM,IMP_DENOTAPEDI,10,NTPD_COMPANIA,VARCHAR2,10,,,Y
SYSTEM,IMP_DENOTAPEDI,11,NTPD_OFICINA,VARCHAR2,3,,,Y
SYSTEM,IMP_DENOTAPEDI,12,FECHCREA,DATE,7,,,N
SYSTEM,IMP_DENOTAPEDI,13,USUACREA,VARCHAR2,20,,,N
SYSTEM,IMP_DENOTAPEDI,14,FECHACTU,DATE,7,,,Y
SYSTEM,IMP_DENOTAPEDI,15,USUACTUA,VARCHAR2,20,,,Y
SYSTEM,IMP_DENOTAPEDI,16,ARTL_CLASE,VARCHAR2,20,,,N
SYSTEM,IMP_DENOTAPEDI,17,ARTL_COMPANIA,VARCHAR2,10,,,N
SYSTEM,IMP_DENOTAPEDI,18,ARTL_CODIGRUP,VARCHAR2,20,,,N
SYSTEM,IMP_DENOTAPEDI,19,ARTL_ARTICULO,VARCHAR2,30,,,N
SYSTEM,IMP_DENOTAPEDI,20,CANTREQU,NUMBER,22,16,4,Y
SYSTEM,IMP_DENOTAPEDI,21,FOTOREGI,LONG RAW,0,,,Y
SYSTEM,IMP_DENOTAPEDI,22,DTNP_DTNP_ID,NUMBER,22,10,0,Y
SYSTEM,IMP_DENOTAPEDI,23,DREQ_DREQ_ID,NUMBER,22,10,0,Y
SYSTEM,IMP_NOTAPEDI,1,OFCN_COMPANIA,VARCHAR2,10,,,N
SYSTEM,IMP_NOTAPEDI,2,OFCN_OFICINA,VARCHAR2,3,,,N
SYSTEM,IMP_NOTAPEDI,3,NUMERO,VARCHAR2,10,,,N
SYSTEM,IMP_NOTAPEDI,4,FECHA,DATE,7,,,N
SYSTEM,IMP_NOTAPEDI,5,PORDSCTO,NUMBER,22,10,5,N
SYSTEM,IMP_NOTAPEDI,6,VALDSCTO,NUMBER,22,16,2,N
SYSTEM,IMP_NOTAPEDI,7,ASGR_ASGR_ID,NUMBER,22,10,0,Y
SYSTEM,IMP_NOTAPEDI,8,FECHNEGO,DATE,7,,,Y
SYSTEM,IMP_NOTAPEDI,9,NUMEDUI,VARCHAR2,30,,,Y
SYSTEM,IMP_NOTAPEDI,10,FLETE,NUMBER,22,16,2,Y
SYSTEM,IMP_NOTAPEDI,11,NUMEMAG,VARCHAR2,30,,,Y
SYSTEM,IMP_NOTAPEDI,12,SEGURO,NUMBER,22,16,2,Y
SYSTEM,IMP_NOTAPEDI,13,PESOBRUT,NUMBER,22,15,5,Y
SYSTEM,IMP_NOTAPEDI,14,CONDPAG,VARCHAR2,60,,,Y
SYSTEM,IMP_NOTAPEDI,15,PORINTER,VARCHAR2,60,,,Y
SYSTEM,IMP_NOTAPEDI,16,EMBALAJE,VARCHAR2,60,,,Y
SYSTEM,IMP_NOTAPEDI,17,OBS,VARCHAR2,1000,,,Y
SYSTEM,IMP_NOTAPEDI,18,REFER,VARCHAR2,30,,,Y
SYSTEM,IMP_NOTAPEDI,19,EGEN_ESTADO,VARCHAR2,2,,,N
SYSTEM,IMP_NOTAPEDI,20,MONE_MONEDA,VARCHAR2,5,,,N
SYSTEM,IMP_NOTAPEDI,21,UMED_UNIDMEDI,VARCHAR2,5,,,N
SYSTEM,IMP_NOTAPEDI,22,FECHCREA,DATE,7,,,N
SYSTEM,IMP_NOTAPEDI,23,USUACREA,VARCHAR2,20,,,N
SYSTEM,IMP_NOTAPEDI,24,FECHACTU,DATE,7,,,Y
SYSTEM,IMP_NOTAPEDI,25,USUACTUA,VARCHAR2,20,,,Y
SYSTEM,IMP_NOTAPEDI,26,IMPT_NUMEIMPO,NUMBER,22,10,0,Y
SYSTEM,IMP_NOTAPEDI,27,IMPT_OFICINA,VARCHAR2,3,,,Y
SYSTEM,IMP_NOTAPEDI,28,IMPT_COMPANIA,VARCHAR2,10,,,Y
SYSTEM,IMP_NOTAPEDI,29,CBAN_CODIGO,VARCHAR2,30,,,Y
SYSTEM,IMP_NOTAPEDI,30,CBAN_CATALOGO,VARCHAR2,2,,,Y
SYSTEM,IMP_NOTAPEDI,31,CBAN_COMPANIA,VARCHAR2,10,,,Y
SYSTEM,IMP_NOTAPEDI,32,REQU_OFICINA,VARCHAR2,3,,,Y
SYSTEM,IMP_NOTAPEDI,33,REQU_NUMERO,VARCHAR2,15,,,Y
SYSTEM,IMP_NOTAPEDI,34,REQU_COMPANIA,VARCHAR2,10,,,Y
SYSTEM,IMP_NOTAPEDI,35,PROV_COMPANIA,VARCHAR2,10,,,Y
SYSTEM,IMP_NOTAPEDI,36,PROV_CEDURUC,VARCHAR2,13,,,Y
SYSTEM,IMP_NOTAPEDI,37,NTPD_NUMERO,VARCHAR2,10,,,Y
SYSTEM,IMP_NOTAPEDI,38,NTPD_COMPANIA,VARCHAR2,10,,,Y
SYSTEM,IMP_NOTAPEDI,39,NTPD_OFICINA,VARCHAR2,3,,,Y
SYSTEM,IMP_NOTAPEDI,40,REQU_TIPODOCU,VARCHAR2,240,,,Y
SYSTEM,INF_DETAEQUI,1,INDE_ID,NUMBER,22,10,0,N
SYSTEM,INF_DETAEQUI,2,MAC,VARCHAR2,35,,,Y
SYSTEM,INF_DETAEQUI,3,IP,VARCHAR2,25,,,Y
SYSTEM,INF_DETAEQUI,4,FECHA,DATE,7,,,N
SYSTEM,INF_DETAEQUI,5,CLAVACCES,VARCHAR2,30,,,Y
SYSTEM,INF_DETAEQUI,6,USUARIO,VARCHAR2,50,,,Y
SYSTEM,INF_DETAEQUI,7,FICHTECN,BFILE,530,,,Y
SYSTEM,INF_DETAEQUI,8,OBSERVAC,VARCHAR2,100,,,Y
SYSTEM,INF_DETAEQUI,9,USUACREA,VARCHAR2,20,,,N
SYSTEM,INF_DETAEQUI,10,FECHCREA,DATE,7,,,N
SYSTEM,INF_DETAEQUI,11,USUACTUA,VARCHAR2,20,,,Y
SYSTEM,INF_DETAEQUI,12,FECHACTU,DATE,7,,,Y
SYSTEM,INF_DETAEQUI,13,EGEN_ESTADO,VARCHAR2,2,,,N
SYSTEM,INF_DETAEQUI,14,INDN_INDN_ID,NUMBER,22,10,0,N
SYSTEM,INF_DETAEQUI,15,AFIJ_CODIGO,VARCHAR2,20,,,N
SYSTEM,INF_DETAEQUI,16,AFIJ_CLASE,VARCHAR2,10,,,N
SYSTEM,INF_DETAEQUI,17,AFIJ_COMPANIA,VARCHAR2,10,,,N
SYSTEM,PAG_DETAPAGO,1,DPAG_ID,NUMBER,22,10,0,N
SYSTEM,PAG_DETAPAGO,2,ASTO_COMPANIA,VARCHAR2,10,,,N
SYSTEM,PAG_DETAPAGO,3,ASTO_NUMEDIAR,NUMBER,22,10,0,N
SYSTEM,PAG_DETAPAGO,4,EGEN_ESTADO,VARCHAR2,2,,,N
SYSTEM,PAG_DETAPAGO,5,PPAG_PPAG_ID,NUMBER,22,10,0,N
SYSTEM,PAG_DETAPAGO,6,FECHA,DATE,7,,,N
SYSTEM,PAG_DETAPAGO,7,VALOR,NUMBER,22,16,2,N
SYSTEM,PAG_DETAPAGO,8,DESCRIPC,VARCHAR2,500,,,Y
SYSTEM,PAG_DETAPAGO,9,REFER,VARCHAR2,30,,,N
SYSTEM,PAG_DETAPAGO,10,FECHCREA,DATE,7,,,N
SYSTEM,PAG_DETAPAGO,11,USUACREA,VARCHAR2,20,,,N
SYSTEM,PAG_DETAPAGO,12,FECHACTU,DATE,7,,,Y
SYSTEM,PAG_DETAPAGO,13,USUACTUA,VARCHAR2,20,,,Y
SYSTEM,PAG_DETAPAGO,14,NCPR_COMPANIA,VARCHAR2,10,,,Y
SYSTEM,PAG_DETAPAGO,15,NCPR_CEDURUC,VARCHAR2,13,,,Y
SYSTEM,PAG_DETAPAGO,16,NCPR_SERIE,VARCHAR2,6,,,Y
SYSTEM,PAG_DETAPAGO,17,NCPR_NUMERO,VARCHAR2,10,,,Y
SYSTEM,PAG_DETAPAGO,18,NCPR_ALCANCE,NUMBER,22,1,0,Y
SYSTEM,PAG_DETAPAGO,19,VALANTIC,NUMBER,22,16,2,Y
SYSTEM,PRT_DETASIENTO,1,PDAS_ID,NUMBER,22,10,0,N
SYSTEM,PRT_DETASIENTO,2,TIPO,VARCHAR2,1,,,N
SYSTEM,PRT_DETASIENTO,3,VALOR,NUMBER,22,15,2,N
SYSTEM,PRT_DETASIENTO,4,VALORAUX,NUMBER,22,18,6,Y
SYSTEM,PRT_DETASIENTO,5,CICLO,NUMBER,22,5,0,Y
SYSTEM,PRT_DETASIENTO,6,FECHCREA,DATE,7,,,N
SYSTEM,PRT_DETASIENTO,7,USUACREA,VARCHAR2,20,,,N
SYSTEM,PRT_DETASIENTO,8,FECHACTU,DATE,7,,,Y
SYSTEM,PRT_DETASIENTO,9,USUACTUA,VARCHAR2,20,,,Y
SYSTEM,PRT_DETASIENTO,10,VCHAR1,VARCHAR2,500,,,Y
SYSTEM,PRT_DETASIENTO,11,VCHAR2,VARCHAR2,500,,,Y
SYSTEM,PRT_DETASIENTO,12,VCHAR3,VARCHAR2,500,,,Y
SYSTEM,PRT_DETASIENTO,13,VCHAR4,VARCHAR2,500,,,Y
SYSTEM,PRT_DETASIENTO,14,VCHAR5,VARCHAR2,500,,,Y
SYSTEM,PRT_DETASIENTO,15,NUMBER1,NUMBER,22,,,Y
SYSTEM,PRT_DETASIENTO,16,NUMBER2,NUMBER,22,,,Y
SYSTEM,PRT_DETASIENTO,17,NUMBER3,NUMBER,22,,,Y
SYSTEM,PRT_DETASIENTO,18,NUMBER4,NUMBER,22,,,Y
SYSTEM,PRT_DETASIENTO,19,NUMBER5,NUMBER,22,,,Y
SYSTEM,PRT_DETASIENTO,20,PCTS_CODIGO,VARCHAR2,30,,,N
SYSTEM,PRT_DETASIENTO,21,GPCM_CODIGRUP,VARCHAR2,10,,,N
SYSTEM,PRT_DETASIENTO,22,PTBN_NUMEOPER,NUMBER,22,,,N
SYSTEM,PRT_DETASOLI,1,PDSL_ID,NUMBER,22,10,0,N
SYSTEM,PRT_DETASOLI,2,MONTO,NUMBER,22,18,2,N
SYSTEM,PRT_DETASOLI,3,APROBADO,VARCHAR2,1,,,N
SYSTEM,PRT_DETASOLI,4,EXEPCION,VARCHAR2,1,,,N
SYSTEM,PRT_DETASOLI,5,DETAEXEP,VARCHAR2,1000,,,Y
SYSTEM,PRT_DETASOLI,6,USUACREA,VARCHAR2,20,,,N
SYSTEM,PRT_DETASOLI,7,FECHCREA,DATE,7,,,N
SYSTEM,PRT_DETASOLI,8,USUACTUA,VARCHAR2,20,,,Y
SYSTEM,PRT_DETASOLI,9,FECHACTU,DATE,7,,,Y
SYSTEM,PRT_DETASOLI,10,CLTE_IDCLIENTE,NUMBER,22,10,0,N
SYSTEM,PRT_DETASOLI,11,CLTE_COMPANIA,VARCHAR2,10,,,N
SYSTEM,PRT_DETASOLI,12,TPDC_TIPODOCU,VARCHAR2,2,,,N
SYSTEM,PRT_DETASOLI,13,PSLG_NUMERO,NUMBER,22,,,N
SYSTEM,PRT_DETASOLI,14,REFER,VARCHAR2,30,,,Y
SYSTEM,PRT_DETASOLI,15,PCRG_TIPO,VARCHAR2,10,,,N
SYSTEM,PRT_DETASOLI,16,PRTC_TIPOCRED,VARCHAR2,1,,,Y
SYSTEM,PRT_DETASOLI,17,ESOL_ESTADO,VARCHAR2,5,,,N
SYSTEM,PRT_DETASOLI,18,MONTOC2,NUMBER,22,18,2,N
SYSTEM,PRT_DETASOLI,19,MONTOC3,NUMBER,22,18,2,N
SYSTEM,PRT_DETASOLI,20,MONTOC4,NUMBER,22,18,2,N
SYSTEM,PRT_DETASOLI,21,MONTOC5,NUMBER,22,18,2,N
SYSTEM,PRT_DETASOLI,22,APROBADOC2,VARCHAR2,1,,,N
SYSTEM,PRT_DETASOLI,23,APROBADOC3,VARCHAR2,1,,,N
SYSTEM,PRT_DETASOLI,24,APROBADOC4,VARCHAR2,1,,,N
SYSTEM,PRT_DETASOLI,25,APROBADOC5,VARCHAR2,1,,,N
SYSTEM,PRT_DETASOLI,26,DETAEXEP2,VARCHAR2,1000,,,Y
SYSTEM,PRT_DETASOLI,27,VCHAR1,VARCHAR2,400,,,Y
SYSTEM,PRT_DETASOLI,28,VCHAR2,VARCHAR2,400,,,Y
SYSTEM,PRT_DETASOLI,29,VCHAR3,VARCHAR2,400,,,Y
SYSTEM,PRT_DETASOLI,30,VCHAR4,VARCHAR2,400,,,Y
SYSTEM,PRT_DETASOLI,31,VCHAR5,VARCHAR2,400,,,Y
SYSTEM,PRT_DETASOLI,32,NUMBER1,NUMBER,22,,,Y
SYSTEM,PRT_DETASOLI,33,NUMBER2,NUMBER,22,,,Y
SYSTEM,PRT_DETASOLI,34,NUMBER3,NUMBER,22,,,Y
SYSTEM,PRT_DETASOLI,35,NUMBER4,NUMBER,22,,,Y
SYSTEM,PRT_DETASOLI,36,NUMBER5,NUMBER,22,,,Y
SYSTEM,PRT_DETIPCAU,1,DCSL_ID,NUMBER,22,10,0,N
SYSTEM,PRT_DETIPCAU,2,VARSISTEMA,VARCHAR2,80,,,N
SYSTEM,PRT_DETIPCAU,3,TIPO,VARCHAR2,1,,,N
SYSTEM,PRT_DETIPCAU,4,DESCRIPC,VARCHAR2,200,,,Y
SYSTEM,PRT_DETIPCAU,5,USUACREA,VARCHAR2,20,,,N
SYSTEM,PRT_DETIPCAU,6,FECHCREA,DATE,7,,,N
SYSTEM,PRT_DETIPCAU,7,USUACTUA,VARCHAR2,20,,,Y
SYSTEM,PRT_DETIPCAU,8,FECHACTU,DATE,7,,,Y
SYSTEM,PRT_DETIPCAU,9,VCHAR1,VARCHAR2,500,,,Y
SYSTEM,PRT_DETIPCAU,10,VCHAR2,VARCHAR2,500,,,Y
SYSTEM,PRT_DETIPCAU,11,VCHAR3,VARCHAR2,500,,,Y
SYSTEM,PRT_DETIPCAU,12,VCHAR4,VARCHAR2,500,,,Y
SYSTEM,PRT_DETIPCAU,13,VCHAR5,VARCHAR2,500,,,Y
SYSTEM,PRT_DETIPCAU,14,NUMBER1,NUMBER,22,,,Y
SYSTEM,PRT_DETIPCAU,15,NUMBER2,NUMBER,22,,,Y
SYSTEM,PRT_DETIPCAU,16,NUMBER3,NUMBER,22,,,Y
SYSTEM,PRT_DETIPCAU,17,NUMBER4,NUMBER,22,,,Y
SYSTEM,PRT_DETIPCAU,18,NUMBER5,NUMBER,22,,,Y
SYSTEM,PRT_DETIPCAU,19,TCSL_TIPCASUA,VARCHAR2,10,,,N
SYSTEM,PRT_DETIPCAU,20,TPDC_TIPODOCU,VARCHAR2,2,,,N
SYSTEM,PRT_DETIPCAU,21,PCTS_CODIGO,VARCHAR2,30,,,N
SYSTEM,PRT_SIMUDETA,1,SDET_ID,NUMBER,22,10,0,N
SYSTEM,PRT_SIMUDETA,2,NUMECUOT,NUMBER,22,5,0,N
SYSTEM,PRT_SIMUDETA,3,VALOCOUT,NUMBER,22,25,6,N
SYSTEM,PRT_SIMUDETA,4,CAPITAL,NUMBER,22,25,6,N
SYSTEM,PRT_SIMUDETA,5,DIAS,NUMBER,22,5,0,N
SYSTEM,PRT_SIMUDETA,6,FECHVENC,DATE,7,,,N
SYSTEM,PRT_SIMUDETA,7,INTERES,NUMBER,22,16,6,Y
SYSTEM,PRT_SIMUDETA,8,FECHCOBR,DATE,7,,,Y
SYSTEM,PRT_SIMUDETA,9,TASAINTE,NUMBER,22,7,4,N
SYSTEM,PRT_SIMUDETA,10,OBS,VARCHAR2,500,,,Y
SYSTEM,PRT_SIMUDETA,11,ABONORE,NUMBER,22,25,6,Y
SYSTEM,PRT_SIMUDETA,12,INTEMORA,NUMBER,22,26,6,Y
SYSTEM,PRT_SIMUDETA,13,SALDCAPI,NUMBER,22,26,6,Y
SYSTEM,PRT_SIMUDETA,14,NUMBER1,NUMBER,22,,,Y
SYSTEM,PRT_SIMUDETA,15,NUMBER2,NUMBER,22,,,Y
SYSTEM,PRT_SIMUDETA,16,NUMBER3,NUMBER,22,,,Y
SYSTEM,PRT_SIMUDETA,17,NUMBER4,NUMBER,22,,,Y
SYSTEM,PRT_SIMUDETA,18,NUMBER5,NUMBER,22,,,Y
SYSTEM,PRT_SIMUDETA,19,VCHAR1,VARCHAR2,240,,,Y
SYSTEM,PRT_SIMUDETA,20,VCHAR2,VARCHAR2,240,,,Y
SYSTEM,PRT_SIMUDETA,21,VCHAR3,VARCHAR2,240,,,Y
SYSTEM,PRT_SIMUDETA,22,VCHAR4,VARCHAR2,240,,,Y
SYSTEM,PRT_SIMUDETA,23,VCHAR5,VARCHAR2,240,,,Y
SYSTEM,PRT_SIMUDETA,24,FECHCREA,DATE,7,,,N
SYSTEM,PRT_SIMUDETA,25,USUACREA,VARCHAR2,20,,,N
SYSTEM,PRT_SIMUDETA,26,FECHACTU,DATE,7,,,Y
SYSTEM,PRT_SIMUDETA,27,USUACTUA,VARCHAR2,20,,,Y
SYSTEM,PRT_SIMUDETA,28,EGEN_ESTADO,VARCHAR2,2,,,N
SYSTEM,PRT_SIMUDETA,29,SMCR_SMCR_ID,NUMBER,22,10,0,N
SYSTEM,PRT_SIMUDETA,30,FRPG_FORMPAGO,VARCHAR2,2,,,N
SYSTEM,PRT_SIMUDETA,31,CCPT_TIPOCAPI,VARCHAR2,2,,,N
SYSTEM,PRT_SIMUDETA,32,INTECALC,NUMBER,22,16,2,Y
SYSTEM,RHH_DETAPRES,1,DPRS_ID,NUMBER,22,10,0,N
SYSTEM,RHH_DETAPRES,2,TIPO,VARCHAR2,20,,,N
SYSTEM,RHH_DETAPRES,3,CANTIDAD,NUMBER,22,22,2,N
SYSTEM,RHH_DETAPRES,4,COSTO,NUMBER,22,22,4,N
SYSTEM,RHH_DETAPRES,5,FACTOR,NUMBER,22,18,2,Y
SYSTEM,RHH_DETAPRES,6,SUELDO,NUMBER,22,22,2,Y
SYSTEM,RHH_DETAPRES,7,MESES,NUMBER,22,10,0,Y
SYSTEM,RHH_DETAPRES,8,VALOR,NUMBER,22,22,2,N
SYSTEM,RHH_DETAPRES,9,NUMBER1,NUMBER,22,,,Y
SYSTEM,RHH_DETAPRES,10,NUMBER2,NUMBER,22,,,Y
SYSTEM,RHH_DETAPRES,11,NUMBER3,NUMBER,22,,,Y
SYSTEM,RHH_DETAPRES,12,NUMBER4,NUMBER,22,,,Y
SYSTEM,RHH_DETAPRES,13,NUMBER5,NUMBER,22,,,Y
SYSTEM,RHH_DETAPRES,14,VCHAR1,VARCHAR2,500,,,Y
SYSTEM,RHH_DETAPRES,15,VCHAR2,VARCHAR2,500,,,Y
SYSTEM,RHH_DETAPRES,16,VCHAR3,VARCHAR2,500,,,Y
SYSTEM,RHH_DETAPRES,17,VCHAR4,VARCHAR2,500,,,Y
SYSTEM,RHH_DETAPRES,18,VCHAR5,VARCHAR2,500,,,Y
SYSTEM,RHH_DETAPRES,19,TCSI_TIPOCOST,VARCHAR2,10,,,N
SYSTEM,RHH_DETAPRES,20,TCSI_COMPANIA,VARCHAR2,10,,,N
SYSTEM,RHH_DETAPRES,21,PRS_NUMERO,NUMBER,22,,,N
SYSTEM,RHH_DETAPRES,22,PRS_OFICINA,VARCHAR2,3,,,N
SYSTEM,RHH_DETAPRES,23,PRS_COMPANIA,VARCHAR2,10,,,N
SYSTEM,RHH_DETAPRES,24,RHHS_CEDURUC,VARCHAR2,13,,,N
SYSTEM,RHH_DETAPRES,25,ARTL_COMPANIA,VARCHAR2,10,,,N
SYSTEM,RHH_DETAPRES,26,ARTL_ARTICULO,VARCHAR2,30,,,N
SYSTEM,RHH_DETAPRES,27,ARTL_CLASE,VARCHAR2,20,,,N
SYSTEM,RHH_DETAPRES,28,ARTL_CODIGRUP,VARCHAR2,20,,,N
SYSTEM,RHH_DETAPRES,29,FECHCREA,DATE,7,,,N
SYSTEM,RHH_DETAPRES,30,USUACREA,VARCHAR2,20,,,N
SYSTEM,RHH_DETAPRES,31,FECHACTU,DATE,7,,,Y
SYSTEM,RHH_DETAPRES,32,USUACTUA,VARCHAR2,20,,,Y
SYSTEM,RHH_DETAVENC,1,CUOTAS_ID,NUMBER,22,10,0,N
SYSTEM,RHH_DETAVENC,2,DESCRIP,VARCHAR2,400,,,Y
SYSTEM,RHH_DETAVENC,3,REFER,VARCHAR2,30,,,Y
SYSTEM,RHH_DETAVENC,4,VALOR,NUMBER,22,16,2,Y
SYSTEM,RHH_DETAVENC,5,FECHA,DATE,7,,,Y
SYSTEM,RHH_DETAVENC,6,FECHCOBR,DATE,7,,,Y
SYSTEM,RHH_DETAVENC,7,FECHACTU,DATE,7,,,Y
SYSTEM,RHH_DETAVENC,8,FECHCREA,DATE,7,,,N
SYSTEM,RHH_DETAVENC,9,USUACREA,VARCHAR2,20,,,N
SYSTEM,RHH_DETAVENC,10,USUACTUA,VARCHAR2,20,,,Y
SYSTEM,RHH_DETAVENC,11,VNCT_ID,NUMBER,22,10,0,N
SYSTEM,RHH_DETAVENC,12,EGEN_ESTADO,VARCHAR2,2,,,N
SYSTEM,RHH_DETAVENC,13,ASTO_NUMEDIAR,NUMBER,22,10,0,Y
SYSTEM,RHH_DETAVENC,14,ASTO_CMPN_COMPANIA,VARCHAR2,10,,,Y
SYSTEM,RHH_PAGOVACA,1,PGVC_ID,NUMBER,22,10,0,N
SYSTEM,RHH_PAGOVACA,2,VALOR,NUMBER,22,20,4,N
SYSTEM,RHH_PAGOVACA,3,FECHA,DATE,7,,,N
SYSTEM,RHH_PAGOVACA,4,OBS,VARCHAR2,100,,,Y
SYSTEM,RHH_PAGOVACA,5,USUACREA,VARCHAR2,20,,,N
SYSTEM,RHH_PAGOVACA,6,FECHCREA,DATE,7,,,N
SYSTEM,RHH_PAGOVACA,7,USUACTUA,VARCHAR2,20,,,Y
SYSTEM,RHH_PAGOVACA,8,FECHACTU,DATE,7,,,Y
SYSTEM,RHH_PAGOVACA,9,PRVN_CEDURUC,VARCHAR2,13,,,N
SYSTEM,RHH_PAGOVACA,10,PRVN_CODIPROV,VARCHAR2,2,,,N
SYSTEM,RHH_PAGOVACA,11,PRVN_FECHA,DATE,7,,,N
SYSTEM,RHH_PAGOVACA,12,CANUMBER1,NUMBER,22,20,5,Y
SYSTEM,RHH_PAGOVACA,13,CANUMBER2,NUMBER,22,20,5,Y
SYSTEM,RHH_PAGOVACA,14,CVARCHAR1,VARCHAR2,100,,,Y
SYSTEM,RHH_PAGOVACA,15,CVARCHAR2,VARCHAR2,100,,,Y
SYSTEM,RHH_PAGOVACA,16,EGEN_ESTADO,VARCHAR2,2,,,Y
SYSTEM,RHH_PAGOVACA,17,ASTO_COMPANIA,VARCHAR2,10,,,Y
SYSTEM,RHH_PAGOVACA,18,ASTO_NUMEDIAR,NUMBER,22,10,0,Y
SYSTEM,RHH_PRODUCTOS,1,CODIGO,VARCHAR2,4,,,N
SYSTEM,RHH_PRODUCTOS,2,NOMBRE,VARCHAR2,20,,,N
SYSTEM,RHH_PRODUCTOS,3,USUACTUA,VARCHAR2,20,,,Y
SYSTEM,RHH_PRODUCTOS,4,FECHCREA,DATE,7,,,N
SYSTEM,RHH_PRODUCTOS,5,USUACREA,VARCHAR2,20,,,N
SYSTEM,RHH_PRODUCTOS,6,FECHACTU,DATE,7,,,Y
SYSTEM,SEG_PRODUCTO,1,PRODUCTO,VARCHAR2,10,,,N
SYSTEM,SEG_PRODUCTO,2,DESCRIPC,VARCHAR2,100,,,N
SYSTEM,SEG_PRODUCTO,3,VIGENTE,VARCHAR2,1,,,N
SYSTEM,SEG_PRODUCTO,4,URL,VARCHAR2,100,,,Y
SYSTEM,SEG_PRODUCTO,5,FECHCREA,DATE,7,,,N
SYSTEM,SEG_PRODUCTO,6,USUACREA,VARCHAR2,20,,,N
SYSTEM,SEG_PRODUCTO,7,FECHACTU,DATE,7,,,Y
SYSTEM,SEG_PRODUCTO,8,USUACTUA,VARCHAR2,20,,,Y
SYSTEM,SEG_PRODUSUA,1,USUA_IDUSUAR,VARCHAR2,20,,,N
SYSTEM,SEG_PRODUSUA,2,DESCRIPC,VARCHAR2,200,,,Y
SYSTEM,SEG_PRODUSUA,3,PRDT_PRODUCTO,VARCHAR2,3,,,N
SYSTEM,SEG_PRODUSUA,4,FECHCREA,DATE,7,,,N
SYSTEM,SEG_PRODUSUA,5,USUACREA,VARCHAR2,20,,,N
SYSTEM,SEG_PRODUSUA,6,FECHACTU,DATE,7,,,Y
SYSTEM,SEG_PRODUSUA,7,USUACTUA,VARCHAR2,20,,,N
SYSTEM,SRI_DETALOGF,1,ERDO_ID,NUMBER,22,10,0,N
SYSTEM,SRI_DETALOGF,2,LGFA_LGFA_ID,NUMBER,22,10,0,N
SYSTEM,SRI_DETALOGF,3,USUACREA,VARCHAR2,20,,,N
SYSTEM,SRI_DETALOGF,4,FECHCREA,DATE,7,,,N
SYSTEM,SRI_DETALOGF,5,TPER_CODIERRO,VARCHAR2,10,,,Y
SYSTEM,SRI_DETALOGF,6,OBSERVAC,VARCHAR2,500,,,Y
SYSTEM,SRI_DETALOGF,7,USUACTUA,VARCHAR2,20,,,Y
SYSTEM,SRI_DETALOGF,8,FECHACTU,DATE,7,,,Y
SYSTEM,SRI_LOGFACTU,1,LGFA_ID,NUMBER,22,10,0,N
SYSTEM,SRI_LOGFACTU,2,NOMBDOCU,VARCHAR2,50,,,N
SYSTEM,SRI_LOGFACTU,3,FECHA,DATE,7,,,N
SYSTEM,SRI_LOGFACTU,4,USUACREA,VARCHAR2,20,,,N
SYSTEM,SRI_LOGFACTU,5,FECHCREA,DATE,7,,,N
SYSTEM,SRI_LOGFACTU,6,VALIDADO,VARCHAR2,1,,,Y
SYSTEM,SRI_LOGFACTU,7,MENSVALI,VARCHAR2,500,,,Y
SYSTEM,SRI_LOGFACTU,8,FECHVALI,DATE,7,,,Y
SYSTEM,SRI_LOGFACTU,9,FIRMADO,VARCHAR2,1,,,Y
SYSTEM,SRI_LOGFACTU,10,FECHFIRM,DATE,7,,,Y
SYSTEM,SRI_LOGFACTU,11,RECIBIDO,VARCHAR2,1,,,Y
SYSTEM,SRI_LOGFACTU,12,MENSRECI,VARCHAR2,500,,,Y
SYSTEM,SRI_LOGFACTU,13,ESTARECI,VARCHAR2,20,,,Y
SYSTEM,SRI_LOGFACTU,14,FECHRECI,DATE,7,,,Y
SYSTEM,SRI_LOGFACTU,15,AUTORIZA,VARCHAR2,1,,,Y
SYSTEM,SRI_LOGFACTU,16,MENSAUTO,VARCHAR2,500,,,Y
SYSTEM,SRI_LOGFACTU,17,ESTAUTOR,VARCHAR2,20,,,Y
SYSTEM,SRI_LOGFACTU,18,FECHAUTO,DATE,7,,,Y
SYSTEM,SRI_LOGFACTU,19,MAIL,VARCHAR2,1,,,Y
SYSTEM,SRI_LOGFACTU,20,EMAIL,VARCHAR2,300,,,Y
SYSTEM,SRI_LOGFACTU,21,MENSMAIL,VARCHAR2,500,,,Y
SYSTEM,SRI_LOGFACTU,22,CEDURUC,VARCHAR2,20,,,Y
SYSTEM,SRI_LOGFACTU,23,RAZOSOCI,VARCHAR2,300,,,Y
SYSTEM,SRI_LOGFACTU,24,FECHMAIL,DATE,7,,,Y
SYSTEM,SRI_LOGFACTU,25,COMPANIA,VARCHAR2,10,,,Y
SYSTEM,SRI_LOGFACTU,26,NUMERO,NUMBER,22,18,0,Y
SYSTEM,SRI_LOGFACTU,27,OFICINA,VARCHAR2,10,,,Y
SYSTEM,SRI_LOGFACTU,28,SERIE,VARCHAR2,10,,,Y
SYSTEM,SRI_LOGFACTU,29,USUACTUA,VARCHAR2,20,,,Y
SYSTEM,SRI_LOGFACTU,30,FECHACTU,DATE,7,,,Y
SYSTEM,SRI_LOGFACTU,31,LGFA_MOTIVO,VARCHAR2,20,,,Y
SYSTEM,SRI_LOGFACTU,32,MOTIVO,VARCHAR2,20,,,Y
SYSTEM,SRI_LOGFACTU,33,TPCM_TIPOCOMP,VARCHAR2,10,,,Y
SYSTEM,SRI_LOGFACTU,34,VCHAR1,VARCHAR2,500,,,Y
SYSTEM,SRI_LOGFACTU,35,VCHAR2,VARCHAR2,500,,,Y
SYSTEM,SRI_LOGFACTU,36,VCHAR3,VARCHAR2,500,,,Y
SYSTEM,SRI_LOGFACTU,37,VCHAR4,VARCHAR2,500,,,Y
SYSTEM,SRI_LOGFACTU,38,VCHAR5,VARCHAR2,500,,,Y
SYSTEM,SRV_INDETEOB,1,ABRTECOB,VARCHAR2,8,,,N
SYSTEM,SRV_INDETEOB,2,NOMENCLA,VARCHAR2,200,,,N
SYSTEM,SRV_INDETEOB,3,DEFINICI,VARCHAR2,500,,,N
SYSTEM,SRV_INDETEOB,4,EXPLICAC,VARCHAR2,500,,,N
SYSTEM,SRV_INDETEOB,5,USUACREA,VARCHAR2,20,,,N
SYSTEM,SRV_INDETEOB,6,FECHCREA,DATE,7,,,N
SYSTEM,SRV_INDETEOB,7,USUACTUA,VARCHAR2,20,,,Y
SYSTEM,SRV_INDETEOB,8,FECHACTU,DATE,7,,,Y
SYSTEM,SRV_SEPRVDET,1,RCDP_IDRESCLI,NUMBER,22,10,0,Y
SYSTEM,SRV_SEPRVDET,2,SPVD_SPVD_ID,NUMBER,22,10,0,Y
SYSTEM,SRV_SEPRVDET,3,EGEN_ESTADO,VARCHAR2,2,,,N
SYSTEM,SRV_SEPRVDET,4,SPVD_ID,NUMBER,22,10,0,N
SYSTEM,SRV_SEPRVDET,5,SPVC_SPVC_ID,NUMBER,22,10,0,N
SYSTEM,SRV_SEPRVDET,6,ARTL_CODIGRUP,VARCHAR2,20,,,N
SYSTEM,SRV_SEPRVDET,7,ARTL_CLASE,VARCHAR2,20,,,N
SYSTEM,SRV_SEPRVDET,8,ARTL_ARTICULO,VARCHAR2,30,,,N
SYSTEM,SRV_SEPRVDET,9,ARTL_COMPANIA,VARCHAR2,10,,,N
SYSTEM,SRV_SEPRVDET,10,UMED_UNIDMEDI,VARCHAR2,5,,,N
SYSTEM,SRV_SEPRVDET,11,VALORSRV,NUMBER,22,18,6,Y
SYSTEM,SRV_SEPRVDET,12,IVAPORCE,NUMBER,22,18,6,Y
SYSTEM,SRV_SEPRVDET,13,FECHINST,DATE,7,,,Y
SYSTEM,SRV_SEPRVDET,14,CANTIDAD,NUMBER,22,,,N
SYSTEM,SRV_SEPRVDET,15,IVAVALOR,NUMBER,22,18,6,Y
SYSTEM,SRV_SEPRVDET,16,SUBTOTAL,NUMBER,22,18,6,Y
SYSTEM,SRV_SEPRVDET,17,SEHAFACT,VARCHAR2,1,,,Y
SYSTEM,SRV_SEPRVDET,18,STCR_STCR_ID,NUMBER,22,10,0,Y
SYSTEM,SRV_SEPRVDET,19,USUACREA,VARCHAR2,20,,,N
SYSTEM,SRV_SEPRVDET,20,FECHCREA,DATE,7,,,N
SYSTEM,SRV_SEPRVDET,21,USUACTUA,VARCHAR2,20,,,Y
SYSTEM,SRV_SEPRVDET,22,FECHACTU,DATE,7,,,Y
SYSTEM,SRV_SEPRVDET,23,CLTE_COMPANIA,VARCHAR2,10,,,Y
SYSTEM,SRV_SEPRVDET,24,CLTE_IDCLIENTE,NUMBER,22,10,0,Y
SYSTEM,SRV_SEPRVDET,25,FECHDESI,DATE,7,,,Y
SYSTEM,TLL_DETAORDEN,1,ARTL_CODIGRUP,VARCHAR2,20,,,Y
SYSTEM,TLL_DETAORDEN,2,ARTL_CLASE,VARCHAR2,20,,,Y
SYSTEM,TLL_DETAORDEN,3,ARTL_ARTICULO,VARCHAR2,30,,,Y
SYSTEM,TLL_DETAORDEN,4,ARTL_COMPANIA,VARCHAR2,10,,,Y
SYSTEM,TLL_DETAORDEN,5,DTOR_ID,NUMBER,22,10,0,N
SYSTEM,TLL_DETAORDEN,6,ORTB_COMPANIA,VARCHAR2,10,,,N
SYSTEM,TLL_DETAORDEN,7,ORTB_OFICINA,VARCHAR2,3,,,N
SYSTEM,TLL_DETAORDEN,8,ORTB_ORDEN,NUMBER,22,10,0,N
SYSTEM,TLL_DETAORDEN,9,EXTERNO,VARCHAR2,1,,,N
SYSTEM,TLL_DETAORDEN,10,CANTIDAD,NUMBER,22,10,4,Y
SYSTEM,TLL_DETAORDEN,11,CANTSOLI,NUMBER,22,10,4,Y
SYSTEM,TLL_DETAORDEN,12,PRECTOTA,NUMBER,22,16,4,Y
SYSTEM,TLL_DETAORDEN,13,USUACREA,VARCHAR2,20,,,N
SYSTEM,TLL_DETAORDEN,14,FECHCREA,DATE,7,,,N
SYSTEM,TLL_DETAORDEN,15,PRECIO,NUMBER,22,16,4,Y
SYSTEM,TLL_DETAORDEN,16,OBSERVAC,VARCHAR2,500,,,Y
SYSTEM,TLL_DETAORDEN,17,USUACTUA,VARCHAR2,20,,,Y
SYSTEM,TLL_DETAORDEN,18,FECHACTU,DATE,7,,,Y
SYSTEM,TLL_DETAREQUI,1,BDGA_OFICINA,VARCHAR2,3,,,N
SYSTEM,TLL_DETAREQUI,2,COSTOUNI,NUMBER,22,18,4,Y
SYSTEM,TLL_DETAREQUI,3,BDGA_COMPANIA,VARCHAR2,10,,,N
SYSTEM,TLL_DETAREQUI,4,BDGA_CODIBODE,VARCHAR2,5,,,N
SYSTEM,TLL_DETAREQUI,5,DTRQ_ID,NUMBER,22,10,0,N
SYSTEM,TLL_DETAREQUI,6,USUACREA,VARCHAR2,20,,,N
SYSTEM,TLL_DETAREQUI,7,FECHCREA,DATE,7,,,N
SYSTEM,TLL_DETAREQUI,8,ARTL_ARTICULO,VARCHAR2,30,,,N
SYSTEM,TLL_DETAREQUI,9,ARTL_CLASE,VARCHAR2,20,,,N
SYSTEM,TLL_DETAREQUI,10,ARTL_COMPANIA,VARCHAR2,10,,,N
SYSTEM,TLL_DETAREQUI,11,ARTL_CODIGRUP,VARCHAR2,20,,,N
SYSTEM,TLL_DETAREQUI,12,CANTSOLI,NUMBER,22,10,4,Y
SYSTEM,TLL_DETAREQUI,13,CANTIDAD,NUMBER,22,10,4,Y
SYSTEM,TLL_DETAREQUI,14,CANTDEV,NUMBER,22,10,4,Y
SYSTEM,TLL_DETAREQUI,15,PRECIO,NUMBER,22,18,4,Y
SYSTEM,TLL_DETAREQUI,16,PRECTOT,NUMBER,22,20,0,Y
SYSTEM,TLL_DETAREQUI,17,OBSERVAC,VARCHAR2,500,,,Y
SYSTEM,TLL_DETAREQUI,18,USUACTUA,VARCHAR2,20,,,Y
SYSTEM,TLL_DETAREQUI,19,FECHACTU,DATE,7,,,Y
SYSTEM,TLL_DETAREQUI,20,ONRC_NUMERO,NUMBER,22,10,0,N
SYSTEM,TLL_DETAREQUI,21,ONRC_COMPANIA,VARCHAR2,10,,,N
SYSTEM,TLL_DETAREQUI,22,ONRC_OFICINA,VARCHAR2,3,,,N
SYSTEM,TLL_DETAREQUI,23,ONRC_ORDEN,NUMBER,22,10,0,N
SYSTEM,TLL_ORDENTRC,1,NUMERO,NUMBER,22,10,0,N
SYSTEM,TLL_ORDENTRC,2,FECHENTR,DATE,7,,,Y
SYSTEM,TLL_ORDENTRC,3,FECHA,DATE,7,,,N
SYSTEM,TLL_ORDENTRC,4,USUACREA,VARCHAR2,20,,,N
SYSTEM,TLL_ORDENTRC,5,FECHCREA,DATE,7,,,N
SYSTEM,TLL_ORDENTRC,6,EGEN_ESTADO,VARCHAR2,2,,,N
SYSTEM,TLL_ORDENTRC,7,CANTIDAD,NUMBER,22,10,4,Y
SYSTEM,TLL_ORDENTRC,8,CANTSOLI,NUMBER,22,10,4,Y
SYSTEM,TLL_ORDENTRC,9,PRECIO,NUMBER,22,18,4,Y
SYSTEM,TLL_ORDENTRC,10,OBSERVACI,VARCHAR2,100,,,Y
SYSTEM,TLL_ORDENTRC,11,PRECTOT,NUMBER,22,18,4,Y
SYSTEM,TLL_ORDENTRC,12,FECHACTU,DATE,7,,,Y
SYSTEM,TLL_ORDENTRC,13,USUACTUA,VARCHAR2,20,,,Y
SYSTEM,TLL_ORDENTRC,14,ENSA_OFICINA,VARCHAR2,3,,,Y
SYSTEM,TLL_ORDENTRC,15,ENSA_TIPODOCU,VARCHAR2,2,,,Y
SYSTEM,TLL_ORDENTRC,16,ENSA_COMPANIA,VARCHAR2,10,,,Y
SYSTEM,TLL_ORDENTRC,17,ENSA_NUMERO,VARCHAR2,10,,,Y
SYSTEM,TLL_ORDENTRC,18,ORTB_COMPANIA,VARCHAR2,10,,,N
SYSTEM,TLL_ORDENTRC,19,ORTB_OFICINA,VARCHAR2,3,,,N
SYSTEM,TLL_ORDENTRC,20,ORTB_ORDEN,NUMBER,22,10,0,N
SYSTEM,TLL_ORDENTRC,21,DTOR_DTOR_ID,NUMBER,22,10,0,Y
SYSTEM,TLL_ORDENTRC,22,SOLICITA,VARCHAR2,13,,,N
SYSTEM,TLL_ORDETRAB,1,OFCN_COMPANIA,VARCHAR2,10,,,N
SYSTEM,TLL_ORDETRAB,2,OFCN_OFICINA,VARCHAR2,3,,,N
SYSTEM,TLL_ORDETRAB,3,ORDEN,NUMBER,22,10,0,N
SYSTEM,TLL_ORDETRAB,4,CDT_CDT_ID,NUMBER,22,10,0,Y
SYSTEM,TLL_ORDETRAB,5,EGEN_ESTADO,VARCHAR2,2,,,N
SYSTEM,TLL_ORDETRAB,6,RHHS_CEDURUC,VARCHAR2,13,,,N
SYSTEM,TLL_ORDETRAB,7,FECHINGR,DATE,7,,,N
SYSTEM,TLL_ORDETRAB,8,USUACREA,VARCHAR2,20,,,N
SYSTEM,TLL_ORDETRAB,9,FECHCREA,DATE,7,,,N
SYSTEM,TLL_ORDETRAB,10,FECHSALE,DATE,7,,,Y
SYSTEM,TLL_ORDETRAB,11,KM,NUMBER,22,16,0,Y
SYSTEM,TLL_ORDETRAB,12,MEDIDA,VARCHAR2,2,,,Y
SYSTEM,TLL_ORDETRAB,13,DETADANO,VARCHAR2,200,,,Y
SYSTEM,TLL_ORDETRAB,14,DIAGNOST,VARCHAR2,200,,,Y
SYSTEM,TLL_ORDETRAB,15,OBSERVAC,VARCHAR2,200,,,Y
SYSTEM,TLL_ORDETRAB,16,USUACTUA,VARCHAR2,20,,,Y
SYSTEM,TLL_ORDETRAB,17,FECHACTU,DATE,7,,,Y
SYSTEM,TLL_ORDETRAB,18,TPTB_TP,VARCHAR2,4,,,N
SYSTEM,TLL_ORDETRAB,19,ORTB_COMPANIA,VARCHAR2,10,,,Y
SYSTEM,TLL_ORDETRAB,20,ORTB_OFICINA,VARCHAR2,3,,,Y
SYSTEM,TLL_ORDETRAB,21,ORTB_ORDEN,NUMBER,22,10,0,Y
SYSTEM,TLL_ORDETRAB,22,VHTL_IDCLIENTE,NUMBER,22,10,0,N
SYSTEM,TLL_ORDETRAB,23,VHTL_COMPANIA,VARCHAR2,10,,,N
SYSTEM,TLL_ORDETRAB,24,VHTL_PLACA,VARCHAR2,10,,,N
SYSTEM,TLL_ORDETRAB,25,TPDG_CODIGO,VARCHAR2,10,,,Y
SYSTEM,TMP_DETAREQU,1,PROVEEDOR,VARCHAR2,13,,,N
SYSTEM,TMP_DETAREQU,2,COMPANIA,VARCHAR2,10,,,N
SYSTEM,TMP_DETAREQU,3,OFICINA,VARCHAR2,3,,,N
SYSTEM,TMP_DETAREQU,4,BODEGA,VARCHAR2,5,,,N
SYSTEM,TMP_DETAREQU,5,SECCION,VARCHAR2,4,,,N
SYSTEM,TMP_DETAREQU,6,CLASE,VARCHAR2,20,,,N
SYSTEM,TMP_DETAREQU,7,GRUPO,VARCHAR2,20,,,N
SYSTEM,TMP_DETAREQU,8,ARTICULO,VARCHAR2,50,,,N
SYSTEM,TMP_DETAREQU,9,CANTSUGE,NUMBER,22,16,4,Y
SYSTEM,TMP_DETAREQU,10,CANTSOLI,NUMBER,22,16,4,N
SYSTEM,TMP_DETAREQU,11,COSTUNIT,NUMBER,22,16,4,Y
SYSTEM,TMP_DETAREQU,12,CANTBODE,NUMBER,22,,,Y
SYSTEM,TMP_DETAREQU,13,COSTPROM,NUMBER,22,,,Y
SYSTEM,TMP_DETAREQU,14,VENMESACT,NUMBER,22,,,Y
SYSTEM,TMP_DETAREQU,15,ULTMCOST,NUMBER,22,16,4,Y
SYSTEM,TMP_DETAREQU,16,FULTCOMP,DATE,7,,,Y
SYSTEM,TMP_DETAREQU,17,LINECOMP,VARCHAR2,300,,,Y
SYSTEM,TMP_DETAREQU,18,TMDR_ID,NUMBER,22,,,N
SYSTEM,TMP_DETAREQU,19,OBSERVAC,VARCHAR2,1500,,,Y
SYSTEM,VEN_DETAFACT,1,DTFC_ID,NUMBER,22,10,0,N
SYSTEM,VEN_DETAFACT,2,FECHCREA,DATE,7,,,N
SYSTEM,VEN_DETAFACT,3,USUACREA,VARCHAR2,20,,,N
SYSTEM,VEN_DETAFACT,4,FECHACTU,DATE,7,,,Y
SYSTEM,VEN_DETAFACT,5,USUACTUA,VARCHAR2,20,,,N
SYSTEM,VEN_DETAFLET,1,CANT_CODICANT,VARCHAR2,3,,,N
SYSTEM,VEN_DETAFLET,2,CANT_CODIPROV,VARCHAR2,3,,,N
SYSTEM,VEN_DETAFLET,3,SRFL_CODIFLET,VARCHAR2,4,,,N
SYSTEM,VEN_DETAFLET,4,SRFL_COMPANIA,VARCHAR2,10,,,N
SYSTEM,VEN_DETAFLET,5,SRFL_OFICINA,VARCHAR2,3,,,N
SYSTEM,VEN_DETAFLET,6,VALOFLET,NUMBER,22,16,2,N
SYSTEM,VEN_DETAFLET,7,CARGOADI,NUMBER,22,16,2,Y
SYSTEM,VEN_DETAFLET,8,OBSERVAC,VARCHAR2,400,,,Y
SYSTEM,VEN_DETAFLET,9,DTFL_ID,NUMBER,22,10,0,N
SYSTEM,VEN_DETAFLET,10,FECHCREA,DATE,7,,,N
SYSTEM,VEN_DETAFLET,11,USUACREA,VARCHAR2,20,,,N
SYSTEM,VEN_DETAFLET,12,FECHACTU,DATE,7,,,Y
SYSTEM,VEN_DETAFLET,13,USUACTUA,VARCHAR2,20,,,Y
SYSTEM,VEN_DETAPROD,1,DPR_ID,NUMBER,22,10,0,N
SYSTEM,VEN_DETAPROD,2,VALOR,NUMBER,22,20,8,N
SYSTEM,VEN_DETAPROD,3,CANTIDAD,NUMBER,22,16,6,N
SYSTEM,VEN_DETAPROD,4,PORCDESC,NUMBER,22,10,6,Y
SYSTEM,VEN_DETAPROD,5,PRECUNIT,NUMBER,22,20,8,N
SYSTEM,VEN_DETAPROD,6,TASAIVA,NUMBER,22,7,0,Y
SYSTEM,VEN_DETAPROD,7,CANTFACT,NUMBER,22,16,6,Y
SYSTEM,VEN_DETAPROD,8,TASAICE,NUMBER,22,7,4,Y
SYSTEM,VEN_DETAPROD,9,OBS,VARCHAR2,600,,,Y
SYSTEM,VEN_DETAPROD,10,USUACREA,VARCHAR2,20,,,N
SYSTEM,VEN_DETAPROD,11,FECHCREA,DATE,7,,,N
SYSTEM,VEN_DETAPROD,12,FECHACTU,DATE,7,,,Y
SYSTEM,VEN_DETAPROD,13,USUACTUA,VARCHAR2,20,,,Y
SYSTEM,VEN_DETAPROD,14,ENTRSALI,VARCHAR2,1,,,N
SYSTEM,VEN_DETAPROD,15,NUMBER5,NUMBER,22,,,Y
SYSTEM,VEN_DETAPROD,16,NUMBER2,NUMBER,22,,,Y
SYSTEM,VEN_DETAPROD,17,VCHAR2,VARCHAR2,500,,,Y
SYSTEM,VEN_DETAPROD,18,NUMBER4,NUMBER,22,,,Y
SYSTEM,VEN_DETAPROD,19,VCHAR4,VARCHAR2,500,,,Y
SYSTEM,VEN_DETAPROD,20,VCHAR5,VARCHAR2,500,,,Y
SYSTEM,VEN_DETAPROD,21,VCHAR1,VARCHAR2,500,,,Y
SYSTEM,VEN_DETAPROD,22,NUMBER1,NUMBER,22,,,Y
SYSTEM,VEN_DETAPROD,23,VALDESC,NUMBER,22,18,6,N
SYSTEM,VEN_DETAPROD,24,VCHAR3,VARCHAR2,500,,,Y
SYSTEM,VEN_DETAPROD,25,NUMBER3,NUMBER,22,,,Y
SYSTEM,VEN_DETAPROD,26,VNTA_COMPANIA,VARCHAR2,10,,,N
SYSTEM,VEN_DETAPROD,27,VNTA_TIPOCOMP,VARCHAR2,2,,,N
SYSTEM,VEN_DETAPROD,28,VNTA_OFICINA,VARCHAR2,3,,,N
SYSTEM,VEN_DETAPROD,29,VNTA_SERIE,VARCHAR2,6,,,N
SYSTEM,VEN_DETAPROD,30,VNTA_NUMERO,NUMBER,22,10,0,N
SYSTEM,VEN_DETAPROD,31,ARTL_COMPANIA,VARCHAR2,10,,,N
SYSTEM,VEN_DETAPROD,32,ARTL_CODIGRUP,VARCHAR2,20,,,N
SYSTEM,VEN_DETAPROD,33,ARTL_ARTICULO,VARCHAR2,30,,,N
SYSTEM,VEN_DETAPROD,34,ARTL_CLASE,VARCHAR2,20,,,N
SYSTEM,VEN_DETAPROD,35,UMED_UNIDMEDI,VARCHAR2,5,,,Y
SYSTEM,VEN_DETAPROD,36,PROMOCION,VARCHAR2,1,,,N
SYSTEM,VEN_DETAPROD,37,PRORATEO,VARCHAR2,1,,,N
SYSTEM,VEN_DETAPROD,38,DPR_DPR_ID,NUMBER,22,10,0,Y
SYSTEM,VEN_DETAPROD,39,TIPO,VARCHAR2,1,,,N
SYSTEM,VEN_DETAPROD,40,COSTUNIT,NUMBER,22,18,8,N
SYSTEM,VEN_DETAPROD,41,COSTACTU,NUMBER,22,18,8,Y
SYSTEM,VEN_DETAPROD,42,NCCL_OFICINA,VARCHAR2,3,,,Y
SYSTEM,VEN_DETAPROD,43,NCCL_NUMERO,VARCHAR2,10,,,Y
SYSTEM,VEN_DETAPROD,44,NCCL_SERIE,VARCHAR2,6,,,Y
SYSTEM,VEN_DETAPROD,45,NCCL_COMPANIA,VARCHAR2,10,,,Y
SYSTEM,VEN_DETAPROD,46,CANTDEVU,NUMBER,22,16,6,Y
SYSTEM,VEN_DETAPROD,47,VALORIVA,NUMBER,22,18,2,Y
SYSTEM,VEN_DETAPROF,1,ARTL_COMPANIA,VARCHAR2,10,,,N
SYSTEM,VEN_DETAPROF,2,ARTL_CLASE,VARCHAR2,20,,,N
SYSTEM,VEN_DETAPROF,3,ARTL_CODIGRUP,VARCHAR2,20,,,N
SYSTEM,VEN_DETAPROF,4,ARTL_ARTICULO,VARCHAR2,30,,,N
SYSTEM,VEN_DETAPROF,5,PRFM_PRFM_ID,NUMBER,22,10,0,N
SYSTEM,VEN_DETAPROF,6,CANTIDAD,NUMBER,22,18,6,N
SYSTEM,VEN_DETAPROF,7,PRECUNIT,NUMBER,22,20,8,N
SYSTEM,VEN_DETAPROF,8,PRECTOTA,NUMBER,22,18,6,N
SYSTEM,VEN_DETAPROF,9,PORCDESC,NUMBER,22,10,6,Y
SYSTEM,VEN_DETAPROF,10,OBS,VARCHAR2,600,,,Y
SYSTEM,VEN_DETAPROF,11,DPRF_ID,NUMBER,22,10,0,N
SYSTEM,VEN_DETAPROF,12,FECHCREA,DATE,7,,,N
SYSTEM,VEN_DETAPROF,13,USUACREA,VARCHAR2,20,,,N
SYSTEM,VEN_DETAPROF,14,FECHACTU,DATE,7,,,Y
SYSTEM,VEN_DETAPROF,15,USUACTUA,VARCHAR2,20,,,Y
SYSTEM,VEN_DETAPROF,16,PROMOCION,VARCHAR2,1,,,N
SYSTEM,VEN_DETAPROF,17,PRORATEO,VARCHAR2,1,,,N
SYSTEM,VEN_DETAPROF,18,CANTPROMO,NUMBER,22,18,6,Y
SYSTEM,VEN_DETAPROF,19,TASAIVA,NUMBER,22,7,4,Y
SYSTEM,VEN_DETAPROF,20,TASAICE,NUMBER,22,7,4,Y
SYSTEM,VEN_DETAPROF,21,VEDIDO,VARCHAR2,1,,,N
SYSTEM,VEN_DETAPROF,22,FECHCOMP,DATE,7,,,Y
SYSTEM,VEN_DETAPROF,23,CANTAUX,NUMBER,22,6,0,Y
SYSTEM,VEN_DETAPROF,24,PRECSINPR,NUMBER,22,18,6,N
SYSTEM,VEN_DETAPROF,25,VALDESC,NUMBER,22,18,6,N
SYSTEM,VEN_DETAPROF,26,SECC_CODIBODE,VARCHAR2,5,,,Y
SYSTEM,VEN_DETAPROF,27,SECC_COMPANIA,VARCHAR2,10,,,Y
SYSTEM,VEN_DETAPROF,28,SECC_OFICINA,VARCHAR2,3,,,Y
SYSTEM,VEN_DETAPROF,29,SECC_CODISECC,VARCHAR2,4,,,Y
SYSTEM,VEN_DETAPROF,30,RCTA_RCTA_ID,NUMBER,22,10,0,Y
SYSTEM,VEN_DETAPROF,31,DPRF_DPRF_ID,NUMBER,22,10,0,Y
SYSTEM,VEN_DETAPROF,32,UMED_UNIDMEDI_CAJA,VARCHAR2,5,,,Y
SYSTEM,VEN_DETAPROF,33,UMED_UNIDMEDI,VARCHAR2,5,,,Y
SYSTEM,VEN_DETAPROF,34,NUMEAGRU,NUMBER,22,18,6,Y
SYSTEM,VEN_DETAPROF,35,CANTITEM,NUMBER,22,18,6,Y
SYSTEM,VEN_DETAPROF,36,PORDESPR,NUMBER,22,10,0,Y
SYSTEM,VEN_DETAPROF,37,NUMBER1,NUMBER,22,,,Y
SYSTEM,VEN_DETAPROF,38,NUMBER2,NUMBER,22,,,Y
SYSTEM,VEN_DETAPROF,39,NUMBER3,NUMBER,22,,,Y
SYSTEM,VEN_DETAPROF,40,NUMBER4,NUMBER,22,,,Y
SYSTEM,VEN_DETAPROF,41,NUMBER5,NUMBER,22,,,Y
SYSTEM,VEN_DETAPROF,42,VCHAR1,VARCHAR2,500,,,Y
SYSTEM,VEN_DETAPROF,43,VCHAR2,VARCHAR2,500,,,Y
SYSTEM,VEN_DETAPROF,44,VCHAR3,VARCHAR2,500,,,Y
SYSTEM,VEN_DETAPROF,45,VCHAR4,VARCHAR2,500,,,Y
SYSTEM,VEN_DETAPROF,46,VCHAR5,VARCHAR2,500,,,Y
SYSTEM,VEN_DETAPROF,47,COMBO,VARCHAR2,1,,,N
SYSTEM,VEN_DETARTPR,1,VIGENTE,VARCHAR2,1,,,N
SYSTEM,VEN_DETARTPR,2,FECHCREA,DATE,7,,,N
SYSTEM,VEN_DETARTPR,3,USUACREA,VARCHAR2,20,,,N
SYSTEM,VEN_DETARTPR,4,FECHACTU,DATE,7,,,Y
SYSTEM,VEN_DETARTPR,5,USUACTUA,VARCHAR2,20,,,Y
SYSTEM,VEN_DETARTPR,6,ARTL_CLASE,VARCHAR2,20,,,N
SYSTEM,VEN_DETARTPR,7,ARTL_COMPANIA,VARCHAR2,10,,,N
SYSTEM,VEN_DETARTPR,8,ARTL_ARTICULO,VARCHAR2,30,,,N
SYSTEM,VEN_DETARTPR,9,ARTL_CODIGRUP,VARCHAR2,20,,,N
SYSTEM,VEN_DETARTPR,10,LNEA_COMPANIA,VARCHAR2,10,,,N
SYSTEM,VEN_DETARTPR,11,LNEA_CODLINEA,VARCHAR2,10,,,N
SYSTEM,VEN_DETARTPR,12,VEXI_VEXI_ID,NUMBER,22,10,0,N
SYSTEM,VEN_GRPOVENT,1,GRVN_ID,NUMBER,22,10,0,N
SYSTEM,VEN_GRPOVENT,2,CDT_CDT_ID,NUMBER,22,10,0,N
SYSTEM,VEN_GRPOVENT,3,PRFM_PRFM_ID,NUMBER,22,10,0,N
SYSTEM,VEN_GRPOVENT,4,VHCL_VHCL_ID,NUMBER,22,10,0,N
SYSTEM,VEN_GRPOVENT,5,USUACREA,VARCHAR2,20,,,N
SYSTEM,VEN_GRPOVENT,6,FECHCREA,DATE,7,,,N
SYSTEM,VEN_GRPOVENT,7,OBSERVAC,VARCHAR2,100,,,Y
SYSTEM,VEN_GRPOVENT,8,USUACTUA,VARCHAR2,20,,,Y
SYSTEM,VEN_GRPOVENT,9,FECHACTU,VARCHAR2,20,,,Y
SYSTEM,VEN_PLANPAGO,1,EGEN_ESTADO,VARCHAR2,2,,,N
SYSTEM,VEN_PLANPAGO,2,PLPP_ID,NUMBER,22,10,0,N
SYSTEM,VEN_PLANPAGO,3,NUMEPLAN,NUMBER,22,,,N
SYSTEM,VEN_PLANPAGO,4,FECHA,DATE,7,,,N
SYSTEM,VEN_PLANPAGO,5,VALOR,NUMBER,22,20,5,N
SYSTEM,VEN_PLANPAGO,6,REFERPP,VARCHAR2,50,,,Y
SYSTEM,VEN_PLANPAGO,7,IDPETIPP,VARCHAR2,50,,,Y
SYSTEM,VEN_PLANPAGO,8,ESTADOPP,VARCHAR2,50,,,Y
SYSTEM,VEN_PLANPAGO,9,FECHAPP,VARCHAR2,80,,,Y
SYSTEM,VEN_PLANPAGO,10,OBSERPP,VARCHAR2,200,,,Y
SYSTEM,VEN_PLANPAGO,11,REFINTPP,VARCHAR2,50,,,Y
SYSTEM,VEN_PLANPAGO,12,USUACREA,VARCHAR2,20,,,N
SYSTEM,VEN_PLANPAGO,13,FECHCREA,DATE,7,,,N
SYSTEM,VEN_PLANPAGO,14,USUACTUA,VARCHAR2,20,,,Y
SYSTEM,VEN_PLANPAGO,15,FECHACTU,DATE,7,,,Y
SYSTEM,VEN_PLANPAGO,16,PRFM_PRFM_ID,NUMBER,22,10,0,N
SYSTEM,VEN_PLANPAGO,17,NUMBER1,NUMBER,22,,,Y
SYSTEM,VEN_PLANPAGO,18,NUMBER2,NUMBER,22,,,Y
SYSTEM,VEN_PLANPAGO,19,NUMBER3,NUMBER,22,,,Y
SYSTEM,VEN_PLANPAGO,20,NUMBER4,NUMBER,22,,,Y
SYSTEM,VEN_PLANPAGO,21,NUMBER5,NUMBER,22,,,Y
SYSTEM,VEN_PLANPAGO,22,VCHAR1,VARCHAR2,500,,,Y
SYSTEM,VEN_PLANPAGO,23,VCHAR2,VARCHAR2,500,,,Y
SYSTEM,VEN_PLANPAGO,24,VCHAR3,VARCHAR2,500,,,Y
SYSTEM,VEN_PLANPAGO,25,VCHAR4,VARCHAR2,500,,,Y
SYSTEM,VEN_PLANPAGO,26,VCHAR5,VARCHAR2,500,,,Y
SYSTEM,VEN_PLANPAGO,27,OBS,VARCHAR2,500,,,Y
SYSTEM,VEN_PLANPAGO,28,LOTRECAP,VARCHAR2,100,,,Y
SYSTEM,VEN_PLANPAGO,29,FECHVCTO,DATE,7,,,Y
SYSTEM,VEN_TMPRETDETA,1,TRDT_ID,NUMBER,22,10,0,N
SYSTEM,VEN_TMPRETDETA,2,CODTIPRETESRI,VARCHAR2,10,,,Y
SYSTEM,VEN_TMPRETDETA,3,CODIRETESRI,VARCHAR2,10,,,Y
SYSTEM,VEN_TMPRETDETA,4,BASERETE,NUMBER,22,20,6,Y
SYSTEM,VEN_TMPRETDETA,5,TASARETE,NUMBER,22,7,4,Y
SYSTEM,VEN_TMPRETDETA,6,VALORETE,NUMBER,22,20,6,Y
SYSTEM,VEN_TMPRETDETA,7,DESCRIPC,VARCHAR2,500,,,Y
SYSTEM,VEN_TMPRETDETA,8,REFER,VARCHAR2,30,,,Y
SYSTEM,VEN_TMPRETDETA,9,USUACREA,VARCHAR2,20,,,N
SYSTEM,VEN_TMPRETDETA,10,FECHCREA,DATE,7,,,N
SYSTEM,VEN_TMPRETDETA,11,USUACTUA,VARCHAR2,20,,,Y
SYSTEM,VEN_TMPRETDETA,12,FECHACTU,DATE,7,,,Y
SYSTEM,VEN_TMPRETDETA,13,TMRT_CEDURUCCL,VARCHAR2,50,,,N
SYSTEM,VEN_TMPRETDETA,14,TMRT_SERIE,VARCHAR2,10,,,N
SYSTEM,VEN_TMPRETDETA,15,TMRT_NUMERO,NUMBER,22,10,0,N
SYSTEM,VEN_TMPRETDETA,16,TRET_TIPORETE,VARCHAR2,10,,,Y
SYSTEM,VEN_VENTAS,1,OFCN_COMPANIA,VARCHAR2,10,,,N
SYSTEM,VEN_VENTAS,2,DESCUENTO,NUMBER,22,8,2,Y
SYSTEM,VEN_VENTAS,3,IMPRESO,VARCHAR2,1,,,N
SYSTEM,VEN_VENTAS,4,ESPECIAL,VARCHAR2,1,,,N
SYSTEM,VEN_VENTAS,5,FECHDESP,DATE,7,,,Y
SYSTEM,VEN_VENTAS,6,DESPACHO,VARCHAR2,1,,,N
SYSTEM,VEN_VENTAS,7,OFCN_OFICINA,VARCHAR2,3,,,N
SYSTEM,VEN_VENTAS,8,SERIE,VARCHAR2,6,,,N
SYSTEM,VEN_VENTAS,9,NUMERO,NUMBER,22,10,0,N
SYSTEM,VEN_VENTAS,10,FECHA,DATE,7,,,N
SYSTEM,VEN_VENTAS,11,TASAIVA,NUMBER,22,7,4,N
SYSTEM,VEN_VENTAS,12,TASAICE,NUMBER,22,7,4,Y
SYSTEM,VEN_VENTAS,13,BASEIVA0,NUMBER,22,16,2,N
SYSTEM,VEN_VENTAS,14,REFER,VARCHAR2,30,,,Y
SYSTEM,VEN_VENTAS,15,OBS,VARCHAR2,1000,,,Y
SYSTEM,VEN_VENTAS,16,FECHVALI,DATE,7,,,Y
SYSTEM,VEN_VENTAS,17,ANEXO,VARCHAR2,1,,,N
SYSTEM,VEN_VENTAS,18,FECHVCTO,DATE,7,,,Y
SYSTEM,VEN_VENTAS,19,FECHCANC,DATE,7,,,Y
SYSTEM,VEN_VENTAS,20,IMPSERVI,VARCHAR2,1,,,N
SYSTEM,VEN_VENTAS,21,VALIMPSERVI,NUMBER,22,16,2,Y
SYSTEM,VEN_VENTAS,22,BASEIVA,NUMBER,22,16,2,N
SYSTEM,VEN_VENTAS,23,TOTAL,NUMBER,22,16,2,Y
SYSTEM,VEN_VENTAS,24,NUMEAUTO,VARCHAR2,15,,,Y
SYSTEM,VEN_VENTAS,25,EGEN_ESTADO,VARCHAR2,2,,,N
SYSTEM,VEN_VENTAS,26,FRPG_FORMPAGO,VARCHAR2,2,,,N
SYSTEM,VEN_VENTAS,27,GRPS_COMPANIA,VARCHAR2,10,,,N
SYSTEM,VEN_VENTAS,28,GRPS_IDCLIENTE,NUMBER,22,10,0,N
SYSTEM,VEN_VENTAS,29,GRPS_LSPR_ID,NUMBER,22,10,0,N
SYSTEM,VEN_VENTAS,30,VNDR_COMPANIA,VARCHAR2,10,,,N
SYSTEM,VEN_VENTAS,31,VNDR_OFICINA,VARCHAR2,3,,,N
SYSTEM,VEN_VENTAS,32,VNDR_CODIGO,VARCHAR2,10,,,N
SYSTEM,VEN_VENTAS,33,INCN_COMPANIA,VARCHAR2,10,,,Y
SYSTEM,VEN_VENTAS,34,INCN_PRODUCTO,VARCHAR2,3,,,Y
SYSTEM,VEN_VENTAS,35,INCN_TIPODOCU,VARCHAR2,2,,,Y
SYSTEM,VEN_VENTAS,36,INCN_CODITRAN,VARCHAR2,10,,,Y
SYSTEM,VEN_VENTAS,37,MONE_MONEDA,VARCHAR2,5,,,N
SYSTEM,VEN_VENTAS,38,PRPG_CODIPERI,VARCHAR2,2,,,N
SYSTEM,VEN_VENTAS,39,SCTR_SECUTRAN,VARCHAR2,2,,,N
SYSTEM,VEN_VENTAS,40,TPCM_TIPOCOMP,VARCHAR2,10,,,N
SYSTEM,VEN_VENTAS,41,PRFM_PRFM_ID,NUMBER,22,10,0,Y
SYSTEM,VEN_VENTAS,42,ASTO_COMPANIA,VARCHAR2,10,,,Y
SYSTEM,VEN_VENTAS,43,ASTO_NUMEDIAR,NUMBER,22,10,0,Y
SYSTEM,VEN_VENTAS,44,VNTA_COMPANIA,VARCHAR2,10,,,Y
SYSTEM,VEN_VENTAS,45,VNTA_OFICINA,VARCHAR2,3,,,Y
SYSTEM,VEN_VENTAS,46,VNTA_NUMERO,NUMBER,22,10,0,Y
SYSTEM,VEN_VENTAS,47,VNTA_SERIE,VARCHAR2,6,,,Y
SYSTEM,VEN_VENTAS,48,FECHCREA,DATE,7,,,N
SYSTEM,VEN_VENTAS,49,USUACREA,VARCHAR2,20,,,N
SYSTEM,VEN_VENTAS,50,FECHACTU,DATE,7,,,Y
SYSTEM,VEN_VENTAS,51,USUACTUA,VARCHAR2,20,,,Y
SYSTEM,VEN_VENTAS,52,FECHPROC,DATE,7,,,Y
SYSTEM,VEN_VENTAS,53,VALDESC,NUMBER,22,16,6,N
SYSTEM,VEN_VENTAS,54,VNTA_TIPOCOMP,VARCHAR2,2,,,Y
SYSTEM,VEN_VENTAS,55,FLETE,VARCHAR2,1,,,N
SYSTEM,VEN_VENTAS,56,ORTB_COMPANIA,VARCHAR2,10,,,Y
SYSTEM,VEN_VENTAS,57,ORTB_OFICINA,VARCHAR2,3,,,Y
SYSTEM,VEN_VENTAS,58,ORTB_ORDEN,NUMBER,22,10,0,Y
SYSTEM,VEN_VENTAS,59,SECUCLIE,NUMBER,22,10,0,Y
SYSTEM,VEN_VENTAS,60,EMAIL,VARCHAR2,1,,,Y
SYSTEM,VEN_VENTAS,61,FENVIO,DATE,7,,,Y
SYSTEM,VEN_VENTAS,62,FECHFUTU,DATE,7,,,Y
SYSTEM,VEN_VENTAS,63,DIDE_DIDE_ID,NUMBER,22,10,0,Y
SYSTEM,VEN_VENTAS,64,TPAG_CODIGO,VARCHAR2,10,,,Y
SYSTEM,VEN_VENTAS,65,NUMEAUTOSRI,VARCHAR2,200,,,Y
SYSTEM,VEN_VENTAS,66,CLAVACCESRI,VARCHAR2,200,,,Y
SYSTEM,VEN_VENTAS,67,FECHAUTOSRI,VARCHAR2,40,,,Y
SYSTEM,VEN_VENTAS,68,ESTDAUTOSRI,VARCHAR2,20,,,Y
SYSTEM,VEN_VENTAS,69,NUMBER1,NUMBER,22,,,Y
SYSTEM,VEN_VENTAS,70,NUMBER2,NUMBER,22,,,Y
SYSTEM,VEN_VENTAS,71,NUMBER3,NUMBER,22,,,Y
SYSTEM,VEN_VENTAS,72,NUMBER4,NUMBER,22,,,Y
SYSTEM,VEN_VENTAS,73,NUMBER5,NUMBER,22,,,Y
SYSTEM,VEN_VENTAS,74,VCHAR1,VARCHAR2,500,,,Y
SYSTEM,VEN_VENTAS,75,VCHAR2,VARCHAR2,500,,,Y
SYSTEM,VEN_VENTAS,76,VCHAR3,VARCHAR2,500,,,Y
SYSTEM,VEN_VENTAS,77,VCHAR4,VARCHAR2,500,,,Y
SYSTEM,VEN_VENTAS,78,VCHAR5,VARCHAR2,500,,,Y
SYSTEM,VEN_VENTAS,79,ORTR_ORTR_ID,NUMBER,22,10,0,Y
SYSTEM,VEN_VENTAS,80,VALOCOMP,NUMBER,22,16,2,Y
SYSTEM,VEN_VENTAS,81,BASEICE,NUMBER,22,16,2,Y
SYSTEM,VEN_VENTAS,82,VALORICE,NUMBER,22,16,2,Y
SYSTEM,VEN_VENTAS,83,LTPR_CODIGO,VARCHAR2,10,,,Y
SYSTEM,VEN_VENTAS,84,UNNE_CODIGO,VARCHAR2,20,,,Y
SYSTEM,VEN_VENTAS,85,ENTRPARC,VARCHAR2,1,,,N
SYSTEM,VEN_VENTAS,86,NUMEDIARAN,NUMBER,22,10,0,Y
SYSTEM,VEN_VENTAS,87,NUMEDIARPR,NUMBER,22,10,0,Y
SYSTEM,VEN_VENTAS,88,VALORIVA,NUMBER,22,18,2,Y
SYSTEM,VEN_VENTAS,89,BASENOIVA,NUMBER,22,16,2,N
SYSTEM,VEN_VENTAS,90,BASEEXIVA,NUMBER,22,16,2,N
SYSTEM,VEN_VENTAS,91,IRBPNR,NUMBER,22,16,2,Y
SYSTEM,VEN_VENTAS,92,NUMECONT,VARCHAR2,50,,,Y
SYSTEM,VEN_VENTPERD,1,OFCN_COMPANIA,VARCHAR2,10,,,N
SYSTEM,VEN_VENTPERD,2,OFCN_OFICINA,VARCHAR2,3,,,N
SYSTEM,VEN_VENTPERD,3,VNPD_ID,NUMBER,22,10,0,N
SYSTEM,VEN_VENTPERD,4,CANTIDAD,NUMBER,22,16,6,N
SYSTEM,VEN_VENTPERD,5,FECHA,DATE,7,,,N
SYSTEM,VEN_VENTPERD,6,ARTL_NUEVO,VARCHAR2,80,,,Y
SYSTEM,VEN_VENTPERD,7,DESCRIP,VARCHAR2,200,,,Y
SYSTEM,VEN_VENTPERD,8,USUACREA,VARCHAR2,20,,,N
SYSTEM,VEN_VENTPERD,9,FECHCREA,DATE,7,,,N
SYSTEM,VEN_VENTPERD,10,USUACTUA,VARCHAR2,20,,,Y
SYSTEM,VEN_VENTPERD,11,FECHACTU,DATE,7,,,Y
SYSTEM,VEN_VENTPERD,12,ARTL_COMPANIA,VARCHAR2,10,,,Y
SYSTEM,VEN_VENTPERD,13,ARTL_CODIGRUP,VARCHAR2,20,,,Y
SYSTEM,VEN_VENTPERD,14,ARTL_CLASE,VARCHAR2,20,,,Y
SYSTEM,VEN_VENTPERD,15,ARTL_ARTICULO,VARCHAR2,30,,,Y
SYSTEM,VEN_VENTPERD,16,VNTA_SERIE,VARCHAR2,6,,,Y
SYSTEM,VEN_VENTPERD,17,VNTA_OFICINA,VARCHAR2,3,,,Y
SYSTEM,VEN_VENTPERD,18,VNTA_COMPANIA,VARCHAR2,10,,,Y
SYSTEM,VEN_VENTPERD,19,VNTA_TIPOCOMP,VARCHAR2,2,,,Y
SYSTEM,VEN_VENTPERD,20,VNTA_NUMERO,NUMBER,22,10,0,Y
