OWNER,TABLE_NAME,COLUMN_ID,COLUMN_NAME,DATA_TYPE,DATA_LENGTH,DATA_PRECISION,DATA_SCALE,NULLABLE
SYSTEM,ADM_AUTORIZA,1,USUASOLI,VARCHAR2,20,,,Y
SYSTEM,ADM_AUTORIZA,2,EGEN_ESTADO,VARCHAR2,2,,,Y
SYSTEM,ADM_AUTORIZA,3,USUATORI,VARCHAR2,20,,,Y
SYSTEM,ADM_AUTORIZA,4,MOTIVO,VARCHAR2,1000,,,Y
SYSTEM,ADM_AUTORIZA,5,FECHSOLI,DATE,7,,,Y
SYSTEM,ADM_AUTORIZA,6,FECHAUTO,DATE,7,,,Y
SYSTEM,ADM_AUTORIZA,7,AUTO_ID,NUMBER,22,10,0,N
SYSTEM,ADM_AUTORIZA,8,FECHCREA,DATE,7,,,N
SYSTEM,ADM_AUTORIZA,9,USUACREA,VARCHAR2,20,,,N
SYSTEM,ADM_AUTORIZA,10,FECHACTU,DATE,7,,,Y
SYSTEM,ADM_AUTORIZA,11,USUACTUA,VARCHAR2,20,,,Y
SYSTEM,ADM_AUTORIZA,12,ASTO_COMPANIA,VARCHAR2,10,,,Y
SYSTEM,ADM_AUTORIZA,13,ASTO_NUMEDIAR,NUMBER,22,10,0,Y
SYSTEM,ADM_AUTORIZA,14,FECHPROC,DATE,7,,,Y
SYSTEM,ADM_AUTORIZA,15,USUAPROC,VARCHAR2,20,,,Y
SYSTEM,ADM_AUTORIZA,16,CRED_CRED_ID,NUMBER,22,10,0,Y
SYSTEM,ADM_AUTORIZA,17,SAPE_ID,NUMBER,22,10,0,Y
SYSTEM,ADM_AUTORIZA,18,CMPR_ALCANCE,NUMBER,22,1,0,Y
SYSTEM,ADM_AUTORIZA,19,CMPR_NUMERO,NUMBER,22,10,0,Y
SYSTEM,ADM_AUTORIZA,20,CMPR_SERIE,VARCHAR2,6,,,Y
SYSTEM,ADM_AUTORIZA,21,CPRE_COMPANIA,VARCHAR2,10,,,Y
SYSTEM,ADM_AUTORIZA,22,ENSA_NUMERO,VARCHAR2,10,,,Y
SYSTEM,ADM_AUTORIZA,23,CMPR_CEDURUC,VARCHAR2,13,,,Y
SYSTEM,ADM_AUTORIZA,24,CMPR_COMPANIA,VARCHAR2,10,,,Y
SYSTEM,ADM_AUTORIZA,25,CPRE_NUMERO,VARCHAR2,10,,,Y
SYSTEM,ADM_AUTORIZA,26,CPRE_OFICINA,VARCHAR2,3,,,Y
SYSTEM,ADM_AUTORIZA,27,ENSA_COMPANIA,VARCHAR2,10,,,Y
SYSTEM,ADM_AUTORIZA,28,ENSA_OFICINA,VARCHAR2,3,,,Y
SYSTEM,ADM_AUTORIZA,29,ENSA_TIPODOCU,VARCHAR2,2,,,Y
SYSTEM,ADM_AUTORIZA,30,LSPR_LSPR_ID,NUMBER,22,10,0,Y
SYSTEM,ADM_AUTORIZA,31,OPRD_NUMERO,VARCHAR2,10,,,Y
SYSTEM,ADM_AUTORIZA,32,OPRD_COMPANIA,VARCHAR2,10,,,Y
SYSTEM,ADM_AUTORIZA,33,OPRD_OFICINA,VARCHAR2,3,,,Y
SYSTEM,ADM_AUTORIZA,34,VNTA_NUMERO,NUMBER,22,10,0,Y
SYSTEM,ADM_AUTORIZA,35,VNTA_COMPANIA,VARCHAR2,10,,,Y
SYSTEM,ADM_AUTORIZA,36,VNTA_OFICINA,VARCHAR2,3,,,Y
SYSTEM,ADM_AUTORIZA,37,VNTA_SERIE,VARCHAR2,6,,,Y
SYSTEM,ADM_AUTORIZA,38,MEMO_MEMO_ID,NUMBER,22,10,0,Y
SYSTEM,ADM_AUTORIZA,39,VNTA_TIPOCOMP,VARCHAR2,2,,,Y
SYSTEM,ADM_AUTORIZA,40,ORTR_ORTR_ID,NUMBER,22,10,0,Y
SYSTEM,ADM_AUTORIZA,41,NCCL_NUMERO,VARCHAR2,10,,,Y
SYSTEM,ADM_AUTORIZA,42,NCCL_OFICINA,VARCHAR2,3,,,Y
SYSTEM,ADM_AUTORIZA,43,NCCL_COMPANIA,VARCHAR2,10,,,Y
SYSTEM,ADM_AUTORIZA,44,NCCL_SERIE,VARCHAR2,6,,,Y
SYSTEM,ADM_AUTORIZA,45,PRTM_OFICINA,VARCHAR2,3,,,Y
SYSTEM,ADM_AUTORIZA,46,PRTM_COMPANIA,VARCHAR2,10,,,Y
SYSTEM,ADM_AUTORIZA,47,PRTM_NUMERO,NUMBER,22,,,Y
SYSTEM,ADM_AUTORIZA,48,PRTM_TIPODOCU,VARCHAR2,2,,,Y
SYSTEM,ADM_AUTORIZA,49,GPCM_CODIGRUP,VARCHAR2,10,,,Y
SYSTEM,ADM_AUTORIZA,50,CICLO,NUMBER,22,5,0,Y
SYSTEM,ADM_AUTORIZA,51,MOTIAUTO,VARCHAR2,500,,,Y
SYSTEM,ADM_AUTORIZA,52,NUMBER1,NUMBER,22,,,Y
SYSTEM,ADM_AUTORIZA,53,NUMBER2,NUMBER,22,,,Y
SYSTEM,ADM_AUTORIZA,54,NUMBER3,NUMBER,22,,,Y
SYSTEM,ADM_AUTORIZA,55,NUMBER4,NUMBER,22,,,Y
SYSTEM,ADM_AUTORIZA,56,NUMBER5,NUMBER,22,,,Y
SYSTEM,ADM_AUTORIZA,57,VCHAR1,VARCHAR2,500,,,Y
SYSTEM,ADM_AUTORIZA,58,VCHAR2,VARCHAR2,500,,,Y
SYSTEM,ADM_AUTORIZA,59,VCHAR3,VARCHAR2,500,,,Y
SYSTEM,ADM_AUTORIZA,60,VCHAR4,VARCHAR2,500,,,Y
SYSTEM,ADM_AUTORIZA,61,VCHAR5,VARCHAR2,500,,,Y
SYSTEM,ADM_AUTORIZA,62,FECHA1,DATE,7,,,Y
SYSTEM,ADM_AUTORIZA,63,FECHA2,DATE,7,,,Y
SYSTEM,ADM_AUTORIZA,64,FECHA3,DATE,7,,,Y
SYSTEM,ADM_AUTORIZA,65,FECHA4,DATE,7,,,Y
SYSTEM,ADM_AUTORIZA,66,FECHA5,DATE,7,,,Y
SYSTEM,ADM_AUTORIZA,67,PSLG_NUMERO,NUMBER,22,,,Y
SYSTEM,ADM_AUTORIZA,68,REQU_NUMERO,VARCHAR2,15,,,Y
SYSTEM,ADM_AUTORIZA,69,REQU_TIPODOCU,VARCHAR2,240,,,Y
SYSTEM,ADM_AUTORIZA,70,REQU_COMPANIA,VARCHAR2,10,,,Y
SYSTEM,ADM_AUTORIZA,71,REQU_OFICINA,VARCHAR2,3,,,Y
SYSTEM,ADM_AUTORIZA,72,PRFM_PRFM_ID,NUMBER,22,10,0,Y
SYSTEM,ADM_AUTORIZA,73,OFICSOLI,VARCHAR2,10,,,Y
SYSTEM,ADM_DETAUTOR,1,AUTO_AUTO_ID,NUMBER,22,10,0,N
SYSTEM,ADM_DETAUTOR,2,DTAU_ID,NUMBER,22,10,0,N
SYSTEM,ADM_DETAUTOR,3,FECHCREA,DATE,7,,,N
SYSTEM,ADM_DETAUTOR,4,USUACREA,VARCHAR2,20,,,N
SYSTEM,ADM_DETAUTOR,5,FECHACTU,DATE,7,,,Y
SYSTEM,ADM_DETAUTOR,6,USUACTUA,VARCHAR2,20,,,Y
SYSTEM,AFJ_ACTICENT,1,ACCE_ID,NUMBER,22,10,0,N
SYSTEM,AFJ_ACTICENT,2,FECHA,DATE,7,,,N
SYSTEM,AFJ_ACTICENT,3,PORCENTA,NUMBER,22,10,6,N
SYSTEM,AFJ_ACTICENT,4,VIGENTE,VARCHAR2,1,,,N
SYSTEM,AFJ_ACTICENT,5,OBS,VARCHAR2,300,,,Y
SYSTEM,AFJ_ACTICENT,6,USUACTUA,VARCHAR2,20,,,Y
SYSTEM,AFJ_ACTICENT,7,USUACREA,VARCHAR2,20,,,N
SYSTEM,AFJ_ACTICENT,8,FECHACTU,DATE,7,,,Y
SYSTEM,AFJ_ACTICENT,9,FECHCREA,DATE,7,,,N
SYSTEM,AFJ_ACTICENT,10,CCST_OFICINA,VARCHAR2,3,,,N
SYSTEM,AFJ_ACTICENT,11,CCST_COMPANIA,VARCHAR2,10,,,N
SYSTEM,AFJ_ACTICENT,12,CCST_CODIGO,VARCHAR2,10,,,N
SYSTEM,AFJ_ACTICENT,13,AFIJ_CLASE,VARCHAR2,10,,,N
SYSTEM,AFJ_ACTICENT,14,AFIJ_COMPANIA,VARCHAR2,10,,,N
SYSTEM,AFJ_ACTICENT,15,AFIJ_CODIGO,VARCHAR2,20,,,N
SYSTEM,AFJ_AFDETMOV,1,AFDM_ID,NUMBER,22,10,0,N
SYSTEM,AFJ_AFDETMOV,2,USUACLAV,VARCHAR2,50,,,Y
SYSTEM,AFJ_AFDETMOV,3,IPEQUIPO,VARCHAR2,20,,,Y
SYSTEM,AFJ_AFDETMOV,4,MACEQUIPO,VARCHAR2,100,,,Y
SYSTEM,AFJ_AFDETMOV,5,FECHHORA,DATE,7,,,N
SYSTEM,AFJ_AFDETMOV,6,ENTRSALE,VARCHAR2,1,,,N
SYSTEM,AFJ_AFDETMOV,7,CANTIDAD,NUMBER,22,18,6,Y
SYSTEM,AFJ_AFDETMOV,8,UMED_UNIDMEDI,VARCHAR2,5,,,N
SYSTEM,AFJ_AFDETMOV,9,DESCRIPC,VARCHAR2,80,,,Y
SYSTEM,AFJ_AFDETMOV,10,INRN_ID,NUMBER,22,10,0,Y
SYSTEM,AFJ_AFDETMOV,11,RCDP_IDCLIENTE,NUMBER,22,10,0,Y
SYSTEM,AFJ_AFDETMOV,12,RCDP_IDRESCLI,NUMBER,22,10,0,Y
SYSTEM,AFJ_AFDETMOV,13,RHHS_CEDURUC,VARCHAR2,13,,,Y
SYSTEM,AFJ_AFDETMOV,14,RCDP_COMPANIA,VARCHAR2,10,,,Y
SYSTEM,AFJ_AFDETMOV,15,AFIJ_CODIGO,VARCHAR2,20,,,N
SYSTEM,AFJ_AFDETMOV,16,AFIJ_CLASE,VARCHAR2,10,,,N
SYSTEM,AFJ_AFDETMOV,17,AFIJ_COMPANIA,VARCHAR2,10,,,N
SYSTEM,AFJ_AFDETMOV,18,STCT_ID,NUMBER,22,10,0,Y
SYSTEM,AFJ_AFDETMOV,19,MEMO_ID,NUMBER,22,10,0,Y
SYSTEM,AFJ_AFDETMOV,20,AFRQ_NUMERO,NUMBER,22,10,0,N
SYSTEM,AFJ_AFDETMOV,21,AFRQ_ENTRSALE,VARCHAR2,10,,,N
SYSTEM,AFJ_AFDETMOV,22,VIGENTE,VARCHAR2,1,,,N
SYSTEM,AFJ_AFDETMOV,23,USUACREA,VARCHAR2,20,,,N
SYSTEM,AFJ_AFDETMOV,24,FECHCREA,DATE,7,,,N
SYSTEM,AFJ_AFDETMOV,25,USUACTUA,VARCHAR2,20,,,Y
SYSTEM,AFJ_AFDETMOV,26,FECHACTU,DATE,7,,,Y
SYSTEM,AFJ_AFGRUPOS,1,AFJGRUPO,VARCHAR2,10,,,N
SYSTEM,AFJ_AFGRUPOS,2,AFJDESCR,VARCHAR2,500,,,Y
SYSTEM,AFJ_AFGRUPOS,3,CAFJ_COMPANIA,VARCHAR2,10,,,N
SYSTEM,AFJ_AFGRUPOS,4,CAFJ_CLASE,VARCHAR2,10,,,N
SYSTEM,AFJ_AFGRUPOS,5,AFGR_AFJGRUPO,VARCHAR2,10,,,Y
SYSTEM,AFJ_AFGRUPOS,6,USUACREA,VARCHAR2,20,,,N
SYSTEM,AFJ_AFGRUPOS,7,FECHCREA,DATE,7,,,N
SYSTEM,AFJ_AFGRUPOS,8,USUACTUA,VARCHAR2,20,,,Y
SYSTEM,AFJ_AFGRUPOS,9,FECHACTU,DATE,7,,,Y
SYSTEM,AFJ_AFREQUIS,1,NUMERO,NUMBER,22,10,0,N
SYSTEM,AFJ_AFREQUIS,2,ENTRSALE,VARCHAR2,10,,,N
SYSTEM,AFJ_AFREQUIS,3,FECHHORA,DATE,7,,,N
SYSTEM,AFJ_AFREQUIS,4,OBSERVAC,VARCHAR2,500,,,Y
SYSTEM,AFJ_AFREQUIS,5,EGEN_ESTADO,VARCHAR2,2,,,N
SYSTEM,AFJ_AFREQUIS,6,OFCN_COMPANIA,VARCHAR2,10,,,N
SYSTEM,AFJ_AFREQUIS,7,OFCN_OFICINA,VARCHAR2,3,,,N
SYSTEM,AFJ_AFREQUIS,8,RHHS_CEDURUC,VARCHAR2,13,,,N
SYSTEM,AFJ_AFREQUIS,9,USUACREA,VARCHAR2,20,,,N
SYSTEM,AFJ_AFREQUIS,10,FECHCREA,DATE,7,,,N
SYSTEM,AFJ_AFREQUIS,11,USUACTUA,VARCHAR2,20,,,Y
SYSTEM,AFJ_AFREQUIS,12,FECHACTU,DATE,7,,,Y
SYSTEM,AFJ_AFREQUIS,13,GMES_ID,NUMBER,22,10,0,N
SYSTEM,AFJ_AFREQUIS,14,AFRQ_ENTRSALE,VARCHAR2,10,,,Y
SYSTEM,AFJ_AFREQUIS,15,AFRQ_NUMERO,NUMBER,22,10,0,Y
SYSTEM,AFJ_AFTIPBOD,1,AFTB_ID,NUMBER,22,10,0,N
SYSTEM,AFJ_AFTIPBOD,2,DESCRIPC,VARCHAR2,100,,,N
SYSTEM,AFJ_AFTIPBOD,3,LUGAR,VARCHAR2,100,,,Y
SYSTEM,AFJ_AFTIPBOD,4,DIRECCIO,VARCHAR2,500,,,Y
SYSTEM,AFJ_AFTIPBOD,5,DIREREFE,VARCHAR2,500,,,Y
SYSTEM,AFJ_AFTIPBOD,6,USUACREA,VARCHAR2,20,,,N
SYSTEM,AFJ_AFTIPBOD,7,FECHCREA,DATE,7,,,N
SYSTEM,AFJ_AFTIPBOD,8,USUACTUA,VARCHAR2,20,,,Y
SYSTEM,AFJ_AFTIPBOD,9,FECHACTU,DATE,7,,,Y
SYSTEM,AFJ_AMORTIZA,1,AMRT_ID,NUMBER,22,10,0,N
SYSTEM,AFJ_AMORTIZA,2,FECHA,DATE,7,,,N
SYSTEM,AFJ_AMORTIZA,3,VALORDPR,NUMBER,22,16,8,N
SYSTEM,AFJ_AMORTIZA,4,FECHACTU,DATE,7,,,N
SYSTEM,AFJ_AMORTIZA,5,FECHCREA,DATE,7,,,N
SYSTEM,AFJ_AMORTIZA,6,USUACREA,VARCHAR2,20,,,N
SYSTEM,AFJ_AMORTIZA,7,USUACTUA,VARCHAR2,20,,,Y
SYSTEM,AFJ_AMORTIZA,8,EGEN_ESTADO,VARCHAR2,2,,,N
SYSTEM,AFJ_AMORTIZA,9,ASTO_NUMEDIAR,NUMBER,22,10,0,Y
SYSTEM,AFJ_AMORTIZA,10,ASTO_COMPANIA,VARCHAR2,10,,,Y
SYSTEM,AFJ_AMORTIZA,11,OFCN_OFICINA,VARCHAR2,3,,,N
SYSTEM,AFJ_AMORTIZA,12,OFCN_COMPANIA,VARCHAR2,10,,,N
SYSTEM,AFJ_AMORTIZA,13,ACBI_CODIGO,VARCHAR2,20,,,N
SYSTEM,AFJ_BIOLOGICO,1,CODIGO,VARCHAR2,20,,,N
SYSTEM,AFJ_BIOLOGICO,2,NOMBRE,VARCHAR2,60,,,N
SYSTEM,AFJ_BIOLOGICO,3,CANTIDAD,NUMBER,22,16,6,N
SYSTEM,AFJ_BIOLOGICO,4,COSTO,NUMBER,22,18,8,N
SYSTEM,AFJ_BIOLOGICO,5,VIGENTE,VARCHAR2,1,,,N
SYSTEM,AFJ_BIOLOGICO,6,OBSERVAC,VARCHAR2,60,,,Y
SYSTEM,AFJ_BIOLOGICO,7,AMORACUM,NUMBER,22,16,6,Y
SYSTEM,AFJ_BIOLOGICO,8,COSTLEVA,NUMBER,22,16,6,Y
SYSTEM,AFJ_BIOLOGICO,9,FECHLEVA,DATE,7,,,Y
SYSTEM,AFJ_BIOLOGICO,10,FECHPROD,DATE,7,,,Y
SYSTEM,AFJ_BIOLOGICO,11,FECHAMOR,DATE,7,,,Y
SYSTEM,AFJ_BIOLOGICO,12,FECFINAM,DATE,7,,,Y
SYSTEM,AFJ_BIOLOGICO,13,VALORESI,NUMBER,22,16,6,Y
SYSTEM,AFJ_BIOLOGICO,14,DTMV_DTMV_ID,NUMBER,22,10,0,Y
SYSTEM,AFJ_BIOLOGICO,15,CAFJ_CLASE,VARCHAR2,10,,,N
SYSTEM,AFJ_BIOLOGICO,16,CAFJ_COMPANIA,VARCHAR2,10,,,N
SYSTEM,AFJ_BIOLOGICO,17,DTCC_DTCC_ID,NUMBER,22,10,0,Y
SYSTEM,AFJ_BIOLOGICO,18,VARP_VARP_ID,NUMBER,22,10,0,Y
SYSTEM,AFJ_BIOLOGICO,19,USUACREA,VARCHAR2,20,,,N
SYSTEM,AFJ_BIOLOGICO,20,FECHCREA,DATE,7,,,N
SYSTEM,AFJ_BIOLOGICO,21,USUACTUA,VARCHAR2,20,,,Y
SYSTEM,AFJ_BIOLOGICO,22,FECHACTU,DATE,7,,,Y
SYSTEM,AFJ_CLASACTI,1,CMPN_COMPANIA,VARCHAR2,10,,,N
SYSTEM,AFJ_CLASACTI,2,CLASE,VARCHAR2,10,,,N
SYSTEM,AFJ_CLASACTI,3,DESCRIPC,VARCHAR2,120,,,N
SYSTEM,AFJ_CLASACTI,4,VIDAUTIL,NUMBER,22,2,0,N
SYSTEM,AFJ_CLASACTI,5,PORCENTA,NUMBER,22,7,4,N
SYSTEM,AFJ_CLASACTI,6,FECHCREA,DATE,7,,,N
SYSTEM,AFJ_CLASACTI,7,USUACREA,VARCHAR2,20,,,N
SYSTEM,AFJ_CLASACTI,8,USUACTUA,VARCHAR2,20,,,Y
SYSTEM,AFJ_CLASACTI,9,FECHACTU,DATE,7,,,Y
SYSTEM,AFJ_CLASACTI,10,VCHAR1,VARCHAR2,4000,,,Y
SYSTEM,AFJ_CLASACTI,11,VCHAR2,VARCHAR2,4000,,,Y
SYSTEM,AFJ_CLASACTI,12,VCHAR3,VARCHAR2,4000,,,Y
SYSTEM,AFJ_CLASACTI,13,VCHAR4,VARCHAR2,4000,,,Y
SYSTEM,AFJ_CLASACTI,14,VCHAR5,VARCHAR2,4000,,,Y
SYSTEM,AFJ_CLASACTI,15,NUMBER1,NUMBER,22,,,Y
SYSTEM,AFJ_CLASACTI,16,NUMBER2,NUMBER,22,,,Y
SYSTEM,AFJ_CLASACTI,17,NUMBER3,NUMBER,22,,,Y
SYSTEM,AFJ_CLASACTI,18,NUMBER4,NUMBER,22,,,Y
SYSTEM,AFJ_CLASACTI,19,NUMBER5,NUMBER,22,,,Y
SYSTEM,AFJ_DEPRECIA,1,FECHA,DATE,7,,,N
SYSTEM,AFJ_DEPRECIA,2,VALODEPR,NUMBER,22,16,8,N
SYSTEM,AFJ_DEPRECIA,3,AFIJ_CLASE,VARCHAR2,10,,,N
SYSTEM,AFJ_DEPRECIA,4,AFIJ_COMPANIA,VARCHAR2,10,,,N
SYSTEM,AFJ_DEPRECIA,5,AFIJ_CODIGO,VARCHAR2,20,,,N
SYSTEM,AFJ_DEPRECIA,6,ASTO_COMPANIA,VARCHAR2,10,,,Y
SYSTEM,AFJ_DEPRECIA,7,ASTO_NUMEDIAR,NUMBER,22,10,0,Y
SYSTEM,AFJ_DEPRECIA,8,EGEN_ESTADO,VARCHAR2,2,,,N
SYSTEM,AFJ_DEPRECIA,9,DPRC_ID,NUMBER,22,10,0,N
SYSTEM,AFJ_DEPRECIA,10,FECHCREA,DATE,7,,,N
SYSTEM,AFJ_DEPRECIA,11,USUACREA,VARCHAR2,20,,,N
SYSTEM,AFJ_DEPRECIA,12,FECHACTU,DATE,7,,,Y
SYSTEM,AFJ_DEPRECIA,13,USUACTUA,VARCHAR2,20,,,N
SYSTEM,AFJ_DEPRECIA,14,OFCN_COMPANIA,VARCHAR2,10,,,N
SYSTEM,AFJ_DEPRECIA,15,OFCN_OFICINA,VARCHAR2,3,,,N
SYSTEM,AFJ_DEPRECIA,16,REGINIIF,VARCHAR2,1,,,Y
SYSTEM,AFJ_DEPRECIA,17,CONTABIL,VARCHAR2,30,,,Y
SYSTEM,AFJ_DEPRECIA,18,VIDAUTIL,NUMBER,22,10,0,Y
SYSTEM,AFJ_DEPRECIA,19,DIAS,NUMBER,22,10,0,Y
SYSTEM,AFJ_DEPRECIA,20,DIASDEPR,NUMBER,22,10,0,Y
SYSTEM,AFJ_DEPRECIA,21,VALOBIEN,NUMBER,22,18,6,Y
SYSTEM,AFJ_DEPRECIA,22,VALORESI,NUMBER,22,18,6,Y
SYSTEM,AFJ_DEPRECIA,23,FINIDEPR,DATE,7,,,Y
SYSTEM,AFJ_DEPRECIA,24,RHHS_CEDURUC,VARCHAR2,13,,,Y
SYSTEM,AFJ_DEPRECIA,25,NUMBER1,NUMBER,22,,,Y
SYSTEM,AFJ_DEPRECIA,26,NUMBER2,NUMBER,22,,,Y
SYSTEM,AFJ_DEPRECIA,27,NUMBER3,NUMBER,22,,,Y
SYSTEM,AFJ_DEPRECIA,28,NUMBER4,NUMBER,22,,,Y
SYSTEM,AFJ_DEPRECIA,29,NUMBER5,NUMBER,22,,,Y
SYSTEM,AFJ_DEPRECIA,30,VCHAR1,VARCHAR2,500,,,Y
SYSTEM,AFJ_DEPRECIA,31,VCHAR2,VARCHAR2,500,,,Y
SYSTEM,AFJ_DEPRECIA,32,VCHAR3,VARCHAR2,500,,,Y
SYSTEM,AFJ_DEPRECIA,33,VCHAR4,VARCHAR2,500,,,Y
SYSTEM,AFJ_DEPRECIA,34,VCHAR5,VARCHAR2,500,,,Y
SYSTEM,AFJ_DEPRECIA,35,FECHA1,DATE,7,,,Y
SYSTEM,AFJ_DEPRECIA,36,FECHA2,DATE,7,,,Y
SYSTEM,AFJ_DEPRECIA,37,FECHA3,DATE,7,,,Y
SYSTEM,AFJ_DEPRECIA,38,FECHA4,DATE,7,,,Y
SYSTEM,AFJ_DEPRECIA,39,FECHA5,DATE,7,,,Y
SYSTEM,AFJ_DETALLE,1,AFIJ_CLASE,VARCHAR2,10,,,Y
SYSTEM,AFJ_DETALLE,2,AFIJ_COMPANIA,VARCHAR2,10,,,Y
SYSTEM,AFJ_DETALLE,3,AFIJ_CODIGO,VARCHAR2,20,,,Y
SYSTEM,AFJ_DETALLE,4,MEMO_MEMO_ID,NUMBER,22,10,0,N
SYSTEM,AFJ_DETALLE,5,OBS,VARCHAR2,500,,,Y
SYSTEM,AFJ_DETALLE,6,ASTO_COMPANIA,VARCHAR2,10,,,Y
SYSTEM,AFJ_DETALLE,7,ASTO_NUMEDIAR,NUMBER,22,10,0,Y
SYSTEM,AFJ_DETALLE,8,DAC1_ID,NUMBER,22,10,0,N
SYSTEM,AFJ_DETALLE,9,FECHCREA,DATE,7,,,N
SYSTEM,AFJ_DETALLE,10,USUACREA,VARCHAR2,20,,,N
SYSTEM,AFJ_DETALLE,11,FECHACTU,DATE,7,,,Y
SYSTEM,AFJ_DETALLE,12,USUACTUA,VARCHAR2,20,,,Y
SYSTEM,AFJ_ESTADO,1,ESTADO,VARCHAR2,2,,,N
SYSTEM,AFJ_ESTADO,2,DESCRIPC,VARCHAR2,100,,,N
SYSTEM,AFJ_ESTADO,3,FECHCREA,DATE,7,,,N
SYSTEM,AFJ_ESTADO,4,USUACREA,VARCHAR2,20,,,N
SYSTEM,AFJ_ESTADO,5,FECHACTU,DATE,7,,,Y
SYSTEM,AFJ_ESTADO,6,USUACTUA,VARCHAR2,20,,,Y
SYSTEM,AFJ_ESTADO,7,DEPRECIA,VARCHAR2,1,,,N
SYSTEM,AFJ_ESTADO,8,DEPRECIA_NIIF,VARCHAR2,1,,,Y
SYSTEM,AFJ_GRUPACTI,1,CODIGRUP,VARCHAR2,20,,,N
SYSTEM,AFJ_GRUPACTI,2,DESCRIPC,VARCHAR2,120,,,N
SYSTEM,AFJ_GRUPACTI,3,VIGENTE,VARCHAR2,1,,,N
SYSTEM,AFJ_GRUPACTI,4,VCHAR1,VARCHAR2,4000,,,Y
SYSTEM,AFJ_GRUPACTI,5,VCHAR2,VARCHAR2,4000,,,Y
SYSTEM,AFJ_GRUPACTI,6,VCHAR3,VARCHAR2,4000,,,Y
SYSTEM,AFJ_GRUPACTI,7,VCHAR4,VARCHAR2,4000,,,Y
SYSTEM,AFJ_GRUPACTI,8,VCHAR5,VARCHAR2,4000,,,Y
SYSTEM,AFJ_GRUPACTI,9,NUMBER1,NUMBER,22,,,Y
SYSTEM,AFJ_GRUPACTI,10,NUMBER2,NUMBER,22,,,Y
SYSTEM,AFJ_GRUPACTI,11,NUMBER3,NUMBER,22,,,Y
SYSTEM,AFJ_GRUPACTI,12,FECHCREA,DATE,7,,,N
SYSTEM,AFJ_GRUPACTI,13,NUMBER4,NUMBER,22,,,Y
SYSTEM,AFJ_GRUPACTI,14,USUACREA,VARCHAR2,20,,,N
SYSTEM,AFJ_GRUPACTI,15,NUMBER5,NUMBER,22,,,Y
SYSTEM,AFJ_GRUPACTI,16,USUACTUA,VARCHAR2,20,,,Y
SYSTEM,AFJ_GRUPACTI,17,FECHACTU,DATE,7,,,Y
SYSTEM,AFJ_GRUPACTI,18,CAFJ_CLASE,VARCHAR2,10,,,N
SYSTEM,AFJ_GRUPACTI,19,CAFJ_COMPANIA,VARCHAR2,10,,,N
SYSTEM,AFJ_LEASING,1,NUMERO,VARCHAR2,30,,,N
SYSTEM,AFJ_LEASING,2,ASTO_COMPANIA,VARCHAR2,10,,,N
SYSTEM,AFJ_LEASING,3,ASTO_NUMEDIAR,NUMBER,22,10,0,N
SYSTEM,AFJ_LEASING,4,EGEN_ESTADO,VARCHAR2,2,,,N
SYSTEM,AFJ_LEASING,5,INSTITUC,VARCHAR2,80,,,N
SYSTEM,AFJ_LEASING,6,TASA,NUMBER,22,7,4,N
SYSTEM,AFJ_LEASING,7,MONTO,NUMBER,22,16,2,N
SYSTEM,AFJ_LEASING,8,CANON,NUMBER,22,16,2,N
SYSTEM,AFJ_LEASING,9,PLAZO,NUMBER,22,5,0,N
SYSTEM,AFJ_LEASING,10,CUOTAS,NUMBER,22,5,0,N
SYSTEM,AFJ_LEASING,11,MARGEN,NUMBER,22,2,0,Y
SYSTEM,AFJ_LEASING,12,FECHEMIS,DATE,7,,,N
SYSTEM,AFJ_LEASING,13,FECHVCTO,DATE,7,,,N
SYSTEM,AFJ_LEASING,14,FECHCANC,DATE,7,,,Y
SYSTEM,AFJ_LEASING,15,BONIFICA,NUMBER,22,16,2,Y
SYSTEM,AFJ_LEASING,16,FECHREAJ,DATE,7,,,Y
SYSTEM,AFJ_LEASING,17,PLAZREAJ,NUMBER,22,4,0,Y
SYSTEM,AFJ_LEASING,18,OBS,VARCHAR2,300,,,Y
SYSTEM,AFJ_LEASING,19,FECHCREA,DATE,7,,,N
SYSTEM,AFJ_LEASING,20,USUACREA,VARCHAR2,20,,,N
SYSTEM,AFJ_LEASING,21,FECHACTU,DATE,7,,,Y
SYSTEM,AFJ_LEASING,22,USUACTUA,VARCHAR2,20,,,Y
SYSTEM,AFJ_MEMORAND,1,RHHS_CEDURUC_OR,VARCHAR2,13,,,N
SYSTEM,AFJ_MEMORAND,2,RHHS_CEDURUC_DEST,VARCHAR2,13,,,Y
SYSTEM,AFJ_MEMORAND,3,MEMO_ID,NUMBER,22,10,0,N
SYSTEM,AFJ_MEMORAND,4,DEPT_COMPORIG,VARCHAR2,10,,,N
SYSTEM,AFJ_MEMORAND,5,DEPT_OFICORIG,VARCHAR2,3,,,N
SYSTEM,AFJ_MEMORAND,6,DEPT_DEPAORIG,VARCHAR2,3,,,N
SYSTEM,AFJ_MEMORAND,7,DEPT_COMPDEST,VARCHAR2,10,,,Y
SYSTEM,AFJ_MEMORAND,8,DEPT_OFICDEST,VARCHAR2,3,,,Y
SYSTEM,AFJ_MEMORAND,9,DEPT_DEPADEST,VARCHAR2,3,,,Y
SYSTEM,AFJ_MEMORAND,10,EGEN_ESTADO,VARCHAR2,2,,,N
SYSTEM,AFJ_MEMORAND,11,FECHA,DATE,7,,,N
SYSTEM,AFJ_MEMORAND,12,ASUNTO,VARCHAR2,80,,,N
SYSTEM,AFJ_MEMORAND,13,OBS,VARCHAR2,500,,,N
SYSTEM,AFJ_MEMORAND,14,FECHCREA,DATE,7,,,N
SYSTEM,AFJ_MEMORAND,15,USUACREA,VARCHAR2,20,,,N
SYSTEM,AFJ_MEMORAND,16,FECHACTU,DATE,7,,,Y
SYSTEM,AFJ_MEMORAND,17,USUACTUA,VARCHAR2,20,,,N
SYSTEM,AFJ_MEMORAND,18,TRS_TIPO,VARCHAR2,3,,,N
SYSTEM,AFJ_MEMORAND,19,FECHAENTR,DATE,7,,,Y
SYSTEM,AFJ_MEMORAND,20,VCHAR1,VARCHAR2,500,,,Y
SYSTEM,AFJ_MEMORAND,21,VCHAR2,VARCHAR2,500,,,Y
SYSTEM,AFJ_MEMORAND,22,VCHAR3,VARCHAR2,500,,,Y
SYSTEM,AFJ_MEMORAND,23,VCHAR4,VARCHAR2,500,,,Y
SYSTEM,AFJ_MEMORAND,24,VCHAR5,VARCHAR2,500,,,Y
SYSTEM,AFJ_MEMORAND,25,NUMBER1,NUMBER,22,,,Y
SYSTEM,AFJ_MEMORAND,26,NUMBER2,NUMBER,22,,,Y
SYSTEM,AFJ_MEMORAND,27,NUMBER3,NUMBER,22,,,Y
SYSTEM,AFJ_MEMORAND,28,NUMBER4,NUMBER,22,,,Y
SYSTEM,AFJ_MEMORAND,29,NUMBER5,NUMBER,22,,,Y
SYSTEM,AFJ_TIPOTRAN,1,USUACREA,VARCHAR2,20,,,N
SYSTEM,AFJ_TIPOTRAN,2,DESCRIP,VARCHAR2,50,,,N
SYSTEM,AFJ_TIPOTRAN,3,USUACTUA,VARCHAR2,20,,,Y
SYSTEM,AFJ_TIPOTRAN,4,FECHCREA,DATE,7,,,N
SYSTEM,AFJ_TIPOTRAN,5,TIPO,VARCHAR2,3,,,N
SYSTEM,AFJ_TIPOTRAN,6,FECHACTU,DATE,7,,,Y
SYSTEM,ALM_BODEGAS,1,OFCN_COMPANIA,VARCHAR2,10,,,N
SYSTEM,ALM_BODEGAS,2,VIGENTE,VARCHAR2,1,,,N
SYSTEM,ALM_BODEGAS,3,OFCN_OFICINA,VARCHAR2,3,,,N
SYSTEM,ALM_BODEGAS,4,CODIBODE,VARCHAR2,5,,,N
SYSTEM,ALM_BODEGAS,5,PRINCIPAL,VARCHAR2,1,,,N
SYSTEM,ALM_BODEGAS,6,DESCRIPC,VARCHAR2,40,,,N
SYSTEM,ALM_BODEGAS,7,FECHCREA,DATE,7,,,N
SYSTEM,ALM_BODEGAS,8,USUACREA,VARCHAR2,20,,,N
SYSTEM,ALM_BODEGAS,9,FECHACTU,DATE,7,,,Y
SYSTEM,ALM_BODEGAS,10,USUACTUA,VARCHAR2,20,,,Y
SYSTEM,ALM_BODEGAS,11,TALLER,VARCHAR2,1,,,Y
SYSTEM,ALM_BODEGAS,12,DIRRECION,VARCHAR2,500,,,Y
SYSTEM,ALM_BODEGAS,13,VCHAR1,VARCHAR2,500,,,Y
SYSTEM,ALM_BODEGAS,14,VCHAR2,VARCHAR2,500,,,Y
SYSTEM,ALM_BODEGAS,15,VCHAR3,VARCHAR2,500,,,Y
SYSTEM,ALM_BODEGAS,16,VCHAR4,VARCHAR2,500,,,Y
SYSTEM,ALM_BODEGAS,17,VCHAR5,VARCHAR2,500,,,Y
SYSTEM,ALM_BODEGAS,18,NUMBER1,NUMBER,22,,,Y
SYSTEM,ALM_BODEGAS,19,NUMBER2,NUMBER,22,,,Y
SYSTEM,ALM_BODEGAS,20,NUMBER3,NUMBER,22,,,Y
SYSTEM,ALM_BODEGAS,21,NUMBER4,NUMBER,22,,,Y
SYSTEM,ALM_BODEGAS,22,NUMBER5,NUMBER,22,,,Y
SYSTEM,ALM_CAMBPRES,1,OFCN_COMPANIA,VARCHAR2,10,,,N
SYSTEM,ALM_CAMBPRES,2,OFCN_OFICINA,VARCHAR2,3,,,N
SYSTEM,ALM_CAMBPRES,3,NUMERO,VARCHAR2,10,,,N
SYSTEM,ALM_CAMBPRES,4,EGEN_ESTADO,VARCHAR2,2,,,N
SYSTEM,ALM_CAMBPRES,5,PROV_CEDURUC,VARCHAR2,13,,,N
SYSTEM,ALM_CAMBPRES,6,PROV_COMPANIA,VARCHAR2,10,,,N
SYSTEM,ALM_CAMBPRES,7,FECHA,DATE,7,,,N
SYSTEM,ALM_CAMBPRES,8,FECHCIERR,DATE,7,,,Y
SYSTEM,ALM_CAMBPRES,9,DESCRIPC,VARCHAR2,600,,,N
SYSTEM,ALM_CAMBPRES,10,REFER,VARCHAR2,30,,,Y
SYSTEM,ALM_CAMBPRES,11,TIPOCAMB,VARCHAR2,30,,,Y
SYSTEM,ALM_CAMBPRES,12,OBS,VARCHAR2,300,,,Y
SYSTEM,ALM_CAMBPRES,13,FECHCREA,DATE,7,,,N
SYSTEM,ALM_CAMBPRES,14,USUACREA,VARCHAR2,20,,,N
SYSTEM,ALM_CAMBPRES,15,FECHACTU,DATE,7,,,Y
SYSTEM,ALM_CAMBPRES,16,USUACTUA,VARCHAR2,20,,,Y
SYSTEM,ALM_CAMBPRES,17,ASTO_NUMEDIAR,NUMBER,22,10,0,Y
SYSTEM,ALM_CAMBPRES,18,ASTO_COMPANIA,VARCHAR2,10,,,Y
SYSTEM,ALM_CAMBPRES,19,LTPR_CODIGO,VARCHAR2,10,,,Y
SYSTEM,ALM_CAMBPRES,20,VCHAR1,VARCHAR2,500,,,Y
SYSTEM,ALM_CAMBPRES,21,VCHAR2,VARCHAR2,500,,,Y
SYSTEM,ALM_CAMBPRES,22,VCHAR3,VARCHAR2,500,,,Y
SYSTEM,ALM_CAMBPRES,23,VCHAR4,VARCHAR2,500,,,Y
SYSTEM,ALM_CAMBPRES,24,VCHAR5,VARCHAR2,500,,,Y
SYSTEM,ALM_CAMBPRES,25,NUMBER1,NUMBER,22,,,Y
SYSTEM,ALM_CAMBPRES,26,NUMBER2,NUMBER,22,,,Y
SYSTEM,ALM_CAMBPRES,27,NUMBER3,NUMBER,22,,,Y
SYSTEM,ALM_CAMBPRES,28,NUMBER4,NUMBER,22,,,Y
SYSTEM,ALM_CAMBPRES,29,NUMBER5,NUMBER,22,,,Y
SYSTEM,ALM_CATEARTI,1,ARCT_ID,NUMBER,22,10,0,N
SYSTEM,ALM_CATEARTI,2,ARTL_ARTICULO,VARCHAR2,30,,,N
SYSTEM,ALM_CATEARTI,3,ARTL_CLASE,VARCHAR2,20,,,N
SYSTEM,ALM_CATEARTI,4,ARTL_COMPANIA,VARCHAR2,10,,,N
SYSTEM,ALM_CATEARTI,5,ARTL_CODIGRUP,VARCHAR2,20,,,N
SYSTEM,ALM_CATEARTI,6,VIGENTE,VARCHAR2,1,,,N
SYSTEM,ALM_CATEARTI,7,USUACREA,VARCHAR2,20,,,N
SYSTEM,ALM_CATEARTI,8,FECHCREA,DATE,7,,,N
SYSTEM,ALM_CATEARTI,9,LICP_CODIGO,VARCHAR2,3,,,N
SYSTEM,ALM_CATEARTI,10,ROTA_TIPO,VARCHAR2,5,,,N
SYSTEM,ALM_CATEARTI,11,OBSERVAC,VARCHAR2,400,,,Y
SYSTEM,ALM_CATEARTI,12,USUACTUA,VARCHAR2,20,,,Y
SYSTEM,ALM_CATEARTI,13,FECHACTU,DATE,7,,,Y
SYSTEM,ALM_CLASINVE,1,CMPN_COMPANIA,VARCHAR2,10,,,N
SYSTEM,ALM_CLASINVE,2,CLASE,VARCHAR2,20,,,N
SYSTEM,ALM_CLASINVE,3,DESCRIPC,VARCHAR2,120,,,N
SYSTEM,ALM_CLASINVE,4,FECHCREA,DATE,7,,,N
SYSTEM,ALM_CLASINVE,5,USUACREA,VARCHAR2,20,,,N
SYSTEM,ALM_CLASINVE,6,FECHACTU,DATE,7,,,Y
SYSTEM,ALM_CLASINVE,7,USUACTUA,VARCHAR2,20,,,Y
SYSTEM,ALM_CLASINVE,8,CINV_CLASE,VARCHAR2,20,,,Y
SYSTEM,ALM_CLASINVE,9,CINV_COMPANIA,VARCHAR2,10,,,Y
SYSTEM,ALM_CLASINVE,10,STOCKMIN,NUMBER,22,,0,Y
SYSTEM,ALM_CLASINVE,11,STOCKMAX,NUMBER,22,,0,Y
SYSTEM,ALM_CLASINVE,12,CANTPEDI,VARCHAR2,240,,,Y
SYSTEM,ALM_CLASINVE,13,PUNTPEDI,NUMBER,22,,0,Y
SYSTEM,ALM_CODIBARR,1,ARTL_ARTICULO,VARCHAR2,30,,,N
SYSTEM,ALM_CODIBARR,2,ARTL_CLASE,VARCHAR2,20,,,N
SYSTEM,ALM_CODIBARR,3,ARTL_COMPANIA,VARCHAR2,10,,,N
SYSTEM,ALM_CODIBARR,4,ARTL_CODIGRUP,VARCHAR2,20,,,N
SYSTEM,ALM_CODIBARR,5,FECHA,DATE,7,,,N
SYSTEM,ALM_CODIBARR,6,VIGENTE,VARCHAR2,1,,,N
SYSTEM,ALM_CODIBARR,7,FECHCREA,DATE,7,,,N
SYSTEM,ALM_CODIBARR,8,USUACREA,VARCHAR2,20,,,N
SYSTEM,ALM_CODIBARR,9,LOTE_COMPANIA,VARCHAR2,10,,,Y
SYSTEM,ALM_CODIBARR,10,LOTE_NUMELOTE,VARCHAR2,20,,,Y
SYSTEM,ALM_CODIBARR,11,FECHACTU,DATE,7,,,Y
SYSTEM,ALM_CODIBARR,12,USUACTUA,VARCHAR2,20,,,Y
SYSTEM,ALM_CODIBARR,13,CODIBARR,VARCHAR2,30,,,N
SYSTEM,ALM_CODIBARR,14,LOTE_ALCANCE,NUMBER,22,10,0,Y
SYSTEM,ALM_COMPONENTE,1,COMP_ID,NUMBER,22,10,0,N
SYSTEM,ALM_COMPONENTE,2,TCSI_COMPANIA,VARCHAR2,10,,,N
SYSTEM,ALM_COMPONENTE,3,TCSI_TIPOCOST,VARCHAR2,10,,,N
SYSTEM,ALM_COMPONENTE,4,ORDEN,NUMBER,22,1,0,Y
SYSTEM,ALM_COMPONENTE,5,CANTIDAD,NUMBER,22,12,6,N
SYSTEM,ALM_COMPONENTE,6,DESCRIPC,VARCHAR2,300,,,N
SYSTEM,ALM_COMPONENTE,7,COSTESTM,NUMBER,22,18,6,N
SYSTEM,ALM_COMPONENTE,8,ARTL_COMPANIA,VARCHAR2,10,,,Y
SYSTEM,ALM_COMPONENTE,9,ARTL_CLASE,VARCHAR2,20,,,Y
SYSTEM,ALM_COMPONENTE,10,ARTL_CODIGRUP,VARCHAR2,20,,,Y
SYSTEM,ALM_COMPONENTE,11,ARTL_ARTICULO,VARCHAR2,30,,,Y
SYSTEM,ALM_COMPONENTE,12,UMED_UNIDMEDI,VARCHAR2,5,,,Y
SYSTEM,ALM_COMPONENTE,13,COSTREAL,NUMBER,22,18,6,Y
SYSTEM,ALM_COMPONENTE,14,USUACREA,VARCHAR2,20,,,N
SYSTEM,ALM_COMPONENTE,15,FECHCREA,DATE,7,,,N
SYSTEM,ALM_COMPONENTE,16,FECHACTU,DATE,7,,,Y
SYSTEM,ALM_COMPONENTE,17,USUACTUA,VARCHAR2,20,,,Y
SYSTEM,ALM_COMPONENTE,18,COMP_ARTICULO,VARCHAR2,30,,,Y
SYSTEM,ALM_COMPONENTE,19,COMP_COMPANIA,VARCHAR2,10,,,Y
SYSTEM,ALM_COMPONENTE,20,COMP_CLASE,VARCHAR2,20,,,Y
SYSTEM,ALM_COMPONENTE,21,COMP_CODIGRUP,VARCHAR2,20,,,Y
SYSTEM,ALM_CONVERSI,1,CONV_ID,NUMBER,22,10,0,N
SYSTEM,ALM_CONVERSI,2,UMED_UNIDMEDI,VARCHAR2,5,,,N
SYSTEM,ALM_CONVERSI,3,VALOR,NUMBER,22,18,4,N
SYSTEM,ALM_CONVERSI,4,USUACREA,VARCHAR2,20,,,N
SYSTEM,ALM_CONVERSI,5,FECHCREA,DATE,7,,,N
SYSTEM,ALM_CONVERSI,6,CONV_CONV_ID,NUMBER,22,10,0,Y
SYSTEM,ALM_CONVERSI,7,DETALLE,VARCHAR2,50,,,Y
SYSTEM,ALM_CONVERSI,8,USUACTUA,VARCHAR2,20,,,Y
SYSTEM,ALM_CONVERSI,9,FECHACTU,DATE,7,,,Y
SYSTEM,ALM_DECAMPRES,1,DCAM_DCAM_ID,NUMBER,22,10,0,Y
SYSTEM,ALM_DECAMPRES,2,CPRE_COMPANIA,VARCHAR2,10,,,N
SYSTEM,ALM_DECAMPRES,3,CPRE_OFICINA,VARCHAR2,3,,,N
SYSTEM,ALM_DECAMPRES,4,CPRE_NUMERO,VARCHAR2,10,,,N
SYSTEM,ALM_DECAMPRES,5,CANTIDAD,NUMBER,22,12,5,N
SYSTEM,ALM_DECAMPRES,6,COSTTOTA,NUMBER,22,16,4,Y
SYSTEM,ALM_DECAMPRES,7,ARTL_COMPANIA,VARCHAR2,10,,,Y
SYSTEM,ALM_DECAMPRES,8,ARTL_CLASE,VARCHAR2,20,,,Y
SYSTEM,ALM_DECAMPRES,9,ARTL_CODIGRUP,VARCHAR2,20,,,Y
SYSTEM,ALM_DECAMPRES,10,ARTL_ARTICULO,VARCHAR2,30,,,Y
SYSTEM,ALM_DECAMPRES,11,DESCRIPC,VARCHAR2,600,,,Y
SYSTEM,ALM_DECAMPRES,12,CANTPROD,NUMBER,22,12,5,Y
SYSTEM,ALM_DECAMPRES,13,COSTUNIT,NUMBER,22,16,4,Y
SYSTEM,ALM_DECAMPRES,14,DCAM_ID,NUMBER,22,10,0,N
SYSTEM,ALM_DECAMPRES,15,FECHCREA,DATE,7,,,N
SYSTEM,ALM_DECAMPRES,16,USUACREA,VARCHAR2,20,,,N
SYSTEM,ALM_DECAMPRES,17,FECHACTU,DATE,7,,,Y
SYSTEM,ALM_DECAMPRES,18,USUACTUA,VARCHAR2,20,,,Y
SYSTEM,ALM_DECAMPRES,19,RCTA_ID,NUMBER,22,10,0,Y
SYSTEM,ALM_DECAMPRES,20,BODEGA,VARCHAR2,5,,,Y
SYSTEM,ALM_DEFICOST,1,ARDC_ID,NUMBER,22,10,0,N
SYSTEM,ALM_DEFICOST,2,FECHA,DATE,7,,,N
SYSTEM,ALM_DEFICOST,3,VALOR,NUMBER,22,18,6,N
SYSTEM,ALM_DEFICOST,4,USUACREA,VARCHAR2,20,,,N
SYSTEM,ALM_DEFICOST,5,FECHCREA,DATE,7,,,N
SYSTEM,ALM_DEFICOST,6,USUACTUA,VARCHAR2,20,,,Y
SYSTEM,ALM_DEFICOST,7,FECHACTU,DATE,7,,,Y
SYSTEM,ALM_DEFICOST,8,ARTL_COMPANIA,VARCHAR2,10,,,Y
SYSTEM,ALM_DEFICOST,9,ARTL_CODIGRUP,VARCHAR2,20,,,Y
SYSTEM,ALM_DEFICOST,10,ARTL_ARTICULO,VARCHAR2,30,,,Y
SYSTEM,ALM_DEFICOST,11,ARTL_CLASE,VARCHAR2,20,,,Y
SYSTEM,ALM_DEFICOST,12,TCSI_COMPANIA,VARCHAR2,10,,,N
SYSTEM,ALM_DEFICOST,13,TCSI_TIPOCOST,VARCHAR2,10,,,N
SYSTEM,ALM_DESPACHOS,1,CMPR_CEDURUC,VARCHAR2,13,,,Y
SYSTEM,ALM_DESPACHOS,2,CMPR_ALCANCE,NUMBER,22,1,0,Y
SYSTEM,ALM_DESPACHOS,3,CMPR_SERIE,VARCHAR2,6,,,Y
SYSTEM,ALM_DESPACHOS,4,CMPR_COMPANIA,VARCHAR2,10,,,Y
SYSTEM,ALM_DESPACHOS,5,CMPR_NUMERO,NUMBER,22,10,0,Y
SYSTEM,ALM_DESPACHOS,6,OFCN_COMPANIA,VARCHAR2,10,,,N
SYSTEM,ALM_DESPACHOS,7,OFCN_OFICINA,VARCHAR2,3,,,N
SYSTEM,ALM_DESPACHOS,8,VHCL_VHCL_ID,NUMBER,22,,,N
SYSTEM,ALM_DESPACHOS,9,CDT_CDT_ID,NUMBER,22,10,0,N
SYSTEM,ALM_DESPACHOS,10,EGEN_ESTADO,VARCHAR2,2,,,N
SYSTEM,ALM_DESPACHOS,11,NUMERO,NUMBER,22,10,0,N
SYSTEM,ALM_DESPACHOS,12,FECHAEMI,DATE,7,,,N
SYSTEM,ALM_DESPACHOS,13,FECHSALI,DATE,7,,,Y
SYSTEM,ALM_DESPACHOS,14,FECHENTR,DATE,7,,,Y
SYSTEM,ALM_DESPACHOS,15,OBS,VARCHAR2,500,,,Y
SYSTEM,ALM_DESPACHOS,16,REFER,VARCHAR2,30,,,N
SYSTEM,ALM_DESPACHOS,17,DESPACHADO,VARCHAR2,1,,,N
SYSTEM,ALM_DESPACHOS,18,FECHCREA,DATE,7,,,N
SYSTEM,ALM_DESPACHOS,19,USUACREA,VARCHAR2,20,,,N
SYSTEM,ALM_DESPACHOS,20,FECHACTU,DATE,7,,,Y
SYSTEM,ALM_DESPACHOS,21,USUACTUA,VARCHAR2,20,,,Y
SYSTEM,ALM_DESPACHOS,22,VCHAR1,VARCHAR2,400,,,Y
SYSTEM,ALM_DESPACHOS,23,VCHAR2,VARCHAR2,400,,,Y
SYSTEM,ALM_DESPACHOS,24,VCHAR3,VARCHAR2,400,,,Y
SYSTEM,ALM_DESPACHOS,25,VCHAR4,VARCHAR2,400,,,Y
SYSTEM,ALM_DESPACHOS,26,VCHAR5,VARCHAR2,400,,,Y
SYSTEM,ALM_DESPACHOS,27,NUMBER1,NUMBER,22,,,Y
SYSTEM,ALM_DESPACHOS,28,NUMBER2,NUMBER,22,,,Y
SYSTEM,ALM_DESPACHOS,29,NUMBER3,NUMBER,22,,,Y
SYSTEM,ALM_DESPACHOS,30,NUMBER4,NUMBER,22,,,Y
SYSTEM,ALM_DESPACHOS,31,NUMBER5,NUMBER,22,,,Y
SYSTEM,ALM_DETABASC,1,NUMEGUIA,VARCHAR2,15,,,Y
SYSTEM,ALM_DETABASC,2,FECHINGRE,DATE,7,,,N
SYSTEM,ALM_DETABASC,3,FECHSALE,DATE,7,,,Y
SYSTEM,ALM_DETABASC,4,PESOTARA,NUMBER,22,10,4,N
SYSTEM,ALM_DETABASC,5,VALOPESO,NUMBER,22,16,2,N
SYSTEM,ALM_DETABASC,6,DTBA_ID,NUMBER,22,10,0,N
SYSTEM,ALM_DETABASC,7,FECHCREA,DATE,7,,,N
SYSTEM,ALM_DETABASC,8,USUACREA,VARCHAR2,20,,,N
SYSTEM,ALM_DETABASC,9,FECHACTU,DATE,7,,,Y
SYSTEM,ALM_DETABASC,10,USUACTUA,VARCHAR2,20,,,Y
SYSTEM,ALM_DETABASC,11,DESCRIPC,VARCHAR2,240,,,Y
SYSTEM,ALM_DETABASC,12,UMED_UNIDMEDI,VARCHAR2,5,,,N
SYSTEM,ALM_DETABASC,13,PESOINGR,NUMBER,22,10,4,N
SYSTEM,ALM_DETABASC,14,PESOSALE,NUMBER,22,10,4,N
SYSTEM,ALM_DETABASC,15,PROCEDEN,VARCHAR2,60,,,Y
SYSTEM,ALM_DETABASC,16,ORCP_NUMEORDE,NUMBER,22,10,0,Y
SYSTEM,ALM_DETABASC,17,ORCP_COMPANIA,VARCHAR2,10,,,Y
SYSTEM,ALM_DETABASC,18,ORCP_OFICINA,VARCHAR2,3,,,Y
SYSTEM,ALM_DETABASC,19,PRFM_PRFM_ID,NUMBER,22,10,0,Y
SYSTEM,ALM_DETADESP,1,EGEN_ESTADO,VARCHAR2,2,,,N
SYSTEM,ALM_DETADESP,2,DTPS_ID,NUMBER,22,10,0,N
SYSTEM,ALM_DETADESP,3,IDCLIENTE,VARCHAR2,20,,,N
SYSTEM,ALM_DETADESP,4,NOMBRE,VARCHAR2,200,,,N
SYSTEM,ALM_DETADESP,5,COMPANIA,VARCHAR2,10,,,N
SYSTEM,ALM_DETADESP,6,OFICINA,VARCHAR2,3,,,N
SYSTEM,ALM_DETADESP,7,SERIE,VARCHAR2,6,,,N
SYSTEM,ALM_DETADESP,8,FACTURA,NUMBER,22,10,0,N
SYSTEM,ALM_DETADESP,9,TIPOCOM,VARCHAR2,2,,,N
SYSTEM,ALM_DETADESP,10,FFACTURA,DATE,7,,,N
SYSTEM,ALM_DETADESP,11,OBS,VARCHAR2,500,,,Y
SYSTEM,ALM_DETADESP,12,CSTOFLET,NUMBER,22,,,N
SYSTEM,ALM_DETADESP,13,DESTINO,VARCHAR2,200,,,N
SYSTEM,ALM_DETADESP,14,TIPODIRECCION,VARCHAR2,20,,,N
SYSTEM,ALM_DETADESP,15,NUMBER1,NUMBER,22,,,Y
SYSTEM,ALM_DETADESP,16,NUMBER2,NUMBER,22,,,Y
SYSTEM,ALM_DETADESP,17,NUMBER3,NUMBER,22,,,Y
SYSTEM,ALM_DETADESP,18,NUMBER4,NUMBER,22,,,Y
SYSTEM,ALM_DETADESP,19,NUMBER5,NUMBER,22,,,Y
SYSTEM,ALM_DETADESP,20,VCHAR1,VARCHAR2,500,,,Y
SYSTEM,ALM_DETADESP,21,VCHAR2,VARCHAR2,500,,,Y
SYSTEM,ALM_DETADESP,22,VCHAR3,VARCHAR2,500,,,Y
SYSTEM,ALM_DETADESP,23,VCHAR4,VARCHAR2,500,,,Y
SYSTEM,ALM_DETADESP,24,VCHAR5,VARCHAR2,500,,,Y
SYSTEM,ALM_DETADESP,25,USUACTUA,VARCHAR2,20,,,Y
SYSTEM,ALM_DETADESP,26,USUACREA,VARCHAR2,20,,,N
SYSTEM,ALM_DETADESP,27,FECHACTU,DATE,7,,,Y
SYSTEM,ALM_DETADESP,28,FECHCREA,DATE,7,,,N
SYSTEM,ALM_DETADESP,29,DSPO_NUMERO,NUMBER,22,10,0,N
SYSTEM,ALM_DETALOTE,1,DTLT_ID,NUMBER,22,10,0,N
SYSTEM,ALM_DETALOTE,2,CANTPARC,NUMBER,22,16,6,Y
SYSTEM,ALM_DETALOTE,3,LOTE_COMPANIA,VARCHAR2,10,,,N
SYSTEM,ALM_DETALOTE,4,LOTE_NUMELOTE,VARCHAR2,20,,,N
SYSTEM,ALM_DETALOTE,5,DTMV_DTMV_ID,NUMBER,22,10,0,N
SYSTEM,ALM_DETALOTE,6,FECHCREA,DATE,7,,,N
SYSTEM,ALM_DETALOTE,7,USUACREA,VARCHAR2,20,,,N
SYSTEM,ALM_DETALOTE,8,FECHACTU,DATE,7,,,Y
SYSTEM,ALM_DETALOTE,9,USUACTUA,VARCHAR2,20,,,Y
SYSTEM,ALM_DETALOTE,10,LOTE_ALCANCE,NUMBER,22,10,0,N
SYSTEM,ALM_DETALOTE,11,NUMBER1,NUMBER,22,,,Y
SYSTEM,ALM_DETALOTE,12,NUMBER2,NUMBER,22,,,Y
SYSTEM,ALM_DETALOTE,13,NUMBER3,NUMBER,22,,,Y
SYSTEM,ALM_DETALOTE,14,NUMBER4,NUMBER,22,,,Y
SYSTEM,ALM_DETALOTE,15,NUMBER5,NUMBER,22,,,Y
SYSTEM,ALM_DETALOTE,16,VCHAR1,VARCHAR2,500,,,Y
SYSTEM,ALM_DETALOTE,17,VCHAR2,VARCHAR2,500,,,Y
SYSTEM,ALM_DETALOTE,18,VCHAR3,VARCHAR2,500,,,Y
SYSTEM,ALM_DETALOTE,19,VCHAR4,VARCHAR2,500,,,Y
SYSTEM,ALM_DETALOTE,20,VCHAR5,VARCHAR2,500,,,Y
SYSTEM,ALM_DETALOTE,21,OBS,VARCHAR2,500,,,Y
SYSTEM,ALM_DETAMOVI,1,ENTRSALI,VARCHAR2,1,,,N
SYSTEM,ALM_DETAMOVI,2,ADJUVEND,NUMBER,22,12,6,Y
SYSTEM,ALM_DETAMOVI,3,DTMV_ID,NUMBER,22,10,0,N
SYSTEM,ALM_DETAMOVI,4,UMED_UNIDMEDI,VARCHAR2,5,,,N
SYSTEM,ALM_DETAMOVI,5,VALOR,NUMBER,22,20,8,N
SYSTEM,ALM_DETAMOVI,6,CANTIDAD,NUMBER,22,16,6,N
SYSTEM,ALM_DETAMOVI,7,CANTSOLI,NUMBER,22,16,6,Y
SYSTEM,ALM_DETAMOVI,8,CANTASIG,NUMBER,22,16,6,Y
SYSTEM,ALM_DETAMOVI,9,PRECUNIT,NUMBER,22,20,8,N
SYSTEM,ALM_DETAMOVI,10,COSTUNIT,NUMBER,22,18,8,N
SYSTEM,ALM_DETAMOVI,11,USUACREA,VARCHAR2,20,,,N
SYSTEM,ALM_DETAMOVI,12,FECHCREA,DATE,7,,,N
SYSTEM,ALM_DETAMOVI,13,CMPR_ALCANCE,NUMBER,22,1,0,Y
SYSTEM,ALM_DETAMOVI,14,CMPR_NUMERO,NUMBER,22,10,0,Y
SYSTEM,ALM_DETAMOVI,15,CMPR_CEDURUC,VARCHAR2,13,,,Y
SYSTEM,ALM_DETAMOVI,16,CMPR_COMPANIA,VARCHAR2,10,,,Y
SYSTEM,ALM_DETAMOVI,17,CMPR_SERIE,VARCHAR2,6,,,Y
SYSTEM,ALM_DETAMOVI,18,ENSA_NUMERO,VARCHAR2,10,,,Y
SYSTEM,ALM_DETAMOVI,19,ENSA_COMPANIA,VARCHAR2,10,,,Y
SYSTEM,ALM_DETAMOVI,20,ENSA_OFICINA,VARCHAR2,3,,,Y
SYSTEM,ALM_DETAMOVI,21,ENSA_TIPODOCU,VARCHAR2,2,,,Y
SYSTEM,ALM_DETAMOVI,22,IMPT_NUMEIMPO,NUMBER,22,10,0,Y
SYSTEM,ALM_DETAMOVI,23,IMPT_COMPANIA,VARCHAR2,10,,,Y
SYSTEM,ALM_DETAMOVI,24,IMPT_OFICINA,VARCHAR2,3,,,Y
SYSTEM,ALM_DETAMOVI,25,NCCL_NUMERO,VARCHAR2,10,,,Y
SYSTEM,ALM_DETAMOVI,26,NCCL_COMPANIA,VARCHAR2,10,,,Y
SYSTEM,ALM_DETAMOVI,27,NCCL_OFICINA,VARCHAR2,3,,,Y
SYSTEM,ALM_DETAMOVI,28,NCCL_SERIE,VARCHAR2,6,,,Y
SYSTEM,ALM_DETAMOVI,29,NCPR_ALCANCE,NUMBER,22,1,0,Y
SYSTEM,ALM_DETAMOVI,30,NCPR_NUMERO,VARCHAR2,10,,,Y
SYSTEM,ALM_DETAMOVI,31,NCPR_CEDURUC,VARCHAR2,13,,,Y
SYSTEM,ALM_DETAMOVI,32,NCPR_COMPANIA,VARCHAR2,10,,,Y
SYSTEM,ALM_DETAMOVI,33,NCPR_SERIE,VARCHAR2,6,,,Y
SYSTEM,ALM_DETAMOVI,34,VNTA_NUMERO,NUMBER,22,10,0,Y
SYSTEM,ALM_DETAMOVI,35,VNTA_COMPANIA,VARCHAR2,10,,,Y
SYSTEM,ALM_DETAMOVI,36,VNTA_OFICINA,VARCHAR2,3,,,Y
SYSTEM,ALM_DETAMOVI,37,VNTA_SERIE,VARCHAR2,6,,,Y
SYSTEM,ALM_DETAMOVI,38,PORCDESC,NUMBER,22,10,6,Y
SYSTEM,ALM_DETAMOVI,39,FACTIMPO,NUMBER,22,10,6,Y
SYSTEM,ALM_DETAMOVI,40,TASAIVA,NUMBER,22,10,2,Y
SYSTEM,ALM_DETAMOVI,41,TASAICE,NUMBER,22,7,4,Y
SYSTEM,ALM_DETAMOVI,42,OBS,VARCHAR2,600,,,Y
SYSTEM,ALM_DETAMOVI,43,FECHACTU,DATE,7,,,Y
SYSTEM,ALM_DETAMOVI,44,USUACTUA,VARCHAR2,20,,,Y
SYSTEM,ALM_DETAMOVI,45,MODINUME,NUMBER,22,10,0,Y
SYSTEM,ALM_DETAMOVI,46,MODISERIE,VARCHAR2,6,,,Y
SYSTEM,ALM_DETAMOVI,47,TIPOMOVI,VARCHAR2,3,,,Y
SYSTEM,ALM_DETAMOVI,48,SECC_CODIBODE,VARCHAR2,5,,,N
SYSTEM,ALM_DETAMOVI,49,SECC_COMPANIA,VARCHAR2,10,,,N
SYSTEM,ALM_DETAMOVI,50,SECC_CODISECC,VARCHAR2,4,,,N
SYSTEM,ALM_DETAMOVI,51,SECC_OFICINA,VARCHAR2,3,,,N
SYSTEM,ALM_DETAMOVI,52,ARTL_CODIGRUP,VARCHAR2,20,,,N
SYSTEM,ALM_DETAMOVI,53,ARTL_CLASE,VARCHAR2,20,,,N
SYSTEM,ALM_DETAMOVI,54,ARTL_COMPANIA,VARCHAR2,10,,,N
SYSTEM,ALM_DETAMOVI,55,ARTL_ARTICULO,VARCHAR2,30,,,N
SYSTEM,ALM_DETAMOVI,56,PROMOCION,VARCHAR2,1,,,N
SYSTEM,ALM_DETAMOVI,57,PRORATEO,VARCHAR2,1,,,N
SYSTEM,ALM_DETAMOVI,58,DCAM_DCAM_ID,NUMBER,22,10,0,Y
SYSTEM,ALM_DETAMOVI,59,FACTUTIL,NUMBER,22,10,6,Y
SYSTEM,ALM_DETAMOVI,60,COSTANTE,NUMBER,22,18,8,Y
SYSTEM,ALM_DETAMOVI,61,VNTA_TIPOCOMP,VARCHAR2,2,,,Y
SYSTEM,ALM_DETAMOVI,62,VALORFOB,NUMBER,22,20,8,Y
SYSTEM,ALM_DETAMOVI,63,VALDESC,NUMBER,22,18,6,N
SYSTEM,ALM_DETAMOVI,64,LSPR_LSPR_ID,NUMBER,22,10,0,Y
SYSTEM,ALM_DETAMOVI,65,DTMV_DTMV_ID,NUMBER,22,10,0,Y
SYSTEM,ALM_DETAMOVI,66,RCTA_RCTA_ID,NUMBER,22,10,0,Y
SYSTEM,ALM_DETAMOVI,67,UMED_UNIDMEDI_CAJA,VARCHAR2,5,,,Y
SYSTEM,ALM_DETAMOVI,68,VALOADIC,NUMBER,22,18,6,Y
SYSTEM,ALM_DETAMOVI,69,NANDINA,VARCHAR2,30,,,Y
SYSTEM,ALM_DETAMOVI,70,CANTITEM,NUMBER,22,16,6,Y
SYSTEM,ALM_DETAMOVI,71,NUMEAGRU,NUMBER,22,3,0,Y
SYSTEM,ALM_DETAMOVI,72,CANTPERD,NUMBER,22,16,6,Y
SYSTEM,ALM_DETAMOVI,73,NUMBER1,NUMBER,22,,,Y
SYSTEM,ALM_DETAMOVI,74,NUMBER2,NUMBER,22,,,Y
SYSTEM,ALM_DETAMOVI,75,NUMBER3,NUMBER,22,,,Y
SYSTEM,ALM_DETAMOVI,76,NUMBER4,NUMBER,22,,,Y
SYSTEM,ALM_DETAMOVI,77,NUMBER5,NUMBER,22,,,Y
SYSTEM,ALM_DETAMOVI,78,VCHAR1,VARCHAR2,500,,,Y
SYSTEM,ALM_DETAMOVI,79,VCHAR2,VARCHAR2,500,,,Y
SYSTEM,ALM_DETAMOVI,80,VCHAR3,VARCHAR2,500,,,Y
SYSTEM,ALM_DETAMOVI,81,VCHAR4,VARCHAR2,500,,,Y
SYSTEM,ALM_DETAMOVI,82,VCHAR5,VARCHAR2,500,,,Y
SYSTEM,ALM_DETAMOVI,83,ICESPECI,NUMBER,22,16,4,Y
SYSTEM,ALM_DETAMOVI,84,BASEICE,NUMBER,22,16,4,Y
SYSTEM,ALM_DETAMOVI,85,ADVALOREN,NUMBER,22,16,4,Y
SYSTEM,ALM_DETAMOVI,86,VALORICE,NUMBER,22,16,4,Y
SYSTEM,ALM_DETAMOVI,87,DREQ_DREQ_ID,NUMBER,22,10,0,Y
SYSTEM,ALM_DETAMOVI,88,COMBO,VARCHAR2,1,,,N
SYSTEM,ALM_DETAMOVI,89,VALORIVA,NUMBER,22,18,2,Y
SYSTEM,ALM_DETAMOVI_BK,1,ENTRSALI,VARCHAR2,1,,,N
SYSTEM,ALM_DETAMOVI_BK,2,ADJUVEND,NUMBER,22,12,6,Y
SYSTEM,ALM_DETAMOVI_BK,3,DTMV_ID,NUMBER,22,10,0,N
SYSTEM,ALM_DETAMOVI_BK,4,UMED_UNIDMEDI,VARCHAR2,5,,,N
SYSTEM,ALM_DETAMOVI_BK,5,VALOR,NUMBER,22,20,8,N
SYSTEM,ALM_DETAMOVI_BK,6,CANTIDAD,NUMBER,22,16,6,N
SYSTEM,ALM_DETAMOVI_BK,7,CANTSOLI,NUMBER,22,16,6,Y
SYSTEM,ALM_DETAMOVI_BK,8,CANTASIG,NUMBER,22,16,6,Y
SYSTEM,ALM_DETAMOVI_BK,9,PRECUNIT,NUMBER,22,20,8,N
SYSTEM,ALM_DETAMOVI_BK,10,COSTUNIT,NUMBER,22,18,8,N
SYSTEM,ALM_DETAMOVI_BK,11,USUACREA,VARCHAR2,20,,,N
SYSTEM,ALM_DETAMOVI_BK,12,FECHCREA,DATE,7,,,N
SYSTEM,ALM_DETAMOVI_BK,13,CMPR_ALCANCE,NUMBER,22,1,0,Y
SYSTEM,ALM_DETAMOVI_BK,14,CMPR_NUMERO,NUMBER,22,10,0,Y
SYSTEM,ALM_DETAMOVI_BK,15,CMPR_CEDURUC,VARCHAR2,13,,,Y
SYSTEM,ALM_DETAMOVI_BK,16,CMPR_COMPANIA,VARCHAR2,10,,,Y
SYSTEM,ALM_DETAMOVI_BK,17,CMPR_SERIE,VARCHAR2,6,,,Y
SYSTEM,ALM_DETAMOVI_BK,18,ENSA_NUMERO,VARCHAR2,10,,,Y
SYSTEM,ALM_DETAMOVI_BK,19,ENSA_COMPANIA,VARCHAR2,10,,,Y
SYSTEM,ALM_DETAMOVI_BK,20,ENSA_OFICINA,VARCHAR2,3,,,Y
SYSTEM,ALM_DETAMOVI_BK,21,ENSA_TIPODOCU,VARCHAR2,2,,,Y
SYSTEM,ALM_DETAMOVI_BK,22,IMPT_NUMEIMPO,NUMBER,22,10,0,Y
SYSTEM,ALM_DETAMOVI_BK,23,IMPT_COMPANIA,VARCHAR2,10,,,Y
SYSTEM,ALM_DETAMOVI_BK,24,IMPT_OFICINA,VARCHAR2,3,,,Y
SYSTEM,ALM_DETAMOVI_BK,25,NCCL_NUMERO,VARCHAR2,10,,,Y
SYSTEM,ALM_DETAMOVI_BK,26,NCCL_COMPANIA,VARCHAR2,10,,,Y
SYSTEM,ALM_DETAMOVI_BK,27,NCCL_OFICINA,VARCHAR2,3,,,Y
SYSTEM,ALM_DETAMOVI_BK,28,NCCL_SERIE,VARCHAR2,6,,,Y
SYSTEM,ALM_DETAMOVI_BK,29,NCPR_ALCANCE,NUMBER,22,1,0,Y
SYSTEM,ALM_DETAMOVI_BK,30,NCPR_NUMERO,VARCHAR2,10,,,Y
SYSTEM,ALM_DETAMOVI_BK,31,NCPR_CEDURUC,VARCHAR2,13,,,Y
SYSTEM,ALM_DETAMOVI_BK,32,NCPR_COMPANIA,VARCHAR2,10,,,Y
SYSTEM,ALM_DETAMOVI_BK,33,NCPR_SERIE,VARCHAR2,6,,,Y
SYSTEM,ALM_DETAMOVI_BK,34,VNTA_NUMERO,NUMBER,22,10,0,Y
SYSTEM,ALM_DETAMOVI_BK,35,VNTA_COMPANIA,VARCHAR2,10,,,Y
SYSTEM,ALM_DETAMOVI_BK,36,VNTA_OFICINA,VARCHAR2,3,,,Y
SYSTEM,ALM_DETAMOVI_BK,37,VNTA_SERIE,VARCHAR2,6,,,Y
SYSTEM,ALM_DETAMOVI_BK,38,PORCDESC,NUMBER,22,10,6,Y
SYSTEM,ALM_DETAMOVI_BK,39,FACTIMPO,NUMBER,22,10,6,Y
SYSTEM,ALM_DETAMOVI_BK,40,TASAIVA,NUMBER,22,7,0,Y
SYSTEM,ALM_DETAMOVI_BK,41,TASAICE,NUMBER,22,7,4,Y
SYSTEM,ALM_DETAMOVI_BK,42,OBS,VARCHAR2,600,,,Y
SYSTEM,ALM_DETAMOVI_BK,43,FECHACTU,DATE,7,,,Y
SYSTEM,ALM_DETAMOVI_BK,44,USUACTUA,VARCHAR2,20,,,Y
SYSTEM,ALM_DETAMOVI_BK,45,MODINUME,NUMBER,22,10,0,Y
SYSTEM,ALM_DETAMOVI_BK,46,MODISERIE,VARCHAR2,6,,,Y
SYSTEM,ALM_DETAMOVI_BK,47,TIPOMOVI,VARCHAR2,3,,,Y
SYSTEM,ALM_DETAMOVI_BK,48,SECC_CODIBODE,VARCHAR2,5,,,N
SYSTEM,ALM_DETAMOVI_BK,49,SECC_COMPANIA,VARCHAR2,10,,,N
SYSTEM,ALM_DETAMOVI_BK,50,SECC_CODISECC,VARCHAR2,4,,,N
SYSTEM,ALM_DETAMOVI_BK,51,SECC_OFICINA,VARCHAR2,3,,,N
SYSTEM,ALM_DETAMOVI_BK,52,ARTL_CODIGRUP,VARCHAR2,20,,,N
SYSTEM,ALM_DETAMOVI_BK,53,ARTL_CLASE,VARCHAR2,20,,,N
SYSTEM,ALM_DETAMOVI_BK,54,ARTL_COMPANIA,VARCHAR2,10,,,N
SYSTEM,ALM_DETAMOVI_BK,55,ARTL_ARTICULO,VARCHAR2,30,,,N
SYSTEM,ALM_DETAMOVI_BK,56,PROMOCION,VARCHAR2,1,,,N
SYSTEM,ALM_DETAMOVI_BK,57,PRORATEO,VARCHAR2,1,,,N
SYSTEM,ALM_DETAMOVI_BK,58,DCAM_DCAM_ID,NUMBER,22,10,0,Y
SYSTEM,ALM_DETAMOVI_BK,59,FACTUTIL,NUMBER,22,10,6,Y
SYSTEM,ALM_DETAMOVI_BK,60,COSTANTE,NUMBER,22,18,8,Y
SYSTEM,ALM_DETAMOVI_BK,61,VNTA_TIPOCOMP,VARCHAR2,2,,,Y
SYSTEM,ALM_DETAMOVI_BK,62,VALORFOB,NUMBER,22,20,8,Y
SYSTEM,ALM_DETAMOVI_BK,63,VALDESC,NUMBER,22,18,6,N
SYSTEM,ALM_DETAMOVI_BK,64,LSPR_LSPR_ID,NUMBER,22,10,0,Y
SYSTEM,ALM_DETAMOVI_BK,65,DTMV_DTMV_ID,NUMBER,22,10,0,Y
SYSTEM,ALM_DETAMOVI_BK,66,RCTA_RCTA_ID,NUMBER,22,10,0,Y
SYSTEM,ALM_DETAMOVI_BK,67,UMED_UNIDMEDI_CAJA,VARCHAR2,5,,,Y
SYSTEM,ALM_DETAMOVI_BK,68,VALOADIC,NUMBER,22,18,6,Y
SYSTEM,ALM_DETAMOVI_BK,69,NANDINA,VARCHAR2,30,,,Y
SYSTEM,ALM_DETAMOVI_BK,70,CANTITEM,NUMBER,22,16,6,Y
SYSTEM,ALM_DETAMOVI_BK,71,NUMEAGRU,NUMBER,22,3,0,Y
SYSTEM,ALM_DETAMOVI_BK,72,CANTPERD,NUMBER,22,16,6,Y
SYSTEM,ALM_DETAMOVI_BK,73,NUMBER1,NUMBER,22,,,Y
SYSTEM,ALM_DETAMOVI_BK,74,NUMBER2,NUMBER,22,,,Y
SYSTEM,ALM_DETAMOVI_BK,75,NUMBER3,NUMBER,22,,,Y
SYSTEM,ALM_DETAMOVI_BK,76,NUMBER4,NUMBER,22,,,Y
SYSTEM,ALM_DETAMOVI_BK,77,NUMBER5,NUMBER,22,,,Y
SYSTEM,ALM_DETAMOVI_BK,78,VCHAR1,VARCHAR2,500,,,Y
SYSTEM,ALM_DETAMOVI_BK,79,VCHAR2,VARCHAR2,500,,,Y
SYSTEM,ALM_DETAMOVI_BK,80,VCHAR3,VARCHAR2,500,,,Y
SYSTEM,ALM_DETAMOVI_BK,81,VCHAR4,VARCHAR2,500,,,Y
SYSTEM,ALM_DETAMOVI_BK,82,VCHAR5,VARCHAR2,500,,,Y
SYSTEM,ALM_DETAMOVI_BK,83,ICESPECI,NUMBER,22,16,4,Y
SYSTEM,ALM_DETAMOVI_BK,84,BASEICE,NUMBER,22,16,4,Y
SYSTEM,ALM_DETAMOVI_BK,85,ADVALOREN,NUMBER,22,16,4,Y
SYSTEM,ALM_DETAMOVI_BK,86,VALORICE,NUMBER,22,16,4,Y
SYSTEM,ALM_DETAPLAN,1,PLIM_CODIGO,VARCHAR2,5,,,N
SYSTEM,ALM_DETAPLAN,2,DTPL_ID,NUMBER,22,10,0,N
SYSTEM,ALM_DETAPLAN,3,CANTIDAD,NUMBER,22,10,6,N
SYSTEM,ALM_DETAPLAN,4,USUACREA,VARCHAR2,20,,,N
SYSTEM,ALM_DETAPLAN,5,FECHCREA,DATE,7,,,N
SYSTEM,ALM_DETAPLAN,6,USUACTUA,VARCHAR2,20,,,Y
SYSTEM,ALM_DETAPLAN,7,FECHACTU,DATE,7,,,Y
SYSTEM,ALM_DETAPLAN,8,ARTL_CODIGRUP,VARCHAR2,20,,,Y
SYSTEM,ALM_DETAPLAN,9,ARTL_ARTICULO,VARCHAR2,30,,,Y
SYSTEM,ALM_DETAPLAN,10,ARTL_CLASE,VARCHAR2,20,,,Y
SYSTEM,ALM_DETAPLAN,11,ARTL_COMPANIA,VARCHAR2,10,,,Y
SYSTEM,ALM_DETAPROY,1,DPRO_ID,NUMBER,22,10,0,N
SYSTEM,ALM_DETAPROY,2,CANTIDAD,NUMBER,22,,,Y
SYSTEM,ALM_DETAPROY,3,NUMEPARA,NUMBER,22,,,N
SYSTEM,ALM_DETAPROY,4,DESCRIPC,VARCHAR2,500,,,Y
SYSTEM,ALM_DETAPROY,5,REFER,VARCHAR2,100,,,Y
SYSTEM,ALM_DETAPROY,6,FECHACTU,DATE,7,,,Y
SYSTEM,ALM_DETAPROY,7,FECHCREA,DATE,7,,,N
SYSTEM,ALM_DETAPROY,8,NUMBER1,NUMBER,22,,,Y
SYSTEM,ALM_DETAPROY,9,NUMBER2,NUMBER,22,,,Y
SYSTEM,ALM_DETAPROY,10,NUMBER3,NUMBER,22,,,Y
SYSTEM,ALM_DETAPROY,11,NUMBER4,NUMBER,22,,,Y
SYSTEM,ALM_DETAPROY,12,NUMBER5,NUMBER,22,,,Y
SYSTEM,ALM_DETAPROY,13,USUACREA,VARCHAR2,20,,,N
SYSTEM,ALM_DETAPROY,14,USUACTUA,VARCHAR2,20,,,Y
SYSTEM,ALM_DETAPROY,15,VCHAR1,VARCHAR2,500,,,Y
SYSTEM,ALM_DETAPROY,16,VCHAR2,VARCHAR2,500,,,Y
SYSTEM,ALM_DETAPROY,17,VCHAR3,VARCHAR2,500,,,Y
SYSTEM,ALM_DETAPROY,18,VCHAR4,VARCHAR2,500,,,Y
SYSTEM,ALM_DETAPROY,19,VCHAR5,VARCHAR2,500,,,Y
SYSTEM,ALM_DETAPROY,20,ARTL_CLASE,VARCHAR2,20,,,N
SYSTEM,ALM_DETAPROY,21,ARTL_CODIGRUP,VARCHAR2,20,,,N
SYSTEM,ALM_DETAPROY,22,ARTL_ARTICULO,VARCHAR2,30,,,N
SYSTEM,ALM_DETAPROY,23,ARTL_COMPANIA,VARCHAR2,10,,,N
SYSTEM,ALM_DETAPROY,24,RCTA_RCTA_ID,NUMBER,22,10,0,N
SYSTEM,ALM_DETAPROY,25,PRPD_PRPD_ID,NUMBER,22,10,0,N
SYSTEM,ALM_DETAREQU,1,DREQ_ID,NUMBER,22,10,0,N
SYSTEM,ALM_DETAREQU,2,CANTSOLI,NUMBER,22,16,6,N
SYSTEM,ALM_DETAREQU,3,CANTAPRO,NUMBER,22,16,6,Y
SYSTEM,ALM_DETAREQU,4,CANTCONF,NUMBER,22,16,4,Y
SYSTEM,ALM_DETAREQU,5,APROBAC,VARCHAR2,1,,,Y
SYSTEM,ALM_DETAREQU,6,COSTUNIT,NUMBER,22,16,4,N
SYSTEM,ALM_DETAREQU,7,PRECVENT,NUMBER,22,16,4,N
SYSTEM,ALM_DETAREQU,8,VALCIF,NUMBER,22,16,4,Y
SYSTEM,ALM_DETAREQU,9,VALFOB,NUMBER,22,16,4,Y
SYSTEM,ALM_DETAREQU,10,OBSERVAC,VARCHAR2,1500,,,Y
SYSTEM,ALM_DETAREQU,11,REQU_OFICINA,VARCHAR2,3,,,N
SYSTEM,ALM_DETAREQU,12,REQU_NUMERO,VARCHAR2,15,,,N
SYSTEM,ALM_DETAREQU,13,REQU_COMPANIA,VARCHAR2,10,,,N
SYSTEM,ALM_DETAREQU,14,ARTL_ARTICULO,VARCHAR2,30,,,N
SYSTEM,ALM_DETAREQU,15,ARTL_CODIGRUP,VARCHAR2,20,,,N
SYSTEM,ALM_DETAREQU,16,ARTL_CLASE,VARCHAR2,20,,,N
SYSTEM,ALM_DETAREQU,17,ARTL_COMPANIA,VARCHAR2,10,,,N
SYSTEM,ALM_DETAREQU,18,FECHACTU,DATE,7,,,Y
SYSTEM,ALM_DETAREQU,19,FECHCREA,DATE,7,,,N
SYSTEM,ALM_DETAREQU,20,USUACREA,VARCHAR2,20,,,N
SYSTEM,ALM_DETAREQU,21,USUACTUA,VARCHAR2,20,,,Y
SYSTEM,ALM_DETAREQU,22,SECC_CODISECC,VARCHAR2,4,,,Y
SYSTEM,ALM_DETAREQU,23,SECC_COMPANIA,VARCHAR2,10,,,Y
SYSTEM,ALM_DETAREQU,24,SECC_OFICINA,VARCHAR2,3,,,Y
SYSTEM,ALM_DETAREQU,25,SECC_CODIBODE,VARCHAR2,5,,,Y
SYSTEM,ALM_DETAREQU,26,CANTFACT,NUMBER,22,16,6,N
SYSTEM,ALM_DETAREQU,27,REQU_TIPODOCU,VARCHAR2,2,,,N
SYSTEM,ALM_DETAREQU,28,LINECOMP,VARCHAR2,300,,,Y
SYSTEM,ALM_DETAREQU,29,FULTCOMP,DATE,7,,,Y
SYSTEM,ALM_DETAREQU,30,ULTMCOST,NUMBER,22,16,4,Y
SYSTEM,ALM_DETAREQU,31,CANTSUGE,NUMBER,22,16,4,Y
SYSTEM,ALM_DETAREQU,32,NUMBER5,NUMBER,22,,,Y
SYSTEM,ALM_DETAREQU,33,VCHAR1,VARCHAR2,500,,,Y
SYSTEM,ALM_DETAREQU,34,VCHAR2,VARCHAR2,500,,,Y
SYSTEM,ALM_DETAREQU,35,VCHAR3,VARCHAR2,500,,,Y
SYSTEM,ALM_DETAREQU,36,VCHAR4,VARCHAR2,500,,,Y
SYSTEM,ALM_DETAREQU,37,VCHAR5,VARCHAR2,500,,,Y
SYSTEM,ALM_DETAREQU,38,NUMBER1,NUMBER,22,,,Y
SYSTEM,ALM_DETAREQU,39,NUMBER2,NUMBER,22,,,Y
SYSTEM,ALM_DETAREQU,40,NUMBER3,NUMBER,22,,,Y
SYSTEM,ALM_DETAREQU,41,NUMBER4,NUMBER,22,,,Y
SYSTEM,ALM_DETARTLL,1,DATLL_ID,NUMBER,22,10,0,N
SYSTEM,ALM_DETARTLL,2,ARTL_ARTICULO,VARCHAR2,30,,,N
SYSTEM,ALM_DETARTLL,3,ARTL_CLASE,VARCHAR2,20,,,N
SYSTEM,ALM_DETARTLL,4,ARTL_COMPANIA,VARCHAR2,10,,,N
SYSTEM,ALM_DETARTLL,5,ARTL_CODIGRUP,VARCHAR2,20,,,N
SYSTEM,ALM_DETARTLL,6,TLLA_ID_TLLA,VARCHAR2,10,,,N
SYSTEM,ALM_DETARTLL,7,FECHCREA,DATE,7,,,N
SYSTEM,ALM_DETARTLL,8,USUACREA,VARCHAR2,50,,,N
SYSTEM,ALM_DETARTLL,9,VIGENTE,VARCHAR2,1,,,N
SYSTEM,ALM_DETARTLL,10,DESCRIPCION,VARCHAR2,100,,,Y
SYSTEM,ALM_DETARTLL,11,FECHACTU,DATE,7,,,Y
SYSTEM,ALM_DETARTLL,12,USUACTUA,VARCHAR2,50,,,Y
SYSTEM,ALM_DETARTLL,13,EXISTENCIA,NUMBER,22,22,4,Y
SYSTEM,ALM_DETATOFI,1,ADTF_ID,NUMBER,22,10,0,N
SYSTEM,ALM_DETATOFI,2,EXISISTE,NUMBER,22,20,8,Y
SYSTEM,ALM_DETATOFI,3,EXISFISI,NUMBER,22,20,8,Y
SYSTEM,ALM_DETATOFI,4,CANTIDAD,NUMBER,22,16,6,N
SYSTEM,ALM_DETATOFI,5,COSTUNIT,NUMBER,22,18,8,N
SYSTEM,ALM_DETATOFI,6,AJUSTE,VARCHAR2,1,,,N
SYSTEM,ALM_DETATOFI,7,VALOR,NUMBER,22,20,8,N
SYSTEM,ALM_DETATOFI,8,OBS,VARCHAR2,600,,,Y
SYSTEM,ALM_DETATOFI,9,UMED_UNIDMEDI,VARCHAR2,5,,,Y
SYSTEM,ALM_DETATOFI,10,TALLA,VARCHAR2,60,,,Y
SYSTEM,ALM_DETATOFI,11,COLOR,VARCHAR2,60,,,Y
SYSTEM,ALM_DETATOFI,12,PESO,NUMBER,22,15,5,Y
SYSTEM,ALM_DETATOFI,13,ARTL_COMPANIA,VARCHAR2,10,,,N
SYSTEM,ALM_DETATOFI,14,ARTL_CLASE,VARCHAR2,20,,,N
SYSTEM,ALM_DETATOFI,15,ARTL_CODIGRUP,VARCHAR2,20,,,N
SYSTEM,ALM_DETATOFI,16,ARTL_ARTICULO,VARCHAR2,30,,,N
SYSTEM,ALM_DETATOFI,17,ATFS_OFICINA,VARCHAR2,3,,,N
SYSTEM,ALM_DETATOFI,18,ATFS_COMPANIA,VARCHAR2,10,,,N
SYSTEM,ALM_DETATOFI,19,ATFS_TIPODOCU,VARCHAR2,2,,,N
SYSTEM,ALM_DETATOFI,20,ATFS_NUMERO,VARCHAR2,10,,,N
SYSTEM,ALM_DETATOFI,21,ENSA_TIPODOCU,VARCHAR2,2,,,Y
SYSTEM,ALM_DETATOFI,22,ENSA_OFICINA,VARCHAR2,3,,,Y
SYSTEM,ALM_DETATOFI,23,ENSA_COMPANIA,VARCHAR2,10,,,Y
SYSTEM,ALM_DETATOFI,24,ENSA_NUMERO,VARCHAR2,10,,,Y
SYSTEM,ALM_DETATOFI,25,SECC_CODISECC,VARCHAR2,4,,,N
SYSTEM,ALM_DETATOFI,26,SECC_COMPANIA,VARCHAR2,10,,,N
SYSTEM,ALM_DETATOFI,27,SECC_CODIBODE,VARCHAR2,5,,,N
SYSTEM,ALM_DETATOFI,28,SECC_OFICINA,VARCHAR2,3,,,N
SYSTEM,ALM_DETATOFI,29,USUACREA,VARCHAR2,20,,,N
SYSTEM,ALM_DETATOFI,30,FECHCREA,DATE,7,,,N
SYSTEM,ALM_DETATOFI,31,FECHACTU,DATE,7,,,Y
SYSTEM,ALM_DETATOFI,32,USUACTUA,VARCHAR2,20,,,Y
SYSTEM,ALM_DTEGUIRM,1,DTGR_ID,NUMBER,22,10,0,N
SYSTEM,ALM_DTEGUIRM,2,OTRDIR,VARCHAR2,120,,,Y
SYSTEM,ALM_DTEGUIRM,3,DESCRIPC,VARCHAR2,400,,,Y
SYSTEM,ALM_DTEGUIRM,4,GURM_COMPANIA,VARCHAR2,10,,,Y
SYSTEM,ALM_DTEGUIRM,5,GURM_OFICINA,VARCHAR2,3,,,Y
SYSTEM,ALM_DTEGUIRM,6,GURM_SERIE,VARCHAR2,6,,,Y
SYSTEM,ALM_DTEGUIRM,7,GURM_NUMEGUIA,NUMBER,22,10,0,Y
SYSTEM,ALM_DTEGUIRM,8,ENSA_COMPANIA,VARCHAR2,10,,,Y
SYSTEM,ALM_DTEGUIRM,9,ENSA_NUMERO,VARCHAR2,10,,,Y
SYSTEM,ALM_DTEGUIRM,10,ENSA_OFICINA,VARCHAR2,3,,,Y
SYSTEM,ALM_DTEGUIRM,11,ENSA_TIPODOCU,VARCHAR2,2,,,Y
SYSTEM,ALM_DTEGUIRM,12,VNTA_COMPANIA,VARCHAR2,10,,,Y
SYSTEM,ALM_DTEGUIRM,13,VNTA_OFICINA,VARCHAR2,3,,,Y
SYSTEM,ALM_DTEGUIRM,14,VNTA_SERIE,VARCHAR2,6,,,Y
SYSTEM,ALM_DTEGUIRM,15,VNTA_NUMERO,NUMBER,22,10,0,Y
SYSTEM,ALM_DTEGUIRM,16,FECHCREA,DATE,7,,,N
SYSTEM,ALM_DTEGUIRM,17,USUACREA,VARCHAR2,20,,,N
SYSTEM,ALM_DTEGUIRM,18,FECHACTU,DATE,7,,,Y
SYSTEM,ALM_DTEGUIRM,19,USUACTUA,VARCHAR2,20,,,Y
SYSTEM,ALM_DTEGUIRM,20,VAFLECLI,NUMBER,22,16,2,Y
SYSTEM,ALM_DTEGUIRM,21,DRCC_IDCLIENTE,NUMBER,22,10,0,Y
SYSTEM,ALM_DTEGUIRM,22,DRCC_COMPANIA,VARCHAR2,10,,,Y
SYSTEM,ALM_DTEGUIRM,23,DRCC_TIPODIRE,VARCHAR2,2,,,Y
SYSTEM,ALM_DTEGUIRM,24,VNTA_TIPOCOMP,VARCHAR2,2,,,Y
SYSTEM,ALM_DTEGUIRM,25,CANT_CODICANT,VARCHAR2,3,,,Y
SYSTEM,ALM_DTEGUIRM,26,CANT_CODIPROV,VARCHAR2,3,,,Y
SYSTEM,ALM_DTEGUIRM,27,CDT_CDT_ID,NUMBER,22,10,0,Y
SYSTEM,ALM_DTEGUIRM,28,VHCL_VHCL_ID,NUMBER,22,,,Y
SYSTEM,ALM_DTEGUIRM,29,PRFM_PRFM_ID,NUMBER,22,10,0,Y
SYSTEM,ALM_DTEGUIRM,30,CLTE_IDCLIENTE,NUMBER,22,10,0,Y
SYSTEM,ALM_DTEGUIRM,31,CLTE_COMPANIA,VARCHAR2,10,,,Y
SYSTEM,ALM_DTEGUIRM,32,COSTZONA,NUMBER,22,20,6,Y
SYSTEM,ALM_DTEGUIRM,33,KILOS,NUMBER,22,18,6,N
SYSTEM,ALM_DTEGUIRM,34,NUMBER1,NUMBER,22,,,Y
SYSTEM,ALM_DTEGUIRM,35,NUMBER2,NUMBER,22,,,Y
SYSTEM,ALM_DTEGUIRM,36,NUMBER3,NUMBER,22,,,Y
SYSTEM,ALM_DTEGUIRM,37,NUMBER4,NUMBER,22,,,Y
SYSTEM,ALM_DTEGUIRM,38,NUMBER5,NUMBER,22,,,Y
SYSTEM,ALM_DTEGUIRM,39,VCHAR1,VARCHAR2,500,,,Y
SYSTEM,ALM_DTEGUIRM,40,VCHAR2,VARCHAR2,500,,,Y
SYSTEM,ALM_DTEGUIRM,41,VCHAR3,VARCHAR2,500,,,Y
SYSTEM,ALM_DTEGUIRM,42,VCHAR4,VARCHAR2,500,,,Y
SYSTEM,ALM_DTEGUIRM,43,VCHAR5,VARCHAR2,500,,,Y
SYSTEM,ALM_DTEGUIRM,44,ARTL_CODIGRUP,VARCHAR2,20,,,Y
SYSTEM,ALM_DTEGUIRM,45,ARTL_COMPANIA,VARCHAR2,10,,,Y
SYSTEM,ALM_DTEGUIRM,46,ARTL_CLASE,VARCHAR2,20,,,Y
SYSTEM,ALM_DTEGUIRM,47,ARTL_ARTICULO,VARCHAR2,30,,,Y
SYSTEM,ALM_DTEGUIRM,48,CANTIDAD,NUMBER,22,18,2,N
SYSTEM,ALM_ENTRASALI,1,OFCN_COMPANIA,VARCHAR2,10,,,N
SYSTEM,ALM_ENTRASALI,2,FECHDESP,DATE,7,,,Y
SYSTEM,ALM_ENTRASALI,3,DESPACHO,VARCHAR2,1,,,N
SYSTEM,ALM_ENTRASALI,4,OFCN_OFICINA,VARCHAR2,3,,,N
SYSTEM,ALM_ENTRASALI,5,TPDC_TIPODOCU,VARCHAR2,2,,,N
SYSTEM,ALM_ENTRASALI,6,NUMERO,VARCHAR2,10,,,N
SYSTEM,ALM_ENTRASALI,7,FECHA,DATE,7,,,N
SYSTEM,ALM_ENTRASALI,8,TOTDOCU,NUMBER,22,16,2,Y
SYSTEM,ALM_ENTRASALI,9,DESCRIPC,VARCHAR2,600,,,Y
SYSTEM,ALM_ENTRASALI,10,REFER,VARCHAR2,30,,,Y
SYSTEM,ALM_ENTRASALI,11,OBS,VARCHAR2,500,,,Y
SYSTEM,ALM_ENTRASALI,12,EGEN_ESTADO,VARCHAR2,2,,,N
SYSTEM,ALM_ENTRASALI,13,ASTO_COMPANIA,VARCHAR2,10,,,Y
SYSTEM,ALM_ENTRASALI,14,ASTO_NUMEDIAR,NUMBER,22,10,0,Y
SYSTEM,ALM_ENTRASALI,15,INCN_COMPANIA,VARCHAR2,10,,,Y
SYSTEM,ALM_ENTRASALI,16,INCN_PRODUCTO,VARCHAR2,3,,,Y
SYSTEM,ALM_ENTRASALI,17,INCN_TIPODOCU,VARCHAR2,2,,,Y
SYSTEM,ALM_ENTRASALI,18,INCN_CODITRAN,VARCHAR2,10,,,Y
SYSTEM,ALM_ENTRASALI,19,ENSA_COMPANIA,VARCHAR2,10,,,Y
SYSTEM,ALM_ENTRASALI,20,ENSA_OFICINA,VARCHAR2,3,,,Y
SYSTEM,ALM_ENTRASALI,21,ENSA_NUMERO,VARCHAR2,10,,,Y
SYSTEM,ALM_ENTRASALI,22,ENSA_TIPODOCU,VARCHAR2,2,,,Y
SYSTEM,ALM_ENTRASALI,23,CPRE_COMPANIA,VARCHAR2,10,,,Y
SYSTEM,ALM_ENTRASALI,24,CPRE_OFICINA,VARCHAR2,3,,,Y
SYSTEM,ALM_ENTRASALI,25,CPRE_NUMERO,VARCHAR2,10,,,Y
SYSTEM,ALM_ENTRASALI,26,OPRD_COMPANIA,VARCHAR2,10,,,Y
SYSTEM,ALM_ENTRASALI,27,OPRD_OFICINA,VARCHAR2,3,,,Y
SYSTEM,ALM_ENTRASALI,28,OPRD_NUMERO,VARCHAR2,10,,,Y
SYSTEM,ALM_ENTRASALI,29,FECHCREA,DATE,7,,,N
SYSTEM,ALM_ENTRASALI,30,USUACREA,VARCHAR2,20,,,N
SYSTEM,ALM_ENTRASALI,31,FECHACTU,DATE,7,,,Y
SYSTEM,ALM_ENTRASALI,32,USUACTUA,VARCHAR2,20,,,Y
SYSTEM,ALM_ENTRASALI,33,OFCN_OFICINA_DEST,VARCHAR2,3,,,Y
SYSTEM,ALM_ENTRASALI,34,OFCN_COMPANIA_DEST,VARCHAR2,10,,,Y
SYSTEM,ALM_ENTRASALI,35,DCAM_ID,NUMBER,22,10,0,Y
SYSTEM,ALM_ENTRASALI,36,FECHANUL,DATE,7,,,Y
SYSTEM,ALM_ENTRASALI,37,ORTR_ORTR_ID,NUMBER,22,10,0,Y
SYSTEM,ALM_ENTRASALI,38,PROV_COMPANIA,VARCHAR2,10,,,Y
SYSTEM,ALM_ENTRASALI,39,PROV_CEDURUC,VARCHAR2,13,,,Y
SYSTEM,ALM_ENTRASALI,40,CLTE_COMPANIA,VARCHAR2,10,,,Y
SYSTEM,ALM_ENTRASALI,41,CLTE_IDCLIENTE,NUMBER,22,10,0,Y
SYSTEM,ALM_ENTRASALI,42,NUMBER1,NUMBER,22,,,Y
SYSTEM,ALM_ENTRASALI,43,NUMBER2,NUMBER,22,,,Y
SYSTEM,ALM_ENTRASALI,44,NUMBER3,NUMBER,22,,,Y
SYSTEM,ALM_ENTRASALI,45,NUMBER4,NUMBER,22,,,Y
SYSTEM,ALM_ENTRASALI,46,NUMBER5,NUMBER,22,,,Y
SYSTEM,ALM_ENTRASALI,47,VCHAR1,VARCHAR2,500,,,Y
SYSTEM,ALM_ENTRASALI,48,VCHAR2,VARCHAR2,500,,,Y
SYSTEM,ALM_ENTRASALI,49,VCHAR3,VARCHAR2,500,,,Y
SYSTEM,ALM_ENTRASALI,50,VCHAR4,VARCHAR2,500,,,Y
SYSTEM,ALM_ENTRASALI,51,VCHAR5,VARCHAR2,500,,,Y
SYSTEM,ALM_ENTRASALI,52,LTPR_CODIGO,VARCHAR2,10,,,Y
SYSTEM,ALM_ENTRASALI,53,PRFM_PRFM_ID,NUMBER,22,10,0,Y
SYSTEM,ALM_ENTRASALI,54,OTRC_OTRC_ID,NUMBER,22,10,0,Y
SYSTEM,ALM_ENTRASALI,55,VNTA_NUMERO,NUMBER,22,10,0,Y
SYSTEM,ALM_ENTRASALI,56,VNTA_OFICINA,VARCHAR2,3,,,Y
SYSTEM,ALM_ENTRASALI,57,VNTA_SERIE,VARCHAR2,6,,,Y
SYSTEM,ALM_ENTRASALI,58,VNTA_COMPANIA,VARCHAR2,10,,,Y
SYSTEM,ALM_ENTRASALI,59,VNTA_TIPOCOMP,VARCHAR2,2,,,Y
SYSTEM,ALM_ENTRASALI,60,RHHS_CEDURUC,VARCHAR2,13,,,Y
SYSTEM,ALM_ESPECIFICAC,1,ARTL_ARTICULO,VARCHAR2,30,,,N
SYSTEM,ALM_ESPECIFICAC,2,ARTL_CLASE,VARCHAR2,20,,,N
SYSTEM,ALM_ESPECIFICAC,3,ARTL_COMPANIA,VARCHAR2,10,,,N
SYSTEM,ALM_ESPECIFICAC,4,ARTL_CODIGRUP,VARCHAR2,20,,,N
SYSTEM,ALM_ESPECIFICAC,5,PROV_CEDURUC,VARCHAR2,13,,,N
SYSTEM,ALM_ESPECIFICAC,6,PROV_COMPANIA,VARCHAR2,10,,,N
SYSTEM,ALM_ESPECIFICAC,7,LNEA_COMPANIA,VARCHAR2,10,,,N
SYSTEM,ALM_ESPECIFICAC,8,LNEA_CODLINEA,VARCHAR2,10,,,N
SYSTEM,ALM_ESPECIFICAC,9,VIGENTE,VARCHAR2,1,,,N
SYSTEM,ALM_ESPECIFICAC,10,FECHCREA,DATE,7,,,N
SYSTEM,ALM_ESPECIFICAC,11,USUACREA,VARCHAR2,20,,,N
SYSTEM,ALM_ESPECIFICAC,12,FECHACTU,DATE,7,,,Y
SYSTEM,ALM_ESPECIFICAC,13,USUACTUA,VARCHAR2,20,,,Y
SYSTEM,ALM_ESPECTALL,1,SPTL_ID,NUMBER,22,10,0,N
SYSTEM,ALM_ESPECTALL,2,DTMV_DTMV_ID,NUMBER,22,10,0,Y
SYSTEM,ALM_ESPECTALL,3,TLLA_ID_TLLA,VARCHAR2,10,,,N
SYSTEM,ALM_ESPECTALL,4,CANTIDAD,NUMBER,22,16,6,N
SYSTEM,ALM_ESPECTALL,5,FECHCREA,DATE,7,,,N
SYSTEM,ALM_ESPECTALL,6,USUACREA,VARCHAR2,50,,,N
SYSTEM,ALM_ESPECTALL,7,FECHACTU,DATE,7,,,Y
SYSTEM,ALM_ESPECTALL,8,USUACTUA,VARCHAR2,50,,,Y
SYSTEM,ALM_ESPECTALL,9,DTNP_DTNP_ID,NUMBER,22,10,0,Y
SYSTEM,ALM_ESPECTALL,10,DPRF_DPRF_ID,NUMBER,22,10,0,Y
SYSTEM,ALM_ETIQUETA,1,CODIGO,VARCHAR2,10,,,N
SYSTEM,ALM_ETIQUETA,2,RANGO,VARCHAR2,500,,,N
SYSTEM,ALM_ETIQUETA,3,TAMANIO,VARCHAR2,100,,,N
SYSTEM,ALM_ETIQUETA,4,VCHAR1,VARCHAR2,500,,,Y
SYSTEM,ALM_ETIQUETA,5,VCHAR2,VARCHAR2,500,,,Y
SYSTEM,ALM_ETIQUETA,6,VCHAR3,VARCHAR2,500,,,Y
SYSTEM,ALM_ETIQUETA,7,VCHAR4,VARCHAR2,500,,,Y
SYSTEM,ALM_ETIQUETA,8,VCHAR5,VARCHAR2,500,,,Y
SYSTEM,ALM_ETIQUETA,9,NUMBER1,NUMBER,22,,,Y
SYSTEM,ALM_ETIQUETA,10,NUMBER2,NUMBER,22,,,Y
SYSTEM,ALM_ETIQUETA,11,NUMBER3,NUMBER,22,,,Y
SYSTEM,ALM_ETIQUETA,12,NUMBER4,NUMBER,22,,,Y
SYSTEM,ALM_ETIQUETA,13,NUMBER5,NUMBER,22,,,Y
SYSTEM,ALM_ETIQUETA,14,FECHCREA,DATE,7,,,N
SYSTEM,ALM_ETIQUETA,15,USUACREA,VARCHAR2,20,,,N
SYSTEM,ALM_ETIQUETA,16,USUACTUA,VARCHAR2,20,,,Y
SYSTEM,ALM_ETIQUETA,17,FECHACTU,DATE,7,,,Y
SYSTEM,ALM_FAVORITO,1,ARFR_ID,NUMBER,22,10,0,N
SYSTEM,ALM_FAVORITO,2,VIGENTE,VARCHAR2,1,,,N
SYSTEM,ALM_FAVORITO,3,CALIFICA,NUMBER,22,2,0,N
SYSTEM,ALM_FAVORITO,4,FECHCREA,DATE,7,,,N
SYSTEM,ALM_FAVORITO,5,USUACREA,VARCHAR2,20,,,N
SYSTEM,ALM_FAVORITO,6,DESCRIPC,VARCHAR2,500,,,Y
SYSTEM,ALM_FAVORITO,7,VCHAR1,VARCHAR2,500,,,Y
SYSTEM,ALM_FAVORITO,8,VCHAR2,VARCHAR2,500,,,Y
SYSTEM,ALM_FAVORITO,9,VCHAR3,VARCHAR2,500,,,Y
SYSTEM,ALM_FAVORITO,10,VCHAR4,VARCHAR2,500,,,Y
SYSTEM,ALM_FAVORITO,11,VCHAR5,VARCHAR2,500,,,Y
SYSTEM,ALM_FAVORITO,12,NUMBER1,NUMBER,22,,,Y
SYSTEM,ALM_FAVORITO,13,NUMBER2,NUMBER,22,,,Y
SYSTEM,ALM_FAVORITO,14,NUMBER3,NUMBER,22,,,Y
SYSTEM,ALM_FAVORITO,15,NUMBER4,NUMBER,22,,,Y
SYSTEM,ALM_FAVORITO,16,NUMBER5,NUMBER,22,,,Y
SYSTEM,ALM_FAVORITO,17,FECHACTU,DATE,7,,,Y
SYSTEM,ALM_FAVORITO,18,USUACTUA,VARCHAR2,20,,,Y
SYSTEM,ALM_FAVORITO,19,CLTE_COMPANIA,VARCHAR2,10,,,Y
SYSTEM,ALM_FAVORITO,20,CLTE_IDCLIENTE,NUMBER,22,10,0,Y
SYSTEM,ALM_FAVORITO,21,ARTL_CODIGRUP,VARCHAR2,20,,,Y
SYSTEM,ALM_FAVORITO,22,ARTL_COMPANIA,VARCHAR2,10,,,Y
SYSTEM,ALM_FAVORITO,23,ARTL_ARTICULO,VARCHAR2,30,,,Y
SYSTEM,ALM_FAVORITO,24,ARTL_CLASE,VARCHAR2,20,,,Y
SYSTEM,ALM_GRUPARTI,1,CINV_COMPANIA,VARCHAR2,10,,,N
SYSTEM,ALM_GRUPARTI,2,CINV_CLASE,VARCHAR2,20,,,N
SYSTEM,ALM_GRUPARTI,3,CODIGRUP,VARCHAR2,20,,,N
SYSTEM,ALM_GRUPARTI,4,DESCRIPC,VARCHAR2,120,,,N
SYSTEM,ALM_GRUPARTI,5,VIGENTE,VARCHAR2,1,,,N
SYSTEM,ALM_GRUPARTI,6,FECHCREA,DATE,7,,,N
SYSTEM,ALM_GRUPARTI,7,USUACREA,VARCHAR2,20,,,N
SYSTEM,ALM_GRUPARTI,8,FECHACTU,DATE,7,,,Y
SYSTEM,ALM_GRUPARTI,9,USUACTUA,VARCHAR2,20,,,Y
SYSTEM,ALM_GUIAREMI,1,OFCN_COMPANIA,VARCHAR2,10,,,N
SYSTEM,ALM_GUIAREMI,2,VALOGUIA,NUMBER,22,,,Y
SYSTEM,ALM_GUIAREMI,3,IMPRESO,VARCHAR2,1,,,N
SYSTEM,ALM_GUIAREMI,4,OFCN_OFICINA,VARCHAR2,3,,,N
SYSTEM,ALM_GUIAREMI,5,NUMEGUIA,NUMBER,22,10,0,N
SYSTEM,ALM_GUIAREMI,6,SERIE,VARCHAR2,6,,,N
SYSTEM,ALM_GUIAREMI,7,DTFL_DTFL_ID,NUMBER,22,10,0,N
SYSTEM,ALM_GUIAREMI,8,FECHAEMI,DATE,7,,,N
SYSTEM,ALM_GUIAREMI,9,FECHARRI,DATE,7,,,Y
SYSTEM,ALM_GUIAREMI,10,FECHENVI,DATE,7,,,N
SYSTEM,ALM_GUIAREMI,11,MOTIVO,VARCHAR2,500,,,N
SYSTEM,ALM_GUIAREMI,12,FECHCREA,DATE,7,,,N
SYSTEM,ALM_GUIAREMI,13,USUACREA,VARCHAR2,20,,,N
SYSTEM,ALM_GUIAREMI,14,FECHACTU,DATE,7,,,Y
SYSTEM,ALM_GUIAREMI,15,USUACTUA,VARCHAR2,20,,,Y
SYSTEM,ALM_GUIAREMI,16,EGEN_ESTADO,VARCHAR2,2,,,N
SYSTEM,ALM_GUIAREMI,17,FECHANUL,DATE,7,,,Y
SYSTEM,ALM_GUIAREMI,18,FECHVALI,DATE,7,,,Y
SYSTEM,ALM_GUIAREMI,19,NUMEAUTO,VARCHAR2,15,,,Y
SYSTEM,ALM_GUIAREMI,20,PNTOLLEG,VARCHAR2,500,,,Y
SYSTEM,ALM_GUIAREMI,21,TPMOTI,VARCHAR2,2,,,Y
SYSTEM,ALM_GUIAREMI,22,VHCL_VHCL_ID,NUMBER,22,,,Y
SYSTEM,ALM_GUIAREMI,23,CDT_CDT_ID,NUMBER,22,10,0,Y
SYSTEM,ALM_GUIAREMI,24,PLACA,VARCHAR2,10,,,Y
SYSTEM,ALM_GUIAREMI,25,ESTDAUTOSRI,VARCHAR2,20,,,Y
SYSTEM,ALM_GUIAREMI,26,NUMEAUTOSRI,VARCHAR2,200,,,Y
SYSTEM,ALM_GUIAREMI,27,FECHAAUTOSRI,VARCHAR2,50,,,Y
SYSTEM,ALM_GUIAREMI,28,CLAVACCESRI,VARCHAR2,200,,,Y
SYSTEM,ALM_GUIAREMI,29,VCHAR1,VARCHAR2,4000,,,Y
SYSTEM,ALM_GUIAREMI,30,VCHAR2,VARCHAR2,4000,,,Y
SYSTEM,ALM_GUIAREMI,31,VCHAR3,VARCHAR2,4000,,,Y
SYSTEM,ALM_GUIAREMI,32,VCHAR4,VARCHAR2,4000,,,Y
SYSTEM,ALM_GUIAREMI,33,VCHAR5,VARCHAR2,4000,,,Y
SYSTEM,ALM_GUIAREMI,34,NUMBER1,NUMBER,22,,,Y
SYSTEM,ALM_GUIAREMI,35,NUMBER2,NUMBER,22,,,Y
SYSTEM,ALM_GUIAREMI,36,NUMBER3,NUMBER,22,,,Y
SYSTEM,ALM_GUIAREMI,37,NUMBER4,NUMBER,22,,,Y
SYSTEM,ALM_GUIAREMI,38,NUMBER5,NUMBER,22,,,Y
SYSTEM,ALM_GUIAREMI,39,DSPO_NUMERO,NUMBER,22,10,0,Y
SYSTEM,ALM_GUIAREMI,40,PNTOSALI,VARCHAR2,500,,,Y
SYSTEM,ALM_HISTARTI,1,HSAR_ID,NUMBER,22,10,0,N
SYSTEM,ALM_HISTARTI,2,COSTO,NUMBER,22,18,6,N
SYSTEM,ALM_HISTARTI,3,EXISTENCIA,NUMBER,22,18,6,N
SYSTEM,ALM_HISTARTI,4,FECHUCOM,DATE,7,,,Y
SYSTEM,ALM_HISTARTI,5,FECHUIMP,DATE,7,,,Y
SYSTEM,ALM_HISTARTI,6,MONEUCOM,VARCHAR2,5,,,Y
SYSTEM,ALM_HISTARTI,7,ROTACION,NUMBER,22,18,6,N
SYSTEM,ALM_HISTARTI,8,ULTIPVP,NUMBER,22,18,6,N
SYSTEM,ALM_HISTARTI,9,VALFUCOM,NUMBER,22,18,6,Y
SYSTEM,ALM_HISTARTI,10,VALOUCOM,NUMBER,22,18,6,Y
SYSTEM,ALM_HISTARTI,11,VENTACTU,NUMBER,22,18,6,N
SYSTEM,ALM_HISTARTI,12,VENTANTE,NUMBER,22,18,6,N
SYSTEM,ALM_HISTARTI,13,VENTPERD,NUMBER,22,18,6,N
SYSTEM,ALM_HISTARTI,14,FECHA,DATE,7,,,N
SYSTEM,ALM_HISTARTI,15,USUACREA,VARCHAR2,20,,,N
SYSTEM,ALM_HISTARTI,16,FECHCREA,DATE,7,,,N
SYSTEM,ALM_HISTARTI,17,ARTL_ARTICULO,VARCHAR2,30,,,N
SYSTEM,ALM_HISTARTI,18,ARTL_CLASE,VARCHAR2,20,,,N
SYSTEM,ALM_HISTARTI,19,ARTL_COMPANIA,VARCHAR2,10,,,N
SYSTEM,ALM_HISTARTI,20,ARTL_CODIGRUP,VARCHAR2,20,,,N
SYSTEM,ALM_HISTARTI,21,SECC_CODIBODE,VARCHAR2,5,,,N
SYSTEM,ALM_HISTARTI,22,SECC_COMPANIA,VARCHAR2,10,,,N
SYSTEM,ALM_HISTARTI,23,SECC_OFICINA,VARCHAR2,3,,,N
SYSTEM,ALM_HISTARTI,24,SECC_CODISECC,VARCHAR2,4,,,N
SYSTEM,ALM_HISTARTI,25,USUACTUA,VARCHAR2,20,,,Y
SYSTEM,ALM_HISTARTI,26,FECHACTU,DATE,7,,,Y
SYSTEM,ALM_HISTEXIS,1,FECHA,DATE,7,,,N
SYSTEM,ALM_HISTEXIS,2,ARTL_ARTICULO,VARCHAR2,30,,,N
SYSTEM,ALM_HISTEXIS,3,ARTL_CLASE,VARCHAR2,20,,,N
SYSTEM,ALM_HISTEXIS,4,ARTL_COMPANIA,VARCHAR2,10,,,N
SYSTEM,ALM_HISTEXIS,5,ARTL_CODIGRUP,VARCHAR2,20,,,N
SYSTEM,ALM_HISTEXIS,6,CANTIDAD,NUMBER,22,6,0,N
SYSTEM,ALM_HISTEXIS,7,VALOR,NUMBER,22,16,2,N
SYSTEM,ALM_HISTEXIS,8,PRECUNIT,NUMBER,22,16,2,Y
SYSTEM,ALM_HISTEXIS,9,COSTUNIT,NUMBER,22,16,2,Y
SYSTEM,ALM_HISTEXIS,10,OBSERVAC,VARCHAR2,100,,,Y
SYSTEM,ALM_HISTEXIS,11,FECHCREA,DATE,7,,,N
SYSTEM,ALM_HISTEXIS,12,USUACREA,VARCHAR2,20,,,N
SYSTEM,ALM_HISTEXIS,13,FECHACTU,DATE,7,,,Y
SYSTEM,ALM_HISTEXIS,14,USUACTUA,VARCHAR2,20,,,Y
SYSTEM,ALM_IMPUESTO,1,TPIM_TIPOIMPU,VARCHAR2,5,,,N
SYSTEM,ALM_IMPUESTO,2,FECHA,DATE,7,,,N
SYSTEM,ALM_IMPUESTO,3,ARTL_COMPANIA,VARCHAR2,10,,,N
SYSTEM,ALM_IMPUESTO,4,ARTL_ARTICULO,VARCHAR2,30,,,N
SYSTEM,ALM_IMPUESTO,5,ARTL_CLASE,VARCHAR2,20,,,N
SYSTEM,ALM_IMPUESTO,6,ARTL_CODIGRUP,VARCHAR2,20,,,N
SYSTEM,ALM_IMPUESTO,7,TASA,NUMBER,22,7,4,N
SYSTEM,ALM_IMPUESTO,8,VIGENTE,VARCHAR2,1,,,N
SYSTEM,ALM_IMPUESTO,9,FECHVIGE,DATE,7,,,Y
SYSTEM,ALM_IMPUESTO,10,FECHCREA,DATE,7,,,N
SYSTEM,ALM_IMPUESTO,11,USUACREA,VARCHAR2,20,,,N
SYSTEM,ALM_IMPUESTO,12,FECHACTU,DATE,7,,,Y
SYSTEM,ALM_IMPUESTO,13,USUACTUA,VARCHAR2,20,,,Y
SYSTEM,ALM_IMPUESTO,14,VALOR,NUMBER,22,18,4,Y
SYSTEM,ALM_LINEAS,1,CMPN_COMPANIA,VARCHAR2,10,,,N
SYSTEM,ALM_LINEAS,2,CODLINEA,VARCHAR2,10,,,N
SYSTEM,ALM_LINEAS,3,DESCRIPC,VARCHAR2,120,,,N
SYSTEM,ALM_LINEAS,4,FECHCREA,DATE,7,,,N
SYSTEM,ALM_LINEAS,5,USUACREA,VARCHAR2,20,,,N
SYSTEM,ALM_LINEAS,6,FECHACTU,DATE,7,,,Y
SYSTEM,ALM_LINEAS,7,USUACTUA,VARCHAR2,20,,,Y
SYSTEM,ALM_LINEAS,8,PORCENTA,NUMBER,22,12,6,Y
SYSTEM,ALM_LINECOMP,1,CODIGO,VARCHAR2,3,,,N
SYSTEM,ALM_LINECOMP,2,DESCRIP,VARCHAR2,200,,,N
SYSTEM,ALM_LINECOMP,3,USUACREA,VARCHAR2,20,,,N
SYSTEM,ALM_LINECOMP,4,FECHCREA,DATE,7,,,N
SYSTEM,ALM_LINECOMP,5,USUACTUA,VARCHAR2,20,,,Y
SYSTEM,ALM_LINECOMP,6,FECHACTU,DATE,7,,,Y
SYSTEM,ALM_LINECOMP,7,NUMBER1,NUMBER,22,,,Y
SYSTEM,ALM_LINECOMP,8,NUMBER2,NUMBER,22,,,Y
SYSTEM,ALM_LINECOMP,9,NUMBER3,NUMBER,22,,,Y
SYSTEM,ALM_LINECOMP,10,NUMBER4,NUMBER,22,,,Y
SYSTEM,ALM_LINECOMP,11,NUMBER5,NUMBER,22,,,Y
SYSTEM,ALM_LINECOMP,12,VCHAR1,VARCHAR2,500,,,Y
SYSTEM,ALM_LINECOMP,13,VCHAR2,VARCHAR2,500,,,Y
SYSTEM,ALM_LINECOMP,14,VCHAR3,VARCHAR2,500,,,Y
SYSTEM,ALM_LINECOMP,15,VCHAR4,VARCHAR2,500,,,Y
SYSTEM,ALM_LINECOMP,16,VCHAR5,VARCHAR2,500,,,Y
SYSTEM,ALM_LOTE,1,CMPN_COMPANIA,VARCHAR2,10,,,N
SYSTEM,ALM_LOTE,2,NUMELOTE,VARCHAR2,20,,,N
SYSTEM,ALM_LOTE,3,EGEN_ESTADO,VARCHAR2,2,,,N
SYSTEM,ALM_LOTE,4,FECHLOTE,DATE,7,,,Y
SYSTEM,ALM_LOTE,5,FVENLOTE,DATE,7,,,Y
SYSTEM,ALM_LOTE,6,OBSERVAC,VARCHAR2,100,,,Y
SYSTEM,ALM_LOTE,7,VIGENTE,VARCHAR2,1,,,N
SYSTEM,ALM_LOTE,8,FECHCREA,DATE,7,,,N
SYSTEM,ALM_LOTE,9,USUACREA,VARCHAR2,20,,,N
SYSTEM,ALM_LOTE,10,FECHACTU,DATE,7,,,Y
SYSTEM,ALM_LOTE,11,USACTUA,VARCHAR2,20,,,Y
SYSTEM,ALM_LOTE,12,ALCANCE,NUMBER,22,10,0,N
SYSTEM,ALM_PARACOMP,1,ROTA_TIPO,VARCHAR2,5,,,N
SYSTEM,ALM_PARACOMP,2,LICP_CODIGO,VARCHAR2,3,,,N
SYSTEM,ALM_PARACOMP,3,FACTRENT,NUMBER,22,5,2,N
SYSTEM,ALM_PARACOMP,4,FACRENMIN,NUMBER,22,,,Y
SYSTEM,ALM_PARACOMP,5,VIGENTE,VARCHAR2,1,,,N
SYSTEM,ALM_PARACOMP,6,FECHCREA,DATE,7,,,N
SYSTEM,ALM_PARACOMP,7,USUACREA,VARCHAR2,20,,,N
SYSTEM,ALM_PARACOMP,8,USUACTUA,VARCHAR2,20,,,Y
SYSTEM,ALM_PARACOMP,9,FECHACTU,DATE,7,,,Y
SYSTEM,ALM_PARACOMP,10,PACO_ID,NUMBER,22,10,0,N
SYSTEM,ALM_PLANIMPR,1,OFCN_COMPANIA,VARCHAR2,10,,,N
SYSTEM,ALM_PLANIMPR,2,OFCN_OFICINA,VARCHAR2,3,,,N
SYSTEM,ALM_PLANIMPR,3,CODIGO,VARCHAR2,5,,,N
SYSTEM,ALM_PLANIMPR,4,NOMBRE,VARCHAR2,50,,,N
SYSTEM,ALM_PLANIMPR,5,USUACREA,VARCHAR2,20,,,N
SYSTEM,ALM_PLANIMPR,6,FECHCREA,DATE,7,,,N
SYSTEM,ALM_PLANIMPR,7,USUACTUA,VARCHAR2,20,,,Y
SYSTEM,ALM_PLANIMPR,8,FECHACTU,DATE,7,,,Y
SYSTEM,ALM_PRESARTI,1,PRAR_ID,NUMBER,22,10,0,N
SYSTEM,ALM_PRESARTI,2,DESCRIPC,VARCHAR2,500,,,Y
SYSTEM,ALM_PRESARTI,3,VIGENTE,VARCHAR2,1,,,N
SYSTEM,ALM_PRESARTI,4,NUMBER1,NUMBER,22,,,Y
SYSTEM,ALM_PRESARTI,5,NUMBER2,NUMBER,22,,,Y
SYSTEM,ALM_PRESARTI,6,NUMBER3,NUMBER,22,,,Y
SYSTEM,ALM_PRESARTI,7,NUMBER4,NUMBER,22,,,Y
SYSTEM,ALM_PRESARTI,8,NUMBER5,NUMBER,22,,,Y
SYSTEM,ALM_PRESARTI,9,VCHAR1,VARCHAR2,500,,,Y
SYSTEM,ALM_PRESARTI,10,VCHAR2,VARCHAR2,500,,,Y
SYSTEM,ALM_PRESARTI,11,VCHAR3,VARCHAR2,500,,,Y
SYSTEM,ALM_PRESARTI,12,VCHAR4,VARCHAR2,500,,,Y
SYSTEM,ALM_PRESARTI,13,VCHAR5,VARCHAR2,500,,,Y
SYSTEM,ALM_PRESARTI,14,FECHCREA,DATE,7,,,N
SYSTEM,ALM_PRESARTI,15,USUACREA,VARCHAR2,20,,,N
SYSTEM,ALM_PRESARTI,16,FECHACTU,DATE,7,,,Y
SYSTEM,ALM_PRESARTI,17,USUACTUA,VARCHAR2,20,,,Y
SYSTEM,ALM_PRESARTI,18,ARTL_ARTICULO,VARCHAR2,30,,,N
SYSTEM,ALM_PRESARTI,19,ARTL_CODIGRUP,VARCHAR2,20,,,N
SYSTEM,ALM_PRESARTI,20,ARTL_COMPANIA,VARCHAR2,10,,,N
SYSTEM,ALM_PRESARTI,21,ARTL_CLASE,VARCHAR2,20,,,N
SYSTEM,ALM_PRESARTI,22,COMPANIA,VARCHAR2,10,,,N
SYSTEM,ALM_PRESARTI,23,CLASE,VARCHAR2,20,,,N
SYSTEM,ALM_PRESARTI,24,CODIGRUP,VARCHAR2,20,,,N
SYSTEM,ALM_PRESARTI,25,ARTICULO,VARCHAR2,30,,,N
SYSTEM,ALM_PROYPROD,1,PRPD_ID,NUMBER,22,10,0,N
SYSTEM,ALM_PROYPROD,2,VIGENTE,VARCHAR2,1,,,N
SYSTEM,ALM_PROYPROD,3,FECHA,DATE,7,,,N
SYSTEM,ALM_PROYPROD,4,DESCRIPC,VARCHAR2,500,,,Y
SYSTEM,ALM_PROYPROD,5,RESPONSB,VARCHAR2,30,,,Y
SYSTEM,ALM_PROYPROD,6,REFER,VARCHAR2,100,,,Y
SYSTEM,ALM_PROYPROD,7,FECHPROD,DATE,7,,,Y
SYSTEM,ALM_PROYPROD,8,FECHCREA,DATE,7,,,N
SYSTEM,ALM_PROYPROD,9,USUACREA,VARCHAR2,20,,,N
SYSTEM,ALM_PROYPROD,10,FECHACTU,DATE,7,,,Y
SYSTEM,ALM_PROYPROD,11,USUACTUA,VARCHAR2,20,,,Y
SYSTEM,ALM_PROYPROD,12,NUMBER1,NUMBER,22,,,Y
SYSTEM,ALM_PROYPROD,13,NUMBER2,NUMBER,22,,,Y
SYSTEM,ALM_PROYPROD,14,NUMBER3,NUMBER,22,,,Y
SYSTEM,ALM_PROYPROD,15,NUMBER4,NUMBER,22,,,Y
SYSTEM,ALM_PROYPROD,16,NUMBER5,NUMBER,22,,,Y
SYSTEM,ALM_PROYPROD,17,VCHAR1,VARCHAR2,500,,,Y
SYSTEM,ALM_PROYPROD,18,VCHAR2,VARCHAR2,500,,,Y
SYSTEM,ALM_PROYPROD,19,VCHAR3,VARCHAR2,500,,,Y
SYSTEM,ALM_PROYPROD,20,VCHAR4,VARCHAR2,500,,,Y
SYSTEM,ALM_PROYPROD,21,VCHAR5,VARCHAR2,500,,,Y
SYSTEM,ALM_PROYPROD,22,BDGA_CODIBODE,VARCHAR2,5,,,N
SYSTEM,ALM_PROYPROD,23,BDGA_OFCN_OFICINA,VARCHAR2,3,,,N
SYSTEM,ALM_PROYPROD,24,BDGA_OFCN_COMPANIA,VARCHAR2,10,,,N
SYSTEM,ALM_PROYPROD,25,OFCN_OFICINA,VARCHAR2,3,,,N
SYSTEM,ALM_PROYPROD,26,OFCN_CMPN_COMPANIA,VARCHAR2,10,,,N
SYSTEM,ALM_REQUERIM,1,OBSERVAC,VARCHAR2,1000,,,Y
SYSTEM,ALM_REQUERIM,2,REFER,VARCHAR2,50,,,Y
SYSTEM,ALM_REQUERIM,3,FECHA,DATE,7,,,N
SYSTEM,ALM_REQUERIM,4,NUMERO,VARCHAR2,15,,,N
SYSTEM,ALM_REQUERIM,5,OFCN_COMPANIA,VARCHAR2,10,,,N
SYSTEM,ALM_REQUERIM,6,OFCN_OFICINA,VARCHAR2,3,,,N
SYSTEM,ALM_REQUERIM,7,PROV_CEDURUC,VARCHAR2,13,,,Y
SYSTEM,ALM_REQUERIM,8,PROV_COMPANIA,VARCHAR2,10,,,Y
SYSTEM,ALM_REQUERIM,9,REQU_OFICINA,VARCHAR2,3,,,Y
SYSTEM,ALM_REQUERIM,10,REQU_NUMERO,VARCHAR2,15,,,Y
SYSTEM,ALM_REQUERIM,11,REQU_COMPANIA,VARCHAR2,10,,,Y
SYSTEM,ALM_REQUERIM,12,EGEN_ESTADO,VARCHAR2,2,,,N
SYSTEM,ALM_REQUERIM,13,USUACTUA,VARCHAR2,20,,,Y
SYSTEM,ALM_REQUERIM,14,USUACREA,VARCHAR2,20,,,N
SYSTEM,ALM_REQUERIM,15,FECHACTU,DATE,7,,,Y
SYSTEM,ALM_REQUERIM,16,FECHCREA,DATE,7,,,N
SYSTEM,ALM_REQUERIM,17,FACTCOST,NUMBER,22,18,8,Y
SYSTEM,ALM_REQUERIM,18,FACTCONV,NUMBER,22,18,8,Y
SYSTEM,ALM_REQUERIM,19,FECHDESD,DATE,7,,,Y
SYSTEM,ALM_REQUERIM,20,FECHASTA,DATE,7,,,Y
SYSTEM,ALM_REQUERIM,21,MONE_MONEDA,VARCHAR2,5,,,Y
SYSTEM,ALM_REQUERIM,22,BDGA_COMPANIA,VARCHAR2,10,,,Y
SYSTEM,ALM_REQUERIM,23,BDGA_OFICINA,VARCHAR2,3,,,Y
SYSTEM,ALM_REQUERIM,24,BDGA_CODIBODE,VARCHAR2,5,,,Y
SYSTEM,ALM_REQUERIM,25,TPDC_TIPODOCU,VARCHAR2,2,,,N
SYSTEM,ALM_REQUERIM,26,REQU_TIPODOCU,VARCHAR2,2,,,Y
SYSTEM,ALM_REQUERIM,27,TIPO,VARCHAR2,30,,,Y
SYSTEM,ALM_REQUERIM,28,VCHAR1,VARCHAR2,500,,,Y
SYSTEM,ALM_REQUERIM,29,VCHAR2,VARCHAR2,500,,,Y
SYSTEM,ALM_REQUERIM,30,VCHAR3,VARCHAR2,500,,,Y
SYSTEM,ALM_REQUERIM,31,VCHAR4,VARCHAR2,500,,,Y
SYSTEM,ALM_REQUERIM,32,VCHAR5,VARCHAR2,500,,,Y
SYSTEM,ALM_REQUERIM,33,NUMBER1,NUMBER,22,,,Y
SYSTEM,ALM_REQUERIM,34,NUMBER2,NUMBER,22,,,Y
SYSTEM,ALM_REQUERIM,35,NUMBER3,NUMBER,22,,,Y
SYSTEM,ALM_REQUERIM,36,NUMBER4,NUMBER,22,,,Y
SYSTEM,ALM_REQUERIM,37,NUMBER5,NUMBER,22,,,Y
SYSTEM,ALM_REQUERIM,38,FECHA1,DATE,7,,,Y
SYSTEM,ALM_REQUERIM,39,FECHA2,DATE,7,,,Y
SYSTEM,ALM_REQUERIM,40,FECHA3,DATE,7,,,Y
SYSTEM,ALM_REQUERIM,41,FECHA4,DATE,7,,,Y
SYSTEM,ALM_REQUERIM,42,FECHA5,DATE,7,,,Y
SYSTEM,ALM_ROTACION,1,TIPO,VARCHAR2,5,,,N
SYSTEM,ALM_ROTACION,2,ROTDESDE,NUMBER,22,16,4,Y
SYSTEM,ALM_ROTACION,3,ROTHASTA,NUMBER,22,16,4,N
SYSTEM,ALM_ROTACION,4,DESCRIPC,VARCHAR2,200,,,N
SYSTEM,ALM_ROTACION,5,USUACREA,VARCHAR2,20,,,N
SYSTEM,ALM_ROTACION,6,FECHCREA,DATE,7,,,N
SYSTEM,ALM_ROTACION,7,USUACTUA,VARCHAR2,20,,,Y
SYSTEM,ALM_ROTACION,8,FECHACTU,DATE,7,,,Y
SYSTEM,ALM_SECCFISC,1,CODISECC,VARCHAR2,4,,,N
SYSTEM,ALM_SECCFISC,2,BDGA_OFICINA,VARCHAR2,3,,,N
SYSTEM,ALM_SECCFISC,3,BDGA_COMPANIA,VARCHAR2,10,,,N
SYSTEM,ALM_SECCFISC,4,BDGA_CODIBODE,VARCHAR2,5,,,N
SYSTEM,ALM_SECCFISC,5,DESCRIPC,VARCHAR2,100,,,N
SYSTEM,ALM_SECCFISC,6,FECHCREA,DATE,7,,,N
SYSTEM,ALM_SECCFISC,7,USUACREA,VARCHAR2,20,,,N
SYSTEM,ALM_SECCFISC,8,FECHACTU,DATE,7,,,Y
SYSTEM,ALM_SECCFISC,9,USUACTUA,VARCHAR2,20,,,Y
SYSTEM,ALM_SECCFISC,10,VIGENTE,VARCHAR2,1,,,Y
SYSTEM,ALM_SUBGARTI,1,GRAR_COMPANIA,VARCHAR2,10,,,N
SYSTEM,ALM_SUBGARTI,2,GRAR_CLASE,VARCHAR2,20,,,N
SYSTEM,ALM_SUBGARTI,3,GRAR_CODIGRUP,VARCHAR2,20,,,N
SYSTEM,ALM_SUBGARTI,4,SUBGUPO,VARCHAR2,50,,,N
SYSTEM,ALM_SUBGARTI,5,DESCRIPC,VARCHAR2,120,,,N
SYSTEM,ALM_SUBGARTI,6,FECHCREA,DATE,7,,,N
SYSTEM,ALM_SUBGARTI,7,USUACREA,VARCHAR2,20,,,N
SYSTEM,ALM_SUBGARTI,8,USUACTUA,VARCHAR2,20,,,Y
SYSTEM,ALM_SUBGARTI,9,FECHACTU,DATE,7,,,Y
SYSTEM,ALM_TALLAS,1,ID_TLLA,VARCHAR2,10,,,N
SYSTEM,ALM_TALLAS,2,DESCRIPC,VARCHAR2,100,,,N
SYSTEM,ALM_TALLAS,3,FECHCREA,DATE,7,,,N
SYSTEM,ALM_TALLAS,4,USUACREA,VARCHAR2,50,,,N
SYSTEM,ALM_TALLAS,5,REFER,VARCHAR2,50,,,Y
SYSTEM,ALM_TALLAS,6,FECHACTU,DATE,7,,,Y
SYSTEM,ALM_TALLAS,7,USUACTUA,VARCHAR2,50,,,Y
SYSTEM,ALM_TEMPROTA,1,TERT_ID,NUMBER,22,10,0,N
SYSTEM,ALM_TEMPROTA,2,CLASE,VARCHAR2,10,,,Y
SYSTEM,ALM_TEMPROTA,3,STOKMIN,NUMBER,22,,0,Y
SYSTEM,ALM_TEMPROTA,4,STOKMAX,NUMBER,22,,0,Y
SYSTEM,ALM_TEMPROTA,5,PUNTPED,NUMBER,22,,0,Y
SYSTEM,ALM_TEMPROTA,6,CANPEDIR,NUMBER,22,,0,Y
SYSTEM,ALM_TEMPROTA,7,USUACREA,VARCHAR2,20,,,Y
SYSTEM,ALM_TIPOMEDI,1,TIPOMEDI,VARCHAR2,15,,,N
SYSTEM,ALM_TIPOMEDI,2,DESCRIPC,VARCHAR2,60,,,N
SYSTEM,ALM_TIPOMEDI,3,FECHCREA,DATE,7,,,N
SYSTEM,ALM_TIPOMEDI,4,USUACREA,VARCHAR2,20,,,N
SYSTEM,ALM_TIPOMEDI,5,FECHACTU,DATE,7,,,Y
SYSTEM,ALM_TIPOMEDI,6,USUACTUA,VARCHAR2,20,,,Y
SYSTEM,ALM_TMPDETALOTE,1,TDLT_ID,NUMBER,22,10,0,N
SYSTEM,ALM_TMPDETALOTE,2,CANTPARC,NUMBER,22,16,6,N
SYSTEM,ALM_TMPDETALOTE,3,FECHCREA,DATE,7,,,N
SYSTEM,ALM_TMPDETALOTE,4,USUACREA,VARCHAR2,20,,,N
SYSTEM,ALM_TMPDETALOTE,5,FECHACTU,DATE,7,,,Y
SYSTEM,ALM_TMPDETALOTE,6,USUACTUA,VARCHAR2,20,,,Y
SYSTEM,ALM_TMPDETALOTE,7,LOTE_NUMELOTE,VARCHAR2,20,,,N
SYSTEM,ALM_TMPDETALOTE,8,LOTE_COMPANIA,VARCHAR2,10,,,N
SYSTEM,ALM_TMPDETALOTE,9,DXML_DXML_ID,NUMBER,22,10,0,Y
SYSTEM,ALM_TMPDETALOTE,10,DPR_DPR_ID,NUMBER,22,10,0,Y
SYSTEM,ALM_TMPDETALOTE,11,FVENLOTE,DATE,7,,,Y
SYSTEM,ALM_TMPDETALOTE,12,LOTE_ALCANCE,NUMBER,22,10,0,N
SYSTEM,ALM_TMPDETAMOVI,1,DXML_ID,NUMBER,22,10,0,N
SYSTEM,ALM_TMPDETAMOVI,2,CANTIDAD,NUMBER,22,16,6,N
SYSTEM,ALM_TMPDETAMOVI,3,PORCDESC,NUMBER,22,16,4,Y
SYSTEM,ALM_TMPDETAMOVI,4,PRECUNIT,NUMBER,22,16,4,N
SYSTEM,ALM_TMPDETAMOVI,5,VALOR,NUMBER,22,20,8,N
SYSTEM,ALM_TMPDETAMOVI,6,COSTUNIT,NUMBER,22,18,8,N
SYSTEM,ALM_TMPDETAMOVI,7,FACTIMPO,NUMBER,22,10,6,Y
SYSTEM,ALM_TMPDETAMOVI,8,ADJUVEND,NUMBER,22,12,6,Y
SYSTEM,ALM_TMPDETAMOVI,9,NANDINA,VARCHAR2,30,,,Y
SYSTEM,ALM_TMPDETAMOVI,10,TASAIVA,NUMBER,22,7,0,N
SYSTEM,ALM_TMPDETAMOVI,11,CANTSOLI,NUMBER,22,12,6,Y
SYSTEM,ALM_TMPDETAMOVI,12,CANTASIG,NUMBER,22,12,6,Y
SYSTEM,ALM_TMPDETAMOVI,13,TASAICE,NUMBER,22,7,4,Y
SYSTEM,ALM_TMPDETAMOVI,14,OBS,VARCHAR2,600,,,Y
SYSTEM,ALM_TMPDETAMOVI,15,ENTRSALI,VARCHAR2,1,,,Y
SYSTEM,ALM_TMPDETAMOVI,16,FACTUTIL,NUMBER,22,10,6,Y
SYSTEM,ALM_TMPDETAMOVI,17,MODINUME,NUMBER,22,16,0,Y
SYSTEM,ALM_TMPDETAMOVI,18,MODISERIE,VARCHAR2,6,,,Y
SYSTEM,ALM_TMPDETAMOVI,19,VALDESC,NUMBER,22,18,6,Y
SYSTEM,ALM_TMPDETAMOVI,20,VALORFOB,NUMBER,22,18,6,Y
SYSTEM,ALM_TMPDETAMOVI,21,NUMEAGRU,NUMBER,22,3,0,Y
SYSTEM,ALM_TMPDETAMOVI,22,COSTANTE,NUMBER,22,18,8,Y
SYSTEM,ALM_TMPDETAMOVI,23,TIPOMOVI,VARCHAR2,3,,,Y
SYSTEM,ALM_TMPDETAMOVI,24,UMED_UNIDMEDI,VARCHAR2,5,,,Y
SYSTEM,ALM_TMPDETAMOVI,25,PROMOCION,VARCHAR2,1,,,Y
SYSTEM,ALM_TMPDETAMOVI,26,PRORATEO,VARCHAR2,1,,,Y
SYSTEM,ALM_TMPDETAMOVI,27,VALOADIC,NUMBER,22,18,6,Y
SYSTEM,ALM_TMPDETAMOVI,28,CANTITEM,NUMBER,22,16,6,Y
SYSTEM,ALM_TMPDETAMOVI,29,SECC_CODIBODE,VARCHAR2,5,,,Y
SYSTEM,ALM_TMPDETAMOVI,30,SECC_COMPANIA,VARCHAR2,10,,,Y
SYSTEM,ALM_TMPDETAMOVI,31,SECC_CODISECC,VARCHAR2,4,,,Y
SYSTEM,ALM_TMPDETAMOVI,32,SECC_OFICINA,VARCHAR2,3,,,Y
SYSTEM,ALM_TMPDETAMOVI,33,NCPR_ALCANCE,NUMBER,22,1,0,Y
SYSTEM,ALM_TMPDETAMOVI,34,NCPR_NUMERO,VARCHAR2,10,,,Y
SYSTEM,ALM_TMPDETAMOVI,35,NCPR_CEDURUC,VARCHAR2,13,,,Y
SYSTEM,ALM_TMPDETAMOVI,36,NCPR_COMPANIA,VARCHAR2,10,,,Y
SYSTEM,ALM_TMPDETAMOVI,37,NCPR_SERIE,VARCHAR2,6,,,Y
SYSTEM,ALM_TMPDETAMOVI,38,USUACREA,VARCHAR2,20,,,N
SYSTEM,ALM_TMPDETAMOVI,39,FECHCREA,DATE,7,,,N
SYSTEM,ALM_TMPDETAMOVI,40,USUACTUA,VARCHAR2,20,,,Y
SYSTEM,ALM_TMPDETAMOVI,41,FECHACTU,DATE,7,,,Y
SYSTEM,ALM_TMPDETAMOVI,42,CMPR_ALCANCE,NUMBER,22,1,0,Y
SYSTEM,ALM_TMPDETAMOVI,43,CMPR_COMPANIA,VARCHAR2,10,,,Y
SYSTEM,ALM_TMPDETAMOVI,44,CMPR_NUMERO,NUMBER,22,10,0,Y
SYSTEM,ALM_TMPDETAMOVI,45,CMPR_SERIE,VARCHAR2,6,,,Y
SYSTEM,ALM_TMPDETAMOVI,46,CMPR_CEDURUC,VARCHAR2,13,,,Y
SYSTEM,ALM_TMPDETAMOVI,47,ARTL_ARTICULO,VARCHAR2,30,,,Y
SYSTEM,ALM_TMPDETAMOVI,48,ARTL_COMPANIA,VARCHAR2,10,,,Y
SYSTEM,ALM_TMPDETAMOVI,49,ARTL_CODIGRUP,VARCHAR2,20,,,Y
SYSTEM,ALM_TMPDETAMOVI,50,ARTL_CLASE,VARCHAR2,20,,,Y
SYSTEM,ALM_TMPDETAMOVI,51,VEXI_VEXI_ID,NUMBER,22,10,0,Y
SYSTEM,ALM_TMPDETAMOVI,52,CODIPROVE,VARCHAR2,30,,,Y
SYSTEM,ALM_TMPDETAMOVI,53,VALORIVA,NUMBER,22,18,2,Y
SYSTEM,ALM_TOMAFISC,1,NUMERO,VARCHAR2,10,,,N
SYSTEM,ALM_TOMAFISC,2,FECHA,DATE,7,,,N
SYSTEM,ALM_TOMAFISC,3,FECHPROC,DATE,7,,,Y
SYSTEM,ALM_TOMAFISC,4,FECHANUL,DATE,7,,,Y
SYSTEM,ALM_TOMAFISC,5,TOTDOCU,NUMBER,22,16,2,Y
SYSTEM,ALM_TOMAFISC,6,DESCRIPC,VARCHAR2,600,,,Y
SYSTEM,ALM_TOMAFISC,7,REFER,VARCHAR2,30,,,Y
SYSTEM,ALM_TOMAFISC,8,OBS,VARCHAR2,500,,,Y
SYSTEM,ALM_TOMAFISC,9,VCHAR1,VARCHAR2,500,,,Y
SYSTEM,ALM_TOMAFISC,10,VCHAR2,VARCHAR2,500,,,Y
SYSTEM,ALM_TOMAFISC,11,VCHAR3,VARCHAR2,500,,,Y
SYSTEM,ALM_TOMAFISC,12,VCHAR4,VARCHAR2,500,,,Y
SYSTEM,ALM_TOMAFISC,13,VCHAR5,VARCHAR2,500,,,Y
SYSTEM,ALM_TOMAFISC,14,NUMBER1,NUMBER,22,,,Y
SYSTEM,ALM_TOMAFISC,15,NUMBER2,NUMBER,22,,,Y
SYSTEM,ALM_TOMAFISC,16,NUMBER3,NUMBER,22,,,Y
SYSTEM,ALM_TOMAFISC,17,NUMBER4,NUMBER,22,,,Y
SYSTEM,ALM_TOMAFISC,18,NUMBER5,NUMBER,22,,,Y
SYSTEM,ALM_TOMAFISC,19,TPDC_TIPODOCU,VARCHAR2,2,,,N
SYSTEM,ALM_TOMAFISC,20,OFCN_OFICINA,VARCHAR2,3,,,N
SYSTEM,ALM_TOMAFISC,21,OFCN_COMPANIA,VARCHAR2,10,,,N
SYSTEM,ALM_TOMAFISC,22,EGEN_ESTADO,VARCHAR2,2,,,N
SYSTEM,ALM_TOMAFISC,23,USUACREA,VARCHAR2,20,,,N
SYSTEM,ALM_TOMAFISC,24,FECHCREA,DATE,7,,,N
SYSTEM,ALM_TOMAFISC,25,FECHACTU,DATE,7,,,Y
SYSTEM,ALM_TOMAFISC,26,USUACTUA,VARCHAR2,20,,,Y
SYSTEM,ALM_TRANPROC,1,TRPR_ID,NUMBER,22,10,0,N
SYSTEM,ALM_TRANPROC,2,DTMV_DTMV_ID,NUMBER,22,10,0,N
SYSTEM,ALM_TRANPROC,3,ENSA_NUMERO,VARCHAR2,10,,,N
SYSTEM,ALM_TRANPROC,4,ENSA_COMPANIA,VARCHAR2,10,,,N
SYSTEM,ALM_TRANPROC,5,ENSA_OFICINA,VARCHAR2,3,,,N
SYSTEM,ALM_TRANPROC,6,ENSA_TIPODOCU,VARCHAR2,2,,,N
SYSTEM,ALM_TRANPROC,7,CANTIDAD,NUMBER,22,4,0,N
SYSTEM,ALM_TRANPROC,8,VALOR,NUMBER,22,16,2,Y
SYSTEM,ALM_TRANPROC,9,FECHARRI,DATE,7,,,Y
SYSTEM,ALM_TRANPROC,10,OBSERVACI,VARCHAR2,200,,,Y
SYSTEM,ALM_TRANPROC,11,FECHCREA,DATE,7,,,N
SYSTEM,ALM_TRANPROC,12,USUACREA,VARCHAR2,20,,,N
SYSTEM,ALM_TRANPROC,13,FECHACTU,DATE,7,,,Y
SYSTEM,ALM_TRANPROC,14,USUACTUA,VARCHAR2,20,,,Y
SYSTEM,ALM_UBICACION,1,UBCN_ID,NUMBER,22,10,0,N
SYSTEM,ALM_UBICACION,2,ARTL_ARTICULO,VARCHAR2,30,,,N
SYSTEM,ALM_UBICACION,3,ARTL_CLASE,VARCHAR2,20,,,N
SYSTEM,ALM_UBICACION,4,ARTL_COMPANIA,VARCHAR2,10,,,N
SYSTEM,ALM_UBICACION,5,ARTL_CODIGRUP,VARCHAR2,20,,,N
SYSTEM,ALM_UBICACION,6,VIGENTE,VARCHAR2,1,,,N
SYSTEM,ALM_UBICACION,7,FECHINGR,DATE,7,,,N
SYSTEM,ALM_UBICACION,8,FECHCAMB,DATE,7,,,Y
SYSTEM,ALM_UBICACION,9,FECHCREA,DATE,7,,,N
SYSTEM,ALM_UBICACION,10,USUACREA,VARCHAR2,20,,,N
SYSTEM,ALM_UBICACION,11,OBSERVAC,VARCHAR2,80,,,Y
SYSTEM,ALM_UBICACION,12,FECHACTU,DATE,7,,,Y
SYSTEM,ALM_UBICACION,13,USUACTUA,VARCHAR2,20,,,Y
SYSTEM,ALM_UBICACION,14,SECC_CODISECC,VARCHAR2,4,,,N
SYSTEM,ALM_UBICACION,15,SECC_OFICINA,VARCHAR2,3,,,N
SYSTEM,ALM_UBICACION,16,SECC_COMPANIA,VARCHAR2,10,,,N
SYSTEM,ALM_UBICACION,17,SECC_CODIBODE,VARCHAR2,5,,,N
SYSTEM,ALM_UBICACION,18,EXISTENCIA,NUMBER,22,15,4,Y
SYSTEM,ALM_UBICACION,19,COSTO,NUMBER,22,15,4,Y
SYSTEM,ALM_UBICACION,20,CODIPERC,VARCHAR2,40,,,Y
SYSTEM,ALM_UNIDARTI,1,UNAR_ID,NUMBER,22,10,0,N
SYSTEM,ALM_UNIDARTI,2,VIGENTE,VARCHAR2,1,,,N
SYSTEM,ALM_UNIDARTI,3,ARTL_ARTICULO,VARCHAR2,30,,,Y
SYSTEM,ALM_UNIDARTI,4,ARTL_COMPANIA,VARCHAR2,10,,,Y
SYSTEM,ALM_UNIDARTI,5,ARTL_CODIGRUP,VARCHAR2,20,,,Y
SYSTEM,ALM_UNIDARTI,6,ARTL_CLASE,VARCHAR2,20,,,Y
SYSTEM,ALM_UNIDARTI,7,UNNE_CODIGO,VARCHAR2,20,,,Y
SYSTEM,ALM_UNIDARTI,8,FECHCREA,DATE,7,,,N
SYSTEM,ALM_UNIDARTI,9,USUACREA,VARCHAR2,20,,,N
SYSTEM,ALM_UNIDARTI,10,USUACTUA,VARCHAR2,20,,,Y
SYSTEM,ALM_UNIDARTI,11,FECHACTU,DATE,7,,,Y
SYSTEM,ALM_UNIDMEDI,1,TPMD_TIPOMEDI,VARCHAR2,15,,,N
SYSTEM,ALM_UNIDMEDI,2,UNIDMEDI,VARCHAR2,5,,,N
SYSTEM,ALM_UNIDMEDI,3,DESCRIPC,VARCHAR2,60,,,N
SYSTEM,ALM_UNIDMEDI,4,FRACCIONARIA,VARCHAR2,1,,,N
SYSTEM,ALM_UNIDMEDI,5,FECHCREA,DATE,7,,,N
SYSTEM,ALM_UNIDMEDI,6,USUACREA,VARCHAR2,20,,,N
SYSTEM,ALM_UNIDMEDI,7,FECHACTU,DATE,7,,,Y
SYSTEM,ALM_UNIDMEDI,8,USUACTUA,VARCHAR2,20,,,Y
SYSTEM,ALM_UNIDMEDI,9,PESO,NUMBER,22,,,Y
SYSTEM,ALM_UNIDMEDI,10,ORDENWEB,NUMBER,22,,0,Y
SYSTEM,ALM_UNIDMEDI,11,UMED_PESO,NUMBER,22,7,2,Y
SYSTEM,ALM_VRFCEXIS,1,VEXI_ID,NUMBER,22,10,0,N
SYSTEM,ALM_VRFCEXIS,2,FECHA,DATE,7,,,N
SYSTEM,ALM_VRFCEXIS,3,EXISTFIS,NUMBER,22,,,Y
SYSTEM,ALM_VRFCEXIS,4,EXISTSIS,NUMBER,22,,,N
SYSTEM,ALM_VRFCEXIS,5,VERIFICA,VARCHAR2,1,,,Y
SYSTEM,ALM_VRFCEXIS,6,OBS,VARCHAR2,200,,,Y
SYSTEM,ALM_VRFCEXIS,7,USUACREA,VARCHAR2,20,,,N
SYSTEM,ALM_VRFCEXIS,8,FECHCREA,DATE,7,,,N
SYSTEM,ALM_VRFCEXIS,9,USUACTUA,VARCHAR2,20,,,N
SYSTEM,ALM_VRFCEXIS,10,FECHACTUA,DATE,7,,,N
SYSTEM,ALM_VRFCEXIS,11,EGEN_ESTADO,VARCHAR2,2,,,N
SYSTEM,ALM_VRFCEXIS,12,ARTL_COMPANIA,VARCHAR2,10,,,N
SYSTEM,ALM_VRFCEXIS,13,ARTL_CODIGRUP,VARCHAR2,20,,,N
SYSTEM,ALM_VRFCEXIS,14,ARTL_CLASE,VARCHAR2,20,,,N
SYSTEM,ALM_VRFCEXIS,15,ARTL_ARTICULO,VARCHAR2,30,,,N
SYSTEM,ALT_ROTACION,1,CODIGO,VARCHAR2,30,,,Y
SYSTEM,ALT_ROTACION,2,NOMBRE,VARCHAR2,1000,,,Y
SYSTEM,ALT_ROTACION,3,QPRD,NUMBER,22,,,Y
SYSTEM,ALT_ROTACION,4,QMAX,NUMBER,22,,,Y
SYSTEM,ALT_ROTACION,5,QMIN,NUMBER,22,,,Y
SYSTEM,ALT_ROTACION,6,EXIS,NUMBER,22,,,Y
SYSTEM,ALT_ROTACION,7,TREP,NUMBER,22,,,Y
SYSTEM,ALT_ROTACION,8,STMX,NUMBER,22,,,Y
SYSTEM,ALT_ROTACION,9,STMN,NUMBER,22,,,Y
SYSTEM,ALT_ROTACION,10,PTPD,NUMBER,22,,,Y
SYSTEM,ALT_ROTACION,11,QPED,NUMBER,22,,,Y
SYSTEM,AQ$_INTERNET_AGENT_PRIVS,1,AGENT_NAME,VARCHAR2,512,,,N
SYSTEM,AQ$_INTERNET_AGENT_PRIVS,2,DB_USERNAME,VARCHAR2,128,,,N
SYSTEM,AQ$_INTERNET_AGENTS,1,AGENT_NAME,VARCHAR2,512,,,N
SYSTEM,AQ$_INTERNET_AGENTS,2,PROTOCOL,NUMBER,22,,0,N
SYSTEM,AQ$_INTERNET_AGENTS,3,SPARE1,VARCHAR2,128,,,Y
SYSTEM,AQ$_KEY_SHARD_MAP,1,QUEUE,NUMBER,22,,,N
SYSTEM,AQ$_KEY_SHARD_MAP,2,KEY,VARCHAR2,128,,,N
SYSTEM,AQ$_KEY_SHARD_MAP,3,SHARD,NUMBER,22,,,N
SYSTEM,AQ$_KEY_SHARD_MAP,4,DELAY_SHARD,NUMBER,22,,,N
SYSTEM,AQ$_QUEUES,1,OID,RAW,16,,,N
SYSTEM,AQ$_QUEUES,2,EVENTID,NUMBER,22,,,N
SYSTEM,AQ$_QUEUES,3,NAME,VARCHAR2,128,,,N
SYSTEM,AQ$_QUEUES,4,TABLE_OBJNO,NUMBER,22,,,N
SYSTEM,AQ$_QUEUES,5,USAGE,NUMBER,22,,,N
SYSTEM,AQ$_QUEUES,6,ENABLE_FLAG,NUMBER,22,,,N
SYSTEM,AQ$_QUEUES,7,MAX_RETRIES,NUMBER,22,,,Y
SYSTEM,AQ$_QUEUES,8,RETRY_DELAY,NUMBER,22,,,Y
SYSTEM,AQ$_QUEUES,9,PROPERTIES,NUMBER,22,,,Y
SYSTEM,AQ$_QUEUES,10,RET_TIME,NUMBER,22,,,Y
SYSTEM,AQ$_QUEUES,11,QUEUE_COMMENT,VARCHAR2,2000,,,Y
SYSTEM,AQ$_QUEUES,12,SUBSCRIBERS,AQ$_SUBSCRIBERS,3752,,,Y
SYSTEM,AQ$_QUEUES,13,MEMORY_THRESHOLD,NUMBER,22,,,Y
SYSTEM,AQ$_QUEUES,14,SERVICE_NAME,VARCHAR2,64,,,Y
SYSTEM,AQ$_QUEUES,15,NETWORK_NAME,VARCHAR2,256,,,Y
SYSTEM,AQ$_QUEUES,16,SUB_OID,RAW,16,,,Y
SYSTEM,AQ$_QUEUES,17,SHARDED,NUMBER,22,,,Y
SYSTEM,AQ$_QUEUES,18,BASE_QUEUE,NUMBER,22,,,Y
SYSTEM,AQ$_QUEUE_TABLES,1,SCHEMA,VARCHAR2,128,,,N
SYSTEM,AQ$_QUEUE_TABLES,2,NAME,VARCHAR2,128,,,N
SYSTEM,AQ$_QUEUE_TABLES,3,UDATA_TYPE,NUMBER,22,,,N
SYSTEM,AQ$_QUEUE_TABLES,4,OBJNO,NUMBER,22,,,N
SYSTEM,AQ$_QUEUE_TABLES,5,FLAGS,NUMBER,22,,,N
SYSTEM,AQ$_QUEUE_TABLES,6,SORT_COLS,NUMBER,22,,,N
SYSTEM,AQ$_QUEUE_TABLES,7,TIMEZONE,VARCHAR2,64,,,Y
SYSTEM,AQ$_QUEUE_TABLES,8,TABLE_COMMENT,VARCHAR2,2000,,,Y
SYSTEM,AQ$_SCHEDULES,1,OID,RAW,16,,,N
SYSTEM,AQ$_SCHEDULES,2,DESTINATION,VARCHAR2,390,,,N
SYSTEM,AQ$_SCHEDULES,3,START_TIME,DATE,7,,,Y
SYSTEM,AQ$_SCHEDULES,4,DURATION,VARCHAR2,8,,,Y
SYSTEM,AQ$_SCHEDULES,5,NEXT_TIME,VARCHAR2,128,,,Y
SYSTEM,AQ$_SCHEDULES,6,LATENCY,VARCHAR2,8,,,Y
SYSTEM,AQ$_SCHEDULES,7,LAST_TIME,DATE,7,,,Y
SYSTEM,AQ$_SCHEDULES,8,JOBNO,NUMBER,22,,,Y
SYSTEM,ARTICULO_AUX,1,CODPROD,VARCHAR2,50,,,Y
SYSTEM,ARTICULO_AUX,2,NOMPROD,VARCHAR2,200,,,Y
SYSTEM,ARTICULO_AUX,3,UNIMED,VARCHAR2,30,,,Y
SYSTEM,ARTICULO_AUX,4,NOMLINEA,VARCHAR2,50,,,Y
SYSTEM,ARTICULO_AUX,5,TIPO,VARCHAR2,20,,,Y
SYSTEM,ARTICULO_AUX,6,DESCUENTO,NUMBER,22,18,4,Y
SYSTEM,ARTICULO_AUX,7,CLASE,VARCHAR2,30,,,Y
SYSTEM,ARTICULO_AUX,8,GRUPO,VARCHAR2,30,,,Y
SYSTEM,ARTICULO_AUX,9,NOMBREGRUPO,VARCHAR2,30,,,Y
SYSTEM,ARTICULO_AUX,10,COLOR,VARCHAR2,20,,,Y
SYSTEM,ARTICULO_AUX,11,NOM_INVEN,VARCHAR2,30,,,Y
SYSTEM,ARTICULO_AUX,12,CONTADO,NUMBER,22,18,8,Y
SYSTEM,ARTICULO_AUX,13,CREDITO,NUMBER,22,18,8,Y
SYSTEM,ARTICULO_AUX,14,DISTRIBUIDOR,NUMBER,22,18,8,Y
SYSTEM,ARTICULO_AUX,15,COSTO,NUMBER,22,18,8,Y
SYSTEM,AUD_TABLAS,1,DESCRIP,VARCHAR2,50,,,Y
SYSTEM,AUD_TABLAS,2,USUARIO,VARCHAR2,20,,,Y
SYSTEM,AUD_TABLAS,3,CAMPO,VARCHAR2,50,,,Y
SYSTEM,AUD_TABLAS,4,TABLA,VARCHAR2,40,,,Y
SYSTEM,AUD_TABLAS,5,FECHA,DATE,7,,,Y
SYSTEM,AUD_TABLAS,6,VALOANTE,VARCHAR2,4000,,,Y
SYSTEM,AUD_TABLAS,7,VALOACTU,VARCHAR2,4000,,,Y
SYSTEM,AUD_TABLAS,8,IP_MAQUINA,VARCHAR2,15,,,Y
SYSTEM,AUD_TABLAS,9,USUARIO_OS,VARCHAR2,200,,,Y
SYSTEM,AUD_TABLAS,10,PRECVENT,NUMBER,22,17,4,N
SYSTEM,AUD_TABLAS,11,ACTIVO,VARCHAR2,1,,,N
SYSTEM,AUD_TABLAS,12,PORCDESC,NUMBER,22,7,4,Y
SYSTEM,AUD_TABLAS,13,PRCS_FECHA,DATE,7,,,N
SYSTEM,AUD_TABLAS,14,VIGENTE,VARCHAR2,1,,,N
SYSTEM,AUD_TABLAS,15,CANTBASE,NUMBER,22,6,0,Y
SYSTEM,AUD_TABLAS,16,CANTPROM,NUMBER,22,6,0,Y
SYSTEM,AUD_TABLAS,17,DIASPROM,NUMBER,22,4,0,Y
SYSTEM,AUD_TABLAS,18,OBSERVAC,VARCHAR2,100,,,Y
SYSTEM,AUD_TABLAS,19,VISIWEB,VARCHAR2,1,,,N
SYSTEM,AUD_TABLAS,20,ORDENWEB,NUMBER,22,4,0,Y
SYSTEM,AUD_TABLAS,21,USUACREA,VARCHAR2,20,,,N
SYSTEM,AUD_TABLAS,22,FECHCREA,DATE,7,,,N
SYSTEM,AUD_TABLAS,23,FECHACTU,DATE,7,,,Y
SYSTEM,AUD_TABLAS,24,USUACTUA,VARCHAR2,20,,,Y
SYSTEM,AUD_VEN_PRECDESC,1,CANTBASENUEV,NUMBER,22,6,0,Y
SYSTEM,AUD_VEN_PRECDESC,2,CANTPROMNUEV,NUMBER,22,6,0,Y
SYSTEM,AUD_VEN_PRECDESC,3,PORCNUEV,NUMBER,22,7,4,Y
SYSTEM,AUD_VEN_PRECDESC,4,PRECNUEV,NUMBER,22,17,4,Y
SYSTEM,AUD_VEN_PRECDESC,5,ARTL_COMPANIA,VARCHAR2,10,,,N
SYSTEM,AUD_VEN_PRECDESC,6,ARTL_CLASE,VARCHAR2,20,,,N
SYSTEM,AUD_VEN_PRECDESC,7,ARTL_CODIGRUP,VARCHAR2,20,,,N
SYSTEM,AUD_VEN_PRECDESC,8,ARTL_ARTICULO,VARCHAR2,30,,,N
SYSTEM,AUD_VEN_PRECDESC,9,LSPR_LSPR_ID,NUMBER,22,10,0,N
SYSTEM,AUD_VEN_PRECDESC,10,PRECANTE,NUMBER,22,17,4,Y
SYSTEM,AUD_VEN_PRECDESC,11,PORCANTE,NUMBER,22,7,4,Y
SYSTEM,AUD_VEN_PRECDESC,12,FECHA,DATE,7,,,N
SYSTEM,AUD_VEN_PRECDESC,13,USUARIO,VARCHAR2,20,,,N
SYSTEM,AUD_VEN_PRECDESC,14,CANTBASEANTE,NUMBER,22,6,0,Y
SYSTEM,AUD_VEN_PRECDESC,15,CANTPROMANTE,NUMBER,22,6,0,Y
SYSTEM,AUD_VEN_PRECDESC,16,OBSERVAC,VARCHAR2,100,,,Y
SYSTEM,AUD_VEN_PRECDESC,17,ACTIVO,VARCHAR2,1,,,N
SYSTEM,AUD_VEN_PRECDESC,18,VIGENTE,VARCHAR2,1,,,N
SYSTEM,AUD_VEN_PRECDESC,19,DIASPROM,NUMBER,22,4,0,Y
SYSTEM,AUD_VEN_PRECDESC,20,VISIWEB,VARCHAR2,1,,,N
SYSTEM,AUD_VEN_PRECDESC,21,ORDENWEB,NUMBER,22,4,0,Y
SYSTEM,AUD_VEN_PRECDESC,22,FECHCREA,DATE,7,,,N
SYSTEM,AUD_VEN_PRECDESC,23,FECHACTU,DATE,7,,,Y
SYSTEM,AUD_VEN_PRECDESC,24,USUACTUA,VARCHAR2,20,,,Y
SYSTEM,AUX_ATS,1,CODIGOPROVEEDOR,VARCHAR2,100,,,Y
SYSTEM,AUX_ATS,2,CODSUSTENTO,VARCHAR2,100,,,Y
SYSTEM,AUX_ATS,3,TPIDPROV,VARCHAR2,100,,,Y
SYSTEM,AUX_ATS,4,IDPROV,VARCHAR2,100,,,Y
SYSTEM,AUX_ATS,5,TIPOCOMPROBANTE,VARCHAR2,100,,,Y
SYSTEM,AUX_ATS,6,PARTEREL,VARCHAR2,100,,,Y
SYSTEM,AUX_ATS,7,FECHAREGISTRO,VARCHAR2,100,,,Y
SYSTEM,AUX_ATS,8,ESTABLECIMIENTO,VARCHAR2,100,,,Y
SYSTEM,AUX_ATS,9,PUNTOEMISION,VARCHAR2,100,,,Y
SYSTEM,AUX_ATS,10,SECUENCIAL,VARCHAR2,100,,,Y
SYSTEM,AUX_ATS,11,FECHAEMISION,VARCHAR2,100,,,Y
SYSTEM,AUX_ATS,12,AUTORIZACION,VARCHAR2,100,,,Y
SYSTEM,AUX_ATS,13,BASENOGRAIVA,VARCHAR2,100,,,Y
SYSTEM,AUX_ATS,14,BASEIMPONIBLE,VARCHAR2,100,,,Y
SYSTEM,AUX_ATS,15,BASEIMPGRAV,VARCHAR2,100,,,Y
SYSTEM,AUX_ATS,16,BASEIMPEXE,VARCHAR2,100,,,Y
SYSTEM,AUX_ATS,17,MONTOICE,VARCHAR2,100,,,Y
SYSTEM,AUX_ATS,18,MONTOIVA,VARCHAR2,100,,,Y
SYSTEM,AUX_ATS,19,VALRETBIEN10,VARCHAR2,100,,,Y
SYSTEM,AUX_ATS,20,VALRETSERV20,VARCHAR2,100,,,Y
SYSTEM,AUX_ATS,21,VALORRETBIENES,VARCHAR2,100,,,Y
SYSTEM,AUX_ATS,22,VALRETSERV50,VARCHAR2,100,,,Y
SYSTEM,AUX_ATS,23,VALORRETSERVICIOS,VARCHAR2,100,,,Y
SYSTEM,AUX_ATS,24,VALRETSERV100,VARCHAR2,100,,,Y
SYSTEM,AUX_ATS,25,TOTBASESIMPREEMB,VARCHAR2,100,,,Y
SYSTEM,AUX_ATS,26,PAGOLOCEXT,VARCHAR2,100,,,Y
SYSTEM,AUX_ATS,27,PAISEFECPAGO,VARCHAR2,100,,,Y
SYSTEM,AUX_ATS,28,APLICCONVDOBTRIB,VARCHAR2,100,,,Y
SYSTEM,AUX_ATS,29,PAGEXTSUJRETNORLEG,VARCHAR2,100,,,Y
SYSTEM,AUX_ATS,30,PAGOREGFIS,VARCHAR2,100,,,Y
SYSTEM,AUX_ATS,31,FORMAPAGO,VARCHAR2,100,,,Y
SYSTEM,AUX_ATS,32,ESTABRETENCION1,VARCHAR2,100,,,Y
SYSTEM,AUX_ATS,33,PTOEMIRETENCION1,VARCHAR2,100,,,Y
SYSTEM,AUX_ATS,34,SECRETENCION1,VARCHAR2,100,,,Y
SYSTEM,AUX_ATS,35,AUTRETENCION1,VARCHAR2,100,,,Y
SYSTEM,AUX_ATS,36,FECHAEMIRET1,VARCHAR2,100,,,Y
SYSTEM,AUX_ATS,37,DOCMODIFICADO,VARCHAR2,100,,,Y
SYSTEM,AUX_ATS,38,ESTABMODIFICADO,VARCHAR2,100,,,Y
SYSTEM,AUX_ATS,39,PTOEMIMODIFICADO,VARCHAR2,100,,,Y
SYSTEM,AUX_ATS,40,SECMODIFICADO,VARCHAR2,100,,,Y
SYSTEM,AUX_ATS,41,AUTMODIFICADO,VARCHAR2,100,,,Y
SYSTEM,AUX_CLIENTE,1,OFICINA,VARCHAR2,50,,,Y
SYSTEM,AUX_CLIENTE,2,CODCLIEN,VARCHAR2,50,,,Y
SYSTEM,AUX_CLIENTE,3,NOMBRE,VARCHAR2,300,,,Y
SYSTEM,AUX_CLIENTE,4,RUC,VARCHAR2,15,,,Y
SYSTEM,AUX_CLIENTE,5,REPRESEN,VARCHAR2,100,,,Y
SYSTEM,AUX_CLIENTE,6,ATENCION,VARCHAR2,100,,,Y
SYSTEM,AUX_CLIENTE,7,EMAIL,VARCHAR2,150,,,Y
SYSTEM,AUX_CLIENTE,8,CREDITO,NUMBER,22,18,8,Y
SYSTEM,AUX_CLIENTE,9,DEUDA,NUMBER,22,18,8,Y
SYSTEM,AUX_CLIENTE,10,CODZONA,VARCHAR2,150,,,Y
SYSTEM,AUX_CLIENTE,11,CODTIPO,VARCHAR2,100,,,Y
SYSTEM,AUX_CLIENTE,12,CODVEND,VARCHAR2,150,,,Y
SYSTEM,AUX_CLIENTE,13,CODCATEG,VARCHAR2,50,,,Y
SYSTEM,AUX_CLIENTE,14,DIRECCION,VARCHAR2,500,,,Y
SYSTEM,AUX_CLIENTE,15,TELEFCLIEN,VARCHAR2,50,,,Y
SYSTEM,AUX_CLIENTE,16,TELECLIE1,VARCHAR2,50,,,Y
SYSTEM,AUX_CLIENTE,17,TELECLIE2,VARCHAR2,50,,,Y
SYSTEM,AUX_CLIENTE,18,CELULAR,VARCHAR2,50,,,Y
SYSTEM,AUX_CLIENTE,19,PREC_DETER,VARCHAR2,10,,,Y
SYSTEM,AUX_CLIENTE,20,DIASCRED1,NUMBER,22,,,Y
SYSTEM,AUX_CLIENTE,21,DIASCRED2,NUMBER,22,,,Y
SYSTEM,AUX_CLIENTE,22,FORMA_PAGO,VARCHAR2,5,,,Y
SYSTEM,AUX_CLIENTE,23,ULTMOVIMFC,VARCHAR2,30,,,Y
SYSTEM,AUX_CLIENTE,24,F_PAGSRI,VARCHAR2,5,,,Y
SYSTEM,AUX_CLIENTE,25,F_PRESRI,VARCHAR2,5,,,Y
SYSTEM,AUX_CLIENTE,26,FECCLIEN,VARCHAR2,10,,,Y
SYSTEM,AUX_FCARGABAN,1,IDBANCO,VARCHAR2,10,,,Y
SYSTEM,AUX_FCARGABAN,2,FECHA,DATE,7,,,Y
SYSTEM,AUX_FCARGABAN,3,NUMECUEN,VARCHAR2,20,,,Y
SYSTEM,AUX_FCARGABAN,4,VALOR,NUMBER,22,22,4,Y
SYSTEM,AUX_FCARGABAN,5,IDTRNSCCN,NUMBER,22,,,Y
SYSTEM,AUX_FCARGABAN,6,MONEDA,VARCHAR2,5,,,Y
SYSTEM,AUX_FCARGABAN,7,ESTADO,VARCHAR2,2,,,Y
SYSTEM,AUX_FCARGABAN,8,TIPOTRAN,VARCHAR2,20,,,Y
SYSTEM,AUX_FCARGABAN,9,CLTE_IDCLIENTE,NUMBER,22,10,0,Y
SYSTEM,AUX_FCARGABAN,10,CEDURUC,VARCHAR2,15,,,Y
SYSTEM,AUX_FCARGABAN,11,CLTE_COMPANIA,VARCHAR2,10,,,Y
SYSTEM,AUX_FCARGABAN,12,AUXC_ID,NUMBER,22,10,0,N
SYSTEM,AUX_FCARGABAN,13,REPETIDO,VARCHAR2,1,,,Y
SYSTEM,AUX_INVENTARIO,1,GRAR_CLASE,VARCHAR2,20,,,Y
SYSTEM,AUX_INVENTARIO,2,GRAR_CODIGRUP,VARCHAR2,20,,,N
SYSTEM,AUX_INVENTARIO,3,ARTL_ARTICULO,VARCHAR2,30,,,Y
SYSTEM,AUX_INVENTARIO,4,NOMBRE,VARCHAR2,300,,,N
SYSTEM,AUX_INVENTARIO,5,OFICINA,VARCHAR2,3,,,Y
SYSTEM,AUX_INVENTARIO,6,SECC_CODIBODE,VARCHAR2,5,,,Y
SYSTEM,AUX_INVENTARIO,7,SECC_CODISECC,VARCHAR2,10,,,Y
SYSTEM,AUX_INVENTARIO,8,EXISTENCIA,NUMBER,22,,,Y
SYSTEM,AUX_INVENTARIO,9,TOTAL,NUMBER,22,,,Y
SYSTEM,AUX_INVENTARIO,10,NUMELOTE,CHAR,40,,,Y
SYSTEM,AUX_INVENTARIO,11,ALCANCE,CHAR,4,,,Y
SYSTEM,AUX_INVENTARIO,12,FEMISION,DATE,7,,,Y
SYSTEM,AUX_INVENTARIO,13,FVECIMIENTO,DATE,7,,,Y
SYSTEM,AUX_INVENTARIO,14,RSANITARIO,VARCHAR2,300,,,Y
SYSTEM,AUX_INVENTARIO,15,UBICACION,VARCHAR2,100,,,Y
SYSTEM,AUX_INVENTARIO,16,OBS,VARCHAR2,300,,,Y
SYSTEM,AUX_INVENTARIO_OB,1,SECC_OFICINA,VARCHAR2,3,,,Y
SYSTEM,AUX_INVENTARIO_OB,2,SECC_CODIBODE,VARCHAR2,5,,,Y
SYSTEM,AUX_INVENTARIO_OB,3,SECC_CODISECC,VARCHAR2,4,,,Y
SYSTEM,AUX_INVENTARIO_OB,4,ARTICULO,VARCHAR2,30,,,Y
SYSTEM,AUX_INVENTARIO_OB,5,ARTL_CLASE,VARCHAR2,20,,,Y
SYSTEM,AUX_INVENTARIO_OB,6,ARTL_COMPANIA,VARCHAR2,10,,,Y
SYSTEM,AUX_INVENTARIO_OB,7,ARTL_CODIGRUP,VARCHAR2,20,,,Y
SYSTEM,AUX_INVENTARIO_OB,8,NOMBRE,VARCHAR2,300,,,Y
SYSTEM,AUX_INVENTARIO_OB,9,LOTCOMP,VARCHAR2,10,,,Y
SYSTEM,AUX_INVENTARIO_OB,10,NUMLOTE,VARCHAR2,20,,,Y
SYSTEM,AUX_INVENTARIO_OB,11,ALCALOTE,NUMBER,22,10,0,Y
SYSTEM,AUX_INVENTARIO_OB,12,VENCE,DATE,7,,,Y
SYSTEM,AUX_INVENTARIO_OB,13,ELABORA,DATE,7,,,Y
SYSTEM,AUX_INVENTARIO_OB,14,CANTIDAD,NUMBER,22,,,Y
SYSTEM,AUX_INVENTARIO_OB,15,COSTO,NUMBER,22,,,Y
SYSTEM,AUX_INVFISICO,1,ARTL_ARTICULO,VARCHAR2,30,,,Y
SYSTEM,AUX_INVFISICO,2,ARTL_CLASE,VARCHAR2,20,,,Y
SYSTEM,AUX_INVFISICO,3,ARTL_COMPANIA,CHAR,4,,,Y
SYSTEM,AUX_INVFISICO,4,GRAR_CODIGRUP,VARCHAR2,20,,,N
SYSTEM,AUX_INVFISICO,5,SECC_CODISECC,VARCHAR2,10,,,Y
SYSTEM,AUX_INVFISICO,6,SECC_CODIBODE,VARCHAR2,5,,,Y
SYSTEM,AUX_INVFISICO,7,UMED_UNIDMEDI,VARCHAR2,5,,,Y
SYSTEM,AUX_INVFISICO,8,EXISTENCIA,NUMBER,22,,,Y
SYSTEM,AUX_INVFISICO,9,COSTO,NUMBER,22,,,Y
SYSTEM,AUX_KARDEX,1,FILA,NUMBER,22,,,Y
SYSTEM,AUX_KARDEX,2,COD,NUMBER,22,,,Y
SYSTEM,AUX_KARDEX,3,REFER,VARCHAR2,3,,,Y
SYSTEM,AUX_KARDEX,4,FECHA,DATE,7,,,Y
SYSTEM,AUX_KARDEX,5,ARTL_ARTICULO,VARCHAR2,30,,,Y
SYSTEM,AUX_KARDEX,6,NUMERO,VARCHAR2,40,,,Y
SYSTEM,AUX_KARDEX,7,SECC_CODIBODE,VARCHAR2,5,,,Y
SYSTEM,AUX_KARDEX,8,CANTIDAD,NUMBER,22,,,Y
SYSTEM,AUX_KARDEX,9,COSTUNIT,NUMBER,22,18,8,Y
SYSTEM,AUX_KARDEX,10,VALOR,NUMBER,22,20,8,Y
SYSTEM,AUX_KARDEX,11,PRECUNIT,NUMBER,22,16,4,Y
SYSTEM,AUX_KARDEX,12,SALDO,NUMBER,22,,,Y
SYSTEM,AUX_KARDEX,13,ARTL_CODIGRUP,VARCHAR2,20,,,Y
SYSTEM,AUX_KARDEX,14,ARTL_CLASE,VARCHAR2,20,,,Y
SYSTEM,AUX_KARDEX,15,CODITRAN,VARCHAR2,5,,,Y
SYSTEM,AUX_KARDEX,16,PRODUCTO,VARCHAR2,3,,,Y
SYSTEM,AUX_KARDEX,17,TIPODOCU,VARCHAR2,2,,,Y
SYSTEM,AUX_KARDEX,18,ID_CLIENTE_PROVEEDOR,VARCHAR2,20,,,Y
SYSTEM,AUX_KARDEX,19,NUMEDIAR,NUMBER,22,,,Y
SYSTEM,AUX_KARDEX,20,NOMBRE,VARCHAR2,200,,,Y
SYSTEM,AUX_KARDEX,21,OFICINA,VARCHAR2,3,,,Y
SYSTEM,AUX_KARDEX,22,DTMV_ID,NUMBER,22,,,Y
SYSTEM,AUX_KARDEX,23,SECC_CODISECC,VARCHAR2,10,,,Y
SYSTEM,AUX_KARDEX,24,CODIPERC,VARCHAR2,40,,,Y
SYSTEM,AUX_KARDEXJUL,1,FILA,NUMBER,22,,,Y
SYSTEM,AUX_KARDEXJUL,2,COD,NUMBER,22,,,Y
SYSTEM,AUX_KARDEXJUL,3,REFER,VARCHAR2,3,,,Y
SYSTEM,AUX_KARDEXJUL,4,FECHA,DATE,7,,,Y
SYSTEM,AUX_KARDEXJUL,5,ARTL_ARTICULO,VARCHAR2,30,,,Y
SYSTEM,AUX_KARDEXJUL,6,NUMERO,VARCHAR2,40,,,Y
SYSTEM,AUX_KARDEXJUL,7,SECC_CODIBODE,VARCHAR2,5,,,Y
SYSTEM,AUX_KARDEXJUL,8,CANTIDAD,NUMBER,22,,,Y
SYSTEM,AUX_KARDEXJUL,9,COSTUNIT,NUMBER,22,18,8,Y
SYSTEM,AUX_KARDEXJUL,10,VALOR,NUMBER,22,20,8,Y
SYSTEM,AUX_KARDEXJUL,11,PRECUNIT,NUMBER,22,16,4,Y
SYSTEM,AUX_KARDEXJUL,12,SALDO,NUMBER,22,,,Y
SYSTEM,AUX_KARDEXJUL,13,ARTL_CODIGRUP,VARCHAR2,20,,,Y
SYSTEM,AUX_KARDEXJUL,14,ARTL_CLASE,VARCHAR2,20,,,Y
SYSTEM,AUX_KARDEXJUL,15,CODITRAN,VARCHAR2,5,,,Y
SYSTEM,AUX_KARDEXJUL,16,PRODUCTO,VARCHAR2,3,,,Y
SYSTEM,AUX_KARDEXJUL,17,TIPODOCU,VARCHAR2,2,,,Y
SYSTEM,AUX_KARDEXJUL,18,ID_CLIENTE_PROVEEDOR,VARCHAR2,20,,,Y
SYSTEM,AUX_KARDEXJUL,19,NUMEDIAR,NUMBER,22,,,Y
SYSTEM,AUX_KARDEXJUL,20,NOMBRE,VARCHAR2,200,,,Y
SYSTEM,AUX_KARDEXJUL,21,OFICINA,VARCHAR2,3,,,Y
SYSTEM,AUX_KARDEXJUL,22,DTMV_ID,NUMBER,22,,,Y
SYSTEM,AUX_KARDEXJUL,23,SECC_CODISECC,VARCHAR2,10,,,Y
SYSTEM,AUX_KARDEXJUL,24,CODIPERC,VARCHAR2,40,,,Y
SYSTEM,AUX_RECETA,1,NOMBRE,VARCHAR2,100,,,Y
SYSTEM,AUX_RECETA,2,VIGENTE,VARCHAR2,1,,,Y
SYSTEM,AUX_RECETA,3,CANTIDAD,NUMBER,22,10,4,Y
SYSTEM,AUX_RECETA,4,OBSERVAC,VARCHAR2,100,,,Y
SYSTEM,AUX_RECETA,5,PREDEFIN,VARCHAR2,1,,,Y
SYSTEM,AUX_RECETA,6,ARTICULO,VARCHAR2,30,,,Y
SYSTEM,AUX_RECETA,7,ARTICULO1,VARCHAR2,30,,,Y
SYSTEM,AUX_RECETA,8,CANTIDAD1,NUMBER,22,10,4,Y
SYSTEM,AUX_RECETA,9,UNIDAD,VARCHAR2,10,,,Y
SYSTEM,AUX_SALDO_CLIENTE,1,CODIGOCLIENTE,VARCHAR2,10,,,Y
SYSTEM,AUX_SALDO_CLIENTE,2,RUC,VARCHAR2,13,,,Y
SYSTEM,AUX_SALDO_CLIENTE,3,FACTURA,NUMBER,22,,,Y
SYSTEM,AUX_SALDO_CLIENTE,4,SERIE,VARCHAR2,10,,,Y
SYSTEM,AUX_SALDO_CLIENTE,5,FECHAEMISION,DATE,7,,,Y
SYSTEM,AUX_SALDO_CLIENTE,6,FECHAVENCIMIENTO,DATE,7,,,Y
SYSTEM,AUX_SALDO_CLIENTE,7,TOTAL,NUMBER,22,22,2,Y
SYSTEM,AUX_SALDOS,1,FECHA,DATE,7,,,N
SYSTEM,AUX_SALDOS,2,SERIE,VARCHAR2,6,,,N
SYSTEM,AUX_SALDOS,3,NUMERO,NUMBER,22,10,0,N
SYSTEM,AUX_SALDOS,4,GRPS_IDCLIENTE,NUMBER,22,10,0,N
SYSTEM,AUX_SALDOS,5,NOMBRE,VARCHAR2,400,,,N
SYSTEM,AUX_SALDOS,6,SALDO,NUMBER,22,,,Y
SYSTEM,AUX_SALDOS,7,FECHCANC,DATE,7,,,Y
SYSTEM,AUX_SALDOS,8,FECHA_AUX,DATE,7,,,Y
SYSTEM,AUX_VENTAS,1,SERIE,VARCHAR2,6,,,N
SYSTEM,AUX_VENTAS,2,NUMERO,NUMBER,22,10,0,N
SYSTEM,AUX_VENTAS,3,DIAS_CREDITO,NUMBER,22,,,Y
SYSTEM,AUX_VENTAS,4,DIAS_CREDITO_REAL,NUMBER,22,,,Y
SYSTEM,AUX_VENTAS,5,DIF,NUMBER,22,,,Y
SYSTEM,AUX_VENTASFAMP,1,FACTURA,VARCHAR2,50,,,Y
SYSTEM,AUX_VENTASFAMP,2,SERIE,VARCHAR2,50,,,Y
SYSTEM,AUX_VENTASFAMP,3,TIPOVENTA,VARCHAR2,50,,,Y
SYSTEM,AUX_VENTASFAMP,4,TIPO,VARCHAR2,50,,,Y
SYSTEM,AUX_VENTASFAMP,5,EJERCICIO,VARCHAR2,50,,,Y
SYSTEM,AUX_VENTASFAMP,6,PERIODO,VARCHAR2,50,,,Y
SYSTEM,AUX_VENTASFAMP,7,CODIGOCLIENTE,VARCHAR2,50,,,Y
SYSTEM,AUX_VENTASFAMP,8,RAZONSOCIAL,VARCHAR2,300,,,Y
SYSTEM,AUX_VENTASFAMP,9,RUC,VARCHAR2,50,,,Y
SYSTEM,AUX_VENTASFAMP,10,FECHA,VARCHAR2,50,,,Y
SYSTEM,AUX_VENTASFAMP,11,SUBTOTAL,NUMBER,22,,,Y
SYSTEM,AUX_VENTASFAMP,12,TOTAL,NUMBER,22,,,Y
SYSTEM,AUX_VENTASFAMP,13,CODIGOVENDEDOR,VARCHAR2,50,,,Y
SYSTEM,AUX_VENTASFAMP,14,CODIGOCREDITO,VARCHAR2,50,,,Y
SYSTEM,AUX_VENTASFAMP,15,CODIGOBODEGA,VARCHAR2,50,,,Y
SYSTEM,AUX_VENTASFAMP,16,CODIGOPRODUCTO,VARCHAR2,50,,,Y
SYSTEM,AUX_VENTASFAMP,17,PRODUCTO,VARCHAR2,300,,,Y
SYSTEM,AUX_VENTASFAMP,18,CODIGOUNIDAD,VARCHAR2,50,,,Y
SYSTEM,AUX_VENTASFAMP,19,CANTIDAD,NUMBER,22,,,Y
SYSTEM,AUX_VENTASFAMP,20,TOTALRENGLON,NUMBER,22,,,Y
SYSTEM,AUX_VENTASFAMP,21,ESTADO,VARCHAR2,50,,,Y
SYSTEM,BAK_ALM_DETALOTEJUL2023,1,DTLT_ID,NUMBER,22,10,0,N
SYSTEM,BAK_ALM_DETALOTEJUL2023,2,CANTPARC,NUMBER,22,16,6,Y
SYSTEM,BAK_ALM_DETALOTEJUL2023,3,LOTE_COMPANIA,VARCHAR2,10,,,N
SYSTEM,BAK_ALM_DETALOTEJUL2023,4,LOTE_NUMELOTE,VARCHAR2,20,,,N
SYSTEM,BAK_ALM_DETALOTEJUL2023,5,DTMV_DTMV_ID,NUMBER,22,10,0,N
SYSTEM,BAK_ALM_DETALOTEJUL2023,6,FECHCREA,DATE,7,,,N
SYSTEM,BAK_ALM_DETALOTEJUL2023,7,USUACREA,VARCHAR2,20,,,N
SYSTEM,BAK_ALM_DETALOTEJUL2023,8,FECHACTU,DATE,7,,,Y
SYSTEM,BAK_ALM_DETALOTEJUL2023,9,USUACTUA,VARCHAR2,20,,,Y
SYSTEM,BAK_ALM_DETALOTEJUL2023,10,LOTE_ALCANCE,NUMBER,22,10,0,N
SYSTEM,BAK_ALM_DETALOTE_2182023_951AM,1,DTLT_ID,NUMBER,22,10,0,N
SYSTEM,BAK_ALM_DETALOTE_2182023_951AM,2,CANTPARC,NUMBER,22,16,6,Y
SYSTEM,BAK_ALM_DETALOTE_2182023_951AM,3,LOTE_COMPANIA,VARCHAR2,10,,,N
SYSTEM,BAK_ALM_DETALOTE_2182023_951AM,4,LOTE_NUMELOTE,VARCHAR2,20,,,N
SYSTEM,BAK_ALM_DETALOTE_2182023_951AM,5,DTMV_DTMV_ID,NUMBER,22,10,0,N
SYSTEM,BAK_ALM_DETALOTE_2182023_951AM,6,FECHCREA,DATE,7,,,N
SYSTEM,BAK_ALM_DETALOTE_2182023_951AM,7,USUACREA,VARCHAR2,20,,,N
SYSTEM,BAK_ALM_DETALOTE_2182023_951AM,8,FECHACTU,DATE,7,,,Y
SYSTEM,BAK_ALM_DETALOTE_2182023_951AM,9,USUACTUA,VARCHAR2,20,,,Y
SYSTEM,BAK_ALM_DETALOTE_2182023_951AM,10,LOTE_ALCANCE,NUMBER,22,10,0,N
SYSTEM,BAK_ALM_DETAMOVI_16112022,1,ENTRSALI,VARCHAR2,1,,,N
SYSTEM,BAK_ALM_DETAMOVI_16112022,2,ADJUVEND,NUMBER,22,12,6,Y
SYSTEM,BAK_ALM_DETAMOVI_16112022,3,DTMV_ID,NUMBER,22,10,0,N
SYSTEM,BAK_ALM_DETAMOVI_16112022,4,UMED_UNIDMEDI,VARCHAR2,5,,,N
SYSTEM,BAK_ALM_DETAMOVI_16112022,5,VALOR,NUMBER,22,20,8,N
SYSTEM,BAK_ALM_DETAMOVI_16112022,6,CANTIDAD,NUMBER,22,16,6,N
SYSTEM,BAK_ALM_DETAMOVI_16112022,7,CANTSOLI,NUMBER,22,16,6,Y
SYSTEM,BAK_ALM_DETAMOVI_16112022,8,CANTASIG,NUMBER,22,16,6,Y
SYSTEM,BAK_ALM_DETAMOVI_16112022,9,PRECUNIT,NUMBER,22,20,8,N
SYSTEM,BAK_ALM_DETAMOVI_16112022,10,COSTUNIT,NUMBER,22,18,8,N
SYSTEM,BAK_ALM_DETAMOVI_16112022,11,USUACREA,VARCHAR2,20,,,N
SYSTEM,BAK_ALM_DETAMOVI_16112022,12,FECHCREA,DATE,7,,,N
SYSTEM,BAK_ALM_DETAMOVI_16112022,13,CMPR_ALCANCE,NUMBER,22,1,0,Y
SYSTEM,BAK_ALM_DETAMOVI_16112022,14,CMPR_NUMERO,NUMBER,22,10,0,Y
SYSTEM,BAK_ALM_DETAMOVI_16112022,15,CMPR_CEDURUC,VARCHAR2,13,,,Y
SYSTEM,BAK_ALM_DETAMOVI_16112022,16,CMPR_COMPANIA,VARCHAR2,10,,,Y
SYSTEM,BAK_ALM_DETAMOVI_16112022,17,CMPR_SERIE,VARCHAR2,6,,,Y
SYSTEM,BAK_ALM_DETAMOVI_16112022,18,ENSA_NUMERO,VARCHAR2,10,,,Y
SYSTEM,BAK_ALM_DETAMOVI_16112022,19,ENSA_COMPANIA,VARCHAR2,10,,,Y
SYSTEM,BAK_ALM_DETAMOVI_16112022,20,ENSA_OFICINA,VARCHAR2,3,,,Y
SYSTEM,BAK_ALM_DETAMOVI_16112022,21,ENSA_TIPODOCU,VARCHAR2,2,,,Y
SYSTEM,BAK_ALM_DETAMOVI_16112022,22,IMPT_NUMEIMPO,NUMBER,22,10,0,Y
SYSTEM,BAK_ALM_DETAMOVI_16112022,23,IMPT_COMPANIA,VARCHAR2,10,,,Y
SYSTEM,BAK_ALM_DETAMOVI_16112022,24,IMPT_OFICINA,VARCHAR2,3,,,Y
SYSTEM,BAK_ALM_DETAMOVI_16112022,25,NCCL_NUMERO,VARCHAR2,10,,,Y
SYSTEM,BAK_ALM_DETAMOVI_16112022,26,NCCL_COMPANIA,VARCHAR2,10,,,Y
SYSTEM,BAK_ALM_DETAMOVI_16112022,27,NCCL_OFICINA,VARCHAR2,3,,,Y
SYSTEM,BAK_ALM_DETAMOVI_16112022,28,NCCL_SERIE,VARCHAR2,6,,,Y
SYSTEM,BAK_ALM_DETAMOVI_16112022,29,NCPR_ALCANCE,NUMBER,22,1,0,Y
SYSTEM,BAK_ALM_DETAMOVI_16112022,30,NCPR_NUMERO,VARCHAR2,10,,,Y
SYSTEM,BAK_ALM_DETAMOVI_16112022,31,NCPR_CEDURUC,VARCHAR2,13,,,Y
SYSTEM,BAK_ALM_DETAMOVI_16112022,32,NCPR_COMPANIA,VARCHAR2,10,,,Y
SYSTEM,BAK_ALM_DETAMOVI_16112022,33,NCPR_SERIE,VARCHAR2,6,,,Y
SYSTEM,BAK_ALM_DETAMOVI_16112022,34,VNTA_NUMERO,NUMBER,22,10,0,Y
SYSTEM,BAK_ALM_DETAMOVI_16112022,35,VNTA_COMPANIA,VARCHAR2,10,,,Y
SYSTEM,BAK_ALM_DETAMOVI_16112022,36,VNTA_OFICINA,VARCHAR2,3,,,Y
SYSTEM,BAK_ALM_DETAMOVI_16112022,37,VNTA_SERIE,VARCHAR2,6,,,Y
SYSTEM,BAK_ALM_DETAMOVI_16112022,38,PORCDESC,NUMBER,22,10,6,Y
SYSTEM,BAK_ALM_DETAMOVI_16112022,39,FACTIMPO,NUMBER,22,10,6,Y
SYSTEM,BAK_ALM_DETAMOVI_16112022,40,TASAIVA,NUMBER,22,7,0,Y
SYSTEM,BAK_ALM_DETAMOVI_16112022,41,TASAICE,NUMBER,22,7,4,Y
SYSTEM,BAK_ALM_DETAMOVI_16112022,42,OBS,VARCHAR2,600,,,Y
SYSTEM,BAK_ALM_DETAMOVI_16112022,43,FECHACTU,DATE,7,,,Y
SYSTEM,BAK_ALM_DETAMOVI_16112022,44,USUACTUA,VARCHAR2,20,,,Y
SYSTEM,BAK_ALM_DETAMOVI_16112022,45,MODINUME,NUMBER,22,10,0,Y
SYSTEM,BAK_ALM_DETAMOVI_16112022,46,MODISERIE,VARCHAR2,6,,,Y
SYSTEM,BAK_ALM_DETAMOVI_16112022,47,TIPOMOVI,VARCHAR2,3,,,Y
SYSTEM,BAK_ALM_DETAMOVI_16112022,48,SECC_CODIBODE,VARCHAR2,5,,,N
SYSTEM,BAK_ALM_DETAMOVI_16112022,49,SECC_COMPANIA,VARCHAR2,10,,,N
SYSTEM,BAK_ALM_DETAMOVI_16112022,50,SECC_CODISECC,VARCHAR2,4,,,N
SYSTEM,BAK_ALM_DETAMOVI_16112022,51,SECC_OFICINA,VARCHAR2,3,,,N
SYSTEM,BAK_ALM_DETAMOVI_16112022,52,ARTL_CODIGRUP,VARCHAR2,20,,,N
SYSTEM,BAK_ALM_DETAMOVI_16112022,53,ARTL_CLASE,VARCHAR2,20,,,N
SYSTEM,BAK_ALM_DETAMOVI_16112022,54,ARTL_COMPANIA,VARCHAR2,10,,,N
SYSTEM,BAK_ALM_DETAMOVI_16112022,55,ARTL_ARTICULO,VARCHAR2,30,,,N
SYSTEM,BAK_ALM_DETAMOVI_16112022,56,PROMOCION,VARCHAR2,1,,,N
SYSTEM,BAK_ALM_DETAMOVI_16112022,57,PRORATEO,VARCHAR2,1,,,N
SYSTEM,BAK_ALM_DETAMOVI_16112022,58,DCAM_DCAM_ID,NUMBER,22,10,0,Y
SYSTEM,BAK_ALM_DETAMOVI_16112022,59,FACTUTIL,NUMBER,22,10,6,Y
SYSTEM,BAK_ALM_DETAMOVI_16112022,60,COSTANTE,NUMBER,22,18,8,Y
SYSTEM,BAK_ALM_DETAMOVI_16112022,61,VNTA_TIPOCOMP,VARCHAR2,2,,,Y
SYSTEM,BAK_ALM_DETAMOVI_16112022,62,VALORFOB,NUMBER,22,18,6,Y
SYSTEM,BAK_ALM_DETAMOVI_16112022,63,VALDESC,NUMBER,22,18,6,N
SYSTEM,BAK_ALM_DETAMOVI_16112022,64,LSPR_LSPR_ID,NUMBER,22,10,0,Y
SYSTEM,BAK_ALM_DETAMOVI_16112022,65,DTMV_DTMV_ID,NUMBER,22,10,0,Y
SYSTEM,BAK_ALM_DETAMOVI_16112022,66,RCTA_RCTA_ID,NUMBER,22,10,0,Y
SYSTEM,BAK_ALM_DETAMOVI_16112022,67,UMED_UNIDMEDI_CAJA,VARCHAR2,5,,,Y
SYSTEM,BAK_ALM_DETAMOVI_16112022,68,VALOADIC,NUMBER,22,18,6,Y
SYSTEM,BAK_ALM_DETAMOVI_16112022,69,NANDINA,VARCHAR2,30,,,Y
SYSTEM,BAK_ALM_DETAMOVI_16112022,70,CANTITEM,NUMBER,22,16,6,Y
SYSTEM,BAK_ALM_DETAMOVI_16112022,71,NUMEAGRU,NUMBER,22,3,0,Y
SYSTEM,BAK_ALM_DETAMOVI_16112022,72,CANTPERD,NUMBER,22,16,6,Y
SYSTEM,BAK_ALM_DETAMOVI_16112022,73,NUMBER1,NUMBER,22,,,Y
SYSTEM,BAK_ALM_DETAMOVI_16112022,74,NUMBER2,NUMBER,22,,,Y
SYSTEM,BAK_ALM_DETAMOVI_16112022,75,NUMBER3,NUMBER,22,,,Y
SYSTEM,BAK_ALM_DETAMOVI_16112022,76,NUMBER4,NUMBER,22,,,Y
SYSTEM,BAK_ALM_DETAMOVI_16112022,77,NUMBER5,NUMBER,22,,,Y
SYSTEM,BAK_ALM_DETAMOVI_16112022,78,VCHAR1,VARCHAR2,500,,,Y
SYSTEM,BAK_ALM_DETAMOVI_16112022,79,VCHAR2,VARCHAR2,500,,,Y
SYSTEM,BAK_ALM_DETAMOVI_16112022,80,VCHAR3,VARCHAR2,500,,,Y
SYSTEM,BAK_ALM_DETAMOVI_16112022,81,VCHAR4,VARCHAR2,500,,,Y
SYSTEM,BAK_ALM_DETAMOVI_16112022,82,VCHAR5,VARCHAR2,500,,,Y
SYSTEM,BAK_ALM_DETAMOVI_2182023_951AM,1,ENTRSALI,VARCHAR2,1,,,N
SYSTEM,BAK_ALM_DETAMOVI_2182023_951AM,2,ADJUVEND,NUMBER,22,12,6,Y
SYSTEM,BAK_ALM_DETAMOVI_2182023_951AM,3,DTMV_ID,NUMBER,22,10,0,N
SYSTEM,BAK_ALM_DETAMOVI_2182023_951AM,4,UMED_UNIDMEDI,VARCHAR2,5,,,N
SYSTEM,BAK_ALM_DETAMOVI_2182023_951AM,5,VALOR,NUMBER,22,20,8,N
SYSTEM,BAK_ALM_DETAMOVI_2182023_951AM,6,CANTIDAD,NUMBER,22,16,6,N
SYSTEM,BAK_ALM_DETAMOVI_2182023_951AM,7,CANTSOLI,NUMBER,22,16,6,Y
SYSTEM,BAK_ALM_DETAMOVI_2182023_951AM,8,CANTASIG,NUMBER,22,16,6,Y
SYSTEM,BAK_ALM_DETAMOVI_2182023_951AM,9,PRECUNIT,NUMBER,22,20,8,N
SYSTEM,BAK_ALM_DETAMOVI_2182023_951AM,10,COSTUNIT,NUMBER,22,18,8,N
SYSTEM,BAK_ALM_DETAMOVI_2182023_951AM,11,USUACREA,VARCHAR2,20,,,N
SYSTEM,BAK_ALM_DETAMOVI_2182023_951AM,12,FECHCREA,DATE,7,,,N
SYSTEM,BAK_ALM_DETAMOVI_2182023_951AM,13,CMPR_ALCANCE,NUMBER,22,1,0,Y
SYSTEM,BAK_ALM_DETAMOVI_2182023_951AM,14,CMPR_NUMERO,NUMBER,22,10,0,Y
SYSTEM,BAK_ALM_DETAMOVI_2182023_951AM,15,CMPR_CEDURUC,VARCHAR2,13,,,Y
SYSTEM,BAK_ALM_DETAMOVI_2182023_951AM,16,CMPR_COMPANIA,VARCHAR2,10,,,Y
SYSTEM,BAK_ALM_DETAMOVI_2182023_951AM,17,CMPR_SERIE,VARCHAR2,6,,,Y
SYSTEM,BAK_ALM_DETAMOVI_2182023_951AM,18,ENSA_NUMERO,VARCHAR2,10,,,Y
SYSTEM,BAK_ALM_DETAMOVI_2182023_951AM,19,ENSA_COMPANIA,VARCHAR2,10,,,Y
SYSTEM,BAK_ALM_DETAMOVI_2182023_951AM,20,ENSA_OFICINA,VARCHAR2,3,,,Y
SYSTEM,BAK_ALM_DETAMOVI_2182023_951AM,21,ENSA_TIPODOCU,VARCHAR2,2,,,Y
SYSTEM,BAK_ALM_DETAMOVI_2182023_951AM,22,IMPT_NUMEIMPO,NUMBER,22,10,0,Y
SYSTEM,BAK_ALM_DETAMOVI_2182023_951AM,23,IMPT_COMPANIA,VARCHAR2,10,,,Y
SYSTEM,BAK_ALM_DETAMOVI_2182023_951AM,24,IMPT_OFICINA,VARCHAR2,3,,,Y
SYSTEM,BAK_ALM_DETAMOVI_2182023_951AM,25,NCCL_NUMERO,VARCHAR2,10,,,Y
SYSTEM,BAK_ALM_DETAMOVI_2182023_951AM,26,NCCL_COMPANIA,VARCHAR2,10,,,Y
SYSTEM,BAK_ALM_DETAMOVI_2182023_951AM,27,NCCL_OFICINA,VARCHAR2,3,,,Y
SYSTEM,BAK_ALM_DETAMOVI_2182023_951AM,28,NCCL_SERIE,VARCHAR2,6,,,Y
SYSTEM,BAK_ALM_DETAMOVI_2182023_951AM,29,NCPR_ALCANCE,NUMBER,22,1,0,Y
SYSTEM,BAK_ALM_DETAMOVI_2182023_951AM,30,NCPR_NUMERO,VARCHAR2,10,,,Y
SYSTEM,BAK_ALM_DETAMOVI_2182023_951AM,31,NCPR_CEDURUC,VARCHAR2,13,,,Y
SYSTEM,BAK_ALM_DETAMOVI_2182023_951AM,32,NCPR_COMPANIA,VARCHAR2,10,,,Y
SYSTEM,BAK_ALM_DETAMOVI_2182023_951AM,33,NCPR_SERIE,VARCHAR2,6,,,Y
SYSTEM,BAK_ALM_DETAMOVI_2182023_951AM,34,VNTA_NUMERO,NUMBER,22,10,0,Y
SYSTEM,BAK_ALM_DETAMOVI_2182023_951AM,35,VNTA_COMPANIA,VARCHAR2,10,,,Y
SYSTEM,BAK_ALM_DETAMOVI_2182023_951AM,36,VNTA_OFICINA,VARCHAR2,3,,,Y
SYSTEM,BAK_ALM_DETAMOVI_2182023_951AM,37,VNTA_SERIE,VARCHAR2,6,,,Y
SYSTEM,BAK_ALM_DETAMOVI_2182023_951AM,38,PORCDESC,NUMBER,22,10,6,Y
SYSTEM,BAK_ALM_DETAMOVI_2182023_951AM,39,FACTIMPO,NUMBER,22,10,6,Y
SYSTEM,BAK_ALM_DETAMOVI_2182023_951AM,40,TASAIVA,NUMBER,22,7,0,Y
SYSTEM,BAK_ALM_DETAMOVI_2182023_951AM,41,TASAICE,NUMBER,22,7,4,Y
SYSTEM,BAK_ALM_DETAMOVI_2182023_951AM,42,OBS,VARCHAR2,600,,,Y
SYSTEM,BAK_ALM_DETAMOVI_2182023_951AM,43,FECHACTU,DATE,7,,,Y
SYSTEM,BAK_ALM_DETAMOVI_2182023_951AM,44,USUACTUA,VARCHAR2,20,,,Y
SYSTEM,BAK_ALM_DETAMOVI_2182023_951AM,45,MODINUME,NUMBER,22,10,0,Y
SYSTEM,BAK_ALM_DETAMOVI_2182023_951AM,46,MODISERIE,VARCHAR2,6,,,Y
SYSTEM,BAK_ALM_DETAMOVI_2182023_951AM,47,TIPOMOVI,VARCHAR2,3,,,Y
SYSTEM,BAK_ALM_DETAMOVI_2182023_951AM,48,SECC_CODIBODE,VARCHAR2,5,,,N
SYSTEM,BAK_ALM_DETAMOVI_2182023_951AM,49,SECC_COMPANIA,VARCHAR2,10,,,N
SYSTEM,BAK_ALM_DETAMOVI_2182023_951AM,50,SECC_CODISECC,VARCHAR2,4,,,N
SYSTEM,BAK_ALM_DETAMOVI_2182023_951AM,51,SECC_OFICINA,VARCHAR2,3,,,N
SYSTEM,BAK_ALM_DETAMOVI_2182023_951AM,52,ARTL_CODIGRUP,VARCHAR2,20,,,N
SYSTEM,BAK_ALM_DETAMOVI_2182023_951AM,53,ARTL_CLASE,VARCHAR2,20,,,N
SYSTEM,BAK_ALM_DETAMOVI_2182023_951AM,54,ARTL_COMPANIA,VARCHAR2,10,,,N
SYSTEM,BAK_ALM_DETAMOVI_2182023_951AM,55,ARTL_ARTICULO,VARCHAR2,30,,,N
SYSTEM,BAK_ALM_DETAMOVI_2182023_951AM,56,PROMOCION,VARCHAR2,1,,,N
SYSTEM,BAK_ALM_DETAMOVI_2182023_951AM,57,PRORATEO,VARCHAR2,1,,,N
SYSTEM,BAK_ALM_DETAMOVI_2182023_951AM,58,DCAM_DCAM_ID,NUMBER,22,10,0,Y
SYSTEM,BAK_ALM_DETAMOVI_2182023_951AM,59,FACTUTIL,NUMBER,22,10,6,Y
SYSTEM,BAK_ALM_DETAMOVI_2182023_951AM,60,COSTANTE,NUMBER,22,18,8,Y
SYSTEM,BAK_ALM_DETAMOVI_2182023_951AM,61,VNTA_TIPOCOMP,VARCHAR2,2,,,Y
SYSTEM,BAK_ALM_DETAMOVI_2182023_951AM,62,VALORFOB,NUMBER,22,20,8,Y
SYSTEM,BAK_ALM_DETAMOVI_2182023_951AM,63,VALDESC,NUMBER,22,18,6,N
SYSTEM,BAK_ALM_DETAMOVI_2182023_951AM,64,LSPR_LSPR_ID,NUMBER,22,10,0,Y
SYSTEM,BAK_ALM_DETAMOVI_2182023_951AM,65,DTMV_DTMV_ID,NUMBER,22,10,0,Y
SYSTEM,BAK_ALM_DETAMOVI_2182023_951AM,66,RCTA_RCTA_ID,NUMBER,22,10,0,Y
SYSTEM,BAK_ALM_DETAMOVI_2182023_951AM,67,UMED_UNIDMEDI_CAJA,VARCHAR2,5,,,Y
SYSTEM,BAK_ALM_DETAMOVI_2182023_951AM,68,VALOADIC,NUMBER,22,18,6,Y
SYSTEM,BAK_ALM_DETAMOVI_2182023_951AM,69,NANDINA,VARCHAR2,30,,,Y
SYSTEM,BAK_ALM_DETAMOVI_2182023_951AM,70,CANTITEM,NUMBER,22,16,6,Y
SYSTEM,BAK_ALM_DETAMOVI_2182023_951AM,71,NUMEAGRU,NUMBER,22,3,0,Y
SYSTEM,BAK_ALM_DETAMOVI_2182023_951AM,72,CANTPERD,NUMBER,22,16,6,Y
SYSTEM,BAK_ALM_DETAMOVI_2182023_951AM,73,NUMBER1,NUMBER,22,,,Y
SYSTEM,BAK_ALM_DETAMOVI_2182023_951AM,74,NUMBER2,NUMBER,22,,,Y
SYSTEM,BAK_ALM_DETAMOVI_2182023_951AM,75,NUMBER3,NUMBER,22,,,Y
SYSTEM,BAK_ALM_DETAMOVI_2182023_951AM,76,NUMBER4,NUMBER,22,,,Y
SYSTEM,BAK_ALM_DETAMOVI_2182023_951AM,77,NUMBER5,NUMBER,22,,,Y
SYSTEM,BAK_ALM_DETAMOVI_2182023_951AM,78,VCHAR1,VARCHAR2,500,,,Y
SYSTEM,BAK_ALM_DETAMOVI_2182023_951AM,79,VCHAR2,VARCHAR2,500,,,Y
SYSTEM,BAK_ALM_DETAMOVI_2182023_951AM,80,VCHAR3,VARCHAR2,500,,,Y
SYSTEM,BAK_ALM_DETAMOVI_2182023_951AM,81,VCHAR4,VARCHAR2,500,,,Y
SYSTEM,BAK_ALM_DETAMOVI_2182023_951AM,82,VCHAR5,VARCHAR2,500,,,Y
SYSTEM,BAK_ALM_DETAMOVI_2182023_951AM,83,ICESPECI,NUMBER,22,16,4,Y
SYSTEM,BAK_ALM_DETAMOVI_2182023_951AM,84,BASEICE,NUMBER,22,16,4,Y
SYSTEM,BAK_ALM_DETAMOVI_2182023_951AM,85,ADVALOREN,NUMBER,22,16,4,Y
SYSTEM,BAK_ALM_DETAMOVI_2182023_951AM,86,VALORICE,NUMBER,22,16,4,Y
SYSTEM,BAK_ALM_DETAMOVI_2182023_951AM,87,DREQ_DREQ_ID,NUMBER,22,10,0,Y
SYSTEM,BAK_ALM_DETAMOVI_2182023_951AM,88,COMBO,VARCHAR2,1,,,N
SYSTEM,BAK_ALM_LOTE_2182023_951AM,1,CMPN_COMPANIA,VARCHAR2,10,,,N
SYSTEM,BAK_ALM_LOTE_2182023_951AM,2,NUMELOTE,VARCHAR2,20,,,N
SYSTEM,BAK_ALM_LOTE_2182023_951AM,3,EGEN_ESTADO,VARCHAR2,2,,,N
SYSTEM,BAK_ALM_LOTE_2182023_951AM,4,FECHLOTE,DATE,7,,,Y
SYSTEM,BAK_ALM_LOTE_2182023_951AM,5,FVENLOTE,DATE,7,,,Y
SYSTEM,BAK_ALM_LOTE_2182023_951AM,6,OBSERVAC,VARCHAR2,100,,,Y
SYSTEM,BAK_ALM_LOTE_2182023_951AM,7,VIGENTE,VARCHAR2,1,,,N
SYSTEM,BAK_ALM_LOTE_2182023_951AM,8,FECHCREA,DATE,7,,,N
SYSTEM,BAK_ALM_LOTE_2182023_951AM,9,USUACREA,VARCHAR2,20,,,N
SYSTEM,BAK_ALM_LOTE_2182023_951AM,10,FECHACTU,DATE,7,,,Y
SYSTEM,BAK_ALM_LOTE_2182023_951AM,11,USACTUA,VARCHAR2,20,,,Y
SYSTEM,BAK_ALM_LOTE_2182023_951AM,12,ALCANCE,NUMBER,22,10,0,N
SYSTEM,BAK_ALM_TMPDETALOTE21082023,1,TDLT_ID,NUMBER,22,10,0,N
SYSTEM,BAK_ALM_TMPDETALOTE21082023,2,CANTPARC,NUMBER,22,16,6,N
SYSTEM,BAK_ALM_TMPDETALOTE21082023,3,FECHCREA,DATE,7,,,N
SYSTEM,BAK_ALM_TMPDETALOTE21082023,4,USUACREA,VARCHAR2,20,,,N
SYSTEM,BAK_ALM_TMPDETALOTE21082023,5,FECHACTU,DATE,7,,,Y
SYSTEM,BAK_ALM_TMPDETALOTE21082023,6,USUACTUA,VARCHAR2,20,,,Y
SYSTEM,BAK_ALM_TMPDETALOTE21082023,7,LOTE_NUMELOTE,VARCHAR2,20,,,N
SYSTEM,BAK_ALM_TMPDETALOTE21082023,8,LOTE_COMPANIA,VARCHAR2,10,,,N
SYSTEM,BAK_ALM_TMPDETALOTE21082023,9,DXML_DXML_ID,NUMBER,22,10,0,Y
SYSTEM,BAK_ALM_TMPDETALOTE21082023,10,DPR_DPR_ID,NUMBER,22,10,0,Y
SYSTEM,BAK_ALM_TMPDETALOTE21082023,11,FVENLOTE,DATE,7,,,Y
SYSTEM,BAK_ALM_TMPDETALOTE21082023,12,LOTE_ALCANCE,NUMBER,22,10,0,N
SYSTEM,BAK_AUX_KARDEX,1,FILA,NUMBER,22,,,Y
SYSTEM,BAK_AUX_KARDEX,2,COD,NUMBER,22,,,Y
SYSTEM,BAK_AUX_KARDEX,3,REFER,VARCHAR2,3,,,Y
SYSTEM,BAK_AUX_KARDEX,4,FECHA,DATE,7,,,Y
SYSTEM,BAK_AUX_KARDEX,5,ARTL_ARTICULO,VARCHAR2,30,,,Y
SYSTEM,BAK_AUX_KARDEX,6,NUMERO,VARCHAR2,40,,,Y
SYSTEM,BAK_AUX_KARDEX,7,SECC_CODIBODE,VARCHAR2,5,,,Y
SYSTEM,BAK_AUX_KARDEX,8,CANTIDAD,NUMBER,22,,,Y
SYSTEM,BAK_AUX_KARDEX,9,COSTUNIT,NUMBER,22,18,8,Y
SYSTEM,BAK_AUX_KARDEX,10,VALOR,NUMBER,22,20,8,Y
SYSTEM,BAK_AUX_KARDEX,11,PRECUNIT,NUMBER,22,16,4,Y
SYSTEM,BAK_AUX_KARDEX,12,SALDO,NUMBER,22,,,Y
SYSTEM,BAK_AUX_KARDEX,13,ARTL_CODIGRUP,VARCHAR2,20,,,Y
SYSTEM,BAK_AUX_KARDEX,14,ARTL_CLASE,VARCHAR2,20,,,Y
SYSTEM,BAK_AUX_KARDEX,15,CODITRAN,VARCHAR2,5,,,Y
SYSTEM,BAK_AUX_KARDEX,16,PRODUCTO,VARCHAR2,3,,,Y
SYSTEM,BAK_AUX_KARDEX,17,TIPODOCU,VARCHAR2,2,,,Y
SYSTEM,BAK_AUX_KARDEX,18,ID_CLIENTE_PROVEEDOR,VARCHAR2,20,,,Y
SYSTEM,BAK_AUX_KARDEX,19,NUMEDIAR,NUMBER,22,,,Y
SYSTEM,BAK_AUX_KARDEX,20,NOMBRE,VARCHAR2,200,,,Y
SYSTEM,BAK_AUX_KARDEX,21,OFICINA,VARCHAR2,3,,,Y
SYSTEM,BAK_AUX_KARDEX,22,DTMV_ID,NUMBER,22,,,Y
SYSTEM,BAK_AUX_KARDEX,23,SECC_CODISECC,VARCHAR2,10,,,Y
SYSTEM,BAK_AUX_KARDEX,24,CODIPERC,VARCHAR2,40,,,Y
SYSTEM,BAK_AUX_KARDEX22AGO,1,FILA,NUMBER,22,,,Y
SYSTEM,BAK_AUX_KARDEX22AGO,2,COD,NUMBER,22,,,Y
SYSTEM,BAK_AUX_KARDEX22AGO,3,REFER,VARCHAR2,3,,,Y
SYSTEM,BAK_AUX_KARDEX22AGO,4,FECHA,DATE,7,,,Y
SYSTEM,BAK_AUX_KARDEX22AGO,5,ARTL_ARTICULO,VARCHAR2,30,,,Y
SYSTEM,BAK_AUX_KARDEX22AGO,6,NUMERO,VARCHAR2,40,,,Y
SYSTEM,BAK_AUX_KARDEX22AGO,7,SECC_CODIBODE,VARCHAR2,5,,,Y
SYSTEM,BAK_AUX_KARDEX22AGO,8,CANTIDAD,NUMBER,22,,,Y
SYSTEM,BAK_AUX_KARDEX22AGO,9,COSTUNIT,NUMBER,22,18,8,Y
SYSTEM,BAK_AUX_KARDEX22AGO,10,VALOR,NUMBER,22,20,8,Y
SYSTEM,BAK_AUX_KARDEX22AGO,11,PRECUNIT,NUMBER,22,16,4,Y
SYSTEM,BAK_AUX_KARDEX22AGO,12,SALDO,NUMBER,22,,,Y
SYSTEM,BAK_AUX_KARDEX22AGO,13,ARTL_CODIGRUP,VARCHAR2,20,,,Y
SYSTEM,BAK_AUX_KARDEX22AGO,14,ARTL_CLASE,VARCHAR2,20,,,Y
SYSTEM,BAK_AUX_KARDEX22AGO,15,CODITRAN,VARCHAR2,5,,,Y
SYSTEM,BAK_AUX_KARDEX22AGO,16,PRODUCTO,VARCHAR2,3,,,Y
SYSTEM,BAK_AUX_KARDEX22AGO,17,TIPODOCU,VARCHAR2,2,,,Y
SYSTEM,BAK_AUX_KARDEX22AGO,18,ID_CLIENTE_PROVEEDOR,VARCHAR2,20,,,Y
SYSTEM,BAK_AUX_KARDEX22AGO,19,NUMEDIAR,NUMBER,22,,,Y
SYSTEM,BAK_AUX_KARDEX22AGO,20,NOMBRE,VARCHAR2,200,,,Y
SYSTEM,BAK_AUX_KARDEX22AGO,21,OFICINA,VARCHAR2,3,,,Y
SYSTEM,BAK_AUX_KARDEX22AGO,22,DTMV_ID,NUMBER,22,,,Y
SYSTEM,BAK_AUX_KARDEX22AGO,23,SECC_CODISECC,VARCHAR2,10,,,Y
SYSTEM,BAK_AUX_KARDEX22AGO,24,CODIPERC,VARCHAR2,40,,,Y
SYSTEM,BAK_AUX_VENTASFAMP,1,FACTURA,VARCHAR2,50,,,Y
SYSTEM,BAK_AUX_VENTASFAMP,2,SERIE,VARCHAR2,50,,,Y
SYSTEM,BAK_AUX_VENTASFAMP,3,TIPOVENTA,VARCHAR2,50,,,Y
SYSTEM,BAK_AUX_VENTASFAMP,4,TIPO,VARCHAR2,50,,,Y
SYSTEM,BAK_AUX_VENTASFAMP,5,EJERCICIO,VARCHAR2,50,,,Y
SYSTEM,BAK_AUX_VENTASFAMP,6,PERIODO,VARCHAR2,50,,,Y
SYSTEM,BAK_AUX_VENTASFAMP,7,CODIGOCLIENTE,VARCHAR2,50,,,Y
SYSTEM,BAK_AUX_VENTASFAMP,8,RAZONSOCIAL,VARCHAR2,300,,,Y
SYSTEM,BAK_AUX_VENTASFAMP,9,RUC,VARCHAR2,50,,,Y
SYSTEM,BAK_AUX_VENTASFAMP,10,FECHA,VARCHAR2,50,,,Y
SYSTEM,BAK_AUX_VENTASFAMP,11,SUBTOTAL,NUMBER,22,,,Y
SYSTEM,BAK_AUX_VENTASFAMP,12,TOTAL,NUMBER,22,,,Y
SYSTEM,BAK_AUX_VENTASFAMP,13,CODIGOVENDEDOR,VARCHAR2,50,,,Y
SYSTEM,BAK_AUX_VENTASFAMP,14,CODIGOCREDITO,VARCHAR2,50,,,Y
SYSTEM,BAK_AUX_VENTASFAMP,15,CODIGOBODEGA,VARCHAR2,50,,,Y
SYSTEM,BAK_AUX_VENTASFAMP,16,CODIGOPRODUCTO,VARCHAR2,50,,,Y
SYSTEM,BAK_AUX_VENTASFAMP,17,PRODUCTO,VARCHAR2,300,,,Y
SYSTEM,BAK_AUX_VENTASFAMP,18,CODIGOUNIDAD,VARCHAR2,50,,,Y
SYSTEM,BAK_AUX_VENTASFAMP,19,CANTIDAD,NUMBER,22,,,Y
SYSTEM,BAK_AUX_VENTASFAMP,20,TOTALRENGLON,NUMBER,22,,,Y
SYSTEM,BAK_AUX_VENTASFAMP,21,ESTADO,VARCHAR2,50,,,Y
SYSTEM,BAK_VEN_BODEDATO,1,VBOD_ID,NUMBER,22,10,0,N
SYSTEM,BAK_VEN_BODEDATO,2,COMPANIA,VARCHAR2,10,,,Y
SYSTEM,BAK_VEN_BODEDATO,3,OFCN_OFICINA,VARCHAR2,3,,,Y
SYSTEM,BAK_VEN_BODEDATO,4,DESC_OFICINA,VARCHAR2,120,,,Y
SYSTEM,BAK_VEN_BODEDATO,5,FECHA,DATE,7,,,Y
SYSTEM,BAK_VEN_BODEDATO,6,DIA,VARCHAR2,2,,,Y
SYSTEM,BAK_VEN_BODEDATO,7,MES,VARCHAR2,3,,,Y
SYSTEM,BAK_VEN_BODEDATO,8,MESP,VARCHAR2,5,,,Y
SYSTEM,BAK_VEN_BODEDATO,9,SEMANA,VARCHAR2,1,,,Y
SYSTEM,BAK_VEN_BODEDATO,10,ANIO,VARCHAR2,4,,,Y
SYSTEM,BAK_VEN_BODEDATO,11,TIPO_DOCUMENTO,VARCHAR2,20,,,Y
SYSTEM,BAK_VEN_BODEDATO,12,IDCLIENTE,NUMBER,22,10,0,Y
SYSTEM,BAK_VEN_BODEDATO,13,CEDURUC,VARCHAR2,30,,,Y
SYSTEM,BAK_VEN_BODEDATO,14,CLIENTE,VARCHAR2,100,,,Y
SYSTEM,BAK_VEN_BODEDATO,15,CLTE_IDCLIENTE,VARCHAR2,10,,,Y
SYSTEM,BAK_VEN_BODEDATO,16,CLTE_NOMBRE,VARCHAR2,100,,,Y
SYSTEM,BAK_VEN_BODEDATO,17,ZONA_CODIZONA,VARCHAR2,10,,,Y
SYSTEM,BAK_VEN_BODEDATO,18,ZONA,VARCHAR2,50,,,Y
SYSTEM,BAK_VEN_BODEDATO,19,CODICANT,VARCHAR2,3,,,Y
SYSTEM,BAK_VEN_BODEDATO,20,CANTON,VARCHAR2,60,,,Y
SYSTEM,BAK_VEN_BODEDATO,21,VNDR_CODIGO,VARCHAR2,10,,,Y
SYSTEM,BAK_VEN_BODEDATO,22,VENDEDOR,VARCHAR2,100,,,Y
SYSTEM,BAK_VEN_BODEDATO,23,SERIE,VARCHAR2,6,,,Y
SYSTEM,BAK_VEN_BODEDATO,24,NUMERO,NUMBER,22,10,0,Y
SYSTEM,BAK_VEN_BODEDATO,25,SERIE_NC,VARCHAR2,6,,,Y
SYSTEM,BAK_VEN_BODEDATO,26,NUMERO_NC,NUMBER,22,,,Y
SYSTEM,BAK_VEN_BODEDATO,27,FECHVCTO,DATE,7,,,Y
SYSTEM,BAK_VEN_BODEDATO,28,REFER,VARCHAR2,30,,,Y
SYSTEM,BAK_VEN_BODEDATO,29,ARTL_CLASE,VARCHAR2,20,,,Y
SYSTEM,BAK_VEN_BODEDATO,30,DESC_CLASINVE,VARCHAR2,120,,,Y
SYSTEM,BAK_VEN_BODEDATO,31,ARTL_CODIGRUP,VARCHAR2,20,,,Y
SYSTEM,BAK_VEN_BODEDATO,32,DESC_GRUPARTI,VARCHAR2,120,,,Y
SYSTEM,BAK_VEN_BODEDATO,33,ARTL_ARTICULO,VARCHAR2,30,,,Y
SYSTEM,BAK_VEN_BODEDATO,34,ARTICULO,VARCHAR2,100,,,Y
SYSTEM,BAK_VEN_BODEDATO,35,LINEA,VARCHAR2,120,,,Y
SYSTEM,BAK_VEN_BODEDATO,36,SUBLINEA,VARCHAR2,120,,,Y
SYSTEM,BAK_VEN_BODEDATO,37,EXCEPCION,VARCHAR2,120,,,Y
SYSTEM,BAK_VEN_BODEDATO,38,UMED_UNIDMEDI,VARCHAR2,5,,,Y
SYSTEM,BAK_VEN_BODEDATO,39,TALLA,VARCHAR2,60,,,Y
SYSTEM,BAK_VEN_BODEDATO,40,PESO,NUMBER,22,20,5,Y
SYSTEM,BAK_VEN_BODEDATO,41,CANTIDAD,NUMBER,22,20,5,Y
SYSTEM,BAK_VEN_BODEDATO,42,KILOS,NUMBER,22,20,5,Y
SYSTEM,BAK_VEN_BODEDATO,43,TONELADAS,NUMBER,22,20,5,Y
SYSTEM,BAK_VEN_BODEDATO,44,SACOS,NUMBER,22,20,5,Y
SYSTEM,BAK_VEN_BODEDATO,45,VALOR,NUMBER,22,20,5,Y
SYSTEM,BAK_VEN_BODEDATO,46,DESCUENTO,NUMBER,22,20,5,Y
SYSTEM,BAK_VEN_BODEDATO,47,PORCDESC,NUMBER,22,20,5,Y
SYSTEM,BAK_VEN_BODEDATO,48,IVA,NUMBER,22,20,5,Y
SYSTEM,BAK_VEN_BODEDATO,49,TASAIVA,NUMBER,22,20,5,Y
SYSTEM,BAK_VEN_BODEDATO,50,COSTO,NUMBER,22,,,Y
SYSTEM,BAK_VEN_BODEDATO,51,FACTOR_UTILIDAD,NUMBER,22,,,Y
SYSTEM,BAK_VEN_BODEDATO,52,UTILIDAD,NUMBER,22,,,Y
SYSTEM,BAK_VEN_BODEDATO,53,PRESUPUESTO,NUMBER,22,20,5,Y
SYSTEM,BAK_VEN_BODEDATO,54,PRECUNIT,NUMBER,22,,,Y
SYSTEM,BAK_VEN_BODEDATO,55,COSTUNIT,NUMBER,22,,,Y
SYSTEM,BAK_VEN_BODEDATO,56,USUACREA,VARCHAR2,20,,,N
SYSTEM,BAK_VEN_BODEDATO,57,FECHCREA,DATE,7,,,N
SYSTEM,BAK_VEN_BODEDATO,58,USUACTUA,VARCHAR2,20,,,Y
SYSTEM,BAK_VEN_BODEDATO,59,FECHACTU,DATE,7,,,Y
SYSTEM,BAN_ARCHIVOS,1,TACR_CODITARJ,VARCHAR2,10,,,Y
SYSTEM,BAN_ARCHIVOS,2,BNAR_ID,NUMBER,22,10,0,N
SYSTEM,BAN_ARCHIVOS,3,NOMBRE,VARCHAR2,50,,,N
SYSTEM,BAN_ARCHIVOS,4,VIGENTE,VARCHAR2,1,,,N
SYSTEM,BAN_ARCHIVOS,5,USUACREA,VARCHAR2,20,,,N
SYSTEM,BAN_ARCHIVOS,6,FECHCREA,DATE,7,,,N
SYSTEM,BAN_ARCHIVOS,7,USUACTUA,VARCHAR2,20,,,Y
SYSTEM,BAN_ARCHIVOS,8,FECHACTU,DATE,7,,,Y
SYSTEM,BAN_ARCHIVOS,9,CBAN_CODIGO,VARCHAR2,30,,,Y
SYSTEM,BAN_ARCHIVOS,10,CBAN_COMPANIA,VARCHAR2,10,,,Y
SYSTEM,BAN_ARCHIVOS,11,CBAN_CATALOGO,VARCHAR2,2,,,Y
SYSTEM,BAN_ARCHIVOS,12,BNTA_TIPO,VARCHAR2,3,,,N
SYSTEM,BAN_CTABANCARIA,1,CTAS_COMPANIA,VARCHAR2,10,,,N
SYSTEM,BAN_CTABANCARIA,2,CTAS_CATALOGO,VARCHAR2,2,,,N
SYSTEM,BAN_CTABANCARIA,3,CTAS_CODIGO,VARCHAR2,30,,,N
SYSTEM,BAN_CTABANCARIA,4,NOMBRE,VARCHAR2,80,,,N
SYSTEM,BAN_CTABANCARIA,5,CUENTA,VARCHAR2,40,,,N
SYSTEM,BAN_CTABANCARIA,6,CORRAHOR,VARCHAR2,1,,,N
SYSTEM,BAN_CTABANCARIA,7,LIMIGIRA,NUMBER,22,15,2,Y
SYSTEM,BAN_CTABANCARIA,8,GIRADO,NUMBER,22,15,2,Y
SYSTEM,BAN_CTABANCARIA,9,ORDEN,NUMBER,22,1,0,Y
SYSTEM,BAN_CTABANCARIA,10,NUMECHEQ,NUMBER,22,10,0,N
SYSTEM,BAN_CTABANCARIA,11,NUMEDEPO,NUMBER,22,10,0,N
SYSTEM,BAN_CTABANCARIA,12,NUMEND,NUMBER,22,10,0,N
SYSTEM,BAN_CTABANCARIA,13,NUMENC,NUMBER,22,10,0,N
SYSTEM,BAN_CTABANCARIA,14,NOMBCORT,VARCHAR2,10,,,Y
SYSTEM,BAN_CTABANCARIA,15,NUMETRDE,NUMBER,22,10,0,N
SYSTEM,BAN_CTABANCARIA,16,NUMETRNC,NUMBER,22,10,0,N
SYSTEM,BAN_CTABANCARIA,17,VIGENTE,VARCHAR2,1,,,N
SYSTEM,BAN_CTABANCARIA,18,FECHCREA,DATE,7,,,N
SYSTEM,BAN_CTABANCARIA,19,USUACREA,VARCHAR2,20,,,N
SYSTEM,BAN_CTABANCARIA,20,FECHACTU,DATE,7,,,Y
SYSTEM,BAN_CTABANCARIA,21,USUACTUA,VARCHAR2,20,,,Y
SYSTEM,BAN_CTABANCARIA,22,BANC_IDBANCO,VARCHAR2,10,,,Y
SYSTEM,BAN_DEPOPROT,1,CHQE_CHQE_ID,NUMBER,22,10,0,N
SYSTEM,BAN_DEPOPROT,2,COMIPROT,VARCHAR2,300,,,Y
SYSTEM,BAN_DEPOPROT,3,DPPR_ID,NUMBER,22,10,0,N
SYSTEM,BAN_DEPOPROT,4,MTPR_MOTIPRO,VARCHAR2,2,,,Y
SYSTEM,BAN_DEPOPROT,5,TBAN_COMPANIA,VARCHAR2,10,,,N
SYSTEM,BAN_DEPOPROT,6,TBAN_CATALOGO,VARCHAR2,2,,,N
SYSTEM,BAN_DEPOPROT,7,TBAN_CODIGO,VARCHAR2,30,,,N
SYSTEM,BAN_DEPOPROT,8,TBAN_NUMERO,NUMBER,22,10,0,N
SYSTEM,BAN_DEPOPROT,9,TBAN_TIPODOCU,VARCHAR2,2,,,N
SYSTEM,BAN_DEPOPROT,10,FECHCREA,DATE,7,,,N
SYSTEM,BAN_DEPOPROT,11,USUACREA,VARCHAR2,20,,,N
SYSTEM,BAN_DEPOPROT,12,FECHACTU,DATE,7,,,Y
SYSTEM,BAN_DEPOPROT,13,USUACTUA,VARCHAR2,20,,,Y
SYSTEM,BAN_DEPOTRAN,1,DTRA_ID,NUMBER,22,10,0,N
SYSTEM,BAN_DEPOTRAN,2,VALOR,NUMBER,22,15,2,N
SYSTEM,BAN_DEPOTRAN,3,EGEN_ESTADO,VARCHAR2,2,,,N
SYSTEM,BAN_DEPOTRAN,4,TBAN_COMPANIA,VARCHAR2,10,,,N
SYSTEM,BAN_DEPOTRAN,5,TBAN_CATALOGO,VARCHAR2,2,,,N
SYSTEM,BAN_DEPOTRAN,6,TBAN_CODIGO,VARCHAR2,30,,,N
SYSTEM,BAN_DEPOTRAN,7,TBAN_NUMERO,NUMBER,22,10,0,N
SYSTEM,BAN_DEPOTRAN,8,TBAN_TIPODOCU,VARCHAR2,2,,,N
SYSTEM,BAN_DEPOTRAN,9,ASTO_COMPANIA,VARCHAR2,10,,,Y
SYSTEM,BAN_DEPOTRAN,10,ASTO_NUMEDIAR,NUMBER,22,10,0,Y
SYSTEM,BAN_DEPOTRAN,11,FECHCREA,DATE,7,,,N
SYSTEM,BAN_DEPOTRAN,12,USUACREA,VARCHAR2,20,,,N
SYSTEM,BAN_DEPOTRAN,13,FECHACTU,DATE,7,,,Y
SYSTEM,BAN_DEPOTRAN,14,USUACTUA,VARCHAR2,20,,,Y
SYSTEM,BAN_DEPOTRAN,15,DESCRIPC,VARCHAR2,400,,,Y
SYSTEM,BAN_DEPOTRAN,16,CHQE_CHQE_ID,NUMBER,22,10,0,Y
SYSTEM,BAN_HISTCONC,1,HCNC_ID,NUMBER,22,,,N
SYSTEM,BAN_HISTCONC,2,CBAN_COMPANIA,VARCHAR2,10,,,Y
SYSTEM,BAN_HISTCONC,3,CBAN_CATALOGO,VARCHAR2,2,,,Y
SYSTEM,BAN_HISTCONC,4,CBAN_CODIGO,VARCHAR2,30,,,Y
SYSTEM,BAN_HISTCONC,5,TPDC_TIPODOCU,VARCHAR2,2,,,Y
SYSTEM,BAN_HISTCONC,6,NUMERO,NUMBER,22,10,0,Y
SYSTEM,BAN_HISTCONC,7,FECHA,DATE,7,,,Y
SYSTEM,BAN_HISTCONC,8,BENEFICI,VARCHAR2,300,,,Y
SYSTEM,BAN_HISTCONC,9,IMPORTE,NUMBER,22,15,2,N
SYSTEM,BAN_HISTCONC,10,DESCRIPC,VARCHAR2,4000,,,Y
SYSTEM,BAN_HISTCONC,11,ENTREGA,VARCHAR2,1,,,Y
SYSTEM,BAN_HISTCONC,12,OBS,VARCHAR2,2000,,,Y
SYSTEM,BAN_HISTCONC,13,FECHCONC,DATE,7,,,Y
SYSTEM,BAN_HISTCONC,14,IMPRESO,VARCHAR2,1,,,Y
SYSTEM,BAN_HISTCONC,15,VALOMONE,NUMBER,22,15,2,Y
SYSTEM,BAN_HISTCONC,16,CODISEGU,VARCHAR2,20,,,Y
SYSTEM,BAN_HISTCONC,17,FECHENTR,DATE,7,,,Y
SYSTEM,BAN_HISTCONC,18,FEDEPTRA,DATE,7,,,Y
SYSTEM,BAN_HISTCONC,19,ASTO_COMPANIA,VARCHAR2,10,,,Y
SYSTEM,BAN_HISTCONC,20,ASTO_NUMEDIAR,NUMBER,22,10,0,Y
SYSTEM,BAN_HISTCONC,21,EGEN_ESTADO,VARCHAR2,2,,,Y
SYSTEM,BAN_HISTCONC,22,MONE_MONEDA,VARCHAR2,5,,,Y
SYSTEM,BAN_HISTCONC,23,OFCN_COMPANIA,VARCHAR2,10,,,Y
SYSTEM,BAN_HISTCONC,24,OFCN_OFICINA,VARCHAR2,3,,,Y
SYSTEM,BAN_HISTCONC,25,BANC_IDBANCO,VARCHAR2,20,,,Y
SYSTEM,BAN_HISTCONC,26,REFER,VARCHAR2,30,,,Y
SYSTEM,BAN_HISTCONC,27,FECHCREA,DATE,7,,,N
SYSTEM,BAN_HISTCONC,28,USUACREA,VARCHAR2,20,,,N
SYSTEM,BAN_HISTCONC,29,FECHACTU,DATE,7,,,Y
SYSTEM,BAN_HISTCONC,30,USUACTUA,VARCHAR2,20,,,Y
SYSTEM,BAN_HISTCONC,31,CONCILIA,VARCHAR2,1,,,N
SYSTEM,BAN_HISTTRAN,1,HCBN_ID,NUMBER,22,10,0,N
SYSTEM,BAN_HISTTRAN,2,DESCRIPC,VARCHAR2,4000,,,Y
SYSTEM,BAN_HISTTRAN,3,FECHCONC,DATE,7,,,Y
SYSTEM,BAN_HISTTRAN,4,NUMECUEN,VARCHAR2,20,,,Y
SYSTEM,BAN_HISTTRAN,5,REFERENC,VARCHAR2,100,,,Y
SYSTEM,BAN_HISTTRAN,6,TIPOTRAN,VARCHAR2,20,,,Y
SYSTEM,BAN_HISTTRAN,7,FECHPROC,DATE,7,,,Y
SYSTEM,BAN_HISTTRAN,8,IDTRNSCCN,NUMBER,22,,,Y
SYSTEM,BAN_HISTTRAN,9,FECHTRAN,DATE,7,,,Y
SYSTEM,BAN_HISTTRAN,10,VALOR,NUMBER,22,22,4,Y
SYSTEM,BAN_HISTTRAN,11,ASTO_NUMEDIAR,NUMBER,22,10,0,N
SYSTEM,BAN_HISTTRAN,12,BANC_IDBANCO,VARCHAR2,10,,,Y
SYSTEM,BAN_HISTTRAN,13,MONE_MONEDA,VARCHAR2,5,,,N
SYSTEM,BAN_HISTTRAN,14,CLTE_IDCLIENTE,NUMBER,22,10,0,N
SYSTEM,BAN_HISTTRAN,15,EGEN_ESTADO,VARCHAR2,2,,,N
SYSTEM,BAN_HISTTRAN,16,USUACREA,VARCHAR2,20,,,N
SYSTEM,BAN_HISTTRAN,17,FECHCREA,DATE,7,,,N
SYSTEM,BAN_HISTTRAN,18,USUACTUA,VARCHAR2,20,,,Y
SYSTEM,BAN_HISTTRAN,19,FECHACTU,DATE,7,,,Y
SYSTEM,BAN_HISTTRAN,20,ASTO_COMPANIA,VARCHAR2,10,,,N
SYSTEM,BAN_HISTTRAN,21,CLTE_COMPANIA,VARCHAR2,10,,,N
SYSTEM,BAN_HISTTRAN,22,TACR_CODITARJ,VARCHAR2,10,,,Y
SYSTEM,BAN_MOTIPROT,1,MOTIPRO,VARCHAR2,2,,,N
SYSTEM,BAN_MOTIPROT,2,DESCRIPC,VARCHAR2,300,,,N
SYSTEM,BAN_MOTIPROT,3,FECHCREA,DATE,7,,,N
SYSTEM,BAN_MOTIPROT,4,USUACREA,VARCHAR2,20,,,N
SYSTEM,BAN_MOTIPROT,5,FECHACTU,DATE,7,,,Y
SYSTEM,BAN_MOTIPROT,6,USUACTUA,VARCHAR2,20,,,Y
SYSTEM,BAN_MOVIBANC,1,MVBC_ID,NUMBER,22,,,N
SYSTEM,BAN_MOVIBANC,2,COMPANIA,VARCHAR2,10,,,N
SYSTEM,BAN_MOVIBANC,3,CODIBANC,VARCHAR2,30,,,N
SYSTEM,BAN_MOVIBANC,4,DOCUBANC,VARCHAR2,100,,,Y
SYSTEM,BAN_MOVIBANC,5,ESDEBITO,VARCHAR2,1,,,N
SYSTEM,BAN_MOVIBANC,6,FECHA,DATE,7,,,N
SYSTEM,BAN_MOVIBANC,7,FECHCOMPR,DATE,7,,,Y
SYSTEM,BAN_MOVIBANC,8,BENEFICI,VARCHAR2,300,,,Y
SYSTEM,BAN_MOVIBANC,9,VALOR,NUMBER,22,18,2,N
SYSTEM,BAN_MOVIBANC,10,DESCRIPC,VARCHAR2,4000,,,Y
SYSTEM,BAN_MOVIBANC,11,ESTADO,VARCHAR2,10,,,Y
SYSTEM,BAN_MOVIBANC,12,SECUENCIAL_FNC,VARCHAR2,240,,,Y
SYSTEM,BAN_MOVIBANC,13,OFICINA,VARCHAR2,3,,,Y
SYSTEM,BAN_MOVIBANC,14,FECHCONC,DATE,7,,,Y
SYSTEM,BAN_MOVIBANC,15,REFER,VARCHAR2,30,,,Y
SYSTEM,BAN_MOVIBANC,16,FECHCREA,DATE,7,,,N
SYSTEM,BAN_MOVIBANC,17,USUACREA,VARCHAR2,20,,,N
SYSTEM,BAN_MOVIBANC,18,FECHACTU,DATE,7,,,Y
SYSTEM,BAN_MOVIBANC,19,USUACTUA,VARCHAR2,20,,,Y
SYSTEM,BAN_MOVIBANC,20,CONCILIA,VARCHAR2,1,,,N
SYSTEM,BAN_MOVIBANC,21,VCHAR1,VARCHAR2,500,,,Y
SYSTEM,BAN_MOVIBANC,22,VCHAR2,VARCHAR2,500,,,Y
SYSTEM,BAN_MOVIBANC,23,VCHAR3,VARCHAR2,500,,,Y
SYSTEM,BAN_MOVIBANC,24,VCHAR4,VARCHAR2,500,,,Y
SYSTEM,BAN_MOVIBANC,25,VCHAR5,VARCHAR2,500,,,Y
SYSTEM,BAN_MOVIBANC,26,NUMBER1,NUMBER,22,,,Y
SYSTEM,BAN_MOVIBANC,27,NUMBER2,NUMBER,22,,,Y
SYSTEM,BAN_MOVIBANC,28,NUMBER3,NUMBER,22,,,Y
SYSTEM,BAN_MOVIBANC,29,NUMBER4,NUMBER,22,,,Y
SYSTEM,BAN_MOVIBANC,30,NUMBER5,NUMBER,22,,,Y
SYSTEM,BAN_REGIDEBI,1,BRDB_ID,NUMBER,22,10,0,N
SYSTEM,BAN_REGIDEBI,2,FECHDEBI,DATE,7,,,N
SYSTEM,BAN_REGIDEBI,3,FECHTRAN,DATE,7,,,N
SYSTEM,BAN_REGIDEBI,4,PROBLEMA,VARCHAR2,500,,,N
SYSTEM,BAN_REGIDEBI,5,IDCLIENTE,NUMBER,22,10,0,N
SYSTEM,BAN_REGIDEBI,6,COMPANIA,VARCHAR2,10,,,N
SYSTEM,BAN_REGIDEBI,7,BANCO,VARCHAR2,60,,,Y
SYSTEM,BAN_REGIDEBI,8,TARJETA,VARCHAR2,60,,,Y
SYSTEM,BAN_REGIDEBI,9,ARCHIVO,VARCHAR2,50,,,Y
SYSTEM,BAN_REGIDEBI,10,USUACREA,VARCHAR2,20,,,N
SYSTEM,BAN_REGIDEBI,11,FECHCREA,DATE,7,,,N
SYSTEM,BAN_REGIDEBI,12,USUACTUA,VARCHAR2,20,,,Y
SYSTEM,BAN_REGIDEBI,13,FECHACTU,DATE,7,,,Y
SYSTEM,BAN_REPOBANC,1,OFICINA,VARCHAR2,3,,,Y
SYSTEM,BAN_REPOBANC,2,RPBC_ID,NUMBER,22,,,N
SYSTEM,BAN_REPOBANC,3,COMPANIA,VARCHAR2,10,,,Y
SYSTEM,BAN_REPOBANC,4,CONCILIA,VARCHAR2,1,,,N
SYSTEM,BAN_REPOBANC,5,CATALOGO,VARCHAR2,2,,,Y
SYSTEM,BAN_REPOBANC,6,CODIGO,VARCHAR2,30,,,Y
SYSTEM,BAN_REPOBANC,7,NUMERO,NUMBER,22,10,0,Y
SYSTEM,BAN_REPOBANC,8,ESTADO,VARCHAR2,2,,,N
SYSTEM,BAN_REPOBANC,9,FECHAC,DATE,7,,,Y
SYSTEM,BAN_REPOBANC,10,FECHA,DATE,7,,,N
SYSTEM,BAN_REPOBANC,11,FECHAT,DATE,7,,,N
SYSTEM,BAN_REPOBANC,12,DESCRIPC,VARCHAR2,500,,,N
SYSTEM,BAN_REPOBANC,13,TIPO,VARCHAR2,1,,,N
SYSTEM,BAN_REPOBANC,14,IDREFERBANC,VARCHAR2,50,,,N
SYSTEM,BAN_REPOBANC,15,SIGNO,VARCHAR2,1,,,Y
SYSTEM,BAN_REPOBANC,16,VALOR,NUMBER,22,15,2,N
SYSTEM,BAN_REPOBANC,17,AGENCIA,VARCHAR2,300,,,Y
SYSTEM,BAN_REPOBANC,18,FECHCREA,DATE,7,,,N
SYSTEM,BAN_REPOBANC,19,FECHACTU,DATE,7,,,Y
SYSTEM,BAN_REPOBANC,20,USUACREA,VARCHAR2,20,,,N
SYSTEM,BAN_REPOBANC,21,USUACTUA,VARCHAR2,20,,,Y
SYSTEM,BAN_REPOBANC,22,NUMBER1,NUMBER,22,,,Y
SYSTEM,BAN_REPOBANC,23,NUMBER2,NUMBER,22,,,Y
SYSTEM,BAN_REPOBANC,24,NUMBER3,NUMBER,22,,,Y
SYSTEM,BAN_REPOBANC,25,NUMBER4,NUMBER,22,,,Y
SYSTEM,BAN_REPOBANC,26,NUMBER5,NUMBER,22,,,Y
SYSTEM,BAN_REPOBANC,27,VCHAR1,VARCHAR2,500,,,Y
SYSTEM,BAN_REPOBANC,28,VCHAR2,VARCHAR2,500,,,Y
SYSTEM,BAN_REPOBANC,29,VCHAR3,VARCHAR2,500,,,Y
SYSTEM,BAN_REPOBANC,30,VCHAR4,VARCHAR2,500,,,Y
SYSTEM,BAN_REPOBANC,31,VCHAR5,VARCHAR2,500,,,Y
SYSTEM,BAN_REPOBANC,32,TIPODOCU,VARCHAR2,5,,,Y
SYSTEM,BAN_TEMPCONC,1,OFCN_OFICINA,VARCHAR2,3,,,N
SYSTEM,BAN_TEMPCONC,2,OFCN_COMPANIA,VARCHAR2,10,,,N
SYSTEM,BAN_TEMPCONC,3,CBAN_COMPANIA,VARCHAR2,10,,,Y
SYSTEM,BAN_TEMPCONC,4,CONCILIA,VARCHAR2,1,,,N
SYSTEM,BAN_TEMPCONC,5,CBAN_CATALOGO,VARCHAR2,2,,,Y
SYSTEM,BAN_TEMPCONC,6,CBAN_CODIGO,VARCHAR2,30,,,Y
SYSTEM,BAN_TEMPCONC,7,TBAN_TIPODOCU,VARCHAR2,2,,,Y
SYSTEM,BAN_TEMPCONC,8,TBAN_CODIGO,VARCHAR2,30,,,Y
SYSTEM,BAN_TEMPCONC,9,TBAN_CATALOGO,VARCHAR2,2,,,Y
SYSTEM,BAN_TEMPCONC,10,TBAN_COMPANIA,VARCHAR2,10,,,Y
SYSTEM,BAN_TEMPCONC,11,TBAN_NUMERO,NUMBER,22,10,0,Y
SYSTEM,BAN_TEMPCONC,12,EGEN_ESTADO,VARCHAR2,2,,,N
SYSTEM,BAN_TEMPCONC,13,TMCN_ID,NUMBER,22,10,0,N
SYSTEM,BAN_TEMPCONC,14,FECHAC,DATE,7,,,Y
SYSTEM,BAN_TEMPCONC,15,FECHA,DATE,7,,,N
SYSTEM,BAN_TEMPCONC,16,FECHAT,DATE,7,,,N
SYSTEM,BAN_TEMPCONC,17,DESCRIPC,VARCHAR2,500,,,N
SYSTEM,BAN_TEMPCONC,18,TIPO,VARCHAR2,1,,,N
SYSTEM,BAN_TEMPCONC,19,IDREFERBANC,VARCHAR2,50,,,N
SYSTEM,BAN_TEMPCONC,20,SIGNO,VARCHAR2,1,,,Y
SYSTEM,BAN_TEMPCONC,21,VALOR,NUMBER,22,15,2,N
SYSTEM,BAN_TEMPCONC,22,AGENCIA,VARCHAR2,300,,,Y
SYSTEM,BAN_TEMPCONC,23,FECHCREA,DATE,7,,,N
SYSTEM,BAN_TEMPCONC,24,FECHACTU,DATE,7,,,Y
SYSTEM,BAN_TEMPCONC,25,USUACREA,VARCHAR2,20,,,N
SYSTEM,BAN_TEMPCONC,26,USUACTUA,VARCHAR2,20,,,Y
SYSTEM,BAN_TEMPCONC,27,NUMBER1,NUMBER,22,,,Y
SYSTEM,BAN_TEMPCONC,28,NUMBER2,NUMBER,22,,,Y
SYSTEM,BAN_TEMPCONC,29,NUMBER3,NUMBER,22,,,Y
SYSTEM,BAN_TEMPCONC,30,NUMBER4,NUMBER,22,,,Y
SYSTEM,BAN_TEMPCONC,31,NUMBER5,NUMBER,22,,,Y
SYSTEM,BAN_TEMPCONC,32,VCHAR1,VARCHAR2,500,,,Y
SYSTEM,BAN_TEMPCONC,33,VCHAR2,VARCHAR2,500,,,Y
SYSTEM,BAN_TEMPCONC,34,VCHAR3,VARCHAR2,500,,,Y
SYSTEM,BAN_TEMPCONC,35,VCHAR4,VARCHAR2,500,,,Y
SYSTEM,BAN_TEMPCONC,36,VCHAR5,VARCHAR2,500,,,Y
SYSTEM,BAN_TEMPCONC,37,TIPODOCU,VARCHAR2,5,,,Y
SYSTEM,BAN_TIPOARCH,1,TIPO,VARCHAR2,3,,,N
SYSTEM,BAN_TIPOARCH,2,CARACTER,VARCHAR2,1,,,N
SYSTEM,BAN_TIPOARCH,3,DESCRIPCION,VARCHAR2,200,,,N
SYSTEM,BAN_TIPOARCH,4,USUACREA,VARCHAR2,20,,,N
SYSTEM,BAN_TIPOARCH,5,FECHCREA,DATE,7,,,N
SYSTEM,BAN_TIPOARCH,6,USUACTUA,VARCHAR2,20,,,Y
SYSTEM,BAN_TIPOARCH,7,FECHACTU,DATE,7,,,Y
SYSTEM,BAN_TRANSBANCA,1,CBAN_COMPANIA,VARCHAR2,10,,,N
SYSTEM,BAN_TRANSBANCA,2,CBAN_CATALOGO,VARCHAR2,2,,,N
SYSTEM,BAN_TRANSBANCA,3,CBAN_CODIGO,VARCHAR2,30,,,N
SYSTEM,BAN_TRANSBANCA,4,TPDC_TIPODOCU,VARCHAR2,2,,,N
SYSTEM,BAN_TRANSBANCA,5,NUMERO,NUMBER,22,10,0,N
SYSTEM,BAN_TRANSBANCA,6,FECHA,DATE,7,,,N
SYSTEM,BAN_TRANSBANCA,7,BENEFICI,VARCHAR2,300,,,Y
SYSTEM,BAN_TRANSBANCA,8,IMPORTE,NUMBER,22,15,2,N
SYSTEM,BAN_TRANSBANCA,9,DESCRIPC,VARCHAR2,4000,,,Y
SYSTEM,BAN_TRANSBANCA,10,ENTREGA,VARCHAR2,1,,,N
SYSTEM,BAN_TRANSBANCA,11,OBS,VARCHAR2,2000,,,Y
SYSTEM,BAN_TRANSBANCA,12,FECHCONC,DATE,7,,,Y
SYSTEM,BAN_TRANSBANCA,13,IMPRESO,VARCHAR2,1,,,N
SYSTEM,BAN_TRANSBANCA,14,VALOMONE,NUMBER,22,15,2,Y
SYSTEM,BAN_TRANSBANCA,15,FECHENTR,DATE,7,,,Y
SYSTEM,BAN_TRANSBANCA,16,FEDEPTRA,DATE,7,,,Y
SYSTEM,BAN_TRANSBANCA,17,ASTO_COMPANIA,VARCHAR2,10,,,N
SYSTEM,BAN_TRANSBANCA,18,ASTO_NUMEDIAR,NUMBER,22,10,0,N
SYSTEM,BAN_TRANSBANCA,19,EGEN_ESTADO,VARCHAR2,2,,,N
SYSTEM,BAN_TRANSBANCA,20,MONE_MONEDA,VARCHAR2,5,,,N
SYSTEM,BAN_TRANSBANCA,21,OFCN_COMPANIA,VARCHAR2,10,,,N
SYSTEM,BAN_TRANSBANCA,22,OFCN_OFICINA,VARCHAR2,3,,,N
SYSTEM,BAN_TRANSBANCA,23,BANC_IDBANCO,VARCHAR2,20,,,Y
SYSTEM,BAN_TRANSBANCA,24,USUAENTR,VARCHAR2,20,,,Y
SYSTEM,BAN_TRANSBANCA,25,REFER,VARCHAR2,30,,,Y
SYSTEM,BAN_TRANSBANCA,26,FECHCREA,DATE,7,,,N
SYSTEM,BAN_TRANSBANCA,27,USUACREA,VARCHAR2,20,,,N
SYSTEM,BAN_TRANSBANCA,28,FECHACTU,DATE,7,,,Y
SYSTEM,BAN_TRANSBANCA,29,USUACTUA,VARCHAR2,20,,,Y
SYSTEM,BAN_TRANSBANCA,30,CONCILIA,VARCHAR2,1,,,N
SYSTEM,BAN_TRANSBANCA,31,CODISEGU,VARCHAR2,20,,,Y
SYSTEM,BAN_TRANSBANCA,32,SECUENCIAL_FNC,NUMBER,22,,,Y
SYSTEM,BAN_TRANSBANCA,33,NUMERO_FNC,NUMBER,22,,,Y
SYSTEM,BAN_TRANSBANCA,34,OFICINA_FNC,VARCHAR2,10,,,Y
SYSTEM,BAN_TRANSBANCA,35,OFICINA_DEST,VARCHAR2,3,,,Y
SYSTEM,BAN_TRANSBANCA,36,VCHAR1,VARCHAR2,500,,,Y
SYSTEM,BAN_TRANSBANCA,37,VCHAR2,VARCHAR2,500,,,Y
SYSTEM,BAN_TRANSBANCA,38,VCHAR3,VARCHAR2,500,,,Y
SYSTEM,BAN_TRANSBANCA,39,VCHAR4,VARCHAR2,500,,,Y
SYSTEM,BAN_TRANSBANCA,40,VCHAR5,VARCHAR2,500,,,Y
SYSTEM,BAN_TRANSBANCA,41,NUMBER1,NUMBER,22,,,Y
SYSTEM,BAN_TRANSBANCA,42,NUMBER2,NUMBER,22,,,Y
SYSTEM,BAN_TRANSBANCA,43,NUMBER3,NUMBER,22,,,Y
SYSTEM,BAN_TRANSBANCA,44,NUMBER4,NUMBER,22,,,Y
SYSTEM,BAN_TRANSBANCA,45,NUMBER5,NUMBER,22,,,Y
SYSTEM,CAJ_CHEQUES,1,USUA_IDUSUAR,VARCHAR2,20,,,N
SYSTEM,CAJ_CHEQUES,2,CHQE_ID,NUMBER,22,10,0,N
SYSTEM,CAJ_CHEQUES,3,NUMERO,VARCHAR2,20,,,N
SYSTEM,CAJ_CHEQUES,4,SECUENCI,VARCHAR2,5,,,Y
SYSTEM,CAJ_CHEQUES,5,FECHA,DATE,7,,,N
SYSTEM,CAJ_CHEQUES,6,BENEFICI,VARCHAR2,60,,,Y
SYSTEM,CAJ_CHEQUES,7,IMPORTE,NUMBER,22,15,2,N
SYSTEM,CAJ_CHEQUES,8,DESCRIPC,VARCHAR2,300,,,Y
SYSTEM,CAJ_CHEQUES,9,CIUDAD,VARCHAR2,30,,,Y
SYSTEM,CAJ_CHEQUES,10,NUMECUEN,VARCHAR2,20,,,N
SYSTEM,CAJ_CHEQUES,11,VALOMONE,NUMBER,22,15,2,Y
SYSTEM,CAJ_CHEQUES,12,OBS,VARCHAR2,500,,,Y
SYSTEM,CAJ_CHEQUES,13,BANC_IDBANCO,VARCHAR2,10,,,N
SYSTEM,CAJ_CHEQUES,14,CTAS_COMPANIA,VARCHAR2,10,,,Y
SYSTEM,CAJ_CHEQUES,15,CTAS_CATALOGO,VARCHAR2,2,,,Y
SYSTEM,CAJ_CHEQUES,16,CTAS_CODIGO,VARCHAR2,30,,,Y
SYSTEM,CAJ_CHEQUES,17,EGEN_ESTADO,VARCHAR2,2,,,N
SYSTEM,CAJ_CHEQUES,18,MONE_MONEDA,VARCHAR2,5,,,N
SYSTEM,CAJ_CHEQUES,19,OFCN_COMPANIA,VARCHAR2,10,,,N
SYSTEM,CAJ_CHEQUES,20,OFCN_OFICINA,VARCHAR2,3,,,N
SYSTEM,CAJ_CHEQUES,21,ASTO_NUMEDIAR,NUMBER,22,10,0,Y
SYSTEM,CAJ_CHEQUES,22,ASTO_COMPANIA,VARCHAR2,10,,,Y
SYSTEM,CAJ_CHEQUES,23,PLCB_PLCB_ID,NUMBER,22,10,0,Y
SYSTEM,CAJ_CHEQUES,24,FECHCREA,DATE,7,,,N
SYSTEM,CAJ_CHEQUES,25,USUACREA,VARCHAR2,20,,,N
SYSTEM,CAJ_CHEQUES,26,FECHACTU,DATE,7,,,Y
SYSTEM,CAJ_CHEQUES,27,USUACTUA,VARCHAR2,20,,,Y
SYSTEM,CAJ_CHEQUES,28,CLTE_COMPANIA,VARCHAR2,10,,,Y
SYSTEM,CAJ_CHEQUES,29,CLTE_IDCLIENTE,NUMBER,22,10,0,Y
SYSTEM,CAJ_CHEQUES,30,PTBN_NUMEOPER,NUMBER,22,,,Y
SYSTEM,CAJ_CHEQUES,31,VCHAR1,VARCHAR2,500,,,Y
SYSTEM,CAJ_CHEQUES,32,VCHAR2,VARCHAR2,500,,,Y
SYSTEM,CAJ_CHEQUES,33,VCHAR3,VARCHAR2,500,,,Y
SYSTEM,CAJ_CHEQUES,34,VCHAR4,VARCHAR2,500,,,Y
SYSTEM,CAJ_CHEQUES,35,VCHAR5,VARCHAR2,500,,,Y
SYSTEM,CAJ_CHEQUES,36,NUMBER1,NUMBER,22,,,Y
SYSTEM,CAJ_CHEQUES,37,NUMBER2,NUMBER,22,,,Y
SYSTEM,CAJ_CHEQUES,38,NUMBER3,NUMBER,22,,,Y
SYSTEM,CAJ_CHEQUES,39,NUMBER4,NUMBER,22,,,Y
SYSTEM,CAJ_CHEQUES,40,NUMBER5,NUMBER,22,,,Y
SYSTEM,CAJ_CHEQUES,41,USUAORIG,VARCHAR2,50,,,Y
SYSTEM,CAJ_CHEQUES,42,USUADEST,VARCHAR2,50,,,Y
SYSTEM,CAJ_CHEQUES,43,ESTAORIG,VARCHAR2,50,,,Y
SYSTEM,CAJ_CHEQUES,44,FECHORIG,DATE,7,,,Y
SYSTEM,CAJ_CHEQUES,45,RCCB_NUMERO,VARCHAR2,10,,,Y
SYSTEM,CAJ_CHEQUES,46,CHQE_CHQE_ID,NUMBER,22,10,0,Y
SYSTEM,CAJ_CHEQUES,47,VNDR_CODIGO,VARCHAR2,10,,,Y
SYSTEM,CAJ_CHEQUES,48,VNDR_COMPANIA,VARCHAR2,10,,,Y
SYSTEM,CAJ_CHEQUES,49,VNDR_OFICINA,VARCHAR2,3,,,Y
SYSTEM,CAJ_DENOMINA,1,MONE_MONEDA,VARCHAR2,5,,,N
SYSTEM,CAJ_DENOMINA,2,TIPOMONE,VARCHAR2,2,,,N
SYSTEM,CAJ_DENOMINA,3,DENOMINA,NUMBER,22,10,4,N
SYSTEM,CAJ_DENOMINA,4,DESCRIPC,VARCHAR2,60,,,Y
SYSTEM,CAJ_DENOMINA,5,FECHCREA,DATE,7,,,N
SYSTEM,CAJ_DENOMINA,6,USUACREA,VARCHAR2,20,,,N
SYSTEM,CAJ_DENOMINA,7,FECHACTU,DATE,7,,,Y
SYSTEM,CAJ_DENOMINA,8,USUACTUA,VARCHAR2,20,,,Y
SYSTEM,CAJ_EFECTIVO,1,TRCA_COMPANIA,VARCHAR2,10,,,N
SYSTEM,CAJ_EFECTIVO,2,TRCA_OFICINA,VARCHAR2,3,,,N
SYSTEM,CAJ_EFECTIVO,3,TRCA_TIPODOCU,VARCHAR2,2,,,N
SYSTEM,CAJ_EFECTIVO,4,TRCA_NUMETRAN,NUMBER,22,10,0,N
SYSTEM,CAJ_EFECTIVO,5,DENO_DENOMINA,NUMBER,22,10,4,N
SYSTEM,CAJ_EFECTIVO,6,DENO_MONEDA,VARCHAR2,5,,,N
SYSTEM,CAJ_EFECTIVO,7,DENO_TIPOMONE,VARCHAR2,2,,,N
SYSTEM,CAJ_EFECTIVO,8,CANTIDAD,NUMBER,22,10,0,N
SYSTEM,CAJ_EFECTIVO,9,TOTAL,NUMBER,22,15,2,N
SYSTEM,CAJ_EFECTIVO,10,EFEC_ID,NUMBER,22,10,0,N
SYSTEM,CAJ_EFECTIVO,11,FECHCREA,DATE,7,,,N
SYSTEM,CAJ_EFECTIVO,12,USUACREA,VARCHAR2,20,,,N
SYSTEM,CAJ_EFECTIVO,13,FECHACTU,DATE,7,,,Y
SYSTEM,CAJ_EFECTIVO,14,USUACTUA,VARCHAR2,20,,,Y
SYSTEM,CAJ_OTRSACRE,1,OACR_ID,NUMBER,22,10,0,N
SYSTEM,CAJ_OTRSACRE,2,NUMERO,NUMBER,22,,,N
SYSTEM,CAJ_OTRSACRE,3,NUMECTA,VARCHAR2,50,,,Y
SYSTEM,CAJ_OTRSACRE,4,CEDURUC,VARCHAR2,240,,,Y
SYSTEM,CAJ_OTRSACRE,5,FECHA,DATE,7,,,N
SYSTEM,CAJ_OTRSACRE,6,DESCRIPC,VARCHAR2,3000,,,Y
SYSTEM,CAJ_OTRSACRE,7,IMPORTE,NUMBER,22,15,2,N
SYSTEM,CAJ_OTRSACRE,8,NDOCBANC,VARCHAR2,100,,,N
SYSTEM,CAJ_OTRSACRE,9,USUAUTOR,VARCHAR2,20,,,Y
SYSTEM,CAJ_OTRSACRE,10,FECHPROC,DATE,7,,,Y
SYSTEM,CAJ_OTRSACRE,11,OBSERVAC,VARCHAR2,3000,,,Y
SYSTEM,CAJ_OTRSACRE,12,TRCA_NUMETRAN,NUMBER,22,10,0,Y
SYSTEM,CAJ_OTRSACRE,13,TRCA_OFICINA,VARCHAR2,3,,,Y
SYSTEM,CAJ_OTRSACRE,14,TRCA_COMPANIA,VARCHAR2,10,,,Y
SYSTEM,CAJ_OTRSACRE,15,TRCA_TIPODOCU,VARCHAR2,2,,,Y
SYSTEM,CAJ_OTRSACRE,16,OFCN_COMPANIA,VARCHAR2,10,,,N
SYSTEM,CAJ_OTRSACRE,17,OFCN_OFICINA,VARCHAR2,3,,,N
SYSTEM,CAJ_OTRSACRE,18,EGEN_ESTADO,VARCHAR2,2,,,N
SYSTEM,CAJ_OTRSACRE,19,CBAN_COMPANIA,VARCHAR2,10,,,Y
SYSTEM,CAJ_OTRSACRE,20,CBAN_CODIGO,VARCHAR2,30,,,Y
SYSTEM,CAJ_OTRSACRE,21,CBAN_CATALOGO,VARCHAR2,2,,,Y
SYSTEM,CAJ_OTRSACRE,22,CTAP_CTAP_ID,NUMBER,22,10,0,Y
SYSTEM,CAJ_OTRSACRE,23,FECHCREA,DATE,7,,,N
SYSTEM,CAJ_OTRSACRE,24,USUACREA,VARCHAR2,20,,,N
SYSTEM,CAJ_OTRSACRE,25,FECHACTU,DATE,7,,,Y
SYSTEM,CAJ_OTRSACRE,26,USUACTUA,VARCHAR2,20,,,Y
SYSTEM,CAJ_OTRSACRE,27,NUMBER1,NUMBER,22,,,Y
SYSTEM,CAJ_OTRSACRE,28,NUMBER2,NUMBER,22,,,Y
SYSTEM,CAJ_OTRSACRE,29,NUMBER3,NUMBER,22,,,Y
SYSTEM,CAJ_OTRSACRE,30,NUMBER4,NUMBER,22,,,Y
SYSTEM,CAJ_OTRSACRE,31,NUMBER5,NUMBER,22,,,Y
SYSTEM,CAJ_OTRSACRE,32,VCHAR1,VARCHAR2,500,,,Y
SYSTEM,CAJ_OTRSACRE,33,VCHAR2,VARCHAR2,500,,,Y
SYSTEM,CAJ_OTRSACRE,34,VCHAR3,VARCHAR2,500,,,Y
SYSTEM,CAJ_OTRSACRE,35,VCHAR4,VARCHAR2,500,,,Y
SYSTEM,CAJ_OTRSACRE,36,VCHAR5,VARCHAR2,500,,,Y
SYSTEM,CAJ_PRORROGA,1,CHQE_CHQE_ID,NUMBER,22,10,0,N
SYSTEM,CAJ_PRORROGA,2,FECHA,DATE,7,,,N
SYSTEM,CAJ_PRORROGA,3,FECHCREA,DATE,7,,,N
SYSTEM,CAJ_PRORROGA,4,OBS,VARCHAR2,500,,,N
SYSTEM,CAJ_PRORROGA,5,USUACREA,VARCHAR2,20,,,N
SYSTEM,CAJ_PRORROGA,6,FECHACTU,DATE,7,,,Y
SYSTEM,CAJ_PRORROGA,7,USUACTUA,VARCHAR2,20,,,Y
SYSTEM,CAJ_RESPCAJA,1,USUA_IDUSUAR,VARCHAR2,20,,,N
SYSTEM,CAJ_RESPCAJA,2,CTAS_CATALOGO,VARCHAR2,2,,,N
SYSTEM,CAJ_RESPCAJA,3,CTAS_COMPANIA,VARCHAR2,10,,,N
SYSTEM,CAJ_RESPCAJA,4,CTAS_CODIGO,VARCHAR2,30,,,N
SYSTEM,CAJ_RESPCAJA,5,CUPO,NUMBER,22,16,2,N
SYSTEM,CAJ_RESPCAJA,6,VIGENTE,VARCHAR2,1,,,N
SYSTEM,CAJ_RESPCAJA,7,PORCENTA,NUMBER,22,7,4,Y
SYSTEM,CAJ_RESPCAJA,8,FECHCREA,DATE,7,,,N
SYSTEM,CAJ_RESPCAJA,9,USUACREA,VARCHAR2,20,,,N
SYSTEM,CAJ_RESPCAJA,10,FECHACTU,DATE,7,,,Y
SYSTEM,CAJ_RESPCAJA,11,USUACTUA,VARCHAR2,20,,,Y
SYSTEM,CAJ_SERIE,1,EFEC_EFEC_ID,NUMBER,22,10,0,N
SYSTEM,CAJ_SERIE,2,CANTIDAD,NUMBER,22,10,0,N
SYSTEM,CAJ_SERIE,3,SERIE,VARCHAR2,20,,,N
SYSTEM,CAJ_SERIE,4,SERI_ID,NUMBER,22,10,0,N
SYSTEM,CAJ_SERIE,5,FECHCREA,DATE,7,,,N
SYSTEM,CAJ_SERIE,6,USUACREA,VARCHAR2,20,,,N
SYSTEM,CAJ_SERIE,7,FECHACTU,DATE,7,,,Y
SYSTEM,CAJ_SERIE,8,USUACTUA,VARCHAR2,20,,,Y
SYSTEM,CAJ_TRANSCAJA,1,USUA_IDUSUAR,VARCHAR2,20,,,N
SYSTEM,CAJ_TRANSCAJA,2,OFCN_COMPANIA,VARCHAR2,10,,,N
SYSTEM,CAJ_TRANSCAJA,3,OFCN_OFICINA,VARCHAR2,3,,,N
SYSTEM,CAJ_TRANSCAJA,4,TPDC_TIPODOCU,VARCHAR2,2,,,N
SYSTEM,CAJ_TRANSCAJA,5,NUMETRAN,NUMBER,22,10,0,N
SYSTEM,CAJ_TRANSCAJA,6,DESCRIPC,VARCHAR2,4000,,,Y
SYSTEM,CAJ_TRANSCAJA,7,FECHA,DATE,7,,,N
SYSTEM,CAJ_TRANSCAJA,8,IMPORTE,NUMBER,22,15,2,N
SYSTEM,CAJ_TRANSCAJA,9,VALOMONE,NUMBER,22,15,2,Y
SYSTEM,CAJ_TRANSCAJA,10,FEREPFON,DATE,7,,,Y
SYSTEM,CAJ_TRANSCAJA,11,CTAS_COMPANIA,VARCHAR2,10,,,N
SYSTEM,CAJ_TRANSCAJA,12,CTAS_CATALOGO,VARCHAR2,2,,,N
SYSTEM,CAJ_TRANSCAJA,13,CTAS_CODIGO,VARCHAR2,30,,,N
SYSTEM,CAJ_TRANSCAJA,14,EGEN_ESTADO,VARCHAR2,2,,,N
SYSTEM,CAJ_TRANSCAJA,15,MONE_MONEDA,VARCHAR2,5,,,N
SYSTEM,CAJ_TRANSCAJA,16,TBAN_TIPODOCU,VARCHAR2,2,,,Y
SYSTEM,CAJ_TRANSCAJA,17,ASTO_COMPANIA,VARCHAR2,10,,,Y
SYSTEM,CAJ_TRANSCAJA,18,ASTO_NUMEDIAR,NUMBER,22,10,0,Y
SYSTEM,CAJ_TRANSCAJA,19,CHQE_CHQE_ID,NUMBER,22,10,0,Y
SYSTEM,CAJ_TRANSCAJA,20,TBAN_CODIGO,VARCHAR2,30,,,Y
SYSTEM,CAJ_TRANSCAJA,21,TBAN_CATALOGO,VARCHAR2,2,,,Y
SYSTEM,CAJ_TRANSCAJA,22,TBAN_NUMERO,NUMBER,22,10,0,Y
SYSTEM,CAJ_TRANSCAJA,23,TBAN_COMPANIA,VARCHAR2,10,,,Y
SYSTEM,CAJ_TRANSCAJA,24,FECHCREA,DATE,7,,,N
SYSTEM,CAJ_TRANSCAJA,25,USUACREA,VARCHAR2,20,,,N
SYSTEM,CAJ_TRANSCAJA,26,FECHACTU,DATE,7,,,Y
SYSTEM,CAJ_TRANSCAJA,27,USUACTUA,VARCHAR2,20,,,Y
SYSTEM,CAJ_TRANSCAJA,28,IPRO_IPRO_ID,NUMBER,22,10,0,Y
SYSTEM,CAJ_TRANSCAJA,29,NUMECTA,VARCHAR2,40,,,Y
SYSTEM,CAJ_TRANSCAJA,30,NUMBER1,NUMBER,22,,,Y
SYSTEM,CAJ_TRANSCAJA,31,NUMBER2,NUMBER,22,,,Y
SYSTEM,CAJ_TRANSCAJA,32,NUMBER3,NUMBER,22,,,Y
SYSTEM,CAJ_TRANSCAJA,33,NUMBER4,NUMBER,22,,,Y
SYSTEM,CAJ_TRANSCAJA,34,NUMBER5,NUMBER,22,,,Y
SYSTEM,CAJ_TRANSCAJA,35,VCHAR1,VARCHAR2,500,,,Y
SYSTEM,CAJ_TRANSCAJA,36,VCHAR2,VARCHAR2,500,,,Y
SYSTEM,CAJ_TRANSCAJA,37,VCHAR3,VARCHAR2,500,,,Y
SYSTEM,CAJ_TRANSCAJA,38,VCHAR4,VARCHAR2,500,,,Y
SYSTEM,CAJ_TRANSCAJA,39,VCHAR5,VARCHAR2,500,,,Y
SYSTEM,CAJ_TRANSCAJA,40,BENEFICI,VARCHAR2,500,,,Y
SYSTEM,CAJ_TRANSCAJA,41,REFER,VARCHAR2,30,,,Y
SYSTEM,CAJ_TRANSCAJA,42,RUCBENEF,VARCHAR2,15,,,Y
SYSTEM,CAJ_TRANSCAJA,43,FECHPROC,DATE,7,,,Y
SYSTEM,CHEQUESPF_AUX,1,USUA_IDUSUAR,VARCHAR2,20,,,Y
SYSTEM,CHEQUESPF_AUX,2,CHQE_ID,NUMBER,22,10,0,Y
SYSTEM,CHEQUESPF_AUX,3,NUMERO,VARCHAR2,20,,,Y
SYSTEM,CHEQUESPF_AUX,4,SECUENCI,VARCHAR2,5,,,Y
SYSTEM,CHEQUESPF_AUX,5,FECHA,DATE,7,,,Y
SYSTEM,CHEQUESPF_AUX,6,BENEFICI,VARCHAR2,60,,,Y
SYSTEM,CHEQUESPF_AUX,7,IMPORTE,NUMBER,22,15,2,Y
SYSTEM,CHEQUESPF_AUX,8,DESCRIPC,VARCHAR2,300,,,Y
SYSTEM,CHEQUESPF_AUX,9,CIUDAD,VARCHAR2,30,,,Y
SYSTEM,CHEQUESPF_AUX,10,NUMECUEN,VARCHAR2,20,,,Y
SYSTEM,CHEQUESPF_AUX,11,VALOMONE,NUMBER,22,15,2,Y
SYSTEM,CHEQUESPF_AUX,12,OBS,VARCHAR2,500,,,Y
SYSTEM,CHEQUESPF_AUX,13,BANC_IDBANCO,VARCHAR2,10,,,Y
SYSTEM,CHEQUESPF_AUX,14,CTAS_COMPANIA,VARCHAR2,10,,,Y
SYSTEM,CHEQUESPF_AUX,15,CTAS_CATALOGO,VARCHAR2,2,,,Y
SYSTEM,CHEQUESPF_AUX,16,CTAS_CODIGO,VARCHAR2,30,,,Y
SYSTEM,CHEQUESPF_AUX,17,EGEN_ESTADO,VARCHAR2,2,,,Y
SYSTEM,CHEQUESPF_AUX,18,MONE_MONEDA,VARCHAR2,5,,,Y
SYSTEM,CHEQUESPF_AUX,19,OFCN_COMPANIA,VARCHAR2,10,,,Y
SYSTEM,CHEQUESPF_AUX,20,OFCN_OFICINA,VARCHAR2,3,,,Y
SYSTEM,CHEQUESPF_AUX,21,ASTO_NUMEDIAR,NUMBER,22,10,0,Y
SYSTEM,CHEQUESPF_AUX,22,ASTO_COMPANIA,VARCHAR2,10,,,Y
SYSTEM,CHEQUESPF_AUX,23,PLCB_PLCB_ID,NUMBER,22,10,0,Y
SYSTEM,CHEQUESPF_AUX,24,FECHCREA,DATE,7,,,Y
SYSTEM,CHEQUESPF_AUX,25,USUACREA,VARCHAR2,20,,,Y
SYSTEM,CHEQUESPF_AUX,26,FECHACTU,DATE,7,,,Y
SYSTEM,CHEQUESPF_AUX,27,USUACTUA,VARCHAR2,20,,,Y
SYSTEM,CHEQUESPF_AUX,28,CLTE_COMPANIA,VARCHAR2,10,,,Y
SYSTEM,CHEQUESPF_AUX,29,CLTE_IDCLIENTE,NUMBER,22,10,0,Y
SYSTEM,CLI_ACCECTAS,1,CCH_IDUSUADB,VARCHAR2,240,,,N
SYSTEM,CLI_ACCECTAS,2,CLTE_COMPANIA,VARCHAR2,10,,,N
SYSTEM,CLI_ACCECTAS,3,CLTE_IDCLIENTE,NUMBER,22,10,0,N
SYSTEM,CLI_ACCECTAS,4,ACTIVO,VARCHAR2,1,,,Y
SYSTEM,CLI_ACCECTAS,5,PREDEFIN,VARCHAR2,1,,,Y
SYSTEM,CLI_ACCECTAS,6,OBS,VARCHAR2,240,,,Y
SYSTEM,CLI_ACCECTAS,7,OFICINA,VARCHAR2,6,,,Y
SYSTEM,CLI_ACCECTAS,8,NUMBER1,NUMBER,22,,,Y
SYSTEM,CLI_ACCECTAS,9,NUMBER2,NUMBER,22,,,Y
SYSTEM,CLI_ACCECTAS,10,NUMBER3,NUMBER,22,,,Y
SYSTEM,CLI_ACCECTAS,11,NUMBER4,NUMBER,22,,,Y
SYSTEM,CLI_ACCECTAS,12,NUMBER5,NUMBER,22,,,Y
SYSTEM,CLI_ACCECTAS,13,VCHAR1,VARCHAR2,500,,,Y
SYSTEM,CLI_ACCECTAS,14,VCHAR2,VARCHAR2,500,,,Y
SYSTEM,CLI_ACCECTAS,15,VCHAR3,VARCHAR2,500,,,Y
SYSTEM,CLI_ACCECTAS,16,VCHAR4,VARCHAR2,500,,,Y
SYSTEM,CLI_ACCECTAS,17,VCHAR5,VARCHAR2,500,,,Y
SYSTEM,CLI_ACCECTAS,18,USUACREA,VARCHAR2,20,,,Y
SYSTEM,CLI_ACCECTAS,19,FECHCREA,DATE,7,,,Y
SYSTEM,CLI_ACCECTAS,20,USUACTUA,VARCHAR2,20,,,Y
SYSTEM,CLI_ACCECTAS,21,FECHACTU,DATE,7,,,Y
SYSTEM,CLI_ACTIVCLIEN,1,NTRL_COMPANIA,VARCHAR2,10,,,N
SYSTEM,CLI_ACTIVCLIEN,2,NTRL_IDCLIENTE,NUMBER,22,10,0,N
SYSTEM,CLI_ACTIVCLIEN,3,TIPOACTI,VARCHAR2,1,,,N
SYSTEM,CLI_ACTIVCLIEN,4,NOMBEMP,VARCHAR2,60,,,Y
SYSTEM,CLI_ACTIVCLIEN,5,CARGO,VARCHAR2,30,,,Y
SYSTEM,CLI_ACTIVCLIEN,6,ANIOANTIG,NUMBER,22,3,0,Y
SYSTEM,CLI_ACTIVCLIEN,7,MESANTIG,NUMBER,22,2,0,Y
SYSTEM,CLI_ACTIVCLIEN,8,EMAIL,VARCHAR2,50,,,Y
SYSTEM,CLI_ACTIVCLIEN,9,SUELDO,NUMBER,22,16,2,Y
SYSTEM,CLI_ACTIVCLIEN,10,CIUDAD,VARCHAR2,20,,,Y
SYSTEM,CLI_ACTIVCLIEN,11,DIRECCIO,VARCHAR2,60,,,Y
SYSTEM,CLI_ACTIVCLIEN,12,TELEFONO,VARCHAR2,20,,,Y
SYSTEM,CLI_ACTIVCLIEN,13,OBSEINVE,VARCHAR2,200,,,Y
SYSTEM,CLI_ACTIVCLIEN,14,VIGENTE,VARCHAR2,1,,,Y
SYSTEM,CLI_ACTIVCLIEN,15,ESTADO,VARCHAR2,1,,,Y
SYSTEM,CLI_ACTIVCLIEN,16,FECHINVE,DATE,7,,,Y
SYSTEM,CLI_ACTIVCLIEN,17,PRINCIPA,VARCHAR2,1,,,Y
SYSTEM,CLI_ACTIVCLIEN,18,TIPOEMPL,VARCHAR2,20,,,Y
SYSTEM,CLI_ACTIVCLIEN,19,ACTI_ID,NUMBER,22,10,0,N
SYSTEM,CLI_ACTIVCLIEN,20,FECHCREA,DATE,7,,,N
SYSTEM,CLI_ACTIVCLIEN,21,USUACREA,VARCHAR2,20,,,N
SYSTEM,CLI_ACTIVCLIEN,22,FECHACTU,DATE,7,,,Y
SYSTEM,CLI_ACTIVCLIEN,23,USUACTUA,VARCHAR2,20,,,Y
SYSTEM,CLI_AFJRCONF,1,USUACREA,VARCHAR2,20,,,N
SYSTEM,CLI_AFJRCONF,2,FECHCREA,DATE,7,,,N
SYSTEM,CLI_AFJRCONF,3,FECHINSTA,DATE,7,,,Y
SYSTEM,CLI_AFJRCONF,4,NODO,VARCHAR2,50,,,Y
SYSTEM,CLI_AFJRCONF,5,IP,VARCHAR2,20,,,Y
SYSTEM,CLI_AFJRCONF,6,ENLACE,VARCHAR2,20,,,Y
SYSTEM,CLI_AFJRCONF,7,SSID,VARCHAR2,20,,,Y
SYSTEM,CLI_AFJRCONF,8,WEP,VARCHAR2,20,,,Y
SYSTEM,CLI_AFJRCONF,9,EQUICLAV,VARCHAR2,20,,,Y
SYSTEM,CLI_AFJRCONF,10,EQUIMAC,VARCHAR2,20,,,Y
SYSTEM,CLI_AFJRCONF,11,USUACTUA,VARCHAR2,20,,,Y
SYSTEM,CLI_AFJRCONF,12,FECHACTU,DATE,7,,,Y
SYSTEM,CLI_AGRUPACN,1,AGRP_ID,NUMBER,22,10,0,N
SYSTEM,CLI_AGRUPACN,2,ACTIVO,VARCHAR2,1,,,N
SYSTEM,CLI_AGRUPACN,3,ANIO,NUMBER,22,3,0,Y
SYSTEM,CLI_AGRUPACN,4,MES,NUMBER,22,3,0,Y
SYSTEM,CLI_AGRUPACN,5,FECHCREA,DATE,7,,,N
SYSTEM,CLI_AGRUPACN,6,USUACREA,VARCHAR2,20,,,N
SYSTEM,CLI_AGRUPACN,7,FECHACTU,DATE,7,,,Y
SYSTEM,CLI_AGRUPACN,8,USUACTUA,VARCHAR2,20,,,Y
SYSTEM,CLI_AGRUPACN,9,CLTE_IDCLIENTE,NUMBER,22,10,0,N
SYSTEM,CLI_AGRUPACN,10,CLTE_COMPANIA,VARCHAR2,10,,,N
SYSTEM,CLI_AGRUPACN,11,TPAG_CODIGO,VARCHAR2,10,,,N
SYSTEM,CLI_AGRUPACN,12,AGRP_MES,NUMBER,22,3,0,Y
SYSTEM,CLI_ARCHIVOS,1,CODIGO,VARCHAR2,30,,,N
SYSTEM,CLI_ARCHIVOS,2,NOMBRE,VARCHAR2,120,,,N
SYSTEM,CLI_ARCHIVOS,3,DESCRIPC,VARCHAR2,500,,,N
SYSTEM,CLI_ARCHIVOS,4,UBICACIO,VARCHAR2,300,,,N
SYSTEM,CLI_ARCHIVOS,5,CLTE_COMPANIA,VARCHAR2,10,,,Y
SYSTEM,CLI_ARCHIVOS,6,CLTE_IDCLIENTE,NUMBER,22,10,0,Y
SYSTEM,CLI_ARCHIVOS,7,FECHCREA,DATE,7,,,N
SYSTEM,CLI_ARCHIVOS,8,USUACREA,VARCHAR2,20,,,N
SYSTEM,CLI_ARCHIVOS,9,USUACTUA,VARCHAR2,20,,,Y
SYSTEM,CLI_ARCHIVOS,10,FECHACTU,DATE,7,,,Y
SYSTEM,CLI_ARCHIVOS,11,ARTL_CLASE,VARCHAR2,20,,,Y
SYSTEM,CLI_ARCHIVOS,12,ARTL_ARTICULO,VARCHAR2,30,,,Y
SYSTEM,CLI_ARCHIVOS,13,ARTL_COMPANIA,VARCHAR2,10,,,Y
SYSTEM,CLI_ARCHIVOS,14,ARTL_CODIGRUP,VARCHAR2,20,,,Y
SYSTEM,CLI_ARCHIVOS,15,PROV_CEDURUC,VARCHAR2,13,,,Y
SYSTEM,CLI_ARCHIVOS,16,PROV_COMPANIA,VARCHAR2,10,,,Y
SYSTEM,CLI_ARCHIVOS,17,AFIJ_CLASE,VARCHAR2,10,,,Y
SYSTEM,CLI_ARCHIVOS,18,AFIJ_COMPANIA,VARCHAR2,10,,,Y
SYSTEM,CLI_ARCHIVOS,19,AFIJ_CODIGO,VARCHAR2,20,,,Y
SYSTEM,CLI_ARCHIVOS,20,RHHS_CEDURUC,VARCHAR2,13,,,Y
SYSTEM,CLI_ARCHIVOS,21,CMPR_ALCANCE,NUMBER,22,1,0,Y
SYSTEM,CLI_ARCHIVOS,22,CMPR_CEDURUC,VARCHAR2,13,,,Y
SYSTEM,CLI_ARCHIVOS,23,CMPR_SERIE,VARCHAR2,6,,,Y
SYSTEM,CLI_ARCHIVOS,24,CMPR_COMPANIA,VARCHAR2,10,,,Y
SYSTEM,CLI_ARCHIVOS,25,CMPR_NUMERO,NUMBER,22,10,0,Y
SYSTEM,CLI_ARCHIVOS,26,REQU_NUMERO,VARCHAR2,15,,,Y
SYSTEM,CLI_ARCHIVOS,27,REQU_TIPODOCU,VARCHAR2,2,,,Y
SYSTEM,CLI_ARCHIVOS,28,REQU_COMPANIA,VARCHAR2,10,,,Y
SYSTEM,CLI_ARCHIVOS,29,REQU_OFICINA,VARCHAR2,3,,,Y
SYSTEM,CLI_ARCHIVOS,30,RGAC_RGAC_ID,NUMBER,22,10,0,Y
SYSTEM,CLI_ARCHIVOS,31,BASEIVA0,NUMBER,22,16,2,Y
SYSTEM,CLI_ARCHIVOS,32,AUTORIZD,VARCHAR2,1,,,N
SYSTEM,CLI_ARCHIVOS,33,BASEIVA,NUMBER,22,16,2,Y
SYSTEM,CLI_ARCHIVOS,34,TOTAL,NUMBER,22,16,2,Y
SYSTEM,CLI_ARCHIVOS,35,TASAIVA,NUMBER,22,7,4,Y
SYSTEM,CLI_BALANCES,1,BAL_ID,NUMBER,22,10,0,N
SYSTEM,CLI_BALANCES,2,CUEN_CUENTA,VARCHAR2,4,,,N
SYSTEM,CLI_BALANCES,3,SFIN_NUMESOLI,NUMBER,22,10,0,N
SYSTEM,CLI_BALANCES,4,SFIN_COMPANIA,VARCHAR2,10,,,N
SYSTEM,CLI_BALANCES,5,SFIN_OFICINA,VARCHAR2,3,,,N
SYSTEM,CLI_BALANCES,6,VALOR,NUMBER,22,15,2,N
SYSTEM,CLI_BALANCES,7,FECHCREA,DATE,7,,,N
SYSTEM,CLI_BALANCES,8,USUACREA,VARCHAR2,20,,,N
SYSTEM,CLI_BALANCES,9,FECHACTU,DATE,7,,,Y
SYSTEM,CLI_BALANCES,10,USUACTUA,VARCHAR2,20,,,Y
SYSTEM,CLI_CALIFICA,1,CLTE_COMPANIA,VARCHAR2,10,,,N
SYSTEM,CLI_CALIFICA,2,CLTE_IDCLIENTE,NUMBER,22,10,0,N
SYSTEM,CLI_CALIFICA,3,FECHA,DATE,7,,,N
SYSTEM,CLI_CALIFICA,4,TPCF_COMPANIA,VARCHAR2,10,,,N
SYSTEM,CLI_CALIFICA,5,TPCF_CODICALI,VARCHAR2,1,,,N
SYSTEM,CLI_CALIFICA,6,VIGENTE,VARCHAR2,1,,,N
SYSTEM,CLI_CALIFICA,7,FECHCREA,DATE,7,,,N
SYSTEM,CLI_CALIFICA,8,USUACREA,VARCHAR2,20,,,N
SYSTEM,CLI_CALIFICA,9,FECHACTU,DATE,7,,,Y
SYSTEM,CLI_CALIFICA,10,USUACTUA,VARCHAR2,20,,,Y
SYSTEM,CLI_CATECLIE,1,CATEGORI,VARCHAR2,10,,,N
SYSTEM,CLI_CATECLIE,2,VNTDESDE,NUMBER,22,18,2,N
SYSTEM,CLI_CATECLIE,3,VNTHASTA,NUMBER,22,18,2,N
SYSTEM,CLI_CATECLIE,4,DESCRIPC,VARCHAR2,100,,,N
SYSTEM,CLI_CATECLIE,5,FECHACTUA,DATE,7,,,Y
SYSTEM,CLI_CATECLIE,6,USUACTUA,VARCHAR2,20,,,Y
SYSTEM,CLI_CATECLIE,7,FECHCREA,DATE,7,,,N
SYSTEM,CLI_CATECLIE,8,USUACREA,VARCHAR2,20,,,N
SYSTEM,CLI_CLASCLIE,1,CMPN_COMPANIA,VARCHAR2,10,,,N
SYSTEM,CLI_CLASCLIE,2,CLASE,VARCHAR2,10,,,N
SYSTEM,CLI_CLASCLIE,3,DESCRIPC,VARCHAR2,120,,,N
SYSTEM,CLI_CLASCLIE,4,FECHCREA,DATE,7,,,N
SYSTEM,CLI_CLASCLIE,5,USUACREA,VARCHAR2,20,,,N
SYSTEM,CLI_CLASCLIE,6,FECHACTU,DATE,7,,,Y
SYSTEM,CLI_CLASCLIE,7,USUACTUA,VARCHAR2,20,,,Y
SYSTEM,CLI_CLASCLIE,8,PREDEFINIDO,VARCHAR2,1,,,Y
SYSTEM,CLI_CLASSEC,1,CLSE_ID,NUMBER,22,10,0,N
SYSTEM,CLI_CLASSEC,2,CODIGRUP,NUMBER,22,10,0,N
SYSTEM,CLI_CLASSEC,3,CODISECU,NUMBER,22,10,0,N
SYSTEM,CLI_CLASSEC,4,DECLASEC,VARCHAR2,50,,,N
SYSTEM,CLI_CLASSEC,5,USUACREA,VARCHAR2,20,,,N
SYSTEM,CLI_CLASSEC,6,FECHCREA,DATE,7,,,N
SYSTEM,CLI_CLASSEC,7,USUACTUA,VARCHAR2,20,,,Y
SYSTEM,CLI_CLASSEC,8,FECHACTU,DATE,7,,,Y
SYSTEM,CLI_CODITARJ,1,TACR_CODITARJ,VARCHAR2,10,,,N
SYSTEM,CLI_CODITARJ,2,CODIGO,VARCHAR2,20,,,N
SYSTEM,CLI_CODITARJ,3,ACTIVO,VARCHAR2,1,,,Y
SYSTEM,CLI_CODITARJ,4,COTA_ID,NUMBER,22,10,0,N
SYSTEM,CLI_CODITARJ,5,FECHCREA,DATE,7,,,N
SYSTEM,CLI_CODITARJ,6,USUACREA,VARCHAR2,20,,,N
SYSTEM,CLI_CODITARJ,7,FECHACTU,DATE,7,,,Y
SYSTEM,CLI_CODITARJ,8,USUACTUA,VARCHAR2,20,,,Y
SYSTEM,CLI_COMITCREDI,1,USUA_IDUSUAR,VARCHAR2,20,,,N
SYSTEM,CLI_COMITCREDI,2,ROL,VARCHAR2,10,,,N
SYSTEM,CLI_COMITCREDI,3,DESCRIPC,VARCHAR2,100,,,Y
SYSTEM,CLI_COMITCREDI,4,VIGENTE,VARCHAR2,1,,,N
SYSTEM,CLI_COMITCREDI,5,CLAVE,VARCHAR2,16,,,N
SYSTEM,CLI_COMITCREDI,6,NIVELAUTOR,NUMBER,22,2,0,N
SYSTEM,CLI_COMITCREDI,7,FECHCREA,DATE,7,,,N
SYSTEM,CLI_COMITCREDI,8,USUACREA,VARCHAR2,20,,,N
SYSTEM,CLI_COMITCREDI,9,FECHACTU,DATE,7,,,Y
SYSTEM,CLI_COMITCREDI,10,USUACTUA,VARCHAR2,20,,,Y
SYSTEM,CLI_CONDUCTR,1,CDT_ID,NUMBER,22,10,0,N
SYSTEM,CLI_CONDUCTR,2,CEDULA,VARCHAR2,13,,,N
SYSTEM,CLI_CONDUCTR,3,NOMBRES,VARCHAR2,100,,,N
SYSTEM,CLI_CONDUCTR,4,ACTIVO,VARCHAR2,1,,,N
SYSTEM,CLI_CONDUCTR,5,USUACREA,VARCHAR2,20,,,N
SYSTEM,CLI_CONDUCTR,6,FECHCREA,DATE,7,,,N
SYSTEM,CLI_CONDUCTR,7,CLTE_COMPANIA,VARCHAR2,10,,,Y
SYSTEM,CLI_CONDUCTR,8,CLTE_IDCLIENTE,NUMBER,22,10,0,Y
SYSTEM,CLI_CONDUCTR,9,PROV_CEDURUC,VARCHAR2,13,,,Y
SYSTEM,CLI_CONDUCTR,10,PROV_COMPANIA,VARCHAR2,10,,,Y
SYSTEM,CLI_CONDUCTR,11,DIRECCIO,VARCHAR2,80,,,Y
SYSTEM,CLI_CONDUCTR,12,TELEFON,VARCHAR2,60,,,Y
SYSTEM,CLI_CONDUCTR,13,OBSERVAC,VARCHAR2,120,,,Y
SYSTEM,CLI_CONDUCTR,14,USUACTUA,VARCHAR2,20,,,Y
SYSTEM,CLI_CONDUCTR,15,FECHACTU,VARCHAR2,240,,,Y
SYSTEM,CLI_CONDUCTR,16,APELLIDOS,VARCHAR2,240,,,N
SYSTEM,CLI_CORPORATIVO,1,CLTE_COMPANIA,VARCHAR2,10,,,N
SYSTEM,CLI_CORPORATIVO,2,CLTE_IDCLIENTE,NUMBER,22,10,0,N
SYSTEM,CLI_CORPORATIVO,3,CARGO,VARCHAR2,50,,,N
SYSTEM,CLI_CORPORATIVO,4,REPRLEGA,VARCHAR2,200,,,N
SYSTEM,CLI_CORPORATIVO,5,ACTIDESC,VARCHAR2,500,,,Y
SYSTEM,CLI_CORPORATIVO,6,DARUC,VARCHAR2,1,,,Y
SYSTEM,CLI_CORPORATIVO,7,DACONCIA,VARCHAR2,1,,,Y
SYSTEM,CLI_CORPORATIVO,8,DAAUMCAP,VARCHAR2,1,,,Y
SYSTEM,CLI_CORPORATIVO,9,DABASUCI,VARCHAR2,4,,,Y
SYSTEM,CLI_CORPORATIVO,10,DABALINT,DATE,7,,,Y
SYSTEM,CLI_CORPORATIVO,11,DACIREPR,VARCHAR2,1,,,Y
SYSTEM,CLI_CORPORATIVO,12,REFERENC,VARCHAR2,70,,,Y
SYSTEM,CLI_CORPORATIVO,13,DANOMACT,VARCHAR2,1,,,Y
SYSTEM,CLI_CORPORATIVO,14,OBSERVAC,VARCHAR2,500,,,Y
SYSTEM,CLI_CORPORATIVO,15,SUJERETE,VARCHAR2,1,,,N
SYSTEM,CLI_CORPORATIVO,16,DABALAUD,VARCHAR2,4,,,Y
SYSTEM,CLI_CORPORATIVO,17,DADECIVA,VARCHAR2,1,,,Y
SYSTEM,CLI_CORPORATIVO,18,PATRFECH,DATE,7,,,Y
SYSTEM,CLI_CORPORATIVO,19,DAPODERE,VARCHAR2,1,,,Y
SYSTEM,CLI_CORPORATIVO,20,DALISACC,VARCHAR2,1,,,Y
SYSTEM,CLI_CORPORATIVO,21,ACTIEMPR,VARCHAR2,50,,,N
SYSTEM,CLI_CORPORATIVO,22,PRINPROD,VARCHAR2,500,,,Y
SYSTEM,CLI_CORPORATIVO,23,FECHCONS,DATE,7,,,Y
SYSTEM,CLI_CORPORATIVO,24,CODIEXTR,NUMBER,22,10,0,Y
SYSTEM,CLI_CORPORATIVO,25,PASAPORT,VARCHAR2,15,,,Y
SYSTEM,CLI_CORPORATIVO,26,ACTIVOS,NUMBER,22,15,2,Y
SYSTEM,CLI_CORPORATIVO,27,PASIVOS,NUMBER,22,15,2,Y
SYSTEM,CLI_CORPORATIVO,28,CAPIACTUAL,NUMBER,22,15,2,Y
SYSTEM,CLI_CORPORATIVO,29,FORTALEZ,VARCHAR2,500,,,Y
SYSTEM,CLI_CORPORATIVO,30,DEBILIDAD,VARCHAR2,500,,,Y
SYSTEM,CLI_CORPORATIVO,31,FECHRUC,DATE,7,,,Y
SYSTEM,CLI_CORPORATIVO,32,FECHPODE,DATE,7,,,Y
SYSTEM,CLI_CORPORATIVO,33,FECFUJCAJ,DATE,7,,,Y
SYSTEM,CLI_CORPORATIVO,34,FECLISACC,DATE,7,,,Y
SYSTEM,CLI_CORPORATIVO,35,CEDULA,VARCHAR2,13,,,N
SYSTEM,CLI_CORPORATIVO,36,COMEPODE,VARCHAR2,500,,,Y
SYSTEM,CLI_CORPORATIVO,37,REGICONT,VARCHAR2,1,,,Y
SYSTEM,CLI_CORPORATIVO,38,FECREGCON,DATE,7,,,Y
SYSTEM,CLI_CORPORATIVO,39,OBSERBAL,VARCHAR2,200,,,Y
SYSTEM,CLI_CORPORATIVO,40,FECHCREA,DATE,7,,,N
SYSTEM,CLI_CORPORATIVO,41,USUACREA,VARCHAR2,20,,,N
SYSTEM,CLI_CORPORATIVO,42,FECHACTU,DATE,7,,,Y
SYSTEM,CLI_CORPORATIVO,43,USUACTUA,VARCHAR2,20,,,Y
SYSTEM,CLI_CORPORATIVO,44,OPORTUNI,VARCHAR2,500,,,Y
SYSTEM,CLI_CORPORATIVO,45,AMENAZA,VARCHAR2,500,,,Y
SYSTEM,CLI_CORPORATIVO,46,FECHNACI,DATE,7,,,Y
SYSTEM,CLI_CUENCERRA,1,SLTD_COMPANIA,VARCHAR2,10,,,N
SYSTEM,CLI_CUENCERRA,2,GRTE_COMPANIA,VARCHAR2,10,,,N
SYSTEM,CLI_CUENCERRA,3,GRTE_OFICINA,VARCHAR2,3,,,N
SYSTEM,CLI_CUENCERRA,4,GRTE_IDCLIENTE,NUMBER,22,10,0,N
SYSTEM,CLI_CUENCERRA,5,SLTD_NUMESOLI,NUMBER,22,10,0,N
SYSTEM,CLI_CUENCERRA,6,NUMECUEN,VARCHAR2,20,,,Y
SYSTEM,CLI_CUENCERRA,7,ESTADO,VARCHAR2,1,,,Y
SYSTEM,CLI_CUENCERRA,8,CUCE_ID,NUMBER,22,10,0,N
SYSTEM,CLI_CUENCERRA,9,FECHCREA,DATE,7,,,N
SYSTEM,CLI_CUENCERRA,10,USUACREA,VARCHAR2,20,,,N
SYSTEM,CLI_CUENCERRA,11,FECHACTU,DATE,7,,,Y
SYSTEM,CLI_CUENCERRA,12,USUACTUA,VARCHAR2,20,,,Y
SYSTEM,CLI_CUENTAS,1,CUENTA,VARCHAR2,4,,,N
SYSTEM,CLI_CUENTAS,2,CUEN_CUENTA,VARCHAR2,4,,,N
SYSTEM,CLI_CUENTAS,3,DESCRIPCION,VARCHAR2,100,,,N
SYSTEM,CLI_CUENTAS,4,NIVEL,NUMBER,22,,,N
SYSTEM,CLI_CUENTAS,5,FECHCREA,DATE,7,,,N
SYSTEM,CLI_CUENTAS,6,USUACREA,VARCHAR2,20,,,N
SYSTEM,CLI_CUENTAS,7,FECHACTU,DATE,7,,,Y
SYSTEM,CLI_CUENTAS,8,USUACTUA,VARCHAR2,20,,,Y
SYSTEM,CLI_DEMATCOL,1,DMCO_ID,NUMBER,22,10,0,N
SYSTEM,CLI_DETAINGEGR,1,TIPOINEG,VARCHAR2,5,,,N
SYSTEM,CLI_DETAINGEGR,2,DESCRIPC,VARCHAR2,30,,,N
SYSTEM,CLI_DETAINGEGR,3,FECHCREA,DATE,7,,,N
SYSTEM,CLI_DETAINGEGR,4,USUACREA,VARCHAR2,20,,,N
SYSTEM,CLI_DETAINGEGR,5,FECHACTU,DATE,7,,,Y
SYSTEM,CLI_DETAINGEGR,6,USUACTUA,VARCHAR2,20,,,Y
SYSTEM,CLI_DETALINE,1,LNCR_COMPANIA,VARCHAR2,10,,,N
SYSTEM,CLI_DETALINE,2,LNCR_IDCLIENTE,NUMBER,22,10,0,N
SYSTEM,CLI_DETALINE,3,FECHREVI,DATE,7,,,N
SYSTEM,CLI_DETALINE,4,DTLN_ID,NUMBER,22,10,0,N
SYSTEM,CLI_DETALINE,5,FECHCREA,DATE,7,,,N
SYSTEM,CLI_DETALINE,6,USUACREA,VARCHAR2,20,,,N
SYSTEM,CLI_DETALINE,7,FECHACTU,DATE,7,,,Y
SYSTEM,CLI_DETALINE,8,USUACTUA,VARCHAR2,20,,,Y
SYSTEM,CLI_DETAVISITA,1,DTVS_ID,NUMBER,22,10,0,N
SYSTEM,CLI_DETAVISITA,2,COMP,VARCHAR2,10,,,N
SYSTEM,CLI_DETAVISITA,3,OFIC,VARCHAR2,10,,,N
SYSTEM,CLI_DETAVISITA,4,CLIE,VARCHAR2,10,,,N
SYSTEM,CLI_DETAVISITA,5,VEND,VARCHAR2,10,,,N
SYSTEM,CLI_DETAVISITA,6,FECHA,DATE,7,,,N
SYSTEM,CLI_DETAVISITA,7,PROXFECHA,DATE,7,,,N
SYSTEM,CLI_DETAVISITA,8,DETALLES,VARCHAR2,200,,,N
SYSTEM,CLI_DIAS,1,COD_CLI,NUMBER,22,,,N
SYSTEM,CLI_DIAS,2,DIAS,NUMBER,22,,,Y
SYSTEM,CLI_DIASDESC,1,DIDE_ID,NUMBER,22,10,0,N
SYSTEM,CLI_DIASDESC,2,DESDE,NUMBER,22,3,0,N
SYSTEM,CLI_DIASDESC,3,HASTA,NUMBER,22,3,0,N
SYSTEM,CLI_DIASDESC,4,DESCUENTO,NUMBER,22,7,4,N
SYSTEM,CLI_DIASDESC,5,VIGENTE,VARCHAR2,1,,,N
SYSTEM,CLI_DIASDESC,6,USUACREA,VARCHAR2,20,,,N
SYSTEM,CLI_DIASDESC,7,FECHCREA,DATE,7,,,N
SYSTEM,CLI_DIASDESC,8,USUACTUA,VARCHAR2,20,,,Y
SYSTEM,CLI_DIASDESC,9,FECHACTU,DATE,7,,,Y
SYSTEM,CLI_DIASDESC,10,ARTL_COMPANIA,VARCHAR2,10,,,Y
SYSTEM,CLI_DIASDESC,11,ARTL_CLASE,VARCHAR2,20,,,Y
SYSTEM,CLI_DIASDESC,12,ARTL_CODIGRUP,VARCHAR2,20,,,Y
SYSTEM,CLI_DIASDESC,13,ARTL_ARTICULO,VARCHAR2,30,,,Y
SYSTEM,CLI_DIASDESC,14,TPAG_CODIGO,VARCHAR2,10,,,Y
SYSTEM,CLI_DIASDESC,15,DESCRIP,VARCHAR2,100,,,Y
SYSTEM,CLI_DIASDESC,16,CLTE_COMPANIA,VARCHAR2,10,,,Y
SYSTEM,CLI_DIASDESC,17,CLTE_IDCLIENTE,NUMBER,22,10,0,Y
SYSTEM,CLI_DIASDESC,18,LINEA,VARCHAR2,20,,,Y
SYSTEM,CLI_DIASDESC,19,DESCCRED,NUMBER,22,7,4,N
SYSTEM,CLI_DIASDESC,20,DESCPRPG,NUMBER,22,7,4,N
SYSTEM,CLI_DIASDESC,21,UNNE_CODIGO,VARCHAR2,20,,,Y
SYSTEM,CLI_DIRECCION,1,CLTE_COMPANIA,VARCHAR2,10,,,N
SYSTEM,CLI_DIRECCION,2,CLTE_IDCLIENTE,NUMBER,22,10,0,N
SYSTEM,CLI_DIRECCION,3,TIPODIRE,VARCHAR2,2,,,N
SYSTEM,CLI_DIRECCION,4,PRINCIPAL,VARCHAR2,1,,,N
SYSTEM,CLI_DIRECCION,5,LUGAR,VARCHAR2,100,,,N
SYSTEM,CLI_DIRECCION,6,BARRIO,VARCHAR2,80,,,Y
SYSTEM,CLI_DIRECCION,7,CALLE,VARCHAR2,100,,,Y
SYSTEM,CLI_DIRECCION,8,TRNSVERS,VARCHAR2,100,,,Y
SYSTEM,CLI_DIRECCION,9,NUMERO,VARCHAR2,20,,,Y
SYSTEM,CLI_DIRECCION,10,REFERENC,VARCHAR2,400,,,Y
SYSTEM,CLI_DIRECCION,11,EMAIL,VARCHAR2,200,,,Y
SYSTEM,CLI_DIRECCION,12,DIRWEB,VARCHAR2,40,,,Y
SYSTEM,CLI_DIRECCION,13,CANT_CODICANT,VARCHAR2,3,,,N
SYSTEM,CLI_DIRECCION,14,CANT_CODIPROV,VARCHAR2,3,,,N
SYSTEM,CLI_DIRECCION,15,FECHCREA,DATE,7,,,N
SYSTEM,CLI_DIRECCION,16,USUACREA,VARCHAR2,20,,,N
SYSTEM,CLI_DIRECCION,17,FECHACTU,DATE,7,,,Y
SYSTEM,CLI_DIRECCION,18,USUACTUA,VARCHAR2,20,,,Y
SYSTEM,CLI_DIRECCION,19,LATITUD,NUMBER,22,13,9,Y
SYSTEM,CLI_DIRECCION,20,LONGITUD,NUMBER,22,13,9,Y
SYSTEM,CLI_DIRECCION,21,CANT_CODIPARR,VARCHAR2,3,,,N
SYSTEM,CLI_DIRECCION,22,NUMBER1,NUMBER,22,,,Y
SYSTEM,CLI_DIRECCION,23,NUMBER2,NUMBER,22,,,Y
SYSTEM,CLI_DIRECCION,24,NUMBER3,NUMBER,22,,,Y
SYSTEM,CLI_DIRECCION,25,NUMBER4,NUMBER,22,,,Y
SYSTEM,CLI_DIRECCION,26,NUMBER5,NUMBER,22,,,Y
SYSTEM,CLI_DIRECCION,27,VCHAR1,VARCHAR2,500,,,Y
SYSTEM,CLI_DIRECCION,28,VCHAR2,VARCHAR2,500,,,Y
SYSTEM,CLI_DIRECCION,29,VCHAR3,VARCHAR2,500,,,Y
SYSTEM,CLI_DIRECCION,30,VCHAR4,VARCHAR2,500,,,Y
SYSTEM,CLI_DIRECCION,31,VCHAR5,VARCHAR2,500,,,Y
SYSTEM,CLI_DOCUCRED,1,GASO_GASO_ID,NUMBER,22,10,0,N
SYSTEM,CLI_DOCUCRED,2,EGEN_ESTADO,VARCHAR2,2,,,N
SYSTEM,CLI_DOCUCRED,3,DCRE_ID,NUMBER,22,10,0,N
SYSTEM,CLI_DOCUCRED,4,CAMF_CAMF_ID,NUMBER,22,10,0,Y
SYSTEM,CLI_DOCUCRED,5,GRUPSECU,NUMBER,22,10,0,Y
SYSTEM,CLI_DOCUCRED,6,NUMEDOCU,NUMBER,22,10,0,Y
SYSTEM,CLI_DOCUCRED,7,FECHDOCU,DATE,7,,,Y
SYSTEM,CLI_DOCUCRED,8,FECHCANC,DATE,7,,,Y
SYSTEM,CLI_DOCUCRED,9,FECHVENC,DATE,7,,,Y
SYSTEM,CLI_DOCUCRED,10,CERUBENE,VARCHAR2,13,,,Y
SYSTEM,CLI_DOCUCRED,11,BENEFICI,VARCHAR2,100,,,Y
SYSTEM,CLI_DOCUCRED,12,MOTIVO,VARCHAR2,500,,,Y
SYSTEM,CLI_DOCUCRED,13,OBSERVAC,VARCHAR2,500,,,Y
SYSTEM,CLI_DOCUCRED,14,USUACREA,VARCHAR2,20,,,N
SYSTEM,CLI_DOCUCRED,15,FECHCREA,DATE,7,,,N
SYSTEM,CLI_DOCUCRED,16,USUACTUA,VARCHAR2,20,,,Y
SYSTEM,CLI_DOCUCRED,17,FECHACTU,DATE,7,,,Y
SYSTEM,CLI_DOCUCRED,18,MONTO,NUMBER,22,18,6,Y
SYSTEM,CLIENTE_AUX,1,ID,NUMBER,22,,,Y
SYSTEM,CLIENTE_AUX,2,CEDULA,VARCHAR2,13,,,Y
SYSTEM,CLIENTE_AUX,3,NOMBRE,VARCHAR2,500,,,Y
SYSTEM,CLI_ESTACLIE,1,ESCL_ID,NUMBER,22,10,0,N
SYSTEM,CLI_ESTACLIE,2,CLTE_COMPANIA,VARCHAR2,10,,,N
SYSTEM,CLI_ESTACLIE,3,CLTE_IDCLIENTE,NUMBER,22,10,0,N
SYSTEM,CLI_ESTACLIE,4,TPCL_TIPOCLIE,VARCHAR2,2,,,N
SYSTEM,CLI_ESTACLIE,5,FECHA,DATE,7,,,N
SYSTEM,CLI_ESTACLIE,6,USUACREA,VARCHAR2,20,,,N
SYSTEM,CLI_ESTACLIE,7,FECHCREA,DATE,7,,,N
SYSTEM,CLI_ESTACLIE,8,VIGENTE,VARCHAR2,1,,,N
SYSTEM,CLI_ESTACLIE,9,OBSERVAC,VARCHAR2,80,,,Y
SYSTEM,CLI_ESTACLIE,10,USUACTUA,VARCHAR2,20,,,Y
SYSTEM,CLI_ESTACLIE,11,FECHACTU,DATE,7,,,Y
SYSTEM,CLI_ESTADSOLIC,1,ESTADO,VARCHAR2,5,,,N
SYSTEM,CLI_ESTADSOLIC,2,DESCRIPC,VARCHAR2,50,,,Y
SYSTEM,CLI_ESTADSOLIC,3,AREAINVEST,VARCHAR2,1,,,N
SYSTEM,CLI_ESTADSOLIC,4,FECHCREA,DATE,7,,,N
SYSTEM,CLI_ESTADSOLIC,5,USUACREA,VARCHAR2,20,,,N
SYSTEM,CLI_ESTADSOLIC,6,FECHACTU,DATE,7,,,Y
SYSTEM,CLI_ESTADSOLIC,7,USUACTUA,VARCHAR2,20,,,Y
SYSTEM,CLI_FAMILIAR,1,FAMI_ID,NUMBER,22,10,0,N
SYSTEM,CLI_FAMILIAR,2,NTRL_COMPANIA,VARCHAR2,10,,,N
SYSTEM,CLI_FAMILIAR,3,NTRL_IDCLIENTE,NUMBER,22,10,0,N
SYSTEM,CLI_FAMILIAR,4,TIPA_TIPOPARA,VARCHAR2,2,,,N
SYSTEM,CLI_FAMILIAR,5,NOMBRE,VARCHAR2,60,,,N
SYSTEM,CLI_FAMILIAR,6,CODIDIR1,VARCHAR2,2,,,Y
SYSTEM,CLI_FAMILIAR,7,DIRECCI1,VARCHAR2,300,,,N
SYSTEM,CLI_FAMILIAR,8,CODIDIR2,VARCHAR2,2,,,Y
SYSTEM,CLI_FAMILIAR,9,DIRECCI2,VARCHAR2,300,,,Y
SYSTEM,CLI_FAMILIAR,10,CASAPROP,VARCHAR2,1,,,N
SYSTEM,CLI_FAMILIAR,11,FECHCREA,DATE,7,,,N
SYSTEM,CLI_FAMILIAR,12,USUACREA,VARCHAR2,20,,,N
SYSTEM,CLI_FAMILIAR,13,FECHACTU,DATE,7,,,Y
SYSTEM,CLI_FAMILIAR,14,USUACTUA,VARCHAR2,20,,,Y
SYSTEM,CLI_FAMILRELAC,1,VFSO_ID,NUMBER,22,10,0,N
SYSTEM,CLI_FAMILRELAC,2,FAMI_FAMI_ID,NUMBER,22,10,0,N
SYSTEM,CLI_FAMILRELAC,3,SLTD_NUMESOLI,NUMBER,22,10,0,N
SYSTEM,CLI_FAMILRELAC,4,SLTD_COMPANIA,VARCHAR2,10,,,N
SYSTEM,CLI_FAMILRELAC,5,SLTD_OFICINA,VARCHAR2,3,,,N
SYSTEM,CLI_FAMILRELAC,6,RESUINVE,VARCHAR2,500,,,Y
SYSTEM,CLI_FAMILRELAC,7,ESTADO,VARCHAR2,1,,,Y
SYSTEM,CLI_FAMILRELAC,8,FECHINVE,DATE,7,,,Y
SYSTEM,CLI_FAMILRELAC,9,FECHCREA,DATE,7,,,N
SYSTEM,CLI_FAMILRELAC,10,USUACREA,VARCHAR2,20,,,N
SYSTEM,CLI_FAMILRELAC,11,FECHACTU,DATE,7,,,Y
SYSTEM,CLI_FAMILRELAC,12,USUACTUA,VARCHAR2,20,,,Y
SYSTEM,CLI_GARANTE,1,CLTE_COMPANIA,VARCHAR2,10,,,N
SYSTEM,CLI_GARANTE,2,CLTE_IDCLIENTE,NUMBER,22,10,0,N
SYSTEM,CLI_GARANTE,3,SLTD_COMPANIA,VARCHAR2,10,,,N
SYSTEM,CLI_GARANTE,4,SLTD_OFICINA,VARCHAR2,3,,,N
SYSTEM,CLI_GARANTE,5,SLTD_NUMESOLI,NUMBER,22,10,0,N
SYSTEM,CLI_GARANTE,6,TGTE_TIPOGARA,VARCHAR2,3,,,N
SYSTEM,CLI_GARANTE,7,FECHCENTR,DATE,7,,,Y
SYSTEM,CLI_GARANTE,8,CALI_A,NUMBER,22,3,0,Y
SYSTEM,CLI_GARANTE,9,CALI_B,NUMBER,22,3,0,Y
SYSTEM,CLI_GARANTE,10,CALI_D,NUMBER,22,3,0,Y
SYSTEM,CLI_GARANTE,11,CALI_E,NUMBER,22,3,0,Y
SYSTEM,CLI_GARANTE,12,CALI_C,NUMBER,22,3,0,Y
SYSTEM,CLI_GARANTE,13,ACTIECON,VARCHAR2,4,,,Y
SYSTEM,CLI_GARANTE,14,SECTECON,VARCHAR2,10,,,Y
SYSTEM,CLI_GARANTE,15,ANIORESI,NUMBER,22,3,0,Y
SYSTEM,CLI_GARANTE,16,MESRESID,NUMBER,22,2,0,Y
SYSTEM,CLI_GARANTE,17,CANTON,VARCHAR2,2,,,Y
SYSTEM,CLI_GARANTE,18,PROVINC,VARCHAR2,2,,,Y
SYSTEM,CLI_GARANTE,19,ESTACIVI,VARCHAR2,1,,,Y
SYSTEM,CLI_GARANTE,20,NUMECARG,NUMBER,22,2,0,Y
SYSTEM,CLI_GARANTE,21,SEPABIEN,VARCHAR2,1,,,Y
SYSTEM,CLI_GARANTE,22,VIVIHIPO,VARCHAR2,1,,,Y
SYSTEM,CLI_GARANTE,23,VIVITIPO,VARCHAR2,1,,,Y
SYSTEM,CLI_GARANTE,24,PROFESIO,VARCHAR2,100,,,Y
SYSTEM,CLI_GARANTE,25,FECHCREA,DATE,7,,,N
SYSTEM,CLI_GARANTE,26,USUACREA,VARCHAR2,20,,,N
SYSTEM,CLI_GARANTE,27,FECHACTU,DATE,7,,,Y
SYSTEM,CLI_GARANTE,28,USUACTUA,VARCHAR2,20,,,Y
SYSTEM,CLI_GARANTE,29,TPRF_CODIPROF,VARCHAR2,3,,,Y
SYSTEM,CLI_GARASOLI,1,SLTD_COMPANIA,VARCHAR2,10,,,N
SYSTEM,CLI_GARASOLI,2,SLTD_OFICINA,VARCHAR2,3,,,N
SYSTEM,CLI_GARASOLI,3,SLTD_NUMESOLI,NUMBER,22,10,0,N
SYSTEM,CLI_GARASOLI,4,TGAR_TIPOGARA,VARCHAR2,5,,,N
SYSTEM,CLI_GARASOLI,5,DESGARAP,VARCHAR2,400,,,Y
SYSTEM,CLI_GARASOLI,6,GARPROPU,NUMBER,22,1,0,Y
SYSTEM,CLI_GARASOLI,7,GASO_ID,NUMBER,22,10,0,N
SYSTEM,CLI_GARASOLI,8,FECHCREA,DATE,7,,,N
SYSTEM,CLI_GARASOLI,9,USUACREA,VARCHAR2,20,,,N
SYSTEM,CLI_GARASOLI,10,FECHACTU,DATE,7,,,Y
SYSTEM,CLI_GARASOLI,11,USUACTUA,VARCHAR2,20,,,Y
SYSTEM,CLI_HISTCACL,1,VIGENTE,VARCHAR2,1,,,N
SYSTEM,CLI_HISTCACL,2,DESCRIPC,VARCHAR2,300,,,Y
SYSTEM,CLI_HISTCACL,3,CLTE_COMPANIA,VARCHAR2,10,,,N
SYSTEM,CLI_HISTCACL,4,CLTE_IDCLIENTE,NUMBER,22,10,0,N
SYSTEM,CLI_HISTCACL,5,CTCL_CATEGORI,VARCHAR2,10,,,N
SYSTEM,CLI_HISTCACL,6,USUACREA,VARCHAR2,20,,,N
SYSTEM,CLI_HISTCACL,7,FECHCREA,DATE,7,,,N
SYSTEM,CLI_HISTCACL,8,USUACTUA,VARCHAR2,20,,,Y
SYSTEM,CLI_HISTCACL,9,FECHACTU,DATE,7,,,Y
SYSTEM,CLI_HISTMSCT,1,PRFM_PRFM_ID,NUMBER,22,10,0,Y
SYSTEM,CLI_HISTMSCT,2,HMSC_ID,NUMBER,22,10,0,N
SYSTEM,CLI_HISTMSCT,3,NOMBRE,VARCHAR2,150,,,N
SYSTEM,CLI_HISTMSCT,4,RAZA,VARCHAR2,50,,,Y
SYSTEM,CLI_HISTMSCT,5,GENERO,VARCHAR2,50,,,N
SYSTEM,CLI_HISTMSCT,6,DOSIS,NUMBER,22,15,0,Y
SYSTEM,CLI_HISTMSCT,7,PESO,NUMBER,22,15,2,Y
SYSTEM,CLI_HISTMSCT,8,FECHNACI,DATE,7,,,Y
SYSTEM,CLI_HISTMSCT,9,PALASDIA,NUMBER,22,15,2,Y
SYSTEM,CLI_HISTMSCT,10,FECHINIC,DATE,7,,,N
SYSTEM,CLI_HISTMSCT,11,FECHFIN,DATE,7,,,N
SYSTEM,CLI_HISTMSCT,12,OBS,VARCHAR2,500,,,Y
SYSTEM,CLI_HISTMSCT,13,USUACREA,VARCHAR2,20,,,N
SYSTEM,CLI_HISTMSCT,14,FECHCREA,DATE,7,,,N
SYSTEM,CLI_HISTMSCT,15,USUACTUA,VARCHAR2,20,,,Y
SYSTEM,CLI_HISTMSCT,16,FECHACTU,DATE,7,,,Y
SYSTEM,CLI_HISTMSCT,17,NUMBER1,NUMBER,22,,,Y
SYSTEM,CLI_HISTMSCT,18,NUMBER2,NUMBER,22,,,Y
SYSTEM,CLI_HISTMSCT,19,NUMBER3,NUMBER,22,,,Y
SYSTEM,CLI_HISTMSCT,20,NUMBER4,NUMBER,22,,,Y
SYSTEM,CLI_HISTMSCT,21,NUMBER5,NUMBER,22,,,Y
SYSTEM,CLI_HISTMSCT,22,VCHAR1,VARCHAR2,500,,,Y
SYSTEM,CLI_HISTMSCT,23,VCHAR2,VARCHAR2,500,,,Y
SYSTEM,CLI_HISTMSCT,24,VCHAR3,VARCHAR2,500,,,Y
SYSTEM,CLI_HISTMSCT,25,VCHAR4,VARCHAR2,500,,,Y
SYSTEM,CLI_HISTMSCT,26,VCHAR5,VARCHAR2,500,,,Y
SYSTEM,CLI_HISTMSCT,27,MASC_IDMASCOT,VARCHAR2,40,,,N
SYSTEM,CLI_INGEGRMENS,1,SLTD_NUMESOLI,NUMBER,22,10,0,N
SYSTEM,CLI_INGEGRMENS,2,MONTO,NUMBER,22,15,2,Y
SYSTEM,CLI_INGEGRMENS,3,IEME_ID,NUMBER,22,10,0,N
SYSTEM,CLI_INGEGRMENS,4,SLTD_COMPANIA,VARCHAR2,10,,,N
SYSTEM,CLI_INGEGRMENS,5,SLTD_OFICINA,VARCHAR2,3,,,N
SYSTEM,CLI_INGEGRMENS,6,CLTE_COMPANIA,VARCHAR2,10,,,N
SYSTEM,CLI_INGEGRMENS,7,CLTE_IDCLIENTE,NUMBER,22,10,0,N
SYSTEM,CLI_INGEGRMENS,8,OFCN_COMPANIA,VARCHAR2,10,,,N
SYSTEM,CLI_INGEGRMENS,9,OFCN_OFICINA,VARCHAR2,3,,,N
SYSTEM,CLI_INGEGRMENS,10,DESCRIPC,VARCHAR2,100,,,Y
SYSTEM,CLI_INGEGRMENS,11,VIGENTE,VARCHAR2,1,,,N
SYSTEM,CLI_INGEGRMENS,12,FECHCREA,DATE,7,,,N
SYSTEM,CLI_INGEGRMENS,13,DEIE_TIPOINEG,VARCHAR2,5,,,N
SYSTEM,CLI_INGEGRMENS,14,USUACREA,VARCHAR2,20,,,N
SYSTEM,CLI_INGEGRMENS,15,FECHACTU,DATE,7,,,Y
SYSTEM,CLI_INGEGRMENS,16,USUACTUA,VARCHAR2,20,,,Y
SYSTEM,CLI_INTEGCOMIT,1,CCRE_IDUSUAR,VARCHAR2,20,,,N
SYSTEM,CLI_INTEGCOMIT,2,CCRE_ROL,VARCHAR2,10,,,N
SYSTEM,CLI_INTEGCOMIT,3,SLTD_NUMESOLI,NUMBER,22,10,0,N
SYSTEM,CLI_INTEGCOMIT,4,SLTD_COMPANIA,VARCHAR2,10,,,N
SYSTEM,CLI_INTEGCOMIT,5,SLTD_OFICINA,VARCHAR2,3,,,N
SYSTEM,CLI_INTEGCOMIT,6,ESTADO,VARCHAR2,2,,,N
SYSTEM,CLI_INTEGCOMIT,7,OBSERVAC,VARCHAR2,1000,,,Y
SYSTEM,CLI_INTEGCOMIT,8,COMEESTA,VARCHAR2,1000,,,Y
SYSTEM,CLI_INTEGCOMIT,9,ICOM_ID,NUMBER,22,10,0,N
SYSTEM,CLI_INTEGCOMIT,10,FECHCREA,DATE,7,,,N
SYSTEM,CLI_INTEGCOMIT,11,USUACREA,VARCHAR2,20,,,N
SYSTEM,CLI_INTEGCOMIT,12,FECHACTU,DATE,7,,,Y
SYSTEM,CLI_INTEGCOMIT,13,USUACTUA,VARCHAR2,20,,,Y
SYSTEM,CLI_INVESCENTR,1,GRTE_COMPANIA,VARCHAR2,10,,,N
SYSTEM,CLI_INVESCENTR,2,GRTE_IDCLIENTE,NUMBER,22,10,0,N
SYSTEM,CLI_INVESCENTR,3,SLTD_COMPANIA,VARCHAR2,10,,,N
SYSTEM,CLI_INVESCENTR,4,SLTD_OFICINA,VARCHAR2,3,,,N
SYSTEM,CLI_INVESCENTR,5,SLTD_NUMESOLI,NUMBER,22,10,0,N
SYSTEM,CLI_INVESCENTR,6,TIMO_CODIMONT,VARCHAR2,3,,,N
SYSTEM,CLI_INVESCENTR,7,DIRECTO,NUMBER,22,15,2,Y
SYSTEM,CLI_INVESCENTR,8,INDIRECTO,NUMBER,22,15,2,Y
SYSTEM,CLI_INVESCENTR,9,ICEN_ID,NUMBER,22,10,0,N
SYSTEM,CLI_INVESCENTR,10,FECHCREA,DATE,7,,,N
SYSTEM,CLI_INVESCENTR,11,USUACREA,VARCHAR2,20,,,N
SYSTEM,CLI_INVESCENTR,12,FECHACTU,DATE,7,,,Y
SYSTEM,CLI_INVESCENTR,13,USUACTUA,VARCHAR2,20,,,Y
SYSTEM,CLI_LINECRED,1,CLTE_COMPANIA,VARCHAR2,10,,,N
SYSTEM,CLI_LINECRED,2,CLTE_IDCLIENTE,NUMBER,22,10,0,N
SYSTEM,CLI_LINECRED,3,FECHA,DATE,7,,,N
SYSTEM,CLI_LINECRED,4,DSPTPG,NUMBER,22,12,4,Y
SYSTEM,CLI_LINECRED,5,MONTO,NUMBER,22,16,2,N
SYSTEM,CLI_LINECRED,6,DIASCRED,NUMBER,22,4,0,N
SYSTEM,CLI_LINECRED,7,COMENTAR,VARCHAR2,200,,,Y
SYSTEM,CLI_LINECRED,8,FECHCREA,DATE,7,,,N
SYSTEM,CLI_LINECRED,9,USUACREA,VARCHAR2,20,,,N
SYSTEM,CLI_LINECRED,10,FECHACTU,DATE,7,,,Y
SYSTEM,CLI_LINECRED,11,USUACTUA,VARCHAR2,20,,,Y
SYSTEM,CLI_MASCOTA,1,IDMASCOT,VARCHAR2,40,,,N
SYSTEM,CLI_MASCOTA,2,NOMBRE,VARCHAR2,150,,,N
SYSTEM,CLI_MASCOTA,3,RAZA,VARCHAR2,50,,,Y
SYSTEM,CLI_MASCOTA,4,GENERO,VARCHAR2,50,,,N
SYSTEM,CLI_MASCOTA,5,DOSIS,NUMBER,22,15,0,Y
SYSTEM,CLI_MASCOTA,6,PESO,NUMBER,22,15,2,Y
SYSTEM,CLI_MASCOTA,7,FECHNACI,DATE,7,,,Y
SYSTEM,CLI_MASCOTA,8,PALASDIA,NUMBER,22,15,2,Y
SYSTEM,CLI_MASCOTA,9,OBS,VARCHAR2,500,,,Y
SYSTEM,CLI_MASCOTA,10,USUACREA,VARCHAR2,20,,,N
SYSTEM,CLI_MASCOTA,11,FECHCREA,DATE,7,,,N
SYSTEM,CLI_MASCOTA,12,USUACTUA,VARCHAR2,20,,,Y
SYSTEM,CLI_MASCOTA,13,FECHACTU,DATE,7,,,Y
SYSTEM,CLI_MASCOTA,14,NUMBER1,NUMBER,22,,,Y
SYSTEM,CLI_MASCOTA,15,NUMBER2,NUMBER,22,,,Y
SYSTEM,CLI_MASCOTA,16,NUMBER3,NUMBER,22,,,Y
SYSTEM,CLI_MASCOTA,17,NUMBER4,NUMBER,22,,,Y
SYSTEM,CLI_MASCOTA,18,NUMBER5,NUMBER,22,,,Y
SYSTEM,CLI_MASCOTA,19,VCHAR1,VARCHAR2,500,,,Y
SYSTEM,CLI_MASCOTA,20,VCHAR2,VARCHAR2,500,,,Y
SYSTEM,CLI_MASCOTA,21,VCHAR3,VARCHAR2,500,,,Y
SYSTEM,CLI_MASCOTA,22,VCHAR4,VARCHAR2,500,,,Y
SYSTEM,CLI_MASCOTA,23,VCHAR5,VARCHAR2,500,,,Y
SYSTEM,CLI_MASCOTA,24,CLTE_IDCLIENTE,NUMBER,22,10,0,Y
SYSTEM,CLI_MASCOTA,25,CLTE_COMPANIA,VARCHAR2,10,,,Y
SYSTEM,CLI_NEGOCPROPI,1,CANT_CODICANT,VARCHAR2,3,,,N
SYSTEM,CLI_NEGOCPROPI,2,CANT_CODIPROV,VARCHAR2,3,,,N
SYSTEM,CLI_NEGOCPROPI,3,NTRL_COMPANIA,VARCHAR2,10,,,N
SYSTEM,CLI_NEGOCPROPI,4,NTRL_IDCLIENTE,NUMBER,22,10,0,N
SYSTEM,CLI_NEGOCPROPI,5,SLTD_NUMESOLI,NUMBER,22,10,0,N
SYSTEM,CLI_NEGOCPROPI,6,SLTD_COMPANIA,VARCHAR2,10,,,N
SYSTEM,CLI_NEGOCPROPI,7,SLTD_OFICINA,VARCHAR2,3,,,N
SYSTEM,CLI_NEGOCPROPI,8,TIPOLOCA,VARCHAR2,1,,,N
SYSTEM,CLI_NEGOCPROPI,9,TIPONEGO,VARCHAR2,50,,,N
SYSTEM,CLI_NEGOCPROPI,10,VENTMENS,NUMBER,22,15,2,Y
SYSTEM,CLI_NEGOCPROPI,11,UTILMENS,NUMBER,22,15,2,Y
SYSTEM,CLI_NEGOCPROPI,12,ANIOQPOSEE,NUMBER,22,3,0,Y
SYSTEM,CLI_NEGOCPROPI,13,MESQPOSEE,NUMBER,22,2,0,Y
SYSTEM,CLI_NEGOCPROPI,14,VIGENTE,VARCHAR2,1,,,N
SYSTEM,CLI_NEGOCPROPI,15,OBSEINVE,VARCHAR2,500,,,Y
SYSTEM,CLI_NEGOCPROPI,16,FECHINVE,DATE,7,,,Y
SYSTEM,CLI_NEGOCPROPI,17,ESTAINVE,VARCHAR2,1,,,Y
SYSTEM,CLI_NEGOCPROPI,18,PRINCIPA,VARCHAR2,1,,,N
SYSTEM,CLI_NEGOCPROPI,19,NEGOHIPO,VARCHAR2,1,,,N
SYSTEM,CLI_NEGOCPROPI,20,SOCIOS,VARCHAR2,1,,,Y
SYSTEM,CLI_NEGOCPROPI,21,FECHINAC,DATE,7,,,Y
SYSTEM,CLI_NEGOCPROPI,22,NPRO_ID,NUMBER,22,10,0,N
SYSTEM,CLI_NEGOCPROPI,23,FECHCREA,DATE,7,,,N
SYSTEM,CLI_NEGOCPROPI,24,USUACREA,VARCHAR2,20,,,N
SYSTEM,CLI_NEGOCPROPI,25,FECHACTU,DATE,7,,,Y
SYSTEM,CLI_NEGOCPROPI,26,USUACTUA,VARCHAR2,20,,,Y
SYSTEM,CLI_OTRACTRELA,1,OACT_OACT_ID,NUMBER,22,10,0,N
SYSTEM,CLI_OTRACTRELA,2,SLTD_NUMESOLI,NUMBER,22,10,0,N
SYSTEM,CLI_OTRACTRELA,3,SLTD_COMPANIA,VARCHAR2,10,,,N
SYSTEM,CLI_OTRACTRELA,4,SLTD_OFICINA,VARCHAR2,3,,,N
SYSTEM,CLI_OTRACTRELA,5,OARE_ID,NUMBER,22,10,0,N
SYSTEM,CLI_OTRACTRELA,6,FECHCREA,DATE,7,,,N
SYSTEM,CLI_OTRACTRELA,7,USUACREA,VARCHAR2,20,,,N
SYSTEM,CLI_OTRACTRELA,8,FECHACTU,DATE,7,,,Y
SYSTEM,CLI_OTRACTRELA,9,USUACTUA,VARCHAR2,20,,,Y
SYSTEM,CLI_OTROACTIVO,1,NTRL_COMPANIA,VARCHAR2,10,,,N
SYSTEM,CLI_OTROACTIVO,2,NTRL_IDCLIENTE,NUMBER,22,10,0,N
SYSTEM,CLI_OTROACTIVO,3,TIPOACTI,VARCHAR2,3,,,N
SYSTEM,CLI_OTROACTIVO,4,DESCRIPC,VARCHAR2,200,,,Y
SYSTEM,CLI_OTROACTIVO,5,AVALUO,NUMBER,22,15,2,N
SYSTEM,CLI_OTROACTIVO,6,OACT_ID,NUMBER,22,10,0,N
SYSTEM,CLI_OTROACTIVO,7,FECHCREA,DATE,7,,,N
SYSTEM,CLI_OTROACTIVO,8,USUACREA,VARCHAR2,20,,,N
SYSTEM,CLI_OTROACTIVO,9,FECHACTU,DATE,7,,,Y
SYSTEM,CLI_OTROACTIVO,10,USUACTUA,VARCHAR2,20,,,Y
SYSTEM,CLI_PARACONT,1,PRCN_ID,NUMBER,22,10,0,N
SYSTEM,CLI_PARACONT,2,CONTENIDO,VARCHAR2,4000,,,Y
SYSTEM,CLI_PARACONT,3,VIGENTE,VARCHAR2,1,,,N
SYSTEM,CLI_PARACONT,4,FECHA,DATE,7,,,N
SYSTEM,CLI_PARACONT,5,USUACREA,VARCHAR2,20,,,N
SYSTEM,CLI_PARACONT,6,FECHCREA,DATE,7,,,N
SYSTEM,CLI_PARACONT,7,USUACTUA,VARCHAR2,20,,,Y
SYSTEM,CLI_PARACONT,8,FECHACTU,DATE,7,,,Y
SYSTEM,CLI_PARACTCL,1,PACC_ID,NUMBER,22,10,0,N
SYSTEM,CLI_PARACTCL,2,VIGENTE,VARCHAR2,1,,,N
SYSTEM,CLI_PARACTCL,3,RECAZONA,VARCHAR2,1,,,N
SYSTEM,CLI_PARACTCL,4,DESCRIPC,VARCHAR2,300,,,Y
SYSTEM,CLI_PARACTCL,5,DESCUENTO,NUMBER,22,9,3,N
SYSTEM,CLI_PARACTCL,6,CCLI_COMPANIA,VARCHAR2,10,,,N
SYSTEM,CLI_PARACTCL,7,CCLI_CLASE,VARCHAR2,10,,,N
SYSTEM,CLI_PARACTCL,8,CTCL_CATEGORI,VARCHAR2,10,,,N
SYSTEM,CLI_PARACTCL,9,USUACREA,VARCHAR2,20,,,N
SYSTEM,CLI_PARACTCL,10,FECHCREA,DATE,7,,,N
SYSTEM,CLI_PARACTCL,11,USUACTUA,VARCHAR2,20,,,Y
SYSTEM,CLI_PARACTCL,12,FECHACTU,DATE,7,,,Y
SYSTEM,CLI_PARACTCL,13,LICP_CODIGO,VARCHAR2,3,,,Y
SYSTEM,CLI_PARAEXPO,1,VIGENTE,VARCHAR2,1,,,N
SYSTEM,CLI_PARAEXPO,2,CLPE_ID,NUMBER,22,10,0,N
SYSTEM,CLI_PARAEXPO,3,USUACREA,VARCHAR2,20,,,N
SYSTEM,CLI_PARAEXPO,4,FECHCREA,DATE,7,,,N
SYSTEM,CLI_PARAEXPO,5,USUACTUA,VARCHAR2,20,,,Y
SYSTEM,CLI_PARAEXPO,6,FECHACTU,DATE,7,,,Y
SYSTEM,CLI_PARAEXPO,7,CLTE_IDCLIENTE,NUMBER,22,10,0,N
SYSTEM,CLI_PARAEXPO,8,CLTE_COMPANIA,VARCHAR2,10,,,N
SYSTEM,CLI_PARAEXPO,9,EMBA_CODIGO,VARCHAR2,10,,,N
SYSTEM,CLI_PARAEXPO,10,INCT_CODIGO,VARCHAR2,5,,,Y
SYSTEM,CLI_PASIVOS,1,CLTE_COMPANIA,VARCHAR2,10,,,N
SYSTEM,CLI_PASIVOS,2,CLTE_IDCLIENTE,NUMBER,22,10,0,N
SYSTEM,CLI_PASIVOS,3,PLAZO,VARCHAR2,20,,,N
SYSTEM,CLI_PASIVOS,4,PAGOMENS,NUMBER,22,15,2,Y
SYSTEM,CLI_PASIVOS,5,SALDTOTA,NUMBER,22,15,2,N
SYSTEM,CLI_PASIVOS,6,PASI_ID,NUMBER,22,10,0,N
SYSTEM,CLI_PASIVOS,7,FECHCREA,DATE,7,,,N
SYSTEM,CLI_PASIVOS,8,USUACREA,VARCHAR2,20,,,N
SYSTEM,CLI_PASIVOS,9,FECHACTU,DATE,7,,,Y
SYSTEM,CLI_PASIVOS,10,USUACTUA,VARCHAR2,20,,,Y
SYSTEM,CLI_PASIVOS,11,DESCRIP,VARCHAR2,300,,,Y
SYSTEM,CLI_PASIVRELAC,1,PARE_ID,NUMBER,22,10,0,N
SYSTEM,CLI_PASIVRELAC,2,PASI_PASI_ID,NUMBER,22,10,0,N
SYSTEM,CLI_PASIVRELAC,3,SLTD_COMPANIA,VARCHAR2,10,,,N
SYSTEM,CLI_PASIVRELAC,4,SLTD_OFICINA,VARCHAR2,3,,,N
SYSTEM,CLI_PASIVRELAC,5,SLTD_NUMESOLI,NUMBER,22,10,0,N
SYSTEM,CLI_PASIVRELAC,6,FECHCREA,DATE,7,,,N
SYSTEM,CLI_PASIVRELAC,7,USUACREA,VARCHAR2,20,,,N
SYSTEM,CLI_PASIVRELAC,8,FECHACTU,DATE,7,,,Y
SYSTEM,CLI_PASIVRELAC,9,USUACTUA,VARCHAR2,20,,,Y
SYSTEM,CLI_PROCLIRELA,1,PCRE_ID,NUMBER,22,10,0,N
SYSTEM,CLI_PROCLIRELA,2,PRCL_PRCL_ID,NUMBER,22,10,0,N
SYSTEM,CLI_PROCLIRELA,3,SLTD_NUMESOLI,NUMBER,22,10,0,N
SYSTEM,CLI_PROCLIRELA,4,SLTD_COMPANIA,VARCHAR2,10,,,N
SYSTEM,CLI_PROCLIRELA,5,SLTD_OFICINA,VARCHAR2,3,,,N
SYSTEM,CLI_PROCLIRELA,6,FECHCREA,DATE,7,,,N
SYSTEM,CLI_PROCLIRELA,7,USUACREA,VARCHAR2,20,,,N
SYSTEM,CLI_PROCLIRELA,8,FECHACTU,DATE,7,,,Y
SYSTEM,CLI_PROCLIRELA,9,USUACTUA,VARCHAR2,20,,,Y
SYSTEM,CLI_PROPICLIEN,1,NTRL_COMPANIA,VARCHAR2,10,,,N
SYSTEM,CLI_PROPICLIEN,2,NTRL_IDCLIENTE,NUMBER,22,10,0,N
SYSTEM,CLI_PROPICLIEN,3,DIRECCION,VARCHAR2,200,,,N
SYSTEM,CLI_PROPICLIEN,4,AREATERR,VARCHAR2,20,,,Y
SYSTEM,CLI_PROPICLIEN,5,M2CONSTR,VARCHAR2,20,,,Y
SYSTEM,CLI_PROPICLIEN,6,AVALUO,NUMBER,22,15,2,N
SYSTEM,CLI_PROPICLIEN,7,HIPOTECA,VARCHAR2,1,,,Y
SYSTEM,CLI_PROPICLIEN,8,PRCL_ID,NUMBER,22,10,0,N
SYSTEM,CLI_PROPICLIEN,9,FECHCREA,DATE,7,,,N
SYSTEM,CLI_PROPICLIEN,10,USUACREA,VARCHAR2,20,,,N
SYSTEM,CLI_PROPICLIEN,11,FECHACTU,DATE,7,,,Y
SYSTEM,CLI_PROPICLIEN,12,USUACTUA,VARCHAR2,20,,,Y
SYSTEM,CLI_RANGCALI,1,TPCF_COMPANIA,VARCHAR2,10,,,N
SYSTEM,CLI_RANGCALI,2,TPCF_CODICALI,VARCHAR2,1,,,N
SYSTEM,CLI_RANGCALI,3,PLAZOINI,NUMBER,22,5,0,Y
SYSTEM,CLI_RANGCALI,4,PLAZOFIN,NUMBER,22,5,0,Y
SYSTEM,CLI_RANGCALI,5,OBSERVAC,VARCHAR2,40,,,Y
SYSTEM,CLI_RANGCALI,6,RGCL_ID,NUMBER,22,10,0,N
SYSTEM,CLI_RANGCALI,7,FECHCREA,DATE,7,,,N
SYSTEM,CLI_RANGCALI,8,USUACREA,VARCHAR2,20,,,N
SYSTEM,CLI_RANGCALI,9,FECHACTU,DATE,7,,,Y
SYSTEM,CLI_RANGCALI,10,USUACTUA,VARCHAR2,20,,,Y
SYSTEM,CLI_RCCLCORR,1,RCCO_ID,NUMBER,22,10,0,N
SYSTEM,CLI_RCCLCORR,2,PRINCIPAL,VARCHAR2,1,,,N
SYSTEM,CLI_RCCLCORR,3,OBSERVAC,VARCHAR2,80,,,Y
SYSTEM,CLI_RCCLCORR,4,RCDP_COMPANIA,VARCHAR2,10,,,N
SYSTEM,CLI_RCCLCORR,5,RCDP_IDCLIENTE,NUMBER,22,10,0,N
SYSTEM,CLI_RCCLCORR,6,EMAIL,VARCHAR2,500,,,Y
SYSTEM,CLI_RCCLCORR,7,RCDP_IDRESCLI,NUMBER,22,10,0,N
SYSTEM,CLI_RCCLCORR,8,USUACREA,VARCHAR2,20,,,Y
SYSTEM,CLI_RCCLCORR,9,FECHCREA,DATE,7,,,Y
SYSTEM,CLI_RCCLCORR,10,USUACTUA,VARCHAR2,20,,,Y
SYSTEM,CLI_RCCLCORR,11,FECHACTU,DATE,7,,,Y
SYSTEM,CLI_RCCLDAPE,1,CLTE_COMPANIA,VARCHAR2,10,,,N
SYSTEM,CLI_RCCLDAPE,2,TPIDEN,VARCHAR2,1,,,Y
SYSTEM,CLI_RCCLDAPE,3,CLTE_IDCLIENTE,NUMBER,22,10,0,N
SYSTEM,CLI_RCCLDAPE,4,IDRESCLI,NUMBER,22,10,0,N
SYSTEM,CLI_RCCLDAPE,5,CEDURUC,VARCHAR2,13,,,Y
SYSTEM,CLI_RCCLDAPE,6,CLASESUJE,VARCHAR2,1,,,Y
SYSTEM,CLI_RCCLDAPE,7,TIPONACI,VARCHAR2,1,,,Y
SYSTEM,CLI_RCCLDAPE,8,NOMBCOMP,VARCHAR2,100,,,Y
SYSTEM,CLI_RCCLDAPE,9,NOMBCORT,VARCHAR2,20,,,Y
SYSTEM,CLI_RCCLDAPE,10,APELLIDOS,VARCHAR2,50,,,Y
SYSTEM,CLI_RCCLDAPE,11,NOMBRES,VARCHAR2,50,,,Y
SYSTEM,CLI_RCCLDAPE,12,REFERENC,VARCHAR2,70,,,Y
SYSTEM,CLI_RCCLDAPE,13,OBSERVAC,VARCHAR2,500,,,Y
SYSTEM,CLI_RCCLDAPE,14,USUACREA,VARCHAR2,20,,,N
SYSTEM,CLI_RCCLDAPE,15,FECHCREA,DATE,7,,,N
SYSTEM,CLI_RCCLDAPE,16,USUACTUA,VARCHAR2,20,,,Y
SYSTEM,CLI_RCCLDAPE,17,FECHACTU,DATE,7,,,Y
SYSTEM,CLI_RCCLDIRE,1,RCDI_ID,NUMBER,22,10,0,N
SYSTEM,CLI_RCCLDIRE,2,TIPODIRE,VARCHAR2,50,,,Y
SYSTEM,CLI_RCCLDIRE,3,LUGAR,VARCHAR2,500,,,Y
SYSTEM,CLI_RCCLDIRE,4,DIRECOMP,VARCHAR2,500,,,Y
SYSTEM,CLI_RCCLDIRE,5,CALLPRNO,VARCHAR2,240,,,Y
SYSTEM,CLI_RCCLDIRE,6,VIVINUME,VARCHAR2,240,,,Y
SYSTEM,CLI_RCCLDIRE,7,CALLSENO,VARCHAR2,240,,,Y
SYSTEM,CLI_RCCLDIRE,8,VIVITIPO,VARCHAR2,50,,,Y
SYSTEM,CLI_RCCLDIRE,9,DATADIVI,VARCHAR2,500,,,Y
SYSTEM,CLI_RCCLDIRE,10,REFERENC,VARCHAR2,100,,,Y
SYSTEM,CLI_RCCLDIRE,11,LONGITUD,NUMBER,22,18,6,Y
SYSTEM,CLI_RCCLDIRE,12,LATITUD,NUMBER,22,18,6,Y
SYSTEM,CLI_RCCLDIRE,13,GUZO_ID,NUMBER,22,10,0,Y
SYSTEM,CLI_RCCLDIRE,14,RCDP_IDRESCLI,NUMBER,22,10,0,N
SYSTEM,CLI_RCCLDIRE,15,RCDP_COMPANIA,VARCHAR2,10,,,N
SYSTEM,CLI_RCCLDIRE,16,RCDP_IDCLIENTE,NUMBER,22,10,0,N
SYSTEM,CLI_RCCLDIRE,17,USUACREA,VARCHAR2,20,,,N
SYSTEM,CLI_RCCLDIRE,18,FECHCREA,DATE,7,,,N
SYSTEM,CLI_RCCLDIRE,19,USUACTUA,VARCHAR2,20,,,Y
SYSTEM,CLI_RCCLDIRE,20,FECHACTU,DATE,7,,,Y
SYSTEM,CLI_RCCLDIRE,21,PRINCIPAL,VARCHAR2,1,,,Y
SYSTEM,CLI_RCCLDIRE,22,ALTURA,NUMBER,22,,,Y
SYSTEM,CLI_RCCLNUEX,1,RCEX_ID,NUMBER,22,10,0,N
SYSTEM,CLI_RCCLNUEX,2,RCTE_RCTE_ID,NUMBER,22,10,0,N
SYSTEM,CLI_RCCLNUEX,3,EXTENSION,VARCHAR2,50,,,Y
SYSTEM,CLI_RCCLNUEX,4,CONTACTO,VARCHAR2,500,,,Y
SYSTEM,CLI_RCCLNUEX,5,OBSERVAC,VARCHAR2,500,,,Y
SYSTEM,CLI_RCCLNUEX,6,USUACREA,VARCHAR2,20,,,N
SYSTEM,CLI_RCCLNUEX,7,FECHCREA,DATE,7,,,N
SYSTEM,CLI_RCCLNUEX,8,USUACTUA,VARCHAR2,20,,,Y
SYSTEM,CLI_RCCLNUEX,9,FECHACTU,DATE,7,,,Y
SYSTEM,CLI_RCCLNUTE,1,RCTE_ID,NUMBER,22,10,0,N
SYSTEM,CLI_RCCLNUTE,2,NUMETELE,VARCHAR2,50,,,Y
SYSTEM,CLI_RCCLNUTE,3,CSERVTELE,NUMBER,22,10,0,Y
SYSTEM,CLI_RCCLNUTE,4,CONTACTO,VARCHAR2,500,,,Y
SYSTEM,CLI_RCCLNUTE,5,OBSERVAC,VARCHAR2,500,,,Y
SYSTEM,CLI_RCCLNUTE,6,TPFN_TIPOTELE,VARCHAR2,1,,,N
SYSTEM,CLI_RCCLNUTE,7,PAIS_CODIPAIS,VARCHAR2,2,,,Y
SYSTEM,CLI_RCCLNUTE,8,PVCA_CODIPROV,VARCHAR2,3,,,Y
SYSTEM,CLI_RCCLNUTE,9,RCDI_RCDI_ID,NUMBER,22,10,0,N
SYSTEM,CLI_RCCLNUTE,10,USUACREA,VARCHAR2,20,,,N
SYSTEM,CLI_RCCLNUTE,11,FECHCREA,DATE,7,,,N
SYSTEM,CLI_RCCLNUTE,12,USUACTUA,VARCHAR2,20,,,Y
SYSTEM,CLI_RCCLNUTE,13,FECHACTU,DATE,7,,,Y
SYSTEM,CLI_RCCLNUTE,14,PRINCIPAL,VARCHAR2,1,,,Y
SYSTEM,CLI_REFBANRELA,1,RBRE_ID,NUMBER,22,10,0,N
SYSTEM,CLI_REFBANRELA,2,RBAN_RBAN_ID,NUMBER,22,10,0,N
SYSTEM,CLI_REFBANRELA,3,SLTD_NUMESOLI,NUMBER,22,10,0,N
SYSTEM,CLI_REFBANRELA,4,SLTD_COMPANIA,VARCHAR2,10,,,N
SYSTEM,CLI_REFBANRELA,5,SLTD_OFICINA,VARCHAR2,3,,,N
SYSTEM,CLI_REFBANRELA,6,FECHINVE,DATE,7,,,Y
SYSTEM,CLI_REFBANRELA,7,CIFRSALD,NUMBER,22,2,0,Y
SYSTEM,CLI_REFBANRELA,8,CALISALD,VARCHAR2,1,,,Y
SYSTEM,CLI_REFBANRELA,9,FECHAPER,VARCHAR2,15,,,Y
SYSTEM,CLI_REFBANRELA,10,PROTESTO,NUMBER,22,3,0,Y
SYSTEM,CLI_REFBANRELA,11,CIFRCRED,NUMBER,22,2,0,Y
SYSTEM,CLI_REFBANRELA,12,CALICRED,VARCHAR2,1,,,Y
SYSTEM,CLI_REFBANRELA,13,OBSERVAC,VARCHAR2,200,,,Y
SYSTEM,CLI_REFBANRELA,14,ESTADO,VARCHAR2,1,,,Y
SYSTEM,CLI_REFBANRELA,15,TIPODEUDA,VARCHAR2,1,,,Y
SYSTEM,CLI_REFBANRELA,16,TIPOPROTE,VARCHAR2,1,,,Y
SYSTEM,CLI_REFBANRELA,17,FECHCREA,DATE,7,,,N
SYSTEM,CLI_REFBANRELA,18,USUACREA,VARCHAR2,20,,,N
SYSTEM,CLI_REFBANRELA,19,FECHACTU,DATE,7,,,Y
SYSTEM,CLI_REFBANRELA,20,USUACTUA,VARCHAR2,20,,,Y
SYSTEM,CLI_REFCOMRELA,1,RCRE_ID,NUMBER,22,10,0,N
SYSTEM,CLI_REFCOMRELA,2,RCOM_RCOM_ID,NUMBER,22,10,0,N
SYSTEM,CLI_REFCOMRELA,3,SLTD_COMPANIA,VARCHAR2,10,,,N
SYSTEM,CLI_REFCOMRELA,4,SLTD_OFICINA,VARCHAR2,3,,,N
SYSTEM,CLI_REFCOMRELA,5,SLTD_NUMESOLI,NUMBER,22,10,0,N
SYSTEM,CLI_REFCOMRELA,6,FECHINVE,DATE,7,,,Y
SYSTEM,CLI_REFCOMRELA,7,ANIOCLIEN,NUMBER,22,3,0,Y
SYSTEM,CLI_REFCOMRELA,8,MESCLIEN,NUMBER,22,2,0,Y
SYSTEM,CLI_REFCOMRELA,9,DETACOMP,VARCHAR2,200,,,Y
SYSTEM,CLI_REFCOMRELA,10,MONTCOMP,VARCHAR2,20,,,Y
SYSTEM,CLI_REFCOMRELA,11,PLAZCOMP,VARCHAR2,1,,,Y
SYSTEM,CLI_REFCOMRELA,12,FORMAPAGO,VARCHAR2,1,,,Y
SYSTEM,CLI_REFCOMRELA,13,OBSERVAC,VARCHAR2,100,,,Y
SYSTEM,CLI_REFCOMRELA,14,PERSREFE,VARCHAR2,60,,,Y
SYSTEM,CLI_REFCOMRELA,15,ESTADO,VARCHAR2,1,,,Y
SYSTEM,CLI_REFCOMRELA,16,RESUINVE,VARCHAR2,1,,,Y
SYSTEM,CLI_REFCOMRELA,17,CREDITO,VARCHAR2,1,,,Y
SYSTEM,CLI_REFCOMRELA,18,PLAZCRED,CHAR,5,,,Y
SYSTEM,CLI_REFCOMRELA,19,FECHCREA,DATE,7,,,N
SYSTEM,CLI_REFCOMRELA,20,USUACREA,VARCHAR2,20,,,N
SYSTEM,CLI_REFCOMRELA,21,FECHACTU,DATE,7,,,Y
SYSTEM,CLI_REFCOMRELA,22,USUACTUA,VARCHAR2,20,,,Y
SYSTEM,CLI_REFENTARJE,1,NTRL_COMPANIA,VARCHAR2,10,,,Y
SYSTEM,CLI_REFENTARJE,2,NTRL_IDCLIENTE,NUMBER,22,10,0,Y
SYSTEM,CLI_REFENTARJE,3,TACR_CODITARJ,VARCHAR2,10,,,N
SYSTEM,CLI_REFENTARJE,4,NUMETARJ,VARCHAR2,20,,,Y
SYSTEM,CLI_REFENTARJE,5,FECHVENC,DATE,7,,,Y
SYSTEM,CLI_REFENTARJE,6,RTAR_ID,NUMBER,22,10,0,N
SYSTEM,CLI_REFENTARJE,7,FECHCREA,DATE,7,,,N
SYSTEM,CLI_REFENTARJE,8,USUACREA,VARCHAR2,20,,,N
SYSTEM,CLI_REFENTARJE,9,FECHACTU,DATE,7,,,Y
SYSTEM,CLI_REFENTARJE,10,USUACTUA,VARCHAR2,20,,,Y
SYSTEM,CLI_REFENTARJE,11,BENEFICIAR,VARCHAR2,80,,,Y
SYSTEM,CLI_REFENTARJE,12,CEDURUC,VARCHAR2,13,,,Y
SYSTEM,CLI_REFENTARJE,13,PRINCIPAL,VARCHAR2,1,,,N
SYSTEM,CLI_REFENTARJE,14,CPRT_COMPANIA,VARCHAR2,10,,,Y
SYSTEM,CLI_REFENTARJE,15,CPRT_IDCLIENTE,NUMBER,22,10,0,Y
SYSTEM,CLI_REFENTARJE,16,TPID_TIPOIDEN,VARCHAR2,1,,,Y
SYSTEM,CLI_REFERBANC,1,BANC_IDBANCO,VARCHAR2,10,,,N
SYSTEM,CLI_REFERBANC,2,CLTE_COMPANIA,VARCHAR2,10,,,N
SYSTEM,CLI_REFERBANC,3,CLTE_IDCLIENTE,NUMBER,22,10,0,N
SYSTEM,CLI_REFERBANC,4,SUCURSAL,VARCHAR2,50,,,Y
SYSTEM,CLI_REFERBANC,5,NUMECUEN,VARCHAR2,20,,,Y
SYSTEM,CLI_REFERBANC,6,TIPOCUEN,VARCHAR2,1,,,N
SYSTEM,CLI_REFERBANC,7,RBAN_ID,NUMBER,22,10,0,N
SYSTEM,CLI_REFERBANC,8,FECHCREA,DATE,7,,,N
SYSTEM,CLI_REFERBANC,9,USUACREA,VARCHAR2,20,,,N
SYSTEM,CLI_REFERBANC,10,FECHACTU,DATE,7,,,Y
SYSTEM,CLI_REFERBANC,11,USUACTUA,VARCHAR2,20,,,Y
SYSTEM,CLI_REFERBANC,12,BENEFICI,VARCHAR2,80,,,Y
SYSTEM,CLI_REFERBANC,13,PRINCIPAL,VARCHAR2,1,,,N
SYSTEM,CLI_REFERBANC,14,CEDBENE,VARCHAR2,13,,,Y
SYSTEM,CLI_REFERBANC,15,VIGENTE,VARCHAR2,1,,,Y
SYSTEM,CLI_REFERBANC,16,DEBITO,VARCHAR2,1,,,Y
SYSTEM,CLI_REFERBANC,17,TPID_TIPOIDEN,VARCHAR2,1,,,Y
SYSTEM,CLI_REFERBANC,18,VALOBLOQ,NUMBER,22,22,4,N
SYSTEM,CLI_REFERBANC,19,NAMEPT,VARCHAR2,200,,,Y
SYSTEM,CLI_REFERBANC,20,SURNAMEPT,VARCHAR2,200,,,Y
SYSTEM,CLI_REFERBANC,21,EMAIPT,VARCHAR2,200,,,Y
SYSTEM,CLI_REFERBANC,22,CEDURUCPT,VARCHAR2,20,,,Y
SYSTEM,CLI_REFERBANC,23,TIPODOCUPT,VARCHAR2,10,,,Y
SYSTEM,CLI_REFERBANC,24,CODITARJPT,VARCHAR2,20,,,Y
SYSTEM,CLI_REFERBANC,25,TOKENPAGO,VARCHAR2,200,,,Y
SYSTEM,CLI_REFERBANC,26,RBAN_PRINCIPAL,VARCHAR2,1,,,Y
SYSTEM,CLI_REFERBANC,27,RBAN_CEDBENE,VARCHAR2,13,,,Y
SYSTEM,CLI_REFERBANC,28,MOBILEPP,VARCHAR2,20,,,Y
SYSTEM,CLI_REFERBANC,29,RBAN_VALOBLOQ,VARCHAR2,1,,,N
SYSTEM,CLI_REFERBANC,30,RBAN_VIGENTE,VARCHAR2,1,,,Y
SYSTEM,CLI_REFERCOMER,1,CLTE_COMPANIA,VARCHAR2,10,,,N
SYSTEM,CLI_REFERCOMER,2,CLTE_IDCLIENTE,NUMBER,22,10,0,N
SYSTEM,CLI_REFERCOMER,3,NOMBRE,VARCHAR2,50,,,N
SYSTEM,CLI_REFERCOMER,4,DIRECCIO,VARCHAR2,50,,,Y
SYSTEM,CLI_REFERCOMER,5,TELEFONO,VARCHAR2,20,,,Y
SYSTEM,CLI_REFERCOMER,6,RCOM_ID,NUMBER,22,10,0,N
SYSTEM,CLI_REFERCOMER,7,FECHCREA,DATE,7,,,N
SYSTEM,CLI_REFERCOMER,8,USUACREA,VARCHAR2,20,,,N
SYSTEM,CLI_REFERCOMER,9,FECHACTU,DATE,7,,,Y
SYSTEM,CLI_REFERCOMER,10,USUACTUA,VARCHAR2,20,,,Y
SYSTEM,CLI_REFTARRELA,1,RTRE_ID,NUMBER,22,10,0,N
SYSTEM,CLI_REFTARRELA,2,RTAR_RTAR_ID,NUMBER,22,10,0,N
SYSTEM,CLI_REFTARRELA,3,SLTD_COMPANIA,VARCHAR2,10,,,N
SYSTEM,CLI_REFTARRELA,4,SLTD_OFICINA,VARCHAR2,3,,,N
SYSTEM,CLI_REFTARRELA,5,SLTD_NUMESOLI,NUMBER,22,10,0,N
SYSTEM,CLI_REFTARRELA,6,FECHINVE,DATE,7,,,Y
SYSTEM,CLI_REFTARRELA,7,CIFRCUPO,NUMBER,22,2,0,Y
SYSTEM,CLI_REFTARRELA,8,CALICUPO,VARCHAR2,1,,,Y
SYSTEM,CLI_REFTARRELA,9,CIFRCONS,NUMBER,22,2,0,Y
SYSTEM,CLI_REFTARRELA,10,CALICONS,VARCHAR2,1,,,Y
SYSTEM,CLI_REFTARRELA,11,FECHAPER,VARCHAR2,15,,,Y
SYSTEM,CLI_REFTARRELA,12,TIPOPAGO,VARCHAR2,2,,,Y
SYSTEM,CLI_REFTARRELA,13,ESTADO,VARCHAR2,1,,,Y
SYSTEM,CLI_REFTARRELA,14,OBSERVAC,VARCHAR2,200,,,Y
SYSTEM,CLI_REFTARRELA,15,FECHCREA,DATE,7,,,N
SYSTEM,CLI_REFTARRELA,16,USUACREA,VARCHAR2,20,,,N
SYSTEM,CLI_REFTARRELA,17,FECHACTU,DATE,7,,,Y
SYSTEM,CLI_REFTARRELA,18,USUACTUA,VARCHAR2,20,,,Y
SYSTEM,CLI_REGLASCOMITE,1,RECO_ID,NUMBER,22,10,0,N
SYSTEM,CLI_REGLASCOMITE,2,NUMEINTE,NUMBER,22,3,0,N
SYSTEM,CLI_REGLASCOMITE,3,JEFATURA,VARCHAR2,1,,,N
SYSTEM,CLI_REGLASCOMITE,4,GERENCIA,VARCHAR2,1,,,N
SYSTEM,CLI_REGLASCOMITE,5,GARAREAL,VARCHAR2,1,,,N
SYSTEM,CLI_REGLASCOMITE,6,MONTOMIN,NUMBER,22,15,2,N
SYSTEM,CLI_REGLASCOMITE,7,MONTOMAX,NUMBER,22,15,2,N
SYSTEM,CLI_REGLASCOMITE,8,VIGENTE,VARCHAR2,1,,,N
SYSTEM,CLI_REGLASCOMITE,9,DIRECTORIO,VARCHAR2,1,,,N
SYSTEM,CLI_REGLASCOMITE,10,USUACREA,VARCHAR2,20,,,N
SYSTEM,CLI_REGLASCOMITE,11,FECHCREA,DATE,7,,,N
SYSTEM,CLI_REGLASCOMITE,12,DESCRIPC,VARCHAR2,500,,,Y
SYSTEM,CLI_REGLASCOMITE,13,USUACTUA,VARCHAR2,20,,,Y
SYSTEM,CLI_REGLASCOMITE,14,FECHACTU,DATE,7,,,Y
SYSTEM,CLI_REGLASCOMITE,15,CCRE_IDUSUAR,VARCHAR2,20,,,N
SYSTEM,CLI_REGLASCOMITE,16,CCRE_ROL,VARCHAR2,10,,,N
SYSTEM,CLI_REGLASCOMITE,17,PORCELIM,VARCHAR2,3,,,Y
SYSTEM,CLI_RUTECLIE,1,CLTE_COMPANIA,VARCHAR2,10,,,N
SYSTEM,CLI_RUTECLIE,2,CLTE_ID,NUMBER,22,10,0,N
SYSTEM,CLI_RUTECLIE,3,VNDR_CODIGO,VARCHAR2,10,,,N
SYSTEM,CLI_RUTECLIE,4,VNDR_COMPANIA,VARCHAR2,10,,,N
SYSTEM,CLI_RUTECLIE,5,VNDR_OFCN,VARCHAR2,3,,,N
SYSTEM,CLI_RUTECLIE,6,VIGENTE,VARCHAR2,1,,,N
SYSTEM,CLI_RUTECLIE,7,INICIAL,VARCHAR2,1,,,N
SYSTEM,CLI_RUTECLIE,8,USUACREA,VARCHAR2,20,,,N
SYSTEM,CLI_RUTECLIE,9,FECHCREA,DATE,7,,,N
SYSTEM,CLI_RUTECLIE,10,DESCIRPC,VARCHAR2,80,,,Y
SYSTEM,CLI_RUTECLIE,11,USUAACTU,VARCHAR2,20,,,Y
SYSTEM,CLI_RUTECLIE,12,FECHACTU,DATE,7,,,Y
SYSTEM,CLI_RUTECLIE,13,DIA_VISITA,VARCHAR2,2,,,N
SYSTEM,CLI_SITUAFINAN,1,SLTD_COMPANIA,VARCHAR2,10,,,N
SYSTEM,CLI_SITUAFINAN,2,SLTD_OFICINA,VARCHAR2,3,,,N
SYSTEM,CLI_SITUAFINAN,3,SLTD_NUMESOLI,NUMBER,22,10,0,N
SYSTEM,CLI_SITUAFINAN,4,FECHA,DATE,7,,,N
SYSTEM,CLI_SITUAFINAN,5,FECHCREA,DATE,7,,,N
SYSTEM,CLI_SITUAFINAN,6,USUACREA,VARCHAR2,20,,,N
SYSTEM,CLI_SITUAFINAN,7,FECHACTU,DATE,7,,,Y
SYSTEM,CLI_SITUAFINAN,8,USUACTUA,VARCHAR2,20,,,Y
SYSTEM,CLI_SOLICITU,1,OFCN_COMPANIA,VARCHAR2,10,,,N
SYSTEM,CLI_SOLICITU,2,OFCN_OFICINA,VARCHAR2,3,,,N
SYSTEM,CLI_SOLICITU,3,NUMESOLI,NUMBER,22,10,0,N
SYSTEM,CLI_SOLICITU,4,CLTE_COMPANIA,VARCHAR2,10,,,N
SYSTEM,CLI_SOLICITU,5,CLTE_IDCLIENTE,NUMBER,22,10,0,N
SYSTEM,CLI_SOLICITU,6,ESOL_ESTADO,VARCHAR2,5,,,N
SYSTEM,CLI_SOLICITU,7,TIPOSOLI,VARCHAR2,1,,,N
SYSTEM,CLI_SOLICITU,8,MONTSOLI,NUMBER,22,15,2,N
SYSTEM,CLI_SOLICITU,9,ABONCAPI,NUMBER,22,15,2,Y
SYSTEM,CLI_SOLICITU,10,PLAZSOLI,NUMBER,22,6,0,N
SYSTEM,CLI_SOLICITU,11,ACTI_ACTI_ID,NUMBER,22,10,0,Y
SYSTEM,CLI_SOLICITU,12,PROPOSIT,VARCHAR2,100,,,Y
SYSTEM,CLI_SOLICITU,13,FORMPAGO,VARCHAR2,1,,,Y
SYSTEM,CLI_SOLICITU,14,CREDEMPR,VARCHAR2,1,,,Y
SYSTEM,CLI_SOLICITU,15,VENDAUTO,VARCHAR2,40,,,Y
SYSTEM,CLI_SOLICITU,16,FECHAPRO,DATE,7,,,Y
SYSTEM,CLI_SOLICITU,17,COMENTAR,VARCHAR2,500,,,Y
SYSTEM,CLI_SOLICITU,18,COMIINTE,VARCHAR2,40,,,Y
SYSTEM,CLI_SOLICITU,19,MONTOAPR,NUMBER,22,15,2,Y
SYSTEM,CLI_SOLICITU,20,VALOVEHI,NUMBER,22,15,2,Y
SYSTEM,CLI_SOLICITU,21,CUOTINIC,NUMBER,22,15,2,Y
SYSTEM,CLI_SOLICITU,22,SALDFINA,NUMBER,22,15,2,Y
SYSTEM,CLI_SOLICITU,23,OBSERVAC,VARCHAR2,500,,,Y
SYSTEM,CLI_SOLICITU,24,DIASXPERI,NUMBER,22,4,0,Y
SYSTEM,CLI_SOLICITU,25,OBSXPEND,VARCHAR2,500,,,Y
SYSTEM,CLI_SOLICITU,26,PLAZAPRO,NUMBER,22,6,0,Y
SYSTEM,CLI_SOLICITU,27,TASAAPRO,NUMBER,22,5,2,Y
SYSTEM,CLI_SOLICITU,28,FECHDECL,DATE,7,,,Y
SYSTEM,CLI_SOLICITU,29,INGREANUAL,VARCHAR2,1,,,Y
SYSTEM,CLI_SOLICITU,30,FECHCREA,DATE,7,,,N
SYSTEM,CLI_SOLICITU,31,USUACREA,VARCHAR2,20,,,N
SYSTEM,CLI_SOLICITU,32,FECHACTU,DATE,7,,,Y
SYSTEM,CLI_SOLICITU,33,USUACTUA,VARCHAR2,20,,,Y
SYSTEM,CLI_SOLICITU,34,TPCF_COMPANIA,VARCHAR2,10,,,N
SYSTEM,CLI_SOLICITU,35,TPCF_CODICALI,VARCHAR2,1,,,N
SYSTEM,CLI_TARJCRED,1,CODITARJ,VARCHAR2,10,,,N
SYSTEM,CLI_TARJCRED,2,NOMBRE,VARCHAR2,50,,,N
SYSTEM,CLI_TARJCRED,3,ACTIVA,VARCHAR2,1,,,N
SYSTEM,CLI_TARJCRED,4,FECHCREA,DATE,7,,,N
SYSTEM,CLI_TARJCRED,5,USUACREA,VARCHAR2,20,,,N
SYSTEM,CLI_TARJCRED,6,FECHACTU,DATE,7,,,Y
SYSTEM,CLI_TARJCRED,7,USUACTUA,VARCHAR2,20,,,Y
SYSTEM,CLI_TARJCRED,8,TACR_CODITARJ,VARCHAR2,10,,,Y
SYSTEM,CLI_TARJCRED,9,BANC_IDBANCO,VARCHAR2,10,,,Y
SYSTEM,CLI_TIPOCALI,1,CMPN_COMPANIA,VARCHAR2,10,,,N
SYSTEM,CLI_TIPOCALI,2,CODICALI,VARCHAR2,1,,,N
SYSTEM,CLI_TIPOCALI,3,CONCEPTO,VARCHAR2,40,,,N
SYSTEM,CLI_TIPOCALI,4,FECHCREA,DATE,7,,,N
SYSTEM,CLI_TIPOCALI,5,USUACREA,VARCHAR2,20,,,N
SYSTEM,CLI_TIPOCALI,6,FECHACTU,DATE,7,,,Y
SYSTEM,CLI_TIPOCALI,7,USUACTUA,VARCHAR2,20,,,Y
SYSTEM,CLI_TIPOCALI,8,FACTURA,VARCHAR2,1,,,N
SYSTEM,CLI_TIPOCALI,9,RANGOI,NUMBER,22,10,0,Y
SYSTEM,CLI_TIPOCALI,10,RANGOF,NUMBER,22,10,0,Y
SYSTEM,CLI_TIPOCLIE,1,TIPOCLIE,VARCHAR2,2,,,N
SYSTEM,CLI_TIPOCLIE,2,DESCRIPC,VARCHAR2,40,,,N
SYSTEM,CLI_TIPOCLIE,3,PORCENT,NUMBER,22,6,4,N
SYSTEM,CLI_TIPOCLIE,4,FECHCREA,DATE,7,,,N
SYSTEM,CLI_TIPOCLIE,5,USUACREA,VARCHAR2,20,,,N
SYSTEM,CLI_TIPOCLIE,6,FECHACTU,DATE,7,,,Y
SYSTEM,CLI_TIPOCLIE,7,USUACTUA,VARCHAR2,20,,,Y
SYSTEM,CLI_TIPOGARTE,1,TIPOGARA,VARCHAR2,3,,,N
SYSTEM,CLI_TIPOGARTE,2,DESCRIPC,VARCHAR2,20,,,N
SYSTEM,CLI_TIPOGARTE,3,DEUDGARA,VARCHAR2,1,,,Y
SYSTEM,CLI_TIPOGARTE,4,FECHCREA,DATE,7,,,N
SYSTEM,CLI_TIPOGARTE,5,USUACREA,VARCHAR2,20,,,N
SYSTEM,CLI_TIPOGARTE,6,FECHACTU,DATE,7,,,Y
SYSTEM,CLI_TIPOGARTE,7,USUACTUA,VARCHAR2,20,,,Y
SYSTEM,CLI_TIPOMONT,1,CODIMONT,VARCHAR2,3,,,N
SYSTEM,CLI_TIPOMONT,2,DETALLE,VARCHAR2,50,,,Y
SYSTEM,CLI_TIPOMONT,3,FECHCREA,DATE,7,,,N
SYSTEM,CLI_TIPOMONT,4,USUACREA,VARCHAR2,20,,,N
SYSTEM,CLI_TIPOMONT,5,FECHACTU,DATE,7,,,Y
SYSTEM,CLI_TIPOMONT,6,USUACTUA,VARCHAR2,20,,,Y
SYSTEM,CLI_TIPOTELE,1,TIPOTELE,VARCHAR2,1,,,N
SYSTEM,CLI_TIPOTELE,2,DESCRIPC,VARCHAR2,20,,,N
SYSTEM,CLI_TIPOTELE,3,FECHCREA,DATE,7,,,N
SYSTEM,CLI_TIPOTELE,4,USUACREA,VARCHAR2,20,,,N
SYSTEM,CLI_TIPOTELE,5,FECHACTU,DATE,7,,,Y
SYSTEM,CLI_TIPOTELE,6,USUACTUA,VARCHAR2,20,,,Y
SYSTEM,CLI_TITUPROF,1,CODIPROF,VARCHAR2,3,,,N
SYSTEM,CLI_TITUPROF,2,DESCRIPC,VARCHAR2,60,,,N
SYSTEM,CLI_TITUPROF,3,FECHCREA,DATE,7,,,N
SYSTEM,CLI_TITUPROF,4,USUACREA,VARCHAR2,20,,,N
SYSTEM,CLI_TITUPROF,5,FECHACTU,DATE,7,,,Y
SYSTEM,CLI_TITUPROF,6,USUACTUA,VARCHAR2,20,,,Y
SYSTEM,CLI_TPAGRUPA,1,CODIGO,VARCHAR2,10,,,N
SYSTEM,CLI_TPAGRUPA,2,NOMBRE,VARCHAR2,100,,,N
SYSTEM,CLI_TPAGRUPA,3,FECHCREA,DATE,7,,,Y
SYSTEM,CLI_TPAGRUPA,4,USUACREA,VARCHAR2,20,,,Y
SYSTEM,CLI_TPAGRUPA,5,FECHACTU,DATE,7,,,Y
SYSTEM,CLI_TPAGRUPA,6,USUACTUA,VARCHAR2,20,,,Y
SYSTEM,CLI_TPAGRUPA,7,TPAG_CODIGO,VARCHAR2,10,,,Y
SYSTEM,CLI_TPAGRUPA,8,LSPR_LSPR_ID,NUMBER,22,10,0,Y
SYSTEM,CLI_VEHACTRELA,1,VARE_ID,NUMBER,22,10,0,N
SYSTEM,CLI_VEHACTRELA,2,SLTD_COMPANIA,VARCHAR2,10,,,N
SYSTEM,CLI_VEHACTRELA,3,SLTD_OFICINA,VARCHAR2,3,,,N
SYSTEM,CLI_VEHACTRELA,4,SLTD_NUMESOLI,NUMBER,22,10,0,N
SYSTEM,CLI_VEHACTRELA,5,VEHA_VEHA_ID,NUMBER,22,10,0,N
SYSTEM,CLI_VEHACTRELA,6,FECHCREA,DATE,7,,,N
SYSTEM,CLI_VEHACTRELA,7,USUACREA,VARCHAR2,20,,,N
SYSTEM,CLI_VEHACTRELA,8,FECHACTU,DATE,7,,,Y
SYSTEM,CLI_VEHACTRELA,9,USUACTUA,VARCHAR2,20,,,Y
SYSTEM,CLI_VEHICACTIV,1,VEHA_ID,NUMBER,22,10,0,N
SYSTEM,CLI_VEHICACTIV,2,NTRL_COMPANIA,VARCHAR2,10,,,N
SYSTEM,CLI_VEHICACTIV,3,NTRL_IDCLIENTE,NUMBER,22,10,0,N
SYSTEM,CLI_VEHICACTIV,4,MARCA,VARCHAR2,60,,,N
SYSTEM,CLI_VEHICACTIV,5,MODELO,VARCHAR2,60,,,Y
SYSTEM,CLI_VEHICACTIV,6,ANIO,VARCHAR2,4,,,Y
SYSTEM,CLI_VEHICACTIV,7,AVALUO,NUMBER,22,15,2,N
SYSTEM,CLI_VEHICACTIV,8,PRENDADO,VARCHAR2,1,,,N
SYSTEM,CLI_VEHICACTIV,9,PLACA,VARCHAR2,10,,,Y
SYSTEM,CLI_VEHICACTIV,10,FECHCREA,DATE,7,,,N
SYSTEM,CLI_VEHICACTIV,11,USUACREA,VARCHAR2,20,,,N
SYSTEM,CLI_VEHICACTIV,12,FECHACTU,DATE,7,,,Y
SYSTEM,CLI_VEHICACTIV,13,USUACTUA,VARCHAR2,20,,,Y
SYSTEM,CLI_VEHICULO,1,VHCL_ID,NUMBER,22,,,N
SYSTEM,CLI_VEHICULO,2,MDVH_CODMD,VARCHAR2,10,,,N
SYSTEM,CLI_VEHICULO,3,MDVH_CODMR,VARCHAR2,10,,,N
SYSTEM,CLI_VEHICULO,4,PLACA,VARCHAR2,10,,,N
SYSTEM,CLI_VEHICULO,5,USUACREA,VARCHAR2,20,,,N
SYSTEM,CLI_VEHICULO,6,FECHCREA,DATE,7,,,N
SYSTEM,CLI_VEHICULO,7,CLTE_COMPANIA,VARCHAR2,10,,,Y
SYSTEM,CLI_VEHICULO,8,CLTE_IDCLIENTE,NUMBER,22,10,0,Y
SYSTEM,CLI_VEHICULO,9,PROV_CEDURUC,VARCHAR2,13,,,Y
SYSTEM,CLI_VEHICULO,10,PROV_COMPANIA,VARCHAR2,10,,,Y
SYSTEM,CLI_VEHICULO,11,VIGENTE,VARCHAR2,1,,,N
SYSTEM,CLI_VEHICULO,12,MOTOR,VARCHAR2,50,,,Y
SYSTEM,CLI_VEHICULO,13,CHASIS,VARCHAR2,50,,,Y
SYSTEM,CLI_VEHICULO,14,ANIOFABR,NUMBER,22,4,0,Y
SYSTEM,CLI_VEHICULO,15,OBSERVAC,VARCHAR2,100,,,Y
SYSTEM,CLI_VEHICULO,16,USUACTUA,VARCHAR2,20,,,Y
SYSTEM,CLI_VEHICULO,17,FECHACTU,DATE,7,,,Y
SYSTEM,CLI_VISICLIE,1,VSCL_ID,NUMBER,22,10,0,N
SYSTEM,CLI_VISICLIE,2,REALIZAD,VARCHAR2,1,,,Y
SYSTEM,CLI_VISICLIE,3,OBSERVAC,VARCHAR2,10,,,Y
SYSTEM,CLI_VISICLIE,4,FECHA,DATE,7,,,N
SYSTEM,CLI_VISICLIE,5,USUACREA,VARCHAR2,20,,,N
SYSTEM,CLI_VISICLIE,6,FECHCREA,DATE,7,,,N
SYSTEM,CLI_VISICLIE,7,USUAACTU,VARCHAR2,20,,,Y
SYSTEM,CLI_VISICLIE,8,FECHACTU,DATE,7,,,Y
SYSTEM,CLI_VISICLIE,9,CLTE_ID,NUMBER,22,10,0,Y
SYSTEM,CLI_VISICLIE,10,VNDR_COMPANIA,VARCHAR2,10,,,Y
SYSTEM,CLI_VISICLIE,11,VNDR_OFCN,VARCHAR2,3,,,Y
SYSTEM,CLI_VISICLIE,12,VNDR_CODIGO,VARCHAR2,10,,,Y
SYSTEM,CLI_VISICLIE,13,CLTE_COMPANIA,VARCHAR2,10,,,Y
SYSTEM,CLI_VISICLIE,14,DIA_VISITA,VARCHAR2,2,,,Y
SYSTEM,CNT_ASIECONS,1,CMPN_COMPANIA,VARCHAR2,10,,,N
SYSTEM,CNT_ASIECONS,2,NUMERESU,NUMBER,22,10,0,N
SYSTEM,CNT_ASIECONS,3,FECHA,DATE,7,,,N
SYSTEM,CNT_ASIECONS,4,DESCRIPC,VARCHAR2,300,,,N
SYSTEM,CNT_ASIECONS,5,VAMONEXT,NUMBER,22,16,2,Y
SYSTEM,CNT_ASIECONS,6,INCN_COMPANIA,VARCHAR2,10,,,N
SYSTEM,CNT_ASIECONS,7,INCN_PRODUCTO,VARCHAR2,3,,,N
SYSTEM,CNT_ASIECONS,8,INCN_TIPODOCU,VARCHAR2,2,,,N
SYSTEM,CNT_ASIECONS,9,INCN_CODITRAN,VARCHAR2,10,,,N
SYSTEM,CNT_ASIECONS,10,FECHCREA,DATE,7,,,N
SYSTEM,CNT_ASIECONS,11,USUACREA,VARCHAR2,20,,,N
SYSTEM,CNT_ASIECONS,12,FECHACTU,DATE,7,,,Y
SYSTEM,CNT_ASIECONS,13,USUACTUA,VARCHAR2,20,,,Y
SYSTEM,CNT_ASIENTO,1,RHHS_CEDURUC,VARCHAR2,13,,,Y
SYSTEM,CNT_ASIENTO,2,CMPN_COMPANIA,VARCHAR2,10,,,N
SYSTEM,CNT_ASIENTO,3,NUMEDIAR,NUMBER,22,10,0,N
SYSTEM,CNT_ASIENTO,4,FECHA,DATE,7,,,N
SYSTEM,CNT_ASIENTO,5,NUMEREFE,NUMBER,22,10,0,N
SYSTEM,CNT_ASIENTO,6,REFER,VARCHAR2,30,,,Y
SYSTEM,CNT_ASIENTO,7,DESCRIPC,VARCHAR2,4000,,,N
SYSTEM,CNT_ASIENTO,8,TPDC_TIPODOCU,VARCHAR2,2,,,N
SYSTEM,CNT_ASIENTO,9,INCN_COMPANIA,VARCHAR2,10,,,N
SYSTEM,CNT_ASIENTO,10,INCN_PRODUCTO,VARCHAR2,3,,,N
SYSTEM,CNT_ASIENTO,11,INCN_TIPODOCU,VARCHAR2,2,,,N
SYSTEM,CNT_ASIENTO,12,INCN_CODITRAN,VARCHAR2,10,,,N
SYSTEM,CNT_ASIENTO,13,MONE_MONEDA,VARCHAR2,5,,,N
SYSTEM,CNT_ASIENTO,14,OFCN_COMPANIA,VARCHAR2,10,,,N
SYSTEM,CNT_ASIENTO,15,OFCN_OFICINA,VARCHAR2,3,,,N
SYSTEM,CNT_ASIENTO,16,ASCO_COMPANIA,VARCHAR2,10,,,Y
SYSTEM,CNT_ASIENTO,17,ASCO_NUMERESU,NUMBER,22,10,0,Y
SYSTEM,CNT_ASIENTO,18,ASTO_COMPANIA,VARCHAR2,10,,,Y
SYSTEM,CNT_ASIENTO,19,ASTO_NUMEDIAR,NUMBER,22,10,0,Y
SYSTEM,CNT_ASIENTO,20,CLTE_COMPANIA,VARCHAR2,10,,,Y
SYSTEM,CNT_ASIENTO,21,CLTE_IDCLIENTE,NUMBER,22,10,0,Y
SYSTEM,CNT_ASIENTO,22,PROV_COMPANIA,VARCHAR2,10,,,Y
SYSTEM,CNT_ASIENTO,23,PROV_CEDURUC,VARCHAR2,13,,,Y
SYSTEM,CNT_ASIENTO,24,FECHCREA,DATE,7,,,N
SYSTEM,CNT_ASIENTO,25,USUACREA,VARCHAR2,20,,,N
SYSTEM,CNT_ASIENTO,26,FECHACTU,DATE,7,,,Y
SYSTEM,CNT_ASIENTO,27,USUACTUA,VARCHAR2,20,,,Y
SYSTEM,CNT_ASIENTO,28,VAMONEXT,NUMBER,22,15,5,Y
SYSTEM,CNT_ASIENTO,29,SECUENCIAL_FNC,NUMBER,22,,,Y
SYSTEM,CNT_ASIENTO,30,NUMERO_FNC,NUMBER,22,,,Y
SYSTEM,CNT_ASIENTO,31,OFICINA_FNC,VARCHAR2,10,,,Y
SYSTEM,CNT_ASIENTO,32,DIARASOC,NUMBER,22,,,Y
SYSTEM,CNT_ASIENTO,33,FECHA_FNC,VARCHAR2,40,,,Y
SYSTEM,CNT_ASIENTO,34,OBS,VARCHAR2,400,,,Y
SYSTEM,CNT_ASIENTO,35,VCHAR1,VARCHAR2,400,,,Y
SYSTEM,CNT_ASIENTO,36,VCHAR2,VARCHAR2,400,,,Y
SYSTEM,CNT_ASIENTO,37,VCHAR3,VARCHAR2,400,,,Y
SYSTEM,CNT_ASIENTO,38,VCHAR4,VARCHAR2,400,,,Y
SYSTEM,CNT_ASIENTO,39,VCHAR5,VARCHAR2,400,,,Y
SYSTEM,CNT_ASIENTO,40,NUMBER1,NUMBER,22,,,Y
SYSTEM,CNT_ASIENTO,41,NUMBER2,NUMBER,22,,,Y
SYSTEM,CNT_ASIENTO,42,NUMBER3,NUMBER,22,,,Y
SYSTEM,CNT_ASIENTO,43,NUMBER4,NUMBER,22,,,Y
SYSTEM,CNT_ASIENTO,44,NUMBER5,NUMBER,22,,,Y
SYSTEM,CNT_AUXRETEN,1,AXCR_ID,NUMBER,22,10,0,N
SYSTEM,CNT_AUXRETEN,2,DESCRIP,VARCHAR2,500,,,N
SYSTEM,CNT_AUXRETEN,3,REFER,VARCHAR2,100,,,Y
SYSTEM,CNT_AUXRETEN,4,DEFECTO,VARCHAR2,1,,,N
SYSTEM,CNT_AUXRETEN,5,USUACREA,VARCHAR2,20,,,N
SYSTEM,CNT_AUXRETEN,6,FECHCREA,DATE,7,,,N
SYSTEM,CNT_AUXRETEN,7,USUACTUA,VARCHAR2,20,,,Y
SYSTEM,CNT_AUXRETEN,8,FECHACTU,DATE,7,,,Y
SYSTEM,CNT_AUXRETEN,9,TRET_TIPORETE,VARCHAR2,10,,,N
SYSTEM,CNT_AUXRETEN,10,PROV_CEDURUC,VARCHAR2,13,,,N
SYSTEM,CNT_AUXRETEN,11,PROV_CMPN_COMPANIA,VARCHAR2,10,,,N
SYSTEM,CNT_AUXRETEN,12,PORCENTA,NUMBER,22,7,2,N
SYSTEM,CNT_BALAERR,1,CODIGO,VARCHAR2,30,,,Y
SYSTEM,CNT_BALAERR,2,NOMBRE,VARCHAR2,80,,,Y
SYSTEM,CNT_BALAERR,3,CTAS_CODIGO,VARCHAR2,30,,,Y
SYSTEM,CNT_BALAERR,4,FECHA,DATE,7,,,Y
SYSTEM,CNT_BALAHIST,1,OFCN_COMPANIA,VARCHAR2,10,,,N
SYSTEM,CNT_BALAHIST,2,OFCN_OFICINA,VARCHAR2,3,,,N
SYSTEM,CNT_BALAHIST,3,MONE_MONEDA,VARCHAR2,5,,,N
SYSTEM,CNT_BALAHIST,4,CTAS_COMPANIA,VARCHAR2,10,,,N
SYSTEM,CNT_BALAHIST,5,CTAS_CATALOGO,VARCHAR2,2,,,N
SYSTEM,CNT_BALAHIST,6,CTAS_CODIGO,VARCHAR2,30,,,N
SYSTEM,CNT_BALAHIST,7,CONSOLIDA,VARCHAR2,1,,,N
SYSTEM,CNT_BALAHIST,8,FECHA,DATE,7,,,N
SYSTEM,CNT_BALAHIST,9,DEBITOS,NUMBER,22,20,5,Y
SYSTEM,CNT_BALAHIST,10,CREDITOS,NUMBER,22,20,5,Y
SYSTEM,CNT_BALAHIST,11,SALDO,NUMBER,22,20,5,N
SYSTEM,CNT_BALAHIST,12,FECHCREA,DATE,7,,,N
SYSTEM,CNT_BALAHIST,13,USUACREA,VARCHAR2,20,,,N
SYSTEM,CNT_BALAHIST,14,FECHACTU,DATE,7,,,Y
SYSTEM,CNT_BALAHIST,15,USUACTUA,VARCHAR2,20,,,Y
SYSTEM,CNT_BALAHIST,16,TIPO,VARCHAR2,1,,,N
SYSTEM,CNT_BALAHIST,17,CTAS_CODIGO_P,VARCHAR2,30,,,Y
SYSTEM,CNT_BALAHIST,18,GRUPO,VARCHAR2,1,,,Y
SYSTEM,CNT_BALAHIST,19,F_DESDE,DATE,7,,,N
SYSTEM,CNT_BALAHIST,20,F_HASTA,DATE,7,,,N
SYSTEM,CNT_BALAHIST,21,BHIS_ID,NUMBER,22,10,0,N
SYSTEM,CNT_BALAHIST,22,CCST_CODIGO,VARCHAR2,10,,,Y
SYSTEM,CNT_BALAHIST,23,CCST_COMPANIA,VARCHAR2,10,,,Y
SYSTEM,CNT_BALAHIST,24,CCST_OFICINA,VARCHAR2,3,,,Y
SYSTEM,CNT_BALAHIST,25,VCHAR1,VARCHAR2,400,,,Y
SYSTEM,CNT_BALAHIST,26,VCHAR2,VARCHAR2,400,,,Y
SYSTEM,CNT_BALAHIST,27,VCHAR3,VARCHAR2,400,,,Y
SYSTEM,CNT_BALAHIST,28,VCHAR4,VARCHAR2,400,,,Y
SYSTEM,CNT_BALAHIST,29,VCHAR5,VARCHAR2,400,,,Y
SYSTEM,CNT_BALAHIST,30,NUMBER1,NUMBER,22,,,Y
SYSTEM,CNT_BALAHIST,31,NUMBER2,NUMBER,22,,,Y
SYSTEM,CNT_BALAHIST,32,NUMBER3,NUMBER,22,,,Y
SYSTEM,CNT_BALAHIST,33,NUMBER4,NUMBER,22,,,Y
SYSTEM,CNT_BALAHIST,34,NUMBER5,NUMBER,22,,,Y
SYSTEM,CNT_BODEBALA,1,BGBL_ID,NUMBER,22,10,0,N
SYSTEM,CNT_BODEBALA,2,FECHA,DATE,7,,,Y
SYSTEM,CNT_BODEBALA,3,CTAS_COMPANIA,VARCHAR2,10,,,Y
SYSTEM,CNT_BODEBALA,4,CTAS_CATALOGO,VARCHAR2,2,,,Y
SYSTEM,CNT_BODEBALA,5,CTAS_CODIGO,VARCHAR2,30,,,Y
SYSTEM,CNT_BODEBALA,6,NOMBRE_CTA,VARCHAR2,400,,,Y
SYSTEM,CNT_BODEBALA,7,OFCN_COMPANIA,VARCHAR2,10,,,Y
SYSTEM,CNT_BODEBALA,8,OFCN_OFICINA,VARCHAR2,3,,,Y
SYSTEM,CNT_BODEBALA,9,TIPO,VARCHAR2,10,,,Y
SYSTEM,CNT_BODEBALA,10,GRUPO,VARCHAR2,1,,,Y
SYSTEM,CNT_BODEBALA,11,CONSOLIDA,VARCHAR2,1,,,Y
SYSTEM,CNT_BODEBALA,12,DEBITOS,NUMBER,22,20,5,Y
SYSTEM,CNT_BODEBALA,13,CREDITOS,NUMBER,22,20,5,Y
SYSTEM,CNT_BODEBALA,14,SALDO,NUMBER,22,20,5,Y
SYSTEM,CNT_BODEBALA,15,ESTADO,VARCHAR2,30,,,Y
SYSTEM,CNT_BODEBALA,16,FDESDE,DATE,7,,,Y
SYSTEM,CNT_BODEBALA,17,FHASTA,DATE,7,,,Y
SYSTEM,CNT_BODEBALA,18,MONE_MONEDA,VARCHAR2,5,,,Y
SYSTEM,CNT_BODEBALA,19,CCST_CODIGO,VARCHAR2,10,,,Y
SYSTEM,CNT_BODEBALA,20,CCST_COMPANIA,VARCHAR2,10,,,Y
SYSTEM,CNT_BODEBALA,21,CCST_OFICINA,VARCHAR2,3,,,Y
SYSTEM,CNT_BODEBALA,22,VCHAR1,VARCHAR2,400,,,Y
SYSTEM,CNT_BODEBALA,23,VCHAR2,VARCHAR2,400,,,Y
SYSTEM,CNT_BODEBALA,24,VCHAR3,VARCHAR2,400,,,Y
SYSTEM,CNT_BODEBALA,25,VCHAR4,VARCHAR2,400,,,Y
SYSTEM,CNT_BODEBALA,26,VCHAR5,VARCHAR2,400,,,Y
SYSTEM,CNT_BODEBALA,27,NUMBER1,NUMBER,22,,,Y
SYSTEM,CNT_BODEBALA,28,NUMBER2,NUMBER,22,,,Y
SYSTEM,CNT_BODEBALA,29,NUMBER3,NUMBER,22,,,Y
SYSTEM,CNT_BODEBALA,30,NUMBER4,NUMBER,22,,,Y
SYSTEM,CNT_BODEBALA,31,NUMBER5,NUMBER,22,,,Y
SYSTEM,CNT_BODEBALA,32,FECHCREA,DATE,7,,,N
SYSTEM,CNT_BODEBALA,33,USUACREA,VARCHAR2,20,,,N
SYSTEM,CNT_BODEBALA,34,FECHACTU,DATE,7,,,Y
SYSTEM,CNT_BODEBALA,35,USUACTUA,VARCHAR2,20,,,Y
SYSTEM,CNT_BODEBALA,36,DIA,VARCHAR2,2,,,Y
SYSTEM,CNT_BODEBALA,37,MES,VARCHAR2,3,,,Y
SYSTEM,CNT_BODEBALA,38,MESP,VARCHAR2,10,,,Y
SYSTEM,CNT_BODEBALA,39,SEMANA,VARCHAR2,3,,,Y
SYSTEM,CNT_BODEBALA,40,ANIO,VARCHAR2,4,,,Y
SYSTEM,CNT_BODEBALA,41,NIVEL,NUMBER,22,,,Y
SYSTEM,CNT_BODEBALA,42,FRECUENCIA,VARCHAR2,10,,,Y
SYSTEM,CNT_BODEBALA,43,TIPOCTA,VARCHAR2,20,,,Y
SYSTEM,CNT_BODEBALA,44,CTAS_CODIGO_P,VARCHAR2,30,,,Y
SYSTEM,CNT_BODEBALA,45,NOMBRE_CTA_P,VARCHAR2,400,,,Y
SYSTEM,CNT_BODEBALA,46,PERIODO,VARCHAR2,20,,,Y
SYSTEM,CNT_CATALOGO,1,CMPN_COMPANIA,VARCHAR2,10,,,N
SYSTEM,CNT_CATALOGO,2,CATALOGO,VARCHAR2,2,,,N
SYSTEM,CNT_CATALOGO,3,DESCRIPC,VARCHAR2,120,,,N
SYSTEM,CNT_CATALOGO,4,VIGENTE,VARCHAR2,1,,,N
SYSTEM,CNT_CATALOGO,5,FECHINIC,DATE,7,,,N
SYSTEM,CNT_CATALOGO,6,FECHFINA,DATE,7,,,N
SYSTEM,CNT_CATALOGO,7,CDINICIAL,NUMBER,22,10,0,Y
SYSTEM,CNT_CATALOGO,8,CDFINAL,NUMBER,22,10,0,Y
SYSTEM,CNT_CATALOGO,9,CTLG_CATALOGO,VARCHAR2,2,,,Y
SYSTEM,CNT_CATALOGO,10,CTLG_COMPANIA,VARCHAR2,10,,,Y
SYSTEM,CNT_CATALOGO,11,FECHCREA,DATE,7,,,N
SYSTEM,CNT_CATALOGO,12,USUACREA,VARCHAR2,20,,,N
SYSTEM,CNT_CATALOGO,13,FECHACTU,DATE,7,,,Y
SYSTEM,CNT_CATALOGO,14,USUACTUA,VARCHAR2,20,,,Y
SYSTEM,CNT_COSUSSEC,1,SCTR_SECUTRAN,VARCHAR2,2,,,N
SYSTEM,CNT_COSUSSEC,2,STCM_SUSTENTO,VARCHAR2,2,,,Y
SYSTEM,CNT_COSUSSEC,3,TPCM_TIPOCOMP,VARCHAR2,10,,,N
SYSTEM,CNT_COSUSSEC,4,CMSS_ID,NUMBER,22,10,0,N
SYSTEM,CNT_COSUSSEC,5,FECHCREA,DATE,7,,,N
SYSTEM,CNT_COSUSSEC,6,USUACREA,VARCHAR2,20,,,N
SYSTEM,CNT_COSUSSEC,7,FECHACTU,DATE,7,,,Y
SYSTEM,CNT_COSUSSEC,8,USUACTUA,VARCHAR2,20,,,Y
SYSTEM,CNT_COSUSSEC,9,VIGENTE,VARCHAR2,1,,,N
SYSTEM,CNT_CTASBALA,1,CCA_ID,NUMBER,22,10,0,N
SYSTEM,CNT_CTASBALA,2,CTAS_CODIGO,VARCHAR2,30,,,N
SYSTEM,CNT_CTASBALA,3,CTAS_CATALOGO,VARCHAR2,2,,,N
SYSTEM,CNT_CTASBALA,4,CTAS_COMPANIA,VARCHAR2,10,,,N
SYSTEM,CNT_CTASBALA,5,MONE_MONEDA,VARCHAR2,5,,,N
SYSTEM,CNT_CTASBALA,6,OFCN_COMPANIA,VARCHAR2,10,,,N
SYSTEM,CNT_CTASBALA,7,OFCN_OFICINA,VARCHAR2,3,,,N
SYSTEM,CNT_CTASBALA,8,CONSOLIDA,VARCHAR2,1,,,N
SYSTEM,CNT_CTASBALA,9,GRUPO,VARCHAR2,1,,,N
SYSTEM,CNT_CTASBALA,10,USUACREA,VARCHAR2,20,,,N
SYSTEM,CNT_CTASBALA,11,FECHCREA,DATE,7,,,N
SYSTEM,CNT_CTASBALA,12,SALDO,NUMBER,22,20,5,Y
SYSTEM,CNT_CTASBALA,13,CTAS_CODIGO_P,VARCHAR2,30,,,Y
SYSTEM,CNT_CTASBALA,14,FECHA,DATE,7,,,Y
SYSTEM,CNT_CTASBALA,15,DEBITOS,NUMBER,22,20,5,Y
SYSTEM,CNT_CTASBALA,16,CREDITOS,NUMBER,22,20,5,Y
SYSTEM,CNT_CTASBALA,17,USUACTUA,VARCHAR2,20,,,Y
SYSTEM,CNT_CTASBALA,18,FECHACTU,DATE,7,,,Y
SYSTEM,CNT_CTASBALA,19,TIPO,VARCHAR2,1,,,Y
SYSTEM,CNT_CTASBALA,20,SALDOANT,NUMBER,22,,,Y
SYSTEM,CNT_CTASBALA,21,NUMBER1,NUMBER,22,,,Y
SYSTEM,CNT_CTASBALA,22,NUMBER2,NUMBER,22,,,Y
SYSTEM,CNT_CTASBALA,23,NUMBER3,NUMBER,22,,,Y
SYSTEM,CNT_CTASBALA,24,NUMBER4,NUMBER,22,,,Y
SYSTEM,CNT_CTASBALA,25,NUMBER5,NUMBER,22,,,Y
SYSTEM,CNT_CTASBALA,26,VCHAR1,VARCHAR2,500,,,Y
SYSTEM,CNT_CTASBALA,27,VCHAR2,VARCHAR2,500,,,Y
SYSTEM,CNT_CTASBALA,28,VCHAR3,VARCHAR2,500,,,Y
SYSTEM,CNT_CTASBALA,29,VCHAR4,VARCHAR2,500,,,Y
SYSTEM,CNT_CTASBALA,30,VCHAR5,VARCHAR2,500,,,Y
SYSTEM,CNT_CTASBALA,31,FDESDE,DATE,7,,,Y
SYSTEM,CNT_CTASBALA,32,FHASTA,DATE,7,,,Y
SYSTEM,CNT_CTASBALA,33,MOVIMIENTO,NUMBER,22,20,5,Y
SYSTEM,CNT_CTASBALA,34,SALDOFIN,NUMBER,22,20,5,Y
SYSTEM,CNT_CUENTAS,1,CTLG_CATALOGO,VARCHAR2,2,,,N
SYSTEM,CNT_CUENTAS,2,CTLG_COMPANIA,VARCHAR2,10,,,N
SYSTEM,CNT_CUENTAS,3,CODIGO,VARCHAR2,30,,,N
SYSTEM,CNT_CUENTAS,4,TCTA_TIPOCTA,VARCHAR2,2,,,Y
SYSTEM,CNT_CUENTAS,5,NOMBRE,VARCHAR2,80,,,N
SYSTEM,CNT_CUENTAS,6,GRUPO,VARCHAR2,1,,,N
SYSTEM,CNT_CUENTAS,7,BALANCE,VARCHAR2,1,,,N
SYSTEM,CNT_CUENTAS,8,VISIBLE,VARCHAR2,1,,,N
SYSTEM,CNT_CUENTAS,9,NIVEL,NUMBER,22,1,0,N
SYSTEM,CNT_CUENTAS,10,NOMBVARI,VARCHAR2,30,,,Y
SYSTEM,CNT_CUENTAS,11,HABILITA,VARCHAR2,1,,,N
SYSTEM,CNT_CUENTAS,12,DEDUCIBLE,VARCHAR2,1,,,N
SYSTEM,CNT_CUENTAS,13,CTAS_COMPANIA,VARCHAR2,10,,,Y
SYSTEM,CNT_CUENTAS,14,CTAS_CATALOGO,VARCHAR2,2,,,Y
SYSTEM,CNT_CUENTAS,15,CTAS_CODIGO,VARCHAR2,30,,,Y
SYSTEM,CNT_CUENTAS,16,OFICINA,VARCHAR2,3,,,Y
SYSTEM,CNT_CUENTAS,17,FECHCREA,DATE,7,,,N
SYSTEM,CNT_CUENTAS,18,USUACREA,VARCHAR2,20,,,N
SYSTEM,CNT_CUENTAS,19,FECHACTU,DATE,7,,,Y
SYSTEM,CNT_CUENTAS,20,USUACTUA,VARCHAR2,20,,,Y
SYSTEM,CNT_CUENTAS,21,PORCPRES,NUMBER,22,12,6,Y
SYSTEM,CNT_CUENTAS,22,VCHAR1,VARCHAR2,500,,,Y
SYSTEM,CNT_CUENTAS,23,VCHAR2,VARCHAR2,500,,,Y
SYSTEM,CNT_CUENTAS,24,VCHAR3,VARCHAR2,500,,,Y
SYSTEM,CNT_CUENTAS,25,VCHAR4,VARCHAR2,500,,,Y
SYSTEM,CNT_CUENTAS,26,VCHAR5,VARCHAR2,500,,,Y
SYSTEM,CNT_CUENTAS,27,NUMBER1,NUMBER,22,,,Y
SYSTEM,CNT_CUENTAS,28,NUMBER2,NUMBER,22,,,Y
SYSTEM,CNT_CUENTAS,29,NUMBER3,NUMBER,22,,,Y
SYSTEM,CNT_CUENTAS,30,NUMBER4,NUMBER,22,,,Y
SYSTEM,CNT_CUENTAS,31,NUMBER5,NUMBER,22,,,Y
SYSTEM,CNT_DEASIECONS,1,DASC_ID,NUMBER,22,10,0,N
SYSTEM,CNT_DEASIECONS,2,ASCO_COMPANIA,VARCHAR2,10,,,N
SYSTEM,CNT_DEASIECONS,3,ASCO_NUMERESU,NUMBER,22,10,0,N
SYSTEM,CNT_DEASIECONS,4,CTAS_COMPANIA,VARCHAR2,10,,,N
SYSTEM,CNT_DEASIECONS,5,CTAS_CATALOGO,VARCHAR2,2,,,N
SYSTEM,CNT_DEASIECONS,6,CTAS_CODIGO,VARCHAR2,30,,,N
SYSTEM,CNT_DEASIECONS,7,TIPO,VARCHAR2,1,,,N
SYSTEM,CNT_DEASIECONS,8,VALOR,NUMBER,22,16,2,N
SYSTEM,CNT_DEASIECONS,9,FECHCREA,DATE,7,,,N
SYSTEM,CNT_DEASIECONS,10,USUACREA,VARCHAR2,20,,,N
SYSTEM,CNT_DEASIECONS,11,FECHACTU,DATE,7,,,Y
SYSTEM,CNT_DEASIECONS,12,USUACTUA,VARCHAR2,20,,,Y
SYSTEM,CNT_DEINTECONT,1,TPPR_CODIPROV,VARCHAR2,2,,,Y
SYSTEM,CNT_DEINTECONT,2,DFRL_TIPO,VARCHAR2,2,,,Y
SYSTEM,CNT_DEINTECONT,3,CTAS_COMPANIA,VARCHAR2,10,,,N
SYSTEM,CNT_DEINTECONT,4,CTAS_CATALOGO,VARCHAR2,2,,,N
SYSTEM,CNT_DEINTECONT,5,CTAS_CODIGO,VARCHAR2,30,,,N
SYSTEM,CNT_DEINTECONT,6,INCN_COMPANIA,VARCHAR2,10,,,N
SYSTEM,CNT_DEINTECONT,7,INCN_PRODUCTO,VARCHAR2,3,,,N
SYSTEM,CNT_DEINTECONT,8,INCN_CODITRAN,VARCHAR2,10,,,N
SYSTEM,CNT_DEINTECONT,9,INCN_TIPODOCU,VARCHAR2,2,,,N
SYSTEM,CNT_DEINTECONT,10,VARSISTEMA,VARCHAR2,80,,,Y
SYSTEM,CNT_DEINTECONT,11,TIPO,VARCHAR2,1,,,N
SYSTEM,CNT_DEINTECONT,12,CAFJ_CLASE,VARCHAR2,10,,,Y
SYSTEM,CNT_DEINTECONT,13,CINV_COMPANIA,VARCHAR2,10,,,Y
SYSTEM,CNT_DEINTECONT,14,CAFJ_COMPANIA,VARCHAR2,10,,,Y
SYSTEM,CNT_DEINTECONT,15,CCLI_CLASE,VARCHAR2,10,,,Y
SYSTEM,CNT_DEINTECONT,16,CCLI_COMPANIA,VARCHAR2,10,,,Y
SYSTEM,CNT_DEINTECONT,17,CINV_CLASE,VARCHAR2,20,,,Y
SYSTEM,CNT_DEINTECONT,18,CPRO_COMPANIA,VARCHAR2,10,,,Y
SYSTEM,CNT_DEINTECONT,19,CPRO_CLASE,VARCHAR2,10,,,Y
SYSTEM,CNT_DEINTECONT,20,TRIN_CODITRAN,VARCHAR2,10,,,Y
SYSTEM,CNT_DEINTECONT,21,IVA,VARCHAR2,1,,,Y
SYSTEM,CNT_DEINTECONT,22,DESCRIPC,VARCHAR2,120,,,Y
SYSTEM,CNT_DEINTECONT,23,DTIC_ID,NUMBER,22,10,0,N
SYSTEM,CNT_DEINTECONT,24,FECHCREA,DATE,7,,,N
SYSTEM,CNT_DEINTECONT,25,USUACREA,VARCHAR2,20,,,N
SYSTEM,CNT_DEINTECONT,26,FECHACTU,DATE,7,,,Y
SYSTEM,CNT_DEINTECONT,27,USUACTUA,VARCHAR2,20,,,Y
SYSTEM,CNT_DETASIENTO,1,ASTO_COMPANIA,VARCHAR2,10,,,N
SYSTEM,CNT_DETASIENTO,2,ASTO_NUMEDIAR,NUMBER,22,10,0,N
SYSTEM,CNT_DETASIENTO,3,CTAS_CODIGO,VARCHAR2,30,,,N
SYSTEM,CNT_DETASIENTO,4,CTAS_CATALOGO,VARCHAR2,2,,,N
SYSTEM,CNT_DETASIENTO,5,CTAS_COMPANIA,VARCHAR2,10,,,N
SYSTEM,CNT_DETASIENTO,6,TIPO,VARCHAR2,1,,,N
SYSTEM,CNT_DETASIENTO,7,VALOR,NUMBER,22,15,2,N
SYSTEM,CNT_DETASIENTO,8,DAST_ID,NUMBER,22,10,0,N
SYSTEM,CNT_DETASIENTO,9,FECHCREA,DATE,7,,,N
SYSTEM,CNT_DETASIENTO,10,USUACREA,VARCHAR2,20,,,N
SYSTEM,CNT_DETASIENTO,11,FECHACTU,DATE,7,,,Y
SYSTEM,CNT_DETASIENTO,12,USUACTUA,VARCHAR2,20,,,Y
SYSTEM,CNT_DETASIENTO,13,CCST_OFICINA,VARCHAR2,3,,,Y
SYSTEM,CNT_DETASIENTO,14,CCST_CODIGO,VARCHAR2,10,,,Y
SYSTEM,CNT_DETASIENTO,15,CCST_COMPANIA,VARCHAR2,10,,,Y
SYSTEM,CNT_DETASIENTO,16,VALORAUX,NUMBER,22,18,6,Y
SYSTEM,CNT_DETASIENTO,17,DAST_DAST_ID,NUMBER,22,10,0,Y
SYSTEM,CNT_DETASIENTO,18,VCHAR1,VARCHAR2,400,,,Y
SYSTEM,CNT_DETASIENTO,19,VCHAR2,VARCHAR2,400,,,Y
SYSTEM,CNT_DETASIENTO,20,VCHAR3,VARCHAR2,400,,,Y
SYSTEM,CNT_DETASIENTO,21,VCHAR4,VARCHAR2,400,,,Y
SYSTEM,CNT_DETASIENTO,22,VCHAR5,VARCHAR2,400,,,Y
SYSTEM,CNT_DETASIENTO,23,NUMBER1,NUMBER,22,,,Y
SYSTEM,CNT_DETASIENTO,24,NUMBER2,NUMBER,22,,,Y
SYSTEM,CNT_DETASIENTO,25,NUMBER3,NUMBER,22,,,Y
SYSTEM,CNT_DETASIENTO,26,NUMBER4,NUMBER,22,,,Y
SYSTEM,CNT_DETASIENTO,27,NUMBER5,NUMBER,22,,,Y
SYSTEM,CNT_DETIPIMP,1,DTIP_ID,NUMBER,22,10,0,N
SYSTEM,CNT_DETIPIMP,2,CODSRI,VARCHAR2,10,,,N
SYSTEM,CNT_DETIPIMP,3,PORCENTA,NUMBER,22,,,N
SYSTEM,CNT_DETIPIMP,4,DESCRIPC,VARCHAR2,150,,,Y
SYSTEM,CNT_DETIPIMP,5,USUACREA,VARCHAR2,20,,,N
SYSTEM,CNT_DETIPIMP,6,FECHCREA,DATE,7,,,N
SYSTEM,CNT_DETIPIMP,7,USUACTUA,VARCHAR2,20,,,Y
SYSTEM,CNT_DETIPIMP,8,FECHACTU,DATE,7,,,Y
SYSTEM,CNT_DETIPIMP,9,TPIM_TIPOIMPU,VARCHAR2,5,,,N
SYSTEM,CNT_DETIPIMP,10,VIGENTE,VARCHAR2,1,,,N
SYSTEM,CNT_DETIPIMP,11,IMPRIME,VARCHAR2,1,,,N
SYSTEM,CNT_INTECONT,1,CMPN_COMPANIA,VARCHAR2,10,,,N
SYSTEM,CNT_INTECONT,2,PRDT_PRODUCTO,VARCHAR2,3,,,N
SYSTEM,CNT_INTECONT,3,TPDC_TIPODOCU,VARCHAR2,2,,,N
SYSTEM,CNT_INTECONT,4,CODITRAN,VARCHAR2,10,,,N
SYSTEM,CNT_INTECONT,5,NOMBRE,VARCHAR2,50,,,N
SYSTEM,CNT_INTECONT,6,DESCRIPC,VARCHAR2,300,,,N
SYSTEM,CNT_INTECONT,7,TIPOGAST,VARCHAR2,10,,,Y
SYSTEM,CNT_INTECONT,8,VISIBLE,VARCHAR2,1,,,N
SYSTEM,CNT_INTECONT,9,FECHCREA,DATE,7,,,N
SYSTEM,CNT_INTECONT,10,USUACREA,VARCHAR2,20,,,N
SYSTEM,CNT_INTECONT,11,FECHACTU,DATE,7,,,Y
SYSTEM,CNT_INTECONT,12,USUACTUA,VARCHAR2,20,,,Y
SYSTEM,CNT_INTECONT,13,VCHAR1,VARCHAR2,400,,,Y
SYSTEM,CNT_INTECONT,14,VCHAR2,VARCHAR2,400,,,Y
SYSTEM,CNT_INTECONT,15,VCHAR3,VARCHAR2,400,,,Y
SYSTEM,CNT_INTECONT,16,VCHAR4,VARCHAR2,400,,,Y
SYSTEM,CNT_INTECONT,17,VCHAR5,VARCHAR2,400,,,Y
SYSTEM,CNT_INTECONT,18,NUMBER1,NUMBER,22,,,Y
SYSTEM,CNT_INTECONT,19,NUMBER2,NUMBER,22,,,Y
SYSTEM,CNT_INTECONT,20,NUMBER3,NUMBER,22,,,Y
SYSTEM,CNT_INTECONT,21,NUMBER4,NUMBER,22,,,Y
SYSTEM,CNT_INTECONT,22,NUMBER5,NUMBER,22,,,Y
SYSTEM,CNT_INTPROCESO,1,RHHS_CEDURUC,VARCHAR2,13,,,Y
SYSTEM,CNT_INTPROCESO,2,IPRO_ID,NUMBER,22,10,0,N
SYSTEM,CNT_INTPROCESO,3,FECHA,DATE,7,,,N
SYSTEM,CNT_INTPROCESO,4,IMPORTE,NUMBER,22,15,2,N
SYSTEM,CNT_INTPROCESO,5,DESCRIPC,VARCHAR2,1000,,,Y
SYSTEM,CNT_INTPROCESO,6,DEPT_COMPANIA,VARCHAR2,10,,,N
SYSTEM,CNT_INTPROCESO,7,DEPT_OFICINA,VARCHAR2,3,,,N
SYSTEM,CNT_INTPROCESO,8,DEPT_CODIDEPA,VARCHAR2,3,,,N
SYSTEM,CNT_INTPROCESO,9,ASTO_COMPANIA,VARCHAR2,10,,,Y
SYSTEM,CNT_INTPROCESO,10,ASTO_NUMEDIAR,NUMBER,22,10,0,Y
SYSTEM,CNT_INTPROCESO,11,INCN_TIPODOCU,VARCHAR2,2,,,Y
SYSTEM,CNT_INTPROCESO,12,INCN_CODITRAN,VARCHAR2,10,,,Y
SYSTEM,CNT_INTPROCESO,13,INCN_PRODUCTO,VARCHAR2,3,,,Y
SYSTEM,CNT_INTPROCESO,14,INCN_COMPANIA,VARCHAR2,10,,,Y
SYSTEM,CNT_INTPROCESO,15,FECHCREA,DATE,7,,,N
SYSTEM,CNT_INTPROCESO,16,USUACREA,VARCHAR2,20,,,N
SYSTEM,CNT_INTPROCESO,17,FECHACTU,DATE,7,,,Y
SYSTEM,CNT_INTPROCESO,18,USUACTUA,VARCHAR2,20,,,Y
SYSTEM,CNT_INTPROCESO,19,REFER,VARCHAR2,50,,,Y
SYSTEM,CNT_INTPROCESO,20,AUDPRVID,NUMBER,22,,,Y
SYSTEM,CNT_INTPROCESO,21,NUMBER1,NUMBER,22,,,Y
SYSTEM,CNT_INTPROCESO,22,NUMBER2,NUMBER,22,,,Y
SYSTEM,CNT_INTPROCESO,23,NUMBER3,NUMBER,22,,,Y
SYSTEM,CNT_INTPROCESO,24,NUMBER4,NUMBER,22,,,Y
SYSTEM,CNT_INTPROCESO,25,NUMBER5,NUMBER,22,,,Y
SYSTEM,CNT_INTPROCESO,26,VCHAR1,VARCHAR2,500,,,Y
SYSTEM,CNT_INTPROCESO,27,VCHAR2,VARCHAR2,500,,,Y
SYSTEM,CNT_INTPROCESO,28,VCHAR3,VARCHAR2,500,,,Y
SYSTEM,CNT_INTPROCESO,29,VCHAR4,VARCHAR2,500,,,Y
SYSTEM,CNT_INTPROCESO,30,VCHAR5,VARCHAR2,500,,,Y
SYSTEM,CNT_PORCEICE,1,CODIGO,VARCHAR2,2,,,N
SYSTEM,CNT_PORCEICE,2,DESCRIPC,VARCHAR2,120,,,N
SYSTEM,CNT_PORCEICE,3,PORCEICE,NUMBER,22,10,5,N
SYSTEM,CNT_PORCEICE,4,CODIIMPU,VARCHAR2,5,,,N
SYSTEM,CNT_PORCEICE,5,FECHINIC,DATE,7,,,N
SYSTEM,CNT_PORCEICE,6,FECHFIN,DATE,7,,,Y
SYSTEM,CNT_PORCEICE,7,FECHCREA,DATE,7,,,N
SYSTEM,CNT_PORCEICE,8,USUACREA,VARCHAR2,20,,,N
SYSTEM,CNT_PORCEICE,9,FECHACTU,DATE,7,,,Y
SYSTEM,CNT_PORCEICE,10,USUACTUA,VARCHAR2,20,,,Y
SYSTEM,CNT_PRESUCON,1,PCNT_ID,NUMBER,22,10,0,N
SYSTEM,CNT_PRESUCON,2,CONSOLIDA,VARCHAR2,1,,,N
SYSTEM,CNT_PRESUCON,3,TIPO,VARCHAR2,1,,,N
SYSTEM,CNT_PRESUCON,4,ANIOPRES,VARCHAR2,10,,,N
SYSTEM,CNT_PRESUCON,5,FECHINI,DATE,7,,,N
SYSTEM,CNT_PRESUCON,6,FECHFIN,DATE,7,,,N
SYSTEM,CNT_PRESUCON,7,PORCENTA,NUMBER,22,10,6,Y
SYSTEM,CNT_PRESUCON,8,DESCRIPC,VARCHAR2,400,,,Y
SYSTEM,CNT_PRESUCON,9,MES01,NUMBER,22,16,4,Y
SYSTEM,CNT_PRESUCON,10,MES02,NUMBER,22,16,4,Y
SYSTEM,CNT_PRESUCON,11,MES03,NUMBER,22,16,4,Y
SYSTEM,CNT_PRESUCON,12,MES04,NUMBER,22,16,4,Y
SYSTEM,CNT_PRESUCON,13,MES05,NUMBER,22,16,4,Y
SYSTEM,CNT_PRESUCON,14,MES06,NUMBER,22,16,4,Y
SYSTEM,CNT_PRESUCON,15,MES07,NUMBER,22,16,4,Y
SYSTEM,CNT_PRESUCON,16,MES08,NUMBER,22,16,4,Y
SYSTEM,CNT_PRESUCON,17,MES09,NUMBER,22,16,4,Y
SYSTEM,CNT_PRESUCON,18,MES10,NUMBER,22,16,4,Y
SYSTEM,CNT_PRESUCON,19,MES11,NUMBER,22,16,4,Y
SYSTEM,CNT_PRESUCON,20,MES12,NUMBER,22,16,4,Y
SYSTEM,CNT_PRESUCON,21,MES01S,NUMBER,22,16,4,Y
SYSTEM,CNT_PRESUCON,22,MES01R,NUMBER,22,16,4,Y
SYSTEM,CNT_PRESUCON,23,MES02S,NUMBER,22,16,4,Y
SYSTEM,CNT_PRESUCON,24,MES02R,NUMBER,22,16,4,Y
SYSTEM,CNT_PRESUCON,25,MES03R,NUMBER,22,16,4,Y
SYSTEM,CNT_PRESUCON,26,MES03S,NUMBER,22,16,4,Y
SYSTEM,CNT_PRESUCON,27,MES04R,NUMBER,22,16,4,Y
SYSTEM,CNT_PRESUCON,28,MES04S,NUMBER,22,16,4,Y
SYSTEM,CNT_PRESUCON,29,MES05R,NUMBER,22,16,4,Y
SYSTEM,CNT_PRESUCON,30,MES05S,NUMBER,22,16,4,Y
SYSTEM,CNT_PRESUCON,31,MES06R,NUMBER,22,16,4,Y
SYSTEM,CNT_PRESUCON,32,MES06S,NUMBER,22,16,4,Y
SYSTEM,CNT_PRESUCON,33,MES07S,NUMBER,22,16,4,Y
SYSTEM,CNT_PRESUCON,34,MES07R,NUMBER,22,16,4,Y
SYSTEM,CNT_PRESUCON,35,MES08S,NUMBER,22,16,4,Y
SYSTEM,CNT_PRESUCON,36,MES08R,NUMBER,22,16,4,Y
SYSTEM,CNT_PRESUCON,37,MES09R,NUMBER,22,16,4,Y
SYSTEM,CNT_PRESUCON,38,MES09S,NUMBER,22,16,4,Y
SYSTEM,CNT_PRESUCON,39,MES10R,NUMBER,22,16,4,Y
SYSTEM,CNT_PRESUCON,40,MES10S,NUMBER,22,16,4,Y
SYSTEM,CNT_PRESUCON,41,MES11R,NUMBER,22,16,4,Y
SYSTEM,CNT_PRESUCON,42,MES11S,NUMBER,22,16,4,Y
SYSTEM,CNT_PRESUCON,43,MES12R,NUMBER,22,16,4,Y
SYSTEM,CNT_PRESUCON,44,MES12S,NUMBER,22,16,4,Y
SYSTEM,CNT_PRESUCON,45,PRECNETO,NUMBER,22,16,4,Y
SYSTEM,CNT_PRESUCON,46,CTAS_CODIGO,VARCHAR2,30,,,Y
SYSTEM,CNT_PRESUCON,47,CTAS_COMPANIA,VARCHAR2,10,,,Y
SYSTEM,CNT_PRESUCON,48,CTAS_CATALOGO,VARCHAR2,2,,,Y
SYSTEM,CNT_PRESUCON,49,OFCN_OFICINA,VARCHAR2,3,,,Y
SYSTEM,CNT_PRESUCON,50,OFCN_COMPANIA,VARCHAR2,10,,,Y
SYSTEM,CNT_PRESUCON,51,FECHCREA,DATE,7,,,N
SYSTEM,CNT_PRESUCON,52,USUACREA,VARCHAR2,20,,,N
SYSTEM,CNT_PRESUCON,53,FECHACTU,DATE,7,,,Y
SYSTEM,CNT_PRESUCON,54,USUACTUA,VARCHAR2,20,,,Y
SYSTEM,CNT_RETENCION,1,RETE_ID,NUMBER,22,10,0,N
SYSTEM,CNT_RETENCION,2,SERIE,VARCHAR2,10,,,N
SYSTEM,CNT_RETENCION,3,NUMERO,NUMBER,22,10,0,N
SYSTEM,CNT_RETENCION,4,FECHA,DATE,7,,,N
SYSTEM,CNT_RETENCION,5,BASERETE,NUMBER,22,20,5,N
SYSTEM,CNT_RETENCION,6,TASARETE,NUMBER,22,7,4,N
SYSTEM,CNT_RETENCION,7,DESCRIPC,VARCHAR2,500,,,Y
SYSTEM,CNT_RETENCION,8,IMPRESO,VARCHAR2,1,,,Y
SYSTEM,CNT_RETENCION,9,FECHVALI,DATE,7,,,Y
SYSTEM,CNT_RETENCION,10,REFER,VARCHAR2,30,,,Y
SYSTEM,CNT_RETENCION,11,NUMEAUTO,VARCHAR2,15,,,Y
SYSTEM,CNT_RETENCION,12,ASTO_COMPANIA,VARCHAR2,10,,,N
SYSTEM,CNT_RETENCION,13,ASTO_NUMEDIAR,NUMBER,22,10,0,N
SYSTEM,CNT_RETENCION,14,EGEN_ESTADO,VARCHAR2,2,,,N
SYSTEM,CNT_RETENCION,15,TRET_TIPORETE,VARCHAR2,10,,,N
SYSTEM,CNT_RETENCION,16,CMPR_COMPANIA,VARCHAR2,10,,,Y
SYSTEM,CNT_RETENCION,17,CMPR_CEDURUC,VARCHAR2,13,,,Y
SYSTEM,CNT_RETENCION,18,CMPR_SERIE,VARCHAR2,6,,,Y
SYSTEM,CNT_RETENCION,19,CMPR_NUMERO,NUMBER,22,10,0,Y
SYSTEM,CNT_RETENCION,20,CMPR_ALCANCE,NUMBER,22,1,0,Y
SYSTEM,CNT_RETENCION,21,VNTA_OFICINA,VARCHAR2,3,,,Y
SYSTEM,CNT_RETENCION,22,VNTA_COMPANIA,VARCHAR2,10,,,Y
SYSTEM,CNT_RETENCION,23,VNTA_NUMERO,NUMBER,22,10,0,Y
SYSTEM,CNT_RETENCION,24,VNTA_SERIE,VARCHAR2,6,,,Y
SYSTEM,CNT_RETENCION,25,FECHCREA,DATE,7,,,N
SYSTEM,CNT_RETENCION,26,USUACREA,VARCHAR2,20,,,N
SYSTEM,CNT_RETENCION,27,FECHACTU,DATE,7,,,Y
SYSTEM,CNT_RETENCION,28,USUACTUA,VARCHAR2,20,,,Y
SYSTEM,CNT_RETENCION,29,VNTA_TIPOCOMP,VARCHAR2,2,,,Y
SYSTEM,CNT_RETENCION,30,ESTDAUTOSRI,VARCHAR2,20,,,Y
SYSTEM,CNT_RETENCION,31,NUMEAUTOSRI,VARCHAR2,200,,,Y
SYSTEM,CNT_RETENCION,32,FECHAAUTOSRI,VARCHAR2,50,,,Y
SYSTEM,CNT_RETENCION,33,CLAVACCESRI,VARCHAR2,200,,,Y
SYSTEM,CNT_RETENCION,34,EMAIL,VARCHAR2,1,,,Y
SYSTEM,CNT_RETENCION,35,OTRC_OTRC_ID,NUMBER,22,10,0,Y
SYSTEM,CNT_RETENCION,36,OTRS_OTRS_ID,NUMBER,22,10,0,Y
SYSTEM,CNT_RETENCION,37,FENVIO,DATE,7,,,Y
SYSTEM,CNT_SECUTRAN,1,SECUTRAN,VARCHAR2,2,,,N
SYSTEM,CNT_SECUTRAN,2,TPID_TIPOIDEN,VARCHAR2,1,,,N
SYSTEM,CNT_SECUTRAN,3,TPTR_TIPOTRAN,VARCHAR2,2,,,N
SYSTEM,CNT_SECUTRAN,4,FECHCREA,DATE,7,,,N
SYSTEM,CNT_SECUTRAN,5,USUACREA,VARCHAR2,20,,,N
SYSTEM,CNT_SECUTRAN,6,FECHACTU,DATE,7,,,Y
SYSTEM,CNT_SECUTRAN,7,USUACTUA,VARCHAR2,20,,,Y
SYSTEM,CNT_SUSTCOMP,1,SUSTENTO,VARCHAR2,2,,,N
SYSTEM,CNT_SUSTCOMP,2,DESCRIPC,VARCHAR2,300,,,N
SYSTEM,CNT_SUSTCOMP,3,VIGENTE,VARCHAR2,1,,,N
SYSTEM,CNT_SUSTCOMP,4,STCM_SUSTENTO,VARCHAR2,2,,,Y
SYSTEM,CNT_SUSTCOMP,5,FECHCREA,DATE,7,,,N
SYSTEM,CNT_SUSTCOMP,6,USUACREA,VARCHAR2,20,,,N
SYSTEM,CNT_SUSTCOMP,7,FECHACTU,DATE,7,,,Y
SYSTEM,CNT_SUSTCOMP,8,USUACTUA,VARCHAR2,20,,,Y
SYSTEM,CNT_SUSTCOMP,9,PREDEFINIDO,VARCHAR2,1,,,N
SYSTEM,CNT_TIPOCAMB,1,MONE_MONEDA,VARCHAR2,5,,,N
SYSTEM,CNT_TIPOCAMB,2,FECHA,DATE,7,,,N
SYSTEM,CNT_TIPOCAMB,3,PRECCOMP,NUMBER,22,15,5,N
SYSTEM,CNT_TIPOCAMB,4,PRECVENT,NUMBER,22,15,5,N
SYSTEM,CNT_TIPOCAMB,5,FECHCREA,DATE,7,,,N
SYSTEM,CNT_TIPOCAMB,6,USUACREA,VARCHAR2,20,,,N
SYSTEM,CNT_TIPOCAMB,7,FECHACTU,DATE,7,,,Y
SYSTEM,CNT_TIPOCAMB,8,USUACTUA,VARCHAR2,20,,,Y
SYSTEM,CNT_TIPOCOMP,1,TIPOCOMP,VARCHAR2,10,,,N
SYSTEM,CNT_TIPOCOMP,2,DESCRIPC,VARCHAR2,300,,,N
SYSTEM,CNT_TIPOCOMP,3,VIGENTE,VARCHAR2,1,,,N
SYSTEM,CNT_TIPOCOMP,4,FECHCREA,DATE,7,,,N
SYSTEM,CNT_TIPOCOMP,5,USUACREA,VARCHAR2,20,,,N
SYSTEM,CNT_TIPOCOMP,6,FECHACTU,DATE,7,,,Y
SYSTEM,CNT_TIPOCOMP,7,USUACTUA,VARCHAR2,20,,,Y
SYSTEM,CNT_TIPOCOMP,8,DIRDOCU,VARCHAR2,100,,,Y
SYSTEM,CNT_TIPOCOMP,9,REPORTE,VARCHAR2,50,,,Y
SYSTEM,CNT_TIPOCOMP,10,TPCOMSRI,VARCHAR2,10,,,Y
SYSTEM,CNT_TIPOCOMP,11,TCMALIAS,VARCHAR2,2,,,Y
SYSTEM,CNT_TIPOCUENTA,1,TIPOCTA,VARCHAR2,2,,,N
SYSTEM,CNT_TIPOCUENTA,2,DESCRIPC,VARCHAR2,50,,,N
SYSTEM,CNT_TIPOCUENTA,3,FECHCREA,DATE,7,,,N
SYSTEM,CNT_TIPOCUENTA,4,USUACREA,VARCHAR2,20,,,N
SYSTEM,CNT_TIPOCUENTA,5,FECHACTU,DATE,7,,,Y
SYSTEM,CNT_TIPOCUENTA,6,USUACTUA,VARCHAR2,20,,,Y
SYSTEM,CNT_TIPOIMPU,1,TIPOIMPU,VARCHAR2,5,,,N
SYSTEM,CNT_TIPOIMPU,2,DESCRIPC,VARCHAR2,50,,,Y
SYSTEM,CNT_TIPOIMPU,3,VIGENTE,VARCHAR2,1,,,N
SYSTEM,CNT_TIPOIMPU,4,FECHCREA,DATE,7,,,N
SYSTEM,CNT_TIPOIMPU,5,USUACREA,VARCHAR2,20,,,N
SYSTEM,CNT_TIPOIMPU,6,FECHACTU,DATE,7,,,Y
SYSTEM,CNT_TIPOIMPU,7,USUACTUA,VARCHAR2,20,,,Y
SYSTEM,CNT_TIPOIMPU,8,CODIGSRI,VARCHAR2,10,,,Y
SYSTEM,CNT_TIPORETE,1,TIPORETE,VARCHAR2,10,,,N
SYSTEM,CNT_TIPORETE,2,CTAS_CODIGO,VARCHAR2,30,,,Y
SYSTEM,CNT_TIPORETE,3,CTAS_CATALOGO,VARCHAR2,2,,,Y
SYSTEM,CNT_TIPORETE,4,CTAS_COMPANIA,VARCHAR2,10,,,Y
SYSTEM,CNT_TIPORETE,5,DESCRIPC,VARCHAR2,300,,,N
SYSTEM,CNT_TIPORETE,6,VIGENTE,VARCHAR2,1,,,N
SYSTEM,CNT_TIPORETE,7,FECHINIC,DATE,7,,,N
SYSTEM,CNT_TIPORETE,8,TRET_TIPORETE,VARCHAR2,10,,,Y
SYSTEM,CNT_TIPORETE,9,PORCRETE,NUMBER,22,10,5,Y
SYSTEM,CNT_TIPORETE,10,CODIAUXI,VARCHAR2,10,,,Y
SYSTEM,CNT_TIPORETE,11,FECHFIN,DATE,7,,,Y
SYSTEM,CNT_TIPORETE,12,VNTS_COMPANIA,VARCHAR2,10,,,Y
SYSTEM,CNT_TIPORETE,13,VNTS_CATALOGO,VARCHAR2,2,,,Y
SYSTEM,CNT_TIPORETE,14,VNTS_CODIGO,VARCHAR2,30,,,Y
SYSTEM,CNT_TIPORETE,15,FECHCREA,DATE,7,,,N
SYSTEM,CNT_TIPORETE,16,USUACREA,VARCHAR2,20,,,N
SYSTEM,CNT_TIPORETE,17,FECHACTU,DATE,7,,,Y
SYSTEM,CNT_TIPORETE,18,USUACTUA,VARCHAR2,20,,,Y
SYSTEM,CNT_TIPORETE,19,CODIGSRI,VARCHAR2,10,,,Y
SYSTEM,CNT_TIPORETE,20,VCHAR1,VARCHAR2,500,,,Y
SYSTEM,CNT_TIPORETE,21,VCHAR2,VARCHAR2,500,,,Y
SYSTEM,CNT_TIPORETE,22,VCHAR3,VARCHAR2,500,,,Y
SYSTEM,CNT_TIPORETE,23,VCHAR4,VARCHAR2,500,,,Y
SYSTEM,CNT_TIPORETE,24,VCHAR5,VARCHAR2,500,,,Y
SYSTEM,CNT_TIPORETE,25,NUMBER1,NUMBER,22,,,Y
SYSTEM,CNT_TIPORETE,26,NUMBER2,NUMBER,22,,,Y
SYSTEM,CNT_TIPORETE,27,NUMBER3,NUMBER,22,,,Y
SYSTEM,CNT_TIPORETE,28,NUMBER4,NUMBER,22,,,Y
SYSTEM,CNT_TIPORETE,29,NUMBER5,NUMBER,22,,,Y
SYSTEM,CNT_TPTRANSRI,1,TIPOTRAN,VARCHAR2,2,,,N
SYSTEM,CNT_TPTRANSRI,2,DESCRIPC,VARCHAR2,60,,,N
SYSTEM,CNT_TPTRANSRI,3,VIGENTE,VARCHAR2,1,,,N
SYSTEM,CNT_TPTRANSRI,4,FECHCREA,DATE,7,,,N
SYSTEM,CNT_TPTRANSRI,5,USUACREA,VARCHAR2,20,,,N
SYSTEM,CNT_TPTRANSRI,6,FECHACTU,DATE,7,,,Y
SYSTEM,CNT_TPTRANSRI,7,USUACTUA,VARCHAR2,20,,,Y
SYSTEM,CNT_TRANINTE,1,CODITRAN,VARCHAR2,10,,,N
SYSTEM,CNT_TRANINTE,2,DESCRIPC,VARCHAR2,120,,,N
SYSTEM,CNT_TRANINTE,3,TIPOTRAN,VARCHAR2,10,,,N
SYSTEM,CNT_TRANINTE,4,FECHCREA,DATE,7,,,N
SYSTEM,CNT_TRANINTE,5,USUACREA,VARCHAR2,20,,,N
SYSTEM,CNT_TRANINTE,6,FECHACTU,DATE,7,,,Y
SYSTEM,CNT_TRANINTE,7,USUACTUA,VARCHAR2,20,,,Y
SYSTEM,CNT_TRANINTE,8,PRODUCT,VARCHAR2,3,,,Y
SYSTEM,CNT_TRANINTE,9,TIPODOCU,VARCHAR2,2,,,Y
SYSTEM,COB_ALCACOBR,1,ACOB_ID,NUMBER,22,10,0,N
SYSTEM,COB_ALCACOBR,2,CHQE_CHQE_ID,NUMBER,22,10,0,N
SYSTEM,COB_ALCACOBR,3,MONTO,NUMBER,22,16,2,N
SYSTEM,COB_ALCACOBR,4,DTCB_DTCB_ID,NUMBER,22,10,0,Y
SYSTEM,COB_ALCACOBR,5,DESCRIPC,VARCHAR2,300,,,Y
SYSTEM,COB_ALCACOBR,6,FECHCREA,DATE,7,,,N
SYSTEM,COB_ALCACOBR,7,USUACREA,VARCHAR2,20,,,N
SYSTEM,COB_ALCACOBR,8,FECHACTU,DATE,7,,,Y
SYSTEM,COB_ALCACOBR,9,USUACTUA,VARCHAR2,20,,,Y
SYSTEM,COB_ANTICIPO,1,ASTO_COMPANIA,VARCHAR2,10,,,N
SYSTEM,COB_ANTICIPO,2,ASTO_NUMEDIAR,NUMBER,22,10,0,N
SYSTEM,COB_ANTICIPO,3,CLTE_COMPANIA,VARCHAR2,10,,,N
SYSTEM,COB_ANTICIPO,4,CLTE_IDCLIENTE,NUMBER,22,10,0,N
SYSTEM,COB_ANTICIPO,5,EGEN_ESTADO,VARCHAR2,2,,,N
SYSTEM,COB_ANTICIPO,6,FECHA,DATE,7,,,N
SYSTEM,COB_ANTICIPO,7,VALOR,NUMBER,22,16,2,N
SYSTEM,COB_ANTICIPO,8,REFER,VARCHAR2,30,,,Y
SYSTEM,COB_ANTICIPO,9,DESCRIPC,VARCHAR2,1000,,,N
SYSTEM,COB_ANTICIPO,10,ANTC_ID,NUMBER,22,10,0,N
SYSTEM,COB_ANTICIPO,11,FECHCREA,DATE,7,,,N
SYSTEM,COB_ANTICIPO,12,USUACREA,VARCHAR2,20,,,N
SYSTEM,COB_ANTICIPO,13,FECHACTU,DATE,7,,,Y
SYSTEM,COB_ANTICIPO,14,USUACTUA,VARCHAR2,20,,,Y
SYSTEM,COB_ANTICIPO,15,VCHAR2,VARCHAR2,500,,,Y
SYSTEM,COB_ANTICIPO,16,VCHAR3,VARCHAR2,500,,,Y
SYSTEM,COB_ANTICIPO,17,VCHAR5,VARCHAR2,500,,,Y
SYSTEM,COB_ANTICIPO,18,VCHAR1,VARCHAR2,500,,,Y
SYSTEM,COB_ANTICIPO,19,VCHAR4,VARCHAR2,500,,,Y
SYSTEM,COB_ANTICIPO,20,PLPP_ID,NUMBER,22,10,0,Y
SYSTEM,COB_ANTICIPO,21,NUMBER1,NUMBER,22,,,Y
SYSTEM,COB_ANTICIPO,22,NUMBER2,NUMBER,22,,,Y
SYSTEM,COB_ANTICIPO,23,NUMBER3,NUMBER,22,,,Y
SYSTEM,COB_ANTICIPO,24,NUMBER4,NUMBER,22,,,Y
SYSTEM,COB_ANTICIPO,25,NUMBER5,NUMBER,22,,,Y
SYSTEM,COB_ANTICIPO,26,RCCB_NUMERO,VARCHAR2,10,,,Y
SYSTEM,COB_CRUCEANT,1,CRAN_ID,NUMBER,22,10,0,N
SYSTEM,COB_CRUCEANT,2,VALOR,NUMBER,22,16,2,N
SYSTEM,COB_CRUCEANT,3,ASTO_COMPANIA,VARCHAR2,10,,,N
SYSTEM,COB_CRUCEANT,4,ASTO_NUMEDIAR,NUMBER,22,10,0,N
SYSTEM,COB_CRUCEANT,5,ANTC_ANTC_ID,NUMBER,22,10,0,N
SYSTEM,COB_CRUCEANT,6,EGEN_ESTADO,VARCHAR2,2,,,N
SYSTEM,COB_CRUCEANT,7,FECHCREA,DATE,7,,,N
SYSTEM,COB_CRUCEANT,8,USUACREA,VARCHAR2,20,,,N
SYSTEM,COB_CRUCEANT,9,USUACTUA,VARCHAR2,20,,,Y
SYSTEM,COB_CRUCEANT,10,FECHACTU,DATE,7,,,Y
SYSTEM,COB_DETACHEQ,1,DCHE_ID,NUMBER,22,10,0,N
SYSTEM,COB_DETACHEQ,2,VALOR,NUMBER,22,16,2,N
SYSTEM,COB_DETACHEQ,3,PLCB_PLCB_ID,NUMBER,22,10,0,N
SYSTEM,COB_DETACHEQ,4,CHQE_CHQE_ID,NUMBER,22,10,0,N
SYSTEM,COB_DETACHEQ,5,EGEN_ESTADO,VARCHAR2,2,,,N
SYSTEM,COB_DETACHEQ,6,USUACREA,VARCHAR2,20,,,N
SYSTEM,COB_DETACHEQ,7,FECHCREA,DATE,7,,,N
SYSTEM,COB_DETACHEQ,8,FECHACTU,DATE,7,,,Y
SYSTEM,COB_DETACHEQ,9,USUACTUA,VARCHAR2,20,,,Y
SYSTEM,COB_DETACOBRO,1,DTCB_ID,NUMBER,22,10,0,N
SYSTEM,COB_DETACOBRO,2,ASTO_COMPANIA,VARCHAR2,10,,,N
SYSTEM,COB_DETACOBRO,3,ASTO_NUMEDIAR,NUMBER,22,10,0,N
SYSTEM,COB_DETACOBRO,4,EGEN_ESTADO,VARCHAR2,2,,,N
SYSTEM,COB_DETACOBRO,5,PLCB_PLCB_ID,NUMBER,22,10,0,N
SYSTEM,COB_DETACOBRO,6,FECHA,DATE,7,,,N
SYSTEM,COB_DETACOBRO,7,FECHACOB,DATE,7,,,N
SYSTEM,COB_DETACOBRO,8,VALOR,NUMBER,22,16,2,N
SYSTEM,COB_DETACOBRO,9,REFER,VARCHAR2,30,,,N
SYSTEM,COB_DETACOBRO,10,USUACREA,VARCHAR2,20,,,N
SYSTEM,COB_DETACOBRO,11,FECHCREA,DATE,7,,,N
SYSTEM,COB_DETACOBRO,12,NCCL_NUMERO,VARCHAR2,10,,,Y
SYSTEM,COB_DETACOBRO,13,NCCL_COMPANIA,VARCHAR2,10,,,Y
SYSTEM,COB_DETACOBRO,14,NCCL_OFICINA,VARCHAR2,3,,,Y
SYSTEM,COB_DETACOBRO,15,NCCL_SERIE,VARCHAR2,6,,,Y
SYSTEM,COB_DETACOBRO,16,RCCB_NUMERO,VARCHAR2,10,,,Y
SYSTEM,COB_DETACOBRO,17,DESCRIPC,VARCHAR2,1000,,,Y
SYSTEM,COB_DETACOBRO,18,CIUDAD,VARCHAR2,30,,,Y
SYSTEM,COB_DETACOBRO,19,USUACTUA,VARCHAR2,20,,,Y
SYSTEM,COB_DETACOBRO,20,FECHACTU,DATE,7,,,Y
SYSTEM,COB_DETACOBRO,21,VALCHEQU,NUMBER,22,16,2,Y
SYSTEM,COB_DETACOBRO,22,VALDEPTR,NUMBER,22,16,2,Y
SYSTEM,COB_DETACOBRO,23,VNDR_COMPANIA,VARCHAR2,10,,,Y
SYSTEM,COB_DETACOBRO,24,VNDR_OFICINA,VARCHAR2,3,,,Y
SYSTEM,COB_DETACOBRO,25,VNDR_CODIGO,VARCHAR2,10,,,Y
SYSTEM,COB_DETACOBRO,26,VALEFECT,NUMBER,22,16,2,Y
SYSTEM,COB_DETACOBRO,27,VALTRANS,NUMBER,22,16,2,Y
SYSTEM,COB_DETACOBRO,28,VABOCAPI,NUMBER,22,18,4,Y
SYSTEM,COB_DETACOBRO,29,VABOINTE,NUMBER,22,18,4,Y
SYSTEM,COB_DETACOBRO,30,PTBN_NUMEOPER,NUMBER,22,,,Y
SYSTEM,COB_DETACOBRO,31,VABOMORA,NUMBER,22,18,4,Y
SYSTEM,COB_DETACOBRO,32,VABORECA,NUMBER,22,22,4,Y
SYSTEM,COB_DETACOBRO,33,VAINTANT,NUMBER,22,,,Y
SYSTEM,COB_DETACOBRO,34,TIPOCAPI,VARCHAR2,2,,,Y
SYSTEM,COB_DETACOBRO,35,BANDA,NUMBER,22,10,0,Y
SYSTEM,COB_DETACOBRO,36,VALOTARJ,NUMBER,22,16,2,Y
SYSTEM,COB_DETACOBRO,37,VALOOTRS,NUMBER,22,16,2,Y
SYSTEM,COB_DETACOBRO,38,VALORETE,NUMBER,22,16,2,Y
SYSTEM,COB_DETACOBRO,39,VALONTCR,NUMBER,22,16,2,Y
SYSTEM,COB_DETACOBRO,40,VCHAR1,VARCHAR2,4000,,,Y
SYSTEM,COB_DETACOBRO,41,VCHAR2,VARCHAR2,4000,,,Y
SYSTEM,COB_DETACOBRO,42,VCHAR3,VARCHAR2,4000,,,Y
SYSTEM,COB_DETACOBRO,43,VCHAR4,VARCHAR2,4000,,,Y
SYSTEM,COB_DETACOBRO,44,VCHAR5,VARCHAR2,4000,,,Y
SYSTEM,COB_DETACOBRO,45,NUMBER1,NUMBER,22,,,Y
SYSTEM,COB_DETACOBRO,46,NUMBER2,NUMBER,22,,,Y
SYSTEM,COB_DETACOBRO,47,NUMBER3,NUMBER,22,,,Y
SYSTEM,COB_DETACOBRO,48,NUMBER4,NUMBER,22,,,Y
SYSTEM,COB_DETACOBRO,49,NUMBER5,NUMBER,22,,,Y
SYSTEM,COB_DETACOBRO,50,VALANTIC,NUMBER,22,16,2,Y
SYSTEM,COB_DETADEBI,1,DDEB_ID,NUMBER,22,10,0,N
SYSTEM,COB_DETADEBI,2,CANTIDAD,NUMBER,22,16,6,N
SYSTEM,COB_DETADEBI,3,PRECUNIT,NUMBER,22,16,4,N
SYSTEM,COB_DETADEBI,4,VALOR,NUMBER,22,20,8,N
SYSTEM,COB_DETADEBI,5,TASAIVA,NUMBER,22,7,0,Y
SYSTEM,COB_DETADEBI,6,OBS,VARCHAR2,600,,,Y
SYSTEM,COB_DETADEBI,7,OTRC_OTRC_ID,NUMBER,22,10,0,Y
SYSTEM,COB_DETADEBI,8,ARTL_ARTICULO,VARCHAR2,30,,,N
SYSTEM,COB_DETADEBI,9,ARTL_CODIGRUP,VARCHAR2,20,,,N
SYSTEM,COB_DETADEBI,10,ARTL_CLASE,VARCHAR2,20,,,N
SYSTEM,COB_DETADEBI,11,ARTL_COMPANIA,VARCHAR2,10,,,N
SYSTEM,COB_DETADEBI,12,USUACREA,VARCHAR2,20,,,N
SYSTEM,COB_DETADEBI,13,FECHCREA,DATE,7,,,N
SYSTEM,COB_DETADEBI,14,FECHACTU,DATE,7,,,Y
SYSTEM,COB_DETADEBI,15,USUACTUA,VARCHAR2,20,,,Y
SYSTEM,COB_OTRODEBI,1,ASTO_COMPANIA,VARCHAR2,10,,,N
SYSTEM,COB_OTRODEBI,2,ASTO_NUMEDIAR,NUMBER,22,10,0,N
SYSTEM,COB_OTRODEBI,3,EGEN_ESTADO,VARCHAR2,2,,,N
SYSTEM,COB_OTRODEBI,4,FRPG_FORMPAGO,VARCHAR2,2,,,N
SYSTEM,COB_OTRODEBI,5,PRPG_CODIPERI,VARCHAR2,2,,,N
SYSTEM,COB_OTRODEBI,6,FECHA,DATE,7,,,N
SYSTEM,COB_OTRODEBI,7,DESCRIPC,VARCHAR2,500,,,N
SYSTEM,COB_OTRODEBI,8,MONTO,NUMBER,22,16,2,N
SYSTEM,COB_OTRODEBI,9,TBAN_TIPODOCU,VARCHAR2,2,,,Y
SYSTEM,COB_OTRODEBI,10,REFER,VARCHAR2,30,,,Y
SYSTEM,COB_OTRODEBI,11,TBAN_COMPANIA,VARCHAR2,10,,,Y
SYSTEM,COB_OTRODEBI,12,TBAN_CODIGO,VARCHAR2,30,,,Y
SYSTEM,COB_OTRODEBI,13,TBAN_CATALOGO,VARCHAR2,2,,,Y
SYSTEM,COB_OTRODEBI,14,TBAN_NUMERO,NUMBER,22,10,0,Y
SYSTEM,COB_OTRODEBI,15,VNDR_COMPANIA,VARCHAR2,10,,,Y
SYSTEM,COB_OTRODEBI,16,VNDR_OFICINA,VARCHAR2,3,,,Y
SYSTEM,COB_OTRODEBI,17,VNDR_CODIGO,VARCHAR2,10,,,Y
SYSTEM,COB_OTRODEBI,18,FECHCANC,DATE,7,,,Y
SYSTEM,COB_OTRODEBI,19,FECHVCTO,DATE,7,,,Y
SYSTEM,COB_OTRODEBI,20,OTRC_ID,NUMBER,22,10,0,N
SYSTEM,COB_OTRODEBI,21,FECHCREA,DATE,7,,,N
SYSTEM,COB_OTRODEBI,22,USUACREA,VARCHAR2,20,,,N
SYSTEM,COB_OTRODEBI,23,FECHACTU,DATE,7,,,Y
SYSTEM,COB_OTRODEBI,24,USUACTUA,VARCHAR2,20,,,Y
SYSTEM,COB_OTRODEBI,25,NUMERO,VARCHAR2,30,,,Y
SYSTEM,COB_OTRODEBI,26,CLTE_COMPANIA,VARCHAR2,10,,,N
SYSTEM,COB_OTRODEBI,27,CLTE_IDCLIENTE,NUMBER,22,10,0,N
SYSTEM,COB_OTRODEBI,28,TPCM_TIPOCOMP,VARCHAR2,10,,,Y
SYSTEM,COB_OTRODEBI,29,SERIE,VARCHAR2,6,,,Y
SYSTEM,COB_OTRODEBI,30,SCTR_SECUTRAN,VARCHAR2,2,,,Y
SYSTEM,COB_OTRODEBI,31,BASEIVA0,NUMBER,22,16,2,Y
SYSTEM,COB_OTRODEBI,32,TASAIVA,NUMBER,22,7,4,Y
SYSTEM,COB_OTRODEBI,33,BASEIVA,NUMBER,22,16,2,Y
SYSTEM,COB_OTRODEBI,34,NUMEAUTO,VARCHAR2,15,,,Y
SYSTEM,COB_OTRODEBI,35,FECHVALI,DATE,7,,,Y
SYSTEM,COB_OTRODEBI,36,IMPRESO,VARCHAR2,1,,,Y
SYSTEM,COB_OTRODEBI,37,EMAIL,VARCHAR2,1,,,Y
SYSTEM,COB_OTRODEBI,38,ESTDAUTOSRI,VARCHAR2,20,,,Y
SYSTEM,COB_OTRODEBI,39,NUMEAUTOSRI,VARCHAR2,200,,,Y
SYSTEM,COB_OTRODEBI,40,FECHAAUTOSRI,VARCHAR2,50,,,Y
SYSTEM,COB_OTRODEBI,41,CLAVACCESRI,VARCHAR2,200,,,Y
SYSTEM,COB_OTRODEBI,42,SERIEMODI,VARCHAR2,10,,,Y
SYSTEM,COB_OTRODEBI,43,NUMEMODI,VARCHAR2,15,,,Y
SYSTEM,COB_OTRODEBI,44,OTRC_SERIE,VARCHAR2,6,,,Y
SYSTEM,COB_OTRODEBI,45,OTRC_BASEIVA0,NUMBER,22,16,2,Y
SYSTEM,COB_OTRODEBI,46,OTRC_BASEIVA,NUMBER,22,16,2,Y
SYSTEM,COB_OTRODEBI,47,OTRC_TASAIVA,NUMBER,22,7,4,Y
SYSTEM,COB_OTRODEBI,48,OTRC_NUMEMODI,VARCHAR2,15,,,Y
SYSTEM,COB_OTRODEBI,49,OTRC_SERIEMODI,VARCHAR2,10,,,Y
SYSTEM,COB_OTRODEBI,50,VALOCOMP,NUMBER,22,16,2,Y
SYSTEM,COB_OTRODEBI,51,NUMBER1,NUMBER,22,,,Y
SYSTEM,COB_OTRODEBI,52,NUMBER2,NUMBER,22,,,Y
SYSTEM,COB_OTRODEBI,53,NUMBER3,NUMBER,22,,,Y
SYSTEM,COB_OTRODEBI,54,NUMBER4,NUMBER,22,,,Y
SYSTEM,COB_OTRODEBI,55,NUMBER5,NUMBER,22,,,Y
SYSTEM,COB_OTRODEBI,56,VCHAR1,VARCHAR2,500,,,Y
SYSTEM,COB_OTRODEBI,57,VCHAR2,VARCHAR2,500,,,Y
SYSTEM,COB_OTRODEBI,58,VCHAR3,VARCHAR2,500,,,Y
SYSTEM,COB_OTRODEBI,59,VCHAR4,VARCHAR2,500,,,Y
SYSTEM,COB_OTRODEBI,60,VCHAR5,VARCHAR2,500,,,Y
SYSTEM,COB_OTRODEBI,61,UNNE_CODIGO,VARCHAR2,20,,,Y
SYSTEM,COB_OTRODEBI,62,FEPRICUO,DATE,7,,,Y
SYSTEM,COB_OTRODEBI,63,NUMEPERI,NUMBER,22,5,0,Y
SYSTEM,COB_OTRODEBI,64,DIASCALC,NUMBER,22,5,0,Y
SYSTEM,COB_OTRODEBI,65,DIASGMORA,NUMBER,22,5,0,Y
SYSTEM,COB_OTRODEBI,66,FECHFIJA,VARCHAR2,1,,,Y
SYSTEM,COB_OTRODEBI,67,TASA,NUMBER,22,7,2,Y
SYSTEM,COB_OTRODEBI,68,MESESGRACIA,NUMBER,22,5,0,Y
SYSTEM,COB_OTRODEBI,69,VALORIVA,NUMBER,22,18,2,Y
SYSTEM,COB_RECICOBR,1,NUMERO,VARCHAR2,10,,,N
SYSTEM,COB_RECICOBR,2,OFCN_COMPANIA,VARCHAR2,10,,,N
SYSTEM,COB_RECICOBR,3,OFCN_OFICINA,VARCHAR2,3,,,N
SYSTEM,COB_RECICOBR,4,FECHA,DATE,7,,,N
SYSTEM,COB_RECICOBR,5,RCDN_COMPANIA,VARCHAR2,10,,,Y
SYSTEM,COB_RECICOBR,6,NUMECART,VARCHAR2,10,,,Y
SYSTEM,COB_RECICOBR,7,RCDN_NUMERO,NUMBER,22,10,0,Y
SYSTEM,COB_RECICOBR,8,RCDN_OFICINA,VARCHAR2,3,,,Y
SYSTEM,COB_RECICOBR,9,FECHCREA,DATE,7,,,N
SYSTEM,COB_RECICOBR,10,USUACREA,VARCHAR2,20,,,N
SYSTEM,COB_RECICOBR,11,FECHACTU,DATE,7,,,Y
SYSTEM,COB_RECICOBR,12,USUACTUA,VARCHAR2,20,,,Y
SYSTEM,COB_RECICOBR,13,EGEN_ESTADO,VARCHAR2,2,,,Y
SYSTEM,COB_RECICOBR,14,TOTAL,NUMBER,22,15,2,Y
SYSTEM,COB_RECICOBR,15,ASTO_COMPANIA,VARCHAR2,10,,,Y
SYSTEM,COB_RECICOBR,16,CLTE_COMPANIA,VARCHAR2,10,,,Y
SYSTEM,COB_RECICOBR,17,ASTO_NUMEDIAR,NUMBER,22,10,0,Y
SYSTEM,COB_RECICOBR,18,CLTE_IDCLIENTE,NUMBER,22,10,0,Y
SYSTEM,COB_RECICOBR,19,VALOEFEC,NUMBER,22,15,2,Y
SYSTEM,COB_RECICOBR,20,VALOTRAN,NUMBER,22,15,2,Y
SYSTEM,COB_RECICOBR,21,VALOCHEQ,NUMBER,22,15,2,Y
SYSTEM,COB_RECICOBR,22,VALOTARJ,NUMBER,22,15,2,Y
SYSTEM,COB_RECICOBR,23,VALOOTRS,NUMBER,22,15,2,Y
SYSTEM,COB_RECICOBR,24,VALORETE,NUMBER,22,15,2,Y
SYSTEM,COB_RECICOBR,25,VNDR_COMPANIA,VARCHAR2,10,,,Y
SYSTEM,COB_RECICOBR,26,VNDR_OFICINA,VARCHAR2,3,,,Y
SYSTEM,COB_RECICOBR,27,VNDR_CODIGO,VARCHAR2,240,,,Y
SYSTEM,COB_RECICOBR,28,VNDR_CEDURUC,VARCHAR2,13,,,Y
SYSTEM,COB_RECICOBR,29,OBS,VARCHAR2,500,,,Y
SYSTEM,COM_COBESEGU,1,CSEG_ID,NUMBER,22,10,0,N
SYSTEM,COM_COBESEGU,2,AFIJ_CLASE,VARCHAR2,10,,,Y
SYSTEM,COM_COBESEGU,3,AFIJ_COMPANIA,VARCHAR2,10,,,Y
SYSTEM,COM_COBESEGU,4,AFIJ_CODIGO,VARCHAR2,20,,,Y
SYSTEM,COM_COBESEGU,5,PLZA_PLZA_ID,NUMBER,22,10,0,Y
SYSTEM,COM_COBESEGU,6,FECHCREA,DATE,7,,,N
SYSTEM,COM_COBESEGU,7,USUACREA,VARCHAR2,20,,,N
SYSTEM,COM_COBESEGU,8,FECHACTU,DATE,7,,,Y
SYSTEM,COM_COBESEGU,9,USUACTUA,VARCHAR2,20,,,Y
SYSTEM,COM_COBESEGU,10,VALCOBER,NUMBER,22,15,2,N
SYSTEM,COM_COBESEGU,11,VALDEDUC,NUMBER,22,15,2,N
SYSTEM,COM_DEBIENSERV,1,DTBS_ID,NUMBER,22,10,0,N
SYSTEM,COM_DEBIENSERV,2,CMPR_ALCANCE,NUMBER,22,1,0,Y
SYSTEM,COM_DEBIENSERV,3,CMPR_NUMERO,NUMBER,22,10,0,Y
SYSTEM,COM_DEBIENSERV,4,CMPR_CEDURUC,VARCHAR2,13,,,Y
SYSTEM,COM_DEBIENSERV,5,CMPR_COMPANIA,VARCHAR2,10,,,Y
SYSTEM,COM_DEBIENSERV,6,CMPR_SERIE,VARCHAR2,6,,,Y
SYSTEM,COM_DEBIENSERV,7,CTAS_CODIGO,VARCHAR2,30,,,Y
SYSTEM,COM_DEBIENSERV,8,CTAS_CATALOGO,VARCHAR2,2,,,Y
SYSTEM,COM_DEBIENSERV,9,CTAS_COMPANIA,VARCHAR2,10,,,Y
SYSTEM,COM_DEBIENSERV,10,DESCRIPC,VARCHAR2,300,,,Y
SYSTEM,COM_DEBIENSERV,11,BASEIVA0,NUMBER,22,16,2,N
SYSTEM,COM_DEBIENSERV,12,BASEIVA,NUMBER,22,16,2,N
SYSTEM,COM_DEBIENSERV,13,TASAIVA,NUMBER,22,7,4,N
SYSTEM,COM_DEBIENSERV,14,TOTAL,NUMBER,22,16,2,N
SYSTEM,COM_DEBIENSERV,15,BASEICE,NUMBER,22,16,2,N
SYSTEM,COM_DEBIENSERV,16,TASAICE,NUMBER,22,7,4,N
SYSTEM,COM_DEBIENSERV,17,FECHCREA,DATE,7,,,N
SYSTEM,COM_DEBIENSERV,18,USUACREA,VARCHAR2,20,,,N
SYSTEM,COM_DEBIENSERV,19,ANULADO,VARCHAR2,1,,,N
SYSTEM,COM_DEBIENSERV,20,IMPT_NUMEIMPO,NUMBER,22,10,0,Y
SYSTEM,COM_DEBIENSERV,21,IMPT_COMPANIA,VARCHAR2,10,,,Y
SYSTEM,COM_DEBIENSERV,22,IMPT_OFICINA,VARCHAR2,3,,,Y
SYSTEM,COM_DEBIENSERV,23,TCSI_COMPANIA,VARCHAR2,10,,,Y
SYSTEM,COM_DEBIENSERV,24,TCSI_TIPOCOST,VARCHAR2,10,,,Y
SYSTEM,COM_DEBIENSERV,25,USUACTUA,VARCHAR2,20,,,Y
SYSTEM,COM_DEBIENSERV,26,FECHACTU,DATE,7,,,Y
SYSTEM,COM_DEBIENSERV,27,ASTO_COMPANIA,VARCHAR2,10,,,Y
SYSTEM,COM_DEBIENSERV,28,ASTO_NUMEDIAR,NUMBER,22,10,0,Y
SYSTEM,COM_DEBIENSERV,29,CCST_COMPANIA,VARCHAR2,10,,,Y
SYSTEM,COM_DEBIENSERV,30,CCST_OFICINA,VARCHAR2,3,,,Y
SYSTEM,COM_DEBIENSERV,31,CCST_CODIGO,VARCHAR2,10,,,Y
SYSTEM,COM_DEBIENSERV,32,TPIE_TIPOIMEX,VARCHAR2,2,,,Y
SYSTEM,COM_DEBIENSERV,33,VCHAR1,VARCHAR2,4000,,,Y
SYSTEM,COM_DEBIENSERV,34,VCHAR2,VARCHAR2,4000,,,Y
SYSTEM,COM_DEBIENSERV,35,VCHAR3,VARCHAR2,4000,,,Y
SYSTEM,COM_DEBIENSERV,36,VCHAR4,VARCHAR2,4000,,,Y
SYSTEM,COM_DEBIENSERV,37,VCHAR5,VARCHAR2,4000,,,Y
SYSTEM,COM_DEBIENSERV,38,NUMBER1,NUMBER,22,,,Y
SYSTEM,COM_DEBIENSERV,39,NUMBER2,NUMBER,22,,,Y
SYSTEM,COM_DEBIENSERV,40,NUMBER3,NUMBER,22,,,Y
SYSTEM,COM_DEBIENSERV,41,NUMBER4,NUMBER,22,,,Y
SYSTEM,COM_DEBIENSERV,42,NUMBER5,NUMBER,22,,,Y
SYSTEM,COM_DETACOMP,1,CMDT_ID,NUMBER,22,10,0,N
SYSTEM,COM_DETACOMP,2,CODIGO,VARCHAR2,10,,,N
SYSTEM,COM_DETACOMP,3,DESCRIPCION,VARCHAR2,300,,,N
SYSTEM,COM_DETACOMP,4,REFER,VARCHAR2,30,,,Y
SYSTEM,COM_DETACOMP,5,CANTIDAD,NUMBER,22,22,4,N
SYSTEM,COM_DETACOMP,6,PRECUNIT,NUMBER,22,22,4,N
SYSTEM,COM_DETACOMP,7,PORCIVA,NUMBER,22,7,2,N
SYSTEM,COM_DETACOMP,8,MONTOIVA,NUMBER,22,15,2,N
SYSTEM,COM_DETACOMP,9,PORCDESC,NUMBER,22,7,2,N
SYSTEM,COM_DETACOMP,10,VALODESC,NUMBER,22,22,4,N
SYSTEM,COM_DETACOMP,11,VALOR,NUMBER,22,22,4,N
SYSTEM,COM_DETACOMP,12,FECHCREA,DATE,7,,,N
SYSTEM,COM_DETACOMP,13,USUACREA,VARCHAR2,20,,,N
SYSTEM,COM_DETACOMP,14,USUACTUA,VARCHAR2,20,,,Y
SYSTEM,COM_DETACOMP,15,FECHACTU,DATE,7,,,Y
SYSTEM,COM_DETACOMP,16,CMPR_CEDURUC,VARCHAR2,13,,,N
SYSTEM,COM_DETACOMP,17,CMPR_ALCANCE,NUMBER,22,1,0,N
SYSTEM,COM_DETACOMP,18,CMPR_NUMERO,NUMBER,22,10,0,N
SYSTEM,COM_DETACOMP,19,CMPR_SERIE,VARCHAR2,6,,,N
SYSTEM,COM_DETACOMP,20,CMPR_COMPANIA,VARCHAR2,10,,,N
SYSTEM,COM_DETACOMP,21,TPIM_TIPOIMPU,VARCHAR2,5,,,N
SYSTEM,COM_DETACOMP,22,DTIP_DTIP_ID,NUMBER,22,10,0,N
SYSTEM,COM_DETASOLI,1,DTMV_DTMV_ID,NUMBER,22,10,0,N
SYSTEM,COM_DETASOLI,2,CANTIDAD,NUMBER,22,12,6,N
SYSTEM,COM_DETASOLI,3,PRECUNIT,NUMBER,22,16,2,N
SYSTEM,COM_DETASOLI,4,TOTAL,NUMBER,22,16,2,N
SYSTEM,COM_DETASOLI,5,SCOM_SCOM_ID,NUMBER,22,10,0,Y
SYSTEM,COM_DETASOLI,6,DSOL_ID,NUMBER,22,10,0,N
SYSTEM,COM_DETASOLI,7,FECHCREA,DATE,7,,,N
SYSTEM,COM_DETASOLI,8,USUACREA,VARCHAR2,20,,,N
SYSTEM,COM_DETASOLI,9,FECHACTU,DATE,7,,,Y
SYSTEM,COM_DETASOLI,10,USUACTUA,VARCHAR2,20,,,Y
SYSTEM,COM_DETORDCP,1,DTOC_ID,NUMBER,22,10,0,N
SYSTEM,COM_DETORDCP,2,CANTIDAD,NUMBER,22,18,4,N
SYSTEM,COM_DETORDCP,3,PRECUNIT,NUMBER,22,18,4,Y
SYSTEM,COM_DETORDCP,4,OBSERVA,VARCHAR2,100,,,Y
SYSTEM,COM_DETORDCP,5,USUACREA,VARCHAR2,20,,,N
SYSTEM,COM_DETORDCP,6,FECHCREA,DATE,7,,,N
SYSTEM,COM_DETORDCP,7,USUACTUA,VARCHAR2,20,,,Y
SYSTEM,COM_DETORDCP,8,FECHACTU,VARCHAR2,240,,,Y
SYSTEM,COM_DETORDCP,9,ARTL_GRAR_CLASE,VARCHAR2,20,,,N
SYSTEM,COM_DETORDCP,10,ARTL_GRAR_COMPANIA,VARCHAR2,10,,,N
SYSTEM,COM_DETORDCP,11,ARTL_ARTICULO,VARCHAR2,30,,,Y
SYSTEM,COM_DETORDCP,12,ARTL_GRAR_CODIGRUP,VARCHAR2,20,,,N
SYSTEM,COM_DETORDCP,13,ARTL_CLASE,VARCHAR2,20,,,Y
SYSTEM,COM_DETORDCP,14,ARTL_COMPANIA,VARCHAR2,10,,,Y
SYSTEM,COM_DETORDCP,15,ARTL_CODIGRUP,VARCHAR2,20,,,Y
SYSTEM,COM_GRUPCOMP,1,GRCM_ID,NUMBER,22,10,0,N
SYSTEM,COM_GRUPCOMP,2,CDT_CDT_ID,NUMBER,22,10,0,N
SYSTEM,COM_GRUPCOMP,3,ORCP_NUMEORDE,NUMBER,22,10,0,N
SYSTEM,COM_GRUPCOMP,4,ORCP_COMPANIA,VARCHAR2,10,,,N
SYSTEM,COM_GRUPCOMP,5,ORCP_OFICINA,VARCHAR2,3,,,N
SYSTEM,COM_GRUPCOMP,6,VHCL_VHCL_ID,NUMBER,22,,,N
SYSTEM,COM_GRUPCOMP,7,USUACREA,VARCHAR2,20,,,N
SYSTEM,COM_GRUPCOMP,8,FECHCREA,DATE,7,,,N
SYSTEM,COM_GRUPCOMP,9,OBSERVAC,VARCHAR2,100,,,Y
SYSTEM,COM_GRUPCOMP,10,USUACTUA,VARCHAR2,20,,,Y
SYSTEM,COM_GRUPCOMP,11,FECHACTU,DATE,7,,,Y
SYSTEM,COM_NOTACREDI,1,PROV_COMPANIA,VARCHAR2,10,,,N
SYSTEM,COM_NOTACREDI,2,PROV_CEDURUC,VARCHAR2,13,,,N
SYSTEM,COM_NOTACREDI,3,SERIE,VARCHAR2,6,,,N
SYSTEM,COM_NOTACREDI,4,NUMERO,VARCHAR2,10,,,N
SYSTEM,COM_NOTACREDI,5,ALCANCE,NUMBER,22,1,0,N
SYSTEM,COM_NOTACREDI,6,DESCRIPC,VARCHAR2,4000,,,N
SYSTEM,COM_NOTACREDI,7,CIUDAD,VARCHAR2,30,,,Y
SYSTEM,COM_NOTACREDI,8,BASEIVA0,NUMBER,22,16,2,N
SYSTEM,COM_NOTACREDI,9,FECHA,DATE,7,,,N
SYSTEM,COM_NOTACREDI,10,BASEIVA,NUMBER,22,16,2,N
SYSTEM,COM_NOTACREDI,11,TASAIVA,NUMBER,22,7,4,N
SYSTEM,COM_NOTACREDI,12,TOTAL,NUMBER,22,16,2,N
SYSTEM,COM_NOTACREDI,13,ASTO_COMPANIA,VARCHAR2,10,,,Y
SYSTEM,COM_NOTACREDI,14,ASTO_NUMEDIAR,NUMBER,22,10,0,Y
SYSTEM,COM_NOTACREDI,15,EGEN_ESTADO,VARCHAR2,2,,,N
SYSTEM,COM_NOTACREDI,16,REFER,VARCHAR2,30,,,Y
SYSTEM,COM_NOTACREDI,17,OBSERVAC,VARCHAR2,600,,,Y
SYSTEM,COM_NOTACREDI,18,FECHCREA,DATE,7,,,N
SYSTEM,COM_NOTACREDI,19,USUACREA,VARCHAR2,20,,,N
SYSTEM,COM_NOTACREDI,20,USUACTUA,VARCHAR2,20,,,Y
SYSTEM,COM_NOTACREDI,21,FECHACTU,DATE,7,,,Y
SYSTEM,COM_NOTACREDI,22,FECHEMIS,DATE,7,,,N
SYSTEM,COM_NOTACREDI,23,NUMEAUTO,VARCHAR2,15,,,N
SYSTEM,COM_NOTACREDI,24,FECHVALI,DATE,7,,,N
SYSTEM,COM_NOTACREDI,25,OFCN_COMPANIA,VARCHAR2,10,,,N
SYSTEM,COM_NOTACREDI,26,OFCN_OFICINA,VARCHAR2,3,,,N
SYSTEM,COM_NOTACREDI,27,NUMEMODI,VARCHAR2,10,,,Y
SYSTEM,COM_NOTACREDI,28,SERIMODI,VARCHAR2,6,,,Y
SYSTEM,COM_NOTACREDI,29,ALCAMODI,NUMBER,22,1,0,Y
SYSTEM,COM_NOTACREDI,30,STCM_SUSTENTO,VARCHAR2,2,,,Y
SYSTEM,COM_NOTACREDI,31,SCTR_SECUTRAN,VARCHAR2,2,,,Y
SYSTEM,COM_NOTACREDI,32,PAIS_CODIPAIS,VARCHAR2,2,,,Y
SYSTEM,COM_NOTACREDI,33,TPPG_CODIGO,VARCHAR2,2,,,Y
SYSTEM,COM_NOTACREDI,34,FRPG_FORMPAGO,VARCHAR2,2,,,Y
SYSTEM,COM_NOTACREDI,35,NUMEAUTOSRI,VARCHAR2,200,,,Y
SYSTEM,COM_NOTACREDI,36,CLAVACCESRI,VARCHAR2,200,,,Y
SYSTEM,COM_NOTACREDI,37,FECHAUTOSRI,VARCHAR2,40,,,Y
SYSTEM,COM_NOTACREDI,38,ESTDAUTOSRI,VARCHAR2,20,,,Y
SYSTEM,COM_NOTACREDI,39,RELACIONA,VARCHAR2,1,,,Y
SYSTEM,COM_NOTACREDI,40,CONVTRIB,VARCHAR2,1,,,Y
SYSTEM,COM_NOTACREDI,41,SUJERETE,VARCHAR2,1,,,Y
SYSTEM,COM_NOTACREDI,42,CODISRI,VARCHAR2,10,,,Y
SYSTEM,COM_NOTACREDI,43,VCHAR1,VARCHAR2,500,,,Y
SYSTEM,COM_NOTACREDI,44,VCHAR2,VARCHAR2,500,,,Y
SYSTEM,COM_NOTACREDI,45,VCHAR3,VARCHAR2,500,,,Y
SYSTEM,COM_NOTACREDI,46,VCHAR4,VARCHAR2,500,,,Y
SYSTEM,COM_NOTACREDI,47,VCHAR5,VARCHAR2,500,,,Y
SYSTEM,COM_NOTACREDI,48,NUMBER1,NUMBER,22,,,Y
SYSTEM,COM_NOTACREDI,49,NUMBER2,NUMBER,22,,,Y
SYSTEM,COM_NOTACREDI,50,NUMBER3,NUMBER,22,,,Y
SYSTEM,COM_NOTACREDI,51,NUMBER4,NUMBER,22,,,Y
SYSTEM,COM_NOTACREDI,52,NUMBER5,NUMBER,22,,,Y
SYSTEM,COM_NOTACREDI,53,VALORIVA,NUMBER,22,18,2,Y
SYSTEM,COM_PLANPAGO,1,PPAG_ID,NUMBER,22,10,0,N
SYSTEM,COM_PLANPAGO,2,NUMECUOT,NUMBER,22,3,0,N
SYSTEM,COM_PLANPAGO,3,VALOCUOT,NUMBER,22,16,2,N
SYSTEM,COM_PLANPAGO,4,OBS,VARCHAR2,400,,,Y
SYSTEM,COM_PLANPAGO,5,TASAINTE,NUMBER,22,7,4,Y
SYSTEM,COM_PLANPAGO,6,CAPITAL,NUMBER,22,16,2,Y
SYSTEM,COM_PLANPAGO,7,DIAS,NUMBER,22,5,0,N
SYSTEM,COM_PLANPAGO,8,INTERES,NUMBER,22,16,2,Y
SYSTEM,COM_PLANPAGO,9,FECHVENC,DATE,7,,,N
SYSTEM,COM_PLANPAGO,10,FECHPAGO,DATE,7,,,Y
SYSTEM,COM_PLANPAGO,11,OTRS_OTRS_ID,NUMBER,22,10,0,Y
SYSTEM,COM_PLANPAGO,12,CMPR_COMPANIA,VARCHAR2,10,,,Y
SYSTEM,COM_PLANPAGO,13,CMPR_CEDURUC,VARCHAR2,13,,,Y
SYSTEM,COM_PLANPAGO,14,CMPR_SERIE,VARCHAR2,6,,,Y
SYSTEM,COM_PLANPAGO,15,CMPR_NUMERO,NUMBER,22,10,0,Y
SYSTEM,COM_PLANPAGO,16,CMPR_ALCANCE,NUMBER,22,1,0,Y
SYSTEM,COM_PLANPAGO,17,EGEN_ESTADO,VARCHAR2,2,,,N
SYSTEM,COM_PLANPAGO,18,FECHCREA,DATE,7,,,N
SYSTEM,COM_PLANPAGO,19,USUACREA,VARCHAR2,20,,,N
SYSTEM,COM_PLANPAGO,20,FECHACTU,DATE,7,,,Y
SYSTEM,COM_PLANPAGO,21,USUACTUA,VARCHAR2,20,,,Y
SYSTEM,COM_REEMBOLSOS,1,SERIE,VARCHAR2,6,,,N
SYSTEM,COM_REEMBOLSOS,2,NUMERO,NUMBER,22,10,0,N
SYSTEM,COM_REEMBOLSOS,3,ALCANCE,NUMBER,22,10,0,N
SYSTEM,COM_REEMBOLSOS,4,FECHA,DATE,7,,,N
SYSTEM,COM_REEMBOLSOS,5,FECHEMIS,DATE,7,,,N
SYSTEM,COM_REEMBOLSOS,6,FECHCANC,DATE,7,,,Y
SYSTEM,COM_REEMBOLSOS,7,FECHVCTO,DATE,7,,,Y
SYSTEM,COM_REEMBOLSOS,8,DESCRIPC,VARCHAR2,1000,,,Y
SYSTEM,COM_REEMBOLSOS,9,TASAIVA,NUMBER,22,7,4,N
SYSTEM,COM_REEMBOLSOS,10,BASEIVA0,NUMBER,22,16,2,N
SYSTEM,COM_REEMBOLSOS,11,BASEICE,NUMBER,22,16,2,N
SYSTEM,COM_REEMBOLSOS,12,BASEIVA,NUMBER,22,16,2,N
SYSTEM,COM_REEMBOLSOS,13,TASAICE,NUMBER,22,7,4,N
SYSTEM,COM_REEMBOLSOS,14,TOTAL,NUMBER,22,16,2,N
SYSTEM,COM_REEMBOLSOS,15,REFER,VARCHAR2,30,,,Y
SYSTEM,COM_REEMBOLSOS,16,CLAVACCESRI,VARCHAR2,200,,,Y
SYSTEM,COM_REEMBOLSOS,17,ESTDAUTOSRI,VARCHAR2,20,,,Y
SYSTEM,COM_REEMBOLSOS,18,FECHAUTOSRI,DATE,7,,,Y
SYSTEM,COM_REEMBOLSOS,19,NUMEAUTOSRI,VARCHAR2,200,,,Y
SYSTEM,COM_REEMBOLSOS,20,STCM_SUSTENTO,VARCHAR2,2,,,N
SYSTEM,COM_REEMBOLSOS,21,TPCM_TIPOCOMP,VARCHAR2,10,,,N
SYSTEM,COM_REEMBOLSOS,22,PROV_CEDURUC,VARCHAR2,13,,,N
SYSTEM,COM_REEMBOLSOS,23,PROV_COMPANIA,VARCHAR2,10,,,N
SYSTEM,COM_REEMBOLSOS,24,EGEN_ESTADO,VARCHAR2,2,,,Y
SYSTEM,COM_REEMBOLSOS,25,CMPR_SERIE,VARCHAR2,6,,,Y
SYSTEM,COM_REEMBOLSOS,26,CMPR_ALCANCE,NUMBER,22,1,0,Y
SYSTEM,COM_REEMBOLSOS,27,CMPR_NUMERO,NUMBER,22,10,0,Y
SYSTEM,COM_REEMBOLSOS,28,CMPR_COMPANIA,VARCHAR2,10,,,Y
SYSTEM,COM_REEMBOLSOS,29,CMPR_CEDURUC,VARCHAR2,13,,,Y
SYSTEM,COM_REEMBOLSOS,30,FECHCREA,DATE,7,,,N
SYSTEM,COM_REEMBOLSOS,31,USUACREA,VARCHAR2,20,,,N
SYSTEM,COM_REEMBOLSOS,32,FECHACTU,DATE,7,,,Y
SYSTEM,COM_REEMBOLSOS,33,USUACTUA,VARCHAR2,20,,,Y
SYSTEM,COM_REEMBOLSOS,34,VALORIVA,NUMBER,22,18,2,Y
SYSTEM,COM_REEMBOLSOS,35,VCHAR1,VARCHAR2,500,,,Y
SYSTEM,COM_REEMBOLSOS,36,VCHAR2,VARCHAR2,500,,,Y
SYSTEM,COM_REEMBOLSOS,37,VCHAR3,VARCHAR2,500,,,Y
SYSTEM,COM_REEMBOLSOS,38,VCHAR4,VARCHAR2,500,,,Y
SYSTEM,COM_REEMBOLSOS,39,VCHAR5,VARCHAR2,500,,,Y
SYSTEM,COM_REEMBOLSOS,40,NUMBER1,NUMBER,22,,,Y
SYSTEM,COM_REEMBOLSOS,41,NUMBER2,NUMBER,22,,,Y
SYSTEM,COM_REEMBOLSOS,42,NUMBER3,NUMBER,22,,,Y
SYSTEM,COM_REEMBOLSOS,43,NUMBER4,NUMBER,22,,,Y
SYSTEM,COM_REEMBOLSOS,44,NUMBER5,NUMBER,22,,,Y
SYSTEM,COM_SOLICOMP,1,SCOM_ID,NUMBER,22,10,0,N
SYSTEM,COM_SOLICOMP,2,FECHA,DATE,7,,,N
SYSTEM,COM_SOLICOMP,3,DESCRIPC,VARCHAR2,240,,,Y
SYSTEM,COM_SOLICOMP,4,FECHAUTO,DATE,7,,,Y
SYSTEM,COM_SOLICOMP,5,USUATORI,VARCHAR2,20,,,Y
SYSTEM,COM_SOLICOMP,6,FECHVIGE,DATE,7,,,Y
SYSTEM,COM_SOLICOMP,7,REFER,VARCHAR2,30,,,Y
SYSTEM,COM_SOLICOMP,8,OFCN_COMPANIA,VARCHAR2,10,,,N
SYSTEM,COM_SOLICOMP,9,OFCN_OFICINA,VARCHAR2,3,,,N
SYSTEM,COM_SOLICOMP,10,EGEN_ESTADO,VARCHAR2,2,,,N
SYSTEM,COM_SOLICOMP,11,FECHCREA,DATE,7,,,N
SYSTEM,COM_SOLICOMP,12,USUACREA,VARCHAR2,20,,,N
SYSTEM,COM_SOLICOMP,13,FECHACTU,DATE,7,,,Y
SYSTEM,COM_SOLICOMP,14,USUACTUA,VARCHAR2,20,,,Y
SYSTEM,COM_TMPCOMPRAS,1,PROV_CEDURUC,VARCHAR2,13,,,N
SYSTEM,COM_TMPCOMPRAS,2,PROV_COMPANIA,VARCHAR2,10,,,N
SYSTEM,COM_TMPCOMPRAS,3,SERIE,VARCHAR2,6,,,N
SYSTEM,COM_TMPCOMPRAS,4,NUMERO,NUMBER,22,10,0,N
SYSTEM,COM_TMPCOMPRAS,5,ALCANCE,NUMBER,22,1,0,N
SYSTEM,COM_TMPCOMPRAS,6,FECHA,DATE,7,,,N
SYSTEM,COM_TMPCOMPRAS,7,FECHEMIS,DATE,7,,,N
SYSTEM,COM_TMPCOMPRAS,8,FECHCANC,DATE,7,,,Y
SYSTEM,COM_TMPCOMPRAS,9,FECHVCTO,DATE,7,,,Y
SYSTEM,COM_TMPCOMPRAS,10,DESCRIPC,VARCHAR2,1000,,,N
SYSTEM,COM_TMPCOMPRAS,11,CENTCOST,VARCHAR2,1,,,Y
SYSTEM,COM_TMPCOMPRAS,12,DESCUEN,NUMBER,22,7,4,N
SYSTEM,COM_TMPCOMPRAS,13,VALODESC,NUMBER,22,16,2,N
SYSTEM,COM_TMPCOMPRAS,14,DEVOLUC,VARCHAR2,1,,,Y
SYSTEM,COM_TMPCOMPRAS,15,FLETE,NUMBER,22,16,2,Y
SYSTEM,COM_TMPCOMPRAS,16,IMPSERVI,NUMBER,22,7,4,Y
SYSTEM,COM_TMPCOMPRAS,17,BASEIVA0,NUMBER,22,16,2,Y
SYSTEM,COM_TMPCOMPRAS,18,BASEIVA,NUMBER,22,16,2,Y
SYSTEM,COM_TMPCOMPRAS,19,OTRCRGB0,NUMBER,22,10,6,Y
SYSTEM,COM_TMPCOMPRAS,20,OTRCRGBI,NUMBER,22,10,6,Y
SYSTEM,COM_TMPCOMPRAS,21,BASEICE,NUMBER,22,16,2,Y
SYSTEM,COM_TMPCOMPRAS,22,TASAIVA,NUMBER,22,7,4,Y
SYSTEM,COM_TMPCOMPRAS,23,TASAICE,NUMBER,22,7,4,Y
SYSTEM,COM_TMPCOMPRAS,24,TOTAL,NUMBER,22,16,2,Y
SYSTEM,COM_TMPCOMPRAS,25,NUMEAUTO,VARCHAR2,15,,,Y
SYSTEM,COM_TMPCOMPRAS,26,FECHVALI,DATE,7,,,Y
SYSTEM,COM_TMPCOMPRAS,27,PORCDEDU,NUMBER,22,10,5,Y
SYSTEM,COM_TMPCOMPRAS,28,REFER,VARCHAR2,30,,,Y
SYSTEM,COM_TMPCOMPRAS,29,ANEXO,VARCHAR2,1,,,Y
SYSTEM,COM_TMPCOMPRAS,30,DEDUCIBL,VARCHAR2,1,,,Y
SYSTEM,COM_TMPCOMPRAS,31,OBSERVAC,VARCHAR2,1000,,,Y
SYSTEM,COM_TMPCOMPRAS,32,CUOTLEAS,NUMBER,22,5,0,Y
SYSTEM,COM_TMPCOMPRAS,33,PLAZO,NUMBER,22,5,0,Y
SYSTEM,COM_TMPCOMPRAS,34,NUMEPAGO,NUMBER,22,3,0,Y
SYSTEM,COM_TMPCOMPRAS,35,VALORFOB,NUMBER,22,16,2,Y
SYSTEM,COM_TMPCOMPRAS,36,SEGURO,NUMBER,22,16,2,Y
SYSTEM,COM_TMPCOMPRAS,37,ASUMEIVA,VARCHAR2,1,,,Y
SYSTEM,COM_TMPCOMPRAS,38,CLAVACCESRI,VARCHAR2,200,,,Y
SYSTEM,COM_TMPCOMPRAS,39,ESTDAUTOSRI,VARCHAR2,20,,,Y
SYSTEM,COM_TMPCOMPRAS,40,FECHAUTOSRI,VARCHAR2,40,,,Y
SYSTEM,COM_TMPCOMPRAS,41,NUMEAUTOSRI,VARCHAR2,200,,,Y
SYSTEM,COM_TMPCOMPRAS,42,CONVTRIB,VARCHAR2,1,,,Y
SYSTEM,COM_TMPCOMPRAS,43,CODSRI,VARCHAR2,10,,,Y
SYSTEM,COM_TMPCOMPRAS,44,RELACIONA,VARCHAR2,1,,,Y
SYSTEM,COM_TMPCOMPRAS,45,SUJERETE,VARCHAR2,1,,,Y
SYSTEM,COM_TMPCOMPRAS,46,OFCN_COMPANIA,VARCHAR2,10,,,N
SYSTEM,COM_TMPCOMPRAS,47,OFCN_OFICINA,VARCHAR2,3,,,N
SYSTEM,COM_TMPCOMPRAS,48,FECHCREA,DATE,7,,,N
SYSTEM,COM_TMPCOMPRAS,49,USUACREA,VARCHAR2,20,,,N
SYSTEM,COM_TMPCOMPRAS,50,FECHACTU,DATE,7,,,Y
SYSTEM,COM_TMPCOMPRAS,51,USUACTUA,VARCHAR2,20,,,Y
SYSTEM,COM_TMPCOMPRAS,52,EGEN_ESTADO,VARCHAR2,2,,,N
SYSTEM,COM_TMPCOMPRAS,53,MONE_MONEDA,VARCHAR2,5,,,Y
SYSTEM,COM_TMPCOMPRAS,54,STCM_SUSTENTO,VARCHAR2,2,,,Y
SYSTEM,COM_TMPCOMPRAS,55,TPPG_CODIGO,VARCHAR2,2,,,Y
SYSTEM,COM_TMPCOMPRAS,56,PAIS_CODIPAIS,VARCHAR2,2,,,Y
SYSTEM,COM_TMPCOMPRAS,57,FRPG_FORMPAGO,VARCHAR2,2,,,Y
SYSTEM,COM_TMPCOMPRAS,58,SCTR_SECUTRAN,VARCHAR2,2,,,Y
SYSTEM,COM_TMPCOMPRAS,59,INCN_TIPODOCU,VARCHAR2,2,,,Y
SYSTEM,COM_TMPCOMPRAS,60,INCN_CODITRAN,VARCHAR2,10,,,Y
SYSTEM,COM_TMPCOMPRAS,61,INCN_PRODUCTO,VARCHAR2,3,,,Y
SYSTEM,COM_TMPCOMPRAS,62,INCN_COMPANIA,VARCHAR2,10,,,Y
SYSTEM,COM_TMPCOMPRAS,63,PRPG_CODIPERI,VARCHAR2,2,,,Y
SYSTEM,COM_TMPCOMPRAS,64,VALORIVA,NUMBER,22,18,2,Y
SYSTEM,COM_TMPRETENC,1,PROV_CEDURUC,VARCHAR2,13,,,N
SYSTEM,COM_TMPRETENC,2,PROV_NOMBRE,VARCHAR2,500,,,N
SYSTEM,COM_TMPRETENC,3,SERIE,VARCHAR2,10,,,N
SYSTEM,COM_TMPRETENC,4,NUMERO,NUMBER,22,10,0,N
SYSTEM,COM_TMPRETENC,5,FECHEMIS,DATE,7,,,N
SYSTEM,COM_TMPRETENC,6,DESCRIPC,VARCHAR2,1000,,,Y
SYSTEM,COM_TMPRETENC,7,CODDOCSUSTENTO,VARCHAR2,10,,,Y
SYSTEM,COM_TMPRETENC,8,SERIEDOCSUSTE,VARCHAR2,6,,,Y
SYSTEM,COM_TMPRETENC,9,NUMEDOCSUSTE,NUMBER,22,10,0,Y
SYSTEM,COM_TMPRETENC,10,CLAVACCESRI,VARCHAR2,200,,,Y
SYSTEM,COM_TMPRETENC,11,ESTDAUTOSRI,VARCHAR2,20,,,Y
SYSTEM,COM_TMPRETENC,12,FECHAUTOSRI,DATE,7,,,Y
SYSTEM,COM_TMPRETENC,13,NUMEAUTOSRI,VARCHAR2,200,,,Y
SYSTEM,COM_TMPRETENC,14,FECHCREA,DATE,7,,,N
SYSTEM,COM_TMPRETENC,15,USUACREA,VARCHAR2,20,,,N
SYSTEM,COM_TMPRETENC,16,FECHACTU,DATE,7,,,Y
SYSTEM,COM_TMPRETENC,17,USUACTUA,VARCHAR2,20,,,Y
SYSTEM,COM_TMPRETENC,18,EGEN_ESTADO,VARCHAR2,2,,,N
SYSTEM,COM_TMPRETENC,19,TIPO,VARCHAR2,10,,,Y
SYSTEM,COM_TMPRETENC,20,VALODEPO,NUMBER,22,16,2,Y
SYSTEM,COM_TMPRETENC,21,CODSUSTENTO,VARCHAR2,10,,,Y
SYSTEM,COM_TMPRETENC,22,FEMISDOCSUS,DATE,7,,,Y
SYSTEM,COM_TMPRETENC,23,TOTSINIMP,NUMBER,22,18,2,Y
SYSTEM,COM_TMPRETENC,24,TOTAL,NUMBER,22,18,2,Y
SYSTEM,COM_TMPRETENC,25,CMPR_COMPANIA,VARCHAR2,10,,,Y
SYSTEM,COM_TMPRETENC,26,CMPR_SERIE,VARCHAR2,6,,,Y
SYSTEM,COM_TMPRETENC,27,CMPR_ALCANCE,NUMBER,22,1,0,Y
SYSTEM,COM_TMPRETENC,28,CMPR_NUMERO,NUMBER,22,10,0,Y
SYSTEM,COM_TMPRETENC,29,CMPR_CEDURUC,VARCHAR2,13,,,Y
SYSTEM,CST_ACUBCECS,1,AUCC_ID,NUMBER,22,10,0,N
SYSTEM,CST_ACUBCECS,2,VIGENTE,VARCHAR2,1,,,N
SYSTEM,CST_ACUBCECS,3,OBSERVAC,VARCHAR2,100,,,Y
SYSTEM,CST_ACUBCECS,4,FECHCREA,DATE,7,,,N
SYSTEM,CST_ACUBCECS,5,USUACREA,VARCHAR2,20,,,N
SYSTEM,CST_ACUBCECS,6,FECHACTU,DATE,7,,,Y
SYSTEM,CST_ACUBCECS,7,USUACTUA,VARCHAR2,20,,,Y
SYSTEM,CST_ACUBCECS,8,UBCT_UBCT_ID,NUMBER,22,10,0,Y
SYSTEM,CST_ACUBCECS,9,AFIJ_CLASE,VARCHAR2,10,,,N
SYSTEM,CST_ACUBCECS,10,AFIJ_COMPANIA,VARCHAR2,10,,,N
SYSTEM,CST_ACUBCECS,11,AFIJ_CODIGO,VARCHAR2,20,,,N
SYSTEM,CST_ACUBCECS,12,DTCC_DTCC_ID,NUMBER,22,10,0,Y
SYSTEM,CST_ACUBCECS,13,FINGRESA,DATE,7,,,Y
SYSTEM,CST_ACUBCECS,14,FSALE,DATE,7,,,Y
SYSTEM,CST_ACUBCECS,15,DAST_DAST_ID,NUMBER,22,10,0,Y
SYSTEM,CST_ACUBCECS,16,FECHCOST,DATE,7,,,Y
SYSTEM,CST_COSORDIN,1,COIN_ID,NUMBER,22,10,0,N
SYSTEM,CST_COSORDIN,2,SAQUE_NOPROD,VARCHAR2,1,,,Y
SYSTEM,CST_COSORDIN,3,MANO_OBRA,NUMBER,22,16,6,Y
SYSTEM,CST_COSORDIN,4,MATE_PRIM,NUMBER,22,16,6,Y
SYSTEM,CST_COSORDIN,5,MATE_INDI,NUMBER,22,18,6,Y
SYSTEM,CST_COSORDIN,6,COST_INDI,NUMBER,22,16,6,Y
SYSTEM,CST_COSORDIN,7,OPRD_NUMERO,VARCHAR2,10,,,Y
SYSTEM,CST_COSORDIN,8,OPRD_COMPANIA,VARCHAR2,10,,,Y
SYSTEM,CST_COSORDIN,9,OPRD_OFICINA,VARCHAR2,3,,,Y
SYSTEM,CST_COSORDIN,10,CANTIDAD,NUMBER,22,16,4,N
SYSTEM,CST_COSORDIN,11,COSTODIA,NUMBER,22,,,N
SYSTEM,CST_COSORDIN,12,FECHA,DATE,7,,,N
SYSTEM,CST_COSORDIN,13,USUACREA,VARCHAR2,20,,,N
SYSTEM,CST_COSORDIN,14,FECHCREA,DATE,7,,,N
SYSTEM,CST_COSORDIN,15,TOTPROME,NUMBER,22,18,6,Y
SYSTEM,CST_COSORDIN,16,FECHACTU,DATE,7,,,Y
SYSTEM,CST_COSORDIN,17,USUACTUA,VARCHAR2,20,,,Y
SYSTEM,CST_COSORDIN,18,DTCC_ID,NUMBER,22,10,0,Y
SYSTEM,CST_COSORDIN,19,ARTL_COMPANIA,VARCHAR2,10,,,Y
SYSTEM,CST_COSORDIN,20,ARTL_ARTICULO,VARCHAR2,30,,,Y
SYSTEM,CST_COSORDIN,21,ARTL_CODIGRUP,VARCHAR2,20,,,Y
SYSTEM,CST_COSORDIN,22,ARTL_CLASE,VARCHAR2,20,,,Y
SYSTEM,CST_COSORDIN,23,PROD_NUMERO,NUMBER,22,10,0,Y
SYSTEM,CST_COSORDIN,24,PROD_DTCC_ID,NUMBER,22,10,0,Y
SYSTEM,CST_COSORDIN,25,DESCRIPC,VARCHAR2,100,,,Y
SYSTEM,CST_COSTADIC,1,RHHS_CEDURUC,VARCHAR2,13,,,Y
SYSTEM,CST_COSTADIC,2,CADC_ID,NUMBER,22,10,0,N
SYSTEM,CST_COSTADIC,3,CANTIDAD,NUMBER,22,15,5,N
SYSTEM,CST_COSTADIC,4,COSTUNIT,NUMBER,22,16,6,N
SYSTEM,CST_COSTADIC,5,COSTTOTA,NUMBER,22,18,6,N
SYSTEM,CST_COSTADIC,6,DESCRIPC,VARCHAR2,300,,,Y
SYSTEM,CST_COSTADIC,7,CMPR_COMPANIA,VARCHAR2,10,,,Y
SYSTEM,CST_COSTADIC,8,CMPR_CEDURUC,VARCHAR2,13,,,Y
SYSTEM,CST_COSTADIC,9,CMPR_NUMERO,NUMBER,22,10,0,Y
SYSTEM,CST_COSTADIC,10,CMPR_SERIE,VARCHAR2,6,,,Y
SYSTEM,CST_COSTADIC,11,CMPR_ALCANCE,NUMBER,22,1,0,Y
SYSTEM,CST_COSTADIC,12,CTAS_COMPANIA,VARCHAR2,10,,,Y
SYSTEM,CST_COSTADIC,13,CTAS_CATALOGO,VARCHAR2,2,,,Y
SYSTEM,CST_COSTADIC,14,CTAS_CODIGO,VARCHAR2,30,,,Y
SYSTEM,CST_COSTADIC,15,DCAM_DCAM_ID,NUMBER,22,10,0,Y
SYSTEM,CST_COSTADIC,16,OPRD_COMPANIA,VARCHAR2,10,,,Y
SYSTEM,CST_COSTADIC,17,OPRD_OFICINA,VARCHAR2,3,,,Y
SYSTEM,CST_COSTADIC,18,OPRD_NUMERO,VARCHAR2,10,,,Y
SYSTEM,CST_COSTADIC,19,EGEN_ESTADO,VARCHAR2,2,,,N
SYSTEM,CST_COSTADIC,20,TCSI_COMPANIA,VARCHAR2,10,,,N
SYSTEM,CST_COSTADIC,21,TCSI_TIPOCOST,VARCHAR2,10,,,N
SYSTEM,CST_COSTADIC,22,FECHCREA,DATE,7,,,N
SYSTEM,CST_COSTADIC,23,USUACREA,VARCHAR2,20,,,N
SYSTEM,CST_COSTADIC,24,FECHACTU,DATE,7,,,Y
SYSTEM,CST_COSTADIC,25,USUACTUA,VARCHAR2,20,,,Y
SYSTEM,CST_COSTFIJO,1,CSFJ_ID,NUMBER,22,10,0,N
SYSTEM,CST_COSTFIJO,2,VALOR,NUMBER,22,18,6,N
SYSTEM,CST_COSTFIJO,3,VIGENTE,VARCHAR2,1,,,N
SYSTEM,CST_COSTFIJO,4,USUACREA,VARCHAR2,20,,,N
SYSTEM,CST_COSTFIJO,5,FECHCREA,DATE,7,,,N
SYSTEM,CST_COSTFIJO,6,USUACTUA,VARCHAR2,20,,,Y
SYSTEM,CST_COSTFIJO,7,FECHACTU,DATE,7,,,Y
SYSTEM,CST_COSTFIJO,8,CPRC_TIPO,VARCHAR2,4,,,N
SYSTEM,CST_COSTFIJO,9,ARTL_ARTICULO,VARCHAR2,30,,,N
SYSTEM,CST_COSTFIJO,10,ARTL_CODIGRUP,VARCHAR2,20,,,N
SYSTEM,CST_COSTFIJO,11,ARTL_COMPANIA,VARCHAR2,10,,,N
SYSTEM,CST_COSTFIJO,12,ARTL_CLASE,VARCHAR2,20,,,N
SYSTEM,CST_COSTFIJO,13,TCSI_COMPANIA,VARCHAR2,10,,,N
SYSTEM,CST_COSTFIJO,14,TCSI_TIPOCOST,VARCHAR2,10,,,N
SYSTEM,CST_DETARECT,1,CANTIDAD,NUMBER,22,18,8,N
SYSTEM,CST_DETARECT,2,OBSERVAC,VARCHAR2,100,,,Y
SYSTEM,CST_DETARECT,3,USUACREA,VARCHAR2,20,,,N
SYSTEM,CST_DETARECT,4,FECHCREA,DATE,7,,,N
SYSTEM,CST_DETARECT,5,USUACTUA,VARCHAR2,20,,,Y
SYSTEM,CST_DETARECT,6,FECHACTUA,DATE,7,,,Y
SYSTEM,CST_DETARECT,7,ARTL_ARTICULO,VARCHAR2,30,,,N
SYSTEM,CST_DETARECT,8,ARTL_CLASE,VARCHAR2,20,,,N
SYSTEM,CST_DETARECT,9,ARTL_COMPANIA,VARCHAR2,10,,,N
SYSTEM,CST_DETARECT,10,ARTL_CODIGRUP,VARCHAR2,20,,,N
SYSTEM,CST_DETARECT,11,RCTA_ID,NUMBER,22,10,0,N
SYSTEM,CST_DETCENCS,1,DTCC_ID,NUMBER,22,10,0,N
SYSTEM,CST_DETCENCS,2,VIGENTE,VARCHAR2,1,,,N
SYSTEM,CST_DETCENCS,3,FECHCIER,DATE,7,,,Y
SYSTEM,CST_DETCENCS,4,VALOINI,NUMBER,22,18,4,Y
SYSTEM,CST_DETCENCS,5,FECHINGR,DATE,7,,,Y
SYSTEM,CST_DETCENCS,6,FNACIMIE,DATE,7,,,Y
SYSTEM,CST_DETCENCS,7,UBICACION,VARCHAR2,100,,,Y
SYSTEM,CST_DETCENCS,8,CANTINIC,NUMBER,22,16,6,N
SYSTEM,CST_DETCENCS,9,FALTANTE,NUMBER,22,16,6,Y
SYSTEM,CST_DETCENCS,10,OBSERVAC,VARCHAR2,80,,,Y
SYSTEM,CST_DETCENCS,11,USUACREA,VARCHAR2,20,,,N
SYSTEM,CST_DETCENCS,12,FECHCREA,DATE,7,,,N
SYSTEM,CST_DETCENCS,13,USUACTUA,VARCHAR2,20,,,Y
SYSTEM,CST_DETCENCS,14,FECHACTU,DATE,7,,,Y
SYSTEM,CST_DETCENCS,15,LTPR_CODIGO,VARCHAR2,10,,,N
SYSTEM,CST_LOTEPRO,1,CODIGO,VARCHAR2,10,,,N
SYSTEM,CST_LOTEPRO,2,NOMBRE,VARCHAR2,60,,,N
SYSTEM,CST_LOTEPRO,3,FECHINIC,DATE,7,,,Y
SYSTEM,CST_LOTEPRO,4,FECHFINA,DATE,7,,,Y
SYSTEM,CST_LOTEPRO,5,CANTING,NUMBER,22,18,6,Y
SYSTEM,CST_LOTEPRO,6,ESTANDAR,VARCHAR2,1,,,N
SYSTEM,CST_LOTEPRO,7,REFER1,VARCHAR2,300,,,Y
SYSTEM,CST_LOTEPRO,8,REFER2,VARCHAR2,300,,,Y
SYSTEM,CST_LOTEPRO,9,REFER3,VARCHAR2,300,,,Y
SYSTEM,CST_LOTEPRO,10,OBSERVAC,VARCHAR2,300,,,Y
SYSTEM,CST_LOTEPRO,11,VCHAR1,VARCHAR2,500,,,Y
SYSTEM,CST_LOTEPRO,12,VCHAR2,VARCHAR2,500,,,Y
SYSTEM,CST_LOTEPRO,13,VCHAR3,VARCHAR2,500,,,Y
SYSTEM,CST_LOTEPRO,14,VCHAR4,VARCHAR2,500,,,Y
SYSTEM,CST_LOTEPRO,15,VCHAR5,VARCHAR2,500,,,Y
SYSTEM,CST_LOTEPRO,16,NUMBER1,NUMBER,22,,,Y
SYSTEM,CST_LOTEPRO,17,NUMBER2,NUMBER,22,,,Y
SYSTEM,CST_LOTEPRO,18,NUMBER3,NUMBER,22,,,Y
SYSTEM,CST_LOTEPRO,19,NUMBER4,NUMBER,22,,,Y
SYSTEM,CST_LOTEPRO,20,NUMBER5,NUMBER,22,,,Y
SYSTEM,CST_LOTEPRO,21,USUACREA,VARCHAR2,20,,,N
SYSTEM,CST_LOTEPRO,22,FECHCREA,DATE,7,,,N
SYSTEM,CST_LOTEPRO,23,USUACTUA,VARCHAR2,20,,,Y
SYSTEM,CST_LOTEPRO,24,FECHACTU,DATE,7,,,Y
SYSTEM,CST_LOTEPRO,25,CPRC_TIPO,VARCHAR2,4,,,N
SYSTEM,CST_ORDEPROD,1,OFCN_COMPANIA,VARCHAR2,10,,,N
SYSTEM,CST_ORDEPROD,2,OFCN_OFICINA,VARCHAR2,3,,,N
SYSTEM,CST_ORDEPROD,3,NUMERO,VARCHAR2,10,,,N
SYSTEM,CST_ORDEPROD,4,FECHA,DATE,7,,,N
SYSTEM,CST_ORDEPROD,5,FECHCIERR,DATE,7,,,Y
SYSTEM,CST_ORDEPROD,6,DESCRIPC,VARCHAR2,600,,,Y
SYSTEM,CST_ORDEPROD,7,NUMEPARA,NUMBER,22,12,2,N
SYSTEM,CST_ORDEPROD,8,CANTPRES,NUMBER,22,12,5,N
SYSTEM,CST_ORDEPROD,9,REFER,VARCHAR2,30,,,Y
SYSTEM,CST_ORDEPROD,10,CANTPROD,NUMBER,22,12,5,Y
SYSTEM,CST_ORDEPROD,11,OBS,VARCHAR2,300,,,Y
SYSTEM,CST_ORDEPROD,12,ARTL_COMPANIA,VARCHAR2,10,,,N
SYSTEM,CST_ORDEPROD,13,ARTL_CLASE,VARCHAR2,20,,,N
SYSTEM,CST_ORDEPROD,14,ARTL_CODIGRUP,VARCHAR2,20,,,N
SYSTEM,CST_ORDEPROD,15,ARTL_ARTICULO,VARCHAR2,30,,,N
SYSTEM,CST_ORDEPROD,16,EGEN_ESTADO,VARCHAR2,2,,,N
SYSTEM,CST_ORDEPROD,17,CLTE_IDCLIENTE,NUMBER,22,10,0,Y
SYSTEM,CST_ORDEPROD,18,CLTE_COMPANIA,VARCHAR2,10,,,Y
SYSTEM,CST_ORDEPROD,19,FECHCREA,DATE,7,,,N
SYSTEM,CST_ORDEPROD,20,USUACREA,VARCHAR2,20,,,N
SYSTEM,CST_ORDEPROD,21,FECHACTU,DATE,7,,,Y
SYSTEM,CST_ORDEPROD,22,USUACTUA,VARCHAR2,20,,,Y
SYSTEM,CST_ORDEPROD,23,ASTO_COMPANIA,VARCHAR2,10,,,Y
SYSTEM,CST_ORDEPROD,24,ASTO_NUMEDIAR,NUMBER,22,10,0,Y
SYSTEM,CST_ORDEPROD,25,RCTA_ID,NUMBER,22,10,0,Y
SYSTEM,CST_ORDEPROD,26,BODEGA,VARCHAR2,5,,,Y
SYSTEM,CST_ORDEPROD,27,VCHAR1,VARCHAR2,500,,,Y
SYSTEM,CST_ORDEPROD,28,VCHAR2,VARCHAR2,500,,,Y
SYSTEM,CST_ORDEPROD,29,VCHAR3,VARCHAR2,500,,,Y
SYSTEM,CST_ORDEPROD,30,VCHAR4,VARCHAR2,500,,,Y
SYSTEM,CST_ORDEPROD,31,VCHAR5,VARCHAR2,500,,,Y
SYSTEM,CST_ORDEPROD,32,NUMBER1,NUMBER,22,,,Y
SYSTEM,CST_ORDEPROD,33,NUMBER2,NUMBER,22,,,Y
SYSTEM,CST_ORDEPROD,34,NUMBER4,NUMBER,22,,,Y
SYSTEM,CST_ORDEPROD,35,NUMBER3,NUMBER,22,,,Y
SYSTEM,CST_ORDEPROD,36,NUMBER5,NUMBER,22,,,Y
SYSTEM,CST_ORDEPROD,37,LTPR_CODIGO,VARCHAR2,10,,,Y
SYSTEM,CST_PRODUCCN,1,NUMERO,NUMBER,22,10,0,N
SYSTEM,CST_PRODUCCN,2,FECHA,DATE,7,,,N
SYSTEM,CST_PRODUCCN,3,USUACREA,VARCHAR2,20,,,N
SYSTEM,CST_PRODUCCN,4,FECHCREA,DATE,7,,,N
SYSTEM,CST_PRODUCCN,5,CANTINIC,NUMBER,22,16,4,Y
SYSTEM,CST_PRODUCCN,6,PRODUCCI,NUMBER,22,16,4,Y
SYSTEM,CST_PRODUCCN,7,HAPI,NUMBER,22,16,4,Y
SYSTEM,CST_PRODUCCN,8,EDADLOTE,NUMBER,22,10,2,Y
SYSTEM,CST_PRODUCCN,9,FERTILID,NUMBER,22,16,4,Y
SYSTEM,CST_PRODUCCN,10,OBSERVAC,VARCHAR2,80,,,Y
SYSTEM,CST_PRODUCCN,11,USUACTUA,VARCHAR2,20,,,Y
SYSTEM,CST_PRODUCCN,12,FECHACTU,DATE,7,,,Y
SYSTEM,CST_PRODUCCN,13,CLND_CLND_ID,NUMBER,22,10,0,Y
SYSTEM,CST_PRODUCCN,14,RHHS_CEDURUC,VARCHAR2,13,,,Y
SYSTEM,CST_PRODUCCN,15,DTCC_DTCC_ID,NUMBER,22,10,0,N
SYSTEM,CST_PRODUCCN,16,CLPR_TIPO,VARCHAR2,10,,,N
SYSTEM,CST_PRODUCCN,17,LTPC_ID,NUMBER,22,,,N
SYSTEM,CST_PRODUCCN,18,ASTO_NUMEDIAR,NUMBER,22,10,0,Y
SYSTEM,CST_PRODUCCN,19,ASTO_COMPANIA,VARCHAR2,10,,,Y
SYSTEM,CST_PRODUCCN,20,EGEN_ESTADO,VARCHAR2,2,,,Y
SYSTEM,CST_RECETA,1,RCTA_ID,NUMBER,22,10,0,N
SYSTEM,CST_RECETA,2,NOMBRE,VARCHAR2,100,,,N
SYSTEM,CST_RECETA,3,VIGENTE,VARCHAR2,1,,,N
SYSTEM,CST_RECETA,4,CANTIDAD,NUMBER,22,10,4,N
SYSTEM,CST_RECETA,5,OBSERVAC,VARCHAR2,100,,,Y
SYSTEM,CST_RECETA,6,PREDEFIN,VARCHAR2,1,,,N
SYSTEM,CST_RECETA,7,USUACREA,VARCHAR2,20,,,N
SYSTEM,CST_RECETA,8,FECHCREA,DATE,7,,,N
SYSTEM,CST_RECETA,9,USUACTUA,VARCHAR2,20,,,Y
SYSTEM,CST_RECETA,10,FECHACTU,DATE,7,,,Y
SYSTEM,CST_RECETA,11,ARTL_CODIGRUP,VARCHAR2,20,,,Y
SYSTEM,CST_RECETA,12,ARTL_COMPANIA,VARCHAR2,10,,,Y
SYSTEM,CST_RECETA,13,ARTL_CLASE,VARCHAR2,20,,,Y
SYSTEM,CST_RECETA,14,ARTL_ARTICULO,VARCHAR2,30,,,Y
SYSTEM,CST_SIMUCABE,1,SIMU_ID,NUMBER,22,10,0,N
SYSTEM,CST_SIMUCABE,2,ARTICULO,VARCHAR2,30,,,N
SYSTEM,CST_SIMUCABE,3,NOMBRE,VARCHAR2,150,,,N
SYSTEM,CST_SIMUCABE,4,UNIDAD,VARCHAR2,5,,,N
SYSTEM,CST_SIMUCABE,5,CANTPROD,NUMBER,22,18,8,N
SYSTEM,CST_SIMUCABE,6,PRCVENTA,NUMBER,22,16,2,N
SYSTEM,CST_SIMUCABE,7,COSTON,NUMBER,22,16,2,N
SYSTEM,CST_SIMUCABE,8,PRCVENTAN,NUMBER,22,16,2,N
SYSTEM,CST_SIMUCABE,9,PORCUTIL,NUMBER,22,6,4,N
SYSTEM,CST_SIMUCABE,10,PORCUTILN,NUMBER,22,6,4,N
SYSTEM,CST_SIMUCABE,11,UTILIDAD,NUMBER,22,16,2,N
SYSTEM,CST_SIMUCABE,12,UTILIDADN,NUMBER,22,16,2,N
SYSTEM,CST_SIMUCABE,13,DESCRIPC,VARCHAR2,300,,,Y
SYSTEM,CST_SIMUCABE,14,COSTO,NUMBER,22,16,2,N
SYSTEM,CST_SIMUCABE,15,FECHACTU,DATE,7,,,Y
SYSTEM,CST_SIMUCABE,16,FECHCREA,DATE,7,,,N
SYSTEM,CST_SIMUCABE,17,USUACREA,VARCHAR2,20,,,Y
SYSTEM,CST_SIMUCABE,18,USUACTUA,VARCHAR2,20,,,N
SYSTEM,CST_SIMUDETA,1,DSIM_ID,NUMBER,22,10,0,N
SYSTEM,CST_SIMUDETA,2,ARTICULO,VARCHAR2,30,,,N
SYSTEM,CST_SIMUDETA,3,NOMBRE,VARCHAR2,150,,,N
SYSTEM,CST_SIMUDETA,4,CANTIDAD,NUMBER,22,18,8,N
SYSTEM,CST_SIMUDETA,5,UNIDAD,VARCHAR2,5,,,N
SYSTEM,CST_SIMUDETA,6,COSTO,NUMBER,22,16,2,N
SYSTEM,CST_SIMUDETA,7,DESCRIPC,VARCHAR2,300,,,Y
SYSTEM,CST_SIMUDETA,8,FECHACTU,DATE,7,,,Y
SYSTEM,CST_SIMUDETA,9,FECHCREA,DATE,7,,,N
SYSTEM,CST_SIMUDETA,10,USUACREA,VARCHAR2,20,,,N
SYSTEM,CST_SIMUDETA,11,USUACTUA,VARCHAR2,20,,,Y
SYSTEM,CST_SIMUDETA,12,SIMU_SIMU_ID,NUMBER,22,10,0,N
SYSTEM,CST_TEMP,1,CTMP_ID,NUMBER,22,10,0,N
SYSTEM,CST_TEMP,2,DTCC_ID,NUMBER,22,,,Y
SYSTEM,CST_TEMP,3,LTPR_CODIGO,VARCHAR2,10,,,Y
SYSTEM,CST_TEMP,4,LNCT_COMPANIA,VARCHAR2,10,,,Y
SYSTEM,CST_TEMP,5,LNCT_OFICINA,VARCHAR2,3,,,Y
SYSTEM,CST_TEMP,6,LNCT_CODIGO,VARCHAR2,10,,,Y
SYSTEM,CST_TEMP,7,TPCT_CODIGO,VARCHAR2,4,,,Y
SYSTEM,CST_TEMP,8,TPPO_TIPO,VARCHAR2,4,,,Y
SYSTEM,CST_TEMP,9,FECHA,DATE,7,,,Y
SYSTEM,CST_TEMP,10,F_INGRESO,DATE,7,,,Y
SYSTEM,CST_TEMP,11,RUBRO,VARCHAR2,100,,,Y
SYSTEM,CST_TEMP,12,CANTIDAD,NUMBER,22,,,Y
SYSTEM,CST_TEMP,13,COSTO,NUMBER,22,,,Y
SYSTEM,CST_TEMP,14,EDAD,NUMBER,22,,,Y
SYSTEM,CST_TEMP,15,RHH_CEDURUC,VARCHAR2,13,,,Y
SYSTEM,CST_TEMP,16,DETALLE,VARCHAR2,1000,,,Y
SYSTEM,CST_TEMP,17,DEPT_OFICINA,VARCHAR2,3,,,Y
SYSTEM,CST_TEMP,18,USUACREA,VARCHAR2,20,,,N
SYSTEM,CST_TIPOPROC,1,TIPO,VARCHAR2,4,,,N
SYSTEM,CST_TIPOPROC,2,NOMBRE,VARCHAR2,60,,,N
SYSTEM,CST_TIPOPROC,3,USUACREA,VARCHAR2,20,,,N
SYSTEM,CST_TIPOPROC,4,FECHCREA,DATE,7,,,N
SYSTEM,CST_TIPOPROC,5,USUACTUA,VARCHAR2,20,,,Y
SYSTEM,CST_TIPOPROC,6,FECHACTU,DATE,7,,,Y
SYSTEM,CST_VARIPROD,1,VARP_ID,NUMBER,22,10,0,N
SYSTEM,CST_VARIPROD,2,DESCRIPC,VARCHAR2,60,,,N
SYSTEM,CST_VARIPROD,3,VIGENTE,VARCHAR2,1,,,N
SYSTEM,CST_VARIPROD,4,USUACREA,VARCHAR2,20,,,N
SYSTEM,CST_VARIPROD,5,FECHCREA,DATE,7,,,N
SYSTEM,CST_VARIPROD,6,USUACTUA,VARCHAR2,20,,,Y
SYSTEM,CST_VARIPROD,7,FECHACTU,DATE,7,,,Y
SYSTEM,CST_VARIPROD,8,VARP_VARP_ID,NUMBER,22,10,0,Y
SYSTEM,DWH_PRESUVEN,1,DWPR_ID,NUMBER,22,10,0,N
SYSTEM,DWH_PRESUVEN,2,COMPANIA,VARCHAR2,10,,,Y
SYSTEM,DWH_PRESUVEN,3,OFCN_OFICINA,VARCHAR2,3,,,Y
SYSTEM,DWH_PRESUVEN,4,DESC_OFICINA,VARCHAR2,50,,,Y
SYSTEM,DWH_PRESUVEN,5,FECHA,DATE,7,,,Y
SYSTEM,DWH_PRESUVEN,6,ANIOPRES,VARCHAR2,4,,,Y
SYSTEM,DWH_PRESUVEN,7,MES,VARCHAR2,3,,,Y
SYSTEM,DWH_PRESUVEN,8,MESP,VARCHAR2,5,,,Y
SYSTEM,DWH_PRESUVEN,9,ARTL_CLASE,VARCHAR2,30,,,Y
SYSTEM,DWH_PRESUVEN,10,DESC_CLASINVE,VARCHAR2,100,,,Y
SYSTEM,DWH_PRESUVEN,11,ARTL_CODIGRUP,VARCHAR2,30,,,Y
SYSTEM,DWH_PRESUVEN,12,DESC_CODIGRUP,VARCHAR2,100,,,Y
SYSTEM,DWH_PRESUVEN,13,ARTL_ARTICULO,VARCHAR2,30,,,Y
SYSTEM,DWH_PRESUVEN,14,ARTICULO,VARCHAR2,300,,,Y
SYSTEM,DWH_PRESUVEN,15,UNIDNEGO,VARCHAR2,30,,,Y
SYSTEM,DWH_PRESUVEN,16,DESC_UNIDNEGO,VARCHAR2,100,,,Y
SYSTEM,DWH_PRESUVEN,17,CODLINEA,VARCHAR2,30,,,Y
SYSTEM,DWH_PRESUVEN,18,DESC_CODLINEA,VARCHAR2,100,,,Y
SYSTEM,DWH_PRESUVEN,19,LINECOMP,VARCHAR2,30,,,Y
SYSTEM,DWH_PRESUVEN,20,DESC_LINECOMP,VARCHAR2,100,,,Y
SYSTEM,DWH_PRESUVEN,21,ROTACION,VARCHAR2,30,,,Y
SYSTEM,DWH_PRESUVEN,22,DESC_ROTACION,VARCHAR2,100,,,Y
SYSTEM,DWH_PRESUVEN,23,IDCZONA,VARCHAR2,50,,,Y
SYSTEM,DWH_PRESUVEN,24,VNDR_CODIGO,VARCHAR2,30,,,Y
SYSTEM,DWH_PRESUVEN,25,IDVENDEDOR,VARCHAR2,50,,,Y
SYSTEM,DWH_PRESUVEN,26,VENDEDOR,VARCHAR2,100,,,Y
SYSTEM,DWH_PRESUVEN,27,IDCLIENTE,VARCHAR2,30,,,Y
SYSTEM,DWH_PRESUVEN,28,CLIENTE,VARCHAR2,100,,,Y
SYSTEM,DWH_PRESUVEN,29,SECTOR,VARCHAR2,100,,,Y
SYSTEM,DWH_PRESUVEN,30,ZONA_CODIZONA,VARCHAR2,30,,,Y
SYSTEM,DWH_PRESUVEN,31,ZONA,VARCHAR2,300,,,Y
SYSTEM,DWH_PRESUVEN,32,PRECUNIT,NUMBER,22,,,Y
SYSTEM,DWH_PRESUVEN,33,DESCUENTO,NUMBER,22,,,Y
SYSTEM,DWH_PRESUVEN,34,CANT_PRESU,NUMBER,22,,,Y
SYSTEM,DWH_PRESUVEN,35,CANT_PRES_TOT,VARCHAR2,240,,,Y
SYSTEM,DWH_PRESUVEN,36,CANT_VENTAS,NUMBER,22,,,Y
SYSTEM,DWH_PRESUVEN,37,VALO_VENTAS,NUMBER,22,,,Y
SYSTEM,DWH_PRESUVEN,38,VALO_PRESU,NUMBER,22,,,Y
SYSTEM,DWH_PRESUVEN,39,COD_LINEA,VARCHAR2,20,,,Y
SYSTEM,DWH_PRESUVEN,40,LINEA,VARCHAR2,100,,,Y
SYSTEM,DWH_PRESUVEN,41,COD_SUBLINEA,VARCHAR2,20,,,Y
SYSTEM,DWH_PRESUVEN,42,SUBLINEA,VARCHAR2,100,,,Y
SYSTEM,DWH_PRESUVEN,43,FECHCREA,DATE,7,,,N
SYSTEM,DWH_PRESUVEN,44,USUACREA,VARCHAR2,20,,,N
SYSTEM,DWH_PRESUVEN,45,FECHACTU,DATE,7,,,Y
SYSTEM,DWH_PRESUVEN,46,USUACTUA,VARCHAR2,20,,,Y
SYSTEM,DWH_PRESUVEN_28082025,1,DWPR_ID,NUMBER,22,10,0,N
SYSTEM,DWH_PRESUVEN_28082025,2,COMPANIA,VARCHAR2,10,,,Y
SYSTEM,DWH_PRESUVEN_28082025,3,OFCN_OFICINA,VARCHAR2,3,,,Y
SYSTEM,DWH_PRESUVEN_28082025,4,DESC_OFICINA,VARCHAR2,50,,,Y
SYSTEM,DWH_PRESUVEN_28082025,5,FECHA,DATE,7,,,Y
SYSTEM,DWH_PRESUVEN_28082025,6,ANIOPRES,VARCHAR2,4,,,Y
SYSTEM,DWH_PRESUVEN_28082025,7,MES,VARCHAR2,3,,,Y
SYSTEM,DWH_PRESUVEN_28082025,8,MESP,VARCHAR2,5,,,Y
SYSTEM,DWH_PRESUVEN_28082025,9,ARTL_CLASE,VARCHAR2,30,,,Y
SYSTEM,DWH_PRESUVEN_28082025,10,DESC_CLASINVE,VARCHAR2,100,,,Y
SYSTEM,DWH_PRESUVEN_28082025,11,ARTL_CODIGRUP,VARCHAR2,30,,,Y
SYSTEM,DWH_PRESUVEN_28082025,12,DESC_CODIGRUP,VARCHAR2,100,,,Y
SYSTEM,DWH_PRESUVEN_28082025,13,ARTL_ARTICULO,VARCHAR2,30,,,Y
SYSTEM,DWH_PRESUVEN_28082025,14,ARTICULO,VARCHAR2,300,,,Y
SYSTEM,DWH_PRESUVEN_28082025,15,UNIDNEGO,VARCHAR2,30,,,Y
SYSTEM,DWH_PRESUVEN_28082025,16,DESC_UNIDNEGO,VARCHAR2,100,,,Y
SYSTEM,DWH_PRESUVEN_28082025,17,CODLINEA,VARCHAR2,30,,,Y
SYSTEM,DWH_PRESUVEN_28082025,18,DESC_CODLINEA,VARCHAR2,100,,,Y
SYSTEM,DWH_PRESUVEN_28082025,19,LINECOMP,VARCHAR2,30,,,Y
SYSTEM,DWH_PRESUVEN_28082025,20,DESC_LINECOMP,VARCHAR2,100,,,Y
SYSTEM,DWH_PRESUVEN_28082025,21,ROTACION,VARCHAR2,30,,,Y
SYSTEM,DWH_PRESUVEN_28082025,22,DESC_ROTACION,VARCHAR2,100,,,Y
SYSTEM,DWH_PRESUVEN_28082025,23,IDCZONA,VARCHAR2,50,,,Y
SYSTEM,DWH_PRESUVEN_28082025,24,VNDR_CODIGO,VARCHAR2,30,,,Y
SYSTEM,DWH_PRESUVEN_28082025,25,IDVENDEDOR,VARCHAR2,50,,,Y
SYSTEM,DWH_PRESUVEN_28082025,26,VENDEDOR,VARCHAR2,100,,,Y
SYSTEM,DWH_PRESUVEN_28082025,27,IDCLIENTE,VARCHAR2,30,,,Y
SYSTEM,DWH_PRESUVEN_28082025,28,CLIENTE,VARCHAR2,100,,,Y
SYSTEM,DWH_PRESUVEN_28082025,29,SECTOR,VARCHAR2,100,,,Y
SYSTEM,DWH_PRESUVEN_28082025,30,ZONA_CODIZONA,VARCHAR2,30,,,Y
SYSTEM,DWH_PRESUVEN_28082025,31,ZONA,VARCHAR2,300,,,Y
SYSTEM,DWH_PRESUVEN_28082025,32,PRECUNIT,NUMBER,22,,,Y
SYSTEM,DWH_PRESUVEN_28082025,33,DESCUENTO,NUMBER,22,,,Y
SYSTEM,DWH_PRESUVEN_28082025,34,CANT_PRESU,NUMBER,22,,,Y
SYSTEM,DWH_PRESUVEN_28082025,35,CANT_PRES_TOT,VARCHAR2,240,,,Y
SYSTEM,DWH_PRESUVEN_28082025,36,CANT_VENTAS,NUMBER,22,,,Y
SYSTEM,DWH_PRESUVEN_28082025,37,VALO_VENTAS,NUMBER,22,,,Y
SYSTEM,DWH_PRESUVEN_28082025,38,VALO_PRESU,NUMBER,22,,,Y
SYSTEM,DWH_PRESUVEN_28082025,39,COD_LINEA,VARCHAR2,20,,,Y
SYSTEM,DWH_PRESUVEN_28082025,40,LINEA,VARCHAR2,100,,,Y
SYSTEM,DWH_PRESUVEN_28082025,41,COD_SUBLINEA,VARCHAR2,20,,,Y
SYSTEM,DWH_PRESUVEN_28082025,42,SUBLINEA,VARCHAR2,100,,,Y
SYSTEM,DWH_PRESUVEN_28082025,43,FECHCREA,DATE,7,,,N
SYSTEM,DWH_PRESUVEN_28082025,44,USUACREA,VARCHAR2,20,,,N
SYSTEM,DWH_PRESUVEN_28082025,45,FECHACTU,DATE,7,,,Y
SYSTEM,DWH_PRESUVEN_28082025,46,USUACTUA,VARCHAR2,20,,,Y
SYSTEM,DWH_VENTAS,1,DWVN_ID,NUMBER,22,10,0,N
SYSTEM,DWH_VENTAS,2,COMPANIA,VARCHAR2,10,,,Y
SYSTEM,DWH_VENTAS,3,OFCN_OFICINA,VARCHAR2,3,,,Y
SYSTEM,DWH_VENTAS,4,DESC_OFICINA,VARCHAR2,50,,,Y
SYSTEM,DWH_VENTAS,5,FECHA,DATE,7,,,Y
SYSTEM,DWH_VENTAS,6,DIA,VARCHAR2,2,,,Y
SYSTEM,DWH_VENTAS,7,MES,VARCHAR2,3,,,Y
SYSTEM,DWH_VENTAS,8,MESP,VARCHAR2,5,,,Y
SYSTEM,DWH_VENTAS,9,SEMANA,VARCHAR2,1,,,Y
SYSTEM,DWH_VENTAS,10,ANIO,VARCHAR2,4,,,Y
SYSTEM,DWH_VENTAS,11,TIPO_DOCUMENTO,VARCHAR2,20,,,Y
SYSTEM,DWH_VENTAS,12,CEDURUC,VARCHAR2,13,,,Y
SYSTEM,DWH_VENTAS,13,IDCLIENTE,NUMBER,22,10,0,Y
SYSTEM,DWH_VENTAS,14,CLIENTE,VARCHAR2,300,,,Y
SYSTEM,DWH_VENTAS,15,CLTE_IDCLIENTE,VARCHAR2,10,,,Y
SYSTEM,DWH_VENTAS,16,CLTE_NOMBRE,VARCHAR2,300,,,Y
SYSTEM,DWH_VENTAS,17,ZONA_CODIZONA,VARCHAR2,10,,,Y
SYSTEM,DWH_VENTAS,18,ZONA,VARCHAR2,100,,,Y
SYSTEM,DWH_VENTAS,19,DESC_REGION,VARCHAR2,100,,,Y
SYSTEM,DWH_VENTAS,20,CODIPROV,VARCHAR2,10,,,Y
SYSTEM,DWH_VENTAS,21,PROVINCIA,VARCHAR2,100,,,Y
SYSTEM,DWH_VENTAS,22,CODICANT,VARCHAR2,10,,,Y
SYSTEM,DWH_VENTAS,23,CANTON,VARCHAR2,100,,,Y
SYSTEM,DWH_VENTAS,24,CODIPARR,VARCHAR2,10,,,Y
SYSTEM,DWH_VENTAS,25,PARROQUIA,VARCHAR2,100,,,Y
SYSTEM,DWH_VENTAS,26,IDCZONA,VARCHAR2,50,,,Y
SYSTEM,DWH_VENTAS,27,IDVENDEDOR,VARCHAR2,50,,,Y
SYSTEM,DWH_VENTAS,28,VNDR_CODIGO,VARCHAR2,10,,,Y
SYSTEM,DWH_VENTAS,29,VENDEDOR,VARCHAR2,100,,,Y
SYSTEM,DWH_VENTAS,30,ARTL_CLASE,VARCHAR2,20,,,Y
SYSTEM,DWH_VENTAS,31,DESC_CLASINVE,VARCHAR2,300,,,Y
SYSTEM,DWH_VENTAS,32,ARTL_CODIGRUP,VARCHAR2,20,,,Y
SYSTEM,DWH_VENTAS,33,DESC_CODIGRUP,VARCHAR2,300,,,Y
SYSTEM,DWH_VENTAS,34,ARTL_ARTICULO,VARCHAR2,30,,,Y
SYSTEM,DWH_VENTAS,35,ARTICULO,VARCHAR2,300,,,Y
SYSTEM,DWH_VENTAS,36,NUMERO,NUMBER,22,10,0,Y
SYSTEM,DWH_VENTAS,37,SERIE,VARCHAR2,6,,,Y
SYSTEM,DWH_VENTAS,38,SERIE_NC,VARCHAR2,6,,,Y
SYSTEM,DWH_VENTAS,39,NUMERO_NC,NUMBER,22,,,Y
SYSTEM,DWH_VENTAS,40,REFER,VARCHAR2,30,,,Y
SYSTEM,DWH_VENTAS,41,FECHVCTO,DATE,7,,,Y
SYSTEM,DWH_VENTAS,42,COD_LINEA,VARCHAR2,30,,,Y
SYSTEM,DWH_VENTAS,43,LINEA,VARCHAR2,500,,,Y
SYSTEM,DWH_VENTAS,44,COD_SUBLINEA,VARCHAR2,30,,,Y
SYSTEM,DWH_VENTAS,45,SUBLINEA,VARCHAR2,500,,,Y
SYSTEM,DWH_VENTAS,46,UNIDNEGO,VARCHAR2,30,,,Y
SYSTEM,DWH_VENTAS,47,DESC_UNIDNEGO,VARCHAR2,500,,,Y
SYSTEM,DWH_VENTAS,48,CODLINEA,VARCHAR2,30,,,Y
SYSTEM,DWH_VENTAS,49,DESC_CODLINEA,VARCHAR2,500,,,Y
SYSTEM,DWH_VENTAS,50,LINECOMP,VARCHAR2,30,,,Y
SYSTEM,DWH_VENTAS,51,DESC_LINECOMP,VARCHAR2,500,,,Y
SYSTEM,DWH_VENTAS,52,ROTACION,VARCHAR2,5,,,Y
SYSTEM,DWH_VENTAS,53,DESC_ROTACION,VARCHAR2,500,,,Y
SYSTEM,DWH_VENTAS,54,UMED_UNIDMEDI,VARCHAR2,5,,,Y
SYSTEM,DWH_VENTAS,55,PESO,NUMBER,22,,,Y
SYSTEM,DWH_VENTAS,56,TALLA,VARCHAR2,60,,,Y
SYSTEM,DWH_VENTAS,57,KILOS,NUMBER,22,,,Y
SYSTEM,DWH_VENTAS,58,SACOS,NUMBER,22,,,Y
SYSTEM,DWH_VENTAS,59,TONELADAS,NUMBER,22,,,Y
SYSTEM,DWH_VENTAS,60,CANTIDAD,NUMBER,22,,,Y
SYSTEM,DWH_VENTAS,61,VALOR,NUMBER,22,,,Y
SYSTEM,DWH_VENTAS,62,PORCDESC,NUMBER,22,,,Y
SYSTEM,DWH_VENTAS,63,DESCUENTO,NUMBER,22,,,Y
SYSTEM,DWH_VENTAS,64,TASAIVA,NUMBER,22,,,Y
SYSTEM,DWH_VENTAS,65,IVA,NUMBER,22,,,Y
SYSTEM,DWH_VENTAS,66,COSTO,NUMBER,22,,,Y
SYSTEM,DWH_VENTAS,67,FACTOR_UTILIDAD,NUMBER,22,,,Y
SYSTEM,DWH_VENTAS,68,UTILIDAD,NUMBER,22,,,Y
SYSTEM,DWH_VENTAS,69,PRESUPUESTO,NUMBER,22,,,Y
SYSTEM,DWH_VENTAS,70,COSTUNIT,NUMBER,22,,,Y
SYSTEM,DWH_VENTAS,71,PRECUNIT,NUMBER,22,,,Y
SYSTEM,DWH_VENTAS,72,FECHCREA,DATE,7,,,N
SYSTEM,DWH_VENTAS,73,USUACREA,VARCHAR2,20,,,N
SYSTEM,DWH_VENTAS,74,FECHACTU,DATE,7,,,Y
SYSTEM,DWH_VENTAS,75,USUACTUA,VARCHAR2,20,,,Y
SYSTEM,DWH_VENTAS,76,PROVEEDOR,VARCHAR2,300,,,Y
SYSTEM,DWH_VENTAS,77,ESTADO_PROV,VARCHAR2,50,,,Y
SYSTEM,DWH_VENTAS,78,NUMBER1,NUMBER,22,,,Y
SYSTEM,DWH_VENTAS,79,NUMBER2,NUMBER,22,,,Y
SYSTEM,DWH_VENTAS,80,NUMBER3,NUMBER,22,,,Y
SYSTEM,DWH_VENTAS,81,NUMBER4,NUMBER,22,,,Y
SYSTEM,DWH_VENTAS,82,NUMBER5,NUMBER,22,,,Y
SYSTEM,DWH_VENTAS,83,VCHAR1,VARCHAR2,500,,,Y
SYSTEM,DWH_VENTAS,84,VCHAR2,VARCHAR2,500,,,Y
SYSTEM,DWH_VENTAS,85,VCHAR3,VARCHAR2,500,,,Y
SYSTEM,DWH_VENTAS,86,VCHAR4,VARCHAR2,500,,,Y
SYSTEM,DWH_VENTAS,87,VCHAR5,VARCHAR2,500,,,Y
SYSTEM,DWH_VENTAS_081124,1,DWVN_ID,NUMBER,22,10,0,N
SYSTEM,DWH_VENTAS_081124,2,COMPANIA,VARCHAR2,10,,,Y
SYSTEM,DWH_VENTAS_081124,3,OFCN_OFICINA,VARCHAR2,3,,,Y
SYSTEM,DWH_VENTAS_081124,4,DESC_OFICINA,VARCHAR2,50,,,Y
SYSTEM,DWH_VENTAS_081124,5,FECHA,DATE,7,,,Y
SYSTEM,DWH_VENTAS_081124,6,DIA,VARCHAR2,2,,,Y
SYSTEM,DWH_VENTAS_081124,7,MES,VARCHAR2,3,,,Y
SYSTEM,DWH_VENTAS_081124,8,MESP,VARCHAR2,5,,,Y
SYSTEM,DWH_VENTAS_081124,9,SEMANA,VARCHAR2,1,,,Y
SYSTEM,DWH_VENTAS_081124,10,ANIO,VARCHAR2,4,,,Y
SYSTEM,DWH_VENTAS_081124,11,TIPO_DOCUMENTO,VARCHAR2,20,,,Y
SYSTEM,DWH_VENTAS_081124,12,CEDURUC,VARCHAR2,13,,,Y
SYSTEM,DWH_VENTAS_081124,13,IDCLIENTE,NUMBER,22,10,0,Y
SYSTEM,DWH_VENTAS_081124,14,CLIENTE,VARCHAR2,300,,,Y
SYSTEM,DWH_VENTAS_081124,15,CLTE_IDCLIENTE,VARCHAR2,10,,,Y
SYSTEM,DWH_VENTAS_081124,16,CLTE_NOMBRE,VARCHAR2,300,,,Y
SYSTEM,DWH_VENTAS_081124,17,ZONA_CODIZONA,VARCHAR2,10,,,Y
SYSTEM,DWH_VENTAS_081124,18,ZONA,VARCHAR2,100,,,Y
SYSTEM,DWH_VENTAS_081124,19,DESC_REGION,VARCHAR2,100,,,Y
SYSTEM,DWH_VENTAS_081124,20,CODIPROV,VARCHAR2,10,,,Y
SYSTEM,DWH_VENTAS_081124,21,PROVINCIA,VARCHAR2,100,,,Y
SYSTEM,DWH_VENTAS_081124,22,CODICANT,VARCHAR2,10,,,Y
SYSTEM,DWH_VENTAS_081124,23,CANTON,VARCHAR2,100,,,Y
SYSTEM,DWH_VENTAS_081124,24,CODIPARR,VARCHAR2,10,,,Y
SYSTEM,DWH_VENTAS_081124,25,PARROQUIA,VARCHAR2,100,,,Y
SYSTEM,DWH_VENTAS_081124,26,IDCZONA,VARCHAR2,50,,,Y
SYSTEM,DWH_VENTAS_081124,27,IDVENDEDOR,VARCHAR2,50,,,Y
SYSTEM,DWH_VENTAS_081124,28,VNDR_CODIGO,VARCHAR2,10,,,Y
SYSTEM,DWH_VENTAS_081124,29,VENDEDOR,VARCHAR2,100,,,Y
SYSTEM,DWH_VENTAS_081124,30,ARTL_CLASE,VARCHAR2,20,,,Y
SYSTEM,DWH_VENTAS_081124,31,DESC_CLASINVE,VARCHAR2,300,,,Y
SYSTEM,DWH_VENTAS_081124,32,ARTL_CODIGRUP,VARCHAR2,20,,,Y
SYSTEM,DWH_VENTAS_081124,33,DESC_CODIGRUP,VARCHAR2,300,,,Y
SYSTEM,DWH_VENTAS_081124,34,ARTL_ARTICULO,VARCHAR2,30,,,Y
SYSTEM,DWH_VENTAS_081124,35,ARTICULO,VARCHAR2,300,,,Y
SYSTEM,DWH_VENTAS_081124,36,NUMERO,NUMBER,22,10,0,Y
SYSTEM,DWH_VENTAS_081124,37,SERIE,VARCHAR2,6,,,Y
SYSTEM,DWH_VENTAS_081124,38,SERIE_NC,VARCHAR2,6,,,Y
SYSTEM,DWH_VENTAS_081124,39,NUMERO_NC,NUMBER,22,,,Y
SYSTEM,DWH_VENTAS_081124,40,REFER,VARCHAR2,30,,,Y
SYSTEM,DWH_VENTAS_081124,41,FECHVCTO,DATE,7,,,Y
SYSTEM,DWH_VENTAS_081124,42,COD_LINEA,VARCHAR2,30,,,Y
SYSTEM,DWH_VENTAS_081124,43,LINEA,VARCHAR2,500,,,Y
SYSTEM,DWH_VENTAS_081124,44,COD_SUBLINEA,VARCHAR2,30,,,Y
SYSTEM,DWH_VENTAS_081124,45,SUBLINEA,VARCHAR2,500,,,Y
SYSTEM,DWH_VENTAS_081124,46,UNIDNEGO,VARCHAR2,30,,,Y
SYSTEM,DWH_VENTAS_081124,47,DESC_UNIDNEGO,VARCHAR2,500,,,Y
SYSTEM,DWH_VENTAS_081124,48,CODLINEA,VARCHAR2,30,,,Y
SYSTEM,DWH_VENTAS_081124,49,DESC_CODLINEA,VARCHAR2,500,,,Y
SYSTEM,DWH_VENTAS_081124,50,LINECOMP,VARCHAR2,30,,,Y
SYSTEM,DWH_VENTAS_081124,51,DESC_LINECOMP,VARCHAR2,500,,,Y
SYSTEM,DWH_VENTAS_081124,52,ROTACION,VARCHAR2,5,,,Y
SYSTEM,DWH_VENTAS_081124,53,DESC_ROTACION,VARCHAR2,500,,,Y
SYSTEM,DWH_VENTAS_081124,54,UMED_UNIDMEDI,VARCHAR2,5,,,Y
SYSTEM,DWH_VENTAS_081124,55,PESO,NUMBER,22,,,Y
SYSTEM,DWH_VENTAS_081124,56,TALLA,VARCHAR2,60,,,Y
SYSTEM,DWH_VENTAS_081124,57,KILOS,NUMBER,22,,,Y
SYSTEM,DWH_VENTAS_081124,58,SACOS,NUMBER,22,,,Y
SYSTEM,DWH_VENTAS_081124,59,TONELADAS,NUMBER,22,,,Y
SYSTEM,DWH_VENTAS_081124,60,CANTIDAD,NUMBER,22,,,Y
SYSTEM,DWH_VENTAS_081124,61,VALOR,NUMBER,22,,,Y
SYSTEM,DWH_VENTAS_081124,62,PORCDESC,NUMBER,22,,,Y
SYSTEM,DWH_VENTAS_081124,63,DESCUENTO,NUMBER,22,,,Y
SYSTEM,DWH_VENTAS_081124,64,TASAIVA,NUMBER,22,,,Y
SYSTEM,DWH_VENTAS_081124,65,IVA,NUMBER,22,,,Y
SYSTEM,DWH_VENTAS_081124,66,COSTO,NUMBER,22,,,Y
SYSTEM,DWH_VENTAS_081124,67,FACTOR_UTILIDAD,NUMBER,22,,,Y
SYSTEM,DWH_VENTAS_081124,68,UTILIDAD,NUMBER,22,,,Y
SYSTEM,DWH_VENTAS_081124,69,PRESUPUESTO,NUMBER,22,,,Y
SYSTEM,DWH_VENTAS_081124,70,COSTUNIT,NUMBER,22,,,Y
SYSTEM,DWH_VENTAS_081124,71,PRECUNIT,NUMBER,22,,,Y
SYSTEM,DWH_VENTAS_081124,72,FECHCREA,DATE,7,,,N
SYSTEM,DWH_VENTAS_081124,73,USUACREA,VARCHAR2,20,,,N
SYSTEM,DWH_VENTAS_081124,74,FECHACTU,DATE,7,,,Y
SYSTEM,DWH_VENTAS_081124,75,USUACTUA,VARCHAR2,20,,,Y
SYSTEM,DWH_VENTAS_081124,76,PROVEEDOR,VARCHAR2,300,,,Y
SYSTEM,DWH_VENTAS_081124,77,ESTADO_PROV,VARCHAR2,50,,,Y
SYSTEM,DWH_VENTAS_081124,78,NUMBER1,NUMBER,22,,,Y
SYSTEM,DWH_VENTAS_081124,79,NUMBER2,NUMBER,22,,,Y
SYSTEM,DWH_VENTAS_081124,80,NUMBER3,NUMBER,22,,,Y
SYSTEM,DWH_VENTAS_081124,81,NUMBER4,NUMBER,22,,,Y
SYSTEM,DWH_VENTAS_081124,82,NUMBER5,NUMBER,22,,,Y
SYSTEM,DWH_VENTAS_081124,83,VCHAR1,VARCHAR2,500,,,Y
SYSTEM,DWH_VENTAS_081124,84,VCHAR2,VARCHAR2,500,,,Y
SYSTEM,DWH_VENTAS_081124,85,VCHAR3,VARCHAR2,500,,,Y
SYSTEM,DWH_VENTAS_081124,86,VCHAR4,VARCHAR2,500,,,Y
SYSTEM,DWH_VENTAS_081124,87,VCHAR5,VARCHAR2,500,,,Y
SYSTEM,ECL_CAMPSCTAS,1,CMCT_ID,NUMBER,22,10,0,N
SYSTEM,ECL_CAMPSCTAS,2,CTAS_COMPANIA,VARCHAR2,10,,,N
SYSTEM,ECL_CAMPSCTAS,3,CTAS_CATALOGO,VARCHAR2,2,,,N
SYSTEM,ECL_CAMPSCTAS,4,CTAS_CODIGO,VARCHAR2,30,,,N
SYSTEM,ECL_CAMPSCTAS,5,DTFR_CODICAMP,VARCHAR2,20,,,N
SYSTEM,ECL_CAMPSCTAS,6,DTFR_CODIGO,VARCHAR2,10,,,N
SYSTEM,ECL_CAMPSCTAS,7,FECHCREA,DATE,7,,,N
SYSTEM,ECL_CAMPSCTAS,8,USUACREA,VARCHAR2,20,,,N
SYSTEM,ECL_CAMPSCTAS,9,FECHACTU,DATE,7,,,Y
SYSTEM,ECL_CAMPSCTAS,10,USUACTUA,VARCHAR2,20,,,Y
SYSTEM,ECL_CAMPSCTAS,11,CCST_OFICINA,VARCHAR2,3,,,Y
SYSTEM,ECL_CAMPSCTAS,12,CCST_COMPANIA,VARCHAR2,10,,,Y
SYSTEM,ECL_CAMPSCTAS,13,CCST_CODIGO,VARCHAR2,10,,,Y
SYSTEM,ECL_DETAFORMU,1,FRML_CODIGO,VARCHAR2,10,,,N
SYSTEM,ECL_DETAFORMU,2,CODICAMP,VARCHAR2,20,,,N
SYSTEM,ECL_DETAFORMU,3,DESCRIPC,VARCHAR2,300,,,N
SYSTEM,ECL_DETAFORMU,4,CAMPOXML,VARCHAR2,40,,,Y
SYSTEM,ECL_DETAFORMU,5,REQUERID,VARCHAR2,1,,,N
SYSTEM,ECL_DETAFORMU,6,GRUPO,VARCHAR2,1,,,N
SYSTEM,ECL_DETAFORMU,7,ETIQIMPR,VARCHAR2,300,,,Y
SYSTEM,ECL_DETAFORMU,8,VIGENTE,VARCHAR2,1,,,N
SYSTEM,ECL_DETAFORMU,9,DTFR_CODICAMP,VARCHAR2,20,,,Y
SYSTEM,ECL_DETAFORMU,10,DTFR_CODIGO,VARCHAR2,10,,,Y
SYSTEM,ECL_DETAFORMU,11,VALOR,VARCHAR2,20,,,Y
SYSTEM,ECL_DETAFORMU,12,FECHCREA,DATE,7,,,N
SYSTEM,ECL_DETAFORMU,13,USUACREA,VARCHAR2,20,,,N
SYSTEM,ECL_DETAFORMU,14,FECHACTU,DATE,7,,,Y
SYSTEM,ECL_DETAFORMU,15,USUACTUA,VARCHAR2,20,,,Y
SYSTEM,ECL_FORMULARIO,1,CODIGO,VARCHAR2,10,,,N
SYSTEM,ECL_FORMULARIO,2,MONE_MONEDA,VARCHAR2,5,,,N
SYSTEM,ECL_FORMULARIO,3,PRPG_CODIPERI,VARCHAR2,2,,,N
SYSTEM,ECL_FORMULARIO,4,TPIM_TIPOIMPU,VARCHAR2,5,,,N
SYSTEM,ECL_FORMULARIO,5,DESCRIPC,VARCHAR2,100,,,N
SYSTEM,ECL_FORMULARIO,6,VIGENTE,VARCHAR2,1,,,N
SYSTEM,ECL_FORMULARIO,7,VERSVIGE,VARCHAR2,20,,,Y
SYSTEM,ECL_FORMULARIO,8,FECHCREA,DATE,7,,,N
SYSTEM,ECL_FORMULARIO,9,USUACREA,VARCHAR2,20,,,N
SYSTEM,ECL_FORMULARIO,10,FECHACTU,DATE,7,,,Y
SYSTEM,ECL_FORMULARIO,11,USUACTUA,VARCHAR2,20,,,Y
SYSTEM,ECL_FORMULARIO,12,NOMBREPO,VARCHAR2,60,,,Y
SYSTEM,ECL_FORMULARIO,13,FDESDE,VARCHAR2,1,,,Y
SYSTEM,ECL_REGIMENTR,1,FRML_CODIGO,VARCHAR2,10,,,N
SYSTEM,ECL_REGIMENTR,2,TPCN_IDCONTRI,VARCHAR2,5,,,N
SYSTEM,ECL_REGIMENTR,3,DESCRIPC,VARCHAR2,300,,,N
SYSTEM,ECL_REGIMENTR,4,FECHMAX,DATE,7,,,N
SYSTEM,ECL_REGIMENTR,5,FECHCREA,DATE,7,,,N
SYSTEM,ECL_REGIMENTR,6,USUACREA,VARCHAR2,20,,,N
SYSTEM,ECL_REGIMENTR,7,FECHACTU,DATE,7,,,Y
SYSTEM,ECL_REGIMENTR,8,USUACTUA,VARCHAR2,20,,,Y
SYSTEM,ECT_DETADECLA,1,DTDC_ID,NUMBER,22,10,0,N
SYSTEM,ECT_DETADECLA,2,DCRN_DCRN_ID,NUMBER,22,10,0,N
SYSTEM,ECT_DETADECLA,3,DTFR_CODICAMP,VARCHAR2,20,,,N
SYSTEM,ECT_DETADECLA,4,DTFR_CODIGO,VARCHAR2,10,,,N
SYSTEM,ECT_DETADECLA,5,VALOR,NUMBER,22,16,2,N
SYSTEM,ECT_DETADECLA,6,FECHCREA,DATE,7,,,N
SYSTEM,ECT_DETADECLA,7,USUACREA,VARCHAR2,20,,,N
SYSTEM,ECT_DETADECLA,8,FECHACTU,DATE,7,,,Y
SYSTEM,ECT_DETADECLA,9,USUACTUA,VARCHAR2,20,,,Y
SYSTEM,GEN_ACTIECON,1,ACTIECON,VARCHAR2,10,,,N
SYSTEM,GEN_ACTIECON,2,DESCRIPC,VARCHAR2,2000,,,N
SYSTEM,GEN_ACTIECON,3,DISPONIB,VARCHAR2,1,,,Y
SYSTEM,GEN_ACTIECON,4,AECN_ACTIECON,VARCHAR2,10,,,Y
SYSTEM,GEN_ACTIECON,5,FECHCREA,DATE,7,,,N
SYSTEM,GEN_ACTIECON,6,USUACREA,VARCHAR2,20,,,N
SYSTEM,GEN_ACTIECON,7,FECHACTU,DATE,7,,,Y
SYSTEM,GEN_ACTIECON,8,USUACTUA,VARCHAR2,20,,,Y
SYSTEM,GEN_ASEGURADORA,1,CMPN_COMPANIA,VARCHAR2,10,,,N
SYSTEM,GEN_ASEGURADORA,2,CODIASEG,VARCHAR2,10,,,N
SYSTEM,GEN_ASEGURADORA,3,DESCRIPC,VARCHAR2,80,,,N
SYSTEM,GEN_ASEGURADORA,4,ASGR_ID,NUMBER,22,10,0,N
SYSTEM,GEN_ASEGURADORA,5,FECHCREA,DATE,7,,,N
SYSTEM,GEN_ASEGURADORA,6,USUACREA,VARCHAR2,20,,,N
SYSTEM,GEN_ASEGURADORA,7,FECHACTU,DATE,7,,,Y
SYSTEM,GEN_ASEGURADORA,8,USUACTUA,VARCHAR2,20,,,Y
SYSTEM,GEN_AUTORSRI,1,PTEM_COMPANIA,VARCHAR2,10,,,N
SYSTEM,GEN_AUTORSRI,2,PTEM_OFICINA,VARCHAR2,3,,,N
SYSTEM,GEN_AUTORSRI,3,PTEM_PUNTEMIS,VARCHAR2,3,,,N
SYSTEM,GEN_AUTORSRI,4,SERIE,VARCHAR2,6,,,Y
SYSTEM,GEN_AUTORSRI,5,FECHVALI,DATE,7,,,Y
SYSTEM,GEN_AUTORSRI,6,NUMEAUTO,VARCHAR2,15,,,Y
SYSTEM,GEN_AUTORSRI,7,NUAUTSRI,VARCHAR2,15,,,Y
SYSTEM,GEN_AUTORSRI,8,NUMEFINA,VARCHAR2,15,,,Y
SYSTEM,GEN_AUTORSRI,9,NUMEINIC,VARCHAR2,15,,,Y
SYSTEM,GEN_AUTORSRI,10,VIGENTE,VARCHAR2,1,,,N
SYSTEM,GEN_AUTORSRI,11,ASRI_ID,NUMBER,22,10,0,N
SYSTEM,GEN_AUTORSRI,12,FECHCREA,DATE,7,,,N
SYSTEM,GEN_AUTORSRI,13,USUACREA,VARCHAR2,20,,,N
SYSTEM,GEN_AUTORSRI,14,FECHACTU,DATE,7,,,Y
SYSTEM,GEN_AUTORSRI,15,USUACTUA,VARCHAR2,20,,,Y
SYSTEM,GEN_AUTORSRI,16,TPDC_TIPODOCU,VARCHAR2,2,,,Y
SYSTEM,GEN_AUTORSRI,17,AUTOIMPR,VARCHAR2,1,,,Y
SYSTEM,GEN_AUTORSRI,18,FEAUTSRI,DATE,7,,,Y
SYSTEM,GEN_AUTORSRI,19,FORMEMIS,VARCHAR2,4,,,N
SYSTEM,GEN_BANCOS,1,IDBANCO,VARCHAR2,10,,,N
SYSTEM,GEN_BANCOS,2,VIGENTE,VARCHAR2,1,,,N
SYSTEM,GEN_BANCOS,3,NOMBRE,VARCHAR2,60,,,N
SYSTEM,GEN_BANCOS,4,PLAZAS,VARCHAR2,20,,,N
SYSTEM,GEN_BANCOS,5,DIASEFEC,NUMBER,22,2,0,Y
SYSTEM,GEN_BANCOS,6,CIUDAD,VARCHAR2,60,,,Y
SYSTEM,GEN_BANCOS,7,CODSRI,VARCHAR2,4,,,Y
SYSTEM,GEN_BANCOS,8,DIRECCION,VARCHAR2,300,,,Y
SYSTEM,GEN_BANCOS,9,FECHCREA,DATE,7,,,N
SYSTEM,GEN_BANCOS,10,USUACREA,VARCHAR2,20,,,N
SYSTEM,GEN_BANCOS,11,FECHACTU,DATE,7,,,Y
SYSTEM,GEN_BANCOS,12,USUACTUA,VARCHAR2,20,,,Y
SYSTEM,GEN_BANCOS,13,BANC_IDBANCO,VARCHAR2,10,,,Y
SYSTEM,GEN_BANCOS,14,DEBITO,VARCHAR2,1,,,Y
SYSTEM,GEN_BANCOS,15,FINANCIERA,VARCHAR2,1,,,N
SYSTEM,GEN_BANCOS,16,CODUAFE,VARCHAR2,50,,,Y
SYSTEM,GEN_CANTON,1,PVCA_CODIPROV,VARCHAR2,3,,,N
SYSTEM,GEN_CANTON,2,CODICANT,VARCHAR2,3,,,N
SYSTEM,GEN_CANTON,3,DESCRIPC,VARCHAR2,60,,,N
SYSTEM,GEN_CANTON,4,FECHCREA,DATE,7,,,N
SYSTEM,GEN_CANTON,5,USUACREA,VARCHAR2,20,,,N
SYSTEM,GEN_CANTON,6,FECHACTU,DATE,7,,,Y
SYSTEM,GEN_CANTON,7,USUACTUA,VARCHAR2,20,,,Y
SYSTEM,GEN_CANTON,8,COSTFLET,NUMBER,22,18,6,N
SYSTEM,GEN_CENTCOST,1,FECHCREA,DATE,7,,,N
SYSTEM,GEN_CENTCOST,2,FECHACTU,DATE,7,,,Y
SYSTEM,GEN_CENTCOST,3,CODIGO,VARCHAR2,10,,,N
SYSTEM,GEN_CENTCOST,4,PORCENTA,NUMBER,22,10,5,Y
SYSTEM,GEN_CENTCOST,5,USUACREA,VARCHAR2,20,,,N
SYSTEM,GEN_CENTCOST,6,DESCRIPC,VARCHAR2,100,,,N
SYSTEM,GEN_CENTCOST,7,USUACTUA,VARCHAR2,240,,,Y
SYSTEM,GEN_CENTCOST,8,OFCN_COMPANIA,VARCHAR2,10,,,N
SYSTEM,GEN_CENTCOST,9,OFCN_OFICINA,VARCHAR2,3,,,N
SYSTEM,GEN_COBERTU,1,USUA_IDUSUAR,VARCHAR2,20,,,N
SYSTEM,GEN_COBERTU,2,DESCRIPCION,VARCHAR2,50,,,Y
SYSTEM,GEN_COBERTU,3,VIGENTE,VARCHAR2,1,,,N
SYSTEM,GEN_COBERTU,4,FECHACTU,DATE,7,,,Y
SYSTEM,GEN_COBERTU,5,FECHCREA,DATE,7,,,N
SYSTEM,GEN_COBERTU,6,USUACREA,VARCHAR2,20,,,N
SYSTEM,GEN_COBERTU,7,USUACTUA,VARCHAR2,20,,,Y
SYSTEM,GEN_COBERTU,8,PTEM_OFICINA,VARCHAR2,3,,,N
SYSTEM,GEN_COBERTU,9,PTEM_COMPANIA,VARCHAR2,10,,,N
SYSTEM,GEN_COBERTU,10,PTEM_PUNTEMIS,VARCHAR2,3,,,N
SYSTEM,GEN_COLAIMPR,1,COLA_ID,NUMBER,22,10,0,N
SYSTEM,GEN_COLAIMPR,2,PREDETER,VARCHAR2,1,,,N
SYSTEM,GEN_COLAIMPR,3,DESCRIPC,VARCHAR2,200,,,N
SYSTEM,GEN_COLAIMPR,4,VIGENTE,VARCHAR2,1,,,N
SYSTEM,GEN_COLAIMPR,5,IMPR_ID,NUMBER,22,10,0,N
SYSTEM,GEN_COLAIMPR,6,USUACREA,VARCHAR2,20,,,N
SYSTEM,GEN_COLAIMPR,7,FECHACTU,DATE,7,,,Y
SYSTEM,GEN_COLAIMPR,8,USUACTUA,VARCHAR2,20,,,Y
SYSTEM,GEN_COLAIMPR,9,FECHCREA,DATE,7,,,N
SYSTEM,GEN_COLAIMPR,10,REPO_COMPANIA,VARCHAR2,10,,,N
SYSTEM,GEN_COLAIMPR,11,REPO_PRODUCTO,VARCHAR2,3,,,N
SYSTEM,GEN_COLAIMPR,12,FORMALTE,VARCHAR2,30,,,Y
SYSTEM,GEN_COLAIMPR,13,REPO_NOMBRE,VARCHAR2,60,,,N
SYSTEM,GEN_COLORES,1,CODIGO,VARCHAR2,10,,,N
SYSTEM,GEN_COLORES,2,NOMBRE,VARCHAR2,60,,,N
SYSTEM,GEN_COLORES,3,VIGENTE,VARCHAR2,1,,,N
SYSTEM,GEN_COLORES,4,FECHCREA,DATE,7,,,N
SYSTEM,GEN_COLORES,5,USUACREA,VARCHAR2,20,,,N
SYSTEM,GEN_COLORES,6,OBSERVACION,VARCHAR2,100,,,Y
SYSTEM,GEN_COLORES,7,FECHACTU,DATE,7,,,Y
SYSTEM,GEN_COLORES,8,USUACTUA,VARCHAR2,20,,,Y
SYSTEM,GEN_COLUREPO,1,CREP_ID,NUMBER,22,10,0,N
SYSTEM,GEN_COLUREPO,2,REPO_COMPANIA,VARCHAR2,10,,,N
SYSTEM,GEN_COLUREPO,3,REPO_NOMBRE,VARCHAR2,60,,,N
SYSTEM,GEN_COLUREPO,4,REPO_PRODUCTO,VARCHAR2,3,,,N
SYSTEM,GEN_COLUREPO,5,DESCRIPC,VARCHAR2,300,,,N
SYSTEM,GEN_COLUREPO,6,FECHACTU,DATE,7,,,N
SYSTEM,GEN_COLUREPO,7,NOMBCOLU,VARCHAR2,60,,,N
SYSTEM,GEN_COLUREPO,8,ETIQUETA,VARCHAR2,100,,,N
SYSTEM,GEN_COLUREPO,9,SECUENCI,VARCHAR2,60,,,N
SYSTEM,GEN_COLUREPO,10,TIPOORDE,VARCHAR2,60,,,N
SYSTEM,GEN_COLUREPO,11,USUACTU,VARCHAR2,20,,,N
SYSTEM,GEN_COLUREPO,12,FECHCREA,DATE,7,,,Y
SYSTEM,GEN_COLUREPO,13,SECUCOLU,VARCHAR2,60,,,Y
SYSTEM,GEN_COLUREPO,14,USUACREA,VARCHAR2,20,,,Y
SYSTEM,GEN_CUENTAS,1,CTAP_ID,NUMBER,22,10,0,N
SYSTEM,GEN_CUENTAS,2,CUENTA,VARCHAR2,40,,,N
SYSTEM,GEN_CUENTAS,3,NOMBRE,VARCHAR2,80,,,N
SYSTEM,GEN_CUENTAS,4,TIPO,VARCHAR2,100,,,Y
SYSTEM,GEN_CUENTAS,5,OFCN_OFICINA,VARCHAR2,3,,,N
SYSTEM,GEN_CUENTAS,6,OFCN_COMPANIA,VARCHAR2,10,,,N
SYSTEM,GEN_CUENTAS,7,CORRAHOR,VARCHAR2,1,,,N
SYSTEM,GEN_CUENTAS,8,VIGENTE,VARCHAR2,1,,,N
SYSTEM,GEN_CUENTAS,9,DEFECTO,VARCHAR2,1,,,N
SYSTEM,GEN_CUENTAS,10,BANC_IDBANCO,VARCHAR2,10,,,N
SYSTEM,GEN_CUENTAS,11,PROV_CEDURUC,VARCHAR2,13,,,Y
SYSTEM,GEN_CUENTAS,12,PROV_COMPANIA,VARCHAR2,10,,,Y
SYSTEM,GEN_CUENTAS,13,FECHCREA,DATE,7,,,N
SYSTEM,GEN_CUENTAS,14,USUACREA,VARCHAR2,20,,,N
SYSTEM,GEN_CUENTAS,15,FECHACTU,DATE,7,,,Y
SYSTEM,GEN_CUENTAS,16,USUACTUA,VARCHAR2,20,,,Y
SYSTEM,GEN_CUENTAS,17,BENEFICIARIO,VARCHAR2,300,,,Y
SYSTEM,GEN_CUENTAS,18,CEDURUC,VARCHAR2,20,,,Y
SYSTEM,GEN_DESTREPO,1,TIPO,VARCHAR2,10,,,N
SYSTEM,GEN_DESTREPO,2,PORDEFEC,VARCHAR2,1,,,N
SYSTEM,GEN_DESTREPO,3,DESCRIPC,VARCHAR2,30,,,Y
SYSTEM,GEN_DESTREPO,4,PARAMETR,VARCHAR2,100,,,Y
SYSTEM,GEN_DESTREPO,5,FECHCREA,DATE,7,,,N
SYSTEM,GEN_DESTREPO,6,USUACREA,VARCHAR2,20,,,N
SYSTEM,GEN_DESTREPO,7,FECHACTU,DATE,7,,,Y
SYSTEM,GEN_DESTREPO,8,USUACTUA,VARCHAR2,20,,,Y
SYSTEM,GEN_DESTREPO,9,VISIBLE,VARCHAR2,1,,,Y
SYSTEM,GEN_DIAS,1,NOMBRE,VARCHAR2,50,,,N
SYSTEM,GEN_DIAS,2,DESCRIPCION,VARCHAR2,500,,,Y
SYSTEM,GEN_DIAS,3,VIGENTE,VARCHAR2,1,,,N
SYSTEM,GEN_DIAS,4,USUCREA,VARCHAR2,20,,,N
SYSTEM,GEN_DIAS,5,FECHCREA,DATE,7,,,N
SYSTEM,GEN_DIAS,6,USUACTU,VARCHAR2,20,,,Y
SYSTEM,GEN_DIAS,7,FECHACTU,DATE,7,,,Y
SYSTEM,GEN_DIAS,8,ID,NUMBER,22,,,N
SYSTEM,GEN_DIAS,9,GRUPO,NUMBER,22,,,N
SYSTEM,GEN_DIASEMAN,1,NUMDIA,VARCHAR2,2,,,N
SYSTEM,GEN_DIASEMAN,2,DIA,VARCHAR2,20,,,N
SYSTEM,GEN_DIASEMAN,3,FECHCREA,DATE,7,,,N
SYSTEM,GEN_DIASEMAN,4,USUACREA,VARCHAR2,20,,,N
SYSTEM,GEN_DIASEMAN,5,FECHACTU,DATE,7,,,Y
SYSTEM,GEN_DIASEMAN,6,USUACTUA,VARCHAR2,20,,,Y
SYSTEM,GEN_DIASFEST,1,FECHA,DATE,7,,,N
SYSTEM,GEN_DIASFEST,2,DISPONIBLE,VARCHAR2,1,,,N
SYSTEM,GEN_DIASFEST,3,TIPOFEST,VARCHAR2,2,,,N
SYSTEM,GEN_DIASFEST,4,DESCRIPC,VARCHAR2,100,,,Y
SYSTEM,GEN_DIASFEST,5,USUACREA,VARCHAR2,20,,,N
SYSTEM,GEN_DIASFEST,6,FECHCREA,DATE,7,,,N
SYSTEM,GEN_DIASFEST,7,USUACTUA,VARCHAR2,20,,,Y
SYSTEM,GEN_DIASFEST,8,FECHACTU,DATE,7,,,Y
SYSTEM,GEN_DIASFEST,9,OFCN_COMPANIA,VARCHAR2,10,,,N
SYSTEM,GEN_DIASFEST,10,OFCN_OFICINA,VARCHAR2,3,,,N
SYSTEM,GEN_DOCUINTE,1,DCIN_ID,NUMBER,22,10,0,N
SYSTEM,GEN_DOCUINTE,2,CONCEPTO,VARCHAR2,4000,,,N
SYSTEM,GEN_DOCUINTE,3,TIPOSUJE,VARCHAR2,1,,,Y
SYSTEM,GEN_DOCUINTE,4,FECHA,DATE,7,,,N
SYSTEM,GEN_DOCUINTE,5,VIGENTE,VARCHAR2,1,,,N
SYSTEM,GEN_DOCUINTE,6,DESCRIPC,VARCHAR2,200,,,Y
SYSTEM,GEN_DOCUINTE,7,USUACREA,VARCHAR2,20,,,N
SYSTEM,GEN_DOCUINTE,8,FECHCREA,DATE,7,,,N
SYSTEM,GEN_DOCUINTE,9,USUACTUA,VARCHAR2,20,,,Y
SYSTEM,GEN_DOCUINTE,10,FECHACTU,DATE,7,,,Y
SYSTEM,GEN_DOCUINTE,11,TPCR_CODIGO,VARCHAR2,4,,,N
SYSTEM,GEN_DOMINIOS,1,GDMN_ID,NUMBER,22,10,0,N
SYSTEM,GEN_DOMINIOS,2,CODIGO,VARCHAR2,3,,,N
SYSTEM,GEN_DOMINIOS,3,DESCRIPC,VARCHAR2,400,,,N
SYSTEM,GEN_DOMINIOS,4,NOMBDOMI,VARCHAR2,100,,,N
SYSTEM,GEN_DOMINIOS,5,OBSERVAC,VARCHAR2,400,,,Y
SYSTEM,GEN_DOMINIOS,6,DISPONIBLE,VARCHAR2,1,,,N
SYSTEM,GEN_DOMINIOS,7,VIGENTE,VARCHAR2,1,,,N
SYSTEM,GEN_DOMINIOS,8,PRDT_PRODUCTO,VARCHAR2,3,,,Y
SYSTEM,GEN_DOMINIOS,9,NUMBER1,NUMBER,22,,,Y
SYSTEM,GEN_DOMINIOS,10,NUMBER2,NUMBER,22,,,Y
SYSTEM,GEN_DOMINIOS,11,NUMBER3,NUMBER,22,,,Y
SYSTEM,GEN_DOMINIOS,12,NUMBER4,NUMBER,22,,,Y
SYSTEM,GEN_DOMINIOS,13,NUMBER5,NUMBER,22,,,Y
SYSTEM,GEN_DOMINIOS,14,VCHAR1,VARCHAR2,400,,,Y
SYSTEM,GEN_DOMINIOS,15,VCHAR2,VARCHAR2,400,,,Y
SYSTEM,GEN_DOMINIOS,16,VCHAR3,VARCHAR2,400,,,Y
SYSTEM,GEN_DOMINIOS,17,VCHAR4,VARCHAR2,400,,,Y
SYSTEM,GEN_DOMINIOS,18,VCHAR5,VARCHAR2,400,,,Y
SYSTEM,GEN_DOMINIOS,19,USUACREA,VARCHAR2,20,,,N
SYSTEM,GEN_DOMINIOS,20,FECHCREA,DATE,7,,,N
SYSTEM,GEN_DOMINIOS,21,USUACTUA,VARCHAR2,20,,,Y
SYSTEM,GEN_DOMINIOS,22,FECHACTU,DATE,7,,,Y
SYSTEM,GEN_ESTADOS,1,ESTADO,VARCHAR2,2,,,N
SYSTEM,GEN_ESTADOS,2,DESCRIPC,VARCHAR2,50,,,N
SYSTEM,GEN_ESTADOS,3,DISPONIB,VARCHAR2,1,,,N
SYSTEM,GEN_ESTADOS,4,FECHCREA,DATE,7,,,N
SYSTEM,GEN_ESTADOS,5,USUACREA,VARCHAR2,20,,,N
SYSTEM,GEN_ESTADOS,6,FECHACTU,DATE,7,,,Y
SYSTEM,GEN_ESTADOS,7,USUACTUA,VARCHAR2,20,,,Y
SYSTEM,GEN_ESTADOS,8,PRDT_PRODUCTO,VARCHAR2,3,,,Y
SYSTEM,GEN_ESTADOS,9,NUMBER1,NUMBER,22,,,Y
SYSTEM,GEN_ESTADOS,10,NUMBER2,NUMBER,22,,,Y
SYSTEM,GEN_ESTADOS,11,NUMBER3,NUMBER,22,,,Y
SYSTEM,GEN_ESTADOS,12,NUMBER4,NUMBER,22,,,Y
SYSTEM,GEN_ESTADOS,13,NUMBER5,NUMBER,22,,,Y
SYSTEM,GEN_ESTADOS,14,VCHAR1,VARCHAR2,500,,,Y
SYSTEM,GEN_ESTADOS,15,VCHAR2,VARCHAR2,500,,,Y
SYSTEM,GEN_ESTADOS,16,VCHAR3,VARCHAR2,500,,,Y
SYSTEM,GEN_ESTADOS,17,VCHAR4,VARCHAR2,500,,,Y
SYSTEM,GEN_ESTADOS,18,VCHAR5,VARCHAR2,500,,,Y
SYSTEM,GEN_ESTADOS,19,DESCRIPC1,VARCHAR2,50,,,Y
SYSTEM,GEN_ESTADOS,20,DESCRIPC2,VARCHAR2,50,,,Y
SYSTEM,GEN_ESTADOS,21,DESCRIPC3,VARCHAR2,50,,,Y
SYSTEM,GEN_ESTADOS,22,DESCRIPC4,VARCHAR2,50,,,Y
SYSTEM,GEN_ESTADOS,23,DESCRIPC5,VARCHAR2,50,,,Y
SYSTEM,GEN_ESTAFISI,1,GEST_ID,NUMBER,22,10,0,N
SYSTEM,GEN_ESTAFISI,2,ESTFISAB,VARCHAR2,10,,,N
SYSTEM,GEN_ESTAFISI,3,DESCRIPC,VARCHAR2,100,,,N
SYSTEM,GEN_ESTAFISI,4,USUACREA,VARCHAR2,20,,,N
SYSTEM,GEN_ESTAFISI,5,FECHCREA,DATE,7,,,N
SYSTEM,GEN_ESTAFISI,6,USUACTUA,VARCHAR2,20,,,Y
SYSTEM,GEN_ESTAFISI,7,FECHACTU,DATE,7,,,Y
SYSTEM,GEN_FORMATOS,1,FORMATO,VARCHAR2,20,,,N
SYSTEM,GEN_FORMATOS,2,DESCRIPC,VARCHAR2,50,,,N
SYSTEM,GEN_FORMATOS,3,DEFECTO,VARCHAR2,1,,,N
SYSTEM,GEN_FORMATOS,4,FECHCREA,DATE,7,,,N
SYSTEM,GEN_FORMATOS,5,USUACREA,VARCHAR2,20,,,N
SYSTEM,GEN_FORMATOS,6,FECHACTU,DATE,7,,,Y
SYSTEM,GEN_FORMATOS,7,USUACTUA,VARCHAR2,20,,,Y
SYSTEM,GEN_FORMATOS,8,DELIMITA,VARCHAR2,100,,,Y
SYSTEM,GEN_FORMPAGO,1,FORMPAGO,VARCHAR2,2,,,N
SYSTEM,GEN_FORMPAGO,2,DESCRIPC,VARCHAR2,50,,,N
SYSTEM,GEN_FORMPAGO,3,FECHCREA,DATE,7,,,N
SYSTEM,GEN_FORMPAGO,4,USUACREA,VARCHAR2,20,,,N
SYSTEM,GEN_FORMPAGO,5,FECHACTU,DATE,7,,,Y
SYSTEM,GEN_FORMPAGO,6,USUACTUA,VARCHAR2,20,,,Y
SYSTEM,GEN_FORMPAGO,7,VIGENTE,VARCHAR2,1,,,N
SYSTEM,GEN_FORMPAGO,8,FORMULAR,VARCHAR2,1,,,N
SYSTEM,GEN_FORMPAGO,9,DEFECTO,VARCHAR2,1,,,N
SYSTEM,GEN_FORMPAGO,10,PRODUCTO,VARCHAR2,10,,,Y
SYSTEM,GEN_FORMPAGO,11,FRPG_PRODUCTO,VARCHAR2,10,,,Y
SYSTEM,GEN_HYPERLIN,1,HPLN_ID,NUMBER,22,10,0,N
SYSTEM,GEN_HYPERLIN,2,CMPN_COMPANIA,VARCHAR2,10,,,N
SYSTEM,GEN_HYPERLIN,3,ACTIVO,VARCHAR2,1,,,N
SYSTEM,GEN_HYPERLIN,4,FECHCREA,DATE,7,,,N
SYSTEM,GEN_HYPERLIN,5,USUACREA,VARCHAR2,20,,,N
SYSTEM,GEN_HYPERLIN,6,NCOLOR,VARCHAR2,20,,,N
SYSTEM,GEN_HYPERLIN,7,ACOLOR,VARCHAR2,20,,,N
SYSTEM,GEN_HYPERLIN,8,VCOLOR,VARCHAR2,20,,,N
SYSTEM,GEN_HYPERLIN,9,ETIQUETA,VARCHAR2,100,,,N
SYSTEM,GEN_HYPERLIN,10,URL,VARCHAR2,200,,,N
SYSTEM,GEN_HYPERLIN,11,FECHACTU,DATE,7,,,Y
SYSTEM,GEN_HYPERLIN,12,USUACTUA,VARCHAR2,20,,,Y
SYSTEM,GEN_HYPERLIN,13,APLC_TIPOAPLI,VARCHAR2,10,,,N
SYSTEM,GEN_HYPERLIN,14,APLC_NOMBRE,VARCHAR2,30,,,N
SYSTEM,GEN_MAILERROR,1,MAER_ID,NUMBER,22,10,0,N
SYSTEM,GEN_MAILERROR,2,NUMERO,VARCHAR2,60,,,Y
SYSTEM,GEN_MAILERROR,3,EMAIL,VARCHAR2,300,,,Y
SYSTEM,GEN_MAILERROR,4,IDCLIENTE,NUMBER,22,10,0,Y
SYSTEM,GEN_MAILERROR,5,NOMBRE,VARCHAR2,300,,,Y
SYSTEM,GEN_MAILERROR,6,FENVIO,DATE,7,,,Y
SYSTEM,GEN_MAILERROR,7,ESTADO,VARCHAR2,30,,,Y
SYSTEM,GEN_MAILERROR,8,DESCRIPC,VARCHAR2,2000,,,Y
SYSTEM,GEN_MAILERROR,9,CEDURUC,VARCHAR2,20,,,Y
SYSTEM,GEN_MAILERROR,10,FECHCREA,DATE,7,,,N
SYSTEM,GEN_MAILERROR,11,USUACREA,VARCHAR2,20,,,N
SYSTEM,GEN_MAILERROR,12,FECHACTU,DATE,7,,,Y
SYSTEM,GEN_MAILERROR,13,USUACTUA,VARCHAR2,20,,,Y
SYSTEM,GEN_MARCVEHI,1,CODMR,VARCHAR2,10,,,N
SYSTEM,GEN_MARCVEHI,2,NOMBRE,VARCHAR2,40,,,N
SYSTEM,GEN_MARCVEHI,3,USUACREA,VARCHAR2,20,,,N
SYSTEM,GEN_MARCVEHI,4,FECHCREA,DATE,7,,,N
SYSTEM,GEN_MARCVEHI,5,OBSERVAC,VARCHAR2,100,,,Y
SYSTEM,GEN_MARCVEHI,6,USUACTUA,VARCHAR2,20,,,Y
SYSTEM,GEN_MARCVEHI,7,FECHACTU,VARCHAR2,20,,,Y
SYSTEM,GEN_MARCVEHI,8,CMPN_COMPANIA,VARCHAR2,10,,,Y
SYSTEM,GEN_MEDIDOR,1,CODIGO,VARCHAR2,4,,,N
SYSTEM,GEN_MEDIDOR,2,CONSULTA,VARCHAR2,4000,,,Y
SYSTEM,GEN_MEDIDOR,3,DESCRIP,VARCHAR2,100,,,Y
SYSTEM,GEN_MEDIDOR,4,CMPN_COMPANIA,VARCHAR2,10,,,Y
SYSTEM,GEN_MEDIDOR,5,USUACTUA,VARCHAR2,20,,,Y
SYSTEM,GEN_MEDIDOR,6,FECHCREA,DATE,7,,,N
SYSTEM,GEN_MEDIDOR,7,USUACREA,VARCHAR2,20,,,N
SYSTEM,GEN_MEDIDOR,8,FECHACTU,DATE,7,,,Y
SYSTEM,GEN_MEDIDOR,9,MDRS_CODIGO,VARCHAR2,4,,,Y
SYSTEM,GEN_MEDIDOR,10,PRDT_PRODUCTO,VARCHAR2,3,,,Y
SYSTEM,GEN_MODEVEHI,1,MRVH_CODMR,VARCHAR2,10,,,N
SYSTEM,GEN_MODEVEHI,2,CODMD,VARCHAR2,10,,,N
SYSTEM,GEN_MODEVEHI,3,NOMBRE,VARCHAR2,60,,,N
SYSTEM,GEN_MODEVEHI,4,USUACREA,VARCHAR2,20,,,N
SYSTEM,GEN_MODEVEHI,5,FECHCREA,DATE,7,,,N
SYSTEM,GEN_MODEVEHI,6,OBSERVAC,VARCHAR2,100,,,Y
SYSTEM,GEN_MODEVEHI,7,USUACTUA,VARCHAR2,20,,,Y
SYSTEM,GEN_MODEVEHI,8,FECHACTU,DATE,7,,,Y
SYSTEM,GEN_MONEDA,1,MONEDA,VARCHAR2,5,,,N
SYSTEM,GEN_MONEDA,2,NOMBRE,VARCHAR2,60,,,N
SYSTEM,GEN_MONEDA,3,SIMBOLO,VARCHAR2,4,,,N
SYSTEM,GEN_MONEDA,4,FACTREDO,NUMBER,22,4,0,N
SYSTEM,GEN_MONEDA,5,MASCFORM,VARCHAR2,20,,,N
SYSTEM,GEN_MONEDA,6,MONEBASE,VARCHAR2,1,,,N
SYSTEM,GEN_MONEDA,7,ACTIVA,VARCHAR2,1,,,N
SYSTEM,GEN_MONEDA,8,FECHCREA,DATE,7,,,N
SYSTEM,GEN_MONEDA,9,USUACREA,VARCHAR2,20,,,N
SYSTEM,GEN_MONEDA,10,FECHACTU,DATE,7,,,Y
SYSTEM,GEN_MONEDA,11,USUACTUA,VARCHAR2,20,,,Y
SYSTEM,GEN_MOTIENSA,1,ID,NUMBER,22,10,0,N
SYSTEM,GEN_MOTIENSA,2,MOTIVO,VARCHAR2,500,,,N
SYSTEM,GEN_MOTIENSA,3,SECONTAB,VARCHAR2,1,,,N
SYSTEM,GEN_MOTIENSA,4,ENTRSALE,VARCHAR2,10,,,N
SYSTEM,GEN_MOTIENSA,5,USUACREA,VARCHAR2,20,,,N
SYSTEM,GEN_MOTIENSA,6,FECHCREA,DATE,7,,,N
SYSTEM,GEN_MOTIENSA,7,GMES_ID,NUMBER,22,10,0,Y
SYSTEM,GEN_MOTIENSA,8,USUACTUA,VARCHAR2,20,,,Y
SYSTEM,GEN_MOTIENSA,9,FECHACTU,DATE,7,,,Y
SYSTEM,GEN_MOTIVOGR,1,CODIGO,VARCHAR2,2,,,N
SYSTEM,GEN_MOTIVOGR,2,DESCRIPC,VARCHAR2,100,,,N
SYSTEM,GEN_MOTIVOGR,3,VIGENTE,VARCHAR2,1,,,N
SYSTEM,GEN_MOTIVOGR,4,USUACREA,VARCHAR2,20,,,N
SYSTEM,GEN_MOTIVOGR,5,FECHCREA,DATE,7,,,N
SYSTEM,GEN_MOTIVOGR,6,USUACTUA,VARCHAR2,20,,,Y
SYSTEM,GEN_MOTIVOGR,7,FECHACTU,DATE,7,,,Y
SYSTEM,GEN_PAIS,1,CODIPAIS,VARCHAR2,2,,,N
SYSTEM,GEN_PAIS,2,DESCRIPC,VARCHAR2,60,,,N
SYSTEM,GEN_PAIS,3,CODIAREA,VARCHAR2,10,,,Y
SYSTEM,GEN_PAIS,4,FECHCREA,DATE,7,,,N
SYSTEM,GEN_PAIS,5,USUACREA,VARCHAR2,20,,,N
SYSTEM,GEN_PAIS,6,FECHACTU,DATE,7,,,Y
SYSTEM,GEN_PAIS,7,USUACTUA,VARCHAR2,20,,,Y
SYSTEM,GEN_PAIS,8,CODIGSRI,VARCHAR2,10,,,Y
SYSTEM,GEN_PARACALI,1,DESCRIP,VARCHAR2,100,,,Y
SYSTEM,GEN_PARACALI,2,FECHCREA,DATE,7,,,N
SYSTEM,GEN_PARACALI,3,USUACREA,VARCHAR2,20,,,N
SYSTEM,GEN_PARACALI,4,FECHACTU,DATE,7,,,Y
SYSTEM,GEN_PARACALI,5,USUACTUA,VARCHAR2,20,,,Y
SYSTEM,GEN_PARACALI,6,TPCF_CODICALI,VARCHAR2,1,,,N
SYSTEM,GEN_PARACALI,7,TPCF_COMPANIA,VARCHAR2,10,,,N
SYSTEM,GEN_PARAMETRO,1,OFCN_COMPANIA,VARCHAR2,10,,,N
SYSTEM,GEN_PARAMETRO,2,VALORC,VARCHAR2,100,,,Y
SYSTEM,GEN_PARAMETRO,3,OFCN_OFICINA,VARCHAR2,3,,,N
SYSTEM,GEN_PARAMETRO,4,PRDT_PRODUCTO,VARCHAR2,3,,,N
SYSTEM,GEN_PARAMETRO,5,TIPOPARA,VARCHAR2,30,,,N
SYSTEM,GEN_PARAMETRO,6,DESCRIPC,VARCHAR2,300,,,Y
SYSTEM,GEN_PARAMETRO,7,VALOR,NUMBER,22,14,4,Y
SYSTEM,GEN_PARAMETRO,8,VALORFECHA,DATE,7,,,Y
SYSTEM,GEN_PARAMETRO,9,DISPONIB,CHAR,1,,,N
SYSTEM,GEN_PARAMETRO,10,TIPODATO,VARCHAR2,3,,,N
SYSTEM,GEN_PARAMETRO,11,FECHCREA,DATE,7,,,N
SYSTEM,GEN_PARAMETRO,12,USUACREA,VARCHAR2,20,,,N
SYSTEM,GEN_PARAMETRO,13,FECHACTU,DATE,7,,,Y
SYSTEM,GEN_PARAMETRO,14,USUACTUA,VARCHAR2,20,,,Y
SYSTEM,GEN_PARAREPO,1,PRMT_ID,NUMBER,22,10,0,N
SYSTEM,GEN_PARAREPO,2,REPO_COMPANIA,VARCHAR2,10,,,N
SYSTEM,GEN_PARAREPO,3,REPO_NOMBRE,VARCHAR2,60,,,N
SYSTEM,GEN_PARAREPO,4,REPO_PRODUCTO,VARCHAR2,3,,,N
SYSTEM,GEN_PARAREPO,5,DESCRIPC,VARCHAR2,300,,,N
SYSTEM,GEN_PARAREPO,6,FECHACTU,DATE,7,,,N
SYSTEM,GEN_PARAREPO,7,NUMEPARA,VARCHAR2,60,,,N
SYSTEM,GEN_PARAREPO,8,PARAMETR,VARCHAR2,60,,,N
SYSTEM,GEN_PARAREPO,9,ETIQUETA,VARCHAR2,100,,,N
SYSTEM,GEN_PARAREPO,10,TIPODATO,VARCHAR2,100,,,N
SYSTEM,GEN_PARAREPO,11,USUACTU,VARCHAR2,20,,,N
SYSTEM,GEN_PARAREPO,12,VALOR,VARCHAR2,100,,,N
SYSTEM,GEN_PARAREPO,13,FECHCREA,DATE,7,,,Y
SYSTEM,GEN_PARAREPO,14,USUACREA,VARCHAR2,20,,,Y
SYSTEM,GEN_PARROQS,1,CANT_CODICANT,VARCHAR2,3,,,N
SYSTEM,GEN_PARROQS,2,CANT_CODIPROV,VARCHAR2,3,,,N
SYSTEM,GEN_PARROQS,3,CODIPARR,VARCHAR2,3,,,N
SYSTEM,GEN_PARROQS,4,DESCRIPC,VARCHAR2,100,,,N
SYSTEM,GEN_PARROQS,5,FECHCREA,DATE,7,,,N
SYSTEM,GEN_PARROQS,6,USUACREA,VARCHAR2,20,,,Y
SYSTEM,GEN_PARROQS,7,FECHACTU,DATE,7,,,Y
SYSTEM,GEN_PARROQS,8,USUACTUA,VARCHAR2,20,,,Y
SYSTEM,GEN_PARROQS,9,NUMBER1,NUMBER,22,,,Y
SYSTEM,GEN_PARROQS,10,NUMBER2,NUMBER,22,,,Y
SYSTEM,GEN_PARROQS,11,NUMBER3,NUMBER,22,,,Y
SYSTEM,GEN_PARROQS,12,NUMBER4,NUMBER,22,,,Y
SYSTEM,GEN_PARROQS,13,NUMBER5,NUMBER,22,,,Y
SYSTEM,GEN_PARROQS,14,VCHAR1,VARCHAR2,500,,,Y
SYSTEM,GEN_PARROQS,15,VCHAR2,VARCHAR2,500,,,Y
SYSTEM,GEN_PARROQS,16,VCHAR3,VARCHAR2,500,,,Y
SYSTEM,GEN_PARROQS,17,VCHAR4,VARCHAR2,500,,,Y
SYSTEM,GEN_PARROQS,18,VCHAR5,VARCHAR2,500,,,Y
SYSTEM,GEN_PARROQS,19,COSTFLET,NUMBER,22,18,6,N
SYSTEM,GEN_PARROQS,20,GTPT_CODIGO,VARCHAR2,5,,,Y
SYSTEM,GEN_PERIPAGO,1,CODIPERI,VARCHAR2,2,,,N
SYSTEM,GEN_PERIPAGO,2,DISPONIBLE,VARCHAR2,1,,,N
SYSTEM,GEN_PERIPAGO,3,ALCANCE,NUMBER,22,5,0,Y
SYSTEM,GEN_PERIPAGO,4,DIASCALC,NUMBER,22,5,0,Y
SYSTEM,GEN_PERIPAGO,5,DESCRIPC,VARCHAR2,30,,,Y
SYSTEM,GEN_PERIPAGO,6,FECHCREA,DATE,7,,,N
SYSTEM,GEN_PERIPAGO,7,USUACREA,VARCHAR2,20,,,N
SYSTEM,GEN_PERIPAGO,8,FECHACTU,DATE,7,,,Y
SYSTEM,GEN_PERIPAGO,9,USUACTUA,VARCHAR2,20,,,Y
SYSTEM,GEN_PERIPAGO,10,FRPG_FORMPAGO,VARCHAR2,2,,,Y
SYSTEM,GEN_PERIPAGO,11,PORCECOMI,NUMBER,22,7,4,Y
SYSTEM,GEN_PERIPAGO,12,VALOCOMI,NUMBER,22,7,4,Y
SYSTEM,GEN_PERIPAGO,13,NUMBER1,NUMBER,22,,,Y
SYSTEM,GEN_PERIPAGO,14,NUMBER2,NUMBER,22,,,Y
SYSTEM,GEN_PERIPAGO,15,NUMBER3,NUMBER,22,,,Y
SYSTEM,GEN_PERIPAGO,16,NUMBER4,NUMBER,22,,,Y
SYSTEM,GEN_PERIPAGO,17,NUMBER5,NUMBER,22,,,Y
SYSTEM,GEN_PERIPAGO,18,VCHAR1,VARCHAR2,500,,,Y
SYSTEM,GEN_PERIPAGO,19,VCHAR2,VARCHAR2,500,,,Y
SYSTEM,GEN_PERIPAGO,20,VCHAR3,VARCHAR2,500,,,Y
SYSTEM,GEN_PERIPAGO,21,VCHAR4,VARCHAR2,500,,,Y
SYSTEM,GEN_PERIPAGO,22,VCHAR5,VARCHAR2,500,,,Y
SYSTEM,GEN_PERSCONT,1,PCN1_ID,NUMBER,22,10,0,N
SYSTEM,GEN_PERSCONT,2,NOMBRE,VARCHAR2,4000,,,N
SYSTEM,GEN_PERSCONT,3,CEDURUC,VARCHAR2,13,,,N
SYSTEM,GEN_PERSCONT,4,NOMBCOME,VARCHAR2,4000,,,Y
SYSTEM,GEN_PERSCONT,5,TELEFONO,VARCHAR2,4000,,,Y
SYSTEM,GEN_PERSCONT,6,ESTADOCN,VARCHAR2,4000,,,Y
SYSTEM,GEN_PERSCONT,7,CLASCONT,VARCHAR2,4000,,,Y
SYSTEM,GEN_PERSCONT,8,FEFINACT,DATE,7,,,Y
SYSTEM,GEN_PERSCONT,9,FEINIACT,DATE,7,,,Y
SYSTEM,GEN_PERSCONT,10,OBLIGADO,VARCHAR2,100,,,Y
SYSTEM,GEN_PERSCONT,11,TIPOCONT,VARCHAR2,4000,,,Y
SYSTEM,GEN_PERSCONT,12,NUMEESTA,NUMBER,22,10,0,Y
SYSTEM,GEN_PERSCONT,13,CALLE,VARCHAR2,4000,,,Y
SYSTEM,GEN_PERSCONT,14,NUMECALL,VARCHAR2,4000,,,Y
SYSTEM,GEN_PERSCONT,15,INTERSECCION,VARCHAR2,4000,,,Y
SYSTEM,GEN_PERSCONT,16,PROVINCIA,VARCHAR2,4000,,,Y
SYSTEM,GEN_PERSCONT,17,ESTADOES,VARCHAR2,4000,,,Y
SYSTEM,GEN_PERSCONT,18,CANTON,VARCHAR2,4000,,,Y
SYSTEM,GEN_PERSCONT,19,PARROQUIA,VARCHAR2,4000,,,Y
SYSTEM,GEN_PERSCONT,20,ACTIECO,VARCHAR2,4000,,,Y
SYSTEM,GEN_PERSCONT,21,USUACREA,VARCHAR2,20,,,N
SYSTEM,GEN_PERSCONT,22,FECHCREA,DATE,7,,,N
SYSTEM,GEN_PERSCONT,23,USUACTUA,VARCHAR2,20,,,Y
SYSTEM,GEN_PERSCONT,24,FECHACTU,DATE,7,,,Y
SYSTEM,GEN_PNTOEMIS,1,OFCN_COMPANIA,VARCHAR2,10,,,N
SYSTEM,GEN_PNTOEMIS,2,OFCN_OFICINA,VARCHAR2,3,,,N
SYSTEM,GEN_PNTOEMIS,3,PUNTEMIS,VARCHAR2,3,,,N
SYSTEM,GEN_PNTOEMIS,4,DESCRIPC,VARCHAR2,50,,,Y
SYSTEM,GEN_PNTOEMIS,5,VIGETE,VARCHAR2,1,,,N
SYSTEM,GEN_PNTOEMIS,6,FECHCREA,DATE,7,,,N
SYSTEM,GEN_PNTOEMIS,7,USUACREA,VARCHAR2,20,,,N
SYSTEM,GEN_PNTOEMIS,8,FECHACTU,DATE,7,,,Y
SYSTEM,GEN_PNTOEMIS,9,USUACTUA,VARCHAR2,20,,,Y
SYSTEM,GEN_POLIZA,1,TPPL_TIPOPOLI,VARCHAR2,20,,,N
SYSTEM,GEN_POLIZA,2,NUMERO,VARCHAR2,20,,,N
SYSTEM,GEN_POLIZA,3,FECHEMIS,DATE,7,,,N
SYSTEM,GEN_POLIZA,4,FECHVENC,DATE,7,,,N
SYSTEM,GEN_POLIZA,5,VALOPOLI,NUMBER,22,15,2,N
SYSTEM,GEN_POLIZA,6,BROKER,VARCHAR2,80,,,Y
SYSTEM,GEN_POLIZA,7,DESCRIPC,VARCHAR2,500,,,Y
SYSTEM,GEN_POLIZA,8,PLZA_ID,NUMBER,22,10,0,N
SYSTEM,GEN_POLIZA,9,FECHCREA,DATE,7,,,N
SYSTEM,GEN_POLIZA,10,USUACREA,VARCHAR2,20,,,N
SYSTEM,GEN_POLIZA,11,FECHACTU,DATE,7,,,Y
SYSTEM,GEN_POLIZA,12,USUACTUA,VARCHAR2,20,,,Y
SYSTEM,GEN_POLIZA,13,CMPR_NUMERO,NUMBER,22,10,0,Y
SYSTEM,GEN_POLIZA,14,CMPR_PROV_COMPANIA,VARCHAR2,10,,,Y
SYSTEM,GEN_POLIZA,15,CMPR_SERIE,VARCHAR2,6,,,Y
SYSTEM,GEN_POLIZA,16,CMPR_PROV_CEDURUC,VARCHAR2,13,,,Y
SYSTEM,GEN_POLIZA,17,CMPR_ALCANCE,NUMBER,22,1,0,Y
SYSTEM,GEN_POLIZA,18,ASGR_ID,NUMBER,22,10,0,N
SYSTEM,GEN_POLIZA,19,EGEN_ESTADO,VARCHAR2,2,,,N
SYSTEM,GEN_POLIZA,20,MONE_MONEDA,VARCHAR2,5,,,N
SYSTEM,GEN_PORCCENT,1,PCEN_ID,NUMBER,22,10,0,N
SYSTEM,GEN_PORCCENT,2,PORCENTA,NUMBER,22,10,6,N
SYSTEM,GEN_PORCCENT,3,FECHA,DATE,7,,,N
SYSTEM,GEN_PORCCENT,4,VIGENTE,VARCHAR2,1,,,N
SYSTEM,GEN_PORCCENT,5,USUACREA,VARCHAR2,20,,,N
SYSTEM,GEN_PORCCENT,6,FECHCREA,DATE,7,,,N
SYSTEM,GEN_PORCCENT,7,USUACTUA,VARCHAR2,20,,,Y
SYSTEM,GEN_PORCCENT,8,FECHACTU,DATE,7,,,Y
SYSTEM,GEN_PORCCENT,9,CCST_OFICINA,VARCHAR2,3,,,N
SYSTEM,GEN_PORCCENT,10,CCST_COMPANIA,VARCHAR2,10,,,N
SYSTEM,GEN_PORCCENT,11,CCST_CODIGO,VARCHAR2,10,,,N
SYSTEM,GEN_PORCCENT,12,OBS,VARCHAR2,300,,,Y
SYSTEM,GEN_PROCESOS,1,USUA_IDUSUAR,VARCHAR2,20,,,N
SYSTEM,GEN_PROCESOS,2,FECHA,DATE,7,,,N
SYSTEM,GEN_PROCESOS,3,REFER,VARCHAR2,30,,,Y
SYSTEM,GEN_PROCESOS,4,VALOFOND,NUMBER,22,16,2,Y
SYSTEM,GEN_PROCESOS,5,VALOEFEC,NUMBER,22,16,2,Y
SYSTEM,GEN_PROCESOS,6,OBS,VARCHAR2,600,,,Y
SYSTEM,GEN_PROCESOS,7,CTAS_COMPANIA,VARCHAR2,10,,,Y
SYSTEM,GEN_PROCESOS,8,CTAS_CATALOGO,VARCHAR2,2,,,Y
SYSTEM,GEN_PROCESOS,9,CTAS_CODIGO,VARCHAR2,30,,,Y
SYSTEM,GEN_PROCESOS,10,TPRO_COMPANIA,VARCHAR2,10,,,N
SYSTEM,GEN_PROCESOS,11,TPRO_OFICINA,VARCHAR2,3,,,N
SYSTEM,GEN_PROCESOS,12,TPRO_CODIDEPA,VARCHAR2,3,,,N
SYSTEM,GEN_PROCESOS,13,TPRO_PROCESO,NUMBER,22,10,0,N
SYSTEM,GEN_PROCESOS,14,FECHCREA,DATE,7,,,N
SYSTEM,GEN_PROCESOS,15,USUACREA,VARCHAR2,20,,,N
SYSTEM,GEN_PROCESOS,16,FECHACTU,DATE,7,,,Y
SYSTEM,GEN_PROCESOS,17,USUACTUA,VARCHAR2,20,,,Y
SYSTEM,GEN_PROCESOS,18,NUMBER1,NUMBER,22,,,Y
SYSTEM,GEN_PROCESOS,19,NUMBER2,NUMBER,22,,,Y
SYSTEM,GEN_PROCESOS,20,NUMBER3,NUMBER,22,,,Y
SYSTEM,GEN_PROCESOS,21,NUMBER4,NUMBER,22,,,Y
SYSTEM,GEN_PROCESOS,22,NUMBER5,NUMBER,22,,,Y
SYSTEM,GEN_PROCESOS,23,VCHAR1,VARCHAR2,500,,,Y
SYSTEM,GEN_PROCESOS,24,VCHAR2,VARCHAR2,500,,,Y
SYSTEM,GEN_PROCESOS,25,VCHAR3,VARCHAR2,500,,,Y
SYSTEM,GEN_PROCESOS,26,VCHAR4,VARCHAR2,500,,,Y
SYSTEM,GEN_PROCESOS,27,VCHAR5,VARCHAR2,500,,,Y
SYSTEM,GEN_PROCESOS,28,FECHA1,DATE,7,,,Y
SYSTEM,GEN_PROCESOS,29,FECHA2,DATE,7,,,Y
SYSTEM,GEN_PROCESOS,30,FECHA3,DATE,7,,,Y
SYSTEM,GEN_PROCESOS,31,FECHA4,DATE,7,,,Y
SYSTEM,GEN_PROCESOS,32,FECHA5,DATE,7,,,Y
SYSTEM,GEN_PRODUCTOS,1,PRODUCTO,VARCHAR2,3,,,N
SYSTEM,GEN_PRODUCTOS,2,NOMBLARG,VARCHAR2,50,,,N
SYSTEM,GEN_PRODUCTOS,3,NOMBCORT,VARCHAR2,30,,,N
SYSTEM,GEN_PRODUCTOS,4,DISPONIB,VARCHAR2,1,,,Y
SYSTEM,GEN_PRODUCTOS,5,MENSAJE,VARCHAR2,120,,,Y
SYSTEM,GEN_PRODUCTOS,6,FECHCREA,DATE,7,,,N
SYSTEM,GEN_PRODUCTOS,7,USUACREA,VARCHAR2,20,,,N
SYSTEM,GEN_PRODUCTOS,8,FECHACTU,DATE,7,,,Y
SYSTEM,GEN_PRODUCTOS,9,USUACTUA,VARCHAR2,20,,,Y
SYSTEM,GEN_PROVESRI,1,PSRI_ID,NUMBER,22,10,0,N
SYSTEM,GEN_PROVESRI,2,PROV_CEDURUC,VARCHAR2,13,,,Y
SYSTEM,GEN_PROVESRI,3,PROV_COMPANIA,VARCHAR2,10,,,Y
SYSTEM,GEN_PROVESRI,4,VIGENTE,VARCHAR2,1,,,N
SYSTEM,GEN_PROVESRI,5,SERIE,VARCHAR2,6,,,N
SYSTEM,GEN_PROVESRI,6,FECHVALI,DATE,7,,,N
SYSTEM,GEN_PROVESRI,7,NUMEAUTO,VARCHAR2,15,,,N
SYSTEM,GEN_PROVESRI,8,NUMEFINA,NUMBER,22,10,0,N
SYSTEM,GEN_PROVESRI,9,NUMEINIC,NUMBER,22,10,0,N
SYSTEM,GEN_PROVESRI,10,USUACREA,VARCHAR2,20,,,N
SYSTEM,GEN_PROVESRI,11,FECHCREA,DATE,7,,,N
SYSTEM,GEN_PROVESRI,12,USUACTUA,VARCHAR2,20,,,Y
SYSTEM,GEN_PROVESRI,13,FECHACTU,DATE,7,,,Y
SYSTEM,GEN_PROVESRI,14,FECHDESD,DATE,7,,,Y
SYSTEM,GEN_PROVESRI,15,CLTE_COMPANIA,VARCHAR2,10,,,Y
SYSTEM,GEN_PROVESRI,16,CLTE_IDCLIENTE,NUMBER,22,10,0,Y
SYSTEM,GEN_PROVINCIA,1,CODIPROV,VARCHAR2,3,,,N
SYSTEM,GEN_PROVINCIA,2,REGN_REGION,VARCHAR2,10,,,N
SYSTEM,GEN_PROVINCIA,3,DESCRIPC,VARCHAR2,60,,,N
SYSTEM,GEN_PROVINCIA,4,TELEPROV,VARCHAR2,3,,,Y
SYSTEM,GEN_PROVINCIA,5,FECHCREA,DATE,7,,,N
SYSTEM,GEN_PROVINCIA,6,USUACREA,VARCHAR2,20,,,N
SYSTEM,GEN_PROVINCIA,7,FECHACTU,DATE,7,,,Y
SYSTEM,GEN_PROVINCIA,8,USUACTUA,VARCHAR2,20,,,Y
SYSTEM,GEN_REGIONES,1,REGION,VARCHAR2,10,,,N
SYSTEM,GEN_REGIONES,2,DESCRIPC,VARCHAR2,100,,,N
SYSTEM,GEN_REGIONES,3,FECHCREA,DATE,7,,,N
SYSTEM,GEN_REGIONES,4,USUACREA,VARCHAR2,20,,,N
SYSTEM,GEN_REGIONES,5,FECHACTU,DATE,7,,,Y
SYSTEM,GEN_REGIONES,6,USUACTUA,VARCHAR2,20,,,Y
SYSTEM,GEN_REGIONES,7,CODIREGI,VARCHAR2,3,,,Y
SYSTEM,GEN_REGIRETE,1,TPCN_AGENTE,VARCHAR2,5,,,N
SYSTEM,GEN_REGIRETE,2,TPCN_PROVEEDO,VARCHAR2,5,,,N
SYSTEM,GEN_REGIRETE,3,TPCM_TIPOCOMP,VARCHAR2,2,,,N
SYSTEM,GEN_REGIRETE,4,TRET_TIPORETE,VARCHAR2,10,,,N
SYSTEM,GEN_REGIRETE,5,PORCENTA,NUMBER,22,7,4,N
SYSTEM,GEN_REGIRETE,6,FECHCREA,DATE,7,,,N
SYSTEM,GEN_REGIRETE,7,USUACREA,VARCHAR2,20,,,N
SYSTEM,GEN_REGIRETE,8,FECHACTU,DATE,7,,,Y
SYSTEM,GEN_REGIRETE,9,USUACTUA,VARCHAR2,20,,,Y
SYSTEM,GEN_REPORTES,1,NOMBRE,VARCHAR2,60,,,N
SYSTEM,GEN_REPORTES,2,PANTALLA,VARCHAR2,60,,,Y
SYSTEM,GEN_REPORTES,3,FECHCREA,DATE,7,,,N
SYSTEM,GEN_REPORTES,4,USUACREA,VARCHAR2,20,,,N
SYSTEM,GEN_REPORTES,5,FECHACTU,DATE,7,,,Y
SYSTEM,GEN_REPORTES,6,USUACTUA,VARCHAR2,20,,,Y
SYSTEM,GEN_REPORTES,7,PRDT_PRODUCTO,VARCHAR2,3,,,N
SYSTEM,GEN_REPORTES,8,CMPN_COMPANIA,VARCHAR2,10,,,N
SYSTEM,GEN_REPORTES,9,DESCRIPC,VARCHAR2,300,,,N
SYSTEM,GEN_REPORTES,10,PREDEFIN,VARCHAR2,1,,,N
SYSTEM,GEN_REPORTES,11,TPDC_TIPODOCU,VARCHAR2,2,,,Y
SYSTEM,GEN_REPORTES,12,FRMT_FORMATO,VARCHAR2,15,,,N
SYSTEM,GEN_REPORTES,13,PROMPT,VARCHAR2,60,,,Y
SYSTEM,GEN_REPORTES,14,VIGENTE,VARCHAR2,1,,,Y
SYSTEM,GEN_REPORTES,15,FORMALTE,VARCHAR2,30,,,Y
SYSTEM,GEN_REPORTES,16,PAGINA,VARCHAR2,200,,,Y
SYSTEM,GEN_REPORTES,17,ORDEN,NUMBER,22,,,Y
SYSTEM,GEN_REPORTES,18,CODIREPO,VARCHAR2,100,,,Y
SYSTEM,GEN_REPORTES,19,FECHA,DATE,7,,,Y
SYSTEM,GEN_REPORTES,20,VERSION,VARCHAR2,100,,,Y
SYSTEM,GEN_REPORTES,21,NUMBER1,NUMBER,22,,,Y
SYSTEM,GEN_REPORTES,22,NUMBER2,NUMBER,22,,,Y
SYSTEM,GEN_REPORTES,23,NUMBER3,NUMBER,22,,,Y
SYSTEM,GEN_REPORTES,24,NUMBER4,NUMBER,22,,,Y
SYSTEM,GEN_REPORTES,25,NUMBER5,NUMBER,22,,,Y
SYSTEM,GEN_REPORTES,26,VCHAR1,VARCHAR2,500,,,Y
SYSTEM,GEN_REPORTES,27,VCHAR2,VARCHAR2,500,,,Y
SYSTEM,GEN_REPORTES,28,VCHAR3,VARCHAR2,500,,,Y
SYSTEM,GEN_REPORTES,29,VCHAR4,VARCHAR2,500,,,Y
SYSTEM,GEN_REPORTES,30,VCHAR5,VARCHAR2,500,,,Y
SYSTEM,GEN_REPORTES,31,DATE1,DATE,7,,,Y
SYSTEM,GEN_REPORTES,32,DATE2,DATE,7,,,Y
SYSTEM,GEN_REPORTES,33,DATE3,DATE,7,,,Y
SYSTEM,GEN_REPORTES,34,DATE4,DATE,7,,,Y
SYSTEM,GEN_REPORTES,35,DATE5,DATE,7,,,Y
SYSTEM,GEN_REPORTES,36,APLC_TIPOAPLI,VARCHAR2,10,,,Y
SYSTEM,GEN_REPORTES,37,APLC_NOMBRE,VARCHAR2,30,,,Y
SYSTEM,GEN_SECTOR,1,CODIGO,VARCHAR2,4,,,N
SYSTEM,GEN_SECTOR,2,NOMBRE,VARCHAR2,40,,,N
SYSTEM,GEN_SECTOR,3,SECT_CODIGO,VARCHAR2,4,,,Y
SYSTEM,GEN_SECTOR,4,FECHCREA,DATE,7,,,N
SYSTEM,GEN_SECTOR,5,USUACREA,VARCHAR2,20,,,N
SYSTEM,GEN_SECTOR,6,FECHACTU,DATE,7,,,Y
SYSTEM,GEN_SECTOR,7,USUACTUA,VARCHAR2,20,,,Y
SYSTEM,GEN_SECVARIOS,1,PTEM_COMPANIA,VARCHAR2,10,,,N
SYSTEM,GEN_SECVARIOS,2,PTEM_OFICINA,VARCHAR2,3,,,N
SYSTEM,GEN_SECVARIOS,3,PTEM_PUNTEMIS,VARCHAR2,3,,,N
SYSTEM,GEN_SECVARIOS,4,TPDC_TIPODOCU,VARCHAR2,2,,,N
SYSTEM,GEN_SECVARIOS,5,OFCN_COMPANIA,VARCHAR2,10,,,N
SYSTEM,GEN_SECVARIOS,6,OFCN_OFICINA,VARCHAR2,3,,,N
SYSTEM,GEN_SECVARIOS,7,PRDT_PRODUCTO,VARCHAR2,3,,,N
SYSTEM,GEN_SECVARIOS,8,NUMERO,NUMBER,22,10,0,N
SYSTEM,GEN_SECVARIOS,9,DESCRIPC,VARCHAR2,30,,,Y
SYSTEM,GEN_SECVARIOS,10,PROCESO,VARCHAR2,30,,,Y
SYSTEM,GEN_SECVARIOS,11,DISPONIBLE,VARCHAR2,1,,,N
SYSTEM,GEN_SECVARIOS,12,FECHCREA,DATE,7,,,N
SYSTEM,GEN_SECVARIOS,13,USUACREA,VARCHAR2,20,,,N
SYSTEM,GEN_SECVARIOS,14,FECHACTU,DATE,7,,,Y
SYSTEM,GEN_SECVARIOS,15,USUACTUA,VARCHAR2,20,,,Y
SYSTEM,GEN_SERVFLET,1,OFCN_COMPANIA,VARCHAR2,10,,,N
SYSTEM,GEN_SERVFLET,2,OFCN_OFICINA,VARCHAR2,3,,,N
SYSTEM,GEN_SERVFLET,3,CODIFLET,VARCHAR2,4,,,N
SYSTEM,GEN_SERVFLET,4,TPTN_TIPOTRAN,VARCHAR2,2,,,N
SYSTEM,GEN_SERVFLET,5,FECHINGR,DATE,7,,,N
SYSTEM,GEN_SERVFLET,6,VIGENTE,VARCHAR2,1,,,N
SYSTEM,GEN_SERVFLET,7,NOMBRE,VARCHAR2,80,,,N
SYSTEM,GEN_SERVFLET,8,DIRECCION,VARCHAR2,500,,,N
SYSTEM,GEN_SERVFLET,9,OBSERVAC,VARCHAR2,100,,,Y
SYSTEM,GEN_SERVFLET,10,TELEFONO,VARCHAR2,40,,,Y
SYSTEM,GEN_SERVFLET,11,PROV_CEDURUC,VARCHAR2,13,,,Y
SYSTEM,GEN_SERVFLET,12,PROV_COMPANIA,VARCHAR2,10,,,Y
SYSTEM,GEN_SERVFLET,13,FECHCREA,DATE,7,,,N
SYSTEM,GEN_SERVFLET,14,USUACREA,VARCHAR2,20,,,N
SYSTEM,GEN_SERVFLET,15,FECHACTU,DATE,7,,,Y
SYSTEM,GEN_SERVFLET,16,USUACTUA,VARCHAR2,20,,,Y
SYSTEM,GEN_SERVFLET,17,CDT_CDT_ID,NUMBER,22,10,0,Y
SYSTEM,GEN_TELEFONO,1,RHHS_CEDURUC,VARCHAR2,13,,,Y
SYSTEM,GEN_TELEFONO,2,TLFO_ID,NUMBER,22,10,0,N
SYSTEM,GEN_TELEFONO,3,TPFN_TIPOTELE,VARCHAR2,1,,,N
SYSTEM,GEN_TELEFONO,4,PRINCIPAL,VARCHAR2,1,,,N
SYSTEM,GEN_TELEFONO,5,NUMEFONO,VARCHAR2,100,,,N
SYSTEM,GEN_TELEFONO,6,CLTE_COMPANIA,VARCHAR2,10,,,Y
SYSTEM,GEN_TELEFONO,7,CLTE_IDCLIENTE,NUMBER,22,10,0,Y
SYSTEM,GEN_TELEFONO,8,PAIS_CODIPAIS,VARCHAR2,2,,,Y
SYSTEM,GEN_TELEFONO,9,PROV_COMPANIA,VARCHAR2,10,,,Y
SYSTEM,GEN_TELEFONO,10,PROV_CEDURUC,VARCHAR2,13,,,Y
SYSTEM,GEN_TELEFONO,11,PVCA_CODIPROV,VARCHAR2,3,,,Y
SYSTEM,GEN_TELEFONO,12,DETALLE,VARCHAR2,40,,,Y
SYSTEM,GEN_TELEFONO,13,FECHCREA,DATE,7,,,N
SYSTEM,GEN_TELEFONO,14,USUACREA,VARCHAR2,20,,,N
SYSTEM,GEN_TELEFONO,15,FECHACTU,DATE,7,,,Y
SYSTEM,GEN_TELEFONO,16,USUACTUA,VARCHAR2,20,,,Y
SYSTEM,GEN_TELEFONO,17,FAMI_FAMI_ID,NUMBER,22,10,0,Y
SYSTEM,GEN_TEMREPOR,1,TMRP_ID,NUMBER,22,10,0,N
SYSTEM,GEN_TEMREPOR,2,USUACREA,VARCHAR2,20,,,Y
SYSTEM,GEN_TEMREPOR,3,IDPANTAL,VARCHAR2,240,,,Y
SYSTEM,GEN_TEMREPOR,4,IDTABLA,VARCHAR2,240,,,Y
SYSTEM,GEN_TEMREPOR,5,COLUMTEX,VARCHAR2,240,,,Y
SYSTEM,GEN_TEMREPOR,6,COLUMNUN,NUMBER,22,,,Y
SYSTEM,GEN_TEMREPOR,7,COLUMDAT,DATE,7,,,Y
SYSTEM,GEN_TEMREPOR,8,DESCAMPO,VARCHAR2,240,,,Y
SYSTEM,GEN_TIPDOCIN,1,TIPO,VARCHAR2,4,,,N
SYSTEM,GEN_TIPDOCIN,2,NOMBRE,VARCHAR2,30,,,N
SYSTEM,GEN_TIPDOCIN,3,VIGENTE,VARCHAR2,1,,,N
SYSTEM,GEN_TIPDOCIN,4,PRIMARIO,VARCHAR2,1,,,N
SYSTEM,GEN_TIPDOCIN,5,USUACREA,VARCHAR2,20,,,N
SYSTEM,GEN_TIPDOCIN,6,FECHCREA,DATE,7,,,N
SYSTEM,GEN_TIPDOCIN,7,USUACTUA,VARCHAR2,20,,,Y
SYSTEM,GEN_TIPDOCIN,8,FECHACTU,DATE,7,,,Y
SYSTEM,GEN_TIPOAMBI,1,TIAM_ID,NUMBER,22,10,0,N
SYSTEM,GEN_TIPOAMBI,2,CODIGO,VARCHAR2,5,,,N
SYSTEM,GEN_TIPOAMBI,3,DESCRIPC,VARCHAR2,150,,,Y
SYSTEM,GEN_TIPOAMBI,4,VIGENTE,VARCHAR2,1,,,N
SYSTEM,GEN_TIPOAMBI,5,USUACREA,VARCHAR2,20,,,N
SYSTEM,GEN_TIPOAMBI,6,FECHCREA,DATE,7,,,N
SYSTEM,GEN_TIPOAMBI,7,USUACTUA,VARCHAR2,20,,,Y
SYSTEM,GEN_TIPOAMBI,8,FECHACTU,DATE,7,,,Y
SYSTEM,GEN_TIPOCOMP,1,CODIGO,NUMBER,22,3,0,N
SYSTEM,GEN_TIPOCOMP,2,PORCCOMP,NUMBER,22,5,2,N
SYSTEM,GEN_TIPOCOMP,3,VIGENTE,VARCHAR2,1,,,Y
SYSTEM,GEN_TIPOCOMP,4,OBSERVAC,VARCHAR2,400,,,Y
SYSTEM,GEN_TIPOCOMP,5,FECHCREA,DATE,7,,,N
SYSTEM,GEN_TIPOCOMP,6,USUACREA,VARCHAR2,20,,,N
SYSTEM,GEN_TIPOCOMP,7,FECHACTU,DATE,7,,,Y
SYSTEM,GEN_TIPOCOMP,8,USUACTUA,VARCHAR2,20,,,Y
SYSTEM,GEN_TIPOCOMP,9,DTIP_DTIP_ID,NUMBER,22,10,0,N
SYSTEM,GEN_TIPOCOMP,10,FRPG_FORMPAGO,VARCHAR2,2,,,N
SYSTEM,GEN_TIPOCONT,1,IDCONTRI,VARCHAR2,5,,,N
SYSTEM,GEN_TIPOCONT,2,DESCRIPC,VARCHAR2,60,,,Y
SYSTEM,GEN_TIPOCONT,3,DIGIRUC,NUMBER,22,,0,N
SYSTEM,GEN_TIPOCONT,4,FECHCREA,DATE,7,,,N
SYSTEM,GEN_TIPOCONT,5,USUACREA,VARCHAR2,20,,,N
SYSTEM,GEN_TIPOCONT,6,FECHACTU,DATE,7,,,Y
SYSTEM,GEN_TIPOCONT,7,USUACTUA,VARCHAR2,20,,,Y
SYSTEM,GEN_TIPOCONT,8,CODIGSRI,VARCHAR2,10,,,Y
SYSTEM,GEN_TIPOCONT,9,VIGENTE,VARCHAR2,1,,,N
SYSTEM,GEN_TIPOCONT,10,APLICONT,VARCHAR2,1,,,Y
SYSTEM,GEN_TIPOCOSTO,1,CMPN_COMPANIA,VARCHAR2,10,,,N
SYSTEM,GEN_TIPOCOSTO,2,TIPOCOST,VARCHAR2,10,,,N
SYSTEM,GEN_TIPOCOSTO,3,DESCRIPC,VARCHAR2,300,,,Y
SYSTEM,GEN_TIPOCOSTO,4,CLASE,VARCHAR2,30,,,N
SYSTEM,GEN_TIPOCOSTO,5,TCSI_COMPANIA,VARCHAR2,10,,,Y
SYSTEM,GEN_TIPOCOSTO,6,TCSI_TIPOCOST,VARCHAR2,10,,,Y
SYSTEM,GEN_TIPOCOSTO,7,FECHCREA,DATE,7,,,N
SYSTEM,GEN_TIPOCOSTO,8,USUACREA,VARCHAR2,20,,,N
SYSTEM,GEN_TIPOCOSTO,9,FECHACTU,DATE,7,,,Y
SYSTEM,GEN_TIPOCOSTO,10,USUACTUA,VARCHAR2,20,,,Y
SYSTEM,GEN_TIPOCOSTO,11,IVA,VARCHAR2,1,,,Y
SYSTEM,GEN_TIPOCOSTO,12,ORDEN,NUMBER,22,5,0,Y
SYSTEM,GEN_TIPODOCU,1,TIPODOCU,VARCHAR2,2,,,N
SYSTEM,GEN_TIPODOCU,2,NOMBRE,VARCHAR2,200,,,N
SYSTEM,GEN_TIPODOCU,3,DESCRIPC,VARCHAR2,500,,,Y
SYSTEM,GEN_TIPODOCU,4,VISIBLE,VARCHAR2,1,,,N
SYSTEM,GEN_TIPODOCU,5,GENESIST,VARCHAR2,1,,,N
SYSTEM,GEN_TIPODOCU,6,TIPOIMPR,VARCHAR2,40,,,Y
SYSTEM,GEN_TIPODOCU,7,NUMECOP,NUMBER,22,,0,Y
SYSTEM,GEN_TIPODOCU,8,NACIONAL,VARCHAR2,1,,,Y
SYSTEM,GEN_TIPODOCU,9,FECHCREA,DATE,7,,,N
SYSTEM,GEN_TIPODOCU,10,USUACREA,VARCHAR2,20,,,N
SYSTEM,GEN_TIPODOCU,11,FECHACTU,DATE,7,,,Y
SYSTEM,GEN_TIPODOCU,12,USUACTUA,VARCHAR2,20,,,Y
SYSTEM,GEN_TIPODOCU,13,CODISRI,NUMBER,22,10,0,Y
SYSTEM,GEN_TIPODOCU,14,NUMBER1,NUMBER,22,,,Y
SYSTEM,GEN_TIPODOCU,15,NUMBER2,NUMBER,22,,,Y
SYSTEM,GEN_TIPODOCU,16,NUMBER3,NUMBER,22,,,Y
SYSTEM,GEN_TIPODOCU,17,NUMBER4,NUMBER,22,,,Y
SYSTEM,GEN_TIPODOCU,18,NUMBER5,NUMBER,22,,,Y
SYSTEM,GEN_TIPODOCU,19,VCHAR1,VARCHAR2,500,,,Y
SYSTEM,GEN_TIPODOCU,20,VCHAR2,VARCHAR2,500,,,Y
SYSTEM,GEN_TIPODOCU,21,VCHAR3,VARCHAR2,500,,,Y
SYSTEM,GEN_TIPODOCU,22,VCHAR4,VARCHAR2,500,,,Y
SYSTEM,GEN_TIPODOCU,23,VCHAR5,VARCHAR2,500,,,Y
SYSTEM,GEN_TIPODOCU,24,CONTABILIZA,VARCHAR2,1,,,Y
SYSTEM,GEN_TIPOEMIS,1,TIEM_ID,NUMBER,22,10,0,N
SYSTEM,GEN_TIPOEMIS,2,CODIGO,VARCHAR2,5,,,N
SYSTEM,GEN_TIPOEMIS,3,DESCRIPC,VARCHAR2,150,,,Y
SYSTEM,GEN_TIPOEMIS,4,VIGENTE,VARCHAR2,1,,,N
SYSTEM,GEN_TIPOEMIS,5,USUACREA,VARCHAR2,20,,,N
SYSTEM,GEN_TIPOEMIS,6,FECHCREA,DATE,7,,,N
SYSTEM,GEN_TIPOEMIS,7,USUACTUA,VARCHAR2,20,,,Y
SYSTEM,GEN_TIPOEMIS,8,FECHACTU,DATE,7,,,Y
SYSTEM,GEN_TIPOFCNA,1,CODIGO,VARCHAR2,3,,,N
SYSTEM,GEN_TIPOFCNA,2,DESCRIPC,VARCHAR2,30,,,N
SYSTEM,GEN_TIPOFCNA,3,FECHCREA,DATE,7,,,N
SYSTEM,GEN_TIPOFCNA,4,USUACREA,VARCHAR2,20,,,N
SYSTEM,GEN_TIPOFCNA,5,FECHACTU,DATE,7,,,Y
SYSTEM,GEN_TIPOFCNA,6,USUACTUA,VARCHAR2,20,,,Y
SYSTEM,GEN_TIPOGARAN,1,TIPOGARA,VARCHAR2,5,,,N
SYSTEM,GEN_TIPOGARAN,2,DESCRIPC,VARCHAR2,50,,,N
SYSTEM,GEN_TIPOGARAN,3,FECHCREA,DATE,7,,,N
SYSTEM,GEN_TIPOGARAN,4,USUACREA,VARCHAR2,20,,,N
SYSTEM,GEN_TIPOGARAN,5,FECHACTU,DATE,7,,,Y
SYSTEM,GEN_TIPOGARAN,6,USUACTUA,VARCHAR2,20,,,Y
SYSTEM,GEN_TIPOIDEN,1,TIPOIDEN,VARCHAR2,1,,,N
SYSTEM,GEN_TIPOIDEN,2,DESCRIPC,VARCHAR2,60,,,N
SYSTEM,GEN_TIPOIDEN,3,FECHCREA,DATE,7,,,N
SYSTEM,GEN_TIPOIDEN,4,USUACREA,VARCHAR2,20,,,N
SYSTEM,GEN_TIPOIDEN,5,FECHACTU,DATE,7,,,Y
SYSTEM,GEN_TIPOIDEN,6,USUACTUA,VARCHAR2,20,,,Y
SYSTEM,GEN_TIPOIDEN,7,CODIGSRI,VARCHAR2,10,,,Y
SYSTEM,GEN_TIPOIDEN,8,VIGENTE,VARCHAR2,1,,,N
SYSTEM,GEN_TIPOPAGO,1,CODIGO,VARCHAR2,2,,,N
SYSTEM,GEN_TIPOPAGO,2,DESCRIPC,VARCHAR2,100,,,N
SYSTEM,GEN_TIPOPAGO,3,USUACREA,VARCHAR2,20,,,N
SYSTEM,GEN_TIPOPAGO,4,FECHCREA,DATE,7,,,N
SYSTEM,GEN_TIPOPAGO,5,USUACTUA,VARCHAR2,20,,,Y
SYSTEM,GEN_TIPOPAGO,6,FECHACTU,DATE,7,,,Y
SYSTEM,GEN_TIPOPARENT,1,TIPOPARA,VARCHAR2,2,,,N
SYSTEM,GEN_TIPOPARENT,2,DESCRIPC,VARCHAR2,30,,,Y
SYSTEM,GEN_TIPOPARENT,3,FAMILIAR,VARCHAR2,1,,,N
SYSTEM,GEN_TIPOPARENT,4,FECHCREA,DATE,7,,,N
SYSTEM,GEN_TIPOPARENT,5,USUACREA,VARCHAR2,20,,,N
SYSTEM,GEN_TIPOPARENT,6,FECHACTU,DATE,7,,,Y
SYSTEM,GEN_TIPOPARENT,7,USUACTUA,VARCHAR2,20,,,Y
SYSTEM,GEN_TIPOPOLI,1,TIPOPOLI,VARCHAR2,20,,,N
SYSTEM,GEN_TIPOPOLI,2,DESCRIPC,VARCHAR2,60,,,Y
SYSTEM,GEN_TIPOPOLI,3,FECHCREA,DATE,7,,,N
SYSTEM,GEN_TIPOPOLI,4,USUACREA,VARCHAR2,20,,,N
SYSTEM,GEN_TIPOPOLI,5,FECHACTU,DATE,7,,,Y
SYSTEM,GEN_TIPOPOLI,6,USUACTUA,VARCHAR2,20,,,Y
SYSTEM,GEN_TIPOPROC,1,DEPT_CODIDEPA,VARCHAR2,3,,,N
SYSTEM,GEN_TIPOPROC,2,DEPT_COMPANIA,VARCHAR2,10,,,N
SYSTEM,GEN_TIPOPROC,3,DEPT_OFICINA,VARCHAR2,3,,,N
SYSTEM,GEN_TIPOPROC,4,PRPG_CODIPERI,VARCHAR2,2,,,N
SYSTEM,GEN_TIPOPROC,5,PROCESO,NUMBER,22,10,0,N
SYSTEM,GEN_TIPOPROC,6,DESCRIPC,VARCHAR2,100,,,N
SYSTEM,GEN_TIPOPROC,7,TIPO,VARCHAR2,10,,,N
SYSTEM,GEN_TIPOPROC,8,FECHCREA,DATE,7,,,N
SYSTEM,GEN_TIPOPROC,9,USUACREA,VARCHAR2,20,,,N
SYSTEM,GEN_TIPOPROC,10,ACTIVO,VARCHAR2,1,,,Y
SYSTEM,GEN_TIPOPROC,11,ORDEN,NUMBER,22,2,0,Y
SYSTEM,GEN_TIPOPROC,12,FECHACTU,DATE,7,,,Y
SYSTEM,GEN_TIPOPROC,13,USUACTUA,VARCHAR2,20,,,Y
SYSTEM,GEN_TIPOREGI,1,CODIGO,VARCHAR2,2,,,N
SYSTEM,GEN_TIPOREGI,2,DESCRIPC,VARCHAR2,100,,,N
SYSTEM,GEN_TIPOREGI,3,USUACREA,VARCHAR2,20,,,N
SYSTEM,GEN_TIPOREGI,4,FECHCREA,DATE,7,,,N
SYSTEM,GEN_TIPOREGI,5,USUACTUA,VARCHAR2,20,,,Y
SYSTEM,GEN_TIPOREGI,6,FECHACTU,DATE,7,,,Y
SYSTEM,GEN_TIPOTERR,1,CODIGO,VARCHAR2,5,,,N
SYSTEM,GEN_TIPOTERR,2,DESCRIPC,VARCHAR2,200,,,N
SYSTEM,GEN_TIPOTERR,3,REFER,VARCHAR2,30,,,Y
SYSTEM,GEN_TIPOTERR,4,USUACREA,VARCHAR2,20,,,N
SYSTEM,GEN_TIPOTERR,5,FECHCREA,DATE,7,,,N
SYSTEM,GEN_TIPOTERR,6,FECHACTU,DATE,7,,,Y
SYSTEM,GEN_TIPOTERR,7,USUACTUA,VARCHAR2,20,,,Y
SYSTEM,GEN_TIPOTRAN,1,TIPOTRAN,VARCHAR2,2,,,N
SYSTEM,GEN_TIPOTRAN,2,DESCRIPC,VARCHAR2,80,,,N
SYSTEM,GEN_TIPOTRAN,3,FECHCREA,DATE,7,,,N
SYSTEM,GEN_TIPOTRAN,4,USUACREA,VARCHAR2,20,,,N
SYSTEM,GEN_TIPOTRAN,5,FECHACTU,DATE,7,,,Y
SYSTEM,GEN_TIPOTRAN,6,USUACTUA,VARCHAR2,20,,,Y
SYSTEM,GEN_TMPPROVEEDOR,1,CMPN_COMPANIA,VARCHAR2,10,,,N
SYSTEM,GEN_TMPPROVEEDOR,2,CEDURUC,VARCHAR2,13,,,N
SYSTEM,GEN_TMPPROVEEDOR,3,REPRLEGA,VARCHAR2,80,,,Y
SYSTEM,GEN_TMPPROVEEDOR,4,NOMBRE,VARCHAR2,120,,,Y
SYSTEM,GEN_TMPPROVEEDOR,5,NOMBCORT,VARCHAR2,60,,,Y
SYSTEM,GEN_TMPPROVEEDOR,6,REFER,VARCHAR2,120,,,Y
SYSTEM,GEN_TMPPROVEEDOR,7,OBSERVAC,VARCHAR2,300,,,Y
SYSTEM,GEN_TMPPROVEEDOR,8,CIUDAD,VARCHAR2,30,,,Y
SYSTEM,GEN_TMPPROVEEDOR,9,DIRECCIO,VARCHAR2,300,,,Y
SYSTEM,GEN_TMPPROVEEDOR,10,NUMECALL,VARCHAR2,30,,,Y
SYSTEM,GEN_TMPPROVEEDOR,11,EMAIL,VARCHAR2,200,,,Y
SYSTEM,GEN_TMPPROVEEDOR,12,DIREWEB,VARCHAR2,50,,,Y
SYSTEM,GEN_TMPPROVEEDOR,13,RESONUME,VARCHAR2,20,,,Y
SYSTEM,GEN_TMPPROVEEDOR,14,LIMICREDI,NUMBER,22,16,2,Y
SYSTEM,GEN_TMPPROVEEDOR,15,CONTACTO,VARCHAR2,80,,,Y
SYSTEM,GEN_TMPPROVEEDOR,16,NUAUTSRI,VARCHAR2,15,,,Y
SYSTEM,GEN_TMPPROVEEDOR,17,TRANSPOR,VARCHAR2,1,,,Y
SYSTEM,GEN_TMPPROVEEDOR,18,FECHCREA,DATE,7,,,N
SYSTEM,GEN_TMPPROVEEDOR,19,USUACREA,VARCHAR2,20,,,N
SYSTEM,GEN_TMPPROVEEDOR,20,USUACTUA,VARCHAR2,20,,,Y
SYSTEM,GEN_TMPPROVEEDOR,21,FECHACTU,DATE,7,,,Y
SYSTEM,GEN_TMPPROVEEDOR,22,FECHRESO,DATE,7,,,Y
SYSTEM,GEN_TMPPROVEEDOR,23,DIASCRED,NUMBER,22,5,0,Y
SYSTEM,GEN_TMPPROVEEDOR,24,CODIANTE,VARCHAR2,20,,,Y
SYSTEM,GEN_TMPPROVEEDOR,25,ANEXO,VARCHAR2,1,,,Y
SYSTEM,GEN_TRAMISRI,1,TRRI_ID,NUMBER,22,10,0,N
SYSTEM,GEN_TRAMISRI,2,CODITRAM,NUMBER,22,10,0,N
SYSTEM,GEN_TRAMISRI,3,TIPODOCU,VARCHAR2,4,,,N
SYSTEM,GEN_TRAMISRI,4,NOMBRE,VARCHAR2,100,,,N
SYSTEM,GEN_TRAMISRI,5,FECHCREA,DATE,7,,,N
SYSTEM,GEN_TRAMISRI,6,NOMBREPO,VARCHAR2,100,,,N
SYSTEM,GEN_TRAMISRI,7,USUACREA,VARCHAR2,20,,,N
SYSTEM,GEN_TRAMISRI,8,FECHACTU,DATE,7,,,Y
SYSTEM,GEN_TRAMISRI,9,USUACTUA,VARCHAR2,20,,,Y
SYSTEM,GEN_UBICZONA,1,ID,NUMBER,22,10,0,N
SYSTEM,GEN_UBICZONA,2,GUZO_ID,NUMBER,22,10,0,Y
SYSTEM,GEN_UBICZONA,3,ZONAUBIC,VARCHAR2,200,,,N
SYSTEM,GEN_UBICZONA,4,ESVIGENT,VARCHAR2,1,,,N
SYSTEM,GEN_UBICZONA,5,ZONAOBSE,VARCHAR2,500,,,Y
SYSTEM,GEN_UBICZONA,6,PRRQ_CODICANT,VARCHAR2,3,,,N
SYSTEM,GEN_UBICZONA,7,PRRQ_CODIPARR,VARCHAR2,3,,,N
SYSTEM,GEN_UBICZONA,8,PRRQ_CODIPROV,VARCHAR2,3,,,N
SYSTEM,GEN_UBICZONA,9,USUACREA,VARCHAR2,20,,,N
SYSTEM,GEN_UBICZONA,10,FECHCREA,DATE,7,,,N
SYSTEM,GEN_UBICZONA,11,USUACTUA,VARCHAR2,20,,,Y
SYSTEM,GEN_UBICZONA,12,FECHACTU,DATE,7,,,Y
SYSTEM,HELP,1,TOPIC,VARCHAR2,50,,,N
SYSTEM,HELP,2,SEQ,NUMBER,22,,,N
SYSTEM,HELP,3,INFO,VARCHAR2,80,,,Y
SYSTEM,IMP_AGENTE,1,CODIGO,VARCHAR2,10,,,N
SYSTEM,IMP_AGENTE,2,NOMBRE,VARCHAR2,80,,,N
SYSTEM,IMP_AGENTE,3,FECHCREA,DATE,7,,,N
SYSTEM,IMP_AGENTE,4,USUACREA,VARCHAR2,20,,,N
SYSTEM,IMP_AGENTE,5,USUACTUA,VARCHAR2,20,,,Y
SYSTEM,IMP_AGENTE,6,FECHACTU,DATE,7,,,Y
SYSTEM,IMP_BACKORDE,1,BKOR_ID,NUMBER,22,10,0,N
SYSTEM,IMP_BACKORDE,2,CANTIDAD,NUMBER,22,16,6,Y
SYSTEM,IMP_BACKORDE,3,NTPD_NUMERO,VARCHAR2,10,,,Y
SYSTEM,IMP_BACKORDE,4,NTPD_OFICINA,VARCHAR2,3,,,Y
SYSTEM,IMP_BACKORDE,5,NTPD_COMPANIA,VARCHAR2,10,,,Y
SYSTEM,IMP_BACKORDE,6,ARTL_CODIGRUP,VARCHAR2,20,,,Y
SYSTEM,IMP_BACKORDE,7,ARTL_ARTICULO,VARCHAR2,30,,,Y
SYSTEM,IMP_BACKORDE,8,ARTL_CLASE,VARCHAR2,20,,,Y
SYSTEM,IMP_BACKORDE,9,ARTL_COMPANIA,VARCHAR2,10,,,Y
SYSTEM,IMP_COBEPAIS,1,CBPS_ID,NUMBER,22,10,0,N
SYSTEM,IMP_COBEPAIS,2,FECHCREA,DATE,7,,,N
SYSTEM,IMP_COBEPAIS,3,FECHACTU,DATE,7,,,Y
SYSTEM,IMP_COBEPAIS,4,USUACREA,VARCHAR2,20,,,N
SYSTEM,IMP_COBEPAIS,5,USUACTUA,VARCHAR2,20,,,Y
SYSTEM,IMP_COBEPAIS,6,RGST_CERTICAD,VARCHAR2,20,,,N
SYSTEM,IMP_COBEPAIS,7,RGST_CODIGO,VARCHAR2,5,,,N
SYSTEM,IMP_COBEPAIS,8,PAIS_CODIPAIS,VARCHAR2,2,,,N
SYSTEM,IMP_COBERTURA,1,ARTL_COMPANIA,VARCHAR2,10,,,N
SYSTEM,IMP_COBERTURA,2,ARTL_CLASE,VARCHAR2,20,,,N
SYSTEM,IMP_COBERTURA,3,ARTL_CODIGRUP,VARCHAR2,20,,,N
SYSTEM,IMP_COBERTURA,4,ARTL_ARTICULO,VARCHAR2,30,,,N
SYSTEM,IMP_COBERTURA,5,RGST_CERTICAD,VARCHAR2,20,,,N
SYSTEM,IMP_COBERTURA,6,RGST_CODIGO,VARCHAR2,5,,,N
SYSTEM,IMP_COBERTURA,7,FECHCREA,DATE,7,,,N
SYSTEM,IMP_COBERTURA,8,USUACREA,VARCHAR2,20,,,N
SYSTEM,IMP_COBERTURA,9,FECHACTU,DATE,7,,,Y
SYSTEM,IMP_COBERTURA,10,USUACTUA,VARCHAR2,20,,,Y
SYSTEM,IMP_CONCETRIBU,1,CODIGO,VARCHAR2,10,,,N
SYSTEM,IMP_CONCETRIBU,2,DESCRIPC,VARCHAR2,60,,,N
SYSTEM,IMP_CONCETRIBU,3,FECHCREA,DATE,7,,,N
SYSTEM,IMP_CONCETRIBU,4,USUACREA,VARCHAR2,20,,,N
SYSTEM,IMP_CONCETRIBU,5,FECHACTU,DATE,7,,,Y
SYSTEM,IMP_CONCETRIBU,6,USUACTUA,VARCHAR2,20,,,Y
SYSTEM,IMP_COSTREGI,1,CSRG_ID,NUMBER,22,10,0,N
SYSTEM,IMP_COSTREGI,2,FECHA,DATE,7,,,N
SYSTEM,IMP_COSTREGI,3,MONTO,NUMBER,22,20,0,N
SYSTEM,IMP_COSTREGI,4,DESCRIPC,VARCHAR2,100,,,N
SYSTEM,IMP_COSTREGI,5,CMPR_ALCANCE,NUMBER,22,1,0,N
SYSTEM,IMP_COSTREGI,6,CMPR_NUMERO,NUMBER,22,10,0,N
SYSTEM,IMP_COSTREGI,7,CMPR_CEDURUC,VARCHAR2,13,,,N
SYSTEM,IMP_COSTREGI,8,CMPR_COMPANIA,VARCHAR2,10,,,N
SYSTEM,IMP_COSTREGI,9,CMPR_SERIE,VARCHAR2,6,,,N
SYSTEM,IMP_COSTREGI,10,RGST_CERTICAD,VARCHAR2,20,,,N
SYSTEM,IMP_COSTREGI,11,RGST_CODIGO,VARCHAR2,5,,,N
SYSTEM,IMP_COSTREGI,12,FECHCREA,DATE,7,,,N
SYSTEM,IMP_COSTREGI,13,USUACREA,VARCHAR2,20,,,N
SYSTEM,IMP_COSTREGI,14,FECHACTU,DATE,7,,,Y
SYSTEM,IMP_COSTREGI,15,USUACTUA,VARCHAR2,20,,,Y
SYSTEM,IMP_DENOTAPEDI,1,DTNP_ID,NUMBER,22,10,0,N
SYSTEM,IMP_DENOTAPEDI,2,APROBADO,VARCHAR2,1,,,Y
SYSTEM,IMP_DENOTAPEDI,3,PRECUNIT,NUMBER,22,24,8,N
SYSTEM,IMP_DENOTAPEDI,4,CANTPEDI,NUMBER,22,16,4,N
SYSTEM,IMP_DENOTAPEDI,5,CANTAPRO,NUMBER,22,16,4,N
SYSTEM,IMP_DENOTAPEDI,6,CANTFACT,NUMBER,22,16,4,N
SYSTEM,IMP_DENOTAPEDI,7,CANTPESO,NUMBER,22,16,4,N
SYSTEM,IMP_DENOTAPEDI,8,DESCRIPC,VARCHAR2,300,,,Y
SYSTEM,IMP_DENOTAPEDI,9,NTPD_NUMERO,VARCHAR2,10,,,Y
SYSTEM,IMP_DENOTAPEDI,10,NTPD_COMPANIA,VARCHAR2,10,,,Y
SYSTEM,IMP_DENOTAPEDI,11,NTPD_OFICINA,VARCHAR2,3,,,Y
SYSTEM,IMP_DENOTAPEDI,12,FECHCREA,DATE,7,,,N
SYSTEM,IMP_DENOTAPEDI,13,USUACREA,VARCHAR2,20,,,N
SYSTEM,IMP_DENOTAPEDI,14,FECHACTU,DATE,7,,,Y
SYSTEM,IMP_DENOTAPEDI,15,USUACTUA,VARCHAR2,20,,,Y
SYSTEM,IMP_DENOTAPEDI,16,ARTL_CLASE,VARCHAR2,20,,,N
SYSTEM,IMP_DENOTAPEDI,17,ARTL_COMPANIA,VARCHAR2,10,,,N
SYSTEM,IMP_DENOTAPEDI,18,ARTL_CODIGRUP,VARCHAR2,20,,,N
SYSTEM,IMP_DENOTAPEDI,19,ARTL_ARTICULO,VARCHAR2,30,,,N
SYSTEM,IMP_DENOTAPEDI,20,CANTREQU,NUMBER,22,16,4,Y
SYSTEM,IMP_DENOTAPEDI,21,FOTOREGI,LONG RAW,0,,,Y
SYSTEM,IMP_DENOTAPEDI,22,DTNP_DTNP_ID,NUMBER,22,10,0,Y
SYSTEM,IMP_DENOTAPEDI,23,DREQ_DREQ_ID,NUMBER,22,10,0,Y
SYSTEM,IMP_DISTRADUA,1,CODIGO,VARCHAR2,4,,,N
SYSTEM,IMP_DISTRADUA,2,DESCRIPC,VARCHAR2,240,,,Y
SYSTEM,IMP_DISTRADUA,3,FECHCREA,DATE,7,,,N
SYSTEM,IMP_DISTRADUA,4,USUACREA,VARCHAR2,20,,,N
SYSTEM,IMP_DISTRADUA,5,FECHACTU,DATE,7,,,Y
SYSTEM,IMP_DISTRADUA,6,USUACTUA,VARCHAR2,20,,,Y
SYSTEM,IMP_EMBACARD,1,CODIGO,VARCHAR2,10,,,N
SYSTEM,IMP_EMBACARD,2,NOMBRE,VARCHAR2,80,,,N
SYSTEM,IMP_EMBACARD,3,FECHCREA,DATE,7,,,N
SYSTEM,IMP_EMBACARD,4,USUACREA,VARCHAR2,20,,,N
SYSTEM,IMP_EMBACARD,5,USUACTUA,VARCHAR2,20,,,Y
SYSTEM,IMP_EMBACARD,6,FECHACTU,DATE,7,,,Y
SYSTEM,IMP_ENTECONT,1,CODIGO,VARCHAR2,5,,,N
SYSTEM,IMP_ENTECONT,2,NOMBRE,VARCHAR2,80,,,N
SYSTEM,IMP_ENTECONT,3,FECHCREA,DATE,7,,,N
SYSTEM,IMP_ENTECONT,4,USUACREA,VARCHAR2,20,,,N
SYSTEM,IMP_ENTECONT,5,FECHACTU,DATE,7,,,Y
SYSTEM,IMP_ENTECONT,6,USUACTUA,VARCHAR2,20,,,Y
SYSTEM,IMP_ESTAIMPO,1,ESTADO,VARCHAR2,2,,,N
SYSTEM,IMP_ESTAIMPO,2,DESCRIPC,VARCHAR2,60,,,N
SYSTEM,IMP_ESTAIMPO,3,VIGENTE,VARCHAR2,1,,,N
SYSTEM,IMP_ESTAIMPO,4,FECHCREA,DATE,7,,,N
SYSTEM,IMP_ESTAIMPO,5,USUACREA,VARCHAR2,20,,,N
SYSTEM,IMP_ESTAIMPO,6,FECHACTU,DATE,7,,,Y
SYSTEM,IMP_ESTAIMPO,7,USUACTUA,VARCHAR2,20,,,Y
SYSTEM,IMP_ESTAREGI,1,COIDIGO,VARCHAR2,1,,,N
SYSTEM,IMP_ESTAREGI,2,DESCRIPC,VARCHAR2,30,,,N
SYSTEM,IMP_ESTAREGI,3,FECHCREA,DATE,7,,,N
SYSTEM,IMP_ESTAREGI,4,USUACREA,VARCHAR2,20,,,N
SYSTEM,IMP_ESTAREGI,5,FECHACTU,DATE,7,,,Y
SYSTEM,IMP_ESTAREGI,6,USUACTUA,VARCHAR2,20,,,Y
SYSTEM,IMP_IMPORTAC,1,OFCN_COMPANIA,VARCHAR2,10,,,N
SYSTEM,IMP_IMPORTAC,2,FECHPREL,DATE,7,,,Y
SYSTEM,IMP_IMPORTAC,3,VALPRELIQ,NUMBER,22,16,2,Y
SYSTEM,IMP_IMPORTAC,4,OFCN_OFICINA,VARCHAR2,3,,,N
SYSTEM,IMP_IMPORTAC,5,NUMEIMPO,NUMBER,22,10,0,N
SYSTEM,IMP_IMPORTAC,6,ESIM_ESTADO,VARCHAR2,2,,,N
SYSTEM,IMP_IMPORTAC,7,FRPG_FORMPAGO,VARCHAR2,2,,,N
SYSTEM,IMP_IMPORTAC,8,MONE_MONEDA,VARCHAR2,5,,,N
SYSTEM,IMP_IMPORTAC,9,PROV_CEDURUC,VARCHAR2,13,,,N
SYSTEM,IMP_IMPORTAC,10,PROV_COMPANIA,VARCHAR2,10,,,N
SYSTEM,IMP_IMPORTAC,11,PRPG_CODIPERI,VARCHAR2,2,,,N
SYSTEM,IMP_IMPORTAC,12,RGMN_CODIGO,VARCHAR2,2,,,N
SYSTEM,IMP_IMPORTAC,13,TPIE_TIPOIMEX,VARCHAR2,2,,,N
SYSTEM,IMP_IMPORTAC,14,ZNAE_DESTINO,VARCHAR2,5,,,N
SYSTEM,IMP_IMPORTAC,15,ZNAE_ORIGEN,VARCHAR2,5,,,N
SYSTEM,IMP_IMPORTAC,16,ZNAE_PAISDEST,VARCHAR2,2,,,N
SYSTEM,IMP_IMPORTAC,17,ZNAE_PAISORIG,VARCHAR2,2,,,N
SYSTEM,IMP_IMPORTAC,18,FECHINIC,DATE,7,,,N
SYSTEM,IMP_IMPORTAC,19,FECHCANC,DATE,7,,,Y
SYSTEM,IMP_IMPORTAC,20,BASEIECE,NUMBER,22,10,5,Y
SYSTEM,IMP_IMPORTAC,21,REFER,VARCHAR2,30,,,Y
SYSTEM,IMP_IMPORTAC,22,DADU_CODIGO,VARCHAR2,4,,,Y
SYSTEM,IMP_IMPORTAC,23,FECHEMBA,DATE,7,,,Y
SYSTEM,IMP_IMPORTAC,24,FECHLLEG,DATE,7,,,Y
SYSTEM,IMP_IMPORTAC,25,FECHBL,DATE,7,,,Y
SYSTEM,IMP_IMPORTAC,26,FECHLIQU,DATE,7,,,Y
SYSTEM,IMP_IMPORTAC,27,FECHVCTO,DATE,7,,,Y
SYSTEM,IMP_IMPORTAC,28,FLETE,NUMBER,22,16,2,Y
SYSTEM,IMP_IMPORTAC,29,SEGURO,NUMBER,22,16,2,Y
SYSTEM,IMP_IMPORTAC,30,BASEIVA0,NUMBER,22,16,2,Y
SYSTEM,IMP_IMPORTAC,31,TASAIVA,NUMBER,22,10,5,Y
SYSTEM,IMP_IMPORTAC,32,FACTOR,NUMBER,22,12,10,N
SYSTEM,IMP_IMPORTAC,33,CORRELAT,VARCHAR2,10,,,Y
SYSTEM,IMP_IMPORTAC,34,NUMEVERI,VARCHAR2,20,,,Y
SYSTEM,IMP_IMPORTAC,35,ENVIO,VARCHAR2,2,,,Y
SYSTEM,IMP_IMPORTAC,36,OBS,VARCHAR2,1500,,,Y
SYSTEM,IMP_IMPORTAC,37,NUMEDAU,VARCHAR2,30,,,Y
SYSTEM,IMP_IMPORTAC,38,ANEXO,VARCHAR2,1,,,Y
SYSTEM,IMP_IMPORTAC,39,VERI_CODIGO,VARCHAR2,10,,,N
SYSTEM,IMP_IMPORTAC,40,FECHCREA,DATE,7,,,N
SYSTEM,IMP_IMPORTAC,41,USUACREA,VARCHAR2,20,,,N
SYSTEM,IMP_IMPORTAC,42,FECHACTU,DATE,7,,,Y
SYSTEM,IMP_IMPORTAC,43,USUACTUA,VARCHAR2,20,,,Y
SYSTEM,IMP_IMPORTAC,44,BASEIVA,NUMBER,22,16,2,Y
SYSTEM,IMP_IMPORTAC,45,FECHENVI,DATE,7,,,Y
SYSTEM,IMP_IMPORTAC,46,FECHFACT,DATE,7,,,Y
SYSTEM,IMP_IMPORTAC,47,COTIZA,NUMBER,22,10,5,Y
SYSTEM,IMP_IMPORTAC,48,TRANSFER,VARCHAR2,1,,,Y
SYSTEM,IMP_IMPORTAC,49,EMBA_CODIGO,VARCHAR2,10,,,Y
SYSTEM,IMP_IMPORTAC,50,AGNT_CODIGO,VARCHAR2,10,,,Y
SYSTEM,IMP_IMPORTAC,51,REFRENDO,VARCHAR2,30,,,Y
SYSTEM,IMP_IMPORTAC,52,NUMEROBL,VARCHAR2,30,,,Y
SYSTEM,IMP_IMPORTAC,53,PESO,NUMBER,22,15,5,Y
SYSTEM,IMP_IMPORTAC,54,VOLUMEN,NUMBER,22,15,5,Y
SYSTEM,IMP_IMPORTAC,55,FECHBLES,DATE,7,,,Y
SYSTEM,IMP_IMPORTAC,56,FECHLLES,DATE,7,,,Y
SYSTEM,IMP_IMPORTAC,57,FECHDESA,DATE,7,,,Y
SYSTEM,IMP_IMPORTAC,58,FECHSOFA,DATE,7,,,Y
SYSTEM,IMP_IMPORTAC,59,FECHINFA,DATE,7,,,Y
SYSTEM,IMP_IMPORTAC,60,FECHREME,DATE,7,,,Y
SYSTEM,IMP_IMPORTAC,61,COTIANTE,NUMBER,22,10,5,Y
SYSTEM,IMP_IMPORTAC,62,LTPR_CODIGO,VARCHAR2,10,,,Y
SYSTEM,IMP_IMPORTAC,63,VCHAR1,VARCHAR2,4000,,,Y
SYSTEM,IMP_IMPORTAC,64,VCHAR2,VARCHAR2,4000,,,Y
SYSTEM,IMP_IMPORTAC,65,VCHAR3,VARCHAR2,4000,,,Y
SYSTEM,IMP_IMPORTAC,66,VCHAR4,VARCHAR2,4000,,,Y
SYSTEM,IMP_IMPORTAC,67,VCHAR5,VARCHAR2,4000,,,Y
SYSTEM,IMP_IMPORTAC,68,NUMBER1,NUMBER,22,,,Y
SYSTEM,IMP_IMPORTAC,69,NUMBER2,NUMBER,22,,,Y
SYSTEM,IMP_IMPORTAC,70,NUMBER3,NUMBER,22,,,Y
SYSTEM,IMP_IMPORTAC,71,NUMBER4,NUMBER,22,,,Y
SYSTEM,IMP_IMPORTAC,72,NUMBER5,NUMBER,22,,,Y
SYSTEM,IMP_INCOTERMS,1,CODIGO,VARCHAR2,5,,,N
SYSTEM,IMP_INCOTERMS,2,DESCRIPC,VARCHAR2,50,,,N
SYSTEM,IMP_INCOTERMS,3,ENVIO,VARCHAR2,2,,,Y
SYSTEM,IMP_INCOTERMS,4,FECHCREA,DATE,7,,,N
SYSTEM,IMP_INCOTERMS,5,USUACREA,VARCHAR2,20,,,N
SYSTEM,IMP_INCOTERMS,6,USUACTUA,VARCHAR2,20,,,Y
SYSTEM,IMP_INCOTERMS,7,FECHACTU,DATE,7,,,Y
SYSTEM,IMP_LIQUIDAU,1,CNTR_CODIGO,VARCHAR2,10,,,N
SYSTEM,IMP_LIQUIDAU,2,IMPT_NUMEIMPO,NUMBER,22,10,0,N
SYSTEM,IMP_LIQUIDAU,3,IMPT_COMPANIA,VARCHAR2,10,,,N
SYSTEM,IMP_LIQUIDAU,4,IMPT_OFICINA,VARCHAR2,3,,,N
SYSTEM,IMP_LIQUIDAU,5,AUTOLIQU,NUMBER,22,16,2,N
SYSTEM,IMP_LIQUIDAU,6,LIQUIDAC,NUMBER,22,16,2,N
SYSTEM,IMP_LIQUIDAU,7,LIBERACI,NUMBER,22,16,2,N
SYSTEM,IMP_LIQUIDAU,8,APAGAR,NUMBER,22,16,2,N
SYSTEM,IMP_LIQUIDAU,9,LDAU_ID,NUMBER,22,10,0,N
SYSTEM,IMP_LIQUIDAU,10,FECHCREA,DATE,7,,,N
SYSTEM,IMP_LIQUIDAU,11,USUACREA,VARCHAR2,20,,,N
SYSTEM,IMP_LIQUIDAU,12,FECHACTU,DATE,7,,,Y
SYSTEM,IMP_LIQUIDAU,13,USUACTUA,VARCHAR2,20,,,Y
SYSTEM,IMP_NOTAPEDI,1,OFCN_COMPANIA,VARCHAR2,10,,,N
SYSTEM,IMP_NOTAPEDI,2,OFCN_OFICINA,VARCHAR2,3,,,N
SYSTEM,IMP_NOTAPEDI,3,NUMERO,VARCHAR2,10,,,N
SYSTEM,IMP_NOTAPEDI,4,FECHA,DATE,7,,,N
SYSTEM,IMP_NOTAPEDI,5,PORDSCTO,NUMBER,22,10,5,N
SYSTEM,IMP_NOTAPEDI,6,VALDSCTO,NUMBER,22,16,2,N
SYSTEM,IMP_NOTAPEDI,7,ASGR_ASGR_ID,NUMBER,22,10,0,Y
SYSTEM,IMP_NOTAPEDI,8,FECHNEGO,DATE,7,,,Y
SYSTEM,IMP_NOTAPEDI,9,NUMEDUI,VARCHAR2,30,,,Y
SYSTEM,IMP_NOTAPEDI,10,FLETE,NUMBER,22,16,2,Y
SYSTEM,IMP_NOTAPEDI,11,NUMEMAG,VARCHAR2,30,,,Y
SYSTEM,IMP_NOTAPEDI,12,SEGURO,NUMBER,22,16,2,Y
SYSTEM,IMP_NOTAPEDI,13,PESOBRUT,NUMBER,22,15,5,Y
SYSTEM,IMP_NOTAPEDI,14,CONDPAG,VARCHAR2,60,,,Y
SYSTEM,IMP_NOTAPEDI,15,PORINTER,VARCHAR2,60,,,Y
SYSTEM,IMP_NOTAPEDI,16,EMBALAJE,VARCHAR2,60,,,Y
SYSTEM,IMP_NOTAPEDI,17,OBS,VARCHAR2,1000,,,Y
SYSTEM,IMP_NOTAPEDI,18,REFER,VARCHAR2,30,,,Y
SYSTEM,IMP_NOTAPEDI,19,EGEN_ESTADO,VARCHAR2,2,,,N
SYSTEM,IMP_NOTAPEDI,20,MONE_MONEDA,VARCHAR2,5,,,N
SYSTEM,IMP_NOTAPEDI,21,UMED_UNIDMEDI,VARCHAR2,5,,,N
SYSTEM,IMP_NOTAPEDI,22,FECHCREA,DATE,7,,,N
SYSTEM,IMP_NOTAPEDI,23,USUACREA,VARCHAR2,20,,,N
SYSTEM,IMP_NOTAPEDI,24,FECHACTU,DATE,7,,,Y
SYSTEM,IMP_NOTAPEDI,25,USUACTUA,VARCHAR2,20,,,Y
SYSTEM,IMP_NOTAPEDI,26,IMPT_NUMEIMPO,NUMBER,22,10,0,Y
SYSTEM,IMP_NOTAPEDI,27,IMPT_OFICINA,VARCHAR2,3,,,Y
SYSTEM,IMP_NOTAPEDI,28,IMPT_COMPANIA,VARCHAR2,10,,,Y
SYSTEM,IMP_NOTAPEDI,29,CBAN_CODIGO,VARCHAR2,30,,,Y
SYSTEM,IMP_NOTAPEDI,30,CBAN_CATALOGO,VARCHAR2,2,,,Y
SYSTEM,IMP_NOTAPEDI,31,CBAN_COMPANIA,VARCHAR2,10,,,Y
SYSTEM,IMP_NOTAPEDI,32,REQU_OFICINA,VARCHAR2,3,,,Y
SYSTEM,IMP_NOTAPEDI,33,REQU_NUMERO,VARCHAR2,15,,,Y
SYSTEM,IMP_NOTAPEDI,34,REQU_COMPANIA,VARCHAR2,10,,,Y
SYSTEM,IMP_NOTAPEDI,35,PROV_COMPANIA,VARCHAR2,10,,,Y
SYSTEM,IMP_NOTAPEDI,36,PROV_CEDURUC,VARCHAR2,13,,,Y
SYSTEM,IMP_NOTAPEDI,37,NTPD_NUMERO,VARCHAR2,10,,,Y
SYSTEM,IMP_NOTAPEDI,38,NTPD_COMPANIA,VARCHAR2,10,,,Y
SYSTEM,IMP_NOTAPEDI,39,NTPD_OFICINA,VARCHAR2,3,,,Y
SYSTEM,IMP_NOTAPEDI,40,REQU_TIPODOCU,VARCHAR2,240,,,Y
SYSTEM,IMP_PARTARAN,1,PARTIDA,VARCHAR2,30,,,N
SYSTEM,IMP_PARTARAN,2,FDI,VARCHAR2,1,,,Y
SYSTEM,IMP_PARTARAN,3,ICE,VARCHAR2,1,,,N
SYSTEM,IMP_PARTARAN,4,RESTRICC,VARCHAR2,200,,,N
SYSTEM,IMP_PARTARAN,5,LIBERAIVA,VARCHAR2,1,,,N
SYSTEM,IMP_PARTARAN,6,DESCRIPC,VARCHAR2,500,,,N
SYSTEM,IMP_PARTARAN,7,TASAIVA,VARCHAR2,1,,,N
SYSTEM,IMP_PARTARAN,8,TASAPART,NUMBER,22,15,5,Y
SYSTEM,IMP_PARTARAN,9,FECHCREA,DATE,7,,,N
SYSTEM,IMP_PARTARAN,10,USUACREA,VARCHAR2,20,,,N
SYSTEM,IMP_PARTARAN,11,FECHACTU,DATE,7,,,Y
SYSTEM,IMP_PARTARAN,12,USUACTUA,VARCHAR2,20,,,Y
SYSTEM,IMP_PARTARAN,13,NANDINA1,VARCHAR2,30,,,Y
SYSTEM,IMP_PARTARAN,14,NANDINA2,VARCHAR2,30,,,Y
SYSTEM,IMP_REFECONT,1,RCNT_ID,NUMBER,22,10,0,N
SYSTEM,IMP_REFECONT,2,ASTO_COMPANIA,VARCHAR2,10,,,Y
SYSTEM,IMP_REFECONT,3,ASTO_NUMEDIAR,NUMBER,22,10,0,Y
SYSTEM,IMP_REFECONT,4,IMPT_NUMEIMPO,NUMBER,22,10,0,Y
SYSTEM,IMP_REFECONT,5,IMPT_COMPANIA,VARCHAR2,10,,,Y
SYSTEM,IMP_REFECONT,6,IMPT_OFICINA,VARCHAR2,3,,,Y
SYSTEM,IMP_REFECONT,7,FECHCREA,DATE,7,,,N
SYSTEM,IMP_REFECONT,8,USUACREA,VARCHAR2,20,,,N
SYSTEM,IMP_REFECONT,9,FECHACTU,DATE,7,,,Y
SYSTEM,IMP_REFECONT,10,USUACTUA,VARCHAR2,20,,,Y
SYSTEM,IMP_REGIMSRI,1,CODIGO,VARCHAR2,2,,,N
SYSTEM,IMP_REGIMSRI,2,DESCRIPC,VARCHAR2,120,,,Y
SYSTEM,IMP_REGIMSRI,3,FECHCREA,DATE,7,,,N
SYSTEM,IMP_REGIMSRI,4,USUACREA,VARCHAR2,20,,,N
SYSTEM,IMP_REGIMSRI,5,FECHACTU,DATE,7,,,Y
SYSTEM,IMP_REGIMSRI,6,USUACTUA,VARCHAR2,20,,,Y
SYSTEM,IMP_SIMULACI,1,SMLC_ID,NUMBER,22,10,0,N
SYSTEM,IMP_SIMULACI,2,USUACREA,VARCHAR2,20,,,N
SYSTEM,IMP_SIMULACI,3,FECHCREA,DATE,7,,,N
SYSTEM,IMP_SIMULACI,4,FECHACTU,DATE,7,,,Y
SYSTEM,IMP_SIMULACI,5,USUACTUA,VARCHAR2,20,,,Y
SYSTEM,IMP_SIMULACI,6,VALOR,NUMBER,22,16,2,Y
SYSTEM,IMP_SIMULACI,7,IMPT_COMPANIA,VARCHAR2,10,,,Y
SYSTEM,IMP_SIMULACI,8,IMPT_OFICINA,VARCHAR2,3,,,Y
SYSTEM,IMP_SIMULACI,9,IMPT_NUMEIMPO,NUMBER,22,10,0,Y
SYSTEM,IMP_SIMULACI,10,TCSI_COMPANIA,VARCHAR2,10,,,N
SYSTEM,IMP_SIMULACI,11,TCSI_TIPOCOST,VARCHAR2,10,,,N
SYSTEM,IMP_SIMULACI,12,TICA_FECHA,DATE,7,,,N
SYSTEM,IMP_SIMULACI,13,TICA_MONEDA,VARCHAR2,5,,,N
SYSTEM,IMP_TIPOIMPEXP,1,TIPOIMEX,VARCHAR2,2,,,N
SYSTEM,IMP_TIPOIMPEXP,2,DESCRIPC,VARCHAR2,30,,,N
SYSTEM,IMP_TIPOIMPEXP,3,FECHCREA,DATE,7,,,N
SYSTEM,IMP_TIPOIMPEXP,4,USUACREA,VARCHAR2,20,,,N
SYSTEM,IMP_TIPOIMPEXP,5,FECHACTU,DATE,7,,,Y
SYSTEM,IMP_TIPOIMPEXP,6,USUACTUA,VARCHAR2,20,,,Y
SYSTEM,IMP_TRANSFER,1,AUXT_ID,NUMBER,22,10,0,N
SYSTEM,IMP_TRANSFER,2,O003,NUMBER,22,16,6,Y
SYSTEM,IMP_TRANSFER,3,O015,NUMBER,22,16,6,Y
SYSTEM,IMP_TRANSFER,4,O006,NUMBER,22,16,6,Y
SYSTEM,IMP_TRANSFER,5,O008,NUMBER,22,16,6,Y
SYSTEM,IMP_TRANSFER,6,O001,NUMBER,22,16,6,Y
SYSTEM,IMP_TRANSFER,7,O007,NUMBER,22,16,6,Y
SYSTEM,IMP_TRANSFER,8,O013,NUMBER,22,16,6,Y
SYSTEM,IMP_TRANSFER,9,O005,NUMBER,22,16,6,Y
SYSTEM,IMP_TRANSFER,10,O012,NUMBER,22,16,6,Y
SYSTEM,IMP_TRANSFER,11,O004,NUMBER,22,16,6,Y
SYSTEM,IMP_TRANSFER,12,O011,NUMBER,22,16,6,Y
SYSTEM,IMP_TRANSFER,13,O014,NUMBER,22,16,6,Y
SYSTEM,IMP_TRANSFER,14,O002,NUMBER,22,16,6,Y
SYSTEM,IMP_TRANSFER,15,O010,NUMBER,22,16,6,Y
SYSTEM,IMP_TRANSFER,16,O009,NUMBER,22,16,6,Y
SYSTEM,IMP_TRANSFER,17,ARTL_COMPANIA,VARCHAR2,10,,,Y
SYSTEM,IMP_TRANSFER,18,ARTL_CODIGRUP,VARCHAR2,20,,,Y
SYSTEM,IMP_TRANSFER,19,ARTL_ARTICULO,VARCHAR2,30,,,Y
SYSTEM,IMP_TRANSFER,20,ARTL_CLASE,VARCHAR2,20,,,Y
SYSTEM,IMP_TRANSFER,21,IMPT_COMPANIA,VARCHAR2,10,,,Y
SYSTEM,IMP_TRANSFER,22,IMPT_OFICINA,VARCHAR2,3,,,Y
SYSTEM,IMP_TRANSFER,23,IMPT_NUMEIMPO,NUMBER,22,10,0,Y
SYSTEM,IMP_VERIFICADO,1,CODIGO,VARCHAR2,10,,,N
SYSTEM,IMP_VERIFICADO,2,DESCRIPC,VARCHAR2,80,,,N
SYSTEM,IMP_VERIFICADO,3,FECHCREA,DATE,7,,,N
SYSTEM,IMP_VERIFICADO,4,USUACREA,VARCHAR2,20,,,N
SYSTEM,IMP_VERIFICADO,5,USUACTUA,VARCHAR2,20,,,Y
SYSTEM,IMP_VERIFICADO,6,FECHACTU,DATE,7,,,Y
SYSTEM,IMP_ZONAEMBA,1,PAIS_CODIPAIS,VARCHAR2,2,,,N
SYSTEM,IMP_ZONAEMBA,2,CODIGO,VARCHAR2,5,,,N
SYSTEM,IMP_ZONAEMBA,3,DESCRIPC,VARCHAR2,30,,,N
SYSTEM,IMP_ZONAEMBA,4,FECHCREA,DATE,7,,,N
SYSTEM,IMP_ZONAEMBA,5,USUACREA,VARCHAR2,20,,,N
SYSTEM,IMP_ZONAEMBA,6,FECHACTU,DATE,7,,,Y
SYSTEM,IMP_ZONAEMBA,7,USUACTUA,VARCHAR2,20,,,Y
SYSTEM,INF_ASOCONEX,1,FECHA,DATE,7,,,N
SYSTEM,INF_ASOCONEX,2,OBSERVAC,VARCHAR2,100,,,Y
SYSTEM,INF_ASOCONEX,3,VIGENTE,VARCHAR2,1,,,N
SYSTEM,INF_ASOCONEX,4,USUACREA,VARCHAR2,20,,,N
SYSTEM,INF_ASOCONEX,5,FECHCREA,DATE,7,,,N
SYSTEM,INF_ASOCONEX,6,USUACTUA,VARCHAR2,20,,,Y
SYSTEM,INF_ASOCONEX,7,FECHACTU,DATE,7,,,Y
SYSTEM,INF_ASOCONEX,8,AFDM_AFDM_ID,NUMBER,22,10,0,N
SYSTEM,INF_ASOCONEX,9,INTE_SSID,VARCHAR2,4,,,N
SYSTEM,INF_DETAEQUI,1,INDE_ID,NUMBER,22,10,0,N
SYSTEM,INF_DETAEQUI,2,MAC,VARCHAR2,35,,,Y
SYSTEM,INF_DETAEQUI,3,IP,VARCHAR2,25,,,Y
SYSTEM,INF_DETAEQUI,4,FECHA,DATE,7,,,N
SYSTEM,INF_DETAEQUI,5,CLAVACCES,VARCHAR2,30,,,Y
SYSTEM,INF_DETAEQUI,6,USUARIO,VARCHAR2,50,,,Y
SYSTEM,INF_DETAEQUI,7,FICHTECN,BFILE,530,,,Y
SYSTEM,INF_DETAEQUI,8,OBSERVAC,VARCHAR2,100,,,Y
SYSTEM,INF_DETAEQUI,9,USUACREA,VARCHAR2,20,,,N
SYSTEM,INF_DETAEQUI,10,FECHCREA,DATE,7,,,N
SYSTEM,INF_DETAEQUI,11,USUACTUA,VARCHAR2,20,,,Y
SYSTEM,INF_DETAEQUI,12,FECHACTU,DATE,7,,,Y
SYSTEM,INF_DETAEQUI,13,EGEN_ESTADO,VARCHAR2,2,,,N
SYSTEM,INF_DETAEQUI,14,INDN_INDN_ID,NUMBER,22,10,0,N
SYSTEM,INF_DETAEQUI,15,AFIJ_CODIGO,VARCHAR2,20,,,N
SYSTEM,INF_DETAEQUI,16,AFIJ_CLASE,VARCHAR2,10,,,N
SYSTEM,INF_DETAEQUI,17,AFIJ_COMPANIA,VARCHAR2,10,,,N
SYSTEM,INF_INTERFAC,1,EGEN_ESTADO,VARCHAR2,2,,,Y
SYSTEM,INF_INTERFAC,2,INDE_INDE_ID,NUMBER,22,10,0,N
SYSTEM,INF_INTERFAC,3,SSID,VARCHAR2,4,,,N
SYSTEM,INF_INTERFAC,4,MAC,VARCHAR2,50,,,N
SYSTEM,INF_INTERFAC,5,TIPOENCRI,VARCHAR2,4,,,N
SYSTEM,INF_INTERFAC,6,ENCRIPTAC,VARCHAR2,50,,,N
SYSTEM,INF_INTERFAC,7,NOMBINTF,VARCHAR2,50,,,Y
SYSTEM,INF_INTERFAC,8,NOMBSSID,VARCHAR2,50,,,Y
SYSTEM,INF_INTERFAC,9,FRECUENC,NUMBER,22,10,0,N
SYSTEM,INF_INTERFAC,10,MODOTRAB,VARCHAR2,4,,,N
SYSTEM,INF_INTERFAC,11,MAXICONE,NUMBER,22,4,0,Y
SYSTEM,INF_INTERFAC,12,USUACREA,VARCHAR2,20,,,N
SYSTEM,INF_INTERFAC,13,FECHCREA,DATE,7,,,N
SYSTEM,INF_INTERFAC,14,USUACTUA,VARCHAR2,20,,,Y
SYSTEM,INF_INTERFAC,15,FECHACTU,DATE,7,,,Y
SYSTEM,INF_INTERFAC,16,AFIJ_CLASE,VARCHAR2,10,,,Y
SYSTEM,INF_INTERFAC,17,AFIJ_CODIGO,VARCHAR2,20,,,Y
SYSTEM,INF_INTERFAC,18,AFIJ_COMPANIA,VARCHAR2,10,,,Y
SYSTEM,INF_INTERFAC,19,INTE_SSID,VARCHAR2,4,,,Y
SYSTEM,INF_INTERFAC,20,INTA_TIPO,VARCHAR2,20,,,Y
SYSTEM,INF_RESPNODO,1,INRN_ID,NUMBER,22,10,0,N
SYSTEM,INF_RESPNODO,2,CEDURUC,VARCHAR2,13,,,Y
SYSTEM,INF_RESPNODO,3,NOMBRE,VARCHAR2,50,,,N
SYSTEM,INF_RESPNODO,4,DIRECCION,VARCHAR2,100,,,N
SYSTEM,INF_RESPNODO,5,TELEFONO,VARCHAR2,30,,,Y
SYSTEM,INF_RESPNODO,6,USUACREA,VARCHAR2,20,,,N
SYSTEM,INF_RESPNODO,7,FECHCREA,DATE,7,,,N
SYSTEM,INF_RESPNODO,8,USUACTUA,VARCHAR2,20,,,Y
SYSTEM,INF_RESPNODO,9,FECHACTU,DATE,7,,,Y
SYSTEM,INF_RESPNODO,10,INDN_INDN_ID,NUMBER,22,10,0,N
SYSTEM,INF_TIPOANTE,1,TIPO,VARCHAR2,20,,,N
SYSTEM,INF_TIPOANTE,2,POLARI,VARCHAR2,2,,,Y
SYSTEM,INF_TIPOANTE,3,COBERTUR,NUMBER,22,3,0,Y
SYSTEM,INF_TIPOANTE,4,GANANCIA,NUMBER,22,4,0,Y
SYSTEM,INF_TIPOANTE,5,USUACREA,VARCHAR2,20,,,N
SYSTEM,INF_TIPOANTE,6,FECHCREA,DATE,7,,,N
SYSTEM,INF_TIPOANTE,7,USUACTUA,VARCHAR2,20,,,Y
SYSTEM,INF_TIPOANTE,8,FECHACTU,DATE,7,,,Y
SYSTEM,INF_TIPOANTE,9,AFIJ_COMPANIA,VARCHAR2,10,,,Y
SYSTEM,INF_TIPOANTE,10,AFIJ_CODIGO,VARCHAR2,20,,,Y
SYSTEM,INF_TIPOANTE,11,AFIJ_CLASE,VARCHAR2,10,,,Y
SYSTEM,LOC_MEARBABU,1,MAAB_ID,NUMBER,22,10,0,N
SYSTEM,LOC_MEARBABU,2,NODOSGNT,NUMBER,22,10,0,N
SYSTEM,LOC_MEARBABU,3,NODOANTE,NUMBER,22,10,0,N
SYSTEM,LOC_MEARBABU,4,ETQTOPMN,VARCHAR2,100,,,N
SYSTEM,LOC_MEARBABU,5,ETQTPNTL,VARCHAR2,25,,,N
SYSTEM,LOC_MEARBABU,6,NODOESTD,VARCHAR2,5,,,N
SYSTEM,LOC_MEARBABU,7,USUACREA,VARCHAR2,20,,,N
SYSTEM,LOC_MEARBABU,8,FECHCREA,DATE,7,,,N
SYSTEM,LOC_MEARBABU,9,ETQTDSGR,VARCHAR2,25,,,Y
SYSTEM,LOC_MEARBABU,10,USUACTUA,VARCHAR2,20,,,Y
SYSTEM,LOC_MEARBABU,11,FECHACTU,DATE,7,,,Y
SYSTEM,LOC_OBJEAYUD,1,OBAY_ID,NUMBER,22,10,0,N
SYSTEM,LOC_OBJEAYUD,2,USUACREA,VARCHAR2,20,,,N
SYSTEM,LOC_OBJEAYUD,3,FECHCREA,DATE,7,,,N
SYSTEM,LOC_OBJEAYUD,4,FORMNOMB,VARCHAR2,20,,,Y
SYSTEM,LOC_OBJEAYUD,5,AYUDDESC,VARCHAR2,4000,,,Y
SYSTEM,LOC_OBJEAYUD,6,AYUDESTA,NUMBER,22,5,0,Y
SYSTEM,LOC_OBJEAYUD,7,USUACTUA,VARCHAR2,20,,,Y
SYSTEM,LOC_OBJEAYUD,8,FECHACTU,DATE,7,,,Y
SYSTEM,LOC_OBJEERRO,1,OBER_ID,NUMBER,22,10,0,N
SYSTEM,LOC_OBJEERRO,2,USUACREA,VARCHAR2,20,,,N
SYSTEM,LOC_OBJEERRO,3,FECHCREA,DATE,7,,,N
SYSTEM,LOC_OBJEERRO,4,ERROTIPO,VARCHAR2,300,,,Y
SYSTEM,LOC_OBJEERRO,5,ERROCODI,VARCHAR2,1000,,,Y
SYSTEM,LOC_OBJEERRO,6,ERRODESC,VARCHAR2,4000,,,Y
SYSTEM,LOC_OBJEERRO,7,USUACTUA,VARCHAR2,20,,,Y
SYSTEM,LOC_OBJEERRO,8,FECHACTU,DATE,7,,,Y
SYSTEM,LOGMNR_AGE_SPILL$,1,SESSION#,NUMBER,22,,,N
SYSTEM,LOGMNR_AGE_SPILL$,2,XIDUSN,NUMBER,22,,,N
SYSTEM,LOGMNR_AGE_SPILL$,3,XIDSLT,NUMBER,22,,,N
SYSTEM,LOGMNR_AGE_SPILL$,4,XIDSQN,NUMBER,22,,,N
SYSTEM,LOGMNR_AGE_SPILL$,5,CHUNK,NUMBER,22,,,N
SYSTEM,LOGMNR_AGE_SPILL$,6,SEQUENCE#,NUMBER,22,,,N
SYSTEM,LOGMNR_AGE_SPILL$,7,OFFSET,NUMBER,22,,,Y
SYSTEM,LOGMNR_AGE_SPILL$,8,SPILL_DATA,BLOB,4000,,,Y
SYSTEM,LOGMNR_AGE_SPILL$,9,SPARE1,NUMBER,22,,,Y
SYSTEM,LOGMNR_AGE_SPILL$,10,SPARE2,NUMBER,22,,,Y
SYSTEM,LOGMNR_AGE_SPILL$,11,PDBID,NUMBER,22,,,N
SYSTEM,LOGMNR_ATTRCOL$,1,INTCOL#,NUMBER,22,,,Y
SYSTEM,LOGMNR_ATTRCOL$,2,NAME,VARCHAR2,4000,,,Y
SYSTEM,LOGMNR_ATTRCOL$,3,OBJ#,NUMBER,22,,,N
SYSTEM,LOGMNR_ATTRCOL$,4,LOGMNR_UID,NUMBER,22,22,0,Y
SYSTEM,LOGMNR_ATTRCOL$,5,LOGMNR_FLAGS,NUMBER,22,22,0,Y
SYSTEM,LOGMNR_ATTRIBUTE$,1,VERSION#,NUMBER,22,,,Y
SYSTEM,LOGMNR_ATTRIBUTE$,2,NAME,VARCHAR2,384,,,Y
SYSTEM,LOGMNR_ATTRIBUTE$,3,ATTRIBUTE#,NUMBER,22,,,Y
SYSTEM,LOGMNR_ATTRIBUTE$,4,ATTR_TOID,RAW,16,,,Y
SYSTEM,LOGMNR_ATTRIBUTE$,5,ATTR_VERSION#,NUMBER,22,,,Y
SYSTEM,LOGMNR_ATTRIBUTE$,6,SYNOBJ#,NUMBER,22,,,Y
SYSTEM,LOGMNR_ATTRIBUTE$,7,PROPERTIES,NUMBER,22,,,Y
SYSTEM,LOGMNR_ATTRIBUTE$,8,CHARSETID,NUMBER,22,,,Y
SYSTEM,LOGMNR_ATTRIBUTE$,9,CHARSETFORM,NUMBER,22,,,Y
SYSTEM,LOGMNR_ATTRIBUTE$,10,LENGTH,NUMBER,22,,,Y
SYSTEM,LOGMNR_ATTRIBUTE$,11,PRECISION#,NUMBER,22,,,Y
SYSTEM,LOGMNR_ATTRIBUTE$,12,SCALE,NUMBER,22,,,Y
SYSTEM,LOGMNR_ATTRIBUTE$,13,EXTERNNAME,VARCHAR2,4000,,,Y
SYSTEM,LOGMNR_ATTRIBUTE$,14,XFLAGS,NUMBER,22,,,Y
SYSTEM,LOGMNR_ATTRIBUTE$,15,SPARE1,NUMBER,22,,,Y
SYSTEM,LOGMNR_ATTRIBUTE$,16,SPARE2,NUMBER,22,,,Y
SYSTEM,LOGMNR_ATTRIBUTE$,17,SPARE3,NUMBER,22,,,Y
SYSTEM,LOGMNR_ATTRIBUTE$,18,SPARE4,NUMBER,22,,,Y
SYSTEM,LOGMNR_ATTRIBUTE$,19,SPARE5,NUMBER,22,,,Y
SYSTEM,LOGMNR_ATTRIBUTE$,20,SETTER,NUMBER,22,,,Y
SYSTEM,LOGMNR_ATTRIBUTE$,21,GETTER,NUMBER,22,,,Y
SYSTEM,LOGMNR_ATTRIBUTE$,22,TOID,RAW,16,,,N
SYSTEM,LOGMNR_ATTRIBUTE$,23,LOGMNR_UID,NUMBER,22,22,0,Y
SYSTEM,LOGMNR_ATTRIBUTE$,24,LOGMNR_FLAGS,NUMBER,22,22,0,Y
SYSTEM,LOGMNR_CCOL$,1,CON#,NUMBER,22,,,Y
SYSTEM,LOGMNR_CCOL$,2,OBJ#,NUMBER,22,,,Y
SYSTEM,LOGMNR_CCOL$,3,COL#,NUMBER,22,,,Y
SYSTEM,LOGMNR_CCOL$,4,POS#,NUMBER,22,,,Y
SYSTEM,LOGMNR_CCOL$,5,INTCOL#,NUMBER,22,,,N
SYSTEM,LOGMNR_CCOL$,6,LOGMNR_UID,NUMBER,22,22,0,Y
SYSTEM,LOGMNR_CCOL$,7,LOGMNR_FLAGS,NUMBER,22,22,0,Y
SYSTEM,LOGMNRC_CONCOL_GG,1,LOGMNR_UID,NUMBER,22,,,N
SYSTEM,LOGMNRC_CONCOL_GG,2,CON#,NUMBER,22,,,N
SYSTEM,LOGMNRC_CONCOL_GG,3,COMMIT_SCN,NUMBER,22,,,N
SYSTEM,LOGMNRC_CONCOL_GG,4,INTCOL#,NUMBER,22,,,N
SYSTEM,LOGMNRC_CONCOL_GG,5,POS#,NUMBER,22,,,Y
SYSTEM,LOGMNRC_CONCOL_GG,6,SPARE1,NUMBER,22,,,Y
SYSTEM,LOGMNRC_CONCOL_GG,7,SPARE2,NUMBER,22,,,Y
SYSTEM,LOGMNRC_CONCOL_GG,8,SPARE3,VARCHAR2,4000,,,Y
SYSTEM,LOGMNRC_CON_GG,1,LOGMNR_UID,NUMBER,22,,,N
SYSTEM,LOGMNRC_CON_GG,2,CON#,NUMBER,22,,,N
SYSTEM,LOGMNRC_CON_GG,3,NAME,VARCHAR2,384,,,N
SYSTEM,LOGMNRC_CON_GG,4,COMMIT_SCN,NUMBER,22,,,N
SYSTEM,LOGMNRC_CON_GG,5,DROP_SCN,NUMBER,22,,,Y
SYSTEM,LOGMNRC_CON_GG,6,BASEOBJ#,NUMBER,22,,,N
SYSTEM,LOGMNRC_CON_GG,7,BASEOBJV#,NUMBER,22,,,N
SYSTEM,LOGMNRC_CON_GG,8,FLAGS,NUMBER,22,,,N
SYSTEM,LOGMNRC_CON_GG,9,INDEXOBJ#,NUMBER,22,,,Y
SYSTEM,LOGMNRC_CON_GG,10,SPARE1,NUMBER,22,,,Y
SYSTEM,LOGMNRC_CON_GG,11,SPARE2,NUMBER,22,,,Y
SYSTEM,LOGMNRC_CON_GG,12,SPARE3,NUMBER,22,,,Y
SYSTEM,LOGMNRC_CON_GG,13,SPARE4,VARCHAR2,4000,,,Y
SYSTEM,LOGMNRC_CON_GG,14,SPARE5,VARCHAR2,4000,,,Y
SYSTEM,LOGMNRC_CON_GG,15,SPARE6,VARCHAR2,4000,,,Y
SYSTEM,LOGMNRC_DBNAME_UID_MAP,1,GLOBAL_NAME,VARCHAR2,384,,,N
SYSTEM,LOGMNRC_DBNAME_UID_MAP,2,LOGMNR_UID,NUMBER,22,,,Y
SYSTEM,LOGMNRC_DBNAME_UID_MAP,3,FLAGS,NUMBER,22,,,Y
SYSTEM,LOGMNRC_DBNAME_UID_MAP,4,PDB_NAME,VARCHAR2,384,,,Y
SYSTEM,LOGMNRC_DBNAME_UID_MAP,5,LOGMNR_MDH,NUMBER,22,,,N
SYSTEM,LOGMNR_CDEF$,1,CON#,NUMBER,22,,,Y
SYSTEM,LOGMNR_CDEF$,2,COLS,NUMBER,22,,,Y
SYSTEM,LOGMNR_CDEF$,3,TYPE#,NUMBER,22,,,Y
SYSTEM,LOGMNR_CDEF$,4,ROBJ#,NUMBER,22,,,Y
SYSTEM,LOGMNR_CDEF$,5,RCON#,NUMBER,22,,,Y
SYSTEM,LOGMNR_CDEF$,6,ENABLED,NUMBER,22,,,Y
SYSTEM,LOGMNR_CDEF$,7,DEFER,NUMBER,22,,,Y
SYSTEM,LOGMNR_CDEF$,8,OBJ#,NUMBER,22,,,N
SYSTEM,LOGMNR_CDEF$,9,LOGMNR_UID,NUMBER,22,22,0,Y
SYSTEM,LOGMNR_CDEF$,10,LOGMNR_FLAGS,NUMBER,22,22,0,Y
SYSTEM,LOGMNRC_GSBA,1,LOGMNR_UID,NUMBER,22,,,N
SYSTEM,LOGMNRC_GSBA,2,AS_OF_SCN,NUMBER,22,,,N
SYSTEM,LOGMNRC_GSBA,3,FDO_LENGTH,NUMBER,22,,,Y
SYSTEM,LOGMNRC_GSBA,4,FDO_VALUE,RAW,255,,,Y
SYSTEM,LOGMNRC_GSBA,5,CHARSETID,NUMBER,22,,,Y
SYSTEM,LOGMNRC_GSBA,6,NCHARSETID,NUMBER,22,,,Y
SYSTEM,LOGMNRC_GSBA,7,DBTIMEZONE_LEN,NUMBER,22,,,Y
SYSTEM,LOGMNRC_GSBA,8,DBTIMEZONE_VALUE,VARCHAR2,192,,,Y
SYSTEM,LOGMNRC_GSBA,9,LOGMNR_SPARE1,NUMBER,22,,,Y
SYSTEM,LOGMNRC_GSBA,10,LOGMNR_SPARE2,NUMBER,22,,,Y
SYSTEM,LOGMNRC_GSBA,11,LOGMNR_SPARE3,VARCHAR2,1000,,,Y
SYSTEM,LOGMNRC_GSBA,12,LOGMNR_SPARE4,DATE,7,,,Y
SYSTEM,LOGMNRC_GSBA,13,DB_GLOBAL_NAME,VARCHAR2,384,,,Y
SYSTEM,LOGMNRC_GSII,1,LOGMNR_UID,NUMBER,22,,,N
SYSTEM,LOGMNRC_GSII,2,OBJ#,NUMBER,22,,,N
SYSTEM,LOGMNRC_GSII,3,BO#,NUMBER,22,,,N
SYSTEM,LOGMNRC_GSII,4,INDTYPE#,NUMBER,22,,,N
SYSTEM,LOGMNRC_GSII,5,DROP_SCN,NUMBER,22,,,Y
SYSTEM,LOGMNRC_GSII,6,LOGMNR_SPARE1,NUMBER,22,,,Y
SYSTEM,LOGMNRC_GSII,7,LOGMNR_SPARE2,NUMBER,22,,,Y
SYSTEM,LOGMNRC_GSII,8,LOGMNR_SPARE3,VARCHAR2,1000,,,Y
SYSTEM,LOGMNRC_GSII,9,LOGMNR_SPARE4,DATE,7,,,Y
SYSTEM,LOGMNRC_GTCS,1,LOGMNR_UID,NUMBER,22,,,N
SYSTEM,LOGMNRC_GTCS,2,OBJ#,NUMBER,22,,,N
SYSTEM,LOGMNRC_GTCS,3,OBJV#,NUMBER,22,,,N
SYSTEM,LOGMNRC_GTCS,4,SEGCOL#,NUMBER,22,,,N
SYSTEM,LOGMNRC_GTCS,5,INTCOL#,NUMBER,22,,,N
SYSTEM,LOGMNRC_GTCS,6,COLNAME,VARCHAR2,384,,,N
SYSTEM,LOGMNRC_GTCS,7,TYPE#,NUMBER,22,,,N
SYSTEM,LOGMNRC_GTCS,8,LENGTH,NUMBER,22,,,Y
SYSTEM,LOGMNRC_GTCS,9,PRECISION,NUMBER,22,,,Y
SYSTEM,LOGMNRC_GTCS,10,SCALE,NUMBER,22,,,Y
SYSTEM,LOGMNRC_GTCS,11,INTERVAL_LEADING_PRECISION,NUMBER,22,,,Y
SYSTEM,LOGMNRC_GTCS,12,INTERVAL_TRAILING_PRECISION,NUMBER,22,,,Y
SYSTEM,LOGMNRC_GTCS,13,PROPERTY,NUMBER,22,,,Y
SYSTEM,LOGMNRC_GTCS,14,TOID,RAW,16,,,Y
SYSTEM,LOGMNRC_GTCS,15,CHARSETID,NUMBER,22,,,Y
SYSTEM,LOGMNRC_GTCS,16,CHARSETFORM,NUMBER,22,,,Y
SYSTEM,LOGMNRC_GTCS,17,TYPENAME,VARCHAR2,384,,,Y
SYSTEM,LOGMNRC_GTCS,18,FQCOLNAME,VARCHAR2,4000,,,Y
SYSTEM,LOGMNRC_GTCS,19,NUMINTCOLS,NUMBER,22,,,Y
SYSTEM,LOGMNRC_GTCS,20,NUMATTRS,NUMBER,22,,,Y
SYSTEM,LOGMNRC_GTCS,21,ADTORDER,NUMBER,22,,,Y
SYSTEM,LOGMNRC_GTCS,22,LOGMNR_SPARE1,NUMBER,22,,,Y
SYSTEM,LOGMNRC_GTCS,23,LOGMNR_SPARE2,NUMBER,22,,,Y
SYSTEM,LOGMNRC_GTCS,24,LOGMNR_SPARE3,VARCHAR2,1000,,,Y
SYSTEM,LOGMNRC_GTCS,25,LOGMNR_SPARE4,DATE,7,,,Y
SYSTEM,LOGMNRC_GTCS,26,LOGMNR_SPARE5,NUMBER,22,,,Y
SYSTEM,LOGMNRC_GTCS,27,LOGMNR_SPARE6,NUMBER,22,,,Y
SYSTEM,LOGMNRC_GTCS,28,LOGMNR_SPARE7,NUMBER,22,,,Y
SYSTEM,LOGMNRC_GTCS,29,LOGMNR_SPARE8,NUMBER,22,,,Y
SYSTEM,LOGMNRC_GTCS,30,LOGMNR_SPARE9,NUMBER,22,,,Y
SYSTEM,LOGMNRC_GTCS,31,COL#,NUMBER,22,,,Y
SYSTEM,LOGMNRC_GTCS,32,XTYPESCHEMANAME,VARCHAR2,384,,,Y
SYSTEM,LOGMNRC_GTCS,33,XTYPENAME,VARCHAR2,4000,,,Y
SYSTEM,LOGMNRC_GTCS,34,XFQCOLNAME,VARCHAR2,4000,,,Y
SYSTEM,LOGMNRC_GTCS,35,XTOPINTCOL,NUMBER,22,,,Y
SYSTEM,LOGMNRC_GTCS,36,XREFFEDTABLEOBJN,NUMBER,22,,,Y
SYSTEM,LOGMNRC_GTCS,37,XREFFEDTABLEOBJV,NUMBER,22,,,Y
SYSTEM,LOGMNRC_GTCS,38,XCOLTYPEFLAGS,NUMBER,22,,,Y
SYSTEM,LOGMNRC_GTCS,39,XOPQTYPETYPE,NUMBER,22,,,Y
SYSTEM,LOGMNRC_GTCS,40,XOPQTYPEFLAGS,NUMBER,22,,,Y
SYSTEM,LOGMNRC_GTCS,41,XOPQLOBINTCOL,NUMBER,22,,,Y
SYSTEM,LOGMNRC_GTCS,42,XOPQOBJINTCOL,NUMBER,22,,,Y
SYSTEM,LOGMNRC_GTCS,43,XXMLINTCOL,NUMBER,22,,,Y
SYSTEM,LOGMNRC_GTCS,44,EAOWNER#,NUMBER,22,,,Y
SYSTEM,LOGMNRC_GTCS,45,EAMKEYID,VARCHAR2,192,,,Y
SYSTEM,LOGMNRC_GTCS,46,EAENCALG,NUMBER,22,,,Y
SYSTEM,LOGMNRC_GTCS,47,EAINTALG,NUMBER,22,,,Y
SYSTEM,LOGMNRC_GTCS,48,EACOLKLC,RAW,2000,,,Y
SYSTEM,LOGMNRC_GTCS,49,EAKLCLEN,NUMBER,22,,,Y
SYSTEM,LOGMNRC_GTCS,50,EAFLAGS,NUMBER,22,,,Y
SYSTEM,LOGMNRC_GTCS,51,LOGMNRDERIVEDFLAGS,NUMBER,22,,,Y
SYSTEM,LOGMNRC_GTCS,52,COLLID,NUMBER,22,,,Y
SYSTEM,LOGMNRC_GTCS,53,COLLINTCOL#,NUMBER,22,,,Y
SYSTEM,LOGMNRC_GTCS,54,ACDRRESCOL#,NUMBER,22,,,Y
SYSTEM,LOGMNRC_GTLO,1,LOGMNR_UID,NUMBER,22,,,N
SYSTEM,LOGMNRC_GTLO,2,KEYOBJ#,NUMBER,22,,,N
SYSTEM,LOGMNRC_GTLO,3,LVLCNT,NUMBER,22,,,N
SYSTEM,LOGMNRC_GTLO,4,BASEOBJ#,NUMBER,22,,,N
SYSTEM,LOGMNRC_GTLO,5,BASEOBJV#,NUMBER,22,,,N
SYSTEM,LOGMNRC_GTLO,6,LVL1OBJ#,NUMBER,22,,,Y
SYSTEM,LOGMNRC_GTLO,7,LVL2OBJ#,NUMBER,22,,,Y
SYSTEM,LOGMNRC_GTLO,8,LVL0TYPE#,NUMBER,22,,,N
SYSTEM,LOGMNRC_GTLO,9,LVL1TYPE#,NUMBER,22,,,Y
SYSTEM,LOGMNRC_GTLO,10,LVL2TYPE#,NUMBER,22,,,Y
SYSTEM,LOGMNRC_GTLO,11,OWNER#,NUMBER,22,,,Y
SYSTEM,LOGMNRC_GTLO,12,OWNERNAME,VARCHAR2,384,,,N
SYSTEM,LOGMNRC_GTLO,13,LVL0NAME,VARCHAR2,384,,,N
SYSTEM,LOGMNRC_GTLO,14,LVL1NAME,VARCHAR2,384,,,Y
SYSTEM,LOGMNRC_GTLO,15,LVL2NAME,VARCHAR2,384,,,Y
SYSTEM,LOGMNRC_GTLO,16,INTCOLS,NUMBER,22,,,N
SYSTEM,LOGMNRC_GTLO,17,COLS,NUMBER,22,,,Y
SYSTEM,LOGMNRC_GTLO,18,KERNELCOLS,NUMBER,22,,,Y
SYSTEM,LOGMNRC_GTLO,19,TAB_FLAGS,NUMBER,22,,,Y
SYSTEM,LOGMNRC_GTLO,20,TRIGFLAG,NUMBER,22,,,Y
SYSTEM,LOGMNRC_GTLO,21,ASSOC#,NUMBER,22,,,Y
SYSTEM,LOGMNRC_GTLO,22,OBJ_FLAGS,NUMBER,22,,,Y
SYSTEM,LOGMNRC_GTLO,23,TS#,NUMBER,22,,,Y
SYSTEM,LOGMNRC_GTLO,24,TSNAME,VARCHAR2,90,,,Y
SYSTEM,LOGMNRC_GTLO,25,PROPERTY,NUMBER,22,,,Y
SYSTEM,LOGMNRC_GTLO,26,START_SCN,NUMBER,22,,,N
SYSTEM,LOGMNRC_GTLO,27,DROP_SCN,NUMBER,22,,,Y
SYSTEM,LOGMNRC_GTLO,28,XIDUSN,NUMBER,22,,,Y
SYSTEM,LOGMNRC_GTLO,29,XIDSLT,NUMBER,22,,,Y
SYSTEM,LOGMNRC_GTLO,30,XIDSQN,NUMBER,22,,,Y
SYSTEM,LOGMNRC_GTLO,31,FLAGS,NUMBER,22,,,Y
SYSTEM,LOGMNRC_GTLO,32,LOGMNR_SPARE1,NUMBER,22,,,Y
SYSTEM,LOGMNRC_GTLO,33,LOGMNR_SPARE2,NUMBER,22,,,Y
SYSTEM,LOGMNRC_GTLO,34,LOGMNR_SPARE3,VARCHAR2,1000,,,Y
SYSTEM,LOGMNRC_GTLO,35,LOGMNR_SPARE4,DATE,7,,,Y
SYSTEM,LOGMNRC_GTLO,36,LOGMNR_SPARE5,NUMBER,22,,,Y
SYSTEM,LOGMNRC_GTLO,37,LOGMNR_SPARE6,NUMBER,22,,,Y
SYSTEM,LOGMNRC_GTLO,38,LOGMNR_SPARE7,NUMBER,22,,,Y
SYSTEM,LOGMNRC_GTLO,39,LOGMNR_SPARE8,NUMBER,22,,,Y
SYSTEM,LOGMNRC_GTLO,40,LOGMNR_SPARE9,NUMBER,22,,,Y
SYSTEM,LOGMNRC_GTLO,41,PARTTYPE,NUMBER,22,,,Y
SYSTEM,LOGMNRC_GTLO,42,SUBPARTTYPE,NUMBER,22,,,Y
SYSTEM,LOGMNRC_GTLO,43,UNSUPPORTEDCOLS,NUMBER,22,,,Y
SYSTEM,LOGMNRC_GTLO,44,COMPLEXTYPECOLS,NUMBER,22,,,Y
SYSTEM,LOGMNRC_GTLO,45,NTPARENTOBJNUM,NUMBER,22,,,Y
SYSTEM,LOGMNRC_GTLO,46,NTPARENTOBJVERSION,NUMBER,22,,,Y
SYSTEM,LOGMNRC_GTLO,47,NTPARENTINTCOLNUM,NUMBER,22,,,Y
SYSTEM,LOGMNRC_GTLO,48,LOGMNRTLOFLAGS,NUMBER,22,,,Y
SYSTEM,LOGMNRC_GTLO,49,LOGMNRMCV,VARCHAR2,30,,,Y
SYSTEM,LOGMNRC_GTLO,50,ACDRFLAGS,NUMBER,22,,,Y
SYSTEM,LOGMNRC_GTLO,51,ACDRTSOBJ#,NUMBER,22,,,Y
SYSTEM,LOGMNRC_GTLO,52,ACDRROWTSINTCOL#,NUMBER,22,,,Y
SYSTEM,LOGMNRC_INDCOL_GG,1,LOGMNR_UID,NUMBER,22,,,N
SYSTEM,LOGMNRC_INDCOL_GG,2,OBJ#,NUMBER,22,,,N
SYSTEM,LOGMNRC_INDCOL_GG,3,COMMIT_SCN,NUMBER,22,,,N
SYSTEM,LOGMNRC_INDCOL_GG,4,INTCOL#,NUMBER,22,,,N
SYSTEM,LOGMNRC_INDCOL_GG,5,POS#,NUMBER,22,,,N
SYSTEM,LOGMNRC_INDCOL_GG,6,SPARE1,NUMBER,22,,,Y
SYSTEM,LOGMNRC_INDCOL_GG,7,SPARE2,NUMBER,22,,,Y
SYSTEM,LOGMNRC_INDCOL_GG,8,SPARE3,VARCHAR2,4000,,,Y
SYSTEM,LOGMNRC_IND_GG,1,LOGMNR_UID,NUMBER,22,,,N
SYSTEM,LOGMNRC_IND_GG,2,OBJ#,NUMBER,22,,,N
SYSTEM,LOGMNRC_IND_GG,3,NAME,VARCHAR2,384,,,N
SYSTEM,LOGMNRC_IND_GG,4,COMMIT_SCN,NUMBER,22,,,N
SYSTEM,LOGMNRC_IND_GG,5,DROP_SCN,NUMBER,22,,,Y
SYSTEM,LOGMNRC_IND_GG,6,BASEOBJ#,NUMBER,22,,,N
SYSTEM,LOGMNRC_IND_GG,7,BASEOBJV#,NUMBER,22,,,N
SYSTEM,LOGMNRC_IND_GG,8,FLAGS,NUMBER,22,,,N
SYSTEM,LOGMNRC_IND_GG,9,OWNER#,NUMBER,22,,,N
SYSTEM,LOGMNRC_IND_GG,10,OWNERNAME,VARCHAR2,384,,,N
SYSTEM,LOGMNRC_IND_GG,11,SPARE1,NUMBER,22,,,Y
SYSTEM,LOGMNRC_IND_GG,12,SPARE2,NUMBER,22,,,Y
SYSTEM,LOGMNRC_IND_GG,13,SPARE3,NUMBER,22,,,Y
SYSTEM,LOGMNRC_IND_GG,14,SPARE4,VARCHAR2,4000,,,Y
SYSTEM,LOGMNRC_IND_GG,15,SPARE5,VARCHAR2,4000,,,Y
SYSTEM,LOGMNRC_IND_GG,16,SPARE6,VARCHAR2,4000,,,Y
SYSTEM,LOGMNR_COL$,1,COL#,NUMBER,22,22,0,Y
SYSTEM,LOGMNR_COL$,2,SEGCOL#,NUMBER,22,22,0,Y
SYSTEM,LOGMNR_COL$,3,NAME,VARCHAR2,384,,,Y
SYSTEM,LOGMNR_COL$,4,TYPE#,NUMBER,22,22,0,Y
SYSTEM,LOGMNR_COL$,5,LENGTH,NUMBER,22,22,0,Y
SYSTEM,LOGMNR_COL$,6,PRECISION#,NUMBER,22,22,0,Y
SYSTEM,LOGMNR_COL$,7,SCALE,NUMBER,22,22,0,Y
SYSTEM,LOGMNR_COL$,8,NULL$,NUMBER,22,22,0,Y
SYSTEM,LOGMNR_COL$,9,INTCOL#,NUMBER,22,22,0,Y
SYSTEM,LOGMNR_COL$,10,PROPERTY,NUMBER,22,,,Y
SYSTEM,LOGMNR_COL$,11,CHARSETID,NUMBER,22,22,0,Y
SYSTEM,LOGMNR_COL$,12,CHARSETFORM,NUMBER,22,22,0,Y
SYSTEM,LOGMNR_COL$,13,SPARE1,NUMBER,22,22,0,Y
SYSTEM,LOGMNR_COL$,14,SPARE2,NUMBER,22,22,0,Y
SYSTEM,LOGMNR_COL$,15,OBJ#,NUMBER,22,22,0,N
SYSTEM,LOGMNR_COL$,16,LOGMNR_UID,NUMBER,22,22,0,Y
SYSTEM,LOGMNR_COL$,17,LOGMNR_FLAGS,NUMBER,22,22,0,Y
SYSTEM,LOGMNR_COL$,18,COLLID,NUMBER,22,,,Y
SYSTEM,LOGMNR_COL$,19,COLLINTCOL#,NUMBER,22,,,Y
SYSTEM,LOGMNR_COL$,20,ACDRRESCOL#,NUMBER,22,,,Y
SYSTEM,LOGMNR_COLTYPE$,1,COL#,NUMBER,22,,,Y
SYSTEM,LOGMNR_COLTYPE$,2,INTCOL#,NUMBER,22,,,Y
SYSTEM,LOGMNR_COLTYPE$,3,TOID,RAW,16,,,Y
SYSTEM,LOGMNR_COLTYPE$,4,VERSION#,NUMBER,22,,,Y
SYSTEM,LOGMNR_COLTYPE$,5,PACKED,NUMBER,22,,,Y
SYSTEM,LOGMNR_COLTYPE$,6,INTCOLS,NUMBER,22,,,Y
SYSTEM,LOGMNR_COLTYPE$,7,INTCOL#S,RAW,2000,,,Y
SYSTEM,LOGMNR_COLTYPE$,8,FLAGS,NUMBER,22,,,Y
SYSTEM,LOGMNR_COLTYPE$,9,TYPIDCOL#,NUMBER,22,,,Y
SYSTEM,LOGMNR_COLTYPE$,10,SYNOBJ#,NUMBER,22,,,Y
SYSTEM,LOGMNR_COLTYPE$,11,OBJ#,NUMBER,22,,,N
SYSTEM,LOGMNR_COLTYPE$,12,LOGMNR_UID,NUMBER,22,22,0,Y
SYSTEM,LOGMNR_COLTYPE$,13,LOGMNR_FLAGS,NUMBER,22,22,0,Y
SYSTEM,LOGMNR_CON$,1,OWNER#,NUMBER,22,,,N
SYSTEM,LOGMNR_CON$,2,NAME,VARCHAR2,384,,,N
SYSTEM,LOGMNR_CON$,3,CON#,NUMBER,22,,,N
SYSTEM,LOGMNR_CON$,4,LOGMNR_UID,NUMBER,22,22,0,Y
SYSTEM,LOGMNR_CON$,5,LOGMNR_FLAGS,NUMBER,22,22,0,Y
SYSTEM,LOGMNR_CON$,6,START_SCNBAS,NUMBER,22,,,Y
SYSTEM,LOGMNR_CON$,7,START_SCNWRP,NUMBER,22,,,Y
SYSTEM,LOGMNR_CONTAINER$,1,OBJ#,NUMBER,22,,,N
SYSTEM,LOGMNR_CONTAINER$,2,CON_ID#,NUMBER,22,,,N
SYSTEM,LOGMNR_CONTAINER$,3,DBID,NUMBER,22,,,N
SYSTEM,LOGMNR_CONTAINER$,4,CON_UID,NUMBER,22,,,N
SYSTEM,LOGMNR_CONTAINER$,5,CREATE_SCNWRP,NUMBER,22,,,N
SYSTEM,LOGMNR_CONTAINER$,6,CREATE_SCNBAS,NUMBER,22,,,N
SYSTEM,LOGMNR_CONTAINER$,7,FLAGS,NUMBER,22,,,Y
SYSTEM,LOGMNR_CONTAINER$,8,STATUS,NUMBER,22,,,N
SYSTEM,LOGMNR_CONTAINER$,9,LOGMNR_UID,NUMBER,22,22,0,Y
SYSTEM,LOGMNR_CONTAINER$,10,LOGMNR_FLAGS,NUMBER,22,22,0,Y
SYSTEM,LOGMNR_CONTAINER$,11,VSN,NUMBER,22,,,Y
SYSTEM,LOGMNR_CONTAINER$,12,FED_ROOT_CON_ID#,NUMBER,22,,,Y
SYSTEM,LOGMNRC_SEQ_GG,1,LOGMNR_UID,NUMBER,22,,,N
SYSTEM,LOGMNRC_SEQ_GG,2,OBJ#,NUMBER,22,,,N
SYSTEM,LOGMNRC_SEQ_GG,3,COMMIT_SCN,NUMBER,22,,,N
SYSTEM,LOGMNRC_SEQ_GG,4,DROP_SCN,NUMBER,22,,,Y
SYSTEM,LOGMNRC_SEQ_GG,5,SEQ_FLAGS,NUMBER,22,,,N
SYSTEM,LOGMNRC_SEQ_GG,6,OWNER#,NUMBER,22,,,N
SYSTEM,LOGMNRC_SEQ_GG,7,OWNERNAME,VARCHAR2,384,,,N
SYSTEM,LOGMNRC_SEQ_GG,8,OBJNAME,VARCHAR2,384,,,N
SYSTEM,LOGMNRC_SEQ_GG,9,SEQCACHE,NUMBER,22,,,Y
SYSTEM,LOGMNRC_SEQ_GG,10,SEQINC,NUMBER,22,,,Y
SYSTEM,LOGMNRC_SEQ_GG,11,SPARE1,NUMBER,22,,,Y
SYSTEM,LOGMNRC_SEQ_GG,12,SPARE2,NUMBER,22,,,Y
SYSTEM,LOGMNRC_SEQ_GG,13,SPARE3,VARCHAR2,4000,,,Y
SYSTEM,LOGMNRC_SEQ_GG,14,SPARE4,VARCHAR2,4000,,,Y
SYSTEM,LOGMNRC_SHARD_TS,1,LOGMNR_UID,NUMBER,22,,,N
SYSTEM,LOGMNRC_SHARD_TS,2,TABLESPACE_NAME,VARCHAR2,90,,,N
SYSTEM,LOGMNRC_SHARD_TS,3,CHUNK_NUMBER,NUMBER,22,,,N
SYSTEM,LOGMNRC_SHARD_TS,4,START_SCN,NUMBER,22,,,N
SYSTEM,LOGMNRC_SHARD_TS,5,DROP_SCN,NUMBER,22,,,Y
SYSTEM,LOGMNRC_SHARD_TS,6,SPARE1,NUMBER,22,,,Y
SYSTEM,LOGMNRC_SHARD_TS,7,SPARE2,NUMBER,22,,,Y
SYSTEM,LOGMNRC_SHARD_TS,8,SPARE3,VARCHAR2,4000,,,Y
SYSTEM,LOGMNRC_TS,1,LOGMNR_UID,NUMBER,22,,,N
SYSTEM,LOGMNRC_TS,2,TS#,NUMBER,22,22,0,N
SYSTEM,LOGMNRC_TS,3,NAME,VARCHAR2,90,,,Y
SYSTEM,LOGMNRC_TS,4,START_SCN,NUMBER,22,,,N
SYSTEM,LOGMNRC_TS,5,DROP_SCN,NUMBER,22,,,Y
SYSTEM,LOGMNRC_TS,6,SPARE1,NUMBER,22,,,Y
SYSTEM,LOGMNRC_TS,7,SPARE2,NUMBER,22,,,Y
SYSTEM,LOGMNRC_TS,8,SPARE3,VARCHAR2,4000,,,Y
SYSTEM,LOGMNRC_TSPART,1,LOGMNR_UID,NUMBER,22,,,N
SYSTEM,LOGMNRC_TSPART,2,OBJ#,NUMBER,22,,,N
SYSTEM,LOGMNRC_TSPART,3,TS#,NUMBER,22,,,N
SYSTEM,LOGMNRC_TSPART,4,START_SCN,NUMBER,22,,,N
SYSTEM,LOGMNRC_TSPART,5,DROP_SCN,NUMBER,22,,,Y
SYSTEM,LOGMNRC_TSPART,6,SPARE1,NUMBER,22,,,Y
SYSTEM,LOGMNRC_TSPART,7,SPARE2,NUMBER,22,,,Y
SYSTEM,LOGMNRC_TSPART,8,SPARE3,VARCHAR2,4000,,,Y
SYSTEM,LOGMNRC_USER,1,LOGMNR_UID,NUMBER,22,,,N
SYSTEM,LOGMNRC_USER,2,USER#,NUMBER,22,22,0,N
SYSTEM,LOGMNRC_USER,3,SPARE1,NUMBER,22,,,Y
SYSTEM,LOGMNRC_USER,4,NAME,VARCHAR2,384,,,N
SYSTEM,LOGMNRC_USER,5,START_SCN,NUMBER,22,,,N
SYSTEM,LOGMNRC_USER,6,DROP_SCN,NUMBER,22,,,Y
SYSTEM,LOGMNRC_USER,7,SPARE1_C,NUMBER,22,,,Y
SYSTEM,LOGMNRC_USER,8,SPARE2_C,NUMBER,22,,,Y
SYSTEM,LOGMNRC_USER,9,SPARE3_C,VARCHAR2,4000,,,Y
SYSTEM,LOGMNR_DICTIONARY$,1,DB_NAME,VARCHAR2,27,,,Y
SYSTEM,LOGMNR_DICTIONARY$,2,DB_ID,NUMBER,22,20,0,Y
SYSTEM,LOGMNR_DICTIONARY$,3,DB_CREATED,VARCHAR2,20,,,Y
SYSTEM,LOGMNR_DICTIONARY$,4,DB_DICT_CREATED,VARCHAR2,20,,,Y
SYSTEM,LOGMNR_DICTIONARY$,5,DB_DICT_SCN,NUMBER,22,22,0,Y
SYSTEM,LOGMNR_DICTIONARY$,6,DB_THREAD_MAP,RAW,8,,,Y
SYSTEM,LOGMNR_DICTIONARY$,7,DB_TXN_SCNBAS,NUMBER,22,22,0,Y
SYSTEM,LOGMNR_DICTIONARY$,8,DB_TXN_SCNWRP,NUMBER,22,22,0,Y
SYSTEM,LOGMNR_DICTIONARY$,9,DB_RESETLOGS_CHANGE#,NUMBER,22,22,0,Y
SYSTEM,LOGMNR_DICTIONARY$,10,DB_RESETLOGS_TIME,VARCHAR2,20,,,Y
SYSTEM,LOGMNR_DICTIONARY$,11,DB_VERSION_TIME,VARCHAR2,20,,,Y
SYSTEM,LOGMNR_DICTIONARY$,12,DB_REDO_TYPE_ID,VARCHAR2,8,,,Y
SYSTEM,LOGMNR_DICTIONARY$,13,DB_REDO_RELEASE,VARCHAR2,60,,,Y
SYSTEM,LOGMNR_DICTIONARY$,14,DB_CHARACTER_SET,VARCHAR2,192,,,Y
SYSTEM,LOGMNR_DICTIONARY$,15,DB_VERSION,VARCHAR2,240,,,Y
SYSTEM,LOGMNR_DICTIONARY$,16,DB_STATUS,VARCHAR2,240,,,Y
SYSTEM,LOGMNR_DICTIONARY$,17,DB_GLOBAL_NAME,VARCHAR2,384,,,Y
SYSTEM,LOGMNR_DICTIONARY$,18,DB_DICT_MAXOBJECTS,NUMBER,22,22,0,Y
SYSTEM,LOGMNR_DICTIONARY$,19,DB_DICT_OBJECTCOUNT,NUMBER,22,22,0,N
SYSTEM,LOGMNR_DICTIONARY$,20,LOGMNR_UID,NUMBER,22,22,0,Y
SYSTEM,LOGMNR_DICTIONARY$,21,LOGMNR_FLAGS,NUMBER,22,22,0,Y
SYSTEM,LOGMNR_DICTIONARY$,22,PDB_NAME,VARCHAR2,384,,,Y
SYSTEM,LOGMNR_DICTIONARY$,23,PDB_ID,NUMBER,22,,,Y
SYSTEM,LOGMNR_DICTIONARY$,24,PDB_UID,NUMBER,22,,,Y
SYSTEM,LOGMNR_DICTIONARY$,25,PDB_DBID,NUMBER,22,,,Y
SYSTEM,LOGMNR_DICTIONARY$,26,PDB_GUID,RAW,16,,,Y
SYSTEM,LOGMNR_DICTIONARY$,27,PDB_CREATE_SCN,NUMBER,22,,,Y
SYSTEM,LOGMNR_DICTIONARY$,28,PDB_COUNT,NUMBER,22,,,Y
SYSTEM,LOGMNR_DICTIONARY$,29,PDB_GLOBAL_NAME,VARCHAR2,384,,,Y
SYSTEM,LOGMNR_DICTIONARY$,30,FED_ROOT_CON_ID#,NUMBER,22,,,Y
SYSTEM,LOGMNR_DICTSTATE$,1,LOGMNR_UID,NUMBER,22,22,0,Y
SYSTEM,LOGMNR_DICTSTATE$,2,START_SCNBAS,NUMBER,22,,,Y
SYSTEM,LOGMNR_DICTSTATE$,3,START_SCNWRP,NUMBER,22,,,Y
SYSTEM,LOGMNR_DICTSTATE$,4,END_SCNBAS,NUMBER,22,,,Y
SYSTEM,LOGMNR_DICTSTATE$,5,END_SCNWRP,NUMBER,22,,,Y
SYSTEM,LOGMNR_DICTSTATE$,6,REDO_THREAD,NUMBER,22,,,Y
SYSTEM,LOGMNR_DICTSTATE$,7,RBASQN,NUMBER,22,,,Y
SYSTEM,LOGMNR_DICTSTATE$,8,RBABLK,NUMBER,22,,,Y
SYSTEM,LOGMNR_DICTSTATE$,9,RBABYTE,NUMBER,22,,,Y
SYSTEM,LOGMNR_DICTSTATE$,10,LOGMNR_FLAGS,NUMBER,22,22,0,Y
SYSTEM,LOGMNR_DID$,1,SESSION#,NUMBER,22,,,N
SYSTEM,LOGMNR_DID$,2,LOGMNR_DID,NUMBER,22,,,Y
SYSTEM,LOGMNR_DID$,3,FLAGS,NUMBER,22,,,Y
SYSTEM,LOGMNR_DID$,4,SPARE1,NUMBER,22,,,Y
SYSTEM,LOGMNR_DID$,5,SPARE2,NUMBER,22,,,Y
SYSTEM,LOGMNR_DID$,6,SPARE3,VARCHAR2,4000,,,Y
SYSTEM,LOGMNR_DID$,7,SPARE4,TIMESTAMP(6),11,,6,Y
SYSTEM,LOGMNR_ENC$,1,OBJ#,NUMBER,22,,,Y
SYSTEM,LOGMNR_ENC$,2,OWNER#,NUMBER,22,,,Y
SYSTEM,LOGMNR_ENC$,3,ENCALG,NUMBER,22,,,Y
SYSTEM,LOGMNR_ENC$,4,INTALG,NUMBER,22,,,Y
SYSTEM,LOGMNR_ENC$,5,COLKLC,RAW,2000,,,Y
SYSTEM,LOGMNR_ENC$,6,KLCLEN,NUMBER,22,,,Y
SYSTEM,LOGMNR_ENC$,7,FLAG,NUMBER,22,,,Y
SYSTEM,LOGMNR_ENC$,8,MKEYID,VARCHAR2,192,,,N
SYSTEM,LOGMNR_ENC$,9,LOGMNR_UID,NUMBER,22,22,0,Y
SYSTEM,LOGMNR_ENC$,10,LOGMNR_FLAGS,NUMBER,22,22,0,Y
SYSTEM,LOGMNR_ERROR$,1,SESSION#,NUMBER,22,,,Y
SYSTEM,LOGMNR_ERROR$,2,TIME_OF_ERROR,DATE,7,,,Y
SYSTEM,LOGMNR_ERROR$,3,CODE,NUMBER,22,,,Y
SYSTEM,LOGMNR_ERROR$,4,MESSAGE,VARCHAR2,4000,,,Y
SYSTEM,LOGMNR_ERROR$,5,SPARE1,NUMBER,22,,,Y
SYSTEM,LOGMNR_ERROR$,6,SPARE2,NUMBER,22,,,Y
SYSTEM,LOGMNR_ERROR$,7,SPARE3,NUMBER,22,,,Y
SYSTEM,LOGMNR_ERROR$,8,SPARE4,VARCHAR2,4000,,,Y
SYSTEM,LOGMNR_ERROR$,9,SPARE5,VARCHAR2,4000,,,Y
SYSTEM,LOGMNR_FILTER$,1,SESSION#,NUMBER,22,,,Y
SYSTEM,LOGMNR_FILTER$,2,FILTER_TYPE,VARCHAR2,30,,,Y
SYSTEM,LOGMNR_FILTER$,3,ATTR1,NUMBER,22,,,Y
SYSTEM,LOGMNR_FILTER$,4,ATTR2,NUMBER,22,,,Y
SYSTEM,LOGMNR_FILTER$,5,ATTR3,NUMBER,22,,,Y
SYSTEM,LOGMNR_FILTER$,6,ATTR4,NUMBER,22,,,Y
SYSTEM,LOGMNR_FILTER$,7,ATTR5,NUMBER,22,,,Y
SYSTEM,LOGMNR_FILTER$,8,ATTR6,NUMBER,22,,,Y
SYSTEM,LOGMNR_FILTER$,9,FILTER_SCN,NUMBER,22,,,Y
SYSTEM,LOGMNR_FILTER$,10,SPARE1,NUMBER,22,,,Y
SYSTEM,LOGMNR_FILTER$,11,SPARE2,NUMBER,22,,,Y
SYSTEM,LOGMNR_FILTER$,12,SPARE3,DATE,7,,,Y
SYSTEM,LOGMNR_FILTER$,13,ATTR7,VARCHAR2,128,,,Y
SYSTEM,LOGMNR_FILTER$,14,ATTR8,VARCHAR2,128,,,Y
SYSTEM,LOGMNR_FILTER$,15,ATTR9,VARCHAR2,128,,,Y
SYSTEM,LOGMNR_FILTER$,16,ATTR10,VARCHAR2,128,,,Y
SYSTEM,LOGMNR_FILTER$,17,ATTR11,VARCHAR2,128,,,Y
SYSTEM,LOGMNRGGC_GTCS,1,LOGMNR_UID,NUMBER,22,,,N
SYSTEM,LOGMNRGGC_GTCS,2,OBJ#,NUMBER,22,,,N
SYSTEM,LOGMNRGGC_GTCS,3,OBJV#,NUMBER,22,,,N
SYSTEM,LOGMNRGGC_GTCS,4,SEGCOL#,NUMBER,22,,,N
SYSTEM,LOGMNRGGC_GTCS,5,INTCOL#,NUMBER,22,,,N
SYSTEM,LOGMNRGGC_GTCS,6,COLNAME,VARCHAR2,384,,,N
SYSTEM,LOGMNRGGC_GTCS,7,TYPE#,NUMBER,22,,,N
SYSTEM,LOGMNRGGC_GTCS,8,LENGTH,NUMBER,22,,,Y
SYSTEM,LOGMNRGGC_GTCS,9,PRECISION,NUMBER,22,,,Y
SYSTEM,LOGMNRGGC_GTCS,10,SCALE,NUMBER,22,,,Y
SYSTEM,LOGMNRGGC_GTCS,11,INTERVAL_LEADING_PRECISION,NUMBER,22,,,Y
SYSTEM,LOGMNRGGC_GTCS,12,INTERVAL_TRAILING_PRECISION,NUMBER,22,,,Y
SYSTEM,LOGMNRGGC_GTCS,13,PROPERTY,NUMBER,22,,,Y
SYSTEM,LOGMNRGGC_GTCS,14,TOID,RAW,16,,,Y
SYSTEM,LOGMNRGGC_GTCS,15,CHARSETID,NUMBER,22,,,Y
SYSTEM,LOGMNRGGC_GTCS,16,CHARSETFORM,NUMBER,22,,,Y
SYSTEM,LOGMNRGGC_GTCS,17,TYPENAME,VARCHAR2,384,,,Y
SYSTEM,LOGMNRGGC_GTCS,18,FQCOLNAME,VARCHAR2,4000,,,Y
SYSTEM,LOGMNRGGC_GTCS,19,NUMINTCOLS,NUMBER,22,,,Y
SYSTEM,LOGMNRGGC_GTCS,20,NUMATTRS,NUMBER,22,,,Y
SYSTEM,LOGMNRGGC_GTCS,21,ADTORDER,NUMBER,22,,,Y
SYSTEM,LOGMNRGGC_GTCS,22,LOGMNR_SPARE1,NUMBER,22,,,Y
SYSTEM,LOGMNRGGC_GTCS,23,LOGMNR_SPARE2,NUMBER,22,,,Y
SYSTEM,LOGMNRGGC_GTCS,24,LOGMNR_SPARE3,VARCHAR2,1000,,,Y
SYSTEM,LOGMNRGGC_GTCS,25,LOGMNR_SPARE4,DATE,7,,,Y
SYSTEM,LOGMNRGGC_GTCS,26,LOGMNR_SPARE5,NUMBER,22,,,Y
SYSTEM,LOGMNRGGC_GTCS,27,LOGMNR_SPARE6,NUMBER,22,,,Y
SYSTEM,LOGMNRGGC_GTCS,28,LOGMNR_SPARE7,NUMBER,22,,,Y
SYSTEM,LOGMNRGGC_GTCS,29,LOGMNR_SPARE8,NUMBER,22,,,Y
SYSTEM,LOGMNRGGC_GTCS,30,LOGMNR_SPARE9,NUMBER,22,,,Y
SYSTEM,LOGMNRGGC_GTCS,31,COL#,NUMBER,22,,,Y
SYSTEM,LOGMNRGGC_GTCS,32,XTYPESCHEMANAME,VARCHAR2,384,,,Y
SYSTEM,LOGMNRGGC_GTCS,33,XTYPENAME,VARCHAR2,4000,,,Y
SYSTEM,LOGMNRGGC_GTCS,34,XFQCOLNAME,VARCHAR2,4000,,,Y
SYSTEM,LOGMNRGGC_GTCS,35,XTOPINTCOL,NUMBER,22,,,Y
SYSTEM,LOGMNRGGC_GTCS,36,XREFFEDTABLEOBJN,NUMBER,22,,,Y
SYSTEM,LOGMNRGGC_GTCS,37,XREFFEDTABLEOBJV,NUMBER,22,,,Y
SYSTEM,LOGMNRGGC_GTCS,38,XCOLTYPEFLAGS,NUMBER,22,,,Y
SYSTEM,LOGMNRGGC_GTCS,39,XOPQTYPETYPE,NUMBER,22,,,Y
SYSTEM,LOGMNRGGC_GTCS,40,XOPQTYPEFLAGS,NUMBER,22,,,Y
SYSTEM,LOGMNRGGC_GTCS,41,XOPQLOBINTCOL,NUMBER,22,,,Y
SYSTEM,LOGMNRGGC_GTCS,42,XOPQOBJINTCOL,NUMBER,22,,,Y
SYSTEM,LOGMNRGGC_GTCS,43,XXMLINTCOL,NUMBER,22,,,Y
SYSTEM,LOGMNRGGC_GTCS,44,EAOWNER#,NUMBER,22,,,Y
SYSTEM,LOGMNRGGC_GTCS,45,EAMKEYID,VARCHAR2,192,,,Y
SYSTEM,LOGMNRGGC_GTCS,46,EAENCALG,NUMBER,22,,,Y
SYSTEM,LOGMNRGGC_GTCS,47,EAINTALG,NUMBER,22,,,Y
SYSTEM,LOGMNRGGC_GTCS,48,EACOLKLC,RAW,2000,,,Y
SYSTEM,LOGMNRGGC_GTCS,49,EAKLCLEN,NUMBER,22,,,Y
SYSTEM,LOGMNRGGC_GTCS,50,EAFLAGS,NUMBER,22,,,Y
SYSTEM,LOGMNRGGC_GTCS,51,LOGMNRDERIVEDFLAGS,NUMBER,22,,,Y
SYSTEM,LOGMNRGGC_GTCS,52,COLLID,NUMBER,22,,,Y
SYSTEM,LOGMNRGGC_GTCS,53,COLLINTCOL#,NUMBER,22,,,Y
SYSTEM,LOGMNRGGC_GTCS,54,ACDRRESCOL#,NUMBER,22,,,Y
SYSTEM,LOGMNRGGC_GTLO,1,LOGMNR_UID,NUMBER,22,,,N
SYSTEM,LOGMNRGGC_GTLO,2,KEYOBJ#,NUMBER,22,,,N
SYSTEM,LOGMNRGGC_GTLO,3,LVLCNT,NUMBER,22,,,N
SYSTEM,LOGMNRGGC_GTLO,4,BASEOBJ#,NUMBER,22,,,N
SYSTEM,LOGMNRGGC_GTLO,5,BASEOBJV#,NUMBER,22,,,N
SYSTEM,LOGMNRGGC_GTLO,6,LVL1OBJ#,NUMBER,22,,,Y
SYSTEM,LOGMNRGGC_GTLO,7,LVL2OBJ#,NUMBER,22,,,Y
SYSTEM,LOGMNRGGC_GTLO,8,LVL0TYPE#,NUMBER,22,,,N
SYSTEM,LOGMNRGGC_GTLO,9,LVL1TYPE#,NUMBER,22,,,Y
SYSTEM,LOGMNRGGC_GTLO,10,LVL2TYPE#,NUMBER,22,,,Y
SYSTEM,LOGMNRGGC_GTLO,11,OWNER#,NUMBER,22,,,Y
SYSTEM,LOGMNRGGC_GTLO,12,OWNERNAME,VARCHAR2,384,,,N
SYSTEM,LOGMNRGGC_GTLO,13,LVL0NAME,VARCHAR2,384,,,N
SYSTEM,LOGMNRGGC_GTLO,14,LVL1NAME,VARCHAR2,384,,,Y
SYSTEM,LOGMNRGGC_GTLO,15,LVL2NAME,VARCHAR2,384,,,Y
SYSTEM,LOGMNRGGC_GTLO,16,INTCOLS,NUMBER,22,,,N
SYSTEM,LOGMNRGGC_GTLO,17,COLS,NUMBER,22,,,Y
SYSTEM,LOGMNRGGC_GTLO,18,KERNELCOLS,NUMBER,22,,,Y
SYSTEM,LOGMNRGGC_GTLO,19,TAB_FLAGS,NUMBER,22,,,Y
SYSTEM,LOGMNRGGC_GTLO,20,TRIGFLAG,NUMBER,22,,,Y
SYSTEM,LOGMNRGGC_GTLO,21,ASSOC#,NUMBER,22,,,Y
SYSTEM,LOGMNRGGC_GTLO,22,OBJ_FLAGS,NUMBER,22,,,Y
SYSTEM,LOGMNRGGC_GTLO,23,TS#,NUMBER,22,,,Y
SYSTEM,LOGMNRGGC_GTLO,24,TSNAME,VARCHAR2,90,,,Y
SYSTEM,LOGMNRGGC_GTLO,25,PROPERTY,NUMBER,22,,,Y
SYSTEM,LOGMNRGGC_GTLO,26,START_SCN,NUMBER,22,,,N
SYSTEM,LOGMNRGGC_GTLO,27,DROP_SCN,NUMBER,22,,,Y
SYSTEM,LOGMNRGGC_GTLO,28,XIDUSN,NUMBER,22,,,Y
SYSTEM,LOGMNRGGC_GTLO,29,XIDSLT,NUMBER,22,,,Y
SYSTEM,LOGMNRGGC_GTLO,30,XIDSQN,NUMBER,22,,,Y
SYSTEM,LOGMNRGGC_GTLO,31,FLAGS,NUMBER,22,,,Y
SYSTEM,LOGMNRGGC_GTLO,32,LOGMNR_SPARE1,NUMBER,22,,,Y
SYSTEM,LOGMNRGGC_GTLO,33,LOGMNR_SPARE2,NUMBER,22,,,Y
SYSTEM,LOGMNRGGC_GTLO,34,LOGMNR_SPARE3,VARCHAR2,1000,,,Y
SYSTEM,LOGMNRGGC_GTLO,35,LOGMNR_SPARE4,DATE,7,,,Y
SYSTEM,LOGMNRGGC_GTLO,36,LOGMNR_SPARE5,NUMBER,22,,,Y
SYSTEM,LOGMNRGGC_GTLO,37,LOGMNR_SPARE6,NUMBER,22,,,Y
SYSTEM,LOGMNRGGC_GTLO,38,LOGMNR_SPARE7,NUMBER,22,,,Y
SYSTEM,LOGMNRGGC_GTLO,39,LOGMNR_SPARE8,NUMBER,22,,,Y
SYSTEM,LOGMNRGGC_GTLO,40,LOGMNR_SPARE9,NUMBER,22,,,Y
SYSTEM,LOGMNRGGC_GTLO,41,PARTTYPE,NUMBER,22,,,Y
SYSTEM,LOGMNRGGC_GTLO,42,SUBPARTTYPE,NUMBER,22,,,Y
SYSTEM,LOGMNRGGC_GTLO,43,UNSUPPORTEDCOLS,NUMBER,22,,,Y
SYSTEM,LOGMNRGGC_GTLO,44,COMPLEXTYPECOLS,NUMBER,22,,,Y
SYSTEM,LOGMNRGGC_GTLO,45,NTPARENTOBJNUM,NUMBER,22,,,Y
SYSTEM,LOGMNRGGC_GTLO,46,NTPARENTOBJVERSION,NUMBER,22,,,Y
SYSTEM,LOGMNRGGC_GTLO,47,NTPARENTINTCOLNUM,NUMBER,22,,,Y
SYSTEM,LOGMNRGGC_GTLO,48,LOGMNRTLOFLAGS,NUMBER,22,,,Y
SYSTEM,LOGMNRGGC_GTLO,49,LOGMNRMCV,VARCHAR2,30,,,Y
SYSTEM,LOGMNRGGC_GTLO,50,ACDRFLAGS,NUMBER,22,,,Y
SYSTEM,LOGMNRGGC_GTLO,51,ACDRTSOBJ#,NUMBER,22,,,Y
SYSTEM,LOGMNRGGC_GTLO,52,ACDRROWTSINTCOL#,NUMBER,22,,,Y
SYSTEM,LOGMNR_GLOBAL$,1,HIGH_RECID_FOREIGN,NUMBER,22,,,Y
SYSTEM,LOGMNR_GLOBAL$,2,HIGH_RECID_DELETED,NUMBER,22,,,Y
SYSTEM,LOGMNR_GLOBAL$,3,LOCAL_RESET_SCN,NUMBER,22,,,Y
SYSTEM,LOGMNR_GLOBAL$,4,LOCAL_RESET_TIMESTAMP,NUMBER,22,,,Y
SYSTEM,LOGMNR_GLOBAL$,5,VERSION_TIMESTAMP,NUMBER,22,,,Y
SYSTEM,LOGMNR_GLOBAL$,6,SPARE1,NUMBER,22,,,Y
SYSTEM,LOGMNR_GLOBAL$,7,SPARE2,NUMBER,22,,,Y
SYSTEM,LOGMNR_GLOBAL$,8,SPARE3,NUMBER,22,,,Y
SYSTEM,LOGMNR_GLOBAL$,9,SPARE4,VARCHAR2,2000,,,Y
SYSTEM,LOGMNR_GLOBAL$,10,SPARE5,DATE,7,,,Y
SYSTEM,LOGMNR_GLOBAL$,11,SESSION#,NUMBER,22,,,Y
SYSTEM,LOGMNR_GT_TAB_INCLUDE$,1,SCHEMA_NAME,VARCHAR2,390,,,Y
SYSTEM,LOGMNR_GT_TAB_INCLUDE$,2,TABLE_NAME,VARCHAR2,390,,,Y
SYSTEM,LOGMNR_GT_TAB_INCLUDE$,3,PDB_NAME,VARCHAR2,390,,,Y
SYSTEM,LOGMNR_GT_TAB_INCLUDE$,4,SPARE1,NUMBER,22,,,Y
SYSTEM,LOGMNR_GT_TAB_INCLUDE$,5,SPARE2,NUMBER,22,,,Y
SYSTEM,LOGMNR_GT_TAB_INCLUDE$,6,SPARE3,VARCHAR2,4000,,,Y
SYSTEM,LOGMNR_GT_USER_INCLUDE$,1,USER_NAME,VARCHAR2,390,,,Y
SYSTEM,LOGMNR_GT_USER_INCLUDE$,2,USER_TYPE,NUMBER,22,,,Y
SYSTEM,LOGMNR_GT_USER_INCLUDE$,3,PDB_NAME,VARCHAR2,390,,,Y
SYSTEM,LOGMNR_GT_USER_INCLUDE$,4,SPARE1,NUMBER,22,,,Y
SYSTEM,LOGMNR_GT_USER_INCLUDE$,5,SPARE2,NUMBER,22,,,Y
SYSTEM,LOGMNR_GT_USER_INCLUDE$,6,SPARE3,VARCHAR2,4000,,,Y
SYSTEM,LOGMNR_GT_XID_INCLUDE$,1,XIDUSN,NUMBER,22,,,Y
SYSTEM,LOGMNR_GT_XID_INCLUDE$,2,XIDSLT,NUMBER,22,,,Y
SYSTEM,LOGMNR_GT_XID_INCLUDE$,3,XIDSQN,NUMBER,22,,,Y
SYSTEM,LOGMNR_GT_XID_INCLUDE$,4,SPARE1,NUMBER,22,,,Y
SYSTEM,LOGMNR_GT_XID_INCLUDE$,5,SPARE2,NUMBER,22,,,Y
SYSTEM,LOGMNR_GT_XID_INCLUDE$,6,SPARE3,VARCHAR2,4000,,,Y
SYSTEM,LOGMNR_GT_XID_INCLUDE$,7,PDBID,NUMBER,22,,,Y
SYSTEM,LOGMNR_GT_XID_INCLUDE$,8,PDB_NAME,VARCHAR2,390,,,Y
SYSTEM,LOGMNR_ICOL$,1,OBJ#,NUMBER,22,,,Y
SYSTEM,LOGMNR_ICOL$,2,BO#,NUMBER,22,,,Y
SYSTEM,LOGMNR_ICOL$,3,COL#,NUMBER,22,,,Y
SYSTEM,LOGMNR_ICOL$,4,POS#,NUMBER,22,,,Y
SYSTEM,LOGMNR_ICOL$,5,SEGCOL#,NUMBER,22,,,Y
SYSTEM,LOGMNR_ICOL$,6,INTCOL#,NUMBER,22,,,N
SYSTEM,LOGMNR_ICOL$,7,LOGMNR_UID,NUMBER,22,22,0,Y
SYSTEM,LOGMNR_ICOL$,8,LOGMNR_FLAGS,NUMBER,22,22,0,Y
SYSTEM,LOGMNR_IDNSEQ$,1,OBJ#,NUMBER,22,,,N
SYSTEM,LOGMNR_IDNSEQ$,2,INTCOL#,NUMBER,22,,,N
SYSTEM,LOGMNR_IDNSEQ$,3,SEQOBJ#,NUMBER,22,,,N
SYSTEM,LOGMNR_IDNSEQ$,4,STARTWITH,NUMBER,22,,,N
SYSTEM,LOGMNR_IDNSEQ$,5,LOGMNR_UID,NUMBER,22,22,0,Y
SYSTEM,LOGMNR_IDNSEQ$,6,LOGMNR_FLAGS,NUMBER,22,22,0,Y
SYSTEM,LOGMNR_IND$,1,BO#,NUMBER,22,22,0,Y
SYSTEM,LOGMNR_IND$,2,COLS,NUMBER,22,22,0,Y
SYSTEM,LOGMNR_IND$,3,TYPE#,NUMBER,22,22,0,Y
SYSTEM,LOGMNR_IND$,4,FLAGS,NUMBER,22,,,Y
SYSTEM,LOGMNR_IND$,5,PROPERTY,NUMBER,22,,,Y
SYSTEM,LOGMNR_IND$,6,OBJ#,NUMBER,22,22,0,N
SYSTEM,LOGMNR_IND$,7,LOGMNR_UID,NUMBER,22,22,0,Y
SYSTEM,LOGMNR_IND$,8,LOGMNR_FLAGS,NUMBER,22,22,0,Y
SYSTEM,LOGMNR_INDCOMPART$,1,OBJ#,NUMBER,22,,,Y
SYSTEM,LOGMNR_INDCOMPART$,2,DATAOBJ#,NUMBER,22,,,Y
SYSTEM,LOGMNR_INDCOMPART$,3,BO#,NUMBER,22,,,Y
SYSTEM,LOGMNR_INDCOMPART$,4,PART#,NUMBER,22,,,N
SYSTEM,LOGMNR_INDCOMPART$,5,LOGMNR_UID,NUMBER,22,22,0,Y
SYSTEM,LOGMNR_INDCOMPART$,6,LOGMNR_FLAGS,NUMBER,22,22,0,Y
SYSTEM,LOGMNR_INDPART$,1,OBJ#,NUMBER,22,,,Y
SYSTEM,LOGMNR_INDPART$,2,BO#,NUMBER,22,,,Y
SYSTEM,LOGMNR_INDPART$,3,PART#,NUMBER,22,,,Y
SYSTEM,LOGMNR_INDPART$,4,TS#,NUMBER,22,,,N
SYSTEM,LOGMNR_INDPART$,5,LOGMNR_UID,NUMBER,22,22,0,Y
SYSTEM,LOGMNR_INDPART$,6,LOGMNR_FLAGS,NUMBER,22,22,0,Y
SYSTEM,LOGMNR_INDSUBPART$,1,OBJ#,NUMBER,22,22,0,Y
SYSTEM,LOGMNR_INDSUBPART$,2,DATAOBJ#,NUMBER,22,22,0,Y
SYSTEM,LOGMNR_INDSUBPART$,3,POBJ#,NUMBER,22,22,0,Y
SYSTEM,LOGMNR_INDSUBPART$,4,SUBPART#,NUMBER,22,22,0,Y
SYSTEM,LOGMNR_INDSUBPART$,5,TS#,NUMBER,22,22,0,N
SYSTEM,LOGMNR_INDSUBPART$,6,LOGMNR_UID,NUMBER,22,22,0,Y
SYSTEM,LOGMNR_INDSUBPART$,7,LOGMNR_FLAGS,NUMBER,22,22,0,Y
SYSTEM,LOGMNR_KOPM$,1,LENGTH,NUMBER,22,,,Y
SYSTEM,LOGMNR_KOPM$,2,METADATA,RAW,255,,,Y
SYSTEM,LOGMNR_KOPM$,3,NAME,VARCHAR2,384,,,N
SYSTEM,LOGMNR_KOPM$,4,LOGMNR_UID,NUMBER,22,22,0,Y
SYSTEM,LOGMNR_KOPM$,5,LOGMNR_FLAGS,NUMBER,22,22,0,Y
SYSTEM,LOGMNR_LOB$,1,OBJ#,NUMBER,22,,,Y
SYSTEM,LOGMNR_LOB$,2,INTCOL#,NUMBER,22,,,Y
SYSTEM,LOGMNR_LOB$,3,COL#,NUMBER,22,,,Y
SYSTEM,LOGMNR_LOB$,4,LOBJ#,NUMBER,22,,,Y
SYSTEM,LOGMNR_LOB$,5,CHUNK,NUMBER,22,,,N
SYSTEM,LOGMNR_LOB$,6,LOGMNR_UID,NUMBER,22,22,0,Y
SYSTEM,LOGMNR_LOB$,7,LOGMNR_FLAGS,NUMBER,22,22,0,Y
SYSTEM,LOGMNR_LOBFRAG$,1,FRAGOBJ#,NUMBER,22,,,Y
SYSTEM,LOGMNR_LOBFRAG$,2,PARENTOBJ#,NUMBER,22,,,Y
SYSTEM,LOGMNR_LOBFRAG$,3,TABFRAGOBJ#,NUMBER,22,,,Y
SYSTEM,LOGMNR_LOBFRAG$,4,INDFRAGOBJ#,NUMBER,22,,,Y
SYSTEM,LOGMNR_LOBFRAG$,5,FRAG#,NUMBER,22,,,N
SYSTEM,LOGMNR_LOBFRAG$,6,LOGMNR_UID,NUMBER,22,22,0,Y
SYSTEM,LOGMNR_LOBFRAG$,7,LOGMNR_FLAGS,NUMBER,22,22,0,Y
SYSTEM,LOGMNR_LOG$,1,SESSION#,NUMBER,22,,,N
SYSTEM,LOGMNR_LOG$,2,THREAD#,NUMBER,22,,,N
SYSTEM,LOGMNR_LOG$,3,SEQUENCE#,NUMBER,22,,,N
SYSTEM,LOGMNR_LOG$,4,FIRST_CHANGE#,NUMBER,22,,,N
SYSTEM,LOGMNR_LOG$,5,NEXT_CHANGE#,NUMBER,22,,,Y
SYSTEM,LOGMNR_LOG$,6,FIRST_TIME,DATE,7,,,Y
SYSTEM,LOGMNR_LOG$,7,NEXT_TIME,DATE,7,,,Y
SYSTEM,LOGMNR_LOG$,8,FILE_NAME,VARCHAR2,513,,,Y
SYSTEM,LOGMNR_LOG$,9,STATUS,NUMBER,22,,,Y
SYSTEM,LOGMNR_LOG$,10,INFO,VARCHAR2,32,,,Y
SYSTEM,LOGMNR_LOG$,11,TIMESTAMP,DATE,7,,,Y
SYSTEM,LOGMNR_LOG$,12,DICT_BEGIN,VARCHAR2,3,,,Y
SYSTEM,LOGMNR_LOG$,13,DICT_END,VARCHAR2,3,,,Y
SYSTEM,LOGMNR_LOG$,14,STATUS_INFO,VARCHAR2,32,,,Y
SYSTEM,LOGMNR_LOG$,15,DB_ID,NUMBER,22,,,N
SYSTEM,LOGMNR_LOG$,16,RESETLOGS_CHANGE#,NUMBER,22,,,N
SYSTEM,LOGMNR_LOG$,17,RESET_TIMESTAMP,NUMBER,22,,,N
SYSTEM,LOGMNR_LOG$,18,PREV_RESETLOGS_CHANGE#,NUMBER,22,,,Y
SYSTEM,LOGMNR_LOG$,19,PREV_RESET_TIMESTAMP,NUMBER,22,,,Y
SYSTEM,LOGMNR_LOG$,20,BLOCKS,NUMBER,22,,,Y
SYSTEM,LOGMNR_LOG$,21,BLOCK_SIZE,NUMBER,22,,,Y
SYSTEM,LOGMNR_LOG$,22,FLAGS,NUMBER,22,,,Y
SYSTEM,LOGMNR_LOG$,23,CONTENTS,NUMBER,22,,,Y
SYSTEM,LOGMNR_LOG$,24,RECID,NUMBER,22,,,Y
SYSTEM,LOGMNR_LOG$,25,RECSTAMP,NUMBER,22,,,Y
SYSTEM,LOGMNR_LOG$,26,MARK_DELETE_TIMESTAMP,NUMBER,22,,,Y
SYSTEM,LOGMNR_LOG$,27,SPARE1,NUMBER,22,,,Y
SYSTEM,LOGMNR_LOG$,28,SPARE2,NUMBER,22,,,Y
SYSTEM,LOGMNR_LOG$,29,SPARE3,NUMBER,22,,,Y
SYSTEM,LOGMNR_LOG$,30,SPARE4,NUMBER,22,,,Y
SYSTEM,LOGMNR_LOG$,31,SPARE5,NUMBER,22,,,Y
SYSTEM,LOGMNR_LOGMNR_BUILDLOG,1,BUILD_DATE,VARCHAR2,20,,,Y
SYSTEM,LOGMNR_LOGMNR_BUILDLOG,2,DB_TXN_SCNBAS,NUMBER,22,,,Y
SYSTEM,LOGMNR_LOGMNR_BUILDLOG,3,DB_TXN_SCNWRP,NUMBER,22,,,Y
SYSTEM,LOGMNR_LOGMNR_BUILDLOG,4,CURRENT_BUILD_STATE,NUMBER,22,,,Y
SYSTEM,LOGMNR_LOGMNR_BUILDLOG,5,COMPLETION_STATUS,NUMBER,22,,,Y
SYSTEM,LOGMNR_LOGMNR_BUILDLOG,6,MARKED_LOG_FILE_LOW_SCN,NUMBER,22,,,Y
SYSTEM,LOGMNR_LOGMNR_BUILDLOG,7,INITIAL_XID,VARCHAR2,22,,,N
SYSTEM,LOGMNR_LOGMNR_BUILDLOG,8,LOGMNR_UID,NUMBER,22,22,0,Y
SYSTEM,LOGMNR_LOGMNR_BUILDLOG,9,LOGMNR_FLAGS,NUMBER,22,22,0,Y
SYSTEM,LOGMNR_LOGMNR_BUILDLOG,10,CDB_XID,VARCHAR2,22,,,Y
SYSTEM,LOGMNR_LOGMNR_BUILDLOG,11,SPARE1,NUMBER,22,,,Y
SYSTEM,LOGMNR_LOGMNR_BUILDLOG,12,SPARE2,VARCHAR2,4000,,,Y
SYSTEM,LOGMNR_NTAB$,1,COL#,NUMBER,22,,,Y
SYSTEM,LOGMNR_NTAB$,2,INTCOL#,NUMBER,22,,,Y
SYSTEM,LOGMNR_NTAB$,3,NTAB#,NUMBER,22,,,Y
SYSTEM,LOGMNR_NTAB$,4,NAME,VARCHAR2,4000,,,Y
SYSTEM,LOGMNR_NTAB$,5,OBJ#,NUMBER,22,,,N
SYSTEM,LOGMNR_NTAB$,6,LOGMNR_UID,NUMBER,22,22,0,Y
SYSTEM,LOGMNR_NTAB$,7,LOGMNR_FLAGS,NUMBER,22,22,0,Y
SYSTEM,LOGMNR_OBJ$,1,OBJV#,NUMBER,22,22,0,Y
SYSTEM,LOGMNR_OBJ$,2,OWNER#,NUMBER,22,22,0,Y
SYSTEM,LOGMNR_OBJ$,3,NAME,VARCHAR2,384,,,Y
SYSTEM,LOGMNR_OBJ$,4,NAMESPACE,NUMBER,22,22,0,Y
SYSTEM,LOGMNR_OBJ$,5,SUBNAME,VARCHAR2,384,,,Y
SYSTEM,LOGMNR_OBJ$,6,TYPE#,NUMBER,22,22,0,Y
SYSTEM,LOGMNR_OBJ$,7,OID$,RAW,16,,,Y
SYSTEM,LOGMNR_OBJ$,8,REMOTEOWNER,VARCHAR2,384,,,Y
SYSTEM,LOGMNR_OBJ$,9,LINKNAME,VARCHAR2,384,,,Y
SYSTEM,LOGMNR_OBJ$,10,FLAGS,NUMBER,22,22,0,Y
SYSTEM,LOGMNR_OBJ$,11,SPARE3,NUMBER,22,22,0,Y
SYSTEM,LOGMNR_OBJ$,12,STIME,DATE,7,,,Y
SYSTEM,LOGMNR_OBJ$,13,OBJ#,NUMBER,22,22,0,N
SYSTEM,LOGMNR_OBJ$,14,LOGMNR_UID,NUMBER,22,22,0,Y
SYSTEM,LOGMNR_OBJ$,15,LOGMNR_FLAGS,NUMBER,22,22,0,Y
SYSTEM,LOGMNR_OBJ$,16,START_SCNBAS,NUMBER,22,,,Y
SYSTEM,LOGMNR_OBJ$,17,START_SCNWRP,NUMBER,22,,,Y
SYSTEM,LOGMNR_OPQTYPE$,1,INTCOL#,NUMBER,22,,,N
SYSTEM,LOGMNR_OPQTYPE$,2,TYPE,NUMBER,22,,,Y
SYSTEM,LOGMNR_OPQTYPE$,3,FLAGS,NUMBER,22,,,Y
SYSTEM,LOGMNR_OPQTYPE$,4,LOBCOL,NUMBER,22,,,Y
SYSTEM,LOGMNR_OPQTYPE$,5,OBJCOL,NUMBER,22,,,Y
SYSTEM,LOGMNR_OPQTYPE$,6,EXTRACOL,NUMBER,22,,,Y
SYSTEM,LOGMNR_OPQTYPE$,7,SCHEMAOID,RAW,16,,,Y
SYSTEM,LOGMNR_OPQTYPE$,8,ELEMNUM,NUMBER,22,,,Y
SYSTEM,LOGMNR_OPQTYPE$,9,SCHEMAURL,VARCHAR2,4000,,,Y
SYSTEM,LOGMNR_OPQTYPE$,10,OBJ#,NUMBER,22,,,N
SYSTEM,LOGMNR_OPQTYPE$,11,LOGMNR_UID,NUMBER,22,22,0,Y
SYSTEM,LOGMNR_OPQTYPE$,12,LOGMNR_FLAGS,NUMBER,22,22,0,Y
SYSTEM,LOGMNR_PARAMETER$,1,SESSION#,NUMBER,22,,,N
SYSTEM,LOGMNR_PARAMETER$,2,NAME,VARCHAR2,384,,,N
SYSTEM,LOGMNR_PARAMETER$,3,VALUE,VARCHAR2,2000,,,Y
SYSTEM,LOGMNR_PARAMETER$,4,TYPE,NUMBER,22,,,Y
SYSTEM,LOGMNR_PARAMETER$,5,SCN,NUMBER,22,,,Y
SYSTEM,LOGMNR_PARAMETER$,6,SPARE1,NUMBER,22,,,Y
SYSTEM,LOGMNR_PARAMETER$,7,SPARE2,NUMBER,22,,,Y
SYSTEM,LOGMNR_PARAMETER$,8,SPARE3,VARCHAR2,2000,,,Y
SYSTEM,LOGMNR_PARTOBJ$,1,PARTTYPE,NUMBER,22,,,Y
SYSTEM,LOGMNR_PARTOBJ$,2,PARTCNT,NUMBER,22,,,Y
SYSTEM,LOGMNR_PARTOBJ$,3,PARTKEYCOLS,NUMBER,22,,,Y
SYSTEM,LOGMNR_PARTOBJ$,4,FLAGS,NUMBER,22,,,Y
SYSTEM,LOGMNR_PARTOBJ$,5,DEFTS#,NUMBER,22,,,Y
SYSTEM,LOGMNR_PARTOBJ$,6,DEFPCTFREE,NUMBER,22,,,Y
SYSTEM,LOGMNR_PARTOBJ$,7,DEFPCTUSED,NUMBER,22,,,Y
SYSTEM,LOGMNR_PARTOBJ$,8,DEFPCTTHRES,NUMBER,22,,,Y
SYSTEM,LOGMNR_PARTOBJ$,9,DEFINITRANS,NUMBER,22,,,Y
SYSTEM,LOGMNR_PARTOBJ$,10,DEFMAXTRANS,NUMBER,22,,,Y
SYSTEM,LOGMNR_PARTOBJ$,11,DEFTINIEXTS,NUMBER,22,,,Y
SYSTEM,LOGMNR_PARTOBJ$,12,DEFEXTSIZE,NUMBER,22,,,Y
SYSTEM,LOGMNR_PARTOBJ$,13,DEFMINEXTS,NUMBER,22,,,Y
SYSTEM,LOGMNR_PARTOBJ$,14,DEFMAXEXTS,NUMBER,22,,,Y
SYSTEM,LOGMNR_PARTOBJ$,15,DEFEXTPCT,NUMBER,22,,,Y
SYSTEM,LOGMNR_PARTOBJ$,16,DEFLISTS,NUMBER,22,,,Y
SYSTEM,LOGMNR_PARTOBJ$,17,DEFGROUPS,NUMBER,22,,,Y
SYSTEM,LOGMNR_PARTOBJ$,18,DEFLOGGING,NUMBER,22,,,Y
SYSTEM,LOGMNR_PARTOBJ$,19,SPARE1,NUMBER,22,,,Y
SYSTEM,LOGMNR_PARTOBJ$,20,SPARE2,NUMBER,22,,,Y
SYSTEM,LOGMNR_PARTOBJ$,21,SPARE3,NUMBER,22,,,Y
SYSTEM,LOGMNR_PARTOBJ$,22,DEFINCLCOL,NUMBER,22,,,Y
SYSTEM,LOGMNR_PARTOBJ$,23,PARAMETERS,VARCHAR2,3000,,,Y
SYSTEM,LOGMNR_PARTOBJ$,24,OBJ#,NUMBER,22,,,N
SYSTEM,LOGMNR_PARTOBJ$,25,LOGMNR_UID,NUMBER,22,22,0,Y
SYSTEM,LOGMNR_PARTOBJ$,26,LOGMNR_FLAGS,NUMBER,22,22,0,Y
SYSTEM,LOGMNRP_CTAS_PART_MAP,1,LOGMNR_UID,NUMBER,22,,,N
SYSTEM,LOGMNRP_CTAS_PART_MAP,2,BASEOBJ#,NUMBER,22,,,N
SYSTEM,LOGMNRP_CTAS_PART_MAP,3,BASEOBJV#,NUMBER,22,,,N
SYSTEM,LOGMNRP_CTAS_PART_MAP,4,KEYOBJ#,NUMBER,22,,,N
SYSTEM,LOGMNRP_CTAS_PART_MAP,5,PART#,NUMBER,22,,,N
SYSTEM,LOGMNRP_CTAS_PART_MAP,6,SPARE1,NUMBER,22,,,Y
SYSTEM,LOGMNRP_CTAS_PART_MAP,7,SPARE2,NUMBER,22,,,Y
SYSTEM,LOGMNRP_CTAS_PART_MAP,8,SPARE3,VARCHAR2,1000,,,Y
SYSTEM,LOGMNR_PDB_INFO$,1,LOGMNR_DID,NUMBER,22,,,N
SYSTEM,LOGMNR_PDB_INFO$,2,LOGMNR_MDH,NUMBER,22,,,N
SYSTEM,LOGMNR_PDB_INFO$,3,PDB_NAME,VARCHAR2,384,,,Y
SYSTEM,LOGMNR_PDB_INFO$,4,PDB_ID,NUMBER,22,,,Y
SYSTEM,LOGMNR_PDB_INFO$,5,PDB_UID,NUMBER,22,,,Y
SYSTEM,LOGMNR_PDB_INFO$,6,PLUGIN_SCN,NUMBER,22,,,N
SYSTEM,LOGMNR_PDB_INFO$,7,UNPLUG_SCN,NUMBER,22,,,Y
SYSTEM,LOGMNR_PDB_INFO$,8,FLAGS,NUMBER,22,,,Y
SYSTEM,LOGMNR_PDB_INFO$,9,SPARE1,NUMBER,22,,,Y
SYSTEM,LOGMNR_PDB_INFO$,10,SPARE2,NUMBER,22,,,Y
SYSTEM,LOGMNR_PDB_INFO$,11,SPARE3,VARCHAR2,4000,,,Y
SYSTEM,LOGMNR_PDB_INFO$,12,SPARE4,TIMESTAMP(6),11,,6,Y
SYSTEM,LOGMNR_PDB_INFO$,13,PDB_GLOBAL_NAME,VARCHAR2,384,,,Y
SYSTEM,LOGMNR_PROCESSED_LOG$,1,SESSION#,NUMBER,22,,,N
SYSTEM,LOGMNR_PROCESSED_LOG$,2,THREAD#,NUMBER,22,,,N
SYSTEM,LOGMNR_PROCESSED_LOG$,3,SEQUENCE#,NUMBER,22,,,Y
SYSTEM,LOGMNR_PROCESSED_LOG$,4,FIRST_CHANGE#,NUMBER,22,,,Y
SYSTEM,LOGMNR_PROCESSED_LOG$,5,NEXT_CHANGE#,NUMBER,22,,,Y
SYSTEM,LOGMNR_PROCESSED_LOG$,6,FIRST_TIME,DATE,7,,,Y
SYSTEM,LOGMNR_PROCESSED_LOG$,7,NEXT_TIME,DATE,7,,,Y
SYSTEM,LOGMNR_PROCESSED_LOG$,8,FILE_NAME,VARCHAR2,513,,,Y
SYSTEM,LOGMNR_PROCESSED_LOG$,9,STATUS,NUMBER,22,,,Y
SYSTEM,LOGMNR_PROCESSED_LOG$,10,INFO,VARCHAR2,32,,,Y
SYSTEM,LOGMNR_PROCESSED_LOG$,11,TIMESTAMP,DATE,7,,,Y
SYSTEM,LOGMNR_PROFILE_PLSQL_STATS$,1,PKGOWNER,VARCHAR2,384,,,N
SYSTEM,LOGMNR_PROFILE_PLSQL_STATS$,2,PKGNAME,VARCHAR2,384,,,N
SYSTEM,LOGMNR_PROFILE_PLSQL_STATS$,3,NAME,NUMBER,22,,,N
SYSTEM,LOGMNR_PROFILE_PLSQL_STATS$,4,PRAGMAOP,NUMBER,22,,,Y
SYSTEM,LOGMNR_PROFILE_PLSQL_STATS$,5,OPNUM,NUMBER,22,,,Y
SYSTEM,LOGMNR_PROFILE_PLSQL_STATS$,6,TLSBYUNSUPPOPNUM,NUMBER,22,,,Y
SYSTEM,LOGMNR_PROFILE_PLSQL_STATS$,7,OGGUNSUPPOPNUM,NUMBER,22,,,Y
SYSTEM,LOGMNR_PROFILE_PLSQL_STATS$,8,REDOSIZE,NUMBER,22,,,Y
SYSTEM,LOGMNR_PROFILE_PLSQL_STATS$,9,REDORATE,NUMBER,22,,,Y
SYSTEM,LOGMNR_PROFILE_PLSQL_STATS$,10,SPARE1,VARCHAR2,384,,,Y
SYSTEM,LOGMNR_PROFILE_PLSQL_STATS$,11,SPARE2,VARCHAR2,384,,,Y
SYSTEM,LOGMNR_PROFILE_PLSQL_STATS$,12,SPARE3,NUMBER,22,,,Y
SYSTEM,LOGMNR_PROFILE_PLSQL_STATS$,13,SPARE4,NUMBER,22,,,Y
SYSTEM,LOGMNR_PROFILE_PLSQL_STATS$,14,SPARE5,NUMBER,22,,,Y
SYSTEM,LOGMNR_PROFILE_PLSQL_STATS$,15,SPARE6,NUMBER,22,,,Y
SYSTEM,LOGMNR_PROFILE_TABLE_STATS$,1,OWNER,VARCHAR2,384,,,Y
SYSTEM,LOGMNR_PROFILE_TABLE_STATS$,2,NAME,VARCHAR2,384,,,Y
SYSTEM,LOGMNR_PROFILE_TABLE_STATS$,3,OBJID,NUMBER,22,,,N
SYSTEM,LOGMNR_PROFILE_TABLE_STATS$,4,OPNUM,NUMBER,22,,,Y
SYSTEM,LOGMNR_PROFILE_TABLE_STATS$,5,TLSBYUNSUPPOPNUM,NUMBER,22,,,Y
SYSTEM,LOGMNR_PROFILE_TABLE_STATS$,6,OGGUNSUPPOPNUM,NUMBER,22,,,Y
SYSTEM,LOGMNR_PROFILE_TABLE_STATS$,7,OGGFETCHOPNUM,NUMBER,22,,,Y
SYSTEM,LOGMNR_PROFILE_TABLE_STATS$,8,OGGPLSQLOPNUM,NUMBER,22,,,Y
SYSTEM,LOGMNR_PROFILE_TABLE_STATS$,9,PARTNUM,NUMBER,22,,,Y
SYSTEM,LOGMNR_PROFILE_TABLE_STATS$,10,INSERTNUM,NUMBER,22,,,Y
SYSTEM,LOGMNR_PROFILE_TABLE_STATS$,11,UPDATENUM,NUMBER,22,,,Y
SYSTEM,LOGMNR_PROFILE_TABLE_STATS$,12,DELETENUM,NUMBER,22,,,Y
SYSTEM,LOGMNR_PROFILE_TABLE_STATS$,13,DDLNUM,NUMBER,22,,,Y
SYSTEM,LOGMNR_PROFILE_TABLE_STATS$,14,PROPERTY1,NUMBER,22,,,Y
SYSTEM,LOGMNR_PROFILE_TABLE_STATS$,15,PROPERTY2,NUMBER,22,,,Y
SYSTEM,LOGMNR_PROFILE_TABLE_STATS$,16,PARTITIONATTR,NUMBER,22,,,Y
SYSTEM,LOGMNR_PROFILE_TABLE_STATS$,17,REDOSIZE,NUMBER,22,,,Y
SYSTEM,LOGMNR_PROFILE_TABLE_STATS$,18,MAXLOBSIZE,NUMBER,22,,,Y
SYSTEM,LOGMNR_PROFILE_TABLE_STATS$,19,REDORATE,NUMBER,22,,,Y
SYSTEM,LOGMNR_PROFILE_TABLE_STATS$,20,SPARE1,VARCHAR2,384,,,Y
SYSTEM,LOGMNR_PROFILE_TABLE_STATS$,21,SPARE2,VARCHAR2,384,,,Y
SYSTEM,LOGMNR_PROFILE_TABLE_STATS$,22,SPARE3,NUMBER,22,,,Y
SYSTEM,LOGMNR_PROFILE_TABLE_STATS$,23,SPARE4,NUMBER,22,,,Y
SYSTEM,LOGMNR_PROFILE_TABLE_STATS$,24,SPARE5,NUMBER,22,,,Y
SYSTEM,LOGMNR_PROFILE_TABLE_STATS$,25,SPARE6,NUMBER,22,,,Y
SYSTEM,LOGMNR_PROPS$,1,VALUE$,VARCHAR2,4000,,,Y
SYSTEM,LOGMNR_PROPS$,2,COMMENT$,VARCHAR2,4000,,,Y
SYSTEM,LOGMNR_PROPS$,3,NAME,VARCHAR2,384,,,N
SYSTEM,LOGMNR_PROPS$,4,LOGMNR_UID,NUMBER,22,22,0,Y
SYSTEM,LOGMNR_PROPS$,5,LOGMNR_FLAGS,NUMBER,22,22,0,Y
SYSTEM,LOGMNR_REFCON$,1,COL#,NUMBER,22,,,Y
SYSTEM,LOGMNR_REFCON$,2,INTCOL#,NUMBER,22,,,Y
SYSTEM,LOGMNR_REFCON$,3,REFTYP,NUMBER,22,,,Y
SYSTEM,LOGMNR_REFCON$,4,STABID,RAW,16,,,Y
SYSTEM,LOGMNR_REFCON$,5,EXPCTOID,RAW,16,,,Y
SYSTEM,LOGMNR_REFCON$,6,OBJ#,NUMBER,22,,,N
SYSTEM,LOGMNR_REFCON$,7,LOGMNR_UID,NUMBER,22,22,0,Y
SYSTEM,LOGMNR_REFCON$,8,LOGMNR_FLAGS,NUMBER,22,22,0,Y
SYSTEM,LOGMNR_RESTART_CKPT$,1,SESSION#,NUMBER,22,,,N
SYSTEM,LOGMNR_RESTART_CKPT$,2,VALID,NUMBER,22,,,Y
SYSTEM,LOGMNR_RESTART_CKPT$,3,CKPT_SCN,NUMBER,22,,,N
SYSTEM,LOGMNR_RESTART_CKPT$,4,XIDUSN,NUMBER,22,,,N
SYSTEM,LOGMNR_RESTART_CKPT$,5,XIDSLT,NUMBER,22,,,N
SYSTEM,LOGMNR_RESTART_CKPT$,6,XIDSQN,NUMBER,22,,,N
SYSTEM,LOGMNR_RESTART_CKPT$,7,SESSION_NUM,NUMBER,22,,,N
SYSTEM,LOGMNR_RESTART_CKPT$,8,SERIAL_NUM,NUMBER,22,,,N
SYSTEM,LOGMNR_RESTART_CKPT$,9,CKPT_INFO,BLOB,4000,,,Y
SYSTEM,LOGMNR_RESTART_CKPT$,10,FLAG,NUMBER,22,,,Y
SYSTEM,LOGMNR_RESTART_CKPT$,11,OFFSET,NUMBER,22,,,Y
SYSTEM,LOGMNR_RESTART_CKPT$,12,CLIENT_DATA,BLOB,4000,,,Y
SYSTEM,LOGMNR_RESTART_CKPT$,13,SPARE1,NUMBER,22,,,Y
SYSTEM,LOGMNR_RESTART_CKPT$,14,SPARE2,NUMBER,22,,,Y
SYSTEM,LOGMNR_RESTART_CKPT$,15,PDBID,NUMBER,22,,,N
SYSTEM,LOGMNR_RESTART_CKPT_TXINFO$,1,SESSION#,NUMBER,22,,,N
SYSTEM,LOGMNR_RESTART_CKPT_TXINFO$,2,XIDUSN,NUMBER,22,,,N
SYSTEM,LOGMNR_RESTART_CKPT_TXINFO$,3,XIDSLT,NUMBER,22,,,N
SYSTEM,LOGMNR_RESTART_CKPT_TXINFO$,4,XIDSQN,NUMBER,22,,,N
SYSTEM,LOGMNR_RESTART_CKPT_TXINFO$,5,SESSION_NUM,NUMBER,22,,,N
SYSTEM,LOGMNR_RESTART_CKPT_TXINFO$,6,SERIAL_NUM,NUMBER,22,,,N
SYSTEM,LOGMNR_RESTART_CKPT_TXINFO$,7,FLAG,NUMBER,22,,,Y
SYSTEM,LOGMNR_RESTART_CKPT_TXINFO$,8,START_SCN,NUMBER,22,,,Y
SYSTEM,LOGMNR_RESTART_CKPT_TXINFO$,9,EFFECTIVE_SCN,NUMBER,22,,,N
SYSTEM,LOGMNR_RESTART_CKPT_TXINFO$,10,OFFSET,NUMBER,22,,,Y
SYSTEM,LOGMNR_RESTART_CKPT_TXINFO$,11,TX_DATA,BLOB,4000,,,Y
SYSTEM,LOGMNR_SEED$,1,SEED_VERSION,NUMBER,22,22,0,Y
SYSTEM,LOGMNR_SEED$,2,GATHER_VERSION,NUMBER,22,22,0,Y
SYSTEM,LOGMNR_SEED$,3,SCHEMANAME,VARCHAR2,384,,,Y
SYSTEM,LOGMNR_SEED$,4,OBJ#,NUMBER,22,,,Y
SYSTEM,LOGMNR_SEED$,5,OBJV#,NUMBER,22,22,0,Y
SYSTEM,LOGMNR_SEED$,6,TABLE_NAME,VARCHAR2,384,,,Y
SYSTEM,LOGMNR_SEED$,7,COL_NAME,VARCHAR2,384,,,Y
SYSTEM,LOGMNR_SEED$,8,COL#,NUMBER,22,,,Y
SYSTEM,LOGMNR_SEED$,9,INTCOL#,NUMBER,22,,,Y
SYSTEM,LOGMNR_SEED$,10,SEGCOL#,NUMBER,22,,,Y
SYSTEM,LOGMNR_SEED$,11,TYPE#,NUMBER,22,,,Y
SYSTEM,LOGMNR_SEED$,12,LENGTH,NUMBER,22,,,Y
SYSTEM,LOGMNR_SEED$,13,PRECISION#,NUMBER,22,,,Y
SYSTEM,LOGMNR_SEED$,14,SCALE,NUMBER,22,,,Y
SYSTEM,LOGMNR_SEED$,15,NULL$,NUMBER,22,,,N
SYSTEM,LOGMNR_SEED$,16,LOGMNR_UID,NUMBER,22,22,0,Y
SYSTEM,LOGMNR_SEED$,17,LOGMNR_FLAGS,NUMBER,22,22,0,Y
SYSTEM,LOGMNR_SESSION$,1,SESSION#,NUMBER,22,,,N
SYSTEM,LOGMNR_SESSION$,2,CLIENT#,NUMBER,22,,,Y
SYSTEM,LOGMNR_SESSION$,3,SESSION_NAME,VARCHAR2,128,,,N
SYSTEM,LOGMNR_SESSION$,4,DB_ID,NUMBER,22,,,Y
SYSTEM,LOGMNR_SESSION$,5,RESETLOGS_CHANGE#,NUMBER,22,,,Y
SYSTEM,LOGMNR_SESSION$,6,SESSION_ATTR,NUMBER,22,,,Y
SYSTEM,LOGMNR_SESSION$,7,SESSION_ATTR_VERBOSE,VARCHAR2,400,,,Y
SYSTEM,LOGMNR_SESSION$,8,START_SCN,NUMBER,22,,,Y
SYSTEM,LOGMNR_SESSION$,9,END_SCN,NUMBER,22,,,Y
SYSTEM,LOGMNR_SESSION$,10,SPILL_SCN,NUMBER,22,,,Y
SYSTEM,LOGMNR_SESSION$,11,SPILL_TIME,DATE,7,,,Y
SYSTEM,LOGMNR_SESSION$,12,OLDEST_SCN,NUMBER,22,,,Y
SYSTEM,LOGMNR_SESSION$,13,RESUME_SCN,NUMBER,22,,,Y
SYSTEM,LOGMNR_SESSION$,14,GLOBAL_DB_NAME,VARCHAR2,384,,,Y
SYSTEM,LOGMNR_SESSION$,15,RESET_TIMESTAMP,NUMBER,22,,,Y
SYSTEM,LOGMNR_SESSION$,16,BRANCH_SCN,NUMBER,22,,,Y
SYSTEM,LOGMNR_SESSION$,17,VERSION,VARCHAR2,64,,,Y
SYSTEM,LOGMNR_SESSION$,18,REDO_COMPAT,VARCHAR2,20,,,Y
SYSTEM,LOGMNR_SESSION$,19,SPARE1,NUMBER,22,,,Y
SYSTEM,LOGMNR_SESSION$,20,PURGE_SCN,NUMBER,22,,,Y
SYSTEM,LOGMNR_SESSION$,21,SPARE3,NUMBER,22,,,Y
SYSTEM,LOGMNR_SESSION$,22,SPARE4,NUMBER,22,,,Y
SYSTEM,LOGMNR_SESSION$,23,SPARE5,NUMBER,22,,,Y
SYSTEM,LOGMNR_SESSION$,24,SPARE6,DATE,7,,,Y
SYSTEM,LOGMNR_SESSION$,25,SPARE7,VARCHAR2,1000,,,Y
SYSTEM,LOGMNR_SESSION$,26,SPARE8,VARCHAR2,1000,,,Y
SYSTEM,LOGMNR_SESSION$,27,SPARE9,NUMBER,22,,,Y
SYSTEM,LOGMNR_SESSION_ACTIONS$,1,FLAGSRUNTIME,NUMBER,22,,,Y
SYSTEM,LOGMNR_SESSION_ACTIONS$,2,DROPSCN,NUMBER,22,,,Y
SYSTEM,LOGMNR_SESSION_ACTIONS$,3,MODIFYTIME,TIMESTAMP(6),11,,6,Y
SYSTEM,LOGMNR_SESSION_ACTIONS$,4,DISPATCHTIME,TIMESTAMP(6),11,,6,Y
SYSTEM,LOGMNR_SESSION_ACTIONS$,5,DROPTIME,TIMESTAMP(6),11,,6,Y
SYSTEM,LOGMNR_SESSION_ACTIONS$,6,LCRCOUNT,NUMBER,22,,,Y
SYSTEM,LOGMNR_SESSION_ACTIONS$,7,ACTIONNAME,VARCHAR2,30,,,N
SYSTEM,LOGMNR_SESSION_ACTIONS$,8,LOGMNRSESSION#,NUMBER,22,,,N
SYSTEM,LOGMNR_SESSION_ACTIONS$,9,PROCESSROLE#,NUMBER,22,,,N
SYSTEM,LOGMNR_SESSION_ACTIONS$,10,ACTIONTYPE#,NUMBER,22,,,N
SYSTEM,LOGMNR_SESSION_ACTIONS$,11,FLAGSDEFINETIME,NUMBER,22,,,Y
SYSTEM,LOGMNR_SESSION_ACTIONS$,12,CREATETIME,TIMESTAMP(6),11,,6,Y
SYSTEM,LOGMNR_SESSION_ACTIONS$,13,XIDUSN,NUMBER,22,,,Y
SYSTEM,LOGMNR_SESSION_ACTIONS$,14,XIDSLT,NUMBER,22,,,Y
SYSTEM,LOGMNR_SESSION_ACTIONS$,15,XIDSQN,NUMBER,22,,,Y
SYSTEM,LOGMNR_SESSION_ACTIONS$,16,THREAD#,NUMBER,22,,,Y
SYSTEM,LOGMNR_SESSION_ACTIONS$,17,STARTSCN,NUMBER,22,,,Y
SYSTEM,LOGMNR_SESSION_ACTIONS$,18,STARTSUBSCN,NUMBER,22,,,Y
SYSTEM,LOGMNR_SESSION_ACTIONS$,19,ENDSCN,NUMBER,22,,,Y
SYSTEM,LOGMNR_SESSION_ACTIONS$,20,ENDSUBSCN,NUMBER,22,,,Y
SYSTEM,LOGMNR_SESSION_ACTIONS$,21,RBASQN,NUMBER,22,,,Y
SYSTEM,LOGMNR_SESSION_ACTIONS$,22,RBABLK,NUMBER,22,,,Y
SYSTEM,LOGMNR_SESSION_ACTIONS$,23,RBABYTE,NUMBER,22,,,Y
SYSTEM,LOGMNR_SESSION_ACTIONS$,24,SESSION#,NUMBER,22,,,Y
SYSTEM,LOGMNR_SESSION_ACTIONS$,25,OBJ#,NUMBER,22,,,Y
SYSTEM,LOGMNR_SESSION_ACTIONS$,26,ATTR1,NUMBER,22,,,Y
SYSTEM,LOGMNR_SESSION_ACTIONS$,27,ATTR2,NUMBER,22,,,Y
SYSTEM,LOGMNR_SESSION_ACTIONS$,28,ATTR3,NUMBER,22,,,Y
SYSTEM,LOGMNR_SESSION_ACTIONS$,29,SPARE1,NUMBER,22,,,Y
SYSTEM,LOGMNR_SESSION_ACTIONS$,30,SPARE2,NUMBER,22,,,Y
SYSTEM,LOGMNR_SESSION_ACTIONS$,31,SPARE3,TIMESTAMP(6),11,,6,Y
SYSTEM,LOGMNR_SESSION_ACTIONS$,32,SPARE4,VARCHAR2,2000,,,Y
SYSTEM,LOGMNR_SESSION_ACTIONS$,33,PDBID,NUMBER,22,,,Y
SYSTEM,LOGMNR_SESSION_ACTIONS$,34,PDB_NAME,VARCHAR2,390,,,Y
SYSTEM,LOGMNR_SESSION_EVOLVE$,1,BRANCH_LEVEL,NUMBER,22,,,Y
SYSTEM,LOGMNR_SESSION_EVOLVE$,2,SESSION#,NUMBER,22,,,N
SYSTEM,LOGMNR_SESSION_EVOLVE$,3,DB_ID,NUMBER,22,,,N
SYSTEM,LOGMNR_SESSION_EVOLVE$,4,RESET_SCN,NUMBER,22,,,N
SYSTEM,LOGMNR_SESSION_EVOLVE$,5,RESET_TIMESTAMP,NUMBER,22,,,N
SYSTEM,LOGMNR_SESSION_EVOLVE$,6,PREV_RESET_SCN,NUMBER,22,,,Y
SYSTEM,LOGMNR_SESSION_EVOLVE$,7,PREV_RESET_TIMESTAMP,NUMBER,22,,,Y
SYSTEM,LOGMNR_SESSION_EVOLVE$,8,STATUS,NUMBER,22,,,Y
SYSTEM,LOGMNR_SESSION_EVOLVE$,9,SPARE1,NUMBER,22,,,Y
SYSTEM,LOGMNR_SESSION_EVOLVE$,10,SPARE2,NUMBER,22,,,Y
SYSTEM,LOGMNR_SESSION_EVOLVE$,11,SPARE3,NUMBER,22,,,Y
SYSTEM,LOGMNR_SESSION_EVOLVE$,12,SPARE4,DATE,7,,,Y
SYSTEM,LOGMNR_SHARD_TS,1,LOGMNR_UID,NUMBER,22,,,N
SYSTEM,LOGMNR_SHARD_TS,2,TABLESPACE_NAME,VARCHAR2,90,,,N
SYSTEM,LOGMNR_SHARD_TS,3,CHUNK_NUMBER,NUMBER,22,,,N
SYSTEM,LOGMNR_SHARD_TS,4,START_SCNBAS,NUMBER,22,,,Y
SYSTEM,LOGMNR_SHARD_TS,5,START_SCNWRP,NUMBER,22,,,Y
SYSTEM,LOGMNR_SPILL$,1,SESSION#,NUMBER,22,,,N
SYSTEM,LOGMNR_SPILL$,2,XIDUSN,NUMBER,22,,,N
SYSTEM,LOGMNR_SPILL$,3,XIDSLT,NUMBER,22,,,N
SYSTEM,LOGMNR_SPILL$,4,XIDSQN,NUMBER,22,,,N
SYSTEM,LOGMNR_SPILL$,5,CHUNK,NUMBER,22,,,N
SYSTEM,LOGMNR_SPILL$,6,STARTIDX,NUMBER,22,,,N
SYSTEM,LOGMNR_SPILL$,7,ENDIDX,NUMBER,22,,,N
SYSTEM,LOGMNR_SPILL$,8,FLAG,NUMBER,22,,,N
SYSTEM,LOGMNR_SPILL$,9,SEQUENCE#,NUMBER,22,,,N
SYSTEM,LOGMNR_SPILL$,10,SPILL_DATA,BLOB,4000,,,Y
SYSTEM,LOGMNR_SPILL$,11,SPARE1,NUMBER,22,,,Y
SYSTEM,LOGMNR_SPILL$,12,SPARE2,NUMBER,22,,,Y
SYSTEM,LOGMNR_SPILL$,13,PDBID,NUMBER,22,,,N
SYSTEM,LOGMNR_SUBCOLTYPE$,1,INTCOL#,NUMBER,22,,,N
SYSTEM,LOGMNR_SUBCOLTYPE$,2,TOID,RAW,16,,,N
SYSTEM,LOGMNR_SUBCOLTYPE$,3,VERSION#,NUMBER,22,,,N
SYSTEM,LOGMNR_SUBCOLTYPE$,4,INTCOLS,NUMBER,22,,,Y
SYSTEM,LOGMNR_SUBCOLTYPE$,5,INTCOL#S,RAW,2000,,,Y
SYSTEM,LOGMNR_SUBCOLTYPE$,6,FLAGS,NUMBER,22,,,Y
SYSTEM,LOGMNR_SUBCOLTYPE$,7,SYNOBJ#,NUMBER,22,,,Y
SYSTEM,LOGMNR_SUBCOLTYPE$,8,OBJ#,NUMBER,22,,,N
SYSTEM,LOGMNR_SUBCOLTYPE$,9,LOGMNR_UID,NUMBER,22,22,0,Y
SYSTEM,LOGMNR_SUBCOLTYPE$,10,LOGMNR_FLAGS,NUMBER,22,22,0,Y
SYSTEM,LOGMNR_TAB$,1,TS#,NUMBER,22,22,0,Y
SYSTEM,LOGMNR_TAB$,2,COLS,NUMBER,22,22,0,Y
SYSTEM,LOGMNR_TAB$,3,PROPERTY,NUMBER,22,,,Y
SYSTEM,LOGMNR_TAB$,4,INTCOLS,NUMBER,22,22,0,Y
SYSTEM,LOGMNR_TAB$,5,KERNELCOLS,NUMBER,22,22,0,Y
SYSTEM,LOGMNR_TAB$,6,BOBJ#,NUMBER,22,22,0,Y
SYSTEM,LOGMNR_TAB$,7,TRIGFLAG,NUMBER,22,22,0,Y
SYSTEM,LOGMNR_TAB$,8,FLAGS,NUMBER,22,22,0,Y
SYSTEM,LOGMNR_TAB$,9,OBJ#,NUMBER,22,22,0,N
SYSTEM,LOGMNR_TAB$,10,LOGMNR_UID,NUMBER,22,22,0,Y
SYSTEM,LOGMNR_TAB$,11,LOGMNR_FLAGS,NUMBER,22,22,0,Y
SYSTEM,LOGMNR_TAB$,12,ACDRFLAGS,NUMBER,22,,,Y
SYSTEM,LOGMNR_TAB$,13,ACDRTSOBJ#,NUMBER,22,,,Y
SYSTEM,LOGMNR_TAB$,14,ACDRROWTSINTCOL#,NUMBER,22,,,Y
SYSTEM,LOGMNR_TABCOMPART$,1,OBJ#,NUMBER,22,22,0,Y
SYSTEM,LOGMNR_TABCOMPART$,2,BO#,NUMBER,22,22,0,Y
SYSTEM,LOGMNR_TABCOMPART$,3,PART#,NUMBER,22,22,0,N
SYSTEM,LOGMNR_TABCOMPART$,4,LOGMNR_UID,NUMBER,22,22,0,Y
SYSTEM,LOGMNR_TABCOMPART$,5,LOGMNR_FLAGS,NUMBER,22,22,0,Y
SYSTEM,LOGMNR_TABPART$,1,OBJ#,NUMBER,22,22,0,Y
SYSTEM,LOGMNR_TABPART$,2,TS#,NUMBER,22,22,0,Y
SYSTEM,LOGMNR_TABPART$,3,PART#,NUMBER,22,,,Y
SYSTEM,LOGMNR_TABPART$,4,BO#,NUMBER,22,22,0,N
SYSTEM,LOGMNR_TABPART$,5,LOGMNR_UID,NUMBER,22,22,0,Y
SYSTEM,LOGMNR_TABPART$,6,LOGMNR_FLAGS,NUMBER,22,22,0,Y
SYSTEM,LOGMNR_TABSUBPART$,1,OBJ#,NUMBER,22,22,0,Y
SYSTEM,LOGMNR_TABSUBPART$,2,DATAOBJ#,NUMBER,22,22,0,Y
SYSTEM,LOGMNR_TABSUBPART$,3,POBJ#,NUMBER,22,22,0,Y
SYSTEM,LOGMNR_TABSUBPART$,4,SUBPART#,NUMBER,22,22,0,Y
SYSTEM,LOGMNR_TABSUBPART$,5,TS#,NUMBER,22,22,0,N
SYSTEM,LOGMNR_TABSUBPART$,6,LOGMNR_UID,NUMBER,22,22,0,Y
SYSTEM,LOGMNR_TABSUBPART$,7,LOGMNR_FLAGS,NUMBER,22,22,0,Y
SYSTEM,LOGMNRT_MDDL$,1,SOURCE_OBJ#,NUMBER,22,,,N
SYSTEM,LOGMNRT_MDDL$,2,SOURCE_ROWID,ROWID,10,,,N
SYSTEM,LOGMNRT_MDDL$,3,DEST_ROWID,ROWID,10,,,N
SYSTEM,LOGMNR_TS$,1,TS#,NUMBER,22,22,0,Y
SYSTEM,LOGMNR_TS$,2,NAME,VARCHAR2,90,,,Y
SYSTEM,LOGMNR_TS$,3,OWNER#,NUMBER,22,22,0,Y
SYSTEM,LOGMNR_TS$,4,BLOCKSIZE,NUMBER,22,22,0,N
SYSTEM,LOGMNR_TS$,5,LOGMNR_UID,NUMBER,22,22,0,Y
SYSTEM,LOGMNR_TS$,6,LOGMNR_FLAGS,NUMBER,22,22,0,Y
SYSTEM,LOGMNR_TS$,7,START_SCNBAS,NUMBER,22,,,Y
SYSTEM,LOGMNR_TS$,8,START_SCNWRP,NUMBER,22,,,Y
SYSTEM,LOGMNR_TYPE$,1,VERSION#,NUMBER,22,,,Y
SYSTEM,LOGMNR_TYPE$,2,VERSION,VARCHAR2,384,,,Y
SYSTEM,LOGMNR_TYPE$,3,TVOID,RAW,16,,,Y
SYSTEM,LOGMNR_TYPE$,4,TYPECODE,NUMBER,22,,,Y
SYSTEM,LOGMNR_TYPE$,5,PROPERTIES,NUMBER,22,,,Y
SYSTEM,LOGMNR_TYPE$,6,ATTRIBUTES,NUMBER,22,,,Y
SYSTEM,LOGMNR_TYPE$,7,METHODS,NUMBER,22,,,Y
SYSTEM,LOGMNR_TYPE$,8,HIDDENMETHODS,NUMBER,22,,,Y
SYSTEM,LOGMNR_TYPE$,9,SUPERTYPES,NUMBER,22,,,Y
SYSTEM,LOGMNR_TYPE$,10,SUBTYPES,NUMBER,22,,,Y
SYSTEM,LOGMNR_TYPE$,11,EXTERNTYPE,NUMBER,22,,,Y
SYSTEM,LOGMNR_TYPE$,12,EXTERNNAME,VARCHAR2,4000,,,Y
SYSTEM,LOGMNR_TYPE$,13,HELPERCLASSNAME,VARCHAR2,4000,,,Y
SYSTEM,LOGMNR_TYPE$,14,LOCAL_ATTRS,NUMBER,22,,,Y
SYSTEM,LOGMNR_TYPE$,15,LOCAL_METHODS,NUMBER,22,,,Y
SYSTEM,LOGMNR_TYPE$,16,TYPEID,RAW,16,,,Y
SYSTEM,LOGMNR_TYPE$,17,ROOTTOID,RAW,16,,,Y
SYSTEM,LOGMNR_TYPE$,18,SPARE1,NUMBER,22,,,Y
SYSTEM,LOGMNR_TYPE$,19,SPARE2,NUMBER,22,,,Y
SYSTEM,LOGMNR_TYPE$,20,SPARE3,NUMBER,22,,,Y
SYSTEM,LOGMNR_TYPE$,21,SUPERTOID,RAW,16,,,Y
SYSTEM,LOGMNR_TYPE$,22,HASHCODE,RAW,17,,,Y
SYSTEM,LOGMNR_TYPE$,23,TOID,RAW,16,,,N
SYSTEM,LOGMNR_TYPE$,24,LOGMNR_UID,NUMBER,22,22,0,Y
SYSTEM,LOGMNR_TYPE$,25,LOGMNR_FLAGS,NUMBER,22,22,0,Y
SYSTEM,LOGMNR_UID$,1,LOGMNR_UID,NUMBER,22,22,0,N
SYSTEM,LOGMNR_UID$,2,LOGMNR_DID,NUMBER,22,,,Y
SYSTEM,LOGMNR_UID$,3,LOGMNR_MDH,NUMBER,22,,,Y
SYSTEM,LOGMNR_UID$,4,PDB_NAME,VARCHAR2,384,,,Y
SYSTEM,LOGMNR_UID$,5,PDB_ID,NUMBER,22,,,Y
SYSTEM,LOGMNR_UID$,6,PDB_UID,NUMBER,22,,,Y
SYSTEM,LOGMNR_UID$,7,START_SCN,NUMBER,22,,,Y
SYSTEM,LOGMNR_UID$,8,END_SCN,NUMBER,22,,,Y
SYSTEM,LOGMNR_UID$,9,FLAGS,NUMBER,22,,,Y
SYSTEM,LOGMNR_UID$,10,SPARE1,NUMBER,22,,,Y
SYSTEM,LOGMNR_UID$,11,SPARE2,NUMBER,22,,,Y
SYSTEM,LOGMNR_UID$,12,SPARE3,VARCHAR2,4000,,,Y
SYSTEM,LOGMNR_UID$,13,SPARE4,TIMESTAMP(6),11,,6,Y
SYSTEM,LOGMNR_USER$,1,USER#,NUMBER,22,22,0,Y
SYSTEM,LOGMNR_USER$,2,NAME,VARCHAR2,384,,,N
SYSTEM,LOGMNR_USER$,3,LOGMNR_UID,NUMBER,22,22,0,Y
SYSTEM,LOGMNR_USER$,4,LOGMNR_FLAGS,NUMBER,22,22,0,Y
SYSTEM,LOGMNR_USER$,5,SPARE1,NUMBER,22,,,Y
SYSTEM,LOGSTDBY$APPLY_MILESTONE,1,SESSION_ID,NUMBER,22,,,N
SYSTEM,LOGSTDBY$APPLY_MILESTONE,2,COMMIT_SCN,NUMBER,22,,,N
SYSTEM,LOGSTDBY$APPLY_MILESTONE,3,COMMIT_TIME,DATE,7,,,Y
SYSTEM,LOGSTDBY$APPLY_MILESTONE,4,SYNCH_SCN,NUMBER,22,,,N
SYSTEM,LOGSTDBY$APPLY_MILESTONE,5,EPOCH,NUMBER,22,,,N
SYSTEM,LOGSTDBY$APPLY_MILESTONE,6,PROCESSED_SCN,NUMBER,22,,,N
SYSTEM,LOGSTDBY$APPLY_MILESTONE,7,PROCESSED_TIME,DATE,7,,,Y
SYSTEM,LOGSTDBY$APPLY_MILESTONE,8,FETCHLWM_SCN,NUMBER,22,,,N
SYSTEM,LOGSTDBY$APPLY_MILESTONE,9,SPARE1,NUMBER,22,,,Y
SYSTEM,LOGSTDBY$APPLY_MILESTONE,10,SPARE2,NUMBER,22,,,Y
SYSTEM,LOGSTDBY$APPLY_MILESTONE,11,SPARE3,VARCHAR2,2000,,,Y
SYSTEM,LOGSTDBY$APPLY_MILESTONE,12,FLAGS,NUMBER,22,,,Y
SYSTEM,LOGSTDBY$APPLY_MILESTONE,13,LWM_UPD_TIME,DATE,7,,,Y
SYSTEM,LOGSTDBY$APPLY_MILESTONE,14,SPARE4,NUMBER,22,,,Y
SYSTEM,LOGSTDBY$APPLY_MILESTONE,15,SPARE5,NUMBER,22,,,Y
SYSTEM,LOGSTDBY$APPLY_MILESTONE,16,SPARE6,NUMBER,22,,,Y
SYSTEM,LOGSTDBY$APPLY_MILESTONE,17,SPARE7,DATE,7,,,Y
SYSTEM,LOGSTDBY$APPLY_MILESTONE,18,PTO_RECOVERY_SCN,NUMBER,22,,,Y
SYSTEM,LOGSTDBY$APPLY_MILESTONE,19,PTO_RECOVERY_INCARNATION,NUMBER,22,,,Y
SYSTEM,LOGSTDBY$APPLY_PROGRESS,1,XIDUSN,NUMBER,22,,,Y
SYSTEM,LOGSTDBY$APPLY_PROGRESS,2,XIDSLT,NUMBER,22,,,Y
SYSTEM,LOGSTDBY$APPLY_PROGRESS,3,XIDSQN,NUMBER,22,,,Y
SYSTEM,LOGSTDBY$APPLY_PROGRESS,4,COMMIT_SCN,NUMBER,22,,,Y
SYSTEM,LOGSTDBY$APPLY_PROGRESS,5,COMMIT_TIME,DATE,7,,,Y
SYSTEM,LOGSTDBY$APPLY_PROGRESS,6,SPARE1,NUMBER,22,,,Y
SYSTEM,LOGSTDBY$APPLY_PROGRESS,7,SPARE2,NUMBER,22,,,Y
SYSTEM,LOGSTDBY$APPLY_PROGRESS,8,SPARE3,VARCHAR2,2000,,,Y
SYSTEM,LOGSTDBY$EDS_TABLES,1,OWNER,VARCHAR2,128,,,N
SYSTEM,LOGSTDBY$EDS_TABLES,2,TABLE_NAME,VARCHAR2,128,,,N
SYSTEM,LOGSTDBY$EDS_TABLES,3,SHADOW_TABLE_NAME,VARCHAR2,128,,,Y
SYSTEM,LOGSTDBY$EDS_TABLES,4,BASE_TRIGGER_NAME,VARCHAR2,128,,,Y
SYSTEM,LOGSTDBY$EDS_TABLES,5,SHADOW_TRIGGER_NAME,VARCHAR2,128,,,Y
SYSTEM,LOGSTDBY$EDS_TABLES,6,DBLINK,VARCHAR2,255,,,Y
SYSTEM,LOGSTDBY$EDS_TABLES,7,FLAGS,NUMBER,22,,,Y
SYSTEM,LOGSTDBY$EDS_TABLES,8,STATE,VARCHAR2,255,,,Y
SYSTEM,LOGSTDBY$EDS_TABLES,9,OBJV,NUMBER,22,,,Y
SYSTEM,LOGSTDBY$EDS_TABLES,10,OBJ#,NUMBER,22,,,Y
SYSTEM,LOGSTDBY$EDS_TABLES,11,SOBJ#,NUMBER,22,,,Y
SYSTEM,LOGSTDBY$EDS_TABLES,12,CTIME,TIMESTAMP(6),11,,6,Y
SYSTEM,LOGSTDBY$EDS_TABLES,13,SPARE1,NUMBER,22,,,Y
SYSTEM,LOGSTDBY$EDS_TABLES,14,SPARE2,VARCHAR2,255,,,Y
SYSTEM,LOGSTDBY$EDS_TABLES,15,SPARE3,NUMBER,22,,,Y
SYSTEM,LOGSTDBY$EDS_TABLES,16,MVIEW_NAME,VARCHAR2,128,,,Y
SYSTEM,LOGSTDBY$EDS_TABLES,17,MVIEW_LOG_NAME,VARCHAR2,128,,,Y
SYSTEM,LOGSTDBY$EDS_TABLES,18,MVIEW_TRIGGER_NAME,VARCHAR2,128,,,Y
SYSTEM,LOGSTDBY$EVENTS,1,EVENT_TIME,TIMESTAMP(6),11,,6,N
SYSTEM,LOGSTDBY$EVENTS,2,CURRENT_SCN,NUMBER,22,,,Y
SYSTEM,LOGSTDBY$EVENTS,3,COMMIT_SCN,NUMBER,22,,,Y
SYSTEM,LOGSTDBY$EVENTS,4,XIDUSN,NUMBER,22,,,Y
SYSTEM,LOGSTDBY$EVENTS,5,XIDSLT,NUMBER,22,,,Y
SYSTEM,LOGSTDBY$EVENTS,6,XIDSQN,NUMBER,22,,,Y
SYSTEM,LOGSTDBY$EVENTS,7,ERRVAL,NUMBER,22,,,Y
SYSTEM,LOGSTDBY$EVENTS,8,EVENT,VARCHAR2,2000,,,Y
SYSTEM,LOGSTDBY$EVENTS,9,FULL_EVENT,CLOB,4000,,,Y
SYSTEM,LOGSTDBY$EVENTS,10,ERROR,VARCHAR2,2000,,,Y
SYSTEM,LOGSTDBY$EVENTS,11,SPARE1,NUMBER,22,,,Y
SYSTEM,LOGSTDBY$EVENTS,12,SPARE2,NUMBER,22,,,Y
SYSTEM,LOGSTDBY$EVENTS,13,SPARE3,VARCHAR2,2000,,,Y
SYSTEM,LOGSTDBY$EVENTS,14,CON_NAME,VARCHAR2,30,,,Y
SYSTEM,LOGSTDBY$EVENTS,15,CON_ID,NUMBER,22,,,Y
SYSTEM,LOGSTDBY$FLASHBACK_SCN,1,PRIMARY_SCN,NUMBER,22,,,N
SYSTEM,LOGSTDBY$FLASHBACK_SCN,2,PRIMARY_TIME,DATE,7,,,Y
SYSTEM,LOGSTDBY$FLASHBACK_SCN,3,STANDBY_SCN,NUMBER,22,,,Y
SYSTEM,LOGSTDBY$FLASHBACK_SCN,4,STANDBY_TIME,DATE,7,,,Y
SYSTEM,LOGSTDBY$FLASHBACK_SCN,5,SPARE1,NUMBER,22,,,Y
SYSTEM,LOGSTDBY$FLASHBACK_SCN,6,SPARE2,NUMBER,22,,,Y
SYSTEM,LOGSTDBY$FLASHBACK_SCN,7,SPARE3,DATE,7,,,Y
SYSTEM,LOGSTDBY$HISTORY,1,STREAM_SEQUENCE#,NUMBER,22,,,Y
SYSTEM,LOGSTDBY$HISTORY,2,LMNR_SID,NUMBER,22,,,Y
SYSTEM,LOGSTDBY$HISTORY,3,DBID,NUMBER,22,,,Y
SYSTEM,LOGSTDBY$HISTORY,4,FIRST_CHANGE#,NUMBER,22,,,Y
SYSTEM,LOGSTDBY$HISTORY,5,LAST_CHANGE#,NUMBER,22,,,Y
SYSTEM,LOGSTDBY$HISTORY,6,SOURCE,NUMBER,22,,,Y
SYSTEM,LOGSTDBY$HISTORY,7,STATUS,NUMBER,22,,,Y
SYSTEM,LOGSTDBY$HISTORY,8,FIRST_TIME,DATE,7,,,Y
SYSTEM,LOGSTDBY$HISTORY,9,LAST_TIME,DATE,7,,,Y
SYSTEM,LOGSTDBY$HISTORY,10,DGNAME,VARCHAR2,255,,,Y
SYSTEM,LOGSTDBY$HISTORY,11,SPARE1,NUMBER,22,,,Y
SYSTEM,LOGSTDBY$HISTORY,12,SPARE2,NUMBER,22,,,Y
SYSTEM,LOGSTDBY$HISTORY,13,SPARE3,VARCHAR2,2000,,,Y
SYSTEM,LOGSTDBY$PARAMETERS,1,NAME,VARCHAR2,30,,,Y
SYSTEM,LOGSTDBY$PARAMETERS,2,VALUE,VARCHAR2,2000,,,Y
SYSTEM,LOGSTDBY$PARAMETERS,3,TYPE,NUMBER,22,,,Y
SYSTEM,LOGSTDBY$PARAMETERS,4,SCN,NUMBER,22,,,Y
SYSTEM,LOGSTDBY$PARAMETERS,5,SPARE1,NUMBER,22,,,Y
SYSTEM,LOGSTDBY$PARAMETERS,6,SPARE2,NUMBER,22,,,Y
SYSTEM,LOGSTDBY$PARAMETERS,7,SPARE3,VARCHAR2,2000,,,Y
SYSTEM,LOGSTDBY$PLSQL,1,SESSION_ID,NUMBER,22,,,Y
SYSTEM,LOGSTDBY$PLSQL,2,START_FINISH,NUMBER,22,,,Y
SYSTEM,LOGSTDBY$PLSQL,3,CALL_TEXT,CLOB,4000,,,Y
SYSTEM,LOGSTDBY$PLSQL,4,SPARE1,NUMBER,22,,,Y
SYSTEM,LOGSTDBY$PLSQL,5,SPARE2,NUMBER,22,,,Y
SYSTEM,LOGSTDBY$PLSQL,6,SPARE3,VARCHAR2,2000,,,Y
SYSTEM,LOGSTDBY$SCN,1,OBJ#,NUMBER,22,,,Y
SYSTEM,LOGSTDBY$SCN,2,OBJNAME,VARCHAR2,4000,,,Y
SYSTEM,LOGSTDBY$SCN,3,SCHEMA,VARCHAR2,128,,,Y
SYSTEM,LOGSTDBY$SCN,4,TYPE,VARCHAR2,20,,,Y
SYSTEM,LOGSTDBY$SCN,5,SCN,NUMBER,22,,,Y
SYSTEM,LOGSTDBY$SCN,6,SPARE1,NUMBER,22,,,Y
SYSTEM,LOGSTDBY$SCN,7,SPARE2,NUMBER,22,,,Y
SYSTEM,LOGSTDBY$SCN,8,SPARE3,VARCHAR2,2000,,,Y
SYSTEM,LOGSTDBY$SKIP,1,ERROR,NUMBER,22,,,Y
SYSTEM,LOGSTDBY$SKIP,2,STATEMENT_OPT,VARCHAR2,128,,,Y
SYSTEM,LOGSTDBY$SKIP,3,SCHEMA,VARCHAR2,128,,,Y
SYSTEM,LOGSTDBY$SKIP,4,NAME,VARCHAR2,261,,,Y
SYSTEM,LOGSTDBY$SKIP,5,USE_LIKE,NUMBER,22,,,Y
SYSTEM,LOGSTDBY$SKIP,6,ESC,VARCHAR2,1,,,Y
SYSTEM,LOGSTDBY$SKIP,7,PROC,VARCHAR2,392,,,Y
SYSTEM,LOGSTDBY$SKIP,8,ACTIVE,NUMBER,22,,,Y
SYSTEM,LOGSTDBY$SKIP,9,SPARE1,NUMBER,22,,,Y
SYSTEM,LOGSTDBY$SKIP,10,SPARE2,NUMBER,22,,,Y
SYSTEM,LOGSTDBY$SKIP,11,SPARE3,VARCHAR2,2000,,,Y
SYSTEM,LOGSTDBY$SKIP_SUPPORT,1,ACTION,NUMBER,22,,,N
SYSTEM,LOGSTDBY$SKIP_SUPPORT,2,NAME,VARCHAR2,128,,,N
SYSTEM,LOGSTDBY$SKIP_SUPPORT,3,NAME2,VARCHAR2,128,,,Y
SYSTEM,LOGSTDBY$SKIP_SUPPORT,4,NAME3,VARCHAR2,128,,,Y
SYSTEM,LOGSTDBY$SKIP_SUPPORT,5,NAME4,VARCHAR2,128,,,Y
SYSTEM,LOGSTDBY$SKIP_SUPPORT,6,NAME5,VARCHAR2,128,,,Y
SYSTEM,LOGSTDBY$SKIP_SUPPORT,7,REG,NUMBER,22,,0,Y
SYSTEM,LOGSTDBY$SKIP_SUPPORT,8,SPARE1,NUMBER,22,,,Y
SYSTEM,LOGSTDBY$SKIP_SUPPORT,9,SPARE2,NUMBER,22,,,Y
SYSTEM,LOGSTDBY$SKIP_SUPPORT,10,SPARE3,VARCHAR2,2000,,,Y
SYSTEM,LOGSTDBY$SKIP_TRANSACTION,1,XIDUSN,NUMBER,22,,,Y
SYSTEM,LOGSTDBY$SKIP_TRANSACTION,2,XIDSLT,NUMBER,22,,,Y
SYSTEM,LOGSTDBY$SKIP_TRANSACTION,3,XIDSQN,NUMBER,22,,,Y
SYSTEM,LOGSTDBY$SKIP_TRANSACTION,4,ACTIVE,NUMBER,22,,,Y
SYSTEM,LOGSTDBY$SKIP_TRANSACTION,5,COMMIT_SCN,NUMBER,22,,,Y
SYSTEM,LOGSTDBY$SKIP_TRANSACTION,6,SPARE2,NUMBER,22,,,Y
SYSTEM,LOGSTDBY$SKIP_TRANSACTION,7,SPARE3,VARCHAR2,2000,,,Y
SYSTEM,LOGSTDBY$SKIP_TRANSACTION,8,CON_NAME,VARCHAR2,384,,,Y
SYSTEM,MVIEW$_ADV_AJG,1,AJGID#,NUMBER,22,,,N
SYSTEM,MVIEW$_ADV_AJG,2,RUNID#,NUMBER,22,,,N
SYSTEM,MVIEW$_ADV_AJG,3,AJGDESLEN,NUMBER,22,,,N
SYSTEM,MVIEW$_ADV_AJG,4,AJGDES,LONG RAW,0,,,N
SYSTEM,MVIEW$_ADV_AJG,5,HASHVALUE,NUMBER,22,,,N
SYSTEM,MVIEW$_ADV_AJG,6,FREQUENCY,NUMBER,22,,,Y
SYSTEM,MVIEW$_ADV_BASETABLE,1,COLLECTIONID#,NUMBER,22,,,N
SYSTEM,MVIEW$_ADV_BASETABLE,2,QUERYID#,NUMBER,22,,,N
SYSTEM,MVIEW$_ADV_BASETABLE,3,OWNER,VARCHAR2,128,,,Y
SYSTEM,MVIEW$_ADV_BASETABLE,4,TABLE_NAME,VARCHAR2,128,,,Y
SYSTEM,MVIEW$_ADV_BASETABLE,5,TABLE_TYPE,NUMBER,22,,,Y
SYSTEM,MVIEW$_ADV_CLIQUE,1,CLIQUEID#,NUMBER,22,,,N
SYSTEM,MVIEW$_ADV_CLIQUE,2,RUNID#,NUMBER,22,,,N
SYSTEM,MVIEW$_ADV_CLIQUE,3,CLIQUEDESLEN,NUMBER,22,,,N
SYSTEM,MVIEW$_ADV_CLIQUE,4,CLIQUEDES,LONG RAW,0,,,N
SYSTEM,MVIEW$_ADV_CLIQUE,5,HASHVALUE,NUMBER,22,,,N
SYSTEM,MVIEW$_ADV_CLIQUE,6,FREQUENCY,NUMBER,22,,,N
SYSTEM,MVIEW$_ADV_CLIQUE,7,BYTECOST,NUMBER,22,,,N
SYSTEM,MVIEW$_ADV_CLIQUE,8,ROWSIZE,NUMBER,22,,,N
SYSTEM,MVIEW$_ADV_CLIQUE,9,NUMROWS,NUMBER,22,,,N
SYSTEM,MVIEW$_ADV_ELIGIBLE,1,SUMOBJN#,NUMBER,22,,,N
SYSTEM,MVIEW$_ADV_ELIGIBLE,2,RUNID#,NUMBER,22,,,N
SYSTEM,MVIEW$_ADV_ELIGIBLE,3,BYTECOST,NUMBER,22,,,N
SYSTEM,MVIEW$_ADV_ELIGIBLE,4,FLAGS,NUMBER,22,,,N
SYSTEM,MVIEW$_ADV_ELIGIBLE,5,FREQUENCY,NUMBER,22,,,N
SYSTEM,MVIEW$_ADV_EXCEPTIONS,1,RUNID#,NUMBER,22,,,Y
SYSTEM,MVIEW$_ADV_EXCEPTIONS,2,OWNER,VARCHAR2,128,,,Y
SYSTEM,MVIEW$_ADV_EXCEPTIONS,3,TABLE_NAME,VARCHAR2,128,,,Y
SYSTEM,MVIEW$_ADV_EXCEPTIONS,4,DIMENSION_NAME,VARCHAR2,128,,,Y
SYSTEM,MVIEW$_ADV_EXCEPTIONS,5,RELATIONSHIP,VARCHAR2,11,,,Y
SYSTEM,MVIEW$_ADV_EXCEPTIONS,6,BAD_ROWID,ROWID,10,,,Y
SYSTEM,MVIEW$_ADV_FILTER,1,FILTERID#,NUMBER,22,,,N
SYSTEM,MVIEW$_ADV_FILTER,2,SUBFILTERNUM#,NUMBER,22,,,N
SYSTEM,MVIEW$_ADV_FILTER,3,SUBFILTERTYPE,NUMBER,22,,,N
SYSTEM,MVIEW$_ADV_FILTER,4,STR_VALUE,VARCHAR2,1028,,,Y
SYSTEM,MVIEW$_ADV_FILTER,5,NUM_VALUE1,NUMBER,22,,,Y
SYSTEM,MVIEW$_ADV_FILTER,6,NUM_VALUE2,NUMBER,22,,,Y
SYSTEM,MVIEW$_ADV_FILTER,7,DATE_VALUE1,DATE,7,,,Y
SYSTEM,MVIEW$_ADV_FILTER,8,DATE_VALUE2,DATE,7,,,Y
SYSTEM,MVIEW$_ADV_FILTERINSTANCE,1,RUNID#,NUMBER,22,,,N
SYSTEM,MVIEW$_ADV_FILTERINSTANCE,2,FILTERID#,NUMBER,22,,,Y
SYSTEM,MVIEW$_ADV_FILTERINSTANCE,3,SUBFILTERNUM#,NUMBER,22,,,Y
SYSTEM,MVIEW$_ADV_FILTERINSTANCE,4,SUBFILTERTYPE,NUMBER,22,,,Y
SYSTEM,MVIEW$_ADV_FILTERINSTANCE,5,STR_VALUE,VARCHAR2,1028,,,Y
SYSTEM,MVIEW$_ADV_FILTERINSTANCE,6,NUM_VALUE1,NUMBER,22,,,Y
SYSTEM,MVIEW$_ADV_FILTERINSTANCE,7,NUM_VALUE2,NUMBER,22,,,Y
SYSTEM,MVIEW$_ADV_FILTERINSTANCE,8,DATE_VALUE1,DATE,7,,,Y
SYSTEM,MVIEW$_ADV_FILTERINSTANCE,9,DATE_VALUE2,DATE,7,,,Y
SYSTEM,MVIEW$_ADV_FJG,1,FJGID#,NUMBER,22,,,N
SYSTEM,MVIEW$_ADV_FJG,2,AJGID#,NUMBER,22,,,N
SYSTEM,MVIEW$_ADV_FJG,3,FJGDESLEN,NUMBER,22,,,N
SYSTEM,MVIEW$_ADV_FJG,4,FJGDES,LONG RAW,0,,,N
SYSTEM,MVIEW$_ADV_FJG,5,HASHVALUE,NUMBER,22,,,N
SYSTEM,MVIEW$_ADV_FJG,6,FREQUENCY,NUMBER,22,,,Y
SYSTEM,MVIEW$_ADV_GC,1,GCID#,NUMBER,22,,,N
SYSTEM,MVIEW$_ADV_GC,2,FJGID#,NUMBER,22,,,N
SYSTEM,MVIEW$_ADV_GC,3,GCDESLEN,NUMBER,22,,,N
SYSTEM,MVIEW$_ADV_GC,4,GCDES,LONG RAW,0,,,N
SYSTEM,MVIEW$_ADV_GC,5,HASHVALUE,NUMBER,22,,,N
SYSTEM,MVIEW$_ADV_GC,6,FREQUENCY,NUMBER,22,,,Y
SYSTEM,MVIEW$_ADV_INFO,1,RUNID#,NUMBER,22,,,N
SYSTEM,MVIEW$_ADV_INFO,2,SEQ#,NUMBER,22,,,N
SYSTEM,MVIEW$_ADV_INFO,3,TYPE,NUMBER,22,,,N
SYSTEM,MVIEW$_ADV_INFO,4,INFOLEN,NUMBER,22,,,N
SYSTEM,MVIEW$_ADV_INFO,5,INFO,LONG RAW,0,,,Y
SYSTEM,MVIEW$_ADV_INFO,6,STATUS,NUMBER,22,,,Y
SYSTEM,MVIEW$_ADV_INFO,7,FLAG,NUMBER,22,,,Y
SYSTEM,MVIEW$_ADV_JOURNAL,1,RUNID#,NUMBER,22,,,N
SYSTEM,MVIEW$_ADV_JOURNAL,2,SEQ#,NUMBER,22,,,N
SYSTEM,MVIEW$_ADV_JOURNAL,3,TIMESTAMP,DATE,7,,,N
SYSTEM,MVIEW$_ADV_JOURNAL,4,FLAGS,NUMBER,22,,,N
SYSTEM,MVIEW$_ADV_JOURNAL,5,NUM,NUMBER,22,,,Y
SYSTEM,MVIEW$_ADV_JOURNAL,6,TEXT,LONG,0,,,Y
SYSTEM,MVIEW$_ADV_JOURNAL,7,TEXTLEN,NUMBER,22,,,Y
SYSTEM,MVIEW$_ADV_LEVEL,1,RUNID#,NUMBER,22,,,N
SYSTEM,MVIEW$_ADV_LEVEL,2,LEVELID#,NUMBER,22,,,N
SYSTEM,MVIEW$_ADV_LEVEL,3,DIMOBJ#,NUMBER,22,,,Y
SYSTEM,MVIEW$_ADV_LEVEL,4,FLAGS,NUMBER,22,,,N
SYSTEM,MVIEW$_ADV_LEVEL,5,TBLOBJ#,NUMBER,22,,,N
SYSTEM,MVIEW$_ADV_LEVEL,6,COLUMNLIST,RAW,70,,,N
SYSTEM,MVIEW$_ADV_LEVEL,7,LEVELNAME,VARCHAR2,128,,,Y
SYSTEM,MVIEW$_ADV_LOG,1,RUNID#,NUMBER,22,,,N
SYSTEM,MVIEW$_ADV_LOG,2,FILTERID#,NUMBER,22,,,Y
SYSTEM,MVIEW$_ADV_LOG,3,RUN_BEGIN,DATE,7,,,Y
SYSTEM,MVIEW$_ADV_LOG,4,RUN_END,DATE,7,,,Y
SYSTEM,MVIEW$_ADV_LOG,5,RUN_TYPE,NUMBER,22,,,Y
SYSTEM,MVIEW$_ADV_LOG,6,UNAME,VARCHAR2,128,,,Y
SYSTEM,MVIEW$_ADV_LOG,7,STATUS,NUMBER,22,,,N
SYSTEM,MVIEW$_ADV_LOG,8,MESSAGE,VARCHAR2,2000,,,Y
SYSTEM,MVIEW$_ADV_LOG,9,COMPLETED,NUMBER,22,,,Y
SYSTEM,MVIEW$_ADV_LOG,10,TOTAL,NUMBER,22,,,Y
SYSTEM,MVIEW$_ADV_LOG,11,ERROR_CODE,VARCHAR2,20,,,Y
SYSTEM,MVIEW$_ADV_OUTPUT,1,RUNID#,NUMBER,22,,,N
SYSTEM,MVIEW$_ADV_OUTPUT,2,OUTPUT_TYPE,NUMBER,22,,,N
SYSTEM,MVIEW$_ADV_OUTPUT,3,RANK#,NUMBER,22,,,N
SYSTEM,MVIEW$_ADV_OUTPUT,4,ACTION_TYPE,VARCHAR2,6,,,Y
SYSTEM,MVIEW$_ADV_OUTPUT,5,SUMMARY_OWNER,VARCHAR2,128,,,Y
SYSTEM,MVIEW$_ADV_OUTPUT,6,SUMMARY_NAME,VARCHAR2,128,,,Y
SYSTEM,MVIEW$_ADV_OUTPUT,7,GROUP_BY_COLUMNS,VARCHAR2,2000,,,Y
SYSTEM,MVIEW$_ADV_OUTPUT,8,WHERE_CLAUSE,VARCHAR2,2000,,,Y
SYSTEM,MVIEW$_ADV_OUTPUT,9,FROM_CLAUSE,VARCHAR2,2000,,,Y
SYSTEM,MVIEW$_ADV_OUTPUT,10,MEASURES_LIST,VARCHAR2,2000,,,Y
SYSTEM,MVIEW$_ADV_OUTPUT,11,FACT_TABLES,VARCHAR2,1000,,,Y
SYSTEM,MVIEW$_ADV_OUTPUT,12,GROUPING_LEVELS,VARCHAR2,2000,,,Y
SYSTEM,MVIEW$_ADV_OUTPUT,13,QUERYLEN,NUMBER,22,,,Y
SYSTEM,MVIEW$_ADV_OUTPUT,14,QUERY_TEXT,LONG,0,,,Y
SYSTEM,MVIEW$_ADV_OUTPUT,15,STORAGE_IN_BYTES,NUMBER,22,,,Y
SYSTEM,MVIEW$_ADV_OUTPUT,16,PCT_PERFORMANCE_GAIN,NUMBER,22,,,Y
SYSTEM,MVIEW$_ADV_OUTPUT,17,FREQUENCY,NUMBER,22,,,Y
SYSTEM,MVIEW$_ADV_OUTPUT,18,CUMULATIVE_BENEFIT,NUMBER,22,,,Y
SYSTEM,MVIEW$_ADV_OUTPUT,19,BENEFIT_TO_COST_RATIO,NUMBER,22,,,N
SYSTEM,MVIEW$_ADV_OUTPUT,20,VALIDATED,NUMBER,22,,,Y
SYSTEM,MVIEW$_ADV_PARAMETERS,1,PARAMETER_NAME,VARCHAR2,128,,,N
SYSTEM,MVIEW$_ADV_PARAMETERS,2,PARAMETER_TYPE,NUMBER,22,,,N
SYSTEM,MVIEW$_ADV_PARAMETERS,3,STRING_VALUE,VARCHAR2,30,,,Y
SYSTEM,MVIEW$_ADV_PARAMETERS,4,DATE_VALUE,DATE,7,,,Y
SYSTEM,MVIEW$_ADV_PARAMETERS,5,NUMERICAL_VALUE,NUMBER,22,,,Y
SYSTEM,MVIEW$_ADV_PLAN,1,STATEMENT_ID,VARCHAR2,30,,,Y
SYSTEM,MVIEW$_ADV_PLAN,2,TIMESTAMP,DATE,7,,,Y
SYSTEM,MVIEW$_ADV_PLAN,3,REMARKS,VARCHAR2,80,,,Y
SYSTEM,MVIEW$_ADV_PLAN,4,OPERATION,VARCHAR2,30,,,Y
SYSTEM,MVIEW$_ADV_PLAN,5,OPTIONS,VARCHAR2,255,,,Y
SYSTEM,MVIEW$_ADV_PLAN,6,OBJECT_NODE,VARCHAR2,128,,,Y
SYSTEM,MVIEW$_ADV_PLAN,7,OBJECT_OWNER,VARCHAR2,128,,,Y
SYSTEM,MVIEW$_ADV_PLAN,8,OBJECT_NAME,VARCHAR2,128,,,Y
SYSTEM,MVIEW$_ADV_PLAN,9,OBJECT_INSTANCE,NUMBER,22,,0,Y
SYSTEM,MVIEW$_ADV_PLAN,10,OBJECT_TYPE,VARCHAR2,30,,,Y
SYSTEM,MVIEW$_ADV_PLAN,11,OPTIMIZER,VARCHAR2,255,,,Y
SYSTEM,MVIEW$_ADV_PLAN,12,SEARCH_COLUMNS,NUMBER,22,,,Y
SYSTEM,MVIEW$_ADV_PLAN,13,ID,NUMBER,22,,0,Y
SYSTEM,MVIEW$_ADV_PLAN,14,PARENT_ID,NUMBER,22,,0,Y
SYSTEM,MVIEW$_ADV_PLAN,15,POSITION,NUMBER,22,,0,Y
SYSTEM,MVIEW$_ADV_PLAN,16,COST,NUMBER,22,,0,Y
SYSTEM,MVIEW$_ADV_PLAN,17,CARDINALITY,NUMBER,22,,0,Y
SYSTEM,MVIEW$_ADV_PLAN,18,BYTES,NUMBER,22,,0,Y
SYSTEM,MVIEW$_ADV_PLAN,19,OTHER_TAG,VARCHAR2,255,,,Y
SYSTEM,MVIEW$_ADV_PLAN,20,PARTITION_START,VARCHAR2,255,,,Y
SYSTEM,MVIEW$_ADV_PLAN,21,PARTITION_STOP,VARCHAR2,255,,,Y
SYSTEM,MVIEW$_ADV_PLAN,22,PARTITION_ID,NUMBER,22,,0,Y
SYSTEM,MVIEW$_ADV_PLAN,23,OTHER,LONG,0,,,Y
SYSTEM,MVIEW$_ADV_PLAN,24,DISTRIBUTION,VARCHAR2,30,,,Y
SYSTEM,MVIEW$_ADV_PLAN,25,CPU_COST,NUMBER,22,,0,Y
SYSTEM,MVIEW$_ADV_PLAN,26,IO_COST,NUMBER,22,,0,Y
SYSTEM,MVIEW$_ADV_PLAN,27,TEMP_SPACE,NUMBER,22,,0,Y
SYSTEM,MVIEW$_ADV_PRETTY,1,QUERYID#,NUMBER,22,,,Y
SYSTEM,MVIEW$_ADV_PRETTY,2,SQL_TEXT,LONG,0,,,Y
SYSTEM,MVIEW$_ADV_ROLLUP,1,RUNID#,NUMBER,22,,,N
SYSTEM,MVIEW$_ADV_ROLLUP,2,CLEVELID#,NUMBER,22,,,N
SYSTEM,MVIEW$_ADV_ROLLUP,3,PLEVELID#,NUMBER,22,,,N
SYSTEM,MVIEW$_ADV_ROLLUP,4,FLAGS,NUMBER,22,,,N
SYSTEM,MVIEW$_ADV_SQLDEPEND,1,COLLECTIONID#,NUMBER,22,,,Y
SYSTEM,MVIEW$_ADV_SQLDEPEND,2,INST_ID,NUMBER,22,,,Y
SYSTEM,MVIEW$_ADV_SQLDEPEND,3,FROM_ADDRESS,RAW,16,,,Y
SYSTEM,MVIEW$_ADV_SQLDEPEND,4,FROM_HASH,NUMBER,22,,,Y
SYSTEM,MVIEW$_ADV_SQLDEPEND,5,TO_OWNER,VARCHAR2,128,,,Y
SYSTEM,MVIEW$_ADV_SQLDEPEND,6,TO_NAME,VARCHAR2,1000,,,Y
SYSTEM,MVIEW$_ADV_SQLDEPEND,7,TO_TYPE,NUMBER,22,,,Y
SYSTEM,MVIEW$_ADV_SQLDEPEND,8,CARDINALITY,NUMBER,22,,,Y
SYSTEM,MVIEW$_ADV_TEMP,1,ID#,NUMBER,22,,,Y
SYSTEM,MVIEW$_ADV_TEMP,2,SEQ#,NUMBER,22,,,Y
SYSTEM,MVIEW$_ADV_TEMP,3,TEXT,LONG,0,,,Y
SYSTEM,MVIEW$_ADV_WORKLOAD,1,QUERYID#,NUMBER,22,,,N
SYSTEM,MVIEW$_ADV_WORKLOAD,2,COLLECTIONID#,NUMBER,22,,,N
SYSTEM,MVIEW$_ADV_WORKLOAD,3,COLLECTTIME,DATE,7,,,N
SYSTEM,MVIEW$_ADV_WORKLOAD,4,APPLICATION,VARCHAR2,128,,,Y
SYSTEM,MVIEW$_ADV_WORKLOAD,5,CARDINALITY,NUMBER,22,,,Y
SYSTEM,MVIEW$_ADV_WORKLOAD,6,RESULTSIZE,NUMBER,22,,,Y
SYSTEM,MVIEW$_ADV_WORKLOAD,7,UNAME,VARCHAR2,128,,,N
SYSTEM,MVIEW$_ADV_WORKLOAD,8,QDATE,DATE,7,,,Y
SYSTEM,MVIEW$_ADV_WORKLOAD,9,PRIORITY,NUMBER,22,,,Y
SYSTEM,MVIEW$_ADV_WORKLOAD,10,EXEC_TIME,NUMBER,22,,,Y
SYSTEM,MVIEW$_ADV_WORKLOAD,11,SQL_TEXT,LONG,0,,,N
SYSTEM,MVIEW$_ADV_WORKLOAD,12,SQL_TEXTLEN,NUMBER,22,,,N
SYSTEM,MVIEW$_ADV_WORKLOAD,13,SQL_HASH,NUMBER,22,,,Y
SYSTEM,MVIEW$_ADV_WORKLOAD,14,SQL_ADDR,RAW,16,,,Y
SYSTEM,MVIEW$_ADV_WORKLOAD,15,FREQUENCY,NUMBER,22,,,Y
SYSTEM,MVIEW_EVALUATIONS,1,RUNID,NUMBER,22,,,N
SYSTEM,MVIEW_EVALUATIONS,2,MVIEW_OWNER,VARCHAR2,128,,,Y
SYSTEM,MVIEW_EVALUATIONS,3,MVIEW_NAME,VARCHAR2,128,,,Y
SYSTEM,MVIEW_EVALUATIONS,4,RANK,NUMBER,22,,,N
SYSTEM,MVIEW_EVALUATIONS,5,STORAGE_IN_BYTES,NUMBER,22,,,Y
SYSTEM,MVIEW_EVALUATIONS,6,FREQUENCY,NUMBER,22,,,Y
SYSTEM,MVIEW_EVALUATIONS,7,CUMULATIVE_BENEFIT,NUMBER,22,,,Y
SYSTEM,MVIEW_EVALUATIONS,8,BENEFIT_TO_COST_RATIO,NUMBER,22,,,N
SYSTEM,MVIEW_EXCEPTIONS,1,RUNID,NUMBER,22,,,Y
SYSTEM,MVIEW_EXCEPTIONS,2,OWNER,VARCHAR2,128,,,Y
SYSTEM,MVIEW_EXCEPTIONS,3,TABLE_NAME,VARCHAR2,128,,,Y
SYSTEM,MVIEW_EXCEPTIONS,4,DIMENSION_NAME,VARCHAR2,128,,,Y
SYSTEM,MVIEW_EXCEPTIONS,5,RELATIONSHIP,VARCHAR2,11,,,Y
SYSTEM,MVIEW_EXCEPTIONS,6,BAD_ROWID,ROWID,10,,,Y
SYSTEM,MVIEW_FILTER,1,FILTERID,NUMBER,22,,,N
SYSTEM,MVIEW_FILTER,2,SUBFILTERNUM,NUMBER,22,,,N
SYSTEM,MVIEW_FILTER,3,SUBFILTERTYPE,VARCHAR2,12,,,Y
SYSTEM,MVIEW_FILTER,4,STR_VALUE,VARCHAR2,1028,,,Y
SYSTEM,MVIEW_FILTER,5,NUM_VALUE1,NUMBER,22,,,Y
SYSTEM,MVIEW_FILTER,6,NUM_VALUE2,NUMBER,22,,,Y
SYSTEM,MVIEW_FILTER,7,DATE_VALUE1,DATE,7,,,Y
SYSTEM,MVIEW_FILTER,8,DATE_VALUE2,DATE,7,,,Y
SYSTEM,MVIEW_FILTERINSTANCE,1,RUNID,NUMBER,22,,,N
SYSTEM,MVIEW_FILTERINSTANCE,2,FILTERID,NUMBER,22,,,Y
SYSTEM,MVIEW_FILTERINSTANCE,3,SUBFILTERNUM,NUMBER,22,,,Y
SYSTEM,MVIEW_FILTERINSTANCE,4,SUBFILTERTYPE,VARCHAR2,12,,,Y
SYSTEM,MVIEW_FILTERINSTANCE,5,STR_VALUE,VARCHAR2,1028,,,Y
SYSTEM,MVIEW_FILTERINSTANCE,6,NUM_VALUE1,NUMBER,22,,,Y
SYSTEM,MVIEW_FILTERINSTANCE,7,NUM_VALUE2,NUMBER,22,,,Y
SYSTEM,MVIEW_FILTERINSTANCE,8,DATE_VALUE1,DATE,7,,,Y
SYSTEM,MVIEW_FILTERINSTANCE,9,DATE_VALUE2,DATE,7,,,Y
SYSTEM,MVIEW_LOG,1,ID,NUMBER,22,,,N
SYSTEM,MVIEW_LOG,2,FILTERID,NUMBER,22,,,Y
SYSTEM,MVIEW_LOG,3,RUN_BEGIN,DATE,7,,,Y
SYSTEM,MVIEW_LOG,4,RUN_END,DATE,7,,,Y
SYSTEM,MVIEW_LOG,5,TYPE,VARCHAR2,11,,,Y
SYSTEM,MVIEW_LOG,6,STATUS,VARCHAR2,11,,,Y
SYSTEM,MVIEW_LOG,7,MESSAGE,VARCHAR2,2000,,,Y
SYSTEM,MVIEW_LOG,8,COMPLETED,NUMBER,22,,,Y
SYSTEM,MVIEW_LOG,9,TOTAL,NUMBER,22,,,Y
SYSTEM,MVIEW_LOG,10,ERROR_CODE,VARCHAR2,20,,,Y
SYSTEM,MVIEW_RECOMMENDATIONS,1,RUNID,NUMBER,22,,,N
SYSTEM,MVIEW_RECOMMENDATIONS,2,ALL_TABLES,VARCHAR2,2000,,,Y
SYSTEM,MVIEW_RECOMMENDATIONS,3,FACT_TABLES,VARCHAR2,1000,,,Y
SYSTEM,MVIEW_RECOMMENDATIONS,4,GROUPING_LEVELS,VARCHAR2,2000,,,Y
SYSTEM,MVIEW_RECOMMENDATIONS,5,QUERY_TEXT,LONG,0,,,Y
SYSTEM,MVIEW_RECOMMENDATIONS,6,RECOMMENDATION_NUMBER,NUMBER,22,,,N
SYSTEM,MVIEW_RECOMMENDATIONS,7,RECOMMENDED_ACTION,VARCHAR2,6,,,Y
SYSTEM,MVIEW_RECOMMENDATIONS,8,MVIEW_OWNER,VARCHAR2,128,,,Y
SYSTEM,MVIEW_RECOMMENDATIONS,9,MVIEW_NAME,VARCHAR2,128,,,Y
SYSTEM,MVIEW_RECOMMENDATIONS,10,STORAGE_IN_BYTES,NUMBER,22,,,Y
SYSTEM,MVIEW_RECOMMENDATIONS,11,PCT_PERFORMANCE_GAIN,NUMBER,22,,,Y
SYSTEM,MVIEW_RECOMMENDATIONS,12,BENEFIT_TO_COST_RATIO,NUMBER,22,,,N
SYSTEM,MVIEW_WORKLOAD,1,WORKLOADID,NUMBER,22,,,N
SYSTEM,MVIEW_WORKLOAD,2,IMPORT_TIME,DATE,7,,,N
SYSTEM,MVIEW_WORKLOAD,3,QUERYID,NUMBER,22,,,N
SYSTEM,MVIEW_WORKLOAD,4,APPLICATION,VARCHAR2,128,,,Y
SYSTEM,MVIEW_WORKLOAD,5,CARDINALITY,NUMBER,22,,,Y
SYSTEM,MVIEW_WORKLOAD,6,RESULTSIZE,NUMBER,22,,,Y
SYSTEM,MVIEW_WORKLOAD,7,LASTUSE,DATE,7,,,Y
SYSTEM,MVIEW_WORKLOAD,8,FREQUENCY,NUMBER,22,,,Y
SYSTEM,MVIEW_WORKLOAD,9,OWNER,VARCHAR2,128,,,N
SYSTEM,MVIEW_WORKLOAD,10,PRIORITY,NUMBER,22,,,Y
SYSTEM,MVIEW_WORKLOAD,11,QUERY,LONG,0,,,N
SYSTEM,MVIEW_WORKLOAD,12,RESPONSETIME,NUMBER,22,,,Y
SYSTEM,OL$,1,OL_NAME,VARCHAR2,128,,,Y
SYSTEM,OL$,2,SQL_TEXT,LONG,0,,,Y
SYSTEM,OL$,3,TEXTLEN,NUMBER,22,,,Y
SYSTEM,OL$,4,SIGNATURE,RAW,16,,,Y
SYSTEM,OL$,5,HASH_VALUE,NUMBER,22,,,Y
SYSTEM,OL$,6,HASH_VALUE2,NUMBER,22,,,Y
SYSTEM,OL$,7,CATEGORY,VARCHAR2,128,,,Y
SYSTEM,OL$,8,VERSION,VARCHAR2,64,,,Y
SYSTEM,OL$,9,CREATOR,VARCHAR2,128,,,Y
SYSTEM,OL$,10,TIMESTAMP,DATE,7,,,Y
SYSTEM,OL$,11,FLAGS,NUMBER,22,,,Y
SYSTEM,OL$,12,HINTCOUNT,NUMBER,22,,,Y
SYSTEM,OL$,13,SPARE1,NUMBER,22,,,Y
SYSTEM,OL$,14,SPARE2,VARCHAR2,1000,,,Y
SYSTEM,OL$HINTS,1,OL_NAME,VARCHAR2,128,,,Y
SYSTEM,OL$HINTS,2,HINT#,NUMBER,22,,,Y
SYSTEM,OL$HINTS,3,CATEGORY,VARCHAR2,128,,,Y
SYSTEM,OL$HINTS,4,HINT_TYPE,NUMBER,22,,,Y
SYSTEM,OL$HINTS,5,HINT_TEXT,VARCHAR2,512,,,Y
SYSTEM,OL$HINTS,6,STAGE#,NUMBER,22,,,Y
SYSTEM,OL$HINTS,7,NODE#,NUMBER,22,,,Y
SYSTEM,OL$HINTS,8,TABLE_NAME,VARCHAR2,128,,,Y
SYSTEM,OL$HINTS,9,TABLE_TIN,NUMBER,22,,,Y
SYSTEM,OL$HINTS,10,TABLE_POS,NUMBER,22,,,Y
SYSTEM,OL$HINTS,11,REF_ID,NUMBER,22,,,Y
SYSTEM,OL$HINTS,12,USER_TABLE_NAME,VARCHAR2,260,,,Y
SYSTEM,OL$HINTS,13,COST,FLOAT,22,126,,Y
SYSTEM,OL$HINTS,14,CARDINALITY,FLOAT,22,126,,Y
SYSTEM,OL$HINTS,15,BYTES,FLOAT,22,126,,Y
SYSTEM,OL$HINTS,16,HINT_TEXTOFF,NUMBER,22,,,Y
SYSTEM,OL$HINTS,17,HINT_TEXTLEN,NUMBER,22,,,Y
SYSTEM,OL$HINTS,18,JOIN_PRED,VARCHAR2,2000,,,Y
SYSTEM,OL$HINTS,19,SPARE1,NUMBER,22,,,Y
SYSTEM,OL$HINTS,20,SPARE2,NUMBER,22,,,Y
SYSTEM,OL$HINTS,21,HINT_STRING,CLOB,4000,,,Y
SYSTEM,OL$NODES,1,OL_NAME,VARCHAR2,128,,,Y
SYSTEM,OL$NODES,2,CATEGORY,VARCHAR2,128,,,Y
SYSTEM,OL$NODES,3,NODE_ID,NUMBER,22,,,Y
SYSTEM,OL$NODES,4,PARENT_ID,NUMBER,22,,,Y
SYSTEM,OL$NODES,5,NODE_TYPE,NUMBER,22,,,Y
SYSTEM,OL$NODES,6,NODE_TEXTLEN,NUMBER,22,,,Y
SYSTEM,OL$NODES,7,NODE_TEXTOFF,NUMBER,22,,,Y
SYSTEM,OL$NODES,8,NODE_NAME,VARCHAR2,64,,,Y
SYSTEM,ORT_DEORDTRA,1,DTOT_ID,NUMBER,22,10,0,N
SYSTEM,ORT_DEORDTRA,2,BASEIVA,NUMBER,22,16,2,Y
SYSTEM,ORT_DEORDTRA,3,BASEIVA0,NUMBER,22,16,2,Y
SYSTEM,ORT_DEORDTRA,4,VENDIDO,VARCHAR2,1,,,N
SYSTEM,ORT_DEORDTRA,5,CANTIDAD,NUMBER,22,18,6,N
SYSTEM,ORT_DEORDTRA,6,PRECUNIT,NUMBER,22,21,8,N
SYSTEM,ORT_DEORDTRA,7,PRECTOTA,NUMBER,22,18,2,N
SYSTEM,ORT_DEORDTRA,8,PORCDESC,NUMBER,22,10,6,Y
SYSTEM,ORT_DEORDTRA,9,VALRDESC,NUMBER,22,15,2,Y
SYSTEM,ORT_DEORDTRA,10,TASAIVA,NUMBER,22,15,2,N
SYSTEM,ORT_DEORDTRA,11,TOTAL,NUMBER,22,15,2,N
SYSTEM,ORT_DEORDTRA,12,OBSERVAC,VARCHAR2,1000,,,Y
SYSTEM,ORT_DEORDTRA,13,DESCRIPC,VARCHAR2,2000,,,Y
SYSTEM,ORT_DEORDTRA,14,FECHINIC,DATE,7,,,N
SYSTEM,ORT_DEORDTRA,15,FECHAFIN,DATE,7,,,Y
SYSTEM,ORT_DEORDTRA,16,TIEMUTIL,VARCHAR2,10,,,N
SYSTEM,ORT_DEORDTRA,17,UNIMEDTI,VARCHAR2,2,,,N
SYSTEM,ORT_DEORDTRA,18,REFER,VARCHAR2,50,,,Y
SYSTEM,ORT_DEORDTRA,19,FECHCREA,DATE,7,,,N
SYSTEM,ORT_DEORDTRA,20,USUACREA,VARCHAR2,30,,,N
SYSTEM,ORT_DEORDTRA,21,FECHACTU,DATE,7,,,Y
SYSTEM,ORT_DEORDTRA,22,USUACTUA,VARCHAR2,30,,,Y
SYSTEM,ORT_DEORDTRA,23,SECC_CODISECC,VARCHAR2,4,,,Y
SYSTEM,ORT_DEORDTRA,24,SECC_CODIBODE,VARCHAR2,5,,,Y
SYSTEM,ORT_DEORDTRA,25,SECC_COMPANIA,VARCHAR2,10,,,Y
SYSTEM,ORT_DEORDTRA,26,SECC_OFICINA,VARCHAR2,3,,,Y
SYSTEM,ORT_DEORDTRA,27,UBES_UBES_ID,NUMBER,22,10,0,Y
SYSTEM,ORT_DEORDTRA,28,ARTL_ARTICULO,VARCHAR2,30,,,N
SYSTEM,ORT_DEORDTRA,29,ARTL_CLASE,VARCHAR2,20,,,N
SYSTEM,ORT_DEORDTRA,30,ARTL_CODIGRUP,VARCHAR2,20,,,N
SYSTEM,ORT_DEORDTRA,31,ARTL_COMPANIA,VARCHAR2,10,,,N
SYSTEM,ORT_DEORDTRA,32,RHHS_CEDURUC,VARCHAR2,13,,,Y
SYSTEM,ORT_DEORDTRA,33,ORTR_ORTR_ID,NUMBER,22,10,0,N
SYSTEM,ORT_DEORDTRA,34,EGEN_ESTADO,VARCHAR2,2,,,N
SYSTEM,ORT_REGILLAM,1,RGLL_ID,NUMBER,22,10,0,N
SYSTEM,ORT_REGILLAM,2,FECHA,DATE,7,,,N
SYSTEM,ORT_REGILLAM,3,DURACION,VARCHAR2,10,,,Y
SYSTEM,ORT_REGILLAM,4,INFRCLTE,VARCHAR2,300,,,Y
SYSTEM,ORT_REGILLAM,5,OBSERVAC,VARCHAR2,500,,,Y
SYSTEM,ORT_REGILLAM,6,FECHCREA,DATE,7,,,N
SYSTEM,ORT_REGILLAM,7,USUACREA,VARCHAR2,30,,,N
SYSTEM,ORT_REGILLAM,8,FECHACTU,DATE,7,,,Y
SYSTEM,ORT_REGILLAM,9,USUACTUA,VARCHAR2,30,,,Y
SYSTEM,ORT_REGILLAM,10,EGEN_ESTADO,VARCHAR2,2,,,N
SYSTEM,ORT_REGILLAM,11,ORTR_ORTR_ID,NUMBER,22,10,0,Y
SYSTEM,ORT_TIPODANI,1,TPDN_ID,NUMBER,22,10,0,N
SYSTEM,ORT_TIPODANI,2,DESCRIPC,VARCHAR2,50,,,Y
SYSTEM,ORT_TIPODANI,3,DISPONIB,VARCHAR2,1,,,Y
SYSTEM,ORT_TIPODANI,4,FECHCREA,DATE,7,,,N
SYSTEM,ORT_TIPODANI,5,USUACREA,VARCHAR2,30,,,N
SYSTEM,ORT_TIPODANI,6,FECHACTU,DATE,7,,,Y
SYSTEM,ORT_TIPODANI,7,USUACTUA,VARCHAR2,30,,,Y
SYSTEM,ORT_TIPOEQUI,1,TPEQ_ID,NUMBER,22,10,0,N
SYSTEM,ORT_TIPOEQUI,2,DESCRIPC,VARCHAR2,150,,,N
SYSTEM,ORT_TIPOEQUI,3,DISPONIB,VARCHAR2,1,,,Y
SYSTEM,ORT_TIPOEQUI,4,FECHCREA,DATE,7,,,N
SYSTEM,ORT_TIPOEQUI,5,USUACREA,VARCHAR2,30,,,N
SYSTEM,ORT_TIPOEQUI,6,FECHACTU,DATE,7,,,Y
SYSTEM,ORT_TIPOEQUI,7,USUACTUA,VARCHAR2,30,,,Y
SYSTEM,ORT_TIPOMARC,1,TPMR_ID,NUMBER,22,10,0,N
SYSTEM,ORT_TIPOMARC,2,DESCRIPC,VARCHAR2,150,,,N
SYSTEM,ORT_TIPOMARC,3,FECHCREA,DATE,7,,,N
SYSTEM,ORT_TIPOMARC,4,USUACREA,VARCHAR2,30,,,N
SYSTEM,ORT_TIPOMARC,5,FECHACTU,DATE,7,,,Y
SYSTEM,ORT_TIPOMARC,6,USUACTUA,VARCHAR2,30,,,Y
SYSTEM,ORT_TIPOORDN,1,TIPO,VARCHAR2,10,,,N
SYSTEM,ORT_TIPOORDN,2,DESCRIPC,VARCHAR2,200,,,N
SYSTEM,ORT_TIPOORDN,3,VIGENTE,VARCHAR2,1,,,N
SYSTEM,ORT_TIPOORDN,4,FECHCREA,DATE,7,,,N
SYSTEM,ORT_TIPOORDN,5,USUACREA,VARCHAR2,20,,,N
SYSTEM,ORT_TIPOORDN,6,USUACTUA,VARCHAR2,20,,,Y
SYSTEM,ORT_TIPOORDN,7,FECHACTU,DATE,7,,,Y
SYSTEM,ORT_UBICESTA,1,UBES_ID,NUMBER,22,10,0,N
SYSTEM,ORT_UBICESTA,2,NOMBRE,VARCHAR2,50,,,N
SYSTEM,ORT_UBICESTA,3,DESCRIPC,VARCHAR2,300,,,Y
SYSTEM,ORT_UBICESTA,4,FECHCREA,DATE,7,,,N
SYSTEM,ORT_UBICESTA,5,USUACREA,VARCHAR2,30,,,N
SYSTEM,ORT_UBICESTA,6,FECHACTU,DATE,7,,,Y
SYSTEM,ORT_UBICESTA,7,USUACTUA,VARCHAR2,30,,,Y
SYSTEM,ORT_UBICESTA,8,OFCN_OFICINA,VARCHAR2,3,,,N
SYSTEM,ORT_UBICESTA,9,OFCN_CMPN_COMPANIA,VARCHAR2,10,,,N
SYSTEM,PAG_ANTICIPO,1,ANTP_ID,NUMBER,22,10,0,N
SYSTEM,PAG_ANTICIPO,2,PROV_COMPANIA,VARCHAR2,10,,,N
SYSTEM,PAG_ANTICIPO,3,PROV_CEDURUC,VARCHAR2,13,,,N
SYSTEM,PAG_ANTICIPO,4,ASTO_COMPANIA,VARCHAR2,10,,,N
SYSTEM,PAG_ANTICIPO,5,ASTO_NUMEDIAR,NUMBER,22,10,0,N
SYSTEM,PAG_ANTICIPO,6,EGEN_ESTADO,VARCHAR2,2,,,N
SYSTEM,PAG_ANTICIPO,7,FECHA,DATE,7,,,N
SYSTEM,PAG_ANTICIPO,8,VALOR,NUMBER,22,16,2,N
SYSTEM,PAG_ANTICIPO,9,REFER,VARCHAR2,30,,,Y
SYSTEM,PAG_ANTICIPO,10,DESCRIPC,VARCHAR2,4000,,,N
SYSTEM,PAG_ANTICIPO,11,FECHCREA,DATE,7,,,N
SYSTEM,PAG_ANTICIPO,12,USUACREA,VARCHAR2,20,,,N
SYSTEM,PAG_ANTICIPO,13,FECHACTU,DATE,7,,,Y
SYSTEM,PAG_ANTICIPO,14,USUACTUA,VARCHAR2,20,,,Y
SYSTEM,PAG_ANTICIPO,15,IMPT_COMPANIA,VARCHAR2,10,,,Y
SYSTEM,PAG_ANTICIPO,16,IMPT_NUMEIMPO,NUMBER,22,10,0,Y
SYSTEM,PAG_ANTICIPO,17,IMPT_OFICINA,VARCHAR2,3,,,Y
SYSTEM,PAG_ANTICIPO,18,FECHVCTO,DATE,7,,,Y
SYSTEM,PAG_ANTICIPO,19,OFICBENEFI,VARCHAR2,10,,,Y
SYSTEM,PAG_ANTICIPO,20,CONTRATO,VARCHAR2,1,,,N
SYSTEM,PAG_ANTICIPO,21,VALOCONT,NUMBER,22,18,2,Y
SYSTEM,PAG_ANTICIPO,22,FECHINIC,DATE,7,,,Y
SYSTEM,PAG_ANTICIPO,23,RESPAUTO,VARCHAR2,50,,,Y
SYSTEM,PAG_ANTICIPO,24,PORCANTI,NUMBER,22,7,2,Y
SYSTEM,PAG_CLASPROV,1,CLASE,VARCHAR2,10,,,N
SYSTEM,PAG_CLASPROV,2,CMPN_COMPANIA,VARCHAR2,10,,,N
SYSTEM,PAG_CLASPROV,3,DESCRIPC,VARCHAR2,120,,,N
SYSTEM,PAG_CLASPROV,4,FECHCREA,DATE,7,,,N
SYSTEM,PAG_CLASPROV,5,USUACREA,VARCHAR2,20,,,N
SYSTEM,PAG_CLASPROV,6,FECHACTU,DATE,7,,,Y
SYSTEM,PAG_CLASPROV,7,USUACTUA,VARCHAR2,20,,,Y
SYSTEM,PAG_CRUCEANT,1,CANP_ID,NUMBER,22,10,0,N
SYSTEM,PAG_CRUCEANT,2,VALOR,NUMBER,22,16,2,N
SYSTEM,PAG_CRUCEANT,3,ASTO_COMPANIA,VARCHAR2,10,,,N
SYSTEM,PAG_CRUCEANT,4,ASTO_NUMEDIAR,NUMBER,22,10,0,N
SYSTEM,PAG_CRUCEANT,5,ANTP_ANTP_ID,NUMBER,22,10,0,N
SYSTEM,PAG_CRUCEANT,6,EGEN_ESTADO,VARCHAR2,2,,,N
SYSTEM,PAG_CRUCEANT,7,FECHCREA,DATE,7,,,N
SYSTEM,PAG_CRUCEANT,8,USUACREA,VARCHAR2,20,,,N
SYSTEM,PAG_CRUCEANT,9,USUACTUA,VARCHAR2,20,,,Y
SYSTEM,PAG_CRUCEANT,10,FECHACTU,DATE,7,,,Y
SYSTEM,PAG_DETAPAGO,1,DPAG_ID,NUMBER,22,10,0,N
SYSTEM,PAG_DETAPAGO,2,ASTO_COMPANIA,VARCHAR2,10,,,N
SYSTEM,PAG_DETAPAGO,3,ASTO_NUMEDIAR,NUMBER,22,10,0,N
SYSTEM,PAG_DETAPAGO,4,EGEN_ESTADO,VARCHAR2,2,,,N
SYSTEM,PAG_DETAPAGO,5,PPAG_PPAG_ID,NUMBER,22,10,0,N
SYSTEM,PAG_DETAPAGO,6,FECHA,DATE,7,,,N
SYSTEM,PAG_DETAPAGO,7,VALOR,NUMBER,22,16,2,N
SYSTEM,PAG_DETAPAGO,8,DESCRIPC,VARCHAR2,500,,,Y
SYSTEM,PAG_DETAPAGO,9,REFER,VARCHAR2,30,,,N
SYSTEM,PAG_DETAPAGO,10,FECHCREA,DATE,7,,,N
SYSTEM,PAG_DETAPAGO,11,USUACREA,VARCHAR2,20,,,N
SYSTEM,PAG_DETAPAGO,12,FECHACTU,DATE,7,,,Y
SYSTEM,PAG_DETAPAGO,13,USUACTUA,VARCHAR2,20,,,Y
SYSTEM,PAG_DETAPAGO,14,NCPR_COMPANIA,VARCHAR2,10,,,Y
SYSTEM,PAG_DETAPAGO,15,NCPR_CEDURUC,VARCHAR2,13,,,Y
SYSTEM,PAG_DETAPAGO,16,NCPR_SERIE,VARCHAR2,6,,,Y
SYSTEM,PAG_DETAPAGO,17,NCPR_NUMERO,VARCHAR2,10,,,Y
SYSTEM,PAG_DETAPAGO,18,NCPR_ALCANCE,NUMBER,22,1,0,Y
SYSTEM,PAG_DETAPAGO,19,VALANTIC,NUMBER,22,16,2,Y
SYSTEM,PAG_OTRSCTAS,1,OTRS_ID,NUMBER,22,10,0,N
SYSTEM,PAG_OTRSCTAS,2,PROV_CEDURUC,VARCHAR2,13,,,N
SYSTEM,PAG_OTRSCTAS,3,PROV_COMPANIA,VARCHAR2,10,,,N
SYSTEM,PAG_OTRSCTAS,4,ASTO_COMPANIA,VARCHAR2,10,,,Y
SYSTEM,PAG_OTRSCTAS,5,ASTO_NUMEDIAR,NUMBER,22,10,0,Y
SYSTEM,PAG_OTRSCTAS,6,EGEN_ESTADO,VARCHAR2,2,,,N
SYSTEM,PAG_OTRSCTAS,7,FRPG_FORMPAGO,VARCHAR2,2,,,N
SYSTEM,PAG_OTRSCTAS,8,PRPG_CODIPERI,VARCHAR2,2,,,N
SYSTEM,PAG_OTRSCTAS,9,FECHA,DATE,7,,,N
SYSTEM,PAG_OTRSCTAS,10,NUMERO,VARCHAR2,20,,,Y
SYSTEM,PAG_OTRSCTAS,11,DESCRIPC,VARCHAR2,500,,,N
SYSTEM,PAG_OTRSCTAS,12,MONTO,NUMBER,22,16,2,N
SYSTEM,PAG_OTRSCTAS,13,FECHCANC,DATE,7,,,Y
SYSTEM,PAG_OTRSCTAS,14,FECHVCTO,DATE,7,,,Y
SYSTEM,PAG_OTRSCTAS,15,REFER,VARCHAR2,30,,,Y
SYSTEM,PAG_OTRSCTAS,16,FECHCREA,DATE,7,,,N
SYSTEM,PAG_OTRSCTAS,17,USUACREA,VARCHAR2,20,,,N
SYSTEM,PAG_OTRSCTAS,18,FECHACTU,DATE,7,,,Y
SYSTEM,PAG_OTRSCTAS,19,USUACTUA,VARCHAR2,20,,,Y
SYSTEM,PAG_OTRSCTAS,20,IMPT_NUMEIMPO,NUMBER,22,10,0,Y
SYSTEM,PAG_OTRSCTAS,21,IMPT_OFICINA,VARCHAR2,3,,,Y
SYSTEM,PAG_OTRSCTAS,22,IMPT_COMPANIA,VARCHAR2,10,,,Y
SYSTEM,PAG_OTRSCTAS,23,FECHNEGO,DATE,7,,,Y
SYSTEM,PAG_OTRSCTAS,24,COTIZA,NUMBER,22,10,5,Y
SYSTEM,PAG_OTRSCTAS,25,MONE_MONEDA,VARCHAR2,5,,,Y
SYSTEM,PAG_OTRSCTAS,26,TCSI_TIPOCOST,VARCHAR2,10,,,Y
SYSTEM,PAG_OTRSCTAS,27,TCSI_COMPANIA,VARCHAR2,10,,,Y
SYSTEM,PRD_CALMATPR,1,CLMP_ID,NUMBER,22,10,0,N
SYSTEM,PRD_CALMATPR,2,DTOC_DTOC_ID,NUMBER,22,10,0,N
SYSTEM,PRD_CALMATPR,3,TPCD_TIPO,VARCHAR2,4,,,N
SYSTEM,PRD_CALMATPR,4,VALCALI,NUMBER,22,16,4,N
SYSTEM,PRD_CALMATPR,5,USUACREA,VARCHAR2,20,,,N
SYSTEM,PRD_CALMATPR,6,FECHCREA,DATE,7,,,N
SYSTEM,PRD_CALMATPR,7,USUACTUA,VARCHAR2,20,,,Y
SYSTEM,PRD_CALMATPR,8,FECHACTU,DATE,7,,,Y
SYSTEM,PRD_TIPOCALI,1,TIPO,VARCHAR2,4,,,N
SYSTEM,PRD_TIPOCALI,2,NOMBRE,VARCHAR2,50,,,N
SYSTEM,PRD_TIPOCALI,3,VIGENTE,VARCHAR2,1,,,N
SYSTEM,PRD_TIPOCALI,4,USUACREA,VARCHAR2,20,,,N
SYSTEM,PRD_TIPOCALI,5,FECHCREA,DATE,7,,,N
SYSTEM,PRD_TIPOCALI,6,VALOSTAN,NUMBER,22,18,6,Y
SYSTEM,PRD_TIPOCALI,7,USUACTUA,VARCHAR2,20,,,Y
SYSTEM,PRD_TIPOCALI,8,FECHACTU,DATE,7,,,Y
SYSTEM,PRODUCT_PRIVS,1,PRODUCT,VARCHAR2,30,,,N
SYSTEM,PRODUCT_PRIVS,2,USERID,VARCHAR2,128,,,Y
SYSTEM,PRODUCT_PRIVS,3,ATTRIBUTE,VARCHAR2,240,,,Y
SYSTEM,PRODUCT_PRIVS,4,SCOPE,VARCHAR2,240,,,Y
SYSTEM,PRODUCT_PRIVS,5,NUMERIC_VALUE,NUMBER,22,15,2,Y
SYSTEM,PRODUCT_PRIVS,6,CHAR_VALUE,VARCHAR2,240,,,Y
SYSTEM,PRODUCT_PRIVS,7,DATE_VALUE,DATE,7,,,Y
SYSTEM,PRODUCT_PRIVS,8,LONG_VALUE,LONG,0,,,Y
SYSTEM,PRT_ABONCAPI,1,ABCA_ID,NUMBER,22,10,0,N
SYSTEM,PRT_ABONCAPI,2,FECHA,DATE,7,,,N
SYSTEM,PRT_ABONCAPI,3,NUMECUOT,NUMBER,22,3,0,N
SYSTEM,PRT_ABONCAPI,4,VALOCOUT,NUMBER,22,16,2,N
SYSTEM,PRT_ABONCAPI,5,INTERES,NUMBER,22,16,2,Y
SYSTEM,PRT_ABONCAPI,6,CAPITAL,NUMBER,22,16,2,Y
SYSTEM,PRT_ABONCAPI,7,DIAS,NUMBER,22,5,0,N
SYSTEM,PRT_ABONCAPI,8,FECHVENC,DATE,7,,,N
SYSTEM,PRT_ABONCAPI,9,FECHCOBR,DATE,7,,,Y
SYSTEM,PRT_ABONCAPI,10,INTEMORA,NUMBER,22,16,2,Y
SYSTEM,PRT_ABONCAPI,11,TASAINTE,NUMBER,22,7,4,Y
SYSTEM,PRT_ABONCAPI,12,BANDA,NUMBER,22,10,0,Y
SYSTEM,PRT_ABONCAPI,13,OBS,VARCHAR2,400,,,Y
SYSTEM,PRT_ABONCAPI,14,USUACREA,VARCHAR2,20,,,N
SYSTEM,PRT_ABONCAPI,15,USUACTUA,VARCHAR2,20,,,Y
SYSTEM,PRT_ABONCAPI,16,FECHCREA,DATE,7,,,N
SYSTEM,PRT_ABONCAPI,17,FECHACTU,DATE,7,,,Y
SYSTEM,PRT_ABONCAPI,18,CCPT_TIPOCAPI,VARCHAR2,2,,,N
SYSTEM,PRT_ABONCAPI,19,FRPG_FORMPAGO,VARCHAR2,2,,,N
SYSTEM,PRT_ABONCAPI,20,EGEN_ESTADO,VARCHAR2,2,,,N
SYSTEM,PRT_ABONCAPI,21,PRTM_NUMERO,NUMBER,22,,,N
SYSTEM,PRT_ABONCAPI,22,PRTM_TIPODOCU,VARCHAR2,2,,,N
SYSTEM,PRT_ABONCAPI,23,PRTM_OFICINA,VARCHAR2,3,,,N
SYSTEM,PRT_ABONCAPI,24,PRTM_COMPANIA,VARCHAR2,10,,,N
SYSTEM,PRT_ABONCAPI,25,SALDCAPI,NUMBER,22,16,2,Y
SYSTEM,PRT_ABONCAPI,26,SALDINTE,NUMBER,22,16,2,Y
SYSTEM,PRT_ABONCAPI,27,VCHAR1,VARCHAR2,500,,,Y
SYSTEM,PRT_ABONCAPI,28,VCHAR2,VARCHAR2,500,,,Y
SYSTEM,PRT_ABONCAPI,29,VCHAR3,VARCHAR2,500,,,Y
SYSTEM,PRT_ABONCAPI,30,VCHAR4,VARCHAR2,500,,,Y
SYSTEM,PRT_ABONCAPI,31,VCHAR5,VARCHAR2,500,,,Y
SYSTEM,PRT_ABONCAPI,32,NUMBER1,NUMBER,22,,,Y
SYSTEM,PRT_ABONCAPI,33,NUMBER2,NUMBER,22,,,Y
SYSTEM,PRT_ABONCAPI,34,NUMBER3,NUMBER,22,,,Y
SYSTEM,PRT_ABONCAPI,35,NUMBER4,NUMBER,22,,,Y
SYSTEM,PRT_ABONCAPI,36,NUMBER5,NUMBER,22,,,Y
SYSTEM,PRT_ABONCAPI,37,INTECALC,NUMBER,22,16,2,Y
SYSTEM,PRT_ABONCAPI,38,INTEREPA,NUMBER,22,16,2,Y
SYSTEM,PRT_ABONCAPI,39,CAPICAST,NUMBER,22,16,2,Y
SYSTEM,PRT_ABONCAPI,40,ASTO_COMPANIA,VARCHAR2,10,,,Y
SYSTEM,PRT_ABONCAPI,41,ASTO_NUMEDIAR,NUMBER,22,10,0,Y
SYSTEM,PRT_ABONCAPI,42,NUMEABON,NUMBER,22,,,N
SYSTEM,PRT_ANEXCUAD,1,FECHA,DATE,7,,,N
SYSTEM,PRT_ANEXCUAD,2,NUMECUOT,NUMBER,22,3,0,N
SYSTEM,PRT_ANEXCUAD,3,BANDA,NUMBER,22,10,0,N
SYSTEM,PRT_ANEXCUAD,4,NUMBER1,NUMBER,22,,,Y
SYSTEM,PRT_ANEXCUAD,5,NUMBER2,NUMBER,22,,,Y
SYSTEM,PRT_ANEXCUAD,6,NUMBER3,NUMBER,22,,,Y
SYSTEM,PRT_ANEXCUAD,7,NUMBER4,NUMBER,22,,,Y
SYSTEM,PRT_ANEXCUAD,8,NUMBER5,NUMBER,22,,,Y
SYSTEM,PRT_ANEXCUAD,9,VCHAR1,VARCHAR2,500,,,Y
SYSTEM,PRT_ANEXCUAD,10,VCHAR2,VARCHAR2,500,,,Y
SYSTEM,PRT_ANEXCUAD,11,VCHAR3,VARCHAR2,500,,,Y
SYSTEM,PRT_ANEXCUAD,12,VCHAR4,VARCHAR2,500,,,Y
SYSTEM,PRT_ANEXCUAD,13,VCHAR5,VARCHAR2,500,,,Y
SYSTEM,PRT_ANEXCUAD,14,FECHCREA,DATE,7,,,N
SYSTEM,PRT_ANEXCUAD,15,USUACREA,VARCHAR2,20,,,N
SYSTEM,PRT_ANEXCUAD,16,USUACTUA,VARCHAR2,20,,,Y
SYSTEM,PRT_ANEXCUAD,17,FECHACTU,DATE,7,,,Y
SYSTEM,PRT_ANEXCUAD,18,PRTM_NUMERO,NUMBER,22,,,N
SYSTEM,PRT_ANEXCUAD,19,PRTM_TIPODOCU,VARCHAR2,2,,,N
SYSTEM,PRT_ANEXCUAD,20,PRTM_COMPANIA,VARCHAR2,10,,,N
SYSTEM,PRT_ANEXCUAD,21,PRTM_OFICINA,VARCHAR2,3,,,N
SYSTEM,PRT_ANEXCUAD,22,CCPT_TIPOCAPI,VARCHAR2,2,,,N
SYSTEM,PRT_APROPCREDI,1,ACRE_ID,NUMBER,22,10,0,N
SYSTEM,PRT_APROPCREDI,2,FECHA,DATE,7,,,N
SYSTEM,PRT_APROPCREDI,3,NUMECUOT,NUMBER,22,,,N
SYSTEM,PRT_APROPCREDI,4,SALDCAPI,NUMBER,22,22,4,N
SYSTEM,PRT_APROPCREDI,5,TASA,NUMBER,22,7,4,N
SYSTEM,PRT_APROPCREDI,6,VALOMORA,NUMBER,22,,,N
SYSTEM,PRT_APROPCREDI,7,INTERES,NUMBER,22,,,N
SYSTEM,PRT_APROPCREDI,8,VENCTOTA,VARCHAR2,1,,,N
SYSTEM,PRT_APROPCREDI,9,REFER,VARCHAR2,300,,,Y
SYSTEM,PRT_APROPCREDI,10,TASAMORA,NUMBER,22,7,4,Y
SYSTEM,PRT_APROPCREDI,11,VALOR,NUMBER,22,,,N
SYSTEM,PRT_APROPCREDI,12,FECHACTU,DATE,7,,,Y
SYSTEM,PRT_APROPCREDI,13,FECHCREA,DATE,7,,,N
SYSTEM,PRT_APROPCREDI,14,USUACTUA,VARCHAR2,20,,,Y
SYSTEM,PRT_APROPCREDI,15,VCHAR1,VARCHAR2,500,,,Y
SYSTEM,PRT_APROPCREDI,16,VCHAR2,VARCHAR2,500,,,Y
SYSTEM,PRT_APROPCREDI,17,VCHAR3,VARCHAR2,500,,,Y
SYSTEM,PRT_APROPCREDI,18,VCHAR4,VARCHAR2,500,,,Y
SYSTEM,PRT_APROPCREDI,19,VCHAR5,VARCHAR2,500,,,Y
SYSTEM,PRT_APROPCREDI,20,NUMBER1,NUMBER,22,,,Y
SYSTEM,PRT_APROPCREDI,21,NUMBER2,NUMBER,22,,,Y
SYSTEM,PRT_APROPCREDI,22,NUMBER3,NUMBER,22,,,Y
SYSTEM,PRT_APROPCREDI,23,NUMBER4,NUMBER,22,,,Y
SYSTEM,PRT_APROPCREDI,24,NUMBER5,NUMBER,22,,,Y
SYSTEM,PRT_APROPCREDI,25,USUACREA,VARCHAR2,20,,,N
SYSTEM,PRT_APROPCREDI,26,ASTO_COMPANIA,VARCHAR2,10,,,Y
SYSTEM,PRT_APROPCREDI,27,ASTO_NUMEDIAR,NUMBER,22,10,0,Y
SYSTEM,PRT_APROPCREDI,28,EGEN_ESTADO,VARCHAR2,2,,,N
SYSTEM,PRT_APROPCREDI,29,PRTM_OFICINA,VARCHAR2,3,,,N
SYSTEM,PRT_APROPCREDI,30,PRTM_TIPODOCU,VARCHAR2,2,,,N
SYSTEM,PRT_APROPCREDI,31,PRTM_NUMERO,NUMBER,22,,,N
SYSTEM,PRT_APROPCREDI,32,PRTM_COMPANIA,VARCHAR2,10,,,N
SYSTEM,PRT_APROPCREDI,33,PPRG_TIPOCRED,VARCHAR2,1,,,N
SYSTEM,PRT_APROPCREDI,34,PPRG_TIPOCAPI,VARCHAR2,2,,,N
SYSTEM,PRT_APROPCREDI,35,PPRG_BANDA,VARCHAR2,2,,,N
SYSTEM,PRT_BALAGRUP,1,FECHA,DATE,7,,,N
SYSTEM,PRT_BALAGRUP,2,DEBITOS,NUMBER,22,22,4,N
SYSTEM,PRT_BALAGRUP,3,CREDITOS,NUMBER,22,22,4,N
SYSTEM,PRT_BALAGRUP,4,SALDO,NUMBER,22,22,4,N
SYSTEM,PRT_BALAGRUP,5,CONSOLIDA,VARCHAR2,1,,,N
SYSTEM,PRT_BALAGRUP,6,CEDURUC,VARCHAR2,13,,,N
SYSTEM,PRT_BALAGRUP,7,CTAS_CODIGO_P,VARCHAR2,30,,,Y
SYSTEM,PRT_BALAGRUP,8,USUACREA,VARCHAR2,20,,,N
SYSTEM,PRT_BALAGRUP,9,FECHCREA,DATE,7,,,N
SYSTEM,PRT_BALAGRUP,10,USUACTUA,VARCHAR2,20,,,Y
SYSTEM,PRT_BALAGRUP,11,FECHACTU,DATE,7,,,Y
SYSTEM,PRT_BALAGRUP,12,NUMBER1,NUMBER,22,,,Y
SYSTEM,PRT_BALAGRUP,13,NUMBER2,NUMBER,22,,,Y
SYSTEM,PRT_BALAGRUP,14,NUMBER3,NUMBER,22,,,Y
SYSTEM,PRT_BALAGRUP,15,NUMBER4,NUMBER,22,,,Y
SYSTEM,PRT_BALAGRUP,16,NUMBER5,NUMBER,22,,,Y
SYSTEM,PRT_BALAGRUP,17,VCHAR1,VARCHAR2,500,,,Y
SYSTEM,PRT_BALAGRUP,18,VCHAR2,VARCHAR2,500,,,Y
SYSTEM,PRT_BALAGRUP,19,VCHAR3,VARCHAR2,500,,,Y
SYSTEM,PRT_BALAGRUP,20,VCHAR4,VARCHAR2,500,,,Y
SYSTEM,PRT_BALAGRUP,21,VCHAR5,VARCHAR2,500,,,Y
SYSTEM,PRT_BALAGRUP,22,PCCL_CODIGRUP,VARCHAR2,10,,,N
SYSTEM,PRT_BALAGRUP,23,PCCL_CICLO,NUMBER,22,5,0,N
SYSTEM,PRT_BALAGRUP,24,PCTS_CODIGO,VARCHAR2,30,,,N
SYSTEM,PRT_BANDAS,1,CODIGO,NUMBER,22,4,0,N
SYSTEM,PRT_BANDAS,2,DESCRIPC,VARCHAR2,50,,,N
SYSTEM,PRT_BANDAS,3,FECHCREA,DATE,7,,,N
SYSTEM,PRT_BANDAS,4,USUACREA,VARCHAR2,20,,,N
SYSTEM,PRT_BANDAS,5,FECHACTU,DATE,7,,,Y
SYSTEM,PRT_BANDAS,6,USUACTUA,VARCHAR2,20,,,Y
SYSTEM,PRT_CARGO,1,TIPO,VARCHAR2,10,,,N
SYSTEM,PRT_CARGO,2,NOMBRE,VARCHAR2,100,,,N
SYSTEM,PRT_CARGO,3,DESCRIPC,VARCHAR2,500,,,Y
SYSTEM,PRT_CARGO,4,VIGENTE,VARCHAR2,1,,,Y
SYSTEM,PRT_CARGO,5,ZONA,VARCHAR2,1,,,N
SYSTEM,PRT_CARGO,6,FECHCREA,DATE,7,,,Y
SYSTEM,PRT_CARGO,7,USUACREA,VARCHAR2,30,,,Y
SYSTEM,PRT_CARGO,8,FECHACTU,DATE,7,,,Y
SYSTEM,PRT_CARGO,9,USUACTUA,VARCHAR2,30,,,Y
SYSTEM,PRT_CATERIES,1,FECHA,DATE,7,,,N
SYSTEM,PRT_CATERIES,2,DIASGRAC,NUMBER,22,,,Y
SYSTEM,PRT_CATERIES,3,VIGENTE,VARCHAR2,1,,,N
SYSTEM,PRT_CATERIES,4,DIASDESD,NUMBER,22,10,0,N
SYSTEM,PRT_CATERIES,5,DIASHAST,NUMBER,22,10,0,N
SYSTEM,PRT_CATERIES,6,PTRG_CODIGO,VARCHAR2,2,,,N
SYSTEM,PRT_CATERIES,7,DESCRIPC,VARCHAR2,500,,,Y
SYSTEM,PRT_CATERIES,8,PRTC_TIPOCRED,VARCHAR2,1,,,N
SYSTEM,PRT_CATERIES,9,FECHCREA,DATE,7,,,N
SYSTEM,PRT_CATERIES,10,CONTABILIZA,VARCHAR2,1,,,N
SYSTEM,PRT_CATERIES,11,USUACREA,VARCHAR2,30,,,N
SYSTEM,PRT_CATERIES,12,FECHACTU,DATE,7,,,Y
SYSTEM,PRT_CATERIES,13,USUACTUA,VARCHAR2,30,,,Y
SYSTEM,PRT_CATERIES,14,PDESDE,NUMBER,22,22,4,Y
SYSTEM,PRT_CATERIES,15,PHASTA,NUMBER,22,22,4,Y
SYSTEM,PRT_CATERIES,16,PACTUAL,NUMBER,22,22,4,Y
SYSTEM,PRT_CICLOS,1,CICLO,NUMBER,22,5,0,N
SYSTEM,PRT_CICLOS,2,FECHFIN,DATE,7,,,N
SYSTEM,PRT_CICLOS,3,FECHINIC,DATE,7,,,Y
SYSTEM,PRT_CICLOS,4,MONTAPRO,NUMBER,22,22,4,N
SYSTEM,PRT_CICLOS,5,MONTSOLI,NUMBER,22,22,2,N
SYSTEM,PRT_CICLOS,6,CEDURUC,VARCHAR2,13,,,N
SYSTEM,PRT_CICLOS,7,DESCRIPC,VARCHAR2,500,,,Y
SYSTEM,PRT_CICLOS,8,REFERENC,VARCHAR2,80,,,Y
SYSTEM,PRT_CICLOS,9,OBSERVAC,VARCHAR2,500,,,Y
SYSTEM,PRT_CICLOS,10,USUACREA,VARCHAR2,20,,,N
SYSTEM,PRT_CICLOS,11,FECHCREA,DATE,7,,,N
SYSTEM,PRT_CICLOS,12,USUACTUA,VARCHAR2,20,,,Y
SYSTEM,PRT_CICLOS,13,FECHACTU,DATE,7,,,Y
SYSTEM,PRT_CICLOS,14,GPCM_CODIGRUP,VARCHAR2,10,,,N
SYSTEM,PRT_CICLOS,15,PORCCAPI,NUMBER,22,6,2,Y
SYSTEM,PRT_CICLOS,16,PORCREPA,NUMBER,22,6,2,Y
SYSTEM,PRT_CICLOS,17,UTILIDAD,NUMBER,22,22,2,Y
SYSTEM,PRT_CLASCAPI,1,TIPOCAPI,VARCHAR2,2,,,N
SYSTEM,PRT_CLASCAPI,2,DESCRIPC,VARCHAR2,50,,,N
SYSTEM,PRT_CLASCAPI,3,USUACREA,VARCHAR2,20,,,N
SYSTEM,PRT_CLASCAPI,4,FECHCREA,DATE,7,,,N
SYSTEM,PRT_CLASCAPI,5,USUACTUA,VARCHAR2,20,,,Y
SYSTEM,PRT_CLASCAPI,6,FECHACTU,DATE,7,,,Y
SYSTEM,PRT_CTABANCARIA,1,VALOBLOQ,NUMBER,22,22,4,N
SYSTEM,PRT_CTABANCARIA,2,NOMBRE,VARCHAR2,80,,,Y
SYSTEM,PRT_CTABANCARIA,3,CUENTA,VARCHAR2,40,,,N
SYSTEM,PRT_CTABANCARIA,4,CORRAHOR,VARCHAR2,1,,,N
SYSTEM,PRT_CTABANCARIA,5,LIMIGIRA,NUMBER,22,15,2,Y
SYSTEM,PRT_CTABANCARIA,6,GIRADO,NUMBER,22,15,2,Y
SYSTEM,PRT_CTABANCARIA,7,ORDEN,NUMBER,22,1,0,Y
SYSTEM,PRT_CTABANCARIA,8,NOMBCORT,VARCHAR2,10,,,Y
SYSTEM,PRT_CTABANCARIA,9,NUMECHEQ,NUMBER,22,10,0,N
SYSTEM,PRT_CTABANCARIA,10,NUMEDEPO,NUMBER,22,10,0,N
SYSTEM,PRT_CTABANCARIA,11,NUMEND,NUMBER,22,10,0,N
SYSTEM,PRT_CTABANCARIA,12,NUMENC,NUMBER,22,10,0,N
SYSTEM,PRT_CTABANCARIA,13,NUMECC,NUMBER,22,10,0,N
SYSTEM,PRT_CTABANCARIA,14,NUMETRDE,NUMBER,22,10,0,N
SYSTEM,PRT_CTABANCARIA,15,NUMETRNC,NUMBER,22,10,0,N
SYSTEM,PRT_CTABANCARIA,16,VIGENTE,VARCHAR2,1,,,N
SYSTEM,PRT_CTABANCARIA,17,FECHCREA,DATE,7,,,N
SYSTEM,PRT_CTABANCARIA,18,USUACREA,VARCHAR2,40,,,N
SYSTEM,PRT_CTABANCARIA,19,FECHACTU,DATE,7,,,Y
SYSTEM,PRT_CTABANCARIA,20,USUACTUA,VARCHAR2,40,,,Y
SYSTEM,PRT_CTABANCARIA,21,PCTS_CODIGO,VARCHAR2,30,,,N
SYSTEM,PRT_CTABANCARIA,22,GPCM_CODIGRUP,VARCHAR2,10,,,N
SYSTEM,PRT_CTABANCARIA,23,BANC_IDBANCO,VARCHAR2,10,,,Y
SYSTEM,PRT_CTASBALA,1,PRT_ID,NUMBER,22,10,0,N
SYSTEM,PRT_CTASBALA,2,CTAS_CODIGO,VARCHAR2,30,,,N
SYSTEM,PRT_CTASBALA,3,CTAS_CATALOGO,VARCHAR2,2,,,N
SYSTEM,PRT_CTASBALA,4,CTAS_COMPANIA,VARCHAR2,10,,,N
SYSTEM,PRT_CTASBALA,5,MONE_MONEDA,VARCHAR2,5,,,N
SYSTEM,PRT_CTASBALA,6,OFCN_COMPANIA,VARCHAR2,10,,,N
SYSTEM,PRT_CTASBALA,7,OFCN_OFICINA,VARCHAR2,3,,,N
SYSTEM,PRT_CTASBALA,8,CONSOLIDA,VARCHAR2,1,,,N
SYSTEM,PRT_CTASBALA,9,GRUPO,VARCHAR2,1,,,N
SYSTEM,PRT_CTASBALA,10,USUACREA,VARCHAR2,20,,,N
SYSTEM,PRT_CTASBALA,11,FECHCREA,DATE,7,,,N
SYSTEM,PRT_CTASBALA,12,SALDO,NUMBER,22,20,5,Y
SYSTEM,PRT_CTASBALA,13,CTAS_CODIGO_P,VARCHAR2,30,,,Y
SYSTEM,PRT_CTASBALA,14,FECHA,DATE,7,,,Y
SYSTEM,PRT_CTASBALA,15,DEBITOS,NUMBER,22,20,5,Y
SYSTEM,PRT_CTASBALA,16,SALDOANT,NUMBER,22,,,Y
SYSTEM,PRT_CTASBALA,17,CREDITOS,NUMBER,22,20,5,Y
SYSTEM,PRT_CTASBALA,18,USUACTUA,VARCHAR2,20,,,Y
SYSTEM,PRT_CTASBALA,19,FECHACTU,DATE,7,,,Y
SYSTEM,PRT_CTASBALA,20,TIPO,VARCHAR2,1,,,Y
SYSTEM,PRT_CTASBALA,21,RHHS_CEDURUC,VARCHAR2,13,,,Y
SYSTEM,PRT_CTASBALA,22,GPCM_CODIGRUP,VARCHAR2,10,,,Y
SYSTEM,PRT_CTASBALA,23,CICLO,NUMBER,22,5,0,Y
SYSTEM,PRT_CTASBALA,24,NUMBER1,NUMBER,22,,,Y
SYSTEM,PRT_CTASBALA,25,NUMBER2,NUMBER,22,,,Y
SYSTEM,PRT_CTASBALA,26,NUMBER3,NUMBER,22,,,Y
SYSTEM,PRT_CTASBALA,27,NUMBER4,NUMBER,22,,,Y
SYSTEM,PRT_CTASBALA,28,NUMBER5,NUMBER,22,,,Y
SYSTEM,PRT_CTASBALA,29,VCHAR1,VARCHAR2,500,,,Y
SYSTEM,PRT_CTASBALA,30,VCHAR2,VARCHAR2,500,,,Y
SYSTEM,PRT_CTASBALA,31,VCHAR3,VARCHAR2,500,,,Y
SYSTEM,PRT_CTASBALA,32,VCHAR4,VARCHAR2,500,,,Y
SYSTEM,PRT_CTASBALA,33,VCHAR5,VARCHAR2,500,,,Y
SYSTEM,PRT_CTASBALA,34,FDESDE,DATE,7,,,Y
SYSTEM,PRT_CTASBALA,35,FHASTA,DATE,7,,,Y
SYSTEM,PRT_CTASBALA,36,MOVIMIENTO,NUMBER,22,20,5,Y
SYSTEM,PRT_CTASBALA,37,SALDOFIN,NUMBER,22,20,5,Y
SYSTEM,PRT_CUENTAS,1,CODIGO,VARCHAR2,30,,,N
SYSTEM,PRT_CUENTAS,2,NOMBRE,VARCHAR2,80,,,N
SYSTEM,PRT_CUENTAS,3,GRUPO,VARCHAR2,1,,,N
SYSTEM,PRT_CUENTAS,4,BALANCE,VARCHAR2,1,,,N
SYSTEM,PRT_CUENTAS,5,NIVEL,NUMBER,22,1,0,N
SYSTEM,PRT_CUENTAS,6,NOMBVARI,VARCHAR2,30,,,Y
SYSTEM,PRT_CUENTAS,7,HABILITA,VARCHAR2,1,,,N
SYSTEM,PRT_CUENTAS,8,PORCPRES,NUMBER,22,12,6,Y
SYSTEM,PRT_CUENTAS,9,DEDUCIBLE,VARCHAR2,1,,,N
SYSTEM,PRT_CUENTAS,10,VISIBLE,VARCHAR2,1,,,N
SYSTEM,PRT_CUENTAS,11,OFICINA,VARCHAR2,3,,,Y
SYSTEM,PRT_CUENTAS,12,USUACREA,VARCHAR2,20,,,N
SYSTEM,PRT_CUENTAS,13,FECHCREA,DATE,7,,,N
SYSTEM,PRT_CUENTAS,14,USUACTUA,VARCHAR2,20,,,Y
SYSTEM,PRT_CUENTAS,15,FECHACTU,DATE,7,,,Y
SYSTEM,PRT_CUENTAS,16,TCTA_TIPOCTA,VARCHAR2,2,,,Y
SYSTEM,PRT_CUENTAS,17,PCTS_CODIGO,VARCHAR2,30,,,Y
SYSTEM,PRT_DESTIFINAN,1,DESTFINA,VARCHAR2,4,,,N
SYSTEM,PRT_DESTIFINAN,2,DESCRIPC,VARCHAR2,500,,,N
SYSTEM,PRT_DESTIFINAN,3,DISPONIB,VARCHAR2,1,,,N
SYSTEM,PRT_DESTIFINAN,4,FECHCREA,DATE,7,,,N
SYSTEM,PRT_DESTIFINAN,5,USUACREA,VARCHAR2,30,,,N
SYSTEM,PRT_DESTIFINAN,6,FECHACTU,DATE,7,,,Y
SYSTEM,PRT_DESTIFINAN,7,USUACTUA,VARCHAR2,30,,,Y
SYSTEM,PRT_DETASIENTO,1,PDAS_ID,NUMBER,22,10,0,N
SYSTEM,PRT_DETASIENTO,2,TIPO,VARCHAR2,1,,,N
SYSTEM,PRT_DETASIENTO,3,VALOR,NUMBER,22,15,2,N
SYSTEM,PRT_DETASIENTO,4,VALORAUX,NUMBER,22,18,6,Y
SYSTEM,PRT_DETASIENTO,5,CICLO,NUMBER,22,5,0,Y
SYSTEM,PRT_DETASIENTO,6,FECHCREA,DATE,7,,,N
SYSTEM,PRT_DETASIENTO,7,USUACREA,VARCHAR2,20,,,N
SYSTEM,PRT_DETASIENTO,8,FECHACTU,DATE,7,,,Y
SYSTEM,PRT_DETASIENTO,9,USUACTUA,VARCHAR2,20,,,Y
SYSTEM,PRT_DETASIENTO,10,VCHAR1,VARCHAR2,500,,,Y
SYSTEM,PRT_DETASIENTO,11,VCHAR2,VARCHAR2,500,,,Y
SYSTEM,PRT_DETASIENTO,12,VCHAR3,VARCHAR2,500,,,Y
SYSTEM,PRT_DETASIENTO,13,VCHAR4,VARCHAR2,500,,,Y
SYSTEM,PRT_DETASIENTO,14,VCHAR5,VARCHAR2,500,,,Y
SYSTEM,PRT_DETASIENTO,15,NUMBER1,NUMBER,22,,,Y
SYSTEM,PRT_DETASIENTO,16,NUMBER2,NUMBER,22,,,Y
SYSTEM,PRT_DETASIENTO,17,NUMBER3,NUMBER,22,,,Y
SYSTEM,PRT_DETASIENTO,18,NUMBER4,NUMBER,22,,,Y
SYSTEM,PRT_DETASIENTO,19,NUMBER5,NUMBER,22,,,Y
SYSTEM,PRT_DETASIENTO,20,PCTS_CODIGO,VARCHAR2,30,,,N
SYSTEM,PRT_DETASIENTO,21,GPCM_CODIGRUP,VARCHAR2,10,,,N
SYSTEM,PRT_DETASIENTO,22,PTBN_NUMEOPER,NUMBER,22,,,N
SYSTEM,PRT_DETASOLI,1,PDSL_ID,NUMBER,22,10,0,N
SYSTEM,PRT_DETASOLI,2,MONTO,NUMBER,22,18,2,N
SYSTEM,PRT_DETASOLI,3,APROBADO,VARCHAR2,1,,,N
SYSTEM,PRT_DETASOLI,4,EXEPCION,VARCHAR2,1,,,N
SYSTEM,PRT_DETASOLI,5,DETAEXEP,VARCHAR2,1000,,,Y
SYSTEM,PRT_DETASOLI,6,USUACREA,VARCHAR2,20,,,N
SYSTEM,PRT_DETASOLI,7,FECHCREA,DATE,7,,,N
SYSTEM,PRT_DETASOLI,8,USUACTUA,VARCHAR2,20,,,Y
SYSTEM,PRT_DETASOLI,9,FECHACTU,DATE,7,,,Y
SYSTEM,PRT_DETASOLI,10,CLTE_IDCLIENTE,NUMBER,22,10,0,N
SYSTEM,PRT_DETASOLI,11,CLTE_COMPANIA,VARCHAR2,10,,,N
SYSTEM,PRT_DETASOLI,12,TPDC_TIPODOCU,VARCHAR2,2,,,N
SYSTEM,PRT_DETASOLI,13,PSLG_NUMERO,NUMBER,22,,,N
SYSTEM,PRT_DETASOLI,14,REFER,VARCHAR2,30,,,Y
SYSTEM,PRT_DETASOLI,15,PCRG_TIPO,VARCHAR2,10,,,N
SYSTEM,PRT_DETASOLI,16,PRTC_TIPOCRED,VARCHAR2,1,,,Y
SYSTEM,PRT_DETASOLI,17,ESOL_ESTADO,VARCHAR2,5,,,N
SYSTEM,PRT_DETASOLI,18,MONTOC2,NUMBER,22,18,2,N
SYSTEM,PRT_DETASOLI,19,MONTOC3,NUMBER,22,18,2,N
SYSTEM,PRT_DETASOLI,20,MONTOC4,NUMBER,22,18,2,N
SYSTEM,PRT_DETASOLI,21,MONTOC5,NUMBER,22,18,2,N
SYSTEM,PRT_DETASOLI,22,APROBADOC2,VARCHAR2,1,,,N
SYSTEM,PRT_DETASOLI,23,APROBADOC3,VARCHAR2,1,,,N
SYSTEM,PRT_DETASOLI,24,APROBADOC4,VARCHAR2,1,,,N
SYSTEM,PRT_DETASOLI,25,APROBADOC5,VARCHAR2,1,,,N
SYSTEM,PRT_DETASOLI,26,DETAEXEP2,VARCHAR2,1000,,,Y
SYSTEM,PRT_DETASOLI,27,VCHAR1,VARCHAR2,400,,,Y
SYSTEM,PRT_DETASOLI,28,VCHAR2,VARCHAR2,400,,,Y
SYSTEM,PRT_DETASOLI,29,VCHAR3,VARCHAR2,400,,,Y
SYSTEM,PRT_DETASOLI,30,VCHAR4,VARCHAR2,400,,,Y
SYSTEM,PRT_DETASOLI,31,VCHAR5,VARCHAR2,400,,,Y
SYSTEM,PRT_DETASOLI,32,NUMBER1,NUMBER,22,,,Y
SYSTEM,PRT_DETASOLI,33,NUMBER2,NUMBER,22,,,Y
SYSTEM,PRT_DETASOLI,34,NUMBER3,NUMBER,22,,,Y
SYSTEM,PRT_DETASOLI,35,NUMBER4,NUMBER,22,,,Y
SYSTEM,PRT_DETASOLI,36,NUMBER5,NUMBER,22,,,Y
SYSTEM,PRT_DETIPCAU,1,DCSL_ID,NUMBER,22,10,0,N
SYSTEM,PRT_DETIPCAU,2,VARSISTEMA,VARCHAR2,80,,,N
SYSTEM,PRT_DETIPCAU,3,TIPO,VARCHAR2,1,,,N
SYSTEM,PRT_DETIPCAU,4,DESCRIPC,VARCHAR2,200,,,Y
SYSTEM,PRT_DETIPCAU,5,USUACREA,VARCHAR2,20,,,N
SYSTEM,PRT_DETIPCAU,6,FECHCREA,DATE,7,,,N
SYSTEM,PRT_DETIPCAU,7,USUACTUA,VARCHAR2,20,,,Y
SYSTEM,PRT_DETIPCAU,8,FECHACTU,DATE,7,,,Y
SYSTEM,PRT_DETIPCAU,9,VCHAR1,VARCHAR2,500,,,Y
SYSTEM,PRT_DETIPCAU,10,VCHAR2,VARCHAR2,500,,,Y
SYSTEM,PRT_DETIPCAU,11,VCHAR3,VARCHAR2,500,,,Y
SYSTEM,PRT_DETIPCAU,12,VCHAR4,VARCHAR2,500,,,Y
SYSTEM,PRT_DETIPCAU,13,VCHAR5,VARCHAR2,500,,,Y
SYSTEM,PRT_DETIPCAU,14,NUMBER1,NUMBER,22,,,Y
SYSTEM,PRT_DETIPCAU,15,NUMBER2,NUMBER,22,,,Y
SYSTEM,PRT_DETIPCAU,16,NUMBER3,NUMBER,22,,,Y
SYSTEM,PRT_DETIPCAU,17,NUMBER4,NUMBER,22,,,Y
SYSTEM,PRT_DETIPCAU,18,NUMBER5,NUMBER,22,,,Y
SYSTEM,PRT_DETIPCAU,19,TCSL_TIPCASUA,VARCHAR2,10,,,N
SYSTEM,PRT_DETIPCAU,20,TPDC_TIPODOCU,VARCHAR2,2,,,N
SYSTEM,PRT_DETIPCAU,21,PCTS_CODIGO,VARCHAR2,30,,,N
SYSTEM,PRT_ESTAOPER,1,ESTAOPER,VARCHAR2,10,,,N
SYSTEM,PRT_ESTAOPER,2,DESCRIPC,VARCHAR2,40,,,N
SYSTEM,PRT_ESTAOPER,3,DISPONIB,VARCHAR2,1,,,Y
SYSTEM,PRT_ESTAOPER,4,FECHCREA,DATE,7,,,N
SYSTEM,PRT_ESTAOPER,5,USUACREA,VARCHAR2,20,,,N
SYSTEM,PRT_ESTAOPER,6,FECHACTU,DATE,7,,,Y
SYSTEM,PRT_ESTAOPER,7,USUACTUA,VARCHAR2,20,,,Y
SYSTEM,PRT_FORMCANC,1,FORMCANC,VARCHAR2,10,,,N
SYSTEM,PRT_FORMCANC,2,DESCRIPC,VARCHAR2,80,,,N
SYSTEM,PRT_FORMCANC,3,DISPONIB,VARCHAR2,1,,,N
SYSTEM,PRT_FORMCANC,4,FECHCREA,DATE,7,,,N
SYSTEM,PRT_FORMCANC,5,USUACREA,VARCHAR2,30,,,N
SYSTEM,PRT_FORMCANC,6,FECHACTU,DATE,7,,,Y
SYSTEM,PRT_FORMCANC,7,USUACTUA,VARCHAR2,30,,,Y
SYSTEM,PRT_GRUPOSCOM,1,CODIGRUP,VARCHAR2,10,,,N
SYSTEM,PRT_GRUPOSCOM,2,DESCRIPC,VARCHAR2,300,,,Y
SYSTEM,PRT_GRUPOSCOM,3,VIGENTE,VARCHAR2,1,,,N
SYSTEM,PRT_GRUPOSCOM,4,MONTOSOL,NUMBER,22,22,4,N
SYSTEM,PRT_GRUPOSCOM,5,MONTOAPR,NUMBER,22,22,4,N
SYSTEM,PRT_GRUPOSCOM,6,CICLO,NUMBER,22,5,0,N
SYSTEM,PRT_GRUPOSCOM,7,FFIN,DATE,7,,,Y
SYSTEM,PRT_GRUPOSCOM,8,FINICIO,DATE,7,,,N
SYSTEM,PRT_GRUPOSCOM,9,DIREREUN,VARCHAR2,500,,,Y
SYSTEM,PRT_GRUPOSCOM,10,USUACREA,VARCHAR2,20,,,N
SYSTEM,PRT_GRUPOSCOM,11,FECHCREA,DATE,7,,,N
SYSTEM,PRT_GRUPOSCOM,12,USUACTUA,VARCHAR2,20,,,Y
SYSTEM,PRT_GRUPOSCOM,13,FECHACTU,DATE,7,,,Y
SYSTEM,PRT_GRUPOSCOM,14,VCHAR1,VARCHAR2,500,,,Y
SYSTEM,PRT_GRUPOSCOM,15,VCHAR2,VARCHAR2,500,,,Y
SYSTEM,PRT_GRUPOSCOM,16,VCHAR3,VARCHAR2,500,,,Y
SYSTEM,PRT_GRUPOSCOM,17,VCHAR4,VARCHAR2,500,,,Y
SYSTEM,PRT_GRUPOSCOM,18,VCHAR5,VARCHAR2,500,,,Y
SYSTEM,PRT_GRUPOSCOM,19,NUMBER1,NUMBER,22,,,Y
SYSTEM,PRT_GRUPOSCOM,20,NUMBER2,NUMBER,22,,,Y
SYSTEM,PRT_GRUPOSCOM,21,NUMBER3,NUMBER,22,,,Y
SYSTEM,PRT_GRUPOSCOM,22,NUMBER4,NUMBER,22,,,Y
SYSTEM,PRT_GRUPOSCOM,23,NUMBER5,NUMBER,22,,,Y
SYSTEM,PRT_GRUPOSCOM,24,PZNS_CODIZONA,VARCHAR2,10,,,N
SYSTEM,PRT_GRUPOSCOM,25,RHHS_CEDURUC,VARCHAR2,13,,,Y
SYSTEM,PRT_GRUPOSCOM,26,FECHEMIS,DATE,7,,,Y
SYSTEM,PRT_GRUPOSCOM,27,FECHVALO,DATE,7,,,Y
SYSTEM,PRT_GRUPOSCOM,28,FEPRICUO,DATE,7,,,Y
SYSTEM,PRT_GRUPOSCOM,29,NUMEPERI,NUMBER,22,5,0,Y
SYSTEM,PRT_MADUCRED,1,MCRE_ID,NUMBER,22,10,0,N
SYSTEM,PRT_MADUCRED,2,EGEN_ESTADO,VARCHAR2,2,,,N
SYSTEM,PRT_MADUCRED,3,FECHA,DATE,7,,,N
SYSTEM,PRT_MADUCRED,4,NUMECUOT,NUMBER,22,,,N
SYSTEM,PRT_MADUCRED,5,CAPITAL,NUMBER,22,22,4,N
SYSTEM,PRT_MADUCRED,6,RANGANTE,VARCHAR2,40,,,Y
SYSTEM,PRT_MADUCRED,7,RANGNUEV,VARCHAR2,40,,,Y
SYSTEM,PRT_MADUCRED,8,USUACREA,VARCHAR2,20,,,N
SYSTEM,PRT_MADUCRED,9,FECHCREA,DATE,7,,,N
SYSTEM,PRT_MADUCRED,10,USUACTUA,VARCHAR2,20,,,Y
SYSTEM,PRT_MADUCRED,11,FECHACTU,DATE,7,,,Y
SYSTEM,PRT_MADUCRED,12,PRTM_TIPODOCU,VARCHAR2,2,,,N
SYSTEM,PRT_MADUCRED,13,PRTM_NUMERO,NUMBER,22,,,N
SYSTEM,PRT_MADUCRED,14,PRTM_OFICINA,VARCHAR2,3,,,N
SYSTEM,PRT_MADUCRED,15,PRTM_COMPANIA,VARCHAR2,10,,,N
SYSTEM,PRT_MADUCRED,16,BANDAANT,NUMBER,22,,,N
SYSTEM,PRT_MADUCRED,17,BANDANEW,NUMBER,22,,,N
SYSTEM,PRT_MADUCRED,18,TIPOCAPIANT,VARCHAR2,2,,,N
SYSTEM,PRT_MADUCRED,19,TIPOCAPINEW,VARCHAR2,2,,,N
SYSTEM,PRT_MADUCRED,20,ASTO_COMPANIA,VARCHAR2,10,,,Y
SYSTEM,PRT_MADUCRED,21,ASTO_NUMEDIAR,NUMBER,22,10,0,Y
SYSTEM,PRT_MADUCRED,22,VCHAR1,VARCHAR2,500,,,Y
SYSTEM,PRT_MADUCRED,23,VCHAR2,VARCHAR2,500,,,Y
SYSTEM,PRT_MADUCRED,24,VCHAR3,VARCHAR2,500,,,Y
SYSTEM,PRT_MADUCRED,25,VCHAR4,VARCHAR2,500,,,Y
SYSTEM,PRT_MADUCRED,26,VCHAR5,VARCHAR2,500,,,Y
SYSTEM,PRT_MADUCRED,27,NUMBER1,NUMBER,22,,,Y
SYSTEM,PRT_MADUCRED,28,NUMBER2,NUMBER,22,,,Y
SYSTEM,PRT_MADUCRED,29,NUMBER3,NUMBER,22,,,Y
SYSTEM,PRT_MADUCRED,30,NUMBER4,NUMBER,22,,,Y
SYSTEM,PRT_MADUCRED,31,NUMBER5,NUMBER,22,,,Y
SYSTEM,PRT_MIEMBROS,1,ESOL_ESTADO,VARCHAR2,5,,,N
SYSTEM,PRT_MIEMBROS,2,MONTSOLI,NUMBER,22,22,4,N
SYSTEM,PRT_MIEMBROS,3,MONTAPRO,NUMBER,22,22,4,N
SYSTEM,PRT_MIEMBROS,4,NUMERO,NUMBER,22,10,0,N
SYSTEM,PRT_MIEMBROS,5,VIGENTE,VARCHAR2,1,,,N
SYSTEM,PRT_MIEMBROS,6,CICLO,NUMBER,22,5,0,N
SYSTEM,PRT_MIEMBROS,7,FINGRESO,DATE,7,,,N
SYSTEM,PRT_MIEMBROS,8,FSALIDA,DATE,7,,,Y
SYSTEM,PRT_MIEMBROS,9,VCHAR1,VARCHAR2,400,,,Y
SYSTEM,PRT_MIEMBROS,10,VCHAR2,VARCHAR2,400,,,Y
SYSTEM,PRT_MIEMBROS,11,VCHAR3,VARCHAR2,400,,,Y
SYSTEM,PRT_MIEMBROS,12,VCHAR4,VARCHAR2,400,,,Y
SYSTEM,PRT_MIEMBROS,13,VCHAR5,VARCHAR2,400,,,Y
SYSTEM,PRT_MIEMBROS,14,NUMBER1,NUMBER,22,,,Y
SYSTEM,PRT_MIEMBROS,15,NUMBER2,NUMBER,22,,,Y
SYSTEM,PRT_MIEMBROS,16,NUMBER3,NUMBER,22,,,Y
SYSTEM,PRT_MIEMBROS,17,NUMBER4,NUMBER,22,,,Y
SYSTEM,PRT_MIEMBROS,18,NUMBER5,NUMBER,22,,,Y
SYSTEM,PRT_MIEMBROS,19,GPCM_CODIGO,VARCHAR2,10,,,N
SYSTEM,PRT_MIEMBROS,20,EGEN_ESTADO,VARCHAR2,2,,,N
SYSTEM,PRT_MIEMBROS,21,CLTE_COMPANIA,VARCHAR2,10,,,N
SYSTEM,PRT_MIEMBROS,22,CLTE_IDCLIENTE,NUMBER,22,10,0,N
SYSTEM,PRT_MIEMBROS,23,PCRG_TIPO,VARCHAR2,10,,,N
SYSTEM,PRT_MIEMBROS,24,TPDC_TIPODOCU,VARCHAR2,2,,,N
SYSTEM,PRT_MIEMBROS,25,APROBADO,VARCHAR2,1,,,N
SYSTEM,PRT_MIEMBROS,26,TASA,NUMBER,22,7,2,Y
SYSTEM,PRT_MIEMBROS,27,FECHENTR,DATE,7,,,Y
SYSTEM,PRT_MIEMBROS,28,FECHCALC,DATE,7,,,Y
SYSTEM,PRT_MIEMBROS,29,NUMECUOT,NUMBER,22,5,0,Y
SYSTEM,PRT_MIEMBROS,30,DIASCUOT,NUMBER,22,5,0,Y
SYSTEM,PRT_MIEMBROS,31,USUACREA,VARCHAR2,20,,,N
SYSTEM,PRT_MIEMBROS,32,FECHCREA,DATE,7,,,N
SYSTEM,PRT_MIEMBROS,33,USUACTUA,VARCHAR2,20,,,Y
SYSTEM,PRT_MIEMBROS,34,FECHACTU,DATE,7,,,Y
SYSTEM,PRT_MIEMBROS,35,EXEPCION,VARCHAR2,1,,,N
SYSTEM,PRT_MIEMBROS,36,DETAEXEP,VARCHAR2,400,,,Y
SYSTEM,PRT_ORIGRECU,1,FECHCREA,DATE,7,,,N
SYSTEM,PRT_ORIGRECU,2,USUACREA,VARCHAR2,30,,,N
SYSTEM,PRT_ORIGRECU,3,FECHACTU,DATE,7,,,Y
SYSTEM,PRT_ORIGRECU,4,USUACTUA,VARCHAR2,30,,,Y
SYSTEM,PRT_ORIGRECU,5,DISPONIBLE,VARCHAR2,1,,,N
SYSTEM,PRT_ORIGRECU,6,DESCRIPC,VARCHAR2,80,,,N
SYSTEM,PRT_ORIGRECU,7,ORIGRECU,VARCHAR2,2,,,N
SYSTEM,PRT_PARARANG,1,BANDA,VARCHAR2,2,,,N
SYSTEM,PRT_PARARANG,2,RANGINIC,NUMBER,22,5,0,N
SYSTEM,PRT_PARARANG,3,RANGFINA,NUMBER,22,5,0,N
SYSTEM,PRT_PARARANG,4,DISPONIB,VARCHAR2,1,,,N
SYSTEM,PRT_PARARANG,5,USUACREA,VARCHAR2,20,,,N
SYSTEM,PRT_PARARANG,6,FECHCREA,DATE,7,,,N
SYSTEM,PRT_PARARANG,7,USUACTUA,VARCHAR2,20,,,Y
SYSTEM,PRT_PARARANG,8,FECHACTU,VARCHAR2,240,,,Y
SYSTEM,PRT_PARARANG,9,PRTC_TIPOCRED,VARCHAR2,1,,,N
SYSTEM,PRT_PARARANG,10,CCPT_TIPOCAPI,VARCHAR2,2,,,N
SYSTEM,PRT_PARARANG,11,VCHAR1,VARCHAR2,500,,,Y
SYSTEM,PRT_PARARANG,12,VCHAR2,VARCHAR2,500,,,Y
SYSTEM,PRT_PARARANG,13,VCHAR3,VARCHAR2,500,,,Y
SYSTEM,PRT_PARARANG,14,VCHAR4,VARCHAR2,500,,,Y
SYSTEM,PRT_PARARANG,15,VCHAR5,VARCHAR2,500,,,Y
SYSTEM,PRT_PARARANG,16,REFINANCIA,VARCHAR2,1,,,N
SYSTEM,PRT_PARARANG,17,REESTRUCTURA,VARCHAR2,1,,,N
SYSTEM,PRT_PRESTAMOS,1,NUMERO,NUMBER,22,,,N
SYSTEM,PRT_PRESTAMOS,2,FECHEMIS,DATE,7,,,N
SYSTEM,PRT_PRESTAMOS,3,FECHVCTO,DATE,7,,,N
SYSTEM,PRT_PRESTAMOS,4,FECHCANC,DATE,7,,,Y
SYSTEM,PRT_PRESTAMOS,5,MONTO,NUMBER,22,22,4,N
SYSTEM,PRT_PRESTAMOS,6,PLAZO,NUMBER,22,5,0,N
SYSTEM,PRT_PRESTAMOS,7,TASA,NUMBER,22,7,2,N
SYSTEM,PRT_PRESTAMOS,8,NUMEPERI,NUMBER,22,10,0,N
SYSTEM,PRT_PRESTAMOS,9,FECHVALO,DATE,7,,,N
SYSTEM,PRT_PRESTAMOS,10,DIACALOP,NUMBER,22,,,N
SYSTEM,PRT_PRESTAMOS,11,DESCLETR,NUMBER,22,17,2,Y
SYSTEM,PRT_PRESTAMOS,12,COMEGARA,VARCHAR2,1000,,,Y
SYSTEM,PRT_PRESTAMOS,13,DETAEMIS,VARCHAR2,1000,,,Y
SYSTEM,PRT_PRESTAMOS,14,MARGEN,NUMBER,22,7,2,N
SYSTEM,PRT_PRESTAMOS,15,NUMEREAJ,NUMBER,22,3,0,N
SYSTEM,PRT_PRESTAMOS,16,OBSERVAC,VARCHAR2,1000,,,N
SYSTEM,PRT_PRESTAMOS,17,PLAZREAJ,NUMBER,22,3,0,N
SYSTEM,PRT_PRESTAMOS,18,TASAREFE,NUMBER,22,7,2,N
SYSTEM,PRT_PRESTAMOS,19,VALORECI,NUMBER,22,22,4,N
SYSTEM,PRT_PRESTAMOS,20,VENCTOTA,VARCHAR2,1,,,N
SYSTEM,PRT_PRESTAMOS,21,OPERRENO,VARCHAR2,20,,,Y
SYSTEM,PRT_PRESTAMOS,22,PAGOCAPI,NUMBER,22,22,4,N
SYSTEM,PRT_PRESTAMOS,23,PAGOINTE,NUMBER,22,22,4,N
SYSTEM,PRT_PRESTAMOS,24,VALOGARA,NUMBER,22,17,2,Y
SYSTEM,PRT_PRESTAMOS,25,TASAORIG,NUMBER,22,7,2,Y
SYSTEM,PRT_PRESTAMOS,26,COBRCOMI,VARCHAR2,1,,,N
SYSTEM,PRT_PRESTAMOS,27,EXENTA,VARCHAR2,1,,,N
SYSTEM,PRT_PRESTAMOS,28,NUMERENO,NUMBER,22,2,0,Y
SYSTEM,PRT_PRESTAMOS,29,VALOENCAJE,NUMBER,22,17,2,Y
SYSTEM,PRT_PRESTAMOS,30,CICLO,NUMBER,22,5,0,N
SYSTEM,PRT_PRESTAMOS,31,USUACREA,VARCHAR2,20,,,N
SYSTEM,PRT_PRESTAMOS,32,FECHCREA,DATE,7,,,N
SYSTEM,PRT_PRESTAMOS,33,USUACTUA,VARCHAR2,20,,,Y
SYSTEM,PRT_PRESTAMOS,34,FECHACTU,DATE,7,,,Y
SYSTEM,PRT_PRESTAMOS,35,VCHAR1,VARCHAR2,500,,,Y
SYSTEM,PRT_PRESTAMOS,36,VCHAR2,VARCHAR2,500,,,Y
SYSTEM,PRT_PRESTAMOS,37,VCHAR3,VARCHAR2,500,,,Y
SYSTEM,PRT_PRESTAMOS,38,VCHAR4,VARCHAR2,500,,,Y
SYSTEM,PRT_PRESTAMOS,39,VCHAR5,VARCHAR2,500,,,Y
SYSTEM,PRT_PRESTAMOS,40,NUMBER1,NUMBER,22,,,Y
SYSTEM,PRT_PRESTAMOS,41,NUMBER2,NUMBER,22,,,Y
SYSTEM,PRT_PRESTAMOS,42,NUMBER3,NUMBER,22,,,Y
SYSTEM,PRT_PRESTAMOS,43,NUMBER4,NUMBER,22,,,Y
SYSTEM,PRT_PRESTAMOS,44,NUMBER5,NUMBER,22,,,Y
SYSTEM,PRT_PRESTAMOS,45,OFCN_COMPANIA,VARCHAR2,10,,,N
SYSTEM,PRT_PRESTAMOS,46,OFCN_OFICINA,VARCHAR2,3,,,N
SYSTEM,PRT_PRESTAMOS,47,TPDC_TIPODOCU,VARCHAR2,2,,,N
SYSTEM,PRT_PRESTAMOS,48,MONE_MONEDA,VARCHAR2,5,,,N
SYSTEM,PRT_PRESTAMOS,49,CLTE_IDCLIENTE,NUMBER,22,10,0,N
SYSTEM,PRT_PRESTAMOS,50,CLTE_COMPANIA,VARCHAR2,10,,,N
SYSTEM,PRT_PRESTAMOS,51,ASTO_COMPANIA,VARCHAR2,10,,,Y
SYSTEM,PRT_PRESTAMOS,52,ASTO_NUMEDIAR,NUMBER,22,10,0,Y
SYSTEM,PRT_PRESTAMOS,53,INCN_CODITRAN,VARCHAR2,10,,,Y
SYSTEM,PRT_PRESTAMOS,54,INCN_COMPANIA,VARCHAR2,10,,,Y
SYSTEM,PRT_PRESTAMOS,55,INCN_PRODUCTO,VARCHAR2,3,,,Y
SYSTEM,PRT_PRESTAMOS,56,INCN_TIPODOCU,VARCHAR2,2,,,Y
SYSTEM,PRT_PRESTAMOS,57,PRDF_DESTFINA,VARCHAR2,4,,,N
SYSTEM,PRT_PRESTAMOS,58,PRTC_TIPOCRED,VARCHAR2,1,,,N
SYSTEM,PRT_PRESTAMOS,59,EOPE_ESTAOPER,VARCHAR2,10,,,N
SYSTEM,PRT_PRESTAMOS,60,EGEN_ESTADO,VARCHAR2,2,,,N
SYSTEM,PRT_PRESTAMOS,61,PRPG_CODIPERI,VARCHAR2,2,,,N
SYSTEM,PRT_PRESTAMOS,62,PRTT_TIPOTASA,NUMBER,22,,,N
SYSTEM,PRT_PRESTAMOS,63,PROR_ORIGRECU,VARCHAR2,2,,,N
SYSTEM,PRT_PRESTAMOS,64,PRRQ_CODICANT,VARCHAR2,3,,,Y
SYSTEM,PRT_PRESTAMOS,65,PRRQ_CODIPARR,VARCHAR2,3,,,Y
SYSTEM,PRT_PRESTAMOS,66,PRRQ_CODIPROV,VARCHAR2,3,,,Y
SYSTEM,PRT_PRESTAMOS,67,PRFC_FORMCANC,VARCHAR2,10,,,N
SYSTEM,PRT_PRESTAMOS,68,PRTO_TIPOOPER,VARCHAR2,10,,,N
SYSTEM,PRT_PRESTAMOS,69,PRTM_TIPODOCU,VARCHAR2,2,,,Y
SYSTEM,PRT_PRESTAMOS,70,PRTM_NUMERO,NUMBER,22,,,Y
SYSTEM,PRT_PRESTAMOS,71,PRTM_COMPANIA,VARCHAR2,10,,,Y
SYSTEM,PRT_PRESTAMOS,72,PRTM_OFICINA,VARCHAR2,3,,,Y
SYSTEM,PRT_PRESTAMOS,73,GPCM_CODIGRUP,VARCHAR2,10,,,Y
SYSTEM,PRT_PRESTAMOS,74,PSLG_NUMERO,NUMBER,22,,,Y
SYSTEM,PRT_PRESTAMOS,75,PRTM_COMPANIA_RE,VARCHAR2,10,,,Y
SYSTEM,PRT_PRESTAMOS,76,PRTM_OFICINA_RE,VARCHAR2,3,,,Y
SYSTEM,PRT_PRESTAMOS,77,PRTM_TIPODOCU_RE,VARCHAR2,2,,,Y
SYSTEM,PRT_PRESTAMOS,78,PRTM_NUMERO_RE,NUMBER,22,,,Y
SYSTEM,PRT_PRESTAMOS,79,TGAR_TIPOGARA,VARCHAR2,5,,,Y
SYSTEM,PRT_PRESTAMOS,80,PTBN_NUMEOPER,NUMBER,22,,,Y
SYSTEM,PRT_PRESTAMOS,81,CASTIGADO,VARCHAR2,1,,,Y
SYSTEM,PRT_PRESTAMOS,82,FEPRICUO,DATE,7,,,Y
SYSTEM,PRT_PRESTAMOS,83,NUMEDIARAN,NUMBER,22,10,0,Y
SYSTEM,PRT_PRESTAMOS,84,NUMEDIARCH,NUMBER,22,10,0,Y
SYSTEM,PRT_PRESTAMOS,85,PTRG_CODIGO,VARCHAR2,2,,,Y
SYSTEM,PRT_PRESTAMOS,86,CHEQENTR,VARCHAR2,1,,,N
SYSTEM,PRT_PRESTAMOS,87,MESGRACIA,NUMBER,22,5,0,Y
SYSTEM,PRT_PRESTAMOS,88,DIASGMORA,NUMBER,22,5,0,Y
SYSTEM,PRT_PRESTAMOS,89,FENTRCHE,DATE,7,,,Y
SYSTEM,PRT_PRESTAMOS,90,NUMEDIARCT,NUMBER,22,,,Y
SYSTEM,PRT_RECARGOS,1,ASTO_NUMEDIAR,NUMBER,22,10,0,Y
SYSTEM,PRT_RECARGOS,2,ASTO_COMPANIA,VARCHAR2,10,,,Y
SYSTEM,PRT_RECARGOS,3,RCCR_ID,NUMBER,22,10,0,N
SYSTEM,PRT_RECARGOS,4,FECHA,DATE,7,,,N
SYSTEM,PRT_RECARGOS,5,DESCRIPC,VARCHAR2,1000,,,N
SYSTEM,PRT_RECARGOS,6,DIASMORA,NUMBER,22,5,0,N
SYSTEM,PRT_RECARGOS,7,CAPITAL,NUMBER,22,22,4,N
SYSTEM,PRT_RECARGOS,8,TASAINTE,NUMBER,22,10,4,N
SYSTEM,PRT_RECARGOS,9,VALOREC,NUMBER,22,22,4,N
SYSTEM,PRT_RECARGOS,10,FECHCREA,DATE,7,,,N
SYSTEM,PRT_RECARGOS,11,USUACREA,VARCHAR2,30,,,N
SYSTEM,PRT_RECARGOS,12,FECHACTU,DATE,7,,,Y
SYSTEM,PRT_RECARGOS,13,USUACTUA,VARCHAR2,30,,,Y
SYSTEM,PRT_RECARGOS,14,PLCB_PLCB_ID,NUMBER,22,10,0,Y
SYSTEM,PRT_RECARGOS,15,EGEN_ESTADO,VARCHAR2,2,,,N
SYSTEM,PRT_RECARGOS,16,TREC_CODIGAST,VARCHAR2,10,,,N
SYSTEM,PRT_SIMUCRED,1,SMCR_ID,NUMBER,22,10,0,N
SYSTEM,PRT_SIMUCRED,2,FECHEMIS,DATE,7,,,N
SYSTEM,PRT_SIMUCRED,3,FECHVCTO,DATE,7,,,N
SYSTEM,PRT_SIMUCRED,4,FECHCANC,DATE,7,,,Y
SYSTEM,PRT_SIMUCRED,5,MONTO,NUMBER,22,25,6,N
SYSTEM,PRT_SIMUCRED,6,PLAZO,NUMBER,22,5,0,N
SYSTEM,PRT_SIMUCRED,7,TASA,NUMBER,22,12,6,N
SYSTEM,PRT_SIMUCRED,8,NUMEPERI,NUMBER,22,10,0,N
SYSTEM,PRT_SIMUCRED,9,FECHVALO,DATE,7,,,N
SYSTEM,PRT_SIMUCRED,10,FEPRICUO,DATE,7,,,Y
SYSTEM,PRT_SIMUCRED,11,DIACALOP,VARCHAR2,240,,,N
SYSTEM,PRT_SIMUCRED,12,DESCLETR,NUMBER,22,17,2,Y
SYSTEM,PRT_SIMUCRED,13,COMEGARA,VARCHAR2,1000,,,Y
SYSTEM,PRT_SIMUCRED,14,DETAEMIS,VARCHAR2,1000,,,Y
SYSTEM,PRT_SIMUCRED,15,MARGEN,NUMBER,22,12,6,N
SYSTEM,PRT_SIMUCRED,16,NUMEREAJ,NUMBER,22,3,0,N
SYSTEM,PRT_SIMUCRED,17,OBSERVAC,VARCHAR2,1000,,,N
SYSTEM,PRT_SIMUCRED,18,PLAZREAJ,NUMBER,22,3,0,N
SYSTEM,PRT_SIMUCRED,19,TASAREFE,NUMBER,22,12,6,N
SYSTEM,PRT_SIMUCRED,20,VALORECI,NUMBER,22,25,6,N
SYSTEM,PRT_SIMUCRED,21,VALOGARA,NUMBER,22,25,6,Y
SYSTEM,PRT_SIMUCRED,22,DIASGMORA,NUMBER,22,5,0,Y
SYSTEM,PRT_SIMUCRED,23,MESGRACIA,NUMBER,22,5,0,Y
SYSTEM,PRT_SIMUCRED,24,VCHAR1,VARCHAR2,500,,,Y
SYSTEM,PRT_SIMUCRED,25,VCHAR2,VARCHAR2,500,,,Y
SYSTEM,PRT_SIMUCRED,26,VCHAR3,VARCHAR2,500,,,Y
SYSTEM,PRT_SIMUCRED,27,VCHAR4,VARCHAR2,500,,,Y
SYSTEM,PRT_SIMUCRED,28,VCHAR5,VARCHAR2,500,,,Y
SYSTEM,PRT_SIMUCRED,29,NUMBER1,NUMBER,22,,,Y
SYSTEM,PRT_SIMUCRED,30,NUMBER2,NUMBER,22,,,Y
SYSTEM,PRT_SIMUCRED,31,NUMBER3,NUMBER,22,,,Y
SYSTEM,PRT_SIMUCRED,32,NUMBER4,NUMBER,22,,,Y
SYSTEM,PRT_SIMUCRED,33,NUMBER5,NUMBER,22,,,Y
SYSTEM,PRT_SIMUCRED,34,USUACREA,VARCHAR2,20,,,N
SYSTEM,PRT_SIMUCRED,35,FECHCREA,DATE,7,,,N
SYSTEM,PRT_SIMUCRED,36,USUACTUA,VARCHAR2,20,,,Y
SYSTEM,PRT_SIMUCRED,37,FECHACTU,DATE,7,,,Y
SYSTEM,PRT_SIMUCRED,38,MONE_MONEDA,VARCHAR2,5,,,N
SYSTEM,PRT_SIMUCRED,39,CLTE_COMPANIA,VARCHAR2,10,,,N
SYSTEM,PRT_SIMUCRED,40,CLTE_IDCLIENTE,NUMBER,22,10,0,N
SYSTEM,PRT_SIMUCRED,41,OFCN_OFICINA,VARCHAR2,3,,,N
SYSTEM,PRT_SIMUCRED,42,OFCN_COMPANIA,VARCHAR2,10,,,N
SYSTEM,PRT_SIMUCRED,43,TPDC_TIPODOCU,VARCHAR2,2,,,N
SYSTEM,PRT_SIMUCRED,44,PTRG_CODIGO,VARCHAR2,2,,,N
SYSTEM,PRT_SIMUCRED,45,EOPE_ESTAOPER,VARCHAR2,10,,,N
SYSTEM,PRT_SIMUCRED,46,EGEN_ESTADO,VARCHAR2,2,,,N
SYSTEM,PRT_SIMUCRED,47,PRTT_TIPOTASA,NUMBER,22,,,N
SYSTEM,PRT_SIMUCRED,48,PRDF_DESTFINA,VARCHAR2,4,,,N
SYSTEM,PRT_SIMUCRED,49,PRPG_CODIPERI,VARCHAR2,2,,,N
SYSTEM,PRT_SIMUCRED,50,PRTO_TIPOPER,VARCHAR2,10,,,N
SYSTEM,PRT_SIMUCRED,51,PRTC_TIPOCRED,VARCHAR2,1,,,N
SYSTEM,PRT_SIMUDETA,1,SDET_ID,NUMBER,22,10,0,N
SYSTEM,PRT_SIMUDETA,2,NUMECUOT,NUMBER,22,5,0,N
SYSTEM,PRT_SIMUDETA,3,VALOCOUT,NUMBER,22,25,6,N
SYSTEM,PRT_SIMUDETA,4,CAPITAL,NUMBER,22,25,6,N
SYSTEM,PRT_SIMUDETA,5,DIAS,NUMBER,22,5,0,N
SYSTEM,PRT_SIMUDETA,6,FECHVENC,DATE,7,,,N
SYSTEM,PRT_SIMUDETA,7,INTERES,NUMBER,22,16,6,Y
SYSTEM,PRT_SIMUDETA,8,FECHCOBR,DATE,7,,,Y
SYSTEM,PRT_SIMUDETA,9,TASAINTE,NUMBER,22,7,4,N
SYSTEM,PRT_SIMUDETA,10,OBS,VARCHAR2,500,,,Y
SYSTEM,PRT_SIMUDETA,11,ABONORE,NUMBER,22,25,6,Y
SYSTEM,PRT_SIMUDETA,12,INTEMORA,NUMBER,22,26,6,Y
SYSTEM,PRT_SIMUDETA,13,SALDCAPI,NUMBER,22,26,6,Y
SYSTEM,PRT_SIMUDETA,14,NUMBER1,NUMBER,22,,,Y
SYSTEM,PRT_SIMUDETA,15,NUMBER2,NUMBER,22,,,Y
SYSTEM,PRT_SIMUDETA,16,NUMBER3,NUMBER,22,,,Y
SYSTEM,PRT_SIMUDETA,17,NUMBER4,NUMBER,22,,,Y
SYSTEM,PRT_SIMUDETA,18,NUMBER5,NUMBER,22,,,Y
SYSTEM,PRT_SIMUDETA,19,VCHAR1,VARCHAR2,240,,,Y
SYSTEM,PRT_SIMUDETA,20,VCHAR2,VARCHAR2,240,,,Y
SYSTEM,PRT_SIMUDETA,21,VCHAR3,VARCHAR2,240,,,Y
SYSTEM,PRT_SIMUDETA,22,VCHAR4,VARCHAR2,240,,,Y
SYSTEM,PRT_SIMUDETA,23,VCHAR5,VARCHAR2,240,,,Y
SYSTEM,PRT_SIMUDETA,24,FECHCREA,DATE,7,,,N
SYSTEM,PRT_SIMUDETA,25,USUACREA,VARCHAR2,20,,,N
SYSTEM,PRT_SIMUDETA,26,FECHACTU,DATE,7,,,Y
SYSTEM,PRT_SIMUDETA,27,USUACTUA,VARCHAR2,20,,,Y
SYSTEM,PRT_SIMUDETA,28,EGEN_ESTADO,VARCHAR2,2,,,N
SYSTEM,PRT_SIMUDETA,29,SMCR_SMCR_ID,NUMBER,22,10,0,N
SYSTEM,PRT_SIMUDETA,30,FRPG_FORMPAGO,VARCHAR2,2,,,N
SYSTEM,PRT_SIMUDETA,31,CCPT_TIPOCAPI,VARCHAR2,2,,,N
SYSTEM,PRT_SIMUDETA,32,INTECALC,NUMBER,22,16,2,Y
SYSTEM,PRT_SOLIGRUP,1,OFCN_COMPANIA,VARCHAR2,10,,,N
SYSTEM,PRT_SOLIGRUP,2,OFCN_OFICINA,VARCHAR2,3,,,N
SYSTEM,PRT_SOLIGRUP,3,NUMERO,NUMBER,22,,,N
SYSTEM,PRT_SOLIGRUP,4,FECHSOLI,DATE,7,,,N
SYSTEM,PRT_SOLIGRUP,5,MONTSOLI,NUMBER,22,18,2,N
SYSTEM,PRT_SOLIGRUP,6,MONTAPRO,NUMBER,22,18,2,N
SYSTEM,PRT_SOLIGRUP,7,FECHAPRO,DATE,7,,,Y
SYSTEM,PRT_SOLIGRUP,8,NUMEPERI,NUMBER,22,,,Y
SYSTEM,PRT_SOLIGRUP,9,PLAZO,NUMBER,22,5,0,Y
SYSTEM,PRT_SOLIGRUP,10,TASA,NUMBER,22,7,2,Y
SYSTEM,PRT_SOLIGRUP,11,FECHVALO,DATE,7,,,Y
SYSTEM,PRT_SOLIGRUP,12,FECHEMIS,DATE,7,,,Y
SYSTEM,PRT_SOLIGRUP,13,FECHVCTO,DATE,7,,,Y
SYSTEM,PRT_SOLIGRUP,14,CICLO,NUMBER,22,5,0,N
SYSTEM,PRT_SOLIGRUP,15,MESGRAC,NUMBER,22,,,Y
SYSTEM,PRT_SOLIGRUP,16,DIACALOP,NUMBER,22,,,Y
SYSTEM,PRT_SOLIGRUP,17,OBSERVAC,VARCHAR2,1000,,,Y
SYSTEM,PRT_SOLIGRUP,18,FEPRICUO,DATE,7,,,Y
SYSTEM,PRT_SOLIGRUP,19,USUACREA,VARCHAR2,20,,,N
SYSTEM,PRT_SOLIGRUP,20,FECHCREA,DATE,7,,,N
SYSTEM,PRT_SOLIGRUP,21,USUACTUA,VARCHAR2,20,,,Y
SYSTEM,PRT_SOLIGRUP,22,FECHACTU,DATE,7,,,Y
SYSTEM,PRT_SOLIGRUP,23,VCHAR1,VARCHAR2,500,,,Y
SYSTEM,PRT_SOLIGRUP,24,VCHAR2,VARCHAR2,500,,,Y
SYSTEM,PRT_SOLIGRUP,25,VCHAR3,VARCHAR2,500,,,Y
SYSTEM,PRT_SOLIGRUP,26,VCHAR4,VARCHAR2,500,,,Y
SYSTEM,PRT_SOLIGRUP,27,VCHAR5,VARCHAR2,500,,,Y
SYSTEM,PRT_SOLIGRUP,28,NUMBER1,NUMBER,22,,,Y
SYSTEM,PRT_SOLIGRUP,29,NUMBER2,NUMBER,22,,,Y
SYSTEM,PRT_SOLIGRUP,30,NUMBER3,NUMBER,22,,,Y
SYSTEM,PRT_SOLIGRUP,31,NUMBER4,NUMBER,22,,,Y
SYSTEM,PRT_SOLIGRUP,32,NUMBER5,NUMBER,22,,,Y
SYSTEM,PRT_SOLIGRUP,33,PRDF_DESTFINA,VARCHAR2,4,,,Y
SYSTEM,PRT_SOLIGRUP,34,GPCM_CODIGRUP,VARCHAR2,10,,,N
SYSTEM,PRT_SOLIGRUP,35,TGAR_TIPOGARA,VARCHAR2,5,,,Y
SYSTEM,PRT_SOLIGRUP,36,ESOL_ESTADO,VARCHAR2,5,,,N
SYSTEM,PRT_SOLIGRUP,37,PRRQ_CODICANT,VARCHAR2,3,,,Y
SYSTEM,PRT_SOLIGRUP,38,PRRQ_CODIPROV,VARCHAR2,3,,,Y
SYSTEM,PRT_SOLIGRUP,39,PRRQ_CODIPARR,VARCHAR2,3,,,Y
SYSTEM,PRT_SOLIGRUP,40,PRTC_TIPOCRED,VARCHAR2,1,,,Y
SYSTEM,PRT_SOLIGRUP,41,PRPG_CODIPERI,VARCHAR2,2,,,Y
SYSTEM,PRT_TASAREFEN,1,MONE_MONEDA,VARCHAR2,5,,,N
SYSTEM,PRT_TASAREFEN,2,PRTT_TIPOTASA,NUMBER,22,,,N
SYSTEM,PRT_TASAREFEN,3,FECHA,DATE,7,,,N
SYSTEM,PRT_TASAREFEN,4,TASA,NUMBER,22,7,2,N
SYSTEM,PRT_TASAREFEN,5,VIGENTE,VARCHAR2,1,,,N
SYSTEM,PRT_TASAREFEN,6,MAGEN,NUMBER,22,7,2,Y
SYSTEM,PRT_TASAREFEN,7,TASAMIN,NUMBER,22,7,2,N
SYSTEM,PRT_TASAREFEN,8,TASAMAX,NUMBER,22,7,2,N
SYSTEM,PRT_TASAREFEN,9,TPDC_TIPODOCU,VARCHAR2,2,,,N
SYSTEM,PRT_TASAREFEN,10,PRTC_TIPOCRED,VARCHAR2,1,,,N
SYSTEM,PRT_TASAREFEN,11,FECHCREA,DATE,7,,,N
SYSTEM,PRT_TASAREFEN,12,USUACREA,VARCHAR2,20,,,N
SYSTEM,PRT_TASAREFEN,13,FECHACTU,DATE,7,,,Y
SYSTEM,PRT_TASAREFEN,14,USUACTUA,VARCHAR2,20,,,Y
SYSTEM,PRT_TASAREFEN,15,DIASDESD,NUMBER,22,,,N
SYSTEM,PRT_TASAREFEN,16,DIASHAST,NUMBER,22,,,N
SYSTEM,PRT_TEMPREPO,1,TMPR_ID,NUMBER,22,10,0,N
SYSTEM,PRT_TEMPREPO,2,FECHA,DATE,7,,,N
SYSTEM,PRT_TEMPREPO,3,CODIGO,VARCHAR2,10,,,N
SYSTEM,PRT_TEMPREPO,4,ORDEN,NUMBER,22,,,Y
SYSTEM,PRT_TEMPREPO,5,DESCRIPC,VARCHAR2,500,,,N
SYSTEM,PRT_TEMPREPO,6,RHHS_CEDURUC,VARCHAR2,13,,,Y
SYSTEM,PRT_TEMPREPO,7,TIPO,VARCHAR2,10,,,Y
SYSTEM,PRT_TEMPREPO,8,NOMBREPO,VARCHAR2,20,,,Y
SYSTEM,PRT_TEMPREPO,9,USUACREA,VARCHAR2,20,,,N
SYSTEM,PRT_TEMPREPO,10,FECHCREA,DATE,7,,,N
SYSTEM,PRT_TEMPREPO,11,USUACTUA,VARCHAR2,20,,,Y
SYSTEM,PRT_TEMPREPO,12,FECHACTU,DATE,7,,,Y
SYSTEM,PRT_TEMPREPO,13,NUMBER1,NUMBER,22,,,Y
SYSTEM,PRT_TEMPREPO,14,NUMBER2,NUMBER,22,,,Y
SYSTEM,PRT_TEMPREPO,15,NUMBER3,NUMBER,22,,,Y
SYSTEM,PRT_TEMPREPO,16,NUMBER4,NUMBER,22,,,Y
SYSTEM,PRT_TEMPREPO,17,NUMBER5,NUMBER,22,,,Y
SYSTEM,PRT_TEMPREPO,18,NUMBER6,NUMBER,22,,,Y
SYSTEM,PRT_TEMPREPO,19,NUMBER7,NUMBER,22,,,Y
SYSTEM,PRT_TEMPREPO,20,NUMBER8,NUMBER,22,,,Y
SYSTEM,PRT_TEMPREPO,21,NUMBER9,NUMBER,22,,,Y
SYSTEM,PRT_TEMPREPO,22,NUMBER10,NUMBER,22,,,Y
SYSTEM,PRT_TEMPREPO,23,NUMBER11,NUMBER,22,,,Y
SYSTEM,PRT_TEMPREPO,24,NUMBER12,NUMBER,22,,,Y
SYSTEM,PRT_TEMPREPO,25,NUMBER13,NUMBER,22,,,Y
SYSTEM,PRT_TEMPREPO,26,NUMBER14,NUMBER,22,,,Y
SYSTEM,PRT_TEMPREPO,27,NUMBER15,NUMBER,22,,,Y
SYSTEM,PRT_TEMPREPO,28,NUMBER16,NUMBER,22,,,Y
SYSTEM,PRT_TEMPREPO,29,NUMBER17,NUMBER,22,,,Y
SYSTEM,PRT_TEMPREPO,30,NUMBER18,NUMBER,22,,,Y
SYSTEM,PRT_TEMPREPO,31,NUMBER19,NUMBER,22,,,Y
SYSTEM,PRT_TEMPREPO,32,NUMBER20,NUMBER,22,,,Y
SYSTEM,PRT_TEMPREPO,33,VCHAR1,VARCHAR2,500,,,Y
SYSTEM,PRT_TEMPREPO,34,VCHAR2,VARCHAR2,500,,,Y
SYSTEM,PRT_TEMPREPO,35,VCHAR3,VARCHAR2,500,,,Y
SYSTEM,PRT_TEMPREPO,36,VCHAR4,VARCHAR2,500,,,Y
SYSTEM,PRT_TEMPREPO,37,VCHAR5,VARCHAR2,500,,,Y
SYSTEM,PRT_TEMPREPO,38,VCHAR6,VARCHAR2,500,,,Y
SYSTEM,PRT_TEMPREPO,39,VCHAR7,VARCHAR2,500,,,Y
SYSTEM,PRT_TEMPREPO,40,VCHAR8,VARCHAR2,500,,,Y
SYSTEM,PRT_TEMPREPO,41,VCHAR9,VARCHAR2,500,,,Y
SYSTEM,PRT_TEMPREPO,42,VCHAR10,VARCHAR2,500,,,Y
SYSTEM,PRT_TIPOCAUSAL,1,TIPCASUA,VARCHAR2,10,,,N
SYSTEM,PRT_TIPOCAUSAL,2,DESCRIPC,VARCHAR2,200,,,N
SYSTEM,PRT_TIPOCAUSAL,3,INDIVIDUAL,VARCHAR2,1,,,N
SYSTEM,PRT_TIPOCAUSAL,4,GRUPAL,VARCHAR2,1,,,N
SYSTEM,PRT_TIPOCAUSAL,5,VCHAR1,VARCHAR2,400,,,Y
SYSTEM,PRT_TIPOCAUSAL,6,VCHAR2,VARCHAR2,400,,,Y
SYSTEM,PRT_TIPOCAUSAL,7,VCHAR3,VARCHAR2,400,,,Y
SYSTEM,PRT_TIPOCAUSAL,8,VCHAR4,VARCHAR2,400,,,Y
SYSTEM,PRT_TIPOCAUSAL,9,VCHAR5,VARCHAR2,400,,,Y
SYSTEM,PRT_TIPOCAUSAL,10,NUMBER1,NUMBER,22,,,Y
SYSTEM,PRT_TIPOCAUSAL,11,NUMBER2,NUMBER,22,,,Y
SYSTEM,PRT_TIPOCAUSAL,12,NUMBER3,NUMBER,22,,,Y
SYSTEM,PRT_TIPOCAUSAL,13,NUMBER4,NUMBER,22,,,Y
SYSTEM,PRT_TIPOCAUSAL,14,NUMBER5,NUMBER,22,,,Y
SYSTEM,PRT_TIPOCAUSAL,15,FECHCREA,DATE,7,,,N
SYSTEM,PRT_TIPOCAUSAL,16,USUACREA,VARCHAR2,20,,,N
SYSTEM,PRT_TIPOCAUSAL,17,FECHACTU,DATE,7,,,Y
SYSTEM,PRT_TIPOCAUSAL,18,USUACTUA,VARCHAR2,20,,,Y
SYSTEM,PRT_TIPOCAUSAL,19,TPDC_TIPODOCU,VARCHAR2,2,,,N
SYSTEM,PRT_TIPOCREDI,1,PRTC_TIPOCRED,VARCHAR2,1,,,Y
SYSTEM,PRT_TIPOCREDI,2,TIPOCRED,VARCHAR2,1,,,N
SYSTEM,PRT_TIPOCREDI,3,DESCRIPC,VARCHAR2,80,,,N
SYSTEM,PRT_TIPOCREDI,4,CREDITO,VARCHAR2,1,,,N
SYSTEM,PRT_TIPOCREDI,5,DISPONIB,VARCHAR2,1,,,N
SYSTEM,PRT_TIPOCREDI,6,FECHCREA,DATE,7,,,N
SYSTEM,PRT_TIPOCREDI,7,USUACREA,VARCHAR2,30,,,N
SYSTEM,PRT_TIPOCREDI,8,FECHACTU,DATE,7,,,Y
SYSTEM,PRT_TIPOCREDI,9,USUACTUA,VARCHAR2,30,,,Y
SYSTEM,PRT_TIPOCREDI,10,VCHAR1,VARCHAR2,500,,,Y
SYSTEM,PRT_TIPOCREDI,11,VCHAR2,VARCHAR2,500,,,Y
SYSTEM,PRT_TIPOCREDI,12,VCHAR3,VARCHAR2,500,,,Y
SYSTEM,PRT_TIPOCREDI,13,VCHAR4,VARCHAR2,500,,,Y
SYSTEM,PRT_TIPOCREDI,14,VCHAR5,VARCHAR2,500,,,Y
SYSTEM,PRT_TIPOPERA,1,FECHCREA,DATE,7,,,N
SYSTEM,PRT_TIPOPERA,2,USUACREA,VARCHAR2,30,,,N
SYSTEM,PRT_TIPOPERA,3,FECHACTU,DATE,7,,,Y
SYSTEM,PRT_TIPOPERA,4,USUACTUA,VARCHAR2,30,,,Y
SYSTEM,PRT_TIPOPERA,5,PRODUCTO,VARCHAR2,240,,,Y
SYSTEM,PRT_TIPOPERA,6,DESCRIPC,VARCHAR2,80,,,N
SYSTEM,PRT_TIPOPERA,7,DISPONIB,VARCHAR2,1,,,N
SYSTEM,PRT_TIPOPERA,8,TIPOPER,VARCHAR2,10,,,N
SYSTEM,PRT_TIPORECA,1,CODIGAST,VARCHAR2,10,,,N
SYSTEM,PRT_TIPORECA,2,PORCERTA,NUMBER,22,10,4,N
SYSTEM,PRT_TIPORECA,3,MONTO,NUMBER,22,22,4,N
SYSTEM,PRT_TIPORECA,4,DESCRIPC,VARCHAR2,100,,,N
SYSTEM,PRT_TIPORECA,5,VIGENTE,VARCHAR2,1,,,N
SYSTEM,PRT_TIPORECA,6,CALCULA,VARCHAR2,1,,,N
SYSTEM,PRT_TIPORECA,7,FECHCREA,DATE,7,,,N
SYSTEM,PRT_TIPORECA,8,USUACREA,VARCHAR2,30,,,N
SYSTEM,PRT_TIPORECA,9,USUACTUA,VARCHAR2,30,,,Y
SYSTEM,PRT_TIPORECA,10,FECHACTU,DATE,7,,,Y
SYSTEM,PRT_TIPORIES,1,CODIGO,VARCHAR2,2,,,N
SYSTEM,PRT_TIPORIES,2,DESCRIPC,VARCHAR2,100,,,N
SYSTEM,PRT_TIPORIES,3,FECHCREA,DATE,7,,,N
SYSTEM,PRT_TIPORIES,4,USUACREA,VARCHAR2,30,,,N
SYSTEM,PRT_TIPORIES,5,FECHACTU,DATE,7,,,Y
SYSTEM,PRT_TIPORIES,6,USUACTUA,VARCHAR2,30,,,Y
SYSTEM,PRT_TIPORIES,7,RANGOI,NUMBER,22,15,5,N
SYSTEM,PRT_TIPORIES,8,RANGOF,NUMBER,22,15,5,N
SYSTEM,PRT_TIPORIES,9,REFINANCIA,VARCHAR2,1,,,N
SYSTEM,PRT_TIPORIES,10,REESTRUCTURA,VARCHAR2,1,,,N
SYSTEM,PRT_TIPOTASA,1,TIPOTASA,NUMBER,22,,,N
SYSTEM,PRT_TIPOTASA,2,NOMBRE,VARCHAR2,80,,,Y
SYSTEM,PRT_TIPOTASA,3,DISPONIB,VARCHAR2,1,,,Y
SYSTEM,PRT_TIPOTASA,4,FECHCREA,DATE,7,,,N
SYSTEM,PRT_TIPOTASA,5,USUACREA,VARCHAR2,20,,,N
SYSTEM,PRT_TIPOTASA,6,FECHACTU,DATE,7,,,Y
SYSTEM,PRT_TIPOTASA,7,USUACTUA,VARCHAR2,20,,,Y
SYSTEM,PRT_TRANSBANCA,1,RHHS_CEDURUC,VARCHAR2,13,,,Y
SYSTEM,PRT_TRANSBANCA,2,NUMEOPER,NUMBER,22,,,N
SYSTEM,PRT_TRANSBANCA,3,PCBN_CODIGRUP,VARCHAR2,10,,,N
SYSTEM,PRT_TRANSBANCA,4,PCBN_CODIGO,VARCHAR2,30,,,N
SYSTEM,PRT_TRANSBANCA,5,NUMERO,NUMBER,22,10,0,N
SYSTEM,PRT_TRANSBANCA,6,TPDC_TIPODOCU,VARCHAR2,2,,,N
SYSTEM,PRT_TRANSBANCA,7,EGEN_ESTADO,VARCHAR2,2,,,N
SYSTEM,PRT_TRANSBANCA,8,TCSL_TIPCASUA,VARCHAR2,10,,,N
SYSTEM,PRT_TRANSBANCA,9,FECHA,DATE,7,,,N
SYSTEM,PRT_TRANSBANCA,10,CICLO,NUMBER,22,5,0,N
SYSTEM,PRT_TRANSBANCA,11,BENEFICI,VARCHAR2,300,,,Y
SYSTEM,PRT_TRANSBANCA,12,IMPORTE,NUMBER,22,22,4,N
SYSTEM,PRT_TRANSBANCA,13,DESCRIPC,VARCHAR2,4000,,,N
SYSTEM,PRT_TRANSBANCA,14,FECHEMIS,DATE,7,,,N
SYSTEM,PRT_TRANSBANCA,15,FECHVCTO,DATE,7,,,Y
SYSTEM,PRT_TRANSBANCA,16,INTERES,NUMBER,22,22,4,N
SYSTEM,PRT_TRANSBANCA,17,MONE_MONEDA,VARCHAR2,5,,,N
SYSTEM,PRT_TRANSBANCA,18,CLTE_COMPANIA,VARCHAR2,10,,,Y
SYSTEM,PRT_TRANSBANCA,19,CLTE_IDCLIENTE,NUMBER,22,10,0,Y
SYSTEM,PRT_TRANSBANCA,20,ENTREGA,VARCHAR2,1,,,N
SYSTEM,PRT_TRANSBANCA,21,OBS,VARCHAR2,2000,,,Y
SYSTEM,PRT_TRANSBANCA,22,FECHCONC,DATE,7,,,Y
SYSTEM,PRT_TRANSBANCA,23,IMPRESO,VARCHAR2,1,,,N
SYSTEM,PRT_TRANSBANCA,24,VALOMONE,NUMBER,22,15,2,Y
SYSTEM,PRT_TRANSBANCA,25,FECHENTR,DATE,7,,,Y
SYSTEM,PRT_TRANSBANCA,26,FEDEPTRA,DATE,7,,,Y
SYSTEM,PRT_TRANSBANCA,27,REFER,VARCHAR2,30,,,Y
SYSTEM,PRT_TRANSBANCA,28,CONCILIA,VARCHAR2,1,,,N
SYSTEM,PRT_TRANSBANCA,29,CODISEGU,VARCHAR2,20,,,Y
SYSTEM,PRT_TRANSBANCA,30,TASA,NUMBER,22,10,4,Y
SYSTEM,PRT_TRANSBANCA,31,CAPITAL,NUMBER,22,22,4,Y
SYSTEM,PRT_TRANSBANCA,32,VCHAR1,VARCHAR2,500,,,Y
SYSTEM,PRT_TRANSBANCA,33,VCHAR2,VARCHAR2,500,,,Y
SYSTEM,PRT_TRANSBANCA,34,VCHAR3,VARCHAR2,500,,,Y
SYSTEM,PRT_TRANSBANCA,35,VCHAR4,VARCHAR2,500,,,Y
SYSTEM,PRT_TRANSBANCA,36,VCHAR5,VARCHAR2,500,,,Y
SYSTEM,PRT_TRANSBANCA,37,NUMBER1,NUMBER,22,,,Y
SYSTEM,PRT_TRANSBANCA,38,NUMBER2,NUMBER,22,,,Y
SYSTEM,PRT_TRANSBANCA,39,NUMBER3,NUMBER,22,,,Y
SYSTEM,PRT_TRANSBANCA,40,NUMBER4,NUMBER,22,,,Y
SYSTEM,PRT_TRANSBANCA,41,NUMBER5,NUMBER,22,,,Y
SYSTEM,PRT_TRANSBANCA,42,USUACREA,VARCHAR2,20,,,N
SYSTEM,PRT_TRANSBANCA,43,FECHCREA,DATE,7,,,N
SYSTEM,PRT_TRANSBANCA,44,FECHACTU,DATE,7,,,Y
SYSTEM,PRT_TRANSBANCA,45,USUACTUA,VARCHAR2,20,,,Y
SYSTEM,PRT_TRANSINDIV,1,PTBN_NUMEOPER,NUMBER,22,,,N
SYSTEM,PRT_TRANSINDIV,2,NUMERO,NUMBER,22,,,N
SYSTEM,PRT_TRANSINDIV,3,FECHA,DATE,7,,,N
SYSTEM,PRT_TRANSINDIV,4,BENEFICI,VARCHAR2,300,,,Y
SYSTEM,PRT_TRANSINDIV,5,IMPORTE,NUMBER,22,15,2,N
SYSTEM,PRT_TRANSINDIV,6,DESCRIPC,VARCHAR2,1000,,,Y
SYSTEM,PRT_TRANSINDIV,7,FECHCONC,DATE,7,,,Y
SYSTEM,PRT_TRANSINDIV,8,IMPRESO,VARCHAR2,1,,,N
SYSTEM,PRT_TRANSINDIV,9,VALOMONE,NUMBER,22,15,2,Y
SYSTEM,PRT_TRANSINDIV,10,FEDEPTRA,DATE,7,,,Y
SYSTEM,PRT_TRANSINDIV,11,OBS,VARCHAR2,2000,,,Y
SYSTEM,PRT_TRANSINDIV,12,ENTREGA,VARCHAR2,1,,,N
SYSTEM,PRT_TRANSINDIV,13,USUAENTR,VARCHAR2,20,,,Y
SYSTEM,PRT_TRANSINDIV,14,FECHENTR,DATE,7,,,Y
SYSTEM,PRT_TRANSINDIV,15,REFER,VARCHAR2,30,,,Y
SYSTEM,PRT_TRANSINDIV,16,CODISEGU,VARCHAR2,20,,,Y
SYSTEM,PRT_TRANSINDIV,17,EGEN_ESTADO,VARCHAR2,2,,,N
SYSTEM,PRT_TRANSINDIV,18,MONE_MONEDA,VARCHAR2,5,,,N
SYSTEM,PRT_TRANSINDIV,19,TCSL_TIPCASUA,VARCHAR2,10,,,N
SYSTEM,PRT_TRANSINDIV,20,VCHAR1,VARCHAR2,500,,,Y
SYSTEM,PRT_TRANSINDIV,21,VCHAR2,VARCHAR2,500,,,Y
SYSTEM,PRT_TRANSINDIV,22,VCHAR3,VARCHAR2,500,,,Y
SYSTEM,PRT_TRANSINDIV,23,VCHAR4,VARCHAR2,500,,,Y
SYSTEM,PRT_TRANSINDIV,24,VCHAR5,VARCHAR2,500,,,Y
SYSTEM,PRT_TRANSINDIV,25,NUMBER1,NUMBER,22,,,Y
SYSTEM,PRT_TRANSINDIV,26,NUMBER2,NUMBER,22,,,Y
SYSTEM,PRT_TRANSINDIV,27,NUMBER3,NUMBER,22,,,Y
SYSTEM,PRT_TRANSINDIV,28,NUMBER4,NUMBER,22,,,Y
SYSTEM,PRT_TRANSINDIV,29,NUMBER5,NUMBER,22,,,Y
SYSTEM,PRT_TRANSINDIV,30,FECHCREA,DATE,7,,,N
SYSTEM,PRT_TRANSINDIV,31,USUACREA,VARCHAR2,20,,,N
SYSTEM,PRT_TRANSINDIV,32,FECHACTU,DATE,7,,,Y
SYSTEM,PRT_TRANSINDIV,33,USUACTUA,VARCHAR2,20,,,Y
SYSTEM,PRT_TRANSINDIV,34,TPDC_TIPODOCU,VARCHAR2,2,,,N
SYSTEM,PRT_TRANSINDIV,35,RBAN_RBAN_ID,NUMBER,22,10,0,N
SYSTEM,PRT_VENCIDOS,1,NUMECUOT,NUMBER,22,3,0,N
SYSTEM,PRT_VENCIDOS,2,TASA,NUMBER,22,7,4,N
SYSTEM,PRT_VENCIDOS,3,RANGVENC,VARCHAR2,4,,,N
SYSTEM,PRT_VENCIDOS,4,RANGNUEV,VARCHAR2,4,,,N
SYSTEM,PRT_VENCIDOS,5,TIPOCRE,VARCHAR2,2,,,N
SYSTEM,PRT_VENCIDOS,6,FECHA,DATE,7,,,N
SYSTEM,PRT_VENCIDOS,7,CAPITAL,NUMBER,22,22,4,N
SYSTEM,PRT_VENCIDOS,8,INTERES,NUMBER,22,22,4,N
SYSTEM,PRT_VENCIDOS,9,INPERENT,NUMBER,22,22,4,N
SYSTEM,PRT_VENCIDOS,10,USUACREA,VARCHAR2,20,,,N
SYSTEM,PRT_VENCIDOS,11,FECHCREA,DATE,7,,,N
SYSTEM,PRT_VENCIDOS,12,USUACTUA,VARCHAR2,20,,,Y
SYSTEM,PRT_VENCIDOS,13,FECHACTU,DATE,7,,,Y
SYSTEM,PRT_VENCIDOS,14,PRTM_COMPANIA,VARCHAR2,10,,,N
SYSTEM,PRT_VENCIDOS,15,PRTM_TIPODOCU,VARCHAR2,2,,,N
SYSTEM,PRT_VENCIDOS,16,PRTM_NUMERO,NUMBER,22,,,N
SYSTEM,PRT_VENCIDOS,17,PRTM_OFICINA,VARCHAR2,3,,,N
SYSTEM,PRT_ZONAS,1,CODIZONA,VARCHAR2,10,,,N
SYSTEM,PRT_ZONAS,2,NOMBRE,VARCHAR2,100,,,Y
SYSTEM,PRT_ZONAS,3,DESCRIPC,VARCHAR2,500,,,Y
SYSTEM,PRT_ZONAS,4,VIGENTE,VARCHAR2,1,,,Y
SYSTEM,PRT_ZONAS,5,USUACREA,VARCHAR2,20,,,N
SYSTEM,PRT_ZONAS,6,FECHCREA,DATE,7,,,N
SYSTEM,PRT_ZONAS,7,USUACTUA,VARCHAR2,20,,,Y
SYSTEM,PRT_ZONAS,8,FECHACTU,DATE,7,,,Y
SYSTEM,PRT_ZONAS,9,VCHAR1,VARCHAR2,500,,,Y
SYSTEM,PRT_ZONAS,10,VCHAR2,VARCHAR2,500,,,Y
SYSTEM,PRT_ZONAS,11,VCHAR3,VARCHAR2,500,,,Y
SYSTEM,PRT_ZONAS,12,VCHAR4,VARCHAR2,500,,,Y
SYSTEM,PRT_ZONAS,13,VCHAR5,VARCHAR2,500,,,Y
SYSTEM,PRT_ZONAS,14,NUMBER1,NUMBER,22,,,Y
SYSTEM,PRT_ZONAS,15,NUMBER2,NUMBER,22,,,Y
SYSTEM,PRT_ZONAS,16,NUMBER3,NUMBER,22,,,Y
SYSTEM,PRT_ZONAS,17,NUMBER4,NUMBER,22,,,Y
SYSTEM,PRT_ZONAS,18,NUMBER5,NUMBER,22,,,Y
SYSTEM,REDO_DB,1,DBID,NUMBER,22,,,N
SYSTEM,REDO_DB,2,GLOBAL_DBNAME,VARCHAR2,129,,,Y
SYSTEM,REDO_DB,3,DBUNAME,VARCHAR2,32,,,Y
SYSTEM,REDO_DB,4,VERSION,VARCHAR2,32,,,Y
SYSTEM,REDO_DB,5,THREAD#,NUMBER,22,,,N
SYSTEM,REDO_DB,6,RESETLOGS_SCN_BAS,NUMBER,22,,,Y
SYSTEM,REDO_DB,7,RESETLOGS_SCN_WRP,NUMBER,22,,,Y
SYSTEM,REDO_DB,8,RESETLOGS_TIME,NUMBER,22,,,N
SYSTEM,REDO_DB,9,PRESETLOGS_SCN_BAS,NUMBER,22,,,Y
SYSTEM,REDO_DB,10,PRESETLOGS_SCN_WRP,NUMBER,22,,,Y
SYSTEM,REDO_DB,11,PRESETLOGS_TIME,NUMBER,22,,,N
SYSTEM,REDO_DB,12,SEQNO_RCV_CUR,NUMBER,22,,,Y
SYSTEM,REDO_DB,13,SEQNO_RCV_LO,NUMBER,22,,,Y
SYSTEM,REDO_DB,14,SEQNO_RCV_HI,NUMBER,22,,,Y
SYSTEM,REDO_DB,15,SEQNO_DONE_CUR,NUMBER,22,,,Y
SYSTEM,REDO_DB,16,SEQNO_DONE_LO,NUMBER,22,,,Y
SYSTEM,REDO_DB,17,SEQNO_DONE_HI,NUMBER,22,,,Y
SYSTEM,REDO_DB,18,GAP_SEQNO,NUMBER,22,,,Y
SYSTEM,REDO_DB,19,GAP_RET,NUMBER,22,,,Y
SYSTEM,REDO_DB,20,GAP_DONE,NUMBER,22,,,Y
SYSTEM,REDO_DB,21,APPLY_SEQNO,NUMBER,22,,,Y
SYSTEM,REDO_DB,22,APPLY_DONE,NUMBER,22,,,Y
SYSTEM,REDO_DB,23,PURGE_DONE,NUMBER,22,,,Y
SYSTEM,REDO_DB,24,HAS_CHILD,NUMBER,22,,,Y
SYSTEM,REDO_DB,25,ERROR1,NUMBER,22,,,Y
SYSTEM,REDO_DB,26,STATUS,NUMBER,22,,,Y
SYSTEM,REDO_DB,27,CREATE_DATE,DATE,7,,,Y
SYSTEM,REDO_DB,28,TS1,NUMBER,22,,,Y
SYSTEM,REDO_DB,29,TS2,NUMBER,22,,,Y
SYSTEM,REDO_DB,30,GAP_NEXT_SCN,NUMBER,22,,,Y
SYSTEM,REDO_DB,31,GAP_NEXT_TIME,NUMBER,22,,,Y
SYSTEM,REDO_DB,32,CURSCN_TIME,NUMBER,22,,,Y
SYSTEM,REDO_DB,33,RESETLOGS_SCN,NUMBER,22,,,N
SYSTEM,REDO_DB,34,PRESETLOGS_SCN,NUMBER,22,,,N
SYSTEM,REDO_DB,35,GAP_RET2,NUMBER,22,,,Y
SYSTEM,REDO_DB,36,CURLOG,NUMBER,22,,,Y
SYSTEM,REDO_DB,37,ENDIAN,NUMBER,22,,,Y
SYSTEM,REDO_DB,38,ENQIDX,NUMBER,22,,,Y
SYSTEM,REDO_DB,39,SPARE4,NUMBER,22,,,Y
SYSTEM,REDO_DB,40,SPARE5,DATE,7,,,Y
SYSTEM,REDO_DB,41,SPARE6,VARCHAR2,65,,,Y
SYSTEM,REDO_DB,42,SPARE7,VARCHAR2,129,,,Y
SYSTEM,REDO_DB,43,TS3,NUMBER,22,,,Y
SYSTEM,REDO_DB,44,CURBLKNO,NUMBER,22,,,Y
SYSTEM,REDO_DB,45,SPARE8,NUMBER,22,,,Y
SYSTEM,REDO_DB,46,SPARE9,NUMBER,22,,,Y
SYSTEM,REDO_DB,47,SPARE10,NUMBER,22,,,Y
SYSTEM,REDO_DB,48,SPARE11,NUMBER,22,,,Y
SYSTEM,REDO_DB,49,SPARE12,NUMBER,22,,,Y
SYSTEM,REDO_DB,50,TENANT_KEY,NUMBER,22,,,N
SYSTEM,REDO_LOG,1,DBID,NUMBER,22,,,N
SYSTEM,REDO_LOG,2,GLOBAL_DBNAME,VARCHAR2,129,,,Y
SYSTEM,REDO_LOG,3,DBUNAME,VARCHAR2,32,,,Y
SYSTEM,REDO_LOG,4,VERSION,VARCHAR2,32,,,Y
SYSTEM,REDO_LOG,5,THREAD#,NUMBER,22,,,N
SYSTEM,REDO_LOG,6,RESETLOGS_SCN_BAS,NUMBER,22,,,Y
SYSTEM,REDO_LOG,7,RESETLOGS_SCN_WRP,NUMBER,22,,,Y
SYSTEM,REDO_LOG,8,RESETLOGS_TIME,NUMBER,22,,,N
SYSTEM,REDO_LOG,9,PRESETLOGS_SCN_BAS,NUMBER,22,,,Y
SYSTEM,REDO_LOG,10,PRESETLOGS_SCN_WRP,NUMBER,22,,,Y
SYSTEM,REDO_LOG,11,PRESETLOGS_TIME,NUMBER,22,,,N
SYSTEM,REDO_LOG,12,SEQUENCE#,NUMBER,22,,,N
SYSTEM,REDO_LOG,13,DUPID,NUMBER,22,,,Y
SYSTEM,REDO_LOG,14,STATUS1,NUMBER,22,,,Y
SYSTEM,REDO_LOG,15,STATUS2,NUMBER,22,,,Y
SYSTEM,REDO_LOG,16,CREATE_TIME,VARCHAR2,32,,,Y
SYSTEM,REDO_LOG,17,CLOSE_TIME,VARCHAR2,32,,,Y
SYSTEM,REDO_LOG,18,DONE_TIME,VARCHAR2,32,,,Y
SYSTEM,REDO_LOG,19,FIRST_SCN_BAS,NUMBER,22,,,Y
SYSTEM,REDO_LOG,20,FIRST_SCN_WRP,NUMBER,22,,,Y
SYSTEM,REDO_LOG,21,FIRST_TIME,NUMBER,22,,,Y
SYSTEM,REDO_LOG,22,NEXT_SCN_BAS,NUMBER,22,,,Y
SYSTEM,REDO_LOG,23,NEXT_SCN_WRP,NUMBER,22,,,Y
SYSTEM,REDO_LOG,24,NEXT_TIME,NUMBER,22,,,Y
SYSTEM,REDO_LOG,25,FIRST_SCN,NUMBER,22,,,Y
SYSTEM,REDO_LOG,26,NEXT_SCN,NUMBER,22,,,Y
SYSTEM,REDO_LOG,27,RESETLOGS_SCN,NUMBER,22,,,N
SYSTEM,REDO_LOG,28,BLOCKS,NUMBER,22,,,Y
SYSTEM,REDO_LOG,29,BLOCK_SIZE,NUMBER,22,,,Y
SYSTEM,REDO_LOG,30,OLD_BLOCKS,NUMBER,22,,,Y
SYSTEM,REDO_LOG,31,CREATE_DATE,DATE,7,,,Y
SYSTEM,REDO_LOG,32,ERROR1,NUMBER,22,,,Y
SYSTEM,REDO_LOG,33,ERROR2,NUMBER,22,,,Y
SYSTEM,REDO_LOG,34,FILENAME,VARCHAR2,513,,,Y
SYSTEM,REDO_LOG,35,TS1,NUMBER,22,,,Y
SYSTEM,REDO_LOG,36,TS2,NUMBER,22,,,Y
SYSTEM,REDO_LOG,37,ENDIAN,NUMBER,22,,,Y
SYSTEM,REDO_LOG,38,SPARE2,NUMBER,22,,,Y
SYSTEM,REDO_LOG,39,SPARE3,NUMBER,22,,,Y
SYSTEM,REDO_LOG,40,SPARE4,NUMBER,22,,,Y
SYSTEM,REDO_LOG,41,SPARE5,DATE,7,,,Y
SYSTEM,REDO_LOG,42,SPARE6,VARCHAR2,65,,,Y
SYSTEM,REDO_LOG,43,SPARE7,VARCHAR2,129,,,Y
SYSTEM,REDO_LOG,44,TS3,NUMBER,22,,,Y
SYSTEM,REDO_LOG,45,PRESETLOGS_SCN,NUMBER,22,,,N
SYSTEM,REDO_LOG,46,SPARE8,NUMBER,22,,,Y
SYSTEM,REDO_LOG,47,SPARE9,NUMBER,22,,,Y
SYSTEM,REDO_LOG,48,SPARE10,NUMBER,22,,,Y
SYSTEM,REDO_LOG,49,OLD_STATUS1,NUMBER,22,,,Y
SYSTEM,REDO_LOG,50,OLD_STATUS2,NUMBER,22,,,Y
SYSTEM,REDO_LOG,51,OLD_FILENAME,VARCHAR2,513,,,Y
SYSTEM,REDO_LOG,52,TENANT_KEY,NUMBER,22,,,N
SYSTEM,REPL_SUPPORT_MATRIX,1,FEATURE_NAME,VARCHAR2,100,,,Y
SYSTEM,REPL_SUPPORT_MATRIX,2,REASON_CODE,NUMBER,22,,,Y
SYSTEM,REPL_SUPPORT_MATRIX,3,BMAP1,NUMBER,22,,,N
SYSTEM,REPL_SUPPORT_MATRIX,4,BMAP2,NUMBER,22,,,N
SYSTEM,REPL_SUPPORT_MATRIX,5,REPL_PRODUCT,NUMBER,22,,,N
SYSTEM,REPL_SUPPORT_MATRIX,6,SUPPORT_MODE,NUMBER,22,,,N
SYSTEM,REPL_SUPPORT_MATRIX,7,MIN_COMPAT,NUMBER,22,,,Y
SYSTEM,REPL_SUPPORT_MATRIX,8,MAX_COMPAT,NUMBER,22,,,Y
SYSTEM,REPL_VALID_COMPAT,1,COMPAT,NUMBER,22,,,Y
SYSTEM,RHH_ACTIFIJA,1,FRCS_TIEMPODIAS,NUMBER,22,4,0,N
SYSTEM,RHH_ACTIFIJA,2,ACFIA_ID,NUMBER,22,10,0,N
SYSTEM,RHH_ACTIFIJA,3,DESCRIPC,VARCHAR2,300,,,N
SYSTEM,RHH_ACTIFIJA,4,COMPLEJI,VARCHAR2,5,,,N
SYSTEM,RHH_ACTIFIJA,5,PRIORIDA,VARCHAR2,1,,,N
SYSTEM,RHH_ACTIFIJA,6,META,NUMBER,22,3,0,Y
SYSTEM,RHH_ACTIFIJA,7,OBSERVAC,VARCHAR2,200,,,Y
SYSTEM,RHH_ACTIFIJA,8,USUACREA,VARCHAR2,20,,,N
SYSTEM,RHH_ACTIFIJA,9,FECHCREA,DATE,7,,,N
SYSTEM,RHH_ACTIFIJA,10,USUATUA,VARCHAR2,20,,,Y
SYSTEM,RHH_ACTIFIJA,11,FECHACTU,DATE,7,,,Y
SYSTEM,RHH_ACTIFIJA,12,PRAC_CODIGO,VARCHAR2,4,,,N
SYSTEM,RHH_ACTIFIJA,13,FNCI_CODIGO,VARCHAR2,6,,,N
SYSTEM,RHH_ACTIFIJA,14,UMED_UNIDMEDI,VARCHAR2,5,,,N
SYSTEM,RHH_ACTIFIJA,15,TIEMUNID,NUMBER,22,5,2,Y
SYSTEM,RHH_ACTIFIJA,16,FECHINIC,DATE,7,,,Y
SYSTEM,RHH_ADICIONALES,1,ADIC_ID,NUMBER,22,10,0,N
SYSTEM,RHH_ADICIONALES,2,RHHS_CEDURUC,VARCHAR2,13,,,N
SYSTEM,RHH_ADICIONALES,3,NUMEHORA,NUMBER,22,,,N
SYSTEM,RHH_ADICIONALES,4,DESCRIP,VARCHAR2,50,,,N
SYSTEM,RHH_ADICIONALES,5,FECHCREA,DATE,7,,,N
SYSTEM,RHH_ADICIONALES,6,USUCREA,VARCHAR2,20,,,N
SYSTEM,RHH_ADICIONALES,7,FECHA,DATE,7,,,N
SYSTEM,RHH_ADICIONALES,8,VALOR,NUMBER,22,16,4,N
SYSTEM,RHH_ADICIONALES,9,FECHACTU,DATE,7,,,Y
SYSTEM,RHH_ADICIONALES,10,USUACTUA,VARCHAR2,20,,,Y
SYSTEM,RHH_ADICIONALES,11,HEXT_TIPOHORA,NUMBER,22,3,0,Y
SYSTEM,RHH_ADICIONALES,12,HRES_HRES_ID,NUMBER,22,10,0,Y
SYSTEM,RHH_ADICIONALES,13,FECHSALI,DATE,7,,,Y
SYSTEM,RHH_ALCACOMI,1,DESCRIP,VARCHAR2,240,,,Y
SYSTEM,RHH_ALCACOMI,2,FECHCREA,DATE,7,,,N
SYSTEM,RHH_ALCACOMI,3,FECHATUA,DATE,7,,,Y
SYSTEM,RHH_ALCACOMI,4,USUACREA,VARCHAR2,20,,,N
SYSTEM,RHH_ALCACOMI,5,USUACTUA,VARCHAR2,20,,,Y
SYSTEM,RHH_ALCACOMI,6,ARTL_CLASE,VARCHAR2,20,,,N
SYSTEM,RHH_ALCACOMI,7,ARTL_COMPANIA,VARCHAR2,10,,,N
SYSTEM,RHH_ALCACOMI,8,ARTL_CODIGRUP,VARCHAR2,20,,,N
SYSTEM,RHH_ALCACOMI,9,ARTL_ARTICULO,VARCHAR2,30,,,N
SYSTEM,RHH_ALCACOMI,10,CLCM_CODIGO,VARCHAR2,6,,,N
SYSTEM,RHH_AUDPROV,1,APVA_ID,NUMBER,22,10,0,N
SYSTEM,RHH_AUDPROV,2,VALOR,NUMBER,22,18,6,N
SYSTEM,RHH_AUDPROV,3,FECHINGR,DATE,7,,,Y
SYSTEM,RHH_AUDPROV,4,FECHSALI,DATE,7,,,Y
SYSTEM,RHH_AUDPROV,5,CTACTIV,VARCHAR2,20,,,Y
SYSTEM,RHH_AUDPROV,6,IDBANCO,VARCHAR2,20,,,Y
SYSTEM,RHH_AUDPROV,7,TIPOCTA,VARCHAR2,2,,,Y
SYSTEM,RHH_AUDPROV,8,PROVIS,VARCHAR2,2,,,Y
SYSTEM,RHH_AUDPROV,9,TIPOPAGO,VARCHAR2,20,,,Y
SYSTEM,RHH_AUDPROV,10,USUACREA,VARCHAR2,20,,,N
SYSTEM,RHH_AUDPROV,11,FECHCREA,DATE,7,,,N
SYSTEM,RHH_AUDPROV,12,USUACTUA,VARCHAR2,20,,,Y
SYSTEM,RHH_AUDPROV,13,FECHACTU,DATE,7,,,Y
SYSTEM,RHH_AUDPROV,14,ASTO_COMPANIA,VARCHAR2,10,,,Y
SYSTEM,RHH_AUDPROV,15,ASTO_NUMEDIAR,NUMBER,22,10,0,Y
SYSTEM,RHH_AUDPROV,16,FECHINIC,DATE,7,,,Y
SYSTEM,RHH_AUDPROV,17,FECHFINA,DATE,7,,,Y
SYSTEM,RHH_AUDPROV,18,FECHPAGO,DATE,7,,,Y
SYSTEM,RHH_BIOMETRI,1,REGISTRO,VARCHAR2,4000,,,N
SYSTEM,RHH_BIOMETRI,2,OLBIGA,VARCHAR2,1,,,N
SYSTEM,RHH_BIOMETRI,3,CLAVE,VARCHAR2,10,,,Y
SYSTEM,RHH_BIOMETRI,4,USUACREA,VARCHAR2,20,,,N
SYSTEM,RHH_BIOMETRI,5,FECHCREA,DATE,7,,,N
SYSTEM,RHH_BIOMETRI,6,USUACTUA,VARCHAR2,20,,,Y
SYSTEM,RHH_BIOMETRI,7,FECHACTU,DATE,7,,,Y
SYSTEM,RHH_BIOMETRI,8,RHHS_CEDURUC,VARCHAR2,13,,,N
SYSTEM,RHH_CARGFAMI,1,RHHS_CEDURUC,VARCHAR2,13,,,N
SYSTEM,RHH_CARGFAMI,2,CEDULA,VARCHAR2,13,,,Y
SYSTEM,RHH_CARGFAMI,3,TIPA_TIPOPARA,VARCHAR2,2,,,N
SYSTEM,RHH_CARGFAMI,4,NOMBRE,VARCHAR2,40,,,N
SYSTEM,RHH_CARGFAMI,5,FECHNACI,DATE,7,,,N
SYSTEM,RHH_CARGFAMI,6,FECHCREA,DATE,7,,,N
SYSTEM,RHH_CARGFAMI,7,USUACREA,VARCHAR2,20,,,N
SYSTEM,RHH_CARGFAMI,8,FECHACTU,DATE,7,,,Y
SYSTEM,RHH_CARGFAMI,9,USUACTUA,VARCHAR2,20,,,Y
SYSTEM,RHH_CARGFAMI,10,CGFM_ID,NUMBER,22,10,0,N
SYSTEM,RHH_CLACCOMI,1,CODIGO,VARCHAR2,6,,,N
SYSTEM,RHH_CLACCOMI,2,NOMBRE,VARCHAR2,60,,,N
SYSTEM,RHH_CLACCOMI,3,FECHA,DATE,7,,,N
SYSTEM,RHH_CLACCOMI,4,DESCRIP,VARCHAR2,100,,,Y
SYSTEM,RHH_CLACCOMI,5,ESPECIAL,VARCHAR2,1,,,N
SYSTEM,RHH_CLACCOMI,6,FECHACREA,DATE,7,,,N
SYSTEM,RHH_CLACCOMI,7,FECHACTU,DATE,7,,,Y
SYSTEM,RHH_CLACCOMI,8,USUACREA,VARCHAR2,20,,,N
SYSTEM,RHH_CLACCOMI,9,USUACTUA,VARCHAR2,20,,,Y
SYSTEM,RHH_COMIGENE,1,CMGN_ID,NUMBER,22,10,0,N
SYSTEM,RHH_COMIGENE,2,OBSERV,VARCHAR2,80,,,Y
SYSTEM,RHH_COMIGENE,3,COMIPORC,NUMBER,22,6,4,N
SYSTEM,RHH_COMIGENE,4,FECHCREA,DATE,7,,,N
SYSTEM,RHH_COMIGENE,5,USUACREA,VARCHAR2,20,,,N
SYSTEM,RHH_COMIGENE,6,FECHACTU,DATE,7,,,Y
SYSTEM,RHH_COMIGENE,7,USUACTUA,VARCHAR2,20,,,Y
SYSTEM,RHH_COMIGENE,8,PRCM_ID,NUMBER,22,10,0,N
SYSTEM,RHH_CONTCARG,1,CNCR_ID,NUMBER,22,10,0,N
SYSTEM,RHH_CONTCARG,2,FECHA,DATE,7,,,N
SYSTEM,RHH_CONTCARG,3,OBSERVAC,VARCHAR2,200,,,Y
SYSTEM,RHH_CONTCARG,4,VIGENTE,VARCHAR2,1,,,N
SYSTEM,RHH_CONTCARG,5,USUACREA,VARCHAR2,20,,,N
SYSTEM,RHH_CONTCARG,6,FECHCREA,DATE,7,,,N
SYSTEM,RHH_CONTCARG,7,USUACTUA,VARCHAR2,20,,,Y
SYSTEM,RHH_CONTCARG,8,FECHACTU,DATE,7,,,Y
SYSTEM,RHH_CONTCARG,9,RLOF_CARGO_CNTRL,VARCHAR2,4,,,Y
SYSTEM,RHH_CONTCARG,10,RLOF_COMPANIA__CNTRL,VARCHAR2,10,,,Y
SYSTEM,RHH_CONTCARG,11,RLOF_OFICINA__CNTRL,VARCHAR2,3,,,Y
SYSTEM,RHH_CONTCARG,12,RLOF_OFICINA,VARCHAR2,3,,,Y
SYSTEM,RHH_CONTCARG,13,RLOF_COMPANIA,VARCHAR2,10,,,Y
SYSTEM,RHH_CONTCARG,14,RLOF_CARGO,VARCHAR2,4,,,Y
SYSTEM,RHH_CONTCARG,15,NUMECARG,NUMBER,22,25,5,N
SYSTEM,RHH_CONTCARG,16,GASTMAXI,NUMBER,22,25,5,N
SYSTEM,RHH_CONTCARG,17,PORCGAST,NUMBER,22,25,5,N
SYSTEM,RHH_CREDITOS,1,RHHS_CEDURUC,VARCHAR2,13,,,N
SYSTEM,RHH_CREDITOS,2,CRED_ID,NUMBER,22,10,0,N
SYSTEM,RHH_CREDITOS,3,INTERES,NUMBER,22,16,2,Y
SYSTEM,RHH_CREDITOS,4,FECHVENC,DATE,7,,,N
SYSTEM,RHH_CREDITOS,5,TIPOSOLI,VARCHAR2,2,,,N
SYSTEM,RHH_CREDITOS,6,OBS,VARCHAR2,400,,,Y
SYSTEM,RHH_CREDITOS,7,DESCRIP,VARCHAR2,200,,,Y
SYSTEM,RHH_CREDITOS,8,EGEN_ESTADO,VARCHAR2,2,,,N
SYSTEM,RHH_CREDITOS,9,NUMECUOT,NUMBER,22,3,0,Y
SYSTEM,RHH_CREDITOS,10,CAPITAL,NUMBER,22,16,2,N
SYSTEM,RHH_CREDITOS,11,TASA,NUMBER,22,7,4,Y
SYSTEM,RHH_CREDITOS,12,DIAS,NUMBER,22,4,0,N
SYSTEM,RHH_CREDITOS,13,FECHEMIS,DATE,7,,,N
SYSTEM,RHH_CREDITOS,14,FECHCANC,DATE,7,,,Y
SYSTEM,RHH_CREDITOS,15,FECHCREA,DATE,7,,,N
SYSTEM,RHH_CREDITOS,16,USUACREA,VARCHAR2,20,,,N
SYSTEM,RHH_CREDITOS,17,FECHACTU,DATE,7,,,Y
SYSTEM,RHH_CREDITOS,18,USUACTUA,VARCHAR2,20,,,Y
SYSTEM,RHH_CREDITOS,19,REFER,VARCHAR2,50,,,Y
SYSTEM,RHH_CREDITOS,20,PRPG_CODIPERI,VARCHAR2,2,,,N
SYSTEM,RHH_CREDITOS,21,DESCAPIT,NUMBER,22,16,2,Y
SYSTEM,RHH_CREDITOS,22,DESCINTE,NUMBER,22,16,2,Y
SYSTEM,RHH_CREDITOS,23,ASTO_NUMEDIAR,NUMBER,22,10,0,Y
SYSTEM,RHH_CREDITOS,24,ASTO_COMPANIA,VARCHAR2,10,,,Y
SYSTEM,RHH_CTABANEM,1,RHHS_CEDURUC,VARCHAR2,13,,,N
SYSTEM,RHH_CTABANEM,2,CTAE_ID,NUMBER,22,10,0,N
SYSTEM,RHH_CTABANEM,3,BANC_IDBANCO,VARCHAR2,20,,,N
SYSTEM,RHH_CTABANEM,4,NOMBCUEN,VARCHAR2,20,,,N
SYSTEM,RHH_CTABANEM,5,TIPOCUEN,VARCHAR2,1,,,N
SYSTEM,RHH_CTABANEM,6,TITUCUEN,VARCHAR2,60,,,Y
SYSTEM,RHH_CTABANEM,7,FECHCREA,DATE,7,,,N
SYSTEM,RHH_CTABANEM,8,USUACREA,VARCHAR2,20,,,N
SYSTEM,RHH_CTABANEM,9,FECHACTU,DATE,7,,,Y
SYSTEM,RHH_CTABANEM,10,USUACTUA,VARCHAR2,20,,,Y
SYSTEM,RHH_CTABANEM,11,PRINCIPAL,VARCHAR2,1,,,N
SYSTEM,RHH_DEFINROL,1,TIPO,VARCHAR2,2,,,N
SYSTEM,RHH_DEFINROL,2,DFRL_TIPO,VARCHAR2,2,,,Y
SYSTEM,RHH_DEFINROL,3,VISIBLE,VARCHAR2,1,,,N
SYSTEM,RHH_DEFINROL,4,ORDEN,NUMBER,22,4,0,Y
SYSTEM,RHH_DEFINROL,5,NOMBRE,VARCHAR2,30,,,N
SYSTEM,RHH_DEFINROL,6,ACTIVO,VARCHAR2,1,,,N
SYSTEM,RHH_DEFINROL,7,INSTRUCCION,VARCHAR2,4000,,,Y
SYSTEM,RHH_DEFINROL,8,SIGNO,VARCHAR2,1,,,N
SYSTEM,RHH_DEFINROL,9,APLIFORE,VARCHAR2,1,,,N
SYSTEM,RHH_DEFINROL,10,FECHCREA,DATE,7,,,N
SYSTEM,RHH_DEFINROL,11,USUACREA,VARCHAR2,20,,,N
SYSTEM,RHH_DEFINROL,12,FECHACTU,DATE,7,,,Y
SYSTEM,RHH_DEFINROL,13,USUACTUA,VARCHAR2,20,,,Y
SYSTEM,RHH_DEFINROL,14,BASEIESS,VARCHAR2,1,,,N
SYSTEM,RHH_DEFINROL,15,VALORECI,VARCHAR2,1,,,N
SYSTEM,RHH_DEFINROL,16,IMPRIME,VARCHAR2,1,,,N
SYSTEM,RHH_DEFINROL,17,RUBRMASI,VARCHAR2,1,,,N
SYSTEM,RHH_DEFINROL,18,VCHAR1,VARCHAR2,500,,,Y
SYSTEM,RHH_DEFINROL,19,VCHAR2,VARCHAR2,500,,,Y
SYSTEM,RHH_DEFINROL,20,VCHAR3,VARCHAR2,500,,,Y
SYSTEM,RHH_DEFINROL,21,VCHAR4,VARCHAR2,500,,,Y
SYSTEM,RHH_DEFINROL,22,VCHAR5,VARCHAR2,500,,,Y
SYSTEM,RHH_DEFINROL,23,NUMBER1,NUMBER,22,,,Y
SYSTEM,RHH_DEFINROL,24,NUMBER2,NUMBER,22,,,Y
SYSTEM,RHH_DEFINROL,25,NUMBER3,NUMBER,22,,,Y
SYSTEM,RHH_DEFINROL,26,NUMBER4,NUMBER,22,,,Y
SYSTEM,RHH_DEFINROL,27,NUMBER5,NUMBER,22,,,Y
SYSTEM,RHH_DEPARTAM,1,OFCN_COMPANIA,VARCHAR2,10,,,N
SYSTEM,RHH_DEPARTAM,2,OFCN_OFICINA,VARCHAR2,3,,,N
SYSTEM,RHH_DEPARTAM,3,CODIDEPA,VARCHAR2,3,,,N
SYSTEM,RHH_DEPARTAM,4,NOMBRE,VARCHAR2,60,,,N
SYSTEM,RHH_DEPARTAM,5,DISPONIB,VARCHAR2,1,,,N
SYSTEM,RHH_DEPARTAM,6,FECHCREA,DATE,7,,,N
SYSTEM,RHH_DEPARTAM,7,USUACREA,VARCHAR2,20,,,N
SYSTEM,RHH_DEPARTAM,8,FECHACTU,DATE,7,,,Y
SYSTEM,RHH_DEPARTAM,9,USUACTUA,VARCHAR2,20,,,Y
SYSTEM,RHH_DEPTASIG,1,DPAS_ID,NUMBER,22,10,0,N
SYSTEM,RHH_DEPTASIG,2,VIGENTE,VARCHAR2,1,,,N
SYSTEM,RHH_DEPTASIG,3,USUACREA,VARCHAR2,20,,,N
SYSTEM,RHH_DEPTASIG,4,FECHCREA,DATE,7,,,N
SYSTEM,RHH_DEPTASIG,5,USUACTUA,VARCHAR2,20,,,Y
SYSTEM,RHH_DEPTASIG,6,FECHACTU,DATE,7,,,Y
SYSTEM,RHH_DEPTASIG,7,RHHS_CEDURUC,VARCHAR2,13,,,N
SYSTEM,RHH_DEPTASIG,8,DEPT_COMPANIA,VARCHAR2,10,,,N
SYSTEM,RHH_DEPTASIG,9,DEPT_CODIDEPA,VARCHAR2,3,,,N
SYSTEM,RHH_DEPTASIG,10,DEPT_OFICINA,VARCHAR2,3,,,N
SYSTEM,RHH_DEPTCONTA,1,CODIGO,VARCHAR2,5,,,N
SYSTEM,RHH_DEPTCONTA,2,NOMBRE,VARCHAR2,50,,,N
SYSTEM,RHH_DEPTCONTA,3,USUACREA,VARCHAR2,20,,,N
SYSTEM,RHH_DEPTCONTA,4,FECHCREA,DATE,7,,,N
SYSTEM,RHH_DEPTCONTA,5,USUACTUA,VARCHAR2,20,,,Y
SYSTEM,RHH_DEPTCONTA,6,FECHACTU,DATE,7,,,Y
SYSTEM,RHH_DEPTCONTA,7,SUPROCESO,VARCHAR2,1,,,Y
SYSTEM,RHH_DEPTCONTA,8,MODULO,VARCHAR2,30,,,Y
SYSTEM,RHH_DETAPRES,1,DPRS_ID,NUMBER,22,10,0,N
SYSTEM,RHH_DETAPRES,2,TIPO,VARCHAR2,20,,,N
SYSTEM,RHH_DETAPRES,3,CANTIDAD,NUMBER,22,22,2,N
SYSTEM,RHH_DETAPRES,4,COSTO,NUMBER,22,22,4,N
SYSTEM,RHH_DETAPRES,5,FACTOR,NUMBER,22,18,2,Y
SYSTEM,RHH_DETAPRES,6,SUELDO,NUMBER,22,22,2,Y
SYSTEM,RHH_DETAPRES,7,MESES,NUMBER,22,10,0,Y
SYSTEM,RHH_DETAPRES,8,VALOR,NUMBER,22,22,2,N
SYSTEM,RHH_DETAPRES,9,NUMBER1,NUMBER,22,,,Y
SYSTEM,RHH_DETAPRES,10,NUMBER2,NUMBER,22,,,Y
SYSTEM,RHH_DETAPRES,11,NUMBER3,NUMBER,22,,,Y
SYSTEM,RHH_DETAPRES,12,NUMBER4,NUMBER,22,,,Y
SYSTEM,RHH_DETAPRES,13,NUMBER5,NUMBER,22,,,Y
SYSTEM,RHH_DETAPRES,14,VCHAR1,VARCHAR2,500,,,Y
SYSTEM,RHH_DETAPRES,15,VCHAR2,VARCHAR2,500,,,Y
SYSTEM,RHH_DETAPRES,16,VCHAR3,VARCHAR2,500,,,Y
SYSTEM,RHH_DETAPRES,17,VCHAR4,VARCHAR2,500,,,Y
SYSTEM,RHH_DETAPRES,18,VCHAR5,VARCHAR2,500,,,Y
SYSTEM,RHH_DETAPRES,19,TCSI_TIPOCOST,VARCHAR2,10,,,N
SYSTEM,RHH_DETAPRES,20,TCSI_COMPANIA,VARCHAR2,10,,,N
SYSTEM,RHH_DETAPRES,21,PRS_NUMERO,NUMBER,22,,,N
SYSTEM,RHH_DETAPRES,22,PRS_OFICINA,VARCHAR2,3,,,N
SYSTEM,RHH_DETAPRES,23,PRS_COMPANIA,VARCHAR2,10,,,N
SYSTEM,RHH_DETAPRES,24,RHHS_CEDURUC,VARCHAR2,13,,,N
SYSTEM,RHH_DETAPRES,25,ARTL_COMPANIA,VARCHAR2,10,,,N
SYSTEM,RHH_DETAPRES,26,ARTL_ARTICULO,VARCHAR2,30,,,N
SYSTEM,RHH_DETAPRES,27,ARTL_CLASE,VARCHAR2,20,,,N
SYSTEM,RHH_DETAPRES,28,ARTL_CODIGRUP,VARCHAR2,20,,,N
SYSTEM,RHH_DETAPRES,29,FECHCREA,DATE,7,,,N
SYSTEM,RHH_DETAPRES,30,USUACREA,VARCHAR2,20,,,N
SYSTEM,RHH_DETAPRES,31,FECHACTU,DATE,7,,,Y
SYSTEM,RHH_DETAPRES,32,USUACTUA,VARCHAR2,20,,,Y
SYSTEM,RHH_DETAVENC,1,CUOTAS_ID,NUMBER,22,10,0,N
SYSTEM,RHH_DETAVENC,2,DESCRIP,VARCHAR2,400,,,Y
SYSTEM,RHH_DETAVENC,3,REFER,VARCHAR2,30,,,Y
SYSTEM,RHH_DETAVENC,4,VALOR,NUMBER,22,16,2,Y
SYSTEM,RHH_DETAVENC,5,FECHA,DATE,7,,,Y
SYSTEM,RHH_DETAVENC,6,FECHCOBR,DATE,7,,,Y
SYSTEM,RHH_DETAVENC,7,FECHACTU,DATE,7,,,Y
SYSTEM,RHH_DETAVENC,8,FECHCREA,DATE,7,,,N
SYSTEM,RHH_DETAVENC,9,USUACREA,VARCHAR2,20,,,N
SYSTEM,RHH_DETAVENC,10,USUACTUA,VARCHAR2,20,,,Y
SYSTEM,RHH_DETAVENC,11,VNCT_ID,NUMBER,22,10,0,N
SYSTEM,RHH_DETAVENC,12,EGEN_ESTADO,VARCHAR2,2,,,N
SYSTEM,RHH_DETAVENC,13,ASTO_NUMEDIAR,NUMBER,22,10,0,Y
SYSTEM,RHH_DETAVENC,14,ASTO_CMPN_COMPANIA,VARCHAR2,10,,,Y
SYSTEM,RHH_DIMENSION,1,OBSERV,VARCHAR2,80,,,Y
SYSTEM,RHH_DIMENSION,2,FECHCREA,DATE,7,,,N
SYSTEM,RHH_DIMENSION,3,USUACREA,VARCHAR2,20,,,N
SYSTEM,RHH_DIMENSION,4,FECHACTU,DATE,7,,,Y
SYSTEM,RHH_DIMENSION,5,USUACTUA,VARCHAR2,20,,,Y
SYSTEM,RHH_DIMENSION,6,VNDR_OFICINA,VARCHAR2,3,,,N
SYSTEM,RHH_DIMENSION,7,VNDR_CODIGO,VARCHAR2,10,,,N
SYSTEM,RHH_DIMENSION,8,VNDR_COMPANIA,VARCHAR2,10,,,N
SYSTEM,RHH_DIMENSION,9,ROL_CARGO,VARCHAR2,4,,,N
SYSTEM,RHH_DISCAPAC,1,DSCP_ID,NUMBER,22,10,0,N
SYSTEM,RHH_DISCAPAC,2,DESCRIPC,VARCHAR2,200,,,N
SYSTEM,RHH_DISCAPAC,3,USUACREA,VARCHAR2,20,,,N
SYSTEM,RHH_DISCAPAC,4,FECHCREA,DATE,7,,,N
SYSTEM,RHH_DISCAPAC,5,USUACTUA,VARCHAR2,20,,,Y
SYSTEM,RHH_DISCAPAC,6,FECHACTU,DATE,7,,,Y
SYSTEM,RHH_DISCAPAC,7,RHHS_CEDURUC,VARCHAR2,13,,,N
SYSTEM,RHH_DISCAPAC,8,TPDP_TIPO,VARCHAR2,4,,,N
SYSTEM,RHH_DISCAPAC,9,PORCENTA,NUMBER,22,25,5,N
SYSTEM,RHH_DISCAPAC,10,VIGENTE,VARCHAR2,1,,,N
SYSTEM,RHH_EMPLCENT,1,EMCE_ID,NUMBER,22,10,0,N
SYSTEM,RHH_EMPLCENT,2,FECHA,DATE,7,,,N
SYSTEM,RHH_EMPLCENT,3,PORCENTA,NUMBER,22,10,6,N
SYSTEM,RHH_EMPLCENT,4,VIGENTE,VARCHAR2,1,,,N
SYSTEM,RHH_EMPLCENT,5,OBS,VARCHAR2,300,,,Y
SYSTEM,RHH_EMPLCENT,6,CCST_OFICINA,VARCHAR2,3,,,N
SYSTEM,RHH_EMPLCENT,7,CCST_CODIGO,VARCHAR2,10,,,N
SYSTEM,RHH_EMPLCENT,8,CCST_COMPANIA,VARCHAR2,10,,,N
SYSTEM,RHH_EMPLCENT,9,RHHS_CEDURUC,VARCHAR2,13,,,N
SYSTEM,RHH_EMPLCENT,10,USUACTUA,VARCHAR2,20,,,Y
SYSTEM,RHH_EMPLCENT,11,USUACREA,VARCHAR2,20,,,N
SYSTEM,RHH_EMPLCENT,12,FECHACTU,DATE,7,,,Y
SYSTEM,RHH_EMPLCENT,13,FECHCREA,DATE,7,,,N
SYSTEM,RHH_ESTUDIOS,1,ESTU_ID,NUMBER,22,10,0,N
SYSTEM,RHH_ESTUDIOS,2,NIVLESTU,VARCHAR2,25,,,N
SYSTEM,RHH_ESTUDIOS,3,TITULO,VARCHAR2,100,,,Y
SYSTEM,RHH_ESTUDIOS,4,INSTITUC,VARCHAR2,100,,,N
SYSTEM,RHH_ESTUDIOS,5,RHHS_CEDURUC,VARCHAR2,13,,,N
SYSTEM,RHH_ESTUDIOS,6,USUACREA,VARCHAR2,20,,,N
SYSTEM,RHH_ESTUDIOS,7,FECHCREA,DATE,7,,,N
SYSTEM,RHH_ESTUDIOS,8,USUACTUA,VARCHAR2,20,,,Y
SYSTEM,RHH_ESTUDIOS,9,FECHACTU,DATE,7,,,Y
SYSTEM,RHH_ESTUDIOS,10,ANOINIC,VARCHAR2,4,,,N
SYSTEM,RHH_ESTUDIOS,11,ANIOFIN,VARCHAR2,4,,,N
SYSTEM,RHH_FRECUAENCIAS,1,TIEMPODIAS,NUMBER,22,4,0,N
SYSTEM,RHH_FRECUAENCIAS,2,DESCRIPC,VARCHAR2,20,,,N
SYSTEM,RHH_FRECUAENCIAS,3,USUACREA,VARCHAR2,20,,,N
SYSTEM,RHH_FRECUAENCIAS,4,FECHCREA,DATE,7,,,N
SYSTEM,RHH_FRECUAENCIAS,5,USACTUA,VARCHAR2,20,,,Y
SYSTEM,RHH_FRECUAENCIAS,6,FECHACTU,DATE,7,,,Y
SYSTEM,RHH_FUNCIONES,1,CODIGO,VARCHAR2,6,,,N
SYSTEM,RHH_FUNCIONES,2,DESCRIPC,VARCHAR2,2000,,,N
SYSTEM,RHH_FUNCIONES,3,USUACREA,VARCHAR2,20,,,N
SYSTEM,RHH_FUNCIONES,4,FECHCREA,DATE,7,,,N
SYSTEM,RHH_FUNCIONES,5,USUACTUA,VARCHAR2,20,,,Y
SYSTEM,RHH_FUNCIONES,6,FECHACTU,DATE,7,,,Y
SYSTEM,RHH_GASTPERS,1,EGEN_ESTADO,VARCHAR2,2,,,N
SYSTEM,RHH_GASTPERS,2,VALOR,NUMBER,22,18,6,N
SYSTEM,RHH_GASTPERS,3,FECHAENTR,DATE,7,,,N
SYSTEM,RHH_GASTPERS,4,OBSERVAC,VARCHAR2,100,,,Y
SYSTEM,RHH_GASTPERS,5,ANIOFISC,VARCHAR2,4,,,N
SYSTEM,RHH_GASTPERS,6,USUACREA,VARCHAR2,20,,,N
SYSTEM,RHH_GASTPERS,7,FECHCREA,DATE,7,,,N
SYSTEM,RHH_GASTPERS,8,USUACTUA,VARCHAR2,20,,,Y
SYSTEM,RHH_GASTPERS,9,FECHACTU,DATE,7,,,Y
SYSTEM,RHH_GASTPERS,10,TPGS_CODIGAST,VARCHAR2,4,,,N
SYSTEM,RHH_GASTPERS,11,RHHS_CEDURUC,VARCHAR2,13,,,N
SYSTEM,RHH_HISTROL,1,VNCT_VNCT_ID,NUMBER,22,10,0,Y
SYSTEM,RHH_HISTROL,2,DAST_DAST_ID,NUMBER,22,10,0,Y
SYSTEM,RHH_HISTROL,3,RHHS_CEDURUC,VARCHAR2,13,,,N
SYSTEM,RHH_HISTROL,4,RLPG_OFICINA,VARCHAR2,3,,,Y
SYSTEM,RHH_HISTROL,5,RLPG_FGENERA,DATE,7,,,Y
SYSTEM,RHH_HISTROL,6,DFRL_TIPO,VARCHAR2,2,,,N
SYSTEM,RHH_HISTROL,7,EGEN_ESTADO,VARCHAR2,2,,,N
SYSTEM,RHH_HISTROL,8,FECHA,DATE,7,,,N
SYSTEM,RHH_HISTROL,9,DESCRIPC,VARCHAR2,300,,,N
SYSTEM,RHH_HISTROL,10,VALOR,NUMBER,22,16,2,N
SYSTEM,RHH_HISTROL,11,REFER,VARCHAR2,30,,,Y
SYSTEM,RHH_HISTROL,12,PENDIENTE,VARCHAR2,1,,,N
SYSTEM,RHH_HISTROL,13,ASTO_COMPANIA,VARCHAR2,10,,,Y
SYSTEM,RHH_HISTROL,14,ASTO_NUMEDIAR,NUMBER,22,10,0,Y
SYSTEM,RHH_HISTROL,15,HRSLABO,NCHAR,6,,,Y
SYSTEM,RHH_HISTROL,16,DIASLABO,NCHAR,4,,,Y
SYSTEM,RHH_HISTROL,17,FECHCREA,DATE,7,,,N
SYSTEM,RHH_HISTROL,18,USUACREA,VARCHAR2,20,,,N
SYSTEM,RHH_HISTROL,19,FECHACTU,DATE,7,,,Y
SYSTEM,RHH_HISTROL,20,USUACTUA,VARCHAR2,20,,,Y
SYSTEM,RHH_HISTROL,21,INEG_ID,NUMBER,22,10,0,N
SYSTEM,RHH_HISTROL,22,FECHINGRE,DATE,7,,,N
SYSTEM,RHH_HISTROL,23,TIPOCONT,VARCHAR2,240,,,Y
SYSTEM,RHH_HISTROL,24,BANC_IDBANCO,VARCHAR2,20,,,Y
SYSTEM,RHH_HISTROL,25,NOMBCUEN,VARCHAR2,20,,,Y
SYSTEM,RHH_HISTROL,26,TIPOCUEN,VARCHAR2,1,,,Y
SYSTEM,RHH_HISTROL,27,TITUCUEN,VARCHAR2,60,,,Y
SYSTEM,RHH_HISTROL,28,SALARIO,NUMBER,22,,2,Y
SYSTEM,RHH_HORACTIV,1,HORACTIV_ID,NUMBER,22,10,0,N
SYSTEM,RHH_HORACTIV,2,FECHACTU,DATE,7,,,Y
SYSTEM,RHH_HORACTIV,3,USUACREA,VARCHAR2,25,,,N
SYSTEM,RHH_HORACTIV,4,FECHCREA,DATE,7,,,N
SYSTEM,RHH_HORACTIV,5,FECHINIC,DATE,7,,,N
SYSTEM,RHH_HORACTIV,6,TOTAHORA,NUMBER,22,5,2,Y
SYSTEM,RHH_HORACTIV,7,FECHFIN,DATE,7,,,Y
SYSTEM,RHH_HORACTIV,8,USUACTUA,VARCHAR2,25,,,Y
SYSTEM,RHH_HORACTIV,9,RGAC_RGAC_ID,NUMBER,22,10,0,N
SYSTEM,RHH_HORARIO,1,HRRO_ID,NUMBER,22,10,0,N
SYSTEM,RHH_HORARIO,2,OBSERVAC,VARCHAR2,200,,,N
SYSTEM,RHH_HORARIO,3,USUACREA,VARCHAR2,20,,,N
SYSTEM,RHH_HORARIO,4,FECHCREA,DATE,7,,,N
SYSTEM,RHH_HORARIO,5,USUACTUA,VARCHAR2,20,,,Y
SYSTEM,RHH_HORARIO,6,FECHACTU,DATE,7,,,Y
SYSTEM,RHH_HORARIO,7,JRND_CODIGO,VARCHAR2,5,,,N
SYSTEM,RHH_HORARIO,8,RHHS_CEDURUC,VARCHAR2,13,,,N
SYSTEM,RHH_HORARIO,9,VIGENTE,VARCHAR2,1,,,Y
SYSTEM,RHH_HORATRAB,1,VIGENTE,VARCHAR2,1,,,N
SYSTEM,RHH_HORATRAB,2,FECHA,DATE,7,,,N
SYSTEM,RHH_HORATRAB,3,OBSERVAC,VARCHAR2,200,,,Y
SYSTEM,RHH_HORATRAB,4,USUCREA,VARCHAR2,20,,,N
SYSTEM,RHH_HORATRAB,5,FECHCREA,DATE,7,,,N
SYSTEM,RHH_HORATRAB,6,USUACTUA,VARCHAR2,20,,,Y
SYSTEM,RHH_HORATRAB,7,FECHACTU,DATE,7,,,Y
SYSTEM,RHH_HORATRAB,8,RHHS_CEDURUC,VARCHAR2,13,,,N
SYSTEM,RHH_HORATRAB,9,JRND_CODIGO,VARCHAR2,5,,,N
SYSTEM,RHH_IMPRENEM,1,RHHS_CEDURUC,VARCHAR2,13,,,N
SYSTEM,RHH_IMPRENEM,2,FECHA,DATE,7,,,N
SYSTEM,RHH_IMPRENEM,3,BASEINIC,NUMBER,22,16,2,N
SYSTEM,RHH_IMPRENEM,4,BASEFINI,NUMBER,22,16,2,N
SYSTEM,RHH_IMPRENEM,5,BASE,NUMBER,22,16,2,N
SYSTEM,RHH_IMPRENEM,6,PORCENTA,NUMBER,22,7,4,N
SYSTEM,RHH_IMPRENEM,7,VIGENTE,VARCHAR2,1,,,N
SYSTEM,RHH_IMPRENEM,8,FECHCREA,DATE,7,,,N
SYSTEM,RHH_IMPRENEM,9,USUACREA,VARCHAR2,20,,,N
SYSTEM,RHH_IMPRENEM,10,FECHACTU,DATE,7,,,Y
SYSTEM,RHH_IMPRENEM,11,USUACTUA,VARCHAR2,20,,,Y
SYSTEM,RHH_IMPUESTOS,1,IMPU_ID,NUMBER,22,10,0,N
SYSTEM,RHH_IMPUESTOS,2,FRACBASI,NUMBER,22,15,2,N
SYSTEM,RHH_IMPUESTOS,3,EXCEHAST,NUMBER,22,15,2,N
SYSTEM,RHH_IMPUESTOS,4,IMPFRBAS,NUMBER,22,15,2,N
SYSTEM,RHH_IMPUESTOS,5,IMPFREXC,NUMBER,22,7,2,N
SYSTEM,RHH_IMPUESTOS,6,VIGENTE,VARCHAR2,1,,,N
SYSTEM,RHH_IMPUESTOS,7,FECHVIGE,DATE,7,,,N
SYSTEM,RHH_IMPUESTOS,8,FECHCREA,DATE,7,,,N
SYSTEM,RHH_IMPUESTOS,9,FECHACTU,DATE,7,,,Y
SYSTEM,RHH_IMPUESTOS,10,USUACREA,VARCHAR2,20,,,N
SYSTEM,RHH_IMPUESTOS,11,USUACTUA,VARCHAR2,20,,,Y
SYSTEM,RHH_INGREGRE,1,RHHS_CEDURUC,VARCHAR2,13,,,N
SYSTEM,RHH_INGREGRE,2,RLPG_OFICINA,VARCHAR2,3,,,Y
SYSTEM,RHH_INGREGRE,3,RLPG_FGENERA,DATE,7,,,Y
SYSTEM,RHH_INGREGRE,4,DFRL_TIPO,VARCHAR2,2,,,N
SYSTEM,RHH_INGREGRE,5,EGEN_ESTADO,VARCHAR2,2,,,N
SYSTEM,RHH_INGREGRE,6,FECHA,DATE,7,,,N
SYSTEM,RHH_INGREGRE,7,DESCRIPC,VARCHAR2,300,,,N
SYSTEM,RHH_INGREGRE,8,VALOR,NUMBER,22,16,2,N
SYSTEM,RHH_INGREGRE,9,REFER,VARCHAR2,30,,,Y
SYSTEM,RHH_INGREGRE,10,PENDIENTE,VARCHAR2,1,,,N
SYSTEM,RHH_INGREGRE,11,ASTO_COMPANIA,VARCHAR2,10,,,Y
SYSTEM,RHH_INGREGRE,12,ASTO_NUMEDIAR,NUMBER,22,10,0,Y
SYSTEM,RHH_INGREGRE,13,FECHCREA,DATE,7,,,N
SYSTEM,RHH_INGREGRE,14,USUACREA,VARCHAR2,20,,,N
SYSTEM,RHH_INGREGRE,15,FECHACTU,DATE,7,,,Y
SYSTEM,RHH_INGREGRE,16,USUACTUA,VARCHAR2,20,,,Y
SYSTEM,RHH_INGREGRE,17,INEG_ID,NUMBER,22,10,0,N
SYSTEM,RHH_INGREGRE,18,DAST_DAST_ID,NUMBER,22,10,0,Y
SYSTEM,RHH_INGREGRE,19,VNCT_VNCT_ID,NUMBER,22,10,0,Y
SYSTEM,RHH_INGREGRE,20,DIASLABO,NUMBER,22,6,2,Y
SYSTEM,RHH_INGREGRE,21,HRSLABO,NUMBER,22,6,2,Y
SYSTEM,RHH_INGREGRE,22,FINGRESO,DATE,7,,,Y
SYSTEM,RHH_INGREGRE,23,PASANTE,VARCHAR2,1,,,Y
SYSTEM,RHH_INGREGRE,24,FSALIDA,DATE,7,,,Y
SYSTEM,RHH_INGREGRE,25,CTACTIVA,VARCHAR2,20,,,Y
SYSTEM,RHH_INGREGRE,26,IDBANCO,VARCHAR2,20,,,Y
SYSTEM,RHH_INGREGRE,27,TIPOCTA,VARCHAR2,1,,,Y
SYSTEM,RHH_INGREGRE,28,TIPOPAGO,VARCHAR2,2,,,Y
SYSTEM,RHH_INGREGRE,29,OTRODESC,NUMBER,22,22,6,Y
SYSTEM,RHH_INGREGRE,30,NUMBER1,NUMBER,22,,,Y
SYSTEM,RHH_INGREGRE,31,NUMBER2,NUMBER,22,,,Y
SYSTEM,RHH_INGREGRE,32,NUMBER3,NUMBER,22,,,Y
SYSTEM,RHH_INGREGRE,33,NUMBER4,NUMBER,22,,,Y
SYSTEM,RHH_INGREGRE,34,NUMBER5,NUMBER,22,,,Y
SYSTEM,RHH_INGREGRE,35,VCHAR1,VARCHAR2,500,,,Y
SYSTEM,RHH_INGREGRE,36,VCHAR2,VARCHAR2,500,,,Y
SYSTEM,RHH_INGREGRE,37,VCHAR3,VARCHAR2,500,,,Y
SYSTEM,RHH_INGREGRE,38,VCHAR4,VARCHAR2,500,,,Y
SYSTEM,RHH_INGREGRE,39,VCHAR5,VARCHAR2,500,,,Y
SYSTEM,RHH_JORNADA,1,CODIGO,VARCHAR2,5,,,N
SYSTEM,RHH_JORNADA,2,NOMBRE,VARCHAR2,50,,,N
SYSTEM,RHH_JORNADA,3,HORAENTR,VARCHAR2,8,,,N
SYSTEM,RHH_JORNADA,4,HORASALI,VARCHAR2,8,,,N
SYSTEM,RHH_JORNADA,5,TIEMALMU,NUMBER,22,,,N
SYSTEM,RHH_JORNADA,6,MINUGRAC,NUMBER,22,,,N
SYSTEM,RHH_JORNADA,7,OBSERVAC,VARCHAR2,100,,,Y
SYSTEM,RHH_JORNADA,8,USUACREA,VARCHAR2,20,,,N
SYSTEM,RHH_JORNADA,9,FECHCREA,DATE,7,,,N
SYSTEM,RHH_JORNADA,10,USUACTUA,VARCHAR2,20,,,Y
SYSTEM,RHH_JORNADA,11,FECHACTU,DATE,7,,,Y
SYSTEM,RHH_JORNADA,12,HEXT_TIPOHORA,NUMBER,22,3,0,Y
SYSTEM,RHH_JORNADA,13,TIPO,VARCHAR2,2,,,N
SYSTEM,RHH_LIQUIDAC,1,LIQU_ID,NUMBER,22,10,0,N
SYSTEM,RHH_LIQUIDAC,2,RHH_RHH_ID,NUMBER,22,10,0,N
SYSTEM,RHH_LIQUIDAC,3,FECHA,DATE,7,,,N
SYSTEM,RHH_LIQUIDAC,4,DESCRIPC,VARCHAR2,300,,,N
SYSTEM,RHH_LIQUIDAC,5,OFICINA,VARCHAR2,3,,,N
SYSTEM,RHH_LIQUIDAC,6,ESTADO,VARCHAR2,2,,,N
SYSTEM,RHH_LIQUIDAC,7,TIPO,VARCHAR2,2,,,N
SYSTEM,RHH_LIQUIDAC,8,SIGNO,VARCHAR2,1,,,N
SYSTEM,RHH_LIQUIDAC,9,VALOR,NUMBER,22,16,2,N
SYSTEM,RHH_LIQUIDAC,10,FUENTE,VARCHAR2,50,,,N
SYSTEM,RHH_LIQUIDAC,11,FECHCREA,DATE,7,,,N
SYSTEM,RHH_LIQUIDAC,12,USUACREA,VARCHAR2,20,,,N
SYSTEM,RHH_LIQUIDAC,13,ASTO_COMPANIA,VARCHAR2,10,,,Y
SYSTEM,RHH_LIQUIDAC,14,ASTO_NUMEDIAR,NUMBER,22,10,0,Y
SYSTEM,RHH_LIQUIDAC,15,REFER,VARCHAR2,30,,,Y
SYSTEM,RHH_LIQUIDAC,16,HRSLABO,NUMBER,22,22,6,Y
SYSTEM,RHH_LIQUIDAC,17,DIASLABO,NUMBER,22,22,6,Y
SYSTEM,RHH_LIQUIDAC,18,IDBANCO,VARCHAR2,40,,,Y
SYSTEM,RHH_LIQUIDAC,19,TIPOCTA,VARCHAR2,1,,,Y
SYSTEM,RHH_LIQUIDAC,20,FECHACTU,DATE,7,,,Y
SYSTEM,RHH_LIQUIDAC,21,USUACTUA,VARCHAR2,20,,,Y
SYSTEM,RHH_PAGOVACA,1,PGVC_ID,NUMBER,22,10,0,N
SYSTEM,RHH_PAGOVACA,2,VALOR,NUMBER,22,20,4,N
SYSTEM,RHH_PAGOVACA,3,FECHA,DATE,7,,,N
SYSTEM,RHH_PAGOVACA,4,OBS,VARCHAR2,100,,,Y
SYSTEM,RHH_PAGOVACA,5,USUACREA,VARCHAR2,20,,,N
SYSTEM,RHH_PAGOVACA,6,FECHCREA,DATE,7,,,N
SYSTEM,RHH_PAGOVACA,7,USUACTUA,VARCHAR2,20,,,Y
SYSTEM,RHH_PAGOVACA,8,FECHACTU,DATE,7,,,Y
SYSTEM,RHH_PAGOVACA,9,PRVN_CEDURUC,VARCHAR2,13,,,N
SYSTEM,RHH_PAGOVACA,10,PRVN_CODIPROV,VARCHAR2,2,,,N
SYSTEM,RHH_PAGOVACA,11,PRVN_FECHA,DATE,7,,,N
SYSTEM,RHH_PAGOVACA,12,CANUMBER1,NUMBER,22,20,5,Y
SYSTEM,RHH_PAGOVACA,13,CANUMBER2,NUMBER,22,20,5,Y
SYSTEM,RHH_PAGOVACA,14,CVARCHAR1,VARCHAR2,100,,,Y
SYSTEM,RHH_PAGOVACA,15,CVARCHAR2,VARCHAR2,100,,,Y
SYSTEM,RHH_PAGOVACA,16,EGEN_ESTADO,VARCHAR2,2,,,Y
SYSTEM,RHH_PAGOVACA,17,ASTO_COMPANIA,VARCHAR2,10,,,Y
SYSTEM,RHH_PAGOVACA,18,ASTO_NUMEDIAR,NUMBER,22,10,0,Y
SYSTEM,RHH_PARADISC,1,PRDS_ID,NUMBER,22,10,0,N
SYSTEM,RHH_PARADISC,2,PORCDESD,NUMBER,22,25,5,Y
SYSTEM,RHH_PARADISC,3,PORCHASTA,NUMBER,22,25,5,Y
SYSTEM,RHH_PARADISC,4,PORCENTA,NUMBER,22,25,5,Y
SYSTEM,RHH_PARADISC,5,FBASICA,NUMBER,22,25,5,Y
SYSTEM,RHH_PARADISC,6,FACTORDI,NUMBER,22,25,5,Y
SYSTEM,RHH_PARADISC,7,FACTORTE,NUMBER,22,25,5,Y
SYSTEM,RHH_PARADISC,8,VIGENTE,VARCHAR2,1,,,N
SYSTEM,RHH_PARADISC,9,FECHVIGE,DATE,7,,,N
SYSTEM,RHH_PARADISC,10,FECHCREA,DATE,7,,,N
SYSTEM,RHH_PARADISC,11,USUACREA,VARCHAR2,20,,,N
SYSTEM,RHH_PARADISC,12,USUACTUA,VARCHAR2,20,,,Y
SYSTEM,RHH_PARADISC,13,FECHACTU,DATE,7,,,Y
SYSTEM,RHH_PARADISC,14,NUMBER1,NUMBER,22,,,Y
SYSTEM,RHH_PARADISC,15,NUMBER2,NUMBER,22,,,Y
SYSTEM,RHH_PARADISC,16,NUMBER3,NUMBER,22,,,Y
SYSTEM,RHH_PARADISC,17,NUMBER4,NUMBER,22,,,Y
SYSTEM,RHH_PARADISC,18,NUMBER5,NUMBER,22,,,Y
SYSTEM,RHH_PARADISC,19,VCHAR1,VARCHAR2,500,,,Y
SYSTEM,RHH_PARADISC,20,VCHAR2,VARCHAR2,500,,,Y
SYSTEM,RHH_PARADISC,21,VCHAR3,VARCHAR2,500,,,Y
SYSTEM,RHH_PARADISC,22,VCHAR4,VARCHAR2,500,,,Y
SYSTEM,RHH_PARADISC,23,VCHAR5,VARCHAR2,500,,,Y
SYSTEM,RHH_PERIODOS,1,REGN_REGION,VARCHAR2,10,,,N
SYSTEM,RHH_PERIODOS,2,FECHINIC,DATE,7,,,N
SYSTEM,RHH_PERIODOS,3,VIGENTE,VARCHAR2,1,,,N
SYSTEM,RHH_PERIODOS,4,FECHFIN,DATE,7,,,N
SYSTEM,RHH_PERIODOS,5,FECHPAGO,DATE,7,,,N
SYSTEM,RHH_PERIODOS,6,FECHCREA,DATE,7,,,N
SYSTEM,RHH_PERIODOS,7,USUACREA,VARCHAR2,20,,,N
SYSTEM,RHH_PERIODOS,8,FECHACTU,DATE,7,,,Y
SYSTEM,RHH_PERIODOS,9,USUACTUA,VARCHAR2,20,,,Y
SYSTEM,RHH_PERIODOS,10,TPPR_CODIPROV,VARCHAR2,2,,,N
SYSTEM,RHH_PLANACTI,1,PLAC_ID,NUMBER,22,10,0,N
SYSTEM,RHH_PLANACTI,2,DESCRIPC,VARCHAR2,240,,,N
SYSTEM,RHH_PLANACTI,3,VIGENTE,VARCHAR2,1,,,N
SYSTEM,RHH_PLANACTI,4,USUACREA,VARCHAR2,20,,,N
SYSTEM,RHH_PLANACTI,5,FECHCREA,DATE,7,,,N
SYSTEM,RHH_PLANACTI,6,USUACTUA,VARCHAR2,20,,,Y
SYSTEM,RHH_PLANACTI,7,FECHACTU,DATE,7,,,Y
SYSTEM,RHH_PLANACTI,8,ACFIA_ACFIA_ID,NUMBER,22,10,0,N
SYSTEM,RHH_PLANACTI,9,RLOF_OFICINA,VARCHAR2,3,,,N
SYSTEM,RHH_PLANACTI,10,RLOF_CARGO,VARCHAR2,4,,,N
SYSTEM,RHH_PLANACTI,11,RLOF_COMPANIA,VARCHAR2,10,,,N
SYSTEM,RHH_PLANACTI,12,ORDEN,NUMBER,22,3,0,N
SYSTEM,RHH_PLANACTI,13,HORAFINA,DATE,7,,,Y
SYSTEM,RHH_PLANACTI,14,HORAINIA,DATE,7,,,Y
SYSTEM,RHH_PLANACTI,15,FECHINIC,DATE,7,,,Y
SYSTEM,RHH_PRESUPUESTO,1,NUMERO,NUMBER,22,,,N
SYSTEM,RHH_PRESUPUESTO,2,FECHA,DATE,7,,,N
SYSTEM,RHH_PRESUPUESTO,3,FECHVALI,DATE,7,,,Y
SYSTEM,RHH_PRESUPUESTO,4,PUESTOS,NUMBER,22,,,Y
SYSTEM,RHH_PRESUPUESTO,5,TIEMPO,NUMBER,22,,,Y
SYSTEM,RHH_PRESUPUESTO,6,TOTAL,NUMBER,22,20,2,N
SYSTEM,RHH_PRESUPUESTO,7,COSTOPOR,NUMBER,22,22,4,Y
SYSTEM,RHH_PRESUPUESTO,8,FACTOR,NUMBER,22,10,2,Y
SYSTEM,RHH_PRESUPUESTO,9,UTILIDAD,NUMBER,22,20,2,Y
SYSTEM,RHH_PRESUPUESTO,10,NUMBER1,NUMBER,22,,,Y
SYSTEM,RHH_PRESUPUESTO,11,NUMBER2,NUMBER,22,,,Y
SYSTEM,RHH_PRESUPUESTO,12,NUMBER3,NUMBER,22,,,Y
SYSTEM,RHH_PRESUPUESTO,13,NUMBER4,NUMBER,22,,,Y
SYSTEM,RHH_PRESUPUESTO,14,NUMBER5,NUMBER,22,,,Y
SYSTEM,RHH_PRESUPUESTO,15,VCHAR1,VARCHAR2,500,,,Y
SYSTEM,RHH_PRESUPUESTO,16,VCHAR2,VARCHAR2,500,,,Y
SYSTEM,RHH_PRESUPUESTO,17,VCHAR3,VARCHAR2,500,,,Y
SYSTEM,RHH_PRESUPUESTO,18,VCHAR4,VARCHAR2,500,,,Y
SYSTEM,RHH_PRESUPUESTO,19,VCHAR5,VARCHAR2,500,,,Y
SYSTEM,RHH_PRESUPUESTO,20,OFCN_COMPANIA,VARCHAR2,10,,,N
SYSTEM,RHH_PRESUPUESTO,21,OFCN_OFICINA,VARCHAR2,3,,,N
SYSTEM,RHH_PRESUPUESTO,22,CLTE_COMPANIA,VARCHAR2,10,,,N
SYSTEM,RHH_PRESUPUESTO,23,CLTE_IDCLIENTE,NUMBER,22,10,0,N
SYSTEM,RHH_PRESUPUESTO,24,EGEN_ESTADO,VARCHAR2,2,,,N
SYSTEM,RHH_PRESUPUESTO,25,FECHCREA,DATE,7,,,N
SYSTEM,RHH_PRESUPUESTO,26,USUACREA,VARCHAR2,20,,,N
SYSTEM,RHH_PRESUPUESTO,27,FECHACTU,DATE,7,,,Y
SYSTEM,RHH_PRESUPUESTO,28,USUACTUA,VARCHAR2,20,,,Y
SYSTEM,RHH_PRODUCTOS,1,CODIGO,VARCHAR2,4,,,N
SYSTEM,RHH_PRODUCTOS,2,NOMBRE,VARCHAR2,20,,,N
SYSTEM,RHH_PRODUCTOS,3,USUACTUA,VARCHAR2,20,,,Y
SYSTEM,RHH_PRODUCTOS,4,FECHCREA,DATE,7,,,N
SYSTEM,RHH_PRODUCTOS,5,USUACREA,VARCHAR2,20,,,N
SYSTEM,RHH_PRODUCTOS,6,FECHACTU,DATE,7,,,Y
SYSTEM,RHH_PROVICION,1,RHHS_CEDURUC,VARCHAR2,13,,,N
SYSTEM,RHH_PROVICION,2,EGEN_ESTADO,VARCHAR2,2,,,N
SYSTEM,RHH_PROVICION,3,FECHA,DATE,7,,,N
SYSTEM,RHH_PROVICION,4,TASA,NUMBER,22,7,4,Y
SYSTEM,RHH_PROVICION,5,ASTO_COMPANIA,VARCHAR2,10,,,Y
SYSTEM,RHH_PROVICION,6,ASTO_NUMEDIAR,NUMBER,22,10,0,Y
SYSTEM,RHH_PROVICION,7,TPPR_CODIPROV,VARCHAR2,2,,,N
SYSTEM,RHH_PROVICION,8,VALOR,NUMBER,22,10,4,N
SYSTEM,RHH_PROVICION,9,FECHCREA,DATE,7,,,N
SYSTEM,RHH_PROVICION,10,USUACREA,VARCHAR2,20,,,N
SYSTEM,RHH_PROVICION,11,FECHACTU,DATE,7,,,Y
SYSTEM,RHH_PROVICION,12,USUACTUA,VARCHAR2,20,,,Y
SYSTEM,RHH_PROVICION,13,APVA_APVA_ID,NUMBER,22,10,0,Y
SYSTEM,RHH_PROVICION,14,DIASLABO,NUMBER,22,6,2,Y
SYSTEM,RHH_PROVICION,15,HRSLABO,NUMBER,22,6,2,Y
SYSTEM,RHH_PROVICION,16,NUMBER1,NUMBER,22,,,Y
SYSTEM,RHH_PROVICION,17,NUMBER2,NUMBER,22,,,Y
SYSTEM,RHH_PROVICION,18,NUMBER3,NUMBER,22,,,Y
SYSTEM,RHH_PROVICION,19,NUMBER4,NUMBER,22,,,Y
SYSTEM,RHH_PROVICION,20,NUMBER5,NUMBER,22,,,Y
SYSTEM,RHH_PROVICION,21,VCHAR1,VARCHAR2,500,,,Y
SYSTEM,RHH_PROVICION,22,VCHAR2,VARCHAR2,500,,,Y
SYSTEM,RHH_PROVICION,23,VCHAR3,VARCHAR2,500,,,Y
SYSTEM,RHH_PROVICION,24,VCHAR4,VARCHAR2,500,,,Y
SYSTEM,RHH_PROVICION,25,VCHAR5,VARCHAR2,500,,,Y
SYSTEM,RHH_REGASIST,1,RHRA_ID,NUMBER,22,10,0,N
SYSTEM,RHH_REGASIST,2,FECHAREG,DATE,7,,,N
SYSTEM,RHH_REGASIST,3,FECHASAL,DATE,7,,,Y
SYSTEM,RHH_REGASIST,4,USUACREA,VARCHAR2,20,,,N
SYSTEM,RHH_REGASIST,5,FECHCREA,DATE,7,,,N
SYSTEM,RHH_REGASIST,6,USUACTUA,VARCHAR2,20,,,Y
SYSTEM,RHH_REGASIST,7,FECHACTU,DATE,7,,,Y
SYSTEM,RHH_REGASIST,8,RHHS_CEDURUC,VARCHAR2,13,,,N
SYSTEM,RHH_REGENTRSALI,1,EGEN_ESTADO,VARCHAR2,2,,,N
SYSTEM,RHH_REGENTRSALI,2,HRES_ID,NUMBER,22,10,0,N
SYSTEM,RHH_REGENTRSALI,3,ENTRADA,DATE,7,,,Y
SYSTEM,RHH_REGENTRSALI,4,SALIDA,DATE,7,,,Y
SYSTEM,RHH_REGENTRSALI,5,RECAHRS,NUMBER,22,15,6,Y
SYSTEM,RHH_REGENTRSALI,6,HRSEXTFES,NUMBER,22,15,6,Y
SYSTEM,RHH_REGENTRSALI,7,OBSERVAC,VARCHAR2,100,,,Y
SYSTEM,RHH_REGENTRSALI,8,USUACREA,VARCHAR2,20,,,N
SYSTEM,RHH_REGENTRSALI,9,FECHCREA,DATE,7,,,N
SYSTEM,RHH_REGENTRSALI,10,USUACTUA,VARCHAR2,20,,,Y
SYSTEM,RHH_REGENTRSALI,11,FECHACTU,DATE,7,,,Y
SYSTEM,RHH_REGENTRSALI,12,JRND_CODIGO,VARCHAR2,5,,,Y
SYSTEM,RHH_REGENTRSALI,13,RHHS_CEDURUC,VARCHAR2,13,,,N
SYSTEM,RHH_REGENTRSALI,14,NOMBRE,VARCHAR2,80,,,Y
SYSTEM,RHH_REGENTRSALI,15,PROCESA,VARCHAR2,1,,,N
SYSTEM,RHH_REGENTRSALI,16,TIPOHRDF,NUMBER,22,3,0,N
SYSTEM,RHH_REGENTRSALI,17,TIPOHRHN,NUMBER,22,3,0,N
SYSTEM,RHH_REGENTRSALI,18,TIPOHRRC,NUMBER,22,3,0,N
SYSTEM,RHH_REGENTRSALI,19,HORSLABO,NUMBER,22,15,6,N
SYSTEM,RHH_REGENTRSALI,20,HORAEXTR,NUMBER,22,15,6,N
SYSTEM,RHH_REGENTRSALI,21,VALOHREC,NUMBER,22,15,6,N
SYSTEM,RHH_REGENTRSALI,22,VALOHREX,NUMBER,22,15,6,N
SYSTEM,RHH_REGENTRSALI,23,VALOHFFS,NUMBER,22,15,6,N
SYSTEM,RHH_REGENTRSALI,24,FECHROL,DATE,7,,,Y
SYSTEM,RHH_REGENTRSALI,25,HRAENTTARDE,DATE,7,,,Y
SYSTEM,RHH_REGENTRSALI,26,HRASALTARDE,DATE,7,,,Y
SYSTEM,RHH_REGIACTI,1,LNEA_COMPANIA,VARCHAR2,10,,,Y
SYSTEM,RHH_REGIACTI,2,LNEA_CODLINEA,VARCHAR2,10,,,Y
SYSTEM,RHH_REGIACTI,3,CLTE_IDCLIENTE,NUMBER,22,10,0,N
SYSTEM,RHH_REGIACTI,4,CLTE_COMPANIA,VARCHAR2,10,,,N
SYSTEM,RHH_REGIACTI,5,PRAC_CODIGO,VARCHAR2,4,,,N
SYSTEM,RHH_REGIACTI,6,RGAC_ID,NUMBER,22,10,0,N
SYSTEM,RHH_REGIACTI,7,SOLICIDADO,VARCHAR2,100,,,N
SYSTEM,RHH_REGIACTI,8,USUACTUA,VARCHAR2,20,,,N
SYSTEM,RHH_REGIACTI,9,FECHA_SOLICITUD,DATE,7,,,N
SYSTEM,RHH_REGIACTI,10,AVANCE,NUMBER,22,3,0,N
SYSTEM,RHH_REGIACTI,11,DESCRIPCION,VARCHAR2,4000,,,Y
SYSTEM,RHH_REGIACTI,12,OBSERVACIONES,VARCHAR2,4000,,,Y
SYSTEM,RHH_REGIACTI,13,FECHACTU,DATE,7,,,Y
SYSTEM,RHH_REGIACTI,14,NOMBRE_OBJETO,VARCHAR2,100,,,Y
SYSTEM,RHH_REGIACTI,15,CLASE,VARCHAR2,20,,,Y
SYSTEM,RHH_REGIACTI,16,FECHA_COMPROMISO,DATE,7,,,Y
SYSTEM,RHH_REGIACTI,17,USUACREA,VARCHAR2,20,,,N
SYSTEM,RHH_REGIACTI,18,FECHA_INICIO,DATE,7,,,Y
SYSTEM,RHH_REGIACTI,19,COMPLEJIDAD,VARCHAR2,5,,,N
SYSTEM,RHH_REGIACTI,20,PRIORIDAD,VARCHAR2,1,,,N
SYSTEM,RHH_REGIACTI,21,FECHA_FIN,DATE,7,,,Y
SYSTEM,RHH_REGIACTI,22,FECHCREA,DATE,7,,,N
SYSTEM,RHH_REGIACTI,23,RHHS_CEDURUC,VARCHAR2,13,,,N
SYSTEM,RHH_REGIACTI,24,EGEN_ESTADO,VARCHAR2,2,,,N
SYSTEM,RHH_REGIACTI,25,SOLUCION,VARCHAR2,4000,,,Y
SYSTEM,RHH_REGIACTI,26,FRCS_TIEMPODIAS,NUMBER,22,4,0,Y
SYSTEM,RHH_REGIACTI,27,UMED_UNIDMEDI,VARCHAR2,5,,,Y
SYSTEM,RHH_REGIACTI,28,ACFIA_ACFIA_ID,NUMBER,22,10,0,Y
SYSTEM,RHH_REGIACTI,29,META,NUMBER,22,3,0,Y
SYSTEM,RHH_REGIACTI,30,CUMPLIDAS,NUMBER,22,7,2,Y
SYSTEM,RHH_REGIACTI,31,TIEMESTI,NUMBER,22,5,0,Y
SYSTEM,RHH_REGIACTI,32,ORDEN,NUMBER,22,3,0,Y
SYSTEM,RHH_REGIACTI,33,HORAINIA,DATE,7,,,Y
SYSTEM,RHH_REGIACTI,34,HORAFINA,DATE,7,,,Y
SYSTEM,RHH_REGIACTI,35,HORAFACT,NUMBER,22,18,6,Y
SYSTEM,RHH_REGIACTI,36,HRSOPORT,NUMBER,22,18,6,Y
SYSTEM,RHH_REGIACTI,37,COSTHORA,NUMBER,22,18,6,Y
SYSTEM,RHH_REGIACTI,38,TOTALFAC,NUMBER,22,18,6,Y
SYSTEM,RHH_REGISTRO,1,RHRG_ID,NUMBER,22,10,0,N
SYSTEM,RHH_REGISTRO,2,ENTRADA,DATE,7,,,N
SYSTEM,RHH_REGISTRO,3,SALIDA,DATE,7,,,N
SYSTEM,RHH_REGISTRO,4,OBSER,VARCHAR2,100,,,Y
SYSTEM,RHH_REGISTRO,5,USUACREA,VARCHAR2,20,,,N
SYSTEM,RHH_REGISTRO,6,FECHCREA,DATE,7,,,N
SYSTEM,RHH_REGISTRO,7,USUACTUA,VARCHAR2,20,,,Y
SYSTEM,RHH_REGISTRO,8,FECHACTU,DATE,7,,,Y
SYSTEM,RHH_REGISTRO,9,HRRO_HRRO_ID,NUMBER,22,10,0,N
SYSTEM,RHH_REMUNERA,1,FECHA,DATE,7,,,N
SYSTEM,RHH_REMUNERA,2,VIGENTE,VARCHAR2,1,,,N
SYSTEM,RHH_REMUNERA,3,MESINIC,NUMBER,22,2,0,Y
SYSTEM,RHH_REMUNERA,4,MESFIN,NUMBER,22,2,0,Y
SYSTEM,RHH_REMUNERA,5,FECHCREA,DATE,7,,,N
SYSTEM,RHH_REMUNERA,6,USUACREA,VARCHAR2,20,,,N
SYSTEM,RHH_REMUNERA,7,FECHACTU,DATE,7,,,Y
SYSTEM,RHH_REMUNERA,8,USUACTUA,VARCHAR2,20,,,Y
SYSTEM,RHH_REMUNERA,9,DFRL_TIPO,VARCHAR2,2,,,N
SYSTEM,RHH_REMUNERA,10,VALOR,NUMBER,22,30,8,N
SYSTEM,RHH_REMUNERA,11,PASANTE,VARCHAR2,1,,,N
SYSTEM,RHH_RESPINEG,1,RSIE_ID,NUMBER,22,10,0,N
SYSTEM,RHH_RESPINEG,2,ASTO_COMPANIA,VARCHAR2,10,,,Y
SYSTEM,RHH_RESPINEG,3,ASTO_NUMEDIAR,NUMBER,22,10,0,Y
SYSTEM,RHH_RESPINEG,4,BANC_IDBANCO,VARCHAR2,20,,,Y
SYSTEM,RHH_RESPINEG,5,DESCRIPC,VARCHAR2,300,,,Y
SYSTEM,RHH_RESPINEG,6,DFRL_TIPO,VARCHAR2,2,,,Y
SYSTEM,RHH_RESPINEG,7,DIASLABO,NUMBER,22,2,0,Y
SYSTEM,RHH_RESPINEG,8,FECHA,DATE,7,,,Y
SYSTEM,RHH_RESPINEG,9,HRSLABO,NUMBER,22,3,0,Y
SYSTEM,RHH_RESPINEG,10,NOMBCUEN,VARCHAR2,20,,,Y
SYSTEM,RHH_RESPINEG,11,REFER,VARCHAR2,30,,,Y
SYSTEM,RHH_RESPINEG,12,RHHS_CEDURUC,VARCHAR2,13,,,N
SYSTEM,RHH_RESPINEG,13,RLPG_FGENERA,DATE,7,,,Y
SYSTEM,RHH_RESPINEG,14,RLPG_OFICINA,VARCHAR2,30,,,Y
SYSTEM,RHH_RESPINEG,15,TIPOCUEN,VARCHAR2,1,,,Y
SYSTEM,RHH_RESPINEG,16,TRANSFER,VARCHAR2,1,,,N
SYSTEM,RHH_RESPINEG,17,VALOR,NUMBER,22,16,2,Y
SYSTEM,RHH_RESPINEG,18,USUACREA,VARCHAR2,20,,,N
SYSTEM,RHH_RESPINEG,19,FECHCREA,DATE,7,,,N
SYSTEM,RHH_RESPINEG,20,USUACTUA,VARCHAR2,20,,,Y
SYSTEM,RHH_RESPINEG,21,FECHACTU,DATE,7,,,Y
SYSTEM,RHH_ROLPAG,1,OFCN_OFICINA,VARCHAR2,3,,,N
SYSTEM,RHH_ROLPAG,2,FGENERA,DATE,7,,,N
SYSTEM,RHH_ROLPAG,3,OFCN_COMPANIA,VARCHAR2,10,,,N
SYSTEM,RHH_ROLPAG,4,FECHA,DATE,7,,,N
SYSTEM,RHH_ROLPAG,5,FECHCREA,DATE,7,,,N
SYSTEM,RHH_ROLPAG,6,USUACREA,VARCHAR2,20,,,N
SYSTEM,RHH_ROLPAG,7,ASTO_COMPANIA,VARCHAR2,10,,,Y
SYSTEM,RHH_ROLPAG,8,ASTO_NUMEDIAR,NUMBER,22,10,0,Y
SYSTEM,RHH_ROLPAG,9,OBSERVAC,VARCHAR2,200,,,Y
SYSTEM,RHH_ROLPAG,10,FECHACTU,DATE,7,,,Y
SYSTEM,RHH_ROLPAG,11,USUACTUA,VARCHAR2,20,,,Y
SYSTEM,RHH_ROLPAG,12,EGEN_ESTADO,VARCHAR2,2,,,N
SYSTEM,RHH_SALABASIC,1,VALOR,NUMBER,22,12,2,N
SYSTEM,RHH_SALABASIC,2,FECHA,DATE,7,,,N
SYSTEM,RHH_SALABASIC,3,OBSERV,VARCHAR2,100,,,Y
SYSTEM,RHH_SALABASIC,4,FECHCREA,DATE,7,,,N
SYSTEM,RHH_SALABASIC,5,USUACREA,VARCHAR2,20,,,N
SYSTEM,RHH_SALABASIC,6,FECHACTU,DATE,7,,,Y
SYSTEM,RHH_SALABASIC,7,USUACTUA,VARCHAR2,20,,,Y
SYSTEM,RHH_SALARIOS,1,RHHS_CEDURUC,VARCHAR2,13,,,N
SYSTEM,RHH_SALARIOS,2,VALOR,NUMBER,22,16,2,N
SYSTEM,RHH_SALARIOS,3,VIGENTE,VARCHAR2,1,,,N
SYSTEM,RHH_SALARIOS,4,FECHA,DATE,7,,,N
SYSTEM,RHH_SALARIOS,5,DESCRIP,VARCHAR2,200,,,Y
SYSTEM,RHH_SALARIOS,6,FECHCREA,DATE,7,,,N
SYSTEM,RHH_SALARIOS,7,USUACREA,VARCHAR2,20,,,N
SYSTEM,RHH_SALARIOS,8,FECHACTUA,DATE,7,,,Y
SYSTEM,RHH_SALARIOS,9,USUACTUA,VARCHAR2,20,,,Y
SYSTEM,RHH_SALARIOS,10,RHH_ID,NUMBER,22,10,0,N
SYSTEM,RHH_SALARIOS,11,VALOQUIN,NUMBER,22,16,2,N
SYSTEM,RHH_SALARIOS,12,TPCR_CODIGO,VARCHAR2,4,,,Y
SYSTEM,RHH_SALARIOS,13,HORAMENS,NUMBER,22,16,2,Y
SYSTEM,RHH_SALARIOS,14,CALCUDT,VARCHAR2,1,,,N
SYSTEM,RHH_SALARIOS,15,CALCUVC,VARCHAR2,1,,,N
SYSTEM,RHH_SALARIOS,16,CALCUFR,VARCHAR2,1,,,N
SYSTEM,RHH_SALARIOS,17,CALCUDC,VARCHAR2,1,,,N
SYSTEM,RHH_SALARIOS,18,FECHLIQU,DATE,7,,,Y
SYSTEM,RHH_SALARIOS,19,CARGO,VARCHAR2,100,,,Y
SYSTEM,RHH_SALARIOS,20,DEPARTAM,VARCHAR2,100,,,Y
SYSTEM,RHH_SALARIOS,21,FEINICONT,DATE,7,,,N
SYSTEM,RHH_SALARIOS,22,FEFINCONT,DATE,7,,,Y
SYSTEM,RHH_SALARIOS,23,PROVIDT,VARCHAR2,1,,,N
SYSTEM,RHH_SALARIOS,24,PROVIDC,VARCHAR2,1,,,N
SYSTEM,RHH_SALARIOS,25,PROVIVC,VARCHAR2,1,,,N
SYSTEM,RHH_SALARIOS,26,PROVIFR,VARCHAR2,1,,,N
SYSTEM,RHH_SALARIOS,27,OBS,VARCHAR2,4000,,,Y
SYSTEM,RHH_SALARIOS,28,PASANTE,VARCHAR2,1,,,N
SYSTEM,RHH_SALARIOS,29,EXTESALU,VARCHAR2,1,,,N
SYSTEM,RHH_SALARIOS,30,PRIDIAFR,VARCHAR2,1,,,N
SYSTEM,RHH_SALIDPERS,1,RHHS_CEDURUC,VARCHAR2,13,,,N
SYSTEM,RHH_SALIDPERS,2,DIASLABO,NUMBER,22,2,0,Y
SYSTEM,RHH_SALIDPERS,3,DIASPEND,NUMBER,22,2,0,Y
SYSTEM,RHH_SALIDPERS,4,PERINI,NUMBER,22,4,0,Y
SYSTEM,RHH_SALIDPERS,5,PERFIN,NUMBER,22,4,0,Y
SYSTEM,RHH_SALIDPERS,6,TPSA_TIPOSALI,VARCHAR2,1,,,N
SYSTEM,RHH_SALIDPERS,7,FECHINIC,DATE,7,,,N
SYSTEM,RHH_SALIDPERS,8,FECHFINI,DATE,7,,,N
SYSTEM,RHH_SALIDPERS,9,JUSTIFICADO,VARCHAR2,1,,,N
SYSTEM,RHH_SALIDPERS,10,OBSERVAC,VARCHAR2,400,,,Y
SYSTEM,RHH_SALIDPERS,11,FECHCREA,DATE,7,,,N
SYSTEM,RHH_SALIDPERS,12,USUACREA,VARCHAR2,20,,,N
SYSTEM,RHH_SALIDPERS,13,FECHACTU,DATE,7,,,Y
SYSTEM,RHH_SALIDPERS,14,USUACTUA,VARCHAR2,20,,,Y
SYSTEM,RHH_SALIDPERS,15,SAPE_ID,NUMBER,22,10,0,N
SYSTEM,RHH_SALIDPERS,16,EGEN_ESTADO,VARCHAR2,2,,,N
SYSTEM,RHH_SALIDPERS,17,SAPE_SAPE_ID,NUMBER,22,10,0,Y
SYSTEM,RHH_SALIDPERS,18,DIASDESC,NUMBER,22,2,0,Y
SYSTEM,RHH_SALIDPERS,19,VALOPAGA,NUMBER,22,16,2,Y
SYSTEM,RHH_SALIDPERS,20,ASTO_COMPANIA,VARCHAR2,10,,,Y
SYSTEM,RHH_SALIDPERS,21,ASTO_NUMEDIAR,NUMBER,22,10,0,Y
SYSTEM,RHH_SALIDPERS,22,JUSTVACA,VARCHAR2,1,,,N
SYSTEM,RHH_SALIDPERS,23,DIAS,NUMBER,22,2,0,Y
SYSTEM,RHH_SALIDPERS,24,HORAS,NUMBER,22,2,0,Y
SYSTEM,RHH_SALIDPERS,25,MINUTOS,NUMBER,22,2,0,Y
SYSTEM,RHH_SALIDPERS,26,TOTAL,NUMBER,22,7,2,Y
SYSTEM,RHH_SOLIEMPL,1,NOMBRE,VARCHAR2,80,,,N
SYSTEM,RHH_SOLIEMPL,2,DIRECCION,VARCHAR2,100,,,N
SYSTEM,RHH_SOLIEMPL,3,FECHCREA,DATE,7,,,N
SYSTEM,RHH_SOLIEMPL,4,USUACREA,VARCHAR2,20,,,N
SYSTEM,RHH_SOLIEMPL,5,FECHACTU,DATE,7,,,Y
SYSTEM,RHH_SOLIEMPL,6,USUACTUA,VARCHAR2,20,,,N
SYSTEM,RHH_SOLIEMPL,7,SLEM_ID,NUMBER,22,10,0,N
SYSTEM,RHH_TIEMLABO,1,RHTL_ID,NUMBER,22,10,0,N
SYSTEM,RHH_TIEMLABO,2,NUMEHORA,NUMBER,22,10,2,N
SYSTEM,RHH_TIEMLABO,3,OBSERVAC,VARCHAR2,200,,,Y
SYSTEM,RHH_TIEMLABO,4,FECHA,DATE,7,,,N
SYSTEM,RHH_TIEMLABO,5,USUACREA,VARCHAR2,20,,,N
SYSTEM,RHH_TIEMLABO,6,FECHCREA,DATE,7,,,N
SYSTEM,RHH_TIEMLABO,7,USUACTUA,VARCHAR2,20,,,Y
SYSTEM,RHH_TIEMLABO,8,FECHACTU,DATE,7,,,Y
SYSTEM,RHH_TIEMLABO,9,RHHS_CEDURUC,VARCHAR2,13,,,N
SYSTEM,RHH_TIPOCNTR,1,CODIGO,VARCHAR2,4,,,N
SYSTEM,RHH_TIPOCNTR,2,NOMBRE,VARCHAR2,50,,,N
SYSTEM,RHH_TIPOCNTR,3,VIGENTE,VARCHAR2,1,,,N
SYSTEM,RHH_TIPOCNTR,4,USUACREA,VARCHAR2,20,,,N
SYSTEM,RHH_TIPOCNTR,5,FECHCREA,DATE,7,,,N
SYSTEM,RHH_TIPOCNTR,6,USUACTUA,VARCHAR2,20,,,Y
SYSTEM,RHH_TIPOCNTR,7,FECHACTU,DATE,7,,,Y
SYSTEM,RHH_TIPODISCA,1,TIPO,VARCHAR2,4,,,N
SYSTEM,RHH_TIPODISCA,2,DESCRIPC,VARCHAR2,500,,,N
SYSTEM,RHH_TIPODISCA,3,VIGENTE,VARCHAR2,1,,,N
SYSTEM,RHH_TIPODISCA,4,FECHCREA,DATE,7,,,N
SYSTEM,RHH_TIPODISCA,5,USUACREA,VARCHAR2,20,,,N
SYSTEM,RHH_TIPODISCA,6,USUACTUA,VARCHAR2,20,,,Y
SYSTEM,RHH_TIPODISCA,7,FECHACTU,DATE,7,,,Y
SYSTEM,RHH_TIPODISCA,8,NUMBER1,NUMBER,22,,,Y
SYSTEM,RHH_TIPODISCA,9,NUMBER2,NUMBER,22,,,Y
SYSTEM,RHH_TIPODISCA,10,NUMBER3,NUMBER,22,,,Y
SYSTEM,RHH_TIPODISCA,11,NUMBER4,NUMBER,22,,,Y
SYSTEM,RHH_TIPODISCA,12,NUMBER5,NUMBER,22,,,Y
SYSTEM,RHH_TIPODISCA,13,VCHAR1,VARCHAR2,500,,,Y
SYSTEM,RHH_TIPODISCA,14,VCHAR2,VARCHAR2,500,,,Y
SYSTEM,RHH_TIPODISCA,15,VCHAR3,VARCHAR2,500,,,Y
SYSTEM,RHH_TIPODISCA,16,VCHAR4,VARCHAR2,500,,,Y
SYSTEM,RHH_TIPODISCA,17,VCHAR5,VARCHAR2,500,,,Y
SYSTEM,RHH_TIPOGAST,1,CODIGAST,VARCHAR2,4,,,N
SYSTEM,RHH_TIPOGAST,2,DESCRIPCION,VARCHAR2,200,,,N
SYSTEM,RHH_TIPOGAST,3,SIGNO,VARCHAR2,1,,,N
SYSTEM,RHH_TIPOGAST,4,ACTIVO,VARCHAR2,1,,,N
SYSTEM,RHH_TIPOGAST,5,USUACREA,VARCHAR2,20,,,N
SYSTEM,RHH_TIPOGAST,6,FECHCREA,DATE,7,,,N
SYSTEM,RHH_TIPOGAST,7,USUACTUA,VARCHAR2,20,,,Y
SYSTEM,RHH_TIPOGAST,8,FECHACTU,DATE,7,,,Y
SYSTEM,RHH_TIPOGAST,9,INSTRUCCION,VARCHAR2,4000,,,Y
SYSTEM,RHH_TIPOHORA,1,TIPOHORA,NUMBER,22,3,0,N
SYSTEM,RHH_TIPOHORA,2,DESCRIP,VARCHAR2,200,,,Y
SYSTEM,RHH_TIPOHORA,3,USUACTUA,VARCHAR2,20,,,Y
SYSTEM,RHH_TIPOHORA,4,FECHACTU,DATE,7,,,Y
SYSTEM,RHH_TIPOHORA,5,USUACREA,VARCHAR2,20,,,N
SYSTEM,RHH_TIPOHORA,6,FECHCREA,DATE,7,,,N
SYSTEM,RHH_TIPOHORA,7,RECARGO,VARCHAR2,1,,,N
SYSTEM,RHH_TIPOPROC,1,DCNT_CODIGO,VARCHAR2,5,,,Y
SYSTEM,RHH_TIPOPROC,2,CODIGO,VARCHAR2,10,,,N
SYSTEM,RHH_TIPOPROC,3,NOMBRE,VARCHAR2,50,,,N
SYSTEM,RHH_TIPOPROC,4,USUACREA,VARCHAR2,20,,,N
SYSTEM,RHH_TIPOPROC,5,FECHCREA,DATE,7,,,N
SYSTEM,RHH_TIPOPROC,6,DESCRIPC,VARCHAR2,100,,,Y
SYSTEM,RHH_TIPOPROC,7,USUACTUA,VARCHAR2,20,,,Y
SYSTEM,RHH_TIPOPROC,8,FECHACTU,DATE,7,,,Y
SYSTEM,RHH_TIPOPROV,1,CODIPROV,VARCHAR2,2,,,N
SYSTEM,RHH_TIPOPROV,2,NOMBRE,VARCHAR2,30,,,N
SYSTEM,RHH_TIPOPROV,3,DESCRIPC,VARCHAR2,200,,,Y
SYSTEM,RHH_TIPOPROV,4,VIGENTE,VARCHAR2,1,,,N
SYSTEM,RHH_TIPOPROV,5,TASA,NUMBER,22,7,4,Y
SYSTEM,RHH_TIPOPROV,6,APLIFORE,VARCHAR2,1,,,N
SYSTEM,RHH_TIPOPROV,7,FECHCREA,DATE,7,,,N
SYSTEM,RHH_TIPOPROV,8,USUACREA,VARCHAR2,20,,,N
SYSTEM,RHH_TIPOPROV,9,FECHACTU,DATE,7,,,Y
SYSTEM,RHH_TIPOPROV,10,USUACTUA,VARCHAR2,20,,,Y
SYSTEM,RHH_TIPOPROV,11,IMPRIME,VARCHAR2,1,,,N
SYSTEM,RHH_TIPOSALIDA,1,TIPOSALI,VARCHAR2,1,,,N
SYSTEM,RHH_TIPOSALIDA,2,NOMBRE,VARCHAR2,20,,,N
SYSTEM,RHH_TIPOSALIDA,3,FECHCREA,DATE,7,,,N
SYSTEM,RHH_TIPOSALIDA,4,USUACREA,VARCHAR2,20,,,N
SYSTEM,RHH_TIPOSALIDA,5,FECHACTU,DATE,7,,,Y
SYSTEM,RHH_TIPOSALIDA,6,USUACTUA,VARCHAR2,20,,,Y
SYSTEM,RHH_VENCIMIEN,1,CRED_CRED_ID,NUMBER,22,10,0,N
SYSTEM,RHH_VENCIMIEN,2,EGEN_ESTADO,VARCHAR2,2,,,N
SYSTEM,RHH_VENCIMIEN,3,NUMECUOT,NUMBER,22,4,0,N
SYSTEM,RHH_VENCIMIEN,4,CAPITAL,NUMBER,22,16,2,N
SYSTEM,RHH_VENCIMIEN,5,VALOCUOT,NUMBER,22,16,2,N
SYSTEM,RHH_VENCIMIEN,6,DIAS,NUMBER,22,6,0,N
SYSTEM,RHH_VENCIMIEN,7,INTERES,NUMBER,22,16,2,Y
SYSTEM,RHH_VENCIMIEN,8,OBS,VARCHAR2,400,,,Y
SYSTEM,RHH_VENCIMIEN,9,FECHVCTO,DATE,7,,,N
SYSTEM,RHH_VENCIMIEN,10,FECHCANC,DATE,7,,,Y
SYSTEM,RHH_VENCIMIEN,11,FECHCREA,DATE,7,,,N
SYSTEM,RHH_VENCIMIEN,12,USUACREA,VARCHAR2,20,,,N
SYSTEM,RHH_VENCIMIEN,13,FECHACTU,DATE,7,,,Y
SYSTEM,RHH_VENCIMIEN,14,USUACTUA,VARCHAR2,20,,,Y
SYSTEM,RHH_VENCIMIEN,15,VNCT_ID,NUMBER,22,10,0,N
SYSTEM,RMT_MOVICABE,1,ARMC_ID,NUMBER,22,10,0,N
SYSTEM,RMT_MOVICABE,2,CMORECA,NUMBER,22,10,0,N
SYSTEM,RMT_MOVICABE,3,SECUENCI,NUMBER,22,10,0,N
SYSTEM,RMT_MOVICABE,4,ARMC_ARMC_ID,NUMBER,22,10,0,Y
SYSTEM,RMT_MOVICABE,5,FECHA,DATE,7,,,Y
SYSTEM,ROLLING$CONNECTIONS,1,SOURCE_RDBID,NUMBER,22,,,Y
SYSTEM,ROLLING$CONNECTIONS,2,DEST_RDBID,NUMBER,22,,,Y
SYSTEM,ROLLING$CONNECTIONS,3,ATTRIBUTES,NUMBER,22,,,Y
SYSTEM,ROLLING$CONNECTIONS,4,SERVICE_NAME,VARCHAR2,256,,,Y
SYSTEM,ROLLING$CONNECTIONS,5,CONN_HANDLE,NUMBER,22,,,Y
SYSTEM,ROLLING$CONNECTIONS,6,CONNECT_TIME,TIMESTAMP(6),11,,6,Y
SYSTEM,ROLLING$CONNECTIONS,7,SEND_TIME,TIMESTAMP(6),11,,6,Y
SYSTEM,ROLLING$CONNECTIONS,8,DISCONNECT_TIME,TIMESTAMP(6),11,,6,Y
SYSTEM,ROLLING$CONNECTIONS,9,UPDATE_TIME,TIMESTAMP(6),11,,6,Y
SYSTEM,ROLLING$CONNECTIONS,10,SOURCE_PID,NUMBER,22,,,Y
SYSTEM,ROLLING$CONNECTIONS,11,DEST_PID,NUMBER,22,,,Y
SYSTEM,ROLLING$CONNECTIONS,12,SPARE1,NUMBER,22,,,Y
SYSTEM,ROLLING$CONNECTIONS,13,SPARE2,NUMBER,22,,,Y
SYSTEM,ROLLING$CONNECTIONS,14,SPARE3,VARCHAR2,128,,,Y
SYSTEM,ROLLING$DATABASES,1,RDBID,NUMBER,22,,,Y
SYSTEM,ROLLING$DATABASES,2,ATTRIBUTES,NUMBER,22,,,Y
SYSTEM,ROLLING$DATABASES,3,ATTRIBUTES2,NUMBER,22,,,Y
SYSTEM,ROLLING$DATABASES,4,DBUN,VARCHAR2,128,,,Y
SYSTEM,ROLLING$DATABASES,5,DBID,NUMBER,22,,,Y
SYSTEM,ROLLING$DATABASES,6,PROD_RSCN,NUMBER,22,,,Y
SYSTEM,ROLLING$DATABASES,7,PROD_RID,NUMBER,22,,,Y
SYSTEM,ROLLING$DATABASES,8,PROD_SCN,NUMBER,22,,,Y
SYSTEM,ROLLING$DATABASES,9,CONS_RSCN,NUMBER,22,,,Y
SYSTEM,ROLLING$DATABASES,10,CONS_RID,NUMBER,22,,,Y
SYSTEM,ROLLING$DATABASES,11,CONS_SCN,NUMBER,22,,,Y
SYSTEM,ROLLING$DATABASES,12,ENGINE_STATUS,NUMBER,22,,,Y
SYSTEM,ROLLING$DATABASES,13,VERSION,VARCHAR2,128,,,Y
SYSTEM,ROLLING$DATABASES,14,REDO_SOURCE,NUMBER,22,,,Y
SYSTEM,ROLLING$DATABASES,15,UPDATE_TIME,TIMESTAMP(6),11,,6,Y
SYSTEM,ROLLING$DATABASES,16,REVISION,NUMBER,22,,,Y
SYSTEM,ROLLING$DATABASES,17,SPARE1,NUMBER,22,,,Y
SYSTEM,ROLLING$DATABASES,18,SPARE2,NUMBER,22,,,Y
SYSTEM,ROLLING$DATABASES,19,SPARE3,VARCHAR2,128,,,Y
SYSTEM,ROLLING$DIRECTIVES,1,DIRECTID,NUMBER,22,,,Y
SYSTEM,ROLLING$DIRECTIVES,2,PHASE,NUMBER,22,,,Y
SYSTEM,ROLLING$DIRECTIVES,3,TASKID,NUMBER,22,,,Y
SYSTEM,ROLLING$DIRECTIVES,4,FEATURE,VARCHAR2,32,,,Y
SYSTEM,ROLLING$DIRECTIVES,5,DESCRIPTION,VARCHAR2,256,,,Y
SYSTEM,ROLLING$DIRECTIVES,6,TARGET,NUMBER,22,,,Y
SYSTEM,ROLLING$DIRECTIVES,7,FLAGS,VARCHAR2,64,,,Y
SYSTEM,ROLLING$DIRECTIVES,8,OPCODE,NUMBER,22,,,Y
SYSTEM,ROLLING$DIRECTIVES,9,P1,VARCHAR2,256,,,Y
SYSTEM,ROLLING$DIRECTIVES,10,P2,VARCHAR2,256,,,Y
SYSTEM,ROLLING$DIRECTIVES,11,P3,VARCHAR2,256,,,Y
SYSTEM,ROLLING$DIRECTIVES,12,SPARE1,NUMBER,22,,,Y
SYSTEM,ROLLING$DIRECTIVES,13,SPARE2,NUMBER,22,,,Y
SYSTEM,ROLLING$DIRECTIVES,14,SPARE3,VARCHAR2,256,,,Y
SYSTEM,ROLLING$EVENTS,1,EVENTID,NUMBER,22,,,Y
SYSTEM,ROLLING$EVENTS,2,INSTID,NUMBER,22,,,Y
SYSTEM,ROLLING$EVENTS,3,REVISION,NUMBER,22,,,Y
SYSTEM,ROLLING$EVENTS,4,EVENT_TIME,TIMESTAMP(6),11,,6,Y
SYSTEM,ROLLING$EVENTS,5,TYPE,VARCHAR2,16,,,Y
SYSTEM,ROLLING$EVENTS,6,STATUS,NUMBER,22,,,Y
SYSTEM,ROLLING$EVENTS,7,MESSAGE,VARCHAR2,256,,,Y
SYSTEM,ROLLING$EVENTS,8,SPARE1,NUMBER,22,,,Y
SYSTEM,ROLLING$EVENTS,9,SPARE2,NUMBER,22,,,Y
SYSTEM,ROLLING$EVENTS,10,SPARE3,VARCHAR2,128,,,Y
SYSTEM,ROLLING$PARAMETERS,1,SCOPE,NUMBER,22,,,Y
SYSTEM,ROLLING$PARAMETERS,2,NAME,VARCHAR2,32,,,Y
SYSTEM,ROLLING$PARAMETERS,3,ID,NUMBER,22,,,Y
SYSTEM,ROLLING$PARAMETERS,4,DESCRIP,VARCHAR2,256,,,Y
SYSTEM,ROLLING$PARAMETERS,5,TYPE,NUMBER,22,,,Y
SYSTEM,ROLLING$PARAMETERS,6,DATATYPE,NUMBER,22,,,Y
SYSTEM,ROLLING$PARAMETERS,7,ATTRIBUTES,NUMBER,22,,,Y
SYSTEM,ROLLING$PARAMETERS,8,CURVAL,VARCHAR2,1024,,,Y
SYSTEM,ROLLING$PARAMETERS,9,LSTVAL,VARCHAR2,1024,,,Y
SYSTEM,ROLLING$PARAMETERS,10,DEFVAL,VARCHAR2,1024,,,Y
SYSTEM,ROLLING$PARAMETERS,11,MINVAL,NUMBER,22,,,Y
SYSTEM,ROLLING$PARAMETERS,12,MAXVAL,NUMBER,22,,,Y
SYSTEM,ROLLING$PARAMETERS,13,SPARE1,NUMBER,22,,,Y
SYSTEM,ROLLING$PARAMETERS,14,SPARE2,NUMBER,22,,,Y
SYSTEM,ROLLING$PARAMETERS,15,SPARE3,VARCHAR2,128,,,Y
SYSTEM,ROLLING$PLAN,1,INSTID,NUMBER,22,,,Y
SYSTEM,ROLLING$PLAN,2,BATCHID,NUMBER,22,,,Y
SYSTEM,ROLLING$PLAN,3,DIRECTID,NUMBER,22,,,Y
SYSTEM,ROLLING$PLAN,4,TASKID,NUMBER,22,,,Y
SYSTEM,ROLLING$PLAN,5,REVISION,NUMBER,22,,,Y
SYSTEM,ROLLING$PLAN,6,PHASE,NUMBER,22,,,Y
SYSTEM,ROLLING$PLAN,7,STATUS,NUMBER,22,,,Y
SYSTEM,ROLLING$PLAN,8,PROGRESS,NUMBER,22,,,Y
SYSTEM,ROLLING$PLAN,9,SOURCE,NUMBER,22,,,Y
SYSTEM,ROLLING$PLAN,10,TARGET,NUMBER,22,,,Y
SYSTEM,ROLLING$PLAN,11,RFLAGS,NUMBER,22,,,Y
SYSTEM,ROLLING$PLAN,12,OPCODE,NUMBER,22,,,Y
SYSTEM,ROLLING$PLAN,13,P1,VARCHAR2,256,,,Y
SYSTEM,ROLLING$PLAN,14,P2,VARCHAR2,256,,,Y
SYSTEM,ROLLING$PLAN,15,P3,VARCHAR2,256,,,Y
SYSTEM,ROLLING$PLAN,16,P4,VARCHAR2,256,,,Y
SYSTEM,ROLLING$PLAN,17,DESCRIPTION,VARCHAR2,256,,,Y
SYSTEM,ROLLING$PLAN,18,EXEC_STATUS,NUMBER,22,,,Y
SYSTEM,ROLLING$PLAN,19,EXEC_INFO,VARCHAR2,256,,,Y
SYSTEM,ROLLING$PLAN,20,EXEC_TIME,TIMESTAMP(6),11,,6,Y
SYSTEM,ROLLING$PLAN,21,FINISH_TIME,TIMESTAMP(6),11,,6,Y
SYSTEM,ROLLING$PLAN,22,POST_STATUS,NUMBER,22,,,Y
SYSTEM,ROLLING$PLAN,23,SPARE1,NUMBER,22,,,Y
SYSTEM,ROLLING$PLAN,24,SPARE2,NUMBER,22,,,Y
SYSTEM,ROLLING$PLAN,25,SPARE3,VARCHAR2,256,,,Y
SYSTEM,ROLLING$STATISTICS,1,STATID,NUMBER,22,,,Y
SYSTEM,ROLLING$STATISTICS,2,RDBID,NUMBER,22,,,Y
SYSTEM,ROLLING$STATISTICS,3,ATTRIBUTES,NUMBER,22,,,Y
SYSTEM,ROLLING$STATISTICS,4,TYPE,NUMBER,22,,,Y
SYSTEM,ROLLING$STATISTICS,5,NAME,VARCHAR2,256,,,Y
SYSTEM,ROLLING$STATISTICS,6,VALUESTR,VARCHAR2,256,,,Y
SYSTEM,ROLLING$STATISTICS,7,VALUENUM,NUMBER,22,,,Y
SYSTEM,ROLLING$STATISTICS,8,VALUETS,TIMESTAMP(6),11,,6,Y
SYSTEM,ROLLING$STATISTICS,9,VALUEINT,INTERVAL DAY(3) TO SECOND(2),11,3,2,Y
SYSTEM,ROLLING$STATISTICS,10,UPDATE_TIME,TIMESTAMP(6),11,,6,Y
SYSTEM,ROLLING$STATISTICS,11,SPARE1,NUMBER,22,,,Y
SYSTEM,ROLLING$STATISTICS,12,SPARE2,NUMBER,22,,,Y
SYSTEM,ROLLING$STATISTICS,13,SPARE3,VARCHAR2,128,,,Y
SYSTEM,ROLLING$STATUS,1,REVISION,NUMBER,22,,,Y
SYSTEM,ROLLING$STATUS,2,PHASE,NUMBER,22,,,Y
SYSTEM,ROLLING$STATUS,3,BATCHID,NUMBER,22,,,Y
SYSTEM,ROLLING$STATUS,4,STATUS,NUMBER,22,,,Y
SYSTEM,ROLLING$STATUS,5,COORDID,NUMBER,22,,,Y
SYSTEM,ROLLING$STATUS,6,OPRIMARY,NUMBER,22,,,Y
SYSTEM,ROLLING$STATUS,7,FPRIMARY,NUMBER,22,,,Y
SYSTEM,ROLLING$STATUS,8,PID,NUMBER,22,,,Y
SYSTEM,ROLLING$STATUS,9,INSTANCE,NUMBER,22,,,Y
SYSTEM,ROLLING$STATUS,10,DBTOTAL,NUMBER,22,,,Y
SYSTEM,ROLLING$STATUS,11,DBACTIVE,NUMBER,22,,,Y
SYSTEM,ROLLING$STATUS,12,LOCATION,VARCHAR2,128,,,Y
SYSTEM,ROLLING$STATUS,13,INIT_TIME,TIMESTAMP(6),11,,6,Y
SYSTEM,ROLLING$STATUS,14,BUILD_TIME,TIMESTAMP(6),11,,6,Y
SYSTEM,ROLLING$STATUS,15,START_TIME,TIMESTAMP(6),11,,6,Y
SYSTEM,ROLLING$STATUS,16,SWITCH_TIME,TIMESTAMP(6),11,,6,Y
SYSTEM,ROLLING$STATUS,17,FINISH_TIME,TIMESTAMP(6),11,,6,Y
SYSTEM,ROLLING$STATUS,18,LAST_INSTID,NUMBER,22,,,Y
SYSTEM,ROLLING$STATUS,19,LAST_BATCHID,NUMBER,22,,,Y
SYSTEM,ROLLING$STATUS,20,SPARE1,NUMBER,22,,,Y
SYSTEM,ROLLING$STATUS,21,SPARE2,NUMBER,22,,,Y
SYSTEM,ROLLING$STATUS,22,SPARE3,VARCHAR2,128,,,Y
SYSTEM,SALDO_AUX,1,FECHA,VARCHAR2,15,,,Y
SYSTEM,SALDO_AUX,2,FECHAVENC,VARCHAR2,15,,,Y
SYSTEM,SALDO_AUX,3,SERIE,VARCHAR2,10,,,Y
SYSTEM,SALDO_AUX,4,NUMERO,VARCHAR2,20,,,Y
SYSTEM,SALDO_AUX,5,DESCRIPC,VARCHAR2,150,,,Y
SYSTEM,SALDO_AUX,6,SALDO,NUMBER,22,18,4,Y
SYSTEM,SALDO_AUX,7,REFER,VARCHAR2,50,,,Y
SYSTEM,SALDO_AUX,8,OFICINA,VARCHAR2,10,,,Y
SYSTEM,SALDO_AUX,9,VENDEDOR,VARCHAR2,200,,,Y
SYSTEM,SALDO_AUX,10,COD_CLIENTE,VARCHAR2,10,,,Y
SYSTEM,SALDO_AUX,11,CEDULA,VARCHAR2,13,,,Y
SYSTEM,SALDO_AUX,12,NOMBRE,VARCHAR2,200,,,Y
SYSTEM,SCHEDULER_JOB_ARGS,1,OWNER,VARCHAR2,128,,,Y
SYSTEM,SCHEDULER_JOB_ARGS,2,JOB_NAME,VARCHAR2,128,,,Y
SYSTEM,SCHEDULER_JOB_ARGS,3,ARGUMENT_NAME,VARCHAR2,128,,,Y
SYSTEM,SCHEDULER_JOB_ARGS,4,ARGUMENT_POSITION,NUMBER,22,,,Y
SYSTEM,SCHEDULER_JOB_ARGS,5,ARGUMENT_TYPE,VARCHAR2,257,,,Y
SYSTEM,SCHEDULER_JOB_ARGS,6,VALUE,VARCHAR2,4000,,,Y
SYSTEM,SCHEDULER_JOB_ARGS,7,ANYDATA_VALUE,ANYDATA,64,,,Y
SYSTEM,SCHEDULER_JOB_ARGS,8,OUT_ARGUMENT,VARCHAR2,5,,,Y
SYSTEM,SCHEDULER_JOB_ARGS_TBL,1,OWNER,VARCHAR2,128,,,Y
SYSTEM,SCHEDULER_JOB_ARGS_TBL,2,JOB_NAME,VARCHAR2,128,,,Y
SYSTEM,SCHEDULER_JOB_ARGS_TBL,3,ARGUMENT_NAME,VARCHAR2,128,,,Y
SYSTEM,SCHEDULER_JOB_ARGS_TBL,4,ARGUMENT_POSITION,NUMBER,22,,,Y
SYSTEM,SCHEDULER_JOB_ARGS_TBL,5,ARGUMENT_TYPE,VARCHAR2,257,,,Y
SYSTEM,SCHEDULER_JOB_ARGS_TBL,6,VALUE,VARCHAR2,4000,,,Y
SYSTEM,SCHEDULER_JOB_ARGS_TBL,7,ANYDATA_VALUE,ANYDATA,3752,,,Y
SYSTEM,SCHEDULER_JOB_ARGS_TBL,8,OUT_ARGUMENT,VARCHAR2,5,,,Y
SYSTEM,SCHEDULER_PROGRAM_ARGS,1,OWNER,VARCHAR2,128,,,N
SYSTEM,SCHEDULER_PROGRAM_ARGS,2,PROGRAM_NAME,VARCHAR2,128,,,N
SYSTEM,SCHEDULER_PROGRAM_ARGS,3,ARGUMENT_NAME,VARCHAR2,128,,,Y
SYSTEM,SCHEDULER_PROGRAM_ARGS,4,ARGUMENT_POSITION,NUMBER,22,,,N
SYSTEM,SCHEDULER_PROGRAM_ARGS,5,ARGUMENT_TYPE,VARCHAR2,257,,,Y
SYSTEM,SCHEDULER_PROGRAM_ARGS,6,METADATA_ATTRIBUTE,VARCHAR2,19,,,Y
SYSTEM,SCHEDULER_PROGRAM_ARGS,7,DEFAULT_VALUE,VARCHAR2,4000,,,Y
SYSTEM,SCHEDULER_PROGRAM_ARGS,8,DEFAULT_ANYDATA_VALUE,ANYDATA,4424,,,Y
SYSTEM,SCHEDULER_PROGRAM_ARGS,9,OUT_ARGUMENT,VARCHAR2,5,,,Y
SYSTEM,SCHEDULER_PROGRAM_ARGS_TBL,1,OWNER,VARCHAR2,128,,,N
SYSTEM,SCHEDULER_PROGRAM_ARGS_TBL,2,PROGRAM_NAME,VARCHAR2,128,,,N
SYSTEM,SCHEDULER_PROGRAM_ARGS_TBL,3,ARGUMENT_NAME,VARCHAR2,128,,,Y
SYSTEM,SCHEDULER_PROGRAM_ARGS_TBL,4,ARGUMENT_POSITION,NUMBER,22,,,N
SYSTEM,SCHEDULER_PROGRAM_ARGS_TBL,5,ARGUMENT_TYPE,VARCHAR2,257,,,Y
SYSTEM,SCHEDULER_PROGRAM_ARGS_TBL,6,METADATA_ATTRIBUTE,VARCHAR2,19,,,Y
SYSTEM,SCHEDULER_PROGRAM_ARGS_TBL,7,DEFAULT_VALUE,VARCHAR2,4000,,,Y
SYSTEM,SCHEDULER_PROGRAM_ARGS_TBL,8,DEFAULT_ANYDATA_VALUE,ANYDATA,3752,,,Y
SYSTEM,SCHEDULER_PROGRAM_ARGS_TBL,9,OUT_ARGUMENT,VARCHAR2,5,,,Y
SYSTEM,SEG_ACCEFORM,1,APLC_NOMBRE,VARCHAR2,30,,,N
SYSTEM,SEG_ACCEFORM,2,APLC_TIPOAPLI,VARCHAR2,10,,,N
SYSTEM,SEG_ACCEFORM,3,ROL_CARGO,VARCHAR2,4,,,N
SYSTEM,SEG_ACCEFORM,4,ADMITIR,VARCHAR2,1,,,N
SYSTEM,SEG_ACCEFORM,5,FECHCREA,DATE,7,,,N
SYSTEM,SEG_ACCEFORM,6,USUACREA,VARCHAR2,20,,,N
SYSTEM,SEG_ACCEFORM,7,DESCRIPC,VARCHAR2,100,,,Y
SYSTEM,SEG_ACCEFORM,8,USUACTUA,VARCHAR2,20,,,Y
SYSTEM,SEG_ACCEFORM,9,FECHACTU,DATE,7,,,Y
SYSTEM,SEG_APLICACION,1,TPAP_TIPOAPLI,VARCHAR2,10,,,N
SYSTEM,SEG_APLICACION,2,NOMBRE,VARCHAR2,30,,,N
SYSTEM,SEG_APLICACION,3,HABILITA,VARCHAR2,1,,,N
SYSTEM,SEG_APLICACION,4,FECHCREA,DATE,7,,,N
SYSTEM,SEG_APLICACION,5,USUACREA,VARCHAR2,20,,,N
SYSTEM,SEG_APLICACION,6,CODIDESG,VARCHAR2,50,,,Y
SYSTEM,SEG_APLICACION,7,DESCRIPC,VARCHAR2,150,,,Y
SYSTEM,SEG_APLICACION,8,RESPONSA,VARCHAR2,50,,,Y
SYSTEM,SEG_APLICACION,9,FECHACTU,DATE,7,,,Y
SYSTEM,SEG_APLICACION,10,USUACTUA,VARCHAR2,20,,,Y
SYSTEM,SEG_APLICACION,11,CAMBFECH,VARCHAR2,1,,,N
SYSTEM,SEG_APLICACION,12,P_NUMBER9,NUMBER,22,,,Y
SYSTEM,SEG_APLICACION,13,P_NUMBER10,NUMBER,22,,,Y
SYSTEM,SEG_APLICACION,14,P_NUMBER1,NUMBER,22,,,Y
SYSTEM,SEG_APLICACION,15,P_FECHA1,NUMBER,22,,,Y
SYSTEM,SEG_APLICACION,16,P_NUMBER4,NUMBER,22,,,Y
SYSTEM,SEG_APLICACION,17,P_VCHAR1,VARCHAR2,50,,,Y
SYSTEM,SEG_APLICACION,18,P_VCHAR10,VARCHAR2,50,,,Y
SYSTEM,SEG_APLICACION,19,P_NUMBER8,NUMBER,22,,,Y
SYSTEM,SEG_APLICACION,20,P_FECHA3,DATE,7,,,Y
SYSTEM,SEG_APLICACION,21,P_NUMBER2,NUMBER,22,,,Y
SYSTEM,SEG_APLICACION,22,P_VCHAR8,VARCHAR2,50,,,Y
SYSTEM,SEG_APLICACION,23,P_VCHAR3,VARCHAR2,50,,,Y
SYSTEM,SEG_APLICACION,24,P_FECHA2,DATE,7,,,Y
SYSTEM,SEG_APLICACION,25,P_VCHAR6,VARCHAR2,50,,,Y
SYSTEM,SEG_APLICACION,26,P_NUMBER7,NUMBER,22,,,Y
SYSTEM,SEG_APLICACION,27,P_NUMBER3,NUMBER,22,,,Y
SYSTEM,SEG_APLICACION,28,P_VCHAR2,VARCHAR2,50,,,Y
SYSTEM,SEG_APLICACION,29,P_VCHAR9,VARCHAR2,50,,,Y
SYSTEM,SEG_APLICACION,30,P_VCHAR7,VARCHAR2,50,,,Y
SYSTEM,SEG_APLICACION,31,P_VCHAR4,VARCHAR2,50,,,Y
SYSTEM,SEG_APLICACION,32,P_FECHA5,VARCHAR2,240,,,Y
SYSTEM,SEG_APLICACION,33,P_FECHA4,DATE,7,,,Y
SYSTEM,SEG_APLICACION,34,P_NUMBER6,NUMBER,22,,,Y
SYSTEM,SEG_APLICACION,35,P_NUMBER5,NUMBER,22,,,Y
SYSTEM,SEG_APLICACION,36,P_VCHAR5,VARCHAR2,50,,,Y
SYSTEM,SEG_CAMPTABL,1,PRMS_CARGO,VARCHAR2,4,,,N
SYSTEM,SEG_CAMPTABL,2,PRMS_NOMBRE,VARCHAR2,20,,,N
SYSTEM,SEG_CAMPTABL,3,COLUMNA,VARCHAR2,30,,,N
SYSTEM,SEG_CAMPTABL,4,FECHCREA,DATE,7,,,N
SYSTEM,SEG_CAMPTABL,5,USUACREA,VARCHAR2,20,,,N
SYSTEM,SEG_CAMPTABL,6,FECHACTU,DATE,7,,,Y
SYSTEM,SEG_CAMPTABL,7,USUACTUA,VARCHAR2,20,,,Y
SYSTEM,SEG_CLASAUTO,1,CODIGO,VARCHAR2,3,,,N
SYSTEM,SEG_CLASAUTO,2,CMPN_COMPANIA,VARCHAR2,10,,,N
SYSTEM,SEG_CLASAUTO,3,ROL_CARGO,VARCHAR2,4,,,N
SYSTEM,SEG_CLASAUTO,4,VIGENTE,VARCHAR2,1,,,N
SYSTEM,SEG_CLASAUTO,5,USUACREA,VARCHAR2,20,,,N
SYSTEM,SEG_CLASAUTO,6,FECHCREA,DATE,7,,,N
SYSTEM,SEG_CLASAUTO,7,NOMBRE,VARCHAR2,60,,,Y
SYSTEM,SEG_CLASAUTO,8,USUACTUA,VARCHAR2,20,,,Y
SYSTEM,SEG_CLASAUTO,9,FECHACTU,DATE,7,,,Y
SYSTEM,SEG_CLASAUTO,10,MONTMAXI,NUMBER,22,18,2,Y
SYSTEM,SEG_CLASAUTO,11,MONTMINI,NUMBER,22,18,2,Y
SYSTEM,SEG_CLASAUTO,12,DIASVENC,NUMBER,22,,,Y
SYSTEM,SEG_CLASAUTO,13,MONTOEXTR,NUMBER,22,18,2,Y
SYSTEM,SEG_CLASAUTO,14,DIASEXTRA,NUMBER,22,10,0,Y
SYSTEM,SEG_CLASAUTO,15,PORDESC,NUMBER,22,10,6,Y
SYSTEM,SEG_CONTACCE,1,USUA_IDUSUAR,VARCHAR2,20,,,N
SYSTEM,SEG_CONTACCE,2,DSSM_NUMDIA,VARCHAR2,2,,,N
SYSTEM,SEG_CONTACCE,3,HINICIO,TIMESTAMP(6),11,,6,N
SYSTEM,SEG_CONTACCE,4,HFINAL,TIMESTAMP(6),11,,6,N
SYSTEM,SEG_CONTACCE,5,DISPONIBLE,VARCHAR2,1,,,N
SYSTEM,SEG_CONTACCE,6,FECHCREA,DATE,7,,,N
SYSTEM,SEG_CONTACCE,7,USUACREA,VARCHAR2,20,,,N
SYSTEM,SEG_CONTACCE,8,USUACTUA,VARCHAR2,20,,,N
SYSTEM,SEG_CONTACCE,9,PERIODO,NUMBER,22,,0,Y
SYSTEM,SEG_CONTACCE,10,FECHACTU,DATE,7,,,Y
SYSTEM,SEG_EJECUCION,1,EJCU_ID,NUMBER,22,10,0,N
SYSTEM,SEG_EJECUCION,2,APLC_NOMBRE,VARCHAR2,30,,,N
SYSTEM,SEG_EJECUCION,3,APLC_TIPOAPLI,VARCHAR2,10,,,N
SYSTEM,SEG_EJECUCION,4,SESN_SESN_ID,NUMBER,22,10,0,N
SYSTEM,SEG_EJECUCION,5,FECHCREA,DATE,7,,,N
SYSTEM,SEG_EJECUCION,6,USUACREA,VARCHAR2,20,,,N
SYSTEM,SEG_EJECUCION,7,FECHSALE,DATE,7,,,Y
SYSTEM,SEG_EJECUCION,8,SECUENCIA,NUMBER,22,,,Y
SYSTEM,SEG_EJECUCION,9,USUACTUA,VARCHAR2,20,,,Y
SYSTEM,SEG_EJECUCION,10,FECHACTU,DATE,7,,,Y
SYSTEM,SEG_FAVORITO,1,MFAV_ID,NUMBER,22,10,0,N
SYSTEM,SEG_FAVORITO,2,VIGENTE,VARCHAR2,1,,,N
SYSTEM,SEG_FAVORITO,3,OBS,VARCHAR2,500,,,Y
SYSTEM,SEG_FAVORITO,4,FECHCREA,DATE,7,,,N
SYSTEM,SEG_FAVORITO,5,USUACREA,VARCHAR2,20,,,N
SYSTEM,SEG_FAVORITO,6,USUACTUA,VARCHAR2,20,,,N
SYSTEM,SEG_FAVORITO,7,FECHACTU,DATE,7,,,N
SYSTEM,SEG_FAVORITO,8,USUA_IDUSUAR,VARCHAR2,20,,,N
SYSTEM,SEG_FAVORITO,9,MENU_MENUID,NUMBER,22,,,N
SYSTEM,SEG_FAVORITO,10,MENU_GRUPO,VARCHAR2,10,,,N
SYSTEM,SEG_FAVORITO,11,MENU_MODULOID,VARCHAR2,5,,,N
SYSTEM,SEG_FAVORITO,12,MENU_PRODUCTO,VARCHAR2,10,,,N
SYSTEM,SEG_GRUPOS,1,GRUPO,VARCHAR2,10,,,N
SYSTEM,SEG_GRUPOS,2,DESCRIPC,VARCHAR2,50,,,N
SYSTEM,SEG_GRUPOS,3,VIGENTE,VARCHAR2,1,,,N
SYSTEM,SEG_GRUPOS,4,ICONO,VARCHAR2,100,,,Y
SYSTEM,SEG_GRUPOS,5,NIVEL,NUMBER,22,2,0,Y
SYSTEM,SEG_GRUPOS,6,FECHCREA,DATE,7,,,N
SYSTEM,SEG_GRUPOS,7,USUACREA,VARCHAR2,20,,,N
SYSTEM,SEG_GRUPOS,8,FECHACTU,DATE,7,,,Y
SYSTEM,SEG_GRUPOS,9,USUACTUA,VARCHAR2,20,,,Y
SYSTEM,SEG_GRUPOS,10,SPRO_PRODUCTO,VARCHAR2,10,,,N
SYSTEM,SEG_IMPRESORAS,1,USUA_IDUSUAR,VARCHAR2,20,,,N
SYSTEM,SEG_IMPRESORAS,2,IMPR_ID,NUMBER,22,10,0,N
SYSTEM,SEG_IMPRESORAS,3,COLA,VARCHAR2,20,,,N
SYSTEM,SEG_IMPRESORAS,4,IP,VARCHAR2,20,,,Y
SYSTEM,SEG_IMPRESORAS,5,DESCRIPC,VARCHAR2,2000,,,Y
SYSTEM,SEG_IMPRESORAS,6,FECHCREA,DATE,7,,,N
SYSTEM,SEG_IMPRESORAS,7,USUACREA,VARCHAR2,20,,,N
SYSTEM,SEG_IMPRESORAS,8,FECHACTU,DATE,7,,,Y
SYSTEM,SEG_IMPRESORAS,9,USUACTUA,VARCHAR2,20,,,Y
SYSTEM,SEG_IMPRESORAS,10,CMPN_COMPANIA,VARCHAR2,10,,,N
SYSTEM,SEG_IMPRESORAS,11,CONTINUO,VARCHAR2,1,,,N
SYSTEM,SEG_LOGSILVER,1,LSLV_ID,NUMBER,22,10,0,N
SYSTEM,SEG_LOGSILVER,2,FECHA,DATE,7,,,N
SYSTEM,SEG_LOGSILVER,3,DESCRIPC,VARCHAR2,4000,,,N
SYSTEM,SEG_LOGSILVER,4,PROCESO,VARCHAR2,50,,,N
SYSTEM,SEG_LOGSILVER,5,REFER,VARCHAR2,50,,,Y
SYSTEM,SEG_LOGSILVER,6,FECHCREA,DATE,7,,,N
SYSTEM,SEG_LOGSILVER,7,USUACREA,VARCHAR2,20,,,N
SYSTEM,SEG_LOGSILVER,8,FECHACTU,DATE,7,,,Y
SYSTEM,SEG_LOGSILVER,9,USUACTUA,VARCHAR2,20,,,Y
SYSTEM,SEG_LOGSILVER,10,NUMBER1,NUMBER,22,,,Y
SYSTEM,SEG_LOGSILVER,11,NUMBER2,NUMBER,22,,,Y
SYSTEM,SEG_LOGSILVER,12,NUMBER3,NUMBER,22,,,Y
SYSTEM,SEG_LOGSILVER,13,NUMBER4,NUMBER,22,,,Y
SYSTEM,SEG_LOGSILVER,14,NUMBER5,NUMBER,22,,,Y
SYSTEM,SEG_LOGSILVER,15,VCHAR1,VARCHAR2,500,,,Y
SYSTEM,SEG_LOGSILVER,16,VCHAR2,VARCHAR2,500,,,Y
SYSTEM,SEG_LOGSILVER,17,VCHAR3,VARCHAR2,500,,,Y
SYSTEM,SEG_LOGSILVER,18,VCHAR4,VARCHAR2,500,,,Y
SYSTEM,SEG_LOGSILVER,19,VCHAR5,VARCHAR2,500,,,Y
SYSTEM,SEG_LOGSILVER,20,TPAP_TIPOAPLI,VARCHAR2,10,,,N
SYSTEM,SEG_MENSAJE,1,IDERROR,NUMBER,22,10,0,N
SYSTEM,SEG_MENSAJE,2,TIPO,VARCHAR2,2,,,N
SYSTEM,SEG_MENSAJE,3,TPMN_TIPO,VARCHAR2,10,,,N
SYSTEM,SEG_MENSAJE,4,DESCRIPCION,VARCHAR2,240,,,N
SYSTEM,SEG_MENSAJE,5,FECHCREA,DATE,7,,,N
SYSTEM,SEG_MENSAJE,6,USUACREA,VARCHAR2,20,,,N
SYSTEM,SEG_MENSAJE,7,USUACTUA,VARCHAR2,20,,,Y
SYSTEM,SEG_MENSAJE,8,FECHACTU,DATE,7,,,Y
SYSTEM,SEG_MENSAJE,9,SOLUCION,VARCHAR2,300,,,Y
SYSTEM,SEG_MENU,1,MDLO_MODULOID,VARCHAR2,5,,,N
SYSTEM,SEG_MENU,2,MENUID,NUMBER,22,,,N
SYSTEM,SEG_MENU,3,POSICION,NUMBER,22,,0,N
SYSTEM,SEG_MENU,4,HABILITA,VARCHAR2,1,,,N
SYSTEM,SEG_MENU,5,USUACREA,VARCHAR2,20,,,N
SYSTEM,SEG_MENU,6,FECHCREA,DATE,7,,,N
SYSTEM,SEG_MENU,7,MENU_MODULOID,VARCHAR2,5,,,Y
SYSTEM,SEG_MENU,8,ICONO,VARCHAR2,10,,,Y
SYSTEM,SEG_MENU,9,URL,VARCHAR2,150,,,Y
SYSTEM,SEG_MENU,10,DESCRIPC,VARCHAR2,150,,,Y
SYSTEM,SEG_MENU,11,USUACTUA,VARCHAR2,20,,,Y
SYSTEM,SEG_MENU,12,FECHACTU,DATE,7,,,Y
SYSTEM,SEG_MENU,13,MDLO_PRODUCTO,VARCHAR2,10,,,N
SYSTEM,SEG_MENU,14,MDLO_GRUPO,VARCHAR2,10,,,N
SYSTEM,SEG_MENU,15,APLC_TIPOAPLI,VARCHAR2,10,,,Y
SYSTEM,SEG_MENU,16,APLC_NOMBRE,VARCHAR2,30,,,Y
SYSTEM,SEG_MENU,17,MENU_MENUID,NUMBER,22,,0,Y
SYSTEM,SEG_MENU,18,MENU_PRODUCTO,VARCHAR2,10,,,Y
SYSTEM,SEG_MENU,19,MENU_GRUPO,VARCHAR2,10,,,Y
SYSTEM,SEG_MENUROL,1,REPO_NOMBRE,VARCHAR2,60,,,Y
SYSTEM,SEG_MENUROL,2,REPO_PRODUCTO,VARCHAR2,3,,,Y
SYSTEM,SEG_MENUROL,3,REPO_COMPANIA,VARCHAR2,10,,,Y
SYSTEM,SEG_MENUROL,4,MNRL_ID,NUMBER,22,10,0,N
SYSTEM,SEG_MENUROL,5,ADMITIR,VARCHAR2,1,,,N
SYSTEM,SEG_MENUROL,6,OBSERVAC,VARCHAR2,100,,,Y
SYSTEM,SEG_MENUROL,7,MENU_GRUPO,VARCHAR2,10,,,N
SYSTEM,SEG_MENUROL,8,MENU_MENUID,NUMBER,22,,,N
SYSTEM,SEG_MENUROL,9,MENU_MODULOID,VARCHAR2,5,,,N
SYSTEM,SEG_MENUROL,10,MENU_PRODUCTO,VARCHAR2,10,,,N
SYSTEM,SEG_MENUROL,11,ROL_CARGO,VARCHAR2,4,,,N
SYSTEM,SEG_MENUROL,12,USUACREA,VARCHAR2,20,,,N
SYSTEM,SEG_MENUROL,13,FECHCREA,DATE,7,,,N
SYSTEM,SEG_MENUROL,14,USUACTUA,VARCHAR2,20,,,Y
SYSTEM,SEG_MENUROL,15,FECHACTU,DATE,7,,,Y
SYSTEM,SEG_MODULOS,1,MODULOID,VARCHAR2,5,,,N
SYSTEM,SEG_MODULOS,2,DESCRIPC,VARCHAR2,100,,,Y
SYSTEM,SEG_MODULOS,3,OBJETO,VARCHAR2,20,,,N
SYSTEM,SEG_MODULOS,4,VIGENTE,VARCHAR2,1,,,Y
SYSTEM,SEG_MODULOS,5,USUACREA,VARCHAR2,20,,,N
SYSTEM,SEG_MODULOS,6,FECHCREA,DATE,7,,,N
SYSTEM,SEG_MODULOS,7,USUACTUA,VARCHAR2,20,,,Y
SYSTEM,SEG_MODULOS,8,FECHACTU,DATE,7,,,Y
SYSTEM,SEG_MODULOS,9,SGRU_GRUPO,VARCHAR2,10,,,N
SYSTEM,SEG_MODULOS,10,SGRU_PRODUCTO,VARCHAR2,10,,,N
SYSTEM,SEG_MODULROL,1,MDLO_SGRU_GRUPO,VARCHAR2,10,,,N
SYSTEM,SEG_MODULROL,2,MDLO_SGRU_PRODUCTO,VARCHAR2,10,,,N
SYSTEM,SEG_MODULROL,3,MDLO_MODULOID,VARCHAR2,5,,,N
SYSTEM,SEG_MODULROL,4,MDRL_ID,NUMBER,22,10,0,N
SYSTEM,SEG_MODULROL,5,DESCRIPC,VARCHAR2,100,,,Y
SYSTEM,SEG_MODULROL,6,VIGENTE,VARCHAR2,1,,,N
SYSTEM,SEG_MODULROL,7,FECHACTU,DATE,7,,,Y
SYSTEM,SEG_MODULROL,8,FECHCREA,DATE,7,,,N
SYSTEM,SEG_MODULROL,9,USUACREA,VARCHAR2,20,,,N
SYSTEM,SEG_MODULROL,10,USUACTUA,VARCHAR2,20,,,Y
SYSTEM,SEG_MODULROL,11,ROL_CARGO,VARCHAR2,4,,,N
SYSTEM,SEG_NOMBTABSEG,1,TABLA,VARCHAR2,30,,,N
SYSTEM,SEG_NOMBTABSEG,2,SEQUE,VARCHAR2,20,,,Y
SYSTEM,SEG_OBJEFORM,1,OBFR_ID,NUMBER,22,10,0,N
SYSTEM,SEG_OBJEFORM,2,TPPD_NOMOBJ,VARCHAR2,100,,,N
SYSTEM,SEG_OBJEFORM,3,TPPD_TPPRD,VARCHAR2,30,,,N
SYSTEM,SEG_OBJEFORM,4,VLPR_IDPRD,VARCHAR2,10,,,N
SYSTEM,SEG_OBJEFORM,5,VLPR_TIPODATO,VARCHAR2,3,,,N
SYSTEM,SEG_OBJEFORM,6,NOMOBJ,VARCHAR2,1000,,,N
SYSTEM,SEG_OBJEFORM,7,ACTIVO,VARCHAR2,1,,,N
SYSTEM,SEG_OBJEFORM,8,FECHCREA,DATE,7,,,N
SYSTEM,SEG_OBJEFORM,9,USUACREA,VARCHAR2,20,,,N
SYSTEM,SEG_OBJEFORM,10,FECHACTU,DATE,7,,,Y
SYSTEM,SEG_OBJEFORM,11,USUACTUA,VARCHAR2,20,,,Y
SYSTEM,SEG_OBJEFORM,12,ACFR_NOMBRE,VARCHAR2,30,,,N
SYSTEM,SEG_OBJEFORM,13,ACFR_CARGO,VARCHAR2,4,,,N
SYSTEM,SEG_OBJEFORM,14,ACFR_TIPOAPLI,VARCHAR2,10,,,N
SYSTEM,SEG_OCURRENC,1,USUA_IDUSUAR,VARCHAR2,20,,,N
SYSTEM,SEG_OCURRENC,2,OCRC_ID,NUMBER,22,10,0,N
SYSTEM,SEG_OCURRENC,3,APLC_NOMBRE,VARCHAR2,30,,,N
SYSTEM,SEG_OCURRENC,4,APLC_TIPOAPLI,VARCHAR2,10,,,N
SYSTEM,SEG_OCURRENC,5,MNSJ_IDERROR,NUMBER,22,10,0,N
SYSTEM,SEG_OCURRENC,6,FECHCREA,DATE,7,,,N
SYSTEM,SEG_OCURRENC,7,USUACREA,VARCHAR2,20,,,N
SYSTEM,SEG_OCURRENC,8,USUACTUA,VARCHAR2,20,,,Y
SYSTEM,SEG_OCURRENC,9,OBSERVAC,VARCHAR2,500,,,Y
SYSTEM,SEG_OCURRENC,10,FECHACTU,DATE,7,,,Y
SYSTEM,SEG_OCURRENC,11,DETALLE,VARCHAR2,500,,,Y
SYSTEM,SEG_PERMISO,1,ROL_CARGO,VARCHAR2,4,,,N
SYSTEM,SEG_PERMISO,2,TBSS_NOMBRE,VARCHAR2,20,,,N
SYSTEM,SEG_PERMISO,3,CREAR,VARCHAR2,1,,,N
SYSTEM,SEG_PERMISO,4,MODIFICAR,VARCHAR2,1,,,N
SYSTEM,SEG_PERMISO,5,CONSULTAR,VARCHAR2,1,,,N
SYSTEM,SEG_PERMISO,6,BORRA,VARCHAR2,1,,,N
SYSTEM,SEG_PERMISO,7,FECHCREA,DATE,7,,,N
SYSTEM,SEG_PERMISO,8,USUACREA,VARCHAR2,20,,,N
SYSTEM,SEG_PERMISO,9,FECHACTU,DATE,7,,,Y
SYSTEM,SEG_PERMISO,10,USUACTUA,VARCHAR2,20,,,Y
SYSTEM,SEG_PRODUCTO,1,PRODUCTO,VARCHAR2,10,,,N
SYSTEM,SEG_PRODUCTO,2,DESCRIPC,VARCHAR2,100,,,N
SYSTEM,SEG_PRODUCTO,3,VIGENTE,VARCHAR2,1,,,N
SYSTEM,SEG_PRODUCTO,4,URL,VARCHAR2,100,,,Y
SYSTEM,SEG_PRODUCTO,5,FECHCREA,DATE,7,,,N
SYSTEM,SEG_PRODUCTO,6,USUACREA,VARCHAR2,20,,,N
SYSTEM,SEG_PRODUCTO,7,FECHACTU,DATE,7,,,Y
SYSTEM,SEG_PRODUCTO,8,USUACTUA,VARCHAR2,20,,,Y
SYSTEM,SEG_PRODUSUA,1,USUA_IDUSUAR,VARCHAR2,20,,,N
SYSTEM,SEG_PRODUSUA,2,DESCRIPC,VARCHAR2,200,,,Y
SYSTEM,SEG_PRODUSUA,3,PRDT_PRODUCTO,VARCHAR2,3,,,N
SYSTEM,SEG_PRODUSUA,4,FECHCREA,DATE,7,,,N
SYSTEM,SEG_PRODUSUA,5,USUACREA,VARCHAR2,20,,,N
SYSTEM,SEG_PRODUSUA,6,FECHACTU,DATE,7,,,Y
SYSTEM,SEG_PRODUSUA,7,USUACTUA,VARCHAR2,20,,,N
SYSTEM,SEG_ROLES,1,CARGO,VARCHAR2,4,,,N
SYSTEM,SEG_ROLES,2,JERARINI,VARCHAR2,2,,,Y
SYSTEM,SEG_ROLES,3,NOMBRE,VARCHAR2,100,,,N
SYSTEM,SEG_ROLES,4,COBRO,VARCHAR2,1,,,N
SYSTEM,SEG_ROLES,5,DESCRIPC,VARCHAR2,200,,,Y
SYSTEM,SEG_ROLES,6,FECHCREA,DATE,7,,,N
SYSTEM,SEG_ROLES,7,USUACREA,VARCHAR2,20,,,N
SYSTEM,SEG_ROLES,8,FECHACTU,DATE,7,,,Y
SYSTEM,SEG_ROLES,9,USUACTUA,VARCHAR2,20,,,Y
SYSTEM,SEG_ROLES,10,CMPN_COMPANIA,VARCHAR2,10,,,N
SYSTEM,SEG_ROLES,11,ROL_CARGO,VARCHAR2,4,,,Y
SYSTEM,SEG_ROLOFIC,1,FECHA,DATE,7,,,N
SYSTEM,SEG_ROLOFIC,2,VIGENTE,VARCHAR2,1,,,N
SYSTEM,SEG_ROLOFIC,3,OBSERV,VARCHAR2,200,,,Y
SYSTEM,SEG_ROLOFIC,4,LUNES,VARCHAR2,1,,,N
SYSTEM,SEG_ROLOFIC,5,MARTES,VARCHAR2,1,,,N
SYSTEM,SEG_ROLOFIC,6,MIERCOLES,VARCHAR2,1,,,N
SYSTEM,SEG_ROLOFIC,7,JUEVES,VARCHAR2,1,,,N
SYSTEM,SEG_ROLOFIC,8,VIERNES,VARCHAR2,1,,,N
SYSTEM,SEG_ROLOFIC,9,SABADO,VARCHAR2,1,,,N
SYSTEM,SEG_ROLOFIC,10,DOMINGO,VARCHAR2,1,,,N
SYSTEM,SEG_ROLOFIC,11,USUACREA,VARCHAR2,20,,,N
SYSTEM,SEG_ROLOFIC,12,FECHCREA,DATE,7,,,N
SYSTEM,SEG_ROLOFIC,13,USUACTUA,VARCHAR2,20,,,Y
SYSTEM,SEG_ROLOFIC,14,FECHACTU,DATE,7,,,Y
SYSTEM,SEG_ROLOFIC,15,ROL_CARGO,VARCHAR2,4,,,N
SYSTEM,SEG_ROLOFIC,16,OFCN_COMPANIA,VARCHAR2,10,,,N
SYSTEM,SEG_ROLOFIC,17,OFCN_OFICINA,VARCHAR2,3,,,N
SYSTEM,SEG_SESIONES,1,USUA_IDUSUAR,VARCHAR2,20,,,N
SYSTEM,SEG_SESIONES,2,IDSESION,VARCHAR2,25,,,N
SYSTEM,SEG_SESIONES,3,IP,VARCHAR2,20,,,Y
SYSTEM,SEG_SESIONES,4,NOMBPC,VARCHAR2,30,,,Y
SYSTEM,SEG_SESIONES,5,FECHSALE,DATE,7,,,Y
SYSTEM,SEG_SESIONES,6,DETALLE,VARCHAR2,300,,,Y
SYSTEM,SEG_SESIONES,7,FECHCREA,DATE,7,,,N
SYSTEM,SEG_SESIONES,8,USUACREA,VARCHAR2,20,,,N
SYSTEM,SEG_SESIONES,9,FECHACTU,DATE,7,,,Y
SYSTEM,SEG_SESIONES,10,USUACTUA,VARCHAR2,240,,,Y
SYSTEM,SEG_SESIONES,11,SESN_ID,NUMBER,22,10,0,N
SYSTEM,SEG_TABLSIST,1,NOMBRE,VARCHAR2,20,,,N
SYSTEM,SEG_TABLSIST,2,NOMSEQ,VARCHAR2,80,,,Y
SYSTEM,SEG_TABLSIST,3,PROPIETARIO,VARCHAR2,30,,,N
SYSTEM,SEG_TABLSIST,4,OBSERVAC,VARCHAR2,120,,,Y
SYSTEM,SEG_TABLSIST,5,FECHCREA,DATE,7,,,N
SYSTEM,SEG_TABLSIST,6,USUACREA,VARCHAR2,20,,,N
SYSTEM,SEG_TABLSIST,7,FECHACTU,DATE,7,,,Y
SYSTEM,SEG_TABLSIST,8,USUACTUA,VARCHAR2,20,,,Y
SYSTEM,SEG_TABLSIST,9,AUDITA,VARCHAR2,1,,,Y
SYSTEM,SEG_TIPOAPLIC,1,TIPOAPLI,VARCHAR2,10,,,N
SYSTEM,SEG_TIPOAPLIC,2,DETALLE,VARCHAR2,30,,,N
SYSTEM,SEG_TIPOAPLIC,3,FECHCREA,DATE,7,,,N
SYSTEM,SEG_TIPOAPLIC,4,USUACREA,VARCHAR2,20,,,N
SYSTEM,SEG_TIPOAPLIC,5,FECHACTU,DATE,7,,,Y
SYSTEM,SEG_TIPOAPLIC,6,USUACTUA,VARCHAR2,20,,,Y
SYSTEM,SEG_TIPOMENS,1,TIPO,VARCHAR2,10,,,N
SYSTEM,SEG_TIPOMENS,2,DETALLE,VARCHAR2,80,,,N
SYSTEM,SEG_TIPOMENS,3,FECHCREA,DATE,7,,,N
SYSTEM,SEG_TIPOMENS,4,USUACREA,VARCHAR2,20,,,N
SYSTEM,SEG_TIPOMENS,5,FECHACTU,DATE,7,,,Y
SYSTEM,SEG_TIPOMENS,6,USUACTUA,VARCHAR2,20,,,Y
SYSTEM,SEG_TIPOPROP,1,TPPRD,VARCHAR2,30,,,N
SYSTEM,SEG_TIPOPROP,2,NOMOBJ,VARCHAR2,100,,,N
SYSTEM,SEG_TIPOPROP,3,DESCRIPC,VARCHAR2,500,,,N
SYSTEM,SEG_TIPOPROP,4,FECHCREA,DATE,7,,,N
SYSTEM,SEG_TIPOPROP,5,USUACREA,VARCHAR2,20,,,N
SYSTEM,SEG_TIPOPROP,6,FECHACTU,DATE,7,,,Y
SYSTEM,SEG_TIPOPROP,7,USUACTUA,VARCHAR2,20,,,Y
SYSTEM,SEG_USUARIO,1,RHHS_CEDURUC,VARCHAR2,13,,,Y
SYSTEM,SEG_USUARIO,2,ROL_CARGO,VARCHAR2,4,,,N
SYSTEM,SEG_USUARIO,3,IDUSUAR,VARCHAR2,20,,,N
SYSTEM,SEG_USUARIO,4,OBSERVAC,VARCHAR2,200,,,Y
SYSTEM,SEG_USUARIO,5,BLOQUEO,VARCHAR2,1,,,N
SYSTEM,SEG_USUARIO,6,EXPIRA,VARCHAR2,1,,,N
SYSTEM,SEG_USUARIO,7,REINGRESO,VARCHAR2,1,,,N
SYSTEM,SEG_USUARIO,8,RESPDEPA,VARCHAR2,1,,,N
SYSTEM,SEG_USUARIO,9,JERARQUIA,VARCHAR2,1,,,N
SYSTEM,SEG_USUARIO,10,FECHCREA,DATE,7,,,N
SYSTEM,SEG_USUARIO,11,USUACREA,VARCHAR2,20,,,N
SYSTEM,SEG_USUARIO,12,FECHACTU,DATE,7,,,Y
SYSTEM,SEG_USUARIO,13,USUACTUA,VARCHAR2,20,,,Y
SYSTEM,SEG_USUARIO,14,PROPIETARIO,VARCHAR2,1,,,Y
SYSTEM,SEG_USUARIO,15,RESPCAJA,VARCHAR2,1,,,N
SYSTEM,SEG_USUARIO,16,RESPVNTS,VARCHAR2,1,,,N
SYSTEM,SEG_USUARIO,17,VIGENTE,VARCHAR2,1,,,N
SYSTEM,SEG_USUARIO,18,CAMBFECH,VARCHAR2,1,,,N
SYSTEM,SEG_USUARIO,19,USUANTER,VARCHAR2,50,,,Y
SYSTEM,SEG_USUARIO,20,SOPORTE,VARCHAR2,1,,,N
SYSTEM,SEG_USUARIO,21,SUPERVISOR,VARCHAR2,1,,,N
SYSTEM,SEG_USUARIO,22,LISTACOSTO,VARCHAR2,1,,,N
SYSTEM,SEG_VALOPROP,1,IDPRD,VARCHAR2,10,,,N
SYSTEM,SEG_VALOPROP,2,TIPODATO,VARCHAR2,3,,,N
SYSTEM,SEG_VALOPROP,3,DESCRIPC,VARCHAR2,200,,,N
SYSTEM,SEG_VALOPROP,4,FECHCREA,DATE,7,,,N
SYSTEM,SEG_VALOPROP,5,USUACREA,VARCHAR2,20,,,N
SYSTEM,SEG_VALOPROP,6,FECHACTU,DATE,7,,,Y
SYSTEM,SEG_VALOPROP,7,USUACTUA,VARCHAR2,20,,,Y
SYSTEM,SQLPLUS_PRODUCT_PROFILE,1,PRODUCT,VARCHAR2,30,,,N
SYSTEM,SQLPLUS_PRODUCT_PROFILE,2,USERID,VARCHAR2,128,,,Y
SYSTEM,SQLPLUS_PRODUCT_PROFILE,3,ATTRIBUTE,VARCHAR2,240,,,Y
SYSTEM,SQLPLUS_PRODUCT_PROFILE,4,SCOPE,VARCHAR2,240,,,Y
SYSTEM,SQLPLUS_PRODUCT_PROFILE,5,NUMERIC_VALUE,NUMBER,22,15,2,Y
SYSTEM,SQLPLUS_PRODUCT_PROFILE,6,CHAR_VALUE,VARCHAR2,240,,,Y
SYSTEM,SQLPLUS_PRODUCT_PROFILE,7,DATE_VALUE,DATE,7,,,Y
SYSTEM,SQLPLUS_PRODUCT_PROFILE,8,LONG_VALUE,LONG,0,,,Y
SYSTEM,SRI_DETALOGF,1,ERDO_ID,NUMBER,22,10,0,N
SYSTEM,SRI_DETALOGF,2,LGFA_LGFA_ID,NUMBER,22,10,0,N
SYSTEM,SRI_DETALOGF,3,USUACREA,VARCHAR2,20,,,N
SYSTEM,SRI_DETALOGF,4,FECHCREA,DATE,7,,,N
SYSTEM,SRI_DETALOGF,5,TPER_CODIERRO,VARCHAR2,10,,,Y
SYSTEM,SRI_DETALOGF,6,OBSERVAC,VARCHAR2,500,,,Y
SYSTEM,SRI_DETALOGF,7,USUACTUA,VARCHAR2,20,,,Y
SYSTEM,SRI_DETALOGF,8,FECHACTU,DATE,7,,,Y
SYSTEM,SRI_LOGFACTU,1,LGFA_ID,NUMBER,22,10,0,N
SYSTEM,SRI_LOGFACTU,2,NOMBDOCU,VARCHAR2,50,,,N
SYSTEM,SRI_LOGFACTU,3,FECHA,DATE,7,,,N
SYSTEM,SRI_LOGFACTU,4,USUACREA,VARCHAR2,20,,,N
SYSTEM,SRI_LOGFACTU,5,FECHCREA,DATE,7,,,N
SYSTEM,SRI_LOGFACTU,6,VALIDADO,VARCHAR2,1,,,Y
SYSTEM,SRI_LOGFACTU,7,MENSVALI,VARCHAR2,500,,,Y
SYSTEM,SRI_LOGFACTU,8,FECHVALI,DATE,7,,,Y
SYSTEM,SRI_LOGFACTU,9,FIRMADO,VARCHAR2,1,,,Y
SYSTEM,SRI_LOGFACTU,10,FECHFIRM,DATE,7,,,Y
SYSTEM,SRI_LOGFACTU,11,RECIBIDO,VARCHAR2,1,,,Y
SYSTEM,SRI_LOGFACTU,12,MENSRECI,VARCHAR2,500,,,Y
SYSTEM,SRI_LOGFACTU,13,ESTARECI,VARCHAR2,20,,,Y
SYSTEM,SRI_LOGFACTU,14,FECHRECI,DATE,7,,,Y
SYSTEM,SRI_LOGFACTU,15,AUTORIZA,VARCHAR2,1,,,Y
SYSTEM,SRI_LOGFACTU,16,MENSAUTO,VARCHAR2,500,,,Y
SYSTEM,SRI_LOGFACTU,17,ESTAUTOR,VARCHAR2,20,,,Y
SYSTEM,SRI_LOGFACTU,18,FECHAUTO,DATE,7,,,Y
SYSTEM,SRI_LOGFACTU,19,MAIL,VARCHAR2,1,,,Y
SYSTEM,SRI_LOGFACTU,20,EMAIL,VARCHAR2,300,,,Y
SYSTEM,SRI_LOGFACTU,21,MENSMAIL,VARCHAR2,500,,,Y
SYSTEM,SRI_LOGFACTU,22,CEDURUC,VARCHAR2,20,,,Y
SYSTEM,SRI_LOGFACTU,23,RAZOSOCI,VARCHAR2,300,,,Y
SYSTEM,SRI_LOGFACTU,24,FECHMAIL,DATE,7,,,Y
SYSTEM,SRI_LOGFACTU,25,COMPANIA,VARCHAR2,10,,,Y
SYSTEM,SRI_LOGFACTU,26,NUMERO,NUMBER,22,18,0,Y
SYSTEM,SRI_LOGFACTU,27,OFICINA,VARCHAR2,10,,,Y
SYSTEM,SRI_LOGFACTU,28,SERIE,VARCHAR2,10,,,Y
SYSTEM,SRI_LOGFACTU,29,USUACTUA,VARCHAR2,20,,,Y
SYSTEM,SRI_LOGFACTU,30,FECHACTU,DATE,7,,,Y
SYSTEM,SRI_LOGFACTU,31,LGFA_MOTIVO,VARCHAR2,20,,,Y
SYSTEM,SRI_LOGFACTU,32,MOTIVO,VARCHAR2,20,,,Y
SYSTEM,SRI_LOGFACTU,33,TPCM_TIPOCOMP,VARCHAR2,10,,,Y
SYSTEM,SRI_LOGFACTU,34,VCHAR1,VARCHAR2,500,,,Y
SYSTEM,SRI_LOGFACTU,35,VCHAR2,VARCHAR2,500,,,Y
SYSTEM,SRI_LOGFACTU,36,VCHAR3,VARCHAR2,500,,,Y
SYSTEM,SRI_LOGFACTU,37,VCHAR4,VARCHAR2,500,,,Y
SYSTEM,SRI_LOGFACTU,38,VCHAR5,VARCHAR2,500,,,Y
SYSTEM,SRI_TPERSSRI,1,CODIERRO,VARCHAR2,10,,,N
SYSTEM,SRI_TPERSSRI,2,DESCRIPC,VARCHAR2,2000,,,N
SYSTEM,SRI_TPERSSRI,3,VIGENTE,VARCHAR2,1,,,N
SYSTEM,SRI_TPERSSRI,4,USUACREA,VARCHAR2,20,,,N
SYSTEM,SRI_TPERSSRI,5,FECHCREA,DATE,7,,,N
SYSTEM,SRI_TPERSSRI,6,SOLICION,VARCHAR2,4000,,,Y
SYSTEM,SRI_TPERSSRI,7,USUACTUA,VARCHAR2,20,,,Y
SYSTEM,SRI_TPERSSRI,8,FECHACTU,DATE,7,,,Y
SYSTEM,SRV_CLBINVTC,1,CLBC_ID,NUMBER,22,10,0,N
SYSTEM,SRV_CLBINVTC,2,ENTRSALE,VARCHAR2,1,,,N
SYSTEM,SRV_CLBINVTC,3,FECHA,DATE,7,,,N
SYSTEM,SRV_CLBINVTC,4,BIENCANT,NUMBER,22,18,6,Y
SYSTEM,SRV_CLBINVTC,5,DESBIECA,VARCHAR2,1000,,,Y
SYSTEM,SRV_CLBINVTC,6,EGEN_ESTADO,VARCHAR2,2,,,N
SYSTEM,SRV_CLBINVTC,7,STCT_STCT_ID,NUMBER,22,10,0,Y
SYSTEM,SRV_CLBINVTC,8,OFCN_COMPANIA,VARCHAR2,10,,,N
SYSTEM,SRV_CLBINVTC,9,OFCN_OFICINA,VARCHAR2,3,,,N
SYSTEM,SRV_CLBINVTC,10,RHHS_CEDURUC,VARCHAR2,13,,,N
SYSTEM,SRV_CLBINVTC,11,RCDP_IDRESCLI,NUMBER,22,10,0,N
SYSTEM,SRV_CLBINVTC,12,RCDP_COMPANIA,VARCHAR2,10,,,N
SYSTEM,SRV_CLBINVTC,13,RCDP_IDCLIENTE,NUMBER,22,10,0,N
SYSTEM,SRV_CLBINVTC,14,USUACREA,VARCHAR2,20,,,N
SYSTEM,SRV_CLBINVTC,15,FECHCREA,DATE,7,,,N
SYSTEM,SRV_CLBINVTC,16,USUACTUA,VARCHAR2,20,,,Y
SYSTEM,SRV_CLBINVTC,17,FECHACTU,DATE,7,,,Y
SYSTEM,SRV_CLBINVTD,1,CLBD_ID,NUMBER,22,10,0,N
SYSTEM,SRV_CLBINVTD,2,CLBC_CLBC_ID,NUMBER,22,10,0,N
SYSTEM,SRV_CLBINVTD,3,FECHHORA,DATE,7,,,N
SYSTEM,SRV_CLBINVTD,4,ENTRSALE,VARCHAR2,1,,,N
SYSTEM,SRV_CLBINVTD,5,GMES_GMES_ID,NUMBER,22,10,0,N
SYSTEM,SRV_CLBINVTD,6,GEST_GEST_ID,NUMBER,22,10,0,N
SYSTEM,SRV_CLBINVTD,7,OBSESTFI,VARCHAR2,500,,,Y
SYSTEM,SRV_CLBINVTD,8,CANPPCBI,NUMBER,22,18,6,N
SYSTEM,SRV_CLBINVTD,9,OBSPPCBI,VARCHAR2,500,,,Y
SYSTEM,SRV_CLBINVTD,10,DOCUADJU,VARCHAR2,100,,,Y
SYSTEM,SRV_CLBINVTD,11,USUACREA,VARCHAR2,20,,,N
SYSTEM,SRV_CLBINVTD,12,FECHCREA,DATE,7,,,N
SYSTEM,SRV_CLBINVTD,13,USUACTUA,VARCHAR2,20,,,Y
SYSTEM,SRV_CLBINVTD,14,FECHACTU,DATE,7,,,Y
SYSTEM,SRV_CUOTSERV,1,NUMECUOT,NUMBER,22,3,0,N
SYSTEM,SRV_CUOTSERV,2,DCSR_ID,VARCHAR2,240,,,N
SYSTEM,SRV_CUOTSERV,3,CAPITAL,NUMBER,22,16,6,N
SYSTEM,SRV_CUOTSERV,4,FECHA,DATE,7,,,N
SYSTEM,SRV_CUOTSERV,5,FECHVENC,DATE,7,,,N
SYSTEM,SRV_CUOTSERV,6,FECHCANC,DATE,7,,,Y
SYSTEM,SRV_CUOTSERV,7,TASAINTE,NUMBER,22,7,4,N
SYSTEM,SRV_CUOTSERV,8,INTERES,NUMBER,22,16,6,N
SYSTEM,SRV_CUOTSERV,9,DIAS,NUMBER,22,5,0,N
SYSTEM,SRV_CUOTSERV,10,VALOCUOT,NUMBER,22,16,6,N
SYSTEM,SRV_CUOTSERV,11,DESCRIP,VARCHAR2,300,,,Y
SYSTEM,SRV_CUOTSERV,12,SPVD_SPVD_ID,NUMBER,22,10,0,N
SYSTEM,SRV_CUOTSERV,13,EGEN_ESTADO,VARCHAR2,2,,,N
SYSTEM,SRV_CUOTSERV,14,USUACREA,VARCHAR2,20,,,N
SYSTEM,SRV_CUOTSERV,15,FECHCREA,DATE,7,,,N
SYSTEM,SRV_CUOTSERV,16,USUACTUA,VARCHAR2,20,,,Y
SYSTEM,SRV_CUOTSERV,17,FECHACTU,DATE,7,,,Y
SYSTEM,SRV_INDETEOB,1,ABRTECOB,VARCHAR2,8,,,N
SYSTEM,SRV_INDETEOB,2,NOMENCLA,VARCHAR2,200,,,N
SYSTEM,SRV_INDETEOB,3,DEFINICI,VARCHAR2,500,,,N
SYSTEM,SRV_INDETEOB,4,EXPLICAC,VARCHAR2,500,,,N
SYSTEM,SRV_INDETEOB,5,USUACREA,VARCHAR2,20,,,N
SYSTEM,SRV_INDETEOB,6,FECHCREA,DATE,7,,,N
SYSTEM,SRV_INDETEOB,7,USUACTUA,VARCHAR2,20,,,Y
SYSTEM,SRV_INDETEOB,8,FECHACTU,DATE,7,,,Y
SYSTEM,SRV_LOGRADIUS,1,SRVL_ID,NUMBER,22,10,0,N
SYSTEM,SRV_LOGRADIUS,2,MAC,VARCHAR2,100,,,N
SYSTEM,SRV_LOGRADIUS,3,IP,VARCHAR2,20,,,N
SYSTEM,SRV_LOGRADIUS,4,FECHA,DATE,7,,,N
SYSTEM,SRV_LOGRADIUS,5,USUARIO,VARCHAR2,20,,,N
SYSTEM,SRV_LOGRADIUS,6,MOTIVO,VARCHAR2,4000,,,N
SYSTEM,SRV_LOGRADIUS,7,OBSERVAC,VARCHAR2,1000,,,Y
SYSTEM,SRV_LOGRADIUS,8,REFER1,VARCHAR2,500,,,Y
SYSTEM,SRV_LOGRADIUS,9,REFER2,VARCHAR2,500,,,Y
SYSTEM,SRV_LOGRADIUS,10,USUACREA,VARCHAR2,20,,,N
SYSTEM,SRV_LOGRADIUS,11,FECHCREA,DATE,7,,,N
SYSTEM,SRV_LOGRADIUS,12,USUACTUA,VARCHAR2,20,,,Y
SYSTEM,SRV_LOGRADIUS,13,FECHACTU,DATE,7,,,Y
SYSTEM,SRV_LOGRADIUS,14,EGEN_ESTADO,VARCHAR2,2,,,N
SYSTEM,SRV_LOGRADIUS,15,CLTE_CMPN_COMPANIA,VARCHAR2,10,,,N
SYSTEM,SRV_LOGRADIUS,16,CLTE_IDCLIENTE,NUMBER,22,10,0,N
SYSTEM,SRV_SEAUFPCO,1,DCRE_DCRE_ID,NUMBER,22,10,0,Y
SYSTEM,SRV_SEAUFPCO,2,RTAR_RTAR_ID,NUMBER,22,10,0,Y
SYSTEM,SRV_SEAUFPCO,3,CHQE_CHQE_ID,NUMBER,22,10,0,Y
SYSTEM,SRV_SEAUFPCO,4,RBAN_RBAN_ID,NUMBER,22,10,0,Y
SYSTEM,SRV_SEAUFPCO,5,DCSR_DCSR_ID,VARCHAR2,240,,,N
SYSTEM,SRV_SEAUFPCO,6,EGEN_ESTADO,VARCHAR2,2,,,Y
SYSTEM,SRV_SEAUFPCO,7,SAPC_ID,NUMBER,22,10,0,N
SYSTEM,SRV_SEAUFPCO,8,FRPG_FORMPAGO,VARCHAR2,2,,,N
SYSTEM,SRV_SEAUFPCO,9,SPCO_SPCO_ID,NUMBER,22,10,0,Y
SYSTEM,SRV_SEAUFPCO,10,USUACREA,VARCHAR2,20,,,N
SYSTEM,SRV_SEAUFPCO,11,FECHCREA,DATE,7,,,N
SYSTEM,SRV_SEAUFPCO,12,USUACTUA,VARCHAR2,20,,,Y
SYSTEM,SRV_SEAUFPCO,13,FECHACTU,DATE,7,,,Y
SYSTEM,SRV_SEAUFPCO,14,FECHA,DATE,7,,,N
SYSTEM,SRV_SEAUFPCO,15,FECHCOBR,DATE,7,,,Y
SYSTEM,SRV_SEAUFPCO,16,PORCPARC,NUMBER,22,5,2,N
SYSTEM,SRV_SEAUFPCO,17,REFER,VARCHAR2,100,,,Y
SYSTEM,SRV_SEAUFPCO,18,DESCRIP,VARCHAR2,300,,,Y
SYSTEM,SRV_SEAUFPCO,19,VALOR,NUMBER,22,16,6,N
SYSTEM,SRV_SECOANCL,1,SCAC_ID,NUMBER,22,10,0,N
SYSTEM,SRV_SECOANCL,2,ANTC_ANTC_ID,NUMBER,22,10,0,N
SYSTEM,SRV_SECOANCL,3,SAPC_SAPC_ID,NUMBER,22,10,0,N
SYSTEM,SRV_SECOANCL,4,USUACREA,VARCHAR2,20,,,N
SYSTEM,SRV_SECOANCL,5,FECHCREA,DATE,7,,,N
SYSTEM,SRV_SECOANCL,6,USUACTUA,VARCHAR2,20,,,Y
SYSTEM,SRV_SECOANCL,7,FECHACTU,DATE,7,,,Y
SYSTEM,SRV_SECOFAEC,1,SCFE_ID,NUMBER,22,10,0,N
SYSTEM,SRV_SECOFAEC,2,SEHAFACT,VARCHAR2,1,,,Y
SYSTEM,SRV_SECOFAEC,3,FEEMESCU,DATE,7,,,Y
SYSTEM,SRV_SECOFAEC,4,FEEMFACT,DATE,7,,,Y
SYSTEM,SRV_SECOFAEC,5,USUACREA,VARCHAR2,20,,,N
SYSTEM,SRV_SECOFAEC,6,FECHCREA,DATE,7,,,N
SYSTEM,SRV_SECOFAEC,7,USUACTUA,VARCHAR2,20,,,Y
SYSTEM,SRV_SECOFAEC,8,FECHACTU,DATE,7,,,Y
SYSTEM,SRV_SECOFAEC,9,VNTA_SERIE,VARCHAR2,6,,,Y
SYSTEM,SRV_SECOFAEC,10,VNTA_NUMERO,NUMBER,22,10,0,Y
SYSTEM,SRV_SECOFAEC,11,VNTA_OFICINA,VARCHAR2,3,,,Y
SYSTEM,SRV_SECOFAEC,12,VNTA_TIPOCOMP,VARCHAR2,2,,,Y
SYSTEM,SRV_SECOFAEC,13,VNTA_COMPANIA,VARCHAR2,10,,,Y
SYSTEM,SRV_SECOFAEC,14,DCSR_DCSR_ID,VARCHAR2,240,,,N
SYSTEM,SRV_SECOPACH,1,SCPC_ID,NUMBER,22,10,0,N
SYSTEM,SRV_SECOPACH,2,SAPC_SAPC_ID,NUMBER,22,10,0,N
SYSTEM,SRV_SECOPACH,3,CHQE_CHQE_ID,NUMBER,22,10,0,N
SYSTEM,SRV_SECOPACH,4,USUACREA,VARCHAR2,20,,,N
SYSTEM,SRV_SECOPACH,5,FECHCREA,DATE,7,,,N
SYSTEM,SRV_SECOPACH,6,USUACTUA,VARCHAR2,20,,,Y
SYSTEM,SRV_SECOPACH,7,FECHACTU,DATE,7,,,Y
SYSTEM,SRV_SECOPADB,1,SCPD_ID,NUMBER,22,10,0,N
SYSTEM,SRV_SECOPADB,2,SAPC_SAPC_ID,NUMBER,22,10,0,N
SYSTEM,SRV_SECOPADB,3,NODE_NODE_ID,NUMBER,22,10,0,N
SYSTEM,SRV_SECOPADB,4,USUACREA,VARCHAR2,20,,,N
SYSTEM,SRV_SECOPADB,5,FECHCREA,DATE,7,,,N
SYSTEM,SRV_SECOPADB,6,USUACTUA,VARCHAR2,20,,,Y
SYSTEM,SRV_SECOPADB,7,FECHACTU,DATE,7,,,Y
SYSTEM,SRV_SECOPADC,1,SPDT_ID,NUMBER,22,10,0,N
SYSTEM,SRV_SECOPADC,2,SAPC_SAPC_ID,NUMBER,22,10,0,N
SYSTEM,SRV_SECOPADC,3,DCRE_DCRE_ID,NUMBER,22,10,0,N
SYSTEM,SRV_SECOPADC,4,USUACREA,VARCHAR2,20,,,N
SYSTEM,SRV_SECOPADC,5,FECHCREA,DATE,7,,,N
SYSTEM,SRV_SECOPADC,6,USUACTUA,VARCHAR2,20,,,Y
SYSTEM,SRV_SECOPADC,7,FECHACTU,DATE,7,,,Y
SYSTEM,SRV_SECOPAEF,1,SCPE_ID,NUMBER,22,10,0,N
SYSTEM,SRV_SECOPAEF,2,SAPC_SAPC_ID,NUMBER,22,10,0,N
SYSTEM,SRV_SECOPAEF,3,TRCA_COMPANIA,VARCHAR2,10,,,Y
SYSTEM,SRV_SECOPAEF,4,TRCA_OFICINA,VARCHAR2,3,,,Y
SYSTEM,SRV_SECOPAEF,5,TRCA_NUMETRAN,NUMBER,22,10,0,Y
SYSTEM,SRV_SECOPAEF,6,TRCA_TIPODOCU,VARCHAR2,2,,,Y
SYSTEM,SRV_SECOPAEF,7,USUACREA,VARCHAR2,20,,,N
SYSTEM,SRV_SECOPAEF,8,FECHCREA,DATE,7,,,N
SYSTEM,SRV_SECOPAEF,9,USUACTUA,VARCHAR2,20,,,Y
SYSTEM,SRV_SECOPAEF,10,FECHACTU,DATE,7,,,Y
SYSTEM,SRV_SECOTACR,1,SCTC_ID,NUMBER,22,10,0,N
SYSTEM,SRV_SECOTACR,2,SAPC_SAPC_ID,NUMBER,22,10,0,N
SYSTEM,SRV_SECOTACR,3,TACR_CODITARJ,VARCHAR2,10,,,N
SYSTEM,SRV_SECOTACR,4,USUACREA,VARCHAR2,20,,,N
SYSTEM,SRV_SECOTACR,5,FECHCREA,DATE,7,,,N
SYSTEM,SRV_SECOTACR,6,USUACTUA,VARCHAR2,20,,,Y
SYSTEM,SRV_SECOTACR,7,FECHACTU,DATE,7,,,Y
SYSTEM,SRV_SEPLACOB,1,SPCO_ID,NUMBER,22,10,0,N
SYSTEM,SRV_SEPLACOB,2,EGEN_ESTADO,VARCHAR2,2,,,Y
SYSTEM,SRV_SEPLACOB,3,FECHCOBR,DATE,7,,,Y
SYSTEM,SRV_SEPLACOB,4,INMORPOR,NUMBER,22,18,6,Y
SYSTEM,SRV_SEPLACOB,5,INMORDIA,NUMBER,22,10,0,Y
SYSTEM,SRV_SEPLACOB,6,INMORVAL,NUMBER,22,18,6,Y
SYSTEM,SRV_SEPLACOB,7,VALORECI,NUMBER,22,18,6,Y
SYSTEM,SRV_SEPLACOB,8,VUELTO,NUMBER,22,18,6,Y
SYSTEM,SRV_SEPLACOB,9,SALDO,NUMBER,22,18,6,Y
SYSTEM,SRV_SEPLACOB,10,FEEMESCU,DATE,7,,,Y
SYSTEM,SRV_SEPLACOB,11,FEENFACT,DATE,7,,,Y
SYSTEM,SRV_SEPLACOB,12,USUACREA,VARCHAR2,20,,,N
SYSTEM,SRV_SEPLACOB,13,FECHCREA,DATE,7,,,N
SYSTEM,SRV_SEPLACOB,14,USUACTUA,VARCHAR2,20,,,Y
SYSTEM,SRV_SEPLACOB,15,FECHACTU,DATE,7,,,Y
SYSTEM,SRV_SEPRVCAB,1,SPVC_ID,NUMBER,22,10,0,N
SYSTEM,SRV_SEPRVCAB,2,GRPS_COMPANIA,VARCHAR2,10,,,N
SYSTEM,SRV_SEPRVCAB,3,GRPS_IDCLIENTE,NUMBER,22,10,0,N
SYSTEM,SRV_SEPRVCAB,4,GRPS_LSPR_ID,NUMBER,22,10,0,N
SYSTEM,SRV_SEPRVCAB,5,VNDR_CODIGO,VARCHAR2,10,,,N
SYSTEM,SRV_SEPRVCAB,6,VNDR_COMPANIA,VARCHAR2,10,,,N
SYSTEM,SRV_SEPRVCAB,7,VNDR_OFICINA,VARCHAR2,3,,,N
SYSTEM,SRV_SEPRVCAB,8,PRFM_PRFM_ID,NUMBER,22,10,0,Y
SYSTEM,SRV_SEPRVCAB,9,PRVCFECH,DATE,7,,,Y
SYSTEM,SRV_SEPRVCAB,10,PRVCTOTAL,NUMBER,22,18,6,Y
SYSTEM,SRV_SEPRVCAB,11,MONE_MONEDA,VARCHAR2,5,,,N
SYSTEM,SRV_SEPRVCAB,12,USUACREA,VARCHAR2,20,,,N
SYSTEM,SRV_SEPRVCAB,13,FECHCREA,DATE,7,,,N
SYSTEM,SRV_SEPRVCAB,14,USUACTUA,VARCHAR2,20,,,Y
SYSTEM,SRV_SEPRVCAB,15,FECHACTU,DATE,7,,,Y
SYSTEM,SRV_SEPRVDET,1,RCDP_IDRESCLI,NUMBER,22,10,0,Y
SYSTEM,SRV_SEPRVDET,2,SPVD_SPVD_ID,NUMBER,22,10,0,Y
SYSTEM,SRV_SEPRVDET,3,EGEN_ESTADO,VARCHAR2,2,,,N
SYSTEM,SRV_SEPRVDET,4,SPVD_ID,NUMBER,22,10,0,N
SYSTEM,SRV_SEPRVDET,5,SPVC_SPVC_ID,NUMBER,22,10,0,N
SYSTEM,SRV_SEPRVDET,6,ARTL_CODIGRUP,VARCHAR2,20,,,N
SYSTEM,SRV_SEPRVDET,7,ARTL_CLASE,VARCHAR2,20,,,N
SYSTEM,SRV_SEPRVDET,8,ARTL_ARTICULO,VARCHAR2,30,,,N
SYSTEM,SRV_SEPRVDET,9,ARTL_COMPANIA,VARCHAR2,10,,,N
SYSTEM,SRV_SEPRVDET,10,UMED_UNIDMEDI,VARCHAR2,5,,,N
SYSTEM,SRV_SEPRVDET,11,VALORSRV,NUMBER,22,18,6,Y
SYSTEM,SRV_SEPRVDET,12,IVAPORCE,NUMBER,22,18,6,Y
SYSTEM,SRV_SEPRVDET,13,FECHINST,DATE,7,,,Y
SYSTEM,SRV_SEPRVDET,14,CANTIDAD,NUMBER,22,,,N
SYSTEM,SRV_SEPRVDET,15,IVAVALOR,NUMBER,22,18,6,Y
SYSTEM,SRV_SEPRVDET,16,SUBTOTAL,NUMBER,22,18,6,Y
SYSTEM,SRV_SEPRVDET,17,SEHAFACT,VARCHAR2,1,,,Y
SYSTEM,SRV_SEPRVDET,18,STCR_STCR_ID,NUMBER,22,10,0,Y
SYSTEM,SRV_SEPRVDET,19,USUACREA,VARCHAR2,20,,,N
SYSTEM,SRV_SEPRVDET,20,FECHCREA,DATE,7,,,N
SYSTEM,SRV_SEPRVDET,21,USUACTUA,VARCHAR2,20,,,Y
SYSTEM,SRV_SEPRVDET,22,FECHACTU,DATE,7,,,Y
SYSTEM,SRV_SEPRVDET,23,CLTE_COMPANIA,VARCHAR2,10,,,Y
SYSTEM,SRV_SEPRVDET,24,CLTE_IDCLIENTE,NUMBER,22,10,0,Y
SYSTEM,SRV_SEPRVDET,25,FECHDESI,DATE,7,,,Y
SYSTEM,SRV_STBACOTE,1,STBC_BACOTIPO,VARCHAR2,10,,,Y
SYSTEM,SRV_STBACOTE,2,BACOTIPO,VARCHAR2,10,,,N
SYSTEM,SRV_STBACOTE,3,DESCRIPC,VARCHAR2,500,,,N
SYSTEM,SRV_STBACOTE,4,BUSQUEDA,VARCHAR2,1000,,,N
SYSTEM,SRV_STBACOTE,5,USUACREA,VARCHAR2,20,,,N
SYSTEM,SRV_STBACOTE,6,FECHCREA,DATE,7,,,N
SYSTEM,SRV_STBACOTE,7,USUACTUA,VARCHAR2,20,,,Y
SYSTEM,SRV_STBACOTE,8,FECHACTU,DATE,7,,,Y
SYSTEM,SRV_STCONREC,1,INDE_INDE_ID,NUMBER,22,10,0,Y
SYSTEM,SRV_STCONREC,2,ID,NUMBER,22,10,0,N
SYSTEM,SRV_STCONREC,3,STCR_ID,NUMBER,22,10,0,Y
SYSTEM,SRV_STCONREC,4,RHHS_CEDURUC,VARCHAR2,13,,,N
SYSTEM,SRV_STCONREC,5,STTI_SSTETIPO,VARCHAR2,10,,,N
SYSTEM,SRV_STCONREC,6,SOPOCLAV,VARCHAR2,10,,,Y
SYSTEM,SRV_STCONREC,7,FECHORIN,DATE,7,,,N
SYSTEM,SRV_STCONREC,8,FECHORFI,DATE,7,,,Y
SYSTEM,SRV_STCONREC,9,DESCPROB,VARCHAR2,1000,,,Y
SYSTEM,SRV_STCONREC,10,STBC_BACOTIPO,VARCHAR2,10,,,N
SYSTEM,SRV_STCONREC,11,PASOTRNI,VARCHAR2,1,,,Y
SYSTEM,SRV_STCONREC,12,EGEN_ESTADO,VARCHAR2,2,,,N
SYSTEM,SRV_STCONREC,13,RCDP_COMPANIA,VARCHAR2,10,,,Y
SYSTEM,SRV_STCONREC,14,RCDP_IDCLIENTE,NUMBER,22,10,0,Y
SYSTEM,SRV_STCONREC,15,RCDP_IDRESCLI,NUMBER,22,10,0,Y
SYSTEM,SRV_STCONREC,16,USUACREA,VARCHAR2,20,,,N
SYSTEM,SRV_STCONREC,17,FECHCREA,DATE,7,,,N
SYSTEM,SRV_STCONREC,18,FECHACTU,DATE,7,,,Y
SYSTEM,SRV_STCONREC,19,USUACTUA,VARCHAR2,20,,,Y
SYSTEM,SRV_STCONREC,20,ASISTENTE,VARCHAR2,13,,,Y
SYSTEM,SRV_STCOTRRE,1,ID,NUMBER,22,10,0,N
SYSTEM,SRV_STCOTRRE,2,STCT_ID,NUMBER,22,10,0,Y
SYSTEM,SRV_STCOTRRE,3,STCR_ID,NUMBER,22,10,0,N
SYSTEM,SRV_STCOTRRE,4,FECHVISI,DATE,7,,,N
SYSTEM,SRV_STCOTRRE,5,FECHORIN,DATE,7,,,Y
SYSTEM,SRV_STCOTRRE,6,FECHORFI,DATE,7,,,Y
SYSTEM,SRV_STCOTRRE,7,OBSERVAC,VARCHAR2,500,,,Y
SYSTEM,SRV_STCOTRRE,8,DOCUADJU,VARCHAR2,100,,,Y
SYSTEM,SRV_STCOTRRE,9,SPVD_ID,NUMBER,22,10,0,Y
SYSTEM,SRV_STCOTRRE,10,USUACREA,VARCHAR2,20,,,N
SYSTEM,SRV_STCOTRRE,11,FECHCREA,DATE,7,,,N
SYSTEM,SRV_STCOTRRE,12,USUACTUA,VARCHAR2,20,,,Y
SYSTEM,SRV_STCOTRRE,13,FECHACTU,DATE,7,,,Y
SYSTEM,SRV_STTIPSOP,1,SSTETIPO,VARCHAR2,10,,,N
SYSTEM,SRV_STTIPSOP,2,DESCRIPC,VARCHAR2,200,,,N
SYSTEM,SRV_STTIPSOP,3,USUACREA,VARCHAR2,20,,,N
SYSTEM,SRV_STTIPSOP,4,FECHCREA,DATE,7,,,N
SYSTEM,SRV_STTIPSOP,5,USUACTUA,VARCHAR2,20,,,Y
SYSTEM,SRV_STTIPSOP,6,FECHACTU,DATE,7,,,Y
SYSTEM,TEMP_BODEBALA,1,VCHAR1,VARCHAR2,20,,,Y
SYSTEM,TEMP_BODEBALA,2,VCHAR2,VARCHAR2,20,,,Y
SYSTEM,TEMP_BODEBALA,3,VCHAR3,VARCHAR2,20,,,Y
SYSTEM,TEMP_BODEBALA,4,VCHAR4,VARCHAR2,20,,,Y
SYSTEM,TEM_TABLPERM,1,NOMBRE,VARCHAR2,30,,,Y
SYSTEM,TEM_TABLPERM,2,NOMSEQ,VARCHAR2,30,,,Y
SYSTEM,TEM_TABLPERM,3,PROPIETARIO,VARCHAR2,30,,,Y
SYSTEM,TEM_TABLSEQU,1,TABLA,VARCHAR2,30,,,Y
SYSTEM,TEM_TABLSEQU,2,SEQUE,VARCHAR2,20,,,Y
SYSTEM,TEM_TABLSIST,1,TABLA,VARCHAR2,30,,,Y
SYSTEM,TEM_TABLSIST,2,SEQUE,VARCHAR2,20,,,Y
SYSTEM,TLL_DETAORDEN,1,ARTL_CODIGRUP,VARCHAR2,20,,,Y
SYSTEM,TLL_DETAORDEN,2,ARTL_CLASE,VARCHAR2,20,,,Y
SYSTEM,TLL_DETAORDEN,3,ARTL_ARTICULO,VARCHAR2,30,,,Y
SYSTEM,TLL_DETAORDEN,4,ARTL_COMPANIA,VARCHAR2,10,,,Y
SYSTEM,TLL_DETAORDEN,5,DTOR_ID,NUMBER,22,10,0,N
SYSTEM,TLL_DETAORDEN,6,ORTB_COMPANIA,VARCHAR2,10,,,N
SYSTEM,TLL_DETAORDEN,7,ORTB_OFICINA,VARCHAR2,3,,,N
SYSTEM,TLL_DETAORDEN,8,ORTB_ORDEN,NUMBER,22,10,0,N
SYSTEM,TLL_DETAORDEN,9,EXTERNO,VARCHAR2,1,,,N
SYSTEM,TLL_DETAORDEN,10,CANTIDAD,NUMBER,22,10,4,Y
SYSTEM,TLL_DETAORDEN,11,CANTSOLI,NUMBER,22,10,4,Y
SYSTEM,TLL_DETAORDEN,12,PRECTOTA,NUMBER,22,16,4,Y
SYSTEM,TLL_DETAORDEN,13,USUACREA,VARCHAR2,20,,,N
SYSTEM,TLL_DETAORDEN,14,FECHCREA,DATE,7,,,N
SYSTEM,TLL_DETAORDEN,15,PRECIO,NUMBER,22,16,4,Y
SYSTEM,TLL_DETAORDEN,16,OBSERVAC,VARCHAR2,500,,,Y
SYSTEM,TLL_DETAORDEN,17,USUACTUA,VARCHAR2,20,,,Y
SYSTEM,TLL_DETAORDEN,18,FECHACTU,DATE,7,,,Y
SYSTEM,TLL_DETAREQUI,1,BDGA_OFICINA,VARCHAR2,3,,,N
SYSTEM,TLL_DETAREQUI,2,COSTOUNI,NUMBER,22,18,4,Y
SYSTEM,TLL_DETAREQUI,3,BDGA_COMPANIA,VARCHAR2,10,,,N
SYSTEM,TLL_DETAREQUI,4,BDGA_CODIBODE,VARCHAR2,5,,,N
SYSTEM,TLL_DETAREQUI,5,DTRQ_ID,NUMBER,22,10,0,N
SYSTEM,TLL_DETAREQUI,6,USUACREA,VARCHAR2,20,,,N
SYSTEM,TLL_DETAREQUI,7,FECHCREA,DATE,7,,,N
SYSTEM,TLL_DETAREQUI,8,ARTL_ARTICULO,VARCHAR2,30,,,N
SYSTEM,TLL_DETAREQUI,9,ARTL_CLASE,VARCHAR2,20,,,N
SYSTEM,TLL_DETAREQUI,10,ARTL_COMPANIA,VARCHAR2,10,,,N
SYSTEM,TLL_DETAREQUI,11,ARTL_CODIGRUP,VARCHAR2,20,,,N
SYSTEM,TLL_DETAREQUI,12,CANTSOLI,NUMBER,22,10,4,Y
SYSTEM,TLL_DETAREQUI,13,CANTIDAD,NUMBER,22,10,4,Y
SYSTEM,TLL_DETAREQUI,14,CANTDEV,NUMBER,22,10,4,Y
SYSTEM,TLL_DETAREQUI,15,PRECIO,NUMBER,22,18,4,Y
SYSTEM,TLL_DETAREQUI,16,PRECTOT,NUMBER,22,20,0,Y
SYSTEM,TLL_DETAREQUI,17,OBSERVAC,VARCHAR2,500,,,Y
SYSTEM,TLL_DETAREQUI,18,USUACTUA,VARCHAR2,20,,,Y
SYSTEM,TLL_DETAREQUI,19,FECHACTU,DATE,7,,,Y
SYSTEM,TLL_DETAREQUI,20,ONRC_NUMERO,NUMBER,22,10,0,N
SYSTEM,TLL_DETAREQUI,21,ONRC_COMPANIA,VARCHAR2,10,,,N
SYSTEM,TLL_DETAREQUI,22,ONRC_OFICINA,VARCHAR2,3,,,N
SYSTEM,TLL_DETAREQUI,23,ONRC_ORDEN,NUMBER,22,10,0,N
SYSTEM,TLL_DIAGNOSTICO,1,ORTB_COMPANIA,VARCHAR2,10,,,N
SYSTEM,TLL_DIAGNOSTICO,2,ORTB_OFICINA,VARCHAR2,3,,,N
SYSTEM,TLL_DIAGNOSTICO,3,ORTB_ORDEN,NUMBER,22,10,0,N
SYSTEM,TLL_DIAGNOSTICO,4,TPDG_CODIGO,VARCHAR2,10,,,N
SYSTEM,TLL_DIAGNOSTICO,5,DETALLE,VARCHAR2,2000,,,Y
SYSTEM,TLL_DIAGNOSTICO,6,USUACREA,VARCHAR2,20,,,N
SYSTEM,TLL_DIAGNOSTICO,7,FECHCREA,DATE,7,,,N
SYSTEM,TLL_DIAGNOSTICO,8,USUACTUA,VARCHAR2,20,,,Y
SYSTEM,TLL_DIAGNOSTICO,9,FECHACTUA,DATE,7,,,Y
SYSTEM,TLL_DIAGNOSTICO,10,TIPO_DIAG,VARCHAR2,2,,,Y
SYSTEM,TLL_ORDENTRC,1,NUMERO,NUMBER,22,10,0,N
SYSTEM,TLL_ORDENTRC,2,FECHENTR,DATE,7,,,Y
SYSTEM,TLL_ORDENTRC,3,FECHA,DATE,7,,,N
SYSTEM,TLL_ORDENTRC,4,USUACREA,VARCHAR2,20,,,N
SYSTEM,TLL_ORDENTRC,5,FECHCREA,DATE,7,,,N
SYSTEM,TLL_ORDENTRC,6,EGEN_ESTADO,VARCHAR2,2,,,N
SYSTEM,TLL_ORDENTRC,7,CANTIDAD,NUMBER,22,10,4,Y
SYSTEM,TLL_ORDENTRC,8,CANTSOLI,NUMBER,22,10,4,Y
SYSTEM,TLL_ORDENTRC,9,PRECIO,NUMBER,22,18,4,Y
SYSTEM,TLL_ORDENTRC,10,OBSERVACI,VARCHAR2,100,,,Y
SYSTEM,TLL_ORDENTRC,11,PRECTOT,NUMBER,22,18,4,Y
SYSTEM,TLL_ORDENTRC,12,FECHACTU,DATE,7,,,Y
SYSTEM,TLL_ORDENTRC,13,USUACTUA,VARCHAR2,20,,,Y
SYSTEM,TLL_ORDENTRC,14,ENSA_OFICINA,VARCHAR2,3,,,Y
SYSTEM,TLL_ORDENTRC,15,ENSA_TIPODOCU,VARCHAR2,2,,,Y
SYSTEM,TLL_ORDENTRC,16,ENSA_COMPANIA,VARCHAR2,10,,,Y
SYSTEM,TLL_ORDENTRC,17,ENSA_NUMERO,VARCHAR2,10,,,Y
SYSTEM,TLL_ORDENTRC,18,ORTB_COMPANIA,VARCHAR2,10,,,N
SYSTEM,TLL_ORDENTRC,19,ORTB_OFICINA,VARCHAR2,3,,,N
SYSTEM,TLL_ORDENTRC,20,ORTB_ORDEN,NUMBER,22,10,0,N
SYSTEM,TLL_ORDENTRC,21,DTOR_DTOR_ID,NUMBER,22,10,0,Y
SYSTEM,TLL_ORDENTRC,22,SOLICITA,VARCHAR2,13,,,N
SYSTEM,TLL_ORDETRAB,1,OFCN_COMPANIA,VARCHAR2,10,,,N
SYSTEM,TLL_ORDETRAB,2,OFCN_OFICINA,VARCHAR2,3,,,N
SYSTEM,TLL_ORDETRAB,3,ORDEN,NUMBER,22,10,0,N
SYSTEM,TLL_ORDETRAB,4,CDT_CDT_ID,NUMBER,22,10,0,Y
SYSTEM,TLL_ORDETRAB,5,EGEN_ESTADO,VARCHAR2,2,,,N
SYSTEM,TLL_ORDETRAB,6,RHHS_CEDURUC,VARCHAR2,13,,,N
SYSTEM,TLL_ORDETRAB,7,FECHINGR,DATE,7,,,N
SYSTEM,TLL_ORDETRAB,8,USUACREA,VARCHAR2,20,,,N
SYSTEM,TLL_ORDETRAB,9,FECHCREA,DATE,7,,,N
SYSTEM,TLL_ORDETRAB,10,FECHSALE,DATE,7,,,Y
SYSTEM,TLL_ORDETRAB,11,KM,NUMBER,22,16,0,Y
SYSTEM,TLL_ORDETRAB,12,MEDIDA,VARCHAR2,2,,,Y
SYSTEM,TLL_ORDETRAB,13,DETADANO,VARCHAR2,200,,,Y
SYSTEM,TLL_ORDETRAB,14,DIAGNOST,VARCHAR2,200,,,Y
SYSTEM,TLL_ORDETRAB,15,OBSERVAC,VARCHAR2,200,,,Y
SYSTEM,TLL_ORDETRAB,16,USUACTUA,VARCHAR2,20,,,Y
SYSTEM,TLL_ORDETRAB,17,FECHACTU,DATE,7,,,Y
SYSTEM,TLL_ORDETRAB,18,TPTB_TP,VARCHAR2,4,,,N
SYSTEM,TLL_ORDETRAB,19,ORTB_COMPANIA,VARCHAR2,10,,,Y
SYSTEM,TLL_ORDETRAB,20,ORTB_OFICINA,VARCHAR2,3,,,Y
SYSTEM,TLL_ORDETRAB,21,ORTB_ORDEN,NUMBER,22,10,0,Y
SYSTEM,TLL_ORDETRAB,22,VHTL_IDCLIENTE,NUMBER,22,10,0,N
SYSTEM,TLL_ORDETRAB,23,VHTL_COMPANIA,VARCHAR2,10,,,N
SYSTEM,TLL_ORDETRAB,24,VHTL_PLACA,VARCHAR2,10,,,N
SYSTEM,TLL_ORDETRAB,25,TPDG_CODIGO,VARCHAR2,10,,,Y
SYSTEM,TLL_TIEMTRAB,1,ACTIVO,VARCHAR2,1,,,N
SYSTEM,TLL_TIEMTRAB,2,TMTR_ID,NUMBER,22,10,0,N
SYSTEM,TLL_TIEMTRAB,3,DTOR_DTOR_ID,NUMBER,22,10,0,N
SYSTEM,TLL_TIEMTRAB,4,FECHINIC,DATE,7,,,N
SYSTEM,TLL_TIEMTRAB,5,FECHFINI,DATE,7,,,Y
SYSTEM,TLL_TIEMTRAB,6,FECHCREA,DATE,7,,,N
SYSTEM,TLL_TIEMTRAB,7,USUACREA,VARCHAR2,20,,,N
SYSTEM,TLL_TIEMTRAB,8,RHHS_CEDURUC,VARCHAR2,13,,,Y
SYSTEM,TLL_TIEMTRAB,9,DESCRIPC,VARCHAR2,200,,,Y
SYSTEM,TLL_TIEMTRAB,10,FECHACTU,DATE,7,,,Y
SYSTEM,TLL_TIEMTRAB,11,USUACTUA,VARCHAR2,20,,,Y
SYSTEM,TLL_TIEMTRAB,12,EGEN_ESTADO,VARCHAR2,2,,,N
SYSTEM,TLL_TIPOCOMB,1,CODIGO,VARCHAR2,10,,,N
SYSTEM,TLL_TIPOCOMB,2,DETALLE,VARCHAR2,80,,,N
SYSTEM,TLL_TIPOCOMB,3,USUACREA,VARCHAR2,20,,,N
SYSTEM,TLL_TIPOCOMB,4,FECHCREA,DATE,7,,,N
SYSTEM,TLL_TIPOCOMB,5,USUACTUA,VARCHAR2,20,,,Y
SYSTEM,TLL_TIPOCOMB,6,FECHACTU,VARCHAR2,240,,,Y
SYSTEM,TLL_TIPODIAG,1,CODIGO,VARCHAR2,10,,,N
SYSTEM,TLL_TIPODIAG,2,DIAGNOSTICO,VARCHAR2,60,,,N
SYSTEM,TLL_TIPODIAG,3,USUACREA,VARCHAR2,20,,,N
SYSTEM,TLL_TIPODIAG,4,FECHCREA,DATE,7,,,N
SYSTEM,TLL_TIPODIAG,5,USUACTUA,VARCHAR2,240,,,Y
SYSTEM,TLL_TIPODIAG,6,FECHACTU,DATE,7,,,Y
SYSTEM,TLL_TIPODIAG,7,TPDG_CODIGO,VARCHAR2,10,,,Y
SYSTEM,TLL_TIPODIAG,8,HABILITA,VARCHAR2,1,,,Y
SYSTEM,TLL_TPORDTRA,1,TP,VARCHAR2,4,,,N
SYSTEM,TLL_TPORDTRA,2,DESCRIPC,VARCHAR2,60,,,N
SYSTEM,TLL_TPORDTRA,3,USUACREA,VARCHAR2,20,,,N
SYSTEM,TLL_TPORDTRA,4,FECHCREA,DATE,7,,,N
SYSTEM,TLL_TPORDTRA,5,USUACTUA,VARCHAR2,20,,,Y
SYSTEM,TLL_TPORDTRA,6,FECHACTU,DATE,7,,,Y
SYSTEM,TLL_TRABEXTE,1,TBXT_ID,NUMBER,22,10,0,N
SYSTEM,TLL_TRABEXTE,2,ARTI_DEV,VARCHAR2,30,,,Y
SYSTEM,TLL_TRABEXTE,3,ORTB_COMPANIA,VARCHAR2,10,,,N
SYSTEM,TLL_TRABEXTE,4,ORTB_OFICINA,VARCHAR2,3,,,N
SYSTEM,TLL_TRABEXTE,5,ORTB_ORDEN,NUMBER,22,10,0,N
SYSTEM,TLL_TRABEXTE,6,COSTO,NUMBER,22,18,4,N
SYSTEM,TLL_TRABEXTE,7,PRECIO,NUMBER,22,18,4,Y
SYSTEM,TLL_TRABEXTE,8,FECHA,DATE,7,,,N
SYSTEM,TLL_TRABEXTE,9,FECHCREA,DATE,7,,,N
SYSTEM,TLL_TRABEXTE,10,USUACREA,VARCHAR2,20,,,N
SYSTEM,TLL_TRABEXTE,11,OBSERVAC,VARCHAR2,80,,,Y
SYSTEM,TLL_TRABEXTE,12,FECHACTU,DATE,7,,,Y
SYSTEM,TLL_TRABEXTE,13,USUACTUA,VARCHAR2,20,,,Y
SYSTEM,TLL_TRABEXTE,14,CMPR_COMPANIA,VARCHAR2,10,,,Y
SYSTEM,TLL_TRABEXTE,15,CMPR_CEDURUC,VARCHAR2,13,,,Y
SYSTEM,TLL_TRABEXTE,16,CMPR_SERIE,VARCHAR2,6,,,Y
SYSTEM,TLL_TRABEXTE,17,CMPR_NUMERO,NUMBER,22,10,0,Y
SYSTEM,TLL_TRABEXTE,18,CMPR_ALCANCE,NUMBER,22,1,0,Y
SYSTEM,TLL_TRABEXTE,19,FECHENTR,DATE,7,,,Y
SYSTEM,TLL_TRABEXTE,20,ARTL_CLASE,VARCHAR2,20,,,N
SYSTEM,TLL_TRABEXTE,21,ARTL_COMPANIA,VARCHAR2,10,,,N
SYSTEM,TLL_TRABEXTE,22,ARTL_CODIGRUP,VARCHAR2,20,,,N
SYSTEM,TLL_TRABEXTE,23,ARTL_ARTICULO,VARCHAR2,30,,,N
SYSTEM,TLL_TRABEXTE,24,PROV_COMPANIA,VARCHAR2,10,,,Y
SYSTEM,TLL_TRABEXTE,25,PROV_CEDURUC,VARCHAR2,13,,,Y
SYSTEM,TLL_VEHITALL,1,CLTE_COMPANIA,VARCHAR2,10,,,N
SYSTEM,TLL_VEHITALL,2,CLTE_IDCLIENTE,NUMBER,22,10,0,N
SYSTEM,TLL_VEHITALL,3,PLACA,VARCHAR2,10,,,N
SYSTEM,TLL_VEHITALL,4,CLRS_CODIGO,VARCHAR2,10,,,N
SYSTEM,TLL_VEHITALL,5,MDVH_CODMD,VARCHAR2,10,,,N
SYSTEM,TLL_VEHITALL,6,MDVH_CODMR,VARCHAR2,10,,,N
SYSTEM,TLL_VEHITALL,7,MODELO,VARCHAR2,20,,,Y
SYSTEM,TLL_VEHITALL,8,TPCB_CODIGO,VARCHAR2,10,,,N
SYSTEM,TLL_VEHITALL,9,VIGENTE,VARCHAR2,1,,,N
SYSTEM,TLL_VEHITALL,10,MOTOR,VARCHAR2,50,,,N
SYSTEM,TLL_VEHITALL,11,CHASIS,VARCHAR2,50,,,N
SYSTEM,TLL_VEHITALL,12,USUACREA,VARCHAR2,20,,,N
SYSTEM,TLL_VEHITALL,13,FECHCREA,DATE,7,,,N
SYSTEM,TLL_VEHITALL,14,ANIOFABR,NUMBER,22,4,0,Y
SYSTEM,TLL_VEHITALL,15,OBSERVAC,VARCHAR2,100,,,Y
SYSTEM,TLL_VEHITALL,16,USUACTUA,VARCHAR2,20,,,Y
SYSTEM,TLL_VEHITALL,17,FECHACTU,DATE,7,,,Y
SYSTEM,TLL_VEHITALL,18,NUMEUNID,NUMBER,22,5,0,Y
SYSTEM,TMP_DETAREQU,1,PROVEEDOR,VARCHAR2,13,,,N
SYSTEM,TMP_DETAREQU,2,COMPANIA,VARCHAR2,10,,,N
SYSTEM,TMP_DETAREQU,3,OFICINA,VARCHAR2,3,,,N
SYSTEM,TMP_DETAREQU,4,BODEGA,VARCHAR2,5,,,N
SYSTEM,TMP_DETAREQU,5,SECCION,VARCHAR2,4,,,N
SYSTEM,TMP_DETAREQU,6,CLASE,VARCHAR2,20,,,N
SYSTEM,TMP_DETAREQU,7,GRUPO,VARCHAR2,20,,,N
SYSTEM,TMP_DETAREQU,8,ARTICULO,VARCHAR2,50,,,N
SYSTEM,TMP_DETAREQU,9,CANTSUGE,NUMBER,22,16,4,Y
SYSTEM,TMP_DETAREQU,10,CANTSOLI,NUMBER,22,16,4,N
SYSTEM,TMP_DETAREQU,11,COSTUNIT,NUMBER,22,16,4,Y
SYSTEM,TMP_DETAREQU,12,CANTBODE,NUMBER,22,,,Y
SYSTEM,TMP_DETAREQU,13,COSTPROM,NUMBER,22,,,Y
SYSTEM,TMP_DETAREQU,14,VENMESACT,NUMBER,22,,,Y
SYSTEM,TMP_DETAREQU,15,ULTMCOST,NUMBER,22,16,4,Y
SYSTEM,TMP_DETAREQU,16,FULTCOMP,DATE,7,,,Y
SYSTEM,TMP_DETAREQU,17,LINECOMP,VARCHAR2,300,,,Y
SYSTEM,TMP_DETAREQU,18,TMDR_ID,NUMBER,22,,,N
SYSTEM,TMP_DETAREQU,19,OBSERVAC,VARCHAR2,1500,,,Y
SYSTEM,TMP_LOGISTICA,1,DLGT_ID,NUMBER,22,,,N
SYSTEM,TMP_LOGISTICA,2,PRFM_PRFM_ID,NUMBER,22,10,0,N
SYSTEM,TMP_LOGISTICA,3,TMLG_ID,NUMBER,22,10,0,N
SYSTEM,TMP_LOGISTICA,4,FGENERA,DATE,7,,,N
SYSTEM,TMP_LOGISTICA,5,FECHA,DATE,7,,,N
SYSTEM,TMP_LOGISTICA,6,DESCRIPCION,VARCHAR2,500,,,Y
SYSTEM,TMP_LOGISTICA,7,REFER,VARCHAR2,50,,,N
SYSTEM,TMP_LOGISTICA,8,USUACREA,VARCHAR2,20,,,N
SYSTEM,TMP_LOGISTICA,9,FECHCREA,DATE,7,,,N
SYSTEM,TMP_LOGISTICA,10,USUACTUA,VARCHAR2,20,,,Y
SYSTEM,TMP_LOGISTICA,11,FECHACTU,DATE,7,,,Y
SYSTEM,TMP_LOGISTICA,12,VCHAR1,VARCHAR2,500,,,Y
SYSTEM,TMP_LOGISTICA,13,VCHAR2,VARCHAR2,500,,,Y
SYSTEM,TMP_LOGISTICA,14,VCHAR3,VARCHAR2,500,,,Y
SYSTEM,TMP_LOGISTICA,15,VCHAR4,VARCHAR2,500,,,Y
SYSTEM,TMP_LOGISTICA,16,VCHAR5,VARCHAR2,500,,,Y
SYSTEM,TMP_LOGISTICA,17,NUMBER1,NUMBER,22,,,Y
SYSTEM,TMP_LOGISTICA,18,NUMBER2,NUMBER,22,,,Y
SYSTEM,TMP_LOGISTICA,19,NUMBER3,NUMBER,22,,,Y
SYSTEM,TMP_LOGISTICA,20,NUMBER4,NUMBER,22,,,Y
SYSTEM,TMP_LOGISTICA,21,NUMBER5,NUMBER,22,,,Y
SYSTEM,TMP_ROCHE,1,ROCH_ID,NUMBER,22,10,0,N
SYSTEM,TMP_ROCHE,2,MATERIAL,VARCHAR2,50,,,Y
SYSTEM,TMP_ROCHE,3,MATERIAL_DESCRIPTION,VARCHAR2,500,,,Y
SYSTEM,TMP_ROCHE,4,PLANT,VARCHAR2,20,,,Y
SYSTEM,TMP_ROCHE,5,BLOCKED,NUMBER,22,16,2,Y
SYSTEM,TMP_ROCHE,6,BATCH,VARCHAR2,30,,,Y
SYSTEM,TMP_ROCHE,7,SLED_BBD,DATE,7,,,Y
SYSTEM,TMP_ROCHE,8,UNRESTRICTED,VARCHAR2,50,,,Y
SYSTEM,TMP_ROCHE,9,SL_DAY,VARCHAR2,20,,,Y
SYSTEM,TMP_ROCHE,10,SCHED_DELIVERY,VARCHAR2,50,,,Y
SYSTEM,TMP_ROCHE,11,QTY_AVAILABLE,VARCHAR2,50,,,Y
SYSTEM,TMP_ROCHE,12,MRP_TYPE,VARCHAR2,20,,,Y
SYSTEM,TMP_ROCHE,13,STATUS,VARCHAR2,20,,,Y
SYSTEM,TMP_ROCHE,14,QUALITY_INSP,VARCHAR2,30,,,Y
SYSTEM,TMP_ROCHE,15,STORAGE_LOCATION,VARCHAR2,20,,,Y
SYSTEM,TMP_ROCHE,16,USUACREA,VARCHAR2,30,,,N
SYSTEM,TMP_ROCHE,17,FECHCREA,DATE,7,,,N
SYSTEM,TMP_ROCHE,18,USUACTUA,VARCHAR2,30,,,Y
SYSTEM,TMP_ROCHE,19,FECHACTU,DATE,7,,,Y
SYSTEM,UTL_CAMATFIN,1,CAMF_ID,NUMBER,22,10,0,N
SYSTEM,UTL_CAMATFIN,2,COCONTIE,VARCHAR2,30,,,Y
SYSTEM,UTL_CAMATFIN,3,COCONPOR,VARCHAR2,30,,,Y
SYSTEM,UTL_CAMATFIN,4,COCONMON,VARCHAR2,30,,,Y
SYSTEM,UTL_CAMATFIN,5,VALACTVA,NUMBER,22,18,6,Y
SYSTEM,UTL_CAMATFIN,6,VALACTMO,VARCHAR2,30,,,Y
SYSTEM,UTL_CAMATFIN,7,VALACTCV,NUMBER,22,18,6,Y
SYSTEM,UTL_CAMATFIN,8,VALACTCM,VARCHAR2,30,,,Y
SYSTEM,UTL_CAMATFIN,9,VALFUTVA,NUMBER,22,18,6,Y
SYSTEM,UTL_CAMATFIN,10,VALFUTMO,VARCHAR2,30,,,Y
SYSTEM,UTL_CAMATFIN,11,VALFUTCV,NUMBER,22,18,6,Y
SYSTEM,UTL_CAMATFIN,12,VALFUTCM,VARCHAR2,30,,,Y
SYSTEM,UTL_CAMATFIN,13,TAINNOVA,NUMBER,22,18,6,Y
SYSTEM,UTL_CAMATFIN,14,TAINNOUN,VARCHAR2,30,,,Y
SYSTEM,UTL_CAMATFIN,15,TAINNOCV,NUMBER,22,18,6,Y
SYSTEM,UTL_CAMATFIN,16,TAINNOCU,VARCHAR2,30,,,Y
SYSTEM,UTL_CAMATFIN,17,TIEMPOVA,NUMBER,22,10,0,Y
SYSTEM,UTL_CAMATFIN,18,TIEMPOUN,VARCHAR2,30,,,Y
SYSTEM,UTL_CAMATFIN,19,TIEMPOCV,NUMBER,22,18,6,Y
SYSTEM,UTL_CAMATFIN,20,TIEMPOCU,VARCHAR2,30,,,Y
SYSTEM,UTL_CAMATFIN,21,TAPERIVA,NUMBER,22,18,6,Y
SYSTEM,UTL_CAMATFIN,22,TAPERIUN,VARCHAR2,30,,,Y
SYSTEM,UTL_CAMATFIN,23,TAPERICV,NUMBER,22,18,6,Y
SYSTEM,UTL_CAMATFIN,24,TAPERICU,VARCHAR2,30,,,Y
SYSTEM,UTL_CAMATFIN,25,TAEFANVA,NUMBER,22,18,6,Y
SYSTEM,UTL_CAMATFIN,26,TAEFANUN,VARCHAR2,30,,,Y
SYSTEM,UTL_CAMATFIN,27,TAEFANCV,NUMBER,22,18,6,Y
SYSTEM,UTL_CAMATFIN,28,TAEFANCU,VARCHAR2,30,,,Y
SYSTEM,UTL_CAMATFIN,29,VAACNEVA,NUMBER,22,18,6,Y
SYSTEM,UTL_CAMATFIN,30,VAACNEMO,VARCHAR2,30,,,Y
SYSTEM,UTL_CAMATFIN,31,VAACNECV,NUMBER,22,18,6,Y
SYSTEM,UTL_CAMATFIN,32,VAACNECM,VARCHAR2,30,,,Y
SYSTEM,UTL_CAMATFIN,33,TAINREVA,NUMBER,22,18,6,Y
SYSTEM,UTL_CAMATFIN,34,TAINREUM,VARCHAR2,30,,,Y
SYSTEM,UTL_CAMATFIN,35,TAINRECV,NUMBER,22,18,6,Y
SYSTEM,UTL_CAMATFIN,36,TAINRECU,VARCHAR2,30,,,Y
SYSTEM,UTL_CAMATFIN,37,ANUALIVA,NUMBER,22,18,6,Y
SYSTEM,UTL_CAMATFIN,38,ANUALIMO,VARCHAR2,30,,,Y
SYSTEM,UTL_CAMATFIN,39,ANUALICV,NUMBER,22,18,6,Y
SYSTEM,UTL_CAMATFIN,40,ANUALICM,VARCHAR2,30,,,Y
SYSTEM,UTL_CAMATFIN,41,VAPRANVA,NUMBER,22,18,6,Y
SYSTEM,UTL_CAMATFIN,42,VAPRANMO,VARCHAR2,30,,,Y
SYSTEM,UTL_CAMATFIN,43,VAPRANCV,NUMBER,22,18,6,Y
SYSTEM,UTL_CAMATFIN,44,VAPRANCM,VARCHAR2,30,,,Y
SYSTEM,UTL_CAMATFIN,45,VAFUANVA,NUMBER,22,18,6,Y
SYSTEM,UTL_CAMATFIN,46,VAFUANMO,VARCHAR2,30,,,Y
SYSTEM,UTL_CAMATFIN,47,VAFUANCV,NUMBER,22,18,6,Y
SYSTEM,UTL_CAMATFIN,48,VAFUANCM,VARCHAR2,30,,,Y
SYSTEM,UTL_CAMATFIN,49,TAINANVA,NUMBER,22,18,6,Y
SYSTEM,UTL_CAMATFIN,50,TAINANUM,VARCHAR2,30,,,Y
SYSTEM,UTL_CAMATFIN,51,TAINANCV,NUMBER,22,18,6,Y
SYSTEM,UTL_CAMATFIN,52,TAINANCU,VARCHAR2,30,,,Y
SYSTEM,UTL_CAMATFIN,53,TAINVEVA,NUMBER,22,18,6,Y
SYSTEM,UTL_CAMATFIN,54,TAINVEUM,VARCHAR2,30,,,Y
SYSTEM,UTL_CAMATFIN,55,TAINVECV,NUMBER,22,18,6,Y
SYSTEM,UTL_CAMATFIN,56,TAINVECU,VARCHAR2,30,,,Y
SYSTEM,UTL_CAMATFIN,57,USUACREA,VARCHAR2,20,,,N
SYSTEM,UTL_CAMATFIN,58,FECHCREA,DATE,7,,,N
SYSTEM,UTL_CAMATFIN,59,USUACTUA,VARCHAR2,20,,,Y
SYSTEM,UTL_CAMATFIN,60,FECHACTU,DATE,7,,,Y
SYSTEM,VEN_ALCANCE,1,GRAR_CLASE,VARCHAR2,20,,,N
SYSTEM,VEN_ALCANCE,2,GRAR_COMPANIA,VARCHAR2,10,,,N
SYSTEM,VEN_ALCANCE,3,GRAR_CODIGRUP,VARCHAR2,20,,,N
SYSTEM,VEN_ALCANCE,4,VNDR_CODIGO,VARCHAR2,10,,,N
SYSTEM,VEN_ALCANCE,5,VNDR_COMPANIA,VARCHAR2,10,,,N
SYSTEM,VEN_ALCANCE,6,VNDR_OFICINA,VARCHAR2,3,,,N
SYSTEM,VEN_ALCANCE,7,VIGENTE,VARCHAR2,1,,,N
SYSTEM,VEN_ALCANCE,8,FECHCREA,DATE,7,,,N
SYSTEM,VEN_ALCANCE,9,USUACREA,VARCHAR2,20,,,N
SYSTEM,VEN_ALCANCE,10,FECHACTU,DATE,7,,,Y
SYSTEM,VEN_ALCANCE,11,USUACTUA,VARCHAR2,240,,,Y
SYSTEM,VEN_BODEDATO,1,VBOD_ID,NUMBER,22,10,0,N
SYSTEM,VEN_BODEDATO,2,COMPANIA,VARCHAR2,10,,,Y
SYSTEM,VEN_BODEDATO,3,OFCN_OFICINA,VARCHAR2,3,,,Y
SYSTEM,VEN_BODEDATO,4,DESC_OFICINA,VARCHAR2,120,,,Y
SYSTEM,VEN_BODEDATO,5,FECHA,DATE,7,,,Y
SYSTEM,VEN_BODEDATO,6,DIA,VARCHAR2,2,,,Y
SYSTEM,VEN_BODEDATO,7,MES,VARCHAR2,3,,,Y
SYSTEM,VEN_BODEDATO,8,MESP,VARCHAR2,5,,,Y
SYSTEM,VEN_BODEDATO,9,SEMANA,VARCHAR2,1,,,Y
SYSTEM,VEN_BODEDATO,10,ANIO,VARCHAR2,4,,,Y
SYSTEM,VEN_BODEDATO,11,TIPO_DOCUMENTO,VARCHAR2,20,,,Y
SYSTEM,VEN_BODEDATO,12,IDCLIENTE,NUMBER,22,10,0,Y
SYSTEM,VEN_BODEDATO,13,CEDURUC,VARCHAR2,30,,,Y
SYSTEM,VEN_BODEDATO,14,CLIENTE,VARCHAR2,100,,,Y
SYSTEM,VEN_BODEDATO,15,CLTE_IDCLIENTE,VARCHAR2,10,,,Y
SYSTEM,VEN_BODEDATO,16,CLTE_NOMBRE,VARCHAR2,100,,,Y
SYSTEM,VEN_BODEDATO,17,ZONA_CODIZONA,VARCHAR2,10,,,Y
SYSTEM,VEN_BODEDATO,18,ZONA,VARCHAR2,50,,,Y
SYSTEM,VEN_BODEDATO,19,CODICANT,VARCHAR2,3,,,Y
SYSTEM,VEN_BODEDATO,20,CANTON,VARCHAR2,60,,,Y
SYSTEM,VEN_BODEDATO,21,VNDR_CODIGO,VARCHAR2,10,,,Y
SYSTEM,VEN_BODEDATO,22,VENDEDOR,VARCHAR2,100,,,Y
SYSTEM,VEN_BODEDATO,23,SERIE,VARCHAR2,6,,,Y
SYSTEM,VEN_BODEDATO,24,NUMERO,NUMBER,22,10,0,Y
SYSTEM,VEN_BODEDATO,25,SERIE_NC,VARCHAR2,6,,,Y
SYSTEM,VEN_BODEDATO,26,NUMERO_NC,NUMBER,22,,,Y
SYSTEM,VEN_BODEDATO,27,FECHVCTO,DATE,7,,,Y
SYSTEM,VEN_BODEDATO,28,REFER,VARCHAR2,30,,,Y
SYSTEM,VEN_BODEDATO,29,ARTL_CLASE,VARCHAR2,20,,,Y
SYSTEM,VEN_BODEDATO,30,DESC_CLASINVE,VARCHAR2,120,,,Y
SYSTEM,VEN_BODEDATO,31,ARTL_CODIGRUP,VARCHAR2,20,,,Y
SYSTEM,VEN_BODEDATO,32,DESC_GRUPARTI,VARCHAR2,120,,,Y
SYSTEM,VEN_BODEDATO,33,ARTL_ARTICULO,VARCHAR2,30,,,Y
SYSTEM,VEN_BODEDATO,34,ARTICULO,VARCHAR2,100,,,Y
SYSTEM,VEN_BODEDATO,35,LINEA,VARCHAR2,120,,,Y
SYSTEM,VEN_BODEDATO,36,SUBLINEA,VARCHAR2,120,,,Y
SYSTEM,VEN_BODEDATO,37,EXCEPCION,VARCHAR2,120,,,Y
SYSTEM,VEN_BODEDATO,38,UMED_UNIDMEDI,VARCHAR2,5,,,Y
SYSTEM,VEN_BODEDATO,39,TALLA,VARCHAR2,60,,,Y
SYSTEM,VEN_BODEDATO,40,PESO,NUMBER,22,20,5,Y
SYSTEM,VEN_BODEDATO,41,CANTIDAD,NUMBER,22,20,5,Y
SYSTEM,VEN_BODEDATO,42,KILOS,NUMBER,22,20,5,Y
SYSTEM,VEN_BODEDATO,43,TONELADAS,NUMBER,22,20,5,Y
SYSTEM,VEN_BODEDATO,44,SACOS,NUMBER,22,20,5,Y
SYSTEM,VEN_BODEDATO,45,VALOR,NUMBER,22,20,5,Y
SYSTEM,VEN_BODEDATO,46,DESCUENTO,NUMBER,22,20,5,Y
SYSTEM,VEN_BODEDATO,47,PORCDESC,NUMBER,22,20,5,Y
SYSTEM,VEN_BODEDATO,48,IVA,NUMBER,22,20,5,Y
SYSTEM,VEN_BODEDATO,49,TASAIVA,NUMBER,22,20,5,Y
SYSTEM,VEN_BODEDATO,50,COSTO,NUMBER,22,,,Y
SYSTEM,VEN_BODEDATO,51,FACTOR_UTILIDAD,NUMBER,22,,,Y
SYSTEM,VEN_BODEDATO,52,UTILIDAD,NUMBER,22,,,Y
SYSTEM,VEN_BODEDATO,53,PRESUPUESTO,NUMBER,22,20,5,Y
SYSTEM,VEN_BODEDATO,54,PRECUNIT,NUMBER,22,,,Y
SYSTEM,VEN_BODEDATO,55,COSTUNIT,NUMBER,22,,,Y
SYSTEM,VEN_BODEDATO,56,USUACREA,VARCHAR2,20,,,N
SYSTEM,VEN_BODEDATO,57,FECHCREA,DATE,7,,,N
SYSTEM,VEN_BODEDATO,58,USUACTUA,VARCHAR2,20,,,Y
SYSTEM,VEN_BODEDATO,59,FECHACTU,DATE,7,,,Y
SYSTEM,VEN_BODEDATO,60,PROVEEDOR,VARCHAR2,120,,,Y
SYSTEM,VEN_BODEDATO,61,ESTADO_PROV,VARCHAR2,120,,,Y
SYSTEM,VEN_BODEDATO_BK24012025MF,1,VBOD_ID,NUMBER,22,10,0,N
SYSTEM,VEN_BODEDATO_BK24012025MF,2,COMPANIA,VARCHAR2,10,,,Y
SYSTEM,VEN_BODEDATO_BK24012025MF,3,OFCN_OFICINA,VARCHAR2,3,,,Y
SYSTEM,VEN_BODEDATO_BK24012025MF,4,DESC_OFICINA,VARCHAR2,120,,,Y
SYSTEM,VEN_BODEDATO_BK24012025MF,5,FECHA,DATE,7,,,Y
SYSTEM,VEN_BODEDATO_BK24012025MF,6,DIA,VARCHAR2,2,,,Y
SYSTEM,VEN_BODEDATO_BK24012025MF,7,MES,VARCHAR2,3,,,Y
SYSTEM,VEN_BODEDATO_BK24012025MF,8,MESP,VARCHAR2,5,,,Y
SYSTEM,VEN_BODEDATO_BK24012025MF,9,SEMANA,VARCHAR2,1,,,Y
SYSTEM,VEN_BODEDATO_BK24012025MF,10,ANIO,VARCHAR2,4,,,Y
SYSTEM,VEN_BODEDATO_BK24012025MF,11,TIPO_DOCUMENTO,VARCHAR2,20,,,Y
SYSTEM,VEN_BODEDATO_BK24012025MF,12,IDCLIENTE,NUMBER,22,10,0,Y
SYSTEM,VEN_BODEDATO_BK24012025MF,13,CEDURUC,VARCHAR2,30,,,Y
SYSTEM,VEN_BODEDATO_BK24012025MF,14,CLIENTE,VARCHAR2,100,,,Y
SYSTEM,VEN_BODEDATO_BK24012025MF,15,CLTE_IDCLIENTE,VARCHAR2,10,,,Y
SYSTEM,VEN_BODEDATO_BK24012025MF,16,CLTE_NOMBRE,VARCHAR2,100,,,Y
SYSTEM,VEN_BODEDATO_BK24012025MF,17,ZONA_CODIZONA,VARCHAR2,10,,,Y
SYSTEM,VEN_BODEDATO_BK24012025MF,18,ZONA,VARCHAR2,50,,,Y
SYSTEM,VEN_BODEDATO_BK24012025MF,19,CODICANT,VARCHAR2,3,,,Y
SYSTEM,VEN_BODEDATO_BK24012025MF,20,CANTON,VARCHAR2,60,,,Y
SYSTEM,VEN_BODEDATO_BK24012025MF,21,VNDR_CODIGO,VARCHAR2,10,,,Y
SYSTEM,VEN_BODEDATO_BK24012025MF,22,VENDEDOR,VARCHAR2,100,,,Y
SYSTEM,VEN_BODEDATO_BK24012025MF,23,SERIE,VARCHAR2,6,,,Y
SYSTEM,VEN_BODEDATO_BK24012025MF,24,NUMERO,NUMBER,22,10,0,Y
SYSTEM,VEN_BODEDATO_BK24012025MF,25,SERIE_NC,VARCHAR2,6,,,Y
SYSTEM,VEN_BODEDATO_BK24012025MF,26,NUMERO_NC,NUMBER,22,,,Y
SYSTEM,VEN_BODEDATO_BK24012025MF,27,FECHVCTO,DATE,7,,,Y
SYSTEM,VEN_BODEDATO_BK24012025MF,28,REFER,VARCHAR2,30,,,Y
SYSTEM,VEN_BODEDATO_BK24012025MF,29,ARTL_CLASE,VARCHAR2,20,,,Y
SYSTEM,VEN_BODEDATO_BK24012025MF,30,DESC_CLASINVE,VARCHAR2,120,,,Y
SYSTEM,VEN_BODEDATO_BK24012025MF,31,ARTL_CODIGRUP,VARCHAR2,20,,,Y
SYSTEM,VEN_BODEDATO_BK24012025MF,32,DESC_GRUPARTI,VARCHAR2,120,,,Y
SYSTEM,VEN_BODEDATO_BK24012025MF,33,ARTL_ARTICULO,VARCHAR2,30,,,Y
SYSTEM,VEN_BODEDATO_BK24012025MF,34,ARTICULO,VARCHAR2,100,,,Y
SYSTEM,VEN_BODEDATO_BK24012025MF,35,LINEA,VARCHAR2,120,,,Y
SYSTEM,VEN_BODEDATO_BK24012025MF,36,SUBLINEA,VARCHAR2,120,,,Y
SYSTEM,VEN_BODEDATO_BK24012025MF,37,EXCEPCION,VARCHAR2,120,,,Y
SYSTEM,VEN_BODEDATO_BK24012025MF,38,UMED_UNIDMEDI,VARCHAR2,5,,,Y
SYSTEM,VEN_BODEDATO_BK24012025MF,39,TALLA,VARCHAR2,60,,,Y
SYSTEM,VEN_BODEDATO_BK24012025MF,40,PESO,NUMBER,22,20,5,Y
SYSTEM,VEN_BODEDATO_BK24012025MF,41,CANTIDAD,NUMBER,22,20,5,Y
SYSTEM,VEN_BODEDATO_BK24012025MF,42,KILOS,NUMBER,22,20,5,Y
SYSTEM,VEN_BODEDATO_BK24012025MF,43,TONELADAS,NUMBER,22,20,5,Y
SYSTEM,VEN_BODEDATO_BK24012025MF,44,SACOS,NUMBER,22,20,5,Y
SYSTEM,VEN_BODEDATO_BK24012025MF,45,VALOR,NUMBER,22,20,5,Y
SYSTEM,VEN_BODEDATO_BK24012025MF,46,DESCUENTO,NUMBER,22,20,5,Y
SYSTEM,VEN_BODEDATO_BK24012025MF,47,PORCDESC,NUMBER,22,20,5,Y
SYSTEM,VEN_BODEDATO_BK24012025MF,48,IVA,NUMBER,22,20,5,Y
SYSTEM,VEN_BODEDATO_BK24012025MF,49,TASAIVA,NUMBER,22,20,5,Y
SYSTEM,VEN_BODEDATO_BK24012025MF,50,COSTO,NUMBER,22,,,Y
SYSTEM,VEN_BODEDATO_BK24012025MF,51,FACTOR_UTILIDAD,NUMBER,22,,,Y
SYSTEM,VEN_BODEDATO_BK24012025MF,52,UTILIDAD,NUMBER,22,,,Y
SYSTEM,VEN_BODEDATO_BK24012025MF,53,PRESUPUESTO,NUMBER,22,20,5,Y
SYSTEM,VEN_BODEDATO_BK24012025MF,54,PRECUNIT,NUMBER,22,,,Y
SYSTEM,VEN_BODEDATO_BK24012025MF,55,COSTUNIT,NUMBER,22,,,Y
SYSTEM,VEN_BODEDATO_BK24012025MF,56,USUACREA,VARCHAR2,20,,,N
SYSTEM,VEN_BODEDATO_BK24012025MF,57,FECHCREA,DATE,7,,,N
SYSTEM,VEN_BODEDATO_BK24012025MF,58,USUACTUA,VARCHAR2,20,,,Y
SYSTEM,VEN_BODEDATO_BK24012025MF,59,FECHACTU,DATE,7,,,Y
SYSTEM,VEN_BODEDATO_BK24012025MF,60,PROVEEDOR,VARCHAR2,120,,,Y
SYSTEM,VEN_BODEDATO_BK24012025MF,61,ESTADO_PROV,VARCHAR2,120,,,Y
SYSTEM,VEN_BONOPREM,1,VNDR_CODIGO,VARCHAR2,10,,,N
SYSTEM,VEN_BONOPREM,2,VNDR_COMPANIA,VARCHAR2,10,,,N
SYSTEM,VEN_BONOPREM,3,VNDR_OFICINA,VARCHAR2,3,,,N
SYSTEM,VEN_BONOPREM,4,FECHA,DATE,7,,,N
SYSTEM,VEN_BONOPREM,5,PREMVENT,NUMBER,22,16,2,Y
SYSTEM,VEN_BONOPREM,6,PREMCOBR,NUMBER,22,16,2,Y
SYSTEM,VEN_BONOPREM,7,VIGENTE,VARCHAR2,1,,,N
SYSTEM,VEN_BONOPREM,8,BONOCOMI,NUMBER,22,16,2,Y
SYSTEM,VEN_BONOPREM,9,OBSERVAC,VARCHAR2,80,,,Y
SYSTEM,VEN_BONOPREM,10,FECHCREA,DATE,7,,,N
SYSTEM,VEN_BONOPREM,11,USUACREA,VARCHAR2,20,,,N
SYSTEM,VEN_BONOPREM,12,FECHACTU,DATE,7,,,Y
SYSTEM,VEN_BONOPREM,13,USUACTUA,VARCHAR2,20,,,Y
SYSTEM,VEN_BONOPREM,14,PRPG_CODIPERI,VARCHAR2,2,,,N
SYSTEM,VEN_CAJACLIE,1,VIGENTE,VARCHAR2,1,,,N
SYSTEM,VEN_CAJACLIE,2,USUACREA,VARCHAR2,20,,,N
SYSTEM,VEN_CAJACLIE,3,FECHCREA,DATE,7,,,N
SYSTEM,VEN_CAJACLIE,4,USUACTUA,VARCHAR2,20,,,Y
SYSTEM,VEN_CAJACLIE,5,FECHACTU,DATE,7,,,Y
SYSTEM,VEN_CAJACLIE,6,ARTL_ARTICULO,VARCHAR2,30,,,N
SYSTEM,VEN_CAJACLIE,7,ARTL_CLASE,VARCHAR2,20,,,N
SYSTEM,VEN_CAJACLIE,8,ARTL_COMPANIA,VARCHAR2,10,,,N
SYSTEM,VEN_CAJACLIE,9,ARTL_CODIGRUP,VARCHAR2,20,,,N
SYSTEM,VEN_CAJACLIE,10,CLTE_COMPANIA,VARCHAR2,10,,,N
SYSTEM,VEN_CAJACLIE,11,CLTE_IDCLIENTE,NUMBER,22,10,0,N
SYSTEM,VEN_CASOVISI,1,CODIGO,VARCHAR2,5,,,N
SYSTEM,VEN_CASOVISI,2,DESCRIPCION,VARCHAR2,50,,,N
SYSTEM,VEN_CASOVISI,3,EFECTIVA,VARCHAR2,1,,,N
SYSTEM,VEN_CASOVISI,4,USUACREA,VARCHAR2,50,,,N
SYSTEM,VEN_CASOVISI,5,FECHCREA,DATE,7,,,N
SYSTEM,VEN_CASOVISI,6,USUACTUA,VARCHAR2,50,,,Y
SYSTEM,VEN_CASOVISI,7,FECHACTU,DATE,7,,,Y
SYSTEM,VEN_COBERTURA,1,CANT_CODICANT,VARCHAR2,3,,,N
SYSTEM,VEN_COBERTURA,2,CANT_CODIPROV,VARCHAR2,3,,,N
SYSTEM,VEN_COBERTURA,3,SECT_CODIGO,VARCHAR2,4,,,N
SYSTEM,VEN_COBERTURA,4,ZONA_CODIZONA,VARCHAR2,10,,,N
SYSTEM,VEN_COBERTURA,5,VIGENTE,VARCHAR2,1,,,N
SYSTEM,VEN_COBERTURA,6,LUGAR,VARCHAR2,80,,,N
SYSTEM,VEN_COBERTURA,7,OBSERVAC,VARCHAR2,400,,,Y
SYSTEM,VEN_COBERTURA,8,OFCN_COMPANIA,VARCHAR2,10,,,Y
SYSTEM,VEN_COBERTURA,9,OFCN_OFICINA,VARCHAR2,3,,,Y
SYSTEM,VEN_COBERTURA,10,CBTR_ID,NUMBER,22,10,0,N
SYSTEM,VEN_COBERTURA,11,FECHCREA,DATE,7,,,N
SYSTEM,VEN_COBERTURA,12,USUACREA,VARCHAR2,20,,,N
SYSTEM,VEN_COBERTURA,13,FECHACTU,DATE,7,,,Y
SYSTEM,VEN_COBERTURA,14,USUACTUA,VARCHAR2,20,,,Y
SYSTEM,VEN_COMISION,1,CLTE_COMPANIA,VARCHAR2,10,,,Y
SYSTEM,VEN_COMISION,2,CLTE_IDCLIENTE,NUMBER,22,10,0,Y
SYSTEM,VEN_COMISION,3,VNDR_COMPANIA,VARCHAR2,10,,,Y
SYSTEM,VEN_COMISION,4,VNDR_OFICINA,VARCHAR2,3,,,Y
SYSTEM,VEN_COMISION,5,VNDR_CODIGO,VARCHAR2,10,,,Y
SYSTEM,VEN_COMISION,6,FECHA,DATE,7,,,N
SYSTEM,VEN_COMISION,7,PORCENTA,NUMBER,22,7,4,Y
SYSTEM,VEN_COMISION,8,VALOCOMI,NUMBER,22,16,2,Y
SYSTEM,VEN_COMISION,9,VIGENTE,VARCHAR2,1,,,N
SYSTEM,VEN_COMISION,10,FECHCREA,DATE,7,,,N
SYSTEM,VEN_COMISION,11,USUACREA,VARCHAR2,20,,,N
SYSTEM,VEN_COMISION,12,OBSERVAC,VARCHAR2,100,,,Y
SYSTEM,VEN_COMISION,13,VALOCART,NUMBER,22,16,2,Y
SYSTEM,VEN_COMISION,14,FECHACTU,DATE,7,,,Y
SYSTEM,VEN_COMISION,15,USUACTUA,VARCHAR2,20,,,Y
SYSTEM,VEN_COMISION,16,CLCM_CODIGO,VARCHAR2,6,,,Y
SYSTEM,VEN_COMISION,17,CMSN_ID,NUMBER,22,10,0,N
SYSTEM,VEN_COMISION,18,EGEN_ESTADO,VARCHAR2,2,,,Y
SYSTEM,VEN_COMISION,19,BASEIVA0,NUMBER,22,16,2,Y
SYSTEM,VEN_COMISION,20,BASEIVA,NUMBER,22,16,2,Y
SYSTEM,VEN_COMISION,21,TASAIVA,NUMBER,22,7,4,Y
SYSTEM,VEN_COMISION,22,VNTA_TIPOCOMP,VARCHAR2,10,,,Y
SYSTEM,VEN_COMISION,23,VNTA_COMPANIA,VARCHAR2,10,,,Y
SYSTEM,VEN_COMISION,24,VNTA_SERIE,VARCHAR2,6,,,Y
SYSTEM,VEN_COMISION,25,VNTA_OFICINA,VARCHAR2,3,,,Y
SYSTEM,VEN_COMISION,26,VNTA_NUMERO,NUMBER,22,10,0,Y
SYSTEM,VEN_DATSPLAN,1,DAPL,NUMBER,22,10,0,N
SYSTEM,VEN_DATSPLAN,2,USUACREA,VARCHAR2,50,,,N
SYSTEM,VEN_DATSPLAN,3,FECHCREA,DATE,7,,,N
SYSTEM,VEN_DATSPLAN,4,USUACTUA,VARCHAR2,50,,,Y
SYSTEM,VEN_DATSPLAN,5,FECHACTU,DATE,7,,,Y
SYSTEM,VEN_DATSPLAN,6,CLTE_ID,NUMBER,22,10,0,N
SYSTEM,VEN_DATSPLAN,7,CLTE_CMPN,VARCHAR2,10,,,N
SYSTEM,VEN_DATSPLAN,8,VNDR_CMPN,VARCHAR2,10,,,Y
SYSTEM,VEN_DATSPLAN,9,VNDR_OFCN,VARCHAR2,3,,,Y
SYSTEM,VEN_DATSPLAN,10,VNDR_CODIGO,VARCHAR2,10,,,Y
SYSTEM,VEN_DATSPLAN,11,PLVI,NUMBER,22,10,0,Y
SYSTEM,VEN_DETAFACT,1,DTFC_ID,NUMBER,22,10,0,N
SYSTEM,VEN_DETAFACT,2,FECHCREA,DATE,7,,,N
SYSTEM,VEN_DETAFACT,3,USUACREA,VARCHAR2,20,,,N
SYSTEM,VEN_DETAFACT,4,FECHACTU,DATE,7,,,Y
SYSTEM,VEN_DETAFACT,5,USUACTUA,VARCHAR2,20,,,N
SYSTEM,VEN_DETAFLET,1,CANT_CODICANT,VARCHAR2,3,,,N
SYSTEM,VEN_DETAFLET,2,CANT_CODIPROV,VARCHAR2,3,,,N
SYSTEM,VEN_DETAFLET,3,SRFL_CODIFLET,VARCHAR2,4,,,N
SYSTEM,VEN_DETAFLET,4,SRFL_COMPANIA,VARCHAR2,10,,,N
SYSTEM,VEN_DETAFLET,5,SRFL_OFICINA,VARCHAR2,3,,,N
SYSTEM,VEN_DETAFLET,6,VALOFLET,NUMBER,22,16,2,N
SYSTEM,VEN_DETAFLET,7,CARGOADI,NUMBER,22,16,2,Y
SYSTEM,VEN_DETAFLET,8,OBSERVAC,VARCHAR2,400,,,Y
SYSTEM,VEN_DETAFLET,9,DTFL_ID,NUMBER,22,10,0,N
SYSTEM,VEN_DETAFLET,10,FECHCREA,DATE,7,,,N
SYSTEM,VEN_DETAFLET,11,USUACREA,VARCHAR2,20,,,N
SYSTEM,VEN_DETAFLET,12,FECHACTU,DATE,7,,,Y
SYSTEM,VEN_DETAFLET,13,USUACTUA,VARCHAR2,20,,,Y
SYSTEM,VEN_DETAPROD,1,DPR_ID,NUMBER,22,10,0,N
SYSTEM,VEN_DETAPROD,2,VALOR,NUMBER,22,20,8,N
SYSTEM,VEN_DETAPROD,3,CANTIDAD,NUMBER,22,16,6,N
SYSTEM,VEN_DETAPROD,4,PORCDESC,NUMBER,22,10,6,Y
SYSTEM,VEN_DETAPROD,5,PRECUNIT,NUMBER,22,20,8,N
SYSTEM,VEN_DETAPROD,6,TASAIVA,NUMBER,22,7,0,Y
SYSTEM,VEN_DETAPROD,7,CANTFACT,NUMBER,22,16,6,Y
SYSTEM,VEN_DETAPROD,8,TASAICE,NUMBER,22,7,4,Y
SYSTEM,VEN_DETAPROD,9,OBS,VARCHAR2,600,,,Y
SYSTEM,VEN_DETAPROD,10,USUACREA,VARCHAR2,20,,,N
SYSTEM,VEN_DETAPROD,11,FECHCREA,DATE,7,,,N
SYSTEM,VEN_DETAPROD,12,FECHACTU,DATE,7,,,Y
SYSTEM,VEN_DETAPROD,13,USUACTUA,VARCHAR2,20,,,Y
SYSTEM,VEN_DETAPROD,14,ENTRSALI,VARCHAR2,1,,,N
SYSTEM,VEN_DETAPROD,15,NUMBER5,NUMBER,22,,,Y
SYSTEM,VEN_DETAPROD,16,NUMBER2,NUMBER,22,,,Y
SYSTEM,VEN_DETAPROD,17,VCHAR2,VARCHAR2,500,,,Y
SYSTEM,VEN_DETAPROD,18,NUMBER4,NUMBER,22,,,Y
SYSTEM,VEN_DETAPROD,19,VCHAR4,VARCHAR2,500,,,Y
SYSTEM,VEN_DETAPROD,20,VCHAR5,VARCHAR2,500,,,Y
SYSTEM,VEN_DETAPROD,21,VCHAR1,VARCHAR2,500,,,Y
SYSTEM,VEN_DETAPROD,22,NUMBER1,NUMBER,22,,,Y
SYSTEM,VEN_DETAPROD,23,VALDESC,NUMBER,22,18,6,N
SYSTEM,VEN_DETAPROD,24,VCHAR3,VARCHAR2,500,,,Y
SYSTEM,VEN_DETAPROD,25,NUMBER3,NUMBER,22,,,Y
SYSTEM,VEN_DETAPROD,26,VNTA_COMPANIA,VARCHAR2,10,,,N
SYSTEM,VEN_DETAPROD,27,VNTA_TIPOCOMP,VARCHAR2,2,,,N
SYSTEM,VEN_DETAPROD,28,VNTA_OFICINA,VARCHAR2,3,,,N
SYSTEM,VEN_DETAPROD,29,VNTA_SERIE,VARCHAR2,6,,,N
SYSTEM,VEN_DETAPROD,30,VNTA_NUMERO,NUMBER,22,10,0,N
SYSTEM,VEN_DETAPROD,31,ARTL_COMPANIA,VARCHAR2,10,,,N
SYSTEM,VEN_DETAPROD,32,ARTL_CODIGRUP,VARCHAR2,20,,,N
SYSTEM,VEN_DETAPROD,33,ARTL_ARTICULO,VARCHAR2,30,,,N
SYSTEM,VEN_DETAPROD,34,ARTL_CLASE,VARCHAR2,20,,,N
SYSTEM,VEN_DETAPROD,35,UMED_UNIDMEDI,VARCHAR2,5,,,Y
SYSTEM,VEN_DETAPROD,36,PROMOCION,VARCHAR2,1,,,N
SYSTEM,VEN_DETAPROD,37,PRORATEO,VARCHAR2,1,,,N
SYSTEM,VEN_DETAPROD,38,DPR_DPR_ID,NUMBER,22,10,0,Y
SYSTEM,VEN_DETAPROD,39,TIPO,VARCHAR2,1,,,N
SYSTEM,VEN_DETAPROD,40,COSTUNIT,NUMBER,22,18,8,N
SYSTEM,VEN_DETAPROD,41,COSTACTU,NUMBER,22,18,8,Y
SYSTEM,VEN_DETAPROD,42,NCCL_OFICINA,VARCHAR2,3,,,Y
SYSTEM,VEN_DETAPROD,43,NCCL_NUMERO,VARCHAR2,10,,,Y
SYSTEM,VEN_DETAPROD,44,NCCL_SERIE,VARCHAR2,6,,,Y
SYSTEM,VEN_DETAPROD,45,NCCL_COMPANIA,VARCHAR2,10,,,Y
SYSTEM,VEN_DETAPROD,46,CANTDEVU,NUMBER,22,16,6,Y
SYSTEM,VEN_DETAPROD,47,VALORIVA,NUMBER,22,18,2,Y
SYSTEM,VEN_DETAPROF,1,ARTL_COMPANIA,VARCHAR2,10,,,N
SYSTEM,VEN_DETAPROF,2,ARTL_CLASE,VARCHAR2,20,,,N
SYSTEM,VEN_DETAPROF,3,ARTL_CODIGRUP,VARCHAR2,20,,,N
SYSTEM,VEN_DETAPROF,4,ARTL_ARTICULO,VARCHAR2,30,,,N
SYSTEM,VEN_DETAPROF,5,PRFM_PRFM_ID,NUMBER,22,10,0,N
SYSTEM,VEN_DETAPROF,6,CANTIDAD,NUMBER,22,18,6,N
SYSTEM,VEN_DETAPROF,7,PRECUNIT,NUMBER,22,20,8,N
SYSTEM,VEN_DETAPROF,8,PRECTOTA,NUMBER,22,18,6,N
SYSTEM,VEN_DETAPROF,9,PORCDESC,NUMBER,22,10,6,Y
SYSTEM,VEN_DETAPROF,10,OBS,VARCHAR2,600,,,Y
SYSTEM,VEN_DETAPROF,11,DPRF_ID,NUMBER,22,10,0,N
SYSTEM,VEN_DETAPROF,12,FECHCREA,DATE,7,,,N
SYSTEM,VEN_DETAPROF,13,USUACREA,VARCHAR2,20,,,N
SYSTEM,VEN_DETAPROF,14,FECHACTU,DATE,7,,,Y
SYSTEM,VEN_DETAPROF,15,USUACTUA,VARCHAR2,20,,,Y
SYSTEM,VEN_DETAPROF,16,PROMOCION,VARCHAR2,1,,,N
SYSTEM,VEN_DETAPROF,17,PRORATEO,VARCHAR2,1,,,N
SYSTEM,VEN_DETAPROF,18,CANTPROMO,NUMBER,22,18,6,Y
SYSTEM,VEN_DETAPROF,19,TASAIVA,NUMBER,22,7,4,Y
SYSTEM,VEN_DETAPROF,20,TASAICE,NUMBER,22,7,4,Y
SYSTEM,VEN_DETAPROF,21,VEDIDO,VARCHAR2,1,,,N
SYSTEM,VEN_DETAPROF,22,FECHCOMP,DATE,7,,,Y
SYSTEM,VEN_DETAPROF,23,CANTAUX,NUMBER,22,6,0,Y
SYSTEM,VEN_DETAPROF,24,PRECSINPR,NUMBER,22,18,6,N
SYSTEM,VEN_DETAPROF,25,VALDESC,NUMBER,22,18,6,N
SYSTEM,VEN_DETAPROF,26,SECC_CODIBODE,VARCHAR2,5,,,Y
SYSTEM,VEN_DETAPROF,27,SECC_COMPANIA,VARCHAR2,10,,,Y
SYSTEM,VEN_DETAPROF,28,SECC_OFICINA,VARCHAR2,3,,,Y
SYSTEM,VEN_DETAPROF,29,SECC_CODISECC,VARCHAR2,4,,,Y
SYSTEM,VEN_DETAPROF,30,RCTA_RCTA_ID,NUMBER,22,10,0,Y
SYSTEM,VEN_DETAPROF,31,DPRF_DPRF_ID,NUMBER,22,10,0,Y
SYSTEM,VEN_DETAPROF,32,UMED_UNIDMEDI_CAJA,VARCHAR2,5,,,Y
SYSTEM,VEN_DETAPROF,33,UMED_UNIDMEDI,VARCHAR2,5,,,Y
SYSTEM,VEN_DETAPROF,34,NUMEAGRU,NUMBER,22,18,6,Y
SYSTEM,VEN_DETAPROF,35,CANTITEM,NUMBER,22,18,6,Y
SYSTEM,VEN_DETAPROF,36,PORDESPR,NUMBER,22,10,0,Y
SYSTEM,VEN_DETAPROF,37,NUMBER1,NUMBER,22,,,Y
SYSTEM,VEN_DETAPROF,38,NUMBER2,NUMBER,22,,,Y
SYSTEM,VEN_DETAPROF,39,NUMBER3,NUMBER,22,,,Y
SYSTEM,VEN_DETAPROF,40,NUMBER4,NUMBER,22,,,Y
SYSTEM,VEN_DETAPROF,41,NUMBER5,NUMBER,22,,,Y
SYSTEM,VEN_DETAPROF,42,VCHAR1,VARCHAR2,500,,,Y
SYSTEM,VEN_DETAPROF,43,VCHAR2,VARCHAR2,500,,,Y
SYSTEM,VEN_DETAPROF,44,VCHAR3,VARCHAR2,500,,,Y
SYSTEM,VEN_DETAPROF,45,VCHAR4,VARCHAR2,500,,,Y
SYSTEM,VEN_DETAPROF,46,VCHAR5,VARCHAR2,500,,,Y
SYSTEM,VEN_DETAPROF,47,COMBO,VARCHAR2,1,,,N
SYSTEM,VEN_DETARTPR,1,VIGENTE,VARCHAR2,1,,,N
SYSTEM,VEN_DETARTPR,2,FECHCREA,DATE,7,,,N
SYSTEM,VEN_DETARTPR,3,USUACREA,VARCHAR2,20,,,N
SYSTEM,VEN_DETARTPR,4,FECHACTU,DATE,7,,,Y
SYSTEM,VEN_DETARTPR,5,USUACTUA,VARCHAR2,20,,,Y
SYSTEM,VEN_DETARTPR,6,ARTL_CLASE,VARCHAR2,20,,,N
SYSTEM,VEN_DETARTPR,7,ARTL_COMPANIA,VARCHAR2,10,,,N
SYSTEM,VEN_DETARTPR,8,ARTL_ARTICULO,VARCHAR2,30,,,N
SYSTEM,VEN_DETARTPR,9,ARTL_CODIGRUP,VARCHAR2,20,,,N
SYSTEM,VEN_DETARTPR,10,LNEA_COMPANIA,VARCHAR2,10,,,N
SYSTEM,VEN_DETARTPR,11,LNEA_CODLINEA,VARCHAR2,10,,,N
SYSTEM,VEN_DETARTPR,12,VEXI_VEXI_ID,NUMBER,22,10,0,N
SYSTEM,VEN_EXPORTAC,1,VNTA_COMPANIA,VARCHAR2,10,,,N
SYSTEM,VEN_EXPORTAC,2,VNTA_OFICINA,VARCHAR2,3,,,N
SYSTEM,VEN_EXPORTAC,3,VNTA_SERIE,VARCHAR2,6,,,N
SYSTEM,VEN_EXPORTAC,4,VNTA_NUMERO,NUMBER,22,10,0,N
SYSTEM,VEN_EXPORTAC,5,TPIE_TIPOIMEX,VARCHAR2,2,,,N
SYSTEM,VEN_EXPORTAC,6,NUMEPAKI,VARCHAR2,30,,,Y
SYSTEM,VEN_EXPORTAC,7,DESCRIPC,VARCHAR2,300,,,Y
SYSTEM,VEN_EXPORTAC,8,DADU_CODIGO,VARCHAR2,4,,,Y
SYSTEM,VEN_EXPORTAC,9,RGMN_CODIGO,VARCHAR2,2,,,Y
SYSTEM,VEN_EXPORTAC,10,NUMEFUE,VARCHAR2,20,,,Y
SYSTEM,VEN_EXPORTAC,11,CONSIGNA,VARCHAR2,120,,,Y
SYSTEM,VEN_EXPORTAC,12,CORRELAT,VARCHAR2,10,,,Y
SYSTEM,VEN_EXPORTAC,13,NUMEVERI,VARCHAR2,20,,,Y
SYSTEM,VEN_EXPORTAC,14,FECHCREA,DATE,7,,,N
SYSTEM,VEN_EXPORTAC,15,USUACREA,VARCHAR2,20,,,N
SYSTEM,VEN_EXPORTAC,16,FECHACTU,DATE,7,,,Y
SYSTEM,VEN_EXPORTAC,17,USUACTUA,VARCHAR2,20,,,Y
SYSTEM,VEN_EXPORTAC,18,VNTA_TIPOCOMP,VARCHAR2,2,,,N
SYSTEM,VEN_EXPORTAC,19,LAER_CODIGO,VARCHAR2,10,,,Y
SYSTEM,VEN_EXPORTAC,20,CLTE_COMPANIA,VARCHAR2,10,,,N
SYSTEM,VEN_EXPORTAC,21,CLTE_IDCLIENTE,NUMBER,22,10,0,N
SYSTEM,VEN_EXPORTAC,22,NUMEORDE,VARCHAR2,30,,,N
SYSTEM,VEN_EXPORTAC,23,NUMEAWB,VARCHAR2,30,,,N
SYSTEM,VEN_EXPORTAC,24,NUMEHAWB,VARCHAR2,30,,,N
SYSTEM,VEN_EXPORTAC,25,EXPORTDE,VARCHAR2,1,,,N
SYSTEM,VEN_EXPORTAC,26,NUMETARI,VARCHAR2,30,,,Y
SYSTEM,VEN_EXPORTAC,27,FECHENVI,DATE,7,,,N
SYSTEM,VEN_EXPORTAC,28,FECHEMIS,DATE,7,,,N
SYSTEM,VEN_EXPORTAC,29,AGNT_CODIGO,VARCHAR2,10,,,Y
SYSTEM,VEN_EXPORTAC,30,EMBA_CODIGO,VARCHAR2,10,,,N
SYSTEM,VEN_EXPORTAC,31,INCT_CODIGO,VARCHAR2,5,,,Y
SYSTEM,VEN_EXPORTAC,32,VERI_CODIGO,VARCHAR2,10,,,Y
SYSTEM,VEN_EXPORTAC,33,ZNAE_CODIGO_ORI,VARCHAR2,5,,,Y
SYSTEM,VEN_EXPORTAC,34,ZNAE_CODIGO_DEST,VARCHAR2,5,,,Y
SYSTEM,VEN_EXPORTAC,35,ZNAE_CODIPAIS_ORI,VARCHAR2,2,,,Y
SYSTEM,VEN_EXPORTAC,36,ZNAE_CODIPAIS_DEST,VARCHAR2,2,,,Y
SYSTEM,VEN_EXPORTAC,37,SECUCLIE,NUMBER,22,10,0,N
SYSTEM,VEN_EXPORTAC,38,COTIZA,NUMBER,22,16,2,Y
SYSTEM,VEN_EXPORTAC,39,ENVIO,VARCHAR2,2,,,Y
SYSTEM,VEN_EXPORTAC,40,FECHEMBA,DATE,7,,,Y
SYSTEM,VEN_EXPORTAC,41,FECHLLEGA,DATE,7,,,Y
SYSTEM,VEN_EXPORTAC,42,NUMEDAU,VARCHAR2,20,,,Y
SYSTEM,VEN_EXPORTAC,43,REFER,VARCHAR2,100,,,Y
SYSTEM,VEN_EXPORTAC,44,REFER1,VARCHAR2,100,,,Y
SYSTEM,VEN_EXPORTAC,45,REFRENDO,VARCHAR2,20,,,Y
SYSTEM,VEN_EXPORTAC,46,SEGURO,NUMBER,22,16,2,Y
SYSTEM,VEN_FLUJSERV,1,FJSR_ID,NUMBER,22,10,0,N
SYSTEM,VEN_FLUJSERV,2,ORDEN,NUMBER,22,10,0,N
SYSTEM,VEN_FLUJSERV,3,DESCRIPC,VARCHAR2,500,,,Y
SYSTEM,VEN_FLUJSERV,4,VIGENTE,VARCHAR2,1,,,N
SYSTEM,VEN_FLUJSERV,5,SENTENCIA,VARCHAR2,4000,,,Y
SYSTEM,VEN_FLUJSERV,6,USUACREA,VARCHAR2,20,,,N
SYSTEM,VEN_FLUJSERV,7,FECHCREA,DATE,7,,,N
SYSTEM,VEN_FLUJSERV,8,USUACTUA,VARCHAR2,20,,,Y
SYSTEM,VEN_FLUJSERV,9,FECHACTU,DATE,7,,,Y
SYSTEM,VEN_FLUJSERV,10,GRUPO,NUMBER,22,,,Y
SYSTEM,VEN_GRPARLT,1,PRECVENT,NUMBER,22,17,4,Y
SYSTEM,VEN_GRPARLT,2,ACTIVO,VARCHAR2,1,,,Y
SYSTEM,VEN_GRPARLT,3,FECHA,DATE,7,,,Y
SYSTEM,VEN_GRPARLT,4,VIGENTE,VARCHAR2,1,,,Y
SYSTEM,VEN_GRPARLT,5,USUCREA,VARCHAR2,20,,,N
SYSTEM,VEN_GRPARLT,6,FECHCREA,DATE,7,,,N
SYSTEM,VEN_GRPARLT,7,ARTL_ARTICULO,VARCHAR2,30,,,N
SYSTEM,VEN_GRPARLT,8,ARTL_CLASE,VARCHAR2,20,,,N
SYSTEM,VEN_GRPARLT,9,ARTL_COMPANIA,VARCHAR2,10,,,N
SYSTEM,VEN_GRPARLT,10,ARTL_CODIGRUP,VARCHAR2,20,,,N
SYSTEM,VEN_GRPARLT,11,LSPR_LSPR_ID,NUMBER,22,10,0,N
SYSTEM,VEN_GRPARLT,12,PROCDESC,NUMBER,22,7,4,Y
SYSTEM,VEN_GRPARLT,13,CANTBASE,NUMBER,22,6,0,Y
SYSTEM,VEN_GRPARLT,14,CANTPROM,NUMBER,22,6,0,Y
SYSTEM,VEN_GRPARLT,15,DIASPROM,NUMBER,22,4,0,Y
SYSTEM,VEN_GRPARLT,16,OBSERVAC,VARCHAR2,100,,,Y
SYSTEM,VEN_GRPARLT,17,USUACTU,VARCHAR2,20,,,Y
SYSTEM,VEN_GRPARLT,18,FECHACTU,DATE,7,,,Y
SYSTEM,VEN_GRPOVENT,1,GRVN_ID,NUMBER,22,10,0,N
SYSTEM,VEN_GRPOVENT,2,CDT_CDT_ID,NUMBER,22,10,0,N
SYSTEM,VEN_GRPOVENT,3,PRFM_PRFM_ID,NUMBER,22,10,0,N
SYSTEM,VEN_GRPOVENT,4,VHCL_VHCL_ID,NUMBER,22,10,0,N
SYSTEM,VEN_GRPOVENT,5,USUACREA,VARCHAR2,20,,,N
SYSTEM,VEN_GRPOVENT,6,FECHCREA,DATE,7,,,N
SYSTEM,VEN_GRPOVENT,7,OBSERVAC,VARCHAR2,100,,,Y
SYSTEM,VEN_GRPOVENT,8,USUACTUA,VARCHAR2,20,,,Y
SYSTEM,VEN_GRPOVENT,9,FECHACTU,VARCHAR2,20,,,Y
SYSTEM,VEN_GRUPOS,1,CLTE_COMPANIA,VARCHAR2,10,,,N
SYSTEM,VEN_GRUPOS,2,CLTE_IDCLIENTE,NUMBER,22,10,0,N
SYSTEM,VEN_GRUPOS,3,LSPR_LSPR_ID,NUMBER,22,10,0,N
SYSTEM,VEN_GRUPOS,4,VNDR_CODIGO,VARCHAR2,10,,,N
SYSTEM,VEN_GRUPOS,5,VNDR_COMPANIA,VARCHAR2,10,,,N
SYSTEM,VEN_GRUPOS,6,VNDR_OFICINA,VARCHAR2,3,,,N
SYSTEM,VEN_GRUPOS,7,DISPONIBLE,VARCHAR2,1,,,N
SYSTEM,VEN_GRUPOS,8,FECHCREA,DATE,7,,,N
SYSTEM,VEN_GRUPOS,9,USUACREA,VARCHAR2,20,,,N
SYSTEM,VEN_GRUPOS,10,FECHACTU,DATE,7,,,Y
SYSTEM,VEN_GRUPOS,11,USUACTUA,VARCHAR2,20,,,Y
SYSTEM,VEN_GRUPOS,12,PREDEFINIDO,VARCHAR2,1,,,N
SYSTEM,VEN_IPSRADIUS,1,CODIGOIP,VARCHAR2,15,,,N
SYSTEM,VEN_IPSRADIUS,2,RNDO_IDNODO,VARCHAR2,50,,,N
SYSTEM,VEN_IPSRADIUS,3,DESCRIPC,VARCHAR2,500,,,N
SYSTEM,VEN_IPSRADIUS,4,DISPONIBLE,VARCHAR2,1,,,N
SYSTEM,VEN_IPSRADIUS,5,FECHCREA,DATE,7,,,N
SYSTEM,VEN_IPSRADIUS,6,USUACREA,VARCHAR2,20,,,N
SYSTEM,VEN_IPSRADIUS,7,FECHACTU,DATE,7,,,Y
SYSTEM,VEN_IPSRADIUS,8,USUACTUA,VARCHAR2,20,,,Y
SYSTEM,VEN_IPSRADIUS,9,NRED_RED,VARCHAR2,30,,,N
SYSTEM,VEN_IPSRADIUS,10,NRED_IDNODO,VARCHAR2,50,,,N
SYSTEM,VEN_IPSRADIUS,11,NRED_PREFIJO,VARCHAR2,10,,,N
SYSTEM,VEN_IPSRADIUS,12,NRED_TIPO,VARCHAR2,10,,,N
SYSTEM,VEN_IPSV6RADIUS,1,NRED_IDNODO,VARCHAR2,50,,,N
SYSTEM,VEN_IPSV6RADIUS,2,NRED_PREFIJO,VARCHAR2,10,,,N
SYSTEM,VEN_IPSV6RADIUS,3,NRED_RED,VARCHAR2,50,,,N
SYSTEM,VEN_IPSV6RADIUS,4,NRED_TIPO,VARCHAR2,10,,,N
SYSTEM,VEN_IPSV6RADIUS,5,CODIGOIP,VARCHAR2,60,,,N
SYSTEM,VEN_IPSV6RADIUS,6,DESCRIPC,VARCHAR2,500,,,N
SYSTEM,VEN_IPSV6RADIUS,7,DISPONIBLE,VARCHAR2,1,,,N
SYSTEM,VEN_IPSV6RADIUS,8,FECHACTU,DATE,7,,,Y
SYSTEM,VEN_IPSV6RADIUS,9,FECHCREA,DATE,7,,,N
SYSTEM,VEN_IPSV6RADIUS,10,USUACREA,VARCHAR2,20,,,N
SYSTEM,VEN_IPSV6RADIUS,11,USUACTUA,VARCHAR2,20,,,Y
SYSTEM,VEN_IPSV6RADIUS,12,RNDO_IDNODO,VARCHAR2,50,,,Y
SYSTEM,VEN_LINEAREA,1,CODIGO,VARCHAR2,10,,,N
SYSTEM,VEN_LINEAREA,2,NOMBRE,VARCHAR2,80,,,N
SYSTEM,VEN_LINEAREA,3,USUACREA,VARCHAR2,20,,,N
SYSTEM,VEN_LINEAREA,4,FECHCREA,DATE,7,,,N
SYSTEM,VEN_LINEAREA,5,USUATUA,VARCHAR2,20,,,Y
SYSTEM,VEN_LINEAREA,6,FECHACTU,DATE,7,,,Y
SYSTEM,VEN_LISTLINE,1,FECHINGR,DATE,7,,,N
SYSTEM,VEN_LISTLINE,2,VIGENTE,VARCHAR2,1,,,N
SYSTEM,VEN_LISTLINE,3,PORCVENT,NUMBER,22,16,4,N
SYSTEM,VEN_LISTLINE,4,DESCRIPC,VARCHAR2,80,,,Y
SYSTEM,VEN_LISTLINE,5,FECHCREA,DATE,7,,,N
SYSTEM,VEN_LISTLINE,6,USUACREA,VARCHAR2,20,,,N
SYSTEM,VEN_LISTLINE,7,FECHACTU,DATE,7,,,Y
SYSTEM,VEN_LISTLINE,8,USUACTUA,VARCHAR2,20,,,Y
SYSTEM,VEN_LISTLINE,9,LNEA_COMPANIA,VARCHAR2,10,,,N
SYSTEM,VEN_LISTLINE,10,LNEA_CODLINEA,VARCHAR2,10,,,N
SYSTEM,VEN_LISTLINE,11,LSPR_LSPR_ID,NUMBER,22,10,0,N
SYSTEM,VEN_LOGRADIUS,1,LRDS_ID,NUMBER,22,10,0,N
SYSTEM,VEN_LOGRADIUS,2,FECHA,DATE,7,,,Y
SYSTEM,VEN_LOGRADIUS,3,MOTIVO,VARCHAR2,500,,,N
SYSTEM,VEN_LOGRADIUS,4,USUARIO,VARCHAR2,100,,,Y
SYSTEM,VEN_LOGRADIUS,5,CONTRASE,VARCHAR2,50,,,Y
SYSTEM,VEN_LOGRADIUS,6,IPV6,VARCHAR2,80,,,Y
SYSTEM,VEN_LOGRADIUS,7,DELEGATEIPV6,VARCHAR2,80,,,Y
SYSTEM,VEN_LOGRADIUS,8,OBSERVAC,VARCHAR2,500,,,Y
SYSTEM,VEN_LOGRADIUS,9,REFER1,VARCHAR2,50,,,Y
SYSTEM,VEN_LOGRADIUS,10,VCHAR1,VARCHAR2,500,,,Y
SYSTEM,VEN_LOGRADIUS,11,REFER2,VARCHAR2,50,,,Y
SYSTEM,VEN_LOGRADIUS,12,VCHAR2,VARCHAR2,500,,,Y
SYSTEM,VEN_LOGRADIUS,13,VCHAR3,VARCHAR2,500,,,Y
SYSTEM,VEN_LOGRADIUS,14,VCHAR4,VARCHAR2,500,,,Y
SYSTEM,VEN_LOGRADIUS,15,VCHAR5,VARCHAR2,500,,,Y
SYSTEM,VEN_LOGRADIUS,16,NUMBER1,NUMBER,22,,,Y
SYSTEM,VEN_LOGRADIUS,17,NUMBER2,NUMBER,22,,,Y
SYSTEM,VEN_LOGRADIUS,18,NUMBER3,NUMBER,22,,,Y
SYSTEM,VEN_LOGRADIUS,19,NUMBER4,NUMBER,22,,,Y
SYSTEM,VEN_LOGRADIUS,20,NUMBER5,NUMBER,22,,,Y
SYSTEM,VEN_LOGRADIUS,21,IPSR_IP,VARCHAR2,15,,,N
SYSTEM,VEN_LOGRADIUS,22,PRFM_PRFM_ID,NUMBER,22,10,0,N
SYSTEM,VEN_LOGRADIUS,23,AFIJ_COMPANIA,VARCHAR2,10,,,N
SYSTEM,VEN_LOGRADIUS,24,AFIJ_CLASE,VARCHAR2,10,,,N
SYSTEM,VEN_LOGRADIUS,25,AFIJ_CODIGO,VARCHAR2,20,,,N
SYSTEM,VEN_LOGRADIUS,26,FECHCREA,DATE,7,,,Y
SYSTEM,VEN_LOGRADIUS,27,USUACREA,VARCHAR2,20,,,Y
SYSTEM,VEN_LOGRADIUS,28,FECHACTU,DATE,7,,,Y
SYSTEM,VEN_LOGRADIUS,29,USUACTUA,VARCHAR2,20,,,Y
SYSTEM,VEN_LOGRADIUS,30,VSMT_OLT,VARCHAR2,60,,,Y
SYSTEM,VEN_LOGRADIUS,31,IPV6_CODIGOIP,VARCHAR2,60,,,Y
SYSTEM,VEN_LOGRADIUS,32,EGEN_ESTADO,VARCHAR2,2,,,N
SYSTEM,VEN_LOGRADIUS,33,IPSR_CODIGOIP,VARCHAR2,15,,,N
SYSTEM,VEN_LOGRADIUS,34,TIPOLOG,VARCHAR2,50,,,Y
SYSTEM,VEN_LOGRADIUS,35,CANTIDAD,NUMBER,22,,,Y
SYSTEM,VEN_LOGRADIUS,36,VALOR,NUMBER,22,,,Y
SYSTEM,VEN_MNSAVISI,1,MNVI_ID,NUMBER,22,10,0,N
SYSTEM,VEN_MNSAVISI,2,MENSAJE,VARCHAR2,240,,,N
SYSTEM,VEN_MNSAVISI,3,RTVI,NUMBER,22,10,0,Y
SYSTEM,VEN_MNSAVISI,4,USUACREA,VARCHAR2,20,,,N
SYSTEM,VEN_MNSAVISI,5,FECHCREA,DATE,7,,,N
SYSTEM,VEN_MNSAVISI,6,USUACTUA,VARCHAR2,20,,,Y
SYSTEM,VEN_MNSAVISI,7,FECHACTU,DATE,7,,,Y
SYSTEM,VEN_MNSAVISI,8,USUAREGI,VARCHAR2,20,,,N
SYSTEM,VEN_NODORADIUS,1,IDNODO,VARCHAR2,50,,,N
SYSTEM,VEN_NODORADIUS,2,SUBREDIPV4,VARCHAR2,60,,,Y
SYSTEM,VEN_NODORADIUS,3,SUBREDIPV6,VARCHAR2,60,,,Y
SYSTEM,VEN_NODORADIUS,4,DESCRIPC,VARCHAR2,500,,,N
SYSTEM,VEN_NODORADIUS,5,VIGENTE,VARCHAR2,1,,,N
SYSTEM,VEN_NODORADIUS,6,DIRECCION,VARCHAR2,500,,,Y
SYSTEM,VEN_NODORADIUS,7,LATITUD,NUMBER,22,22,9,Y
SYSTEM,VEN_NODORADIUS,8,LONGITUD,NUMBER,22,22,9,Y
SYSTEM,VEN_NODORADIUS,9,FECHACTU,DATE,7,,,Y
SYSTEM,VEN_NODORADIUS,10,FECHCREA,DATE,7,,,Y
SYSTEM,VEN_NODORADIUS,11,USUACREA,VARCHAR2,20,,,Y
SYSTEM,VEN_NODORADIUS,12,USUACTUA,VARCHAR2,20,,,Y
SYSTEM,VEN_NODORED,1,RED,VARCHAR2,50,,,N
SYSTEM,VEN_NODORED,2,DISPONIBLE,VARCHAR2,1,,,N
SYSTEM,VEN_NODORED,3,OBS,VARCHAR2,300,,,Y
SYSTEM,VEN_NODORED,4,RNDO_IDNODO,VARCHAR2,50,,,N
SYSTEM,VEN_NODORED,5,FECHCREA,DATE,7,,,N
SYSTEM,VEN_NODORED,6,USUACREA,VARCHAR2,20,,,N
SYSTEM,VEN_NODORED,7,FECHACTU,DATE,7,,,Y
SYSTEM,VEN_NODORED,8,PRFJ_PREFIJO,VARCHAR2,10,,,N
SYSTEM,VEN_NODORED,9,PRFJ_TIPO,VARCHAR2,10,,,N
SYSTEM,VEN_NODORED,10,USUACTUA,VARCHAR2,20,,,Y
SYSTEM,VEN_NOTACRED,1,OFCN_COMPANIA,VARCHAR2,10,,,N
SYSTEM,VEN_NOTACRED,2,OFCN_OFICINA,VARCHAR2,3,,,N
SYSTEM,VEN_NOTACRED,3,SERIE,VARCHAR2,6,,,N
SYSTEM,VEN_NOTACRED,4,NUMERO,VARCHAR2,10,,,N
SYSTEM,VEN_NOTACRED,5,DESCRIPC,VARCHAR2,300,,,N
SYSTEM,VEN_NOTACRED,6,FLETE,VARCHAR2,1,,,N
SYSTEM,VEN_NOTACRED,7,CIUDAD,VARCHAR2,30,,,Y
SYSTEM,VEN_NOTACRED,8,BASEIVA0,NUMBER,22,16,2,N
SYSTEM,VEN_NOTACRED,9,FECHA,DATE,7,,,N
SYSTEM,VEN_NOTACRED,10,BASEIVA,NUMBER,22,16,2,N
SYSTEM,VEN_NOTACRED,11,TASAIVA,NUMBER,22,7,4,N
SYSTEM,VEN_NOTACRED,12,TOTAL,NUMBER,22,16,2,N
SYSTEM,VEN_NOTACRED,13,REFER,VARCHAR2,30,,,Y
SYSTEM,VEN_NOTACRED,14,OBSERVAC,VARCHAR2,600,,,Y
SYSTEM,VEN_NOTACRED,15,ASTO_COMPANIA,VARCHAR2,10,,,Y
SYSTEM,VEN_NOTACRED,16,ASTO_NUMEDIAR,NUMBER,22,10,0,Y
SYSTEM,VEN_NOTACRED,17,EGEN_ESTADO,VARCHAR2,2,,,N
SYSTEM,VEN_NOTACRED,18,FECHCREA,DATE,7,,,N
SYSTEM,VEN_NOTACRED,19,USUACREA,VARCHAR2,20,,,N
SYSTEM,VEN_NOTACRED,20,FECHACTU,DATE,7,,,Y
SYSTEM,VEN_NOTACRED,21,USUACTUA,VARCHAR2,20,,,Y
SYSTEM,VEN_NOTACRED,22,NUMEAUTO,VARCHAR2,15,,,N
SYSTEM,VEN_NOTACRED,23,FECHVALI,DATE,7,,,Y
SYSTEM,VEN_NOTACRED,24,CLTE_IDCLIENTE,NUMBER,22,10,0,N
SYSTEM,VEN_NOTACRED,25,CLTE_COMPANIA,VARCHAR2,10,,,N
SYSTEM,VEN_NOTACRED,26,ESPECIAL,VARCHAR2,1,,,Y
SYSTEM,VEN_NOTACRED,27,IMPRESO,VARCHAR2,1,,,Y
SYSTEM,VEN_NOTACRED,28,MAIL,VARCHAR2,1,,,Y
SYSTEM,VEN_NOTACRED,29,FENVIO,DATE,7,,,Y
SYSTEM,VEN_NOTACRED,30,ESTDAUTOSRI,VARCHAR2,20,,,Y
SYSTEM,VEN_NOTACRED,31,NUMEAUTOSRI,VARCHAR2,200,,,Y
SYSTEM,VEN_NOTACRED,32,FECHAAUTOSRI,VARCHAR2,50,,,Y
SYSTEM,VEN_NOTACRED,33,CLAVACCESRI,VARCHAR2,200,,,Y
SYSTEM,VEN_NOTACRED,34,VALOCOMP,NUMBER,22,16,2,Y
SYSTEM,VEN_NOTACRED,35,TASAICE,NUMBER,22,7,4,Y
SYSTEM,VEN_NOTACRED,36,BASEICE,NUMBER,22,16,2,Y
SYSTEM,VEN_NOTACRED,37,VALORICE,NUMBER,22,16,2,Y
SYSTEM,VEN_NOTACRED,38,VCHAR1,VARCHAR2,500,,,Y
SYSTEM,VEN_NOTACRED,39,VCHAR2,VARCHAR2,500,,,Y
SYSTEM,VEN_NOTACRED,40,VCHAR3,VARCHAR2,500,,,Y
SYSTEM,VEN_NOTACRED,41,VCHAR4,VARCHAR2,500,,,Y
SYSTEM,VEN_NOTACRED,42,VCHAR5,VARCHAR2,500,,,Y
SYSTEM,VEN_NOTACRED,43,NUMBER1,NUMBER,22,,,Y
SYSTEM,VEN_NOTACRED,44,NUMBER2,NUMBER,22,,,Y
SYSTEM,VEN_NOTACRED,45,NUMBER3,NUMBER,22,,,Y
SYSTEM,VEN_NOTACRED,46,NUMBER4,NUMBER,22,,,Y
SYSTEM,VEN_NOTACRED,47,NUMBER5,NUMBER,22,,,Y
SYSTEM,VEN_NOTACRED,48,ENTRPARC,VARCHAR2,1,,,N
SYSTEM,VEN_NOTACRED,49,VALORIVA,NUMBER,22,18,2,Y
SYSTEM,VEN_NOTACRED,50,BASENOIVA,NUMBER,22,16,2,N
SYSTEM,VEN_NOTACRED,51,BASEEXIVA,NUMBER,22,16,2,N
SYSTEM,VEN_NOTACRED,52,IRBPNR,NUMBER,22,16,2,Y
SYSTEM,VEN_NOTACRED,53,UNNE_CODIGO,VARCHAR2,20,,,Y
SYSTEM,VEN_NOTACRED,54,VALOSUBS,NUMBER,22,16,2,Y
SYSTEM,VEN_NOTADEBI,1,NODE_ID,NUMBER,22,10,0,N
SYSTEM,VEN_NOTADEBI,2,EGEN_ESTADO,VARCHAR2,2,,,N
SYSTEM,VEN_NOTADEBI,3,RBAN_RBAN_ID,NUMBER,22,10,0,N
SYSTEM,VEN_NOTADEBI,4,USUACREA,VARCHAR2,20,,,N
SYSTEM,VEN_NOTADEBI,5,FECHCREA,DATE,7,,,N
SYSTEM,VEN_NOTADEBI,6,ASTO_COMPANIA,VARCHAR2,10,,,Y
SYSTEM,VEN_NOTADEBI,7,ASTO_NUMEDIAR,NUMBER,22,10,0,Y
SYSTEM,VEN_NOTADEBI,8,FECHDOCU,DATE,7,,,Y
SYSTEM,VEN_NOTADEBI,9,FECHPROC,DATE,7,,,Y
SYSTEM,VEN_NOTADEBI,10,MOTIVO,VARCHAR2,500,,,Y
SYSTEM,VEN_NOTADEBI,11,VALOR,NUMBER,22,18,6,Y
SYSTEM,VEN_NOTADEBI,12,DIADBTBA,NUMBER,22,2,0,Y
SYSTEM,VEN_NOTADEBI,13,FECHACTIV,DATE,7,,,Y
SYSTEM,VEN_NOTADEBI,14,FECHDESA,DATE,7,,,Y
SYSTEM,VEN_NOTADEBI,15,FECHANUL,DATE,7,,,Y
SYSTEM,VEN_NOTADEBI,16,USUACTUA,VARCHAR2,20,,,Y
SYSTEM,VEN_NOTADEBI,17,FECHACTU,DATE,7,,,Y
SYSTEM,VEN_NOTADEBI,18,VALOCOMP,NUMBER,22,16,2,Y
SYSTEM,VEN_NUMECAJA,1,NMCJ_ID,NUMBER,22,10,0,N
SYSTEM,VEN_NUMECAJA,2,NUMECAJA,NUMBER,22,,,Y
SYSTEM,VEN_NUMECAJA,3,TIPOCAJA,VARCHAR2,5,,,Y
SYSTEM,VEN_NUMECAJA,4,USUACREA,VARCHAR2,20,,,N
SYSTEM,VEN_PARAPROM,1,VPRM_ID,NUMBER,22,10,0,N
SYSTEM,VEN_PARAPROM,2,CANTBASE,NUMBER,22,18,4,N
SYSTEM,VEN_PARAPROM,3,CANTPROM,NUMBER,22,18,4,N
SYSTEM,VEN_PARAPROM,4,PORCENTAJE,NUMBER,22,9,4,N
SYSTEM,VEN_PARAPROM,5,USUACREA,VARCHAR2,20,,,N
SYSTEM,VEN_PARAPROM,6,FECHCREA,DATE,7,,,N
SYSTEM,VEN_PARAPROM,7,DESCRIP,VARCHAR2,100,,,Y
SYSTEM,VEN_PARAPROM,8,USUACTUA,VARCHAR2,20,,,Y
SYSTEM,VEN_PARAPROM,9,FECHACTU,DATE,7,,,Y
SYSTEM,VEN_PASARELA,1,PSPG_ID,NUMBER,22,10,0,N
SYSTEM,VEN_PASARELA,2,NUMREG,NUMBER,22,,,N
SYSTEM,VEN_PASARELA,3,VALOR,NUMBER,22,20,5,N
SYSTEM,VEN_PASARELA,4,REFERPP,VARCHAR2,50,,,N
SYSTEM,VEN_PASARELA,5,IDPETIPP,VARCHAR2,50,,,N
SYSTEM,VEN_PASARELA,6,ESTADOPP,VARCHAR2,50,,,N
SYSTEM,VEN_PASARELA,7,FECHAPP,VARCHAR2,80,,,N
SYSTEM,VEN_PASARELA,8,OBSERPP,VARCHAR2,200,,,N
SYSTEM,VEN_PASARELA,9,REFINTPP,VARCHAR2,50,,,Y
SYSTEM,VEN_PASARELA,10,USUACREA,VARCHAR2,20,,,N
SYSTEM,VEN_PASARELA,11,FECHCREA,DATE,7,,,N
SYSTEM,VEN_PASARELA,12,USUACTUA,VARCHAR2,20,,,Y
SYSTEM,VEN_PASARELA,13,FECHACTU,DATE,7,,,Y
SYSTEM,VEN_PASARELA,14,NUMBER1,NUMBER,22,,,Y
SYSTEM,VEN_PASARELA,15,NUMBER2,NUMBER,22,,,Y
SYSTEM,VEN_PASARELA,16,NUMBER3,NUMBER,22,,,Y
SYSTEM,VEN_PASARELA,17,NUMBER4,NUMBER,22,,,Y
SYSTEM,VEN_PASARELA,18,NUMBER5,NUMBER,22,,,Y
SYSTEM,VEN_PASARELA,19,VCHAR1,VARCHAR2,500,,,Y
SYSTEM,VEN_PASARELA,20,VCHAR2,VARCHAR2,500,,,Y
SYSTEM,VEN_PASARELA,21,VCHAR3,VARCHAR2,500,,,Y
SYSTEM,VEN_PASARELA,22,VCHAR4,VARCHAR2,500,,,Y
SYSTEM,VEN_PASARELA,23,VCHAR5,VARCHAR2,500,,,Y
SYSTEM,VEN_PASARELA,24,PLPP_PLPP_ID,NUMBER,22,10,0,N
SYSTEM,VEN_PEROCOMI,1,PRCM_ID,NUMBER,22,10,0,N
SYSTEM,VEN_PEROCOMI,2,CMPN_COMPANIA,VARCHAR2,10,,,N
SYSTEM,VEN_PEROCOMI,3,PLAZOINI,NUMBER,22,6,0,N
SYSTEM,VEN_PEROCOMI,4,PLAZOFIN,NUMBER,22,6,0,N
SYSTEM,VEN_PEROCOMI,5,OBSERV,VARCHAR2,100,,,Y
SYSTEM,VEN_PEROCOMI,6,FECHCREA,DATE,7,,,N
SYSTEM,VEN_PEROCOMI,7,USUACREA,VARCHAR2,20,,,N
SYSTEM,VEN_PEROCOMI,8,FECHACTU,DATE,7,,,Y
SYSTEM,VEN_PEROCOMI,9,USUACTUA,VARCHAR2,20,,,Y
SYSTEM,VEN_PLANCOBR,1,PLCB_ID,NUMBER,22,10,0,N
SYSTEM,VEN_PLANCOBR,2,NUMECUOT,NUMBER,22,3,0,N
SYSTEM,VEN_PLANCOBR,3,VALOCOUT,NUMBER,22,16,2,N
SYSTEM,VEN_PLANCOBR,4,CAPITAL,NUMBER,22,16,2,Y
SYSTEM,VEN_PLANCOBR,5,DIAS,NUMBER,22,5,0,N
SYSTEM,VEN_PLANCOBR,6,FECHVENC,DATE,7,,,N
SYSTEM,VEN_PLANCOBR,7,INTERES,NUMBER,22,16,2,Y
SYSTEM,VEN_PLANCOBR,8,FECHCOBR,DATE,7,,,Y
SYSTEM,VEN_PLANCOBR,9,TASAINTE,NUMBER,22,7,4,Y
SYSTEM,VEN_PLANCOBR,10,OBS,VARCHAR2,400,,,Y
SYSTEM,VEN_PLANCOBR,11,VNTA_NUMERO,NUMBER,22,10,0,Y
SYSTEM,VEN_PLANCOBR,12,VNTA_COMPANIA,VARCHAR2,10,,,Y
SYSTEM,VEN_PLANCOBR,13,VNTA_SERIE,VARCHAR2,6,,,Y
SYSTEM,VEN_PLANCOBR,14,EGEN_ESTADO,VARCHAR2,2,,,N
SYSTEM,VEN_PLANCOBR,15,OTRC_OTRC_ID,NUMBER,22,10,0,Y
SYSTEM,VEN_PLANCOBR,16,VNTA_OFICINA,VARCHAR2,3,,,Y
SYSTEM,VEN_PLANCOBR,17,FECHCREA,DATE,7,,,N
SYSTEM,VEN_PLANCOBR,18,USUACREA,VARCHAR2,20,,,N
SYSTEM,VEN_PLANCOBR,19,FECHACTU,DATE,7,,,Y
SYSTEM,VEN_PLANCOBR,20,USUACTUA,VARCHAR2,20,,,Y
SYSTEM,VEN_PLANCOBR,21,VNTA_TIPOCOMP,VARCHAR2,2,,,Y
SYSTEM,VEN_PLANCOBR,22,FRPG_FORMPAGO,VARCHAR2,2,,,N
SYSTEM,VEN_PLANCOBR,23,PRTM_NUMERO,NUMBER,22,,,Y
SYSTEM,VEN_PLANCOBR,24,PRTM_OFICINA,VARCHAR2,3,,,Y
SYSTEM,VEN_PLANCOBR,25,PRTM_TIPODOCU,VARCHAR2,2,,,Y
SYSTEM,VEN_PLANCOBR,26,PRTM_COMPANIA,VARCHAR2,10,,,Y
SYSTEM,VEN_PLANCOBR,27,INTEMORA,NUMBER,22,16,2,Y
SYSTEM,VEN_PLANCOBR,28,SALDCAPI,NUMBER,22,16,2,Y
SYSTEM,VEN_PLANCOBR,29,ABONORE,NUMBER,22,22,4,Y
SYSTEM,VEN_PLANCOBR,30,SALDINTE,NUMBER,22,16,2,Y
SYSTEM,VEN_PLANCOBR,31,BANDA,NUMBER,22,10,0,Y
SYSTEM,VEN_PLANCOBR,32,VCHAR1,VARCHAR2,500,,,Y
SYSTEM,VEN_PLANCOBR,33,VCHAR2,VARCHAR2,500,,,Y
SYSTEM,VEN_PLANCOBR,34,VCHAR3,VARCHAR2,500,,,Y
SYSTEM,VEN_PLANCOBR,35,VCHAR4,VARCHAR2,500,,,Y
SYSTEM,VEN_PLANCOBR,36,VCHAR5,VARCHAR2,500,,,Y
SYSTEM,VEN_PLANCOBR,37,NUMBER1,NUMBER,22,,,Y
SYSTEM,VEN_PLANCOBR,38,NUMBER2,NUMBER,22,,,Y
SYSTEM,VEN_PLANCOBR,39,NUMBER3,NUMBER,22,,,Y
SYSTEM,VEN_PLANCOBR,40,NUMBER4,NUMBER,22,,,Y
SYSTEM,VEN_PLANCOBR,41,NUMBER5,NUMBER,22,,,Y
SYSTEM,VEN_PLANCOBR,42,CCPT_TIPOCAPI,VARCHAR2,2,,,Y
SYSTEM,VEN_PLANCOBR,43,INTECALC,NUMBER,22,16,2,Y
SYSTEM,VEN_PLANCOBR,44,INTEREPA,NUMBER,22,16,2,Y
SYSTEM,VEN_PLANCOBR,45,CAPICAST,NUMBER,22,16,2,Y
SYSTEM,VEN_PLANCOBR,46,BANC_IDBANCO,VARCHAR2,10,,,Y
SYSTEM,VEN_PLANPAGO,1,EGEN_ESTADO,VARCHAR2,2,,,N
SYSTEM,VEN_PLANPAGO,2,PLPP_ID,NUMBER,22,10,0,N
SYSTEM,VEN_PLANPAGO,3,NUMEPLAN,NUMBER,22,,,N
SYSTEM,VEN_PLANPAGO,4,FECHA,DATE,7,,,N
SYSTEM,VEN_PLANPAGO,5,VALOR,NUMBER,22,20,5,N
SYSTEM,VEN_PLANPAGO,6,REFERPP,VARCHAR2,50,,,Y
SYSTEM,VEN_PLANPAGO,7,IDPETIPP,VARCHAR2,50,,,Y
SYSTEM,VEN_PLANPAGO,8,ESTADOPP,VARCHAR2,50,,,Y
SYSTEM,VEN_PLANPAGO,9,FECHAPP,VARCHAR2,80,,,Y
SYSTEM,VEN_PLANPAGO,10,OBSERPP,VARCHAR2,200,,,Y
SYSTEM,VEN_PLANPAGO,11,REFINTPP,VARCHAR2,50,,,Y
SYSTEM,VEN_PLANPAGO,12,USUACREA,VARCHAR2,20,,,N
SYSTEM,VEN_PLANPAGO,13,FECHCREA,DATE,7,,,N
SYSTEM,VEN_PLANPAGO,14,USUACTUA,VARCHAR2,20,,,Y
SYSTEM,VEN_PLANPAGO,15,FECHACTU,DATE,7,,,Y
SYSTEM,VEN_PLANPAGO,16,PRFM_PRFM_ID,NUMBER,22,10,0,N
SYSTEM,VEN_PLANPAGO,17,NUMBER1,NUMBER,22,,,Y
SYSTEM,VEN_PLANPAGO,18,NUMBER2,NUMBER,22,,,Y
SYSTEM,VEN_PLANPAGO,19,NUMBER3,NUMBER,22,,,Y
SYSTEM,VEN_PLANPAGO,20,NUMBER4,NUMBER,22,,,Y
SYSTEM,VEN_PLANPAGO,21,NUMBER5,NUMBER,22,,,Y
SYSTEM,VEN_PLANPAGO,22,VCHAR1,VARCHAR2,500,,,Y
SYSTEM,VEN_PLANPAGO,23,VCHAR2,VARCHAR2,500,,,Y
SYSTEM,VEN_PLANPAGO,24,VCHAR3,VARCHAR2,500,,,Y
SYSTEM,VEN_PLANPAGO,25,VCHAR4,VARCHAR2,500,,,Y
SYSTEM,VEN_PLANPAGO,26,VCHAR5,VARCHAR2,500,,,Y
SYSTEM,VEN_PLANPAGO,27,OBS,VARCHAR2,500,,,Y
SYSTEM,VEN_PLANPAGO,28,LOTRECAP,VARCHAR2,100,,,Y
SYSTEM,VEN_PLANPAGO,29,FECHVCTO,DATE,7,,,Y
SYSTEM,VEN_PLANVISI,1,PLVI,NUMBER,22,10,0,N
SYSTEM,VEN_PLANVISI,2,NOMBRE,VARCHAR2,50,,,N
SYSTEM,VEN_PLANVISI,3,DETALLES,VARCHAR2,200,,,Y
SYSTEM,VEN_PLANVISI,4,USUACREA,VARCHAR2,50,,,N
SYSTEM,VEN_PLANVISI,5,FECHCREA,DATE,7,,,N
SYSTEM,VEN_PLANVISI,6,USUACTUA,VARCHAR2,50,,,Y
SYSTEM,VEN_PLANVISI,7,FECHACTU,DATE,7,,,Y
SYSTEM,VEN_PORCOMIC,1,VNDR_COMPANIA,VARCHAR2,10,,,N
SYSTEM,VEN_PORCOMIC,2,VNDR_OFICINA,VARCHAR2,3,,,N
SYSTEM,VEN_PORCOMIC,3,VNDR_CODIGO,VARCHAR2,10,,,N
SYSTEM,VEN_PORCOMIC,4,FECHA,DATE,7,,,N
SYSTEM,VEN_PORCOMIC,5,COBRINIC,NUMBER,22,7,4,N
SYSTEM,VEN_PORCOMIC,6,COBRFINI,NUMBER,22,7,4,N
SYSTEM,VEN_PORCOMIC,7,VENTINIC,NUMBER,22,7,4,N
SYSTEM,VEN_PORCOMIC,8,VENTFINI,NUMBER,22,7,4,N
SYSTEM,VEN_PORCOMIC,9,VIGENTE,VARCHAR2,1,,,N
SYSTEM,VEN_PORCOMIC,10,OBSERVAC,VARCHAR2,80,,,Y
SYSTEM,VEN_PORCOMIC,11,PCCM_ID,NUMBER,22,10,0,N
SYSTEM,VEN_PORCOMIC,12,FECHCREA,DATE,7,,,N
SYSTEM,VEN_PORCOMIC,13,USUACREA,VARCHAR2,20,,,N
SYSTEM,VEN_PORCOMIC,14,FECHACTU,DATE,7,,,Y
SYSTEM,VEN_PORCOMIC,15,USUACTUA,VARCHAR2,20,,,Y
SYSTEM,VEN_PRECDESC,1,ARTL_COMPANIA,VARCHAR2,10,,,N
SYSTEM,VEN_PRECDESC,2,ARTL_CLASE,VARCHAR2,20,,,N
SYSTEM,VEN_PRECDESC,3,ARTL_CODIGRUP,VARCHAR2,20,,,N
SYSTEM,VEN_PRECDESC,4,ARTL_ARTICULO,VARCHAR2,30,,,N
SYSTEM,VEN_PRECDESC,5,LSPR_LSPR_ID,NUMBER,22,10,0,N
SYSTEM,VEN_PRECDESC,6,PRECVENT,NUMBER,22,21,8,N
SYSTEM,VEN_PRECDESC,7,ACTIVO,VARCHAR2,1,,,N
SYSTEM,VEN_PRECDESC,8,PORCDESC,NUMBER,22,7,4,Y
SYSTEM,VEN_PRECDESC,9,FECHA,DATE,7,,,N
SYSTEM,VEN_PRECDESC,10,FECHCREA,DATE,7,,,N
SYSTEM,VEN_PRECDESC,11,USUACREA,VARCHAR2,20,,,N
SYSTEM,VEN_PRECDESC,12,FECHACTU,DATE,7,,,Y
SYSTEM,VEN_PRECDESC,13,USUACTUA,VARCHAR2,20,,,Y
SYSTEM,VEN_PRECDESC,14,VIGENTE,VARCHAR2,1,,,N
SYSTEM,VEN_PRECDESC,15,CANTBASE,NUMBER,22,18,6,Y
SYSTEM,VEN_PRECDESC,16,CANTPROM,NUMBER,22,18,6,Y
SYSTEM,VEN_PRECDESC,17,DIASPROM,NUMBER,22,4,0,Y
SYSTEM,VEN_PRECDESC,18,OBSERVAC,VARCHAR2,100,,,Y
SYSTEM,VEN_PRECDESC,19,ARTL_CODIGRUP_PROM,VARCHAR2,20,,,Y
SYSTEM,VEN_PRECDESC,20,ARTL_CLASE_PROM,VARCHAR2,20,,,Y
SYSTEM,VEN_PRECDESC,21,ARTL_COMPANIA_PROM,VARCHAR2,10,,,Y
SYSTEM,VEN_PRECDESC,22,ARTL_ARTICULO_PROM,VARCHAR2,30,,,Y
SYSTEM,VEN_PRECDESC,23,VISIWEB,VARCHAR2,1,,,Y
SYSTEM,VEN_PRECDESC,24,PRCS_VISIWEB,VARCHAR2,1,,,N
SYSTEM,VEN_PRECDESC,25,ORDENWEB,NUMBER,22,4,0,Y
SYSTEM,VEN_PREFIJO,1,PREFIJO,VARCHAR2,10,,,N
SYSTEM,VEN_PREFIJO,2,TIPO,VARCHAR2,10,,,N
SYSTEM,VEN_PREFIJO,3,DISPONIBLE,VARCHAR2,1,,,N
SYSTEM,VEN_PREFIJO,4,FECHCREA,DATE,7,,,N
SYSTEM,VEN_PREFIJO,5,USUACREA,VARCHAR2,20,,,N
SYSTEM,VEN_PREFIJO,6,DESCRIPCION,VARCHAR2,500,,,Y
SYSTEM,VEN_PREFIJO,7,FECHACTU,DATE,7,,,Y
SYSTEM,VEN_PREFIJO,8,USUACTUA,VARCHAR2,20,,,Y
SYSTEM,VEN_PRESUVEN,1,ANIOPRES,VARCHAR2,10,,,N
SYSTEM,VEN_PRESUVEN,2,ARTL_COMPANIA,VARCHAR2,10,,,Y
SYSTEM,VEN_PRESUVEN,3,ARTL_CLASE,VARCHAR2,20,,,Y
SYSTEM,VEN_PRESUVEN,4,ARTL_CODIGRUP,VARCHAR2,20,,,Y
SYSTEM,VEN_PRESUVEN,5,ARTL_ARTICULO,VARCHAR2,30,,,Y
SYSTEM,VEN_PRESUVEN,6,LNEA_COMPANIA,VARCHAR2,10,,,Y
SYSTEM,VEN_PRESUVEN,7,LNEA_CODLINEA,VARCHAR2,10,,,Y
SYSTEM,VEN_PRESUVEN,8,VNDR_CODIGO,VARCHAR2,10,,,Y
SYSTEM,VEN_PRESUVEN,9,VNDR_COMPANIA,VARCHAR2,10,,,Y
SYSTEM,VEN_PRESUVEN,10,VNDR_OFICINA,VARCHAR2,3,,,Y
SYSTEM,VEN_PRESUVEN,11,FECHINI,DATE,7,,,N
SYSTEM,VEN_PRESUVEN,12,FECHFIN,DATE,7,,,N
SYSTEM,VEN_PRESUVEN,13,DESCRIPC,VARCHAR2,400,,,Y
SYSTEM,VEN_PRESUVEN,14,MES01,NUMBER,22,16,4,N
SYSTEM,VEN_PRESUVEN,15,MES01R,NUMBER,22,16,4,N
SYSTEM,VEN_PRESUVEN,16,MES01S,NUMBER,22,16,4,N
SYSTEM,VEN_PRESUVEN,17,MES02,NUMBER,22,16,4,N
SYSTEM,VEN_PRESUVEN,18,MES02R,NUMBER,22,16,4,N
SYSTEM,VEN_PRESUVEN,19,MES02S,NUMBER,22,16,4,N
SYSTEM,VEN_PRESUVEN,20,MES03,NUMBER,22,16,4,N
SYSTEM,VEN_PRESUVEN,21,MES03R,NUMBER,22,16,4,N
SYSTEM,VEN_PRESUVEN,22,MES03S,NUMBER,22,16,4,N
SYSTEM,VEN_PRESUVEN,23,MES04,NUMBER,22,16,4,N
SYSTEM,VEN_PRESUVEN,24,MES04R,NUMBER,22,16,4,N
SYSTEM,VEN_PRESUVEN,25,MES04S,NUMBER,22,16,4,N
SYSTEM,VEN_PRESUVEN,26,MES05,NUMBER,22,16,4,N
SYSTEM,VEN_PRESUVEN,27,MES05R,NUMBER,22,16,4,N
SYSTEM,VEN_PRESUVEN,28,MES05S,NUMBER,22,16,4,N
SYSTEM,VEN_PRESUVEN,29,MES06,NUMBER,22,16,4,N
SYSTEM,VEN_PRESUVEN,30,MES06R,NUMBER,22,16,4,N
SYSTEM,VEN_PRESUVEN,31,MES06S,NUMBER,22,16,4,N
SYSTEM,VEN_PRESUVEN,32,MES07,NUMBER,22,16,4,N
SYSTEM,VEN_PRESUVEN,33,MES07R,NUMBER,22,16,4,N
SYSTEM,VEN_PRESUVEN,34,MES07S,NUMBER,22,16,4,N
SYSTEM,VEN_PRESUVEN,35,MES08,NUMBER,22,16,4,N
SYSTEM,VEN_PRESUVEN,36,MES08R,NUMBER,22,16,4,N
SYSTEM,VEN_PRESUVEN,37,MES08S,NUMBER,22,16,4,N
SYSTEM,VEN_PRESUVEN,38,MES09,NUMBER,22,16,4,N
SYSTEM,VEN_PRESUVEN,39,MES09R,NUMBER,22,16,4,N
SYSTEM,VEN_PRESUVEN,40,MES09S,NUMBER,22,16,4,N
SYSTEM,VEN_PRESUVEN,41,MES10,NUMBER,22,16,4,N
SYSTEM,VEN_PRESUVEN,42,MES10R,NUMBER,22,16,4,N
SYSTEM,VEN_PRESUVEN,43,MES10S,NUMBER,22,16,4,N
SYSTEM,VEN_PRESUVEN,44,MES11,NUMBER,22,16,4,N
SYSTEM,VEN_PRESUVEN,45,MES11R,NUMBER,22,16,4,N
SYSTEM,VEN_PRESUVEN,46,MES11S,NUMBER,22,16,4,N
SYSTEM,VEN_PRESUVEN,47,MES12,NUMBER,22,16,4,N
SYSTEM,VEN_PRESUVEN,48,MES12R,NUMBER,22,16,4,N
SYSTEM,VEN_PRESUVEN,49,MES12S,NUMBER,22,16,4,N
SYSTEM,VEN_PRESUVEN,50,PRECNETO,NUMBER,22,16,4,N
SYSTEM,VEN_PRESUVEN,51,FECHCREA,DATE,7,,,N
SYSTEM,VEN_PRESUVEN,52,USUACREA,VARCHAR2,20,,,N
SYSTEM,VEN_PRESUVEN,53,FECHACTU,DATE,7,,,Y
SYSTEM,VEN_PRESUVEN,54,USUACTUA,VARCHAR2,20,,,Y
SYSTEM,VEN_PRESUVEN,55,PRVT_ID,NUMBER,22,10,0,N
SYSTEM,VEN_PRESUVEN,56,SALD08,NUMBER,22,16,4,Y
SYSTEM,VEN_PRESUVEN,57,NOMBARTL,VARCHAR2,100,,,Y
SYSTEM,VEN_PRESUVEN,58,CLTE_COMPANIA,VARCHAR2,10,,,Y
SYSTEM,VEN_PRESUVEN,59,CLTE_IDCLIENTE,NUMBER,22,10,0,Y
SYSTEM,VEN_PRESUVEN,60,DESCUENTO,NUMBER,22,16,4,Y
SYSTEM,VEN_PROFEXPO,1,ZNAE_CODIGO_DEST,VARCHAR2,5,,,Y
SYSTEM,VEN_PROFEXPO,2,ZNAE_CODIPAIS_DEST,VARCHAR2,2,,,Y
SYSTEM,VEN_PROFEXPO,3,CLTE_COMPANIA,VARCHAR2,10,,,N
SYSTEM,VEN_PROFEXPO,4,CLTE_IDCLIENTE,NUMBER,22,10,0,N
SYSTEM,VEN_PROFEXPO,5,CONSIGNA,VARCHAR2,120,,,Y
SYSTEM,VEN_PROFEXPO,6,CORRELAT,VARCHAR2,10,,,Y
SYSTEM,VEN_PROFEXPO,7,COTIZA,NUMBER,22,16,2,Y
SYSTEM,VEN_PROFEXPO,8,DESCRIPC,VARCHAR2,300,,,Y
SYSTEM,VEN_PROFEXPO,9,ENVIO,VARCHAR2,2,,,Y
SYSTEM,VEN_PROFEXPO,10,EXPORTDE,VARCHAR2,1,,,N
SYSTEM,VEN_PROFEXPO,11,FECHEMBA,DATE,7,,,Y
SYSTEM,VEN_PROFEXPO,12,FECHEMIS,DATE,7,,,N
SYSTEM,VEN_PROFEXPO,13,FECHENVI,DATE,7,,,N
SYSTEM,VEN_PROFEXPO,14,FECHLLEGA,DATE,7,,,Y
SYSTEM,VEN_PROFEXPO,15,NUMEAWB,VARCHAR2,30,,,N
SYSTEM,VEN_PROFEXPO,16,NUMEHAWB,VARCHAR2,30,,,N
SYSTEM,VEN_PROFEXPO,17,NUMEDAU,VARCHAR2,20,,,Y
SYSTEM,VEN_PROFEXPO,18,NUMEFUE,VARCHAR2,20,,,Y
SYSTEM,VEN_PROFEXPO,19,NUMEORDE,VARCHAR2,30,,,N
SYSTEM,VEN_PROFEXPO,20,NUMEPAKI,VARCHAR2,30,,,Y
SYSTEM,VEN_PROFEXPO,21,NUMETARI,VARCHAR2,30,,,Y
SYSTEM,VEN_PROFEXPO,22,NUMEVERI,VARCHAR2,20,,,Y
SYSTEM,VEN_PROFEXPO,23,REFER,VARCHAR2,100,,,Y
SYSTEM,VEN_PROFEXPO,24,REFRENDO,VARCHAR2,20,,,Y
SYSTEM,VEN_PROFEXPO,25,SEGURO,NUMBER,22,16,2,Y
SYSTEM,VEN_PROFEXPO,26,USUACREA,VARCHAR2,20,,,N
SYSTEM,VEN_PROFEXPO,27,FECHCREA,DATE,7,,,N
SYSTEM,VEN_PROFEXPO,28,USUACTUA,VARCHAR2,20,,,Y
SYSTEM,VEN_PROFEXPO,29,FECHACTU,DATE,7,,,Y
SYSTEM,VEN_PROFEXPO,30,LAER_CODIGO,VARCHAR2,10,,,Y
SYSTEM,VEN_PROFEXPO,31,DADU_CODIGO,VARCHAR2,4,,,N
SYSTEM,VEN_PROFEXPO,32,ZNAE_CODIGO_ORI,VARCHAR2,5,,,Y
SYSTEM,VEN_PROFEXPO,33,ZNAE_CODIPAIS_ORI,VARCHAR2,2,,,Y
SYSTEM,VEN_PROFEXPO,34,INCT_CODIGO,VARCHAR2,5,,,Y
SYSTEM,VEN_PROFEXPO,35,EMBA_CODIGO,VARCHAR2,10,,,Y
SYSTEM,VEN_PROFEXPO,36,TPIE_TIPOIMEX,VARCHAR2,2,,,N
SYSTEM,VEN_PROFEXPO,37,PRFM_PRFM_ID,NUMBER,22,10,0,N
SYSTEM,VEN_PROFEXPO,38,VERI_CODIGO,VARCHAR2,10,,,Y
SYSTEM,VEN_PROFEXPO,39,RGMN_CODIGO,VARCHAR2,2,,,Y
SYSTEM,VEN_PROFEXPO,40,AGNT_CODIGO,VARCHAR2,10,,,Y
SYSTEM,VEN_PROFORMA,1,PRFM_ID,NUMBER,22,10,0,N
SYSTEM,VEN_PROFORMA,2,DESCRIPC,VARCHAR2,300,,,Y
SYSTEM,VEN_PROFORMA,3,FECHA,DATE,7,,,N
SYSTEM,VEN_PROFORMA,4,FECHVCTO,DATE,7,,,Y
SYSTEM,VEN_PROFORMA,5,TASAIVA,NUMBER,22,7,4,N
SYSTEM,VEN_PROFORMA,6,BASEIVA0,NUMBER,22,16,2,N
SYSTEM,VEN_PROFORMA,7,BASEIVA,NUMBER,22,16,2,N
SYSTEM,VEN_PROFORMA,8,TOTAL,NUMBER,22,16,2,Y
SYSTEM,VEN_PROFORMA,9,OBSERAC,VARCHAR2,400,,,Y
SYSTEM,VEN_PROFORMA,10,REFER,VARCHAR2,30,,,Y
SYSTEM,VEN_PROFORMA,11,GRPS_COMPANIA,VARCHAR2,10,,,N
SYSTEM,VEN_PROFORMA,12,GRPS_IDCLIENTE,NUMBER,22,10,0,N
SYSTEM,VEN_PROFORMA,13,GRPS_LSPR_ID,NUMBER,22,10,0,N
SYSTEM,VEN_PROFORMA,14,VNDR_COMPANIA,VARCHAR2,10,,,N
SYSTEM,VEN_PROFORMA,15,VNDR_OFICINA,VARCHAR2,3,,,N
SYSTEM,VEN_PROFORMA,16,VNDR_CODIGO,VARCHAR2,10,,,N
SYSTEM,VEN_PROFORMA,17,MONE_MONEDA,VARCHAR2,5,,,N
SYSTEM,VEN_PROFORMA,18,OFCN_COMPANIA,VARCHAR2,10,,,N
SYSTEM,VEN_PROFORMA,19,OFCN_OFICINA,VARCHAR2,3,,,N
SYSTEM,VEN_PROFORMA,20,FECHCREA,DATE,7,,,N
SYSTEM,VEN_PROFORMA,21,USUACREA,VARCHAR2,20,,,N
SYSTEM,VEN_PROFORMA,22,FECHACTU,DATE,7,,,Y
SYSTEM,VEN_PROFORMA,23,USUACTUA,VARCHAR2,20,,,Y
SYSTEM,VEN_PROFORMA,24,NUMERO,NUMBER,22,10,0,N
SYSTEM,VEN_PROFORMA,25,TPDC_TIPODOCU,VARCHAR2,2,,,N
SYSTEM,VEN_PROFORMA,26,EGEN_ESTADO,VARCHAR2,2,,,N
SYSTEM,VEN_PROFORMA,27,FLETE,VARCHAR2,1,,,N
SYSTEM,VEN_PROFORMA,28,DESPACHO,VARCHAR2,1,,,Y
SYSTEM,VEN_PROFORMA,29,PRFM_PRFM_ID,NUMBER,22,10,0,Y
SYSTEM,VEN_PROFORMA,30,DIA,VARCHAR2,1,,,Y
SYSTEM,VEN_PROFORMA,31,DIDE_DIDE_ID,NUMBER,22,10,0,Y
SYSTEM,VEN_PROFORMA,32,CODIGOUID,VARCHAR2,50,,,Y
SYSTEM,VEN_PROFORMA,33,VALIMPSERVI,NUMBER,22,16,2,Y
SYSTEM,VEN_PROFORMA,34,BASEICE,NUMBER,22,16,2,Y
SYSTEM,VEN_PROFORMA,35,VALORICE,NUMBER,22,16,2,Y
SYSTEM,VEN_PROFORMA,36,TASAICE,NUMBER,22,7,4,Y
SYSTEM,VEN_PROFORMA,37,VCHAR1,VARCHAR2,500,,,Y
SYSTEM,VEN_PROFORMA,38,VCHAR2,VARCHAR2,500,,,Y
SYSTEM,VEN_PROFORMA,39,VCHAR3,VARCHAR2,500,,,Y
SYSTEM,VEN_PROFORMA,40,VCHAR4,VARCHAR2,500,,,Y
SYSTEM,VEN_PROFORMA,41,VCHAR5,VARCHAR2,500,,,Y
SYSTEM,VEN_PROFORMA,42,NUMBER1,NUMBER,22,,,Y
SYSTEM,VEN_PROFORMA,43,NUMBER2,NUMBER,22,,,Y
SYSTEM,VEN_PROFORMA,44,NUMBER3,NUMBER,22,,,Y
SYSTEM,VEN_PROFORMA,45,NUMBER4,NUMBER,22,,,Y
SYSTEM,VEN_PROFORMA,46,NUMBER5,NUMBER,22,,,Y
SYSTEM,VEN_PROFORMA,47,UNNE_CODIGO,VARCHAR2,20,,,Y
SYSTEM,VEN_PROFORMA,48,FRPG_FORMPAGO,VARCHAR2,2,,,Y
SYSTEM,VEN_PROFORMA,49,PRPG_CODIPERI,VARCHAR2,2,,,Y
SYSTEM,VEN_PROFORMA,50,RBAN_RBAN_ID,NUMBER,22,10,0,Y
SYSTEM,VEN_PROFORMA,51,MASC_IDMASCOT,VARCHAR2,40,,,Y
SYSTEM,VEN_PROFORMA,52,REFERPP,VARCHAR2,50,,,Y
SYSTEM,VEN_PROFORMA,53,IDPETIPP,VARCHAR2,50,,,Y
SYSTEM,VEN_PROFORMA,54,ESTADOPP,VARCHAR2,50,,,Y
SYSTEM,VEN_PROFORMA,55,FECHAPP,VARCHAR2,80,,,Y
SYSTEM,VEN_PROFORMA,56,OBSERPP,VARCHAR2,200,,,Y
SYSTEM,VEN_PROFORMA,57,REFINTPP,VARCHAR2,50,,,Y
SYSTEM,VEN_PROFORMA,58,TOTACAJA,NUMBER,22,16,0,Y
SYSTEM,VEN_PROFORMA,59,DIASENTRE,VARCHAR2,300,,,Y
SYSTEM,VEN_PROFORMA,60,NUMEENTR,NUMBER,22,16,0,Y
SYSTEM,VEN_PROFORMA,61,FECHENVN,DATE,7,,,Y
SYSTEM,VEN_PROFORMA,62,FECHENCL,DATE,7,,,Y
SYSTEM,VEN_PROFORMA,63,FECHETCL,DATE,7,,,Y
SYSTEM,VEN_PROFORMA,64,ENTREGACL,VARCHAR2,1,,,Y
SYSTEM,VEN_PROFORMA,65,ENTRPARC,VARCHAR2,1,,,N
SYSTEM,VEN_PROFORMA,66,FECHFACT,DATE,7,,,Y
SYSTEM,VEN_PROFORMA,67,DIASVALI,NUMBER,22,,,Y
SYSTEM,VEN_PROFORMA,68,FPAGO,VARCHAR2,500,,,Y
SYSTEM,VEN_PROFORMA,69,PRFM_PRFM_ID_RNV,NUMBER,22,10,0,Y
SYSTEM,VEN_PROFORMA,70,TPIN_TIPOINST,VARCHAR2,2,,,Y
SYSTEM,VEN_PROFORMA,71,TACC_TIPOACCE,VARCHAR2,10,,,Y
SYSTEM,VEN_PROFORMA,72,TPLN_TIPOPLAN,VARCHAR2,10,,,Y
SYSTEM,VEN_PROFORMA,73,ACTIVO,VARCHAR2,1,,,N
SYSTEM,VEN_PROFORMA,74,DESCRIPC1,VARCHAR2,500,,,Y
SYSTEM,VEN_PROFORMA,75,DESCRIPC2,VARCHAR2,500,,,Y
SYSTEM,VEN_PROFORMA,76,DESCRIPC3,VARCHAR2,500,,,Y
SYSTEM,VEN_PROFORMA,77,DESCRIPC4,VARCHAR2,500,,,Y
SYSTEM,VEN_PROFORMA,78,DESCRIPC5,VARCHAR2,500,,,Y
SYSTEM,VEN_PROFORMA,79,VALORIVA,NUMBER,22,18,2,Y
SYSTEM,VEN_PROMOCION,1,PRMO_ID,NUMBER,22,10,0,N
SYSTEM,VEN_PROMOCION,2,VIGENTE,VARCHAR2,1,,,N
SYSTEM,VEN_PROMOCION,3,FECHA,DATE,7,,,N
SYSTEM,VEN_PROMOCION,4,CANTBASE,NUMBER,22,15,0,Y
SYSTEM,VEN_PROMOCION,5,CANTPROM,NUMBER,22,15,0,Y
SYSTEM,VEN_PROMOCION,6,DIASPROM,NUMBER,22,4,0,Y
SYSTEM,VEN_PROMOCION,7,OBSERVAC,VARCHAR2,100,,,Y
SYSTEM,VEN_PROMOCION,8,ARTL_COMPANIA,VARCHAR2,10,,,N
SYSTEM,VEN_PROMOCION,9,ARTL_CLASE,VARCHAR2,20,,,N
SYSTEM,VEN_PROMOCION,10,ARTL_CODIGRUP,VARCHAR2,20,,,N
SYSTEM,VEN_PROMOCION,11,ARTL_ARTICULO,VARCHAR2,30,,,N
SYSTEM,VEN_PROMOCION,12,CLTE_COMPANIA,VARCHAR2,10,,,Y
SYSTEM,VEN_PROMOCION,13,CLTE_IDCLIENTE,NUMBER,22,10,0,Y
SYSTEM,VEN_PROMOCION,14,LSPR_LSPR_ID,NUMBER,22,10,0,N
SYSTEM,VEN_PROMOCION,15,FECHCREA,DATE,7,,,N
SYSTEM,VEN_PROMOCION,16,USUACREA,VARCHAR2,20,,,N
SYSTEM,VEN_PROMOCION,17,FECHACTU,DATE,7,,,Y
SYSTEM,VEN_PROMOCION,18,USUACTUA,VARCHAR2,20,,,Y
SYSTEM,VEN_PROMOCION,19,CANTBASEF,NUMBER,22,15,0,Y
SYSTEM,VEN_PROMOCION,20,PRECVENT,NUMBER,22,21,8,Y
SYSTEM,VEN_PROMOCION,21,PROMOCION,VARCHAR2,1,,,Y
SYSTEM,VEN_PROMOCION,22,PRORRATEO,VARCHAR2,1,,,Y
SYSTEM,VEN_PROMOCION,23,CCLI_CLASE,VARCHAR2,10,,,Y
SYSTEM,VEN_PROMOCION,24,CCLI_COMPANIA,VARCHAR2,10,,,Y
SYSTEM,VEN_PROMOCION,25,CTCL_CATEGORI,VARCHAR2,10,,,Y
SYSTEM,VEN_PROMOCION,26,PRMO_PRMO_ID,NUMBER,22,10,0,Y
SYSTEM,VEN_PROMOCION,27,UNNE_CODIGO,VARCHAR2,20,,,Y
SYSTEM,VEN_PROMOCION,28,BASEPROM,NUMBER,22,15,0,Y
SYSTEM,VEN_PROMOCION,29,PORCDESC,NUMBER,22,7,4,Y
SYSTEM,VEN_PROMOCION,30,PORCDESCR,NUMBER,22,7,4,Y
SYSTEM,VEN_PROMOCION,31,PORCDESPR,NUMBER,22,7,4,Y
SYSTEM,VEN_PROMOCION,32,COMBO,VARCHAR2,1,,,N
SYSTEM,VEN_PROMUNNE,1,PRM_ID,NUMBER,22,10,0,N
SYSTEM,VEN_PROMUNNE,2,UNNE_CODIGO,VARCHAR2,20,,,N
SYSTEM,VEN_PROMUNNE,3,VIGENTE,VARCHAR2,1,,,N
SYSTEM,VEN_PROMUNNE,4,FECHCREA,DATE,7,,,N
SYSTEM,VEN_PROMUNNE,5,PRINCIPAL,VARCHAR2,1,,,N
SYSTEM,VEN_PROMUNNE,6,FECHA,DATE,7,,,N
SYSTEM,VEN_PROMUNNE,7,USUACREA,VARCHAR2,20,,,N
SYSTEM,VEN_PROMUNNE,8,MDESDE,NUMBER,22,18,2,N
SYSTEM,VEN_PROMUNNE,9,MHASTA,NUMBER,22,18,2,N
SYSTEM,VEN_PROMUNNE,10,DIASPROM,NUMBER,22,6,0,Y
SYSTEM,VEN_PROMUNNE,11,PORCDESC,NUMBER,22,6,2,Y
SYSTEM,VEN_PROMUNNE,12,OBSERVAC,VARCHAR2,500,,,Y
SYSTEM,VEN_PROMUNNE,13,REFER,VARCHAR2,100,,,Y
SYSTEM,VEN_PROMUNNE,14,NUMBER1,NUMBER,22,,,Y
SYSTEM,VEN_PROMUNNE,15,NUMBER2,NUMBER,22,,,Y
SYSTEM,VEN_PROMUNNE,16,NUMBER3,NUMBER,22,,,Y
SYSTEM,VEN_PROMUNNE,17,NUMBER4,NUMBER,22,,,Y
SYSTEM,VEN_PROMUNNE,18,NUMBER5,NUMBER,22,,,Y
SYSTEM,VEN_PROMUNNE,19,VCHAR1,VARCHAR2,500,,,Y
SYSTEM,VEN_PROMUNNE,20,VCHAR2,VARCHAR2,500,,,Y
SYSTEM,VEN_PROMUNNE,21,VCHAR3,VARCHAR2,500,,,Y
SYSTEM,VEN_PROMUNNE,22,VCHAR4,VARCHAR2,500,,,Y
SYSTEM,VEN_PROMUNNE,23,VCHAR5,VARCHAR2,500,,,Y
SYSTEM,VEN_PROMUNNE,24,FECHACTU,DATE,7,,,Y
SYSTEM,VEN_PROMUNNE,25,USUACTUA,VARCHAR2,20,,,Y
SYSTEM,VEN_RANGCOMI,1,ROL_CARGO,VARCHAR2,4,,,Y
SYSTEM,VEN_RANGCOMI,2,VIGENTE,VARCHAR2,1,,,N
SYSTEM,VEN_RANGCOMI,3,FECHA,DATE,7,,,N
SYSTEM,VEN_RANGCOMI,4,PORCOMIC,NUMBER,22,7,4,N
SYSTEM,VEN_RANGCOMI,5,FECHCREA,DATE,7,,,N
SYSTEM,VEN_RANGCOMI,6,USUACREA,VARCHAR2,20,,,N
SYSTEM,VEN_RANGCOMI,7,OBSERVAC,VARCHAR2,100,,,Y
SYSTEM,VEN_RANGCOMI,8,FECHACTU,DATE,7,,,Y
SYSTEM,VEN_RANGCOMI,9,USUACTUA,VARCHAR2,20,,,Y
SYSTEM,VEN_RANGCOMI,10,PRCM_PRCM_ID,NUMBER,22,10,0,N
SYSTEM,VEN_RANGCOMI,11,CLCM_CODIGO,VARCHAR2,6,,,N
SYSTEM,VEN_RANGVCTO,1,RANV_ID,NUMBER,22,10,0,N
SYSTEM,VEN_RANGVCTO,2,VALOFINA,NUMBER,22,10,0,Y
SYSTEM,VEN_RANGVCTO,3,VALOINIC,NUMBER,22,10,0,Y
SYSTEM,VEN_RANGVCTO,4,DESCRIPC,VARCHAR2,300,,,N
SYSTEM,VEN_RANGVCTO,5,FECHCREA,DATE,7,,,N
SYSTEM,VEN_RANGVCTO,6,USUACREA,VARCHAR2,20,,,N
SYSTEM,VEN_RANGVCTO,7,FECHACTU,DATE,7,,,Y
SYSTEM,VEN_RANGVCTO,8,USUACTUA,VARCHAR2,20,,,Y
SYSTEM,VEN_RANGVCTO,9,CMPN_COMPANIA,VARCHAR2,10,,,N
SYSTEM,VEN_RECAUDAC,1,FECHA,DATE,7,,,N
SYSTEM,VEN_RECAUDAC,2,NUMERO,NUMBER,22,10,0,N
SYSTEM,VEN_RECAUDAC,3,TOTAL,NUMBER,22,10,2,Y
SYSTEM,VEN_RECAUDAC,4,OFCN_COMPANIA,VARCHAR2,10,,,N
SYSTEM,VEN_RECAUDAC,5,OFCN_OFICINA,VARCHAR2,3,,,N
SYSTEM,VEN_RECAUDAC,6,VNDR_COMPANIA,VARCHAR2,10,,,N
SYSTEM,VEN_RECAUDAC,7,VNDR_OFICINA,VARCHAR2,3,,,N
SYSTEM,VEN_RECAUDAC,8,VNDR_CODIGO,VARCHAR2,10,,,N
SYSTEM,VEN_RECAUDAC,9,OBSERVAC,VARCHAR2,300,,,Y
SYSTEM,VEN_RECAUDAC,10,FECHCREA,DATE,7,,,N
SYSTEM,VEN_RECAUDAC,11,USUACREA,VARCHAR2,20,,,N
SYSTEM,VEN_RECAUDAC,12,FECHACTU,DATE,7,,,Y
SYSTEM,VEN_RECAUDAC,13,USUACTUA,VARCHAR2,20,,,Y
SYSTEM,VEN_RUTEVISI,1,RTVI,NUMBER,22,10,0,N
SYSTEM,VEN_RUTEVISI,2,DIAVISITA,DATE,7,,,N
SYSTEM,VEN_RUTEVISI,3,OBSERVACION,VARCHAR2,1000,,,Y
SYSTEM,VEN_RUTEVISI,4,INICIAL,VARCHAR2,1,,,Y
SYSTEM,VEN_RUTEVISI,5,INICIOVISITA,DATE,7,,,Y
SYSTEM,VEN_RUTEVISI,6,FINVISITA,DATE,7,,,Y
SYSTEM,VEN_RUTEVISI,7,LUGAVISI,VARCHAR2,500,,,Y
SYSTEM,VEN_RUTEVISI,8,DIREVISI,VARCHAR2,500,,,Y
SYSTEM,VEN_RUTEVISI,9,LOGITUD,VARCHAR2,30,,,Y
SYSTEM,VEN_RUTEVISI,10,LATITUD,VARCHAR2,30,,,Y
SYSTEM,VEN_RUTEVISI,11,PROVINICA,VARCHAR2,50,,,Y
SYSTEM,VEN_RUTEVISI,12,CANTON,VARCHAR2,50,,,Y
SYSTEM,VEN_RUTEVISI,13,ZONA,VARCHAR2,50,,,Y
SYSTEM,VEN_RUTEVISI,14,PERSCONT,VARCHAR2,200,,,Y
SYSTEM,VEN_RUTEVISI,15,TELECONT,VARCHAR2,50,,,Y
SYSTEM,VEN_RUTEVISI,16,CARGCONT,VARCHAR2,70,,,Y
SYSTEM,VEN_RUTEVISI,17,MAILCONT,VARCHAR2,80,,,Y
SYSTEM,VEN_RUTEVISI,18,RTVI_RTVI,NUMBER,22,10,0,Y
SYSTEM,VEN_RUTEVISI,19,CAVI_CODIGO,VARCHAR2,5,,,Y
SYSTEM,VEN_RUTEVISI,20,USUACREA,VARCHAR2,20,,,N
SYSTEM,VEN_RUTEVISI,21,FECHCREA,DATE,7,,,N
SYSTEM,VEN_RUTEVISI,22,FECHACTU,DATE,7,,,Y
SYSTEM,VEN_RUTEVISI,23,USUACTUA,VARCHAR2,20,,,Y
SYSTEM,VEN_RUTEVISI,24,EGEN_ESTADO,VARCHAR2,2,,,N
SYSTEM,VEN_RUTEVISI,25,CLTE_COMPANIA,VARCHAR2,10,,,N
SYSTEM,VEN_RUTEVISI,26,CLTE_IDCLIENTE,NUMBER,22,10,0,N
SYSTEM,VEN_RUTEVISI,27,VNDR_OFICINA,VARCHAR2,3,,,N
SYSTEM,VEN_RUTEVISI,28,VNDR_COMPANIA,VARCHAR2,10,,,N
SYSTEM,VEN_RUTEVISI,29,VNDR_CODIGO,VARCHAR2,10,,,N
SYSTEM,VEN_RUTEVISI,30,NUMBER1,NUMBER,22,,,Y
SYSTEM,VEN_RUTEVISI,31,NUMBER2,NUMBER,22,,,Y
SYSTEM,VEN_RUTEVISI,32,NUMBER3,NUMBER,22,,,Y
SYSTEM,VEN_RUTEVISI,33,NUMBER4,NUMBER,22,,,Y
SYSTEM,VEN_RUTEVISI,34,NUMBER5,NUMBER,22,,,Y
SYSTEM,VEN_RUTEVISI,35,VCHAR1,VARCHAR2,500,,,Y
SYSTEM,VEN_RUTEVISI,36,VCHAR2,VARCHAR2,500,,,Y
SYSTEM,VEN_RUTEVISI,37,VCHAR3,VARCHAR2,500,,,Y
SYSTEM,VEN_RUTEVISI,38,VCHAR4,VARCHAR2,500,,,Y
SYSTEM,VEN_RUTEVISI,39,VCHAR5,VARCHAR2,500,,,Y
SYSTEM,VEN_SEGMENTO,1,RNDO_IDNODO,VARCHAR2,50,,,N
SYSTEM,VEN_SEGMENTO,2,DESCRIPCION,VARCHAR2,300,,,Y
SYSTEM,VEN_SEGMENTO,3,OBS,VARCHAR2,240,,,Y
SYSTEM,VEN_SEGMENTO,4,VIGENTE,VARCHAR2,1,,,N
SYSTEM,VEN_SEGMENTO,5,NUMBER1,NUMBER,22,,,Y
SYSTEM,VEN_SEGMENTO,6,NUMBER2,NUMBER,22,,,Y
SYSTEM,VEN_SEGMENTO,7,NUMBER3,NUMBER,22,,,Y
SYSTEM,VEN_SEGMENTO,8,NUMBER4,NUMBER,22,,,Y
SYSTEM,VEN_SEGMENTO,9,NUMBER5,NUMBER,22,,,Y
SYSTEM,VEN_SEGMENTO,10,VCHAR1,VARCHAR2,500,,,Y
SYSTEM,VEN_SEGMENTO,11,VCHAR2,VARCHAR2,500,,,Y
SYSTEM,VEN_SEGMENTO,12,VCHAR3,VARCHAR2,500,,,Y
SYSTEM,VEN_SEGMENTO,13,VCHAR4,VARCHAR2,500,,,Y
SYSTEM,VEN_SEGMENTO,14,VCHAR5,VARCHAR2,500,,,Y
SYSTEM,VEN_SEGMENTO,15,USUACREA,VARCHAR2,20,,,N
SYSTEM,VEN_SEGMENTO,16,FECHCREA,DATE,7,,,N
SYSTEM,VEN_SEGMENTO,17,USUACTUA,VARCHAR2,20,,,Y
SYSTEM,VEN_SEGMENTO,18,FECHACTU,DATE,7,,,Y
SYSTEM,VEN_SEGMENTO,19,OLT,VARCHAR2,60,,,N
SYSTEM,VEN_TIPOACC,1,TIPOACCE,VARCHAR2,10,,,N
SYSTEM,VEN_TIPOACC,2,DESCRIPC,VARCHAR2,500,,,N
SYSTEM,VEN_TIPOACC,3,VIGENTE,VARCHAR2,1,,,N
SYSTEM,VEN_TIPOACC,4,FECHACTU,DATE,7,,,Y
SYSTEM,VEN_TIPOACC,5,FECHCREA,DATE,7,,,Y
SYSTEM,VEN_TIPOACC,6,USUACREA,VARCHAR2,20,,,Y
SYSTEM,VEN_TIPOACC,7,USUACTUA,VARCHAR2,20,,,Y
SYSTEM,VEN_TIPOFUNC,1,TIPOFUNC,VARCHAR2,3,,,N
SYSTEM,VEN_TIPOFUNC,2,FUNCION,VARCHAR2,20,,,N
SYSTEM,VEN_TIPOFUNC,3,FECHCREA,DATE,7,,,N
SYSTEM,VEN_TIPOFUNC,4,USUACREA,VARCHAR2,20,,,N
SYSTEM,VEN_TIPOFUNC,5,FECHACTU,DATE,7,,,Y
SYSTEM,VEN_TIPOFUNC,6,USUACTUA,VARCHAR2,20,,,Y
SYSTEM,VEN_TIPOINST,1,TIPOINST,VARCHAR2,2,,,N
SYSTEM,VEN_TIPOINST,2,PORDESC,NUMBER,22,10,6,N
SYSTEM,VEN_TIPOINST,3,MESES,NUMBER,22,,,N
SYSTEM,VEN_TIPOINST,4,PRMANCIA,NUMBER,22,,,N
SYSTEM,VEN_TIPOINST,5,VALPENLD,NUMBER,22,10,6,N
SYSTEM,VEN_TIPOINST,6,DESCRIPCION,VARCHAR2,300,,,N
SYSTEM,VEN_TIPOINST,7,VIGENTE,VARCHAR2,1,,,N
SYSTEM,VEN_TIPOINST,8,PAGINSTL,VARCHAR2,1,,,N
SYSTEM,VEN_TIPOINST,9,PREDEFIN,VARCHAR2,1,,,N
SYSTEM,VEN_TIPOINST,10,FECHCREA,DATE,7,,,N
SYSTEM,VEN_TIPOINST,11,USUACREA,VARCHAR2,20,,,N
SYSTEM,VEN_TIPOINST,12,USUACTUA,VARCHAR2,20,,,Y
SYSTEM,VEN_TIPOINST,13,FECHACTU,DATE,7,,,Y
SYSTEM,VEN_TIPOLISTA,1,TIPOLIST,VARCHAR2,4,,,N
SYSTEM,VEN_TIPOLISTA,2,CMPN_COMPANIA,VARCHAR2,10,,,N
SYSTEM,VEN_TIPOLISTA,3,DESCRIPC,VARCHAR2,80,,,N
SYSTEM,VEN_TIPOLISTA,4,FECHCREA,DATE,7,,,N
SYSTEM,VEN_TIPOLISTA,5,USUACREA,VARCHAR2,20,,,N
SYSTEM,VEN_TIPOLISTA,6,FECHACTU,DATE,7,,,Y
SYSTEM,VEN_TIPOLISTA,7,USUACTUA,VARCHAR2,20,,,Y
SYSTEM,VEN_TIPOLISTA,8,NOMBCORT,VARCHAR2,10,,,Y
SYSTEM,VEN_TIPOPLAN,1,TIPOPLAN,VARCHAR2,10,,,N
SYSTEM,VEN_TIPOPLAN,2,DESCRIPC,VARCHAR2,500,,,N
SYSTEM,VEN_TIPOPLAN,3,VIGENTE,VARCHAR2,1,,,N
SYSTEM,VEN_TIPOPLAN,4,FECHACTU,DATE,7,,,Y
SYSTEM,VEN_TIPOPLAN,5,FECHCREA,DATE,7,,,Y
SYSTEM,VEN_TIPOPLAN,6,USUACREA,VARCHAR2,20,,,Y
SYSTEM,VEN_TIPOPLAN,7,USUACTUA,VARCHAR2,20,,,Y
SYSTEM,VEN_TIPOPLAN,8,NUMBER1,NUMBER,22,,,Y
SYSTEM,VEN_TIPOPLAN,9,NUMBER2,NUMBER,22,,,Y
SYSTEM,VEN_TIPOPLAN,10,NUMBER3,NUMBER,22,,,Y
SYSTEM,VEN_TIPOPLAN,11,NUMBER4,NUMBER,22,,,Y
SYSTEM,VEN_TIPOPLAN,12,NUMBER5,NUMBER,22,,,Y
SYSTEM,VEN_TIPOPLAN,13,VCHAR1,VARCHAR2,500,,,Y
SYSTEM,VEN_TIPOPLAN,14,VCHAR2,VARCHAR2,500,,,Y
SYSTEM,VEN_TIPOPLAN,15,VCHAR3,VARCHAR2,500,,,Y
SYSTEM,VEN_TIPOPLAN,16,VCHAR4,VARCHAR2,500,,,Y
SYSTEM,VEN_TIPOPLAN,17,VCHAR5,VARCHAR2,500,,,Y
SYSTEM,VEN_TMPRETDETA,1,TRDT_ID,NUMBER,22,10,0,N
SYSTEM,VEN_TMPRETDETA,2,CODTIPRETESRI,VARCHAR2,10,,,Y
SYSTEM,VEN_TMPRETDETA,3,CODIRETESRI,VARCHAR2,10,,,Y
SYSTEM,VEN_TMPRETDETA,4,BASERETE,NUMBER,22,20,6,Y
SYSTEM,VEN_TMPRETDETA,5,TASARETE,NUMBER,22,7,4,Y
SYSTEM,VEN_TMPRETDETA,6,VALORETE,NUMBER,22,20,6,Y
SYSTEM,VEN_TMPRETDETA,7,DESCRIPC,VARCHAR2,500,,,Y
SYSTEM,VEN_TMPRETDETA,8,REFER,VARCHAR2,30,,,Y
SYSTEM,VEN_TMPRETDETA,9,USUACREA,VARCHAR2,20,,,N
SYSTEM,VEN_TMPRETDETA,10,FECHCREA,DATE,7,,,N
SYSTEM,VEN_TMPRETDETA,11,USUACTUA,VARCHAR2,20,,,Y
SYSTEM,VEN_TMPRETDETA,12,FECHACTU,DATE,7,,,Y
SYSTEM,VEN_TMPRETDETA,13,TMRT_CEDURUCCL,VARCHAR2,50,,,N
SYSTEM,VEN_TMPRETDETA,14,TMRT_SERIE,VARCHAR2,10,,,N
SYSTEM,VEN_TMPRETDETA,15,TMRT_NUMERO,NUMBER,22,10,0,N
SYSTEM,VEN_TMPRETDETA,16,TRET_TIPORETE,VARCHAR2,10,,,Y
SYSTEM,VEN_TMPRETENC,1,CEDURUCCL,VARCHAR2,50,,,N
SYSTEM,VEN_TMPRETENC,2,NOMBRECLT,VARCHAR2,500,,,N
SYSTEM,VEN_TMPRETENC,3,SERIE,VARCHAR2,10,,,N
SYSTEM,VEN_TMPRETENC,4,NUMERO,NUMBER,22,10,0,N
SYSTEM,VEN_TMPRETENC,5,FECHEMIS,DATE,7,,,N
SYSTEM,VEN_TMPRETENC,6,DESCRIPC,VARCHAR2,1000,,,Y
SYSTEM,VEN_TMPRETENC,7,CODDOCSUSTENTO,VARCHAR2,10,,,Y
SYSTEM,VEN_TMPRETENC,8,SERIEDOCSUSTE,VARCHAR2,6,,,Y
SYSTEM,VEN_TMPRETENC,9,NUMEDOCSUSTE,NUMBER,22,10,0,Y
SYSTEM,VEN_TMPRETENC,10,CLAVACCESRI,VARCHAR2,200,,,Y
SYSTEM,VEN_TMPRETENC,11,ESTDAUTOSRI,VARCHAR2,20,,,Y
SYSTEM,VEN_TMPRETENC,12,FECHAUTOSRI,DATE,7,,,Y
SYSTEM,VEN_TMPRETENC,13,NUMEAUTOSRI,VARCHAR2,200,,,Y
SYSTEM,VEN_TMPRETENC,14,FECHCREA,DATE,7,,,N
SYSTEM,VEN_TMPRETENC,15,USUACREA,VARCHAR2,20,,,N
SYSTEM,VEN_TMPRETENC,16,FECHACTU,DATE,7,,,Y
SYSTEM,VEN_TMPRETENC,17,USUACTUA,VARCHAR2,20,,,Y
SYSTEM,VEN_TMPRETENC,18,CLTE_COMPANIA,VARCHAR2,10,,,Y
SYSTEM,VEN_TMPRETENC,19,CLTE_IDCLIENTE,NUMBER,22,10,0,Y
SYSTEM,VEN_TMPRETENC,20,EGEN_ESTADO,VARCHAR2,2,,,N
SYSTEM,VEN_TMPRETENC,21,VNTA_TIPOCOMP,VARCHAR2,10,,,Y
SYSTEM,VEN_TMPRETENC,22,VNTA_NUMERO,NUMBER,22,10,0,Y
SYSTEM,VEN_TMPRETENC,23,VNTA_COMPANIA,VARCHAR2,10,,,Y
SYSTEM,VEN_TMPRETENC,24,VNTA_OFICINA,VARCHAR2,3,,,Y
SYSTEM,VEN_TMPRETENC,25,VNTA_SERIE,VARCHAR2,6,,,Y
SYSTEM,VEN_TMPRETENC,26,TIPO,VARCHAR2,10,,,Y
SYSTEM,VEN_TMPRETENC,27,VALODEPO,NUMBER,22,16,2,Y
SYSTEM,VEN_VENDCOBR,1,RHHS_CEDURUC,VARCHAR2,13,,,N
SYSTEM,VEN_VENDCOBR,2,OFCN_COMPANIA,VARCHAR2,10,,,N
SYSTEM,VEN_VENDCOBR,3,OFCN_OFICINA,VARCHAR2,3,,,N
SYSTEM,VEN_VENDCOBR,4,CODIGO,VARCHAR2,10,,,N
SYSTEM,VEN_VENDCOBR,5,TPFU_TIPOFUNC,VARCHAR2,3,,,N
SYSTEM,VEN_VENDCOBR,6,ACTIVO,VARCHAR2,1,,,N
SYSTEM,VEN_VENDCOBR,7,FECHINGR,DATE,7,,,N
SYSTEM,VEN_VENDCOBR,8,FECHCREA,DATE,7,,,N
SYSTEM,VEN_VENDCOBR,9,USUACREA,VARCHAR2,20,,,N
SYSTEM,VEN_VENDCOBR,10,VALOCOMI,NUMBER,22,16,2,Y
SYSTEM,VEN_VENDCOBR,11,PRESUCOB,NUMBER,22,16,2,Y
SYSTEM,VEN_VENDCOBR,12,PRESUVEN,NUMBER,22,16,2,Y
SYSTEM,VEN_VENDCOBR,13,FECHSALI,DATE,7,,,Y
SYSTEM,VEN_VENDCOBR,14,FECHACTU,DATE,7,,,Y
SYSTEM,VEN_VENDCOBR,15,USUACTUA,VARCHAR2,20,,,Y
SYSTEM,VEN_VENDCOBR,16,PRINCIPAL,VARCHAR2,1,,,N
SYSTEM,VEN_VENDCOBR,17,PASSWORD,VARCHAR2,10,,,Y
SYSTEM,VEN_VENDCOBR,18,VNDR_PRINCIPAL,VARCHAR2,1,,,N
SYSTEM,VEN_VENDCOBR,19,ALIAS,VARCHAR2,150,,,Y
SYSTEM,VEN_VENDCOBR,20,ZONA,VARCHAR2,500,,,Y
SYSTEM,VEN_VENDCOBR,21,VCHAR1,VARCHAR2,500,,,Y
SYSTEM,VEN_VENDCOBR,22,VCHAR2,VARCHAR2,500,,,Y
SYSTEM,VEN_VENDCOBR,23,VCHAR3,VARCHAR2,500,,,Y
SYSTEM,VEN_VENDCOBR,24,VCHAR4,VARCHAR2,500,,,Y
SYSTEM,VEN_VENDCOBR,25,VCHAR5,VARCHAR2,500,,,Y
SYSTEM,VEN_VENDCOBR,26,NUMBER1,NUMBER,22,,,Y
SYSTEM,VEN_VENDCOBR,27,NUMBER2,NUMBER,22,,,Y
SYSTEM,VEN_VENDCOBR,28,NUMBER3,NUMBER,22,,,Y
SYSTEM,VEN_VENDCOBR,29,NUMBER4,NUMBER,22,,,Y
SYSTEM,VEN_VENDCOBR,30,NUMBER5,NUMBER,22,,,Y
SYSTEM,VEN_VENTAS,1,OFCN_COMPANIA,VARCHAR2,10,,,N
SYSTEM,VEN_VENTAS,2,DESCUENTO,NUMBER,22,8,2,Y
SYSTEM,VEN_VENTAS,3,IMPRESO,VARCHAR2,1,,,N
SYSTEM,VEN_VENTAS,4,ESPECIAL,VARCHAR2,1,,,N
SYSTEM,VEN_VENTAS,5,FECHDESP,DATE,7,,,Y
SYSTEM,VEN_VENTAS,6,DESPACHO,VARCHAR2,1,,,N
SYSTEM,VEN_VENTAS,7,OFCN_OFICINA,VARCHAR2,3,,,N
SYSTEM,VEN_VENTAS,8,SERIE,VARCHAR2,6,,,N
SYSTEM,VEN_VENTAS,9,NUMERO,NUMBER,22,10,0,N
SYSTEM,VEN_VENTAS,10,FECHA,DATE,7,,,N
SYSTEM,VEN_VENTAS,11,TASAIVA,NUMBER,22,7,4,N
SYSTEM,VEN_VENTAS,12,TASAICE,NUMBER,22,7,4,Y
SYSTEM,VEN_VENTAS,13,BASEIVA0,NUMBER,22,16,2,N
SYSTEM,VEN_VENTAS,14,REFER,VARCHAR2,30,,,Y
SYSTEM,VEN_VENTAS,15,OBS,VARCHAR2,1000,,,Y
SYSTEM,VEN_VENTAS,16,FECHVALI,DATE,7,,,Y
SYSTEM,VEN_VENTAS,17,ANEXO,VARCHAR2,1,,,N
SYSTEM,VEN_VENTAS,18,FECHVCTO,DATE,7,,,Y
SYSTEM,VEN_VENTAS,19,FECHCANC,DATE,7,,,Y
SYSTEM,VEN_VENTAS,20,IMPSERVI,VARCHAR2,1,,,N
SYSTEM,VEN_VENTAS,21,VALIMPSERVI,NUMBER,22,16,2,Y
SYSTEM,VEN_VENTAS,22,BASEIVA,NUMBER,22,16,2,N
SYSTEM,VEN_VENTAS,23,TOTAL,NUMBER,22,16,2,Y
SYSTEM,VEN_VENTAS,24,NUMEAUTO,VARCHAR2,15,,,Y
SYSTEM,VEN_VENTAS,25,EGEN_ESTADO,VARCHAR2,2,,,N
SYSTEM,VEN_VENTAS,26,FRPG_FORMPAGO,VARCHAR2,2,,,N
SYSTEM,VEN_VENTAS,27,GRPS_COMPANIA,VARCHAR2,10,,,N
SYSTEM,VEN_VENTAS,28,GRPS_IDCLIENTE,NUMBER,22,10,0,N
SYSTEM,VEN_VENTAS,29,GRPS_LSPR_ID,NUMBER,22,10,0,N
SYSTEM,VEN_VENTAS,30,VNDR_COMPANIA,VARCHAR2,10,,,N
SYSTEM,VEN_VENTAS,31,VNDR_OFICINA,VARCHAR2,3,,,N
SYSTEM,VEN_VENTAS,32,VNDR_CODIGO,VARCHAR2,10,,,N
SYSTEM,VEN_VENTAS,33,INCN_COMPANIA,VARCHAR2,10,,,Y
SYSTEM,VEN_VENTAS,34,INCN_PRODUCTO,VARCHAR2,3,,,Y
SYSTEM,VEN_VENTAS,35,INCN_TIPODOCU,VARCHAR2,2,,,Y
SYSTEM,VEN_VENTAS,36,INCN_CODITRAN,VARCHAR2,10,,,Y
SYSTEM,VEN_VENTAS,37,MONE_MONEDA,VARCHAR2,5,,,N
SYSTEM,VEN_VENTAS,38,PRPG_CODIPERI,VARCHAR2,2,,,N
SYSTEM,VEN_VENTAS,39,SCTR_SECUTRAN,VARCHAR2,2,,,N
SYSTEM,VEN_VENTAS,40,TPCM_TIPOCOMP,VARCHAR2,10,,,N
SYSTEM,VEN_VENTAS,41,PRFM_PRFM_ID,NUMBER,22,10,0,Y
SYSTEM,VEN_VENTAS,42,ASTO_COMPANIA,VARCHAR2,10,,,Y
SYSTEM,VEN_VENTAS,43,ASTO_NUMEDIAR,NUMBER,22,10,0,Y
SYSTEM,VEN_VENTAS,44,VNTA_COMPANIA,VARCHAR2,10,,,Y
SYSTEM,VEN_VENTAS,45,VNTA_OFICINA,VARCHAR2,3,,,Y
SYSTEM,VEN_VENTAS,46,VNTA_NUMERO,NUMBER,22,10,0,Y
SYSTEM,VEN_VENTAS,47,VNTA_SERIE,VARCHAR2,6,,,Y
SYSTEM,VEN_VENTAS,48,FECHCREA,DATE,7,,,N
SYSTEM,VEN_VENTAS,49,USUACREA,VARCHAR2,20,,,N
SYSTEM,VEN_VENTAS,50,FECHACTU,DATE,7,,,Y
SYSTEM,VEN_VENTAS,51,USUACTUA,VARCHAR2,20,,,Y
SYSTEM,VEN_VENTAS,52,FECHPROC,DATE,7,,,Y
SYSTEM,VEN_VENTAS,53,VALDESC,NUMBER,22,16,6,N
SYSTEM,VEN_VENTAS,54,VNTA_TIPOCOMP,VARCHAR2,2,,,Y
SYSTEM,VEN_VENTAS,55,FLETE,VARCHAR2,1,,,N
SYSTEM,VEN_VENTAS,56,ORTB_COMPANIA,VARCHAR2,10,,,Y
SYSTEM,VEN_VENTAS,57,ORTB_OFICINA,VARCHAR2,3,,,Y
SYSTEM,VEN_VENTAS,58,ORTB_ORDEN,NUMBER,22,10,0,Y
SYSTEM,VEN_VENTAS,59,SECUCLIE,NUMBER,22,10,0,Y
SYSTEM,VEN_VENTAS,60,EMAIL,VARCHAR2,1,,,Y
SYSTEM,VEN_VENTAS,61,FENVIO,DATE,7,,,Y
SYSTEM,VEN_VENTAS,62,FECHFUTU,DATE,7,,,Y
SYSTEM,VEN_VENTAS,63,DIDE_DIDE_ID,NUMBER,22,10,0,Y
SYSTEM,VEN_VENTAS,64,TPAG_CODIGO,VARCHAR2,10,,,Y
SYSTEM,VEN_VENTAS,65,NUMEAUTOSRI,VARCHAR2,200,,,Y
SYSTEM,VEN_VENTAS,66,CLAVACCESRI,VARCHAR2,200,,,Y
SYSTEM,VEN_VENTAS,67,FECHAUTOSRI,VARCHAR2,40,,,Y
SYSTEM,VEN_VENTAS,68,ESTDAUTOSRI,VARCHAR2,20,,,Y
SYSTEM,VEN_VENTAS,69,NUMBER1,NUMBER,22,,,Y
SYSTEM,VEN_VENTAS,70,NUMBER2,NUMBER,22,,,Y
SYSTEM,VEN_VENTAS,71,NUMBER3,NUMBER,22,,,Y
SYSTEM,VEN_VENTAS,72,NUMBER4,NUMBER,22,,,Y
SYSTEM,VEN_VENTAS,73,NUMBER5,NUMBER,22,,,Y
SYSTEM,VEN_VENTAS,74,VCHAR1,VARCHAR2,500,,,Y
SYSTEM,VEN_VENTAS,75,VCHAR2,VARCHAR2,500,,,Y
SYSTEM,VEN_VENTAS,76,VCHAR3,VARCHAR2,500,,,Y
SYSTEM,VEN_VENTAS,77,VCHAR4,VARCHAR2,500,,,Y
SYSTEM,VEN_VENTAS,78,VCHAR5,VARCHAR2,500,,,Y
SYSTEM,VEN_VENTAS,79,ORTR_ORTR_ID,NUMBER,22,10,0,Y
SYSTEM,VEN_VENTAS,80,VALOCOMP,NUMBER,22,16,2,Y
SYSTEM,VEN_VENTAS,81,BASEICE,NUMBER,22,16,2,Y
SYSTEM,VEN_VENTAS,82,VALORICE,NUMBER,22,16,2,Y
SYSTEM,VEN_VENTAS,83,LTPR_CODIGO,VARCHAR2,10,,,Y
SYSTEM,VEN_VENTAS,84,UNNE_CODIGO,VARCHAR2,20,,,Y
SYSTEM,VEN_VENTAS,85,ENTRPARC,VARCHAR2,1,,,N
SYSTEM,VEN_VENTAS,86,NUMEDIARAN,NUMBER,22,10,0,Y
SYSTEM,VEN_VENTAS,87,NUMEDIARPR,NUMBER,22,10,0,Y
SYSTEM,VEN_VENTAS,88,VALORIVA,NUMBER,22,18,2,Y
SYSTEM,VEN_VENTAS,89,BASENOIVA,NUMBER,22,16,2,N
SYSTEM,VEN_VENTAS,90,BASEEXIVA,NUMBER,22,16,2,N
SYSTEM,VEN_VENTAS,91,IRBPNR,NUMBER,22,16,2,Y
SYSTEM,VEN_VENTAS,92,NUMECONT,VARCHAR2,50,,,Y
SYSTEM,VEN_VENTPERD,1,OFCN_COMPANIA,VARCHAR2,10,,,N
SYSTEM,VEN_VENTPERD,2,OFCN_OFICINA,VARCHAR2,3,,,N
SYSTEM,VEN_VENTPERD,3,VNPD_ID,NUMBER,22,10,0,N
SYSTEM,VEN_VENTPERD,4,CANTIDAD,NUMBER,22,16,6,N
SYSTEM,VEN_VENTPERD,5,FECHA,DATE,7,,,N
SYSTEM,VEN_VENTPERD,6,ARTL_NUEVO,VARCHAR2,80,,,Y
SYSTEM,VEN_VENTPERD,7,DESCRIP,VARCHAR2,200,,,Y
SYSTEM,VEN_VENTPERD,8,USUACREA,VARCHAR2,20,,,N
SYSTEM,VEN_VENTPERD,9,FECHCREA,DATE,7,,,N
SYSTEM,VEN_VENTPERD,10,USUACTUA,VARCHAR2,20,,,Y
SYSTEM,VEN_VENTPERD,11,FECHACTU,DATE,7,,,Y
SYSTEM,VEN_VENTPERD,12,ARTL_COMPANIA,VARCHAR2,10,,,Y
SYSTEM,VEN_VENTPERD,13,ARTL_CODIGRUP,VARCHAR2,20,,,Y
SYSTEM,VEN_VENTPERD,14,ARTL_CLASE,VARCHAR2,20,,,Y
SYSTEM,VEN_VENTPERD,15,ARTL_ARTICULO,VARCHAR2,30,,,Y
SYSTEM,VEN_VENTPERD,16,VNTA_SERIE,VARCHAR2,6,,,Y
SYSTEM,VEN_VENTPERD,17,VNTA_OFICINA,VARCHAR2,3,,,Y
SYSTEM,VEN_VENTPERD,18,VNTA_COMPANIA,VARCHAR2,10,,,Y
SYSTEM,VEN_VENTPERD,19,VNTA_TIPOCOMP,VARCHAR2,2,,,Y
SYSTEM,VEN_VENTPERD,20,VNTA_NUMERO,NUMBER,22,10,0,Y
SYSTEM,VEN_ZONAS,1,CODIZONA,VARCHAR2,10,,,N
SYSTEM,VEN_ZONAS,2,CMPN_COMPANIA,VARCHAR2,10,,,N
SYSTEM,VEN_ZONAS,3,DESCRIPC,VARCHAR2,40,,,N
SYSTEM,VEN_ZONAS,4,FECHCREA,DATE,7,,,N
SYSTEM,VEN_ZONAS,5,USUACREA,VARCHAR2,20,,,N
SYSTEM,VEN_ZONAS,6,FECHACTU,DATE,7,,,Y
SYSTEM,VEN_ZONAS,7,USUACTUA,VARCHAR2,20,,,Y
SYSTEM,VEN_ZONAS,8,RECARGO,NUMBER,22,6,2,Y
SYSTEM,VEN_ZONAS,9,ZONA_CODIZONA,VARCHAR2,10,,,Y
SYSTEM,VW_AFJ_ACTIVOFIJO,1,PKCODIGO,UNDEFINED,0,,,Y
SYSTEM,VW_AFJ_ACTIVOFIJO,2,PKCOMPANIACLASE,UNDEFINED,0,,,Y
SYSTEM,VW_AFJ_ACTIVOFIJO,3,PKCLASE,UNDEFINED,0,,,Y
SYSTEM,VW_AFJ_ACTIVOFIJO,4,NOMBREACTIVO,UNDEFINED,0,,,Y
SYSTEM,VW_AFJ_ACTIVOFIJO,5,VIDAUTIL,UNDEFINED,0,,,Y
SYSTEM,VW_AFJ_ACTIVOFIJO,6,IDACTIVOFIJO,UNDEFINED,0,,,Y
SYSTEM,VW_AFJ_ACTIVOFIJO,7,IDCLASE,UNDEFINED,0,,,Y
SYSTEM,VW_AFJ_ACTIVOFIJO,8,IDOFICINA,UNDEFINED,0,,,Y
SYSTEM,VW_AFJ_ACTIVOFIJO,9,FKOFICINANOMBRECORTO,UNDEFINED,0,,,Y
SYSTEM,VW_AFJ_ACTIVOFIJO,10,FKCODIGOOFICINA,UNDEFINED,0,,,Y
SYSTEM,VW_AFJ_ACTIVOFIJO,11,FKCOMPANIAOFICINA,UNDEFINED,0,,,Y
SYSTEM,VW_AFJ_ACTIVOFIJO,12,FECHAFINAL,UNDEFINED,0,,,Y
SYSTEM,VW_AFJ_ACTIVOFIJO,13,FECHAFINALCOMPLETA,UNDEFINED,0,,,Y
SYSTEM,VW_AFJ_ACTIVOFIJO,14,FECHACOMPRA,UNDEFINED,0,,,Y
SYSTEM,VW_AFJ_ACTIVOFIJO,15,FECHACOMPRACOMPLETA,UNDEFINED,0,,,Y
SYSTEM,VW_AFJ_ACTIVOFIJO,16,FECHADEPRESIACION,UNDEFINED,0,,,Y
SYSTEM,VW_AFJ_ACTIVOFIJO,17,FECHADEPRESIACIONCOMPLETA,UNDEFINED,0,,,Y
SYSTEM,VW_AFJ_ACTIVOFIJO,18,FECHAFINDEPRESIACION,UNDEFINED,0,,,Y
SYSTEM,VW_AFJ_ACTIVOFIJO,19,FECHAFINDEPRESIACIONCOMPLETA,UNDEFINED,0,,,Y
SYSTEM,VW_AFJ_ACTIVOFIJO,20,FECHADEPRESIACIONNIIF,UNDEFINED,0,,,Y
SYSTEM,VW_AFJ_ACTIVOFIJO,21,FECHADEPRESIACIONNIIFCOMPLETA,UNDEFINED,0,,,Y
SYSTEM,VW_AFJ_ACTIVOFIJO,22,FECHAFINDEPRESIACIONNIIF,UNDEFINED,0,,,Y
SYSTEM,VW_AFJ_ACTIVOFIJO,23,FFINDEPRESIACIONNIIFCOMPLETA,UNDEFINED,0,,,Y
SYSTEM,VW_AFJ_ACTIVOFIJO,24,FECHAFINALNIIF,UNDEFINED,0,,,Y
SYSTEM,VW_AFJ_ACTIVOFIJO,25,FECHAFINALNIIFCOMPLETA,UNDEFINED,0,,,Y
SYSTEM,VW_AFJ_ACTIVOFIJO,26,FECHAAZONIIF,UNDEFINED,0,,,Y
SYSTEM,VW_AFJ_ACTIVOFIJO,27,FECHAAZONIIFCOMPLETA,UNDEFINED,0,,,Y
SYSTEM,VW_AFJ_ACTIVOFIJO,28,VALORRESIDUALNIIF,UNDEFINED,0,,,Y
SYSTEM,VW_AFJ_ACTIVOFIJO,29,VALORREPOSICIONNIFF,UNDEFINED,0,,,Y
SYSTEM,VW_AFJ_ACTIVOFIJO,30,VALORAZONIIF,UNDEFINED,0,,,Y
SYSTEM,VW_AFJ_ACTIVOFIJO,31,VALORDEPRESIACIONNIIF,UNDEFINED,0,,,Y
SYSTEM,VW_AFJ_ACTIVOFIJO,32,FKESTADONIIF,UNDEFINED,0,,,Y
SYSTEM,VW_AFJ_ACTIVOFIJO,33,IDESTADONIIF,UNDEFINED,0,,,Y
SYSTEM,VW_AFJ_ACTIVOFIJO,34,ESTADONIIF,UNDEFINED,0,,,Y
SYSTEM,VW_AFJ_ACTIVOFIJO,35,VIDAUTIL_NIIF,UNDEFINED,0,,,Y
SYSTEM,VW_AFJ_ACTIVOFIJO,36,TIPO,UNDEFINED,0,,,Y
SYSTEM,VW_AFJ_ACTIVOFIJO,37,IVAINCLUIDO,UNDEFINED,0,,,Y
SYSTEM,VW_AFJ_ACTIVOFIJO,38,CLASE,UNDEFINED,0,,,Y
SYSTEM,VW_AFJ_ACTIVOFIJO,39,NUMEROPARTE,UNDEFINED,0,,,Y
SYSTEM,VW_AFJ_ACTIVOFIJO,40,NUMEROSERIE,UNDEFINED,0,,,Y
SYSTEM,VW_AFJ_ACTIVOFIJO,41,NUMEROUNICO,UNDEFINED,0,,,Y
SYSTEM,VW_AFJ_ACTIVOFIJO,42,NUMEROCOMPRA,UNDEFINED,0,,,Y
SYSTEM,VW_AFJ_ACTIVOFIJO,43,NUMEROLEASING,UNDEFINED,0,,,Y
SYSTEM,VW_AFJ_ACTIVOFIJO,44,VALORVENTA,UNDEFINED,0,,,Y
SYSTEM,VW_AFJ_ACTIVOFIJO,45,VALORRESIDUAL,UNDEFINED,0,,,Y
SYSTEM,VW_AFJ_ACTIVOFIJO,46,VALORLEASING,UNDEFINED,0,,,Y
SYSTEM,VW_AFJ_ACTIVOFIJO,47,VALORCOMERCIAL,UNDEFINED,0,,,Y
SYSTEM,VW_AFJ_ACTIVOFIJO,48,VALORDEPRESIACIONNEC,UNDEFINED,0,,,Y
SYSTEM,VW_AFJ_ACTIVOFIJO,49,VALORREPOSICION,UNDEFINED,0,,,Y
SYSTEM,VW_AFJ_ACTIVOFIJO,50,VALORBIEN,UNDEFINED,0,,,Y
SYSTEM,VW_AFJ_ACTIVOFIJO,51,REFERENCIAS,UNDEFINED,0,,,Y
SYSTEM,VW_AFJ_ACTIVOFIJO,52,REFERENCIAADICIONAL,UNDEFINED,0,,,Y
SYSTEM,VW_AFJ_ACTIVOFIJO,53,OBSERVACIONES,UNDEFINED,0,,,Y
SYSTEM,VW_AFJ_ACTIVOFIJO,54,DESCRIPCION,UNDEFINED,0,,,Y
SYSTEM,VW_AFJ_ACTIVOFIJO,55,ANIO,UNDEFINED,0,,,Y
SYSTEM,VW_AFJ_ACTIVOFIJO,56,PLACA,UNDEFINED,0,,,Y
SYSTEM,VW_AFJ_ACTIVOFIJO,57,CHASIS,UNDEFINED,0,,,Y
SYSTEM,VW_AFJ_ACTIVOFIJO,58,COLOR,UNDEFINED,0,,,Y
SYSTEM,VW_AFJ_ACTIVOFIJO,59,CILINDRAJE,UNDEFINED,0,,,Y
SYSTEM,VW_AFJ_ACTIVOFIJO,60,ENSAMBLA,UNDEFINED,0,,,Y
SYSTEM,VW_AFJ_ACTIVOFIJO,61,MOTOR,UNDEFINED,0,,,Y
SYSTEM,VW_AFJ_ACTIVOFIJO,62,MARCA,UNDEFINED,0,,,Y
SYSTEM,VW_AFJ_ACTIVOFIJO,63,MODELO,UNDEFINED,0,,,Y
SYSTEM,VW_AFJ_ACTIVOFIJO,64,FKCODIGOACTIVO,UNDEFINED,0,,,Y
SYSTEM,VW_AFJ_ACTIVOFIJO,65,FKCLASEACTIVO,UNDEFINED,0,,,Y
SYSTEM,VW_AFJ_ACTIVOFIJO,66,FKCOMPANIACLASE,UNDEFINED,0,,,Y
SYSTEM,VW_AFJ_ACTIVOFIJO,67,AFGR_AFJGRUPO,UNDEFINED,0,,,Y
SYSTEM,VW_AFJ_ACTIVOFIJO,68,DTBS_DTBS_ID,UNDEFINED,0,,,Y
SYSTEM,VW_AFJ_ACTIVOFIJO,69,FKESTADOAFJ,UNDEFINED,0,,,Y
SYSTEM,VW_AFJ_ACTIVOFIJO,70,IDESTADOAFJ,UNDEFINED,0,,,Y
SYSTEM,VW_AFJ_ACTIVOFIJO,71,ESTADOAFJ,UNDEFINED,0,,,Y
SYSTEM,VW_AFJ_ACTIVOFIJO,72,FKEMPLEADO,UNDEFINED,0,,,Y
SYSTEM,VW_AFJ_ACTIVOFIJO,73,IDEMPLEADO,UNDEFINED,0,,,Y
SYSTEM,VW_AFJ_ACTIVOFIJO,74,EMPLEADO,UNDEFINED,0,,,Y
SYSTEM,VW_AFJ_ACTIVOFIJO,75,FKVENTACOMPANIA,UNDEFINED,0,,,Y
SYSTEM,VW_AFJ_ACTIVOFIJO,76,FKVENTANUMERO,UNDEFINED,0,,,Y
SYSTEM,VW_AFJ_ACTIVOFIJO,77,FKVENTAOFICINA,UNDEFINED,0,,,Y
SYSTEM,VW_AFJ_ACTIVOFIJO,78,FKVENTASERIE,UNDEFINED,0,,,Y
SYSTEM,VW_AFJ_ACTIVOFIJO,79,FKVENTATIPODOCU,UNDEFINED,0,,,Y
SYSTEM,VW_AFJ_ACTIVOFIJO,80,FKBIENESSERVICIOSID,UNDEFINED,0,,,Y
SYSTEM,VW_AFJ_ACTIVOFIJO,81,FKCOMPRACOMPANIA,UNDEFINED,0,,,Y
SYSTEM,VW_AFJ_ACTIVOFIJO,82,FKCOMPRAPROVEEDOR,UNDEFINED,0,,,Y
SYSTEM,VW_AFJ_ACTIVOFIJO,83,FKCOMPRASERIE,UNDEFINED,0,,,Y
SYSTEM,VW_AFJ_ACTIVOFIJO,84,FKCOMPRANUMERO,UNDEFINED,0,,,Y
SYSTEM,VW_AFJ_ACTIVOFIJO,85,FKCOMPRAALCANCE,UNDEFINED,0,,,Y
SYSTEM,VW_AFJ_ACTIVOFIJO,86,CONTABILIZA,UNDEFINED,0,,,Y
SYSTEM,VW_AFJ_ACTIVOFIJO,87,CODIGOALTERNO,UNDEFINED,0,,,Y
SYSTEM,VW_AFJ_ACTIVOFIJO,88,CODIGO1,UNDEFINED,0,,,Y
SYSTEM,VW_AFJ_ACTIVOFIJO,89,CODIGO2,UNDEFINED,0,,,Y
SYSTEM,VW_AFJ_ACTIVOFIJO,90,INCREMENTO,UNDEFINED,0,,,Y
SYSTEM,VW_AFJ_ACTIVOFIJO,91,DECREMENTO,UNDEFINED,0,,,Y
SYSTEM,VW_AFJ_ACTIVOFIJO,92,VIDAREMA,UNDEFINED,0,,,Y
SYSTEM,VW_AFJ_ACTIVOFIJO,93,DEPRECIACIONNEC,UNDEFINED,0,,,Y
SYSTEM,VW_AFJ_ACTIVOFIJO,94,CREACION,UNDEFINED,0,,,Y
SYSTEM,VW_AFJ_ACTIVOFIJO,95,MODIFICACION,UNDEFINED,0,,,Y
SYSTEM,VW_AFJ_CABECERA_AMORTIZACION,1,PKAMORTIZACIONID,UNDEFINED,0,,,Y
SYSTEM,VW_AFJ_CABECERA_AMORTIZACION,2,FKOFICINA,UNDEFINED,0,,,Y
SYSTEM,VW_AFJ_CABECERA_AMORTIZACION,3,NOMBREOFICINA,UNDEFINED,0,,,Y
SYSTEM,VW_AFJ_CABECERA_AMORTIZACION,4,FECHA,UNDEFINED,0,,,Y
SYSTEM,VW_AFJ_CABECERA_AMORTIZACION,5,FECHACOMPLETA,UNDEFINED,0,,,Y
SYSTEM,VW_AFJ_CABECERA_AMORTIZACION,6,VALORDEPRESIACION,UNDEFINED,0,,,Y
SYSTEM,VW_AFJ_CABECERA_AMORTIZACION,7,FKESTADO,UNDEFINED,0,,,Y
SYSTEM,VW_AFJ_CABECERA_AMORTIZACION,8,IDESTADO,UNDEFINED,0,,,Y
SYSTEM,VW_AFJ_CABECERA_AMORTIZACION,9,ESTADO,UNDEFINED,0,,,Y
SYSTEM,VW_AFJ_CABECERA_AMORTIZACION,10,IDDIARIO,UNDEFINED,0,,,Y
SYSTEM,VW_AFJ_CABECERA_AMORTIZACION,11,FKASIENTOCOMPANIA,UNDEFINED,0,,,Y
SYSTEM,VW_AFJ_CABECERA_AMORTIZACION,12,INTEGRACION,UNDEFINED,0,,,Y
SYSTEM,VW_AFJ_CABECERA_AMORTIZACION,13,FKACTBIOLOGCODIGO,UNDEFINED,0,,,Y
SYSTEM,VW_AFJ_CABECERA_AMORTIZACION,14,CREACION,UNDEFINED,0,,,Y
SYSTEM,VW_AFJ_CABECERA_AMORTIZACION,15,MODIFICACION,UNDEFINED,0,,,Y
SYSTEM,VW_AFJ_CABECERA_MEMORANDO,1,PKMEMORANDO,UNDEFINED,0,,,Y
SYSTEM,VW_AFJ_CABECERA_MEMORANDO,2,IDEMPLEADOORIGEN,UNDEFINED,0,,,Y
SYSTEM,VW_AFJ_CABECERA_MEMORANDO,3,EMPLEADOORIGEN,UNDEFINED,0,,,Y
SYSTEM,VW_AFJ_CABECERA_MEMORANDO,4,IDOFICINAORIGEN,UNDEFINED,0,,,Y
SYSTEM,VW_AFJ_CABECERA_MEMORANDO,5,OFICINAORIGEN,UNDEFINED,0,,,Y
SYSTEM,VW_AFJ_CABECERA_MEMORANDO,6,IDDEPARTAMENTOORIGEN,UNDEFINED,0,,,Y
SYSTEM,VW_AFJ_CABECERA_MEMORANDO,7,DEPARTAMENTOORIGEN,UNDEFINED,0,,,Y
SYSTEM,VW_AFJ_CABECERA_MEMORANDO,8,FKDEPARTAMENTOORIGEN,UNDEFINED,0,,,Y
SYSTEM,VW_AFJ_CABECERA_MEMORANDO,9,IDEMPLEADODESTINO,UNDEFINED,0,,,Y
SYSTEM,VW_AFJ_CABECERA_MEMORANDO,10,EMPLEADODESTINO,UNDEFINED,0,,,Y
SYSTEM,VW_AFJ_CABECERA_MEMORANDO,11,IDOFICINADESTINO,UNDEFINED,0,,,Y
SYSTEM,VW_AFJ_CABECERA_MEMORANDO,12,OFICINADESTINO,UNDEFINED,0,,,Y
SYSTEM,VW_AFJ_CABECERA_MEMORANDO,13,IDDEPARTAMENTODESTINO,UNDEFINED,0,,,Y
SYSTEM,VW_AFJ_CABECERA_MEMORANDO,14,DEPARTAMENTODESTINO,UNDEFINED,0,,,Y
SYSTEM,VW_AFJ_CABECERA_MEMORANDO,15,FKDEPARTAMENTODESTINO,UNDEFINED,0,,,Y
SYSTEM,VW_AFJ_CABECERA_MEMORANDO,16,FKESTADO,UNDEFINED,0,,,Y
SYSTEM,VW_AFJ_CABECERA_MEMORANDO,17,IDESTADO,UNDEFINED,0,,,Y
SYSTEM,VW_AFJ_CABECERA_MEMORANDO,18,ESTADO,UNDEFINED,0,,,Y
SYSTEM,VW_AFJ_CABECERA_MEMORANDO,19,FECHA,UNDEFINED,0,,,Y
SYSTEM,VW_AFJ_CABECERA_MEMORANDO,20,FECHACOMPLETA,UNDEFINED,0,,,Y
SYSTEM,VW_AFJ_CABECERA_MEMORANDO,21,ASUNTO,UNDEFINED,0,,,Y
SYSTEM,VW_AFJ_CABECERA_MEMORANDO,22,OBSERVACIONES,UNDEFINED,0,,,Y
SYSTEM,VW_AFJ_CABECERA_MEMORANDO,23,FKTIPOTRANSACCION,UNDEFINED,0,,,Y
SYSTEM,VW_AFJ_CABECERA_MEMORANDO,24,IDTIPOTRANSACCION,UNDEFINED,0,,,Y
SYSTEM,VW_AFJ_CABECERA_MEMORANDO,25,TIPOTRANSACCION,UNDEFINED,0,,,Y
SYSTEM,VW_AFJ_CABECERA_MEMORANDO,26,CREACION,UNDEFINED,0,,,Y
SYSTEM,VW_AFJ_CABECERA_MEMORANDO,27,MODIFICACION,UNDEFINED,0,,,Y
SYSTEM,VW_AFJ_CABECERA_POLIZA,1,PKIDPOLIZA,NUMBER,22,10,0,N
SYSTEM,VW_AFJ_CABECERA_POLIZA,2,FKTIPOPOLIZA,VARCHAR2,20,,,N
SYSTEM,VW_AFJ_CABECERA_POLIZA,3,IDPOLIZA,VARCHAR2,88,,,Y
SYSTEM,VW_AFJ_CABECERA_POLIZA,4,POLIZA,VARCHAR2,60,,,Y
SYSTEM,VW_AFJ_CABECERA_POLIZA,5,NUMERO,VARCHAR2,20,,,N
SYSTEM,VW_AFJ_CABECERA_POLIZA,6,FECHAEMISION,DATE,7,,,Y
SYSTEM,VW_AFJ_CABECERA_POLIZA,7,FECHAEMISIONCOMPLETA,VARCHAR2,19,,,Y
SYSTEM,VW_AFJ_CABECERA_POLIZA,8,FECHAVENCIMIENTO,DATE,7,,,Y
SYSTEM,VW_AFJ_CABECERA_POLIZA,9,FECHAVENCIMIENTOCOMPLETA,VARCHAR2,19,,,Y
SYSTEM,VW_AFJ_CABECERA_POLIZA,10,VALORPOLIZA,NUMBER,22,15,2,N
SYSTEM,VW_AFJ_CABECERA_POLIZA,11,BROKER,VARCHAR2,80,,,Y
SYSTEM,VW_AFJ_CABECERA_POLIZA,12,DESCRIPCION,VARCHAR2,500,,,Y
SYSTEM,VW_AFJ_CABECERA_POLIZA,13,FKCOMPRACOMPANIA,VARCHAR2,10,,,Y
SYSTEM,VW_AFJ_CABECERA_POLIZA,14,FKCOMPRAPROVEEDOR,VARCHAR2,13,,,Y
SYSTEM,VW_AFJ_CABECERA_POLIZA,15,FKCOMPRASERIE,VARCHAR2,6,,,Y
SYSTEM,VW_AFJ_CABECERA_POLIZA,16,FKCOMPRANUMERO,NUMBER,22,10,0,Y
SYSTEM,VW_AFJ_CABECERA_POLIZA,17,FKCOMPRAALCANCE,NUMBER,22,1,0,Y
SYSTEM,VW_AFJ_CABECERA_POLIZA,18,FKIDASEGURADORA,NUMBER,22,10,0,N
SYSTEM,VW_AFJ_CABECERA_POLIZA,19,IDASEGURADORA,VARCHAR2,128,,,Y
SYSTEM,VW_AFJ_CABECERA_POLIZA,20,ASEGURADORA,VARCHAR2,80,,,Y
SYSTEM,VW_AFJ_CABECERA_POLIZA,21,FKESTADO,VARCHAR2,2,,,N
SYSTEM,VW_AFJ_CABECERA_POLIZA,22,IDESTADO,VARCHAR2,60,,,Y
SYSTEM,VW_AFJ_CABECERA_POLIZA,23,ESTADO,VARCHAR2,50,,,Y
SYSTEM,VW_AFJ_CABECERA_POLIZA,24,FKMONEDA,VARCHAR2,5,,,N
SYSTEM,VW_AFJ_CABECERA_POLIZA,25,IDMONEDA,VARCHAR2,73,,,Y
SYSTEM,VW_AFJ_CABECERA_POLIZA,26,MONEDA,VARCHAR2,60,,,Y
SYSTEM,VW_AFJ_CABECERA_POLIZA,27,CREACION,VARCHAR2,44,,,Y
SYSTEM,VW_AFJ_CABECERA_POLIZA,28,MODIFICACION,VARCHAR2,44,,,Y
SYSTEM,VW_AFJ_DEPRECIACION,1,PKID,UNDEFINED,0,,,Y
SYSTEM,VW_AFJ_DEPRECIACION,2,FECHA,UNDEFINED,0,,,Y
SYSTEM,VW_AFJ_DEPRECIACION,3,FKCOMPANIAACTIVO,UNDEFINED,0,,,Y
SYSTEM,VW_AFJ_DEPRECIACION,4,FKCLASEACTIVO,UNDEFINED,0,,,Y
SYSTEM,VW_AFJ_DEPRECIACION,5,FKCODIOACTIVO,UNDEFINED,0,,,Y
SYSTEM,VW_AFJ_DEPRECIACION,6,NOMBREACTIVO,UNDEFINED,0,,,Y
SYSTEM,VW_AFJ_DEPRECIACION,7,IDACTIVOFIJO,UNDEFINED,0,,,Y
SYSTEM,VW_AFJ_DEPRECIACION,8,IDOFICINA,UNDEFINED,0,,,Y
SYSTEM,VW_AFJ_DEPRECIACION,9,FKOFICINANOMBRECORTO,UNDEFINED,0,,,Y
SYSTEM,VW_AFJ_DEPRECIACION,10,FKCODIGOOFICINA,UNDEFINED,0,,,Y
SYSTEM,VW_AFJ_DEPRECIACION,11,FKCOMPANIAOFICINA,UNDEFINED,0,,,Y
SYSTEM,VW_AFJ_DEPRECIACION,12,IDESTADO,UNDEFINED,0,,,Y
SYSTEM,VW_AFJ_DEPRECIACION,13,FKESTADO,UNDEFINED,0,,,Y
SYSTEM,VW_AFJ_DEPRECIACION,14,ESTADO,UNDEFINED,0,,,Y
SYSTEM,VW_AFJ_DEPRECIACION,15,FKCOMPANIAASIENTO,UNDEFINED,0,,,Y
SYSTEM,VW_AFJ_DEPRECIACION,16,IDDIARIO,UNDEFINED,0,,,Y
SYSTEM,VW_AFJ_DEPRECIACION,17,INTEGRACION,UNDEFINED,0,,,Y
SYSTEM,VW_AFJ_DEPRECIACION,18,VALORDEPRECIACION,UNDEFINED,0,,,Y
SYSTEM,VW_AFJ_DEPRECIACION,19,IDEMPLEADO,UNDEFINED,0,,,Y
SYSTEM,VW_AFJ_DEPRECIACION,20,NOMBRERESPONSABLE,UNDEFINED,0,,,Y
SYSTEM,VW_AFJ_DEPRECIACION,21,NIIF,UNDEFINED,0,,,Y
SYSTEM,VW_AFJ_DEPRECIACION,22,CONTABILIZA,UNDEFINED,0,,,Y
SYSTEM,VW_AFJ_DEPRECIACION,23,VIDAUTIL,UNDEFINED,0,,,Y
SYSTEM,VW_AFJ_DEPRECIACION,24,DIAS,UNDEFINED,0,,,Y
SYSTEM,VW_AFJ_DEPRECIACION,25,DIASDEPRECIACION,UNDEFINED,0,,,Y
SYSTEM,VW_AFJ_DEPRECIACION,26,VALORBIEN,UNDEFINED,0,,,Y
SYSTEM,VW_AFJ_DEPRECIACION,27,VALORRESIDUAL,UNDEFINED,0,,,Y
SYSTEM,VW_AFJ_DEPRECIACION,28,FINIDEPRECIACION,UNDEFINED,0,,,Y
SYSTEM,VW_AFJ_DEPRECIACION,29,RHHS_CEDURUC,UNDEFINED,0,,,Y
SYSTEM,VW_AFJ_DEPRECIACION,30,CREACION,UNDEFINED,0,,,Y
SYSTEM,VW_AFJ_DEPRECIACION,31,MODIFICACION,UNDEFINED,0,,,Y
SYSTEM,VW_AFJ_DETALLE_MEMORANDO,1,PKDETALLEAFJ,UNDEFINED,0,,,Y
SYSTEM,VW_AFJ_DETALLE_MEMORANDO,2,OBSERVACIONES,UNDEFINED,0,,,Y
SYSTEM,VW_AFJ_DETALLE_MEMORANDO,3,IDDIARIO,UNDEFINED,0,,,Y
SYSTEM,VW_AFJ_DETALLE_MEMORANDO,4,FKASIENTOCOMPANIA,UNDEFINED,0,,,Y
SYSTEM,VW_AFJ_DETALLE_MEMORANDO,5,INTEGRACION,UNDEFINED,0,,,Y
SYSTEM,VW_AFJ_DETALLE_MEMORANDO,6,FKMEMORANDO,UNDEFINED,0,,,Y
SYSTEM,VW_AFJ_DETALLE_MEMORANDO,7,FKACTFIJOCLASE,UNDEFINED,0,,,Y
SYSTEM,VW_AFJ_DETALLE_MEMORANDO,8,FKACTFIJOCOMPANIA,UNDEFINED,0,,,Y
SYSTEM,VW_AFJ_DETALLE_MEMORANDO,9,FKACTFIJOCODIGO,UNDEFINED,0,,,Y
SYSTEM,VW_AFJ_DETALLE_MEMORANDO,10,IDACTIVOFIJO,UNDEFINED,0,,,Y
SYSTEM,VW_AFJ_DETALLE_MEMORANDO,11,NOMBREACTIVO,UNDEFINED,0,,,Y
SYSTEM,VW_AFJ_DETALLE_MEMORANDO,12,CREACION,UNDEFINED,0,,,Y
SYSTEM,VW_AFJ_DETALLE_MEMORANDO,13,MODIFICACION,UNDEFINED,0,,,Y
SYSTEM,VW_AFJ_DETALLE_POLIZA,1,PKIDCOBERTURA,UNDEFINED,0,,,Y
SYSTEM,VW_AFJ_DETALLE_POLIZA,2,FKIDPOLIZA,UNDEFINED,0,,,Y
SYSTEM,VW_AFJ_DETALLE_POLIZA,3,FKACTFIJOCLASE,UNDEFINED,0,,,Y
SYSTEM,VW_AFJ_DETALLE_POLIZA,4,FKACTFIJOCOMPANIA,UNDEFINED,0,,,Y
SYSTEM,VW_AFJ_DETALLE_POLIZA,5,FKACTFIJOCODIGO,UNDEFINED,0,,,Y
SYSTEM,VW_AFJ_DETALLE_POLIZA,6,NOMBREACTFIJO,UNDEFINED,0,,,Y
SYSTEM,VW_AFJ_DETALLE_POLIZA,7,VALORDEDUCIBLE,UNDEFINED,0,,,Y
SYSTEM,VW_AFJ_DETALLE_POLIZA,8,VALORCOBERTURA,UNDEFINED,0,,,Y
SYSTEM,VW_AFJ_DETALLE_POLIZA,9,VALORBIEN,UNDEFINED,0,,,Y
SYSTEM,VW_AFJ_DETALLE_POLIZA,10,CREACION,UNDEFINED,0,,,Y
SYSTEM,VW_AFJ_DETALLE_POLIZA,11,MODIFICACION,UNDEFINED,0,,,Y
SYSTEM,VW_ALM_CONMOVIARTI,1,SECC_CODIBODE,UNDEFINED,0,,,Y
SYSTEM,VW_ALM_CONMOVIARTI,2,SECC_OFICINA,UNDEFINED,0,,,Y
SYSTEM,VW_ALM_CONMOVIARTI,3,SECC_CODISECC,UNDEFINED,0,,,Y
SYSTEM,VW_ALM_CONMOVIARTI,4,DTMV_ID,UNDEFINED,0,,,Y
SYSTEM,VW_ALM_CONMOVIARTI,5,ARTICULO,UNDEFINED,0,,,Y
SYSTEM,VW_ALM_CONMOVIARTI,6,ARTL_CLASE,UNDEFINED,0,,,Y
SYSTEM,VW_ALM_CONMOVIARTI,7,ARTL_COMPANIA,UNDEFINED,0,,,Y
SYSTEM,VW_ALM_CONMOVIARTI,8,ARTL_CODIGRUP,UNDEFINED,0,,,Y
SYSTEM,VW_ALM_CONMOVIARTI,9,NOMBRE,UNDEFINED,0,,,Y
SYSTEM,VW_ALM_CONMOVIARTI,10,UMED_UNIDMEDI,UNDEFINED,0,,,Y
SYSTEM,VW_ALM_CONMOVIARTI,11,ALCANCE,UNDEFINED,0,,,Y
SYSTEM,VW_ALM_CONMOVIARTI,12,NUMERO,UNDEFINED,0,,,Y
SYSTEM,VW_ALM_CONMOVIARTI,13,CEDURUC,UNDEFINED,0,,,Y
SYSTEM,VW_ALM_CONMOVIARTI,14,COMPANIA,UNDEFINED,0,,,Y
SYSTEM,VW_ALM_CONMOVIARTI,15,SERIE,UNDEFINED,0,,,Y
SYSTEM,VW_ALM_CONMOVIARTI,16,TIPODOCU,UNDEFINED,0,,,Y
SYSTEM,VW_ALM_CONMOVIARTI,17,FECHA,UNDEFINED,0,,,Y
SYSTEM,VW_ALM_CONMOVIARTI,18,OFICINA,UNDEFINED,0,,,Y
SYSTEM,VW_ALM_CONMOVIARTI,19,DESCRIPC,UNDEFINED,0,,,Y
SYSTEM,VW_ALM_CONMOVIARTI,20,CANTPARC,UNDEFINED,0,,,Y
SYSTEM,VW_ALM_CONMOVIARTI,21,CANTIDAD,UNDEFINED,0,,,Y
SYSTEM,VW_ALM_CONMOVIARTI,22,COSTUNIT,UNDEFINED,0,,,Y
SYSTEM,VW_ALM_CONMOVIARTI,23,ENTRSALI,UNDEFINED,0,,,Y
SYSTEM,VW_ALM_CONMOVIARTI,24,CLASE,UNDEFINED,0,,,Y
SYSTEM,VW_ALM_CONMOVIARTI,25,GRUPO,UNDEFINED,0,,,Y
SYSTEM,VW_ALM_CONMOVIARTI,26,LOTCOMP,UNDEFINED,0,,,Y
SYSTEM,VW_ALM_CONMOVIARTI,27,NUMLOTE,UNDEFINED,0,,,Y
SYSTEM,VW_ALM_CONMOVIARTI,28,ALCALOTE,UNDEFINED,0,,,Y
SYSTEM,VW_ALM_CONMOVIARTI,29,VENCE,UNDEFINED,0,,,Y
SYSTEM,VW_ALM_CONMOVIARTI,30,ELABORA,UNDEFINED,0,,,Y
SYSTEM,VW_ALM_CONMOVIARTI,31,FECHCREA,UNDEFINED,0,,,Y
SYSTEM,VW_ALM_CONMOVIARTI,32,USUACREA,UNDEFINED,0,,,Y
SYSTEM,VW_ALM_CONMOVIARTI,33,FECHACTU,UNDEFINED,0,,,Y
SYSTEM,VW_ALM_CONMOVIARTI,34,USUACTUA,UNDEFINED,0,,,Y
SYSTEM,VW_ALM_CONMOVIARTI,35,LOTE,UNDEFINED,0,,,Y
SYSTEM,VW_ALM_CONMOVIARTI,36,PRODUCTO,UNDEFINED,0,,,Y
SYSTEM,VW_ALM_CONMOVILOTE,1,SECC_CODIBODE,UNDEFINED,0,,,Y
SYSTEM,VW_ALM_CONMOVILOTE,2,SECC_OFICINA,UNDEFINED,0,,,Y
SYSTEM,VW_ALM_CONMOVILOTE,3,SECC_CODISECC,UNDEFINED,0,,,Y
SYSTEM,VW_ALM_CONMOVILOTE,4,DTMV_ID,UNDEFINED,0,,,Y
SYSTEM,VW_ALM_CONMOVILOTE,5,ARTICULO,UNDEFINED,0,,,Y
SYSTEM,VW_ALM_CONMOVILOTE,6,ARTL_CLASE,UNDEFINED,0,,,Y
SYSTEM,VW_ALM_CONMOVILOTE,7,ARTL_COMPANIA,UNDEFINED,0,,,Y
SYSTEM,VW_ALM_CONMOVILOTE,8,ARTL_CODIGRUP,UNDEFINED,0,,,Y
SYSTEM,VW_ALM_CONMOVILOTE,9,NOMBRE,UNDEFINED,0,,,Y
SYSTEM,VW_ALM_CONMOVILOTE,10,UMED_UNIDMEDI,UNDEFINED,0,,,Y
SYSTEM,VW_ALM_CONMOVILOTE,11,ALCANCE,UNDEFINED,0,,,Y
SYSTEM,VW_ALM_CONMOVILOTE,12,NUMERO,UNDEFINED,0,,,Y
SYSTEM,VW_ALM_CONMOVILOTE,13,CEDURUC,UNDEFINED,0,,,Y
SYSTEM,VW_ALM_CONMOVILOTE,14,COMPANIA,UNDEFINED,0,,,Y
SYSTEM,VW_ALM_CONMOVILOTE,15,SERIE,UNDEFINED,0,,,Y
SYSTEM,VW_ALM_CONMOVILOTE,16,TIPODOCU,UNDEFINED,0,,,Y
SYSTEM,VW_ALM_CONMOVILOTE,17,FECHA,UNDEFINED,0,,,Y
SYSTEM,VW_ALM_CONMOVILOTE,18,OFICINA,UNDEFINED,0,,,Y
SYSTEM,VW_ALM_CONMOVILOTE,19,DESCRIPC,UNDEFINED,0,,,Y
SYSTEM,VW_ALM_CONMOVILOTE,20,CANTPARC,UNDEFINED,0,,,Y
SYSTEM,VW_ALM_CONMOVILOTE,21,CANTIDAD,UNDEFINED,0,,,Y
SYSTEM,VW_ALM_CONMOVILOTE,22,COSTUNIT,UNDEFINED,0,,,Y
SYSTEM,VW_ALM_CONMOVILOTE,23,ENTRSALI,UNDEFINED,0,,,Y
SYSTEM,VW_ALM_CONMOVILOTE,24,CLASE,UNDEFINED,0,,,Y
SYSTEM,VW_ALM_CONMOVILOTE,25,GRUPO,UNDEFINED,0,,,Y
SYSTEM,VW_ALM_CONMOVILOTE,26,LOTCOMP,UNDEFINED,0,,,Y
SYSTEM,VW_ALM_CONMOVILOTE,27,NUMLOTE,UNDEFINED,0,,,Y
SYSTEM,VW_ALM_CONMOVILOTE,28,ALCALOTE,UNDEFINED,0,,,Y
SYSTEM,VW_ALM_CONMOVILOTE,29,VENCE,UNDEFINED,0,,,Y
SYSTEM,VW_ALM_CONMOVILOTE,30,ELABORA,UNDEFINED,0,,,Y
SYSTEM,VW_ALM_CONMOVILOTE,31,FECHCREA,UNDEFINED,0,,,Y
SYSTEM,VW_ALM_CONMOVILOTE,32,USUACREA,UNDEFINED,0,,,Y
SYSTEM,VW_ALM_CONMOVILOTE,33,FECHACTU,UNDEFINED,0,,,Y
SYSTEM,VW_ALM_CONMOVILOTE,34,USUACTUA,UNDEFINED,0,,,Y
SYSTEM,VW_ALM_CONMOVILOTE,35,PRODUCTO,UNDEFINED,0,,,Y
SYSTEM,VW_ALM_DIARGENE,1,COD,UNDEFINED,0,,,Y
SYSTEM,VW_ALM_DIARGENE,2,DTMV_ID,UNDEFINED,0,,,Y
SYSTEM,VW_ALM_DIARGENE,3,OFCN_OFICINA,UNDEFINED,0,,,Y
SYSTEM,VW_ALM_DIARGENE,4,USUACREA,UNDEFINED,0,,,Y
SYSTEM,VW_ALM_DIARGENE,5,FECHA,UNDEFINED,0,,,Y
SYSTEM,VW_ALM_DIARGENE,6,ENTRSALI,UNDEFINED,0,,,Y
SYSTEM,VW_ALM_DIARGENE,7,INCN_CODITRAN,UNDEFINED,0,,,Y
SYSTEM,VW_ALM_DIARGENE,8,PRODUCTO,UNDEFINED,0,,,Y
SYSTEM,VW_ALM_DIARGENE,9,TPDC_TIPODOCU,UNDEFINED,0,,,Y
SYSTEM,VW_ALM_DIARGENE,10,DESCRIPCION,UNDEFINED,0,,,Y
SYSTEM,VW_ALM_DIARGENE,11,CEDULA,UNDEFINED,0,,,Y
SYSTEM,VW_ALM_DIARGENE,12,NUME,UNDEFINED,0,,,Y
SYSTEM,VW_ALM_DIARGENE,13,NUMERO,UNDEFINED,0,,,Y
SYSTEM,VW_ALM_DIARGENE,14,SECC_CODIBODE,UNDEFINED,0,,,Y
SYSTEM,VW_ALM_DIARGENE,15,SECC_CODISECC,UNDEFINED,0,,,Y
SYSTEM,VW_ALM_DIARGENE,16,ARTL_COMPANIA,UNDEFINED,0,,,Y
SYSTEM,VW_ALM_DIARGENE,17,ARTL_CLASE,UNDEFINED,0,,,Y
SYSTEM,VW_ALM_DIARGENE,18,ARTL_CODIGRUP,UNDEFINED,0,,,Y
SYSTEM,VW_ALM_DIARGENE,19,ARTICULO,UNDEFINED,0,,,Y
SYSTEM,VW_ALM_DIARGENE,20,NOMBRE,UNDEFINED,0,,,Y
SYSTEM,VW_ALM_DIARGENE,21,UNI,UNDEFINED,0,,,Y
SYSTEM,VW_ALM_DIARGENE,22,CANTIDAD,UNDEFINED,0,,,Y
SYSTEM,VW_ALM_DIARGENE,23,PRECUNIT,UNDEFINED,0,,,Y
SYSTEM,VW_ALM_DIARGENE,24,COSTUNIT,UNDEFINED,0,,,Y
SYSTEM,VW_ALM_DIARGENE,25,VALOR,UNDEFINED,0,,,Y
SYSTEM,VW_ALM_DIARGENE,26,COSTO_TOTAL,UNDEFINED,0,,,Y
SYSTEM,VW_ALM_DIARGENE,27,REFER,UNDEFINED,0,,,Y
SYSTEM,VW_ALM_DIARGENE,28,EGEN_ESTADO,UNDEFINED,0,,,Y
SYSTEM,VW_ALM_EXISLOTE,1,SECC_OFICINA,UNDEFINED,0,,,Y
SYSTEM,VW_ALM_EXISLOTE,2,SECC_CODIBODE,UNDEFINED,0,,,Y
SYSTEM,VW_ALM_EXISLOTE,3,SECC_CODISECC,UNDEFINED,0,,,Y
SYSTEM,VW_ALM_EXISLOTE,4,ARTICULO,UNDEFINED,0,,,Y
SYSTEM,VW_ALM_EXISLOTE,5,ARTL_CLASE,UNDEFINED,0,,,Y
SYSTEM,VW_ALM_EXISLOTE,6,ARTL_COMPANIA,UNDEFINED,0,,,Y
SYSTEM,VW_ALM_EXISLOTE,7,ARTL_CODIGRUP,UNDEFINED,0,,,Y
SYSTEM,VW_ALM_EXISLOTE,8,NOMBRE,UNDEFINED,0,,,Y
SYSTEM,VW_ALM_EXISLOTE,9,LOTCOMP,UNDEFINED,0,,,Y
SYSTEM,VW_ALM_EXISLOTE,10,NUMLOTE,UNDEFINED,0,,,Y
SYSTEM,VW_ALM_EXISLOTE,11,ALCALOTE,UNDEFINED,0,,,Y
SYSTEM,VW_ALM_EXISLOTE,12,VENCE,UNDEFINED,0,,,Y
SYSTEM,VW_ALM_EXISLOTE,13,ELABORA,UNDEFINED,0,,,Y
SYSTEM,VW_ALM_EXISLOTE,14,UNIDAD,UNDEFINED,0,,,Y
SYSTEM,VW_ALM_EXISLOTE,15,CANTIDAD,UNDEFINED,0,,,Y
SYSTEM,VW_ALM_EXISLOTE,16,COSTO,UNDEFINED,0,,,Y
SYSTEM,VW_ALM_STOCK_LOTES,1,OFICINA,UNDEFINED,0,,,Y
SYSTEM,VW_ALM_STOCK_LOTES,2,SECC_CODISECC,UNDEFINED,0,,,Y
SYSTEM,VW_ALM_STOCK_LOTES,3,SECC_CODIBODE,UNDEFINED,0,,,Y
SYSTEM,VW_ALM_STOCK_LOTES,4,CL,UNDEFINED,0,,,Y
SYSTEM,VW_ALM_STOCK_LOTES,5,CLASE,UNDEFINED,0,,,Y
SYSTEM,VW_ALM_STOCK_LOTES,6,GRUPO,UNDEFINED,0,,,Y
SYSTEM,VW_ALM_STOCK_LOTES,7,ARTICULO,UNDEFINED,0,,,Y
SYSTEM,VW_ALM_STOCK_LOTES,8,VIGENTE,UNDEFINED,0,,,Y
SYSTEM,VW_ALM_STOCK_LOTES,9,NOMBRE,UNDEFINED,0,,,Y
SYSTEM,VW_ALM_STOCK_LOTES,10,LOTE,UNDEFINED,0,,,Y
SYSTEM,VW_ALM_STOCK_LOTES,11,NUMELOTE,UNDEFINED,0,,,Y
SYSTEM,VW_ALM_STOCK_LOTES,12,FLOTE,UNDEFINED,0,,,Y
SYSTEM,VW_ALM_STOCK_LOTES,13,VLOTE,UNDEFINED,0,,,Y
SYSTEM,VW_ALM_STOCK_LOTES,14,DIAS,UNDEFINED,0,,,Y
SYSTEM,VW_ALM_STOCK_LOTES,15,CADUCADO,UNDEFINED,0,,,Y
SYSTEM,VW_ALM_STOCK_LOTES,16,EXISTENCIA,UNDEFINED,0,,,Y
SYSTEM,VW_ALM_STOCK_LOTES,17,EXISTENCIA_LT,UNDEFINED,0,,,Y
SYSTEM,VW_ALM_STOCK_LOTES,18,CODIPERC,UNDEFINED,0,,,Y
SYSTEM,VW_ALM_STOCK_LOTES,19,NOMBRE_SECCION,UNDEFINED,0,,,Y
SYSTEM,VW_ALM_STOCK_LOTES,20,UBICACION,UNDEFINED,0,,,Y
SYSTEM,VW_ALM_STOCK_LOTES,21,RANGO_1,UNDEFINED,0,,,Y
SYSTEM,VW_ALM_STOCK_LOTES,22,RANGO_2,UNDEFINED,0,,,Y
SYSTEM,VW_ALM_STOCK_LOTES,23,RANGO_3,UNDEFINED,0,,,Y
SYSTEM,VW_ALM_STOCK_LOTES,24,RANGO_4,UNDEFINED,0,,,Y
SYSTEM,VW_ANTICIPO,1,CTAS_CODIGO,VARCHAR2,30,,,N
SYSTEM,VW_ANTICIPO,2,V_CONTA,NUMBER,22,,,Y
SYSTEM,VW_ANTICIPO,3,V_ANEXO,NUMBER,22,16,2,Y
SYSTEM,VW_ANTICIPO,4,MAYOR,NUMBER,22,10,0,N
SYSTEM,VW_ANTICIPO,5,DIFERENCIA,NUMBER,22,,,Y
SYSTEM,VW_ANTICIPO,6,MODULO,NUMBER,22,10,0,Y
SYSTEM,VW_ANTICIPO,7,FECHA,DATE,7,,,N
SYSTEM,VW_ANTICIPO,8,CLTE_IDCLIENTE,NUMBER,22,10,0,Y
SYSTEM,VW_ANTICIPO_AUXILIAR,1,CTAS_CODIGO,VARCHAR2,30,,,Y
SYSTEM,VW_ANTICIPO_AUXILIAR,2,V_CONTA,NUMBER,22,,,Y
SYSTEM,VW_ANTICIPO_AUXILIAR,3,V_ANEXO,NUMBER,22,16,2,N
SYSTEM,VW_ANTICIPO_AUXILIAR,4,MAYOR,NUMBER,22,10,0,Y
SYSTEM,VW_ANTICIPO_AUXILIAR,5,DIFERENCIA,NUMBER,22,,,Y
SYSTEM,VW_ANTICIPO_AUXILIAR,6,MODULO,NUMBER,22,10,0,N
SYSTEM,VW_ANTICIPO_AUXILIAR,7,FECHA,DATE,7,,,Y
SYSTEM,VW_ANTICIPO_AUXILIAR,8,CLTE_IDCLIENTE,NUMBER,22,10,0,Y
SYSTEM,VW_ANTICIPO_CONTA,1,CTAS_CODIGO,VARCHAR2,30,,,N
SYSTEM,VW_ANTICIPO_CONTA,2,V_CONTA,NUMBER,22,,,Y
SYSTEM,VW_ANTICIPO_CONTA,3,V_ANEXO,NUMBER,22,16,2,Y
SYSTEM,VW_ANTICIPO_CONTA,4,MAYOR,NUMBER,22,10,0,N
SYSTEM,VW_ANTICIPO_CONTA,5,DIFERENCIA,NUMBER,22,,,Y
SYSTEM,VW_ANTICIPO_CONTA,6,MODULO,NUMBER,22,10,0,Y
SYSTEM,VW_ANTICIPO_CONTA,7,FECHA,DATE,7,,,N
SYSTEM,VW_ANTICIPO_CONTA,8,CLTE_IDCLIENTE,NUMBER,22,10,0,Y
SYSTEM,VW_ARTICULOS_DIFERIDOS,1,GRAR_CLASE,UNDEFINED,0,,,Y
SYSTEM,VW_ARTICULOS_DIFERIDOS,2,GRAR_COMPANIA,UNDEFINED,0,,,Y
SYSTEM,VW_ARTICULOS_DIFERIDOS,3,GRAR_CODIGRUP,UNDEFINED,0,,,Y
SYSTEM,VW_ARTICULOS_DIFERIDOS,4,ARTICULO,UNDEFINED,0,,,Y
SYSTEM,VW_ARTICULOS_DIFERIDOS,5,NOMBRE,UNDEFINED,0,,,Y
SYSTEM,VW_ARTICULOS_DIFERIDOS,6,CANTIDAD,UNDEFINED,0,,,Y
SYSTEM,VW_ARTICULOS_DIFERIDOS,7,VNTA_COMPANIA,UNDEFINED,0,,,Y
SYSTEM,VW_ARTICULOS_DIFERIDOS,8,VNTA_TIPOCOMP,UNDEFINED,0,,,Y
SYSTEM,VW_ARTICULOS_DIFERIDOS,9,VNTA_OFICINA,UNDEFINED,0,,,Y
SYSTEM,VW_ARTICULOS_DIFERIDOS,10,VNTA_SERIE,UNDEFINED,0,,,Y
SYSTEM,VW_ARTICULOS_DIFERIDOS,11,VNTA_NUMERO,UNDEFINED,0,,,Y
SYSTEM,VW_ARTICULOS_DIFERIDOS,12,TIPO,UNDEFINED,0,,,Y
SYSTEM,VW_ARTICULOS_DIFERIDOS,13,CLASE_RELA,UNDEFINED,0,,,Y
SYSTEM,VW_ARTICULOS_DIFERIDOS,14,COMPANIA_RELA,UNDEFINED,0,,,Y
SYSTEM,VW_ARTICULOS_DIFERIDOS,15,CODIGRUP_RELA,UNDEFINED,0,,,Y
SYSTEM,VW_ARTICULOS_DIFERIDOS,16,ARTICULO_RELA,UNDEFINED,0,,,Y
SYSTEM,VW_BAN_CUENTABANCARIA,1,PKCOMPANIA,VARCHAR2,10,,,N
SYSTEM,VW_BAN_CUENTABANCARIA,2,PKCATALOGO,VARCHAR2,2,,,N
SYSTEM,VW_BAN_CUENTABANCARIA,3,PKCODIGO,VARCHAR2,30,,,N
SYSTEM,VW_BAN_CUENTABANCARIA,4,NOMBRE,VARCHAR2,80,,,N
SYSTEM,VW_BAN_CUENTABANCARIA,5,CUENTA,VARCHAR2,40,,,N
SYSTEM,VW_BAN_CUENTABANCARIA,6,TIPO,VARCHAR2,9,,,Y
SYSTEM,VW_BAN_CUENTABANCARIA,7,LIMITEGIRO,NUMBER,22,15,2,Y
SYSTEM,VW_BAN_CUENTABANCARIA,8,GIRADO,NUMBER,22,15,2,Y
SYSTEM,VW_BAN_CUENTABANCARIA,9,ORDEN,NUMBER,22,1,0,Y
SYSTEM,VW_BAN_CUENTABANCARIA,10,NUMEROCHEQUE,NUMBER,22,10,0,N
SYSTEM,VW_BAN_CUENTABANCARIA,11,NUMERODEPOSITO,NUMBER,22,10,0,N
SYSTEM,VW_BAN_CUENTABANCARIA,12,NUMERONOTADEBITO,NUMBER,22,10,0,N
SYSTEM,VW_BAN_CUENTABANCARIA,13,NUMERONOTACREDITO,NUMBER,22,10,0,N
SYSTEM,VW_BAN_CUENTABANCARIA,14,NOMBRECORTO,VARCHAR2,10,,,Y
SYSTEM,VW_BAN_CUENTABANCARIA,15,NUMEROTRANSDEPOSITO,NUMBER,22,10,0,N
SYSTEM,VW_BAN_CUENTABANCARIA,16,NUMEROTRANSNOTACREDITO,NUMBER,22,10,0,N
SYSTEM,VW_BAN_CUENTABANCARIA,17,VIGENTE,VARCHAR2,1,,,N
SYSTEM,VW_BAN_CUENTABANCARIA,18,FKIDBANCO,VARCHAR2,10,,,Y
SYSTEM,VW_BAN_CUENTABANCARIA,19,NOMBREBANCO,VARCHAR2,60,,,Y
SYSTEM,VW_BAN_CUENTABANCARIA,20,CIUDADBANCO,VARCHAR2,60,,,Y
SYSTEM,VW_BAN_CUENTABANCARIA,21,DIRECCIONBANCO,VARCHAR2,300,,,Y
SYSTEM,VW_BAN_CUENTABANCARIA,22,CREACION,VARCHAR2,44,,,Y
SYSTEM,VW_BAN_CUENTABANCARIA,23,MODIFICACION,VARCHAR2,44,,,Y
SYSTEM,VW_BAN_DEPOSITOPROTESTO,1,FKCHEQUE,NUMBER,22,10,0,N
SYSTEM,VW_BAN_DEPOSITOPROTESTO,2,COMISIONPROTESTO,VARCHAR2,300,,,Y
SYSTEM,VW_BAN_DEPOSITOPROTESTO,3,PKDEPOPROT,NUMBER,22,10,0,N
SYSTEM,VW_BAN_DEPOSITOPROTESTO,4,FKMOTIVO,VARCHAR2,2,,,Y
SYSTEM,VW_BAN_DEPOSITOPROTESTO,5,IDMOTIVO,VARCHAR2,310,,,Y
SYSTEM,VW_BAN_DEPOSITOPROTESTO,6,MOTIVO,VARCHAR2,300,,,Y
SYSTEM,VW_BAN_DEPOSITOPROTESTO,7,FKTRANSBANCACOMPANIA,VARCHAR2,10,,,N
SYSTEM,VW_BAN_DEPOSITOPROTESTO,8,FKTRANSBANCACATALOGO,VARCHAR2,2,,,N
SYSTEM,VW_BAN_DEPOSITOPROTESTO,9,FKTRANSBANCACODIGO,VARCHAR2,30,,,N
SYSTEM,VW_BAN_DEPOSITOPROTESTO,10,FKTRANSBANCATIPODOCU,VARCHAR2,2,,,N
SYSTEM,VW_BAN_DEPOSITOPROTESTO,11,FKTRANSBANCANUMERO,NUMBER,22,10,0,N
SYSTEM,VW_BAN_DEPOSITOPROTESTO,12,CREACION,VARCHAR2,44,,,Y
SYSTEM,VW_BAN_DEPOSITOPROTESTO,13,MODIFICACION,VARCHAR2,44,,,Y
SYSTEM,VW_BAN_DEPOSITOTRANSITO,1,PKID,NUMBER,22,10,0,N
SYSTEM,VW_BAN_DEPOSITOTRANSITO,2,VALOR,NUMBER,22,15,2,N
SYSTEM,VW_BAN_DEPOSITOTRANSITO,3,FKESTADO,VARCHAR2,2,,,N
SYSTEM,VW_BAN_DEPOSITOTRANSITO,4,IDESTADO,VARCHAR2,60,,,Y
SYSTEM,VW_BAN_DEPOSITOTRANSITO,5,ESTADO,VARCHAR2,50,,,Y
SYSTEM,VW_BAN_DEPOSITOTRANSITO,6,NOMBREBANCO,VARCHAR2,80,,,Y
SYSTEM,VW_BAN_DEPOSITOTRANSITO,7,CUENTA,VARCHAR2,40,,,Y
SYSTEM,VW_BAN_DEPOSITOTRANSITO,8,REFERENCIA,VARCHAR2,30,,,Y
SYSTEM,VW_BAN_DEPOSITOTRANSITO,9,PKTRANSBANCOMPANIA,VARCHAR2,10,,,N
SYSTEM,VW_BAN_DEPOSITOTRANSITO,10,PKTRANSBANCATALOGO,VARCHAR2,2,,,N
SYSTEM,VW_BAN_DEPOSITOTRANSITO,11,PKTRANSBANCODIGO,VARCHAR2,30,,,N
SYSTEM,VW_BAN_DEPOSITOTRANSITO,12,PKTRANSBANNUMERO,NUMBER,22,10,0,N
SYSTEM,VW_BAN_DEPOSITOTRANSITO,13,PKTRANSBANTIPODOCU,VARCHAR2,2,,,N
SYSTEM,VW_BAN_DEPOSITOTRANSITO,14,FKCOMPANIADIARIO,VARCHAR2,10,,,Y
SYSTEM,VW_BAN_DEPOSITOTRANSITO,15,FKDIARIO,NUMBER,22,10,0,Y
SYSTEM,VW_BAN_DEPOSITOTRANSITO,16,CREACION,VARCHAR2,44,,,Y
SYSTEM,VW_BAN_DEPOSITOTRANSITO,17,MODIFICACION,VARCHAR2,44,,,Y
SYSTEM,VW_BAN_TRANSACCIONBANCARIA,1,PKTRANSBANCACOMPANIA,UNDEFINED,0,,,Y
SYSTEM,VW_BAN_TRANSACCIONBANCARIA,2,PKTRANSBANCACATALOGO,UNDEFINED,0,,,Y
SYSTEM,VW_BAN_TRANSACCIONBANCARIA,3,PKTRANSBANCACODIGO,UNDEFINED,0,,,Y
SYSTEM,VW_BAN_TRANSACCIONBANCARIA,4,PKTRANSBANCATIPODOCU,UNDEFINED,0,,,Y
SYSTEM,VW_BAN_TRANSACCIONBANCARIA,5,TIPODOCUMENTO,UNDEFINED,0,,,Y
SYSTEM,VW_BAN_TRANSACCIONBANCARIA,6,PKTRANSBANCANUMERO,UNDEFINED,0,,,Y
SYSTEM,VW_BAN_TRANSACCIONBANCARIA,7,NUMERO,UNDEFINED,0,,,Y
SYSTEM,VW_BAN_TRANSACCIONBANCARIA,8,CUENTA,UNDEFINED,0,,,Y
SYSTEM,VW_BAN_TRANSACCIONBANCARIA,9,FECHA,UNDEFINED,0,,,Y
SYSTEM,VW_BAN_TRANSACCIONBANCARIA,10,FECHACOMPLETA,UNDEFINED,0,,,Y
SYSTEM,VW_BAN_TRANSACCIONBANCARIA,11,FECHACONCILIACION,UNDEFINED,0,,,Y
SYSTEM,VW_BAN_TRANSACCIONBANCARIA,12,FECHACONCILIACIONCOMPLETA,UNDEFINED,0,,,Y
SYSTEM,VW_BAN_TRANSACCIONBANCARIA,13,FECHAENTREGA,UNDEFINED,0,,,Y
SYSTEM,VW_BAN_TRANSACCIONBANCARIA,14,FECHAENTREGACOMPLETA,UNDEFINED,0,,,Y
SYSTEM,VW_BAN_TRANSACCIONBANCARIA,15,FECHADEPOSITOTRANSITO,UNDEFINED,0,,,Y
SYSTEM,VW_BAN_TRANSACCIONBANCARIA,16,FECHADEPOSITOTRANSITOCOMPLETA,UNDEFINED,0,,,Y
SYSTEM,VW_BAN_TRANSACCIONBANCARIA,17,BENEFICIARIO,UNDEFINED,0,,,Y
SYSTEM,VW_BAN_TRANSACCIONBANCARIA,18,DESCRIPCIONES,UNDEFINED,0,,,Y
SYSTEM,VW_BAN_TRANSACCIONBANCARIA,19,ENTRADA,UNDEFINED,0,,,Y
SYSTEM,VW_BAN_TRANSACCIONBANCARIA,20,OBSERVACIONES,UNDEFINED,0,,,Y
SYSTEM,VW_BAN_TRANSACCIONBANCARIA,21,REFERENCIA,UNDEFINED,0,,,Y
SYSTEM,VW_BAN_TRANSACCIONBANCARIA,22,IMPRESO,UNDEFINED,0,,,Y
SYSTEM,VW_BAN_TRANSACCIONBANCARIA,23,CONCILIA,UNDEFINED,0,,,Y
SYSTEM,VW_BAN_TRANSACCIONBANCARIA,24,VALOREFECTIVO,UNDEFINED,0,,,Y
SYSTEM,VW_BAN_TRANSACCIONBANCARIA,25,VALORCHEQUE,UNDEFINED,0,,,Y
SYSTEM,VW_BAN_TRANSACCIONBANCARIA,26,IMPORTE,UNDEFINED,0,,,Y
SYSTEM,VW_BAN_TRANSACCIONBANCARIA,27,VALORMONEDA,UNDEFINED,0,,,Y
SYSTEM,VW_BAN_TRANSACCIONBANCARIA,28,IDDIARIO,UNDEFINED,0,,,Y
SYSTEM,VW_BAN_TRANSACCIONBANCARIA,29,INTEGRACION,UNDEFINED,0,,,Y
SYSTEM,VW_BAN_TRANSACCIONBANCARIA,30,FKESTADO,UNDEFINED,0,,,Y
SYSTEM,VW_BAN_TRANSACCIONBANCARIA,31,IDESTADO,UNDEFINED,0,,,Y
SYSTEM,VW_BAN_TRANSACCIONBANCARIA,32,ESTADO,UNDEFINED,0,,,Y
SYSTEM,VW_BAN_TRANSACCIONBANCARIA,33,FKMONEDA,UNDEFINED,0,,,Y
SYSTEM,VW_BAN_TRANSACCIONBANCARIA,34,IDMONEDA,UNDEFINED,0,,,Y
SYSTEM,VW_BAN_TRANSACCIONBANCARIA,35,MONEDA,UNDEFINED,0,,,Y
SYSTEM,VW_BAN_TRANSACCIONBANCARIA,36,OFICINA,UNDEFINED,0,,,Y
SYSTEM,VW_BAN_TRANSACCIONBANCARIA,37,NOMBREOFICINA,UNDEFINED,0,,,Y
SYSTEM,VW_BAN_TRANSACCIONBANCARIA,38,FKIDBANCO,UNDEFINED,0,,,Y
SYSTEM,VW_BAN_TRANSACCIONBANCARIA,39,BANCO,UNDEFINED,0,,,Y
SYSTEM,VW_BAN_TRANSACCIONBANCARIA,40,NOMBRECUENTABANCARIA,UNDEFINED,0,,,Y
SYSTEM,VW_BAN_TRANSACCIONBANCARIA,41,CUENTABANCARIA,UNDEFINED,0,,,Y
SYSTEM,VW_BAN_TRANSACCIONBANCARIA,42,CORRAHOR,UNDEFINED,0,,,Y
SYSTEM,VW_BAN_TRANSACCIONBANCARIA,43,TIPOCUENTA,UNDEFINED,0,,,Y
SYSTEM,VW_BAN_TRANSACCIONBANCARIA,44,CODISEGU,UNDEFINED,0,,,Y
SYSTEM,VW_BAN_TRANSACCIONBANCARIA,45,USUAENTR,UNDEFINED,0,,,Y
SYSTEM,VW_BAN_TRANSACCIONBANCARIA,46,CREACION,UNDEFINED,0,,,Y
SYSTEM,VW_BAN_TRANSACCIONBANCARIA,47,MODIFICACION,UNDEFINED,0,,,Y
SYSTEM,VW_CABECERA_DIARIO,1,PKCOMPANIA,UNDEFINED,0,,,Y
SYSTEM,VW_CABECERA_DIARIO,2,COMPANIA,UNDEFINED,0,,,Y
SYSTEM,VW_CABECERA_DIARIO,3,OFICINA,UNDEFINED,0,,,Y
SYSTEM,VW_CABECERA_DIARIO,4,NOMBREOFICINA,UNDEFINED,0,,,Y
SYSTEM,VW_CABECERA_DIARIO,5,NUMERO,UNDEFINED,0,,,Y
SYSTEM,VW_CABECERA_DIARIO,6,TIPOCOMPROBANTE,UNDEFINED,0,,,Y
SYSTEM,VW_CABECERA_DIARIO,7,IDBANCO,UNDEFINED,0,,,Y
SYSTEM,VW_CABECERA_DIARIO,8,FECHA,UNDEFINED,0,,,Y
SYSTEM,VW_CABECERA_DIARIO,9,FECHACOMPLETA,UNDEFINED,0,,,Y
SYSTEM,VW_CABECERA_DIARIO,10,NUMEREFE,UNDEFINED,0,,,Y
SYSTEM,VW_CABECERA_DIARIO,11,INTEGRACION,UNDEFINED,0,,,Y
SYSTEM,VW_CABECERA_DIARIO,12,GENERADOPOR,UNDEFINED,0,,,Y
SYSTEM,VW_CABECERA_DIARIO,13,REFERENCIA,UNDEFINED,0,,,Y
SYSTEM,VW_CABECERA_DIARIO,14,DESCRIPCION,UNDEFINED,0,,,Y
SYSTEM,VW_CABECERA_DIARIO,15,MONEDA,UNDEFINED,0,,,Y
SYSTEM,VW_CABECERA_DIARIO,16,IDCLIENTE,UNDEFINED,0,,,Y
SYSTEM,VW_CABECERA_DIARIO,17,IDPROVEEDOR,UNDEFINED,0,,,Y
SYSTEM,VW_CABECERA_DIARIO,18,IDEMPLEADO,UNDEFINED,0,,,Y
SYSTEM,VW_CABECERA_DIARIO,19,PROVEEDOR,UNDEFINED,0,,,Y
SYSTEM,VW_CABECERA_DIARIO,20,CLIENTE,UNDEFINED,0,,,Y
SYSTEM,VW_CABECERA_DIARIO,21,CLIENTEID,UNDEFINED,0,,,Y
SYSTEM,VW_CABECERA_DIARIO,22,EMPLEADO,UNDEFINED,0,,,Y
SYSTEM,VW_CABECERA_DIARIO,23,IDRETENCION,UNDEFINED,0,,,Y
SYSTEM,VW_CABECERA_DIARIO,24,TOTALDEBE,UNDEFINED,0,,,Y
SYSTEM,VW_CABECERA_DIARIO,25,TOTALHABER,UNDEFINED,0,,,Y
SYSTEM,VW_CABECERA_DIARIO,26,TIPOCAMBIO,UNDEFINED,0,,,Y
SYSTEM,VW_CABECERA_DIARIO,27,DIARIOREFERENCIA,UNDEFINED,0,,,Y
SYSTEM,VW_CABECERA_DIARIO,28,DIARIOCONSOLIDADO,UNDEFINED,0,,,Y
SYSTEM,VW_CABECERA_DIARIO,29,CREACION,UNDEFINED,0,,,Y
SYSTEM,VW_CABECERA_DIARIO,30,MODIFICACION,UNDEFINED,0,,,Y
SYSTEM,VW_CABECERA_FACTURACOMPRAS,1,COMPANIA,UNDEFINED,0,,,Y
SYSTEM,VW_CABECERA_FACTURACOMPRAS,2,OFICINA,UNDEFINED,0,,,Y
SYSTEM,VW_CABECERA_FACTURACOMPRAS,3,SERIE,UNDEFINED,0,,,Y
SYSTEM,VW_CABECERA_FACTURACOMPRAS,4,NUMERO,UNDEFINED,0,,,Y
SYSTEM,VW_CABECERA_FACTURACOMPRAS,5,NSERIE,UNDEFINED,0,,,Y
SYSTEM,VW_CABECERA_FACTURACOMPRAS,6,NDOCUMENTO,UNDEFINED,0,,,Y
SYSTEM,VW_CABECERA_FACTURACOMPRAS,7,ALCANCE,UNDEFINED,0,,,Y
SYSTEM,VW_CABECERA_FACTURACOMPRAS,8,FLETE,UNDEFINED,0,,,Y
SYSTEM,VW_CABECERA_FACTURACOMPRAS,9,REFER,UNDEFINED,0,,,Y
SYSTEM,VW_CABECERA_FACTURACOMPRAS,10,DESCRIPCION,UNDEFINED,0,,,Y
SYSTEM,VW_CABECERA_FACTURACOMPRAS,11,OFICINANOMBRECORTO,UNDEFINED,0,,,Y
SYSTEM,VW_CABECERA_FACTURACOMPRAS,12,ASUMEIVA,UNDEFINED,0,,,Y
SYSTEM,VW_CABECERA_FACTURACOMPRAS,13,IDDIARIO,UNDEFINED,0,,,Y
SYSTEM,VW_CABECERA_FACTURACOMPRAS,14,IDPROVEEDOR,UNDEFINED,0,,,Y
SYSTEM,VW_CABECERA_FACTURACOMPRAS,15,IDEMPLEADO,UNDEFINED,0,,,Y
SYSTEM,VW_CABECERA_FACTURACOMPRAS,16,DIRECCION,UNDEFINED,0,,,Y
SYSTEM,VW_CABECERA_FACTURACOMPRAS,17,EMAIL,UNDEFINED,0,,,Y
SYSTEM,VW_CABECERA_FACTURACOMPRAS,18,TELEFONO,UNDEFINED,0,,,Y
SYSTEM,VW_CABECERA_FACTURACOMPRAS,19,FECHAEMISION,UNDEFINED,0,,,Y
SYSTEM,VW_CABECERA_FACTURACOMPRAS,20,FECHAEMISIONCOMPLETA,UNDEFINED,0,,,Y
SYSTEM,VW_CABECERA_FACTURACOMPRAS,21,FECHA,UNDEFINED,0,,,Y
SYSTEM,VW_CABECERA_FACTURACOMPRAS,22,FECHACOMPLETA,UNDEFINED,0,,,Y
SYSTEM,VW_CABECERA_FACTURACOMPRAS,23,FECHAVENCIMIENTO,UNDEFINED,0,,,Y
SYSTEM,VW_CABECERA_FACTURACOMPRAS,24,FECHAVENCIMIENTOCOMPLETA,UNDEFINED,0,,,Y
SYSTEM,VW_CABECERA_FACTURACOMPRAS,25,FECHAVALIDEZ,UNDEFINED,0,,,Y
SYSTEM,VW_CABECERA_FACTURACOMPRAS,26,FECHAFECHAVALIDEZ,UNDEFINED,0,,,Y
SYSTEM,VW_CABECERA_FACTURACOMPRAS,27,FECHACANCELACION,UNDEFINED,0,,,Y
SYSTEM,VW_CABECERA_FACTURACOMPRAS,28,FECHACANCELACIONCOMPLETA,UNDEFINED,0,,,Y
SYSTEM,VW_CABECERA_FACTURACOMPRAS,29,DIASCREDITO,UNDEFINED,0,,,Y
SYSTEM,VW_CABECERA_FACTURACOMPRAS,30,ESTADO,UNDEFINED,0,,,Y
SYSTEM,VW_CABECERA_FACTURACOMPRAS,31,IDOFICINA,UNDEFINED,0,,,Y
SYSTEM,VW_CABECERA_FACTURACOMPRAS,32,IDESTADO,UNDEFINED,0,,,Y
SYSTEM,VW_CABECERA_FACTURACOMPRAS,33,SUSTENTOSRI,UNDEFINED,0,,,Y
SYSTEM,VW_CABECERA_FACTURACOMPRAS,34,TIPOCOMPROBANTE,UNDEFINED,0,,,Y
SYSTEM,VW_CABECERA_FACTURACOMPRAS,35,SECUENCIALSRI,UNDEFINED,0,,,Y
SYSTEM,VW_CABECERA_FACTURACOMPRAS,36,PROVEEDOR,UNDEFINED,0,,,Y
SYSTEM,VW_CABECERA_FACTURACOMPRAS,37,NOMBREPROVEEDOR,UNDEFINED,0,,,Y
SYSTEM,VW_CABECERA_FACTURACOMPRAS,38,CLASE,UNDEFINED,0,,,Y
SYSTEM,VW_CABECERA_FACTURACOMPRAS,39,EMPLEADO,UNDEFINED,0,,,Y
SYSTEM,VW_CABECERA_FACTURACOMPRAS,40,MONEDA,UNDEFINED,0,,,Y
SYSTEM,VW_CABECERA_FACTURACOMPRAS,41,IDTIPODOCUMENTO,UNDEFINED,0,,,Y
SYSTEM,VW_CABECERA_FACTURACOMPRAS,42,PRODUCTO,UNDEFINED,0,,,Y
SYSTEM,VW_CABECERA_FACTURACOMPRAS,43,INTEGRACION,UNDEFINED,0,,,Y
SYSTEM,VW_CABECERA_FACTURACOMPRAS,44,BASESINIVA,UNDEFINED,0,,,Y
SYSTEM,VW_CABECERA_FACTURACOMPRAS,45,BASECONIVA,UNDEFINED,0,,,Y
SYSTEM,VW_CABECERA_FACTURACOMPRAS,46,VALORIVA,UNDEFINED,0,,,Y
SYSTEM,VW_CABECERA_FACTURACOMPRAS,47,TASAIVA,UNDEFINED,0,,,Y
SYSTEM,VW_CABECERA_FACTURACOMPRAS,48,TASAICE,UNDEFINED,0,,,Y
SYSTEM,VW_CABECERA_FACTURACOMPRAS,49,VALORDESCUENTO,UNDEFINED,0,,,Y
SYSTEM,VW_CABECERA_FACTURACOMPRAS,50,TOTAL,UNDEFINED,0,,,Y
SYSTEM,VW_CABECERA_FACTURACOMPRAS,51,IDRETENCION,UNDEFINED,0,,,Y
SYSTEM,VW_CABECERA_FACTURACOMPRAS,52,SERIERETENCION,UNDEFINED,0,,,Y
SYSTEM,VW_CABECERA_FACTURACOMPRAS,53,NUMERORETENCION,UNDEFINED,0,,,Y
SYSTEM,VW_CABECERA_FACTURACOMPRAS,54,NUMEROAUTORIZACION,UNDEFINED,0,,,Y
SYSTEM,VW_CABECERA_FACTURACOMPRAS,55,NUMEROAUTORIZACIONSRI,UNDEFINED,0,,,Y
SYSTEM,VW_CABECERA_FACTURACOMPRAS,56,CLAVEAUTORIZACIONSRI,UNDEFINED,0,,,Y
SYSTEM,VW_CABECERA_FACTURACOMPRAS,57,FECHAAUTORIZACIONSRI,UNDEFINED,0,,,Y
SYSTEM,VW_CABECERA_FACTURACOMPRAS,58,ESTADOAUTORIZACIONSRI,UNDEFINED,0,,,Y
SYSTEM,VW_CABECERA_FACTURACOMPRAS,59,PERIODICIDAPAGO,UNDEFINED,0,,,Y
SYSTEM,VW_CABECERA_FACTURACOMPRAS,60,FORMAPAGO,UNDEFINED,0,,,Y
SYSTEM,VW_CABECERA_FACTURACOMPRAS,61,IDPLANPAGO,UNDEFINED,0,,,Y
SYSTEM,VW_CABECERA_FACTURACOMPRAS,62,DEVOLUCIONES,UNDEFINED,0,,,Y
SYSTEM,VW_CABECERA_FACTURACOMPRAS,63,CREACION,UNDEFINED,0,,,Y
SYSTEM,VW_CABECERA_FACTURACOMPRAS,64,MODIFICACION,UNDEFINED,0,,,Y
SYSTEM,VW_CABECERA_FACTURAVENTAS,1,COMPANIA,UNDEFINED,0,,,Y
SYSTEM,VW_CABECERA_FACTURAVENTAS,2,OFICINA,UNDEFINED,0,,,Y
SYSTEM,VW_CABECERA_FACTURAVENTAS,3,NOMBREOFICINA,UNDEFINED,0,,,Y
SYSTEM,VW_CABECERA_FACTURAVENTAS,4,SERIE,UNDEFINED,0,,,Y
SYSTEM,VW_CABECERA_FACTURAVENTAS,5,NUMERO,UNDEFINED,0,,,Y
SYSTEM,VW_CABECERA_FACTURAVENTAS,6,NSERIE,UNDEFINED,0,,,Y
SYSTEM,VW_CABECERA_FACTURAVENTAS,7,NDOCUMENTO,UNDEFINED,0,,,Y
SYSTEM,VW_CABECERA_FACTURAVENTAS,8,TIPOCOMPROBANTE,UNDEFINED,0,,,Y
SYSTEM,VW_CABECERA_FACTURAVENTAS,9,FECHA,UNDEFINED,0,,,Y
SYSTEM,VW_CABECERA_FACTURAVENTAS,10,FECHACOMPLETA,UNDEFINED,0,,,Y
SYSTEM,VW_CABECERA_FACTURAVENTAS,11,DIRECCION,UNDEFINED,0,,,Y
SYSTEM,VW_CABECERA_FACTURAVENTAS,12,EMAIL,UNDEFINED,0,,,Y
SYSTEM,VW_CABECERA_FACTURAVENTAS,13,TELEFONO,UNDEFINED,0,,,Y
SYSTEM,VW_CABECERA_FACTURAVENTAS,14,IDTIPODOCUMENTO,UNDEFINED,0,,,Y
SYSTEM,VW_CABECERA_FACTURAVENTAS,15,INTEGRACION,UNDEFINED,0,,,Y
SYSTEM,VW_CABECERA_FACTURAVENTAS,16,GENERADOPOR,UNDEFINED,0,,,Y
SYSTEM,VW_CABECERA_FACTURAVENTAS,17,VENDEDOR,UNDEFINED,0,,,Y
SYSTEM,VW_CABECERA_FACTURAVENTAS,18,CLIENTE,UNDEFINED,0,,,Y
SYSTEM,VW_CABECERA_FACTURAVENTAS,19,RUCVENDEDOR,UNDEFINED,0,,,Y
SYSTEM,VW_CABECERA_FACTURAVENTAS,20,NOMBREVENDEDOR,UNDEFINED,0,,,Y
SYSTEM,VW_CABECERA_FACTURAVENTAS,21,REFERENCIA,UNDEFINED,0,,,Y
SYSTEM,VW_CABECERA_FACTURAVENTAS,22,OBSERVACIONES,UNDEFINED,0,,,Y
SYSTEM,VW_CABECERA_FACTURAVENTAS,23,MONEDA,UNDEFINED,0,,,Y
SYSTEM,VW_CABECERA_FACTURAVENTAS,24,RUCCLIENTE,UNDEFINED,0,,,Y
SYSTEM,VW_CABECERA_FACTURAVENTAS,25,NOMBRE,UNDEFINED,0,,,Y
SYSTEM,VW_CABECERA_FACTURAVENTAS,26,APELLIDOS,UNDEFINED,0,,,Y
SYSTEM,VW_CABECERA_FACTURAVENTAS,27,NOMBRECOMPLETO,UNDEFINED,0,,,Y
SYSTEM,VW_CABECERA_FACTURAVENTAS,28,CLASE,UNDEFINED,0,,,Y
SYSTEM,VW_CABECERA_FACTURAVENTAS,29,IDCLIENTE,UNDEFINED,0,,,Y
SYSTEM,VW_CABECERA_FACTURAVENTAS,30,CODIGOVENDEDOR,UNDEFINED,0,,,Y
SYSTEM,VW_CABECERA_FACTURAVENTAS,31,IDDIARIO,UNDEFINED,0,,,Y
SYSTEM,VW_CABECERA_FACTURAVENTAS,32,IDRETENCION,UNDEFINED,0,,,Y
SYSTEM,VW_CABECERA_FACTURAVENTAS,33,NUMERORETENCION,UNDEFINED,0,,,Y
SYSTEM,VW_CABECERA_FACTURAVENTAS,34,SERIERETENCION,UNDEFINED,0,,,Y
SYSTEM,VW_CABECERA_FACTURAVENTAS,35,CREACION,UNDEFINED,0,,,Y
SYSTEM,VW_CABECERA_FACTURAVENTAS,36,MODIFICACION,UNDEFINED,0,,,Y
SYSTEM,VW_CABECERA_FACTURAVENTAS,37,TIPO,UNDEFINED,0,,,Y
SYSTEM,VW_CABECERA_FACTURAVENTAS,38,BASESINIVA,UNDEFINED,0,,,Y
SYSTEM,VW_CABECERA_FACTURAVENTAS,39,BASECONIVA,UNDEFINED,0,,,Y
SYSTEM,VW_CABECERA_FACTURAVENTAS,40,TASAIVA,UNDEFINED,0,,,Y
SYSTEM,VW_CABECERA_FACTURAVENTAS,41,VALORIVA,UNDEFINED,0,,,Y
SYSTEM,VW_CABECERA_FACTURAVENTAS,42,TOTALDOCUMENTO,UNDEFINED,0,,,Y
SYSTEM,VW_CABECERA_FACTURAVENTAS,43,ENVIADOPORMAIL,UNDEFINED,0,,,Y
SYSTEM,VW_CABECERA_FACTURAVENTAS,44,GENERADOXML,UNDEFINED,0,,,Y
SYSTEM,VW_CABECERA_FACTURAVENTAS,45,FLETE,UNDEFINED,0,,,Y
SYSTEM,VW_CABECERA_FACTURAVENTAS,46,VALDESC,UNDEFINED,0,,,Y
SYSTEM,VW_CABECERA_FACTURAVENTAS,47,IMPUESTOSERVICIOS,UNDEFINED,0,,,Y
SYSTEM,VW_CABECERA_FACTURAVENTAS,48,VALORSERVICIO,UNDEFINED,0,,,Y
SYSTEM,VW_CABECERA_FACTURAVENTAS,49,TASAICE,UNDEFINED,0,,,Y
SYSTEM,VW_CABECERA_FACTURAVENTAS,50,SECUENCIALSRI,UNDEFINED,0,,,Y
SYSTEM,VW_CABECERA_FACTURAVENTAS,51,NUMEROAUTORIZACION,UNDEFINED,0,,,Y
SYSTEM,VW_CABECERA_FACTURAVENTAS,52,FECHAVALIDEZ,UNDEFINED,0,,,Y
SYSTEM,VW_CABECERA_FACTURAVENTAS,53,NUMEROAUTORIZACIONSRI,UNDEFINED,0,,,Y
SYSTEM,VW_CABECERA_FACTURAVENTAS,54,CLAVEAUTORIZACIONSRI,UNDEFINED,0,,,Y
SYSTEM,VW_CABECERA_FACTURAVENTAS,55,FECHAAUTORIZACIONSRI,UNDEFINED,0,,,Y
SYSTEM,VW_CABECERA_FACTURAVENTAS,56,ESTADOAUTORIZACIONSRI,UNDEFINED,0,,,Y
SYSTEM,VW_CABECERA_FACTURAVENTAS,57,ESTADO,UNDEFINED,0,,,Y
SYSTEM,VW_CABECERA_FACTURAVENTAS,58,FORMACOBRO,UNDEFINED,0,,,Y
SYSTEM,VW_CABECERA_FACTURAVENTAS,59,PERIODICIDACOBRO,UNDEFINED,0,,,Y
SYSTEM,VW_CABECERA_FACTURAVENTAS,60,FECHAVENCIMIENTO,UNDEFINED,0,,,Y
SYSTEM,VW_CABECERA_FACTURAVENTAS,61,FECHAVENCIMIENTOCOMPLETA,UNDEFINED,0,,,Y
SYSTEM,VW_CABECERA_FACTURAVENTAS,62,FECHACANCELACION,UNDEFINED,0,,,Y
SYSTEM,VW_CABECERA_FACTURAVENTAS,63,FECHACANCELACIONCOMPLETA,UNDEFINED,0,,,Y
SYSTEM,VW_CABECERA_FACTURAVENTAS,64,DIASCREDITO,UNDEFINED,0,,,Y
SYSTEM,VW_CABECERA_FACTURAVENTAS,65,IDPROFORMA,UNDEFINED,0,,,Y
SYSTEM,VW_CABECERA_FACTURAVENTAS,66,DESPACHOBODEGA,UNDEFINED,0,,,Y
SYSTEM,VW_CABECERA_FACTURAVENTAS,67,FECHADESPACHOBODEGA,UNDEFINED,0,,,Y
SYSTEM,VW_CABECERA_FACTURAVENTAS,68,LISTAPRECIO,UNDEFINED,0,,,Y
SYSTEM,VW_CABECERA_FACTURAVENTAS,69,IDPLANCOBRO,UNDEFINED,0,,,Y
SYSTEM,VW_CABECERA_FACTURAVENTAS,70,DEVOLUCIONES,UNDEFINED,0,,,Y
SYSTEM,VW_CABECERA_FACTURAVENTAS,71,NUMERODEVOLUCIONES,UNDEFINED,0,,,Y
SYSTEM,VW_CABECERA_FACTURAVENTAS,72,NUMBER1,UNDEFINED,0,,,Y
SYSTEM,VW_CABECERA_FACTURAVENTAS,73,NUMBER2,UNDEFINED,0,,,Y
SYSTEM,VW_CABECERA_FACTURAVENTAS,74,NUMBER3,UNDEFINED,0,,,Y
SYSTEM,VW_CABECERA_FACTURAVENTAS,75,NUMBER4,UNDEFINED,0,,,Y
SYSTEM,VW_CABECERA_FACTURAVENTAS,76,NUMBER5,UNDEFINED,0,,,Y
SYSTEM,VW_CABECERA_FACTURAVENTAS,77,VCHAR1,UNDEFINED,0,,,Y
SYSTEM,VW_CABECERA_FACTURAVENTAS,78,VCHAR2,UNDEFINED,0,,,Y
SYSTEM,VW_CABECERA_FACTURAVENTAS,79,VCHAR3,UNDEFINED,0,,,Y
SYSTEM,VW_CABECERA_FACTURAVENTAS,80,VCHAR4,UNDEFINED,0,,,Y
SYSTEM,VW_CABECERA_FACTURAVENTAS,81,MOTIVOREVERSO,UNDEFINED,0,,,Y
SYSTEM,VW_CABECERA_RETENCION,1,RETE_ID,UNDEFINED,0,,,Y
SYSTEM,VW_CABECERA_RETENCION,2,IDTIPORETENCION,UNDEFINED,0,,,Y
SYSTEM,VW_CABECERA_RETENCION,3,TIPORETENCION,UNDEFINED,0,,,Y
SYSTEM,VW_CABECERA_RETENCION,4,FECHA,UNDEFINED,0,,,Y
SYSTEM,VW_CABECERA_RETENCION,5,SERIERETENCION,UNDEFINED,0,,,Y
SYSTEM,VW_CABECERA_RETENCION,6,NUMERORETENCION,UNDEFINED,0,,,Y
SYSTEM,VW_CABECERA_RETENCION,7,BASERETENCION,UNDEFINED,0,,,Y
SYSTEM,VW_CABECERA_RETENCION,8,TASARETENCION,UNDEFINED,0,,,Y
SYSTEM,VW_CABECERA_RETENCION,9,VALORRETENCION,UNDEFINED,0,,,Y
SYSTEM,VW_CABECERA_RETENCION,10,FKCOMPRAPROVEEDOR,UNDEFINED,0,,,Y
SYSTEM,VW_CABECERA_RETENCION,11,FKCOMPRACOMPANIA,UNDEFINED,0,,,Y
SYSTEM,VW_CABECERA_RETENCION,12,FKCOMPRASERIE,UNDEFINED,0,,,Y
SYSTEM,VW_CABECERA_RETENCION,13,FKCOMPRANUMERO,UNDEFINED,0,,,Y
SYSTEM,VW_CABECERA_RETENCION,14,FKCOMPRAALCANCE,UNDEFINED,0,,,Y
SYSTEM,VW_CABECERA_RETENCION,15,FKVENTACOMPANIA,UNDEFINED,0,,,Y
SYSTEM,VW_CABECERA_RETENCION,16,FKVENTAOFICINA,UNDEFINED,0,,,Y
SYSTEM,VW_CABECERA_RETENCION,17,FKVENTASERIE,UNDEFINED,0,,,Y
SYSTEM,VW_CABECERA_RETENCION,18,FKVENTANUMERO,UNDEFINED,0,,,Y
SYSTEM,VW_CABECERA_RETENCION,19,FKVENTATIPOCOMPROBANTE,UNDEFINED,0,,,Y
SYSTEM,VW_CABECERA_RETENCION,20,IMPRESO,UNDEFINED,0,,,Y
SYSTEM,VW_CABECERA_RETENCION,21,FENVIO,UNDEFINED,0,,,Y
SYSTEM,VW_CABECERA_RETENCION,22,FECHAVALIDEZ,UNDEFINED,0,,,Y
SYSTEM,VW_CABECERA_RETENCION,23,IDDIARIOCOMPANIA,UNDEFINED,0,,,Y
SYSTEM,VW_CABECERA_RETENCION,24,IDDIARIO,UNDEFINED,0,,,Y
SYSTEM,VW_CABECERA_RETENCION,25,IDOFICINA,UNDEFINED,0,,,Y
SYSTEM,VW_CABECERA_RETENCION,26,NOMBREOFICINA,UNDEFINED,0,,,Y
SYSTEM,VW_CABECERA_RETENCION,27,DESCRIPCION,UNDEFINED,0,,,Y
SYSTEM,VW_CABECERA_RETENCION,28,REFERENCIA,UNDEFINED,0,,,Y
SYSTEM,VW_CABECERA_RETENCION,29,IDESTADO,UNDEFINED,0,,,Y
SYSTEM,VW_CABECERA_RETENCION,30,ESTADO,UNDEFINED,0,,,Y
SYSTEM,VW_CABECERA_RETENCION,31,RAZONSOCIAL,UNDEFINED,0,,,Y
SYSTEM,VW_CABECERA_RETENCION,32,RUCCEDULA,UNDEFINED,0,,,Y
SYSTEM,VW_CABECERA_RETENCION,33,DIRECCION,UNDEFINED,0,,,Y
SYSTEM,VW_CABECERA_RETENCION,34,EMAIL,UNDEFINED,0,,,Y
SYSTEM,VW_CABECERA_RETENCION,35,TELEFONO,UNDEFINED,0,,,Y
SYSTEM,VW_CABECERA_RETENCION,36,DOCUMENTO,UNDEFINED,0,,,Y
SYSTEM,VW_CABECERA_RETENCION,37,VALORDOCUMENTO,UNDEFINED,0,,,Y
SYSTEM,VW_CABECERA_RETENCION,38,NUMEROAUTORIZACIONSRI,UNDEFINED,0,,,Y
SYSTEM,VW_CABECERA_RETENCION,39,CLAVEAUTORIZACIONSRI,UNDEFINED,0,,,Y
SYSTEM,VW_CABECERA_RETENCION,40,FECHAAUTORIZACIONSRI,UNDEFINED,0,,,Y
SYSTEM,VW_CABECERA_RETENCION,41,ESTADOAUTORIZACIONSRI,UNDEFINED,0,,,Y
SYSTEM,VW_CABECERA_RETENCION,42,OTRC_OTRC_ID,UNDEFINED,0,,,Y
SYSTEM,VW_CABECERA_RETENCION,43,OTRS_OTRS_ID,UNDEFINED,0,,,Y
SYSTEM,VW_CABECERA_RETENCION,44,IDTIPODOCUMENTO,UNDEFINED,0,,,Y
SYSTEM,VW_CABECERA_RETENCION,45,CREACION,UNDEFINED,0,,,Y
SYSTEM,VW_CABECERA_RETENCION,46,MODIFICACION,UNDEFINED,0,,,Y
SYSTEM,VW_CABECERA_TRANSFERENCIAS,1,COMPANIA,UNDEFINED,0,,,Y
SYSTEM,VW_CABECERA_TRANSFERENCIAS,2,DOCUMENTO,UNDEFINED,0,,,Y
SYSTEM,VW_CABECERA_TRANSFERENCIAS,3,TIPODOCUMENTO,UNDEFINED,0,,,Y
SYSTEM,VW_CABECERA_TRANSFERENCIAS,4,OFICINA,UNDEFINED,0,,,Y
SYSTEM,VW_CABECERA_TRANSFERENCIAS,5,IDOFICINA,UNDEFINED,0,,,Y
SYSTEM,VW_CABECERA_TRANSFERENCIAS,6,NOMBREOFICINAORIGEN,UNDEFINED,0,,,Y
SYSTEM,VW_CABECERA_TRANSFERENCIAS,7,OFICINADESTINO,UNDEFINED,0,,,Y
SYSTEM,VW_CABECERA_TRANSFERENCIAS,8,NOMBREOFICINADEST,UNDEFINED,0,,,Y
SYSTEM,VW_CABECERA_TRANSFERENCIAS,9,FECHA,UNDEFINED,0,,,Y
SYSTEM,VW_CABECERA_TRANSFERENCIAS,10,FECHACOMPLETA,UNDEFINED,0,,,Y
SYSTEM,VW_CABECERA_TRANSFERENCIAS,11,NUMERO,UNDEFINED,0,,,Y
SYSTEM,VW_CABECERA_TRANSFERENCIAS,12,ESTADO,UNDEFINED,0,,,Y
SYSTEM,VW_CABECERA_TRANSFERENCIAS,13,DESCRIPCIONESTADO,UNDEFINED,0,,,Y
SYSTEM,VW_CABECERA_TRANSFERENCIAS,14,REFERENCIA,UNDEFINED,0,,,Y
SYSTEM,VW_CABECERA_TRANSFERENCIAS,15,FECHAANULACION,UNDEFINED,0,,,Y
SYSTEM,VW_CABECERA_TRANSFERENCIAS,16,DESCRIPCION,UNDEFINED,0,,,Y
SYSTEM,VW_CABECERA_TRANSFERENCIAS,17,OBSERVACION,UNDEFINED,0,,,Y
SYSTEM,VW_CABECERA_TRANSFERENCIAS,18,NUMEROREQUISION,UNDEFINED,0,,,Y
SYSTEM,VW_CABECERA_TRANSFERENCIAS,19,ENSA_COMPANIA,UNDEFINED,0,,,Y
SYSTEM,VW_CABECERA_TRANSFERENCIAS,20,ENSA_OFICINA,UNDEFINED,0,,,Y
SYSTEM,VW_CABECERA_TRANSFERENCIAS,21,ENSA_TIPODOCU,UNDEFINED,0,,,Y
SYSTEM,VW_CABECERA_TRANSFERENCIAS,22,NUMERODIARIO,UNDEFINED,0,,,Y
SYSTEM,VW_CABECERA_TRANSFERENCIAS,23,CREACION,UNDEFINED,0,,,Y
SYSTEM,VW_CABECERA_TRANSFERENCIAS,24,MODIFICACION,UNDEFINED,0,,,Y
SYSTEM,VW_CAJ_CHEQUES,1,PKCHEQUE,UNDEFINED,0,,,Y
SYSTEM,VW_CAJ_CHEQUES,2,IDOFICINA,UNDEFINED,0,,,Y
SYSTEM,VW_CAJ_CHEQUES,3,NOMBREOFICINA,UNDEFINED,0,,,Y
SYSTEM,VW_CAJ_CHEQUES,4,FECHA,UNDEFINED,0,,,Y
SYSTEM,VW_CAJ_CHEQUES,5,FECHACOMPLETA,UNDEFINED,0,,,Y
SYSTEM,VW_CAJ_CHEQUES,6,IDBANCO,UNDEFINED,0,,,Y
SYSTEM,VW_CAJ_CHEQUES,7,NOMBREBANCO,UNDEFINED,0,,,Y
SYSTEM,VW_CAJ_CHEQUES,8,NUMEROCUENTA,UNDEFINED,0,,,Y
SYSTEM,VW_CAJ_CHEQUES,9,NUMERO,UNDEFINED,0,,,Y
SYSTEM,VW_CAJ_CHEQUES,10,SECUENCIA,UNDEFINED,0,,,Y
SYSTEM,VW_CAJ_CHEQUES,11,IMPORTE,UNDEFINED,0,,,Y
SYSTEM,VW_CAJ_CHEQUES,12,BENEFICIARIO,UNDEFINED,0,,,Y
SYSTEM,VW_CAJ_CHEQUES,13,IDCLIENTE,UNDEFINED,0,,,Y
SYSTEM,VW_CAJ_CHEQUES,14,NOMBRECLIENTE,UNDEFINED,0,,,Y
SYSTEM,VW_CAJ_CHEQUES,15,NOMBRECOMPLETOCLIENTE,UNDEFINED,0,,,Y
SYSTEM,VW_CAJ_CHEQUES,16,CEDULACLIENTE,UNDEFINED,0,,,Y
SYSTEM,VW_CAJ_CHEQUES,17,FKVENTACOMPANIA,UNDEFINED,0,,,Y
SYSTEM,VW_CAJ_CHEQUES,18,FKVENTAOFICINA,UNDEFINED,0,,,Y
SYSTEM,VW_CAJ_CHEQUES,19,FKVENTASERIE,UNDEFINED,0,,,Y
SYSTEM,VW_CAJ_CHEQUES,20,FKVENTANUMERO,UNDEFINED,0,,,Y
SYSTEM,VW_CAJ_CHEQUES,21,FKVENTATIPOCOMP,UNDEFINED,0,,,Y
SYSTEM,VW_CAJ_CHEQUES,22,NUMEROCUOTA,UNDEFINED,0,,,Y
SYSTEM,VW_CAJ_CHEQUES,23,FKPLANCOBRO,UNDEFINED,0,,,Y
SYSTEM,VW_CAJ_CHEQUES,24,IDESTADO,UNDEFINED,0,,,Y
SYSTEM,VW_CAJ_CHEQUES,25,ESTADO,UNDEFINED,0,,,Y
SYSTEM,VW_CAJ_CHEQUES,26,IDUSUARIO,UNDEFINED,0,,,Y
SYSTEM,VW_CAJ_CHEQUES,27,IDEMPLEADO,UNDEFINED,0,,,Y
SYSTEM,VW_CAJ_CHEQUES,28,DESCRIPCION,UNDEFINED,0,,,Y
SYSTEM,VW_CAJ_CHEQUES,29,OBSERVACION,UNDEFINED,0,,,Y
SYSTEM,VW_CAJ_CHEQUES,30,CIUDAD,UNDEFINED,0,,,Y
SYSTEM,VW_CAJ_CHEQUES,31,IDMONEDA,UNDEFINED,0,,,Y
SYSTEM,VW_CAJ_CHEQUES,32,MONEDA,UNDEFINED,0,,,Y
SYSTEM,VW_CAJ_CHEQUES,33,VALORMONEDA,UNDEFINED,0,,,Y
SYSTEM,VW_CAJ_CHEQUES,34,IDDIARIO,UNDEFINED,0,,,Y
SYSTEM,VW_CAJ_CHEQUES,35,INTEGRACION,UNDEFINED,0,,,Y
SYSTEM,VW_CAJ_CHEQUES,36,IDCATALOGO,UNDEFINED,0,,,Y
SYSTEM,VW_CAJ_CHEQUES,37,IDCUENTACODIGO,UNDEFINED,0,,,Y
SYSTEM,VW_CAJ_CHEQUES,38,NOMBRECUENTACONTABLE,UNDEFINED,0,,,Y
SYSTEM,VW_CAJ_CHEQUES,39,CREACION,UNDEFINED,0,,,Y
SYSTEM,VW_CAJ_CHEQUES,40,MODIFICACION,UNDEFINED,0,,,Y
SYSTEM,VW_CAJ_CUADRECAJA,1,PKTRANSCAJACOMPANIA,VARCHAR2,10,,,N
SYSTEM,VW_CAJ_CUADRECAJA,2,PKTRANSCAJAOFICINA,VARCHAR2,3,,,N
SYSTEM,VW_CAJ_CUADRECAJA,3,PKTRANSCAJATIPODOCU,VARCHAR2,2,,,N
SYSTEM,VW_CAJ_CUADRECAJA,4,PKTRANSCAJANUMETRAN,NUMBER,22,10,0,N
SYSTEM,VW_CAJ_CUADRECAJA,5,IDOFICINA,VARCHAR2,3,,,N
SYSTEM,VW_CAJ_CUADRECAJA,6,FKCUENTACATALOGO,VARCHAR2,2,,,N
SYSTEM,VW_CAJ_CUADRECAJA,7,FKCUENTACODIGO,VARCHAR2,30,,,N
SYSTEM,VW_CAJ_CUADRECAJA,8,IDUSUARIO,VARCHAR2,20,,,N
SYSTEM,VW_CAJ_CUADRECAJA,9,FECHA,DATE,7,,,Y
SYSTEM,VW_CAJ_CUADRECAJA,10,FKMONEDA,VARCHAR2,5,,,N
SYSTEM,VW_CAJ_CUADRECAJA,11,FKESTADO,VARCHAR2,2,,,N
SYSTEM,VW_CAJ_CUADRECAJA,12,APERTURAEFECTIVO,NUMBER,22,,,Y
SYSTEM,VW_CAJ_CUADRECAJA,13,INGRESOEFECTIVO,NUMBER,22,,,Y
SYSTEM,VW_CAJ_CUADRECAJA,14,EFECTIVODEPOSITADO,NUMBER,22,,,Y
SYSTEM,VW_CAJ_CUADRECAJA,15,CIERREEFECTIVO,NUMBER,22,,,Y
SYSTEM,VW_CAJ_CUADRECAJA,16,APERTURACHEQUES,NUMBER,22,,,Y
SYSTEM,VW_CAJ_CUADRECAJA,17,INGRESOCHEQUES,NUMBER,22,,,Y
SYSTEM,VW_CAJ_CUADRECAJA,18,CHEQUESDEPOSITADOS,NUMBER,22,,,Y
SYSTEM,VW_CAJ_CUADRECAJA,19,CIERRECHEQUES,NUMBER,22,,,Y
SYSTEM,VW_CAJ_CUADRECAJA,20,NOMBRECUENTA,VARCHAR2,80,,,N
SYSTEM,VW_CAJ_EFECTIVO,1,PKIDEFECTIVO,NUMBER,22,10,0,N
SYSTEM,VW_CAJ_EFECTIVO,2,FKTRANSCAJACOMPANIA,VARCHAR2,10,,,N
SYSTEM,VW_CAJ_EFECTIVO,3,FKTRANSCAJAOFICINA,VARCHAR2,3,,,N
SYSTEM,VW_CAJ_EFECTIVO,4,FKTRANSCAJATIPODOCU,VARCHAR2,2,,,N
SYSTEM,VW_CAJ_EFECTIVO,5,FKTRANSCAJANUMETRAN,NUMBER,22,10,0,N
SYSTEM,VW_CAJ_EFECTIVO,6,DENOMINACIONMONEDA,NUMBER,22,10,4,N
SYSTEM,VW_CAJ_EFECTIVO,7,DENOMINACION,VARCHAR2,60,,,Y
SYSTEM,VW_CAJ_EFECTIVO,8,FKMONEDA,VARCHAR2,5,,,N
SYSTEM,VW_CAJ_EFECTIVO,9,IDMONEDA,VARCHAR2,73,,,Y
SYSTEM,VW_CAJ_EFECTIVO,10,MONEDA,VARCHAR2,60,,,Y
SYSTEM,VW_CAJ_EFECTIVO,11,IDTIPODENOMINACION,VARCHAR2,2,,,N
SYSTEM,VW_CAJ_EFECTIVO,12,IPODENOMINACION,VARCHAR2,8,,,Y
SYSTEM,VW_CAJ_EFECTIVO,13,CANTIDAD,NUMBER,22,10,0,N
SYSTEM,VW_CAJ_EFECTIVO,14,TOTAL,NUMBER,22,15,2,N
SYSTEM,VW_CAJ_EFECTIVO,15,CREACION,VARCHAR2,44,,,Y
SYSTEM,VW_CAJ_EFECTIVO,16,MODIFICACION,VARCHAR2,44,,,Y
SYSTEM,VW_CAJ_REPOSICIONCAJACHICA,1,FECHA,UNDEFINED,0,,,Y
SYSTEM,VW_CAJ_REPOSICIONCAJACHICA,2,USUA_IDUSUAR,UNDEFINED,0,,,Y
SYSTEM,VW_CAJ_REPOSICIONCAJACHICA,3,FECHAREPOSICIONFONDO,UNDEFINED,0,,,Y
SYSTEM,VW_CAJ_REPOSICIONCAJACHICA,4,PKTRANSCAJATIPODOCU,UNDEFINED,0,,,Y
SYSTEM,VW_CAJ_REPOSICIONCAJACHICA,5,IDDIARIO,UNDEFINED,0,,,Y
SYSTEM,VW_CAJ_REPOSICIONCAJACHICA,6,DESCRIPCION,UNDEFINED,0,,,Y
SYSTEM,VW_CAJ_REPOSICIONCAJACHICA,7,V_GASTO,UNDEFINED,0,,,Y
SYSTEM,VW_CAJ_REPOSICIONCAJACHICA,8,FACTURA,UNDEFINED,0,,,Y
SYSTEM,VW_CAJ_REPOSICIONCAJACHICA,9,VALORFACTURA,UNDEFINED,0,,,Y
SYSTEM,VW_CAJ_REPOSICIONCAJACHICA,10,VALORRETENCION,UNDEFINED,0,,,Y
SYSTEM,VW_CAJ_REPOSICIONCAJACHICA,11,PROVEEDOR,UNDEFINED,0,,,Y
SYSTEM,VW_CAJ_REPOSICIONCAJACHICA,12,FKALCANCECOMPRA,UNDEFINED,0,,,Y
SYSTEM,VW_CAJ_REPOSICIONCAJACHICA,13,FKCOMPANIACOMPRA,UNDEFINED,0,,,Y
SYSTEM,VW_CAJ_REPOSICIONCAJACHICA,14,FKSERIECOMPRA,UNDEFINED,0,,,Y
SYSTEM,VW_CAJ_REPOSICIONCAJACHICA,15,FKNUMEROCOMPRA,UNDEFINED,0,,,Y
SYSTEM,VW_CAJ_REPOSICIONCAJACHICA,16,FKPROVEEDORCOMPRA,UNDEFINED,0,,,Y
SYSTEM,VW_CAJ_REPOSICIONCAJACHICA,17,FKCUENTASCODIGO,UNDEFINED,0,,,Y
SYSTEM,VW_CAJ_REPOSICIONCAJACHICA,18,FKCUENTASCATALOGO,UNDEFINED,0,,,Y
SYSTEM,VW_CAJ_REPOSICIONCAJACHICA,19,FKTRANSCAJAOFICINA,UNDEFINED,0,,,Y
SYSTEM,VW_CAJ_REPOSICIONCAJACHICA,20,FKINTEGRACIONPROCESO,UNDEFINED,0,,,Y
SYSTEM,VW_CAJ_RESPONSABLECAJA,1,IDOFICINA,UNDEFINED,0,,,Y
SYSTEM,VW_CAJ_RESPONSABLECAJA,2,OFICINA,UNDEFINED,0,,,Y
SYSTEM,VW_CAJ_RESPONSABLECAJA,3,DEPARTAMENTO,UNDEFINED,0,,,Y
SYSTEM,VW_CAJ_RESPONSABLECAJA,4,IDUSUARIO,UNDEFINED,0,,,Y
SYSTEM,VW_CAJ_RESPONSABLECAJA,5,FKCUENTACOMPANIA,UNDEFINED,0,,,Y
SYSTEM,VW_CAJ_RESPONSABLECAJA,6,FKCUENTACATALOGO,UNDEFINED,0,,,Y
SYSTEM,VW_CAJ_RESPONSABLECAJA,7,FKCUENTACODIGO,UNDEFINED,0,,,Y
SYSTEM,VW_CAJ_RESPONSABLECAJA,8,NOMBRECUENTA,UNDEFINED,0,,,Y
SYSTEM,VW_CAJ_RESPONSABLECAJA,9,CUPO,UNDEFINED,0,,,Y
SYSTEM,VW_CAJ_RESPONSABLECAJA,10,VIGENTE,UNDEFINED,0,,,Y
SYSTEM,VW_CAJ_RESPONSABLECAJA,11,PORCENTAJE,UNDEFINED,0,,,Y
SYSTEM,VW_CAJ_RESPONSABLECAJA,12,CREACION,UNDEFINED,0,,,Y
SYSTEM,VW_CAJ_RESPONSABLECAJA,13,MODIFICACION,UNDEFINED,0,,,Y
SYSTEM,VW_CAJ_TRANSACCIONCAJA,1,PKTRANSCAJACOMPANIA,UNDEFINED,0,,,Y
SYSTEM,VW_CAJ_TRANSACCIONCAJA,2,PKTRANSCAJAOFICINA,UNDEFINED,0,,,Y
SYSTEM,VW_CAJ_TRANSACCIONCAJA,3,PKTRANSCAJATIPODOCU,UNDEFINED,0,,,Y
SYSTEM,VW_CAJ_TRANSACCIONCAJA,4,PKTRANSCAJANUMETRAN,UNDEFINED,0,,,Y
SYSTEM,VW_CAJ_TRANSACCIONCAJA,5,USUA_IDUSUAR,UNDEFINED,0,,,Y
SYSTEM,VW_CAJ_TRANSACCIONCAJA,6,OFICINA,UNDEFINED,0,,,Y
SYSTEM,VW_CAJ_TRANSACCIONCAJA,7,NOMBREOFICINA,UNDEFINED,0,,,Y
SYSTEM,VW_CAJ_TRANSACCIONCAJA,8,DESCRIPCION,UNDEFINED,0,,,Y
SYSTEM,VW_CAJ_TRANSACCIONCAJA,9,REFERENCIA,UNDEFINED,0,,,Y
SYSTEM,VW_CAJ_TRANSACCIONCAJA,10,FECHA,UNDEFINED,0,,,Y
SYSTEM,VW_CAJ_TRANSACCIONCAJA,11,FECHACOMPLETA,UNDEFINED,0,,,Y
SYSTEM,VW_CAJ_TRANSACCIONCAJA,12,FECHAREPOSICIONFONDO,UNDEFINED,0,,,Y
SYSTEM,VW_CAJ_TRANSACCIONCAJA,13,FECHAREPOSICIONFONDOCOMPLETA,UNDEFINED,0,,,Y
SYSTEM,VW_CAJ_TRANSACCIONCAJA,14,IMPORTE,UNDEFINED,0,,,Y
SYSTEM,VW_CAJ_TRANSACCIONCAJA,15,VALOMONE,UNDEFINED,0,,,Y
SYSTEM,VW_CAJ_TRANSACCIONCAJA,16,IDDIARIO,UNDEFINED,0,,,Y
SYSTEM,VW_CAJ_TRANSACCIONCAJA,17,INTEGRACION,UNDEFINED,0,,,Y
SYSTEM,VW_CAJ_TRANSACCIONCAJA,18,FKESTADO,UNDEFINED,0,,,Y
SYSTEM,VW_CAJ_TRANSACCIONCAJA,19,IDESTADO,UNDEFINED,0,,,Y
SYSTEM,VW_CAJ_TRANSACCIONCAJA,20,ESTADO,UNDEFINED,0,,,Y
SYSTEM,VW_CAJ_TRANSACCIONCAJA,21,FKMONEDA,UNDEFINED,0,,,Y
SYSTEM,VW_CAJ_TRANSACCIONCAJA,22,IDMONEDA,UNDEFINED,0,,,Y
SYSTEM,VW_CAJ_TRANSACCIONCAJA,23,MONEDA,UNDEFINED,0,,,Y
SYSTEM,VW_CAJ_TRANSACCIONCAJA,24,IDTIPOCOMPROBANTE,UNDEFINED,0,,,Y
SYSTEM,VW_CAJ_TRANSACCIONCAJA,25,FKMOVIMIENTOTIPODOCU,UNDEFINED,0,,,Y
SYSTEM,VW_CAJ_TRANSACCIONCAJA,26,IDMOVIMIENTOTIPODOCU,UNDEFINED,0,,,Y
SYSTEM,VW_CAJ_TRANSACCIONCAJA,27,MOVIMIENTOTIPODOCU,UNDEFINED,0,,,Y
SYSTEM,VW_CAJ_TRANSACCIONCAJA,28,FKCUENTASCOMPANIA,UNDEFINED,0,,,Y
SYSTEM,VW_CAJ_TRANSACCIONCAJA,29,FKCUENTASCATALOGO,UNDEFINED,0,,,Y
SYSTEM,VW_CAJ_TRANSACCIONCAJA,30,FKCUENTASCODIGO,UNDEFINED,0,,,Y
SYSTEM,VW_CAJ_TRANSACCIONCAJA,31,NOMBRECUENTA,UNDEFINED,0,,,Y
SYSTEM,VW_CAJ_TRANSACCIONCAJA,32,TIPOCUENTA,UNDEFINED,0,,,Y
SYSTEM,VW_CAJ_TRANSACCIONCAJA,33,FKASIENTOCOMPANIA,UNDEFINED,0,,,Y
SYSTEM,VW_CAJ_TRANSACCIONCAJA,34,FKASIENTODIARIO,UNDEFINED,0,,,Y
SYSTEM,VW_CAJ_TRANSACCIONCAJA,35,FKCHEQUE,UNDEFINED,0,,,Y
SYSTEM,VW_CAJ_TRANSACCIONCAJA,36,FKTRANSBANCARIACODIGO,UNDEFINED,0,,,Y
SYSTEM,VW_CAJ_TRANSACCIONCAJA,37,FKTRANSBANCARIACATALOGO,UNDEFINED,0,,,Y
SYSTEM,VW_CAJ_TRANSACCIONCAJA,38,FKTRANSBANCARIANUMERO,UNDEFINED,0,,,Y
SYSTEM,VW_CAJ_TRANSACCIONCAJA,39,FKTRANSBANCARIACOMPANIA,UNDEFINED,0,,,Y
SYSTEM,VW_CAJ_TRANSACCIONCAJA,40,FKTRANSBANCARIATIPODOCU,UNDEFINED,0,,,Y
SYSTEM,VW_CAJ_TRANSACCIONCAJA,41,FKINTEGRACIONPROCESO,UNDEFINED,0,,,Y
SYSTEM,VW_CAJ_TRANSACCIONCAJA,42,CREACION,UNDEFINED,0,,,Y
SYSTEM,VW_CAJ_TRANSACCIONCAJA,43,MODIFICACION,UNDEFINED,0,,,Y
SYSTEM,VW_CLIENTE_NP_WEB,1,IDCLIENTE,UNDEFINED,0,,,Y
SYSTEM,VW_CLIENTE_NP_WEB,2,CCLI_CLASE,UNDEFINED,0,,,Y
SYSTEM,VW_CLIENTE_NP_WEB,3,OFCN_OFICINA,UNDEFINED,0,,,Y
SYSTEM,VW_CLIENTE_NP_WEB,4,PAIS_CODIPAIS,UNDEFINED,0,,,Y
SYSTEM,VW_CLIENTE_NP_WEB,5,CEDURUC,UNDEFINED,0,,,Y
SYSTEM,VW_CLIENTE_NP_WEB,6,NOMBRE,UNDEFINED,0,,,Y
SYSTEM,VW_CLIENTE_NP_WEB,7,ZONA_CODIZONA,UNDEFINED,0,,,Y
SYSTEM,VW_CLIENTE_NP_WEB,8,CALI_CODIGO,UNDEFINED,0,,,Y
SYSTEM,VW_CLIENTE_NP_WEB,9,CALI_NOMBRE,UNDEFINED,0,,,Y
SYSTEM,VW_CLIENTE_NP_WEB,10,DESDE,UNDEFINED,0,,,Y
SYSTEM,VW_CLIENTE_NP_WEB,11,HASTA,UNDEFINED,0,,,Y
SYSTEM,VW_CLIENTE_NP_WEB,12,DESCUENTO,UNDEFINED,0,,,Y
SYSTEM,VW_CLIENTE_NP_WEB,13,COMPANIA,UNDEFINED,0,,,Y
SYSTEM,VW_CLIENTE_NP_WEB,14,VNDR_CODIGO,UNDEFINED,0,,,Y
SYSTEM,VW_CLIENTE_NP_WEB,15,VNDR_OFICINA,UNDEFINED,0,,,Y
SYSTEM,VW_CLIENTE_NP_WEB,16,LSPR_ID,UNDEFINED,0,,,Y
SYSTEM,VW_CLIENTE_NP_WEB,17,ALIASWEB,UNDEFINED,0,,,Y
SYSTEM,VW_CLIENTE_NP_WEB,18,OFI_CLI,UNDEFINED,0,,,Y
SYSTEM,VW_CLIENTE_NP_WEB,19,CANTON,UNDEFINED,0,,,Y
SYSTEM,VW_CLIENTE_NP_WEB,20,COSTFLET,UNDEFINED,0,,,Y
SYSTEM,VW_CLIENTE_NP_WEB,21,MAIL,UNDEFINED,0,,,Y
SYSTEM,VW_CLIENTE_NP_WEB,22,IDCANTON,UNDEFINED,0,,,Y
SYSTEM,VW_CLIENTE_NP_WEB,23,IDPROVINCIA,UNDEFINED,0,,,Y
SYSTEM,VW_CLIENTE_NP_WEB,24,IDDIAS,UNDEFINED,0,,,Y
SYSTEM,VW_CLIENTE_NP_WEB,25,DIRECCION,UNDEFINED,0,,,Y
SYSTEM,VW_CLIENTE_NP_WEB,26,UTILIZADO,UNDEFINED,0,,,Y
SYSTEM,VW_CLIENTE_NP_WEB,27,ORDEN_LISTA,UNDEFINED,0,,,Y
SYSTEM,VW_CLI_RUTEROVISITA,1,FKCOMPANIA,UNDEFINED,0,,,Y
SYSTEM,VW_CLI_RUTEROVISITA,2,FKCLIENTE,UNDEFINED,0,,,Y
SYSTEM,VW_CLI_RUTEROVISITA,3,IDCLIENTE,UNDEFINED,0,,,Y
SYSTEM,VW_CLI_RUTEROVISITA,4,CEDULACLIENTE,UNDEFINED,0,,,Y
SYSTEM,VW_CLI_RUTEROVISITA,5,CODIGOVENDEDOR,UNDEFINED,0,,,Y
SYSTEM,VW_CLI_RUTEROVISITA,6,VENDEDORCOMPANIA,UNDEFINED,0,,,Y
SYSTEM,VW_CLI_RUTEROVISITA,7,FKOFICINA,UNDEFINED,0,,,Y
SYSTEM,VW_CLI_RUTEROVISITA,8,OFICINA,UNDEFINED,0,,,Y
SYSTEM,VW_CLI_RUTEROVISITA,9,IDVENDEDOR,UNDEFINED,0,,,Y
SYSTEM,VW_CLI_RUTEROVISITA,10,VIGENTE,UNDEFINED,0,,,Y
SYSTEM,VW_CLI_RUTEROVISITA,11,INICIAL,UNDEFINED,0,,,Y
SYSTEM,VW_CLI_RUTEROVISITA,12,DESCRIPCION,UNDEFINED,0,,,Y
SYSTEM,VW_CLI_RUTEROVISITA,13,DIAVISITA,UNDEFINED,0,,,Y
SYSTEM,VW_CLI_RUTEROVISITA,14,CREACION,UNDEFINED,0,,,Y
SYSTEM,VW_CLI_RUTEROVISITA,15,MODIFICACION,UNDEFINED,0,,,Y
SYSTEM,VW_CNT_CABECERAASIENTO,1,PKCOMPANIA,VARCHAR2,10,,,N
SYSTEM,VW_CNT_CABECERAASIENTO,2,PKPRODUCTO,VARCHAR2,3,,,N
SYSTEM,VW_CNT_CABECERAASIENTO,3,NOMBREPRODUCTO,VARCHAR2,50,,,N
SYSTEM,VW_CNT_CABECERAASIENTO,4,PRODUCTO,VARCHAR2,55,,,Y
SYSTEM,VW_CNT_CABECERAASIENTO,5,PKDOCUMENTO,VARCHAR2,2,,,N
SYSTEM,VW_CNT_CABECERAASIENTO,6,NOMBREDOCUMENTO,VARCHAR2,200,,,N
SYSTEM,VW_CNT_CABECERAASIENTO,7,DOCUMENTO,VARCHAR2,204,,,Y
SYSTEM,VW_CNT_CABECERAASIENTO,8,PKCODIGO,VARCHAR2,10,,,N
SYSTEM,VW_CNT_CABECERAASIENTO,9,NOMBRE,VARCHAR2,50,,,N
SYSTEM,VW_CNT_CABECERAASIENTO,10,DESCRIPCION,VARCHAR2,300,,,Y
SYSTEM,VW_CNT_CABECERAASIENTO,11,TIPOGASTO,VARCHAR2,10,,,Y
SYSTEM,VW_CNT_CABECERAASIENTO,12,VISIBLE,VARCHAR2,1,,,N
SYSTEM,VW_CNT_CABECERAASIENTO,13,CREACION,VARCHAR2,44,,,Y
SYSTEM,VW_CNT_CABECERAASIENTO,14,MODIFICACION,VARCHAR2,44,,,Y
SYSTEM,VW_CNT_CUENTA,1,PKCATALOGO,UNDEFINED,0,,,Y
SYSTEM,VW_CNT_CUENTA,2,PKCOMPANIA,UNDEFINED,0,,,Y
SYSTEM,VW_CNT_CUENTA,3,PKCODIGO,UNDEFINED,0,,,Y
SYSTEM,VW_CNT_CUENTA,4,FKCUENTA,UNDEFINED,0,,,Y
SYSTEM,VW_CNT_CUENTA,5,TIPOCUENTA,UNDEFINED,0,,,Y
SYSTEM,VW_CNT_CUENTA,6,DESCRIPCIONCUENTA,UNDEFINED,0,,,Y
SYSTEM,VW_CNT_CUENTA,7,NOMBRE,UNDEFINED,0,,,Y
SYSTEM,VW_CNT_CUENTA,8,GRUPO,UNDEFINED,0,,,Y
SYSTEM,VW_CNT_CUENTA,9,BALANCE,UNDEFINED,0,,,Y
SYSTEM,VW_CNT_CUENTA,10,VISIBLE,UNDEFINED,0,,,Y
SYSTEM,VW_CNT_CUENTA,11,NIVEL,UNDEFINED,0,,,Y
SYSTEM,VW_CNT_CUENTA,12,VARIABLE,UNDEFINED,0,,,Y
SYSTEM,VW_CNT_CUENTA,13,HABILITA,UNDEFINED,0,,,Y
SYSTEM,VW_CNT_CUENTA,14,DEDUCIBLE,UNDEFINED,0,,,Y
SYSTEM,VW_CNT_CUENTA,15,FKCOMPANIA,UNDEFINED,0,,,Y
SYSTEM,VW_CNT_CUENTA,16,FKCATALOGO,UNDEFINED,0,,,Y
SYSTEM,VW_CNT_CUENTA,17,FKCODIGO,UNDEFINED,0,,,Y
SYSTEM,VW_CNT_CUENTA,18,IDOFICINA,UNDEFINED,0,,,Y
SYSTEM,VW_CNT_CUENTA,19,NOMBREOFICINA,UNDEFINED,0,,,Y
SYSTEM,VW_CNT_CUENTA,20,PORCPRES,UNDEFINED,0,,,Y
SYSTEM,VW_CNT_CUENTA,21,PKIDCUENTABANCARIA,UNDEFINED,0,,,Y
SYSTEM,VW_CNT_CUENTA,22,FKIDCUENTA,UNDEFINED,0,,,Y
SYSTEM,VW_CNT_CUENTA,23,FKIDTIPO,UNDEFINED,0,,,Y
SYSTEM,VW_CNT_CUENTA,24,CREACION,UNDEFINED,0,,,Y
SYSTEM,VW_CNT_CUENTA,25,MODIFICACION,UNDEFINED,0,,,Y
SYSTEM,VW_CNT_DETALLEINTEGRACION,1,PKID,NUMBER,22,10,0,N
SYSTEM,VW_CNT_DETALLEINTEGRACION,2,FKTIPOPROV,VARCHAR2,2,,,Y
SYSTEM,VW_CNT_DETALLEINTEGRACION,3,NOMBRETIPOPROV,VARCHAR2,30,,,Y
SYSTEM,VW_CNT_DETALLEINTEGRACION,4,IDTIPOPROV,VARCHAR2,35,,,Y
SYSTEM,VW_CNT_DETALLEINTEGRACION,5,DEFIROLTIPO,VARCHAR2,2,,,Y
SYSTEM,VW_CNT_DETALLEINTEGRACION,6,NOMBREDEFIROL,VARCHAR2,30,,,Y
SYSTEM,VW_CNT_DETALLEINTEGRACION,7,IDDEFIROL,VARCHAR2,35,,,Y
SYSTEM,VW_CNT_DETALLEINTEGRACION,8,FKCTASCOMPANIA,VARCHAR2,10,,,N
SYSTEM,VW_CNT_DETALLEINTEGRACION,9,FKCTASCATALOGO,VARCHAR2,2,,,N
SYSTEM,VW_CNT_DETALLEINTEGRACION,10,FKCTASCODIGO,VARCHAR2,30,,,N
SYSTEM,VW_CNT_DETALLEINTEGRACION,11,CUENTA,VARCHAR2,80,,,Y
SYSTEM,VW_CNT_DETALLEINTEGRACION,12,FKINCNCOMPANIA,VARCHAR2,10,,,N
SYSTEM,VW_CNT_DETALLEINTEGRACION,13,FKINCNPRODUCTO,VARCHAR2,3,,,N
SYSTEM,VW_CNT_DETALLEINTEGRACION,14,FKINCNCODITRAN,VARCHAR2,10,,,N
SYSTEM,VW_CNT_DETALLEINTEGRACION,15,FKINCNTIPODOCU,VARCHAR2,2,,,N
SYSTEM,VW_CNT_DETALLEINTEGRACION,16,INTEGRACION,VARCHAR2,50,,,Y
SYSTEM,VW_CNT_DETALLEINTEGRACION,17,INTEGRACIONCONTABLE,VARCHAR2,76,,,Y
SYSTEM,VW_CNT_DETALLEINTEGRACION,18,VARSISTEMA,VARCHAR2,80,,,Y
SYSTEM,VW_CNT_DETALLEINTEGRACION,19,TIPO,VARCHAR2,1,,,N
SYSTEM,VW_CNT_DETALLEINTEGRACION,20,FKAFJCLASE,VARCHAR2,10,,,Y
SYSTEM,VW_CNT_DETALLEINTEGRACION,21,FKAFJCOMPANIA,VARCHAR2,10,,,Y
SYSTEM,VW_CNT_DETALLEINTEGRACION,22,DESCRIPCIONCLASEACTIVO,VARCHAR2,120,,,Y
SYSTEM,VW_CNT_DETALLEINTEGRACION,23,FKCINVCOMPANIA,VARCHAR2,10,,,Y
SYSTEM,VW_CNT_DETALLEINTEGRACION,24,FKCINVCLASE,VARCHAR2,20,,,Y
SYSTEM,VW_CNT_DETALLEINTEGRACION,25,DESCRIPCIONCLASEINV,VARCHAR2,120,,,Y
SYSTEM,VW_CNT_DETALLEINTEGRACION,26,FKCLICLASE,VARCHAR2,10,,,Y
SYSTEM,VW_CNT_DETALLEINTEGRACION,27,FKCLICOMPANIA,VARCHAR2,10,,,Y
SYSTEM,VW_CNT_DETALLEINTEGRACION,28,DESCRIPCIONCLASECLI,VARCHAR2,120,,,Y
SYSTEM,VW_CNT_DETALLEINTEGRACION,29,FKCPROCOMPANIA,VARCHAR2,10,,,Y
SYSTEM,VW_CNT_DETALLEINTEGRACION,30,FKCPROCLASE,VARCHAR2,10,,,Y
SYSTEM,VW_CNT_DETALLEINTEGRACION,31,DESCRIPCIONCPRO,VARCHAR2,120,,,Y
SYSTEM,VW_CNT_DETALLEINTEGRACION,32,FKTRAINTE,VARCHAR2,10,,,Y
SYSTEM,VW_CNT_DETALLEINTEGRACION,33,DESCRIPCIONTRAINTE,VARCHAR2,120,,,Y
SYSTEM,VW_CNT_DETALLEINTEGRACION,34,IVA,VARCHAR2,1,,,Y
SYSTEM,VW_CNT_DETALLEINTEGRACION,35,DESCRIPCION,VARCHAR2,120,,,Y
SYSTEM,VW_CNT_DETALLEINTEGRACION,36,CREACION,VARCHAR2,44,,,Y
SYSTEM,VW_CNT_DETALLEINTEGRACION,37,MODIFICACION,VARCHAR2,44,,,Y
SYSTEM,VW_CNT_DETALLE_MAYORGENERAL,1,OFCN_OFICINA,UNDEFINED,0,,,Y
SYSTEM,VW_CNT_DETALLE_MAYORGENERAL,2,NOMBREOFICINA,UNDEFINED,0,,,Y
SYSTEM,VW_CNT_DETALLE_MAYORGENERAL,3,FECHA,UNDEFINED,0,,,Y
SYSTEM,VW_CNT_DETALLE_MAYORGENERAL,4,FECHACOMPLETA,UNDEFINED,0,,,Y
SYSTEM,VW_CNT_DETALLE_MAYORGENERAL,5,NUMEDIAR,UNDEFINED,0,,,Y
SYSTEM,VW_CNT_DETALLE_MAYORGENERAL,6,CONCEPTO,UNDEFINED,0,,,Y
SYSTEM,VW_CNT_DETALLE_MAYORGENERAL,7,FKCCOSTOCOMPANIA,UNDEFINED,0,,,Y
SYSTEM,VW_CNT_DETALLE_MAYORGENERAL,8,FKCCOSTOOFICINA,UNDEFINED,0,,,Y
SYSTEM,VW_CNT_DETALLE_MAYORGENERAL,9,FKCCOSTOCODIGO,UNDEFINED,0,,,Y
SYSTEM,VW_CNT_DETALLE_MAYORGENERAL,10,FKCUENTACOMPANIA,UNDEFINED,0,,,Y
SYSTEM,VW_CNT_DETALLE_MAYORGENERAL,11,FKCUENTACATALOGO,UNDEFINED,0,,,Y
SYSTEM,VW_CNT_DETALLE_MAYORGENERAL,12,FKCUENTACODIGO,UNDEFINED,0,,,Y
SYSTEM,VW_CNT_DETALLE_MAYORGENERAL,13,NOMBRECUENTA,UNDEFINED,0,,,Y
SYSTEM,VW_CNT_DETALLE_MAYORGENERAL,14,DEBE,UNDEFINED,0,,,Y
SYSTEM,VW_CNT_DETALLE_MAYORGENERAL,15,HABER,UNDEFINED,0,,,Y
SYSTEM,VW_CNT_DETALLE_MAYORGENERAL,16,SALDO,UNDEFINED,0,,,Y
SYSTEM,VW_CNT_DETALLE_MAYORGENERAL,17,IDCLIENTE,UNDEFINED,0,,,Y
SYSTEM,VW_CNT_DETALLE_MAYORGENERAL,18,CLIENTE,UNDEFINED,0,,,Y
SYSTEM,VW_CNT_DETALLE_MAYORGENERAL,19,IDPROVEEDOR,UNDEFINED,0,,,Y
SYSTEM,VW_CNT_DETALLE_MAYORGENERAL,20,PROVEEDOR,UNDEFINED,0,,,Y
SYSTEM,VW_CNT_DETALLE_MAYORGENERAL,21,IDEMPLEADO,UNDEFINED,0,,,Y
SYSTEM,VW_CNT_DETALLE_MAYORGENERAL,22,EMPLEADO,UNDEFINED,0,,,Y
SYSTEM,VW_CNT_DETALLE_MAYORGENERAL,23,CREACION,UNDEFINED,0,,,Y
SYSTEM,VW_CNT_DETALLE_MAYORGENERAL,24,MODIFICACION,UNDEFINED,0,,,Y
SYSTEM,VW_CNT_DETASIENTO,1,OFCN_OFICINA,VARCHAR2,3,,,Y
SYSTEM,VW_CNT_DETASIENTO,2,NUMEDIAR1,NUMBER,22,10,0,Y
SYSTEM,VW_CNT_DETASIENTO,3,CTAS_CODIGO,VARCHAR2,30,,,Y
SYSTEM,VW_CNT_DETASIENTO,4,CTAS_CATALOGO,VARCHAR2,2,,,Y
SYSTEM,VW_CNT_DETASIENTO,5,TIPO,VARCHAR2,1,,,Y
SYSTEM,VW_CNT_DETASIENTO,6,VALOR,NUMBER,22,,,Y
SYSTEM,VW_CNT_DETASIENTO,7,RHHS_CEDURUC,VARCHAR2,13,,,Y
SYSTEM,VW_CNT_DETASIENTO,8,CMPN_COMPANIA,VARCHAR2,10,,,N
SYSTEM,VW_CNT_DETASIENTO,9,NUMEDIAR,NUMBER,22,10,0,N
SYSTEM,VW_CNT_DETASIENTO,10,FECHA,DATE,7,,,N
SYSTEM,VW_CNT_DETASIENTO,11,NUMEREFE,NUMBER,22,10,0,N
SYSTEM,VW_CNT_DETASIENTO,12,REFER,VARCHAR2,30,,,Y
SYSTEM,VW_CNT_DETASIENTO,13,DESCRIPC,VARCHAR2,4000,,,N
SYSTEM,VW_CNT_DETASIENTO,14,VAMONEXT,NUMBER,22,15,5,Y
SYSTEM,VW_CNT_DETASIENTO,15,TPDC_TIPODOCU,VARCHAR2,2,,,N
SYSTEM,VW_CNT_DETASIENTO,16,INCN_COMPANIA,VARCHAR2,10,,,N
SYSTEM,VW_CNT_DETASIENTO,17,INCN_PRODUCTO,VARCHAR2,3,,,N
SYSTEM,VW_CNT_DETASIENTO,18,INCN_TIPODOCU,VARCHAR2,2,,,N
SYSTEM,VW_CNT_DETASIENTO,19,INCN_CODITRAN,VARCHAR2,10,,,N
SYSTEM,VW_CNT_DETASIENTO,20,MONE_MONEDA,VARCHAR2,5,,,N
SYSTEM,VW_CNT_DETASIENTO,21,OFCN_COMPANIA,VARCHAR2,10,,,N
SYSTEM,VW_CNT_DETASIENTO,22,OFICINA_ORIG,VARCHAR2,3,,,N
SYSTEM,VW_CNT_DETASIENTO,23,ASCO_COMPANIA,VARCHAR2,10,,,Y
SYSTEM,VW_CNT_DETASIENTO,24,ASCO_NUMERESU,NUMBER,22,10,0,Y
SYSTEM,VW_CNT_DETASIENTO,25,ASTO_COMPANIA,VARCHAR2,10,,,Y
SYSTEM,VW_CNT_DETASIENTO,26,ASTO_NUMEDIAR,NUMBER,22,10,0,Y
SYSTEM,VW_CNT_DETASIENTO,27,CLTE_COMPANIA,VARCHAR2,10,,,Y
SYSTEM,VW_CNT_DETASIENTO,28,CLTE_IDCLIENTE,NUMBER,22,10,0,Y
SYSTEM,VW_CNT_DETASIENTO,29,PROV_COMPANIA,VARCHAR2,10,,,Y
SYSTEM,VW_CNT_DETASIENTO,30,PROV_CEDURUC,VARCHAR2,13,,,Y
SYSTEM,VW_CNT_DETASIENTO,31,FECHCREA,DATE,7,,,N
SYSTEM,VW_CNT_DETASIENTO,32,USUACREA,VARCHAR2,20,,,N
SYSTEM,VW_CNT_DETASIENTO,33,FECHACTU,DATE,7,,,Y
SYSTEM,VW_CNT_DETASIENTO,34,USUACTUA,VARCHAR2,20,,,Y
SYSTEM,VW_CNT_MAYOGENE,1,ID,UNDEFINED,0,,,Y
SYSTEM,VW_CNT_MAYOGENE,2,OFICINA,UNDEFINED,0,,,Y
SYSTEM,VW_CNT_MAYOGENE,3,CCST_OFICINA,UNDEFINED,0,,,Y
SYSTEM,VW_CNT_MAYOGENE,4,OFCN_OFICINA,UNDEFINED,0,,,Y
SYSTEM,VW_CNT_MAYOGENE,5,CCST_CODIGO,UNDEFINED,0,,,Y
SYSTEM,VW_CNT_MAYOGENE,6,CTAS_COMPANIA,UNDEFINED,0,,,Y
SYSTEM,VW_CNT_MAYOGENE,7,CTAS_CATALOGO,UNDEFINED,0,,,Y
SYSTEM,VW_CNT_MAYOGENE,8,CTAS_CODIGO,UNDEFINED,0,,,Y
SYSTEM,VW_CNT_MAYOGENE,9,FECHA,UNDEFINED,0,,,Y
SYSTEM,VW_CNT_MAYOGENE,10,NUMEDIAR,UNDEFINED,0,,,Y
SYSTEM,VW_CNT_MAYOGENE,11,REFER,UNDEFINED,0,,,Y
SYSTEM,VW_CNT_MAYOGENE,12,DESCRIPC,UNDEFINED,0,,,Y
SYSTEM,VW_CNT_MAYOGENE,13,DEBE,UNDEFINED,0,,,Y
SYSTEM,VW_CNT_MAYOGENE,14,HABER,UNDEFINED,0,,,Y
SYSTEM,VW_CNT_MAYOGENE,15,SALDO,UNDEFINED,0,,,Y
SYSTEM,VW_CNT_MAYOGENE,16,CLTE_IDCLIENTE,UNDEFINED,0,,,Y
SYSTEM,VW_CNT_MAYOGENE,17,PROV_CEDURUC,UNDEFINED,0,,,Y
SYSTEM,VW_CNT_MAYOGENE,18,RHHS_CEDURUC,UNDEFINED,0,,,Y
SYSTEM,VW_CNT_MAYOGENE,19,ID_CEDU_PROV,UNDEFINED,0,,,Y
SYSTEM,VW_CNT_MAYOGENE,20,NOMBRE,UNDEFINED,0,,,Y
SYSTEM,VW_CNT_MAYOGENE,21,SECUENCIAL_FNC,UNDEFINED,0,,,Y
SYSTEM,VW_CNT_MAYOGENE,22,NUMERO_FNC,UNDEFINED,0,,,Y
SYSTEM,VW_CNT_MAYOGENE,23,OFICINA_FNC,UNDEFINED,0,,,Y
SYSTEM,VW_CNT_MAYOGENE,24,USUACREA,UNDEFINED,0,,,Y
SYSTEM,VW_CNT_MAYOGENE,25,USUACTUA,UNDEFINED,0,,,Y
SYSTEM,VW_CNT_MAYOGENE,26,FECHCREA,UNDEFINED,0,,,Y
SYSTEM,VW_CNT_MAYOGENE,27,FECHACTU,UNDEFINED,0,,,Y
SYSTEM,VW_CNT_MAYOGENE,28,PARAMETRIZADA,UNDEFINED,0,,,Y
SYSTEM,VW_CNT_MAYOGENE,29,DETALLE_ACREDITACION,UNDEFINED,0,,,Y
SYSTEM,VW_CNT_MAYOR_GENERAL,1,OFICINA,UNDEFINED,0,,,Y
SYSTEM,VW_CNT_MAYOR_GENERAL,2,FECHA,UNDEFINED,0,,,Y
SYSTEM,VW_CNT_MAYOR_GENERAL,3,FECHA_HHMMSS,UNDEFINED,0,,,Y
SYSTEM,VW_CNT_MAYOR_GENERAL,4,DIARIO,UNDEFINED,0,,,Y
SYSTEM,VW_CNT_MAYOR_GENERAL,5,CATALOGO,UNDEFINED,0,,,Y
SYSTEM,VW_CNT_MAYOR_GENERAL,6,CODIGO,UNDEFINED,0,,,Y
SYSTEM,VW_CNT_MAYOR_GENERAL,7,CUENTA,UNDEFINED,0,,,Y
SYSTEM,VW_CNT_MAYOR_GENERAL,8,DESCRIPCION,UNDEFINED,0,,,Y
SYSTEM,VW_CNT_MAYOR_GENERAL,9,TIPO,UNDEFINED,0,,,Y
SYSTEM,VW_CNT_MAYOR_GENERAL,10,DEBE,UNDEFINED,0,,,Y
SYSTEM,VW_CNT_MAYOR_GENERAL,11,HABER,UNDEFINED,0,,,Y
SYSTEM,VW_CNT_MAYOR_GENERAL,12,SALDO,UNDEFINED,0,,,Y
SYSTEM,VW_CNT_MAYOR_GENERAL,13,PARAMETRIZADA,UNDEFINED,0,,,Y
SYSTEM,VW_CNT_MAYOR_GENERAL,14,CLTE_IDCLIENTE,UNDEFINED,0,,,Y
SYSTEM,VW_CNT_MAYOR_GENERAL,15,CLIENTE,UNDEFINED,0,,,Y
SYSTEM,VW_CNT_MAYOR_GENERAL,16,PROV_CEDURUC,UNDEFINED,0,,,Y
SYSTEM,VW_CNT_MAYOR_GENERAL,17,PROVEEDOR,UNDEFINED,0,,,Y
SYSTEM,VW_CNT_MAYOR_GENERAL,18,RHHS_CEDURUC,UNDEFINED,0,,,Y
SYSTEM,VW_CNT_MAYOR_GENERAL,19,EMPLEADO,UNDEFINED,0,,,Y
SYSTEM,VW_CNT_MAYOR_GENERAL,20,CCST_CODIGO,UNDEFINED,0,,,Y
SYSTEM,VW_CNT_MAYOR_GENERAL,21,COD,UNDEFINED,0,,,Y
SYSTEM,VW_COM_CABECERA_ANTICIPO,1,IDPROVEEDOR,UNDEFINED,0,,,Y
SYSTEM,VW_COM_CABECERA_ANTICIPO,2,NOMBREPROVEEDOR,UNDEFINED,0,,,Y
SYSTEM,VW_COM_CABECERA_ANTICIPO,3,CLASEPROVEEDOR,UNDEFINED,0,,,Y
SYSTEM,VW_COM_CABECERA_ANTICIPO,4,VALORANTICIPO,UNDEFINED,0,,,Y
SYSTEM,VW_COM_CABECERA_ANTICIPO,5,PROVEEDOR,UNDEFINED,0,,,Y
SYSTEM,VW_COM_CABECERA_NOTASCREDITO,1,TIPO,UNDEFINED,0,,,Y
SYSTEM,VW_COM_CABECERA_NOTASCREDITO,2,PKCOMPANIA,UNDEFINED,0,,,Y
SYSTEM,VW_COM_CABECERA_NOTASCREDITO,3,PKPROVEEDOR,UNDEFINED,0,,,Y
SYSTEM,VW_COM_CABECERA_NOTASCREDITO,4,PKSERIE,UNDEFINED,0,,,Y
SYSTEM,VW_COM_CABECERA_NOTASCREDITO,5,PKNUMERO,UNDEFINED,0,,,Y
SYSTEM,VW_COM_CABECERA_NOTASCREDITO,6,PKALCANCE,UNDEFINED,0,,,Y
SYSTEM,VW_COM_CABECERA_NOTASCREDITO,7,NOMBREOFICINA,UNDEFINED,0,,,Y
SYSTEM,VW_COM_CABECERA_NOTASCREDITO,8,SERIE,UNDEFINED,0,,,Y
SYSTEM,VW_COM_CABECERA_NOTASCREDITO,9,NUMERO,UNDEFINED,0,,,Y
SYSTEM,VW_COM_CABECERA_NOTASCREDITO,10,REFERENCIA,UNDEFINED,0,,,Y
SYSTEM,VW_COM_CABECERA_NOTASCREDITO,11,OBSERVACIONES,UNDEFINED,0,,,Y
SYSTEM,VW_COM_CABECERA_NOTASCREDITO,12,CIUDAD,UNDEFINED,0,,,Y
SYSTEM,VW_COM_CABECERA_NOTASCREDITO,13,FECHA,UNDEFINED,0,,,Y
SYSTEM,VW_COM_CABECERA_NOTASCREDITO,14,FECHACOMPLETA,UNDEFINED,0,,,Y
SYSTEM,VW_COM_CABECERA_NOTASCREDITO,15,FECHAEMISION,UNDEFINED,0,,,Y
SYSTEM,VW_COM_CABECERA_NOTASCREDITO,16,FECHAEMISIONCOMPLETA,UNDEFINED,0,,,Y
SYSTEM,VW_COM_CABECERA_NOTASCREDITO,17,FECHAVALIDEZ,UNDEFINED,0,,,Y
SYSTEM,VW_COM_CABECERA_NOTASCREDITO,18,FECHAVALIDEZCOMPLETA,UNDEFINED,0,,,Y
SYSTEM,VW_COM_CABECERA_NOTASCREDITO,19,DOCUMENTOMODIFICA,UNDEFINED,0,,,Y
SYSTEM,VW_COM_CABECERA_NOTASCREDITO,20,FKNUMEROCOMPRA,UNDEFINED,0,,,Y
SYSTEM,VW_COM_CABECERA_NOTASCREDITO,21,FKSERIECOMPRA,UNDEFINED,0,,,Y
SYSTEM,VW_COM_CABECERA_NOTASCREDITO,22,FKALCANCECOMPRA,UNDEFINED,0,,,Y
SYSTEM,VW_COM_CABECERA_NOTASCREDITO,23,IDESTADO,UNDEFINED,0,,,Y
SYSTEM,VW_COM_CABECERA_NOTASCREDITO,24,ESTADO,UNDEFINED,0,,,Y
SYSTEM,VW_COM_CABECERA_NOTASCREDITO,25,INTEGRACION,UNDEFINED,0,,,Y
SYSTEM,VW_COM_CABECERA_NOTASCREDITO,26,SUSTENTOSRI,UNDEFINED,0,,,Y
SYSTEM,VW_COM_CABECERA_NOTASCREDITO,27,SECUENCIAL,UNDEFINED,0,,,Y
SYSTEM,VW_COM_CABECERA_NOTASCREDITO,28,BASEIVA0,UNDEFINED,0,,,Y
SYSTEM,VW_COM_CABECERA_NOTASCREDITO,29,BASEIVA,UNDEFINED,0,,,Y
SYSTEM,VW_COM_CABECERA_NOTASCREDITO,30,TASAIVA,UNDEFINED,0,,,Y
SYSTEM,VW_COM_CABECERA_NOTASCREDITO,31,TOTAL,UNDEFINED,0,,,Y
SYSTEM,VW_COM_CABECERA_NOTASCREDITO,32,ASTO_COMPANIA,UNDEFINED,0,,,Y
SYSTEM,VW_COM_CABECERA_NOTASCREDITO,33,IDDIARIO,UNDEFINED,0,,,Y
SYSTEM,VW_COM_CABECERA_NOTASCREDITO,34,AUTORIZACIONSRI,UNDEFINED,0,,,Y
SYSTEM,VW_COM_CABECERA_NOTASCREDITO,35,ESTADOSRI,UNDEFINED,0,,,Y
SYSTEM,VW_COM_CABECERA_NOTASCREDITO,36,FECHAAUTORIZACIONSRI,UNDEFINED,0,,,Y
SYSTEM,VW_COM_CABECERA_NOTASCREDITO,37,CLAVEACCESOSRI,UNDEFINED,0,,,Y
SYSTEM,VW_COM_CABECERA_NOTASCREDITO,38,NOMBREPROVEEDOR,UNDEFINED,0,,,Y
SYSTEM,VW_COM_CABECERA_NOTASCREDITO,39,ARTL_ARTICULO,UNDEFINED,0,,,Y
SYSTEM,VW_COM_CABECERA_NOTASCREDITO,40,DESCRIPCION,UNDEFINED,0,,,Y
SYSTEM,VW_COM_CABECERA_NOTASCREDITO,41,CANTIDAD,UNDEFINED,0,,,Y
SYSTEM,VW_COM_CABECERA_NOTASCREDITO,42,PRECIOUNITARIO,UNDEFINED,0,,,Y
SYSTEM,VW_COM_CABECERA_NOTASCREDITO,43,DESCUENTO,UNDEFINED,0,,,Y
SYSTEM,VW_COM_CABECERA_NOTASCREDITO,44,PRECIOTOTALSINIMPUESTO,UNDEFINED,0,,,Y
SYSTEM,VW_COM_CABECERA_NOTASCREDITO,45,CREACION,UNDEFINED,0,,,Y
SYSTEM,VW_COM_CABECERA_NOTASCREDITO,46,MODIFICACION,UNDEFINED,0,,,Y
SYSTEM,VW_COM_CABECERA_OTRASCUENTAS,1,PKOTRASCUENTAS,UNDEFINED,0,,,Y
SYSTEM,VW_COM_CABECERA_OTRASCUENTAS,2,NUMERO,UNDEFINED,0,,,Y
SYSTEM,VW_COM_CABECERA_OTRASCUENTAS,3,FKIMPORTACIONCOMPANIA,UNDEFINED,0,,,Y
SYSTEM,VW_COM_CABECERA_OTRASCUENTAS,4,FKIMPORTACIONNUMERO,UNDEFINED,0,,,Y
SYSTEM,VW_COM_CABECERA_OTRASCUENTAS,5,FKIMPORTACIONOFICINA,UNDEFINED,0,,,Y
SYSTEM,VW_COM_CABECERA_OTRASCUENTAS,6,IDPROVEEDOR,UNDEFINED,0,,,Y
SYSTEM,VW_COM_CABECERA_OTRASCUENTAS,7,NOMBREPROVEEDOR,UNDEFINED,0,,,Y
SYSTEM,VW_COM_CABECERA_OTRASCUENTAS,8,PROVEEDOR,UNDEFINED,0,,,Y
SYSTEM,VW_COM_CABECERA_OTRASCUENTAS,9,MONTO,UNDEFINED,0,,,Y
SYSTEM,VW_COM_CABECERA_OTRASCUENTAS,10,COTIZACION,UNDEFINED,0,,,Y
SYSTEM,VW_COM_CABECERA_OTRASCUENTAS,11,IDMONEDA,UNDEFINED,0,,,Y
SYSTEM,VW_COM_CABECERA_OTRASCUENTAS,12,MONEDA,UNDEFINED,0,,,Y
SYSTEM,VW_COM_CABECERA_OTRASCUENTAS,13,IDESTADO,UNDEFINED,0,,,Y
SYSTEM,VW_COM_CABECERA_OTRASCUENTAS,14,ESTADO,UNDEFINED,0,,,Y
SYSTEM,VW_COM_CABECERA_OTRASCUENTAS,15,ESTAD,UNDEFINED,0,,,Y
SYSTEM,VW_COM_CABECERA_OTRASCUENTAS,16,REFERENCIA,UNDEFINED,0,,,Y
SYSTEM,VW_COM_CABECERA_OTRASCUENTAS,17,DESCRIPCION,UNDEFINED,0,,,Y
SYSTEM,VW_COM_CABECERA_OTRASCUENTAS,18,IDFORMAPAGO,UNDEFINED,0,,,Y
SYSTEM,VW_COM_CABECERA_OTRASCUENTAS,19,FORMAPAGO,UNDEFINED,0,,,Y
SYSTEM,VW_COM_CABECERA_OTRASCUENTAS,20,IDPERIDOPAGO,UNDEFINED,0,,,Y
SYSTEM,VW_COM_CABECERA_OTRASCUENTAS,21,PERIODOPAGO,UNDEFINED,0,,,Y
SYSTEM,VW_COM_CABECERA_OTRASCUENTAS,22,FECHA,UNDEFINED,0,,,Y
SYSTEM,VW_COM_CABECERA_OTRASCUENTAS,23,FECHACOMPLETA,UNDEFINED,0,,,Y
SYSTEM,VW_COM_CABECERA_OTRASCUENTAS,24,FECHAVENCIMIENTO,UNDEFINED,0,,,Y
SYSTEM,VW_COM_CABECERA_OTRASCUENTAS,25,FECHAVENCIMIENTOCOMPLETA,UNDEFINED,0,,,Y
SYSTEM,VW_COM_CABECERA_OTRASCUENTAS,26,FECHACANCELACION,UNDEFINED,0,,,Y
SYSTEM,VW_COM_CABECERA_OTRASCUENTAS,27,FECHACANCELACIONCOMPLETA,UNDEFINED,0,,,Y
SYSTEM,VW_COM_CABECERA_OTRASCUENTAS,28,FECHANEGOCIACION,UNDEFINED,0,,,Y
SYSTEM,VW_COM_CABECERA_OTRASCUENTAS,29,FECHANEGOCIACIONCOMPLETA,UNDEFINED,0,,,Y
SYSTEM,VW_COM_CABECERA_OTRASCUENTAS,30,IDDIARIO,UNDEFINED,0,,,Y
SYSTEM,VW_COM_CABECERA_OTRASCUENTAS,31,INTEGRACION,UNDEFINED,0,,,Y
SYSTEM,VW_COM_CABECERA_OTRASCUENTAS,32,CREACION,UNDEFINED,0,,,Y
SYSTEM,VW_COM_CABECERA_OTRASCUENTAS,33,MODIFICACION,UNDEFINED,0,,,Y
SYSTEM,VW_COM_CABECERA_OTRASCUENTAS,34,IDOFICINA,UNDEFINED,0,,,Y
SYSTEM,VW_COM_CABECERA_OTRASCUENTAS,35,NOMBREOFICINA,UNDEFINED,0,,,Y
SYSTEM,VW_COM_CABECERA_PLANPAGO,1,IDOFICINA,UNDEFINED,0,,,Y
SYSTEM,VW_COM_CABECERA_PLANPAGO,2,OFICINA,UNDEFINED,0,,,Y
SYSTEM,VW_COM_CABECERA_PLANPAGO,3,ID,UNDEFINED,0,,,Y
SYSTEM,VW_COM_CABECERA_PLANPAGO,4,NUMEROCUOTAS,UNDEFINED,0,,,Y
SYSTEM,VW_COM_CABECERA_PLANPAGO,5,VALORCUOTAS,UNDEFINED,0,,,Y
SYSTEM,VW_COM_CABECERA_PLANPAGO,6,OBSERVACION,UNDEFINED,0,,,Y
SYSTEM,VW_COM_CABECERA_PLANPAGO,7,TASAINRERES,UNDEFINED,0,,,Y
SYSTEM,VW_COM_CABECERA_PLANPAGO,8,CAPITAL,UNDEFINED,0,,,Y
SYSTEM,VW_COM_CABECERA_PLANPAGO,9,DIASCREDITO,UNDEFINED,0,,,Y
SYSTEM,VW_COM_CABECERA_PLANPAGO,10,INTERES,UNDEFINED,0,,,Y
SYSTEM,VW_COM_CABECERA_PLANPAGO,11,FECHAVENCIMIENTO,UNDEFINED,0,,,Y
SYSTEM,VW_COM_CABECERA_PLANPAGO,12,FECHAPAGO,UNDEFINED,0,,,Y
SYSTEM,VW_COM_CABECERA_PLANPAGO,13,NSERIE,UNDEFINED,0,,,Y
SYSTEM,VW_COM_CABECERA_PLANPAGO,14,NDOCUMENTO,UNDEFINED,0,,,Y
SYSTEM,VW_COM_CABECERA_PLANPAGO,15,FECHAEMISION,UNDEFINED,0,,,Y
SYSTEM,VW_COM_CABECERA_PLANPAGO,16,MONEDA,UNDEFINED,0,,,Y
SYSTEM,VW_COM_CABECERA_PLANPAGO,17,TOTALFACTURA,UNDEFINED,0,,,Y
SYSTEM,VW_COM_CABECERA_PLANPAGO,18,ABONOS,UNDEFINED,0,,,Y
SYSTEM,VW_COM_CABECERA_PLANPAGO,19,DIASVENCIMIENTO,UNDEFINED,0,,,Y
SYSTEM,VW_COM_CABECERA_PLANPAGO,20,COTIZACION,UNDEFINED,0,,,Y
SYSTEM,VW_COM_CABECERA_PLANPAGO,21,VALORUSD,UNDEFINED,0,,,Y
SYSTEM,VW_COM_CABECERA_PLANPAGO,22,IDCOMPRACOMPANIA,UNDEFINED,0,,,Y
SYSTEM,VW_COM_CABECERA_PLANPAGO,23,IDCOMPRAALCANCE,UNDEFINED,0,,,Y
SYSTEM,VW_COM_CABECERA_PLANPAGO,24,IDCOMPRA,UNDEFINED,0,,,Y
SYSTEM,VW_COM_CABECERA_PLANPAGO,25,SERIE,UNDEFINED,0,,,Y
SYSTEM,VW_COM_CABECERA_PLANPAGO,26,COMPRA,UNDEFINED,0,,,Y
SYSTEM,VW_COM_CABECERA_PLANPAGO,27,IDPROVEEDOR,UNDEFINED,0,,,Y
SYSTEM,VW_COM_CABECERA_PLANPAGO,28,PROVEEDOR,UNDEFINED,0,,,Y
SYSTEM,VW_COM_CABECERA_PLANPAGO,29,IDESTADO,UNDEFINED,0,,,Y
SYSTEM,VW_COM_CABECERA_PLANPAGO,30,ESTADO,UNDEFINED,0,,,Y
SYSTEM,VW_COM_CABECERA_PLANPAGO,31,FKOTRASCUENTAS,UNDEFINED,0,,,Y
SYSTEM,VW_COM_CABECERA_PLANPAGO,32,CREACION,UNDEFINED,0,,,Y
SYSTEM,VW_COM_CABECERA_PLANPAGO,33,MODIFICACION,UNDEFINED,0,,,Y
SYSTEM,VW_COM_CABECERA_PROVEEDOR,1,PKCOMPANIA,UNDEFINED,0,,,Y
SYSTEM,VW_COM_CABECERA_PROVEEDOR,2,PKPROVEEDOR,UNDEFINED,0,,,Y
SYSTEM,VW_COM_CABECERA_PROVEEDOR,3,REPRESENTANTELEGAL,UNDEFINED,0,,,Y
SYSTEM,VW_COM_CABECERA_PROVEEDOR,4,NOMBREPROVEEDOR,UNDEFINED,0,,,Y
SYSTEM,VW_COM_CABECERA_PROVEEDOR,5,NOMBRECORTO,UNDEFINED,0,,,Y
SYSTEM,VW_COM_CABECERA_PROVEEDOR,6,REFERENCIA,UNDEFINED,0,,,Y
SYSTEM,VW_COM_CABECERA_PROVEEDOR,7,OBSERVACIONES,UNDEFINED,0,,,Y
SYSTEM,VW_COM_CABECERA_PROVEEDOR,8,CIUDAD,UNDEFINED,0,,,Y
SYSTEM,VW_COM_CABECERA_PROVEEDOR,9,DIRECCION,UNDEFINED,0,,,Y
SYSTEM,VW_COM_CABECERA_PROVEEDOR,10,NUMEROCALLE,UNDEFINED,0,,,Y
SYSTEM,VW_COM_CABECERA_PROVEEDOR,11,EMAIL,UNDEFINED,0,,,Y
SYSTEM,VW_COM_CABECERA_PROVEEDOR,12,DIREWEB,UNDEFINED,0,,,Y
SYSTEM,VW_COM_CABECERA_PROVEEDOR,13,ANEXO,UNDEFINED,0,,,Y
SYSTEM,VW_COM_CABECERA_PROVEEDOR,14,TRANSPOR,UNDEFINED,0,,,Y
SYSTEM,VW_COM_CABECERA_PROVEEDOR,15,CONTACTO,UNDEFINED,0,,,Y
SYSTEM,VW_COM_CABECERA_PROVEEDOR,16,DIASCREDITO,UNDEFINED,0,,,Y
SYSTEM,VW_COM_CABECERA_PROVEEDOR,17,LIMITECREDITO,UNDEFINED,0,,,Y
SYSTEM,VW_COM_CABECERA_PROVEEDOR,18,NUMEROAUTORIZACIONSRI,UNDEFINED,0,,,Y
SYSTEM,VW_COM_CABECERA_PROVEEDOR,19,RESOLUCIONNUMERO,UNDEFINED,0,,,Y
SYSTEM,VW_COM_CABECERA_PROVEEDOR,20,FECHARESOLUCION,UNDEFINED,0,,,Y
SYSTEM,VW_COM_CABECERA_PROVEEDOR,21,CODIGOANTERIOR,UNDEFINED,0,,,Y
SYSTEM,VW_COM_CABECERA_PROVEEDOR,22,IDACTIVIDADECONOMICA,UNDEFINED,0,,,Y
SYSTEM,VW_COM_CABECERA_PROVEEDOR,23,ACTIVIDADECONOMICA,UNDEFINED,0,,,Y
SYSTEM,VW_COM_CABECERA_PROVEEDOR,24,IDCLASE,UNDEFINED,0,,,Y
SYSTEM,VW_COM_CABECERA_PROVEEDOR,25,CLASEPROVEEDOR,UNDEFINED,0,,,Y
SYSTEM,VW_COM_CABECERA_PROVEEDOR,26,IDPAIS,UNDEFINED,0,,,Y
SYSTEM,VW_COM_CABECERA_PROVEEDOR,27,PAIS,UNDEFINED,0,,,Y
SYSTEM,VW_COM_CABECERA_PROVEEDOR,28,IDSUSTENTOSRI,UNDEFINED,0,,,Y
SYSTEM,VW_COM_CABECERA_PROVEEDOR,29,SUSTENTOSRI,UNDEFINED,0,,,Y
SYSTEM,VW_COM_CABECERA_PROVEEDOR,30,IDTIPOCONTRIBUYENTE,UNDEFINED,0,,,Y
SYSTEM,VW_COM_CABECERA_PROVEEDOR,31,TIPOCONTRIBUYENTE,UNDEFINED,0,,,Y
SYSTEM,VW_COM_CABECERA_PROVEEDOR,32,IDTIPOIDENTIFICACION,UNDEFINED,0,,,Y
SYSTEM,VW_COM_CABECERA_PROVEEDOR,33,TIPOIDENTIFICACION,UNDEFINED,0,,,Y
SYSTEM,VW_COM_CABECERA_PROVEEDOR,34,IDOFICINA,UNDEFINED,0,,,Y
SYSTEM,VW_COM_CABECERA_PROVEEDOR,35,NOMBREOFICINA,UNDEFINED,0,,,Y
SYSTEM,VW_COM_CABECERA_PROVEEDOR,36,IDFORMAPAGO,UNDEFINED,0,,,Y
SYSTEM,VW_COM_CABECERA_PROVEEDOR,37,FORMAPAGO,UNDEFINED,0,,,Y
SYSTEM,VW_COM_CABECERA_PROVEEDOR,38,INCT_CODIGO,UNDEFINED,0,,,Y
SYSTEM,VW_COM_CABECERA_PROVEEDOR,39,INCOTERMS,UNDEFINED,0,,,Y
SYSTEM,VW_COM_CABECERA_PROVEEDOR,40,INCOTERMSID,UNDEFINED,0,,,Y
SYSTEM,VW_COM_CABECERA_PROVEEDOR,41,ENVIO,UNDEFINED,0,,,Y
SYSTEM,VW_COM_CABECERA_PROVEEDOR,42,CREACION,UNDEFINED,0,,,Y
SYSTEM,VW_COM_CABECERA_PROVEEDOR,43,MODIFICACION,UNDEFINED,0,,,Y
SYSTEM,VW_COM_COMPRAS_R,1,PROV_COMPANIA,UNDEFINED,0,,,Y
SYSTEM,VW_COM_COMPRAS_R,2,OFICINA,UNDEFINED,0,,,Y
SYSTEM,VW_COM_COMPRAS_R,3,NOMBCORT,UNDEFINED,0,,,Y
SYSTEM,VW_COM_COMPRAS_R,4,CPRO_CLASE,UNDEFINED,0,,,Y
SYSTEM,VW_COM_COMPRAS_R,5,PROV_CEDURUC,UNDEFINED,0,,,Y
SYSTEM,VW_COM_COMPRAS_R,6,NOMBRE,UNDEFINED,0,,,Y
SYSTEM,VW_COM_COMPRAS_R,7,TPCM_TIPOCOMP,UNDEFINED,0,,,Y
SYSTEM,VW_COM_COMPRAS_R,8,DESC_TIPOCOMP,UNDEFINED,0,,,Y
SYSTEM,VW_COM_COMPRAS_R,9,TIPO_COMP,UNDEFINED,0,,,Y
SYSTEM,VW_COM_COMPRAS_R,10,EGEN_ESTADO,UNDEFINED,0,,,Y
SYSTEM,VW_COM_COMPRAS_R,11,INCN_PRODUCTO,UNDEFINED,0,,,Y
SYSTEM,VW_COM_COMPRAS_R,12,INCN_CODITRAN,UNDEFINED,0,,,Y
SYSTEM,VW_COM_COMPRAS_R,13,REFER,UNDEFINED,0,,,Y
SYSTEM,VW_COM_COMPRAS_R,14,SERIE,UNDEFINED,0,,,Y
SYSTEM,VW_COM_COMPRAS_R,15,NUMERO,UNDEFINED,0,,,Y
SYSTEM,VW_COM_COMPRAS_R,16,FACTURA,UNDEFINED,0,,,Y
SYSTEM,VW_COM_COMPRAS_R,17,ALCANCE,UNDEFINED,0,,,Y
SYSTEM,VW_COM_COMPRAS_R,18,FECHA,UNDEFINED,0,,,Y
SYSTEM,VW_COM_COMPRAS_R,19,FECHEMIS,UNDEFINED,0,,,Y
SYSTEM,VW_COM_COMPRAS_R,20,F_VENCIMIENTO,UNDEFINED,0,,,Y
SYSTEM,VW_COM_COMPRAS_R,21,DIARIO,UNDEFINED,0,,,Y
SYSTEM,VW_COM_COMPRAS_R,22,ASUMEIVA,UNDEFINED,0,,,Y
SYSTEM,VW_COM_COMPRAS_R,23,STCM_SUSTENTO,UNDEFINED,0,,,Y
SYSTEM,VW_COM_COMPRAS_R,24,DESC_SUSTENTO,UNDEFINED,0,,,Y
SYSTEM,VW_COM_COMPRAS_R,25,N_RETENCION,UNDEFINED,0,,,Y
SYSTEM,VW_COM_COMPRAS_R,26,F_RETENCION,UNDEFINED,0,,,Y
SYSTEM,VW_COM_COMPRAS_R,27,NUMEAUTO_RETENCION,UNDEFINED,0,,,Y
SYSTEM,VW_COM_COMPRAS_R,28,V_RETENIDO,UNDEFINED,0,,,Y
SYSTEM,VW_COM_COMPRAS_R,29,IVA_RETENIDO,UNDEFINED,0,,,Y
SYSTEM,VW_COM_COMPRAS_R,30,COMPENSACION,UNDEFINED,0,,,Y
SYSTEM,VW_COM_COMPRAS_R,31,OTRCRGB0,UNDEFINED,0,,,Y
SYSTEM,VW_COM_COMPRAS_R,32,OTRCRGBI,UNDEFINED,0,,,Y
SYSTEM,VW_COM_COMPRAS_R,33,FLETE,UNDEFINED,0,,,Y
SYSTEM,VW_COM_COMPRAS_R,34,F104_FLETE,UNDEFINED,0,,,Y
SYSTEM,VW_COM_COMPRAS_R,35,BASEIVA0,UNDEFINED,0,,,Y
SYSTEM,VW_COM_COMPRAS_R,36,BASEIVA,UNDEFINED,0,,,Y
SYSTEM,VW_COM_COMPRAS_R,37,TOTAL,UNDEFINED,0,,,Y
SYSTEM,VW_COM_COMPRAS_R,38,BASE_IMP0_0,UNDEFINED,0,,,Y
SYSTEM,VW_COM_COMPRAS_R,39,F_104_BASE0,UNDEFINED,0,,,Y
SYSTEM,VW_COM_COMPRAS_R,40,BASE_IMP2_12,UNDEFINED,0,,,Y
SYSTEM,VW_COM_COMPRAS_R,41,BASE_IMP3_14,UNDEFINED,0,,,Y
SYSTEM,VW_COM_COMPRAS_R,42,BASE_IMP4_15,UNDEFINED,0,,,Y
SYSTEM,VW_COM_COMPRAS_R,43,BASE_IMP5_5,UNDEFINED,0,,,Y
SYSTEM,VW_COM_COMPRAS_R,44,F_104_BASE_IMPONIBLE_5,UNDEFINED,0,,,Y
SYSTEM,VW_COM_COMPRAS_R,45,BASE_IMP6_NOI,UNDEFINED,0,,,Y
SYSTEM,VW_COM_COMPRAS_R,46,BASE_IMP7_EXI,UNDEFINED,0,,,Y
SYSTEM,VW_COM_COMPRAS_R,47,BASE_IMP8_DIF,UNDEFINED,0,,,Y
SYSTEM,VW_COM_COMPRAS_R,48,BASE_IMP10_13,UNDEFINED,0,,,Y
SYSTEM,VW_COM_COMPRAS_R,49,F_104_BASE_IMPONIBLE,UNDEFINED,0,,,Y
SYSTEM,VW_COM_COMPRAS_R,50,IVA_DM,UNDEFINED,0,,,Y
SYSTEM,VW_COM_COMPRAS_R,51,IVA_5_DM,UNDEFINED,0,,,Y
SYSTEM,VW_COM_COMPRAS_R,52,TOTAL_DM,UNDEFINED,0,,,Y
SYSTEM,VW_COM_COMPRAS_R,53,TOTAL_RETENIDO,UNDEFINED,0,,,Y
SYSTEM,VW_COM_COMPRAS_R,54,V_PAGAR,UNDEFINED,0,,,Y
SYSTEM,VW_COM_COMPRAS_R,55,BASE_IMPO,UNDEFINED,0,,,Y
SYSTEM,VW_COM_COMPRAS_R,56,SUBTOTAL,UNDEFINED,0,,,Y
SYSTEM,VW_COM_DETALLE_ANTICIPO,1,PKANTICIPO,UNDEFINED,0,,,Y
SYSTEM,VW_COM_DETALLE_ANTICIPO,2,IDOFICINA,UNDEFINED,0,,,Y
SYSTEM,VW_COM_DETALLE_ANTICIPO,3,NOMBREOFICINA,UNDEFINED,0,,,Y
SYSTEM,VW_COM_DETALLE_ANTICIPO,4,IDPROVEEDOR,UNDEFINED,0,,,Y
SYSTEM,VW_COM_DETALLE_ANTICIPO,5,NOMBREPROVEEDOR,UNDEFINED,0,,,Y
SYSTEM,VW_COM_DETALLE_ANTICIPO,6,CLASEPROVEEDOR,UNDEFINED,0,,,Y
SYSTEM,VW_COM_DETALLE_ANTICIPO,7,IDDIARIO,UNDEFINED,0,,,Y
SYSTEM,VW_COM_DETALLE_ANTICIPO,8,INTEGRACION,UNDEFINED,0,,,Y
SYSTEM,VW_COM_DETALLE_ANTICIPO,9,IDESTADO,UNDEFINED,0,,,Y
SYSTEM,VW_COM_DETALLE_ANTICIPO,10,ESTADO,UNDEFINED,0,,,Y
SYSTEM,VW_COM_DETALLE_ANTICIPO,11,FECHA,UNDEFINED,0,,,Y
SYSTEM,VW_COM_DETALLE_ANTICIPO,12,FECHACOMPLETA,UNDEFINED,0,,,Y
SYSTEM,VW_COM_DETALLE_ANTICIPO,13,VALORANTICIPO,UNDEFINED,0,,,Y
SYSTEM,VW_COM_DETALLE_ANTICIPO,14,VALORCRUZADO,UNDEFINED,0,,,Y
SYSTEM,VW_COM_DETALLE_ANTICIPO,15,DISPONIBLE,UNDEFINED,0,,,Y
SYSTEM,VW_COM_DETALLE_ANTICIPO,16,REFERENCIA,UNDEFINED,0,,,Y
SYSTEM,VW_COM_DETALLE_ANTICIPO,17,DESCRIPCION,UNDEFINED,0,,,Y
SYSTEM,VW_COM_DETALLE_ANTICIPO,18,CREACION,UNDEFINED,0,,,Y
SYSTEM,VW_COM_DETALLE_ANTICIPO,19,MODIFICACION,UNDEFINED,0,,,Y
SYSTEM,VW_COM_DETALLECOMPRAXML,1,COMPANIA,UNDEFINED,0,,,Y
SYSTEM,VW_COM_DETALLECOMPRAXML,2,OFICINA,UNDEFINED,0,,,Y
SYSTEM,VW_COM_DETALLECOMPRAXML,3,SERIE,UNDEFINED,0,,,Y
SYSTEM,VW_COM_DETALLECOMPRAXML,4,NUMERO,UNDEFINED,0,,,Y
SYSTEM,VW_COM_DETALLECOMPRAXML,5,ALCANCE,UNDEFINED,0,,,Y
SYSTEM,VW_COM_DETALLECOMPRAXML,6,PROVCOMPANIA,UNDEFINED,0,,,Y
SYSTEM,VW_COM_DETALLECOMPRAXML,7,IDPROVEEDOR,UNDEFINED,0,,,Y
SYSTEM,VW_COM_DETALLECOMPRAXML,8,IDCLASE,UNDEFINED,0,,,Y
SYSTEM,VW_COM_DETALLECOMPRAXML,9,CLASE,UNDEFINED,0,,,Y
SYSTEM,VW_COM_DETALLECOMPRAXML,10,IDGRUPO,UNDEFINED,0,,,Y
SYSTEM,VW_COM_DETALLECOMPRAXML,11,GRUPO,UNDEFINED,0,,,Y
SYSTEM,VW_COM_DETALLECOMPRAXML,12,IDARTICULO,UNDEFINED,0,,,Y
SYSTEM,VW_COM_DETALLECOMPRAXML,13,NOMBREARTICULO,UNDEFINED,0,,,Y
SYSTEM,VW_COM_DETALLECOMPRAXML,14,IDUNIDAD,UNDEFINED,0,,,Y
SYSTEM,VW_COM_DETALLECOMPRAXML,15,CANTIDAD,UNDEFINED,0,,,Y
SYSTEM,VW_COM_DETALLECOMPRAXML,16,PRECIOUNITARIO,UNDEFINED,0,,,Y
SYSTEM,VW_COM_DETALLECOMPRAXML,17,COSTOUNITARIO,UNDEFINED,0,,,Y
SYSTEM,VW_COM_DETALLECOMPRAXML,18,PORCENTAJEDESCUENTO,UNDEFINED,0,,,Y
SYSTEM,VW_COM_DETALLECOMPRAXML,19,VALORDESCUENTO,UNDEFINED,0,,,Y
SYSTEM,VW_COM_DETALLECOMPRAXML,20,VALORMOVIMIENTO,UNDEFINED,0,,,Y
SYSTEM,VW_COM_DETALLECOMPRAXML,21,TASAIVA,UNDEFINED,0,,,Y
SYSTEM,VW_COM_DETALLECOMPRAXML,22,IMPUESTO,UNDEFINED,0,,,Y
SYSTEM,VW_COM_DETALLE_CRUCEANTICIPO,1,PKCRUCEANTICIPO,NUMBER,22,10,0,N
SYSTEM,VW_COM_DETALLE_CRUCEANTICIPO,2,FKANTICIPO,NUMBER,22,10,0,N
SYSTEM,VW_COM_DETALLE_CRUCEANTICIPO,3,VALOR,NUMBER,22,16,2,N
SYSTEM,VW_COM_DETALLE_CRUCEANTICIPO,4,IDDIARIO,NUMBER,22,10,0,N
SYSTEM,VW_COM_DETALLE_CRUCEANTICIPO,5,INTEGRACION,VARCHAR2,76,,,Y
SYSTEM,VW_COM_DETALLE_CRUCEANTICIPO,6,IDESTADO,VARCHAR2,60,,,Y
SYSTEM,VW_COM_DETALLE_CRUCEANTICIPO,7,ESTADO,VARCHAR2,50,,,Y
SYSTEM,VW_COM_DETALLE_CRUCEANTICIPO,8,CREACION,VARCHAR2,44,,,Y
SYSTEM,VW_COM_DETALLE_CRUCEANTICIPO,9,MODIFICACION,VARCHAR2,44,,,Y
SYSTEM,VW_COM_DETALLE_PLANPAGO,1,ID,UNDEFINED,0,,,Y
SYSTEM,VW_COM_DETALLE_PLANPAGO,2,IDDIARIO,UNDEFINED,0,,,Y
SYSTEM,VW_COM_DETALLE_PLANPAGO,3,IDPLANPAGO,UNDEFINED,0,,,Y
SYSTEM,VW_COM_DETALLE_PLANPAGO,4,FECHA,UNDEFINED,0,,,Y
SYSTEM,VW_COM_DETALLE_PLANPAGO,5,VALOR,UNDEFINED,0,,,Y
SYSTEM,VW_COM_DETALLE_PLANPAGO,6,DESCRIPCION,UNDEFINED,0,,,Y
SYSTEM,VW_COM_DETALLE_PLANPAGO,7,REFERENCIA,UNDEFINED,0,,,Y
SYSTEM,VW_COM_DETALLE_PLANPAGO,8,NOTACREDITOCOMPANIA,UNDEFINED,0,,,Y
SYSTEM,VW_COM_DETALLE_PLANPAGO,9,NOTACREDITOCEDULA,UNDEFINED,0,,,Y
SYSTEM,VW_COM_DETALLE_PLANPAGO,10,NOTACREDITOSERIE,UNDEFINED,0,,,Y
SYSTEM,VW_COM_DETALLE_PLANPAGO,11,NOTACREDITONUMERO,UNDEFINED,0,,,Y
SYSTEM,VW_COM_DETALLE_PLANPAGO,12,NOTACREDITOALCANCE,UNDEFINED,0,,,Y
SYSTEM,VW_COM_DETALLE_PLANPAGO,13,TIPONOTACREDITO,UNDEFINED,0,,,Y
SYSTEM,VW_COM_DETALLE_PLANPAGO,14,VALORANTICIPO,UNDEFINED,0,,,Y
SYSTEM,VW_COM_DETALLE_PLANPAGO,15,ESTADO,UNDEFINED,0,,,Y
SYSTEM,VW_COM_DETALLE_PLANPAGO,16,IDESTADO,UNDEFINED,0,,,Y
SYSTEM,VW_COM_DETALLE_PLANPAGO,17,CREACION,UNDEFINED,0,,,Y
SYSTEM,VW_COM_DETALLE_PLANPAGO,18,MODIFICACION,UNDEFINED,0,,,Y
SYSTEM,VW_COM_FACTURACOMPRASXML,1,COMPANIA,UNDEFINED,0,,,Y
SYSTEM,VW_COM_FACTURACOMPRASXML,2,OFICINA,UNDEFINED,0,,,Y
SYSTEM,VW_COM_FACTURACOMPRASXML,3,SERIE,UNDEFINED,0,,,Y
SYSTEM,VW_COM_FACTURACOMPRASXML,4,NUMERO,UNDEFINED,0,,,Y
SYSTEM,VW_COM_FACTURACOMPRASXML,5,NSERIE,UNDEFINED,0,,,Y
SYSTEM,VW_COM_FACTURACOMPRASXML,6,NDOCUMENTO,UNDEFINED,0,,,Y
SYSTEM,VW_COM_FACTURACOMPRASXML,7,ALCANCE,UNDEFINED,0,,,Y
SYSTEM,VW_COM_FACTURACOMPRASXML,8,FLETE,UNDEFINED,0,,,Y
SYSTEM,VW_COM_FACTURACOMPRASXML,9,REFER,UNDEFINED,0,,,Y
SYSTEM,VW_COM_FACTURACOMPRASXML,10,DESCRIPCION,UNDEFINED,0,,,Y
SYSTEM,VW_COM_FACTURACOMPRASXML,11,OFICINANOMBRECORTO,UNDEFINED,0,,,Y
SYSTEM,VW_COM_FACTURACOMPRASXML,12,ASUMEIVA,UNDEFINED,0,,,Y
SYSTEM,VW_COM_FACTURACOMPRASXML,13,IDPROVEEDOR,UNDEFINED,0,,,Y
SYSTEM,VW_COM_FACTURACOMPRASXML,14,FECHAEMISION,UNDEFINED,0,,,Y
SYSTEM,VW_COM_FACTURACOMPRASXML,15,FECHAEMISIONCOMPLETA,UNDEFINED,0,,,Y
SYSTEM,VW_COM_FACTURACOMPRASXML,16,FECHA,UNDEFINED,0,,,Y
SYSTEM,VW_COM_FACTURACOMPRASXML,17,FECHACOMPLETA,UNDEFINED,0,,,Y
SYSTEM,VW_COM_FACTURACOMPRASXML,18,FECHAVENCIMIENTO,UNDEFINED,0,,,Y
SYSTEM,VW_COM_FACTURACOMPRASXML,19,FECHAVENCIMIENTOCOMPLETA,UNDEFINED,0,,,Y
SYSTEM,VW_COM_FACTURACOMPRASXML,20,FECHAVALIDEZ,UNDEFINED,0,,,Y
SYSTEM,VW_COM_FACTURACOMPRASXML,21,FECHAFECHAVALIDEZ,UNDEFINED,0,,,Y
SYSTEM,VW_COM_FACTURACOMPRASXML,22,FECHACANCELACION,UNDEFINED,0,,,Y
SYSTEM,VW_COM_FACTURACOMPRASXML,23,FECHACANCELACIONCOMPLETA,UNDEFINED,0,,,Y
SYSTEM,VW_COM_FACTURACOMPRASXML,24,DIASCREDITO,UNDEFINED,0,,,Y
SYSTEM,VW_COM_FACTURACOMPRASXML,25,ESTADO,UNDEFINED,0,,,Y
SYSTEM,VW_COM_FACTURACOMPRASXML,26,IDOFICINA,UNDEFINED,0,,,Y
SYSTEM,VW_COM_FACTURACOMPRASXML,27,IDESTADO,UNDEFINED,0,,,Y
SYSTEM,VW_COM_FACTURACOMPRASXML,28,BASESINIVA,UNDEFINED,0,,,Y
SYSTEM,VW_COM_FACTURACOMPRASXML,29,BASECONIVA,UNDEFINED,0,,,Y
SYSTEM,VW_COM_FACTURACOMPRASXML,30,VALORIVA,UNDEFINED,0,,,Y
SYSTEM,VW_COM_FACTURACOMPRASXML,31,TASAIVA,UNDEFINED,0,,,Y
SYSTEM,VW_COM_FACTURACOMPRASXML,32,TASAICE,UNDEFINED,0,,,Y
SYSTEM,VW_COM_FACTURACOMPRASXML,33,VALORDESCUENTO,UNDEFINED,0,,,Y
SYSTEM,VW_COM_FACTURACOMPRASXML,34,TOTAL,UNDEFINED,0,,,Y
SYSTEM,VW_COM_FACTURACOMPRASXML,35,PROVEEDOR,UNDEFINED,0,,,Y
SYSTEM,VW_COM_FACTURACOMPRASXML,36,NOMBREPROVEEDOR,UNDEFINED,0,,,Y
SYSTEM,VW_COM_FACTURACOMPRASXML,37,NUMEROAUTORIZACION,UNDEFINED,0,,,Y
SYSTEM,VW_COM_FACTURACOMPRASXML,38,NUMEROAUTORIZACIONSRI,UNDEFINED,0,,,Y
SYSTEM,VW_COM_FACTURACOMPRASXML,39,CLAVEAUTORIZACIONSRI,UNDEFINED,0,,,Y
SYSTEM,VW_COM_FACTURACOMPRASXML,40,FECHAAUTORIZACIONSRI,UNDEFINED,0,,,Y
SYSTEM,VW_COM_FACTURACOMPRASXML,41,ESTADOAUTORIZACIONSRI,UNDEFINED,0,,,Y
SYSTEM,VW_COM_FACTURACOMPRASXML,42,CREACION,UNDEFINED,0,,,Y
SYSTEM,VW_COM_FACTURACOMPRASXML,43,MODIFICACION,UNDEFINED,0,,,Y
SYSTEM,VW_COM_RETENCION,1,NSERIE,UNDEFINED,0,,,Y
SYSTEM,VW_COM_RETENCION,2,NDOCUMENTORTE,UNDEFINED,0,,,Y
SYSTEM,VW_COM_RETENCION,3,FECHA,UNDEFINED,0,,,Y
SYSTEM,VW_COM_RETENCION,4,BASE,UNDEFINED,0,,,Y
SYSTEM,VW_COM_RETENCION,5,PORCENTAJE,UNDEFINED,0,,,Y
SYSTEM,VW_COM_RETENCION,6,VALORRETENIDO,UNDEFINED,0,,,Y
SYSTEM,VW_COM_RETENCION,7,IDDIARIO,UNDEFINED,0,,,Y
SYSTEM,VW_COM_RETENCION,8,COMPANIA,UNDEFINED,0,,,Y
SYSTEM,VW_COM_RETENCION,9,REFERENCIA,UNDEFINED,0,,,Y
SYSTEM,VW_COM_RETENCION,10,DESCRIPCION,UNDEFINED,0,,,Y
SYSTEM,VW_COM_RETENCION,11,IDESTADO,UNDEFINED,0,,,Y
SYSTEM,VW_COM_RETENCION,12,PROVEEDOR,UNDEFINED,0,,,Y
SYSTEM,VW_COM_RETENCION,13,NSERIECOMPRA,UNDEFINED,0,,,Y
SYSTEM,VW_COM_RETENCION,14,NDOCUMENTOCOMPRA,UNDEFINED,0,,,Y
SYSTEM,VW_COM_RETENCION,15,TOTAL,UNDEFINED,0,,,Y
SYSTEM,VW_COM_RETENCION,16,TIPORETE,UNDEFINED,0,,,Y
SYSTEM,VW_COM_RETENCION,17,DESCRIPCIONT,UNDEFINED,0,,,Y
SYSTEM,VW_COM_RETENCION,18,AUTORIZADO,UNDEFINED,0,,,Y
SYSTEM,VW_COM_RETENCION,19,NUMEROAUTORIZADO,UNDEFINED,0,,,Y
SYSTEM,VW_COM_RETENCION,20,FECHAAUTORIZADO,UNDEFINED,0,,,Y
SYSTEM,VW_COM_RETENCION,21,CLAVEAUTORIZADO,UNDEFINED,0,,,Y
SYSTEM,VW_COM_RETENCION,22,CREACION,UNDEFINED,0,,,Y
SYSTEM,VW_COM_RETENCION,23,MODIFICACION,UNDEFINED,0,,,Y
SYSTEM,VW_COSTO_PROCESO_ART,1,AR_PESO,UNDEFINED,0,,,Y
SYSTEM,VW_COSTO_PROCESO_ART,2,AR_PROCESO,UNDEFINED,0,,,Y
SYSTEM,VW_DEL_LOGFACTURACION,1,ID,NUMBER,22,10,0,N
SYSTEM,VW_DEL_LOGFACTURACION,2,NOMBREDOCUMENTO,VARCHAR2,50,,,N
SYSTEM,VW_DEL_LOGFACTURACION,3,FECHA,DATE,7,,,Y
SYSTEM,VW_DEL_LOGFACTURACION,4,FECHACOMPLETA,VARCHAR2,19,,,Y
SYSTEM,VW_DEL_LOGFACTURACION,5,VALIDADO,VARCHAR2,1,,,Y
SYSTEM,VW_DEL_LOGFACTURACION,6,MENSAJEVALIDADO,VARCHAR2,500,,,Y
SYSTEM,VW_DEL_LOGFACTURACION,7,FECHAVALIDACION,DATE,7,,,Y
SYSTEM,VW_DEL_LOGFACTURACION,8,FECHAVALIDACIONCOMPLETA,VARCHAR2,19,,,Y
SYSTEM,VW_DEL_LOGFACTURACION,9,FIRMADO,VARCHAR2,1,,,Y
SYSTEM,VW_DEL_LOGFACTURACION,10,FECHAFIRMADO,DATE,7,,,Y
SYSTEM,VW_DEL_LOGFACTURACION,11,FECHAFIRMADOCOMPLETA,VARCHAR2,19,,,Y
SYSTEM,VW_DEL_LOGFACTURACION,12,RECIBIDA,VARCHAR2,1,,,Y
SYSTEM,VW_DEL_LOGFACTURACION,13,MENSAJERECIBIDA,VARCHAR2,500,,,Y
SYSTEM,VW_DEL_LOGFACTURACION,14,ESTADORECIBIDA,VARCHAR2,20,,,Y
SYSTEM,VW_DEL_LOGFACTURACION,15,FECHARECIBIDA,DATE,7,,,Y
SYSTEM,VW_DEL_LOGFACTURACION,16,FECHARECIBIDACOMPLETA,VARCHAR2,19,,,Y
SYSTEM,VW_DEL_LOGFACTURACION,17,AUTORIZACION,VARCHAR2,1,,,Y
SYSTEM,VW_DEL_LOGFACTURACION,18,MENSAJEAUTORIZACION,VARCHAR2,500,,,Y
SYSTEM,VW_DEL_LOGFACTURACION,19,ESTADOAUTORIZACION,VARCHAR2,20,,,Y
SYSTEM,VW_DEL_LOGFACTURACION,20,FECHAAUTORIZACION,DATE,7,,,Y
SYSTEM,VW_DEL_LOGFACTURACION,21,FECHAAUTORIZACIONCOMPLETA,VARCHAR2,19,,,Y
SYSTEM,VW_DEL_LOGFACTURACION,22,MAILENVIADO,VARCHAR2,1,,,Y
SYSTEM,VW_DEL_LOGFACTURACION,23,EMAIL,VARCHAR2,300,,,Y
SYSTEM,VW_DEL_LOGFACTURACION,24,MENSAJEEMAIL,VARCHAR2,500,,,Y
SYSTEM,VW_DEL_LOGFACTURACION,25,FECHAMAIL,DATE,7,,,Y
SYSTEM,VW_DEL_LOGFACTURACION,26,FECHAMAILCOMPLETA,VARCHAR2,19,,,Y
SYSTEM,VW_DEL_LOGFACTURACION,27,CEDULARUC,VARCHAR2,20,,,Y
SYSTEM,VW_DEL_LOGFACTURACION,28,RAZONSOCIAL,VARCHAR2,300,,,Y
SYSTEM,VW_DEL_LOGFACTURACION,29,FKCOMPANIA,VARCHAR2,10,,,Y
SYSTEM,VW_DEL_LOGFACTURACION,30,FKNUMERO,NUMBER,22,18,0,Y
SYSTEM,VW_DEL_LOGFACTURACION,31,FKOFICINA,VARCHAR2,10,,,Y
SYSTEM,VW_DEL_LOGFACTURACION,32,FKSERIE,VARCHAR2,10,,,Y
SYSTEM,VW_DEL_LOGFACTURACION,33,LGFA_MOTIVO,VARCHAR2,20,,,Y
SYSTEM,VW_DEL_LOGFACTURACION,34,MOTIVO,VARCHAR2,20,,,Y
SYSTEM,VW_DEL_LOGFACTURACION,35,TIPOCOMPROBANTE,VARCHAR2,10,,,Y
SYSTEM,VW_DEL_LOGFACTURACION,36,DESCRIPCIONTIPOCOMP,VARCHAR2,300,,,Y
SYSTEM,VW_DEL_LOGFACTURACION,37,IDTIPOCOMPROBANTE,VARCHAR2,319,,,Y
SYSTEM,VW_DEL_LOGFACTURACION,38,ALIASTIPOCOMP,VARCHAR2,2,,,Y
SYSTEM,VW_DEL_LOGFACTURACION,39,FKVENTACOMPANIA,VARCHAR2,10,,,Y
SYSTEM,VW_DEL_LOGFACTURACION,40,FKVENTAOFICINA,VARCHAR2,3,,,Y
SYSTEM,VW_DEL_LOGFACTURACION,41,FKVENTASERIE,VARCHAR2,6,,,Y
SYSTEM,VW_DEL_LOGFACTURACION,42,FKVENTANUMERO,NUMBER,22,10,0,Y
SYSTEM,VW_DEL_LOGFACTURACION,43,FKVENTATIPODOCU,VARCHAR2,2,,,Y
SYSTEM,VW_DEL_LOGFACTURACION,44,FKENTRSALICOMPANIA,VARCHAR2,10,,,Y
SYSTEM,VW_DEL_LOGFACTURACION,45,FKENTRSALIOFICINA,VARCHAR2,3,,,Y
SYSTEM,VW_DEL_LOGFACTURACION,46,FKENTRSALINUMERO,VARCHAR2,10,,,Y
SYSTEM,VW_DEL_LOGFACTURACION,47,FKENTRSALITIPODOCU,VARCHAR2,2,,,Y
SYSTEM,VW_DEL_LOGFACTURACION,48,FKCOMPRACOMPANIA,VARCHAR2,10,,,Y
SYSTEM,VW_DEL_LOGFACTURACION,49,FKCOMPRAPROVEEDOR,VARCHAR2,13,,,Y
SYSTEM,VW_DEL_LOGFACTURACION,50,FKCOMPRASERIE,VARCHAR2,6,,,Y
SYSTEM,VW_DEL_LOGFACTURACION,51,FKCOMPRANUMERO,NUMBER,22,10,0,Y
SYSTEM,VW_DEL_LOGFACTURACION,52,FKCOMPRAALCANCE,NUMBER,22,1,0,Y
SYSTEM,VW_DEL_LOGFACTURACION,53,CODIGOERROR,VARCHAR2,10,,,Y
SYSTEM,VW_DEL_LOGFACTURACION,54,DESCRIPCIONERROR,VARCHAR2,2000,,,Y
SYSTEM,VW_DEL_LOGFACTURACION,55,SOLUCIONERROR,VARCHAR2,4000,,,Y
SYSTEM,VW_DEL_LOGFACTURACION,56,CREACION,VARCHAR2,33,,,Y
SYSTEM,VW_DEL_LOGFACTURACION,57,MODIFICACION,VARCHAR2,33,,,Y
SYSTEM,VW_DESCUENTO,1,RAZONSOCIAL,UNDEFINED,0,,,Y
SYSTEM,VW_DESCUENTO,2,DIRECCIONM,UNDEFINED,0,,,Y
SYSTEM,VW_DESCUENTO,3,TELEFONOM,UNDEFINED,0,,,Y
SYSTEM,VW_DESCUENTO,4,CIUDADM,UNDEFINED,0,,,Y
SYSTEM,VW_DESCUENTO,5,RUC,UNDEFINED,0,,,Y
SYSTEM,VW_DESCUENTO,6,AMBIENTE,UNDEFINED,0,,,Y
SYSTEM,VW_DESCUENTO,7,N_SERIE,UNDEFINED,0,,,Y
SYSTEM,VW_DESCUENTO,8,N_FACTURA,UNDEFINED,0,,,Y
SYSTEM,VW_DESCUENTO,9,TIPOEMISION,UNDEFINED,0,,,Y
SYSTEM,VW_DESCUENTO,10,NUMEAUTOSRI,UNDEFINED,0,,,Y
SYSTEM,VW_DESCUENTO,11,CLAVACCESRI,UNDEFINED,0,,,Y
SYSTEM,VW_DESCUENTO,12,FECHAUTOSRI,UNDEFINED,0,,,Y
SYSTEM,VW_DESCUENTO,13,FECHAEMISION,UNDEFINED,0,,,Y
SYSTEM,VW_DESCUENTO,14,DIRESTABLECIMIENTO,UNDEFINED,0,,,Y
SYSTEM,VW_DESCUENTO,15,DIRCLIENTE,UNDEFINED,0,,,Y
SYSTEM,VW_DESCUENTO,16,EMAIL,UNDEFINED,0,,,Y
SYSTEM,VW_DESCUENTO,17,TIPOIDENTIFICACIONCOMPRADOR,UNDEFINED,0,,,Y
SYSTEM,VW_DESCUENTO,18,RAZONSOCIALCOMPRADOR,UNDEFINED,0,,,Y
SYSTEM,VW_DESCUENTO,19,IDENTIFICACIONCOMPRADOR,UNDEFINED,0,,,Y
SYSTEM,VW_DESCUENTO,20,CONTRIBUYENTEESPECIAL,UNDEFINED,0,,,Y
SYSTEM,VW_DESCUENTO,21,OBLIGADOCONTABILIDAD,UNDEFINED,0,,,Y
SYSTEM,VW_DESCUENTO,22,CODDOCMODIFICADO,UNDEFINED,0,,,Y
SYSTEM,VW_DESCUENTO,23,DOCMODIFICADO,UNDEFINED,0,,,Y
SYSTEM,VW_DESCUENTO,24,NUMDOCMODIFICADO,UNDEFINED,0,,,Y
SYSTEM,VW_DESCUENTO,25,FECHAEMISIONDOCSUSTENTO,UNDEFINED,0,,,Y
SYSTEM,VW_DESCUENTO,26,TOTALSINIMPUESTOS,UNDEFINED,0,,,Y
SYSTEM,VW_DESCUENTO,27,VALORIVA,UNDEFINED,0,,,Y
SYSTEM,VW_DESCUENTO,28,BASEIVA0,UNDEFINED,0,,,Y
SYSTEM,VW_DESCUENTO,29,BASEIVA,UNDEFINED,0,,,Y
SYSTEM,VW_DESCUENTO,30,VALORMODIFICACION,UNDEFINED,0,,,Y
SYSTEM,VW_DESCUENTO,31,MONEDA,UNDEFINED,0,,,Y
SYSTEM,VW_DESCUENTO,32,TOTALDESCUENTO,UNDEFINED,0,,,Y
SYSTEM,VW_DESCUENTO,33,MOTIVO,UNDEFINED,0,,,Y
SYSTEM,VW_DESCUENTO,34,CODIGOINTERNO,UNDEFINED,0,,,Y
SYSTEM,VW_DESCUENTO,35,CODIGOADICIONAL,UNDEFINED,0,,,Y
SYSTEM,VW_DESCUENTO,36,DESCRIPCION,UNDEFINED,0,,,Y
SYSTEM,VW_DESCUENTO,37,CANTIDAD,UNDEFINED,0,,,Y
SYSTEM,VW_DESCUENTO,38,PRECIOUNITARIO,UNDEFINED,0,,,Y
SYSTEM,VW_DESCUENTO,39,DESCUENTO,UNDEFINED,0,,,Y
SYSTEM,VW_DESCUENTO,40,PRECIOTOTALSINIMPUESTO,UNDEFINED,0,,,Y
SYSTEM,VW_DESCUENTO,41,ARTICULO,UNDEFINED,0,,,Y
SYSTEM,VW_DESCUENTO,42,CLAVECOMPANIA,UNDEFINED,0,,,Y
SYSTEM,VW_DESCUENTO,43,CLAVEOFICINA,UNDEFINED,0,,,Y
SYSTEM,VW_DESCUENTO,44,CLAVESERIE,UNDEFINED,0,,,Y
SYSTEM,VW_DESCUENTO,45,CLAVENUMERO,UNDEFINED,0,,,Y
SYSTEM,VW_DETALLE_DIARIO,1,COMPANIA,UNDEFINED,0,,,Y
SYSTEM,VW_DETALLE_DIARIO,2,NUMERO,UNDEFINED,0,,,Y
SYSTEM,VW_DETALLE_DIARIO,3,CATALOGO,UNDEFINED,0,,,Y
SYSTEM,VW_DETALLE_DIARIO,4,CODIGO,UNDEFINED,0,,,Y
SYSTEM,VW_DETALLE_DIARIO,5,CUENTA,UNDEFINED,0,,,Y
SYSTEM,VW_DETALLE_DIARIO,6,DEBE,UNDEFINED,0,,,Y
SYSTEM,VW_DETALLE_DIARIO,7,HABER,UNDEFINED,0,,,Y
SYSTEM,VW_DETALLE_DIARIO,8,CODIGOCENTRO,UNDEFINED,0,,,Y
SYSTEM,VW_DETALLE_DIARIO,9,OFICINACENTRO,UNDEFINED,0,,,Y
SYSTEM,VW_DETALLE_DIARIO,10,NOMBREOFICINA,UNDEFINED,0,,,Y
SYSTEM,VW_DETALLE_DIARIO,11,CREACION,UNDEFINED,0,,,Y
SYSTEM,VW_DETALLE_DIARIO,12,MODIFICACION,UNDEFINED,0,,,Y
SYSTEM,VW_DETALLE_FACTURACOMPRA,1,COMPANIA,UNDEFINED,0,,,Y
SYSTEM,VW_DETALLE_FACTURACOMPRA,2,OFICINA,UNDEFINED,0,,,Y
SYSTEM,VW_DETALLE_FACTURACOMPRA,3,SERIE,UNDEFINED,0,,,Y
SYSTEM,VW_DETALLE_FACTURACOMPRA,4,NUMERO,UNDEFINED,0,,,Y
SYSTEM,VW_DETALLE_FACTURACOMPRA,5,ALCANCE,UNDEFINED,0,,,Y
SYSTEM,VW_DETALLE_FACTURACOMPRA,6,PROVCOMPANIA,UNDEFINED,0,,,Y
SYSTEM,VW_DETALLE_FACTURACOMPRA,7,IDPROVEEDOR,UNDEFINED,0,,,Y
SYSTEM,VW_DETALLE_FACTURACOMPRA,8,IDCLASE,UNDEFINED,0,,,Y
SYSTEM,VW_DETALLE_FACTURACOMPRA,9,CLASE,UNDEFINED,0,,,Y
SYSTEM,VW_DETALLE_FACTURACOMPRA,10,IDGRUPO,UNDEFINED,0,,,Y
SYSTEM,VW_DETALLE_FACTURACOMPRA,11,GRUPO,UNDEFINED,0,,,Y
SYSTEM,VW_DETALLE_FACTURACOMPRA,12,IDARTICULO,UNDEFINED,0,,,Y
SYSTEM,VW_DETALLE_FACTURACOMPRA,13,NOMBREARTICULO,UNDEFINED,0,,,Y
SYSTEM,VW_DETALLE_FACTURACOMPRA,14,IDUNIDAD,UNDEFINED,0,,,Y
SYSTEM,VW_DETALLE_FACTURACOMPRA,15,CANTIDAD,UNDEFINED,0,,,Y
SYSTEM,VW_DETALLE_FACTURACOMPRA,16,PRECIOUNITARIO,UNDEFINED,0,,,Y
SYSTEM,VW_DETALLE_FACTURACOMPRA,17,COSTOUNITARIO,UNDEFINED,0,,,Y
SYSTEM,VW_DETALLE_FACTURACOMPRA,18,PORCENTAJEDESCUENTO,UNDEFINED,0,,,Y
SYSTEM,VW_DETALLE_FACTURACOMPRA,19,VALORDESCUENTO,UNDEFINED,0,,,Y
SYSTEM,VW_DETALLE_FACTURACOMPRA,20,VALORMOVIMIENTO,UNDEFINED,0,,,Y
SYSTEM,VW_DETALLE_FACTURACOMPRA,21,TASAIVA,UNDEFINED,0,,,Y
SYSTEM,VW_DETALLE_FACTURACOMPRA,22,IMPUESTO,UNDEFINED,0,,,Y
SYSTEM,VW_DETALLE_FACTURAVENTAS,1,COMPANIA,UNDEFINED,0,,,Y
SYSTEM,VW_DETALLE_FACTURAVENTAS,2,OFICINA,UNDEFINED,0,,,Y
SYSTEM,VW_DETALLE_FACTURAVENTAS,3,NUMERO,UNDEFINED,0,,,Y
SYSTEM,VW_DETALLE_FACTURAVENTAS,4,TIPOCOMPROBANTE,UNDEFINED,0,,,Y
SYSTEM,VW_DETALLE_FACTURAVENTAS,5,SERIE,UNDEFINED,0,,,Y
SYSTEM,VW_DETALLE_FACTURAVENTAS,6,IDDETALLE,UNDEFINED,0,,,Y
SYSTEM,VW_DETALLE_FACTURAVENTAS,7,ARTICULO,UNDEFINED,0,,,Y
SYSTEM,VW_DETALLE_FACTURAVENTAS,8,NOMBREARTICULO,UNDEFINED,0,,,Y
SYSTEM,VW_DETALLE_FACTURAVENTAS,9,IDCLASE,UNDEFINED,0,,,Y
SYSTEM,VW_DETALLE_FACTURAVENTAS,10,CLASE,UNDEFINED,0,,,Y
SYSTEM,VW_DETALLE_FACTURAVENTAS,11,IDGRUPO,UNDEFINED,0,,,Y
SYSTEM,VW_DETALLE_FACTURAVENTAS,12,GRUPO,UNDEFINED,0,,,Y
SYSTEM,VW_DETALLE_FACTURAVENTAS,13,BODEGA,UNDEFINED,0,,,Y
SYSTEM,VW_DETALLE_FACTURAVENTAS,14,SECCION,UNDEFINED,0,,,Y
SYSTEM,VW_DETALLE_FACTURAVENTAS,15,UNIDADMEDIDA,UNDEFINED,0,,,Y
SYSTEM,VW_DETALLE_FACTURAVENTAS,16,VALOR,UNDEFINED,0,,,Y
SYSTEM,VW_DETALLE_FACTURAVENTAS,17,CANTIDAD,UNDEFINED,0,,,Y
SYSTEM,VW_DETALLE_FACTURAVENTAS,18,PRECIOUNITARIO,UNDEFINED,0,,,Y
SYSTEM,VW_DETALLE_FACTURAVENTAS,19,COSTOUNITARIO,UNDEFINED,0,,,Y
SYSTEM,VW_DETALLE_FACTURAVENTAS,20,ENTRADASALIDA,UNDEFINED,0,,,Y
SYSTEM,VW_DETALLE_FACTURAVENTAS,21,PROMOCION,UNDEFINED,0,,,Y
SYSTEM,VW_DETALLE_FACTURAVENTAS,22,PRORATEO,UNDEFINED,0,,,Y
SYSTEM,VW_DETALLE_FACTURAVENTAS,23,VALORADICIONAL,UNDEFINED,0,,,Y
SYSTEM,VW_DETALLE_FACTURAVENTAS,24,PORCENTAJEDESCUENTO,UNDEFINED,0,,,Y
SYSTEM,VW_DETALLE_FACTURAVENTAS,25,VALORDESCUENTO,UNDEFINED,0,,,Y
SYSTEM,VW_DETALLE_FACTURAVENTAS,26,TASAIVA,UNDEFINED,0,,,Y
SYSTEM,VW_DETALLE_FACTURAVENTAS,27,CREACION,UNDEFINED,0,,,Y
SYSTEM,VW_DETALLE_FACTURAVENTAS,28,MODIFICACION,UNDEFINED,0,,,Y
SYSTEM,VW_DETALLE_LOTE,1,IDDETAMOVIMIENTO,NUMBER,22,10,0,N
SYSTEM,VW_DETALLE_LOTE,2,CODIGO,NUMBER,22,10,0,N
SYSTEM,VW_DETALLE_LOTE,3,NUMEROLOTE,VARCHAR2,20,,,N
SYSTEM,VW_DETALLE_LOTE,4,COMPANIA,VARCHAR2,10,,,N
SYSTEM,VW_DETALLE_LOTE,5,FECHALOTE,VARCHAR2,19,,,Y
SYSTEM,VW_DETALLE_LOTE,6,FECHAVENCIMIENTO,VARCHAR2,19,,,Y
SYSTEM,VW_DETALLE_LOTE,7,CANTIDAD,NUMBER,22,16,6,Y
SYSTEM,VW_DETALLE_LOTE,8,OBSERVACIONES,VARCHAR2,100,,,Y
SYSTEM,VW_DETALLE_MOVIMIENTO,1,MOVIMIENTO,UNDEFINED,0,,,Y
SYSTEM,VW_DETALLE_MOVIMIENTO,2,IDMOVIMIENTO,UNDEFINED,0,,,Y
SYSTEM,VW_DETALLE_MOVIMIENTO,3,IDCLASE,UNDEFINED,0,,,Y
SYSTEM,VW_DETALLE_MOVIMIENTO,4,CLASEINVENTARIO,UNDEFINED,0,,,Y
SYSTEM,VW_DETALLE_MOVIMIENTO,5,IDGRUPO,UNDEFINED,0,,,Y
SYSTEM,VW_DETALLE_MOVIMIENTO,6,GRUPOINVENTARIO,UNDEFINED,0,,,Y
SYSTEM,VW_DETALLE_MOVIMIENTO,7,ARTL_ARTICULO,UNDEFINED,0,,,Y
SYSTEM,VW_DETALLE_MOVIMIENTO,8,NOMBRE,UNDEFINED,0,,,Y
SYSTEM,VW_DETALLE_MOVIMIENTO,9,IDUNIDADMEDIDA,UNDEFINED,0,,,Y
SYSTEM,VW_DETALLE_MOVIMIENTO,10,UNIDADMEDIDA,UNDEFINED,0,,,Y
SYSTEM,VW_DETALLE_MOVIMIENTO,11,CANTIDAD,UNDEFINED,0,,,Y
SYSTEM,VW_DETALLE_MOVIMIENTO,12,PRECIOUNITARIO,UNDEFINED,0,,,Y
SYSTEM,VW_DETALLE_MOVIMIENTO,13,VALOR,UNDEFINED,0,,,Y
SYSTEM,VW_DETALLE_MOVIMIENTO,14,COSTOUNITARIO,UNDEFINED,0,,,Y
SYSTEM,VW_DETALLE_MOVIMIENTO,15,CANTIDADSOLICITADA,UNDEFINED,0,,,Y
SYSTEM,VW_DETALLE_MOVIMIENTO,16,CANTIDADASIGNADA,UNDEFINED,0,,,Y
SYSTEM,VW_DETALLE_MOVIMIENTO,17,PORCENTAJEDESCUENTO,UNDEFINED,0,,,Y
SYSTEM,VW_DETALLE_MOVIMIENTO,18,FACTORIMPORTACION,UNDEFINED,0,,,Y
SYSTEM,VW_DETALLE_MOVIMIENTO,19,TASAIVA,UNDEFINED,0,,,Y
SYSTEM,VW_DETALLE_MOVIMIENTO,20,TASAICE,UNDEFINED,0,,,Y
SYSTEM,VW_DETALLE_MOVIMIENTO,21,PROMOCION,UNDEFINED,0,,,Y
SYSTEM,VW_DETALLE_MOVIMIENTO,22,PRORATEO,UNDEFINED,0,,,Y
SYSTEM,VW_DETALLE_MOVIMIENTO,23,VALORFOB,UNDEFINED,0,,,Y
SYSTEM,VW_DETALLE_MOVIMIENTO,24,VALORDESCUENTO,UNDEFINED,0,,,Y
SYSTEM,VW_DETALLE_MOVIMIENTO,25,VALORADICIONAL,UNDEFINED,0,,,Y
SYSTEM,VW_DETALLE_MOVIMIENTO,26,FKCOMPRACOMPANIA,UNDEFINED,0,,,Y
SYSTEM,VW_DETALLE_MOVIMIENTO,27,FKCOMPRACEDURUC,UNDEFINED,0,,,Y
SYSTEM,VW_DETALLE_MOVIMIENTO,28,FKCOMPRASERIE,UNDEFINED,0,,,Y
SYSTEM,VW_DETALLE_MOVIMIENTO,29,FKCOMPRANUMERO,UNDEFINED,0,,,Y
SYSTEM,VW_DETALLE_MOVIMIENTO,30,FKCOMPRAALCANCE,UNDEFINED,0,,,Y
SYSTEM,VW_DETALLE_MOVIMIENTO,31,FKENSACOMPANIA,UNDEFINED,0,,,Y
SYSTEM,VW_DETALLE_MOVIMIENTO,32,FKENSAOFICINA,UNDEFINED,0,,,Y
SYSTEM,VW_DETALLE_MOVIMIENTO,33,FKENSATIPODOCU,UNDEFINED,0,,,Y
SYSTEM,VW_DETALLE_MOVIMIENTO,34,FKENSANUMERO,UNDEFINED,0,,,Y
SYSTEM,VW_DETALLE_MOVIMIENTO,35,FKIMPORTACIONCOMPANIA,UNDEFINED,0,,,Y
SYSTEM,VW_DETALLE_MOVIMIENTO,36,FKIMPORTACIONOFICINA,UNDEFINED,0,,,Y
SYSTEM,VW_DETALLE_MOVIMIENTO,37,FKIMPORTACIONNUMERO,UNDEFINED,0,,,Y
SYSTEM,VW_DETALLE_MOVIMIENTO,38,FKNOTACREDCLIENTECOMPANIA,UNDEFINED,0,,,Y
SYSTEM,VW_DETALLE_MOVIMIENTO,39,FKNOTACREDCLIENTEOFICINA,UNDEFINED,0,,,Y
SYSTEM,VW_DETALLE_MOVIMIENTO,40,FKNOTACREDCLIENTESERIE,UNDEFINED,0,,,Y
SYSTEM,VW_DETALLE_MOVIMIENTO,41,FKNOTACREDCLIENTENUMERO,UNDEFINED,0,,,Y
SYSTEM,VW_DETALLE_MOVIMIENTO,42,FKNOTACREDPROVEEDORCOMPANIA,UNDEFINED,0,,,Y
SYSTEM,VW_DETALLE_MOVIMIENTO,43,FKNOTACREDPROVEEDORCEDURUC,UNDEFINED,0,,,Y
SYSTEM,VW_DETALLE_MOVIMIENTO,44,FKNOTACREDPROVEEDORNUMERO,UNDEFINED,0,,,Y
SYSTEM,VW_DETALLE_MOVIMIENTO,45,FKNOTACREDPROVEEDORSERIE,UNDEFINED,0,,,Y
SYSTEM,VW_DETALLE_MOVIMIENTO,46,FKNOTACREDPROVEEDORALCANCE,UNDEFINED,0,,,Y
SYSTEM,VW_DETALLE_MOVIMIENTO,47,FKVENTACOMPANIA,UNDEFINED,0,,,Y
SYSTEM,VW_DETALLE_MOVIMIENTO,48,FKVENTAOFICINA,UNDEFINED,0,,,Y
SYSTEM,VW_DETALLE_MOVIMIENTO,49,FKVENTASERIE,UNDEFINED,0,,,Y
SYSTEM,VW_DETALLE_MOVIMIENTO,50,FKVENTANUMERO,UNDEFINED,0,,,Y
SYSTEM,VW_DETALLE_MOVIMIENTO,51,FKVENTATIPOCOMP,UNDEFINED,0,,,Y
SYSTEM,VW_DETALLE_MOVIMIENTO,52,FKCAMBIOPRESENTACIONID,UNDEFINED,0,,,Y
SYSTEM,VW_DETALLE_MOVIMIENTO,53,OBS,UNDEFINED,0,,,Y
SYSTEM,VW_DETALLE_MOVIMIENTO,54,MODINUME,UNDEFINED,0,,,Y
SYSTEM,VW_DETALLE_MOVIMIENTO,55,MODISERIE,UNDEFINED,0,,,Y
SYSTEM,VW_DETALLE_MOVIMIENTO,56,TIPOMOVI,UNDEFINED,0,,,Y
SYSTEM,VW_DETALLE_MOVIMIENTO,57,SECC_CODIBODE,UNDEFINED,0,,,Y
SYSTEM,VW_DETALLE_MOVIMIENTO,58,BODEGA,UNDEFINED,0,,,Y
SYSTEM,VW_DETALLE_MOVIMIENTO,59,SECC_CODISECC,UNDEFINED,0,,,Y
SYSTEM,VW_DETALLE_MOVIMIENTO,60,SECCIONFISICA,UNDEFINED,0,,,Y
SYSTEM,VW_DETALLE_MOVIMIENTO,61,FACTUTIL,UNDEFINED,0,,,Y
SYSTEM,VW_DETALLE_MOVIMIENTO,62,COSTANTE,UNDEFINED,0,,,Y
SYSTEM,VW_DETALLE_MOVIMIENTO,63,LSPR_LSPR_ID,UNDEFINED,0,,,Y
SYSTEM,VW_DETALLE_MOVIMIENTO,64,CANTPERD,UNDEFINED,0,,,Y
SYSTEM,VW_DETALLE_MOVIMIENTO,65,DTMV_DTMV_ID,UNDEFINED,0,,,Y
SYSTEM,VW_DETALLE_MOVIMIENTO,66,RCTA_RCTA_ID,UNDEFINED,0,,,Y
SYSTEM,VW_DETALLE_MOVIMIENTO,67,UMED_UNIDMEDI_CAJA,UNDEFINED,0,,,Y
SYSTEM,VW_DETALLE_MOVIMIENTO,68,NANDINA,UNDEFINED,0,,,Y
SYSTEM,VW_DETALLE_MOVIMIENTO,69,CANTITEM,UNDEFINED,0,,,Y
SYSTEM,VW_DETALLE_MOVIMIENTO,70,NUMEAGRU,UNDEFINED,0,,,Y
SYSTEM,VW_DETALLE_MOVIMIENTO,71,CREACION,UNDEFINED,0,,,Y
SYSTEM,VW_DETALLE_MOVIMIENTO,72,MODIFICACION,UNDEFINED,0,,,Y
SYSTEM,VW_DETALLE_NC,1,NCCL_COMPANIA,VARCHAR2,10,,,Y
SYSTEM,VW_DETALLE_NC,2,NCCL_OFICINA,VARCHAR2,3,,,Y
SYSTEM,VW_DETALLE_NC,3,NCCL_SERIE,VARCHAR2,6,,,Y
SYSTEM,VW_DETALLE_NC,4,NCCL_NUMERO,VARCHAR2,10,,,Y
SYSTEM,VW_DETALLE_RETENCION,1,PKRETENCION,UNDEFINED,0,,,Y
SYSTEM,VW_DETALLE_RETENCION,2,SERIE,UNDEFINED,0,,,Y
SYSTEM,VW_DETALLE_RETENCION,3,NUMERO,UNDEFINED,0,,,Y
SYSTEM,VW_DETALLE_RETENCION,4,OFICINAVENTA,UNDEFINED,0,,,Y
SYSTEM,VW_DETALLE_RETENCION,5,COMPANIAVENTA,UNDEFINED,0,,,Y
SYSTEM,VW_DETALLE_RETENCION,6,NUMEROVENTA,UNDEFINED,0,,,Y
SYSTEM,VW_DETALLE_RETENCION,7,SERIEVENTA,UNDEFINED,0,,,Y
SYSTEM,VW_DETALLE_RETENCION,8,TIPOCOMPROBANTEVENTA,UNDEFINED,0,,,Y
SYSTEM,VW_DETALLE_RETENCION,9,COMPANIACOMPRA,UNDEFINED,0,,,Y
SYSTEM,VW_DETALLE_RETENCION,10,PROVEEDORCOMPRA,UNDEFINED,0,,,Y
SYSTEM,VW_DETALLE_RETENCION,11,SERIECOMPRA,UNDEFINED,0,,,Y
SYSTEM,VW_DETALLE_RETENCION,12,NUMEROCOMPRA,UNDEFINED,0,,,Y
SYSTEM,VW_DETALLE_RETENCION,13,ALCANCECOMPRA,UNDEFINED,0,,,Y
SYSTEM,VW_DETALLE_RETENCION,14,RAZONSOCIAL,UNDEFINED,0,,,Y
SYSTEM,VW_DETALLE_RETENCION,15,TIPODOCUMENTO,UNDEFINED,0,,,Y
SYSTEM,VW_DETALLE_RETENCION,16,DOCUMENTO,UNDEFINED,0,,,Y
SYSTEM,VW_DETALLE_RETENCION,17,FECHAEMISIONDOCSUSTENTO,UNDEFINED,0,,,Y
SYSTEM,VW_DETALLE_RETENCION,18,EJERCICIOFISCAL,UNDEFINED,0,,,Y
SYSTEM,VW_DETALLE_RETENCION,19,BASEIMPONIBLE,UNDEFINED,0,,,Y
SYSTEM,VW_DETALLE_RETENCION,20,IMPUESTO,UNDEFINED,0,,,Y
SYSTEM,VW_DETALLE_RETENCION,21,PORCENTAJERETENCION,UNDEFINED,0,,,Y
SYSTEM,VW_DETALLE_RETENCION,22,VALORRETENIDO,UNDEFINED,0,,,Y
SYSTEM,VW_DETALLE_RETENCION,23,IDTIPORETENCION,UNDEFINED,0,,,Y
SYSTEM,VW_DETALLE_RETENCION,24,TIPORETENCION,UNDEFINED,0,,,Y
SYSTEM,VW_DETALLE_TRANSFERECIA,1,CODIGO,UNDEFINED,0,,,Y
SYSTEM,VW_DETALLE_TRANSFERECIA,2,BODEGA,UNDEFINED,0,,,Y
SYSTEM,VW_DETALLE_TRANSFERECIA,3,BODEGADESCRIPCION,UNDEFINED,0,,,Y
SYSTEM,VW_DETALLE_TRANSFERECIA,4,CLASE,UNDEFINED,0,,,Y
SYSTEM,VW_DETALLE_TRANSFERECIA,5,GRUPO,UNDEFINED,0,,,Y
SYSTEM,VW_DETALLE_TRANSFERECIA,6,ARTICULO,UNDEFINED,0,,,Y
SYSTEM,VW_DETALLE_TRANSFERECIA,7,NOMBRE,UNDEFINED,0,,,Y
SYSTEM,VW_DETALLE_TRANSFERECIA,8,MEDIDA,UNDEFINED,0,,,Y
SYSTEM,VW_DETALLE_TRANSFERECIA,9,DESCRIPCIONMEDIDA,UNDEFINED,0,,,Y
SYSTEM,VW_DETALLE_TRANSFERECIA,10,CANTIDAD,UNDEFINED,0,,,Y
SYSTEM,VW_DETALLE_TRANSFERECIA,11,CANTIDADSOLICITADA,UNDEFINED,0,,,Y
SYSTEM,VW_DETALLE_TRANSFERECIA,12,CANTIDADASIGNADA,UNDEFINED,0,,,Y
SYSTEM,VW_DETALLE_TRANSFERECIA,13,COSTOUNITARIO,UNDEFINED,0,,,Y
SYSTEM,VW_DETALLE_TRANSFERECIA,14,VALOR,UNDEFINED,0,,,Y
SYSTEM,VW_DETALLE_TRANSFERECIA,15,ENSA_NUMERO,UNDEFINED,0,,,Y
SYSTEM,VW_DETALLE_TRANSFERECIA,16,ENSA_COMPANIA,UNDEFINED,0,,,Y
SYSTEM,VW_DETALLE_TRANSFERECIA,17,ENSA_OFICINA,UNDEFINED,0,,,Y
SYSTEM,VW_DETALLE_TRANSFERECIA,18,ENSA_TIPODOCU,UNDEFINED,0,,,Y
SYSTEM,VW_DETALLE_TRANSFERECIA,19,CREACION,UNDEFINED,0,,,Y
SYSTEM,VW_DETALLE_TRANSFERECIA,20,MODIFICACION,UNDEFINED,0,,,Y
SYSTEM,VW_DETA_VENTA_DIFERIDA,1,VNTA_COMPANIA,VARCHAR2,10,,,N
SYSTEM,VW_DETA_VENTA_DIFERIDA,2,VNTA_OFICINA,VARCHAR2,3,,,N
SYSTEM,VW_DETA_VENTA_DIFERIDA,3,VNTA_TIPOCOMP,VARCHAR2,2,,,N
SYSTEM,VW_DETA_VENTA_DIFERIDA,4,VNTA_SERIE,VARCHAR2,6,,,N
SYSTEM,VW_DETA_VENTA_DIFERIDA,5,VNTA_NUMERO,NUMBER,22,10,0,N
SYSTEM,VW_DETA_VENTA_DIFERIDA,6,DTMV_ID,NUMBER,22,10,0,N
SYSTEM,VW_DETA_VENTA_DIFERIDA,7,ARTL_COMPANIA,VARCHAR2,10,,,N
SYSTEM,VW_DETA_VENTA_DIFERIDA,8,ARTL_CODIGRUP,VARCHAR2,20,,,N
SYSTEM,VW_DETA_VENTA_DIFERIDA,9,ARTL_CLASE,VARCHAR2,20,,,N
SYSTEM,VW_DETA_VENTA_DIFERIDA,10,ARTL_ARTICULO,VARCHAR2,30,,,N
SYSTEM,VW_DETA_VENTA_DIFERIDA,11,ARTL_COMPANIA_RELA,VARCHAR2,500,,,Y
SYSTEM,VW_DETA_VENTA_DIFERIDA,12,ARTL_CLASE_RELA,VARCHAR2,500,,,Y
SYSTEM,VW_DETA_VENTA_DIFERIDA,13,ARTL_CODIGRUP_RELA,VARCHAR2,500,,,Y
SYSTEM,VW_DETA_VENTA_DIFERIDA,14,ARTL_ARTICULO_RELA,VARCHAR2,500,,,Y
SYSTEM,VW_DETA_VENTA_DIFERIDA,15,DPR_ID,NUMBER,22,10,0,N
SYSTEM,VW_DETA_VENTA_DIFERIDA,16,C_FACTURADA,NUMBER,22,16,6,N
SYSTEM,VW_DETA_VENTA_DIFERIDA,17,C_ENTREGADA,NUMBER,22,16,6,Y
SYSTEM,VW_DETA_VENTA_DIFERIDA,18,C_PENDIENTE,NUMBER,22,,,Y
SYSTEM,VW_DETA_VENTA_DIFERIDA,19,CANTIDAD_EN,NUMBER,22,,,Y
SYSTEM,VW_DETA_VENTA_DIFERIDA,20,COSTO_EN,NUMBER,22,,,Y
SYSTEM,VW_DETA_VENTA_DIFERIDA,21,VALOR_EN,NUMBER,22,,,Y
SYSTEM,VW_DETA_VENTA_DIFERIDA,22,NUMERO_SA,VARCHAR2,10,,,N
SYSTEM,VW_DETA_VENTA_DIFERIDA,23,TIPO_DUMENTO_SA,VARCHAR2,2,,,N
SYSTEM,VW_DETA_VENTA_DIFERIDA,24,FECHA_SA,DATE,7,,,N
SYSTEM,VW_DETA_VENTA_DIFERIDA,25,CANTIDAD_SA,NUMBER,22,16,6,N
SYSTEM,VW_DETA_VENTA_DIFERIDA,26,COSTO_SA,NUMBER,22,18,8,N
SYSTEM,VW_DETA_VENTA_DIFERIDA,27,VALOR_SA,NUMBER,22,20,8,N
SYSTEM,VW_DEVOLUCION,1,RAZONSOCIAL,UNDEFINED,0,,,Y
SYSTEM,VW_DEVOLUCION,2,DIRECCIONM,UNDEFINED,0,,,Y
SYSTEM,VW_DEVOLUCION,3,TELEFONOM,UNDEFINED,0,,,Y
SYSTEM,VW_DEVOLUCION,4,CIUDADM,UNDEFINED,0,,,Y
SYSTEM,VW_DEVOLUCION,5,RUC,UNDEFINED,0,,,Y
SYSTEM,VW_DEVOLUCION,6,AMBIENTE,UNDEFINED,0,,,Y
SYSTEM,VW_DEVOLUCION,7,NSERIE,UNDEFINED,0,,,Y
SYSTEM,VW_DEVOLUCION,8,N_FACTURA,UNDEFINED,0,,,Y
SYSTEM,VW_DEVOLUCION,9,TIPOEMISION,UNDEFINED,0,,,Y
SYSTEM,VW_DEVOLUCION,10,NUMEAUTOSRI,UNDEFINED,0,,,Y
SYSTEM,VW_DEVOLUCION,11,CLAVACCESRI,UNDEFINED,0,,,Y
SYSTEM,VW_DEVOLUCION,12,FECHAUTOSRI,UNDEFINED,0,,,Y
SYSTEM,VW_DEVOLUCION,13,FECHAEMISION,UNDEFINED,0,,,Y
SYSTEM,VW_DEVOLUCION,14,DIRESTABLECIMIENTO,UNDEFINED,0,,,Y
SYSTEM,VW_DEVOLUCION,15,DIRCLIENTE,UNDEFINED,0,,,Y
SYSTEM,VW_DEVOLUCION,16,EMAIL,UNDEFINED,0,,,Y
SYSTEM,VW_DEVOLUCION,17,TIPOIDENTIFICACIONCOMPRADOR,UNDEFINED,0,,,Y
SYSTEM,VW_DEVOLUCION,18,RAZONSOCIALCOMPRADOR,UNDEFINED,0,,,Y
SYSTEM,VW_DEVOLUCION,19,IDENTIFICACIONCOMPRADOR,UNDEFINED,0,,,Y
SYSTEM,VW_DEVOLUCION,20,CONTRIBUYENTEESPECIAL,UNDEFINED,0,,,Y
SYSTEM,VW_DEVOLUCION,21,OBLIGADOCONTABILIDAD,UNDEFINED,0,,,Y
SYSTEM,VW_DEVOLUCION,22,CODDOCMODIFICADO,UNDEFINED,0,,,Y
SYSTEM,VW_DEVOLUCION,23,DOCMODIFICADO,UNDEFINED,0,,,Y
SYSTEM,VW_DEVOLUCION,24,NUMDOCMODIFICADO,UNDEFINED,0,,,Y
SYSTEM,VW_DEVOLUCION,25,FECHAEMISIONDOCSUSTENTO,UNDEFINED,0,,,Y
SYSTEM,VW_DEVOLUCION,26,TOTALSINIMPUESTOS,UNDEFINED,0,,,Y
SYSTEM,VW_DEVOLUCION,27,VALORIVA,UNDEFINED,0,,,Y
SYSTEM,VW_DEVOLUCION,28,BASEIVA0,UNDEFINED,0,,,Y
SYSTEM,VW_DEVOLUCION,29,BASEIVA,UNDEFINED,0,,,Y
SYSTEM,VW_DEVOLUCION,30,VALORMODIFICACION,UNDEFINED,0,,,Y
SYSTEM,VW_DEVOLUCION,31,MONEDA,UNDEFINED,0,,,Y
SYSTEM,VW_DEVOLUCION,32,TOTALDESCUENTO,UNDEFINED,0,,,Y
SYSTEM,VW_DEVOLUCION,33,MOTIVO,UNDEFINED,0,,,Y
SYSTEM,VW_DEVOLUCION,34,CODIGOINTERNO,UNDEFINED,0,,,Y
SYSTEM,VW_DEVOLUCION,35,CODIGOADICIONAL,UNDEFINED,0,,,Y
SYSTEM,VW_DEVOLUCION,36,DESCRIPCION,UNDEFINED,0,,,Y
SYSTEM,VW_DEVOLUCION,37,CANTIDAD,UNDEFINED,0,,,Y
SYSTEM,VW_DEVOLUCION,38,PRECIOUNITARIO,UNDEFINED,0,,,Y
SYSTEM,VW_DEVOLUCION,39,DESCUENTO,UNDEFINED,0,,,Y
SYSTEM,VW_DEVOLUCION,40,PRECIOTOTALSINIMPUESTO,UNDEFINED,0,,,Y
SYSTEM,VW_DEVOLUCION,41,CLAVECOMPANIA,UNDEFINED,0,,,Y
SYSTEM,VW_DEVOLUCION,42,CLAVEOFICINA,UNDEFINED,0,,,Y
SYSTEM,VW_DEVOLUCION,43,CLAVESERIE,UNDEFINED,0,,,Y
SYSTEM,VW_DEVOLUCION,44,CLAVENUMERO,UNDEFINED,0,,,Y
SYSTEM,VW_DWH_ALM_LINECOMP,1,CODIGRUP,VARCHAR2,20,,,N
SYSTEM,VW_DWH_ARTICULO,1,COD_LINEA,UNDEFINED,0,,,Y
SYSTEM,VW_DWH_ARTICULO,2,COD_SUBLINEA,UNDEFINED,0,,,Y
SYSTEM,VW_DWH_ARTICULO,3,ARTL_ARTICULO,UNDEFINED,0,,,Y
SYSTEM,VW_DWH_ARTICULO,4,ARTICULO,UNDEFINED,0,,,Y
SYSTEM,VW_DWH_CLIENTES,1,CLIENTE,UNDEFINED,0,,,Y
SYSTEM,VW_DWH_CODIGRUP,1,ARTL_CODIGRUP,VARCHAR2,120,,,N
SYSTEM,VW_DWH_CODIGRUP,2,DESC_CODIGRUP,VARCHAR2,120,,,N
SYSTEM,VW_DWH_CVENDZONA,1,IDCZONA,UNDEFINED,0,,,Y
SYSTEM,VW_DWH_CVENDZONA,2,CZONA,UNDEFINED,0,,,Y
SYSTEM,VW_DWH_LINEAS,1,COD_LINEA,UNDEFINED,0,,,Y
SYSTEM,VW_DWH_LINEAS,2,LINEA,UNDEFINED,0,,,Y
SYSTEM,VW_DWH_LINECOMP,1,LINECOMP,VARCHAR2,30,,,Y
SYSTEM,VW_DWH_LINECOMP,2,DESC_LINECOMP,VARCHAR2,500,,,Y
SYSTEM,VW_DWH_OFICINA,1,OFCN_OFICINA,VARCHAR2,3,,,Y
SYSTEM,VW_DWH_OFICINA,2,DESC_OFICINA,VARCHAR2,50,,,Y
SYSTEM,VW_DWH_PROVINCIA,1,CODIPROV,VARCHAR2,10,,,Y
SYSTEM,VW_DWH_PROVINCIA,2,PROVINCIA,VARCHAR2,100,,,Y
SYSTEM,VW_DWH_ROTACION,1,ROTACION,VARCHAR2,5,,,Y
SYSTEM,VW_DWH_ROTACION,2,DESC_ROTACION,VARCHAR2,500,,,Y
SYSTEM,VW_DWH_SUBLINEAS,1,COD_LINEA,UNDEFINED,0,,,Y
SYSTEM,VW_DWH_SUBLINEAS,2,COD_SUBLINEA,UNDEFINED,0,,,Y
SYSTEM,VW_DWH_SUBLINEAS,3,SUBLINEA,UNDEFINED,0,,,Y
SYSTEM,VW_DWH_UNIDNEGO,1,UNIDNEGO,UNDEFINED,0,,,Y
SYSTEM,VW_DWH_UNIDNEGO,2,DESCRIPC,UNDEFINED,0,,,Y
SYSTEM,VW_DWH_UNIDNEGO,3,UNINEGO_NIVEL_1,UNDEFINED,0,,,Y
SYSTEM,VW_DWH_UNIDNEGO,4,UNINEGO_NIVEL_2,UNDEFINED,0,,,Y
SYSTEM,VW_DWH_UNIDNEGO,5,UNINEGO_NIVEL_3,UNDEFINED,0,,,Y
SYSTEM,VW_DWH_UNIDNEGO,6,UNINEGO_NIVEL_4,UNDEFINED,0,,,Y
SYSTEM,VW_DWH_UNIDNEGO,7,NIVEL,UNDEFINED,0,,,Y
SYSTEM,VW_DWH_UNIDNEGO,8,UNNE_CODIGO,UNDEFINED,0,,,Y
SYSTEM,VW_DWH_UNIDNEGO,9,GRUPO,UNDEFINED,0,,,Y
SYSTEM,VW_DWH_UNIDNEGO,10,ORDENWEB,UNDEFINED,0,,,Y
SYSTEM,VW_DWH_UNIDNEGO,11,COLORWEB,UNDEFINED,0,,,Y
SYSTEM,VW_DWH_UNIDNEGO,12,IMAGENWEB,UNDEFINED,0,,,Y
SYSTEM,VW_DWH_UNIDNEGO,13,PROCDESC,UNDEFINED,0,,,Y
SYSTEM,VW_DWH_UNIDNEGO,14,CODIGO2,UNDEFINED,0,,,Y
SYSTEM,VW_DWH_VENDEDOR,1,IDVENDEDOR,VARCHAR2,100,,,Y
SYSTEM,VW_DWH_VENDEDOR,2,VENDEDOR,VARCHAR2,100,,,Y
SYSTEM,VW_DWH_VENDZONA,1,OFCN_OFICINA,UNDEFINED,0,,,Y
SYSTEM,VW_DWH_VENDZONA,2,DESC_OFICINA,UNDEFINED,0,,,Y
SYSTEM,VW_DWH_VENDZONA,3,CEDURUC,UNDEFINED,0,,,Y
SYSTEM,VW_DWH_VENDZONA,4,IDVENDEDOR,UNDEFINED,0,,,Y
SYSTEM,VW_DWH_VENDZONA,5,VENDEDOR,UNDEFINED,0,,,Y
SYSTEM,VW_DWH_VENDZONA,6,IDCZONA,UNDEFINED,0,,,Y
SYSTEM,VW_DWH_VENDZONA,7,VNDR_CODIGO,UNDEFINED,0,,,Y
SYSTEM,VW_DWH_VENDZONA,8,SECTOR,UNDEFINED,0,,,Y
SYSTEM,VW_DWH_VENDZONA,9,ZONA,UNDEFINED,0,,,Y
SYSTEM,VW_DWH_ZONA,1,ZONA_CODIZONA,VARCHAR2,10,,,Y
SYSTEM,VW_DWH_ZONA,2,ZONA,VARCHAR2,100,,,Y
SYSTEM,VW_EGRESO_EMPLEADOS,1,FECHA,UNDEFINED,0,,,Y
SYSTEM,VW_EGRESO_EMPLEADOS,2,NUMEDIAR,UNDEFINED,0,,,Y
SYSTEM,VW_EGRESO_EMPLEADOS,3,CMPN_COMPANIA,UNDEFINED,0,,,Y
SYSTEM,VW_EGRESO_EMPLEADOS,4,REFER,UNDEFINED,0,,,Y
SYSTEM,VW_EGRESO_EMPLEADOS,5,DESCRIPC,UNDEFINED,0,,,Y
SYSTEM,VW_EGRESO_EMPLEADOS,6,RHHS_CEDURUC,UNDEFINED,0,,,Y
SYSTEM,VW_EGRESO_EMPLEADOS,7,NOMBRE,UNDEFINED,0,,,Y
SYSTEM,VW_EGRESO_EMPLEADOS,8,DEBE,UNDEFINED,0,,,Y
SYSTEM,VW_EGRESO_EMPLEADOS,9,HABER,UNDEFINED,0,,,Y
SYSTEM,VW_EGRESO_EMPLEADOS,10,SALDO,UNDEFINED,0,,,Y
SYSTEM,VW_EXAMPLE,1,CLASE,UNDEFINED,0,,,Y
SYSTEM,VW_EXAMPLE,2,GRUPO,UNDEFINED,0,,,Y
SYSTEM,VW_EXAMPLE,3,ARTICULO,UNDEFINED,0,,,Y
SYSTEM,VW_EXAMPLE,4,VALORDESC,UNDEFINED,0,,,Y
SYSTEM,VW_EXAMPLE,5,NOMBRE,UNDEFINED,0,,,Y
SYSTEM,VW_EXAMPLE,6,UNI,UNDEFINED,0,,,Y
SYSTEM,VW_EXAMPLE,7,PRECIO,UNDEFINED,0,,,Y
SYSTEM,VW_EXAMPLE,8,IMPUESTO,UNDEFINED,0,,,Y
SYSTEM,VW_EXAMPLE,9,PRECIOIVA,UNDEFINED,0,,,Y
SYSTEM,VW_EXAMPLE,10,EXISTENCIA,UNDEFINED,0,,,Y
SYSTEM,VW_EXAMPLE,11,COSTO,UNDEFINED,0,,,Y
SYSTEM,VW_EXAMPLE,12,FULTIMAVENTA,UNDEFINED,0,,,Y
SYSTEM,VW_EXAMPLE,13,FPROXIMAVENTA,UNDEFINED,0,,,Y
SYSTEM,VW_EXAMPLE,14,FCADUCIDAD,UNDEFINED,0,,,Y
SYSTEM,VW_EXAMPLE,15,CONSUMOMENSUAL,UNDEFINED,0,,,Y
SYSTEM,VW_EXAMPLE,16,EXISTENCIA_NAC,UNDEFINED,0,,,Y
SYSTEM,VW_EXAMPLE,17,EXISTENCIA_BODE,UNDEFINED,0,,,Y
SYSTEM,VW_EXAMPLE,18,KARDEX,UNDEFINED,0,,,Y
SYSTEM,VW_EXAMPLE,19,EXISTENC,UNDEFINED,0,,,Y
SYSTEM,VW_EXIST_ART,1,EXIST_TOTAL,UNDEFINED,0,,,Y
SYSTEM,VW_EXIST_ART,2,ARTICULO,UNDEFINED,0,,,Y
SYSTEM,VW_EXIST_ART,3,NOMBRE,UNDEFINED,0,,,Y
SYSTEM,VW_EXIST_ART,4,LOTCOMP,UNDEFINED,0,,,Y
SYSTEM,VW_EXIST_ART,5,NUMLOTE,UNDEFINED,0,,,Y
SYSTEM,VW_EXIST_ART,6,SECC_CODIBODE,UNDEFINED,0,,,Y
SYSTEM,VW_EXIST_ART,7,SECC_COMPANIA,UNDEFINED,0,,,Y
SYSTEM,VW_EXIST_ART,8,SECC_OFICINA,UNDEFINED,0,,,Y
SYSTEM,VW_EXIST_ART,9,CLASE,UNDEFINED,0,,,Y
SYSTEM,VW_EXIST_ART,10,GRUPO,UNDEFINED,0,,,Y
SYSTEM,VW_EXIST_ART,11,VENCE,UNDEFINED,0,,,Y
SYSTEM,VW_EXIST_ART,12,UNIDAD,UNDEFINED,0,,,Y
SYSTEM,VW_EXIST_LOTE,1,EXIST_TOTAL,UNDEFINED,0,,,Y
SYSTEM,VW_EXIST_LOTE,2,ARTICULO,UNDEFINED,0,,,Y
SYSTEM,VW_EXIST_LOTE,3,NOMBRE,UNDEFINED,0,,,Y
SYSTEM,VW_EXIST_LOTE,4,LOTCOMP,UNDEFINED,0,,,Y
SYSTEM,VW_EXIST_LOTE,5,NUMLOTE,UNDEFINED,0,,,Y
SYSTEM,VW_EXIST_LOTE,6,ALCALOTE,UNDEFINED,0,,,Y
SYSTEM,VW_EXIST_LOTE,7,SECC_CODIBODE,UNDEFINED,0,,,Y
SYSTEM,VW_EXIST_LOTE,8,SECC_COMPANIA,UNDEFINED,0,,,Y
SYSTEM,VW_EXIST_LOTE,9,SECC_OFICINA,UNDEFINED,0,,,Y
SYSTEM,VW_EXIST_LOTE,10,CLASE,UNDEFINED,0,,,Y
SYSTEM,VW_EXIST_LOTE,11,GRUPO,UNDEFINED,0,,,Y
SYSTEM,VW_EXIST_LOTE,12,EMISION,UNDEFINED,0,,,Y
SYSTEM,VW_EXIST_LOTE,13,VENCE,UNDEFINED,0,,,Y
SYSTEM,VW_EXIST_LOTE,14,UNIDAD,UNDEFINED,0,,,Y
SYSTEM,VW_EXIST_LOTE_ANT,1,EXIST_TOTAL,UNDEFINED,0,,,Y
SYSTEM,VW_EXIST_LOTE_ANT,2,ARTICULO,UNDEFINED,0,,,Y
SYSTEM,VW_EXIST_LOTE_ANT,3,NOMBRE,UNDEFINED,0,,,Y
SYSTEM,VW_EXIST_LOTE_ANT,4,LOTCOMP,UNDEFINED,0,,,Y
SYSTEM,VW_EXIST_LOTE_ANT,5,NUMLOTE,UNDEFINED,0,,,Y
SYSTEM,VW_EXIST_LOTE_ANT,6,SECC_CODIBODE,UNDEFINED,0,,,Y
SYSTEM,VW_EXIST_LOTE_ANT,7,SECC_COMPANIA,UNDEFINED,0,,,Y
SYSTEM,VW_EXIST_LOTE_ANT,8,SECC_OFICINA,UNDEFINED,0,,,Y
SYSTEM,VW_EXIST_LOTE_ANT,9,CLASE,UNDEFINED,0,,,Y
SYSTEM,VW_EXIST_LOTE_ANT,10,GRUPO,UNDEFINED,0,,,Y
SYSTEM,VW_EXIST_LOTE_ANT,11,VENCE,UNDEFINED,0,,,Y
SYSTEM,VW_EXIST_LOTE_ANT,12,UNIDAD,UNDEFINED,0,,,Y
SYSTEM,VW_EXIST_LOTE_WEB,1,EXIST_TOTAL,UNDEFINED,0,,,Y
SYSTEM,VW_EXIST_LOTE_WEB,2,ARTICULO,UNDEFINED,0,,,Y
SYSTEM,VW_EXIST_LOTE_WEB,3,NOMBRE,UNDEFINED,0,,,Y
SYSTEM,VW_EXIST_LOTE_WEB,4,LOTCOMP,UNDEFINED,0,,,Y
SYSTEM,VW_EXIST_LOTE_WEB,5,NUMLOTE,UNDEFINED,0,,,Y
SYSTEM,VW_EXIST_LOTE_WEB,6,ALCALOTE,UNDEFINED,0,,,Y
SYSTEM,VW_EXIST_LOTE_WEB,7,SECC_CODIBODE,UNDEFINED,0,,,Y
SYSTEM,VW_EXIST_LOTE_WEB,8,SECC_COMPANIA,UNDEFINED,0,,,Y
SYSTEM,VW_EXIST_LOTE_WEB,9,SECC_OFICINA,UNDEFINED,0,,,Y
SYSTEM,VW_EXIST_LOTE_WEB,10,CLASE,UNDEFINED,0,,,Y
SYSTEM,VW_EXIST_LOTE_WEB,11,GRUPO,UNDEFINED,0,,,Y
SYSTEM,VW_EXIST_LOTE_WEB,12,VENCE,UNDEFINED,0,,,Y
SYSTEM,VW_EXIST_LOTE_WEB,13,UNIDAD,UNDEFINED,0,,,Y
SYSTEM,VW_EXIST_LOTE_WEB,14,PRECIO,UNDEFINED,0,,,Y
SYSTEM,VW_GEN_PROCESOS,1,OFICINA,UNDEFINED,0,,,Y
SYSTEM,VW_GEN_PROCESOS,2,NOMBREOFICINA,UNDEFINED,0,,,Y
SYSTEM,VW_GEN_PROCESOS,3,IDUSUARIO,UNDEFINED,0,,,Y
SYSTEM,VW_GEN_PROCESOS,4,NOMBREUSUARIO,UNDEFINED,0,,,Y
SYSTEM,VW_GEN_PROCESOS,5,FECHA,UNDEFINED,0,,,Y
SYSTEM,VW_GEN_PROCESOS,6,FECHACOMPLETA,UNDEFINED,0,,,Y
SYSTEM,VW_GEN_PROCESOS,7,REFERENCIA,UNDEFINED,0,,,Y
SYSTEM,VW_GEN_PROCESOS,8,OBSERVACION,UNDEFINED,0,,,Y
SYSTEM,VW_GEN_PROCESOS,9,VALORFONDO,UNDEFINED,0,,,Y
SYSTEM,VW_GEN_PROCESOS,10,VALOREFECTIVO,UNDEFINED,0,,,Y
SYSTEM,VW_GEN_PROCESOS,11,FKCUENTACOMPANIA,UNDEFINED,0,,,Y
SYSTEM,VW_GEN_PROCESOS,12,FKCUENTACATALOGO,UNDEFINED,0,,,Y
SYSTEM,VW_GEN_PROCESOS,13,FKCUENTACODIGO,UNDEFINED,0,,,Y
SYSTEM,VW_GEN_PROCESOS,14,FKPROCESOCOMPANIA,UNDEFINED,0,,,Y
SYSTEM,VW_GEN_PROCESOS,15,FKPROCESOOFICINA,UNDEFINED,0,,,Y
SYSTEM,VW_GEN_PROCESOS,16,FKPROCESOCODIDEPA,UNDEFINED,0,,,Y
SYSTEM,VW_GEN_PROCESOS,17,FKPROCESOPROCESO,UNDEFINED,0,,,Y
SYSTEM,VW_GEN_PROCESOS,18,DESCRIPCIONPROCESO,UNDEFINED,0,,,Y
SYSTEM,VW_GEN_PROCESOS,19,TIPO,UNDEFINED,0,,,Y
SYSTEM,VW_GEN_PROCESOS,20,ACTIVO,UNDEFINED,0,,,Y
SYSTEM,VW_GEN_PROCESOS,21,ORDEN,UNDEFINED,0,,,Y
SYSTEM,VW_GEN_PROCESOS,22,MONEDA,UNDEFINED,0,,,Y
SYSTEM,VW_GEN_PROCESOS,23,CREACION,UNDEFINED,0,,,Y
SYSTEM,VW_GEN_PROCESOS,24,MODIFICACION,UNDEFINED,0,,,Y
SYSTEM,VW_GUIAREMISION,1,COMPANIA,UNDEFINED,0,,,Y
SYSTEM,VW_GUIAREMISION,2,OFICINA,UNDEFINED,0,,,Y
SYSTEM,VW_GUIAREMISION,3,NOMBREOFICINA,UNDEFINED,0,,,Y
SYSTEM,VW_GUIAREMISION,4,FECHAEMISION,UNDEFINED,0,,,Y
SYSTEM,VW_GUIAREMISION,5,FECHACOMPLETA,UNDEFINED,0,,,Y
SYSTEM,VW_GUIAREMISION,6,SERIE,UNDEFINED,0,,,Y
SYSTEM,VW_GUIAREMISION,7,NUMEROGUIA,UNDEFINED,0,,,Y
SYSTEM,VW_GUIAREMISION,8,DIRECCIONPARTIDA,UNDEFINED,0,,,Y
SYSTEM,VW_GUIAREMISION,9,DIRECCIONDESTINATARIO,UNDEFINED,0,,,Y
SYSTEM,VW_GUIAREMISION,10,TIPO,UNDEFINED,0,,,Y
SYSTEM,VW_GUIAREMISION,11,FKVENTACOMPANIA,UNDEFINED,0,,,Y
SYSTEM,VW_GUIAREMISION,12,FKVENTAOFICINA,UNDEFINED,0,,,Y
SYSTEM,VW_GUIAREMISION,13,FKVENTASERIE,UNDEFINED,0,,,Y
SYSTEM,VW_GUIAREMISION,14,FKVENTANUMERO,UNDEFINED,0,,,Y
SYSTEM,VW_GUIAREMISION,15,FKVENTATIPOCOMPROBANTE,UNDEFINED,0,,,Y
SYSTEM,VW_GUIAREMISION,16,FKENSACOMPANIA,UNDEFINED,0,,,Y
SYSTEM,VW_GUIAREMISION,17,FKENSAOFICINA,UNDEFINED,0,,,Y
SYSTEM,VW_GUIAREMISION,18,FKENSATIPODOCUMENTO,UNDEFINED,0,,,Y
SYSTEM,VW_GUIAREMISION,19,FKENSANUMERO,UNDEFINED,0,,,Y
SYSTEM,VW_GUIAREMISION,20,IMPRESO,UNDEFINED,0,,,Y
SYSTEM,VW_GUIAREMISION,21,IDESTADO,UNDEFINED,0,,,Y
SYSTEM,VW_GUIAREMISION,22,ESTADO,UNDEFINED,0,,,Y
SYSTEM,VW_GUIAREMISION,23,TRANSPORTE,UNDEFINED,0,,,Y
SYSTEM,VW_GUIAREMISION,24,FECHAENVIO,UNDEFINED,0,,,Y
SYSTEM,VW_GUIAREMISION,25,FECHAARRIBO,UNDEFINED,0,,,Y
SYSTEM,VW_GUIAREMISION,26,DETALLE,UNDEFINED,0,,,Y
SYSTEM,VW_GUIAREMISION,27,TIPOMOTI,UNDEFINED,0,,,Y
SYSTEM,VW_GUIAREMISION,28,VALORGUIA,UNDEFINED,0,,,Y
SYSTEM,VW_GUIAREMISION,29,VEHICULO,UNDEFINED,0,,,Y
SYSTEM,VW_GUIAREMISION,30,IDVEHICULO,UNDEFINED,0,,,Y
SYSTEM,VW_GUIAREMISION,31,CONDUCTOR,UNDEFINED,0,,,Y
SYSTEM,VW_GUIAREMISION,32,IDCONDUCTOR,UNDEFINED,0,,,Y
SYSTEM,VW_GUIAREMISION,33,FECHASRI,UNDEFINED,0,,,Y
SYSTEM,VW_GUIAREMISION,34,FECHAAUTORIZACION,UNDEFINED,0,,,Y
SYSTEM,VW_GUIAREMISION,35,NUMEROSRI,UNDEFINED,0,,,Y
SYSTEM,VW_GUIAREMISION,36,CLAVEACCESO,UNDEFINED,0,,,Y
SYSTEM,VW_GUIAREMISION,37,IDTIPODOCUMENTO,UNDEFINED,0,,,Y
SYSTEM,VW_GUIAREMISION,38,CREACION,UNDEFINED,0,,,Y
SYSTEM,VW_GUIAREMISION,39,MODIFICACION,UNDEFINED,0,,,Y
SYSTEM,VW_GUIAREMISION_TR,1,AMBIENTE,UNDEFINED,0,,,Y
SYSTEM,VW_GUIAREMISION_TR,2,TIPOEMISION,UNDEFINED,0,,,Y
SYSTEM,VW_GUIAREMISION_TR,3,RAZONSOCIAL,UNDEFINED,0,,,Y
SYSTEM,VW_GUIAREMISION_TR,4,NOMBRECOMERCIAL,UNDEFINED,0,,,Y
SYSTEM,VW_GUIAREMISION_TR,5,RUC,UNDEFINED,0,,,Y
SYSTEM,VW_GUIAREMISION_TR,6,CLAVEACCESO,UNDEFINED,0,,,Y
SYSTEM,VW_GUIAREMISION_TR,7,CODDOC,UNDEFINED,0,,,Y
SYSTEM,VW_GUIAREMISION_TR,8,ESTAB,UNDEFINED,0,,,Y
SYSTEM,VW_GUIAREMISION_TR,9,PTOEMI,UNDEFINED,0,,,Y
SYSTEM,VW_GUIAREMISION_TR,10,SECUENCIAL,UNDEFINED,0,,,Y
SYSTEM,VW_GUIAREMISION_TR,11,DIRMATRIZ,UNDEFINED,0,,,Y
SYSTEM,VW_GUIAREMISION_TR,12,FECHAAUTOSRI,UNDEFINED,0,,,Y
SYSTEM,VW_GUIAREMISION_TR,13,NUMEAUTOSRI,UNDEFINED,0,,,Y
SYSTEM,VW_GUIAREMISION_TR,14,DIRESTABLECIMIENTO,UNDEFINED,0,,,Y
SYSTEM,VW_GUIAREMISION_TR,15,DIRPARTIDA,UNDEFINED,0,,,Y
SYSTEM,VW_GUIAREMISION_TR,16,RAZONSOCIALTRANSPORTISTA,UNDEFINED,0,,,Y
SYSTEM,VW_GUIAREMISION_TR,17,TIPOIDENTRANSPORTISTA,UNDEFINED,0,,,Y
SYSTEM,VW_GUIAREMISION_TR,18,RUCTRANSPORTISTA,UNDEFINED,0,,,Y
SYSTEM,VW_GUIAREMISION_TR,19,OBLIGADOCONTABILIDAD,UNDEFINED,0,,,Y
SYSTEM,VW_GUIAREMISION_TR,20,CONTRIBUYENTEESPECIAL,UNDEFINED,0,,,Y
SYSTEM,VW_GUIAREMISION_TR,21,FECHAINITRANSPORTE,UNDEFINED,0,,,Y
SYSTEM,VW_GUIAREMISION_TR,22,FECHAFINTRANSPORTE,UNDEFINED,0,,,Y
SYSTEM,VW_GUIAREMISION_TR,23,PLACA,UNDEFINED,0,,,Y
SYSTEM,VW_GUIAREMISION_TR,24,IDENTIFICACIONDESTINATARIO,UNDEFINED,0,,,Y
SYSTEM,VW_GUIAREMISION_TR,25,RAZONSOCIALDESTINATARIO,UNDEFINED,0,,,Y
SYSTEM,VW_GUIAREMISION_TR,26,DIRDESTINATARIO,UNDEFINED,0,,,Y
SYSTEM,VW_GUIAREMISION_TR,27,MOTIVOTRASLADO,UNDEFINED,0,,,Y
SYSTEM,VW_GUIAREMISION_TR,28,CODIGOINTERNO,UNDEFINED,0,,,Y
SYSTEM,VW_GUIAREMISION_TR,29,DESCRIPCION,UNDEFINED,0,,,Y
SYSTEM,VW_GUIAREMISION_TR,30,CANTIDAD,UNDEFINED,0,,,Y
SYSTEM,VW_GUIAREMISION_TR,31,DIRECCION,UNDEFINED,0,,,Y
SYSTEM,VW_GUIAREMISION_TR,32,TELEFONO,UNDEFINED,0,,,Y
SYSTEM,VW_GUIAREMISION_TR,33,NSERIE,UNDEFINED,0,,,Y
SYSTEM,VW_GUIAREMISION_TR,34,NDOCUMENTO,UNDEFINED,0,,,Y
SYSTEM,VW_GUIAREMISION_TR,35,CLAVECOMPANIA,UNDEFINED,0,,,Y
SYSTEM,VW_GUIAREMISION_TR,36,CLAVEOFICINA,UNDEFINED,0,,,Y
SYSTEM,VW_GUIAREMISION_TR,37,CLAVESERIE,UNDEFINED,0,,,Y
SYSTEM,VW_GUIAREMISION_TR,38,CLAVENUMERO,UNDEFINED,0,,,Y
SYSTEM,VW_GUIAREMISION_VN,1,AMBIENTE,UNDEFINED,0,,,Y
SYSTEM,VW_GUIAREMISION_VN,2,TIPOEMISION,UNDEFINED,0,,,Y
SYSTEM,VW_GUIAREMISION_VN,3,RAZONSOCIAL,UNDEFINED,0,,,Y
SYSTEM,VW_GUIAREMISION_VN,4,NOMBRECOMERCIAL,UNDEFINED,0,,,Y
SYSTEM,VW_GUIAREMISION_VN,5,RUC,UNDEFINED,0,,,Y
SYSTEM,VW_GUIAREMISION_VN,6,CLAVEACCESO,UNDEFINED,0,,,Y
SYSTEM,VW_GUIAREMISION_VN,7,CODDOC,UNDEFINED,0,,,Y
SYSTEM,VW_GUIAREMISION_VN,8,ESTAB,UNDEFINED,0,,,Y
SYSTEM,VW_GUIAREMISION_VN,9,PTOEMI,UNDEFINED,0,,,Y
SYSTEM,VW_GUIAREMISION_VN,10,SECUENCIAL,UNDEFINED,0,,,Y
SYSTEM,VW_GUIAREMISION_VN,11,DIRMATRIZ,UNDEFINED,0,,,Y
SYSTEM,VW_GUIAREMISION_VN,12,FECHAAUTOSRI,UNDEFINED,0,,,Y
SYSTEM,VW_GUIAREMISION_VN,13,NUMEAUTOSRI,UNDEFINED,0,,,Y
SYSTEM,VW_GUIAREMISION_VN,14,DIRESTABLECIMIENTO,UNDEFINED,0,,,Y
SYSTEM,VW_GUIAREMISION_VN,15,DIRPARTIDA,UNDEFINED,0,,,Y
SYSTEM,VW_GUIAREMISION_VN,16,RAZONSOCIALTRANSPORTISTA,UNDEFINED,0,,,Y
SYSTEM,VW_GUIAREMISION_VN,17,TIPOIDENTRANSPORTISTA,UNDEFINED,0,,,Y
SYSTEM,VW_GUIAREMISION_VN,18,RUCTRANSPORTISTA,UNDEFINED,0,,,Y
SYSTEM,VW_GUIAREMISION_VN,19,OBLIGADOCONTABILIDAD,UNDEFINED,0,,,Y
SYSTEM,VW_GUIAREMISION_VN,20,CONTRIBUYENTEESPECIAL,UNDEFINED,0,,,Y
SYSTEM,VW_GUIAREMISION_VN,21,FECHAINITRANSPORTE,UNDEFINED,0,,,Y
SYSTEM,VW_GUIAREMISION_VN,22,FECHAFINTRANSPORTE,UNDEFINED,0,,,Y
SYSTEM,VW_GUIAREMISION_VN,23,PLACA,UNDEFINED,0,,,Y
SYSTEM,VW_GUIAREMISION_VN,24,IDENTIFICACIONDESTINATARIO,UNDEFINED,0,,,Y
SYSTEM,VW_GUIAREMISION_VN,25,RAZONSOCIALDESTINATARIO,UNDEFINED,0,,,Y
SYSTEM,VW_GUIAREMISION_VN,26,DIRDESTINATARIO,UNDEFINED,0,,,Y
SYSTEM,VW_GUIAREMISION_VN,27,MOTIVOTRASLADO,UNDEFINED,0,,,Y
SYSTEM,VW_GUIAREMISION_VN,28,CODDOCSUSTENTO,UNDEFINED,0,,,Y
SYSTEM,VW_GUIAREMISION_VN,29,DOCSUSTENTO,UNDEFINED,0,,,Y
SYSTEM,VW_GUIAREMISION_VN,30,NUMDOCSUSTENTO,UNDEFINED,0,,,Y
SYSTEM,VW_GUIAREMISION_VN,31,NUMAUTDOCSUSTENTO,UNDEFINED,0,,,Y
SYSTEM,VW_GUIAREMISION_VN,32,FECHAEMISIONDOCSUSTENTO,UNDEFINED,0,,,Y
SYSTEM,VW_GUIAREMISION_VN,33,CODIGOINTERNO,UNDEFINED,0,,,Y
SYSTEM,VW_GUIAREMISION_VN,34,DESCRIPCION,UNDEFINED,0,,,Y
SYSTEM,VW_GUIAREMISION_VN,35,CANTIDAD,UNDEFINED,0,,,Y
SYSTEM,VW_GUIAREMISION_VN,36,TELEFONO,UNDEFINED,0,,,Y
SYSTEM,VW_GUIAREMISION_VN,37,NSERIE,UNDEFINED,0,,,Y
SYSTEM,VW_GUIAREMISION_VN,38,NDOCUMENTO,UNDEFINED,0,,,Y
SYSTEM,VW_GUIAREMISION_VN,39,CLAVECOMPANIA,UNDEFINED,0,,,Y
SYSTEM,VW_GUIAREMISION_VN,40,CLAVEOFICINA,UNDEFINED,0,,,Y
SYSTEM,VW_GUIAREMISION_VN,41,CLAVESERIE,UNDEFINED,0,,,Y
SYSTEM,VW_GUIAREMISION_VN,42,CLAVENUMERO,UNDEFINED,0,,,Y
SYSTEM,VW_IMP_CABECERA_NOTAPEDIDO,1,OFICINA,UNDEFINED,0,,,Y
SYSTEM,VW_IMP_CABECERA_NOTAPEDIDO,2,NOMBREOFICINA,UNDEFINED,0,,,Y
SYSTEM,VW_IMP_CABECERA_NOTAPEDIDO,3,PKCOMPANIA,UNDEFINED,0,,,Y
SYSTEM,VW_IMP_CABECERA_NOTAPEDIDO,4,NUMERO,UNDEFINED,0,,,Y
SYSTEM,VW_IMP_CABECERA_NOTAPEDIDO,5,FECHA,UNDEFINED,0,,,Y
SYSTEM,VW_IMP_CABECERA_NOTAPEDIDO,6,FECHACOMPLETA,UNDEFINED,0,,,Y
SYSTEM,VW_IMP_CABECERA_NOTAPEDIDO,7,FECHANEGOCIACION,UNDEFINED,0,,,Y
SYSTEM,VW_IMP_CABECERA_NOTAPEDIDO,8,FECHANEGOCIACIONCOMPLETA,UNDEFINED,0,,,Y
SYSTEM,VW_IMP_CABECERA_NOTAPEDIDO,9,PORCENTAJEDESCUENTO,UNDEFINED,0,,,Y
SYSTEM,VW_IMP_CABECERA_NOTAPEDIDO,10,VALORDESCUENTO,UNDEFINED,0,,,Y
SYSTEM,VW_IMP_CABECERA_NOTAPEDIDO,11,FLETE,UNDEFINED,0,,,Y
SYSTEM,VW_IMP_CABECERA_NOTAPEDIDO,12,FKIDASEGURADORA,UNDEFINED,0,,,Y
SYSTEM,VW_IMP_CABECERA_NOTAPEDIDO,13,ASEGURADORA,UNDEFINED,0,,,Y
SYSTEM,VW_IMP_CABECERA_NOTAPEDIDO,14,NUMERODUI,UNDEFINED,0,,,Y
SYSTEM,VW_IMP_CABECERA_NOTAPEDIDO,15,NUMEMAG,UNDEFINED,0,,,Y
SYSTEM,VW_IMP_CABECERA_NOTAPEDIDO,16,SEGURO,UNDEFINED,0,,,Y
SYSTEM,VW_IMP_CABECERA_NOTAPEDIDO,17,PESOBRUTO,UNDEFINED,0,,,Y
SYSTEM,VW_IMP_CABECERA_NOTAPEDIDO,18,CONDICIONESPAGO,UNDEFINED,0,,,Y
SYSTEM,VW_IMP_CABECERA_NOTAPEDIDO,19,PORCENTAJEINTERES,UNDEFINED,0,,,Y
SYSTEM,VW_IMP_CABECERA_NOTAPEDIDO,20,EMBALAJE,UNDEFINED,0,,,Y
SYSTEM,VW_IMP_CABECERA_NOTAPEDIDO,21,OBSERVACIONES,UNDEFINED,0,,,Y
SYSTEM,VW_IMP_CABECERA_NOTAPEDIDO,22,REFERENCIAS,UNDEFINED,0,,,Y
SYSTEM,VW_IMP_CABECERA_NOTAPEDIDO,23,FKESTADO,UNDEFINED,0,,,Y
SYSTEM,VW_IMP_CABECERA_NOTAPEDIDO,24,IDESTADO,UNDEFINED,0,,,Y
SYSTEM,VW_IMP_CABECERA_NOTAPEDIDO,25,ESTADO,UNDEFINED,0,,,Y
SYSTEM,VW_IMP_CABECERA_NOTAPEDIDO,26,FKMONEDA,UNDEFINED,0,,,Y
SYSTEM,VW_IMP_CABECERA_NOTAPEDIDO,27,IDMONEDA,UNDEFINED,0,,,Y
SYSTEM,VW_IMP_CABECERA_NOTAPEDIDO,28,MONEDA,UNDEFINED,0,,,Y
SYSTEM,VW_IMP_CABECERA_NOTAPEDIDO,29,IDUNIDADMEDIDA,UNDEFINED,0,,,Y
SYSTEM,VW_IMP_CABECERA_NOTAPEDIDO,30,UNIDADMEDIDA,UNDEFINED,0,,,Y
SYSTEM,VW_IMP_CABECERA_NOTAPEDIDO,31,FKIMPORTACIONNUMERO,UNDEFINED,0,,,Y
SYSTEM,VW_IMP_CABECERA_NOTAPEDIDO,32,FKIMPORTACIONOFICINA,UNDEFINED,0,,,Y
SYSTEM,VW_IMP_CABECERA_NOTAPEDIDO,33,FKIMPORTACIONCOMPANIA,UNDEFINED,0,,,Y
SYSTEM,VW_IMP_CABECERA_NOTAPEDIDO,34,FKCTABANCARIACODIGO,UNDEFINED,0,,,Y
SYSTEM,VW_IMP_CABECERA_NOTAPEDIDO,35,FKCTABANCARIACATALOGO,UNDEFINED,0,,,Y
SYSTEM,VW_IMP_CABECERA_NOTAPEDIDO,36,FKCTABANCARIACOMPANIA,UNDEFINED,0,,,Y
SYSTEM,VW_IMP_CABECERA_NOTAPEDIDO,37,FKREQUERIMIENTOOFICINA,UNDEFINED,0,,,Y
SYSTEM,VW_IMP_CABECERA_NOTAPEDIDO,38,FKREQUERIMIENTONUMERO,UNDEFINED,0,,,Y
SYSTEM,VW_IMP_CABECERA_NOTAPEDIDO,39,FKREQUERIMIENTOCOMPANIA,UNDEFINED,0,,,Y
SYSTEM,VW_IMP_CABECERA_NOTAPEDIDO,40,FKPROVEEDORCOMPANIA,UNDEFINED,0,,,Y
SYSTEM,VW_IMP_CABECERA_NOTAPEDIDO,41,FKPROVEEDOR,UNDEFINED,0,,,Y
SYSTEM,VW_IMP_CABECERA_NOTAPEDIDO,42,NOMBREPROVEEDOR,UNDEFINED,0,,,Y
SYSTEM,VW_IMP_CABECERA_NOTAPEDIDO,43,PROVEEDOR,UNDEFINED,0,,,Y
SYSTEM,VW_IMP_CABECERA_NOTAPEDIDO,44,CREACION,UNDEFINED,0,,,Y
SYSTEM,VW_IMP_CABECERA_NOTAPEDIDO,45,MODIFICACION,UNDEFINED,0,,,Y
SYSTEM,VW_IMP_CABECERA_REGSANITARIO,1,PKCERTIFICADO,UNDEFINED,0,,,Y
SYSTEM,VW_IMP_CABECERA_REGSANITARIO,2,PKENTIDADCONTROL,UNDEFINED,0,,,Y
SYSTEM,VW_IMP_CABECERA_REGSANITARIO,3,ENTIDADCONTROL,UNDEFINED,0,,,Y
SYSTEM,VW_IMP_CABECERA_REGSANITARIO,4,IDENTIDADCONTROL,UNDEFINED,0,,,Y
SYSTEM,VW_IMP_CABECERA_REGSANITARIO,5,FECHARENOVACION,UNDEFINED,0,,,Y
SYSTEM,VW_IMP_CABECERA_REGSANITARIO,6,FECHACOMPLETARENOVACION,UNDEFINED,0,,,Y
SYSTEM,VW_IMP_CABECERA_REGSANITARIO,7,FECHAMANTENIMIENTO,UNDEFINED,0,,,Y
SYSTEM,VW_IMP_CABECERA_REGSANITARIO,8,FECHACOMPLETAMANTENIMIENTO,UNDEFINED,0,,,Y
SYSTEM,VW_IMP_CABECERA_REGSANITARIO,9,FECHAINSCRIPCION,UNDEFINED,0,,,Y
SYSTEM,VW_IMP_CABECERA_REGSANITARIO,10,FECHACOMPLETAINSCRIPCION,UNDEFINED,0,,,Y
SYSTEM,VW_IMP_CABECERA_REGSANITARIO,11,FECHAREINGRESO,UNDEFINED,0,,,Y
SYSTEM,VW_IMP_CABECERA_REGSANITARIO,12,FECHACOMPLETAREINGRESO,UNDEFINED,0,,,Y
SYSTEM,VW_IMP_CABECERA_REGSANITARIO,13,FECHAAMPLIACION,UNDEFINED,0,,,Y
SYSTEM,VW_IMP_CABECERA_REGSANITARIO,14,FECHACOMPLETAAMPLIACION,UNDEFINED,0,,,Y
SYSTEM,VW_IMP_CABECERA_REGSANITARIO,15,FECHACADUCIDAD,UNDEFINED,0,,,Y
SYSTEM,VW_IMP_CABECERA_REGSANITARIO,16,FECHACOMPLETACADUCIDAD,UNDEFINED,0,,,Y
SYSTEM,VW_IMP_CABECERA_REGSANITARIO,17,FOTOREGISTRO,UNDEFINED,0,,,Y
SYSTEM,VW_IMP_CABECERA_REGSANITARIO,18,IDESTADOREGISTRO,UNDEFINED,0,,,Y
SYSTEM,VW_IMP_CABECERA_REGSANITARIO,19,ESTADOREGISTRO,UNDEFINED,0,,,Y
SYSTEM,VW_IMP_CABECERA_REGSANITARIO,20,IDFKESTADOREGISTRO,UNDEFINED,0,,,Y
SYSTEM,VW_IMP_CABECERA_REGSANITARIO,21,NUMEROREGISTRO,UNDEFINED,0,,,Y
SYSTEM,VW_IMP_CABECERA_REGSANITARIO,22,NUMEROFOLIO,UNDEFINED,0,,,Y
SYSTEM,VW_IMP_CABECERA_REGSANITARIO,23,NUMEROINCRIPCION,UNDEFINED,0,,,Y
SYSTEM,VW_IMP_CABECERA_REGSANITARIO,24,NOMBRECOMERCIAL,UNDEFINED,0,,,Y
SYSTEM,VW_IMP_CABECERA_REGSANITARIO,25,NOMBRECOMUN,UNDEFINED,0,,,Y
SYSTEM,VW_IMP_CABECERA_REGSANITARIO,26,NUMEROINSCRIPCION,UNDEFINED,0,,,Y
SYSTEM,VW_IMP_CABECERA_REGSANITARIO,27,USO,UNDEFINED,0,,,Y
SYSTEM,VW_IMP_CABECERA_REGSANITARIO,28,COMPOSICION,UNDEFINED,0,,,Y
SYSTEM,VW_IMP_CABECERA_REGSANITARIO,29,PRESENTACION,UNDEFINED,0,,,Y
SYSTEM,VW_IMP_CABECERA_REGSANITARIO,30,COSTOMANTENIMIENTO,UNDEFINED,0,,,Y
SYSTEM,VW_IMP_CABECERA_REGSANITARIO,31,CREACION,UNDEFINED,0,,,Y
SYSTEM,VW_IMP_CABECERA_REGSANITARIO,32,MODIFICACION,UNDEFINED,0,,,Y
SYSTEM,VW_IMP_DETALLE_NOTAPEDIDO,1,FKIDDETALLENP,UNDEFINED,0,,,Y
SYSTEM,VW_IMP_DETALLE_NOTAPEDIDO,2,APROBADO,UNDEFINED,0,,,Y
SYSTEM,VW_IMP_DETALLE_NOTAPEDIDO,3,PRECIOUNITARIO,UNDEFINED,0,,,Y
SYSTEM,VW_IMP_DETALLE_NOTAPEDIDO,4,CANTIDADPEDIDO,UNDEFINED,0,,,Y
SYSTEM,VW_IMP_DETALLE_NOTAPEDIDO,5,CANTIDADAPROBADA,UNDEFINED,0,,,Y
SYSTEM,VW_IMP_DETALLE_NOTAPEDIDO,6,CANTIDADFACTURADA,UNDEFINED,0,,,Y
SYSTEM,VW_IMP_DETALLE_NOTAPEDIDO,7,CANTIDADREQUERIMIENTO,UNDEFINED,0,,,Y
SYSTEM,VW_IMP_DETALLE_NOTAPEDIDO,8,CANTIDADPESO,UNDEFINED,0,,,Y
SYSTEM,VW_IMP_DETALLE_NOTAPEDIDO,9,TOTAL,UNDEFINED,0,,,Y
SYSTEM,VW_IMP_DETALLE_NOTAPEDIDO,10,DECRIPCION,UNDEFINED,0,,,Y
SYSTEM,VW_IMP_DETALLE_NOTAPEDIDO,11,FKNOTAPEDIDONUMERO,UNDEFINED,0,,,Y
SYSTEM,VW_IMP_DETALLE_NOTAPEDIDO,12,FKNOTAPEDIDOCOMPANIA,UNDEFINED,0,,,Y
SYSTEM,VW_IMP_DETALLE_NOTAPEDIDO,13,FKNOTAPEDIDOOFICINA,UNDEFINED,0,,,Y
SYSTEM,VW_IMP_DETALLE_NOTAPEDIDO,14,FKARTICULOCLASE,UNDEFINED,0,,,Y
SYSTEM,VW_IMP_DETALLE_NOTAPEDIDO,15,FKARTICULOCOMPANIA,UNDEFINED,0,,,Y
SYSTEM,VW_IMP_DETALLE_NOTAPEDIDO,16,FKARTICULOGRUPO,UNDEFINED,0,,,Y
SYSTEM,VW_IMP_DETALLE_NOTAPEDIDO,17,FKARTICULO,UNDEFINED,0,,,Y
SYSTEM,VW_IMP_DETALLE_NOTAPEDIDO,18,NOMBREARTICULO,UNDEFINED,0,,,Y
SYSTEM,VW_IMP_DETALLE_NOTAPEDIDO,19,PARTIDAARANCELARIA,UNDEFINED,0,,,Y
SYSTEM,VW_IMP_DETALLE_NOTAPEDIDO,20,TASAPARTIDA,UNDEFINED,0,,,Y
SYSTEM,VW_IMP_DETALLE_NOTAPEDIDO,21,FKUNIDADMEDIDA,UNDEFINED,0,,,Y
SYSTEM,VW_IMP_DETALLE_NOTAPEDIDO,22,IDUNIDADMEDIDA,UNDEFINED,0,,,Y
SYSTEM,VW_IMP_DETALLE_NOTAPEDIDO,23,UNIDADMEDIDA,UNDEFINED,0,,,Y
SYSTEM,VW_IMP_DETALLE_NOTAPEDIDO,24,CREACION,UNDEFINED,0,,,Y
SYSTEM,VW_IMP_DETALLE_NOTAPEDIDO,25,MODIFICACION,UNDEFINED,0,,,Y
SYSTEM,VW_IMP_DETALLE_REGSANITARIO,1,FKREGSANCERTIFICADO,UNDEFINED,0,,,Y
SYSTEM,VW_IMP_DETALLE_REGSANITARIO,2,FKREGSANENTIDADCONTROL,UNDEFINED,0,,,Y
SYSTEM,VW_IMP_DETALLE_REGSANITARIO,3,FKARTICULOCOMPANIA,UNDEFINED,0,,,Y
SYSTEM,VW_IMP_DETALLE_REGSANITARIO,4,FKARTICULOCLASE,UNDEFINED,0,,,Y
SYSTEM,VW_IMP_DETALLE_REGSANITARIO,5,FKARTICULOGRUPO,UNDEFINED,0,,,Y
SYSTEM,VW_IMP_DETALLE_REGSANITARIO,6,FKARTICULOID,UNDEFINED,0,,,Y
SYSTEM,VW_IMP_DETALLE_REGSANITARIO,7,NOMBRE,UNDEFINED,0,,,Y
SYSTEM,VW_IMP_DETALLE_REGSANITARIO,8,ELABORADOPOR,UNDEFINED,0,,,Y
SYSTEM,VW_IMP_DETALLE_REGSANITARIO,9,IDUNIDADMEDIDA,UNDEFINED,0,,,Y
SYSTEM,VW_IMP_DETALLE_REGSANITARIO,10,UNIDADMEDIDA,UNDEFINED,0,,,Y
SYSTEM,VW_IMP_DETALLE_REGSANITARIO,11,PARTIDA,UNDEFINED,0,,,Y
SYSTEM,VW_IMP_DETALLE_REGSANITARIO,12,TASA,UNDEFINED,0,,,Y
SYSTEM,VW_IMP_DETALLE_REGSANITARIO,13,IVA,UNDEFINED,0,,,Y
SYSTEM,VW_IMP_DETALLE_REGSANITARIO,14,ICE,UNDEFINED,0,,,Y
SYSTEM,VW_IMP_DETALLE_REGSANITARIO,15,LIBERAIVA,UNDEFINED,0,,,Y
SYSTEM,VW_IMP_DETALLE_REGSANITARIO,16,DESCRIPCIONPARTIDA,UNDEFINED,0,,,Y
SYSTEM,VW_IMP_DETALLE_REGSANITARIO,17,RESTRICCION,UNDEFINED,0,,,Y
SYSTEM,VW_IMP_DETALLE_REGSANITARIO,18,CREACION,UNDEFINED,0,,,Y
SYSTEM,VW_IMP_DETALLE_REGSANITARIO,19,MODIFICACION,UNDEFINED,0,,,Y
SYSTEM,VW_IMP_IMPORACION,1,NUMERO,UNDEFINED,0,,,Y
SYSTEM,VW_IMP_IMPORACION,2,COMPANIA,UNDEFINED,0,,,Y
SYSTEM,VW_IMP_IMPORACION,3,OFICINA,UNDEFINED,0,,,Y
SYSTEM,VW_IMP_IMPORACION,4,NOMBREOFICINA,UNDEFINED,0,,,Y
SYSTEM,VW_IMP_IMPORACION,5,FECHAFACTURACION,UNDEFINED,0,,,Y
SYSTEM,VW_IMP_IMPORACION,6,FECHFACTCOMPLETA,UNDEFINED,0,,,Y
SYSTEM,VW_IMP_IMPORACION,7,FECHAESTIMADA,UNDEFINED,0,,,Y
SYSTEM,VW_IMP_IMPORACION,8,FECHESTIMADACOMPLETA,UNDEFINED,0,,,Y
SYSTEM,VW_IMP_IMPORACION,9,FECHAREAL,UNDEFINED,0,,,Y
SYSTEM,VW_IMP_IMPORACION,10,FECHREALCOMPLETA,UNDEFINED,0,,,Y
SYSTEM,VW_IMP_IMPORACION,11,FECHAINICIO,UNDEFINED,0,,,Y
SYSTEM,VW_IMP_IMPORACION,12,FECHINICIOCOMPLETA,UNDEFINED,0,,,Y
SYSTEM,VW_IMP_IMPORACION,13,FECHALLEGADA,UNDEFINED,0,,,Y
SYSTEM,VW_IMP_IMPORACION,14,FECHLLEGADACOMPLETA,UNDEFINED,0,,,Y
SYSTEM,VW_IMP_IMPORACION,15,FECHAESTILLEGADA,UNDEFINED,0,,,Y
SYSTEM,VW_IMP_IMPORACION,16,FECHESTILLEGADACOMPLETA,UNDEFINED,0,,,Y
SYSTEM,VW_IMP_IMPORACION,17,FECHAENVIO,UNDEFINED,0,,,Y
SYSTEM,VW_IMP_IMPORACION,18,FECHENVIOCOMPLETA,UNDEFINED,0,,,Y
SYSTEM,VW_IMP_IMPORACION,19,FECHADESANUADIZACION,UNDEFINED,0,,,Y
SYSTEM,VW_IMP_IMPORACION,20,FECHDESANUADIZACIONCOMPLETA,UNDEFINED,0,,,Y
SYSTEM,VW_IMP_IMPORACION,21,FECHAREVISION,UNDEFINED,0,,,Y
SYSTEM,VW_IMP_IMPORACION,22,FECHREVISIONCOMPLETA,UNDEFINED,0,,,Y
SYSTEM,VW_IMP_IMPORACION,23,FECHASOFA,UNDEFINED,0,,,Y
SYSTEM,VW_IMP_IMPORACION,24,FECHSOFACOMPLETA,UNDEFINED,0,,,Y
SYSTEM,VW_IMP_IMPORACION,25,FECHAINFA,UNDEFINED,0,,,Y
SYSTEM,VW_IMP_IMPORACION,26,FECHINFACOMPLETA,UNDEFINED,0,,,Y
SYSTEM,VW_IMP_IMPORACION,27,FECHAINGRESO,UNDEFINED,0,,,Y
SYSTEM,VW_IMP_IMPORACION,28,FECHINGRESOCOMPLETA,UNDEFINED,0,,,Y
SYSTEM,VW_IMP_IMPORACION,29,FECHALIQUIDACION,UNDEFINED,0,,,Y
SYSTEM,VW_IMP_IMPORACION,30,FECHLIQUIDACIONCOMPLETA,UNDEFINED,0,,,Y
SYSTEM,VW_IMP_IMPORACION,31,NUMEROBL,UNDEFINED,0,,,Y
SYSTEM,VW_IMP_IMPORACION,32,FKORIGEN,UNDEFINED,0,,,Y
SYSTEM,VW_IMP_IMPORACION,33,FKPAISORIGEN,UNDEFINED,0,,,Y
SYSTEM,VW_IMP_IMPORACION,34,ORIGEN,UNDEFINED,0,,,Y
SYSTEM,VW_IMP_IMPORACION,35,FKDESTINO,UNDEFINED,0,,,Y
SYSTEM,VW_IMP_IMPORACION,36,FKPAISDESTINO,UNDEFINED,0,,,Y
SYSTEM,VW_IMP_IMPORACION,37,DESTINO,UNDEFINED,0,,,Y
SYSTEM,VW_IMP_IMPORACION,38,FKCODIGOEMBARCACION,UNDEFINED,0,,,Y
SYSTEM,VW_IMP_IMPORACION,39,EMBARCACION,UNDEFINED,0,,,Y
SYSTEM,VW_IMP_IMPORACION,40,FKCODIGOAGENTE,UNDEFINED,0,,,Y
SYSTEM,VW_IMP_IMPORACION,41,AGENTE,UNDEFINED,0,,,Y
SYSTEM,VW_IMP_IMPORACION,42,FKTIPOIMPOREXP,UNDEFINED,0,,,Y
SYSTEM,VW_IMP_IMPORACION,43,TIPOIMPORTACION,UNDEFINED,0,,,Y
SYSTEM,VW_IMP_IMPORACION,44,TASAIVA,UNDEFINED,0,,,Y
SYSTEM,VW_IMP_IMPORACION,45,COTIZACIONANTERIOR,UNDEFINED,0,,,Y
SYSTEM,VW_IMP_IMPORACION,46,FKREGIMENSRI,UNDEFINED,0,,,Y
SYSTEM,VW_IMP_IMPORACION,47,REGIMENSRI,UNDEFINED,0,,,Y
SYSTEM,VW_IMP_IMPORACION,48,FKDISTRITOADUANERO,UNDEFINED,0,,,Y
SYSTEM,VW_IMP_IMPORACION,49,DISTRITOADUANERO,UNDEFINED,0,,,Y
SYSTEM,VW_IMP_IMPORACION,50,FKVERIFICADOR,UNDEFINED,0,,,Y
SYSTEM,VW_IMP_IMPORACION,51,VERIFICADOR,UNDEFINED,0,,,Y
SYSTEM,VW_IMP_IMPORACION,52,NUMERODAU,UNDEFINED,0,,,Y
SYSTEM,VW_IMP_IMPORACION,53,REFRENDO,UNDEFINED,0,,,Y
SYSTEM,VW_IMP_IMPORACION,54,REFERENCIA,UNDEFINED,0,,,Y
SYSTEM,VW_IMP_IMPORACION,55,OBSERVACIONES,UNDEFINED,0,,,Y
SYSTEM,VW_IMP_IMPORACION,56,VALORFOB,UNDEFINED,0,,,Y
SYSTEM,VW_IMP_IMPORACION,57,VALORFOBUSD,UNDEFINED,0,,,Y
SYSTEM,VW_IMP_IMPORACION,58,FLETEUSD,UNDEFINED,0,,,Y
SYSTEM,VW_IMP_IMPORACION,59,SEGUROUSD,UNDEFINED,0,,,Y
SYSTEM,VW_IMP_IMPORACION,60,TOTALCIFUSD,UNDEFINED,0,,,Y
SYSTEM,VW_IMP_IMPORACION,61,PROV_COMPANIA,UNDEFINED,0,,,Y
SYSTEM,VW_IMP_IMPORACION,62,CEDULARUC,UNDEFINED,0,,,Y
SYSTEM,VW_IMP_IMPORACION,63,PROVEEDOR,UNDEFINED,0,,,Y
SYSTEM,VW_IMP_IMPORACION,64,DIASCREDITO,UNDEFINED,0,,,Y
SYSTEM,VW_IMP_IMPORACION,65,FKFORMAPAGO,UNDEFINED,0,,,Y
SYSTEM,VW_IMP_IMPORACION,66,IDFORMAPAGO,UNDEFINED,0,,,Y
SYSTEM,VW_IMP_IMPORACION,67,FORMAPAGO,UNDEFINED,0,,,Y
SYSTEM,VW_IMP_IMPORACION,68,ENVIO,UNDEFINED,0,,,Y
SYSTEM,VW_IMP_IMPORACION,69,ENVIODESCRIPCION,UNDEFINED,0,,,Y
SYSTEM,VW_IMP_IMPORACION,70,INCOTERMS,UNDEFINED,0,,,Y
SYSTEM,VW_IMP_IMPORACION,71,COTIZA,UNDEFINED,0,,,Y
SYSTEM,VW_IMP_IMPORACION,72,FACTORCOSTO,UNDEFINED,0,,,Y
SYSTEM,VW_IMP_IMPORACION,73,MONEDA,UNDEFINED,0,,,Y
SYSTEM,VW_IMP_IMPORACION,74,FORMAESTADO,UNDEFINED,0,,,Y
SYSTEM,VW_IMP_IMPORACION,75,DESCRIPCIONFORMAPAGO,UNDEFINED,0,,,Y
SYSTEM,VW_IMP_IMPORACION,76,PESO,UNDEFINED,0,,,Y
SYSTEM,VW_IMP_IMPORACION,77,VOLUMEN,UNDEFINED,0,,,Y
SYSTEM,VW_IMP_IMPORACION,78,CREACION,UNDEFINED,0,,,Y
SYSTEM,VW_IMP_IMPORACION,79,MODIFICACION,UNDEFINED,0,,,Y
SYSTEM,VW_IMP_PRELIQUIDACION_GASTOS,1,COMPANIA_NP,UNDEFINED,0,,,Y
SYSTEM,VW_IMP_PRELIQUIDACION_GASTOS,2,OFICINA_NP,UNDEFINED,0,,,Y
SYSTEM,VW_IMP_PRELIQUIDACION_GASTOS,3,NUMERO_NP,UNDEFINED,0,,,Y
SYSTEM,VW_IMP_PRELIQUIDACION_GASTOS,4,COMPANIA_IMP,UNDEFINED,0,,,Y
SYSTEM,VW_IMP_PRELIQUIDACION_GASTOS,5,OFICINA_IMP,UNDEFINED,0,,,Y
SYSTEM,VW_IMP_PRELIQUIDACION_GASTOS,6,NUMERO_IMP,UNDEFINED,0,,,Y
SYSTEM,VW_IMP_PRELIQUIDACION_GASTOS,7,ARTL_COMPANIA,UNDEFINED,0,,,Y
SYSTEM,VW_IMP_PRELIQUIDACION_GASTOS,8,ARTL_CLASE,UNDEFINED,0,,,Y
SYSTEM,VW_IMP_PRELIQUIDACION_GASTOS,9,ARTL_CODIGRUP,UNDEFINED,0,,,Y
SYSTEM,VW_IMP_PRELIQUIDACION_GASTOS,10,ARTL_ARTICULO,UNDEFINED,0,,,Y
SYSTEM,VW_IMP_PRELIQUIDACION_GASTOS,11,NOMBRE,UNDEFINED,0,,,Y
SYSTEM,VW_IMP_PRELIQUIDACION_GASTOS,12,TCSI_TIPOCOST,UNDEFINED,0,,,Y
SYSTEM,VW_IMP_PRELIQUIDACION_GASTOS,13,DESCRIPC,UNDEFINED,0,,,Y
SYSTEM,VW_IMP_PRELIQUIDACION_GASTOS,14,GASTO,UNDEFINED,0,,,Y
SYSTEM,VW_IMP_PRELIQUIDACION_GASTOS,15,CANTIDAD,UNDEFINED,0,,,Y
SYSTEM,VW_IMP_PRELIQUIDACION_GASTOS,16,PESO,UNDEFINED,0,,,Y
SYSTEM,VW_IMP_PRELIQUIDACION_GASTOS,17,PRECUNIT,UNDEFINED,0,,,Y
SYSTEM,VW_IMP_PRELIQUIDACION_GASTOS,18,FOB_KILO,UNDEFINED,0,,,Y
SYSTEM,VW_IMP_PRELIQUIDACION_GASTOS,19,CANTIDAD_X_PESO,UNDEFINED,0,,,Y
SYSTEM,VW_IMP_PRELIQUIDACION_GASTOS,20,CANTIDAD_X_PRECIO,UNDEFINED,0,,,Y
SYSTEM,VW_IMP_PRELIQUIDACION_GASTOS,21,CANTIDAD_TOTAL,UNDEFINED,0,,,Y
SYSTEM,VW_IMP_PRELIQUIDACION_GASTOS,22,CANTIDAD_X_PRECIO_TOTAL,UNDEFINED,0,,,Y
SYSTEM,VW_IMP_PRELIQUIDACION_GASTOS,23,PESO_TOTAL,UNDEFINED,0,,,Y
SYSTEM,VW_IMP_PRELIQUIDACION_GASTOS,24,CANTIDAD_X_PESO_TOTAL,UNDEFINED,0,,,Y
SYSTEM,VW_IMP_PRELIQUIDACION_GASTOS,25,FACTOR_X_GASTO_ARTICULO_CANT,UNDEFINED,0,,,Y
SYSTEM,VW_IMP_PRELIQUIDACION_GASTOS,26,FACTOR_X_GASTO_ARTICULO_PESO,UNDEFINED,0,,,Y
SYSTEM,VW_IMP_PRELIQUIDACION_GASTOS,27,FACTOR_X_CANTIDAD,UNDEFINED,0,,,Y
SYSTEM,VW_IMP_PRELIQUIDACION_GASTOS,28,FACTOR_X_PESO,UNDEFINED,0,,,Y
SYSTEM,VW_IMP_PRELIQUIDACION_GASTOS,29,GASTO_TOTAL,UNDEFINED,0,,,Y
SYSTEM,VW_IMP_PRELIQUIDACION_GASTOS,30,FPR,UNDEFINED,0,,,Y
SYSTEM,VW_INV_ARTICULO,1,PKCLASE,UNDEFINED,0,,,Y
SYSTEM,VW_INV_ARTICULO,2,PKCOMPANIA,UNDEFINED,0,,,Y
SYSTEM,VW_INV_ARTICULO,3,PKGRUPO,UNDEFINED,0,,,Y
SYSTEM,VW_INV_ARTICULO,4,PKARTICULO,UNDEFINED,0,,,Y
SYSTEM,VW_INV_ARTICULO,5,NOMBRE,UNDEFINED,0,,,Y
SYSTEM,VW_INV_ARTICULO,6,CLASEINVENTARIO,UNDEFINED,0,,,Y
SYSTEM,VW_INV_ARTICULO,7,GRUPOINVENTARIO,UNDEFINED,0,,,Y
SYSTEM,VW_INV_ARTICULO,8,IDUNIDADMEDIDA,UNDEFINED,0,,,Y
SYSTEM,VW_INV_ARTICULO,9,UNIDADMEDIDAID,UNDEFINED,0,,,Y
SYSTEM,VW_INV_ARTICULO,10,UNIDADMEDIDA,UNDEFINED,0,,,Y
SYSTEM,VW_INV_ARTICULO,11,IMPUESTO,UNDEFINED,0,,,Y
SYSTEM,VW_INV_ARTICULO,12,VIGENTE,UNDEFINED,0,,,Y
SYSTEM,VW_INV_ARTICULO,13,CADUCA,UNDEFINED,0,,,Y
SYSTEM,VW_INV_ARTICULO,14,LOTE,UNDEFINED,0,,,Y
SYSTEM,VW_INV_ARTICULO,15,IVA,UNDEFINED,0,,,Y
SYSTEM,VW_INV_ARTICULO,16,KARDEX,UNDEFINED,0,,,Y
SYSTEM,VW_INV_ARTICULO,17,PROMOCION,UNDEFINED,0,,,Y
SYSTEM,VW_INV_ARTICULO,18,PRORATEO,UNDEFINED,0,,,Y
SYSTEM,VW_INV_ARTICULO,19,EXISTENCIA,UNDEFINED,0,,,Y
SYSTEM,VW_INV_ARTICULO,20,ENSAMBLA,UNDEFINED,0,,,Y
SYSTEM,VW_INV_ARTICULO,21,DEVUELVE,UNDEFINED,0,,,Y
SYSTEM,VW_INV_ARTICULO,22,BASCULA,UNDEFINED,0,,,Y
SYSTEM,VW_INV_ARTICULO,23,MENOCOST,UNDEFINED,0,,,Y
SYSTEM,VW_INV_ARTICULO,24,CONVINVE,UNDEFINED,0,,,Y
SYSTEM,VW_INV_ARTICULO,25,SOLISTOCK,UNDEFINED,0,,,Y
SYSTEM,VW_INV_ARTICULO,26,APLICAFL,UNDEFINED,0,,,Y
SYSTEM,VW_INV_ARTICULO,27,PROVIENE,UNDEFINED,0,,,Y
SYSTEM,VW_INV_ARTICULO,28,REGISTROSANITARIO,UNDEFINED,0,,,Y
SYSTEM,VW_INV_ARTICULO,29,FKCOMPANIA,UNDEFINED,0,,,Y
SYSTEM,VW_INV_ARTICULO,30,FKCLASE,UNDEFINED,0,,,Y
SYSTEM,VW_INV_ARTICULO,31,FKGRUPO,UNDEFINED,0,,,Y
SYSTEM,VW_INV_ARTICULO,32,FKARTICULO,UNDEFINED,0,,,Y
SYSTEM,VW_INV_ARTICULO,33,CODIGOALTERNO,UNDEFINED,0,,,Y
SYSTEM,VW_INV_ARTICULO,34,CODIGOEMPRESA,UNDEFINED,0,,,Y
SYSTEM,VW_INV_ARTICULO,35,CODIGOIMPORTACION,UNDEFINED,0,,,Y
SYSTEM,VW_INV_ARTICULO,36,CODIGOPARTIDA,UNDEFINED,0,,,Y
SYSTEM,VW_INV_ARTICULO,37,DESCRIPCION,UNDEFINED,0,,,Y
SYSTEM,VW_INV_ARTICULO,38,DESCUENTO,UNDEFINED,0,,,Y
SYSTEM,VW_INV_ARTICULO,39,CANTPRES,UNDEFINED,0,,,Y
SYSTEM,VW_INV_ARTICULO,40,PRESENTA,UNDEFINED,0,,,Y
SYSTEM,VW_INV_ARTICULO,41,CANTIDADPRODUCIDO,UNDEFINED,0,,,Y
SYSTEM,VW_INV_ARTICULO,42,PESO,UNDEFINED,0,,,Y
SYSTEM,VW_INV_ARTICULO,43,VALORFOB,UNDEFINED,0,,,Y
SYSTEM,VW_INV_ARTICULO,44,PROCESO,UNDEFINED,0,,,Y
SYSTEM,VW_INV_ARTICULO,45,FOTOARTICULO,UNDEFINED,0,,,Y
SYSTEM,VW_INV_ARTICULO,46,COMPOSICION,UNDEFINED,0,,,Y
SYSTEM,VW_INV_ARTICULO,47,INDICACIONES,UNDEFINED,0,,,Y
SYSTEM,VW_INV_ARTICULO,48,DOSISADMINISTRAR,UNDEFINED,0,,,Y
SYSTEM,VW_INV_ARTICULO,49,CONTRAINDICACIONES,UNDEFINED,0,,,Y
SYSTEM,VW_INV_ARTICULO,50,PRECAUCIONES,UNDEFINED,0,,,Y
SYSTEM,VW_INV_ARTICULO,51,PERIODORETIRO,UNDEFINED,0,,,Y
SYSTEM,VW_INV_ARTICULO,52,ALMACENA,UNDEFINED,0,,,Y
SYSTEM,VW_INV_ARTICULO,53,USOVETERINARIO,UNDEFINED,0,,,Y
SYSTEM,VW_INV_ARTICULO,54,DISTRIBUIDOPOR,UNDEFINED,0,,,Y
SYSTEM,VW_INV_ARTICULO,55,ELABORADOPOR,UNDEFINED,0,,,Y
SYSTEM,VW_INV_ARTICULO,56,TALLA,UNDEFINED,0,,,Y
SYSTEM,VW_INV_ARTICULO,57,COLOR,UNDEFINED,0,,,Y
SYSTEM,VW_INV_ARTICULO,58,REFERENCIA,UNDEFINED,0,,,Y
SYSTEM,VW_INV_ARTICULO,59,MODELO,UNDEFINED,0,,,Y
SYSTEM,VW_INV_ARTICULO,60,MARCA,UNDEFINED,0,,,Y
SYSTEM,VW_INV_ARTICULO,61,EXISTENCIAMAXIMA,UNDEFINED,0,,,Y
SYSTEM,VW_INV_ARTICULO,62,EXISTENCIAMINIMA,UNDEFINED,0,,,Y
SYSTEM,VW_INV_ARTICULO,63,COSTOACTUAL,UNDEFINED,0,,,Y
SYSTEM,VW_INV_ARTICULO,64,FECHAULTIMACOMPRA,UNDEFINED,0,,,Y
SYSTEM,VW_INV_ARTICULO,65,FACTORCONVERSION,UNDEFINED,0,,,Y
SYSTEM,VW_INV_ARTICULO,66,ARTI_PROMO,UNDEFINED,0,,,Y
SYSTEM,VW_INV_ARTICULO,67,LINECOMP,UNDEFINED,0,,,Y
SYSTEM,VW_INV_ARTICULO,68,ROTACION,UNDEFINED,0,,,Y
SYSTEM,VW_INV_ARTICULO,69,VEXI_VEXI_ID,UNDEFINED,0,,,Y
SYSTEM,VW_INV_ARTICULO,70,ALIASWEB,UNDEFINED,0,,,Y
SYSTEM,VW_INV_ARTICULO,71,MULTIPLO,UNDEFINED,0,,,Y
SYSTEM,VW_INV_ARTICULO,72,PARTIDA,UNDEFINED,0,,,Y
SYSTEM,VW_INV_ARTICULO,73,DESCRIPCIONPARTIDA,UNDEFINED,0,,,Y
SYSTEM,VW_INV_ARTICULO,74,EXIS,UNDEFINED,0,,,Y
SYSTEM,VW_INV_ARTICULO,75,CREACION,UNDEFINED,0,,,Y
SYSTEM,VW_INV_ARTICULO,76,MODIFICACION,UNDEFINED,0,,,Y
SYSTEM,VW_INV_ARTICULOS,1,PKCLASE,UNDEFINED,0,,,Y
SYSTEM,VW_INV_ARTICULOS,2,PKCOMPANIA,UNDEFINED,0,,,Y
SYSTEM,VW_INV_ARTICULOS,3,PKGRUPO,UNDEFINED,0,,,Y
SYSTEM,VW_INV_ARTICULOS,4,PKARTICULO,UNDEFINED,0,,,Y
SYSTEM,VW_INV_ARTICULOS,5,NOMBRE,UNDEFINED,0,,,Y
SYSTEM,VW_INV_ARTICULOS,6,CLASEINVENTARIO,UNDEFINED,0,,,Y
SYSTEM,VW_INV_ARTICULOS,7,GRUPOINVENTARIO,UNDEFINED,0,,,Y
SYSTEM,VW_INV_ARTICULOS,8,IDUNIDADMEDIDA,UNDEFINED,0,,,Y
SYSTEM,VW_INV_ARTICULOS,9,UNIDADMEDIDAID,UNDEFINED,0,,,Y
SYSTEM,VW_INV_ARTICULOS,10,UNIDADMEDIDA,UNDEFINED,0,,,Y
SYSTEM,VW_INV_ARTICULOS,11,IMPUESTO,UNDEFINED,0,,,Y
SYSTEM,VW_INV_ARTICULOS,12,VIGENTE,UNDEFINED,0,,,Y
SYSTEM,VW_INV_ARTICULOS,13,CADUCA,UNDEFINED,0,,,Y
SYSTEM,VW_INV_ARTICULOS,14,LOTE,UNDEFINED,0,,,Y
SYSTEM,VW_INV_ARTICULOS,15,IVA,UNDEFINED,0,,,Y
SYSTEM,VW_INV_ARTICULOS,16,KARDEX,UNDEFINED,0,,,Y
SYSTEM,VW_INV_ARTICULOS,17,PROMOCION,UNDEFINED,0,,,Y
SYSTEM,VW_INV_ARTICULOS,18,PRORATEO,UNDEFINED,0,,,Y
SYSTEM,VW_INV_ARTICULOS,19,EXIS,UNDEFINED,0,,,Y
SYSTEM,VW_INV_ARTICULOS,20,ENSAMBLA,UNDEFINED,0,,,Y
SYSTEM,VW_INV_ARTICULOS,21,DEVUELVE,UNDEFINED,0,,,Y
SYSTEM,VW_INV_ARTICULOS,22,BASCULA,UNDEFINED,0,,,Y
SYSTEM,VW_INV_ARTICULOS,23,MENOCOST,UNDEFINED,0,,,Y
SYSTEM,VW_INV_ARTICULOS,24,CONVINVE,UNDEFINED,0,,,Y
SYSTEM,VW_INV_ARTICULOS,25,SOLISTOCK,UNDEFINED,0,,,Y
SYSTEM,VW_INV_ARTICULOS,26,APLICAFL,UNDEFINED,0,,,Y
SYSTEM,VW_INV_ARTICULOS,27,PROVIENE,UNDEFINED,0,,,Y
SYSTEM,VW_INV_ARTICULOS,28,REGISTROSANITARIO,UNDEFINED,0,,,Y
SYSTEM,VW_INV_ARTICULOS,29,FKCOMPANIA,UNDEFINED,0,,,Y
SYSTEM,VW_INV_ARTICULOS,30,FKCLASE,UNDEFINED,0,,,Y
SYSTEM,VW_INV_ARTICULOS,31,FKGRUPO,UNDEFINED,0,,,Y
SYSTEM,VW_INV_ARTICULOS,32,FKARTICULO,UNDEFINED,0,,,Y
SYSTEM,VW_INV_ARTICULOS,33,CODIGOALTERNO,UNDEFINED,0,,,Y
SYSTEM,VW_INV_ARTICULOS,34,CODIGOEMPRESA,UNDEFINED,0,,,Y
SYSTEM,VW_INV_ARTICULOS,35,CODIGOIMPORTACION,UNDEFINED,0,,,Y
SYSTEM,VW_INV_ARTICULOS,36,CODIGOPARTIDA,UNDEFINED,0,,,Y
SYSTEM,VW_INV_ARTICULOS,37,DESCRIPCION,UNDEFINED,0,,,Y
SYSTEM,VW_INV_ARTICULOS,38,DESCUENTO,UNDEFINED,0,,,Y
SYSTEM,VW_INV_ARTICULOS,39,CANTPRES,UNDEFINED,0,,,Y
SYSTEM,VW_INV_ARTICULOS,40,PRESENTA,UNDEFINED,0,,,Y
SYSTEM,VW_INV_ARTICULOS,41,CANTIDADPRODUCIDO,UNDEFINED,0,,,Y
SYSTEM,VW_INV_ARTICULOS,42,PESO,UNDEFINED,0,,,Y
SYSTEM,VW_INV_ARTICULOS,43,VALORFOB,UNDEFINED,0,,,Y
SYSTEM,VW_INV_ARTICULOS,44,PROCESO,UNDEFINED,0,,,Y
SYSTEM,VW_INV_ARTICULOS,45,FOTOARTICULO,UNDEFINED,0,,,Y
SYSTEM,VW_INV_ARTICULOS,46,COMPOSICION,UNDEFINED,0,,,Y
SYSTEM,VW_INV_ARTICULOS,47,INDICACIONES,UNDEFINED,0,,,Y
SYSTEM,VW_INV_ARTICULOS,48,DOSISADMINISTRAR,UNDEFINED,0,,,Y
SYSTEM,VW_INV_ARTICULOS,49,CONTRAINDICACIONES,UNDEFINED,0,,,Y
SYSTEM,VW_INV_ARTICULOS,50,PRECAUCIONES,UNDEFINED,0,,,Y
SYSTEM,VW_INV_ARTICULOS,51,PERIODORETIRO,UNDEFINED,0,,,Y
SYSTEM,VW_INV_ARTICULOS,52,ALMACENA,UNDEFINED,0,,,Y
SYSTEM,VW_INV_ARTICULOS,53,USOVETERINARIO,UNDEFINED,0,,,Y
SYSTEM,VW_INV_ARTICULOS,54,DISTRIBUIDOPOR,UNDEFINED,0,,,Y
SYSTEM,VW_INV_ARTICULOS,55,ELABORADOPOR,UNDEFINED,0,,,Y
SYSTEM,VW_INV_ARTICULOS,56,TALLA,UNDEFINED,0,,,Y
SYSTEM,VW_INV_ARTICULOS,57,COLOR,UNDEFINED,0,,,Y
SYSTEM,VW_INV_ARTICULOS,58,REFERENCIA,UNDEFINED,0,,,Y
SYSTEM,VW_INV_ARTICULOS,59,MODELO,UNDEFINED,0,,,Y
SYSTEM,VW_INV_ARTICULOS,60,MARCA,UNDEFINED,0,,,Y
SYSTEM,VW_INV_ARTICULOS,61,EXISTENCIAMAXIMA,UNDEFINED,0,,,Y
SYSTEM,VW_INV_ARTICULOS,62,EXISTENCIAMINIMA,UNDEFINED,0,,,Y
SYSTEM,VW_INV_ARTICULOS,63,COSTOACTUAL,UNDEFINED,0,,,Y
SYSTEM,VW_INV_ARTICULOS,64,FECHAULTIMACOMPRA,UNDEFINED,0,,,Y
SYSTEM,VW_INV_ARTICULOS,65,FACTORCONVERSION,UNDEFINED,0,,,Y
SYSTEM,VW_INV_ARTICULOS,66,ARTI_PROMO,UNDEFINED,0,,,Y
SYSTEM,VW_INV_ARTICULOS,67,LINECOMP,UNDEFINED,0,,,Y
SYSTEM,VW_INV_ARTICULOS,68,ROTACION,UNDEFINED,0,,,Y
SYSTEM,VW_INV_ARTICULOS,69,VEXI_VEXI_ID,UNDEFINED,0,,,Y
SYSTEM,VW_INV_ARTICULOS,70,ALIASWEB,UNDEFINED,0,,,Y
SYSTEM,VW_INV_ARTICULOS,71,MULTIPLO,UNDEFINED,0,,,Y
SYSTEM,VW_INV_ARTICULOS,72,PARTIDA,UNDEFINED,0,,,Y
SYSTEM,VW_INV_ARTICULOS,73,DESCRIPCIONPARTIDA,UNDEFINED,0,,,Y
SYSTEM,VW_INV_ARTICULOS,74,EXISTENCIA,UNDEFINED,0,,,Y
SYSTEM,VW_INV_ARTICULOS,75,CREACION,UNDEFINED,0,,,Y
SYSTEM,VW_INV_ARTICULOS,76,MODIFICACION,UNDEFINED,0,,,Y
SYSTEM,VW_INV_ARTICULOS,77,FECHACREACION,UNDEFINED,0,,,Y
SYSTEM,VW_INV_CABECERA_CAMBIOPRES,1,NUMERO,UNDEFINED,0,,,Y
SYSTEM,VW_INV_CABECERA_CAMBIOPRES,2,COMPANIA,UNDEFINED,0,,,Y
SYSTEM,VW_INV_CABECERA_CAMBIOPRES,3,OFICINA,UNDEFINED,0,,,Y
SYSTEM,VW_INV_CABECERA_CAMBIOPRES,4,NOMBREOFICINA,UNDEFINED,0,,,Y
SYSTEM,VW_INV_CABECERA_CAMBIOPRES,5,ESTADO,UNDEFINED,0,,,Y
SYSTEM,VW_INV_CABECERA_CAMBIOPRES,6,DESCRIPCIONESTADO,UNDEFINED,0,,,Y
SYSTEM,VW_INV_CABECERA_CAMBIOPRES,7,FECHA,UNDEFINED,0,,,Y
SYSTEM,VW_INV_CABECERA_CAMBIOPRES,8,FECHACOMPLETA,UNDEFINED,0,,,Y
SYSTEM,VW_INV_CABECERA_CAMBIOPRES,9,FECHACIERRE,UNDEFINED,0,,,Y
SYSTEM,VW_INV_CABECERA_CAMBIOPRES,10,FECHACOMPLETACIERRE,UNDEFINED,0,,,Y
SYSTEM,VW_INV_CABECERA_CAMBIOPRES,11,CEDURUC,UNDEFINED,0,,,Y
SYSTEM,VW_INV_CABECERA_CAMBIOPRES,12,PROV_COMPANIA,UNDEFINED,0,,,Y
SYSTEM,VW_INV_CABECERA_CAMBIOPRES,13,PROVEEDOR,UNDEFINED,0,,,Y
SYSTEM,VW_INV_CABECERA_CAMBIOPRES,14,IDDIARIO,UNDEFINED,0,,,Y
SYSTEM,VW_INV_CABECERA_CAMBIOPRES,15,INTEGRACIONCONTABLE,UNDEFINED,0,,,Y
SYSTEM,VW_INV_CABECERA_CAMBIOPRES,16,REFERENCIA,UNDEFINED,0,,,Y
SYSTEM,VW_INV_CABECERA_CAMBIOPRES,17,DESCRIPCION,UNDEFINED,0,,,Y
SYSTEM,VW_INV_CABECERA_CAMBIOPRES,18,OBSERVACION,UNDEFINED,0,,,Y
SYSTEM,VW_INV_CABECERA_CAMBIOPRES,19,CREACION,UNDEFINED,0,,,Y
SYSTEM,VW_INV_CABECERA_CAMBIOPRES,20,MODIFICACION,UNDEFINED,0,,,Y
SYSTEM,VW_INV_CABECERA_COSTOADIC,1,CODIGO,UNDEFINED,0,,,Y
SYSTEM,VW_INV_CABECERA_COSTOADIC,2,FKCODIGOCAMBPRES,UNDEFINED,0,,,Y
SYSTEM,VW_INV_CABECERA_COSTOADIC,3,CANTIDAD,UNDEFINED,0,,,Y
SYSTEM,VW_INV_CABECERA_COSTOADIC,4,TCSI_COMPANIA,UNDEFINED,0,,,Y
SYSTEM,VW_INV_CABECERA_COSTOADIC,5,TIPO,UNDEFINED,0,,,Y
SYSTEM,VW_INV_CABECERA_COSTOADIC,6,COSTO,UNDEFINED,0,,,Y
SYSTEM,VW_INV_CABECERA_COSTOADIC,7,TOTAL,UNDEFINED,0,,,Y
SYSTEM,VW_INV_CABECERA_COSTOADIC,8,CMPR_COMPANIA,UNDEFINED,0,,,Y
SYSTEM,VW_INV_CABECERA_COSTOADIC,9,CEDURUC,UNDEFINED,0,,,Y
SYSTEM,VW_INV_CABECERA_COSTOADIC,10,PROVEEDORNOMBRE,UNDEFINED,0,,,Y
SYSTEM,VW_INV_CABECERA_COSTOADIC,11,CMPR_NUMERO,UNDEFINED,0,,,Y
SYSTEM,VW_INV_CABECERA_COSTOADIC,12,SERIE,UNDEFINED,0,,,Y
SYSTEM,VW_INV_CABECERA_COSTOADIC,13,CMPR_ALCANCE,UNDEFINED,0,,,Y
SYSTEM,VW_INV_CABECERA_COSTOADIC,14,FECHA,UNDEFINED,0,,,Y
SYSTEM,VW_INV_CABECERA_COSTOADIC,15,FECHACOMPLETA,UNDEFINED,0,,,Y
SYSTEM,VW_INV_CABECERA_COSTOADIC,16,TOTALCOMPRA,UNDEFINED,0,,,Y
SYSTEM,VW_INV_CABECERA_COSTOADIC,17,CATALOGO,UNDEFINED,0,,,Y
SYSTEM,VW_INV_CABECERA_COSTOADIC,18,CUENTA,UNDEFINED,0,,,Y
SYSTEM,VW_INV_CABECERA_COSTOADIC,19,DESCRIPCION,UNDEFINED,0,,,Y
SYSTEM,VW_INV_CABECERA_COSTOADIC,20,FKCOMPANIAOP,UNDEFINED,0,,,Y
SYSTEM,VW_INV_CABECERA_COSTOADIC,21,FKOFICINAOP,UNDEFINED,0,,,Y
SYSTEM,VW_INV_CABECERA_COSTOADIC,22,FKNUMEROOP,UNDEFINED,0,,,Y
SYSTEM,VW_INV_CABECERA_ENTRADA,1,COMPANIA,UNDEFINED,0,,,Y
SYSTEM,VW_INV_CABECERA_ENTRADA,2,OFCN_OFICINA,UNDEFINED,0,,,Y
SYSTEM,VW_INV_CABECERA_ENTRADA,3,NOMBCORT,UNDEFINED,0,,,Y
SYSTEM,VW_INV_CABECERA_ENTRADA,4,NUMERO,UNDEFINED,0,,,Y
SYSTEM,VW_INV_CABECERA_ENTRADA,5,FECHA,UNDEFINED,0,,,Y
SYSTEM,VW_INV_CABECERA_ENTRADA,6,FECHACOMPLETA,UNDEFINED,0,,,Y
SYSTEM,VW_INV_CABECERA_ENTRADA,7,EGEN_ESTADO,UNDEFINED,0,,,Y
SYSTEM,VW_INV_CABECERA_ENTRADA,8,DESCRIPCIONESTADO,UNDEFINED,0,,,Y
SYSTEM,VW_INV_CABECERA_ENTRADA,9,NOMBRE,UNDEFINED,0,,,Y
SYSTEM,VW_INV_CABECERA_ENTRADA,10,TPDC_TIPODOCU,UNDEFINED,0,,,Y
SYSTEM,VW_INV_CABECERA_ENTRADA,11,VALOR_NETO,UNDEFINED,0,,,Y
SYSTEM,VW_INV_CABECERA_ENTRADA,12,REFERENCIA,UNDEFINED,0,,,Y
SYSTEM,VW_INV_CABECERA_ENTRADA,13,DESCRIPCION,UNDEFINED,0,,,Y
SYSTEM,VW_INV_CABECERA_ENTRADA,14,OBSERVACION,UNDEFINED,0,,,Y
SYSTEM,VW_INV_CABECERA_ENTRADA,15,IDDIARIO,UNDEFINED,0,,,Y
SYSTEM,VW_INV_CABECERA_ENTRADA,16,DESPACHO,UNDEFINED,0,,,Y
SYSTEM,VW_INV_CABECERA_ENTRADA,17,FECHADESPACHO,UNDEFINED,0,,,Y
SYSTEM,VW_INV_CABECERA_ENTRADA,18,INTEGRACIONCONTABLE,UNDEFINED,0,,,Y
SYSTEM,VW_INV_CABECERA_ENTRADA,19,CREACION,UNDEFINED,0,,,Y
SYSTEM,VW_INV_CABECERA_ENTRADA,20,MODIFICACION,UNDEFINED,0,,,Y
SYSTEM,VW_INV_CABECERA_IMPORTAC,1,NUMERO,UNDEFINED,0,,,Y
SYSTEM,VW_INV_CABECERA_IMPORTAC,2,COMPANIA,UNDEFINED,0,,,Y
SYSTEM,VW_INV_CABECERA_IMPORTAC,3,OFICINA,UNDEFINED,0,,,Y
SYSTEM,VW_INV_CABECERA_IMPORTAC,4,NOMBREOFICINA,UNDEFINED,0,,,Y
SYSTEM,VW_INV_CABECERA_IMPORTAC,5,FECHAINICIO,UNDEFINED,0,,,Y
SYSTEM,VW_INV_CABECERA_IMPORTAC,6,FECHINICIOCOMPLETA,UNDEFINED,0,,,Y
SYSTEM,VW_INV_CABECERA_IMPORTAC,7,FECHALLEGADA,UNDEFINED,0,,,Y
SYSTEM,VW_INV_CABECERA_IMPORTAC,8,FECHLLEGADACOMPLETA,UNDEFINED,0,,,Y
SYSTEM,VW_INV_CABECERA_IMPORTAC,9,COTIZA,UNDEFINED,0,,,Y
SYSTEM,VW_INV_CABECERA_IMPORTAC,10,MONEDA,UNDEFINED,0,,,Y
SYSTEM,VW_INV_CABECERA_IMPORTAC,11,FORMAPAGO,UNDEFINED,0,,,Y
SYSTEM,VW_INV_CABECERA_IMPORTAC,12,DESCRIPCIONFORMAPAGO,UNDEFINED,0,,,Y
SYSTEM,VW_INV_CABECERA_IMPORTAC,13,VALORNETO,UNDEFINED,0,,,Y
SYSTEM,VW_INV_CABECERA_IMPORTAC,14,PRECIOUNITARIO,UNDEFINED,0,,,Y
SYSTEM,VW_INV_CABECERA_IMPORTAC,15,FOB,UNDEFINED,0,,,Y
SYSTEM,VW_INV_CABECERA_IMPORTAC,16,VALORFOB,UNDEFINED,0,,,Y
SYSTEM,VW_INV_CABECERA_IMPORTAC,17,PROV_COMPANIA,UNDEFINED,0,,,Y
SYSTEM,VW_INV_CABECERA_IMPORTAC,18,CEDULARUC,UNDEFINED,0,,,Y
SYSTEM,VW_INV_CABECERA_IMPORTAC,19,PROVEEDOR,UNDEFINED,0,,,Y
SYSTEM,VW_INV_CABECERA_IMPORTAC,20,REFERENCIA,UNDEFINED,0,,,Y
SYSTEM,VW_INV_CABECERA_IMPORTAC,21,OBSERVACIONES,UNDEFINED,0,,,Y
SYSTEM,VW_INV_CABECERA_IMPORTAC,22,CREACION,UNDEFINED,0,,,Y
SYSTEM,VW_INV_CABECERA_IMPORTAC,23,MODIFICACION,UNDEFINED,0,,,Y
SYSTEM,VW_INV_CABECERA_ORDENPROD,1,IDCOMPANIA,UNDEFINED,0,,,Y
SYSTEM,VW_INV_CABECERA_ORDENPROD,2,IDOFICINA,UNDEFINED,0,,,Y
SYSTEM,VW_INV_CABECERA_ORDENPROD,3,NOMBREOFICINA,UNDEFINED,0,,,Y
SYSTEM,VW_INV_CABECERA_ORDENPROD,4,IDNUMERO,UNDEFINED,0,,,Y
SYSTEM,VW_INV_CABECERA_ORDENPROD,5,RECETAID,UNDEFINED,0,,,Y
SYSTEM,VW_INV_CABECERA_ORDENPROD,6,FECHA,UNDEFINED,0,,,Y
SYSTEM,VW_INV_CABECERA_ORDENPROD,7,FECHACOMPLETA,UNDEFINED,0,,,Y
SYSTEM,VW_INV_CABECERA_ORDENPROD,8,FECHACIERRE,UNDEFINED,0,,,Y
SYSTEM,VW_INV_CABECERA_ORDENPROD,9,FECHACIERRECOMPLETA,UNDEFINED,0,,,Y
SYSTEM,VW_INV_CABECERA_ORDENPROD,10,DESCRIPCION,UNDEFINED,0,,,Y
SYSTEM,VW_INV_CABECERA_ORDENPROD,11,REFERENCIA,UNDEFINED,0,,,Y
SYSTEM,VW_INV_CABECERA_ORDENPROD,12,OBSERVACION,UNDEFINED,0,,,Y
SYSTEM,VW_INV_CABECERA_ORDENPROD,13,IDCLASE,UNDEFINED,0,,,Y
SYSTEM,VW_INV_CABECERA_ORDENPROD,14,CLASE,UNDEFINED,0,,,Y
SYSTEM,VW_INV_CABECERA_ORDENPROD,15,IDGRUPO,UNDEFINED,0,,,Y
SYSTEM,VW_INV_CABECERA_ORDENPROD,16,GRUPO,UNDEFINED,0,,,Y
SYSTEM,VW_INV_CABECERA_ORDENPROD,17,IDARTICULO,UNDEFINED,0,,,Y
SYSTEM,VW_INV_CABECERA_ORDENPROD,18,ARTICULO,UNDEFINED,0,,,Y
SYSTEM,VW_INV_CABECERA_ORDENPROD,19,NUMEROPARADAS,UNDEFINED,0,,,Y
SYSTEM,VW_INV_CABECERA_ORDENPROD,20,CANTIDADPRODUCIDO,UNDEFINED,0,,,Y
SYSTEM,VW_INV_CABECERA_ORDENPROD,21,KILOS,UNDEFINED,0,,,Y
SYSTEM,VW_INV_CABECERA_ORDENPROD,22,IDUNIDAD,UNDEFINED,0,,,Y
SYSTEM,VW_INV_CABECERA_ORDENPROD,23,UNIDAD,UNDEFINED,0,,,Y
SYSTEM,VW_INV_CABECERA_ORDENPROD,24,IDCLIENTE,UNDEFINED,0,,,Y
SYSTEM,VW_INV_CABECERA_ORDENPROD,25,CLIENTEID,UNDEFINED,0,,,Y
SYSTEM,VW_INV_CABECERA_ORDENPROD,26,CLIENTE,UNDEFINED,0,,,Y
SYSTEM,VW_INV_CABECERA_ORDENPROD,27,NOMBRECLIENTE,UNDEFINED,0,,,Y
SYSTEM,VW_INV_CABECERA_ORDENPROD,28,IDDIARIO,UNDEFINED,0,,,Y
SYSTEM,VW_INV_CABECERA_ORDENPROD,29,INTEGRACIONCONTABLE,UNDEFINED,0,,,Y
SYSTEM,VW_INV_CABECERA_ORDENPROD,30,IDESTADO,UNDEFINED,0,,,Y
SYSTEM,VW_INV_CABECERA_ORDENPROD,31,ESTADO,UNDEFINED,0,,,Y
SYSTEM,VW_INV_CABECERA_ORDENPROD,32,CREACION,UNDEFINED,0,,,Y
SYSTEM,VW_INV_CABECERA_ORDENPROD,33,MODIFICACION,UNDEFINED,0,,,Y
SYSTEM,VW_INV_CABECERA_RECETA,1,IDRECETA,UNDEFINED,0,,,Y
SYSTEM,VW_INV_CABECERA_RECETA,2,NOMBRERECETA,UNDEFINED,0,,,Y
SYSTEM,VW_INV_CABECERA_RECETA,3,VIGENTE,UNDEFINED,0,,,Y
SYSTEM,VW_INV_CABECERA_RECETA,4,CANTIDAD,UNDEFINED,0,,,Y
SYSTEM,VW_INV_CABECERA_RECETA,5,OBSERVACIONES,UNDEFINED,0,,,Y
SYSTEM,VW_INV_CABECERA_RECETA,6,PREDEFINIDO,UNDEFINED,0,,,Y
SYSTEM,VW_INV_CABECERA_RECETA,7,IDGRUPO,UNDEFINED,0,,,Y
SYSTEM,VW_INV_CABECERA_RECETA,8,GRUPOINVENTARIO,UNDEFINED,0,,,Y
SYSTEM,VW_INV_CABECERA_RECETA,9,IDCLASE,UNDEFINED,0,,,Y
SYSTEM,VW_INV_CABECERA_RECETA,10,CLASEINVENTARIO,UNDEFINED,0,,,Y
SYSTEM,VW_INV_CABECERA_RECETA,11,IDARTICULO,UNDEFINED,0,,,Y
SYSTEM,VW_INV_CABECERA_RECETA,12,ARTICULO,UNDEFINED,0,,,Y
SYSTEM,VW_INV_CABECERA_RECETA,13,PRESENTACION,UNDEFINED,0,,,Y
SYSTEM,VW_INV_CABECERA_RECETA,14,CREACION,UNDEFINED,0,,,Y
SYSTEM,VW_INV_CABECERA_RECETA,15,MODIFICACION,UNDEFINED,0,,,Y
SYSTEM,VW_INV_CABECERA_REQBODEGA,1,PKCOMPANIA,UNDEFINED,0,,,Y
SYSTEM,VW_INV_CABECERA_REQBODEGA,2,PKOFICINA,UNDEFINED,0,,,Y
SYSTEM,VW_INV_CABECERA_REQBODEGA,3,FKCEDRUC,UNDEFINED,0,,,Y
SYSTEM,VW_INV_CABECERA_REQBODEGA,4,PKNUMERO,UNDEFINED,0,,,Y
SYSTEM,VW_INV_CABECERA_REQBODEGA,5,NOMBREOFICINA,UNDEFINED,0,,,Y
SYSTEM,VW_INV_CABECERA_REQBODEGA,6,FECHA,UNDEFINED,0,,,Y
SYSTEM,VW_INV_CABECERA_REQBODEGA,7,FECHACOMPLETA,UNDEFINED,0,,,Y
SYSTEM,VW_INV_CABECERA_REQBODEGA,8,FDESDE,UNDEFINED,0,,,Y
SYSTEM,VW_INV_CABECERA_REQBODEGA,9,FECHADESDECOMPLETA,UNDEFINED,0,,,Y
SYSTEM,VW_INV_CABECERA_REQBODEGA,10,FHASTA,UNDEFINED,0,,,Y
SYSTEM,VW_INV_CABECERA_REQBODEGA,11,FECHAHASTACOMPLETA,UNDEFINED,0,,,Y
SYSTEM,VW_INV_CABECERA_REQBODEGA,12,ESTADO,UNDEFINED,0,,,Y
SYSTEM,VW_INV_CABECERA_REQBODEGA,13,FKESTADO,UNDEFINED,0,,,Y
SYSTEM,VW_INV_CABECERA_REQBODEGA,14,IDPROVEEDOR,UNDEFINED,0,,,Y
SYSTEM,VW_INV_CABECERA_REQBODEGA,15,PROVEEDOR,UNDEFINED,0,,,Y
SYSTEM,VW_INV_CABECERA_REQBODEGA,16,DIRECCION,UNDEFINED,0,,,Y
SYSTEM,VW_INV_CABECERA_REQBODEGA,17,OBSERVACION,UNDEFINED,0,,,Y
SYSTEM,VW_INV_CABECERA_REQBODEGA,18,REFERENCIA,UNDEFINED,0,,,Y
SYSTEM,VW_INV_CABECERA_REQBODEGA,19,IDMONEDA,UNDEFINED,0,,,Y
SYSTEM,VW_INV_CABECERA_REQBODEGA,20,MONEDA,UNDEFINED,0,,,Y
SYSTEM,VW_INV_CABECERA_REQBODEGA,21,FACTORCOSTO,UNDEFINED,0,,,Y
SYSTEM,VW_INV_CABECERA_REQBODEGA,22,FACTORCONVERSION,UNDEFINED,0,,,Y
SYSTEM,VW_INV_CABECERA_REQBODEGA,23,REQUIEREOFICINA,UNDEFINED,0,,,Y
SYSTEM,VW_INV_CABECERA_REQBODEGA,24,REQUIERENUMERO,UNDEFINED,0,,,Y
SYSTEM,VW_INV_CABECERA_REQBODEGA,25,REQUIERECOMPANIA,UNDEFINED,0,,,Y
SYSTEM,VW_INV_CABECERA_REQBODEGA,26,CREACION,UNDEFINED,0,,,Y
SYSTEM,VW_INV_CABECERA_REQBODEGA,27,MODIFICACION,UNDEFINED,0,,,Y
SYSTEM,VW_INV_CABECERA_TRANSBODEGA,1,COMPANIA,UNDEFINED,0,,,Y
SYSTEM,VW_INV_CABECERA_TRANSBODEGA,2,DOCUMENTO,UNDEFINED,0,,,Y
SYSTEM,VW_INV_CABECERA_TRANSBODEGA,3,TIPODOCUMENTO,UNDEFINED,0,,,Y
SYSTEM,VW_INV_CABECERA_TRANSBODEGA,4,OFICINA,UNDEFINED,0,,,Y
SYSTEM,VW_INV_CABECERA_TRANSBODEGA,5,IDOFICINA,UNDEFINED,0,,,Y
SYSTEM,VW_INV_CABECERA_TRANSBODEGA,6,NOMBREOFICINAORIGEN,UNDEFINED,0,,,Y
SYSTEM,VW_INV_CABECERA_TRANSBODEGA,7,OFICINADESTINO,UNDEFINED,0,,,Y
SYSTEM,VW_INV_CABECERA_TRANSBODEGA,8,NOMBREOFICINADEST,UNDEFINED,0,,,Y
SYSTEM,VW_INV_CABECERA_TRANSBODEGA,9,FECHA,UNDEFINED,0,,,Y
SYSTEM,VW_INV_CABECERA_TRANSBODEGA,10,FECHACOMPLETA,UNDEFINED,0,,,Y
SYSTEM,VW_INV_CABECERA_TRANSBODEGA,11,NUMERO,UNDEFINED,0,,,Y
SYSTEM,VW_INV_CABECERA_TRANSBODEGA,12,ESTADO,UNDEFINED,0,,,Y
SYSTEM,VW_INV_CABECERA_TRANSBODEGA,13,DESCRIPCIONESTADO,UNDEFINED,0,,,Y
SYSTEM,VW_INV_CABECERA_TRANSBODEGA,14,REFERENCIA,UNDEFINED,0,,,Y
SYSTEM,VW_INV_CABECERA_TRANSBODEGA,15,FECHAANULACION,UNDEFINED,0,,,Y
SYSTEM,VW_INV_CABECERA_TRANSBODEGA,16,DESCRIPCION,UNDEFINED,0,,,Y
SYSTEM,VW_INV_CABECERA_TRANSBODEGA,17,OBSERVACION,UNDEFINED,0,,,Y
SYSTEM,VW_INV_CABECERA_TRANSBODEGA,18,NUMEROREQUISION,UNDEFINED,0,,,Y
SYSTEM,VW_INV_CABECERA_TRANSBODEGA,19,ENSA_COMPANIA,UNDEFINED,0,,,Y
SYSTEM,VW_INV_CABECERA_TRANSBODEGA,20,ENSA_OFICINA,UNDEFINED,0,,,Y
SYSTEM,VW_INV_CABECERA_TRANSBODEGA,21,ENSA_TIPODOCU,UNDEFINED,0,,,Y
SYSTEM,VW_INV_CABECERA_TRANSBODEGA,22,NUMERODIARIO,UNDEFINED,0,,,Y
SYSTEM,VW_INV_CABECERA_TRANSBODEGA,23,INTEGRACION,UNDEFINED,0,,,Y
SYSTEM,VW_INV_CABECERA_TRANSBODEGA,24,CREACION,UNDEFINED,0,,,Y
SYSTEM,VW_INV_CABECERA_TRANSBODEGA,25,MODIFICACION,UNDEFINED,0,,,Y
SYSTEM,VW_INV_DETALLE_CAMBIOPRES,1,CODIGO,UNDEFINED,0,,,Y
SYSTEM,VW_INV_DETALLE_CAMBIOPRES,2,ARTICULO,UNDEFINED,0,,,Y
SYSTEM,VW_INV_DETALLE_CAMBIOPRES,3,COMPANIA,UNDEFINED,0,,,Y
SYSTEM,VW_INV_DETALLE_CAMBIOPRES,4,CLASE,UNDEFINED,0,,,Y
SYSTEM,VW_INV_DETALLE_CAMBIOPRES,5,GRUPO,UNDEFINED,0,,,Y
SYSTEM,VW_INV_DETALLE_CAMBIOPRES,6,NOMBRE,UNDEFINED,0,,,Y
SYSTEM,VW_INV_DETALLE_CAMBIOPRES,7,CANTIDAD,UNDEFINED,0,,,Y
SYSTEM,VW_INV_DETALLE_CAMBIOPRES,8,UMED_UNIDMEDI,UNDEFINED,0,,,Y
SYSTEM,VW_INV_DETALLE_CAMBIOPRES,9,COSTOUNITARIO,UNDEFINED,0,,,Y
SYSTEM,VW_INV_DETALLE_CAMBIOPRES,10,VALOR,UNDEFINED,0,,,Y
SYSTEM,VW_INV_DETALLE_CAMBIOPRES,11,DESCRIPC,UNDEFINED,0,,,Y
SYSTEM,VW_INV_DETALLE_CAMBIOPRES,12,CPRE_COMPANIA,UNDEFINED,0,,,Y
SYSTEM,VW_INV_DETALLE_CAMBIOPRES,13,CPRE_OFICINA,UNDEFINED,0,,,Y
SYSTEM,VW_INV_DETALLE_CAMBIOPRES,14,CPRE_NUMERO,UNDEFINED,0,,,Y
SYSTEM,VW_INV_DETALLE_CAMBIOPRES,15,CANTIDADPRODUCIDO,UNDEFINED,0,,,Y
SYSTEM,VW_INV_DETALLE_CAMBIOPRES,16,RECETAID,UNDEFINED,0,,,Y
SYSTEM,VW_INV_DETALLE_CAMBIOPRES,17,CREACION,UNDEFINED,0,,,Y
SYSTEM,VW_INV_DETALLE_CAMBIOPRES,18,MODIFICACION,UNDEFINED,0,,,Y
SYSTEM,VW_INV_DETALLE_ENTRADASALIDA,1,PKCOMPANIA,UNDEFINED,0,,,Y
SYSTEM,VW_INV_DETALLE_ENTRADASALIDA,2,PKOFICINA,UNDEFINED,0,,,Y
SYSTEM,VW_INV_DETALLE_ENTRADASALIDA,3,NOMBREOFICINA,UNDEFINED,0,,,Y
SYSTEM,VW_INV_DETALLE_ENTRADASALIDA,4,PKTIPODOCUMENTO,UNDEFINED,0,,,Y
SYSTEM,VW_INV_DETALLE_ENTRADASALIDA,5,TIPODOCUMENTO,UNDEFINED,0,,,Y
SYSTEM,VW_INV_DETALLE_ENTRADASALIDA,6,PKNUMERO,UNDEFINED,0,,,Y
SYSTEM,VW_INV_DETALLE_ENTRADASALIDA,7,DESPACHO,UNDEFINED,0,,,Y
SYSTEM,VW_INV_DETALLE_ENTRADASALIDA,8,FECHADESPACHO,UNDEFINED,0,,,Y
SYSTEM,VW_INV_DETALLE_ENTRADASALIDA,9,FECHACOMPLETADESPACHO,UNDEFINED,0,,,Y
SYSTEM,VW_INV_DETALLE_ENTRADASALIDA,10,FECHA,UNDEFINED,0,,,Y
SYSTEM,VW_INV_DETALLE_ENTRADASALIDA,11,FECHACOMPLETA,UNDEFINED,0,,,Y
SYSTEM,VW_INV_DETALLE_ENTRADASALIDA,12,TOTALDOCUMENTO,UNDEFINED,0,,,Y
SYSTEM,VW_INV_DETALLE_ENTRADASALIDA,13,IDESTADO,UNDEFINED,0,,,Y
SYSTEM,VW_INV_DETALLE_ENTRADASALIDA,14,ESTADO,UNDEFINED,0,,,Y
SYSTEM,VW_INV_DETALLE_ENTRADASALIDA,15,DESCRIPCION,UNDEFINED,0,,,Y
SYSTEM,VW_INV_DETALLE_ENTRADASALIDA,16,REFERENCIA,UNDEFINED,0,,,Y
SYSTEM,VW_INV_DETALLE_ENTRADASALIDA,17,OBSERVACIONES,UNDEFINED,0,,,Y
SYSTEM,VW_INV_DETALLE_ENTRADASALIDA,18,IDDIARIO,UNDEFINED,0,,,Y
SYSTEM,VW_INV_DETALLE_ENTRADASALIDA,19,INTEGRACIONCONTABLE,UNDEFINED,0,,,Y
SYSTEM,VW_INV_DETALLE_ENTRADASALIDA,20,ASTO_COMPANIA,UNDEFINED,0,,,Y
SYSTEM,VW_INV_DETALLE_ENTRADASALIDA,21,FKDIARIO,UNDEFINED,0,,,Y
SYSTEM,VW_INV_DETALLE_ENTRADASALIDA,22,FKENSACOMPANIA,UNDEFINED,0,,,Y
SYSTEM,VW_INV_DETALLE_ENTRADASALIDA,23,FKENSAOFICINA,UNDEFINED,0,,,Y
SYSTEM,VW_INV_DETALLE_ENTRADASALIDA,24,FKENSANUMERO,UNDEFINED,0,,,Y
SYSTEM,VW_INV_DETALLE_ENTRADASALIDA,25,FKENSATIPODOCU,UNDEFINED,0,,,Y
SYSTEM,VW_INV_DETALLE_ENTRADASALIDA,26,FKCAMBIOPRESCOMPANIA,UNDEFINED,0,,,Y
SYSTEM,VW_INV_DETALLE_ENTRADASALIDA,27,FKCAMBIOPRESOFICINA,UNDEFINED,0,,,Y
SYSTEM,VW_INV_DETALLE_ENTRADASALIDA,28,FKCAMBIOPRESNUMERO,UNDEFINED,0,,,Y
SYSTEM,VW_INV_DETALLE_ENTRADASALIDA,29,FKORDENPRODCOMPANIA,UNDEFINED,0,,,Y
SYSTEM,VW_INV_DETALLE_ENTRADASALIDA,30,FKORDENPRODOFICINA,UNDEFINED,0,,,Y
SYSTEM,VW_INV_DETALLE_ENTRADASALIDA,31,FKORDENPRODNUMERO,UNDEFINED,0,,,Y
SYSTEM,VW_INV_DETALLE_ENTRADASALIDA,32,DCAM_ID,UNDEFINED,0,,,Y
SYSTEM,VW_INV_DETALLE_ENTRADASALIDA,33,FECHANUL,UNDEFINED,0,,,Y
SYSTEM,VW_INV_DETALLE_ENTRADASALIDA,34,CREACION,UNDEFINED,0,,,Y
SYSTEM,VW_INV_DETALLE_ENTRADASALIDA,35,MODIFICACION,UNDEFINED,0,,,Y
SYSTEM,VW_INV_DETALLE_IMPORTACION,1,CODIGO,UNDEFINED,0,,,Y
SYSTEM,VW_INV_DETALLE_IMPORTACION,2,NUMERO,UNDEFINED,0,,,Y
SYSTEM,VW_INV_DETALLE_IMPORTACION,3,COMPANIA,UNDEFINED,0,,,Y
SYSTEM,VW_INV_DETALLE_IMPORTACION,4,OFICINA,UNDEFINED,0,,,Y
SYSTEM,VW_INV_DETALLE_IMPORTACION,5,BODEGA,UNDEFINED,0,,,Y
SYSTEM,VW_INV_DETALLE_IMPORTACION,6,ARTICULO,UNDEFINED,0,,,Y
SYSTEM,VW_INV_DETALLE_IMPORTACION,7,CLASE,UNDEFINED,0,,,Y
SYSTEM,VW_INV_DETALLE_IMPORTACION,8,COMPANIAARTI,UNDEFINED,0,,,Y
SYSTEM,VW_INV_DETALLE_IMPORTACION,9,GRUPO,UNDEFINED,0,,,Y
SYSTEM,VW_INV_DETALLE_IMPORTACION,10,CODIIMPO,UNDEFINED,0,,,Y
SYSTEM,VW_INV_DETALLE_IMPORTACION,11,NOMBRE,UNDEFINED,0,,,Y
SYSTEM,VW_INV_DETALLE_IMPORTACION,12,CANTIDADSOLICITADA,UNDEFINED,0,,,Y
SYSTEM,VW_INV_DETALLE_IMPORTACION,13,CANTIDAD,UNDEFINED,0,,,Y
SYSTEM,VW_INV_DETALLE_IMPORTACION,14,DIFERENCIA,UNDEFINED,0,,,Y
SYSTEM,VW_INV_DETALLE_IMPORTACION,15,UNIDADMEDIDA,UNDEFINED,0,,,Y
SYSTEM,VW_INV_DETALLE_IMPORTACION,16,COSTOUNITARIO,UNDEFINED,0,,,Y
SYSTEM,VW_INV_DETALLE_IMPORTACION,17,VALOR,UNDEFINED,0,,,Y
SYSTEM,VW_INV_DETALLE_IMPORTACION,18,PRECIOUNITARIO,UNDEFINED,0,,,Y
SYSTEM,VW_INV_DETALLE_IMPORTACION,19,VALORFOB,UNDEFINED,0,,,Y
SYSTEM,VW_INV_DETALLE_IMPORTACION,20,FOB,UNDEFINED,0,,,Y
SYSTEM,VW_INV_DETALLE_IMPORTACION,21,FACTOIMPORTACION,UNDEFINED,0,,,Y
SYSTEM,VW_INV_DETALLE_IMPORTACION,22,OBS,UNDEFINED,0,,,Y
SYSTEM,VW_INV_DETALLE_IMPORTACION,23,UTILIDAD,UNDEFINED,0,,,Y
SYSTEM,VW_INV_DETALLE_IMPORTACION,24,CREACION,UNDEFINED,0,,,Y
SYSTEM,VW_INV_DETALLE_IMPORTACION,25,MODIFICACION,UNDEFINED,0,,,Y
SYSTEM,VW_INV_DETALLE_MOVIMIENTO,1,MOVIMIENTO,UNDEFINED,0,,,Y
SYSTEM,VW_INV_DETALLE_MOVIMIENTO,2,IDMOVIMIENTO,UNDEFINED,0,,,Y
SYSTEM,VW_INV_DETALLE_MOVIMIENTO,3,IDCLASE,UNDEFINED,0,,,Y
SYSTEM,VW_INV_DETALLE_MOVIMIENTO,4,CLASEINVENTARIO,UNDEFINED,0,,,Y
SYSTEM,VW_INV_DETALLE_MOVIMIENTO,5,IDGRUPO,UNDEFINED,0,,,Y
SYSTEM,VW_INV_DETALLE_MOVIMIENTO,6,GRUPOINVENTARIO,UNDEFINED,0,,,Y
SYSTEM,VW_INV_DETALLE_MOVIMIENTO,7,ARTL_ARTICULO,UNDEFINED,0,,,Y
SYSTEM,VW_INV_DETALLE_MOVIMIENTO,8,NOMBRE,UNDEFINED,0,,,Y
SYSTEM,VW_INV_DETALLE_MOVIMIENTO,9,IDUNIDADMEDIDA,UNDEFINED,0,,,Y
SYSTEM,VW_INV_DETALLE_MOVIMIENTO,10,UNIDADMEDIDA,UNDEFINED,0,,,Y
SYSTEM,VW_INV_DETALLE_MOVIMIENTO,11,CANTIDAD,UNDEFINED,0,,,Y
SYSTEM,VW_INV_DETALLE_MOVIMIENTO,12,PRECIOUNITARIO,UNDEFINED,0,,,Y
SYSTEM,VW_INV_DETALLE_MOVIMIENTO,13,VALOR,UNDEFINED,0,,,Y
SYSTEM,VW_INV_DETALLE_MOVIMIENTO,14,COSTOUNITARIO,UNDEFINED,0,,,Y
SYSTEM,VW_INV_DETALLE_MOVIMIENTO,15,CANTIDADSOLICITADA,UNDEFINED,0,,,Y
SYSTEM,VW_INV_DETALLE_MOVIMIENTO,16,CANTIDADASIGNADA,UNDEFINED,0,,,Y
SYSTEM,VW_INV_DETALLE_MOVIMIENTO,17,PORCENTAJEDESCUENTO,UNDEFINED,0,,,Y
SYSTEM,VW_INV_DETALLE_MOVIMIENTO,18,FACTORIMPORTACION,UNDEFINED,0,,,Y
SYSTEM,VW_INV_DETALLE_MOVIMIENTO,19,TASAIVA,UNDEFINED,0,,,Y
SYSTEM,VW_INV_DETALLE_MOVIMIENTO,20,TASAICE,UNDEFINED,0,,,Y
SYSTEM,VW_INV_DETALLE_MOVIMIENTO,21,PROMOCION,UNDEFINED,0,,,Y
SYSTEM,VW_INV_DETALLE_MOVIMIENTO,22,PRORATEO,UNDEFINED,0,,,Y
SYSTEM,VW_INV_DETALLE_MOVIMIENTO,23,VALORFOB,UNDEFINED,0,,,Y
SYSTEM,VW_INV_DETALLE_MOVIMIENTO,24,VALORDESCUENTO,UNDEFINED,0,,,Y
SYSTEM,VW_INV_DETALLE_MOVIMIENTO,25,VALORADICIONAL,UNDEFINED,0,,,Y
SYSTEM,VW_INV_DETALLE_MOVIMIENTO,26,FKCOMPRACOMPANIA,UNDEFINED,0,,,Y
SYSTEM,VW_INV_DETALLE_MOVIMIENTO,27,FKCOMPRACEDURUC,UNDEFINED,0,,,Y
SYSTEM,VW_INV_DETALLE_MOVIMIENTO,28,FKCOMPRASERIE,UNDEFINED,0,,,Y
SYSTEM,VW_INV_DETALLE_MOVIMIENTO,29,FKCOMPRANUMERO,UNDEFINED,0,,,Y
SYSTEM,VW_INV_DETALLE_MOVIMIENTO,30,FKCOMPRAALCANCE,UNDEFINED,0,,,Y
SYSTEM,VW_INV_DETALLE_MOVIMIENTO,31,FKENSACOMPANIA,UNDEFINED,0,,,Y
SYSTEM,VW_INV_DETALLE_MOVIMIENTO,32,FKENSAOFICINA,UNDEFINED,0,,,Y
SYSTEM,VW_INV_DETALLE_MOVIMIENTO,33,FKENSATIPODOCU,UNDEFINED,0,,,Y
SYSTEM,VW_INV_DETALLE_MOVIMIENTO,34,FKENSANUMERO,UNDEFINED,0,,,Y
SYSTEM,VW_INV_DETALLE_MOVIMIENTO,35,FKIMPORTACIONCOMPANIA,UNDEFINED,0,,,Y
SYSTEM,VW_INV_DETALLE_MOVIMIENTO,36,FKIMPORTACIONOFICINA,UNDEFINED,0,,,Y
SYSTEM,VW_INV_DETALLE_MOVIMIENTO,37,FKIMPORTACIONNUMERO,UNDEFINED,0,,,Y
SYSTEM,VW_INV_DETALLE_MOVIMIENTO,38,FKNOTACREDCLIENTECOMPANIA,UNDEFINED,0,,,Y
SYSTEM,VW_INV_DETALLE_MOVIMIENTO,39,FKNOTACREDCLIENTEOFICINA,UNDEFINED,0,,,Y
SYSTEM,VW_INV_DETALLE_MOVIMIENTO,40,FKNOTACREDCLIENTESERIE,UNDEFINED,0,,,Y
SYSTEM,VW_INV_DETALLE_MOVIMIENTO,41,FKNOTACREDCLIENTENUMERO,UNDEFINED,0,,,Y
SYSTEM,VW_INV_DETALLE_MOVIMIENTO,42,FKNOTACREDPROVEEDORCOMPANIA,UNDEFINED,0,,,Y
SYSTEM,VW_INV_DETALLE_MOVIMIENTO,43,FKNOTACREDPROVEEDORCEDURUC,UNDEFINED,0,,,Y
SYSTEM,VW_INV_DETALLE_MOVIMIENTO,44,FKNOTACREDPROVEEDORNUMERO,UNDEFINED,0,,,Y
SYSTEM,VW_INV_DETALLE_MOVIMIENTO,45,FKNOTACREDPROVEEDORSERIE,UNDEFINED,0,,,Y
SYSTEM,VW_INV_DETALLE_MOVIMIENTO,46,FKNOTACREDPROVEEDORALCANCE,UNDEFINED,0,,,Y
SYSTEM,VW_INV_DETALLE_MOVIMIENTO,47,FKVENTACOMPANIA,UNDEFINED,0,,,Y
SYSTEM,VW_INV_DETALLE_MOVIMIENTO,48,FKVENTAOFICINA,UNDEFINED,0,,,Y
SYSTEM,VW_INV_DETALLE_MOVIMIENTO,49,FKVENTASERIE,UNDEFINED,0,,,Y
SYSTEM,VW_INV_DETALLE_MOVIMIENTO,50,FKVENTANUMERO,UNDEFINED,0,,,Y
SYSTEM,VW_INV_DETALLE_MOVIMIENTO,51,FKVENTATIPOCOMP,UNDEFINED,0,,,Y
SYSTEM,VW_INV_DETALLE_MOVIMIENTO,52,FKCAMBIOPRESENTACIONID,UNDEFINED,0,,,Y
SYSTEM,VW_INV_DETALLE_MOVIMIENTO,53,OBS,UNDEFINED,0,,,Y
SYSTEM,VW_INV_DETALLE_MOVIMIENTO,54,MODINUME,UNDEFINED,0,,,Y
SYSTEM,VW_INV_DETALLE_MOVIMIENTO,55,MODISERIE,UNDEFINED,0,,,Y
SYSTEM,VW_INV_DETALLE_MOVIMIENTO,56,TIPOMOVI,UNDEFINED,0,,,Y
SYSTEM,VW_INV_DETALLE_MOVIMIENTO,57,SECC_CODIBODE,UNDEFINED,0,,,Y
SYSTEM,VW_INV_DETALLE_MOVIMIENTO,58,BODEGA,UNDEFINED,0,,,Y
SYSTEM,VW_INV_DETALLE_MOVIMIENTO,59,SECC_CODISECC,UNDEFINED,0,,,Y
SYSTEM,VW_INV_DETALLE_MOVIMIENTO,60,SECCIONFISICA,UNDEFINED,0,,,Y
SYSTEM,VW_INV_DETALLE_MOVIMIENTO,61,FACTUTIL,UNDEFINED,0,,,Y
SYSTEM,VW_INV_DETALLE_MOVIMIENTO,62,COSTANTE,UNDEFINED,0,,,Y
SYSTEM,VW_INV_DETALLE_MOVIMIENTO,63,LSPR_LSPR_ID,UNDEFINED,0,,,Y
SYSTEM,VW_INV_DETALLE_MOVIMIENTO,64,CANTPERD,UNDEFINED,0,,,Y
SYSTEM,VW_INV_DETALLE_MOVIMIENTO,65,DTMV_DTMV_ID,UNDEFINED,0,,,Y
SYSTEM,VW_INV_DETALLE_MOVIMIENTO,66,RCTA_RCTA_ID,UNDEFINED,0,,,Y
SYSTEM,VW_INV_DETALLE_MOVIMIENTO,67,UMED_UNIDMEDI_CAJA,UNDEFINED,0,,,Y
SYSTEM,VW_INV_DETALLE_MOVIMIENTO,68,NANDINA,UNDEFINED,0,,,Y
SYSTEM,VW_INV_DETALLE_MOVIMIENTO,69,CANTITEM,UNDEFINED,0,,,Y
SYSTEM,VW_INV_DETALLE_MOVIMIENTO,70,NUMEAGRU,UNDEFINED,0,,,Y
SYSTEM,VW_INV_DETALLE_MOVIMIENTO,71,CREACION,UNDEFINED,0,,,Y
SYSTEM,VW_INV_DETALLE_MOVIMIENTO,72,MODIFICACION,UNDEFINED,0,,,Y
SYSTEM,VW_INV_DETALLE_RECETA,1,FKRECETA,UNDEFINED,0,,,Y
SYSTEM,VW_INV_DETALLE_RECETA,2,IDGRUPO,UNDEFINED,0,,,Y
SYSTEM,VW_INV_DETALLE_RECETA,3,GRUPOINVENTARIO,UNDEFINED,0,,,Y
SYSTEM,VW_INV_DETALLE_RECETA,4,IDCLASE,UNDEFINED,0,,,Y
SYSTEM,VW_INV_DETALLE_RECETA,5,CLASEINVENTARIO,UNDEFINED,0,,,Y
SYSTEM,VW_INV_DETALLE_RECETA,6,IDARTICULO,UNDEFINED,0,,,Y
SYSTEM,VW_INV_DETALLE_RECETA,7,UMED_UNIDMEDI,UNDEFINED,0,,,Y
SYSTEM,VW_INV_DETALLE_RECETA,8,OBSERVACIONES,UNDEFINED,0,,,Y
SYSTEM,VW_INV_DETALLE_RECETA,9,ARTICULO,UNDEFINED,0,,,Y
SYSTEM,VW_INV_DETALLE_RECETA,10,CANTIDAD,UNDEFINED,0,,,Y
SYSTEM,VW_INV_DETALLE_RECETA,11,CREACION,UNDEFINED,0,,,Y
SYSTEM,VW_INV_DETALLE_RECETA,12,MODIFICACION,UNDEFINED,0,,,Y
SYSTEM,VW_INV_DETALLE_REQBODEGA,1,CODIGO,UNDEFINED,0,,,Y
SYSTEM,VW_INV_DETALLE_REQBODEGA,2,PKARTICULO,UNDEFINED,0,,,Y
SYSTEM,VW_INV_DETALLE_REQBODEGA,3,PKCLASE,UNDEFINED,0,,,Y
SYSTEM,VW_INV_DETALLE_REQBODEGA,4,PKGRUPO,UNDEFINED,0,,,Y
SYSTEM,VW_INV_DETALLE_REQBODEGA,5,PKCOMPANIA,UNDEFINED,0,,,Y
SYSTEM,VW_INV_DETALLE_REQBODEGA,6,CODIMPORTACION,UNDEFINED,0,,,Y
SYSTEM,VW_INV_DETALLE_REQBODEGA,7,NOMBRE,UNDEFINED,0,,,Y
SYSTEM,VW_INV_DETALLE_REQBODEGA,8,CANTSOLI,UNDEFINED,0,,,Y
SYSTEM,VW_INV_DETALLE_REQBODEGA,9,CANTIDADAPROBADA,UNDEFINED,0,,,Y
SYSTEM,VW_INV_DETALLE_REQBODEGA,10,NUEVOPVPIVA,UNDEFINED,0,,,Y
SYSTEM,VW_INV_DETALLE_REQBODEGA,11,ACTUALIVA,UNDEFINED,0,,,Y
SYSTEM,VW_INV_DETALLE_REQBODEGA,12,EXISTENCIA,UNDEFINED,0,,,Y
SYSTEM,VW_INV_DETALLE_REQBODEGA,13,VENTASREALES,UNDEFINED,0,,,Y
SYSTEM,VW_INV_DETALLE_REQBODEGA,14,VENTAANTERIORREAL,UNDEFINED,0,,,Y
SYSTEM,VW_INV_DETALLE_REQBODEGA,15,DEFICITREAL,UNDEFINED,0,,,Y
SYSTEM,VW_INV_DETALLE_REQBODEGA,16,DEFICIT,UNDEFINED,0,,,Y
SYSTEM,VW_INV_DETALLE_REQBODEGA,17,OBSERVAC,UNDEFINED,0,,,Y
SYSTEM,VW_INV_DETALLE_REQBODEGA,18,REQU_OFICINA,UNDEFINED,0,,,Y
SYSTEM,VW_INV_DETALLE_REQBODEGA,19,REQU_NUMERO,UNDEFINED,0,,,Y
SYSTEM,VW_INV_DETALLE_REQBODEGA,20,REQU_COMPANIA,UNDEFINED,0,,,Y
SYSTEM,VW_INV_DETALLE_REQBODEGA,21,CREACION,UNDEFINED,0,,,Y
SYSTEM,VW_INV_DETALLE_REQBODEGA,22,MODIFICACION,UNDEFINED,0,,,Y
SYSTEM,VW_LOTE,1,EXIST_TOTAL,UNDEFINED,0,,,Y
SYSTEM,VW_LOTE,2,ARTICULO,UNDEFINED,0,,,Y
SYSTEM,VW_LOTE,3,NOMBRE,UNDEFINED,0,,,Y
SYSTEM,VW_LOTE,4,LOTCOMP,UNDEFINED,0,,,Y
SYSTEM,VW_LOTE,5,NUMLOTE,UNDEFINED,0,,,Y
SYSTEM,VW_LOTE,6,SECC_CODIBODE,UNDEFINED,0,,,Y
SYSTEM,VW_LOTE,7,SECC_COMPANIA,UNDEFINED,0,,,Y
SYSTEM,VW_LOTE,8,SECC_OFICINA,UNDEFINED,0,,,Y
SYSTEM,VW_LOTE,9,CLASE,UNDEFINED,0,,,Y
SYSTEM,VW_LOTE,10,GRUPO,UNDEFINED,0,,,Y
SYSTEM,VW_LOTE,11,VENCE,UNDEFINED,0,,,Y
SYSTEM,VW_LOTE,12,ELABORA,UNDEFINED,0,,,Y
SYSTEM,VW_LOTE,13,UNIDAD,UNDEFINED,0,,,Y
SYSTEM,VW_NOTASDEBITO,1,RAZONSOCIAL,UNDEFINED,0,,,Y
SYSTEM,VW_NOTASDEBITO,2,DIRECCIONM,UNDEFINED,0,,,Y
SYSTEM,VW_NOTASDEBITO,3,TELEFONOM,UNDEFINED,0,,,Y
SYSTEM,VW_NOTASDEBITO,4,CIUDADM,UNDEFINED,0,,,Y
SYSTEM,VW_NOTASDEBITO,5,RUC,UNDEFINED,0,,,Y
SYSTEM,VW_NOTASDEBITO,6,AMBIENTE,UNDEFINED,0,,,Y
SYSTEM,VW_NOTASDEBITO,7,NSERIE,UNDEFINED,0,,,Y
SYSTEM,VW_NOTASDEBITO,8,NDOCUMENTO,UNDEFINED,0,,,Y
SYSTEM,VW_NOTASDEBITO,9,TIPOEMISION,UNDEFINED,0,,,Y
SYSTEM,VW_NOTASDEBITO,10,NUMEAUTOSRI,UNDEFINED,0,,,Y
SYSTEM,VW_NOTASDEBITO,11,CLAVACCESRI,UNDEFINED,0,,,Y
SYSTEM,VW_NOTASDEBITO,12,FECHAUTOSRI,UNDEFINED,0,,,Y
SYSTEM,VW_NOTASDEBITO,13,CODDOCMODIFICADO,UNDEFINED,0,,,Y
SYSTEM,VW_NOTASDEBITO,14,NUMDOCMODIFICADO,UNDEFINED,0,,,Y
SYSTEM,VW_NOTASDEBITO,15,FECHAEMISIONDOCSUSTENTO,UNDEFINED,0,,,Y
SYSTEM,VW_NOTASDEBITO,16,DIRESTABLECIMIENTO,UNDEFINED,0,,,Y
SYSTEM,VW_NOTASDEBITO,17,CONTRIBUYENTEESPECIAL,UNDEFINED,0,,,Y
SYSTEM,VW_NOTASDEBITO,18,OBLIGADOCONTABILIDAD,UNDEFINED,0,,,Y
SYSTEM,VW_NOTASDEBITO,19,CLIENTE,UNDEFINED,0,,,Y
SYSTEM,VW_NOTASDEBITO,20,DIRECCION,UNDEFINED,0,,,Y
SYSTEM,VW_NOTASDEBITO,21,CIUDAD,UNDEFINED,0,,,Y
SYSTEM,VW_NOTASDEBITO,22,CEDURUC,UNDEFINED,0,,,Y
SYSTEM,VW_NOTASDEBITO,23,EMAIL,UNDEFINED,0,,,Y
SYSTEM,VW_NOTASDEBITO,24,NUMEFONO,UNDEFINED,0,,,Y
SYSTEM,VW_NOTASDEBITO,25,CODIGOCLI,UNDEFINED,0,,,Y
SYSTEM,VW_NOTASDEBITO,26,VNDR_CODIGO,UNDEFINED,0,,,Y
SYSTEM,VW_NOTASDEBITO,27,FECHA,UNDEFINED,0,,,Y
SYSTEM,VW_NOTASDEBITO,28,DESCRIPC,UNDEFINED,0,,,Y
SYSTEM,VW_NOTASDEBITO,29,FVENCIMIENTO,UNDEFINED,0,,,Y
SYSTEM,VW_NOTASDEBITO,30,CODIGOPRINCIPAL,UNDEFINED,0,,,Y
SYSTEM,VW_NOTASDEBITO,31,DESCRIPCION,UNDEFINED,0,,,Y
SYSTEM,VW_NOTASDEBITO,32,CANTIDAD,UNDEFINED,0,,,Y
SYSTEM,VW_NOTASDEBITO,33,PRECIOUNITARIO,UNDEFINED,0,,,Y
SYSTEM,VW_NOTASDEBITO,34,DESCUENTO,UNDEFINED,0,,,Y
SYSTEM,VW_NOTASDEBITO,35,PRECIOTOTALSINIMPUESTO,UNDEFINED,0,,,Y
SYSTEM,VW_NOTASDEBITO,36,ARTL_COMPANIA,UNDEFINED,0,,,Y
SYSTEM,VW_NOTASDEBITO,37,ARTL_CLASE,UNDEFINED,0,,,Y
SYSTEM,VW_NOTASDEBITO,38,ARTL_CODIGRUP,UNDEFINED,0,,,Y
SYSTEM,VW_NOTASDEBITO,39,ARTL_ARTICULO,UNDEFINED,0,,,Y
SYSTEM,VW_NOTASDEBITO,40,TDESCUENTO,UNDEFINED,0,,,Y
SYSTEM,VW_NOTASDEBITO,41,TBASEIVA,UNDEFINED,0,,,Y
SYSTEM,VW_NOTASDEBITO,42,TBASEIVA0,UNDEFINED,0,,,Y
SYSTEM,VW_NOTASDEBITO,43,TBASES,UNDEFINED,0,,,Y
SYSTEM,VW_NOTASDEBITO,44,TIVA,UNDEFINED,0,,,Y
SYSTEM,VW_NOTASDEBITO,45,TTOTAL,UNDEFINED,0,,,Y
SYSTEM,VW_NOTASDEBITO,46,CLAVESERIE,UNDEFINED,0,,,Y
SYSTEM,VW_NOTASDEBITO,47,CLAVENUMERO,UNDEFINED,0,,,Y
SYSTEM,VW_NOTASDEBITO,48,CLAVETIPOCOMP,UNDEFINED,0,,,Y
SYSTEM,VW_OFICINA,1,NOMBCORT,UNDEFINED,0,,,Y
SYSTEM,VW_OFICINA,2,OFICINA,UNDEFINED,0,,,Y
SYSTEM,VW_OFICINA_REPORTES_DEP,1,OFICINA,UNDEFINED,0,,,Y
SYSTEM,VW_OFICINA_REPORTES_DEP,2,NOMBRE,UNDEFINED,0,,,Y
SYSTEM,VW_OFICINA_REPORTES_DEP,3,NIVEL,UNDEFINED,0,,,Y
SYSTEM,VW_OFICINA_REPORTES_DEP,4,ORDEN,UNDEFINED,0,,,Y
SYSTEM,VW_RECIBO_COBRO_D,1,N_RECICOBRO,UNDEFINED,0,,,Y
SYSTEM,VW_RECIBO_COBRO_D,2,TIPO,UNDEFINED,0,,,Y
SYSTEM,VW_RECIBO_COBRO_D,3,BANCO,UNDEFINED,0,,,Y
SYSTEM,VW_RECIBO_COBRO_D,4,OFCN_OFICINA,UNDEFINED,0,,,Y
SYSTEM,VW_RECIBO_COBRO_D,5,USUACREA,UNDEFINED,0,,,Y
SYSTEM,VW_RECIBO_COBRO_D,6,ASTO_NUMEDIAR,UNDEFINED,0,,,Y
SYSTEM,VW_RECIBO_COBRO_D,7,FECHA,UNDEFINED,0,,,Y
SYSTEM,VW_RECIBO_COBRO_D,8,FECHA_PF,UNDEFINED,0,,,Y
SYSTEM,VW_RECIBO_COBRO_D,9,CLTE_IDCLIENTE,UNDEFINED,0,,,Y
SYSTEM,VW_RECIBO_COBRO_D,10,CLIENTE,UNDEFINED,0,,,Y
SYSTEM,VW_RECIBO_COBRO_D,11,PLCB_ID,UNDEFINED,0,,,Y
SYSTEM,VW_RECIBO_COBRO_D,12,VALOCOUT,UNDEFINED,0,,,Y
SYSTEM,VW_RECIBO_COBRO_D,13,EGEN_ESTADO,UNDEFINED,0,,,Y
SYSTEM,VW_RECIBO_COBRO_D,14,DOCUMENTO,UNDEFINED,0,,,Y
SYSTEM,VW_RECIBO_COBRO_D,15,NUMERO,UNDEFINED,0,,,Y
SYSTEM,VW_RECIBO_COBRO_D,16,SECUENCI,UNDEFINED,0,,,Y
SYSTEM,VW_RECIBO_COBRO_D,17,REFER,UNDEFINED,0,,,Y
SYSTEM,VW_RECIBO_COBRO_D,18,VALOR,UNDEFINED,0,,,Y
SYSTEM,VW_RECIBO_COBRO_D,19,VALOR_ASIGNADO,UNDEFINED,0,,,Y
SYSTEM,VW_RECIBO_COBRO_D,20,VNDR_CODIGO,UNDEFINED,0,,,Y
SYSTEM,VW_RECIBO_COBRO_D,21,VNDR_OFICINA,UNDEFINED,0,,,Y
SYSTEM,VW_RECIBO_COBRO_D,22,VNDR_CEDURUC,UNDEFINED,0,,,Y
SYSTEM,VW_RECIBO_COBRO_D,23,VNDR_NOMBRE,UNDEFINED,0,,,Y
SYSTEM,VW_RECIBO_COBRO_R,1,OFCN_NOMBRE,UNDEFINED,0,,,Y
SYSTEM,VW_RECIBO_COBRO_R,2,OFCN_DIRECCION,UNDEFINED,0,,,Y
SYSTEM,VW_RECIBO_COBRO_R,3,OFCN_TELEFONO,UNDEFINED,0,,,Y
SYSTEM,VW_RECIBO_COBRO_R,4,USUACREA,UNDEFINED,0,,,Y
SYSTEM,VW_RECIBO_COBRO_R,5,NUMERO,UNDEFINED,0,,,Y
SYSTEM,VW_RECIBO_COBRO_R,6,FECHA,UNDEFINED,0,,,Y
SYSTEM,VW_RECIBO_COBRO_R,7,NUMEDIAR,UNDEFINED,0,,,Y
SYSTEM,VW_RECIBO_COBRO_R,8,REFER,UNDEFINED,0,,,Y
SYSTEM,VW_RECIBO_COBRO_R,9,VNDR_COMPANIA,UNDEFINED,0,,,Y
SYSTEM,VW_RECIBO_COBRO_R,10,VNDR_OFICINA,UNDEFINED,0,,,Y
SYSTEM,VW_RECIBO_COBRO_R,11,VNDR_CODIGO,UNDEFINED,0,,,Y
SYSTEM,VW_RECIBO_COBRO_R,12,VNDR_CEDURUC,UNDEFINED,0,,,Y
SYSTEM,VW_RECIBO_COBRO_R,13,VNDR_NOMBRE,UNDEFINED,0,,,Y
SYSTEM,VW_RECIBO_COBRO_R,14,VALOEFEC,UNDEFINED,0,,,Y
SYSTEM,VW_RECIBO_COBRO_R,15,VALOTRAN,UNDEFINED,0,,,Y
SYSTEM,VW_RECIBO_COBRO_R,16,VALOCHEQ,UNDEFINED,0,,,Y
SYSTEM,VW_RECIBO_COBRO_R,17,VALOTARJ,UNDEFINED,0,,,Y
SYSTEM,VW_RECIBO_COBRO_R,18,VALOOTRS,UNDEFINED,0,,,Y
SYSTEM,VW_RECIBO_COBRO_R,19,VALORETE,UNDEFINED,0,,,Y
SYSTEM,VW_RECIBO_COBRO_R,20,GRPS_IDCLIENTE,UNDEFINED,0,,,Y
SYSTEM,VW_RECIBO_COBRO_R,21,CLI_NOMBRE,UNDEFINED,0,,,Y
SYSTEM,VW_RECIBO_COBRO_R,22,CLI_CEDURUC,UNDEFINED,0,,,Y
SYSTEM,VW_RETENCION,1,RAZONSOCIAL,UNDEFINED,0,,,Y
SYSTEM,VW_RETENCION,2,DIRECCIONM,UNDEFINED,0,,,Y
SYSTEM,VW_RETENCION,3,TELEFONOM,UNDEFINED,0,,,Y
SYSTEM,VW_RETENCION,4,CIUDADM,UNDEFINED,0,,,Y
SYSTEM,VW_RETENCION,5,RUC,UNDEFINED,0,,,Y
SYSTEM,VW_RETENCION,6,AMBIENTE,UNDEFINED,0,,,Y
SYSTEM,VW_RETENCION,7,NSERIE,UNDEFINED,0,,,Y
SYSTEM,VW_RETENCION,8,NDOCUMENTO,UNDEFINED,0,,,Y
SYSTEM,VW_RETENCION,9,TIPOEMISION,UNDEFINED,0,,,Y
SYSTEM,VW_RETENCION,10,NUMEAUTOSRI,UNDEFINED,0,,,Y
SYSTEM,VW_RETENCION,11,CLAVACCESRI,UNDEFINED,0,,,Y
SYSTEM,VW_RETENCION,12,FECHAUTOSRI,UNDEFINED,0,,,Y
SYSTEM,VW_RETENCION,13,FECHAEMISION,UNDEFINED,0,,,Y
SYSTEM,VW_RETENCION,14,DIRESTABLECIMIENTO,UNDEFINED,0,,,Y
SYSTEM,VW_RETENCION,15,DIRPROVEEDOR,UNDEFINED,0,,,Y
SYSTEM,VW_RETENCION,16,CONTRIBUYENTEESPECIAL,UNDEFINED,0,,,Y
SYSTEM,VW_RETENCION,17,OBLIGADOCONTABILIDAD,UNDEFINED,0,,,Y
SYSTEM,VW_RETENCION,18,TIPOIDENTIFICACION,UNDEFINED,0,,,Y
SYSTEM,VW_RETENCION,19,RAZONSOCIALSUJETORETENIDO,UNDEFINED,0,,,Y
SYSTEM,VW_RETENCION,20,IDENTIFICACION,UNDEFINED,0,,,Y
SYSTEM,VW_RETENCION,21,EMAIL,UNDEFINED,0,,,Y
SYSTEM,VW_RETENCION,22,CODIGO,UNDEFINED,0,,,Y
SYSTEM,VW_RETENCION,23,IMPUESTO,UNDEFINED,0,,,Y
SYSTEM,VW_RETENCION,24,CODIGORETENCION,UNDEFINED,0,,,Y
SYSTEM,VW_RETENCION,25,BASEIMPONIBLE,UNDEFINED,0,,,Y
SYSTEM,VW_RETENCION,26,PORCENTAJERETENER,UNDEFINED,0,,,Y
SYSTEM,VW_RETENCION,27,VALORRETENIDO,UNDEFINED,0,,,Y
SYSTEM,VW_RETENCION,28,CODDOCSUSTENTO,UNDEFINED,0,,,Y
SYSTEM,VW_RETENCION,29,N_TIPOCOMP,UNDEFINED,0,,,Y
SYSTEM,VW_RETENCION,30,NUMDOCSUSTENTO,UNDEFINED,0,,,Y
SYSTEM,VW_RETENCION,31,FECHAEMISIONDOCSUSTENTO,UNDEFINED,0,,,Y
SYSTEM,VW_RETENCION,32,SERIE,UNDEFINED,0,,,Y
SYSTEM,VW_RETENCION,33,NUMERO,UNDEFINED,0,,,Y
SYSTEM,VW_RETENCION,34,PERIODOFISCAL,UNDEFINED,0,,,Y
SYSTEM,VW_RETENCION,35,TVALORRETENIDO,UNDEFINED,0,,,Y
SYSTEM,VW_RETENCION,36,CLAVESERIE,UNDEFINED,0,,,Y
SYSTEM,VW_RETENCION,37,CLAVENUMERO,UNDEFINED,0,,,Y
SYSTEM,VW_RHH_ANTICIPOEMPLEADOS,1,FKEMPLEADO,UNDEFINED,0,,,Y
SYSTEM,VW_RHH_ANTICIPOEMPLEADOS,2,EMPLEADO,UNDEFINED,0,,,Y
SYSTEM,VW_RHH_ANTICIPOEMPLEADOS,3,CAPITAL,UNDEFINED,0,,,Y
SYSTEM,VW_RHH_ANTICIPOEMPLEADOS,4,INTERES,UNDEFINED,0,,,Y
SYSTEM,VW_RHH_ANTICIPOEMPLEADOS,5,VALORPAGAR,UNDEFINED,0,,,Y
SYSTEM,VW_RHH_ANTICIPOEMPLEADOS,6,SALDO,UNDEFINED,0,,,Y
SYSTEM,VW_RHH_CABECERA_CREDITOS,1,PKIDCREDITOS,UNDEFINED,0,,,Y
SYSTEM,VW_RHH_CABECERA_CREDITOS,2,IDOFICINA,UNDEFINED,0,,,Y
SYSTEM,VW_RHH_CABECERA_CREDITOS,3,NOMBREOFICINA,UNDEFINED,0,,,Y
SYSTEM,VW_RHH_CABECERA_CREDITOS,4,FKCOMPANIA,UNDEFINED,0,,,Y
SYSTEM,VW_RHH_CABECERA_CREDITOS,5,IDDIARIO,UNDEFINED,0,,,Y
SYSTEM,VW_RHH_CABECERA_CREDITOS,6,INTEGRACION,UNDEFINED,0,,,Y
SYSTEM,VW_RHH_CABECERA_CREDITOS,7,FKEMPLEADO,UNDEFINED,0,,,Y
SYSTEM,VW_RHH_CABECERA_CREDITOS,8,IDEMPLEADO,UNDEFINED,0,,,Y
SYSTEM,VW_RHH_CABECERA_CREDITOS,9,EMPLEADO,UNDEFINED,0,,,Y
SYSTEM,VW_RHH_CABECERA_CREDITOS,10,DIRECCION,UNDEFINED,0,,,Y
SYSTEM,VW_RHH_CABECERA_CREDITOS,11,EMAIL,UNDEFINED,0,,,Y
SYSTEM,VW_RHH_CABECERA_CREDITOS,12,CARGO,UNDEFINED,0,,,Y
SYSTEM,VW_RHH_CABECERA_CREDITOS,13,DESCRIPCIONCARGO,UNDEFINED,0,,,Y
SYSTEM,VW_RHH_CABECERA_CREDITOS,14,FKESTADO,UNDEFINED,0,,,Y
SYSTEM,VW_RHH_CABECERA_CREDITOS,15,IDESTADO,UNDEFINED,0,,,Y
SYSTEM,VW_RHH_CABECERA_CREDITOS,16,ESTADO,UNDEFINED,0,,,Y
SYSTEM,VW_RHH_CABECERA_CREDITOS,17,INTERESES,UNDEFINED,0,,,Y
SYSTEM,VW_RHH_CABECERA_CREDITOS,18,NUMEROCUOTAS,UNDEFINED,0,,,Y
SYSTEM,VW_RHH_CABECERA_CREDITOS,19,CAPITAL,UNDEFINED,0,,,Y
SYSTEM,VW_RHH_CABECERA_CREDITOS,20,TASA,UNDEFINED,0,,,Y
SYSTEM,VW_RHH_CABECERA_CREDITOS,21,DIAS,UNDEFINED,0,,,Y
SYSTEM,VW_RHH_CABECERA_CREDITOS,22,DESCRIPCIONCAPITAL,UNDEFINED,0,,,Y
SYSTEM,VW_RHH_CABECERA_CREDITOS,23,DESCRIPCIONINTERES,UNDEFINED,0,,,Y
SYSTEM,VW_RHH_CABECERA_CREDITOS,24,SALDO,UNDEFINED,0,,,Y
SYSTEM,VW_RHH_CABECERA_CREDITOS,25,VALORPAGAR,UNDEFINED,0,,,Y
SYSTEM,VW_RHH_CABECERA_CREDITOS,26,FECHAVENCIMIENTO,UNDEFINED,0,,,Y
SYSTEM,VW_RHH_CABECERA_CREDITOS,27,FECHAVENCIMIENTOCOMPLETA,UNDEFINED,0,,,Y
SYSTEM,VW_RHH_CABECERA_CREDITOS,28,FECHAEMISION,UNDEFINED,0,,,Y
SYSTEM,VW_RHH_CABECERA_CREDITOS,29,FECHAEMISIONCOMPLETA,UNDEFINED,0,,,Y
SYSTEM,VW_RHH_CABECERA_CREDITOS,30,FECHACANCELA,UNDEFINED,0,,,Y
SYSTEM,VW_RHH_CABECERA_CREDITOS,31,FECHACANCELACOMPLETA,UNDEFINED,0,,,Y
SYSTEM,VW_RHH_CABECERA_CREDITOS,32,DESCRIPCIONES,UNDEFINED,0,,,Y
SYSTEM,VW_RHH_CABECERA_CREDITOS,33,REFERENCIA,UNDEFINED,0,,,Y
SYSTEM,VW_RHH_CABECERA_CREDITOS,34,OBSERVACIONES,UNDEFINED,0,,,Y
SYSTEM,VW_RHH_CABECERA_CREDITOS,35,TIPOSOLI,UNDEFINED,0,,,Y
SYSTEM,VW_RHH_CABECERA_CREDITOS,36,TIPOSOLICITUD,UNDEFINED,0,,,Y
SYSTEM,VW_RHH_CABECERA_CREDITOS,37,FKIDPERIODOPAGO,UNDEFINED,0,,,Y
SYSTEM,VW_RHH_CABECERA_CREDITOS,38,IDPERIODOPAGO,UNDEFINED,0,,,Y
SYSTEM,VW_RHH_CABECERA_CREDITOS,39,PERIODOPAGO,UNDEFINED,0,,,Y
SYSTEM,VW_RHH_CABECERA_CREDITOS,40,CREACION,UNDEFINED,0,,,Y
SYSTEM,VW_RHH_CABECERA_CREDITOS,41,MODIFICACION,UNDEFINED,0,,,Y
SYSTEM,VW_RHH_CABECERA_EMPLEADO,1,PKCEDULA,UNDEFINED,0,,,Y
SYSTEM,VW_RHH_CABECERA_EMPLEADO,2,DEPT_COMPANIA,UNDEFINED,0,,,Y
SYSTEM,VW_RHH_CABECERA_EMPLEADO,3,DEPT_OFICINA,UNDEFINED,0,,,Y
SYSTEM,VW_RHH_CABECERA_EMPLEADO,4,DEPT_CODIDEPA,UNDEFINED,0,,,Y
SYSTEM,VW_RHH_CABECERA_EMPLEADO,5,DEPT_CONTABI,UNDEFINED,0,,,Y
SYSTEM,VW_RHH_CABECERA_EMPLEADO,6,IDOFICINA,UNDEFINED,0,,,Y
SYSTEM,VW_RHH_CABECERA_EMPLEADO,7,NOMBREOFICINA,UNDEFINED,0,,,Y
SYSTEM,VW_RHH_CABECERA_EMPLEADO,8,NOMBREDEPARTAMENTO,UNDEFINED,0,,,Y
SYSTEM,VW_RHH_CABECERA_EMPLEADO,9,NOMBREDEPCONTABILIDAD,UNDEFINED,0,,,Y
SYSTEM,VW_RHH_CABECERA_EMPLEADO,10,FECHAINGRESO,UNDEFINED,0,,,Y
SYSTEM,VW_RHH_CABECERA_EMPLEADO,11,FECHAINGRESOCOMPLETA,UNDEFINED,0,,,Y
SYSTEM,VW_RHH_CABECERA_EMPLEADO,12,FECHAREINGRESO,UNDEFINED,0,,,Y
SYSTEM,VW_RHH_CABECERA_EMPLEADO,13,FECHAREINGRESOCOMPLETA,UNDEFINED,0,,,Y
SYSTEM,VW_RHH_CABECERA_EMPLEADO,14,FECHASALE,UNDEFINED,0,,,Y
SYSTEM,VW_RHH_CABECERA_EMPLEADO,15,FECHASALECOMPLETA,UNDEFINED,0,,,Y
SYSTEM,VW_RHH_CABECERA_EMPLEADO,16,FECHANACIMIENTO,UNDEFINED,0,,,Y
SYSTEM,VW_RHH_CABECERA_EMPLEADO,17,FECHANACIMIENTOCOMPLETA,UNDEFINED,0,,,Y
SYSTEM,VW_RHH_CABECERA_EMPLEADO,18,FECHARENOVACIONFR,UNDEFINED,0,,,Y
SYSTEM,VW_RHH_CABECERA_EMPLEADO,19,FECHARENOVACIONFRCOMPLETA,UNDEFINED,0,,,Y
SYSTEM,VW_RHH_CABECERA_EMPLEADO,20,NOMBRE,UNDEFINED,0,,,Y
SYSTEM,VW_RHH_CABECERA_EMPLEADO,21,NOMBRES,UNDEFINED,0,,,Y
SYSTEM,VW_RHH_CABECERA_EMPLEADO,22,APELLIDOS,UNDEFINED,0,,,Y
SYSTEM,VW_RHH_CABECERA_EMPLEADO,23,SEXO,UNDEFINED,0,,,Y
SYSTEM,VW_RHH_CABECERA_EMPLEADO,24,GENERO,UNDEFINED,0,,,Y
SYSTEM,VW_RHH_CABECERA_EMPLEADO,25,ESTADOCIVIL,UNDEFINED,0,,,Y
SYSTEM,VW_RHH_CABECERA_EMPLEADO,26,DESCESTADOCIVIL,UNDEFINED,0,,,Y
SYSTEM,VW_RHH_CABECERA_EMPLEADO,27,DIRECCION,UNDEFINED,0,,,Y
SYSTEM,VW_RHH_CABECERA_EMPLEADO,28,TIPOSANGRE,UNDEFINED,0,,,Y
SYSTEM,VW_RHH_CABECERA_EMPLEADO,29,CARGAFAMILIAR,UNDEFINED,0,,,Y
SYSTEM,VW_RHH_CABECERA_EMPLEADO,30,LIBRETAMILITAR,UNDEFINED,0,,,Y
SYSTEM,VW_RHH_CABECERA_EMPLEADO,31,ESTATURA,UNDEFINED,0,,,Y
SYSTEM,VW_RHH_CABECERA_EMPLEADO,32,PESO,UNDEFINED,0,,,Y
SYSTEM,VW_RHH_CABECERA_EMPLEADO,33,PRESTAMO,UNDEFINED,0,,,Y
SYSTEM,VW_RHH_CABECERA_EMPLEADO,34,ANTICIPO,UNDEFINED,0,,,Y
SYSTEM,VW_RHH_CABECERA_EMPLEADO,35,EMAIL,UNDEFINED,0,,,Y
SYSTEM,VW_RHH_CABECERA_EMPLEADO,36,FOTO,UNDEFINED,0,,,Y
SYSTEM,VW_RHH_CABECERA_EMPLEADO,37,FIRMDGI,UNDEFINED,0,,,Y
SYSTEM,VW_RHH_CABECERA_EMPLEADO,38,FOREROL,UNDEFINED,0,,,Y
SYSTEM,VW_RHH_CABECERA_EMPLEADO,39,ROL_CARGO,UNDEFINED,0,,,Y
SYSTEM,VW_RHH_CABECERA_EMPLEADO,40,DESCRIPCIONCARGO,UNDEFINED,0,,,Y
SYSTEM,VW_RHH_CABECERA_EMPLEADO,41,PAGAFORE,UNDEFINED,0,,,Y
SYSTEM,VW_RHH_CABECERA_EMPLEADO,42,TDPR_CODIGO,UNDEFINED,0,,,Y
SYSTEM,VW_RHH_CABECERA_EMPLEADO,43,NOMBREPROCESO,UNDEFINED,0,,,Y
SYSTEM,VW_RHH_CABECERA_EMPLEADO,44,NUMECART,UNDEFINED,0,,,Y
SYSTEM,VW_RHH_CABECERA_EMPLEADO,45,TIPOIDENTIFICACION,UNDEFINED,0,,,Y
SYSTEM,VW_RHH_CABECERA_EMPLEADO,46,TIPOIDENT,UNDEFINED,0,,,Y
SYSTEM,VW_RHH_CABECERA_EMPLEADO,47,SALARIOACTUAL,UNDEFINED,0,,,Y
SYSTEM,VW_RHH_CABECERA_EMPLEADO,48,PROVI,UNDEFINED,0,,,Y
SYSTEM,VW_RHH_CABECERA_EMPLEADO,49,PROVFR,UNDEFINED,0,,,Y
SYSTEM,VW_RHH_CABECERA_EMPLEADO,50,SLEM_ID,UNDEFINED,0,,,Y
SYSTEM,VW_RHH_CABECERA_EMPLEADO,51,TERCERIZ,UNDEFINED,0,,,Y
SYSTEM,VW_RHH_CABECERA_EMPLEADO,52,PROVDCDT,UNDEFINED,0,,,Y
SYSTEM,VW_RHH_CABECERA_EMPLEADO,53,TIPOEMPLEADO,UNDEFINED,0,,,Y
SYSTEM,VW_RHH_CABECERA_EMPLEADO,54,NUMEROANTICIPOS,UNDEFINED,0,,,Y
SYSTEM,VW_RHH_CABECERA_EMPLEADO,55,NUMEROPRESTAMOS,UNDEFINED,0,,,Y
SYSTEM,VW_RHH_CABECERA_EMPLEADO,56,PAIS_CODIPAIS,UNDEFINED,0,,,Y
SYSTEM,VW_RHH_CABECERA_EMPLEADO,57,PAIS,UNDEFINED,0,,,Y
SYSTEM,VW_RHH_CABECERA_EMPLEADO,58,IDPROVINCIA,UNDEFINED,0,,,Y
SYSTEM,VW_RHH_CABECERA_EMPLEADO,59,PROVINCIA,UNDEFINED,0,,,Y
SYSTEM,VW_RHH_CABECERA_EMPLEADO,60,IDCANTON,UNDEFINED,0,,,Y
SYSTEM,VW_RHH_CABECERA_EMPLEADO,61,CANTON,UNDEFINED,0,,,Y
SYSTEM,VW_RHH_CABECERA_EMPLEADO,62,IDPARROQUIA,UNDEFINED,0,,,Y
SYSTEM,VW_RHH_CABECERA_EMPLEADO,63,PARROQUIA,UNDEFINED,0,,,Y
SYSTEM,VW_RHH_CABECERA_EMPLEADO,64,BARRIO,UNDEFINED,0,,,Y
SYSTEM,VW_RHH_CABECERA_EMPLEADO,65,DIRECCION1,UNDEFINED,0,,,Y
SYSTEM,VW_RHH_CABECERA_EMPLEADO,66,DIRECCION2,UNDEFINED,0,,,Y
SYSTEM,VW_RHH_CABECERA_EMPLEADO,67,LATITUD,UNDEFINED,0,,,Y
SYSTEM,VW_RHH_CABECERA_EMPLEADO,68,LONGITUD,UNDEFINED,0,,,Y
SYSTEM,VW_RHH_CABECERA_EMPLEADO,69,PASAPORTE,UNDEFINED,0,,,Y
SYSTEM,VW_RHH_CABECERA_EMPLEADO,70,ALFANUMERICO1,UNDEFINED,0,,,Y
SYSTEM,VW_RHH_CABECERA_EMPLEADO,71,ALFANUMERICO2,UNDEFINED,0,,,Y
SYSTEM,VW_RHH_CABECERA_EMPLEADO,72,ALFANUMERICO3,UNDEFINED,0,,,Y
SYSTEM,VW_RHH_CABECERA_EMPLEADO,73,ALFANUMERICO4,UNDEFINED,0,,,Y
SYSTEM,VW_RHH_CABECERA_EMPLEADO,74,ALFANUMERICO5,UNDEFINED,0,,,Y
SYSTEM,VW_RHH_CABECERA_EMPLEADO,75,NUMERICO1,UNDEFINED,0,,,Y
SYSTEM,VW_RHH_CABECERA_EMPLEADO,76,NUMERICO2,UNDEFINED,0,,,Y
SYSTEM,VW_RHH_CABECERA_EMPLEADO,77,NUMERICO3,UNDEFINED,0,,,Y
SYSTEM,VW_RHH_CABECERA_EMPLEADO,78,NUMERICO4,UNDEFINED,0,,,Y
SYSTEM,VW_RHH_CABECERA_EMPLEADO,79,NUMERICO5,UNDEFINED,0,,,Y
SYSTEM,VW_RHH_CABECERA_EMPLEADO,80,CREACION,UNDEFINED,0,,,Y
SYSTEM,VW_RHH_CABECERA_EMPLEADO,81,MODIFICACION,UNDEFINED,0,,,Y
SYSTEM,VW_RHH_CABECERA_HORASEXTRAS,1,NOMBREOFICINA,UNDEFINED,0,,,Y
SYSTEM,VW_RHH_CABECERA_HORASEXTRAS,2,FKEMPLEADO,UNDEFINED,0,,,Y
SYSTEM,VW_RHH_CABECERA_HORASEXTRAS,3,NOMBRE,UNDEFINED,0,,,Y
SYSTEM,VW_RHH_CABECERA_HORASEXTRAS,4,SALARIOACTUAL,UNDEFINED,0,,,Y
SYSTEM,VW_RHH_CABECERA_HORASEXTRAS,5,NOMBREDEPARTAMENTO,UNDEFINED,0,,,Y
SYSTEM,VW_RHH_CABECERA_HORASEXTRAS,6,VALOR,UNDEFINED,0,,,Y
SYSTEM,VW_RHH_CABECERA_LIQUIDACION,1,PKCEDULA,UNDEFINED,0,,,Y
SYSTEM,VW_RHH_CABECERA_LIQUIDACION,2,NOMBRE,UNDEFINED,0,,,Y
SYSTEM,VW_RHH_CABECERA_LIQUIDACION,3,IDEMPLEADO,UNDEFINED,0,,,Y
SYSTEM,VW_RHH_CABECERA_LIQUIDACION,4,DIRECCION,UNDEFINED,0,,,Y
SYSTEM,VW_RHH_CABECERA_LIQUIDACION,5,EMAIL,UNDEFINED,0,,,Y
SYSTEM,VW_RHH_CABECERA_LIQUIDACION,6,IDOFICINA,UNDEFINED,0,,,Y
SYSTEM,VW_RHH_CABECERA_LIQUIDACION,7,NOMBREOFICINA,UNDEFINED,0,,,Y
SYSTEM,VW_RHH_CABECERA_LIQUIDACION,8,NOMBREDEPARTAMENTO,UNDEFINED,0,,,Y
SYSTEM,VW_RHH_CABECERA_LIQUIDACION,9,NOMBREDEPCONTABILIDAD,UNDEFINED,0,,,Y
SYSTEM,VW_RHH_CABECERA_LIQUIDACION,10,FECHAINGRESO,UNDEFINED,0,,,Y
SYSTEM,VW_RHH_CABECERA_LIQUIDACION,11,FECHAINGRESOCOMPLETA,UNDEFINED,0,,,Y
SYSTEM,VW_RHH_CABECERA_LIQUIDACION,12,FECHAREINGRESO,UNDEFINED,0,,,Y
SYSTEM,VW_RHH_CABECERA_LIQUIDACION,13,FECHAREINGRESOCOMPLETA,UNDEFINED,0,,,Y
SYSTEM,VW_RHH_CABECERA_LIQUIDACION,14,FECHASALE,UNDEFINED,0,,,Y
SYSTEM,VW_RHH_CABECERA_LIQUIDACION,15,FECHASALECOMPLETA,UNDEFINED,0,,,Y
SYSTEM,VW_RHH_CABECERA_LIQUIDACION,16,SALARIO,UNDEFINED,0,,,Y
SYSTEM,VW_RHH_CABECERA_LIQUIDACION,17,PKINGRESOSEGRESOSID,UNDEFINED,0,,,Y
SYSTEM,VW_RHH_CABECERA_LIQUIDACION,18,FECHA,UNDEFINED,0,,,Y
SYSTEM,VW_RHH_CABECERA_LIQUIDACION,19,FECHACOMPLETA,UNDEFINED,0,,,Y
SYSTEM,VW_RHH_CABECERA_LIQUIDACION,20,FKCOMPANIA,UNDEFINED,0,,,Y
SYSTEM,VW_RHH_CABECERA_LIQUIDACION,21,FKDIARIO,UNDEFINED,0,,,Y
SYSTEM,VW_RHH_CABECERA_LIQUIDACION,22,FKDETALLEASIENTO,UNDEFINED,0,,,Y
SYSTEM,VW_RHH_CABECERA_LIQUIDACION,23,FKESTADO,UNDEFINED,0,,,Y
SYSTEM,VW_RHH_CABECERA_LIQUIDACION,24,IDESTADO,UNDEFINED,0,,,Y
SYSTEM,VW_RHH_CABECERA_LIQUIDACION,25,ESTADO,UNDEFINED,0,,,Y
SYSTEM,VW_RHH_CABECERA_LIQUIDACION,26,FKTIPO,UNDEFINED,0,,,Y
SYSTEM,VW_RHH_CABECERA_LIQUIDACION,27,IDTIPO,UNDEFINED,0,,,Y
SYSTEM,VW_RHH_CABECERA_LIQUIDACION,28,TIPO,UNDEFINED,0,,,Y
SYSTEM,VW_RHH_CABECERA_LIQUIDACION,29,IMPRIME,UNDEFINED,0,,,Y
SYSTEM,VW_RHH_CABECERA_LIQUIDACION,30,ORDEN,UNDEFINED,0,,,Y
SYSTEM,VW_RHH_CABECERA_LIQUIDACION,31,SIGNO,UNDEFINED,0,,,Y
SYSTEM,VW_RHH_CABECERA_LIQUIDACION,32,FKPROVISION,UNDEFINED,0,,,Y
SYSTEM,VW_RHH_CABECERA_LIQUIDACION,33,FKANTICIPO,UNDEFINED,0,,,Y
SYSTEM,VW_RHH_CABECERA_LIQUIDACION,34,FKSALIDAS,UNDEFINED,0,,,Y
SYSTEM,VW_RHH_CABECERA_LIQUIDACION,35,INTEGRACION,UNDEFINED,0,,,Y
SYSTEM,VW_RHH_CABECERA_LIQUIDACION,36,OTROSDESCUENTOS,UNDEFINED,0,,,Y
SYSTEM,VW_RHH_CABECERA_LIQUIDACION,37,DESCRIPCION,UNDEFINED,0,,,Y
SYSTEM,VW_RHH_CABECERA_LIQUIDACION,38,REFERENCIA,UNDEFINED,0,,,Y
SYSTEM,VW_RHH_CABECERA_LIQUIDACION,39,VALOR,UNDEFINED,0,,,Y
SYSTEM,VW_RHH_CABECERA_LIQUIDACION,40,DIASLABORADOS,UNDEFINED,0,,,Y
SYSTEM,VW_RHH_CABECERA_LIQUIDACION,41,HORASLABORADAS,UNDEFINED,0,,,Y
SYSTEM,VW_RHH_CABECERA_LIQUIDACION,42,CREACION,UNDEFINED,0,,,Y
SYSTEM,VW_RHH_CABECERA_LIQUIDACION,43,MODIFICACION,UNDEFINED,0,,,Y
SYSTEM,VW_RHH_CABECERA_PROVISION,1,PKPROVISIONID,UNDEFINED,0,,,Y
SYSTEM,VW_RHH_CABECERA_PROVISION,2,PKFECHA,UNDEFINED,0,,,Y
SYSTEM,VW_RHH_CABECERA_PROVISION,3,PKFECHACOMPLETA,UNDEFINED,0,,,Y
SYSTEM,VW_RHH_CABECERA_PROVISION,4,PKCEDULAEMPLEADO,UNDEFINED,0,,,Y
SYSTEM,VW_RHH_CABECERA_PROVISION,5,IDOFICINA,UNDEFINED,0,,,Y
SYSTEM,VW_RHH_CABECERA_PROVISION,6,NOMBREOFICINA,UNDEFINED,0,,,Y
SYSTEM,VW_RHH_CABECERA_PROVISION,7,IDPROVISION,UNDEFINED,0,,,Y
SYSTEM,VW_RHH_CABECERA_PROVISION,8,NOMBREPROVISION,UNDEFINED,0,,,Y
SYSTEM,VW_RHH_CABECERA_PROVISION,9,IDEMPLEADO,UNDEFINED,0,,,Y
SYSTEM,VW_RHH_CABECERA_PROVISION,10,NOMBREEMPLEADO,UNDEFINED,0,,,Y
SYSTEM,VW_RHH_CABECERA_PROVISION,11,DIRECCIONEMPLEADO,UNDEFINED,0,,,Y
SYSTEM,VW_RHH_CABECERA_PROVISION,12,EMAILEMPLEADO,UNDEFINED,0,,,Y
SYSTEM,VW_RHH_CABECERA_PROVISION,13,FKESTADO,UNDEFINED,0,,,Y
SYSTEM,VW_RHH_CABECERA_PROVISION,14,IDESTADO,UNDEFINED,0,,,Y
SYSTEM,VW_RHH_CABECERA_PROVISION,15,ESTADO,UNDEFINED,0,,,Y
SYSTEM,VW_RHH_CABECERA_PROVISION,16,TASA,UNDEFINED,0,,,Y
SYSTEM,VW_RHH_CABECERA_PROVISION,17,VALOR,UNDEFINED,0,,,Y
SYSTEM,VW_RHH_CABECERA_PROVISION,18,FKCOMPANIA,UNDEFINED,0,,,Y
SYSTEM,VW_RHH_CABECERA_PROVISION,19,FKDIARIO,UNDEFINED,0,,,Y
SYSTEM,VW_RHH_CABECERA_PROVISION,20,INTEGRACION,UNDEFINED,0,,,Y
SYSTEM,VW_RHH_CABECERA_PROVISION,21,FKIDAUDPROV,UNDEFINED,0,,,Y
SYSTEM,VW_RHH_CABECERA_PROVISION,22,DIASLABORADOS,UNDEFINED,0,,,Y
SYSTEM,VW_RHH_CABECERA_PROVISION,23,HORASLABORADAS,UNDEFINED,0,,,Y
SYSTEM,VW_RHH_CABECERA_PROVISION,24,CREACION,UNDEFINED,0,,,Y
SYSTEM,VW_RHH_CABECERA_PROVISION,25,MODIFICACION,UNDEFINED,0,,,Y
SYSTEM,VW_RHH_CABECERA_SALIDAPERS,1,PKIDSALIDA,UNDEFINED,0,,,Y
SYSTEM,VW_RHH_CABECERA_SALIDAPERS,2,IDOFICINA,UNDEFINED,0,,,Y
SYSTEM,VW_RHH_CABECERA_SALIDAPERS,3,NOMBREOFICINA,UNDEFINED,0,,,Y
SYSTEM,VW_RHH_CABECERA_SALIDAPERS,4,FKTIPOSALIDA,UNDEFINED,0,,,Y
SYSTEM,VW_RHH_CABECERA_SALIDAPERS,5,IDTIPOSALIDA,UNDEFINED,0,,,Y
SYSTEM,VW_RHH_CABECERA_SALIDAPERS,6,NOMBRETIPOSALIDA,UNDEFINED,0,,,Y
SYSTEM,VW_RHH_CABECERA_SALIDAPERS,7,FKEMPLEADO,UNDEFINED,0,,,Y
SYSTEM,VW_RHH_CABECERA_SALIDAPERS,8,IDEMPLEADO,UNDEFINED,0,,,Y
SYSTEM,VW_RHH_CABECERA_SALIDAPERS,9,NOMBREEMPLEADO,UNDEFINED,0,,,Y
SYSTEM,VW_RHH_CABECERA_SALIDAPERS,10,DIRECCIONEMPLEADO,UNDEFINED,0,,,Y
SYSTEM,VW_RHH_CABECERA_SALIDAPERS,11,EMAILEMPLEADO,UNDEFINED,0,,,Y
SYSTEM,VW_RHH_CABECERA_SALIDAPERS,12,DEPARTAMENTO,UNDEFINED,0,,,Y
SYSTEM,VW_RHH_CABECERA_SALIDAPERS,13,CARGO,UNDEFINED,0,,,Y
SYSTEM,VW_RHH_CABECERA_SALIDAPERS,14,DEPARTAMENTOCONTABILIDAD,UNDEFINED,0,,,Y
SYSTEM,VW_RHH_CABECERA_SALIDAPERS,15,FKESTADO,UNDEFINED,0,,,Y
SYSTEM,VW_RHH_CABECERA_SALIDAPERS,16,IDESTADO,UNDEFINED,0,,,Y
SYSTEM,VW_RHH_CABECERA_SALIDAPERS,17,ESTADO,UNDEFINED,0,,,Y
SYSTEM,VW_RHH_CABECERA_SALIDAPERS,18,VALORPAGAR,UNDEFINED,0,,,Y
SYSTEM,VW_RHH_CABECERA_SALIDAPERS,19,FKCOMPANIA,UNDEFINED,0,,,Y
SYSTEM,VW_RHH_CABECERA_SALIDAPERS,20,FKDIARIO,UNDEFINED,0,,,Y
SYSTEM,VW_RHH_CABECERA_SALIDAPERS,21,INTEGRACION,UNDEFINED,0,,,Y
SYSTEM,VW_RHH_CABECERA_SALIDAPERS,22,FKIDSALIDA,UNDEFINED,0,,,Y
SYSTEM,VW_RHH_CABECERA_SALIDAPERS,23,DIASDESCUENTO,UNDEFINED,0,,,Y
SYSTEM,VW_RHH_CABECERA_SALIDAPERS,24,DIASLABORADOS,UNDEFINED,0,,,Y
SYSTEM,VW_RHH_CABECERA_SALIDAPERS,25,DIASPENDIENTES,UNDEFINED,0,,,Y
SYSTEM,VW_RHH_CABECERA_SALIDAPERS,26,PERIODOINICIO,UNDEFINED,0,,,Y
SYSTEM,VW_RHH_CABECERA_SALIDAPERS,27,PERIODOFIN,UNDEFINED,0,,,Y
SYSTEM,VW_RHH_CABECERA_SALIDAPERS,28,FECHAINICIO,UNDEFINED,0,,,Y
SYSTEM,VW_RHH_CABECERA_SALIDAPERS,29,FECHAINICIOCOMPLETA,UNDEFINED,0,,,Y
SYSTEM,VW_RHH_CABECERA_SALIDAPERS,30,FECHAFIN,UNDEFINED,0,,,Y
SYSTEM,VW_RHH_CABECERA_SALIDAPERS,31,FECHAFINCOMPLETA,UNDEFINED,0,,,Y
SYSTEM,VW_RHH_CABECERA_SALIDAPERS,32,JUSTIFICADO,UNDEFINED,0,,,Y
SYSTEM,VW_RHH_CABECERA_SALIDAPERS,33,JUSTIFICADOVACACION,UNDEFINED,0,,,Y
SYSTEM,VW_RHH_CABECERA_SALIDAPERS,34,OBSERVACION,UNDEFINED,0,,,Y
SYSTEM,VW_RHH_CABECERA_SALIDAPERS,35,CREACION,UNDEFINED,0,,,Y
SYSTEM,VW_RHH_CABECERA_SALIDAPERS,36,MODIFICACION,UNDEFINED,0,,,Y
SYSTEM,VW_RHH_DETALLE_CREDITOS,1,PKIDVENCIMIENTO,NUMBER,22,,,Y
SYSTEM,VW_RHH_DETALLE_CREDITOS,2,FKIDCREDITO,NUMBER,22,10,0,N
SYSTEM,VW_RHH_DETALLE_CREDITOS,3,NUMEROCUOTAS,NUMBER,22,,,Y
SYSTEM,VW_RHH_DETALLE_CREDITOS,4,CAPITAL,NUMBER,22,,,Y
SYSTEM,VW_RHH_DETALLE_CREDITOS,5,INTERES,NUMBER,22,,,Y
SYSTEM,VW_RHH_DETALLE_CREDITOS,6,VALORCUOTA,NUMBER,22,,,Y
SYSTEM,VW_RHH_DETALLE_CREDITOS,7,DIAS,NUMBER,22,6,0,N
SYSTEM,VW_RHH_DETALLE_CREDITOS,8,FKESTADO,VARCHAR2,3,,,Y
SYSTEM,VW_RHH_DETALLE_CREDITOS,9,IDESTADO,VARCHAR2,60,,,Y
SYSTEM,VW_RHH_DETALLE_CREDITOS,10,ESTADO,VARCHAR2,50,,,Y
SYSTEM,VW_RHH_DETALLE_CREDITOS,11,FECHAVENCIMIENTO,DATE,7,,,Y
SYSTEM,VW_RHH_DETALLE_CREDITOS,12,FECHAVENCIMIENTOCOMPLETA,VARCHAR2,19,,,Y
SYSTEM,VW_RHH_DETALLE_CREDITOS,13,FECHACANCELA,DATE,7,,,Y
SYSTEM,VW_RHH_DETALLE_CREDITOS,14,FECHACANCELACOMPLETA,VARCHAR2,19,,,Y
SYSTEM,VW_RHH_DETALLE_CREDITOS,15,OBSERVACIONES,VARCHAR2,400,,,Y
SYSTEM,VW_RHH_DETALLE_CREDITOS,16,CREACION,VARCHAR2,44,,,Y
SYSTEM,VW_RHH_DETALLE_CREDITOS,17,MODIFICACION,VARCHAR2,44,,,Y
SYSTEM,VW_RHH_DETALLE_HORASEXTRAS,1,PKADICIONALESID,UNDEFINED,0,,,Y
SYSTEM,VW_RHH_DETALLE_HORASEXTRAS,2,IDOFICINA,UNDEFINED,0,,,Y
SYSTEM,VW_RHH_DETALLE_HORASEXTRAS,3,NOMBREOFICINA,UNDEFINED,0,,,Y
SYSTEM,VW_RHH_DETALLE_HORASEXTRAS,4,NOMBREDEPARTAMENTO,UNDEFINED,0,,,Y
SYSTEM,VW_RHH_DETALLE_HORASEXTRAS,5,NOMBRE,UNDEFINED,0,,,Y
SYSTEM,VW_RHH_DETALLE_HORASEXTRAS,6,SALARIOACTUAL,UNDEFINED,0,,,Y
SYSTEM,VW_RHH_DETALLE_HORASEXTRAS,7,FKEMPLEADO,UNDEFINED,0,,,Y
SYSTEM,VW_RHH_DETALLE_HORASEXTRAS,8,EMAIL,UNDEFINED,0,,,Y
SYSTEM,VW_RHH_DETALLE_HORASEXTRAS,9,DIRECCION,UNDEFINED,0,,,Y
SYSTEM,VW_RHH_DETALLE_HORASEXTRAS,10,NOMBREDEPCONTABILIDAD,UNDEFINED,0,,,Y
SYSTEM,VW_RHH_DETALLE_HORASEXTRAS,11,DESCRIPCIONCARGO,UNDEFINED,0,,,Y
SYSTEM,VW_RHH_DETALLE_HORASEXTRAS,12,ROL_CARGO,UNDEFINED,0,,,Y
SYSTEM,VW_RHH_DETALLE_HORASEXTRAS,13,NUMEHORA,UNDEFINED,0,,,Y
SYSTEM,VW_RHH_DETALLE_HORASEXTRAS,14,DESCRIPCION,UNDEFINED,0,,,Y
SYSTEM,VW_RHH_DETALLE_HORASEXTRAS,15,FECHA,UNDEFINED,0,,,Y
SYSTEM,VW_RHH_DETALLE_HORASEXTRAS,16,FECHACOMPLETA,UNDEFINED,0,,,Y
SYSTEM,VW_RHH_DETALLE_HORASEXTRAS,17,FECHASALIDA,UNDEFINED,0,,,Y
SYSTEM,VW_RHH_DETALLE_HORASEXTRAS,18,FECHASALIDACOMPLETA,UNDEFINED,0,,,Y
SYSTEM,VW_RHH_DETALLE_HORASEXTRAS,19,VALOR,UNDEFINED,0,,,Y
SYSTEM,VW_RHH_DETALLE_HORASEXTRAS,20,FKTIPOHORAEXTRA,UNDEFINED,0,,,Y
SYSTEM,VW_RHH_DETALLE_HORASEXTRAS,21,TIPOHORAEXTRA,UNDEFINED,0,,,Y
SYSTEM,VW_RHH_DETALLE_HORASEXTRAS,22,RECARGO,UNDEFINED,0,,,Y
SYSTEM,VW_RHH_DETALLE_HORASEXTRAS,23,HRES_HRES_ID,UNDEFINED,0,,,Y
SYSTEM,VW_RHH_DETALLE_HORASEXTRAS,24,CREACION,UNDEFINED,0,,,Y
SYSTEM,VW_RHH_DETALLE_HORASEXTRAS,25,MODIFICACION,UNDEFINED,0,,,Y
SYSTEM,VW_RHH_DETALLE_LIQUIDACION,1,PKINGRESOSEGRESOSID,UNDEFINED,0,,,Y
SYSTEM,VW_RHH_DETALLE_LIQUIDACION,2,FKEMPLEADO,UNDEFINED,0,,,Y
SYSTEM,VW_RHH_DETALLE_LIQUIDACION,3,FKDIARIO,UNDEFINED,0,,,Y
SYSTEM,VW_RHH_DETALLE_LIQUIDACION,4,INTEGRACION,UNDEFINED,0,,,Y
SYSTEM,VW_RHH_DETALLE_LIQUIDACION,5,FKESTADO,UNDEFINED,0,,,Y
SYSTEM,VW_RHH_DETALLE_LIQUIDACION,6,IDESTADO,UNDEFINED,0,,,Y
SYSTEM,VW_RHH_DETALLE_LIQUIDACION,7,ESTADO,UNDEFINED,0,,,Y
SYSTEM,VW_RHH_DETALLE_LIQUIDACION,8,FKTIPO,UNDEFINED,0,,,Y
SYSTEM,VW_RHH_DETALLE_LIQUIDACION,9,IDTIPO,UNDEFINED,0,,,Y
SYSTEM,VW_RHH_DETALLE_LIQUIDACION,10,TIPO,UNDEFINED,0,,,Y
SYSTEM,VW_RHH_DETALLE_LIQUIDACION,11,FECHA,UNDEFINED,0,,,Y
SYSTEM,VW_RHH_DETALLE_LIQUIDACION,12,VALOR,UNDEFINED,0,,,Y
SYSTEM,VW_RHH_DETALLE_LIQUIDACION,13,SIGNO,UNDEFINED,0,,,Y
SYSTEM,VW_RHH_DETALLE_LIQUIDACION,14,ORDEN,UNDEFINED,0,,,Y
SYSTEM,VW_RHH_DETALLE_LIQUIDACION,15,DESCRIPCION,UNDEFINED,0,,,Y
SYSTEM,VW_RHH_DETALLE_LIQUIDACION,16,REFERENCIA,UNDEFINED,0,,,Y
SYSTEM,VW_RHH_DETALLE_LIQUIDACION,17,CREACION,UNDEFINED,0,,,Y
SYSTEM,VW_RHH_DETALLE_LIQUIDACION,18,MODIFICACION,UNDEFINED,0,,,Y
SYSTEM,VW_RHH_DETALLE_VACACIONES,1,PKPAGOVACACIONID,UNDEFINED,0,,,Y
SYSTEM,VW_RHH_DETALLE_VACACIONES,2,FKIDPROVISION,UNDEFINED,0,,,Y
SYSTEM,VW_RHH_DETALLE_VACACIONES,3,FKFECHA,UNDEFINED,0,,,Y
SYSTEM,VW_RHH_DETALLE_VACACIONES,4,FKFECHACOMPLETA,UNDEFINED,0,,,Y
SYSTEM,VW_RHH_DETALLE_VACACIONES,5,FKCEDULAEMPLEADO,UNDEFINED,0,,,Y
SYSTEM,VW_RHH_DETALLE_VACACIONES,6,IDOFICINA,UNDEFINED,0,,,Y
SYSTEM,VW_RHH_DETALLE_VACACIONES,7,NOMBREOFICINA,UNDEFINED,0,,,Y
SYSTEM,VW_RHH_DETALLE_VACACIONES,8,FECHA,UNDEFINED,0,,,Y
SYSTEM,VW_RHH_DETALLE_VACACIONES,9,FECHACOMPLETA,UNDEFINED,0,,,Y
SYSTEM,VW_RHH_DETALLE_VACACIONES,10,OBSERVACION,UNDEFINED,0,,,Y
SYSTEM,VW_RHH_DETALLE_VACACIONES,11,FKESTADO,UNDEFINED,0,,,Y
SYSTEM,VW_RHH_DETALLE_VACACIONES,12,IDESTADO,UNDEFINED,0,,,Y
SYSTEM,VW_RHH_DETALLE_VACACIONES,13,ESTADO,UNDEFINED,0,,,Y
SYSTEM,VW_RHH_DETALLE_VACACIONES,14,VALOR,UNDEFINED,0,,,Y
SYSTEM,VW_RHH_DETALLE_VACACIONES,15,CANNUMBER1,UNDEFINED,0,,,Y
SYSTEM,VW_RHH_DETALLE_VACACIONES,16,CANNUMBER2,UNDEFINED,0,,,Y
SYSTEM,VW_RHH_DETALLE_VACACIONES,17,CVARCHAR1,UNDEFINED,0,,,Y
SYSTEM,VW_RHH_DETALLE_VACACIONES,18,CVARCHAR2,UNDEFINED,0,,,Y
SYSTEM,VW_RHH_DETALLE_VACACIONES,19,FKCOMPANIA,UNDEFINED,0,,,Y
SYSTEM,VW_RHH_DETALLE_VACACIONES,20,FKDIARIO,UNDEFINED,0,,,Y
SYSTEM,VW_RHH_DETALLE_VACACIONES,21,INTEGRACION,UNDEFINED,0,,,Y
SYSTEM,VW_RHH_DETALLE_VACACIONES,22,CREACION,UNDEFINED,0,,,Y
SYSTEM,VW_RHH_DETALLE_VACACIONES,23,MODIFICACION,UNDEFINED,0,,,Y
SYSTEM,VW_RHH_DETALLE_VCTO,1,PKIDCUOTAS,UNDEFINED,0,,,Y
SYSTEM,VW_RHH_DETALLE_VCTO,2,IDOFICINA,UNDEFINED,0,,,Y
SYSTEM,VW_RHH_DETALLE_VCTO,3,NOMBREOFICINA,UNDEFINED,0,,,Y
SYSTEM,VW_RHH_DETALLE_VCTO,4,FKCOMPANIA,UNDEFINED,0,,,Y
SYSTEM,VW_RHH_DETALLE_VCTO,5,IDDIARIO,UNDEFINED,0,,,Y
SYSTEM,VW_RHH_DETALLE_VCTO,6,INTEGRACION,UNDEFINED,0,,,Y
SYSTEM,VW_RHH_DETALLE_VCTO,7,VALOR,UNDEFINED,0,,,Y
SYSTEM,VW_RHH_DETALLE_VCTO,8,FKESTADO,UNDEFINED,0,,,Y
SYSTEM,VW_RHH_DETALLE_VCTO,9,IDESTADO,UNDEFINED,0,,,Y
SYSTEM,VW_RHH_DETALLE_VCTO,10,ESTADO,UNDEFINED,0,,,Y
SYSTEM,VW_RHH_DETALLE_VCTO,11,FECHA,UNDEFINED,0,,,Y
SYSTEM,VW_RHH_DETALLE_VCTO,12,FECHACOMPLETA,UNDEFINED,0,,,Y
SYSTEM,VW_RHH_DETALLE_VCTO,13,FECHACOBRO,UNDEFINED,0,,,Y
SYSTEM,VW_RHH_DETALLE_VCTO,14,FECHACOBROCOMPLETA,UNDEFINED,0,,,Y
SYSTEM,VW_RHH_DETALLE_VCTO,15,FKIDVENCIMIENTO,UNDEFINED,0,,,Y
SYSTEM,VW_RHH_DETALLE_VCTO,16,DESCRIPCION,UNDEFINED,0,,,Y
SYSTEM,VW_RHH_DETALLE_VCTO,17,REFERENCIA,UNDEFINED,0,,,Y
SYSTEM,VW_RHH_DETALLE_VCTO,18,CREACION,UNDEFINED,0,,,Y
SYSTEM,VW_RHH_DETALLE_VCTO,19,MODIFICACION,UNDEFINED,0,,,Y
SYSTEM,VW_RHH_GASTOSPERSONAL,1,EMPLEADO,UNDEFINED,0,,,Y
SYSTEM,VW_RHH_GASTOSPERSONAL,2,CEDULAEMPLEADO,UNDEFINED,0,,,Y
SYSTEM,VW_RHH_GASTOSPERSONAL,3,FKESTADO,UNDEFINED,0,,,Y
SYSTEM,VW_RHH_GASTOSPERSONAL,4,IDESTADO,UNDEFINED,0,,,Y
SYSTEM,VW_RHH_GASTOSPERSONAL,5,ESTADO,UNDEFINED,0,,,Y
SYSTEM,VW_RHH_GASTOSPERSONAL,6,VALOR,UNDEFINED,0,,,Y
SYSTEM,VW_RHH_GASTOSPERSONAL,7,FECHAENTRADA,UNDEFINED,0,,,Y
SYSTEM,VW_RHH_GASTOSPERSONAL,8,FECHAENTRADACOMPLETA,UNDEFINED,0,,,Y
SYSTEM,VW_RHH_GASTOSPERSONAL,9,OBSERVACIONES,UNDEFINED,0,,,Y
SYSTEM,VW_RHH_GASTOSPERSONAL,10,ANIOFISCAL,UNDEFINED,0,,,Y
SYSTEM,VW_RHH_GASTOSPERSONAL,11,FKCODIGOGASTO,UNDEFINED,0,,,Y
SYSTEM,VW_RHH_GASTOSPERSONAL,12,GASTO,UNDEFINED,0,,,Y
SYSTEM,VW_RHH_GASTOSPERSONAL,13,SIGNO,UNDEFINED,0,,,Y
SYSTEM,VW_RHH_GASTOSPERSONAL,14,CREACION,UNDEFINED,0,,,Y
SYSTEM,VW_RHH_GASTOSPERSONAL,15,MODIFICACION,UNDEFINED,0,,,Y
SYSTEM,VW_RHH_INGRESOEGRESO,1,PKINGRESOSEGRESOSID,UNDEFINED,0,,,Y
SYSTEM,VW_RHH_INGRESOEGRESO,2,FKCOMPANIA,UNDEFINED,0,,,Y
SYSTEM,VW_RHH_INGRESOEGRESO,3,FKDIARIO,UNDEFINED,0,,,Y
SYSTEM,VW_RHH_INGRESOEGRESO,4,FKDETALLEASIENTO,UNDEFINED,0,,,Y
SYSTEM,VW_RHH_INGRESOEGRESO,5,FKESTADO,UNDEFINED,0,,,Y
SYSTEM,VW_RHH_INGRESOEGRESO,6,IDESTADO,UNDEFINED,0,,,Y
SYSTEM,VW_RHH_INGRESOEGRESO,7,ESTADO,UNDEFINED,0,,,Y
SYSTEM,VW_RHH_INGRESOEGRESO,8,FKTIPO,UNDEFINED,0,,,Y
SYSTEM,VW_RHH_INGRESOEGRESO,9,IDTIPO,UNDEFINED,0,,,Y
SYSTEM,VW_RHH_INGRESOEGRESO,10,TIPO,UNDEFINED,0,,,Y
SYSTEM,VW_RHH_INGRESOEGRESO,11,IMPRIME,UNDEFINED,0,,,Y
SYSTEM,VW_RHH_INGRESOEGRESO,12,ORDEN,UNDEFINED,0,,,Y
SYSTEM,VW_RHH_INGRESOEGRESO,13,SIGNO,UNDEFINED,0,,,Y
SYSTEM,VW_RHH_INGRESOEGRESO,14,FKEMPLEADO,UNDEFINED,0,,,Y
SYSTEM,VW_RHH_INGRESOEGRESO,15,IDEMPLEADO,UNDEFINED,0,,,Y
SYSTEM,VW_RHH_INGRESOEGRESO,16,EMPLEADO,UNDEFINED,0,,,Y
SYSTEM,VW_RHH_INGRESOEGRESO,17,DIRECCION,UNDEFINED,0,,,Y
SYSTEM,VW_RHH_INGRESOEGRESO,18,EMAIL,UNDEFINED,0,,,Y
SYSTEM,VW_RHH_INGRESOEGRESO,19,SALARIOEMPLEADO,UNDEFINED,0,,,Y
SYSTEM,VW_RHH_INGRESOEGRESO,20,NOMBREDEPARTAMENTO,UNDEFINED,0,,,Y
SYSTEM,VW_RHH_INGRESOEGRESO,21,NOMBREDEPCONTABILIDAD,UNDEFINED,0,,,Y
SYSTEM,VW_RHH_INGRESOEGRESO,22,NOMBRECARGO,UNDEFINED,0,,,Y
SYSTEM,VW_RHH_INGRESOEGRESO,23,CARGO,UNDEFINED,0,,,Y
SYSTEM,VW_RHH_INGRESOEGRESO,24,FKROLPAGOOFICINA,UNDEFINED,0,,,Y
SYSTEM,VW_RHH_INGRESOEGRESO,25,IDOFICINA,UNDEFINED,0,,,Y
SYSTEM,VW_RHH_INGRESOEGRESO,26,NOMBREOFICINA,UNDEFINED,0,,,Y
SYSTEM,VW_RHH_INGRESOEGRESO,27,INTEGRACION,UNDEFINED,0,,,Y
SYSTEM,VW_RHH_INGRESOEGRESO,28,FKROLPAGOFGENERACION,UNDEFINED,0,,,Y
SYSTEM,VW_RHH_INGRESOEGRESO,29,FKROLPAGOFGENERACIONCOMPLETA,UNDEFINED,0,,,Y
SYSTEM,VW_RHH_INGRESOEGRESO,30,FKIDVENCIMIENTO,UNDEFINED,0,,,Y
SYSTEM,VW_RHH_INGRESOEGRESO,31,FECHA,UNDEFINED,0,,,Y
SYSTEM,VW_RHH_INGRESOEGRESO,32,FECHACOMPLETA,UNDEFINED,0,,,Y
SYSTEM,VW_RHH_INGRESOEGRESO,33,FECHAINGRESO,UNDEFINED,0,,,Y
SYSTEM,VW_RHH_INGRESOEGRESO,34,FECHAINGRESOCOMPLETA,UNDEFINED,0,,,Y
SYSTEM,VW_RHH_INGRESOEGRESO,35,FECHASALIDA,UNDEFINED,0,,,Y
SYSTEM,VW_RHH_INGRESOEGRESO,36,FECHASALIDACOMPLETA,UNDEFINED,0,,,Y
SYSTEM,VW_RHH_INGRESOEGRESO,37,OTROSDESCUENTOS,UNDEFINED,0,,,Y
SYSTEM,VW_RHH_INGRESOEGRESO,38,DESCRIPCION,UNDEFINED,0,,,Y
SYSTEM,VW_RHH_INGRESOEGRESO,39,REFERENCIA,UNDEFINED,0,,,Y
SYSTEM,VW_RHH_INGRESOEGRESO,40,VALOR,UNDEFINED,0,,,Y
SYSTEM,VW_RHH_INGRESOEGRESO,41,HORASLABORADAS,UNDEFINED,0,,,Y
SYSTEM,VW_RHH_INGRESOEGRESO,42,DIASLABORADAS,UNDEFINED,0,,,Y
SYSTEM,VW_RHH_INGRESOEGRESO,43,PENDIENTE,UNDEFINED,0,,,Y
SYSTEM,VW_RHH_INGRESOEGRESO,44,PASANTE,UNDEFINED,0,,,Y
SYSTEM,VW_RHH_INGRESOEGRESO,45,CTACTIVA,UNDEFINED,0,,,Y
SYSTEM,VW_RHH_INGRESOEGRESO,46,IDBANCO,UNDEFINED,0,,,Y
SYSTEM,VW_RHH_INGRESOEGRESO,47,TIPOCTA,UNDEFINED,0,,,Y
SYSTEM,VW_RHH_INGRESOEGRESO,48,TIPOPAGO,UNDEFINED,0,,,Y
SYSTEM,VW_RHH_INGRESOEGRESO,49,CREACION,UNDEFINED,0,,,Y
SYSTEM,VW_RHH_INGRESOEGRESO,50,MODIFICACION,UNDEFINED,0,,,Y
SYSTEM,VW_RHH_LIQUIDACIONEMPLEADOS,1,PKCEDULA,UNDEFINED,0,,,Y
SYSTEM,VW_RHH_LIQUIDACIONEMPLEADOS,2,NOMBRE,UNDEFINED,0,,,Y
SYSTEM,VW_RHH_LIQUIDACIONEMPLEADOS,3,FECHAINGRESO,UNDEFINED,0,,,Y
SYSTEM,VW_RHH_LIQUIDACIONEMPLEADOS,4,FECHAREINGRESO,UNDEFINED,0,,,Y
SYSTEM,VW_RHH_LIQUIDACIONEMPLEADOS,5,FECHASALE,UNDEFINED,0,,,Y
SYSTEM,VW_RHH_LIQUIDACIONEMPLEADOS,6,SALARIO,UNDEFINED,0,,,Y
SYSTEM,VW_RHH_LIQUIDACIONEMPLEADOS,7,DIASLABORADOS,UNDEFINED,0,,,Y
SYSTEM,VW_RHH_ROLDEPAGOS,1,PKROLPAGOCOMPANIA,UNDEFINED,0,,,Y
SYSTEM,VW_RHH_ROLDEPAGOS,2,PKROLPAGOOFICINA,UNDEFINED,0,,,Y
SYSTEM,VW_RHH_ROLDEPAGOS,3,PKROLPAGOFGENERACION,UNDEFINED,0,,,Y
SYSTEM,VW_RHH_ROLDEPAGOS,4,FECHA,UNDEFINED,0,,,Y
SYSTEM,VW_RHH_ROLDEPAGOS,5,FECHACOMPLETA,UNDEFINED,0,,,Y
SYSTEM,VW_RHH_ROLDEPAGOS,6,FKCOMPANIA,UNDEFINED,0,,,Y
SYSTEM,VW_RHH_ROLDEPAGOS,7,FKIDDIARIO,UNDEFINED,0,,,Y
SYSTEM,VW_RHH_ROLDEPAGOS,8,OBSERVACIONES,UNDEFINED,0,,,Y
SYSTEM,VW_RHH_ROLDEPAGOS,9,FKESTADO,UNDEFINED,0,,,Y
SYSTEM,VW_RHH_ROLDEPAGOS,10,IDESTADO,UNDEFINED,0,,,Y
SYSTEM,VW_RHH_ROLDEPAGOS,11,ESTADO,UNDEFINED,0,,,Y
SYSTEM,VW_RHH_ROLDEPAGOS,12,EMPLEADO,UNDEFINED,0,,,Y
SYSTEM,VW_RHH_ROLDEPAGOS,13,FECHAINGRESO,UNDEFINED,0,,,Y
SYSTEM,VW_RHH_ROLDEPAGOS,14,FECHAINGRESOCOMPLETA,UNDEFINED,0,,,Y
SYSTEM,VW_RHH_ROLDEPAGOS,15,FECHASALIDA,UNDEFINED,0,,,Y
SYSTEM,VW_RHH_ROLDEPAGOS,16,FECHASALIDACOMPLETA,UNDEFINED,0,,,Y
SYSTEM,VW_RHH_ROLDEPAGOS,17,CODIGODEPARTAMENTO,UNDEFINED,0,,,Y
SYSTEM,VW_RHH_ROLDEPAGOS,18,DEPARTAMENTO,UNDEFINED,0,,,Y
SYSTEM,VW_RHH_ROLDEPAGOS,19,SALARIO,UNDEFINED,0,,,Y
SYSTEM,VW_RHH_ROLDEPAGOS,20,CODIGOTIPO,UNDEFINED,0,,,Y
SYSTEM,VW_RHH_ROLDEPAGOS,21,TIPO,UNDEFINED,0,,,Y
SYSTEM,VW_RHH_ROLDEPAGOS,22,ORDEN,UNDEFINED,0,,,Y
SYSTEM,VW_RHH_ROLDEPAGOS,23,SIGNO,UNDEFINED,0,,,Y
SYSTEM,VW_RHH_ROLDEPAGOS,24,IDUSUA,UNDEFINED,0,,,Y
SYSTEM,VW_RHH_ROLDEPAGOS,25,CARGO_EMP,UNDEFINED,0,,,Y
SYSTEM,VW_RHH_ROLDEPAGOS,26,INGRESOS,UNDEFINED,0,,,Y
SYSTEM,VW_RHH_ROLDEPAGOS,27,EGRESOS,UNDEFINED,0,,,Y
SYSTEM,VW_RHH_ROLDEPAGOS,28,C_DFRL_TIPO,UNDEFINED,0,,,Y
SYSTEM,VW_RHH_ROLDEPAGOS,29,CREACION,UNDEFINED,0,,,Y
SYSTEM,VW_RHH_ROLDEPAGOS,30,MODIFICACION,UNDEFINED,0,,,Y
SYSTEM,VW_SEG_MENSAJES,1,PKID,NUMBER,22,10,0,N
SYSTEM,VW_SEG_MENSAJES,2,TIPO,VARCHAR2,2,,,N
SYSTEM,VW_SEG_MENSAJES,3,TIPODESCRIPCION,VARCHAR2,6,,,Y
SYSTEM,VW_SEG_MENSAJES,4,FKTIPOMENSAJE,VARCHAR2,10,,,N
SYSTEM,VW_SEG_MENSAJES,5,IDMENSAJE,VARCHAR2,96,,,Y
SYSTEM,VW_SEG_MENSAJES,6,MENSAJE,VARCHAR2,80,,,Y
SYSTEM,VW_SEG_MENSAJES,7,DESCRIPCION,VARCHAR2,240,,,Y
SYSTEM,VW_SEG_MENSAJES,8,SOLUCION,VARCHAR2,300,,,Y
SYSTEM,VW_SEG_MENSAJES,9,CREACION,VARCHAR2,44,,,Y
SYSTEM,VW_SEG_MENSAJES,10,MODIFICACION,VARCHAR2,44,,,Y
SYSTEM,VW_SEG_PERMISOS,1,FKROLCARGO,VARCHAR2,4,,,N
SYSTEM,VW_SEG_PERMISOS,2,NOMBRE,VARCHAR2,20,,,N
SYSTEM,VW_SEG_PERMISOS,3,CREAR,VARCHAR2,1,,,N
SYSTEM,VW_SEG_PERMISOS,4,MODIFICAR,VARCHAR2,1,,,N
SYSTEM,VW_SEG_PERMISOS,5,CONSULTAR,VARCHAR2,1,,,N
SYSTEM,VW_SEG_PERMISOS,6,BORRA,VARCHAR2,1,,,N
SYSTEM,VW_SEG_PERMISOS,7,CREACION,VARCHAR2,44,,,Y
SYSTEM,VW_SEG_PERMISOS,8,MODIFICACION,VARCHAR2,44,,,Y
SYSTEM,VW_SEG_ROLES,1,PKCARGO,VARCHAR2,4,,,N
SYSTEM,VW_SEG_ROLES,2,JERARQUIAINICIA,VARCHAR2,2,,,Y
SYSTEM,VW_SEG_ROLES,3,JERARQUIA,VARCHAR2,23,,,Y
SYSTEM,VW_SEG_ROLES,4,NOMBRE,VARCHAR2,100,,,N
SYSTEM,VW_SEG_ROLES,5,COBRO,VARCHAR2,1,,,N
SYSTEM,VW_SEG_ROLES,6,DESCRIPCION,VARCHAR2,200,,,Y
SYSTEM,VW_SEG_ROLES,7,FKCOMPANIA,VARCHAR2,10,,,N
SYSTEM,VW_SEG_ROLES,8,FKROLCARGO,VARCHAR2,4,,,Y
SYSTEM,VW_SEG_ROLES,9,IDROLNOMBRE,VARCHAR2,112,,,Y
SYSTEM,VW_SEG_ROLES,10,FKROLNOMBRE,VARCHAR2,100,,,Y
SYSTEM,VW_SEG_ROLES,11,CREACION,VARCHAR2,44,,,Y
SYSTEM,VW_SEG_ROLES,12,MODIFICACION,VARCHAR2,44,,,Y
SYSTEM,VW_SEG_TABLASISTEMA,1,NOMBRE,VARCHAR2,20,,,N
SYSTEM,VW_SEG_TABLASISTEMA,2,NOMBRESECUENCIA,VARCHAR2,80,,,Y
SYSTEM,VW_SEG_TABLASISTEMA,3,PROPIETARIO,VARCHAR2,30,,,N
SYSTEM,VW_SEG_TABLASISTEMA,4,OBSERVACION,VARCHAR2,120,,,Y
SYSTEM,VW_SEG_TABLASISTEMA,5,AUDITA,VARCHAR2,1,,,Y
SYSTEM,VW_SEG_TABLASISTEMA,6,CREACION,VARCHAR2,44,,,Y
SYSTEM,VW_SEG_TABLASISTEMA,7,MODIFICACION,VARCHAR2,44,,,Y
SYSTEM,VW_UNIDADES_NEGOCIO,1,CLASE,UNDEFINED,0,,,Y
SYSTEM,VW_UNIDADES_NEGOCIO,2,DESC_CLASE,UNDEFINED,0,,,Y
SYSTEM,VW_UNIDADES_NEGOCIO,3,GRUPO,UNDEFINED,0,,,Y
SYSTEM,VW_UNIDADES_NEGOCIO,4,DESC_GRUPO,UNDEFINED,0,,,Y
SYSTEM,VW_UNIDADES_NEGOCIO,5,ARTICULO,UNDEFINED,0,,,Y
SYSTEM,VW_UNIDADES_NEGOCIO,6,NOMBRE,UNDEFINED,0,,,Y
SYSTEM,VW_UNIDADES_NEGOCIO,7,UNIDAD_NEGOCIO_BI,UNDEFINED,0,,,Y
SYSTEM,VW_UNIDADES_NEGOCIO,8,DESC_UNID_NEGOCIO_BI,UNDEFINED,0,,,Y
SYSTEM,VW_VEN_CABECERA_ANTICIPO,1,IDCLIENTE,UNDEFINED,0,,,Y
SYSTEM,VW_VEN_CABECERA_ANTICIPO,2,CEDULA,UNDEFINED,0,,,Y
SYSTEM,VW_VEN_CABECERA_ANTICIPO,3,CLIENTE,UNDEFINED,0,,,Y
SYSTEM,VW_VEN_CABECERA_ANTICIPO,4,CLASECLIENTE,UNDEFINED,0,,,Y
SYSTEM,VW_VEN_CABECERA_ANTICIPO,5,VALOR,UNDEFINED,0,,,Y
SYSTEM,VW_VEN_CABECERA_CHEQUES,1,PKCHEQUE,UNDEFINED,0,,,Y
SYSTEM,VW_VEN_CABECERA_CHEQUES,2,IDOFICINA,UNDEFINED,0,,,Y
SYSTEM,VW_VEN_CABECERA_CHEQUES,3,NOMBREOFICINA,UNDEFINED,0,,,Y
SYSTEM,VW_VEN_CABECERA_CHEQUES,4,FECHA,UNDEFINED,0,,,Y
SYSTEM,VW_VEN_CABECERA_CHEQUES,5,FECHACOMPLETA,UNDEFINED,0,,,Y
SYSTEM,VW_VEN_CABECERA_CHEQUES,6,IDBANCO,UNDEFINED,0,,,Y
SYSTEM,VW_VEN_CABECERA_CHEQUES,7,NOMBREBANCO,UNDEFINED,0,,,Y
SYSTEM,VW_VEN_CABECERA_CHEQUES,8,NUMEROCUENTA,UNDEFINED,0,,,Y
SYSTEM,VW_VEN_CABECERA_CHEQUES,9,NUMERO,UNDEFINED,0,,,Y
SYSTEM,VW_VEN_CABECERA_CHEQUES,10,SECUENCIA,UNDEFINED,0,,,Y
SYSTEM,VW_VEN_CABECERA_CHEQUES,11,IMPORTE,UNDEFINED,0,,,Y
SYSTEM,VW_VEN_CABECERA_CHEQUES,12,BENEFICIARIO,UNDEFINED,0,,,Y
SYSTEM,VW_VEN_CABECERA_CHEQUES,13,IDCLIENTE,UNDEFINED,0,,,Y
SYSTEM,VW_VEN_CABECERA_CHEQUES,14,NOMBRECLIENTE,UNDEFINED,0,,,Y
SYSTEM,VW_VEN_CABECERA_CHEQUES,15,NOMBRECOMPLETOCLIENTE,UNDEFINED,0,,,Y
SYSTEM,VW_VEN_CABECERA_CHEQUES,16,CEDULACLIENTE,UNDEFINED,0,,,Y
SYSTEM,VW_VEN_CABECERA_CHEQUES,17,FKVENTACOMPANIA,UNDEFINED,0,,,Y
SYSTEM,VW_VEN_CABECERA_CHEQUES,18,FKVENTAOFICINA,UNDEFINED,0,,,Y
SYSTEM,VW_VEN_CABECERA_CHEQUES,19,FKVENTASERIE,UNDEFINED,0,,,Y
SYSTEM,VW_VEN_CABECERA_CHEQUES,20,FKVENTANUMERO,UNDEFINED,0,,,Y
SYSTEM,VW_VEN_CABECERA_CHEQUES,21,FKVENTATIPOCOMP,UNDEFINED,0,,,Y
SYSTEM,VW_VEN_CABECERA_CHEQUES,22,NUMEROCUOTA,UNDEFINED,0,,,Y
SYSTEM,VW_VEN_CABECERA_CHEQUES,23,FKPLANCOBRO,UNDEFINED,0,,,Y
SYSTEM,VW_VEN_CABECERA_CHEQUES,24,IDESTADO,UNDEFINED,0,,,Y
SYSTEM,VW_VEN_CABECERA_CHEQUES,25,ESTADO,UNDEFINED,0,,,Y
SYSTEM,VW_VEN_CABECERA_CHEQUES,26,IDUSUARIO,UNDEFINED,0,,,Y
SYSTEM,VW_VEN_CABECERA_CHEQUES,27,IDEMPLEADO,UNDEFINED,0,,,Y
SYSTEM,VW_VEN_CABECERA_CHEQUES,28,DESCRIPCION,UNDEFINED,0,,,Y
SYSTEM,VW_VEN_CABECERA_CHEQUES,29,OBSERVACION,UNDEFINED,0,,,Y
SYSTEM,VW_VEN_CABECERA_CHEQUES,30,CIUDAD,UNDEFINED,0,,,Y
SYSTEM,VW_VEN_CABECERA_CHEQUES,31,IDMONEDA,UNDEFINED,0,,,Y
SYSTEM,VW_VEN_CABECERA_CHEQUES,32,MONEDA,UNDEFINED,0,,,Y
SYSTEM,VW_VEN_CABECERA_CHEQUES,33,VALORMONEDA,UNDEFINED,0,,,Y
SYSTEM,VW_VEN_CABECERA_CHEQUES,34,IDDIARIO,UNDEFINED,0,,,Y
SYSTEM,VW_VEN_CABECERA_CHEQUES,35,INTEGRACION,UNDEFINED,0,,,Y
SYSTEM,VW_VEN_CABECERA_CHEQUES,36,IDCATALOGO,UNDEFINED,0,,,Y
SYSTEM,VW_VEN_CABECERA_CHEQUES,37,IDCUENTACODIGO,UNDEFINED,0,,,Y
SYSTEM,VW_VEN_CABECERA_CHEQUES,38,NOMBRECUENTACONTABLE,UNDEFINED,0,,,Y
SYSTEM,VW_VEN_CABECERA_CHEQUES,39,CREACION,UNDEFINED,0,,,Y
SYSTEM,VW_VEN_CABECERA_CHEQUES,40,MODIFICACION,UNDEFINED,0,,,Y
SYSTEM,VW_VEN_CABECERA_CLIENTE,1,PKCOMPANIA,UNDEFINED,0,,,Y
SYSTEM,VW_VEN_CABECERA_CLIENTE,2,PKCLIENTEID,UNDEFINED,0,,,Y
SYSTEM,VW_VEN_CABECERA_CLIENTE,3,CLIEDESDE,UNDEFINED,0,,,Y
SYSTEM,VW_VEN_CABECERA_CLIENTE,4,ASOCPART,UNDEFINED,0,,,Y
SYSTEM,VW_VEN_CABECERA_CLIENTE,5,IDCLIENTE,UNDEFINED,0,,,Y
SYSTEM,VW_VEN_CABECERA_CLIENTE,6,NOMBRE,UNDEFINED,0,,,Y
SYSTEM,VW_VEN_CABECERA_CLIENTE,7,NOMBRES,UNDEFINED,0,,,Y
SYSTEM,VW_VEN_CABECERA_CLIENTE,8,APELLIDOS,UNDEFINED,0,,,Y
SYSTEM,VW_VEN_CABECERA_CLIENTE,9,NOMBRECORTO,UNDEFINED,0,,,Y
SYSTEM,VW_VEN_CABECERA_CLIENTE,10,AECN_ACTIECON,UNDEFINED,0,,,Y
SYSTEM,VW_VEN_CABECERA_CLIENTE,11,ACTIVIDADECONOMICA,UNDEFINED,0,,,Y
SYSTEM,VW_VEN_CABECERA_CLIENTE,12,IDCLASE,UNDEFINED,0,,,Y
SYSTEM,VW_VEN_CABECERA_CLIENTE,13,CLASE,UNDEFINED,0,,,Y
SYSTEM,VW_VEN_CABECERA_CLIENTE,14,CLASECLIENTE,UNDEFINED,0,,,Y
SYSTEM,VW_VEN_CABECERA_CLIENTE,15,OFCN_OFICINA,UNDEFINED,0,,,Y
SYSTEM,VW_VEN_CABECERA_CLIENTE,16,IDOFICINACLIENTE,UNDEFINED,0,,,Y
SYSTEM,VW_VEN_CABECERA_CLIENTE,17,OFICINACLIENTE,UNDEFINED,0,,,Y
SYSTEM,VW_VEN_CABECERA_CLIENTE,18,PAIS,UNDEFINED,0,,,Y
SYSTEM,VW_VEN_CABECERA_CLIENTE,19,TIPOCONTRIBUYENTE,UNDEFINED,0,,,Y
SYSTEM,VW_VEN_CABECERA_CLIENTE,20,TIPOIDENTIFICACION,UNDEFINED,0,,,Y
SYSTEM,VW_VEN_CABECERA_CLIENTE,21,CEDULARUC,UNDEFINED,0,,,Y
SYSTEM,VW_VEN_CABECERA_CLIENTE,22,CLASESUJETO,UNDEFINED,0,,,Y
SYSTEM,VW_VEN_CABECERA_CLIENTE,23,TIPONACIONALIDAD,UNDEFINED,0,,,Y
SYSTEM,VW_VEN_CABECERA_CLIENTE,24,AGENRETENCION,UNDEFINED,0,,,Y
SYSTEM,VW_VEN_CABECERA_CLIENTE,25,CLIEACTU,UNDEFINED,0,,,Y
SYSTEM,VW_VEN_CABECERA_CLIENTE,26,FCLIAUTO,UNDEFINED,0,,,Y
SYSTEM,VW_VEN_CABECERA_CLIENTE,27,ZONACLIENTE,UNDEFINED,0,,,Y
SYSTEM,VW_VEN_CABECERA_CLIENTE,28,REFERENCIA,UNDEFINED,0,,,Y
SYSTEM,VW_VEN_CABECERA_CLIENTE,29,OBSERVACION,UNDEFINED,0,,,Y
SYSTEM,VW_VEN_CABECERA_CLIENTE,30,RELACUNI,UNDEFINED,0,,,Y
SYSTEM,VW_VEN_CABECERA_CLIENTE,31,FECHAPATRIMONIO,UNDEFINED,0,,,Y
SYSTEM,VW_VEN_CABECERA_CLIENTE,32,FECHAREVISIONCONTRATO,UNDEFINED,0,,,Y
SYSTEM,VW_VEN_CABECERA_CLIENTE,33,FIRMESCA,UNDEFINED,0,,,Y
SYSTEM,VW_VEN_CABECERA_CLIENTE,34,FESOLACT,UNDEFINED,0,,,Y
SYSTEM,VW_VEN_CABECERA_CLIENTE,35,CODIEXTR,UNDEFINED,0,,,Y
SYSTEM,VW_VEN_CABECERA_CLIENTE,36,PASAPORT,UNDEFINED,0,,,Y
SYSTEM,VW_VEN_CABECERA_CLIENTE,37,ACTIVOS,UNDEFINED,0,,,Y
SYSTEM,VW_VEN_CABECERA_CLIENTE,38,PASIVOS,UNDEFINED,0,,,Y
SYSTEM,VW_VEN_CABECERA_CLIENTE,39,CODIANTE,UNDEFINED,0,,,Y
SYSTEM,VW_VEN_CABECERA_CLIENTE,40,IDFORMAPAGO,UNDEFINED,0,,,Y
SYSTEM,VW_VEN_CABECERA_CLIENTE,41,FORMAPAGO,UNDEFINED,0,,,Y
SYSTEM,VW_VEN_CABECERA_CLIENTE,42,CLTE_CLIEDESDE,UNDEFINED,0,,,Y
SYSTEM,VW_VEN_CABECERA_CLIENTE,43,CLTE_ASOCPART,UNDEFINED,0,,,Y
SYSTEM,VW_VEN_CABECERA_CLIENTE,44,CLTE_ACTIVOS,UNDEFINED,0,,,Y
SYSTEM,VW_VEN_CABECERA_CLIENTE,45,CLTE_PASIVOS,UNDEFINED,0,,,Y
SYSTEM,VW_VEN_CABECERA_CLIENTE,46,CLTE_FCLIAUTO,UNDEFINED,0,,,Y
SYSTEM,VW_VEN_CABECERA_CLIENTE,47,CODICONT,UNDEFINED,0,,,Y
SYSTEM,VW_VEN_CABECERA_CLIENTE,48,CLAVEWEB,UNDEFINED,0,,,Y
SYSTEM,VW_VEN_CABECERA_CLIENTE,49,CONTWEB,UNDEFINED,0,,,Y
SYSTEM,VW_VEN_CABECERA_CLIENTE,50,REGIWEB,UNDEFINED,0,,,Y
SYSTEM,VW_VEN_CABECERA_CLIENTE,51,VCHAR1,UNDEFINED,0,,,Y
SYSTEM,VW_VEN_CABECERA_CLIENTE,52,VCHAR2,UNDEFINED,0,,,Y
SYSTEM,VW_VEN_CABECERA_CLIENTE,53,VCHAR3,UNDEFINED,0,,,Y
SYSTEM,VW_VEN_CABECERA_CLIENTE,54,VCHAR4,UNDEFINED,0,,,Y
SYSTEM,VW_VEN_CABECERA_CLIENTE,55,VCHAR5,UNDEFINED,0,,,Y
SYSTEM,VW_VEN_CABECERA_CLIENTE,56,NUMBER1,UNDEFINED,0,,,Y
SYSTEM,VW_VEN_CABECERA_CLIENTE,57,NUMBER2,UNDEFINED,0,,,Y
SYSTEM,VW_VEN_CABECERA_CLIENTE,58,NUMBER3,UNDEFINED,0,,,Y
SYSTEM,VW_VEN_CABECERA_CLIENTE,59,NUMBER4,UNDEFINED,0,,,Y
SYSTEM,VW_VEN_CABECERA_CLIENTE,60,NUMBER5,UNDEFINED,0,,,Y
SYSTEM,VW_VEN_CABECERA_CLIENTE,61,CREACION,UNDEFINED,0,,,Y
SYSTEM,VW_VEN_CABECERA_CLIENTE,62,MODIFICACION,UNDEFINED,0,,,Y
SYSTEM,VW_VEN_CABECERA_NOTASCREDITO,1,TIPO,UNDEFINED,0,,,Y
SYSTEM,VW_VEN_CABECERA_NOTASCREDITO,2,PKCOMPANIA,UNDEFINED,0,,,Y
SYSTEM,VW_VEN_CABECERA_NOTASCREDITO,3,PKOFICINA,UNDEFINED,0,,,Y
SYSTEM,VW_VEN_CABECERA_NOTASCREDITO,4,PKSERIE,UNDEFINED,0,,,Y
SYSTEM,VW_VEN_CABECERA_NOTASCREDITO,5,PKNUMERO,UNDEFINED,0,,,Y
SYSTEM,VW_VEN_CABECERA_NOTASCREDITO,6,NOMBREOFICINA,UNDEFINED,0,,,Y
SYSTEM,VW_VEN_CABECERA_NOTASCREDITO,7,SERIE,UNDEFINED,0,,,Y
SYSTEM,VW_VEN_CABECERA_NOTASCREDITO,8,NUMERO,UNDEFINED,0,,,Y
SYSTEM,VW_VEN_CABECERA_NOTASCREDITO,9,REFERENCIA,UNDEFINED,0,,,Y
SYSTEM,VW_VEN_CABECERA_NOTASCREDITO,10,OBSERVACIONES,UNDEFINED,0,,,Y
SYSTEM,VW_VEN_CABECERA_NOTASCREDITO,11,FLETE,UNDEFINED,0,,,Y
SYSTEM,VW_VEN_CABECERA_NOTASCREDITO,12,CIUDAD,UNDEFINED,0,,,Y
SYSTEM,VW_VEN_CABECERA_NOTASCREDITO,13,FECHA,UNDEFINED,0,,,Y
SYSTEM,VW_VEN_CABECERA_NOTASCREDITO,14,FECHACOMPLETA,UNDEFINED,0,,,Y
SYSTEM,VW_VEN_CABECERA_NOTASCREDITO,15,FECHAVALIDEZ,UNDEFINED,0,,,Y
SYSTEM,VW_VEN_CABECERA_NOTASCREDITO,16,FECHAVALIDEZCOMPLETA,UNDEFINED,0,,,Y
SYSTEM,VW_VEN_CABECERA_NOTASCREDITO,17,INTEGRACION,UNDEFINED,0,,,Y
SYSTEM,VW_VEN_CABECERA_NOTASCREDITO,18,BASEIVA0,UNDEFINED,0,,,Y
SYSTEM,VW_VEN_CABECERA_NOTASCREDITO,19,BASEIVA,UNDEFINED,0,,,Y
SYSTEM,VW_VEN_CABECERA_NOTASCREDITO,20,TASAIVA,UNDEFINED,0,,,Y
SYSTEM,VW_VEN_CABECERA_NOTASCREDITO,21,TOTAL,UNDEFINED,0,,,Y
SYSTEM,VW_VEN_CABECERA_NOTASCREDITO,22,ASTO_COMPANIA,UNDEFINED,0,,,Y
SYSTEM,VW_VEN_CABECERA_NOTASCREDITO,23,IDDIARIO,UNDEFINED,0,,,Y
SYSTEM,VW_VEN_CABECERA_NOTASCREDITO,24,ESTADO,UNDEFINED,0,,,Y
SYSTEM,VW_VEN_CABECERA_NOTASCREDITO,25,AUTORIZACIONSRI,UNDEFINED,0,,,Y
SYSTEM,VW_VEN_CABECERA_NOTASCREDITO,26,ESTADOSRI,UNDEFINED,0,,,Y
SYSTEM,VW_VEN_CABECERA_NOTASCREDITO,27,FECHAAUTORIZACIONSRI,UNDEFINED,0,,,Y
SYSTEM,VW_VEN_CABECERA_NOTASCREDITO,28,CLAVEACCESOSRI,UNDEFINED,0,,,Y
SYSTEM,VW_VEN_CABECERA_NOTASCREDITO,29,NOMBRECLIENTE,UNDEFINED,0,,,Y
SYSTEM,VW_VEN_CABECERA_NOTASCREDITO,30,RUCCLIENTE,UNDEFINED,0,,,Y
SYSTEM,VW_VEN_CABECERA_NOTASCREDITO,31,DIRECCION,UNDEFINED,0,,,Y
SYSTEM,VW_VEN_CABECERA_NOTASCREDITO,32,EMAIL,UNDEFINED,0,,,Y
SYSTEM,VW_VEN_CABECERA_NOTASCREDITO,33,TELEFONO,UNDEFINED,0,,,Y
SYSTEM,VW_VEN_CABECERA_NOTASCREDITO,34,ESPECIAL,UNDEFINED,0,,,Y
SYSTEM,VW_VEN_CABECERA_NOTASCREDITO,35,IMPRESO,UNDEFINED,0,,,Y
SYSTEM,VW_VEN_CABECERA_NOTASCREDITO,36,MAIL,UNDEFINED,0,,,Y
SYSTEM,VW_VEN_CABECERA_NOTASCREDITO,37,FENVIO,UNDEFINED,0,,,Y
SYSTEM,VW_VEN_CABECERA_NOTASCREDITO,38,DOCUMENTOMODIFICA,UNDEFINED,0,,,Y
SYSTEM,VW_VEN_CABECERA_NOTASCREDITO,39,NUMEROVENTA,UNDEFINED,0,,,Y
SYSTEM,VW_VEN_CABECERA_NOTASCREDITO,40,SERIEVENTA,UNDEFINED,0,,,Y
SYSTEM,VW_VEN_CABECERA_NOTASCREDITO,41,ARTL_ARTICULO,UNDEFINED,0,,,Y
SYSTEM,VW_VEN_CABECERA_NOTASCREDITO,42,DESCRIPCION,UNDEFINED,0,,,Y
SYSTEM,VW_VEN_CABECERA_NOTASCREDITO,43,CANTIDAD,UNDEFINED,0,,,Y
SYSTEM,VW_VEN_CABECERA_NOTASCREDITO,44,PRECIOUNITARIO,UNDEFINED,0,,,Y
SYSTEM,VW_VEN_CABECERA_NOTASCREDITO,45,DESCUENTO,UNDEFINED,0,,,Y
SYSTEM,VW_VEN_CABECERA_NOTASCREDITO,46,PRECIOTOTALSINIMPUESTO,UNDEFINED,0,,,Y
SYSTEM,VW_VEN_CABECERA_NOTASCREDITO,47,IDTIPODOCUMENTO,UNDEFINED,0,,,Y
SYSTEM,VW_VEN_CABECERA_NOTASCREDITO,48,CREACION,UNDEFINED,0,,,Y
SYSTEM,VW_VEN_CABECERA_NOTASCREDITO,49,MODIFICACION,UNDEFINED,0,,,Y
SYSTEM,VW_VEN_CABECERA_OTROSDEBITOS,1,PKOTRASCUENTAS,UNDEFINED,0,,,Y
SYSTEM,VW_VEN_CABECERA_OTROSDEBITOS,2,SERIE,UNDEFINED,0,,,Y
SYSTEM,VW_VEN_CABECERA_OTROSDEBITOS,3,NUMERO,UNDEFINED,0,,,Y
SYSTEM,VW_VEN_CABECERA_OTROSDEBITOS,4,IDOFICINA,UNDEFINED,0,,,Y
SYSTEM,VW_VEN_CABECERA_OTROSDEBITOS,5,NOMBREOFICINA,UNDEFINED,0,,,Y
SYSTEM,VW_VEN_CABECERA_OTROSDEBITOS,6,IDTIPOCOMPROBANTE,UNDEFINED,0,,,Y
SYSTEM,VW_VEN_CABECERA_OTROSDEBITOS,7,TIPOCOMPROBANTE,UNDEFINED,0,,,Y
SYSTEM,VW_VEN_CABECERA_OTROSDEBITOS,8,FKTRANBANCARIACOMPANIA,UNDEFINED,0,,,Y
SYSTEM,VW_VEN_CABECERA_OTROSDEBITOS,9,FKTRANBANCARIACODIGO,UNDEFINED,0,,,Y
SYSTEM,VW_VEN_CABECERA_OTROSDEBITOS,10,FKTRANBANCARIACATALOGO,UNDEFINED,0,,,Y
SYSTEM,VW_VEN_CABECERA_OTROSDEBITOS,11,FKTRANBANCARIANUMERO,UNDEFINED,0,,,Y
SYSTEM,VW_VEN_CABECERA_OTROSDEBITOS,12,FKTRANBANCARIATIPODOCU,UNDEFINED,0,,,Y
SYSTEM,VW_VEN_CABECERA_OTROSDEBITOS,13,IDSECUENCIALTRANSACCION,UNDEFINED,0,,,Y
SYSTEM,VW_VEN_CABECERA_OTROSDEBITOS,14,SECUENCIALTRANSACCION,UNDEFINED,0,,,Y
SYSTEM,VW_VEN_CABECERA_OTROSDEBITOS,15,IDVENDEDOR,UNDEFINED,0,,,Y
SYSTEM,VW_VEN_CABECERA_OTROSDEBITOS,16,VENDEDOR,UNDEFINED,0,,,Y
SYSTEM,VW_VEN_CABECERA_OTROSDEBITOS,17,RUCVENDEDOR,UNDEFINED,0,,,Y
SYSTEM,VW_VEN_CABECERA_OTROSDEBITOS,18,IDCLIENTE,UNDEFINED,0,,,Y
SYSTEM,VW_VEN_CABECERA_OTROSDEBITOS,19,CLIENTECOMPLETO,UNDEFINED,0,,,Y
SYSTEM,VW_VEN_CABECERA_OTROSDEBITOS,20,CLIENTE,UNDEFINED,0,,,Y
SYSTEM,VW_VEN_CABECERA_OTROSDEBITOS,21,RUCCLIENTE,UNDEFINED,0,,,Y
SYSTEM,VW_VEN_CABECERA_OTROSDEBITOS,22,DIRECCION,UNDEFINED,0,,,Y
SYSTEM,VW_VEN_CABECERA_OTROSDEBITOS,23,EMAIL,UNDEFINED,0,,,Y
SYSTEM,VW_VEN_CABECERA_OTROSDEBITOS,24,TELEFONO,UNDEFINED,0,,,Y
SYSTEM,VW_VEN_CABECERA_OTROSDEBITOS,25,BASEIVA0,UNDEFINED,0,,,Y
SYSTEM,VW_VEN_CABECERA_OTROSDEBITOS,26,TASAIVA,UNDEFINED,0,,,Y
SYSTEM,VW_VEN_CABECERA_OTROSDEBITOS,27,BASEIVA,UNDEFINED,0,,,Y
SYSTEM,VW_VEN_CABECERA_OTROSDEBITOS,28,MONTO,UNDEFINED,0,,,Y
SYSTEM,VW_VEN_CABECERA_OTROSDEBITOS,29,IDESTADO,UNDEFINED,0,,,Y
SYSTEM,VW_VEN_CABECERA_OTROSDEBITOS,30,ESTADOCOMPLETO,UNDEFINED,0,,,Y
SYSTEM,VW_VEN_CABECERA_OTROSDEBITOS,31,ESTADO,UNDEFINED,0,,,Y
SYSTEM,VW_VEN_CABECERA_OTROSDEBITOS,32,REFERENCIA,UNDEFINED,0,,,Y
SYSTEM,VW_VEN_CABECERA_OTROSDEBITOS,33,DESCRIPCION,UNDEFINED,0,,,Y
SYSTEM,VW_VEN_CABECERA_OTROSDEBITOS,34,IDFORMAPAGO,UNDEFINED,0,,,Y
SYSTEM,VW_VEN_CABECERA_OTROSDEBITOS,35,FORMAPAGO,UNDEFINED,0,,,Y
SYSTEM,VW_VEN_CABECERA_OTROSDEBITOS,36,IDPERIDOPAGO,UNDEFINED,0,,,Y
SYSTEM,VW_VEN_CABECERA_OTROSDEBITOS,37,PERIODOPAGO,UNDEFINED,0,,,Y
SYSTEM,VW_VEN_CABECERA_OTROSDEBITOS,38,FECHA,UNDEFINED,0,,,Y
SYSTEM,VW_VEN_CABECERA_OTROSDEBITOS,39,FECHACOMPLETA,UNDEFINED,0,,,Y
SYSTEM,VW_VEN_CABECERA_OTROSDEBITOS,40,FECHAVENCIMIENTO,UNDEFINED,0,,,Y
SYSTEM,VW_VEN_CABECERA_OTROSDEBITOS,41,FECHAVENCIMIENTOCOMPLETA,UNDEFINED,0,,,Y
SYSTEM,VW_VEN_CABECERA_OTROSDEBITOS,42,FECHACANCELACION,UNDEFINED,0,,,Y
SYSTEM,VW_VEN_CABECERA_OTROSDEBITOS,43,FECHACANCELACIONCOMPLETA,UNDEFINED,0,,,Y
SYSTEM,VW_VEN_CABECERA_OTROSDEBITOS,44,IDDIARIO,UNDEFINED,0,,,Y
SYSTEM,VW_VEN_CABECERA_OTROSDEBITOS,45,INTEGRACION,UNDEFINED,0,,,Y
SYSTEM,VW_VEN_CABECERA_OTROSDEBITOS,46,SERIEVENTA,UNDEFINED,0,,,Y
SYSTEM,VW_VEN_CABECERA_OTROSDEBITOS,47,NUMEROVENTA,UNDEFINED,0,,,Y
SYSTEM,VW_VEN_CABECERA_OTROSDEBITOS,48,DOCUMENTOMODIFICA,UNDEFINED,0,,,Y
SYSTEM,VW_VEN_CABECERA_OTROSDEBITOS,49,NUMEROAUTORIZACIONSRI,UNDEFINED,0,,,Y
SYSTEM,VW_VEN_CABECERA_OTROSDEBITOS,50,CLAVEAUTORIZACIONSRI,UNDEFINED,0,,,Y
SYSTEM,VW_VEN_CABECERA_OTROSDEBITOS,51,FECHAAUTORIZACIONSRI,UNDEFINED,0,,,Y
SYSTEM,VW_VEN_CABECERA_OTROSDEBITOS,52,ESTADOAUTORIZACIONSRI,UNDEFINED,0,,,Y
SYSTEM,VW_VEN_CABECERA_OTROSDEBITOS,53,IDTIPODOCUMENTO,UNDEFINED,0,,,Y
SYSTEM,VW_VEN_CABECERA_OTROSDEBITOS,54,CREACION,UNDEFINED,0,,,Y
SYSTEM,VW_VEN_CABECERA_OTROSDEBITOS,55,MODIFICACION,UNDEFINED,0,,,Y
SYSTEM,VW_VEN_CABECERA_PLANCOBRO,1,IDOFICINA,UNDEFINED,0,,,Y
SYSTEM,VW_VEN_CABECERA_PLANCOBRO,2,OFICINA,UNDEFINED,0,,,Y
SYSTEM,VW_VEN_CABECERA_PLANCOBRO,3,IDPLANCOBRO,UNDEFINED,0,,,Y
SYSTEM,VW_VEN_CABECERA_PLANCOBRO,4,NPLANCOBRO,UNDEFINED,0,,,Y
SYSTEM,VW_VEN_CABECERA_PLANCOBRO,5,NUMEROCUOTAS,UNDEFINED,0,,,Y
SYSTEM,VW_VEN_CABECERA_PLANCOBRO,6,VALORCUOTAS,UNDEFINED,0,,,Y
SYSTEM,VW_VEN_CABECERA_PLANCOBRO,7,OBSERVACION,UNDEFINED,0,,,Y
SYSTEM,VW_VEN_CABECERA_PLANCOBRO,8,TASAINRERES,UNDEFINED,0,,,Y
SYSTEM,VW_VEN_CABECERA_PLANCOBRO,9,CAPITAL,UNDEFINED,0,,,Y
SYSTEM,VW_VEN_CABECERA_PLANCOBRO,10,DIASCREDITO,UNDEFINED,0,,,Y
SYSTEM,VW_VEN_CABECERA_PLANCOBRO,11,INTERES,UNDEFINED,0,,,Y
SYSTEM,VW_VEN_CABECERA_PLANCOBRO,12,FECHACOBRO,UNDEFINED,0,,,Y
SYSTEM,VW_VEN_CABECERA_PLANCOBRO,13,FECHACOBROCOMPLETA,UNDEFINED,0,,,Y
SYSTEM,VW_VEN_CABECERA_PLANCOBRO,14,FECHAVENCIMIENTO,UNDEFINED,0,,,Y
SYSTEM,VW_VEN_CABECERA_PLANCOBRO,15,FECHAVENCIMIENTOCOMPLETA,UNDEFINED,0,,,Y
SYSTEM,VW_VEN_CABECERA_PLANCOBRO,16,NSERIE,UNDEFINED,0,,,Y
SYSTEM,VW_VEN_CABECERA_PLANCOBRO,17,NDOCUMENTO,UNDEFINED,0,,,Y
SYSTEM,VW_VEN_CABECERA_PLANCOBRO,18,NUMERO,UNDEFINED,0,,,Y
SYSTEM,VW_VEN_CABECERA_PLANCOBRO,19,SERIE,UNDEFINED,0,,,Y
SYSTEM,VW_VEN_CABECERA_PLANCOBRO,20,FKVENTACOMPANIA,UNDEFINED,0,,,Y
SYSTEM,VW_VEN_CABECERA_PLANCOBRO,21,FKVENTAOFICINA,UNDEFINED,0,,,Y
SYSTEM,VW_VEN_CABECERA_PLANCOBRO,22,FKVENTATIPOCOMPROBANTE,UNDEFINED,0,,,Y
SYSTEM,VW_VEN_CABECERA_PLANCOBRO,23,VENTA,UNDEFINED,0,,,Y
SYSTEM,VW_VEN_CABECERA_PLANCOBRO,24,FECHAEMISION,UNDEFINED,0,,,Y
SYSTEM,VW_VEN_CABECERA_PLANCOBRO,25,FECHAEMISIONCOMPLETA,UNDEFINED,0,,,Y
SYSTEM,VW_VEN_CABECERA_PLANCOBRO,26,MONEDA,UNDEFINED,0,,,Y
SYSTEM,VW_VEN_CABECERA_PLANCOBRO,27,TOTALFACTURA,UNDEFINED,0,,,Y
SYSTEM,VW_VEN_CABECERA_PLANCOBRO,28,ABONOS,UNDEFINED,0,,,Y
SYSTEM,VW_VEN_CABECERA_PLANCOBRO,29,SALDOS,UNDEFINED,0,,,Y
SYSTEM,VW_VEN_CABECERA_PLANCOBRO,30,DIASVENCIMIENTO,UNDEFINED,0,,,Y
SYSTEM,VW_VEN_CABECERA_PLANCOBRO,31,IDCLIENTE,UNDEFINED,0,,,Y
SYSTEM,VW_VEN_CABECERA_PLANCOBRO,32,CLIENTE,UNDEFINED,0,,,Y
SYSTEM,VW_VEN_CABECERA_PLANCOBRO,33,CEDULACLIENTE,UNDEFINED,0,,,Y
SYSTEM,VW_VEN_CABECERA_PLANCOBRO,34,IDESTADO,UNDEFINED,0,,,Y
SYSTEM,VW_VEN_CABECERA_PLANCOBRO,35,ESTADO,UNDEFINED,0,,,Y
SYSTEM,VW_VEN_CABECERA_PLANCOBRO,36,TIPOCOMPROBANTE,UNDEFINED,0,,,Y
SYSTEM,VW_VEN_CABECERA_PLANCOBRO,37,VALORCHEQUESPF,UNDEFINED,0,,,Y
SYSTEM,VW_VEN_CABECERA_PLANCOBRO,38,FKOTRASCUENTAS,UNDEFINED,0,,,Y
SYSTEM,VW_VEN_CABECERA_PLANCOBRO,39,NUMEROOTRASCUENTAS,UNDEFINED,0,,,Y
SYSTEM,VW_VEN_CABECERA_PLANCOBRO,40,CREACION,UNDEFINED,0,,,Y
SYSTEM,VW_VEN_CABECERA_PLANCOBRO,41,MODIFICACION,UNDEFINED,0,,,Y
SYSTEM,VW_VEN_CABECERA_PROFORMA,1,PKPROFORMA,UNDEFINED,0,,,Y
SYSTEM,VW_VEN_CABECERA_PROFORMA,2,NUMEROPROFORMA,UNDEFINED,0,,,Y
SYSTEM,VW_VEN_CABECERA_PROFORMA,3,FECHA,UNDEFINED,0,,,Y
SYSTEM,VW_VEN_CABECERA_PROFORMA,4,FECHACOMPLETA,UNDEFINED,0,,,Y
SYSTEM,VW_VEN_CABECERA_PROFORMA,5,FECHAVENCIMIENTO,UNDEFINED,0,,,Y
SYSTEM,VW_VEN_CABECERA_PROFORMA,6,FECHAVENCIMIENTOCOMPLETA,UNDEFINED,0,,,Y
SYSTEM,VW_VEN_CABECERA_PROFORMA,7,DESCRIPCION,UNDEFINED,0,,,Y
SYSTEM,VW_VEN_CABECERA_PROFORMA,8,OBSERVACION,UNDEFINED,0,,,Y
SYSTEM,VW_VEN_CABECERA_PROFORMA,9,REFERENCIA,UNDEFINED,0,,,Y
SYSTEM,VW_VEN_CABECERA_PROFORMA,10,TASAIVA,UNDEFINED,0,,,Y
SYSTEM,VW_VEN_CABECERA_PROFORMA,11,BASEIVA0,UNDEFINED,0,,,Y
SYSTEM,VW_VEN_CABECERA_PROFORMA,12,BASEIVA,UNDEFINED,0,,,Y
SYSTEM,VW_VEN_CABECERA_PROFORMA,13,TOTAL,UNDEFINED,0,,,Y
SYSTEM,VW_VEN_CABECERA_PROFORMA,14,FLETE,UNDEFINED,0,,,Y
SYSTEM,VW_VEN_CABECERA_PROFORMA,15,IDCLIENTE,UNDEFINED,0,,,Y
SYSTEM,VW_VEN_CABECERA_PROFORMA,16,CLIENTE,UNDEFINED,0,,,Y
SYSTEM,VW_VEN_CABECERA_PROFORMA,17,RUCCLIENTE,UNDEFINED,0,,,Y
SYSTEM,VW_VEN_CABECERA_PROFORMA,18,LISTAPRECIOS,UNDEFINED,0,,,Y
SYSTEM,VW_VEN_CABECERA_PROFORMA,19,CODIGOLISTAPRECIOS,UNDEFINED,0,,,Y
SYSTEM,VW_VEN_CABECERA_PROFORMA,20,IDVENDEDOR,UNDEFINED,0,,,Y
SYSTEM,VW_VEN_CABECERA_PROFORMA,21,VENDEDOR,UNDEFINED,0,,,Y
SYSTEM,VW_VEN_CABECERA_PROFORMA,22,RUCVENDEDOR,UNDEFINED,0,,,Y
SYSTEM,VW_VEN_CABECERA_PROFORMA,23,IDMONEDA,UNDEFINED,0,,,Y
SYSTEM,VW_VEN_CABECERA_PROFORMA,24,MONEDA,UNDEFINED,0,,,Y
SYSTEM,VW_VEN_CABECERA_PROFORMA,25,OFCN_COMPANIA,UNDEFINED,0,,,Y
SYSTEM,VW_VEN_CABECERA_PROFORMA,26,IDOFICINA,UNDEFINED,0,,,Y
SYSTEM,VW_VEN_CABECERA_PROFORMA,27,NOMBREOFICINA,UNDEFINED,0,,,Y
SYSTEM,VW_VEN_CABECERA_PROFORMA,28,NUMERO,UNDEFINED,0,,,Y
SYSTEM,VW_VEN_CABECERA_PROFORMA,29,IDTIPODOCUMENTO,UNDEFINED,0,,,Y
SYSTEM,VW_VEN_CABECERA_PROFORMA,30,TIPODOCUMENTO,UNDEFINED,0,,,Y
SYSTEM,VW_VEN_CABECERA_PROFORMA,31,TITULODOCUMENTO,UNDEFINED,0,,,Y
SYSTEM,VW_VEN_CABECERA_PROFORMA,32,IDESTADO,UNDEFINED,0,,,Y
SYSTEM,VW_VEN_CABECERA_PROFORMA,33,ESTADO,UNDEFINED,0,,,Y
SYSTEM,VW_VEN_CABECERA_PROFORMA,34,CREACION,UNDEFINED,0,,,Y
SYSTEM,VW_VEN_CABECERA_PROFORMA,35,MODIFICACION,UNDEFINED,0,,,Y
SYSTEM,VW_VEN_CABECERA_PROFORMA,36,DESPACHO,UNDEFINED,0,,,Y
SYSTEM,VW_VEN_CABECERA_PROFORMA,37,PRFM_PRFM_ID,UNDEFINED,0,,,Y
SYSTEM,VW_VEN_CABECERA_PROFORMA,38,DIA,UNDEFINED,0,,,Y
SYSTEM,VW_VEN_CABECERA_PROFORMA,39,DIDE_DIDE_ID,UNDEFINED,0,,,Y
SYSTEM,VW_VEN_CABECERA_PROFORMA,40,CODIGOUID,UNDEFINED,0,,,Y
SYSTEM,VW_VEN_CABECERA_PROFORMA,41,SERVICIO,UNDEFINED,0,,,Y
SYSTEM,VW_VEN_CABECERA_SOLICITUDCRED,1,PKSOLICITUDCOMPANIA,UNDEFINED,0,,,Y
SYSTEM,VW_VEN_CABECERA_SOLICITUDCRED,2,PKSOLICITUDOFICINA,UNDEFINED,0,,,Y
SYSTEM,VW_VEN_CABECERA_SOLICITUDCRED,3,PKSOLICITUDNUMERO,UNDEFINED,0,,,Y
SYSTEM,VW_VEN_CABECERA_SOLICITUDCRED,4,FKOFICINA,UNDEFINED,0,,,Y
SYSTEM,VW_VEN_CABECERA_SOLICITUDCRED,5,IDOFICINA,UNDEFINED,0,,,Y
SYSTEM,VW_VEN_CABECERA_SOLICITUDCRED,6,OFICINA,UNDEFINED,0,,,Y
SYSTEM,VW_VEN_CABECERA_SOLICITUDCRED,7,FKCLIENTECOMPANIA,UNDEFINED,0,,,Y
SYSTEM,VW_VEN_CABECERA_SOLICITUDCRED,8,FKCLIENTEID,UNDEFINED,0,,,Y
SYSTEM,VW_VEN_CABECERA_SOLICITUDCRED,9,CEDULACLIENTE,UNDEFINED,0,,,Y
SYSTEM,VW_VEN_CABECERA_SOLICITUDCRED,10,IDCLIENTE,UNDEFINED,0,,,Y
SYSTEM,VW_VEN_CABECERA_SOLICITUDCRED,11,CLIENTE,UNDEFINED,0,,,Y
SYSTEM,VW_VEN_CABECERA_SOLICITUDCRED,12,FKESTADO,UNDEFINED,0,,,Y
SYSTEM,VW_VEN_CABECERA_SOLICITUDCRED,13,IDESTADO,UNDEFINED,0,,,Y
SYSTEM,VW_VEN_CABECERA_SOLICITUDCRED,14,ESTADO,UNDEFINED,0,,,Y
SYSTEM,VW_VEN_CABECERA_SOLICITUDCRED,15,IDTIPOSOLICITUD,UNDEFINED,0,,,Y
SYSTEM,VW_VEN_CABECERA_SOLICITUDCRED,16,MONTOSOLICITUD,UNDEFINED,0,,,Y
SYSTEM,VW_VEN_CABECERA_SOLICITUDCRED,17,ABONOCAPITAL,UNDEFINED,0,,,Y
SYSTEM,VW_VEN_CABECERA_SOLICITUDCRED,18,PLAZOSOLICITUD,UNDEFINED,0,,,Y
SYSTEM,VW_VEN_CABECERA_SOLICITUDCRED,19,PROPOSITODELCREDITO,UNDEFINED,0,,,Y
SYSTEM,VW_VEN_CABECERA_SOLICITUDCRED,20,IDFORMAPAGO,UNDEFINED,0,,,Y
SYSTEM,VW_VEN_CABECERA_SOLICITUDCRED,21,FORMAPAGO,UNDEFINED,0,,,Y
SYSTEM,VW_VEN_CABECERA_SOLICITUDCRED,22,CREDITOEMPRESARIAL,UNDEFINED,0,,,Y
SYSTEM,VW_VEN_CABECERA_SOLICITUDCRED,23,FECHADECLARACION,UNDEFINED,0,,,Y
SYSTEM,VW_VEN_CABECERA_SOLICITUDCRED,24,FECHADECLARACIONCOMPLETA,UNDEFINED,0,,,Y
SYSTEM,VW_VEN_CABECERA_SOLICITUDCRED,25,DIASPORPERIODO,UNDEFINED,0,,,Y
SYSTEM,VW_VEN_CABECERA_SOLICITUDCRED,26,SALDOAFINANCIAR,UNDEFINED,0,,,Y
SYSTEM,VW_VEN_CABECERA_SOLICITUDCRED,27,INGRESOANUAL,UNDEFINED,0,,,Y
SYSTEM,VW_VEN_CABECERA_SOLICITUDCRED,28,OBSERVACIONESPORPENDIENTES,UNDEFINED,0,,,Y
SYSTEM,VW_VEN_CABECERA_SOLICITUDCRED,29,MONTOAPROBADO,UNDEFINED,0,,,Y
SYSTEM,VW_VEN_CABECERA_SOLICITUDCRED,30,PORCENTAJEDESCPRONTOPAGO,UNDEFINED,0,,,Y
SYSTEM,VW_VEN_CABECERA_SOLICITUDCRED,31,FECHAAPROBACION,UNDEFINED,0,,,Y
SYSTEM,VW_VEN_CABECERA_SOLICITUDCRED,32,FECHAAPROBACIONCOMPLETA,UNDEFINED,0,,,Y
SYSTEM,VW_VEN_CABECERA_SOLICITUDCRED,33,PLAZOAPROBADODIAS,UNDEFINED,0,,,Y
SYSTEM,VW_VEN_CABECERA_SOLICITUDCRED,34,IDCALIFICACION,UNDEFINED,0,,,Y
SYSTEM,VW_VEN_CABECERA_SOLICITUDCRED,35,CALIFICACION,UNDEFINED,0,,,Y
SYSTEM,VW_VEN_CABECERA_SOLICITUDCRED,36,COMENTARIO,UNDEFINED,0,,,Y
SYSTEM,VW_VEN_CABECERA_SOLICITUDCRED,37,CUOTAINICIAL,UNDEFINED,0,,,Y
SYSTEM,VW_VEN_CABECERA_SOLICITUDCRED,38,OBSERVACIONES,UNDEFINED,0,,,Y
SYSTEM,VW_VEN_CABECERA_SOLICITUDCRED,39,TASAAPROBADA,UNDEFINED,0,,,Y
SYSTEM,VW_VEN_CABECERA_SOLICITUDCRED,40,ACTI_ACTI_ID,UNDEFINED,0,,,Y
SYSTEM,VW_VEN_CABECERA_SOLICITUDCRED,41,VENDAUTO,UNDEFINED,0,,,Y
SYSTEM,VW_VEN_CABECERA_SOLICITUDCRED,42,COMIINTE,UNDEFINED,0,,,Y
SYSTEM,VW_VEN_CABECERA_SOLICITUDCRED,43,VALOVEHI,UNDEFINED,0,,,Y
SYSTEM,VW_VEN_CABECERA_SOLICITUDCRED,44,CREACION,UNDEFINED,0,,,Y
SYSTEM,VW_VEN_CABECERA_SOLICITUDCRED,45,MODIFICACION,UNDEFINED,0,,,Y
SYSTEM,VW_VENDEDOR_COBROS,1,CODIGO,UNDEFINED,0,,,Y
SYSTEM,VW_VENDEDOR_COBROS,2,CEDURUC,UNDEFINED,0,,,Y
SYSTEM,VW_VENDEDOR_COBROS,3,NOMBRE,UNDEFINED,0,,,Y
SYSTEM,VW_VENDEDOR_COBROS,4,EMAIL,UNDEFINED,0,,,Y
SYSTEM,VW_VENDEDOR_COBROS,5,OFCN_OFICINA,UNDEFINED,0,,,Y
SYSTEM,VW_VENDEDOR_COBROS,6,OFCN_COMPANIA,UNDEFINED,0,,,Y
SYSTEM,VW_VENDEDORES_REPORTES,1,CODIGO,UNDEFINED,0,,,Y
SYSTEM,VW_VENDEDORES_REPORTES,2,RHHS_CEDURUC,UNDEFINED,0,,,Y
SYSTEM,VW_VENDEDORES_REPORTES,3,VENDEDOR,UNDEFINED,0,,,Y
SYSTEM,VW_VENDEDORES_REPORTES,4,NOMBRE,UNDEFINED,0,,,Y
SYSTEM,VW_VENDEDORES_REPORTES,5,TIPO,UNDEFINED,0,,,Y
SYSTEM,VW_VEN_DETALLE_ANTICIPO,1,PKANTICIPO,UNDEFINED,0,,,Y
SYSTEM,VW_VEN_DETALLE_ANTICIPO,2,IDOFICINA,UNDEFINED,0,,,Y
SYSTEM,VW_VEN_DETALLE_ANTICIPO,3,NOMBREOFICINA,UNDEFINED,0,,,Y
SYSTEM,VW_VEN_DETALLE_ANTICIPO,4,IDCLIENTE,UNDEFINED,0,,,Y
SYSTEM,VW_VEN_DETALLE_ANTICIPO,5,CLIENTE,UNDEFINED,0,,,Y
SYSTEM,VW_VEN_DETALLE_ANTICIPO,6,CEDULA,UNDEFINED,0,,,Y
SYSTEM,VW_VEN_DETALLE_ANTICIPO,7,IDCLASE,UNDEFINED,0,,,Y
SYSTEM,VW_VEN_DETALLE_ANTICIPO,8,COMPANIA,UNDEFINED,0,,,Y
SYSTEM,VW_VEN_DETALLE_ANTICIPO,9,CLASECLIENTE,UNDEFINED,0,,,Y
SYSTEM,VW_VEN_DETALLE_ANTICIPO,10,IDDIARIO,UNDEFINED,0,,,Y
SYSTEM,VW_VEN_DETALLE_ANTICIPO,11,INTEGRACION,UNDEFINED,0,,,Y
SYSTEM,VW_VEN_DETALLE_ANTICIPO,12,IDESTADO,UNDEFINED,0,,,Y
SYSTEM,VW_VEN_DETALLE_ANTICIPO,13,ESTADO,UNDEFINED,0,,,Y
SYSTEM,VW_VEN_DETALLE_ANTICIPO,14,FECHA,UNDEFINED,0,,,Y
SYSTEM,VW_VEN_DETALLE_ANTICIPO,15,FECHACOMPLETA,UNDEFINED,0,,,Y
SYSTEM,VW_VEN_DETALLE_ANTICIPO,16,VALOR,UNDEFINED,0,,,Y
SYSTEM,VW_VEN_DETALLE_ANTICIPO,17,VALORCRUZADO,UNDEFINED,0,,,Y
SYSTEM,VW_VEN_DETALLE_ANTICIPO,18,DISPONIBLE,UNDEFINED,0,,,Y
SYSTEM,VW_VEN_DETALLE_ANTICIPO,19,REFERENCIA,UNDEFINED,0,,,Y
SYSTEM,VW_VEN_DETALLE_ANTICIPO,20,DESCRIPCION,UNDEFINED,0,,,Y
SYSTEM,VW_VEN_DETALLE_ANTICIPO,21,CREACION,UNDEFINED,0,,,Y
SYSTEM,VW_VEN_DETALLE_ANTICIPO,22,MODIFICACION,UNDEFINED,0,,,Y
SYSTEM,VW_VEN_DETALLE_CRUCEANTICIPO,1,PKCRUCEANTICIPO,NUMBER,22,10,0,N
SYSTEM,VW_VEN_DETALLE_CRUCEANTICIPO,2,FKANTICIPO,NUMBER,22,10,0,N
SYSTEM,VW_VEN_DETALLE_CRUCEANTICIPO,3,VALOR,NUMBER,22,16,2,N
SYSTEM,VW_VEN_DETALLE_CRUCEANTICIPO,4,IDDIARIO,NUMBER,22,10,0,N
SYSTEM,VW_VEN_DETALLE_CRUCEANTICIPO,5,INTEGRACION,VARCHAR2,76,,,Y
SYSTEM,VW_VEN_DETALLE_CRUCEANTICIPO,6,IDESTADO,VARCHAR2,60,,,Y
SYSTEM,VW_VEN_DETALLE_CRUCEANTICIPO,7,ESTADO,VARCHAR2,50,,,Y
SYSTEM,VW_VEN_DETALLE_CRUCEANTICIPO,8,CREACION,VARCHAR2,44,,,Y
SYSTEM,VW_VEN_DETALLE_CRUCEANTICIPO,9,MODIFICACION,VARCHAR2,44,,,Y
SYSTEM,VW_VEN_DETALLE_OTROSDEBITOS,1,PKDEBITOID,UNDEFINED,0,,,Y
SYSTEM,VW_VEN_DETALLE_OTROSDEBITOS,2,CANTIDAD,UNDEFINED,0,,,Y
SYSTEM,VW_VEN_DETALLE_OTROSDEBITOS,3,PRECIOUNITARIO,UNDEFINED,0,,,Y
SYSTEM,VW_VEN_DETALLE_OTROSDEBITOS,4,VALOR,UNDEFINED,0,,,Y
SYSTEM,VW_VEN_DETALLE_OTROSDEBITOS,5,TASAIVA,UNDEFINED,0,,,Y
SYSTEM,VW_VEN_DETALLE_OTROSDEBITOS,6,OBSERVACIONES,UNDEFINED,0,,,Y
SYSTEM,VW_VEN_DETALLE_OTROSDEBITOS,7,FKOTRSCTASID,UNDEFINED,0,,,Y
SYSTEM,VW_VEN_DETALLE_OTROSDEBITOS,8,FKARTICULOCOMPANIA,UNDEFINED,0,,,Y
SYSTEM,VW_VEN_DETALLE_OTROSDEBITOS,9,FKARTICULOCLASE,UNDEFINED,0,,,Y
SYSTEM,VW_VEN_DETALLE_OTROSDEBITOS,10,FKARTICULOGRUPO,UNDEFINED,0,,,Y
SYSTEM,VW_VEN_DETALLE_OTROSDEBITOS,11,FKARTICULOCODIGO,UNDEFINED,0,,,Y
SYSTEM,VW_VEN_DETALLE_OTROSDEBITOS,12,CLASEINVENTARIO,UNDEFINED,0,,,Y
SYSTEM,VW_VEN_DETALLE_OTROSDEBITOS,13,GRUPOINVENTARIO,UNDEFINED,0,,,Y
SYSTEM,VW_VEN_DETALLE_OTROSDEBITOS,14,NOMBRE,UNDEFINED,0,,,Y
SYSTEM,VW_VEN_DETALLE_OTROSDEBITOS,15,IDUNIDADMEDIDA,UNDEFINED,0,,,Y
SYSTEM,VW_VEN_DETALLE_OTROSDEBITOS,16,UNIDADMEDIDA,UNDEFINED,0,,,Y
SYSTEM,VW_VEN_DETALLE_OTROSDEBITOS,17,CREACION,UNDEFINED,0,,,Y
SYSTEM,VW_VEN_DETALLE_OTROSDEBITOS,18,MODIFICACION,UNDEFINED,0,,,Y
SYSTEM,VW_VEN_DETALLE_PLANCOBRO,1,IDDETALLECOBRO,UNDEFINED,0,,,Y
SYSTEM,VW_VEN_DETALLE_PLANCOBRO,2,FKPLANCOBRO,UNDEFINED,0,,,Y
SYSTEM,VW_VEN_DETALLE_PLANCOBRO,3,FKRECIBOCOBRO,UNDEFINED,0,,,Y
SYSTEM,VW_VEN_DETALLE_PLANCOBRO,4,IDDIARIO,UNDEFINED,0,,,Y
SYSTEM,VW_VEN_DETALLE_PLANCOBRO,5,INTEGRACION,UNDEFINED,0,,,Y
SYSTEM,VW_VEN_DETALLE_PLANCOBRO,6,FECHA,UNDEFINED,0,,,Y
SYSTEM,VW_VEN_DETALLE_PLANCOBRO,7,FECHACOMPLETA,UNDEFINED,0,,,Y
SYSTEM,VW_VEN_DETALLE_PLANCOBRO,8,FECHACOBRO,UNDEFINED,0,,,Y
SYSTEM,VW_VEN_DETALLE_PLANCOBRO,9,FECHACOBROCOMPLETA,UNDEFINED,0,,,Y
SYSTEM,VW_VEN_DETALLE_PLANCOBRO,10,DESCRIPCION,UNDEFINED,0,,,Y
SYSTEM,VW_VEN_DETALLE_PLANCOBRO,11,REFERENCIA,UNDEFINED,0,,,Y
SYSTEM,VW_VEN_DETALLE_PLANCOBRO,12,CIUDAD,UNDEFINED,0,,,Y
SYSTEM,VW_VEN_DETALLE_PLANCOBRO,13,VALOR,UNDEFINED,0,,,Y
SYSTEM,VW_VEN_DETALLE_PLANCOBRO,14,VALORCHEQUE,UNDEFINED,0,,,Y
SYSTEM,VW_VEN_DETALLE_PLANCOBRO,15,VALORDEPOSITOTRANSITO,UNDEFINED,0,,,Y
SYSTEM,VW_VEN_DETALLE_PLANCOBRO,16,VALOREFECTIVO,UNDEFINED,0,,,Y
SYSTEM,VW_VEN_DETALLE_PLANCOBRO,17,VALORTRANSFERENCIA,UNDEFINED,0,,,Y
SYSTEM,VW_VEN_DETALLE_PLANCOBRO,18,NOTACREDITOCOMPANIA,UNDEFINED,0,,,Y
SYSTEM,VW_VEN_DETALLE_PLANCOBRO,19,NOTACREDITOOFICINA,UNDEFINED,0,,,Y
SYSTEM,VW_VEN_DETALLE_PLANCOBRO,20,NOTACREDITOSERIE,UNDEFINED,0,,,Y
SYSTEM,VW_VEN_DETALLE_PLANCOBRO,21,NOTACREDITONUMERO,UNDEFINED,0,,,Y
SYSTEM,VW_VEN_DETALLE_PLANCOBRO,22,TIPONOTACREDITO,UNDEFINED,0,,,Y
SYSTEM,VW_VEN_DETALLE_PLANCOBRO,23,IDVENDEDOR,UNDEFINED,0,,,Y
SYSTEM,VW_VEN_DETALLE_PLANCOBRO,24,CEDULAVENDEDOR,UNDEFINED,0,,,Y
SYSTEM,VW_VEN_DETALLE_PLANCOBRO,25,VENDEDOR,UNDEFINED,0,,,Y
SYSTEM,VW_VEN_DETALLE_PLANCOBRO,26,ESTADO,UNDEFINED,0,,,Y
SYSTEM,VW_VEN_DETALLE_PLANCOBRO,27,IDESTADO,UNDEFINED,0,,,Y
SYSTEM,VW_VEN_DETALLE_PLANCOBRO,28,CREACION,UNDEFINED,0,,,Y
SYSTEM,VW_VEN_DETALLE_PLANCOBRO,29,MODIFICACION,UNDEFINED,0,,,Y
SYSTEM,VW_VEN_DETALLE_PROFORMA,1,FKPROFORMA,UNDEFINED,0,,,Y
SYSTEM,VW_VEN_DETALLE_PROFORMA,2,IDCLASE,UNDEFINED,0,,,Y
SYSTEM,VW_VEN_DETALLE_PROFORMA,3,CLASEINVENTARIO,UNDEFINED,0,,,Y
SYSTEM,VW_VEN_DETALLE_PROFORMA,4,IDGRUPO,UNDEFINED,0,,,Y
SYSTEM,VW_VEN_DETALLE_PROFORMA,5,GRUPOINVENTARIO,UNDEFINED,0,,,Y
SYSTEM,VW_VEN_DETALLE_PROFORMA,6,ARTL_ARTICULO,UNDEFINED,0,,,Y
SYSTEM,VW_VEN_DETALLE_PROFORMA,7,NOMBRE,UNDEFINED,0,,,Y
SYSTEM,VW_VEN_DETALLE_PROFORMA,8,IDUNIDADMEDIDA,UNDEFINED,0,,,Y
SYSTEM,VW_VEN_DETALLE_PROFORMA,9,UNIDADMEDIDA,UNDEFINED,0,,,Y
SYSTEM,VW_VEN_DETALLE_PROFORMA,10,OBS,UNDEFINED,0,,,Y
SYSTEM,VW_VEN_DETALLE_PROFORMA,11,DPRF_ID,UNDEFINED,0,,,Y
SYSTEM,VW_VEN_DETALLE_PROFORMA,12,PROMOCION,UNDEFINED,0,,,Y
SYSTEM,VW_VEN_DETALLE_PROFORMA,13,SECC_CODIBODE,UNDEFINED,0,,,Y
SYSTEM,VW_VEN_DETALLE_PROFORMA,14,BODEGA,UNDEFINED,0,,,Y
SYSTEM,VW_VEN_DETALLE_PROFORMA,15,SECC_CODISECC,UNDEFINED,0,,,Y
SYSTEM,VW_VEN_DETALLE_PROFORMA,16,SECCIONFISICA,UNDEFINED,0,,,Y
SYSTEM,VW_VEN_DETALLE_PROFORMA,17,CANTIDAD,UNDEFINED,0,,,Y
SYSTEM,VW_VEN_DETALLE_PROFORMA,18,PRECIOUNITARIO,UNDEFINED,0,,,Y
SYSTEM,VW_VEN_DETALLE_PROFORMA,19,PRECIOTOTAL,UNDEFINED,0,,,Y
SYSTEM,VW_VEN_DETALLE_PROFORMA,20,PORCENTAJEDESCUENTO,UNDEFINED,0,,,Y
SYSTEM,VW_VEN_DETALLE_PROFORMA,21,PRORATEO,UNDEFINED,0,,,Y
SYSTEM,VW_VEN_DETALLE_PROFORMA,22,CANTIDADPROMOCION,UNDEFINED,0,,,Y
SYSTEM,VW_VEN_DETALLE_PROFORMA,23,TASAIVA,UNDEFINED,0,,,Y
SYSTEM,VW_VEN_DETALLE_PROFORMA,24,TASAICE,UNDEFINED,0,,,Y
SYSTEM,VW_VEN_DETALLE_PROFORMA,25,VENDIDO,UNDEFINED,0,,,Y
SYSTEM,VW_VEN_DETALLE_PROFORMA,26,VALDESC,UNDEFINED,0,,,Y
SYSTEM,VW_VEN_DETALLE_PROFORMA,27,FECHACOMPRA,UNDEFINED,0,,,Y
SYSTEM,VW_VEN_DETALLE_PROFORMA,28,FECHACOMPRACOMPLETA,UNDEFINED,0,,,Y
SYSTEM,VW_VEN_DETALLE_PROFORMA,29,RCTA_RCTA_ID,UNDEFINED,0,,,Y
SYSTEM,VW_VEN_DETALLE_PROFORMA,30,DPRF_DPRF_ID,UNDEFINED,0,,,Y
SYSTEM,VW_VEN_DETALLE_PROFORMA,31,NUMEAGRU,UNDEFINED,0,,,Y
SYSTEM,VW_VEN_DETALLE_PROFORMA,32,CANTITEM,UNDEFINED,0,,,Y
SYSTEM,VW_VEN_DETALLE_PROFORMA,33,CANTAUX,UNDEFINED,0,,,Y
SYSTEM,VW_VEN_DETALLE_PROFORMA,34,PRECSINPR,UNDEFINED,0,,,Y
SYSTEM,VW_VEN_DETALLE_PROFORMA,35,CREACION,UNDEFINED,0,,,Y
SYSTEM,VW_VEN_DETALLE_PROFORMA,36,MODIFICACION,UNDEFINED,0,,,Y
SYSTEM,VW_VEN_DETALLE_SOLICITUDCRED,1,FKCLIENTECOMPANIA,UNDEFINED,0,,,Y
SYSTEM,VW_VEN_DETALLE_SOLICITUDCRED,2,FKCLIENTEID,UNDEFINED,0,,,Y
SYSTEM,VW_VEN_DETALLE_SOLICITUDCRED,3,NOMBRE,UNDEFINED,0,,,Y
SYSTEM,VW_VEN_DETALLE_SOLICITUDCRED,4,OFICINACLIENTE,UNDEFINED,0,,,Y
SYSTEM,VW_VEN_DETALLE_SOLICITUDCRED,5,FECHA,UNDEFINED,0,,,Y
SYSTEM,VW_VEN_DETALLE_SOLICITUDCRED,6,FECHACOMPLETA,UNDEFINED,0,,,Y
SYSTEM,VW_VEN_DETALLE_SOLICITUDCRED,7,VALORDESCUENTOPRONTOPAGO,UNDEFINED,0,,,Y
SYSTEM,VW_VEN_DETALLE_SOLICITUDCRED,8,MONTO,UNDEFINED,0,,,Y
SYSTEM,VW_VEN_DETALLE_SOLICITUDCRED,9,DIASCREDITO,UNDEFINED,0,,,Y
SYSTEM,VW_VEN_DETALLE_SOLICITUDCRED,10,DESCRIPCION,UNDEFINED,0,,,Y
SYSTEM,VW_VEN_DETALLE_SOLICITUDCRED,11,CREACION,UNDEFINED,0,,,Y
SYSTEM,VW_VEN_DETALLE_SOLICITUDCRED,12,MODIFICACION,UNDEFINED,0,,,Y
SYSTEM,VW_VEN_LISTAPRECIO,1,PKID,UNDEFINED,0,,,Y
SYSTEM,VW_VEN_LISTAPRECIO,2,FKESTADO,UNDEFINED,0,,,Y
SYSTEM,VW_VEN_LISTAPRECIO,3,ESTADO,UNDEFINED,0,,,Y
SYSTEM,VW_VEN_LISTAPRECIO,4,IDESTADO,UNDEFINED,0,,,Y
SYSTEM,VW_VEN_LISTAPRECIO,5,PORCENTAJEVENTA,UNDEFINED,0,,,Y
SYSTEM,VW_VEN_LISTAPRECIO,6,FKCOMPANIA,UNDEFINED,0,,,Y
SYSTEM,VW_VEN_LISTAPRECIO,7,FKOFICINA,UNDEFINED,0,,,Y
SYSTEM,VW_VEN_LISTAPRECIO,8,IDOFICINA,UNDEFINED,0,,,Y
SYSTEM,VW_VEN_LISTAPRECIO,9,OFICINA,UNDEFINED,0,,,Y
SYSTEM,VW_VEN_LISTAPRECIO,10,FKTIPOLISTA,UNDEFINED,0,,,Y
SYSTEM,VW_VEN_LISTAPRECIO,11,TIPOLISTA,UNDEFINED,0,,,Y
SYSTEM,VW_VEN_LISTAPRECIO,12,IDTIPOLISTA,UNDEFINED,0,,,Y
SYSTEM,VW_VEN_LISTAPRECIO,13,VIGENTE,UNDEFINED,0,,,Y
SYSTEM,VW_VEN_LISTAPRECIO,14,FECHALISTA,UNDEFINED,0,,,Y
SYSTEM,VW_VEN_LISTAPRECIO,15,FECHALISTACOMPLETA,UNDEFINED,0,,,Y
SYSTEM,VW_VEN_LISTAPRECIO,16,PREDEFINIDO,UNDEFINED,0,,,Y
SYSTEM,VW_VEN_LISTAPRECIO,17,LISTABASE,UNDEFINED,0,,,Y
SYSTEM,VW_VEN_LISTAPRECIO,18,CODIGOLINEA,UNDEFINED,0,,,Y
SYSTEM,VW_VEN_LISTAPRECIO,19,LINEA,UNDEFINED,0,,,Y
SYSTEM,VW_VEN_LISTAPRECIO,20,IDLINEA,UNDEFINED,0,,,Y
SYSTEM,VW_VEN_LISTAPRECIO,21,ALIASWEB,UNDEFINED,0,,,Y
SYSTEM,VW_VEN_LISTAPRECIO,22,IMAGENWEB,UNDEFINED,0,,,Y
SYSTEM,VW_VEN_LISTAPRECIO,23,ORDENWEB,UNDEFINED,0,,,Y
SYSTEM,VW_VEN_LISTAPRECIO,24,CREACION,UNDEFINED,0,,,Y
SYSTEM,VW_VEN_LISTAPRECIO,25,MODIFICACION,UNDEFINED,0,,,Y
SYSTEM,VW_VEN_NOTASCREDITO,1,TIPO,UNDEFINED,0,,,Y
SYSTEM,VW_VEN_NOTASCREDITO,2,PKOFICINA,UNDEFINED,0,,,Y
SYSTEM,VW_VEN_NOTASCREDITO,3,PKSERIE,UNDEFINED,0,,,Y
SYSTEM,VW_VEN_NOTASCREDITO,4,PKNUMERO,UNDEFINED,0,,,Y
SYSTEM,VW_VEN_NOTASCREDITO,5,NOMBREOFICINA,UNDEFINED,0,,,Y
SYSTEM,VW_VEN_NOTASCREDITO,6,SERIE,UNDEFINED,0,,,Y
SYSTEM,VW_VEN_NOTASCREDITO,7,NUMERO,UNDEFINED,0,,,Y
SYSTEM,VW_VEN_NOTASCREDITO,8,REFERENCIA,UNDEFINED,0,,,Y
SYSTEM,VW_VEN_NOTASCREDITO,9,OBSERVACIONES,UNDEFINED,0,,,Y
SYSTEM,VW_VEN_NOTASCREDITO,10,FLETE,UNDEFINED,0,,,Y
SYSTEM,VW_VEN_NOTASCREDITO,11,CIUDAD,UNDEFINED,0,,,Y
SYSTEM,VW_VEN_NOTASCREDITO,12,FECHA,UNDEFINED,0,,,Y
SYSTEM,VW_VEN_NOTASCREDITO,13,FECHACOMPLETA,UNDEFINED,0,,,Y
SYSTEM,VW_VEN_NOTASCREDITO,14,FECHAVALIDEZ,UNDEFINED,0,,,Y
SYSTEM,VW_VEN_NOTASCREDITO,15,FECHAVALIDEZCOMPLETA,UNDEFINED,0,,,Y
SYSTEM,VW_VEN_NOTASCREDITO,16,BASEIVA0,UNDEFINED,0,,,Y
SYSTEM,VW_VEN_NOTASCREDITO,17,BASEIVA,UNDEFINED,0,,,Y
SYSTEM,VW_VEN_NOTASCREDITO,18,TASAIVA,UNDEFINED,0,,,Y
SYSTEM,VW_VEN_NOTASCREDITO,19,TOTAL,UNDEFINED,0,,,Y
SYSTEM,VW_VEN_NOTASCREDITO,20,IDDIARIO,UNDEFINED,0,,,Y
SYSTEM,VW_VEN_NOTASCREDITO,21,EGEN_ESTADO,UNDEFINED,0,,,Y
SYSTEM,VW_VEN_NOTASCREDITO,22,ESTADO,UNDEFINED,0,,,Y
SYSTEM,VW_VEN_NOTASCREDITO,23,IDCLIENTE,UNDEFINED,0,,,Y
SYSTEM,VW_VEN_NOTASCREDITO,24,NOMBRECLIENTE,UNDEFINED,0,,,Y
SYSTEM,VW_VEN_NOTASCREDITO,25,RUCCLIENTE,UNDEFINED,0,,,Y
SYSTEM,VW_VEN_NOTASCREDITO,26,DIRECCION,UNDEFINED,0,,,Y
SYSTEM,VW_VEN_NOTASCREDITO,27,EMAIL,UNDEFINED,0,,,Y
SYSTEM,VW_VEN_NOTASCREDITO,28,TELEFONO,UNDEFINED,0,,,Y
SYSTEM,VW_VEN_NOTASCREDITO,29,ESPECIAL,UNDEFINED,0,,,Y
SYSTEM,VW_VEN_NOTASCREDITO,30,IMPRESO,UNDEFINED,0,,,Y
SYSTEM,VW_VEN_NOTASCREDITO,31,MAIL,UNDEFINED,0,,,Y
SYSTEM,VW_VEN_NOTASCREDITO,32,FENVIO,UNDEFINED,0,,,Y
SYSTEM,VW_VEN_NOTASCREDITO,33,DOCUMENTOMODIFICA,UNDEFINED,0,,,Y
SYSTEM,VW_VEN_NOTASCREDITO,34,NUMEROVENTA,UNDEFINED,0,,,Y
SYSTEM,VW_VEN_NOTASCREDITO,35,SERIEVENTA,UNDEFINED,0,,,Y
SYSTEM,VW_VEN_NOTASCREDITO,36,ARTL_ARTICULO,UNDEFINED,0,,,Y
SYSTEM,VW_VEN_NOTASCREDITO,37,DESCRIPCION,UNDEFINED,0,,,Y
SYSTEM,VW_VEN_NOTASCREDITO,38,CANTIDAD,UNDEFINED,0,,,Y
SYSTEM,VW_VEN_NOTASCREDITO,39,PRECIOUNITARIO,UNDEFINED,0,,,Y
SYSTEM,VW_VEN_NOTASCREDITO,40,DESCUENTO,UNDEFINED,0,,,Y
SYSTEM,VW_VEN_NOTASCREDITO,41,PRECIOTOTALSINIMPUESTO,UNDEFINED,0,,,Y
SYSTEM,VW_VEN_NOTASCREDITO,42,IDTIPODOCUMENTO,UNDEFINED,0,,,Y
SYSTEM,VW_VEN_PERSONA_CONTRIB,1,PKID,NUMBER,22,10,0,N
SYSTEM,VW_VEN_PERSONA_CONTRIB,2,NOMBRE,VARCHAR2,4000,,,N
SYSTEM,VW_VEN_PERSONA_CONTRIB,3,CEDULA,VARCHAR2,13,,,N
SYSTEM,VW_VEN_PERSONA_CONTRIB,4,NOMBRECOMERCIAL,VARCHAR2,4000,,,Y
SYSTEM,VW_VEN_PERSONA_CONTRIB,5,ESTADOCONTRIBUYENTE,VARCHAR2,4000,,,Y
SYSTEM,VW_VEN_PERSONA_CONTRIB,6,TELEFONO,VARCHAR2,4000,,,Y
SYSTEM,VW_VEN_PERSONA_CONTRIB,7,CLASECONTRIBUYENTE,VARCHAR2,4000,,,Y
SYSTEM,VW_VEN_PERSONA_CONTRIB,8,FECHAFINACT,DATE,7,,,Y
SYSTEM,VW_VEN_PERSONA_CONTRIB,9,FECHAFINACTCOMPLETA,VARCHAR2,19,,,Y
SYSTEM,VW_VEN_PERSONA_CONTRIB,10,FECHAINICIOACT,DATE,7,,,Y
SYSTEM,VW_VEN_PERSONA_CONTRIB,11,FECHAINICIOACTCOMPLETA,VARCHAR2,19,,,Y
SYSTEM,VW_VEN_PERSONA_CONTRIB,12,OBLIGADO,VARCHAR2,100,,,Y
SYSTEM,VW_VEN_PERSONA_CONTRIB,13,TIPOCONTRIBUYENTE,VARCHAR2,4000,,,Y
SYSTEM,VW_VEN_PERSONA_CONTRIB,14,NUMEROESTABLECIMINETO,NUMBER,22,,,Y
SYSTEM,VW_VEN_PERSONA_CONTRIB,15,CALLE,VARCHAR2,4000,,,Y
SYSTEM,VW_VEN_PERSONA_CONTRIB,16,NUMEROCALLE,VARCHAR2,4000,,,Y
SYSTEM,VW_VEN_PERSONA_CONTRIB,17,INTERSECCION,VARCHAR2,4000,,,Y
SYSTEM,VW_VEN_PERSONA_CONTRIB,18,PROVINCIA,VARCHAR2,4000,,,Y
SYSTEM,VW_VEN_PERSONA_CONTRIB,19,ESTADOESTABLECIMIENTO,VARCHAR2,4000,,,Y
SYSTEM,VW_VEN_PERSONA_CONTRIB,20,CANTON,VARCHAR2,4000,,,Y
SYSTEM,VW_VEN_PERSONA_CONTRIB,21,PARROQUIA,VARCHAR2,4000,,,Y
SYSTEM,VW_VEN_PERSONA_CONTRIB,22,ACTIVIDADECONOMICA,VARCHAR2,4000,,,Y
SYSTEM,VW_VEN_PERSONA_CONTRIB,23,CREACION,VARCHAR2,44,,,Y
SYSTEM,VW_VEN_PERSONA_CONTRIB,24,MODIFICACION,VARCHAR2,44,,,Y
SYSTEM,VW_VEN_PRESUPUESTOVENTA,1,PKID,UNDEFINED,0,,,Y
SYSTEM,VW_VEN_PRESUPUESTOVENTA,2,ANIO,UNDEFINED,0,,,Y
SYSTEM,VW_VEN_PRESUPUESTOVENTA,3,FKARTICULOCOMPANIA,UNDEFINED,0,,,Y
SYSTEM,VW_VEN_PRESUPUESTOVENTA,4,FKCLASEARTICULO,UNDEFINED,0,,,Y
SYSTEM,VW_VEN_PRESUPUESTOVENTA,5,FKGRUPOARTICULO,UNDEFINED,0,,,Y
SYSTEM,VW_VEN_PRESUPUESTOVENTA,6,FKARTICULO,UNDEFINED,0,,,Y
SYSTEM,VW_VEN_PRESUPUESTOVENTA,7,NOMBREARTICULO,UNDEFINED,0,,,Y
SYSTEM,VW_VEN_PRESUPUESTOVENTA,8,IDARTICULO,UNDEFINED,0,,,Y
SYSTEM,VW_VEN_PRESUPUESTOVENTA,9,FKLINEACOMPANIA,UNDEFINED,0,,,Y
SYSTEM,VW_VEN_PRESUPUESTOVENTA,10,FKLINEA,UNDEFINED,0,,,Y
SYSTEM,VW_VEN_PRESUPUESTOVENTA,11,IDLINEA,UNDEFINED,0,,,Y
SYSTEM,VW_VEN_PRESUPUESTOVENTA,12,FKCLIENTECOMPANIA,UNDEFINED,0,,,Y
SYSTEM,VW_VEN_PRESUPUESTOVENTA,13,FKIDCLIENTE,UNDEFINED,0,,,Y
SYSTEM,VW_VEN_PRESUPUESTOVENTA,14,IDCLIENTE,UNDEFINED,0,,,Y
SYSTEM,VW_VEN_PRESUPUESTOVENTA,15,CEDULACLIENTE,UNDEFINED,0,,,Y
SYSTEM,VW_VEN_PRESUPUESTOVENTA,16,FKCODIGOVENDEDOR,UNDEFINED,0,,,Y
SYSTEM,VW_VEN_PRESUPUESTOVENTA,17,FKCOMPANIAVENDEDOR,UNDEFINED,0,,,Y
SYSTEM,VW_VEN_PRESUPUESTOVENTA,18,FKOFICINAVENDEDOR,UNDEFINED,0,,,Y
SYSTEM,VW_VEN_PRESUPUESTOVENTA,19,IDVENDEDOR,UNDEFINED,0,,,Y
SYSTEM,VW_VEN_PRESUPUESTOVENTA,20,CEDULAVENDEDOR,UNDEFINED,0,,,Y
SYSTEM,VW_VEN_PRESUPUESTOVENTA,21,IDOFICINA,UNDEFINED,0,,,Y
SYSTEM,VW_VEN_PRESUPUESTOVENTA,22,OFICINA,UNDEFINED,0,,,Y
SYSTEM,VW_VEN_PRESUPUESTOVENTA,23,FECHAINICIO,UNDEFINED,0,,,Y
SYSTEM,VW_VEN_PRESUPUESTOVENTA,24,FECHAINICIOCOMPLETA,UNDEFINED,0,,,Y
SYSTEM,VW_VEN_PRESUPUESTOVENTA,25,FECHAFIN,UNDEFINED,0,,,Y
SYSTEM,VW_VEN_PRESUPUESTOVENTA,26,FECHAFINCOMPLETA,UNDEFINED,0,,,Y
SYSTEM,VW_VEN_PRESUPUESTOVENTA,27,DESCRIPCION,UNDEFINED,0,,,Y
SYSTEM,VW_VEN_PRESUPUESTOVENTA,28,MES01,UNDEFINED,0,,,Y
SYSTEM,VW_VEN_PRESUPUESTOVENTA,29,MES01R,UNDEFINED,0,,,Y
SYSTEM,VW_VEN_PRESUPUESTOVENTA,30,MES01S,UNDEFINED,0,,,Y
SYSTEM,VW_VEN_PRESUPUESTOVENTA,31,MES02,UNDEFINED,0,,,Y
SYSTEM,VW_VEN_PRESUPUESTOVENTA,32,MES02R,UNDEFINED,0,,,Y
SYSTEM,VW_VEN_PRESUPUESTOVENTA,33,MES02S,UNDEFINED,0,,,Y
SYSTEM,VW_VEN_PRESUPUESTOVENTA,34,MES03,UNDEFINED,0,,,Y
SYSTEM,VW_VEN_PRESUPUESTOVENTA,35,MES03R,UNDEFINED,0,,,Y
SYSTEM,VW_VEN_PRESUPUESTOVENTA,36,MES03S,UNDEFINED,0,,,Y
SYSTEM,VW_VEN_PRESUPUESTOVENTA,37,MES04,UNDEFINED,0,,,Y
SYSTEM,VW_VEN_PRESUPUESTOVENTA,38,MES04R,UNDEFINED,0,,,Y
SYSTEM,VW_VEN_PRESUPUESTOVENTA,39,MES04S,UNDEFINED,0,,,Y
SYSTEM,VW_VEN_PRESUPUESTOVENTA,40,MES05,UNDEFINED,0,,,Y
SYSTEM,VW_VEN_PRESUPUESTOVENTA,41,MES05R,UNDEFINED,0,,,Y
SYSTEM,VW_VEN_PRESUPUESTOVENTA,42,MES05S,UNDEFINED,0,,,Y
SYSTEM,VW_VEN_PRESUPUESTOVENTA,43,MES06,UNDEFINED,0,,,Y
SYSTEM,VW_VEN_PRESUPUESTOVENTA,44,MES06R,UNDEFINED,0,,,Y
SYSTEM,VW_VEN_PRESUPUESTOVENTA,45,MES06S,UNDEFINED,0,,,Y
SYSTEM,VW_VEN_PRESUPUESTOVENTA,46,MES07,UNDEFINED,0,,,Y
SYSTEM,VW_VEN_PRESUPUESTOVENTA,47,MES07R,UNDEFINED,0,,,Y
SYSTEM,VW_VEN_PRESUPUESTOVENTA,48,MES07S,UNDEFINED,0,,,Y
SYSTEM,VW_VEN_PRESUPUESTOVENTA,49,MES08,UNDEFINED,0,,,Y
SYSTEM,VW_VEN_PRESUPUESTOVENTA,50,MES08R,UNDEFINED,0,,,Y
SYSTEM,VW_VEN_PRESUPUESTOVENTA,51,MES08S,UNDEFINED,0,,,Y
SYSTEM,VW_VEN_PRESUPUESTOVENTA,52,MES09,UNDEFINED,0,,,Y
SYSTEM,VW_VEN_PRESUPUESTOVENTA,53,MES09R,UNDEFINED,0,,,Y
SYSTEM,VW_VEN_PRESUPUESTOVENTA,54,MES09S,UNDEFINED,0,,,Y
SYSTEM,VW_VEN_PRESUPUESTOVENTA,55,MES10,UNDEFINED,0,,,Y
SYSTEM,VW_VEN_PRESUPUESTOVENTA,56,MES10R,UNDEFINED,0,,,Y
SYSTEM,VW_VEN_PRESUPUESTOVENTA,57,MES10S,UNDEFINED,0,,,Y
SYSTEM,VW_VEN_PRESUPUESTOVENTA,58,MES11,UNDEFINED,0,,,Y
SYSTEM,VW_VEN_PRESUPUESTOVENTA,59,MES11R,UNDEFINED,0,,,Y
SYSTEM,VW_VEN_PRESUPUESTOVENTA,60,MES11S,UNDEFINED,0,,,Y
SYSTEM,VW_VEN_PRESUPUESTOVENTA,61,MES12,UNDEFINED,0,,,Y
SYSTEM,VW_VEN_PRESUPUESTOVENTA,62,MES12R,UNDEFINED,0,,,Y
SYSTEM,VW_VEN_PRESUPUESTOVENTA,63,MES12S,UNDEFINED,0,,,Y
SYSTEM,VW_VEN_PRESUPUESTOVENTA,64,SALD08,UNDEFINED,0,,,Y
SYSTEM,VW_VEN_PRESUPUESTOVENTA,65,PRECIONETO,UNDEFINED,0,,,Y
SYSTEM,VW_VEN_PRESUPUESTOVENTA,66,DESCUENTO,UNDEFINED,0,,,Y
SYSTEM,VW_VEN_PRESUPUESTOVENTA,67,CREACION,UNDEFINED,0,,,Y
SYSTEM,VW_VEN_PRESUPUESTOVENTA,68,MODIFICACION,UNDEFINED,0,,,Y
SYSTEM,VW_VEN_RUTEROVISITA,1,PKID,UNDEFINED,0,,,Y
SYSTEM,VW_VEN_RUTEROVISITA,2,DIAVISITA,UNDEFINED,0,,,Y
SYSTEM,VW_VEN_RUTEROVISITA,3,OBSERVACION,UNDEFINED,0,,,Y
SYSTEM,VW_VEN_RUTEROVISITA,4,INICIAL,UNDEFINED,0,,,Y
SYSTEM,VW_VEN_RUTEROVISITA,5,VENDEDORCOMPANIA,UNDEFINED,0,,,Y
SYSTEM,VW_VEN_RUTEROVISITA,6,CODIGOVENDEDOR,UNDEFINED,0,,,Y
SYSTEM,VW_VEN_RUTEROVISITA,7,FKOFICINA,UNDEFINED,0,,,Y
SYSTEM,VW_VEN_RUTEROVISITA,8,OFICINA,UNDEFINED,0,,,Y
SYSTEM,VW_VEN_RUTEROVISITA,9,IDVENDEDOR,UNDEFINED,0,,,Y
SYSTEM,VW_VEN_RUTEROVISITA,10,FKCOMPANIA,UNDEFINED,0,,,Y
SYSTEM,VW_VEN_RUTEROVISITA,11,FKCLIENTE,UNDEFINED,0,,,Y
SYSTEM,VW_VEN_RUTEROVISITA,12,IDCLIENTE,UNDEFINED,0,,,Y
SYSTEM,VW_VEN_RUTEROVISITA,13,CEDULACLIENTE,UNDEFINED,0,,,Y
SYSTEM,VW_VEN_RUTEROVISITA,14,CAVI,UNDEFINED,0,,,Y
SYSTEM,VW_VEN_RUTEROVISITA,15,INICIOVISITA,UNDEFINED,0,,,Y
SYSTEM,VW_VEN_RUTEROVISITA,16,FINVISITA,UNDEFINED,0,,,Y
SYSTEM,VW_VEN_RUTEROVISITA,17,CREACION,UNDEFINED,0,,,Y
SYSTEM,VW_VEN_RUTEROVISITA,18,MODIFICACION,UNDEFINED,0,,,Y
SYSTEM,VW_VENTAS,1,RAZONSOCIAL,UNDEFINED,0,,,Y
SYSTEM,VW_VENTAS,2,DIRECCIONM,UNDEFINED,0,,,Y
SYSTEM,VW_VENTAS,3,TELEFONOM,UNDEFINED,0,,,Y
SYSTEM,VW_VENTAS,4,CIUDADM,UNDEFINED,0,,,Y
SYSTEM,VW_VENTAS,5,RUC,UNDEFINED,0,,,Y
SYSTEM,VW_VENTAS,6,AMBIENTE,UNDEFINED,0,,,Y
SYSTEM,VW_VENTAS,7,NSERIE,UNDEFINED,0,,,Y
SYSTEM,VW_VENTAS,8,NDOCUMENTO,UNDEFINED,0,,,Y
SYSTEM,VW_VENTAS,9,TIPOEMISION,UNDEFINED,0,,,Y
SYSTEM,VW_VENTAS,10,NUMEAUTOSRI,UNDEFINED,0,,,Y
SYSTEM,VW_VENTAS,11,CLAVACCESRI,UNDEFINED,0,,,Y
SYSTEM,VW_VENTAS,12,FECHAUTOSRI,UNDEFINED,0,,,Y
SYSTEM,VW_VENTAS,13,DIRESTABLECIMIENTO,UNDEFINED,0,,,Y
SYSTEM,VW_VENTAS,14,CONTRIBUYENTEESPECIAL,UNDEFINED,0,,,Y
SYSTEM,VW_VENTAS,15,OBLIGADOCONTABILIDAD,UNDEFINED,0,,,Y
SYSTEM,VW_VENTAS,16,CLIENTE,UNDEFINED,0,,,Y
SYSTEM,VW_VENTAS,17,DIRECCION,UNDEFINED,0,,,Y
SYSTEM,VW_VENTAS,18,CIUDAD,UNDEFINED,0,,,Y
SYSTEM,VW_VENTAS,19,CEDURUC,UNDEFINED,0,,,Y
SYSTEM,VW_VENTAS,20,EMAIL,UNDEFINED,0,,,Y
SYSTEM,VW_VENTAS,21,NUMEFONO,UNDEFINED,0,,,Y
SYSTEM,VW_VENTAS,22,CODIGOCLI,UNDEFINED,0,,,Y
SYSTEM,VW_VENTAS,23,VNDR_CODIGO,UNDEFINED,0,,,Y
SYSTEM,VW_VENTAS,24,FECHA,UNDEFINED,0,,,Y
SYSTEM,VW_VENTAS,25,OBS,UNDEFINED,0,,,Y
SYSTEM,VW_VENTAS,26,FVENCIMIENTO,UNDEFINED,0,,,Y
SYSTEM,VW_VENTAS,27,CODIGOPRINCIPAL,UNDEFINED,0,,,Y
SYSTEM,VW_VENTAS,28,DESCRIPCION,UNDEFINED,0,,,Y
SYSTEM,VW_VENTAS,29,CANTIDAD,UNDEFINED,0,,,Y
SYSTEM,VW_VENTAS,30,PRECIOUNITARIO,UNDEFINED,0,,,Y
SYSTEM,VW_VENTAS,31,DESCUENTO,UNDEFINED,0,,,Y
SYSTEM,VW_VENTAS,32,PRECIOTOTALSINIMPUESTO,UNDEFINED,0,,,Y
SYSTEM,VW_VENTAS,33,ARTL_COMPANIA,UNDEFINED,0,,,Y
SYSTEM,VW_VENTAS,34,ARTL_CLASE,UNDEFINED,0,,,Y
SYSTEM,VW_VENTAS,35,ARTL_CODIGRUP,UNDEFINED,0,,,Y
SYSTEM,VW_VENTAS,36,ARTL_ARTICULO,UNDEFINED,0,,,Y
SYSTEM,VW_VENTAS,37,TDESCUENTO,UNDEFINED,0,,,Y
SYSTEM,VW_VENTAS,38,TBASEIVA,UNDEFINED,0,,,Y
SYSTEM,VW_VENTAS,39,TBASEIVA0,UNDEFINED,0,,,Y
SYSTEM,VW_VENTAS,40,TBASES,UNDEFINED,0,,,Y
SYSTEM,VW_VENTAS,41,TFLETE,UNDEFINED,0,,,Y
SYSTEM,VW_VENTAS,42,TIVA,UNDEFINED,0,,,Y
SYSTEM,VW_VENTAS,43,TTOTAL,UNDEFINED,0,,,Y
SYSTEM,VW_VENTAS,44,CLAVECOMPANIA,UNDEFINED,0,,,Y
SYSTEM,VW_VENTAS,45,CLAVEOFICINA,UNDEFINED,0,,,Y
SYSTEM,VW_VENTAS,46,CLAVESERIE,UNDEFINED,0,,,Y
SYSTEM,VW_VENTAS,47,CLAVENUMERO,UNDEFINED,0,,,Y
SYSTEM,VW_VENTAS,48,CLAVETIPOCOMP,UNDEFINED,0,,,Y
SYSTEM,VW_VENTAS_AFJ,1,RAZONSOCIAL,UNDEFINED,0,,,Y
SYSTEM,VW_VENTAS_AFJ,2,DIRECCIONM,UNDEFINED,0,,,Y
SYSTEM,VW_VENTAS_AFJ,3,TELEFONOM,UNDEFINED,0,,,Y
SYSTEM,VW_VENTAS_AFJ,4,CIUDADM,UNDEFINED,0,,,Y
SYSTEM,VW_VENTAS_AFJ,5,RUC,UNDEFINED,0,,,Y
SYSTEM,VW_VENTAS_AFJ,6,AMBIENTE,UNDEFINED,0,,,Y
SYSTEM,VW_VENTAS_AFJ,7,NSERIE,UNDEFINED,0,,,Y
SYSTEM,VW_VENTAS_AFJ,8,NDOCUMENTO,UNDEFINED,0,,,Y
SYSTEM,VW_VENTAS_AFJ,9,TIPOEMISION,UNDEFINED,0,,,Y
SYSTEM,VW_VENTAS_AFJ,10,NUMEAUTOSRI,UNDEFINED,0,,,Y
SYSTEM,VW_VENTAS_AFJ,11,CLAVACCESRI,UNDEFINED,0,,,Y
SYSTEM,VW_VENTAS_AFJ,12,FECHAUTOSRI,UNDEFINED,0,,,Y
SYSTEM,VW_VENTAS_AFJ,13,DIRESTABLECIMIENTO,UNDEFINED,0,,,Y
SYSTEM,VW_VENTAS_AFJ,14,CONTRIBUYENTEESPECIAL,UNDEFINED,0,,,Y
SYSTEM,VW_VENTAS_AFJ,15,OBLIGADOCONTABILIDAD,UNDEFINED,0,,,Y
SYSTEM,VW_VENTAS_AFJ,16,CLIENTE,UNDEFINED,0,,,Y
SYSTEM,VW_VENTAS_AFJ,17,DIRECCION,UNDEFINED,0,,,Y
SYSTEM,VW_VENTAS_AFJ,18,CIUDAD,UNDEFINED,0,,,Y
SYSTEM,VW_VENTAS_AFJ,19,CEDURUC,UNDEFINED,0,,,Y
SYSTEM,VW_VENTAS_AFJ,20,EMAIL,UNDEFINED,0,,,Y
SYSTEM,VW_VENTAS_AFJ,21,NUMEFONO,UNDEFINED,0,,,Y
SYSTEM,VW_VENTAS_AFJ,22,CODIGOCLI,UNDEFINED,0,,,Y
SYSTEM,VW_VENTAS_AFJ,23,VNDR_CODIGO,UNDEFINED,0,,,Y
SYSTEM,VW_VENTAS_AFJ,24,FECHA,UNDEFINED,0,,,Y
SYSTEM,VW_VENTAS_AFJ,25,OBS,UNDEFINED,0,,,Y
SYSTEM,VW_VENTAS_AFJ,26,FVENCIMIENTO,UNDEFINED,0,,,Y
SYSTEM,VW_VENTAS_AFJ,27,CODIGOPRINCIPAL,UNDEFINED,0,,,Y
SYSTEM,VW_VENTAS_AFJ,28,DESCRIPCION,UNDEFINED,0,,,Y
SYSTEM,VW_VENTAS_AFJ,29,CANTIDAD,UNDEFINED,0,,,Y
SYSTEM,VW_VENTAS_AFJ,30,PRECIOUNITARIO,UNDEFINED,0,,,Y
SYSTEM,VW_VENTAS_AFJ,31,DESCUENTO,UNDEFINED,0,,,Y
SYSTEM,VW_VENTAS_AFJ,32,PRECIOTOTALSINIMPUESTO,UNDEFINED,0,,,Y
SYSTEM,VW_VENTAS_AFJ,33,TDESCUENTO,UNDEFINED,0,,,Y
SYSTEM,VW_VENTAS_AFJ,34,TBASEIVA,UNDEFINED,0,,,Y
SYSTEM,VW_VENTAS_AFJ,35,TBASEIVA0,UNDEFINED,0,,,Y
SYSTEM,VW_VENTAS_AFJ,36,TBASES,UNDEFINED,0,,,Y
SYSTEM,VW_VENTAS_AFJ,37,TFLETE,UNDEFINED,0,,,Y
SYSTEM,VW_VENTAS_AFJ,38,TIVA,UNDEFINED,0,,,Y
SYSTEM,VW_VENTAS_AFJ,39,TTOTAL,UNDEFINED,0,,,Y
SYSTEM,VW_VENTAS_AFJ,40,CLAVECOMPANIA,UNDEFINED,0,,,Y
SYSTEM,VW_VENTAS_AFJ,41,CLAVEOFICINA,UNDEFINED,0,,,Y
SYSTEM,VW_VENTAS_AFJ,42,CLAVESERIE,UNDEFINED,0,,,Y
SYSTEM,VW_VENTAS_AFJ,43,CLAVENUMERO,UNDEFINED,0,,,Y
SYSTEM,VW_VENTAS_AFJ,44,CLAVETIPOCOMP,UNDEFINED,0,,,Y
SYSTEM,VW_VEN_VENDEDORCOBRADOR,1,CEDULA,UNDEFINED,0,,,Y
SYSTEM,VW_VEN_VENDEDORCOBRADOR,2,EMPLEADO,UNDEFINED,0,,,Y
SYSTEM,VW_VEN_VENDEDORCOBRADOR,3,NOMBREEMPLEADO,UNDEFINED,0,,,Y
SYSTEM,VW_VEN_VENDEDORCOBRADOR,4,PRINCIPAL,UNDEFINED,0,,,Y
SYSTEM,VW_VEN_VENDEDORCOBRADOR,5,PKCOMPANIA,UNDEFINED,0,,,Y
SYSTEM,VW_VEN_VENDEDORCOBRADOR,6,PKOFICINA,UNDEFINED,0,,,Y
SYSTEM,VW_VEN_VENDEDORCOBRADOR,7,IDOFICINA,UNDEFINED,0,,,Y
SYSTEM,VW_VEN_VENDEDORCOBRADOR,8,OFICINA,UNDEFINED,0,,,Y
SYSTEM,VW_VEN_VENDEDORCOBRADOR,9,PKCODIGO,UNDEFINED,0,,,Y
SYSTEM,VW_VEN_VENDEDORCOBRADOR,10,TIPOFUNCION,UNDEFINED,0,,,Y
SYSTEM,VW_VEN_VENDEDORCOBRADOR,11,FUNCION,UNDEFINED,0,,,Y
SYSTEM,VW_VEN_VENDEDORCOBRADOR,12,IDFUNCION,UNDEFINED,0,,,Y
SYSTEM,VW_VEN_VENDEDORCOBRADOR,13,ACTIVO,UNDEFINED,0,,,Y
SYSTEM,VW_VEN_VENDEDORCOBRADOR,14,FECHAINGRESO,UNDEFINED,0,,,Y
SYSTEM,VW_VEN_VENDEDORCOBRADOR,15,FECHAINGRESOCOMPLETA,UNDEFINED,0,,,Y
SYSTEM,VW_VEN_VENDEDORCOBRADOR,16,FECHASALIDA,UNDEFINED,0,,,Y
SYSTEM,VW_VEN_VENDEDORCOBRADOR,17,FECHASALIDACOMPLETA,UNDEFINED,0,,,Y
SYSTEM,VW_VEN_VENDEDORCOBRADOR,18,VALORCOMISION,UNDEFINED,0,,,Y
SYSTEM,VW_VEN_VENDEDORCOBRADOR,19,PRESUPUESTOCOBRO,UNDEFINED,0,,,Y
SYSTEM,VW_VEN_VENDEDORCOBRADOR,20,PRESUPUESTOVENTA,UNDEFINED,0,,,Y
SYSTEM,VW_VEN_VENDEDORCOBRADOR,21,VENDEDORPRINCIPAL,UNDEFINED,0,,,Y
SYSTEM,VW_VEN_VENDEDORCOBRADOR,22,CLAVE,UNDEFINED,0,,,Y
SYSTEM,VW_VEN_VENDEDORCOBRADOR,23,CREACION,UNDEFINED,0,,,Y
SYSTEM,VW_VEN_VENDEDORCOBRADOR,24,MODIFICACION,UNDEFINED,0,,,Y
SYSTEM,VW_VEN_VENTASPERDIDAS,1,PKVENTAPERDIDAID,UNDEFINED,0,,,Y
SYSTEM,VW_VEN_VENTASPERDIDAS,2,FKVENTANUMERO,UNDEFINED,0,,,Y
SYSTEM,VW_VEN_VENTASPERDIDAS,3,FKVENTATIPOCOMP,UNDEFINED,0,,,Y
SYSTEM,VW_VEN_VENTASPERDIDAS,4,TIPOCOMPROBANTE,UNDEFINED,0,,,Y
SYSTEM,VW_VEN_VENTASPERDIDAS,5,DESCRIPCIONCOMPROBANTE,UNDEFINED,0,,,Y
SYSTEM,VW_VEN_VENTASPERDIDAS,6,FKVENTAOFICINA,UNDEFINED,0,,,Y
SYSTEM,VW_VEN_VENTASPERDIDAS,7,FKVENTACOMPANIA,UNDEFINED,0,,,Y
SYSTEM,VW_VEN_VENTASPERDIDAS,8,FKVENTASERIE,UNDEFINED,0,,,Y
SYSTEM,VW_VEN_VENTASPERDIDAS,9,FKARTICULO,UNDEFINED,0,,,Y
SYSTEM,VW_VEN_VENTASPERDIDAS,10,FKARTICULOCLASE,UNDEFINED,0,,,Y
SYSTEM,VW_VEN_VENTASPERDIDAS,11,FKARTICULOCOMPANIA,UNDEFINED,0,,,Y
SYSTEM,VW_VEN_VENTASPERDIDAS,12,FKARTICULOGRUPO,UNDEFINED,0,,,Y
SYSTEM,VW_VEN_VENTASPERDIDAS,13,NOMBREARTICULO,UNDEFINED,0,,,Y
SYSTEM,VW_VEN_VENTASPERDIDAS,14,DESCRIPCION,UNDEFINED,0,,,Y
SYSTEM,VW_VEN_VENTASPERDIDAS,15,IDNUEVOARTICULO,UNDEFINED,0,,,Y
SYSTEM,VW_VEN_VENTASPERDIDAS,16,CANTIDAD,UNDEFINED,0,,,Y
SYSTEM,VW_VEN_VENTASPERDIDAS,17,FECHA,UNDEFINED,0,,,Y
SYSTEM,VW_VEN_VENTASPERDIDAS,18,FECHACOMPLETA,UNDEFINED,0,,,Y
SYSTEM,VW_VEN_VENTASPERDIDAS,19,FKOFICINA,UNDEFINED,0,,,Y
SYSTEM,VW_VEN_VENTASPERDIDAS,20,IDOFICINA,UNDEFINED,0,,,Y
SYSTEM,VW_VEN_VENTASPERDIDAS,21,OFICINA,UNDEFINED,0,,,Y
SYSTEM,VW_VEN_VENTASPERDIDAS,22,CREACION,UNDEFINED,0,,,Y
SYSTEM,VW_VEN_VENTASPERDIDAS,23,MODIFICACION,UNDEFINED,0,,,Y
SYSTEM,VW_VEN_VENTAS_R,1,COMPANIA,UNDEFINED,0,,,Y
SYSTEM,VW_VEN_VENTAS_R,2,ASTO_NUMEDIAR,UNDEFINED,0,,,Y
SYSTEM,VW_VEN_VENTAS_R,3,OFICINA,UNDEFINED,0,,,Y
SYSTEM,VW_VEN_VENTAS_R,4,IDCLASE,UNDEFINED,0,,,Y
SYSTEM,VW_VEN_VENTAS_R,5,CLASE,UNDEFINED,0,,,Y
SYSTEM,VW_VEN_VENTAS_R,6,FECHA,UNDEFINED,0,,,Y
SYSTEM,VW_VEN_VENTAS_R,7,FECHVCTO,UNDEFINED,0,,,Y
SYSTEM,VW_VEN_VENTAS_R,8,IDCLIENTE,UNDEFINED,0,,,Y
SYSTEM,VW_VEN_VENTAS_R,9,CEDULA,UNDEFINED,0,,,Y
SYSTEM,VW_VEN_VENTAS_R,10,CLIENTE,UNDEFINED,0,,,Y
SYSTEM,VW_VEN_VENTAS_R,11,INCN_TIPODOCU,UNDEFINED,0,,,Y
SYSTEM,VW_VEN_VENTAS_R,12,TPCM_TIPOCOMP,UNDEFINED,0,,,Y
SYSTEM,VW_VEN_VENTAS_R,13,SERIE,UNDEFINED,0,,,Y
SYSTEM,VW_VEN_VENTAS_R,14,NUMERO,UNDEFINED,0,,,Y
SYSTEM,VW_VEN_VENTAS_R,15,FACTURA,UNDEFINED,0,,,Y
SYSTEM,VW_VEN_VENTAS_R,16,ESTADO,UNDEFINED,0,,,Y
SYSTEM,VW_VEN_VENTAS_R,17,TOTAL_FAC,UNDEFINED,0,,,Y
SYSTEM,VW_VEN_VENTAS_R,18,VNDR_CODIGO,UNDEFINED,0,,,Y
SYSTEM,VW_VEN_VENTAS_R,19,GRPS_LSPR_ID,UNDEFINED,0,,,Y
SYSTEM,VW_VEN_VENTAS_R,20,VNDR_OFICINA,UNDEFINED,0,,,Y
SYSTEM,VW_VEN_VENTAS_R,21,VNDR_COMPANIA,UNDEFINED,0,,,Y
SYSTEM,VW_VEN_VENTAS_R,22,ZONA_CODIZONA,UNDEFINED,0,,,Y
SYSTEM,VW_VEN_VENTAS_R,23,FORMPAGO,UNDEFINED,0,,,Y
SYSTEM,VW_VEN_VENTAS_R,24,FLETE,UNDEFINED,0,,,Y
SYSTEM,VW_VEN_VENTAS_R,25,DESCUENTO,UNDEFINED,0,,,Y
SYSTEM,VW_VEN_VENTAS_R,26,BASE_IMP0_0,UNDEFINED,0,,,Y
SYSTEM,VW_VEN_VENTAS_R,27,BASE_IMP2_12,UNDEFINED,0,,,Y
SYSTEM,VW_VEN_VENTAS_R,28,BASE_IMP3_14,UNDEFINED,0,,,Y
SYSTEM,VW_VEN_VENTAS_R,29,BASE_IMP4_15,UNDEFINED,0,,,Y
SYSTEM,VW_VEN_VENTAS_R,30,BASE_IMP5_5,UNDEFINED,0,,,Y
SYSTEM,VW_VEN_VENTAS_R,31,BASE_IMP6_NOI,UNDEFINED,0,,,Y
SYSTEM,VW_VEN_VENTAS_R,32,BASE_IMP7_EXI,UNDEFINED,0,,,Y
SYSTEM,VW_VEN_VENTAS_R,33,BASE_IMP8_DIF,UNDEFINED,0,,,Y
SYSTEM,VW_VEN_VENTAS_R,34,BASE_IMP10_13,UNDEFINED,0,,,Y
SYSTEM,VW_VEN_VENTAS_R,35,IVA,UNDEFINED,0,,,Y
SYSTEM,VW_VEN_VENTAS_R,36,IVA_12,UNDEFINED,0,,,Y
SYSTEM,VW_VEN_VENTAS_R,37,IVA_14,UNDEFINED,0,,,Y
SYSTEM,VW_VEN_VENTAS_R,38,IVA_15,UNDEFINED,0,,,Y
SYSTEM,VW_VEN_VENTAS_R,39,IVA_5,UNDEFINED,0,,,Y
SYSTEM,VW_VEN_VENTAS_R,40,IVA_NOI,UNDEFINED,0,,,Y
SYSTEM,VW_VEN_VENTAS_R,41,IVA_EXI,UNDEFINED,0,,,Y
SYSTEM,VW_VEN_VENTAS_R,42,IVA_DIF,UNDEFINED,0,,,Y
SYSTEM,VW_VEN_VENTAS_R,43,IVA_13,UNDEFINED,0,,,Y
SYSTEM,VW_VEN_VENTAS_R,44,TOTAL,UNDEFINED,0,,,Y
SYSTEM,VW_VEN_ZONAS,1,PKID,UNDEFINED,0,,,Y
SYSTEM,VW_VEN_ZONAS,2,FKCANTON,UNDEFINED,0,,,Y
SYSTEM,VW_VEN_ZONAS,3,FKPROVINCIA,UNDEFINED,0,,,Y
SYSTEM,VW_VEN_ZONAS,4,CANTON,UNDEFINED,0,,,Y
SYSTEM,VW_VEN_ZONAS,5,PROVINCIA,UNDEFINED,0,,,Y
SYSTEM,VW_VEN_ZONAS,6,SECT_CODIGO,UNDEFINED,0,,,Y
SYSTEM,VW_VEN_ZONAS,7,SECTOR,UNDEFINED,0,,,Y
SYSTEM,VW_VEN_ZONAS,8,ZONA_CODIZONA,UNDEFINED,0,,,Y
SYSTEM,VW_VEN_ZONAS,9,ZONA,UNDEFINED,0,,,Y
SYSTEM,VW_VEN_ZONAS,10,VIGENTE,UNDEFINED,0,,,Y
SYSTEM,VW_VEN_ZONAS,11,LUGAR,UNDEFINED,0,,,Y
SYSTEM,VW_VEN_ZONAS,12,OBSERVACION,UNDEFINED,0,,,Y
SYSTEM,VW_VEN_ZONAS,13,FKCOMPANIA,UNDEFINED,0,,,Y
SYSTEM,VW_VEN_ZONAS,14,FKOFICINA,UNDEFINED,0,,,Y
SYSTEM,VW_VEN_ZONAS,15,NOMBREOFICINA,UNDEFINED,0,,,Y
SYSTEM,VW_VEN_ZONAS,16,CREACION,UNDEFINED,0,,,Y
SYSTEM,VW_VEN_ZONAS,17,MODIFICACION,UNDEFINED,0,,,Y
