CHILD_OWNER,CHILD_TABLE,FK_NAME,POSITION,CHILD_COLUMN,PARENT_OWNER,PARENT_TABLE,PARENT_COLUMN,DELETE_RULE,STATUS
SYSTEM,ADM_AUTORIZA,AUTO_ASTO_FK,1,ASTO_COMPANIA,SYSTEM,CNT_ASIENTO,CMPN_COMPANIA,NO ACTION,ENABLED
SYSTEM,ADM_AUTORIZA,AUTO_ASTO_FK,2,ASTO_NUMEDIAR,SYSTEM,CNT_ASIENTO,NUMEDIAR,NO ACTION,ENABLED
SYSTEM,ADM_AUTORIZA,AUTO_CPRE_FK,1,CPRE_COMPANIA,SYSTEM,ALM_CAMBPRES,OFCN_COMPANIA,NO ACTION,ENABLED
SYSTEM,ADM_AUTORIZA,AUTO_CPRE_FK,2,CPRE_OFICINA,SYSTEM,ALM_CAMBPRES,OFCN_OFICINA,NO ACTION,ENABLED
SYSTEM,ADM_AUTORIZA,AUTO_CPRE_FK,3,CPRE_NUMERO,SYSTEM,ALM_CAMBPRES,NUMERO,NO ACTION,ENABLED
SYSTEM,ADM_AUTORIZA,AUTO_CRED_FK,1,CRED_CRED_ID,SYSTEM,RHH_CREDITOS,CRED_ID,NO ACTION,ENABLED
SYSTEM,ADM_AUTORIZA,AUTO_EGEN_FK,1,EGEN_ESTADO,SYSTEM,GEN_ESTADOS,ESTADO,NO ACTION,ENABLED
SYSTEM,ADM_AUTORIZA,AUTO_ENSA_FK,1,ENSA_COMPANIA,SYSTEM,ALM_ENTRASALI,OFCN_COMPANIA,NO ACTION,ENABLED
SYSTEM,ADM_AUTORIZA,AUTO_ENSA_FK,2,ENSA_OFICINA,SYSTEM,ALM_ENTRASALI,OFCN_OFICINA,NO ACTION,ENABLED
SYSTEM,ADM_AUTORIZA,AUTO_ENSA_FK,3,ENSA_TIPODOCU,SYSTEM,ALM_ENTRASALI,TPDC_TIPODOCU,NO ACTION,ENABLED
SYSTEM,ADM_AUTORIZA,AUTO_ENSA_FK,4,ENSA_NUMERO,SYSTEM,ALM_ENTRASALI,NUMERO,NO ACTION,ENABLED
SYSTEM,ADM_AUTORIZA,AUTO_GPCM_FK,1,GPCM_CODIGRUP,SYSTEM,PRT_GRUPOSCOM,CODIGRUP,NO ACTION,ENABLED
SYSTEM,ADM_AUTORIZA,AUTO_MEMO_FK,1,MEMO_MEMO_ID,SYSTEM,AFJ_MEMORAND,MEMO_ID,NO ACTION,ENABLED
SYSTEM,ADM_AUTORIZA,AUTO_NCCL_FK,1,NCCL_COMPANIA,SYSTEM,VEN_NOTACRED,OFCN_COMPANIA,NO ACTION,ENABLED
SYSTEM,ADM_AUTORIZA,AUTO_NCCL_FK,2,NCCL_OFICINA,SYSTEM,VEN_NOTACRED,OFCN_OFICINA,NO ACTION,ENABLED
SYSTEM,ADM_AUTORIZA,AUTO_NCCL_FK,3,NCCL_SERIE,SYSTEM,VEN_NOTACRED,SERIE,NO ACTION,ENABLED
SYSTEM,ADM_AUTORIZA,AUTO_NCCL_FK,4,NCCL_NUMERO,SYSTEM,VEN_NOTACRED,NUMERO,NO ACTION,ENABLED
SYSTEM,ADM_AUTORIZA,AUTO_OPRD_FK,1,OPRD_NUMERO,SYSTEM,CST_ORDEPROD,NUMERO,NO ACTION,ENABLED
SYSTEM,ADM_AUTORIZA,AUTO_OPRD_FK,2,OPRD_COMPANIA,SYSTEM,CST_ORDEPROD,OFCN_COMPANIA,NO ACTION,ENABLED
SYSTEM,ADM_AUTORIZA,AUTO_OPRD_FK,3,OPRD_OFICINA,SYSTEM,CST_ORDEPROD,OFCN_OFICINA,NO ACTION,ENABLED
SYSTEM,ADM_AUTORIZA,AUTO_PRFM_FK,1,PRFM_PRFM_ID,SYSTEM,VEN_PROFORMA,PRFM_ID,NO ACTION,ENABLED
SYSTEM,ADM_AUTORIZA,AUTO_PRTM_FK,1,PRTM_COMPANIA,SYSTEM,PRT_PRESTAMOS,OFCN_COMPANIA,NO ACTION,ENABLED
SYSTEM,ADM_AUTORIZA,AUTO_PRTM_FK,2,PRTM_OFICINA,SYSTEM,PRT_PRESTAMOS,OFCN_OFICINA,NO ACTION,ENABLED
SYSTEM,ADM_AUTORIZA,AUTO_PRTM_FK,3,PRTM_TIPODOCU,SYSTEM,PRT_PRESTAMOS,TPDC_TIPODOCU,NO ACTION,ENABLED
SYSTEM,ADM_AUTORIZA,AUTO_PRTM_FK,4,PRTM_NUMERO,SYSTEM,PRT_PRESTAMOS,NUMERO,NO ACTION,ENABLED
SYSTEM,ADM_AUTORIZA,AUTO_PSLG_FK,1,PSLG_NUMERO,SYSTEM,PRT_SOLIGRUP,NUMERO,NO ACTION,ENABLED
SYSTEM,ADM_AUTORIZA,AUTO_REQU_FK,1,REQU_NUMERO,SYSTEM,ALM_REQUERIM,NUMERO,NO ACTION,ENABLED
SYSTEM,ADM_AUTORIZA,AUTO_REQU_FK,2,REQU_COMPANIA,SYSTEM,ALM_REQUERIM,OFCN_COMPANIA,NO ACTION,ENABLED
SYSTEM,ADM_AUTORIZA,AUTO_REQU_FK,3,REQU_OFICINA,SYSTEM,ALM_REQUERIM,OFCN_OFICINA,NO ACTION,ENABLED
SYSTEM,ADM_AUTORIZA,AUTO_REQU_FK,4,REQU_TIPODOCU,SYSTEM,ALM_REQUERIM,TPDC_TIPODOCU,NO ACTION,ENABLED
SYSTEM,ADM_AUTORIZA,AUTO_SAPE_FK,1,SAPE_ID,SYSTEM,RHH_SALIDPERS,SAPE_ID,NO ACTION,ENABLED
SYSTEM,ADM_AUTORIZA,AUTO_VNTA_FK,1,VNTA_COMPANIA,SYSTEM,VEN_VENTAS,OFCN_COMPANIA,NO ACTION,ENABLED
SYSTEM,ADM_AUTORIZA,AUTO_VNTA_FK,2,VNTA_OFICINA,SYSTEM,VEN_VENTAS,OFCN_OFICINA,NO ACTION,ENABLED
SYSTEM,ADM_AUTORIZA,AUTO_VNTA_FK,3,VNTA_SERIE,SYSTEM,VEN_VENTAS,SERIE,NO ACTION,ENABLED
SYSTEM,ADM_AUTORIZA,AUTO_VNTA_FK,4,VNTA_NUMERO,SYSTEM,VEN_VENTAS,NUMERO,NO ACTION,ENABLED
SYSTEM,ADM_AUTORIZA,AUTO_VNTA_FK,5,VNTA_TIPOCOMP,SYSTEM,VEN_VENTAS,TPCM_TIPOCOMP,NO ACTION,ENABLED
SYSTEM,ADM_DETAUTOR,DTAU_AUTO_FK,1,AUTO_AUTO_ID,SYSTEM,ADM_AUTORIZA,AUTO_ID,NO ACTION,ENABLED
SYSTEM,AFJ_ACTICENT,ACCE_CCST_FK,1,CCST_COMPANIA,SYSTEM,GEN_CENTCOST,OFCN_COMPANIA,NO ACTION,ENABLED
SYSTEM,AFJ_ACTICENT,ACCE_CCST_FK,2,CCST_OFICINA,SYSTEM,GEN_CENTCOST,OFCN_OFICINA,NO ACTION,ENABLED
SYSTEM,AFJ_ACTICENT,ACCE_CCST_FK,3,CCST_CODIGO,SYSTEM,GEN_CENTCOST,CODIGO,NO ACTION,ENABLED
SYSTEM,AFJ_AFDETMOV,AFDM_AFRQ_FK,1,AFRQ_NUMERO,SYSTEM,AFJ_AFREQUIS,NUMERO,NO ACTION,ENABLED
SYSTEM,AFJ_AFDETMOV,AFDM_AFRQ_FK,2,AFRQ_ENTRSALE,SYSTEM,AFJ_AFREQUIS,ENTRSALE,NO ACTION,ENABLED
SYSTEM,AFJ_AFDETMOV,AFDM_INRN_FK,1,INRN_ID,SYSTEM,INF_RESPNODO,INRN_ID,NO ACTION,ENABLED
SYSTEM,AFJ_AFDETMOV,AFDM_MEMO_FK,1,MEMO_ID,SYSTEM,AFJ_MEMORAND,MEMO_ID,NO ACTION,ENABLED
SYSTEM,AFJ_AFDETMOV,AFDM_RCDP_FK,1,RCDP_COMPANIA,SYSTEM,CLI_RCCLDAPE,CLTE_COMPANIA,NO ACTION,ENABLED
SYSTEM,AFJ_AFDETMOV,AFDM_RCDP_FK,2,RCDP_IDCLIENTE,SYSTEM,CLI_RCCLDAPE,CLTE_IDCLIENTE,NO ACTION,ENABLED
SYSTEM,AFJ_AFDETMOV,AFDM_RCDP_FK,3,RCDP_IDRESCLI,SYSTEM,CLI_RCCLDAPE,IDRESCLI,NO ACTION,ENABLED
SYSTEM,AFJ_AFDETMOV,AFDM_STCT_FK,1,STCT_ID,SYSTEM,SRV_STCOTRRE,ID,NO ACTION,ENABLED
SYSTEM,AFJ_AFDETMOV,AFDM_UMED_FK,1,UMED_UNIDMEDI,SYSTEM,ALM_UNIDMEDI,UNIDMEDI,NO ACTION,ENABLED
SYSTEM,AFJ_AFGRUPOS,AFGR_AFGR_FK,1,AFGR_AFJGRUPO,SYSTEM,AFJ_AFGRUPOS,AFJGRUPO,NO ACTION,ENABLED
SYSTEM,AFJ_AFGRUPOS,AFGR_CAFJ_FK,1,CAFJ_CLASE,SYSTEM,AFJ_CLASACTI,CLASE,NO ACTION,ENABLED
SYSTEM,AFJ_AFGRUPOS,AFGR_CAFJ_FK,2,CAFJ_COMPANIA,SYSTEM,AFJ_CLASACTI,CMPN_COMPANIA,NO ACTION,ENABLED
SYSTEM,AFJ_AFREQUIS,AFRQ_AFRQ_FK,1,AFRQ_NUMERO,SYSTEM,AFJ_AFREQUIS,NUMERO,NO ACTION,ENABLED
SYSTEM,AFJ_AFREQUIS,AFRQ_AFRQ_FK,2,AFRQ_ENTRSALE,SYSTEM,AFJ_AFREQUIS,ENTRSALE,NO ACTION,ENABLED
SYSTEM,AFJ_AFREQUIS,AFRQ_EGEN_FK,1,EGEN_ESTADO,SYSTEM,GEN_ESTADOS,ESTADO,NO ACTION,ENABLED
SYSTEM,AFJ_AFREQUIS,AFRQ_GMES_FK,1,GMES_ID,SYSTEM,GEN_MOTIENSA,ID,NO ACTION,ENABLED
SYSTEM,AFJ_AMORTIZA,AMRT_ACBI_FK,1,ACBI_CODIGO,SYSTEM,AFJ_BIOLOGICO,CODIGO,NO ACTION,ENABLED
SYSTEM,AFJ_AMORTIZA,AMRT_ASTO_FK,1,ASTO_COMPANIA,SYSTEM,CNT_ASIENTO,CMPN_COMPANIA,NO ACTION,ENABLED
SYSTEM,AFJ_AMORTIZA,AMRT_ASTO_FK,2,ASTO_NUMEDIAR,SYSTEM,CNT_ASIENTO,NUMEDIAR,NO ACTION,ENABLED
SYSTEM,AFJ_AMORTIZA,AMRT_EGEN_FK,1,EGEN_ESTADO,SYSTEM,GEN_ESTADOS,ESTADO,NO ACTION,ENABLED
SYSTEM,AFJ_BIOLOGICO,ACBI_CAFJ_FK,1,CAFJ_CLASE,SYSTEM,AFJ_CLASACTI,CLASE,NO ACTION,ENABLED
SYSTEM,AFJ_BIOLOGICO,ACBI_CAFJ_FK,2,CAFJ_COMPANIA,SYSTEM,AFJ_CLASACTI,CMPN_COMPANIA,NO ACTION,ENABLED
SYSTEM,AFJ_BIOLOGICO,ACBI_DTCC_FK,1,DTCC_DTCC_ID,SYSTEM,CST_DETCENCS,DTCC_ID,NO ACTION,ENABLED
SYSTEM,AFJ_BIOLOGICO,ACBI_DTMV_FK,1,DTMV_DTMV_ID,SYSTEM,ALM_DETAMOVI,DTMV_ID,NO ACTION,ENABLED
SYSTEM,AFJ_BIOLOGICO,ACBI_VARP_FK,1,VARP_VARP_ID,SYSTEM,CST_VARIPROD,VARP_ID,NO ACTION,ENABLED
SYSTEM,AFJ_DEPRECIA,DPRC_ASTO_FK,1,ASTO_COMPANIA,SYSTEM,CNT_ASIENTO,CMPN_COMPANIA,NO ACTION,ENABLED
SYSTEM,AFJ_DEPRECIA,DPRC_ASTO_FK,2,ASTO_NUMEDIAR,SYSTEM,CNT_ASIENTO,NUMEDIAR,NO ACTION,ENABLED
SYSTEM,AFJ_DEPRECIA,DPRC_EGEN_FK,1,EGEN_ESTADO,SYSTEM,GEN_ESTADOS,ESTADO,NO ACTION,ENABLED
SYSTEM,AFJ_DETALLE,DAC1_ASTO_FK,1,ASTO_COMPANIA,SYSTEM,CNT_ASIENTO,CMPN_COMPANIA,NO ACTION,ENABLED
SYSTEM,AFJ_DETALLE,DAC1_ASTO_FK,2,ASTO_NUMEDIAR,SYSTEM,CNT_ASIENTO,NUMEDIAR,NO ACTION,ENABLED
SYSTEM,AFJ_DETALLE,DAC1_MEMO_FK,1,MEMO_MEMO_ID,SYSTEM,AFJ_MEMORAND,MEMO_ID,NO ACTION,ENABLED
SYSTEM,AFJ_GRUPACTI,GAFJ_CAFJ_FK,1,CAFJ_CLASE,SYSTEM,AFJ_CLASACTI,CLASE,NO ACTION,ENABLED
SYSTEM,AFJ_GRUPACTI,GAFJ_CAFJ_FK,2,CAFJ_COMPANIA,SYSTEM,AFJ_CLASACTI,CMPN_COMPANIA,NO ACTION,ENABLED
SYSTEM,AFJ_LEASING,LEAS_ASTO_FK,1,ASTO_COMPANIA,SYSTEM,CNT_ASIENTO,CMPN_COMPANIA,NO ACTION,ENABLED
SYSTEM,AFJ_LEASING,LEAS_ASTO_FK,2,ASTO_NUMEDIAR,SYSTEM,CNT_ASIENTO,NUMEDIAR,NO ACTION,ENABLED
SYSTEM,AFJ_LEASING,LEAS_EGEN_FK,1,EGEN_ESTADO,SYSTEM,GEN_ESTADOS,ESTADO,NO ACTION,ENABLED
SYSTEM,AFJ_MEMORAND,MEMO_DEPT_FK_D,1,DEPT_COMPDEST,SYSTEM,RHH_DEPARTAM,OFCN_COMPANIA,NO ACTION,ENABLED
SYSTEM,AFJ_MEMORAND,MEMO_DEPT_FK_D,2,DEPT_OFICDEST,SYSTEM,RHH_DEPARTAM,OFCN_OFICINA,NO ACTION,ENABLED
SYSTEM,AFJ_MEMORAND,MEMO_DEPT_FK_D,3,DEPT_DEPADEST,SYSTEM,RHH_DEPARTAM,CODIDEPA,NO ACTION,ENABLED
SYSTEM,AFJ_MEMORAND,MEMO_DEPT_FK_O,1,DEPT_COMPORIG,SYSTEM,RHH_DEPARTAM,OFCN_COMPANIA,NO ACTION,ENABLED
SYSTEM,AFJ_MEMORAND,MEMO_DEPT_FK_O,2,DEPT_OFICORIG,SYSTEM,RHH_DEPARTAM,OFCN_OFICINA,NO ACTION,ENABLED
SYSTEM,AFJ_MEMORAND,MEMO_DEPT_FK_O,3,DEPT_DEPAORIG,SYSTEM,RHH_DEPARTAM,CODIDEPA,NO ACTION,ENABLED
SYSTEM,AFJ_MEMORAND,MEMO_EGEN_FK,1,EGEN_ESTADO,SYSTEM,GEN_ESTADOS,ESTADO,NO ACTION,ENABLED
SYSTEM,AFJ_MEMORAND,MEMO_TRS_FK,1,TRS_TIPO,SYSTEM,AFJ_TIPOTRAN,TIPO,NO ACTION,ENABLED
SYSTEM,ALM_CAMBPRES,CPRE_ASTO_FK,1,ASTO_COMPANIA,SYSTEM,CNT_ASIENTO,CMPN_COMPANIA,NO ACTION,ENABLED
SYSTEM,ALM_CAMBPRES,CPRE_ASTO_FK,2,ASTO_NUMEDIAR,SYSTEM,CNT_ASIENTO,NUMEDIAR,NO ACTION,ENABLED
SYSTEM,ALM_CAMBPRES,CPRE_EGEN_FK,1,EGEN_ESTADO,SYSTEM,GEN_ESTADOS,ESTADO,NO ACTION,ENABLED
SYSTEM,ALM_CAMBPRES,CPRE_LTPR_FK,1,LTPR_CODIGO,SYSTEM,CST_LOTEPRO,CODIGO,NO ACTION,ENABLED
SYSTEM,ALM_CATEARTI,ARCT_LICP_FK,1,LICP_CODIGO,SYSTEM,ALM_LINECOMP,CODIGO,NO ACTION,ENABLED
SYSTEM,ALM_CATEARTI,ARCT_ROTA_FK,1,ROTA_TIPO,SYSTEM,ALM_ROTACION,TIPO,NO ACTION,ENABLED
SYSTEM,ALM_CLASINVE,CINV_CINV_FK,1,CINV_COMPANIA,SYSTEM,ALM_CLASINVE,CMPN_COMPANIA,NO ACTION,ENABLED
SYSTEM,ALM_CLASINVE,CINV_CINV_FK,2,CINV_CLASE,SYSTEM,ALM_CLASINVE,CLASE,NO ACTION,ENABLED
SYSTEM,ALM_CODIBARR,CDBR_LOTE_FK,1,LOTE_COMPANIA,SYSTEM,ALM_LOTE,CMPN_COMPANIA,NO ACTION,ENABLED
SYSTEM,ALM_CODIBARR,CDBR_LOTE_FK,2,LOTE_NUMELOTE,SYSTEM,ALM_LOTE,NUMELOTE,NO ACTION,ENABLED
SYSTEM,ALM_CODIBARR,CDBR_LOTE_FK,3,LOTE_ALCANCE,SYSTEM,ALM_LOTE,ALCANCE,NO ACTION,ENABLED
SYSTEM,ALM_COMPONENTE,COMP_TCSI_FK,1,TCSI_COMPANIA,SYSTEM,GEN_TIPOCOSTO,CMPN_COMPANIA,NO ACTION,ENABLED
SYSTEM,ALM_COMPONENTE,COMP_TCSI_FK,2,TCSI_TIPOCOST,SYSTEM,GEN_TIPOCOSTO,TIPOCOST,NO ACTION,ENABLED
SYSTEM,ALM_COMPONENTE,COMP_UMED_FK,1,UMED_UNIDMEDI,SYSTEM,ALM_UNIDMEDI,UNIDMEDI,NO ACTION,ENABLED
SYSTEM,ALM_CONVERSI,CONV_CONV_FK,1,CONV_CONV_ID,SYSTEM,ALM_CONVERSI,CONV_ID,NO ACTION,ENABLED
SYSTEM,ALM_CONVERSI,CONV_UMED_FK,1,UMED_UNIDMEDI,SYSTEM,ALM_UNIDMEDI,UNIDMEDI,NO ACTION,ENABLED
SYSTEM,ALM_DECAMPRES,DCAM_CPRE_FK,1,CPRE_COMPANIA,SYSTEM,ALM_CAMBPRES,OFCN_COMPANIA,NO ACTION,ENABLED
SYSTEM,ALM_DECAMPRES,DCAM_CPRE_FK,2,CPRE_OFICINA,SYSTEM,ALM_CAMBPRES,OFCN_OFICINA,NO ACTION,ENABLED
SYSTEM,ALM_DECAMPRES,DCAM_CPRE_FK,3,CPRE_NUMERO,SYSTEM,ALM_CAMBPRES,NUMERO,NO ACTION,ENABLED
SYSTEM,ALM_DECAMPRES,DCAM_DCAM_FK,1,DCAM_DCAM_ID,SYSTEM,ALM_DECAMPRES,DCAM_ID,NO ACTION,ENABLED
SYSTEM,ALM_DECAMPRES,DCAM_RCTA_FK,1,RCTA_ID,SYSTEM,CST_RECETA,RCTA_ID,NO ACTION,ENABLED
SYSTEM,ALM_DEFICOST,ARDC_TCSI_FK,1,TCSI_COMPANIA,SYSTEM,GEN_TIPOCOSTO,CMPN_COMPANIA,NO ACTION,ENABLED
SYSTEM,ALM_DEFICOST,ARDC_TCSI_FK,2,TCSI_TIPOCOST,SYSTEM,GEN_TIPOCOSTO,TIPOCOST,NO ACTION,ENABLED
SYSTEM,ALM_DESPACHOS,DSPO_CDT_FK,1,CDT_CDT_ID,SYSTEM,CLI_CONDUCTR,CDT_ID,NO ACTION,ENABLED
SYSTEM,ALM_DESPACHOS,DSPO_EGEN_FK,1,EGEN_ESTADO,SYSTEM,GEN_ESTADOS,ESTADO,NO ACTION,ENABLED
SYSTEM,ALM_DESPACHOS,DSPO_VHCL_FK,1,VHCL_VHCL_ID,SYSTEM,CLI_VEHICULO,VHCL_ID,NO ACTION,ENABLED
SYSTEM,ALM_DETABASC,DTBA_PRFM_FK,1,PRFM_PRFM_ID,SYSTEM,VEN_PROFORMA,PRFM_ID,NO ACTION,ENABLED
SYSTEM,ALM_DETABASC,DTBA_UMED_FK,1,UMED_UNIDMEDI,SYSTEM,ALM_UNIDMEDI,UNIDMEDI,NO ACTION,ENABLED
SYSTEM,ALM_DETADESP,DTPS_DSPO_FK,1,DSPO_NUMERO,SYSTEM,ALM_DESPACHOS,NUMERO,NO ACTION,ENABLED
SYSTEM,ALM_DETADESP,DTPS_EGEN_FK,1,EGEN_ESTADO,SYSTEM,GEN_ESTADOS,ESTADO,NO ACTION,ENABLED
SYSTEM,ALM_DETALOTE,DTLT_DTMV_FK,1,DTMV_DTMV_ID,SYSTEM,ALM_DETAMOVI,DTMV_ID,CASCADE,ENABLED
SYSTEM,ALM_DETALOTE,DTLT_LOTE_FK,1,LOTE_COMPANIA,SYSTEM,ALM_LOTE,CMPN_COMPANIA,NO ACTION,ENABLED
SYSTEM,ALM_DETALOTE,DTLT_LOTE_FK,2,LOTE_NUMELOTE,SYSTEM,ALM_LOTE,NUMELOTE,NO ACTION,ENABLED
SYSTEM,ALM_DETALOTE,DTLT_LOTE_FK,3,LOTE_ALCANCE,SYSTEM,ALM_LOTE,ALCANCE,NO ACTION,ENABLED
SYSTEM,ALM_DETAMOVI,DTMV_DCAM_FK,1,DCAM_DCAM_ID,SYSTEM,ALM_DECAMPRES,DCAM_ID,NO ACTION,ENABLED
SYSTEM,ALM_DETAMOVI,DTMV_DREQ_FK,1,DREQ_DREQ_ID,SYSTEM,ALM_DETAREQU,DREQ_ID,NO ACTION,ENABLED
SYSTEM,ALM_DETAMOVI,DTMV_DTMV_FK,1,DTMV_DTMV_ID,SYSTEM,ALM_DETAMOVI,DTMV_ID,NO ACTION,ENABLED
SYSTEM,ALM_DETAMOVI,DTMV_ENSA_FK,1,ENSA_COMPANIA,SYSTEM,ALM_ENTRASALI,OFCN_COMPANIA,NO ACTION,ENABLED
SYSTEM,ALM_DETAMOVI,DTMV_ENSA_FK,2,ENSA_OFICINA,SYSTEM,ALM_ENTRASALI,OFCN_OFICINA,NO ACTION,ENABLED
SYSTEM,ALM_DETAMOVI,DTMV_ENSA_FK,3,ENSA_TIPODOCU,SYSTEM,ALM_ENTRASALI,TPDC_TIPODOCU,NO ACTION,ENABLED
SYSTEM,ALM_DETAMOVI,DTMV_ENSA_FK,4,ENSA_NUMERO,SYSTEM,ALM_ENTRASALI,NUMERO,NO ACTION,ENABLED
SYSTEM,ALM_DETAMOVI,DTMV_IMPT_FK,1,IMPT_COMPANIA,SYSTEM,IMP_IMPORTAC,OFCN_COMPANIA,NO ACTION,ENABLED
SYSTEM,ALM_DETAMOVI,DTMV_IMPT_FK,2,IMPT_OFICINA,SYSTEM,IMP_IMPORTAC,OFCN_OFICINA,NO ACTION,ENABLED
SYSTEM,ALM_DETAMOVI,DTMV_IMPT_FK,3,IMPT_NUMEIMPO,SYSTEM,IMP_IMPORTAC,NUMEIMPO,NO ACTION,ENABLED
SYSTEM,ALM_DETAMOVI,DTMV_NCCL_FK,1,NCCL_COMPANIA,SYSTEM,VEN_NOTACRED,OFCN_COMPANIA,NO ACTION,ENABLED
SYSTEM,ALM_DETAMOVI,DTMV_NCCL_FK,2,NCCL_OFICINA,SYSTEM,VEN_NOTACRED,OFCN_OFICINA,NO ACTION,ENABLED
SYSTEM,ALM_DETAMOVI,DTMV_NCCL_FK,3,NCCL_SERIE,SYSTEM,VEN_NOTACRED,SERIE,NO ACTION,ENABLED
SYSTEM,ALM_DETAMOVI,DTMV_NCCL_FK,4,NCCL_NUMERO,SYSTEM,VEN_NOTACRED,NUMERO,NO ACTION,ENABLED
SYSTEM,ALM_DETAMOVI,DTMV_NCPR_FK,1,NCPR_COMPANIA,SYSTEM,COM_NOTACREDI,PROV_COMPANIA,NO ACTION,ENABLED
SYSTEM,ALM_DETAMOVI,DTMV_NCPR_FK,2,NCPR_CEDURUC,SYSTEM,COM_NOTACREDI,PROV_CEDURUC,NO ACTION,ENABLED
SYSTEM,ALM_DETAMOVI,DTMV_NCPR_FK,3,NCPR_SERIE,SYSTEM,COM_NOTACREDI,SERIE,NO ACTION,ENABLED
SYSTEM,ALM_DETAMOVI,DTMV_NCPR_FK,4,NCPR_NUMERO,SYSTEM,COM_NOTACREDI,NUMERO,NO ACTION,ENABLED
SYSTEM,ALM_DETAMOVI,DTMV_NCPR_FK,5,NCPR_ALCANCE,SYSTEM,COM_NOTACREDI,ALCANCE,NO ACTION,ENABLED
SYSTEM,ALM_DETAMOVI,DTMV_RCTA_FK,1,RCTA_RCTA_ID,SYSTEM,CST_RECETA,RCTA_ID,NO ACTION,ENABLED
SYSTEM,ALM_DETAMOVI,DTMV_SECC_FK,1,SECC_COMPANIA,SYSTEM,ALM_SECCFISC,BDGA_COMPANIA,NO ACTION,ENABLED
SYSTEM,ALM_DETAMOVI,DTMV_SECC_FK,2,SECC_OFICINA,SYSTEM,ALM_SECCFISC,BDGA_OFICINA,NO ACTION,ENABLED
SYSTEM,ALM_DETAMOVI,DTMV_SECC_FK,3,SECC_CODIBODE,SYSTEM,ALM_SECCFISC,BDGA_CODIBODE,NO ACTION,ENABLED
SYSTEM,ALM_DETAMOVI,DTMV_SECC_FK,4,SECC_CODISECC,SYSTEM,ALM_SECCFISC,CODISECC,NO ACTION,ENABLED
SYSTEM,ALM_DETAMOVI,DTMV_UMED_FK,1,UMED_UNIDMEDI,SYSTEM,ALM_UNIDMEDI,UNIDMEDI,NO ACTION,ENABLED
SYSTEM,ALM_DETAMOVI,DTMV_UMED_FK2,1,UMED_UNIDMEDI_CAJA,SYSTEM,ALM_UNIDMEDI,UNIDMEDI,NO ACTION,ENABLED
SYSTEM,ALM_DETAMOVI,DTMV_VNTA_FK,1,VNTA_COMPANIA,SYSTEM,VEN_VENTAS,OFCN_COMPANIA,NO ACTION,ENABLED
SYSTEM,ALM_DETAMOVI,DTMV_VNTA_FK,2,VNTA_OFICINA,SYSTEM,VEN_VENTAS,OFCN_OFICINA,NO ACTION,ENABLED
SYSTEM,ALM_DETAMOVI,DTMV_VNTA_FK,3,VNTA_SERIE,SYSTEM,VEN_VENTAS,SERIE,NO ACTION,ENABLED
SYSTEM,ALM_DETAMOVI,DTMV_VNTA_FK,4,VNTA_NUMERO,SYSTEM,VEN_VENTAS,NUMERO,NO ACTION,ENABLED
SYSTEM,ALM_DETAMOVI,DTMV_VNTA_FK,5,VNTA_TIPOCOMP,SYSTEM,VEN_VENTAS,TPCM_TIPOCOMP,NO ACTION,ENABLED
SYSTEM,ALM_DETAPLAN,DTPL_PLIM_FK,1,PLIM_CODIGO,SYSTEM,ALM_PLANIMPR,CODIGO,NO ACTION,ENABLED
SYSTEM,ALM_DETAPROY,DPRO_PRPD_FK,1,PRPD_PRPD_ID,SYSTEM,ALM_PROYPROD,PRPD_ID,NO ACTION,ENABLED
SYSTEM,ALM_DETAREQU,DREQ_REQU_FK,1,REQU_NUMERO,SYSTEM,ALM_REQUERIM,NUMERO,NO ACTION,ENABLED
SYSTEM,ALM_DETAREQU,DREQ_REQU_FK,2,REQU_COMPANIA,SYSTEM,ALM_REQUERIM,OFCN_COMPANIA,NO ACTION,ENABLED
SYSTEM,ALM_DETAREQU,DREQ_REQU_FK,3,REQU_OFICINA,SYSTEM,ALM_REQUERIM,OFCN_OFICINA,NO ACTION,ENABLED
SYSTEM,ALM_DETAREQU,DREQ_REQU_FK,4,REQU_TIPODOCU,SYSTEM,ALM_REQUERIM,TPDC_TIPODOCU,NO ACTION,ENABLED
SYSTEM,ALM_DETAREQU,DREQ_SECC_FK,1,SECC_COMPANIA,SYSTEM,ALM_SECCFISC,BDGA_COMPANIA,NO ACTION,ENABLED
SYSTEM,ALM_DETAREQU,DREQ_SECC_FK,2,SECC_OFICINA,SYSTEM,ALM_SECCFISC,BDGA_OFICINA,NO ACTION,ENABLED
SYSTEM,ALM_DETAREQU,DREQ_SECC_FK,3,SECC_CODIBODE,SYSTEM,ALM_SECCFISC,BDGA_CODIBODE,NO ACTION,ENABLED
SYSTEM,ALM_DETAREQU,DREQ_SECC_FK,4,SECC_CODISECC,SYSTEM,ALM_SECCFISC,CODISECC,NO ACTION,ENABLED
SYSTEM,ALM_DETARTLL,DATLL_TLLA_FK,1,TLLA_ID_TLLA,SYSTEM,ALM_TALLAS,ID_TLLA,NO ACTION,ENABLED
SYSTEM,ALM_DETATOFI,ADTF_ATFS_FK,1,ATFS_COMPANIA,SYSTEM,ALM_TOMAFISC,OFCN_COMPANIA,NO ACTION,ENABLED
SYSTEM,ALM_DETATOFI,ADTF_ATFS_FK,2,ATFS_OFICINA,SYSTEM,ALM_TOMAFISC,OFCN_OFICINA,NO ACTION,ENABLED
SYSTEM,ALM_DETATOFI,ADTF_ATFS_FK,3,ATFS_NUMERO,SYSTEM,ALM_TOMAFISC,NUMERO,NO ACTION,ENABLED
SYSTEM,ALM_DETATOFI,ADTF_ATFS_FK,4,ATFS_TIPODOCU,SYSTEM,ALM_TOMAFISC,TPDC_TIPODOCU,NO ACTION,ENABLED
SYSTEM,ALM_DETATOFI,ADTF_ENSA_FK,1,ENSA_COMPANIA,SYSTEM,ALM_ENTRASALI,OFCN_COMPANIA,NO ACTION,ENABLED
SYSTEM,ALM_DETATOFI,ADTF_ENSA_FK,2,ENSA_OFICINA,SYSTEM,ALM_ENTRASALI,OFCN_OFICINA,NO ACTION,ENABLED
SYSTEM,ALM_DETATOFI,ADTF_ENSA_FK,3,ENSA_TIPODOCU,SYSTEM,ALM_ENTRASALI,TPDC_TIPODOCU,NO ACTION,ENABLED
SYSTEM,ALM_DETATOFI,ADTF_ENSA_FK,4,ENSA_NUMERO,SYSTEM,ALM_ENTRASALI,NUMERO,NO ACTION,ENABLED
SYSTEM,ALM_DETATOFI,ADTF_SECC_FK,1,SECC_COMPANIA,SYSTEM,ALM_SECCFISC,BDGA_COMPANIA,NO ACTION,ENABLED
SYSTEM,ALM_DETATOFI,ADTF_SECC_FK,2,SECC_OFICINA,SYSTEM,ALM_SECCFISC,BDGA_OFICINA,NO ACTION,ENABLED
SYSTEM,ALM_DETATOFI,ADTF_SECC_FK,3,SECC_CODIBODE,SYSTEM,ALM_SECCFISC,BDGA_CODIBODE,NO ACTION,ENABLED
SYSTEM,ALM_DETATOFI,ADTF_SECC_FK,4,SECC_CODISECC,SYSTEM,ALM_SECCFISC,CODISECC,NO ACTION,ENABLED
SYSTEM,ALM_DTEGUIRM,DTGR_CANT_FK,1,CANT_CODICANT,SYSTEM,GEN_CANTON,CODICANT,NO ACTION,ENABLED
SYSTEM,ALM_DTEGUIRM,DTGR_CANT_FK,2,CANT_CODIPROV,SYSTEM,GEN_CANTON,PVCA_CODIPROV,NO ACTION,ENABLED
SYSTEM,ALM_DTEGUIRM,DTGR_CDT_FK,1,CDT_CDT_ID,SYSTEM,CLI_CONDUCTR,CDT_ID,NO ACTION,ENABLED
SYSTEM,ALM_DTEGUIRM,DTGR_DRCC_FK,1,DRCC_TIPODIRE,SYSTEM,CLI_DIRECCION,TIPODIRE,NO ACTION,ENABLED
SYSTEM,ALM_DTEGUIRM,DTGR_DRCC_FK,2,DRCC_COMPANIA,SYSTEM,CLI_DIRECCION,CLTE_COMPANIA,NO ACTION,ENABLED
SYSTEM,ALM_DTEGUIRM,DTGR_DRCC_FK,3,DRCC_IDCLIENTE,SYSTEM,CLI_DIRECCION,CLTE_IDCLIENTE,NO ACTION,ENABLED
SYSTEM,ALM_DTEGUIRM,DTGR_ENSA_FK,1,ENSA_COMPANIA,SYSTEM,ALM_ENTRASALI,OFCN_COMPANIA,NO ACTION,ENABLED
SYSTEM,ALM_DTEGUIRM,DTGR_ENSA_FK,2,ENSA_OFICINA,SYSTEM,ALM_ENTRASALI,OFCN_OFICINA,NO ACTION,ENABLED
SYSTEM,ALM_DTEGUIRM,DTGR_ENSA_FK,3,ENSA_TIPODOCU,SYSTEM,ALM_ENTRASALI,TPDC_TIPODOCU,NO ACTION,ENABLED
SYSTEM,ALM_DTEGUIRM,DTGR_ENSA_FK,4,ENSA_NUMERO,SYSTEM,ALM_ENTRASALI,NUMERO,NO ACTION,ENABLED
SYSTEM,ALM_DTEGUIRM,DTGR_GURM_FK,1,GURM_COMPANIA,SYSTEM,ALM_GUIAREMI,OFCN_COMPANIA,NO ACTION,ENABLED
SYSTEM,ALM_DTEGUIRM,DTGR_GURM_FK,2,GURM_OFICINA,SYSTEM,ALM_GUIAREMI,OFCN_OFICINA,NO ACTION,ENABLED
SYSTEM,ALM_DTEGUIRM,DTGR_GURM_FK,3,GURM_SERIE,SYSTEM,ALM_GUIAREMI,SERIE,NO ACTION,ENABLED
SYSTEM,ALM_DTEGUIRM,DTGR_GURM_FK,4,GURM_NUMEGUIA,SYSTEM,ALM_GUIAREMI,NUMEGUIA,NO ACTION,ENABLED
SYSTEM,ALM_DTEGUIRM,DTGR_PRFM_FK,1,PRFM_PRFM_ID,SYSTEM,VEN_PROFORMA,PRFM_ID,NO ACTION,ENABLED
SYSTEM,ALM_DTEGUIRM,DTGR_VHCL_FK,1,VHCL_VHCL_ID,SYSTEM,CLI_VEHICULO,VHCL_ID,NO ACTION,ENABLED
SYSTEM,ALM_DTEGUIRM,DTGR_VNTA_FK,1,VNTA_COMPANIA,SYSTEM,VEN_VENTAS,OFCN_COMPANIA,NO ACTION,ENABLED
SYSTEM,ALM_DTEGUIRM,DTGR_VNTA_FK,2,VNTA_OFICINA,SYSTEM,VEN_VENTAS,OFCN_OFICINA,NO ACTION,ENABLED
SYSTEM,ALM_DTEGUIRM,DTGR_VNTA_FK,3,VNTA_SERIE,SYSTEM,VEN_VENTAS,SERIE,NO ACTION,ENABLED
SYSTEM,ALM_DTEGUIRM,DTGR_VNTA_FK,4,VNTA_NUMERO,SYSTEM,VEN_VENTAS,NUMERO,NO ACTION,ENABLED
SYSTEM,ALM_DTEGUIRM,DTGR_VNTA_FK,5,VNTA_TIPOCOMP,SYSTEM,VEN_VENTAS,TPCM_TIPOCOMP,NO ACTION,ENABLED
SYSTEM,ALM_ENTRASALI,ENSA_ASTO_FK,1,ASTO_COMPANIA,SYSTEM,CNT_ASIENTO,CMPN_COMPANIA,NO ACTION,ENABLED
SYSTEM,ALM_ENTRASALI,ENSA_ASTO_FK,2,ASTO_NUMEDIAR,SYSTEM,CNT_ASIENTO,NUMEDIAR,NO ACTION,ENABLED
SYSTEM,ALM_ENTRASALI,ENSA_CPRE_FK,1,CPRE_COMPANIA,SYSTEM,ALM_CAMBPRES,OFCN_COMPANIA,NO ACTION,ENABLED
SYSTEM,ALM_ENTRASALI,ENSA_CPRE_FK,2,CPRE_OFICINA,SYSTEM,ALM_CAMBPRES,OFCN_OFICINA,NO ACTION,ENABLED
SYSTEM,ALM_ENTRASALI,ENSA_CPRE_FK,3,CPRE_NUMERO,SYSTEM,ALM_CAMBPRES,NUMERO,NO ACTION,ENABLED
SYSTEM,ALM_ENTRASALI,ENSA_DCAM_FK,1,DCAM_ID,SYSTEM,ALM_DECAMPRES,DCAM_ID,NO ACTION,ENABLED
SYSTEM,ALM_ENTRASALI,ENSA_EGEN_FK,1,EGEN_ESTADO,SYSTEM,GEN_ESTADOS,ESTADO,NO ACTION,ENABLED
SYSTEM,ALM_ENTRASALI,ENSA_ENSA_FK,1,ENSA_COMPANIA,SYSTEM,ALM_ENTRASALI,OFCN_COMPANIA,NO ACTION,ENABLED
SYSTEM,ALM_ENTRASALI,ENSA_ENSA_FK,2,ENSA_OFICINA,SYSTEM,ALM_ENTRASALI,OFCN_OFICINA,NO ACTION,ENABLED
SYSTEM,ALM_ENTRASALI,ENSA_ENSA_FK,3,ENSA_TIPODOCU,SYSTEM,ALM_ENTRASALI,TPDC_TIPODOCU,NO ACTION,ENABLED
SYSTEM,ALM_ENTRASALI,ENSA_ENSA_FK,4,ENSA_NUMERO,SYSTEM,ALM_ENTRASALI,NUMERO,NO ACTION,ENABLED
SYSTEM,ALM_ENTRASALI,ENSA_INCN_FK,1,INCN_COMPANIA,SYSTEM,CNT_INTECONT,CMPN_COMPANIA,NO ACTION,ENABLED
SYSTEM,ALM_ENTRASALI,ENSA_INCN_FK,2,INCN_PRODUCTO,SYSTEM,CNT_INTECONT,PRDT_PRODUCTO,NO ACTION,ENABLED
SYSTEM,ALM_ENTRASALI,ENSA_INCN_FK,3,INCN_TIPODOCU,SYSTEM,CNT_INTECONT,TPDC_TIPODOCU,NO ACTION,ENABLED
SYSTEM,ALM_ENTRASALI,ENSA_INCN_FK,4,INCN_CODITRAN,SYSTEM,CNT_INTECONT,CODITRAN,NO ACTION,ENABLED
SYSTEM,ALM_ENTRASALI,ENSA_LTPR_FK,1,LTPR_CODIGO,SYSTEM,CST_LOTEPRO,CODIGO,NO ACTION,ENABLED
SYSTEM,ALM_ENTRASALI,ENSA_OPRD_FK,1,OPRD_NUMERO,SYSTEM,CST_ORDEPROD,NUMERO,NO ACTION,ENABLED
SYSTEM,ALM_ENTRASALI,ENSA_OPRD_FK,2,OPRD_COMPANIA,SYSTEM,CST_ORDEPROD,OFCN_COMPANIA,NO ACTION,ENABLED
SYSTEM,ALM_ENTRASALI,ENSA_OPRD_FK,3,OPRD_OFICINA,SYSTEM,CST_ORDEPROD,OFCN_OFICINA,NO ACTION,ENABLED
SYSTEM,ALM_ENTRASALI,ENSA_OTRC_FK,1,OTRC_OTRC_ID,SYSTEM,COB_OTRODEBI,OTRC_ID,NO ACTION,ENABLED
SYSTEM,ALM_ENTRASALI,ENSA_PRFM_FK,1,PRFM_PRFM_ID,SYSTEM,VEN_PROFORMA,PRFM_ID,NO ACTION,ENABLED
SYSTEM,ALM_ENTRASALI,ENSA_TPDC_FK,1,TPDC_TIPODOCU,SYSTEM,GEN_TIPODOCU,TIPODOCU,NO ACTION,ENABLED
SYSTEM,ALM_ENTRASALI,ENSA_VNTA_FK,1,VNTA_COMPANIA,SYSTEM,VEN_VENTAS,OFCN_COMPANIA,NO ACTION,ENABLED
SYSTEM,ALM_ENTRASALI,ENSA_VNTA_FK,2,VNTA_OFICINA,SYSTEM,VEN_VENTAS,OFCN_OFICINA,NO ACTION,ENABLED
SYSTEM,ALM_ENTRASALI,ENSA_VNTA_FK,3,VNTA_SERIE,SYSTEM,VEN_VENTAS,SERIE,NO ACTION,ENABLED
SYSTEM,ALM_ENTRASALI,ENSA_VNTA_FK,4,VNTA_NUMERO,SYSTEM,VEN_VENTAS,NUMERO,NO ACTION,ENABLED
SYSTEM,ALM_ENTRASALI,ENSA_VNTA_FK,5,VNTA_TIPOCOMP,SYSTEM,VEN_VENTAS,TPCM_TIPOCOMP,NO ACTION,ENABLED
SYSTEM,ALM_ESPECIFICAC,EPCF_LNEA_FK,1,LNEA_CODLINEA,SYSTEM,ALM_LINEAS,CODLINEA,NO ACTION,ENABLED
SYSTEM,ALM_ESPECIFICAC,EPCF_LNEA_FK,2,LNEA_COMPANIA,SYSTEM,ALM_LINEAS,CMPN_COMPANIA,NO ACTION,ENABLED
SYSTEM,ALM_ESPECTALL,SPTL_DPRF_FK,1,DPRF_DPRF_ID,SYSTEM,VEN_DETAPROF,DPRF_ID,CASCADE,ENABLED
SYSTEM,ALM_ESPECTALL,SPTL_DTMV_FK,1,DTMV_DTMV_ID,SYSTEM,ALM_DETAMOVI,DTMV_ID,CASCADE,ENABLED
SYSTEM,ALM_ESPECTALL,SPTL_DTNP_FK,1,DTNP_DTNP_ID,SYSTEM,IMP_DENOTAPEDI,DTNP_ID,CASCADE,ENABLED
SYSTEM,ALM_ESPECTALL,SPTL_TLLA_FK,1,TLLA_ID_TLLA,SYSTEM,ALM_TALLAS,ID_TLLA,CASCADE,ENABLED
SYSTEM,ALM_GRUPARTI,GRAR_CINV_FK,1,CINV_COMPANIA,SYSTEM,ALM_CLASINVE,CMPN_COMPANIA,NO ACTION,ENABLED
SYSTEM,ALM_GRUPARTI,GRAR_CINV_FK,2,CINV_CLASE,SYSTEM,ALM_CLASINVE,CLASE,NO ACTION,ENABLED
SYSTEM,ALM_GUIAREMI,GURM_CDT_FK,1,CDT_CDT_ID,SYSTEM,CLI_CONDUCTR,CDT_ID,NO ACTION,ENABLED
SYSTEM,ALM_GUIAREMI,GURM_DSPO_FK,1,DSPO_NUMERO,SYSTEM,ALM_DESPACHOS,NUMERO,NO ACTION,ENABLED
SYSTEM,ALM_GUIAREMI,GURM_DTFL_FK,1,DTFL_DTFL_ID,SYSTEM,VEN_DETAFLET,DTFL_ID,NO ACTION,ENABLED
SYSTEM,ALM_GUIAREMI,GURM_EGEN_FK,1,EGEN_ESTADO,SYSTEM,GEN_ESTADOS,ESTADO,NO ACTION,ENABLED
SYSTEM,ALM_GUIAREMI,GURM_VHCL_FK,1,VHCL_VHCL_ID,SYSTEM,CLI_VEHICULO,VHCL_ID,NO ACTION,ENABLED
SYSTEM,ALM_HISTARTI,HSAR_SECC_FK,1,SECC_COMPANIA,SYSTEM,ALM_SECCFISC,BDGA_COMPANIA,NO ACTION,ENABLED
SYSTEM,ALM_HISTARTI,HSAR_SECC_FK,2,SECC_OFICINA,SYSTEM,ALM_SECCFISC,BDGA_OFICINA,NO ACTION,ENABLED
SYSTEM,ALM_HISTARTI,HSAR_SECC_FK,3,SECC_CODIBODE,SYSTEM,ALM_SECCFISC,BDGA_CODIBODE,NO ACTION,ENABLED
SYSTEM,ALM_HISTARTI,HSAR_SECC_FK,4,SECC_CODISECC,SYSTEM,ALM_SECCFISC,CODISECC,NO ACTION,ENABLED
SYSTEM,ALM_IMPUESTO,IMTO_TPIM_FK,1,TPIM_TIPOIMPU,SYSTEM,CNT_TIPOIMPU,TIPOIMPU,NO ACTION,ENABLED
SYSTEM,ALM_LOTE,LOTE_EGEN_FK,1,EGEN_ESTADO,SYSTEM,GEN_ESTADOS,ESTADO,NO ACTION,ENABLED
SYSTEM,ALM_PARACOMP,PACO_LICP_FK,1,LICP_CODIGO,SYSTEM,ALM_LINECOMP,CODIGO,NO ACTION,ENABLED
SYSTEM,ALM_PARACOMP,PACO_ROTA_FK,1,ROTA_TIPO,SYSTEM,ALM_ROTACION,TIPO,NO ACTION,ENABLED
SYSTEM,ALM_PROYPROD,PRPD_BDGA_FK,1,BDGA_CODIBODE,SYSTEM,ALM_BODEGAS,CODIBODE,NO ACTION,ENABLED
SYSTEM,ALM_PROYPROD,PRPD_BDGA_FK,2,BDGA_OFCN_COMPANIA,SYSTEM,ALM_BODEGAS,OFCN_COMPANIA,NO ACTION,ENABLED
SYSTEM,ALM_PROYPROD,PRPD_BDGA_FK,3,BDGA_OFCN_OFICINA,SYSTEM,ALM_BODEGAS,OFCN_OFICINA,NO ACTION,ENABLED
SYSTEM,ALM_REQUERIM,REQU_BDGA_FK,1,BDGA_CODIBODE,SYSTEM,ALM_BODEGAS,CODIBODE,NO ACTION,ENABLED
SYSTEM,ALM_REQUERIM,REQU_BDGA_FK,2,BDGA_COMPANIA,SYSTEM,ALM_BODEGAS,OFCN_COMPANIA,NO ACTION,ENABLED
SYSTEM,ALM_REQUERIM,REQU_BDGA_FK,3,BDGA_OFICINA,SYSTEM,ALM_BODEGAS,OFCN_OFICINA,NO ACTION,ENABLED
SYSTEM,ALM_REQUERIM,REQU_EGEN_FK,1,EGEN_ESTADO,SYSTEM,GEN_ESTADOS,ESTADO,NO ACTION,ENABLED
SYSTEM,ALM_REQUERIM,REQU_MONE_FK,1,MONE_MONEDA,SYSTEM,GEN_MONEDA,MONEDA,NO ACTION,ENABLED
SYSTEM,ALM_REQUERIM,REQU_REQU_FK,1,REQU_NUMERO,SYSTEM,ALM_REQUERIM,NUMERO,NO ACTION,ENABLED
SYSTEM,ALM_REQUERIM,REQU_REQU_FK,2,REQU_COMPANIA,SYSTEM,ALM_REQUERIM,OFCN_COMPANIA,NO ACTION,ENABLED
SYSTEM,ALM_REQUERIM,REQU_REQU_FK,3,REQU_OFICINA,SYSTEM,ALM_REQUERIM,OFCN_OFICINA,NO ACTION,ENABLED
SYSTEM,ALM_REQUERIM,REQU_REQU_FK,4,REQU_TIPODOCU,SYSTEM,ALM_REQUERIM,TPDC_TIPODOCU,NO ACTION,ENABLED
SYSTEM,ALM_REQUERIM,REQU_TPDC_FK,1,TPDC_TIPODOCU,SYSTEM,GEN_TIPODOCU,TIPODOCU,NO ACTION,ENABLED
SYSTEM,ALM_SECCFISC,SECC_BDGA_FK,1,BDGA_CODIBODE,SYSTEM,ALM_BODEGAS,CODIBODE,NO ACTION,ENABLED
SYSTEM,ALM_SECCFISC,SECC_BDGA_FK,2,BDGA_COMPANIA,SYSTEM,ALM_BODEGAS,OFCN_COMPANIA,NO ACTION,ENABLED
SYSTEM,ALM_SECCFISC,SECC_BDGA_FK,3,BDGA_OFICINA,SYSTEM,ALM_BODEGAS,OFCN_OFICINA,NO ACTION,ENABLED
SYSTEM,ALM_SUBGARTI,SGRP_GRAR_FK,1,GRAR_COMPANIA,SYSTEM,ALM_GRUPARTI,CINV_COMPANIA,NO ACTION,ENABLED
SYSTEM,ALM_SUBGARTI,SGRP_GRAR_FK,2,GRAR_CLASE,SYSTEM,ALM_GRUPARTI,CINV_CLASE,NO ACTION,ENABLED
SYSTEM,ALM_SUBGARTI,SGRP_GRAR_FK,3,GRAR_CODIGRUP,SYSTEM,ALM_GRUPARTI,CODIGRUP,NO ACTION,ENABLED
SYSTEM,ALM_TMPDETALOTE,TDLT_DPR_FK,1,DPR_DPR_ID,SYSTEM,VEN_DETAPROD,DPR_ID,NO ACTION,ENABLED
SYSTEM,ALM_TMPDETALOTE,TDLT_DXML_FK,1,DXML_DXML_ID,SYSTEM,ALM_TMPDETAMOVI,DXML_ID,NO ACTION,ENABLED
SYSTEM,ALM_TMPDETALOTE,TDLT_LOTE_FK,1,LOTE_COMPANIA,SYSTEM,ALM_LOTE,CMPN_COMPANIA,NO ACTION,ENABLED
SYSTEM,ALM_TMPDETALOTE,TDLT_LOTE_FK,2,LOTE_NUMELOTE,SYSTEM,ALM_LOTE,NUMELOTE,NO ACTION,ENABLED
SYSTEM,ALM_TMPDETALOTE,TDLT_LOTE_FK,3,LOTE_ALCANCE,SYSTEM,ALM_LOTE,ALCANCE,NO ACTION,ENABLED
SYSTEM,ALM_TMPDETAMOVI,DXML_CXML_FK,1,CMPR_SERIE,SYSTEM,COM_TMPCOMPRAS,SERIE,NO ACTION,ENABLED
SYSTEM,ALM_TMPDETAMOVI,DXML_CXML_FK,2,CMPR_NUMERO,SYSTEM,COM_TMPCOMPRAS,NUMERO,NO ACTION,ENABLED
SYSTEM,ALM_TMPDETAMOVI,DXML_CXML_FK,3,CMPR_CEDURUC,SYSTEM,COM_TMPCOMPRAS,PROV_CEDURUC,NO ACTION,ENABLED
SYSTEM,ALM_TMPDETAMOVI,DXML_CXML_FK,4,CMPR_ALCANCE,SYSTEM,COM_TMPCOMPRAS,ALCANCE,NO ACTION,ENABLED
SYSTEM,ALM_TMPDETAMOVI,DXML_CXML_FK,5,CMPR_COMPANIA,SYSTEM,COM_TMPCOMPRAS,PROV_COMPANIA,NO ACTION,ENABLED
SYSTEM,ALM_TOMAFISC,ATFS_EGEN_FK,1,EGEN_ESTADO,SYSTEM,GEN_ESTADOS,ESTADO,NO ACTION,ENABLED
SYSTEM,ALM_TOMAFISC,ATFS_TPDC_FK,1,TPDC_TIPODOCU,SYSTEM,GEN_TIPODOCU,TIPODOCU,NO ACTION,ENABLED
SYSTEM,ALM_TRANPROC,TRPR_DTMV_FK,1,DTMV_DTMV_ID,SYSTEM,ALM_DETAMOVI,DTMV_ID,NO ACTION,ENABLED
SYSTEM,ALM_TRANPROC,TRPR_ENSA_FK,1,ENSA_COMPANIA,SYSTEM,ALM_ENTRASALI,OFCN_COMPANIA,NO ACTION,ENABLED
SYSTEM,ALM_TRANPROC,TRPR_ENSA_FK,2,ENSA_OFICINA,SYSTEM,ALM_ENTRASALI,OFCN_OFICINA,NO ACTION,ENABLED
SYSTEM,ALM_TRANPROC,TRPR_ENSA_FK,3,ENSA_TIPODOCU,SYSTEM,ALM_ENTRASALI,TPDC_TIPODOCU,NO ACTION,ENABLED
SYSTEM,ALM_TRANPROC,TRPR_ENSA_FK,4,ENSA_NUMERO,SYSTEM,ALM_ENTRASALI,NUMERO,NO ACTION,ENABLED
SYSTEM,ALM_UBICACION,UBCN_SECC_FK,1,SECC_COMPANIA,SYSTEM,ALM_SECCFISC,BDGA_COMPANIA,NO ACTION,ENABLED
SYSTEM,ALM_UBICACION,UBCN_SECC_FK,2,SECC_OFICINA,SYSTEM,ALM_SECCFISC,BDGA_OFICINA,NO ACTION,ENABLED
SYSTEM,ALM_UBICACION,UBCN_SECC_FK,3,SECC_CODIBODE,SYSTEM,ALM_SECCFISC,BDGA_CODIBODE,NO ACTION,ENABLED
SYSTEM,ALM_UBICACION,UBCN_SECC_FK,4,SECC_CODISECC,SYSTEM,ALM_SECCFISC,CODISECC,NO ACTION,ENABLED
SYSTEM,ALM_UNIDMEDI,UMED_TPMD_FK,1,TPMD_TIPOMEDI,SYSTEM,ALM_TIPOMEDI,TIPOMEDI,NO ACTION,ENABLED
SYSTEM,ALM_VRFCEXIS,VEXI_EGEN_FK,1,EGEN_ESTADO,SYSTEM,GEN_ESTADOS,ESTADO,NO ACTION,ENABLED
SYSTEM,AQ$_INTERNET_AGENT_PRIVS,AGENT_MUST_BE_CREATED,1,AGENT_NAME,SYSTEM,AQ$_INTERNET_AGENTS,AGENT_NAME,CASCADE,ENABLED
SYSTEM,BAN_ARCHIVOS,BNAR_BNTA_FK,1,BNTA_TIPO,SYSTEM,BAN_TIPOARCH,TIPO,NO ACTION,ENABLED
SYSTEM,BAN_ARCHIVOS,BNAR_CBAN_FK,1,CBAN_COMPANIA,SYSTEM,BAN_CTABANCARIA,CTAS_COMPANIA,NO ACTION,ENABLED
SYSTEM,BAN_ARCHIVOS,BNAR_CBAN_FK,2,CBAN_CATALOGO,SYSTEM,BAN_CTABANCARIA,CTAS_CATALOGO,NO ACTION,ENABLED
SYSTEM,BAN_ARCHIVOS,BNAR_CBAN_FK,3,CBAN_CODIGO,SYSTEM,BAN_CTABANCARIA,CTAS_CODIGO,NO ACTION,ENABLED
SYSTEM,BAN_ARCHIVOS,BNAR_TACR_FK,1,TACR_CODITARJ,SYSTEM,CLI_TARJCRED,CODITARJ,NO ACTION,ENABLED
SYSTEM,BAN_CTABANCARIA,CBAN_BANC_FK,1,BANC_IDBANCO,SYSTEM,GEN_BANCOS,IDBANCO,NO ACTION,ENABLED
SYSTEM,BAN_CTABANCARIA,CBAN_CTAS_FK,1,CTAS_COMPANIA,SYSTEM,CNT_CUENTAS,CTLG_COMPANIA,NO ACTION,ENABLED
SYSTEM,BAN_CTABANCARIA,CBAN_CTAS_FK,2,CTAS_CATALOGO,SYSTEM,CNT_CUENTAS,CTLG_CATALOGO,NO ACTION,ENABLED
SYSTEM,BAN_CTABANCARIA,CBAN_CTAS_FK,3,CTAS_CODIGO,SYSTEM,CNT_CUENTAS,CODIGO,NO ACTION,ENABLED
SYSTEM,BAN_DEPOPROT,DPPR_CHQE_FK,1,CHQE_CHQE_ID,SYSTEM,CAJ_CHEQUES,CHQE_ID,NO ACTION,ENABLED
SYSTEM,BAN_DEPOPROT,DPPR_MTPR_FK,1,MTPR_MOTIPRO,SYSTEM,BAN_MOTIPROT,MOTIPRO,NO ACTION,ENABLED
SYSTEM,BAN_DEPOPROT,DPPR_TBAN_FK,1,TBAN_COMPANIA,SYSTEM,BAN_TRANSBANCA,CBAN_COMPANIA,NO ACTION,ENABLED
SYSTEM,BAN_DEPOPROT,DPPR_TBAN_FK,2,TBAN_CATALOGO,SYSTEM,BAN_TRANSBANCA,CBAN_CATALOGO,NO ACTION,ENABLED
SYSTEM,BAN_DEPOPROT,DPPR_TBAN_FK,3,TBAN_CODIGO,SYSTEM,BAN_TRANSBANCA,CBAN_CODIGO,NO ACTION,ENABLED
SYSTEM,BAN_DEPOPROT,DPPR_TBAN_FK,4,TBAN_TIPODOCU,SYSTEM,BAN_TRANSBANCA,TPDC_TIPODOCU,NO ACTION,ENABLED
SYSTEM,BAN_DEPOPROT,DPPR_TBAN_FK,5,TBAN_NUMERO,SYSTEM,BAN_TRANSBANCA,NUMERO,NO ACTION,ENABLED
SYSTEM,BAN_DEPOTRAN,DTRA_ASTO_FK,1,ASTO_COMPANIA,SYSTEM,CNT_ASIENTO,CMPN_COMPANIA,NO ACTION,ENABLED
SYSTEM,BAN_DEPOTRAN,DTRA_ASTO_FK,2,ASTO_NUMEDIAR,SYSTEM,CNT_ASIENTO,NUMEDIAR,NO ACTION,ENABLED
SYSTEM,BAN_DEPOTRAN,DTRA_CHQE_FK,1,CHQE_CHQE_ID,SYSTEM,CAJ_CHEQUES,CHQE_ID,NO ACTION,ENABLED
SYSTEM,BAN_DEPOTRAN,DTRA_EGEN_FK,1,EGEN_ESTADO,SYSTEM,GEN_ESTADOS,ESTADO,NO ACTION,ENABLED
SYSTEM,BAN_DEPOTRAN,DTRA_TBAN_FK,1,TBAN_COMPANIA,SYSTEM,BAN_TRANSBANCA,CBAN_COMPANIA,NO ACTION,ENABLED
SYSTEM,BAN_DEPOTRAN,DTRA_TBAN_FK,2,TBAN_CATALOGO,SYSTEM,BAN_TRANSBANCA,CBAN_CATALOGO,NO ACTION,ENABLED
SYSTEM,BAN_DEPOTRAN,DTRA_TBAN_FK,3,TBAN_CODIGO,SYSTEM,BAN_TRANSBANCA,CBAN_CODIGO,NO ACTION,ENABLED
SYSTEM,BAN_DEPOTRAN,DTRA_TBAN_FK,4,TBAN_TIPODOCU,SYSTEM,BAN_TRANSBANCA,TPDC_TIPODOCU,NO ACTION,ENABLED
SYSTEM,BAN_DEPOTRAN,DTRA_TBAN_FK,5,TBAN_NUMERO,SYSTEM,BAN_TRANSBANCA,NUMERO,NO ACTION,ENABLED
SYSTEM,BAN_HISTTRAN,HCBN_ASTO_FK,1,ASTO_COMPANIA,SYSTEM,CNT_ASIENTO,CMPN_COMPANIA,NO ACTION,ENABLED
SYSTEM,BAN_HISTTRAN,HCBN_ASTO_FK,2,ASTO_NUMEDIAR,SYSTEM,CNT_ASIENTO,NUMEDIAR,NO ACTION,ENABLED
SYSTEM,BAN_HISTTRAN,HCBN_BANC_FK,1,BANC_IDBANCO,SYSTEM,GEN_BANCOS,IDBANCO,NO ACTION,ENABLED
SYSTEM,BAN_HISTTRAN,HCBN_EGEN_FK,1,EGEN_ESTADO,SYSTEM,GEN_ESTADOS,ESTADO,NO ACTION,ENABLED
SYSTEM,BAN_HISTTRAN,HCBN_MONE_FK,1,MONE_MONEDA,SYSTEM,GEN_MONEDA,MONEDA,NO ACTION,ENABLED
SYSTEM,BAN_HISTTRAN,HCBN_TACR_FK,1,TACR_CODITARJ,SYSTEM,CLI_TARJCRED,CODITARJ,NO ACTION,ENABLED
SYSTEM,BAN_TEMPCONC,TMCN_CBAN_FK,1,CBAN_COMPANIA,SYSTEM,BAN_CTABANCARIA,CTAS_COMPANIA,NO ACTION,ENABLED
SYSTEM,BAN_TEMPCONC,TMCN_CBAN_FK,2,CBAN_CATALOGO,SYSTEM,BAN_CTABANCARIA,CTAS_CATALOGO,NO ACTION,ENABLED
SYSTEM,BAN_TEMPCONC,TMCN_CBAN_FK,3,CBAN_CODIGO,SYSTEM,BAN_CTABANCARIA,CTAS_CODIGO,NO ACTION,ENABLED
SYSTEM,BAN_TEMPCONC,TMCN_EGEN_FK,1,EGEN_ESTADO,SYSTEM,GEN_ESTADOS,ESTADO,NO ACTION,ENABLED
SYSTEM,BAN_TEMPCONC,TMCN_TBAN_FK,1,TBAN_COMPANIA,SYSTEM,BAN_TRANSBANCA,CBAN_COMPANIA,NO ACTION,ENABLED
SYSTEM,BAN_TEMPCONC,TMCN_TBAN_FK,2,TBAN_CATALOGO,SYSTEM,BAN_TRANSBANCA,CBAN_CATALOGO,NO ACTION,ENABLED
SYSTEM,BAN_TEMPCONC,TMCN_TBAN_FK,3,TBAN_CODIGO,SYSTEM,BAN_TRANSBANCA,CBAN_CODIGO,NO ACTION,ENABLED
SYSTEM,BAN_TEMPCONC,TMCN_TBAN_FK,4,TBAN_TIPODOCU,SYSTEM,BAN_TRANSBANCA,TPDC_TIPODOCU,NO ACTION,ENABLED
SYSTEM,BAN_TEMPCONC,TMCN_TBAN_FK,5,TBAN_NUMERO,SYSTEM,BAN_TRANSBANCA,NUMERO,NO ACTION,ENABLED
SYSTEM,BAN_TRANSBANCA,TBAN_ASTO_FK,1,ASTO_COMPANIA,SYSTEM,CNT_ASIENTO,CMPN_COMPANIA,NO ACTION,ENABLED
SYSTEM,BAN_TRANSBANCA,TBAN_ASTO_FK,2,ASTO_NUMEDIAR,SYSTEM,CNT_ASIENTO,NUMEDIAR,NO ACTION,ENABLED
SYSTEM,BAN_TRANSBANCA,TBAN_BANC_FK,1,BANC_IDBANCO,SYSTEM,GEN_BANCOS,IDBANCO,NO ACTION,ENABLED
SYSTEM,BAN_TRANSBANCA,TBAN_CBAN_FK,1,CBAN_COMPANIA,SYSTEM,BAN_CTABANCARIA,CTAS_COMPANIA,NO ACTION,ENABLED
SYSTEM,BAN_TRANSBANCA,TBAN_CBAN_FK,2,CBAN_CATALOGO,SYSTEM,BAN_CTABANCARIA,CTAS_CATALOGO,NO ACTION,ENABLED
SYSTEM,BAN_TRANSBANCA,TBAN_CBAN_FK,3,CBAN_CODIGO,SYSTEM,BAN_CTABANCARIA,CTAS_CODIGO,NO ACTION,ENABLED
SYSTEM,BAN_TRANSBANCA,TBAN_EGEN_FK,1,EGEN_ESTADO,SYSTEM,GEN_ESTADOS,ESTADO,NO ACTION,ENABLED
SYSTEM,BAN_TRANSBANCA,TBAN_MONE_FK,1,MONE_MONEDA,SYSTEM,GEN_MONEDA,MONEDA,NO ACTION,ENABLED
SYSTEM,BAN_TRANSBANCA,TBAN_TPDC_FK,1,TPDC_TIPODOCU,SYSTEM,GEN_TIPODOCU,TIPODOCU,NO ACTION,ENABLED
SYSTEM,CAJ_CHEQUES,CHQE_ASTO_FK,1,ASTO_COMPANIA,SYSTEM,CNT_ASIENTO,CMPN_COMPANIA,NO ACTION,ENABLED
SYSTEM,CAJ_CHEQUES,CHQE_ASTO_FK,2,ASTO_NUMEDIAR,SYSTEM,CNT_ASIENTO,NUMEDIAR,NO ACTION,ENABLED
SYSTEM,CAJ_CHEQUES,CHQE_BANC_FK,1,BANC_IDBANCO,SYSTEM,GEN_BANCOS,IDBANCO,NO ACTION,ENABLED
SYSTEM,CAJ_CHEQUES,CHQE_CHQE_FK,1,CHQE_CHQE_ID,SYSTEM,CAJ_CHEQUES,CHQE_ID,NO ACTION,ENABLED
SYSTEM,CAJ_CHEQUES,CHQE_CTAS_FK,1,CTAS_COMPANIA,SYSTEM,CNT_CUENTAS,CTLG_COMPANIA,NO ACTION,ENABLED
SYSTEM,CAJ_CHEQUES,CHQE_CTAS_FK,2,CTAS_CATALOGO,SYSTEM,CNT_CUENTAS,CTLG_CATALOGO,NO ACTION,ENABLED
SYSTEM,CAJ_CHEQUES,CHQE_CTAS_FK,3,CTAS_CODIGO,SYSTEM,CNT_CUENTAS,CODIGO,NO ACTION,ENABLED
SYSTEM,CAJ_CHEQUES,CHQE_EGEN_FK,1,EGEN_ESTADO,SYSTEM,GEN_ESTADOS,ESTADO,NO ACTION,ENABLED
SYSTEM,CAJ_CHEQUES,CHQE_MONE_FK,1,MONE_MONEDA,SYSTEM,GEN_MONEDA,MONEDA,NO ACTION,ENABLED
SYSTEM,CAJ_CHEQUES,CHQE_PLCB_FK,1,PLCB_PLCB_ID,SYSTEM,VEN_PLANCOBR,PLCB_ID,NO ACTION,ENABLED
SYSTEM,CAJ_CHEQUES,CHQE_PTBN_FK,1,PTBN_NUMEOPER,SYSTEM,PRT_TRANSBANCA,NUMEOPER,NO ACTION,ENABLED
SYSTEM,CAJ_CHEQUES,CHQE_USUA_FK,1,USUA_IDUSUAR,SYSTEM,SEG_USUARIO,IDUSUAR,NO ACTION,ENABLED
SYSTEM,CAJ_DENOMINA,DENO_MONE_FK,1,MONE_MONEDA,SYSTEM,GEN_MONEDA,MONEDA,NO ACTION,ENABLED
SYSTEM,CAJ_EFECTIVO,EFEC_DENO_FK,1,DENO_MONEDA,SYSTEM,CAJ_DENOMINA,MONE_MONEDA,NO ACTION,ENABLED
SYSTEM,CAJ_EFECTIVO,EFEC_DENO_FK,2,DENO_DENOMINA,SYSTEM,CAJ_DENOMINA,DENOMINA,NO ACTION,ENABLED
SYSTEM,CAJ_EFECTIVO,EFEC_DENO_FK,3,DENO_TIPOMONE,SYSTEM,CAJ_DENOMINA,TIPOMONE,NO ACTION,ENABLED
SYSTEM,CAJ_EFECTIVO,EFEC_TRCA_FK,1,TRCA_COMPANIA,SYSTEM,CAJ_TRANSCAJA,OFCN_COMPANIA,CASCADE,ENABLED
SYSTEM,CAJ_EFECTIVO,EFEC_TRCA_FK,2,TRCA_OFICINA,SYSTEM,CAJ_TRANSCAJA,OFCN_OFICINA,CASCADE,ENABLED
SYSTEM,CAJ_EFECTIVO,EFEC_TRCA_FK,3,TRCA_TIPODOCU,SYSTEM,CAJ_TRANSCAJA,TPDC_TIPODOCU,CASCADE,ENABLED
SYSTEM,CAJ_EFECTIVO,EFEC_TRCA_FK,4,TRCA_NUMETRAN,SYSTEM,CAJ_TRANSCAJA,NUMETRAN,CASCADE,ENABLED
SYSTEM,CAJ_OTRSACRE,OACR_TRCA_FK,1,TRCA_COMPANIA,SYSTEM,CAJ_TRANSCAJA,OFCN_COMPANIA,NO ACTION,ENABLED
SYSTEM,CAJ_OTRSACRE,OACR_TRCA_FK,2,TRCA_OFICINA,SYSTEM,CAJ_TRANSCAJA,OFCN_OFICINA,NO ACTION,ENABLED
SYSTEM,CAJ_OTRSACRE,OACR_TRCA_FK,3,TRCA_TIPODOCU,SYSTEM,CAJ_TRANSCAJA,TPDC_TIPODOCU,NO ACTION,ENABLED
SYSTEM,CAJ_OTRSACRE,OACR_TRCA_FK,4,TRCA_NUMETRAN,SYSTEM,CAJ_TRANSCAJA,NUMETRAN,NO ACTION,ENABLED
SYSTEM,CAJ_PRORROGA,PRGA_CHQE_FK,1,CHQE_CHQE_ID,SYSTEM,CAJ_CHEQUES,CHQE_ID,NO ACTION,ENABLED
SYSTEM,CAJ_RESPCAJA,RCAJ_CTAS_FK,1,CTAS_COMPANIA,SYSTEM,CNT_CUENTAS,CTLG_COMPANIA,NO ACTION,ENABLED
SYSTEM,CAJ_RESPCAJA,RCAJ_CTAS_FK,2,CTAS_CATALOGO,SYSTEM,CNT_CUENTAS,CTLG_CATALOGO,NO ACTION,ENABLED
SYSTEM,CAJ_RESPCAJA,RCAJ_CTAS_FK,3,CTAS_CODIGO,SYSTEM,CNT_CUENTAS,CODIGO,NO ACTION,ENABLED
SYSTEM,CAJ_RESPCAJA,RCAJ_USUA_FK,1,USUA_IDUSUAR,SYSTEM,SEG_USUARIO,IDUSUAR,NO ACTION,ENABLED
SYSTEM,CAJ_SERIE,SERI_EFEC_FK,1,EFEC_EFEC_ID,SYSTEM,CAJ_EFECTIVO,EFEC_ID,NO ACTION,ENABLED
SYSTEM,CAJ_TRANSCAJA,TRCA_ASTO_FK,1,ASTO_COMPANIA,SYSTEM,CNT_ASIENTO,CMPN_COMPANIA,NO ACTION,ENABLED
SYSTEM,CAJ_TRANSCAJA,TRCA_ASTO_FK,2,ASTO_NUMEDIAR,SYSTEM,CNT_ASIENTO,NUMEDIAR,NO ACTION,ENABLED
SYSTEM,CAJ_TRANSCAJA,TRCA_CHQE_FK,1,CHQE_CHQE_ID,SYSTEM,CAJ_CHEQUES,CHQE_ID,NO ACTION,ENABLED
SYSTEM,CAJ_TRANSCAJA,TRCA_CTAS_FK,1,CTAS_COMPANIA,SYSTEM,CNT_CUENTAS,CTLG_COMPANIA,NO ACTION,ENABLED
SYSTEM,CAJ_TRANSCAJA,TRCA_CTAS_FK,2,CTAS_CATALOGO,SYSTEM,CNT_CUENTAS,CTLG_CATALOGO,NO ACTION,ENABLED
SYSTEM,CAJ_TRANSCAJA,TRCA_CTAS_FK,3,CTAS_CODIGO,SYSTEM,CNT_CUENTAS,CODIGO,NO ACTION,ENABLED
SYSTEM,CAJ_TRANSCAJA,TRCA_EGEN_FK,1,EGEN_ESTADO,SYSTEM,GEN_ESTADOS,ESTADO,NO ACTION,ENABLED
SYSTEM,CAJ_TRANSCAJA,TRCA_IPRO_FK,1,IPRO_IPRO_ID,SYSTEM,CNT_INTPROCESO,IPRO_ID,NO ACTION,ENABLED
SYSTEM,CAJ_TRANSCAJA,TRCA_MONE_FK,1,MONE_MONEDA,SYSTEM,GEN_MONEDA,MONEDA,NO ACTION,ENABLED
SYSTEM,CAJ_TRANSCAJA,TRCA_TBAN_FK,1,TBAN_COMPANIA,SYSTEM,BAN_TRANSBANCA,CBAN_COMPANIA,NO ACTION,ENABLED
SYSTEM,CAJ_TRANSCAJA,TRCA_TBAN_FK,2,TBAN_CATALOGO,SYSTEM,BAN_TRANSBANCA,CBAN_CATALOGO,NO ACTION,ENABLED
SYSTEM,CAJ_TRANSCAJA,TRCA_TBAN_FK,3,TBAN_CODIGO,SYSTEM,BAN_TRANSBANCA,CBAN_CODIGO,NO ACTION,ENABLED
SYSTEM,CAJ_TRANSCAJA,TRCA_TBAN_FK,4,TBAN_TIPODOCU,SYSTEM,BAN_TRANSBANCA,TPDC_TIPODOCU,NO ACTION,ENABLED
SYSTEM,CAJ_TRANSCAJA,TRCA_TBAN_FK,5,TBAN_NUMERO,SYSTEM,BAN_TRANSBANCA,NUMERO,NO ACTION,ENABLED
SYSTEM,CAJ_TRANSCAJA,TRCA_TPDC_FK,1,TPDC_TIPODOCU,SYSTEM,GEN_TIPODOCU,TIPODOCU,NO ACTION,ENABLED
SYSTEM,CAJ_TRANSCAJA,TRCA_USUA_FK,1,USUA_IDUSUAR,SYSTEM,SEG_USUARIO,IDUSUAR,NO ACTION,ENABLED
SYSTEM,CLI_AGRUPACN,AGRP_TPAG_FK,1,TPAG_CODIGO,SYSTEM,CLI_TPAGRUPA,CODIGO,NO ACTION,ENABLED
SYSTEM,CLI_ARCHIVOS,ARCH_REQU_FK,1,REQU_NUMERO,SYSTEM,ALM_REQUERIM,NUMERO,NO ACTION,ENABLED
SYSTEM,CLI_ARCHIVOS,ARCH_REQU_FK,2,REQU_COMPANIA,SYSTEM,ALM_REQUERIM,OFCN_COMPANIA,NO ACTION,ENABLED
SYSTEM,CLI_ARCHIVOS,ARCH_REQU_FK,3,REQU_OFICINA,SYSTEM,ALM_REQUERIM,OFCN_OFICINA,NO ACTION,ENABLED
SYSTEM,CLI_ARCHIVOS,ARCH_REQU_FK,4,REQU_TIPODOCU,SYSTEM,ALM_REQUERIM,TPDC_TIPODOCU,NO ACTION,ENABLED
SYSTEM,CLI_ARCHIVOS,ARCH_RGAC_FK,1,RGAC_RGAC_ID,SYSTEM,RHH_REGIACTI,RGAC_ID,NO ACTION,ENABLED
SYSTEM,CLI_BALANCES,BAL_CUEN_FK,1,CUEN_CUENTA,SYSTEM,CLI_CUENTAS,CUENTA,NO ACTION,ENABLED
SYSTEM,CLI_BALANCES,BAL_SFIN_FK,1,SFIN_COMPANIA,SYSTEM,CLI_SITUAFINAN,SLTD_COMPANIA,NO ACTION,ENABLED
SYSTEM,CLI_BALANCES,BAL_SFIN_FK,2,SFIN_OFICINA,SYSTEM,CLI_SITUAFINAN,SLTD_OFICINA,NO ACTION,ENABLED
SYSTEM,CLI_BALANCES,BAL_SFIN_FK,3,SFIN_NUMESOLI,SYSTEM,CLI_SITUAFINAN,SLTD_NUMESOLI,NO ACTION,ENABLED
SYSTEM,CLI_CALIFICA,CLFC_TPCF_FK,1,TPCF_CODICALI,SYSTEM,CLI_TIPOCALI,CODICALI,NO ACTION,ENABLED
SYSTEM,CLI_CALIFICA,CLFC_TPCF_FK,2,TPCF_COMPANIA,SYSTEM,CLI_TIPOCALI,CMPN_COMPANIA,NO ACTION,ENABLED
SYSTEM,CLI_CODITARJ,COTA_TACR_FK,1,TACR_CODITARJ,SYSTEM,CLI_TARJCRED,CODITARJ,NO ACTION,ENABLED
SYSTEM,CLI_COMITCREDI,CCRE_USUA_FK,1,USUA_IDUSUAR,SYSTEM,SEG_USUARIO,IDUSUAR,NO ACTION,ENABLED
SYSTEM,CLI_CUENCERRA,CUCE_GRTE_FK,1,GRTE_COMPANIA,SYSTEM,CLI_GARANTE,CLTE_COMPANIA,NO ACTION,ENABLED
SYSTEM,CLI_CUENCERRA,CUCE_GRTE_FK,2,GRTE_IDCLIENTE,SYSTEM,CLI_GARANTE,CLTE_IDCLIENTE,NO ACTION,ENABLED
SYSTEM,CLI_CUENCERRA,CUCE_GRTE_FK,3,SLTD_COMPANIA,SYSTEM,CLI_GARANTE,SLTD_COMPANIA,NO ACTION,ENABLED
SYSTEM,CLI_CUENCERRA,CUCE_GRTE_FK,4,GRTE_OFICINA,SYSTEM,CLI_GARANTE,SLTD_OFICINA,NO ACTION,ENABLED
SYSTEM,CLI_CUENCERRA,CUCE_GRTE_FK,5,SLTD_NUMESOLI,SYSTEM,CLI_GARANTE,SLTD_NUMESOLI,NO ACTION,ENABLED
SYSTEM,CLI_CUENTAS,CUEN_CUEN_FK,1,CUEN_CUENTA,SYSTEM,CLI_CUENTAS,CUENTA,NO ACTION,ENABLED
SYSTEM,CLI_DETALINE,DTLN_LNCR_FK,1,LNCR_COMPANIA,SYSTEM,CLI_LINECRED,CLTE_COMPANIA,NO ACTION,ENABLED
SYSTEM,CLI_DETALINE,DTLN_LNCR_FK,2,LNCR_IDCLIENTE,SYSTEM,CLI_LINECRED,CLTE_IDCLIENTE,NO ACTION,ENABLED
SYSTEM,CLI_DIASDESC,DIDE_TPAG_FK,1,TPAG_CODIGO,SYSTEM,CLI_TPAGRUPA,CODIGO,NO ACTION,ENABLED
SYSTEM,CLI_DIRECCION,DRCC_CANT_FK,1,CANT_CODICANT,SYSTEM,GEN_CANTON,CODICANT,NO ACTION,ENABLED
SYSTEM,CLI_DIRECCION,DRCC_CANT_FK,2,CANT_CODIPROV,SYSTEM,GEN_CANTON,PVCA_CODIPROV,NO ACTION,ENABLED
SYSTEM,CLI_DIRECCION,DRCC_PRRQ_FK,1,CANT_CODICANT,SYSTEM,GEN_PARROQS,CANT_CODICANT,NO ACTION,ENABLED
SYSTEM,CLI_DIRECCION,DRCC_PRRQ_FK,2,CANT_CODIPROV,SYSTEM,GEN_PARROQS,CANT_CODIPROV,NO ACTION,ENABLED
SYSTEM,CLI_DIRECCION,DRCC_PRRQ_FK,3,CANT_CODIPARR,SYSTEM,GEN_PARROQS,CODIPARR,NO ACTION,ENABLED
SYSTEM,CLI_DOCUCRED,DCRE_CAMF_FK,1,CAMF_CAMF_ID,SYSTEM,UTL_CAMATFIN,CAMF_ID,NO ACTION,ENABLED
SYSTEM,CLI_DOCUCRED,DCRE_EGEN_FK,1,EGEN_ESTADO,SYSTEM,GEN_ESTADOS,ESTADO,NO ACTION,ENABLED
SYSTEM,CLI_DOCUCRED,DCRE_GASO_FK,1,GASO_GASO_ID,SYSTEM,CLI_GARASOLI,GASO_ID,NO ACTION,ENABLED
SYSTEM,CLI_ESTACLIE,ESCL_TPCL_FK,1,TPCL_TIPOCLIE,SYSTEM,CLI_TIPOCLIE,TIPOCLIE,NO ACTION,ENABLED
SYSTEM,CLI_FAMILIAR,FAMI_TIPA_FK,1,TIPA_TIPOPARA,SYSTEM,GEN_TIPOPARENT,TIPOPARA,NO ACTION,ENABLED
SYSTEM,CLI_FAMILRELAC,VFSO_FAMI_FK,1,FAMI_FAMI_ID,SYSTEM,CLI_FAMILIAR,FAMI_ID,NO ACTION,ENABLED
SYSTEM,CLI_FAMILRELAC,VFSO_SLTD_FK,1,SLTD_COMPANIA,SYSTEM,CLI_SOLICITU,OFCN_COMPANIA,NO ACTION,ENABLED
SYSTEM,CLI_FAMILRELAC,VFSO_SLTD_FK,2,SLTD_OFICINA,SYSTEM,CLI_SOLICITU,OFCN_OFICINA,NO ACTION,ENABLED
SYSTEM,CLI_FAMILRELAC,VFSO_SLTD_FK,3,SLTD_NUMESOLI,SYSTEM,CLI_SOLICITU,NUMESOLI,NO ACTION,ENABLED
SYSTEM,CLI_GARANTE,GRTE_SLTD_FK,1,SLTD_COMPANIA,SYSTEM,CLI_SOLICITU,OFCN_COMPANIA,NO ACTION,ENABLED
SYSTEM,CLI_GARANTE,GRTE_SLTD_FK,2,SLTD_OFICINA,SYSTEM,CLI_SOLICITU,OFCN_OFICINA,NO ACTION,ENABLED
SYSTEM,CLI_GARANTE,GRTE_SLTD_FK,3,SLTD_NUMESOLI,SYSTEM,CLI_SOLICITU,NUMESOLI,NO ACTION,ENABLED
SYSTEM,CLI_GARANTE,GRTE_TGTE_FK,1,TGTE_TIPOGARA,SYSTEM,CLI_TIPOGARTE,TIPOGARA,NO ACTION,ENABLED
SYSTEM,CLI_GARANTE,GRTE_TPRF_FK,1,TPRF_CODIPROF,SYSTEM,CLI_TITUPROF,CODIPROF,NO ACTION,ENABLED
SYSTEM,CLI_GARASOLI,GASO_SLTD_FK,1,SLTD_COMPANIA,SYSTEM,CLI_SOLICITU,OFCN_COMPANIA,NO ACTION,ENABLED
SYSTEM,CLI_GARASOLI,GASO_SLTD_FK,2,SLTD_OFICINA,SYSTEM,CLI_SOLICITU,OFCN_OFICINA,NO ACTION,ENABLED
SYSTEM,CLI_GARASOLI,GASO_SLTD_FK,3,SLTD_NUMESOLI,SYSTEM,CLI_SOLICITU,NUMESOLI,NO ACTION,ENABLED
SYSTEM,CLI_GARASOLI,GASO_TGAR_FK,1,TGAR_TIPOGARA,SYSTEM,GEN_TIPOGARAN,TIPOGARA,NO ACTION,ENABLED
SYSTEM,CLI_HISTCACL,HICL_CTCL_FK,1,CTCL_CATEGORI,SYSTEM,CLI_CATECLIE,CATEGORI,NO ACTION,ENABLED
SYSTEM,CLI_HISTMSCT,HMSC_MASC_FK,1,MASC_IDMASCOT,SYSTEM,CLI_MASCOTA,IDMASCOT,NO ACTION,ENABLED
SYSTEM,CLI_HISTMSCT,HMSC_PRFM_FK,1,PRFM_PRFM_ID,SYSTEM,VEN_PROFORMA,PRFM_ID,NO ACTION,ENABLED
SYSTEM,CLI_INGEGRMENS,IEME_DEIE_FK,1,DEIE_TIPOINEG,SYSTEM,CLI_DETAINGEGR,TIPOINEG,NO ACTION,ENABLED
SYSTEM,CLI_INGEGRMENS,IEME_SLTD_FK,1,SLTD_COMPANIA,SYSTEM,CLI_SOLICITU,OFCN_COMPANIA,NO ACTION,ENABLED
SYSTEM,CLI_INGEGRMENS,IEME_SLTD_FK,2,SLTD_OFICINA,SYSTEM,CLI_SOLICITU,OFCN_OFICINA,NO ACTION,ENABLED
SYSTEM,CLI_INGEGRMENS,IEME_SLTD_FK,3,SLTD_NUMESOLI,SYSTEM,CLI_SOLICITU,NUMESOLI,NO ACTION,ENABLED
SYSTEM,CLI_INTEGCOMIT,ICOM_CCRE_FK,1,CCRE_ROL,SYSTEM,CLI_COMITCREDI,ROL,NO ACTION,ENABLED
SYSTEM,CLI_INTEGCOMIT,ICOM_CCRE_FK,2,CCRE_IDUSUAR,SYSTEM,CLI_COMITCREDI,USUA_IDUSUAR,NO ACTION,ENABLED
SYSTEM,CLI_INTEGCOMIT,ICOM_SLTD_FK,1,SLTD_COMPANIA,SYSTEM,CLI_SOLICITU,OFCN_COMPANIA,NO ACTION,ENABLED
SYSTEM,CLI_INTEGCOMIT,ICOM_SLTD_FK,2,SLTD_OFICINA,SYSTEM,CLI_SOLICITU,OFCN_OFICINA,NO ACTION,ENABLED
SYSTEM,CLI_INTEGCOMIT,ICOM_SLTD_FK,3,SLTD_NUMESOLI,SYSTEM,CLI_SOLICITU,NUMESOLI,NO ACTION,ENABLED
SYSTEM,CLI_INVESCENTR,ICEN_GRTE_FK,1,GRTE_COMPANIA,SYSTEM,CLI_GARANTE,CLTE_COMPANIA,NO ACTION,ENABLED
SYSTEM,CLI_INVESCENTR,ICEN_GRTE_FK,2,GRTE_IDCLIENTE,SYSTEM,CLI_GARANTE,CLTE_IDCLIENTE,NO ACTION,ENABLED
SYSTEM,CLI_INVESCENTR,ICEN_GRTE_FK,3,SLTD_COMPANIA,SYSTEM,CLI_GARANTE,SLTD_COMPANIA,NO ACTION,ENABLED
SYSTEM,CLI_INVESCENTR,ICEN_GRTE_FK,4,SLTD_OFICINA,SYSTEM,CLI_GARANTE,SLTD_OFICINA,NO ACTION,ENABLED
SYSTEM,CLI_INVESCENTR,ICEN_GRTE_FK,5,SLTD_NUMESOLI,SYSTEM,CLI_GARANTE,SLTD_NUMESOLI,NO ACTION,ENABLED
SYSTEM,CLI_INVESCENTR,ICEN_TIMO_FK,1,TIMO_CODIMONT,SYSTEM,CLI_TIPOMONT,CODIMONT,NO ACTION,ENABLED
SYSTEM,CLI_NEGOCPROPI,NPRO_CANT_FK,1,CANT_CODICANT,SYSTEM,GEN_CANTON,CODICANT,NO ACTION,ENABLED
SYSTEM,CLI_NEGOCPROPI,NPRO_CANT_FK,2,CANT_CODIPROV,SYSTEM,GEN_CANTON,PVCA_CODIPROV,NO ACTION,ENABLED
SYSTEM,CLI_NEGOCPROPI,NPRO_SLTD_FK,1,SLTD_COMPANIA,SYSTEM,CLI_SOLICITU,OFCN_COMPANIA,NO ACTION,ENABLED
SYSTEM,CLI_NEGOCPROPI,NPRO_SLTD_FK,2,SLTD_OFICINA,SYSTEM,CLI_SOLICITU,OFCN_OFICINA,NO ACTION,ENABLED
SYSTEM,CLI_NEGOCPROPI,NPRO_SLTD_FK,3,SLTD_NUMESOLI,SYSTEM,CLI_SOLICITU,NUMESOLI,NO ACTION,ENABLED
SYSTEM,CLI_OTRACTRELA,OARE_OACT_FK,1,OACT_OACT_ID,SYSTEM,CLI_OTROACTIVO,OACT_ID,NO ACTION,ENABLED
SYSTEM,CLI_OTRACTRELA,OARE_SLTD_FK,1,SLTD_COMPANIA,SYSTEM,CLI_SOLICITU,OFCN_COMPANIA,NO ACTION,ENABLED
SYSTEM,CLI_OTRACTRELA,OARE_SLTD_FK,2,SLTD_OFICINA,SYSTEM,CLI_SOLICITU,OFCN_OFICINA,NO ACTION,ENABLED
SYSTEM,CLI_OTRACTRELA,OARE_SLTD_FK,3,SLTD_NUMESOLI,SYSTEM,CLI_SOLICITU,NUMESOLI,NO ACTION,ENABLED
SYSTEM,CLI_PARACTCL,PACC_CCLI_FK,1,CCLI_CLASE,SYSTEM,CLI_CLASCLIE,CLASE,NO ACTION,ENABLED
SYSTEM,CLI_PARACTCL,PACC_CCLI_FK,2,CCLI_COMPANIA,SYSTEM,CLI_CLASCLIE,CMPN_COMPANIA,NO ACTION,ENABLED
SYSTEM,CLI_PARACTCL,PACC_CTCL_FK,1,CTCL_CATEGORI,SYSTEM,CLI_CATECLIE,CATEGORI,NO ACTION,ENABLED
SYSTEM,CLI_PARACTCL,PACC_LICP_FK,1,LICP_CODIGO,SYSTEM,ALM_LINECOMP,CODIGO,NO ACTION,ENABLED
SYSTEM,CLI_PARAEXPO,CLPE_EMBA_FK,1,EMBA_CODIGO,SYSTEM,IMP_EMBACARD,CODIGO,NO ACTION,ENABLED
SYSTEM,CLI_PARAEXPO,CLPE_INCT_FK,1,INCT_CODIGO,SYSTEM,IMP_INCOTERMS,CODIGO,NO ACTION,ENABLED
SYSTEM,CLI_PASIVRELAC,PARE_PASI_FK,1,PASI_PASI_ID,SYSTEM,CLI_PASIVOS,PASI_ID,NO ACTION,ENABLED
SYSTEM,CLI_PASIVRELAC,PARE_SLTD_FK,1,SLTD_COMPANIA,SYSTEM,CLI_SOLICITU,OFCN_COMPANIA,NO ACTION,ENABLED
SYSTEM,CLI_PASIVRELAC,PARE_SLTD_FK,2,SLTD_OFICINA,SYSTEM,CLI_SOLICITU,OFCN_OFICINA,NO ACTION,ENABLED
SYSTEM,CLI_PASIVRELAC,PARE_SLTD_FK,3,SLTD_NUMESOLI,SYSTEM,CLI_SOLICITU,NUMESOLI,NO ACTION,ENABLED
SYSTEM,CLI_PROCLIRELA,PCRE_PRCL_FK,1,PRCL_PRCL_ID,SYSTEM,CLI_PROPICLIEN,PRCL_ID,NO ACTION,ENABLED
SYSTEM,CLI_PROCLIRELA,PCRE_SLTD_FK,1,SLTD_COMPANIA,SYSTEM,CLI_SOLICITU,OFCN_COMPANIA,NO ACTION,ENABLED
SYSTEM,CLI_PROCLIRELA,PCRE_SLTD_FK,2,SLTD_OFICINA,SYSTEM,CLI_SOLICITU,OFCN_OFICINA,NO ACTION,ENABLED
SYSTEM,CLI_PROCLIRELA,PCRE_SLTD_FK,3,SLTD_NUMESOLI,SYSTEM,CLI_SOLICITU,NUMESOLI,NO ACTION,ENABLED
SYSTEM,CLI_RANGCALI,RGCL_TPCF_FK,1,TPCF_CODICALI,SYSTEM,CLI_TIPOCALI,CODICALI,NO ACTION,ENABLED
SYSTEM,CLI_RANGCALI,RGCL_TPCF_FK,2,TPCF_COMPANIA,SYSTEM,CLI_TIPOCALI,CMPN_COMPANIA,NO ACTION,ENABLED
SYSTEM,CLI_RCCLCORR,RCCO_RCDP_FK,1,RCDP_COMPANIA,SYSTEM,CLI_RCCLDAPE,CLTE_COMPANIA,NO ACTION,ENABLED
SYSTEM,CLI_RCCLCORR,RCCO_RCDP_FK,2,RCDP_IDCLIENTE,SYSTEM,CLI_RCCLDAPE,CLTE_IDCLIENTE,NO ACTION,ENABLED
SYSTEM,CLI_RCCLCORR,RCCO_RCDP_FK,3,RCDP_IDRESCLI,SYSTEM,CLI_RCCLDAPE,IDRESCLI,NO ACTION,ENABLED
SYSTEM,CLI_RCCLDIRE,RCDI_GUZO_FK,1,GUZO_ID,SYSTEM,GEN_UBICZONA,ID,NO ACTION,ENABLED
SYSTEM,CLI_RCCLDIRE,RCDI_RCDP_FK,1,RCDP_COMPANIA,SYSTEM,CLI_RCCLDAPE,CLTE_COMPANIA,NO ACTION,ENABLED
SYSTEM,CLI_RCCLDIRE,RCDI_RCDP_FK,2,RCDP_IDCLIENTE,SYSTEM,CLI_RCCLDAPE,CLTE_IDCLIENTE,NO ACTION,ENABLED
SYSTEM,CLI_RCCLDIRE,RCDI_RCDP_FK,3,RCDP_IDRESCLI,SYSTEM,CLI_RCCLDAPE,IDRESCLI,NO ACTION,ENABLED
SYSTEM,CLI_RCCLNUEX,RNEX_RCTE_FK,1,RCTE_RCTE_ID,SYSTEM,CLI_RCCLNUTE,RCTE_ID,NO ACTION,ENABLED
SYSTEM,CLI_RCCLNUTE,RCTE_PAIS_FK,1,PAIS_CODIPAIS,SYSTEM,GEN_PAIS,CODIPAIS,NO ACTION,ENABLED
SYSTEM,CLI_RCCLNUTE,RCTE_PVCA_FK,1,PVCA_CODIPROV,SYSTEM,GEN_PROVINCIA,CODIPROV,NO ACTION,ENABLED
SYSTEM,CLI_RCCLNUTE,RCTE_RCDI_FK,1,RCDI_RCDI_ID,SYSTEM,CLI_RCCLDIRE,RCDI_ID,NO ACTION,ENABLED
SYSTEM,CLI_RCCLNUTE,RCTE_TPFN_FK,1,TPFN_TIPOTELE,SYSTEM,CLI_TIPOTELE,TIPOTELE,NO ACTION,ENABLED
SYSTEM,CLI_REFBANRELA,RBRE_RBAN_FK,1,RBAN_RBAN_ID,SYSTEM,CLI_REFERBANC,RBAN_ID,NO ACTION,ENABLED
SYSTEM,CLI_REFBANRELA,RBRE_SLTD_FK,1,SLTD_COMPANIA,SYSTEM,CLI_SOLICITU,OFCN_COMPANIA,NO ACTION,ENABLED
SYSTEM,CLI_REFBANRELA,RBRE_SLTD_FK,2,SLTD_OFICINA,SYSTEM,CLI_SOLICITU,OFCN_OFICINA,NO ACTION,ENABLED
SYSTEM,CLI_REFBANRELA,RBRE_SLTD_FK,3,SLTD_NUMESOLI,SYSTEM,CLI_SOLICITU,NUMESOLI,NO ACTION,ENABLED
SYSTEM,CLI_REFCOMRELA,RCRE_RCOM_FK,1,RCOM_RCOM_ID,SYSTEM,CLI_REFERCOMER,RCOM_ID,NO ACTION,ENABLED
SYSTEM,CLI_REFCOMRELA,RCRE_SLTD_FK,1,SLTD_COMPANIA,SYSTEM,CLI_SOLICITU,OFCN_COMPANIA,NO ACTION,ENABLED
SYSTEM,CLI_REFCOMRELA,RCRE_SLTD_FK,2,SLTD_OFICINA,SYSTEM,CLI_SOLICITU,OFCN_OFICINA,NO ACTION,ENABLED
SYSTEM,CLI_REFCOMRELA,RCRE_SLTD_FK,3,SLTD_NUMESOLI,SYSTEM,CLI_SOLICITU,NUMESOLI,NO ACTION,ENABLED
SYSTEM,CLI_REFENTARJE,RTAR_CPRT_FK,1,CPRT_COMPANIA,SYSTEM,CLI_CORPORATIVO,CLTE_COMPANIA,NO ACTION,ENABLED
SYSTEM,CLI_REFENTARJE,RTAR_CPRT_FK,2,CPRT_IDCLIENTE,SYSTEM,CLI_CORPORATIVO,CLTE_IDCLIENTE,NO ACTION,ENABLED
SYSTEM,CLI_REFENTARJE,RTAR_TACR_FK,1,TACR_CODITARJ,SYSTEM,CLI_TARJCRED,CODITARJ,NO ACTION,ENABLED
SYSTEM,CLI_REFERBANC,RBAN_BANC_FK,1,BANC_IDBANCO,SYSTEM,GEN_BANCOS,IDBANCO,NO ACTION,ENABLED
SYSTEM,CLI_REFTARRELA,RTRE_RTAR_FK,1,RTAR_RTAR_ID,SYSTEM,CLI_REFENTARJE,RTAR_ID,NO ACTION,ENABLED
SYSTEM,CLI_REFTARRELA,RTRE_SLTD_FK,1,SLTD_COMPANIA,SYSTEM,CLI_SOLICITU,OFCN_COMPANIA,NO ACTION,ENABLED
SYSTEM,CLI_REFTARRELA,RTRE_SLTD_FK,2,SLTD_OFICINA,SYSTEM,CLI_SOLICITU,OFCN_OFICINA,NO ACTION,ENABLED
SYSTEM,CLI_REFTARRELA,RTRE_SLTD_FK,3,SLTD_NUMESOLI,SYSTEM,CLI_SOLICITU,NUMESOLI,NO ACTION,ENABLED
SYSTEM,CLI_REGLASCOMITE,RECO_CCRE_FK,1,CCRE_ROL,SYSTEM,CLI_COMITCREDI,ROL,NO ACTION,ENABLED
SYSTEM,CLI_REGLASCOMITE,RECO_CCRE_FK,2,CCRE_IDUSUAR,SYSTEM,CLI_COMITCREDI,USUA_IDUSUAR,NO ACTION,ENABLED
SYSTEM,CLI_SITUAFINAN,SFIN_SLTD_FK,1,SLTD_COMPANIA,SYSTEM,CLI_SOLICITU,OFCN_COMPANIA,NO ACTION,ENABLED
SYSTEM,CLI_SITUAFINAN,SFIN_SLTD_FK,2,SLTD_OFICINA,SYSTEM,CLI_SOLICITU,OFCN_OFICINA,NO ACTION,ENABLED
SYSTEM,CLI_SITUAFINAN,SFIN_SLTD_FK,3,SLTD_NUMESOLI,SYSTEM,CLI_SOLICITU,NUMESOLI,NO ACTION,ENABLED
SYSTEM,CLI_SOLICITU,SLTD_ACTI_FK,1,ACTI_ACTI_ID,SYSTEM,CLI_ACTIVCLIEN,ACTI_ID,NO ACTION,ENABLED
SYSTEM,CLI_SOLICITU,SLTD_ESOL_FK,1,ESOL_ESTADO,SYSTEM,CLI_ESTADSOLIC,ESTADO,NO ACTION,ENABLED
SYSTEM,CLI_SOLICITU,SLTD_TPCF_FK,1,TPCF_CODICALI,SYSTEM,CLI_TIPOCALI,CODICALI,NO ACTION,ENABLED
SYSTEM,CLI_SOLICITU,SLTD_TPCF_FK,2,TPCF_COMPANIA,SYSTEM,CLI_TIPOCALI,CMPN_COMPANIA,NO ACTION,ENABLED
SYSTEM,CLI_TARJCRED,TACR_BANC_FK,1,BANC_IDBANCO,SYSTEM,GEN_BANCOS,IDBANCO,NO ACTION,ENABLED
SYSTEM,CLI_TARJCRED,TACR_TACR_FK,1,TACR_CODITARJ,SYSTEM,CLI_TARJCRED,CODITARJ,NO ACTION,ENABLED
SYSTEM,CLI_TPAGRUPA,TPAG_TPAG_FK,1,TPAG_CODIGO,SYSTEM,CLI_TPAGRUPA,CODIGO,NO ACTION,ENABLED
SYSTEM,CLI_VEHACTRELA,VARE_SLTD_FK,1,SLTD_COMPANIA,SYSTEM,CLI_SOLICITU,OFCN_COMPANIA,NO ACTION,ENABLED
SYSTEM,CLI_VEHACTRELA,VARE_SLTD_FK,2,SLTD_OFICINA,SYSTEM,CLI_SOLICITU,OFCN_OFICINA,NO ACTION,ENABLED
SYSTEM,CLI_VEHACTRELA,VARE_SLTD_FK,3,SLTD_NUMESOLI,SYSTEM,CLI_SOLICITU,NUMESOLI,NO ACTION,ENABLED
SYSTEM,CLI_VEHACTRELA,VARE_VEHA_FK,1,VEHA_VEHA_ID,SYSTEM,CLI_VEHICACTIV,VEHA_ID,NO ACTION,ENABLED
SYSTEM,CLI_VEHICULO,VHCL_MDVH_FK,1,MDVH_CODMD,SYSTEM,GEN_MODEVEHI,CODMD,NO ACTION,ENABLED
SYSTEM,CLI_VEHICULO,VHCL_MDVH_FK,2,MDVH_CODMR,SYSTEM,GEN_MODEVEHI,MRVH_CODMR,NO ACTION,ENABLED
SYSTEM,CLI_VISICLIE,VSCL_RUCL_FK,1,VNDR_COMPANIA,SYSTEM,CLI_RUTECLIE,VNDR_COMPANIA,NO ACTION,ENABLED
SYSTEM,CLI_VISICLIE,VSCL_RUCL_FK,2,DIA_VISITA,SYSTEM,CLI_RUTECLIE,DIA_VISITA,NO ACTION,ENABLED
SYSTEM,CLI_VISICLIE,VSCL_RUCL_FK,3,CLTE_ID,SYSTEM,CLI_RUTECLIE,CLTE_ID,NO ACTION,ENABLED
SYSTEM,CLI_VISICLIE,VSCL_RUCL_FK,4,CLTE_COMPANIA,SYSTEM,CLI_RUTECLIE,CLTE_COMPANIA,NO ACTION,ENABLED
SYSTEM,CLI_VISICLIE,VSCL_RUCL_FK,5,VNDR_CODIGO,SYSTEM,CLI_RUTECLIE,VNDR_CODIGO,NO ACTION,ENABLED
SYSTEM,CLI_VISICLIE,VSCL_RUCL_FK,6,VNDR_OFCN,SYSTEM,CLI_RUTECLIE,VNDR_OFCN,NO ACTION,ENABLED
SYSTEM,CNT_ASIECONS,ASCO_INCN_FK,1,INCN_COMPANIA,SYSTEM,CNT_INTECONT,CMPN_COMPANIA,NO ACTION,ENABLED
SYSTEM,CNT_ASIECONS,ASCO_INCN_FK,2,INCN_PRODUCTO,SYSTEM,CNT_INTECONT,PRDT_PRODUCTO,NO ACTION,ENABLED
SYSTEM,CNT_ASIECONS,ASCO_INCN_FK,3,INCN_TIPODOCU,SYSTEM,CNT_INTECONT,TPDC_TIPODOCU,NO ACTION,ENABLED
SYSTEM,CNT_ASIECONS,ASCO_INCN_FK,4,INCN_CODITRAN,SYSTEM,CNT_INTECONT,CODITRAN,NO ACTION,ENABLED
SYSTEM,CNT_ASIENTO,ASTO_ASCO_FK,1,ASCO_NUMERESU,SYSTEM,CNT_ASIECONS,NUMERESU,NO ACTION,ENABLED
SYSTEM,CNT_ASIENTO,ASTO_ASCO_FK,2,ASCO_COMPANIA,SYSTEM,CNT_ASIECONS,CMPN_COMPANIA,NO ACTION,ENABLED
SYSTEM,CNT_ASIENTO,ASTO_ASTO_FK,1,ASTO_COMPANIA,SYSTEM,CNT_ASIENTO,CMPN_COMPANIA,NO ACTION,ENABLED
SYSTEM,CNT_ASIENTO,ASTO_ASTO_FK,2,ASTO_NUMEDIAR,SYSTEM,CNT_ASIENTO,NUMEDIAR,NO ACTION,ENABLED
SYSTEM,CNT_ASIENTO,ASTO_INCN_FK,1,INCN_COMPANIA,SYSTEM,CNT_INTECONT,CMPN_COMPANIA,NO ACTION,ENABLED
SYSTEM,CNT_ASIENTO,ASTO_INCN_FK,2,INCN_PRODUCTO,SYSTEM,CNT_INTECONT,PRDT_PRODUCTO,NO ACTION,ENABLED
SYSTEM,CNT_ASIENTO,ASTO_INCN_FK,3,INCN_TIPODOCU,SYSTEM,CNT_INTECONT,TPDC_TIPODOCU,NO ACTION,ENABLED
SYSTEM,CNT_ASIENTO,ASTO_INCN_FK,4,INCN_CODITRAN,SYSTEM,CNT_INTECONT,CODITRAN,NO ACTION,ENABLED
SYSTEM,CNT_ASIENTO,ASTO_MONE_FK,1,MONE_MONEDA,SYSTEM,GEN_MONEDA,MONEDA,NO ACTION,ENABLED
SYSTEM,CNT_ASIENTO,ASTO_TPDC_FK,1,TPDC_TIPODOCU,SYSTEM,GEN_TIPODOCU,TIPODOCU,NO ACTION,ENABLED
SYSTEM,CNT_AUXRETEN,AXCR_TRET_FK,1,TRET_TIPORETE,SYSTEM,CNT_TIPORETE,TIPORETE,NO ACTION,ENABLED
SYSTEM,CNT_BALAHIST,BHIS_CCST_FK,1,CCST_COMPANIA,SYSTEM,GEN_CENTCOST,OFCN_COMPANIA,NO ACTION,ENABLED
SYSTEM,CNT_BALAHIST,BHIS_CCST_FK,2,CCST_OFICINA,SYSTEM,GEN_CENTCOST,OFCN_OFICINA,NO ACTION,ENABLED
SYSTEM,CNT_BALAHIST,BHIS_CCST_FK,3,CCST_CODIGO,SYSTEM,GEN_CENTCOST,CODIGO,NO ACTION,ENABLED
SYSTEM,CNT_BALAHIST,BHIS_CTAS_FK,1,CTAS_COMPANIA,SYSTEM,CNT_CUENTAS,CTLG_COMPANIA,NO ACTION,ENABLED
SYSTEM,CNT_BALAHIST,BHIS_CTAS_FK,2,CTAS_CATALOGO,SYSTEM,CNT_CUENTAS,CTLG_CATALOGO,NO ACTION,ENABLED
SYSTEM,CNT_BALAHIST,BHIS_CTAS_FK,3,CTAS_CODIGO,SYSTEM,CNT_CUENTAS,CODIGO,NO ACTION,ENABLED
SYSTEM,CNT_BALAHIST,BHIS_MONE_FK,1,MONE_MONEDA,SYSTEM,GEN_MONEDA,MONEDA,NO ACTION,ENABLED
SYSTEM,CNT_CATALOGO,CTLG_CTLG_FK,1,CTLG_COMPANIA,SYSTEM,CNT_CATALOGO,CMPN_COMPANIA,NO ACTION,ENABLED
SYSTEM,CNT_CATALOGO,CTLG_CTLG_FK,2,CTLG_CATALOGO,SYSTEM,CNT_CATALOGO,CATALOGO,NO ACTION,ENABLED
SYSTEM,CNT_COSUSSEC,CMSS_SCTR_FK,1,SCTR_SECUTRAN,SYSTEM,CNT_SECUTRAN,SECUTRAN,NO ACTION,ENABLED
SYSTEM,CNT_COSUSSEC,CMSS_STCM_FK,1,STCM_SUSTENTO,SYSTEM,CNT_SUSTCOMP,SUSTENTO,NO ACTION,ENABLED
SYSTEM,CNT_COSUSSEC,CMSS_TPCM_FK,1,TPCM_TIPOCOMP,SYSTEM,CNT_TIPOCOMP,TIPOCOMP,NO ACTION,ENABLED
SYSTEM,CNT_CTASBALA,CCA_CTAS_FK,1,CTAS_COMPANIA,SYSTEM,CNT_CUENTAS,CTLG_COMPANIA,NO ACTION,ENABLED
SYSTEM,CNT_CTASBALA,CCA_CTAS_FK,2,CTAS_CATALOGO,SYSTEM,CNT_CUENTAS,CTLG_CATALOGO,NO ACTION,ENABLED
SYSTEM,CNT_CTASBALA,CCA_CTAS_FK,3,CTAS_CODIGO,SYSTEM,CNT_CUENTAS,CODIGO,NO ACTION,ENABLED
SYSTEM,CNT_CTASBALA,CCA_MONE_FK,1,MONE_MONEDA,SYSTEM,GEN_MONEDA,MONEDA,NO ACTION,ENABLED
SYSTEM,CNT_CUENTAS,CTAS_CTAS_FK,1,CTAS_COMPANIA,SYSTEM,CNT_CUENTAS,CTLG_COMPANIA,NO ACTION,ENABLED
SYSTEM,CNT_CUENTAS,CTAS_CTAS_FK,2,CTAS_CATALOGO,SYSTEM,CNT_CUENTAS,CTLG_CATALOGO,NO ACTION,ENABLED
SYSTEM,CNT_CUENTAS,CTAS_CTAS_FK,3,CTAS_CODIGO,SYSTEM,CNT_CUENTAS,CODIGO,NO ACTION,ENABLED
SYSTEM,CNT_CUENTAS,CTAS_CTLG_FK,1,CTLG_COMPANIA,SYSTEM,CNT_CATALOGO,CMPN_COMPANIA,NO ACTION,ENABLED
SYSTEM,CNT_CUENTAS,CTAS_CTLG_FK,2,CTLG_CATALOGO,SYSTEM,CNT_CATALOGO,CATALOGO,NO ACTION,ENABLED
SYSTEM,CNT_CUENTAS,CTAS_TCTA_FK,1,TCTA_TIPOCTA,SYSTEM,CNT_TIPOCUENTA,TIPOCTA,NO ACTION,ENABLED
SYSTEM,CNT_DEASIECONS,DASC_ASCO_FK,1,ASCO_NUMERESU,SYSTEM,CNT_ASIECONS,NUMERESU,CASCADE,ENABLED
SYSTEM,CNT_DEASIECONS,DASC_ASCO_FK,2,ASCO_COMPANIA,SYSTEM,CNT_ASIECONS,CMPN_COMPANIA,CASCADE,ENABLED
SYSTEM,CNT_DEASIECONS,DASC_CTAS_FK,1,CTAS_COMPANIA,SYSTEM,CNT_CUENTAS,CTLG_COMPANIA,NO ACTION,ENABLED
SYSTEM,CNT_DEASIECONS,DASC_CTAS_FK,2,CTAS_CATALOGO,SYSTEM,CNT_CUENTAS,CTLG_CATALOGO,NO ACTION,ENABLED
SYSTEM,CNT_DEASIECONS,DASC_CTAS_FK,3,CTAS_CODIGO,SYSTEM,CNT_CUENTAS,CODIGO,NO ACTION,ENABLED
SYSTEM,CNT_DEINTECONT,DTIC_CAFJ_FK,1,CAFJ_CLASE,SYSTEM,AFJ_CLASACTI,CLASE,NO ACTION,ENABLED
SYSTEM,CNT_DEINTECONT,DTIC_CAFJ_FK,2,CAFJ_COMPANIA,SYSTEM,AFJ_CLASACTI,CMPN_COMPANIA,NO ACTION,ENABLED
SYSTEM,CNT_DEINTECONT,DTIC_CCLI_FK,1,CCLI_CLASE,SYSTEM,CLI_CLASCLIE,CLASE,NO ACTION,ENABLED
SYSTEM,CNT_DEINTECONT,DTIC_CCLI_FK,2,CCLI_COMPANIA,SYSTEM,CLI_CLASCLIE,CMPN_COMPANIA,NO ACTION,ENABLED
SYSTEM,CNT_DEINTECONT,DTIC_CINV_FK,1,CINV_COMPANIA,SYSTEM,ALM_CLASINVE,CMPN_COMPANIA,NO ACTION,ENABLED
SYSTEM,CNT_DEINTECONT,DTIC_CINV_FK,2,CINV_CLASE,SYSTEM,ALM_CLASINVE,CLASE,NO ACTION,ENABLED
SYSTEM,CNT_DEINTECONT,DTIC_CPRO_FK,1,CPRO_COMPANIA,SYSTEM,PAG_CLASPROV,CMPN_COMPANIA,NO ACTION,ENABLED
SYSTEM,CNT_DEINTECONT,DTIC_CPRO_FK,2,CPRO_CLASE,SYSTEM,PAG_CLASPROV,CLASE,NO ACTION,ENABLED
SYSTEM,CNT_DEINTECONT,DTIC_CTAS_FK,1,CTAS_COMPANIA,SYSTEM,CNT_CUENTAS,CTLG_COMPANIA,NO ACTION,ENABLED
SYSTEM,CNT_DEINTECONT,DTIC_CTAS_FK,2,CTAS_CATALOGO,SYSTEM,CNT_CUENTAS,CTLG_CATALOGO,NO ACTION,ENABLED
SYSTEM,CNT_DEINTECONT,DTIC_CTAS_FK,3,CTAS_CODIGO,SYSTEM,CNT_CUENTAS,CODIGO,NO ACTION,ENABLED
SYSTEM,CNT_DEINTECONT,DTIC_DFRL_FK,1,DFRL_TIPO,SYSTEM,RHH_DEFINROL,TIPO,NO ACTION,ENABLED
SYSTEM,CNT_DEINTECONT,DTIC_INCN_FK,1,INCN_COMPANIA,SYSTEM,CNT_INTECONT,CMPN_COMPANIA,NO ACTION,ENABLED
SYSTEM,CNT_DEINTECONT,DTIC_INCN_FK,2,INCN_PRODUCTO,SYSTEM,CNT_INTECONT,PRDT_PRODUCTO,NO ACTION,ENABLED
SYSTEM,CNT_DEINTECONT,DTIC_INCN_FK,3,INCN_TIPODOCU,SYSTEM,CNT_INTECONT,TPDC_TIPODOCU,NO ACTION,ENABLED
SYSTEM,CNT_DEINTECONT,DTIC_INCN_FK,4,INCN_CODITRAN,SYSTEM,CNT_INTECONT,CODITRAN,NO ACTION,ENABLED
SYSTEM,CNT_DEINTECONT,DTIC_TPPR_FK,1,TPPR_CODIPROV,SYSTEM,RHH_TIPOPROV,CODIPROV,NO ACTION,ENABLED
SYSTEM,CNT_DEINTECONT,DTIC_TRIN_FK,1,TRIN_CODITRAN,SYSTEM,CNT_TRANINTE,CODITRAN,NO ACTION,ENABLED
SYSTEM,CNT_DETASIENTO,DAST_ASTO_FK,1,ASTO_COMPANIA,SYSTEM,CNT_ASIENTO,CMPN_COMPANIA,CASCADE,DISABLED
SYSTEM,CNT_DETASIENTO,DAST_ASTO_FK,2,ASTO_NUMEDIAR,SYSTEM,CNT_ASIENTO,NUMEDIAR,CASCADE,DISABLED
SYSTEM,CNT_DETASIENTO,DAST_CCST_FK,1,CCST_COMPANIA,SYSTEM,GEN_CENTCOST,OFCN_COMPANIA,NO ACTION,ENABLED
SYSTEM,CNT_DETASIENTO,DAST_CCST_FK,2,CCST_OFICINA,SYSTEM,GEN_CENTCOST,OFCN_OFICINA,NO ACTION,ENABLED
SYSTEM,CNT_DETASIENTO,DAST_CCST_FK,3,CCST_CODIGO,SYSTEM,GEN_CENTCOST,CODIGO,NO ACTION,ENABLED
SYSTEM,CNT_DETASIENTO,DAST_CTAS_FK,1,CTAS_COMPANIA,SYSTEM,CNT_CUENTAS,CTLG_COMPANIA,NO ACTION,ENABLED
SYSTEM,CNT_DETASIENTO,DAST_CTAS_FK,2,CTAS_CATALOGO,SYSTEM,CNT_CUENTAS,CTLG_CATALOGO,NO ACTION,ENABLED
SYSTEM,CNT_DETASIENTO,DAST_CTAS_FK,3,CTAS_CODIGO,SYSTEM,CNT_CUENTAS,CODIGO,NO ACTION,ENABLED
SYSTEM,CNT_DETASIENTO,DAST_DAST_FK,1,DAST_DAST_ID,SYSTEM,CNT_DETASIENTO,DAST_ID,NO ACTION,ENABLED
SYSTEM,CNT_DETIPIMP,DTIP_TPIM_FK,1,TPIM_TIPOIMPU,SYSTEM,CNT_TIPOIMPU,TIPOIMPU,NO ACTION,ENABLED
SYSTEM,CNT_INTECONT,INCN_PRDT_FK,1,PRDT_PRODUCTO,SYSTEM,GEN_PRODUCTOS,PRODUCTO,NO ACTION,ENABLED
SYSTEM,CNT_INTECONT,INCN_TPDC_FK,1,TPDC_TIPODOCU,SYSTEM,GEN_TIPODOCU,TIPODOCU,NO ACTION,ENABLED
SYSTEM,CNT_INTPROCESO,IPRO_ASTO_FK,1,ASTO_COMPANIA,SYSTEM,CNT_ASIENTO,CMPN_COMPANIA,NO ACTION,ENABLED
SYSTEM,CNT_INTPROCESO,IPRO_ASTO_FK,2,ASTO_NUMEDIAR,SYSTEM,CNT_ASIENTO,NUMEDIAR,NO ACTION,ENABLED
SYSTEM,CNT_INTPROCESO,IPRO_DEPT_FK,1,DEPT_COMPANIA,SYSTEM,RHH_DEPARTAM,OFCN_COMPANIA,NO ACTION,ENABLED
SYSTEM,CNT_INTPROCESO,IPRO_DEPT_FK,2,DEPT_OFICINA,SYSTEM,RHH_DEPARTAM,OFCN_OFICINA,NO ACTION,ENABLED
SYSTEM,CNT_INTPROCESO,IPRO_DEPT_FK,3,DEPT_CODIDEPA,SYSTEM,RHH_DEPARTAM,CODIDEPA,NO ACTION,ENABLED
SYSTEM,CNT_INTPROCESO,IPRO_INCN_FK,1,INCN_COMPANIA,SYSTEM,CNT_INTECONT,CMPN_COMPANIA,NO ACTION,ENABLED
SYSTEM,CNT_INTPROCESO,IPRO_INCN_FK,2,INCN_PRODUCTO,SYSTEM,CNT_INTECONT,PRDT_PRODUCTO,NO ACTION,ENABLED
SYSTEM,CNT_INTPROCESO,IPRO_INCN_FK,3,INCN_TIPODOCU,SYSTEM,CNT_INTECONT,TPDC_TIPODOCU,NO ACTION,ENABLED
SYSTEM,CNT_INTPROCESO,IPRO_INCN_FK,4,INCN_CODITRAN,SYSTEM,CNT_INTECONT,CODITRAN,NO ACTION,ENABLED
SYSTEM,CNT_RETENCION,RETE_ASTO_FK,1,ASTO_COMPANIA,SYSTEM,CNT_ASIENTO,CMPN_COMPANIA,NO ACTION,ENABLED
SYSTEM,CNT_RETENCION,RETE_ASTO_FK,2,ASTO_NUMEDIAR,SYSTEM,CNT_ASIENTO,NUMEDIAR,NO ACTION,ENABLED
SYSTEM,CNT_RETENCION,RETE_EGEN_FK,1,EGEN_ESTADO,SYSTEM,GEN_ESTADOS,ESTADO,NO ACTION,ENABLED
SYSTEM,CNT_RETENCION,RETE_OTRC_FK,1,OTRC_OTRC_ID,SYSTEM,COB_OTRODEBI,OTRC_ID,NO ACTION,ENABLED
SYSTEM,CNT_RETENCION,RETE_OTRS_FK,1,OTRS_OTRS_ID,SYSTEM,PAG_OTRSCTAS,OTRS_ID,NO ACTION,ENABLED
SYSTEM,CNT_RETENCION,RETE_TRET_FK,1,TRET_TIPORETE,SYSTEM,CNT_TIPORETE,TIPORETE,NO ACTION,ENABLED
SYSTEM,CNT_RETENCION,RETE_VNTA_FK,1,VNTA_COMPANIA,SYSTEM,VEN_VENTAS,OFCN_COMPANIA,NO ACTION,ENABLED
SYSTEM,CNT_RETENCION,RETE_VNTA_FK,2,VNTA_OFICINA,SYSTEM,VEN_VENTAS,OFCN_OFICINA,NO ACTION,ENABLED
SYSTEM,CNT_RETENCION,RETE_VNTA_FK,3,VNTA_SERIE,SYSTEM,VEN_VENTAS,SERIE,NO ACTION,ENABLED
SYSTEM,CNT_RETENCION,RETE_VNTA_FK,4,VNTA_NUMERO,SYSTEM,VEN_VENTAS,NUMERO,NO ACTION,ENABLED
SYSTEM,CNT_RETENCION,RETE_VNTA_FK,5,VNTA_TIPOCOMP,SYSTEM,VEN_VENTAS,TPCM_TIPOCOMP,NO ACTION,ENABLED
SYSTEM,CNT_SECUTRAN,SCTR_TPID_FK,1,TPID_TIPOIDEN,SYSTEM,GEN_TIPOIDEN,TIPOIDEN,NO ACTION,ENABLED
SYSTEM,CNT_SECUTRAN,SCTR_TPTR_FK,1,TPTR_TIPOTRAN,SYSTEM,CNT_TPTRANSRI,TIPOTRAN,NO ACTION,ENABLED
SYSTEM,CNT_SUSTCOMP,STCM_STCM_FK,1,STCM_SUSTENTO,SYSTEM,CNT_SUSTCOMP,SUSTENTO,NO ACTION,ENABLED
SYSTEM,CNT_TIPOCAMB,TICA_MONE_FK,1,MONE_MONEDA,SYSTEM,GEN_MONEDA,MONEDA,NO ACTION,ENABLED
SYSTEM,CNT_TIPORETE,TRET_CTAS_FK,1,CTAS_COMPANIA,SYSTEM,CNT_CUENTAS,CTLG_COMPANIA,NO ACTION,ENABLED
SYSTEM,CNT_TIPORETE,TRET_CTAS_FK,2,CTAS_CATALOGO,SYSTEM,CNT_CUENTAS,CTLG_CATALOGO,NO ACTION,ENABLED
SYSTEM,CNT_TIPORETE,TRET_CTAS_FK,3,CTAS_CODIGO,SYSTEM,CNT_CUENTAS,CODIGO,NO ACTION,ENABLED
SYSTEM,CNT_TIPORETE,TRET_CTAS_VNTS_FK,1,VNTS_COMPANIA,SYSTEM,CNT_CUENTAS,CTLG_COMPANIA,NO ACTION,ENABLED
SYSTEM,CNT_TIPORETE,TRET_CTAS_VNTS_FK,2,VNTS_CATALOGO,SYSTEM,CNT_CUENTAS,CTLG_CATALOGO,NO ACTION,ENABLED
SYSTEM,CNT_TIPORETE,TRET_CTAS_VNTS_FK,3,VNTS_CODIGO,SYSTEM,CNT_CUENTAS,CODIGO,NO ACTION,ENABLED
SYSTEM,CNT_TIPORETE,TRET_TRET_FK,1,TRET_TIPORETE,SYSTEM,CNT_TIPORETE,TIPORETE,NO ACTION,ENABLED
SYSTEM,COB_ALCACOBR,ACOB_CHQE_FK,1,CHQE_CHQE_ID,SYSTEM,CAJ_CHEQUES,CHQE_ID,NO ACTION,ENABLED
SYSTEM,COB_ALCACOBR,ACOB_DTCB_FK,1,DTCB_DTCB_ID,SYSTEM,COB_DETACOBRO,DTCB_ID,NO ACTION,ENABLED
SYSTEM,COB_ANTICIPO,ANTC_ASTO_FK,1,ASTO_COMPANIA,SYSTEM,CNT_ASIENTO,CMPN_COMPANIA,NO ACTION,ENABLED
SYSTEM,COB_ANTICIPO,ANTC_ASTO_FK,2,ASTO_NUMEDIAR,SYSTEM,CNT_ASIENTO,NUMEDIAR,NO ACTION,ENABLED
SYSTEM,COB_ANTICIPO,ANTC_EGEN_FK,1,EGEN_ESTADO,SYSTEM,GEN_ESTADOS,ESTADO,NO ACTION,ENABLED
SYSTEM,COB_ANTICIPO,ANTC_PLPP_FK,1,PLPP_ID,SYSTEM,VEN_PLANPAGO,PLPP_ID,NO ACTION,ENABLED
SYSTEM,COB_ANTICIPO,ANTC_RCCB_FK,1,RCCB_NUMERO,SYSTEM,COB_RECICOBR,NUMERO,NO ACTION,ENABLED
SYSTEM,COB_CRUCEANT,CRAN_ANTC_FK,1,ANTC_ANTC_ID,SYSTEM,COB_ANTICIPO,ANTC_ID,NO ACTION,ENABLED
SYSTEM,COB_CRUCEANT,CRAN_ASTO_FK,1,ASTO_COMPANIA,SYSTEM,CNT_ASIENTO,CMPN_COMPANIA,NO ACTION,ENABLED
SYSTEM,COB_CRUCEANT,CRAN_ASTO_FK,2,ASTO_NUMEDIAR,SYSTEM,CNT_ASIENTO,NUMEDIAR,NO ACTION,ENABLED
SYSTEM,COB_CRUCEANT,CRAN_EGEN_FK,1,EGEN_ESTADO,SYSTEM,GEN_ESTADOS,ESTADO,NO ACTION,ENABLED
SYSTEM,COB_DETACHEQ,DCHE_CHQE_FK,1,CHQE_CHQE_ID,SYSTEM,CAJ_CHEQUES,CHQE_ID,NO ACTION,ENABLED
SYSTEM,COB_DETACHEQ,DCHE_EGEN_FK,1,EGEN_ESTADO,SYSTEM,GEN_ESTADOS,ESTADO,NO ACTION,ENABLED
SYSTEM,COB_DETACHEQ,DCHE_PLCB_FK,1,PLCB_PLCB_ID,SYSTEM,VEN_PLANCOBR,PLCB_ID,NO ACTION,ENABLED
SYSTEM,COB_DETACOBRO,DTCB_ASTO_FK,1,ASTO_COMPANIA,SYSTEM,CNT_ASIENTO,CMPN_COMPANIA,NO ACTION,ENABLED
SYSTEM,COB_DETACOBRO,DTCB_ASTO_FK,2,ASTO_NUMEDIAR,SYSTEM,CNT_ASIENTO,NUMEDIAR,NO ACTION,ENABLED
SYSTEM,COB_DETACOBRO,DTCB_EGEN_FK,1,EGEN_ESTADO,SYSTEM,GEN_ESTADOS,ESTADO,NO ACTION,ENABLED
SYSTEM,COB_DETACOBRO,DTCB_NCCL_FK,1,NCCL_COMPANIA,SYSTEM,VEN_NOTACRED,OFCN_COMPANIA,NO ACTION,ENABLED
SYSTEM,COB_DETACOBRO,DTCB_NCCL_FK,2,NCCL_OFICINA,SYSTEM,VEN_NOTACRED,OFCN_OFICINA,NO ACTION,ENABLED
SYSTEM,COB_DETACOBRO,DTCB_NCCL_FK,3,NCCL_SERIE,SYSTEM,VEN_NOTACRED,SERIE,NO ACTION,ENABLED
SYSTEM,COB_DETACOBRO,DTCB_NCCL_FK,4,NCCL_NUMERO,SYSTEM,VEN_NOTACRED,NUMERO,NO ACTION,ENABLED
SYSTEM,COB_DETACOBRO,DTCB_PLCB_FK,1,PLCB_PLCB_ID,SYSTEM,VEN_PLANCOBR,PLCB_ID,NO ACTION,ENABLED
SYSTEM,COB_DETACOBRO,DTCB_PTBN_FK,1,PTBN_NUMEOPER,SYSTEM,PRT_TRANSBANCA,NUMEOPER,NO ACTION,ENABLED
SYSTEM,COB_DETACOBRO,DTCB_RCCB_FK,1,RCCB_NUMERO,SYSTEM,COB_RECICOBR,NUMERO,NO ACTION,ENABLED
SYSTEM,COB_DETACOBRO,DTCB_VNDR_FK,1,VNDR_COMPANIA,SYSTEM,VEN_VENDCOBR,OFCN_COMPANIA,NO ACTION,ENABLED
SYSTEM,COB_DETACOBRO,DTCB_VNDR_FK,2,VNDR_OFICINA,SYSTEM,VEN_VENDCOBR,OFCN_OFICINA,NO ACTION,ENABLED
SYSTEM,COB_DETACOBRO,DTCB_VNDR_FK,3,VNDR_CODIGO,SYSTEM,VEN_VENDCOBR,CODIGO,NO ACTION,ENABLED
SYSTEM,COB_DETADEBI,DDEB_OTRC_FK,1,OTRC_OTRC_ID,SYSTEM,COB_OTRODEBI,OTRC_ID,NO ACTION,ENABLED
SYSTEM,COB_OTRODEBI,OTRC_ASTO_FK,1,ASTO_COMPANIA,SYSTEM,CNT_ASIENTO,CMPN_COMPANIA,NO ACTION,ENABLED
SYSTEM,COB_OTRODEBI,OTRC_ASTO_FK,2,ASTO_NUMEDIAR,SYSTEM,CNT_ASIENTO,NUMEDIAR,NO ACTION,ENABLED
SYSTEM,COB_OTRODEBI,OTRC_EGEN_FK,1,EGEN_ESTADO,SYSTEM,GEN_ESTADOS,ESTADO,NO ACTION,ENABLED
SYSTEM,COB_OTRODEBI,OTRC_FRPG_FK,1,FRPG_FORMPAGO,SYSTEM,GEN_FORMPAGO,FORMPAGO,NO ACTION,ENABLED
SYSTEM,COB_OTRODEBI,OTRC_PRPG_FK,1,PRPG_CODIPERI,SYSTEM,GEN_PERIPAGO,CODIPERI,NO ACTION,ENABLED
SYSTEM,COB_OTRODEBI,OTRC_SCTR_FK,1,SCTR_SECUTRAN,SYSTEM,CNT_SECUTRAN,SECUTRAN,NO ACTION,ENABLED
SYSTEM,COB_OTRODEBI,OTRC_TBAN_FK,1,TBAN_COMPANIA,SYSTEM,BAN_TRANSBANCA,CBAN_COMPANIA,NO ACTION,ENABLED
SYSTEM,COB_OTRODEBI,OTRC_TBAN_FK,2,TBAN_CATALOGO,SYSTEM,BAN_TRANSBANCA,CBAN_CATALOGO,NO ACTION,ENABLED
SYSTEM,COB_OTRODEBI,OTRC_TBAN_FK,3,TBAN_CODIGO,SYSTEM,BAN_TRANSBANCA,CBAN_CODIGO,NO ACTION,ENABLED
SYSTEM,COB_OTRODEBI,OTRC_TBAN_FK,4,TBAN_TIPODOCU,SYSTEM,BAN_TRANSBANCA,TPDC_TIPODOCU,NO ACTION,ENABLED
SYSTEM,COB_OTRODEBI,OTRC_TBAN_FK,5,TBAN_NUMERO,SYSTEM,BAN_TRANSBANCA,NUMERO,NO ACTION,ENABLED
SYSTEM,COB_OTRODEBI,OTRC_TPCM_FK,1,TPCM_TIPOCOMP,SYSTEM,CNT_TIPOCOMP,TIPOCOMP,NO ACTION,ENABLED
SYSTEM,COB_OTRODEBI,OTRC_VNDR_FK,1,VNDR_COMPANIA,SYSTEM,VEN_VENDCOBR,OFCN_COMPANIA,NO ACTION,ENABLED
SYSTEM,COB_OTRODEBI,OTRC_VNDR_FK,2,VNDR_OFICINA,SYSTEM,VEN_VENDCOBR,OFCN_OFICINA,NO ACTION,ENABLED
SYSTEM,COB_OTRODEBI,OTRC_VNDR_FK,3,VNDR_CODIGO,SYSTEM,VEN_VENDCOBR,CODIGO,NO ACTION,ENABLED
SYSTEM,COB_RECICOBR,RCCB_ASTO_FK,1,ASTO_COMPANIA,SYSTEM,CNT_ASIENTO,CMPN_COMPANIA,NO ACTION,ENABLED
SYSTEM,COB_RECICOBR,RCCB_ASTO_FK,2,ASTO_NUMEDIAR,SYSTEM,CNT_ASIENTO,NUMEDIAR,NO ACTION,ENABLED
SYSTEM,COB_RECICOBR,RCCB_EGEN_FK,1,EGEN_ESTADO,SYSTEM,GEN_ESTADOS,ESTADO,NO ACTION,ENABLED
SYSTEM,COB_RECICOBR,RCCB_RCDN_FK,1,RCDN_COMPANIA,SYSTEM,VEN_RECAUDAC,OFCN_COMPANIA,NO ACTION,ENABLED
SYSTEM,COB_RECICOBR,RCCB_RCDN_FK,2,RCDN_OFICINA,SYSTEM,VEN_RECAUDAC,OFCN_OFICINA,NO ACTION,ENABLED
SYSTEM,COB_RECICOBR,RCCB_RCDN_FK,3,RCDN_NUMERO,SYSTEM,VEN_RECAUDAC,NUMERO,NO ACTION,ENABLED
SYSTEM,COM_COBESEGU,CSEG_PLZA_FK,1,PLZA_PLZA_ID,SYSTEM,GEN_POLIZA,PLZA_ID,NO ACTION,ENABLED
SYSTEM,COM_DEBIENSERV,DTBS_ASTO_FK,1,ASTO_COMPANIA,SYSTEM,CNT_ASIENTO,CMPN_COMPANIA,NO ACTION,ENABLED
SYSTEM,COM_DEBIENSERV,DTBS_ASTO_FK,2,ASTO_NUMEDIAR,SYSTEM,CNT_ASIENTO,NUMEDIAR,NO ACTION,ENABLED
SYSTEM,COM_DEBIENSERV,DTBS_CCST_FK,1,CCST_COMPANIA,SYSTEM,GEN_CENTCOST,OFCN_COMPANIA,NO ACTION,ENABLED
SYSTEM,COM_DEBIENSERV,DTBS_CCST_FK,2,CCST_OFICINA,SYSTEM,GEN_CENTCOST,OFCN_OFICINA,NO ACTION,ENABLED
SYSTEM,COM_DEBIENSERV,DTBS_CCST_FK,3,CCST_CODIGO,SYSTEM,GEN_CENTCOST,CODIGO,NO ACTION,ENABLED
SYSTEM,COM_DEBIENSERV,DTBS_CTAS_FK,1,CTAS_COMPANIA,SYSTEM,CNT_CUENTAS,CTLG_COMPANIA,NO ACTION,ENABLED
SYSTEM,COM_DEBIENSERV,DTBS_CTAS_FK,2,CTAS_CATALOGO,SYSTEM,CNT_CUENTAS,CTLG_CATALOGO,NO ACTION,ENABLED
SYSTEM,COM_DEBIENSERV,DTBS_CTAS_FK,3,CTAS_CODIGO,SYSTEM,CNT_CUENTAS,CODIGO,NO ACTION,ENABLED
SYSTEM,COM_DEBIENSERV,DTBS_IMPT_FK,1,IMPT_COMPANIA,SYSTEM,IMP_IMPORTAC,OFCN_COMPANIA,NO ACTION,ENABLED
SYSTEM,COM_DEBIENSERV,DTBS_IMPT_FK,2,IMPT_OFICINA,SYSTEM,IMP_IMPORTAC,OFCN_OFICINA,NO ACTION,ENABLED
SYSTEM,COM_DEBIENSERV,DTBS_IMPT_FK,3,IMPT_NUMEIMPO,SYSTEM,IMP_IMPORTAC,NUMEIMPO,NO ACTION,ENABLED
SYSTEM,COM_DEBIENSERV,DTBS_TCSI_FK,1,TCSI_COMPANIA,SYSTEM,GEN_TIPOCOSTO,CMPN_COMPANIA,NO ACTION,ENABLED
SYSTEM,COM_DEBIENSERV,DTBS_TCSI_FK,2,TCSI_TIPOCOST,SYSTEM,GEN_TIPOCOSTO,TIPOCOST,NO ACTION,ENABLED
SYSTEM,COM_DEBIENSERV,DTBS_TPIE_FK,1,TPIE_TIPOIMEX,SYSTEM,IMP_TIPOIMPEXP,TIPOIMEX,NO ACTION,ENABLED
SYSTEM,COM_DETASOLI,DSOL_DTMV_FK,1,DTMV_DTMV_ID,SYSTEM,ALM_DETAMOVI,DTMV_ID,NO ACTION,ENABLED
SYSTEM,COM_DETASOLI,DSOL_SCOM_FK,1,SCOM_SCOM_ID,SYSTEM,COM_SOLICOMP,SCOM_ID,NO ACTION,ENABLED
SYSTEM,COM_GRUPCOMP,GRCM_CDT_FK,1,CDT_CDT_ID,SYSTEM,CLI_CONDUCTR,CDT_ID,NO ACTION,ENABLED
SYSTEM,COM_GRUPCOMP,GRCM_VHCL_FK,1,VHCL_VHCL_ID,SYSTEM,CLI_VEHICULO,VHCL_ID,NO ACTION,ENABLED
SYSTEM,COM_NOTACREDI,NCPR_ASTO_FK,1,ASTO_COMPANIA,SYSTEM,CNT_ASIENTO,CMPN_COMPANIA,NO ACTION,ENABLED
SYSTEM,COM_NOTACREDI,NCPR_ASTO_FK,2,ASTO_NUMEDIAR,SYSTEM,CNT_ASIENTO,NUMEDIAR,NO ACTION,ENABLED
SYSTEM,COM_NOTACREDI,NCPR_EGEN_FK,1,EGEN_ESTADO,SYSTEM,GEN_ESTADOS,ESTADO,NO ACTION,ENABLED
SYSTEM,COM_NOTACREDI,NCPR_FRPG_FK,1,FRPG_FORMPAGO,SYSTEM,GEN_FORMPAGO,FORMPAGO,NO ACTION,ENABLED
SYSTEM,COM_NOTACREDI,NCPR_PAIS_FK,1,PAIS_CODIPAIS,SYSTEM,GEN_PAIS,CODIPAIS,NO ACTION,ENABLED
SYSTEM,COM_NOTACREDI,NCPR_SCTR_FK,1,SCTR_SECUTRAN,SYSTEM,CNT_SECUTRAN,SECUTRAN,NO ACTION,ENABLED
SYSTEM,COM_NOTACREDI,NCPR_STCM_FK,1,STCM_SUSTENTO,SYSTEM,CNT_SUSTCOMP,SUSTENTO,NO ACTION,ENABLED
SYSTEM,COM_NOTACREDI,NCPR_TPPG_FK,1,TPPG_CODIGO,SYSTEM,GEN_TIPOPAGO,CODIGO,NO ACTION,ENABLED
SYSTEM,COM_PLANPAGO,PPAG_EGEN_FK,1,EGEN_ESTADO,SYSTEM,GEN_ESTADOS,ESTADO,NO ACTION,ENABLED
SYSTEM,COM_PLANPAGO,PPAG_OTRS_FK,1,OTRS_OTRS_ID,SYSTEM,PAG_OTRSCTAS,OTRS_ID,NO ACTION,ENABLED
SYSTEM,COM_REEMBOLSOS,RMBL_EGEN_FK,1,EGEN_ESTADO,SYSTEM,GEN_ESTADOS,ESTADO,NO ACTION,ENABLED
SYSTEM,COM_REEMBOLSOS,RMBL_STCM_FK,1,STCM_SUSTENTO,SYSTEM,CNT_SUSTCOMP,SUSTENTO,NO ACTION,ENABLED
SYSTEM,COM_REEMBOLSOS,RMBL_TPCM_FK,1,TPCM_TIPOCOMP,SYSTEM,CNT_TIPOCOMP,TIPOCOMP,NO ACTION,ENABLED
SYSTEM,COM_SOLICOMP,SCOM_EGEN_FK,1,EGEN_ESTADO,SYSTEM,GEN_ESTADOS,ESTADO,NO ACTION,ENABLED
SYSTEM,COM_TMPCOMPRAS,CXML_EGEN_FK,1,EGEN_ESTADO,SYSTEM,GEN_ESTADOS,ESTADO,NO ACTION,ENABLED
SYSTEM,COM_TMPCOMPRAS,CXML_FRPG_FK,1,FRPG_FORMPAGO,SYSTEM,GEN_FORMPAGO,FORMPAGO,NO ACTION,ENABLED
SYSTEM,COM_TMPCOMPRAS,CXML_INCN_FK,1,INCN_COMPANIA,SYSTEM,CNT_INTECONT,CMPN_COMPANIA,NO ACTION,ENABLED
SYSTEM,COM_TMPCOMPRAS,CXML_INCN_FK,2,INCN_PRODUCTO,SYSTEM,CNT_INTECONT,PRDT_PRODUCTO,NO ACTION,ENABLED
SYSTEM,COM_TMPCOMPRAS,CXML_INCN_FK,3,INCN_TIPODOCU,SYSTEM,CNT_INTECONT,TPDC_TIPODOCU,NO ACTION,ENABLED
SYSTEM,COM_TMPCOMPRAS,CXML_INCN_FK,4,INCN_CODITRAN,SYSTEM,CNT_INTECONT,CODITRAN,NO ACTION,ENABLED
SYSTEM,COM_TMPCOMPRAS,CXML_MONE_FK,1,MONE_MONEDA,SYSTEM,GEN_MONEDA,MONEDA,NO ACTION,ENABLED
SYSTEM,COM_TMPCOMPRAS,CXML_PAIS_FK,1,PAIS_CODIPAIS,SYSTEM,GEN_PAIS,CODIPAIS,NO ACTION,ENABLED
SYSTEM,COM_TMPCOMPRAS,CXML_PRPG_DEFINIENDO_FK,1,PRPG_CODIPERI,SYSTEM,GEN_PERIPAGO,CODIPERI,NO ACTION,ENABLED
SYSTEM,COM_TMPCOMPRAS,CXML_SCTR_FK,1,SCTR_SECUTRAN,SYSTEM,CNT_SECUTRAN,SECUTRAN,NO ACTION,ENABLED
SYSTEM,COM_TMPCOMPRAS,CXML_STCM_FK,1,STCM_SUSTENTO,SYSTEM,CNT_SUSTCOMP,SUSTENTO,NO ACTION,ENABLED
SYSTEM,COM_TMPCOMPRAS,CXML_TPPG_FK,1,TPPG_CODIGO,SYSTEM,GEN_TIPOPAGO,CODIGO,NO ACTION,ENABLED
SYSTEM,COM_TMPRETENC,CTRT_EGEN_FK,1,EGEN_ESTADO,SYSTEM,GEN_ESTADOS,ESTADO,NO ACTION,ENABLED
SYSTEM,CST_COSTADIC,CADC_CTAS_FK,1,CTAS_COMPANIA,SYSTEM,CNT_CUENTAS,CTLG_COMPANIA,NO ACTION,ENABLED
SYSTEM,CST_COSTADIC,CADC_CTAS_FK,2,CTAS_CATALOGO,SYSTEM,CNT_CUENTAS,CTLG_CATALOGO,NO ACTION,ENABLED
SYSTEM,CST_COSTADIC,CADC_CTAS_FK,3,CTAS_CODIGO,SYSTEM,CNT_CUENTAS,CODIGO,NO ACTION,ENABLED
SYSTEM,CST_COSTADIC,CADC_DCAM_FK,1,DCAM_DCAM_ID,SYSTEM,ALM_DECAMPRES,DCAM_ID,NO ACTION,ENABLED
SYSTEM,CST_COSTADIC,CADC_EGEN_FK,1,EGEN_ESTADO,SYSTEM,GEN_ESTADOS,ESTADO,NO ACTION,ENABLED
SYSTEM,CST_COSTADIC,CADC_OPRD_FK,1,OPRD_NUMERO,SYSTEM,CST_ORDEPROD,NUMERO,NO ACTION,ENABLED
SYSTEM,CST_COSTADIC,CADC_OPRD_FK,2,OPRD_COMPANIA,SYSTEM,CST_ORDEPROD,OFCN_COMPANIA,NO ACTION,ENABLED
SYSTEM,CST_COSTADIC,CADC_OPRD_FK,3,OPRD_OFICINA,SYSTEM,CST_ORDEPROD,OFCN_OFICINA,NO ACTION,ENABLED
SYSTEM,CST_COSTADIC,CADC_TCSI_FK,1,TCSI_COMPANIA,SYSTEM,GEN_TIPOCOSTO,CMPN_COMPANIA,NO ACTION,ENABLED
SYSTEM,CST_COSTADIC,CADC_TCSI_FK,2,TCSI_TIPOCOST,SYSTEM,GEN_TIPOCOSTO,TIPOCOST,NO ACTION,ENABLED
SYSTEM,CST_COSTFIJO,CSFJ_CPRC_FK,1,CPRC_TIPO,SYSTEM,CST_TIPOPROC,TIPO,NO ACTION,ENABLED
SYSTEM,CST_COSTFIJO,CSFJ_TCSI_FK,1,TCSI_COMPANIA,SYSTEM,GEN_TIPOCOSTO,CMPN_COMPANIA,NO ACTION,ENABLED
SYSTEM,CST_COSTFIJO,CSFJ_TCSI_FK,2,TCSI_TIPOCOST,SYSTEM,GEN_TIPOCOSTO,TIPOCOST,NO ACTION,ENABLED
SYSTEM,CST_DETARECT,DTRC_RCTA_FK,1,RCTA_ID,SYSTEM,CST_RECETA,RCTA_ID,NO ACTION,ENABLED
SYSTEM,CST_DETCENCS,DTCC_LTPR_FK,1,LTPR_CODIGO,SYSTEM,CST_LOTEPRO,CODIGO,NO ACTION,ENABLED
SYSTEM,CST_LOTEPRO,LTPR_CPRC_FK,1,CPRC_TIPO,SYSTEM,CST_TIPOPROC,TIPO,NO ACTION,ENABLED
SYSTEM,CST_ORDEPROD,OPRD_ASTO_FK,1,ASTO_COMPANIA,SYSTEM,CNT_ASIENTO,CMPN_COMPANIA,NO ACTION,ENABLED
SYSTEM,CST_ORDEPROD,OPRD_ASTO_FK,2,ASTO_NUMEDIAR,SYSTEM,CNT_ASIENTO,NUMEDIAR,NO ACTION,ENABLED
SYSTEM,CST_ORDEPROD,OPRD_EGEN_FK,1,EGEN_ESTADO,SYSTEM,GEN_ESTADOS,ESTADO,NO ACTION,ENABLED
SYSTEM,CST_ORDEPROD,OPRD_LTPR_FK,1,LTPR_CODIGO,SYSTEM,CST_LOTEPRO,CODIGO,NO ACTION,ENABLED
SYSTEM,CST_ORDEPROD,OPRD_RCTA_FK,1,RCTA_ID,SYSTEM,CST_RECETA,RCTA_ID,NO ACTION,ENABLED
SYSTEM,CST_SIMUDETA,DSIM_SIMU_FK,1,SIMU_SIMU_ID,SYSTEM,CST_SIMUCABE,SIMU_ID,NO ACTION,ENABLED
SYSTEM,CST_VARIPROD,VARP_VARP_FK,1,VARP_VARP_ID,SYSTEM,CST_VARIPROD,VARP_ID,NO ACTION,ENABLED
SYSTEM,ECL_CAMPSCTAS,CMCT_CCST_FK,1,CCST_COMPANIA,SYSTEM,GEN_CENTCOST,OFCN_COMPANIA,NO ACTION,ENABLED
SYSTEM,ECL_CAMPSCTAS,CMCT_CCST_FK,2,CCST_OFICINA,SYSTEM,GEN_CENTCOST,OFCN_OFICINA,NO ACTION,ENABLED
SYSTEM,ECL_CAMPSCTAS,CMCT_CCST_FK,3,CCST_CODIGO,SYSTEM,GEN_CENTCOST,CODIGO,NO ACTION,ENABLED
SYSTEM,ECL_CAMPSCTAS,CMCT_CTAS_FK,1,CTAS_COMPANIA,SYSTEM,CNT_CUENTAS,CTLG_COMPANIA,NO ACTION,ENABLED
SYSTEM,ECL_CAMPSCTAS,CMCT_CTAS_FK,2,CTAS_CATALOGO,SYSTEM,CNT_CUENTAS,CTLG_CATALOGO,NO ACTION,ENABLED
SYSTEM,ECL_CAMPSCTAS,CMCT_CTAS_FK,3,CTAS_CODIGO,SYSTEM,CNT_CUENTAS,CODIGO,NO ACTION,ENABLED
SYSTEM,ECL_CAMPSCTAS,CMCT_DTFR_FK,1,DTFR_CODICAMP,SYSTEM,ECL_DETAFORMU,CODICAMP,NO ACTION,ENABLED
SYSTEM,ECL_CAMPSCTAS,CMCT_DTFR_FK,2,DTFR_CODIGO,SYSTEM,ECL_DETAFORMU,FRML_CODIGO,NO ACTION,ENABLED
SYSTEM,ECL_DETAFORMU,DTFR_DTFR_FK,1,DTFR_CODICAMP,SYSTEM,ECL_DETAFORMU,CODICAMP,NO ACTION,ENABLED
SYSTEM,ECL_DETAFORMU,DTFR_DTFR_FK,2,DTFR_CODIGO,SYSTEM,ECL_DETAFORMU,FRML_CODIGO,NO ACTION,ENABLED
SYSTEM,ECL_DETAFORMU,DTFR_FRML_FK,1,FRML_CODIGO,SYSTEM,ECL_FORMULARIO,CODIGO,NO ACTION,ENABLED
SYSTEM,ECL_FORMULARIO,FRML_MONE_FK,1,MONE_MONEDA,SYSTEM,GEN_MONEDA,MONEDA,NO ACTION,ENABLED
SYSTEM,ECL_FORMULARIO,FRML_PRPG_FK,1,PRPG_CODIPERI,SYSTEM,GEN_PERIPAGO,CODIPERI,NO ACTION,ENABLED
SYSTEM,ECL_FORMULARIO,FRML_TPIM_FK,1,TPIM_TIPOIMPU,SYSTEM,CNT_TIPOIMPU,TIPOIMPU,NO ACTION,ENABLED
SYSTEM,ECL_REGIMENTR,RGTR_FRML_FK,1,FRML_CODIGO,SYSTEM,ECL_FORMULARIO,CODIGO,NO ACTION,ENABLED
SYSTEM,ECL_REGIMENTR,RGTR_TPCN_FK,1,TPCN_IDCONTRI,SYSTEM,GEN_TIPOCONT,IDCONTRI,NO ACTION,ENABLED
SYSTEM,ECT_DETADECLA,DTDC_DTFR_FK,1,DTFR_CODICAMP,SYSTEM,ECL_DETAFORMU,CODICAMP,NO ACTION,ENABLED
SYSTEM,ECT_DETADECLA,DTDC_DTFR_FK,2,DTFR_CODIGO,SYSTEM,ECL_DETAFORMU,FRML_CODIGO,NO ACTION,ENABLED
SYSTEM,GEN_ACTIECON,AECN_AECN_FK,1,AECN_ACTIECON,SYSTEM,GEN_ACTIECON,ACTIECON,NO ACTION,ENABLED
SYSTEM,GEN_AUTORSRI,ASRI_PTEM_FK,1,PTEM_PUNTEMIS,SYSTEM,GEN_PNTOEMIS,PUNTEMIS,NO ACTION,ENABLED
SYSTEM,GEN_AUTORSRI,ASRI_PTEM_FK,2,PTEM_COMPANIA,SYSTEM,GEN_PNTOEMIS,OFCN_COMPANIA,NO ACTION,ENABLED
SYSTEM,GEN_AUTORSRI,ASRI_PTEM_FK,3,PTEM_OFICINA,SYSTEM,GEN_PNTOEMIS,OFCN_OFICINA,NO ACTION,ENABLED
SYSTEM,GEN_AUTORSRI,ASRI_TPDC_FK,1,TPDC_TIPODOCU,SYSTEM,GEN_TIPODOCU,TIPODOCU,NO ACTION,ENABLED
SYSTEM,GEN_BANCOS,BANC_BANC_FK,1,BANC_IDBANCO,SYSTEM,GEN_BANCOS,IDBANCO,NO ACTION,ENABLED
SYSTEM,GEN_CANTON,CANT_PVCA_FK,1,PVCA_CODIPROV,SYSTEM,GEN_PROVINCIA,CODIPROV,NO ACTION,ENABLED
SYSTEM,GEN_COBERTU,COBERT_PTEM_FK,1,PTEM_PUNTEMIS,SYSTEM,GEN_PNTOEMIS,PUNTEMIS,NO ACTION,ENABLED
SYSTEM,GEN_COBERTU,COBERT_PTEM_FK,2,PTEM_COMPANIA,SYSTEM,GEN_PNTOEMIS,OFCN_COMPANIA,NO ACTION,ENABLED
SYSTEM,GEN_COBERTU,COBERT_PTEM_FK,3,PTEM_OFICINA,SYSTEM,GEN_PNTOEMIS,OFCN_OFICINA,NO ACTION,ENABLED
SYSTEM,GEN_COBERTU,COBERT_USUA_FK,1,USUA_IDUSUAR,SYSTEM,SEG_USUARIO,IDUSUAR,NO ACTION,ENABLED
SYSTEM,GEN_COLAIMPR,COLA_IMPR_FK,1,IMPR_ID,SYSTEM,SEG_IMPRESORAS,IMPR_ID,NO ACTION,ENABLED
SYSTEM,GEN_COLAIMPR,COLA_REPO_FK,1,REPO_COMPANIA,SYSTEM,GEN_REPORTES,CMPN_COMPANIA,NO ACTION,ENABLED
SYSTEM,GEN_COLAIMPR,COLA_REPO_FK,2,REPO_PRODUCTO,SYSTEM,GEN_REPORTES,PRDT_PRODUCTO,NO ACTION,ENABLED
SYSTEM,GEN_COLAIMPR,COLA_REPO_FK,3,REPO_NOMBRE,SYSTEM,GEN_REPORTES,NOMBRE,NO ACTION,ENABLED
SYSTEM,GEN_COLUREPO,CREP_REPO_FK,1,REPO_COMPANIA,SYSTEM,GEN_REPORTES,CMPN_COMPANIA,NO ACTION,ENABLED
SYSTEM,GEN_COLUREPO,CREP_REPO_FK,2,REPO_PRODUCTO,SYSTEM,GEN_REPORTES,PRDT_PRODUCTO,NO ACTION,ENABLED
SYSTEM,GEN_COLUREPO,CREP_REPO_FK,3,REPO_NOMBRE,SYSTEM,GEN_REPORTES,NOMBRE,NO ACTION,ENABLED
SYSTEM,GEN_CUENTAS,CTAP_BANC_FK,1,BANC_IDBANCO,SYSTEM,GEN_BANCOS,IDBANCO,NO ACTION,ENABLED
SYSTEM,GEN_DOCUINTE,DCIN_TPCR_FK,1,TPCR_CODIGO,SYSTEM,RHH_TIPOCNTR,CODIGO,NO ACTION,ENABLED
SYSTEM,GEN_ESTADOS,EGEN_PRDT_FK,1,PRDT_PRODUCTO,SYSTEM,GEN_PRODUCTOS,PRODUCTO,NO ACTION,ENABLED
SYSTEM,GEN_HYPERLIN,HPLN_APLC_FK,1,APLC_NOMBRE,SYSTEM,SEG_APLICACION,NOMBRE,NO ACTION,ENABLED
SYSTEM,GEN_HYPERLIN,HPLN_APLC_FK,2,APLC_TIPOAPLI,SYSTEM,SEG_APLICACION,TPAP_TIPOAPLI,NO ACTION,ENABLED
SYSTEM,GEN_MEDIDOR,MDRS_MDRS_FK,1,MDRS_CODIGO,SYSTEM,GEN_MEDIDOR,CODIGO,NO ACTION,ENABLED
SYSTEM,GEN_MEDIDOR,MDRS_PRDT_FK,1,PRDT_PRODUCTO,SYSTEM,GEN_PRODUCTOS,PRODUCTO,NO ACTION,ENABLED
SYSTEM,GEN_MODEVEHI,MDVH_MRVH_FK,1,MRVH_CODMR,SYSTEM,GEN_MARCVEHI,CODMR,NO ACTION,ENABLED
SYSTEM,GEN_MOTIENSA,GMES_GMES_FK,1,GMES_ID,SYSTEM,GEN_MOTIENSA,ID,NO ACTION,ENABLED
SYSTEM,GEN_PARACALI,PACA_TPCF_FK,1,TPCF_CODICALI,SYSTEM,CLI_TIPOCALI,CODICALI,NO ACTION,ENABLED
SYSTEM,GEN_PARACALI,PACA_TPCF_FK,2,TPCF_COMPANIA,SYSTEM,CLI_TIPOCALI,CMPN_COMPANIA,NO ACTION,ENABLED
SYSTEM,GEN_PARAMETRO,PARA_PRDT_FK,1,PRDT_PRODUCTO,SYSTEM,GEN_PRODUCTOS,PRODUCTO,NO ACTION,ENABLED
SYSTEM,GEN_PARAREPO,PRMT_REPO_FK,1,REPO_COMPANIA,SYSTEM,GEN_REPORTES,CMPN_COMPANIA,NO ACTION,ENABLED
SYSTEM,GEN_PARAREPO,PRMT_REPO_FK,2,REPO_PRODUCTO,SYSTEM,GEN_REPORTES,PRDT_PRODUCTO,NO ACTION,ENABLED
SYSTEM,GEN_PARAREPO,PRMT_REPO_FK,3,REPO_NOMBRE,SYSTEM,GEN_REPORTES,NOMBRE,NO ACTION,ENABLED
SYSTEM,GEN_PARROQS,PRRQ_CANT_FK,1,CANT_CODICANT,SYSTEM,GEN_CANTON,CODICANT,NO ACTION,ENABLED
SYSTEM,GEN_PARROQS,PRRQ_CANT_FK,2,CANT_CODIPROV,SYSTEM,GEN_CANTON,PVCA_CODIPROV,NO ACTION,ENABLED
SYSTEM,GEN_PARROQS,PRRQ_GTPT_FK,1,GTPT_CODIGO,SYSTEM,GEN_TIPOTERR,CODIGO,NO ACTION,ENABLED
SYSTEM,GEN_PERIPAGO,PRPG_FRPG_FK,1,FRPG_FORMPAGO,SYSTEM,GEN_FORMPAGO,FORMPAGO,NO ACTION,ENABLED
SYSTEM,GEN_POLIZA,PLZA_ASGR_FK,1,ASGR_ID,SYSTEM,GEN_ASEGURADORA,ASGR_ID,NO ACTION,ENABLED
SYSTEM,GEN_POLIZA,PLZA_EGEN_FK,1,EGEN_ESTADO,SYSTEM,GEN_ESTADOS,ESTADO,NO ACTION,ENABLED
SYSTEM,GEN_POLIZA,PLZA_MONE_FK,1,MONE_MONEDA,SYSTEM,GEN_MONEDA,MONEDA,NO ACTION,ENABLED
SYSTEM,GEN_POLIZA,PLZA_TPPL_FK,1,TPPL_TIPOPOLI,SYSTEM,GEN_TIPOPOLI,TIPOPOLI,NO ACTION,ENABLED
SYSTEM,GEN_PORCCENT,PCEN_CCST_FK,1,CCST_COMPANIA,SYSTEM,GEN_CENTCOST,OFCN_COMPANIA,NO ACTION,ENABLED
SYSTEM,GEN_PORCCENT,PCEN_CCST_FK,2,CCST_OFICINA,SYSTEM,GEN_CENTCOST,OFCN_OFICINA,NO ACTION,ENABLED
SYSTEM,GEN_PORCCENT,PCEN_CCST_FK,3,CCST_CODIGO,SYSTEM,GEN_CENTCOST,CODIGO,NO ACTION,ENABLED
SYSTEM,GEN_PROCESOS,PROC_CTAS_FK,1,CTAS_COMPANIA,SYSTEM,CNT_CUENTAS,CTLG_COMPANIA,NO ACTION,ENABLED
SYSTEM,GEN_PROCESOS,PROC_CTAS_FK,2,CTAS_CATALOGO,SYSTEM,CNT_CUENTAS,CTLG_CATALOGO,NO ACTION,ENABLED
SYSTEM,GEN_PROCESOS,PROC_CTAS_FK,3,CTAS_CODIGO,SYSTEM,CNT_CUENTAS,CODIGO,NO ACTION,ENABLED
SYSTEM,GEN_PROCESOS,PROC_TPRO_FK,1,TPRO_COMPANIA,SYSTEM,GEN_TIPOPROC,DEPT_COMPANIA,NO ACTION,ENABLED
SYSTEM,GEN_PROCESOS,PROC_TPRO_FK,2,TPRO_OFICINA,SYSTEM,GEN_TIPOPROC,DEPT_OFICINA,NO ACTION,ENABLED
SYSTEM,GEN_PROCESOS,PROC_TPRO_FK,3,TPRO_CODIDEPA,SYSTEM,GEN_TIPOPROC,DEPT_CODIDEPA,NO ACTION,ENABLED
SYSTEM,GEN_PROCESOS,PROC_TPRO_FK,4,TPRO_PROCESO,SYSTEM,GEN_TIPOPROC,PROCESO,NO ACTION,ENABLED
SYSTEM,GEN_PROCESOS,PROC_USUA_FK,1,USUA_IDUSUAR,SYSTEM,SEG_USUARIO,IDUSUAR,NO ACTION,ENABLED
SYSTEM,GEN_PROVINCIA,PVCA_REGN_FK,1,REGN_REGION,SYSTEM,GEN_REGIONES,REGION,NO ACTION,ENABLED
SYSTEM,GEN_REGIRETE,RRET_TPCM_FK,1,TPCM_TIPOCOMP,SYSTEM,CNT_TIPOCOMP,TIPOCOMP,NO ACTION,ENABLED
SYSTEM,GEN_REGIRETE,RRET_TPCN_FK_A,1,TPCN_AGENTE,SYSTEM,GEN_TIPOCONT,IDCONTRI,NO ACTION,ENABLED
SYSTEM,GEN_REGIRETE,RRET_TPCN_FK_P,1,TPCN_PROVEEDO,SYSTEM,GEN_TIPOCONT,IDCONTRI,NO ACTION,ENABLED
SYSTEM,GEN_REGIRETE,RRET_TRET_FK,1,TRET_TIPORETE,SYSTEM,CNT_TIPORETE,TIPORETE,NO ACTION,ENABLED
SYSTEM,GEN_REPORTES,REPO_FRMT_FK,1,FRMT_FORMATO,SYSTEM,GEN_FORMATOS,FORMATO,NO ACTION,ENABLED
SYSTEM,GEN_REPORTES,REPO_PRDT_FK,1,PRDT_PRODUCTO,SYSTEM,GEN_PRODUCTOS,PRODUCTO,NO ACTION,ENABLED
SYSTEM,GEN_REPORTES,REPO_TPDC_FK,1,TPDC_TIPODOCU,SYSTEM,GEN_TIPODOCU,TIPODOCU,NO ACTION,ENABLED
SYSTEM,GEN_SECTOR,SECT_SECT_FK,1,SECT_CODIGO,SYSTEM,GEN_SECTOR,CODIGO,NO ACTION,ENABLED
SYSTEM,GEN_SECVARIOS,SVAR_PRDT_FK,1,PRDT_PRODUCTO,SYSTEM,GEN_PRODUCTOS,PRODUCTO,NO ACTION,ENABLED
SYSTEM,GEN_SECVARIOS,SVAR_PTEM_FK,1,PTEM_PUNTEMIS,SYSTEM,GEN_PNTOEMIS,PUNTEMIS,NO ACTION,ENABLED
SYSTEM,GEN_SECVARIOS,SVAR_PTEM_FK,2,PTEM_COMPANIA,SYSTEM,GEN_PNTOEMIS,OFCN_COMPANIA,NO ACTION,ENABLED
SYSTEM,GEN_SECVARIOS,SVAR_PTEM_FK,3,PTEM_OFICINA,SYSTEM,GEN_PNTOEMIS,OFCN_OFICINA,NO ACTION,ENABLED
SYSTEM,GEN_SECVARIOS,SVAR_TPDC_FK,1,TPDC_TIPODOCU,SYSTEM,GEN_TIPODOCU,TIPODOCU,NO ACTION,ENABLED
SYSTEM,GEN_SERVFLET,SRFL_CDT_FK,1,CDT_CDT_ID,SYSTEM,CLI_CONDUCTR,CDT_ID,NO ACTION,ENABLED
SYSTEM,GEN_SERVFLET,SRFL_TPTN_FK,1,TPTN_TIPOTRAN,SYSTEM,GEN_TIPOTRAN,TIPOTRAN,NO ACTION,ENABLED
SYSTEM,GEN_TELEFONO,TLFO_FAMI_FK,1,FAMI_FAMI_ID,SYSTEM,CLI_FAMILIAR,FAMI_ID,NO ACTION,ENABLED
SYSTEM,GEN_TELEFONO,TLFO_PAIS_FK,1,PAIS_CODIPAIS,SYSTEM,GEN_PAIS,CODIPAIS,NO ACTION,ENABLED
SYSTEM,GEN_TELEFONO,TLFO_PVCA_FK,1,PVCA_CODIPROV,SYSTEM,GEN_PROVINCIA,CODIPROV,NO ACTION,ENABLED
SYSTEM,GEN_TELEFONO,TLFO_TPFN_FK,1,TPFN_TIPOTELE,SYSTEM,CLI_TIPOTELE,TIPOTELE,NO ACTION,ENABLED
SYSTEM,GEN_TIPOCOMP,TCMP_DTIP_FK,1,DTIP_DTIP_ID,SYSTEM,CNT_DETIPIMP,DTIP_ID,NO ACTION,ENABLED
SYSTEM,GEN_TIPOCOMP,TCMP_FRPG_FK,1,FRPG_FORMPAGO,SYSTEM,GEN_FORMPAGO,FORMPAGO,NO ACTION,ENABLED
SYSTEM,GEN_TIPOCOSTO,TCSI_TCSI_FK,1,TCSI_COMPANIA,SYSTEM,GEN_TIPOCOSTO,CMPN_COMPANIA,NO ACTION,ENABLED
SYSTEM,GEN_TIPOCOSTO,TCSI_TCSI_FK,2,TCSI_TIPOCOST,SYSTEM,GEN_TIPOCOSTO,TIPOCOST,NO ACTION,ENABLED
SYSTEM,GEN_TIPOPROC,TPRO_DEPT_FK,1,DEPT_COMPANIA,SYSTEM,RHH_DEPARTAM,OFCN_COMPANIA,NO ACTION,ENABLED
SYSTEM,GEN_TIPOPROC,TPRO_DEPT_FK,2,DEPT_OFICINA,SYSTEM,RHH_DEPARTAM,OFCN_OFICINA,NO ACTION,ENABLED
SYSTEM,GEN_TIPOPROC,TPRO_DEPT_FK,3,DEPT_CODIDEPA,SYSTEM,RHH_DEPARTAM,CODIDEPA,NO ACTION,ENABLED
SYSTEM,GEN_TIPOPROC,TPRO_PRPG_FK,1,PRPG_CODIPERI,SYSTEM,GEN_PERIPAGO,CODIPERI,NO ACTION,ENABLED
SYSTEM,GEN_UBICZONA,GUZO_GUZO_FK,1,GUZO_ID,SYSTEM,GEN_UBICZONA,ID,NO ACTION,ENABLED
SYSTEM,GEN_UBICZONA,GUZO_PRRQ_FK,1,PRRQ_CODICANT,SYSTEM,GEN_PARROQS,CANT_CODICANT,NO ACTION,ENABLED
SYSTEM,GEN_UBICZONA,GUZO_PRRQ_FK,2,PRRQ_CODIPROV,SYSTEM,GEN_PARROQS,CANT_CODIPROV,NO ACTION,ENABLED
SYSTEM,GEN_UBICZONA,GUZO_PRRQ_FK,3,PRRQ_CODIPARR,SYSTEM,GEN_PARROQS,CODIPARR,NO ACTION,ENABLED
SYSTEM,IMP_BACKORDE,BKOR_NTPD_FK,1,NTPD_COMPANIA,SYSTEM,IMP_NOTAPEDI,OFCN_COMPANIA,NO ACTION,ENABLED
SYSTEM,IMP_BACKORDE,BKOR_NTPD_FK,2,NTPD_OFICINA,SYSTEM,IMP_NOTAPEDI,OFCN_OFICINA,NO ACTION,ENABLED
SYSTEM,IMP_BACKORDE,BKOR_NTPD_FK,3,NTPD_NUMERO,SYSTEM,IMP_NOTAPEDI,NUMERO,NO ACTION,ENABLED
SYSTEM,IMP_COBEPAIS,CBPS_PAIS_FK,1,PAIS_CODIPAIS,SYSTEM,GEN_PAIS,CODIPAIS,NO ACTION,ENABLED
SYSTEM,IMP_DENOTAPEDI,DTNP_DREQ_FK,1,DREQ_DREQ_ID,SYSTEM,ALM_DETAREQU,DREQ_ID,NO ACTION,ENABLED
SYSTEM,IMP_DENOTAPEDI,DTNP_DTNP_FK,1,DTNP_DTNP_ID,SYSTEM,IMP_DENOTAPEDI,DTNP_ID,NO ACTION,ENABLED
SYSTEM,IMP_DENOTAPEDI,DTNP_NTPD_FK,1,NTPD_COMPANIA,SYSTEM,IMP_NOTAPEDI,OFCN_COMPANIA,NO ACTION,ENABLED
SYSTEM,IMP_DENOTAPEDI,DTNP_NTPD_FK,2,NTPD_OFICINA,SYSTEM,IMP_NOTAPEDI,OFCN_OFICINA,NO ACTION,ENABLED
SYSTEM,IMP_DENOTAPEDI,DTNP_NTPD_FK,3,NTPD_NUMERO,SYSTEM,IMP_NOTAPEDI,NUMERO,NO ACTION,ENABLED
SYSTEM,IMP_IMPORTAC,IMPT_AGNT_FK,1,AGNT_CODIGO,SYSTEM,IMP_AGENTE,CODIGO,NO ACTION,ENABLED
SYSTEM,IMP_IMPORTAC,IMPT_DADU_FK,1,DADU_CODIGO,SYSTEM,IMP_DISTRADUA,CODIGO,NO ACTION,ENABLED
SYSTEM,IMP_IMPORTAC,IMPT_EMBA_FK,1,EMBA_CODIGO,SYSTEM,IMP_EMBACARD,CODIGO,NO ACTION,ENABLED
SYSTEM,IMP_IMPORTAC,IMPT_ESIM_FK,1,ESIM_ESTADO,SYSTEM,IMP_ESTAIMPO,ESTADO,NO ACTION,ENABLED
SYSTEM,IMP_IMPORTAC,IMPT_FRPG_FK,1,FRPG_FORMPAGO,SYSTEM,GEN_FORMPAGO,FORMPAGO,NO ACTION,ENABLED
SYSTEM,IMP_IMPORTAC,IMPT_LTPR_FK,1,LTPR_CODIGO,SYSTEM,CST_LOTEPRO,CODIGO,NO ACTION,ENABLED
SYSTEM,IMP_IMPORTAC,IMPT_MONE_FK,1,MONE_MONEDA,SYSTEM,GEN_MONEDA,MONEDA,NO ACTION,ENABLED
SYSTEM,IMP_IMPORTAC,IMPT_PRPG_FK,1,PRPG_CODIPERI,SYSTEM,GEN_PERIPAGO,CODIPERI,NO ACTION,ENABLED
SYSTEM,IMP_IMPORTAC,IMPT_RGMN_FK,1,RGMN_CODIGO,SYSTEM,IMP_REGIMSRI,CODIGO,NO ACTION,ENABLED
SYSTEM,IMP_IMPORTAC,IMPT_TPIE_FK,1,TPIE_TIPOIMEX,SYSTEM,IMP_TIPOIMPEXP,TIPOIMEX,NO ACTION,ENABLED
SYSTEM,IMP_IMPORTAC,IMPT_VERI_FK,1,VERI_CODIGO,SYSTEM,IMP_VERIFICADO,CODIGO,NO ACTION,ENABLED
SYSTEM,IMP_IMPORTAC,IMPT_ZNAE_FK_D,1,ZNAE_PAISDEST,SYSTEM,IMP_ZONAEMBA,PAIS_CODIPAIS,NO ACTION,ENABLED
SYSTEM,IMP_IMPORTAC,IMPT_ZNAE_FK_D,2,ZNAE_DESTINO,SYSTEM,IMP_ZONAEMBA,CODIGO,NO ACTION,ENABLED
SYSTEM,IMP_IMPORTAC,IMPT_ZNAE_FK_O,1,ZNAE_PAISORIG,SYSTEM,IMP_ZONAEMBA,PAIS_CODIPAIS,NO ACTION,ENABLED
SYSTEM,IMP_IMPORTAC,IMPT_ZNAE_FK_O,2,ZNAE_ORIGEN,SYSTEM,IMP_ZONAEMBA,CODIGO,NO ACTION,ENABLED
SYSTEM,IMP_LIQUIDAU,LDAU_CNTR_FK,1,CNTR_CODIGO,SYSTEM,IMP_CONCETRIBU,CODIGO,NO ACTION,ENABLED
SYSTEM,IMP_LIQUIDAU,LDAU_IMPT_FK,1,IMPT_COMPANIA,SYSTEM,IMP_IMPORTAC,OFCN_COMPANIA,NO ACTION,ENABLED
SYSTEM,IMP_LIQUIDAU,LDAU_IMPT_FK,2,IMPT_OFICINA,SYSTEM,IMP_IMPORTAC,OFCN_OFICINA,NO ACTION,ENABLED
SYSTEM,IMP_LIQUIDAU,LDAU_IMPT_FK,3,IMPT_NUMEIMPO,SYSTEM,IMP_IMPORTAC,NUMEIMPO,NO ACTION,ENABLED
SYSTEM,IMP_NOTAPEDI,NTPD_ASGR_FK,1,ASGR_ASGR_ID,SYSTEM,GEN_ASEGURADORA,ASGR_ID,NO ACTION,ENABLED
SYSTEM,IMP_NOTAPEDI,NTPD_CBAN_FK,1,CBAN_COMPANIA,SYSTEM,BAN_CTABANCARIA,CTAS_COMPANIA,NO ACTION,ENABLED
SYSTEM,IMP_NOTAPEDI,NTPD_CBAN_FK,2,CBAN_CATALOGO,SYSTEM,BAN_CTABANCARIA,CTAS_CATALOGO,NO ACTION,ENABLED
SYSTEM,IMP_NOTAPEDI,NTPD_CBAN_FK,3,CBAN_CODIGO,SYSTEM,BAN_CTABANCARIA,CTAS_CODIGO,NO ACTION,ENABLED
SYSTEM,IMP_NOTAPEDI,NTPD_EGEN_FK,1,EGEN_ESTADO,SYSTEM,GEN_ESTADOS,ESTADO,NO ACTION,ENABLED
SYSTEM,IMP_NOTAPEDI,NTPD_IMPT_FK,1,IMPT_COMPANIA,SYSTEM,IMP_IMPORTAC,OFCN_COMPANIA,NO ACTION,ENABLED
SYSTEM,IMP_NOTAPEDI,NTPD_IMPT_FK,2,IMPT_OFICINA,SYSTEM,IMP_IMPORTAC,OFCN_OFICINA,NO ACTION,ENABLED
SYSTEM,IMP_NOTAPEDI,NTPD_IMPT_FK,3,IMPT_NUMEIMPO,SYSTEM,IMP_IMPORTAC,NUMEIMPO,NO ACTION,ENABLED
SYSTEM,IMP_NOTAPEDI,NTPD_MONE_FK,1,MONE_MONEDA,SYSTEM,GEN_MONEDA,MONEDA,NO ACTION,ENABLED
SYSTEM,IMP_NOTAPEDI,NTPD_NTPD_FK,1,NTPD_COMPANIA,SYSTEM,IMP_NOTAPEDI,OFCN_COMPANIA,NO ACTION,ENABLED
SYSTEM,IMP_NOTAPEDI,NTPD_NTPD_FK,2,NTPD_OFICINA,SYSTEM,IMP_NOTAPEDI,OFCN_OFICINA,NO ACTION,ENABLED
SYSTEM,IMP_NOTAPEDI,NTPD_NTPD_FK,3,NTPD_NUMERO,SYSTEM,IMP_NOTAPEDI,NUMERO,NO ACTION,ENABLED
SYSTEM,IMP_NOTAPEDI,NTPD_REQU_FK,1,REQU_NUMERO,SYSTEM,ALM_REQUERIM,NUMERO,NO ACTION,ENABLED
SYSTEM,IMP_NOTAPEDI,NTPD_REQU_FK,2,REQU_COMPANIA,SYSTEM,ALM_REQUERIM,OFCN_COMPANIA,NO ACTION,ENABLED
SYSTEM,IMP_NOTAPEDI,NTPD_REQU_FK,3,REQU_OFICINA,SYSTEM,ALM_REQUERIM,OFCN_OFICINA,NO ACTION,ENABLED
SYSTEM,IMP_NOTAPEDI,NTPD_REQU_FK,4,REQU_TIPODOCU,SYSTEM,ALM_REQUERIM,TPDC_TIPODOCU,NO ACTION,ENABLED
SYSTEM,IMP_NOTAPEDI,NTPD_UMED_FK,1,UMED_UNIDMEDI,SYSTEM,ALM_UNIDMEDI,UNIDMEDI,NO ACTION,ENABLED
SYSTEM,IMP_REFECONT,RCNT_ASTO_FK,1,ASTO_COMPANIA,SYSTEM,CNT_ASIENTO,CMPN_COMPANIA,NO ACTION,ENABLED
SYSTEM,IMP_REFECONT,RCNT_ASTO_FK,2,ASTO_NUMEDIAR,SYSTEM,CNT_ASIENTO,NUMEDIAR,NO ACTION,ENABLED
SYSTEM,IMP_REFECONT,RCNT_IMPT_FK,1,IMPT_COMPANIA,SYSTEM,IMP_IMPORTAC,OFCN_COMPANIA,NO ACTION,ENABLED
SYSTEM,IMP_REFECONT,RCNT_IMPT_FK,2,IMPT_OFICINA,SYSTEM,IMP_IMPORTAC,OFCN_OFICINA,NO ACTION,ENABLED
SYSTEM,IMP_REFECONT,RCNT_IMPT_FK,3,IMPT_NUMEIMPO,SYSTEM,IMP_IMPORTAC,NUMEIMPO,NO ACTION,ENABLED
SYSTEM,IMP_SIMULACI,SMLC_IMPT_FK,1,IMPT_COMPANIA,SYSTEM,IMP_IMPORTAC,OFCN_COMPANIA,NO ACTION,ENABLED
SYSTEM,IMP_SIMULACI,SMLC_IMPT_FK,2,IMPT_OFICINA,SYSTEM,IMP_IMPORTAC,OFCN_OFICINA,NO ACTION,ENABLED
SYSTEM,IMP_SIMULACI,SMLC_IMPT_FK,3,IMPT_NUMEIMPO,SYSTEM,IMP_IMPORTAC,NUMEIMPO,NO ACTION,ENABLED
SYSTEM,IMP_SIMULACI,SMLC_TCSI_FK,1,TCSI_COMPANIA,SYSTEM,GEN_TIPOCOSTO,CMPN_COMPANIA,NO ACTION,ENABLED
SYSTEM,IMP_SIMULACI,SMLC_TCSI_FK,2,TCSI_TIPOCOST,SYSTEM,GEN_TIPOCOSTO,TIPOCOST,NO ACTION,ENABLED
SYSTEM,IMP_SIMULACI,SMLC_TICA_FK,1,TICA_FECHA,SYSTEM,CNT_TIPOCAMB,FECHA,NO ACTION,ENABLED
SYSTEM,IMP_SIMULACI,SMLC_TICA_FK,2,TICA_MONEDA,SYSTEM,CNT_TIPOCAMB,MONE_MONEDA,NO ACTION,ENABLED
SYSTEM,IMP_TRANSFER,AUXT_IMPT_FK,1,IMPT_COMPANIA,SYSTEM,IMP_IMPORTAC,OFCN_COMPANIA,NO ACTION,ENABLED
SYSTEM,IMP_TRANSFER,AUXT_IMPT_FK,2,IMPT_OFICINA,SYSTEM,IMP_IMPORTAC,OFCN_OFICINA,NO ACTION,ENABLED
SYSTEM,IMP_TRANSFER,AUXT_IMPT_FK,3,IMPT_NUMEIMPO,SYSTEM,IMP_IMPORTAC,NUMEIMPO,NO ACTION,ENABLED
SYSTEM,IMP_ZONAEMBA,ZNAE_PAIS_FK,1,PAIS_CODIPAIS,SYSTEM,GEN_PAIS,CODIPAIS,NO ACTION,ENABLED
SYSTEM,INF_ASOCONEX,IFCO_AFDM_FK,1,AFDM_AFDM_ID,SYSTEM,AFJ_AFDETMOV,AFDM_ID,NO ACTION,ENABLED
SYSTEM,INF_ASOCONEX,IFCO_INTE_FK,1,INTE_SSID,SYSTEM,INF_INTERFAC,SSID,NO ACTION,ENABLED
SYSTEM,INF_DETAEQUI,INDE_EGEN_FK,1,EGEN_ESTADO,SYSTEM,GEN_ESTADOS,ESTADO,NO ACTION,ENABLED
SYSTEM,INF_INTERFAC,INTE_EGEN_FK,1,EGEN_ESTADO,SYSTEM,GEN_ESTADOS,ESTADO,NO ACTION,ENABLED
SYSTEM,INF_INTERFAC,INTE_INDE_FK,1,INDE_INDE_ID,SYSTEM,INF_DETAEQUI,INDE_ID,NO ACTION,ENABLED
SYSTEM,INF_INTERFAC,INTE_INTA_FK,1,INTA_TIPO,SYSTEM,INF_TIPOANTE,TIPO,NO ACTION,ENABLED
SYSTEM,INF_INTERFAC,INTE_INTE_FK,1,INTE_SSID,SYSTEM,INF_INTERFAC,SSID,NO ACTION,ENABLED
SYSTEM,MVIEW$_ADV_AJG,MVIEW$_ADV_AJG_FK,1,RUNID#,SYSTEM,MVIEW$_ADV_LOG,RUNID#,NO ACTION,ENABLED
SYSTEM,MVIEW$_ADV_BASETABLE,MVIEW$_ADV_BASETABLE_FK,1,QUERYID#,SYSTEM,MVIEW$_ADV_WORKLOAD,QUERYID#,NO ACTION,ENABLED
SYSTEM,MVIEW$_ADV_CLIQUE,MVIEW$_ADV_CLIQUE_FK,1,RUNID#,SYSTEM,MVIEW$_ADV_LOG,RUNID#,NO ACTION,ENABLED
SYSTEM,MVIEW$_ADV_ELIGIBLE,MVIEW$_ADV_ELIGIBLE_FK,1,RUNID#,SYSTEM,MVIEW$_ADV_LOG,RUNID#,NO ACTION,ENABLED
SYSTEM,MVIEW$_ADV_EXCEPTIONS,MVIEW$_ADV_EXCEPTION_FK,1,RUNID#,SYSTEM,MVIEW$_ADV_LOG,RUNID#,NO ACTION,ENABLED
SYSTEM,MVIEW$_ADV_FILTERINSTANCE,MVIEW$_ADV_FILTERINSTANCE_FK,1,RUNID#,SYSTEM,MVIEW$_ADV_LOG,RUNID#,NO ACTION,ENABLED
SYSTEM,MVIEW$_ADV_FJG,MVIEW$_ADV_FJG_FK,1,AJGID#,SYSTEM,MVIEW$_ADV_AJG,AJGID#,NO ACTION,ENABLED
SYSTEM,MVIEW$_ADV_GC,MVIEW$_ADV_GC_FK,1,FJGID#,SYSTEM,MVIEW$_ADV_FJG,FJGID#,NO ACTION,ENABLED
SYSTEM,MVIEW$_ADV_INFO,MVIEW$_ADV_INFO_FK,1,RUNID#,SYSTEM,MVIEW$_ADV_LOG,RUNID#,NO ACTION,ENABLED
SYSTEM,MVIEW$_ADV_JOURNAL,MVIEW$_ADV_JOURNAL_FK,1,RUNID#,SYSTEM,MVIEW$_ADV_LOG,RUNID#,NO ACTION,ENABLED
SYSTEM,MVIEW$_ADV_LEVEL,MVIEW$_ADV_LEVEL_FK,1,RUNID#,SYSTEM,MVIEW$_ADV_LOG,RUNID#,NO ACTION,ENABLED
SYSTEM,MVIEW$_ADV_OUTPUT,MVIEW$_ADV_OUTPUT_FK,1,RUNID#,SYSTEM,MVIEW$_ADV_LOG,RUNID#,NO ACTION,ENABLED
SYSTEM,MVIEW$_ADV_ROLLUP,MVIEW$_ADV_ROLLUP_CFK,1,RUNID#,SYSTEM,MVIEW$_ADV_LEVEL,RUNID#,NO ACTION,ENABLED
SYSTEM,MVIEW$_ADV_ROLLUP,MVIEW$_ADV_ROLLUP_CFK,2,CLEVELID#,SYSTEM,MVIEW$_ADV_LEVEL,LEVELID#,NO ACTION,ENABLED
SYSTEM,MVIEW$_ADV_ROLLUP,MVIEW$_ADV_ROLLUP_FK,1,RUNID#,SYSTEM,MVIEW$_ADV_LOG,RUNID#,NO ACTION,ENABLED
SYSTEM,MVIEW$_ADV_ROLLUP,MVIEW$_ADV_ROLLUP_PFK,1,RUNID#,SYSTEM,MVIEW$_ADV_LEVEL,RUNID#,NO ACTION,ENABLED
SYSTEM,MVIEW$_ADV_ROLLUP,MVIEW$_ADV_ROLLUP_PFK,2,PLEVELID#,SYSTEM,MVIEW$_ADV_LEVEL,LEVELID#,NO ACTION,ENABLED
SYSTEM,ORT_DEORDTRA,DTOT_EGEN_FK,1,EGEN_ESTADO,SYSTEM,GEN_ESTADOS,ESTADO,NO ACTION,ENABLED
SYSTEM,ORT_DEORDTRA,DTOT_SECC_FK,1,SECC_COMPANIA,SYSTEM,ALM_SECCFISC,BDGA_COMPANIA,NO ACTION,ENABLED
SYSTEM,ORT_DEORDTRA,DTOT_SECC_FK,2,SECC_OFICINA,SYSTEM,ALM_SECCFISC,BDGA_OFICINA,NO ACTION,ENABLED
SYSTEM,ORT_DEORDTRA,DTOT_SECC_FK,3,SECC_CODIBODE,SYSTEM,ALM_SECCFISC,BDGA_CODIBODE,NO ACTION,ENABLED
SYSTEM,ORT_DEORDTRA,DTOT_SECC_FK,4,SECC_CODISECC,SYSTEM,ALM_SECCFISC,CODISECC,NO ACTION,ENABLED
SYSTEM,ORT_DEORDTRA,DTOT_UBES_FK,1,UBES_UBES_ID,SYSTEM,ORT_UBICESTA,UBES_ID,NO ACTION,ENABLED
SYSTEM,ORT_REGILLAM,RGLL_EGEN_FK,1,EGEN_ESTADO,SYSTEM,GEN_ESTADOS,ESTADO,NO ACTION,ENABLED
SYSTEM,PAG_ANTICIPO,ANTP_ASTO_FK,1,ASTO_COMPANIA,SYSTEM,CNT_ASIENTO,CMPN_COMPANIA,NO ACTION,ENABLED
SYSTEM,PAG_ANTICIPO,ANTP_ASTO_FK,2,ASTO_NUMEDIAR,SYSTEM,CNT_ASIENTO,NUMEDIAR,NO ACTION,ENABLED
SYSTEM,PAG_ANTICIPO,ANTP_EGEN_FK,1,EGEN_ESTADO,SYSTEM,GEN_ESTADOS,ESTADO,NO ACTION,ENABLED
SYSTEM,PAG_ANTICIPO,ANTP_IMPT_FK,1,IMPT_COMPANIA,SYSTEM,IMP_IMPORTAC,OFCN_COMPANIA,NO ACTION,ENABLED
SYSTEM,PAG_ANTICIPO,ANTP_IMPT_FK,2,IMPT_OFICINA,SYSTEM,IMP_IMPORTAC,OFCN_OFICINA,NO ACTION,ENABLED
SYSTEM,PAG_ANTICIPO,ANTP_IMPT_FK,3,IMPT_NUMEIMPO,SYSTEM,IMP_IMPORTAC,NUMEIMPO,NO ACTION,ENABLED
SYSTEM,PAG_CRUCEANT,CANP_ANTP_FK,1,ANTP_ANTP_ID,SYSTEM,PAG_ANTICIPO,ANTP_ID,NO ACTION,ENABLED
SYSTEM,PAG_CRUCEANT,CANP_ASTO_FK,1,ASTO_COMPANIA,SYSTEM,CNT_ASIENTO,CMPN_COMPANIA,NO ACTION,ENABLED
SYSTEM,PAG_CRUCEANT,CANP_ASTO_FK,2,ASTO_NUMEDIAR,SYSTEM,CNT_ASIENTO,NUMEDIAR,NO ACTION,ENABLED
SYSTEM,PAG_CRUCEANT,CANP_EGEN_FK,1,EGEN_ESTADO,SYSTEM,GEN_ESTADOS,ESTADO,NO ACTION,ENABLED
SYSTEM,PAG_DETAPAGO,DPAG_ASTO_FK,1,ASTO_COMPANIA,SYSTEM,CNT_ASIENTO,CMPN_COMPANIA,NO ACTION,ENABLED
SYSTEM,PAG_DETAPAGO,DPAG_ASTO_FK,2,ASTO_NUMEDIAR,SYSTEM,CNT_ASIENTO,NUMEDIAR,NO ACTION,ENABLED
SYSTEM,PAG_DETAPAGO,DPAG_EGEN_FK,1,EGEN_ESTADO,SYSTEM,GEN_ESTADOS,ESTADO,NO ACTION,ENABLED
SYSTEM,PAG_DETAPAGO,DPAG_NCPR_FK,1,NCPR_COMPANIA,SYSTEM,COM_NOTACREDI,PROV_COMPANIA,NO ACTION,ENABLED
SYSTEM,PAG_DETAPAGO,DPAG_NCPR_FK,2,NCPR_CEDURUC,SYSTEM,COM_NOTACREDI,PROV_CEDURUC,NO ACTION,ENABLED
SYSTEM,PAG_DETAPAGO,DPAG_NCPR_FK,3,NCPR_SERIE,SYSTEM,COM_NOTACREDI,SERIE,NO ACTION,ENABLED
SYSTEM,PAG_DETAPAGO,DPAG_NCPR_FK,4,NCPR_NUMERO,SYSTEM,COM_NOTACREDI,NUMERO,NO ACTION,ENABLED
SYSTEM,PAG_DETAPAGO,DPAG_NCPR_FK,5,NCPR_ALCANCE,SYSTEM,COM_NOTACREDI,ALCANCE,NO ACTION,ENABLED
SYSTEM,PAG_DETAPAGO,DPAG_PPAG_FK,1,PPAG_PPAG_ID,SYSTEM,COM_PLANPAGO,PPAG_ID,NO ACTION,ENABLED
SYSTEM,PAG_OTRSCTAS,OTRS_ASTO_FK,1,ASTO_COMPANIA,SYSTEM,CNT_ASIENTO,CMPN_COMPANIA,NO ACTION,ENABLED
SYSTEM,PAG_OTRSCTAS,OTRS_ASTO_FK,2,ASTO_NUMEDIAR,SYSTEM,CNT_ASIENTO,NUMEDIAR,NO ACTION,ENABLED
SYSTEM,PAG_OTRSCTAS,OTRS_EGEN_FK,1,EGEN_ESTADO,SYSTEM,GEN_ESTADOS,ESTADO,NO ACTION,ENABLED
SYSTEM,PAG_OTRSCTAS,OTRS_FRPG_FK,1,FRPG_FORMPAGO,SYSTEM,GEN_FORMPAGO,FORMPAGO,NO ACTION,ENABLED
SYSTEM,PAG_OTRSCTAS,OTRS_IMPT_FK,1,IMPT_COMPANIA,SYSTEM,IMP_IMPORTAC,OFCN_COMPANIA,NO ACTION,ENABLED
SYSTEM,PAG_OTRSCTAS,OTRS_IMPT_FK,2,IMPT_OFICINA,SYSTEM,IMP_IMPORTAC,OFCN_OFICINA,NO ACTION,ENABLED
SYSTEM,PAG_OTRSCTAS,OTRS_IMPT_FK,3,IMPT_NUMEIMPO,SYSTEM,IMP_IMPORTAC,NUMEIMPO,NO ACTION,ENABLED
SYSTEM,PAG_OTRSCTAS,OTRS_MONE_FK,1,MONE_MONEDA,SYSTEM,GEN_MONEDA,MONEDA,NO ACTION,ENABLED
SYSTEM,PAG_OTRSCTAS,OTRS_PRPG_FK,1,PRPG_CODIPERI,SYSTEM,GEN_PERIPAGO,CODIPERI,NO ACTION,ENABLED
SYSTEM,PAG_OTRSCTAS,OTRS_TCSI_FK,1,TCSI_COMPANIA,SYSTEM,GEN_TIPOCOSTO,CMPN_COMPANIA,NO ACTION,ENABLED
SYSTEM,PAG_OTRSCTAS,OTRS_TCSI_FK,2,TCSI_TIPOCOST,SYSTEM,GEN_TIPOCOSTO,TIPOCOST,NO ACTION,ENABLED
SYSTEM,PRD_CALMATPR,CLMP_TPCD_FK,1,TPCD_TIPO,SYSTEM,PRD_TIPOCALI,TIPO,NO ACTION,ENABLED
SYSTEM,PRT_ABONCAPI,ABCA_ASTO_FK,1,ASTO_COMPANIA,SYSTEM,CNT_ASIENTO,CMPN_COMPANIA,NO ACTION,ENABLED
SYSTEM,PRT_ABONCAPI,ABCA_ASTO_FK,2,ASTO_NUMEDIAR,SYSTEM,CNT_ASIENTO,NUMEDIAR,NO ACTION,ENABLED
SYSTEM,PRT_ABONCAPI,ABCA_CCPT_FK,1,CCPT_TIPOCAPI,SYSTEM,PRT_CLASCAPI,TIPOCAPI,NO ACTION,ENABLED
SYSTEM,PRT_ABONCAPI,ABCA_EGEN_FK,1,EGEN_ESTADO,SYSTEM,GEN_ESTADOS,ESTADO,NO ACTION,ENABLED
SYSTEM,PRT_ABONCAPI,ABCA_FRPG_FK,1,FRPG_FORMPAGO,SYSTEM,GEN_FORMPAGO,FORMPAGO,NO ACTION,ENABLED
SYSTEM,PRT_ABONCAPI,ABCA_PRTM_FK,1,PRTM_COMPANIA,SYSTEM,PRT_PRESTAMOS,OFCN_COMPANIA,NO ACTION,ENABLED
SYSTEM,PRT_ABONCAPI,ABCA_PRTM_FK,2,PRTM_OFICINA,SYSTEM,PRT_PRESTAMOS,OFCN_OFICINA,NO ACTION,ENABLED
SYSTEM,PRT_ABONCAPI,ABCA_PRTM_FK,3,PRTM_TIPODOCU,SYSTEM,PRT_PRESTAMOS,TPDC_TIPODOCU,NO ACTION,ENABLED
SYSTEM,PRT_ABONCAPI,ABCA_PRTM_FK,4,PRTM_NUMERO,SYSTEM,PRT_PRESTAMOS,NUMERO,NO ACTION,ENABLED
SYSTEM,PRT_ANEXCUAD,ACRM_CCPT_FK,1,CCPT_TIPOCAPI,SYSTEM,PRT_CLASCAPI,TIPOCAPI,NO ACTION,ENABLED
SYSTEM,PRT_ANEXCUAD,ACRM_PRTM_FK,1,PRTM_COMPANIA,SYSTEM,PRT_PRESTAMOS,OFCN_COMPANIA,NO ACTION,ENABLED
SYSTEM,PRT_ANEXCUAD,ACRM_PRTM_FK,2,PRTM_OFICINA,SYSTEM,PRT_PRESTAMOS,OFCN_OFICINA,NO ACTION,ENABLED
SYSTEM,PRT_ANEXCUAD,ACRM_PRTM_FK,3,PRTM_TIPODOCU,SYSTEM,PRT_PRESTAMOS,TPDC_TIPODOCU,NO ACTION,ENABLED
SYSTEM,PRT_ANEXCUAD,ACRM_PRTM_FK,4,PRTM_NUMERO,SYSTEM,PRT_PRESTAMOS,NUMERO,NO ACTION,ENABLED
SYSTEM,PRT_APROPCREDI,ACRE_ASTO_FK,1,ASTO_COMPANIA,SYSTEM,CNT_ASIENTO,CMPN_COMPANIA,NO ACTION,ENABLED
SYSTEM,PRT_APROPCREDI,ACRE_ASTO_FK,2,ASTO_NUMEDIAR,SYSTEM,CNT_ASIENTO,NUMEDIAR,NO ACTION,ENABLED
SYSTEM,PRT_APROPCREDI,ACRE_EGEN_FK,1,EGEN_ESTADO,SYSTEM,GEN_ESTADOS,ESTADO,NO ACTION,ENABLED
SYSTEM,PRT_APROPCREDI,ACRE_PPRG_FK,1,PPRG_BANDA,SYSTEM,PRT_PARARANG,BANDA,NO ACTION,ENABLED
SYSTEM,PRT_APROPCREDI,ACRE_PPRG_FK,2,PPRG_TIPOCRED,SYSTEM,PRT_PARARANG,PRTC_TIPOCRED,NO ACTION,ENABLED
SYSTEM,PRT_APROPCREDI,ACRE_PPRG_FK,3,PPRG_TIPOCAPI,SYSTEM,PRT_PARARANG,CCPT_TIPOCAPI,NO ACTION,ENABLED
SYSTEM,PRT_APROPCREDI,ACRE_PRTM_FK,1,PRTM_COMPANIA,SYSTEM,PRT_PRESTAMOS,OFCN_COMPANIA,NO ACTION,ENABLED
SYSTEM,PRT_APROPCREDI,ACRE_PRTM_FK,2,PRTM_OFICINA,SYSTEM,PRT_PRESTAMOS,OFCN_OFICINA,NO ACTION,ENABLED
SYSTEM,PRT_APROPCREDI,ACRE_PRTM_FK,3,PRTM_TIPODOCU,SYSTEM,PRT_PRESTAMOS,TPDC_TIPODOCU,NO ACTION,ENABLED
SYSTEM,PRT_APROPCREDI,ACRE_PRTM_FK,4,PRTM_NUMERO,SYSTEM,PRT_PRESTAMOS,NUMERO,NO ACTION,ENABLED
SYSTEM,PRT_BALAGRUP,PBLG_PCCL_FK,1,PCCL_CODIGRUP,SYSTEM,PRT_CICLOS,GPCM_CODIGRUP,NO ACTION,ENABLED
SYSTEM,PRT_BALAGRUP,PBLG_PCCL_FK,2,PCCL_CICLO,SYSTEM,PRT_CICLOS,CICLO,NO ACTION,ENABLED
SYSTEM,PRT_BALAGRUP,PBLG_PCTS_FK,1,PCTS_CODIGO,SYSTEM,PRT_CUENTAS,CODIGO,NO ACTION,ENABLED
SYSTEM,PRT_CATERIES,PCTR_PRTC_FK,1,PRTC_TIPOCRED,SYSTEM,PRT_TIPOCREDI,TIPOCRED,NO ACTION,ENABLED
SYSTEM,PRT_CATERIES,PCTR_PTRG_FK,1,PTRG_CODIGO,SYSTEM,PRT_TIPORIES,CODIGO,NO ACTION,ENABLED
SYSTEM,PRT_CICLOS,PCCL_GPCM_FK,1,GPCM_CODIGRUP,SYSTEM,PRT_GRUPOSCOM,CODIGRUP,NO ACTION,ENABLED
SYSTEM,PRT_CTABANCARIA,PCBN_BANC_FK,1,BANC_IDBANCO,SYSTEM,GEN_BANCOS,IDBANCO,NO ACTION,ENABLED
SYSTEM,PRT_CTABANCARIA,PCBN_GPCM_FK,1,GPCM_CODIGRUP,SYSTEM,PRT_GRUPOSCOM,CODIGRUP,NO ACTION,ENABLED
SYSTEM,PRT_CTABANCARIA,PCBN_PCTS_FK,1,PCTS_CODIGO,SYSTEM,PRT_CUENTAS,CODIGO,NO ACTION,ENABLED
SYSTEM,PRT_CTASBALA,PRT_MONE_FK,1,MONE_MONEDA,SYSTEM,GEN_MONEDA,MONEDA,NO ACTION,ENABLED
SYSTEM,PRT_CUENTAS,PCTS_PCTS_FK,1,PCTS_CODIGO,SYSTEM,PRT_CUENTAS,CODIGO,NO ACTION,ENABLED
SYSTEM,PRT_CUENTAS,PCTS_TCTA_FK,1,TCTA_TIPOCTA,SYSTEM,CNT_TIPOCUENTA,TIPOCTA,NO ACTION,ENABLED
SYSTEM,PRT_DETASIENTO,PDAS_GPCM_FK,1,GPCM_CODIGRUP,SYSTEM,PRT_GRUPOSCOM,CODIGRUP,NO ACTION,ENABLED
SYSTEM,PRT_DETASIENTO,PDAS_PCTS_FK,1,PCTS_CODIGO,SYSTEM,PRT_CUENTAS,CODIGO,NO ACTION,ENABLED
SYSTEM,PRT_DETASIENTO,PDAS_PTBN_FK,1,PTBN_NUMEOPER,SYSTEM,PRT_TRANSBANCA,NUMEOPER,NO ACTION,ENABLED
SYSTEM,PRT_DETASOLI,PDSL_ESOL_FK,1,ESOL_ESTADO,SYSTEM,CLI_ESTADSOLIC,ESTADO,NO ACTION,ENABLED
SYSTEM,PRT_DETASOLI,PDSL_PCRG_FK,1,PCRG_TIPO,SYSTEM,PRT_CARGO,TIPO,NO ACTION,ENABLED
SYSTEM,PRT_DETASOLI,PDSL_PRTC_FK,1,PRTC_TIPOCRED,SYSTEM,PRT_TIPOCREDI,TIPOCRED,NO ACTION,ENABLED
SYSTEM,PRT_DETASOLI,PDSL_PSLG_FK,1,PSLG_NUMERO,SYSTEM,PRT_SOLIGRUP,NUMERO,NO ACTION,ENABLED
SYSTEM,PRT_DETASOLI,PDSL_TPDC_FK,1,TPDC_TIPODOCU,SYSTEM,GEN_TIPODOCU,TIPODOCU,NO ACTION,ENABLED
SYSTEM,PRT_DETIPCAU,DCSL_PCTS_FK,1,PCTS_CODIGO,SYSTEM,PRT_CUENTAS,CODIGO,NO ACTION,ENABLED
SYSTEM,PRT_DETIPCAU,DCSL_TCSL_FK,1,TCSL_TIPCASUA,SYSTEM,PRT_TIPOCAUSAL,TIPCASUA,NO ACTION,ENABLED
SYSTEM,PRT_DETIPCAU,DCSL_TPDC_FK,1,TPDC_TIPODOCU,SYSTEM,GEN_TIPODOCU,TIPODOCU,NO ACTION,ENABLED
SYSTEM,PRT_GRUPOSCOM,GPCM_PZNS_FK,1,PZNS_CODIZONA,SYSTEM,PRT_ZONAS,CODIZONA,NO ACTION,ENABLED
SYSTEM,PRT_MADUCRED,MCRE_ASTO_FK,1,ASTO_COMPANIA,SYSTEM,CNT_ASIENTO,CMPN_COMPANIA,NO ACTION,ENABLED
SYSTEM,PRT_MADUCRED,MCRE_ASTO_FK,2,ASTO_NUMEDIAR,SYSTEM,CNT_ASIENTO,NUMEDIAR,NO ACTION,ENABLED
SYSTEM,PRT_MADUCRED,MCRE_EGEN_FK,1,EGEN_ESTADO,SYSTEM,GEN_ESTADOS,ESTADO,NO ACTION,ENABLED
SYSTEM,PRT_MADUCRED,MCRE_PRTM_FK,1,PRTM_COMPANIA,SYSTEM,PRT_PRESTAMOS,OFCN_COMPANIA,NO ACTION,ENABLED
SYSTEM,PRT_MADUCRED,MCRE_PRTM_FK,2,PRTM_OFICINA,SYSTEM,PRT_PRESTAMOS,OFCN_OFICINA,NO ACTION,ENABLED
SYSTEM,PRT_MADUCRED,MCRE_PRTM_FK,3,PRTM_TIPODOCU,SYSTEM,PRT_PRESTAMOS,TPDC_TIPODOCU,NO ACTION,ENABLED
SYSTEM,PRT_MADUCRED,MCRE_PRTM_FK,4,PRTM_NUMERO,SYSTEM,PRT_PRESTAMOS,NUMERO,NO ACTION,ENABLED
SYSTEM,PRT_MIEMBROS,MBGR_EGEN_FK,1,EGEN_ESTADO,SYSTEM,GEN_ESTADOS,ESTADO,NO ACTION,ENABLED
SYSTEM,PRT_MIEMBROS,MBGR_ESOL_FK,1,ESOL_ESTADO,SYSTEM,CLI_ESTADSOLIC,ESTADO,NO ACTION,ENABLED
SYSTEM,PRT_MIEMBROS,MBGR_GPCM_FK,1,GPCM_CODIGO,SYSTEM,PRT_GRUPOSCOM,CODIGRUP,NO ACTION,ENABLED
SYSTEM,PRT_MIEMBROS,MBGR_PCRG_FK,1,PCRG_TIPO,SYSTEM,PRT_CARGO,TIPO,NO ACTION,ENABLED
SYSTEM,PRT_MIEMBROS,MBGR_TPDC_FK,1,TPDC_TIPODOCU,SYSTEM,GEN_TIPODOCU,TIPODOCU,NO ACTION,ENABLED
SYSTEM,PRT_PARARANG,PPRG_CCPT_FK,1,CCPT_TIPOCAPI,SYSTEM,PRT_CLASCAPI,TIPOCAPI,NO ACTION,ENABLED
SYSTEM,PRT_PARARANG,PPRG_PRTC_FK,1,PRTC_TIPOCRED,SYSTEM,PRT_TIPOCREDI,TIPOCRED,NO ACTION,ENABLED
SYSTEM,PRT_PRESTAMOS,PRTM_ASTO_FK,1,ASTO_COMPANIA,SYSTEM,CNT_ASIENTO,CMPN_COMPANIA,NO ACTION,ENABLED
SYSTEM,PRT_PRESTAMOS,PRTM_ASTO_FK,2,ASTO_NUMEDIAR,SYSTEM,CNT_ASIENTO,NUMEDIAR,NO ACTION,ENABLED
SYSTEM,PRT_PRESTAMOS,PRTM_EGEN_FK,1,EGEN_ESTADO,SYSTEM,GEN_ESTADOS,ESTADO,NO ACTION,ENABLED
SYSTEM,PRT_PRESTAMOS,PRTM_EOPE_FK,1,EOPE_ESTAOPER,SYSTEM,PRT_ESTAOPER,ESTAOPER,NO ACTION,ENABLED
SYSTEM,PRT_PRESTAMOS,PRTM_GPCM_FK,1,GPCM_CODIGRUP,SYSTEM,PRT_GRUPOSCOM,CODIGRUP,NO ACTION,ENABLED
SYSTEM,PRT_PRESTAMOS,PRTM_MONE_FK,1,MONE_MONEDA,SYSTEM,GEN_MONEDA,MONEDA,NO ACTION,ENABLED
SYSTEM,PRT_PRESTAMOS,PRTM_PRDF_FK,1,PRDF_DESTFINA,SYSTEM,PRT_DESTIFINAN,DESTFINA,NO ACTION,ENABLED
SYSTEM,PRT_PRESTAMOS,PRTM_PRFC_FK,1,PRFC_FORMCANC,SYSTEM,PRT_FORMCANC,FORMCANC,NO ACTION,ENABLED
SYSTEM,PRT_PRESTAMOS,PRTM_PROR_FK,1,PROR_ORIGRECU,SYSTEM,PRT_ORIGRECU,ORIGRECU,NO ACTION,ENABLED
SYSTEM,PRT_PRESTAMOS,PRTM_PRPG_FK,1,PRPG_CODIPERI,SYSTEM,GEN_PERIPAGO,CODIPERI,NO ACTION,ENABLED
SYSTEM,PRT_PRESTAMOS,PRTM_PRRQ_FK,1,PRRQ_CODICANT,SYSTEM,GEN_PARROQS,CANT_CODICANT,NO ACTION,ENABLED
SYSTEM,PRT_PRESTAMOS,PRTM_PRRQ_FK,2,PRRQ_CODIPROV,SYSTEM,GEN_PARROQS,CANT_CODIPROV,NO ACTION,ENABLED
SYSTEM,PRT_PRESTAMOS,PRTM_PRRQ_FK,3,PRRQ_CODIPARR,SYSTEM,GEN_PARROQS,CODIPARR,NO ACTION,ENABLED
SYSTEM,PRT_PRESTAMOS,PRTM_PRTC_FK,1,PRTC_TIPOCRED,SYSTEM,PRT_TIPOCREDI,TIPOCRED,NO ACTION,ENABLED
SYSTEM,PRT_PRESTAMOS,PRTM_PRTM_FK,1,PRTM_COMPANIA,SYSTEM,PRT_PRESTAMOS,OFCN_COMPANIA,NO ACTION,ENABLED
SYSTEM,PRT_PRESTAMOS,PRTM_PRTM_FK,2,PRTM_OFICINA,SYSTEM,PRT_PRESTAMOS,OFCN_OFICINA,NO ACTION,ENABLED
SYSTEM,PRT_PRESTAMOS,PRTM_PRTM_FK,3,PRTM_TIPODOCU,SYSTEM,PRT_PRESTAMOS,TPDC_TIPODOCU,NO ACTION,ENABLED
SYSTEM,PRT_PRESTAMOS,PRTM_PRTM_FK,4,PRTM_NUMERO,SYSTEM,PRT_PRESTAMOS,NUMERO,NO ACTION,ENABLED
SYSTEM,PRT_PRESTAMOS,PRTM_PRTM_RE_FK,1,PRTM_COMPANIA_RE,SYSTEM,PRT_PRESTAMOS,OFCN_COMPANIA,NO ACTION,ENABLED
SYSTEM,PRT_PRESTAMOS,PRTM_PRTM_RE_FK,2,PRTM_OFICINA_RE,SYSTEM,PRT_PRESTAMOS,OFCN_OFICINA,NO ACTION,ENABLED
SYSTEM,PRT_PRESTAMOS,PRTM_PRTM_RE_FK,3,PRTM_TIPODOCU_RE,SYSTEM,PRT_PRESTAMOS,TPDC_TIPODOCU,NO ACTION,ENABLED
SYSTEM,PRT_PRESTAMOS,PRTM_PRTM_RE_FK,4,PRTM_NUMERO_RE,SYSTEM,PRT_PRESTAMOS,NUMERO,NO ACTION,ENABLED
SYSTEM,PRT_PRESTAMOS,PRTM_PRTO_FK,1,PRTO_TIPOOPER,SYSTEM,PRT_TIPOPERA,TIPOPER,NO ACTION,ENABLED
SYSTEM,PRT_PRESTAMOS,PRTM_PRTT_FK,1,PRTT_TIPOTASA,SYSTEM,PRT_TIPOTASA,TIPOTASA,NO ACTION,ENABLED
SYSTEM,PRT_PRESTAMOS,PRTM_PSLG_FK,1,PSLG_NUMERO,SYSTEM,PRT_SOLIGRUP,NUMERO,NO ACTION,ENABLED
SYSTEM,PRT_PRESTAMOS,PRTM_PTBN_FK,1,PTBN_NUMEOPER,SYSTEM,PRT_TRANSBANCA,NUMEOPER,NO ACTION,ENABLED
SYSTEM,PRT_PRESTAMOS,PRTM_PTRG_FK,1,PTRG_CODIGO,SYSTEM,PRT_TIPORIES,CODIGO,NO ACTION,ENABLED
SYSTEM,PRT_PRESTAMOS,PRTM_TGAR_FK,1,TGAR_TIPOGARA,SYSTEM,GEN_TIPOGARAN,TIPOGARA,NO ACTION,ENABLED
SYSTEM,PRT_PRESTAMOS,PRTM_TPDC_FK,1,TPDC_TIPODOCU,SYSTEM,GEN_TIPODOCU,TIPODOCU,NO ACTION,ENABLED
SYSTEM,PRT_RECARGOS,RCCR_ASTO_FK,1,ASTO_COMPANIA,SYSTEM,CNT_ASIENTO,CMPN_COMPANIA,NO ACTION,ENABLED
SYSTEM,PRT_RECARGOS,RCCR_ASTO_FK,2,ASTO_NUMEDIAR,SYSTEM,CNT_ASIENTO,NUMEDIAR,NO ACTION,ENABLED
SYSTEM,PRT_RECARGOS,RCCR_EGEN_FK,1,EGEN_ESTADO,SYSTEM,GEN_ESTADOS,ESTADO,NO ACTION,ENABLED
SYSTEM,PRT_RECARGOS,RCCR_PLCB_FK,1,PLCB_PLCB_ID,SYSTEM,VEN_PLANCOBR,PLCB_ID,NO ACTION,ENABLED
SYSTEM,PRT_RECARGOS,RCCR_TREC_FK,1,TREC_CODIGAST,SYSTEM,PRT_TIPORECA,CODIGAST,NO ACTION,ENABLED
SYSTEM,PRT_SIMUCRED,SMCR_EGEN_FK,1,EGEN_ESTADO,SYSTEM,GEN_ESTADOS,ESTADO,NO ACTION,ENABLED
SYSTEM,PRT_SIMUCRED,SMCR_EOPE_FK,1,EOPE_ESTAOPER,SYSTEM,PRT_ESTAOPER,ESTAOPER,NO ACTION,ENABLED
SYSTEM,PRT_SIMUCRED,SMCR_MONE_FK,1,MONE_MONEDA,SYSTEM,GEN_MONEDA,MONEDA,NO ACTION,ENABLED
SYSTEM,PRT_SIMUCRED,SMCR_PRDF_FK,1,PRDF_DESTFINA,SYSTEM,PRT_DESTIFINAN,DESTFINA,NO ACTION,ENABLED
SYSTEM,PRT_SIMUCRED,SMCR_PRPG_FK,1,PRPG_CODIPERI,SYSTEM,GEN_PERIPAGO,CODIPERI,NO ACTION,ENABLED
SYSTEM,PRT_SIMUCRED,SMCR_PRTC_FK,1,PRTC_TIPOCRED,SYSTEM,PRT_TIPOCREDI,TIPOCRED,NO ACTION,ENABLED
SYSTEM,PRT_SIMUCRED,SMCR_PRTO_FK,1,PRTO_TIPOPER,SYSTEM,PRT_TIPOPERA,TIPOPER,NO ACTION,ENABLED
SYSTEM,PRT_SIMUCRED,SMCR_PRTT_FK,1,PRTT_TIPOTASA,SYSTEM,PRT_TIPOTASA,TIPOTASA,NO ACTION,ENABLED
SYSTEM,PRT_SIMUCRED,SMCR_PTRG_FK,1,PTRG_CODIGO,SYSTEM,PRT_TIPORIES,CODIGO,NO ACTION,ENABLED
SYSTEM,PRT_SIMUCRED,SMCR_TPDC_FK,1,TPDC_TIPODOCU,SYSTEM,GEN_TIPODOCU,TIPODOCU,NO ACTION,ENABLED
SYSTEM,PRT_SIMUDETA,SDET_CCPT_FK,1,CCPT_TIPOCAPI,SYSTEM,PRT_CLASCAPI,TIPOCAPI,NO ACTION,ENABLED
SYSTEM,PRT_SIMUDETA,SDET_EGEN_FK,1,EGEN_ESTADO,SYSTEM,GEN_ESTADOS,ESTADO,NO ACTION,ENABLED
SYSTEM,PRT_SIMUDETA,SDET_FRPG_FK,1,FRPG_FORMPAGO,SYSTEM,GEN_FORMPAGO,FORMPAGO,NO ACTION,ENABLED
SYSTEM,PRT_SIMUDETA,SDET_SMCR_FK,1,SMCR_SMCR_ID,SYSTEM,PRT_SIMUCRED,SMCR_ID,NO ACTION,ENABLED
SYSTEM,PRT_SOLIGRUP,PSLG_ESOL_FK,1,ESOL_ESTADO,SYSTEM,CLI_ESTADSOLIC,ESTADO,NO ACTION,ENABLED
SYSTEM,PRT_SOLIGRUP,PSLG_GPCM_FK,1,GPCM_CODIGRUP,SYSTEM,PRT_GRUPOSCOM,CODIGRUP,NO ACTION,ENABLED
SYSTEM,PRT_SOLIGRUP,PSLG_PRDF_FK,1,PRDF_DESTFINA,SYSTEM,PRT_DESTIFINAN,DESTFINA,NO ACTION,ENABLED
SYSTEM,PRT_SOLIGRUP,PSLG_PRPG_FK,1,PRPG_CODIPERI,SYSTEM,GEN_PERIPAGO,CODIPERI,NO ACTION,ENABLED
SYSTEM,PRT_SOLIGRUP,PSLG_PRRQ_FK,1,PRRQ_CODICANT,SYSTEM,GEN_PARROQS,CANT_CODICANT,NO ACTION,ENABLED
SYSTEM,PRT_SOLIGRUP,PSLG_PRRQ_FK,2,PRRQ_CODIPROV,SYSTEM,GEN_PARROQS,CANT_CODIPROV,NO ACTION,ENABLED
SYSTEM,PRT_SOLIGRUP,PSLG_PRRQ_FK,3,PRRQ_CODIPARR,SYSTEM,GEN_PARROQS,CODIPARR,NO ACTION,ENABLED
SYSTEM,PRT_SOLIGRUP,PSLG_PRTC_FK,1,PRTC_TIPOCRED,SYSTEM,PRT_TIPOCREDI,TIPOCRED,NO ACTION,ENABLED
SYSTEM,PRT_SOLIGRUP,PSLG_TGAR_FK,1,TGAR_TIPOGARA,SYSTEM,GEN_TIPOGARAN,TIPOGARA,NO ACTION,ENABLED
SYSTEM,PRT_TASAREFEN,TREF_MONE_FK,1,MONE_MONEDA,SYSTEM,GEN_MONEDA,MONEDA,NO ACTION,ENABLED
SYSTEM,PRT_TASAREFEN,TREF_PRTC_FK,1,PRTC_TIPOCRED,SYSTEM,PRT_TIPOCREDI,TIPOCRED,NO ACTION,ENABLED
SYSTEM,PRT_TASAREFEN,TREF_PRTT_FK,1,PRTT_TIPOTASA,SYSTEM,PRT_TIPOTASA,TIPOTASA,NO ACTION,ENABLED
SYSTEM,PRT_TASAREFEN,TREF_TPDC_FK,1,TPDC_TIPODOCU,SYSTEM,GEN_TIPODOCU,TIPODOCU,NO ACTION,ENABLED
SYSTEM,PRT_TIPOCAUSAL,TCSL_TPDC_FK,1,TPDC_TIPODOCU,SYSTEM,GEN_TIPODOCU,TIPODOCU,NO ACTION,ENABLED
SYSTEM,PRT_TIPOCREDI,PRTC_PRTC_FK,1,PRTC_TIPOCRED,SYSTEM,PRT_TIPOCREDI,TIPOCRED,NO ACTION,ENABLED
SYSTEM,PRT_TRANSBANCA,PTBN_EGEN_FK,1,EGEN_ESTADO,SYSTEM,GEN_ESTADOS,ESTADO,NO ACTION,ENABLED
SYSTEM,PRT_TRANSBANCA,PTBN_MONE_FK,1,MONE_MONEDA,SYSTEM,GEN_MONEDA,MONEDA,NO ACTION,ENABLED
SYSTEM,PRT_TRANSBANCA,PTBN_PCBN_FK,1,PCBN_CODIGO,SYSTEM,PRT_CTABANCARIA,PCTS_CODIGO,NO ACTION,ENABLED
SYSTEM,PRT_TRANSBANCA,PTBN_PCBN_FK,2,PCBN_CODIGRUP,SYSTEM,PRT_CTABANCARIA,GPCM_CODIGRUP,NO ACTION,ENABLED
SYSTEM,PRT_TRANSBANCA,PTBN_TCSL_FK,1,TCSL_TIPCASUA,SYSTEM,PRT_TIPOCAUSAL,TIPCASUA,NO ACTION,ENABLED
SYSTEM,PRT_TRANSBANCA,PTBN_TPDC_FK,1,TPDC_TIPODOCU,SYSTEM,GEN_TIPODOCU,TIPODOCU,NO ACTION,ENABLED
SYSTEM,PRT_TRANSINDIV,TIND_EGEN_FK,1,EGEN_ESTADO,SYSTEM,GEN_ESTADOS,ESTADO,NO ACTION,ENABLED
SYSTEM,PRT_TRANSINDIV,TIND_MONE_FK,1,MONE_MONEDA,SYSTEM,GEN_MONEDA,MONEDA,NO ACTION,ENABLED
SYSTEM,PRT_TRANSINDIV,TIND_PTBN_FK,1,PTBN_NUMEOPER,SYSTEM,PRT_TRANSBANCA,NUMEOPER,NO ACTION,ENABLED
SYSTEM,PRT_TRANSINDIV,TIND_RBAN_FK,1,RBAN_RBAN_ID,SYSTEM,CLI_REFERBANC,RBAN_ID,NO ACTION,ENABLED
SYSTEM,PRT_TRANSINDIV,TIND_TCSL_FK,1,TCSL_TIPCASUA,SYSTEM,PRT_TIPOCAUSAL,TIPCASUA,NO ACTION,ENABLED
SYSTEM,PRT_TRANSINDIV,TIND_TPDC_FK,1,TPDC_TIPODOCU,SYSTEM,GEN_TIPODOCU,TIPODOCU,NO ACTION,ENABLED
SYSTEM,PRT_VENCIDOS,CVEN_PRTM_FK,1,PRTM_COMPANIA,SYSTEM,PRT_PRESTAMOS,OFCN_COMPANIA,NO ACTION,ENABLED
SYSTEM,PRT_VENCIDOS,CVEN_PRTM_FK,2,PRTM_OFICINA,SYSTEM,PRT_PRESTAMOS,OFCN_OFICINA,NO ACTION,ENABLED
SYSTEM,PRT_VENCIDOS,CVEN_PRTM_FK,3,PRTM_TIPODOCU,SYSTEM,PRT_PRESTAMOS,TPDC_TIPODOCU,NO ACTION,ENABLED
SYSTEM,PRT_VENCIDOS,CVEN_PRTM_FK,4,PRTM_NUMERO,SYSTEM,PRT_PRESTAMOS,NUMERO,NO ACTION,ENABLED
SYSTEM,RHH_ACTIFIJA,ACFIA_FNCI_FK,1,FNCI_CODIGO,SYSTEM,RHH_FUNCIONES,CODIGO,NO ACTION,ENABLED
SYSTEM,RHH_ACTIFIJA,ACFIA_FRCS_FK,1,FRCS_TIEMPODIAS,SYSTEM,RHH_FRECUAENCIAS,TIEMPODIAS,NO ACTION,ENABLED
SYSTEM,RHH_ACTIFIJA,ACFIA_PRAC_FK,1,PRAC_CODIGO,SYSTEM,RHH_PRODUCTOS,CODIGO,NO ACTION,ENABLED
SYSTEM,RHH_ACTIFIJA,ACFIA_UMED_FK,1,UMED_UNIDMEDI,SYSTEM,ALM_UNIDMEDI,UNIDMEDI,NO ACTION,ENABLED
SYSTEM,RHH_ADICIONALES,ADIC_HEXT_FK,1,HEXT_TIPOHORA,SYSTEM,RHH_TIPOHORA,TIPOHORA,NO ACTION,ENABLED
SYSTEM,RHH_ADICIONALES,ADIC_HRES_FK,1,HRES_HRES_ID,SYSTEM,RHH_REGENTRSALI,HRES_ID,NO ACTION,ENABLED
SYSTEM,RHH_ALCACOMI,ALCM_CLCM_FK,1,CLCM_CODIGO,SYSTEM,RHH_CLACCOMI,CODIGO,NO ACTION,ENABLED
SYSTEM,RHH_AUDPROV,APVA_ASTO_FK,1,ASTO_COMPANIA,SYSTEM,CNT_ASIENTO,CMPN_COMPANIA,NO ACTION,ENABLED
SYSTEM,RHH_AUDPROV,APVA_ASTO_FK,2,ASTO_NUMEDIAR,SYSTEM,CNT_ASIENTO,NUMEDIAR,NO ACTION,ENABLED
SYSTEM,RHH_CARGFAMI,CGFM_TIPA_FK,1,TIPA_TIPOPARA,SYSTEM,GEN_TIPOPARENT,TIPOPARA,NO ACTION,ENABLED
SYSTEM,RHH_COMIGENE,CMGN_FK,1,PRCM_ID,SYSTEM,VEN_PEROCOMI,PRCM_ID,NO ACTION,ENABLED
SYSTEM,RHH_CONTCARG,CNCR_RLOF_FK,1,RLOF_COMPANIA,SYSTEM,SEG_ROLOFIC,OFCN_COMPANIA,NO ACTION,ENABLED
SYSTEM,RHH_CONTCARG,CNCR_RLOF_FK,2,RLOF_OFICINA,SYSTEM,SEG_ROLOFIC,OFCN_OFICINA,NO ACTION,ENABLED
SYSTEM,RHH_CONTCARG,CNCR_RLOF_FK,3,RLOF_CARGO,SYSTEM,SEG_ROLOFIC,ROL_CARGO,NO ACTION,ENABLED
SYSTEM,RHH_CONTCARG,CNCR_RLOF_PERTENECE_FK,1,RLOF_COMPANIA__CNTRL,SYSTEM,SEG_ROLOFIC,OFCN_COMPANIA,NO ACTION,ENABLED
SYSTEM,RHH_CONTCARG,CNCR_RLOF_PERTENECE_FK,2,RLOF_OFICINA__CNTRL,SYSTEM,SEG_ROLOFIC,OFCN_OFICINA,NO ACTION,ENABLED
SYSTEM,RHH_CONTCARG,CNCR_RLOF_PERTENECE_FK,3,RLOF_CARGO_CNTRL,SYSTEM,SEG_ROLOFIC,ROL_CARGO,NO ACTION,ENABLED
SYSTEM,RHH_CREDITOS,CRED_ASTO_FK,1,ASTO_COMPANIA,SYSTEM,CNT_ASIENTO,CMPN_COMPANIA,NO ACTION,ENABLED
SYSTEM,RHH_CREDITOS,CRED_ASTO_FK,2,ASTO_NUMEDIAR,SYSTEM,CNT_ASIENTO,NUMEDIAR,NO ACTION,ENABLED
SYSTEM,RHH_CREDITOS,CRED_EGEN_FK,1,EGEN_ESTADO,SYSTEM,GEN_ESTADOS,ESTADO,NO ACTION,ENABLED
SYSTEM,RHH_CREDITOS,CRED_PRPG_FK,1,PRPG_CODIPERI,SYSTEM,GEN_PERIPAGO,CODIPERI,NO ACTION,ENABLED
SYSTEM,RHH_CTABANEM,CTAE_BANC_FK,1,BANC_IDBANCO,SYSTEM,GEN_BANCOS,IDBANCO,NO ACTION,ENABLED
SYSTEM,RHH_DEFINROL,DFRL_DFRL_FK,1,DFRL_TIPO,SYSTEM,RHH_DEFINROL,TIPO,NO ACTION,ENABLED
SYSTEM,RHH_DEPTASIG,DPAS_DEPT_FK,1,DEPT_COMPANIA,SYSTEM,RHH_DEPARTAM,OFCN_COMPANIA,NO ACTION,ENABLED
SYSTEM,RHH_DEPTASIG,DPAS_DEPT_FK,2,DEPT_OFICINA,SYSTEM,RHH_DEPARTAM,OFCN_OFICINA,NO ACTION,ENABLED
SYSTEM,RHH_DEPTASIG,DPAS_DEPT_FK,3,DEPT_CODIDEPA,SYSTEM,RHH_DEPARTAM,CODIDEPA,NO ACTION,ENABLED
SYSTEM,RHH_DETAPRES,DPRS_PRS_FK,1,PRS_NUMERO,SYSTEM,RHH_PRESUPUESTO,NUMERO,NO ACTION,ENABLED
SYSTEM,RHH_DETAPRES,DPRS_PRS_FK,2,PRS_COMPANIA,SYSTEM,RHH_PRESUPUESTO,OFCN_COMPANIA,NO ACTION,ENABLED
SYSTEM,RHH_DETAPRES,DPRS_PRS_FK,3,PRS_OFICINA,SYSTEM,RHH_PRESUPUESTO,OFCN_OFICINA,NO ACTION,ENABLED
SYSTEM,RHH_DETAVENC,CUOTAS_ASTO_FK,1,ASTO_CMPN_COMPANIA,SYSTEM,CNT_ASIENTO,CMPN_COMPANIA,NO ACTION,ENABLED
SYSTEM,RHH_DETAVENC,CUOTAS_ASTO_FK,2,ASTO_NUMEDIAR,SYSTEM,CNT_ASIENTO,NUMEDIAR,NO ACTION,ENABLED
SYSTEM,RHH_DETAVENC,CUOTAS_EGEN_FK,1,EGEN_ESTADO,SYSTEM,GEN_ESTADOS,ESTADO,NO ACTION,ENABLED
SYSTEM,RHH_DETAVENC,CUOTAS_VNCT_FK,1,VNCT_ID,SYSTEM,RHH_VENCIMIEN,VNCT_ID,NO ACTION,ENABLED
SYSTEM,RHH_DIMENSION,DIME_ROL_FK,1,ROL_CARGO,SYSTEM,SEG_ROLES,CARGO,NO ACTION,ENABLED
SYSTEM,RHH_DIMENSION,DIME_VNDR_FK,1,VNDR_COMPANIA,SYSTEM,VEN_VENDCOBR,OFCN_COMPANIA,NO ACTION,ENABLED
SYSTEM,RHH_DIMENSION,DIME_VNDR_FK,2,VNDR_OFICINA,SYSTEM,VEN_VENDCOBR,OFCN_OFICINA,NO ACTION,ENABLED
SYSTEM,RHH_DIMENSION,DIME_VNDR_FK,3,VNDR_CODIGO,SYSTEM,VEN_VENDCOBR,CODIGO,NO ACTION,ENABLED
SYSTEM,RHH_DISCAPAC,DSCP_TPDP_FK,1,TPDP_TIPO,SYSTEM,RHH_TIPODISCA,TIPO,NO ACTION,ENABLED
SYSTEM,RHH_EMPLCENT,EMCE_CCST_FK,1,CCST_COMPANIA,SYSTEM,GEN_CENTCOST,OFCN_COMPANIA,NO ACTION,ENABLED
SYSTEM,RHH_EMPLCENT,EMCE_CCST_FK,2,CCST_OFICINA,SYSTEM,GEN_CENTCOST,OFCN_OFICINA,NO ACTION,ENABLED
SYSTEM,RHH_EMPLCENT,EMCE_CCST_FK,3,CCST_CODIGO,SYSTEM,GEN_CENTCOST,CODIGO,NO ACTION,ENABLED
SYSTEM,RHH_GASTPERS,GSPR_EGEN_FK,1,EGEN_ESTADO,SYSTEM,GEN_ESTADOS,ESTADO,NO ACTION,ENABLED
SYSTEM,RHH_GASTPERS,GSPR_TPGS_FK,1,TPGS_CODIGAST,SYSTEM,RHH_TIPOGAST,CODIGAST,NO ACTION,ENABLED
SYSTEM,RHH_HORACTIV,HORACTIV_RGAC_FK,1,RGAC_RGAC_ID,SYSTEM,RHH_REGIACTI,RGAC_ID,NO ACTION,ENABLED
SYSTEM,RHH_HORARIO,HRRO_JRND_FK,1,JRND_CODIGO,SYSTEM,RHH_JORNADA,CODIGO,NO ACTION,ENABLED
SYSTEM,RHH_INGREGRE,INEG_ASTO_FK,1,ASTO_COMPANIA,SYSTEM,CNT_ASIENTO,CMPN_COMPANIA,NO ACTION,ENABLED
SYSTEM,RHH_INGREGRE,INEG_ASTO_FK,2,ASTO_NUMEDIAR,SYSTEM,CNT_ASIENTO,NUMEDIAR,NO ACTION,ENABLED
SYSTEM,RHH_INGREGRE,INEG_DAST_FK,1,DAST_DAST_ID,SYSTEM,CNT_DETASIENTO,DAST_ID,NO ACTION,ENABLED
SYSTEM,RHH_INGREGRE,INEG_DFRL_FK,1,DFRL_TIPO,SYSTEM,RHH_DEFINROL,TIPO,NO ACTION,ENABLED
SYSTEM,RHH_INGREGRE,INEG_EGEN_FK,1,EGEN_ESTADO,SYSTEM,GEN_ESTADOS,ESTADO,NO ACTION,ENABLED
SYSTEM,RHH_INGREGRE,INEG_RLPG_FK,1,RLPG_FGENERA,SYSTEM,RHH_ROLPAG,FGENERA,NO ACTION,ENABLED
SYSTEM,RHH_INGREGRE,INEG_RLPG_FK,2,RLPG_OFICINA,SYSTEM,RHH_ROLPAG,OFCN_OFICINA,NO ACTION,ENABLED
SYSTEM,RHH_INGREGRE,INEG_VNCT_FK,1,VNCT_VNCT_ID,SYSTEM,RHH_VENCIMIEN,VNCT_ID,NO ACTION,ENABLED
SYSTEM,RHH_JORNADA,JRND_HEXT_FK,1,HEXT_TIPOHORA,SYSTEM,RHH_TIPOHORA,TIPOHORA,NO ACTION,ENABLED
SYSTEM,RHH_LIQUIDAC,LIQU_ASTO_FK,1,ASTO_COMPANIA,SYSTEM,CNT_ASIENTO,CMPN_COMPANIA,NO ACTION,ENABLED
SYSTEM,RHH_LIQUIDAC,LIQU_ASTO_FK,2,ASTO_NUMEDIAR,SYSTEM,CNT_ASIENTO,NUMEDIAR,NO ACTION,ENABLED
SYSTEM,RHH_LIQUIDAC,LIQU_RHH_FK,1,RHH_RHH_ID,SYSTEM,RHH_SALARIOS,RHH_ID,NO ACTION,ENABLED
SYSTEM,RHH_PAGOVACA,PGVC_EGEN_FK,1,EGEN_ESTADO,SYSTEM,GEN_ESTADOS,ESTADO,NO ACTION,ENABLED
SYSTEM,RHH_PAGOVACA,PGVC_PRVN_FK,1,PRVN_FECHA,SYSTEM,RHH_PROVICION,FECHA,NO ACTION,ENABLED
SYSTEM,RHH_PAGOVACA,PGVC_PRVN_FK,2,PRVN_CODIPROV,SYSTEM,RHH_PROVICION,TPPR_CODIPROV,NO ACTION,ENABLED
SYSTEM,RHH_PAGOVACA,PGVC_PRVN_FK,3,PRVN_CEDURUC,SYSTEM,RHH_PROVICION,RHHS_CEDURUC,NO ACTION,ENABLED
SYSTEM,RHH_PERIODOS,PERI_REGN_FK,1,REGN_REGION,SYSTEM,GEN_REGIONES,REGION,NO ACTION,ENABLED
SYSTEM,RHH_PERIODOS,PERI_TPPR_FK,1,TPPR_CODIPROV,SYSTEM,RHH_TIPOPROV,CODIPROV,NO ACTION,ENABLED
SYSTEM,RHH_PLANACTI,PLAC_ACFIA_FK,1,ACFIA_ACFIA_ID,SYSTEM,RHH_ACTIFIJA,ACFIA_ID,NO ACTION,ENABLED
SYSTEM,RHH_PLANACTI,PLAC_RLOF_FK,1,RLOF_COMPANIA,SYSTEM,SEG_ROLOFIC,OFCN_COMPANIA,NO ACTION,ENABLED
SYSTEM,RHH_PLANACTI,PLAC_RLOF_FK,2,RLOF_OFICINA,SYSTEM,SEG_ROLOFIC,OFCN_OFICINA,NO ACTION,ENABLED
SYSTEM,RHH_PLANACTI,PLAC_RLOF_FK,3,RLOF_CARGO,SYSTEM,SEG_ROLOFIC,ROL_CARGO,NO ACTION,ENABLED
SYSTEM,RHH_PROVICION,PRVN_APVA_FK,1,APVA_APVA_ID,SYSTEM,RHH_AUDPROV,APVA_ID,NO ACTION,ENABLED
SYSTEM,RHH_PROVICION,PRVN_ASTO_FK,1,ASTO_COMPANIA,SYSTEM,CNT_ASIENTO,CMPN_COMPANIA,NO ACTION,ENABLED
SYSTEM,RHH_PROVICION,PRVN_ASTO_FK,2,ASTO_NUMEDIAR,SYSTEM,CNT_ASIENTO,NUMEDIAR,NO ACTION,ENABLED
SYSTEM,RHH_PROVICION,PRVN_EGEN_FK,1,EGEN_ESTADO,SYSTEM,GEN_ESTADOS,ESTADO,NO ACTION,ENABLED
SYSTEM,RHH_PROVICION,PRVN_TPPR_FK,1,TPPR_CODIPROV,SYSTEM,RHH_TIPOPROV,CODIPROV,NO ACTION,ENABLED
SYSTEM,RHH_REGENTRSALI,HRES_EGEN_FK,1,EGEN_ESTADO,SYSTEM,GEN_ESTADOS,ESTADO,NO ACTION,ENABLED
SYSTEM,RHH_REGENTRSALI,HRES_JRND_FK,1,JRND_CODIGO,SYSTEM,RHH_JORNADA,CODIGO,NO ACTION,ENABLED
SYSTEM,RHH_REGIACTI,RGAC_ACFIA_FK,1,ACFIA_ACFIA_ID,SYSTEM,RHH_ACTIFIJA,ACFIA_ID,NO ACTION,ENABLED
SYSTEM,RHH_REGIACTI,RGAC_EGEN_FK,1,EGEN_ESTADO,SYSTEM,GEN_ESTADOS,ESTADO,NO ACTION,ENABLED
SYSTEM,RHH_REGIACTI,RGAC_FRCS_FK,1,FRCS_TIEMPODIAS,SYSTEM,RHH_FRECUAENCIAS,TIEMPODIAS,NO ACTION,ENABLED
SYSTEM,RHH_REGIACTI,RGAC_LNEA_FK,1,LNEA_CODLINEA,SYSTEM,ALM_LINEAS,CODLINEA,NO ACTION,ENABLED
SYSTEM,RHH_REGIACTI,RGAC_LNEA_FK,2,LNEA_COMPANIA,SYSTEM,ALM_LINEAS,CMPN_COMPANIA,NO ACTION,ENABLED
SYSTEM,RHH_REGIACTI,RGAC_PRAC_FK,1,PRAC_CODIGO,SYSTEM,RHH_PRODUCTOS,CODIGO,NO ACTION,ENABLED
SYSTEM,RHH_REGIACTI,RGAC_UMED_FK,1,UMED_UNIDMEDI,SYSTEM,ALM_UNIDMEDI,UNIDMEDI,NO ACTION,ENABLED
SYSTEM,RHH_REMUNERA,RMRN_DFRL_FK,1,DFRL_TIPO,SYSTEM,RHH_DEFINROL,TIPO,NO ACTION,ENABLED
SYSTEM,RHH_ROLPAG,RLPG_ASTO_FK,1,ASTO_COMPANIA,SYSTEM,CNT_ASIENTO,CMPN_COMPANIA,NO ACTION,ENABLED
SYSTEM,RHH_ROLPAG,RLPG_ASTO_FK,2,ASTO_NUMEDIAR,SYSTEM,CNT_ASIENTO,NUMEDIAR,NO ACTION,ENABLED
SYSTEM,RHH_ROLPAG,RLPG_EGEN_FK,1,EGEN_ESTADO,SYSTEM,GEN_ESTADOS,ESTADO,NO ACTION,ENABLED
SYSTEM,RHH_SALARIOS,RHH_TPCR_FK,1,TPCR_CODIGO,SYSTEM,RHH_TIPOCNTR,CODIGO,NO ACTION,ENABLED
SYSTEM,RHH_SALIDPERS,SAPE_ASTO_FK,1,ASTO_COMPANIA,SYSTEM,CNT_ASIENTO,CMPN_COMPANIA,NO ACTION,ENABLED
SYSTEM,RHH_SALIDPERS,SAPE_ASTO_FK,2,ASTO_NUMEDIAR,SYSTEM,CNT_ASIENTO,NUMEDIAR,NO ACTION,ENABLED
SYSTEM,RHH_SALIDPERS,SAPE_EGEN_FK,1,EGEN_ESTADO,SYSTEM,GEN_ESTADOS,ESTADO,NO ACTION,ENABLED
SYSTEM,RHH_SALIDPERS,SAPE_SAPE_FK,1,SAPE_SAPE_ID,SYSTEM,RHH_SALIDPERS,SAPE_ID,NO ACTION,ENABLED
SYSTEM,RHH_SALIDPERS,SAPE_TPSA_FK,1,TPSA_TIPOSALI,SYSTEM,RHH_TIPOSALIDA,TIPOSALI,NO ACTION,ENABLED
SYSTEM,RHH_TIPOPROC,TDPR_DCNT_FK,1,DCNT_CODIGO,SYSTEM,RHH_DEPTCONTA,CODIGO,NO ACTION,ENABLED
SYSTEM,RHH_VENCIMIEN,VNCT_CRED_FK,1,CRED_CRED_ID,SYSTEM,RHH_CREDITOS,CRED_ID,NO ACTION,ENABLED
SYSTEM,RHH_VENCIMIEN,VNCT_EGEN_FK,1,EGEN_ESTADO,SYSTEM,GEN_ESTADOS,ESTADO,NO ACTION,ENABLED
SYSTEM,RMT_MOVICABE,ARMC_ARMC_FK,1,ARMC_ARMC_ID,SYSTEM,RMT_MOVICABE,ARMC_ID,NO ACTION,ENABLED
SYSTEM,SEG_ACCEFORM,ACFR_APLC_FK,1,APLC_NOMBRE,SYSTEM,SEG_APLICACION,NOMBRE,NO ACTION,ENABLED
SYSTEM,SEG_ACCEFORM,ACFR_APLC_FK,2,APLC_TIPOAPLI,SYSTEM,SEG_APLICACION,TPAP_TIPOAPLI,NO ACTION,ENABLED
SYSTEM,SEG_ACCEFORM,ACFR_ROL_FK,1,ROL_CARGO,SYSTEM,SEG_ROLES,CARGO,NO ACTION,ENABLED
SYSTEM,SEG_APLICACION,APLC_TPAP_FK,1,TPAP_TIPOAPLI,SYSTEM,SEG_TIPOAPLIC,TIPOAPLI,NO ACTION,ENABLED
SYSTEM,SEG_CAMPTABL,CMTB_PRMS_FK,1,PRMS_CARGO,SYSTEM,SEG_PERMISO,ROL_CARGO,NO ACTION,ENABLED
SYSTEM,SEG_CAMPTABL,CMTB_PRMS_FK,2,PRMS_NOMBRE,SYSTEM,SEG_PERMISO,TBSS_NOMBRE,NO ACTION,ENABLED
SYSTEM,SEG_CLASAUTO,CLAU_ROL_FK,1,ROL_CARGO,SYSTEM,SEG_ROLES,CARGO,NO ACTION,ENABLED
SYSTEM,SEG_CONTACCE,SSDH_DSSM_FK,1,DSSM_NUMDIA,SYSTEM,GEN_DIASEMAN,NUMDIA,NO ACTION,ENABLED
SYSTEM,SEG_CONTACCE,SSDH_USUA_FK,1,USUA_IDUSUAR,SYSTEM,SEG_USUARIO,IDUSUAR,NO ACTION,ENABLED
SYSTEM,SEG_EJECUCION,EJCU_APLC_FK,1,APLC_NOMBRE,SYSTEM,SEG_APLICACION,NOMBRE,NO ACTION,ENABLED
SYSTEM,SEG_EJECUCION,EJCU_APLC_FK,2,APLC_TIPOAPLI,SYSTEM,SEG_APLICACION,TPAP_TIPOAPLI,NO ACTION,ENABLED
SYSTEM,SEG_EJECUCION,EJCU_SESN_FK,1,SESN_SESN_ID,SYSTEM,SEG_SESIONES,SESN_ID,NO ACTION,ENABLED
SYSTEM,SEG_FAVORITO,MFAV_MENU_FK,1,MENU_MENUID,SYSTEM,SEG_MENU,MENUID,NO ACTION,ENABLED
SYSTEM,SEG_FAVORITO,MFAV_MENU_FK,2,MENU_MODULOID,SYSTEM,SEG_MENU,MDLO_MODULOID,NO ACTION,ENABLED
SYSTEM,SEG_FAVORITO,MFAV_MENU_FK,3,MENU_PRODUCTO,SYSTEM,SEG_MENU,MDLO_PRODUCTO,NO ACTION,ENABLED
SYSTEM,SEG_FAVORITO,MFAV_MENU_FK,4,MENU_GRUPO,SYSTEM,SEG_MENU,MDLO_GRUPO,NO ACTION,ENABLED
SYSTEM,SEG_FAVORITO,MFAV_USUA_FK,1,USUA_IDUSUAR,SYSTEM,SEG_USUARIO,IDUSUAR,NO ACTION,ENABLED
SYSTEM,SEG_GRUPOS,SGRU_SPRO_FK,1,SPRO_PRODUCTO,SYSTEM,SEG_PRODUCTO,PRODUCTO,NO ACTION,ENABLED
SYSTEM,SEG_IMPRESORAS,IMPR_USUA_FK,1,USUA_IDUSUAR,SYSTEM,SEG_USUARIO,IDUSUAR,NO ACTION,ENABLED
SYSTEM,SEG_LOGSILVER,LSLV_TPAP_FK,1,TPAP_TIPOAPLI,SYSTEM,SEG_TIPOAPLIC,TIPOAPLI,NO ACTION,ENABLED
SYSTEM,SEG_MENSAJE,MNSJ_TPMN_FK,1,TPMN_TIPO,SYSTEM,SEG_TIPOMENS,TIPO,NO ACTION,ENABLED
SYSTEM,SEG_MENU,MENU_APLC_FK,1,APLC_NOMBRE,SYSTEM,SEG_APLICACION,NOMBRE,NO ACTION,ENABLED
SYSTEM,SEG_MENU,MENU_APLC_FK,2,APLC_TIPOAPLI,SYSTEM,SEG_APLICACION,TPAP_TIPOAPLI,NO ACTION,ENABLED
SYSTEM,SEG_MENU,MENU_MDLO_FK,1,MDLO_MODULOID,SYSTEM,SEG_MODULOS,MODULOID,NO ACTION,ENABLED
SYSTEM,SEG_MENU,MENU_MDLO_FK,2,MDLO_PRODUCTO,SYSTEM,SEG_MODULOS,SGRU_PRODUCTO,NO ACTION,ENABLED
SYSTEM,SEG_MENU,MENU_MDLO_FK,3,MDLO_GRUPO,SYSTEM,SEG_MODULOS,SGRU_GRUPO,NO ACTION,ENABLED
SYSTEM,SEG_MENU,MENU_MENU_FK,1,MENU_MENUID,SYSTEM,SEG_MENU,MENUID,NO ACTION,ENABLED
SYSTEM,SEG_MENU,MENU_MENU_FK,2,MENU_MODULOID,SYSTEM,SEG_MENU,MDLO_MODULOID,NO ACTION,ENABLED
SYSTEM,SEG_MENU,MENU_MENU_FK,3,MENU_PRODUCTO,SYSTEM,SEG_MENU,MDLO_PRODUCTO,NO ACTION,ENABLED
SYSTEM,SEG_MENU,MENU_MENU_FK,4,MENU_GRUPO,SYSTEM,SEG_MENU,MDLO_GRUPO,NO ACTION,ENABLED
SYSTEM,SEG_MENUROL,MNRL_MENU_FK,1,MENU_MENUID,SYSTEM,SEG_MENU,MENUID,NO ACTION,ENABLED
SYSTEM,SEG_MENUROL,MNRL_MENU_FK,2,MENU_MODULOID,SYSTEM,SEG_MENU,MDLO_MODULOID,NO ACTION,ENABLED
SYSTEM,SEG_MENUROL,MNRL_MENU_FK,3,MENU_PRODUCTO,SYSTEM,SEG_MENU,MDLO_PRODUCTO,NO ACTION,ENABLED
SYSTEM,SEG_MENUROL,MNRL_MENU_FK,4,MENU_GRUPO,SYSTEM,SEG_MENU,MDLO_GRUPO,NO ACTION,ENABLED
SYSTEM,SEG_MENUROL,MNRL_ROL_FK,1,ROL_CARGO,SYSTEM,SEG_ROLES,CARGO,NO ACTION,ENABLED
SYSTEM,SEG_MODULOS,MDLO_SGRU_FK,1,SGRU_PRODUCTO,SYSTEM,SEG_GRUPOS,SPRO_PRODUCTO,NO ACTION,ENABLED
SYSTEM,SEG_MODULOS,MDLO_SGRU_FK,2,SGRU_GRUPO,SYSTEM,SEG_GRUPOS,GRUPO,NO ACTION,ENABLED
SYSTEM,SEG_MODULROL,MDRL_MDLO_FK,1,MDLO_MODULOID,SYSTEM,SEG_MODULOS,MODULOID,NO ACTION,ENABLED
SYSTEM,SEG_MODULROL,MDRL_MDLO_FK,2,MDLO_SGRU_PRODUCTO,SYSTEM,SEG_MODULOS,SGRU_PRODUCTO,NO ACTION,ENABLED
SYSTEM,SEG_MODULROL,MDRL_MDLO_FK,3,MDLO_SGRU_GRUPO,SYSTEM,SEG_MODULOS,SGRU_GRUPO,NO ACTION,ENABLED
SYSTEM,SEG_MODULROL,MDRL_ROL_FK,1,ROL_CARGO,SYSTEM,SEG_ROLES,CARGO,NO ACTION,ENABLED
SYSTEM,SEG_OBJEFORM,OBFR_ACFR_FK,1,ACFR_NOMBRE,SYSTEM,SEG_ACCEFORM,APLC_NOMBRE,NO ACTION,ENABLED
SYSTEM,SEG_OBJEFORM,OBFR_ACFR_FK,2,ACFR_TIPOAPLI,SYSTEM,SEG_ACCEFORM,APLC_TIPOAPLI,NO ACTION,ENABLED
SYSTEM,SEG_OBJEFORM,OBFR_ACFR_FK,3,ACFR_CARGO,SYSTEM,SEG_ACCEFORM,ROL_CARGO,NO ACTION,ENABLED
SYSTEM,SEG_OBJEFORM,OBFR_TPPD_FK,1,TPPD_TPPRD,SYSTEM,SEG_TIPOPROP,TPPRD,NO ACTION,ENABLED
SYSTEM,SEG_OBJEFORM,OBFR_TPPD_FK,2,TPPD_NOMOBJ,SYSTEM,SEG_TIPOPROP,NOMOBJ,NO ACTION,ENABLED
SYSTEM,SEG_OBJEFORM,OBFR_VLPR_FK,1,VLPR_IDPRD,SYSTEM,SEG_VALOPROP,IDPRD,NO ACTION,ENABLED
SYSTEM,SEG_OBJEFORM,OBFR_VLPR_FK,2,VLPR_TIPODATO,SYSTEM,SEG_VALOPROP,TIPODATO,NO ACTION,ENABLED
SYSTEM,SEG_OCURRENC,OCRC_APLC_FK,1,APLC_NOMBRE,SYSTEM,SEG_APLICACION,NOMBRE,NO ACTION,ENABLED
SYSTEM,SEG_OCURRENC,OCRC_APLC_FK,2,APLC_TIPOAPLI,SYSTEM,SEG_APLICACION,TPAP_TIPOAPLI,NO ACTION,ENABLED
SYSTEM,SEG_OCURRENC,OCRC_MNSJ_FK,1,MNSJ_IDERROR,SYSTEM,SEG_MENSAJE,IDERROR,NO ACTION,ENABLED
SYSTEM,SEG_OCURRENC,OCRC_USUA_FK,1,USUA_IDUSUAR,SYSTEM,SEG_USUARIO,IDUSUAR,NO ACTION,ENABLED
SYSTEM,SEG_PERMISO,PRMS_ROL_FK,1,ROL_CARGO,SYSTEM,SEG_ROLES,CARGO,NO ACTION,ENABLED
SYSTEM,SEG_PERMISO,PRMS_TBSS_FK,1,TBSS_NOMBRE,SYSTEM,SEG_TABLSIST,NOMBRE,NO ACTION,ENABLED
SYSTEM,SEG_PRODUSUA,PDUS_PRDT_FK,1,PRDT_PRODUCTO,SYSTEM,GEN_PRODUCTOS,PRODUCTO,NO ACTION,ENABLED
SYSTEM,SEG_PRODUSUA,PDUS_USUA_FK,1,USUA_IDUSUAR,SYSTEM,SEG_USUARIO,IDUSUAR,NO ACTION,ENABLED
SYSTEM,SEG_ROLES,ROL_ROL_FK,1,ROL_CARGO,SYSTEM,SEG_ROLES,CARGO,NO ACTION,ENABLED
SYSTEM,SEG_ROLOFIC,RLOF_ROL_FK,1,ROL_CARGO,SYSTEM,SEG_ROLES,CARGO,NO ACTION,ENABLED
SYSTEM,SEG_SESIONES,SESN_USUA_FK,1,USUA_IDUSUAR,SYSTEM,SEG_USUARIO,IDUSUAR,NO ACTION,DISABLED
SYSTEM,SEG_USUARIO,USUA_ROL_FK,1,ROL_CARGO,SYSTEM,SEG_ROLES,CARGO,NO ACTION,ENABLED
SYSTEM,SRI_DETALOGF,ERDO_LGFA_FK,1,LGFA_LGFA_ID,SYSTEM,SRI_LOGFACTU,LGFA_ID,NO ACTION,ENABLED
SYSTEM,SRI_DETALOGF,ERDO_TPER_FK,1,TPER_CODIERRO,SYSTEM,SRI_TPERSSRI,CODIERRO,NO ACTION,ENABLED
SYSTEM,SRI_LOGFACTU,LGFA_TPCM_FK,1,TPCM_TIPOCOMP,SYSTEM,CNT_TIPOCOMP,TIPOCOMP,NO ACTION,ENABLED
SYSTEM,SRV_CLBINVTC,CLBC_EGEN_FK,1,EGEN_ESTADO,SYSTEM,GEN_ESTADOS,ESTADO,NO ACTION,ENABLED
SYSTEM,SRV_CLBINVTC,CLBC_RCDP_FK,1,RCDP_COMPANIA,SYSTEM,CLI_RCCLDAPE,CLTE_COMPANIA,NO ACTION,ENABLED
SYSTEM,SRV_CLBINVTC,CLBC_RCDP_FK,2,RCDP_IDCLIENTE,SYSTEM,CLI_RCCLDAPE,CLTE_IDCLIENTE,NO ACTION,ENABLED
SYSTEM,SRV_CLBINVTC,CLBC_RCDP_FK,3,RCDP_IDRESCLI,SYSTEM,CLI_RCCLDAPE,IDRESCLI,NO ACTION,ENABLED
SYSTEM,SRV_CLBINVTC,CLBC_STCT_FK,1,STCT_STCT_ID,SYSTEM,SRV_STCOTRRE,ID,NO ACTION,ENABLED
SYSTEM,SRV_CLBINVTD,CLBD_CLBC_FK,1,CLBC_CLBC_ID,SYSTEM,SRV_CLBINVTC,CLBC_ID,NO ACTION,ENABLED
SYSTEM,SRV_CLBINVTD,CLBD_GEST_FK,1,GEST_GEST_ID,SYSTEM,GEN_ESTAFISI,GEST_ID,NO ACTION,ENABLED
SYSTEM,SRV_CLBINVTD,CLBD_GMES_FK,1,GMES_GMES_ID,SYSTEM,GEN_MOTIENSA,ID,NO ACTION,ENABLED
SYSTEM,SRV_CUOTSERV,DCSR_EGEN_FK,1,EGEN_ESTADO,SYSTEM,GEN_ESTADOS,ESTADO,NO ACTION,ENABLED
SYSTEM,SRV_CUOTSERV,DCSR_SPVD_FK,1,SPVD_SPVD_ID,SYSTEM,SRV_SEPRVDET,SPVD_ID,NO ACTION,ENABLED
SYSTEM,SRV_LOGRADIUS,SRVL_EGEN_FK,1,EGEN_ESTADO,SYSTEM,GEN_ESTADOS,ESTADO,NO ACTION,ENABLED
SYSTEM,SRV_SEAUFPCO,SAPC_CHQE_FK,1,CHQE_CHQE_ID,SYSTEM,CAJ_CHEQUES,CHQE_ID,NO ACTION,ENABLED
SYSTEM,SRV_SEAUFPCO,SAPC_DCRE_FK,1,DCRE_DCRE_ID,SYSTEM,CLI_DOCUCRED,DCRE_ID,NO ACTION,ENABLED
SYSTEM,SRV_SEAUFPCO,SAPC_DCSR_FK,1,DCSR_DCSR_ID,SYSTEM,SRV_CUOTSERV,DCSR_ID,NO ACTION,ENABLED
SYSTEM,SRV_SEAUFPCO,SAPC_EGEN_FK,1,EGEN_ESTADO,SYSTEM,GEN_ESTADOS,ESTADO,NO ACTION,ENABLED
SYSTEM,SRV_SEAUFPCO,SAPC_FRPG_FK,1,FRPG_FORMPAGO,SYSTEM,GEN_FORMPAGO,FORMPAGO,NO ACTION,ENABLED
SYSTEM,SRV_SEAUFPCO,SAPC_RBAN_FK,1,RBAN_RBAN_ID,SYSTEM,CLI_REFERBANC,RBAN_ID,NO ACTION,ENABLED
SYSTEM,SRV_SEAUFPCO,SAPC_RTAR_FK,1,RTAR_RTAR_ID,SYSTEM,CLI_REFENTARJE,RTAR_ID,NO ACTION,ENABLED
SYSTEM,SRV_SEAUFPCO,SAPC_SPCO_FK,1,SPCO_SPCO_ID,SYSTEM,SRV_SEPLACOB,SPCO_ID,NO ACTION,ENABLED
SYSTEM,SRV_SECOANCL,SCAC_ANTC_FK,1,ANTC_ANTC_ID,SYSTEM,COB_ANTICIPO,ANTC_ID,NO ACTION,ENABLED
SYSTEM,SRV_SECOANCL,SCAC_SAPC_FK,1,SAPC_SAPC_ID,SYSTEM,SRV_SEAUFPCO,SAPC_ID,NO ACTION,ENABLED
SYSTEM,SRV_SECOFAEC,SCFE_DCSR_FK,1,DCSR_DCSR_ID,SYSTEM,SRV_CUOTSERV,DCSR_ID,NO ACTION,ENABLED
SYSTEM,SRV_SECOFAEC,SCFE_VNTA_FK,1,VNTA_COMPANIA,SYSTEM,VEN_VENTAS,OFCN_COMPANIA,NO ACTION,ENABLED
SYSTEM,SRV_SECOFAEC,SCFE_VNTA_FK,2,VNTA_OFICINA,SYSTEM,VEN_VENTAS,OFCN_OFICINA,NO ACTION,ENABLED
SYSTEM,SRV_SECOFAEC,SCFE_VNTA_FK,3,VNTA_SERIE,SYSTEM,VEN_VENTAS,SERIE,NO ACTION,ENABLED
SYSTEM,SRV_SECOFAEC,SCFE_VNTA_FK,4,VNTA_NUMERO,SYSTEM,VEN_VENTAS,NUMERO,NO ACTION,ENABLED
SYSTEM,SRV_SECOFAEC,SCFE_VNTA_FK,5,VNTA_TIPOCOMP,SYSTEM,VEN_VENTAS,TPCM_TIPOCOMP,NO ACTION,ENABLED
SYSTEM,SRV_SECOPACH,SCPC_CHQE_FK,1,CHQE_CHQE_ID,SYSTEM,CAJ_CHEQUES,CHQE_ID,NO ACTION,ENABLED
SYSTEM,SRV_SECOPACH,SCPC_SAPC_FK,1,SAPC_SAPC_ID,SYSTEM,SRV_SEAUFPCO,SAPC_ID,NO ACTION,ENABLED
SYSTEM,SRV_SECOPADB,SCPD_NODE_FK,1,NODE_NODE_ID,SYSTEM,VEN_NOTADEBI,NODE_ID,NO ACTION,ENABLED
SYSTEM,SRV_SECOPADB,SCPD_SAPC_FK,1,SAPC_SAPC_ID,SYSTEM,SRV_SEAUFPCO,SAPC_ID,NO ACTION,ENABLED
SYSTEM,SRV_SECOPADC,SCPDC_DCRE_FK,1,DCRE_DCRE_ID,SYSTEM,CLI_DOCUCRED,DCRE_ID,NO ACTION,ENABLED
SYSTEM,SRV_SECOPADC,SCPDC_SAPC_FK,1,SAPC_SAPC_ID,SYSTEM,SRV_SEAUFPCO,SAPC_ID,NO ACTION,ENABLED
SYSTEM,SRV_SECOPAEF,SCPE_SAPC_FK,1,SAPC_SAPC_ID,SYSTEM,SRV_SEAUFPCO,SAPC_ID,NO ACTION,ENABLED
SYSTEM,SRV_SECOPAEF,SCPE_TRCA_FK,1,TRCA_COMPANIA,SYSTEM,CAJ_TRANSCAJA,OFCN_COMPANIA,NO ACTION,ENABLED
SYSTEM,SRV_SECOPAEF,SCPE_TRCA_FK,2,TRCA_OFICINA,SYSTEM,CAJ_TRANSCAJA,OFCN_OFICINA,NO ACTION,ENABLED
SYSTEM,SRV_SECOPAEF,SCPE_TRCA_FK,3,TRCA_TIPODOCU,SYSTEM,CAJ_TRANSCAJA,TPDC_TIPODOCU,NO ACTION,ENABLED
SYSTEM,SRV_SECOPAEF,SCPE_TRCA_FK,4,TRCA_NUMETRAN,SYSTEM,CAJ_TRANSCAJA,NUMETRAN,NO ACTION,ENABLED
SYSTEM,SRV_SECOTACR,SCTC_SAPC_FK,1,SAPC_SAPC_ID,SYSTEM,SRV_SEAUFPCO,SAPC_ID,NO ACTION,ENABLED
SYSTEM,SRV_SECOTACR,SCTC_TACR_FK,1,TACR_CODITARJ,SYSTEM,CLI_TARJCRED,CODITARJ,NO ACTION,ENABLED
SYSTEM,SRV_SEPLACOB,SPCO_EGEN_FK,1,EGEN_ESTADO,SYSTEM,GEN_ESTADOS,ESTADO,NO ACTION,ENABLED
SYSTEM,SRV_SEPRVCAB,SPVC_GRPS_FK,1,GRPS_COMPANIA,SYSTEM,VEN_GRUPOS,CLTE_COMPANIA,NO ACTION,ENABLED
SYSTEM,SRV_SEPRVCAB,SPVC_GRPS_FK,2,GRPS_IDCLIENTE,SYSTEM,VEN_GRUPOS,CLTE_IDCLIENTE,NO ACTION,ENABLED
SYSTEM,SRV_SEPRVCAB,SPVC_GRPS_FK,3,VNDR_COMPANIA,SYSTEM,VEN_GRUPOS,VNDR_COMPANIA,NO ACTION,ENABLED
SYSTEM,SRV_SEPRVCAB,SPVC_GRPS_FK,4,VNDR_OFICINA,SYSTEM,VEN_GRUPOS,VNDR_OFICINA,NO ACTION,ENABLED
SYSTEM,SRV_SEPRVCAB,SPVC_GRPS_FK,5,VNDR_CODIGO,SYSTEM,VEN_GRUPOS,VNDR_CODIGO,NO ACTION,ENABLED
SYSTEM,SRV_SEPRVCAB,SPVC_GRPS_FK,6,GRPS_LSPR_ID,SYSTEM,VEN_GRUPOS,LSPR_LSPR_ID,NO ACTION,ENABLED
SYSTEM,SRV_SEPRVCAB,SPVC_MONE_FK,1,MONE_MONEDA,SYSTEM,GEN_MONEDA,MONEDA,NO ACTION,ENABLED
SYSTEM,SRV_SEPRVCAB,SPVC_PRFM_FK,1,PRFM_PRFM_ID,SYSTEM,VEN_PROFORMA,PRFM_ID,NO ACTION,ENABLED
SYSTEM,SRV_SEPRVDET,SPVD_EGEN_FK,1,EGEN_ESTADO,SYSTEM,GEN_ESTADOS,ESTADO,NO ACTION,ENABLED
SYSTEM,SRV_SEPRVDET,SPVD_RCDP_FK,1,CLTE_COMPANIA,SYSTEM,CLI_RCCLDAPE,CLTE_COMPANIA,NO ACTION,ENABLED
SYSTEM,SRV_SEPRVDET,SPVD_RCDP_FK,2,CLTE_IDCLIENTE,SYSTEM,CLI_RCCLDAPE,CLTE_IDCLIENTE,NO ACTION,ENABLED
SYSTEM,SRV_SEPRVDET,SPVD_RCDP_FK,3,RCDP_IDRESCLI,SYSTEM,CLI_RCCLDAPE,IDRESCLI,NO ACTION,ENABLED
SYSTEM,SRV_SEPRVDET,SPVD_SPVC_FK,1,SPVC_SPVC_ID,SYSTEM,SRV_SEPRVCAB,SPVC_ID,NO ACTION,ENABLED
SYSTEM,SRV_SEPRVDET,SPVD_SPVD_FK,1,SPVD_SPVD_ID,SYSTEM,SRV_SEPRVDET,SPVD_ID,NO ACTION,ENABLED
SYSTEM,SRV_SEPRVDET,SPVD_STCR_FK,1,STCR_STCR_ID,SYSTEM,SRV_STCONREC,ID,NO ACTION,ENABLED
SYSTEM,SRV_SEPRVDET,SPVD_UMED_FK,1,UMED_UNIDMEDI,SYSTEM,ALM_UNIDMEDI,UNIDMEDI,NO ACTION,ENABLED
SYSTEM,SRV_STBACOTE,STBC_STBC_FK,1,STBC_BACOTIPO,SYSTEM,SRV_STBACOTE,BACOTIPO,NO ACTION,ENABLED
SYSTEM,SRV_STCONREC,STCR_EGEN_FK,1,EGEN_ESTADO,SYSTEM,GEN_ESTADOS,ESTADO,NO ACTION,ENABLED
SYSTEM,SRV_STCONREC,STCR_INDE_FK,1,INDE_INDE_ID,SYSTEM,INF_DETAEQUI,INDE_ID,NO ACTION,ENABLED
SYSTEM,SRV_STCONREC,STCR_RCDP_FK,1,RCDP_COMPANIA,SYSTEM,CLI_RCCLDAPE,CLTE_COMPANIA,NO ACTION,ENABLED
SYSTEM,SRV_STCONREC,STCR_RCDP_FK,2,RCDP_IDCLIENTE,SYSTEM,CLI_RCCLDAPE,CLTE_IDCLIENTE,NO ACTION,ENABLED
SYSTEM,SRV_STCONREC,STCR_RCDP_FK,3,RCDP_IDRESCLI,SYSTEM,CLI_RCCLDAPE,IDRESCLI,NO ACTION,ENABLED
SYSTEM,SRV_STCONREC,STCR_STBC_FK,1,STBC_BACOTIPO,SYSTEM,SRV_STBACOTE,BACOTIPO,NO ACTION,ENABLED
SYSTEM,SRV_STCONREC,STCR_STCR_FK,1,STCR_ID,SYSTEM,SRV_STCONREC,ID,NO ACTION,ENABLED
SYSTEM,SRV_STCONREC,STCR_STTI_FK,1,STTI_SSTETIPO,SYSTEM,SRV_STTIPSOP,SSTETIPO,NO ACTION,ENABLED
SYSTEM,SRV_STCOTRRE,STCT_SPVD_FK,1,SPVD_ID,SYSTEM,SRV_SEPRVDET,SPVD_ID,NO ACTION,ENABLED
SYSTEM,SRV_STCOTRRE,STCT_STCR_FK,1,STCR_ID,SYSTEM,SRV_STCONREC,ID,NO ACTION,ENABLED
SYSTEM,SRV_STCOTRRE,STCT_STCT_FK,1,STCT_ID,SYSTEM,SRV_STCOTRRE,ID,NO ACTION,ENABLED
SYSTEM,TLL_DETAORDEN,DTOR_ORTB_FK,1,ORTB_ORDEN,SYSTEM,TLL_ORDETRAB,ORDEN,NO ACTION,ENABLED
SYSTEM,TLL_DETAORDEN,DTOR_ORTB_FK,2,ORTB_COMPANIA,SYSTEM,TLL_ORDETRAB,OFCN_COMPANIA,NO ACTION,ENABLED
SYSTEM,TLL_DETAORDEN,DTOR_ORTB_FK,3,ORTB_OFICINA,SYSTEM,TLL_ORDETRAB,OFCN_OFICINA,NO ACTION,ENABLED
SYSTEM,TLL_DETAREQUI,DTRQ_BDGA_FK,1,BDGA_CODIBODE,SYSTEM,ALM_BODEGAS,CODIBODE,NO ACTION,ENABLED
SYSTEM,TLL_DETAREQUI,DTRQ_BDGA_FK,2,BDGA_COMPANIA,SYSTEM,ALM_BODEGAS,OFCN_COMPANIA,NO ACTION,ENABLED
SYSTEM,TLL_DETAREQUI,DTRQ_BDGA_FK,3,BDGA_OFICINA,SYSTEM,ALM_BODEGAS,OFCN_OFICINA,NO ACTION,ENABLED
SYSTEM,TLL_DETAREQUI,DTRQ_ONRC_FK,1,ONRC_NUMERO,SYSTEM,TLL_ORDENTRC,NUMERO,NO ACTION,ENABLED
SYSTEM,TLL_DETAREQUI,DTRQ_ONRC_FK,2,ONRC_COMPANIA,SYSTEM,TLL_ORDENTRC,ORTB_COMPANIA,NO ACTION,ENABLED
SYSTEM,TLL_DETAREQUI,DTRQ_ONRC_FK,3,ONRC_OFICINA,SYSTEM,TLL_ORDENTRC,ORTB_OFICINA,NO ACTION,ENABLED
SYSTEM,TLL_DETAREQUI,DTRQ_ONRC_FK,4,ONRC_ORDEN,SYSTEM,TLL_ORDENTRC,ORTB_ORDEN,NO ACTION,ENABLED
SYSTEM,TLL_DIAGNOSTICO,DGNT_ORTB_FK,1,ORTB_ORDEN,SYSTEM,TLL_ORDETRAB,ORDEN,NO ACTION,ENABLED
SYSTEM,TLL_DIAGNOSTICO,DGNT_ORTB_FK,2,ORTB_COMPANIA,SYSTEM,TLL_ORDETRAB,OFCN_COMPANIA,NO ACTION,ENABLED
SYSTEM,TLL_DIAGNOSTICO,DGNT_ORTB_FK,3,ORTB_OFICINA,SYSTEM,TLL_ORDETRAB,OFCN_OFICINA,NO ACTION,ENABLED
SYSTEM,TLL_DIAGNOSTICO,DGNT_TPDG_FK,1,TPDG_CODIGO,SYSTEM,TLL_TIPODIAG,CODIGO,NO ACTION,ENABLED
SYSTEM,TLL_ORDENTRC,ONRC_DTOR_FK,1,DTOR_DTOR_ID,SYSTEM,TLL_DETAORDEN,DTOR_ID,NO ACTION,ENABLED
SYSTEM,TLL_ORDENTRC,ONRC_ENSA_FK,1,ENSA_COMPANIA,SYSTEM,ALM_ENTRASALI,OFCN_COMPANIA,NO ACTION,ENABLED
SYSTEM,TLL_ORDENTRC,ONRC_ENSA_FK,2,ENSA_OFICINA,SYSTEM,ALM_ENTRASALI,OFCN_OFICINA,NO ACTION,ENABLED
SYSTEM,TLL_ORDENTRC,ONRC_ENSA_FK,3,ENSA_TIPODOCU,SYSTEM,ALM_ENTRASALI,TPDC_TIPODOCU,NO ACTION,ENABLED
SYSTEM,TLL_ORDENTRC,ONRC_ENSA_FK,4,ENSA_NUMERO,SYSTEM,ALM_ENTRASALI,NUMERO,NO ACTION,ENABLED
SYSTEM,TLL_ORDENTRC,ONRC_ORTB_FK,1,ORTB_ORDEN,SYSTEM,TLL_ORDETRAB,ORDEN,NO ACTION,ENABLED
SYSTEM,TLL_ORDENTRC,ONRC_ORTB_FK,2,ORTB_COMPANIA,SYSTEM,TLL_ORDETRAB,OFCN_COMPANIA,NO ACTION,ENABLED
SYSTEM,TLL_ORDENTRC,ONRC_ORTB_FK,3,ORTB_OFICINA,SYSTEM,TLL_ORDETRAB,OFCN_OFICINA,NO ACTION,ENABLED
SYSTEM,TLL_ORDETRAB,ORTB_CDT_FK,1,CDT_CDT_ID,SYSTEM,CLI_CONDUCTR,CDT_ID,NO ACTION,ENABLED
SYSTEM,TLL_ORDETRAB,ORTB_EGEN_FK,1,EGEN_ESTADO,SYSTEM,GEN_ESTADOS,ESTADO,NO ACTION,ENABLED
SYSTEM,TLL_ORDETRAB,ORTB_ORTB_FK,1,ORTB_ORDEN,SYSTEM,TLL_ORDETRAB,ORDEN,NO ACTION,ENABLED
SYSTEM,TLL_ORDETRAB,ORTB_ORTB_FK,2,ORTB_COMPANIA,SYSTEM,TLL_ORDETRAB,OFCN_COMPANIA,NO ACTION,ENABLED
SYSTEM,TLL_ORDETRAB,ORTB_ORTB_FK,3,ORTB_OFICINA,SYSTEM,TLL_ORDETRAB,OFCN_OFICINA,NO ACTION,ENABLED
SYSTEM,TLL_ORDETRAB,ORTB_TPDG_FK,1,TPDG_CODIGO,SYSTEM,TLL_TIPODIAG,CODIGO,NO ACTION,ENABLED
SYSTEM,TLL_ORDETRAB,ORTB_TPTB_FK,1,TPTB_TP,SYSTEM,TLL_TPORDTRA,TP,NO ACTION,ENABLED
SYSTEM,TLL_ORDETRAB,ORTB_VHTL_FK,1,VHTL_PLACA,SYSTEM,TLL_VEHITALL,PLACA,NO ACTION,ENABLED
SYSTEM,TLL_ORDETRAB,ORTB_VHTL_FK,2,VHTL_COMPANIA,SYSTEM,TLL_VEHITALL,CLTE_COMPANIA,NO ACTION,ENABLED
SYSTEM,TLL_ORDETRAB,ORTB_VHTL_FK,3,VHTL_IDCLIENTE,SYSTEM,TLL_VEHITALL,CLTE_IDCLIENTE,NO ACTION,ENABLED
SYSTEM,TLL_TIEMTRAB,TMTR_DTOR_FK,1,DTOR_DTOR_ID,SYSTEM,TLL_DETAORDEN,DTOR_ID,NO ACTION,ENABLED
SYSTEM,TLL_TIEMTRAB,TMTR_EGEN_FK,1,EGEN_ESTADO,SYSTEM,GEN_ESTADOS,ESTADO,NO ACTION,ENABLED
SYSTEM,TLL_TIPODIAG,TPDG_TPDG_FK,1,TPDG_CODIGO,SYSTEM,TLL_TIPODIAG,CODIGO,NO ACTION,ENABLED
SYSTEM,TLL_TRABEXTE,TBXT_ORTB_FK,1,ORTB_ORDEN,SYSTEM,TLL_ORDETRAB,ORDEN,NO ACTION,ENABLED
SYSTEM,TLL_TRABEXTE,TBXT_ORTB_FK,2,ORTB_COMPANIA,SYSTEM,TLL_ORDETRAB,OFCN_COMPANIA,NO ACTION,ENABLED
SYSTEM,TLL_TRABEXTE,TBXT_ORTB_FK,3,ORTB_OFICINA,SYSTEM,TLL_ORDETRAB,OFCN_OFICINA,NO ACTION,ENABLED
SYSTEM,TLL_VEHITALL,VT_CLRS_FK,1,CLRS_CODIGO,SYSTEM,GEN_COLORES,CODIGO,NO ACTION,ENABLED
SYSTEM,TLL_VEHITALL,VT_MDVH_FK,1,MDVH_CODMD,SYSTEM,GEN_MODEVEHI,CODMD,NO ACTION,ENABLED
SYSTEM,TLL_VEHITALL,VT_MDVH_FK,2,MDVH_CODMR,SYSTEM,GEN_MODEVEHI,MRVH_CODMR,NO ACTION,ENABLED
SYSTEM,TLL_VEHITALL,VT_TPCB_FK,1,TPCB_CODIGO,SYSTEM,TLL_TIPOCOMB,CODIGO,NO ACTION,ENABLED
SYSTEM,TMP_LOGISTICA,TMLG_DLGT_FK,1,DLGT_ID,SYSTEM,GEN_DIAS,ID,NO ACTION,ENABLED
SYSTEM,TMP_LOGISTICA,TMLG_PRFM_FK,1,PRFM_PRFM_ID,SYSTEM,VEN_PROFORMA,PRFM_ID,NO ACTION,ENABLED
SYSTEM,VEN_ALCANCE,ALCN_GRAR_FK,1,GRAR_COMPANIA,SYSTEM,ALM_GRUPARTI,CINV_COMPANIA,NO ACTION,ENABLED
SYSTEM,VEN_ALCANCE,ALCN_GRAR_FK,2,GRAR_CLASE,SYSTEM,ALM_GRUPARTI,CINV_CLASE,NO ACTION,ENABLED
SYSTEM,VEN_ALCANCE,ALCN_GRAR_FK,3,GRAR_CODIGRUP,SYSTEM,ALM_GRUPARTI,CODIGRUP,NO ACTION,ENABLED
SYSTEM,VEN_ALCANCE,ALCN_VNDR_FK,1,VNDR_COMPANIA,SYSTEM,VEN_VENDCOBR,OFCN_COMPANIA,NO ACTION,ENABLED
SYSTEM,VEN_ALCANCE,ALCN_VNDR_FK,2,VNDR_OFICINA,SYSTEM,VEN_VENDCOBR,OFCN_OFICINA,NO ACTION,ENABLED
SYSTEM,VEN_ALCANCE,ALCN_VNDR_FK,3,VNDR_CODIGO,SYSTEM,VEN_VENDCOBR,CODIGO,NO ACTION,ENABLED
SYSTEM,VEN_BONOPREM,BNPR_PRPG_FK,1,PRPG_CODIPERI,SYSTEM,GEN_PERIPAGO,CODIPERI,NO ACTION,ENABLED
SYSTEM,VEN_BONOPREM,BNPR_VNDR_FK,1,VNDR_COMPANIA,SYSTEM,VEN_VENDCOBR,OFCN_COMPANIA,NO ACTION,ENABLED
SYSTEM,VEN_BONOPREM,BNPR_VNDR_FK,2,VNDR_OFICINA,SYSTEM,VEN_VENDCOBR,OFCN_OFICINA,NO ACTION,ENABLED
SYSTEM,VEN_BONOPREM,BNPR_VNDR_FK,3,VNDR_CODIGO,SYSTEM,VEN_VENDCOBR,CODIGO,NO ACTION,ENABLED
SYSTEM,VEN_COBERTURA,CBTR_CANT_FK,1,CANT_CODICANT,SYSTEM,GEN_CANTON,CODICANT,NO ACTION,ENABLED
SYSTEM,VEN_COBERTURA,CBTR_CANT_FK,2,CANT_CODIPROV,SYSTEM,GEN_CANTON,PVCA_CODIPROV,NO ACTION,ENABLED
SYSTEM,VEN_COBERTURA,CBTR_SECT_FK,1,SECT_CODIGO,SYSTEM,GEN_SECTOR,CODIGO,NO ACTION,ENABLED
SYSTEM,VEN_COBERTURA,CBTR_ZONA_FK,1,ZONA_CODIZONA,SYSTEM,VEN_ZONAS,CODIZONA,NO ACTION,ENABLED
SYSTEM,VEN_COMISION,CMSN_CLCM_FK,1,CLCM_CODIGO,SYSTEM,RHH_CLACCOMI,CODIGO,NO ACTION,ENABLED
SYSTEM,VEN_COMISION,CMSN_EGEN_FK,1,EGEN_ESTADO,SYSTEM,GEN_ESTADOS,ESTADO,NO ACTION,ENABLED
SYSTEM,VEN_COMISION,CMSN_VNDR_FK,1,VNDR_COMPANIA,SYSTEM,VEN_VENDCOBR,OFCN_COMPANIA,NO ACTION,ENABLED
SYSTEM,VEN_COMISION,CMSN_VNDR_FK,2,VNDR_OFICINA,SYSTEM,VEN_VENDCOBR,OFCN_OFICINA,NO ACTION,ENABLED
SYSTEM,VEN_COMISION,CMSN_VNDR_FK,3,VNDR_CODIGO,SYSTEM,VEN_VENDCOBR,CODIGO,NO ACTION,ENABLED
SYSTEM,VEN_COMISION,CMSN_VNTA_FK,1,VNTA_COMPANIA,SYSTEM,VEN_VENTAS,OFCN_COMPANIA,NO ACTION,ENABLED
SYSTEM,VEN_COMISION,CMSN_VNTA_FK,2,VNTA_OFICINA,SYSTEM,VEN_VENTAS,OFCN_OFICINA,NO ACTION,ENABLED
SYSTEM,VEN_COMISION,CMSN_VNTA_FK,3,VNTA_SERIE,SYSTEM,VEN_VENTAS,SERIE,NO ACTION,ENABLED
SYSTEM,VEN_COMISION,CMSN_VNTA_FK,4,VNTA_NUMERO,SYSTEM,VEN_VENTAS,NUMERO,NO ACTION,ENABLED
SYSTEM,VEN_COMISION,CMSN_VNTA_FK,5,VNTA_TIPOCOMP,SYSTEM,VEN_VENTAS,TPCM_TIPOCOMP,NO ACTION,ENABLED
SYSTEM,VEN_DATSPLAN,DAPL_PLVI_FK,1,PLVI,SYSTEM,VEN_PLANVISI,PLVI,NO ACTION,ENABLED
SYSTEM,VEN_DATSPLAN,DAPL_VNDR_FK,1,VNDR_CMPN,SYSTEM,VEN_VENDCOBR,OFCN_COMPANIA,NO ACTION,ENABLED
SYSTEM,VEN_DATSPLAN,DAPL_VNDR_FK,2,VNDR_OFCN,SYSTEM,VEN_VENDCOBR,OFCN_OFICINA,NO ACTION,ENABLED
SYSTEM,VEN_DATSPLAN,DAPL_VNDR_FK,3,VNDR_CODIGO,SYSTEM,VEN_VENDCOBR,CODIGO,NO ACTION,ENABLED
SYSTEM,VEN_DETAFLET,DTFL_CANT_FK,1,CANT_CODICANT,SYSTEM,GEN_CANTON,CODICANT,NO ACTION,ENABLED
SYSTEM,VEN_DETAFLET,DTFL_CANT_FK,2,CANT_CODIPROV,SYSTEM,GEN_CANTON,PVCA_CODIPROV,NO ACTION,ENABLED
SYSTEM,VEN_DETAFLET,DTFL_SRFL_FK,1,SRFL_COMPANIA,SYSTEM,GEN_SERVFLET,OFCN_COMPANIA,NO ACTION,ENABLED
SYSTEM,VEN_DETAFLET,DTFL_SRFL_FK,2,SRFL_OFICINA,SYSTEM,GEN_SERVFLET,OFCN_OFICINA,NO ACTION,ENABLED
SYSTEM,VEN_DETAFLET,DTFL_SRFL_FK,3,SRFL_CODIFLET,SYSTEM,GEN_SERVFLET,CODIFLET,NO ACTION,ENABLED
SYSTEM,VEN_DETAPROD,DPR_DPR_FK,1,DPR_DPR_ID,SYSTEM,VEN_DETAPROD,DPR_ID,NO ACTION,ENABLED
SYSTEM,VEN_DETAPROD,DPR_NCCL_FK,1,NCCL_COMPANIA,SYSTEM,VEN_NOTACRED,OFCN_COMPANIA,NO ACTION,ENABLED
SYSTEM,VEN_DETAPROD,DPR_NCCL_FK,2,NCCL_OFICINA,SYSTEM,VEN_NOTACRED,OFCN_OFICINA,NO ACTION,ENABLED
SYSTEM,VEN_DETAPROD,DPR_NCCL_FK,3,NCCL_SERIE,SYSTEM,VEN_NOTACRED,SERIE,NO ACTION,ENABLED
SYSTEM,VEN_DETAPROD,DPR_NCCL_FK,4,NCCL_NUMERO,SYSTEM,VEN_NOTACRED,NUMERO,NO ACTION,ENABLED
SYSTEM,VEN_DETAPROD,DPR_VNTA_FK,1,VNTA_COMPANIA,SYSTEM,VEN_VENTAS,OFCN_COMPANIA,NO ACTION,ENABLED
SYSTEM,VEN_DETAPROD,DPR_VNTA_FK,2,VNTA_OFICINA,SYSTEM,VEN_VENTAS,OFCN_OFICINA,NO ACTION,ENABLED
SYSTEM,VEN_DETAPROD,DPR_VNTA_FK,3,VNTA_SERIE,SYSTEM,VEN_VENTAS,SERIE,NO ACTION,ENABLED
SYSTEM,VEN_DETAPROD,DPR_VNTA_FK,4,VNTA_NUMERO,SYSTEM,VEN_VENTAS,NUMERO,NO ACTION,ENABLED
SYSTEM,VEN_DETAPROD,DPR_VNTA_FK,5,VNTA_TIPOCOMP,SYSTEM,VEN_VENTAS,TPCM_TIPOCOMP,NO ACTION,ENABLED
SYSTEM,VEN_DETAPROF,DPRF_DPRF_FK,1,DPRF_DPRF_ID,SYSTEM,VEN_DETAPROF,DPRF_ID,NO ACTION,ENABLED
SYSTEM,VEN_DETAPROF,DPRF_PRFM_FK,1,PRFM_PRFM_ID,SYSTEM,VEN_PROFORMA,PRFM_ID,NO ACTION,ENABLED
SYSTEM,VEN_DETAPROF,DPRF_RCTA_FK,1,RCTA_RCTA_ID,SYSTEM,CST_RECETA,RCTA_ID,NO ACTION,ENABLED
SYSTEM,VEN_DETAPROF,DPRF_SECC_FK,1,SECC_COMPANIA,SYSTEM,ALM_SECCFISC,BDGA_COMPANIA,NO ACTION,ENABLED
SYSTEM,VEN_DETAPROF,DPRF_SECC_FK,2,SECC_OFICINA,SYSTEM,ALM_SECCFISC,BDGA_OFICINA,NO ACTION,ENABLED
SYSTEM,VEN_DETAPROF,DPRF_SECC_FK,3,SECC_CODIBODE,SYSTEM,ALM_SECCFISC,BDGA_CODIBODE,NO ACTION,ENABLED
SYSTEM,VEN_DETAPROF,DPRF_SECC_FK,4,SECC_CODISECC,SYSTEM,ALM_SECCFISC,CODISECC,NO ACTION,ENABLED
SYSTEM,VEN_DETAPROF,DPRF_UMED_FK,1,UMED_UNIDMEDI,SYSTEM,ALM_UNIDMEDI,UNIDMEDI,NO ACTION,ENABLED
SYSTEM,VEN_DETAPROF,DPRF_UMED_FK2,1,UMED_UNIDMEDI_CAJA,SYSTEM,ALM_UNIDMEDI,UNIDMEDI,NO ACTION,ENABLED
SYSTEM,VEN_DETARTPR,DTPR_LNEA_FK,1,LNEA_CODLINEA,SYSTEM,ALM_LINEAS,CODLINEA,NO ACTION,ENABLED
SYSTEM,VEN_DETARTPR,DTPR_LNEA_FK,2,LNEA_COMPANIA,SYSTEM,ALM_LINEAS,CMPN_COMPANIA,NO ACTION,ENABLED
SYSTEM,VEN_DETARTPR,DTPR_VEXI_FK,1,VEXI_VEXI_ID,SYSTEM,ALM_VRFCEXIS,VEXI_ID,NO ACTION,ENABLED
SYSTEM,VEN_EXPORTAC,EXPT_AGNT_FK,1,AGNT_CODIGO,SYSTEM,IMP_AGENTE,CODIGO,NO ACTION,ENABLED
SYSTEM,VEN_EXPORTAC,EXPT_DADU_FK,1,DADU_CODIGO,SYSTEM,IMP_DISTRADUA,CODIGO,NO ACTION,ENABLED
SYSTEM,VEN_EXPORTAC,EXPT_EMBA_FK,1,EMBA_CODIGO,SYSTEM,IMP_EMBACARD,CODIGO,NO ACTION,ENABLED
SYSTEM,VEN_EXPORTAC,EXPT_INCT_FK,1,INCT_CODIGO,SYSTEM,IMP_INCOTERMS,CODIGO,NO ACTION,ENABLED
SYSTEM,VEN_EXPORTAC,EXPT_LAER_FK,1,LAER_CODIGO,SYSTEM,VEN_LINEAREA,CODIGO,NO ACTION,ENABLED
SYSTEM,VEN_EXPORTAC,EXPT_RGMN_FK,1,RGMN_CODIGO,SYSTEM,IMP_REGIMSRI,CODIGO,NO ACTION,ENABLED
SYSTEM,VEN_EXPORTAC,EXPT_TPIE_FK,1,TPIE_TIPOIMEX,SYSTEM,IMP_TIPOIMPEXP,TIPOIMEX,NO ACTION,ENABLED
SYSTEM,VEN_EXPORTAC,EXPT_VERI_FK,1,VERI_CODIGO,SYSTEM,IMP_VERIFICADO,CODIGO,NO ACTION,ENABLED
SYSTEM,VEN_EXPORTAC,EXPT_VNTA_FK,1,VNTA_COMPANIA,SYSTEM,VEN_VENTAS,OFCN_COMPANIA,NO ACTION,ENABLED
SYSTEM,VEN_EXPORTAC,EXPT_VNTA_FK,2,VNTA_OFICINA,SYSTEM,VEN_VENTAS,OFCN_OFICINA,NO ACTION,ENABLED
SYSTEM,VEN_EXPORTAC,EXPT_VNTA_FK,3,VNTA_SERIE,SYSTEM,VEN_VENTAS,SERIE,NO ACTION,ENABLED
SYSTEM,VEN_EXPORTAC,EXPT_VNTA_FK,4,VNTA_NUMERO,SYSTEM,VEN_VENTAS,NUMERO,NO ACTION,ENABLED
SYSTEM,VEN_EXPORTAC,EXPT_VNTA_FK,5,VNTA_TIPOCOMP,SYSTEM,VEN_VENTAS,TPCM_TIPOCOMP,NO ACTION,ENABLED
SYSTEM,VEN_EXPORTAC,EXPT_ZNAE_DEST_FK,1,ZNAE_CODIPAIS_DEST,SYSTEM,IMP_ZONAEMBA,PAIS_CODIPAIS,NO ACTION,ENABLED
SYSTEM,VEN_EXPORTAC,EXPT_ZNAE_DEST_FK,2,ZNAE_CODIGO_DEST,SYSTEM,IMP_ZONAEMBA,CODIGO,NO ACTION,ENABLED
SYSTEM,VEN_EXPORTAC,EXPT_ZNAE_ORI_FK,1,ZNAE_CODIPAIS_ORI,SYSTEM,IMP_ZONAEMBA,PAIS_CODIPAIS,NO ACTION,ENABLED
SYSTEM,VEN_EXPORTAC,EXPT_ZNAE_ORI_FK,2,ZNAE_CODIGO_ORI,SYSTEM,IMP_ZONAEMBA,CODIGO,NO ACTION,ENABLED
SYSTEM,VEN_GRPOVENT,GRVN_CDT_FK,1,CDT_CDT_ID,SYSTEM,CLI_CONDUCTR,CDT_ID,NO ACTION,ENABLED
SYSTEM,VEN_GRPOVENT,GRVN_PRFM_FK,1,PRFM_PRFM_ID,SYSTEM,VEN_PROFORMA,PRFM_ID,NO ACTION,ENABLED
SYSTEM,VEN_GRPOVENT,GRVN_VHCL_FK,1,VHCL_VHCL_ID,SYSTEM,CLI_VEHICULO,VHCL_ID,NO ACTION,ENABLED
SYSTEM,VEN_GRUPOS,GRPS_VNDR_FK,1,VNDR_COMPANIA,SYSTEM,VEN_VENDCOBR,OFCN_COMPANIA,NO ACTION,ENABLED
SYSTEM,VEN_GRUPOS,GRPS_VNDR_FK,2,VNDR_OFICINA,SYSTEM,VEN_VENDCOBR,OFCN_OFICINA,NO ACTION,ENABLED
SYSTEM,VEN_GRUPOS,GRPS_VNDR_FK,3,VNDR_CODIGO,SYSTEM,VEN_VENDCOBR,CODIGO,NO ACTION,ENABLED
SYSTEM,VEN_IPSRADIUS,IPSR_NRED_FK,1,NRED_PREFIJO,SYSTEM,VEN_NODORED,PRFJ_PREFIJO,NO ACTION,ENABLED
SYSTEM,VEN_IPSRADIUS,IPSR_NRED_FK,2,NRED_TIPO,SYSTEM,VEN_NODORED,PRFJ_TIPO,NO ACTION,ENABLED
SYSTEM,VEN_IPSRADIUS,IPSR_NRED_FK,3,NRED_IDNODO,SYSTEM,VEN_NODORED,RNDO_IDNODO,NO ACTION,ENABLED
SYSTEM,VEN_IPSRADIUS,IPSR_NRED_FK,4,NRED_RED,SYSTEM,VEN_NODORED,RED,NO ACTION,ENABLED
SYSTEM,VEN_IPSV6RADIUS,IPV6_NRED_FK,1,NRED_PREFIJO,SYSTEM,VEN_NODORED,PRFJ_PREFIJO,NO ACTION,ENABLED
SYSTEM,VEN_IPSV6RADIUS,IPV6_NRED_FK,2,NRED_TIPO,SYSTEM,VEN_NODORED,PRFJ_TIPO,NO ACTION,ENABLED
SYSTEM,VEN_IPSV6RADIUS,IPV6_NRED_FK,3,NRED_IDNODO,SYSTEM,VEN_NODORED,RNDO_IDNODO,NO ACTION,ENABLED
SYSTEM,VEN_IPSV6RADIUS,IPV6_NRED_FK,4,NRED_RED,SYSTEM,VEN_NODORED,RED,NO ACTION,ENABLED
SYSTEM,VEN_LISTLINE,LTLN_LNEA_FK,1,LNEA_CODLINEA,SYSTEM,ALM_LINEAS,CODLINEA,NO ACTION,ENABLED
SYSTEM,VEN_LISTLINE,LTLN_LNEA_FK,2,LNEA_COMPANIA,SYSTEM,ALM_LINEAS,CMPN_COMPANIA,NO ACTION,ENABLED
SYSTEM,VEN_LOGRADIUS,LRDS_IPSR_FK,1,IPSR_CODIGOIP,SYSTEM,VEN_IPSRADIUS,CODIGOIP,NO ACTION,ENABLED
SYSTEM,VEN_LOGRADIUS,LRDS_IPV6_FK,1,IPV6_CODIGOIP,SYSTEM,VEN_IPSV6RADIUS,CODIGOIP,NO ACTION,ENABLED
SYSTEM,VEN_LOGRADIUS,LRDS_PRFM_FK,1,PRFM_PRFM_ID,SYSTEM,VEN_PROFORMA,PRFM_ID,NO ACTION,ENABLED
SYSTEM,VEN_LOGRADIUS,LRDS_VSMT_FK,1,VSMT_OLT,SYSTEM,VEN_SEGMENTO,OLT,NO ACTION,ENABLED
SYSTEM,VEN_MNSAVISI,MNVI_RTVI_FK,1,RTVI,SYSTEM,VEN_RUTEVISI,RTVI,NO ACTION,ENABLED
SYSTEM,VEN_NODORED,NRED_PRFJ_FK,1,PRFJ_PREFIJO,SYSTEM,VEN_PREFIJO,PREFIJO,NO ACTION,ENABLED
SYSTEM,VEN_NODORED,NRED_PRFJ_FK,2,PRFJ_TIPO,SYSTEM,VEN_PREFIJO,TIPO,NO ACTION,ENABLED
SYSTEM,VEN_NODORED,NRED_RNDO_FK,1,RNDO_IDNODO,SYSTEM,VEN_NODORADIUS,IDNODO,NO ACTION,ENABLED
SYSTEM,VEN_NOTACRED,NCCL_ASTO_FK,1,ASTO_COMPANIA,SYSTEM,CNT_ASIENTO,CMPN_COMPANIA,NO ACTION,ENABLED
SYSTEM,VEN_NOTACRED,NCCL_ASTO_FK,2,ASTO_NUMEDIAR,SYSTEM,CNT_ASIENTO,NUMEDIAR,NO ACTION,ENABLED
SYSTEM,VEN_NOTACRED,NCCL_EGEN_FK,1,EGEN_ESTADO,SYSTEM,GEN_ESTADOS,ESTADO,NO ACTION,ENABLED
SYSTEM,VEN_NOTADEBI,NODE_ASTO_FK,1,ASTO_COMPANIA,SYSTEM,CNT_ASIENTO,CMPN_COMPANIA,NO ACTION,ENABLED
SYSTEM,VEN_NOTADEBI,NODE_ASTO_FK,2,ASTO_NUMEDIAR,SYSTEM,CNT_ASIENTO,NUMEDIAR,NO ACTION,ENABLED
SYSTEM,VEN_NOTADEBI,NODE_EGEN_FK,1,EGEN_ESTADO,SYSTEM,GEN_ESTADOS,ESTADO,NO ACTION,ENABLED
SYSTEM,VEN_NOTADEBI,NODE_RBAN_FK,1,RBAN_RBAN_ID,SYSTEM,CLI_REFERBANC,RBAN_ID,NO ACTION,ENABLED
SYSTEM,VEN_PASARELA,PSPG_PLPP_FK,1,PLPP_PLPP_ID,SYSTEM,VEN_PLANPAGO,PLPP_ID,NO ACTION,ENABLED
SYSTEM,VEN_PLANCOBR,PLCB_BANC_FK,1,BANC_IDBANCO,SYSTEM,GEN_BANCOS,IDBANCO,NO ACTION,ENABLED
SYSTEM,VEN_PLANCOBR,PLCB_CCPT_FK,1,CCPT_TIPOCAPI,SYSTEM,PRT_CLASCAPI,TIPOCAPI,NO ACTION,ENABLED
SYSTEM,VEN_PLANCOBR,PLCB_EGEN_FK,1,EGEN_ESTADO,SYSTEM,GEN_ESTADOS,ESTADO,NO ACTION,ENABLED
SYSTEM,VEN_PLANCOBR,PLCB_FRPG_FK,1,FRPG_FORMPAGO,SYSTEM,GEN_FORMPAGO,FORMPAGO,NO ACTION,ENABLED
SYSTEM,VEN_PLANCOBR,PLCB_OTRC_FK,1,OTRC_OTRC_ID,SYSTEM,COB_OTRODEBI,OTRC_ID,NO ACTION,ENABLED
SYSTEM,VEN_PLANCOBR,PLCB_PRTM_FK,1,PRTM_COMPANIA,SYSTEM,PRT_PRESTAMOS,OFCN_COMPANIA,NO ACTION,ENABLED
SYSTEM,VEN_PLANCOBR,PLCB_PRTM_FK,2,PRTM_OFICINA,SYSTEM,PRT_PRESTAMOS,OFCN_OFICINA,NO ACTION,ENABLED
SYSTEM,VEN_PLANCOBR,PLCB_PRTM_FK,3,PRTM_TIPODOCU,SYSTEM,PRT_PRESTAMOS,TPDC_TIPODOCU,NO ACTION,ENABLED
SYSTEM,VEN_PLANCOBR,PLCB_PRTM_FK,4,PRTM_NUMERO,SYSTEM,PRT_PRESTAMOS,NUMERO,NO ACTION,ENABLED
SYSTEM,VEN_PLANCOBR,PLCB_VNTA_FK,1,VNTA_COMPANIA,SYSTEM,VEN_VENTAS,OFCN_COMPANIA,NO ACTION,ENABLED
SYSTEM,VEN_PLANCOBR,PLCB_VNTA_FK,2,VNTA_OFICINA,SYSTEM,VEN_VENTAS,OFCN_OFICINA,NO ACTION,ENABLED
SYSTEM,VEN_PLANCOBR,PLCB_VNTA_FK,3,VNTA_SERIE,SYSTEM,VEN_VENTAS,SERIE,NO ACTION,ENABLED
SYSTEM,VEN_PLANCOBR,PLCB_VNTA_FK,4,VNTA_NUMERO,SYSTEM,VEN_VENTAS,NUMERO,NO ACTION,ENABLED
SYSTEM,VEN_PLANCOBR,PLCB_VNTA_FK,5,VNTA_TIPOCOMP,SYSTEM,VEN_VENTAS,TPCM_TIPOCOMP,NO ACTION,ENABLED
SYSTEM,VEN_PLANPAGO,PLPP_EGEN_FK,1,EGEN_ESTADO,SYSTEM,GEN_ESTADOS,ESTADO,NO ACTION,ENABLED
SYSTEM,VEN_PLANPAGO,PLPP_PRFM_FK,1,PRFM_PRFM_ID,SYSTEM,VEN_PROFORMA,PRFM_ID,NO ACTION,ENABLED
SYSTEM,VEN_PORCOMIC,PCCM_VNDR_FK,1,VNDR_COMPANIA,SYSTEM,VEN_VENDCOBR,OFCN_COMPANIA,NO ACTION,ENABLED
SYSTEM,VEN_PORCOMIC,PCCM_VNDR_FK,2,VNDR_OFICINA,SYSTEM,VEN_VENDCOBR,OFCN_OFICINA,NO ACTION,ENABLED
SYSTEM,VEN_PORCOMIC,PCCM_VNDR_FK,3,VNDR_CODIGO,SYSTEM,VEN_VENDCOBR,CODIGO,NO ACTION,ENABLED
SYSTEM,VEN_PRESUVEN,PRVT_LNEA_FK,1,LNEA_CODLINEA,SYSTEM,ALM_LINEAS,CODLINEA,NO ACTION,ENABLED
SYSTEM,VEN_PRESUVEN,PRVT_LNEA_FK,2,LNEA_COMPANIA,SYSTEM,ALM_LINEAS,CMPN_COMPANIA,NO ACTION,ENABLED
SYSTEM,VEN_PRESUVEN,PRVT_VNDR_FK,1,VNDR_COMPANIA,SYSTEM,VEN_VENDCOBR,OFCN_COMPANIA,NO ACTION,ENABLED
SYSTEM,VEN_PRESUVEN,PRVT_VNDR_FK,2,VNDR_OFICINA,SYSTEM,VEN_VENDCOBR,OFCN_OFICINA,NO ACTION,ENABLED
SYSTEM,VEN_PRESUVEN,PRVT_VNDR_FK,3,VNDR_CODIGO,SYSTEM,VEN_VENDCOBR,CODIGO,NO ACTION,ENABLED
SYSTEM,VEN_PROFEXPO,PREX_AGNT_FK,1,AGNT_CODIGO,SYSTEM,IMP_AGENTE,CODIGO,NO ACTION,ENABLED
SYSTEM,VEN_PROFEXPO,PREX_DADU_FK,1,DADU_CODIGO,SYSTEM,IMP_DISTRADUA,CODIGO,NO ACTION,ENABLED
SYSTEM,VEN_PROFEXPO,PREX_EMBA_FK,1,EMBA_CODIGO,SYSTEM,IMP_EMBACARD,CODIGO,NO ACTION,ENABLED
SYSTEM,VEN_PROFEXPO,PREX_INCT_FK,1,INCT_CODIGO,SYSTEM,IMP_INCOTERMS,CODIGO,NO ACTION,ENABLED
SYSTEM,VEN_PROFEXPO,PREX_LAER_FK,1,LAER_CODIGO,SYSTEM,VEN_LINEAREA,CODIGO,NO ACTION,ENABLED
SYSTEM,VEN_PROFEXPO,PREX_PRFM_FK,1,PRFM_PRFM_ID,SYSTEM,VEN_PROFORMA,PRFM_ID,NO ACTION,ENABLED
SYSTEM,VEN_PROFEXPO,PREX_RGMN_FK,1,RGMN_CODIGO,SYSTEM,IMP_REGIMSRI,CODIGO,NO ACTION,ENABLED
SYSTEM,VEN_PROFEXPO,PREX_TPIE_FK,1,TPIE_TIPOIMEX,SYSTEM,IMP_TIPOIMPEXP,TIPOIMEX,NO ACTION,ENABLED
SYSTEM,VEN_PROFEXPO,PREX_VERI_FK,1,VERI_CODIGO,SYSTEM,IMP_VERIFICADO,CODIGO,NO ACTION,ENABLED
SYSTEM,VEN_PROFEXPO,PREX_ZNAE_DEST_FK,1,ZNAE_CODIPAIS_DEST,SYSTEM,IMP_ZONAEMBA,PAIS_CODIPAIS,NO ACTION,ENABLED
SYSTEM,VEN_PROFEXPO,PREX_ZNAE_DEST_FK,2,ZNAE_CODIGO_DEST,SYSTEM,IMP_ZONAEMBA,CODIGO,NO ACTION,ENABLED
SYSTEM,VEN_PROFEXPO,PREX_ZNAE_ORI_FK,1,ZNAE_CODIPAIS_ORI,SYSTEM,IMP_ZONAEMBA,PAIS_CODIPAIS,NO ACTION,ENABLED
SYSTEM,VEN_PROFEXPO,PREX_ZNAE_ORI_FK,2,ZNAE_CODIGO_ORI,SYSTEM,IMP_ZONAEMBA,CODIGO,NO ACTION,ENABLED
SYSTEM,VEN_PROFORMA,PRFM_DIDE_FK,1,DIDE_DIDE_ID,SYSTEM,CLI_DIASDESC,DIDE_ID,NO ACTION,ENABLED
SYSTEM,VEN_PROFORMA,PRFM_EGEN_FK,1,EGEN_ESTADO,SYSTEM,GEN_ESTADOS,ESTADO,NO ACTION,ENABLED
SYSTEM,VEN_PROFORMA,PRFM_FRPG_FK,1,FRPG_FORMPAGO,SYSTEM,GEN_FORMPAGO,FORMPAGO,NO ACTION,ENABLED
SYSTEM,VEN_PROFORMA,PRFM_GRPS_FK,1,GRPS_COMPANIA,SYSTEM,VEN_GRUPOS,CLTE_COMPANIA,NO ACTION,ENABLED
SYSTEM,VEN_PROFORMA,PRFM_GRPS_FK,2,GRPS_IDCLIENTE,SYSTEM,VEN_GRUPOS,CLTE_IDCLIENTE,NO ACTION,ENABLED
SYSTEM,VEN_PROFORMA,PRFM_GRPS_FK,3,VNDR_COMPANIA,SYSTEM,VEN_GRUPOS,VNDR_COMPANIA,NO ACTION,ENABLED
SYSTEM,VEN_PROFORMA,PRFM_GRPS_FK,4,VNDR_OFICINA,SYSTEM,VEN_GRUPOS,VNDR_OFICINA,NO ACTION,ENABLED
SYSTEM,VEN_PROFORMA,PRFM_GRPS_FK,5,VNDR_CODIGO,SYSTEM,VEN_GRUPOS,VNDR_CODIGO,NO ACTION,ENABLED
SYSTEM,VEN_PROFORMA,PRFM_GRPS_FK,6,GRPS_LSPR_ID,SYSTEM,VEN_GRUPOS,LSPR_LSPR_ID,NO ACTION,ENABLED
SYSTEM,VEN_PROFORMA,PRFM_MASC_FK,1,MASC_IDMASCOT,SYSTEM,CLI_MASCOTA,IDMASCOT,NO ACTION,ENABLED
SYSTEM,VEN_PROFORMA,PRFM_MONE_FK,1,MONE_MONEDA,SYSTEM,GEN_MONEDA,MONEDA,NO ACTION,ENABLED
SYSTEM,VEN_PROFORMA,PRFM_PRFM_FK,1,PRFM_PRFM_ID,SYSTEM,VEN_PROFORMA,PRFM_ID,NO ACTION,ENABLED
SYSTEM,VEN_PROFORMA,PRFM_PRFM_RNV_FK,1,PRFM_PRFM_ID_RNV,SYSTEM,VEN_PROFORMA,PRFM_ID,NO ACTION,ENABLED
SYSTEM,VEN_PROFORMA,PRFM_PRPG_FK,1,PRPG_CODIPERI,SYSTEM,GEN_PERIPAGO,CODIPERI,NO ACTION,ENABLED
SYSTEM,VEN_PROFORMA,PRFM_RBAN_FK,1,RBAN_RBAN_ID,SYSTEM,CLI_REFERBANC,RBAN_ID,NO ACTION,ENABLED
SYSTEM,VEN_PROFORMA,PRFM_TACC_FK,1,TACC_TIPOACCE,SYSTEM,VEN_TIPOACC,TIPOACCE,NO ACTION,ENABLED
SYSTEM,VEN_PROFORMA,PRFM_TPDC_FK,1,TPDC_TIPODOCU,SYSTEM,GEN_TIPODOCU,TIPODOCU,NO ACTION,ENABLED
SYSTEM,VEN_PROFORMA,PRFM_TPIN_FK,1,TPIN_TIPOINST,SYSTEM,VEN_TIPOINST,TIPOINST,NO ACTION,ENABLED
SYSTEM,VEN_PROFORMA,PRFM_TPLN_FK,1,TPLN_TIPOPLAN,SYSTEM,VEN_TIPOPLAN,TIPOPLAN,NO ACTION,ENABLED
SYSTEM,VEN_PROMOCION,PRMO_CCLI_FK,1,CCLI_CLASE,SYSTEM,CLI_CLASCLIE,CLASE,NO ACTION,ENABLED
SYSTEM,VEN_PROMOCION,PRMO_CCLI_FK,2,CCLI_COMPANIA,SYSTEM,CLI_CLASCLIE,CMPN_COMPANIA,NO ACTION,ENABLED
SYSTEM,VEN_PROMOCION,PRMO_CTCL_FK,1,CTCL_CATEGORI,SYSTEM,CLI_CATECLIE,CATEGORI,NO ACTION,ENABLED
SYSTEM,VEN_PROMOCION,PRMO_PRMO_FK,1,PRMO_PRMO_ID,SYSTEM,VEN_PROMOCION,PRMO_ID,NO ACTION,ENABLED
SYSTEM,VEN_RANGCOMI,RGCO_CLCM_FK,1,CLCM_CODIGO,SYSTEM,RHH_CLACCOMI,CODIGO,NO ACTION,ENABLED
SYSTEM,VEN_RANGCOMI,RGCO_PRCM_FK,1,PRCM_PRCM_ID,SYSTEM,VEN_PEROCOMI,PRCM_ID,NO ACTION,ENABLED
SYSTEM,VEN_RANGCOMI,RGCO_ROL_FK,1,ROL_CARGO,SYSTEM,SEG_ROLES,CARGO,NO ACTION,ENABLED
SYSTEM,VEN_RECAUDAC,RCDN_VNDR_FK,1,VNDR_COMPANIA,SYSTEM,VEN_VENDCOBR,OFCN_COMPANIA,NO ACTION,ENABLED
SYSTEM,VEN_RECAUDAC,RCDN_VNDR_FK,2,VNDR_OFICINA,SYSTEM,VEN_VENDCOBR,OFCN_OFICINA,NO ACTION,ENABLED
SYSTEM,VEN_RECAUDAC,RCDN_VNDR_FK,3,VNDR_CODIGO,SYSTEM,VEN_VENDCOBR,CODIGO,NO ACTION,ENABLED
SYSTEM,VEN_RUTEVISI,RTVI_CAVI_FK,1,CAVI_CODIGO,SYSTEM,VEN_CASOVISI,CODIGO,NO ACTION,ENABLED
SYSTEM,VEN_RUTEVISI,RTVI_EGEN_FK,1,EGEN_ESTADO,SYSTEM,GEN_ESTADOS,ESTADO,NO ACTION,ENABLED
SYSTEM,VEN_RUTEVISI,RTVI_RTVI_FK,1,RTVI_RTVI,SYSTEM,VEN_RUTEVISI,RTVI,NO ACTION,ENABLED
SYSTEM,VEN_RUTEVISI,RTVI_VNDR_FK,1,VNDR_COMPANIA,SYSTEM,VEN_VENDCOBR,OFCN_COMPANIA,NO ACTION,ENABLED
SYSTEM,VEN_RUTEVISI,RTVI_VNDR_FK,2,VNDR_OFICINA,SYSTEM,VEN_VENDCOBR,OFCN_OFICINA,NO ACTION,ENABLED
SYSTEM,VEN_RUTEVISI,RTVI_VNDR_FK,3,VNDR_CODIGO,SYSTEM,VEN_VENDCOBR,CODIGO,NO ACTION,ENABLED
SYSTEM,VEN_SEGMENTO,VSMT_RNDO_FK,1,RNDO_IDNODO,SYSTEM,VEN_NODORADIUS,IDNODO,NO ACTION,ENABLED
SYSTEM,VEN_TMPRETDETA,TRDT_TMRT_FK,1,TMRT_CEDURUCCL,SYSTEM,VEN_TMPRETENC,CEDURUCCL,NO ACTION,ENABLED
SYSTEM,VEN_TMPRETDETA,TRDT_TMRT_FK,2,TMRT_SERIE,SYSTEM,VEN_TMPRETENC,SERIE,NO ACTION,ENABLED
SYSTEM,VEN_TMPRETDETA,TRDT_TMRT_FK,3,TMRT_NUMERO,SYSTEM,VEN_TMPRETENC,NUMERO,NO ACTION,ENABLED
SYSTEM,VEN_TMPRETDETA,TRDT_TRET_FK,1,TRET_TIPORETE,SYSTEM,CNT_TIPORETE,TIPORETE,NO ACTION,ENABLED
SYSTEM,VEN_TMPRETENC,TMRT_EGEN_FK,1,EGEN_ESTADO,SYSTEM,GEN_ESTADOS,ESTADO,NO ACTION,ENABLED
SYSTEM,VEN_TMPRETENC,TMRT_VNTA_FK,1,VNTA_COMPANIA,SYSTEM,VEN_VENTAS,OFCN_COMPANIA,NO ACTION,ENABLED
SYSTEM,VEN_TMPRETENC,TMRT_VNTA_FK,2,VNTA_OFICINA,SYSTEM,VEN_VENTAS,OFCN_OFICINA,NO ACTION,ENABLED
SYSTEM,VEN_TMPRETENC,TMRT_VNTA_FK,3,VNTA_SERIE,SYSTEM,VEN_VENTAS,SERIE,NO ACTION,ENABLED
SYSTEM,VEN_TMPRETENC,TMRT_VNTA_FK,4,VNTA_NUMERO,SYSTEM,VEN_VENTAS,NUMERO,NO ACTION,ENABLED
SYSTEM,VEN_TMPRETENC,TMRT_VNTA_FK,5,VNTA_TIPOCOMP,SYSTEM,VEN_VENTAS,TPCM_TIPOCOMP,NO ACTION,ENABLED
SYSTEM,VEN_VENDCOBR,VNDR_TPFU_FK,1,TPFU_TIPOFUNC,SYSTEM,VEN_TIPOFUNC,TIPOFUNC,NO ACTION,ENABLED
SYSTEM,VEN_VENTAS,VNTA_ASTO_FK,1,ASTO_COMPANIA,SYSTEM,CNT_ASIENTO,CMPN_COMPANIA,NO ACTION,ENABLED
SYSTEM,VEN_VENTAS,VNTA_ASTO_FK,2,ASTO_NUMEDIAR,SYSTEM,CNT_ASIENTO,NUMEDIAR,NO ACTION,ENABLED
SYSTEM,VEN_VENTAS,VNTA_DIDE_FK,1,DIDE_DIDE_ID,SYSTEM,CLI_DIASDESC,DIDE_ID,NO ACTION,ENABLED
SYSTEM,VEN_VENTAS,VNTA_EGEN_FK,1,EGEN_ESTADO,SYSTEM,GEN_ESTADOS,ESTADO,NO ACTION,ENABLED
SYSTEM,VEN_VENTAS,VNTA_FRPG_FK,1,FRPG_FORMPAGO,SYSTEM,GEN_FORMPAGO,FORMPAGO,NO ACTION,ENABLED
SYSTEM,VEN_VENTAS,VNTA_GRPS_FK,1,GRPS_COMPANIA,SYSTEM,VEN_GRUPOS,CLTE_COMPANIA,NO ACTION,ENABLED
SYSTEM,VEN_VENTAS,VNTA_GRPS_FK,2,GRPS_IDCLIENTE,SYSTEM,VEN_GRUPOS,CLTE_IDCLIENTE,NO ACTION,ENABLED
SYSTEM,VEN_VENTAS,VNTA_GRPS_FK,3,VNDR_COMPANIA,SYSTEM,VEN_GRUPOS,VNDR_COMPANIA,NO ACTION,ENABLED
SYSTEM,VEN_VENTAS,VNTA_GRPS_FK,4,VNDR_OFICINA,SYSTEM,VEN_GRUPOS,VNDR_OFICINA,NO ACTION,ENABLED
SYSTEM,VEN_VENTAS,VNTA_GRPS_FK,5,VNDR_CODIGO,SYSTEM,VEN_GRUPOS,VNDR_CODIGO,NO ACTION,ENABLED
SYSTEM,VEN_VENTAS,VNTA_GRPS_FK,6,GRPS_LSPR_ID,SYSTEM,VEN_GRUPOS,LSPR_LSPR_ID,NO ACTION,ENABLED
SYSTEM,VEN_VENTAS,VNTA_INCN_FK,1,INCN_COMPANIA,SYSTEM,CNT_INTECONT,CMPN_COMPANIA,NO ACTION,ENABLED
SYSTEM,VEN_VENTAS,VNTA_INCN_FK,2,INCN_PRODUCTO,SYSTEM,CNT_INTECONT,PRDT_PRODUCTO,NO ACTION,ENABLED
SYSTEM,VEN_VENTAS,VNTA_INCN_FK,3,INCN_TIPODOCU,SYSTEM,CNT_INTECONT,TPDC_TIPODOCU,NO ACTION,ENABLED
SYSTEM,VEN_VENTAS,VNTA_INCN_FK,4,INCN_CODITRAN,SYSTEM,CNT_INTECONT,CODITRAN,NO ACTION,ENABLED
SYSTEM,VEN_VENTAS,VNTA_LTPR_FK,1,LTPR_CODIGO,SYSTEM,CST_LOTEPRO,CODIGO,NO ACTION,ENABLED
SYSTEM,VEN_VENTAS,VNTA_MONE_FK,1,MONE_MONEDA,SYSTEM,GEN_MONEDA,MONEDA,NO ACTION,ENABLED
SYSTEM,VEN_VENTAS,VNTA_ORTB_FK,1,ORTB_ORDEN,SYSTEM,TLL_ORDETRAB,ORDEN,NO ACTION,ENABLED
SYSTEM,VEN_VENTAS,VNTA_ORTB_FK,2,ORTB_COMPANIA,SYSTEM,TLL_ORDETRAB,OFCN_COMPANIA,NO ACTION,ENABLED
SYSTEM,VEN_VENTAS,VNTA_ORTB_FK,3,ORTB_OFICINA,SYSTEM,TLL_ORDETRAB,OFCN_OFICINA,NO ACTION,ENABLED
SYSTEM,VEN_VENTAS,VNTA_PRFM_FK,1,PRFM_PRFM_ID,SYSTEM,VEN_PROFORMA,PRFM_ID,NO ACTION,ENABLED
SYSTEM,VEN_VENTAS,VNTA_PRPG_FK,1,PRPG_CODIPERI,SYSTEM,GEN_PERIPAGO,CODIPERI,NO ACTION,ENABLED
SYSTEM,VEN_VENTAS,VNTA_SCTR_FK,1,SCTR_SECUTRAN,SYSTEM,CNT_SECUTRAN,SECUTRAN,NO ACTION,ENABLED
SYSTEM,VEN_VENTAS,VNTA_TPAG_FK,1,TPAG_CODIGO,SYSTEM,CLI_TPAGRUPA,CODIGO,NO ACTION,ENABLED
SYSTEM,VEN_VENTAS,VNTA_TPCM_FK,1,TPCM_TIPOCOMP,SYSTEM,CNT_TIPOCOMP,TIPOCOMP,NO ACTION,ENABLED
SYSTEM,VEN_VENTAS,VNTA_VNTA_FK,1,VNTA_COMPANIA,SYSTEM,VEN_VENTAS,OFCN_COMPANIA,NO ACTION,ENABLED
SYSTEM,VEN_VENTAS,VNTA_VNTA_FK,2,VNTA_OFICINA,SYSTEM,VEN_VENTAS,OFCN_OFICINA,NO ACTION,ENABLED
SYSTEM,VEN_VENTAS,VNTA_VNTA_FK,3,VNTA_SERIE,SYSTEM,VEN_VENTAS,SERIE,NO ACTION,ENABLED
SYSTEM,VEN_VENTAS,VNTA_VNTA_FK,4,VNTA_NUMERO,SYSTEM,VEN_VENTAS,NUMERO,NO ACTION,ENABLED
SYSTEM,VEN_VENTAS,VNTA_VNTA_FK,5,VNTA_TIPOCOMP,SYSTEM,VEN_VENTAS,TPCM_TIPOCOMP,NO ACTION,ENABLED
SYSTEM,VEN_VENTPERD,VNPD_VNTA_FK,1,VNTA_COMPANIA,SYSTEM,VEN_VENTAS,OFCN_COMPANIA,NO ACTION,ENABLED
SYSTEM,VEN_VENTPERD,VNPD_VNTA_FK,2,VNTA_OFICINA,SYSTEM,VEN_VENTAS,OFCN_OFICINA,NO ACTION,ENABLED
SYSTEM,VEN_VENTPERD,VNPD_VNTA_FK,3,VNTA_SERIE,SYSTEM,VEN_VENTAS,SERIE,NO ACTION,ENABLED
SYSTEM,VEN_VENTPERD,VNPD_VNTA_FK,4,VNTA_NUMERO,SYSTEM,VEN_VENTAS,NUMERO,NO ACTION,ENABLED
SYSTEM,VEN_VENTPERD,VNPD_VNTA_FK,5,VNTA_TIPOCOMP,SYSTEM,VEN_VENTAS,TPCM_TIPOCOMP,NO ACTION,ENABLED
SYSTEM,VEN_ZONAS,ZONA_ZONA_FK,1,ZONA_CODIZONA,SYSTEM,VEN_ZONAS,CODIZONA,NO ACTION,ENABLED
